{
  "num_samples": 2404,
  "duration_s": 827.6423027515411,
  "mean_power_w": 563.7380499168053,
  "max_power_w": 584.433,
  "min_power_w": 188.084,
  "p50_power_w": 572.143,
  "p95_power_w": 578.23,
  "mean_gpu_util_pct": 96.28140599001664,
  "max_gpu_util_pct": 99.0,
  "mean_gpu_mem_bw_util_pct": 49.20881863560732,
  "max_gpu_mem_bw_util_pct": 51.0,
  "mean_gpu_mem_used_gb": 159.72705078125,
  "max_gpu_mem_used_gb": 159.72705078125,
  "mean_gpu_temp_c": 85.44342762063228,
  "max_gpu_temp_c": 88.0,
  "mean_pcie_tx_mb_s": 1426.6334161488664,
  "max_pcie_tx_mb_s": 32299.98046875,
  "mean_pcie_rx_mb_s": 1444.0909413672525,
  "max_pcie_rx_mb_s": 31769.6484375,
  "mean_kv_cache_pct": 2.359357829790235,
  "max_kv_cache_pct": 2.9301793208698967,
  "p50_kv_cache_pct": 2.426554750095389,
  "p95_kv_cache_pct": 2.88439526898131,
  "mean_requests_running": 1.945091514143095,
  "max_requests_running": 2.0,
  "mean_requests_waiting": 0.0,
  "max_requests_waiting": 0.0
}