{
  "num_samples": 7836,
  "duration_s": 3529.0042762756348,
  "mean_power_w": 926.2133787646759,
  "max_power_w": 1053.518,
  "min_power_w": 84.33,
  "p50_power_w": 948.269,
  "p95_power_w": 969.779,
  "mean_gpu_util_pct": 96.9244193466054,
  "max_gpu_util_pct": 100.0,
  "mean_gpu_mem_bw_util_pct": 19.44809213884635,
  "max_gpu_mem_bw_util_pct": 37.25,
  "mean_gpu_mem_used_gb": 343.9606405183209,
  "max_gpu_mem_used_gb": 343.969482421875,
  "mean_gpu_temp_c": 87.81814701378254,
  "max_gpu_temp_c": 91.0,
  "mean_pcie_tx_mb_s": 34059.467654171254,
  "max_pcie_tx_mb_s": 100908.65234375,
  "mean_pcie_rx_mb_s": 45323.378552937764,
  "max_pcie_rx_mb_s": 147064.310546875,
  "mean_kv_cache_pct": 70.59290562171853,
  "max_kv_cache_pct": 100.0,
  "p50_kv_cache_pct": 83.0,
  "p95_kv_cache_pct": 100.0,
  "mean_requests_running": 16.755282366500193,
  "max_requests_running": 36.0,
  "mean_requests_waiting": 10.694327058522218,
  "max_requests_waiting": 23.0
}