{
  "num_samples": 335,
  "duration_s": 143.24500274658203,
  "mean_power_w": 936.4596,
  "max_power_w": 1020.12,
  "min_power_w": 374.909,
  "p50_power_w": 999.971,
  "p95_power_w": 1000.337,
  "mean_gpu_util_pct": 89.33880597014925,
  "max_gpu_util_pct": 100.0,
  "mean_gpu_mem_bw_util_pct": 40.19402985074627,
  "max_gpu_mem_bw_util_pct": 48.75,
  "mean_gpu_mem_used_gb": 326.41015625,
  "max_gpu_mem_used_gb": 326.41015625,
  "mean_gpu_temp_c": 87.03880597014926,
  "max_gpu_temp_c": 89.0,
  "mean_pcie_tx_mb_s": 24712.366674440298,
  "max_pcie_tx_mb_s": 44859.7900390625,
  "mean_pcie_rx_mb_s": 23905.87666744403,
  "max_pcie_rx_mb_s": 40479.7529296875,
  "mean_kv_cache_pct": 8.134685371525789,
  "max_kv_cache_pct": 19.418073043183092,
  "p50_kv_cache_pct": 5.67076469402692,
  "p95_kv_cache_pct": 18.67130567606844,
  "mean_requests_running": 71.80597014925372,
  "max_requests_running": 96.0,
  "mean_requests_waiting": 0.0,
  "max_requests_waiting": 0.0
}