{
  "num_samples": 383,
  "duration_s": 163.6930775642395,
  "mean_power_w": 944.3605274151436,
  "max_power_w": 1017.548,
  "min_power_w": 373.75,
  "p50_power_w": 999.965,
  "p95_power_w": 1000.073,
  "mean_gpu_util_pct": 90.80026109660574,
  "max_gpu_util_pct": 100.0,
  "mean_gpu_mem_bw_util_pct": 41.516971279373365,
  "max_gpu_mem_bw_util_pct": 49.0,
  "mean_gpu_mem_used_gb": 326.41015625,
  "max_gpu_mem_used_gb": 326.41015625,
  "mean_gpu_temp_c": 87.01566579634465,
  "max_gpu_temp_c": 89.0,
  "mean_pcie_tx_mb_s": 15932.90159921671,
  "max_pcie_tx_mb_s": 24508.0087890625,
  "mean_pcie_rx_mb_s": 14572.928134689131,
  "max_pcie_rx_mb_s": 23031.1201171875,
  "mean_kv_cache_pct": 4.614435842529331,
  "max_kv_cache_pct": 8.10624462995767,
  "p50_kv_cache_pct": 5.958227700402019,
  "p95_kv_cache_pct": 7.915309791774949,
  "mean_requests_running": 32.60052219321149,
  "max_requests_running": 40.0,
  "mean_requests_waiting": 0.0,
  "max_requests_waiting": 0.0
}