{
  "num_samples": 3422,
  "duration_s": 1469.903814315796,
  "mean_power_w": 738.7909897720631,
  "max_power_w": 1010.329,
  "min_power_w": 99.14,
  "p50_power_w": 676.729,
  "p95_power_w": 1000.125,
  "mean_gpu_util_pct": 97.63033313851548,
  "max_gpu_util_pct": 100.0,
  "mean_gpu_mem_bw_util_pct": 17.543395675043833,
  "max_gpu_mem_bw_util_pct": 52.0,
  "mean_gpu_mem_used_gb": 373.09765625,
  "max_gpu_mem_used_gb": 373.09765625,
  "mean_gpu_temp_c": 85.4208065458796,
  "max_gpu_temp_c": 91.0,
  "mean_pcie_tx_mb_s": 58007.64357837385,
  "max_pcie_tx_mb_s": 120091.8408203125,
  "mean_pcie_rx_mb_s": 48108.72088291295,
  "max_pcie_rx_mb_s": 105813.068359375,
  "mean_kv_cache_pct": 31.802576610488934,
  "max_kv_cache_pct": 48.90327220424307,
  "p50_kv_cache_pct": 34.45365875584322,
  "p95_kv_cache_pct": 47.94813016900395,
  "mean_requests_running": 28.602863822326125,
  "max_requests_running": 40.0,
  "mean_requests_waiting": 5.129748684979544,
  "max_requests_waiting": 29.0
}