{
  "num_samples": 3523,
  "duration_s": 1516.293684720993,
  "mean_power_w": 737.2916769798467,
  "max_power_w": 1000.96,
  "min_power_w": 100.024,
  "p50_power_w": 675.964,
  "p95_power_w": 975.062,
  "mean_gpu_util_pct": 97.76043145046835,
  "max_gpu_util_pct": 100.0,
  "mean_gpu_mem_bw_util_pct": 16.868365029804146,
  "max_gpu_mem_bw_util_pct": 42.0,
  "mean_gpu_mem_used_gb": 373.09765625,
  "max_gpu_mem_used_gb": 373.09765625,
  "mean_gpu_temp_c": 85.47317627022424,
  "max_gpu_temp_c": 91.0,
  "mean_pcie_tx_mb_s": 60199.450341949334,
  "max_pcie_tx_mb_s": 123040.009765625,
  "mean_pcie_rx_mb_s": 51285.94155233244,
  "max_pcie_rx_mb_s": 102064.3076171875,
  "mean_kv_cache_pct": 24.59668672645153,
  "max_kv_cache_pct": 39.122617763394466,
  "p50_kv_cache_pct": 25.329243078029485,
  "p95_kv_cache_pct": 38.547285149226894,
  "mean_requests_running": 22.217712177121772,
  "max_requests_running": 32.0,
  "mean_requests_waiting": 5.6542719273346576,
  "max_requests_waiting": 23.0
}