{
  "num_samples": 13280,
  "duration_s": 5701.511868715286,
  "mean_power_w": 851.1852509036145,
  "max_power_w": 1026.038,
  "min_power_w": 83.618,
  "p50_power_w": 854.966,
  "p95_power_w": 999.995,
  "mean_gpu_util_pct": 98.62511295180722,
  "max_gpu_util_pct": 100.0,
  "mean_gpu_mem_bw_util_pct": 14.85363328313253,
  "max_gpu_mem_bw_util_pct": 63.25,
  "mean_gpu_mem_used_gb": 373.09765625,
  "max_gpu_mem_used_gb": 373.09765625,
  "mean_gpu_temp_c": 87.49894578313253,
  "max_gpu_temp_c": 94.0,
  "mean_pcie_tx_mb_s": 56377.70011787874,
  "max_pcie_tx_mb_s": 148886.2724609375,
  "mean_pcie_rx_mb_s": 46794.759156670625,
  "max_pcie_rx_mb_s": 118862.1494140625,
  "mean_kv_cache_pct": 84.5955138684205,
  "max_kv_cache_pct": 98.15826141675656,
  "p50_kv_cache_pct": 92.69934376123696,
  "p95_kv_cache_pct": 97.9908306364617,
  "mean_requests_running": 18.725807666239927,
  "max_requests_running": 32.0,
  "mean_requests_waiting": 10.22976127720461,
  "max_requests_waiting": 29.0
}