{
  "num_samples": 552,
  "duration_s": 248.1257872581482,
  "mean_power_w": 1009.1254365942029,
  "max_power_w": 1133.616,
  "min_power_w": 376.276,
  "p50_power_w": 1107.258,
  "p95_power_w": 1129.593,
  "mean_gpu_util_pct": 94.04528985507247,
  "max_gpu_util_pct": 100.0,
  "mean_gpu_mem_bw_util_pct": 31.923460144927535,
  "max_gpu_mem_bw_util_pct": 42.0,
  "mean_gpu_mem_used_gb": 343.688232421875,
  "max_gpu_mem_used_gb": 343.688232421875,
  "mean_gpu_temp_c": 87.92391304347827,
  "max_gpu_temp_c": 91.0,
  "mean_pcie_tx_mb_s": 29041.238399782043,
  "max_pcie_tx_mb_s": 97704.654296875,
  "mean_pcie_rx_mb_s": 35400.26312344316,
  "max_pcie_rx_mb_s": 131320.12890625,
  "mean_kv_cache_pct": 43.458333333333336,
  "max_kv_cache_pct": 80.0,
  "p50_kv_cache_pct": 42.0,
  "p95_kv_cache_pct": 80.0,
  "mean_requests_running": 46.70108695652174,
  "max_requests_running": 64.0,
  "mean_requests_waiting": 7.817028985507246,
  "max_requests_waiting": 47.0
}