{
  "num_samples": 4179,
  "duration_s": 1783.693950176239,
  "mean_power_w": 1023.6153503230438,
  "max_power_w": 1074.646,
  "min_power_w": 98.455,
  "p50_power_w": 1063.176,
  "p95_power_w": 1068.8609999999999,
  "mean_gpu_util_pct": 96.26148600143576,
  "max_gpu_util_pct": 100.0,
  "mean_gpu_mem_bw_util_pct": 37.41355587461115,
  "max_gpu_mem_bw_util_pct": 41.25,
  "mean_gpu_mem_used_gb": 367.400634765625,
  "max_gpu_mem_used_gb": 367.400634765625,
  "mean_gpu_temp_c": 88.73725771715722,
  "max_gpu_temp_c": 91.0,
  "mean_pcie_tx_mb_s": 11893.268878806233,
  "max_pcie_tx_mb_s": 99478.7939453125,
  "mean_pcie_rx_mb_s": 11832.200018414243,
  "max_pcie_rx_mb_s": 77730.841796875,
  "mean_kv_cache_pct": 1.5276236884277106,
  "max_kv_cache_pct": 2.2727272727272707,
  "p50_kv_cache_pct": 1.8181818181818188,
  "p95_kv_cache_pct": 1.8181818181818188,
  "mean_requests_running": 0.8633644412538884,
  "max_requests_running": 1.0,
  "mean_requests_waiting": 0.0,
  "max_requests_waiting": 0.0
}