{
  "num_samples": 2207,
  "duration_s": 999.3709199428558,
  "mean_power_w": 935.6588740371545,
  "max_power_w": 1083.4859999999999,
  "min_power_w": 101.518,
  "p50_power_w": 945.891,
  "p95_power_w": 1079.046,
  "mean_gpu_util_pct": 96.42942908926145,
  "max_gpu_util_pct": 100.0,
  "mean_gpu_mem_bw_util_pct": 23.251585863162664,
  "max_gpu_mem_bw_util_pct": 38.5,
  "mean_gpu_mem_used_gb": 343.89292204579885,
  "max_gpu_mem_used_gb": 343.899169921875,
  "mean_gpu_temp_c": 88.54145899410965,
  "max_gpu_temp_c": 92.0,
  "mean_pcie_tx_mb_s": 33240.82568293002,
  "max_pcie_tx_mb_s": 100607.7275390625,
  "mean_pcie_rx_mb_s": 48964.58081884345,
  "max_pcie_rx_mb_s": 130954.884765625,
  "mean_kv_cache_pct": 58.17213114754098,
  "max_kv_cache_pct": 99.0,
  "p50_kv_cache_pct": 50.0,
  "p95_kv_cache_pct": 99.0,
  "mean_requests_running": 28.615664845173043,
  "max_requests_running": 72.0,
  "mean_requests_waiting": 24.310109289617486,
  "max_requests_waiting": 69.0
}