{
  "num_samples": 3716,
  "duration_s": 1278.088624238968,
  "mean_power_w": 573.5919609795479,
  "max_power_w": 609.4449999999999,
  "min_power_w": 47.42,
  "p50_power_w": 599.982,
  "p95_power_w": 601.274,
  "mean_gpu_util_pct": 94.23452637244348,
  "max_gpu_util_pct": 100.0,
  "mean_gpu_mem_bw_util_pct": 43.69456404736275,
  "max_gpu_mem_bw_util_pct": 67.5,
  "mean_gpu_mem_used_gb": 176.45361328125,
  "max_gpu_mem_used_gb": 176.45361328125,
  "mean_gpu_temp_c": 87.36813778256189,
  "max_gpu_temp_c": 92.0,
  "mean_pcie_tx_mb_s": 7776.42904206472,
  "max_pcie_tx_mb_s": 49104.1044921875,
  "mean_pcie_rx_mb_s": 7868.151536167502,
  "max_pcie_rx_mb_s": 53255.0107421875,
  "mean_kv_cache_pct": 81.78556159593644,
  "max_kv_cache_pct": 96.6959175887066,
  "p50_kv_cache_pct": 94.17779473483404,
  "p95_kv_cache_pct": 96.42121327737505,
  "mean_requests_running": 5.893164693218514,
  "max_requests_running": 24.0,
  "mean_requests_waiting": 0.0,
  "max_requests_waiting": 0.0
}