{
  "num_samples": 3397,
  "duration_s": 1451.9338023662567,
  "mean_power_w": 925.0983868118929,
  "max_power_w": 991.997,
  "min_power_w": 88.303,
  "p50_power_w": 977.991,
  "p95_power_w": 986.134,
  "mean_gpu_util_pct": 94.69333235207536,
  "max_gpu_util_pct": 100.0,
  "mean_gpu_mem_bw_util_pct": 33.91337945245805,
  "max_gpu_mem_bw_util_pct": 43.5,
  "mean_gpu_mem_used_gb": 367.400634765625,
  "max_gpu_mem_used_gb": 367.400634765625,
  "mean_gpu_temp_c": 87.3302914336179,
  "max_gpu_temp_c": 92.0,
  "mean_pcie_tx_mb_s": 26870.03790597632,
  "max_pcie_tx_mb_s": 100032.486328125,
  "mean_pcie_rx_mb_s": 24081.17172982365,
  "max_pcie_rx_mb_s": 86391.244140625,
  "mean_kv_cache_pct": 4.588540690984024,
  "max_kv_cache_pct": 6.515151515151518,
  "p50_kv_cache_pct": 5.757575757575761,
  "p95_kv_cache_pct": 6.060606060606055,
  "mean_requests_running": 1.5905210479835148,
  "max_requests_running": 2.0,
  "mean_requests_waiting": 0.0,
  "max_requests_waiting": 0.0
}