{
  "num_samples": 513,
  "duration_s": 219.12778091430664,
  "mean_power_w": 898.3368908382066,
  "max_power_w": 979.367,
  "min_power_w": 361.301,
  "p50_power_w": 939.876,
  "p95_power_w": 974.242,
  "mean_gpu_util_pct": 91.93713450292398,
  "max_gpu_util_pct": 99.0,
  "mean_gpu_mem_bw_util_pct": 35.175438596491226,
  "max_gpu_mem_bw_util_pct": 43.25,
  "mean_gpu_mem_used_gb": 334.19140625,
  "max_gpu_mem_used_gb": 334.19140625,
  "mean_gpu_temp_c": 86.04288499025341,
  "max_gpu_temp_c": 88.0,
  "mean_pcie_tx_mb_s": 36297.913282011454,
  "max_pcie_tx_mb_s": 82160.37890625,
  "mean_pcie_rx_mb_s": 30790.61996489705,
  "max_pcie_rx_mb_s": 73904.8271484375,
  "mean_kv_cache_pct": 6.113787392589509,
  "max_kv_cache_pct": 12.081984897518883,
  "p50_kv_cache_pct": 4.232964760877378,
  "p95_kv_cache_pct": 11.705546565983461,
  "mean_requests_running": 44.21052631578947,
  "max_requests_running": 56.0,
  "mean_requests_waiting": 0.0,
  "max_requests_waiting": 0.0
}