{
  "num_samples": 283,
  "duration_s": 124.77189302444458,
  "mean_power_w": 248.11856537102474,
  "max_power_w": 676.727,
  "min_power_w": 66.944,
  "p50_power_w": 71.017,
  "p95_power_w": 601.971,
  "mean_gpu_util_pct": 27.975265017667844,
  "max_gpu_util_pct": 100.0,
  "mean_gpu_mem_bw_util_pct": 8.052120141342757,
  "max_gpu_mem_bw_util_pct": 20.0,
  "mean_gpu_mem_used_gb": 324.7866133295605,
  "max_gpu_mem_used_gb": 325.555419921875,
  "mean_gpu_temp_c": 60.43109540636043,
  "max_gpu_temp_c": 70.0,
  "mean_pcie_tx_mb_s": 623.9898823984099,
  "max_pcie_tx_mb_s": 44236.302734375,
  "mean_pcie_rx_mb_s": 1273.26343722394,
  "max_pcie_rx_mb_s": 165649.2880859375,
  "mean_kv_cache_pct": 0.14487632508833923,
  "max_kv_cache_pct": 1.0,
  "p50_kv_cache_pct": 0.0,
  "p95_kv_cache_pct": 1.0,
  "mean_requests_running": 0.27208480565371024,
  "max_requests_running": 1.0,
  "mean_requests_waiting": 0.0,
  "max_requests_waiting": 0.0
}