{
  "num_samples": 5084,
  "duration_s": 2174.512101173401,
  "mean_power_w": 894.1215582218725,
  "max_power_w": 1016.521,
  "min_power_w": 100.298,
  "p50_power_w": 999.938,
  "p95_power_w": 1001.289,
  "mean_gpu_util_pct": 98.08708693941779,
  "max_gpu_util_pct": 100.0,
  "mean_gpu_mem_bw_util_pct": 33.44217151848938,
  "max_gpu_mem_bw_util_pct": 49.0,
  "mean_gpu_mem_used_gb": 361.0731061909913,
  "max_gpu_mem_used_gb": 361.69140625,
  "mean_gpu_temp_c": 87.57317073170732,
  "max_gpu_temp_c": 91.0,
  "mean_pcie_tx_mb_s": 41555.539303759346,
  "max_pcie_tx_mb_s": 131708.748046875,
  "mean_pcie_rx_mb_s": 38014.41143784422,
  "max_pcie_rx_mb_s": 108199.568359375,
  "mean_kv_cache_pct": 4.1978065868454895,
  "max_kv_cache_pct": 4.8903272204243065,
  "p50_kv_cache_pct": 4.6386192017260015,
  "p95_kv_cache_pct": 4.867853290183389,
  "mean_requests_running": 3.624901652242329,
  "max_requests_running": 4.0,
  "mean_requests_waiting": 0.0,
  "max_requests_waiting": 0.0
}