{
  "num_samples": 325,
  "duration_s": 139.02260088920593,
  "mean_power_w": 936.0471015384616,
  "max_power_w": 1024.165,
  "min_power_w": 375.276,
  "p50_power_w": 999.969,
  "p95_power_w": 1000.249,
  "mean_gpu_util_pct": 89.47307692307692,
  "max_gpu_util_pct": 100.0,
  "mean_gpu_mem_bw_util_pct": 41.06846153846154,
  "max_gpu_mem_bw_util_pct": 49.25,
  "mean_gpu_mem_used_gb": 326.41015625,
  "max_gpu_mem_used_gb": 326.41015625,
  "mean_gpu_temp_c": 86.96307692307693,
  "max_gpu_temp_c": 89.0,
  "mean_pcie_tx_mb_s": 23256.244305889424,
  "max_pcie_tx_mb_s": 35089.7744140625,
  "mean_pcie_rx_mb_s": 20906.795126201923,
  "max_pcie_rx_mb_s": 32593.265625,
  "mean_kv_cache_pct": 7.531478545533471,
  "max_kv_cache_pct": 16.172180794076773,
  "p50_kv_cache_pct": 7.703159971571926,
  "p95_kv_cache_pct": 15.412684437749935,
  "mean_requests_running": 62.43692307692308,
  "max_requests_running": 80.0,
  "mean_requests_waiting": 0.0,
  "max_requests_waiting": 0.0
}