{
  "num_samples": 3317,
  "duration_s": 1428.9002015590668,
  "mean_power_w": 730.8868516731986,
  "max_power_w": 1015.1179999999999,
  "min_power_w": 103.357,
  "p50_power_w": 677.1759999999999,
  "p95_power_w": 1000.1310000000001,
  "mean_gpu_util_pct": 97.96028037383178,
  "max_gpu_util_pct": 100.0,
  "mean_gpu_mem_bw_util_pct": 15.908049442267108,
  "max_gpu_mem_bw_util_pct": 51.75,
  "mean_gpu_mem_used_gb": 373.09765625,
  "max_gpu_mem_used_gb": 373.09765625,
  "mean_gpu_temp_c": 85.83659933675007,
  "max_gpu_temp_c": 91.0,
  "mean_pcie_tx_mb_s": 60799.25797678154,
  "max_pcie_tx_mb_s": 126324.958984375,
  "mean_pcie_rx_mb_s": 50297.4757516911,
  "max_pcie_rx_mb_s": 103494.041015625,
  "mean_kv_cache_pct": 59.165978559233665,
  "max_kv_cache_pct": 97.77170981661273,
  "p50_kv_cache_pct": 71.37383135562747,
  "p95_kv_cache_pct": 94.08598525710177,
  "mean_requests_running": 54.714199577931865,
  "max_requests_running": 80.0,
  "mean_requests_waiting": 18.458546879710582,
  "max_requests_waiting": 74.0
}