{
  "num_samples": 1061,
  "duration_s": 454.12206411361694,
  "mean_power_w": 1006.8395777568331,
  "max_power_w": 1131.981,
  "min_power_w": 104.308,
  "p50_power_w": 1101.935,
  "p95_power_w": 1126.404,
  "mean_gpu_util_pct": 93.64066918001885,
  "max_gpu_util_pct": 100.0,
  "mean_gpu_mem_bw_util_pct": 40.98963242224317,
  "max_gpu_mem_bw_util_pct": 52.0,
  "mean_gpu_mem_used_gb": 367.400634765625,
  "max_gpu_mem_used_gb": 367.400634765625,
  "mean_gpu_temp_c": 88.72855796418473,
  "max_gpu_temp_c": 91.0,
  "mean_pcie_tx_mb_s": 27731.712849206233,
  "max_pcie_tx_mb_s": 112170.16796875,
  "mean_pcie_rx_mb_s": 32172.021228499056,
  "max_pcie_rx_mb_s": 99543.8076171875,
  "mean_kv_cache_pct": 8.337903064576011,
  "max_kv_cache_pct": 11.66666666666667,
  "p50_kv_cache_pct": 9.696969696969692,
  "p95_kv_cache_pct": 11.66666666666667,
  "mean_requests_running": 7.31856738925542,
  "max_requests_running": 8.0,
  "mean_requests_waiting": 0.0,
  "max_requests_waiting": 0.0
}