{
  "num_samples": 3706,
  "duration_s": 1273.8926508426666,
  "mean_power_w": 573.0936872638964,
  "max_power_w": 610.53,
  "min_power_w": 42.676,
  "p50_power_w": 599.985,
  "p95_power_w": 603.202,
  "mean_gpu_util_pct": 94.00580140313006,
  "max_gpu_util_pct": 100.0,
  "mean_gpu_mem_bw_util_pct": 43.22868321640583,
  "max_gpu_mem_bw_util_pct": 65.0,
  "mean_gpu_mem_used_gb": 176.45361328125,
  "max_gpu_mem_used_gb": 176.45361328125,
  "mean_gpu_temp_c": 86.7209929843497,
  "max_gpu_temp_c": 93.0,
  "mean_pcie_tx_mb_s": 7686.762032852132,
  "max_pcie_tx_mb_s": 67138.9228515625,
  "mean_pcie_rx_mb_s": 7507.586198373415,
  "max_pcie_rx_mb_s": 54467.7783203125,
  "mean_kv_cache_pct": 49.475081191744295,
  "max_kv_cache_pct": 64.46394505913773,
  "p50_kv_cache_pct": 62.63258298359404,
  "p95_kv_cache_pct": 64.28080885158336,
  "mean_requests_running": 3.1675661090124123,
  "max_requests_running": 4.0,
  "mean_requests_waiting": 0.0,
  "max_requests_waiting": 0.0
}