{
  "num_samples": 4302,
  "duration_s": 1834.153731584549,
  "mean_power_w": 883.3883621571363,
  "max_power_w": 912.845,
  "min_power_w": 92.287,
  "p50_power_w": 903.569,
  "p95_power_w": 908.044,
  "mean_gpu_util_pct": 96.54945374244538,
  "max_gpu_util_pct": 100.0,
  "mean_gpu_mem_bw_util_pct": 23.66120409112041,
  "max_gpu_mem_bw_util_pct": 25.25,
  "mean_gpu_mem_used_gb": 334.4937828698861,
  "max_gpu_mem_used_gb": 336.95703125,
  "mean_gpu_temp_c": 86.46048349604835,
  "max_gpu_temp_c": 88.0,
  "mean_pcie_tx_mb_s": 7545.99087315856,
  "max_pcie_tx_mb_s": 79114.095703125,
  "mean_pcie_rx_mb_s": 6923.84185317149,
  "max_pcie_rx_mb_s": 67287.7734375,
  "mean_kv_cache_pct": 0.9891162358755475,
  "max_kv_cache_pct": 1.1540950219044666,
  "p50_kv_cache_pct": 1.1159080542679223,
  "p95_kv_cache_pct": 1.1509127746014203,
  "mean_requests_running": 0.8826127382612738,
  "max_requests_running": 1.0,
  "mean_requests_waiting": 0.0,
  "max_requests_waiting": 0.0
}