{
  "num_samples": 610,
  "duration_s": 260.33409810066223,
  "mean_power_w": 932.8856180327869,
  "max_power_w": 1007.251,
  "min_power_w": 273.166,
  "p50_power_w": 979.354,
  "p95_power_w": 1000.18,
  "mean_gpu_util_pct": 92.2922131147541,
  "max_gpu_util_pct": 99.0,
  "mean_gpu_mem_bw_util_pct": 38.66475409836065,
  "max_gpu_mem_bw_util_pct": 48.5,
  "mean_gpu_mem_used_gb": 334.26953125,
  "max_gpu_mem_used_gb": 334.26953125,
  "mean_gpu_temp_c": 86.36229508196722,
  "max_gpu_temp_c": 89.0,
  "mean_pcie_tx_mb_s": 26800.440139920593,
  "max_pcie_tx_mb_s": 68057.291015625,
  "mean_pcie_rx_mb_s": 22506.080808145492,
  "max_pcie_rx_mb_s": 58418.470703125,
  "mean_kv_cache_pct": 8.478724924988652,
  "max_kv_cache_pct": 14.339491190219345,
  "p50_kv_cache_pct": 12.004449838187703,
  "p95_kv_cache_pct": 14.159699748291976,
  "mean_requests_running": 32.549180327868854,
  "max_requests_running": 40.0,
  "mean_requests_waiting": 0.0,
  "max_requests_waiting": 0.0
}