{
  "num_samples": 791,
  "duration_s": 338.9736864566803,
  "mean_power_w": 883.1576144121366,
  "max_power_w": 1030.086,
  "min_power_w": 105.06700000000001,
  "p50_power_w": 999.924,
  "p95_power_w": 1000.097,
  "mean_gpu_util_pct": 92.52054361567636,
  "max_gpu_util_pct": 100.0,
  "mean_gpu_mem_bw_util_pct": 39.77465233881163,
  "max_gpu_mem_bw_util_pct": 56.75,
  "mean_gpu_mem_used_gb": 367.381103515625,
  "max_gpu_mem_used_gb": 367.381103515625,
  "mean_gpu_temp_c": 87.02275600505689,
  "max_gpu_temp_c": 90.0,
  "mean_pcie_tx_mb_s": 37782.44739896097,
  "max_pcie_tx_mb_s": 127861.85546875,
  "mean_pcie_rx_mb_s": 38059.1810332056,
  "max_pcie_rx_mb_s": 102376.6806640625,
  "mean_kv_cache_pct": 21.015783626403095,
  "max_kv_cache_pct": 31.666666666666664,
  "p50_kv_cache_pct": 25.454545454545453,
  "p95_kv_cache_pct": 29.09090909090909,
  "mean_requests_running": 18.991150442477878,
  "max_requests_running": 24.0,
  "mean_requests_waiting": 0.5056890012642224,
  "max_requests_waiting": 12.0
}