{
  "num_samples": 3401,
  "duration_s": 1460.8574512004852,
  "mean_power_w": 941.0187018523964,
  "max_power_w": 1212.5,
  "min_power_w": 77.43299999999999,
  "p50_power_w": 957.405,
  "p95_power_w": 1200.273,
  "mean_gpu_util_pct": 92.56534842693326,
  "max_gpu_util_pct": 100.0,
  "mean_gpu_mem_bw_util_pct": 25.987650690973243,
  "max_gpu_mem_bw_util_pct": 64.5,
  "mean_gpu_mem_used_gb": 367.400634765625,
  "max_gpu_mem_used_gb": 367.400634765625,
  "mean_gpu_temp_c": 86.55307262569832,
  "max_gpu_temp_c": 94.0,
  "mean_pcie_tx_mb_s": 52789.78508302935,
  "max_pcie_tx_mb_s": 138783.3974609375,
  "mean_pcie_rx_mb_s": 44176.213926912584,
  "max_pcie_rx_mb_s": 116198.3330078125,
  "mean_kv_cache_pct": 79.13288770053477,
  "max_kv_cache_pct": 99.54545454545455,
  "p50_kv_cache_pct": 92.42424242424242,
  "p95_kv_cache_pct": 98.63636363636363,
  "mean_requests_running": 15.786470588235295,
  "max_requests_running": 32.0,
  "mean_requests_waiting": 10.911764705882353,
  "max_requests_waiting": 28.0
}