{
  "num_samples": 10534,
  "duration_s": 4496.072002887726,
  "mean_power_w": 991.4517353332068,
  "max_power_w": 1022.7049999999999,
  "min_power_w": 187.148,
  "p50_power_w": 1000.004,
  "p95_power_w": 1001.84,
  "mean_gpu_util_pct": 98.5822099867097,
  "max_gpu_util_pct": 100.0,
  "mean_gpu_mem_bw_util_pct": 48.28044902221379,
  "max_gpu_mem_bw_util_pct": 50.25,
  "mean_gpu_mem_used_gb": 334.2354971105468,
  "max_gpu_mem_used_gb": 334.26953125,
  "mean_gpu_temp_c": 86.98386178089994,
  "max_gpu_temp_c": 89.0,
  "mean_pcie_tx_mb_s": 4555.846478608702,
  "max_pcie_tx_mb_s": 104602.71484375,
  "mean_pcie_rx_mb_s": 4433.168659500635,
  "max_pcie_rx_mb_s": 87116.6708984375,
  "mean_kv_cache_pct": 0.31520881903819,
  "max_kv_cache_pct": 0.3595828838547255,
  "p50_kv_cache_pct": 0.3236245954692518,
  "p95_kv_cache_pct": 0.35621179431859495,
  "mean_requests_running": 0.9724700968293146,
  "max_requests_running": 1.0,
  "mean_requests_waiting": 0.0,
  "max_requests_waiting": 0.0
}