{
  "num_samples": 561,
  "duration_s": 240.55761432647705,
  "mean_power_w": 896.4712727272728,
  "max_power_w": 1020.149,
  "min_power_w": 292.65999999999997,
  "p50_power_w": 999.9259999999999,
  "p95_power_w": 1000.0840000000001,
  "mean_gpu_util_pct": 92.62789661319073,
  "max_gpu_util_pct": 100.0,
  "mean_gpu_mem_bw_util_pct": 42.8801247771836,
  "max_gpu_mem_bw_util_pct": 58.0,
  "mean_gpu_mem_used_gb": 367.381103515625,
  "max_gpu_mem_used_gb": 367.381103515625,
  "mean_gpu_temp_c": 86.51693404634581,
  "max_gpu_temp_c": 90.0,
  "mean_pcie_tx_mb_s": 37671.34583019998,
  "max_pcie_tx_mb_s": 137465.23046875,
  "mean_pcie_rx_mb_s": 38412.114917557934,
  "max_pcie_rx_mb_s": 110304.8369140625,
  "mean_kv_cache_pct": 32.705396208070006,
  "max_kv_cache_pct": 56.363636363636374,
  "p50_kv_cache_pct": 36.51515151515151,
  "p95_kv_cache_pct": 48.18181818181818,
  "mean_requests_running": 38.58645276292335,
  "max_requests_running": 48.0,
  "mean_requests_waiting": 0.0,
  "max_requests_waiting": 0.0
}