{
  "num_samples": 982,
  "duration_s": 420.2634029388428,
  "mean_power_w": 963.9887841140529,
  "max_power_w": 1006.825,
  "min_power_w": 104.84,
  "p50_power_w": 999.971,
  "p95_power_w": 1000.71,
  "mean_gpu_util_pct": 94.10539714867618,
  "max_gpu_util_pct": 99.25,
  "mean_gpu_mem_bw_util_pct": 43.51069246435845,
  "max_gpu_mem_bw_util_pct": 48.0,
  "mean_gpu_mem_used_gb": 335.44140625,
  "max_gpu_mem_used_gb": 335.44140625,
  "mean_gpu_temp_c": 87.34012219959267,
  "max_gpu_temp_c": 89.0,
  "mean_pcie_tx_mb_s": 27027.9738307106,
  "max_pcie_tx_mb_s": 57770.6591796875,
  "mean_pcie_rx_mb_s": 24601.291526778896,
  "max_pcie_rx_mb_s": 54403.302734375,
  "mean_kv_cache_pct": 8.376123055707518,
  "max_kv_cache_pct": 10.35598705501618,
  "p50_kv_cache_pct": 9.679521754764476,
  "p95_kv_cache_pct": 10.266091334052497,
  "mean_requests_running": 15.079429735234216,
  "max_requests_running": 16.0,
  "mean_requests_waiting": 0.0,
  "max_requests_waiting": 0.0
}