{
  "num_samples": 121,
  "duration_s": 52.650816917419434,
  "mean_power_w": 602.4254462809918,
  "max_power_w": 890.146,
  "min_power_w": 365.781,
  "p50_power_w": 654.689,
  "p95_power_w": 735.91,
  "mean_gpu_util_pct": 76.83884297520662,
  "max_gpu_util_pct": 100.0,
  "mean_gpu_mem_bw_util_pct": 15.080578512396695,
  "max_gpu_mem_bw_util_pct": 20.5,
  "mean_gpu_mem_used_gb": 331.1192435272469,
  "max_gpu_mem_used_gb": 332.196044921875,
  "mean_gpu_temp_c": 82.81818181818181,
  "max_gpu_temp_c": 85.0,
  "mean_pcie_tx_mb_s": 2945.392787964876,
  "max_pcie_tx_mb_s": 59122.064453125,
  "mean_pcie_rx_mb_s": 4624.095759620352,
  "max_pcie_rx_mb_s": 84324.1259765625,
  "mean_kv_cache_pct": 1.7851239669421488,
  "max_kv_cache_pct": 4.0,
  "p50_kv_cache_pct": 1.0,
  "p95_kv_cache_pct": 4.0,
  "mean_requests_running": 0.9917355371900827,
  "max_requests_running": 1.0,
  "mean_requests_waiting": 0.0,
  "max_requests_waiting": 0.0
}