{
  "num_samples": 713,
  "duration_s": 246.40888237953186,
  "mean_power_w": 567.9102734922861,
  "max_power_w": 609.765,
  "min_power_w": 78.889,
  "p50_power_w": 599.976,
  "p95_power_w": 600.13,
  "mean_gpu_util_pct": 92.52524544179524,
  "max_gpu_util_pct": 100.0,
  "mean_gpu_mem_bw_util_pct": 60.64656381486676,
  "max_gpu_mem_bw_util_pct": 75.5,
  "mean_gpu_mem_used_gb": 176.45361328125,
  "max_gpu_mem_used_gb": 176.45361328125,
  "mean_gpu_temp_c": 84.96914446002805,
  "max_gpu_temp_c": 89.0,
  "mean_pcie_tx_mb_s": 8891.279717358433,
  "max_pcie_tx_mb_s": 54284.966796875,
  "mean_pcie_rx_mb_s": 8845.207135343619,
  "max_pcie_rx_mb_s": 53323.4033203125,
  "mean_kv_cache_pct": 70.41007120715037,
  "max_kv_cache_pct": 100.0,
  "p50_kv_cache_pct": 88.51583365127814,
  "p95_kv_cache_pct": 99.71003433803891,
  "mean_requests_running": 38.945301542776996,
  "max_requests_running": 48.0,
  "mean_requests_waiting": 0.0,
  "max_requests_waiting": 0.0
}