{
  "num_samples": 3764,
  "duration_s": 1605.6842503547668,
  "mean_power_w": 864.7637417640808,
  "max_power_w": 888.683,
  "min_power_w": 53.066,
  "p50_power_w": 882.0989999999999,
  "p95_power_w": 885.829,
  "mean_gpu_util_pct": 97.67866631243358,
  "max_gpu_util_pct": 99.0,
  "mean_gpu_mem_bw_util_pct": 22.210348034006376,
  "max_gpu_mem_bw_util_pct": 23.0,
  "mean_gpu_mem_used_gb": 326.4095128188098,
  "max_gpu_mem_used_gb": 326.41015625,
  "mean_gpu_temp_c": 85.5326780021254,
  "max_gpu_temp_c": 88.0,
  "mean_pcie_tx_mb_s": 2613.382949748024,
  "max_pcie_tx_mb_s": 77976.755859375,
  "mean_pcie_rx_mb_s": 2811.91518487231,
  "max_pcie_rx_mb_s": 63058.685546875,
  "mean_kv_cache_pct": 0.16585843634783395,
  "max_kv_cache_pct": 0.20366382739490652,
  "p50_kv_cache_pct": 0.16971985616242025,
  "p95_kv_cache_pct": 0.20048158009186023,
  "mean_requests_running": 0.9742295430393199,
  "max_requests_running": 1.0,
  "mean_requests_waiting": 0.0,
  "max_requests_waiting": 0.0
}