{
  "num_samples": 1829,
  "duration_s": 784.5559327602386,
  "mean_power_w": 830.7536987424822,
  "max_power_w": 1029.802,
  "min_power_w": 85.697,
  "p50_power_w": 826.685,
  "p95_power_w": 1000.063,
  "mean_gpu_util_pct": 92.52118644067797,
  "max_gpu_util_pct": 100.0,
  "mean_gpu_mem_bw_util_pct": 29.95885729907053,
  "max_gpu_mem_bw_util_pct": 57.0,
  "mean_gpu_mem_used_gb": 367.381103515625,
  "max_gpu_mem_used_gb": 367.381103515625,
  "mean_gpu_temp_c": 85.7348277747403,
  "max_gpu_temp_c": 91.0,
  "mean_pcie_tx_mb_s": 50368.757831187635,
  "max_pcie_tx_mb_s": 131863.8271484375,
  "mean_pcie_rx_mb_s": 45372.10872573811,
  "max_pcie_rx_mb_s": 107365.9384765625,
  "mean_kv_cache_pct": 29.728863263581687,
  "max_kv_cache_pct": 49.39393939393939,
  "p50_kv_cache_pct": 32.27272727272727,
  "p95_kv_cache_pct": 48.484848484848484,
  "mean_requests_running": 10.569163477310006,
  "max_requests_running": 16.0,
  "mean_requests_waiting": 3.57353745215965,
  "max_requests_waiting": 12.0
}