{
  "num_samples": 3226,
  "duration_s": 1444.6654117107391,
  "mean_power_w": 860.3810142591444,
  "max_power_w": 949.731,
  "min_power_w": 100.869,
  "p50_power_w": 831.053,
  "p95_power_w": 944.053,
  "mean_gpu_util_pct": 97.55959392436453,
  "max_gpu_util_pct": 100.0,
  "mean_gpu_mem_bw_util_pct": 23.301224426534407,
  "max_gpu_mem_bw_util_pct": 30.0,
  "mean_gpu_mem_used_gb": 343.696044921875,
  "max_gpu_mem_used_gb": 343.696044921875,
  "mean_gpu_temp_c": 87.71853688778673,
  "max_gpu_temp_c": 91.0,
  "mean_pcie_tx_mb_s": 20405.919426631277,
  "max_pcie_tx_mb_s": 105118.8720703125,
  "mean_pcie_rx_mb_s": 29488.260759139608,
  "max_pcie_rx_mb_s": 129798.7265625,
  "mean_kv_cache_pct": 24.969001859888408,
  "max_kv_cache_pct": 33.0,
  "p50_kv_cache_pct": 30.0,
  "p95_kv_cache_pct": 31.0,
  "mean_requests_running": 3.0012399256044637,
  "max_requests_running": 4.0,
  "mean_requests_waiting": 0.351828890266584,
  "max_requests_waiting": 2.0
}