{
  "num_samples": 675,
  "duration_s": 289.29720759391785,
  "mean_power_w": 995.848557037037,
  "max_power_w": 1207.616,
  "min_power_w": 109.636,
  "p50_power_w": 1122.404,
  "p95_power_w": 1200.5169999999998,
  "mean_gpu_util_pct": 92.09185185185186,
  "max_gpu_util_pct": 100.0,
  "mean_gpu_mem_bw_util_pct": 40.114074074074075,
  "max_gpu_mem_bw_util_pct": 61.75,
  "mean_gpu_mem_used_gb": 367.400634765625,
  "max_gpu_mem_used_gb": 367.400634765625,
  "mean_gpu_temp_c": 88.08148148148148,
  "max_gpu_temp_c": 92.0,
  "mean_pcie_tx_mb_s": 47431.070222800925,
  "max_pcie_tx_mb_s": 144798.314453125,
  "mean_pcie_rx_mb_s": 44328.20380497685,
  "max_pcie_rx_mb_s": 106806.8974609375,
  "mean_kv_cache_pct": 43.04713804713805,
  "max_kv_cache_pct": 68.78787878787878,
  "p50_kv_cache_pct": 42.87878787878788,
  "p95_kv_cache_pct": 67.87878787878788,
  "mean_requests_running": 40.4637037037037,
  "max_requests_running": 56.0,
  "mean_requests_waiting": 3.5585185185185186,
  "max_requests_waiting": 40.0
}