{
  "num_samples": 512,
  "duration_s": 219.53415513038635,
  "mean_power_w": 1034.425568359375,
  "max_power_w": 1206.078,
  "min_power_w": 284.303,
  "p50_power_w": 1193.972,
  "p95_power_w": 1200.9389999999999,
  "mean_gpu_util_pct": 92.0556640625,
  "max_gpu_util_pct": 100.0,
  "mean_gpu_mem_bw_util_pct": 44.568359375,
  "max_gpu_mem_bw_util_pct": 62.0,
  "mean_gpu_mem_used_gb": 367.400634765625,
  "max_gpu_mem_used_gb": 367.400634765625,
  "mean_gpu_temp_c": 89.0,
  "max_gpu_temp_c": 93.0,
  "mean_pcie_tx_mb_s": 43437.21290779114,
  "max_pcie_tx_mb_s": 130331.7216796875,
  "mean_pcie_rx_mb_s": 41054.723205566406,
  "max_pcie_rx_mb_s": 108546.947265625,
  "mean_kv_cache_pct": 44.98579545454545,
  "max_kv_cache_pct": 67.57575757575758,
  "p50_kv_cache_pct": 48.63636363636363,
  "p95_kv_cache_pct": 62.121212121212125,
  "mean_requests_running": 53.763671875,
  "max_requests_running": 64.0,
  "mean_requests_waiting": 0.03125,
  "max_requests_waiting": 1.0
}