{
  "num_samples": 328,
  "duration_s": 140.3298215866089,
  "mean_power_w": 935.482524390244,
  "max_power_w": 1022.919,
  "min_power_w": 373.43,
  "p50_power_w": 999.991,
  "p95_power_w": 1000.446,
  "mean_gpu_util_pct": 89.29801829268293,
  "max_gpu_util_pct": 100.0,
  "mean_gpu_mem_bw_util_pct": 37.88109756097561,
  "max_gpu_mem_bw_util_pct": 49.0,
  "mean_gpu_mem_used_gb": 326.41015625,
  "max_gpu_mem_used_gb": 326.41015625,
  "mean_gpu_temp_c": 86.98475609756098,
  "max_gpu_temp_c": 89.0,
  "mean_pcie_tx_mb_s": 27521.95930890339,
  "max_pcie_tx_mb_s": 46167.8994140625,
  "mean_pcie_rx_mb_s": 25389.945925828888,
  "max_pcie_rx_mb_s": 43093.435546875,
  "mean_kv_cache_pct": 9.830236808356013,
  "max_kv_cache_pct": 24.223266470781667,
  "p50_kv_cache_pct": 6.13325130206952,
  "p95_kv_cache_pct": 23.368302695363464,
  "mean_requests_running": 91.16463414634147,
  "max_requests_running": 120.0,
  "mean_requests_waiting": 0.0,
  "max_requests_waiting": 0.0
}