{
  "num_samples": 649,
  "duration_s": 278.47207403182983,
  "mean_power_w": 986.8217118644068,
  "max_power_w": 1212.761,
  "min_power_w": 110.79,
  "p50_power_w": 912.381,
  "p95_power_w": 1200.672,
  "mean_gpu_util_pct": 91.80970724191063,
  "max_gpu_util_pct": 100.0,
  "mean_gpu_mem_bw_util_pct": 39.29930662557781,
  "max_gpu_mem_bw_util_pct": 62.25,
  "mean_gpu_mem_used_gb": 367.400634765625,
  "max_gpu_mem_used_gb": 367.400634765625,
  "mean_gpu_temp_c": 87.77812018489985,
  "max_gpu_temp_c": 92.0,
  "mean_pcie_tx_mb_s": 50378.1014345989,
  "max_pcie_tx_mb_s": 129880.2958984375,
  "mean_pcie_rx_mb_s": 45164.411092185095,
  "max_pcie_rx_mb_s": 114254.7158203125,
  "mean_kv_cache_pct": 50.844889573703135,
  "max_kv_cache_pct": 80.15151515151516,
  "p50_kv_cache_pct": 48.93939393939394,
  "p95_kv_cache_pct": 77.57575757575758,
  "mean_requests_running": 48.22342064714946,
  "max_requests_running": 64.0,
  "mean_requests_waiting": 4.964560862865947,
  "max_requests_waiting": 37.0
}