{
  "num_samples": 543,
  "duration_s": 232.0713927745819,
  "mean_power_w": 932.9454585635359,
  "max_power_w": 1012.08,
  "min_power_w": 105.75,
  "p50_power_w": 999.833,
  "p95_power_w": 1000.344,
  "mean_gpu_util_pct": 90.35267034990792,
  "max_gpu_util_pct": 99.75,
  "mean_gpu_mem_bw_util_pct": 37.1841620626151,
  "max_gpu_mem_bw_util_pct": 50.25,
  "mean_gpu_mem_used_gb": 335.44140625,
  "max_gpu_mem_used_gb": 335.44140625,
  "mean_gpu_temp_c": 87.20626151012891,
  "max_gpu_temp_c": 90.0,
  "mean_pcie_tx_mb_s": 33025.76242734231,
  "max_pcie_tx_mb_s": 55012.9130859375,
  "mean_pcie_rx_mb_s": 27483.541306975138,
  "max_pcie_rx_mb_s": 44076.166015625,
  "mean_kv_cache_pct": 25.113195350851576,
  "max_kv_cache_pct": 41.33517619561309,
  "p50_kv_cache_pct": 37.72249190938511,
  "p95_kv_cache_pct": 40.96548004314995,
  "mean_requests_running": 57.00920810313075,
  "max_requests_running": 64.0,
  "mean_requests_waiting": 0.0,
  "max_requests_waiting": 0.0
}