{
  "num_samples": 3488,
  "duration_s": 1491.3861243724823,
  "mean_power_w": 904.1950140481651,
  "max_power_w": 958.722,
  "min_power_w": 86.093,
  "p50_power_w": 946.583,
  "p95_power_w": 955.807,
  "mean_gpu_util_pct": 94.92223337155963,
  "max_gpu_util_pct": 100.0,
  "mean_gpu_mem_bw_util_pct": 26.588374426605505,
  "max_gpu_mem_bw_util_pct": 33.5,
  "mean_gpu_mem_used_gb": 362.19140625,
  "max_gpu_mem_used_gb": 362.19140625,
  "mean_gpu_temp_c": 86.61840596330275,
  "max_gpu_temp_c": 90.0,
  "mean_pcie_tx_mb_s": 20006.225450708233,
  "max_pcie_tx_mb_s": 81293.552734375,
  "mean_pcie_rx_mb_s": 16920.194282741722,
  "max_pcie_rx_mb_s": 72511.37890625,
  "mean_kv_cache_pct": 3.498896723618514,
  "max_kv_cache_pct": 4.480604202687943,
  "p50_kv_cache_pct": 4.374529292586427,
  "p95_kv_cache_pct": 4.4710574607788045,
  "mean_requests_running": 1.5994839449541285,
  "max_requests_running": 2.0,
  "mean_requests_waiting": 0.0,
  "max_requests_waiting": 0.0
}