{
  "num_samples": 1069,
  "duration_s": 459.1760079860687,
  "mean_power_w": 838.1827942001871,
  "max_power_w": 1027.877,
  "min_power_w": 97.66,
  "p50_power_w": 808.6410000000001,
  "p95_power_w": 1000.126,
  "mean_gpu_util_pct": 92.67422825070159,
  "max_gpu_util_pct": 100.0,
  "mean_gpu_mem_bw_util_pct": 33.72380729653882,
  "max_gpu_mem_bw_util_pct": 60.0,
  "mean_gpu_mem_used_gb": 367.381103515625,
  "max_gpu_mem_used_gb": 367.381103515625,
  "mean_gpu_temp_c": 86.1730589335828,
  "max_gpu_temp_c": 91.0,
  "mean_pcie_tx_mb_s": 51489.584749912305,
  "max_pcie_tx_mb_s": 140606.4287109375,
  "mean_pcie_rx_mb_s": 46128.200731554025,
  "max_pcie_rx_mb_s": 109230.1328125,
  "mean_kv_cache_pct": 64.09941321540947,
  "max_kv_cache_pct": 100.0,
  "p50_kv_cache_pct": 79.54545454545455,
  "p95_kv_cache_pct": 98.18181818181819,
  "mean_requests_running": 40.38914873713751,
  "max_requests_running": 56.0,
  "mean_requests_waiting": 4.5313376987839105,
  "max_requests_waiting": 42.0
}