{
  "num_samples": 618,
  "duration_s": 277.76764011383057,
  "mean_power_w": 1005.0107977346279,
  "max_power_w": 1114.709,
  "min_power_w": 383.744,
  "p50_power_w": 1078.924,
  "p95_power_w": 1112.259,
  "mean_gpu_util_pct": 94.89563106796116,
  "max_gpu_util_pct": 100.0,
  "mean_gpu_mem_bw_util_pct": 30.895631067961165,
  "max_gpu_mem_bw_util_pct": 40.0,
  "mean_gpu_mem_used_gb": 343.688232421875,
  "max_gpu_mem_used_gb": 343.688232421875,
  "mean_gpu_temp_c": 88.51456310679612,
  "max_gpu_temp_c": 91.0,
  "mean_pcie_tx_mb_s": 33021.65713175061,
  "max_pcie_tx_mb_s": 100253.580078125,
  "mean_pcie_rx_mb_s": 41235.55860797178,
  "max_pcie_rx_mb_s": 129129.677734375,
  "mean_kv_cache_pct": 48.48705501618123,
  "max_kv_cache_pct": 85.0,
  "p50_kv_cache_pct": 56.00000000000001,
  "p95_kv_cache_pct": 85.0,
  "mean_requests_running": 53.763754045307444,
  "max_requests_running": 72.0,
  "mean_requests_waiting": 7.040453074433657,
  "max_requests_waiting": 55.0
}