{
  "num_samples": 447,
  "duration_s": 191.0290048122406,
  "mean_power_w": 951.8415324384788,
  "max_power_w": 1015.6610000000001,
  "min_power_w": 370.98900000000003,
  "p50_power_w": 999.972,
  "p95_power_w": 1000.085,
  "mean_gpu_util_pct": 91.56375838926175,
  "max_gpu_util_pct": 99.0,
  "mean_gpu_mem_bw_util_pct": 41.92841163310962,
  "max_gpu_mem_bw_util_pct": 48.0,
  "mean_gpu_mem_used_gb": 326.41015625,
  "max_gpu_mem_used_gb": 326.41015625,
  "mean_gpu_temp_c": 87.0,
  "max_gpu_temp_c": 89.0,
  "mean_pcie_tx_mb_s": 12514.312113307466,
  "max_pcie_tx_mb_s": 19320.51953125,
  "mean_pcie_rx_mb_s": 11969.527774136604,
  "max_pcie_rx_mb_s": 17199.107421875,
  "mean_kv_cache_pct": 3.1046844744846056,
  "max_kv_cache_pct": 4.887931857477746,
  "p50_kv_cache_pct": 3.742322828381406,
  "p95_kv_cache_pct": 4.760641965355939,
  "mean_requests_running": 20.48993288590604,
  "max_requests_running": 24.0,
  "mean_requests_waiting": 0.0,
  "max_requests_waiting": 0.0
}