{
  "num_samples": 4114,
  "duration_s": 1766.3903307914734,
  "mean_power_w": 934.9453364122509,
  "max_power_w": 1025.44,
  "min_power_w": 78.018,
  "p50_power_w": 982.0260000000001,
  "p95_power_w": 1000.035,
  "mean_gpu_util_pct": 94.08264462809917,
  "max_gpu_util_pct": 100.0,
  "mean_gpu_mem_bw_util_pct": 24.71627369956247,
  "max_gpu_mem_bw_util_pct": 68.25,
  "mean_gpu_mem_used_gb": 362.19140625,
  "max_gpu_mem_used_gb": 362.19140625,
  "mean_gpu_temp_c": 87.27807486631016,
  "max_gpu_temp_c": 92.0,
  "mean_pcie_tx_mb_s": 33386.90741076583,
  "max_pcie_tx_mb_s": 97424.3955078125,
  "mean_pcie_rx_mb_s": 29066.49118126557,
  "max_pcie_rx_mb_s": 75252.92578125,
  "mean_kv_cache_pct": 80.0355096400004,
  "max_kv_cache_pct": 99.99575700359594,
  "p50_kv_cache_pct": 94.91052581332937,
  "p95_kv_cache_pct": 99.25535413108737,
  "mean_requests_running": 19.793581327498178,
  "max_requests_running": 40.0,
  "mean_requests_waiting": 14.307561390712376,
  "max_requests_waiting": 36.0
}