{
  "num_samples": 744,
  "duration_s": 256.8752386569977,
  "mean_power_w": 568.4870215053763,
  "max_power_w": 611.863,
  "min_power_w": 112.6,
  "p50_power_w": 599.9780000000001,
  "p95_power_w": 600.049,
  "mean_gpu_util_pct": 92.69153225806451,
  "max_gpu_util_pct": 100.0,
  "mean_gpu_mem_bw_util_pct": 61.76411290322581,
  "max_gpu_mem_bw_util_pct": 74.0,
  "mean_gpu_mem_used_gb": 176.45361328125,
  "max_gpu_mem_used_gb": 176.45361328125,
  "mean_gpu_temp_c": 84.67876344086021,
  "max_gpu_temp_c": 90.0,
  "mean_pcie_tx_mb_s": 7395.849453177503,
  "max_pcie_tx_mb_s": 53830.517578125,
  "mean_pcie_rx_mb_s": 7609.50625577537,
  "max_pcie_rx_mb_s": 54271.724609375,
  "mean_kv_cache_pct": 53.11164375412815,
  "max_kv_cache_pct": 78.13811522319725,
  "p50_kv_cache_pct": 66.41739793971766,
  "p95_kv_cache_pct": 76.96299122472338,
  "mean_requests_running": 28.368279569892472,
  "max_requests_running": 32.0,
  "mean_requests_waiting": 0.0,
  "max_requests_waiting": 0.0
}