{
  "num_samples": 6025,
  "duration_s": 2713.9529840946198,
  "mean_power_w": 772.4635415767635,
  "max_power_w": 1026.738,
  "min_power_w": 78.098,
  "p50_power_w": 766.221,
  "p95_power_w": 1000.0160000000001,
  "mean_gpu_util_pct": 96.83933609958507,
  "max_gpu_util_pct": 100.0,
  "mean_gpu_mem_bw_util_pct": 16.444647302904563,
  "max_gpu_mem_bw_util_pct": 57.0,
  "mean_gpu_mem_used_gb": 373.09765625,
  "max_gpu_mem_used_gb": 373.09765625,
  "mean_gpu_temp_c": 85.65195020746889,
  "max_gpu_temp_c": 92.0,
  "mean_pcie_tx_mb_s": 64704.77300700208,
  "max_pcie_tx_mb_s": 133155.392578125,
  "mean_pcie_rx_mb_s": 53856.30888031639,
  "max_pcie_rx_mb_s": 106966.6318359375,
  "mean_kv_cache_pct": 57.88148875061969,
  "max_kv_cache_pct": 75.93603919453435,
  "p50_kv_cache_pct": 62.93037576411362,
  "p95_kv_cache_pct": 75.10675116864437,
  "mean_requests_running": 24.909060061079064,
  "max_requests_running": 32.0,
  "mean_requests_waiting": 3.7826603325415675,
  "max_requests_waiting": 27.0
}