{
  "num_samples": 351,
  "duration_s": 149.96830010414124,
  "mean_power_w": 928.4922136752136,
  "max_power_w": 1023.236,
  "min_power_w": 358.144,
  "p50_power_w": 999.9580000000001,
  "p95_power_w": 1000.171,
  "mean_gpu_util_pct": 88.29415954415954,
  "max_gpu_util_pct": 100.0,
  "mean_gpu_mem_bw_util_pct": 41.57977207977208,
  "max_gpu_mem_bw_util_pct": 51.5,
  "mean_gpu_mem_used_gb": 326.48828125,
  "max_gpu_mem_used_gb": 326.48828125,
  "mean_gpu_temp_c": 86.76353276353277,
  "max_gpu_temp_c": 89.0,
  "mean_pcie_tx_mb_s": 20782.065251624823,
  "max_pcie_tx_mb_s": 30954.564453125,
  "mean_pcie_rx_mb_s": 18821.459304331376,
  "max_pcie_rx_mb_s": 29369.6904296875,
  "mean_kv_cache_pct": 12.623724218772642,
  "max_kv_cache_pct": 24.267817933024304,
  "p50_kv_cache_pct": 16.593298187179784,
  "p95_kv_cache_pct": 23.641975963425367,
  "mean_requests_running": 57.977207977207975,
  "max_requests_running": 72.0,
  "mean_requests_waiting": 0.0,
  "max_requests_waiting": 0.0
}