{
  "num_samples": 566,
  "duration_s": 242.24254727363586,
  "mean_power_w": 1049.4106625441696,
  "max_power_w": 1204.675,
  "min_power_w": 261.855,
  "p50_power_w": 1185.786,
  "p95_power_w": 1200.835,
  "mean_gpu_util_pct": 92.636925795053,
  "max_gpu_util_pct": 100.0,
  "mean_gpu_mem_bw_util_pct": 45.46024734982332,
  "max_gpu_mem_bw_util_pct": 61.75,
  "mean_gpu_mem_used_gb": 367.400634765625,
  "max_gpu_mem_used_gb": 367.400634765625,
  "mean_gpu_temp_c": 89.67491166077738,
  "max_gpu_temp_c": 92.0,
  "mean_pcie_tx_mb_s": 36498.02573397471,
  "max_pcie_tx_mb_s": 138119.36328125,
  "mean_pcie_rx_mb_s": 37318.29050663924,
  "max_pcie_rx_mb_s": 96115.431640625,
  "mean_kv_cache_pct": 27.79339329692687,
  "max_kv_cache_pct": 41.06060606060606,
  "p50_kv_cache_pct": 32.42424242424242,
  "p95_kv_cache_pct": 41.06060606060606,
  "mean_requests_running": 32.49116607773852,
  "max_requests_running": 40.0,
  "mean_requests_waiting": 0.6908127208480566,
  "max_requests_waiting": 7.0
}