{
  "num_samples": 1129,
  "duration_s": 484.8340241909027,
  "mean_power_w": 839.0747776793622,
  "max_power_w": 1030.397,
  "min_power_w": 97.001,
  "p50_power_w": 809.501,
  "p95_power_w": 1000.1129999999999,
  "mean_gpu_util_pct": 93.04583702391497,
  "max_gpu_util_pct": 100.0,
  "mean_gpu_mem_bw_util_pct": 33.37953941541187,
  "max_gpu_mem_bw_util_pct": 61.5,
  "mean_gpu_mem_used_gb": 367.381103515625,
  "max_gpu_mem_used_gb": 367.381103515625,
  "mean_gpu_temp_c": 86.19840566873339,
  "max_gpu_temp_c": 91.0,
  "mean_pcie_tx_mb_s": 52905.51629968445,
  "max_pcie_tx_mb_s": 130243.115234375,
  "mean_pcie_rx_mb_s": 46470.2365928089,
  "max_pcie_rx_mb_s": 114388.552734375,
  "mean_kv_cache_pct": 68.879807821349,
  "max_kv_cache_pct": 100.0,
  "p50_kv_cache_pct": 89.54545454545455,
  "p95_kv_cache_pct": 99.54545454545455,
  "mean_requests_running": 43.77413640389725,
  "max_requests_running": 64.0,
  "mean_requests_waiting": 8.378210806023029,
  "max_requests_waiting": 49.0
}