{
  "num_samples": 2355,
  "duration_s": 1065.3788847923279,
  "mean_power_w": 942.0480564755838,
  "max_power_w": 1127.413,
  "min_power_w": 101.821,
  "p50_power_w": 946.397,
  "p95_power_w": 1037.429,
  "mean_gpu_util_pct": 96.83365180467091,
  "max_gpu_util_pct": 100.0,
  "mean_gpu_mem_bw_util_pct": 24.163375796178343,
  "max_gpu_mem_bw_util_pct": 40.0,
  "mean_gpu_mem_used_gb": 343.899169921875,
  "max_gpu_mem_used_gb": 343.899169921875,
  "mean_gpu_temp_c": 88.5099787685775,
  "max_gpu_temp_c": 92.0,
  "mean_pcie_tx_mb_s": 31842.938568620622,
  "max_pcie_tx_mb_s": 103316.3046875,
  "mean_pcie_rx_mb_s": 46721.1983014862,
  "max_pcie_rx_mb_s": 131777.6015625,
  "mean_kv_cache_pct": 75.5157715260017,
  "max_kv_cache_pct": 100.0,
  "p50_kv_cache_pct": 83.0,
  "p95_kv_cache_pct": 99.0,
  "mean_requests_running": 23.06095481670929,
  "max_requests_running": 88.0,
  "mean_requests_waiting": 48.05669224211424,
  "max_requests_waiting": 85.0
}