{
  "num_samples": 469,
  "duration_s": 201.11073780059814,
  "mean_power_w": 1060.2503475479743,
  "max_power_w": 1210.67,
  "min_power_w": 389.144,
  "p50_power_w": 1179.283,
  "p95_power_w": 1200.544,
  "mean_gpu_util_pct": 92.71215351812367,
  "max_gpu_util_pct": 100.0,
  "mean_gpu_mem_bw_util_pct": 47.10660980810235,
  "max_gpu_mem_bw_util_pct": 61.5,
  "mean_gpu_mem_used_gb": 367.400634765625,
  "max_gpu_mem_used_gb": 367.400634765625,
  "mean_gpu_temp_c": 89.46481876332622,
  "max_gpu_temp_c": 92.0,
  "mean_pcie_tx_mb_s": 39244.90570862207,
  "max_pcie_tx_mb_s": 108867.978515625,
  "mean_pcie_rx_mb_s": 39499.30456464885,
  "max_pcie_rx_mb_s": 109943.802734375,
  "mean_kv_cache_pct": 44.49311882147703,
  "max_kv_cache_pct": 60.60606060606061,
  "p50_kv_cache_pct": 48.484848484848484,
  "p95_kv_cache_pct": 60.60606060606061,
  "mean_requests_running": 61.26226012793177,
  "max_requests_running": 80.0,
  "mean_requests_waiting": 2.739872068230277,
  "max_requests_waiting": 45.0
}