{
  "num_samples": 720,
  "duration_s": 248.5217206478119,
  "mean_power_w": 574.3846458333334,
  "max_power_w": 610.802,
  "min_power_w": 190.765,
  "p50_power_w": 599.988,
  "p95_power_w": 600.216,
  "mean_gpu_util_pct": 93.17569444444445,
  "max_gpu_util_pct": 100.0,
  "mean_gpu_mem_bw_util_pct": 62.67638888888889,
  "max_gpu_mem_bw_util_pct": 72.5,
  "mean_gpu_mem_used_gb": 169.05777994791666,
  "max_gpu_mem_used_gb": 169.53173828125,
  "mean_gpu_temp_c": 85.0625,
  "max_gpu_temp_c": 89.0,
  "mean_pcie_tx_mb_s": 5396.322890896267,
  "max_pcie_tx_mb_s": 51440.5537109375,
  "mean_pcie_rx_mb_s": 5377.353685167101,
  "max_pcie_rx_mb_s": 40870.2900390625,
  "mean_kv_cache_pct": 22.97607995252024,
  "max_kv_cache_pct": 35.16215185043876,
  "p50_kv_cache_pct": 26.921022510492175,
  "p95_kv_cache_pct": 34.42960702022128,
  "mean_requests_running": 20.729166666666668,
  "max_requests_running": 24.0,
  "mean_requests_waiting": 0.0,
  "max_requests_waiting": 0.0
}