{
  "num_samples": 395,
  "duration_s": 169.21556091308594,
  "mean_power_w": 905.2218101265822,
  "max_power_w": 1021.168,
  "min_power_w": 100.025,
  "p50_power_w": 999.9590000000001,
  "p95_power_w": 1000.13,
  "mean_gpu_util_pct": 86.36075949367088,
  "max_gpu_util_pct": 100.0,
  "mean_gpu_mem_bw_util_pct": 41.56962025316456,
  "max_gpu_mem_bw_util_pct": 55.25,
  "mean_gpu_mem_used_gb": 327.34765625,
  "max_gpu_mem_used_gb": 327.34765625,
  "mean_gpu_temp_c": 86.36708860759494,
  "max_gpu_temp_c": 89.0,
  "mean_pcie_tx_mb_s": 18504.961617385285,
  "max_pcie_tx_mb_s": 31282.1484375,
  "mean_pcie_rx_mb_s": 16966.48498813291,
  "max_pcie_rx_mb_s": 27868.6787109375,
  "mean_kv_cache_pct": 22.960628618715347,
  "max_kv_cache_pct": 43.8471248395617,
  "p50_kv_cache_pct": 31.643206432382552,
  "p95_kv_cache_pct": 43.22022212086175,
  "mean_requests_running": 55.11139240506329,
  "max_requests_running": 72.0,
  "mean_requests_waiting": 0.0,
  "max_requests_waiting": 0.0
}