{
  "num_samples": 2065,
  "duration_s": 880.3985171318054,
  "mean_power_w": 844.183625181598,
  "max_power_w": 869.037,
  "min_power_w": 368.01300000000003,
  "p50_power_w": 852.464,
  "p95_power_w": 860.748,
  "mean_gpu_util_pct": 97.26416464891041,
  "max_gpu_util_pct": 99.0,
  "mean_gpu_mem_bw_util_pct": 26.292857142857144,
  "max_gpu_mem_bw_util_pct": 29.75,
  "mean_gpu_mem_used_gb": 326.41015625,
  "max_gpu_mem_used_gb": 326.41015625,
  "mean_gpu_temp_c": 86.17239709443099,
  "max_gpu_temp_c": 88.0,
  "mean_pcie_tx_mb_s": 2653.3360566737288,
  "max_pcie_tx_mb_s": 6705.5615234375,
  "mean_pcie_rx_mb_s": 2618.188983523759,
  "max_pcie_rx_mb_s": 6448.87109375,
  "mean_kv_cache_pct": 0.33195745014305866,
  "max_kv_cache_pct": 0.40732765478981303,
  "p50_kv_cache_pct": 0.33731821412281704,
  "p95_kv_cache_pct": 0.40096316018372047,
  "mean_requests_running": 1.962227602905569,
  "max_requests_running": 2.0,
  "mean_requests_waiting": 0.0,
  "max_requests_waiting": 0.0
}