{
  "num_samples": 12476,
  "duration_s": 5328.5538494586945,
  "mean_power_w": 962.1062034305867,
  "max_power_w": 1021.331,
  "min_power_w": 99.054,
  "p50_power_w": 999.998,
  "p95_power_w": 1000.814,
  "mean_gpu_util_pct": 98.4601434754729,
  "max_gpu_util_pct": 100.0,
  "mean_gpu_mem_bw_util_pct": 43.63219381211927,
  "max_gpu_mem_bw_util_pct": 50.75,
  "mean_gpu_mem_used_gb": 341.7668354490622,
  "max_gpu_mem_used_gb": 342.921875,
  "mean_gpu_temp_c": 87.7922411029176,
  "max_gpu_temp_c": 90.0,
  "mean_pcie_tx_mb_s": 15168.38283825257,
  "max_pcie_tx_mb_s": 128494.970703125,
  "mean_pcie_rx_mb_s": 12709.204665301128,
  "max_pcie_rx_mb_s": 106707.740234375,
  "mean_kv_cache_pct": 1.0059209403017475,
  "max_kv_cache_pct": 1.2225818051060822,
  "p50_kv_cache_pct": 1.1810050341603762,
  "p95_kv_cache_pct": 1.2192107155699405,
  "mean_requests_running": 0.8473068291118948,
  "max_requests_running": 1.0,
  "mean_requests_waiting": 0.0,
  "max_requests_waiting": 0.0
}