{
  "num_samples": 487,
  "duration_s": 207.9465479850769,
  "mean_power_w": 888.9500924024641,
  "max_power_w": 981.723,
  "min_power_w": 340.879,
  "p50_power_w": 934.444,
  "p95_power_w": 978.473,
  "mean_gpu_util_pct": 90.85780287474333,
  "max_gpu_util_pct": 99.25,
  "mean_gpu_mem_bw_util_pct": 32.93429158110883,
  "max_gpu_mem_bw_util_pct": 41.75,
  "mean_gpu_mem_used_gb": 334.26953125,
  "max_gpu_mem_used_gb": 334.26953125,
  "mean_gpu_temp_c": 85.93018480492813,
  "max_gpu_temp_c": 88.0,
  "mean_pcie_tx_mb_s": 38200.80314745893,
  "max_pcie_tx_mb_s": 78922.404296875,
  "mean_pcie_rx_mb_s": 31750.345510619867,
  "max_pcie_rx_mb_s": 61236.5908203125,
  "mean_kv_cache_pct": 13.606721080343517,
  "max_kv_cache_pct": 25.836030204962245,
  "p50_kv_cache_pct": 17.648777418194893,
  "p95_kv_cache_pct": 25.119111830276875,
  "mean_requests_running": 60.782340862423,
  "max_requests_running": 72.0,
  "mean_requests_waiting": 0.0,
  "max_requests_waiting": 0.0
}