{
  "num_samples": 10185,
  "duration_s": 3495.3466641902924,
  "mean_power_w": 572.6032602847324,
  "max_power_w": 611.244,
  "min_power_w": 44.488,
  "p50_power_w": 592.575,
  "p95_power_w": 602.3720000000001,
  "mean_gpu_util_pct": 94.70927835051546,
  "max_gpu_util_pct": 100.0,
  "mean_gpu_mem_bw_util_pct": 34.00790378006873,
  "max_gpu_mem_bw_util_pct": 56.5,
  "mean_gpu_mem_used_gb": 176.45361328125,
  "max_gpu_mem_used_gb": 176.45361328125,
  "mean_gpu_temp_c": 87.37565046637212,
  "max_gpu_temp_c": 93.0,
  "mean_pcie_tx_mb_s": 5379.286974372545,
  "max_pcie_tx_mb_s": 54670.5771484375,
  "mean_pcie_rx_mb_s": 5329.036742049429,
  "max_pcie_rx_mb_s": 54013.990234375,
  "mean_kv_cache_pct": 15.55499789566428,
  "max_kv_cache_pct": 31.74360930942388,
  "p50_kv_cache_pct": 0.0,
  "p95_kv_cache_pct": 31.697825257535296,
  "mean_requests_running": 0.4937653411880216,
  "max_requests_running": 1.0,
  "mean_requests_waiting": 0.0,
  "max_requests_waiting": 0.0
}