{
  "num_samples": 713,
  "duration_s": 318.76388144493103,
  "mean_power_w": 1033.1746325385695,
  "max_power_w": 1142.012,
  "min_power_w": 383.59299999999996,
  "p50_power_w": 1124.558,
  "p95_power_w": 1138.5839999999998,
  "mean_gpu_util_pct": 95.49123422159887,
  "max_gpu_util_pct": 100.0,
  "mean_gpu_mem_bw_util_pct": 35.34572230014025,
  "max_gpu_mem_bw_util_pct": 44.75,
  "mean_gpu_mem_used_gb": 343.688232421875,
  "max_gpu_mem_used_gb": 343.688232421875,
  "mean_gpu_temp_c": 88.726507713885,
  "max_gpu_temp_c": 91.0,
  "mean_pcie_tx_mb_s": 22481.868847519283,
  "max_pcie_tx_mb_s": 100158.931640625,
  "mean_pcie_rx_mb_s": 28258.51152425929,
  "max_pcie_rx_mb_s": 129481.6435546875,
  "mean_kv_cache_pct": 21.14726507713885,
  "max_kv_cache_pct": 30.0,
  "p50_kv_cache_pct": 25.0,
  "p95_kv_cache_pct": 30.0,
  "mean_requests_running": 18.451612903225808,
  "max_requests_running": 24.0,
  "mean_requests_waiting": 1.549789621318373,
  "max_requests_waiting": 15.0
}