{
  "num_samples": 722,
  "duration_s": 309.1105077266693,
  "mean_power_w": 922.5824903047092,
  "max_power_w": 984.832,
  "min_power_w": 104.298,
  "p50_power_w": 977.359,
  "p95_power_w": 982.124,
  "mean_gpu_util_pct": 91.92970914127424,
  "max_gpu_util_pct": 99.25,
  "mean_gpu_mem_bw_util_pct": 37.49134349030471,
  "max_gpu_mem_bw_util_pct": 47.5,
  "mean_gpu_mem_used_gb": 335.44140625,
  "max_gpu_mem_used_gb": 335.44140625,
  "mean_gpu_temp_c": 86.75761772853186,
  "max_gpu_temp_c": 89.0,
  "mean_pcie_tx_mb_s": 40969.40305250173,
  "max_pcie_tx_mb_s": 74662.9013671875,
  "mean_pcie_rx_mb_s": 37970.23463604787,
  "max_pcie_rx_mb_s": 57144.3056640625,
  "mean_kv_cache_pct": 14.943548101930293,
  "max_kv_cache_pct": 20.71197411003236,
  "p50_kv_cache_pct": 19.17138619201726,
  "p95_kv_cache_pct": 20.52431679252068,
  "mean_requests_running": 29.458448753462605,
  "max_requests_running": 32.0,
  "mean_requests_waiting": 0.0,
  "max_requests_waiting": 0.0
}