{
  "num_samples": 2833,
  "duration_s": 1208.190929889679,
  "mean_power_w": 983.7229915284152,
  "max_power_w": 996.1279999999999,
  "min_power_w": 366.73199999999997,
  "p50_power_w": 992.277,
  "p95_power_w": 993.936,
  "mean_gpu_util_pct": 97.76606071302506,
  "max_gpu_util_pct": 99.0,
  "mean_gpu_mem_bw_util_pct": 46.398164489939994,
  "max_gpu_mem_bw_util_pct": 47.75,
  "mean_gpu_mem_used_gb": 334.19140625,
  "max_gpu_mem_used_gb": 334.19140625,
  "mean_gpu_temp_c": 86.92375573596894,
  "max_gpu_temp_c": 89.0,
  "mean_pcie_tx_mb_s": 10253.508055520319,
  "max_pcie_tx_mb_s": 28322.5732421875,
  "mean_pcie_rx_mb_s": 16362.436421058728,
  "max_pcie_rx_mb_s": 23928.9052734375,
  "mean_kv_cache_pct": 0.6982458942755243,
  "max_kv_cache_pct": 0.8629989212513456,
  "p50_kv_cache_pct": 0.7146709816612695,
  "p95_kv_cache_pct": 0.8495145631068013,
  "mean_requests_running": 3.943522767384398,
  "max_requests_running": 4.0,
  "mean_requests_waiting": 0.0,
  "max_requests_waiting": 0.0
}