{
  "num_samples": 627,
  "duration_s": 268.3800365924835,
  "mean_power_w": 943.1636937799043,
  "max_power_w": 1029.623,
  "min_power_w": 375.903,
  "p50_power_w": 999.97,
  "p95_power_w": 1000.185,
  "mean_gpu_util_pct": 93.52272727272727,
  "max_gpu_util_pct": 100.0,
  "mean_gpu_mem_bw_util_pct": 46.08811802232855,
  "max_gpu_mem_bw_util_pct": 54.5,
  "mean_gpu_mem_used_gb": 330.0828329813347,
  "max_gpu_mem_used_gb": 331.912353515625,
  "mean_gpu_temp_c": 87.45773524720893,
  "max_gpu_temp_c": 90.0,
  "mean_pcie_tx_mb_s": 22065.91642680921,
  "max_pcie_tx_mb_s": 94349.0595703125,
  "mean_pcie_rx_mb_s": 28891.828061141845,
  "max_pcie_rx_mb_s": 79655.8427734375,
  "mean_kv_cache_pct": 11.005751292832631,
  "max_kv_cache_pct": 18.939393939393945,
  "p50_kv_cache_pct": 12.121212121212121,
  "p95_kv_cache_pct": 12.121212121212121,
  "mean_requests_running": 14.94896331738437,
  "max_requests_running": 16.0,
  "mean_requests_waiting": 0.0,
  "max_requests_waiting": 0.0
}