{
  "num_samples": 773,
  "duration_s": 330.27587842941284,
  "mean_power_w": 910.3991604139716,
  "max_power_w": 1005.527,
  "min_power_w": 368.891,
  "p50_power_w": 933.359,
  "p95_power_w": 999.7719999999999,
  "mean_gpu_util_pct": 94.31597671410091,
  "max_gpu_util_pct": 99.0,
  "mean_gpu_mem_bw_util_pct": 37.88195342820181,
  "max_gpu_mem_bw_util_pct": 48.25,
  "mean_gpu_mem_used_gb": 334.19140625,
  "max_gpu_mem_used_gb": 334.19140625,
  "mean_gpu_temp_c": 86.34670116429496,
  "max_gpu_temp_c": 88.0,
  "mean_pcie_tx_mb_s": 36590.90421096782,
  "max_pcie_tx_mb_s": 67850.580078125,
  "mean_pcie_rx_mb_s": 34529.04660590839,
  "max_pcie_rx_mb_s": 56612.546875,
  "mean_kv_cache_pct": 3.338615724517645,
  "max_kv_cache_pct": 5.177993527508096,
  "p50_kv_cache_pct": 3.9644012944983764,
  "p95_kv_cache_pct": 5.046521035598706,
  "mean_requests_running": 21.021992238033636,
  "max_requests_running": 24.0,
  "mean_requests_waiting": 0.0,
  "max_requests_waiting": 0.0
}