{
  "num_samples": 5644,
  "duration_s": 2414.2030901908875,
  "mean_power_w": 942.4329484408221,
  "max_power_w": 1002.118,
  "min_power_w": 80.144,
  "p50_power_w": 983.185,
  "p95_power_w": 992.439,
  "mean_gpu_util_pct": 94.34718284904324,
  "max_gpu_util_pct": 100.0,
  "mean_gpu_mem_bw_util_pct": 23.63536498936924,
  "max_gpu_mem_bw_util_pct": 38.5,
  "mean_gpu_mem_used_gb": 362.19140625,
  "max_gpu_mem_used_gb": 362.19140625,
  "mean_gpu_temp_c": 87.67399007795889,
  "max_gpu_temp_c": 92.0,
  "mean_pcie_tx_mb_s": 23754.324454066264,
  "max_pcie_tx_mb_s": 94273.8720703125,
  "mean_pcie_rx_mb_s": 20108.747246453644,
  "max_pcie_rx_mb_s": 80551.6787109375,
  "mean_kv_cache_pct": 6.034915124247137,
  "max_kv_cache_pct": 8.825432520445942,
  "p50_kv_cache_pct": 8.69071738461702,
  "p95_kv_cache_pct": 8.810582033031721,
  "mean_requests_running": 1.3880226789510985,
  "max_requests_running": 2.0,
  "mean_requests_waiting": 0.0,
  "max_requests_waiting": 0.0
}