{
  "num_samples": 834,
  "duration_s": 375.3877809047699,
  "mean_power_w": 994.1697793764988,
  "max_power_w": 1165.667,
  "min_power_w": 377.174,
  "p50_power_w": 952.446,
  "p95_power_w": 1158.763,
  "mean_gpu_util_pct": 95.44754196642685,
  "max_gpu_util_pct": 100.0,
  "mean_gpu_mem_bw_util_pct": 29.22661870503597,
  "max_gpu_mem_bw_util_pct": 43.0,
  "mean_gpu_mem_used_gb": 343.688232421875,
  "max_gpu_mem_used_gb": 343.688232421875,
  "mean_gpu_temp_c": 88.41127098321343,
  "max_gpu_temp_c": 92.0,
  "mean_pcie_tx_mb_s": 31512.636670741533,
  "max_pcie_tx_mb_s": 97171.7724609375,
  "mean_pcie_rx_mb_s": 40778.498524617804,
  "max_pcie_rx_mb_s": 131407.8798828125,
  "mean_kv_cache_pct": 57.97482014388489,
  "max_kv_cache_pct": 100.0,
  "p50_kv_cache_pct": 66.0,
  "p95_kv_cache_pct": 100.0,
  "mean_requests_running": 42.04796163069545,
  "max_requests_running": 88.0,
  "mean_requests_waiting": 8.015587529976019,
  "max_requests_waiting": 40.0
}