{
  "num_samples": 954,
  "duration_s": 409.76611518859863,
  "mean_power_w": 865.0819329140461,
  "max_power_w": 1020.192,
  "min_power_w": 93.72800000000001,
  "p50_power_w": 854.3489999999999,
  "p95_power_w": 1000.115,
  "mean_gpu_util_pct": 91.82416142557652,
  "max_gpu_util_pct": 100.0,
  "mean_gpu_mem_bw_util_pct": 33.0251572327044,
  "max_gpu_mem_bw_util_pct": 61.5,
  "mean_gpu_mem_used_gb": 362.19140625,
  "max_gpu_mem_used_gb": 362.19140625,
  "mean_gpu_temp_c": 85.68763102725367,
  "max_gpu_temp_c": 90.0,
  "mean_pcie_tx_mb_s": 41459.987247363075,
  "max_pcie_tx_mb_s": 136352.951171875,
  "mean_pcie_rx_mb_s": 35331.017249533215,
  "max_pcie_rx_mb_s": 107323.1923828125,
  "mean_kv_cache_pct": 44.8711435571356,
  "max_kv_cache_pct": 73.78888971391598,
  "p50_kv_cache_pct": 54.183064079853196,
  "p95_kv_cache_pct": 73.05060833960944,
  "mean_requests_running": 47.61006289308176,
  "max_requests_running": 64.0,
  "mean_requests_waiting": 6.8584905660377355,
  "max_requests_waiting": 49.0
}