{
  "num_samples": 354,
  "duration_s": 151.30725145339966,
  "mean_power_w": 941.3792457627119,
  "max_power_w": 1027.285,
  "min_power_w": 375.106,
  "p50_power_w": 999.974,
  "p95_power_w": 1000.121,
  "mean_gpu_util_pct": 90.24435028248588,
  "max_gpu_util_pct": 100.0,
  "mean_gpu_mem_bw_util_pct": 41.43008474576271,
  "max_gpu_mem_bw_util_pct": 49.5,
  "mean_gpu_mem_used_gb": 326.41015625,
  "max_gpu_mem_used_gb": 326.41015625,
  "mean_gpu_temp_c": 87.07344632768361,
  "max_gpu_temp_c": 89.0,
  "mean_pcie_tx_mb_s": 18716.247401350636,
  "max_pcie_tx_mb_s": 34807.158203125,
  "mean_pcie_rx_mb_s": 17264.712705795373,
  "max_pcie_rx_mb_s": 29779.748046875,
  "mean_kv_cache_pct": 5.857267758423202,
  "max_kv_cache_pct": 11.29485642760918,
  "p50_kv_cache_pct": 7.783776903249073,
  "p95_kv_cache_pct": 11.032851399658439,
  "mean_requests_running": 44.08474576271186,
  "max_requests_running": 56.0,
  "mean_requests_waiting": 0.0,
  "max_requests_waiting": 0.0
}