{
  "num_samples": 2090,
  "duration_s": 891.5196087360382,
  "mean_power_w": 852.0569961722488,
  "max_power_w": 881.9060000000001,
  "min_power_w": 333.717,
  "p50_power_w": 863.102,
  "p95_power_w": 872.444,
  "mean_gpu_util_pct": 96.97894736842105,
  "max_gpu_util_pct": 99.0,
  "mean_gpu_mem_bw_util_pct": 26.82751196172249,
  "max_gpu_mem_bw_util_pct": 30.25,
  "mean_gpu_mem_used_gb": 326.48828125,
  "max_gpu_mem_used_gb": 326.48828125,
  "mean_gpu_temp_c": 85.99473684210527,
  "max_gpu_temp_c": 88.0,
  "mean_pcie_tx_mb_s": 2628.219649932715,
  "max_pcie_tx_mb_s": 7526.0625,
  "mean_pcie_rx_mb_s": 2604.824407988188,
  "max_pcie_rx_mb_s": 11288.7705078125,
  "mean_kv_cache_pct": 0.5945635745762701,
  "max_kv_cache_pct": 0.6788794246496921,
  "p50_kv_cache_pct": 0.6099307330837078,
  "p95_kv_cache_pct": 0.6725149300435995,
  "mean_requests_running": 1.9564593301435407,
  "max_requests_running": 2.0,
  "mean_requests_waiting": 0.0,
  "max_requests_waiting": 0.0
}