{
  "num_samples": 1828,
  "duration_s": 785.4856884479523,
  "mean_power_w": 885.9764562363239,
  "max_power_w": 1022.962,
  "min_power_w": 88.421,
  "p50_power_w": 909.818,
  "p95_power_w": 1000.046,
  "mean_gpu_util_pct": 92.7335886214442,
  "max_gpu_util_pct": 100.0,
  "mean_gpu_mem_bw_util_pct": 29.49781181619256,
  "max_gpu_mem_bw_util_pct": 66.5,
  "mean_gpu_mem_used_gb": 362.19140625,
  "max_gpu_mem_used_gb": 362.19140625,
  "mean_gpu_temp_c": 86.88840262582058,
  "max_gpu_temp_c": 92.0,
  "mean_pcie_tx_mb_s": 38833.722970374045,
  "max_pcie_tx_mb_s": 90406.5244140625,
  "mean_pcie_rx_mb_s": 33462.07324806397,
  "max_pcie_rx_mb_s": 85390.3779296875,
  "mean_kv_cache_pct": 58.63219861883968,
  "max_kv_cache_pct": 89.5441961112938,
  "p50_kv_cache_pct": 66.13452420099074,
  "p95_kv_cache_pct": 89.16869092953443,
  "mean_requests_running": 28.606673960612692,
  "max_requests_running": 40.0,
  "mean_requests_waiting": 4.863238512035011,
  "max_requests_waiting": 32.0
}