{
  "num_samples": 247,
  "duration_s": 110.2345609664917,
  "mean_power_w": 658.8966396761134,
  "max_power_w": 974.193,
  "min_power_w": 366.964,
  "p50_power_w": 588.311,
  "p95_power_w": 962.9939999999999,
  "mean_gpu_util_pct": 87.36740890688259,
  "max_gpu_util_pct": 100.0,
  "mean_gpu_mem_bw_util_pct": 11.131578947368421,
  "max_gpu_mem_bw_util_pct": 18.5,
  "mean_gpu_mem_used_gb": 333.46250810507337,
  "max_gpu_mem_used_gb": 333.547607421875,
  "mean_gpu_temp_c": 83.2753036437247,
  "max_gpu_temp_c": 90.0,
  "mean_pcie_tx_mb_s": 8400.484738739879,
  "max_pcie_tx_mb_s": 64120.0390625,
  "mean_pcie_rx_mb_s": 11131.94425290992,
  "max_pcie_rx_mb_s": 73223.76953125,
  "mean_kv_cache_pct": 5.696356275303644,
  "max_kv_cache_pct": 7.000000000000001,
  "p50_kv_cache_pct": 6.0,
  "p95_kv_cache_pct": 7.000000000000001,
  "mean_requests_running": 0.7530364372469636,
  "max_requests_running": 1.0,
  "mean_requests_waiting": 0.0,
  "max_requests_waiting": 0.0
}