{
  "num_samples": 2405,
  "duration_s": 1026.9617340564728,
  "mean_power_w": 925.48798004158,
  "max_power_w": 964.76,
  "min_power_w": 102.769,
  "p50_power_w": 955.856,
  "p95_power_w": 962.0740000000001,
  "mean_gpu_util_pct": 96.77422037422038,
  "max_gpu_util_pct": 100.0,
  "mean_gpu_mem_bw_util_pct": 36.25977130977131,
  "max_gpu_mem_bw_util_pct": 40.25,
  "mean_gpu_mem_used_gb": 367.381103515625,
  "max_gpu_mem_used_gb": 367.381103515625,
  "mean_gpu_temp_c": 87.44656964656964,
  "max_gpu_temp_c": 90.0,
  "mean_pcie_tx_mb_s": 12023.125707347974,
  "max_pcie_tx_mb_s": 91665.7080078125,
  "mean_pcie_rx_mb_s": 12679.092853430353,
  "max_pcie_rx_mb_s": 73674.861328125,
  "mean_kv_cache_pct": 2.1741321741321773,
  "max_kv_cache_pct": 2.8787878787878807,
  "p50_kv_cache_pct": 2.4242424242424288,
  "p95_kv_cache_pct": 2.4242424242424288,
  "mean_requests_running": 1.847817047817048,
  "max_requests_running": 2.0,
  "mean_requests_waiting": 0.0,
  "max_requests_waiting": 0.0
}