{
  "num_samples": 592,
  "duration_s": 254.33608984947205,
  "mean_power_w": 924.3248378378379,
  "max_power_w": 1003.871,
  "min_power_w": 104.993,
  "p50_power_w": 992.37,
  "p95_power_w": 1000.268,
  "mean_gpu_util_pct": 91.4679054054054,
  "max_gpu_util_pct": 100.0,
  "mean_gpu_mem_bw_util_pct": 33.7820945945946,
  "max_gpu_mem_bw_util_pct": 49.5,
  "mean_gpu_mem_used_gb": 335.44140625,
  "max_gpu_mem_used_gb": 335.44140625,
  "mean_gpu_temp_c": 87.25675675675676,
  "max_gpu_temp_c": 90.0,
  "mean_pcie_tx_mb_s": 39887.07146062078,
  "max_pcie_tx_mb_s": 75220.603515625,
  "mean_pcie_rx_mb_s": 33968.08876326277,
  "max_pcie_rx_mb_s": 54533.7001953125,
  "mean_kv_cache_pct": 27.925450860447825,
  "max_kv_cache_pct": 67.19817511686443,
  "p50_kv_cache_pct": 14.484448040273278,
  "p95_kv_cache_pct": 66.29809421071558,
  "mean_requests_running": 77.40371621621621,
  "max_requests_running": 104.0,
  "mean_requests_waiting": 0.0,
  "max_requests_waiting": 0.0
}