{
  "num_samples": 926,
  "duration_s": 394.79480814933777,
  "mean_power_w": 954.3014686825054,
  "max_power_w": 990.3,
  "min_power_w": 351.445,
  "p50_power_w": 985.201,
  "p95_power_w": 988.886,
  "mean_gpu_util_pct": 94.66711663066954,
  "max_gpu_util_pct": 99.0,
  "mean_gpu_mem_bw_util_pct": 41.80534557235421,
  "max_gpu_mem_bw_util_pct": 46.5,
  "mean_gpu_mem_used_gb": 334.26953125,
  "max_gpu_mem_used_gb": 334.26953125,
  "mean_gpu_temp_c": 86.38012958963283,
  "max_gpu_temp_c": 89.0,
  "mean_pcie_tx_mb_s": 28868.851022543196,
  "max_pcie_tx_mb_s": 39592.7587890625,
  "mean_pcie_rx_mb_s": 26904.195712194585,
  "max_pcie_rx_mb_s": 39719.689453125,
  "mean_kv_cache_pct": 4.4917875016600615,
  "max_kv_cache_pct": 5.753326141675652,
  "p50_kv_cache_pct": 5.082479323984179,
  "p95_kv_cache_pct": 5.681409564904715,
  "mean_requests_running": 15.224622030237581,
  "max_requests_running": 16.0,
  "mean_requests_waiting": 0.0,
  "max_requests_waiting": 0.0
}