{
  "num_samples": 110,
  "duration_s": 47.79146885871887,
  "mean_power_w": 580.1636,
  "max_power_w": 845.475,
  "min_power_w": 340.801,
  "p50_power_w": 640.64,
  "p95_power_w": 656.357,
  "mean_gpu_util_pct": 75.63181818181818,
  "max_gpu_util_pct": 100.0,
  "mean_gpu_mem_bw_util_pct": 14.593181818181819,
  "max_gpu_mem_bw_util_pct": 19.5,
  "mean_gpu_mem_used_gb": 326.9439142400568,
  "max_gpu_mem_used_gb": 327.352294921875,
  "mean_gpu_temp_c": 77.5,
  "max_gpu_temp_c": 81.0,
  "mean_pcie_tx_mb_s": 2010.6895063920454,
  "max_pcie_tx_mb_s": 44462.4306640625,
  "mean_pcie_rx_mb_s": 2538.7520862926135,
  "max_pcie_rx_mb_s": 51508.9736328125,
  "mean_kv_cache_pct": 0.7272727272727273,
  "max_kv_cache_pct": 2.0,
  "p50_kv_cache_pct": 0.0,
  "p95_kv_cache_pct": 2.0,
  "mean_requests_running": 0.9818181818181818,
  "max_requests_running": 1.0,
  "mean_requests_waiting": 0.0,
  "max_requests_waiting": 0.0
}