{
  "num_samples": 10914,
  "duration_s": 4897.340343952179,
  "mean_power_w": 818.282538299432,
  "max_power_w": 950.0,
  "min_power_w": 78.75399999999999,
  "p50_power_w": 912.221,
  "p95_power_w": 939.731,
  "mean_gpu_util_pct": 97.89426424775517,
  "max_gpu_util_pct": 100.0,
  "mean_gpu_mem_bw_util_pct": 18.416781198460694,
  "max_gpu_mem_bw_util_pct": 29.25,
  "mean_gpu_mem_used_gb": 343.930419921875,
  "max_gpu_mem_used_gb": 343.930419921875,
  "mean_gpu_temp_c": 85.5488363569727,
  "max_gpu_temp_c": 91.0,
  "mean_pcie_tx_mb_s": 23353.041144115356,
  "max_pcie_tx_mb_s": 100395.736328125,
  "mean_pcie_rx_mb_s": 30824.14696209785,
  "max_pcie_rx_mb_s": 132354.53515625,
  "mean_kv_cache_pct": 15.93548978282782,
  "max_kv_cache_pct": 22.0,
  "p50_kv_cache_pct": 15.0,
  "p95_kv_cache_pct": 22.0,
  "mean_requests_running": 1.1431320443507742,
  "max_requests_running": 2.0,
  "mean_requests_waiting": 0.23604874919820398,
  "max_requests_waiting": 1.0
}