{
  "num_samples": 680,
  "duration_s": 291.744544506073,
  "mean_power_w": 991.1080235294118,
  "max_power_w": 1216.575,
  "min_power_w": 109.561,
  "p50_power_w": 1006.706,
  "p95_power_w": 1200.509,
  "mean_gpu_util_pct": 92.33492647058823,
  "max_gpu_util_pct": 100.0,
  "mean_gpu_mem_bw_util_pct": 39.30735294117647,
  "max_gpu_mem_bw_util_pct": 62.5,
  "mean_gpu_mem_used_gb": 367.400634765625,
  "max_gpu_mem_used_gb": 367.400634765625,
  "mean_gpu_temp_c": 87.8529411764706,
  "max_gpu_temp_c": 92.0,
  "mean_pcie_tx_mb_s": 49924.48675608916,
  "max_pcie_tx_mb_s": 130920.5517578125,
  "mean_pcie_rx_mb_s": 45541.783006376376,
  "max_pcie_rx_mb_s": 109124.296875,
  "mean_kv_cache_pct": 55.48729946524064,
  "max_kv_cache_pct": 99.54545454545455,
  "p50_kv_cache_pct": 58.18181818181818,
  "p95_kv_cache_pct": 96.96969696969697,
  "mean_requests_running": 54.004411764705885,
  "max_requests_running": 80.0,
  "mean_requests_waiting": 6.4941176470588236,
  "max_requests_waiting": 53.0
}