{
  "num_samples": 543,
  "duration_s": 231.78172087669373,
  "mean_power_w": 917.7326077348066,
  "max_power_w": 987.02,
  "min_power_w": 322.775,
  "p50_power_w": 972.3489999999999,
  "p95_power_w": 985.808,
  "mean_gpu_util_pct": 91.61418047882137,
  "max_gpu_util_pct": 99.5,
  "mean_gpu_mem_bw_util_pct": 36.722375690607734,
  "max_gpu_mem_bw_util_pct": 44.75,
  "mean_gpu_mem_used_gb": 334.26953125,
  "max_gpu_mem_used_gb": 334.26953125,
  "mean_gpu_temp_c": 86.12891344383057,
  "max_gpu_temp_c": 89.0,
  "mean_pcie_tx_mb_s": 34117.51411069866,
  "max_pcie_tx_mb_s": 62553.375,
  "mean_pcie_rx_mb_s": 28953.34183464261,
  "max_pcie_rx_mb_s": 48464.8095703125,
  "mean_kv_cache_pct": 10.664442782284153,
  "max_kv_cache_pct": 20.0782092772384,
  "p50_kv_cache_pct": 16.174487594390506,
  "p95_kv_cache_pct": 19.719750089895715,
  "mean_requests_running": 44.16574585635359,
  "max_requests_running": 56.0,
  "mean_requests_waiting": 0.0,
  "max_requests_waiting": 0.0
}