{
  "num_samples": 9363,
  "duration_s": 4180.416442394257,
  "mean_power_w": 753.8299443554416,
  "max_power_w": 943.127,
  "min_power_w": 92.612,
  "p50_power_w": 681.524,
  "p95_power_w": 935.9399999999999,
  "mean_gpu_util_pct": 98.14415785538823,
  "max_gpu_util_pct": 100.0,
  "mean_gpu_mem_bw_util_pct": 19.677800918509025,
  "max_gpu_mem_bw_util_pct": 29.0,
  "mean_gpu_mem_used_gb": 343.930419921875,
  "max_gpu_mem_used_gb": 343.930419921875,
  "mean_gpu_temp_c": 86.2271707785966,
  "max_gpu_temp_c": 90.0,
  "mean_pcie_tx_mb_s": 13618.636331587766,
  "max_pcie_tx_mb_s": 100769.2861328125,
  "mean_pcie_rx_mb_s": 20051.36320323347,
  "max_pcie_rx_mb_s": 133347.7333984375,
  "mean_kv_cache_pct": 8.137135533482859,
  "max_kv_cache_pct": 15.0,
  "p50_kv_cache_pct": 8.0,
  "p95_kv_cache_pct": 15.0,
  "mean_requests_running": 0.9191498451351062,
  "max_requests_running": 1.0,
  "mean_requests_waiting": 0.0,
  "max_requests_waiting": 0.0
}