{
  "num_samples": 3751,
  "duration_s": 1601.7289786338806,
  "mean_power_w": 987.7136827512663,
  "max_power_w": 1016.744,
  "min_power_w": 148.217,
  "p50_power_w": 1000.013,
  "p95_power_w": 1005.827,
  "mean_gpu_util_pct": 97.71034390829112,
  "max_gpu_util_pct": 99.0,
  "mean_gpu_mem_bw_util_pct": 36.70867768595041,
  "max_gpu_mem_bw_util_pct": 38.5,
  "mean_gpu_mem_used_gb": 367.381103515625,
  "max_gpu_mem_used_gb": 367.381103515625,
  "mean_gpu_temp_c": 87.9306851506265,
  "max_gpu_temp_c": 90.0,
  "mean_pcie_tx_mb_s": 4978.809876220508,
  "max_pcie_tx_mb_s": 85890.0068359375,
  "mean_pcie_rx_mb_s": 6278.245834704496,
  "max_pcie_rx_mb_s": 73332.1376953125,
  "mean_kv_cache_pct": 0.8716463488524226,
  "max_kv_cache_pct": 1.3636363636363669,
  "p50_kv_cache_pct": 0.9090909090909038,
  "p95_kv_cache_pct": 0.9090909090909038,
  "mean_requests_running": 0.9669421487603306,
  "max_requests_running": 1.0,
  "mean_requests_waiting": 0.0,
  "max_requests_waiting": 0.0
}