{
  "num_samples": 385,
  "duration_s": 164.56897115707397,
  "mean_power_w": 943.9114337662338,
  "max_power_w": 1030.3290000000002,
  "min_power_w": 371.263,
  "p50_power_w": 999.972,
  "p95_power_w": 1000.066,
  "mean_gpu_util_pct": 89.88376623376624,
  "max_gpu_util_pct": 99.5,
  "mean_gpu_mem_bw_util_pct": 43.46233766233766,
  "max_gpu_mem_bw_util_pct": 49.25,
  "mean_gpu_mem_used_gb": 326.41015625,
  "max_gpu_mem_used_gb": 326.41015625,
  "mean_gpu_temp_c": 86.84415584415585,
  "max_gpu_temp_c": 89.0,
  "mean_pcie_tx_mb_s": 15233.485485998377,
  "max_pcie_tx_mb_s": 28793.0654296875,
  "mean_pcie_rx_mb_s": 14190.00727729302,
  "max_pcie_rx_mb_s": 24259.904296875,
  "mean_kv_cache_pct": 4.212518464955536,
  "max_kv_cache_pct": 6.496027494616696,
  "p50_kv_cache_pct": 5.037497480720887,
  "p95_kv_cache_pct": 6.356008613282704,
  "mean_requests_running": 28.89090909090909,
  "max_requests_running": 32.0,
  "mean_requests_waiting": 0.0,
  "max_requests_waiting": 0.0
}