{
  "num_samples": 1328,
  "duration_s": 567.1100678443909,
  "mean_power_w": 958.1149134036144,
  "max_power_w": 992.7280000000001,
  "min_power_w": 373.439,
  "p50_power_w": 983.158,
  "p95_power_w": 987.479,
  "mean_gpu_util_pct": 96.46272590361446,
  "max_gpu_util_pct": 100.0,
  "mean_gpu_mem_bw_util_pct": 39.70557228915663,
  "max_gpu_mem_bw_util_pct": 42.5,
  "mean_gpu_mem_used_gb": 305.6405426393072,
  "max_gpu_mem_used_gb": 305.720947265625,
  "mean_gpu_temp_c": 87.5316265060241,
  "max_gpu_temp_c": 89.0,
  "mean_pcie_tx_mb_s": 10482.820565464985,
  "max_pcie_tx_mb_s": 87060.533203125,
  "mean_pcie_rx_mb_s": 17442.28521360834,
  "max_pcie_rx_mb_s": 75994.013671875,
  "mean_kv_cache_pct": 2.8710295728368,
  "max_kv_cache_pct": 4.3939393939393945,
  "p50_kv_cache_pct": 3.0303030303030276,
  "p95_kv_cache_pct": 3.0303030303030276,
  "mean_requests_running": 3.851656626506024,
  "max_requests_running": 4.0,
  "mean_requests_waiting": 0.0,
  "max_requests_waiting": 0.0
}