{
  "num_samples": 2474,
  "duration_s": 1112.4137659072876,
  "mean_power_w": 906.4547210994341,
  "max_power_w": 952.688,
  "min_power_w": 101.928,
  "p50_power_w": 933.775,
  "p95_power_w": 946.769,
  "mean_gpu_util_pct": 96.8766168148747,
  "max_gpu_util_pct": 100.0,
  "mean_gpu_mem_bw_util_pct": 23.741107518189168,
  "max_gpu_mem_bw_util_pct": 32.5,
  "mean_gpu_mem_used_gb": 343.696044921875,
  "max_gpu_mem_used_gb": 343.696044921875,
  "mean_gpu_temp_c": 88.08003233629749,
  "max_gpu_temp_c": 91.0,
  "mean_pcie_tx_mb_s": 26488.793933075864,
  "max_pcie_tx_mb_s": 100021.8359375,
  "mean_pcie_rx_mb_s": 38568.32675449677,
  "max_pcie_rx_mb_s": 133700.1083984375,
  "mean_kv_cache_pct": 42.4090541632983,
  "max_kv_cache_pct": 61.0,
  "p50_kv_cache_pct": 51.0,
  "p95_kv_cache_pct": 61.0,
  "mean_requests_running": 5.225949878738884,
  "max_requests_running": 8.0,
  "mean_requests_waiting": 1.5836701697655617,
  "max_requests_waiting": 6.0
}