{
  "num_samples": 1872,
  "duration_s": 803.8770143985748,
  "mean_power_w": 887.2566367521367,
  "max_power_w": 1025.425,
  "min_power_w": 90.07900000000001,
  "p50_power_w": 911.566,
  "p95_power_w": 1000.028,
  "mean_gpu_util_pct": 92.46033653846153,
  "max_gpu_util_pct": 100.0,
  "mean_gpu_mem_bw_util_pct": 29.701522435897434,
  "max_gpu_mem_bw_util_pct": 60.75,
  "mean_gpu_mem_used_gb": 362.19140625,
  "max_gpu_mem_used_gb": 362.19140625,
  "mean_gpu_temp_c": 87.0042735042735,
  "max_gpu_temp_c": 92.0,
  "mean_pcie_tx_mb_s": 37715.76971748548,
  "max_pcie_tx_mb_s": 98200.625,
  "mean_pcie_rx_mb_s": 32314.641544700688,
  "max_pcie_rx_mb_s": 96328.84765625,
  "mean_kv_cache_pct": 34.49975163058443,
  "max_kv_cache_pct": 53.76725043225525,
  "p50_kv_cache_pct": 33.53664357769457,
  "p95_kv_cache_pct": 53.48721266958727,
  "mean_requests_running": 16.539529914529915,
  "max_requests_running": 24.0,
  "mean_requests_waiting": 3.5438034188034186,
  "max_requests_waiting": 20.0
}