{
  "num_samples": 609,
  "duration_s": 260.55086374282837,
  "mean_power_w": 1059.539789819376,
  "max_power_w": 1200.403,
  "min_power_w": 309.019,
  "p50_power_w": 1185.061,
  "p95_power_w": 1197.7469999999998,
  "mean_gpu_util_pct": 92.60344827586206,
  "max_gpu_util_pct": 100.0,
  "mean_gpu_mem_bw_util_pct": 46.57060755336617,
  "max_gpu_mem_bw_util_pct": 60.75,
  "mean_gpu_mem_used_gb": 367.400634765625,
  "max_gpu_mem_used_gb": 367.400634765625,
  "mean_gpu_temp_c": 89.76190476190476,
  "max_gpu_temp_c": 93.0,
  "mean_pcie_tx_mb_s": 32428.330562397372,
  "max_pcie_tx_mb_s": 129176.2470703125,
  "mean_pcie_rx_mb_s": 33149.31328573994,
  "max_pcie_rx_mb_s": 102560.4287109375,
  "mean_kv_cache_pct": 17.84719112305319,
  "max_kv_cache_pct": 28.181818181818187,
  "p50_kv_cache_pct": 21.818181818181813,
  "p95_kv_cache_pct": 26.515151515151516,
  "mean_requests_running": 20.492610837438423,
  "max_requests_running": 24.0,
  "mean_requests_waiting": 0.0,
  "max_requests_waiting": 0.0
}