{
  "num_samples": 1075,
  "duration_s": 461.3617126941681,
  "mean_power_w": 944.7944539534884,
  "max_power_w": 1208.299,
  "min_power_w": 97.771,
  "p50_power_w": 888.2919999999999,
  "p95_power_w": 1200.541,
  "mean_gpu_util_pct": 92.65186046511629,
  "max_gpu_util_pct": 100.0,
  "mean_gpu_mem_bw_util_pct": 34.309767441860465,
  "max_gpu_mem_bw_util_pct": 63.25,
  "mean_gpu_mem_used_gb": 367.400634765625,
  "max_gpu_mem_used_gb": 367.400634765625,
  "mean_gpu_temp_c": 86.34418604651162,
  "max_gpu_temp_c": 93.0,
  "mean_pcie_tx_mb_s": 54930.212160247094,
  "max_pcie_tx_mb_s": 139533.904296875,
  "mean_pcie_rx_mb_s": 48688.972711664246,
  "max_pcie_rx_mb_s": 114429.7802734375,
  "mean_kv_cache_pct": 68.78689217758985,
  "max_kv_cache_pct": 100.0,
  "p50_kv_cache_pct": 89.39393939393939,
  "p95_kv_cache_pct": 99.54545454545455,
  "mean_requests_running": 43.436279069767444,
  "max_requests_running": 64.0,
  "mean_requests_waiting": 8.89860465116279,
  "max_requests_waiting": 48.0
}