timestamp,elapsed_s,gpu0_power_w,gpu0_mem_used_gb,gpu0_util_pct,gpu0_mem_bw_util_pct,gpu0_temp_c,gpu0_pcie_tx_mb_s,gpu0_pcie_rx_mb_s,gpu1_power_w,gpu1_mem_used_gb,gpu1_util_pct,gpu1_mem_bw_util_pct,gpu1_temp_c,gpu1_pcie_tx_mb_s,gpu1_pcie_rx_mb_s,gpu2_power_w,gpu2_mem_used_gb,gpu2_util_pct,gpu2_mem_bw_util_pct,gpu2_temp_c,gpu2_pcie_tx_mb_s,gpu2_pcie_rx_mb_s,gpu3_power_w,gpu3_mem_used_gb,gpu3_util_pct,gpu3_mem_bw_util_pct,gpu3_temp_c,gpu3_pcie_tx_mb_s,gpu3_pcie_rx_mb_s,kv_cache_pct,requests_running,requests_waiting
1783014107.182,0.000,126.4,79.14,0,0,86,2.3,0.5,147.0,79.15,0,0,82,2.3,0.5,131.4,79.15,0,0,85,2.3,0.5,128.8,79.14,0,0,82,0.6,0.5,48.0,8,0
1783014107.623,0.441,126.4,79.14,0,0,86,5.5,0.5,147.0,79.15,0,0,82,0.6,0.5,131.4,79.15,0,0,85,0.6,4.0,128.8,79.14,0,0,81,8.1,2.1,48.0,8,0
1783014108.082,0.900,126.4,79.14,0,0,86,3.1,0.5,109.8,79.15,0,0,81,2.3,0.4,131.4,79.15,0,0,85,2.2,0.5,128.8,79.14,0,0,81,0.6,0.5,48.0,8,0
1783014108.527,1.345,121.1,79.14,0,0,85,0.6,0.4,109.8,79.15,0,0,81,0.6,0.5,102.8,79.15,0,0,84,1.2,0.5,99.1,79.14,0,0,81,0.7,0.5,48.0,8,0
1783014108.968,1.786,121.1,79.14,0,0,85,2.7,0.5,109.8,79.15,0,0,81,0.6,0.5,102.8,79.15,0,0,84,0.6,0.5,99.1,79.14,0,0,80,0.6,0.5,48.0,8,0
1783014109.407,2.225,116.3,79.14,0,0,84,0.6,0.5,106.1,79.15,0,0,80,0.6,0.4,96.0,79.15,0,0,83,0.6,0.5,95.8,79.14,0,0,80,0.6,0.5,48.0,8,0
1783014109.847,2.665,116.3,79.14,0,0,84,1.3,0.4,106.1,79.15,0,0,80,0.6,0.4,96.0,79.15,0,0,83,0.6,0.7,95.8,79.14,0,0,80,4.4,2.0,48.0,8,0
1783014110.286,3.104,115.6,79.14,0,0,84,2.3,0.5,101.4,79.15,0,0,80,2.3,0.5,95.4,79.15,0,0,83,2.3,0.4,94.7,79.14,0,0,80,0.6,0.4,48.0,8,0
1783014110.729,3.547,115.6,79.14,0,0,84,2.7,4.0,101.4,79.15,0,0,80,4.7,2.0,95.4,79.15,0,0,83,1.3,0.9,94.7,79.14,0,0,79,2.3,0.4,48.0,8,0
1783014111.174,3.992,114.4,79.14,0,0,83,2.1,0.5,100.9,79.15,0,0,79,2.3,0.5,93.9,79.15,0,0,82,2.3,0.5,92.3,79.14,0,0,79,0.6,0.5,48.0,8,0
1783014111.611,4.429,114.4,79.14,0,0,83,0.6,0.5,100.9,79.15,0,0,79,0.6,0.6,93.9,79.15,0,0,82,5.6,2.4,92.3,79.14,0,0,79,4.7,3.9,48.0,8,0
1783014112.070,4.888,114.4,79.14,0,0,83,1.5,0.5,99.8,79.15,0,0,79,2.3,0.5,93.9,79.15,0,0,82,2.3,0.5,92.3,79.14,0,0,79,1.2,0.5,48.0,8,0
1783014112.512,5.330,113.1,79.14,0,0,83,0.6,0.5,99.8,79.15,0,0,79,0.6,0.4,93.3,79.15,0,0,82,0.6,0.4,90.8,79.14,0,0,79,0.6,0.5,48.0,8,0
1783014112.952,5.769,113.1,79.14,0,0,83,2.8,2.2,99.8,79.15,0,0,79,1.2,0.5,93.3,79.15,0,0,82,0.6,0.5,90.8,79.14,0,0,78,2.3,0.5,48.0,8,0
1783014113.390,6.208,112.0,79.14,0,0,82,2.2,0.4,99.4,79.15,0,0,78,0.6,0.4,92.6,79.15,0,0,81,0.6,0.4,89.9,79.14,0,0,78,0.6,0.5,48.0,8,0
1783014113.832,6.650,112.0,79.14,0,0,82,1.3,0.9,99.4,79.15,0,0,78,0.6,0.4,92.6,79.15,0,0,81,0.6,0.5,89.9,79.14,0,0,78,0.6,3.6,48.0,8,0
1783014114.272,7.090,110.6,79.14,0,0,82,0.6,0.5,97.9,79.15,0,0,78,2.3,0.5,91.8,79.15,0,0,81,2.3,0.5,88.4,79.14,0,0,78,1.2,0.5,48.0,8,0
1783014114.713,7.531,110.6,79.14,0,0,82,2.8,3.0,97.9,79.15,0,0,78,6.1,2.1,91.8,79.15,0,0,81,0.7,0.5,88.4,79.14,0,0,77,1.2,0.9,48.0,8,0
1783014115.159,7.977,109.9,79.14,0,0,81,0.6,0.4,97.6,79.15,0,0,77,1.2,0.5,91.8,79.15,0,0,80,0.6,0.5,87.8,79.14,0,0,77,0.6,0.5,48.0,8,0
1783014115.601,8.419,109.9,79.14,0,0,81,1.0,0.5,97.6,79.15,0,0,77,0.6,0.5,91.8,79.15,0,0,80,1.5,0.6,87.8,79.14,0,0,77,1.5,2.3,48.0,8,0
1783014116.047,8.864,109.9,79.14,0,0,81,0.6,0.5,97.6,79.15,0,0,77,1.5,4.9,91.8,79.15,0,0,80,0.7,0.5,87.8,79.14,0,0,77,2.3,0.4,48.0,8,0
1783014116.493,9.311,109.4,79.14,0,0,81,2.3,0.4,96.4,79.15,0,0,77,0.6,0.4,91.6,79.15,0,0,80,0.6,0.4,86.4,79.14,0,0,77,0.6,0.4,48.0,8,0
1783014116.934,9.752,109.4,79.14,0,0,81,0.6,2.2,96.4,79.15,0,0,77,2.8,0.5,91.6,79.15,0,0,80,0.6,0.4,86.4,79.14,0,0,76,0.6,0.5,48.0,8,0
1783014117.376,10.194,107.9,79.14,0,0,81,2.3,0.5,96.1,79.15,0,0,76,2.3,0.4,91.2,79.15,0,0,79,2.5,0.5,85.7,79.14,0,0,76,0.6,0.4,48.0,8,0
1783014117.819,10.637,107.9,79.14,0,0,81,0.6,0.5,96.1,79.15,0,0,76,1.2,0.9,91.2,79.15,0,0,79,0.6,0.5,85.7,79.14,0,0,76,0.6,2.2,48.0,8,0
1783014118.264,11.082,107.6,79.14,0,0,80,0.6,0.5,95.4,79.15,0,0,76,0.6,0.5,90.9,79.15,0,0,79,0.7,0.5,85.1,79.14,0,0,76,0.6,0.5,48.0,8,0
1783014118.707,11.525,107.6,79.14,0,0,80,2.7,3.0,95.4,79.15,0,0,76,4.0,2.2,90.9,79.15,0,0,79,3.3,0.4,85.1,79.14,0,0,76,0.6,1.0,48.0,8,0
1783014119.161,11.979,107.0,79.14,0,0,80,0.6,0.5,94.6,79.15,0,0,75,0.6,0.5,90.8,79.15,0,0,78,0.6,0.5,84.4,79.14,0,0,76,0.6,0.5,48.0,8,0
1783014119.601,12.418,107.0,79.14,0,0,80,0.6,0.5,94.6,79.15,0,0,75,0.6,0.5,90.8,79.15,0,0,78,1.5,0.6,84.4,79.14,0,0,76,1.5,5.5,48.0,8,0
1783014120.042,12.860,107.0,79.14,0,0,80,0.6,0.5,94.6,79.15,0,0,75,1.8,0.4,90.8,79.15,0,0,78,0.6,0.5,84.4,79.14,0,0,75,2.3,4.8,48.0,8,0
1783014120.485,13.302,106.5,79.14,0,0,80,2.3,0.5,94.3,79.15,0,0,75,2.3,0.4,90.7,79.15,0,0,78,2.3,0.4,83.8,79.14,0,0,75,0.6,0.4,48.0,8,0
1783014120.925,13.743,106.5,79.14,0,0,80,0.6,2.2,94.3,79.15,0,0,75,2.9,2.0,90.7,79.15,0,0,78,0.6,0.5,83.8,79.14,0,0,75,0.6,0.5,48.0,8,0
1783014121.366,14.184,105.9,79.14,0,0,79,0.6,0.5,94.0,79.15,0,0,75,0.6,0.5,90.6,79.15,0,0,78,0.8,0.5,83.3,79.14,0,0,75,0.6,0.4,48.0,8,0
1783014121.805,14.623,105.9,79.14,0,0,79,0.8,0.5,94.0,79.15,0,0,75,5.6,4.7,90.6,79.15,0,0,78,6.4,0.5,83.3,79.14,0,0,74,0.6,0.7,48.0,8,0
1783014122.245,15.063,105.6,79.14,0,0,79,0.6,0.4,93.3,79.15,0,0,74,0.9,0.7,90.2,79.15,0,0,77,0.6,0.5,83.1,79.14,0,0,74,2.6,0.6,48.0,8,0
1783014122.688,15.506,105.6,79.14,0,0,79,2.3,2.3,93.3,79.15,0,0,74,7.9,3.1,90.2,79.15,0,0,77,7.3,2.2,83.1,79.14,0,0,73,1.3,0.6,48.0,8,0
1783014123.134,15.952,105.1,79.14,0,0,78,0.7,0.5,52.6,79.15,0,0,73,0.8,0.7,89.9,79.15,0,0,77,0.7,0.6,50.2,79.14,0,0,73,2.4,0.5,48.0,8,0
1783014123.582,16.400,105.1,79.14,0,0,78,3.4,0.7,52.6,79.15,0,0,73,3.0,0.7,89.9,79.15,0,0,77,2.6,0.7,50.2,79.14,0,0,73,1.6,3.2,48.0,8,0
1783014124.030,16.848,105.1,79.14,0,0,78,1.0,0.6,52.6,79.15,0,0,73,0.7,0.6,89.9,79.15,0,0,77,0.9,0.7,50.2,79.14,0,0,72,0.7,0.5,48.0,8,0
1783014124.478,17.296,47.2,79.14,0,0,77,0.8,0.6,42.7,79.15,0,0,72,2.4,0.5,36.2,79.15,0,0,75,2.6,0.5,24.7,79.14,0,0,72,0.7,0.6,48.0,8,0
1783014124.928,17.746,47.2,79.14,0,0,77,0.7,2.5,42.7,79.15,0,0,72,0.9,1.7,36.2,79.15,0,0,75,0.7,0.5,24.7,79.14,0,0,72,0.6,0.5,48.0,8,0
1783014125.381,18.199,42.1,79.14,0,0,76,0.7,0.5,31.6,79.15,0,0,71,2.8,0.6,33.2,79.15,0,0,75,2.3,0.5,21.8,79.14,0,0,72,0.7,0.5,48.0,8,0
1783014125.832,18.650,42.1,79.14,0,0,76,0.7,0.6,31.6,79.15,0,0,71,0.8,1.1,33.2,79.15,0,0,75,1.5,5.2,21.8,79.14,0,0,71,0.7,3.8,48.0,8,0
1783014126.288,19.106,35.4,79.14,0,0,75,2.4,0.6,30.4,79.15,0,0,71,2.4,0.5,29.5,79.15,0,0,74,2.4,0.5,17.0,79.14,0,0,71,1.2,0.5,48.0,8,0
1783014126.742,19.560,35.4,79.14,0,0,75,3.2,3.2,30.4,79.15,0,0,71,4.4,2.3,29.5,79.15,0,0,74,0.7,0.6,17.0,79.14,0,0,71,2.4,0.5,48.0,8,0
1783014127.195,20.013,33.7,79.14,0,0,75,2.3,0.5,29.8,79.15,0,0,70,2.3,0.5,25.8,79.15,0,0,74,2.4,0.6,17.2,79.14,0,0,71,0.7,0.5,48.0,8,0
1783014127.643,20.461,33.7,79.14,0,0,75,0.8,0.5,29.8,79.15,0,0,70,0.9,0.7,25.8,79.15,0,0,74,2.8,3.2,17.2,79.14,0,0,70,6.6,3.5,48.0,8,0
1783014128.101,20.918,33.1,79.14,0,0,75,2.4,0.5,30.0,79.15,0,0,70,2.4,0.5,25.8,79.15,0,0,74,3.3,0.5,17.2,79.14,0,0,70,1.5,0.5,48.0,8,0
1783014128.553,21.370,33.1,79.14,0,0,75,0.7,0.6,30.0,79.15,0,0,70,1.6,0.6,25.7,79.15,0,0,73,0.7,0.5,17.1,79.14,0,0,70,2.4,0.7,48.0,8,0
1783014129.000,21.818,33.1,79.14,0,0,75,2.3,0.5,30.0,79.15,0,0,70,2.4,0.5,25.7,79.15,0,0,73,2.4,0.5,17.1,79.14,0,0,70,1.0,0.5,48.0,8,0
1783014129.450,22.268,32.5,79.14,0,0,74,0.7,0.5,28.6,79.15,0,0,69,0.7,0.6,25.3,79.15,0,0,73,0.7,0.5,16.9,79.14,0,0,70,2.3,0.6,48.0,8,0
1783014129.901,22.719,32.5,79.14,0,0,74,2.4,0.6,28.6,79.15,0,0,69,3.1,2.9,25.3,79.15,0,0,73,4.1,0.7,16.9,79.14,0,0,70,5.9,0.5,48.0,8,0
1783014130.360,23.177,31.3,79.14,0,0,74,0.7,0.5,28.7,79.15,0,0,69,0.7,0.5,24.9,79.15,0,0,73,0.9,0.5,16.9,79.14,0,0,70,2.4,0.5,48.0,8,0
1783014130.809,23.627,31.3,79.14,0,0,74,4.7,0.5,28.7,79.15,0,0,69,0.7,0.5,24.9,79.15,0,0,73,0.8,0.5,16.9,79.14,0,0,69,0.8,1.1,48.0,8,0
1783014131.257,24.075,31.0,79.14,0,0,74,0.8,0.5,28.5,79.15,0,0,69,0.8,0.5,25.1,79.15,0,0,73,0.8,0.6,16.3,79.14,0,0,69,2.3,0.5,48.0,8,0
1783014131.704,24.522,31.0,79.14,0,0,74,4.5,2.7,28.5,79.15,0,0,69,6.7,1.4,25.1,79.15,0,0,73,4.3,2.3,16.3,79.14,0,0,69,0.8,0.6,48.0,8,0
1783014132.189,25.007,30.4,79.14,0,0,73,0.7,0.6,28.1,79.15,0,0,68,2.2,0.5,24.0,79.15,0,0,72,0.8,0.5,16.6,79.14,0,0,69,0.8,0.6,48.0,8,0
1783014132.636,25.454,30.4,79.14,0,0,73,0.8,0.5,28.1,79.15,0,0,68,0.8,0.6,24.0,79.15,0,0,72,2.1,1.0,16.6,79.14,0,0,69,5.0,3.9,48.0,8,0
1783014133.095,25.913,30.8,79.14,0,0,73,0.8,0.6,28.4,79.15,0,0,68,2.4,0.5,24.0,79.15,0,0,72,1.7,0.6,16.6,79.14,0,0,69,1.6,0.6,48.0,8,0
1783014133.543,26.361,30.8,79.14,0,0,73,0.7,0.5,28.4,79.15,0,0,68,0.7,0.6,24.1,79.15,0,0,72,0.6,0.5,16.6,79.14,0,0,69,0.7,0.6,48.0,8,0
1783014133.991,26.809,30.8,79.14,0,0,73,3.7,0.6,28.4,79.15,0,0,68,1.4,0.5,24.1,79.15,0,0,72,0.7,5.0,16.6,79.14,0,0,68,0.7,0.6,48.0,8,0
1783014134.443,27.261,30.1,79.14,0,0,73,0.8,0.6,27.8,79.15,0,0,67,0.7,0.6,23.7,79.15,0,0,72,0.8,0.6,16.5,79.14,0,0,68,0.7,0.5,48.0,8,0
1783014134.898,27.716,30.1,79.14,0,0,73,0.8,0.5,27.8,79.15,0,0,67,2.4,2.2,23.7,79.15,0,0,72,2.9,1.1,16.5,79.14,0,0,68,1.5,0.6,48.0,8,0
1783014135.346,28.163,30.3,79.14,0,0,73,0.8,0.6,27.8,79.15,0,0,67,0.7,0.6,23.6,79.15,0,0,72,0.8,0.6,16.5,79.14,0,0,68,0.8,0.6,0.0,0,0
1783014135.798,28.615,30.3,79.14,0,0,73,1.5,0.6,27.8,79.15,0,0,67,2.4,0.5,23.6,79.15,0,0,72,0.7,0.5,16.5,79.14,0,0,68,0.7,0.8,0.0,0,0
1783014136.250,29.068,29.8,79.14,0,0,73,0.8,0.5,27.9,79.15,0,0,67,0.7,0.5,23.7,79.15,0,0,72,0.7,0.5,16.2,79.14,0,0,68,0.7,0.5,0.0,0,0
1783014136.699,29.517,29.8,79.14,0,0,73,0.8,4.0,27.9,79.15,0,0,67,4.8,3.4,23.7,79.15,0,0,72,7.0,2.3,16.2,79.14,0,0,67,0.8,0.5,0.0,0,0
1783014137.192,30.010,29.5,79.14,0,0,72,0.8,0.5,27.8,79.15,0,0,66,0.7,0.5,23.0,79.15,0,0,71,0.8,0.6,16.4,79.14,0,0,67,0.8,0.5,0.0,0,0
1783014137.639,30.457,29.5,79.14,0,0,72,1.2,0.6,27.8,79.15,0,0,66,0.8,0.7,23.0,79.15,0,0,71,2.9,3.2,16.4,79.14,0,0,67,6.4,2.3,0.0,0,0
1783014138.093,30.911,30.0,79.14,0,0,72,1.4,0.6,27.3,79.15,0,0,66,0.7,5.1,23.0,79.15,0,0,71,1.9,0.6,16.4,79.14,0,0,67,2.0,0.6,0.0,0,0
1783014138.544,31.362,30.0,79.14,0,0,72,0.8,0.6,27.3,79.15,0,0,66,0.8,0.6,23.2,79.15,0,0,71,0.8,0.6,16.3,79.14,0,0,67,0.8,0.6,0.0,0,0
1783014138.993,31.811,30.0,79.14,0,0,72,0.7,0.5,27.3,79.15,0,0,66,1.3,1.1,23.2,79.15,0,0,71,0.7,0.5,16.3,79.14,0,0,67,1.2,0.6,0.0,0,0
1783014139.444,32.261,29.8,79.14,0,0,72,0.8,0.6,27.5,79.15,0,0,66,0.8,0.6,22.9,79.15,0,0,71,0.8,0.6,16.4,79.14,0,0,67,0.8,0.6,0.0,0,0
1783014139.889,32.707,29.8,79.14,0,0,72,0.8,0.6,27.5,79.15,0,0,66,0.8,2.3,22.9,79.15,0,0,71,2.8,1.5,16.4,79.14,0,0,67,2.4,1.1,0.0,0,0
1783014140.342,33.160,29.0,79.14,0,0,72,0.8,0.6,27.1,79.15,0,0,65,0.8,0.6,22.5,79.15,0,0,71,0.8,0.7,16.1,79.14,0,0,67,0.8,0.6,0.0,0,0
1783014140.791,33.609,29.0,79.14,0,0,72,0.8,2.3,27.1,79.15,0,0,65,0.7,0.6,22.5,79.15,0,0,71,0.8,0.4,16.1,79.14,0,0,66,2.4,0.7,0.0,0,0
1783014141.244,34.062,29.0,79.14,0,0,72,0.7,0.5,26.9,79.15,0,0,65,0.7,0.5,22.1,79.15,0,0,71,0.7,0.5,15.9,79.14,0,0,66,0.7,0.6,0.0,0,0
1783014141.690,34.508,29.0,79.14,0,0,72,0.8,2.4,26.9,79.15,0,0,65,3.7,2.6,22.1,79.15,0,0,71,3.2,2.3,15.9,79.14,0,0,66,4.3,0.6,0.0,0,0
1783014142.193,35.010,28.7,79.14,0,0,72,0.8,5.0,26.6,79.15,0,0,65,5.8,0.6,22.0,79.15,0,0,70,0.7,0.5,16.1,79.14,0,0,66,2.4,0.5,0.0,0,0
1783014142.646,35.464,28.7,79.14,0,0,72,0.7,0.5,26.6,79.15,0,0,65,0.9,0.8,22.0,79.15,0,0,70,3.0,3.9,16.1,79.14,0,0,66,3.0,3.3,0.0,0,0
1783014143.096,35.914,28.6,79.14,0,0,71,1.6,0.6,26.7,79.15,0,0,65,0.8,0.6,22.0,79.15,0,0,70,0.8,0.6,16.1,79.14,0,0,66,3.3,0.6,0.0,0,0
1783014143.542,36.359,28.6,79.14,0,0,71,2.4,0.6,26.7,79.15,0,0,65,0.7,0.6,22.7,79.15,0,0,70,2.4,0.6,16.4,79.14,0,0,66,0.8,0.5,0.0,0,0
1783014143.987,36.805,28.6,79.14,0,0,71,3.0,0.6,26.7,79.15,0,0,65,0.8,0.5,22.7,79.15,0,0,70,1.4,1.0,16.4,79.14,0,0,65,2.3,0.5,0.0,0,0
1783014144.435,37.253,28.7,79.14,0,0,71,2.4,0.5,26.4,79.15,0,0,64,0.8,0.6,21.6,79.15,0,0,70,2.4,0.5,16.2,79.14,0,0,65,0.7,0.6,0.0,0,0
1783014144.885,37.703,28.7,79.14,0,0,71,0.7,0.6,26.4,79.15,0,0,64,0.8,2.3,21.6,79.15,0,0,70,2.9,2.3,16.2,79.14,0,0,65,2.4,0.6,0.0,0,0
1783014145.335,38.153,28.9,79.14,0,0,71,2.4,0.6,26.3,79.15,0,0,64,0.8,0.6,21.8,79.15,0,0,70,2.4,0.5,15.7,79.14,0,0,65,0.8,0.6,0.0,0,0
1783014145.785,38.603,28.9,79.14,0,0,71,2.2,2.3,26.3,79.15,0,0,64,0.7,0.5,21.8,79.15,0,0,70,0.8,0.6,15.7,79.14,0,0,65,2.4,0.8,0.0,0,0
1783014146.244,39.062,28.1,79.14,0,0,71,2.4,0.6,26.3,79.15,0,0,64,0.7,5.0,21.3,79.15,0,0,70,2.3,0.5,15.7,79.14,0,0,65,0.7,0.5,0.0,0,0
1783014146.702,39.520,28.1,79.14,0,0,71,2.9,2.7,26.3,79.15,0,0,64,5.2,2.5,21.3,79.15,0,0,70,3.8,2.1,15.7,79.14,0,0,65,0.8,0.5,0.0,0,0
1783014147.164,39.982,28.0,79.14,0,0,71,0.7,0.6,26.3,79.15,0,0,64,0.8,0.5,21.2,79.15,0,0,70,0.8,0.5,15.7,79.14,0,0,65,0.8,0.6,0.0,0,0
1783014147.612,40.430,28.0,79.14,0,0,71,0.8,0.5,26.3,79.15,0,0,64,0.7,0.5,21.2,79.15,0,0,70,1.6,0.9,15.7,79.14,0,0,65,5.1,4.2,0.0,0,0
1783014148.067,40.885,28.0,79.14,0,0,71,0.8,0.6,26.3,79.15,0,0,64,2.4,1.1,21.2,79.15,0,0,70,0.7,0.6,15.7,79.14,0,0,65,0.7,0.5,0.0,0,0
1783014148.516,41.334,28.1,79.14,0,0,71,0.7,0.5,26.4,79.15,0,0,63,0.8,0.6,21.5,79.15,0,0,70,0.7,0.6,15.8,79.14,0,0,65,1.3,0.7,0.0,0,0
1783014148.968,41.786,28.1,79.14,0,0,71,0.8,2.3,26.4,79.15,0,0,63,0.8,0.5,21.5,79.15,0,0,70,0.7,0.5,15.8,79.14,0,0,64,0.7,1.1,0.0,0,0
1783014149.418,42.236,28.0,79.14,0,0,70,0.8,0.5,25.7,79.15,0,0,63,0.7,0.6,21.5,79.15,0,0,69,0.7,0.6,15.6,79.14,0,0,64,2.3,0.6,0.0,0,0
1783014149.866,42.684,28.0,79.14,0,0,70,0.8,0.6,25.7,79.15,0,0,63,0.8,0.5,21.5,79.15,0,0,69,0.8,2.3,15.6,79.14,0,0,64,3.0,0.6,0.0,0,0
1783014150.317,43.135,27.7,79.14,0,0,70,0.7,0.5,25.9,79.15,0,0,63,0.7,4.9,21.4,79.15,0,0,69,5.8,0.4,15.5,79.14,0,0,64,2.4,0.5,0.0,0,0
1783014150.767,43.585,27.7,79.14,0,0,70,0.7,2.3,25.9,79.15,0,0,63,5.1,0.6,21.4,79.15,0,0,69,0.8,0.5,15.6,79.14,0,0,64,0.7,0.6,0.0,0,0
1783014151.221,44.039,28.0,79.14,0,0,70,0.7,0.6,26.0,79.15,0,0,63,0.7,0.5,20.6,79.15,0,0,69,0.7,0.5,15.6,79.14,0,0,64,2.4,0.5,0.0,0,0
1783014151.667,44.485,28.0,79.14,0,0,70,1.3,0.6,26.0,79.15,0,0,63,0.7,4.0,20.6,79.15,0,0,69,4.4,0.8,15.4,79.14,0,0,64,4.9,3.3,0.0,0,0
1783014152.128,44.946,28.4,79.14,0,0,70,6.7,4.1,25.7,79.15,0,0,62,5.5,0.5,20.7,79.15,0,0,69,0.7,0.6,15.4,79.14,0,0,64,0.7,0.5,0.0,0,0
1783014152.577,45.395,28.4,79.14,0,0,70,1.0,0.6,25.7,79.15,0,0,62,0.8,0.6,20.7,79.15,0,0,69,0.8,0.6,15.4,79.14,0,0,64,0.8,1.0,0.0,0,0
1783014153.026,45.844,28.4,79.14,0,0,70,0.9,0.6,25.7,79.15,0,0,62,0.8,0.6,20.7,79.15,0,0,69,0.8,0.4,15.4,79.14,0,0,64,2.0,1.1,0.0,0,0
1783014153.473,46.291,28.0,79.14,0,0,70,0.8,0.6,25.7,79.15,0,0,62,0.7,0.5,20.2,79.15,0,0,69,0.7,0.5,15.4,79.14,0,0,64,0.7,0.5,0.0,0,0
1783014153.924,46.742,28.0,79.14,0,0,70,0.7,2.4,25.7,79.15,0,0,62,1.8,2.4,20.2,79.15,0,0,69,0.7,0.5,15.5,79.14,0,0,63,2.3,0.6,0.0,0,0
1783014154.373,47.191,27.9,79.14,0,0,70,2.4,0.6,25.6,79.15,0,0,62,0.8,0.7,20.5,79.15,0,0,69,6.0,0.5,15.5,79.14,0,0,63,0.7,0.5,0.0,0,0
1783014154.830,47.648,27.9,79.14,0,0,70,0.7,0.6,25.6,79.15,0,0,62,2.4,0.5,20.5,79.15,0,0,69,0.8,0.8,15.4,79.14,0,0,63,2.9,2.3,0.0,0,0
1783014155.288,48.106,27.5,79.14,0,0,70,0.8,0.5,25.8,79.15,0,0,62,0.7,0.5,20.4,79.15,0,0,68,0.8,0.5,15.4,79.14,0,0,63,0.7,0.4,0.0,0,0
1783014155.738,48.555,27.5,79.14,0,0,70,2.4,2.7,25.8,79.15,0,0,62,6.6,1.2,20.4,79.15,0,0,68,0.7,0.5,15.3,79.14,0,0,63,0.7,0.5,0.0,0,0
1783014156.199,49.017,27.4,79.14,0,0,69,1.3,0.5,25.5,79.15,0,0,62,0.7,0.6,20.4,79.15,0,0,68,0.7,0.6,15.3,79.14,0,0,63,0.7,0.6,0.0,0,0
1783014156.645,49.463,27.4,79.14,0,0,69,0.7,0.5,25.5,79.15,0,0,62,2.4,0.7,20.4,79.15,0,0,68,2.9,4.2,15.5,79.14,0,0,63,3.0,4.6,0.0,0,0
1783014157.109,49.927,27.3,79.14,0,0,69,0.7,0.5,25.2,79.15,0,0,61,0.7,4.3,20.4,79.15,0,0,68,7.9,1.0,15.5,79.14,0,0,63,1.7,0.5,0.0,0,0
1783014157.559,50.377,27.3,79.14,0,0,69,0.7,0.9,25.2,79.15,0,0,61,1.6,0.6,20.1,79.15,0,0,68,2.3,0.5,15.5,79.14,0,0,63,0.8,0.7,0.0,0,0
1783014158.009,50.827,27.3,79.14,0,0,69,0.8,1.3,25.2,79.15,0,0,61,0.7,0.5,20.1,79.15,0,0,68,0.7,0.6,15.6,79.14,0,0,63,1.0,0.6,0.0,0,0
1783014158.458,51.276,27.6,79.14,0,0,69,0.7,0.5,24.9,79.15,0,0,61,2.4,5.0,19.9,79.15,0,0,68,2.4,0.6,15.6,79.14,0,0,63,0.8,0.5,0.0,0,0
1783014158.915,51.733,27.6,79.14,0,0,69,0.7,2.3,24.9,79.15,0,0,61,3.0,2.3,19.9,79.15,0,0,68,0.7,0.6,15.6,79.14,0,0,62,2.1,0.5,0.0,0,0
1783014159.367,52.184,27.8,79.14,0,0,69,2.3,0.6,24.9,79.15,0,0,61,0.8,0.5,19.6,79.15,0,0,68,2.6,0.5,15.6,79.14,0,0,62,0.6,0.5,0.0,0,0
1783014160.262,53.079,27.4,79.14,0,0,69,0.7,0.6,25.0,79.15,0,0,61,2.3,0.5,19.1,79.15,0,0,68,0.8,0.6,15.1,79.14,0,0,62,0.8,0.5,0.0,0,0
1783014160.711,53.529,27.4,79.14,0,0,69,3.0,2.6,25.0,79.15,0,0,61,3.1,3.4,19.1,79.15,0,0,68,2.9,2.3,15.1,79.14,0,0,62,0.7,0.6,0.0,0,0
1783014161.161,53.979,27.3,79.14,0,0,69,0.7,0.6,25.1,79.15,0,0,61,3.1,1.1,18.9,79.15,0,0,68,0.7,0.6,15.1,79.14,0,0,62,0.7,0.5,0.0,0,0
1783014161.607,54.425,27.3,79.14,0,0,69,0.7,0.5,25.1,79.15,0,0,61,0.7,0.5,18.9,79.15,0,0,68,1.6,0.7,15.1,79.14,0,0,62,4.0,2.7,0.0,0,0
1783014162.074,54.892,27.3,79.14,0,0,69,2.3,0.6,25.1,79.15,0,0,61,1.6,0.5,18.9,79.15,0,0,68,2.4,0.5,15.3,79.14,0,0,62,0.7,4.3,0.0,0,0
1783014162.521,55.339,27.2,79.14,0,0,69,0.7,0.5,25.0,79.15,0,0,60,0.7,0.5,19.0,79.15,0,0,67,5.7,0.6,15.3,79.14,0,0,62,0.7,0.6,0.0,0,0
1783014162.972,55.790,27.2,79.14,0,0,69,7.4,2.3,25.0,79.15,0,0,60,0.7,0.6,19.0,79.15,0,0,67,2.3,0.5,15.3,79.14,0,0,62,0.7,0.5,0.0,0,0
1783014163.425,56.243,26.9,79.14,0,0,69,0.7,0.5,24.7,79.15,0,0,60,0.7,0.5,19.3,79.15,0,0,67,0.7,0.5,15.3,79.14,0,0,62,0.7,0.6,0.0,0,0
1783014163.872,56.690,26.9,79.14,0,0,69,0.8,0.6,24.7,79.15,0,0,60,0.7,0.7,19.3,79.15,0,0,67,3.8,2.4,15.1,79.14,0,0,62,0.8,0.6,0.0,0,0
1783014164.319,57.137,26.9,79.14,0,0,68,0.7,0.5,25.1,79.15,0,0,60,0.7,0.5,19.4,79.15,0,0,67,0.7,0.5,15.1,79.14,0,0,62,1.3,0.6,0.0,0,0
1783014164.769,57.587,26.9,79.14,0,0,68,3.7,0.9,25.1,79.15,0,0,60,2.9,0.5,19.4,79.15,0,0,67,1.7,0.5,15.3,79.14,0,0,62,0.8,0.5,0.0,0,0
1783014165.221,58.039,26.8,79.14,0,0,68,0.8,1.1,25.8,79.15,0,0,60,1.5,0.5,18.3,79.15,0,0,67,0.7,0.6,15.3,79.14,0,0,62,0.7,0.6,0.0,0,0
1783014165.672,58.490,26.8,79.14,0,0,68,0.8,0.6,25.8,79.15,0,0,60,4.6,2.5,18.3,79.15,0,0,67,6.6,4.0,15.2,79.14,0,0,61,4.7,0.6,0.0,0,0
1783014166.126,58.944,26.9,79.14,0,0,68,0.8,0.5,25.7,79.15,0,0,60,0.7,0.5,18.3,79.15,0,0,67,2.1,0.6,15.2,79.14,0,0,61,1.5,1.1,0.0,0,0
1783014166.573,59.391,26.9,79.14,0,0,68,0.8,0.6,25.7,79.15,0,0,60,3.3,0.5,18.4,79.15,0,0,67,0.7,5.2,15.2,79.14,0,0,61,0.7,2.5,,,
1783014168.008,60.826,117.1,79.14,99,54,73,20173.9,240.4,111.6,79.15,100,62,65,2.6,4.5,111.9,79.15,99,56,73,5592.6,15246.4,111.7,79.14,99,55,67,16162.0,5.0,,,
1783014169.427,62.245,281.7,79.14,100,43,75,2.8,5.4,268.0,79.15,100,39,67,20709.3,17104.8,264.0,79.15,100,37,74,3.0,5.2,253.9,79.14,99,40,67,2.3,17234.6,0.0,0,0
1783014170.117,62.935,279.2,79.14,100,49,76,20705.4,4.5,267.4,79.15,100,48,67,2.7,4.5,260.9,79.15,100,38,75,19609.4,15345.5,250.1,79.14,99,42,68,2014.5,5.0,0.0,0,0
1783014170.558,63.376,279.2,79.14,100,49,76,10411.9,4.6,267.4,79.15,100,48,67,2.6,1859.3,263.1,79.15,100,42,75,19440.9,15514.8,255.3,79.14,100,43,70,3.5,4.9,0.0,0,0
1783014170.999,63.817,285.1,79.14,100,51,76,2835.2,4.5,276.6,79.15,100,57,68,1.9,9202.4,267.1,79.15,100,42,76,19299.9,6452.7,262.7,79.14,100,50,70,1.9,5.3,0.0,0,0
1783014171.442,64.260,288.2,79.14,100,50,77,1.9,4.7,276.7,79.15,100,50,67,1.9,17122.2,275.4,79.15,100,47,76,20744.3,5.4,266.0,79.14,100,46,69,2.4,5.0,0.0,0,0
1783014171.884,64.702,291.4,79.14,100,52,77,1.9,4.9,279.2,79.15,100,56,68,7996.4,18084.8,274.9,79.15,100,42,76,10126.4,6.9,263.8,79.14,100,45,70,2.3,4384.4,0.0,0,0
1783014172.330,65.148,290.3,79.14,100,50,77,2.4,15453.0,280.0,79.15,100,51,67,18069.0,2923.0,271.8,79.15,100,42,77,2.2,2843.2,265.0,79.14,100,42,70,18873.5,14791.1,0.0,0,0
1783014172.770,65.588,284.1,79.14,100,46,77,11.2,6.4,274.4,79.15,100,46,68,12343.8,15370.3,267.7,79.15,100,37,77,7584.2,5.6,258.4,79.14,100,38,70,2.0,17235.2,0.0,0,0
1783014173.214,66.032,277.5,79.14,100,48,80,20705.6,4.5,265.6,79.15,100,43,69,1.9,4.7,259.4,79.15,100,8,78,20762.6,15297.0,245.4,79.14,100,8,70,871.1,4.8,0.0,0,0
1783014173.656,66.474,280.9,79.14,100,52,79,20709.8,17107.2,269.9,79.15,100,60,69,2.1,8.3,266.9,79.15,100,57,78,7.6,9092.7,258.1,79.14,100,47,71,25296.1,6.8,0.0,0,0
1783014174.113,66.931,290.4,79.14,100,59,79,20710.8,17108.0,284.9,79.15,100,59,70,1.9,4.5,266.9,79.15,100,57,78,2.8,6267.7,258.1,79.14,100,47,71,16792.4,12899.5,0.0,0,0
1783014174.554,67.372,290.4,79.14,100,59,79,20710.5,17111.1,284.9,79.15,100,59,70,1.9,5.0,277.2,79.15,100,46,78,1.9,17222.4,277.1,79.14,100,51,72,20744.3,6.4,0.0,0,0
1783014174.995,67.813,295.8,79.14,100,47,78,3.7,5.9,284.2,79.15,100,47,69,20706.5,16271.3,282.1,79.15,100,44,78,4.5,5.9,268.9,79.14,100,41,72,10868.6,15015.7,0.0,0,0
1783014175.438,68.256,286.2,79.14,100,43,79,19296.1,5.7,276.7,79.15,100,46,70,3.1,14265.1,268.9,79.15,100,34,77,16684.6,4783.4,255.9,79.14,100,33,72,2.1,5.5,0.0,0,0
1783014175.881,68.698,282.1,79.14,100,46,79,2.0,566.2,267.2,79.15,99,43,70,18821.2,17107.7,260.7,79.15,100,38,78,6.0,8.8,250.3,79.14,100,41,72,9450.1,14034.2,0.0,0,0
1783014176.332,69.149,282.3,79.14,100,46,79,4361.8,13911.7,269.3,79.15,100,52,70,18771.3,5.0,265.9,79.15,100,38,78,1.9,4724.5,255.8,79.14,100,44,72,17152.6,14329.3,0.0,0,0
1783014176.772,69.590,284.9,79.14,100,49,80,20712.8,14979.1,274.1,79.15,100,47,71,1702.9,10.6,272.4,79.15,100,44,79,1.9,15849.0,262.2,79.14,100,43,71,16248.4,3945.1,0.0,0,0
1783014177.216,70.034,291.3,79.14,100,52,80,19152.4,17109.3,276.3,79.15,100,53,71,1.9,4.6,275.3,79.15,100,40,78,1.8,17225.5,263.5,79.14,100,44,73,20752.6,5.2,0.0,0,0
1783014177.658,70.476,292.6,79.14,100,47,80,16736.1,6030.1,280.5,79.15,100,46,71,2.2,7.8,273.4,79.15,100,42,79,18116.4,15153.0,265.2,79.14,100,45,73,957.6,7.4,0.0,0,0
1783014178.103,70.921,292.6,79.14,100,47,80,11922.9,4.8,277.4,79.15,100,47,70,2.8,4819.3,273.4,79.15,100,42,79,17051.7,13854.9,265.2,79.14,100,45,73,2.0,5.5,0.0,0,0
1783014178.544,71.362,290.1,79.14,100,51,81,2.2,17117.2,277.4,79.15,100,47,70,20703.7,6.2,275.4,79.15,100,43,80,2.3,8605.7,264.6,79.14,100,42,74,16858.1,10504.6,0.0,0,0
1783014178.985,71.803,288.6,79.14,100,38,81,5.7,5.8,273.1,79.15,100,46,71,19130.4,13885.6,270.9,79.15,100,33,80,3835.8,5.9,257.9,79.14,100,39,73,4528.5,23791.0,6.0,0,15
1783014179.427,72.245,281.4,79.14,100,45,82,16805.7,11407.2,269.9,79.15,100,46,72,2.6,4.6,260.0,79.15,98,28,79,1.8,17218.0,248.7,79.14,100,8,73,20744.4,4.3,6.0,0,15
1783014179.868,72.686,278.7,79.14,100,51,82,1.9,17112.1,268.0,79.15,100,57,72,18029.7,1840.1,264.1,79.15,100,53,81,2.0,9.9,256.0,79.14,100,48,74,10277.2,13395.7,6.0,0,15
1783014180.314,73.132,290.3,79.14,100,50,81,3.4,4.3,280.9,79.15,100,61,73,20218.2,17109.3,275.8,79.15,100,43,79,3.6,5.0,273.9,79.14,100,56,75,2.6,17255.3,6.0,0,15
1783014180.756,73.574,300.2,79.14,100,51,82,6.4,17114.1,287.0,79.15,100,48,71,19088.8,1282.0,285.1,79.15,100,42,81,2.7,2106.5,271.2,79.14,100,42,75,17488.7,15883.0,6.0,0,15
1783014181.203,74.021,292.6,79.14,100,45,82,2230.6,11.6,279.1,79.15,100,46,72,10736.6,13845.7,277.4,79.15,100,30,81,12197.3,5.8,260.7,79.14,100,36,73,3.1,17234.2,6.0,0,15
1783014181.647,74.465,283.5,79.14,100,43,82,16825.6,7180.4,271.6,79.15,100,43,73,2.4,5.8,263.8,79.15,100,37,81,20762.0,17199.9,255.7,79.14,100,41,75,11.3,7.6,6.0,0,15
1783014182.099,74.917,283.5,79.14,100,43,82,4.5,4.8,271.8,79.15,100,48,72,6851.8,14196.3,263.8,79.15,100,37,81,16036.8,4.9,255.7,79.14,100,41,75,2.7,3908.4,6.0,0,15
1783014182.542,75.360,284.3,79.14,100,48,82,2.0,2092.0,271.8,79.15,100,48,72,17271.8,16959.1,265.8,79.15,100,43,82,2.7,4.9,256.9,79.14,100,40,75,490.0,17233.5,6.0,0,15
1783014182.984,75.801,289.9,79.14,100,48,83,5.2,9141.2,274.1,79.15,100,49,73,16651.5,9129.7,275.3,79.15,100,40,81,2.0,4.7,260.7,79.14,100,43,74,5142.2,13680.1,6.0,0,15
1783014183.427,76.245,295.6,79.14,100,49,83,2.1,16016.4,281.8,79.15,100,53,74,16675.8,3356.0,275.1,79.15,100,41,81,1.8,4.7,265.2,79.14,100,46,76,11303.2,13682.1,6.0,0,15
1783014183.870,76.688,296.0,79.14,100,49,84,8097.2,13966.8,282.2,79.15,100,48,74,15424.7,4.8,278.6,79.15,100,40,82,4.5,515.5,267.9,79.14,100,41,74,19699.6,17185.4,6.0,0,15
1783014184.312,77.130,295.8,79.14,100,50,84,20712.1,17110.1,279.4,79.15,100,51,74,3.1,5.9,278.0,79.15,100,39,81,3.6,17212.8,263.6,79.14,100,42,76,20747.2,5.7,6.0,0,15
1783014184.753,77.570,295.0,79.14,100,46,83,8.9,8.9,279.6,79.15,100,44,74,20710.8,16818.9,272.9,79.15,100,36,83,2.5,5.8,260.3,79.14,100,36,76,6318.7,13872.6,6.0,0,15
1783014185.195,78.013,285.2,79.14,100,37,84,20705.1,5.9,269.7,79.15,100,39,73,3.0,13495.0,269.0,79.15,100,34,83,3605.9,15014.2,256.0,79.14,100,38,75,473.6,417.7,9.0,0,14
1783014185.639,78.457,250.5,79.14,99,34,82,5125.6,4607.2,230.1,79.15,93,19,73,5119.6,4533.1,229.4,79.15,99,25,81,5514.9,4798.3,210.3,79.14,99,28,74,5212.0,5126.2,6.0,16,0
1783014186.085,78.903,250.5,79.14,99,34,82,4492.3,4253.7,221.6,79.15,99,41,73,4493.8,4210.3,229.4,79.15,99,25,81,5064.1,4572.4,210.3,79.14,99,28,74,4913.4,5243.9,6.0,16,0
1783014186.528,79.346,234.4,79.14,99,42,83,4752.4,4100.6,221.6,79.15,99,41,73,4871.2,4115.1,210.3,79.15,99,32,82,4827.5,4700.2,200.1,79.14,99,35,75,4883.8,4493.3,6.0,16,0
1783014186.969,79.787,260.3,79.14,99,43,83,5687.7,4118.2,239.3,79.15,99,43,74,4762.5,4456.8,239.2,79.15,99,33,82,4899.5,4691.4,223.3,79.14,99,35,75,4879.7,5011.3,6.0,16,0
1783014187.421,80.239,266.0,79.14,99,42,84,4785.8,3874.3,246.9,79.15,99,43,74,4732.8,4391.9,243.8,79.15,99,35,82,4340.8,4500.3,228.2,79.14,99,37,75,4886.7,4865.7,6.0,16,0
1783014187.864,80.682,267.3,79.14,99,42,84,4668.9,4212.6,248.0,79.15,99,43,74,4597.8,4190.1,244.7,79.15,99,34,82,4498.8,4727.8,228.6,79.14,99,36,75,4500.9,4903.3,6.0,16,0
1783014188.308,81.126,267.7,79.14,99,42,84,4716.6,4210.2,248.3,79.15,99,44,74,4939.6,4395.4,245.2,79.15,99,33,82,4896.0,4599.5,228.9,79.14,99,35,75,5096.3,4762.5,6.0,16,0
1783014188.748,81.566,267.4,79.14,99,44,84,4970.4,3879.9,248.3,79.15,99,43,74,5041.6,4028.9,245.1,79.15,99,34,82,4709.0,4767.5,229.0,79.14,99,36,76,4843.9,5135.5,6.0,16,0
1783014189.191,82.008,267.8,79.14,99,43,84,4455.1,4268.7,248.4,79.15,99,42,74,4581.4,4011.9,245.3,79.15,99,34,83,4835.3,4613.3,228.9,79.14,99,36,76,4819.5,4770.5,6.0,16,0
1783014189.631,82.449,269.6,79.14,99,44,85,4968.6,3959.1,249.7,79.15,99,44,74,4564.7,4367.7,245.3,79.15,99,34,83,4814.9,4663.7,230.2,79.14,99,35,76,4979.8,4856.6,6.0,16,0
1783014190.075,82.893,269.6,79.14,99,44,85,4664.7,4234.3,249.7,79.15,99,44,74,4692.7,4492.9,246.8,79.15,99,33,83,4502.6,4278.7,230.2,79.14,99,35,76,4777.3,4933.4,6.0,16,0
1783014190.515,83.332,270.2,79.14,99,43,85,4845.7,4280.7,249.8,79.15,99,43,75,4558.0,4059.1,247.2,79.15,99,34,83,4796.4,4620.4,230.5,79.14,99,36,76,5038.0,4608.8,6.0,16,0
1783014190.955,83.773,270.6,79.14,99,44,85,4663.1,4138.1,250.0,79.15,99,43,75,4714.3,4342.2,247.1,79.15,99,35,83,4581.6,4454.2,230.5,79.14,99,36,76,4602.6,5033.8,6.0,16,0
1783014191.402,84.220,271.3,79.14,99,44,85,4579.8,4012.9,250.8,79.15,99,45,75,4650.9,4219.6,248.1,79.15,99,33,83,5168.7,4386.7,231.9,79.14,99,37,76,4801.3,4963.0,6.0,16,0
1783014191.843,84.661,271.5,79.14,99,43,85,4903.3,3961.7,251.5,79.15,99,43,75,4794.2,4387.5,249.0,79.15,99,34,83,4716.8,4527.2,232.5,79.14,99,38,76,5311.9,4993.9,6.0,16,0
1783014192.289,85.107,272.4,79.14,99,43,85,4614.9,4059.9,252.3,79.15,99,45,75,4719.5,4267.6,249.7,79.15,99,35,84,4809.2,4355.3,232.8,79.14,99,37,76,4810.5,4731.7,7.0,16,0
1783014192.730,85.548,273.4,79.14,99,44,85,4257.0,4453.5,253.1,79.15,99,42,75,4558.6,4269.7,250.2,79.15,99,35,84,4753.6,4645.0,233.5,79.14,99,37,77,4765.3,4930.6,7.0,16,0
1783014193.181,85.998,273.6,79.14,99,43,86,4634.1,4002.8,252.8,79.15,99,45,75,4297.7,4293.8,250.1,79.15,99,34,84,4922.0,4609.3,233.2,79.14,99,36,77,4809.2,4799.4,7.0,16,0
1783014193.622,86.439,273.1,79.14,99,43,86,4766.9,3905.2,252.3,79.15,99,43,76,4978.6,4267.3,250.1,79.15,99,34,84,4666.3,4491.1,233.2,79.14,99,36,77,4954.4,5096.2,7.0,16,0
1783014194.064,86.882,273.1,79.14,99,43,86,4521.9,4130.4,252.3,79.15,99,43,76,4244.2,4140.6,250.0,79.15,99,35,84,4746.5,4596.6,232.7,79.14,99,37,77,5033.0,4752.1,7.0,16,0
1783014194.506,87.323,273.8,79.14,99,44,86,4185.7,3916.4,252.7,79.15,99,44,76,4684.0,4347.2,250.9,79.15,99,35,84,4833.1,4671.2,233.7,79.14,99,37,77,4730.7,4934.8,7.0,16,0
1783014194.947,87.765,275.1,79.14,99,43,86,4221.8,4209.0,253.9,79.15,99,44,76,4379.3,4437.1,251.8,79.15,99,34,84,4790.0,4459.0,234.3,79.14,99,37,77,4901.2,5256.6,7.0,16,0
1783014195.390,88.207,275.8,79.14,99,44,86,4667.5,3816.7,254.3,79.15,99,43,76,4516.5,4065.2,251.6,79.15,99,34,84,4703.3,4463.7,234.1,79.14,99,37,77,4742.6,4808.5,7.0,16,0
1783014195.837,88.655,275.7,79.14,99,46,86,4426.2,3913.6,254.3,79.15,99,46,76,4604.8,4305.4,252.7,79.15,99,35,85,4900.4,4533.6,234.9,79.14,99,37,77,4917.3,4708.6,7.0,16,0
1783014196.278,89.096,276.9,79.14,99,45,87,5044.4,3871.8,255.1,79.15,99,43,76,4335.9,4304.2,252.7,79.15,99,33,85,5068.2,4671.0,234.6,79.14,99,36,77,4961.2,4969.9,7.0,16,0
1783014196.719,89.537,275.3,79.14,99,43,87,4484.4,4545.9,252.8,79.15,99,44,76,4578.0,4552.1,251.2,79.15,99,35,85,4594.9,4772.0,233.2,79.14,99,39,78,4321.5,4915.3,7.0,16,0
1783014197.167,89.985,274.6,79.14,99,45,87,4625.4,3770.4,253.1,79.15,99,44,76,4557.7,3841.3,251.2,79.15,99,35,85,4849.5,4477.9,234.0,79.14,99,39,78,5065.1,4969.6,7.0,16,0
1783014197.609,90.427,277.6,79.14,99,44,87,4555.0,4154.4,255.8,79.15,99,46,76,4272.1,4109.3,251.2,79.15,99,35,85,4739.3,4581.8,234.0,79.14,99,39,78,5291.8,5548.8,7.0,16,0
1783014198.056,90.874,277.6,79.14,99,44,87,4965.0,3927.3,255.8,79.15,99,46,76,4969.2,4082.6,253.8,79.15,99,33,85,4700.6,4423.3,235.7,79.14,99,37,78,4895.9,4765.9,7.0,16,0
1783014198.498,91.315,277.7,79.14,99,42,87,4384.1,3934.2,255.6,79.15,99,44,77,4246.2,4333.5,253.6,79.15,99,35,85,4814.8,4537.3,235.6,79.14,99,38,78,5049.5,4710.0,7.0,16,0
1783014198.939,91.757,278.3,79.14,99,45,87,4507.2,3691.6,256.2,79.15,99,45,77,4617.2,4241.2,254.1,79.15,99,34,85,4806.8,4670.8,235.7,79.14,99,37,78,4754.3,4791.7,7.0,16,0
1783014199.381,92.199,278.7,79.14,99,43,87,4320.2,4141.0,256.4,79.15,99,46,77,4734.8,4246.5,255.0,79.15,99,34,86,5011.1,4611.6,236.1,79.14,99,37,78,4792.7,4922.9,8.0,16,0
1783014199.826,92.644,279.3,79.14,99,45,88,4583.6,4043.5,256.5,79.15,99,45,77,4655.2,4126.3,254.3,79.15,99,35,86,4604.8,4376.7,235.9,79.14,99,38,78,4638.9,4965.8,8.0,16,0
1783014200.271,93.089,280.2,79.14,99,45,88,4621.5,3885.2,257.0,79.15,99,45,77,4680.4,4144.2,255.3,79.15,99,36,86,4736.2,4750.2,236.7,79.14,99,39,78,5427.2,4713.7,8.0,16,0
1783014200.715,93.532,281.7,79.14,99,46,88,4608.7,4172.7,257.9,79.15,99,46,77,4576.0,4217.1,257.2,79.15,99,35,86,4429.8,4224.9,237.5,79.14,99,38,78,4778.6,4769.8,8.0,16,0
1783014201.159,93.977,282.1,79.14,99,44,88,4624.9,3743.9,258.4,79.15,99,45,77,5009.6,4075.6,257.0,79.15,99,35,86,4515.9,4015.9,237.9,79.14,99,37,78,4813.7,5008.6,8.0,16,0
1783014201.605,94.423,282.1,79.14,99,44,88,4494.8,4196.3,258.3,79.15,99,45,77,4169.7,4190.1,257.0,79.15,99,35,86,4752.9,4912.6,237.9,79.14,99,37,78,5276.2,4762.0,8.0,16,0
1783014202.052,94.870,282.0,79.14,99,44,88,4522.5,3814.6,258.3,79.15,99,45,77,4890.6,4198.2,257.3,79.15,99,35,86,4955.9,4588.5,237.9,79.14,99,38,79,4776.6,4984.3,8.0,16,0
1783014202.495,95.312,282.2,79.14,99,44,88,4413.0,4012.2,258.3,79.15,99,45,78,4387.7,4164.1,257.3,79.15,99,34,87,4789.9,4493.5,237.5,79.14,99,38,79,4834.8,4600.4,8.0,16,0
1783014202.938,95.756,281.4,79.14,99,45,89,4199.8,3963.3,257.2,79.15,99,45,78,4724.2,4271.5,256.8,79.15,99,36,87,4807.6,4798.7,236.7,79.14,99,38,79,4661.5,4650.8,8.0,16,0
1783014203.380,96.198,281.0,79.14,99,45,89,4194.0,4221.0,257.0,79.15,99,45,78,4818.8,4415.8,256.8,79.15,99,37,87,4980.9,4507.7,236.8,79.14,99,37,79,4999.5,4904.2,8.0,16,0
1783014203.824,96.642,281.7,79.14,99,45,89,4658.5,4088.1,257.2,79.15,99,43,78,4739.3,4409.7,256.9,79.15,99,36,87,4686.0,4278.1,237.4,79.14,99,39,79,4612.8,5149.9,8.0,16,0
1783014204.269,97.087,282.5,79.14,99,45,89,4619.7,4090.5,257.8,79.15,99,45,78,4743.9,4175.4,257.8,79.15,99,35,87,4801.0,4519.7,237.4,79.14,99,38,79,4663.8,4548.8,8.0,16,0
1783014204.712,97.530,283.3,79.14,99,45,89,4757.0,4340.0,258.8,79.15,99,45,78,4859.7,4303.3,258.5,79.15,99,34,87,4750.1,4470.7,238.3,79.14,99,37,79,4549.5,4758.5,8.0,16,0
1783014205.159,97.977,283.5,79.14,99,45,89,4714.9,4288.5,259.2,79.15,99,45,78,4731.3,4260.1,258.4,79.15,99,35,87,4792.3,4519.9,238.7,79.14,99,37,79,4849.9,4657.1,8.0,16,0
1783014205.604,98.422,283.5,79.14,99,45,89,4656.6,4174.6,258.6,79.15,99,45,78,4571.4,4091.4,258.4,79.15,99,35,87,4545.7,5493.1,238.7,79.14,99,37,79,5036.8,5044.3,8.0,16,0
1783014206.054,98.871,283.1,79.14,99,46,89,4736.3,3905.4,258.6,79.15,99,45,78,4856.6,4059.9,258.2,79.15,99,36,87,4699.3,4495.1,238.3,79.14,99,38,80,4369.4,4676.7,8.0,16,0
1783014206.496,99.314,282.8,79.14,99,45,89,4576.1,4004.4,258.5,79.15,99,46,78,4440.8,4240.1,258.2,79.15,99,36,87,4199.1,4510.8,238.2,79.14,99,38,80,4807.1,4765.6,8.0,16,0
1783014206.938,99.756,284.0,79.14,99,46,89,4687.5,4016.5,259.0,79.15,99,45,78,4622.2,4204.4,259.1,79.15,99,35,88,4827.5,4296.6,238.5,79.14,99,35,80,4788.7,4931.7,8.0,16,0
1783014207.381,100.199,283.3,79.14,99,44,90,4606.1,3846.4,257.6,79.15,99,45,79,4516.4,4427.1,257.6,79.15,99,34,88,4574.5,4327.1,237.2,79.14,99,39,80,4719.7,4952.4,8.0,16,0
1783014207.824,100.642,282.6,79.14,99,43,90,4830.3,4296.6,256.8,79.15,99,45,79,4808.8,4104.8,257.4,79.15,99,34,88,4644.3,4318.5,236.8,79.14,99,38,80,4546.9,4957.0,9.0,16,0
1783014208.266,101.084,283.4,79.14,99,45,90,4609.3,4230.0,257.8,79.15,99,44,79,4456.8,4408.4,258.7,79.15,99,36,88,4547.2,4225.5,238.0,79.14,99,38,80,4782.0,4846.0,9.0,16,0
1783014208.706,101.524,284.1,79.14,99,46,90,4570.8,3746.2,258.8,79.15,99,45,79,4649.7,4203.7,259.4,79.15,99,36,88,5048.7,4625.4,238.7,79.14,99,38,80,4820.2,4886.8,9.0,16,0
1783014209.148,101.966,285.4,79.14,99,45,90,4608.5,4196.7,259.8,79.15,99,45,79,4696.5,4253.5,260.6,79.15,99,35,88,4673.7,4391.8,239.7,79.14,99,38,80,5106.6,3939.1,9.0,16,0
1783014209.607,102.425,285.4,79.14,99,45,90,111.1,4418.7,217.9,79.15,0,0,76,799.3,4183.0,260.6,79.15,99,35,88,836.4,3782.8,239.7,79.14,99,38,80,51.5,449.6,,,
1783014211.033,103.851,266.0,79.14,100,50,90,3.6,4.6,258.5,79.15,100,64,80,491.7,17174.1,263.2,79.15,100,41,89,20753.6,5.7,264.1,79.14,99,52,82,2.9,4.7,,,
1783014212.452,105.270,296.4,79.14,100,42,91,2.4,5186.0,277.8,79.15,100,43,80,18239.1,13252.3,277.7,79.15,100,34,89,8.7,5.3,261.7,79.14,99,38,81,14572.9,14873.2,6.0,0,0
1783014212.897,105.714,298.2,79.14,100,45,91,2.6,17117.9,274.7,79.15,100,45,81,20707.5,7.6,279.2,79.15,100,40,90,5.3,487.4,260.9,79.14,100,42,81,19701.3,17190.6,6.0,0,0
1783014213.342,106.160,298.9,79.14,100,48,90,13750.4,14554.9,282.4,79.15,100,46,81,7166.6,4.7,280.6,79.15,100,41,90,2.4,2914.2,269.7,79.14,100,43,82,17539.3,15715.3,6.0,0,0
1783014213.794,106.612,301.0,79.14,100,57,91,13009.7,14188.3,284.4,79.15,100,47,80,10395.3,4.8,286.0,79.15,100,41,90,2.8,1005.7,269.9,79.14,100,42,81,18374.6,17199.0,6.0,0,0
1783014214.236,107.054,300.6,79.14,100,49,90,3.4,17114.7,286.5,79.15,100,56,81,20707.2,5.0,288.2,79.15,99,42,91,4.3,5.0,271.5,79.14,100,48,82,20783.7,16695.5,6.0,0,0
1783014214.677,107.495,301.0,79.14,100,54,91,1.8,17116.3,286.4,79.15,100,46,81,20708.6,8.8,286.0,79.15,100,40,90,7.3,521.4,269.8,79.14,100,42,82,19698.7,17213.0,6.0,0,0
1783014215.128,107.946,299.0,79.14,100,47,92,10621.9,14916.1,284.8,79.15,100,53,81,11582.6,5.3,286.0,79.15,100,40,90,4.6,11855.4,268.5,79.14,100,42,82,17931.9,6490.0,6.0,0,0
1783014215.569,108.387,299.0,79.14,100,47,92,4587.5,5.7,284.8,79.15,100,53,81,211.4,17118.0,284.6,79.15,100,38,91,20745.8,6.0,268.5,79.14,100,41,83,3.3,17237.0,6.0,0,0
1783014216.015,108.833,297.7,79.14,100,46,92,27698.7,5291.8,284.5,79.15,100,44,81,20708.3,17102.5,280.5,79.15,100,37,90,7318.0,17230.4,265.9,79.14,100,33,83,11686.7,17029.8,6.0,0,0
1783014216.457,109.274,294.7,79.14,98,12,93,5639.8,3.9,274.3,79.15,100,7,80,1.8,4.9,277.5,79.15,100,7,91,18326.2,12854.9,253.8,79.14,100,23,82,6298.8,4.1,6.0,0,0
1783014216.898,109.716,294.3,79.14,100,51,90,2.1,17072.6,277.9,79.15,100,54,80,20710.5,7.2,285.1,79.15,100,60,91,5.5,4.6,266.6,79.14,100,43,83,16707.5,13119.1,6.0,0,0
1783014217.343,110.161,294.9,79.14,100,50,91,2.0,4.7,286.8,79.15,100,49,81,20740.9,17119.1,289.6,79.15,100,52,91,2.9,4.5,281.8,79.14,100,43,83,2.3,11861.4,6.0,0,0
1783014217.788,110.606,300.4,79.14,100,45,91,3.7,11430.0,291.2,79.15,100,49,82,16142.4,8680.5,290.8,79.15,100,37,91,2.6,5.7,273.5,79.14,100,47,83,20778.1,17207.5,6.0,0,0
1783014218.235,111.053,298.9,79.14,100,44,90,15987.6,5.5,284.0,79.15,100,40,82,3.1,16761.2,285.6,79.15,100,33,91,18248.6,1861.3,263.9,79.14,100,34,83,2.1,2887.4,6.0,0,0
1783014218.678,111.496,297.4,79.14,100,44,91,10502.5,13757.2,278.1,79.15,100,43,82,13240.7,9.7,280.0,79.15,100,37,91,3.5,12275.9,261.5,79.14,100,39,82,16152.8,7513.4,6.0,0,0
1783014219.124,111.942,299.7,79.14,100,46,91,17289.5,17114.0,281.6,79.15,100,51,82,2.8,4.8,280.0,79.15,100,37,91,758.6,16746.5,261.5,79.14,100,39,82,20748.2,5.3,6.0,0,0
1783014219.567,112.385,299.7,79.14,100,46,91,16186.9,5802.3,281.6,79.15,100,51,82,2.0,5.0,281.2,79.15,100,37,90,8366.4,13190.1,264.8,79.14,100,44,84,15613.9,5.0,6.0,0,0
1783014220.008,112.826,298.9,79.14,100,45,91,20707.4,17107.3,284.8,79.15,100,45,81,4.2,5.0,285.5,79.15,100,44,91,2.9,13238.3,270.8,79.14,100,41,82,15776.4,6445.7,6.0,0,0
1783014220.451,113.269,300.3,79.14,100,48,91,10360.8,13217.1,286.6,79.15,100,56,82,13881.4,4.6,285.9,79.15,100,39,90,2.8,4.6,272.6,79.14,100,46,84,20299.5,17206.9,6.0,0,0
1783014220.893,113.710,301.4,79.14,100,56,91,5965.1,13174.1,286.2,79.15,100,46,81,18222.4,7.9,289.4,79.15,100,38,91,6.7,6.6,270.7,79.14,100,39,83,20303.5,17193.3,6.0,0,0
1783014221.336,114.153,298.7,79.14,100,46,90,4.2,17117.6,288.1,79.15,100,50,82,20706.2,5.3,286.4,79.15,100,37,90,3.6,507.9,272.6,79.14,100,46,84,17076.8,17191.3,6.0,0,0
1783014221.779,114.596,298.4,79.14,100,46,91,15397.8,13.8,285.3,79.15,100,44,82,1414.6,15921.0,283.7,79.15,100,39,91,20746.1,5.8,269.9,79.14,99,36,84,4.3,13302.5,6.0,0,0
1783014222.232,115.049,296.6,79.14,100,41,91,16993.7,17093.6,279.3,79.15,100,41,82,3.1,5.9,280.0,79.15,100,34,90,20708.6,17387.3,263.5,79.14,100,37,84,20754.9,17187.0,12.0,1,14
1783014222.675,115.492,291.4,79.14,100,64,91,1.9,17113.8,269.7,79.15,100,27,82,19870.1,664.1,273.0,79.15,100,43,91,8.5,8.8,255.1,79.14,100,44,84,1207.8,16261.1,12.0,1,14
1783014223.124,115.942,293.6,79.14,100,56,91,1.8,4.3,279.1,79.15,100,46,81,1.9,17165.6,273.0,79.15,100,43,91,19514.6,1004.2,255.1,79.14,100,44,84,3.2,4.6,12.0,1,14
1783014223.566,116.384,293.6,79.14,100,56,91,20207.1,359.4,279.1,79.15,100,46,81,2.7,5.0,283.6,79.15,100,46,91,15182.1,14667.3,266.7,79.14,100,43,83,7014.5,4.9,12.0,1,14
1783014224.010,116.828,301.8,79.14,100,50,90,19017.7,1351.1,296.8,79.15,100,49,81,4.6,31.2,294.0,79.15,100,49,91,19690.3,17194.5,281.1,79.14,100,40,84,2.8,5.7,12.0,1,14
1783014224.452,117.270,299.2,79.14,100,44,91,1968.4,15440.3,290.1,79.15,100,44,83,19701.3,5.8,287.7,79.15,100,36,91,2.8,14945.8,273.3,79.14,100,39,84,17955.0,3572.5,12.0,1,14
1783014224.894,117.712,297.6,79.14,100,44,91,2.0,5.5,281.6,79.15,100,46,83,13849.1,14988.4,282.3,79.15,99,34,91,7854.8,5.1,264.6,79.14,100,35,84,4.5,12614.4,12.0,1,14
1783014225.337,118.155,295.7,79.14,100,45,90,4.2,4404.6,279.8,79.15,100,44,82,17813.4,14063.2,279.1,79.15,100,38,91,4.5,4.8,266.5,79.14,100,43,84,1075.4,16745.4,12.0,1,14
1783014225.780,118.598,300.8,79.14,100,48,91,5.9,17114.2,282.9,79.15,100,44,83,19908.0,694.8,283.0,79.15,100,41,91,2.6,10.5,267.2,79.14,100,43,84,16440.6,14577.9,12.0,1,14
1783014226.228,119.046,302.3,79.14,100,49,91,3.3,7689.1,288.5,79.15,100,48,83,17313.8,11399.7,288.2,79.15,100,43,91,3.5,4.7,273.6,79.14,100,45,85,495.9,17272.2,12.0,1,14
1783014226.669,119.487,301.8,79.14,100,57,91,2.8,4.5,291.4,79.15,100,54,83,20731.1,17115.0,288.2,79.15,100,40,90,8.7,9.3,276.0,79.14,100,46,85,7.6,8632.3,12.0,1,14
1783014227.115,119.933,298.9,79.14,100,47,91,2.8,4.6,288.8,79.15,100,47,82,19185.9,14408.8,288.2,79.15,100,40,90,3384.2,4.7,276.0,79.14,100,46,85,2.8,1509.8,12.0,1,14
1783014227.559,120.377,298.9,79.14,100,47,91,4.4,10.6,288.8,79.15,100,47,82,11045.4,14664.2,290.7,79.15,100,44,91,11040.1,4.7,273.6,79.14,100,44,84,2.3,8655.0,12.0,1,14
1783014228.009,120.827,299.3,79.14,100,49,91,2.4,17115.6,292.4,79.15,100,55,84,20705.4,5.7,286.6,79.15,100,38,90,2.2,11371.3,273.1,79.14,100,45,85,17841.4,6947.8,12.0,1,14
1783014228.452,121.270,299.6,79.14,100,45,90,2.8,5.6,287.9,79.15,100,43,83,5167.4,15290.4,284.1,79.15,100,36,89,16259.8,5.5,269.6,79.14,100,38,85,2.7,15979.8,14.0,1,13
1783014228.895,121.713,298.1,79.14,100,46,91,18978.0,12933.1,283.5,79.15,98,43,84,5877.6,9.6,279.0,79.15,98,19,89,5.8,539.1,262.1,79.14,100,9,87,19147.9,17220.4,14.0,1,13
1783014229.338,122.156,295.6,79.14,100,50,90,4.4,4.1,281.5,79.15,100,56,84,3189.4,14398.0,281.7,79.15,100,45,91,19839.6,4.6,269.9,79.14,100,51,85,1.9,4.4,14.0,1,13
1783014229.780,122.598,296.1,79.14,100,49,91,18027.8,8.8,290.7,79.15,100,57,84,2.7,4.4,288.2,79.15,100,39,90,14420.9,12820.1,279.0,79.14,100,57,86,10418.6,11.0,14.0,1,13
1783014230.227,123.045,300.7,79.14,100,53,91,15739.7,4938.1,293.9,79.15,100,53,84,2.6,4.7,292.1,79.15,100,37,90,6450.5,13453.1,277.2,79.14,100,40,86,17784.0,5.7,14.0,1,13
1783014230.669,123.487,298.1,79.14,100,45,90,2.6,6.0,288.8,79.15,100,44,84,20711.7,17108.0,286.4,79.15,100,35,89,8.6,10.9,269.4,79.14,100,34,86,20767.2,14618.2,14.0,1,13
1783014231.118,123.936,297.2,79.14,100,37,91,19390.2,5.5,282.8,79.15,100,38,84,4.5,13043.7,286.4,79.15,100,35,89,16108.1,6329.6,269.4,79.14,100,34,86,3.1,5.4,14.0,1,13
1783014231.560,124.378,297.2,79.14,100,37,91,1.8,4.7,282.8,79.15,100,38,84,20722.1,14671.2,279.6,79.15,100,36,90,1404.6,4.8,266.6,79.14,100,40,84,2.6,16897.5,14.0,1,13
1783014232.009,124.827,300.2,79.14,100,52,91,2.3,1020.6,282.0,79.15,100,56,84,18336.5,17111.9,281.1,79.15,100,39,90,2.7,5.0,267.9,79.14,100,45,86,505.5,17245.8,14.0,1,13
1783014232.452,125.270,299.2,79.14,100,48,90,3.3,4.2,286.4,79.15,100,44,83,20237.1,17109.8,283.4,79.15,100,40,91,2.0,4.5,273.9,79.14,100,41,85,1.9,10926.1,14.0,1,13
1783014232.896,125.714,300.8,79.14,100,52,91,1.8,4.5,289.7,79.15,100,56,84,9671.5,13080.8,286.4,79.15,100,39,90,14498.1,4.7,274.1,79.14,100,49,86,4.3,3.9,14.0,1,13
1783014233.338,126.156,301.0,79.14,100,49,91,3.5,4.5,289.3,79.15,100,46,84,1.7,17149.8,289.0,79.15,100,47,91,20754.1,5.1,273.7,79.14,100,39,86,1.9,4.9,14.0,1,13
1783014233.780,126.598,299.1,79.14,100,49,91,2.0,7.1,292.1,79.15,100,58,85,1.9,17141.5,285.6,79.15,100,39,89,19137.5,1051.8,276.3,79.14,100,44,86,2.3,4.9,14.0,1,13
1783014234.226,127.043,300.4,79.14,100,46,91,2.1,5.1,289.2,79.15,100,43,84,20719.3,17106.9,284.3,79.15,100,37,90,2.2,5.9,273.2,79.14,100,40,85,11515.0,13636.5,14.0,1,13
1783014234.669,127.487,296.8,79.14,100,46,91,20706.2,5.8,283.7,79.15,100,45,84,2.9,11011.5,282.5,79.15,100,30,90,24730.3,1682.3,267.8,79.14,100,33,86,4.7,784.3,14.0,1,13
1783014235.117,127.935,288.6,79.14,100,13,92,2.9,4.4,272.9,79.15,100,20,84,3.5,5115.6,282.5,79.15,100,30,90,17997.7,13369.5,267.8,79.14,100,33,86,2.8,4.5,17.0,2,13
1783014235.560,128.378,288.6,79.14,100,13,92,14845.8,14131.8,272.9,79.15,100,20,84,8597.4,4.3,272.2,79.15,100,47,90,3.3,10.3,259.8,79.14,100,49,85,20812.4,17213.6,17.0,2,13
1783014236.008,128.826,295.2,79.14,100,57,91,8.5,3.7,282.8,79.15,100,51,84,20218.1,17113.2,282.9,79.15,100,52,91,1.7,4.0,267.8,79.14,100,44,85,4.4,1806.6,17.0,2,13
1783014236.453,129.271,302.1,79.14,100,51,90,3.5,4.6,302.4,79.15,100,47,84,6092.2,14880.4,297.5,79.15,100,55,91,16228.0,4.7,284.9,79.14,100,42,85,2.6,5.5,17.0,2,13
1783014236.896,129.714,299.3,79.14,100,48,91,591.5,16601.3,297.5,79.15,100,54,85,20704.6,8.5,287.5,79.15,100,38,89,4.7,16201.3,278.9,79.14,100,39,86,17795.5,2153.8,17.0,2,13
1783014237.337,130.155,299.5,79.14,100,42,91,3.8,6.0,287.2,79.15,100,40,85,20708.4,17104.8,283.5,79.15,100,36,89,4.3,5.6,268.7,79.14,100,40,85,6046.4,15042.8,17.0,2,13
1783014237.780,130.598,297.2,79.14,100,46,91,20709.4,17113.0,282.6,79.15,100,45,84,3.0,4.7,280.9,79.15,100,38,90,2.0,10822.6,266.3,79.14,100,40,86,17499.4,7688.6,17.0,2,13
1783014238.223,131.041,300.1,79.14,100,47,91,17939.5,7979.0,288.1,79.15,100,52,85,3.5,4.7,281.8,79.15,100,38,90,1077.7,16489.5,271.2,79.14,100,39,87,20518.6,5.3,17.0,2,13
1783014238.664,131.482,300.8,79.14,100,48,91,20354.6,105.1,293.0,79.15,100,48,85,3.7,7.9,285.0,79.15,100,42,90,12174.1,14880.1,276.1,79.14,100,44,86,9560.7,4.7,17.0,2,13
1783014239.108,131.926,300.8,79.14,100,48,91,17447.1,3820.3,290.2,79.15,100,48,85,2.8,4.9,285.0,79.15,100,42,90,10175.9,14520.8,276.1,79.14,100,44,86,12238.9,4.8,17.0,2,13
1783014239.550,132.368,301.0,79.14,100,51,91,17661.3,3426.6,290.2,79.15,100,48,85,2.8,4.8,286.6,79.15,100,38,90,13949.9,15647.5,273.0,79.14,100,40,87,6998.9,5.7,17.0,2,13
1783014239.992,132.810,299.6,79.14,100,45,91,20705.1,4.9,290.5,79.15,100,45,85,2.0,1115.9,284.6,79.15,100,39,90,18360.5,15012.3,273.3,79.14,100,43,86,3.6,5.1,17.0,2,13
1783014240.438,133.256,299.1,79.14,100,49,91,3.7,3687.8,289.5,79.15,100,46,84,18039.2,14641.4,284.3,79.15,100,40,90,3.8,5.9,274.2,79.14,100,40,87,20771.7,17196.8,17.0,2,13
1783014240.882,133.700,299.2,79.14,100,39,91,1451.5,6.1,286.0,79.15,100,44,85,9986.4,18321.0,282.5,79.15,99,31,90,7583.6,8.0,269.0,79.14,100,37,86,2059.2,15547.1,20.0,2,12
1783014241.329,134.147,293.7,79.14,100,42,90,13725.4,4.4,282.6,79.15,100,39,85,4.2,4.2,271.3,79.15,98,24,89,12731.8,13488.0,258.5,79.14,100,8,85,11039.2,4.6,20.0,2,12
1783014241.773,134.591,280.9,79.14,100,49,90,5.0,263.4,276.4,79.15,100,42,84,18213.8,17113.8,273.5,79.15,100,58,90,2.2,4.3,260.3,79.14,100,41,86,1.9,592.5,20.0,2,12
1783014242.219,135.037,284.8,79.14,100,49,91,1.9,4.2,286.3,79.15,100,47,86,3.5,1625.5,286.0,79.15,100,49,90,17380.7,17196.4,275.1,79.14,100,44,88,2.7,4.3,20.0,2,12
1783014242.661,135.479,294.8,79.14,100,49,91,16165.4,8571.2,297.2,79.15,100,47,85,10.0,7.6,290.0,79.15,100,44,90,8592.1,13643.2,281.8,79.14,100,39,87,13073.8,6.8,20.0,2,12
1783014243.113,135.931,299.2,79.14,100,43,91,2.1,5.3,292.4,79.15,100,45,84,5950.4,13706.9,290.0,79.15,100,44,90,17374.7,6.1,281.8,79.14,100,39,87,4.7,17229.7,20.0,2,12
1783014243.555,136.372,299.2,79.14,100,43,91,15372.8,17108.0,292.4,79.15,100,45,84,3.1,6.1,285.9,79.15,100,36,90,11061.0,12085.9,275.3,79.14,100,37,86,14504.0,5.9,20.0,2,12
1783014243.996,136.814,295.3,79.14,100,42,90,20704.6,5.3,285.0,79.15,100,41,85,2.9,2299.1,278.9,79.15,100,28,90,16820.0,16715.5,266.7,79.14,100,38,87,4.4,11.8,20.0,2,12
1783014244.440,137.258,283.4,79.14,100,45,91,15504.3,7.4,281.2,79.15,100,44,85,2.9,12641.8,274.7,79.15,100,42,90,16079.8,7164.2,264.2,79.14,100,41,86,2.8,4.7,20.0,2,12
1783014245.347,138.165,300.1,79.14,100,51,91,3.4,4.7,292.7,79.15,100,45,86,1330.0,16002.1,285.7,79.15,100,43,90,20753.3,4.5,275.7,79.14,100,40,87,2.4,4.6,20.0,2,12
1783014245.790,138.608,299.6,79.14,100,47,90,5.5,5.6,293.4,79.15,100,53,86,1551.3,15855.7,286.4,79.15,100,39,89,20748.9,4.8,277.8,79.14,99,50,87,4.0,512.7,20.0,2,12
1783014246.243,139.061,300.7,79.14,100,50,91,4.0,4.6,290.5,79.15,100,46,85,9586.0,13414.0,284.7,79.15,100,42,90,14186.8,5.2,274.7,79.14,100,40,86,2.3,5622.0,20.0,2,12
1783014246.688,139.506,299.5,79.14,100,45,91,2.1,17117.3,290.1,79.15,100,45,86,20709.0,9.4,284.2,79.15,100,37,90,9.4,15980.6,271.2,79.14,100,39,88,15821.0,4301.7,20.0,2,12
1783014247.141,139.959,300.2,79.14,100,41,91,2.7,6.0,289.2,79.15,100,42,86,20706.7,17105.0,278.8,79.15,100,32,90,3.9,6.1,268.4,79.14,100,33,86,13024.4,13601.8,20.0,2,12
1783014247.585,140.403,300.2,79.14,100,41,91,20707.6,17107.5,289.2,79.15,100,42,86,20705.3,5.1,278.8,79.15,100,32,90,1.8,4.4,268.4,79.14,100,33,86,9801.8,14869.1,23.0,3,12
1783014248.033,140.851,288.6,79.14,100,10,90,2.8,4.2,272.1,79.15,100,13,86,504.4,17157.7,268.1,79.15,100,28,90,20750.2,4.6,259.4,79.14,100,59,88,1.8,9.8,23.0,3,12
1783014248.480,141.298,290.8,79.14,100,71,91,20706.1,4.1,282.3,79.15,100,58,86,2.7,4.5,277.1,79.15,100,42,89,5964.9,14284.3,269.3,79.14,100,52,88,17119.6,4.2,23.0,3,12
1783014248.921,141.739,300.6,79.14,100,60,91,19873.7,13927.3,293.0,79.15,100,48,85,3764.8,7.0,297.0,79.15,100,43,90,2.7,8282.0,285.0,79.14,100,43,87,17539.9,10282.2,23.0,3,12
1783014249.364,142.182,298.3,79.14,100,46,90,20706.1,5.4,297.2,79.15,100,46,86,2.0,2590.6,289.9,79.15,100,44,90,18310.5,15043.7,282.9,79.14,100,39,87,2.1,6.0,23.0,3,12
1783014249.806,142.624,297.0,79.14,100,43,91,14102.2,14738.2,292.8,79.15,100,43,86,8449.5,6.4,280.1,79.15,100,34,89,3127.3,15135.4,272.8,79.14,100,36,88,18901.7,5.9,23.0,3,12
1783014250.249,143.066,299.0,79.14,100,46,91,3.9,5.3,285.0,79.15,100,46,86,1555.6,15844.0,277.8,79.15,100,38,89,19684.0,4.7,266.0,79.14,100,40,88,2.4,4.7,23.0,3,12
1783014250.691,143.508,299.7,79.14,100,46,91,2.6,10.0,288.2,79.15,100,45,86,17785.3,19337.3,282.4,79.15,100,38,90,10.1,6.9,274.0,79.14,100,41,87,4.5,16981.2,23.0,3,12
1783014251.147,143.965,300.8,79.14,100,55,91,3.8,479.4,291.9,79.15,100,48,85,18910.5,17114.2,286.9,79.15,100,42,90,3.5,4.7,277.1,79.14,100,41,87,2.4,15970.1,23.0,3,12
1783014251.589,144.407,300.8,79.14,100,55,91,1.9,4.6,291.9,79.15,100,48,85,18958.5,14461.6,286.9,79.15,100,42,90,3496.0,4.7,277.1,79.14,100,41,87,1.9,9528.8,23.0,3,12
1783014252.036,144.854,300.9,79.14,100,47,90,1.9,4.8,294.6,79.15,100,47,86,13520.1,14511.7,287.2,79.15,100,38,90,8736.1,4.7,277.7,79.14,100,49,88,2.6,2907.6,23.0,3,12
1783014252.480,145.297,300.6,79.14,100,50,91,1.8,4.7,294.8,79.15,100,45,87,12493.1,14437.1,285.6,79.15,100,38,90,10127.7,4.7,276.6,79.14,100,41,87,2.3,5769.2,23.0,3,12
1783014252.926,145.743,299.5,79.14,100,47,92,2.0,7126.4,292.9,79.15,100,47,86,17996.7,11390.9,286.7,79.15,100,40,90,2.0,5.4,277.5,79.14,100,47,88,13319.2,14778.2,23.0,3,12
1783014253.369,146.187,297.6,79.14,100,46,91,20705.5,5.9,292.9,79.15,100,45,87,2.2,12112.3,282.6,79.15,99,33,90,17981.1,6213.2,277.2,79.14,100,38,87,2.2,6.4,23.0,3,12
1783014253.812,146.629,297.5,79.14,100,44,92,4631.4,17102.3,288.4,79.15,100,46,86,15086.4,14255.5,280.3,79.15,100,37,89,21086.7,12375.1,268.5,79.14,98,36,88,5825.3,10.5,26.0,3,11
1783014254.256,147.074,283.1,79.14,100,41,89,10.6,3.8,279.9,79.15,100,33,85,506.6,6960.0,273.4,79.15,100,52,90,14260.1,14560.7,258.9,79.14,100,26,86,2.6,4.2,26.0,3,11
1783014254.700,147.518,267.5,79.14,100,67,90,5186.6,12943.8,278.4,79.15,100,50,87,19283.3,7.2,274.0,79.15,100,39,89,7.6,6.5,266.2,79.14,100,47,88,20802.7,13617.5,26.0,3,11
1783014255.146,147.964,282.3,79.14,100,59,91,1.9,4.6,291.3,79.15,100,45,86,20741.6,14914.5,287.4,79.15,100,41,90,1077.4,4.8,281.4,79.14,100,42,87,2.4,6835.4,26.0,3,11
1783014255.589,148.407,282.3,79.14,100,59,91,2.1,946.7,291.3,79.15,100,45,86,18311.0,17105.4,287.4,79.15,100,41,90,2.2,5.7,281.4,79.14,100,42,87,15637.8,16030.1,26.0,3,11
1783014256.033,148.851,296.9,79.14,100,46,91,20704.6,5.7,298.8,79.15,100,45,87,4.6,12574.2,285.8,79.15,100,36,89,16221.5,6932.5,277.9,79.14,100,36,88,3.0,5.9,26.0,3,11
1783014256.476,149.294,297.5,79.14,100,45,91,6697.9,13372.3,290.4,79.15,100,43,87,17400.4,5.0,278.8,79.15,100,36,89,2.4,3283.3,270.4,79.14,100,37,87,16376.6,16233.2,26.0,3,11
1783014256.918,149.736,298.8,79.14,100,48,91,20708.7,15051.1,286.0,79.15,100,47,87,1553.5,7.4,279.5,79.15,100,37,89,2.0,13034.5,268.9,79.14,100,40,87,15877.0,7034.6,26.0,3,11
1783014257.359,150.177,298.9,79.14,100,44,91,16315.3,14202.6,291.1,79.15,100,43,87,1.9,4.7,280.7,79.15,100,37,89,3.4,17234.8,277.0,79.14,100,51,88,20747.8,5.5,26.0,3,11
1783014257.802,150.620,300.0,79.14,100,54,91,20712.5,17116.2,292.3,79.15,100,47,86,2.0,9.7,286.0,79.15,100,41,90,2.2,9423.6,277.9,79.14,100,41,87,15621.8,10741.5,26.0,3,11
1783014258.244,151.062,300.2,79.14,100,46,90,7895.8,13354.3,295.1,79.15,100,46,87,16331.2,4.7,288.0,79.15,100,40,90,9.4,496.7,278.4,79.14,100,46,88,19708.2,17192.2,26.0,3,11
1783014258.689,151.506,301.1,79.14,100,51,91,15558.6,19854.5,294.8,79.15,100,45,87,6.1,8.3,285.0,79.15,100,37,89,8.6,17253.2,277.4,79.14,100,41,87,20756.2,6.2,26.0,3,11
1783014259.148,151.966,299.8,79.14,100,47,91,16209.1,11412.5,293.4,79.15,100,46,87,4.0,5.2,285.8,79.15,100,38,90,12912.6,13319.8,277.2,79.14,100,42,88,11186.1,5.5,26.0,3,11
1783014259.589,152.407,299.8,79.14,100,47,91,2.2,5.2,293.4,79.15,100,46,87,19824.1,17105.8,285.8,79.15,100,38,90,3.0,5.8,277.2,79.14,100,42,88,17015.2,13283.4,26.0,3,11
1783014260.032,152.850,297.3,79.14,100,42,91,12510.8,6.0,293.3,79.15,100,43,87,3.7,18330.6,279.3,79.15,100,34,89,17847.3,17184.6,274.6,79.14,100,36,88,19687.2,17208.4,29.0,4,11
1783014260.480,153.298,297.6,79.14,100,41,91,20707.9,17108.9,284.2,79.15,98,39,87,1.7,3.8,272.3,79.15,98,17,90,2.3,3.5,260.1,79.14,100,12,89,20804.2,16135.7,29.0,4,11
1783014260.922,153.740,292.8,79.14,100,64,91,3.1,7.2,283.1,79.15,100,64,87,8109.2,14996.1,276.1,79.15,100,43,90,13875.4,4.4,271.2,79.14,100,62,89,3.5,4.1,29.0,4,11
1783014261.367,154.185,294.2,79.14,100,61,91,18188.5,4.7,291.3,79.15,100,54,87,2.7,4.4,290.5,79.15,100,42,89,19719.9,17195.3,288.3,79.14,100,49,89,2.4,4.8,29.0,4,11
1783014261.810,154.628,297.9,79.14,100,49,91,20705.3,5.5,297.8,79.15,100,47,87,3.8,6642.7,294.7,79.15,100,44,90,19238.2,10212.2,281.9,79.14,100,40,88,3.8,5.9,29.0,4,11
1783014262.254,155.072,297.7,79.14,100,44,91,12587.7,14869.2,294.8,79.15,100,45,86,9908.5,5.6,285.7,79.15,100,31,89,2.5,17212.6,275.2,79.14,100,37,87,20750.2,5.7,29.0,4,11
1783014262.697,155.515,297.0,79.14,100,43,90,2.0,11.3,289.3,79.15,100,44,87,20707.4,17111.9,276.6,79.15,100,36,90,8.3,7.0,271.9,79.14,100,41,88,1073.7,16743.3,29.0,4,11
1783014263.149,155.967,298.4,79.14,100,49,91,1.8,17117.5,290.8,79.15,100,47,87,20705.7,4.8,280.8,79.15,100,42,90,2.8,4.6,273.2,79.14,100,40,87,20780.0,17003.8,29.0,4,11
1783014263.591,156.409,298.4,79.14,100,49,91,20709.8,17107.5,290.8,79.15,100,47,87,3.0,4.8,280.8,79.15,100,42,90,3.9,16933.7,273.2,79.14,100,40,87,18934.9,1439.7,29.0,4,11
1783014264.037,156.855,303.5,79.14,100,46,91,20707.8,17111.5,293.2,79.15,100,45,87,10.9,4.6,284.8,79.15,100,41,89,1.9,12408.2,274.9,79.14,100,43,88,17526.7,6198.5,29.0,4,11
1783014264.482,157.300,301.0,79.14,100,48,91,19914.1,14194.7,296.3,79.15,100,47,87,3487.9,4.6,285.8,79.15,100,47,90,2.4,4893.0,280.1,79.14,100,40,88,17583.1,13603.2,29.0,4,11
1783014264.923,157.741,300.8,79.14,100,57,91,20310.6,17273.5,296.9,79.15,100,56,88,4.1,6.8,286.3,79.15,100,38,89,1.9,17234.6,279.8,79.14,100,40,88,20166.9,556.1,29.0,4,11
1783014265.374,158.192,299.3,79.14,100,48,90,18073.0,17109.2,294.9,79.15,100,47,87,2.0,5.2,285.1,79.15,100,43,90,4453.5,14913.1,277.1,79.14,100,40,88,17804.3,5.2,29.0,4,11
1783014265.816,158.634,298.4,79.14,100,47,91,2.2,5.8,293.4,79.15,100,47,86,20709.1,16318.1,284.7,79.15,100,37,90,3.5,5.9,277.1,79.14,100,39,87,17436.5,19891.8,29.0,4,11
1783014266.272,159.089,297.2,79.14,100,41,90,4.5,5.9,289.2,79.15,100,40,86,8502.7,22900.1,278.1,79.15,100,28,89,3825.4,17194.8,269.7,79.14,100,33,88,20745.1,9152.5,32.0,4,10
1783014266.716,159.534,287.9,79.14,100,49,91,8.5,7.0,284.5,79.15,100,66,88,9649.5,12070.7,268.0,79.15,100,36,89,13906.0,4.2,265.2,79.14,100,52,88,4.3,4.0,32.0,4,10
1783014267.163,159.980,274.2,79.14,100,51,89,17742.4,12527.6,283.8,79.15,100,45,87,7437.4,4.3,277.6,79.15,100,57,90,3.5,4.4,269.9,79.14,100,42,87,19729.6,17219.1,32.0,4,10
1783014267.604,160.422,274.2,79.14,100,51,89,3.1,4.1,298.7,79.15,100,48,87,18587.2,12706.7,277.6,79.15,100,57,90,5852.8,6.0,269.9,79.14,100,42,87,5.1,17305.7,32.0,4,10
1783014268.055,160.873,283.1,79.14,100,49,90,1.9,4.6,298.7,79.15,100,48,87,19205.0,14544.9,289.1,79.15,100,49,90,10.3,5.8,282.2,79.14,100,43,88,2915.8,14710.6,32.0,4,10
1783014268.502,161.320,298.6,79.14,100,54,91,16386.4,5710.8,297.6,79.15,100,55,88,3.1,1389.2,287.1,79.15,100,37,89,17606.5,17192.3,278.7,79.14,100,39,88,2.2,5.8,32.0,4,10
1783014268.944,161.762,297.3,79.14,99,39,91,94.2,18146.9,289.8,79.15,100,43,87,16086.9,5.2,284.6,79.15,100,36,90,2.7,11861.5,271.1,79.14,100,39,89,16193.2,7647.7,32.0,4,10
1783014269.394,162.212,296.1,79.14,100,46,91,15662.3,13304.1,288.8,79.15,100,45,87,2.9,4.8,279.2,79.15,100,41,90,1075.1,16735.0,271.7,79.14,100,40,88,20750.9,4.7,32.0,4,10
1783014269.836,162.654,300.0,79.14,100,48,91,15606.7,5700.8,292.0,79.15,100,51,88,2.9,6.0,279.8,79.15,100,37,89,20770.9,14335.9,273.3,79.14,100,39,88,1968.8,7.6,32.0,4,10
1783014270.277,163.095,301.2,79.14,100,48,91,15865.8,5556.6,296.5,79.15,100,47,87,1.9,4.7,283.3,79.15,100,44,90,3400.9,14516.1,278.7,79.14,100,42,88,19858.8,4.8,32.0,4,10
1783014270.719,163.537,300.4,79.14,100,52,91,17258.5,16931.3,296.0,79.15,100,52,88,1.8,11.0,285.1,79.15,100,38,89,4.5,17250.6,280.1,79.14,100,43,88,20752.3,5.2,32.0,4,10
1783014271.165,163.983,299.1,79.14,100,45,91,19932.5,17110.8,295.4,79.15,100,44,87,2.7,4.9,286.5,79.15,100,42,90,3.6,17238.8,276.9,79.14,100,40,88,20750.6,5.3,32.0,4,10
1783014271.607,164.425,299.1,79.14,100,45,91,20710.2,17110.3,295.3,79.15,100,50,88,1.9,4.8,286.5,79.15,100,42,90,2.6,17229.6,276.9,79.14,100,40,88,20756.2,11.9,32.0,4,10
1783014272.053,164.871,299.3,79.14,100,48,91,1695.6,5.8,295.3,79.15,100,50,88,3374.2,14255.6,284.0,79.15,100,37,89,19686.8,6.0,279.2,79.14,100,43,88,3.3,17237.8,32.0,4,10
1783014272.498,165.316,300.3,79.14,100,44,91,17500.4,2856.4,294.3,79.15,100,41,88,2.2,3738.9,281.0,79.15,100,34,91,16733.5,15525.8,272.2,79.14,100,35,88,2.9,5.9,35.0,5,10
1783014272.943,165.761,294.8,79.14,99,38,91,17699.6,12863.9,286.8,79.15,100,43,87,7.1,4.6,278.0,79.15,100,32,89,1.8,17256.2,263.7,79.14,98,20,86,20086.6,641.7,35.0,5,10
1783014273.384,166.202,287.7,79.14,100,51,90,4.6,4.1,281.5,79.15,100,50,87,20728.3,17106.4,275.3,79.15,100,58,90,2.3,4.4,267.5,79.14,100,46,89,2.3,3045.4,35.0,5,10
1783014273.827,166.645,292.3,79.14,100,50,90,2.2,4.2,291.3,79.15,100,48,87,1.7,2940.5,283.3,79.15,100,49,90,17414.3,15765.2,277.2,79.14,100,44,87,5.0,8.2,35.0,5,10
1783014274.269,167.087,301.1,79.14,100,48,91,12475.1,4.6,301.5,79.15,100,54,88,1.9,22.1,288.4,79.15,100,38,89,19700.8,17195.9,285.3,79.14,100,44,88,2.2,5.8,35.0,5,10
1783014274.713,167.531,298.0,79.14,100,46,90,7.2,17118.2,295.6,79.15,100,46,87,20705.4,11.0,283.9,79.15,100,36,90,4.8,17207.7,277.2,79.14,100,33,88,20745.4,8.3,35.0,5,10
1783014275.162,167.980,296.8,79.14,100,42,91,2.6,5.4,288.5,79.15,99,39,88,20710.1,17104.2,278.5,79.15,100,35,89,2.4,5.4,266.7,79.14,100,40,88,3409.1,14836.4,35.0,5,10
1783014275.605,168.422,296.8,79.14,100,42,91,3233.1,14549.6,291.7,79.15,100,55,88,19285.5,4.8,278.5,79.15,100,35,89,2.8,9.6,266.7,79.14,100,40,88,19714.0,17191.5,35.0,5,10
1783014276.050,168.868,299.9,79.14,100,49,91,17253.2,14377.9,291.7,79.15,100,55,88,5650.3,5.0,277.8,79.15,100,40,88,2.9,14559.6,270.3,79.14,100,45,88,17727.3,3869.7,35.0,5,10
1783014276.491,169.309,299.1,79.14,100,49,91,20277.4,14541.5,294.6,79.15,100,47,87,2661.9,10.5,283.8,79.15,100,39,90,1.9,6805.2,279.1,79.14,100,43,88,17514.3,12086.8,35.0,5,10
1783014276.934,169.752,301.7,79.14,100,51,91,10304.7,15002.9,296.2,79.15,100,56,88,9862.7,4.6,286.0,79.15,100,39,90,2.7,516.5,278.3,79.14,100,50,88,19698.5,17193.5,35.0,5,10
1783014277.379,170.197,300.7,79.14,100,49,91,7477.5,14551.9,298.0,79.15,100,48,88,15193.5,4.8,288.7,79.15,100,46,90,3.9,1240.2,278.7,79.14,100,40,87,18454.0,16758.3,35.0,5,10
1783014277.820,170.638,299.2,79.14,100,50,91,5687.5,14815.7,298.3,79.15,100,57,88,17264.5,4.7,285.1,79.15,100,39,90,1.9,3.9,278.6,79.14,100,46,88,20301.5,17205.0,35.0,5,10
1783014278.267,171.085,299.4,79.14,100,46,91,19308.2,5.9,295.7,79.15,100,45,87,3.0,4073.9,283.7,79.15,100,39,90,18721.9,13608.4,277.6,79.14,100,40,88,2.2,5.9,35.0,5,10
1783014278.714,171.532,297.1,79.14,100,46,90,6708.5,14905.8,292.0,79.15,100,45,87,13747.1,8.2,280.1,79.15,100,35,89,5.3,17210.6,272.7,79.14,99,36,88,20750.2,6.0,38.0,5,9
1783014279.159,171.977,292.6,79.14,100,10,90,1.7,3.6,282.9,79.15,100,11,88,491.6,307.2,271.7,79.15,100,30,89,19745.1,11536.7,264.5,79.14,100,52,88,5127.2,6.0,38.0,5,9
1783014279.602,172.420,292.6,79.14,100,10,90,2.7,3.8,281.8,79.15,100,54,88,9086.2,12656.6,271.7,79.15,100,30,89,15652.2,5.0,264.5,79.14,100,52,88,4.3,9.3,38.0,5,9
1783014280.047,172.865,267.9,79.14,100,49,90,20705.9,4.0,281.8,79.15,100,54,88,2.5,4.3,272.0,79.15,100,51,90,11545.9,13091.2,264.8,79.14,100,40,88,12766.8,4.2,38.0,5,9
1783014280.489,173.307,272.7,79.14,100,49,90,20708.2,17108.4,290.1,79.15,100,54,88,2.5,4.8,283.8,79.15,100,44,90,1.9,13059.5,277.9,79.14,100,50,88,15634.5,4747.1,38.0,5,9
1783014280.932,173.750,295.1,79.14,100,51,91,20705.2,8.3,298.6,79.15,100,50,88,6.5,8968.5,290.8,79.15,100,37,89,16291.1,10667.6,279.4,79.14,100,43,88,3.9,5.5,38.0,5,9
1783014281.376,174.193,298.4,79.14,100,44,91,12175.4,13458.4,293.6,79.15,100,40,88,11910.2,6.0,285.0,79.15,100,32,89,3.7,17213.4,271.3,79.14,100,35,87,20745.9,5.6,38.0,5,9
1783014281.817,174.634,296.0,79.14,100,43,91,10655.2,5.2,289.1,79.15,100,45,87,2.0,15680.4,279.1,79.15,100,38,90,16279.6,3896.1,269.0,79.14,100,40,89,3.1,7.9,38.0,5,9
1783014282.262,175.080,299.3,79.14,100,47,91,2.5,5.7,292.4,79.15,100,52,88,1800.7,15583.9,279.7,79.15,100,37,90,17670.5,4.6,274.0,79.14,100,44,88,1.9,4.4,38.0,5,9
1783014282.707,175.525,300.4,79.14,100,46,91,7.3,7.7,296.9,79.15,100,47,87,8540.4,13309.8,283.0,79.15,100,45,90,14504.0,6.0,277.6,79.14,100,40,88,2.7,522.1,38.0,5,9
1783014283.154,175.972,300.5,79.14,100,54,91,1.9,4.8,295.9,79.15,100,57,88,504.7,17111.9,285.2,79.15,100,38,89,20747.0,4.6,278.1,79.14,100,43,88,2.8,4.7,38.0,5,9
1783014283.596,176.414,300.5,79.14,100,54,91,3.1,5.2,295.9,79.15,100,57,88,2.9,17131.4,285.2,79.15,100,38,89,20747.8,5.4,278.1,79.14,100,43,88,2.1,9.6,38.0,5,9
1783014284.044,176.862,299.6,79.14,100,47,91,2.8,4.9,296.3,79.15,100,46,87,3484.5,14189.7,286.7,79.15,100,39,90,19931.3,4.8,276.6,79.14,100,39,88,3.7,6.3,38.0,5,9
1783014284.486,177.304,299.7,79.14,100,50,91,4.1,5292.1,295.7,79.15,100,51,88,16577.4,14558.9,284.7,79.15,100,37,89,3.8,5.6,276.1,79.14,100,40,88,17095.2,13089.2,38.0,5,9
1783014284.929,177.747,300.3,79.14,100,46,90,20706.2,8.6,295.5,79.15,100,45,88,5.2,16660.4,281.5,79.15,100,36,89,17605.8,2356.6,273.5,79.14,100,33,88,4.6,5282.9,38.0,5,9
1783014285.374,178.192,296.6,79.14,100,37,91,20391.8,13921.1,289.4,79.15,100,38,88,20254.0,14388.5,278.4,79.15,100,35,89,10675.6,4.6,270.2,79.14,100,37,87,1.8,4.1,41.0,6,9
1783014285.817,178.634,288.7,79.14,100,53,90,20706.3,4.1,280.2,79.15,100,52,87,2.8,4.1,274.4,79.15,100,55,90,3530.8,14738.7,265.3,79.14,100,45,88,19334.0,7.2,41.0,6,9
1783014286.258,179.076,290.9,79.14,100,51,90,2.7,17110.8,289.5,79.15,100,48,87,20705.1,4.4,282.8,79.15,100,53,90,2.6,4.6,276.3,79.14,100,44,88,6368.8,14314.5,41.0,6,9
1783014286.704,179.522,301.4,79.14,100,50,90,5.1,7.3,302.3,79.15,100,55,88,20241.9,17112.5,291.9,79.15,100,41,89,5.4,4.8,287.0,79.14,100,48,88,2.3,17267.0,41.0,6,9
1783014287.151,179.969,298.9,79.14,100,45,91,5437.3,14894.2,295.6,79.15,100,46,86,17028.0,5.5,287.8,79.15,100,33,90,5.2,15852.4,278.5,79.14,100,39,87,17677.1,2607.7,41.0,6,9
1783014287.594,180.411,298.9,79.14,100,45,91,2.6,5.7,295.6,79.15,100,46,86,20710.4,17104.5,287.8,79.15,100,33,90,3.3,6.1,278.5,79.14,100,39,87,12960.7,15235.3,41.0,6,9
1783014288.036,180.854,296.2,79.14,100,46,90,20147.0,17113.6,290.4,79.15,100,46,87,2.1,5.5,281.6,79.15,100,35,90,10970.2,14932.5,270.0,79.14,99,32,88,11124.2,4.5,41.0,6,9
1783014288.478,181.296,297.5,79.14,100,45,92,17239.5,4886.9,291.3,79.15,100,46,87,2.1,5.4,275.3,79.15,100,38,89,20768.1,17189.2,272.6,79.14,100,49,88,1.9,4.6,41.0,6,9
1783014288.919,181.737,300.2,79.14,100,45,91,17186.5,9.1,291.7,79.15,100,47,88,7.9,29.5,284.8,79.15,100,48,90,19694.5,17196.9,273.1,79.14,100,41,88,2.9,4.7,41.0,6,9
1783014289.363,182.181,302.3,79.14,100,49,91,20708.2,4.7,297.4,79.15,100,57,88,3.5,4.6,287.0,79.15,100,40,90,18584.8,14523.8,276.3,79.14,100,48,88,3847.2,4.5,41.0,6,9
1783014289.803,182.621,300.4,79.14,100,48,91,17172.3,5936.4,296.9,79.15,100,48,88,1.9,4.9,286.5,79.15,100,48,90,11751.2,14621.8,278.5,79.14,100,42,88,10752.3,5.4,41.0,6,9
1783014290.244,183.062,299.1,79.14,100,46,91,18317.8,1973.4,295.2,79.15,100,51,88,4.5,4.9,284.7,79.15,100,39,89,12109.7,14516.5,277.3,79.14,100,50,88,10420.7,4.8,41.0,6,9
1783014290.687,183.504,298.9,79.14,100,47,91,20707.3,8.5,295.1,79.15,100,46,87,5.2,13554.5,283.1,79.15,100,39,90,20674.2,11.2,276.0,79.14,100,40,88,6.0,497.7,41.0,6,9
1783014291.142,183.959,297.1,79.14,100,45,91,18539.2,14640.0,292.6,79.15,100,45,86,4162.3,6.1,283.1,79.15,100,39,90,3954.3,15226.9,272.9,79.14,100,33,87,17956.0,5.9,41.0,6,9
1783014291.583,184.400,297.1,79.14,100,45,91,21059.9,3989.9,292.6,79.15,100,45,86,20704.4,17103.8,282.4,79.15,100,34,90,7992.7,15902.0,272.9,79.14,100,33,87,20986.6,10289.6,43.0,6,8
1783014292.029,184.847,296.3,79.14,98,19,92,1.8,5.2,285.9,79.15,98,8,86,493.3,16802.6,273.1,79.15,100,8,89,16629.9,3552.8,260.0,79.14,100,13,89,3.4,4.3,43.0,6,8
1783014292.472,185.290,282.0,79.14,100,70,90,20708.1,17108.2,283.7,79.15,100,50,88,3.6,4.6,273.9,79.15,100,40,88,1.9,7533.0,266.5,79.14,100,56,88,15780.4,12760.0,43.0,6,8
1783014292.915,185.733,282.4,79.14,100,59,91,3.1,5312.1,293.7,79.15,100,49,88,16444.3,14742.0,283.6,79.15,100,42,90,2.7,4.8,279.4,79.14,100,46,88,190.5,17224.2,43.0,6,8
1783014293.359,186.176,295.9,79.14,100,48,91,2.1,12029.6,300.5,79.15,100,45,88,15675.4,8535.8,291.0,79.15,100,43,90,2.9,5.6,284.1,79.14,100,39,88,20775.9,17197.8,43.0,6,8
1783014293.799,186.617,298.3,79.14,100,44,91,13865.7,5.6,296.6,79.15,100,45,87,3.1,17114.1,285.4,79.15,100,33,90,19758.3,841.6,274.6,79.14,100,34,88,3.0,3377.2,43.0,6,8
1783014294.243,187.061,295.3,79.14,100,41,91,11792.2,13434.4,289.6,79.15,100,42,87,12312.9,5.0,276.1,79.15,100,36,90,2.0,6027.1,270.7,79.14,100,40,88,16277.7,13456.9,43.0,6,8
1783014294.684,187.502,298.8,79.14,100,55,91,20709.3,17110.6,290.1,79.15,100,47,86,5.3,10.5,280.2,79.15,100,39,90,9.5,17227.0,271.3,79.14,100,39,87,20408.3,11.5,43.0,6,8
1783014295.132,187.950,301.5,79.14,100,45,91,17210.0,2855.5,295.6,79.15,100,47,87,2.8,4.6,280.2,79.15,100,39,90,10113.2,13153.1,271.3,79.14,100,39,87,14212.0,4.7,43.0,6,8
1783014295.573,188.391,301.5,79.14,100,45,91,16215.6,17070.1,295.6,79.15,100,47,87,4.4,4.8,283.3,79.15,100,38,90,2.3,17241.5,276.0,79.14,100,49,88,19664.4,921.7,43.0,6,8
1783014296.016,188.834,300.8,79.14,100,49,91,20707.7,14453.4,296.5,79.15,100,47,87,2292.9,5.4,285.7,79.15,100,45,90,2.3,5785.5,278.2,79.14,100,40,87,15881.2,14323.4,43.0,6,8
1783014296.458,189.276,299.9,79.14,100,48,90,20708.3,14549.0,297.3,79.15,100,52,87,1967.6,10.7,286.1,79.15,100,39,89,1.8,13521.5,279.7,79.14,100,43,88,15780.0,6713.0,43.0,6,8
1783014296.904,189.722,301.0,79.14,100,56,91,20709.7,17108.3,294.8,79.15,100,47,86,2.2,7.6,284.4,79.15,100,38,90,1081.4,16728.3,276.1,79.14,100,39,87,20755.4,5.3,43.0,6,8
1783014297.347,190.165,300.1,79.14,100,46,91,2.5,5.9,292.5,79.15,100,46,87,18872.3,13395.2,283.6,79.15,100,37,89,4691.2,5.7,271.9,79.14,100,40,88,1073.6,16743.1,43.0,6,8
1783014297.789,190.607,297.6,79.14,99,38,91,20708.0,6.3,290.3,79.15,100,40,87,3.1,8717.2,278.0,79.15,100,32,90,29062.7,14310.8,269.9,79.14,100,35,88,20833.7,13774.4,46.0,7,8
1783014298.233,191.051,288.8,79.14,100,49,91,15102.8,14257.0,281.8,79.15,100,63,87,7942.8,4.3,268.0,79.15,100,44,89,2.3,4.2,265.8,79.14,100,54,88,18143.0,14201.4,46.0,7,8
1783014298.676,191.494,292.6,79.14,100,56,91,1.8,4.4,288.8,79.15,100,64,87,1075.0,16226.3,277.0,79.15,100,41,89,20263.4,7.1,273.4,79.14,100,54,88,4.6,4.4,46.0,7,8
1783014299.120,191.938,302.1,79.14,100,63,91,15053.5,4.4,300.0,79.15,100,50,87,2.8,31.5,277.0,79.15,100,41,89,19705.0,17195.7,273.4,79.14,100,54,88,2.9,4.8,46.0,7,8
1783014299.562,192.380,302.1,79.14,100,63,91,20704.6,5.5,300.0,79.15,100,50,87,2.8,10029.4,295.4,79.15,100,42,90,17950.3,8081.3,281.6,79.14,100,43,87,3.7,8.0,46.0,7,8
1783014300.006,192.824,296.4,79.14,100,47,91,16539.3,14796.2,296.0,79.15,100,46,87,6417.6,6.0,287.3,79.15,100,37,90,2.9,17216.7,279.5,79.14,99,37,88,20745.5,6.0,46.0,7,8
1783014300.449,193.267,295.9,79.14,100,45,91,2.8,4.6,293.7,79.15,100,44,87,13804.6,12704.8,279.6,79.15,100,36,90,10619.8,4.9,272.0,79.14,100,38,88,3.6,642.8,46.0,7,8
1783014300.894,193.712,291.3,79.14,100,39,90,606.6,4.6,286.9,79.15,100,45,87,1.9,6325.2,274.5,79.15,100,28,88,17221.5,12653.0,264.7,79.14,100,39,87,1.9,4.7,46.0,7,8
1783014301.337,194.155,275.4,79.14,100,51,91,4439.7,4.6,281.2,79.15,100,44,86,2.0,8155.3,274.8,79.15,100,36,90,18156.6,10168.6,265.3,79.14,100,41,86,1.9,5.0,46.0,7,8
1783014301.778,194.596,283.6,79.14,100,49,90,7105.1,6.3,289.8,79.15,100,53,87,4.4,240.6,277.8,79.15,100,39,89,19007.0,17192.5,275.3,79.14,100,51,88,1.9,4.5,46.0,7,8
1783014302.222,195.040,299.8,79.14,100,56,91,20705.6,4.4,297.3,79.15,100,48,87,2.8,4.5,286.1,79.15,100,40,90,11290.5,14646.4,279.2,79.14,100,43,87,11042.0,4.7,46.0,7,8
1783014302.664,195.481,298.6,79.14,100,47,90,17612.5,13264.1,296.9,79.15,100,47,87,2.1,8.5,289.2,79.15,100,46,90,1089.3,16733.1,278.5,79.14,100,41,87,20749.5,6.9,46.0,7,8
1783014303.107,195.925,298.6,79.14,100,47,90,20715.2,17115.4,299.2,79.15,100,57,87,1.9,4.5,289.2,79.15,100,46,90,1.9,12967.1,278.5,79.14,100,41,87,17128.6,5968.9,46.0,7,8
1783014303.548,196.366,299.6,79.14,100,53,91,17657.7,11949.1,299.2,79.15,100,57,87,2.1,5.7,285.9,79.15,100,40,89,20764.8,16780.2,281.2,79.14,100,48,88,4.3,6.1,46.0,7,8
1783014303.990,196.808,299.7,79.14,100,46,91,4.2,13325.1,295.8,79.15,100,45,87,17630.6,5404.1,283.7,79.15,100,35,90,5.8,5.4,275.4,79.14,100,37,87,20776.5,17189.8,49.0,7,7
1783014304.434,197.252,297.5,79.14,100,46,90,18703.6,3.5,293.0,79.15,100,46,87,2.7,4.5,280.2,79.15,100,38,90,1174.5,322.9,270.0,79.14,98,38,88,19407.7,17237.0,49.0,7,7
1783014304.876,197.693,276.3,79.14,100,40,89,2.5,4.0,276.8,79.15,100,27,86,3.5,14461.0,272.4,79.15,100,51,90,18229.0,854.2,257.7,79.14,100,33,86,5.0,4.2,49.0,7,7
1783014305.326,198.144,270.4,79.14,100,56,91,18913.1,1408.6,278.9,79.15,100,47,86,3.4,4.5,276.5,79.15,100,45,90,1907.9,15763.8,265.4,79.14,100,42,86,20753.0,4.5,49.0,7,7
1783014305.770,198.588,291.3,79.14,100,49,90,20710.7,14736.2,292.8,79.15,100,49,86,2110.5,4.7,289.2,79.15,100,48,90,2.0,10820.0,281.7,79.14,100,39,87,15714.1,9443.1,49.0,7,7
1783014306.211,199.029,299.4,79.14,100,44,91,20705.8,6.3,299.3,79.15,100,44,87,2.9,1575.9,286.5,79.15,100,36,90,17372.5,17196.9,278.5,79.14,100,39,86,2.2,6.0,49.0,7,7
1783014306.653,199.471,297.7,79.14,100,43,91,5685.7,13865.3,290.2,79.15,100,45,86,16678.8,8.8,283.2,79.15,100,32,90,11.4,17215.4,270.4,79.14,100,36,86,20750.5,8.1,49.0,7,7
1783014307.100,199.918,297.7,79.14,100,43,91,6204.8,6.1,290.2,79.15,100,45,86,3.8,17113.1,283.2,79.15,100,32,90,20658.8,5.3,270.4,79.14,100,36,86,1.9,4.9,49.0,7,7
1783014307.542,200.360,296.9,79.14,100,46,91,2.0,5.0,288.6,79.15,100,44,87,2876.2,14779.9,280.0,79.15,100,37,90,20749.3,4.7,271.7,79.14,100,42,86,1.9,4.7,49.0,7,7
1783014307.984,200.802,301.5,79.14,100,46,91,5.0,4.5,292.6,79.15,100,46,87,3.4,17150.6,280.8,79.15,100,39,89,20747.4,5.0,274.1,79.14,100,46,88,2.4,9.9,49.0,7,7
1783014308.427,201.245,300.9,79.14,100,48,90,6019.2,4.6,295.5,79.15,100,47,86,2.8,4162.7,285.3,79.15,100,47,90,16073.2,15632.9,277.4,79.14,100,41,86,2.4,4.6,49.0,7,7
1783014308.868,201.686,300.6,79.14,100,47,91,20705.2,5.4,298.6,79.15,100,55,87,2.5,5.0,286.3,79.15,100,39,90,20773.0,15312.7,279.2,79.14,100,50,88,4.6,4.8,49.0,7,7
1783014309.312,202.130,301.2,79.14,100,49,91,19755.5,843.1,295.1,79.15,100,45,87,2.8,4.8,288.3,79.15,100,43,90,12977.0,12979.6,276.9,79.14,100,42,88,11612.9,4.8,49.0,7,7
1783014309.754,202.572,298.6,79.14,100,47,91,20710.3,7.8,297.3,79.15,100,54,87,6.0,2792.5,285.8,79.15,100,38,89,16535.0,16719.2,277.1,79.14,100,42,87,4.5,5.4,49.0,7,7
1783014310.198,203.016,298.4,79.14,100,43,92,3.7,17112.6,294.3,79.15,100,43,87,18771.4,1588.9,280.4,79.15,100,35,89,4.3,5790.0,273.7,79.14,100,37,87,16652.8,13549.7,49.0,7,7
1783014310.639,203.457,298.0,79.14,100,45,91,20706.7,17106.9,286.6,79.15,98,41,87,20702.3,17102.7,280.4,79.15,100,35,89,20751.6,17198.7,260.2,79.14,100,12,87,19397.5,13.3,52.0,8,7
1783014311.091,203.909,298.0,79.14,100,45,91,3.2,17113.7,286.6,79.15,98,41,87,20707.3,5.0,276.5,79.15,98,19,89,3.8,4.4,260.2,79.14,100,12,87,1111.6,16765.6,52.0,8,7
1783014311.534,204.351,293.5,79.14,100,61,91,1.8,4.4,284.9,79.15,100,64,87,1.8,17162.3,277.5,79.15,100,43,91,20747.2,4.9,271.4,79.14,100,63,88,2.7,4.3,52.0,8,7
1783014311.976,204.794,294.5,79.14,100,60,91,20709.8,4.7,290.9,79.15,100,53,87,4.4,4.6,284.9,79.15,100,42,89,20022.3,14153.3,279.1,79.14,100,51,88,3249.9,4.9,52.0,8,7
1783014312.419,205.237,298.6,79.14,100,49,91,11994.9,5.6,297.4,79.15,100,46,86,3.1,17123.0,293.2,79.15,100,44,90,20747.0,6.0,280.0,79.14,100,40,88,5.1,1713.2,52.0,8,7
1783014312.864,205.682,297.3,79.14,100,45,91,20708.7,17110.9,295.1,79.15,100,46,86,2.1,5.6,286.3,79.15,100,34,90,12963.5,18082.5,274.5,79.14,100,36,87,2934.9,6.4,52.0,8,7
1783014313.310,206.128,297.6,79.14,100,43,90,3.6,4.8,289.4,79.15,100,44,86,20711.7,17105.3,277.8,79.15,100,36,90,3.9,5.4,271.0,79.14,100,41,87,1245.2,16227.5,52.0,8,7
1783014313.754,206.571,299.3,79.14,100,50,91,8.5,12626.1,290.1,79.15,100,48,87,17663.5,6258.6,281.4,79.15,100,44,90,2.6,5.4,272.1,79.14,100,40,87,20774.0,17194.5,52.0,8,7
1783014314.200,207.018,302.7,79.14,100,45,91,2412.6,15136.5,293.2,79.15,100,49,87,20021.7,4.7,284.6,79.15,100,40,89,4.3,4.5,275.5,79.14,100,48,88,20786.0,16955.9,52.0,8,7
1783014314.642,207.460,301.0,79.14,100,48,91,1.8,14272.9,295.8,79.15,100,48,86,17388.7,4840.2,284.6,79.15,100,40,89,5.9,10.3,277.9,79.14,100,41,86,14872.5,15020.0,52.0,8,7
1783014315.090,207.908,301.0,79.14,100,48,91,1.9,11391.0,295.8,79.15,100,48,86,17416.4,7703.9,287.6,79.15,100,46,90,4.3,5.7,277.9,79.14,100,41,86,6646.9,14530.0,52.0,8,7
1783014315.532,208.350,300.3,79.14,100,49,91,2.1,6988.2,298.0,79.15,100,57,87,17431.2,12143.1,286.9,79.15,100,39,89,2.1,4.8,278.5,79.14,100,44,87,1084.3,16755.5,52.0,8,7
1783014315.972,208.790,301.3,79.14,100,50,91,5.0,9443.4,293.9,79.15,100,48,87,17546.7,9522.8,285.6,79.15,100,44,90,4.9,5.4,276.5,79.14,100,40,87,17468.0,14176.1,52.0,8,7
1783014316.414,209.232,298.9,79.14,100,46,91,19055.7,1359.1,290.9,79.15,100,47,87,3.1,765.0,285.1,79.15,100,38,89,18289.2,17193.8,273.5,79.14,100,41,87,2.1,5.9,52.0,8,7
1783014316.856,209.674,298.9,79.14,100,40,91,10715.2,23303.4,290.1,79.15,100,41,87,2058.1,17136.4,279.9,79.15,100,34,90,20749.6,4008.1,270.0,79.14,100,37,88,20144.3,11870.8,55.0,8,6
1783014317.298,210.115,285.7,79.14,100,17,91,20710.6,17112.8,281.0,79.15,100,34,86,4.1,4.2,275.5,79.15,100,56,90,3.8,3.4,264.8,79.14,100,43,88,20322.8,15292.4,55.0,8,6
1783014317.739,210.557,284.0,79.14,100,52,91,5.2,9.5,287.7,79.15,100,48,86,3099.9,14502.5,282.1,79.15,100,56,90,20264.8,4.7,272.6,79.14,100,43,88,1.9,4.7,55.0,8,6
1783014318.184,211.002,297.5,79.14,100,49,91,20711.3,11.2,301.8,79.15,100,46,86,3.6,4.7,292.4,79.15,100,55,90,15372.0,13064.7,285.4,79.14,100,42,86,8937.6,4.8,55.0,8,6
1783014318.625,211.443,300.7,79.14,100,46,91,16110.7,10580.9,300.2,79.15,100,53,87,2.7,5.7,292.4,79.15,100,55,90,20769.4,17193.9,285.4,79.14,100,42,86,9.4,8.4,55.0,8,6
1783014319.075,211.893,300.7,79.14,100,46,91,3.0,17115.4,300.2,79.15,100,53,87,20703.4,5.7,289.6,79.15,100,37,90,9.8,8700.5,280.1,79.14,100,38,87,16095.8,10745.0,55.0,8,6
1783014319.518,212.336,298.5,79.14,100,39,91,2.1,6.2,290.8,79.15,100,38,87,496.9,16872.3,281.1,79.15,100,35,89,20747.8,5.0,270.2,79.14,100,39,86,2.3,10.9,55.0,8,6
1783014319.963,212.781,296.9,79.14,100,46,91,2.6,7.2,284.6,79.15,100,46,86,20719.7,16516.1,280.3,79.15,100,37,90,2.9,4.9,268.4,79.14,100,39,86,4.0,14333.8,55.0,8,6
1783014320.409,213.227,299.6,79.14,100,45,91,4.5,6161.5,292.0,79.15,100,50,87,16009.2,13970.2,281.1,79.15,100,37,89,3.6,4.9,273.7,79.14,100,41,87,1069.3,16773.5,55.0,8,6
1783014320.850,213.668,299.9,79.14,100,48,91,2.3,10.3,294.8,79.15,100,48,86,20726.1,17108.9,286.4,79.15,100,44,90,2.8,9.3,277.4,79.14,100,41,86,8.6,10461.9,55.0,8,6
1783014321.296,214.114,300.5,79.14,100,46,91,3.1,4.4,295.7,79.15,100,51,87,11335.5,13060.7,287.0,79.15,100,38,89,12768.6,4.6,278.8,79.14,100,47,87,2.6,503.8,55.0,8,6
1783014321.739,214.557,301.1,79.14,100,49,91,7.7,8.4,293.9,79.15,100,44,85,17386.3,13191.9,286.0,79.15,100,41,90,6833.4,4.6,276.0,79.14,100,40,87,2.9,3173.8,55.0,8,6
1783014322.186,215.004,299.4,79.14,100,46,91,2.4,5.5,293.5,79.15,100,51,87,16822.1,13212.3,285.4,79.15,100,37,89,7004.4,5.2,276.5,79.14,100,45,87,2.5,15322.3,55.0,8,6
1783014322.628,215.446,298.8,79.14,100,45,91,20710.8,14599.0,293.9,79.15,100,44,86,2106.7,5.9,285.4,79.15,100,37,89,4604.3,13826.8,276.5,79.14,100,45,87,19053.3,8.4,55.0,8,6
1783014323.069,215.887,298.8,79.14,100,45,91,2.2,7604.6,293.9,79.15,100,44,86,16455.1,12145.5,280.4,79.15,100,34,90,2.2,5.9,273.2,79.14,99,34,87,27617.7,16824.0,58.0,9,6
1783014323.522,216.339,297.3,79.14,100,43,91,1.8,4.3,285.3,79.15,100,40,87,13916.1,14505.5,279.3,79.15,100,34,89,8387.9,4.2,264.3,79.14,98,30,86,2.5,4.2,58.0,9,6
1783014323.964,216.782,291.2,79.14,100,56,91,20708.4,4.4,279.1,79.15,100,48,85,1.8,4.6,276.0,79.15,100,48,90,11040.7,15085.6,264.4,79.14,100,45,86,10468.5,4.6,58.0,9,6
1783014324.412,217.230,292.4,79.14,100,51,91,13724.7,14228.4,288.0,79.15,100,48,87,9422.8,4.9,284.7,79.15,100,49,90,4.1,3245.4,275.7,79.14,100,44,87,17785.6,15513.0,58.0,9,6
1783014324.854,217.672,299.5,79.14,100,49,92,6923.4,14452.2,302.4,79.15,100,46,86,15877.0,6.1,292.0,79.15,100,41,90,8.8,17229.7,286.0,79.14,100,42,87,20754.1,8.5,58.0,9,6
1783014325.301,218.119,298.4,79.14,100,45,91,3.4,5.9,295.1,79.15,100,46,86,20710.2,17104.5,285.3,79.15,100,37,90,2.5,5.8,277.4,79.14,100,37,87,10479.6,14984.1,58.0,9,6
1783014325.745,218.563,297.3,79.14,100,44,92,15554.0,10.5,288.1,79.15,100,42,86,3.3,17121.5,279.9,79.15,100,34,89,20039.8,721.6,267.7,79.14,100,38,87,2.0,5.1,58.0,9,6
1783014326.198,219.015,299.8,79.14,100,47,90,1.9,4.6,289.4,79.15,100,49,86,16441.6,14384.7,279.1,79.15,100,40,90,6244.5,4.7,271.5,79.14,100,47,87,2.4,7741.1,58.0,9,6
1783014326.641,219.458,301.6,79.14,100,58,91,1.9,4.7,289.6,79.15,100,48,85,20721.4,17109.6,279.1,79.15,100,40,90,6.7,11.2,274.3,79.14,100,40,87,6.6,17262.2,58.0,9,6
1783014327.087,219.905,301.6,79.14,100,58,91,2.3,4.6,289.6,79.15,100,48,85,12915.5,14463.4,285.8,79.15,100,38,90,9434.1,4.7,274.3,79.14,100,40,87,2.3,504.0,58.0,9,6
1783014327.531,220.349,301.4,79.14,100,48,90,2.2,4.7,295.4,79.15,100,51,86,491.9,17145.0,288.2,79.15,100,40,90,20748.8,4.6,278.3,79.14,100,49,87,2.6,4.7,58.0,9,6
1783014327.974,220.792,303.3,79.14,100,59,91,6.8,4.7,298.2,79.15,100,51,87,1.8,16060.1,288.8,79.15,100,40,90,17502.4,2495.1,280.6,79.14,100,42,87,3.6,4.5,58.0,9,6
1783014328.417,221.235,298.6,79.14,100,49,90,5272.2,4.4,295.1,79.15,100,49,86,1.8,1371.4,290.8,79.15,100,50,91,18089.5,16718.6,278.0,79.14,100,40,87,2.8,5.0,58.0,9,6
1783014328.858,221.676,298.9,79.14,100,48,91,2.1,5.6,296.7,79.15,100,51,87,11292.9,14847.9,286.9,79.15,100,37,89,10510.7,8.5,276.7,79.14,100,40,87,6.1,17254.0,58.0,9,6
1783014329.301,222.119,300.1,79.14,100,46,91,19824.8,10870.2,291.4,79.15,100,45,87,3.7,5.5,282.9,79.15,100,36,89,20759.9,16232.9,270.7,79.14,100,37,86,2.3,5.7,61.0,9,5
1783014329.745,222.563,294.8,79.14,98,7,92,5.2,9.6,283.9,79.15,100,10,88,20287.2,15387.7,272.5,79.15,100,8,91,667.4,5.6,266.0,79.14,100,34,86,1.8,431.1,61.0,9,5
1783014330.196,223.014,293.4,79.14,100,50,90,20704.1,4.1,286.3,79.15,100,49,85,4.2,4.3,273.8,79.15,100,60,90,1081.3,16768.3,273.9,79.14,100,45,87,20750.4,4.5,61.0,9,5
1783014330.638,223.456,294.2,79.14,100,50,90,1.9,17115.8,295.2,79.15,100,48,86,20705.5,5.4,273.8,79.15,100,60,90,7.2,9.8,286.7,79.14,100,43,87,8106.5,13111.0,61.0,9,5
1783014331.088,223.906,294.2,79.14,100,50,90,2.3,7457.9,295.2,79.15,100,48,86,16145.6,12601.3,281.9,79.15,100,55,91,1.9,4.8,286.7,79.14,100,43,87,1074.0,16766.6,61.0,9,5
1783014331.531,224.348,300.9,79.14,100,45,91,16527.8,16172.2,299.7,79.15,100,49,86,2.2,6.0,290.5,79.15,100,37,89,20756.0,16377.4,281.6,79.14,100,45,87,3.2,6.1,61.0,9,5
1783014331.973,224.791,297.9,79.14,100,42,90,6.1,17118.1,292.3,79.15,100,36,86,20703.8,5.7,281.5,79.15,100,32,90,2.1,8621.4,270.3,79.14,100,32,87,16160.0,11090.1,61.0,9,5
1783014332.416,225.234,297.2,79.14,100,43,91,20705.7,5.0,283.7,79.15,100,44,86,2.7,4.7,279.1,79.15,100,37,90,17084.6,13158.5,265.2,79.14,100,40,86,7144.6,5.3,61.0,9,5
1783014332.858,225.676,299.4,79.14,100,45,91,7430.3,4.6,288.3,79.15,100,47,86,1.9,1199.0,279.9,79.15,100,37,90,17828.1,17194.3,270.5,79.14,100,46,87,8.6,5.6,61.0,9,5
1783014333.299,226.117,299.0,79.14,100,46,91,17.3,5.0,292.4,79.15,100,47,86,3.5,9846.5,284.1,79.15,100,46,90,15822.6,10090.5,277.2,79.14,100,39,87,2.6,4.8,61.0,9,5
1783014333.743,226.561,301.3,79.14,100,54,91,2781.4,11.8,292.1,79.15,100,51,87,2.3,17127.8,286.5,79.15,100,38,89,18248.0,1985.0,275.1,79.14,100,39,87,3.4,4.6,61.0,9,5
1783014334.190,227.008,300.4,79.14,100,47,91,2.3,5.5,293.4,79.15,100,45,86,492.1,17120.6,285.7,79.15,100,38,90,20751.2,5.2,275.6,79.14,100,42,87,5.2,7.3,61.0,9,5
1783014334.634,227.452,299.2,79.14,100,48,91,2.0,4.8,291.1,79.15,100,45,85,20716.1,17110.1,285.7,79.15,100,38,90,3.5,8.0,275.6,79.14,100,42,87,8.6,17260.9,61.0,9,5
1783014335.079,227.897,299.2,79.14,100,48,91,20714.2,17111.2,291.1,79.15,100,45,85,2.2,6.0,285.2,79.15,100,40,90,19977.6,13430.4,275.9,79.14,100,40,88,4089.7,6.3,61.0,9,5
1783014335.523,228.341,299.0,79.14,100,43,91,4.1,17115.7,288.7,79.15,100,44,85,20704.9,6.2,282.5,79.15,100,30,90,4.8,16435.4,269.8,79.14,100,34,86,17233.2,2873.1,64.0,10,5
1783014335.966,228.784,292.7,79.14,100,36,90,1.9,17113.9,284.2,79.15,100,39,86,20706.2,4.8,272.2,79.15,100,32,90,1.9,4.5,262.9,79.14,98,34,87,6973.4,14360.5,64.0,10,5
1783014336.411,229.229,287.5,79.14,100,58,91,4.0,4.1,277.8,79.15,100,62,87,3.5,11366.5,268.2,79.15,100,43,89,17233.0,7561.8,262.2,79.14,100,59,87,1.8,4.5,64.0,10,5
1783014336.853,229.671,294.4,79.14,100,60,91,19736.8,822.6,287.8,79.15,100,57,87,2.7,4.3,283.9,79.15,100,40,89,491.5,17253.9,272.8,79.14,100,48,87,20764.4,4.8,64.0,10,5
1783014337.294,230.112,299.5,79.14,100,56,91,19090.8,17113.8,299.1,79.15,100,48,86,4.8,4.7,296.1,79.15,100,43,90,1.8,17239.4,281.9,79.14,100,40,87,20754.3,11.2,64.0,10,5
1783014337.739,230.557,299.0,79.14,100,43,91,6.5,11.3,296.7,79.15,100,42,86,20715.9,17106.4,287.4,79.15,100,37,90,2.2,6.1,277.9,79.14,100,39,86,15604.6,14795.6,64.0,10,5
1783014338.186,231.004,296.8,79.14,100,42,91,18428.2,5.5,288.7,79.15,100,45,86,2.1,13975.1,278.6,79.15,100,31,90,17875.1,4460.9,269.8,79.14,100,39,86,4.5,5.4,64.0,10,5
1783014338.628,231.446,295.8,79.14,100,45,91,4.0,4.6,286.4,79.15,100,47,86,20715.2,17106.3,278.6,79.15,100,31,90,5.3,7.5,269.8,79.14,100,39,86,9.5,17257.1,64.0,10,5
1783014339.079,231.897,295.8,79.14,100,45,91,1.9,9427.3,286.4,79.15,100,47,86,18469.8,4357.2,281.4,79.15,100,46,90,2.0,4.9,270.8,79.14,100,41,86,14483.9,14363.3,64.0,10,5
1783014339.527,232.345,301.7,79.14,100,53,91,3.8,12836.2,292.8,79.15,100,60,86,17749.6,5704.5,283.5,79.15,100,39,90,3.5,4.6,273.8,79.14,100,44,87,1091.1,16310.2,64.0,10,5
1783014339.971,232.789,301.0,79.14,100,49,91,3.2,2298.8,294.5,79.15,100,49,85,17755.9,16567.3,287.6,79.15,100,47,90,2.3,4.6,277.1,79.14,100,42,86,3.6,17273.5,64.0,10,5
1783014340.416,233.234,300.3,79.14,100,50,91,3.6,4.5,296.8,79.15,100,58,86,20724.3,17108.5,288.0,79.15,100,40,89,2.5,4.9,280.9,79.14,100,50,87,2.0,15491.6,64.0,10,5
1783014340.858,233.675,300.9,79.14,100,52,91,1.9,4.6,294.7,79.15,100,49,86,18689.7,14280.3,287.6,79.15,100,47,90,3765.7,9.7,277.6,79.14,100,42,87,11.2,4839.9,64.0,10,5
1783014341.304,234.121,299.0,79.14,100,47,90,2.0,15701.4,295.5,79.15,100,50,86,17409.6,3428.0,286.5,79.15,100,38,89,2.1,506.9,276.5,79.14,100,41,87,19383.6,17188.6,64.0,10,5
1783014341.745,234.563,298.6,79.14,100,46,90,8.2,8.4,293.8,79.15,100,45,86,5362.0,14893.3,281.3,79.15,100,37,90,13271.7,5.7,272.1,79.14,100,34,87,2.6,17240.2,64.0,10,5
1783014342.194,235.012,294.6,79.14,98,8,91,14406.6,5210.0,282.2,79.15,100,9,86,1.9,4.5,276.4,79.15,100,8,89,1.6,10556.2,263.0,79.14,100,27,87,13475.2,11459.9,67.0,10,4
1783014342.637,235.455,280.2,79.14,100,55,90,2.7,3.8,279.7,79.15,100,44,85,501.0,17187.4,276.4,79.15,100,8,89,19877.3,805.2,263.0,79.14,100,27,87,11.3,9.8,67.0,10,4
1783014343.085,235.903,280.2,79.14,100,55,90,20706.9,4.3,279.7,79.15,100,44,85,2.9,4.5,278.7,79.15,100,48,90,6732.5,14017.0,265.6,79.14,100,42,86,13805.0,4.9,67.0,10,4
1783014343.530,236.348,280.1,79.14,100,49,91,20709.1,17109.3,287.9,79.15,100,47,87,2.1,4.8,286.1,79.15,100,53,90,3.6,13537.1,280.0,79.14,100,44,87,15753.8,6685.5,67.0,10,4
1783014344.440,237.258,298.1,79.14,100,45,90,16257.9,5707.9,294.3,79.15,100,44,85,2.2,1050.3,283.2,79.15,100,31,90,17961.1,17199.3,274.9,79.14,100,32,87,2.1,5.7,67.0,10,4
1783014344.881,237.699,297.1,79.14,100,44,90,2.7,5.3,287.0,79.15,100,43,86,20707.8,17105.9,279.9,79.15,100,37,90,5.1,6.8,267.0,79.14,100,41,87,3.8,17242.7,67.0,10,4
1783014345.328,238.146,299.3,79.14,100,47,91,3.6,10755.8,288.4,79.15,100,46,86,16314.2,9368.8,280.9,79.15,100,43,90,5.1,4.7,270.4,79.14,100,40,87,1069.3,16769.4,67.0,10,4
1783014345.770,238.588,300.5,79.14,100,48,91,8.6,8565.0,288.8,79.15,100,45,85,15666.9,10414.7,286.5,79.15,100,39,90,2.7,4.7,274.0,79.14,100,41,86,1078.3,16762.9,67.0,10,4
1783014346.215,239.033,301.0,79.14,100,47,91,1.8,4.6,293.8,79.15,100,47,86,20725.6,17108.8,287.8,79.15,100,44,90,2.5,4.7,276.7,79.14,100,42,87,1.9,10422.2,67.0,10,4
1783014346.657,239.475,302.3,79.14,100,56,91,2.0,5.0,297.2,79.15,100,55,86,15276.6,13248.3,287.4,79.15,100,37,89,7872.0,10.4,278.3,79.14,100,39,87,8.5,9794.3,67.0,10,4
1783014347.106,239.924,302.3,79.14,100,56,91,3.2,4.8,293.9,79.15,100,55,86,16870.4,13086.5,287.4,79.15,100,37,89,7003.8,4.8,278.3,79.14,100,39,87,2.7,6503.9,67.0,10,4
1783014347.549,240.367,299.1,79.14,100,48,90,9.0,11726.5,293.9,79.15,100,46,86,15972.4,8395.1,288.7,79.15,100,42,90,1.8,5.4,276.9,79.14,100,40,87,19463.3,12984.4,67.0,10,4
1783014347.994,240.811,297.6,79.14,100,45,91,20706.9,5.9,290.8,79.15,100,46,85,3.2,15858.3,285.9,79.15,100,38,90,16151.9,3994.3,275.4,79.14,100,38,87,3.7,1730.0,67.0,10,4
1783014348.437,241.255,297.6,79.14,100,38,91,20599.0,13901.7,287.2,79.15,100,41,87,20180.3,14647.5,280.2,79.15,99,32,90,17331.5,4.5,269.6,79.14,100,39,86,2.5,4.6,70.0,11,4
1783014348.879,241.697,290.8,79.14,100,57,91,17506.4,6.2,281.3,79.15,100,62,86,2.6,5.1,271.5,79.15,100,44,90,19706.7,16583.5,264.1,79.14,100,56,87,3.6,4.2,70.0,11,4
1783014349.334,242.151,293.7,79.14,100,64,91,20710.5,17111.9,287.3,79.15,100,58,86,2.0,4.5,281.8,79.15,100,42,89,3.5,2091.7,272.2,79.14,100,51,87,18335.7,16711.6,70.0,11,4
1783014349.775,242.593,301.2,79.14,100,59,91,3.9,17116.8,299.8,79.15,100,48,85,20708.1,5.3,297.0,79.15,100,44,90,2.5,4.7,283.7,79.14,100,42,86,15722.6,16164.9,70.0,11,4
1783014350.221,243.039,297.2,79.14,100,46,90,18393.6,16009.8,297.4,79.15,100,44,86,3.8,5.5,287.3,79.15,100,36,89,15817.2,14777.3,278.0,79.14,100,36,87,6428.2,5.9,70.0,11,4
1783014350.662,243.480,298.4,79.14,100,43,91,2.1,17113.4,290.7,79.15,100,42,86,19695.1,890.2,280.8,79.15,100,36,90,9.5,9460.8,270.5,79.14,100,37,85,18228.2,8616.2,70.0,11,4
1783014351.106,243.924,298.4,79.14,100,43,91,20705.8,5.2,290.7,79.15,100,42,86,5.0,5493.2,280.8,79.15,100,36,90,17891.1,12897.2,270.5,79.14,100,37,85,1.9,4.8,70.0,11,4
1783014351.549,244.367,297.6,79.14,100,48,91,3580.3,4.8,283.2,79.15,100,45,85,2.9,15713.3,280.8,79.15,100,37,90,20465.1,5.8,268.3,79.14,100,42,86,2.9,4.5,70.0,11,4
1783014351.994,244.812,299.1,79.14,100,45,91,1.9,4.5,290.7,79.15,100,47,86,1.8,17144.8,280.7,79.15,100,39,90,19795.3,806.8,275.1,79.14,100,52,87,3.6,4.6,70.0,11,4
1783014352.438,245.255,300.8,79.14,100,49,91,9544.1,4.5,294.0,79.15,100,47,87,1.9,512.5,287.8,79.15,100,48,90,18755.7,17200.9,277.0,79.14,100,42,87,1.9,4.7,70.0,11,4
1783014352.878,245.696,300.4,79.14,100,48,91,20706.3,7.5,295.3,79.15,100,55,86,1.9,5.5,287.0,79.15,100,40,89,20780.0,17194.6,280.8,79.14,100,51,87,3.9,5.0,70.0,11,4
1783014353.330,246.148,301.3,79.14,100,55,91,20711.5,4.7,294.0,79.15,100,46,85,1.9,4.5,287.5,79.15,100,39,90,20777.9,17205.5,277.1,79.14,100,42,86,14.2,5.2,70.0,11,4
1783014353.773,246.591,299.4,79.14,100,48,90,12570.9,7.5,294.2,79.15,100,48,86,2.9,8659.1,289.1,79.15,100,41,90,18016.4,9554.7,276.6,79.14,100,44,87,2.0,5.3,70.0,11,4
1783014354.219,247.037,297.4,79.14,100,45,90,2.3,17117.3,293.3,79.15,100,45,85,20704.6,5.7,283.6,79.15,100,34,90,2.6,11343.9,276.2,79.14,100,38,87,18287.0,6696.0,70.0,11,4
1783014354.662,247.480,298.3,79.14,100,47,90,14487.5,17172.1,288.4,79.15,100,44,86,5046.2,17108.2,281.7,79.15,98,28,89,20456.7,10492.8,264.5,79.14,100,8,86,20381.6,13378.5,72.0,11,3
1783014355.108,247.926,298.3,79.14,100,47,90,3.4,4.1,285.2,79.15,100,48,86,4281.2,13570.8,281.7,79.15,98,28,89,19687.4,4.3,264.5,79.14,100,8,86,3.3,4.3,72.0,11,3
1783014355.551,248.369,294.9,79.14,100,50,91,15250.6,4562.6,285.2,79.15,100,48,86,2.7,4.6,277.1,79.15,100,57,90,1096.6,16726.6,269.3,79.14,100,46,86,19688.5,4.7,72.0,11,3
1783014355.996,248.814,295.0,79.14,100,49,91,13590.5,12682.8,290.9,79.15,100,48,86,11392.9,4.7,282.0,79.15,100,48,90,2.4,517.7,279.0,79.14,100,44,87,19705.3,17202.9,72.0,11,3
1783014356.437,249.255,301.5,79.14,100,46,91,20710.8,17113.7,300.7,79.15,100,53,86,5.2,5.6,291.2,79.15,100,37,89,4049.4,13846.7,282.0,79.14,100,45,87,19396.3,6.0,72.0,11,3
1783014356.882,249.700,298.4,79.14,100,45,91,3.0,2778.8,294.0,79.15,100,46,86,16921.7,16872.7,286.4,79.15,100,37,90,8.0,8.9,274.9,79.14,99,35,87,20770.9,15281.2,72.0,11,3
1783014357.327,250.145,296.5,79.14,100,42,91,20706.3,4.9,285.1,79.15,99,39,86,3.7,10.4,280.4,79.15,100,35,90,20765.0,17197.2,267.5,79.14,100,40,87,2.6,6.8,72.0,11,3
1783014357.770,250.588,299.8,79.14,100,47,91,8004.4,5.9,288.4,79.15,100,56,86,4.7,9872.0,280.2,79.15,100,39,89,16309.1,9549.9,272.3,79.14,100,45,87,3.0,5.1,72.0,11,3
1783014358.216,251.034,300.4,79.14,100,50,91,2.9,4.7,290.7,79.15,100,46,86,3.6,17136.6,286.2,79.15,100,40,90,20692.9,5.4,275.6,79.14,100,40,86,1.9,4.7,72.0,11,3
1783014358.659,251.476,301.1,79.14,100,47,91,4229.3,6.2,294.5,79.15,100,55,86,2.1,12134.1,286.7,79.15,100,38,89,15800.2,7689.3,277.4,79.14,100,49,87,6.0,6.9,72.0,11,3
1783014359.111,251.929,301.1,79.14,100,47,91,8259.1,4.5,293.2,79.15,100,47,85,1.8,47.7,286.7,79.15,100,38,89,19689.8,17199.7,277.4,79.14,100,49,87,2.0,5.2,72.0,11,3
1783014359.553,252.371,302.0,79.14,100,57,91,10494.2,4.4,293.2,79.15,100,47,85,1.9,20.5,287.5,79.15,100,39,90,19703.4,17190.6,277.0,79.14,100,40,86,2.9,5.0,72.0,11,3
1783014359.997,252.815,298.8,79.14,100,48,90,17607.7,5.0,293.3,79.15,100,53,86,2.9,5010.1,287.6,79.15,100,39,90,16286.2,14670.8,278.4,79.14,100,45,87,3.8,5.7,72.0,11,3
1783014360.439,253.257,299.3,79.14,100,48,91,3.8,17118.6,292.5,79.15,100,44,85,20703.8,7.6,285.4,79.15,100,36,90,4.2,4736.9,275.6,79.14,100,40,86,16643.3,14739.4,72.0,11,3
1783014360.880,253.698,297.5,79.14,100,46,91,2.7,5.8,287.9,79.15,100,45,85,9089.6,26734.6,281.6,79.15,100,29,90,20752.8,17194.8,269.9,79.14,100,34,86,20758.6,17183.6,75.0,12,3
1783014361.328,254.146,288.4,79.14,100,13,91,17441.8,3980.4,276.3,79.15,100,18,85,4.7,4.0,271.5,79.15,100,45,90,1.8,13165.9,260.4,79.14,100,49,86,17333.7,4060.9,75.0,12,3
1783014361.772,254.590,294.1,79.14,100,57,91,5.1,1017.1,285.3,79.15,100,51,85,18610.3,16470.1,281.6,79.15,100,50,90,2.6,4.7,269.8,79.14,100,44,86,1.9,15090.5,75.0,12,3
1783014362.217,255.035,296.2,79.14,100,51,90,1.9,4.5,296.4,79.15,100,48,85,3.5,17166.7,297.7,79.15,100,54,90,20747.6,5.3,286.5,79.14,100,42,86,1.9,4.8,75.0,12,3
1783014362.659,255.477,299.1,79.14,100,46,91,3.1,5.6,297.9,79.15,100,51,86,18274.6,19086.0,288.0,79.15,100,38,91,9.5,8.7,279.0,79.14,100,39,87,9222.1,14779.3,75.0,12,3
1783014363.109,255.927,299.1,79.14,100,46,91,20706.3,5.5,297.9,79.15,100,51,86,2.8,10569.8,288.0,79.15,100,38,91,19819.7,5731.4,279.0,79.14,100,39,87,2.5,318.4,75.0,12,3
1783014363.553,256.371,298.0,79.14,100,38,91,12885.5,14869.4,288.0,79.15,100,40,86,10001.0,5.0,283.0,79.15,100,36,90,4.6,9195.1,269.4,79.14,100,38,87,18088.5,9256.2,75.0,12,3
1783014363.995,256.813,295.7,79.14,100,46,91,17625.4,7508.8,285.5,79.15,100,46,86,2.0,4.6,280.7,79.15,100,41,90,4103.9,14997.3,267.8,79.14,100,39,86,18050.9,5.1,75.0,12,3
1783014364.439,257.257,299.5,79.14,100,52,91,11927.1,4.5,289.9,79.15,100,50,86,2.8,24.7,281.6,79.15,100,37,90,19690.3,17198.0,270.8,79.14,100,41,86,1.9,5.3,75.0,12,3
1783014364.880,257.698,301.9,79.14,100,48,90,12352.3,4.6,294.2,79.15,100,52,86,2.7,4272.4,282.3,79.15,100,38,89,19812.1,10031.6,277.0,79.14,100,49,87,1.9,4.9,75.0,12,3
1783014365.329,258.147,299.1,79.14,100,52,91,1.9,4.7,293.2,79.15,100,46,85,3.5,9954.9,286.9,79.15,100,42,90,17510.8,7075.7,277.3,79.14,100,42,88,2.1,5.2,75.0,12,3
1783014365.773,258.591,300.0,79.14,100,47,91,3.4,7.2,292.4,79.15,100,50,86,15203.8,15623.9,286.2,79.15,100,38,90,4114.6,5.3,275.4,79.14,100,44,87,2.6,15529.9,75.0,12,3
1783014366.224,259.042,299.6,79.14,100,47,91,2.1,17111.3,294.1,79.15,100,47,86,20423.8,111.6,284.1,79.15,100,41,90,2.1,502.0,276.1,79.14,100,42,87,19248.3,17198.3,75.0,12,3
1783014366.666,259.484,297.1,79.14,100,42,90,4897.0,5.8,289.6,79.15,100,42,86,10294.1,14751.7,280.1,79.15,100,34,89,11607.7,11.6,270.1,79.14,99,36,86,6951.4,14869.4,75.0,12,3
1783014367.121,259.939,297.1,79.14,100,42,90,11418.4,17105.3,280.0,79.15,98,39,86,20705.0,20.9,280.1,79.15,100,34,89,19719.1,12803.2,270.1,79.14,99,36,86,3955.2,8086.6,78.0,12,2
1783014367.563,260.381,295.5,79.14,100,42,91,2.7,4.1,280.0,79.15,98,39,86,20265.6,13627.3,271.7,79.15,98,15,91,2739.7,4.0,255.9,79.14,100,7,88,2.1,4.0,78.0,12,2
1783014368.008,260.826,260.3,79.14,100,59,90,15209.8,14258.4,265.6,79.15,100,62,86,2.3,4.5,260.9,79.15,100,38,91,1.9,13317.5,254.4,79.14,100,63,87,15392.1,7172.7,78.0,12,2
1783014368.450,261.268,264.0,79.14,100,49,90,3.8,6224.2,279.9,79.15,100,62,86,15709.7,14254.0,270.9,79.15,100,41,89,3.7,4.9,266.3,79.14,100,53,87,1099.2,16762.0,78.0,12,2
1783014368.893,261.711,297.7,79.14,100,58,90,2.7,3.9,299.4,79.15,100,54,86,20225.5,17110.0,292.4,79.15,100,39,89,8.4,5.6,279.9,79.14,100,41,87,9808.1,13454.4,78.0,12,2
1783014369.336,262.154,297.4,79.14,100,45,92,20708.3,6.2,293.5,79.15,100,44,86,3.8,8382.8,286.7,79.15,100,35,89,16236.7,10990.1,276.7,79.14,100,38,87,2.2,5.6,78.0,12,2
1783014369.778,262.596,297.1,79.14,100,45,91,14254.7,13552.4,289.2,79.15,100,42,86,9801.4,5.5,279.4,79.15,100,33,89,2.1,17222.9,268.8,79.14,100,35,85,20745.3,5.5,78.0,12,2
1783014370.230,263.048,298.7,79.14,100,45,91,17910.3,2292.2,284.7,79.15,100,44,86,4.4,4.7,280.3,79.15,100,39,89,13255.2,13305.4,269.6,79.14,100,45,87,11042.6,4.8,78.0,12,2
1783014370.672,263.490,298.7,79.14,100,47,91,20706.8,5.0,291.1,79.15,100,48,86,4.5,1125.2,283.2,79.15,100,46,90,17920.2,17205.9,276.3,79.14,100,39,86,7.9,4.8,78.0,12,2
1783014371.128,263.946,302.2,79.14,100,57,91,4399.9,4.6,294.1,79.15,99,50,86,4.0,4245.7,283.2,79.15,100,46,90,16025.0,15676.5,276.3,79.14,100,39,86,3.4,4.8,78.0,12,2
1783014371.569,264.387,302.2,79.14,100,57,91,17798.0,6.4,294.1,79.15,99,50,86,8.3,71.2,286.6,79.15,100,38,90,19113.7,17195.1,276.6,79.14,100,40,87,2.7,5.2,78.0,12,2
1783014372.017,264.835,300.0,79.14,100,47,90,13155.0,4.8,293.2,79.15,100,47,85,1.9,3158.2,287.7,79.15,100,47,90,16504.6,16239.6,275.3,79.14,100,41,86,3.1,4.8,78.0,12,2
1783014372.461,265.279,298.8,79.14,100,50,91,6118.2,5.3,294.0,79.15,100,50,86,1.9,8867.5,285.1,79.15,100,39,90,16343.3,10643.3,275.5,79.14,100,42,87,2.1,6.8,78.0,12,2
1783014372.903,265.720,299.7,79.14,100,46,91,2.6,17113.6,291.9,79.15,100,45,86,20703.9,9.3,283.9,79.15,100,37,90,5.0,17209.7,273.7,79.14,100,39,87,19070.6,1385.7,78.0,12,2
1783014373.354,266.172,297.3,79.14,100,44,90,4.5,5.3,290.9,79.15,100,42,86,20219.2,17105.1,280.3,79.15,100,34,90,3.8,5.8,270.5,79.14,100,31,86,16791.1,21096.1,81.0,13,2
1783014373.795,266.613,290.1,79.14,98,11,90,5.2,4.5,274.8,79.15,100,11,85,1.9,15190.3,267.4,79.15,100,14,90,17190.0,3686.9,258.1,79.14,100,58,87,2.6,10.3,81.0,13,2
1783014374.238,267.056,292.0,79.14,100,60,91,20708.1,17106.9,282.6,79.15,100,70,86,4.5,4.5,275.9,79.15,100,42,90,1.9,2946.5,268.9,79.14,100,58,87,17512.1,15645.6,81.0,13,2
1783014374.682,267.500,294.7,79.14,100,64,91,1.8,5020.7,293.2,79.15,100,52,86,26148.0,6823.3,296.5,79.15,100,41,90,5.2,7.5,283.9,79.14,100,48,87,9258.4,14473.5,81.0,13,2
1783014375.133,267.951,296.3,79.14,100,46,90,1.9,11872.2,294.5,79.15,100,45,85,17442.2,7023.9,296.5,79.15,100,41,90,3.4,5.6,283.9,79.14,100,48,87,20781.7,17186.9,81.0,13,2
1783014375.575,268.393,296.3,79.14,100,46,90,14003.2,5.9,294.5,79.15,100,45,85,3.0,17116.6,291.4,79.15,100,43,90,20748.7,11.2,279.6,79.14,100,39,86,2.9,16563.3,81.0,13,2
1783014376.024,268.841,297.0,79.14,100,44,90,18090.1,12959.9,290.6,79.15,100,43,86,3.8,5.8,282.3,79.15,100,31,90,13999.1,14727.1,272.1,79.14,100,37,86,8160.0,5.1,81.0,13,2
1783014376.466,269.284,299.2,79.14,100,45,91,9523.8,4.5,287.5,79.15,100,46,86,4.8,4330.2,278.6,79.15,100,38,90,17636.2,13851.0,267.1,79.14,100,43,87,2.5,5.2,81.0,13,2
1783014376.909,269.727,299.7,79.14,100,47,90,1959.9,4.8,288.2,79.15,100,46,85,5.0,12064.8,281.0,79.15,100,42,90,18273.2,5245.5,271.1,79.14,100,40,86,3.6,4.8,81.0,13,2
1783014377.352,270.170,302.7,79.14,100,55,91,5371.0,4.3,290.6,79.15,100,50,86,1.9,645.7,286.8,79.15,100,40,90,18485.3,17189.6,274.7,79.14,100,42,87,1.9,4.6,81.0,13,2
1783014377.795,270.613,300.9,79.14,100,49,90,20707.3,4.4,294.7,79.15,100,48,86,2.7,4.6,287.8,79.15,100,45,90,16945.5,14060.8,278.3,79.14,100,42,86,6428.1,5.0,81.0,13,2
1783014378.236,271.054,299.3,79.14,100,46,90,17584.3,6490.7,298.4,79.15,100,51,86,3.6,4.7,287.5,79.15,100,38,91,4820.1,14957.6,279.0,79.14,100,49,87,17553.0,4.6,81.0,13,2
1783014378.678,271.495,299.6,79.14,100,47,91,17818.2,15705.1,293.9,79.15,100,47,85,5.0,10.6,289.5,79.15,100,45,90,334.0,16761.0,277.1,79.14,100,42,86,20748.4,5.0,81.0,13,2
1783014379.122,271.940,299.6,79.14,100,47,91,20707.1,5.5,293.0,79.15,100,51,86,3.1,7172.6,289.5,79.15,100,45,90,17891.2,10923.5,277.1,79.14,100,42,86,3.7,5.9,81.0,13,2
1783014379.564,272.382,298.9,79.14,100,49,91,4744.6,15158.8,293.0,79.15,100,51,86,15537.7,5.5,286.0,79.15,100,37,89,5.5,14583.2,274.1,79.14,100,38,86,17517.1,4061.5,84.0,13,1
1783014380.008,272.825,298.8,79.14,100,42,91,8.9,4.4,287.7,79.15,100,45,85,498.6,17186.9,282.3,79.15,100,38,90,18107.3,2000.9,270.1,79.14,100,40,86,4.4,4.6,84.0,13,1
1783014380.451,273.269,289.1,79.14,100,58,90,7184.0,12542.8,280.2,79.15,100,45,84,17814.2,4.1,276.4,79.15,100,43,90,4.3,4.3,264.1,79.14,100,36,85,10916.0,12865.1,84.0,13,1
1783014380.895,273.713,285.1,79.14,100,65,90,2.5,4.2,286.3,79.15,100,48,86,13471.3,12560.0,279.3,79.15,100,40,90,11191.2,4.3,270.5,79.14,100,43,87,2.3,4.3,84.0,13,1
1783014381.337,274.154,292.5,79.14,100,54,91,2.0,4.6,297.3,79.15,100,46,85,4.5,14584.9,291.8,79.15,100,47,90,15375.0,5731.4,280.6,79.14,100,41,87,2.6,4.8,84.0,13,1
1783014381.778,274.596,297.0,79.14,100,45,89,6.4,9743.7,297.0,79.15,100,42,86,16258.2,10244.1,286.8,79.15,100,36,90,3.0,5.6,278.5,79.14,100,36,87,20766.3,17185.4,84.0,13,1
1783014382.222,275.040,298.0,79.14,100,44,91,13057.9,5.9,289.0,79.15,100,44,86,3.0,17113.3,278.8,79.15,100,35,89,20746.7,5.5,268.8,79.14,100,37,85,4.8,6287.6,84.0,13,1
1783014382.666,275.484,298.7,79.14,100,47,91,3.1,17117.2,283.8,79.15,100,46,86,20703.9,9.6,280.1,79.15,100,37,90,10.1,514.3,267.6,79.14,100,41,85,19696.8,17192.3,84.0,13,1
1783014383.121,275.939,298.7,79.14,100,47,91,20710.3,14826.7,289.9,79.15,100,47,86,1812.0,4.6,280.1,79.15,100,37,90,2.4,4402.8,267.6,79.14,100,41,85,15842.9,15730.2,84.0,13,1
1783014383.563,276.381,299.1,79.14,100,44,90,13476.0,12877.0,289.9,79.15,100,47,86,11247.6,4.5,280.3,79.15,100,37,89,3.5,491.0,276.0,79.14,100,51,87,19717.2,17206.0,84.0,13,1
1783014384.007,276.824,300.9,79.14,100,54,91,2.2,17110.5,291.7,79.15,100,47,84,20706.2,12.4,286.1,79.15,100,42,90,8.2,4.7,276.0,79.14,100,42,85,15463.8,13055.8,84.0,13,1
1783014384.451,277.269,300.0,79.14,100,47,90,3.6,8666.4,293.2,79.15,100,47,86,15967.1,11632.5,289.8,79.15,100,42,90,2.6,4.8,276.8,79.14,100,46,87,1074.1,16759.3,84.0,13,1
1783014384.893,277.711,302.1,79.14,100,54,91,1.9,4.2,295.7,79.15,100,51,86,20230.5,17109.8,286.7,79.15,100,39,89,4.7,4.7,277.5,79.14,100,41,87,2.5,17263.6,84.0,13,1
1783014385.337,278.155,299.0,79.14,100,47,90,3.0,14498.8,292.5,79.15,100,46,85,15976.5,5711.4,289.2,79.15,100,45,90,2.6,5.5,275.2,79.14,100,39,86,20773.1,14964.6,84.0,13,1
1783014385.778,278.596,296.7,79.14,100,41,91,18171.3,8.6,290.4,79.15,100,44,87,9.1,17114.3,283.2,79.15,99,32,90,20749.4,6.2,275.2,79.14,100,39,86,3.0,8790.1,84.0,13,1
1783014386.225,279.042,297.8,79.14,100,46,91,20455.7,13775.7,287.2,79.15,100,45,85,20250.9,14752.5,276.6,79.15,98,32,89,10751.3,4.7,261.7,79.14,99,9,85,4.0,3.9,87.0,14,1
1783014386.667,279.485,292.1,79.14,100,51,90,8378.7,5.7,284.5,79.15,100,62,86,2.8,8.9,274.4,79.15,100,43,89,20805.8,17207.5,268.7,79.14,100,58,87,8.8,4.2,87.0,14,1
1783014387.116,279.934,292.1,79.14,100,51,90,20710.6,17106.0,290.8,79.15,100,59,86,2.1,4.5,274.4,79.15,100,43,89,1.9,3409.1,268.7,79.14,100,58,87,17491.7,15291.2,87.0,14,1
1783014387.558,280.375,294.1,79.14,100,49,90,4.2,17113.8,290.8,79.15,100,59,86,20707.4,5.4,283.5,79.15,100,41,90,4.1,4.8,283.4,79.14,100,56,87,15574.9,14871.0,87.0,14,1
1783014388.000,280.818,299.9,79.14,100,55,90,19599.2,17109.8,295.3,79.15,100,47,85,2.1,5.5,294.6,79.15,100,38,90,10344.3,15021.8,277.9,79.14,100,40,85,11621.5,11.9,87.0,14,1
1783014388.447,281.264,298.3,79.14,100,45,91,2.2,17111.7,291.1,79.15,100,46,86,20706.6,6.2,286.9,79.15,100,36,90,2.2,8539.1,271.4,79.14,100,37,85,18036.9,9689.5,87.0,14,1
1783014388.888,281.706,296.0,79.14,100,39,91,20705.3,5.2,287.0,79.15,100,45,86,2.1,2866.7,278.7,79.15,100,36,90,18367.9,15284.5,269.8,79.14,100,41,86,2.4,4.8,87.0,14,1
1783014389.331,282.149,298.1,79.14,100,57,91,5101.9,4.9,286.1,79.15,100,48,85,2.0,13031.9,281.3,79.15,100,39,90,17493.1,5259.3,270.6,79.14,100,41,85,1.9,4.4,87.0,14,1
1783014389.773,282.591,300.7,79.14,100,46,90,3.5,7.0,292.8,79.15,100,50,86,1.9,16675.5,282.6,79.15,100,38,89,19061.2,10.8,275.7,79.14,100,48,87,2.3,4.6,87.0,14,1
1783014390.224,283.041,301.1,79.14,100,57,91,6458.2,4.6,293.4,79.15,100,47,85,2.6,6385.5,286.8,79.15,100,41,90,17610.4,12178.2,276.9,79.14,100,42,85,3.5,4.5,87.0,14,1
1783014390.667,283.485,299.8,79.14,100,49,90,20706.6,4.6,294.7,79.15,100,48,86,3.5,20.5,290.8,79.15,100,42,90,19712.8,16789.6,279.9,79.14,100,43,86,5.2,4.7,87.0,14,1
1783014391.115,283.933,299.8,79.14,100,49,90,19243.3,4.6,294.7,79.15,100,50,86,2.8,4.2,290.8,79.15,100,42,90,20770.4,17189.7,279.9,79.14,100,43,86,3.5,4.9,87.0,14,1
1783014391.557,284.375,302.1,79.14,100,59,91,20706.5,4.7,294.7,79.15,100,50,86,4.6,511.2,287.2,79.15,100,38,90,18622.2,17194.2,276.1,79.14,100,40,86,2.0,5.8,87.0,14,1
1783014391.999,284.817,299.0,79.14,100,46,91,3.1,9467.4,291.9,79.15,100,45,85,18129.4,9015.8,286.9,79.15,100,38,90,2.2,5.4,274.8,79.14,100,44,86,20767.9,17185.8,87.0,14,1
1783014392.440,285.258,296.6,79.14,100,46,90,5826.8,17111.4,292.6,79.15,100,43,86,20705.1,6716.9,280.5,79.15,100,35,89,20642.6,9308.3,272.5,79.14,100,37,86,20753.9,17191.7,90.0,14,0
1783014392.883,285.701,294.0,79.14,100,9,91,3.3,4.0,280.2,79.15,100,11,85,1.8,9416.7,276.8,79.15,100,37,90,18561.5,5079.3,263.1,79.14,100,46,87,1.7,4.2,90.0,14,0
1783014393.333,286.151,294.4,79.14,100,70,90,20707.5,17109.7,286.1,79.15,100,49,85,1.8,4.7,283.6,79.15,100,40,90,1.9,9681.1,273.4,79.14,100,45,87,15633.9,10507.3,90.0,14,0
1783014393.775,286.593,297.5,79.14,100,55,91,3.1,17116.5,299.5,79.15,100,49,85,20709.1,5.2,295.3,79.15,100,48,90,4.0,4.7,284.4,79.14,100,43,85,13558.9,12818.9,90.0,14,0
1783014394.223,287.041,299.1,79.14,100,46,90,8333.4,13325.1,298.6,79.15,100,46,86,14465.9,5.6,288.5,79.15,100,39,90,2.5,17220.1,281.9,79.14,100,38,86,18929.3,1464.3,90.0,14,0
1783014394.671,287.489,296.8,79.14,99,43,90,3.9,5.5,292.5,79.15,100,39,86,20708.0,15320.0,280.0,79.15,100,34,88,605.1,12.0,272.0,79.14,100,37,87,7424.1,13485.0,90.0,14,0
1783014395.117,287.935,296.8,79.14,99,43,90,18317.8,6439.1,285.1,79.15,100,46,86,1.9,4.8,280.0,79.15,100,34,88,13544.4,13706.4,272.0,79.14,100,37,87,8443.0,5.5,90.0,14,0
1783014395.561,288.379,298.6,79.14,100,45,90,20709.3,4.8,285.1,79.15,100,46,86,3.1,4.1,278.5,79.15,100,37,89,20277.9,17192.6,266.6,79.14,100,41,87,2.5,6.1,90.0,14,0
1783014396.009,288.827,299.2,79.14,100,45,90,141.3,4.6,288.0,79.15,100,45,85,1.9,11192.9,283.2,79.15,100,41,90,16946.0,8122.0,272.6,79.14,100,41,86,2.0,4.9,90.0,14,0
1783014396.452,289.270,301.0,79.14,100,56,91,18284.2,4.5,290.7,79.15,100,48,85,3.5,4.3,286.3,79.15,100,39,90,20777.8,15288.3,275.1,79.14,100,41,85,948.1,4.7,90.0,14,0
1783014396.894,289.712,300.7,79.14,100,48,90,15647.2,7786.1,293.2,79.15,100,46,85,2.7,7.1,287.4,79.15,100,45,90,1085.5,16745.4,277.1,79.14,100,41,86,20752.9,5.0,90.0,14,0
1783014397.335,290.153,300.5,79.14,100,47,90,15996.6,13110.2,295.6,79.15,100,50,86,2.7,4.7,285.9,79.15,100,38,89,2.2,17244.0,278.2,79.14,100,45,87,20748.7,5.3,90.0,14,0
1783014397.777,290.595,298.8,79.14,100,46,90,16877.5,17104.9,292.9,79.15,100,46,85,1.9,5.2,287.7,79.15,100,42,90,2637.8,15055.8,275.1,79.14,100,41,86,20261.7,5.4,90.0,14,0
1783014398.221,291.039,298.9,79.14,100,48,91,2.6,6.2,291.1,79.15,100,46,85,19563.2,13438.7,285.1,79.15,100,34,90,4123.9,5.5,274.2,79.14,100,36,87,700.3,16753.0,90.0,14,0
1783014398.667,291.485,296.8,79.14,100,43,91,16623.7,4420.6,287.1,79.15,100,46,85,3.3,4680.8,280.3,79.15,100,36,90,16347.3,4254.4,269.1,79.14,100,37,86,4092.5,3940.1,93.0,15,0
1783014399.119,291.937,296.8,79.14,100,43,91,3401.0,3224.1,290.5,79.15,100,63,85,3827.8,3560.0,280.3,79.15,100,36,90,3892.4,3996.0,269.1,79.14,100,37,86,3517.7,4246.2,93.0,15,0
1783014399.563,292.381,300.5,79.14,100,63,90,3628.8,3088.8,290.5,79.15,100,63,85,3528.7,4252.3,280.7,79.15,100,54,89,3872.1,4019.7,269.9,79.14,100,56,85,3954.2,5098.0,93.0,16,0
1783014400.008,292.825,305.0,79.14,100,63,90,3540.9,3181.7,296.9,79.15,100,63,85,3907.0,4269.5,290.0,79.15,100,54,89,3563.5,4501.5,273.6,79.14,100,56,85,3979.6,4164.8,93.0,16,0
1783014400.453,293.271,302.7,79.14,100,62,90,3697.2,3133.7,300.4,79.15,100,63,85,3586.6,4451.1,292.0,79.15,100,54,89,3918.9,4353.3,276.3,79.14,100,56,85,3954.0,5047.9,93.0,16,0
1783014400.896,293.714,300.1,79.14,100,63,90,3332.9,3169.3,300.4,79.15,100,63,85,3855.6,4292.4,292.1,79.15,100,54,89,3914.2,4780.7,276.5,79.14,100,56,85,3620.6,4936.2,93.0,16,0
1783014401.338,294.156,300.0,79.14,100,63,90,3604.0,2859.0,300.8,79.15,100,63,85,3898.8,4729.1,292.8,79.15,100,54,89,3615.6,4216.7,277.1,79.14,100,57,85,3956.2,5095.2,93.0,16,0
1783014401.782,294.600,300.1,79.14,100,64,89,3427.9,3102.1,301.5,79.15,100,63,85,3846.3,3916.7,293.6,79.15,100,54,89,3932.9,4862.2,277.7,79.14,100,57,85,3626.8,4819.7,93.0,16,0
1783014402.226,295.044,300.1,79.14,100,63,89,3582.9,2809.9,301.3,79.15,100,63,85,3914.1,4407.9,294.0,79.15,100,55,89,3612.0,4579.5,278.0,79.14,100,57,85,3909.2,4455.1,93.0,16,0
1783014402.669,295.487,299.9,79.14,100,64,89,3691.0,3157.6,300.3,79.15,100,63,85,3917.7,3974.0,293.9,79.15,100,55,89,4510.0,4958.1,277.6,79.14,100,56,85,3592.4,4459.4,93.0,16,0
1783014403.122,295.940,299.9,79.14,100,64,89,3662.7,3064.5,300.5,79.15,100,63,85,3516.6,4458.3,293.9,79.15,100,55,89,3887.1,4343.8,277.6,79.14,100,56,85,3988.4,4791.5,93.0,16,0
1783014403.564,296.382,300.1,79.14,100,64,89,3393.4,3258.4,300.5,79.15,100,63,85,3840.8,4195.9,294.4,79.15,100,54,89,4053.0,4808.6,277.9,79.14,100,57,85,3620.9,5083.9,93.0,16,0
1783014404.008,296.825,300.0,79.14,100,63,89,3623.6,2806.8,300.0,79.15,100,63,85,3861.0,5099.6,293.6,79.15,100,55,89,3983.2,4361.9,277.7,79.14,100,57,85,4005.0,4829.7,93.0,16,0
1783014404.454,297.271,300.0,79.14,100,64,89,3275.3,3292.0,300.0,79.15,100,63,85,3897.2,3982.8,293.5,79.15,100,54,89,3992.4,4708.2,277.7,79.14,100,56,85,3909.6,4169.2,93.0,16,0
1783014404.895,297.713,300.0,79.14,100,63,89,3632.0,3035.8,299.9,79.15,100,63,85,3547.9,4434.0,293.4,79.15,100,54,89,3971.5,4128.6,277.6,79.14,100,57,85,4015.3,4842.8,93.0,16,0
1783014405.337,298.154,300.0,79.14,100,63,89,3391.4,3106.3,299.8,79.15,100,63,85,3893.8,3984.9,293.1,79.15,100,55,89,3916.7,4614.1,277.6,79.14,100,57,85,3571.2,4553.2,93.0,16,0
1783014405.777,298.595,300.1,79.14,100,64,89,3631.5,3127.0,300.5,79.15,100,64,85,3502.8,4203.1,293.4,79.15,100,55,89,3912.9,4332.5,278.0,79.14,100,57,85,3994.5,4783.1,93.0,16,0
1783014406.225,299.043,300.0,79.14,100,63,89,3364.3,3084.6,300.2,79.15,100,63,85,3817.6,4112.8,293.4,79.15,100,55,89,3877.9,4857.8,277.7,79.14,100,57,85,3737.7,4762.9,93.0,16,0
1783014406.667,299.485,300.0,79.14,100,63,89,3628.1,2893.7,300.2,79.15,100,63,85,4109.5,4631.1,293.6,79.15,100,55,89,4730.4,4039.4,277.8,79.14,100,57,85,3669.6,4435.5,93.0,16,0
1783014407.120,299.937,300.0,79.14,100,63,89,3508.1,2973.2,300.2,79.15,100,63,85,3908.6,4252.9,293.6,79.15,100,55,89,3626.2,4596.2,277.8,79.14,100,57,85,3860.5,4321.5,93.0,16,0
1783014407.562,300.379,300.0,79.14,100,64,89,3711.8,3075.3,300.2,79.15,100,63,85,3621.3,4374.0,293.9,79.15,100,54,89,3928.5,4455.2,277.9,79.14,100,56,85,3944.7,5231.2,93.0,16,0
1783014408.008,300.825,300.0,79.14,100,63,89,3582.2,2815.0,299.9,79.15,100,63,85,3927.9,4294.1,293.9,79.15,100,55,89,3611.5,4752.0,277.9,79.14,100,57,85,4097.2,4855.7,94.0,16,0
1783014408.452,301.270,300.0,79.14,100,63,89,3635.0,3105.7,299.9,79.15,100,63,85,3542.2,4177.8,294.1,79.15,100,55,89,3953.4,4746.3,278.0,79.14,100,56,85,3557.5,4585.1,94.0,16,0
1783014408.894,301.712,299.9,79.14,100,64,89,3624.7,2813.0,300.1,79.15,100,63,85,3895.9,4590.7,294.2,79.15,100,55,89,3605.9,4763.1,277.8,79.14,100,57,85,3943.9,4431.8,94.0,16,0
1783014409.337,302.155,300.0,79.14,100,63,89,3668.1,3029.8,300.1,79.15,100,63,85,3568.2,4213.9,294.3,79.15,100,55,89,3943.2,4603.9,277.8,79.14,100,57,85,4039.6,4966.3,94.0,16,0
1783014409.778,302.596,300.1,79.14,100,63,89,3711.9,2808.2,300.2,79.15,100,63,85,3911.7,4436.7,294.7,79.15,100,55,89,3582.9,4522.9,278.5,79.14,100,57,86,3968.0,4587.3,94.0,16,0
1783014410.224,303.042,300.0,79.14,100,64,89,3655.3,2995.1,300.0,79.15,100,63,85,3480.6,4255.1,294.6,79.15,100,55,89,3910.1,4213.9,278.6,79.14,100,57,85,3981.7,4781.2,94.0,16,0
1783014410.665,303.483,299.9,79.14,100,63,89,3304.4,3113.2,300.0,79.15,100,64,85,3859.9,4175.3,294.3,79.15,100,55,89,3944.8,4816.6,278.6,79.14,100,57,85,3942.4,4423.1,94.0,16,0
1783014411.139,303.957,300.0,79.14,100,63,89,3611.6,3080.4,299.9,79.15,100,63,85,3566.2,4348.9,294.3,79.15,100,55,89,3965.0,4409.0,278.6,79.14,100,57,85,4053.2,4997.1,94.0,16,0
1783014411.580,304.398,300.0,79.14,100,63,89,3349.4,3126.6,299.9,79.15,100,63,85,3853.4,4143.8,294.6,79.15,100,55,89,3924.2,4881.9,278.8,79.14,100,57,85,3571.8,4563.7,94.0,16,0
1783014412.022,304.840,300.0,79.14,100,64,89,3548.7,2770.9,300.0,79.15,100,63,85,3865.4,4467.5,295.0,79.15,100,55,89,3511.8,4804.6,278.6,79.14,100,57,86,3928.3,5215.2,94.0,16,0
1783014412.465,305.283,300.1,79.14,100,64,89,3694.2,3096.0,300.3,79.15,100,64,85,3520.2,4361.7,295.3,79.15,100,55,89,3933.4,4872.1,278.7,79.14,100,57,85,3594.4,4824.3,94.0,16,0
1783014412.907,305.725,300.0,79.14,100,64,89,3243.1,3200.3,300.2,79.15,100,64,85,3937.1,4899.3,294.8,79.15,100,55,89,3546.3,4740.7,278.8,79.14,100,57,85,3926.4,4657.5,94.0,16,0
1783014413.351,306.169,300.0,79.14,100,64,89,3624.8,3064.0,300.1,79.15,100,63,85,3533.1,4369.4,294.5,79.15,100,55,89,3916.4,4806.8,278.7,79.14,100,57,85,3951.1,5234.7,94.0,16,0
1783014413.792,306.610,300.0,79.14,100,64,89,3503.7,3127.3,300.2,79.15,100,64,85,3882.1,4404.3,294.8,79.15,100,55,89,3975.4,4797.7,278.9,79.14,100,57,85,3953.7,4677.2,94.0,16,0
1783014414.236,307.054,300.0,79.14,100,64,89,3587.9,3037.6,300.1,79.15,100,63,85,3491.7,4038.2,294.8,79.15,100,55,89,3893.5,4534.0,278.8,79.14,100,57,85,3933.1,5083.6,94.0,16,0
1783014414.679,307.497,300.0,79.14,100,64,89,3338.8,3221.3,300.1,79.15,100,63,85,4562.0,4424.0,295.2,79.15,100,55,89,3761.7,4687.0,278.8,79.14,100,57,85,3948.0,4596.4,94.0,16,0
1783014415.129,307.947,300.0,79.14,100,64,89,3706.8,3034.8,300.0,79.15,100,63,85,3492.0,4326.6,295.2,79.15,100,55,89,3912.5,4590.4,278.8,79.14,100,57,85,4043.0,4971.8,94.0,16,0
1783014415.574,308.391,300.0,79.14,100,64,89,3259.3,3186.9,300.0,79.15,100,63,85,3856.2,4080.3,295.1,79.15,100,55,89,3969.2,4742.0,278.7,79.14,100,57,85,3578.5,4660.9,94.0,16,0
1783014416.019,308.837,300.0,79.14,100,64,89,3594.0,2874.7,300.0,79.15,100,63,85,3608.5,4356.5,294.9,79.15,100,55,89,3978.9,4593.1,279.0,79.14,100,58,85,3959.1,5019.4,94.0,16,0
1783014416.463,309.281,300.0,79.14,100,64,89,3273.1,3353.1,300.4,79.15,100,64,85,3817.1,4101.4,295.8,79.15,100,55,89,3918.3,4640.8,279.8,79.14,100,57,85,3532.1,4657.4,94.0,16,0
1783014416.909,309.727,299.9,79.14,100,63,89,3602.7,2822.6,300.1,79.15,100,63,85,3808.1,4601.0,296.2,79.15,100,55,89,3896.4,4147.9,279.4,79.14,100,57,85,4003.4,4894.8,94.0,16,0
1783014417.357,310.175,299.9,79.14,100,63,89,3240.4,3345.3,299.1,79.15,100,63,85,3861.9,4427.0,294.8,79.15,100,55,89,3652.1,4729.6,278.5,79.14,100,57,85,3947.8,4482.9,94.0,16,0
1783014417.800,310.618,300.1,79.14,100,63,89,3693.9,3057.1,299.3,79.15,100,63,85,3536.2,4160.1,294.1,79.15,100,55,89,3919.9,4298.7,278.2,79.14,100,57,86,3935.1,4939.4,94.0,16,0
1783014418.242,311.060,300.1,79.14,100,64,89,3289.8,3183.8,300.1,79.15,100,63,85,3866.0,4082.2,294.8,79.15,100,54,89,3595.7,4815.1,278.7,79.14,100,57,85,3940.2,4319.3,94.0,16,0
1783014418.689,311.507,300.1,79.14,100,65,89,3585.7,3359.7,300.6,79.15,100,64,85,3453.1,4783.7,295.8,79.15,100,55,89,3938.8,4980.7,279.3,79.14,100,57,86,3641.5,4660.4,94.0,16,0
1783014419.141,311.959,300.1,79.14,100,64,89,3634.6,2749.2,300.4,79.15,100,64,85,3813.7,4668.2,295.8,79.15,100,55,89,3607.0,4593.6,279.3,79.14,100,57,86,3947.1,4381.3,95.0,16,0
1783014419.587,312.405,300.1,79.14,100,64,89,3628.1,2995.1,300.4,79.15,100,64,85,3536.4,3984.9,295.6,79.15,100,54,89,3944.3,4208.6,279.0,79.14,100,57,85,4047.4,4818.5,95.0,16,0
1783014420.029,312.847,299.9,79.14,100,64,89,3261.8,3144.7,300.2,79.15,100,64,85,3862.9,4139.3,295.5,79.15,100,56,89,3960.7,4662.9,279.0,79.14,100,57,86,3816.4,4198.4,95.0,16,0
1783014420.471,313.289,300.0,79.14,100,64,89,3727.1,2981.6,300.0,79.15,100,63,85,3546.7,4253.0,295.3,79.15,100,55,89,3965.9,4307.6,279.3,79.14,100,57,86,3993.0,4983.6,95.0,16,0
1783014420.913,313.731,300.0,79.14,100,64,89,3269.1,3219.6,299.6,79.15,100,64,85,3884.7,4236.7,295.3,79.15,100,55,89,3920.9,4904.8,279.3,79.14,100,57,86,3616.8,4494.3,95.0,16,0
1783014421.357,314.175,300.0,79.14,100,64,89,3625.3,2755.1,299.9,79.15,100,64,85,3910.2,4409.0,295.2,79.15,100,55,89,3812.5,4542.7,279.2,79.14,100,57,86,3983.2,5022.8,95.0,16,0
1783014421.800,314.618,300.0,79.14,100,64,89,3266.2,3347.3,299.9,79.15,100,63,85,3846.3,3988.1,295.2,79.15,100,55,89,3931.7,4642.0,278.9,79.14,100,57,86,3596.6,4679.3,95.0,16,0
1783014422.246,315.064,300.0,79.14,100,64,89,3624.1,3017.5,300.1,79.15,100,64,85,3441.3,4620.2,295.3,79.15,100,55,89,3998.8,4648.3,279.0,79.14,100,58,86,3916.6,4923.0,95.0,16,0
1783014422.695,315.513,300.0,79.14,100,64,89,3252.2,3165.4,300.3,79.15,100,63,85,3910.0,4705.5,295.6,79.15,100,55,89,3611.8,4777.0,279.7,79.14,100,58,86,3883.5,4436.6,95.0,16,0
1783014423.141,315.959,300.0,79.14,100,64,89,3667.4,3029.7,300.2,79.15,100,63,85,3550.0,4120.8,295.6,79.15,100,55,89,3931.1,4695.7,279.7,79.14,100,58,86,3948.6,4982.1,95.0,16,0
1783014423.584,316.402,300.0,79.14,100,64,89,3254.0,3170.1,300.2,79.15,100,63,85,3875.7,4285.4,295.6,79.15,100,55,89,3971.4,4706.6,279.7,79.14,100,57,86,4307.6,4240.8,95.0,16,0
1783014424.029,316.847,299.9,79.14,100,64,89,3672.7,3088.1,300.0,79.15,100,64,85,3488.9,4245.5,295.5,79.15,100,55,89,3991.5,4887.5,279.2,79.14,100,57,85,4050.2,4804.9,95.0,16,0
1783014424.472,317.290,300.0,79.14,100,64,89,3275.6,3149.2,299.9,79.15,100,64,85,3864.0,4265.1,295.3,79.15,100,56,89,3564.4,4637.4,279.2,79.14,100,58,86,4247.1,5179.6,95.0,16,0
1783014424.920,317.737,300.0,79.14,100,64,89,3669.2,3042.5,300.1,79.15,100,63,85,3630.5,4216.3,295.2,79.15,100,55,89,3959.6,4946.3,279.1,79.14,100,57,86,3546.0,4501.0,95.0,16,0
1783014425.363,318.181,299.9,79.14,100,64,89,3555.0,2831.3,299.9,79.15,100,64,85,3878.2,4502.8,295.0,79.15,100,55,89,3630.8,4465.9,279.1,79.14,100,57,86,3915.4,4421.2,95.0,16,0
1783014425.807,318.624,300.0,79.14,100,63,89,3712.0,3099.7,299.7,79.15,100,63,85,3489.1,4153.8,294.9,79.15,100,55,89,3933.9,4808.1,279.1,79.14,100,57,86,3538.8,4598.3,95.0,16,0
1783014426.252,319.070,300.0,79.14,100,64,89,3625.3,2856.9,299.9,79.15,100,63,85,3829.3,4207.3,295.0,79.15,100,55,89,3598.9,4361.8,279.3,79.14,100,58,86,3928.5,4327.6,95.0,16,0
1783014426.696,319.514,299.9,79.14,100,64,89,3687.5,3035.1,300.1,79.15,100,64,85,3639.9,4379.9,295.2,79.15,100,55,89,3909.7,4718.8,279.5,79.14,100,58,86,3617.7,4684.6,95.0,16,0
1783014427.141,319.959,300.0,79.14,100,63,89,3582.3,2873.8,300.3,79.15,100,64,85,3869.3,4125.7,295.2,79.15,100,55,89,3609.4,4488.9,279.5,79.14,100,58,86,3932.2,4404.3,95.0,16,0
1783014427.584,320.402,300.0,79.14,100,63,89,3637.2,3101.9,300.3,79.15,100,64,85,3460.6,4020.8,295.7,79.15,100,55,89,3977.3,4418.4,279.8,79.14,100,57,86,4339.7,4752.3,95.0,16,0
1783014428.030,320.847,299.9,79.14,100,63,89,3640.8,2766.6,300.0,79.15,100,63,85,3887.3,4466.2,295.3,79.15,100,55,89,3604.4,4563.6,279.7,79.14,100,57,86,3957.2,4345.3,95.0,16,0
1783014428.472,321.290,299.9,79.14,100,64,89,3744.0,3038.0,299.8,79.15,100,63,85,3491.6,4020.0,295.1,79.15,100,55,89,3910.1,4400.6,279.5,79.14,100,57,86,4002.1,5081.8,95.0,16,0
1783014428.915,321.733,300.1,79.14,100,64,89,3258.0,3138.1,299.9,79.15,100,64,85,3912.9,4067.8,295.2,79.15,100,55,89,3573.6,4381.0,279.5,79.14,100,58,86,3953.7,4154.2,96.0,16,0
1783014429.362,322.179,300.0,79.14,100,63,89,3693.2,3076.6,300.2,79.15,100,63,85,3461.4,4081.3,295.5,79.15,100,56,89,3916.9,4496.6,279.7,79.14,100,58,86,3962.7,4707.5,96.0,16,0
1783014429.804,322.622,300.0,79.14,100,64,89,3541.3,2928.9,300.1,79.15,100,63,85,3866.9,4398.6,295.5,79.15,100,54,89,3624.8,4598.3,279.4,79.14,100,57,86,3898.4,4315.6,96.0,16,0
1783014430.246,323.064,300.0,79.14,100,64,89,0.7,0.5,300.0,79.15,100,64,85,14637.0,14390.3,288.6,79.15,54,30,89,20697.7,13786.2,259.9,79.14,0,0,83,20760.6,13777.1,,,
1783014431.664,324.482,302.3,79.14,100,51,90,2.4,4.7,302.3,79.15,100,57,86,503.6,17134.6,292.8,79.15,100,40,90,20752.4,9.6,283.9,79.14,100,46,87,5.2,11.8,,,
1783014433.093,325.911,296.0,79.14,100,46,89,612.7,16535.2,290.2,79.15,100,42,86,20703.8,4.8,280.7,79.15,100,35,89,3.5,4.6,267.1,79.14,100,33,86,20775.5,17199.2,96.0,16,0
1783014433.536,326.354,299.1,79.14,100,45,90,15096.0,14587.9,287.5,79.15,100,45,86,7687.5,4.6,279.2,79.15,100,39,90,2.3,743.7,267.7,79.14,100,49,87,18774.8,17190.5,96.0,16,0
1783014433.979,326.797,298.7,79.14,100,46,89,10315.7,14673.7,288.7,79.15,100,48,86,12074.8,13.1,284.9,79.15,100,49,90,1.9,11.5,273.3,79.14,100,41,86,19717.4,17197.6,96.0,16,0
1783014434.421,327.239,302.0,79.14,100,54,90,1.9,17112.7,293.4,79.15,100,58,86,20705.6,5.4,287.1,79.15,100,39,89,9.2,4.5,277.1,79.14,100,48,87,15923.8,14114.1,96.0,16,0
1783014434.865,327.683,300.6,79.14,100,48,90,2.3,14097.7,295.1,79.15,100,49,85,18311.9,4098.9,289.4,79.15,100,48,90,1.9,7.5,277.8,79.14,100,43,86,9826.2,14673.1,96.0,16,0
1783014435.311,328.129,299.3,79.14,100,49,90,2.8,12478.6,296.8,79.15,100,53,86,17279.5,6718.2,286.7,79.15,100,40,90,4.2,4.9,278.6,79.14,100,52,87,5485.7,14811.8,96.0,16,0
1783014435.754,328.572,300.8,79.14,100,49,90,5458.7,14601.7,294.0,79.15,100,47,87,11706.9,4.9,288.3,79.15,100,42,90,2.5,8867.1,276.3,79.14,100,40,86,17844.4,9549.5,96.0,16,0
1783014436.202,329.020,298.0,79.14,100,42,90,4.2,5.9,289.2,79.15,100,46,86,8282.2,16191.0,285.7,79.15,100,36,90,11872.7,5.7,273.5,79.14,100,37,86,2.5,17228.6,96.0,16,0
1783014436.644,329.462,298.3,79.14,98,33,89,20707.3,17109.7,286.0,79.15,98,18,88,3941.5,25220.4,285.7,79.15,100,36,90,15951.9,6935.8,273.5,79.14,100,37,86,8.6,7.5,96.0,16,0
1783014437.096,329.914,298.3,79.14,98,33,89,15448.0,8493.6,286.0,79.15,98,18,88,3.4,4.1,274.5,79.15,100,7,91,3.5,10268.0,262.7,79.14,100,10,89,15382.5,10264.0,96.0,16,0
1783014437.538,330.356,296.1,79.14,100,65,90,1.8,6685.9,286.2,79.15,100,47,85,15740.4,13712.9,279.5,79.15,100,42,90,2.7,4.6,271.5,79.14,100,47,87,1.9,15132.4,96.0,16,0
1783014437.980,330.798,297.1,79.14,100,56,90,5.1,4.5,291.1,79.15,100,48,85,2732.9,14917.9,289.6,79.15,100,47,90,20748.1,4.8,280.5,79.14,100,44,85,2.4,4.2,96.0,16,0
1783014438.423,331.241,297.6,79.14,100,45,90,3.1,7205.5,300.1,79.15,100,44,86,16707.3,10923.6,290.8,79.15,100,43,90,2.1,5.8,283.9,79.14,100,40,86,20782.5,17197.5,96.0,16,0
1783014438.869,331.687,298.0,79.14,100,45,90,8144.0,5.6,294.6,79.15,100,45,85,2.0,17117.5,283.3,79.15,100,31,90,20745.8,11.1,276.0,79.14,100,33,86,2.2,14582.9,96.0,16,0
1783014439.314,332.132,297.0,79.14,100,43,90,4983.6,13499.8,288.1,79.15,100,44,86,18801.7,5.5,278.4,79.15,100,37,89,3.7,9393.2,267.7,79.14,100,41,87,16310.6,10263.3,96.0,16,0
1783014439.756,332.574,299.5,79.14,100,47,89,20710.7,17112.5,289.2,79.15,100,46,86,6.2,5.3,280.5,79.15,100,43,90,2.2,17223.4,271.8,79.14,100,39,86,20746.1,4.8,96.0,16,0
1783014440.201,333.019,301.6,79.14,100,48,90,16031.6,16530.7,290.2,79.15,100,43,86,1.9,4.7,286.4,79.15,100,39,90,3.5,17252.2,275.1,79.14,100,42,86,20748.4,5.2,96.0,16,0
1783014440.643,333.461,300.9,79.14,100,47,90,15843.0,12960.5,294.1,79.15,100,48,86,7153.0,5.0,286.4,79.15,100,39,90,6.0,6345.3,275.1,79.14,100,42,86,15509.1,12322.5,96.0,16,0
1783014441.089,333.906,300.9,79.14,100,47,90,2.6,17115.2,294.1,79.15,100,48,86,20707.7,5.0,286.6,79.15,100,47,90,2.7,4.4,276.8,79.14,100,40,86,20289.7,17192.3,96.0,16,0
1783014441.531,334.349,301.2,79.14,100,52,90,2.0,17114.4,296.8,79.15,100,58,86,20706.6,4.6,286.8,79.15,100,37,89,2.6,4.8,279.0,79.14,100,43,87,20782.8,14619.8,96.0,16,0
1783014441.974,334.792,299.1,79.14,100,48,90,7362.2,13627.8,293.8,79.15,100,47,85,17001.8,5.6,287.6,79.15,100,41,90,3.1,12846.6,275.8,79.14,100,40,86,15947.9,7163.8,96.0,16,0
1783014442.416,335.234,298.8,79.14,100,45,90,1532.1,5.7,291.9,79.15,100,45,86,2434.6,15080.0,285.1,79.15,100,37,90,20747.0,5.9,274.0,79.14,100,39,85,2.2,17224.6,96.0,16,0
1783014442.857,335.675,298.8,79.14,100,36,90,27881.2,15532.0,287.6,79.15,100,41,86,21629.4,13905.2,279.1,79.15,100,31,90,29044.0,17089.6,269.2,79.14,100,39,86,20753.4,16175.8,6.0,0,15
1783014443.311,336.129,289.5,79.14,100,53,90,3.4,3.8,281.2,79.15,100,63,86,20294.5,13811.3,269.8,79.15,100,45,90,2787.1,4.9,264.0,79.14,100,56,87,1.8,3.5,6.0,0,15
1783014443.754,336.572,293.8,79.14,100,60,90,15960.5,7.3,288.8,79.15,100,62,86,4.0,4.3,280.1,79.15,100,41,89,20786.1,16516.6,271.9,79.14,100,55,87,3.7,4.5,6.0,0,15
1783014444.197,337.015,301.6,79.14,100,64,90,20228.6,17107.8,297.7,79.15,100,48,86,3.5,4.7,296.1,79.15,100,42,90,1.9,17247.7,283.0,79.14,100,43,86,20097.0,500.9,6.0,0,15
1783014444.640,337.458,297.7,79.14,100,47,90,20704.9,5.9,296.9,79.15,100,45,86,2.1,4872.8,296.1,79.15,100,42,90,22737.3,9545.2,283.0,79.14,100,43,86,6.3,9.0,6.0,0,15
1783014445.570,338.388,298.8,79.14,100,46,90,1066.9,16192.5,291.4,79.15,100,44,86,20702.8,5.2,280.5,79.15,100,36,89,2.0,4507.5,270.3,79.14,99,38,86,18170.0,13603.4,6.0,0,15
1783014446.011,338.829,299.0,79.14,100,47,90,15231.2,14483.1,285.2,79.15,100,45,86,7731.2,5.7,280.9,79.15,100,38,90,5.0,10258.0,268.4,79.14,100,41,85,17824.2,8354.5,6.0,0,15
1783014446.453,339.271,299.1,79.14,100,45,89,18858.5,14193.9,291.1,79.15,100,48,86,4480.1,4.7,280.9,79.15,100,38,89,2.3,3654.1,276.5,79.14,100,51,87,17859.4,15038.7,6.0,0,15
1783014446.894,339.712,301.2,79.14,100,55,90,2.6,17115.7,293.6,79.15,100,48,85,20707.4,7.5,286.7,79.15,100,43,90,11.3,7.4,277.1,79.14,100,43,86,20789.8,17208.1,6.0,0,15
1783014447.340,340.158,300.1,79.14,100,48,90,1.9,13082.9,294.9,79.15,100,48,86,17438.0,5801.4,289.5,79.15,100,41,90,2.0,4.7,277.9,79.14,100,49,87,7697.0,14759.2,6.0,0,15
1783014447.782,340.600,302.1,79.14,100,54,90,2.2,8447.0,296.9,79.15,100,48,86,18855.1,9682.2,286.8,79.15,100,39,90,1.9,4.8,277.2,79.14,100,42,86,2237.7,15403.8,6.0,0,15
1783014448.227,341.045,299.3,79.14,100,48,90,2.4,8232.5,295.0,79.15,100,48,86,17953.4,10598.0,288.9,79.15,100,47,90,2.9,5.3,276.8,79.14,100,39,87,13609.5,14463.4,6.0,0,15
1783014448.670,341.488,296.7,79.14,100,43,90,22110.5,11.6,294.0,79.15,100,45,86,6.0,4143.4,283.8,79.15,99,35,90,18090.8,11949.0,276.3,79.14,100,39,86,5.4,7.7,6.0,0,15
1783014449.121,341.939,296.7,79.14,100,43,90,6435.5,23273.3,289.0,79.15,100,47,86,6431.4,17105.7,283.8,79.15,99,35,90,20746.7,5739.7,276.3,79.14,100,39,86,20757.6,9986.9,9.0,0,14
1783014449.563,342.381,298.6,79.14,100,47,90,15687.4,6440.0,289.0,79.15,100,47,86,2.6,4.1,278.0,79.15,98,34,90,2.7,12789.5,266.7,79.14,98,7,87,15338.7,7534.2,9.0,0,14
1783014450.008,342.826,293.8,79.14,100,50,90,3.5,3.5,285.8,79.15,100,49,85,19810.6,17112.2,280.2,79.15,100,57,90,3.6,5.5,269.4,79.14,100,45,87,3.1,11765.9,9.0,0,14
1783014450.452,343.270,296.2,79.14,100,49,89,1.9,4.7,291.5,79.15,100,47,85,1.7,17174.0,287.4,79.15,100,48,90,20084.6,611.3,280.6,79.14,100,44,85,2.7,4.9,9.0,0,14
1783014450.893,343.711,301.2,79.14,100,47,89,929.4,5.5,301.6,79.15,100,51,86,504.4,16823.7,289.3,79.15,100,37,89,20754.6,5.8,284.4,79.14,100,45,87,2.1,14795.4,9.0,0,14
1783014451.338,344.156,297.6,79.14,100,45,90,18167.8,17108.9,293.9,79.15,100,45,85,2.1,5.7,285.0,79.15,100,36,90,14620.3,13560.0,276.2,79.14,100,34,86,7740.1,6.1,9.0,0,14
1783014451.781,344.599,296.5,79.14,100,43,90,4.9,8606.4,287.4,79.15,100,39,86,16480.0,11278.9,279.7,79.15,100,34,89,2.8,5.1,268.6,79.14,100,37,87,8241.9,13645.1,9.0,0,14
1783014452.227,345.045,299.7,79.14,100,47,90,1.7,17111.6,289.1,79.15,100,48,86,20704.6,4.9,279.9,79.15,100,40,90,2.9,4.8,270.8,79.14,100,46,87,20777.5,17207.8,9.0,0,14
1783014452.672,345.489,301.4,79.14,100,58,91,12644.2,13242.0,289.5,79.15,100,48,85,11934.1,6.9,285.8,79.15,100,38,90,10.0,11928.5,274.3,79.14,100,40,87,15854.6,7336.1,9.0,0,14
1783014453.120,345.938,301.4,79.14,100,58,91,5873.5,13136.8,294.9,79.15,100,51,86,18373.6,4.5,285.8,79.15,100,38,90,3.5,4.6,274.3,79.14,100,40,87,20788.7,15767.9,9.0,0,14
1783014453.561,346.379,301.3,79.14,100,47,89,1.9,11419.0,294.9,79.15,100,51,86,16052.0,8926.0,287.5,79.15,100,39,89,2.7,4.8,277.4,79.14,100,50,87,1088.9,16763.5,9.0,0,14
1783014454.001,346.819,303.2,79.14,100,57,90,2.5,5521.4,296.7,79.15,100,49,87,16375.8,14561.9,286.3,79.15,100,39,90,2.0,4.8,277.4,79.14,100,41,87,8.6,17304.8,9.0,0,14
1783014454.444,347.261,298.7,79.14,100,48,90,2.2,4.7,293.3,79.15,100,48,86,19515.8,17110.0,287.6,79.15,100,47,90,2.0,5.4,275.9,79.14,100,39,87,3587.5,14293.9,9.0,0,14
1783014454.887,347.704,298.8,79.14,100,46,90,16561.8,15232.1,294.6,79.15,100,45,86,2.1,8.3,285.2,79.15,100,37,90,20760.6,17204.6,274.8,79.14,100,40,86,3.0,5.8,9.0,0,14
1783014455.331,348.149,299.2,79.14,100,43,91,2.6,17117.5,289.0,79.15,100,45,86,20703.4,6.4,281.9,79.15,100,29,90,2.2,7979.6,268.9,79.14,100,36,86,28242.9,14299.8,12.0,1,14
1783014455.773,348.591,289.3,79.14,100,13,89,5.4,7.3,278.0,79.15,100,12,85,13936.0,14413.1,269.2,79.15,100,36,89,8446.7,4.2,260.9,79.14,100,48,87,4.1,4.0,12.0,1,14
1783014456.217,349.035,293.4,79.14,100,65,90,17962.8,2887.0,285.5,79.15,100,49,85,2.8,4.5,279.1,79.15,100,42,90,1087.7,16748.7,269.1,79.14,100,44,86,20757.0,4.6,12.0,1,14
1783014456.667,349.484,294.8,79.14,100,51,90,11530.9,14457.6,301.2,79.15,100,49,85,11220.4,10.3,296.4,79.15,100,54,90,8.6,14142.2,286.5,79.14,100,44,87,17678.9,2139.0,12.0,1,14
1783014457.121,349.939,294.8,79.14,100,51,90,20711.7,17107.7,300.9,79.15,100,54,86,4.9,5.6,296.4,79.15,100,54,90,7560.0,15152.2,286.5,79.14,100,44,87,14075.0,6.0,12.0,1,14
1783014457.566,350.384,298.6,79.14,100,47,90,2.7,8392.0,300.9,79.15,100,54,86,18128.6,8554.8,286.5,79.15,100,38,89,3.0,5.5,280.2,79.14,100,38,87,20771.4,17196.0,12.0,1,14
1783014458.009,350.826,299.3,79.14,100,43,90,6972.3,5.1,291.4,79.15,100,37,86,3.7,17111.7,280.0,79.15,100,35,89,20352.5,363.3,270.2,79.14,100,39,86,2.9,5.0,12.0,1,14
1783014458.451,351.268,297.0,79.14,100,46,90,2.1,4.6,283.9,79.15,100,45,85,16401.8,14557.7,280.7,79.15,100,38,90,5999.7,5.0,268.3,79.14,100,40,87,1.9,8130.2,12.0,1,14
1783014458.893,351.711,300.0,79.14,100,46,90,2.7,4.5,289.6,79.15,100,50,86,20235.7,17107.7,281.2,79.15,100,38,89,5.1,4.9,273.0,79.14,100,41,87,2.6,17277.1,12.0,1,14
1783014459.338,352.156,300.6,79.14,100,50,89,2.5,4.5,294.5,79.15,100,49,86,20722.3,16040.0,285.0,79.15,100,46,90,21.2,4.7,277.8,79.14,100,43,86,2.2,7552.3,12.0,1,14
1783014459.783,352.601,300.3,79.14,100,48,90,2.3,6.7,295.5,79.15,100,54,86,9614.3,14344.8,287.7,79.15,100,39,89,13014.1,4.6,278.0,79.14,100,50,87,3.9,9.0,12.0,1,14
1783014460.225,353.043,300.3,79.14,100,46,90,4.4,4.6,294.7,79.15,100,46,86,3743.5,14799.4,289.2,79.15,100,45,90,18087.8,4.6,277.0,79.14,100,41,86,1.9,4.4,12.0,1,14
1783014460.666,353.484,299.5,79.14,100,48,90,2.3,4.6,296.4,79.15,100,54,86,499.8,17130.9,286.5,79.15,100,39,89,20752.8,9.7,278.7,79.14,100,48,87,7.1,534.2,12.0,1,14
1783014461.119,353.936,299.5,79.14,100,48,90,4.7,17117.0,293.4,79.15,100,45,86,20708.2,6.4,286.5,79.15,100,39,89,4.3,10038.2,278.7,79.14,100,48,87,18026.6,7981.3,12.0,1,14
1783014461.562,354.380,299.2,79.14,100,46,89,2.8,5.6,293.4,79.15,100,45,86,7641.8,15018.4,281.9,79.15,100,33,90,13919.6,5.7,275.1,79.14,100,36,87,2.6,20717.0,14.0,1,13
1783014462.009,354.827,297.8,79.14,100,46,89,20710.8,17111.7,288.8,79.15,100,45,86,4.5,4.5,280.6,79.15,100,37,89,4.2,8767.3,267.5,79.14,98,37,87,15549.6,11456.4,14.0,1,13
1783014462.452,355.270,295.8,79.14,100,50,90,2.2,4.2,286.5,79.15,100,61,86,9869.6,12304.1,275.8,79.15,100,42,89,15141.0,4.7,270.3,79.14,100,58,87,2.6,4.3,14.0,1,13
1783014462.893,355.711,296.7,79.14,99,49,90,13885.9,4.3,292.5,79.15,100,60,86,3.4,6.9,284.3,79.15,100,40,89,18640.6,12726.2,278.3,79.14,100,52,87,6065.1,4.9,14.0,1,13
1783014463.337,356.154,301.7,79.14,100,59,90,17247.4,3769.2,298.9,79.15,100,57,87,2.8,4.5,294.9,79.15,100,38,89,7610.5,13428.9,281.1,79.14,100,41,87,16222.1,5.7,14.0,1,13
1783014463.781,356.599,297.0,79.14,100,45,91,3.4,5034.7,296.2,79.15,100,45,86,16969.6,14254.4,286.9,79.15,100,36,89,2.2,5.9,277.2,79.14,100,38,87,20767.4,17198.0,14.0,1,13
1783014464.228,357.046,296.5,79.14,100,45,90,15281.3,5.5,290.4,79.15,99,43,86,2.2,16537.0,278.7,79.15,100,34,89,17451.8,2395.6,268.9,79.14,100,36,86,3.0,4.7,14.0,1,13
1783014464.672,357.490,299.3,79.14,100,44,90,2.4,4.5,286.7,79.15,100,45,86,20712.7,17108.8,279.3,79.15,100,38,89,9.1,10.0,269.5,79.14,100,46,87,6.1,17269.7,14.0,1,13
1783014465.120,357.938,299.3,79.14,100,44,90,5.3,5935.8,291.3,79.15,100,47,86,15997.9,14085.0,279.3,79.15,100,38,89,4.7,6.0,269.5,79.14,100,46,87,4393.1,14101.5,14.0,1,13
1783014465.564,358.382,298.6,79.14,100,46,90,2.4,2632.0,291.3,79.15,100,47,86,16712.4,17106.7,282.7,79.15,100,49,90,1.9,4.6,274.7,79.14,100,40,86,1.8,17278.4,14.0,1,13
1783014466.008,358.825,301.7,79.14,100,56,90,2.3,4.5,294.5,79.15,100,54,86,18599.6,13116.1,285.7,79.15,100,39,89,5559.9,4.6,277.6,79.14,100,46,87,2.8,909.8,14.0,1,13
1783014466.451,359.269,300.4,79.14,100,47,90,2.8,4.4,294.7,79.15,100,47,86,8431.1,13284.6,288.9,79.15,100,47,90,15231.3,5.4,276.7,79.14,100,41,86,2.6,542.4,14.0,1,13
1783014466.894,359.712,299.1,79.14,100,47,90,2.7,4.8,296.7,79.15,100,52,86,6895.5,15151.4,284.8,79.15,100,39,90,10926.5,7.4,277.5,79.14,100,51,87,2.4,5778.3,14.0,1,13
1783014467.344,360.162,300.5,79.14,100,47,90,2.4,17116.9,293.7,79.15,100,45,87,20703.7,5.8,284.4,79.15,100,39,90,3.1,9278.8,275.2,79.14,100,39,86,16401.4,10285.6,14.0,1,13
1783014467.786,360.604,296.1,79.14,100,43,90,2.5,8.4,289.1,79.15,100,46,85,17196.7,13179.4,282.6,79.15,100,35,90,6781.8,8.0,272.5,79.14,99,34,87,1072.4,16744.0,17.0,2,13
1783014468.234,361.051,295.3,79.14,98,25,89,3.6,4.3,282.9,79.15,98,11,86,7905.7,14469.8,268.0,79.15,100,11,89,14498.1,4.6,259.7,79.14,100,32,86,2.6,4.1,17.0,2,13
1783014468.676,361.494,292.6,79.14,100,53,90,20704.8,3.9,285.9,79.15,100,52,86,6.1,7.9,278.2,79.15,100,54,90,2911.9,14826.8,269.0,79.14,100,43,87,19562.4,4.4,17.0,2,13
1783014469.121,361.938,292.6,79.14,100,53,90,12768.4,14211.1,298.9,79.15,100,62,86,10425.7,4.3,278.2,79.15,100,54,90,3.4,10.4,269.0,79.14,100,43,87,20803.6,15609.8,17.0,2,13
1783014469.564,362.382,294.4,79.14,100,51,90,1.8,17112.2,298.9,79.15,100,62,86,20705.0,4.7,285.5,79.15,100,43,89,2.7,4.8,287.9,79.14,100,56,87,17035.0,20219.3,17.0,2,13
1783014470.013,362.831,300.6,79.14,100,51,90,20704.9,5.8,296.4,79.15,100,46,86,4.7,15695.3,293.7,79.15,100,38,89,17451.4,2781.7,277.4,79.14,100,41,86,2.1,3844.7,17.0,2,13
1783014470.460,363.278,297.9,79.14,99,41,90,18233.7,16925.0,288.9,79.15,100,44,86,2.1,5.7,286.3,79.15,100,34,90,15259.1,14778.2,272.4,79.14,100,38,86,6967.9,5.3,17.0,2,13
1783014470.901,363.719,294.8,79.14,100,46,90,1.9,4.6,288.0,79.15,100,47,85,3.7,17136.6,277.8,79.15,99,39,90,19112.7,5.1,270.5,79.14,100,41,87,9.0,496.5,17.0,2,13
1783014471.359,364.177,298.0,79.14,100,53,90,2.6,4.4,287.8,79.15,100,46,85,19131.0,14411.2,280.9,79.15,100,37,89,3496.7,5.0,270.8,79.14,100,40,85,2.4,10908.1,17.0,2,13
1783014471.803,364.621,302.4,79.14,100,48,90,5.0,4.6,294.5,79.15,100,56,86,17190.9,14572.7,283.8,79.15,100,40,89,4701.6,4.6,276.7,79.14,100,48,87,2.3,1754.1,17.0,2,13
1783014472.247,365.065,301.3,79.14,100,58,90,3.7,5.3,295.3,79.15,100,48,85,505.2,17109.1,287.2,79.15,100,39,90,20747.9,4.5,277.1,79.14,100,41,86,2.7,4.6,17.0,2,13
1783014472.688,365.506,299.8,79.14,100,48,90,2.2,7.9,295.6,79.15,100,46,86,8.3,17138.6,289.6,79.15,100,41,90,20755.7,7.9,279.8,79.14,100,43,87,4.5,4.7,17.0,2,13
1783014473.134,365.952,300.8,79.14,100,53,90,3.6,4.6,297.1,79.15,100,49,86,1.9,13548.6,289.6,79.15,100,41,90,17289.5,5022.2,279.8,79.14,100,43,87,3.7,4.8,17.0,2,13
1783014473.576,366.394,300.8,79.14,100,53,90,2.0,4.9,297.1,79.15,100,49,86,4555.4,14863.2,286.9,79.15,100,38,89,17380.6,5.8,278.6,79.14,100,41,87,3.8,17241.0,17.0,2,13
1783014474.020,366.838,298.8,79.14,100,46,90,18594.7,11965.6,293.4,79.15,100,46,86,3.7,5.8,284.2,79.15,100,38,89,20759.7,16171.0,274.2,79.14,99,36,87,20.0,5.7,17.0,2,13
1783014474.462,367.280,297.7,79.14,100,44,90,20131.2,16219.0,291.7,79.15,100,43,86,20703.8,4.4,280.3,79.15,100,37,89,2.9,4.5,272.2,79.14,100,40,87,16584.7,13140.9,20.0,2,12
1783014474.905,367.723,295.5,79.14,100,62,91,2.6,4.1,282.3,79.15,99,56,87,521.8,17117.6,278.2,79.15,100,42,89,20758.0,4.4,268.0,79.14,100,48,87,2.7,4.5,20.0,2,12
1783014475.350,368.168,297.9,79.14,100,64,90,20711.1,4.3,290.4,79.15,100,49,86,1.9,4.5,285.5,79.15,100,41,89,12420.3,12617.7,276.4,79.14,100,44,87,12188.8,4.6,20.0,2,12
1783014475.792,368.610,300.3,79.14,100,53,90,20713.1,17106.6,302.5,79.15,100,48,86,2.0,4.8,295.8,79.15,100,48,90,1.9,16702.7,285.6,79.14,100,40,88,17231.6,2870.3,20.0,2,12
1783014476.234,369.052,297.0,79.14,100,45,90,20708.7,5.4,298.8,79.15,100,44,86,4.8,8641.2,286.6,79.15,100,36,90,16358.4,10745.9,278.9,79.14,100,36,87,2.2,5.5,20.0,2,12
1783014476.676,369.494,298.0,79.14,100,43,90,13517.0,13319.8,290.8,79.15,100,42,86,10727.1,10.8,280.2,79.15,100,35,89,1070.3,16729.0,269.5,79.14,100,36,87,13355.2,5.7,20.0,2,12
1783014477.125,369.943,298.0,79.14,100,43,90,5.0,5.2,285.1,79.15,100,45,86,6315.6,13713.6,280.2,79.15,100,35,89,17338.1,4.9,269.5,79.14,100,36,87,2.0,5.6,20.0,2,12
1783014477.570,370.388,298.0,79.14,100,47,90,3.1,5.1,285.1,79.15,100,45,86,20713.1,17107.1,280.2,79.15,100,37,89,2.0,4.6,268.6,79.14,100,41,87,2.7,8652.1,20.0,2,12
1783014478.014,370.832,299.3,79.14,100,45,90,1.8,4.7,291.4,79.15,100,46,86,20721.8,16289.5,280.8,79.15,100,38,90,2.5,4.6,274.6,79.14,100,52,87,1.9,7829.4,20.0,2,12
1783014478.458,371.276,301.0,79.14,100,48,90,3.7,4.6,294.9,79.15,100,48,86,7692.6,13561.9,287.5,79.15,100,47,90,15939.0,4.8,277.8,79.14,100,41,86,2.4,501.7,20.0,2,12
1783014478.902,371.720,300.4,79.14,100,47,90,2.0,5.0,296.1,79.15,100,55,86,2803.9,15398.1,286.9,79.15,100,38,89,16741.7,4.8,280.2,79.14,100,50,87,1.9,4.1,20.0,2,12
1783014479.350,372.167,300.2,79.14,100,54,90,2.5,4.7,294.4,79.15,100,45,85,999.3,14773.0,285.5,79.15,100,39,90,18407.9,4.9,276.5,79.14,100,41,87,2.7,5.4,20.0,2,12
1783014479.795,372.613,299.4,79.14,100,47,89,5.2,133.5,294.8,79.15,100,51,86,19259.0,17105.5,285.9,79.15,100,38,89,2.5,5.4,275.1,79.14,100,41,87,7757.4,13514.2,20.0,2,12
1783014480.238,373.056,298.5,79.14,100,43,90,20705.8,6.5,294.3,79.15,100,42,86,3.1,9219.5,280.0,79.15,100,35,88,16422.3,10267.1,272.9,79.14,100,37,87,3.6,5.4,20.0,2,12
1783014480.681,373.499,297.9,79.14,100,43,90,20627.8,16259.2,284.9,79.15,98,40,86,20704.1,17108.9,275.4,79.15,98,18,90,19394.5,9.1,258.5,79.14,100,12,86,6.5,4.5,23.0,3,12
1783014481.129,373.946,297.9,79.14,100,43,90,20708.0,9.8,283.1,79.15,100,62,86,1.9,4.1,275.4,79.15,98,18,90,8102.4,14105.6,258.5,79.14,100,12,86,14950.3,4.5,23.0,3,12
1783014481.577,374.395,293.3,79.14,100,64,90,8618.1,14513.5,283.1,79.15,100,62,86,14228.4,4.6,276.8,79.15,100,43,89,2.3,4.1,269.8,79.14,100,62,87,20814.2,17202.5,23.0,3,12
1783014482.023,374.841,294.9,79.14,100,60,90,2.3,7250.7,290.9,79.15,100,50,86,19307.5,9935.2,285.3,79.15,100,43,89,2.0,4.7,285.4,79.14,100,46,87,3097.6,15078.6,23.0,3,12
1783014482.466,375.284,298.9,79.14,100,48,90,20706.4,17110.4,300.4,79.15,100,45,85,4.1,5.7,292.6,79.15,100,41,90,2397.8,15294.7,283.3,79.14,100,40,85,19686.6,6.1,23.0,3,12
1783014482.908,375.726,296.3,79.14,100,45,90,2.1,6880.7,294.4,79.15,100,45,86,18006.9,11573.3,283.7,79.15,100,31,90,5.6,5.3,275.9,79.14,100,37,86,20276.8,17196.7,23.0,3,12
1783014483.352,376.170,297.2,79.14,100,44,91,17486.1,4027.3,288.8,79.15,100,45,86,3.1,4.7,275.2,79.15,100,38,89,20272.0,17195.8,268.6,79.14,100,41,87,8.1,4.7,23.0,3,12
1783014483.796,376.614,297.8,79.14,100,48,89,9182.1,6.9,289.8,79.15,100,46,86,2.1,17131.3,278.2,79.15,100,42,90,20746.7,5.3,271.2,79.14,100,40,87,3.4,5.2,23.0,3,12
1783014484.242,377.060,300.8,79.14,100,45,90,3.5,4.6,290.2,79.15,100,45,85,8956.8,14698.5,286.0,79.15,100,42,90,13340.3,4.5,273.9,79.14,100,42,86,2.4,4.0,23.0,3,12
1783014484.684,377.502,301.4,79.14,100,47,89,2.8,7.2,295.6,79.15,100,52,86,6873.2,14884.7,284.3,79.15,100,39,89,15073.9,8.0,276.8,79.14,100,45,87,7.3,2190.2,23.0,3,12
1783014485.129,377.947,301.4,79.14,100,47,89,5.4,4.9,295.2,79.15,100,47,85,15299.7,14703.8,284.3,79.15,100,39,89,6963.4,5.0,276.8,79.14,100,45,87,1.9,15059.4,23.0,3,12
1783014485.576,378.394,300.8,79.14,100,55,90,2.9,9434.8,295.2,79.15,100,47,85,17784.5,9339.0,285.5,79.15,100,39,90,2.6,4.9,276.2,79.14,100,40,88,12676.4,22410.8,23.0,3,12
1783014486.023,378.841,299.9,79.14,100,46,90,17991.3,7776.5,291.6,79.15,100,48,86,5.9,5.2,284.3,79.15,100,38,89,20763.9,17192.8,272.3,79.14,100,42,87,2.9,5.9,23.0,3,12
1783014486.466,379.284,299.6,79.14,100,47,90,12764.7,14902.2,292.3,79.15,100,46,86,9975.4,6.4,279.6,79.15,100,35,89,4744.5,15111.6,270.1,79.14,100,36,86,17337.1,6.1,23.0,3,12
1783014486.907,379.725,291.9,79.14,100,28,90,20706.6,16926.5,281.3,79.15,100,34,86,20706.4,5.7,273.0,79.15,99,29,89,4.7,4.4,263.7,79.14,100,34,86,13571.0,12678.9,26.0,3,11
1783014487.351,380.169,286.2,79.14,100,52,89,3.7,3.9,276.6,79.15,100,51,86,1.7,17180.0,270.8,79.15,100,53,90,17391.7,2515.6,262.9,79.14,100,44,87,2.6,4.4,26.0,3,11
1783014487.795,380.613,290.9,79.14,100,50,89,16267.6,3346.5,290.7,79.15,100,48,86,2.7,4.4,283.3,79.15,100,52,90,1077.7,16770.3,277.1,79.14,100,42,85,20756.9,4.8,26.0,3,11
1783014488.240,381.058,301.7,79.14,100,49,90,9261.9,13258.7,301.7,79.15,100,49,86,15254.7,4.7,293.9,79.15,100,41,90,4.8,495.4,284.8,79.14,100,47,87,19702.9,17205.5,26.0,3,11
1783014488.682,381.499,299.6,79.14,100,45,90,16393.3,11113.3,294.5,79.15,100,45,85,5.6,10.9,287.3,79.15,100,33,89,20767.8,17197.1,277.1,79.14,100,39,86,6.8,6.0,26.0,3,11
1783014489.129,381.946,299.6,79.14,100,45,90,3.0,17112.3,288.6,79.15,100,45,85,20704.5,6.1,287.3,79.15,100,33,89,2.2,12745.8,277.1,79.14,100,39,86,20064.1,1199.4,26.0,3,11
1783014489.575,382.393,295.9,79.14,100,46,90,17918.3,5.5,288.6,79.15,100,45,85,2.9,11958.8,280.2,79.15,100,34,89,16354.0,7615.1,268.8,79.14,100,32,86,2.7,5.1,26.0,3,11
1783014490.017,382.835,297.2,79.14,100,44,89,4287.2,5.8,289.1,79.15,100,45,85,3.6,17128.0,277.3,79.15,100,37,90,20752.8,4.9,271.0,79.14,100,44,87,1.8,4.8,26.0,3,11
1783014490.460,383.277,302.2,79.14,100,45,90,3.2,4.5,289.8,79.15,100,44,86,1.7,17145.4,282.8,79.15,100,40,89,20747.8,5.0,272.2,79.14,100,42,86,2.0,4.6,26.0,3,11
1783014490.901,383.719,302.4,79.14,100,48,89,3299.2,4.6,295.7,79.15,100,50,86,2.1,17147.9,285.6,79.15,100,39,90,20755.6,5.3,277.2,79.14,100,46,87,1.9,4.8,26.0,3,11
1783014491.352,384.170,301.3,79.14,100,53,90,2010.6,5.5,295.9,79.15,100,47,86,1.9,13546.4,285.8,79.15,100,39,88,16012.3,6453.2,276.7,79.14,100,42,86,1.9,4.9,26.0,3,11
1783014491.794,384.612,298.4,79.14,100,45,91,5.1,4.8,293.3,79.15,100,45,86,1.9,12977.4,285.1,79.15,100,40,90,16019.0,6925.1,275.8,79.14,100,45,87,4.3,5.3,26.0,3,11
1783014492.235,385.053,298.4,79.14,100,51,90,3.6,5.3,292.4,79.15,100,46,85,20714.6,17105.4,284.2,79.15,100,37,89,2.7,5.6,275.3,79.14,100,40,87,4347.6,13997.1,26.0,3,11
1783014492.679,385.497,298.5,79.14,100,38,90,20704.2,7.6,289.0,79.15,100,43,87,5.8,17114.5,282.4,79.15,100,33,89,20704.6,9.2,269.7,79.14,100,34,86,2.2,10588.9,26.0,3,11
1783014493.128,385.946,298.5,79.14,100,38,90,20705.7,17105.5,279.8,79.15,98,11,86,20704.5,15896.2,282.4,79.15,100,33,89,5.3,4.7,269.7,79.14,100,34,86,1.8,6002.0,29.0,4,11
1783014493.575,386.393,290.0,79.14,98,25,89,6180.5,10.0,279.8,79.15,98,11,86,1.8,3.4,266.1,79.15,100,11,89,20795.0,16639.2,255.6,79.14,100,33,86,4.2,5.3,29.0,4,11
1783014494.023,386.841,288.1,79.14,100,51,89,20707.7,16469.2,282.5,79.15,100,51,86,8.9,4.3,276.0,79.15,100,60,90,2.9,534.7,266.6,79.14,100,45,85,19701.2,17207.0,29.0,4,11
1783014494.465,387.282,293.6,79.14,100,51,89,1.9,10498.1,292.1,79.15,100,50,86,17389.3,8553.8,287.9,79.15,100,48,90,1.9,4.7,284.5,79.14,100,46,87,2571.7,15496.1,29.0,4,11
1783014494.907,387.725,301.2,79.14,100,48,90,20709.4,16403.3,298.2,79.15,100,53,86,54.4,6.4,288.6,79.15,100,38,89,5542.8,14813.4,280.2,79.14,100,47,87,16808.6,5.9,29.0,4,11
1783014495.353,388.171,298.3,79.14,100,44,90,9.9,12266.2,290.9,79.15,99,40,86,17643.0,6689.1,282.9,79.15,100,34,89,4.3,1207.1,270.1,79.14,100,37,86,18597.0,16721.7,29.0,4,11
1783014495.795,388.613,295.6,79.14,100,43,90,17485.8,3030.5,286.7,79.15,100,45,85,2.1,4.8,279.3,79.15,100,39,89,20275.9,17195.6,269.4,79.14,100,41,86,4.4,5.4,29.0,4,11
1783014496.247,389.064,299.8,79.14,99,50,90,3257.0,5.3,288.0,79.15,100,52,86,2.3,17126.0,280.2,79.15,99,39,89,20751.2,4.6,273.0,79.14,100,42,87,3.3,5.3,29.0,4,11
1783014496.689,389.507,300.9,79.14,100,48,89,1.8,7.3,295.8,79.15,100,51,86,8951.2,17093.0,282.4,79.15,100,41,90,7263.2,7.3,277.7,79.14,100,47,87,4.1,1892.0,29.0,4,11
1783014497.140,389.958,300.0,79.14,100,55,90,3.5,4.5,293.6,79.15,100,47,86,10604.8,15035.7,282.4,79.15,100,41,90,11002.1,5.1,277.7,79.14,100,47,87,3.7,1866.3,29.0,4,11
1783014497.584,390.402,300.0,79.14,100,55,90,2.0,4.8,293.6,79.15,100,47,86,14121.9,15856.1,285.8,79.15,100,37,89,4800.3,4.8,276.7,79.14,100,40,85,2.4,12870.0,29.0,4,11
1783014498.032,390.850,299.9,79.14,100,47,90,2.6,4.0,294.2,79.15,100,45,86,20226.1,17106.6,285.2,79.15,100,37,90,2.9,5.0,275.6,79.14,100,45,87,2.1,17258.9,29.0,4,11
1783014498.475,391.293,298.4,79.14,100,51,90,9745.6,15037.4,293.3,79.15,100,44,85,12541.2,5.6,283.9,79.15,100,40,89,2.6,17221.9,275.3,79.14,100,40,87,20706.5,6.4,29.0,4,11
1783014498.917,391.735,300.5,79.14,100,46,90,2.2,8.2,289.7,79.15,100,48,86,20707.9,17106.1,284.4,79.15,100,35,89,2.2,6.0,271.1,79.14,100,37,87,19162.3,15975.4,29.0,4,11
1783014499.359,392.177,295.1,79.14,100,39,89,20707.1,8552.5,287.5,79.15,100,41,85,22041.4,15069.8,275.0,79.15,100,30,89,4965.6,4.4,267.8,79.14,100,33,86,1.9,499.1,32.0,4,10
1783014499.807,392.625,289.5,79.14,100,52,91,13862.3,4.1,283.5,79.15,100,51,86,1.9,4.3,272.4,79.15,100,50,90,10673.4,12992.2,266.9,79.14,100,45,87,13731.9,4.8,32.0,4,10
1783014500.252,393.070,295.6,79.14,100,50,90,4826.0,13119.5,291.1,79.15,100,47,86,19649.1,4.5,284.3,79.15,100,49,90,3.8,4.5,276.4,79.14,100,42,87,13589.5,12627.5,32.0,4,10
1783014500.695,393.513,301.4,79.14,100,50,90,1.9,10.0,301.5,79.15,100,58,86,20728.2,17112.5,293.9,79.15,100,40,90,8.7,8.9,285.5,79.14,100,47,87,3.5,17273.2,32.0,4,10
1783014501.177,393.995,298.7,79.14,100,45,90,20705.2,6.3,294.1,79.15,100,45,87,3.0,2869.2,289.1,79.15,99,34,89,16765.5,16478.3,277.3,79.14,100,39,86,5.2,6.0,32.0,4,10
1783014501.620,394.438,298.7,79.14,100,45,90,6863.2,13538.5,294.1,79.15,100,45,87,17265.8,6.1,289.1,79.15,99,34,89,2.2,17215.3,277.3,79.14,100,39,86,20747.8,10.9,32.0,4,10
1783014502.064,394.882,296.2,79.14,100,46,90,10790.6,5.4,287.8,79.15,100,46,86,2.9,17119.0,280.2,79.15,100,35,88,19068.3,1436.9,267.0,79.14,99,32,86,1.9,4.5,32.0,4,10
1783014502.506,395.324,297.2,79.14,100,45,91,2.6,5.4,288.7,79.15,100,45,86,498.5,17031.2,276.5,79.15,100,37,90,20745.4,4.6,271.0,79.14,100,50,87,4.3,4.6,32.0,4,10
1783014502.948,395.766,301.1,79.14,100,45,90,6.6,5.4,289.1,79.15,100,46,86,3513.9,14101.7,284.3,79.15,100,46,89,19689.9,6.6,272.0,79.14,100,41,87,2.7,4.1,32.0,4,10
1783014503.393,396.211,302.1,79.14,100,48,90,1.9,4.6,295.5,79.15,100,56,86,2.7,17133.9,285.0,79.15,100,39,89,20746.9,10.2,275.9,79.14,100,46,87,2.7,4.8,32.0,4,10
1783014503.836,396.654,300.3,79.14,100,51,90,2.0,4.9,294.7,79.15,100,47,86,3.6,17138.7,285.2,79.15,100,44,89,18078.7,2155.1,276.7,79.14,100,41,87,4.9,7.4,32.0,4,10
1783014504.285,397.102,298.9,79.14,100,45,90,1.9,4.7,292.6,79.15,100,51,86,502.1,17111.4,283.2,79.15,100,38,89,20748.0,4.9,277.0,79.14,100,48,87,2.7,4.4,32.0,4,10
1783014504.727,397.545,299.0,79.14,100,46,90,6.0,17117.4,292.4,79.15,100,45,86,20710.7,8.4,282.3,79.15,100,37,89,2.6,3995.7,275.1,79.14,100,40,86,16365.0,15766.5,32.0,4,10
1783014505.182,397.999,296.8,79.14,100,42,89,2.7,6.0,288.1,79.15,100,44,85,10158.3,14957.5,281.4,79.15,100,33,89,11385.6,6.0,271.7,79.14,100,31,86,2.5,17224.2,32.0,4,10
1783014505.625,398.443,296.8,79.14,100,42,89,17135.2,17097.3,279.8,79.15,98,11,85,17467.4,13420.8,281.4,79.15,100,33,89,2.8,7.7,271.7,79.14,100,31,86,331.7,17230.7,35.0,5,10
1783014506.077,398.894,292.7,79.14,98,18,90,1.8,4.0,279.8,79.15,98,11,85,1.6,17183.7,265.3,79.15,100,10,90,20674.2,5.0,258.8,79.14,100,41,86,1.8,4.1,35.0,5,10
1783014506.519,399.337,291.4,79.14,100,52,90,19450.2,1050.8,284.9,79.15,100,60,86,2.8,4.5,274.9,79.15,100,46,90,1395.2,16206.3,268.2,79.14,100,48,87,20360.3,4.6,35.0,5,10
1783014506.961,399.779,298.6,79.14,100,51,90,20708.3,16652.2,292.9,79.15,100,61,86,2.4,4.6,286.6,79.15,100,42,90,4.6,13588.8,288.1,79.14,100,57,87,17350.8,5274.5,35.0,5,10
1783014507.404,400.222,298.4,79.14,100,51,90,15954.6,5.3,294.9,79.15,100,45,85,2.9,13406.1,292.0,79.15,100,39,89,17674.3,4896.8,278.6,79.14,100,40,86,3.9,5586.8,35.0,5,10
1783014507.851,400.668,296.6,79.14,100,39,90,20710.9,17109.5,288.2,79.15,100,44,86,3.2,6.0,283.4,79.15,100,31,89,18091.8,14610.9,273.7,79.14,100,39,86,4131.9,5.6,35.0,5,10
1783014508.292,401.110,295.8,79.14,100,45,90,2.0,5.3,288.4,79.15,100,46,86,15870.4,14655.7,275.4,79.15,100,38,89,6518.9,4.8,270.2,79.14,100,43,87,1.9,5317.6,35.0,5,10
1783014508.734,401.552,298.1,79.14,100,47,90,6.3,7575.7,289.1,79.15,100,46,86,17545.9,6359.8,281.4,79.15,100,42,89,1.8,4.6,271.2,79.14,100,40,86,1844.9,15751.9,35.0,5,10
1783014509.188,402.006,303.2,79.14,100,53,90,2.3,17114.7,292.6,79.15,100,57,86,19616.4,908.2,284.8,79.15,100,40,90,2.6,4.5,275.1,79.14,100,44,87,9690.6,14021.3,35.0,5,10
1783014509.632,402.449,303.2,79.14,100,53,90,2.8,12415.9,295.5,79.15,100,48,85,17444.5,6625.6,284.8,79.15,100,40,90,2.5,7.5,275.1,79.14,100,44,87,13789.1,15501.2,35.0,5,10
1783014510.080,402.898,300.9,79.14,100,48,89,1.9,17111.2,295.5,79.15,100,48,85,20705.9,4.9,285.0,79.15,100,43,89,2.3,4.7,277.6,79.14,100,42,86,15337.6,14752.1,35.0,5,10
1783014510.522,403.340,300.0,79.14,100,46,90,2.9,17114.6,295.6,79.15,100,50,86,20706.2,6.7,286.2,79.15,100,38,90,2.7,4.8,279.4,79.14,100,45,87,20777.5,17214.1,35.0,5,10
1783014510.965,403.783,300.0,79.14,100,47,89,20710.7,17111.2,295.0,79.15,100,47,86,1.9,5.1,286.2,79.15,100,44,90,6841.4,14878.7,278.4,79.14,100,43,87,15363.9,5.8,35.0,5,10
1783014511.412,404.230,297.9,79.14,100,48,90,3.0,6851.7,293.0,79.15,100,46,86,18193.3,11404.5,285.1,79.15,100,32,89,3.4,6.8,275.0,79.14,100,38,86,20769.5,17193.9,35.0,5,10
1783014511.853,404.671,297.0,79.14,100,43,90,20706.9,7079.7,288.8,79.15,100,45,86,20655.8,13358.7,278.4,79.15,100,37,88,14356.5,7.2,268.8,79.14,99,37,87,7.8,4.4,38.0,5,9
1783014512.296,405.114,292.0,79.14,100,52,90,18181.1,2110.2,285.5,79.15,100,50,86,1.8,4.1,275.0,79.15,100,50,90,1.6,17291.7,268.2,79.14,100,44,87,17787.2,2320.1,38.0,5,9
1783014512.741,405.559,295.5,79.14,100,50,90,5.2,14923.3,291.5,79.15,100,47,86,15500.0,4934.4,285.8,79.15,100,51,90,2.9,4.5,279.0,79.14,100,43,87,1064.4,16808.1,38.0,5,9
1783014513.186,406.004,300.8,79.14,100,48,89,2.3,4.5,301.2,79.15,100,56,86,6718.7,13134.3,292.6,79.15,100,39,90,17333.4,4.8,284.9,79.14,100,47,87,1.9,496.1,38.0,5,9
1783014513.628,406.446,300.8,79.14,100,48,89,3.6,15168.2,294.0,79.15,100,45,87,16474.5,4570.6,292.6,79.15,100,39,90,3.3,10.9,284.9,79.14,100,47,87,19439.6,17197.3,38.0,5,9
1783014514.076,406.894,298.6,79.14,100,44,90,2.3,5.6,294.0,79.15,100,45,87,6861.5,13851.0,287.1,79.15,99,33,89,16339.4,6.1,276.6,79.14,100,39,86,2.2,17227.8,38.0,5,9
1783014514.518,407.335,295.6,79.14,100,45,90,7921.0,13579.5,287.3,79.15,100,45,86,15424.4,5.8,279.0,79.15,100,35,88,2.6,17165.0,265.5,79.14,99,32,86,18434.3,1149.7,38.0,5,9
1783014514.960,407.778,296.4,79.14,100,45,91,20709.8,17108.9,288.4,79.15,100,45,86,3.1,5.6,276.2,79.15,100,38,90,6845.0,13532.5,270.8,79.14,100,49,87,17320.6,4.8,38.0,5,9
1783014515.402,408.220,299.8,79.14,100,45,90,18002.0,2234.3,289.5,79.15,100,46,86,2.0,4.5,284.2,79.15,100,46,89,12455.5,13147.3,272.6,79.14,100,40,86,11755.8,5.8,38.0,5,9
1783014515.843,408.661,302.2,79.14,100,49,90,16026.2,12570.8,294.3,79.15,100,56,86,3.7,5.1,285.9,79.15,100,38,88,6231.4,13445.9,273.5,79.14,100,46,87,17749.3,7.8,38.0,5,9
1783014516.288,409.106,299.8,79.14,100,46,90,15736.4,14798.8,293.9,79.15,100,45,85,3.2,5.0,286.6,79.15,100,45,89,6635.0,13740.0,276.3,79.14,100,42,85,17137.0,4.8,38.0,5,9
1783014516.731,409.548,299.5,79.14,100,48,90,20707.8,11.6,291.8,79.15,100,48,86,10.5,20.9,284.1,79.15,100,38,90,19694.3,17196.9,275.6,79.14,100,45,87,2.1,4.9,38.0,5,9
1783014517.181,409.999,300.4,79.14,100,46,91,2.9,5.5,294.2,79.15,100,45,86,18448.1,13524.9,280.1,79.15,100,37,88,4795.6,5.8,274.1,79.14,100,38,87,1071.0,16744.2,38.0,5,9
1783014517.624,410.442,300.4,79.14,100,46,91,18712.4,1563.5,289.5,79.15,99,42,86,2.2,7784.4,280.1,79.15,100,37,88,25204.4,4327.5,274.1,79.14,100,38,87,9.0,5800.1,38.0,5,9
1783014518.074,410.892,297.3,79.14,100,43,90,20345.9,13677.0,289.5,79.15,99,42,86,20577.0,14717.5,278.8,79.15,100,33,88,6775.7,4.6,266.5,79.14,100,33,86,1.9,502.3,41.0,6,9
1783014518.518,411.335,287.5,79.14,100,11,91,1999.0,4.8,273.6,79.15,100,13,85,2.7,3.6,266.0,79.15,100,18,90,20786.7,15909.8,258.8,79.14,100,57,87,123.6,4.2,41.0,6,9
1783014518.961,411.779,290.7,79.14,100,65,90,20709.8,17109.5,282.8,79.15,100,66,86,3.0,4.4,275.8,79.15,100,43,88,3.5,2021.7,269.0,79.14,100,59,87,18184.2,16709.1,41.0,6,9
1783014519.404,412.222,294.9,79.14,100,64,90,1.8,17112.9,299.3,79.15,100,48,85,20705.8,5.1,296.9,79.15,100,41,88,2.7,4.7,285.1,79.14,100,44,87,16863.0,14507.4,41.0,6,9
1783014519.847,412.665,296.7,79.14,100,46,90,18108.8,16508.8,297.2,79.15,100,47,86,4.7,5.3,289.4,79.15,100,44,89,12633.1,14766.9,279.9,79.14,100,39,86,9887.8,12.9,41.0,6,9
1783014520.290,413.108,297.3,79.14,100,44,91,3.0,17112.4,293.5,79.15,100,43,86,19287.4,1152.7,279.6,79.15,100,34,88,2.2,5813.7,272.2,79.14,100,37,87,18090.3,12412.1,41.0,6,9
1783014520.732,413.549,298.7,79.14,100,46,90,20707.5,11.3,286.5,79.15,100,46,86,11.0,11994.6,277.4,79.15,100,38,89,17930.8,6209.7,266.5,79.14,100,41,87,2.0,4.8,41.0,6,9
1783014521.181,413.998,299.2,79.14,100,46,91,2.4,4.8,289.4,79.15,100,45,86,2.0,17122.2,282.5,79.15,100,40,89,20748.0,4.9,272.7,79.14,100,42,86,2.6,4.6,41.0,6,9
1783014521.623,414.441,299.2,79.14,100,46,91,3.1,4.7,292.0,79.15,100,50,86,2.5,17141.3,282.5,79.15,100,40,89,20368.0,407.0,272.7,79.14,100,42,86,10.9,8.5,41.0,6,9
1783014522.071,414.889,300.9,79.14,100,57,90,4.4,4.5,292.0,79.15,100,50,85,1.9,11439.2,286.1,79.15,100,40,89,17628.1,7137.3,276.1,79.14,100,42,85,1.8,4.6,41.0,6,9
1783014522.514,415.331,301.1,79.14,100,49,90,13808.4,5.3,296.2,79.15,100,48,86,1.8,743.0,288.6,79.15,100,42,89,18409.8,17196.6,278.1,79.14,100,45,87,3.6,4.7,41.0,6,9
1783014522.955,415.773,301.3,79.14,100,51,90,20348.2,7.1,298.4,79.15,100,48,86,4.5,4.2,286.8,79.15,100,39,88,20777.6,17204.1,278.2,79.14,100,41,87,2.0,4.7,41.0,6,9
1783014523.398,416.216,298.8,79.14,100,47,89,20251.0,5.3,294.8,79.15,100,47,86,2.9,4912.1,288.5,79.15,100,45,89,18114.2,13372.8,277.4,79.14,100,42,86,4.0,6.0,41.0,6,9
1783014523.842,416.660,298.2,79.14,100,49,90,2.5,17114.2,292.0,79.15,100,47,85,20600.1,6.3,285.6,79.15,100,35,89,2.2,9151.2,275.6,79.14,100,38,86,17984.1,9274.8,41.0,6,9
1783014524.286,417.104,297.6,79.14,100,45,90,11231.0,17350.9,288.7,79.15,100,46,85,6754.1,17104.4,280.5,79.15,100,37,89,20745.6,4617.9,270.8,79.14,100,40,86,20732.7,13564.4,43.0,6,8
1783014524.730,417.547,293.4,79.14,100,51,89,6.0,10.0,286.1,79.15,100,50,86,17218.3,12579.1,276.3,79.15,100,52,90,7293.6,4.3,269.3,79.14,100,44,86,2.6,4.1,43.0,6,8
1783014525.177,417.995,296.3,79.14,100,50,90,20707.4,4.4,292.1,79.15,100,47,86,2.8,4.6,284.5,79.15,100,51,90,13375.8,12990.9,276.6,79.14,100,42,87,11063.5,4.4,43.0,6,8
1783014525.617,418.435,296.3,79.14,100,50,90,20677.7,13633.0,292.1,79.15,100,47,86,3418.2,4.8,284.5,79.15,100,51,90,2.3,13318.2,276.6,79.14,100,42,87,15660.7,5737.3,43.0,6,8
1783014526.066,418.883,302.2,79.14,100,50,90,17608.4,9354.3,302.5,79.15,100,58,86,2.6,5.7,292.1,79.15,100,40,89,20765.9,17199.9,285.0,79.14,100,46,87,2.3,5.7,43.0,6,8
1783014526.510,419.328,297.5,79.14,100,45,90,3.0,17113.5,293.9,79.15,100,44,85,20704.9,6.8,287.7,79.15,100,34,89,3.1,5985.5,276.6,79.14,100,40,86,16351.1,13614.4,43.0,6,8
1783014526.952,419.769,295.8,79.14,100,45,91,9200.8,8.6,287.1,79.15,100,45,86,3.8,13037.4,278.7,79.15,100,35,88,16352.6,6615.0,269.3,79.14,100,32,87,2.9,5.5,43.0,6,8
1783014527.396,420.214,298.8,79.14,100,45,89,1.9,4.8,289.0,79.15,100,44,86,4929.6,13572.6,277.0,79.15,100,38,90,18528.3,5.1,270.6,79.14,100,48,87,2.0,3141.1,43.0,6,8
1783014527.840,420.658,299.8,79.14,100,44,90,9.0,5.1,289.2,79.15,100,46,86,20696.3,14277.3,284.2,79.15,100,48,89,1783.0,5.0,273.0,79.14,100,41,86,5.1,8383.0,43.0,6,8
1783014528.324,421.142,301.8,79.14,100,48,90,1.8,17115.5,295.2,79.15,100,57,86,20706.0,5.3,286.0,79.15,100,39,88,2.9,4.7,278.0,79.14,100,49,87,17001.3,12804.0,43.0,6,8
1783014528.766,421.584,302.0,79.14,100,54,90,7.0,7087.5,294.8,79.15,100,47,85,15871.0,11936.3,286.0,79.15,100,42,89,2.0,5.2,277.4,79.14,100,41,86,4869.8,13584.9,43.0,6,8
1783014529.212,422.030,299.1,79.14,100,47,89,1.8,5896.6,295.9,79.15,100,50,86,15977.6,14253.9,285.9,79.15,100,38,90,2.4,4.9,278.8,79.14,100,52,87,1070.9,16775.1,43.0,6,8
1783014529.653,422.471,300.0,79.14,100,54,90,2.9,12063.2,293.2,79.15,100,46,85,15988.3,8064.7,285.9,79.15,100,38,90,6.6,11.8,278.8,79.14,100,52,87,19708.8,17204.2,43.0,6,8
1783014530.100,422.918,300.0,79.14,100,54,90,18159.5,11.2,293.2,79.15,100,46,85,2.9,17112.9,284.6,79.15,100,37,89,18984.9,1438.7,276.0,79.14,100,40,86,2.2,6763.1,43.0,6,8
1783014530.545,423.363,298.1,79.14,100,40,90,21885.6,16213.8,288.5,79.15,100,44,85,20704.7,17101.8,284.8,79.15,100,34,89,20752.5,17183.6,272.1,79.14,100,36,86,20751.9,17192.6,46.0,7,8
1783014530.988,423.806,294.5,79.14,98,35,89,5.1,3.9,284.4,79.15,98,22,87,1.5,17159.6,269.6,79.15,100,10,89,20758.8,5.9,259.8,79.14,100,21,85,2.7,4.2,46.0,7,8
1783014531.432,424.250,290.7,79.14,100,51,90,17299.4,9465.6,285.1,79.15,100,50,85,1.9,4.4,278.5,79.15,100,60,89,1.9,17141.9,269.1,79.14,100,45,86,20751.8,4.6,46.0,7,8
1783014531.874,424.691,294.0,79.14,100,50,90,4.5,17117.6,296.4,79.15,100,50,86,20705.7,4.8,286.2,79.15,100,55,89,6.7,7.0,282.1,79.14,100,44,86,20230.5,14338.2,46.0,7,8
1783014532.317,425.135,300.3,79.14,100,47,90,14633.8,14704.1,299.7,79.15,100,51,86,8083.1,5.7,286.6,79.15,100,38,88,2.8,17225.6,281.1,79.14,100,48,87,20747.6,5.6,46.0,7,8
1783014532.759,425.577,299.0,79.14,100,44,89,6.7,3378.6,292.5,79.15,100,39,86,18301.7,14829.2,281.6,79.15,100,33,88,2.2,5.8,270.6,79.14,100,35,87,20772.9,16638.2,46.0,7,8
1783014533.203,426.021,296.1,79.14,99,44,90,20704.6,5.0,282.8,79.15,100,45,85,2.0,8.1,278.9,79.15,100,38,89,19693.9,17197.7,266.7,79.14,100,41,88,2.1,5.6,46.0,7,8
1783014533.645,426.462,299.5,79.14,100,48,90,3.3,4.8,286.2,79.15,100,52,86,2.0,17125.9,278.9,79.15,100,38,89,20752.5,11.4,266.7,79.14,100,41,88,6.7,5736.6,46.0,7,8
1783014534.097,426.915,299.5,79.14,100,48,90,2.7,5.0,286.2,79.15,100,52,86,20719.1,17109.7,279.7,79.15,100,38,90,8.7,4.7,273.0,79.14,100,42,87,2.0,16987.8,46.0,7,8
1783014534.542,427.360,300.2,79.14,100,48,90,2.6,4.6,294.3,79.15,100,50,86,16613.2,14193.0,283.5,79.15,100,42,89,6420.6,10.2,277.6,79.14,100,45,87,2.2,6905.8,46.0,7,8
1783014534.985,427.803,301.5,79.14,100,57,90,6.7,4.4,294.9,79.15,100,49,86,7314.3,14466.6,286.0,79.15,100,37,88,14784.8,4.9,277.0,79.14,100,41,86,2.3,1957.4,46.0,7,8
1783014535.429,428.246,299.9,79.14,100,47,89,1.9,4.6,294.6,79.15,100,45,86,14215.2,14310.4,288.0,79.15,100,41,89,8028.0,4.9,276.5,79.14,100,40,86,3.6,7064.3,46.0,7,8
1783014535.874,428.692,300.8,79.14,100,51,90,3.7,4.4,295.0,79.15,100,46,86,20223.3,17107.7,284.7,79.15,100,38,88,9.8,8.1,276.6,79.14,100,41,86,20489.3,14421.3,46.0,7,8
1783014536.326,429.144,299.6,79.14,100,46,90,20705.4,5.5,292.5,79.15,100,47,86,2.1,9831.3,282.3,79.15,100,37,89,17602.8,8482.0,272.4,79.14,100,34,87,4.3,247.6,46.0,7,8
1783014536.770,429.588,297.7,79.14,100,40,90,20828.2,17119.5,289.0,79.15,100,42,86,11213.3,16907.1,279.3,79.15,100,36,89,7591.0,17202.7,270.5,79.14,100,39,87,20742.6,3850.6,49.0,7,7
1783014537.215,430.033,292.3,79.14,100,59,90,19649.2,3.8,278.9,79.15,100,50,85,2.7,3.9,276.7,79.15,100,47,89,2058.8,15534.0,265.9,79.14,100,45,85,20755.1,4.4,49.0,7,7
1783014537.657,430.475,294.9,79.14,100,56,90,2.8,9823.4,290.3,79.15,100,48,86,15583.1,10673.5,276.7,79.15,100,47,89,7.5,7.6,265.9,79.14,100,45,85,1090.7,16768.5,49.0,7,7
1783014538.103,430.921,294.9,79.14,100,56,90,2.7,4.8,290.3,79.15,100,48,86,520.2,17105.5,284.3,79.15,100,47,89,20753.5,4.9,275.6,79.14,100,43,85,7.8,4.1,49.0,7,7
1783014538.548,431.366,302.5,79.14,100,49,89,2.1,5.7,302.2,79.15,100,48,85,18461.5,13261.9,293.1,79.15,100,47,89,5281.8,6.2,285.7,79.14,100,39,86,1083.2,16737.3,49.0,7,7
1783014538.993,431.811,299.2,79.14,100,45,90,19766.2,841.9,296.8,79.15,100,43,86,3.0,2408.7,285.6,79.15,100,36,89,16835.1,16711.0,277.0,79.14,100,39,86,2.1,5.7,49.0,7,7
1783014539.436,432.254,297.3,79.14,100,43,90,2.9,17116.6,287.4,79.15,100,45,85,20704.0,5.6,281.6,79.15,100,33,89,2.8,4.9,268.7,79.14,100,36,85,20774.8,17194.1,49.0,7,7
1783014539.878,432.696,296.6,79.14,100,47,90,13863.6,13487.5,285.8,79.15,100,45,86,10312.9,5.1,278.7,79.15,100,37,89,9.1,6552.5,270.3,79.14,100,42,86,17707.3,10030.9,49.0,7,7
1783014540.322,433.140,301.0,79.14,100,45,90,16410.9,14432.7,290.6,79.15,100,46,86,1.9,4.8,279.6,79.15,100,39,90,2.2,17227.6,273.8,79.14,100,45,87,20747.7,4.8,49.0,7,7
1783014540.764,433.582,301.0,79.14,100,47,90,20713.9,17110.2,293.6,79.15,100,47,86,6.4,4.5,283.2,79.15,100,47,89,2.0,16705.9,276.5,79.14,100,40,86,17731.6,2651.1,49.0,7,7
1783014541.212,434.030,300.9,79.14,100,52,90,19930.2,12871.1,294.0,79.15,100,55,86,5056.3,4.7,285.4,79.15,100,39,89,2.4,3536.6,278.2,79.14,100,47,87,16108.3,16485.6,49.0,7,7
1783014541.653,434.471,298.9,79.14,100,45,89,20708.9,16201.5,292.6,79.15,100,46,85,186.9,7.9,285.4,79.15,100,39,89,6.1,14713.4,278.2,79.14,100,47,87,15808.0,5406.3,49.0,7,7
1783014542.100,434.918,298.9,79.14,100,45,89,19946.3,17113.2,292.6,79.15,100,46,85,2.0,5.4,285.2,79.15,100,42,89,3204.3,14574.7,275.3,79.14,100,42,86,19970.7,5.5,49.0,7,7
1783014542.545,435.362,299.9,79.14,100,52,90,3.0,5.7,293.1,79.15,100,52,86,20708.2,17105.1,283.8,79.15,100,38,88,2.2,6.5,272.8,79.14,100,40,86,11598.5,13329.1,49.0,7,7
1783014542.988,435.806,299.9,79.14,100,39,90,20708.6,5.9,289.4,79.15,100,41,86,3.1,16201.9,281.7,79.15,100,36,89,20820.6,17192.4,269.7,79.14,100,37,87,20743.3,17199.9,52.0,8,7
1783014543.432,436.250,292.7,79.14,98,39,90,20710.2,17108.2,283.2,79.15,98,26,84,2.0,4.1,269.4,79.15,100,9,88,1.8,3.2,257.5,79.14,100,15,87,20310.8,17213.6,52.0,8,7
1783014543.874,436.692,289.4,79.14,100,51,90,4.5,4.3,282.8,79.15,100,50,86,7562.2,14109.1,276.7,79.15,100,56,89,15273.0,7.0,267.4,79.14,100,44,86,2.7,4.1,52.0,8,7
1783014544.317,437.135,292.7,79.14,100,50,89,10614.2,4.6,294.2,79.15,100,49,86,1.9,847.8,285.7,79.15,100,53,89,18247.9,17193.4,287.9,79.14,100,44,85,2.8,4.8,52.0,8,7
1783014544.761,437.578,300.8,79.14,100,46,90,12975.3,6.0,300.0,79.15,100,51,86,7.8,17127.8,287.2,79.15,100,38,88,20747.3,6.2,281.7,79.14,100,47,87,2.7,5531.5,52.0,8,7
1783014545.206,438.024,298.9,79.14,100,45,89,20708.4,17111.6,293.2,79.15,100,40,86,2.8,5.7,280.5,79.15,100,34,88,15082.1,14896.7,271.1,79.14,100,34,86,6923.9,5.9,52.0,8,7
1783014545.648,438.465,296.0,79.14,99,44,90,2.5,6177.6,282.7,79.15,100,45,85,18063.2,12450.8,280.5,79.15,100,34,88,8.0,10.8,271.1,79.14,100,34,86,20779.9,17010.2,52.0,8,7
1783014546.099,438.917,296.0,79.14,99,44,90,18528.7,14755.2,282.7,79.15,100,45,85,3985.7,4.8,278.7,79.15,100,38,89,4.0,10699.8,267.7,79.14,100,40,87,17412.8,7880.1,52.0,8,7
1783014546.543,439.361,299.3,79.14,100,47,90,17848.6,16816.3,286.7,79.15,100,53,86,3.9,4.7,279.4,79.15,100,38,89,491.9,17224.6,272.8,79.14,100,44,87,20750.7,4.7,52.0,8,7
1783014546.986,439.803,300.0,79.14,100,47,90,20713.4,17111.6,294.0,79.15,100,49,86,2.0,4.5,283.2,79.15,100,46,89,3.5,10135.6,277.4,79.14,100,41,86,17399.1,8608.3,52.0,8,7
1783014547.427,440.245,301.5,79.14,100,56,90,11438.4,14517.4,294.2,79.15,100,56,86,11338.5,4.5,286.3,79.15,100,39,89,1.9,489.3,276.9,79.14,100,42,87,19710.6,17197.2,52.0,8,7
1783014547.868,440.686,300.3,79.14,100,49,90,9515.4,14438.1,295.0,79.15,100,47,85,13809.7,4.6,287.9,79.15,100,41,89,2.7,6.7,276.7,79.14,100,41,86,19715.0,17204.1,52.0,8,7
1783014548.312,441.130,299.2,79.14,100,48,90,7507.4,14530.2,295.1,79.15,100,53,86,15061.1,10.2,285.4,79.15,100,38,90,2.8,5759.4,278.6,79.14,100,44,87,17836.6,12817.5,52.0,8,7
1783014548.754,441.572,299.5,79.14,100,46,91,12020.1,6.2,292.9,79.15,100,46,86,7.0,17112.4,282.4,79.15,100,38,88,20745.4,5.7,273.9,79.14,100,36,87,2.2,10779.6,52.0,8,7
1783014549.206,442.023,297.6,79.14,100,44,90,19911.2,17109.8,288.9,79.15,99,42,86,3.2,5.9,279.6,79.15,100,36,88,16851.7,20703.0,270.4,79.14,100,40,87,4626.0,17535.1,55.0,8,6
1783014549.649,442.467,292.8,79.14,100,63,90,2.1,4.0,280.3,79.15,100,54,86,9.8,2057.5,279.6,79.15,100,36,88,17901.2,16498.5,270.4,79.14,100,40,87,6.4,7.1,55.0,8,6
1783014550.094,442.912,292.8,79.14,100,63,90,192.8,16758.6,280.3,79.15,100,54,86,20708.8,10.6,273.8,79.15,100,38,88,3.8,4.5,264.4,79.14,100,52,87,15115.7,13232.7,55.0,8,6
1783014550.540,443.358,286.1,79.14,100,56,90,1.7,4.2,288.2,79.15,100,63,86,16258.5,12559.7,279.4,79.15,100,40,88,8468.1,4.9,273.5,79.14,100,54,87,4.2,4184.5,55.0,8,6
1783014550.983,443.801,294.1,79.14,100,62,90,7.3,4.4,300.1,79.15,100,49,86,6852.5,13148.8,290.2,79.15,100,40,88,17333.1,5.8,282.2,79.14,100,43,86,2.5,15199.3,55.0,8,6
1783014551.426,444.244,296.6,79.14,100,46,90,20709.7,17108.5,298.0,79.15,100,44,86,2.2,5.8,287.3,79.15,100,35,89,16986.5,13434.8,277.6,79.14,100,37,87,6953.4,5.8,55.0,8,6
1783014551.867,444.684,295.0,79.14,100,44,89,2.6,9226.2,290.9,79.15,100,43,86,16389.3,10676.8,279.1,79.15,100,36,89,2.9,10.2,270.8,79.14,100,36,87,19643.4,13479.6,55.0,8,6
1783014552.309,445.127,298.4,79.14,100,45,90,15614.1,13128.5,286.3,79.15,100,48,86,8973.8,4.8,278.2,79.15,100,38,89,2.6,6058.4,266.9,79.14,100,40,87,16180.6,13607.0,55.0,8,6
1783014552.752,445.570,298.7,79.14,100,44,90,20714.2,17115.5,288.8,79.15,100,45,86,4.5,5.1,281.7,79.15,100,38,89,1074.4,16520.5,273.5,79.14,100,47,87,20747.1,6.7,55.0,8,6
1783014553.205,446.023,301.3,79.14,100,55,90,15880.0,12028.1,292.0,79.15,100,46,85,2.5,4.8,285.5,79.15,100,39,89,492.2,17249.8,276.0,79.14,100,42,86,20761.1,4.7,55.0,8,6
1783014553.646,446.464,300.9,79.14,100,47,90,20709.8,17113.9,294.9,79.15,100,47,86,2.1,6.1,285.5,79.15,100,39,89,5.4,17250.5,276.0,79.14,100,42,86,20765.2,6.9,55.0,8,6
1783014554.100,446.918,300.9,79.14,100,47,90,16164.4,16693.7,294.9,79.15,100,47,86,2.0,5.0,286.6,79.15,100,45,89,895.5,16760.6,277.1,79.14,100,42,87,19693.1,4.7,55.0,8,6
1783014554.545,447.363,301.1,79.14,100,52,90,16193.5,13611.5,295.7,79.15,100,49,86,1.9,4.9,284.5,79.15,100,38,88,1067.1,16752.8,276.7,79.14,100,41,87,20760.3,5.3,55.0,8,6
1783014555.453,448.271,296.4,79.14,100,43,89,12136.1,5.6,292.4,79.15,100,42,86,2.2,17110.9,280.7,79.15,100,31,89,20745.6,6.5,274.6,79.14,100,37,87,4.5,7728.8,58.0,9,6
1783014555.896,448.714,298.0,79.14,100,45,89,20708.0,4.2,287.5,79.15,100,41,86,2.8,7.1,274.8,79.15,98,24,90,12987.4,14669.1,259.9,79.14,100,10,86,9715.3,4.1,58.0,9,6
1783014556.338,449.156,293.1,79.14,100,56,90,2.7,17114.8,284.3,79.15,100,65,86,18916.0,1445.5,274.3,79.15,100,43,90,2.3,4.6,268.9,79.14,100,62,87,2189.5,15479.8,58.0,9,6
1783014556.782,449.600,295.0,79.14,100,59,90,2.1,6.9,289.2,79.15,100,54,86,8164.1,14267.7,284.1,79.15,100,42,89,14495.4,4.9,282.9,79.14,100,50,87,2.0,533.0,58.0,9,6
1783014557.226,450.044,298.4,79.14,100,48,90,2.7,4.6,296.3,79.15,100,45,86,4181.0,14852.3,294.0,79.15,100,43,89,17693.9,5.6,278.2,79.14,100,40,86,2.1,13326.1,58.0,9,6
1783014557.669,450.487,297.4,79.14,100,45,90,20634.2,17109.9,292.0,79.15,100,46,85,3.9,10.9,294.0,79.15,100,43,89,20764.7,17193.5,273.7,79.14,100,36,85,4.7,6.5,58.0,9,6
1783014558.117,450.935,297.4,79.14,100,45,90,1366.5,15933.0,292.0,79.15,100,46,85,20580.7,5.2,285.9,79.15,100,31,89,2.1,5877.9,273.7,79.14,100,36,85,18666.4,9812.7,58.0,9,6
1783014558.562,451.379,297.3,79.14,100,43,90,18197.8,9311.0,287.8,79.15,100,45,86,1.9,4.8,276.5,79.15,100,37,89,3097.0,15297.9,269.5,79.14,100,41,87,19101.8,5.8,58.0,9,6
1783014559.007,451.825,297.6,79.14,100,48,90,20704.4,4.5,288.4,79.15,100,48,85,2.0,5.0,279.1,79.15,100,42,89,20773.4,17204.9,270.3,79.14,100,40,86,2.4,4.9,58.0,9,6
1783014559.449,452.267,302.7,79.14,100,50,90,20705.1,4.4,290.8,79.15,100,49,86,2.8,4.6,283.8,79.15,100,40,88,13782.4,14331.6,272.5,79.14,100,43,87,9023.2,4.7,58.0,9,6
1783014559.891,452.709,301.3,79.14,100,48,89,17213.6,8047.4,293.9,79.15,100,47,86,2.8,7.0,285.1,79.15,100,47,89,1084.2,16754.5,276.8,79.14,100,41,86,20757.5,4.7,58.0,9,6
1783014560.333,453.151,300.4,79.14,100,51,90,17716.6,14932.2,296.1,79.15,100,58,86,1.9,4.8,286.5,79.15,100,38,89,1069.0,16746.0,279.4,79.14,100,43,87,20748.0,4.7,58.0,9,6
1783014560.774,453.592,299.8,79.14,100,49,89,18417.1,7052.5,294.2,79.15,100,48,85,4.3,5.5,286.5,79.15,100,42,89,4308.3,14800.7,277.0,79.14,100,41,86,18238.2,5.0,58.0,9,6
1783014561.222,454.040,298.8,79.14,100,46,90,3632.8,5.7,290.9,79.15,100,46,86,2023.0,16456.7,284.4,79.15,100,38,89,17928.5,5.7,274.1,79.14,100,39,86,2.2,16751.4,58.0,9,6
1783014561.665,454.483,298.9,79.14,100,39,90,18917.7,12650.2,288.0,79.15,100,44,87,2.5,10.4,284.4,79.15,100,38,89,20765.7,17203.2,270.4,79.14,100,40,86,4.7,6.6,61.0,9,5
1783014562.114,454.932,298.9,79.14,100,39,90,1.8,3.7,288.0,79.15,100,44,87,8501.8,11471.6,279.2,79.15,100,34,89,17334.1,4.5,270.4,79.14,100,40,86,2.4,4.6,61.0,9,5
1783014562.557,455.375,285.3,79.14,100,25,90,15627.8,17108.3,281.5,79.15,100,46,86,1.8,4.4,272.5,79.15,100,52,89,1.9,6584.6,262.9,79.14,100,32,85,15484.1,13848.5,61.0,9,5
1783014563.001,455.819,276.1,79.14,100,52,89,3.5,10870.6,283.5,79.15,100,48,85,15803.7,9609.4,279.1,79.15,100,56,89,5.1,4.4,268.0,79.14,100,43,87,1.8,17093.8,61.0,9,5
1783014563.444,456.262,289.3,79.14,100,50,90,2.7,4.8,295.2,79.15,100,48,86,20718.3,14740.9,289.3,79.15,100,52,90,1244.4,4.7,280.4,79.14,100,42,86,3.9,7964.2,61.0,9,5
1783014563.887,456.705,299.9,79.14,100,51,90,13934.8,13473.2,296.3,79.15,100,53,86,10306.5,8.7,288.9,79.15,100,37,88,874.8,16727.6,278.2,79.14,100,39,86,20747.6,6.0,61.0,9,5
1783014564.330,457.148,298.2,79.14,100,38,90,8.3,4471.2,288.3,79.15,100,40,85,16713.8,15170.7,281.6,79.15,100,36,89,2.6,5.7,269.6,79.14,100,39,87,18198.4,13406.3,61.0,9,5
1783014564.775,457.593,296.6,79.14,100,46,90,16472.4,12190.7,286.3,79.15,100,45,86,10.0,4.6,279.3,79.15,100,41,89,498.6,17229.3,269.8,79.14,100,40,86,20745.9,4.8,61.0,9,5
1783014565.224,458.042,298.9,79.14,100,45,90,16033.1,3894.6,288.9,79.15,100,50,86,2.7,4.7,279.8,79.15,100,36,89,6855.2,13314.5,272.1,79.14,100,40,87,17359.4,5.1,61.0,9,5
1783014565.666,458.484,300.0,79.14,100,47,89,16046.6,7374.2,293.9,79.15,100,47,86,2.9,9.9,279.8,79.15,100,36,89,14839.4,12787.8,276.2,79.14,100,42,86,4415.0,5.6,61.0,9,5
1783014566.120,458.938,300.0,79.14,100,47,89,15637.3,6989.8,293.9,79.15,100,47,86,2.9,4.7,283.1,79.15,100,45,89,2528.6,15294.1,276.2,79.14,100,42,86,20747.7,4.7,61.0,9,5
1783014566.562,459.379,300.2,79.14,100,48,90,16106.6,14261.5,294.4,79.15,100,54,86,7.9,4.8,285.2,79.15,100,38,88,1069.0,16761.1,277.9,79.14,100,48,87,20756.1,5.6,61.0,9,5
1783014567.007,459.825,299.8,79.14,100,45,90,16066.7,14699.8,294.2,79.15,100,46,85,2.1,4.8,287.9,79.15,100,43,89,1076.5,16737.3,276.3,79.14,100,40,85,20753.5,5.0,61.0,9,5
1783014567.448,460.266,299.5,79.14,100,46,90,17953.3,5.2,294.5,79.15,100,53,86,2.1,10837.6,284.6,79.15,100,38,89,17069.3,7629.2,276.2,79.14,100,46,87,3.8,493.3,61.0,9,5
1783014567.894,460.712,300.4,79.14,100,44,89,20709.5,15708.0,292.9,79.15,100,39,86,578.6,8.6,280.0,79.15,100,34,89,6800.1,13955.2,271.9,79.14,100,33,87,16801.9,5.7,61.0,9,5
1783014568.336,461.154,297.6,79.14,100,44,90,17599.4,12005.6,286.2,79.15,100,45,86,1.9,10.5,279.0,79.15,100,35,88,1660.9,15838.8,264.2,79.14,98,25,85,20235.5,4.5,64.0,10,5
1783014568.783,461.601,290.2,79.14,100,50,90,2.0,17111.2,278.6,79.15,100,49,85,20274.8,325.0,275.9,79.15,100,54,89,2.6,5.0,264.7,79.14,100,45,86,497.0,17300.0,64.0,10,5
1783014569.227,462.044,291.3,79.14,100,50,89,1.9,4.3,289.0,79.15,100,48,85,1763.7,15681.3,283.3,79.15,100,48,89,20181.0,4.3,274.7,79.14,100,44,85,2.7,4.4,64.0,10,5
1783014569.668,462.486,300.7,79.14,100,48,89,1.9,4.6,302.3,79.15,100,52,86,2.0,12102.8,283.3,79.15,100,48,89,25233.6,10.2,284.3,79.14,100,45,87,4.6,4.5,64.0,10,5
1783014570.121,462.939,300.7,79.14,100,48,89,2.4,17112.0,302.3,79.15,100,52,86,20706.4,7.2,288.5,79.15,100,38,89,3.2,11563.8,284.3,79.14,100,45,87,17838.0,6684.5,64.0,10,5
1783014570.564,463.382,298.1,79.14,100,46,89,2.7,6.0,294.7,79.15,100,46,86,20706.0,15996.1,283.8,79.15,100,37,89,28.8,11.2,276.7,79.14,100,33,86,6073.8,15091.8,64.0,10,5
1783014571.011,463.828,297.2,79.14,100,43,89,20710.9,17112.5,287.1,79.15,100,39,86,2.7,4.7,278.8,79.15,100,35,88,3.6,15219.3,265.9,79.14,100,39,87,17553.5,3590.0,64.0,10,5
1783014571.452,464.270,299.9,79.14,100,48,90,18018.8,13026.2,289.2,79.15,100,56,86,1.8,4.5,277.7,79.15,100,40,88,1.8,17222.4,270.0,79.14,100,45,87,20750.3,4.7,64.0,10,5
1783014571.893,464.711,299.9,79.14,100,50,90,17678.0,16784.3,290.6,79.15,100,49,85,4.4,7.9,284.6,79.15,100,41,89,4.5,17244.0,274.7,79.14,100,41,85,19821.4,757.3,64.0,10,5
1783014572.336,465.153,301.4,79.14,100,48,90,18804.1,14686.9,295.4,79.15,100,57,86,3855.6,4.6,286.0,79.15,100,40,88,2.3,5461.5,278.2,79.14,100,51,87,17744.6,10978.3,64.0,10,5
1783014572.780,465.598,302.4,79.14,100,56,90,9361.5,14848.7,295.0,79.15,100,49,86,13428.9,4.5,288.0,79.15,100,45,89,3.2,4.7,277.8,79.14,100,41,86,19713.4,17203.0,64.0,10,5
1783014573.222,466.040,298.8,79.14,100,49,90,1.8,17117.4,297.1,79.15,100,56,86,20706.8,4.7,286.7,79.15,100,40,89,4.3,4.7,280.0,79.14,100,47,87,20785.6,16241.9,64.0,10,5
1783014573.666,466.483,299.1,79.14,100,50,90,15938.5,14624.8,293.4,79.15,100,46,85,6942.3,8.3,286.7,79.15,100,40,89,9.2,13648.0,280.0,79.14,100,47,87,18345.8,3501.1,64.0,10,5
1783014574.109,466.927,299.1,79.14,100,50,90,3.9,6.0,293.4,79.15,100,46,85,20708.6,15801.3,284.7,79.15,100,39,89,84.7,5.8,276.2,79.14,100,40,86,4631.6,15225.3,64.0,10,5
1783014574.553,467.371,298.2,79.14,100,44,90,20670.3,9694.8,287.9,79.15,100,46,87,20704.8,17102.3,282.6,79.15,99,32,89,17887.2,2153.8,271.3,79.14,100,38,86,4.2,4.9,67.0,10,4
1783014574.997,467.815,293.4,79.14,100,9,90,9284.8,12426.7,283.2,79.15,100,10,87,15896.8,4.1,269.6,79.15,100,18,90,1.7,4.1,267.2,79.14,100,56,87,2714.0,15068.7,67.0,10,4
1783014575.442,468.260,282.6,79.14,100,51,89,2.3,4.4,286.0,79.15,100,62,86,2314.2,15267.4,276.0,79.15,100,43,89,20749.1,4.5,269.2,79.14,100,50,87,1.9,4.7,67.0,10,4
1783014575.885,468.702,283.9,79.14,100,51,90,12819.1,4.4,294.4,79.15,100,61,86,5.4,24.7,289.0,79.15,100,41,90,19705.5,17200.5,282.9,79.14,100,56,87,2.4,4.9,67.0,10,4
1783014576.328,469.145,298.0,79.14,100,51,90,2.1,5.6,294.7,79.15,100,45,85,10312.8,13619.6,291.9,79.15,100,38,89,13015.8,7.7,277.5,79.14,100,40,86,2.1,17243.4,67.0,10,4
1783014576.771,469.589,296.3,79.14,100,39,90,22405.1,3881.9,287.7,79.15,100,43,85,5.4,2544.6,284.9,79.15,100,30,89,16691.9,16736.1,269.0,79.14,100,38,85,3.4,6.8,67.0,10,4
1783014577.221,470.039,295.4,79.14,100,45,89,4.1,7993.5,287.3,79.15,100,44,86,16568.6,11941.8,276.3,79.15,100,38,89,4.8,5.3,269.0,79.14,100,40,86,20174.9,13173.6,67.0,10,4
1783014577.663,470.481,299.0,79.14,100,52,90,1.7,17112.8,287.9,79.15,100,45,85,20706.3,8.4,276.3,79.15,100,38,89,10.6,4872.2,269.0,79.14,100,40,86,16311.7,14813.9,67.0,10,4
1783014578.108,470.926,299.0,79.14,100,52,90,16567.9,13217.6,287.9,79.15,100,45,85,7863.5,4.7,280.0,79.15,100,38,89,3.6,5800.1,269.9,79.14,100,40,87,15691.0,14330.7,67.0,10,4
1783014578.549,471.367,302.7,79.14,100,47,90,9351.5,13286.6,293.9,79.15,100,54,86,15162.0,4.7,282.9,79.15,100,39,88,2.4,510.7,273.6,79.14,100,46,87,19700.9,17202.7,67.0,10,4
1783014578.993,471.811,301.0,79.14,100,50,90,1.7,17116.5,293.9,79.15,100,47,87,20707.9,5.0,285.0,79.15,100,43,89,2.4,484.7,276.7,79.14,100,40,86,19709.0,17213.0,67.0,10,4
1783014579.436,472.254,299.9,79.14,100,45,89,7009.5,13181.7,294.0,79.15,100,48,86,17120.0,4.7,285.0,79.15,100,37,88,2.0,1713.4,276.5,79.14,100,46,87,17623.2,17202.7,67.0,10,4
1783014579.879,472.697,300.2,79.14,100,45,90,20707.7,17111.2,293.5,79.15,100,46,85,2.1,8.1,284.5,79.15,100,41,89,9076.9,13548.8,275.0,79.14,100,41,85,14070.7,5.6,67.0,10,4
1783014580.321,473.139,298.6,79.14,100,45,90,4.2,5135.6,288.3,79.15,100,45,85,16832.1,14520.3,283.4,79.15,100,29,89,3.9,6.2,272.0,79.14,100,35,85,20764.6,17204.9,67.0,10,4
1783014580.762,473.580,294.8,79.14,100,41,90,20713.6,17108.8,286.0,79.15,100,44,86,20705.2,17102.7,272.8,79.15,100,34,88,20744.5,17195.9,265.5,79.14,98,34,86,20754.2,5.9,70.0,11,4
1783014581.209,474.027,288.9,79.14,100,56,90,3.4,17116.2,279.1,79.15,100,61,86,20706.6,4.1,268.2,79.15,100,42,88,1.8,4.2,263.1,79.14,100,59,87,1087.9,16782.5,70.0,11,4
1783014581.652,474.470,294.7,79.14,100,61,90,1.8,4.3,287.8,79.15,100,55,86,504.1,17132.9,268.2,79.15,100,42,88,20756.9,11.0,263.1,79.14,100,59,87,11.0,7.3,70.0,11,4
1783014582.105,474.923,294.7,79.14,100,61,90,2.3,4.7,287.8,79.15,100,55,86,3.4,13194.3,282.3,79.15,100,41,90,17151.3,5542.0,273.7,79.14,100,46,87,2.4,4.9,70.0,11,4
1783014582.547,475.365,299.4,79.14,100,55,90,2.6,5.7,300.3,79.15,100,48,87,20713.5,17109.0,295.0,79.15,100,44,89,2.2,5.6,281.6,79.14,100,40,86,9285.5,15010.8,70.0,11,4
1783014582.992,475.810,298.9,79.14,100,43,90,17181.2,5.8,294.3,79.15,100,43,86,3.8,17116.6,286.2,79.15,100,37,89,20657.4,128.7,275.1,79.14,100,39,86,3.1,7305.0,70.0,11,4
1783014583.437,476.255,296.4,79.14,100,42,90,1353.4,15937.0,288.3,79.15,100,44,86,20398.3,5.4,276.9,79.15,99,31,89,2.1,7958.1,269.5,79.14,100,40,86,17841.9,8843.0,70.0,11,4
1783014583.880,476.698,295.1,79.14,100,46,90,20707.9,17111.6,286.8,79.15,100,48,85,3.9,5.9,279.9,79.15,100,46,89,1073.1,16419.2,270.7,79.14,100,41,85,20291.8,4.6,70.0,11,4
1783014584.328,477.146,301.3,79.14,100,57,90,17594.5,9192.3,291.8,79.15,100,59,86,2.8,4.7,283.4,79.15,100,40,88,1086.1,16737.1,272.7,79.14,100,40,87,20751.8,4.5,70.0,11,4
1783014584.769,477.587,301.7,79.14,100,49,89,20710.7,17107.7,294.9,79.15,100,47,86,2.1,4.9,286.9,79.15,100,47,89,2.0,15948.3,277.6,79.14,100,43,86,17084.5,3110.6,70.0,11,4
1783014585.214,478.032,300.1,79.14,100,50,90,10754.0,14242.2,296.9,79.15,100,59,86,12242.6,4.8,286.9,79.15,100,40,88,3.2,1906.9,280.1,79.14,100,51,87,18266.9,16542.0,70.0,11,4
1783014585.655,478.473,299.4,79.14,100,48,90,3316.7,14266.5,294.1,79.15,100,49,85,19438.4,7.8,286.9,79.15,100,40,88,6.0,285.5,280.1,79.14,100,51,87,19711.8,17202.3,70.0,11,4
1783014586.100,478.918,299.4,79.14,100,48,90,9639.0,14911.8,294.1,79.15,100,49,85,13153.9,5.1,288.8,79.15,100,49,89,2.4,9411.3,277.2,79.14,100,41,85,17600.0,9362.0,70.0,11,4
1783014586.541,479.359,298.8,79.14,100,47,90,9511.3,5.5,295.9,79.15,100,49,86,3.0,17111.4,285.9,79.15,100,38,89,20748.4,6.2,275.8,79.14,100,42,87,9.0,10225.6,70.0,11,4
1783014586.986,479.804,300.3,79.14,100,47,90,22084.8,15970.4,292.3,79.15,99,46,86,15273.7,17003.9,280.4,79.15,100,36,88,3547.3,17202.9,270.6,79.14,100,37,86,20746.6,7168.2,72.0,11,3
1783014587.430,480.247,295.2,79.14,98,8,91,13517.9,3.9,282.8,79.15,100,9,88,2.6,4.0,275.7,79.15,100,8,89,10107.6,13088.2,264.2,79.14,100,35,85,14451.5,4.3,72.0,11,3
1783014587.871,480.689,295.0,79.14,100,51,89,1.9,17113.4,288.4,79.15,100,52,86,18956.4,1356.4,281.0,79.15,100,53,90,2.9,8.3,273.9,79.14,100,43,86,7574.2,13053.6,72.0,11,3
1783014588.362,481.179,295.0,79.14,100,50,89,20707.3,15959.7,296.9,79.15,100,60,86,3.1,4.8,291.0,79.15,100,42,90,1.9,9906.3,284.5,79.14,100,55,87,16038.5,10152.9,72.0,11,3
1783014588.805,481.623,300.4,79.14,100,51,90,18373.2,17106.0,296.3,79.15,100,46,86,3.7,5.6,292.3,79.15,100,38,88,14179.4,15181.3,277.3,79.14,100,40,86,5046.6,6.5,72.0,11,3
1783014589.249,482.067,298.5,79.14,100,40,90,2.1,9836.6,291.7,79.15,100,41,86,16662.3,9829.9,285.2,79.15,100,33,89,3.7,5.3,269.4,79.14,100,37,86,20771.3,17211.0,72.0,11,3
1783014589.692,482.510,296.2,79.14,100,43,90,18951.6,7.8,286.1,79.15,100,45,86,5.0,7616.0,279.3,79.15,100,38,89,20376.5,425.3,269.4,79.14,100,40,85,2.6,4.8,72.0,11,3
1783014590.148,482.966,299.8,79.14,100,52,90,2.3,4.8,288.9,79.15,100,51,86,8962.9,13347.6,279.3,79.15,100,38,89,14788.7,5.2,269.4,79.14,100,40,85,1.9,8632.6,72.0,11,3
1783014590.591,483.409,299.8,79.14,100,52,90,1.9,4.8,288.9,79.15,100,51,86,20713.4,15098.7,279.9,79.15,100,37,88,887.4,4.9,270.9,79.14,100,39,86,8.1,16439.9,72.0,11,3
1783014591.040,483.858,300.5,79.14,100,46,89,3.6,4.6,293.5,79.15,100,48,86,10489.3,13298.5,282.1,79.15,100,40,89,13277.2,4.7,276.2,79.14,100,47,87,2.7,527.3,72.0,11,3
1783014591.484,484.302,300.9,79.14,100,57,90,1.9,4.4,294.0,79.15,100,52,86,1.7,17142.9,286.1,79.15,100,38,88,20750.9,5.6,276.9,79.14,100,40,87,4.0,5.1,72.0,11,3
1783014591.926,484.743,299.9,79.14,100,48,89,3.9,7.1,294.5,79.15,100,46,85,1.9,17151.5,287.2,79.15,100,41,89,20749.3,5.7,276.3,79.14,100,40,86,2.9,4.9,72.0,11,3
1783014592.371,485.189,300.4,79.14,100,48,90,1.9,5.1,295.6,79.15,100,52,86,1897.0,15533.6,284.7,79.15,100,38,90,20750.1,5.5,277.6,79.14,100,43,87,4.5,9188.5,72.0,11,3
1783014592.815,485.633,299.4,79.14,100,45,90,20712.0,14906.4,292.5,79.15,100,46,86,1694.1,5.6,282.3,79.15,100,37,88,2442.6,15291.4,272.4,79.14,99,34,86,20747.2,6.4,72.0,11,3
1783014593.258,486.076,296.0,79.14,100,41,90,3.5,3971.5,286.9,79.15,99,39,86,28050.1,14327.9,278.4,79.15,100,35,88,20784.0,13792.6,266.4,79.14,100,39,86,21256.8,14098.4,75.0,12,3
1783014593.701,486.519,288.5,79.14,100,52,90,11393.8,7.7,277.4,79.15,100,52,85,10.8,8.7,275.9,79.15,100,51,89,20782.3,17201.3,263.2,79.14,100,45,85,1.8,4.3,75.0,12,3
1783014594.153,486.970,291.3,79.14,100,50,89,14705.0,14274.9,288.8,79.15,100,49,86,8393.2,4.5,275.9,79.15,100,51,89,2.3,501.8,263.2,79.14,100,45,85,19714.6,17209.9,75.0,12,3
1783014594.594,487.412,291.3,79.14,100,50,89,2.8,4884.4,288.8,79.15,100,49,86,17790.8,13788.7,282.8,79.15,100,51,89,1.9,4.9,274.5,79.14,100,43,86,491.4,16793.1,75.0,12,3
1783014595.039,487.857,302.2,79.14,100,51,89,9.0,17115.4,302.6,79.15,100,57,86,20704.5,5.7,292.1,79.15,100,41,89,4.6,7040.3,285.0,79.14,100,47,87,18066.6,11284.6,75.0,12,3
1783014595.480,488.298,298.2,79.14,100,45,90,2.6,5.5,293.8,79.15,100,45,85,10077.2,14900.7,285.7,79.15,99,35,89,11603.6,5.9,277.1,79.14,100,40,86,3.8,17246.3,75.0,12,3
1783014595.922,488.740,296.1,79.14,100,46,90,18136.9,15341.1,287.9,79.15,100,46,86,6.0,7.0,279.6,79.15,100,35,89,9794.0,14813.9,268.2,79.14,100,32,86,12439.5,5.3,75.0,12,3
1783014596.368,489.186,298.4,79.14,100,45,89,20707.5,4.6,288.4,79.15,100,45,86,1.9,4.1,276.6,79.15,100,39,89,20765.3,17188.9,270.0,79.14,100,48,87,2.9,4.9,75.0,12,3
1783014596.810,489.628,299.8,79.14,100,44,90,9287.6,4.7,288.4,79.15,100,48,85,3.6,5804.5,285.9,79.15,100,49,89,18086.3,12349.8,274.5,79.14,100,41,85,1.8,4.8,75.0,12,3
1783014597.255,490.073,301.9,79.14,100,49,90,20704.8,4.5,294.3,79.15,100,58,86,2.8,4.5,286.4,79.15,100,40,88,20777.4,15979.6,276.2,79.14,100,50,87,47.0,4.7,75.0,12,3
1783014597.697,490.514,302.3,79.14,100,53,90,17110.1,3903.9,294.8,79.15,100,48,86,4.9,9.0,289.1,79.15,100,46,89,10331.3,14372.8,277.4,79.14,100,43,87,12186.5,5.0,75.0,12,3
1783014598.143,490.961,302.3,79.14,100,53,90,18318.8,1907.3,294.5,79.15,100,53,86,1.8,4.6,289.1,79.15,100,46,89,5033.2,14719.7,277.4,79.14,100,43,87,17341.8,4.7,75.0,12,3
1783014598.585,491.403,299.1,79.14,100,48,89,17595.1,11639.1,294.5,79.15,100,53,86,2.5,5.3,286.6,79.15,100,39,90,5873.9,14790.9,279.6,79.14,100,51,87,16601.2,8.1,75.0,12,3
1783014599.028,491.845,301.1,79.14,100,56,90,3.7,5.8,293.6,79.15,100,47,85,13070.3,14911.9,285.9,79.15,100,37,89,7279.0,5.6,276.0,79.14,100,40,86,2.4,17252.3,75.0,12,3
1783014599.473,492.291,299.1,79.14,99,43,90,18124.0,8559.5,288.4,79.15,100,46,85,2.1,5.5,286.1,79.15,100,37,89,24231.0,14338.6,269.9,79.14,100,39,86,16917.3,17348.2,78.0,12,2
1783014599.914,492.732,295.4,79.14,98,42,90,2.8,7.2,286.5,79.15,98,26,84,11305.1,13304.2,275.1,79.15,100,6,90,12543.6,4.3,264.6,79.14,100,8,88,1.8,4.2,78.0,12,2
1783014600.357,493.175,295.6,79.14,100,66,90,15791.3,7295.5,287.8,79.15,100,52,86,1.9,4.4,278.5,79.15,100,43,88,489.9,17266.2,271.5,79.14,100,54,87,20753.3,5.1,78.0,12,2
1783014600.798,493.616,297.0,79.14,100,60,90,5.8,17112.3,293.6,79.15,100,48,85,20203.9,400.9,287.0,79.15,100,42,88,9.5,4.9,282.2,79.14,100,44,86,17434.0,13874.1,78.0,12,2
1783014601.245,494.063,298.3,79.14,100,45,89,2.6,15047.5,298.2,79.15,100,44,85,15851.2,4983.9,291.0,79.15,100,42,89,3.1,5.7,282.8,79.14,100,40,86,19710.7,17191.3,78.0,12,2
1783014601.688,494.505,297.7,79.14,100,45,90,15900.8,9.2,293.3,79.15,100,45,86,8.1,17119.4,284.1,79.15,100,32,89,20754.8,10.1,275.1,79.14,100,36,86,4.5,9938.0,78.0,12,2
1783014602.135,494.953,297.7,79.14,100,45,90,20711.4,17109.8,286.8,79.15,100,44,86,2.1,5.3,284.1,79.15,100,32,89,2225.6,15396.3,275.1,79.14,100,36,86,20309.4,5.2,78.0,12,2
1783014602.577,495.395,297.5,79.14,100,43,90,20706.4,4.7,286.8,79.15,100,44,86,2.7,4.7,277.1,79.15,100,36,89,20761.5,15912.0,269.0,79.14,100,41,86,81.1,6.1,78.0,12,2
1783014603.021,495.839,298.0,79.14,100,48,90,16860.2,4.6,288.3,79.15,100,48,85,4.4,3107.5,280.2,79.15,100,43,89,16522.0,16473.5,270.3,79.14,100,40,85,11.1,4.9,78.0,12,2
1783014603.467,496.284,302.5,79.14,100,47,90,14149.8,4.4,290.7,79.15,100,49,86,2.7,3.9,284.9,79.15,100,39,89,20292.1,17200.8,272.9,79.14,100,43,87,1.9,4.8,78.0,12,2
1783014603.910,496.728,300.5,79.14,100,48,89,20704.3,5.1,294.1,79.15,100,48,85,7.8,7.0,286.3,79.15,100,47,89,11690.1,13035.0,276.7,79.14,100,40,85,12765.7,4.7,78.0,12,2
1783014604.354,497.172,300.1,79.14,100,48,90,15928.6,7501.3,297.8,79.15,100,57,86,2.0,4.8,286.1,79.15,100,39,88,6885.9,13613.0,279.9,79.14,100,43,87,16808.5,4.8,78.0,12,2
1783014604.796,497.613,301.9,79.14,100,53,90,18066.9,11852.4,293.6,79.15,100,47,86,1.9,4.9,288.0,79.15,100,43,89,1075.1,16741.1,275.6,79.14,100,39,86,20749.9,11.0,78.0,12,2
1783014605.240,498.058,299.4,79.14,100,45,90,5424.0,5.7,292.8,79.15,100,45,86,764.2,16487.3,284.9,79.15,100,37,88,20749.1,6.1,274.0,79.14,100,40,87,2.6,14558.0,78.0,12,2
1783014605.683,498.501,299.6,79.14,100,37,90,16609.6,14226.8,288.2,79.15,100,39,85,6.0,10.6,278.7,79.15,100,33,89,20759.0,16309.7,269.0,79.14,100,38,86,5.9,5.9,81.0,13,2
1783014606.132,498.950,299.6,79.14,100,37,90,18568.6,17107.5,288.2,79.15,100,39,85,2.8,4.5,278.7,79.15,100,33,89,3.6,14413.5,269.0,79.14,100,38,86,17085.1,4550.3,81.0,13,2
1783014606.573,499.391,288.4,79.14,100,43,90,1.8,4.0,280.2,79.15,100,62,86,20246.3,17110.4,268.6,79.15,100,44,90,1.9,4.5,264.1,79.14,100,54,87,1.8,4285.9,81.0,13,2
1783014607.017,499.835,292.3,79.14,100,53,90,1.8,4.2,287.6,79.15,100,64,86,3.5,9537.6,277.7,79.15,100,41,89,17206.2,9385.1,273.3,79.14,100,55,87,4.3,5.0,81.0,13,2
1783014607.463,500.281,301.8,79.14,100,63,90,2.4,4.6,299.3,79.15,100,49,86,1.9,10325.5,296.1,79.15,100,42,88,17765.2,7978.9,282.5,79.14,100,44,86,2.2,5.6,81.0,13,2
1783014607.906,500.724,297.2,79.14,100,47,90,7361.6,15104.9,297.2,79.15,100,46,86,14631.2,6.6,288.3,79.15,100,37,88,1072.7,16691.9,276.4,79.14,100,38,86,20744.9,5.7,81.0,13,2
1783014608.351,501.169,295.7,79.14,100,45,90,2.9,823.2,291.8,79.15,99,45,86,18493.8,17103.9,280.0,79.15,100,36,88,3.7,5.4,270.8,79.14,100,38,86,10094.0,14682.4,81.0,13,2
1783014608.795,501.613,299.3,79.14,100,48,90,16001.9,14330.4,285.9,79.15,100,47,86,6940.7,4.7,279.5,79.15,100,38,89,2.2,5041.6,266.5,79.14,100,40,85,17879.3,13377.6,81.0,13,2
1783014609.240,502.058,299.0,79.14,100,45,89,20709.5,17108.1,289.4,79.15,100,46,86,2.0,4.8,280.3,79.15,100,38,90,3.5,17254.3,276.6,79.14,100,51,87,20754.8,5.2,81.0,13,2
1783014609.685,502.502,299.9,79.14,100,56,90,20707.1,17110.4,292.0,79.15,100,48,85,5.2,9.3,286.2,79.15,100,43,89,5.1,11453.0,277.2,79.14,100,42,86,17303.3,5742.6,81.0,13,2
1783014610.129,502.947,299.9,79.14,100,56,90,11803.2,14335.5,292.0,79.15,100,48,85,10747.1,4.6,286.2,79.15,100,43,89,2.3,522.6,277.2,79.14,100,42,86,19702.4,17195.5,81.0,13,2
1783014610.571,503.389,300.3,79.14,100,49,89,1.7,17090.3,295.3,79.15,100,48,86,20704.3,4.8,288.3,79.15,100,41,90,3.3,4.5,277.9,79.14,100,49,87,20790.0,17200.5,81.0,13,2
1783014611.013,503.831,301.6,79.14,100,55,90,8.2,17116.5,297.0,79.15,100,49,86,20707.7,4.5,287.2,79.15,100,40,88,1.9,4.7,277.6,79.14,100,42,86,16936.1,14518.5,81.0,13,2
1783014611.459,504.277,299.0,79.14,100,49,90,20708.7,16279.5,294.7,79.15,100,48,86,107.8,5.9,287.7,79.15,100,46,90,5014.7,15204.6,277.0,79.14,100,40,86,16859.4,5.7,81.0,13,2
1783014611.900,504.718,297.9,79.14,100,44,90,2.6,2797.4,292.5,79.15,100,45,85,27504.6,7725.2,283.1,79.15,99,34,89,5.4,5.0,276.5,79.14,100,40,86,20346.7,17191.4,84.0,13,1
1783014612.352,505.169,297.9,79.14,100,47,91,6956.5,3.8,288.6,79.15,100,47,86,2.8,4.8,277.7,79.15,98,32,90,2015.8,14832.1,265.7,79.14,100,7,86,20273.5,4.5,84.0,13,1
1783014612.793,505.611,278.7,79.14,100,59,89,5.1,5724.9,277.9,79.15,100,45,84,15785.7,14854.6,273.6,79.15,100,44,88,2.2,4.4,262.1,79.14,100,43,86,3.5,9387.0,84.0,13,1
1783014613.238,506.055,277.7,79.14,100,58,90,3.5,4.3,283.8,79.15,100,46,85,8.2,16023.7,281.6,79.15,100,43,89,15498.5,4413.7,269.7,79.14,100,43,85,2.8,4.5,84.0,13,1
1783014613.682,506.500,297.1,79.14,100,49,89,14953.5,7.1,302.2,79.15,100,46,86,6.8,3431.1,289.5,79.15,100,45,89,16305.9,16247.8,284.7,79.14,100,39,86,6.8,4.7,84.0,13,1
1783014614.127,506.945,297.1,79.14,100,49,89,3.3,5.9,302.2,79.15,100,46,86,20227.1,17105.2,289.5,79.15,100,45,89,2.2,5.9,284.7,79.14,100,39,86,15811.6,13391.9,84.0,13,1
1783014614.571,507.389,297.9,79.14,100,43,90,20704.9,5.9,294.4,79.15,100,45,86,2.2,15205.7,285.9,79.15,100,37,89,16229.7,4303.0,277.1,79.14,100,38,85,2.9,6.4,84.0,13,1
1783014615.015,507.833,296.3,79.14,100,44,89,3.0,12058.7,287.2,79.15,100,43,86,16920.1,4585.3,278.4,79.15,100,30,89,2.4,4.8,268.6,79.14,100,38,86,9798.7,13505.3,84.0,13,1
1783014615.461,508.279,296.9,79.14,100,45,89,571.4,16599.0,288.4,79.15,100,47,86,20704.6,4.6,278.0,79.15,100,45,89,2.9,4.6,270.1,79.14,100,41,86,20582.9,13011.2,84.0,13,1
1783014615.903,508.721,303.3,79.14,100,57,90,780.7,16424.4,291.1,79.15,100,52,86,20707.8,7.0,284.1,79.15,100,38,88,5.3,10.8,270.6,79.14,100,39,86,19710.1,17202.1,84.0,13,1
1783014616.352,509.169,301.7,79.14,100,47,90,3.5,17117.8,294.4,79.15,100,46,86,20706.3,4.7,285.2,79.15,100,45,89,4.0,4.6,276.5,79.14,100,42,86,20044.4,12987.6,84.0,13,1
1783014616.794,509.612,300.3,79.14,100,56,90,4.7,17112.2,294.3,79.15,100,56,86,20646.6,5.2,286.6,79.15,100,39,90,2.8,4.8,278.4,79.14,100,44,87,15957.2,14968.9,84.0,13,1
1783014617.239,510.057,299.5,79.14,100,48,90,3.6,17115.9,293.6,79.15,100,48,86,20705.5,5.3,286.8,79.15,100,47,89,4.3,10.2,275.8,79.14,100,39,86,20784.6,14979.5,84.0,13,1
1783014617.685,510.503,299.9,79.14,100,47,90,20709.9,17110.5,293.9,79.15,100,46,86,6.1,10.4,284.8,79.15,100,37,89,1073.1,16737.3,275.4,79.14,100,39,86,20749.3,5.9,84.0,13,1
1783014618.128,510.946,299.9,79.14,100,47,90,4.3,3605.8,293.9,79.15,100,46,86,16869.7,15900.5,284.8,79.15,100,37,89,3.5,6.1,275.4,79.14,100,39,86,20767.7,17203.1,84.0,13,1
1783014618.571,511.389,298.8,79.14,100,43,90,20706.4,17112.8,288.1,79.15,100,45,85,20702.7,4.4,281.0,79.15,100,29,89,2.4,4.5,268.3,79.14,100,35,85,8956.0,14600.7,87.0,14,1
1783014619.015,511.833,286.7,79.14,100,13,89,1.8,4.1,276.3,79.15,100,12,85,489.8,17184.2,269.2,79.15,100,37,89,20751.8,5.1,260.8,79.14,100,50,87,9.2,5.1,87.0,14,1
1783014619.459,512.277,293.4,79.14,100,69,90,20705.9,5.3,284.5,79.15,100,50,85,2.7,4.4,278.8,79.15,100,41,88,1394.4,16166.7,269.5,79.14,100,44,86,20262.0,4.2,87.0,14,1
1783014619.901,512.719,301.2,79.14,100,52,90,18487.7,14309.2,301.0,79.15,100,49,85,4700.7,7.4,296.9,79.15,100,52,89,5.1,11971.2,286.2,79.14,100,43,86,17272.3,6923.6,87.0,14,1
1783014620.347,513.164,297.6,79.14,100,47,89,20706.6,5.3,299.6,79.15,100,52,86,2.4,6075.8,287.7,79.15,100,39,88,18042.2,12175.4,280.8,79.14,100,40,87,2.2,5.7,87.0,14,1
1783014620.788,513.606,298.6,79.14,100,43,90,15846.7,14619.4,291.4,79.15,100,39,86,5429.6,6.0,279.8,79.15,100,35,88,3420.3,15397.9,271.0,79.14,100,40,86,18260.0,5.8,87.0,14,1
1783014621.231,514.049,297.8,79.14,100,46,90,2.9,5.4,284.8,79.15,100,46,86,493.4,17115.1,279.9,79.15,100,38,89,20747.5,4.8,266.6,79.14,100,40,85,2.4,4.8,87.0,14,1
1783014621.674,514.492,299.0,79.14,100,46,90,2.0,7.3,290.8,79.15,100,52,86,15007.3,14839.4,279.9,79.15,100,38,89,6195.4,10.1,272.3,79.14,100,41,86,5.2,5708.1,87.0,14,1
1783014622.122,514.940,299.0,79.14,100,46,90,1.9,4.5,290.8,79.15,100,52,86,20724.1,17109.2,279.9,79.15,100,37,88,3.1,4.7,272.3,79.14,100,41,86,2.4,9938.4,87.0,14,1
1783014622.565,515.382,299.1,79.14,100,50,90,1.8,4.7,293.3,79.15,100,49,85,15185.1,14488.6,286.1,79.15,100,44,89,7004.2,4.7,277.6,79.14,100,43,85,2.7,3670.1,87.0,14,1
1783014623.011,515.829,301.2,79.14,100,47,90,1.9,4.6,294.5,79.15,100,52,86,10046.1,14421.4,287.4,79.15,100,39,88,12429.6,4.7,278.1,79.14,100,49,87,1.9,519.9,87.0,14,1
1783014623.454,516.272,301.1,79.14,100,48,90,3.5,4.5,294.1,79.15,100,45,87,10775.9,14470.4,286.3,79.15,100,44,89,11461.1,4.9,275.7,79.14,100,40,86,2.7,2627.5,87.0,14,1
1783014623.898,516.715,299.6,79.14,100,47,90,2.8,3078.1,293.9,79.15,100,52,86,18222.8,15314.7,285.7,79.15,100,39,88,5.5,5.4,276.0,79.14,100,48,87,10304.9,14896.2,87.0,14,1
1783014624.342,517.160,299.2,79.14,100,46,90,20705.9,5.8,293.1,79.15,100,45,86,3.5,11080.1,280.4,79.15,100,36,88,17884.5,7230.7,273.1,79.14,99,36,86,2.2,6.1,87.0,14,1
1783014624.785,517.603,297.2,79.14,100,45,90,13355.8,17208.3,285.0,79.15,99,41,86,4926.7,17105.5,279.7,79.15,100,36,91,20744.5,17188.4,266.2,79.14,98,31,85,1.9,4.4,90.0,14,0
1783014625.231,518.049,294.2,79.14,100,53,90,20191.0,12256.7,283.9,79.15,100,61,86,5355.9,4.2,276.1,79.15,100,43,89,2.2,4.0,269.2,79.14,100,61,87,17931.8,12668.5,90.0,14,0
1783014625.676,518.494,295.9,79.14,100,52,90,2.5,4.4,291.7,79.15,100,60,86,16067.7,13047.3,276.1,79.15,100,40,88,5571.2,9.8,277.9,79.14,100,53,87,5.0,526.5,90.0,14,0
1783014626.127,518.944,295.9,79.14,100,52,90,2.4,4.6,291.7,79.15,100,60,86,4.5,12814.9,284.3,79.15,100,40,88,15666.2,7359.1,277.9,79.14,100,53,87,4.8,4.8,90.0,14,0
1783014626.571,519.389,301.0,79.14,100,58,90,2.1,5.5,298.3,79.15,100,50,85,20677.0,14176.5,293.9,79.15,100,38,88,2276.7,5.6,278.8,79.14,100,40,86,206.8,17234.5,90.0,14,0
1783014627.014,519.832,297.5,79.14,100,45,89,17818.4,2391.0,295.1,79.15,100,44,86,3.0,2883.3,286.5,79.15,100,36,89,16882.9,16328.8,275.8,79.14,100,39,87,2.2,6.1,90.0,14,0
1783014627.457,520.275,296.7,79.14,100,43,90,3.8,2994.8,290.4,79.15,100,43,86,16465.0,14547.3,278.7,79.15,100,34,89,4.5,5.5,269.1,79.14,100,36,86,15638.2,13455.7,90.0,14,0
1783014627.902,520.719,299.0,79.14,100,45,90,2.4,17113.8,285.1,79.15,100,43,86,20705.1,7.4,280.0,79.15,100,39,89,5.5,500.3,269.3,79.14,100,42,87,19408.9,17190.2,90.0,14,0
1783014628.349,521.167,298.7,79.14,100,47,90,12696.3,13037.5,290.6,79.15,100,48,86,12102.4,4.7,282.9,79.15,100,44,89,4.2,1950.4,276.2,79.14,100,41,86,17247.5,17200.8,90.0,14,0
1783014628.792,521.610,301.3,79.14,100,56,90,4.9,17117.7,292.7,79.15,100,48,85,20705.5,4.7,285.5,79.15,100,38,88,2.4,4.8,274.7,79.14,100,40,86,20778.1,15770.1,90.0,14,0
1783014629.234,522.052,300.1,79.14,100,47,90,1.9,14058.6,293.5,79.15,100,47,86,16039.5,4692.9,287.8,79.15,100,46,90,2.5,5.1,275.9,79.14,100,41,86,16729.1,14049.9,90.0,14,0
1783014629.679,522.497,299.3,79.14,100,50,90,1.9,17116.4,293.9,79.15,100,48,86,20707.8,10.3,284.8,79.15,100,39,90,5.8,8.2,275.5,79.14,100,42,86,20292.4,17189.7,90.0,14,0
1783014630.127,522.945,299.3,79.14,100,50,90,20708.5,14603.0,293.9,79.15,100,48,86,1924.1,5.7,284.8,79.15,100,39,88,1072.8,16738.9,275.5,79.14,100,42,86,20745.2,15.4,90.0,14,0
1783014630.570,523.388,299.5,79.14,100,46,90,2.1,5.3,292.3,79.15,100,44,86,20708.4,17104.4,282.8,79.15,100,37,88,2.9,6.1,273.4,79.14,100,39,87,17534.8,14035.1,90.0,14,0
1783014631.014,523.832,298.4,79.14,100,44,90,3896.5,3450.1,290.8,79.15,100,43,86,3811.7,3578.2,279.6,79.15,100,34,88,3918.4,3587.4,269.8,79.14,100,33,86,3863.2,4195.4,93.0,15,0
1783014631.457,524.275,296.5,79.14,100,61,89,3301.9,3098.9,284.2,79.15,100,61,85,3815.4,3956.8,279.0,79.15,100,54,89,3518.3,4313.4,266.3,79.14,100,56,85,3844.3,3877.1,93.0,15,0
1783014631.902,524.720,302.2,79.14,100,64,89,3635.1,3001.4,292.7,79.15,100,64,85,3926.0,4243.8,285.7,79.15,100,55,89,3904.3,4276.8,274.8,79.14,100,56,85,3950.9,5057.3,93.0,15,0
1783014632.344,525.162,305.3,79.14,100,64,89,3261.7,3046.5,303.1,79.15,100,64,85,3878.9,4243.4,294.2,79.15,100,55,89,3958.6,4748.6,279.3,79.14,100,57,86,3623.4,4816.5,93.0,16,0
1783014632.785,525.603,300.4,79.14,100,64,89,3635.2,2773.2,302.0,79.15,100,64,85,3824.4,4241.4,293.7,79.15,100,55,89,3553.4,4649.5,279.0,79.14,100,57,85,3885.6,4403.1,93.0,16,0
1783014633.226,526.044,300.0,79.14,100,64,89,3636.1,2995.2,300.8,79.15,100,63,85,3502.4,4218.0,293.4,79.15,100,55,89,3907.2,4510.1,278.7,79.14,100,57,85,3977.2,5188.9,93.0,16,0
1783014633.669,526.487,300.0,79.14,100,64,89,3267.0,3152.2,300.2,79.15,100,64,85,4027.2,4118.7,293.4,79.15,100,55,89,4697.0,4978.4,278.9,79.14,100,58,86,3953.5,4329.7,93.0,16,0
1783014634.118,526.936,300.0,79.14,100,64,89,3660.0,3064.9,300.2,79.15,100,64,85,3514.2,4544.0,293.5,79.15,100,55,89,3939.7,4258.8,278.9,79.14,100,58,86,3945.5,5051.3,93.0,16,0
1783014634.560,527.378,300.0,79.14,100,64,89,3395.4,3046.0,300.2,79.15,100,63,85,3904.4,4030.3,294.0,79.15,100,55,89,3961.5,4709.3,279.1,79.14,100,57,86,3595.1,5813.4,93.0,16,0
1783014635.007,527.825,300.1,79.14,100,65,89,3612.5,2735.4,300.4,79.15,100,64,85,3895.1,4337.1,294.4,79.15,100,55,89,3615.7,4902.8,279.3,79.14,100,57,85,3927.1,4352.5,93.0,16,0
1783014635.450,528.268,300.0,79.14,100,64,89,3645.6,3016.2,300.4,79.15,100,64,85,3507.0,4181.6,295.0,79.15,100,55,89,3886.5,4487.9,279.7,79.14,100,57,86,3955.1,5203.8,93.0,16,0
1783014635.897,528.715,300.0,79.14,100,64,89,3300.9,3113.5,300.4,79.15,100,64,85,3812.3,4397.9,295.8,79.15,100,55,89,3975.3,4934.6,280.2,79.14,100,57,86,3850.9,4356.5,93.0,16,0
1783014636.343,529.161,300.0,79.14,100,65,89,3583.2,2757.4,300.3,79.15,100,64,85,3699.0,4450.6,295.7,79.15,100,55,89,3934.5,4188.6,280.2,79.14,100,58,86,3908.8,4760.8,93.0,16,0
1783014636.786,529.604,300.0,79.14,100,65,89,3256.5,3100.6,300.0,79.15,100,64,85,3845.4,3959.6,295.3,79.15,100,55,89,3913.9,4928.9,279.8,79.14,100,57,86,3579.6,4667.1,93.0,16,0
1783014637.229,530.047,300.0,79.14,100,65,89,3628.4,2785.7,299.8,79.15,100,64,85,3861.7,4548.8,295.1,79.15,100,55,89,3600.4,4808.5,279.7,79.14,100,57,86,3951.3,4579.2,93.0,16,0
1783014637.685,530.503,300.0,79.14,100,65,89,3252.6,3035.7,300.1,79.15,100,65,85,4020.1,3915.5,295.3,79.15,100,56,89,3971.2,4793.7,280.5,79.14,100,58,86,3564.6,4832.8,93.0,16,0
1783014638.132,530.949,300.0,79.14,100,65,89,3551.3,2811.6,300.1,79.15,100,65,85,3802.6,4179.1,295.3,79.15,100,56,89,3612.8,4683.7,280.5,79.14,100,58,86,3904.3,4401.1,93.0,16,0
1783014638.573,531.391,300.0,79.14,100,65,89,3670.3,3037.1,300.6,79.15,100,64,85,3527.6,4091.4,296.3,79.15,100,56,89,3940.5,4145.3,281.5,79.14,100,58,86,4122.6,4929.0,93.0,16,0
1783014639.019,531.837,300.0,79.14,100,64,89,3263.9,3154.6,300.2,79.15,100,64,85,3837.1,4103.5,296.4,79.15,100,55,89,3874.9,5065.6,281.3,79.14,100,58,86,3584.0,4850.5,93.0,16,0
1783014639.462,532.280,300.0,79.14,100,65,89,3564.6,2755.5,299.5,79.15,100,64,85,3758.4,4425.7,296.0,79.15,100,56,89,3570.6,4917.5,281.0,79.14,100,57,86,3938.2,4566.2,94.0,16,0
1783014639.904,532.722,300.0,79.14,100,65,89,3632.3,2995.1,300.2,79.15,100,65,85,3593.5,4284.3,296.1,79.15,100,55,89,3907.9,4738.0,281.3,79.14,100,58,85,3658.8,4718.3,94.0,16,0
1783014640.351,533.169,300.0,79.14,100,64,89,3212.9,3071.4,300.1,79.15,100,64,85,3799.3,3819.4,296.1,79.15,100,55,89,3933.7,4615.2,281.2,79.14,100,58,86,3754.1,4513.6,94.0,16,0
1783014640.794,533.612,299.9,79.14,100,65,89,3713.4,2852.2,299.8,79.15,100,64,85,3545.4,4307.1,296.2,79.15,100,55,89,3931.5,4256.4,281.2,79.14,100,58,86,3934.7,6019.1,94.0,16,0
1783014641.243,534.061,300.0,79.14,100,64,89,3254.1,3154.9,300.1,79.15,100,64,85,3807.1,3874.5,296.5,79.15,100,56,89,3929.4,5205.4,281.4,79.14,100,58,86,3550.7,4658.4,94.0,16,0
1783014641.686,534.503,300.0,79.14,100,65,89,3543.3,3348.6,300.2,79.15,100,64,85,4039.2,5318.5,296.7,79.15,100,55,89,3937.7,4912.7,281.6,79.14,100,58,86,3585.2,4792.6,94.0,16,0
1783014642.147,534.965,300.0,79.14,100,65,89,3283.9,3110.9,300.2,79.15,100,65,85,3764.7,4029.7,296.7,79.15,100,55,89,3936.5,4870.9,281.6,79.14,100,58,86,3757.6,4338.9,94.0,16,0
1783014643.049,535.866,300.0,79.14,100,65,89,3585.8,2758.9,300.0,79.15,100,65,85,3765.4,4372.1,297.3,79.15,100,56,89,3615.9,4983.1,282.0,79.14,100,58,86,3932.5,4475.7,94.0,16,0
1783014643.491,536.309,300.0,79.14,100,64,89,3590.1,3064.1,300.0,79.15,100,64,85,3459.1,4180.6,297.1,79.15,100,56,89,3948.9,4366.7,282.1,79.14,100,58,86,3910.3,5077.6,94.0,16,0
1783014643.935,536.753,300.1,79.14,100,64,89,3507.7,3118.2,299.9,79.15,100,64,85,3832.3,4091.7,296.7,79.15,100,55,89,3955.6,5314.8,281.8,79.14,100,58,86,3586.9,4965.4,94.0,16,0
1783014644.379,537.197,300.0,79.14,100,64,89,3170.9,3093.6,299.8,79.15,100,64,85,3781.1,4372.4,296.8,79.15,100,56,89,3661.0,4907.3,281.9,79.14,100,58,86,3907.0,4656.0,94.0,16,0
1783014644.823,537.640,300.0,79.14,100,65,89,3548.3,2793.7,300.2,79.15,100,65,85,3777.3,4230.4,297.7,79.15,100,56,89,3528.8,4661.4,282.3,79.14,100,57,86,3991.8,4850.8,94.0,16,0
1783014645.266,538.084,300.0,79.14,100,65,89,3639.8,3052.2,300.0,79.15,100,64,85,3469.7,4183.3,297.5,79.15,100,55,89,3950.1,4426.0,282.1,79.14,100,58,86,3939.0,5031.3,94.0,16,0
1783014645.708,538.526,300.0,79.14,100,65,89,3833.0,3273.6,299.9,79.15,100,64,85,3971.0,4834.1,297.7,79.15,100,56,89,3548.5,4696.8,282.0,79.14,100,58,86,3900.9,4554.2,94.0,16,0
1783014646.161,538.979,300.0,79.14,100,65,89,3593.3,2994.5,300.1,79.15,100,64,85,3447.6,4407.1,297.7,79.15,100,56,89,3928.9,4640.4,282.0,79.14,100,58,86,3982.5,4928.7,94.0,16,0
1783014646.603,539.421,300.0,79.14,100,65,89,3686.0,3098.6,300.1,79.15,100,64,85,3465.2,4123.8,297.8,79.15,100,55,89,3960.5,5862.3,282.1,79.14,100,57,86,3610.2,4653.2,94.0,16,0
1783014647.050,539.868,300.0,79.14,100,65,89,3587.6,2754.4,300.0,79.15,100,65,85,3839.3,4436.6,297.7,79.15,100,56,89,3598.5,4834.8,282.3,79.14,100,58,86,3947.4,4342.4,94.0,16,0
1783014647.493,540.311,300.0,79.14,100,65,89,3594.9,2787.4,300.1,79.15,100,64,85,3560.7,4074.4,297.7,79.15,100,56,89,3905.8,4554.8,282.1,79.14,100,58,86,3913.4,5178.4,94.0,16,0
1783014647.937,540.755,300.0,79.14,100,65,89,3626.3,3030.0,300.2,79.15,100,65,85,3420.6,4034.1,297.8,79.15,100,56,89,3933.3,4709.6,282.1,79.14,100,58,86,3721.3,5040.6,94.0,16,0
1783014648.381,541.199,300.0,79.14,100,64,89,3220.3,3082.4,300.1,79.15,100,64,85,3804.2,4051.2,298.1,79.15,100,56,89,3951.8,5237.8,282.6,79.14,100,59,86,3594.6,5096.8,94.0,16,0
1783014648.827,541.645,300.0,79.14,100,65,89,3583.4,2774.9,300.3,79.15,100,65,85,3812.8,4335.7,298.6,79.15,100,56,89,3525.0,4741.3,283.1,79.14,100,58,86,3931.3,4774.4,94.0,16,0
1783014649.270,542.088,300.0,79.14,100,65,89,3635.3,3005.9,300.1,79.15,100,65,85,3473.1,4139.4,298.5,79.15,100,56,89,3979.2,4462.5,282.9,79.14,100,58,86,3931.0,4476.0,94.0,16,0
1783014649.713,542.531,299.9,79.14,100,65,89,3258.9,3457.3,299.6,79.15,100,65,85,4105.6,4160.3,297.7,79.15,100,56,89,4045.7,4937.6,282.1,79.14,100,58,86,3959.9,4437.3,94.0,16,0
1783014650.163,542.981,300.0,79.14,100,65,89,3584.0,2770.4,299.7,79.15,100,64,85,3832.3,4373.0,297.7,79.15,100,56,89,3833.3,4336.6,282.1,79.14,100,58,86,3966.1,4809.4,94.0,16,0
1783014650.607,543.425,300.0,79.14,100,65,89,3557.7,3011.3,299.7,79.15,100,64,85,3451.4,3981.7,297.6,79.15,100,55,89,3869.1,4829.6,281.7,79.14,100,57,86,3620.6,5648.2,95.0,16,0
1783014651.055,543.873,300.0,79.14,100,65,89,3217.5,2857.7,299.9,79.15,100,64,85,3898.6,4375.0,297.4,79.15,100,56,89,3561.1,4790.3,281.9,79.14,100,57,86,3909.4,4509.1,95.0,16,0
1783014651.499,544.317,300.0,79.14,100,65,89,3585.9,2722.3,300.2,79.15,100,65,85,3798.8,4386.9,297.8,79.15,100,56,89,3807.5,4363.0,282.4,79.14,100,58,86,3942.1,4688.4,95.0,16,0
1783014651.943,544.761,300.0,79.14,100,65,89,4157.5,3132.5,300.3,79.15,100,65,85,3900.6,3859.1,297.9,79.15,100,55,89,3978.5,5166.9,282.3,79.14,100,58,86,3597.2,4726.1,95.0,16,0
1783014652.394,545.212,300.0,79.14,100,65,89,3468.4,2768.2,299.8,79.15,100,65,85,3811.7,4384.6,297.4,79.15,100,56,89,3630.1,4805.0,282.1,79.14,100,58,86,3950.6,4809.2,95.0,16,0
1783014652.836,545.654,300.0,79.14,100,65,89,3546.1,2719.4,300.0,79.15,100,64,85,3539.2,4099.1,297.9,79.15,100,56,89,3912.7,4573.1,282.6,79.14,100,58,86,3954.2,4849.6,95.0,16,0
1783014653.279,546.097,300.0,79.14,100,64,89,3632.7,3029.8,299.9,79.15,100,64,85,3468.5,4069.8,298.1,79.15,100,56,89,3891.6,4465.3,282.6,79.14,100,58,86,3721.6,5020.2,95.0,16,0
1783014653.724,546.541,299.9,79.14,100,65,89,4121.8,2760.5,299.9,79.15,100,64,85,3832.9,4534.9,298.0,79.15,100,56,89,3532.4,4548.3,282.3,79.14,100,58,86,3942.7,5072.4,95.0,16,0
1783014654.182,547.000,299.9,79.14,100,64,89,3263.9,3100.8,300.0,79.15,100,64,85,3836.3,3990.3,298.0,79.15,100,56,89,3920.5,5351.0,282.3,79.14,100,58,86,3570.2,4906.2,95.0,16,0
1783014654.624,547.442,299.9,79.14,100,64,89,3211.6,3123.6,300.0,79.15,100,64,85,3832.7,3978.0,297.8,79.15,100,56,89,4118.1,4883.2,282.3,79.14,100,58,86,4701.2,4774.7,95.0,16,0
1783014655.074,547.892,300.0,79.14,100,64,89,3612.7,3024.5,300.0,79.15,100,64,85,3478.6,4139.3,298.1,79.15,100,56,89,3961.5,4537.1,282.3,79.14,100,58,86,3913.7,5122.0,95.0,16,0
1783014655.516,548.334,300.0,79.14,100,65,89,3582.8,2960.7,300.1,79.15,100,65,85,3423.0,4166.7,298.5,79.15,100,56,89,3943.1,4666.0,282.7,79.14,100,58,86,4066.7,5087.2,95.0,16,0
1783014655.961,548.779,300.0,79.14,100,65,89,3296.4,3169.1,300.2,79.15,100,65,85,3813.9,4238.4,298.6,79.15,100,56,89,3929.7,4685.1,282.8,79.14,100,58,86,3637.7,5075.1,95.0,16,0
1783014656.405,549.223,300.0,79.14,100,65,89,3556.3,2888.4,300.0,79.15,100,65,85,3848.7,4466.8,298.2,79.15,100,56,89,3570.3,4819.0,282.7,79.14,100,58,86,3867.7,4503.2,95.0,16,0
1783014656.847,549.665,300.0,79.14,100,65,89,3553.9,3029.5,299.8,79.15,100,65,85,3471.9,4093.1,298.1,79.15,100,56,89,3900.3,4670.1,282.3,79.14,100,58,86,3992.3,4974.6,95.0,16,0
1783014657.290,550.108,300.0,79.14,100,65,89,3305.4,3128.9,300.1,79.15,100,64,85,3818.2,3768.1,298.2,79.15,100,56,89,3888.1,4816.2,282.2,79.14,100,58,86,3567.4,4667.6,95.0,16,0
1783014657.735,550.553,300.0,79.14,100,64,89,3830.2,2945.1,299.9,79.15,100,64,85,3779.6,4293.8,297.8,79.15,100,55,89,3597.8,4603.7,281.7,79.14,100,58,86,3993.6,4440.4,95.0,16,0
1783014658.182,550.999,300.0,79.14,100,65,89,3632.5,2994.5,299.9,79.15,100,65,85,3435.5,4246.8,297.8,79.15,100,55,89,3946.3,4519.3,281.7,79.14,100,58,86,3991.6,5193.0,95.0,16,0
1783014658.628,551.446,300.0,79.14,100,65,89,3214.6,3113.9,299.9,79.15,100,65,85,3825.0,3845.3,297.6,79.15,100,55,89,4017.2,5166.6,281.7,79.14,100,58,86,4158.9,5107.6,95.0,16,0
1783014659.076,551.894,300.0,79.14,100,65,89,3543.2,2745.8,300.0,79.15,100,64,86,3843.1,4238.7,298.2,79.15,100,56,89,3596.0,4757.0,282.3,79.14,100,58,86,3936.8,4975.9,95.0,16,0
1783014659.518,552.335,300.0,79.14,100,65,89,3628.7,2901.4,300.2,79.15,100,64,86,3582.5,4205.3,298.7,79.15,100,56,89,3959.3,4570.4,282.6,79.14,100,58,86,3968.9,4996.4,95.0,16,0
1783014659.961,552.779,300.0,79.14,100,65,89,3793.9,3063.5,300.5,79.15,100,65,86,3721.9,3914.9,299.1,79.15,100,56,89,3937.2,5216.2,282.9,79.14,100,58,86,3567.8,4759.6,95.0,16,0
1783014660.408,553.226,300.0,79.14,100,65,89,3220.3,3114.1,300.0,79.15,100,65,86,3782.0,4479.4,298.7,79.15,100,56,89,3618.0,4767.9,282.5,79.14,100,58,86,3913.7,4442.0,95.0,16,0
1783014660.851,553.669,300.0,79.14,100,65,89,3548.8,2765.4,299.8,79.15,100,65,86,3804.5,4151.7,298.3,79.15,100,56,89,3591.8,4806.9,282.2,79.14,100,58,86,3960.4,4343.1,95.0,16,0
1783014661.294,554.111,300.0,79.14,100,65,89,3637.2,3076.2,300.1,79.15,100,64,86,3425.0,3973.7,298.4,79.15,100,56,89,3952.9,4543.8,282.2,79.14,100,58,86,3919.3,4836.5,95.0,16,0
1783014661.736,554.554,300.0,79.14,100,65,89,3512.9,3189.4,300.0,79.15,100,64,86,4223.7,4382.2,298.2,79.15,100,55,89,3579.7,4646.3,281.7,79.14,100,57,86,3904.6,4792.3,96.0,16,0
1783014662.194,555.012,300.0,79.14,100,64,89,3560.5,3054.1,299.9,79.15,100,64,85,3479.5,4121.5,298.4,79.15,100,56,89,3959.7,4428.6,281.8,79.14,100,58,86,4002.2,5112.3,96.0,16,0
1783014662.638,555.456,300.0,79.14,100,64,89,3390.3,3029.7,299.9,79.15,100,64,85,3813.9,3958.0,298.4,79.15,100,56,89,1723.0,4.1,281.8,79.14,100,58,86,2.7,5.0,,,
1783014664.060,556.877,258.4,79.14,100,53,89,2781.1,4.1,256.1,79.15,99,50,86,3.4,3.7,255.9,79.15,100,58,90,20787.1,16614.5,241.4,79.14,99,43,85,2.6,4.9,,,
1783014665.480,558.298,296.4,79.14,100,38,90,6935.3,7.0,288.3,79.15,100,43,86,12.8,17107.1,283.2,79.15,100,34,90,20440.6,425.5,269.5,79.14,100,39,87,2.9,5.1,96.0,16,0
1783014665.927,558.745,294.0,79.14,100,46,89,2.3,7.2,288.6,79.15,100,46,86,20710.9,17106.8,278.6,79.15,100,41,90,2.4,4.7,270.1,79.14,100,40,87,3.6,17259.6,96.0,16,0
1783014666.376,559.193,299.9,79.14,100,52,90,3.7,17116.0,290.5,79.15,100,46,85,20704.7,4.8,282.5,79.15,99,38,90,3.6,4.8,271.2,79.14,100,42,87,20562.9,14290.0,96.0,16,0
1783014666.818,559.636,302.9,79.14,100,48,90,2.0,17110.8,295.7,79.15,100,53,86,20402.5,5.5,286.1,79.15,100,39,89,2.4,4.7,276.3,79.14,100,50,87,20792.8,17193.8,96.0,16,0
1783014667.271,560.089,299.5,79.14,100,49,90,2502.2,15084.7,295.5,79.15,100,46,87,20042.8,4.5,287.7,79.15,100,45,90,2.3,4.5,277.7,79.14,100,42,86,20782.9,17193.1,96.0,16,0
1783014667.714,560.531,299.2,79.14,100,46,90,14170.9,15468.6,294.2,79.15,100,50,86,7457.6,9.6,286.0,79.15,100,38,89,5.1,12397.0,274.4,79.14,100,45,87,18194.5,4093.2,96.0,16,0
1783014668.165,560.983,299.3,79.14,100,47,90,17555.2,15706.0,294.1,79.15,100,47,85,5.2,5.3,286.0,79.15,100,38,89,10085.6,14728.4,274.4,79.14,100,45,87,12258.8,5.3,96.0,16,0
1783014668.607,561.425,299.3,79.14,100,47,90,2.5,5.2,294.1,79.15,100,47,85,20281.7,17104.8,285.4,79.15,100,42,90,4.3,6.0,275.7,79.14,100,40,86,18013.9,14584.8,96.0,16,0
1783014669.052,561.870,297.3,79.14,100,44,90,8905.0,6.0,290.2,79.15,100,45,85,2.0,21299.1,284.4,79.15,100,32,90,14113.7,15513.8,273.6,79.14,100,38,87,20859.3,240.3,96.0,16,0
1783014669.496,562.313,297.9,79.14,100,44,89,1.8,7759.1,288.4,79.15,100,40,86,15894.7,12546.7,272.5,79.15,98,23,91,3.9,4.2,263.7,79.14,100,8,88,1.8,3397.1,96.0,16,0
1783014669.939,562.757,292.7,79.14,100,51,90,16552.9,4.5,285.5,79.15,100,47,86,6.1,4.6,282.3,79.15,100,55,90,17602.1,12783.6,268.6,79.14,100,46,87,6980.4,4.7,96.0,16,0
1783014670.382,563.200,294.8,79.14,100,49,91,10458.7,12883.4,292.8,79.15,100,46,86,13906.5,5.0,292.0,79.15,100,47,90,3.6,528.2,283.7,79.14,100,44,87,19701.9,17206.3,96.0,16,0
1783014670.825,563.643,300.6,79.14,100,48,90,276.6,16701.1,300.3,79.15,100,54,86,20706.3,5.9,288.7,79.15,100,38,89,3.1,8424.9,282.1,79.14,100,45,87,16088.0,11471.2,96.0,16,0
1783014671.269,564.086,298.0,79.14,99,45,90,2.5,6.1,293.8,79.15,100,45,86,9562.4,13608.6,281.3,79.15,100,36,89,12767.9,5.6,274.8,79.14,100,33,87,2.2,17231.5,96.0,16,0
1783014671.714,564.532,296.0,79.14,100,42,90,17026.7,11330.8,286.2,79.15,100,39,86,5.4,10.5,280.3,79.15,100,35,89,20766.5,17196.7,268.4,79.14,100,40,87,2.6,5.1,96.0,16,0
1783014672.162,564.980,299.3,79.14,100,48,90,865.7,4.6,289.6,79.15,100,57,86,3.5,9720.4,280.3,79.15,100,35,89,16005.6,10217.2,268.4,79.14,100,40,87,3.5,4.8,96.0,16,0
1783014672.611,565.429,299.3,79.14,100,48,90,2.0,5.1,289.6,79.15,100,57,86,11597.4,13423.0,281.0,79.15,100,39,90,12001.7,5.6,272.0,79.14,100,45,87,5.0,8478.1,96.0,16,0
1783014673.060,565.878,300.5,79.14,100,50,90,2.7,4.5,289.8,79.15,100,47,86,10710.8,13307.8,287.4,79.15,100,38,90,12860.5,4.7,276.4,79.14,100,40,87,2.3,501.8,96.0,16,0
1783014673.502,566.320,301.0,79.14,100,46,90,1.8,4.5,294.6,79.15,100,54,86,500.8,17108.9,286.6,79.15,100,38,89,20749.7,4.5,276.7,79.14,100,49,87,1.9,4.7,96.0,16,0
1783014673.943,566.761,301.8,79.14,100,49,90,7.2,5.1,294.3,79.15,100,47,87,13911.4,13204.8,286.5,79.15,100,46,90,10237.0,5.6,276.4,79.14,100,40,86,1.9,3388.0,96.0,16,0
1783014674.394,567.212,299.1,79.14,100,48,90,4.4,4.7,293.6,79.15,100,55,87,20716.3,16493.0,286.1,79.15,100,39,89,4.5,5.4,274.7,79.14,100,45,87,491.2,17246.4,96.0,16,0
1783014674.837,567.655,299.8,79.14,100,46,89,17759.6,17112.3,293.1,79.15,100,45,86,2.1,6.0,282.5,79.15,100,36,90,20497.0,13388.3,275.6,79.14,100,39,87,3409.4,10.4,96.0,16,0
1783014675.280,568.098,297.0,79.14,100,43,89,4.5,17119.4,288.3,79.15,100,37,86,20705.5,5.9,279.5,79.15,100,32,89,3.3,10823.5,267.5,79.14,100,31,87,27193.1,15417.3,6.0,0,15
1783014675.723,568.541,287.5,79.14,100,25,89,5.3,9.0,276.4,79.15,100,45,86,20650.3,17109.9,274.2,79.15,100,58,90,4.5,4.0,260.4,79.14,100,46,87,3.5,3.3,6.0,0,15
1783014676.178,568.996,291.6,79.14,100,53,90,20705.6,10.5,285.5,79.15,100,50,86,2.7,4.4,274.2,79.15,100,58,90,16732.6,14353.4,274.2,79.14,100,43,87,6134.8,4.7,6.0,0,15
1783014676.623,569.441,291.6,79.14,100,53,90,11911.9,14258.6,285.5,79.15,100,50,86,10109.7,5.2,285.3,79.15,100,55,90,2.0,5619.6,274.2,79.14,100,43,87,22282.9,9310.1,6.0,0,15
1783014677.072,569.890,303.8,79.14,100,49,90,15151.3,14251.8,301.1,79.15,100,59,86,7952.3,5.6,293.7,79.15,100,41,90,2.6,17240.2,287.3,79.14,100,51,87,20745.2,6.2,6.0,0,15
1783014677.514,570.332,299.6,79.14,100,55,90,2.2,7.8,294.9,79.15,100,47,85,20708.5,17104.3,287.9,79.15,100,37,90,3.9,5.7,278.1,79.14,100,39,87,10082.1,14589.0,6.0,0,15
1783014677.957,570.775,295.5,79.14,100,42,90,20705.3,12.0,289.9,79.15,100,45,85,4.3,15622.1,283.2,79.15,99,35,90,17775.3,2403.1,270.3,79.14,100,39,87,2.0,4.9,6.0,0,15
1783014678.408,571.226,295.4,79.14,100,46,91,1.9,4.7,289.1,79.15,100,46,86,14622.1,14510.2,278.2,79.15,100,40,90,7584.2,5.1,270.6,79.14,100,38,87,1.9,6212.2,6.0,0,15
1783014678.853,571.671,301.0,79.14,100,53,90,2.8,12903.8,289.6,79.15,100,46,86,17751.4,5707.9,285.0,79.15,100,36,90,2.5,7.7,271.6,79.14,100,42,86,8757.5,14528.9,6.0,0,15
1783014679.297,572.115,302.9,79.14,100,50,90,3.5,8538.4,293.4,79.15,100,55,87,17873.0,10253.3,286.7,79.15,100,39,90,4.0,4.8,275.1,79.14,100,48,87,1086.0,16757.2,6.0,0,15
1783014679.739,572.557,298.8,79.14,100,46,90,6.1,9619.5,295.0,79.15,100,47,85,18196.9,7119.8,287.2,79.15,100,43,90,2.8,4.6,276.9,79.14,100,42,86,1128.3,16251.7,6.0,0,15
1783014680.186,573.004,299.4,79.14,100,47,90,4.4,17111.6,293.3,79.15,100,52,86,20704.1,5.6,285.2,79.15,100,37,90,9.9,4.5,275.0,79.14,100,41,87,14961.3,14164.3,6.0,0,15
1783014680.630,573.448,299.4,79.14,100,47,90,655.1,16501.7,293.3,79.15,100,52,86,20704.5,5.2,285.2,79.15,100,37,90,3.0,3724.4,275.0,79.14,100,41,87,22417.5,11004.0,6.0,0,15
1783014681.074,573.892,300.0,79.14,100,46,90,3155.1,7.1,293.6,79.15,100,47,86,5016.0,15166.8,283.6,79.15,100,43,90,16666.0,6.0,275.0,79.14,100,40,87,2.7,17229.9,6.0,0,15
1783014681.517,574.335,297.1,79.14,100,44,90,19236.3,1198.1,291.4,79.15,100,44,86,2.2,4593.7,281.5,79.15,100,34,89,28106.8,5328.5,273.0,79.14,99,36,87,20761.4,17183.5,9.0,0,14
1783014681.959,574.777,297.1,79.14,100,42,90,2.4,7.2,283.4,79.15,98,39,86,17156.2,13069.2,272.0,79.15,98,15,90,6836.4,4.1,259.5,79.14,100,9,87,2.1,4.0,9.0,0,14
1783014682.405,575.223,292.3,79.14,100,50,90,15206.2,7555.7,283.9,79.15,100,59,86,2.1,4.5,282.7,79.15,100,43,90,492.3,17269.9,270.0,79.14,100,54,87,20754.1,5.2,9.0,0,14
1783014682.847,575.665,295.1,79.14,100,49,90,1.8,16449.6,294.3,79.15,100,58,87,15140.7,4591.1,295.5,79.15,100,40,90,2.7,5.1,282.4,79.14,100,57,87,9883.0,12970.3,9.0,0,14
1783014683.291,576.108,300.3,79.14,100,54,90,3.6,6716.0,298.3,79.15,100,55,87,16220.1,13291.4,288.6,79.15,100,37,90,4.2,5.8,280.8,79.14,100,41,87,19466.6,13233.9,9.0,0,14
1783014683.732,576.550,298.3,79.14,100,45,89,20708.0,12.6,293.9,79.15,100,44,86,7.7,17110.0,283.6,79.15,100,36,90,20748.3,5.6,273.0,79.14,100,33,87,3.8,10961.0,9.0,0,14
1783014684.186,577.004,296.8,79.14,100,36,90,20710.9,17112.1,287.2,79.15,100,37,86,3.7,5.2,280.6,79.15,100,36,90,2316.9,15779.1,269.9,79.14,100,40,86,19109.8,10.3,9.0,0,14
1783014684.632,577.450,296.8,79.14,100,36,90,20705.9,6.7,287.2,79.15,100,37,86,2.9,4.4,280.6,79.15,100,36,90,20770.0,17201.6,269.9,79.14,100,40,86,11.4,9.7,9.0,0,14
1783014685.081,577.899,299.7,79.14,100,50,90,2.5,5.3,287.6,79.15,100,57,87,3.5,17133.6,281.2,79.15,100,38,90,20748.9,4.6,270.5,79.14,100,45,87,1.9,4.7,9.0,0,14
1783014685.524,578.342,298.7,79.14,100,48,89,2.4,4.4,291.9,79.15,100,46,86,1.9,9847.5,285.5,79.15,100,38,90,16062.8,10028.0,277.2,79.14,100,44,87,2.7,14.0,9.0,0,14
1783014685.965,578.783,301.2,79.14,100,54,90,5288.1,7.2,294.0,79.15,100,51,87,2.0,2888.8,286.8,79.15,100,38,90,17456.6,15757.1,277.4,79.14,100,43,87,1.9,10.1,9.0,0,14
1783014686.413,579.231,299.9,79.14,100,48,89,10821.4,7.0,294.8,79.15,100,47,86,1.9,6394.4,288.4,79.15,100,46,90,16196.5,13303.0,276.3,79.14,100,39,87,1.9,4.8,9.0,0,14
1783014686.856,579.674,299.4,79.14,100,52,90,7507.7,5.0,294.3,79.15,100,56,87,1.9,7104.9,284.7,79.15,100,39,90,16282.0,12659.4,276.9,79.14,100,44,87,9.6,5.6,9.0,0,14
1783014687.298,580.116,299.9,79.14,100,46,91,3.8,16459.7,292.8,79.15,100,46,86,16208.6,3742.2,280.8,79.15,100,37,89,4.3,3375.8,274.1,79.14,100,39,87,16494.0,15998.1,9.0,0,14
1783014687.740,580.558,297.1,79.14,100,41,90,5.6,11.6,289.3,79.15,99,38,86,18262.2,13392.0,279.0,79.15,100,31,89,5259.0,5.9,266.2,79.14,100,33,86,3438.0,23543.6,12.0,1,14
1783014688.186,581.004,287.8,79.14,100,32,90,2.0,4.2,275.8,79.15,100,52,86,3.5,352.3,279.0,79.15,100,31,89,18735.6,17202.0,261.3,79.14,100,46,87,2.3,4.1,12.0,1,14
1783014688.628,581.446,287.8,79.14,100,32,90,1416.2,15852.2,275.8,79.15,100,52,86,20707.9,4.4,274.9,79.15,100,54,90,2.8,7.4,261.3,79.14,100,46,87,20803.5,16324.0,12.0,1,14
1783014689.075,581.893,290.1,79.14,100,53,89,2.6,4.2,286.5,79.15,100,54,86,19484.6,13918.9,283.5,79.15,100,49,90,3548.3,5.0,272.6,79.14,100,46,87,1.9,6827.3,12.0,1,14
1783014689.519,582.337,303.1,79.14,100,49,90,1.9,4.5,303.5,79.15,100,64,86,17903.7,14802.3,294.3,79.15,100,41,89,3850.1,6.1,285.5,79.14,100,49,87,1072.4,16763.5,12.0,1,14
1783014689.963,582.781,298.6,79.14,100,53,90,18554.6,5709.0,294.8,79.15,100,47,86,3.1,314.1,287.0,79.15,100,36,90,18788.9,17185.9,277.2,79.14,100,38,87,2.2,5.6,12.0,1,14
1783014690.406,583.224,295.1,79.14,100,45,89,5416.4,15613.5,288.4,79.15,100,45,86,16007.8,5.3,280.4,79.15,100,34,89,4.7,10140.5,270.3,79.14,100,35,87,17690.1,8351.0,12.0,1,14
1783014690.848,583.666,297.3,79.14,100,46,89,17407.9,8691.8,289.5,79.15,100,48,86,2.8,4.8,276.8,79.15,100,38,89,5942.9,14754.4,268.3,79.14,99,38,87,16737.2,7.2,12.0,1,14
1783014691.289,584.107,300.5,79.14,100,47,90,20706.7,5.3,290.0,79.15,100,46,85,3.7,2881.0,285.1,79.15,100,36,90,18524.8,15329.0,272.2,79.14,100,42,87,2.7,4.8,12.0,1,14
1783014691.730,584.548,303.0,79.14,100,53,90,6100.8,10.2,292.0,79.15,100,48,86,8.2,14429.9,287.9,79.15,100,40,89,17201.2,4302.4,274.1,79.14,100,42,86,3.9,4.8,12.0,1,14
1783014692.185,585.002,300.4,79.14,100,46,91,8.4,4.7,294.1,79.15,100,46,86,3.6,17132.3,286.7,79.15,100,41,90,20746.1,5.3,276.3,79.14,100,44,87,2.0,4.6,12.0,1,14
1783014692.631,585.449,300.4,79.14,100,46,91,2.7,4.9,294.1,79.15,100,46,86,5718.0,14998.4,286.7,79.15,100,41,90,16283.9,7.5,276.3,79.14,100,44,87,9.2,497.5,12.0,1,14
1783014693.074,585.892,299.7,79.14,100,50,90,2.0,3514.9,293.0,79.15,100,45,85,18342.7,14836.0,285.3,79.15,100,37,90,2.6,5.3,274.7,79.14,100,40,87,12972.9,14893.9,12.0,1,14
1783014693.517,586.335,300.3,79.14,100,46,90,20704.9,6.0,291.9,79.15,100,47,86,3.1,14439.8,282.9,79.15,100,38,89,17647.3,3901.0,272.2,79.14,100,40,87,4.8,2963.2,12.0,1,14
1783014693.961,586.779,298.7,79.14,100,38,90,18794.0,8363.7,289.7,79.15,100,39,86,2.4,5.1,279.0,79.15,100,35,89,26762.4,11944.9,269.3,79.14,100,35,88,20279.3,17032.2,14.0,1,13
1783014694.403,587.221,289.6,79.14,98,32,89,3.9,3.9,276.7,79.15,98,18,88,8.2,223.5,264.7,79.15,100,8,89,19707.9,17207.5,256.0,79.14,100,10,88,1.8,4.2,14.0,1,13
1783014694.850,587.668,275.9,79.14,100,54,89,1.7,15960.5,278.9,79.15,100,68,86,15006.6,5056.6,271.4,79.15,100,39,90,3.4,6.2,264.3,79.14,100,63,87,1092.5,16788.2,14.0,1,13
1783014695.293,588.111,281.3,79.14,100,49,90,1.6,4.0,290.3,79.15,100,60,87,3.4,15620.7,287.4,79.15,100,41,89,15185.4,4779.1,279.0,79.14,100,57,87,1.9,4.8,14.0,1,13
1783014695.734,588.552,298.7,79.14,100,55,90,2361.0,7.1,299.7,79.15,100,48,86,5.8,9890.0,293.1,79.15,100,36,89,15471.1,10393.5,276.9,79.14,100,39,86,2.6,5.7,14.0,1,13
1783014696.181,588.999,298.2,79.14,100,45,90,1295.9,15985.7,294.5,79.15,99,44,86,20705.3,11.3,293.1,79.15,100,36,89,4.0,17211.8,270.3,79.14,100,36,86,19661.1,867.3,14.0,1,13
1783014696.625,589.443,298.2,79.14,100,45,90,2.1,5.7,294.5,79.15,99,44,86,20149.5,13179.9,284.3,79.15,100,35,88,3623.5,8.2,270.3,79.14,100,36,86,7302.6,14287.2,14.0,1,13
1783014697.080,589.898,296.8,79.14,99,37,90,8748.6,13301.1,287.5,79.15,100,41,85,15357.6,4.7,280.6,79.15,100,37,90,2.4,499.8,269.7,79.14,100,40,86,19699.5,17207.8,14.0,1,13
1783014697.521,590.339,300.2,79.14,100,56,90,18311.8,13409.0,288.8,79.15,100,52,87,6218.1,5.3,281.5,79.15,100,38,89,2.2,17233.0,270.4,79.14,100,39,87,19631.2,962.2,14.0,1,13
1783014697.962,590.780,299.4,79.14,100,47,90,20710.4,17112.4,293.1,79.15,100,44,86,2.7,4.8,285.0,79.15,100,37,90,1.9,12553.5,277.1,79.14,100,48,87,15959.4,7351.3,14.0,1,13
1783014698.410,591.227,300.0,79.14,100,53,90,16572.1,12810.7,292.6,79.15,100,45,85,8373.1,4.7,286.6,79.15,100,39,89,4.4,2981.7,276.5,79.14,100,41,86,16655.4,16703.1,14.0,1,13
1783014698.853,591.671,299.9,79.14,100,48,91,12143.2,13092.7,294.6,79.15,100,47,86,12180.5,4.9,286.2,79.15,100,45,90,2.2,4127.8,277.6,79.14,100,39,87,16184.9,15688.4,14.0,1,13
1783014699.295,592.112,300.3,79.14,100,55,90,15324.3,13659.0,293.7,79.15,100,48,86,8585.7,5.0,284.8,79.15,100,38,90,2.4,8869.6,275.2,79.14,100,39,86,16037.4,10748.1,14.0,1,13
1783014699.736,592.554,299.9,79.14,100,46,90,15377.0,8.4,291.4,79.15,100,45,86,499.9,17107.1,282.9,79.15,100,37,89,20749.0,5.7,272.2,79.14,100,38,87,2.1,14989.8,14.0,1,13
1783014700.222,593.040,298.1,79.14,100,35,90,2.1,5.8,286.4,79.15,100,37,85,20706.2,17106.4,277.1,79.15,100,29,89,8.4,6.1,267.4,79.14,100,33,86,15113.6,22617.0,17.0,2,13
1783014700.667,593.485,287.2,79.14,100,50,90,2.1,4.2,276.0,79.15,100,66,87,1.9,11364.3,277.1,79.15,100,29,89,26304.3,9.5,267.4,79.14,100,33,86,5.4,13.3,17.0,2,13
1783014701.128,593.946,287.2,79.14,100,50,90,17409.4,14026.2,276.0,79.15,100,66,87,3.3,4.2,271.4,79.15,100,46,90,2.4,13097.9,262.7,79.14,100,57,87,17199.1,5739.7,17.0,2,13
1783014701.570,594.388,290.2,79.14,100,52,90,1.8,9342.5,286.2,79.15,100,68,86,16949.6,9900.5,281.3,79.15,100,41,90,2.9,4.9,276.1,79.14,100,55,87,1531.2,15961.1,17.0,2,13
1783014702.015,594.833,301.2,79.14,100,60,90,3.5,6128.6,298.5,79.15,100,55,87,17695.8,12652.3,293.6,79.15,100,40,91,4.2,5.7,283.3,79.14,100,47,87,19461.2,15102.6,17.0,2,13
1783014702.461,595.278,296.0,79.14,100,48,90,15890.1,6.0,293.7,79.15,100,46,85,3.2,17111.1,288.0,79.15,100,36,90,20747.2,11.2,277.2,79.14,100,36,87,3.8,9882.3,17.0,2,13
1783014702.910,595.728,295.7,79.14,100,45,89,17524.7,12592.2,293.4,79.15,100,45,86,5.1,7.5,280.4,79.15,100,37,90,14678.8,15133.8,273.1,79.14,100,36,87,7024.4,4.9,17.0,2,13
1783014703.356,596.174,299.3,79.14,100,46,90,1516.4,5.7,287.8,79.15,100,50,86,2.7,11518.0,278.8,79.15,100,38,89,17788.0,6731.1,267.1,79.14,100,39,87,6.3,4.8,17.0,2,13
1783014703.804,596.622,299.5,79.14,100,46,90,3.7,5.8,289.7,79.15,100,45,86,20716.9,15261.3,284.2,79.15,100,37,90,642.1,4.9,274.5,79.14,100,48,87,2.0,11315.0,17.0,2,13
1783014704.257,597.075,300.9,79.14,100,55,90,1.8,4.6,292.4,79.15,100,47,85,20724.4,17111.9,287.7,79.15,100,40,89,2.4,10.2,276.0,79.14,100,42,85,3.5,13245.7,17.0,2,13
1783014704.705,597.523,300.8,79.14,100,47,89,6.6,7.2,295.1,79.15,100,47,86,20724.9,13289.1,287.5,79.15,100,38,90,6.7,4.8,277.6,79.14,100,50,87,3.6,17278.4,17.0,2,13
1783014705.158,597.976,299.7,79.14,99,51,90,1.9,15119.1,293.4,79.15,100,46,85,17568.1,3784.9,287.5,79.15,100,38,90,2.5,4.9,277.6,79.14,100,50,87,7640.3,14506.9,17.0,2,13
1783014705.600,598.418,299.7,79.14,99,51,90,2.0,17111.1,293.4,79.15,100,46,85,20708.1,6.0,285.3,79.15,100,38,90,2.5,4160.2,275.7,79.14,100,41,86,21380.4,8587.3,17.0,2,13
1783014706.056,598.874,299.5,79.14,99,46,90,2.8,6.0,293.0,79.15,100,52,86,7594.4,15067.9,284.2,79.15,100,38,89,13919.1,5.9,273.9,79.14,100,42,87,5.0,17237.3,17.0,2,13
1783014706.506,599.323,298.8,79.14,100,44,89,20707.6,5.8,293.4,79.15,100,40,86,3.8,14942.6,280.4,79.15,100,35,89,21807.1,5738.8,271.8,79.14,100,36,87,20987.3,7726.8,20.0,2,12
1783014706.948,599.766,295.2,79.14,98,40,90,5.5,4.9,281.9,79.15,98,36,85,20217.1,17111.2,271.0,79.15,98,8,90,2.2,4.1,262.0,79.14,100,8,86,1.7,133.2,20.0,2,12
1783014707.392,600.210,293.5,79.14,100,54,90,20703.4,4.8,284.7,79.15,100,68,86,4.3,4.5,279.9,79.15,100,42,90,4042.9,13802.9,273.0,79.14,100,63,87,19685.9,4.5,20.0,2,12
1783014707.834,600.652,297.3,79.14,100,52,90,1.6,17113.5,294.7,79.15,100,59,87,20707.3,4.8,294.9,79.15,100,40,89,2.4,4.9,282.4,79.14,100,57,87,20799.3,14592.4,20.0,2,12
1783014708.278,601.096,299.6,79.14,100,56,90,1.8,17114.8,295.4,79.15,100,46,85,17096.5,2855.7,291.3,79.15,100,37,89,2.7,52.0,281.6,79.14,100,39,85,19706.0,17197.9,20.0,2,12
1783014708.721,601.539,297.5,79.14,100,45,90,12702.8,7.9,292.7,79.15,100,43,86,7.7,17113.0,285.3,79.15,100,34,89,20749.7,5.8,271.8,79.14,100,35,85,2.1,12578.7,20.0,2,12
1783014709.166,601.984,296.1,79.14,100,36,90,20708.3,17112.5,287.5,79.15,100,41,86,2.2,5.5,285.3,79.15,100,34,89,3906.5,15652.6,271.8,79.14,100,35,85,17362.1,5.1,20.0,2,12
1783014709.610,602.428,296.1,79.14,100,36,90,19933.3,4.7,287.5,79.15,100,41,86,3.6,4.4,279.2,79.15,100,35,90,20768.1,17195.1,269.0,79.14,100,40,86,5.2,10.3,20.0,2,12
1783014710.056,602.874,299.0,79.14,100,56,91,3510.0,5.4,287.8,79.15,100,49,86,2.0,17133.8,280.3,79.15,100,37,89,19688.6,959.8,270.0,79.14,100,40,86,3.6,4.8,20.0,2,12
1783014710.498,603.316,300.3,79.14,100,46,89,2150.2,4.6,294.0,79.15,100,46,86,3.5,5771.4,282.9,79.15,100,38,89,15828.2,13859.0,276.2,79.14,100,48,87,4.1,4.9,20.0,2,12
1783014710.942,603.760,299.1,79.14,100,55,90,12691.4,5.2,294.8,79.15,100,46,85,5.4,34.7,287.1,79.15,100,40,89,19691.1,17208.3,277.3,79.14,100,40,86,2.4,4.7,20.0,2,12
1783014711.385,604.203,300.1,79.14,100,48,90,18131.8,4.7,295.1,79.15,100,48,86,2.8,5.0,288.2,79.15,100,41,90,19697.4,17201.8,277.3,79.14,100,43,87,2.4,4.8,20.0,2,12
1783014711.827,604.645,300.4,79.14,100,57,91,20708.2,4.8,293.4,79.15,100,48,85,2.0,4.0,284.5,79.15,100,38,89,20286.2,17195.9,274.9,79.14,100,40,85,2.1,10.3,20.0,2,12
1783014712.272,605.090,299.7,79.14,100,46,90,2.9,5741.9,292.2,79.15,100,46,86,16570.8,13936.4,282.6,79.15,100,37,90,2.9,5.9,272.5,79.14,100,39,87,20765.9,17200.7,20.0,2,12
1783014712.714,605.532,299.4,79.14,100,37,90,6234.2,8.2,289.4,79.15,100,37,86,7708.7,13725.2,278.5,79.15,100,31,89,14215.3,6.0,268.6,79.14,100,35,87,2.1,18356.5,23.0,3,12
1783014713.164,605.982,288.5,79.14,100,43,90,6068.9,4.1,278.8,79.15,100,64,86,2.7,5.2,278.5,79.15,100,31,89,19718.7,17201.6,268.6,79.14,100,35,87,4.7,4.6,23.0,3,12
1783014713.607,606.425,288.5,79.14,100,43,90,1.8,17113.4,278.8,79.15,100,64,86,20705.9,4.6,272.0,79.15,100,47,90,5.2,4.8,263.5,79.14,100,56,87,15910.2,14515.2,23.0,3,12
1783014714.055,606.873,290.9,79.14,100,52,90,2.4,4.1,289.2,79.15,100,65,86,18348.3,14098.1,282.2,79.15,100,42,90,4412.4,4.7,274.5,79.14,100,55,87,2.6,6604.5,23.0,3,12
1783014714.502,607.320,303.1,79.14,100,58,90,2.3,4.5,300.6,79.15,100,60,86,15060.3,14676.0,295.0,79.15,100,40,89,7003.9,5.7,284.3,79.14,100,50,87,3.0,17267.5,23.0,3,12
1783014714.945,607.763,297.2,79.14,100,48,90,25012.6,7919.6,296.6,79.15,100,48,85,4.8,3636.5,287.5,79.15,100,36,90,18168.7,14323.5,277.1,79.14,100,38,87,2.1,5.9,23.0,3,12
1783014715.396,608.214,295.6,79.14,100,45,91,7061.8,14907.4,293.0,79.15,100,47,86,15115.0,5.2,280.9,79.15,100,37,89,2.3,11200.9,270.3,79.14,100,35,87,17776.6,5585.0,23.0,3,12
1783014715.839,608.657,299.2,79.14,100,46,90,17622.5,6695.4,289.3,79.15,100,51,86,1.9,4.8,279.0,79.15,100,37,90,8923.2,23406.3,267.9,79.14,100,38,87,2977.0,6.9,23.0,3,12
1783014716.286,609.104,299.7,79.14,100,47,89,10728.3,5.4,289.8,79.15,100,45,86,2.8,15481.9,285.1,79.15,100,36,90,17579.5,2870.9,274.4,79.14,100,44,87,1.9,4.7,23.0,3,12
1783014716.728,609.546,301.2,79.14,100,54,90,760.6,13.0,290.5,79.15,100,47,85,8.4,17155.3,287.3,79.15,100,38,89,19447.0,1198.1,275.3,79.14,100,42,85,1.9,4.7,23.0,3,12
1783014717.176,609.994,300.9,79.14,100,46,89,4.3,4.5,294.8,79.15,100,47,86,1.8,17129.1,287.3,79.15,100,38,89,20749.7,5.3,275.3,79.14,100,42,85,4.4,4.7,23.0,3,12
1783014717.620,610.437,300.9,79.14,100,46,89,4.1,5.0,294.8,79.15,100,47,86,10139.0,14686.0,285.7,79.15,100,38,90,11747.9,8.2,276.9,79.14,100,49,87,12.1,7510.9,23.0,3,12
1783014718.068,610.886,299.2,79.14,100,50,90,1.9,13224.8,293.2,79.15,100,46,86,17472.5,5705.0,285.8,79.15,100,41,90,2.1,5.4,275.6,79.14,100,41,86,20784.7,16471.8,23.0,3,12
1783014718.509,611.327,300.6,79.14,100,48,90,17127.8,11.3,291.1,79.15,100,49,86,9.6,17112.6,285.4,79.15,100,38,89,20744.0,5.9,270.8,79.14,100,40,86,2.1,10920.9,23.0,3,12
1783014718.954,611.772,298.0,79.14,99,39,90,19600.5,931.0,288.9,79.15,100,43,85,2.4,7829.8,277.6,79.15,100,32,89,27516.9,2509.3,269.4,79.14,100,34,85,20749.0,17193.6,26.0,3,11
1783014719.397,612.215,289.0,79.14,98,26,89,1.9,4.3,276.5,79.15,98,11,86,3.5,1056.2,262.6,79.15,100,12,88,18028.4,17199.0,254.0,79.14,100,10,86,4.1,4.1,26.0,3,11
1783014719.841,612.659,275.3,79.14,100,61,90,1.7,17119.1,278.1,79.15,100,63,86,20707.5,4.5,271.9,79.15,100,43,89,2.8,6.4,264.2,79.14,100,63,87,11631.3,12627.9,26.0,3,11
1783014720.289,613.107,282.1,79.14,100,58,90,1.7,4.1,288.4,79.15,100,56,86,6944.5,13066.5,294.2,79.15,100,41,89,15360.7,4.8,276.9,79.14,100,54,87,1.8,518.7,26.0,3,11
1783014720.733,613.551,298.1,79.14,100,55,90,11.0,9.1,298.3,79.15,100,47,86,9495.8,13238.4,292.8,79.15,100,38,89,14439.0,10.9,281.9,79.14,100,39,87,2.5,16010.4,26.0,3,11
1783014721.184,614.002,298.2,79.14,100,44,90,20709.8,17110.0,295.6,79.15,100,44,86,3.3,6.0,292.8,79.15,100,38,89,16503.3,13421.9,273.4,79.14,100,36,87,7298.7,5.7,26.0,3,11
1783014721.626,614.444,298.2,79.14,100,44,90,4.1,9849.7,295.6,79.15,100,44,86,16340.0,10037.7,285.1,79.15,100,33,89,6.0,8.1,273.4,79.14,100,36,87,20776.3,17196.6,26.0,3,11
1783014722.074,614.891,296.6,79.14,100,36,90,20077.9,12992.4,287.8,79.15,100,43,86,4611.7,4.6,278.6,79.15,100,38,90,2.2,7743.9,269.9,79.14,100,40,86,16305.6,11905.9,26.0,3,11
1783014722.515,615.333,299.0,79.14,100,58,90,20708.0,17109.9,287.3,79.15,100,48,85,3.8,5.5,281.1,79.15,100,37,89,2531.0,15201.8,270.9,79.14,100,39,85,20756.3,4.9,26.0,3,11
1783014722.960,615.778,300.7,79.14,100,46,90,19227.3,17110.0,293.9,79.15,100,46,86,2.1,4.8,283.3,79.15,100,39,89,1.9,16719.4,275.4,79.14,100,48,87,17532.7,2748.1,26.0,3,11
1783014723.402,616.220,300.8,79.14,100,53,90,20708.0,14627.7,294.1,79.15,100,45,86,2033.8,4.7,285.9,79.15,100,37,89,2.2,5742.1,276.9,79.14,100,40,87,15807.8,14328.6,26.0,3,11
1783014723.844,616.662,300.0,79.14,100,48,89,16198.5,13314.0,294.0,79.15,100,51,86,8187.0,6.7,287.5,79.15,100,40,90,1.9,7975.9,277.3,79.14,100,44,87,16639.8,10830.1,26.0,3,11
1783014724.287,617.105,299.9,79.14,100,56,91,20708.3,14442.4,292.0,79.15,100,47,85,2080.3,5.0,284.1,79.15,100,37,89,2.0,13842.3,274.1,79.14,100,39,86,15578.1,6470.4,26.0,3,11
1783014724.728,617.546,299.9,79.14,100,46,90,2594.5,11.5,289.6,79.15,100,44,86,15886.9,13485.1,282.4,79.15,100,35,89,7463.2,6.1,269.5,79.14,100,39,86,1154.8,16241.7,26.0,3,11
1783014725.186,618.004,296.4,79.14,99,36,90,20708.1,5.9,286.8,79.15,100,39,85,2.9,12745.7,282.4,79.15,100,35,89,16547.9,6689.4,266.8,79.14,100,34,86,4.7,574.4,29.0,4,11
1783014725.629,618.447,296.4,79.14,99,36,90,20707.3,5.0,286.8,79.15,100,39,85,3.6,4.4,274.9,79.15,100,30,89,8942.9,17207.2,266.8,79.14,100,34,86,8689.5,9.3,29.0,4,11
1783014726.076,618.894,285.8,79.14,100,53,90,1.8,17116.0,276.4,79.15,100,61,86,19374.0,1055.9,268.1,79.15,100,42,88,2.3,4.6,261.3,79.14,100,55,87,1858.7,16233.8,29.0,4,11
1783014726.521,619.339,290.9,79.14,100,62,90,3.5,4.2,285.4,79.15,100,59,86,8140.7,16035.6,279.9,79.15,100,41,89,12480.2,4.8,271.1,79.14,100,52,87,2.9,3174.4,29.0,4,11
1783014726.968,619.786,301.0,79.14,100,61,90,2.0,7.2,299.8,79.15,100,48,85,12539.1,14305.3,295.3,79.15,100,38,89,10381.4,5.5,283.0,79.14,100,43,87,2.1,17253.4,29.0,4,11
1783014727.412,620.229,297.4,79.14,100,46,89,17876.9,16614.2,297.6,79.15,100,44,86,3.8,5.9,286.9,79.15,100,37,90,20754.9,16657.1,279.9,79.14,100,37,87,3.1,5.7,29.0,4,11
1783014727.854,620.672,299.4,79.14,100,45,90,2.6,17114.3,291.2,79.15,100,43,86,20705.1,5.7,279.4,79.15,100,34,89,2.1,7.1,270.6,79.14,100,38,85,19888.4,17191.2,29.0,4,11
1783014728.296,621.114,298.7,79.14,100,47,90,20708.7,17112.7,284.5,79.15,100,45,85,1.9,4.7,280.4,79.15,100,41,89,1.9,17226.4,268.0,79.14,100,42,87,20760.2,5.2,29.0,4,11
1783014728.738,621.556,299.4,79.14,100,45,90,17682.0,13578.7,291.2,79.15,100,47,86,7.5,7.6,281.5,79.15,100,41,89,5410.6,14744.1,275.4,79.14,100,51,87,17078.6,4.8,29.0,4,11
1783014729.182,622.000,300.4,79.14,100,50,90,17432.5,14257.9,294.1,79.15,100,48,86,1.9,4.6,281.5,79.15,100,41,89,2.8,17241.5,275.4,79.14,100,51,87,20756.2,5.3,29.0,4,11
1783014729.624,622.442,300.4,79.14,100,50,90,20709.6,17108.1,294.1,79.15,100,48,86,3.7,4.6,286.3,79.15,100,40,89,3.5,11525.1,277.4,79.14,100,42,86,24626.8,1340.3,29.0,4,11
1783014730.073,622.891,300.3,79.14,100,48,90,20708.4,17112.2,295.5,79.15,100,56,86,2.0,4.7,288.8,79.15,100,43,90,1.9,13559.2,279.1,79.14,100,51,87,17324.9,5232.3,29.0,4,11
1783014730.515,623.333,301.4,79.14,100,55,90,19108.2,14113.2,293.9,79.15,100,46,85,4148.6,4.8,285.8,79.15,100,40,89,2.3,4162.0,276.3,79.14,100,42,86,17562.3,14326.2,29.0,4,11
1783014730.956,623.774,299.5,79.14,100,48,89,17684.8,9203.0,294.5,79.15,100,50,86,2.3,7.6,285.4,79.15,100,40,90,20770.2,17193.3,275.8,79.14,100,44,87,2.1,5.9,29.0,4,11
1783014731.399,624.216,298.1,79.14,100,45,89,2.1,17111.5,293.8,79.15,100,45,86,20705.2,5.9,280.8,79.15,100,37,89,2.9,2864.6,274.8,79.14,100,38,87,17891.3,15514.5,32.0,4,10
1783014731.840,624.658,298.7,79.14,100,47,89,3.5,4.5,288.3,79.15,100,43,86,2.7,13741.8,276.4,79.15,100,8,90,15799.6,6405.8,265.0,79.14,100,8,87,7.7,7.3,32.0,4,10
1783014732.284,625.102,295.6,79.14,100,50,90,20708.7,17109.2,285.9,79.15,100,48,86,3.4,4.3,282.6,79.15,100,56,90,1.8,551.8,269.9,79.14,100,44,87,19703.9,17200.7,32.0,4,10
1783014732.727,625.545,296.1,79.14,100,49,90,10.6,3212.4,291.7,79.15,100,48,86,15601.6,15951.1,293.3,79.15,100,53,90,7.5,4.5,279.4,79.14,100,46,87,1.8,10416.3,32.0,4,10
1783014733.173,625.991,301.1,79.14,100,46,90,2.7,4.7,299.5,79.15,100,54,86,17836.5,13105.6,293.3,79.15,100,53,90,6157.2,4.7,279.4,79.14,100,46,87,4.1,7057.6,32.0,4,10
1783014733.617,626.435,301.1,79.14,100,46,90,14994.1,13348.0,299.5,79.15,100,54,86,9244.3,5.9,289.1,79.15,100,37,88,685.3,16739.9,279.9,79.14,100,44,87,20761.2,9.6,32.0,4,10
1783014734.061,626.879,298.2,79.14,100,45,90,2.7,3763.0,293.3,79.15,100,45,86,16597.3,15835.9,279.9,79.15,100,33,89,2.1,5.6,272.9,79.14,100,33,87,17008.2,13196.0,32.0,4,10
1783014734.503,627.321,296.8,79.14,100,42,90,20071.6,17116.6,284.6,79.15,100,38,86,2.5,4.8,278.6,79.15,100,37,89,2.0,17229.2,266.6,79.14,100,39,86,20717.7,5.5,32.0,4,10
1783014734.946,627.764,299.2,79.14,100,47,90,20338.2,599.3,287.0,79.15,100,53,86,5.3,4.7,279.3,79.15,100,37,89,9548.9,13403.4,269.0,79.14,100,45,87,14390.8,5.1,32.0,4,10
1783014735.391,628.209,298.6,79.14,100,47,89,20705.1,4.6,290.2,79.15,100,44,86,2.7,4.7,284.5,79.15,100,44,90,14653.6,13269.0,276.5,79.14,100,41,87,9313.1,4.7,32.0,4,10
1783014735.832,628.650,301.7,79.14,100,54,90,15905.8,3987.7,292.1,79.15,100,51,86,2.7,4.9,285.3,79.15,100,38,89,10962.4,13830.5,275.5,79.14,100,41,87,12188.2,11.3,32.0,4,10
1783014736.274,629.092,300.4,79.14,100,48,90,18662.8,1602.1,294.6,79.15,100,47,86,2.8,4.9,286.5,79.15,100,39,90,14270.5,13329.3,276.4,79.14,100,39,87,9765.8,4.9,32.0,4,10
1783014736.716,629.533,300.1,79.14,100,55,90,20706.4,7.4,293.8,79.15,100,48,86,7.3,10.1,284.7,79.15,100,37,89,19499.9,16421.5,275.4,79.14,100,39,85,2.9,4.8,32.0,4,10
1783014737.633,630.451,300.8,79.14,100,45,90,3.8,8.1,291.4,79.15,100,44,86,20709.1,17104.4,281.7,79.15,100,35,89,3.7,10.0,271.6,79.14,100,39,87,19106.1,13379.0,35.0,5,10
1783014738.082,630.900,297.6,79.14,100,35,90,2.4,4.3,285.5,79.15,100,38,85,20715.3,16855.6,277.1,79.15,100,34,89,2.0,5.1,267.6,79.14,100,36,86,3.9,4389.6,35.0,5,10
1783014738.527,631.345,286.1,79.14,100,46,90,18076.3,4.0,276.5,79.15,100,66,86,4.7,4.1,271.5,79.15,100,49,90,3743.9,15068.5,262.5,79.14,100,57,87,17954.6,4.5,35.0,5,10
1783014738.969,631.787,291.1,79.14,100,52,90,8889.8,14299.8,287.1,79.15,100,67,86,12951.2,4.0,281.1,79.15,100,47,90,2.1,5.1,274.2,79.14,100,55,87,12422.7,14334.3,35.0,5,10
1783014739.414,632.232,301.0,79.14,100,58,90,1.9,15465.6,299.9,79.15,100,61,86,17220.5,3723.6,294.6,79.15,100,40,89,2.9,4.8,282.5,79.14,100,51,87,6647.5,14412.2,35.0,5,10
1783014739.857,632.674,296.5,79.14,100,47,90,17857.8,5275.2,293.7,79.15,100,46,85,2.2,1023.2,288.8,79.15,100,33,90,18436.4,16722.0,276.7,79.14,100,38,87,8.4,6.0,35.0,5,10
1783014740.298,633.115,295.6,79.14,100,44,90,9343.0,15365.2,290.1,79.15,100,46,86,12679.6,5.7,279.8,79.15,100,35,89,2.7,17217.7,271.4,79.14,100,36,87,20748.0,5.5,35.0,5,10
1783014740.739,633.557,299.1,79.14,100,46,90,14187.4,10.2,287.6,79.15,100,48,86,6.6,36.8,277.6,79.15,100,39,89,19691.2,17192.4,266.8,79.14,100,39,87,8.3,4.6,35.0,5,10
1783014741.190,634.008,299.3,79.14,100,46,89,1.9,4.6,288.9,79.15,100,45,86,1.8,17133.2,277.6,79.15,100,39,89,20751.4,5.3,273.9,79.14,100,45,87,3.7,5.4,35.0,5,10
1783014741.633,634.451,299.3,79.14,100,46,89,3.3,4.5,288.9,79.15,100,45,86,500.9,17136.4,283.4,79.15,100,48,90,20751.4,7.5,273.9,79.14,100,45,87,11.0,8.9,35.0,5,10
1783014742.083,634.901,301.7,79.14,100,55,90,2.7,4.5,290.8,79.15,100,47,85,510.6,17107.2,286.2,79.15,100,39,89,20750.7,4.6,274.8,79.14,100,42,86,3.5,4.6,35.0,5,10
1783014742.525,635.343,301.0,79.14,100,47,91,2.3,4.8,295.0,79.15,100,47,86,4.1,17134.5,286.7,79.15,100,48,90,20748.8,4.9,276.8,79.14,100,44,87,2.3,4.7,35.0,5,10
1783014742.967,635.785,299.9,79.14,100,50,90,2.6,7.3,294.4,79.15,100,46,86,499.7,17116.2,284.6,79.15,100,40,89,20746.1,4.8,275.2,79.14,100,41,86,3.4,4.5,35.0,5,10
1783014743.411,636.229,299.4,79.14,100,47,90,2.8,6244.4,292.6,79.15,100,47,86,18208.8,12239.5,283.7,79.15,100,39,90,2.7,5.9,275.1,79.14,100,42,87,20771.5,16954.4,35.0,5,10
1783014743.853,636.671,297.8,79.14,100,45,89,12701.3,5.8,291.7,79.15,100,45,86,2.1,17118.9,280.2,79.15,100,37,89,20746.5,8.3,274.8,79.14,100,37,87,7.9,9346.8,35.0,5,10
1783014744.296,637.114,298.7,79.14,100,45,90,16104.2,6679.1,285.5,79.15,98,42,86,2.7,4.3,273.1,79.15,100,7,89,2.2,17243.2,261.6,79.14,100,9,89,20750.0,5.2,38.0,5,9
1783014744.739,637.557,294.7,79.14,100,50,89,6.7,4062.8,285.0,79.15,100,53,86,15372.3,15879.0,282.6,79.15,100,59,90,3.4,4.1,269.4,79.14,100,46,87,2.2,3960.3,38.0,5,9
1783014745.186,638.004,295.1,79.14,100,48,89,2.2,4.2,293.8,79.15,100,50,86,1.8,5781.8,282.6,79.15,100,59,90,15695.3,14324.5,281.7,79.14,100,50,87,3.5,4.4,38.0,5,9
1783014745.628,638.446,295.1,79.14,100,48,89,15816.0,4690.3,293.8,79.15,100,50,86,4.5,4.9,291.1,79.15,100,54,90,8342.6,13200.8,281.7,79.14,100,50,87,16233.6,7.4,38.0,5,9
1783014746.073,638.891,300.2,79.14,100,47,90,10.2,5.3,298.6,79.15,100,54,86,504.1,17108.0,286.4,79.15,100,37,88,20746.4,6.0,280.6,79.14,100,46,87,2.2,13508.3,38.0,5,9
1783014746.525,639.342,297.2,79.14,100,45,90,16095.3,6527.5,292.6,79.15,100,45,86,5.2,896.0,282.8,79.15,100,33,88,18182.2,17190.7,273.4,79.14,99,33,87,2.1,5.6,38.0,5,9
1783014746.966,639.784,296.4,79.14,100,42,90,6.2,7.3,285.0,79.15,99,38,86,20219.8,17105.8,278.9,79.15,100,37,88,2.2,4.7,266.4,79.14,100,40,86,2.0,15763.4,38.0,5,9
1783014747.413,640.230,299.5,79.14,100,48,90,2.9,5890.5,288.4,79.15,100,57,86,16234.1,13961.7,279.7,79.15,100,38,89,2.5,4.6,271.5,79.14,100,45,87,1.9,17262.6,38.0,5,9
1783014747.854,640.672,301.0,79.14,100,51,91,4.2,2109.4,291.2,79.15,100,46,86,17221.8,17107.2,285.4,79.15,100,44,90,4.0,7.2,274.8,79.14,100,40,85,7.7,17239.2,38.0,5,9
1783014748.297,641.115,301.0,79.14,100,46,90,1.9,4.7,294.4,79.15,100,54,86,19361.7,12940.9,284.9,79.15,100,39,89,4972.2,4.6,277.1,79.14,100,48,87,3.6,4351.4,38.0,5,9
1783014748.741,641.559,301.8,79.14,100,57,91,6.6,8.6,292.7,79.15,100,47,85,15690.8,14103.5,284.6,79.15,100,36,89,7044.6,4.9,276.0,79.14,100,40,86,2.4,5630.8,38.0,5,9
1783014749.188,642.006,299.2,79.14,100,48,90,1.9,4.5,292.5,79.15,100,56,86,14621.7,13080.9,284.6,79.15,100,36,89,9334.0,4.9,275.6,79.14,100,44,87,3.7,7759.2,38.0,5,9
1783014749.632,642.449,299.2,79.14,100,48,90,2.1,15887.1,292.5,79.15,100,56,86,15825.6,4072.3,285.6,79.15,100,39,90,3.0,7.5,275.6,79.14,100,44,87,19706.7,17127.8,38.0,5,9
1783014750.079,642.897,299.6,79.14,100,46,90,4947.5,5.9,292.4,79.15,100,46,85,3380.7,14249.0,283.0,79.15,100,37,89,19760.3,5.8,274.4,79.14,100,40,86,2.8,17225.7,38.0,5,9
1783014750.521,643.339,297.3,79.14,100,45,89,20705.4,17106.8,287.8,79.15,100,43,86,20706.0,17104.7,276.5,79.15,100,32,88,1.8,4.6,267.0,79.14,100,32,86,1.9,8119.9,41.0,6,9
1783014750.964,643.782,287.7,79.14,100,12,89,2.2,12.2,276.4,79.15,100,29,86,8.4,72.6,271.1,79.15,100,44,89,19692.1,17198.9,258.7,79.14,100,47,87,2.8,4.3,41.0,6,9
1783014751.412,644.230,291.3,79.14,100,53,89,19424.3,17110.5,284.5,79.15,100,49,86,1.9,4.3,281.0,79.15,100,43,89,2.4,8549.9,270.3,79.14,100,43,86,17125.2,10438.9,41.0,6,9
1783014751.854,644.672,297.5,79.14,100,50,90,4.4,17115.3,298.0,79.15,100,47,86,20706.1,4.6,293.9,79.15,100,47,90,3.7,7.3,286.3,79.14,100,44,87,20782.5,15059.9,41.0,6,9
1783014752.296,645.114,301.5,79.14,100,54,90,18026.6,14259.3,296.8,79.15,100,53,86,2.1,5.5,286.4,79.15,100,36,89,17397.0,14919.7,276.8,79.14,100,39,85,4416.3,7.8,41.0,6,9
1783014752.738,645.556,297.3,79.14,100,37,90,5.6,17115.9,287.1,79.15,100,43,86,20707.1,8.3,278.4,79.15,100,33,89,3.5,15416.8,269.3,79.14,100,39,86,17754.3,2869.1,41.0,6,9
1783014753.182,646.000,294.6,79.14,100,46,89,10868.3,5.2,285.0,79.15,100,46,86,3.0,15942.9,278.4,79.15,100,33,89,17830.2,2320.3,269.3,79.14,100,39,86,3.2,4.8,41.0,6,9
1783014753.623,646.441,294.6,79.14,100,46,89,2.4,5.3,285.0,79.15,100,46,86,3.5,17118.5,277.2,79.15,100,37,90,20748.9,9.1,269.8,79.14,100,40,86,8.0,516.2,41.0,6,9
1783014754.076,646.894,299.7,79.14,100,50,90,2.4,4.5,288.6,79.15,100,46,85,20114.6,14381.4,281.3,79.15,100,41,89,2475.8,4.7,270.4,79.14,100,42,86,2.0,4849.2,41.0,6,9
1783014754.520,647.338,302.7,79.14,100,48,90,2.3,4.7,294.9,79.15,100,56,86,9741.4,14481.6,285.3,79.15,100,41,89,12768.4,4.8,277.0,79.14,100,50,87,2.5,505.5,41.0,6,9
1783014754.962,647.780,299.7,79.14,100,53,90,2.5,7.1,294.0,79.15,99,47,85,3533.6,15114.6,286.4,79.15,100,40,89,18051.5,10.3,277.4,79.14,100,41,86,1.9,481.8,41.0,6,9
1783014755.409,648.226,299.1,79.14,100,46,89,2.0,4.7,293.9,79.15,100,48,86,8522.7,14592.1,285.6,79.15,100,41,90,13559.6,5.0,277.9,79.14,100,46,87,3.6,529.4,41.0,6,9
1783014755.852,648.670,299.3,79.14,100,54,90,3.7,3344.6,293.1,79.15,100,47,85,18236.4,15095.0,284.9,79.15,100,37,89,3.6,9.0,275.3,79.14,100,40,87,9881.0,14651.4,41.0,6,9
1783014756.295,649.113,299.8,79.14,100,41,90,20704.5,5.7,289.3,79.15,100,43,85,3.0,10495.4,284.2,79.15,100,37,89,17987.5,7642.5,271.3,79.14,100,39,87,4.6,5.4,41.0,6,9
1783014756.737,649.555,297.4,79.14,100,45,91,5824.9,23019.3,288.6,79.15,100,47,85,3906.3,17107.0,273.7,79.15,100,7,88,20751.2,17196.5,265.4,79.14,98,11,87,1.8,4.3,43.0,6,8
1783014757.190,650.008,293.3,79.14,100,56,91,20710.0,17111.1,284.6,79.15,100,49,87,2.9,4.3,273.7,79.15,100,7,88,2.7,4.6,268.4,79.14,100,44,85,19740.5,16646.5,43.0,6,8
1783014757.633,650.450,293.3,79.14,100,56,91,2.7,4.6,284.6,79.15,100,49,87,18172.5,12511.8,277.9,79.15,100,43,89,6932.2,7.5,268.4,79.14,100,44,85,8.2,537.9,43.0,6,8
1783014758.080,650.898,296.7,79.14,100,54,90,2.4,4.6,291.6,79.15,100,49,87,2.9,11323.7,287.2,79.15,100,42,89,16016.9,8608.1,275.8,79.14,100,43,87,2.4,5.0,43.0,6,8
1783014758.522,651.340,301.0,79.14,100,49,90,2.9,5.6,300.7,79.15,100,45,86,18664.4,13196.2,291.3,79.15,100,42,90,5176.3,5.6,285.0,79.14,100,39,86,2.0,17244.9,43.0,6,8
1783014758.965,651.782,297.8,79.14,100,43,90,19380.4,1002.6,293.8,79.15,100,46,86,3.2,2881.6,284.5,79.15,100,31,89,17802.1,13735.6,276.2,79.14,100,37,85,23.0,11.5,43.0,6,8
1783014759.416,652.234,296.2,79.14,99,44,89,2.3,13475.6,286.0,79.15,99,42,86,16092.1,6708.8,277.8,79.15,100,35,89,2.7,5.4,268.5,79.14,100,38,87,20767.8,16954.6,43.0,6,8
1783014759.858,652.676,297.5,79.14,100,45,89,3.5,17119.8,287.6,79.15,100,47,86,20705.4,5.4,279.2,79.15,99,43,89,3.7,748.3,269.7,79.14,100,40,86,18821.3,17210.8,43.0,6,8
1783014760.299,653.117,303.6,79.14,100,57,90,14094.1,13248.4,290.7,79.15,100,54,86,10376.1,4.7,283.8,79.15,100,39,89,2.3,1235.8,270.6,79.14,100,39,86,18242.0,17194.2,43.0,6,8
1783014760.740,653.558,301.4,79.14,100,47,90,3.3,17118.0,293.4,79.15,100,46,86,20712.1,6.8,285.7,79.15,100,46,90,2.0,4.8,276.3,79.14,100,42,87,20784.1,15649.7,43.0,6,8
1783014761.185,654.002,301.4,79.14,100,54,90,2.3,14163.6,293.3,79.15,99,56,86,15788.5,6031.7,285.7,79.15,100,46,90,3.8,5.1,276.3,79.14,100,42,87,18344.8,13170.0,43.0,6,8
1783014761.627,654.445,301.4,79.14,100,54,90,2.0,17112.8,293.3,79.15,99,56,86,19711.0,871.8,285.5,79.15,100,38,90,2.0,7.7,278.0,79.14,100,45,87,20789.7,15367.9,43.0,6,8
1783014762.075,654.893,299.5,79.14,100,47,90,18619.9,13412.1,292.4,79.15,100,49,86,5558.2,5.5,285.8,79.15,100,40,90,1.9,17224.3,274.7,79.14,100,39,86,20755.7,7.9,43.0,6,8
1783014762.520,655.338,298.9,79.14,100,46,90,2.9,5.7,290.2,79.15,100,44,85,20709.9,17104.8,283.7,79.15,100,38,89,2.4,6.0,274.6,79.14,100,40,87,13030.2,13432.0,43.0,6,8
1783014762.964,655.782,299.4,79.14,100,43,91,17414.7,17278.6,286.7,79.15,100,45,87,16620.0,16906.0,275.9,79.15,99,30,89,16711.6,16838.3,268.2,79.14,100,35,86,17602.4,10936.9,46.0,7,8
1783014763.411,656.228,287.8,79.14,100,12,89,2.6,6994.3,276.6,79.15,100,13,85,17406.2,12070.3,268.5,79.15,100,44,88,2.5,4.3,258.7,79.14,100,47,86,3.4,7290.0,46.0,7,8
1783014763.854,656.672,292.7,79.14,100,61,90,4.6,4.4,283.6,79.15,100,50,85,1.9,11910.8,278.8,79.15,100,42,89,17162.5,6933.1,267.6,79.14,100,44,85,11.2,4.4,46.0,7,8
1783014764.297,657.115,295.5,79.14,100,51,89,20708.5,5.1,301.8,79.15,100,48,86,2.7,4.7,294.8,79.15,100,48,90,12170.3,14515.8,286.2,79.14,100,44,85,10417.3,5.0,46.0,7,8
1783014764.739,657.557,300.7,79.14,100,47,90,15068.2,11.4,298.9,79.15,100,53,86,7.3,17121.6,285.9,79.15,100,37,89,20746.1,5.6,280.2,79.14,100,38,87,2.9,3965.6,46.0,7,8
1783014765.187,658.005,299.5,79.14,100,40,90,20708.2,17111.3,290.3,79.15,100,39,86,4.0,5.7,285.9,79.15,100,37,89,17841.2,14531.8,270.5,79.14,100,39,86,4414.3,5.9,46.0,7,8
1783014765.630,658.448,299.5,79.14,100,40,90,2.0,5.1,290.3,79.15,100,39,86,20711.7,17106.2,279.4,79.15,100,36,89,2.9,8.6,270.5,79.14,100,39,86,12403.1,14525.5,46.0,7,8
1783014766.081,658.899,296.8,79.14,100,46,91,1.9,17117.2,286.0,79.15,100,46,86,20703.9,5.3,279.7,79.15,100,38,89,2.8,4.2,268.2,79.14,100,40,86,20289.2,17197.4,46.0,7,8
1783014766.526,659.344,299.2,79.14,100,46,90,12313.5,14410.3,289.1,79.15,100,51,86,10725.5,4.7,279.9,79.15,100,39,88,1.9,518.0,271.7,79.14,100,40,87,19451.5,17207.5,46.0,7,8
1783014766.969,659.787,300.4,79.14,100,49,90,6.5,17117.5,294.1,79.15,100,48,86,20704.8,4.7,285.2,79.15,100,47,90,3.9,4.5,276.7,79.14,100,43,86,20782.5,17192.4,46.0,7,8
1783014767.413,660.231,300.4,79.14,100,52,90,1.9,16416.5,293.6,79.15,100,54,86,17233.0,2822.6,285.9,79.15,100,39,89,2.8,5.1,278.8,79.14,100,44,87,17037.4,14490.1,46.0,7,8
1783014767.855,660.673,299.5,79.14,100,46,89,3.6,17113.1,293.7,79.15,100,46,86,20705.5,5.2,287.9,79.15,100,42,90,3.6,7.4,276.2,79.14,100,41,86,17582.7,15126.8,46.0,7,8
1783014768.298,661.116,299.7,79.14,100,52,90,5349.6,14884.5,293.5,79.15,100,54,86,17118.3,5.5,285.2,79.15,100,38,89,2.2,9719.4,275.7,79.14,100,41,87,17844.9,8607.7,46.0,7,8
1783014768.739,661.557,300.7,79.14,100,45,90,108.2,9.6,291.0,79.15,100,41,86,9422.5,16272.5,279.9,79.15,100,37,88,10852.4,6.0,270.7,79.14,100,38,86,2.1,17234.5,46.0,7,8
1783014769.187,662.005,297.1,79.14,100,45,90,24003.1,2995.1,285.8,79.15,100,47,85,20718.4,13246.7,279.9,79.15,100,37,88,18118.1,17026.8,270.7,79.14,100,38,86,307.1,17201.7,49.0,7,7
1783014769.631,662.449,297.1,79.14,100,45,90,1.7,3.9,285.8,79.15,100,47,85,1.8,10.6,275.7,79.15,98,8,88,19714.2,17206.7,266.3,79.14,98,22,85,11.5,7.0,49.0,7,7
1783014770.076,662.894,295.4,79.14,100,61,90,12054.1,12824.1,282.1,79.15,100,51,86,12829.5,4.5,277.9,79.15,100,43,90,3.9,3.8,269.1,79.14,100,50,87,20296.6,17198.9,49.0,7,7
1783014770.518,663.336,297.3,79.14,100,61,90,2.4,4.8,292.1,79.15,100,48,85,19435.5,17110.8,289.4,79.15,100,41,88,1.9,4.7,276.0,79.14,100,42,86,3.9,17292.6,49.0,7,7
1783014770.961,663.779,298.2,79.14,100,51,90,3.8,12034.0,299.4,79.15,100,48,85,15786.9,8210.2,293.4,79.15,100,39,89,4.6,5.5,282.6,79.14,100,39,85,20776.6,17189.4,49.0,7,7
1783014771.404,664.222,297.6,79.14,99,43,90,16500.9,5.6,295.8,79.15,100,44,86,2.6,17111.0,285.5,79.15,100,35,89,18693.7,1676.9,276.6,79.14,100,39,85,4.3,1839.1,49.0,7,7
1783014771.849,664.667,297.5,79.14,100,42,90,12512.4,13434.8,287.5,79.15,100,44,86,11807.1,4.8,277.5,79.15,100,36,89,2.6,8438.8,269.0,79.14,100,39,86,16038.3,11458.0,49.0,7,7
1783014772.291,665.109,297.2,79.14,100,45,91,20710.7,17107.9,286.0,79.15,100,44,86,2.8,5.0,279.9,79.15,100,38,89,2.7,17212.3,270.4,79.14,100,40,87,20754.2,5.8,49.0,7,7
1783014772.733,665.550,301.2,79.14,100,48,90,16962.7,8201.7,293.4,79.15,100,57,86,9.8,6.8,281.6,79.15,100,37,88,11241.5,13291.0,272.9,79.14,100,43,87,12988.3,4.7,49.0,7,7
1783014773.181,665.998,301.2,79.14,100,49,90,15947.9,15516.3,293.9,79.15,100,46,85,1.8,4.7,281.6,79.15,100,37,88,2.8,17247.1,272.9,79.14,100,43,87,20750.2,5.2,49.0,7,7
1783014773.626,666.443,301.2,79.14,100,49,90,20706.6,17108.2,293.9,79.15,100,46,85,1.9,4.7,285.2,79.15,100,40,89,1.9,15529.8,276.0,79.14,100,41,86,21220.0,10.0,49.0,7,7
1783014774.074,666.892,299.9,79.14,100,48,90,17453.8,8679.2,296.2,79.15,100,57,86,2.7,4.5,287.0,79.15,100,40,89,1086.9,16736.4,279.5,79.14,100,48,87,20749.5,4.9,49.0,7,7
1783014774.516,667.334,300.0,79.14,100,51,91,16329.2,10777.8,292.6,79.15,100,46,87,2.1,5.2,285.1,79.15,100,36,89,15103.9,13262.0,275.8,79.14,100,40,86,7871.3,6.1,49.0,7,7
1783014774.959,667.777,299.4,79.14,100,45,90,2.9,5734.8,291.9,79.15,100,46,86,16515.5,14047.1,282.8,79.15,100,37,89,2.9,5.8,273.7,79.14,100,38,87,20747.4,14405.2,49.0,7,7
1783014775.401,668.219,300.5,79.14,100,44,90,14148.1,5.9,289.5,79.15,100,44,86,3.1,17169.7,278.2,79.15,100,33,89,19111.0,17193.0,269.1,79.14,100,35,87,19684.0,17218.1,52.0,8,7
1783014775.844,668.662,290.0,79.14,100,11,89,20710.6,17108.5,275.6,79.15,100,12,87,4.6,4.1,269.7,79.15,100,44,88,1.8,515.1,261.1,79.14,100,58,87,19721.2,17211.4,52.0,8,7
1783014776.289,669.107,293.0,79.14,100,70,90,9.3,4.9,284.1,79.15,100,58,86,16718.3,14230.4,277.8,79.15,100,42,89,5972.9,4.6,269.8,79.14,100,53,87,2.8,537.0,52.0,8,7
1783014776.732,669.550,300.3,79.14,100,61,90,5.4,10.9,292.7,79.15,100,48,85,508.4,17143.3,295.8,79.15,100,42,89,20750.1,4.9,282.1,79.14,100,44,85,1.9,4.7,52.0,8,7
1783014777.185,670.003,298.4,79.14,100,46,90,2.6,5.8,297.5,79.15,100,46,86,17043.9,14419.3,295.8,79.15,100,42,89,5277.1,5.7,282.1,79.14,100,44,85,493.9,16766.2,52.0,8,7
1783014777.629,670.447,298.4,79.14,100,46,90,19912.0,692.8,297.5,79.15,100,46,86,3.0,2067.2,287.9,79.15,100,36,89,18941.3,15520.2,280.4,79.14,100,37,86,8.0,7.9,52.0,8,7
1783014778.071,670.889,297.2,79.14,100,43,89,3.6,17115.3,292.3,79.15,100,37,86,20702.9,5.1,279.7,79.15,100,36,89,4.1,482.2,271.6,79.14,100,37,87,19701.4,17190.4,52.0,8,7
1783014778.512,671.330,299.0,79.14,100,46,90,20708.1,15740.7,284.6,79.15,100,46,86,687.4,4.9,278.3,79.15,100,37,89,2.0,13009.2,264.5,79.14,100,40,85,17398.0,5730.0,52.0,8,7
1783014778.954,671.772,299.1,79.14,100,46,90,17961.2,16920.3,288.8,79.15,100,50,86,3.6,4.9,279.6,79.15,100,38,88,1.8,17208.2,271.3,79.14,100,42,86,20752.9,4.7,52.0,8,7
1783014779.397,672.215,299.9,79.14,100,51,90,20715.5,17109.2,291.7,79.15,100,49,85,1.9,4.7,285.9,79.15,100,42,89,2.5,11395.5,277.1,79.14,100,42,85,17292.6,7562.6,52.0,8,7
1783014779.842,672.660,301.0,79.14,100,48,90,12738.9,14424.0,293.6,79.15,100,54,86,10407.8,4.6,287.6,79.15,100,40,89,1.9,522.7,279.3,79.14,100,48,87,20765.2,15521.5,52.0,8,7
1783014780.287,673.105,300.3,79.14,100,51,90,14024.8,14247.5,293.7,79.15,100,45,85,8824.1,4.7,285.4,79.15,100,39,89,2.0,509.7,276.4,79.14,100,41,86,19703.2,17197.7,52.0,8,7
1783014780.728,673.546,299.5,79.14,100,48,89,9470.7,20946.2,293.6,79.15,100,50,86,9.7,7.1,286.5,79.15,100,44,90,2.0,17234.8,278.7,79.14,100,49,87,20751.8,5.6,52.0,8,7
1783014781.186,674.004,298.4,79.14,100,47,90,8678.5,5.8,293.1,79.15,100,45,85,2.9,17117.9,286.5,79.15,100,44,90,20751.5,5.5,278.7,79.14,100,49,87,3.8,7706.0,52.0,8,7
1783014781.629,674.447,298.4,79.14,100,47,90,20708.5,17110.6,293.1,79.15,100,45,85,2.1,6.0,281.9,79.15,100,34,89,13930.7,22860.6,275.1,79.14,100,38,86,10873.2,17403.0,55.0,8,6
1783014782.080,674.898,297.6,79.14,100,45,91,4.0,4.3,287.8,79.15,100,47,86,1977.2,15427.7,277.6,79.15,98,30,88,20753.6,4.3,267.8,79.14,98,36,87,1.8,4.3,55.0,8,6
1783014782.522,675.340,294.4,79.14,100,51,89,15496.1,16153.8,285.1,79.15,100,52,86,1.9,4.4,280.2,79.15,100,57,90,1.8,12113.8,269.1,79.14,100,51,87,15383.1,8340.8,55.0,8,6
1783014782.963,675.780,296.9,79.14,100,49,90,3.5,14516.9,291.5,79.15,100,56,86,16075.7,5491.1,286.4,79.15,100,49,90,4.6,4.9,276.6,79.14,100,50,87,7080.3,13045.6,55.0,8,6
1783014783.409,676.226,301.7,79.14,100,52,90,1.9,5925.2,299.2,79.15,100,59,86,17031.3,12107.8,288.8,79.15,100,37,89,2.8,5.8,281.1,79.14,100,46,87,20777.7,14733.8,55.0,8,6
1783014783.853,676.670,297.4,79.14,100,45,89,20707.5,5.9,293.4,79.15,100,46,86,4.7,13679.3,285.9,79.15,100,36,89,16126.8,6211.8,276.6,79.14,100,39,87,8.4,5.1,55.0,8,6
1783014784.294,677.112,296.4,79.14,100,45,89,13287.2,13362.3,289.9,79.15,100,42,86,10860.8,5.3,278.4,79.15,100,35,89,2.3,14810.0,268.4,79.14,100,32,86,16152.6,4783.9,55.0,8,6
1783014784.736,677.554,299.4,79.14,100,44,90,24017.8,2386.6,287.4,79.15,100,45,86,7.1,6.9,278.0,79.15,100,39,88,14672.9,13023.7,268.4,79.14,100,49,87,9740.8,5.0,55.0,8,6
1783014785.185,678.003,298.8,79.14,100,44,89,20708.5,4.9,287.8,79.15,100,46,85,2.9,4.3,278.0,79.15,100,39,88,20771.6,17194.6,268.4,79.14,100,49,87,3.0,4.8,55.0,8,6
1783014785.630,678.447,298.8,79.14,100,44,89,20706.4,5.1,287.8,79.15,100,46,85,2.8,4.7,285.1,79.15,100,40,89,12109.2,12735.5,273.3,79.14,100,40,86,12656.1,7.5,55.0,8,6
1783014786.075,678.893,301.7,79.14,99,48,90,15380.9,8290.1,292.5,79.15,100,56,86,2.6,4.5,285.1,79.15,99,38,88,1077.3,16758.2,276.4,79.14,100,49,87,20747.9,4.5,55.0,8,6
1783014786.517,679.335,302.2,79.14,100,50,90,16045.7,16943.9,293.4,79.15,100,46,85,2.8,4.9,285.9,79.15,100,38,89,494.7,17234.3,276.3,79.14,100,41,87,20754.5,5.1,55.0,8,6
1783014786.959,679.777,298.9,79.14,100,47,90,20145.3,17115.8,293.8,79.15,100,53,86,3.7,4.9,286.0,79.15,100,40,89,2.0,17253.2,278.3,79.14,100,50,87,20753.5,5.8,55.0,8,6
1783014787.402,680.220,299.3,79.14,100,52,90,10598.4,5.8,292.1,79.15,100,45,86,2.8,17119.5,283.8,79.15,100,36,89,20746.8,6.1,275.3,79.14,100,39,85,8.3,16511.6,55.0,8,6
1783014787.848,680.666,297.9,79.14,100,40,90,16381.8,14119.2,287.3,79.15,100,46,85,2.1,5.8,279.9,79.15,100,30,89,20756.0,14702.2,272.6,79.14,100,36,86,1351.3,7.8,58.0,9,6
1783014788.291,681.108,294.9,79.14,98,28,89,20708.4,17106.7,282.3,79.15,98,13,85,2.8,4.5,269.2,79.15,100,45,89,5.1,6314.1,260.0,79.14,100,30,85,17414.0,12509.1,58.0,9,6
1783014788.732,681.550,291.4,79.14,100,52,90,7.4,10.2,285.0,79.15,100,51,85,20737.3,17113.5,280.3,79.15,100,53,89,2.1,4.6,269.1,79.14,100,44,86,1.8,3333.1,58.0,9,6
1783014789.185,682.003,296.5,79.14,100,50,89,3.9,4.2,291.1,79.15,100,54,86,2.7,5530.2,280.3,79.15,100,53,89,17438.3,13367.4,269.1,79.14,100,44,86,3.3,4.9,58.0,9,6
1783014789.630,682.448,296.5,79.14,100,50,89,5562.6,4.7,291.1,79.15,100,54,86,1.8,4386.3,293.9,79.15,100,54,90,17884.7,13619.8,283.3,79.14,100,50,86,12.5,11.7,58.0,9,6
1783014790.082,682.900,301.6,79.14,100,52,90,16128.5,14881.2,296.8,79.15,100,50,86,6521.9,6.0,286.5,79.15,100,38,88,3226.3,15031.1,278.8,79.14,100,42,86,18868.7,5.8,58.0,9,6
1783014790.525,683.343,298.6,79.14,100,41,90,2.2,6179.4,290.0,79.15,100,40,85,18132.0,12359.7,280.1,79.15,100,36,89,2.8,5.4,269.8,79.14,100,37,86,16264.5,14579.6,58.0,9,6
1783014790.968,683.786,295.1,79.14,100,43,90,19619.1,14286.5,285.0,79.15,100,45,85,3641.3,4.8,279.2,79.15,100,40,89,1.9,7966.2,268.7,79.14,100,41,86,17762.4,10502.9,58.0,9,6
1783014791.413,684.231,299.5,79.14,100,52,90,20706.9,17107.7,287.4,79.15,100,47,86,1.9,5.0,279.9,79.15,100,37,89,2.2,17238.1,270.4,79.14,100,40,86,20746.2,5.6,58.0,9,6
1783014791.857,684.675,300.7,79.14,100,48,89,20708.2,17109.9,293.5,79.15,100,53,86,3.5,4.6,283.3,79.15,100,42,89,1.8,14577.4,276.8,79.14,100,48,87,17365.7,4150.3,58.0,9,6
1783014792.299,685.117,301.5,79.14,100,56,90,18815.1,14156.3,293.5,79.15,100,47,86,4546.5,4.7,286.3,79.15,100,39,89,2.3,2677.0,276.0,79.14,100,41,86,17345.8,16473.9,58.0,9,6
1783014792.740,685.558,300.0,79.14,100,48,91,12739.8,14454.4,293.4,79.15,100,45,86,10393.8,6.0,285.1,79.15,100,44,89,2.0,7096.8,277.0,79.14,100,44,86,17473.6,11467.6,58.0,9,6
1783014793.185,686.003,299.6,79.14,100,50,90,17382.9,14367.0,293.3,79.15,100,45,86,5625.4,4.7,285.1,79.15,100,44,89,4.5,7266.0,277.0,79.14,100,44,86,17499.2,11464.7,58.0,9,6
1783014793.627,686.445,299.6,79.14,100,50,90,20707.2,6.3,293.3,79.15,100,45,86,2.2,5716.2,284.7,79.15,100,39,89,20940.6,10190.4,275.3,79.14,100,41,86,9.9,7.7,58.0,9,6
1783014794.074,686.892,299.7,79.14,100,46,90,19336.6,14616.6,291.6,79.15,100,46,86,3509.7,5.8,282.1,79.15,100,35,88,1070.1,16731.6,270.7,79.14,100,37,86,20752.1,5.8,61.0,9,5
1783014794.515,687.333,297.1,79.14,100,40,90,2.1,4.4,287.5,79.15,100,43,85,14598.0,13078.7,279.6,79.15,100,34,89,9519.3,4.5,270.4,79.14,100,39,87,2.4,499.5,61.0,9,5
1783014794.957,687.775,292.8,79.14,100,56,91,20705.8,7.0,280.6,79.15,100,50,85,4.5,4.3,277.4,79.15,100,42,89,1685.0,15774.8,267.1,79.14,100,44,87,20753.6,4.7,61.0,9,5
1783014795.401,688.218,294.4,79.14,100,52,90,5202.7,13052.9,291.0,79.15,100,47,85,19140.1,4.3,284.4,79.15,100,39,89,2.1,4.4,275.4,79.14,100,43,85,11191.6,12800.0,61.0,9,5
1783014795.843,688.661,299.5,79.14,100,49,90,2.8,9841.4,302.2,79.15,100,49,85,16137.3,9921.8,292.5,79.15,100,43,89,1.9,5.0,284.8,79.14,100,38,86,2508.9,14359.4,61.0,9,5
1783014796.288,689.106,299.8,79.14,100,43,90,16338.8,12346.2,295.6,79.15,100,44,85,2.1,5.8,286.1,79.15,100,37,89,20762.4,17186.5,277.2,79.14,100,39,87,9.2,5.8,61.0,9,5
1783014796.729,689.547,298.5,79.14,100,43,91,6.6,17119.5,287.2,79.15,100,46,85,20551.1,9.1,276.7,79.15,99,30,89,2.3,12539.1,268.6,79.14,100,35,86,17732.6,5573.3,61.0,9,5
1783014797.178,689.996,295.9,79.14,100,44,90,20707.5,4.7,286.2,79.15,100,43,85,2.8,4.7,276.7,79.15,99,30,89,18153.2,13130.6,268.6,79.14,100,35,86,5277.7,5.2,61.0,9,5
1783014797.620,690.438,295.9,79.14,100,44,90,14827.5,4.6,286.2,79.15,100,43,85,9.2,3.9,279.8,79.15,100,45,89,20393.6,17203.3,270.1,79.14,100,41,85,12.6,7.6,61.0,9,5
1783014798.064,690.882,301.0,79.14,100,46,90,12583.9,4.4,290.2,79.15,100,45,86,4.2,8.8,281.0,79.15,100,39,88,19710.0,17197.4,272.5,79.14,100,43,87,2.3,4.6,61.0,9,5
1783014798.506,691.323,301.9,79.14,100,47,91,20708.5,5.0,293.7,79.15,100,48,86,1.9,4.5,286.2,79.15,100,45,89,11108.6,13087.8,276.7,79.14,100,40,86,13216.6,5.3,61.0,9,5
1783014798.947,691.764,300.9,79.14,100,52,90,17889.6,7348.4,294.2,79.15,100,53,86,5.0,4.8,286.0,79.15,100,39,90,11152.1,13570.0,277.8,79.14,100,47,87,12769.3,4.9,61.0,9,5
1783014799.393,692.210,298.9,79.14,100,46,89,15707.3,5672.4,292.8,79.15,100,46,85,3.7,4.9,286.5,79.15,100,46,89,13179.6,13399.9,275.4,79.14,100,43,85,10822.8,4.9,61.0,9,5
1783014799.836,692.653,299.7,79.14,100,51,90,3722.6,5.4,293.3,79.15,100,51,86,2.8,17123.4,284.4,79.15,100,37,88,20748.7,6.1,273.5,79.14,100,39,86,5.8,10242.1,61.0,9,5
1783014800.279,693.097,300.6,79.14,100,39,90,20072.7,17113.4,289.9,79.15,100,40,85,2.3,5.9,278.5,79.15,100,33,89,17194.4,13775.6,270.4,79.14,100,38,86,6427.7,7.0,61.0,9,5
1783014800.720,693.538,294.0,79.14,98,40,90,17563.6,4452.3,283.6,79.15,98,30,86,5.2,7.1,268.3,79.15,100,28,88,6140.6,14384.3,259.0,79.14,100,11,87,16800.1,4.7,64.0,10,5
1783014801.166,693.984,290.9,79.14,100,55,90,2.8,17115.5,282.4,79.15,100,50,86,20707.1,4.8,268.3,79.15,100,28,88,4.4,4.3,259.0,79.14,100,11,87,1101.8,16749.1,64.0,10,5
1783014801.613,694.431,290.9,79.14,100,55,90,1.8,6.4,282.4,79.15,100,50,86,11336.9,14322.3,278.0,79.15,100,41,89,11096.5,10.2,267.6,79.14,100,45,87,2.8,14.8,64.0,10,5
1783014802.062,694.880,292.1,79.14,100,49,89,2.8,4.8,290.8,79.15,100,48,86,503.4,17110.4,291.7,79.15,100,47,89,20752.3,4.6,280.1,79.14,100,44,85,2.0,4.6,64.0,10,5
1783014802.505,695.322,300.5,79.14,100,46,90,2.4,17113.0,300.1,79.15,100,52,86,20704.4,6.0,288.1,79.15,100,38,89,3.2,12528.9,282.2,79.14,100,46,86,17700.6,5969.0,64.0,10,5
1783014802.946,695.764,299.5,79.14,100,45,89,6.5,6.1,293.7,79.15,100,41,86,20710.7,17104.3,279.7,79.15,100,35,89,2.7,5.6,272.2,79.14,100,33,87,8031.0,14798.9,64.0,10,5
1783014803.392,696.210,298.7,79.14,100,43,90,20708.6,17111.1,284.4,79.15,100,43,86,1.9,5.3,280.0,79.15,100,38,89,3.6,12055.0,265.3,79.14,100,41,85,17509.6,6680.7,64.0,10,5
1783014803.834,696.652,299.9,79.14,100,47,90,18104.1,16382.9,288.4,79.15,100,52,86,1.9,4.5,280.1,79.15,100,37,88,1.9,17233.6,270.6,79.14,100,45,86,20727.9,10.2,64.0,10,5
1783014804.276,697.094,298.5,79.14,100,46,90,20094.2,17110.8,292.1,79.15,100,47,85,3.5,4.7,286.7,79.15,100,46,89,1.9,15059.4,276.4,79.14,100,43,85,17435.6,3769.7,64.0,10,5
1783014804.718,697.536,300.6,79.14,100,48,90,13914.8,15452.9,295.7,79.15,100,56,86,7412.9,8.2,285.9,79.15,100,38,88,8.2,2099.5,277.1,79.14,100,47,87,17882.0,16711.8,64.0,10,5
1783014805.162,697.980,300.6,79.14,100,48,90,1640.2,15696.9,294.7,79.15,100,46,85,20219.5,4.7,285.9,79.15,100,38,88,2.7,4.6,277.1,79.14,100,47,87,20782.4,17192.3,64.0,10,5
1783014805.604,698.422,302.5,79.14,100,57,90,1.9,17117.2,294.7,79.15,100,46,85,20705.9,5.1,286.3,79.15,100,38,89,3.2,5.1,275.9,79.14,100,40,85,20785.1,17197.2,64.0,10,5
1783014806.055,698.873,299.4,79.14,100,48,90,20707.7,17111.5,295.7,79.15,100,53,86,2.1,5.3,287.6,79.15,100,39,89,2.0,17233.3,278.0,79.14,100,47,87,20756.4,6.2,64.0,10,5
1783014806.499,699.317,298.3,79.14,100,46,90,3.8,5.4,292.4,79.15,100,45,85,20708.2,17104.7,282.6,79.15,99,33,89,3.8,5.8,274.5,79.14,100,38,86,12425.0,14653.4,64.0,10,5
1783014806.942,699.760,297.1,79.14,100,44,90,25196.8,4582.3,287.8,79.15,100,44,86,20522.2,13249.8,278.8,79.15,100,38,88,15803.5,4.3,271.1,79.14,100,39,86,3.6,4.4,67.0,10,4
1783014807.392,700.209,293.8,79.14,100,46,90,20708.5,3.9,284.2,79.15,100,63,86,1.8,4.1,275.7,79.15,100,46,90,1096.8,16744.8,267.8,79.14,100,55,87,20754.3,4.3,67.0,10,4
1783014807.834,700.652,297.4,79.14,100,49,90,1.9,17118.2,292.0,79.15,100,63,86,20707.6,4.4,284.9,79.15,100,43,89,1.9,4.7,275.6,79.14,100,54,87,8674.7,12951.3,67.0,10,4
1783014808.280,701.097,301.3,79.14,100,61,90,1.9,4.4,298.8,79.15,100,55,86,20236.0,17110.8,291.9,79.15,100,39,89,2.8,4.9,282.0,79.14,100,45,87,1.9,16250.1,67.0,10,4
1783014808.723,701.541,296.9,79.14,100,46,89,7018.5,13537.4,296.4,79.15,100,45,86,17136.7,5.9,288.6,79.15,100,34,89,6.5,17229.7,277.0,79.14,100,37,86,18694.6,1612.8,67.0,10,4
1783014809.172,701.990,296.8,79.14,100,43,90,2.1,5.9,292.7,79.15,100,44,86,20711.1,15562.7,288.6,79.15,100,34,89,306.9,6.1,277.0,79.14,100,37,86,9091.1,13563.4,67.0,10,4
1783014809.615,702.433,296.8,79.14,100,43,90,20708.2,17108.6,292.7,79.15,100,44,86,1.9,5.6,279.0,79.15,100,35,89,1075.6,16726.8,272.4,79.14,100,36,86,20760.0,7.7,67.0,10,4
1783014810.061,702.879,299.2,79.14,100,44,90,16154.5,8199.3,287.9,79.15,100,47,86,2.1,5.2,276.5,79.15,100,38,89,15472.6,13268.2,266.6,79.14,100,41,87,8451.0,4.5,67.0,10,4
1783014810.503,703.321,298.8,79.14,100,45,89,17255.4,2680.8,288.0,79.15,100,44,85,1.8,4.7,284.9,79.15,100,48,89,8915.3,12947.6,273.1,79.14,100,43,85,15382.0,4.8,67.0,10,4
1783014810.945,703.763,301.7,79.14,100,52,90,19615.6,17109.6,291.0,79.15,100,54,86,1.9,4.7,285.4,79.15,100,39,90,491.0,17242.5,275.9,79.14,100,46,87,20749.9,4.5,67.0,10,4
1783014811.390,704.208,301.5,79.14,100,47,90,17384.7,13150.6,294.1,79.15,100,46,86,6992.4,5.2,287.9,79.15,100,43,89,2.5,10382.6,276.5,79.14,100,41,87,16189.6,8824.5,67.0,10,4
1783014811.831,704.649,299.1,79.14,100,46,90,12397.9,16587.3,296.2,79.15,100,52,86,3548.0,4.8,284.6,79.15,100,38,88,2.0,17244.8,278.5,79.14,100,46,87,20760.8,6.9,67.0,10,4
1783014812.287,705.105,300.6,79.14,100,49,90,15955.3,10605.2,293.1,79.15,100,45,85,4.5,5.6,284.3,79.15,100,39,89,20766.4,14992.8,274.9,79.14,100,40,86,1126.7,5.5,67.0,10,4
1783014812.727,705.545,298.2,79.14,100,39,90,7.4,17114.3,289.8,79.15,100,44,87,19606.7,484.7,283.9,79.15,100,35,89,3.1,7009.3,272.8,79.14,100,38,86,17314.5,11332.6,67.0,10,4
1783014813.180,705.998,297.3,79.14,100,46,89,21177.0,15477.8,287.2,79.15,100,44,85,20704.0,17101.7,283.9,79.15,100,35,89,20749.2,17188.3,272.8,79.14,100,38,86,20753.5,4.6,70.0,11,4
1783014813.622,706.440,297.3,79.14,100,46,89,1.7,17111.4,287.2,79.15,100,44,85,20707.1,5.6,268.9,79.15,100,9,89,2.7,7.2,261.8,79.14,98,10,86,12182.4,13820.8,70.0,11,4
1783014814.077,706.895,290.9,79.14,100,51,89,1.8,4.5,283.8,79.15,100,55,86,8588.1,14492.5,278.6,79.15,100,60,90,13880.4,4.6,268.3,79.14,100,49,85,2.4,4.1,70.0,11,4
1783014814.521,707.339,294.8,79.14,100,50,90,2809.5,4.4,291.1,79.15,100,56,86,1.9,5762.4,292.2,79.15,100,52,90,17457.5,13134.1,276.4,79.14,100,55,86,1.9,4.9,70.0,11,4
1783014814.962,707.780,301.4,79.14,100,54,90,2.2,8.1,297.9,79.15,100,53,86,17720.4,14730.2,287.1,79.15,100,38,88,4046.6,5.7,280.1,79.14,100,40,87,2.3,17236.0,70.0,11,4
1783014815.406,708.224,298.7,79.14,100,46,90,20707.4,6.0,292.5,79.15,100,45,86,2.1,3671.2,285.4,79.15,100,34,88,18204.6,14328.4,271.2,79.14,100,36,85,3.1,5.9,70.0,11,4
1783014815.848,708.666,295.0,79.14,99,38,90,2.0,12014.8,286.2,79.15,100,42,86,17817.4,6719.3,279.6,79.15,100,39,89,8.2,7.1,268.6,79.14,100,40,85,19705.7,17188.6,70.0,11,4
1783014816.296,709.114,299.8,79.14,100,56,90,7633.5,14712.2,286.2,79.15,100,51,86,15020.1,5.3,279.7,79.15,100,38,88,4.2,11073.1,270.2,79.14,100,40,87,18373.8,6931.6,70.0,11,4
1783014816.738,709.556,301.1,79.14,100,47,89,20710.4,17111.9,292.1,79.15,100,46,86,6.7,7.3,282.7,79.15,100,42,89,2.0,17254.6,277.1,79.14,100,49,87,20154.8,431.4,70.0,11,4
1783014817.183,710.001,301.3,79.14,100,56,90,18751.0,14339.8,292.0,79.15,100,47,86,4334.7,4.8,282.7,79.15,100,42,89,3.7,8685.6,277.1,79.14,100,49,87,17458.1,9948.4,70.0,11,4
1783014817.624,710.442,301.3,79.14,100,56,90,8818.6,14390.2,292.0,79.15,100,47,86,14015.5,5.3,286.1,79.15,100,37,89,2.0,5860.0,276.3,79.14,100,41,85,22457.4,8600.1,70.0,11,4
1783014818.073,710.891,299.9,79.14,100,49,89,20708.8,15528.7,293.8,79.15,100,49,86,984.5,4.8,285.7,79.15,100,42,89,1.9,9654.2,276.3,79.14,100,45,86,17660.5,8792.1,70.0,11,4
1783014818.517,711.335,300.2,79.14,100,58,90,17912.8,15654.7,293.4,79.15,100,48,86,2.9,5.4,284.1,79.15,100,38,89,8396.1,14857.6,275.8,79.14,100,41,85,13872.9,6.0,70.0,11,4
1783014818.958,711.776,300.0,79.14,100,46,90,2.6,7.7,292.3,79.15,100,47,86,19817.1,17104.2,282.4,79.15,100,38,90,2.2,5.9,272.2,79.14,100,41,87,19565.9,14779.8,70.0,11,4
1783014819.401,712.219,298.4,79.14,100,42,90,3405.0,17110.8,290.6,79.15,100,41,85,20705.2,9954.8,279.4,79.15,100,36,89,20769.6,5908.6,269.9,79.14,100,37,86,20747.6,17188.5,72.0,11,3
1783014819.844,712.662,288.9,79.14,99,14,91,1.7,3.9,278.1,79.15,100,36,86,1.8,9475.0,276.6,79.15,100,46,90,15200.8,10820.9,264.1,79.14,100,47,86,10.7,7.0,72.0,11,3
1783014820.294,713.112,292.9,79.14,100,52,90,17903.0,17109.6,288.4,79.15,100,48,85,4.4,4.7,284.0,79.15,100,46,89,1.8,13620.6,275.4,79.14,100,43,85,15342.4,6921.2,72.0,11,3
1783014820.737,713.554,299.1,79.14,100,49,90,3.0,17117.8,302.7,79.15,100,47,85,20712.1,7.2,294.1,79.15,100,47,90,2.9,4.7,286.1,79.14,100,42,85,12326.0,13074.9,72.0,11,3
1783014821.186,714.004,300.3,79.14,100,49,90,3041.8,14506.9,296.9,79.15,100,54,86,20642.7,5.8,294.1,79.15,100,47,90,3.9,12657.3,286.1,79.14,100,42,85,16117.2,7122.2,72.0,11,3
1783014821.628,714.445,300.3,79.14,100,49,90,2.0,6.1,296.9,79.15,100,54,86,12684.4,13479.2,285.9,79.15,100,36,88,10865.5,8.7,277.4,79.14,100,39,86,496.5,17029.7,72.0,11,3
1783014822.073,714.891,298.6,79.14,100,37,90,16396.8,14259.0,287.9,79.15,100,39,85,1.9,5.0,281.4,79.15,100,36,89,4891.7,13585.7,269.1,79.14,100,39,86,18660.2,5.5,72.0,11,3
1783014822.516,715.334,296.2,79.14,100,46,90,20706.7,5.2,285.4,79.15,100,45,85,3.7,4.6,279.5,79.15,100,37,89,17538.7,13022.8,269.0,79.14,100,40,86,6933.2,5.8,72.0,11,3
1783014822.959,715.777,298.8,79.14,100,45,90,11765.8,7.3,288.9,79.15,100,50,86,2.1,1251.1,280.2,79.15,100,39,89,17670.8,17202.9,272.7,79.14,100,41,87,4.4,4.8,72.0,11,3
1783014823.400,716.218,300.2,79.14,100,48,90,20707.6,4.4,294.4,79.15,100,47,85,2.7,4.7,286.4,79.15,100,46,90,16148.6,12465.0,277.0,79.14,100,42,85,8637.8,4.9,72.0,11,3
1783014823.843,716.661,300.7,79.14,99,47,90,15642.9,8863.9,293.3,79.15,100,51,86,2.9,4.6,285.5,79.15,100,39,89,1556.7,16013.9,277.0,79.14,100,47,87,20758.7,7.7,72.0,11,3
1783014824.286,717.104,299.6,79.14,100,45,90,15972.9,6427.7,292.6,79.15,100,44,87,4.5,4.5,286.4,79.15,100,43,89,2531.3,15293.6,274.6,79.14,100,40,86,19679.8,4.9,72.0,11,3
1783014824.729,717.547,299.0,79.14,100,46,90,20709.5,10.5,292.6,79.15,100,51,86,10.0,7.3,284.0,79.15,99,38,90,19796.8,17206.8,275.4,79.14,100,46,87,2.1,5.7,72.0,11,3
1783014825.177,717.995,300.0,79.14,100,44,89,2.5,12132.1,291.9,79.15,100,40,86,16293.9,7679.5,284.0,79.15,99,38,90,2.8,5.4,275.4,79.14,100,46,87,20772.3,17208.8,72.0,11,3
1783014825.619,718.436,300.0,79.14,100,44,89,4275.4,5.9,291.9,79.15,100,40,86,2524.4,22636.7,279.0,79.15,100,35,88,17330.3,17291.3,270.9,79.14,100,33,86,17580.8,18078.2,75.0,12,3
1783014826.063,718.881,296.2,79.14,100,40,90,17407.9,14502.0,284.7,79.15,100,42,85,2.2,4.3,271.5,79.15,98,10,90,1.7,8382.0,264.6,79.14,98,23,87,17316.3,10452.0,75.0,12,3
1783014826.508,719.326,289.6,79.14,100,50,90,3.4,4.1,276.6,79.15,100,48,85,20239.7,17112.5,275.5,79.15,100,44,89,10.9,4.5,264.0,79.14,100,45,87,1.8,9804.2,75.0,12,3
1783014826.954,719.771,290.8,79.14,100,50,90,5.3,7.6,288.7,79.15,100,48,86,501.6,17142.0,290.2,79.15,100,49,89,20751.0,4.7,278.0,79.14,99,44,86,4.5,6.0,75.0,12,3
1783014827.399,720.216,300.4,79.14,100,49,90,2.9,5.5,300.4,79.15,100,50,86,13281.2,14773.6,289.4,79.15,100,40,89,8726.6,5.8,285.0,79.14,100,46,86,2.7,17254.4,75.0,12,3
1783014827.841,720.659,298.6,79.14,100,46,89,17914.8,5071.7,293.6,79.15,100,46,86,2.1,4.9,282.3,79.15,100,32,89,20273.9,17194.3,276.6,79.14,100,33,86,5.1,8.3,75.0,12,3
1783014828.286,721.104,296.5,79.14,100,43,90,2.0,17116.2,285.7,79.15,100,37,86,20705.3,5.1,277.0,79.15,100,38,88,3.0,485.3,267.0,79.14,100,38,87,19629.6,17187.3,75.0,12,3
1783014828.729,721.546,299.5,79.14,100,48,89,20712.6,17111.4,288.0,79.15,100,56,86,7.8,6.8,278.6,79.15,100,38,88,1074.0,16731.6,269.2,79.14,100,45,86,20746.5,5.5,75.0,12,3
1783014829.179,721.997,299.8,79.14,100,50,90,17665.3,4104.6,288.2,79.15,100,47,87,2.8,4.7,278.6,79.15,100,38,88,10524.7,14653.7,269.2,79.14,100,45,86,11910.5,4.5,75.0,12,3
1783014829.621,722.439,299.8,79.14,100,50,90,17547.1,15492.0,288.2,79.15,100,47,87,1.9,4.8,286.1,79.15,100,46,89,3.6,17254.4,275.6,79.14,100,42,86,20755.5,10.1,75.0,12,3
1783014830.066,722.884,301.5,79.14,100,48,90,20709.3,16662.1,294.9,79.15,100,55,86,2.2,4.9,285.7,79.15,100,40,88,8.7,11939.4,278.1,79.14,100,50,87,17073.4,6933.7,75.0,12,3
1783014830.511,723.329,302.4,79.14,100,57,90,20710.0,17108.2,294.2,79.15,100,48,85,2.9,4.6,286.5,79.15,100,37,89,4.6,9488.8,278.0,79.14,99,41,85,17249.2,9486.6,75.0,12,3
1783014830.953,723.771,299.0,79.14,100,49,89,16872.6,14552.8,294.8,79.15,100,58,86,4012.2,4.9,287.6,79.15,100,39,89,2.3,12572.4,279.7,79.14,100,46,87,17811.3,5905.3,75.0,12,3
1783014831.396,724.214,299.2,79.14,100,50,90,12507.4,5.7,293.3,79.15,100,45,86,3.7,17113.3,285.6,79.15,100,40,89,20745.4,6.1,276.3,79.14,99,40,85,2.8,5766.2,75.0,12,3
1783014831.841,724.659,297.8,79.14,100,46,90,20708.9,17109.1,287.4,79.15,100,46,85,2.3,5.8,280.2,79.15,100,33,89,8094.0,26630.8,269.9,79.14,100,38,86,753.7,16723.0,78.0,12,2
1783014832.288,725.106,293.5,79.14,100,9,89,1.9,4.4,281.8,79.15,100,9,86,3.3,17156.0,272.9,79.15,99,44,89,20748.7,5.3,266.8,79.14,100,56,87,2.5,4.2,78.0,12,2
1783014832.731,725.549,296.7,79.14,100,63,90,17852.4,15814.8,288.5,79.15,99,65,86,8.1,4.7,281.5,79.15,100,42,88,4.3,16235.0,273.3,79.14,100,58,87,15047.2,4545.2,78.0,12,2
1783014833.180,725.997,302.8,79.14,100,64,90,1.9,14698.9,295.6,79.15,100,48,86,15129.1,6207.2,281.5,79.15,100,42,88,3.5,5.0,273.3,79.14,100,58,87,7451.7,12787.2,78.0,12,2
1783014833.624,726.442,302.8,79.14,100,64,90,4.7,7861.6,295.6,79.15,100,48,86,15890.9,12398.4,293.5,79.15,100,41,89,3.8,8.3,285.3,79.14,100,44,87,20780.1,17194.7,78.0,12,2
1783014834.071,726.889,296.4,79.14,100,45,90,14968.9,6.0,299.1,79.15,100,45,85,2.2,17112.8,289.2,79.15,99,35,89,20745.5,6.3,280.9,79.14,100,39,86,4.6,7269.4,78.0,12,2
1783014834.517,727.334,296.7,79.14,100,44,90,20709.6,17111.1,292.8,79.15,100,43,86,2.1,5.4,280.3,79.15,100,36,88,662.2,16732.5,272.8,79.14,100,37,86,20752.2,5.1,78.0,12,2
1783014834.960,727.778,298.6,79.14,100,45,89,20706.6,7.0,287.5,79.15,100,46,86,2.9,3.8,276.6,79.15,99,37,88,20283.5,17195.0,267.6,79.14,99,43,87,4.0,5.0,78.0,12,2
1783014835.408,728.226,299.5,79.14,99,46,90,7549.0,4.9,288.1,79.15,99,44,85,2.2,8659.3,281.9,79.15,100,38,89,15529.1,10881.5,270.2,79.14,99,39,86,2.0,4.9,78.0,12,2
1783014835.852,728.669,302.6,79.14,100,56,90,11778.1,4.5,290.6,79.15,100,53,86,1.9,15.1,285.2,79.15,100,39,88,19702.4,17210.6,274.7,79.14,100,41,87,8.5,4.8,78.0,12,2
1783014836.294,729.112,300.0,79.14,99,48,90,20704.3,5.1,293.6,79.15,100,47,85,4.5,4.6,286.9,79.15,100,47,89,10096.8,13229.2,276.9,79.14,99,41,86,13982.5,4.7,78.0,12,2
1783014836.736,729.554,299.3,79.14,100,45,90,19026.9,3594.0,296.8,79.15,100,47,86,7.5,7.4,284.8,79.15,100,38,88,18826.0,12756.1,277.7,79.14,100,48,87,5764.6,4.6,78.0,12,2
1783014837.185,730.003,300.5,79.14,99,47,90,15375.6,4545.2,292.4,79.15,100,45,86,3.5,4.9,284.8,79.15,100,38,88,10432.8,13481.3,277.7,79.14,100,48,87,13342.0,5.1,78.0,12,2
1783014837.629,730.447,300.5,79.14,99,47,90,2.2,7.0,292.4,79.15,100,45,86,10531.2,13790.4,285.0,79.15,100,41,89,12524.5,9.2,276.0,79.14,100,41,87,1605.7,15498.8,78.0,12,2
1783014838.080,730.898,299.6,79.14,100,47,90,20705.7,5.6,290.2,79.15,100,47,85,3.0,6488.7,283.8,79.15,100,34,89,16154.6,13136.6,272.7,79.14,100,36,86,2.1,6.0,81.0,13,2
1783014838.523,731.341,296.7,79.14,100,38,90,17331.8,8556.2,286.2,79.15,100,43,85,2.8,4.5,275.4,79.15,98,32,89,491.7,17258.2,269.2,79.14,100,37,85,20750.0,4.3,81.0,13,2
1783014838.966,731.784,288.0,79.14,100,51,90,1.8,1066.8,280.2,79.15,100,59,86,18496.2,17104.2,273.4,79.15,100,54,90,3.8,4.5,266.9,79.14,100,57,86,3.4,15210.7,81.0,13,2
1783014839.415,732.233,293.8,79.14,100,50,89,4.0,4.2,290.1,79.15,100,61,86,1.6,17165.9,281.6,79.15,100,43,90,20754.0,5.5,275.1,79.14,100,52,87,2.7,4.9,81.0,13,2
1783014839.858,732.676,302.1,79.14,100,59,90,1.9,4.6,299.2,79.15,100,55,86,1.9,17140.3,290.4,79.15,100,38,88,20752.6,8.1,281.4,79.14,100,40,87,7.0,13551.5,81.0,13,2
1783014840.310,733.128,298.0,79.14,100,46,89,20710.8,17108.9,295.7,79.15,100,44,86,3.8,5.8,286.2,79.15,100,37,89,16970.5,14755.4,276.7,79.14,100,39,86,5207.8,5.8,81.0,13,2
1783014840.752,733.570,296.9,79.14,100,43,90,9.7,14688.0,287.3,79.15,100,42,85,18328.2,2966.1,279.1,79.15,100,37,89,2.9,5.2,268.7,79.14,100,37,87,20767.9,17191.2,81.0,13,2
1783014841.195,734.012,299.1,79.14,100,45,90,20707.4,17107.5,284.1,79.15,100,45,86,3.6,4.8,279.1,79.15,100,37,89,3.0,13536.4,267.9,79.14,99,42,87,17650.5,4300.6,81.0,13,2
1783014841.639,734.457,299.1,79.14,100,45,90,17713.7,16923.8,284.1,79.15,100,45,86,2.2,5.0,280.2,79.15,100,39,89,1088.5,16739.0,267.9,79.14,99,42,87,20706.2,7.9,81.0,13,2
1783014842.086,734.904,298.8,79.14,100,48,90,17601.5,14601.7,290.9,79.15,100,52,86,2.9,4.7,282.9,79.15,100,41,89,1.8,17256.6,276.6,79.14,100,44,87,20753.5,5.0,81.0,13,2
1783014842.529,735.347,301.2,79.14,100,58,90,20708.6,15610.2,292.7,79.15,100,48,86,830.1,4.7,286.7,79.15,100,40,89,4.0,5554.7,276.9,79.14,100,42,87,17268.6,13336.4,81.0,13,2
1783014842.971,735.789,300.3,79.14,100,49,89,6523.9,14582.8,294.5,79.15,100,48,86,15460.5,4.7,289.8,79.15,100,47,90,2.1,509.5,278.0,79.14,100,43,86,19707.1,17190.7,81.0,13,2
1783014843.414,736.232,301.1,79.14,100,55,90,3.4,17120.7,296.2,79.15,100,54,86,20706.1,4.5,286.5,79.15,100,39,89,2.5,4.6,279.6,79.14,99,45,87,20491.6,14333.1,81.0,13,2
1783014843.857,736.675,299.0,79.14,100,48,90,20708.3,16051.9,293.5,79.15,100,47,85,369.9,5.8,284.5,79.15,100,39,89,12490.4,14906.6,276.0,79.14,100,40,86,9818.9,5.9,81.0,13,2
1783014844.304,737.122,295.8,79.14,100,45,89,2.1,6595.9,291.9,79.15,100,46,86,18165.5,9680.0,282.5,79.15,100,31,89,2.2,5.5,275.7,79.14,100,36,86,20773.4,16470.3,84.0,13,1
1783014844.748,737.565,297.8,79.14,98,29,91,8.4,7.3,283.2,79.15,98,13,88,3.2,10026.6,273.2,79.15,100,23,89,15661.7,10034.2,263.3,79.14,99,10,87,2.7,4.6,84.0,13,1
1783014845.195,738.013,296.3,79.14,100,58,90,20707.5,17107.8,285.3,79.15,100,48,86,3.7,4.5,273.2,79.15,100,23,89,2.8,526.1,269.4,79.14,100,44,87,19703.9,17210.0,84.0,13,1
1783014845.638,738.456,296.3,79.14,100,58,90,1.9,1623.8,285.3,79.15,100,48,86,17823.3,17110.5,281.3,79.15,100,41,89,6.9,9.0,269.4,79.14,100,44,87,5.3,11803.3,84.0,13,1
1783014846.084,738.902,296.2,79.14,100,49,90,2.3,4.8,290.7,79.15,100,49,85,15777.3,13154.3,292.3,79.15,100,41,89,7987.4,4.6,284.7,79.14,100,44,85,3.1,2454.7,84.0,13,1
1783014847.008,739.826,297.6,79.14,100,45,91,20707.0,16506.3,293.3,79.15,99,44,86,4.8,5.7,278.7,79.15,100,33,88,4101.1,13736.4,273.3,79.14,99,33,87,19357.5,5.3,84.0,13,1
1783014847.450,740.268,296.9,79.14,100,44,90,4305.4,4.5,285.3,79.15,100,43,86,1.8,5920.8,277.6,79.15,100,38,89,16214.9,13607.1,266.2,79.14,99,41,87,2.6,4.7,84.0,13,1
1783014847.892,740.709,299.2,79.14,100,47,90,1.8,4.3,287.9,79.15,100,46,86,2.7,11627.1,280.3,79.15,100,41,89,15355.1,8203.4,272.3,79.14,100,44,86,1.9,5.0,84.0,13,1
1783014848.334,741.151,300.5,79.14,100,48,90,3.6,4.3,289.6,79.15,100,45,85,8.0,9923.9,285.5,79.15,100,39,89,16060.1,9951.9,274.5,79.14,99,41,85,2.5,4.5,84.0,13,1
1783014848.777,741.595,301.1,79.14,100,48,90,17022.7,7.2,293.0,79.15,100,49,86,1.7,3.8,286.1,79.15,100,44,90,20774.6,17196.5,277.2,79.14,100,46,86,3.5,4.5,84.0,13,1
1783014849.219,742.037,301.7,79.14,100,57,90,20705.9,5.1,296.4,79.15,100,52,86,2.7,4.6,285.4,79.15,100,38,88,13883.9,13259.9,276.9,79.14,100,39,87,10416.2,4.8,84.0,13,1
1783014849.661,742.479,301.7,79.14,100,57,90,16178.3,7754.0,293.6,79.15,100,47,85,1.8,8.5,285.4,79.15,100,38,88,10334.0,13105.2,276.9,79.14,100,39,87,13046.6,4.7,84.0,13,1
1783014850.107,742.925,299.1,79.14,100,48,89,13518.1,5.3,293.6,79.15,100,47,85,3.6,11224.8,287.2,79.15,100,43,89,16111.8,7996.0,276.3,79.14,100,40,86,2.9,5.0,84.0,13,1
1783014850.550,743.368,297.9,79.14,100,45,90,17400.5,13363.4,292.5,79.15,100,45,85,6924.9,5.9,284.4,79.15,100,34,89,958.7,16736.5,275.4,79.14,100,39,86,20751.6,5.5,84.0,13,1
1783014850.992,743.810,297.7,79.14,100,37,90,18133.1,17114.2,287.1,79.15,100,42,85,1.8,4.4,279.5,79.15,100,35,89,1.8,14302.9,269.4,79.14,100,39,86,17193.2,4655.3,87.0,14,1
1783014851.435,744.253,290.7,79.14,100,58,90,3.4,2431.3,280.5,79.15,100,64,86,17644.7,16441.6,270.6,79.15,100,42,89,3.4,4.1,263.7,79.14,100,55,87,1.9,4401.3,87.0,14,1
1783014851.878,744.696,294.8,79.14,100,64,90,1.8,4.2,287.3,79.15,100,54,86,1.8,11865.1,280.9,79.15,100,41,90,20345.4,4482.4,271.8,79.14,99,49,87,4.0,4.5,87.0,14,1
1783014852.322,745.140,300.1,79.14,100,59,90,18700.0,4.6,299.9,79.15,100,47,85,2.8,4.2,293.6,79.15,100,38,89,20289.1,17195.4,283.3,79.14,100,42,85,8.9,4.7,87.0,14,1
1783014852.768,745.586,298.4,79.14,100,46,90,5.2,47.5,298.7,79.15,100,44,86,17749.1,16897.2,285.9,79.15,100,37,89,2.8,6.0,276.8,79.14,99,37,87,20769.7,16083.2,87.0,14,1
1783014853.213,746.031,298.1,79.14,100,43,90,10849.2,6.0,290.0,79.15,100,44,85,4.5,17113.5,278.4,79.15,100,34,89,20746.7,5.5,269.8,79.14,100,38,86,3.0,9936.7,87.0,14,1
1783014853.657,746.475,298.1,79.14,100,43,90,2.9,17117.6,290.0,79.15,100,44,85,20704.5,7.5,278.4,79.15,100,34,89,7.2,8.2,269.8,79.14,100,38,86,20781.1,17195.7,87.0,14,1
1783014854.104,746.922,297.4,79.14,100,48,90,19567.9,14473.1,283.5,79.15,100,45,85,3493.6,4.6,280.3,79.15,100,41,89,1.9,3817.1,268.5,79.14,100,42,86,17610.1,14680.5,87.0,14,1
1783014854.545,747.363,299.0,79.14,100,45,90,15378.1,14382.0,290.3,79.15,100,46,86,7253.6,6.1,280.9,79.15,100,40,88,3.4,2987.6,274.5,79.14,100,52,87,17574.4,15509.6,87.0,14,1
1783014854.992,747.810,300.2,79.14,100,48,90,9908.8,14497.4,294.6,79.15,100,49,86,12952.3,4.7,286.1,79.15,100,44,89,2.3,297.8,277.8,79.14,100,42,87,19713.8,17203.0,87.0,14,1
1783014855.435,748.252,300.7,79.14,100,49,89,3.5,17119.1,296.1,79.15,100,56,86,20705.8,4.6,287.2,79.15,100,40,88,3.9,4.6,280.2,79.14,100,50,87,20476.7,14291.5,87.0,14,1
1783014855.877,748.695,300.9,79.14,100,52,90,2.0,17116.3,293.4,79.15,100,48,85,20706.4,5.2,285.5,79.15,100,41,89,5.0,7.4,276.4,79.14,99,43,85,18619.6,14337.2,87.0,14,1
1783014856.320,749.137,299.5,79.14,100,48,89,17666.5,14493.7,295.2,79.15,100,55,86,4967.2,5.1,284.5,79.15,100,38,88,2.8,17218.3,275.3,79.14,100,43,87,20745.3,6.2,87.0,14,1
1783014856.762,749.580,298.7,79.14,100,44,90,9.6,11.2,292.9,79.15,100,42,86,20220.4,17104.8,280.2,79.15,100,37,89,2.2,5.8,273.9,79.14,100,38,86,14335.5,14755.8,87.0,14,1
1783014857.209,750.026,298.4,79.14,100,45,89,20710.7,3658.5,284.0,79.15,98,43,88,20707.2,17104.9,274.3,79.15,100,9,90,20748.6,4.5,264.1,79.14,100,9,85,1.9,4.5,90.0,14,0
1783014857.651,750.469,298.4,79.14,100,45,89,20706.9,4.4,284.0,79.15,98,43,88,3.4,6.7,274.3,79.15,100,9,90,1094.7,16744.0,264.1,79.14,100,9,85,20764.3,7.1,90.0,14,0
1783014858.101,750.919,294.8,79.14,100,50,90,1.7,17040.0,285.6,79.15,100,61,86,20707.2,4.4,282.4,79.15,100,58,90,2.8,4.4,273.2,79.14,100,56,86,11048.5,12984.6,90.0,14,0
1783014858.544,751.362,295.7,79.14,100,48,89,1.9,645.7,294.0,79.15,100,59,86,18639.2,17109.9,288.7,79.15,100,45,89,4.6,4.8,281.8,79.14,100,56,87,2.2,17269.7,90.0,14,0
1783014858.990,751.807,300.7,79.14,100,53,90,5126.8,13353.8,296.8,79.15,100,46,86,18842.8,5.7,291.3,79.15,100,38,89,2.8,11198.3,278.4,79.14,100,39,87,16101.1,8599.8,90.0,14,0
1783014859.439,752.257,297.8,79.14,100,45,90,3.8,5.6,293.8,79.15,100,45,86,20706.2,17104.5,285.4,79.15,100,33,89,4.3,6.0,270.7,79.14,100,36,85,11182.6,13555.9,90.0,14,0
1783014859.882,752.699,295.2,79.14,99,39,90,20228.4,17109.3,286.9,79.15,100,43,85,2.2,6.4,279.2,79.15,100,37,89,13787.2,13297.6,270.0,79.14,100,40,86,9021.6,4.7,90.0,14,0
1783014860.336,753.153,299.6,79.14,100,55,90,20707.0,5.0,287.4,79.15,100,53,86,2.9,2102.0,280.1,79.15,100,38,88,16793.6,17192.1,270.7,79.14,100,40,87,4.1,4.8,90.0,14,0
1783014860.779,753.597,299.0,79.14,100,47,90,10386.1,7.0,293.6,79.15,100,44,86,2.7,978.6,282.7,79.15,100,46,90,18076.4,17195.0,276.4,79.14,100,46,86,4.4,4.6,90.0,14,0
1783014861.222,754.040,302.0,79.14,100,55,90,20705.2,5.3,293.1,79.15,100,48,86,3.6,4.6,285.0,79.15,100,38,88,17142.5,12695.4,277.2,79.14,100,41,87,7440.7,4.8,90.0,14,0
1783014861.664,754.482,302.0,79.14,100,55,90,15716.4,14260.0,293.1,79.15,100,47,85,3.9,7.7,285.0,79.15,100,38,88,7407.1,14357.2,277.2,79.14,100,41,87,15337.7,4.8,90.0,14,0
1783014862.111,754.929,299.9,79.14,100,48,90,15685.2,7635.0,293.1,79.15,100,47,85,4.4,5.0,287.8,79.15,100,40,89,8349.2,13554.9,277.3,79.14,100,40,86,15203.3,5.0,90.0,14,0
1783014862.554,755.372,299.7,79.14,100,55,90,20705.1,6.0,294.7,79.15,100,58,86,9.1,11782.8,284.7,79.15,100,37,89,16179.1,7931.1,277.2,79.14,100,40,87,2.6,5.7,90.0,14,0
1783014863.000,755.818,299.5,79.14,100,46,90,5035.3,13622.9,291.9,79.15,100,45,86,18470.8,6.2,280.7,79.15,100,38,88,2.2,17209.9,274.4,79.14,99,40,86,20350.5,304.4,90.0,14,0
1783014863.441,756.259,296.9,79.14,100,42,90,3501.1,3711.7,289.0,79.15,100,37,86,3867.7,3482.7,278.4,79.15,100,35,88,3667.1,3963.1,268.0,79.14,100,35,86,3845.2,3689.2,93.0,15,0
1783014863.885,756.702,298.6,79.14,100,61,90,3665.8,3049.4,285.6,79.15,100,61,85,3489.0,4128.6,280.8,79.15,100,55,89,4061.8,4512.8,267.1,79.14,100,57,86,3531.5,4528.6,93.0,16,0
1783014864.330,757.147,303.5,79.14,100,64,89,3665.0,3041.7,292.9,79.15,100,63,85,3886.0,4597.7,288.1,79.15,100,55,89,3553.7,4780.4,274.8,79.14,100,57,86,3896.9,4398.9,93.0,16,0
1783014864.774,757.592,304.5,79.14,100,64,89,3707.4,3003.8,302.0,79.15,100,64,85,3503.1,4299.4,293.1,79.15,100,55,89,3894.9,4485.4,279.4,79.14,100,57,86,3948.9,4915.3,93.0,16,0
1783014865.223,758.041,300.7,79.14,100,64,89,3291.8,3121.8,301.9,79.15,100,64,85,3929.2,4482.2,293.3,79.15,100,55,89,3929.2,4925.6,279.5,79.14,100,57,86,3564.1,4678.4,93.0,16,0
1783014865.666,758.484,300.7,79.14,100,64,89,3587.0,2901.3,301.3,79.15,100,63,85,4483.6,4470.6,293.3,79.15,100,55,89,4722.6,4962.1,279.5,79.14,100,57,86,3597.0,4790.2,93.0,16,0
1783014866.123,758.941,300.0,79.14,100,63,89,3254.6,3206.5,301.3,79.15,100,63,85,3848.9,4371.4,293.6,79.15,100,54,89,3615.6,4814.0,279.8,79.14,100,57,86,3922.4,4381.9,93.0,16,0
1783014866.566,759.384,300.0,79.14,100,64,89,3626.8,3064.3,300.5,79.15,100,64,85,3459.4,4375.6,293.8,79.15,100,55,89,3994.6,4056.1,279.9,79.14,100,57,86,3907.6,5109.5,93.0,16,0
1783014867.009,759.826,299.9,79.14,100,64,89,3353.8,3073.3,299.8,79.15,100,63,85,3853.3,3697.0,293.2,79.15,100,55,89,3941.5,4636.3,279.3,79.14,100,56,85,3560.4,4593.1,93.0,16,0
1783014867.453,760.271,300.0,79.14,100,64,89,3574.7,2846.2,299.8,79.15,100,64,85,3824.7,4321.7,293.4,79.15,100,55,89,3536.9,4634.5,279.2,79.14,100,57,86,3915.7,4543.3,93.0,16,0
1783014867.896,760.714,300.1,79.14,100,64,89,3550.5,3127.3,300.5,79.15,100,64,85,3472.1,4331.6,294.3,79.15,100,55,89,3865.6,4288.5,280.1,79.14,100,57,86,3948.5,4860.0,93.0,16,0
1783014868.344,761.162,300.0,79.14,100,64,89,3230.9,3095.4,300.4,79.15,100,64,85,3816.7,4141.7,294.5,79.15,100,55,89,3916.8,4543.5,280.6,79.14,100,57,86,3503.4,4695.1,93.0,16,0
1783014868.787,761.605,300.0,79.14,100,64,89,3956.2,2758.3,300.1,79.15,100,64,85,3886.7,4265.8,294.7,79.15,100,56,89,3768.8,4460.2,280.8,79.14,100,58,86,3982.5,4921.7,93.0,16,0
1783014869.232,762.050,300.0,79.14,100,64,89,3601.4,3033.8,300.3,79.15,100,64,85,3436.4,3904.9,294.9,79.15,100,56,89,3945.3,4851.0,281.0,79.14,100,57,86,3517.5,4640.4,93.0,16,0
1783014869.676,762.494,300.0,79.14,100,65,89,3216.3,3104.2,300.4,79.15,100,65,85,3800.9,4311.4,294.9,79.15,100,56,89,4086.5,5161.7,281.0,79.14,100,57,86,3916.8,4845.2,93.0,16,0
1783014870.129,762.947,300.0,79.14,100,65,89,3624.4,2995.1,300.4,79.15,100,65,85,3508.8,4219.7,295.5,79.15,100,55,89,3961.4,4606.9,281.6,79.14,100,58,86,3921.8,4818.4,93.0,16,0
1783014870.574,763.391,300.1,79.14,100,65,89,3225.4,3123.2,300.6,79.15,100,65,85,3799.2,3934.0,296.2,79.15,100,56,89,3904.1,5031.1,282.2,79.14,100,58,86,3673.8,4862.5,93.0,16,0
1783014871.017,763.835,300.0,79.14,100,65,89,3582.1,2777.1,300.5,79.15,100,65,85,3851.2,4397.7,296.7,79.15,100,56,89,3543.2,5020.4,282.6,79.14,100,58,86,3950.1,4528.1,93.0,16,0
1783014871.460,764.277,300.0,79.14,100,65,89,3557.1,2731.5,300.1,79.15,100,65,85,3829.7,4468.1,296.7,79.15,100,56,89,3583.9,4877.5,282.8,79.14,100,58,86,3900.4,4702.9,93.0,16,0
1783014871.902,764.720,300.0,79.14,100,65,89,3638.8,3071.1,300.0,79.15,100,65,85,3805.9,3960.0,296.6,79.15,100,56,89,3916.8,4545.5,282.8,79.14,100,58,86,3890.0,5070.2,93.0,16,0
1783014872.347,765.165,300.0,79.14,100,64,89,3259.0,3122.2,299.9,79.15,100,64,85,3762.9,4089.5,296.4,79.15,100,56,89,3903.0,4848.8,282.6,79.14,100,58,86,3588.0,4743.1,94.0,16,0
1783014872.789,765.607,300.0,79.14,100,65,89,3511.8,2776.4,299.9,79.15,100,64,85,3806.4,4136.7,296.2,79.15,100,56,89,3574.6,4754.0,282.3,79.14,100,58,86,3908.3,4662.7,94.0,16,0
1783014873.235,766.053,300.0,79.14,100,65,89,3586.7,2891.1,300.3,79.15,100,64,85,3451.3,4109.7,296.7,79.15,100,56,89,3895.8,4670.7,282.5,79.14,100,58,86,3928.5,4972.1,94.0,16,0
1783014873.678,766.496,300.0,79.14,100,65,89,3624.3,2995.2,300.3,79.15,100,64,85,3434.4,4049.6,296.7,79.15,100,56,89,4037.1,4839.4,282.5,79.14,100,58,86,3682.7,4843.8,94.0,16,0
1783014874.124,766.942,300.0,79.14,100,65,89,3206.1,3064.4,300.3,79.15,100,64,85,3808.2,4407.3,297.1,79.15,100,56,89,3863.2,5337.2,282.8,79.14,100,58,86,3583.4,4857.6,94.0,16,0
1783014874.567,767.385,300.0,79.14,100,65,89,3588.0,2778.4,300.1,79.15,100,64,85,3899.7,4335.3,297.2,79.15,100,56,89,3546.0,5022.1,283.1,79.14,100,58,86,3895.6,4659.3,94.0,16,0
1783014875.010,767.828,300.0,79.14,100,65,89,3543.8,2735.3,300.2,79.15,100,65,85,3799.7,4369.8,297.4,79.15,100,55,89,3535.6,4808.1,283.2,79.14,100,58,86,3924.0,4833.2,94.0,16,0
1783014875.453,768.271,300.0,79.14,100,65,89,3629.5,2960.7,299.9,79.15,100,64,85,3452.9,4103.8,297.3,79.15,100,55,89,3894.0,4607.4,282.9,79.14,100,58,86,3888.4,5031.7,94.0,16,0
1783014875.895,768.713,300.0,79.14,100,64,89,3213.0,3074.0,299.8,79.15,100,64,85,3868.4,3828.9,297.0,79.15,100,56,89,3948.3,5242.3,282.7,79.14,100,58,86,3559.6,4566.2,94.0,16,0
1783014876.338,769.156,300.0,79.14,100,64,89,3207.0,2953.2,299.8,79.15,100,64,85,3849.2,4407.2,296.4,79.15,100,55,89,3525.8,5004.1,282.3,79.14,100,57,86,3925.0,4528.1,94.0,16,0
1783014876.780,769.598,300.0,79.14,100,65,89,3661.0,3275.0,299.8,79.15,100,64,85,3505.9,4121.3,296.4,79.15,100,55,89,3924.2,4648.8,282.4,79.14,100,58,86,3941.0,5051.5,94.0,16,0
1783014877.232,770.049,300.0,79.14,100,66,89,3619.7,3022.6,300.2,79.15,100,65,85,3476.7,4196.3,297.1,79.15,100,56,89,3955.5,5103.7,283.4,79.14,100,58,86,3618.5,4751.8,94.0,16,0
1783014877.675,770.493,300.0,79.14,100,65,89,3266.1,3105.3,300.3,79.15,100,65,85,3824.5,4489.0,297.1,79.15,100,56,89,4127.8,5023.2,283.4,79.14,100,58,86,4045.2,4348.0,94.0,16,0
1783014878.126,770.944,300.0,79.14,100,65,89,3637.0,2668.8,300.3,79.15,100,65,85,3595.0,4264.2,297.8,79.15,100,56,89,3929.9,4449.2,283.6,79.14,100,58,86,3894.0,4768.7,94.0,16,0
1783014878.573,771.391,300.0,79.14,100,64,89,3516.9,3033.3,299.8,79.15,100,64,85,3541.9,4161.4,297.7,79.15,100,55,89,3950.0,5293.2,282.9,79.14,100,58,86,3541.4,4773.3,94.0,16,0
1783014879.016,771.834,300.0,79.14,100,65,89,3211.8,3094.2,299.8,79.15,100,65,85,3814.9,4211.5,297.6,79.15,100,56,89,3927.4,5135.3,282.9,79.14,100,58,86,3574.7,4664.2,94.0,16,0
1783014879.459,772.277,300.0,79.14,100,65,89,3545.5,2789.3,300.2,79.15,100,65,85,3804.8,4438.9,297.6,79.15,100,55,89,3596.6,4654.8,282.9,79.14,100,58,86,3939.6,4371.1,94.0,16,0
1783014879.901,772.719,300.0,79.14,100,65,89,3542.6,2725.1,300.2,79.15,100,65,85,4264.4,4314.4,297.6,79.15,100,56,89,3892.0,4614.5,283.0,79.14,100,58,86,3948.4,4971.7,94.0,16,0
1783014880.349,773.167,300.0,79.14,100,65,89,3584.4,2995.2,300.0,79.15,100,65,85,3410.9,3913.3,297.7,79.15,100,56,89,3922.7,4608.4,283.1,79.14,100,58,86,3898.0,5038.1,94.0,16,0
1783014880.793,773.610,300.0,79.14,100,65,89,3380.1,3032.9,299.9,79.15,100,65,85,3819.0,4231.6,298.1,79.15,100,56,89,3969.2,5141.6,283.1,79.14,100,58,86,3531.8,6103.1,94.0,16,0
1783014881.242,774.060,300.0,79.14,100,65,89,3543.2,2757.8,300.0,79.15,100,64,85,3821.6,3987.3,298.2,79.15,100,56,89,3536.7,4765.6,283.4,79.14,100,58,86,3957.0,4510.9,94.0,16,0
1783014881.685,774.503,299.9,79.14,100,64,89,3597.5,3030.3,299.6,79.15,100,64,85,3447.5,4250.5,298.2,79.15,100,56,89,3913.5,4641.4,283.4,79.14,100,58,86,3955.4,4906.9,94.0,16,0
1783014882.131,774.949,299.9,79.14,100,64,89,3173.0,3171.1,299.6,79.15,100,64,85,3817.2,3967.5,297.6,79.15,100,56,89,3906.1,5270.7,282.9,79.14,100,58,86,3534.9,4742.7,94.0,16,0
1783014882.574,775.392,300.0,79.14,100,65,89,3224.3,3094.6,299.9,79.15,100,65,85,3803.8,4132.0,297.5,79.15,100,56,89,3879.0,4984.7,282.7,79.14,100,58,86,3504.7,4917.4,94.0,16,0
1783014883.016,775.834,300.0,79.14,100,65,89,3584.6,2749.9,300.0,79.15,100,64,85,3815.9,4423.4,297.6,79.15,100,56,89,3576.9,5023.5,283.0,79.14,100,58,86,3916.0,4497.6,94.0,16,0
1783014883.459,776.277,300.0,79.14,100,64,89,3554.5,2740.9,299.8,79.15,100,64,85,3774.1,4227.7,297.1,79.15,100,56,89,3600.6,4650.6,282.7,79.14,100,58,86,3860.7,4612.3,94.0,16,0
1783014883.901,776.719,300.0,79.14,100,65,89,3638.2,3034.9,300.3,79.15,100,65,85,4179.0,4098.2,297.8,79.15,100,56,89,3914.2,4802.7,283.3,79.14,100,59,86,3988.7,5059.0,95.0,16,0
1783014884.347,777.165,300.0,79.14,100,65,89,3274.4,3056.5,300.1,79.15,100,64,85,3791.2,4171.3,297.7,79.15,100,56,89,3917.5,5041.1,283.2,79.14,100,58,86,3571.4,4639.8,95.0,16,0
1783014884.791,777.609,300.0,79.14,100,65,89,3418.4,3106.6,299.9,79.15,100,65,85,3816.3,4464.7,297.6,79.15,100,56,89,3634.6,4884.4,282.9,79.14,100,58,86,4391.3,4890.8,95.0,16,0
1783014885.242,778.060,300.0,79.14,100,65,89,3587.1,2960.1,300.3,79.15,100,65,85,3510.9,4108.0,298.3,79.15,100,56,89,3915.0,4417.2,283.4,79.14,100,58,86,3910.6,5020.5,95.0,16,0
1783014885.685,778.503,300.0,79.14,100,65,89,3628.8,2971.6,300.4,79.15,100,65,85,3429.0,4050.0,298.3,79.15,100,56,89,3919.8,4832.2,283.4,79.14,100,58,86,3708.8,4755.4,95.0,16,0
1783014886.131,778.949,300.0,79.14,100,65,89,3258.9,3124.7,300.4,79.15,100,65,85,3809.4,3776.7,298.5,79.15,100,56,89,3928.7,5175.7,283.8,79.14,100,58,86,3563.0,4745.8,95.0,16,0
1783014886.573,779.391,300.0,79.14,100,65,89,3460.9,2890.9,299.9,79.15,100,65,85,3793.7,4235.7,298.1,79.15,100,56,89,3499.9,4752.4,283.4,79.14,100,58,86,3926.6,4401.7,95.0,16,0
1783014887.015,779.833,300.0,79.14,100,64,89,3549.0,2838.9,299.7,79.15,100,64,86,3784.7,4415.4,297.8,79.15,100,56,89,3590.7,4764.3,283.0,79.14,100,58,86,3913.1,4717.3,95.0,16,0
1783014887.458,780.276,300.0,79.14,100,65,89,3544.2,2953.7,300.1,79.15,100,65,86,3454.6,4279.9,298.1,79.15,100,56,89,3969.5,4669.0,283.5,79.14,100,58,86,3897.0,4994.7,95.0,16,0
1783014887.902,780.720,300.0,79.14,100,65,89,3665.8,3023.5,300.3,79.15,100,65,85,3915.6,4107.7,298.9,79.15,100,56,89,3968.6,4722.2,284.1,79.14,100,58,86,3961.6,4686.9,95.0,16,0
1783014888.346,781.164,300.0,79.14,100,65,89,3297.6,3132.8,300.2,79.15,100,64,85,3747.5,3907.8,298.5,79.15,100,56,89,3917.1,5033.3,283.8,79.14,100,58,86,3569.5,4671.7,95.0,16,0
1783014888.790,781.608,300.0,79.14,100,65,89,3667.1,2813.8,299.5,79.15,100,64,86,3809.3,4196.6,297.7,79.15,100,56,89,3553.2,4721.9,282.8,79.14,100,58,86,3958.2,4587.5,95.0,16,0
1783014889.234,782.052,300.0,79.14,100,65,89,3475.0,2720.0,299.9,79.15,100,64,85,3795.7,4207.3,297.9,79.15,100,56,89,3527.7,4660.3,283.0,79.14,100,58,86,3912.0,4788.0,95.0,16,0
1783014889.677,782.495,300.0,79.14,100,65,89,3641.3,2980.7,300.3,79.15,100,64,85,3460.4,4158.3,297.9,79.15,100,56,89,3945.6,4701.9,283.0,79.14,100,58,86,3942.2,5233.9,95.0,16,0
1783014890.123,782.941,300.0,79.14,100,65,89,3190.0,3094.1,300.3,79.15,100,64,85,3781.1,4175.3,298.6,79.15,100,56,89,3907.2,5191.0,283.7,79.14,100,58,86,3547.2,4878.5,95.0,16,0
1783014890.573,783.391,300.0,79.14,100,65,89,3504.6,2720.7,300.0,79.15,100,64,86,3776.2,4352.8,298.8,79.15,100,56,89,3575.4,4755.3,283.7,79.14,100,58,86,3901.8,4640.8,95.0,16,0
1783014891.018,783.836,300.0,79.14,100,65,89,3589.4,3386.1,299.9,79.15,100,64,86,3454.4,3838.7,299.0,79.15,100,56,89,3914.9,4664.4,283.6,79.14,100,58,86,3940.7,5109.0,95.0,16,0
1783014891.466,784.283,300.0,79.14,100,64,89,3233.0,3128.6,299.8,79.15,100,64,85,3816.6,3932.8,298.6,79.15,100,56,89,3904.5,5081.6,283.4,79.14,100,58,86,3589.1,4860.8,95.0,16,0
1783014891.909,784.727,300.0,79.14,100,65,89,3176.1,3064.8,300.0,79.15,100,65,86,3773.3,4409.4,298.8,79.15,100,57,89,3679.9,4962.3,283.5,79.14,100,58,86,3906.4,4398.1,95.0,16,0
1783014892.356,785.174,300.0,79.14,100,65,89,3544.6,2710.0,300.4,79.15,100,65,86,3766.0,4373.1,299.5,79.15,100,56,89,3594.5,4655.2,284.1,79.14,100,59,86,3901.2,4524.7,95.0,16,0
1783014892.798,785.616,300.0,79.14,100,65,89,3623.8,3038.0,300.2,79.15,100,64,85,3458.2,4024.1,299.4,79.15,100,56,89,3940.6,4493.8,283.8,79.14,100,58,86,3939.4,5219.4,95.0,16,0
1783014893.241,786.059,300.0,79.14,100,65,89,3582.6,2964.3,300.0,79.15,100,64,86,3408.3,3955.1,298.9,79.15,100,56,89,3958.7,4309.5,283.6,79.14,100,58,86,3921.9,5079.2,95.0,16,0
1783014893.684,786.502,300.0,79.14,100,65,89,3346.1,3007.7,300.1,79.15,100,64,86,4050.4,4092.6,298.9,79.15,100,56,89,4015.3,5218.0,283.6,79.14,100,58,86,3602.5,4826.9,95.0,16,0
1783014894.131,786.949,300.0,79.14,100,65,89,3199.7,3112.6,300.1,79.15,100,64,86,3789.8,3924.0,299.0,79.15,100,56,89,3707.0,4985.2,283.8,79.14,100,58,86,3830.5,4533.9,95.0,16,0
1783014894.574,787.392,300.0,79.14,100,65,89,3565.6,2774.1,300.1,79.15,100,65,86,3785.0,4333.0,299.0,79.15,100,56,89,3532.6,4580.5,284.0,79.14,100,58,86,4011.2,5913.6,95.0,16,0
1783014895.024,787.842,300.0,79.14,100,64,89,3635.5,2995.2,299.8,79.15,100,64,86,3456.1,4270.2,298.4,79.15,100,56,89,3975.8,5133.9,283.5,79.14,100,58,86,3504.7,4927.4,96.0,16,0
1783014895.471,788.289,300.0,79.14,100,65,89,0.7,17145.9,299.8,79.15,100,65,86,20703.1,17102.2,298.1,79.15,100,57,89,20083.2,16892.6,283.2,79.14,100,59,84,17778.9,16682.5,,,
1783014896.890,789.708,294.0,79.14,100,63,90,3.5,1939.8,299.0,79.15,100,50,87,17813.4,16809.0,294.0,79.15,100,42,89,5.7,7.0,282.6,79.14,99,44,87,1067.4,16785.6,,,
1783014898.310,791.128,298.5,79.14,100,45,90,18011.4,14401.4,286.2,79.15,100,47,86,1.8,4.7,278.9,79.15,100,38,89,1.8,17235.8,267.4,79.14,100,40,87,20751.9,4.8,96.0,16,0
1783014898.756,791.574,299.2,79.14,100,47,90,20710.5,4.9,289.1,79.15,100,45,86,5.5,4.5,283.0,79.15,100,39,90,16196.1,14695.4,273.8,79.14,100,43,87,6226.9,4.9,96.0,16,0
1783014899.203,792.021,300.7,79.14,100,56,90,20708.6,4.5,292.2,79.15,100,48,85,2.8,4.7,283.0,79.15,100,39,90,13779.7,14336.7,277.4,79.14,100,42,86,8840.4,4.6,96.0,16,0
1783014899.648,792.466,300.7,79.14,100,56,90,17502.9,6688.9,292.2,79.15,100,48,85,4.9,6.5,287.2,79.15,100,40,90,6870.0,14967.5,277.4,79.14,100,42,86,11908.1,6.9,96.0,16,0
1783014900.094,792.912,300.8,79.14,100,49,90,18007.5,15411.2,295.0,79.15,100,48,86,1.9,4.6,289.0,79.15,100,48,90,2.3,17248.9,279.9,79.14,100,49,87,20745.7,5.6,96.0,16,0
1783014900.534,793.352,302.0,79.14,100,52,90,20707.1,17116.0,297.5,79.15,100,47,87,2.0,4.9,288.3,79.15,100,39,89,1.9,10985.2,279.4,79.14,100,42,87,17584.8,7628.7,96.0,16,0
1783014900.974,793.791,298.9,79.14,100,48,89,20710.6,17109.2,296.0,79.15,100,48,86,2.2,5.0,290.5,79.15,100,45,90,3.6,17225.5,279.0,79.14,100,42,87,20750.0,5.8,96.0,16,0
1783014901.414,794.232,298.8,79.14,100,50,90,2.1,5.7,293.3,79.15,100,47,85,20708.0,16603.9,286.6,79.15,100,35,90,2.4,5.7,277.3,79.14,100,39,86,4532.0,15106.1,96.0,16,0
1783014901.856,794.674,298.2,79.14,100,44,90,20996.3,14775.3,289.2,79.15,100,47,85,14482.3,16818.7,279.8,79.15,98,34,90,15851.9,7890.1,271.9,79.14,100,40,87,12.6,4.5,96.0,16,0
1783014902.299,795.117,291.6,79.14,100,51,90,15682.6,6317.3,286.0,79.15,100,50,86,2.6,4.2,280.1,79.15,100,52,90,1.8,12150.3,269.9,79.14,100,44,87,14953.8,8593.1,96.0,16,0
1783014902.740,795.558,295.7,79.14,100,49,90,5.1,9952.7,292.3,79.15,100,47,85,15808.6,8870.2,287.9,79.15,100,48,90,3.1,4.5,276.7,79.14,100,42,86,1.7,17303.7,96.0,16,0
1783014903.184,796.002,302.2,79.14,100,51,89,1.9,5.0,302.4,79.15,100,59,86,11830.9,13007.4,287.9,79.15,100,48,90,12155.5,4.8,276.7,79.14,100,42,86,2.8,2930.6,96.0,16,0
1783014903.630,796.448,302.2,79.14,100,51,89,3.1,17115.3,302.4,79.15,100,59,86,19278.5,1152.0,292.6,79.15,100,40,90,4.0,560.5,285.7,79.14,100,46,87,17116.9,16232.1,96.0,16,0
1783014904.076,796.894,298.8,79.14,100,44,90,2178.2,7.3,294.7,79.15,100,46,85,3394.9,14238.6,285.7,79.15,100,37,90,19684.8,5.9,277.7,79.14,100,39,87,2.2,17226.6,96.0,16,0
1783014904.518,797.335,296.3,79.14,100,45,91,10299.7,13517.8,289.1,79.15,100,45,86,13840.0,5.2,280.4,79.15,100,34,89,2.6,13131.2,268.8,79.14,100,33,87,16388.9,6687.4,96.0,16,0
1783014904.958,797.776,297.2,79.14,100,44,90,20709.1,17114.5,289.4,79.15,100,44,86,6.3,6.2,280.4,79.15,100,43,90,4.1,17210.0,272.2,79.14,100,49,87,20747.1,5.1,96.0,16,0
1783014905.399,798.217,301.0,79.14,100,46,90,20709.7,17109.2,289.2,79.15,100,45,85,3.6,4.7,286.9,79.15,100,38,90,1.7,15667.7,272.5,79.14,100,41,86,15636.6,4497.3,96.0,16,0
1783014905.840,798.658,302.0,79.14,100,48,89,6876.2,13234.4,294.7,79.15,100,57,86,17362.6,4.8,288.2,79.15,100,42,90,2.0,501.5,277.9,79.14,100,49,87,20236.9,16018.2,96.0,16,0
1783014906.287,799.105,301.8,79.14,100,56,90,1.9,17111.1,295.1,79.15,100,47,87,20707.4,6.7,286.9,79.15,100,39,90,5.2,5.2,277.8,79.14,100,41,87,20784.0,14092.9,96.0,16,0
1783014906.729,799.547,298.6,79.14,100,47,89,7.1,17120.3,294.4,79.15,100,47,86,16536.5,7.2,289.8,79.15,100,48,90,2.0,485.8,277.7,79.14,100,46,87,19713.5,17208.4,96.0,16,0
1783014907.184,800.001,300.0,79.14,100,53,90,9681.4,13294.8,296.1,79.15,100,50,87,14781.0,6.9,289.8,79.15,100,48,90,5.4,17240.0,277.7,79.14,100,46,87,19248.6,1298.3,96.0,16,0
1783014907.627,800.445,300.0,79.14,100,53,90,3.8,6.9,296.1,79.15,100,50,87,9330.8,13618.1,285.9,79.15,100,37,90,14206.6,8.9,276.2,79.14,100,39,86,6273.3,13404.5,96.0,16,0
1783014908.076,800.894,300.4,79.14,100,40,90,20711.3,17104.7,289.9,79.15,100,41,86,20702.6,17104.1,282.9,79.15,100,33,90,20751.3,17186.8,270.5,79.14,100,37,86,20753.2,17201.7,6.0,0,15
1783014908.520,801.338,293.1,79.14,98,41,89,2.6,5.2,282.9,79.15,98,30,86,20735.9,15803.3,270.0,79.15,100,27,89,92.5,4.1,260.2,79.14,100,11,87,3.4,4.3,6.0,0,15
1783014908.962,801.779,290.7,79.14,100,57,90,19697.4,7.0,282.6,79.15,100,51,86,4.5,4.4,278.9,79.15,100,42,90,18095.5,14356.2,268.9,79.14,100,45,87,4678.5,6.1,6.0,0,15
1783014909.403,802.221,293.7,79.14,100,50,90,20707.8,17109.4,291.2,79.15,100,49,86,2.7,6.2,297.4,79.15,100,45,90,3.9,11254.4,281.1,79.14,100,45,86,17389.9,7464.7,6.0,0,15
1783014909.845,802.663,300.5,79.14,100,47,90,17803.0,11371.8,300.0,79.15,100,50,86,4.4,5.8,289.7,79.15,100,41,90,20765.8,17193.4,284.5,79.14,100,47,87,5.4,7.8,6.0,0,15
1783014910.289,803.107,298.7,79.14,100,45,89,2.8,17114.3,294.0,79.15,100,43,86,20702.8,5.8,280.9,79.15,100,34,90,4.6,12105.4,273.6,79.14,100,31,87,17869.4,6412.8,6.0,0,15
1783014910.730,803.547,298.0,79.14,100,44,90,5.1,12.6,285.5,79.15,100,43,87,7123.4,14902.9,278.7,79.15,100,38,90,14679.8,5.3,265.4,79.14,100,40,86,2.1,10888.8,6.0,0,15
1783014911.183,804.001,299.5,79.14,100,46,89,4.7,4.8,289.1,79.15,100,52,86,20717.4,17106.5,278.7,79.15,100,38,90,3.7,5.0,265.4,79.14,100,40,86,3.8,17245.1,6.0,0,15
1783014911.627,804.444,299.5,79.14,100,46,89,1.9,6576.1,289.1,79.15,100,52,86,17722.7,12274.9,281.2,79.15,100,37,89,5.7,9.0,272.1,79.14,100,44,87,4243.6,14606.3,6.0,0,15
1783014912.074,804.892,298.7,79.14,100,46,90,6.1,2578.3,291.9,79.15,100,48,86,17827.8,16313.6,286.9,79.15,100,45,90,5.5,8.7,277.1,79.14,100,42,86,493.4,16814.3,6.0,0,15
1783014912.517,805.335,300.7,79.14,100,48,90,2.3,4.5,294.8,79.15,100,56,86,20723.1,17109.8,286.7,79.15,100,38,89,2.6,6.4,276.7,79.14,100,46,87,5.6,17269.2,6.0,0,15
1783014912.960,805.777,302.5,79.14,100,52,90,1.9,8.3,295.3,79.15,100,47,86,20728.2,17109.4,286.6,79.15,100,41,90,5.1,4.9,277.1,79.14,100,40,87,1.9,15790.7,6.0,0,15
1783014913.401,806.219,299.6,79.14,100,46,90,4.0,2533.1,294.0,79.15,100,51,86,17990.0,14926.0,286.2,79.15,100,38,89,3.4,5.5,276.2,79.14,100,46,87,12435.5,14632.3,6.0,0,15
1783014913.845,806.663,299.4,79.14,100,46,90,20705.8,6.0,293.2,79.15,100,47,86,2.1,3730.9,282.1,79.15,100,34,89,18131.7,14563.1,275.2,79.14,100,34,87,6.8,9.0,6.0,0,15
1783014914.288,807.106,297.1,79.14,100,44,90,11587.6,23509.5,290.0,79.15,100,40,87,949.6,17104.6,281.4,79.15,100,36,89,19395.8,10245.5,269.9,79.14,100,39,86,20576.3,5906.9,9.0,0,14
1783014914.729,807.547,291.7,79.14,100,58,89,16866.9,11843.1,281.3,79.15,100,56,87,9070.3,6.6,274.5,79.15,100,36,89,2.2,4.0,264.4,79.14,100,54,87,13113.0,13579.0,9.0,0,14
1783014915.177,807.995,281.5,79.14,100,49,89,5.0,4.3,286.4,79.15,100,64,86,1.7,17161.1,274.5,79.15,100,36,89,20755.1,7.1,264.4,79.14,100,54,87,3.9,4.7,9.0,0,14
1783014915.620,808.438,281.5,79.14,100,49,89,20709.6,6.5,286.4,79.15,100,64,86,4.5,4.8,281.5,79.15,100,46,90,14567.2,17881.6,273.1,79.14,100,54,87,2228.6,7.7,9.0,0,14
1783014916.066,808.884,288.6,79.14,100,58,90,17834.8,2361.5,298.7,79.15,100,56,87,3.7,12.8,292.1,79.15,100,39,91,19695.9,17190.3,281.4,79.14,100,49,87,5.9,7.2,9.0,0,14
1783014916.507,809.325,295.7,79.14,100,46,89,2.2,17114.3,294.9,79.15,100,45,86,20703.6,7.2,290.0,79.15,100,34,90,4.9,8885.7,277.5,79.14,100,39,87,16451.3,10681.8,9.0,0,14
1783014916.949,809.767,294.9,79.14,100,43,89,7.7,6.7,293.4,79.15,100,45,86,4714.9,13760.3,280.7,79.15,100,35,90,18529.4,5.0,272.7,79.14,100,36,87,2.8,801.1,9.0,0,14
1783014917.397,810.215,298.5,79.14,100,44,89,1.9,10.3,288.4,79.15,100,48,86,20718.6,17108.9,278.4,79.15,100,38,90,4.9,6.7,267.9,79.14,100,40,87,3.5,17239.8,9.0,0,14
1783014917.842,810.659,298.5,79.14,100,44,90,3.8,10846.4,288.8,79.15,100,44,85,16040.7,9539.2,286.1,79.15,100,47,90,2.0,5.2,274.1,79.14,100,43,86,10718.9,13023.1,9.0,0,14
1783014918.290,811.108,302.1,79.14,100,55,90,1.8,7104.5,292.2,79.15,100,54,87,16201.4,12951.5,287.2,79.15,100,39,89,4.0,6.0,277.2,79.14,100,44,87,3.4,17274.1,9.0,0,14
1783014918.731,811.549,300.8,79.14,100,46,90,5.8,11.0,295.0,79.15,100,46,86,20724.3,17111.7,286.8,79.15,100,46,90,7.0,4.6,277.4,79.14,100,42,87,4.6,13383.9,9.0,0,14
1783014919.179,811.997,299.3,79.14,100,46,90,5.5,4.7,296.7,79.15,100,52,87,20224.4,17108.7,286.8,79.15,100,46,90,4.1,5.1,277.4,79.14,100,42,87,1.9,14157.3,9.0,0,14
1783014919.622,812.440,299.3,79.14,100,46,90,1.8,4.6,296.7,79.15,100,52,87,20718.2,17106.8,286.1,79.15,100,39,90,3.8,9.6,277.1,79.14,100,46,87,502.0,17254.7,9.0,0,14
1783014920.064,812.882,300.6,79.14,100,46,90,20711.3,17109.4,294.4,79.15,100,47,87,5.4,5.8,286.5,79.15,100,39,90,12681.2,13495.3,276.6,79.14,100,40,86,11194.2,6.4,9.0,0,14
1783014920.505,813.322,298.1,79.14,100,40,90,5.4,9099.6,291.5,79.15,100,43,86,16348.0,10674.8,284.4,79.15,99,35,90,2.2,6.9,274.5,79.14,100,39,87,23064.4,15546.0,12.0,1,14
1783014920.948,813.766,298.0,79.14,100,45,89,5.2,4.5,288.8,79.15,100,45,87,493.2,17143.1,270.1,79.15,100,10,89,20752.7,5.4,263.5,79.14,98,10,86,4.5,4.2,12.0,1,14
1783014921.389,814.207,291.1,79.14,100,50,90,19022.1,17109.7,285.2,79.15,100,60,86,4.8,4.4,279.1,79.15,100,59,90,3.6,15297.8,269.3,79.14,100,54,87,16922.4,4062.7,12.0,1,14
1783014921.834,814.652,295.2,79.14,100,49,89,1.9,16229.5,291.5,79.15,100,58,87,16988.7,3216.8,287.2,79.15,100,45,90,2.7,6.3,277.1,79.14,100,57,87,9252.4,14556.7,12.0,1,14
1783014922.276,815.094,301.4,79.14,100,53,90,3.5,13169.8,296.9,79.15,100,46,87,17638.7,5645.9,292.1,79.15,100,38,89,4.4,5.1,278.9,79.14,100,40,87,20288.1,17201.6,12.0,1,14
1783014922.718,815.535,298.1,79.14,100,46,90,11127.0,7.0,292.0,79.15,100,44,86,6844.7,14801.0,286.6,79.15,100,33,90,13429.7,5.8,271.4,79.14,100,37,86,4.2,17233.4,12.0,1,14
1783014923.166,815.984,298.1,79.14,100,46,90,17948.2,8558.7,292.0,79.15,100,44,86,5.3,7.4,286.6,79.15,100,33,90,20690.4,14823.1,271.4,79.14,100,37,86,1406.0,5.2,12.0,1,14
1783014923.607,816.425,296.1,79.14,100,37,90,2874.1,6.0,288.2,79.15,100,43,85,4.9,8454.6,279.0,79.15,100,38,90,17713.8,10225.3,270.5,79.14,100,41,87,6.2,10.8,12.0,1,14
1783014924.053,816.871,297.5,79.14,100,56,90,2.0,4.9,286.9,79.15,100,49,85,491.6,17121.9,281.3,79.15,100,38,90,20747.9,7.6,271.5,79.14,100,40,86,4.8,6.0,12.0,1,14
1783014924.494,817.312,300.7,79.14,100,46,90,1.9,5.7,293.7,79.15,100,48,87,3.5,14436.8,283.4,79.15,100,40,89,17187.8,4203.7,275.6,79.14,100,49,87,1.9,4.7,12.0,1,14
1783014924.935,817.753,301.2,79.14,100,52,90,5294.0,7.1,294.8,79.15,100,48,85,6.2,3206.1,287.7,79.15,100,38,90,17888.5,15274.4,277.6,79.14,100,41,87,4.5,4.8,12.0,1,14
1783014925.378,818.196,300.4,79.14,100,50,90,13644.4,4.7,297.3,79.15,100,56,86,3.6,962.0,289.2,79.15,100,38,89,18154.1,16930.1,281.3,79.14,100,44,87,3.8,6.2,12.0,1,14
1783014925.819,818.637,301.2,79.14,100,59,90,18018.3,6.1,295.1,79.15,100,49,85,4.3,5.3,286.8,79.15,100,38,90,20770.1,17192.1,277.5,79.14,100,41,86,3.1,7.6,12.0,1,14
1783014926.262,819.080,299.0,79.14,100,45,90,3.8,5.8,293.8,79.15,100,47,86,16778.4,14782.4,284.8,79.15,100,37,90,5039.2,5.8,274.0,79.14,100,43,87,1068.4,16750.7,12.0,1,14
1783014926.704,819.522,299.8,79.14,100,45,90,17824.2,4730.1,291.8,79.15,100,39,87,8.3,1096.9,284.8,79.15,100,37,90,19029.8,16513.6,271.2,79.14,100,38,87,4.0,5.9,14.0,1,13
1783014927.149,819.967,299.8,79.14,100,45,90,3.5,13654.7,291.8,79.15,100,39,87,16132.9,6580.5,280.7,79.15,100,37,89,1.9,10.2,271.2,79.14,100,38,87,1076.2,16777.9,14.0,1,13
1783014927.590,820.408,291.3,79.14,100,11,91,2.9,4.2,281.1,79.15,100,27,85,1.8,4636.2,278.7,79.15,100,44,90,16093.1,15523.5,266.2,79.14,100,46,86,3.9,9.1,14.0,1,13
1783014928.036,820.854,293.3,79.14,100,52,90,15661.7,10817.3,289.7,79.15,100,48,86,2.5,5.8,286.4,79.15,100,44,90,3.9,15069.1,275.9,79.14,100,43,86,15110.7,5733.1,14.0,1,13
1783014928.478,821.296,302.2,79.14,100,50,89,19964.1,13186.4,304.0,79.15,100,47,86,4228.7,4.6,294.6,79.15,100,47,90,2.3,6556.9,287.2,79.14,100,43,87,15840.1,13381.3,14.0,1,13
1783014928.920,821.738,301.4,79.14,100,53,90,9697.4,9.4,296.4,79.15,100,52,87,5600.1,13682.1,287.1,79.15,100,36,90,17729.0,8.2,277.4,79.14,100,39,86,5.8,17230.0,14.0,1,13
1783014929.366,822.184,297.0,79.14,99,38,90,16475.4,13213.3,288.4,79.15,100,42,86,5.7,6.9,280.9,79.15,100,33,90,19663.2,13386.7,269.9,79.14,100,38,87,4411.7,5.3,14.0,1,13
1783014929.805,822.623,295.8,79.14,100,46,91,7.2,4.8,287.2,79.15,100,46,86,2.3,15511.4,280.4,79.15,100,38,90,15898.9,2869.5,270.8,79.14,100,40,87,2.8,6.3,14.0,1,13
1783014930.248,823.066,301.5,79.14,100,49,90,2.6,5.4,290.6,79.15,100,50,87,1.8,17130.9,280.8,79.15,100,39,89,20749.8,7.6,270.9,79.14,100,39,87,4.6,4.8,14.0,1,13
1783014930.689,823.507,301.2,79.14,100,48,89,5.6,8.3,294.6,79.15,100,47,86,10.2,17161.3,280.8,79.15,100,39,89,20752.8,7.1,270.9,79.14,100,39,87,3.1,4.7,14.0,1,13
1783014931.140,823.958,301.2,79.14,100,48,89,2.3,4.6,294.6,79.15,100,47,86,2.0,11785.3,285.9,79.15,100,46,90,15748.6,8143.7,277.6,79.14,100,43,87,6.6,5.7,14.0,1,13
1783014931.580,824.398,300.2,79.14,100,51,90,11174.5,6.1,294.9,79.15,100,54,87,10.7,4492.0,286.8,79.15,100,38,90,15997.7,15518.9,279.2,79.14,100,45,87,3.3,7.8,14.0,1,13
1783014932.027,824.845,299.2,79.14,100,45,90,13142.9,4.5,294.2,79.15,100,46,86,1.8,28.2,287.5,79.15,100,43,90,19692.5,17192.4,276.2,79.14,100,40,86,4.4,7.7,14.0,1,13
1783014932.467,825.285,298.7,79.14,100,46,90,2.0,5.5,295.5,79.15,100,54,87,5813.1,13722.9,285.8,79.15,100,38,90,17222.4,7.1,278.2,79.14,100,47,87,4.7,17238.1,14.0,1,13
1783014932.907,825.725,300.5,79.14,100,44,89,16713.7,16424.8,293.4,79.15,100,39,86,6.8,7.3,280.7,79.15,100,35,90,20760.9,15577.4,272.8,79.14,100,33,87,595.0,5.7,14.0,1,13
1783014933.350,826.168,297.9,79.14,100,46,90,19303.2,1118.6,288.8,79.15,100,45,86,2.8,4.5,275.2,79.15,98,15,88,3388.2,15007.3,265.7,79.14,98,29,85,19234.9,5.7,17.0,2,13
1783014933.790,826.608,291.2,79.14,100,59,90,10.5,10582.8,279.5,79.15,100,49,87,17008.0,8741.7,277.7,79.15,100,43,89,5.5,5.6,265.4,79.14,100,44,87,3.5,12074.9,17.0,2,13
1783014934.233,827.051,293.5,79.14,100,56,90,5.9,5.8,289.0,79.15,100,48,85,3.5,17170.9,285.7,79.15,100,43,90,20373.1,429.8,276.0,79.14,100,45,86,3.5,4.4,17.0,2,13
1783014934.674,827.492,293.5,79.14,100,56,90,20275.1,4.8,300.9,79.15,100,48,86,6.4,26.2,285.7,79.15,100,43,90,19386.8,14333.2,276.0,79.14,100,45,86,5.3,5.8,17.0,2,13
1783014935.123,827.940,300.9,79.14,100,48,89,2.9,3676.2,300.9,79.15,100,48,86,18260.1,14719.1,291.9,79.15,100,41,90,4.1,6.5,286.1,79.14,100,39,87,20768.5,17188.3,17.0,2,13
1783014935.563,828.381,297.5,79.14,100,41,91,8916.8,7.0,294.2,79.15,100,45,86,492.4,17106.0,282.3,79.15,99,31,90,20748.8,6.0,276.7,79.14,100,37,87,8.3,17232.2,17.0,2,13
1783014936.008,828.826,296.9,79.14,100,43,89,7051.9,14800.5,287.6,79.15,100,41,86,14989.2,4.7,275.5,79.15,100,37,90,4.1,337.8,267.1,79.14,100,38,87,19711.4,17208.7,17.0,2,13
1783014936.449,829.266,297.7,79.14,100,47,91,20708.6,17109.9,288.9,79.15,100,49,86,3.9,6.0,278.5,79.15,100,40,90,5.4,14941.9,270.9,79.14,100,44,87,17208.5,4060.0,17.0,2,13
1783014936.889,829.707,301.0,79.14,100,50,90,17525.7,10197.8,290.3,79.15,100,47,86,4.5,7.2,287.1,79.15,100,47,90,1078.1,16731.5,275.3,79.14,100,42,86,20752.7,6.1,17.0,2,13
1783014937.331,830.149,302.2,79.14,100,47,90,18388.4,6949.0,292.8,79.15,100,52,86,2.9,6.2,285.3,79.15,100,39,90,6903.9,14669.8,274.9,79.14,100,45,87,15303.4,4.8,17.0,2,13
1783014937.774,830.592,300.7,79.14,100,48,90,20708.6,8.6,295.2,79.15,100,47,85,6.2,4.7,285.2,79.15,100,39,90,20771.1,17200.9,276.8,79.14,100,40,87,1.9,5.2,17.0,2,13
1783014938.221,831.039,299.4,79.14,100,55,90,2.3,5.3,291.8,79.15,100,47,86,1.9,17122.1,285.9,79.15,100,38,90,20746.8,7.6,276.0,79.14,100,41,87,4.5,6.0,17.0,2,13
1783014938.663,831.481,299.4,79.14,100,55,90,3.1,15668.6,291.8,79.15,100,47,86,17714.4,3054.6,285.9,79.15,100,38,90,10.8,5694.0,276.0,79.14,100,41,87,19402.0,10910.9,17.0,2,13
1783014939.107,831.925,301.6,79.14,100,44,90,3.8,7.5,291.7,79.15,100,44,86,19885.9,14881.1,281.7,79.15,100,33,89,1534.7,6.1,271.4,79.14,100,38,87,6041.8,15076.5,20.0,2,12
1783014939.550,832.368,295.0,79.14,100,35,90,11800.5,4.5,286.7,79.15,100,40,85,1.8,4.2,273.1,79.15,100,31,89,20766.0,17200.5,266.9,79.14,100,35,87,5.3,5.6,20.0,2,12
1783014939.991,832.809,286.0,79.14,100,38,90,3.2,17120.8,278.7,79.15,100,59,86,20706.5,5.6,272.6,79.15,100,55,90,5.7,4.3,264.3,79.14,100,52,87,1098.4,16777.0,20.0,2,12
1783014940.435,833.253,292.7,79.14,100,51,90,5.4,4.3,289.2,79.15,100,58,86,500.5,17141.4,287.2,79.15,100,52,90,20748.6,4.5,277.4,79.14,100,49,87,4.4,5.5,20.0,2,12
1783014940.876,833.694,301.3,79.14,100,48,89,17611.6,4.6,302.5,79.15,100,62,86,3.5,5.5,293.2,79.15,100,41,89,20289.6,17196.4,286.0,79.14,100,49,87,4.1,4.7,20.0,2,12
1783014941.318,834.135,299.3,79.14,100,55,90,4.0,6.9,294.0,79.15,100,45,86,19653.6,13336.5,289.1,79.15,100,33,90,4126.6,6.3,277.5,79.14,100,38,86,4784.1,13751.2,20.0,2,12
1783014941.761,834.579,295.2,79.14,100,41,90,20709.5,13.8,287.3,79.15,100,44,86,2.9,17110.1,280.1,79.15,100,33,90,19220.3,1201.5,270.0,79.14,100,38,87,4.7,737.1,20.0,2,12
1783014942.211,835.029,296.6,79.14,100,45,89,2.9,10933.9,288.3,79.15,100,45,86,16434.4,9097.3,280.1,79.15,100,33,90,6.7,4.7,270.3,79.14,100,39,87,1093.3,16550.9,20.0,2,12
1783014942.652,835.470,296.6,79.14,100,45,89,3.8,17117.1,288.3,79.15,100,45,86,20706.9,8.1,277.1,79.15,100,37,90,5.5,7.4,270.3,79.14,100,39,87,20792.9,17214.3,20.0,2,12
1783014943.102,835.920,300.2,79.14,100,52,90,9581.4,13081.0,288.8,79.15,100,45,85,13743.2,6.2,283.1,79.15,100,40,90,5.5,6.4,271.3,79.14,100,41,86,19726.3,17190.3,20.0,2,12
1783014943.575,836.393,302.9,79.14,100,47,90,16142.0,12631.0,295.2,79.15,100,55,86,3.7,4.6,284.6,79.15,100,39,89,489.9,16760.1,276.4,79.14,100,50,87,20753.5,6.7,20.0,2,12
1783014944.016,836.834,300.0,79.14,100,52,90,20116.6,17110.2,294.8,79.15,100,46,85,2.9,6.4,285.4,79.15,100,39,90,3.9,17226.8,276.8,79.14,100,41,86,20752.7,5.5,20.0,2,12
1783014944.458,837.276,298.7,79.14,100,45,89,17648.2,17107.6,293.0,79.15,100,51,86,4.4,4.9,284.1,79.15,100,37,89,490.0,17240.8,276.3,79.14,100,43,87,20755.5,5.0,20.0,2,12
1783014944.901,837.719,299.9,79.14,100,49,90,14790.6,5.5,292.5,79.15,100,45,86,3.0,17130.2,283.7,79.15,100,38,90,20750.1,7.2,274.6,79.14,100,39,86,5.0,9719.9,20.0,2,12
1783014945.351,838.169,298.7,79.14,100,39,91,16832.6,17109.9,287.5,79.15,100,43,85,4.9,7.3,281.2,79.15,99,34,90,20755.7,15789.1,270.5,79.14,100,37,86,226.2,6.0,20.0,2,12
1783014945.792,838.610,294.7,79.14,100,42,89,20713.5,4.5,285.9,79.15,100,43,85,4.4,11.7,266.2,79.15,100,11,88,19661.6,14373.7,260.0,79.14,100,10,85,3495.0,6.2,23.0,3,12
1783014946.240,839.058,289.8,79.14,100,50,90,1.6,17113.8,282.9,79.15,100,62,86,20705.4,6.1,276.4,79.15,100,60,90,4.9,6.5,266.4,79.14,99,53,86,1097.0,16782.5,23.0,3,12
1783014946.683,839.501,294.4,79.14,100,49,89,4.2,8.3,291.8,79.15,100,57,86,5669.3,14201.0,276.4,79.15,100,60,90,15364.8,10.8,266.4,79.14,99,53,86,3.0,4.2,23.0,3,12
1783014947.629,840.447,301.3,79.14,100,55,90,9281.2,5.8,297.6,79.15,100,49,86,455.5,17109.0,288.0,79.15,100,38,89,20745.2,9.2,278.6,79.14,99,40,87,11.8,17229.1,23.0,3,12
1783014948.077,840.895,298.5,79.14,100,45,90,17688.9,3455.0,293.3,79.15,100,44,86,3.1,6.6,285.2,79.15,100,34,89,19692.7,17187.5,269.5,79.14,100,36,88,2.1,5.2,23.0,3,12
1783014948.518,841.335,294.5,79.14,100,36,91,2.4,4.7,285.8,79.15,100,43,85,6878.5,14918.1,278.2,79.15,100,38,90,14859.1,4.9,269.2,79.14,100,40,87,2.9,3513.1,23.0,3,12
1783014948.961,841.779,297.8,79.14,100,56,90,2.4,48.2,286.5,79.15,100,49,85,19308.1,17108.7,280.2,79.15,100,38,90,2.8,5.4,270.7,79.14,100,40,85,6732.8,14833.6,23.0,3,12
1783014949.404,842.222,301.0,79.14,100,45,90,3.9,13875.3,292.3,79.15,100,46,86,17494.2,5086.0,283.0,79.15,100,41,89,3.8,4.7,275.0,79.14,100,47,87,8562.6,14690.9,23.0,3,12
1783014949.847,842.665,299.2,79.14,100,47,90,1.8,17111.4,294.9,79.15,100,47,85,20704.7,10.6,285.9,79.15,100,41,90,1.8,7.1,276.7,79.14,100,40,86,18442.3,14329.5,23.0,3,12
1783014950.294,843.112,300.9,79.14,100,54,90,5398.7,14828.8,294.7,79.15,100,55,86,17064.1,5.0,285.2,79.15,100,38,88,3.4,2053.0,274.1,79.14,100,40,87,18004.8,16723.4,23.0,3,12
1783014950.735,843.553,300.1,79.14,100,48,90,20712.3,17113.9,293.9,79.15,100,46,86,10.5,6.9,281.7,79.15,100,39,89,5924.7,14731.6,275.2,79.14,99,44,87,16697.6,5.3,23.0,3,12
1783014951.189,844.006,296.8,79.14,100,46,91,2.2,5.2,292.8,79.15,100,47,86,20222.9,17104.7,281.7,79.15,100,39,89,2.6,6.1,275.2,79.14,99,44,87,17994.2,14679.7,23.0,3,12
1783014951.630,844.448,296.8,79.14,100,46,91,5186.4,6.0,292.8,79.15,100,47,86,3433.9,15784.6,280.2,79.15,100,33,88,17336.3,8.8,274.1,79.14,100,33,87,11.0,23356.3,26.0,3,11
1783014952.079,844.897,295.6,79.14,100,36,90,6828.5,11374.9,282.6,79.15,99,29,86,20216.9,4.6,275.6,79.15,100,33,89,1.8,4.6,260.7,79.14,100,35,85,1177.3,16825.9,26.0,3,11
1783014952.519,845.337,285.7,79.14,100,73,89,15774.1,4.0,274.1,79.15,100,46,86,2.7,4.3,266.8,79.15,100,32,88,8970.3,12695.3,257.0,79.14,100,50,87,15652.0,4.6,26.0,3,11
1783014952.960,845.778,276.6,79.14,100,53,89,14002.6,19777.7,283.9,79.15,100,66,86,459.7,4.3,279.6,79.15,100,42,89,2.3,4.4,273.7,79.14,100,55,87,19728.5,17203.1,26.0,3,11
1783014953.413,846.231,288.9,79.14,100,60,90,3.6,17115.6,298.1,79.15,100,57,87,20706.2,5.2,290.4,79.15,100,40,89,3.8,4.7,284.2,79.14,100,47,87,13725.6,12987.2,26.0,3,11
1783014953.855,846.673,295.3,79.14,100,47,89,16402.8,5713.0,297.8,79.15,100,45,86,2.1,718.8,288.7,79.15,100,33,90,18482.2,17189.5,279.9,79.14,100,37,87,11.7,9.5,26.0,3,11
1783014954.300,847.117,294.9,79.14,100,43,89,8264.0,13555.0,293.5,79.15,100,46,86,15650.5,5.7,279.1,79.15,100,35,89,2.1,15742.9,272.5,79.14,100,36,87,16060.1,4137.3,26.0,3,11
1783014954.741,847.559,298.4,79.14,100,45,89,20707.4,8.5,288.2,79.15,100,48,86,7.0,6.3,277.4,79.15,100,38,90,20770.4,17199.7,267.3,79.14,100,39,87,3.6,5.7,26.0,3,11
1783014955.188,848.006,299.4,79.14,100,45,90,2.3,4.5,289.3,79.15,100,44,86,3.5,7324.1,277.4,79.15,100,38,90,16128.8,12592.3,267.3,79.14,100,39,87,3.1,5.4,26.0,3,11
1783014955.630,848.448,299.4,79.14,100,45,90,2.8,4.5,289.3,79.15,100,44,86,1.9,7525.7,285.1,79.15,100,47,90,16842.1,11703.4,274.2,79.14,100,43,86,8.3,7.5,26.0,3,11
1783014956.074,848.892,302.5,79.14,100,55,90,11755.3,4.5,293.1,79.15,100,50,86,1.8,20.6,286.7,79.15,100,39,89,19695.2,17191.4,276.6,79.14,100,42,87,1.8,4.7,26.0,3,11
1783014956.516,849.333,300.3,79.14,100,46,90,20705.7,4.7,294.7,79.15,100,46,85,2.9,4.8,288.6,79.15,100,47,90,20760.9,16843.0,277.0,79.14,100,42,86,3.3,4.9,26.0,3,11
1783014956.957,849.775,299.7,79.14,100,45,90,20706.4,7.3,294.0,79.15,100,49,86,2.8,9.5,284.1,79.15,100,38,90,20301.2,17193.4,277.5,79.14,100,44,87,3.6,4.8,26.0,3,11
1783014957.403,850.221,299.2,79.14,100,46,91,5.7,8.6,293.5,79.15,100,45,85,13014.4,13229.6,282.8,79.15,100,38,90,11038.5,5.8,275.0,79.14,100,39,87,2.6,17250.6,26.0,3,11
1783014957.844,850.662,297.0,79.14,100,43,89,16123.0,7286.2,291.0,79.15,100,44,86,3.3,1750.7,281.7,79.15,100,33,90,17338.7,17194.7,274.1,79.14,100,36,86,5.4,8.3,26.0,3,11
1783014958.290,851.108,296.1,79.14,100,42,90,6198.5,4.4,285.4,79.15,100,38,87,3.5,3.7,265.4,79.15,100,11,90,20279.5,17190.0,257.7,79.14,100,10,86,1.8,5.4,29.0,4,11
1783014958.732,851.550,290.3,79.14,100,53,90,13571.8,20911.4,283.1,79.15,100,67,86,7.6,6.4,275.2,79.15,99,49,90,3.1,523.7,266.8,79.14,100,63,87,19719.9,17212.9,29.0,4,11
1783014959.183,852.001,294.4,79.14,100,54,90,2.3,116.0,289.9,79.15,99,59,86,19182.7,17109.0,275.2,79.15,99,49,90,2.5,4.3,266.8,79.14,100,63,87,1.9,3444.4,29.0,4,11
1783014959.627,852.445,294.4,79.14,100,54,90,1.9,4.5,289.9,79.15,99,59,86,11237.6,14485.5,292.8,79.15,100,42,89,11040.3,7.7,283.2,79.14,100,55,87,8.3,7278.1,29.0,4,11
1783014960.075,852.893,298.5,79.14,100,55,90,20232.4,14549.0,298.4,79.15,100,46,85,2885.9,6.1,292.5,79.15,100,38,89,5064.2,15122.3,277.7,79.14,100,40,85,16800.2,6.0,29.0,4,11
1783014960.516,853.334,297.6,79.14,100,45,90,3.9,10278.1,293.8,79.15,100,46,85,17757.3,8323.9,285.2,79.15,100,31,89,4.2,5.7,276.1,79.14,100,36,86,20765.9,17209.2,29.0,4,11
1783014960.957,853.775,295.0,79.14,100,42,89,18255.6,10938.4,288.5,79.15,100,44,86,1.9,4.6,277.2,79.15,100,39,90,1064.4,16742.1,269.9,79.14,100,41,87,20753.1,4.7,29.0,4,11
1783014961.400,854.218,297.6,79.14,100,51,90,20706.0,5.0,289.1,79.15,100,48,86,5.3,4.4,281.1,79.15,100,40,89,10090.9,14583.8,271.0,79.14,100,41,86,12479.9,5.0,29.0,4,11
1783014961.841,854.659,303.2,79.14,100,45,90,20708.1,4.9,292.7,79.15,100,47,86,1.8,4.5,284.4,79.15,100,40,89,9178.0,19965.2,274.8,79.14,100,47,87,5569.0,7.0,29.0,4,11
1783014962.292,855.110,299.3,79.14,100,48,90,20707.7,5.0,295.2,79.15,100,47,86,4.3,4.5,286.7,79.15,100,43,90,13410.6,14589.0,276.8,79.14,100,41,86,9132.1,4.5,29.0,4,11
1783014962.734,855.552,299.7,79.14,100,49,90,17571.7,5280.5,297.2,79.15,100,56,86,8.6,6.8,285.8,79.15,100,38,89,7551.8,14756.2,278.7,79.14,100,44,87,14703.1,6.8,29.0,4,11
1783014963.177,855.995,299.7,79.14,100,49,90,17581.6,7122.3,294.6,79.15,100,47,87,1.9,4.9,285.8,79.15,100,38,89,6157.7,14773.9,278.7,79.14,100,44,87,15942.2,5.1,29.0,4,11
1783014963.619,856.436,300.2,79.14,100,49,90,19215.6,5.0,294.6,79.15,100,47,87,2.9,5754.3,285.1,79.15,100,43,90,17939.8,12450.2,276.0,79.14,100,41,86,8.5,10.9,29.0,4,11
1783014964.061,856.879,299.3,79.14,100,46,90,10867.1,14882.0,291.4,79.15,100,46,86,11551.0,6.8,284.4,79.15,100,36,89,1426.8,16568.9,273.1,79.14,100,40,86,18836.0,5.8,29.0,4,11
1783014964.508,857.326,298.4,79.14,99,40,90,20569.8,17105.0,288.9,79.15,100,43,87,18025.5,2089.4,279.2,79.15,100,34,90,2.6,4.5,270.2,79.14,100,38,86,1083.2,16754.4,32.0,4,10
1783014964.950,857.768,289.2,79.14,100,25,90,7.0,5.2,282.1,79.15,100,47,85,3.4,11476.9,277.7,79.15,100,53,90,15362.5,9079.2,268.1,79.14,100,46,86,3.5,4.3,32.0,4,10
1783014965.400,858.218,294.9,79.14,100,51,89,15624.8,6939.9,291.5,79.15,100,49,85,3.5,5.1,286.1,79.15,100,52,90,1.7,17276.3,275.8,79.14,100,43,86,20750.5,4.9,32.0,4,10
1783014965.842,858.660,300.6,79.14,100,49,91,4266.7,13520.0,300.9,79.15,100,59,86,19865.8,4.8,294.0,79.15,100,47,90,2.0,111.2,286.8,79.14,100,51,87,19710.8,17211.9,32.0,4,10
1783014966.285,859.103,300.4,79.14,100,54,90,16464.6,9289.0,293.7,79.15,100,46,85,3.0,5.7,288.8,79.15,100,35,89,20759.7,17199.0,276.5,79.14,100,39,86,2.4,5.9,32.0,4,10
1783014966.727,859.545,295.6,79.14,100,36,90,5.2,17118.6,287.6,79.15,100,43,85,11369.5,8.5,278.9,79.15,100,33,90,2.5,17210.5,270.9,79.14,100,38,86,20752.4,5.8,32.0,4,10
1783014967.180,859.997,295.6,79.14,100,36,90,1456.6,5.2,288.7,79.15,100,45,86,1.9,17116.3,278.9,79.15,100,33,90,20746.2,4.9,270.9,79.14,100,38,86,1.9,4.8,32.0,4,10
1783014967.623,860.441,296.4,79.14,100,45,89,3.6,5.3,288.7,79.15,100,45,86,9918.0,13500.0,276.9,79.15,100,37,90,13856.8,7.5,270.0,79.14,100,40,87,8.7,9.4,32.0,4,10
1783014968.066,860.884,300.5,79.14,100,49,91,2.8,4.7,288.8,79.15,100,44,85,13875.9,13107.3,282.6,79.15,100,40,89,10419.4,10.2,271.1,79.14,100,41,85,4.1,2690.9,32.0,4,10
1783014968.511,861.329,302.3,79.14,100,47,89,4.3,4.7,295.2,79.15,100,53,86,4860.7,13540.5,284.8,79.15,100,39,88,18795.9,4.7,276.0,79.14,100,48,87,2.7,4.1,32.0,4,10
1783014968.952,861.770,300.3,79.14,100,53,90,5.1,13.2,295.1,79.15,100,45,85,2217.8,15328.1,286.2,79.15,100,39,89,20745.9,4.7,276.7,79.14,100,41,86,2.7,4.2,32.0,4,10
1783014969.396,862.214,299.4,79.14,100,45,89,2.0,4.7,295.2,79.15,100,52,86,3372.8,14410.9,285.7,79.15,100,38,89,20120.1,5.7,277.5,79.14,100,44,87,2.7,499.6,32.0,4,10
1783014969.838,862.656,300.0,79.14,100,50,90,2.6,5719.5,293.6,79.15,100,45,86,16405.4,14254.1,284.8,79.15,100,38,89,2.1,6.4,275.1,79.14,100,40,86,20779.8,17208.0,32.0,4,10
1783014970.285,863.103,298.9,79.14,100,39,90,11800.8,5.9,288.7,79.15,100,42,85,3.1,17113.2,282.9,79.15,99,35,89,20747.4,8.3,272.3,79.14,100,38,86,2.2,15556.6,32.0,4,10
1783014970.728,863.546,295.4,79.14,100,44,89,20706.6,17109.7,287.8,79.15,100,43,86,17940.3,14894.2,267.1,79.15,100,10,88,2.9,4.5,260.7,79.14,98,10,85,1.9,17235.1,35.0,5,10
1783014971.182,864.000,291.0,79.14,100,50,90,1.8,9.4,284.4,79.15,100,64,86,8.1,13215.8,267.1,79.15,100,10,88,18907.4,3910.8,260.7,79.14,98,10,85,2.5,4.4,35.0,5,10
1783014971.629,864.446,291.0,79.14,100,50,90,17048.6,4966.3,284.4,79.15,100,64,86,2.7,4.5,276.6,79.15,100,57,90,1077.8,16779.1,267.6,79.14,100,59,87,20756.6,7.1,35.0,5,10
1783014972.070,864.888,294.9,79.14,100,49,90,15665.2,14267.0,290.8,79.15,100,58,86,7494.2,4.7,291.8,79.15,100,42,89,1.9,4886.0,275.9,79.14,100,56,87,17878.6,13514.8,35.0,5,10
1783014972.511,865.329,300.0,79.14,100,53,90,20716.5,6.3,295.7,79.15,100,45,86,4.4,986.6,292.2,79.15,100,39,89,18133.4,17051.3,279.5,79.14,100,40,86,2.2,6.0,35.0,5,10
1783014972.953,865.771,298.6,79.14,100,46,90,7944.1,15006.8,291.7,79.15,100,45,85,14449.8,6.1,285.5,79.15,100,34,89,2.6,17207.7,274.1,79.14,100,37,86,20744.2,5.7,35.0,5,10
1783014973.394,866.212,295.3,79.14,100,37,90,3811.7,5.4,287.5,79.15,100,43,85,2.0,17127.7,277.7,79.15,100,38,89,20746.0,5.1,269.5,79.14,100,41,86,3.8,4.5,35.0,5,10
1783014973.836,866.654,297.7,79.14,100,57,90,2.0,5.1,286.5,79.15,100,48,85,1750.8,15596.0,280.1,79.15,100,38,89,19683.0,4.9,270.8,79.14,100,40,85,5.6,6.5,35.0,5,10
1783014974.279,867.097,301.7,79.14,100,47,90,1.9,4.4,293.9,79.15,100,50,86,506.7,17106.6,282.6,79.15,100,40,88,20749.1,4.6,275.4,79.14,100,49,87,4.4,4.7,35.0,5,10
1783014974.720,867.538,301.7,79.14,100,57,90,10.1,7.7,294.9,79.15,100,48,85,7.0,17148.6,287.3,79.15,100,39,89,20752.2,4.8,277.1,79.14,100,42,85,2.7,4.7,35.0,5,10
1783014975.172,867.990,301.7,79.14,100,57,90,4085.1,4.6,294.9,79.15,100,48,85,2.9,7716.6,287.3,79.15,100,39,89,19109.3,6653.3,277.1,79.14,100,42,85,4.6,4.7,35.0,5,10
1783014975.618,868.436,300.3,79.14,100,50,90,6561.1,4.4,296.9,79.15,100,51,86,3.6,3462.1,289.9,79.15,100,43,90,18374.3,14563.8,281.2,79.14,100,45,87,8.7,10.2,35.0,5,10
1783014976.063,868.881,302.5,79.14,100,59,90,7459.1,4.8,297.1,79.15,100,49,86,2.0,10362.8,286.6,79.15,100,39,89,17743.1,7981.7,277.6,79.14,100,41,87,4.3,5.0,35.0,5,10
1783014976.503,869.321,298.3,79.14,100,45,90,2.5,17113.9,293.7,79.15,100,44,86,19720.3,812.8,285.5,79.15,100,41,90,3.0,5481.1,276.5,79.14,100,44,87,17806.1,12895.9,35.0,5,10
1783014976.944,869.762,296.0,79.14,100,46,89,7571.2,19770.4,293.4,79.15,100,43,86,5083.4,17104.6,279.6,79.15,100,36,89,20746.3,6210.0,272.7,79.14,100,37,87,20982.1,13139.4,38.0,5,9
1783014977.395,870.213,293.7,79.14,100,11,90,2.5,4.1,280.6,79.15,100,11,86,9979.7,12786.0,275.5,79.15,100,43,89,14475.6,4.3,264.6,79.14,100,47,87,2.2,9.8,38.0,5,9
1783014977.839,870.657,297.5,79.14,100,67,90,20706.6,5.0,286.4,79.15,100,49,86,2.8,4.5,284.1,79.15,100,41,88,6925.9,18279.6,273.8,79.14,100,43,87,9877.8,6.9,38.0,5,9
1783014978.288,871.106,298.5,79.14,100,52,90,20708.3,17115.8,296.2,79.15,100,48,85,1.8,4.8,294.9,79.15,100,42,90,2.3,17255.0,284.7,79.14,100,43,86,17640.9,2704.9,38.0,5,9
1783014978.735,871.553,297.6,79.14,100,46,90,19313.2,6083.2,299.7,79.15,100,53,86,7.5,15.6,286.4,79.15,100,36,88,19693.8,17189.8,280.8,79.14,99,38,87,2.9,5.5,38.0,5,9
1783014979.181,871.999,297.6,79.14,100,46,90,3.8,17116.3,292.1,79.15,100,39,86,20703.8,6.3,286.4,79.15,100,36,88,3.1,7345.2,280.8,79.14,99,38,87,16523.6,12179.4,38.0,5,9
1783014979.623,872.441,299.0,79.14,100,43,90,6100.2,5.0,292.1,79.15,100,39,86,3.6,14499.5,278.8,79.15,100,36,88,15732.2,5705.6,271.7,79.14,100,38,86,12.8,7.7,38.0,5,9
1783014980.067,872.885,299.1,79.14,100,46,90,2.0,4.9,286.4,79.15,100,46,86,6858.1,13739.9,279.9,79.15,100,37,89,16394.0,5.3,267.5,79.14,100,40,85,3.9,9193.8,38.0,5,9
1783014980.511,873.329,299.6,79.14,100,45,89,1.9,4.6,291.0,79.15,100,49,86,17906.9,13474.3,280.1,79.15,100,37,88,5755.0,4.5,272.7,79.14,100,41,87,1.9,3420.8,38.0,5,9
1783014980.953,873.771,300.3,79.14,100,51,90,6.3,7.4,292.5,79.15,100,49,86,493.8,17133.0,285.8,79.15,100,40,90,20751.5,5.5,277.5,79.14,100,42,86,2.7,5.0,38.0,5,9
1783014981.395,874.213,300.7,79.14,100,47,90,1936.3,4.5,295.0,79.15,100,52,86,1.8,4269.0,288.7,79.15,100,43,90,16204.6,15522.1,279.5,79.14,100,48,87,2.0,5.2,38.0,5,9
1783014981.836,874.654,300.7,79.14,100,49,90,7547.4,4.6,294.6,79.15,100,44,86,1.9,593.4,284.8,79.15,100,38,89,18538.3,17199.9,275.9,79.14,100,40,86,4.4,7.5,38.0,5,9
1783014982.279,875.096,298.5,79.14,100,45,90,16518.9,5.2,293.6,79.15,100,46,86,2.0,5930.6,284.8,79.15,100,45,90,16391.5,11938.8,277.0,79.14,100,45,87,4.3,5.6,38.0,5,9
1783014982.721,875.539,298.5,79.14,100,47,90,8.3,17116.0,293.3,79.15,100,46,85,20708.6,8.3,281.3,79.15,100,32,90,5.8,8797.3,275.4,79.14,100,36,87,16633.5,10515.0,38.0,5,9
1783014983.166,875.984,298.5,79.14,100,47,90,3.1,5.9,293.3,79.15,100,46,85,12342.3,22697.4,281.3,79.15,100,32,90,19692.0,17192.9,275.4,79.14,100,36,87,17013.3,16577.2,41.0,6,9
1783014983.609,876.427,297.2,79.14,100,44,90,17169.2,7997.0,287.6,79.15,100,46,86,2.6,4.2,275.4,79.15,98,28,88,1.9,8875.1,266.3,79.14,98,34,86,20970.9,4783.6,41.0,6,9
1783014984.061,876.878,292.0,79.14,100,60,90,8.3,6699.2,281.6,79.15,100,57,86,17271.1,12530.5,273.4,79.15,100,41,88,2.7,4.5,264.9,79.14,100,56,87,2.1,17305.1,41.0,6,9
1783014984.508,877.326,295.3,79.14,100,60,90,1.9,4.7,287.8,79.15,100,54,86,4271.0,14876.8,283.3,79.15,99,41,89,17483.8,4.9,274.2,79.14,100,46,87,1.9,4.0,41.0,6,9
1783014984.952,877.769,299.5,79.14,100,59,90,8.3,8.1,300.8,79.15,100,49,85,20227.8,17104.7,294.0,79.15,99,37,89,3.0,5.8,282.1,79.14,100,40,86,13633.7,15079.6,41.0,6,9
1783014985.402,878.220,298.5,79.14,100,44,90,11640.9,6.0,296.7,79.15,100,43,86,2.6,17114.4,285.9,79.15,100,35,89,20747.2,6.0,274.7,79.14,100,39,86,2.2,10427.5,41.0,6,9
1783014985.848,878.666,296.6,79.14,100,42,90,20708.9,17108.1,287.7,79.15,100,44,85,2.0,4.9,276.2,79.15,100,35,89,3.5,17222.2,269.3,79.14,100,40,87,20753.4,7.0,41.0,6,9
1783014986.297,879.115,295.6,79.14,100,45,90,20706.8,4.7,285.8,79.15,100,46,87,2.8,4.8,279.7,79.15,100,42,89,20758.9,17195.2,270.6,79.14,100,41,86,8.2,5.1,41.0,6,9
1783014986.742,879.560,301.4,79.14,100,54,90,1097.2,14.5,291.4,79.15,99,57,86,4.9,17137.4,283.4,79.15,100,39,88,20086.4,687.2,272.7,79.14,100,39,87,2.7,4.8,41.0,6,9
1783014987.194,880.012,301.4,79.14,100,49,90,2.0,4.4,294.6,79.15,100,47,85,1.8,7950.0,283.4,79.15,100,39,88,17756.5,10505.4,272.7,79.14,100,39,87,3.7,4.9,41.0,6,9
1783014987.635,880.453,301.4,79.14,100,49,90,13843.2,4.4,294.6,79.15,100,47,85,2.1,3.9,286.0,79.15,100,47,90,20656.5,17202.5,277.6,79.14,100,42,85,9.3,10.1,41.0,6,9
1783014988.081,880.899,300.2,79.14,100,49,90,4135.6,4.4,296.4,79.15,100,58,86,1.9,3003.5,285.8,79.15,100,39,89,17824.6,15512.7,279.0,79.14,100,50,87,4.5,4.9,41.0,6,9
1783014988.523,881.340,299.1,79.14,100,49,91,8020.1,4.8,294.2,79.15,100,49,85,3.7,10455.1,286.8,79.15,100,43,89,18179.0,7643.5,276.1,79.14,100,41,85,2.0,5.6,41.0,6,9
1783014988.967,881.785,299.3,79.14,100,47,90,2.0,17115.4,292.7,79.15,100,48,86,20703.7,5.8,284.4,79.15,100,38,89,2.9,12505.5,273.0,79.14,100,40,86,17727.6,5736.9,41.0,6,9
1783014989.409,882.227,300.9,79.14,100,44,90,2.2,5.7,289.6,79.15,100,47,85,19468.7,17118.1,278.8,79.15,100,34,89,13758.2,17223.6,270.0,79.14,100,37,85,5214.8,17201.1,43.0,6,8
1783014989.858,882.675,292.7,79.14,100,8,90,1.8,3.8,282.3,79.15,100,9,86,20253.4,15927.3,274.1,79.15,100,54,90,40.0,7.1,264.2,79.14,100,51,85,4.7,3.5,43.0,6,8
1783014990.300,883.118,278.6,79.14,100,50,90,15287.0,6681.7,283.9,79.15,100,47,85,2.7,4.5,276.9,79.15,100,50,90,492.3,16792.4,267.9,79.14,100,42,86,20752.7,5.0,43.0,6,8
1783014990.741,883.559,281.8,79.14,100,49,89,7.0,17120.5,293.6,79.15,100,51,86,20710.4,7.4,290.3,79.15,100,53,90,4.6,4.7,281.6,79.14,100,47,86,20388.1,12631.7,43.0,6,8
1783014991.187,884.004,299.9,79.14,100,47,90,2.3,16747.9,300.0,79.15,100,51,86,16719.9,3352.9,290.3,79.15,100,53,90,2.9,605.6,281.6,79.14,100,47,86,18758.7,17202.2,43.0,6,8
1783014991.629,884.447,299.9,79.14,100,47,90,11874.8,6.0,300.0,79.15,100,51,86,3.7,17113.5,286.3,79.15,100,37,90,20745.2,8.7,280.3,79.14,100,45,87,9.8,12037.0,43.0,6,8
1783014992.077,884.895,299.0,79.14,100,44,90,16387.6,16585.8,290.5,79.15,100,39,86,3.8,5.4,282.3,79.15,100,35,89,10077.2,13607.3,269.7,79.14,100,35,86,13874.9,5.0,43.0,6,8
1783014992.520,885.338,295.2,79.14,100,43,90,15953.2,4.6,286.1,79.15,100,44,86,4.4,10.8,279.3,79.15,100,38,89,19699.1,17196.2,267.8,79.14,100,40,86,2.7,5.1,43.0,6,8
1783014992.962,885.779,299.0,79.14,100,46,90,7473.7,7.6,290.4,79.15,100,51,86,2.0,12416.1,279.7,79.15,100,37,89,15892.8,7415.3,272.6,79.14,99,42,87,2.4,4.8,43.0,6,8
1783014993.403,886.221,300.4,79.14,100,46,89,8676.4,4.4,294.1,79.15,100,48,86,1.9,35.7,284.1,79.15,100,45,90,19691.7,17200.8,276.4,79.14,99,41,86,2.0,9.9,43.0,6,8
1783014993.844,886.662,301.3,79.14,100,54,90,20708.0,4.5,295.1,79.15,100,54,86,2.3,4.6,286.0,79.15,100,38,89,17030.5,13084.2,276.6,79.14,100,42,87,6150.1,6.6,43.0,6,8
1783014994.289,887.107,300.6,79.14,100,47,90,20704.8,5.3,293.6,79.15,100,45,85,1.9,4.8,287.0,79.15,100,44,89,18046.5,13202.2,275.6,79.14,100,39,85,6101.0,4.7,43.0,6,8
1783014994.730,887.548,299.0,79.14,100,45,90,20476.3,11.4,294.6,79.15,100,50,86,9.6,6.5,284.3,79.15,100,38,90,20648.9,17198.6,276.1,79.14,100,45,87,2.0,5.2,43.0,6,8
1783014995.184,888.002,299.7,79.14,100,46,90,2.2,4768.5,293.1,79.15,100,46,86,17218.4,14252.1,284.3,79.15,100,38,90,3.0,6.0,276.1,79.14,100,45,87,20770.1,16221.9,43.0,6,8
1783014995.626,888.444,299.7,79.14,100,46,90,15355.3,5.7,293.1,79.15,100,46,86,3.7,17111.9,280.0,79.15,100,34,89,20748.6,8.7,273.1,79.14,100,33,87,8.0,14360.0,46.0,7,8
1783014996.078,888.896,296.7,79.14,100,42,90,17068.5,4.4,285.7,79.15,100,38,86,1.9,5.2,279.0,79.15,99,35,89,19761.5,14353.0,265.3,79.14,99,38,85,2928.6,4.8,46.0,7,8
1783014996.523,889.341,288.8,79.14,100,52,90,1.9,17119.1,278.1,79.15,100,50,86,18814.7,4.3,275.5,79.15,100,47,89,2.3,5.3,264.6,79.14,99,45,85,19690.2,13922.2,46.0,7,8
1783014996.973,889.790,290.9,79.14,100,50,90,5.0,4.1,288.3,79.15,100,48,85,20731.2,17111.2,283.6,79.15,100,49,90,2.1,4.8,276.8,79.14,100,43,86,2.9,11392.1,46.0,7,8
1783014997.415,890.233,303.0,79.14,100,51,90,2.3,4.6,302.1,79.15,100,57,86,18021.8,14412.9,291.1,79.15,100,41,90,4173.6,5.8,285.1,79.14,100,47,87,490.3,17235.4,46.0,7,8
1783014997.861,890.679,299.7,79.14,100,44,90,17663.6,4753.7,293.8,79.15,100,46,85,2.2,1853.6,283.8,79.15,99,37,89,24964.3,10751.1,276.3,79.14,99,40,86,5.9,1021.5,46.0,7,8
1783014998.315,891.133,295.9,79.14,100,46,90,20706.2,17108.6,286.6,79.15,100,46,86,2.2,5.3,278.1,79.15,100,34,89,1.9,17216.2,266.6,79.14,99,33,87,20747.2,4.9,46.0,7,8
1783014998.756,891.574,297.1,79.14,100,45,89,20707.9,5.9,288.5,79.15,100,45,86,5.9,18.0,277.7,79.15,99,40,89,19698.3,17188.3,270.8,79.14,100,48,87,2.0,4.7,46.0,7,8
1783014999.205,892.023,300.2,79.14,100,45,90,6571.8,4.8,288.9,79.15,100,46,86,1.9,8316.2,277.7,79.15,99,40,89,17737.3,10185.9,270.8,79.14,100,48,87,4.0,4.8,46.0,7,8
1783014999.652,892.470,300.2,79.14,100,45,90,3.0,4.5,288.9,79.15,100,46,86,2.3,6312.6,285.5,79.15,100,38,89,17929.9,12183.8,274.2,79.14,100,41,86,10.2,7.5,46.0,7,8
1783015000.099,892.917,302.1,79.14,100,49,90,13385.0,4.4,294.8,79.15,100,56,86,1.8,4.7,286.4,79.15,100,39,88,20295.7,17193.0,277.4,79.14,100,49,87,3.7,4.7,46.0,7,8
1783015000.544,893.362,301.6,79.14,100,57,90,20706.5,4.6,296.4,79.15,100,47,85,4.0,9.9,286.7,79.15,100,40,89,20774.9,17201.7,277.7,79.14,100,43,86,2.7,4.5,46.0,7,8
1783015000.993,893.811,299.1,79.14,100,48,90,17854.6,4.4,295.0,79.15,100,51,86,1.9,4.2,289.0,79.15,100,46,90,20772.1,17196.0,277.4,79.14,99,53,87,4.5,7.6,46.0,7,8
1783015001.437,894.255,301.2,79.14,100,56,90,4.6,5.6,294.5,79.15,100,46,85,14256.0,14899.0,285.6,79.15,100,37,89,7286.4,5.8,276.2,79.14,100,40,86,2.5,17246.0,46.0,7,8
1783015001.879,894.697,299.9,79.14,100,42,90,18094.1,8660.0,288.5,79.15,100,44,85,2.1,6.1,282.4,79.15,100,34,89,19695.9,17202.0,269.9,79.14,100,39,85,3.8,5.9,49.0,7,7
1783015002.326,895.144,295.2,79.14,98,43,92,1.8,12193.5,284.8,79.15,98,28,85,15410.4,8409.1,271.7,79.15,100,10,90,1.9,4.5,266.7,79.14,100,10,87,585.3,16793.4,49.0,7,7
1783015002.768,895.586,294.9,79.14,100,62,90,5.3,8.8,290.6,79.15,100,56,86,1.8,4553.2,278.2,79.15,100,42,88,15818.2,15542.4,275.1,79.14,100,59,87,1.9,4.6,49.0,7,7
1783015003.214,896.032,297.7,79.14,100,59,90,15677.0,12597.3,299.3,79.15,100,48,86,2.7,4.4,278.2,79.15,100,42,88,2.8,12550.5,285.0,79.14,100,45,87,15115.8,8068.6,49.0,7,7
1783015003.658,896.476,297.7,79.14,100,59,90,20708.5,14799.2,299.3,79.15,100,48,86,1855.4,10.5,293.3,79.15,100,42,88,3.6,11088.6,285.0,79.14,100,45,87,15432.7,8121.1,49.0,7,7
1783015004.103,896.920,297.5,79.14,100,46,90,4555.1,6.3,294.4,79.15,100,46,86,3729.9,13962.5,291.9,79.15,100,44,89,19243.9,6.0,277.6,79.14,100,40,86,4.1,17227.1,49.0,7,7
1783015004.544,897.362,296.3,79.14,100,44,90,16691.6,14737.0,290.1,79.15,100,45,85,4.4,5.8,282.8,79.15,99,31,89,19587.6,13400.3,274.1,79.14,100,35,86,1537.1,5.5,49.0,7,7
1783015004.988,897.805,296.9,79.14,100,43,91,5.0,4.6,287.9,79.15,100,44,86,2.1,17119.9,275.9,79.15,100,38,89,20703.0,5.3,269.9,79.14,100,41,87,4.3,4.9,49.0,7,7
1783015005.430,898.248,298.5,79.14,100,48,90,1.8,4.5,288.4,79.15,100,47,86,496.1,17114.0,280.1,79.15,100,41,89,20750.5,5.0,270.6,79.14,100,39,85,3.0,19.8,49.0,7,7
1783015005.875,898.693,302.4,79.14,100,45,90,3.0,4.5,292.1,79.15,100,46,86,1941.9,15504.7,283.4,79.15,100,38,88,20752.4,7.4,273.2,79.14,100,43,87,2.7,4.6,49.0,7,7
1783015006.316,899.134,300.2,79.14,100,47,90,1.9,4.4,293.9,79.15,100,47,85,1.8,11902.3,285.3,79.15,100,44,89,15582.2,7892.8,276.1,79.14,100,41,86,2.8,4.7,49.0,7,7
1783015006.756,899.574,299.7,79.14,100,48,89,12472.6,4.8,295.5,79.15,100,56,86,4.5,28.4,285.3,79.15,100,37,88,19691.3,17195.3,279.3,79.14,100,43,87,1.9,4.8,49.0,7,7
1783015007.197,900.015,301.4,79.14,100,53,90,20705.8,4.6,293.5,79.15,100,46,86,2.8,4.5,285.3,79.15,100,37,88,20767.1,16954.8,279.3,79.14,100,43,87,4.6,4.8,49.0,7,7
1783015007.638,900.456,301.4,79.14,100,53,90,2.6,5.5,293.5,79.15,100,46,86,493.1,17112.0,285.2,79.15,100,38,89,20747.6,13.3,275.1,79.14,100,40,87,16.6,17241.3,49.0,7,7
1783015008.090,900.907,299.5,79.14,100,45,90,16044.8,6567.0,290.3,79.15,100,43,86,3.0,5.8,284.5,79.15,100,36,89,19691.7,17199.6,270.2,79.14,100,40,85,4.8,5.6,49.0,7,7
1783015008.533,901.351,299.2,79.14,99,38,90,18455.4,4.6,287.2,79.15,100,41,86,3.5,4.5,278.7,79.15,100,35,89,20544.7,14448.0,269.6,79.14,100,38,85,2044.7,4.5,52.0,8,7
1783015008.975,901.793,288.7,79.14,100,44,89,3787.4,14124.3,280.4,79.15,100,64,86,18535.6,4.3,272.9,79.15,100,46,90,2.3,4.3,266.4,79.14,100,55,87,6493.6,14601.8,52.0,8,7
1783015009.420,902.238,292.4,79.14,100,50,90,2.2,4.3,291.2,79.15,100,65,86,16590.4,13949.8,279.7,79.15,100,42,89,6610.3,4.4,274.9,79.14,100,55,87,2.2,3.5,52.0,8,7
1783015009.862,902.680,303.0,79.14,100,63,90,1.9,4.7,299.5,79.15,100,51,86,497.6,17122.9,292.2,79.15,100,38,88,20748.1,8.0,282.2,79.14,100,43,87,5.1,2905.0,52.0,8,7
1783015010.318,903.136,297.1,79.14,100,46,90,20708.2,15709.1,294.2,79.15,100,46,86,758.2,6.0,286.1,79.15,100,36,88,8127.4,14968.6,274.5,79.14,99,36,87,13918.8,6.0,52.0,8,7
1783015010.761,903.579,297.0,79.14,100,44,90,4.2,16049.3,288.0,79.15,99,43,86,18707.3,7.7,278.1,79.15,100,34,89,2.9,17095.7,267.6,79.14,100,38,86,19216.2,1198.3,52.0,8,7
1783015011.218,904.036,298.6,79.14,100,49,90,15157.8,4.5,285.1,79.15,99,49,86,1.9,3.9,278.1,79.15,100,34,89,20275.3,17192.7,266.9,79.14,100,41,86,2.0,4.8,52.0,8,7
1783015011.660,904.478,298.6,79.14,100,49,90,4.0,4.5,285.1,79.15,99,49,86,2.9,17126.9,278.3,79.15,100,39,89,20757.3,7.8,266.9,79.14,100,41,86,7.4,8.6,52.0,8,7
1783015012.108,904.926,298.5,79.14,100,45,89,1.8,4.4,291.0,79.15,100,46,86,498.9,17116.6,280.5,79.15,100,40,88,20750.7,4.6,275.6,79.14,100,49,86,5.6,4.9,52.0,8,7
1783015012.549,905.366,299.4,79.14,100,48,90,3.5,4.6,292.4,79.15,100,47,86,491.8,17135.4,286.3,79.15,100,42,89,20745.4,4.7,276.8,79.14,100,42,86,2.7,4.6,52.0,8,7
1783015012.989,905.807,300.9,79.14,100,48,90,3.7,4.8,295.5,79.15,100,52,86,4803.6,14618.9,286.2,79.15,100,40,88,17378.6,4.8,277.8,79.14,100,50,87,4.4,972.0,52.0,8,7
1783015013.433,906.251,300.0,79.14,100,47,90,1.9,5.1,294.9,79.15,100,47,85,18066.4,14260.1,285.8,79.15,100,46,89,4412.5,4.8,276.4,79.14,100,43,85,2.0,14404.3,52.0,8,7
1783015013.874,906.692,300.8,79.14,100,52,90,8.1,16454.6,292.1,79.15,100,49,86,20704.1,5.9,285.8,79.15,100,38,89,5.7,14874.5,270.7,79.14,100,40,85,17401.4,3852.7,52.0,8,7
1783015014.317,907.135,300.3,79.14,100,39,90,2.1,6.2,287.6,79.15,100,42,85,20706.3,15943.1,279.8,79.15,100,33,89,46.7,5.7,268.3,79.14,100,38,85,4163.9,14843.1,55.0,8,6
1783015014.758,907.576,290.6,79.14,98,41,92,14714.8,4.7,278.7,79.15,98,24,85,5.2,10.0,266.7,79.15,100,10,89,20285.9,17202.7,263.8,79.14,100,8,87,1.8,4.4,55.0,8,6
1783015015.211,908.029,292.8,79.14,100,63,90,405.4,16655.2,290.2,79.15,100,61,86,20705.7,4.1,266.7,79.15,100,10,89,3.1,4.0,263.8,79.14,100,8,87,1097.8,16775.0,55.0,8,6
1783015015.654,908.472,292.8,79.14,100,63,90,3.4,4.5,290.2,79.15,100,61,86,513.2,17128.7,277.5,79.15,99,43,88,20759.5,11.2,273.5,79.14,100,62,87,8.9,6.8,55.0,8,6
1783015016.114,908.932,297.6,79.14,100,59,90,1.8,4.6,298.8,79.15,100,54,86,1.8,17147.1,295.8,79.15,100,41,90,20723.4,5.2,287.9,79.14,100,52,87,2.8,5.4,55.0,8,6
1783015016.557,909.375,299.8,79.14,100,55,90,4.2,17060.9,293.4,79.15,100,45,85,17099.6,2856.0,291.9,79.15,100,38,89,4.4,5051.1,277.2,79.14,100,39,85,16671.0,14354.5,55.0,8,6
1783015017.005,909.823,298.4,79.14,100,44,90,2.3,5.9,286.6,79.15,100,45,85,17251.8,13456.5,283.4,79.15,100,32,89,6317.0,5.7,267.9,79.14,100,35,85,3.9,17233.8,55.0,8,6
1783015017.449,910.267,295.6,79.14,100,38,90,14885.0,13583.1,286.7,79.15,100,43,85,9762.1,4.6,276.0,79.15,100,39,89,1.9,989.3,269.0,79.14,100,40,86,18331.3,17189.5,55.0,8,6
1783015017.890,910.708,297.1,79.14,100,57,90,20708.3,17112.8,288.8,79.15,100,48,85,8.2,7.3,280.1,79.15,100,38,89,5.9,17236.4,270.6,79.14,100,40,85,18296.8,2299.0,55.0,8,6
1783015018.336,911.154,302.7,79.14,100,45,90,15822.9,15478.8,295.0,79.15,100,45,86,1.9,4.7,283.3,79.15,100,39,90,1.9,17244.2,276.0,79.14,100,50,87,20440.1,199.3,55.0,8,6
1783015018.777,911.595,300.3,79.14,100,47,90,20709.6,17112.2,293.9,79.15,100,47,86,2.0,4.8,285.7,79.15,100,39,89,2.8,17236.6,276.4,79.14,100,40,86,20761.1,5.1,55.0,8,6
1783015019.226,912.044,299.6,79.14,99,48,89,20506.1,17107.9,295.2,79.15,100,56,86,8.3,4.8,285.0,79.15,100,37,88,1.9,17226.5,277.4,79.14,100,42,87,20757.3,5.4,55.0,8,6
1783015019.685,912.503,299.6,79.14,99,48,89,20710.3,7.4,292.5,79.15,100,48,86,4.9,9.9,285.0,79.15,100,37,88,20777.9,17201.6,277.4,79.14,100,42,87,4.9,4.9,55.0,8,6
1783015020.137,912.955,300.3,79.14,100,49,90,3.0,4.9,292.5,79.15,100,48,86,20219.6,17109.9,284.5,79.15,100,41,89,2.1,5.9,275.4,79.14,100,39,85,14762.4,13258.1,55.0,8,6
1783015020.580,913.397,299.9,79.14,99,45,90,19361.9,6.0,288.1,79.15,100,46,85,2.2,17111.3,284.3,79.15,100,34,89,20748.5,6.3,270.3,79.14,99,37,85,2.2,10101.1,55.0,8,6
1783015021.026,913.844,297.7,79.14,100,37,89,2.5,4.3,285.3,79.15,99,38,85,1.9,15983.1,274.4,79.15,99,30,89,17206.9,3108.2,266.3,79.14,100,34,86,2.7,4.5,58.0,9,6
1783015021.472,914.290,287.8,79.14,99,62,90,17066.0,10471.1,280.4,79.15,100,59,86,2.6,4.0,267.4,79.15,100,42,89,3.5,9012.8,264.5,79.14,99,49,87,16889.5,10046.5,58.0,9,6
1783015021.914,914.732,293.1,79.14,100,66,90,1.8,16115.0,288.7,79.15,100,50,86,17183.1,2857.3,280.6,79.15,99,41,88,9.1,4.3,272.0,79.14,100,45,87,1094.9,16758.8,58.0,9,6
1783015022.361,915.179,300.0,79.14,99,55,90,3.9,3079.3,297.1,79.15,100,47,85,17987.1,15537.2,294.7,79.15,100,37,89,3.6,4.7,279.3,79.14,99,42,86,2.2,17265.2,58.0,9,6
1783015022.804,915.622,297.1,79.14,100,46,90,18929.5,17105.9,293.6,79.15,100,45,86,3.1,5.9,285.7,79.15,100,37,88,20770.4,17192.4,275.0,79.14,99,39,86,4.0,11.8,58.0,9,6
1783015023.254,916.072,299.2,79.14,99,43,90,6661.1,14347.5,288.2,79.15,100,45,85,16100.9,5.6,277.7,79.15,100,32,89,3.1,16291.8,269.2,79.14,99,37,85,20034.2,125.1,58.0,9,6
1783015023.697,916.515,296.5,79.14,99,48,90,17255.9,9.9,284.8,79.15,100,45,86,8.2,11.3,277.7,79.15,100,32,89,20810.4,14564.4,269.2,79.14,99,37,85,4.5,4.6,58.0,9,6
1783015024.144,916.962,296.5,79.14,99,48,90,2.0,4.5,284.8,79.15,100,45,86,3.4,9077.2,279.5,79.15,100,42,89,16917.9,9977.1,269.3,79.14,100,42,87,2.0,5.1,58.0,9,6
1783015024.587,917.405,300.1,79.14,99,44,90,2.0,4.4,293.9,79.15,100,48,86,1.9,7013.1,280.6,79.15,100,40,89,17550.8,11467.3,273.7,79.14,99,52,87,2.8,7.8,58.0,9,6
1783015025.033,917.851,302.1,79.14,100,48,90,10443.0,4.4,294.6,79.15,100,48,85,1.8,23.6,286.4,79.15,100,46,89,19702.1,17194.6,276.5,79.14,100,42,86,2.0,4.8,58.0,9,6
1783015025.474,918.292,300.1,79.14,99,48,90,20705.7,4.5,296.9,79.15,100,57,86,2.8,4.5,286.9,79.15,100,40,88,19889.0,14364.5,280.1,79.14,100,51,87,2972.8,4.8,58.0,9,6
1783015025.915,918.733,301.5,79.14,100,52,90,18658.7,1589.3,294.2,79.15,100,47,86,6.5,6.8,286.3,79.15,100,42,89,12143.7,14481.5,276.7,79.14,99,43,86,10455.9,10.8,58.0,9,6
1783015026.360,919.178,299.3,79.14,100,48,89,10180.0,5.0,293.5,79.15,100,56,86,3.6,11570.5,284.8,79.15,100,38,88,17480.7,6933.3,275.1,79.14,100,43,87,2.7,5.1,58.0,9,6
1783015026.804,919.622,298.0,79.14,100,45,89,19190.8,14527.7,293.8,79.15,100,44,86,3543.4,5.7,280.3,79.15,100,37,90,490.3,16795.6,272.1,79.14,100,38,86,20752.1,5.9,58.0,9,6
1783015027.244,920.062,294.4,79.14,99,46,90,12469.5,16762.5,282.1,79.15,98,42,87,16053.7,10170.7,275.6,79.15,100,8,89,5.9,4.4,262.6,79.14,100,9,86,1.8,17253.2,61.0,9,5
1783015027.689,920.507,294.5,79.14,100,50,90,1.7,6.7,286.0,79.15,100,60,86,5.9,16476.5,275.6,79.15,100,8,89,16766.4,3348.7,262.6,79.14,100,9,86,2.8,4.4,61.0,9,5
1783015028.138,920.956,294.5,79.14,100,50,90,17381.0,2551.7,286.0,79.15,100,60,86,2.8,4.6,283.4,79.15,100,59,90,1090.5,16750.6,272.4,79.14,100,53,86,20752.8,4.3,61.0,9,5
1783015028.580,921.398,299.2,79.14,100,49,89,14597.1,12830.6,295.0,79.15,100,58,86,10295.4,4.7,292.3,79.15,100,47,90,4.4,2954.3,284.6,79.14,100,57,87,16165.4,16726.4,61.0,9,5
1783015029.023,921.841,300.5,79.14,100,53,90,16626.5,3414.0,297.4,79.15,99,48,86,2.1,2351.2,287.0,79.15,100,37,88,16346.7,16665.0,280.1,79.14,99,39,87,2.2,5.8,61.0,9,5
1783015029.468,922.286,298.4,79.14,100,46,90,3414.2,14220.4,290.6,79.15,100,45,86,20417.5,6.0,282.4,79.15,100,34,88,4.3,17213.0,269.8,79.14,99,36,85,18354.0,1912.2,61.0,9,5
1783015029.908,922.726,296.4,79.14,100,39,90,19315.2,5.9,285.2,79.15,100,42,85,5.2,9311.6,278.8,79.15,100,38,89,16183.6,8779.6,269.4,79.14,100,40,86,4.4,4.7,61.0,9,5
1783015030.350,923.168,299.5,79.14,100,55,90,3522.8,5.0,287.8,79.15,100,54,86,3.6,17120.1,279.2,79.15,99,37,88,18219.2,2105.3,272.7,79.14,100,40,87,1.8,4.6,61.0,9,5
1783015030.791,923.609,299.2,79.14,100,47,90,6.0,4.6,293.0,79.15,100,44,86,1.9,14627.7,282.0,79.15,99,45,89,15096.8,5668.8,275.9,79.14,100,45,86,2.8,5.5,61.0,9,5
1783015031.233,924.051,300.8,79.14,100,55,90,17298.7,4.6,293.8,79.15,100,50,86,1.9,3.9,284.9,79.15,100,38,88,20286.7,17200.0,276.9,79.14,100,42,87,3.6,4.8,61.0,9,5
1783015031.674,924.492,300.8,79.14,100,55,90,15349.5,7242.0,293.8,79.15,100,50,86,6.8,8.4,284.9,79.15,100,38,88,20777.5,16716.2,276.9,79.14,100,42,87,5.1,4.7,61.0,9,5
1783015032.125,924.943,302.5,79.14,100,48,90,20705.1,10.3,293.7,79.15,100,47,85,2.0,4.7,287.5,79.15,100,40,89,20772.1,14110.3,276.3,79.14,100,39,85,2316.4,4.9,61.0,9,5
1783015032.571,925.389,299.4,79.14,100,49,90,17334.4,6.4,295.6,79.15,100,58,86,2.0,13232.0,284.1,79.15,100,37,90,15894.7,6727.7,277.2,79.14,100,45,87,2.0,5.9,61.0,9,5
1783015033.016,925.834,299.2,79.14,100,45,89,8393.4,13589.1,293.1,79.15,100,45,86,15376.5,6.0,281.9,79.15,100,39,90,8.3,17204.1,274.3,79.14,99,41,86,20746.4,5.9,61.0,9,5
1783015033.459,926.277,296.6,79.14,100,45,89,20749.9,13874.0,288.7,79.15,100,41,86,20574.6,13615.2,278.3,79.15,99,35,90,20547.5,14513.5,267.9,79.14,100,33,87,8949.4,4.7,64.0,10,5
1783015033.900,926.718,291.9,79.14,100,15,90,17911.9,13906.7,277.5,79.15,100,34,87,4487.2,7.7,272.0,79.15,100,47,89,4.6,3.4,260.3,79.14,100,46,87,20316.0,17193.4,64.0,10,5
1783015034.347,927.165,293.0,79.14,100,52,90,1.9,9.8,285.9,79.15,100,48,85,20730.8,17108.7,282.8,79.15,100,52,89,3.9,5.8,271.8,79.14,100,44,86,1.8,6557.5,64.0,10,5
1783015034.791,927.609,300.2,79.14,100,50,89,6.0,4.7,302.9,79.15,100,60,86,3403.9,14578.1,291.5,79.15,99,45,89,18819.0,4.8,284.8,79.14,100,51,86,2.8,4.3,64.0,10,5
1783015035.236,928.054,298.6,79.14,100,55,90,2.1,11142.6,294.6,79.15,100,46,86,18036.4,7470.9,287.6,79.15,99,34,89,2.6,5.6,276.9,79.14,100,39,86,20770.1,17195.3,64.0,10,5
1783015035.677,928.495,298.6,79.14,100,55,90,8811.0,5.8,294.6,79.15,100,46,86,5.9,17114.6,287.6,79.15,99,34,89,20753.7,8.5,276.9,79.14,100,39,86,4.7,17220.6,64.0,10,5
1783015036.124,928.942,296.1,79.14,100,43,89,15344.9,14883.6,288.1,79.15,100,45,86,6979.4,5.7,281.8,79.15,100,32,89,8.1,17219.3,268.6,79.14,100,36,86,20757.7,4.7,64.0,10,5
1783015036.568,929.386,297.2,79.14,100,46,91,18177.8,14742.0,288.5,79.15,100,46,86,4.4,5.1,275.5,79.15,100,38,88,4652.9,15001.5,270.9,79.14,100,40,86,17355.9,5.0,64.0,10,5
1783015037.012,929.829,301.0,79.14,100,50,90,17432.5,6887.8,288.6,79.15,100,45,87,2.8,4.8,283.3,79.15,100,45,89,3838.8,14735.5,271.3,79.14,100,43,86,18527.9,13.2,64.0,10,5
1783015037.461,930.279,301.9,79.14,100,49,90,17322.8,13480.3,295.3,79.15,100,57,86,4.5,4.7,284.9,79.15,99,40,88,491.0,17249.0,277.5,79.14,100,51,87,20753.8,4.7,64.0,10,5
1783015037.903,930.721,302.5,79.14,100,55,90,19266.6,14267.5,295.1,79.15,100,48,85,3850.1,7.5,287.2,79.15,99,41,89,8.8,10202.3,278.0,79.14,99,42,85,17423.1,8754.6,64.0,10,5
1783015038.346,931.164,298.9,79.14,100,47,91,10943.6,14197.7,294.7,79.15,100,51,86,12280.4,4.9,289.2,79.15,100,44,90,1.9,521.1,279.2,79.14,100,48,87,19702.5,17195.4,64.0,10,5
1783015038.787,931.605,301.0,79.14,100,55,90,6875.9,14615.8,297.1,79.15,100,48,86,14137.7,4.8,286.2,79.15,100,38,89,4.2,8893.4,277.6,79.14,100,41,86,17702.9,9566.4,64.0,10,5
1783015039.231,932.049,299.8,79.14,100,45,90,9939.7,5.7,291.4,79.15,100,43,86,2.1,17121.2,283.7,79.15,100,37,88,20747.9,6.2,270.6,79.14,100,38,86,2.5,6295.2,64.0,10,5
1783015039.680,932.498,299.8,79.14,100,45,90,20936.7,16971.8,288.4,79.15,100,46,85,20708.0,17106.3,283.7,79.15,100,37,88,5840.6,18028.2,270.6,79.14,100,38,86,11864.5,17026.3,67.0,10,4
1783015040.129,932.947,297.9,79.14,100,46,90,6355.9,4.1,288.4,79.15,100,46,85,1.7,4.1,276.2,79.15,98,12,89,19540.1,13170.8,268.0,79.14,98,26,87,2.6,4.1,67.0,10,4
1783015040.581,933.399,294.9,79.14,100,59,90,15072.0,12858.1,288.3,79.15,100,56,86,10268.3,4.6,278.2,79.15,100,42,89,3.5,496.2,274.5,79.14,100,54,87,19717.5,16737.7,67.0,10,4
1783015041.026,933.844,295.5,79.14,100,61,90,2.0,7641.2,295.3,79.15,100,52,86,15893.5,12652.0,288.7,79.15,100,41,88,3.4,4.8,279.0,79.14,100,43,87,1083.5,16758.0,67.0,10,4
1783015041.468,934.286,299.4,79.14,100,54,90,3.8,16540.8,298.1,79.15,100,47,85,16489.3,3524.3,293.4,79.15,100,37,89,2.9,489.1,280.7,79.14,100,39,87,19697.3,17187.7,67.0,10,4
1783015041.907,934.725,297.9,79.14,100,44,90,13555.8,5.6,294.2,79.15,100,43,86,5.1,17111.1,285.8,79.15,100,35,89,20745.3,7.2,272.4,79.14,100,39,87,2.9,7457.9,67.0,10,4
1783015042.349,935.167,296.7,79.14,100,41,90,11615.2,13575.6,287.9,79.15,100,44,85,12222.4,5.8,278.2,79.15,100,35,89,2.3,7846.1,269.6,79.14,100,38,86,16434.9,11697.9,67.0,10,4
1783015042.789,935.607,298.4,79.14,100,45,90,20709.5,17112.1,286.2,79.15,100,47,85,2.7,4.8,280.2,79.15,100,38,89,492.1,17160.0,270.2,79.14,100,41,86,20747.6,5.2,67.0,10,4
1783015043.232,936.050,300.5,79.14,100,48,90,17126.9,8243.1,293.5,79.15,100,59,86,2.8,4.7,280.8,79.15,100,37,89,3567.0,14038.9,276.1,79.14,100,43,87,19681.2,4.7,67.0,10,4
1783015043.674,936.492,300.5,79.14,100,48,90,20710.2,17107.9,293.5,79.15,100,59,86,7.6,7.6,280.8,79.15,100,37,89,10.1,16719.4,276.1,79.14,100,43,87,17333.4,2840.2,67.0,10,4
1783015044.123,936.941,300.8,79.14,100,52,90,17406.3,12890.6,293.9,79.15,100,48,85,7265.3,4.6,285.5,79.15,100,39,89,2.0,527.2,276.4,79.14,100,41,85,19695.6,17197.2,67.0,10,4
1783015044.563,937.381,300.0,79.14,100,48,90,10933.5,13449.0,294.2,79.15,100,55,86,13445.6,4.8,289.1,79.15,100,45,90,1.9,5.1,278.9,79.14,100,50,86,19718.9,17205.6,67.0,10,4
1783015045.007,937.825,301.2,79.14,100,54,90,3399.6,14243.4,296.9,79.15,100,48,85,20525.9,4.9,285.7,79.15,100,38,89,2.6,2960.9,276.8,79.14,100,41,86,16572.0,16725.1,67.0,10,4
1783015045.450,938.268,298.9,79.14,100,46,90,20707.4,5.8,292.8,79.15,100,45,86,2.2,14450.2,284.6,79.15,100,37,88,15925.5,5019.2,275.0,79.14,99,40,87,2.9,4.9,67.0,10,4
1783015045.895,938.713,296.3,79.14,100,45,90,20575.8,14236.8,289.3,79.15,100,44,86,3064.2,8.3,278.8,79.15,100,33,88,3407.9,23231.9,270.0,79.14,100,32,86,17379.3,17367.9,70.0,11,4
1783015046.338,939.156,287.7,79.14,98,12,89,8.5,6261.9,276.6,79.15,100,11,86,17534.8,12665.4,273.4,79.15,100,55,89,1.9,5.1,262.6,79.14,100,50,86,1.9,7048.8,70.0,11,4
1783015046.782,939.600,291.7,79.14,100,52,89,6214.6,7.1,286.3,79.15,100,69,86,1.9,13.9,279.8,79.15,100,51,90,19715.3,17196.4,272.1,79.14,100,58,86,1.9,4.6,70.0,11,4
1783015047.224,940.042,304.1,79.14,100,58,90,20705.5,17110.0,300.7,79.15,100,61,86,2.6,10.5,292.7,79.15,100,42,88,1.9,17269.2,285.9,79.14,100,55,87,20748.3,5.1,70.0,11,4
1783015047.669,940.487,304.1,79.14,100,58,90,20711.7,17108.6,300.7,79.15,100,61,86,7.3,9.1,292.7,79.15,100,42,88,16784.3,15271.9,285.9,79.14,100,55,87,957.6,5.7,70.0,11,4
1783015048.117,940.935,298.6,79.14,100,46,90,2.2,17113.3,293.6,79.15,100,46,86,19446.8,1040.6,292.0,79.15,100,35,89,2.9,1452.7,277.4,79.14,100,40,86,18297.0,16706.2,70.0,11,4
1783015048.557,941.375,295.1,79.14,100,44,89,850.1,5.3,287.7,79.15,100,44,86,2.9,17124.4,282.7,79.15,100,35,89,20746.5,5.2,269.6,79.14,100,37,86,2.0,4.5,70.0,11,4
1783015049.000,941.818,297.0,79.14,100,45,89,1.9,4.7,288.7,79.15,100,46,86,20710.5,16287.6,275.1,79.15,100,38,88,3.8,4.9,268.4,79.14,100,43,87,1.9,13025.4,70.0,11,4
1783015049.444,942.262,300.4,79.14,100,47,90,8.4,3284.2,288.8,79.15,100,47,85,18279.4,15204.1,281.9,79.15,100,39,89,1.9,4.8,271.2,79.14,100,43,86,1065.9,16775.8,70.0,11,4
1783015049.886,942.704,302.4,79.14,100,57,90,3.6,4.4,292.6,79.15,100,53,86,20723.3,17109.7,286.9,79.15,100,40,88,8.5,6.9,276.6,79.14,100,42,87,1.9,12887.5,70.0,11,4
1783015050.330,943.148,301.1,79.14,100,49,90,1.9,4.4,294.9,79.15,100,48,85,11763.1,15920.0,288.9,79.15,100,46,89,6060.7,4.7,278.4,79.14,100,43,85,4.5,1340.2,70.0,11,4
1783015050.777,943.595,298.9,79.14,100,46,90,5.9,7.3,297.2,79.15,100,51,86,20720.9,17108.0,285.9,79.15,100,39,89,3.6,4.6,279.8,79.14,100,47,87,2.4,8911.0,70.0,11,4
1783015051.226,944.044,300.3,79.14,100,47,90,2.6,4.3,294.2,79.15,100,47,85,17087.6,14117.0,287.5,79.15,100,46,89,4412.9,4.9,276.3,79.14,100,41,86,10.6,14973.5,70.0,11,4
1783015051.671,944.489,300.3,79.14,100,47,90,10265.8,14987.2,294.2,79.15,100,47,85,11591.0,8.9,287.5,79.15,100,46,89,6832.1,14985.5,276.3,79.14,100,41,86,13916.8,5.8,70.0,11,4
1783015052.122,944.940,299.6,79.14,100,49,90,2.6,3457.7,290.9,79.15,100,48,85,18486.7,14568.9,284.7,79.15,100,36,89,2.2,5.7,273.7,79.14,100,39,86,20713.9,17742.1,72.0,11,3
1783015052.563,945.381,298.8,79.14,100,41,90,16040.7,4359.4,288.4,79.15,100,44,85,1.8,4.5,277.6,79.15,98,35,89,1085.7,16733.5,266.0,79.14,98,13,87,20759.0,4.8,72.0,11,3
1783015053.007,945.825,293.0,79.14,100,51,90,1.8,5529.0,284.4,79.15,100,50,87,15988.4,14971.8,277.8,79.15,100,48,89,10.1,4.6,268.6,79.14,100,44,85,1.9,17281.3,72.0,11,3
1783015053.451,946.268,296.6,79.14,100,49,90,2.5,5.3,291.5,79.15,100,47,85,1.9,16780.0,285.3,79.15,100,48,89,17203.7,3105.6,275.4,79.14,100,43,86,2.9,5.0,72.0,11,3
1783015053.893,946.711,299.3,79.14,100,50,91,4.4,4.6,300.9,79.15,100,55,86,1.8,10664.0,290.2,79.15,100,43,89,16122.3,9088.2,283.5,79.14,100,40,86,2.2,5.6,72.0,11,3
1783015054.335,947.153,299.7,79.14,100,43,90,2519.8,15023.9,294.1,79.15,100,45,85,20703.5,6.0,285.8,79.15,100,36,89,2.6,16677.3,276.0,79.14,100,37,86,20756.1,11.8,72.0,11,3
1783015054.780,947.598,296.5,79.14,100,46,90,3.7,8.2,286.6,79.15,100,45,86,20710.7,15394.5,278.5,79.15,100,32,88,481.5,5.4,267.2,79.14,100,38,87,2.0,17252.2,72.0,11,3
1783015055.222,948.040,296.9,79.14,100,44,91,1.9,17110.8,288.2,79.15,100,44,86,20705.2,5.3,278.5,79.15,100,32,88,3.5,4.8,270.4,79.14,100,40,86,17536.1,13316.0,72.0,11,3
1783015055.666,948.484,296.9,79.14,100,44,91,4036.0,13747.0,288.2,79.15,100,44,86,19888.2,9.7,277.9,79.15,100,46,89,8.9,12520.6,270.4,79.14,100,40,86,16486.7,7159.2,72.0,11,3
1783015056.118,948.935,303.0,79.14,100,46,90,15747.4,13081.2,289.6,79.15,100,47,85,8837.3,4.7,285.0,79.15,100,38,89,2.3,521.7,272.7,79.14,100,40,86,19328.2,17204.9,72.0,11,3
1783015056.559,949.377,301.8,79.14,100,48,89,1.8,17113.4,294.0,79.15,100,56,86,20707.1,4.6,286.5,79.15,100,42,89,1.9,4.6,276.4,79.14,100,45,87,13193.1,12958.2,72.0,11,3
1783015057.454,950.272,298.7,79.14,100,47,90,2.2,17048.0,293.2,79.15,100,47,86,20706.9,4.8,286.3,79.15,100,48,90,2.3,4.7,276.2,79.14,100,40,86,20789.1,14881.5,72.0,11,3
1783015057.904,950.722,299.4,79.14,100,54,90,15985.8,7679.6,294.6,79.15,100,47,86,3.2,8.1,284.1,79.15,100,37,89,20430.7,17196.0,275.1,79.14,100,39,85,2.1,5.9,72.0,11,3
1783015058.345,951.163,299.9,79.14,100,40,90,1499.7,15806.1,288.0,79.15,100,43,85,20702.7,5.8,281.7,79.15,100,31,89,2.8,12053.2,268.9,79.14,100,35,85,16376.7,7410.1,75.0,12,3
1783015058.789,951.607,288.7,79.14,98,41,90,5.0,17116.2,275.7,79.15,98,26,85,20705.5,4.7,268.0,79.15,100,30,89,3.9,4.5,262.3,79.14,100,54,87,7059.5,14694.6,75.0,12,3
1783015059.234,952.052,292.9,79.14,100,51,90,2.3,4.2,285.2,79.15,100,49,85,1.8,11782.6,277.7,79.15,100,41,89,17113.1,7091.4,269.8,79.14,100,45,86,3.6,5.5,75.0,12,3
1783015059.676,952.494,292.9,79.14,100,51,90,20705.5,4.7,285.2,79.15,100,49,85,8.2,9.7,277.7,79.15,100,41,89,1098.9,16728.4,269.8,79.14,100,45,86,20753.5,5.8,75.0,12,3
1783015060.121,952.939,300.6,79.14,100,50,90,17911.3,13732.0,301.1,79.15,100,49,85,2.8,4.6,292.5,79.15,100,52,89,492.2,17228.1,286.1,79.14,100,43,87,20747.7,5.7,75.0,12,3
1783015060.562,953.380,299.4,79.14,100,46,90,2.2,5.9,299.5,79.15,100,52,86,20710.2,16800.9,286.3,79.15,100,38,88,2.3,6.1,279.4,79.14,100,38,87,9953.4,21877.7,75.0,12,3
1783015061.010,953.828,299.0,79.14,100,46,90,15187.7,7.2,291.2,79.15,100,41,86,2.2,17115.0,279.8,79.15,100,35,88,20477.5,244.4,270.7,79.14,100,39,85,3.0,4.8,75.0,12,3
1783015061.452,954.270,297.4,79.14,100,44,90,2.6,9.4,284.1,79.15,100,46,85,20221.0,17106.8,280.0,79.15,100,38,89,3.2,4.8,267.3,79.14,100,40,87,1.9,17253.6,75.0,12,3
1783015061.895,954.713,299.1,79.14,100,46,90,3.5,3965.9,289.0,79.15,100,51,86,17883.8,14682.9,280.0,79.15,100,37,89,6.3,4.8,272.6,79.14,100,43,87,1091.7,16748.1,75.0,12,3
1783015062.337,955.155,299.2,79.14,100,47,89,2.3,122.3,294.8,79.15,100,49,86,19125.5,17109.9,286.0,79.15,100,46,90,2.7,4.6,277.0,79.14,100,43,86,3.6,15968.5,75.0,12,3
1783015062.779,955.597,301.1,79.14,100,51,90,5.1,7.3,296.9,79.15,100,56,86,18213.7,14170.4,287.9,79.15,100,39,90,4439.3,4.7,279.0,79.14,100,49,87,2.3,533.9,75.0,12,3
1783015063.223,956.041,301.4,79.14,100,52,90,1.8,4.4,294.8,79.15,100,47,86,508.9,17106.4,287.9,79.15,100,39,90,20747.5,4.9,277.4,79.14,100,41,87,2.4,4.3,75.0,12,3
1783015063.666,956.484,301.4,79.14,100,52,90,2.6,4.7,294.8,79.15,100,47,86,494.7,17131.2,287.6,79.15,100,42,89,20752.6,10.6,277.4,79.14,100,41,87,5.6,520.4,75.0,12,3
1783015064.122,956.940,298.7,79.14,100,47,89,2.0,5.0,294.5,79.15,100,53,86,20221.1,17104.8,286.6,79.15,100,39,88,3.1,5.8,279.8,79.14,100,50,87,14590.4,14698.5,75.0,12,3
1783015064.564,957.382,299.3,79.14,100,46,90,20709.4,5.6,292.7,79.15,100,45,85,8.3,10814.1,283.8,79.15,100,34,89,17866.2,7471.5,275.3,79.14,100,39,86,2.1,5.9,75.0,12,3
1783015065.008,957.826,296.7,79.14,100,43,90,20703.5,17109.1,287.7,79.15,100,44,86,2.0,4.4,280.5,79.15,100,36,89,4.0,6464.3,270.4,79.14,100,36,87,16008.2,13470.9,78.0,12,2
1783015065.450,958.268,293.9,79.14,100,40,90,1.8,3.9,285.3,79.15,100,61,86,20263.4,12391.9,275.0,79.15,100,49,90,4413.9,9.9,268.9,79.14,100,46,87,4.5,3.5,78.0,12,2
1783015065.892,958.710,296.8,79.14,100,49,89,9042.0,4.2,291.8,79.15,100,63,86,3.5,6.4,284.1,79.15,99,46,90,19722.1,17196.6,276.0,79.14,100,45,87,4.5,4.4,78.0,12,2
1783015066.339,959.157,302.2,79.14,100,57,90,15609.1,6059.9,300.9,79.15,100,58,86,2.7,4.8,293.5,79.15,100,40,89,7070.0,13445.8,282.1,79.14,100,47,87,16912.3,4.7,78.0,12,2
1783015066.780,959.598,296.8,79.14,100,46,89,5.6,8.2,293.1,79.15,100,45,86,9141.2,13385.9,286.0,79.15,100,34,89,14496.1,6.3,275.9,79.14,100,39,86,2.2,17237.1,78.0,12,2
1783015067.229,960.046,295.8,79.14,100,44,89,16147.2,11212.8,290.5,79.15,99,45,86,3.0,5.7,278.5,79.15,100,34,89,20756.9,17196.4,267.9,79.14,100,32,86,2.1,5.7,78.0,12,2
1783015067.670,960.488,295.8,79.14,100,44,89,2.3,5.2,290.5,79.15,99,45,86,20708.5,14938.5,278.5,79.15,100,34,89,1008.6,9.2,267.9,79.14,100,32,86,8.6,17259.2,78.0,12,2
1783015068.122,960.940,298.6,79.14,100,44,89,2.4,12373.1,287.8,79.15,100,48,86,15874.7,7958.0,276.7,79.15,100,38,90,1.9,4.6,268.4,79.14,100,48,87,1075.5,16760.3,78.0,12,2
1783015068.564,961.381,299.1,79.14,100,44,90,2.2,6023.1,288.1,79.15,99,44,85,17613.8,12570.7,284.0,79.15,100,48,89,1.9,10.3,273.3,79.14,100,40,85,1067.6,16788.9,78.0,12,2
1783015069.008,961.826,302.2,79.14,100,52,90,4.3,4.7,293.3,79.15,100,54,86,20722.1,14280.2,285.4,79.15,100,39,89,1966.7,4.6,277.4,79.14,100,49,87,1.8,5796.1,78.0,12,2
1783015069.451,962.269,302.3,79.14,100,47,90,5.2,4.8,293.7,79.15,100,46,86,9563.5,13384.8,286.0,79.15,100,43,89,14210.5,4.7,276.5,79.14,100,42,87,3.5,513.4,78.0,12,2
1783015069.898,962.716,298.7,79.14,100,46,89,3.6,4.6,294.6,79.15,100,53,86,4895.8,13302.7,285.5,79.15,100,39,88,18924.5,5.0,278.9,79.14,100,52,87,3.0,4.1,78.0,12,2
1783015070.340,963.158,301.1,79.14,100,53,90,2.5,5.4,293.4,79.15,100,46,85,20714.6,17107.9,284.4,79.15,100,36,89,2.8,5.4,275.6,79.14,99,40,87,1338.2,16060.8,78.0,12,2
1783015070.784,963.602,298.7,79.14,100,40,90,19628.8,6.6,287.8,79.15,100,43,86,3.8,7815.9,284.8,79.15,100,36,89,16401.8,11715.7,271.4,79.14,100,36,85,3.1,5.9,78.0,12,2
1783015071.229,964.047,295.1,79.14,100,46,89,20708.1,17108.3,283.2,79.15,100,45,85,20702.4,17104.4,269.6,79.15,100,10,88,20744.4,4.4,258.0,79.14,100,20,85,2.7,4.4,81.0,13,2
1783015071.671,964.489,295.1,79.14,100,46,89,20707.5,4.9,283.2,79.15,100,45,85,6.6,7.3,269.6,79.15,100,10,88,1106.2,15134.8,258.0,79.14,100,20,85,19281.3,4.8,81.0,13,2
1783015072.119,964.937,290.4,79.14,100,51,90,217.4,16719.9,284.2,79.15,100,49,85,20705.8,5.1,277.6,79.15,100,59,90,1.9,4.5,267.8,79.14,100,44,86,11277.2,14335.1,81.0,13,2
1783015072.562,965.380,294.1,79.14,100,50,90,1.8,3.9,291.4,79.15,100,51,86,20221.7,17109.0,285.8,79.15,100,54,90,3.7,4.9,281.0,79.14,100,44,86,1.8,17262.4,81.0,13,2
1783015073.008,965.826,300.6,79.14,100,48,90,18928.2,14583.2,299.4,79.15,100,52,86,3799.4,5.5,287.0,79.15,100,38,89,3.6,17214.8,280.7,79.14,99,47,87,20754.5,5.8,81.0,13,2
1783015073.449,966.267,299.1,79.14,100,46,90,2.2,5053.4,291.9,79.15,100,44,86,18395.0,13332.8,281.7,79.15,100,33,88,2.7,5.9,270.5,79.14,100,36,85,20764.9,17204.1,81.0,13,2
1783015073.891,966.709,295.6,79.14,100,39,90,17679.5,4624.5,285.4,79.15,100,45,85,4.6,8.0,279.5,79.15,100,38,89,20761.6,17193.8,267.2,79.14,100,41,85,2.0,4.7,81.0,13,2
1783015074.334,967.151,298.9,79.14,100,56,90,18274.5,4.8,286.6,79.15,100,51,86,2.0,3604.3,280.0,79.15,100,38,89,18062.5,14583.0,271.1,79.14,100,41,87,1.8,4.6,81.0,13,2
1783015074.775,967.593,299.6,79.14,100,47,90,10.7,7.4,294.7,79.15,100,49,86,4.4,12067.5,283.6,79.15,100,43,89,16934.1,6950.6,277.1,79.14,99,45,86,2.6,4.7,81.0,13,2
1783015075.220,968.038,301.5,79.14,100,56,90,11887.3,4.6,294.2,79.15,99,51,85,1.9,1465.7,283.6,79.15,100,43,89,18089.4,16712.7,277.1,79.14,99,45,86,2.7,4.7,81.0,13,2
1783015075.662,968.480,301.5,79.14,100,56,90,20706.5,11.0,294.2,79.15,99,51,85,3.2,8070.4,287.1,79.15,100,38,89,23719.8,5359.6,276.3,79.14,100,41,86,8.4,4.9,81.0,13,2
1783015076.116,968.934,300.4,79.14,100,49,90,2.1,4.5,294.6,79.15,100,45,86,1.9,13950.6,286.5,79.15,100,41,89,17364.7,4780.7,276.3,79.14,100,41,86,1.9,4.8,81.0,13,2
1783015076.558,969.376,300.2,79.14,100,59,90,2.0,5.1,293.4,79.15,100,46,85,11572.5,14752.7,285.3,79.15,100,38,89,10419.3,5.8,276.2,79.14,100,40,85,4.0,15510.2,81.0,13,2
1783015077.001,969.819,300.2,79.14,100,46,90,18207.0,15574.8,293.3,79.15,100,47,86,5.3,6.0,282.8,79.15,100,37,89,20760.5,16605.0,272.5,79.14,100,35,87,2.8,5.9,81.0,13,2
1783015077.443,970.261,297.1,79.14,100,42,90,20705.5,7488.9,289.1,79.15,99,42,85,20473.8,8977.5,279.7,79.15,100,37,89,20679.9,15668.1,270.7,79.14,100,39,86,14091.2,5891.3,84.0,13,1
1783015077.884,970.702,287.6,79.14,100,11,89,1.7,3.9,277.9,79.15,100,40,85,521.1,17128.3,273.6,79.15,100,34,89,20754.0,6.9,262.8,79.14,100,44,86,1.8,4.1,84.0,13,1
1783015078.329,971.147,278.9,79.14,100,67,90,15608.6,11407.2,285.7,79.15,100,48,86,2.7,4.5,277.2,79.15,100,40,88,1.6,17264.8,270.7,79.14,100,53,87,20762.7,5.0,84.0,13,1
1783015078.771,971.588,290.2,79.14,100,51,90,1864.1,14959.8,295.5,79.15,100,46,85,20711.8,4.7,291.5,79.15,100,41,89,2.2,4.1,282.5,79.14,100,42,86,20300.7,17215.8,84.0,13,1
1783015079.216,972.034,297.2,79.14,100,46,89,20709.9,14744.0,299.2,79.15,100,44,86,1808.5,5.7,291.5,79.15,100,41,89,1855.9,15770.8,282.5,79.14,100,42,86,20755.6,5.6,84.0,13,1
1783015079.658,972.476,297.2,79.14,100,46,89,2.4,11.1,299.2,79.15,100,44,86,20707.4,17107.1,287.0,79.15,100,36,89,5.3,11.1,279.7,79.14,100,37,87,20782.2,17034.2,84.0,13,1
1783015080.108,972.926,296.2,79.14,100,41,90,20708.1,5.0,290.4,79.15,99,44,86,3.5,4.1,279.2,79.15,100,36,89,20758.7,17192.4,270.3,79.14,100,38,85,3.0,5.1,84.0,13,1
1783015080.550,973.368,298.4,79.14,100,46,90,7146.9,4.6,285.0,79.15,100,48,86,1.8,8649.1,279.4,79.15,100,38,89,16052.5,10816.3,267.6,79.14,100,40,85,3.6,5.7,84.0,13,1
1783015080.991,973.809,298.3,79.14,100,44,89,1.8,4.7,290.2,79.15,100,44,86,3.5,17127.0,279.8,79.15,100,38,88,20749.7,5.3,275.9,79.14,100,51,87,1.8,4.7,84.0,13,1
1783015081.434,974.252,299.8,79.14,100,49,90,2768.0,4.6,292.2,79.15,99,47,86,1.8,4886.8,285.6,79.15,99,42,89,16174.1,14811.6,276.5,79.14,99,41,87,2.0,4.9,84.0,13,1
1783015081.875,974.693,300.6,79.14,100,47,89,18725.8,4.5,295.1,79.15,100,48,86,1.8,4.5,287.9,79.15,100,39,89,20777.1,16025.2,277.1,79.14,100,48,87,31.1,5.1,84.0,13,1
1783015082.318,975.135,300.8,79.14,100,49,90,16489.1,4.4,294.6,79.15,100,45,85,1.8,4.1,285.5,79.15,100,38,89,20774.2,17194.4,276.7,79.14,99,41,86,2.0,4.8,84.0,13,1
1783015082.760,975.578,299.0,79.14,100,46,89,16741.5,5.5,293.4,79.15,99,46,86,5.4,10276.0,286.4,79.15,100,39,88,16144.5,9553.2,276.3,79.14,100,41,87,12.3,5.3,84.0,13,1
1783015083.209,976.027,298.1,79.14,100,45,90,5738.6,13628.1,293.2,79.15,100,43,86,18036.1,5.7,286.4,79.15,100,39,88,5.4,16001.7,276.3,79.14,100,41,87,16090.3,4005.2,84.0,13,1
1783015083.650,976.468,298.1,79.14,100,45,90,5.0,6.0,293.2,79.15,100,43,86,20749.1,17108.1,279.9,79.15,100,34,88,20747.3,17188.8,273.0,79.14,100,37,87,20755.0,17196.5,87.0,14,1
1783015084.095,976.913,297.7,79.14,100,45,90,20282.9,180.4,285.3,79.15,98,42,86,4.1,4.0,276.3,79.15,98,19,89,1.6,17273.5,258.0,79.14,100,11,86,20056.6,600.7,87.0,14,1
1783015084.538,977.356,292.5,79.14,100,62,90,1.7,5102.6,282.1,79.15,100,61,86,17453.0,13895.3,276.2,79.15,100,43,88,1.8,4.5,269.0,79.14,100,62,87,1.7,17288.5,87.0,14,1
1783015084.979,977.797,293.6,79.14,100,61,90,5.2,4.5,289.2,79.15,100,50,85,514.9,17119.3,283.5,79.15,100,42,89,20748.5,4.9,276.6,79.14,100,46,86,2.3,4.5,87.0,14,1
1783015085.420,978.238,297.5,79.14,100,51,89,3.7,5.5,300.4,79.15,100,46,85,14158.9,14563.6,292.0,79.15,100,43,89,7873.3,5.8,282.3,79.14,100,40,86,2.5,17252.8,87.0,14,1
1783015085.860,978.678,297.9,79.14,100,43,90,19562.8,3867.2,294.5,79.15,100,45,85,2.1,5.1,284.2,79.15,100,32,89,20179.3,16712.7,274.2,79.14,100,36,86,4.8,5.2,87.0,14,1
1783015086.313,979.131,296.8,79.14,100,44,90,6784.4,14584.5,287.8,79.15,100,45,86,15751.8,5.0,276.4,79.15,100,37,88,4.5,3744.6,268.7,79.14,100,41,86,17877.4,14583.1,87.0,14,1
1783015086.754,979.572,297.3,79.14,100,46,89,23932.6,13757.7,289.0,79.15,100,47,86,5.4,5.0,279.4,79.15,100,44,89,1072.0,16730.8,270.7,79.14,99,41,86,20745.9,4.9,87.0,14,1
1783015087.202,980.020,302.4,79.14,100,58,90,17694.7,7753.3,291.7,79.15,100,48,86,3.6,5.4,279.4,79.15,100,44,89,4907.8,14542.6,270.7,79.14,99,41,86,17661.9,4.8,87.0,14,1
1783015087.642,980.460,302.4,79.14,100,58,90,20708.0,17108.7,291.7,79.15,100,48,86,2.8,4.8,285.1,79.15,100,40,89,5.2,11097.6,273.9,79.14,100,43,86,17374.7,7158.8,87.0,14,1
1783015088.085,980.903,301.1,79.14,100,49,89,10577.3,14163.7,295.6,79.15,100,48,86,12430.8,4.6,287.5,79.15,100,48,90,1.9,7.5,277.8,79.14,100,42,86,19719.9,17198.5,87.0,14,1
1783015088.525,981.343,299.6,79.14,100,57,90,1.7,17112.1,298.6,79.15,100,57,86,20705.0,4.5,287.1,79.15,100,38,89,4.4,4.6,280.1,79.14,100,46,87,16446.5,14170.0,87.0,14,1
1783015088.965,981.783,300.9,79.14,100,48,90,8.5,17112.2,294.9,79.15,100,48,85,20706.9,4.7,288.0,79.15,100,45,89,2.4,4.8,277.0,79.14,100,41,85,20784.5,16045.5,87.0,14,1
1783015089.414,982.232,298.9,79.14,99,47,90,20103.0,17114.4,293.9,79.15,100,47,86,3.7,5.7,284.8,79.15,100,38,88,15565.2,14754.5,276.4,79.14,99,44,87,6889.4,5.5,87.0,14,1
1783015089.855,982.673,300.5,79.14,100,47,90,2.6,2085.0,291.5,79.15,100,40,86,18285.7,16269.7,280.8,79.15,100,36,89,9.0,8.6,270.6,79.14,100,39,85,20910.2,17205.8,90.0,14,0
1783015090.298,983.116,291.1,79.14,98,8,90,15108.7,5308.7,279.7,79.15,100,24,87,3.5,4.5,276.1,79.15,99,48,89,1079.0,16746.0,265.7,79.14,99,46,87,20747.7,4.2,90.0,14,0
1783015090.740,983.558,295.1,79.14,99,50,90,5.1,357.4,288.0,79.15,100,48,85,19136.9,14254.9,284.4,79.15,100,53,90,5.2,4.5,274.8,79.14,100,43,86,1.9,17275.9,90.0,14,0
1783015091.189,984.007,295.1,79.14,99,50,90,2.8,4.2,298.5,79.15,100,47,86,1.8,17157.4,284.4,79.15,100,53,90,17859.6,2154.7,274.8,79.14,100,43,86,2.9,5.1,90.0,14,0
1783015091.632,984.450,297.8,79.14,99,50,90,4.7,4.4,298.5,79.15,100,47,86,1.9,8638.9,294.1,79.15,100,54,90,16272.8,10754.0,286.7,79.14,100,43,86,8.4,8.4,90.0,14,0
1783015092.074,984.891,300.5,79.14,100,52,90,313.3,16695.4,297.4,79.15,100,54,86,20703.2,6.0,287.3,79.15,100,37,88,2.8,15484.2,279.4,79.14,100,39,86,16060.8,4310.7,90.0,14,0
1783015092.515,985.333,299.3,79.14,99,44,90,4.2,5.5,289.3,79.15,100,38,85,12300.3,13412.8,283.5,79.15,100,36,89,11269.3,5.5,269.5,79.14,100,38,87,2.1,15688.5,90.0,14,0
1783015092.957,985.775,296.2,79.14,100,43,90,1.8,13092.2,286.1,79.15,100,45,87,15907.4,7156.4,279.7,79.15,100,40,89,9.1,4.7,268.4,79.14,100,40,86,10883.7,13139.9,90.0,14,0
1783015093.402,986.220,298.6,79.14,99,50,90,2.3,17114.3,288.9,79.15,100,49,86,20707.4,4.9,280.6,79.15,100,37,88,2.7,4.9,272.3,79.14,100,41,87,20790.7,17196.2,90.0,14,0
1783015093.845,986.663,300.3,79.14,100,46,89,2.0,17111.0,294.0,79.15,100,47,86,20591.1,5.1,284.7,79.15,100,45,89,2.8,4.9,276.9,79.14,100,42,86,12328.4,13275.7,90.0,14,0
1783015094.290,987.108,300.9,79.14,100,55,90,2.8,8940.2,295.8,79.15,100,53,86,15935.8,11212.0,286.2,79.15,100,38,89,2.8,4.6,278.3,79.14,100,49,87,387.7,17264.3,90.0,14,0
1783015094.731,987.549,301.2,79.14,100,48,90,4.8,11.6,294.3,79.15,100,45,85,20219.5,17111.5,288.6,79.15,100,45,89,10.3,4.7,276.8,79.14,100,41,85,1.9,17254.1,90.0,14,0
1783015095.179,987.997,301.2,79.14,100,48,90,2.9,3.7,294.3,79.15,100,45,85,19952.9,17109.9,288.6,79.15,100,45,89,1.9,4.7,276.8,79.14,100,41,85,1.8,17262.8,90.0,14,0
1783015095.621,988.439,299.2,79.14,100,47,90,2996.7,14557.0,296.3,79.15,100,53,86,20707.3,6.2,285.2,79.15,100,38,89,3.9,17218.2,277.9,79.14,100,47,87,20455.3,246.8,90.0,14,0
1783015096.066,988.884,298.0,79.14,99,45,90,2.3,5.7,293.2,79.15,100,44,86,20707.3,16167.4,281.2,79.15,100,32,88,4.4,5.8,273.8,79.14,100,35,86,6206.2,13347.5,93.0,15,0
1783015096.511,989.329,296.8,79.14,100,45,90,3674.6,2910.7,287.9,79.15,100,45,86,3796.3,3746.6,279.2,79.15,100,36,88,3479.8,3956.0,266.8,79.14,100,47,86,3827.0,3732.6,93.0,15,0
1783015096.955,989.773,302.5,79.14,100,66,89,3502.4,2984.1,291.8,79.15,100,66,85,3512.6,4649.7,283.4,79.15,100,58,89,3892.8,5334.4,273.5,79.14,100,59,86,4085.6,5041.8,93.0,15,0
1783015097.405,990.223,305.2,79.14,100,66,89,3212.7,2950.7,300.8,79.15,100,65,85,3784.7,4274.1,294.9,79.15,100,56,89,3891.6,5054.3,281.3,79.14,100,59,86,3575.5,4823.2,93.0,16,0
1783015097.847,990.665,302.5,79.14,100,65,89,3176.6,2995.4,304.2,79.15,100,65,85,3840.9,3861.9,298.5,79.15,100,56,89,3910.7,4964.1,283.8,79.14,100,58,86,3663.6,5052.2,93.0,16,0
1783015098.291,991.109,300.0,79.14,100,65,89,3215.5,3049.4,300.8,79.15,100,65,85,3796.9,3931.2,297.6,79.15,100,56,89,3890.6,5132.8,283.1,79.14,100,58,86,3624.4,4840.0,93.0,16,0
1783015098.733,991.550,300.0,79.14,100,65,89,3585.3,3093.6,300.3,79.15,100,65,85,3781.4,4405.3,297.5,79.15,100,56,89,3564.1,5117.9,283.1,79.14,100,59,86,3901.5,4763.9,93.0,16,0
1783015099.178,991.996,300.0,79.14,100,65,89,3542.5,2738.7,300.3,79.15,100,65,85,3749.8,4087.3,297.5,79.15,100,56,89,3584.2,5247.8,283.1,79.14,100,59,86,3897.9,4664.2,93.0,16,0
1783015099.623,992.441,300.0,79.14,100,66,89,3543.3,2849.8,300.4,79.15,100,66,85,3524.0,4100.1,298.1,79.15,100,56,89,4762.3,4653.5,283.4,79.14,100,59,86,4728.1,5426.2,93.0,16,0
1783015100.075,992.893,300.0,79.14,100,66,89,3340.7,2996.0,300.3,79.15,100,66,85,3769.0,3838.6,298.8,79.15,100,57,89,3895.1,4721.9,284.0,79.14,100,59,86,3588.9,5045.1,93.0,16,0
1783015100.556,993.374,300.0,79.14,100,66,89,3461.4,2720.6,300.1,79.15,100,65,85,3753.5,4200.0,298.7,79.15,100,56,89,3525.8,5248.4,284.2,79.14,100,59,86,3901.5,4368.9,93.0,16,0
1783015100.999,993.817,300.0,79.14,100,66,89,3588.3,2686.5,300.0,79.15,100,65,85,3806.6,4434.2,298.4,79.15,100,56,89,3558.7,4850.3,284.2,79.14,100,58,86,3898.9,4876.6,93.0,16,0
1783015101.447,994.265,300.0,79.14,100,65,89,3565.0,2960.8,299.8,79.15,100,65,85,3445.6,4041.6,297.8,79.15,100,56,89,3897.7,4443.7,283.5,79.14,100,58,86,3914.9,4984.2,93.0,16,0
1783015101.889,994.707,299.9,79.14,100,65,89,3355.5,2995.2,299.6,79.15,100,64,85,3599.5,3990.6,297.5,79.15,100,56,89,3949.5,5183.3,283.0,79.14,100,58,86,3601.7,5094.9,93.0,16,0
1783015102.337,995.154,299.9,79.14,100,66,89,3171.3,3021.1,300.2,79.15,100,66,85,3761.1,3848.9,298.3,79.15,100,57,89,3904.1,5124.1,283.8,79.14,100,59,86,3471.8,5027.5,93.0,16,0
1783015102.780,995.598,300.1,79.14,100,66,89,3582.3,2689.7,300.6,79.15,100,65,85,3731.8,4241.9,299.2,79.15,100,56,89,3600.8,4903.2,284.7,79.14,100,59,86,3938.4,4567.8,93.0,16,0
1783015103.224,996.042,300.0,79.14,100,66,89,3546.6,2719.8,300.3,79.15,100,65,85,3782.8,3973.9,299.2,79.15,100,56,89,3590.7,4759.5,284.7,79.14,100,59,86,3889.4,4680.9,93.0,16,0
1783015103.669,996.487,300.0,79.14,100,66,89,3541.6,2714.9,300.3,79.15,100,65,85,3974.5,4054.0,299.5,79.15,100,56,89,4455.0,5353.2,284.7,79.14,100,59,86,3569.6,4927.8,93.0,16,0
1783015104.124,996.942,299.9,79.14,100,66,89,3265.4,3057.0,299.9,79.15,100,65,85,3769.7,3884.1,299.6,79.15,100,56,89,3918.2,5287.4,284.7,79.14,100,59,86,3575.3,4963.8,93.0,16,0
1783015104.568,997.385,300.0,79.14,100,66,89,3175.3,2918.7,299.8,79.15,100,65,85,3759.5,3972.6,299.2,79.15,100,57,89,3658.0,5314.0,284.3,79.14,100,59,86,3775.9,4746.2,93.0,16,0
1783015105.013,997.830,300.0,79.14,100,66,89,3583.0,2719.7,300.1,79.15,100,66,85,3764.1,4420.6,299.2,79.15,100,57,89,3544.6,5078.4,284.4,79.14,100,58,86,3916.6,4527.1,93.0,16,0
1783015105.455,998.273,300.0,79.14,100,66,89,3541.6,2685.0,300.1,79.15,100,65,85,3767.4,4215.5,299.5,79.15,100,56,89,3585.0,4998.4,284.4,79.14,100,58,86,3905.8,4931.7,93.0,16,0
1783015105.898,998.716,300.0,79.14,100,66,89,3541.8,3033.3,300.0,79.15,100,66,85,3425.9,3987.1,299.4,79.15,100,57,89,3943.2,4492.3,284.6,79.14,100,59,86,3883.6,4958.3,94.0,16,0
1783015106.341,999.159,300.0,79.14,100,66,89,3592.5,3025.9,300.0,79.15,100,65,85,3423.0,3840.1,299.3,79.15,100,56,89,3899.1,4657.5,284.2,79.14,100,58,86,3655.2,5153.8,94.0,16,0
1783015106.783,999.601,300.0,79.14,100,66,89,3281.2,3073.9,299.8,79.15,100,65,85,3767.0,4055.2,299.1,79.15,100,57,89,3945.0,5072.2,283.5,79.14,100,58,86,3585.5,4738.3,94.0,16,0
1783015107.226,1000.044,300.0,79.14,100,66,89,3343.7,3062.2,299.8,79.15,100,66,85,3768.0,3910.0,299.1,79.15,100,57,89,3665.8,5026.5,283.2,79.14,100,59,86,3894.0,4758.1,94.0,16,0
1783015107.670,1000.488,300.0,79.14,100,66,89,3541.6,2745.5,299.8,79.15,100,66,85,3873.5,4231.1,298.4,79.15,100,57,89,3602.3,4793.4,283.2,79.14,100,59,86,3998.4,4621.5,94.0,16,0
1783015108.121,1000.938,300.0,79.14,100,66,89,3634.9,2995.1,300.1,79.15,100,65,85,3456.1,4070.1,298.8,79.15,100,56,89,3925.5,4801.7,283.6,79.14,100,57,86,3939.4,4864.0,94.0,16,0
1783015108.566,1001.384,300.0,79.14,100,65,89,3210.0,3034.9,300.1,79.15,100,65,85,3781.7,4071.3,298.7,79.15,100,56,89,3923.3,5028.2,283.6,79.14,100,58,86,3561.0,4926.2,94.0,16,0
1783015109.010,1001.828,300.0,79.14,100,65,89,3543.1,2775.3,299.9,79.15,100,65,85,3757.4,4406.8,298.4,79.15,100,56,89,3614.4,4889.0,283.3,79.14,100,58,86,3964.3,4513.8,94.0,16,0
1783015109.452,1002.270,300.0,79.14,100,65,89,3544.3,2762.3,300.0,79.15,100,65,85,3772.2,4222.2,298.4,79.15,100,56,89,3556.6,4942.6,283.1,79.14,100,58,86,3929.1,4631.8,94.0,16,0
1783015109.899,1002.717,300.0,79.14,100,65,89,3602.5,2995.1,299.7,79.15,100,65,85,3457.3,4003.7,298.1,79.15,100,56,89,3907.7,4859.5,282.9,79.14,100,58,86,3978.2,5294.2,94.0,16,0
1783015110.347,1003.165,300.0,79.14,100,66,89,3211.8,3072.3,300.1,79.15,100,65,85,3810.7,3838.5,298.7,79.15,100,57,89,3911.4,4786.7,283.5,79.14,100,58,86,3569.3,4807.8,94.0,16,0
1783015110.789,1003.606,300.0,79.14,100,66,89,3254.6,2793.9,300.4,79.15,100,65,85,3764.6,4239.7,299.2,79.15,100,56,89,3558.3,4894.8,284.1,79.14,100,58,86,3914.0,4665.4,94.0,16,0
1783015111.233,1004.051,300.0,79.14,100,65,89,3502.4,2791.6,300.0,79.15,100,65,85,3889.5,4281.9,298.9,79.15,100,56,89,3545.5,4720.3,283.9,79.14,100,58,86,3930.0,4761.9,94.0,16,0
1783015111.678,1004.496,300.0,79.14,100,65,89,3551.1,3003.7,300.0,79.15,100,65,85,3501.0,4104.6,298.9,79.15,100,56,89,3970.3,4689.1,283.9,79.14,100,58,86,3969.7,4938.5,94.0,16,0
1783015112.132,1004.950,300.0,79.14,100,65,89,3188.2,3103.8,300.1,79.15,100,65,85,3735.5,3827.1,299.3,79.15,100,57,89,3927.2,5336.0,284.1,79.14,100,58,86,3951.5,4481.9,94.0,16,0
1783015112.580,1005.397,300.0,79.14,100,65,89,3500.9,2758.6,300.0,79.15,100,65,85,3822.1,4132.8,299.4,79.15,100,56,89,3593.8,4884.4,284.0,79.14,100,58,86,3923.7,4899.5,94.0,16,0
1783015113.031,1005.848,300.0,79.14,100,64,89,3361.1,3004.5,299.7,79.15,100,64,85,3691.5,3697.9,298.6,79.15,100,57,89,3883.2,5239.3,283.0,79.14,100,58,86,3524.7,5035.1,94.0,16,0
1783015113.473,1006.291,300.0,79.14,100,66,89,3295.4,3073.6,300.0,79.15,100,65,85,3761.8,3987.2,298.2,79.15,100,57,89,3948.1,5372.8,283.0,79.14,100,58,86,3537.1,4899.7,94.0,16,0
1783015113.916,1006.734,300.0,79.14,100,66,89,3172.0,3145.5,300.3,79.15,100,65,85,3778.9,4232.4,298.6,79.15,100,57,89,3658.2,5115.0,283.6,79.14,100,58,86,3940.9,4667.3,94.0,16,0
1783015114.361,1007.178,300.0,79.14,100,66,89,3546.5,2754.1,300.2,79.15,100,65,85,3782.5,4272.8,299.3,79.15,100,57,89,3595.6,4774.2,284.3,79.14,100,59,86,3915.0,4424.8,94.0,16,0
1783015114.805,1007.622,300.0,79.14,100,66,89,3544.6,2753.9,300.2,79.15,100,65,85,3724.0,4312.4,299.6,79.15,100,56,89,3530.1,4733.7,284.2,79.14,100,58,86,3915.4,4412.1,94.0,16,0
1783015115.248,1008.066,300.0,79.14,100,65,89,3589.8,2995.2,299.7,79.15,100,65,85,3439.7,3999.4,298.8,79.15,100,56,89,4009.8,4550.5,283.1,79.14,100,58,86,3914.8,5002.3,94.0,16,0
1783015115.696,1008.514,300.0,79.14,100,65,89,3256.6,3042.3,299.8,79.15,100,65,85,3808.8,4123.1,298.8,79.15,100,56,89,3988.9,5330.9,283.1,79.14,100,58,86,3572.6,5063.8,94.0,16,0
1783015116.144,1008.962,299.9,79.14,100,65,89,3541.5,2770.4,299.8,79.15,100,65,85,3765.5,4164.0,298.2,79.15,100,56,89,3611.7,5141.7,282.5,79.14,100,58,86,3922.7,4402.5,95.0,16,0
1783015116.586,1009.404,300.0,79.14,100,65,89,3551.5,2782.5,300.0,79.15,100,65,85,3785.2,4174.2,298.6,79.15,100,56,89,3561.0,4808.1,283.2,79.14,100,59,86,3953.2,4472.8,95.0,16,0
1783015117.028,1009.846,300.0,79.14,100,65,89,3559.9,3036.8,300.0,79.15,100,65,85,3399.0,4162.6,298.5,79.15,100,56,89,3897.0,4788.1,283.3,79.14,100,58,86,3911.5,4926.7,95.0,16,0
1783015117.470,1010.288,300.0,79.14,100,65,89,3582.6,3029.5,299.9,79.15,100,65,85,3458.5,3924.0,298.3,79.15,100,56,89,3962.6,4748.3,283.4,79.14,100,59,86,3924.1,5121.6,95.0,16,0
1783015117.912,1010.730,300.0,79.14,100,65,89,3588.7,2973.4,300.0,79.15,100,65,85,3423.4,4260.5,298.4,79.15,100,56,89,3921.6,5459.8,283.3,79.14,100,59,86,3529.3,4849.3,95.0,16,0
1783015118.356,1011.174,300.0,79.14,100,65,89,3173.8,3084.0,300.4,79.15,100,65,85,3770.2,3615.9,298.9,79.15,100,56,89,3909.2,5230.3,283.9,79.14,100,58,86,3571.5,4950.3,95.0,16,0
1783015118.799,1011.617,300.0,79.14,100,65,89,3257.3,3037.1,300.2,79.15,100,65,85,3736.4,4069.6,299.2,79.15,100,56,89,3894.8,5241.3,284.2,79.14,100,58,86,3564.9,4823.1,95.0,16,0
1783015119.243,1012.061,300.0,79.14,100,66,89,3534.8,2847.3,299.9,79.15,100,66,85,3733.5,4441.9,299.4,79.15,100,57,89,3533.2,4741.2,284.3,79.14,100,58,86,3916.0,5215.4,95.0,16,0
1783015119.689,1012.507,300.0,79.14,100,66,89,3584.8,3049.4,299.9,79.15,100,66,85,3426.3,5033.9,299.4,79.15,100,57,89,3947.5,4727.1,284.3,79.14,100,58,86,3885.9,4853.0,95.0,16,0
1783015120.143,1012.961,300.0,79.14,100,65,89,3216.3,3199.4,299.8,79.15,100,65,85,3756.1,3961.3,299.1,79.15,100,55,89,3960.9,4972.1,283.9,79.14,100,58,86,3579.8,4897.0,95.0,16,0
1783015120.585,1013.403,299.9,79.14,100,65,89,3500.9,2753.9,299.7,79.15,100,65,85,3766.4,4377.1,298.4,79.15,100,56,89,3586.5,5111.5,283.0,79.14,100,58,86,4086.4,4858.6,95.0,16,0
1783015121.032,1013.850,300.0,79.14,100,66,89,3502.9,2753.9,300.3,79.15,100,66,85,3751.7,4211.2,299.0,79.15,100,56,89,3513.2,4758.4,283.7,79.14,100,58,86,3926.8,4334.5,95.0,16,0
1783015121.474,1014.292,300.0,79.14,100,65,89,3589.6,2994.7,300.3,79.15,100,65,85,3456.7,4063.9,299.7,79.15,100,56,89,3903.6,4561.4,284.4,79.14,100,58,86,3938.5,4856.9,95.0,16,0
1783015121.916,1014.734,299.9,79.14,100,66,89,3588.9,2974.3,300.0,79.15,100,66,85,3492.3,3808.2,299.8,79.15,100,57,89,3924.4,4642.8,284.4,79.14,100,59,86,3942.8,5344.0,95.0,16,0
1783015122.359,1015.177,300.0,79.14,100,66,89,3586.5,3070.5,300.2,79.15,100,66,85,3418.0,4084.6,300.0,79.15,100,57,89,3949.4,4784.0,284.9,79.14,100,58,86,3938.8,4954.0,95.0,16,0
1783015122.802,1015.620,300.0,79.14,100,65,89,3297.3,3083.5,300.1,79.15,100,65,85,3752.4,3824.6,300.0,79.15,100,56,89,3909.5,5278.4,284.6,79.14,100,57,86,3557.6,4784.2,95.0,16,0
1783015123.244,1016.062,299.9,79.14,100,65,89,3180.0,3137.2,299.7,79.15,100,65,85,3777.4,3858.5,299.5,79.15,100,56,90,3938.6,4957.2,284.0,79.14,100,58,86,3579.7,4767.8,95.0,16,0
1783015123.687,1016.505,299.9,79.14,100,65,89,3542.5,3376.1,299.9,79.15,100,65,85,3799.9,4964.6,299.5,79.15,100,56,90,3961.6,4641.7,284.0,79.14,100,58,86,3932.1,5032.5,95.0,16,0
1783015124.145,1016.963,300.0,79.14,100,65,89,3255.6,3064.8,299.9,79.15,100,65,85,3762.9,3852.6,299.4,79.15,100,56,89,3938.5,5069.5,284.0,79.14,100,58,86,3536.2,5216.6,95.0,16,0
1783015124.591,1017.409,300.0,79.14,100,65,89,3231.0,3045.4,300.0,79.15,100,65,85,3719.8,3939.9,299.7,79.15,100,56,89,3913.2,5223.7,284.3,79.14,100,58,86,3574.0,5742.1,95.0,16,0
1783015125.036,1017.854,300.0,79.14,100,66,89,3545.8,2686.4,300.0,79.15,100,65,85,3787.4,4333.3,300.1,79.15,100,56,90,3515.1,4929.4,284.7,79.14,100,59,86,3947.4,4756.8,95.0,16,0
1783015125.477,1018.294,300.0,79.14,100,66,89,3576.5,2866.2,300.2,79.15,100,65,85,3756.5,4226.1,300.7,79.15,100,57,90,3574.1,4901.5,285.3,79.14,100,58,86,3934.7,4821.8,95.0,16,0
1783015125.920,1018.738,299.9,79.14,100,64,89,3543.5,2760.3,299.8,79.15,100,64,85,3592.5,4015.8,300.3,79.15,100,57,90,3921.6,4508.5,284.5,79.14,100,58,86,3957.0,4954.5,95.0,16,0
1783015126.362,1019.180,300.0,79.14,100,65,89,3601.5,3015.6,299.8,79.15,100,65,85,3377.6,3878.1,299.5,79.15,100,56,90,4206.5,4684.0,283.6,79.14,100,58,86,3876.0,5333.6,95.0,16,0
1783015126.805,1019.623,300.0,79.14,100,65,89,3633.5,3003.7,300.0,79.15,100,65,85,3406.2,3966.3,300.0,79.15,100,57,90,3949.2,4559.9,284.2,79.14,100,59,86,3923.4,4925.0,95.0,16,0
1783015127.246,1020.063,300.0,79.14,100,65,89,3344.1,2995.2,300.0,79.15,100,65,85,3729.2,3894.1,299.8,79.15,100,56,90,3894.6,4930.3,284.3,79.14,100,59,86,3510.0,5013.9,96.0,16,0
1783015127.689,1020.507,300.0,79.14,100,65,89,3265.8,3345.3,300.0,79.15,100,65,85,3748.4,5025.2,299.8,79.15,100,56,90,3571.6,4952.1,284.3,79.14,100,59,86,3948.2,4631.3,96.0,16,0
1783015128.147,1020.965,300.0,79.14,100,65,89,3596.1,3040.8,300.1,79.15,100,65,85,3398.0,4037.6,299.6,79.15,100,56,90,3925.8,4290.5,284.5,79.14,100,58,86,3922.5,5116.5,96.0,16,0
1783015128.590,1021.408,300.0,79.14,100,65,89,17798.4,17953.5,300.1,79.15,100,65,85,17011.9,17305.3,299.9,79.15,100,56,90,18776.8,17195.3,284.5,79.14,100,58,86,20749.4,17193.1,,,
1783015130.009,1022.827,300.5,79.14,100,62,90,20708.3,15869.5,299.5,79.15,99,49,86,570.1,4.7,292.5,79.15,99,46,90,2.0,10908.3,282.8,79.14,99,44,86,17529.4,7579.9,,,
1783015131.428,1024.246,298.1,79.14,100,46,90,3977.4,4.7,287.1,79.15,100,46,86,3.6,5764.6,281.6,79.15,100,38,90,18059.0,12652.9,266.2,79.14,100,40,86,2.8,4.9,96.0,16,0
1783015131.872,1024.690,299.0,79.14,100,46,90,1.8,4.4,289.9,79.15,100,50,86,1.9,15287.5,282.1,79.15,100,38,89,17253.8,2905.6,272.7,79.14,100,42,87,2.0,5.1,96.0,16,0
1783015132.315,1025.133,300.4,79.14,100,52,90,2.7,4.6,293.7,79.15,100,50,85,1.9,12923.1,287.9,79.15,100,47,90,17344.9,5732.3,277.6,79.14,100,43,86,1.9,4.6,96.0,16,0
1783015132.764,1025.582,301.0,79.14,100,49,89,8.3,4.8,295.8,79.15,100,56,86,4.4,14382.8,287.8,79.15,100,39,89,17362.2,4414.1,280.6,79.14,100,49,87,2.8,4.8,96.0,16,0
1783015133.211,1026.029,300.4,79.14,100,51,90,3797.6,4.6,296.0,79.15,100,46,85,1.9,5076.4,287.8,79.15,100,39,89,18010.6,13222.1,280.6,79.14,100,49,87,2.9,4.7,96.0,16,0
1783015133.655,1026.473,300.4,79.14,100,51,90,8684.6,4.6,296.0,79.15,100,46,85,3.0,2761.1,289.0,79.15,100,39,90,18427.5,15056.9,277.7,79.14,100,41,86,6.9,6.9,96.0,16,0
1783015134.104,1026.922,299.0,79.14,100,48,89,1.9,4.9,295.9,79.15,100,49,86,5560.9,14714.3,289.6,79.15,100,40,89,16635.7,5.7,278.2,79.14,100,49,87,4.2,17238.0,96.0,16,0
1783015134.549,1027.367,299.2,79.14,100,50,90,22353.2,3158.3,295.7,79.15,100,47,85,3.0,424.9,285.1,79.15,100,34,90,18537.5,17193.0,277.4,79.14,99,38,87,3.4,5.9,96.0,16,0
1783015134.998,1027.816,297.2,79.14,99,45,90,20451.3,12928.3,290.0,79.15,99,46,86,11482.3,12.2,283.3,79.15,100,38,89,2.4,3.9,271.1,79.14,99,37,87,20783.5,17039.3,96.0,16,0
1783015135.440,1028.258,293.4,79.14,99,50,90,3.4,3.9,286.6,79.15,99,50,86,517.5,17107.0,277.5,79.15,100,49,91,20749.9,4.5,269.4,79.14,100,45,87,1.8,4.9,96.0,16,0
1783015135.882,1028.700,296.4,79.14,99,50,89,20705.5,4.7,292.5,79.15,99,47,86,2.9,4.8,286.5,79.15,99,48,91,7960.1,12924.1,275.9,79.14,99,43,87,15529.7,4.6,96.0,16,0
1783015136.328,1029.145,302.0,79.14,100,50,90,20707.7,15554.8,302.8,79.15,100,56,87,853.9,4.8,294.9,79.15,100,39,90,2.1,12918.3,284.6,79.14,100,47,87,16081.5,6930.0,96.0,16,0
1783015136.770,1029.588,297.2,79.14,100,45,89,20706.8,8.3,293.9,79.15,99,44,86,2.1,9028.0,287.5,79.15,100,33,90,16285.2,10505.7,277.4,79.14,100,40,87,2.2,5.6,96.0,16,0
1783015137.214,1030.032,295.3,79.14,100,45,90,16065.1,13311.5,290.1,79.15,100,45,86,8230.5,5.9,287.5,79.15,100,33,90,1068.8,16724.9,277.4,79.14,100,40,87,20748.7,8.3,96.0,16,0
1783015137.657,1030.475,295.3,79.14,100,45,90,4730.4,11.0,290.1,79.15,100,45,86,2.0,17118.3,279.9,79.15,100,35,90,20749.9,7.6,267.0,79.14,100,32,87,7.4,6.3,96.0,16,0
1783015138.109,1030.927,298.0,79.14,100,45,89,2.0,5.5,288.9,79.15,100,44,86,20709.0,17109.8,277.9,79.15,100,37,90,2.5,4.6,270.2,79.14,100,47,87,4.3,11857.8,96.0,16,0
1783015138.550,1031.368,299.2,79.14,99,44,90,3.6,30.5,289.9,79.15,100,47,86,19391.7,17106.6,285.7,79.15,100,46,90,10.5,4.7,273.7,79.14,100,40,87,1.8,17271.1,96.0,16,0
1783015138.996,1031.814,302.2,79.14,100,49,90,1.9,4.1,293.5,79.15,100,56,87,20223.1,17108.2,286.6,79.15,100,39,89,3.9,4.7,275.1,79.14,100,46,87,4.2,17243.0,96.0,16,0
1783015139.438,1032.256,300.4,79.14,100,46,89,1.9,4.8,295.5,79.15,100,46,86,20229.5,17106.9,286.0,79.15,100,46,90,2.0,4.8,277.5,79.14,100,41,87,2.3,17246.7,96.0,16,0
1783015139.879,1032.697,299.5,79.14,100,48,90,2.0,5186.2,294.2,79.15,100,52,87,16378.2,14904.0,285.7,79.15,100,38,90,6.1,7.3,277.5,79.14,100,44,87,5391.7,13356.3,96.0,16,0
1783015140.789,1033.607,296.2,79.14,100,42,90,7248.5,14119.4,290.7,79.15,100,42,86,15864.0,5.8,279.6,79.15,100,34,89,2.6,17216.0,267.5,79.14,100,31,86,20745.4,5.9,96.0,16,0
1783015141.232,1034.050,289.0,79.14,98,11,89,19832.5,17108.6,275.1,79.15,100,11,85,3.9,4.5,279.6,79.15,100,34,89,2.9,15063.3,258.9,79.14,100,57,87,17210.8,3772.3,6.0,0,15
1783015141.675,1034.493,289.0,79.14,98,11,89,1.8,3810.4,275.1,79.15,100,11,85,21032.8,10204.7,265.2,79.15,100,13,89,2.7,12.4,258.9,79.14,100,57,87,8.2,17308.2,6.0,0,15
1783015142.128,1034.946,290.7,79.14,100,57,90,1.8,4.3,283.9,79.15,100,69,87,686.8,16611.9,276.7,79.15,100,42,89,20748.0,4.2,271.8,79.14,100,58,87,2.7,4.3,6.0,0,15
1783015142.570,1035.388,300.8,79.14,100,63,90,2066.0,4.5,299.5,79.15,100,51,86,2.9,8795.6,290.0,79.15,100,42,90,17880.5,9553.1,283.7,79.14,100,47,87,8.0,5.1,6.0,0,15
1783015143.015,1035.833,296.7,79.14,100,46,89,2.4,8983.3,299.1,79.15,100,46,86,17795.2,9682.4,291.5,79.15,100,44,90,3.5,5.4,280.8,79.14,100,39,87,20769.0,17209.8,6.0,0,15
1783015143.457,1036.275,294.7,79.14,100,45,90,2692.5,5.9,294.6,79.15,100,44,86,5996.1,15033.5,282.1,79.15,100,32,89,15939.3,5.6,275.0,79.14,100,38,87,3.1,16873.5,6.0,0,15
1783015143.899,1036.717,298.0,79.14,100,45,90,2687.5,14940.0,288.5,79.15,100,46,86,19287.2,7.1,278.7,79.15,100,38,89,5.1,4.3,267.8,79.14,100,43,87,20782.7,17203.9,6.0,0,15
1783015144.341,1037.159,299.5,79.14,100,47,90,18805.5,14631.8,289.8,79.15,100,46,86,3886.6,4.6,283.1,79.15,100,42,90,1.9,5766.5,272.7,79.14,100,40,87,17277.6,12825.4,6.0,0,15
1783015144.785,1037.603,302.1,79.14,100,55,90,20707.5,15718.0,291.2,79.15,100,49,85,729.6,4.5,287.7,79.15,100,40,90,1.9,4877.1,275.0,79.14,100,42,86,17512.1,13925.8,6.0,0,15
1783015145.228,1038.046,301.0,79.14,100,48,91,3778.1,14778.7,295.4,79.15,100,48,86,18392.4,4.6,287.7,79.15,100,40,90,3.1,4.3,275.0,79.14,100,42,86,20784.7,17194.9,6.0,0,15
1783015145.672,1038.490,301.0,79.14,100,48,91,2.5,17113.1,295.4,79.15,100,48,86,20707.5,7.9,287.9,79.15,100,44,90,8.5,9.4,277.9,79.14,100,43,87,19712.4,15238.2,6.0,0,15
1783015146.130,1038.948,300.2,79.14,100,49,90,11822.8,14867.3,298.1,79.15,100,52,87,10574.1,4.6,287.3,79.15,100,39,90,2.3,1846.9,279.1,79.14,100,42,87,18420.0,16718.1,6.0,0,15
1783015146.576,1039.394,298.9,79.14,100,47,89,20066.1,17109.4,295.7,79.15,100,47,86,2.8,5.7,288.2,79.15,100,45,90,1531.1,16008.3,278.0,79.14,100,42,87,20387.3,6.1,6.0,0,15
1783015147.019,1039.837,298.9,79.14,100,48,90,2.6,2583.8,293.0,79.15,100,45,85,18207.8,15550.9,285.9,79.15,99,36,90,3.1,6.6,275.0,79.14,100,38,86,20701.2,15106.3,6.0,0,15
1783015147.462,1040.280,297.1,79.14,100,44,90,20707.3,2081.7,289.2,79.15,100,46,86,20666.9,13386.8,281.1,79.15,100,37,90,16924.9,4.4,270.7,79.14,100,38,87,1.8,4.5,9.0,0,14
1783015147.907,1040.725,292.2,79.14,100,51,90,16193.5,3.9,286.5,79.15,100,49,86,4.7,4.4,276.5,79.15,100,52,90,9279.4,12821.1,269.0,79.14,100,44,87,15596.6,4.3,9.0,0,14
1783015148.352,1041.170,296.0,79.14,100,49,90,7968.9,12781.5,292.8,79.15,100,48,86,17109.4,4.4,285.7,79.15,100,50,90,2.4,4.4,276.5,79.14,100,42,87,16892.9,12499.6,9.0,0,14
1783015148.795,1041.613,302.1,79.14,100,51,90,8.8,7489.7,303.3,79.15,100,58,87,15745.5,12857.6,293.7,79.15,100,40,90,1.9,4.6,284.7,79.14,100,46,87,1086.4,16747.5,9.0,0,14
1783015149.245,1042.062,298.1,79.14,100,44,90,18493.0,13236.3,294.6,79.15,100,45,85,5450.6,5.4,289.6,79.15,99,34,90,1.9,17223.6,277.5,79.14,100,40,87,20754.1,6.0,9.0,0,14
1783015149.688,1042.506,298.1,79.14,100,44,90,3.8,160.5,294.6,79.15,100,45,85,19019.9,17106.9,289.6,79.15,99,34,90,9.2,9.0,277.5,79.14,100,40,87,20763.1,17187.4,9.0,0,14
1783015150.137,1042.955,296.0,79.14,100,45,91,16052.4,11408.3,290.4,79.15,100,45,86,3.0,5.3,281.2,79.15,100,35,89,18136.4,13517.7,267.9,79.14,99,33,87,5517.8,4.8,9.0,0,14
1783015150.579,1043.397,297.1,79.14,99,44,90,20704.9,5.2,289.6,79.15,100,45,86,2.9,4.6,278.0,79.15,100,37,89,20764.4,17195.4,271.2,79.14,100,49,87,1.9,5.1,9.0,0,14
1783015151.022,1043.840,300.8,79.14,100,47,90,19880.1,4.6,289.6,79.15,100,45,86,2.1,4.6,286.0,79.15,100,46,90,20774.5,17193.7,274.2,79.14,100,41,86,3.2,4.6,9.0,0,14
1783015151.465,1044.282,301.6,79.14,100,48,90,15837.7,6776.4,295.5,79.15,100,57,87,1.9,4.7,286.6,79.15,100,39,90,4911.8,14580.0,278.3,79.14,100,49,87,17471.3,4.7,9.0,0,14
1783015151.907,1044.725,301.9,79.14,100,55,90,20710.3,17109.9,295.6,79.15,100,47,85,6.0,7.5,287.1,79.15,100,39,90,1071.0,16748.7,276.9,79.14,100,41,86,20748.4,4.7,9.0,0,14
1783015152.354,1045.171,298.9,79.14,100,46,90,20709.8,17111.6,295.4,79.15,100,46,86,4.4,4.9,288.2,79.15,100,41,90,2.0,17241.4,276.7,79.14,100,46,87,18642.7,1197.7,9.0,0,14
1783015152.797,1045.615,300.8,79.14,100,53,90,15978.5,13323.1,295.8,79.15,100,46,86,2.1,11.0,285.7,79.15,100,37,90,20312.4,13321.5,276.1,79.14,100,40,87,3796.2,5.8,9.0,0,14
1783015153.242,1046.060,299.3,79.14,100,39,90,3.4,8623.7,289.2,79.15,100,42,85,15900.4,11466.8,283.2,79.15,100,36,90,3.1,5.5,270.2,79.14,100,36,86,20761.5,17208.2,9.0,0,14
1783015153.685,1046.503,299.3,79.14,100,39,90,20712.2,17113.1,289.2,79.15,100,42,85,20706.7,17106.4,283.2,79.15,100,36,90,19711.1,16865.1,270.2,79.14,100,36,86,17366.5,2837.7,12.0,1,14
1783015154.130,1046.948,292.2,79.14,98,40,90,1.7,17113.4,285.8,79.15,98,24,87,20705.6,4.8,270.9,79.15,100,10,89,2.2,4.2,259.1,79.14,100,16,86,836.7,16817.0,12.0,1,14
1783015154.573,1047.390,289.5,79.14,100,50,90,3.1,4.4,284.9,79.15,100,51,85,490.0,17156.0,278.1,79.15,100,57,90,20752.5,4.2,268.1,79.14,100,45,86,4.7,5.1,12.0,1,14
1783015155.018,1047.836,294.5,79.14,100,49,90,13270.5,4.6,292.1,79.15,100,49,86,1.8,14.0,292.6,79.15,100,54,90,19705.3,17193.0,288.0,79.14,100,44,87,4.4,7.0,12.0,1,14
1783015155.460,1048.278,300.7,79.14,100,45,90,4.3,5.7,300.1,79.15,100,51,86,5870.3,16127.7,290.2,79.15,100,38,89,14495.1,5.6,280.8,79.14,100,48,87,2.5,14482.5,12.0,1,14
1783015155.904,1048.722,298.5,79.14,100,45,90,18123.4,12081.7,293.8,79.15,100,41,86,8.9,5.9,284.8,79.15,100,34,89,20763.5,17199.3,271.2,79.14,100,35,86,4.7,6.1,12.0,1,14
1783015156.351,1049.169,297.2,79.14,100,43,90,2.5,9765.2,285.3,79.15,100,45,85,17781.7,8963.2,280.7,79.15,100,38,90,2.7,5.2,268.5,79.14,100,40,86,19160.7,14410.7,12.0,1,14
1783015156.794,1049.612,299.9,79.14,100,47,90,5.1,17115.8,289.7,79.15,100,54,86,20704.4,4.8,281.2,79.15,100,38,89,1.9,4.4,271.4,79.14,100,44,87,18376.3,16726.3,12.0,1,14
1783015157.243,1050.061,298.7,79.14,100,46,89,14258.5,14435.5,295.5,79.15,100,48,86,8358.8,4.6,285.2,79.15,100,46,90,1.9,870.3,277.6,79.14,100,41,87,18438.4,17191.6,12.0,1,14
1783015157.686,1050.503,298.7,79.14,100,46,89,2.8,17114.3,295.5,79.15,100,48,86,20708.3,10.3,285.2,79.15,100,46,90,5.7,7.5,277.6,79.14,100,41,87,20786.4,17203.6,12.0,1,14
1783015158.136,1050.954,300.8,79.14,100,49,90,1.9,16386.6,296.3,79.15,100,57,87,17048.2,2856.3,286.8,79.15,100,40,89,2.7,5.0,277.9,79.14,100,48,87,12484.2,14351.3,12.0,1,14
1783015158.581,1051.399,301.8,79.14,100,55,90,1.8,12721.3,296.1,79.15,100,48,86,17181.4,6485.7,290.4,79.15,100,43,90,4.3,4.8,278.0,79.14,100,41,86,5202.1,21219.6,12.0,1,14
1783015159.029,1051.847,298.9,79.14,100,48,90,1.9,17112.2,298.6,79.15,100,54,87,20705.6,5.4,287.0,79.15,100,38,89,2.5,4.9,280.3,79.14,100,47,87,20779.4,17207.3,12.0,1,14
1783015159.472,1052.290,300.0,79.14,100,47,90,20707.1,5.5,295.0,79.15,100,46,85,2.1,6996.8,285.9,79.15,100,40,90,17859.1,10983.0,276.2,79.14,100,38,87,2.1,5.8,12.0,1,14
1783015159.915,1052.733,296.8,79.14,100,44,89,6824.6,22841.1,289.6,79.15,100,44,86,5826.9,17105.4,282.7,79.15,100,33,89,20749.0,9801.9,271.3,79.14,100,39,87,20349.7,6682.3,14.0,1,13
1783015160.361,1053.179,293.2,79.14,100,41,90,20706.7,4.6,286.0,79.15,100,61,87,4.2,4.3,272.6,79.15,100,43,89,491.1,16877.1,268.9,79.14,100,54,87,20748.2,4.9,14.0,1,13
1783015160.804,1053.622,297.8,79.14,100,49,90,7.3,8630.9,292.8,79.15,100,63,87,15415.3,12245.1,282.3,79.15,100,41,90,1.9,4.6,276.4,79.14,100,54,87,2.1,17291.0,14.0,1,13
1783015161.247,1054.065,301.5,79.14,100,59,90,1.9,4.7,300.1,79.15,100,54,87,518.5,16908.1,295.6,79.15,100,41,90,20750.5,4.6,284.3,79.14,100,45,87,1.9,4.6,14.0,1,13
1783015161.688,1054.505,301.5,79.14,100,59,90,3.0,8.9,300.1,79.15,100,54,87,19366.4,18196.1,295.6,79.15,100,41,90,8.4,9.3,284.3,79.14,100,45,87,5590.2,13531.9,14.0,1,13
1783015162.139,1054.957,296.3,79.14,100,46,89,17478.1,2545.3,294.7,79.15,100,45,86,3.0,410.7,290.8,79.15,100,35,90,18801.0,17190.9,280.3,79.14,100,36,87,2.9,5.9,14.0,1,13
1783015162.581,1055.398,295.2,79.14,100,43,89,2.4,16282.7,293.9,79.15,100,44,86,18655.1,1383.4,280.2,79.15,100,36,90,4.4,4.9,269.9,79.14,100,35,87,20776.2,17195.2,14.0,1,13
1783015163.027,1055.845,298.4,79.14,100,44,90,12580.3,13163.4,288.6,79.15,100,48,86,11976.6,4.9,277.5,79.15,100,37,90,2.0,4864.1,267.0,79.14,100,40,87,16420.9,14718.3,14.0,1,13
1783015163.467,1056.285,298.7,79.14,100,45,89,20711.7,14524.7,289.1,79.15,100,44,86,2089.7,4.7,282.5,79.15,100,39,90,1.9,8656.9,273.4,79.14,100,43,87,15665.6,11480.5,14.0,1,13
1783015163.907,1056.725,302.1,79.14,100,53,90,3715.7,13888.2,292.3,79.15,100,55,87,20218.2,5.0,285.8,79.15,100,39,89,4.9,4.2,276.7,79.14,100,45,87,20789.8,17198.4,14.0,1,13
1783015164.351,1057.169,301.3,79.14,100,47,90,1.8,17114.9,295.5,79.15,100,47,86,17410.7,2566.8,288.7,79.15,100,45,90,1.9,4.6,277.3,79.14,100,41,87,7433.7,13177.8,14.0,1,13
1783015164.793,1057.610,299.0,79.14,100,46,90,6.0,16403.5,297.6,79.15,100,55,87,16387.3,3600.6,286.1,79.15,100,38,89,2.7,4.7,276.7,79.14,100,46,87,6673.8,12798.6,14.0,1,13
1783015165.237,1058.055,300.6,79.14,100,47,90,1.9,13464.6,294.9,79.15,100,47,85,15922.4,6799.7,286.1,79.15,100,38,89,3.2,5.3,276.0,79.14,100,40,87,17423.9,13099.7,14.0,1,13
1783015165.678,1058.496,300.6,79.14,100,47,90,16283.5,7640.2,294.9,79.15,100,47,85,6.9,299.2,286.8,79.15,100,44,90,18848.2,15285.3,276.0,79.14,100,40,87,6.1,5.8,14.0,1,13
1783015166.124,1058.942,298.0,79.14,100,40,90,2732.1,14872.5,290.4,79.15,100,43,87,20562.1,5.8,285.4,79.15,100,32,90,3.1,15901.6,273.4,79.14,100,38,87,21120.2,17184.1,17.0,2,13
1783015166.565,1059.383,295.9,79.14,100,46,89,3.5,4.3,288.8,79.15,100,45,86,17457.5,14139.0,274.7,79.15,98,33,89,4415.1,4.2,262.8,79.14,98,10,85,1.8,4.1,17.0,2,13
1783015167.007,1059.825,290.4,79.14,100,51,90,20708.0,5.0,285.3,79.15,100,57,86,8.2,4.5,274.8,79.15,100,46,89,6922.6,14950.1,268.2,79.14,100,51,87,15070.0,4.7,17.0,2,13
1783015167.450,1060.268,294.9,79.14,100,49,90,10689.8,15655.4,291.9,79.15,100,58,87,10668.9,5.0,284.7,79.15,100,40,90,2.4,1282.2,276.2,79.14,100,56,87,18483.7,17012.0,17.0,2,13
1783015167.892,1060.710,301.5,79.14,100,53,90,4258.3,14641.8,297.8,79.15,100,46,85,18160.4,8.4,292.8,79.15,100,38,90,7.5,14373.7,278.6,79.14,99,40,86,17796.4,4160.4,17.0,2,13
1783015168.333,1061.151,298.3,79.14,100,46,90,2.2,5.9,292.5,79.15,100,44,87,15859.7,14908.2,287.4,79.15,100,36,89,6083.4,5.8,271.2,79.14,100,37,86,2.5,17240.4,17.0,2,13
1783015168.774,1061.592,295.3,79.14,100,38,90,20710.3,8.1,289.0,79.15,100,43,86,10.8,1442.9,279.8,79.15,100,35,90,18079.4,16719.4,270.3,79.14,100,40,87,2.8,5.1,17.0,2,13
1783015169.222,1062.040,299.0,79.14,100,56,91,1.9,5.3,287.9,79.15,100,48,85,1.9,17130.4,279.8,79.15,100,35,90,20752.9,5.3,270.3,79.14,100,40,87,4.5,5.0,17.0,2,13
1783015169.664,1062.481,299.0,79.14,100,56,91,3.6,4.8,287.9,79.15,100,48,85,905.2,18058.8,281.3,79.15,100,39,90,15942.3,7.7,270.7,79.14,100,40,86,5.1,512.0,17.0,2,13
1783015170.110,1062.928,300.1,79.14,100,47,90,4.9,4.8,294.6,79.15,100,50,86,1373.0,15971.0,281.4,79.15,100,38,89,20291.3,4.6,276.5,79.14,100,48,87,4.2,9.6,17.0,2,13
1783015170.559,1063.376,302.1,79.14,100,58,90,2.7,4.6,295.4,79.15,100,48,86,3.5,16518.4,287.1,79.15,100,40,90,18930.6,1462.4,277.6,79.14,100,42,86,1.9,4.7,17.0,2,13
1783015171.001,1063.819,300.3,79.14,100,49,90,2.5,5.3,296.5,79.15,100,48,87,2.7,15501.8,290.4,79.15,100,44,90,17649.8,1871.0,278.2,79.14,100,41,87,2.5,4.8,17.0,2,13
1783015171.446,1064.264,301.3,79.14,100,59,90,2.0,4.6,296.6,79.15,100,49,86,1.9,11229.8,286.3,79.15,100,38,90,17167.3,7643.0,276.8,79.14,100,40,86,1.9,5.1,17.0,2,13
1783015171.888,1064.706,299.2,79.14,100,46,89,2.2,5521.2,294.1,79.15,100,45,86,18296.6,13049.3,285.5,79.15,100,38,88,10.6,5.9,275.7,79.14,100,41,87,20764.6,17191.8,17.0,2,13
1783015172.332,1065.149,296.7,79.14,100,45,90,13823.0,5.6,291.8,79.15,100,40,86,2.1,17106.5,280.2,79.15,100,35,89,19794.8,958.3,272.1,79.14,100,38,86,3.8,3245.7,20.0,2,12
1783015172.776,1065.594,292.4,79.14,100,11,91,16528.1,12714.3,279.1,79.15,100,18,86,8464.2,5.2,276.6,79.15,100,44,90,3.6,13.3,263.7,79.14,100,46,87,19721.0,17191.7,20.0,2,12
1783015173.224,1066.041,296.2,79.14,100,58,90,2.7,4.2,287.3,79.15,100,48,86,508.5,17122.0,276.6,79.15,100,44,90,20755.0,4.7,263.7,79.14,100,46,87,4.5,4.5,20.0,2,12
1783015173.666,1066.484,296.2,79.14,100,58,90,20706.2,4.2,287.3,79.15,100,48,86,3.7,10.0,284.5,79.15,100,49,90,20791.4,14637.9,273.8,79.14,100,44,87,40.6,5.1,20.0,2,12
1783015174.118,1066.935,298.5,79.14,100,51,90,20704.2,5.2,298.9,79.15,100,47,86,2.7,4.7,295.6,79.15,100,53,90,15357.8,13243.6,286.8,79.14,100,43,87,8383.7,6.4,20.0,2,12
1783015174.560,1067.378,300.7,79.14,100,46,90,2.7,1170.7,299.9,79.15,100,53,86,17944.4,17104.4,287.3,79.15,100,38,89,2.2,6.0,281.0,79.14,100,38,87,20743.9,14331.0,20.0,2,12
1783015175.002,1067.820,298.7,79.14,100,42,90,19082.9,5.6,291.1,79.15,100,39,86,2.9,14349.8,280.5,79.15,100,35,89,16006.9,5256.4,270.9,79.14,100,39,87,2.6,5.6,20.0,2,12
1783015175.445,1068.263,297.2,79.14,100,45,91,2.6,4.5,285.0,79.15,100,45,86,20706.4,14743.7,280.4,79.15,100,38,90,1246.6,5.0,268.7,79.14,100,39,86,2.0,12175.8,20.0,2,12
1783015175.889,1068.707,299.5,79.14,100,45,90,1.8,3.9,291.0,79.15,100,50,86,20228.7,17112.3,280.6,79.15,100,37,89,6.7,7.4,273.7,79.14,100,42,87,492.9,17279.0,20.0,2,12
1783015176.332,1069.149,300.0,79.14,100,48,90,2.6,4.3,294.4,79.15,100,48,86,20721.0,17110.0,286.0,79.15,100,44,90,2.9,4.7,277.3,79.14,100,42,87,3.6,9336.9,20.0,2,12
1783015176.775,1069.593,300.6,79.14,100,47,90,6.7,7.2,295.9,79.15,100,54,87,10825.3,13233.4,286.1,79.15,100,38,91,12823.4,4.8,280.1,79.14,100,48,87,2.3,4.7,20.0,2,12
1783015177.220,1070.038,301.1,79.14,100,50,90,1.8,4.6,294.1,79.15,100,44,87,500.3,17116.2,286.1,79.15,100,38,91,20749.1,4.9,280.1,79.14,100,48,87,4.4,4.7,20.0,2,12
1783015177.661,1070.479,301.1,79.14,100,50,90,1.9,4.8,294.1,79.15,100,44,87,3.5,17140.8,288.1,79.15,100,40,90,20754.7,9.6,276.4,79.14,100,39,87,5.1,6.8,20.0,2,12
1783015178.111,1070.929,299.1,79.14,100,46,90,2.3,12465.5,295.4,79.15,100,52,86,16270.1,7441.9,285.0,79.15,100,38,88,3.1,6.0,278.9,79.14,100,46,87,20189.2,15060.4,20.0,2,12
1783015178.560,1071.377,298.3,79.14,100,45,89,2.7,5.9,294.0,79.15,100,43,86,8347.0,13603.8,281.8,79.15,100,31,89,15044.5,5.8,274.7,79.14,100,34,87,2.5,17239.0,20.0,2,12
1783015179.003,1071.821,296.8,79.14,100,44,90,2.7,4.3,287.5,79.15,100,44,86,1.8,17126.5,279.2,79.15,100,36,89,20753.0,5.1,264.3,79.14,98,34,87,1.9,4.6,23.0,3,12
1783015179.445,1072.263,292.8,79.14,100,62,90,17111.0,12536.3,280.9,79.15,100,50,85,2.9,4.3,273.8,79.15,100,42,90,1.8,7387.2,265.7,79.14,100,49,87,16984.9,11700.8,23.0,3,12
1783015179.888,1072.706,295.3,79.14,100,61,90,4.3,11831.3,287.4,79.15,100,47,85,17046.4,7554.1,284.2,79.15,100,41,90,6.7,6.4,273.4,79.14,100,43,86,1.7,17308.1,23.0,3,12
1783015180.331,1073.149,300.1,79.14,100,52,90,2.6,4.2,300.9,79.15,100,48,86,20228.9,17109.3,294.6,79.15,100,44,90,1.8,4.8,285.5,79.14,100,39,86,3.6,16261.3,23.0,3,12
1783015180.774,1073.592,298.8,79.14,100,44,90,18190.6,15088.9,295.0,79.15,100,46,85,4.6,6.0,286.4,79.15,100,37,90,20758.0,17200.0,278.2,79.14,100,38,86,2.3,6.0,23.0,3,12
1783015181.221,1074.039,296.6,79.14,100,45,89,2.0,17119.8,288.4,79.15,100,43,86,18035.8,5.4,286.4,79.15,100,37,90,3.1,13966.3,278.2,79.14,100,38,86,17573.6,4628.6,23.0,3,12
1783015181.666,1074.483,296.6,79.14,100,45,89,19246.0,4.7,288.4,79.15,100,43,86,3.7,11.2,279.0,79.15,100,29,90,20186.7,13621.2,270.1,79.14,100,38,87,6.7,4.8,23.0,3,12
1783015182.118,1074.936,296.0,79.14,100,46,90,2.7,4.4,289.7,79.15,100,48,86,1.8,17128.1,278.4,79.15,100,46,90,19716.0,960.4,271.4,79.14,100,41,87,2.0,5.3,23.0,3,12
1783015182.560,1075.378,303.8,79.14,100,58,91,2.7,4.5,291.4,79.15,100,50,86,1.8,17144.1,284.5,79.15,100,38,90,20690.0,5.4,272.2,79.14,100,40,86,2.0,5.7,23.0,3,12
1783015183.007,1075.825,301.8,79.14,100,49,90,1.9,4.5,295.4,79.15,100,47,86,1.8,17140.0,286.6,79.15,100,42,89,19775.4,900.3,278.0,79.14,100,45,87,2.6,4.7,23.0,3,12
1783015183.449,1076.267,302.0,79.14,100,57,90,1.9,4.5,297.1,79.15,100,50,86,2.0,13133.2,286.4,79.15,100,40,89,17158.0,5735.3,277.8,79.14,100,41,86,2.0,4.9,23.0,3,12
1783015183.891,1076.709,299.2,79.14,100,48,90,6.1,7.4,294.3,79.15,100,49,86,1.9,17135.3,285.7,79.15,100,44,90,20320.1,243.7,275.8,79.14,100,42,87,2.6,5.0,23.0,3,12
1783015184.334,1077.152,298.1,79.14,100,49,90,9.4,4.7,291.7,79.15,100,45,86,20220.0,17107.1,284.9,79.15,100,37,90,2.1,5.9,275.6,79.14,100,40,86,15272.9,14522.6,23.0,3,12
1783015184.777,1077.595,299.1,79.14,100,44,91,13954.8,8.3,288.9,79.15,100,45,85,3.8,17111.1,280.2,79.15,99,32,90,20746.6,5.9,270.3,79.14,100,38,87,2.2,3376.3,23.0,3,12
1783015185.224,1078.041,292.6,79.14,100,9,91,15885.7,11848.0,283.2,79.15,100,9,88,2.9,4.8,280.2,79.15,99,32,90,9.2,17217.7,270.3,79.14,100,38,87,20759.3,4.9,26.0,3,11
1783015185.668,1078.486,292.6,79.14,100,9,91,1.8,6113.9,283.2,79.15,100,9,88,20640.7,10224.0,270.0,79.15,100,20,91,9.7,9.5,266.6,79.14,100,57,87,1084.8,16793.8,26.0,3,11
1783015186.121,1078.939,296.3,79.14,100,63,90,2.3,4.4,289.5,79.15,100,63,87,505.5,17125.0,280.2,79.15,100,41,88,20750.8,4.3,273.7,79.14,100,58,87,2.3,4.4,26.0,3,11
1783015186.563,1079.381,299.2,79.14,100,63,90,10133.0,4.6,296.9,79.15,100,48,85,1.9,2893.0,292.2,79.15,100,41,90,16429.6,16722.1,285.6,79.14,100,44,86,2.6,5.3,26.0,3,11
1783015187.007,1079.825,296.3,79.14,100,46,89,2.0,4.9,300.1,79.15,100,45,86,20426.8,17105.7,291.1,79.15,100,45,90,4.3,5.9,281.5,79.14,100,38,87,16253.5,13432.5,26.0,3,11
1783015187.450,1080.268,296.7,79.14,100,43,89,20705.8,5.8,292.6,79.15,100,42,86,2.1,15182.3,281.7,79.15,100,29,89,16208.6,4308.4,273.0,79.14,100,37,87,2.1,4.8,26.0,3,11
1783015187.894,1080.712,298.1,79.14,100,45,90,4.1,11352.2,288.9,79.15,100,46,86,16236.1,8956.8,278.0,79.15,100,37,90,6.6,4.6,268.1,79.14,100,43,87,4058.5,14113.9,26.0,3,11
1783015188.338,1081.156,299.6,79.14,100,45,89,1.9,17117.7,289.7,79.15,100,45,86,20704.6,10.2,282.7,79.15,100,41,90,1.9,4.6,270.9,79.14,100,39,87,15240.9,13040.1,26.0,3,11
1783015188.782,1081.600,302.8,79.14,100,55,90,3.4,17118.1,292.2,79.15,100,51,86,20708.1,4.9,285.9,79.15,100,39,89,2.9,4.6,274.8,79.14,100,40,86,19922.7,12249.7,26.0,3,11
1783015189.227,1082.045,300.4,79.14,100,47,89,2.8,13724.9,294.3,79.15,100,45,86,15538.0,6932.5,285.9,79.15,100,39,89,3.7,4.7,274.8,79.14,100,40,86,2409.0,13915.7,26.0,3,11
1783015189.672,1082.490,300.4,79.14,100,47,89,2.8,9575.7,294.3,79.15,100,45,86,16719.0,9222.3,286.4,79.15,100,43,90,8.7,9.9,277.2,79.14,100,40,87,8369.0,13001.3,26.0,3,11
1783015190.123,1082.941,299.2,79.14,99,45,90,2.8,15951.2,295.2,79.15,100,49,87,15473.1,4642.3,285.3,79.15,100,37,88,2.7,4.9,277.1,79.14,100,46,87,11518.9,13092.1,26.0,3,11
1783015190.567,1083.384,299.7,79.14,100,45,90,18857.7,13070.4,293.7,79.15,100,45,86,5673.2,5.6,286.5,79.15,100,42,90,3.9,17231.3,275.1,79.14,100,40,87,20756.4,6.7,26.0,3,11
1783015191.009,1083.827,298.4,79.14,100,46,90,5.2,5.6,290.9,79.15,100,44,86,20707.8,17104.4,284.2,79.15,100,32,89,4.2,5.9,273.0,79.14,100,36,85,13542.3,13236.4,26.0,3,11
1783015191.457,1084.275,296.4,79.14,100,42,89,20705.9,17107.7,287.8,79.15,100,45,86,19877.6,732.5,279.2,79.15,100,34,90,2.8,4.5,269.2,79.14,100,34,87,6067.2,14278.5,29.0,4,11
1783015191.901,1084.719,290.2,79.14,100,51,90,3.8,4.2,284.1,79.15,100,63,87,494.4,17154.1,271.4,79.15,100,43,89,20754.5,4.3,267.5,79.14,100,60,87,1.7,4.3,29.0,4,11
1783015192.354,1085.172,294.3,79.14,99,49,90,20704.7,4.1,290.7,79.15,100,60,86,2.9,4.4,281.5,79.15,99,41,89,11950.9,14245.2,274.3,79.14,100,52,87,10751.1,4.4,29.0,4,11
1783015192.803,1085.621,301.6,79.14,100,59,90,17318.0,14125.9,300.1,79.15,100,50,85,2.5,4.7,294.8,79.15,100,39,89,1073.3,16757.5,281.9,79.14,100,40,86,20751.8,4.9,29.0,4,11
1783015193.245,1086.063,297.9,79.14,100,46,90,5397.4,5.5,294.7,79.15,100,43,86,2.0,17122.1,286.9,79.15,100,36,89,20750.3,6.1,275.3,79.14,100,38,87,3.8,14491.8,29.0,4,11
1783015193.692,1086.510,297.9,79.14,100,46,90,18081.6,7729.6,294.7,79.15,100,43,86,9.6,5169.3,286.9,79.15,100,36,89,17954.2,1964.1,275.3,79.14,100,38,87,3.1,506.8,29.0,4,11
1783015194.146,1086.964,297.7,79.14,100,42,90,2.0,15462.6,288.3,79.15,100,45,85,17482.2,3524.6,279.0,79.15,100,33,89,2.0,4.7,269.8,79.14,100,38,86,7131.5,14668.2,29.0,4,11
1783015194.587,1087.405,297.9,79.14,100,45,91,3.6,17117.6,284.6,79.15,100,46,86,20706.4,4.6,280.1,79.15,100,41,90,2.7,4.6,268.3,79.14,100,41,87,16296.6,14448.9,29.0,4,11
1783015195.029,1087.847,299.0,79.14,100,49,90,1.8,17113.6,294.0,79.15,100,59,86,20705.3,4.6,280.9,79.15,100,41,89,2.7,4.7,274.3,79.14,100,42,87,14933.2,14428.2,29.0,4,11
1783015195.470,1088.288,301.4,79.14,100,55,90,1.9,9168.2,295.7,79.15,100,48,86,17289.1,9951.2,286.5,79.15,100,45,90,2.7,4.8,276.5,79.14,100,42,86,1081.2,16764.5,29.0,4,11
1783015195.910,1088.728,300.5,79.14,100,49,90,3.0,857.7,296.7,79.15,100,55,86,18485.5,17109.3,287.3,79.15,100,40,88,5.0,4.7,279.8,79.14,100,51,87,1.8,17256.3,29.0,4,11
1783015196.353,1089.171,300.9,79.14,100,54,91,2.2,4.7,294.5,79.15,100,48,86,20721.2,17108.4,286.4,79.15,100,42,90,3.9,4.8,276.9,79.14,100,42,87,3.5,14966.4,29.0,4,11
1783015196.795,1089.613,299.1,79.14,100,47,89,8.4,9288.9,294.7,79.15,100,49,86,17743.8,9574.2,286.0,79.15,100,38,88,3.7,5.4,274.0,79.14,100,41,87,13564.2,14313.0,29.0,4,11
1783015197.236,1090.054,298.4,79.14,100,46,89,20704.4,6.1,294.3,79.15,100,45,86,3.1,7028.3,286.0,79.15,100,38,88,17607.9,11103.3,272.8,79.14,100,34,87,4.8,5.9,29.0,4,11
1783015197.678,1090.495,298.4,79.14,100,46,89,6905.5,17107.1,294.3,79.15,100,45,86,20707.3,4660.0,280.8,79.15,100,37,90,21792.7,13136.4,272.8,79.14,100,34,87,11176.7,4.5,32.0,4,10
1783015198.125,1090.943,294.2,79.14,98,11,90,6451.1,12631.3,282.2,79.15,100,9,88,18442.0,4.3,275.8,79.15,100,8,90,1.8,4.2,262.9,79.14,100,26,86,5385.4,13310.3,32.0,4,10
1783015198.569,1091.387,293.6,79.14,100,49,90,2.6,4.4,286.2,79.15,100,50,86,2306.9,15284.2,284.2,79.15,100,60,90,20751.7,4.3,272.0,79.14,100,44,86,2.6,4.8,32.0,4,10
1783015199.011,1091.829,298.8,79.14,100,49,90,18083.3,4.6,295.2,79.15,100,48,86,1.9,4.1,292.8,79.15,100,52,90,20777.0,17193.3,287.6,79.14,100,43,87,2.0,4.9,32.0,4,10
1783015199.453,1092.271,300.3,79.14,100,45,90,7104.4,5.6,299.3,79.15,100,50,86,8.2,17124.3,287.4,79.15,100,37,89,20752.4,5.7,280.7,79.14,100,48,87,4.6,8143.2,32.0,4,10
1783015199.899,1092.717,298.4,79.14,100,44,90,20712.2,17109.2,292.6,79.15,100,40,86,2.6,8.9,285.4,79.15,100,33,89,13455.8,13571.8,270.3,79.14,100,33,86,10420.4,6.0,32.0,4,10
1783015200.341,1093.159,298.0,79.14,100,43,90,2.4,5.0,287.1,79.15,100,44,85,17037.8,13080.1,279.4,79.15,100,37,89,6963.4,8.8,267.7,79.14,100,40,87,11.2,17244.5,32.0,4,10
1783015200.783,1093.601,299.4,79.14,100,46,90,1.8,6.9,289.1,79.15,100,53,86,19832.7,17106.7,280.4,79.15,100,38,90,5.2,5.4,270.9,79.14,100,44,87,5141.8,13403.3,32.0,4,10
1783015201.229,1094.047,298.4,79.14,100,45,89,2.8,14098.3,293.4,79.15,100,46,86,15648.9,6462.2,280.4,79.15,100,38,90,2.9,4.7,270.9,79.14,100,44,87,5483.7,13177.2,32.0,4,10
1783015201.673,1094.491,298.4,79.14,100,45,89,2.4,4.7,293.4,79.15,100,46,86,19637.2,17112.4,284.8,79.15,100,44,90,8.8,7.4,276.3,79.14,100,41,86,8524.8,13098.1,32.0,4,10
1783015202.128,1094.946,300.6,79.14,100,48,90,1.8,878.5,294.3,79.15,100,57,86,18435.7,17107.9,286.0,79.15,100,39,89,2.5,5.0,276.6,79.14,100,46,87,1072.4,16771.2,32.0,4,10
1783015202.570,1095.388,302.2,79.14,100,57,90,8.2,1852.2,294.0,79.15,100,46,87,17292.5,17108.9,287.7,79.15,100,40,90,2.5,4.9,275.7,79.14,100,39,86,490.1,17260.3,32.0,4,10
1783015203.015,1095.832,298.8,79.14,100,46,90,2.5,14203.1,295.7,79.15,100,50,86,16389.1,5717.5,284.0,79.15,100,37,90,4.6,5.4,276.5,79.14,100,45,87,20775.3,17205.8,32.0,4,10
1783015203.456,1096.274,298.7,79.14,100,46,89,20705.1,6.4,293.6,79.15,100,46,86,2.1,12675.7,281.9,79.15,100,38,90,18876.8,2876.0,274.6,79.14,100,34,87,3.9,5115.5,32.0,4,10
1783015203.903,1096.720,297.0,79.14,100,41,89,22778.6,15506.3,288.4,79.15,100,38,86,25831.7,16400.9,278.9,79.15,100,34,89,20682.2,13651.1,269.9,79.14,100,37,87,20428.4,14494.7,35.0,5,10
1783015204.352,1097.170,291.7,79.14,100,63,91,3.5,3.9,279.4,79.15,100,53,86,2665.3,15018.8,274.3,79.15,100,49,90,19683.6,4.3,261.5,79.14,100,45,88,5.2,4.2,35.0,5,10
1783015204.795,1097.613,293.7,79.14,100,57,90,17260.6,3121.8,286.4,79.15,100,47,85,4.4,4.6,283.9,79.15,99,49,90,1787.3,15773.4,273.0,79.14,100,44,86,20086.4,5.4,35.0,5,10
1783015205.241,1098.059,299.4,79.14,100,50,89,12475.3,14487.0,302.5,79.15,100,50,86,10423.3,4.7,292.4,79.15,100,44,90,2.4,542.7,285.2,79.14,100,41,87,19116.5,17193.3,35.0,5,10
1783015205.684,1098.502,299.4,79.14,100,50,89,20709.7,17107.2,302.5,79.15,100,50,86,6.4,10.6,292.4,79.15,100,48,90,11814.1,15517.4,285.2,79.14,100,41,87,7871.8,5.5,35.0,5,10
1783015206.128,1098.946,299.6,79.14,100,45,90,2.9,13501.4,295.7,79.15,100,45,85,17829.2,5074.5,286.2,79.15,100,36,89,2.1,7.4,277.5,79.14,100,39,86,19700.7,17197.6,35.0,5,10
1783015206.570,1099.388,297.3,79.14,100,43,91,12876.5,4.9,288.6,79.15,100,47,85,3.0,13292.3,279.3,79.15,99,35,90,17708.8,4804.2,268.9,79.14,100,35,86,2.2,19.4,35.0,5,10
1783015207.025,1099.843,294.5,79.14,100,45,89,1.9,5.3,287.3,79.15,100,45,86,11068.7,14351.5,276.7,79.15,100,37,90,11328.8,5.4,270.3,79.14,100,44,87,2.0,13552.5,35.0,5,10
1783015207.467,1100.285,300.8,79.14,100,45,90,1.9,530.7,289.3,79.15,100,45,85,18821.0,17106.6,281.2,79.15,100,40,89,2.4,4.7,271.7,79.14,99,43,85,1.8,16768.9,35.0,5,10
1783015207.914,1100.732,302.5,79.14,100,48,90,4.2,4.5,295.9,79.15,99,53,86,20508.4,17111.9,285.0,79.15,100,39,88,3.7,4.8,277.1,79.14,100,48,87,2.4,17258.5,35.0,5,10
1783015208.360,1101.177,300.8,79.14,100,54,90,2.2,4.5,294.8,79.15,100,46,85,20722.7,17110.4,286.3,79.15,100,40,89,2.2,4.9,277.2,79.14,100,42,85,3.5,17252.0,35.0,5,10
1783015208.804,1101.622,299.4,79.14,100,47,89,6.9,4.1,293.9,79.15,100,47,86,20229.8,17107.7,285.8,79.15,100,37,88,1.9,4.9,276.1,79.14,100,50,87,1.9,17264.0,35.0,5,10
1783015209.246,1102.064,299.9,79.14,99,53,90,1.9,11344.3,293.6,79.15,100,47,86,17646.9,7573.8,285.0,79.15,100,37,89,2.5,5.4,275.4,79.14,100,39,86,20777.1,16130.2,35.0,5,10
1783015209.690,1102.508,299.9,79.14,99,53,90,20704.8,8.3,293.6,79.15,100,47,86,9.6,17114.8,285.0,79.15,100,37,89,20753.7,8.4,275.4,79.14,100,39,86,2.6,12667.6,35.0,5,10
1783015210.141,1102.959,298.7,79.14,100,41,90,27389.3,3284.8,288.8,79.15,100,45,86,20704.8,17102.5,283.8,79.15,100,34,89,10343.8,17091.3,269.6,79.14,100,37,86,9001.2,17188.3,38.0,5,9
1783015210.583,1103.401,295.6,79.14,98,31,89,8068.3,3.7,284.0,79.15,98,15,86,1.8,4.0,271.7,79.15,100,7,90,9822.7,13049.5,262.1,79.14,100,10,86,10978.3,7.2,38.0,5,9
1783015211.029,1103.847,295.8,79.14,100,66,90,1.8,17117.4,285.9,79.15,100,47,85,20707.1,5.1,278.1,79.15,100,43,89,2.7,4.6,270.8,79.14,100,46,86,7443.9,12923.5,38.0,5,9
1783015211.473,1104.291,297.1,79.14,100,60,90,1.9,4.6,291.4,79.15,100,47,87,8051.7,13326.8,290.7,79.15,100,46,90,15938.0,4.8,280.4,79.14,100,44,86,2.4,5.8,38.0,5,9
1783015211.915,1104.733,299.6,79.14,100,47,89,3.7,8.1,300.4,79.15,100,45,86,16247.6,13127.1,290.5,79.15,100,43,90,7844.6,5.8,282.1,79.14,100,40,86,2.1,17252.4,38.0,5,9
1783015212.358,1105.175,298.4,79.14,100,44,91,16522.0,9449.0,294.5,79.15,100,45,85,3.1,5.6,283.7,79.15,99,32,89,20760.9,17183.8,275.5,79.14,100,35,86,4.7,5.8,38.0,5,9
1783015212.800,1105.618,297.4,79.14,100,43,91,6.9,9600.2,288.1,79.15,100,44,86,16214.3,10486.4,277.4,79.15,100,37,88,2.0,5.2,269.5,79.14,100,41,87,8991.2,15487.0,38.0,5,9
1783015213.245,1106.063,298.7,79.14,100,48,90,603.9,16558.7,289.4,79.15,100,47,86,20704.4,4.7,280.6,79.15,100,43,90,2.7,4.5,271.5,79.14,100,39,86,20775.8,17210.4,38.0,5,9
1783015213.687,1106.505,298.7,79.14,100,48,90,20709.1,16190.4,289.4,79.15,100,47,86,110.8,8.5,280.6,79.15,100,43,90,9.1,17246.5,271.5,79.14,100,39,86,18341.1,1914.5,38.0,5,9
1783015214.137,1106.955,303.2,79.14,100,46,90,17152.1,13249.4,292.0,79.15,100,47,86,7043.0,4.7,285.5,79.15,100,39,89,2.3,2670.4,274.5,79.14,100,42,86,16842.1,16731.1,38.0,5,9
1783015214.578,1107.396,299.8,79.14,100,46,89,2471.9,15095.3,294.9,79.15,100,46,86,20706.1,4.7,285.4,79.15,100,46,90,1.9,4.7,277.5,79.14,100,40,86,20788.1,17201.5,38.0,5,9
1783015215.023,1107.841,299.4,79.14,100,48,90,9036.1,13244.1,296.9,79.15,100,55,86,15450.7,4.5,285.8,79.15,100,38,89,4.5,3.9,277.1,79.14,100,43,87,20293.9,17189.9,38.0,5,9
1783015215.465,1108.283,300.3,79.14,100,48,90,10021.5,12921.3,293.3,79.15,100,46,86,14678.6,11.3,286.3,79.15,100,41,90,6.8,12743.7,275.7,79.14,100,40,86,16234.7,6931.2,38.0,5,9
1783015215.907,1108.725,299.2,79.14,100,45,90,4159.8,5.9,291.5,79.15,100,46,85,3104.5,14434.8,284.5,79.15,100,37,89,16978.4,5.8,273.4,79.14,100,38,86,2.2,17237.9,38.0,5,9
1783015216.351,1109.169,298.3,79.14,100,37,90,16051.4,8560.7,288.1,79.15,100,41,85,3.1,5.2,278.4,79.15,100,29,89,26196.4,14686.6,268.9,79.14,100,35,86,20831.5,14031.4,41.0,6,9
1783015216.795,1109.613,287.8,79.14,100,61,90,3999.2,14366.3,279.0,79.15,100,59,86,18724.3,4.0,268.1,79.15,100,44,89,2.3,4.2,261.6,79.14,100,50,87,4127.9,21490.0,41.0,6,9
1783015217.245,1110.063,293.4,79.14,100,66,90,1.9,4.3,286.8,79.15,100,49,85,512.5,17110.4,279.2,79.15,100,41,89,20135.1,4.7,271.0,79.14,100,45,86,2.0,4.6,41.0,6,9
1783015217.688,1110.506,293.4,79.14,100,66,90,19869.1,8.0,286.8,79.15,100,49,85,7.3,58.2,279.2,79.15,100,41,89,18248.1,16721.8,271.0,79.14,100,45,86,8.0,4.7,41.0,6,9
1783015218.136,1110.954,300.1,79.14,100,56,90,15342.9,5.5,300.2,79.15,100,49,85,2.1,15307.7,295.6,79.15,99,49,90,17862.1,2973.1,286.0,79.14,100,42,85,2.2,510.9,41.0,6,9
1783015218.580,1111.398,297.1,79.14,100,46,90,20708.9,17109.6,296.8,79.15,99,44,86,4.0,5.8,287.0,79.15,100,37,88,7969.4,15021.0,277.0,79.14,100,39,86,14209.6,6.3,41.0,6,9
1783015219.023,1111.841,298.9,79.14,100,43,90,3.7,2522.6,289.0,79.15,100,47,85,18270.6,15988.1,280.1,79.15,100,37,89,3.7,10.0,269.5,79.14,100,37,85,2229.3,15380.3,41.0,6,9
1783015219.466,1112.284,296.8,79.14,100,48,90,1.8,17117.8,285.6,79.15,100,45,86,20705.0,4.6,279.8,79.15,100,38,89,3.7,4.6,269.4,79.14,100,42,86,20774.2,17188.2,41.0,6,9
1783015219.909,1112.727,299.4,79.14,100,45,90,15601.0,14279.7,291.5,79.15,100,47,86,7463.9,7.7,280.3,79.15,100,40,89,1.9,7832.9,274.1,79.14,100,48,87,17309.1,10980.9,41.0,6,9
1783015220.352,1113.170,300.0,79.14,100,48,90,3611.1,14639.2,295.2,79.15,100,48,86,18614.3,4.6,285.3,79.15,100,48,90,2.3,4.3,277.3,79.14,100,41,86,20792.7,17215.6,41.0,6,9
1783015220.796,1113.614,300.6,79.14,100,49,90,6.2,17112.7,296.3,79.15,100,56,86,20712.4,6.9,287.4,79.15,100,40,88,1.9,4.7,279.7,79.14,100,51,87,19104.3,16501.9,41.0,6,9
1783015221.244,1114.062,300.0,79.14,100,47,90,1.8,17117.8,294.7,79.15,100,48,85,20704.2,4.7,288.2,79.15,100,44,89,2.7,4.5,276.9,79.14,100,43,86,18048.6,14349.2,41.0,6,9
1783015221.687,1114.505,300.0,79.14,100,47,90,2.8,17114.7,294.7,79.15,100,48,85,20710.1,7.5,288.2,79.15,100,44,89,8.1,4611.8,276.9,79.14,100,43,86,19562.2,10738.4,41.0,6,9
1783015222.143,1114.961,299.5,79.14,100,48,90,20707.3,5.8,296.3,79.15,100,56,86,3.4,13736.6,285.4,79.15,100,38,89,17702.3,4714.6,276.7,79.14,100,44,87,2.6,5.0,41.0,6,9
1783015222.586,1115.404,299.3,79.14,100,45,89,16173.9,14641.0,293.6,79.15,100,42,86,6909.8,5.8,279.9,79.15,100,36,89,2.2,21902.6,273.0,79.14,100,38,87,13887.0,17195.1,43.0,6,8
1783015223.030,1115.848,298.6,79.14,100,45,90,1.9,4.2,285.5,79.15,98,43,86,1.8,8402.8,277.6,79.15,98,15,91,16080.1,11696.7,264.9,79.14,100,9,86,2.9,4.0,43.0,6,8
1783015223.473,1116.290,294.8,79.14,100,50,90,14341.9,12703.8,286.6,79.15,100,62,86,10598.1,4.5,279.1,79.15,100,41,88,2.3,4.6,272.8,79.14,100,56,87,20801.5,17216.5,43.0,6,8
1783015223.916,1116.734,295.1,79.14,100,49,90,4.3,6.5,294.7,79.15,100,60,86,20246.4,17110.0,284.2,79.15,100,40,90,2.1,4.9,286.2,79.14,100,56,87,2.7,14013.8,43.0,6,8
1783015224.360,1117.178,300.8,79.14,100,53,90,1.9,4.5,299.2,79.15,100,46,85,17601.8,13113.4,293.0,79.15,100,36,89,6360.2,5.8,278.0,79.14,100,39,85,4.0,17253.6,43.0,6,8
1783015224.803,1117.621,297.9,79.14,100,46,90,16450.6,13669.5,292.2,79.15,100,46,86,4.9,5.9,286.0,79.15,100,35,88,20758.7,17204.5,274.6,79.14,100,36,85,2.9,6.0,43.0,6,8
1783015225.249,1118.067,295.8,79.14,99,39,90,4.4,17115.4,287.1,79.15,100,43,86,20702.7,5.2,279.0,79.15,100,37,89,2.4,1789.3,270.3,79.14,100,40,85,17301.4,17191.8,43.0,6,8
1783015225.692,1118.510,295.8,79.14,99,39,90,20709.1,17112.2,287.1,79.15,100,43,86,6.0,8.0,279.0,79.15,100,37,89,1084.1,16739.8,270.3,79.14,100,40,85,20754.5,4.9,43.0,6,8
1783015226.141,1118.959,299.9,79.14,100,56,90,15999.0,5709.1,289.2,79.15,100,52,86,3.5,5.2,280.3,79.15,100,38,89,17292.8,13097.2,271.3,79.14,100,39,86,6962.0,4.8,43.0,6,8
1783015226.583,1119.401,300.4,79.14,100,47,90,15682.5,9660.9,295.1,79.15,100,44,86,3.3,4.7,282.2,79.15,100,37,88,1072.0,16753.5,276.0,79.14,100,48,87,20748.0,7.6,43.0,6,8
1783015227.027,1119.845,301.6,79.14,100,55,90,20710.3,17111.4,293.7,79.15,100,47,85,1.7,4.5,285.3,79.15,100,39,89,3.4,12338.4,276.0,79.14,100,41,86,15418.7,7981.4,43.0,6,8
1783015227.484,1120.302,299.6,79.14,100,48,89,15638.4,10188.6,294.0,79.15,100,48,86,3.5,4.7,288.1,79.15,100,47,90,5478.7,13388.5,275.8,79.14,99,39,86,18541.9,4.6,43.0,6,8
1783015227.927,1120.745,299.7,79.14,99,53,90,15892.0,12787.2,296.1,79.15,99,57,86,3.0,6.6,285.2,79.15,99,38,89,8247.5,13040.7,276.6,79.14,100,42,87,16043.0,7.4,43.0,6,8
1783015228.376,1121.194,299.5,79.14,100,45,91,2.9,5.7,293.1,79.15,100,45,86,13818.8,13428.5,283.1,79.15,100,37,88,9727.5,5.8,274.2,79.14,99,40,87,3.7,17243.3,43.0,6,8
1783015228.819,1121.637,296.5,79.14,100,44,90,16075.7,4336.6,291.1,79.15,100,38,86,3.8,5.7,278.4,79.15,100,33,89,19689.7,17188.9,269.9,79.14,100,33,86,3.7,11.5,46.0,7,8
1783015229.276,1122.094,288.1,79.14,100,21,89,20705.9,4.9,276.8,79.15,100,40,86,2.7,4.5,272.3,79.15,100,54,89,5514.6,14452.4,259.7,79.14,100,46,86,17426.0,5.3,46.0,7,8
1783015229.718,1122.536,291.4,79.14,100,52,89,9.2,11495.5,286.2,79.15,100,48,86,20544.9,2649.2,272.3,79.15,100,54,89,8.6,4.5,259.7,79.14,100,46,86,1106.2,16750.7,46.0,7,8
1783015230.167,1122.985,291.4,79.14,100,52,89,2.5,5.5,286.2,79.15,100,48,86,5203.2,14362.6,280.1,79.15,100,52,90,17575.1,4.9,272.9,79.14,100,43,86,3.6,516.6,46.0,7,8
1783015230.610,1123.428,304.2,79.14,100,50,90,9.0,4.6,300.8,79.15,100,61,86,501.5,17110.8,290.2,79.15,100,41,88,20750.7,6.2,285.8,79.14,100,50,87,6.5,15527.4,46.0,7,8
1783015231.055,1123.873,298.8,79.14,100,55,90,20029.0,17107.8,294.3,79.15,100,45,86,2.2,6.0,291.3,79.15,100,35,89,20487.7,14724.8,276.6,79.14,100,39,86,1823.5,6.5,46.0,7,8
1783015231.497,1124.315,295.0,79.14,100,43,89,2.5,17108.7,287.6,79.15,100,45,86,20270.9,228.7,282.4,79.15,100,34,89,3.4,4.7,269.3,79.14,100,36,86,20644.1,17200.6,46.0,7,8
1783015231.940,1124.757,297.0,79.14,100,46,89,20713.3,17108.4,288.8,79.15,100,45,86,8.1,5.7,274.5,79.15,100,37,88,1.8,17234.3,269.0,79.14,100,41,86,20746.7,4.8,46.0,7,8
1783015232.387,1125.204,301.4,79.14,100,48,90,17214.9,8936.4,289.0,79.15,100,45,85,2.3,5.1,282.2,79.15,100,40,89,7616.8,14769.7,270.6,79.14,100,43,86,14439.2,4.9,46.0,7,8
1783015232.829,1125.647,302.3,79.14,100,49,90,17344.2,11410.2,293.2,79.15,100,57,86,2.7,4.6,285.6,79.15,100,40,88,1076.9,16751.1,275.5,79.14,100,51,87,20750.3,7.1,46.0,7,8
1783015233.272,1126.090,301.8,79.14,100,51,90,20708.5,17111.2,295.5,79.15,100,48,85,1.9,4.5,287.5,79.15,100,47,89,1.9,10608.4,277.9,79.14,100,43,85,17507.4,8132.2,46.0,7,8
1783015233.713,1126.531,298.9,79.14,100,47,90,17830.9,14149.3,296.3,79.15,100,54,86,5159.5,9.6,287.5,79.15,100,47,89,8.2,9649.1,277.9,79.14,100,43,85,17188.1,9381.0,46.0,7,8
1783015234.157,1126.975,298.9,79.14,100,47,90,13968.1,14559.4,296.3,79.15,100,54,86,8538.7,9.3,285.5,79.15,100,38,89,2.4,2710.0,278.9,79.14,100,45,87,17513.8,16007.7,46.0,7,8
1783015234.599,1127.417,300.9,79.14,100,55,90,17742.4,8559.0,293.9,79.15,100,47,86,3.0,5.7,286.1,79.15,100,44,89,20764.7,17198.0,276.1,79.14,100,41,86,3.1,11.1,46.0,7,8
1783015235.043,1127.861,299.5,79.14,100,41,90,8.2,15407.2,290.5,79.15,100,43,85,20002.3,5.6,285.5,79.15,100,36,89,4.7,12585.0,271.5,79.14,100,39,86,17567.0,5971.9,49.0,7,7
1783015235.489,1128.307,297.9,79.14,100,45,91,2.8,4.3,289.0,79.15,100,48,85,494.8,16902.4,277.9,79.15,98,34,89,20751.3,4.7,266.1,79.14,98,13,86,2.8,4.5,49.0,7,7
1783015235.936,1128.754,293.2,79.14,100,60,90,18149.2,2026.0,284.6,79.15,100,48,86,5.9,4.2,278.5,79.15,99,47,89,500.0,16786.3,268.8,79.14,100,44,85,20749.2,5.1,49.0,7,7
1783015236.381,1129.199,296.3,79.14,100,56,90,3019.7,14578.4,291.5,79.15,100,47,85,20706.2,4.4,285.4,79.15,99,46,89,1.8,4.4,280.3,79.14,100,43,86,10505.0,12834.3,49.0,7,7
1783015236.825,1129.643,299.3,79.14,100,49,91,3.5,11749.4,300.8,79.15,100,45,86,15872.0,8554.2,291.0,79.15,100,44,89,2.5,4.8,285.2,79.14,100,39,86,4039.6,13856.1,49.0,7,7
1783015237.270,1130.088,298.1,79.14,100,43,90,16133.0,10671.5,294.3,79.15,100,46,85,2.1,5.6,285.8,79.15,99,36,89,20761.6,17187.7,276.7,79.14,100,37,86,3.9,6.0,49.0,7,7
1783015237.713,1130.531,296.8,79.14,100,44,90,6.0,17118.3,287.3,79.15,99,43,86,20706.1,10.7,285.8,79.15,99,36,89,5.3,8431.3,276.7,79.14,100,37,86,16071.7,11472.5,49.0,7,7
1783015238.159,1130.977,296.8,79.14,100,44,90,20704.7,4.6,287.3,79.15,99,43,86,2.8,5.5,279.0,79.15,100,31,88,18905.4,12903.6,268.3,79.14,99,38,86,5851.0,4.7,49.0,7,7
1783015238.601,1131.419,297.5,79.14,100,45,90,18167.5,4.5,288.6,79.15,100,47,86,3.0,5.1,277.3,79.15,100,46,89,20765.9,17198.4,270.1,79.14,100,40,86,5.2,8.2,49.0,7,7
1783015239.513,1132.331,301.4,79.14,99,48,91,2.8,4.6,294.3,79.15,100,47,86,3.5,9000.4,284.5,79.15,99,46,89,15943.4,10745.6,276.4,79.14,100,41,86,1.9,4.6,49.0,7,7
1783015239.957,1132.775,299.7,79.14,100,50,90,7147.9,7.3,296.4,79.15,100,57,86,1.9,3740.6,285.5,79.15,99,39,88,16078.9,16001.1,279.4,79.14,100,48,87,2.4,10.7,49.0,7,7
1783015240.403,1133.221,299.3,79.14,100,48,89,5164.6,4.6,293.1,79.15,100,48,86,2.4,7298.5,286.9,79.15,100,47,90,16148.5,12526.1,276.2,79.14,100,40,86,3.1,4.9,49.0,7,7
1783015240.847,1133.664,299.3,79.14,100,46,90,3.0,5.4,293.3,79.15,100,49,86,20710.2,15960.9,284.1,79.15,100,37,89,47.8,6.1,274.4,79.14,100,39,85,8932.8,13183.0,49.0,7,7
1783015241.293,1134.111,300.4,79.14,100,44,90,20706.0,5.7,288.5,79.15,100,47,85,2.2,11447.2,281.5,79.15,100,33,89,16208.0,7882.9,268.9,79.14,100,35,85,2.1,5.3,49.0,7,7
1783015241.737,1134.554,289.6,79.14,100,11,90,2831.8,13.2,277.4,79.15,100,13,85,7.9,13131.9,267.7,79.15,100,30,88,17255.5,5465.8,261.9,79.14,100,55,87,2.6,4.4,52.0,8,7
1783015242.189,1135.007,289.6,79.14,100,11,90,16937.5,16346.9,277.4,79.15,100,13,85,2.7,5.0,267.7,79.15,100,30,88,1.9,5195.8,261.9,79.14,100,55,87,17183.0,14164.0,52.0,8,7
1783015242.631,1135.449,292.7,79.14,100,71,90,3.4,11436.2,285.6,79.15,100,51,85,16451.2,8380.4,277.3,79.15,100,41,89,2.5,7.6,270.0,79.14,100,46,86,1076.2,16792.9,52.0,8,7
1783015243.080,1135.898,300.2,79.14,99,57,90,2.0,124.1,293.4,79.15,100,47,85,19276.3,17106.2,291.4,79.15,100,49,89,8.4,4.8,285.1,79.14,100,44,87,3.8,17272.8,52.0,8,7
1783015243.525,1136.342,296.3,79.14,100,46,89,18879.4,17114.7,299.2,79.15,100,49,86,4.7,5.9,286.4,79.15,100,38,88,20761.8,15635.6,279.1,79.14,100,38,86,356.9,6.0,52.0,8,7
1783015243.966,1136.784,299.2,79.14,100,44,90,2.0,17114.7,291.9,79.15,100,40,86,20703.8,5.5,279.5,79.15,100,35,88,2.5,9630.0,270.7,79.14,100,39,86,17651.7,8938.3,52.0,8,7
1783015244.410,1137.228,298.4,79.14,99,46,90,20705.6,4.6,284.9,79.15,99,45,85,1.9,4.6,278.9,79.15,99,38,89,18477.2,14268.6,265.5,79.14,100,40,86,4227.8,4.7,52.0,8,7
1783015244.854,1137.672,298.9,79.14,99,46,90,14537.5,4.6,289.8,79.15,99,50,86,1.9,4.0,279.5,79.15,100,37,89,20770.6,17197.1,271.4,79.14,100,42,86,8.2,4.9,52.0,8,7
1783015245.296,1138.114,299.9,79.14,100,51,90,17830.8,4.5,292.7,79.15,100,49,85,1.9,4.4,286.5,79.15,100,46,89,20777.0,15762.7,277.0,79.14,99,42,85,379.4,4.7,52.0,8,7
1783015245.738,1138.556,301.0,79.14,100,48,90,20710.0,7.2,295.4,79.15,100,55,86,8.3,7.2,286.5,79.15,100,38,89,18612.7,13942.8,279.9,79.14,100,49,87,4446.8,4.7,52.0,8,7
1783015246.188,1139.005,301.0,79.14,100,48,90,17233.2,5707.2,295.4,79.15,100,55,86,4.2,4.6,286.5,79.15,100,38,89,3662.6,14756.7,279.9,79.14,100,49,87,18631.0,4.8,52.0,8,7
1783015246.630,1139.448,300.7,79.14,100,51,90,17775.8,11933.7,293.9,79.15,100,46,86,3.5,4.8,287.0,79.15,99,39,89,1076.3,16740.2,276.2,79.14,100,41,86,20762.5,7.3,52.0,8,7
1783015247.073,1139.891,299.3,79.14,100,48,89,20383.5,102.9,294.0,79.15,99,49,86,2.0,5.1,287.0,79.15,99,39,88,20760.7,16574.0,277.1,79.14,100,49,87,5.2,11.8,52.0,8,7
1783015247.522,1140.340,298.8,79.14,100,49,90,844.6,16489.6,294.1,79.15,100,46,85,20704.5,5.7,283.6,79.15,100,33,89,2.0,13521.1,276.4,79.14,99,38,86,18017.6,4569.8,52.0,8,7
1783015247.964,1140.782,296.8,79.14,100,45,91,6897.0,16843.4,288.1,79.15,100,46,86,16120.3,12027.4,279.4,79.15,100,38,88,2.7,4.5,268.8,79.14,98,36,86,1.8,17263.1,55.0,8,6
1783015248.414,1141.232,293.4,79.14,100,50,89,2.2,3.9,285.2,79.15,100,52,86,1.7,5809.2,275.8,79.15,99,45,89,15249.3,14798.5,268.5,79.14,99,49,87,3.9,4.3,55.0,8,6
1783015248.858,1141.676,296.4,79.14,100,49,90,15566.5,14796.5,291.7,79.15,99,55,86,1.8,4.2,284.5,79.15,99,41,88,2.0,17285.1,275.9,79.14,99,50,87,20753.1,4.6,55.0,8,6
1783015249.307,1142.125,302.0,79.14,100,52,90,13039.1,12776.0,299.7,79.15,99,58,86,11866.1,4.8,291.9,79.15,100,39,88,1.9,2032.2,281.8,79.14,99,47,87,16817.1,17188.9,55.0,8,6
1783015249.749,1142.567,296.9,79.14,100,45,90,16099.3,4283.8,293.7,79.15,99,45,86,2.2,7.3,287.8,79.15,100,34,89,20762.5,17187.7,276.7,79.14,100,39,87,2.2,6.1,55.0,8,6
1783015250.194,1143.011,296.9,79.14,100,45,90,2.9,17118.7,293.7,79.15,99,45,86,19120.5,5.7,287.8,79.15,100,34,89,2.2,17203.5,276.7,79.14,100,39,87,19426.9,1043.3,55.0,8,6
1783015250.639,1143.457,295.7,79.14,99,45,89,17332.4,5.4,290.3,79.15,99,42,86,3.7,10847.8,278.9,79.15,100,34,89,22792.7,3532.4,269.4,79.14,100,32,86,14.1,7.0,55.0,8,6
1783015251.086,1143.904,299.0,79.14,99,44,90,2.0,5.2,287.5,79.15,100,44,86,577.7,16655.7,277.2,79.15,100,38,89,20750.4,4.6,268.6,79.14,99,49,87,3.6,4.6,55.0,8,6
1783015251.529,1144.347,298.8,79.14,100,44,89,2.6,4.7,288.3,79.15,100,47,86,491.7,17133.5,285.1,79.15,100,48,89,20750.1,4.7,273.5,79.14,99,40,86,2.6,4.6,55.0,8,6
1783015251.972,1144.790,301.6,79.14,100,48,90,3885.2,4.7,292.5,79.15,100,57,86,1.9,10658.7,286.0,79.15,100,39,88,15962.7,9296.2,276.1,79.14,99,50,87,3.4,4.6,55.0,8,6
1783015252.418,1145.236,302.6,79.14,100,53,90,20185.3,4.9,294.3,79.15,100,48,85,2.0,29.7,288.7,79.15,100,46,89,19693.9,17201.0,277.2,79.14,100,41,86,2.7,4.5,55.0,8,6
1783015252.859,1145.677,299.0,79.14,100,47,90,20704.2,4.5,295.5,79.15,100,54,86,2.8,4.8,285.1,79.15,100,38,89,20779.1,17194.4,279.7,79.14,100,50,87,4.6,4.7,55.0,8,6
1783015253.311,1146.128,300.7,79.14,100,54,90,1279.5,5.5,292.9,79.15,100,47,86,1152.0,16122.3,284.9,79.15,100,38,89,20746.5,5.5,275.2,79.14,100,40,85,3.0,5775.0,55.0,8,6
1783015253.758,1146.575,298.4,79.14,100,40,90,20711.8,17110.3,288.6,79.15,100,44,85,6.8,6.1,284.5,79.15,100,34,89,18794.3,13270.0,269.0,79.14,100,35,86,5153.7,6.0,55.0,8,6
1783015254.204,1147.022,298.4,79.14,100,40,90,16744.1,16974.2,288.6,79.15,100,44,85,17133.0,17503.3,284.5,79.15,100,34,89,19298.5,10507.8,269.0,79.14,100,35,86,9.4,4.7,58.0,9,6
1783015254.650,1147.468,293.3,79.14,98,34,89,18709.3,14222.7,282.2,79.15,98,17,86,1.8,6.9,270.0,79.15,100,9,90,7.0,14308.5,257.4,79.14,99,25,86,16592.8,5020.3,58.0,9,6
1783015255.098,1147.916,290.2,79.14,100,51,89,1.8,8630.2,284.4,79.15,100,50,86,17422.2,10455.4,278.5,79.15,100,60,90,2.5,4.1,268.6,79.14,100,45,85,3.5,15982.3,58.0,9,6
1783015255.540,1148.358,293.4,79.14,100,50,90,3.6,5.0,291.1,79.15,100,49,86,4113.1,14783.3,293.2,79.15,100,54,90,17957.7,4.7,283.5,79.14,100,44,86,2.5,7.3,58.0,9,6
1783015255.983,1148.801,300.3,79.14,100,47,90,5.2,11947.1,299.0,79.15,100,51,86,17958.1,6724.4,287.5,79.15,100,38,88,2.9,5.5,280.9,79.14,100,48,87,20775.1,17191.0,58.0,9,6
1783015256.424,1149.242,299.0,79.14,100,44,90,5492.7,5.6,291.6,79.15,99,40,86,491.3,17107.8,285.1,79.15,100,34,88,20746.9,6.8,270.0,79.14,100,36,85,2.9,17218.6,58.0,9,6
1783015256.867,1149.685,295.8,79.14,99,43,90,8595.8,14761.0,285.8,79.15,100,45,86,13947.2,5.4,279.4,79.15,100,38,89,2.1,15669.0,267.8,79.14,99,41,85,18929.6,1634.0,58.0,9,6
1783015257.310,1150.128,299.4,79.14,100,46,90,20709.4,17111.1,288.2,79.15,100,51,86,3.0,10.7,280.0,79.15,100,38,89,5827.9,15040.4,271.6,79.14,100,44,86,16331.8,4.7,58.0,9,6
1783015257.754,1150.572,300.4,79.14,100,48,89,20713.4,5.2,294.8,79.15,99,50,86,6.0,5.5,283.7,79.15,100,43,89,14041.6,14607.5,277.1,79.14,100,46,86,8157.5,4.7,58.0,9,6
1783015258.197,1151.015,300.4,79.14,100,48,89,17816.1,11481.8,294.8,79.15,99,50,86,2.9,4.9,283.7,79.15,100,43,89,1080.4,16728.5,277.1,79.14,100,46,86,20748.8,5.1,58.0,9,6
1783015258.639,1151.457,301.2,79.14,100,56,90,19605.4,17108.1,294.7,79.15,100,50,85,3.5,5.1,286.5,79.15,100,38,89,1759.2,15777.0,274.7,79.14,100,40,85,20156.8,7.7,58.0,9,6
1783015259.087,1151.905,299.8,79.14,100,48,90,17420.7,5460.4,294.4,79.15,100,45,86,3.0,4.6,287.5,79.15,100,41,89,6870.5,14342.0,275.4,79.14,100,40,86,15638.5,4.8,58.0,9,6
1783015259.528,1152.346,300.2,79.14,100,53,90,20706.9,4.9,294.8,79.15,99,47,85,4.5,10.7,285.1,79.15,100,38,89,19699.2,17191.8,275.3,79.14,99,40,85,2.9,5.5,58.0,9,6
1783015259.970,1152.788,299.7,79.14,100,47,90,5.7,17117.1,292.3,79.15,100,46,86,20702.7,6.4,282.3,79.15,99,37,88,2.8,8686.1,270.9,79.14,100,36,86,18018.0,9547.1,58.0,9,6
1783015260.413,1153.231,297.8,79.14,100,38,90,20707.9,17106.1,286.6,79.15,100,42,85,2493.9,17246.0,278.1,79.15,100,35,89,16695.2,12416.5,269.0,79.14,100,38,85,21978.4,13346.7,61.0,9,5
1783015260.857,1153.675,292.4,79.14,100,63,91,3.8,3.8,279.3,79.15,100,50,86,7562.4,12907.0,276.7,79.15,100,48,90,16625.8,7.2,265.6,79.14,100,45,87,5.0,4.1,61.0,9,5
1783015261.300,1154.118,294.5,79.14,100,59,90,15728.8,4040.8,289.0,79.15,100,48,85,1.8,4.6,284.6,79.15,100,48,89,1095.7,16726.7,275.3,79.14,100,43,87,18639.3,4.6,61.0,9,5
1783015261.747,1154.565,302.6,79.14,99,48,89,9818.1,12599.8,301.7,79.15,100,48,86,15046.7,6.3,293.7,79.15,100,46,90,3.6,515.3,285.3,79.14,99,40,86,19697.4,17195.8,61.0,9,5
1783015262.192,1155.010,302.6,79.14,99,48,89,20709.7,14796.0,301.7,79.15,100,48,86,1913.2,5.8,293.7,79.15,100,46,90,2381.0,15315.9,285.3,79.14,99,40,86,20746.8,5.6,61.0,9,5
1783015262.634,1155.452,300.5,79.14,99,46,90,2.9,5.0,295.9,79.15,100,44,86,20219.6,17105.3,285.8,79.15,100,36,89,2.5,8.6,276.7,79.14,99,38,85,16677.8,12932.5,61.0,9,5
1783015263.080,1155.898,297.8,79.14,99,45,90,20705.9,5.3,287.5,79.15,100,45,86,1.9,4.8,279.0,79.15,100,36,89,20765.1,14329.5,268.4,79.14,99,36,85,1819.8,5.5,61.0,9,5
1783015263.523,1156.341,295.9,79.14,99,49,90,14941.1,4.5,285.0,79.15,99,44,86,2.0,10.1,278.4,79.15,99,37,89,19699.2,17194.4,269.3,79.14,99,42,85,2.1,5.4,61.0,9,5
1783015263.966,1156.784,299.6,79.14,100,45,90,1.9,7.4,291.4,79.15,100,45,86,1.9,16883.3,279.5,79.15,99,38,88,17063.5,3112.6,273.4,79.14,100,51,87,2.6,4.8,61.0,9,5
1783015264.409,1157.227,300.0,79.14,100,47,89,6956.9,10.0,294.7,79.15,100,48,86,8.8,2635.4,284.9,79.15,100,46,90,16673.6,16720.4,276.5,79.14,100,40,86,2.8,4.9,61.0,9,5
1783015264.851,1157.669,300.2,79.14,100,47,90,18255.7,4.4,294.6,79.15,100,53,86,3.3,4.4,285.3,79.15,100,39,89,20780.2,15643.0,276.9,79.14,100,50,87,378.4,5.3,61.0,9,5
1783015265.293,1158.111,300.4,79.14,100,46,90,15039.0,4.6,292.3,79.15,100,45,85,1.9,3.9,284.1,79.15,99,42,89,20283.3,17199.5,274.3,79.14,100,41,86,4.5,4.9,61.0,9,5
1783015265.735,1158.553,299.8,79.14,100,46,90,10725.8,13.2,291.8,79.15,100,51,86,9.6,17123.3,284.1,79.15,99,42,89,20748.7,5.8,274.3,79.14,100,41,86,9.5,1463.9,61.0,9,5
1783015266.186,1159.004,299.8,79.14,100,46,90,18870.2,13509.4,291.8,79.15,100,51,86,5219.8,5.9,283.8,79.15,100,38,88,1070.5,16488.4,273.4,79.14,100,40,86,20748.9,5.9,61.0,9,5
1783015266.627,1159.445,300.7,79.14,100,42,90,2.2,6618.3,290.5,79.15,100,39,86,27864.8,14324.5,280.5,79.15,100,35,89,26176.2,13950.0,270.3,79.14,100,38,86,24518.6,17188.6,64.0,10,5
1783015267.080,1159.898,294.3,79.14,98,39,90,2.8,3.8,282.2,79.15,98,30,84,1.7,3.4,271.4,79.15,98,10,90,20299.2,17197.0,257.1,79.14,100,11,86,2.3,4.3,64.0,10,5
1783015267.522,1160.340,289.8,79.14,100,59,90,14739.2,14443.4,280.4,79.15,100,49,85,8114.4,4.5,276.0,79.15,100,49,89,1.9,509.9,266.3,79.14,100,45,85,19705.3,17198.3,64.0,10,5
1783015267.967,1160.785,292.8,79.14,100,50,89,2.8,8686.8,293.7,79.15,100,49,86,17373.8,10356.2,284.6,79.15,100,54,90,3.6,4.7,280.1,79.14,100,45,85,1086.1,16760.3,64.0,10,5
1783015268.411,1161.229,299.0,79.14,100,46,90,2.1,17117.4,300.0,79.15,100,52,86,20703.3,5.7,287.0,79.15,100,38,88,9.0,9834.3,284.0,79.14,100,46,86,17775.2,8599.8,64.0,10,5
1783015268.854,1161.672,298.5,79.14,100,46,89,3.8,6.3,294.0,79.15,100,43,86,12128.3,14940.1,279.7,79.15,100,35,90,9698.9,8.6,272.9,79.14,100,32,86,8.1,17243.2,64.0,10,5
1783015269.296,1162.114,298.3,79.14,100,45,90,18003.1,12756.4,285.2,79.15,100,43,85,1.9,5.0,279.1,79.15,100,38,89,5216.5,15032.5,264.8,79.14,100,41,86,16916.4,10.4,64.0,10,5
1783015269.738,1162.556,299.7,79.14,100,47,90,20705.4,9.5,288.6,79.15,100,52,86,10.4,5137.6,279.6,79.15,100,38,90,17802.7,12887.8,271.3,79.14,100,45,86,2.0,5.7,64.0,10,5
1783015270.191,1163.008,299.7,79.14,100,47,90,2.1,4.7,288.6,79.15,100,52,86,2.5,12859.4,279.6,79.15,100,38,90,17425.0,5886.8,271.3,79.14,100,45,86,2.7,4.7,64.0,10,5
1783015270.631,1163.449,299.3,79.14,100,45,90,12586.6,4.5,292.1,79.15,100,48,85,1.9,5.5,285.1,79.15,100,45,90,19712.0,17207.7,276.4,79.14,100,42,86,8.6,9.5,64.0,10,5
1783015271.079,1163.897,301.4,79.14,100,49,90,19053.5,4.5,295.3,79.15,100,56,86,1.8,4.4,285.6,79.15,100,39,89,20781.7,16243.1,277.9,79.14,100,46,87,10.6,4.8,64.0,10,5
1783015271.521,1164.338,301.7,79.14,100,58,90,20705.6,4.6,294.6,79.15,100,47,86,8.4,4.1,286.2,79.15,100,40,89,20777.2,17199.7,276.7,79.14,100,40,85,2.7,4.9,64.0,10,5
1783015271.967,1164.785,299.0,79.14,100,47,90,20706.6,4.6,294.1,79.15,100,54,86,1.9,15.8,284.7,79.15,100,38,89,19700.3,17198.5,278.1,79.14,100,46,86,2.8,5.4,64.0,10,5
1783015272.412,1165.230,298.4,79.14,100,46,90,2.1,5803.1,293.0,79.15,100,46,86,18150.5,12549.7,282.7,79.15,100,39,89,2.5,5.9,274.7,79.14,100,38,86,20771.3,17214.4,64.0,10,5
1783015272.857,1165.674,297.0,79.14,100,43,90,12309.5,5.7,288.7,79.15,99,43,86,3.4,17160.2,279.7,79.15,100,35,88,20749.4,10986.2,268.7,79.14,100,40,86,20897.7,4943.3,67.0,10,4
1783015273.300,1166.118,293.8,79.14,100,46,90,2.1,4309.9,284.5,79.15,100,62,86,16058.4,14584.8,273.4,79.15,100,43,90,2.8,4.2,267.6,79.14,100,55,87,3.5,4694.3,67.0,10,4
1783015273.744,1166.562,297.0,79.14,100,50,90,5509.5,7.2,291.3,79.15,100,63,86,3.6,46.9,283.7,79.15,100,41,89,19697.6,17201.7,276.2,79.14,100,55,87,1.9,4.5,67.0,10,4
1783015274.192,1167.010,297.0,79.14,100,50,90,20708.8,17108.3,291.3,79.15,100,63,86,2.9,4.7,283.7,79.15,100,41,89,2.4,16013.7,276.2,79.14,100,55,87,15959.6,2617.5,67.0,10,4
1783015274.635,1167.453,302.7,79.14,100,62,90,20709.1,14432.5,299.4,79.15,100,52,85,2297.0,5.8,295.6,79.15,100,41,89,1071.3,16742.5,281.8,79.14,100,44,86,20750.4,10.6,67.0,10,4
1783015275.081,1167.899,296.8,79.14,100,46,90,2.2,5.2,294.8,79.15,100,45,86,19808.6,17104.8,288.6,79.15,100,35,89,2.1,5.7,279.6,79.14,100,37,86,14083.1,13778.1,67.0,10,4
1783015275.524,1168.342,295.2,79.14,100,44,89,20706.4,5.2,290.8,79.15,100,43,86,2.1,2574.7,278.9,79.15,100,36,90,17608.5,15053.8,272.3,79.14,100,36,87,2.9,4.8,67.0,10,4
1783015275.967,1168.785,298.8,79.14,100,45,90,3.5,7.6,287.4,79.15,100,48,86,1.9,17125.7,277.2,79.15,100,37,88,20752.5,5.4,267.3,79.14,100,40,86,1.9,4.9,67.0,10,4
1783015276.411,1169.228,298.9,79.14,100,45,89,3.5,4.9,288.7,79.15,100,43,86,4075.9,13743.4,281.9,79.15,100,39,89,19399.2,4.9,273.8,79.14,100,44,86,4.3,4.2,67.0,10,4
1783015276.854,1169.672,302.1,79.14,100,54,90,4.1,4.6,293.1,79.15,100,52,86,3.5,17138.1,285.8,79.15,100,39,89,19492.8,1096.4,276.2,79.14,100,43,86,12.6,4.8,67.0,10,4
1783015277.297,1170.114,300.3,79.14,100,47,89,1584.2,4.5,293.7,79.15,100,46,86,2.7,4801.8,287.5,79.15,100,45,89,15935.6,15277.7,276.5,79.14,100,41,86,2.2,4.6,67.0,10,4
1783015277.739,1170.557,299.1,79.14,100,46,90,8257.9,11.1,294.7,79.15,100,53,86,6.8,11486.1,287.5,79.15,100,45,89,15781.1,8601.0,276.5,79.14,100,41,86,3.2,4.8,67.0,10,4
1783015278.184,1171.002,299.1,79.14,100,46,90,2682.5,4.7,294.7,79.15,100,53,86,2.7,9027.1,284.8,79.15,100,38,88,15833.3,10749.9,276.1,79.14,100,46,87,2.9,5.6,67.0,10,4
1783015278.632,1171.450,299.9,79.14,100,47,89,8.4,17117.1,293.3,79.15,100,47,86,20703.2,5.8,286.5,79.15,100,43,90,2.2,13572.0,275.3,79.14,100,40,86,16107.7,3720.0,67.0,10,4
1783015279.079,1171.896,297.9,79.14,100,39,90,2.3,5.6,291.1,79.15,100,42,85,20393.7,12951.9,282.4,79.15,100,31,89,3549.0,6.0,273.5,79.14,100,39,86,4454.8,23738.8,70.0,11,4
1783015279.521,1172.339,297.8,79.14,100,45,90,1.9,4.4,287.4,79.15,100,43,86,2.7,8282.0,273.9,79.15,98,28,88,17281.6,10507.2,260.5,79.14,100,10,86,2.3,4.6,70.0,11,4
1783015279.965,1172.783,290.7,79.14,100,51,90,19909.2,14868.8,284.0,79.15,100,66,86,1739.9,4.5,272.7,79.15,99,42,89,3.6,543.2,267.5,79.14,100,60,87,19696.7,17193.9,70.0,11,4
1783015280.411,1173.229,293.8,79.14,100,50,90,1.8,1171.4,289.6,79.15,100,59,86,18101.0,17106.6,284.5,79.15,100,41,88,3.8,5.0,276.1,79.14,100,57,87,3.4,17217.8,70.0,11,4
1783015280.855,1173.673,299.9,79.14,100,54,90,4.0,3761.9,298.2,79.15,100,45,86,17900.4,14988.8,292.9,79.15,100,38,89,2.0,14.5,277.4,79.14,99,40,86,17450.4,14651.1,70.0,11,4
1783015281.298,1174.116,298.9,79.14,100,45,90,20198.6,5.9,291.0,79.15,100,47,85,2.2,17111.3,285.7,79.15,100,35,89,20518.8,351.4,271.2,79.14,100,36,85,2.1,2980.1,70.0,11,4
1783015281.741,1174.559,294.4,79.14,100,41,89,20710.4,17108.4,286.9,79.15,99,43,85,8.8,8.2,285.7,79.15,100,35,89,5686.3,14707.0,268.5,79.14,99,41,86,15870.8,5.1,70.0,11,4
1783015282.188,1175.005,294.4,79.14,100,41,89,11488.1,4.8,286.9,79.15,99,43,85,2.8,3533.7,275.8,79.15,99,35,89,17917.6,14800.0,268.5,79.14,99,41,86,1.9,4.9,70.0,11,4
1783015282.629,1175.447,296.5,79.14,100,50,90,2.0,4.7,287.2,79.15,99,48,85,2.1,17152.3,279.7,79.15,99,43,89,20746.4,9.9,269.5,79.14,100,40,86,8.4,9.7,70.0,11,4
1783015283.081,1175.899,302.8,79.14,100,45,90,3.3,4.4,290.9,79.15,99,49,86,490.0,17133.2,283.2,79.15,99,38,89,20751.9,4.6,273.3,79.14,100,45,87,2.5,4.7,70.0,11,4
1783015283.524,1176.342,301.4,79.14,100,48,89,1.9,4.3,294.1,79.15,99,49,86,2.4,17149.0,285.1,79.15,100,47,90,20748.3,5.2,276.8,79.14,100,41,86,2.7,4.7,70.0,11,4
1783015283.969,1176.787,301.0,79.14,100,49,90,7.1,4.8,295.1,79.15,100,57,86,3366.2,14708.7,286.3,79.15,100,38,88,18701.7,4.6,279.4,79.14,100,44,87,2.5,4.1,70.0,11,4
1783015284.421,1177.239,299.6,79.14,100,49,89,3.0,4.4,294.3,79.15,100,47,86,15588.1,14252.8,286.9,79.15,100,43,89,7004.1,9.9,277.1,79.14,100,42,86,3.9,10022.0,70.0,11,4
1783015284.870,1177.688,299.2,79.14,99,46,90,15686.7,14442.1,290.9,79.15,100,44,85,7207.7,5.8,284.8,79.15,99,38,89,5.5,17010.6,273.8,79.14,100,40,87,20748.8,5.5,70.0,11,4
1783015285.320,1178.138,298.5,79.14,100,38,90,2.1,7414.4,287.4,79.15,99,43,85,17700.6,11256.9,279.2,79.15,100,32,89,2.2,5.8,268.8,79.14,100,39,86,21357.2,16733.7,72.0,11,3
1783015285.762,1178.580,289.0,79.14,100,28,90,20712.1,10.6,282.4,79.15,100,52,86,2.0,6.1,272.3,79.15,100,54,90,15145.6,12913.7,266.6,79.14,100,45,86,9310.8,4.6,72.0,11,3
1783015286.218,1179.036,294.1,79.14,100,52,89,2.3,5857.9,290.2,79.15,100,47,86,15596.3,13105.3,272.3,79.15,100,54,90,1.9,4.6,266.6,79.14,100,45,86,3.5,15125.6,72.0,11,3
1783015286.662,1179.480,294.1,79.14,100,52,89,3.4,4.0,290.2,79.15,100,47,86,3.5,6630.6,282.0,79.15,100,55,90,16159.1,12910.4,275.7,79.14,100,43,86,6.1,8.0,72.0,11,3
1783015287.110,1179.928,300.5,79.14,100,50,89,7694.3,4.4,302.0,79.15,100,55,86,1.9,3125.1,297.2,79.15,100,45,89,16453.7,16480.7,285.5,79.14,99,45,87,3.8,5.8,72.0,11,3
1783015287.552,1180.370,299.9,79.14,100,54,90,2.5,17113.7,296.0,79.15,100,48,85,20704.4,6.0,288.9,79.15,100,36,89,2.7,13941.7,276.9,79.14,99,38,87,16232.1,5768.6,72.0,11,3
1783015287.993,1180.811,296.0,79.14,100,37,90,2.6,6.3,286.6,79.15,100,43,85,15841.1,13542.5,281.0,79.15,100,34,89,7540.4,5.2,267.9,79.14,99,38,86,2.0,16684.2,72.0,11,3
1783015288.436,1181.254,293.0,79.14,100,45,89,1.9,13419.0,287.1,79.15,100,45,86,15994.3,6793.5,276.8,79.15,100,41,89,2.9,5.7,268.5,79.14,100,39,86,12708.6,13187.1,72.0,11,3
1783015288.878,1181.696,301.1,79.14,100,52,90,2351.2,15175.4,289.7,79.15,100,45,85,20705.4,6.4,280.4,79.15,100,37,89,5.9,15405.2,270.3,79.14,100,40,86,16025.5,4482.7,72.0,11,3
1783015289.326,1182.144,302.4,79.14,100,46,90,20708.1,14973.4,294.8,79.15,100,52,86,1624.0,4.6,283.8,79.15,100,38,90,2.0,8645.4,276.1,79.14,100,49,87,15758.4,11464.4,72.0,11,3
1783015289.770,1182.587,299.0,79.14,100,52,90,19636.1,12636.6,292.9,79.15,100,45,86,4864.6,4.9,285.7,79.15,100,40,89,10.1,7307.0,276.0,79.14,100,40,86,15432.7,13064.8,72.0,11,3
1783015290.214,1183.032,299.6,79.14,100,45,90,20708.1,16821.8,293.4,79.15,100,51,86,3.0,4.9,285.7,79.15,100,40,89,1.9,17216.6,276.0,79.14,100,40,86,19592.9,1078.7,72.0,11,3
1783015290.658,1183.475,299.6,79.14,100,45,90,15965.4,12554.6,293.4,79.15,100,51,86,3.7,7.5,284.2,79.15,100,37,90,6895.4,13743.5,272.9,79.14,100,44,87,15468.8,7.6,72.0,11,3
1783015291.102,1183.920,298.7,79.14,100,46,89,3.2,5.8,292.5,79.15,100,46,85,20709.3,17104.0,283.1,79.15,100,41,89,3.2,6.1,274.6,79.14,100,40,86,12134.5,13546.4,72.0,11,3
1783015291.545,1184.363,296.8,79.14,100,41,89,14436.2,6.6,288.0,79.15,100,41,85,2.1,17114.3,281.5,79.15,100,29,89,20745.0,6.1,271.0,79.14,100,34,86,2.9,9423.1,75.0,12,3
1783015291.990,1184.808,295.6,79.14,100,43,90,16414.7,4.5,283.6,79.15,98,41,86,3.0,4.6,271.7,79.15,98,22,90,20775.6,15233.2,255.7,79.14,100,10,87,641.6,6.5,75.0,12,3
1783015292.437,1185.254,290.4,79.14,100,57,90,579.7,16539.7,280.2,79.15,100,64,86,20704.8,4.5,271.5,79.15,99,43,88,2.2,4.5,265.0,79.14,100,62,87,13666.3,14435.6,75.0,12,3
1783015292.880,1185.698,294.3,79.14,100,59,90,3.4,4.2,290.0,79.15,100,50,85,19706.6,17982.1,287.3,79.15,99,42,89,8.2,7.2,277.6,79.14,100,46,86,1.8,17290.0,75.0,12,3
1783015293.331,1186.149,297.6,79.14,99,47,89,2.3,4.1,300.1,79.15,99,46,85,20226.8,17109.1,293.6,79.15,100,42,89,2.2,5.7,279.3,79.14,100,41,86,9327.0,15007.5,75.0,12,3
1783015293.775,1186.593,296.8,79.14,99,45,90,20708.8,8.3,294.6,79.15,100,46,85,3.2,11698.2,284.9,79.15,100,32,89,18084.6,5918.9,274.3,79.14,100,36,86,2.1,11.2,75.0,12,3
1783015294.221,1187.039,296.5,79.14,100,43,90,20707.4,17074.9,288.1,79.15,100,45,86,2.6,5.2,284.9,79.15,100,32,89,2.0,17225.3,274.3,79.14,100,36,86,20746.8,5.3,75.0,12,3
1783015294.664,1187.482,296.5,79.14,100,43,90,20708.6,4.5,288.1,79.15,100,45,86,3.8,10.0,275.0,79.15,100,37,88,20778.6,17194.7,268.2,79.14,100,41,86,8.9,4.9,75.0,12,3
1783015295.108,1187.926,297.6,79.14,100,49,89,11030.3,4.7,288.9,79.15,100,48,86,2.0,4965.5,278.4,79.15,99,43,89,18055.9,13131.3,270.0,79.14,100,40,86,1.9,4.8,75.0,12,3
1783015295.549,1188.367,302.4,79.14,100,49,90,13422.0,5.5,290.2,79.15,100,45,85,3.7,4.6,285.1,79.15,100,40,89,19708.6,17198.4,272.6,79.14,100,43,85,1.9,4.8,75.0,12,3
1783015295.992,1188.810,301.2,79.14,100,48,90,20705.8,4.5,295.0,79.15,100,48,86,2.2,9.9,285.9,79.15,100,47,90,14493.7,14569.7,277.1,79.14,100,40,86,7864.5,4.6,75.0,12,3
1783015296.435,1189.253,300.4,79.14,100,51,90,19123.0,1273.3,296.7,79.15,100,58,86,2.8,4.8,286.5,79.15,100,38,89,15790.1,14608.0,278.9,79.14,100,42,87,6638.6,5.2,75.0,12,3
1783015296.878,1189.696,299.2,79.14,100,49,89,19166.3,1241.3,293.9,79.15,100,47,86,8.2,6.0,287.1,79.15,100,43,89,20741.9,16377.6,276.2,79.14,100,41,86,2.2,5.1,75.0,12,3
1783015297.330,1190.148,299.1,79.14,100,46,90,2.8,5.8,291.6,79.15,100,46,85,20711.5,15619.7,284.6,79.15,100,38,89,127.1,5.9,273.6,79.14,100,39,87,5286.2,15018.7,75.0,12,3
1783015297.774,1190.592,299.1,79.14,100,39,90,18947.5,8.2,288.1,79.15,100,44,85,2.1,13012.2,280.1,79.15,99,34,89,17860.9,5021.6,269.7,79.14,100,40,86,3.0,490.6,78.0,12,2
1783015298.222,1191.040,290.5,79.14,99,30,89,630.3,16486.2,283.9,79.15,100,51,86,20707.2,4.6,280.1,79.15,99,34,89,2.0,4.7,269.7,79.14,100,40,86,14475.7,12840.9,78.0,12,2
1783015298.666,1191.484,290.5,79.14,99,30,89,2.7,4.1,283.9,79.15,100,51,86,3.4,17178.2,273.8,79.15,100,49,90,20760.6,9.8,267.5,79.14,100,47,87,5.0,4.4,78.0,12,2
1783015299.118,1191.936,295.2,79.14,100,50,89,17261.8,4.2,291.4,79.15,100,57,86,1.9,4.3,281.8,79.15,100,43,88,13762.0,12871.9,275.2,79.14,100,50,87,10787.7,5.0,78.0,12,2
1783015299.560,1192.378,301.5,79.14,100,48,90,15878.5,7199.9,301.4,79.15,100,61,86,10.7,4.7,292.6,79.15,100,41,89,2535.3,15186.2,283.5,79.14,100,51,87,20748.2,6.9,78.0,12,2
1783015300.006,1192.824,299.1,79.14,100,52,90,2.2,5.2,293.9,79.15,100,44,85,20220.8,17105.0,290.5,79.15,100,35,89,3.0,6.1,276.5,79.14,100,39,86,17527.2,13197.2,78.0,12,2
1783015300.450,1193.268,294.9,79.14,100,42,89,20705.1,6.0,287.9,79.15,100,45,86,2.1,11466.2,281.8,79.15,100,35,89,15790.8,8475.6,270.5,79.14,100,36,86,2.8,5.3,78.0,12,2
1783015300.893,1193.711,296.8,79.14,100,45,89,1.8,4.6,288.2,79.15,100,45,86,18168.8,13088.4,275.9,79.15,100,37,88,967.4,6.9,268.9,79.14,100,40,86,2.0,11059.3,78.0,12,2
1783015301.339,1194.156,300.6,79.14,100,49,90,2.3,3.6,288.3,79.15,100,44,85,20219.1,17107.4,282.6,79.15,100,39,89,2.0,4.9,270.5,79.14,99,41,86,490.5,17272.4,78.0,12,2
1783015301.781,1194.599,302.1,79.14,100,47,90,5.6,136.6,293.0,79.15,100,54,86,19322.0,17109.4,285.1,79.15,100,39,88,3.5,4.5,275.1,79.14,100,50,87,1.9,15952.1,78.0,12,2
1783015302.227,1195.045,300.5,79.14,100,53,90,2.8,4.5,293.7,79.15,100,46,85,16639.1,12775.2,285.1,79.15,100,39,88,7733.8,4.7,275.1,79.14,100,50,87,4.5,529.7,78.0,12,2
1783015302.672,1195.490,300.5,79.14,100,53,90,2.3,4.7,293.7,79.15,100,46,85,12825.7,13433.5,286.0,79.15,100,43,89,6435.9,10.0,276.0,79.14,100,41,86,5.3,12123.2,78.0,12,2
1783015303.121,1195.939,298.9,79.14,100,45,90,1.8,4.8,295.0,79.15,100,52,86,20715.7,15811.9,284.3,79.15,100,38,89,80.2,4.9,277.3,79.14,100,45,87,3.6,10795.4,78.0,12,2
1783015303.563,1196.381,299.9,79.14,100,53,90,5341.6,13518.3,292.3,79.15,100,46,86,18429.2,6.7,284.4,79.15,100,42,89,3.1,17224.5,275.3,79.14,100,40,86,20748.3,6.8,78.0,12,2
1783015304.007,1196.825,298.8,79.14,99,40,90,2.1,5.6,287.8,79.15,99,42,86,20714.8,17104.7,283.9,79.15,100,32,89,3.1,5.8,269.9,79.14,100,37,86,12678.7,13517.8,81.0,13,2
1783015304.453,1197.271,295.5,79.14,100,45,89,2.7,4.7,286.7,79.15,100,45,86,20717.3,15754.0,273.9,79.15,98,32,89,68.4,4.6,262.3,79.14,98,10,85,2.5,6415.4,81.0,13,2
1783015304.898,1197.716,289.5,79.14,100,50,90,9858.8,4.1,282.9,79.15,99,55,86,1.8,7.0,272.9,79.15,99,47,89,19723.2,13759.3,267.5,79.14,99,50,87,3753.6,10.0,81.0,13,2
1783015305.340,1198.158,294.3,79.14,100,50,90,20709.4,17113.2,290.9,79.15,99,59,86,2.7,4.4,282.5,79.15,100,41,89,2.7,1675.4,283.4,79.14,100,57,87,18267.1,16729.6,81.0,13,2
1783015305.782,1198.599,301.7,79.14,100,53,90,9007.6,14595.1,297.7,79.15,99,46,85,13853.9,4.8,291.7,79.15,100,38,89,3.5,480.3,278.5,79.14,99,40,85,19704.2,17201.0,81.0,13,2
1783015306.223,1199.041,299.0,79.14,100,46,90,18833.1,5.9,291.6,79.15,99,45,86,2.9,17116.7,291.7,79.15,100,38,89,20646.2,6.3,278.5,79.14,99,40,85,5.2,9700.9,81.0,13,2
1783015306.668,1199.486,299.0,79.14,100,46,90,18004.2,16874.2,291.6,79.15,99,45,86,3.7,10.9,286.3,79.15,100,36,89,20765.2,17201.7,270.9,79.14,99,37,86,4.7,5.2,81.0,13,2
1783015307.117,1199.935,294.9,79.14,100,38,90,3.4,4.6,287.3,79.15,100,43,85,5460.9,14588.0,278.9,79.15,100,36,89,16931.1,4.7,269.8,79.14,100,41,86,2.2,484.6,81.0,13,2
1783015307.560,1200.378,298.5,79.14,100,56,90,1.8,4.5,286.2,79.15,100,49,85,15045.1,13942.0,280.1,79.15,99,39,89,7870.3,4.7,270.2,79.14,99,40,87,2.7,14538.3,81.0,13,2
1783015308.008,1200.826,299.7,79.14,99,46,90,2.6,4.6,293.1,79.15,100,50,86,17887.0,14121.9,280.3,79.15,99,38,89,4377.6,12.4,275.7,79.14,100,48,87,1.8,9824.7,81.0,13,2
1783015308.456,1201.274,301.8,79.14,100,58,90,1.9,4.6,293.9,79.15,99,47,86,12075.3,14294.4,285.6,79.15,99,41,89,10462.6,4.7,276.3,79.14,99,42,87,1.9,494.8,81.0,13,2
1783015308.898,1201.716,300.5,79.14,100,49,89,1.9,4.5,295.8,79.15,100,50,86,491.9,17133.3,288.8,79.15,99,43,89,20751.3,4.7,278.8,79.14,99,43,87,2.4,4.6,81.0,13,2
1783015309.341,1202.159,301.3,79.14,100,59,90,1.9,4.5,296.2,79.15,99,49,85,2.7,17141.8,286.4,79.15,99,38,89,20750.0,5.1,276.9,79.14,100,40,85,3.4,4.7,81.0,13,2
1783015309.785,1202.603,299.0,79.14,99,45,89,4.3,7.6,292.6,79.15,99,45,86,12660.1,14630.7,283.6,79.15,100,37,88,9225.0,5.6,275.6,79.14,100,44,86,3.0,17240.0,81.0,13,2
1783015310.228,1203.046,296.1,79.14,99,45,89,18067.8,7427.2,292.8,79.15,99,41,86,2.1,5.7,283.6,79.15,100,37,88,20759.4,17196.5,275.6,79.14,100,44,86,4.7,5.4,81.0,13,2
1783015310.670,1203.488,296.1,79.14,99,45,89,21392.2,12926.3,292.8,79.15,99,41,86,17383.5,8.1,279.2,79.15,100,35,90,6.9,6.9,272.4,79.14,100,37,87,20784.5,16478.2,84.0,13,1
1783015311.118,1203.936,293.5,79.14,100,10,92,8.3,9.7,279.3,79.15,99,11,85,513.3,17129.8,274.3,79.15,99,37,89,20754.5,4.3,263.1,79.14,99,47,86,2.7,4.4,84.0,13,1
1783015311.561,1204.379,298.2,79.14,100,71,90,15443.5,4337.3,286.3,79.15,100,50,85,1.8,4.5,283.0,79.15,100,41,89,1081.4,16768.7,274.0,79.14,100,46,86,20757.7,5.5,84.0,13,1
1783015312.008,1204.826,299.0,79.14,100,61,90,18540.1,12595.1,295.5,79.15,100,48,86,6705.5,5.0,292.5,79.15,100,46,89,2.0,9469.8,284.9,79.14,99,43,86,16159.9,10271.7,84.0,13,1
1783015312.451,1205.269,296.0,79.14,100,45,89,20705.2,5.4,298.9,79.15,100,46,86,2.9,5742.8,288.4,79.15,99,39,88,16205.5,13945.3,281.7,79.14,100,37,87,2.2,6.0,84.0,13,1
1783015312.892,1205.710,298.1,79.14,100,41,89,11748.6,13292.6,291.9,79.15,100,38,86,12412.0,8.7,278.2,79.15,100,34,89,6.2,17214.5,271.4,79.14,100,36,87,20744.3,7.1,84.0,13,1
1783015313.336,1206.153,297.4,79.14,100,45,90,6142.2,5.6,284.1,79.15,100,46,86,2.9,17115.4,278.3,79.15,100,38,89,20750.8,4.7,264.9,79.14,100,40,85,4.3,4.6,84.0,13,1
1783015313.778,1206.596,298.8,79.14,100,44,89,3.7,8.2,288.6,79.15,100,49,86,20715.4,17105.9,280.1,79.15,100,38,88,2.9,5.0,272.0,79.14,99,39,87,2.0,10532.4,84.0,13,1
1783015314.226,1207.044,300.2,79.14,100,50,90,2.0,2790.3,291.6,79.15,100,47,85,16556.4,17010.0,280.1,79.15,100,38,88,1.9,4.9,272.0,79.14,99,39,87,2.7,17271.6,84.0,13,1
1783015314.670,1207.488,300.2,79.14,100,50,90,2.6,10.1,291.6,79.15,100,47,85,19743.2,17112.3,285.5,79.15,100,42,89,8.2,10.3,276.4,79.14,100,41,86,8.1,17264.8,84.0,13,1
1783015315.113,1207.931,301.0,79.14,100,47,90,2.1,4654.6,292.6,79.15,100,51,86,20544.2,6684.2,284.8,79.15,100,38,88,2.8,5.0,274.7,79.14,99,46,87,15717.6,13104.0,84.0,13,1
1783015315.567,1208.384,298.8,79.14,100,45,89,9246.3,13146.1,292.6,79.15,100,46,86,14975.0,4.8,284.3,79.15,100,41,90,2.0,7603.3,275.5,79.14,99,40,86,16108.8,12020.2,84.0,13,1
1783015316.014,1208.832,300.1,79.14,100,49,90,18780.9,5.1,291.7,79.15,100,46,85,3.0,12753.3,284.0,79.15,100,38,89,16346.5,6855.7,273.0,79.14,99,39,86,3.0,2964.3,84.0,13,1
1783015316.459,1209.277,300.1,79.14,100,36,90,20709.3,17108.4,287.6,79.15,100,41,84,3.0,7.9,279.2,79.15,100,32,89,20754.5,14811.9,268.2,79.14,100,35,85,1243.8,5.9,84.0,13,1
1783015316.903,1209.721,289.5,79.14,99,41,89,20710.3,4.4,281.5,79.15,100,41,86,2.6,7.1,269.3,79.15,98,31,88,20766.9,15899.4,256.1,79.14,98,10,85,35.1,4.5,87.0,14,1
1783015317.352,1210.169,285.1,79.14,100,50,89,3772.8,14170.0,278.1,79.15,100,55,86,18942.2,4.1,269.6,79.15,99,47,89,2.5,4.3,263.6,79.14,99,50,87,4136.8,14160.2,87.0,14,1
1783015317.796,1210.614,293.0,79.14,100,50,89,6.6,4.2,289.6,79.15,100,58,86,14050.4,14003.2,283.6,79.15,99,41,88,8447.3,4.2,275.3,79.14,99,57,87,1.8,4.3,87.0,14,1
1783015318.242,1211.060,300.7,79.14,100,51,90,1.8,4.8,297.7,79.15,99,53,86,504.6,17111.4,283.6,79.15,99,41,88,20750.3,5.8,275.3,79.14,99,57,87,4.3,4.3,87.0,14,1
1783015318.689,1211.507,300.7,79.14,100,51,90,1080.5,22657.5,297.7,79.15,99,53,86,10578.6,9.7,292.5,79.15,99,37,89,2808.5,15058.7,279.1,79.14,99,40,86,19688.8,6.0,87.0,14,1
1783015319.140,1211.958,298.0,79.14,100,46,90,2.2,8616.4,292.1,79.15,100,45,86,17816.9,10090.5,285.2,79.15,99,36,88,2.2,11.1,272.5,79.14,99,36,85,20779.5,17180.1,87.0,14,1
1783015319.583,1212.401,295.2,79.14,99,39,90,17982.0,12066.5,284.4,79.15,100,43,86,3.9,4.9,278.2,79.15,100,36,89,580.8,16757.3,268.9,79.14,99,40,86,20746.1,8.3,87.0,14,1
1783015320.033,1212.851,299.4,79.14,100,56,90,20704.5,4.6,285.6,79.15,100,50,85,2.7,4.3,279.2,79.15,100,39,89,20770.0,15854.6,269.1,79.14,99,40,85,43.1,4.9,87.0,14,1
1783015320.477,1213.294,300.4,79.14,100,47,89,17416.5,4.4,292.1,79.15,100,45,86,4.3,4.2,280.7,79.15,99,38,88,20770.7,17191.9,276.6,79.14,99,49,87,2.8,4.5,87.0,14,1
1783015320.920,1213.738,301.8,79.14,100,55,90,20706.2,7.6,293.3,79.15,100,47,85,5.9,7.2,285.8,79.15,100,40,89,16217.1,14139.9,276.1,79.14,99,42,86,6959.9,4.5,87.0,14,1
1783015321.364,1214.182,299.8,79.14,99,48,89,18706.8,1531.5,294.2,79.15,99,48,86,2.0,4.7,287.9,79.15,99,45,89,13055.9,14278.5,276.4,79.14,99,40,86,9884.5,4.7,87.0,14,1
1783015321.808,1214.625,300.6,79.14,100,58,90,18587.9,1458.5,294.6,79.15,99,49,85,1.8,4.7,285.3,79.15,99,38,89,12327.6,14416.4,275.8,79.14,99,40,85,10389.7,4.9,87.0,14,1
1783015322.252,1215.070,299.1,79.14,100,46,89,8322.4,5.1,292.3,79.15,100,46,86,2.9,17124.7,284.1,79.15,100,38,89,20747.6,6.3,272.1,79.14,99,41,87,2.5,6586.6,87.0,14,1
1783015322.699,1215.517,299.1,79.14,100,46,89,20710.1,17117.9,292.3,79.15,100,46,86,8.9,9.4,284.1,79.15,100,38,89,20540.8,14327.1,272.1,79.14,99,41,87,2298.1,5.7,87.0,14,1
1783015323.145,1215.963,299.2,79.14,100,45,90,20245.1,14463.0,290.3,79.15,99,40,86,20702.9,4.2,279.2,79.15,99,35,89,4.7,5.3,269.6,79.14,99,38,85,19947.0,14421.2,90.0,14,0
1783015323.591,1216.408,291.3,79.14,100,11,90,4.6,4.0,278.5,79.15,100,25,85,3458.5,14178.6,275.8,79.15,100,51,90,19714.4,4.2,263.7,79.14,100,46,86,2.6,7.4,90.0,14,0
1783015324.041,1216.859,293.7,79.14,100,52,89,15160.0,4.3,288.1,79.15,100,47,85,1.7,4.2,284.3,79.15,100,56,90,18342.9,12727.2,274.4,79.14,99,43,86,6404.3,4.3,90.0,14,0
1783015324.484,1217.302,297.6,79.14,100,50,90,16997.7,17105.1,302.4,79.15,100,47,86,4.2,4.9,293.2,79.15,100,54,90,1.7,17244.7,285.7,79.14,99,43,87,20753.5,5.2,90.0,14,0
1783015324.935,1217.753,300.3,79.14,100,47,90,2099.5,6.6,297.5,79.15,100,55,86,494.1,17115.0,286.1,79.15,100,37,88,20749.5,5.9,278.0,79.14,99,38,86,3.3,14178.7,90.0,14,0
1783015325.379,1218.197,299.0,79.14,100,37,90,16617.4,16775.9,288.2,79.15,100,38,85,3.8,7.4,280.3,79.15,100,35,89,20755.3,15691.9,268.9,79.14,100,38,86,279.1,5.5,90.0,14,0
1783015325.825,1218.643,296.1,79.14,100,46,90,2.9,5.4,284.1,79.15,100,45,85,19813.4,12930.8,278.6,79.15,100,40,89,4412.4,4.6,267.5,79.14,100,40,85,1.9,12118.6,90.0,14,0
1783015326.272,1219.090,298.5,79.14,99,44,90,2.8,6330.0,287.8,79.15,100,49,86,16046.1,13803.9,279.3,79.15,100,37,88,2.8,10.2,271.6,79.14,100,41,86,1.7,17263.4,90.0,14,0
1783015326.716,1219.534,298.5,79.14,99,44,90,8.9,13470.8,293.1,79.15,100,46,86,21550.7,9.9,279.3,79.15,100,37,88,6.3,4.9,271.6,79.14,100,41,86,13956.2,12931.3,90.0,14,0
1783015327.172,1219.990,300.2,79.14,100,47,90,2.0,12194.4,293.1,79.15,100,46,86,15733.7,8194.7,282.7,79.15,100,44,90,3.1,4.7,275.4,79.14,99,41,86,1094.8,16745.4,90.0,14,0
1783015327.615,1220.433,300.2,79.14,100,46,90,2.0,4540.9,293.0,79.15,99,53,86,15992.5,15680.4,285.9,79.15,100,38,88,3.5,6.6,276.4,79.14,99,48,87,1076.2,16774.8,90.0,14,0
1783015328.059,1220.877,300.6,79.14,100,45,89,2.2,2688.8,292.1,79.15,100,45,86,16528.2,17105.7,287.1,79.15,100,42,89,1.9,4.9,274.6,79.14,99,40,86,3.5,17232.0,90.0,14,0
1783015328.502,1221.320,299.5,79.14,100,46,90,6985.1,13419.4,292.9,79.15,100,51,86,17184.8,5.7,284.0,79.15,100,38,88,4.6,11498.0,275.1,79.14,100,46,87,16236.0,7811.1,90.0,14,0
1783015328.948,1221.766,299.8,79.14,100,44,90,6.9,7.3,292.0,79.15,100,39,86,20709.7,17105.0,281.3,79.15,100,34,89,2.2,5.9,271.3,79.14,99,33,86,12677.7,13410.0,90.0,14,0
1783015329.395,1222.213,297.8,79.14,100,43,90,3866.8,3062.3,285.0,79.15,100,44,85,3761.7,3569.5,279.0,79.15,100,34,89,3452.9,4003.9,267.5,79.14,100,47,85,3768.0,4140.8,93.0,16,0
1783015329.840,1222.658,301.7,79.14,100,65,89,3375.9,2995.2,290.2,79.15,100,66,85,3725.1,4076.6,284.4,79.15,100,57,89,3985.2,5798.0,271.7,79.14,100,59,86,4377.2,4845.5,93.0,16,0
1783015330.292,1223.109,304.0,79.14,100,66,89,3544.9,2719.8,300.7,79.15,100,65,85,3877.8,4376.6,292.9,79.15,100,56,89,3634.6,5033.3,281.7,79.14,100,58,86,3953.5,4532.3,93.0,16,0
1783015330.736,1223.553,301.4,79.14,100,66,89,3545.0,2794.1,304.2,79.15,100,66,85,3849.8,4306.8,292.9,79.15,100,56,89,3977.1,4835.4,281.7,79.14,100,58,86,4007.3,5053.1,93.0,16,0
1783015331.181,1223.999,301.4,79.14,100,66,89,3632.5,3068.7,304.2,79.15,100,66,85,3447.7,4216.1,298.1,79.15,100,57,89,3978.5,4492.6,283.4,79.14,100,58,86,3941.3,5265.2,93.0,16,0
1783015331.624,1224.442,300.0,79.14,100,66,89,3213.1,3065.7,301.3,79.15,100,65,85,3797.5,3911.6,297.9,79.15,100,56,89,4588.3,4933.7,283.0,79.14,100,58,86,4482.0,4446.4,93.0,16,0
1783015332.075,1224.893,300.0,79.14,100,65,89,3541.7,2808.9,299.7,79.15,100,64,85,3865.9,4515.1,296.9,79.15,100,55,89,3598.1,4994.5,281.8,79.14,100,58,86,3985.1,4644.7,93.0,16,0
1783015332.519,1225.336,299.9,79.14,100,65,89,3648.0,3055.5,299.7,79.15,100,65,85,3492.5,4335.8,296.3,79.15,100,57,89,3868.5,4725.8,281.4,79.14,100,58,86,3876.0,4907.2,93.0,16,0
1783015332.962,1225.780,299.9,79.14,100,65,89,3258.2,3016.9,300.2,79.15,100,65,85,3757.0,3869.3,296.8,79.15,100,56,89,3982.1,5075.5,281.8,79.14,100,59,86,3548.6,4758.2,93.0,16,0
1783015333.415,1226.233,300.0,79.14,100,65,89,3543.1,2719.6,300.4,79.15,100,65,85,3922.7,4503.3,297.8,79.15,100,57,89,3576.1,4905.5,282.6,79.14,100,59,86,3913.8,4542.2,93.0,16,0
1783015333.866,1226.684,300.0,79.14,100,66,89,3588.1,2960.6,300.8,79.15,100,65,85,3447.7,4168.9,299.1,79.15,100,57,89,3940.3,5325.9,284.0,79.14,100,59,86,3917.0,4827.4,93.0,16,0
1783015334.313,1227.130,300.0,79.14,100,65,89,3246.9,3049.3,300.2,79.15,100,65,85,3802.6,4029.5,299.2,79.15,100,56,89,3893.8,5004.4,283.6,79.14,100,58,86,3575.6,4950.7,93.0,16,0
1783015334.756,1227.574,299.9,79.14,100,65,89,4320.0,2997.4,299.5,79.15,100,65,85,3496.9,4617.4,298.5,79.15,100,56,89,3926.6,4797.8,283.0,79.14,100,58,86,3912.0,5172.7,93.0,16,0
1783015335.212,1228.030,299.9,79.14,100,65,89,3591.1,3003.6,299.5,79.15,100,65,85,3448.0,4159.0,298.5,79.15,100,56,89,3935.4,4851.0,283.0,79.14,100,58,86,3950.4,5104.0,93.0,16,0
1783015335.654,1228.472,299.9,79.14,100,65,89,3340.9,3036.3,299.9,79.15,100,65,85,3655.0,3985.8,298.6,79.15,100,57,89,4129.5,5282.4,283.6,79.14,100,59,86,3581.7,4937.5,93.0,16,0
1783015336.101,1228.919,300.0,79.14,100,66,89,3213.4,3077.1,300.5,79.15,100,66,85,3803.7,4016.0,299.5,79.15,100,57,89,3950.2,5421.4,284.5,79.14,100,59,86,3573.0,4661.2,93.0,16,0
1783015336.544,1229.362,300.1,79.14,100,66,89,3170.9,3069.2,300.6,79.15,100,66,85,3777.6,3724.6,300.5,79.15,100,57,89,3955.0,5233.3,285.5,79.14,100,60,86,3608.2,4860.4,93.0,16,0
1783015336.988,1229.806,300.0,79.14,100,66,89,3545.1,2748.1,300.1,79.15,100,66,85,3818.7,4350.6,300.5,79.15,100,57,89,3636.4,5201.7,285.5,79.14,100,59,86,3898.2,4788.7,93.0,16,0
1783015337.431,1230.249,300.0,79.14,100,66,89,3500.9,2754.2,299.9,79.15,100,66,85,3778.5,4413.1,300.4,79.15,100,56,89,3708.7,4998.6,285.2,79.14,100,59,86,3951.5,4693.8,93.0,16,0
1783015337.878,1230.696,300.0,79.14,100,66,89,3561.1,3006.3,299.8,79.15,100,66,85,3442.4,4037.4,300.3,79.15,100,57,89,3949.3,4770.8,285.1,79.14,100,59,86,3907.1,5212.9,93.0,16,0
1783015338.322,1231.140,300.0,79.14,100,66,89,3543.1,2995.1,300.0,79.15,100,66,85,3496.9,4163.4,300.8,79.15,100,57,89,3971.6,4810.5,285.0,79.14,100,59,86,3911.9,5244.4,94.0,16,0
1783015338.765,1231.583,300.0,79.14,100,66,89,3507.5,3356.4,300.2,79.15,100,66,85,3756.1,3950.6,301.1,79.15,100,57,89,3973.1,4817.9,285.4,79.14,100,59,86,3597.2,4591.1,94.0,16,0
1783015339.215,1232.033,300.0,79.14,100,66,89,3508.7,2689.7,300.2,79.15,100,66,85,3762.2,4170.4,301.1,79.15,100,57,89,3574.4,5091.0,285.4,79.14,100,59,86,3923.7,4678.7,94.0,16,0
1783015339.659,1232.477,300.0,79.14,100,66,89,3501.3,2721.7,299.9,79.15,100,66,85,3804.7,4967.6,300.8,79.15,100,57,89,3939.6,4861.0,285.6,79.14,100,59,86,4016.8,5147.3,94.0,16,0
1783015340.111,1232.929,300.0,79.14,100,66,89,3584.4,2995.1,300.0,79.15,100,65,85,3444.1,4220.1,300.4,79.15,100,57,89,3922.5,4784.5,285.6,79.14,100,59,86,3885.4,5250.4,94.0,16,0
1783015340.555,1233.373,300.0,79.14,100,66,89,3420.9,3255.6,300.0,79.15,100,66,85,3766.8,4329.8,299.9,79.15,100,57,89,3634.0,4848.8,285.5,79.14,100,59,86,3949.5,5285.1,94.0,16,0
1783015341.009,1233.827,300.0,79.14,100,66,89,3578.8,2684.9,299.8,79.15,100,65,85,3643.9,4293.4,299.8,79.15,100,56,89,3587.9,4670.6,285.1,79.14,100,59,86,3984.7,4631.5,94.0,16,0
1783015341.452,1234.270,300.0,79.14,100,65,89,3585.5,2995.1,299.8,79.15,100,65,85,3430.6,4143.3,299.6,79.15,100,56,89,3919.8,5243.4,284.5,79.14,100,58,86,3707.0,5517.6,94.0,16,0
1783015341.903,1234.721,300.0,79.14,100,66,89,3175.3,3030.9,300.0,79.15,100,65,85,4090.0,3913.5,299.7,79.15,100,56,89,3942.3,4985.4,284.3,79.14,100,59,86,3575.5,4925.2,94.0,16,0
1783015342.350,1235.168,300.0,79.14,100,66,89,3422.3,2734.4,300.2,79.15,100,66,85,3766.9,4322.5,300.7,79.15,100,57,89,3615.9,5064.7,285.2,79.14,100,59,86,3944.1,4543.5,94.0,16,0
1783015342.792,1235.610,300.0,79.14,100,66,89,3867.1,2719.8,300.3,79.15,100,66,85,3775.1,4455.8,300.7,79.15,100,57,89,3569.1,4867.6,286.2,79.14,100,59,86,3896.7,6178.5,94.0,16,0
1783015343.246,1236.063,300.0,79.14,100,66,89,3582.6,2995.2,300.0,79.15,100,66,85,3436.2,4228.8,300.7,79.15,100,57,89,3894.6,4717.4,286.2,79.14,100,59,86,3965.5,5059.5,94.0,16,0
1783015343.688,1236.506,300.0,79.14,100,66,89,3555.9,3489.1,300.0,79.15,100,66,85,3615.6,4023.0,300.2,79.15,100,57,89,3956.7,5062.9,285.6,79.14,100,60,86,3574.7,4862.9,94.0,16,0
1783015344.137,1236.955,300.0,79.14,100,66,89,3171.2,3077.4,300.2,79.15,100,65,85,3694.1,3893.2,300.1,79.15,100,57,89,3938.4,5071.2,286.1,79.14,100,60,86,3525.5,4912.8,94.0,16,0
1783015345.023,1237.841,300.0,79.14,100,66,89,3381.7,2961.8,299.7,79.15,100,66,85,3799.9,4328.3,299.9,79.15,100,57,89,3590.0,5165.8,285.6,79.14,100,60,86,3939.8,4598.9,94.0,16,0
1783015345.468,1238.286,300.0,79.14,100,67,89,3541.6,2698.6,300.2,79.15,100,66,85,3758.7,4167.0,300.4,79.15,100,57,89,3552.2,4963.3,286.2,79.14,100,59,86,3944.0,4858.5,94.0,16,0
1783015345.911,1238.729,300.0,79.14,100,66,89,3543.9,2689.8,300.3,79.15,100,66,85,3778.1,4243.5,300.3,79.15,100,57,89,3586.2,4899.8,286.8,79.14,100,60,86,3951.5,4607.3,94.0,16,0
1783015346.356,1239.174,300.0,79.14,100,66,89,3559.4,2686.2,299.7,79.15,100,65,85,3566.5,4352.9,299.5,79.15,100,56,89,3805.5,4821.2,286.2,79.14,100,59,86,3914.1,4954.0,94.0,16,0
1783015346.800,1239.618,299.9,79.14,100,66,89,3546.4,2960.8,299.9,79.15,100,66,85,3391.3,4212.9,299.8,79.15,100,58,89,3954.1,4858.6,286.6,79.14,100,60,86,3915.6,5302.3,94.0,16,0
1783015347.246,1240.064,300.0,79.14,100,66,89,3584.5,2995.1,300.4,79.15,100,66,85,3352.0,4096.1,299.8,79.15,100,58,89,3935.4,4629.0,286.6,79.14,100,60,86,3893.3,5139.6,94.0,16,0
1783015347.689,1240.507,300.0,79.14,100,66,89,3835.1,3183.2,300.4,79.15,100,66,85,3782.4,4446.3,300.5,79.15,100,57,89,3940.7,5041.0,287.3,79.14,100,60,86,3560.7,4889.5,94.0,16,0
1783015348.144,1240.962,299.9,79.14,100,66,89,3581.8,2777.5,299.9,79.15,100,65,85,3816.0,4365.7,299.9,79.15,100,56,89,3549.6,5111.8,286.8,79.14,100,59,86,3862.2,4608.0,94.0,16,0
1783015348.587,1241.405,300.0,79.14,100,66,89,3516.6,2685.5,299.7,79.15,100,66,85,3806.5,4278.5,299.6,79.15,100,57,89,3542.7,5004.6,285.8,79.14,100,59,86,3919.3,4437.6,94.0,16,0
1783015349.032,1241.850,300.0,79.14,100,66,89,3582.9,2994.9,300.0,79.15,100,66,85,3426.7,4246.6,299.9,79.15,100,57,89,3954.8,4889.7,285.6,79.14,100,59,86,3920.5,5316.3,94.0,16,0
1783015349.478,1242.295,300.0,79.14,100,66,89,3582.8,3040.1,299.7,79.15,100,65,85,3445.7,4099.8,299.3,79.15,100,56,89,3933.9,4849.1,284.4,79.14,100,58,86,3593.5,4981.3,95.0,16,0
1783015349.921,1242.739,300.0,79.14,100,66,89,3242.9,3057.4,299.7,79.15,100,66,85,3719.3,3955.7,299.5,79.15,100,57,89,3919.7,5171.4,284.2,79.14,100,60,86,3540.9,4894.8,95.0,16,0
1783015350.365,1243.183,300.0,79.14,100,66,89,3171.0,3134.2,300.3,79.15,100,65,85,3770.6,4099.3,300.5,79.15,100,57,89,3942.1,5065.7,285.2,79.14,100,59,86,3598.9,4835.8,95.0,16,0
1783015350.808,1243.626,300.0,79.14,100,66,89,3137.6,3034.6,300.3,79.15,100,66,85,3751.0,3924.0,300.5,79.15,100,57,89,3681.4,5115.2,285.6,79.14,100,59,86,3644.8,4603.4,95.0,16,0
1783015351.252,1244.070,300.1,79.14,100,66,89,3506.1,2707.0,300.3,79.15,100,66,85,3763.7,4329.1,300.5,79.15,100,57,89,3566.1,5090.4,286.0,79.14,100,59,86,3855.9,4672.9,95.0,16,0
1783015351.694,1244.512,300.1,79.14,100,66,89,3397.6,2876.4,300.3,79.15,100,66,85,3824.2,4513.8,300.5,79.15,100,58,89,3687.9,4893.9,286.0,79.14,100,59,86,3915.8,4674.9,95.0,16,0
1783015352.142,1244.960,300.1,79.14,100,66,89,3501.0,2696.7,300.3,79.15,100,66,85,3755.6,4201.5,300.5,79.15,100,57,89,3584.5,4748.6,286.6,79.14,100,59,86,3948.8,4599.3,95.0,16,0
1783015352.587,1245.405,300.0,79.14,100,66,89,3567.7,2910.1,300.0,79.15,100,66,85,3431.6,4144.7,300.2,79.15,100,57,89,3845.9,4802.3,287.1,79.14,100,59,86,4091.9,5244.3,95.0,16,0
1783015353.033,1245.850,300.0,79.14,100,65,89,3546.2,2995.8,299.7,79.15,100,65,85,3399.8,4109.4,299.6,79.15,100,57,89,3901.0,4782.7,286.6,79.14,100,59,86,3916.4,5085.3,95.0,16,0
1783015353.476,1246.294,300.0,79.14,100,67,89,3579.3,2963.8,300.0,79.15,100,66,85,3365.0,4014.2,299.8,79.15,100,57,89,3901.5,4902.3,286.6,79.14,100,59,86,3898.6,5188.3,95.0,16,0
1783015353.919,1246.737,300.0,79.14,100,67,89,3338.2,3019.0,300.2,79.15,100,66,85,3505.0,4254.2,300.3,79.15,100,57,89,3920.2,5021.9,287.0,79.14,100,59,86,3579.5,4734.0,95.0,16,0
1783015354.365,1247.183,300.0,79.14,100,67,89,3226.1,3065.3,299.9,79.15,100,66,85,3712.2,4323.3,300.0,79.15,100,57,89,3878.4,5418.1,286.9,79.14,100,59,86,3608.7,4971.7,95.0,16,0
1783015354.809,1247.626,300.0,79.14,100,67,89,3517.5,2700.7,300.0,79.15,100,66,85,3747.1,4171.5,300.0,79.15,100,57,89,3550.5,4680.0,287.1,79.14,100,59,86,4397.6,4811.0,95.0,16,0
1783015355.263,1248.081,300.0,79.14,100,66,89,3547.4,2650.6,300.1,79.15,100,66,85,3733.0,4190.9,300.1,79.15,100,57,89,3544.2,5030.9,287.1,79.14,100,59,86,3882.7,4774.8,95.0,16,0
1783015355.706,1248.524,300.0,79.14,100,66,89,3546.5,2619.1,300.1,79.15,100,66,85,3441.9,4126.2,300.1,79.15,100,57,89,4112.1,4422.9,287.1,79.14,100,59,86,3979.0,5366.4,95.0,16,0
1783015356.154,1248.971,300.0,79.14,100,66,89,3503.2,2926.3,299.8,79.15,100,65,85,3442.1,4205.8,300.0,79.15,100,57,89,3837.0,4840.6,286.7,79.14,100,59,86,3921.5,5179.6,95.0,16,0
1783015356.596,1249.414,300.1,79.14,100,67,89,3549.4,2982.5,300.0,79.15,100,66,85,3421.4,4030.1,300.1,79.15,100,57,89,3890.3,4918.4,286.8,79.14,100,60,86,4808.7,5109.0,95.0,16,0
1783015357.045,1249.863,300.0,79.14,100,66,89,3207.0,3029.1,300.0,79.15,100,66,85,3753.5,3918.8,300.1,79.15,100,57,89,3864.9,5260.9,287.0,79.14,100,59,86,3521.6,4801.5,95.0,16,0
1783015357.489,1250.307,299.9,79.14,100,66,89,3171.2,3147.4,299.7,79.15,100,65,85,3724.7,3939.8,299.7,79.15,100,57,89,3892.9,5216.5,286.3,79.14,100,59,86,3537.4,5045.1,95.0,16,0
1783015357.932,1250.750,299.9,79.14,100,66,89,3213.4,3322.7,300.0,79.15,100,66,85,3740.0,3772.9,300.0,79.15,100,58,89,3902.2,5222.3,286.6,79.14,100,60,86,3626.6,4861.8,95.0,16,0
1783015358.376,1251.194,300.0,79.14,100,66,89,3211.5,3051.3,300.3,79.15,100,66,85,3739.8,3911.5,300.2,79.15,100,57,89,3731.6,4906.9,287.3,79.14,100,59,86,3678.2,4412.9,95.0,16,0
1783015358.830,1251.647,300.0,79.14,100,66,89,3587.0,3168.9,299.8,79.15,100,66,85,3629.5,4464.1,299.6,79.15,100,58,89,3874.3,4655.8,286.5,79.14,100,59,86,3930.5,5326.2,95.0,16,0
1783015359.275,1252.093,300.0,79.14,100,66,89,3631.2,2995.1,299.8,79.15,100,66,85,3412.2,4138.9,299.7,79.15,100,57,90,3963.1,4694.3,285.9,79.14,100,59,86,3961.0,5126.9,95.0,16,0
1783015359.718,1252.536,300.0,79.14,100,66,89,3554.3,2997.9,299.8,79.15,100,66,85,3527.7,4061.0,299.7,79.15,100,57,90,3881.3,4995.1,285.9,79.14,100,59,86,3614.3,5299.5,95.0,16,0
1783015360.163,1252.981,300.1,79.14,100,66,89,3293.9,3003.0,300.2,79.15,100,66,85,3424.0,4011.9,300.1,79.15,100,57,90,3947.0,4606.5,286.8,79.14,100,59,86,3671.7,5043.9,95.0,16,0
1783015360.607,1253.425,300.0,79.14,100,67,89,3174.4,3039.2,300.1,79.15,100,66,85,3710.5,4014.8,300.1,79.15,100,57,89,3895.8,5118.0,286.8,79.14,100,59,86,3532.7,6234.7,95.0,16,0
1783015361.056,1253.874,299.9,79.14,100,66,89,3130.2,3027.7,299.8,79.15,100,66,85,3757.6,4051.3,299.9,79.15,100,57,89,3888.2,5162.2,286.4,79.14,100,59,86,3541.9,5018.3,96.0,16,0
1783015361.500,1254.318,300.0,79.14,100,67,89,0.6,0.5,300.0,79.15,100,66,85,1.3,0.5,300.1,79.15,100,56,90,0.7,0.5,286.6,79.14,100,59,86,0.7,0.5,,,
1783015362.915,1255.733,291.4,79.14,100,57,90,17438.7,4853.7,277.1,79.15,99,48,85,6.4,7.1,282.1,79.15,99,49,90,10332.4,14217.4,285.2,79.14,100,45,87,12541.3,4.5,,,
1783015364.336,1257.154,297.0,79.14,100,45,90,2289.9,4.9,285.3,79.15,99,43,86,2.8,14947.1,279.0,79.15,100,38,90,17619.4,3354.2,266.4,79.14,100,41,86,3.0,5.3,96.0,16,0
1783015364.877,1257.695,299.1,79.14,100,48,90,2.0,4.9,289.1,79.15,99,50,86,2.8,17119.0,281.0,79.15,100,38,89,20756.0,8.2,271.7,79.14,100,45,87,4.7,485.6,96.0,16,0
1783015365.331,1258.149,300.0,79.14,100,50,90,4.1,4.4,290.9,79.15,100,46,85,7942.6,14823.5,287.0,79.15,100,46,90,13923.6,4.6,276.7,79.14,99,42,86,1.9,5.4,96.0,16,0
1783015365.773,1258.591,300.9,79.14,100,49,90,5.1,7.2,294.7,79.15,100,55,86,1.8,17149.5,287.5,79.15,100,40,89,20749.3,5.3,278.7,79.14,100,48,87,5.0,4.6,96.0,16,0
1783015366.217,1259.035,300.9,79.14,100,49,90,3192.5,4.6,294.7,79.15,100,55,86,5.2,9682.0,287.5,79.15,100,40,89,17397.8,9080.6,278.7,79.14,100,48,87,3.0,4.8,96.0,16,0
1783015366.659,1259.477,302.2,79.14,100,57,90,8170.5,4.6,296.6,79.15,100,49,85,2.0,4688.0,288.3,79.15,100,38,90,17768.1,12764.2,277.6,79.14,100,40,87,8.7,7.4,96.0,16,0
1783015367.103,1259.921,299.0,79.14,100,49,89,4213.9,5.1,294.9,79.15,100,46,86,2.1,17121.8,289.4,79.15,100,40,89,20443.9,5.5,277.7,79.14,100,45,87,2.8,4.6,96.0,16,0
1783015367.547,1260.365,299.3,79.14,100,47,90,11155.7,14826.8,293.5,79.15,100,47,87,11221.5,5.9,287.1,79.15,100,39,90,3.7,17215.3,277.1,79.14,100,39,86,20751.4,5.6,96.0,16,0
1783015367.989,1260.807,297.8,79.14,100,41,90,20754.5,13629.6,288.8,79.15,100,44,86,18473.9,16889.8,283.4,79.15,100,34,90,955.7,17191.4,271.2,79.14,100,40,87,19117.0,17189.9,96.0,16,0
1783015368.436,1261.254,291.5,79.14,100,33,89,3.4,3.7,285.4,79.15,100,54,87,20241.8,17110.8,275.5,79.15,100,46,89,4.7,4.2,269.2,79.14,100,50,87,1.7,3.3,96.0,16,0
1783015368.878,1261.696,295.2,79.14,100,49,90,18783.0,4.5,292.1,79.15,100,60,86,1.9,4.6,284.7,79.15,100,42,89,19853.2,12454.8,276.7,79.14,100,52,87,5083.1,11.0,96.0,16,0
1783015369.323,1262.141,301.3,79.14,100,49,90,20710.1,17109.3,301.8,79.15,100,61,87,3.7,4.5,294.0,79.15,100,41,89,1.9,14810.9,284.0,79.14,100,51,88,15709.2,5302.1,96.0,16,0
1783015369.764,1262.582,299.1,79.14,100,51,90,16181.7,13092.2,294.4,79.15,100,45,85,4.8,5.6,291.4,79.15,100,35,90,20763.5,17188.9,277.6,79.14,100,38,87,2.2,5.7,96.0,16,0
1783015370.210,1263.028,299.1,79.14,100,51,90,3.0,17111.4,294.4,79.15,100,45,85,19588.8,895.4,291.4,79.15,100,35,90,2.2,2921.0,277.6,79.14,100,38,87,16637.7,16729.2,96.0,16,0
1783015370.660,1263.478,295.0,79.14,100,42,90,622.8,5.2,289.1,79.15,100,45,86,2.9,17120.3,283.0,79.15,100,35,89,20756.3,8.2,272.9,79.14,100,36,87,5.1,6290.6,96.0,16,0
1783015371.111,1263.929,296.5,79.14,100,45,89,1.9,4.7,288.3,79.15,100,44,86,19327.1,13153.3,277.6,79.15,100,38,89,4526.3,5.1,269.7,79.14,100,40,87,2.8,16828.3,96.0,16,0
1783015371.552,1264.370,300.7,79.14,99,49,90,2.2,4.4,288.6,79.15,100,44,85,20722.4,17109.0,284.7,79.15,100,39,90,2.4,4.7,272.1,79.14,100,42,87,1.9,11300.2,96.0,16,0
1783015371.995,1264.812,302.0,79.14,100,47,90,1.9,4.5,293.6,79.15,100,54,87,9326.4,13213.4,286.9,79.15,100,39,89,14722.2,10.9,276.4,79.14,100,50,87,2.4,527.2,96.0,16,0
1783015372.440,1265.258,300.7,79.14,100,53,90,3.5,4.4,294.2,79.15,100,46,86,1.7,17138.5,287.8,79.15,100,44,90,20756.4,5.3,277.7,79.14,100,41,86,2.5,5.1,96.0,16,0
1783015372.881,1265.699,298.8,79.14,99,45,90,1.9,4.5,296.3,79.15,100,52,86,2.4,17137.2,286.5,79.15,100,38,89,20750.8,6.9,279.2,79.14,100,46,87,3.6,4.7,96.0,16,0
1783015373.328,1266.146,300.3,79.14,100,53,90,5.9,5.2,293.8,79.15,100,46,87,6019.3,13415.7,286.1,79.15,100,39,90,17544.0,5.7,276.1,79.14,100,40,87,2.1,13532.2,96.0,16,0
1783015373.772,1266.589,299.9,79.14,100,39,90,20709.8,17111.3,289.6,79.15,100,42,85,2.2,5.6,285.5,79.15,100,34,90,9392.1,13560.1,270.5,79.14,100,38,86,14357.8,6.6,96.0,16,0
1783015374.216,1267.034,299.9,79.14,100,39,90,3.4,10082.0,289.6,79.15,100,42,85,27317.5,14171.4,285.5,79.15,100,34,90,20764.1,14089.8,270.5,79.14,100,38,86,20489.5,13542.2,6.0,0,15
1783015374.658,1267.476,296.7,79.14,100,44,90,8889.3,4.0,288.7,79.15,100,46,86,2.5,7.1,277.9,79.15,98,32,90,19107.8,14569.7,265.1,79.14,98,11,88,1853.4,6.5,6.0,0,15
1783015375.106,1267.924,288.5,79.14,100,51,89,11481.9,14084.5,283.2,79.15,100,49,86,11665.9,4.6,275.5,79.15,100,54,90,2.4,4.6,268.4,79.14,100,47,87,19727.5,17201.7,6.0,0,15
1783015375.549,1268.367,293.2,79.14,100,49,89,1.9,1247.2,291.5,79.15,100,52,87,18259.4,17106.4,284.7,79.15,100,41,89,3.9,4.8,276.1,79.14,100,52,87,1.8,17282.4,6.0,0,15
1783015375.990,1268.808,301.2,79.14,100,48,90,2.6,16553.6,297.9,79.15,100,54,87,18290.2,1923.4,294.5,79.15,100,37,90,2.2,1403.2,281.1,79.14,100,42,87,18349.3,16715.2,6.0,0,15
1783015376.433,1269.251,298.5,79.14,100,46,90,393.6,5.7,293.5,79.15,100,45,86,2575.7,15087.6,287.4,79.15,100,37,89,19106.1,11.4,272.8,79.14,100,34,86,3.3,16780.5,6.0,0,15
1783015376.876,1269.694,296.3,79.14,100,38,90,20707.4,17109.7,286.1,79.15,100,42,85,1.9,5.1,280.8,79.15,100,37,90,5.0,17225.8,268.2,79.14,100,40,86,20750.4,5.1,6.0,0,15
1783015377.317,1270.135,299.8,79.14,100,53,90,17621.9,4972.7,286.7,79.15,100,55,87,1.9,4.8,281.2,79.15,100,39,90,10021.9,14659.4,270.8,79.14,100,41,86,12541.6,5.1,6.0,0,15
1783015377.758,1270.576,299.2,79.14,100,48,90,20709.2,5.0,292.4,79.15,100,47,86,4.5,4.8,284.0,79.15,100,41,90,20771.3,16236.1,277.0,79.14,100,45,87,2.2,4.8,6.0,0,15
1783015378.203,1271.020,299.2,79.14,100,48,90,17551.4,5172.4,292.4,79.15,100,47,86,3.2,4.8,284.0,79.15,100,41,90,2534.0,15291.1,277.0,79.14,100,45,87,19680.1,4.7,6.0,0,15
1783015378.645,1271.463,301.3,79.14,100,57,90,20711.0,17108.6,295.0,79.15,100,51,86,1.9,5.3,287.2,79.15,100,40,90,6.2,17256.5,278.6,79.14,100,43,86,20758.5,7.5,6.0,0,15
1783015379.097,1271.915,300.1,79.14,100,49,89,17752.5,10713.9,295.9,79.15,100,47,86,2.7,10.8,290.5,79.15,100,47,90,1070.9,16765.4,278.2,79.14,100,40,87,20747.2,4.8,6.0,0,15
1783015379.539,1272.357,299.6,79.14,100,51,90,20665.1,17108.1,297.8,79.15,100,59,87,3.6,5.0,287.2,79.15,100,39,89,128.0,17229.5,278.8,79.14,100,46,87,20754.5,5.1,6.0,0,15
1783015379.981,1272.799,299.0,79.14,100,46,89,2096.9,5.6,293.9,79.15,100,45,86,1191.7,16085.2,284.8,79.15,100,38,90,20355.3,5.6,276.0,79.14,100,40,87,4.2,11625.2,6.0,0,15
1783015380.423,1273.241,296.6,79.14,100,47,90,20709.5,17107.5,291.2,79.15,100,45,86,3.8,5.7,281.7,79.15,100,33,89,11809.7,23138.9,273.1,79.14,100,38,87,922.6,17209.4,9.0,0,14
1783015380.867,1273.685,295.5,79.14,100,8,89,2.8,4.3,281.7,79.15,99,11,87,1.6,17158.3,274.2,79.15,99,29,90,20752.0,7.1,264.9,79.14,100,53,88,4.9,4.1,9.0,0,14
1783015381.317,1274.135,299.1,79.14,100,71,90,15641.5,12911.9,288.4,79.15,100,51,85,2.8,4.5,283.8,79.15,100,41,90,2.1,16738.1,274.5,79.14,100,47,87,17156.2,3035.0,9.0,0,14
1783015381.759,1274.577,298.9,79.14,100,60,90,6.3,15620.7,300.7,79.15,100,48,86,15358.8,3715.2,293.7,79.15,100,47,90,2.1,5.0,285.5,79.14,100,42,87,10516.1,13810.3,9.0,0,14
1783015382.205,1275.022,298.9,79.14,100,60,90,2.9,11329.5,300.7,79.15,100,48,86,16332.4,6482.3,293.7,79.15,100,47,90,2.6,5.1,285.5,79.14,100,42,87,20776.1,17191.0,9.0,0,14
1783015382.648,1275.466,296.1,79.14,100,46,89,16714.6,5.9,299.7,79.15,100,46,86,2.6,17114.9,288.7,79.15,100,39,89,20754.6,11.3,282.3,79.14,100,37,87,6.1,12523.1,9.0,0,14
1783015383.097,1275.915,296.8,79.14,100,42,89,20708.4,17108.7,293.1,79.15,100,38,86,2.0,5.4,280.2,79.15,100,34,90,4044.0,15464.1,273.1,79.14,100,37,87,15320.7,5.0,9.0,0,14
1783015383.541,1276.359,298.2,79.14,100,45,90,19915.5,5.4,285.7,79.15,100,46,87,4.8,12.1,280.6,79.15,100,37,89,19704.2,17192.1,266.3,79.14,100,40,86,1.9,4.9,9.0,0,14
1783015383.984,1276.802,299.1,79.14,100,45,90,11830.5,4.9,289.1,79.15,100,43,86,2.1,7309.5,282.5,79.15,100,37,89,16383.5,12419.3,273.3,79.14,100,42,87,3.6,4.8,9.0,0,14
1783015384.425,1277.243,300.8,79.14,100,55,90,17026.0,4.6,291.9,79.15,100,49,87,2.8,4.1,286.4,79.15,100,40,90,20775.2,17193.7,276.3,79.14,100,40,88,3.0,5.6,9.0,0,14
1783015384.867,1277.685,300.7,79.14,100,48,90,17217.1,2775.7,293.9,79.15,100,46,86,1.8,4.5,288.3,79.15,100,41,90,5525.7,13405.1,277.1,79.14,100,44,87,18697.1,4.5,9.0,0,14
1783015385.310,1278.128,301.5,79.14,100,49,90,15907.8,12971.8,296.4,79.15,100,47,86,1.9,4.9,286.2,79.15,100,38,89,1080.5,16488.0,277.0,79.14,100,40,86,20749.5,4.6,9.0,0,14
1783015385.751,1278.569,299.2,79.14,100,46,90,22090.9,15377.0,294.2,79.15,100,45,86,5.6,4.9,286.2,79.15,100,38,89,4.9,17241.8,277.0,79.14,100,40,86,20747.1,5.7,9.0,0,14
1783015386.196,1279.014,299.2,79.14,100,46,90,11022.0,6.6,294.2,79.15,100,45,86,3.0,17118.2,286.2,79.15,100,43,90,20752.6,5.8,276.2,79.14,100,40,87,3.9,11426.8,9.0,0,14
1783015386.640,1279.458,298.0,79.14,100,47,91,18544.6,17106.5,292.9,79.15,100,46,86,5.0,7.5,284.8,79.15,100,31,90,20741.2,14334.1,275.4,79.14,100,36,87,1900.7,8.6,12.0,1,14
1783015387.086,1279.904,296.5,79.14,100,43,90,20707.8,17107.1,288.3,79.15,100,45,86,2.8,4.4,279.2,79.15,100,35,89,2.6,6810.2,268.6,79.14,100,34,87,17398.2,11897.7,12.0,1,14
1783015387.528,1280.346,291.9,79.14,100,51,90,1.8,4.2,282.5,79.15,100,61,87,14070.5,14512.1,271.7,79.15,100,42,89,8445.7,4.6,266.4,79.14,100,60,87,2.7,33.5,12.0,1,14
1783015387.971,1280.789,295.7,79.14,100,56,90,3.5,4.3,289.0,79.15,100,57,87,1.8,830.6,282.6,79.15,100,41,89,18247.6,17192.9,273.6,79.14,100,49,87,2.4,5.1,12.0,1,14
1783015388.416,1281.234,299.8,79.14,100,60,90,13553.7,4.4,298.7,79.15,100,49,86,1.8,11.3,295.5,79.15,100,41,90,19702.5,17190.3,283.3,79.14,100,40,86,2.7,5.8,12.0,1,14
1783015388.857,1281.675,297.5,79.14,100,45,90,2.3,17116.3,295.1,79.15,100,43,86,20702.7,6.2,287.5,79.15,100,37,90,3.9,9638.6,275.6,79.14,100,39,87,18021.2,8596.2,12.0,1,14
1783015389.299,1282.117,297.2,79.14,100,42,90,3.0,5.6,289.2,79.15,100,44,86,12260.6,14858.3,278.6,79.15,100,30,90,9684.4,5.2,270.3,79.14,100,39,87,4.0,14231.1,12.0,1,14
1783015389.742,1282.560,297.6,79.14,100,45,91,5.6,17117.6,287.3,79.15,100,47,85,20710.4,7.8,278.6,79.15,100,30,90,3.3,4.8,270.3,79.14,100,39,87,17249.2,14397.4,12.0,1,14
1783015390.187,1283.005,297.6,79.14,100,45,91,1.7,17117.6,287.3,79.15,100,47,85,20712.0,5.5,281.3,79.15,100,46,90,2.4,4.4,271.2,79.14,100,42,87,20302.5,17188.6,12.0,1,14
1783015390.631,1283.448,301.1,79.14,100,50,90,1.8,17121.6,293.0,79.15,100,58,87,20706.5,4.4,281.5,79.15,100,39,90,2.3,7.7,274.0,79.14,100,44,87,17635.8,16157.8,12.0,1,14
1783015391.078,1283.896,300.8,79.14,100,49,90,1.9,16857.0,295.1,79.15,100,47,86,19263.6,1012.3,288.4,79.15,100,47,90,2.7,4.6,277.5,79.14,100,43,87,5881.7,14428.0,12.0,1,14
1783015391.523,1284.340,300.0,79.14,100,49,90,1.9,7239.0,298.5,79.15,100,58,87,17562.0,11569.7,287.5,79.15,100,40,89,8.8,4.8,281.1,79.14,100,50,87,1086.1,16748.1,12.0,1,14
1783015391.965,1284.783,300.3,79.14,100,55,90,1.9,2863.4,295.0,79.15,100,47,86,18179.1,15622.6,287.4,79.15,100,44,90,4.0,4.8,277.8,79.14,100,42,86,1.8,17293.8,12.0,1,14
1783015392.408,1285.226,299.2,79.14,100,47,90,2.0,17115.5,296.2,79.15,100,50,87,20703.4,5.9,286.7,79.15,100,38,89,2.6,5602.3,275.2,79.14,100,41,87,17986.9,12740.5,12.0,1,14
1783015392.849,1285.667,298.4,79.14,100,46,89,69.8,5.6,294.8,79.15,100,45,86,2120.2,15336.5,281.0,79.15,100,37,89,19393.3,5.8,273.5,79.14,100,34,87,6.4,12039.4,12.0,1,14
1783015393.294,1286.112,294.9,79.14,98,15,90,17239.3,2686.1,283.6,79.15,100,9,88,8.6,4.5,277.2,79.15,100,7,90,6852.8,13340.6,264.1,79.14,100,24,86,17333.3,4.5,14.0,1,13
1783015393.738,1286.556,294.3,79.14,100,50,90,5.4,17117.7,287.1,79.15,100,50,86,20712.8,7.0,277.2,79.15,100,7,90,5.6,4.4,264.1,79.14,100,24,86,1099.4,16746.8,14.0,1,13
1783015394.188,1287.006,294.3,79.14,100,50,90,1.8,4.4,287.1,79.15,100,50,86,3246.5,14399.1,285.0,79.15,100,59,90,19686.5,4.4,273.3,79.14,99,43,87,1.7,4.3,14.0,1,13
1783015394.631,1287.448,294.8,79.14,100,49,89,511.1,4.7,294.8,79.15,100,49,87,1.9,9999.2,292.3,79.15,100,51,90,16884.3,9117.1,287.7,79.14,100,43,87,9.1,7.3,14.0,1,13
1783015395.075,1287.893,301.0,79.14,100,45,90,2.2,7029.7,297.7,79.15,100,51,87,16518.6,12740.9,287.5,79.15,100,37,91,2.6,6.0,280.2,79.14,100,47,87,20768.4,17186.7,14.0,1,13
1783015395.516,1288.334,298.4,79.14,100,44,90,14718.2,5.8,291.7,79.15,99,41,86,2.1,17112.8,283.5,79.15,100,33,90,20743.6,5.9,270.6,79.14,100,36,86,3.5,5018.7,14.0,1,13
1783015395.959,1288.777,296.9,79.14,100,43,90,4.2,17111.8,285.8,79.15,100,44,86,19563.5,968.1,279.7,79.15,100,37,90,4.4,4.8,269.4,79.14,100,40,86,12616.8,13330.4,14.0,1,13
1783015396.402,1289.220,299.6,79.14,100,46,90,584.0,16578.7,289.0,79.15,100,52,87,18569.9,4.4,280.3,79.15,100,37,91,2.0,4.0,273.7,79.14,100,44,87,20784.0,17207.0,14.0,1,13
1783015396.850,1289.668,298.3,79.14,100,45,89,3023.4,14609.3,293.5,79.15,100,46,86,20707.6,4.6,284.6,79.15,100,45,90,2.5,6.5,277.3,79.14,100,42,87,20790.8,16545.4,14.0,1,13
1783015397.294,1290.112,300.5,79.14,100,48,90,1.8,12504.5,295.4,79.15,100,56,87,15477.2,8045.1,286.5,79.15,100,38,89,2.4,10.4,277.5,79.14,100,47,87,4906.2,13607.0,14.0,1,13
1783015397.738,1290.556,302.2,79.14,100,58,91,5.7,10258.9,294.7,79.15,100,46,87,15482.4,8826.4,286.5,79.15,100,38,89,3.4,4.8,277.5,79.14,100,47,87,3448.2,14357.5,14.0,1,13
1783015398.189,1291.007,302.2,79.14,100,58,91,1.9,4917.2,294.7,79.15,100,46,87,16418.2,15039.6,288.9,79.15,100,39,90,3.1,4.9,276.6,79.14,100,40,86,1068.8,16783.7,14.0,1,13
1783015398.631,1291.449,299.0,79.14,100,46,90,1.9,17119.0,294.6,79.15,100,51,86,20704.2,5.3,285.6,79.15,100,37,89,2.6,3397.7,278.5,79.14,100,45,87,17065.0,14330.5,14.0,1,13
1783015399.075,1291.893,298.8,79.14,100,45,90,1214.7,6.0,293.6,79.15,100,46,86,7892.7,13548.0,283.7,79.15,100,39,90,15647.4,5.9,276.1,79.14,100,36,87,2.9,17233.8,14.0,1,13
1783015399.516,1292.334,296.8,79.14,100,40,90,20705.8,17105.0,288.0,79.15,100,41,86,20702.7,16474.7,278.9,79.15,100,33,90,3.4,4.5,267.5,79.14,99,38,87,2.2,5158.7,17.0,2,13
1783015399.961,1292.779,292.4,79.14,100,63,91,3.6,6.8,278.0,79.15,100,51,85,2.6,8.8,272.6,79.15,100,43,90,19724.1,17208.0,261.3,79.14,99,45,86,1.9,4.3,17.0,2,13
1783015400.406,1293.223,294.2,79.14,100,64,90,20708.9,17107.1,285.1,79.15,99,48,86,3.2,4.5,283.8,79.15,100,41,90,8.9,8492.6,271.2,79.14,99,43,87,17043.1,10511.0,17.0,2,13
1783015400.852,1293.670,298.2,79.14,100,50,89,3.5,17115.0,302.3,79.15,100,48,86,20706.6,4.7,294.6,79.15,100,47,90,2.3,7.5,286.1,79.14,100,41,87,20731.0,14327.3,17.0,2,13
1783015401.294,1294.112,300.2,79.14,100,46,90,17949.9,13726.1,297.6,79.15,100,44,86,2.1,5.4,286.5,79.15,100,36,90,17511.9,14809.7,277.1,79.14,100,39,87,4598.9,6.5,17.0,2,13
1783015401.737,1294.555,298.1,79.14,100,44,91,5.2,17122.1,288.6,79.15,100,45,86,20708.3,7.9,286.5,79.15,100,36,90,3.2,15179.2,277.1,79.14,100,39,87,17645.2,3294.7,17.0,2,13
1783015402.182,1295.000,298.1,79.14,100,44,91,15586.2,5.2,288.6,79.15,100,45,86,2.9,10336.8,279.5,79.15,100,33,90,17645.9,8001.4,269.3,79.14,99,36,87,3.4,4.8,17.0,2,13
1783015402.624,1295.442,296.7,79.14,100,46,90,2.1,4.9,286.8,79.15,100,45,86,2.1,17125.2,278.6,79.15,100,38,90,20746.4,7.9,270.7,79.14,99,43,87,9.4,8.5,17.0,2,13
1783015403.077,1295.895,301.1,79.14,100,47,90,2.4,4.6,291.6,79.15,100,47,86,1591.8,15807.2,280.7,79.15,100,40,88,19778.3,4.6,273.2,79.14,100,44,86,2.6,4.4,17.0,2,13
1783015403.519,1296.337,301.3,79.14,100,49,90,2.4,4.6,295.8,79.15,100,49,86,2.8,13018.1,285.9,79.15,100,48,90,17206.7,5846.4,277.6,79.14,100,42,87,3.0,4.8,17.0,2,13
1783015403.960,1296.778,300.8,79.14,100,49,90,16118.1,7.4,296.7,79.15,100,59,87,3.6,30.0,287.1,79.15,100,40,90,19698.0,17191.7,280.0,79.14,100,52,87,2.8,4.8,17.0,2,13
1783015404.402,1297.219,300.8,79.14,100,49,90,20707.0,4.4,294.6,79.15,100,47,86,1.9,4.7,289.0,79.15,100,44,90,20080.5,14152.5,276.8,79.14,100,43,87,2973.7,11.1,17.0,2,13
1783015404.843,1297.661,298.8,79.14,100,48,90,20704.8,4.9,297.3,79.15,100,55,87,3.1,222.1,286.0,79.15,100,39,89,19062.7,17195.6,278.1,79.14,100,44,87,5.9,7.6,17.0,2,13
1783015405.287,1298.105,298.5,79.14,100,45,89,2.1,15347.2,294.0,79.15,100,42,86,17621.0,3565.2,282.0,79.15,100,36,89,2.1,1961.4,273.7,79.14,100,38,87,18264.3,15989.5,17.0,2,13
1783015405.728,1298.546,298.0,79.14,100,46,90,5435.4,17166.4,294.0,79.15,100,42,86,13395.8,15863.1,282.0,79.15,100,36,89,20747.3,2035.6,273.7,79.14,100,38,87,20680.4,14162.3,20.0,2,12
1783015406.175,1298.993,298.0,79.14,100,46,90,1.7,3.9,286.1,79.15,98,42,87,510.0,17111.2,278.3,79.15,98,18,91,20750.6,4.2,264.7,79.14,100,9,87,2.6,4.1,20.0,2,12
1783015406.617,1299.434,295.1,79.14,100,50,90,15654.7,11106.8,287.2,79.15,100,59,87,2.7,4.5,280.5,79.15,100,44,90,8.9,17273.5,273.4,79.14,100,52,87,20758.2,7.6,20.0,2,12
1783015407.062,1299.880,295.9,79.14,100,49,90,3767.0,13877.3,295.9,79.15,100,59,87,20218.6,4.6,284.7,79.15,100,40,90,3.5,4.5,286.7,79.14,100,57,87,20788.5,15665.4,20.0,2,12
1783015407.502,1300.320,300.8,79.14,100,53,90,13010.8,14995.6,298.5,79.15,100,50,86,6231.9,5.6,293.5,79.15,100,37,88,2.7,17227.5,279.9,79.14,100,39,86,20760.3,5.6,20.0,2,12
1783015407.947,1300.765,298.5,79.14,100,45,90,5.2,6.7,295.0,79.15,100,45,87,20709.2,17104.2,286.5,79.15,100,36,89,2.7,5.9,275.1,79.14,100,34,86,8383.0,13348.7,20.0,2,12
1783015408.392,1301.210,297.1,79.14,100,38,90,16037.2,5694.6,287.3,79.15,100,41,85,2.0,4.9,279.5,79.15,100,36,90,13941.9,13173.7,270.3,79.14,100,40,86,10029.8,5.6,20.0,2,12
1783015408.833,1301.651,299.9,79.14,100,49,90,20705.1,4.8,288.1,79.15,100,56,87,2.8,4.6,280.4,79.15,100,38,89,20770.8,16813.5,272.4,79.14,100,44,87,3.2,9.8,20.0,2,12
1783015409.276,1302.094,298.8,79.14,100,47,90,13193.8,4.7,292.2,79.15,100,45,86,1.9,26.6,282.7,79.15,99,41,90,19691.3,17195.3,276.7,79.14,99,40,87,1.9,4.8,20.0,2,12
1783015409.718,1302.536,298.8,79.14,100,47,90,20714.8,8.3,292.2,79.15,100,45,86,3.2,10.3,282.7,79.15,99,41,90,20387.9,12515.9,276.7,79.14,99,40,87,4635.4,4.9,20.0,2,12
1783015410.164,1302.982,300.9,79.14,100,50,90,15533.6,11405.2,294.8,79.15,100,57,87,3.6,4.7,285.3,79.15,100,39,89,491.7,17242.3,276.7,79.14,100,47,87,20756.7,5.1,20.0,2,12
1783015410.606,1303.424,301.4,79.14,100,50,90,15665.8,14992.8,294.3,79.15,100,47,85,1.9,4.7,288.3,79.15,100,46,90,1069.1,16764.6,277.1,79.14,100,40,86,20760.5,10.9,20.0,2,12
1783015411.054,1303.872,299.4,79.14,100,48,90,15877.8,15341.9,297.7,79.15,100,57,87,4.5,5.1,285.4,79.15,100,38,89,6024.3,13565.1,278.8,79.14,100,45,87,17290.3,5.6,20.0,2,12
1783015411.496,1304.314,298.8,79.14,100,46,90,2.1,5.8,293.6,79.15,100,45,86,20704.8,16718.5,282.7,79.15,100,36,90,8.6,5.9,275.4,79.14,100,40,87,8093.0,13328.4,20.0,2,12
1783015411.941,1304.759,296.7,79.14,100,45,90,20707.5,6.2,288.8,79.15,100,41,86,5.5,9858.1,280.4,79.15,100,31,89,27810.3,14202.2,269.5,79.14,99,34,87,20986.3,14127.6,23.0,3,12
1783015412.384,1305.202,289.7,79.14,100,12,90,12949.5,14231.1,278.4,79.15,99,27,85,10391.8,3.9,271.6,79.15,99,52,90,3.5,4.1,260.6,79.14,100,46,86,16106.8,13993.9,23.0,3,12
1783015412.827,1305.645,293.0,79.14,100,52,89,1.9,4.3,285.5,79.15,100,49,86,512.6,17111.1,280.9,79.15,100,56,90,20747.7,4.7,271.8,79.14,100,43,86,2.0,9.4,23.0,3,12
1783015413.269,1306.087,301.8,79.14,100,50,89,19347.7,4.7,303.9,79.15,100,49,86,4.4,5.1,292.9,79.15,100,49,90,19721.1,17203.1,287.0,79.14,100,45,87,1.9,4.7,23.0,3,12
1783015413.713,1306.531,301.8,79.14,100,50,89,20706.3,8.3,303.9,79.15,100,49,86,8.0,17134.6,292.9,79.15,100,49,90,20186.6,484.2,287.0,79.14,100,45,87,3.8,1763.9,23.0,3,12
1783015414.163,1306.981,300.6,79.14,100,54,90,20709.5,17111.8,296.7,79.15,99,49,86,4.0,5.6,286.8,79.15,99,37,90,5973.1,15005.0,277.5,79.14,100,39,87,16234.9,5.8,23.0,3,12
1783015414.606,1307.424,297.1,79.14,99,39,90,2.7,420.8,288.5,79.15,99,44,86,18952.3,17104.3,285.4,79.15,99,35,90,8.7,5.4,270.0,79.14,99,39,87,8068.3,18580.0,23.0,3,12
1783015415.057,1307.874,295.0,79.14,100,46,89,5678.3,14649.9,287.2,79.15,99,44,86,16891.5,4.6,278.2,79.15,100,40,90,3.1,488.3,270.9,79.14,100,41,87,19707.8,17188.7,23.0,3,12
1783015415.498,1308.316,300.4,79.14,100,50,90,13281.6,14517.0,290.6,79.15,100,45,85,9781.5,4.8,280.4,79.15,100,36,90,2.8,2206.4,270.9,79.14,100,41,87,17884.4,14345.3,23.0,3,12
1783015415.941,1308.758,302.7,79.14,100,49,89,4.9,17117.6,295.3,79.15,100,52,86,20707.5,4.6,285.0,79.15,100,39,90,1.9,4.5,278.2,79.14,100,51,87,16860.9,13988.8,23.0,3,12
1783015416.383,1309.200,300.9,79.14,100,54,90,2.8,11095.5,296.9,79.15,100,48,85,17294.7,8131.3,287.8,79.15,100,39,89,3.6,4.7,277.7,79.14,100,42,86,1091.2,16758.7,23.0,3,12
1783015416.825,1309.643,298.9,79.14,100,46,90,1.9,8368.7,295.4,79.15,100,46,86,17810.8,10737.7,288.7,79.15,99,45,90,1.9,4.6,277.4,79.14,99,41,87,498.5,16784.2,23.0,3,12
1783015417.270,1310.088,299.9,79.14,100,50,90,3.5,490.0,297.4,79.15,100,55,87,18881.2,17108.5,286.0,79.15,100,39,89,2.3,4.9,279.0,79.14,100,44,87,693.4,16781.7,23.0,3,12
1783015417.712,1310.530,299.9,79.14,100,50,90,20709.9,17111.1,297.4,79.15,100,55,87,6.2,10.8,286.0,79.15,100,39,89,8079.8,14958.3,279.0,79.14,100,44,87,13911.0,5.7,23.0,3,12
1783015418.155,1310.973,300.3,79.14,100,46,89,2.1,2854.8,295.0,79.15,100,41,86,18206.2,15617.0,283.4,79.15,100,35,89,2.5,5.7,273.5,79.14,100,36,87,20658.4,17953.0,26.0,3,11
1783015418.597,1311.414,297.9,79.14,100,47,90,15674.2,7492.9,290.0,79.15,100,45,86,1.9,4.5,280.8,79.15,100,37,90,1069.6,16772.6,271.3,79.14,98,29,85,20759.9,6.8,26.0,3,11
1783015419.044,1311.862,295.8,79.14,100,53,90,1.8,3717.1,284.6,79.15,100,62,87,16059.8,16358.1,278.3,79.15,100,42,88,1.9,4.4,270.7,79.14,100,59,87,1.8,13641.1,26.0,3,11
1783015419.486,1312.304,297.0,79.14,100,55,90,1.8,4.2,292.4,79.15,100,59,87,3.1,13946.1,284.9,79.15,100,40,90,15474.1,6454.2,278.0,79.14,100,50,87,2.8,4.8,26.0,3,11
1783015419.928,1312.746,299.8,79.14,100,59,90,9866.1,7.1,300.0,79.15,100,46,87,4.0,1207.8,293.8,79.15,100,39,90,17867.0,17190.5,280.5,79.14,100,39,88,3.7,5.7,26.0,3,11
1783015420.370,1313.188,297.6,79.14,100,45,90,4.2,17121.6,295.0,79.15,99,44,87,18324.0,1928.6,286.3,79.15,99,36,89,3.3,5401.0,277.1,79.14,100,39,86,16224.0,14319.7,26.0,3,11
1783015420.812,1313.630,298.3,79.14,100,42,91,252.9,5.6,288.9,79.15,99,43,85,1830.5,15556.9,278.5,79.15,100,33,90,20745.7,5.3,269.1,79.14,100,37,86,3.8,6294.0,26.0,3,11
1783015421.257,1314.075,299.7,79.14,100,45,91,2.3,3051.6,286.4,79.15,99,45,85,16445.2,16970.9,278.5,79.15,100,33,90,3.3,4.9,269.1,79.14,100,37,86,2.7,17276.9,26.0,3,11
1783015421.698,1314.516,299.7,79.14,100,45,91,2.3,6754.0,286.4,79.15,99,45,85,15867.5,10432.3,279.9,79.15,100,39,89,13.2,7.1,269.2,79.14,100,41,86,13655.9,12909.3,26.0,3,11
1783015422.148,1314.966,299.2,79.14,100,47,89,1.8,9227.0,292.1,79.15,99,52,87,15566.9,11175.6,282.2,79.15,99,41,89,1.9,4.5,276.0,79.14,100,43,87,492.4,16783.9,26.0,3,11
1783015422.591,1315.409,301.5,79.14,100,56,90,2.3,4.3,293.8,79.15,99,47,85,20722.0,17111.1,285.4,79.15,99,38,89,4.3,4.6,275.9,79.14,100,41,86,1.8,12264.6,26.0,3,11
1783015423.039,1315.857,299.8,79.14,100,47,91,2.2,4.6,294.0,79.15,100,47,86,20719.2,16270.2,288.0,79.15,99,47,90,2.2,4.8,276.6,79.14,99,42,87,2.0,14423.1,26.0,3,11
1783015423.484,1316.302,299.0,79.14,100,50,90,2.7,4.8,295.3,79.15,100,54,87,20720.2,14282.6,285.1,79.15,99,39,89,664.4,5.1,277.9,79.14,99,45,87,2.0,11590.8,26.0,3,11
1783015423.936,1316.754,299.0,79.14,100,46,89,15629.9,12991.6,292.9,79.15,100,45,86,8986.6,6.0,284.4,79.15,99,39,90,3.1,17222.8,274.7,79.14,99,39,87,20744.9,5.9,26.0,3,11
1783015424.377,1317.195,296.3,79.14,100,43,91,4.2,5.9,291.4,79.15,100,46,86,19397.5,17104.6,280.8,79.15,100,36,89,4.5,5.8,269.9,79.14,99,32,87,13429.8,13312.9,29.0,4,11
1783015424.820,1317.638,293.4,79.14,98,20,89,2.3,11.1,280.5,79.15,98,11,86,19332.7,13948.0,269.0,79.15,100,10,90,2554.1,4.9,258.7,79.14,99,42,87,3.6,1754.2,29.0,4,11
1783015425.270,1318.088,293.1,79.14,100,52,90,14600.9,4.1,286.0,79.15,100,58,86,4.2,4.0,278.4,79.15,100,50,90,8887.0,14072.2,271.2,79.14,100,47,87,14206.9,4.4,29.0,4,11
1783015425.711,1318.529,293.1,79.14,100,52,90,16879.6,13778.4,286.0,79.15,100,58,86,6875.8,9.6,278.4,79.15,100,50,90,10.5,5.6,271.2,79.14,100,47,87,20308.2,17216.2,29.0,4,11
1783015426.160,1318.977,298.4,79.14,100,50,90,1.8,17117.0,293.2,79.15,100,62,87,20705.9,4.7,287.1,79.15,100,42,90,1.9,4.7,285.1,79.14,100,58,87,17783.0,13999.6,29.0,4,11
1783015426.602,1319.420,300.4,79.14,100,51,90,20705.3,6.2,295.3,79.15,100,46,85,2.7,8373.2,290.6,79.15,100,38,89,18061.7,9956.0,277.4,79.14,100,40,86,4.7,11.1,29.0,4,11
1783015427.046,1319.864,298.0,79.14,100,39,90,20707.2,16161.8,288.4,79.15,100,43,86,92.4,5.7,285.5,79.15,100,33,90,1937.8,15584.8,269.5,79.14,100,37,87,19686.5,5.1,29.0,4,11
1783015427.488,1320.305,294.2,79.14,100,45,89,6525.3,4.4,288.6,79.15,100,45,86,1.9,2615.8,277.1,79.15,99,39,90,17848.5,15757.4,269.8,79.14,100,40,87,1.9,4.7,29.0,4,11
1783015427.929,1320.747,299.1,79.14,100,52,90,2.1,7.2,287.9,79.15,100,46,86,4.7,9267.3,280.0,79.15,100,38,89,17414.5,9532.7,270.6,79.14,100,40,87,3.7,5.3,29.0,4,11
1783015428.372,1321.190,302.7,79.14,100,48,90,3.6,4.4,294.9,79.15,100,56,86,3.5,8689.7,283.5,79.15,100,40,89,17219.0,10061.3,276.0,79.14,100,47,87,2.0,4.7,29.0,4,11
1783015428.813,1321.631,300.0,79.14,100,57,90,7696.5,4.6,294.4,79.15,100,47,86,2.7,1462.8,286.3,79.15,100,38,90,18062.9,15018.2,276.9,79.14,100,41,86,4.2,7.2,29.0,4,11
1783015429.264,1322.082,299.8,79.14,100,47,89,4849.7,4.6,294.8,79.15,100,46,86,3.6,5344.9,286.7,79.15,100,38,89,17683.5,13130.5,278.5,79.14,100,47,87,1.9,4.9,29.0,4,11
1783015429.707,1322.525,299.8,79.14,100,47,89,9432.7,7.4,294.8,79.15,100,46,86,7.0,16461.5,286.7,79.15,100,38,89,18646.1,1734.5,278.5,79.14,100,47,87,3.2,11.6,29.0,4,11
1783015430.161,1322.979,300.6,79.14,100,52,90,2.9,5.3,294.2,79.15,100,45,86,20717.3,17106.9,285.6,79.15,100,38,89,3.0,5.9,275.5,79.14,100,40,87,10417.9,14793.5,29.0,4,11
1783015430.605,1323.423,299.5,79.14,100,46,90,20706.7,5.6,291.7,79.15,100,47,86,3.1,11475.6,284.5,79.15,100,37,89,18089.1,6633.9,271.2,79.14,100,38,86,6.4,7378.7,29.0,4,11
1783015431.055,1323.873,297.7,79.14,100,40,90,16235.0,10549.4,288.9,79.15,100,44,86,1.8,4.3,279.9,79.15,100,37,90,2.7,17225.5,270.8,79.14,100,39,85,19602.0,1018.6,32.0,4,10
1783015431.498,1324.316,292.9,79.14,100,60,91,2.2,1775.7,281.9,79.15,100,51,86,17334.3,17107.1,277.7,79.15,100,49,90,4.1,4.2,267.4,79.14,100,45,86,1.8,1764.9,32.0,4,10
1783015431.942,1324.760,295.1,79.14,100,57,90,5.8,4.5,292.0,79.15,100,45,85,4.4,14098.9,285.2,79.15,100,48,90,15582.5,6451.8,275.5,79.14,100,43,87,2.5,4.4,32.0,4,10
1783015432.390,1325.208,302.4,79.14,100,49,89,20705.3,4.6,302.2,79.15,100,49,86,1.9,4.9,293.0,79.15,100,48,90,20769.2,14334.8,284.7,79.14,100,40,87,1818.2,4.8,32.0,4,10
1783015432.832,1325.650,300.6,79.14,100,45,90,2.6,5.6,296.2,79.15,100,44,86,13924.1,13801.0,286.2,79.15,100,35,89,9313.2,6.3,276.5,79.14,100,39,87,1068.8,15946.3,32.0,4,10
1783015433.279,1326.097,297.4,79.14,100,43,91,20707.3,6.6,288.4,79.15,100,46,86,5.7,10435.8,282.1,79.15,100,33,89,16561.5,8981.6,268.5,79.14,100,35,86,2.7,5.7,32.0,4,10
1783015433.723,1326.541,297.4,79.14,100,43,91,6.2,13185.2,288.4,79.15,100,46,86,16040.6,6589.9,282.1,79.15,100,33,89,2.6,4.8,268.5,79.14,100,35,86,7032.8,13418.2,32.0,4,10
1783015434.174,1326.992,296.4,79.14,100,47,90,451.9,16652.4,286.8,79.15,100,44,85,20705.5,4.6,278.7,79.15,100,37,90,2.4,4.6,270.0,79.14,100,41,87,19301.1,12683.1,32.0,4,10
1783015434.617,1327.434,301.0,79.14,100,44,90,3300.1,14267.9,291.6,79.15,100,45,86,20631.9,4.5,280.4,79.15,100,39,88,2.8,6.9,273.4,79.14,100,45,86,20792.9,17224.7,32.0,4,10
1783015435.060,1327.878,300.0,79.14,100,46,91,2.0,17111.3,294.9,79.15,100,46,86,20650.5,5.4,283.9,79.15,100,47,90,2.8,4.8,276.5,79.14,100,40,87,12541.2,13090.0,32.0,4,10
1783015435.504,1328.322,300.1,79.14,100,49,90,2.0,13965.7,294.0,79.15,100,55,86,15821.4,6598.4,285.5,79.15,100,39,89,4.3,4.6,278.2,79.14,99,47,87,8926.4,13500.5,32.0,4,10
1783015435.948,1328.766,298.7,79.14,100,45,89,5.7,17116.7,293.4,79.15,100,46,86,20705.0,5.4,285.7,79.15,100,43,90,2.8,4.7,274.6,79.14,100,42,87,19558.6,13183.8,32.0,4,10
1783015436.395,1329.213,299.4,79.14,100,48,90,20707.4,17112.1,293.7,79.15,100,52,86,2.2,5.5,284.2,79.15,100,37,89,2520.6,15222.6,273.0,79.14,100,40,86,20744.1,5.9,32.0,4,10
1783015436.836,1329.654,300.5,79.14,100,40,90,3.0,3750.4,289.9,79.15,100,41,85,16673.0,15855.3,281.4,79.15,100,36,89,2.6,11.6,269.6,79.14,100,37,86,20767.0,15094.9,32.0,4,10
1783015437.277,1330.095,293.8,79.14,98,40,91,20706.8,17105.4,282.9,79.15,98,28,87,19676.1,897.6,271.2,79.15,98,9,88,2.0,4.5,257.8,79.14,99,11,86,3971.3,14409.8,35.0,5,10
1783015437.718,1330.536,293.8,79.14,98,40,91,9.6,7.0,282.9,79.15,98,28,87,3.8,17176.3,271.2,79.15,98,9,88,20752.7,5.1,257.8,79.14,99,11,86,1.7,4.4,35.0,5,10
1783015438.163,1330.981,290.0,79.14,100,57,90,17015.9,3841.8,282.2,79.15,100,49,85,1.9,4.4,277.6,79.15,100,53,89,1066.6,16781.6,267.5,79.14,100,46,87,20754.8,4.4,35.0,5,10
1783015438.605,1331.423,292.6,79.14,100,49,89,14731.9,14284.1,290.9,79.15,100,48,86,8456.5,4.6,285.9,79.15,100,54,90,4.0,8764.0,280.2,79.14,100,44,86,21432.7,3117.7,35.0,5,10
1783015439.056,1331.874,298.8,79.14,100,46,90,14157.4,5.5,300.8,79.15,100,50,86,2.2,17118.4,287.2,79.15,100,37,89,20519.0,288.0,283.0,79.14,100,46,87,2.5,6822.4,35.0,5,10
1783015439.501,1332.318,298.3,79.14,100,45,89,19578.6,17110.8,293.6,79.15,100,41,86,2.4,6.5,280.3,79.15,100,34,88,20757.7,15757.2,272.5,79.14,100,31,87,377.7,5.6,35.0,5,10
1783015439.943,1332.761,297.1,79.14,100,43,90,6.5,5.9,284.5,79.15,100,43,86,20714.9,17104.5,279.8,79.15,100,38,89,2.3,4.6,264.0,79.14,100,40,87,1.9,17243.7,35.0,5,10
1783015440.393,1333.210,298.9,79.14,100,46,90,4.1,12188.8,288.5,79.15,100,51,86,17860.4,6372.3,279.7,79.15,100,38,89,3.5,4.4,270.0,79.14,100,45,87,1096.6,16486.4,35.0,5,10
1783015440.837,1333.654,298.6,79.14,99,47,90,1.9,17112.9,292.3,79.15,100,48,86,20360.9,17.9,283.7,79.15,100,45,90,2.0,4.9,276.7,79.14,99,41,87,9841.9,14480.0,35.0,5,10
1783015441.279,1334.097,301.6,79.14,100,49,90,4.5,10392.1,293.0,79.15,100,57,86,17405.9,8554.1,286.4,79.15,100,38,89,1.9,4.9,277.2,79.14,100,45,87,1089.6,16746.3,35.0,5,10
1783015441.722,1334.540,301.6,79.14,100,49,90,6.4,11118.9,293.0,79.15,100,57,86,17619.8,7217.5,286.4,79.15,100,38,89,4.4,4.8,277.2,79.14,100,45,87,8074.6,14712.6,35.0,5,10
1783015442.171,1334.989,300.9,79.14,100,49,90,2.0,13557.2,294.7,79.15,100,45,86,17497.3,5324.7,287.3,79.15,100,40,90,1.9,5.0,276.1,79.14,100,41,87,9229.4,14341.7,35.0,5,10
1783015442.613,1335.431,299.6,79.14,100,46,90,10322.9,14726.2,294.0,79.15,100,52,86,12125.1,5.2,285.6,79.15,100,38,88,2.9,13761.6,277.2,79.14,99,44,87,17308.8,4066.7,35.0,5,10
1783015443.055,1335.873,299.1,79.14,100,46,89,2.0,5.8,293.1,79.15,100,47,86,20707.4,16177.0,281.3,79.15,100,38,90,2.3,5.9,272.9,79.14,99,34,87,10309.2,14385.4,35.0,5,10
1783015443.505,1336.322,296.8,79.14,99,43,90,20706.6,1264.4,288.0,79.15,99,40,86,20152.8,15524.0,278.9,79.15,99,35,89,20748.4,4.4,267.1,79.14,99,39,86,1.9,4.3,38.0,5,9
1783015443.947,1336.765,294.1,79.14,100,64,91,19766.6,4294.6,279.8,79.15,100,50,86,6.8,4.1,276.3,79.15,100,43,88,2.1,16018.9,264.4,79.14,100,44,86,15274.9,2871.0,38.0,5,9
1783015444.395,1337.213,292.4,79.14,100,65,90,3.9,11507.8,290.0,79.15,100,51,86,15639.5,9109.6,282.3,79.15,100,41,88,4.3,4.5,275.6,79.14,100,47,86,2.9,17312.4,38.0,5,9
1783015444.837,1337.655,296.1,79.14,100,61,90,2.3,4.6,300.5,79.15,100,47,86,2965.0,14716.6,293.1,79.15,100,43,89,20390.4,5.0,282.8,79.14,100,42,87,7.1,6.3,38.0,5,9
1783015445.280,1338.098,296.7,79.14,99,46,89,4.9,6159.5,299.1,79.15,99,44,86,16147.5,13859.0,286.4,79.15,100,36,89,3.0,5.7,276.8,79.14,99,37,87,19193.8,12799.2,38.0,5,9
1783015445.723,1338.540,296.7,79.14,99,46,89,16576.0,8.3,299.1,79.15,99,44,86,9.3,17114.9,286.4,79.15,100,36,89,20752.2,6.0,276.8,79.14,99,37,87,3.1,13168.1,38.0,5,9
1783015446.172,1338.990,298.5,79.14,100,44,90,3136.3,14396.7,290.6,79.15,100,43,86,20705.1,5.4,278.3,79.15,100,36,89,2.6,6536.8,269.1,79.14,99,38,86,16203.6,13296.9,38.0,5,9
1783015446.612,1339.430,298.5,79.14,99,48,90,13927.1,13191.1,285.4,79.15,100,47,86,10477.7,5.2,279.2,79.15,100,37,89,4.4,14058.6,267.0,79.14,100,40,86,19385.2,1079.8,38.0,5,9
1783015447.058,1339.876,298.6,79.14,99,44,89,20709.3,17110.6,291.1,79.15,100,43,86,1.8,6.5,279.5,79.15,100,37,89,1.8,17242.5,275.1,79.14,99,51,87,20754.6,5.0,38.0,5,9
1783015447.513,1340.331,300.2,79.14,99,54,90,20709.4,17109.1,292.0,79.15,100,47,86,2.7,4.9,285.0,79.15,99,40,89,3.5,17239.9,275.4,79.14,99,41,88,20732.8,5.4,38.0,5,9
1783015447.956,1340.774,300.1,79.14,100,46,89,18783.1,13260.8,293.2,79.15,100,47,86,5421.0,6.2,286.2,79.15,100,39,90,3.3,17030.0,275.0,79.14,99,46,87,20755.7,10.9,38.0,5,9
1783015448.402,1341.220,301.0,79.14,100,51,90,20708.3,17106.6,293.4,79.15,100,45,85,2.2,5.3,284.1,79.15,100,38,89,3.5,17238.9,274.7,79.14,99,41,87,20672.8,6.2,38.0,5,9
1783015448.844,1341.662,299.2,79.14,99,45,89,16108.3,7988.1,293.4,79.15,100,47,86,2.1,5.5,283.1,79.15,100,38,89,20763.3,17190.3,274.5,79.14,100,41,87,7.4,8.1,38.0,5,9
1783015449.287,1342.105,296.5,79.14,100,42,89,4.6,16516.4,292.8,79.15,100,40,86,16125.1,3790.7,278.5,79.15,100,34,89,2.7,4356.8,271.7,79.14,100,37,87,16304.9,15281.7,38.0,5,9
1783015449.728,1342.546,296.5,79.14,100,43,90,20492.4,13777.8,292.8,79.15,100,40,86,20728.9,15127.3,278.5,79.15,100,34,89,20126.7,14971.4,271.7,79.14,100,37,87,19683.6,4.6,41.0,6,9
1783015450.644,1343.462,292.0,79.14,100,63,90,2.8,5632.3,281.0,79.15,100,54,86,17247.9,13682.6,275.2,79.15,100,44,89,6.3,9.8,266.7,79.14,99,56,87,6.5,17306.5,41.0,6,9
1783015451.091,1343.909,293.8,79.14,100,59,90,4.0,4.5,290.4,79.15,100,47,85,10347.2,14752.3,288.6,79.15,99,42,89,11473.2,4.7,282.2,79.14,99,45,85,2.0,5110.4,41.0,6,9
1783015451.538,1344.356,298.5,79.14,100,47,89,2.4,17115.7,298.8,79.15,100,46,86,20703.5,5.5,290.9,79.15,100,43,89,2.1,5338.5,283.0,79.14,100,40,86,17780.6,13077.6,41.0,6,9
1783015451.979,1344.797,298.1,79.14,100,45,91,5.0,5.8,294.2,79.15,100,45,85,13204.6,14716.6,282.4,79.15,99,32,89,8954.1,6.0,275.8,79.14,99,36,86,952.3,16745.1,41.0,6,9
1783015452.421,1345.239,297.2,79.14,100,43,89,20707.4,17109.9,288.3,79.15,100,43,86,2.2,5.6,276.5,79.15,100,37,89,615.0,16738.8,267.3,79.14,100,41,87,20751.3,4.7,41.0,6,9
1783015452.864,1345.682,297.8,79.14,100,48,90,17799.7,10190.3,289.0,79.15,100,47,86,1.9,5.1,279.0,79.15,100,43,89,9821.5,16782.1,270.4,79.14,99,39,86,8378.4,4.6,41.0,6,9
1783015453.309,1346.127,302.8,79.14,100,49,90,19070.6,1279.0,289.9,79.15,100,45,85,1.9,4.5,284.9,79.15,100,39,89,9570.9,14547.5,273.3,79.14,100,42,85,12986.0,4.8,41.0,6,9
1783015453.750,1346.568,300.9,79.14,100,48,91,25260.9,13236.3,294.3,79.15,100,48,86,5.7,4.8,284.9,79.15,100,39,89,1071.9,16760.8,273.3,79.14,100,42,85,20749.1,4.6,41.0,6,9
1783015454.197,1347.015,300.9,79.14,100,48,91,20710.1,15641.4,294.3,79.15,100,48,86,4.8,5.3,285.3,79.15,100,48,90,4.4,14620.1,276.3,79.14,100,41,86,17055.7,4303.8,41.0,6,9
1783015454.642,1347.460,300.0,79.14,100,49,90,18961.5,14205.1,297.6,79.15,100,58,86,4320.0,4.9,286.6,79.15,100,38,89,6.4,8461.3,279.0,79.14,100,44,87,17234.4,9568.0,41.0,6,9
1783015455.086,1347.904,300.2,79.14,100,49,89,20711.4,15529.3,294.4,79.15,100,47,86,960.2,5.3,288.1,79.15,100,43,89,2.8,17234.4,276.2,79.14,100,41,86,20746.3,4.9,41.0,6,9
1783015455.528,1348.346,299.3,79.14,100,46,90,2.8,5.7,293.4,79.15,100,47,86,9680.0,14838.6,284.8,79.15,100,38,89,11902.9,5.9,273.8,79.14,100,40,85,2.1,17228.3,41.0,6,9
1783015455.970,1348.788,299.7,79.14,100,39,90,27994.9,2581.9,288.4,79.15,100,43,86,20705.3,17102.5,279.7,79.15,100,35,89,11565.6,17132.4,269.7,79.14,100,39,85,7854.3,17189.4,43.0,6,8
1783015456.413,1349.231,289.8,79.14,100,17,90,1.9,4.0,281.4,79.15,100,39,86,1.9,3.4,275.4,79.15,100,53,90,20301.9,16960.0,267.5,79.14,100,46,87,2.0,4.0,43.0,6,8
1783015456.856,1349.674,293.8,79.14,100,51,90,7668.0,12786.1,291.7,79.15,100,47,86,17172.0,4.6,281.4,79.15,100,53,90,2.7,7.0,274.9,79.14,100,43,87,20802.1,15298.6,43.0,6,8
1783015457.300,1350.118,303.6,79.14,100,49,90,10.0,81.1,303.3,79.15,100,59,86,19305.0,17109.4,291.0,79.15,100,41,89,3.5,4.7,286.5,79.14,100,52,87,1.9,17145.4,43.0,6,8
1783015457.743,1350.561,301.1,79.14,100,53,90,8.3,15138.7,294.0,79.15,100,46,86,16119.2,3870.6,291.0,79.15,100,41,89,4.1,502.2,286.5,79.14,100,52,87,19233.9,17190.7,43.0,6,8
1783015458.190,1351.008,301.1,79.14,100,53,90,9271.1,5.8,294.0,79.15,100,46,86,10.9,17112.5,289.2,79.15,100,36,89,20744.1,5.9,277.0,79.14,100,38,85,2.9,10662.7,43.0,6,8
1783015458.633,1351.451,297.0,79.14,100,38,90,14973.7,13491.7,287.6,79.15,100,44,85,9147.4,5.1,283.3,79.15,100,36,89,2.0,12751.1,271.0,79.14,100,38,86,18309.0,2456.9,43.0,6,8
1783015459.082,1351.899,296.8,79.14,100,45,89,15955.3,10281.5,288.5,79.15,100,44,86,2.8,4.9,276.7,79.15,100,40,89,7304.6,13562.0,270.0,79.14,100,39,86,16307.7,5.1,43.0,6,8
1783015459.528,1352.346,301.1,79.14,100,48,90,20706.3,4.7,289.2,79.15,100,44,85,2.8,4.8,280.4,79.15,100,36,89,20773.4,14807.6,270.3,79.14,99,40,87,1368.2,4.8,43.0,6,8
1783015459.971,1352.788,302.3,79.14,100,48,90,15702.5,8304.9,294.2,79.15,100,52,86,1.8,4.8,284.3,79.15,100,38,90,1076.8,16744.1,276.6,79.14,100,51,87,20751.4,4.7,43.0,6,8
1783015460.413,1353.231,300.9,79.14,100,54,90,20708.1,16556.6,295.7,79.15,100,48,86,2.3,4.6,286.5,79.15,100,38,89,3.9,6813.1,277.3,79.14,100,41,85,15476.0,13617.3,43.0,6,8
1783015460.856,1353.674,298.8,79.14,100,45,90,20495.4,12871.2,293.6,79.15,100,45,86,4249.6,4.5,287.9,79.15,100,45,90,1.9,3796.7,275.6,79.14,100,41,86,15908.5,16600.8,43.0,6,8
1783015461.303,1354.121,299.0,79.14,100,48,90,19677.0,13019.4,295.5,79.15,100,54,86,5021.2,10.8,284.9,79.15,100,38,88,4.2,17222.0,277.4,79.14,100,44,87,20751.2,6.1,43.0,6,8
1783015461.747,1354.565,299.7,79.14,100,44,90,8.3,8.4,292.4,79.15,100,39,86,9844.7,13443.9,284.9,79.15,100,38,88,12874.9,5.6,277.4,79.14,100,44,87,4.7,17232.7,43.0,6,8
1783015462.191,1355.009,299.7,79.14,100,44,90,16241.3,9933.5,292.4,79.15,100,39,86,2.1,5.7,281.8,79.15,100,33,89,26152.3,15252.4,270.9,79.14,100,34,86,22441.7,13851.8,46.0,7,8
1783015462.638,1355.456,297.2,79.14,100,44,90,5188.5,14523.6,286.1,79.15,100,46,85,17577.0,4.4,278.8,79.15,100,35,88,5.3,9.7,263.8,79.14,98,24,86,17120.2,14468.8,46.0,7,8
1783015463.086,1355.904,290.1,79.14,100,51,90,2.7,5.2,278.5,79.15,100,48,86,1930.4,15546.7,275.6,79.15,100,54,89,19688.8,4.6,264.9,79.14,100,45,86,2.2,4.5,46.0,7,8
1783015463.528,1356.345,290.2,79.14,100,50,89,14559.3,5.5,289.8,79.15,100,48,86,2.8,1016.4,283.3,79.15,100,49,90,18008.5,17158.5,274.5,79.14,100,44,86,1.8,4.7,46.0,7,8
1783015463.971,1356.789,301.4,79.14,100,48,90,17280.0,5.6,301.3,79.15,100,54,86,3.0,14674.9,288.8,79.15,100,38,89,17371.9,4051.8,283.4,79.14,100,44,87,2.2,493.1,46.0,7,8
1783015464.416,1357.234,298.1,79.14,100,46,90,20707.1,16276.7,294.4,79.15,100,47,85,60.0,5.6,283.8,79.15,100,37,88,3379.9,15053.3,275.5,79.14,100,33,87,18484.7,6.0,46.0,7,8
1783015464.858,1357.676,297.5,79.14,100,43,90,2.8,4.7,285.9,79.15,99,39,86,20707.5,17106.3,279.5,79.15,100,36,89,3.0,7.9,267.4,79.14,100,40,85,6863.6,14832.1,46.0,7,8
1783015465.305,1358.123,300.2,79.14,100,48,90,3.4,17118.2,289.4,79.15,100,55,86,19841.0,4.7,278.5,79.15,100,40,89,2.7,4.4,270.0,79.14,100,46,87,19709.2,17193.3,46.0,7,8
1783015465.750,1358.568,300.2,79.14,100,50,90,20712.8,17109.1,291.3,79.15,100,46,86,5.3,5.4,278.5,79.15,100,40,89,2.9,17239.2,270.0,79.14,100,46,87,20692.6,5.4,46.0,7,8
1783015466.203,1359.021,300.2,79.14,100,50,90,16253.7,14435.5,291.3,79.15,100,46,86,6876.5,5.2,284.4,79.15,100,41,89,2.8,1459.4,275.0,79.14,100,41,86,19674.8,13092.7,46.0,7,8
1783015466.650,1359.468,301.4,79.14,100,48,90,6262.3,14641.8,293.8,79.15,100,55,86,16809.2,6.3,285.8,79.15,100,40,89,6.1,529.1,277.0,79.14,100,51,87,18308.1,16713.1,46.0,7,8
1783015467.098,1359.916,301.2,79.14,100,58,90,12685.5,14770.2,294.9,79.15,100,47,85,9953.4,4.6,288.1,79.15,100,44,89,2.8,500.4,277.5,79.14,100,41,86,19706.2,17219.5,46.0,7,8
1783015467.540,1360.358,299.4,79.14,100,49,90,2499.3,15033.2,297.4,79.15,100,59,86,19862.2,5.0,285.6,79.15,100,40,89,2.8,495.1,278.8,79.14,100,46,87,19698.5,17192.6,46.0,7,8
1783015467.981,1360.799,299.2,79.14,100,50,90,20708.7,6.0,294.0,79.15,100,44,85,2.3,4449.6,284.7,79.15,100,38,89,17858.3,13644.8,275.1,79.14,100,40,86,2.7,5.7,46.0,7,8
1783015468.426,1361.244,298.1,79.14,100,44,90,6379.3,14751.6,289.6,79.15,100,45,86,16046.1,5.7,281.3,79.15,99,31,89,3.8,17406.5,269.7,79.14,100,38,86,20758.3,8601.0,49.0,7,7
1783015468.869,1361.687,293.4,79.14,100,9,91,2102.8,4.4,283.2,79.15,100,9,87,1.9,451.6,270.1,79.15,99,20,89,18573.0,17199.9,266.5,79.14,100,57,87,2.6,4.2,49.0,7,7
1783015469.317,1362.135,296.6,79.14,100,57,90,491.8,16625.1,290.4,79.15,100,67,86,20706.8,4.5,280.6,79.15,100,41,89,3.9,4.4,275.5,79.14,100,60,87,11817.0,13482.7,49.0,7,7
1783015469.761,1362.579,298.8,79.14,100,60,90,8.2,4.3,297.3,79.15,100,57,86,10906.5,12684.3,280.6,79.15,100,41,89,12192.0,4.7,283.0,79.14,100,53,87,4.0,526.9,49.0,7,7
1783015470.208,1363.026,298.8,79.14,100,60,90,4.1,4.8,297.3,79.15,100,57,86,8246.7,13397.6,295.2,79.15,100,41,90,15217.9,5.8,283.0,79.14,100,53,87,2.2,17054.4,49.0,7,7
1783015470.651,1363.469,297.6,79.14,100,45,90,20045.3,17112.4,295.5,79.15,100,44,86,3.1,8.7,290.7,79.15,100,43,89,20741.5,17197.2,279.9,79.14,100,39,86,11.3,7.9,49.0,7,7
1783015471.099,1363.917,295.5,79.14,100,39,89,4.2,17113.1,290.4,79.15,100,40,86,19933.0,858.3,280.5,79.15,100,30,89,3.0,5.1,274.4,79.14,100,37,86,20771.4,17203.8,49.0,7,7
1783015471.540,1364.358,296.2,79.14,100,45,89,20709.4,17109.9,287.3,79.15,100,45,86,2.8,5.1,275.0,79.15,100,37,89,2.0,17238.8,268.5,79.14,100,43,87,18719.3,1614.5,49.0,7,7
1783015471.983,1364.800,297.6,79.14,100,44,90,15684.5,11185.0,288.3,79.15,100,43,86,2.0,5.6,281.6,79.15,100,42,89,13276.1,13372.2,270.4,79.14,100,40,86,10757.5,4.9,49.0,7,7
1783015472.423,1365.241,303.0,79.14,100,56,90,16919.5,4477.0,291.4,79.15,100,50,86,2.7,4.8,285.4,79.15,100,38,89,10322.8,13165.2,273.0,79.14,100,40,85,13873.0,4.7,49.0,7,7
1783015472.867,1365.684,300.2,79.14,100,47,91,15773.3,6800.6,293.7,79.15,100,46,86,1.9,4.7,284.3,79.15,100,43,89,2628.6,15057.6,276.1,79.14,100,40,87,19680.5,4.7,49.0,7,7
1783015473.309,1366.127,299.9,79.14,100,47,90,18844.8,1451.6,294.9,79.15,100,45,85,3.6,5.0,284.3,79.15,100,38,89,18298.5,13153.7,275.5,79.14,100,40,86,5713.5,4.8,49.0,7,7
1783015473.750,1366.568,300.4,79.14,100,46,90,14792.2,7.5,293.3,79.15,100,50,86,3.0,9047.9,284.3,79.15,100,38,89,15632.9,10888.7,275.5,79.14,100,40,86,4.6,5.6,49.0,7,7
1783015474.195,1367.013,300.4,79.14,100,46,90,2.6,17116.4,293.3,79.15,100,50,86,20703.5,6.0,282.5,79.15,100,38,89,3.1,10608.0,274.3,79.14,100,42,87,16251.1,8954.2,49.0,7,7
1783015474.636,1367.454,297.1,79.14,100,43,89,2.6,6.1,291.7,79.15,100,38,86,20705.0,15631.2,278.8,79.15,100,32,88,93.5,9.8,271.0,79.14,100,31,86,11600.9,25132.0,52.0,8,7
1783015475.087,1367.904,294.7,79.14,100,38,90,2.7,6.6,279.7,79.15,100,40,85,1.8,17152.4,274.3,79.15,100,33,88,20696.2,4.8,257.6,79.14,98,23,86,2.8,4.1,52.0,8,7
1783015475.531,1368.349,287.9,79.14,100,54,90,20709.9,17110.8,275.6,79.15,100,50,86,1.8,4.5,272.3,79.15,100,54,89,4.3,6582.5,261.3,79.14,100,45,86,17368.5,12426.8,52.0,8,7
1783015475.975,1368.793,291.1,79.14,100,50,89,5.0,3183.7,287.7,79.15,100,48,86,17312.0,15925.8,284.2,79.15,100,49,89,2.2,5.0,274.6,79.14,100,44,86,1074.8,16811.0,52.0,8,7
1783015476.418,1369.236,299.2,79.14,100,50,89,4.0,4.4,301.3,79.15,100,47,86,20724.6,17107.5,289.8,79.15,100,41,89,9.9,5.7,283.3,79.14,100,43,86,8652.5,14700.4,52.0,8,7
1783015476.865,1369.683,299.2,79.14,100,43,90,20706.7,6.0,293.5,79.15,100,46,86,2.9,11516.7,285.1,79.15,99,37,89,18079.2,6389.1,275.6,79.14,100,37,86,7.7,5.9,52.0,8,7
1783015477.311,1370.129,296.8,79.14,100,44,89,20709.4,17114.8,287.1,79.15,100,41,86,3.7,5.4,278.2,79.15,100,34,89,2.4,17217.1,265.8,79.14,100,38,87,20755.7,5.2,52.0,8,7
1783015477.752,1370.570,298.0,79.14,100,48,90,20709.2,7.3,289.4,79.15,100,52,86,4.5,4.0,278.2,79.15,100,34,89,20770.3,17193.9,265.8,79.14,100,38,87,3.2,4.9,52.0,8,7
1783015478.198,1371.015,298.0,79.14,100,48,90,5203.3,5.1,289.4,79.15,100,52,86,2.9,13556.3,277.4,79.15,100,40,89,17398.8,4969.8,270.4,79.14,100,46,86,2.0,4.8,52.0,8,7
1783015478.639,1371.457,301.4,79.14,100,58,90,4073.8,4.5,290.0,79.15,100,48,85,2.8,4148.6,285.0,79.15,100,40,89,27053.0,6668.9,274.6,79.14,100,41,86,6.0,7.4,52.0,8,7
1783015479.089,1371.907,301.5,79.14,100,48,90,1763.8,4.5,295.1,79.15,100,54,86,1.8,4002.3,284.7,79.15,100,39,89,17524.6,14695.2,276.4,79.14,100,48,87,3.8,4.7,52.0,8,7
1783015479.531,1372.349,301.5,79.14,100,58,90,7167.7,4.7,294.4,79.15,100,48,85,2.8,8651.1,284.8,79.15,100,42,89,17799.2,7516.3,276.2,79.14,100,41,86,1.9,4.7,52.0,8,7
1783015479.977,1372.795,299.3,79.14,100,49,90,5.1,4.7,293.8,79.15,100,57,86,2.8,14433.0,284.0,79.15,100,40,89,17411.8,4265.8,275.0,79.14,100,44,87,3.7,5.2,52.0,8,7
1783015480.420,1373.238,299.4,79.14,100,46,90,4.5,17112.0,293.5,79.15,100,46,86,20066.0,558.6,281.7,79.15,100,38,89,4.0,3836.1,275.2,79.14,100,41,86,19945.1,11748.1,52.0,8,7
1783015480.864,1373.682,297.4,79.14,100,46,91,3.0,5.9,287.9,79.15,100,43,86,14497.7,14640.8,278.8,79.15,100,33,89,7796.3,8.6,268.2,79.14,99,34,86,2273.6,23748.7,55.0,8,6
1783015481.310,1374.127,291.8,79.14,100,11,92,20470.7,17109.5,280.2,79.15,100,11,86,3.6,4.5,270.4,79.15,99,35,88,2.3,10928.4,263.6,79.14,100,50,86,16034.8,8876.9,55.0,8,6
1783015481.755,1374.573,297.5,79.14,100,72,90,8.8,6.9,286.2,79.15,100,50,86,19429.5,13083.2,270.4,79.15,99,35,88,3837.6,4.5,263.6,79.14,100,50,86,2.9,530.5,55.0,8,6
1783015482.201,1375.019,297.5,79.14,100,72,90,2480.8,9.6,286.2,79.15,100,50,86,2.4,3.5,280.7,79.15,100,41,89,20300.3,17211.4,272.1,79.14,100,45,86,2.0,4.9,55.0,8,6
1783015482.645,1375.463,302.0,79.14,100,59,90,20707.4,4.8,295.6,79.15,100,47,85,2.7,5.3,292.7,79.15,99,47,89,20773.3,17199.8,283.1,79.14,100,42,86,8.7,9.2,55.0,8,6
1783015483.101,1375.918,295.9,79.14,99,46,89,2.2,17117.0,298.9,79.15,100,46,86,19391.6,1139.7,288.2,79.15,99,41,89,3.1,6987.1,281.6,79.14,99,38,86,16544.9,12652.0,55.0,8,6
1783015483.540,1376.358,298.3,79.14,100,42,89,104.7,5.7,292.4,79.15,100,39,86,4023.9,13736.0,278.1,79.15,100,33,89,19126.9,10.9,271.9,79.14,100,36,86,8.1,12568.5,55.0,8,6
1783015483.985,1376.803,297.9,79.14,100,45,90,5.1,5882.5,285.3,79.15,100,46,86,16101.7,14254.0,278.4,79.15,100,38,88,3.1,4.9,266.1,79.14,99,41,86,1073.4,16752.4,55.0,8,6
1783015484.425,1377.243,298.8,79.14,100,45,90,3.5,12874.0,289.0,79.15,100,44,86,15848.2,7422.1,280.9,79.15,100,40,89,3.8,5.5,273.2,79.14,99,41,86,20245.0,13211.9,55.0,8,6
1783015484.865,1377.683,300.8,79.14,100,55,90,1.8,14091.1,291.8,79.15,100,46,85,15725.1,6349.8,285.4,79.15,100,39,89,3.5,7.5,275.1,79.14,100,41,86,8132.5,13319.2,55.0,8,6
1783015485.310,1378.128,301.0,79.14,100,46,89,3.6,6107.5,294.1,79.15,100,46,86,15816.4,14028.5,284.1,79.15,100,38,89,2.4,4.6,275.8,79.14,100,47,87,1.8,17273.4,55.0,8,6
1783015485.750,1378.568,301.2,79.14,100,47,90,8.6,1194.2,293.0,79.15,100,44,86,18313.3,17112.8,284.1,79.15,100,38,89,3.7,5.1,275.8,79.14,100,47,87,1073.6,16783.6,55.0,8,6
1783015486.194,1379.012,301.2,79.14,100,47,90,2.3,7027.9,293.0,79.15,100,44,86,16152.4,13121.7,283.4,79.15,100,37,89,2.3,4.8,274.4,79.14,100,40,86,2924.5,14770.3,55.0,8,6
1783015486.637,1379.455,299.6,79.14,100,45,89,18744.7,15851.0,292.7,79.15,100,48,86,2.2,8.1,283.0,79.15,100,37,89,20763.7,17200.4,274.7,79.14,100,45,87,5.3,8.6,55.0,8,6
1783015487.086,1379.904,296.9,79.14,100,45,91,618.5,16550.5,292.8,79.15,100,42,85,20703.6,5.7,279.8,79.15,100,32,89,3.1,13812.5,272.7,79.14,99,34,86,16235.1,5909.4,58.0,9,6
1783015487.528,1380.346,297.2,79.14,100,44,90,4.0,17112.9,284.8,79.15,100,43,86,18908.5,1476.4,278.1,79.15,100,34,88,4.3,4.5,262.8,79.14,98,31,85,1734.2,15771.1,58.0,9,6
1783015487.972,1380.790,291.6,79.14,100,63,90,2.9,4.0,278.6,79.15,100,49,85,2.7,3782.1,272.8,79.15,100,43,89,17220.1,15283.4,263.2,79.14,99,43,85,5.0,4.5,58.0,9,6
1783015488.417,1381.235,293.0,79.14,100,62,90,17238.0,9734.9,287.9,79.15,100,48,86,3.4,4.3,283.5,79.15,100,42,89,2.0,13265.3,273.4,79.14,100,43,87,17005.6,5837.7,58.0,9,6
1783015488.859,1381.677,297.7,79.14,100,51,89,20598.4,15128.7,301.7,79.15,100,47,85,590.2,5.9,291.9,79.15,100,45,89,2.7,14734.1,283.5,79.14,100,40,86,18383.4,2155.1,58.0,9,6
1783015489.307,1382.124,297.6,79.14,99,44,90,3.4,6.0,294.2,79.15,99,46,85,14065.2,14919.1,285.8,79.15,99,36,89,7580.8,6.0,276.3,79.14,100,38,86,1647.4,15870.7,58.0,9,6
1783015489.751,1382.569,296.5,79.14,100,45,90,20708.7,8.3,287.4,79.15,100,42,85,7.7,11244.4,285.8,79.15,99,36,89,17936.5,7141.1,276.3,79.14,100,38,86,3.1,5.4,58.0,9,6
1783015490.198,1383.016,296.5,79.14,100,45,90,1.8,4.6,287.4,79.15,100,42,85,17443.6,14665.0,276.2,79.15,100,30,89,4676.2,4.9,268.2,79.14,100,38,86,1.9,8157.5,58.0,9,6
1783015490.641,1383.459,295.9,79.14,100,46,91,1.9,3.8,288.7,79.15,100,49,86,20222.0,17111.9,276.9,79.15,100,47,89,6.8,10.8,269.9,79.14,100,41,86,5290.3,14536.7,58.0,9,6
1783015491.089,1383.906,303.3,79.14,100,58,90,2.0,7737.5,290.3,79.15,100,48,86,17432.7,11122.3,282.3,79.15,100,38,88,1.9,4.7,271.3,79.14,100,40,87,1070.2,16777.3,58.0,9,6
1783015491.531,1384.348,301.9,79.14,100,49,89,3.5,3.7,294.2,79.15,100,48,86,20220.8,17108.8,284.9,79.15,100,40,89,3.9,4.5,276.2,79.14,100,47,86,1.9,15295.0,58.0,9,6
1783015491.972,1384.790,300.0,79.14,100,56,90,5.3,4.1,295.2,79.15,100,47,86,20227.0,17108.3,286.0,79.15,100,40,89,2.4,4.9,276.2,79.14,100,42,85,3.6,17263.8,58.0,9,6
1783015492.415,1385.233,299.2,79.14,100,48,89,3.5,3.9,294.0,79.15,100,49,86,20216.3,17107.8,285.4,79.15,100,42,89,2.4,5.1,275.3,79.14,100,44,86,1.8,17281.3,58.0,9,6
1783015492.857,1385.675,298.9,79.14,100,48,90,14054.8,14755.0,293.2,79.15,100,45,85,8331.1,5.9,284.1,79.15,100,37,89,2.8,17139.2,274.9,79.14,100,40,86,20748.7,5.9,58.0,9,6
1783015493.299,1386.117,298.3,79.14,100,46,89,3.1,3518.7,288.7,79.15,100,45,86,18324.3,14794.2,281.9,79.15,100,31,89,2.2,5.8,269.1,79.14,100,35,86,20725.7,14737.1,61.0,9,5
1783015493.742,1386.559,293.2,79.14,100,9,90,5.4,9.6,280.6,79.15,100,12,87,11.7,8205.1,281.9,79.15,100,31,89,15201.8,10985.6,269.1,79.14,100,35,86,3.7,4.6,61.0,9,5
1783015494.191,1387.009,293.2,79.14,100,9,90,20309.3,12336.4,280.6,79.15,100,12,87,5065.4,4.3,269.1,79.15,100,25,89,2.3,4.4,263.2,79.14,100,58,87,20798.4,14983.4,61.0,9,5
1783015494.633,1387.451,294.0,79.14,100,65,90,3.5,4.1,287.1,79.15,100,59,86,20717.7,16457.9,279.9,79.15,100,41,89,4.5,7.5,271.2,79.14,99,56,87,1.8,9918.4,61.0,9,5
1783015495.089,1387.907,296.8,79.14,100,63,90,2.1,4.6,295.7,79.15,100,47,86,19844.3,12969.4,292.1,79.15,100,41,89,4370.1,4.7,284.0,79.14,99,43,85,3.8,6327.8,61.0,9,5
1783015495.536,1388.353,295.9,79.14,100,45,90,19978.7,13323.0,297.3,79.15,100,46,85,4322.1,6.0,288.4,79.15,100,45,89,4032.7,13841.8,281.7,79.14,100,39,86,19611.0,5.8,61.0,9,5
1783015495.979,1388.797,294.8,79.14,100,43,91,6.4,6921.4,292.8,79.15,100,41,85,16480.1,12929.2,279.7,79.15,100,31,89,2.1,5.7,273.0,79.14,100,38,86,20772.6,14327.8,61.0,9,5
1783015496.422,1389.240,298.0,79.14,100,44,90,19550.0,17110.9,287.5,79.15,100,46,86,4.2,4.8,276.2,79.15,100,37,89,2.0,17223.0,266.1,79.14,100,43,86,18352.0,1912.9,61.0,9,5
1783015496.864,1389.682,299.1,79.14,100,45,89,16350.8,12303.4,287.6,79.15,100,44,85,2.5,4.7,279.8,79.15,100,41,89,1.8,17234.9,270.3,79.14,100,39,86,20760.4,5.3,61.0,9,5
1783015497.306,1390.124,302.5,79.14,100,54,90,15795.6,11045.2,290.1,79.15,100,48,86,2.8,4.8,285.1,79.15,100,37,89,732.1,16759.0,273.0,79.14,100,40,85,20747.1,4.7,61.0,9,5
1783015497.746,1390.564,300.9,79.14,100,47,90,20715.7,17109.3,292.8,79.15,100,45,85,5.2,4.6,285.1,79.15,100,37,89,3.6,17250.4,273.0,79.14,100,40,85,19299.0,1157.8,61.0,9,5
1783015498.192,1391.009,300.9,79.14,100,47,90,20709.4,17111.8,292.8,79.15,100,45,85,2.0,4.9,284.2,79.15,100,42,89,2.7,14983.3,276.1,79.14,100,41,86,15452.0,5685.0,61.0,9,5
1783015498.637,1391.455,300.4,79.14,100,45,90,18943.4,17109.2,295.3,79.15,100,47,86,3.6,5.0,283.9,79.15,100,37,88,6.5,17241.0,276.3,79.14,99,39,85,20754.4,10.1,61.0,9,5
1783015499.081,1391.899,299.8,79.14,100,45,91,12775.5,5.5,293.1,79.15,100,45,86,3.0,16237.8,283.7,79.15,100,42,89,17249.6,2792.8,274.7,79.14,99,40,86,4.1,2934.5,61.0,9,5
1783015499.524,1392.342,297.8,79.14,100,46,89,20708.2,17110.4,291.0,79.15,100,45,86,2.2,6.0,281.7,79.15,100,31,89,12376.7,13609.3,274.3,79.14,100,34,86,11334.8,5.7,61.0,9,5
1783015499.966,1392.784,297.5,79.14,100,43,89,20706.4,4.5,287.2,79.15,100,43,86,1.9,4.5,276.4,79.15,100,35,88,13503.6,14276.3,263.8,79.14,98,32,86,9833.2,4.5,64.0,10,5
1783015500.418,1393.236,292.1,79.14,100,62,90,2.2,17117.8,279.3,79.15,100,51,86,20707.4,4.3,272.6,79.15,100,43,88,2.7,4.5,263.1,79.14,100,51,87,1107.7,16501.4,64.0,10,5
1783015500.862,1393.680,295.2,79.14,100,61,90,1.8,4.3,286.0,79.15,100,48,86,14792.9,14007.1,283.1,79.15,100,40,89,8163.0,7.5,271.7,79.14,100,43,85,4.5,553.5,64.0,10,5
1783015501.314,1394.132,298.3,79.14,100,52,89,2.6,5.5,301.4,79.15,100,48,85,6715.5,14561.8,293.0,79.15,100,43,89,15364.5,4.7,282.3,79.14,100,40,86,1.9,8.4,64.0,10,5
1783015501.756,1394.574,298.8,79.14,100,43,90,6841.2,14636.4,293.9,79.15,100,45,86,15503.8,6.0,293.0,79.15,100,43,89,3.7,17218.4,282.3,79.14,100,40,86,20745.5,6.4,64.0,10,5
1783015502.200,1395.018,298.8,79.14,100,43,90,2.1,173.5,293.9,79.15,100,45,86,18688.0,17104.2,286.0,79.15,100,37,89,3.0,5.8,276.6,79.14,100,38,85,16880.8,14711.5,64.0,10,5
1783015502.643,1395.461,296.3,79.14,100,45,89,18227.4,17079.1,286.8,79.15,100,43,85,4.0,4.7,278.1,79.15,100,30,89,6.5,17238.8,268.5,79.14,100,38,86,20750.2,9.6,64.0,10,5
1783015503.088,1395.906,295.7,79.14,100,46,90,17380.6,2855.7,287.9,79.15,100,47,85,1.8,4.5,277.3,79.15,100,46,89,4223.3,14653.5,269.9,79.14,100,41,86,18250.3,5.1,64.0,10,5
1783015503.530,1396.347,301.9,79.14,100,59,90,17269.1,9366.8,291.1,79.15,100,52,86,3.5,4.7,282.9,79.15,100,39,89,1069.6,16761.3,270.7,79.14,100,39,85,20756.1,4.6,64.0,10,5
1783015503.971,1396.789,301.8,79.14,100,49,91,20710.5,17110.3,294.9,79.15,100,48,86,1.9,4.8,285.7,79.15,100,48,89,2.3,13362.2,277.4,79.14,100,43,86,17246.2,5661.6,64.0,10,5
1783015504.416,1397.234,300.1,79.14,100,50,90,10618.6,14545.0,296.2,79.15,100,59,86,11898.1,4.7,286.5,79.15,100,40,89,2.6,509.1,281.0,79.14,100,51,87,19702.8,17198.6,64.0,10,5
1783015504.858,1397.675,300.4,79.14,100,49,89,2.2,17113.2,294.8,79.15,100,48,86,20704.8,12.1,289.6,79.15,100,49,89,3.7,6.7,277.4,79.14,100,41,86,19711.0,17199.6,64.0,10,5
1783015505.308,1398.126,299.0,79.14,100,47,90,17712.6,14653.2,296.2,79.15,100,50,86,4825.3,4.9,285.1,79.15,100,37,89,2.0,12869.3,277.1,79.14,100,43,86,17460.1,5733.5,64.0,10,5
1783015505.751,1398.569,299.2,79.14,100,46,90,8.2,8.3,293.0,79.15,100,46,86,13131.2,14660.2,285.1,79.15,100,37,89,8724.4,5.8,277.1,79.14,100,43,86,3.0,17238.6,64.0,10,5
1783015506.196,1399.014,299.2,79.14,100,46,90,20706.7,17109.6,293.0,79.15,100,46,86,9963.5,16377.0,282.0,79.15,100,37,88,15744.6,12413.2,271.7,79.14,100,34,85,4.1,4.5,67.0,10,4
1783015506.637,1399.455,294.1,79.14,98,10,89,17834.7,17110.7,284.3,79.15,100,9,85,3.5,4.2,274.6,79.15,100,9,89,5.3,1055.2,263.5,79.14,100,29,85,18237.4,17198.0,67.0,10,4
1783015507.087,1399.904,293.8,79.14,100,49,90,2.0,7446.2,286.5,79.15,100,49,86,15630.9,13068.7,282.8,79.15,100,59,89,2.7,4.5,271.7,79.14,100,43,86,3.8,16282.4,67.0,10,4
1783015507.528,1400.346,299.1,79.14,100,50,89,4.3,4.4,295.8,79.15,100,52,86,1590.9,15843.9,288.6,79.15,99,48,90,20748.5,4.9,284.8,79.14,100,47,87,1.9,4.3,67.0,10,4
1783015507.969,1400.787,301.2,79.14,100,45,90,6.1,5007.9,297.1,79.15,100,53,86,16430.2,11547.2,287.1,79.15,100,37,88,3.0,5.8,279.5,79.14,100,45,87,20776.8,14307.2,67.0,10,4
1783015508.416,1401.234,298.4,79.14,100,44,90,15371.9,5.8,291.2,79.15,100,40,86,2.1,17117.8,285.0,79.15,100,33,89,18886.6,1588.4,269.3,79.14,100,36,86,2.2,5572.7,67.0,10,4
1783015508.862,1401.679,296.2,79.14,100,43,90,1718.2,15538.2,285.9,79.15,100,45,86,20702.8,5.6,278.8,79.15,100,37,89,2.5,14356.3,267.5,79.14,99,40,85,15874.2,4339.7,67.0,10,4
1783015509.308,1402.126,299.4,79.14,100,46,90,20708.0,16457.5,289.5,79.15,100,53,86,3.1,6.1,279.7,79.15,100,37,88,2.9,17222.9,271.7,79.14,100,44,86,20747.2,5.1,67.0,10,4
1783015509.748,1402.566,298.6,79.14,100,45,90,20714.6,17110.0,294.4,79.15,100,47,85,6.8,4.7,279.7,79.15,100,37,88,3.8,12731.0,271.7,79.14,100,44,86,15407.3,7651.0,67.0,10,4
1783015510.193,1403.011,298.6,79.14,100,45,90,5839.6,13025.8,294.4,79.15,100,47,85,18625.6,4.8,282.6,79.15,99,46,89,2.3,4.1,275.9,79.14,99,41,86,20793.9,17203.1,67.0,10,4
1783015510.634,1403.452,300.2,79.14,99,48,90,3.5,11048.4,295.2,79.15,100,56,86,15829.4,9353.9,284.7,79.15,100,39,89,2.4,10.8,277.0,79.14,100,48,87,8520.7,12507.5,67.0,10,4
1783015511.079,1403.897,302.4,79.14,100,57,90,2.2,6769.1,294.1,79.15,100,45,85,15708.8,13736.9,288.0,79.15,99,40,89,1.9,4.9,276.1,79.14,99,40,85,1078.2,16746.4,67.0,10,4
1783015511.523,1404.340,298.5,79.14,100,47,90,1.9,11308.1,294.9,79.15,100,51,86,15825.1,9106.2,284.6,79.15,100,37,89,2.1,5.4,278.1,79.14,100,46,86,20775.4,14472.8,67.0,10,4
1783015511.964,1404.782,298.5,79.14,100,45,90,20707.6,5.7,293.2,79.15,100,45,86,3.1,17111.2,282.2,79.15,100,38,89,20756.3,6.4,274.7,79.14,100,37,86,2.2,9273.5,67.0,10,4
1783015512.419,1405.237,296.7,79.14,100,41,91,24208.9,14300.9,287.7,79.15,100,42,86,21161.1,15551.1,279.2,79.15,100,33,89,20752.3,17183.3,267.5,79.14,100,38,86,20752.4,17194.9,70.0,11,4
1783015512.861,1405.679,292.4,79.14,100,62,91,2.0,4.0,278.6,79.15,100,52,86,514.5,17111.3,270.8,79.15,100,44,89,20750.7,6.9,261.4,79.14,100,45,85,5.4,4.2,70.0,11,4
1783015513.309,1406.126,294.8,79.14,100,65,90,20706.1,4.8,285.3,79.15,100,48,85,2.7,4.4,281.1,79.15,100,41,89,6576.0,14520.9,270.5,79.14,100,43,86,16344.6,4.4,70.0,11,4
1783015513.750,1406.568,301.8,79.14,100,50,89,20712.9,17110.0,302.6,79.15,100,50,85,5.9,4.8,281.1,79.15,100,41,89,4.8,11519.7,270.5,79.14,100,43,86,17135.6,7400.7,70.0,11,4
1783015514.198,1407.016,301.8,79.14,100,50,89,17888.1,12569.3,302.6,79.15,100,50,85,3.0,5.8,293.8,79.15,100,47,89,20763.4,16232.6,285.7,79.14,100,40,86,4.0,5.5,70.0,11,4
1783015514.643,1407.461,298.3,79.14,99,45,90,3.8,17118.9,296.6,79.15,100,43,86,20704.3,6.6,286.5,79.15,100,36,88,6.0,9025.8,276.9,79.14,100,39,87,18459.4,8510.1,70.0,11,4
1783015515.086,1407.904,297.8,79.14,100,43,90,532.1,4.8,288.3,79.15,99,45,85,2.0,17117.4,279.5,79.15,100,33,89,19620.0,960.7,268.9,79.14,99,36,86,4.7,4.8,70.0,11,4
1783015515.530,1408.347,296.6,79.14,100,47,90,1.9,4.8,285.7,79.15,99,45,85,8104.7,14618.8,278.6,79.15,100,38,89,14145.0,5.1,270.1,79.14,100,43,86,1.9,4616.2,70.0,11,4
1783015515.973,1408.791,300.5,79.14,100,46,90,5.6,4.6,290.7,79.15,100,47,86,16697.4,14211.9,280.4,79.15,100,40,89,5982.8,4.7,272.8,79.14,100,44,86,1.9,3402.8,70.0,11,4
1783015516.417,1409.235,300.5,79.14,100,49,90,2.3,4.5,295.1,79.15,100,49,85,492.0,17146.7,285.4,79.15,100,48,89,20748.5,4.9,277.0,79.14,100,42,86,2.5,4.8,70.0,11,4
1783015516.858,1409.676,300.7,79.14,100,49,90,2.7,4.5,296.7,79.15,100,59,86,2.7,8137.2,287.1,79.15,100,40,89,17471.1,1591.2,279.0,79.14,100,52,87,6.7,4.8,70.0,11,4
1783015517.308,1410.126,300.9,79.14,100,52,90,1.9,4.5,294.9,79.15,100,48,85,1.9,6820.6,289.0,79.15,100,45,89,17259.2,11973.7,277.5,79.14,100,43,86,6.8,4.8,70.0,11,4
1783015517.749,1410.566,298.7,79.14,100,49,90,9914.8,7.5,297.4,79.15,100,56,86,4.6,6087.2,289.0,79.15,100,45,89,17802.2,12436.3,277.5,79.14,100,43,86,3.0,5.1,70.0,11,4
1783015518.194,1411.012,298.7,79.14,100,49,90,2.1,2954.4,297.4,79.15,100,56,86,18207.9,15296.1,286.1,79.15,100,39,89,2.5,5.7,279.0,79.14,100,44,87,17766.9,14698.3,70.0,11,4
1783015518.636,1411.454,297.5,79.14,100,45,91,20707.1,5.6,293.6,79.15,100,46,86,2.2,10743.3,280.9,79.15,100,35,89,26954.9,964.6,274.8,79.14,100,38,86,20602.5,13488.8,72.0,11,3
1783015519.079,1411.897,297.9,79.14,100,47,90,2.6,4.4,288.0,79.15,100,43,86,20227.9,17110.3,279.5,79.15,98,24,89,3.9,4.8,264.8,79.14,100,8,89,2.1,2230.6,72.0,11,3
1783015519.527,1412.345,294.6,79.14,100,50,89,20709.3,5.0,286.1,79.15,100,49,86,2.7,4.5,278.3,79.15,100,52,90,18388.4,12652.9,270.0,79.14,100,45,86,6373.8,4.6,72.0,11,3
1783015519.969,1412.786,295.2,79.14,100,49,89,13048.8,12916.9,292.2,79.15,100,51,86,10898.1,4.8,286.6,79.15,100,43,90,3.6,1854.3,279.6,79.14,100,50,87,17404.9,17197.1,72.0,11,3
1783015520.410,1413.228,301.0,79.14,100,46,90,143.2,16731.2,299.1,79.15,100,54,86,20705.9,5.8,290.8,79.15,100,37,89,2.6,9004.5,280.4,79.14,100,45,87,15824.5,10898.1,72.0,11,3
1783015520.852,1413.670,298.1,79.14,100,45,89,1205.1,5.9,293.5,79.15,99,46,86,6861.2,13609.3,285.9,79.15,100,37,88,16505.3,8.1,272.7,79.14,100,33,86,7.5,17235.3,72.0,11,3
1783015521.295,1414.113,296.0,79.14,100,42,90,16402.8,16307.4,287.2,79.15,99,38,86,2.9,5.3,278.6,79.15,100,35,89,9133.5,13501.2,267.4,79.14,100,40,86,14783.6,5.7,72.0,11,3
1783015521.737,1414.555,299.5,79.14,100,42,90,19589.0,8.7,287.2,79.15,99,38,86,8.2,510.1,278.6,79.15,100,35,89,18599.8,17197.2,267.4,79.14,100,40,86,2.9,5.1,72.0,11,3
1783015522.182,1415.000,299.5,79.14,100,48,90,8435.1,4.9,288.0,79.15,100,55,86,2.4,11918.3,279.8,79.15,100,39,89,16155.6,7713.4,269.7,79.14,99,46,87,2.9,4.9,72.0,11,3
1783015522.626,1415.444,299.7,79.14,100,48,89,11602.4,4.5,291.7,79.15,100,47,86,2.8,5.3,283.7,79.15,100,40,89,19703.7,17208.2,275.4,79.14,100,40,86,8.6,8.9,72.0,11,3
1783015523.077,1415.895,301.3,79.14,99,47,90,17931.4,5.1,293.9,79.15,100,55,86,2.7,4.4,285.4,79.15,100,39,89,20780.4,17198.5,276.4,79.14,100,50,87,3.2,4.6,72.0,11,3
1783015523.522,1416.340,301.1,79.14,100,58,90,20704.7,4.8,294.3,79.15,100,47,85,2.6,4.9,288.1,79.15,100,43,89,20764.6,14803.2,276.6,79.14,100,40,86,1531.7,4.7,72.0,11,3
1783015523.965,1416.783,299.0,79.14,100,48,90,20706.1,4.5,295.6,79.15,99,57,86,1.9,4.7,286.4,79.15,100,40,89,19460.0,12937.6,278.0,79.14,100,46,87,4989.3,5.3,72.0,11,3
1783015524.411,1417.229,299.7,79.14,100,48,90,2.2,5.8,293.2,79.15,99,45,85,14972.7,13701.4,284.8,79.15,100,37,89,8158.6,6.1,275.5,79.14,99,40,86,491.9,16752.6,72.0,11,3
1783015524.856,1417.673,298.2,79.14,100,44,90,18795.6,1485.6,288.7,79.15,100,43,86,3.7,673.1,281.6,79.15,99,29,89,18380.5,17199.4,269.7,79.14,100,35,86,8.7,5.9,75.0,12,3
1783015525.297,1418.115,288.3,79.14,100,11,91,17255.8,16159.5,276.1,79.15,100,19,86,1.8,4.4,268.5,79.15,100,44,89,2.5,13806.7,258.9,79.14,100,47,86,17263.4,5202.4,75.0,12,3
1783015525.739,1418.556,292.2,79.14,100,60,90,6.1,9.6,276.1,79.15,100,19,86,20249.6,17109.9,268.5,79.15,100,44,89,2.0,4.6,258.9,79.14,100,47,86,1.9,3986.0,75.0,12,3
1783015526.185,1419.003,292.2,79.14,100,60,90,2.8,4.2,285.5,79.15,100,49,84,2.5,8652.9,281.1,79.15,100,51,88,17138.1,10463.0,268.9,79.14,100,44,87,2.8,5.0,75.0,12,3
1783015526.628,1419.446,300.2,79.14,100,50,90,6944.9,4.6,296.1,79.15,100,48,85,1.9,3072.9,293.9,79.15,100,54,90,18266.3,15047.4,286.0,79.14,100,43,86,8.4,8.3,75.0,12,3
1783015527.072,1419.890,300.7,79.14,100,47,90,4528.7,15081.0,297.9,79.15,100,54,86,17623.1,5.8,286.4,79.15,100,38,89,4.3,17211.1,278.1,79.14,100,38,86,20753.7,5.9,75.0,12,3
1783015527.515,1420.333,298.9,79.14,100,37,90,2.9,5.3,288.9,79.15,100,41,86,20711.7,17104.9,279.9,79.15,100,36,89,2.0,5.2,269.5,79.14,100,39,85,3300.5,14827.7,75.0,12,3
1783015527.958,1420.776,296.6,79.14,100,46,90,4541.8,14405.6,284.8,79.15,100,44,86,18185.1,4.7,279.6,79.15,100,40,89,4.3,4.0,268.4,79.14,100,40,86,20577.8,17190.9,75.0,12,3
1783015528.406,1421.224,298.9,79.14,100,48,90,20708.1,17108.3,288.6,79.15,100,50,86,2.8,5.0,279.9,79.15,100,37,89,3.3,17227.0,270.3,79.14,100,40,85,19252.0,1197.3,75.0,12,3
1783015528.848,1421.666,300.3,79.14,100,49,89,20709.3,16249.2,294.2,79.15,100,48,86,54.9,4.5,283.5,79.15,100,42,89,2.3,5545.1,276.5,79.14,99,45,86,17540.1,13127.9,75.0,12,3
1783015529.289,1422.107,301.1,79.14,100,52,90,7299.5,13985.2,295.1,79.15,100,51,86,15878.7,4.5,286.7,79.15,100,39,89,2.7,4.3,278.5,79.14,99,41,85,20789.9,17191.3,75.0,12,3
1783015529.731,1422.548,301.1,79.14,100,52,90,5.9,17119.0,295.1,79.15,100,51,86,12938.8,7.2,286.7,79.15,100,39,89,2.7,1262.5,278.5,79.14,99,41,85,18383.4,16733.0,75.0,12,3
1783015530.181,1422.999,299.3,79.14,100,45,90,7670.2,14231.5,293.8,79.15,100,46,85,15244.9,4.9,287.9,79.15,100,44,89,2.7,496.8,275.8,79.14,100,41,86,19703.1,17196.4,75.0,12,3
1783015530.624,1423.442,299.1,79.14,100,49,90,17874.7,11495.7,295.2,79.15,100,54,86,2.1,5.9,285.7,79.15,100,39,89,20762.8,17196.1,276.6,79.14,100,42,86,8.4,8.5,75.0,12,3
1783015531.075,1423.893,299.6,79.14,100,45,90,7655.4,14761.7,292.6,79.15,100,41,86,14812.2,10.5,282.2,79.15,100,35,89,4.3,17221.0,272.0,79.14,99,35,86,20702.2,6.2,78.0,12,2
1783015531.517,1424.335,297.8,79.14,100,45,90,1.8,4.1,288.0,79.15,100,45,86,2787.5,14864.7,280.1,79.15,100,36,90,20743.7,4.7,267.6,79.14,98,25,85,3.9,4.4,78.0,12,2
1783015531.959,1424.777,295.4,79.14,99,59,90,15215.0,8557.3,283.1,79.15,100,56,86,4.3,4.1,277.8,79.15,100,42,89,1.9,14247.3,268.5,79.14,99,54,87,15113.5,6690.8,78.0,12,2
1783015532.399,1425.217,295.7,79.14,100,59,90,1.8,14826.5,291.6,79.15,100,52,86,15365.9,5860.5,284.1,79.15,99,40,88,1.8,10.2,276.7,79.14,100,45,86,494.2,17300.7,78.0,12,2
1783015532.842,1425.660,299.1,79.14,100,59,90,1.9,4.8,299.1,79.15,100,46,85,20724.8,15772.0,293.1,79.15,99,43,89,91.0,4.9,281.7,79.14,99,39,85,5.2,15835.8,78.0,12,2
1783015533.288,1426.106,298.3,79.14,99,45,90,20708.4,16224.1,294.3,79.15,100,44,86,8.4,6.0,286.2,79.15,100,36,89,10081.7,13523.5,276.2,79.14,100,39,85,13875.1,8.0,78.0,12,2
1783015533.733,1426.551,298.3,79.14,99,45,90,6.4,16939.1,294.3,79.15,100,44,86,17566.6,1885.1,286.2,79.15,100,36,89,3.0,485.8,276.2,79.14,100,39,85,19474.0,17196.5,78.0,12,2
1783015534.181,1426.998,298.1,79.14,99,43,90,16342.3,11130.5,287.8,79.15,100,44,85,3.2,4.6,278.3,79.15,100,31,89,494.1,16741.3,268.3,79.14,100,38,86,20747.1,4.9,78.0,12,2
1783015534.622,1427.440,298.0,79.14,100,45,90,17131.3,2855.2,285.7,79.15,100,46,85,1.9,4.6,279.6,79.15,100,39,88,5459.7,16322.7,269.7,79.14,100,41,87,15034.4,9.2,78.0,12,2
1783015535.067,1427.884,299.4,79.14,100,47,90,17125.3,2812.5,293.7,79.15,100,58,86,3.6,4.5,280.6,79.15,100,40,89,5776.8,13345.3,274.2,79.14,100,41,87,18441.6,4.8,78.0,12,2
1783015535.509,1428.327,301.0,79.14,100,57,90,19595.0,17109.0,294.0,79.15,100,47,85,1.9,4.8,285.7,79.15,100,42,89,2.3,16464.1,275.8,79.14,100,40,86,16339.0,3818.2,78.0,12,2
1783015535.951,1428.769,300.0,79.14,99,47,89,20713.1,15254.3,294.2,79.15,100,50,86,2.0,4.7,287.6,79.15,100,41,90,2.0,11808.9,278.1,79.14,100,47,87,15711.2,8110.4,78.0,12,2
1783015536.394,1429.212,301.0,79.14,100,52,90,20708.3,14749.4,293.6,79.15,99,46,86,1883.8,4.8,284.5,79.15,100,40,88,2.0,10141.0,275.4,79.14,100,42,86,15725.5,10053.3,78.0,12,2
1783015536.837,1429.655,299.5,79.14,100,46,89,15920.5,7055.9,293.2,79.15,99,45,86,2.1,5.6,284.8,79.15,100,37,89,20757.9,17198.1,273.1,79.14,100,39,87,5.9,8.4,78.0,12,2
1783015537.286,1430.104,298.6,79.14,100,45,90,1290.2,16015.4,292.7,79.15,100,44,86,20703.5,5.8,279.4,79.15,100,35,89,3.6,17217.6,270.4,79.14,100,32,85,19195.1,1294.7,78.0,12,2
1783015537.730,1430.548,298.6,79.14,100,45,90,20709.3,17114.8,292.7,79.15,100,44,86,10.3,6.6,279.4,79.15,100,35,89,2.7,17240.1,270.4,79.14,100,32,85,20079.6,720.2,81.0,13,2
1783015538.184,1431.002,292.4,79.14,98,11,89,2.7,4046.5,278.8,79.15,100,11,85,17214.6,15229.1,270.6,79.15,100,10,89,3.5,4.2,261.3,79.14,100,53,87,1.7,2972.9,81.0,13,2
1783015538.627,1431.445,292.2,79.14,100,54,90,4.5,4.1,285.9,79.15,100,69,86,1.8,8331.8,277.4,79.15,100,43,90,20013.2,8125.7,271.0,79.14,100,60,87,9.9,9.3,81.0,13,2
1783015539.076,1431.894,293.7,79.14,100,54,90,20704.7,4.7,298.9,79.15,100,61,86,4.3,4.4,294.0,79.15,100,41,90,20774.4,17200.8,284.0,79.14,100,57,87,1.9,4.8,81.0,13,2
1783015539.518,1432.336,298.4,79.14,100,51,90,2.7,6.2,297.2,79.15,100,46,85,20707.6,17105.0,291.6,79.15,100,44,89,2.3,6.0,276.1,79.14,100,39,85,13546.6,14608.5,81.0,13,2
1783015539.961,1432.779,296.6,79.14,100,39,90,17739.3,8.4,292.5,79.15,100,43,86,3.8,17110.5,282.0,79.15,99,29,89,20750.2,6.3,270.8,79.14,100,38,86,2.1,4292.9,81.0,13,2
1783015540.877,1433.695,298.2,79.14,100,46,89,20706.1,5.1,288.5,79.15,100,45,85,3.6,4.8,280.3,79.15,100,41,89,10343.3,14285.3,270.0,79.14,100,39,86,12392.3,5.2,81.0,13,2
1783015541.319,1434.136,303.0,79.14,100,55,90,20706.4,4.9,291.1,79.15,100,50,86,1.9,4.7,286.2,79.15,100,39,90,16149.3,17615.4,273.0,79.14,100,41,85,85.7,4.8,81.0,13,2
1783015541.766,1434.584,300.6,79.14,100,49,90,20709.2,7.2,293.9,79.15,100,47,85,3.5,4.5,286.2,79.15,100,39,90,18846.4,14219.3,273.0,79.14,100,41,85,4123.6,4.6,81.0,13,2
1783015542.211,1435.029,300.6,79.14,100,49,90,20704.9,5.3,293.9,79.15,100,47,85,2.8,4.9,285.5,79.15,100,43,89,16859.5,14345.9,276.8,79.14,100,41,86,6301.3,4.8,81.0,13,2
1783015542.653,1435.470,300.0,79.14,100,45,90,20704.8,5.1,295.9,79.15,100,48,86,1.9,7.7,285.5,79.15,100,37,89,20716.8,17197.2,276.3,79.14,100,40,85,9.4,7.5,81.0,13,2
1783015543.105,1435.923,299.6,79.14,100,46,91,2.1,5.4,292.9,79.15,99,47,85,15233.6,14544.1,285.2,79.15,100,43,89,7005.4,6.7,275.0,79.14,100,42,86,490.9,16751.3,81.0,13,2
1783015543.547,1436.365,298.0,79.14,100,47,90,18859.7,1478.1,291.1,79.15,100,46,85,2.1,3035.5,282.4,79.15,99,33,89,18270.9,15049.8,274.7,79.14,100,37,86,3.1,5.8,81.0,13,2
1783015543.989,1436.806,297.3,79.14,100,44,89,20706.0,17109.0,288.0,79.15,100,46,85,2.7,4.3,277.2,79.15,100,36,88,2.3,5767.0,265.8,79.14,98,34,86,15615.5,14325.6,84.0,13,1
1783015544.435,1437.253,291.7,79.14,100,51,90,1.7,4.1,284.6,79.15,99,58,86,19471.1,12433.1,274.6,79.15,100,42,90,572.1,4.1,267.8,79.14,99,54,87,1.8,8.2,84.0,13,1
1783015544.881,1437.699,296.1,79.14,100,49,90,5759.8,4.1,291.8,79.15,99,58,86,6.1,38.0,285.3,79.15,100,41,90,19706.7,17205.9,279.5,79.14,99,52,87,1.8,4.3,84.0,13,1
1783015545.327,1438.145,301.7,79.14,100,51,90,15423.2,6117.6,299.1,79.15,99,57,86,1.9,4.8,294.2,79.15,100,39,88,6859.4,13159.1,281.6,79.14,100,46,87,17332.7,4.9,84.0,13,1
1783015545.769,1438.587,296.7,79.14,100,45,90,2583.1,8.0,294.7,79.15,99,44,85,1975.9,15428.1,294.2,79.15,100,39,88,20752.2,5.9,277.0,79.14,100,38,87,5.1,17091.6,84.0,13,1
1783015546.216,1439.034,296.7,79.14,100,45,90,16166.0,15446.1,294.7,79.15,99,44,85,3.1,6.1,288.0,79.15,100,34,89,20756.1,16603.1,277.0,79.14,100,38,87,4.7,5.7,84.0,13,1
1783015546.658,1439.475,295.7,79.14,100,45,90,4.2,6.3,289.9,79.15,99,42,86,18089.7,18076.0,279.1,79.15,100,34,89,8.7,7.6,267.7,79.14,100,32,85,5.0,16941.1,84.0,13,1
1783015547.111,1439.929,298.8,79.14,99,45,90,2.5,9746.1,287.0,79.15,99,44,86,16105.7,10404.8,277.6,79.15,100,38,89,1.9,4.4,267.6,79.14,100,49,87,492.7,17248.8,84.0,13,1
1783015547.554,1440.372,298.2,79.14,100,44,89,1.9,11814.3,289.5,79.15,100,47,85,15341.6,8941.3,284.2,79.15,100,47,89,2.5,4.8,273.2,79.14,100,40,86,1085.3,16751.5,84.0,13,1
1783015547.996,1440.814,301.9,79.14,99,49,90,2.4,3.9,292.6,79.15,100,57,86,20217.3,17109.6,285.7,79.15,100,38,88,2.7,4.7,276.0,79.14,100,46,87,1.8,16342.0,84.0,13,1
1783015548.441,1441.259,301.3,79.14,99,47,89,2.8,4.8,293.8,79.15,100,48,87,20235.4,17108.2,286.3,79.15,100,46,89,2.2,5.0,276.1,79.14,100,41,86,8.2,17265.6,84.0,13,1
1783015548.886,1441.704,298.8,79.14,99,46,90,2.0,4.1,293.5,79.15,100,52,86,20227.0,17115.9,284.5,79.15,100,39,89,7.3,6.9,276.7,79.14,99,51,87,1.9,17263.6,84.0,13,1
1783015549.327,1442.145,299.1,79.14,100,46,89,2.4,17117.3,292.4,79.15,100,46,85,20705.4,5.5,282.0,79.15,100,39,89,2.6,5451.8,274.6,79.14,100,39,86,16148.9,14319.1,84.0,13,1
1783015549.768,1442.586,296.5,79.14,100,43,91,1771.9,7.4,290.6,79.15,99,45,85,12698.9,13487.6,282.0,79.15,100,39,89,10788.2,6.1,269.3,79.14,100,39,86,2.7,17232.7,84.0,13,1
1783015550.212,1443.030,296.5,79.14,100,43,91,16706.6,17275.2,290.6,79.15,99,45,85,18712.5,17103.9,280.9,79.15,99,35,89,1.9,4.4,269.3,79.14,99,32,86,4.7,14406.5,87.0,14,1
1783015550.657,1443.475,292.8,79.14,98,19,89,1.8,4.1,279.7,79.15,100,10,84,1.8,2415.2,267.4,79.15,100,11,89,17748.6,15045.4,257.9,79.14,100,45,86,8.8,6.5,87.0,14,1
1783015551.102,1443.920,291.7,79.14,99,53,90,17439.2,15192.1,285.0,79.15,100,62,86,2.4,4.7,277.9,79.15,100,47,90,1.9,12388.2,268.7,79.14,100,50,87,16897.4,6696.8,87.0,14,1
1783015551.544,1444.362,298.7,79.14,100,51,90,1.7,17117.0,293.5,79.15,100,62,86,20709.6,6.0,287.6,79.15,100,43,90,2.7,3.9,287.5,79.14,100,58,87,20290.7,17207.9,87.0,14,1
1783015551.989,1444.807,300.6,79.14,100,52,90,18170.5,7348.2,295.0,79.15,99,45,85,3.0,5.5,292.9,79.15,100,39,88,20764.0,17201.5,277.2,79.14,99,40,87,2.3,5.9,87.0,14,1
1783015552.432,1445.250,297.3,79.14,99,41,90,2.0,17109.0,287.9,79.15,100,44,85,20702.7,5.9,285.3,79.15,100,30,89,2.9,16164.3,272.8,79.14,100,38,86,17753.0,2093.5,87.0,14,1
1783015552.875,1445.692,294.3,79.14,99,45,90,17791.9,5.3,288.3,79.15,99,44,85,3.7,9393.1,277.0,79.15,100,39,89,18086.9,8645.4,269.3,79.14,100,40,86,1.9,4.6,87.0,14,1
1783015553.315,1446.133,298.2,79.14,100,54,90,5733.9,5.1,288.7,79.15,100,47,85,2.9,15245.7,280.8,79.15,100,39,89,17658.1,3166.1,270.4,79.14,100,40,86,1.9,4.6,87.0,14,1
1783015553.757,1446.574,302.7,79.14,100,49,90,8.9,5.8,295.3,79.15,100,56,86,4.9,17139.5,280.8,79.15,100,39,89,20748.8,6.8,270.4,79.14,100,40,86,2.9,4.6,87.0,14,1
1783015554.205,1447.023,302.7,79.14,100,49,90,2.1,4.7,295.3,79.15,100,56,86,1.9,13791.5,284.7,79.15,100,40,89,16860.8,5035.5,276.3,79.14,100,48,87,2.7,4.8,87.0,14,1
1783015554.646,1447.464,300.0,79.14,100,58,90,10577.9,4.8,294.7,79.15,100,47,85,1.9,9576.5,286.8,79.15,100,42,89,21788.2,3193.7,277.7,79.14,99,41,85,8.3,6.7,87.0,14,1
1783015555.099,1447.917,299.5,79.14,99,47,90,2.7,4.6,296.0,79.15,99,50,86,2.7,14379.2,286.2,79.15,100,37,89,17283.8,4402.8,278.7,79.14,100,46,87,1.9,4.8,87.0,14,1
1783015555.541,1448.359,300.3,79.14,100,53,90,1.8,5.0,293.5,79.15,100,47,85,1417.1,15938.2,285.9,79.15,100,40,89,20745.3,10.9,275.4,79.14,99,41,86,9.1,9638.3,87.0,14,1
1783015555.987,1448.805,299.5,79.14,100,47,90,20709.6,17108.3,291.5,79.15,100,48,86,4.0,6.0,284.8,79.15,100,38,90,10346.1,14891.9,270.9,79.14,100,38,85,11690.6,5.8,87.0,14,1
1783015556.429,1449.247,298.6,79.14,100,40,90,21248.8,199.5,288.0,79.15,100,44,86,20525.1,16790.8,279.6,79.15,100,36,89,13272.8,17081.3,269.9,79.14,100,39,85,16087.7,8989.4,90.0,14,0
1783015556.870,1449.688,292.5,79.14,99,60,90,3.5,365.3,282.1,79.15,99,50,85,18932.4,17110.3,277.3,79.15,99,49,89,2.3,7.0,267.2,79.14,100,45,86,4.7,1149.1,90.0,14,0
1783015557.315,1450.133,294.7,79.14,100,58,90,6953.1,4.4,291.2,79.15,100,47,85,2.8,36.5,284.7,79.15,100,48,89,19702.9,17203.8,275.1,79.14,100,43,86,2.4,4.4,90.0,14,0
1783015557.762,1450.580,302.3,79.14,100,49,89,16908.2,10172.0,302.3,79.15,100,49,85,3.3,4.7,284.7,79.15,100,48,89,5734.4,13388.2,275.1,79.14,100,43,86,18513.7,4.8,90.0,14,0
1783015558.210,1451.028,302.3,79.14,100,49,89,20704.5,5.7,302.3,79.15,100,49,85,3.0,10030.6,293.0,79.15,100,47,89,16420.9,9550.4,284.6,79.14,100,40,86,3.1,5.6,90.0,14,0
1783015558.654,1451.472,300.8,79.14,100,45,90,14255.6,13721.4,297.0,79.15,100,43,86,9682.5,12.0,286.5,79.15,100,36,88,2115.2,15535.5,276.6,79.14,100,38,87,19459.7,10.7,90.0,14,0
1783015559.100,1451.918,297.6,79.14,100,42,90,2.0,4.9,287.7,79.15,100,45,85,8907.7,13573.5,279.8,79.15,100,33,89,14506.7,5.3,268.1,79.14,100,35,86,2.5,12916.7,90.0,14,0
1783015559.543,1452.360,295.9,79.14,100,47,90,2.7,4.8,285.5,79.15,100,45,86,20714.7,17108.8,278.2,79.15,100,37,89,2.8,6.3,269.5,79.14,100,42,86,1075.7,16751.1,90.0,14,0
1783015559.988,1452.805,301.0,79.14,100,44,90,1.9,14992.3,290.9,79.15,100,46,86,15390.2,5543.3,280.9,79.15,100,40,89,4.4,4.8,272.2,79.14,100,43,86,6774.3,12958.6,90.0,14,0
1783015560.434,1453.252,300.2,79.14,100,47,90,1.8,4.6,294.7,79.15,100,47,86,19580.0,17111.8,284.9,79.15,100,47,89,2.5,4.9,276.7,79.14,100,40,86,3.5,17258.6,90.0,14,0
1783015560.876,1453.694,300.1,79.14,100,49,90,3.8,4.4,294.0,79.15,100,55,86,18215.7,12744.4,285.8,79.15,100,39,88,6011.1,7.6,276.8,79.14,100,46,87,2.0,13779.0,90.0,14,0
1783015561.318,1454.136,298.8,79.14,100,45,89,2.2,4.5,292.7,79.15,100,46,85,20722.9,14261.0,286.1,79.15,100,43,89,1864.1,4.9,274.8,79.14,100,42,86,2.0,12353.4,90.0,14,0
1783015561.761,1454.579,300.0,79.14,100,49,90,3.2,16865.3,293.3,79.15,100,52,86,20708.4,7.7,286.1,79.15,100,43,89,3.4,2717.8,274.7,79.14,100,40,85,16651.8,16594.9,90.0,14,0
1783015562.215,1455.033,300.0,79.14,100,49,90,9675.5,5.7,293.3,79.15,100,52,86,3.0,17114.2,284.8,79.15,100,38,89,20744.2,7.2,274.7,79.14,100,40,85,2.2,10650.3,90.0,14,0
1783015562.657,1455.475,300.4,79.14,100,40,90,20116.6,3525.1,289.3,79.15,100,41,86,3620.9,3859.7,281.7,79.15,100,36,89,4073.8,3861.9,269.4,79.14,99,37,86,3467.4,4023.9,93.0,15,0
1783015563.108,1455.925,294.8,79.14,100,49,90,3622.8,2690.6,286.7,79.15,100,55,85,3831.1,4664.4,277.8,79.15,100,53,89,3564.4,5162.1,268.1,79.14,100,56,85,3937.4,4956.7,93.0,15,0
1783015563.551,1456.369,302.2,79.14,100,67,89,3460.7,2650.8,293.9,79.15,100,66,85,3826.2,4425.3,286.9,79.15,100,58,89,3621.4,5026.8,275.5,79.14,100,60,86,3910.3,4654.7,93.0,16,0
1783015563.992,1456.809,305.0,79.14,100,67,89,3541.5,2685.3,305.9,79.15,100,66,85,3781.5,4289.4,300.2,79.15,100,58,89,3617.6,5372.5,285.0,79.14,100,60,86,3998.4,4638.7,93.0,16,0
1783015564.435,1457.253,301.0,79.14,100,66,89,3541.5,2719.3,303.1,79.15,100,66,85,3782.2,4312.3,301.6,79.15,100,57,89,3629.6,5338.1,286.3,79.14,100,59,86,3886.6,5046.2,93.0,16,0
1783015564.879,1457.696,300.0,79.14,100,67,89,3145.4,2899.5,300.6,79.15,100,66,85,3760.8,4026.8,301.0,79.15,100,58,89,4001.7,5323.3,286.2,79.14,100,60,86,3579.1,5303.7,93.0,16,0
1783015565.322,1458.140,300.1,79.14,100,67,89,3150.2,2999.2,300.2,79.15,100,66,85,3733.9,4147.6,301.0,79.15,100,58,89,3916.6,5233.8,287.1,79.14,100,61,86,3564.3,5375.3,93.0,16,0
1783015565.765,1458.583,300.0,79.14,100,67,89,3299.8,2961.4,300.2,79.15,100,67,85,3867.5,4081.2,301.0,79.15,100,58,89,3923.4,5309.6,287.1,79.14,100,61,86,3500.1,5173.7,93.0,16,0
1783015566.213,1459.031,300.0,79.14,100,67,89,3130.4,3062.2,300.2,79.15,100,67,85,3762.6,3826.7,300.9,79.15,100,58,89,3953.6,5277.5,287.7,79.14,100,60,86,3600.1,5034.8,93.0,16,0
1783015566.656,1459.474,300.0,79.14,100,67,89,3130.7,2995.4,300.0,79.15,100,66,85,3708.4,4119.5,300.3,79.15,100,58,89,4085.4,5088.0,287.9,79.14,100,60,86,3587.7,4942.7,93.0,16,0
1783015567.101,1459.919,300.0,79.14,100,67,89,3212.2,2960.8,300.0,79.15,100,67,85,3329.7,4193.6,300.0,79.15,100,59,89,3892.0,4749.3,288.0,79.14,100,61,86,3992.3,5149.9,93.0,16,0
1783015567.543,1460.361,300.0,79.14,100,68,89,3542.1,2931.1,300.2,79.15,100,67,85,3383.4,4151.7,300.4,79.15,100,58,89,3874.8,4996.1,288.8,79.14,100,60,86,3922.9,5291.5,93.0,16,0
1783015567.985,1460.803,300.0,79.14,100,67,89,3506.4,2925.8,300.0,79.15,100,67,85,3348.4,4190.1,300.3,79.15,100,58,89,3845.1,4957.7,288.7,79.14,100,61,86,3969.5,5179.7,93.0,16,0
1783015568.428,1461.245,300.0,79.14,100,68,89,3501.0,2623.5,300.1,79.15,100,67,85,3745.2,4096.6,300.1,79.15,100,59,89,3528.4,5313.3,288.9,79.14,100,61,86,3796.6,4849.5,93.0,16,0
1783015568.871,1461.689,300.0,79.14,100,67,89,3589.9,2631.8,300.1,79.15,100,67,85,3736.4,4149.0,300.2,79.15,100,59,89,3561.4,5157.7,289.5,79.14,100,61,86,3924.0,5132.3,93.0,16,0
1783015569.320,1462.138,300.0,79.14,100,67,89,3476.9,2683.3,299.9,79.15,100,67,85,3773.2,4111.1,300.1,79.15,100,59,89,3558.0,5025.9,289.5,79.14,100,60,86,3930.1,5051.0,93.0,16,0
1783015569.763,1462.580,300.0,79.14,100,67,89,3942.1,2685.6,300.1,79.15,100,67,85,3768.7,4193.2,300.1,79.15,100,59,89,3512.1,5028.4,289.5,79.14,100,60,86,4105.9,4718.4,93.0,16,0
1783015570.213,1463.031,300.0,79.14,100,67,89,3388.5,2686.2,300.1,79.15,100,67,85,3737.1,3905.6,300.0,79.15,100,59,89,3587.8,5050.5,289.8,79.14,100,61,86,3520.6,5067.2,93.0,16,0
1783015570.656,1463.474,299.9,79.14,100,67,89,3130.6,3022.8,300.0,79.15,100,67,85,3717.0,3877.0,300.2,79.15,100,59,89,4000.6,5308.1,289.8,79.14,100,61,86,3660.0,5401.0,93.0,16,0
1783015571.102,1463.920,300.0,79.14,100,68,89,3131.6,2926.4,300.1,79.15,100,67,85,3726.2,3798.6,300.2,79.15,100,59,89,3921.6,5129.7,290.2,79.14,100,61,86,3629.0,5342.0,93.0,16,0
1783015571.545,1464.362,300.0,79.14,100,68,89,3550.6,2943.5,300.1,79.15,100,67,85,3371.4,4016.3,300.3,79.15,100,59,89,3923.7,4670.6,290.4,79.14,100,61,86,3890.8,5235.8,93.0,16,0
1783015571.987,1464.805,300.0,79.14,100,67,89,3549.3,2964.5,299.8,79.15,100,67,85,3399.6,4173.6,299.9,79.15,100,59,89,3865.6,4838.0,290.4,79.14,100,61,86,3896.0,5081.4,93.0,16,0
1783015572.430,1465.248,300.0,79.14,100,67,89,3465.8,2616.3,299.8,79.15,100,66,85,3755.1,4108.2,299.7,79.15,100,58,89,3557.6,5166.8,289.9,79.14,100,61,86,3907.2,4922.8,94.0,16,0
1783015572.873,1465.690,300.0,79.14,100,67,89,3460.3,2686.1,299.9,79.15,100,66,85,3692.0,4270.1,299.9,79.15,100,58,89,3620.4,4775.4,289.7,79.14,100,61,86,4075.9,4712.1,94.0,16,0
1783015573.319,1466.137,300.0,79.14,100,68,89,3089.6,2805.4,300.1,79.15,100,67,85,3667.8,3946.8,300.2,79.15,100,59,89,3882.7,5240.9,290.0,79.14,100,61,86,3597.4,5127.1,94.0,16,0
1783015573.764,1466.582,300.0,79.14,100,67,89,3190.1,2961.5,300.0,79.15,100,67,85,3737.2,3999.1,300.2,79.15,100,59,89,3934.4,5113.5,290.0,79.14,100,61,86,3641.8,5161.0,94.0,16,0
1783015574.209,1467.027,300.0,79.14,100,67,89,3171.3,2969.9,300.0,79.15,100,67,85,3692.5,4012.7,300.0,79.15,100,58,89,3884.8,5126.4,289.9,79.14,100,60,86,3541.6,5202.0,94.0,16,0
1783015574.652,1467.470,300.0,79.14,100,68,89,3476.5,2949.4,299.9,79.15,100,67,85,3346.5,4244.4,299.9,79.15,100,59,89,3845.2,5234.7,290.2,79.14,100,61,86,3603.7,5074.8,94.0,16,0
1783015575.101,1467.919,300.0,79.14,100,67,89,3509.9,2944.0,300.1,79.15,100,67,85,3359.8,4094.4,300.1,79.15,100,59,89,3860.2,4786.9,290.5,79.14,100,61,86,3914.0,5352.5,94.0,16,0
1783015575.542,1468.360,300.0,79.14,100,67,89,3505.0,2960.0,300.0,79.15,100,67,85,3325.9,4056.0,300.0,79.15,100,59,89,3913.8,4894.5,290.5,79.14,100,61,86,3829.3,5033.0,94.0,16,0
1783015575.985,1468.803,300.0,79.14,100,67,89,3668.7,2617.0,300.0,79.15,100,67,85,3557.3,4122.4,299.8,79.15,100,58,89,3565.9,5146.4,290.0,79.14,100,60,86,3865.4,5007.4,94.0,16,0
1783015576.431,1469.249,300.0,79.14,100,68,89,3419.6,2685.1,300.0,79.15,100,67,85,3741.5,4059.5,299.7,79.15,100,58,89,3528.1,5089.5,289.7,79.14,100,60,86,3891.5,4953.7,94.0,16,0
1783015576.874,1469.692,299.9,79.14,100,67,89,3503.4,2694.2,299.9,79.15,100,67,85,3744.4,4087.9,299.9,79.15,100,58,89,3534.1,5009.7,289.8,79.14,100,61,86,3872.8,5139.4,94.0,16,0
1783015577.319,1470.136,299.9,79.14,100,67,89,3511.6,2650.9,300.0,79.15,100,67,85,3742.8,4135.7,299.8,79.15,100,58,89,3498.3,4904.5,289.6,79.14,100,60,86,3763.2,4562.3,94.0,16,0
1783015577.761,1470.579,299.9,79.14,100,67,89,3285.1,2720.7,299.9,79.15,100,66,85,3753.1,4183.9,299.8,79.15,100,58,89,3517.1,5003.3,289.6,79.14,100,60,86,3919.1,5025.4,94.0,16,0
1783015578.207,1471.025,299.9,79.14,100,67,89,3370.4,2795.6,299.9,79.15,100,66,85,3739.1,4121.1,299.7,79.15,100,58,89,3611.2,5034.0,289.2,79.14,100,60,86,3585.6,5030.1,94.0,16,0
1783015578.650,1471.468,300.0,79.14,100,67,89,3093.0,2995.6,299.9,79.15,100,67,85,3760.1,3854.2,299.9,79.15,100,58,89,4238.5,5394.3,289.2,79.14,100,60,86,3916.6,4620.3,94.0,16,0
1783015579.100,1471.918,300.0,79.14,100,67,89,3461.8,2685.3,299.9,79.15,100,67,85,3753.8,4257.3,299.9,79.15,100,58,89,3567.0,4992.5,289.1,79.14,100,60,86,3888.2,4917.6,94.0,16,0
1783015579.543,1472.361,300.1,79.14,100,67,89,3460.3,2756.9,300.0,79.15,100,66,85,3714.0,4166.5,299.8,79.15,100,58,89,3523.4,4978.0,288.6,79.14,100,59,86,3885.2,4727.6,94.0,16,0
1783015579.986,1472.804,300.0,79.14,100,66,89,3505.7,2685.4,299.8,79.15,100,66,85,3763.4,4429.4,299.6,79.15,100,57,89,3650.6,5019.2,287.8,79.14,100,60,86,3903.1,4880.1,94.0,16,0
1783015580.436,1473.254,300.0,79.14,100,67,89,3500.9,2650.7,300.0,79.15,100,66,85,3763.6,4194.9,299.9,79.15,100,58,89,3596.7,5113.5,287.7,79.14,100,60,86,3875.4,4860.2,94.0,16,0
1783015580.879,1473.697,300.0,79.14,100,67,89,3460.2,2703.8,300.2,79.15,100,66,85,3790.7,5002.5,300.5,79.15,100,58,89,3805.8,4689.5,288.9,79.14,100,60,86,3892.2,5163.2,94.0,16,0
1783015581.331,1474.149,300.0,79.14,100,67,89,3541.7,2956.1,300.0,79.15,100,66,85,3388.5,4257.3,300.0,79.15,100,58,89,3933.6,4888.4,288.8,79.14,100,60,86,3932.6,4915.6,94.0,16,0
1783015581.774,1474.592,300.0,79.14,100,67,89,3589.1,3001.2,299.9,79.15,100,66,85,3380.9,4130.3,299.6,79.15,100,58,89,3968.1,4499.0,288.3,79.14,100,60,86,3927.3,5188.2,94.0,16,0
1783015582.222,1475.040,300.0,79.14,100,67,89,3541.8,2961.7,299.9,79.15,100,66,85,3343.2,4169.4,299.6,79.15,100,57,89,3936.4,4970.2,288.3,79.14,100,60,86,3870.9,5435.5,94.0,16,0
1783015582.665,1475.483,300.0,79.14,100,67,89,3541.9,2926.3,299.8,79.15,100,66,85,3388.3,4212.6,299.8,79.15,100,57,89,4043.7,4707.1,287.9,79.14,100,60,86,4356.5,5159.7,94.0,16,0
1783015583.114,1475.931,299.9,79.14,100,67,89,3582.6,3204.8,300.0,79.15,100,66,85,3754.1,3702.9,300.3,79.15,100,58,89,3904.7,5054.3,287.8,79.14,100,60,86,3586.1,5077.4,94.0,16,0
1783015583.562,1476.380,299.9,79.14,100,67,89,3182.3,2995.3,300.2,79.15,100,66,85,3733.3,3971.1,300.4,79.15,100,58,89,3881.9,5337.1,288.7,79.14,100,60,86,3559.2,5575.7,95.0,16,0
1783015584.006,1476.824,300.0,79.14,100,67,89,3212.7,2995.1,300.0,79.15,100,66,85,3412.8,4132.5,299.8,79.15,100,58,89,3882.9,4858.5,288.3,79.14,100,60,86,3633.2,4993.5,95.0,16,0
1783015584.457,1477.275,300.0,79.14,100,67,89,3131.1,3003.5,300.0,79.15,100,66,85,3685.1,4109.5,300.0,79.15,100,57,89,3870.0,5355.6,288.7,79.14,100,60,86,3516.8,5202.5,95.0,16,0
1783015584.900,1477.718,300.0,79.14,100,67,89,3220.1,2996.6,300.1,79.15,100,67,85,4389.5,3915.3,300.4,79.15,100,58,89,3880.4,5114.2,289.6,79.14,100,60,86,3568.0,5285.2,95.0,16,0
1783015585.348,1478.166,300.0,79.14,100,67,89,3090.0,3046.5,300.1,79.15,100,67,85,3675.1,4191.1,300.3,79.15,100,58,89,3856.9,4992.1,289.5,79.14,100,60,86,3560.0,5070.0,95.0,16,0
1783015585.791,1478.609,300.0,79.14,100,67,89,3581.1,2997.2,299.9,79.15,100,67,85,3651.2,4013.7,300.0,79.15,100,58,89,3883.0,5212.0,289.1,79.14,100,60,86,3611.7,5131.5,95.0,16,0
1783015586.238,1479.056,300.0,79.14,100,67,89,3172.6,3023.0,299.9,79.15,100,67,85,3681.2,3834.5,300.0,79.15,100,58,89,3895.9,5002.0,289.1,79.14,100,60,86,3525.7,5212.5,95.0,16,0
1783015586.680,1479.498,300.0,79.14,100,67,89,3517.1,2937.8,299.9,79.15,100,67,85,4488.3,3701.0,300.1,79.15,100,58,89,3937.2,5182.7,289.2,79.14,100,60,86,3569.6,5077.9,95.0,16,0
1783015587.130,1479.948,300.0,79.14,100,67,89,3171.5,3030.8,300.1,79.15,100,67,85,3915.1,3688.0,300.0,79.15,100,58,89,3906.0,5182.8,289.0,79.14,100,60,86,3524.2,5285.7,95.0,16,0
1783015587.579,1480.397,300.0,79.14,100,67,89,3187.4,3035.2,300.1,79.15,100,66,85,3722.4,3924.1,299.8,79.15,100,57,89,3880.5,4970.8,289.0,79.14,100,60,86,3611.1,5618.3,95.0,16,0
1783015588.023,1480.841,300.0,79.14,100,67,89,3160.1,3045.1,299.9,79.15,100,66,85,3720.2,3804.2,299.8,79.15,100,57,89,3944.9,5211.7,288.8,79.14,100,60,86,3584.1,5329.1,95.0,16,0
1783015588.465,1481.283,300.0,79.14,100,67,89,3112.4,3003.3,300.0,79.15,100,66,85,3721.8,3681.8,300.0,79.15,100,58,89,3918.5,5056.3,288.7,79.14,100,60,86,3590.7,5320.6,95.0,16,0
1783015588.906,1481.723,300.0,79.14,100,67,89,3551.0,2995.1,300.0,79.15,100,66,85,3335.3,4184.1,299.9,79.15,100,57,89,3929.1,4884.5,288.8,79.14,100,60,86,3944.6,5380.4,95.0,16,0
1783015589.348,1482.166,300.0,79.14,100,67,89,3501.2,2932.6,300.0,79.15,100,67,85,3382.6,4032.5,300.0,79.15,100,58,89,3885.4,4504.3,289.1,79.14,100,60,87,3977.1,5307.6,95.0,16,0
1783015589.789,1482.607,300.0,79.14,100,67,89,3788.4,2927.2,300.0,79.15,100,66,85,3414.1,4060.3,300.2,79.15,100,58,89,3742.3,4788.9,289.6,79.14,100,60,86,3882.2,5118.5,95.0,16,0
1783015590.236,1483.053,300.0,79.14,100,67,89,3461.3,2681.8,300.0,79.15,100,66,85,3737.3,4056.4,300.2,79.15,100,58,89,3518.3,5005.5,289.6,79.14,100,60,86,3916.4,4937.9,95.0,16,0
1783015590.679,1483.497,300.0,79.14,100,67,89,3460.1,2755.5,299.9,79.15,100,66,85,4505.2,4200.0,299.8,79.15,100,58,89,3568.9,5382.4,289.5,79.14,100,60,87,3857.7,5099.7,95.0,16,0
1783015591.131,1483.949,300.0,79.14,100,66,89,3506.3,2704.6,299.7,79.15,100,66,85,3660.7,4167.7,299.7,79.15,100,57,89,3576.5,5196.0,288.8,79.14,100,59,87,3893.5,5138.7,95.0,16,0
1783015591.575,1484.393,300.0,79.14,100,67,89,3419.7,2650.8,300.0,79.15,100,66,85,3744.1,4290.7,300.2,79.15,100,58,89,3533.4,5020.1,289.3,79.14,100,61,87,3965.2,6050.6,95.0,16,0
1783015592.020,1484.837,300.0,79.14,100,67,89,3500.9,2651.7,300.2,79.15,100,67,85,3737.3,4243.2,300.6,79.15,100,58,90,3548.1,5037.2,290.5,79.14,100,61,87,3682.3,4806.2,95.0,16,0
1783015592.461,1485.279,300.0,79.14,100,67,89,3173.1,3003.8,300.1,79.15,100,67,85,3717.4,3954.5,300.0,79.15,100,58,90,3932.8,5237.3,290.2,79.14,100,60,86,3606.3,5154.6,95.0,16,0
1783015592.905,1485.723,300.0,79.14,100,67,89,3161.4,2960.9,299.8,79.15,100,66,85,3824.9,3975.6,299.6,79.15,100,58,90,3859.3,5263.5,289.8,79.14,100,60,87,3596.1,5128.3,95.0,16,0
1783015593.389,1486.206,300.0,79.14,100,67,89,3089.9,3001.0,299.9,79.15,100,66,85,3791.7,3962.1,299.8,79.15,100,58,90,3895.8,5110.4,289.3,79.14,100,60,87,3569.1,5262.0,95.0,16,0
1783015593.832,1486.650,300.0,79.14,100,67,89,3172.2,2961.1,300.0,79.15,100,66,85,3716.2,3899.9,299.9,79.15,100,58,90,3908.0,5177.1,289.3,79.14,100,60,87,3556.1,5359.8,96.0,16,0
1783015594.275,1487.093,300.0,79.14,100,67,89,3219.9,2990.9,300.0,79.15,100,66,85,3550.6,3922.1,299.9,79.15,100,58,90,3898.4,5054.7,289.3,79.14,100,60,87,3641.6,5071.5,96.0,16,0
1783015594.719,1487.537,300.0,79.14,100,67,89,3548.6,3101.6,300.0,79.15,100,66,85,3951.6,3777.7,300.1,79.15,100,58,90,3876.3,5036.3,289.3,79.14,100,60,87,3553.3,5226.3,96.0,16,0
1783015595.168,1487.986,300.0,79.14,100,67,89,3598.7,3032.5,300.1,79.15,100,66,85,3310.1,4006.9,299.9,79.15,100,58,90,3894.3,4659.9,289.3,79.14,100,60,87,476.4,0.6,,,
1783015596.590,1489.408,263.9,79.14,100,52,89,17176.3,14958.8,258.9,79.15,100,64,86,1.7,4.2,255.4,79.15,99,42,90,2.2,6324.2,248.1,79.14,99,54,87,17690.3,12435.5,,,
1783015598.011,1490.829,295.1,79.14,100,44,90,20711.6,17106.5,291.7,79.15,99,46,86,4.6,5.2,280.5,79.15,99,36,90,3423.2,15016.4,271.7,79.14,99,37,87,18533.2,4.8,96.0,16,0
1783015598.626,1491.444,296.3,79.14,100,46,90,1.8,17117.7,288.2,79.15,100,50,86,20705.2,5.5,277.9,79.15,100,38,89,4.7,8437.1,267.8,79.14,100,38,87,27023.2,2272.3,96.0,16,0
1783015599.076,1491.894,299.7,79.14,100,47,89,17548.2,16389.0,289.4,79.15,100,45,85,2.8,4.8,285.4,79.15,99,37,90,2.6,17245.5,272.9,79.14,100,43,87,20748.6,5.3,96.0,16,0
1783015599.517,1492.335,303.3,79.14,100,54,90,20709.5,15558.3,292.0,79.15,100,48,86,4.5,6.1,287.8,79.15,100,40,90,3.6,15203.8,276.1,79.14,100,42,86,17051.0,3828.5,96.0,16,0
1783015599.961,1492.779,300.3,79.14,100,47,90,19006.3,14193.5,294.7,79.15,100,47,85,4156.6,4.9,288.5,79.15,100,44,90,2.5,10393.1,277.7,79.14,100,43,87,17681.4,8131.2,96.0,16,0
1783015600.405,1493.223,300.0,79.14,100,52,90,20714.1,17110.7,295.0,79.15,99,46,86,3.2,4.7,286.0,79.15,99,38,89,2.4,17233.6,276.1,79.14,100,40,87,20085.9,636.4,96.0,16,0
1783015600.848,1493.666,300.1,79.14,100,46,89,17875.1,4838.9,293.2,79.15,99,46,86,2.0,5.4,283.9,79.15,100,39,90,20755.3,17189.8,276.4,79.14,99,42,87,8.5,5.6,96.0,16,0
1783015601.292,1494.110,297.1,79.14,100,45,90,2.6,17111.8,293.4,79.15,100,45,86,19647.8,918.8,281.4,79.15,100,35,89,2.2,7715.2,274.5,79.14,99,36,87,18102.0,7360.0,96.0,16,0
1783015601.738,1494.555,297.1,79.14,100,45,90,20710.5,17112.3,293.4,79.15,100,45,86,14749.7,17333.3,281.4,79.15,100,35,89,3980.2,17189.8,274.5,79.14,99,36,87,20757.0,17197.4,96.0,16,0
1783015602.186,1495.003,297.4,79.14,100,44,90,1.8,6.6,283.0,79.15,98,40,86,19241.5,12618.9,272.0,79.15,98,15,89,5278.5,4.2,261.1,79.14,100,9,87,1.7,3.9,96.0,16,0
1783015602.631,1495.449,293.4,79.14,100,50,90,20705.3,4.3,284.9,79.15,100,61,85,1.8,4.6,278.8,79.15,100,44,90,12458.9,14283.6,270.6,79.14,100,53,87,8167.6,9.9,96.0,16,0
1783015603.077,1495.895,294.7,79.14,100,49,90,20698.1,13428.2,294.3,79.15,100,59,86,3535.0,4.5,286.1,79.15,100,40,91,1.9,5518.9,282.3,79.14,100,56,88,16047.7,14319.6,96.0,16,0
1783015603.520,1496.338,301.1,79.14,100,50,90,20709.8,17107.6,298.1,79.15,100,55,86,5.4,5.8,290.9,79.15,100,37,89,11441.8,13332.1,281.3,79.14,100,42,87,12476.8,5.7,96.0,16,0
1783015603.961,1496.779,297.5,79.14,100,45,90,2.9,7565.9,294.1,79.15,99,44,86,16541.7,12319.1,283.6,79.15,100,36,89,2.2,5.8,273.1,79.14,100,32,87,20767.6,16104.4,96.0,16,0
1783015604.401,1497.219,296.1,79.14,100,38,90,20708.2,13.3,286.6,79.15,100,37,86,2.9,18.4,280.0,79.15,100,36,90,19690.7,17192.6,267.8,79.14,100,40,87,2.1,6.2,96.0,16,0
1783015604.846,1497.664,299.3,79.14,100,49,90,4352.7,4.6,286.8,79.15,99,58,86,2.0,7445.3,280.7,79.15,100,38,89,16626.8,12105.5,270.8,79.14,99,44,87,6.5,7.9,96.0,16,0
1783015605.287,1498.105,298.8,79.14,100,48,90,1.8,4.8,291.5,79.15,100,45,85,493.0,17118.7,285.1,79.15,100,39,90,20751.0,4.7,277.6,79.14,100,45,87,1.9,4.7,96.0,16,0
1783015605.731,1498.549,298.8,79.14,100,48,90,5.8,10.3,291.5,79.15,100,45,85,9.2,17142.7,285.1,79.15,100,39,90,20750.8,5.4,277.6,79.14,100,45,87,1.9,4.9,96.0,16,0
1783015606.181,1498.999,301.3,79.14,100,53,90,2.7,4.4,294.2,79.15,99,50,86,3.7,11346.0,287.5,79.15,100,38,90,15614.3,8947.3,277.3,79.14,100,41,86,4.4,5.0,96.0,16,0
1783015606.622,1499.440,300.1,79.14,100,48,90,3.3,4.5,294.8,79.15,100,48,87,3.9,11724.6,289.0,79.15,100,46,90,16496.5,7259.0,277.3,79.14,100,39,87,12.3,7.1,96.0,16,0
1783015607.067,1499.885,299.2,79.14,100,52,90,3.1,5.3,293.7,79.15,100,55,86,5945.5,13503.7,285.4,79.15,100,38,90,17667.6,5.6,277.8,79.14,100,41,86,3.7,9606.5,96.0,16,0
1783015607.510,1500.328,299.9,79.14,100,45,89,20709.9,16598.0,293.0,79.15,100,45,86,2.5,6.4,280.7,79.15,100,37,90,6044.3,13598.4,273.8,79.14,100,39,87,17664.5,5.9,96.0,16,0
1783015607.951,1500.769,296.9,79.14,100,43,90,5.2,12495.1,290.1,79.15,99,39,86,23978.9,17102.4,279.3,79.15,100,32,89,20747.2,16423.3,269.2,79.14,100,34,86,20751.0,15603.0,6.0,0,15
1783015608.395,1501.213,287.3,79.14,100,27,89,3470.4,4.1,277.5,79.15,100,51,85,2.6,4.0,275.0,79.15,100,53,90,20787.7,17195.6,261.2,79.14,100,46,87,2.8,4.5,6.0,0,15
1783015608.841,1501.659,291.0,79.14,100,51,90,8323.3,14271.6,287.3,79.15,100,58,85,14650.6,4.5,282.3,79.15,100,45,90,2.4,4.4,275.2,79.14,100,49,87,20305.6,17223.9,6.0,0,15
1783015609.287,1502.104,299.6,79.14,100,50,90,1.9,3404.8,302.7,79.15,100,62,86,17883.1,15299.0,291.0,79.15,100,41,90,1.9,4.6,284.9,79.14,100,52,88,1.8,17281.1,6.0,0,15
1783015609.728,1502.546,299.6,79.14,100,50,90,6.4,17117.8,302.7,79.15,100,62,86,19648.4,7.9,291.0,79.15,100,41,90,4.8,14249.5,284.9,79.14,100,52,88,18135.4,3992.4,6.0,0,15
1783015610.178,1502.996,299.4,79.14,100,51,90,2.1,5.6,294.8,79.15,100,45,87,19375.0,14778.7,288.1,79.15,100,36,90,2747.4,5.8,277.2,79.14,100,39,87,2984.1,15156.5,6.0,0,15
1783015610.621,1503.438,295.2,79.14,100,43,90,17933.9,5641.2,289.1,79.15,100,46,86,3.6,5.1,280.4,79.15,100,36,90,16698.0,18995.1,269.4,79.14,99,36,87,12.9,8.2,6.0,0,15
1783015611.067,1503.885,296.3,79.14,100,45,90,5136.1,4.7,289.1,79.15,100,48,86,1.9,9955.7,277.6,79.15,100,38,89,17530.2,8267.8,267.8,79.14,100,41,87,4.5,5.3,6.0,0,15
1783015611.510,1504.327,299.1,79.14,100,45,89,4.0,10.7,289.8,79.15,100,45,86,498.9,17106.8,286.0,79.15,100,39,90,20753.6,4.7,273.1,79.14,100,44,87,2.8,4.6,6.0,0,15
1783015611.952,1504.770,302.7,79.14,100,55,90,5.3,7.2,292.6,79.15,100,48,87,1.8,14128.0,287.7,79.15,100,40,90,17415.3,4778.7,276.1,79.14,100,42,86,2.4,4.9,6.0,0,15
1783015612.395,1505.213,301.3,79.14,100,48,91,4295.2,4.5,296.4,79.15,100,47,86,2.7,2369.9,290.3,79.15,100,46,90,17836.0,15755.5,278.8,79.14,100,43,87,2.5,10.6,6.0,0,15
1783015612.838,1505.656,299.8,79.14,100,50,90,213.1,4.6,296.8,79.15,100,51,87,2.8,5953.1,286.3,79.15,100,38,90,17449.6,12654.2,277.9,79.14,100,41,86,6.3,7.4,6.0,0,15
1783015613.288,1506.106,299.7,79.14,100,47,91,2.6,4.9,294.7,79.15,100,47,86,492.5,17128.6,283.8,79.15,100,44,90,20748.6,5.5,276.4,79.14,100,40,87,3.8,3381.2,6.0,0,15
1783015613.731,1506.548,299.7,79.14,100,47,91,18394.3,17074.1,294.7,79.15,100,47,86,10.3,7.7,283.8,79.15,100,44,90,5469.1,14838.8,276.4,79.14,100,40,87,16801.4,7.0,6.0,0,15
1783015614.178,1506.996,296.5,79.14,100,44,89,2.2,6769.8,292.2,79.15,100,44,85,27746.2,3807.8,283.1,79.15,100,33,90,20750.1,17190.6,276.3,79.14,100,37,87,10872.7,16941.5,9.0,0,14
1783015614.621,1507.438,298.3,79.14,100,46,90,20607.6,13370.2,289.3,79.15,100,41,85,3537.7,4.3,274.7,79.15,98,25,90,4.1,7.2,264.9,79.14,100,8,89,20794.2,16171.4,9.0,0,14
1783015615.066,1507.884,294.6,79.14,100,50,90,2.7,4.3,286.7,79.15,100,48,87,5709.9,13052.8,282.6,79.15,100,55,90,18509.8,4.6,269.9,79.14,100,46,87,2.8,4.6,9.0,0,14
1783015615.507,1508.325,295.4,79.14,100,49,89,19138.4,5.4,292.3,79.15,100,48,85,2.8,17.1,290.0,79.15,100,44,90,19722.4,17207.4,280.2,79.14,100,48,87,2.7,4.7,9.0,0,14
1783015615.949,1508.766,301.1,79.14,100,46,90,20706.8,6.2,299.2,79.15,100,53,86,5.5,5764.3,287.8,79.15,100,37,89,16418.4,13616.9,281.4,79.14,100,45,87,2.1,5.7,9.0,0,14
1783015616.393,1509.211,297.8,79.14,100,45,89,2554.4,15044.8,294.5,79.15,100,45,86,20703.8,5.6,281.7,79.15,100,36,90,2.6,13247.3,273.8,79.14,100,33,87,16456.7,6355.6,9.0,0,14
1783015616.834,1509.652,296.6,79.14,100,42,90,3.0,5.3,286.4,79.15,100,38,86,2585.7,15022.9,280.0,79.15,100,35,89,20724.4,5.2,267.7,79.14,100,39,87,2.5,518.7,9.0,0,14
1783015617.277,1510.095,299.3,79.14,100,47,90,3.1,4.7,288.3,79.15,100,54,86,20717.6,17108.6,280.0,79.15,100,35,89,3.1,4.9,271.3,79.14,100,46,87,3.9,17246.6,9.0,0,14
1783015617.720,1510.538,299.3,79.14,100,47,90,7.7,9210.2,288.3,79.15,100,54,86,15742.9,10477.1,280.4,79.15,100,39,90,7.4,4.8,271.3,79.14,100,46,87,10148.2,13019.9,9.0,0,14
1783015618.170,1510.988,299.8,79.14,100,48,89,1.9,5158.7,291.4,79.15,100,46,87,16427.8,14880.8,286.3,79.15,100,39,90,2.3,4.6,276.6,79.14,100,40,87,8.5,17269.4,9.0,0,14
1783015618.611,1511.429,301.3,79.14,100,47,90,10.2,5.0,293.3,79.15,100,56,86,20719.9,17108.2,287.0,79.15,100,39,89,3.0,7.3,276.7,79.14,100,49,87,8.0,14451.9,9.0,0,14
1783015619.064,1511.882,301.2,79.14,100,54,90,1.9,1859.0,294.9,79.15,100,47,86,17519.4,17107.4,286.8,79.15,100,46,90,1.8,4.6,277.2,79.14,99,40,86,1.8,17267.7,9.0,0,14
1783015619.508,1512.325,298.9,79.14,100,48,90,1.9,147.0,296.9,79.15,100,56,86,19122.8,17107.8,286.0,79.15,99,38,90,2.5,5.4,277.6,79.14,100,44,87,3665.1,13303.4,9.0,0,14
1783015619.962,1512.780,298.7,79.14,99,45,90,18603.9,1057.9,293.9,79.15,99,44,87,2.4,4401.0,283.1,79.15,99,36,90,16597.8,15049.2,275.5,79.14,99,40,87,2.9,5.7,9.0,0,14
1783015620.404,1513.222,296.6,79.14,100,45,91,4561.4,13334.2,287.9,79.15,100,43,86,19395.0,5.9,279.5,79.15,99,31,90,2.1,17213.4,270.4,79.14,100,34,87,20757.3,17197.0,12.0,1,14
1783015620.848,1513.666,288.0,79.14,99,13,90,1.9,4.4,277.8,79.15,99,28,87,20727.3,17109.4,272.2,79.15,100,51,90,3.7,4.5,260.0,79.14,100,46,86,7.7,522.5,12.0,1,14
1783015621.291,1514.109,291.9,79.14,100,53,89,20707.1,5.0,285.5,79.15,100,49,85,1.8,4.5,284.4,79.15,100,56,90,12644.8,14357.0,269.8,79.14,100,44,87,10402.9,4.4,12.0,1,14
1783015621.732,1514.550,291.9,79.14,100,53,89,13446.7,18823.9,285.5,79.15,100,49,85,11.2,7.0,284.4,79.15,100,56,90,3.6,11710.2,269.8,79.14,100,44,87,16856.5,7389.2,12.0,1,14
1783015622.183,1515.001,302.2,79.14,100,51,89,19550.4,14319.4,298.7,79.15,100,50,85,3655.2,5.7,294.2,79.15,100,48,90,492.6,16763.6,286.8,79.14,99,46,87,20748.6,5.8,12.0,1,14
1783015622.623,1515.441,300.8,79.14,100,54,90,4.5,5.8,296.8,79.15,100,50,87,20713.4,17105.1,287.1,79.15,100,37,89,2.7,8.5,278.2,79.14,100,39,88,20579.7,14570.5,12.0,1,14
1783015623.072,1515.890,297.8,79.14,99,41,90,18629.5,5.1,288.4,79.15,100,44,85,3.0,7347.4,283.0,79.15,100,35,90,18207.3,10751.6,270.5,79.14,100,39,87,2.7,5.1,12.0,1,14
1783015623.512,1516.330,295.5,79.14,100,46,89,2.4,4.6,288.9,79.15,100,45,87,449.8,17134.0,279.4,79.15,100,40,90,20749.6,4.8,270.8,79.14,100,40,87,2.7,4.7,12.0,1,14
1783015623.953,1516.771,300.1,79.14,100,51,90,5.5,7.7,290.7,79.15,100,45,87,6351.6,14677.2,282.0,79.15,100,38,89,16062.8,4.7,271.3,79.14,100,41,87,1.9,20.9,12.0,1,14
1783015624.395,1517.213,301.8,79.14,100,49,89,1.9,4.5,295.8,79.15,100,50,86,1.8,15426.2,286.7,79.15,100,41,90,17328.1,3322.0,277.6,79.14,100,48,87,5.0,4.7,12.0,1,14
1783015624.835,1517.653,300.9,79.14,100,55,90,10761.5,4.5,297.5,79.15,100,52,87,4.4,9.2,287.4,79.15,100,39,89,19712.6,17200.4,279.9,79.14,100,42,86,2.3,9.9,12.0,1,14
1783015625.275,1518.093,299.4,79.14,100,46,89,20706.6,5.1,295.2,79.15,100,48,86,1.9,5.5,287.4,79.15,100,39,89,15665.7,14221.0,279.9,79.14,100,42,86,7157.6,4.6,12.0,1,14
1783015625.717,1518.535,299.4,79.14,100,46,89,17092.3,10074.0,295.2,79.15,100,48,86,14.5,7.7,290.4,79.15,100,45,90,7582.7,14594.9,277.9,79.14,100,42,87,14781.6,4.9,12.0,1,14
1783015626.166,1518.984,298.8,79.14,100,48,90,15622.8,5.7,298.5,79.15,100,57,87,3.4,17120.1,286.9,79.15,100,39,89,19794.0,814.8,279.3,79.14,100,50,87,3.1,2828.6,12.0,1,14
1783015626.607,1519.425,299.4,79.14,100,46,90,15578.4,15045.9,294.7,79.15,100,45,86,6781.9,5.3,281.4,79.15,100,33,90,2.5,17216.3,275.2,79.14,100,36,87,10426.0,8.5,14.0,1,13
1783015627.063,1519.881,297.0,79.14,100,46,90,1.8,3.8,290.5,79.15,100,46,86,20226.2,17109.0,280.5,79.15,100,38,89,1.9,6.2,269.6,79.14,98,37,87,2.8,11131.8,14.0,1,13
1783015627.506,1520.324,295.6,79.14,100,50,90,8570.8,4.1,286.4,79.15,100,59,86,1.8,4.3,279.6,79.15,100,41,90,19762.7,12415.9,270.3,79.14,100,59,87,5124.9,4.6,14.0,1,13
1783015627.948,1520.766,297.0,79.14,100,49,90,20710.1,17041.1,292.8,79.15,100,60,86,4.5,4.4,287.3,79.15,100,40,90,3.9,536.9,278.3,79.14,100,52,87,19700.0,17213.7,14.0,1,13
1783015628.394,1521.212,302.1,79.14,100,60,90,3277.9,14271.1,299.2,79.15,100,52,87,20218.2,4.7,292.2,79.15,100,37,90,2.4,4.6,282.7,79.14,100,39,86,20785.4,15629.7,14.0,1,13
1783015628.835,1521.653,297.0,79.14,100,45,89,18931.0,1388.7,297.1,79.15,100,44,86,4.7,4430.5,285.5,79.15,100,37,89,16706.0,14971.0,274.6,79.14,100,40,87,4.8,8.1,14.0,1,13
1783015629.278,1522.096,296.6,79.14,100,45,90,9185.5,13539.4,291.3,79.15,100,42,87,14920.4,5.8,285.5,79.15,100,37,89,4.8,17215.6,274.6,79.14,100,40,87,17778.0,2389.8,14.0,1,13
1783015629.722,1522.540,296.6,79.14,100,45,90,16370.2,7.4,291.3,79.15,100,42,87,5.1,20.7,280.1,79.15,100,36,89,19454.5,17197.9,269.1,79.14,100,36,87,2.8,4.7,14.0,1,13
1783015630.168,1522.986,299.9,79.14,100,45,90,2.4,4.5,286.5,79.15,100,45,87,1.9,7047.0,281.2,79.15,100,38,90,16069.8,12735.9,270.8,79.14,100,43,86,2.0,5.0,14.0,1,13
1783015630.610,1523.428,299.2,79.14,100,46,90,5253.7,4.5,291.4,79.15,100,49,86,1.9,1736.1,283.8,79.15,100,40,90,17340.3,17194.7,277.1,79.14,100,40,87,5.9,10.2,14.0,1,13
1783015631.055,1523.872,301.9,79.14,100,56,90,20704.8,4.5,294.6,79.15,100,52,87,2.8,4.6,286.0,79.15,100,39,89,20471.7,12896.3,278.5,79.14,100,42,86,4054.5,4.6,14.0,1,13
1783015631.967,1524.785,298.7,79.14,100,47,90,2.9,7.1,297.1,79.15,100,54,87,1.9,10675.3,286.1,79.15,100,39,89,15679.9,9373.2,277.9,79.14,100,51,87,2.8,4.8,14.0,1,13
1783015632.411,1525.229,301.1,79.14,100,50,90,2.1,5.2,293.7,79.15,100,45,86,20269.7,12852.6,284.7,79.15,100,36,90,3800.3,5.9,275.9,79.14,100,39,87,3604.7,14089.7,14.0,1,13
1783015632.854,1525.672,297.0,79.14,100,41,89,20704.3,5.9,290.0,79.15,100,44,86,3.0,10316.7,281.8,79.15,100,29,90,16534.3,9231.8,272.8,79.14,100,32,87,8.6,5.6,14.0,1,13
1783015633.299,1526.117,293.7,79.14,98,28,91,9602.9,4.4,281.4,79.15,98,10,85,2.7,6.2,270.9,79.15,100,48,90,20774.6,17193.3,259.8,79.14,100,33,86,3.6,4.5,17.0,2,13
1783015633.740,1526.558,293.7,79.14,98,28,91,6683.1,15597.1,281.4,79.15,98,10,85,13306.1,6.0,270.9,79.15,100,48,90,3.9,4.2,259.8,79.14,100,33,86,16645.8,13600.7,17.0,2,13
1783015634.192,1527.010,291.4,79.14,100,52,90,1.8,4.3,285.3,79.15,100,52,86,20731.3,17110.1,281.6,79.15,100,54,90,2.8,4.2,269.9,79.14,100,44,87,3.5,33.8,17.0,2,13
1783015634.634,1527.452,294.2,79.14,100,51,90,3.9,4.7,299.1,79.15,100,54,85,2.4,17151.6,296.7,79.15,100,55,90,20750.0,7.7,289.0,79.14,100,49,87,8.2,10.2,17.0,2,13
1783015635.080,1527.898,301.3,79.14,100,46,90,2.2,17119.7,296.9,79.15,100,54,87,20703.6,5.9,288.6,79.15,100,38,89,2.2,11191.4,280.5,79.14,100,45,87,17944.0,7139.2,17.0,2,13
1783015635.521,1528.339,298.7,79.14,100,44,90,2.1,6.1,290.7,79.15,100,39,86,20705.9,15536.2,280.0,79.15,100,36,88,369.0,5.7,270.2,79.14,100,37,88,1366.3,16020.5,17.0,2,13
1783015635.965,1528.782,295.9,79.14,100,43,90,20710.1,17106.9,286.7,79.15,100,45,85,1.9,4.5,279.9,79.15,100,40,90,2.7,15263.9,267.8,79.14,100,41,87,18239.3,2292.8,17.0,2,13
1783015636.415,1529.233,299.7,79.14,100,47,90,17612.0,6255.7,289.3,79.15,100,50,86,1.8,4.6,280.6,79.15,100,38,89,1404.4,16018.3,272.6,79.14,100,41,86,20260.1,5.2,17.0,2,13
1783015636.856,1529.674,300.7,79.14,100,48,89,17468.9,4253.4,295.0,79.15,100,51,86,9.8,5.5,284.2,79.15,100,44,90,17774.8,19696.2,277.3,79.14,100,48,87,6.3,4.9,17.0,2,13
1783015637.315,1530.133,301.1,79.14,100,55,90,18658.0,4.4,293.3,79.15,100,48,87,1.9,4.2,286.6,79.15,100,38,89,20773.0,17188.5,276.8,79.14,100,40,87,1.9,4.6,17.0,2,13
1783015637.758,1530.576,300.0,79.14,100,47,90,13478.7,5.1,294.5,79.15,100,45,86,4.5,3686.5,286.6,79.15,100,38,89,17934.5,14562.7,276.8,79.14,100,40,87,2.9,4.8,17.0,2,13
1783015638.206,1531.024,300.0,79.14,100,47,90,6988.2,4.8,294.5,79.15,100,45,86,1.9,9788.3,285.1,79.15,100,43,90,17616.4,8555.2,276.2,79.14,100,45,87,3.5,5.0,17.0,2,13
1783015638.649,1531.467,300.2,79.14,100,51,90,2.5,5.2,293.2,79.15,100,45,87,20712.7,17106.1,284.8,79.15,100,39,89,7.1,12.9,276.1,79.14,100,41,86,13335.3,16589.0,17.0,2,13
1783015639.094,1531.912,300.3,79.14,100,47,90,15867.9,5.9,290.7,79.15,100,46,87,3.0,17114.3,283.4,79.15,100,35,88,20748.0,6.5,270.9,79.14,100,38,88,4.9,9572.1,17.0,2,13
1783015639.537,1532.355,297.3,79.14,100,37,90,16097.0,6668.7,288.4,79.15,100,43,87,1.9,4.4,276.6,79.15,98,31,90,1.8,17245.8,269.5,79.14,100,37,87,20749.8,5.4,20.0,2,12
1783015639.979,1532.797,290.3,79.14,100,52,89,3.1,8408.7,281.7,79.15,100,51,85,15526.2,12418.4,277.5,79.15,100,48,90,2.9,4.3,267.6,79.14,100,44,87,1.8,10111.1,20.0,2,12
1783015640.430,1533.248,294.6,79.14,100,50,89,4.2,4.3,290.8,79.15,100,47,85,1.8,11627.2,288.7,79.15,100,45,90,15370.5,8838.8,276.6,79.14,100,42,87,2.6,4.3,20.0,2,12
1783015640.873,1533.691,300.9,79.14,100,49,90,20704.4,5.0,301.9,79.15,100,50,85,2.0,4.9,292.0,79.15,100,45,90,18167.2,17916.9,284.9,79.14,100,43,87,6.2,4.8,20.0,2,12
1783015641.324,1534.142,300.6,79.14,100,44,91,2.7,5.4,293.8,79.15,100,46,86,19237.8,13115.5,285.9,79.15,100,37,90,4444.2,6.2,277.4,79.14,100,39,86,3747.7,14227.4,20.0,2,12
1783015641.769,1534.587,297.5,79.14,100,43,90,20708.8,8.9,287.4,79.15,100,45,87,3.0,9856.0,285.9,79.15,100,37,90,16387.6,9773.6,277.4,79.14,100,39,86,3.1,5.7,20.0,2,12
1783015642.214,1535.032,297.5,79.14,100,43,90,2.0,2871.6,287.4,79.15,100,45,87,16570.8,16785.4,278.9,79.15,100,29,90,2.1,4.6,268.6,79.14,100,35,87,2.0,17263.7,20.0,2,12
1783015642.655,1535.473,295.9,79.14,100,45,90,2.1,9166.7,288.0,79.15,100,45,87,16285.9,10719.0,280.1,79.15,100,46,90,8.2,7.9,270.2,79.14,100,42,87,1615.6,15961.5,20.0,2,12
1783015643.101,1535.919,300.9,79.14,100,44,90,1.8,13192.2,291.1,79.15,100,45,87,15537.1,7239.1,283.7,79.15,100,38,90,1.9,4.6,272.9,79.14,99,43,86,1286.8,16213.8,20.0,2,12
1783015643.544,1536.362,300.5,79.14,100,47,90,3.6,1157.0,294.6,79.15,100,47,86,18063.0,17107.5,286.9,79.15,100,44,90,2.0,4.7,276.6,79.14,100,40,87,1.9,17284.6,20.0,2,12
1783015643.986,1536.803,300.1,79.14,100,49,90,5.1,4.9,294.1,79.15,100,53,87,20724.9,17107.5,285.3,79.15,100,39,88,2.5,4.9,278.5,79.14,100,45,87,2.0,17261.5,20.0,2,12
1783015644.430,1537.248,299.1,79.14,100,45,90,3.1,4.3,292.6,79.15,100,46,86,20231.8,17109.4,285.6,79.15,100,45,90,2.3,5.0,275.0,79.14,100,42,87,1.9,17266.6,20.0,2,12
1783015644.872,1537.690,299.9,79.14,100,50,90,721.6,16452.4,293.1,79.15,100,49,87,20703.8,5.5,284.4,79.15,100,37,89,4.1,8919.8,272.7,79.14,100,40,87,15826.7,10995.6,20.0,2,12
1783015645.315,1538.133,301.0,79.14,100,38,90,3.0,6.1,288.1,79.15,100,42,86,16298.9,13448.2,281.3,79.15,100,31,89,7294.2,6.0,269.7,79.14,100,37,86,1647.9,15784.0,20.0,2,12
1783015645.757,1538.575,292.8,79.14,98,39,89,23614.6,16670.5,282.4,79.15,98,22,86,17528.2,3956.2,281.3,79.15,100,31,89,3.5,5.8,269.7,79.14,100,37,86,1949.3,15578.8,23.0,3,12
1783015646.205,1539.023,292.8,79.14,98,39,89,1.8,3.9,282.4,79.15,98,22,86,1.7,13315.6,268.5,79.15,100,34,88,17013.5,5732.6,258.0,79.14,100,19,86,4.2,4.1,23.0,3,12
1783015646.645,1539.463,289.4,79.14,100,51,90,17171.6,9283.7,282.5,79.15,100,51,86,1.8,5.5,277.4,79.15,100,41,89,1087.1,16761.5,267.0,79.14,100,44,86,20753.5,9.2,23.0,3,12
1783015647.095,1539.912,294.4,79.14,100,49,90,20158.8,14259.9,291.6,79.15,100,49,87,3293.5,4.8,294.1,79.15,100,52,90,1.9,8338.4,288.1,79.14,100,44,87,17208.0,10510.0,23.0,3,12
1783015647.537,1540.355,299.9,79.14,100,46,90,20706.3,5.4,299.6,79.15,100,51,86,2.1,7057.3,287.4,79.15,100,39,90,17558.0,11297.7,281.1,79.14,100,48,87,2.6,5.7,23.0,3,12
1783015647.980,1540.798,299.1,79.14,100,45,90,18489.8,14367.1,292.5,79.15,100,40,86,4330.2,5.9,279.6,79.15,100,35,89,6851.6,15295.5,270.8,79.14,100,35,85,11865.2,5.7,23.0,3,12
1783015648.425,1541.243,297.0,79.14,100,43,91,2.9,11.0,283.8,79.15,100,46,86,13159.2,14808.7,279.8,79.15,100,38,89,9022.0,4.7,266.8,79.14,100,41,86,2.7,1301.5,23.0,3,12
1783015648.869,1541.687,299.5,79.14,100,47,90,3.0,4.9,287.0,79.15,100,53,86,20712.4,17107.6,280.3,79.15,100,38,88,4.0,9.5,273.2,79.14,100,44,87,2.4,9543.0,23.0,3,12
1783015649.315,1542.133,298.7,79.14,100,46,91,1.9,4.1,295.3,79.15,100,48,85,20226.6,17108.4,285.8,79.15,100,44,90,3.7,4.6,276.9,79.14,99,42,87,3.6,14281.0,23.0,3,12
1783015649.762,1542.580,301.0,79.14,100,49,90,8.0,6.2,294.5,79.15,100,57,86,20728.2,17109.5,285.8,79.15,100,44,90,4.1,4.6,276.9,79.14,99,42,87,3.7,11180.4,23.0,3,12
1783015650.209,1543.027,301.0,79.14,100,49,90,1.9,4.7,294.5,79.15,100,57,86,14620.1,14346.8,286.7,79.15,100,38,88,7838.3,4.8,277.5,79.14,99,44,86,4.4,3236.9,23.0,3,12
1783015650.652,1543.470,301.9,79.14,99,49,90,3.6,4.6,294.7,79.15,100,46,86,13281.9,14644.7,287.9,79.15,99,44,90,8969.9,10.6,275.8,79.14,99,40,87,7.9,11805.9,23.0,3,12
1783015651.102,1543.920,299.1,79.14,100,46,90,8.3,17116.5,295.4,79.15,100,52,86,19919.2,686.5,285.9,79.15,100,38,89,2.4,5.1,276.0,79.14,99,46,87,20776.5,17207.6,23.0,3,12
1783015651.545,1544.363,299.4,79.14,100,46,90,15042.1,5.7,293.3,79.15,100,46,86,3.0,17115.3,280.9,79.15,100,35,90,20748.8,6.0,274.0,79.14,100,35,87,2.2,6772.2,23.0,3,12
1783015651.986,1544.803,297.6,79.14,100,43,90,8983.4,17139.0,289.2,79.15,100,41,86,10415.2,17105.7,280.3,79.15,100,37,90,20747.3,15577.8,268.8,79.14,99,39,86,522.2,4.7,26.0,3,11
1783015652.429,1545.247,295.6,79.14,99,60,91,19656.3,12797.8,282.9,79.15,100,56,87,5411.0,4.2,276.2,79.15,100,42,88,1.7,4.2,265.2,79.14,100,50,87,18698.4,12294.1,26.0,3,11
1783015652.872,1545.690,297.5,79.14,100,65,90,2.0,5.2,290.6,79.15,100,50,87,16848.8,13675.2,284.5,79.15,100,40,89,5897.4,6.9,276.7,79.14,100,45,86,1.8,5.1,26.0,3,11
1783015653.315,1546.133,301.7,79.14,100,59,90,2.0,4.6,300.2,79.15,100,47,86,1.9,10806.9,294.2,79.15,100,37,89,15792.7,9320.2,283.6,79.14,100,41,86,3.5,4.7,26.0,3,11
1783015653.757,1546.575,296.9,79.14,100,46,90,7.1,6.0,298.9,79.15,100,43,86,20717.3,14759.5,294.2,79.15,100,37,89,1246.0,5.8,283.6,79.14,100,41,86,1076.5,16749.2,26.0,3,11
1783015654.202,1547.020,296.9,79.14,100,46,90,15933.7,4997.8,298.9,79.15,100,43,86,2.5,5.2,286.6,79.15,100,36,89,19693.1,17193.5,278.0,79.14,100,37,86,4.6,6.0,26.0,3,11
1783015654.644,1547.462,299.4,79.14,100,45,90,3.6,1801.5,291.3,79.15,100,43,86,17518.8,17104.6,279.1,79.15,100,33,88,5.3,10.6,269.6,79.14,100,37,87,9908.5,13318.6,26.0,3,11
1783015655.086,1547.904,299.0,79.14,100,48,91,2.8,17114.0,285.6,79.15,100,44,87,17929.8,2199.1,280.2,79.15,100,39,89,8.3,4.6,268.0,79.14,100,41,86,20775.3,17188.8,26.0,3,11
1783015655.535,1548.352,298.9,79.14,100,44,90,3650.0,13960.5,291.4,79.15,100,46,86,20216.2,4.6,281.7,79.15,100,41,90,2.3,4.5,275.4,79.14,100,51,87,20783.5,16739.3,26.0,3,11
1783015655.976,1548.794,300.1,79.14,100,56,91,5.2,12581.2,293.8,79.15,100,45,87,15739.2,7810.6,285.8,79.15,100,38,89,4.5,4.9,276.3,79.14,100,41,86,6090.4,13152.7,26.0,3,11
1783015656.419,1549.237,300.2,79.14,100,47,90,1.9,3.9,294.4,79.15,100,50,86,20231.8,17109.4,287.9,79.15,100,47,90,3.0,5.2,279.3,79.14,100,49,87,3.5,17248.1,26.0,3,11
1783015656.861,1549.679,301.1,79.14,100,51,90,1.9,3.8,294.3,79.15,100,45,87,20220.9,17111.2,284.9,79.15,100,39,88,4.5,7.3,275.3,79.14,100,41,87,1088.8,16760.7,26.0,3,11
1783015657.309,1550.127,298.9,79.14,100,46,89,2.4,17103.9,293.4,79.15,100,46,86,17213.8,2764.7,285.0,79.15,100,39,90,2.9,29.6,275.6,79.14,100,41,87,19706.2,17210.4,26.0,3,11
1783015657.751,1550.569,298.9,79.14,100,42,89,13492.5,8.3,293.4,79.15,100,46,86,3.9,17116.4,285.0,79.15,100,39,90,20132.1,560.5,275.6,79.14,100,41,87,2.2,7287.6,26.0,3,11
1783015658.194,1551.011,298.0,79.14,100,42,90,23662.5,15207.9,293.1,79.15,100,43,86,20881.6,14251.6,279.9,79.15,100,36,89,20785.5,16475.4,272.8,79.14,100,37,87,20744.3,17200.5,29.0,4,11
1783015658.637,1551.455,298.6,79.14,100,44,90,1.8,4.1,285.0,79.15,98,40,87,3182.3,14608.0,269.9,79.15,100,10,89,18820.8,7.2,258.0,79.14,100,12,85,10.0,9.6,29.0,4,11
1783015659.083,1551.901,293.4,79.14,100,60,90,20705.5,5.0,282.0,79.15,100,56,86,2.8,4.5,277.8,79.15,100,42,89,7583.3,14519.6,268.3,79.14,100,58,87,14551.7,10.1,29.0,4,11
1783015659.529,1552.347,294.9,79.14,100,59,90,20708.1,17106.8,290.1,79.15,100,49,87,3.0,4.7,288.1,79.15,100,43,90,1.9,13051.6,282.7,79.14,100,45,86,17256.6,5859.4,29.0,4,11
1783015659.970,1552.788,296.7,79.14,100,46,89,20194.0,6353.6,300.9,79.15,100,45,87,3.8,5.1,292.4,79.15,100,44,90,20276.5,17196.8,280.8,79.14,100,41,87,2.8,5.8,29.0,4,11
1783015660.415,1553.233,296.5,79.14,100,45,90,2.0,17114.9,294.8,79.15,100,45,86,20702.8,5.9,283.0,79.15,100,30,89,2.2,12909.7,276.4,79.14,100,36,87,17894.3,5568.9,29.0,4,11
1783015660.857,1553.674,297.2,79.14,100,44,89,3.9,4.9,288.8,79.15,100,44,86,2.8,17115.5,274.6,79.15,100,38,89,20746.3,8.1,267.3,79.14,100,41,87,7.7,507.1,29.0,4,11
1783015661.299,1554.117,297.7,79.14,100,48,91,1.9,4.8,289.4,79.15,100,47,85,13498.9,14452.2,280.7,79.15,100,42,89,9022.3,5.0,270.9,79.14,100,40,87,2.0,10378.0,29.0,4,11
1783015661.742,1554.560,297.7,79.14,100,48,91,6.1,9.8,289.4,79.15,100,47,85,20719.7,17110.7,280.7,79.15,100,42,89,2.3,4.7,270.9,79.14,100,40,87,1.9,17263.2,29.0,4,11
1783015662.191,1555.009,303.0,79.14,100,49,90,1.9,4.5,289.7,79.15,100,43,86,11534.6,14460.8,286.0,79.15,100,40,88,10753.4,4.8,274.4,79.14,100,42,87,2.0,3345.5,29.0,4,11
1783015662.637,1555.454,301.0,79.14,100,49,90,2.3,4.5,295.0,79.15,100,49,85,498.4,17127.8,287.6,79.15,100,44,90,20747.6,7.5,277.8,79.14,100,41,87,8.7,512.9,29.0,4,11
1783015663.085,1555.903,300.3,79.14,100,51,90,2.0,4.4,297.2,79.15,100,58,86,509.3,17107.8,286.3,79.15,100,37,88,20746.8,4.6,279.6,79.14,99,43,86,2.3,4.5,29.0,4,11
1783015663.526,1556.344,300.0,79.14,100,50,89,10.2,4.8,294.5,79.15,100,48,86,490.0,17133.1,287.8,79.15,100,46,90,20750.3,5.2,277.1,79.14,100,41,87,2.2,503.6,29.0,4,11
1783015663.970,1556.788,298.3,79.14,100,45,90,3384.5,15137.3,294.0,79.15,100,49,86,17980.9,5.6,285.9,79.15,100,37,89,4.7,14493.1,274.3,79.14,100,41,85,17492.6,4060.4,29.0,4,11
1783015664.412,1557.230,300.4,79.14,100,40,90,2.0,5.5,289.1,79.15,100,44,86,12415.1,22401.2,280.0,79.15,100,38,89,764.6,16725.3,270.4,79.14,100,39,86,19440.9,12019.6,32.0,4,10
1783015664.856,1557.674,290.0,79.14,100,13,89,3.7,17111.3,282.0,79.15,99,38,85,18093.6,2132.0,277.1,79.15,100,47,90,2.0,6.9,268.0,79.14,100,45,87,5.8,17285.3,32.0,4,10
1783015665.299,1558.117,291.5,79.14,100,51,90,8.5,4.4,291.3,79.15,100,47,86,2.6,7598.4,284.0,79.15,100,50,90,17825.4,10396.4,274.5,79.14,100,43,87,2.6,4.6,32.0,4,10
1783015665.745,1558.563,291.5,79.14,100,51,90,14993.8,4674.9,291.3,79.15,100,47,86,3.0,7.1,284.0,79.15,100,50,90,10870.1,12873.1,274.5,79.14,100,43,87,13832.6,4.8,32.0,4,10
1783015666.191,1559.009,300.8,79.14,100,50,90,16200.3,12365.0,300.4,79.15,100,55,86,2.1,5.7,291.5,79.15,100,48,90,20173.0,13252.1,286.4,79.14,100,50,87,4122.4,11.2,32.0,4,10
1783015666.634,1559.452,301.3,79.14,100,54,90,2.2,11960.8,296.3,79.15,100,47,86,16164.4,8138.1,287.0,79.15,100,36,89,4.8,9.0,277.5,79.14,100,39,86,19709.4,17205.4,32.0,4,10
1783015667.082,1559.900,296.8,79.14,99,39,90,3812.2,5.4,288.8,79.15,100,43,85,4.2,17118.2,281.9,79.15,100,33,89,20746.5,5.3,270.0,79.14,100,38,86,2.1,4.7,32.0,4,10
1783015667.525,1560.343,296.7,79.14,100,45,89,1.9,5.1,289.3,79.15,100,45,87,13042.9,13110.5,278.6,79.15,100,37,90,11041.0,5.0,270.2,79.14,100,40,87,3.7,6731.7,32.0,4,10
1783015667.968,1560.786,300.3,79.14,100,49,90,3.9,7.2,291.0,79.15,100,45,86,20716.1,17107.4,281.3,79.15,100,40,88,3.9,4.8,270.5,79.14,100,40,87,2.0,15277.6,32.0,4,10
1783015668.410,1561.228,301.2,79.14,100,47,89,1.9,4.5,294.2,79.15,100,48,86,12506.6,13073.7,285.2,79.15,100,47,90,11380.9,4.5,277.1,79.14,100,47,87,3.6,519.3,32.0,4,10
1783015668.853,1561.671,300.9,79.14,100,52,90,4.7,4.6,296.1,79.15,100,50,86,1.8,17146.7,285.9,79.15,100,39,89,20749.0,7.9,278.9,79.14,100,41,86,7.5,5.4,32.0,4,10
1783015669.296,1562.114,299.4,79.14,100,45,90,2.2,5.1,294.4,79.15,100,46,87,1.9,17134.3,288.3,79.15,100,43,90,20749.7,4.6,276.0,79.14,99,40,87,2.2,4.8,32.0,4,10
1783015669.742,1562.560,299.4,79.14,100,45,90,5.9,10.0,294.4,79.15,100,46,87,7.2,17146.4,288.3,79.15,100,43,90,18278.8,1924.6,276.0,79.14,99,40,87,2.1,5.3,32.0,4,10
1783015670.185,1563.003,298.7,79.14,100,46,90,2.1,17110.9,295.7,79.15,100,54,86,18208.3,2004.0,284.9,79.15,100,37,88,4.2,3663.1,277.8,79.14,100,45,86,16579.2,15989.9,32.0,4,10
1783015670.627,1563.445,299.7,79.14,100,45,90,197.9,5.6,293.1,79.15,100,39,86,2782.5,14856.6,281.5,79.15,100,35,89,20462.3,8.4,271.9,79.14,100,34,86,9.9,19838.1,35.0,5,10
1783015671.078,1563.896,297.3,79.14,100,46,91,3361.3,4.5,287.8,79.15,100,46,86,4.3,52.2,274.4,79.15,98,13,89,19693.1,17196.2,264.4,79.14,98,28,85,2.0,4.3,35.0,5,10
1783015671.519,1564.337,291.5,79.14,100,59,91,1.6,17117.2,279.5,79.15,100,50,87,20704.9,6.9,277.0,79.15,100,43,88,2.8,4.4,264.8,79.14,100,44,87,11060.4,14195.7,35.0,5,10
1783015671.961,1564.779,292.7,79.14,100,56,90,3.5,6.8,288.9,79.15,100,46,86,6700.9,14244.9,289.8,79.15,100,43,89,16143.1,5.0,277.8,79.14,100,44,85,2.8,530.0,35.0,5,10
1783015672.403,1565.220,299.1,79.14,100,50,90,8.1,4.8,301.6,79.15,100,46,85,1502.7,15890.3,290.4,79.15,100,42,90,20259.4,5.7,284.7,79.14,100,39,87,2.2,11323.9,35.0,5,10
1783015672.844,1565.662,299.7,79.14,100,43,90,20708.6,17111.7,294.1,79.15,100,46,87,2.1,6.1,282.8,79.15,99,32,89,14336.5,14850.5,276.3,79.14,100,37,86,6990.2,8.3,35.0,5,10
1783015673.288,1566.106,297.2,79.14,100,44,90,2.1,15805.5,287.4,79.15,100,41,86,17789.5,2855.3,282.8,79.15,99,32,89,4.6,5.3,266.7,79.14,100,38,87,19053.1,16718.8,35.0,5,10
1783015673.737,1566.555,297.2,79.14,100,44,90,17602.8,15042.7,287.4,79.15,100,41,86,8.9,6.9,276.2,79.15,100,37,89,1075.0,16734.2,266.7,79.14,100,38,87,20746.0,4.7,35.0,5,10
1783015674.181,1566.999,297.5,79.14,100,46,89,17051.9,6263.1,289.1,79.15,100,50,86,3.7,5.0,278.6,79.15,100,43,90,11244.0,16355.5,270.6,79.14,100,46,87,8733.5,4.9,35.0,5,10
1783015674.624,1567.441,302.1,79.14,100,59,91,17043.2,6642.9,289.5,79.15,100,48,86,3.3,4.6,285.6,79.15,100,40,89,11476.6,14371.4,274.0,79.14,100,40,85,11336.7,7.4,35.0,5,10
1783015675.078,1567.896,301.4,79.14,100,48,90,17983.6,2272.8,294.7,79.15,100,55,86,3.5,4.7,286.5,79.15,100,43,90,5500.9,14579.1,276.7,79.14,100,50,87,17310.4,4.8,35.0,5,10
1783015675.520,1568.337,301.3,79.14,100,58,90,17556.0,10692.0,295.1,79.15,100,48,87,2.8,4.8,286.1,79.15,99,37,88,4877.7,14874.1,276.7,79.14,100,41,86,17666.1,4.7,35.0,5,10
1783015675.962,1568.780,299.4,79.14,100,49,89,17697.9,13919.1,294.2,79.15,100,51,86,2.0,4.7,286.7,79.15,100,43,90,1068.9,16756.4,275.9,79.14,100,45,87,20749.1,4.8,35.0,5,10
1783015676.404,1569.222,298.6,79.14,100,48,90,18802.8,5.6,293.1,79.15,100,45,86,2.9,16276.3,284.7,79.15,100,38,89,20751.5,5.9,274.9,79.14,100,40,85,2.1,5757.7,35.0,5,10
1783015676.854,1569.672,298.9,79.14,100,44,91,20707.0,17112.2,288.4,79.15,100,46,86,2.1,5.7,280.7,79.15,100,34,89,11317.3,14756.6,269.0,79.14,100,37,86,10426.0,5.7,38.0,5,9
1783015677.296,1570.114,292.3,79.14,100,10,90,1.8,4.2,283.2,79.15,100,10,86,20712.6,15934.5,273.5,79.15,100,51,90,46.1,4.5,266.7,79.14,99,57,87,1.7,3837.6,38.0,5,9
1783015677.741,1570.559,292.3,79.14,100,10,90,18461.1,10.0,283.2,79.15,100,10,86,5.9,6.4,273.5,79.15,100,51,90,13709.8,12543.2,266.7,79.14,99,57,87,11147.3,4.5,38.0,5,9
1783015678.186,1571.004,296.0,79.14,100,52,90,13856.9,12582.3,291.5,79.15,100,71,86,11216.6,4.3,283.0,79.15,100,47,90,3.6,4.2,274.9,79.14,100,59,87,18668.9,12269.4,38.0,5,9
1783015678.629,1571.447,299.3,79.14,100,58,90,5.8,17113.0,296.5,79.15,100,58,86,18098.7,2100.3,292.5,79.15,100,41,89,2.3,7.6,285.3,79.14,100,54,87,20790.1,14332.2,38.0,5,9
1783015679.079,1571.897,298.6,79.14,100,49,90,20706.8,6.1,297.7,79.15,100,44,85,6.2,10358.2,289.7,79.15,100,35,89,16489.5,9311.9,277.4,79.14,99,39,86,2.2,5.2,38.0,5,9
1783015679.524,1572.342,296.7,79.14,100,40,90,20708.3,14534.0,291.1,79.15,100,42,85,2028.5,5.7,281.9,79.15,100,34,89,1072.7,16430.1,272.9,79.14,100,39,86,20754.8,5.2,38.0,5,9
1783015679.970,1572.788,296.4,79.14,100,45,90,6005.2,4.7,288.2,79.15,100,45,86,1.9,6300.3,276.4,79.15,100,39,90,15542.6,13620.4,269.9,79.14,100,43,87,1.9,4.7,38.0,5,9
1783015680.413,1573.231,299.4,79.14,100,52,90,2.1,4.5,288.2,79.15,100,45,85,1.9,10409.7,282.2,79.15,100,37,89,15813.0,9723.5,270.2,79.14,99,39,86,8.6,5.3,38.0,5,9
1783015680.858,1573.676,302.7,79.14,100,48,90,2.0,4.5,291.9,79.15,100,55,86,1.9,13206.2,283.9,79.15,100,38,88,15548.3,6931.1,273.4,79.14,100,47,87,4.7,4.7,38.0,5,9
1783015681.300,1574.118,301.1,79.14,100,53,90,9984.8,4.5,294.0,79.15,100,46,85,2.6,1216.7,285.7,79.15,100,40,89,17671.8,17200.1,276.4,79.14,99,40,86,1.8,4.7,38.0,5,9
1783015681.745,1574.563,301.1,79.14,100,53,90,7590.9,7.5,294.0,79.15,100,46,85,5.4,5780.4,285.7,79.15,100,40,89,15754.9,14572.9,276.4,79.14,99,40,86,2.9,4.9,38.0,5,9
1783015682.192,1575.010,299.4,79.14,100,46,90,9834.9,4.6,295.8,79.15,100,48,86,4.4,4575.6,285.1,79.15,100,37,90,16131.9,15311.0,277.6,79.14,100,44,87,2.0,4.9,38.0,5,9
1783015682.633,1575.451,299.5,79.14,100,51,90,3.8,5.4,292.8,79.15,100,44,85,19776.3,13368.2,284.5,79.15,99,38,89,3898.3,8.9,275.2,79.14,99,40,86,10292.8,13401.3,38.0,5,9
1783015683.081,1575.899,300.8,79.14,100,46,91,20705.8,5.9,289.9,79.15,100,46,86,5.1,16083.4,283.9,79.15,100,34,89,16642.0,3147.3,271.5,79.14,100,36,85,2.2,508.8,38.0,5,9
1783015683.526,1576.344,296.9,79.14,100,38,90,2.0,11.8,288.0,79.15,100,44,86,8.3,9649.2,275.1,79.15,98,31,89,17198.6,9101.1,269.0,79.14,100,36,86,10.4,4.5,41.0,6,9
1783015683.970,1576.788,288.5,79.14,100,51,90,20714.7,17109.4,282.9,79.15,100,60,86,2.6,4.3,272.6,79.15,100,50,90,2.3,783.7,266.5,79.14,100,60,87,18853.5,17195.3,41.0,6,9
1783015684.414,1577.232,293.5,79.14,100,50,90,1.8,6239.8,290.2,79.15,100,60,86,17531.2,12716.2,282.8,79.15,100,40,90,2.3,5.0,273.5,79.14,100,52,87,1.8,16948.6,41.0,6,9
1783015684.860,1577.678,302.2,79.14,100,59,90,2.0,4.5,297.6,79.15,100,50,86,20725.1,17106.7,291.7,79.15,100,38,89,2.1,7.4,281.8,79.14,100,40,86,5.1,17272.9,41.0,6,9
1783015685.306,1578.124,297.9,79.14,100,46,90,20709.7,17109.5,296.1,79.15,100,43,86,2.2,6.0,285.9,79.15,99,36,89,15167.3,14786.1,274.7,79.14,99,39,86,6964.0,6.1,41.0,6,9
1783015685.747,1578.565,297.9,79.14,100,46,90,9.1,17116.6,296.1,79.15,100,43,86,20706.6,5.7,285.9,79.15,99,36,89,2.7,6821.6,274.7,79.14,99,39,86,17772.1,11475.8,41.0,6,9
1783015686.191,1579.009,296.4,79.14,100,41,90,20708.0,4.5,287.3,79.15,100,44,85,4.4,4.7,278.6,79.15,100,37,89,17361.6,14635.1,269.4,79.14,100,38,86,4971.6,4.7,41.0,6,9
1783015686.632,1579.450,298.6,79.14,100,45,91,15391.9,4.4,284.4,79.15,100,46,86,3.6,4.2,280.2,79.15,100,40,89,20772.6,17207.0,268.5,79.14,100,42,86,10.1,10.0,41.0,6,9
1783015687.080,1579.898,299.0,79.14,100,48,90,14898.8,10.0,292.1,79.15,100,58,86,2.7,4.1,281.3,79.15,99,37,90,20781.9,17191.4,274.9,79.14,100,43,87,2.4,4.8,41.0,6,9
1783015687.521,1580.339,300.8,79.14,100,58,90,18801.1,1520.0,294.7,79.15,100,48,86,2.4,4.5,285.9,79.15,100,40,89,6986.3,14456.4,276.7,79.14,100,42,86,13392.4,5.4,41.0,6,9
1783015687.965,1580.783,300.5,79.14,99,49,89,17520.5,5347.8,295.5,79.15,100,51,86,2.8,4.8,289.1,79.15,99,48,90,4992.3,14517.4,279.4,79.14,100,48,87,17661.6,5.4,41.0,6,9
1783015688.417,1581.235,301.3,79.14,99,54,90,17382.1,11538.5,296.0,79.15,100,48,86,2.8,4.7,286.3,79.15,100,39,89,1068.9,16759.9,277.7,79.14,100,43,85,20746.9,4.9,41.0,6,9
1783015688.858,1581.676,298.8,79.14,100,48,91,17579.8,5911.8,294.0,79.15,100,46,85,2.0,5.2,284.5,79.15,100,40,89,20762.0,17195.0,275.3,79.14,99,40,86,5.3,5.8,41.0,6,9
1783015689.309,1582.127,296.2,79.14,100,45,90,2.1,17116.0,292.8,79.15,100,47,86,20703.6,5.6,280.8,79.15,100,32,89,2.6,8967.6,274.7,79.14,100,34,86,18024.7,9271.1,41.0,6,9
1783015689.751,1582.569,296.2,79.14,100,45,90,9488.3,17110.3,292.8,79.15,100,47,86,20706.2,15903.2,280.8,79.15,100,32,89,46.9,4.5,274.7,79.14,100,34,86,2.8,3400.1,43.0,6,8
1783015690.196,1583.014,296.8,79.14,98,27,91,5222.9,3.9,284.6,79.15,98,8,88,4.2,4.0,273.2,79.15,100,28,90,13984.9,12539.5,261.3,79.14,100,12,85,10920.1,4.2,43.0,6,8
1783015690.638,1583.455,294.5,79.14,100,58,90,10099.9,12994.1,285.8,79.15,100,49,86,10426.4,5.1,280.1,79.15,100,40,88,6.3,489.4,268.5,79.14,100,42,86,19726.1,17211.3,43.0,6,8
1783015691.085,1583.903,293.5,79.14,100,49,89,4.4,11547.3,290.7,79.15,100,48,85,16023.9,8554.5,292.0,79.15,100,43,89,4.5,4.9,285.4,79.14,100,44,86,6100.4,13161.6,43.0,6,8
1783015691.528,1584.345,299.7,79.14,100,46,90,20709.8,14259.6,300.3,79.15,100,50,86,2717.7,5.5,289.4,79.15,99,42,90,2.3,17220.8,284.2,79.14,100,47,87,20756.7,11.9,43.0,6,8
1783015691.970,1584.788,297.5,79.14,100,46,91,6.9,5.0,295.0,79.15,100,45,86,20219.7,17105.2,279.5,79.15,100,33,89,2.6,6.1,273.5,79.14,99,33,86,17401.5,14084.7,43.0,6,8
1783015692.413,1585.231,298.0,79.14,100,44,90,16308.4,16011.3,286.0,79.15,99,43,86,2.1,5.4,279.1,79.15,99,38,89,10887.4,13673.5,268.1,79.14,99,40,85,12765.0,4.8,43.0,6,8
1783015692.854,1585.672,299.5,79.14,100,47,89,17107.4,2856.5,288.6,79.15,100,47,86,2.9,5.4,282.2,79.15,100,41,89,20765.6,15436.1,271.4,79.14,100,43,87,672.4,4.5,43.0,6,8
1783015693.296,1586.114,300.5,79.14,100,49,90,20704.3,4.8,290.6,79.15,100,45,86,3.5,4.7,285.6,79.15,99,38,89,15429.7,12876.3,274.9,79.14,100,41,85,8968.2,4.8,43.0,6,8
1783015693.737,1586.555,300.5,79.14,100,49,90,15451.2,13086.3,290.6,79.15,100,45,86,6.0,7.0,285.6,79.15,99,38,89,2156.6,15531.7,274.9,79.14,100,41,85,20754.0,4.8,43.0,6,8
1783015694.185,1587.002,301.0,79.14,100,48,90,20709.8,14819.2,293.8,79.15,100,51,86,1793.2,4.8,285.8,79.15,99,44,90,2.7,17132.4,277.2,79.14,100,46,87,17246.9,2870.8,43.0,6,8
1783015694.628,1587.446,302.4,79.14,100,56,90,20084.8,12276.4,296.3,79.15,100,51,86,5402.7,4.9,285.1,79.15,100,38,89,2.2,9214.3,276.5,79.14,100,39,85,16161.6,9683.3,43.0,6,8
1783015695.072,1587.889,298.8,79.14,100,48,91,20710.1,17109.8,293.5,79.15,100,45,85,3.1,5.6,286.9,79.15,100,43,89,1485.8,16010.4,275.6,79.14,100,40,87,20749.1,5.3,43.0,6,8
1783015695.513,1588.331,298.9,79.14,100,45,90,3.0,5.6,290.8,79.15,100,46,86,20691.8,13976.3,284.6,79.15,100,33,89,2396.1,6.0,275.0,79.14,100,38,85,7435.4,13816.1,43.0,6,8
1783015695.956,1588.774,298.4,79.14,100,36,90,20708.1,17111.7,287.4,79.15,100,41,85,20703.4,17102.0,278.9,79.15,100,35,89,20745.5,17187.6,268.9,79.14,100,39,86,20745.7,17192.2,46.0,7,8
1783015696.399,1589.217,289.3,79.14,100,54,90,1.8,4.0,280.2,79.15,100,61,86,19289.0,17109.4,270.0,79.15,100,42,88,3.5,4.2,263.4,79.14,100,52,87,1.8,567.6,46.0,7,8
1783015696.844,1589.661,294.3,79.14,100,64,90,1041.6,4.4,287.9,79.15,100,51,86,2.0,1745.1,281.0,79.15,100,41,89,18404.3,16711.1,271.7,79.14,100,46,86,7.7,6.7,46.0,7,8
1783015697.287,1590.105,301.8,79.14,100,59,90,17376.9,5235.4,301.3,79.15,100,49,86,1.9,4.7,281.0,79.15,100,41,89,4725.3,14840.7,285.2,79.14,100,42,85,17696.8,4.8,46.0,7,8
1783015697.727,1590.544,301.8,79.14,100,59,90,20707.4,14.4,301.3,79.15,100,49,86,9.9,17124.2,294.2,79.15,100,37,89,20747.2,5.5,285.2,79.14,100,42,85,4.2,2784.5,46.0,7,8
1783015698.178,1590.995,297.3,79.14,100,46,90,20709.8,17113.2,298.6,79.15,100,45,86,2.2,5.8,286.6,79.15,100,37,90,10078.9,14734.8,276.9,79.14,100,38,85,12190.6,5.9,46.0,7,8
1783015698.619,1591.437,299.9,79.14,100,43,90,2.7,5.1,290.2,79.15,100,46,86,19303.9,14583.1,278.7,79.15,100,32,89,2824.0,9.1,270.3,79.14,100,37,85,807.8,16757.8,46.0,7,8
1783015699.066,1591.884,297.1,79.14,100,47,91,1.8,8779.0,285.7,79.15,100,44,85,17955.7,9742.0,280.0,79.15,100,41,89,2.0,5.6,268.9,79.14,100,42,86,12244.8,14784.9,46.0,7,8
1783015699.508,1592.326,298.7,79.14,100,45,90,2.4,17110.3,291.5,79.15,100,47,86,20449.0,5.4,280.8,79.15,100,40,88,4.0,4.5,273.9,79.14,100,52,87,11235.3,14644.0,46.0,7,8
1783015699.951,1592.769,300.5,79.14,100,49,89,5.1,2914.1,295.8,79.15,100,48,85,17281.9,14855.3,286.5,79.15,100,46,89,2.2,4.7,277.8,79.14,100,42,86,495.2,17266.5,46.0,7,8
1783015700.394,1593.212,300.8,79.14,100,48,90,1.9,4.4,298.1,79.15,100,56,86,19783.6,14275.3,287.8,79.15,100,40,90,2916.5,4.8,280.7,79.14,100,51,87,2.3,11518.5,46.0,7,8
1783015700.836,1593.654,300.9,79.14,100,56,90,10.5,4.8,294.5,79.15,100,47,85,17350.1,14883.4,286.4,79.15,100,41,89,4354.6,5.6,276.3,79.14,100,42,87,6.4,15008.7,46.0,7,8
1783015701.287,1594.105,299.0,79.14,100,48,90,4.7,4.6,297.2,79.15,100,56,86,20231.4,17108.2,286.4,79.15,100,41,89,3.2,5.4,276.7,79.14,100,43,87,1084.8,16746.9,46.0,7,8
1783015701.731,1594.549,299.0,79.14,100,48,90,18234.9,13804.8,297.2,79.15,100,56,86,9.2,8.0,286.0,79.15,100,38,89,20763.4,17191.7,276.7,79.14,100,43,87,3.8,5.8,46.0,7,8
1783015702.183,1595.001,297.9,79.14,100,45,90,11.2,20813.7,294.5,79.15,100,45,86,15725.1,14356.8,280.1,79.15,100,37,89,21314.1,358.7,274.1,79.14,100,39,86,20184.9,16710.5,49.0,7,7
1783015702.624,1595.442,297.9,79.14,100,47,90,20708.2,17114.2,288.2,79.15,98,44,86,1.8,4.3,275.8,79.15,100,7,89,2.4,571.9,263.8,79.14,100,8,86,19707.1,17197.2,49.0,7,7
1783015703.072,1595.890,291.8,79.14,100,49,89,2.2,4.2,285.8,79.15,100,49,87,10116.9,12563.9,282.3,79.15,100,54,89,14498.5,4.4,268.9,79.14,100,43,86,3.6,4.2,49.0,7,7
1783015703.515,1596.333,290.3,79.14,99,49,89,18408.3,4.6,292.6,79.15,100,46,85,3.6,3.9,289.7,79.15,100,53,90,20783.3,17195.2,279.3,79.14,99,44,86,2.7,4.7,49.0,7,7
1783015703.956,1596.774,300.0,79.14,100,47,90,20707.5,8.2,301.3,79.15,100,56,86,2.1,7132.3,288.6,79.15,100,37,89,16502.0,12429.8,280.3,79.14,100,44,87,3.8,5.9,49.0,7,7
1783015704.401,1597.219,298.1,79.14,100,44,90,8613.1,13631.0,294.9,79.15,100,46,86,15173.8,5.6,279.1,79.15,100,33,89,4.6,17215.1,272.8,79.14,99,33,86,19504.1,1071.9,49.0,7,7
1783015704.841,1597.659,295.8,79.14,100,42,90,2.0,5.3,287.4,79.15,99,37,86,6876.5,15126.6,278.9,79.15,100,37,89,11921.7,5.4,265.4,79.14,100,40,85,7.6,8087.1,49.0,7,7
1783015705.288,1598.106,298.7,79.14,100,47,90,3.7,8531.3,288.8,79.15,100,54,86,16334.2,11404.3,278.9,79.15,100,37,89,3.6,5.0,268.4,79.14,100,44,86,3440.5,14354.4,49.0,7,7
1783015705.731,1598.549,298.7,79.14,100,47,90,2937.0,17008.7,288.8,79.15,100,54,86,16939.9,6.9,278.6,79.15,100,38,89,2.4,5.7,268.4,79.14,100,44,86,19714.4,17190.5,49.0,7,7
1783015706.176,1598.994,299.3,79.14,100,48,89,3751.5,13854.5,292.6,79.15,100,45,86,20164.5,4.7,285.3,79.15,100,45,89,2.3,4.5,275.5,79.14,100,41,86,20785.4,16957.7,49.0,7,7
1783015706.618,1599.436,301.8,79.14,100,49,90,1.8,17114.0,292.5,79.15,100,51,86,20704.8,6.5,285.7,79.15,100,38,89,1.8,7.5,275.6,79.14,100,43,87,20790.3,16953.1,49.0,7,7
1783015707.063,1599.881,300.4,79.14,100,47,90,16861.6,13100.0,294.9,79.15,100,47,86,7691.4,4.8,286.2,79.15,100,38,89,2.6,6550.6,276.2,79.14,100,39,86,16030.3,13279.5,49.0,7,7
1783015707.506,1600.324,299.8,79.14,100,54,90,16115.6,14261.0,293.7,79.15,100,47,86,4.6,5.4,285.1,79.15,100,37,88,11169.2,13409.5,275.8,79.14,100,39,86,12485.0,5.6,49.0,7,7
1783015707.946,1600.764,300.6,79.14,100,45,90,5.1,5787.6,291.6,79.15,100,43,86,16526.4,12341.1,281.4,79.15,100,34,89,2.2,5.9,271.6,79.14,100,39,86,20770.7,17191.3,49.0,7,7
1783015708.391,1601.209,294.2,79.14,100,35,90,3698.2,5.9,285.8,79.15,100,39,85,4417.4,22996.2,275.3,79.15,100,32,89,17345.9,17398.1,266.8,79.14,100,35,86,17197.6,17164.3,52.0,8,7
1783015708.834,1601.651,284.6,79.14,100,51,90,17770.7,15919.3,277.9,79.15,100,65,86,1.7,3.9,267.9,79.15,100,44,90,9.0,527.7,262.2,79.14,100,57,87,19705.9,17204.5,52.0,8,7
1783015709.276,1602.094,289.3,79.14,100,53,90,1.9,4.4,287.3,79.15,100,66,86,14574.3,15809.2,267.9,79.15,100,44,90,6110.4,4.7,262.2,79.14,100,57,87,3.2,524.0,52.0,8,7
1783015709.719,1602.537,289.3,79.14,100,53,90,8766.1,7.7,287.3,79.15,100,66,86,5.9,6099.3,280.5,79.15,100,42,90,18432.7,11459.3,272.7,79.14,100,55,87,2.0,4.8,52.0,8,7
1783015710.165,1602.983,301.5,79.14,100,63,90,11334.9,5.4,299.2,79.15,100,49,86,2.1,17119.4,294.6,79.15,99,39,90,20156.5,652.1,282.3,79.14,100,44,86,2.2,3913.6,52.0,8,7
1783015710.608,1603.426,296.9,79.14,100,47,91,20708.2,17109.0,297.8,79.15,100,46,86,3.7,5.7,286.9,79.15,100,35,89,10307.6,18140.4,277.4,79.14,100,35,86,6431.3,11.2,52.0,8,7
1783015711.054,1603.872,295.5,79.14,100,45,90,2.9,7713.9,291.6,79.15,99,45,86,17876.9,10895.6,279.1,79.15,100,34,89,2.8,5.0,269.5,79.14,100,38,86,6968.0,14906.6,52.0,8,7
1783015711.497,1604.314,298.4,79.14,100,45,90,5341.4,14715.8,285.5,79.15,100,49,86,17321.6,4.7,279.2,79.15,100,40,88,2.9,4.0,264.9,79.14,100,41,85,20290.0,17201.3,52.0,8,7
1783015711.937,1604.755,299.1,79.14,100,46,89,20711.3,17110.3,290.2,79.15,100,44,86,8.1,6.2,282.6,79.15,100,41,90,1075.2,16735.1,274.8,79.14,100,50,86,19685.0,4.7,52.0,8,7
1783015712.386,1605.204,300.6,79.14,100,53,90,19293.4,17111.2,293.9,79.15,100,48,85,1.8,4.7,287.1,79.15,100,39,89,1.8,17241.5,277.9,79.14,100,42,86,20082.7,666.6,52.0,8,7
1783015712.827,1605.645,300.8,79.14,100,47,90,20711.1,17110.1,295.8,79.15,100,53,86,2.0,4.7,287.5,79.15,100,40,90,2.3,10155.8,278.9,79.14,100,49,87,17398.5,8602.9,52.0,8,7
1783015713.269,1606.086,299.1,79.14,100,51,90,20709.5,17110.6,293.6,79.15,100,46,85,1.9,4.7,287.5,79.15,100,40,90,1.9,15691.4,278.9,79.14,100,49,87,17265.8,2982.2,52.0,8,7
1783015713.709,1606.527,299.1,79.14,100,51,90,22410.2,15112.5,293.6,79.15,100,46,85,6.9,10.9,285.4,79.15,100,42,89,16577.9,14643.6,275.5,79.14,100,42,85,5852.2,5.2,52.0,8,7
1783015714.159,1606.977,299.5,79.14,100,47,90,2.2,5.2,292.5,79.15,100,51,86,19446.2,17104.1,284.4,79.15,100,37,88,2.9,6.6,273.0,79.14,100,42,87,18062.1,14635.5,52.0,8,7
1783015714.602,1607.420,299.3,79.14,100,45,90,7501.5,5.6,291.1,79.15,99,41,86,2.0,21502.5,279.0,79.15,100,34,88,13900.9,15504.3,270.5,79.14,100,38,86,21419.5,1703.4,55.0,8,6
1783015715.047,1607.865,295.3,79.14,98,40,90,9.1,12211.0,285.7,79.15,98,32,86,15248.9,8411.9,270.1,79.15,100,9,91,2.6,4.2,261.6,79.14,100,9,87,3.4,6368.3,55.0,8,6
1783015715.492,1608.309,293.7,79.14,100,55,90,14711.6,4.3,285.6,79.15,100,65,86,2.7,4.4,279.4,79.15,100,46,90,20787.3,13975.0,273.2,79.14,100,63,86,2202.1,4.6,55.0,8,6
1783015715.935,1608.753,296.3,79.14,100,52,90,17088.6,12444.2,294.4,79.15,100,58,86,7476.9,4.8,289.1,79.15,100,42,89,1.9,6385.3,281.3,79.14,100,56,87,15718.3,12411.8,55.0,8,6
1783015716.380,1609.198,299.5,79.14,100,56,90,8236.9,13256.5,296.6,79.15,100,46,86,16114.6,5.7,292.3,79.15,100,38,89,2.7,15367.5,281.5,79.14,100,39,86,15706.2,4752.5,55.0,8,6
1783015716.821,1609.639,298.2,79.14,100,45,90,2.3,6.0,293.8,79.15,100,45,86,15642.0,13321.2,284.4,79.15,100,32,89,8046.0,8.0,275.5,79.14,100,35,85,823.8,16760.6,55.0,8,6
1783015717.265,1610.083,296.0,79.14,100,36,90,16230.3,7853.6,293.8,79.15,100,45,86,3.0,5.1,284.4,79.15,100,32,89,18149.7,13352.0,275.5,79.14,100,35,85,5853.1,5.0,55.0,8,6
1783015717.706,1610.524,296.0,79.14,100,36,90,10366.8,7.7,287.3,79.15,100,42,86,9.7,6720.9,277.6,79.15,100,38,89,16832.0,11945.9,269.0,79.14,100,40,86,1.9,4.8,55.0,8,6
1783015718.152,1610.970,298.7,79.14,100,56,91,2.4,5.2,286.4,79.15,100,47,86,495.1,17114.0,279.7,79.15,100,37,88,20745.9,4.9,269.9,79.14,100,39,85,4.5,4.8,55.0,8,6
1783015718.593,1611.411,301.0,79.14,100,46,90,3.6,4.6,293.6,79.15,100,46,86,1.9,15925.0,282.1,79.15,100,40,89,15904.4,4032.7,275.1,79.14,100,49,87,2.3,10.0,55.0,8,6
1783015719.038,1611.856,301.2,79.14,100,54,90,3.3,4.4,294.7,79.15,100,46,86,2.7,7205.2,285.2,79.15,100,37,89,16033.5,12655.9,276.3,79.14,100,40,87,1.9,4.7,55.0,8,6
1783015719.479,1612.297,300.2,79.14,100,48,90,6281.1,4.7,294.7,79.15,100,54,86,2.8,8518.8,286.9,79.15,100,39,90,15813.9,11460.4,277.8,79.14,100,43,86,1.9,4.6,55.0,8,6
1783015719.921,1612.739,300.0,79.14,100,56,90,2961.2,7.1,292.7,79.15,100,47,86,7.5,12036.3,283.9,79.15,100,37,89,17838.3,5975.0,275.2,79.14,100,39,86,2.1,5.3,55.0,8,6
1783015720.366,1613.184,299.7,79.14,100,46,90,2.8,17112.2,290.3,79.15,100,45,86,20703.8,5.9,282.7,79.15,100,35,88,2.7,10152.9,270.4,79.14,100,39,87,16281.6,9363.8,55.0,8,6
1783015720.806,1613.624,296.8,79.14,99,37,90,2.7,6.0,288.0,79.15,99,40,85,20706.3,15742.3,275.9,79.15,99,31,89,74.4,5.9,268.4,79.14,100,35,86,8473.8,23357.6,58.0,9,6
1783015721.251,1614.068,296.8,79.14,99,37,90,3.0,4.4,288.0,79.15,99,40,85,4.7,7307.9,275.9,79.15,99,31,89,17278.9,11704.2,268.4,79.14,100,35,86,2.5,4.3,58.0,9,6
1783015721.692,1614.510,286.4,79.14,100,50,90,13479.2,13915.6,279.3,79.15,100,62,86,8749.0,9.4,268.9,79.15,100,42,90,5.1,512.0,262.6,79.14,100,55,87,19711.9,17198.6,58.0,9,6
1783015722.136,1614.954,291.6,79.14,100,56,90,1.9,3044.1,287.1,79.15,100,61,86,17537.7,15844.8,278.8,79.15,99,41,89,1.9,4.9,270.9,79.14,100,55,87,1065.4,16803.1,58.0,9,6
1783015722.587,1615.405,302.1,79.14,100,63,90,1.8,5618.0,300.2,79.15,100,48,86,18054.1,13121.0,294.1,79.15,100,38,88,2.1,5.7,282.2,79.14,100,43,85,20776.7,16483.3,58.0,9,6
1783015723.029,1615.847,297.0,79.14,100,46,89,19777.1,6.0,297.0,79.15,100,44,86,4.8,17110.7,286.0,79.15,100,37,88,20713.5,6.4,278.8,79.14,100,37,86,2.2,7300.2,58.0,9,6
1783015723.475,1616.293,297.2,79.14,100,45,90,20708.3,17110.2,291.1,79.15,100,42,86,2.9,5.4,278.5,79.15,100,34,88,5562.5,15009.2,270.7,79.14,100,38,85,16770.3,4.8,58.0,9,6
1783015723.916,1616.734,298.7,79.14,100,48,90,20703.2,7.1,284.7,79.15,100,44,86,7.5,6.9,279.5,79.15,100,40,89,20769.8,17198.9,268.0,79.14,99,41,86,2.3,4.7,58.0,9,6
1783015724.359,1617.177,298.4,79.14,99,44,90,14097.0,4.6,291.1,79.15,99,47,86,1.9,1515.8,281.4,79.15,100,41,90,17862.2,16584.3,276.1,79.14,100,51,86,3.9,4.9,58.0,9,6
1783015724.808,1617.626,300.0,79.14,99,56,90,2.0,4.4,294.0,79.15,99,47,85,3.5,7004.9,286.3,79.15,100,40,89,17274.1,11756.5,277.1,79.14,99,42,86,1.9,6.6,58.0,9,6
1783015725.257,1618.075,300.2,79.14,100,48,90,13826.5,4.4,294.0,79.15,99,47,85,3.7,4.6,286.3,79.15,100,40,89,20776.0,17192.8,277.1,79.14,99,42,86,3.9,4.6,58.0,9,6
1783015725.701,1618.519,300.2,79.14,100,48,90,20706.1,9.7,294.9,79.15,100,53,86,8.8,6.6,288.8,79.15,100,47,90,20107.2,17201.2,278.4,79.14,99,52,86,1.9,4.4,58.0,9,6
1783015726.149,1618.967,302.0,79.14,100,54,90,20704.0,4.7,294.5,79.15,100,47,86,9.1,4.1,286.2,79.15,99,41,88,20778.5,17194.2,277.1,79.14,99,42,86,2.4,4.8,58.0,9,6
1783015726.596,1619.414,299.4,79.14,100,48,89,4.3,5.7,294.8,79.15,100,49,85,10783.0,14536.0,286.5,79.15,99,42,89,11225.5,5.9,277.1,79.14,99,42,86,1074.5,16747.0,58.0,9,6
1783015727.043,1619.861,296.7,79.14,100,42,89,18151.8,4538.0,293.5,79.15,99,45,85,3.1,5.3,281.9,79.15,100,36,89,20761.8,17200.2,275.5,79.14,100,40,86,2.9,6.0,61.0,9,5
1783015727.485,1620.303,297.7,79.14,99,47,90,2.7,8339.6,288.8,79.15,100,47,86,15917.9,12132.5,273.6,79.15,100,8,91,3.2,4.7,265.3,79.14,100,7,86,2.5,17277.1,61.0,9,5
1783015727.928,1620.746,293.2,79.14,100,50,90,2.4,6.8,286.2,79.15,100,48,85,4.4,40.9,281.4,79.15,100,51,89,19695.9,17205.5,269.2,79.14,100,45,86,1.8,4.5,61.0,9,5
1783015728.371,1621.189,296.1,79.14,100,50,90,18567.0,17108.5,292.0,79.15,100,48,85,1.7,4.3,290.0,79.15,100,54,90,2.3,6476.7,278.0,79.14,100,44,86,15526.0,11720.6,61.0,9,5
1783015728.815,1621.633,301.3,79.14,100,47,90,16206.7,13053.5,301.6,79.15,100,54,86,8393.1,4.6,287.3,79.15,99,37,89,3.6,2191.0,282.4,79.14,100,45,86,26239.4,9488.6,61.0,9,5
1783015729.263,1622.081,298.2,79.14,100,45,90,3727.6,5.7,301.6,79.15,100,54,86,3993.7,13937.0,287.3,79.15,99,37,89,19395.9,6.1,282.4,79.14,100,45,86,3.8,17229.9,61.0,9,5
1783015729.706,1622.524,298.2,79.14,100,45,90,16276.6,14259.8,294.2,79.15,100,46,86,8.6,10.2,282.6,79.15,100,34,89,20760.9,17199.9,274.4,79.14,99,34,86,3.1,7.2,61.0,9,5
1783015730.153,1622.971,296.9,79.14,100,43,90,2.3,4.6,287.1,79.15,99,40,86,1.7,17122.3,278.4,79.15,100,37,89,20746.4,10.6,266.3,79.14,100,39,85,2.4,4.7,61.0,9,5
1783015731.074,1623.892,300.6,79.14,100,51,90,2.9,17116.0,292.0,79.15,100,45,86,20704.9,4.8,285.8,79.15,100,45,89,2.4,5.2,276.1,79.14,100,40,86,13565.2,12856.6,61.0,9,5
1783015731.517,1624.335,301.5,79.14,100,47,90,1.8,8538.9,295.4,79.15,100,55,86,15367.8,12390.0,285.4,79.15,100,39,89,1.9,4.7,277.2,79.14,100,50,86,1.7,17274.7,61.0,9,5
1783015731.959,1624.777,300.5,79.14,100,58,90,1.9,6.7,293.9,79.15,100,47,86,20230.6,17110.0,285.4,79.15,100,37,89,1.9,5.5,276.2,79.14,100,40,86,2.2,17250.1,61.0,9,5
1783015732.402,1625.220,299.3,79.14,100,49,90,3.5,4.7,294.5,79.15,100,57,86,20718.0,17028.6,287.2,79.15,100,40,90,3.7,5.3,277.6,79.14,100,45,86,2.0,14453.7,61.0,9,5
1783015732.846,1625.664,299.1,79.14,100,48,90,2970.1,14615.8,293.7,79.15,100,44,85,20704.7,5.8,284.1,79.15,100,39,89,2.2,14848.1,275.6,79.14,99,40,86,16382.3,4541.3,61.0,9,5
1783015733.288,1626.106,297.9,79.14,100,44,90,2.6,11.2,287.7,79.15,100,43,85,20707.3,15484.5,284.1,79.15,100,39,89,381.0,5.8,268.6,79.14,100,34,86,3045.0,14628.4,64.0,10,5
1783015733.733,1626.551,297.9,79.14,100,44,90,6.3,10.5,287.7,79.15,100,43,85,19507.6,14401.2,278.0,79.15,99,30,89,3043.6,4.5,268.6,79.14,100,34,86,2.0,539.9,64.0,10,5
1783015734.183,1627.001,288.1,79.14,100,12,91,20705.2,4.0,275.9,79.15,100,21,86,3.5,4.1,269.6,79.15,99,45,88,2735.5,16494.9,261.0,79.14,100,48,86,17868.3,4.5,64.0,10,5
1783015734.628,1627.446,292.5,79.14,100,62,90,8393.8,14268.1,285.4,79.15,100,52,86,14708.1,4.2,281.8,79.15,99,42,88,3.5,7.2,269.9,79.14,100,44,86,19655.1,13801.9,64.0,10,5
1783015735.076,1627.894,295.7,79.14,100,51,90,2.8,17114.0,304.0,79.15,100,47,85,19166.6,1174.4,295.2,79.15,100,45,89,2.0,4.6,286.9,79.14,100,42,85,11074.8,14472.5,64.0,10,5
1783015735.519,1628.337,298.5,79.14,100,47,90,19183.9,1242.1,299.1,79.15,100,54,86,2.9,5734.7,285.6,79.15,100,36,88,17900.1,12420.3,279.5,79.14,100,38,86,3.0,5.9,64.0,10,5
1783015735.961,1628.779,298.6,79.14,100,43,90,16325.2,14331.7,289.9,79.15,100,38,86,6621.8,6.0,278.6,79.15,100,36,89,2.9,17219.2,270.1,79.14,100,39,85,20750.1,5.3,64.0,10,5
1783015736.403,1629.221,296.2,79.14,99,46,90,5643.0,4.4,283.0,79.15,100,46,85,1.8,1932.5,279.4,79.15,100,38,89,18148.3,16507.1,267.5,79.14,100,40,86,1.9,4.8,64.0,10,5
1783015736.846,1629.664,299.0,79.14,100,47,90,2.4,4.3,289.5,79.15,100,53,86,1.9,13985.2,280.4,79.15,100,39,89,17627.5,4674.4,272.3,79.14,100,40,87,5.0,7.0,64.0,10,5
1783015737.289,1630.107,300.5,79.14,100,49,89,2.3,4.5,295.5,79.15,100,48,85,1.8,17137.1,280.4,79.15,100,39,89,20755.8,10.0,278.1,79.14,100,43,86,1.9,4.6,64.0,10,5
1783015737.733,1630.550,300.5,79.14,100,49,89,5.1,9.5,295.5,79.15,100,48,85,9.6,16395.1,285.5,79.15,100,47,90,20719.0,5.3,278.1,79.14,100,43,86,1.8,4.7,64.0,10,5
1783015738.177,1630.995,300.8,79.14,100,50,90,1.8,4.7,294.5,79.15,100,50,86,1.9,15903.4,286.3,79.15,100,40,90,17301.8,2852.6,277.0,79.14,100,41,87,3.6,4.8,64.0,10,5
1783015738.618,1631.436,299.5,79.14,100,46,89,3.5,4.7,293.6,79.15,100,46,85,2.0,17129.4,284.4,79.15,100,41,89,20705.7,10.8,275.2,79.14,100,41,86,11.5,7.2,64.0,10,5
1783015739.066,1631.884,299.9,79.14,100,52,90,3.2,9272.7,293.0,79.15,100,47,86,18045.5,9410.4,284.7,79.15,100,37,89,2.1,5.6,274.6,79.14,100,41,85,20770.4,17197.0,64.0,10,5
1783015739.507,1632.325,301.2,79.14,100,45,90,7147.6,5.7,291.1,79.15,100,41,86,492.9,16978.5,281.1,79.15,100,36,88,20746.1,5.9,270.7,79.14,100,38,86,3.2,15063.5,64.0,10,5
1783015739.952,1632.769,295.4,79.14,100,41,90,20712.4,6.1,288.1,79.15,100,45,84,3.5,4.2,274.7,79.15,98,6,90,5230.2,13327.2,266.3,79.14,98,14,87,19390.0,5.5,67.0,10,4
1783015740.394,1633.212,292.6,79.14,100,64,90,2.2,12029.9,282.8,79.15,100,49,86,14975.2,9122.7,277.0,79.15,100,42,90,3.1,4.2,268.7,79.14,100,43,87,1.9,10208.0,67.0,10,4
1783015740.838,1633.656,296.9,79.14,100,62,90,2.2,4.2,291.0,79.15,100,46,86,4.4,10895.5,289.6,79.15,100,41,88,15493.7,9546.2,279.9,79.14,100,43,86,5.7,6.9,67.0,10,4
1783015741.288,1634.106,298.8,79.14,100,51,90,17180.6,4.8,301.5,79.15,100,48,85,1.9,4.8,289.6,79.15,100,41,88,19706.3,17206.7,279.9,79.14,100,43,86,4.1,10.2,67.0,10,4
1783015741.733,1634.551,298.8,79.14,100,51,90,5.7,11.4,301.5,79.15,100,48,85,18468.5,17107.7,292.1,79.15,100,42,89,4.8,5.9,284.1,79.14,100,39,86,20083.0,12696.7,67.0,10,4
1783015742.182,1635.000,299.2,79.14,99,42,90,19647.3,5.9,295.5,79.15,100,44,86,2.2,17109.0,285.1,79.15,99,34,89,20157.0,180.2,277.3,79.14,100,38,85,3.8,1696.0,67.0,10,4
1783015742.626,1635.444,298.0,79.14,100,43,89,2.1,13039.2,287.7,79.15,100,43,86,16095.1,7074.0,275.5,79.15,99,36,89,4.1,7.6,268.8,79.14,100,40,86,14914.7,15838.6,67.0,10,4
1783015743.080,1635.898,296.6,79.14,100,45,90,11558.3,13374.3,286.9,79.15,100,46,85,12523.9,4.9,279.3,79.15,100,38,89,2.7,501.2,270.1,79.14,100,40,85,19701.7,17192.7,67.0,10,4
1783015743.521,1636.339,300.8,79.14,100,49,90,13304.3,12702.6,292.5,79.15,100,58,86,11693.3,4.9,283.1,79.15,100,38,88,2.8,504.4,274.0,79.14,100,41,87,19700.8,17202.9,67.0,10,4
1783015743.962,1636.779,300.3,79.14,100,48,90,1.8,17119.6,294.9,79.15,100,46,86,20704.9,4.7,285.9,79.15,100,46,89,1.9,4.7,276.5,79.14,100,41,85,18215.8,13310.9,67.0,10,4
1783015744.403,1637.220,300.2,79.14,100,48,90,2.7,15841.4,295.9,79.15,100,55,86,16170.4,2097.3,285.0,79.15,100,39,89,2.4,4.7,277.4,79.14,100,50,86,14494.7,13215.1,67.0,10,4
1783015744.847,1637.665,300.1,79.14,100,46,90,2.2,17115.7,292.7,79.15,100,46,85,17820.7,2385.4,284.4,79.15,100,42,89,4.1,5.1,275.1,79.14,100,40,85,16627.0,13011.0,67.0,10,4
1783015745.290,1638.108,299.9,79.14,100,46,90,20708.1,17107.5,291.3,79.15,100,45,86,3.0,5.6,284.4,79.15,100,42,89,3391.9,14370.7,271.6,79.14,100,40,86,19681.4,5.7,67.0,10,4
1783015745.732,1638.550,299.9,79.14,100,46,90,6.3,12304.4,291.3,79.15,100,45,86,16813.8,2861.0,284.2,79.15,100,37,88,4.7,4552.6,271.6,79.14,100,40,86,16562.6,14978.3,67.0,10,4
1783015746.182,1639.000,300.9,79.14,100,43,90,20252.4,14458.2,288.3,79.15,100,45,85,11637.9,4.7,277.3,79.15,100,29,89,2.7,3.9,268.8,79.14,100,34,86,20774.8,17210.4,70.0,11,4
1783015746.624,1639.442,288.5,79.14,100,10,90,3.4,4.0,276.5,79.15,100,13,86,9273.8,14032.3,269.1,79.15,100,45,88,13875.5,7.3,261.0,79.14,100,53,87,6.0,9.4,70.0,11,4
1783015747.068,1639.886,292.1,79.14,100,71,90,15128.7,4.3,284.4,79.15,100,49,86,2.8,5.1,277.5,79.15,100,41,89,18148.0,14195.6,270.0,79.14,100,45,87,4705.4,4.3,70.0,11,4
1783015747.509,1640.327,296.3,79.14,100,58,90,19159.3,15628.1,301.1,79.15,100,48,86,1.9,4.8,294.7,79.15,100,42,89,1.7,17252.7,286.5,79.14,100,44,86,20751.9,7.0,70.0,11,4
1783015747.953,1640.771,296.2,79.14,100,46,89,5922.4,8.1,299.3,79.15,100,50,86,2.9,17122.0,286.0,79.15,100,37,90,20745.2,6.0,281.4,79.14,100,39,86,3.1,12965.5,70.0,11,4
1783015748.396,1641.214,297.1,79.14,100,43,90,18240.9,14260.0,291.0,79.15,99,38,86,2.2,5.8,278.9,79.15,100,36,89,20755.6,17192.8,270.9,79.14,100,39,86,8.9,5.6,70.0,11,4
1783015748.841,1641.659,298.2,79.14,100,46,90,2.5,4.9,283.7,79.15,100,46,86,20710.2,17104.8,278.8,79.15,100,37,89,3.5,4.9,266.5,79.14,100,40,86,6.4,17255.4,70.0,11,4
1783015749.286,1642.104,298.9,79.14,100,46,90,2.6,11457.5,288.9,79.15,100,50,86,17807.3,7319.9,278.8,79.15,100,37,89,3.7,4.6,266.5,79.14,100,40,86,1084.6,16348.9,70.0,11,4
1783015749.730,1642.548,298.9,79.14,100,46,90,5.1,17114.9,288.9,79.15,100,50,86,20710.9,7.2,279.8,79.15,100,39,88,3.5,4.5,273.1,79.14,100,42,86,17340.8,14320.4,70.0,11,4
1783015750.180,1642.998,299.1,79.14,100,49,90,1.9,15466.2,294.4,79.15,100,49,85,16874.4,3833.7,286.6,79.15,100,47,89,2.7,4.7,277.9,79.14,100,42,86,5775.9,14494.2,70.0,11,4
1783015750.624,1643.442,300.6,79.14,100,48,90,5.7,10103.6,294.0,79.15,100,52,86,17628.8,8599.8,285.6,79.15,100,39,89,2.6,7.5,277.9,79.14,100,49,87,10152.0,14800.1,70.0,11,4
1783015751.072,1643.890,300.9,79.14,100,49,90,1.9,14959.1,294.1,79.15,100,44,85,17353.7,4079.9,285.2,79.15,100,40,89,3.6,4.9,276.4,79.14,100,41,85,11512.7,14350.7,70.0,11,4
1783015751.512,1644.330,299.2,79.14,100,47,90,6726.6,14799.4,296.0,79.15,100,53,86,15613.2,10.6,285.8,79.15,100,38,89,3.0,12915.0,276.9,79.14,100,47,86,17470.0,5744.4,70.0,11,4
1783015751.954,1644.772,298.5,79.14,100,46,89,5.2,8.5,293.7,79.15,100,45,86,19631.5,14268.5,280.0,79.15,100,36,88,3224.9,5.9,273.6,79.14,100,35,86,1864.0,15747.7,70.0,11,4
1783015752.396,1645.214,297.8,79.14,100,46,90,20987.6,13518.3,289.2,79.15,100,44,86,16620.1,16779.0,277.2,79.15,98,15,90,16071.0,6456.1,267.8,79.14,98,30,88,12.1,4.4,72.0,11,3
1783015752.835,1645.653,294.6,79.14,100,51,90,15476.8,14817.8,283.8,79.15,100,62,86,3.1,4.2,278.2,79.15,100,41,90,3.9,3675.0,269.9,79.14,100,60,87,16262.4,16472.6,72.0,11,3
1783015753.278,1646.096,296.0,79.14,100,53,90,3.0,796.5,292.0,79.15,100,60,86,18355.6,17108.1,278.2,79.15,100,41,90,3.2,4.5,269.9,79.14,100,60,87,2.8,8949.5,72.0,11,3
1783015753.721,1646.539,296.0,79.14,100,53,90,9.7,7.3,292.0,79.15,100,60,86,505.9,17117.5,287.0,79.15,100,40,88,20749.4,4.7,277.6,79.14,100,52,87,1.9,4.2,72.0,11,3
1783015754.167,1646.984,300.9,79.14,100,59,90,10.4,6521.8,299.0,79.15,100,47,86,16436.3,13337.9,292.7,79.15,100,36,88,2.2,5.5,280.9,79.14,100,40,86,19172.1,13234.8,72.0,11,3
1783015754.609,1647.427,297.0,79.14,100,45,90,18559.5,5.7,295.1,79.15,99,44,86,3.0,15682.6,286.1,79.15,100,35,90,15978.5,4127.2,276.5,79.14,100,39,86,7.1,13125.0,72.0,11,3
1783015755.058,1647.876,298.1,79.14,100,42,90,2018.2,15414.7,288.8,79.15,100,44,85,20702.8,5.4,278.3,79.15,100,36,89,2.9,7014.8,269.5,79.14,100,38,86,16493.7,12636.8,72.0,11,3
1783015755.498,1648.316,298.8,79.14,100,45,90,16810.0,13224.0,285.1,79.15,100,45,86,6106.2,6.7,279.5,79.15,100,38,88,2.6,17219.6,269.5,79.14,100,41,86,20750.3,4.5,72.0,11,3
1783015755.948,1648.766,298.4,79.14,100,47,89,16426.7,14116.3,292.4,79.15,100,57,86,5.9,4.7,281.4,79.15,100,37,89,2235.8,15446.9,276.2,79.14,100,41,86,20747.7,6.3,72.0,11,3
1783015756.393,1649.211,300.3,79.14,100,57,90,20708.6,17105.9,294.6,79.15,100,47,86,2.0,4.8,285.2,79.15,100,39,89,2.7,16056.2,276.4,79.14,100,41,86,16018.1,4087.0,72.0,11,3
1783015756.834,1649.652,300.2,79.14,100,47,91,10835.0,12931.6,294.9,79.15,100,50,86,13828.9,5.2,287.1,79.15,100,47,90,2.8,5641.2,278.3,79.14,100,48,86,15661.0,14389.2,72.0,11,3
1783015757.275,1650.093,300.3,79.14,100,52,90,10414.5,13157.6,293.4,79.15,100,47,86,13954.7,4.9,287.1,79.15,100,47,90,3.0,1600.7,278.3,79.14,100,48,86,17580.7,17205.8,72.0,11,3
1783015757.717,1650.534,300.3,79.14,100,52,90,20715.5,17109.9,293.4,79.15,100,47,86,4.5,10.3,284.7,79.15,100,38,88,12394.5,13401.5,275.9,79.14,100,42,86,11329.1,5.5,72.0,11,3
1783015758.164,1650.982,299.7,79.14,100,46,89,2.2,3499.1,293.6,79.15,100,47,86,16687.3,16111.4,282.0,79.15,100,37,88,2.2,6.0,272.7,79.14,100,39,86,20762.7,16708.2,72.0,11,3
1783015758.607,1651.425,297.4,79.14,100,45,90,17680.3,16990.6,292.4,79.15,99,44,86,17216.0,16848.3,278.4,79.15,100,33,89,16424.0,16904.9,270.5,79.14,100,35,86,21077.7,3127.2,75.0,12,3
1783015759.055,1651.873,291.1,79.14,98,11,89,1.8,14158.5,277.7,79.15,100,12,86,16888.3,5235.0,271.5,79.15,100,51,90,3.6,4.1,263.0,79.14,100,58,86,2.3,14542.5,75.0,12,3
1783015759.497,1652.315,291.9,79.14,100,55,90,1.8,4.3,285.9,79.15,100,68,86,1.9,15240.0,278.8,79.15,100,43,90,16928.4,3823.9,273.8,79.14,100,59,86,3.4,4.5,75.0,12,3
1783015759.938,1652.756,300.4,79.14,100,63,90,20710.0,5.0,299.6,79.15,100,50,86,5.1,4.6,292.2,79.15,100,41,89,14574.0,14396.7,285.0,79.14,100,46,87,8028.0,4.7,75.0,12,3
1783015760.378,1653.196,296.3,79.14,100,46,89,11757.0,5.4,296.3,79.15,100,46,86,2.9,17124.6,288.8,79.15,99,35,89,20746.9,6.0,277.9,79.14,100,39,86,2.1,1683.1,75.0,12,3
1783015760.821,1653.639,294.7,79.14,100,44,89,20710.3,17110.1,290.1,79.15,100,42,86,2.6,5.9,279.5,79.15,100,37,89,12671.5,14894.7,273.7,79.14,99,38,86,9806.1,9.1,75.0,12,3
1783015761.266,1654.083,298.2,79.14,100,46,90,3.5,5.0,290.1,79.15,100,42,86,20717.1,17104.9,279.5,79.15,100,37,89,2.5,5.4,273.7,79.14,99,38,86,1654.1,15819.7,75.0,12,3
1783015761.709,1654.527,298.2,79.14,100,46,90,8.1,16738.7,288.1,79.15,100,46,86,20705.8,12.6,276.0,79.15,100,38,88,6.0,357.7,267.1,79.14,100,42,86,19698.6,17203.1,75.0,12,3
1783015762.160,1654.978,299.0,79.14,100,46,90,6808.0,14434.7,289.0,79.15,100,45,85,16043.7,5.4,281.9,79.15,100,40,89,4.4,4.1,272.6,79.14,100,40,86,20784.2,17196.6,75.0,12,3
1783015762.602,1655.419,302.6,79.14,100,56,90,1.9,14352.6,291.4,79.15,100,49,86,17201.6,4696.6,286.9,79.15,100,40,88,1.9,10.5,275.5,79.14,100,42,86,10900.0,18483.3,75.0,12,3
1783015763.051,1655.868,300.6,79.14,100,49,89,1.9,7398.0,295.0,79.15,100,47,85,17596.1,11404.3,287.8,79.15,100,46,89,3.6,4.7,279.0,79.14,100,43,86,2153.5,15537.6,75.0,12,3
1783015763.493,1656.311,301.4,79.14,100,46,90,2.3,4678.2,297.9,79.15,100,50,86,17637.9,13962.5,285.7,79.15,100,39,89,3.3,4.7,279.6,79.14,100,43,87,498.4,16788.0,75.0,12,3
1783015763.938,1656.756,298.8,79.14,100,47,89,7.4,7050.5,294.6,79.15,100,46,86,17763.8,11675.0,287.6,79.15,100,45,89,2.0,5.3,277.2,79.14,100,42,86,12605.9,15188.2,75.0,12,3
1783015764.381,1657.198,299.9,79.14,100,49,90,17570.3,3687.5,291.7,79.15,100,46,85,2.3,5.2,284.9,79.15,100,34,89,20272.1,17194.4,276.5,79.14,100,38,86,2.1,5.9,75.0,12,3
1783015764.822,1657.640,298.9,79.14,100,41,89,638.6,23501.3,289.2,79.15,100,46,85,11752.2,17106.6,278.8,79.15,98,34,89,20745.2,2634.3,271.0,79.14,100,39,88,20590.0,13615.3,78.0,12,2
1783015765.268,1658.085,291.7,79.14,100,51,90,15453.2,8458.5,289.2,79.15,100,46,85,4.2,4.0,278.8,79.15,98,34,89,2.2,9704.0,271.0,79.14,100,39,88,15120.7,10983.8,78.0,12,2
1783015765.708,1658.526,291.7,79.14,100,51,90,5.0,6.8,286.2,79.15,100,51,86,20220.9,4479.3,278.5,79.15,100,52,89,6.8,4.8,269.4,79.14,100,44,86,7442.0,13474.4,78.0,12,2
1783015766.174,1658.992,294.6,79.14,100,49,90,2.8,4.6,291.7,79.15,100,46,86,16811.0,12734.1,288.1,79.15,100,49,90,7756.7,4.5,276.1,79.14,100,43,86,2.5,2070.3,78.0,12,2
1783015766.617,1659.435,301.8,79.14,100,50,89,2.7,5.1,301.8,79.15,100,57,86,20221.4,17105.5,291.3,79.15,100,40,90,2.2,9.3,284.9,79.14,100,46,86,20781.1,17201.7,78.0,12,2
1783015767.071,1659.889,299.8,79.14,100,43,90,8339.3,5.8,294.9,79.15,100,44,86,3.0,17113.9,285.9,79.15,100,36,89,20744.4,5.8,277.6,79.14,100,39,86,5.3,10451.2,78.0,12,2
1783015767.515,1660.333,296.0,79.14,100,45,90,20340.1,12937.8,287.7,79.15,100,45,86,4086.4,5.0,278.6,79.15,100,34,89,8.9,15719.0,267.9,79.14,99,33,86,15816.6,4288.6,78.0,12,2
1783015767.957,1660.775,296.6,79.14,99,44,90,15678.2,14745.0,289.1,79.15,100,44,86,4.3,4.8,279.0,79.15,100,44,90,1077.1,16411.5,271.0,79.14,100,49,86,20745.6,5.2,78.0,12,2
1783015768.398,1661.216,300.9,79.14,99,46,90,15768.8,5473.1,289.5,79.15,100,46,86,1.9,4.8,283.8,79.15,100,38,89,8292.7,13272.1,271.9,79.14,100,41,86,15859.2,4.7,78.0,12,2
1783015768.839,1661.657,302.2,79.14,100,48,89,19030.6,17112.3,294.9,79.15,100,57,86,1.9,4.7,285.9,79.15,100,42,90,1.9,17242.0,277.7,79.14,100,49,86,20758.7,6.7,78.0,12,2
1783015769.287,1662.105,302.9,79.14,100,56,90,20709.5,14441.9,297.3,79.15,100,47,86,2330.3,4.5,285.9,79.15,100,42,90,3.1,5367.2,277.7,79.14,100,49,86,15824.0,14793.4,78.0,12,2
1783015769.728,1662.546,302.9,79.14,100,56,90,20712.0,13803.6,297.3,79.15,100,47,86,3270.8,7.4,286.8,79.15,100,40,88,1.9,8022.7,277.6,79.14,100,42,86,15670.4,10001.6,78.0,12,2
1783015770.178,1662.995,298.6,79.14,100,47,90,17620.8,12559.7,294.1,79.15,100,47,85,7267.9,6.8,289.0,79.15,100,48,90,2.8,16034.4,279.2,79.14,100,46,86,15519.8,4429.1,78.0,12,2
1783015770.620,1663.438,300.9,79.14,100,55,90,5993.6,5.7,295.9,79.15,100,47,86,494.6,17106.4,284.9,79.15,100,37,88,20745.7,8.8,276.6,79.14,100,39,86,8.5,14255.1,78.0,12,2
1783015771.065,1663.883,300.4,79.14,100,40,90,17028.6,17111.5,288.9,79.15,100,43,86,5.0,5.9,281.0,79.15,100,33,89,20418.2,17665.6,270.5,79.14,100,38,86,20749.8,17187.3,81.0,13,2
1783015771.507,1664.325,293.6,79.14,98,41,90,1.8,14873.6,276.7,79.15,98,28,86,17075.6,4516.6,269.2,79.15,100,29,90,2.1,4.8,260.6,79.14,99,12,87,3.4,11708.1,81.0,13,2
1783015771.950,1664.768,290.2,79.14,100,60,90,3585.9,7.0,287.1,79.15,100,50,86,1.9,48.1,278.1,79.15,100,42,88,19692.7,17195.3,269.0,79.14,100,46,87,2.3,4.8,81.0,13,2
1783015772.395,1665.213,293.3,79.14,100,51,90,20707.9,17111.5,294.0,79.15,100,49,85,2.8,4.9,297.1,79.15,100,44,89,2.3,17265.7,287.8,79.14,100,45,86,20699.7,5.4,81.0,13,2
1783015772.837,1665.655,300.4,79.14,100,47,89,20708.5,17118.3,299.8,79.15,100,49,86,2.2,6.8,289.1,79.15,100,43,90,10807.9,15248.3,284.5,79.14,100,48,86,9873.5,8.3,81.0,13,2
1783015773.285,1666.103,297.1,79.14,100,45,89,4.0,13328.7,293.4,79.15,100,44,86,17855.3,5181.7,289.1,79.15,100,43,90,3.3,7.0,284.5,79.14,100,48,86,19703.3,17185.0,81.0,13,2
1783015773.727,1666.545,297.1,79.14,100,45,89,3469.1,10.4,293.4,79.15,100,44,86,8.3,17122.8,279.7,79.15,100,34,88,20744.9,5.1,272.8,79.14,100,32,86,2.0,4.6,81.0,13,2
1783015774.173,1666.991,297.5,79.14,100,45,90,1.9,4.5,285.9,79.15,100,43,86,20716.2,15631.7,277.2,79.15,100,38,88,255.0,4.7,266.4,79.14,100,41,86,9.9,12087.3,81.0,13,2
1783015774.616,1667.434,299.4,79.14,100,47,89,3.6,10227.3,289.6,79.15,100,52,86,17696.1,8452.3,281.6,79.15,100,38,89,2.0,8.5,272.3,79.14,100,45,86,13536.1,14342.6,81.0,13,2
1783015775.067,1667.885,299.5,79.14,100,45,90,2.2,13676.2,292.8,79.15,100,47,85,17262.9,5375.9,286.4,79.15,100,45,89,4.0,4.6,277.9,79.14,100,42,86,3682.5,14668.0,81.0,13,2
1783015775.512,1668.330,301.4,79.14,100,48,90,1.9,7631.2,294.7,79.15,100,55,86,17280.8,11443.5,286.0,79.15,100,38,89,1.9,4.5,275.7,79.14,100,46,86,1073.8,16785.7,81.0,13,2
1783015775.954,1668.772,301.6,79.14,100,55,90,5.0,12703.4,294.1,79.15,100,45,85,17180.9,5273.8,285.9,79.15,100,41,89,4.5,4.7,276.9,79.14,100,40,85,2823.5,15133.1,81.0,13,2
1783015776.403,1669.221,299.7,79.14,100,47,90,2.9,14613.5,293.8,79.15,100,51,86,17195.5,4635.5,285.2,79.15,100,39,89,4.4,5.1,276.4,79.14,100,46,87,19453.7,14665.0,81.0,13,2
1783015776.846,1669.664,297.6,79.14,100,46,90,17748.4,6979.1,293.8,79.15,100,46,85,3.0,5.4,281.5,79.15,100,33,89,20277.9,17186.9,275.8,79.14,100,36,86,5.3,7.0,81.0,13,2
1783015777.291,1670.108,297.2,79.14,99,43,90,3927.3,14882.7,288.1,79.15,100,40,86,18301.2,5.7,281.5,79.15,100,33,89,3.8,17002.9,275.8,79.14,100,36,86,20926.9,7486.1,84.0,13,1
1783015777.734,1670.552,297.2,79.14,99,43,90,5355.5,11.2,288.1,79.15,100,40,86,9.3,11250.7,279.6,79.15,100,36,89,15700.4,8600.8,270.6,79.14,100,36,86,2.5,4.1,84.0,13,1
1783015778.185,1671.003,294.6,79.14,99,57,90,11425.8,12770.1,286.3,79.15,100,63,86,13810.4,4.5,274.8,79.15,100,43,88,2.6,4.0,266.4,79.14,100,55,87,20794.8,15265.9,84.0,13,1
1783015778.628,1671.446,296.5,79.14,100,59,90,2.4,4.1,292.2,79.15,100,56,86,14658.2,12632.4,284.2,79.15,100,41,88,10074.5,7.6,276.1,79.14,100,53,87,9.2,9278.2,84.0,13,1
1783015779.077,1671.895,302.8,79.14,100,64,90,2.2,4.6,297.6,79.15,100,46,86,14809.6,12868.3,294.3,79.15,100,38,88,9362.5,5.6,285.0,79.14,100,42,86,2.4,17251.0,84.0,13,1
1783015779.518,1672.336,296.6,79.14,99,46,89,17685.9,17109.4,292.9,79.15,100,45,86,2.1,5.9,285.5,79.15,100,36,89,20754.6,13852.0,278.6,79.14,99,37,87,2534.8,6.4,84.0,13,1
1783015779.961,1672.779,296.5,79.14,100,44,90,3.0,13841.3,289.4,79.15,99,45,86,17175.0,2855.4,278.3,79.15,100,34,90,4.3,5.3,271.0,79.14,99,38,86,20772.9,16951.8,84.0,13,1
1783015780.411,1673.229,298.0,79.14,99,44,90,20708.3,17105.1,285.2,79.15,100,48,86,2.8,4.6,278.9,79.15,100,39,90,2.2,12769.8,267.5,79.14,99,40,87,15785.2,5475.7,84.0,13,1
1783015780.854,1673.672,298.8,79.14,100,45,90,18115.5,17110.7,291.1,79.15,100,44,86,2.8,5.0,282.7,79.15,100,49,90,3038.4,14836.7,274.6,79.14,100,46,86,20760.4,10.2,84.0,13,1
1783015781.303,1674.121,302.4,79.14,100,54,90,15708.0,9917.1,294.4,79.15,100,46,86,2.9,4.8,285.9,79.15,100,38,88,1078.0,16745.2,276.2,79.14,100,41,86,20750.7,4.6,84.0,13,1
1783015781.744,1674.562,302.4,79.14,100,54,90,19641.8,17110.6,294.4,79.15,100,46,86,2.0,6.0,285.9,79.15,100,38,88,2.0,16702.0,276.2,79.14,100,41,86,17218.8,2869.6,84.0,13,1
1783015782.231,1675.049,299.8,79.14,100,46,89,1.9,4.9,293.8,79.15,100,45,85,1.8,15857.1,287.2,79.15,100,46,90,16005.0,4062.9,276.8,79.14,100,42,86,1.9,4.7,84.0,13,1
1783015782.674,1675.492,300.4,79.14,100,49,90,8.6,4.7,294.3,79.15,100,48,86,6.6,16792.8,283.8,79.15,100,39,90,20754.3,10.6,276.5,79.14,100,40,87,5.2,4.8,84.0,13,1
1783015783.121,1675.939,299.8,79.14,100,46,89,3.0,17116.2,292.9,79.15,100,47,85,20702.7,6.2,284.1,79.15,100,39,90,3.1,11356.3,275.7,79.14,100,40,86,15922.9,8594.4,84.0,13,1
1783015783.561,1676.379,296.1,79.14,100,43,90,2.1,5.9,290.5,79.15,100,43,85,16911.5,13262.8,280.9,79.15,100,34,89,6844.7,8.3,275.1,79.14,100,36,86,3986.3,31690.4,87.0,14,1
1783015784.011,1676.829,297.2,79.14,100,43,89,1.8,10.0,279.4,79.15,98,41,84,2.1,14509.7,267.6,79.15,100,11,89,17146.5,4301.4,260.2,79.14,100,10,86,3.4,4.2,87.0,14,1
1783015784.455,1677.273,292.2,79.14,100,51,90,18517.7,13811.5,284.4,79.15,100,67,86,5135.1,4.5,277.6,79.15,100,48,90,2.1,498.3,268.8,79.14,100,63,86,19716.2,17203.2,87.0,14,1
1783015784.894,1677.712,294.6,79.14,100,53,90,1.8,4.0,300.5,79.15,100,57,86,20733.1,17111.6,287.1,79.15,100,42,88,6.8,5.0,283.5,79.14,100,54,87,2.0,14276.4,87.0,14,1
1783015785.336,1678.154,299.1,79.14,100,56,90,2.6,5.4,295.2,79.15,100,46,85,18243.5,14256.8,292.7,79.15,100,38,89,4179.7,5.6,282.2,79.14,100,40,86,424.7,17260.1,87.0,14,1
1783015785.776,1678.594,297.8,79.14,100,45,90,17695.8,5459.1,291.4,79.15,100,46,85,4.0,2022.4,292.7,79.15,100,38,89,18436.9,16051.0,282.2,79.14,100,40,86,3.4,5.8,87.0,14,1
1783015786.222,1679.040,297.8,79.14,100,45,90,5975.0,15306.4,291.4,79.15,100,46,85,15911.5,5.2,285.1,79.15,100,29,89,2.0,9923.9,274.5,79.14,100,36,86,17599.8,8594.1,87.0,14,1
1783015786.664,1679.482,295.0,79.14,100,42,90,17267.6,6618.5,287.5,79.15,100,45,86,2.7,9.8,277.2,79.15,100,38,89,6880.2,15107.7,270.5,79.14,100,41,86,14213.7,4.7,87.0,14,1
1783015787.108,1679.926,297.0,79.14,100,51,90,20703.9,5.2,288.4,79.15,100,47,85,2.9,5.1,281.1,79.15,100,42,89,20769.2,16956.2,271.3,79.14,100,40,86,4.0,4.9,87.0,14,1
1783015787.549,1680.367,303.2,79.14,100,45,90,20705.8,5.1,293.0,79.15,100,49,86,2.7,4.6,283.8,79.15,100,40,89,12103.5,14684.5,274.5,79.14,100,44,87,10419.3,4.6,87.0,14,1
1783015787.990,1680.808,299.3,79.14,100,47,90,17452.5,6247.4,293.6,79.15,100,47,86,2.9,4.6,286.5,79.15,100,44,89,5320.6,14469.6,277.9,79.14,100,41,86,10605.0,4.8,87.0,14,1
1783015788.438,1681.256,299.7,79.14,100,49,90,17435.7,3831.0,296.7,79.15,100,57,86,1.9,4.9,286.0,79.15,100,38,88,12391.2,14538.6,279.5,79.14,100,45,87,10398.6,4.7,87.0,14,1
1783015788.879,1681.697,300.5,79.14,100,49,90,17298.7,4980.9,293.5,79.15,100,47,86,5.7,5.6,286.1,79.15,100,44,89,20239.1,15521.6,276.3,79.14,100,41,86,667.0,5.2,87.0,14,1
1783015789.329,1682.147,299.7,79.14,100,46,90,2.6,5.8,289.8,79.15,100,46,86,17496.4,14958.6,284.6,79.15,100,36,89,4160.0,5.8,274.3,79.14,100,40,85,1076.4,16367.2,87.0,14,1
1783015789.771,1682.589,299.3,79.14,100,39,90,19655.2,925.0,289.8,79.15,100,46,86,4.8,3728.4,284.6,79.15,100,36,89,18092.7,14323.2,274.3,79.14,100,40,85,2.2,6.0,90.0,14,0
1783015790.212,1683.030,299.3,79.14,100,39,90,2.2,14409.3,288.1,79.15,100,43,86,15643.5,6030.7,278.3,79.15,99,34,89,2.7,4.6,270.3,79.14,100,38,86,1094.2,16753.1,90.0,14,0
1783015790.655,1683.473,289.3,79.14,100,28,90,3.9,4.1,283.2,79.15,100,51,85,1.7,65.0,276.3,79.15,100,53,90,19694.9,17209.9,267.7,79.14,100,48,86,10.3,9.0,90.0,14,0
1783015791.103,1683.921,294.6,79.14,100,51,90,15547.2,11913.3,291.6,79.15,100,57,85,8.8,4.2,286.4,79.15,100,52,90,1.7,17274.9,275.6,79.14,99,47,86,18879.6,1638.5,90.0,14,0
1783015791.551,1684.369,301.3,79.14,100,49,89,20709.4,17113.5,301.7,79.15,100,61,86,2.8,4.7,291.6,79.15,100,41,90,1.8,10605.1,285.4,79.14,100,50,87,16092.4,9517.2,90.0,14,0
1783015791.994,1684.812,299.4,79.14,100,54,90,2763.7,5.8,294.2,79.15,100,44,85,5506.9,13715.2,288.6,79.15,100,34,89,17663.3,6.0,276.8,79.14,99,38,86,2.1,17218.2,90.0,14,0
1783015792.437,1685.255,294.9,79.14,100,39,90,16248.0,11126.2,287.0,79.15,100,44,85,2.0,5.7,279.7,79.15,100,33,89,20759.7,15516.5,272.8,79.14,100,36,86,539.1,5.4,90.0,14,0
1783015792.878,1685.696,295.9,79.14,100,45,90,1.9,4.5,287.9,79.15,100,44,86,3.4,17122.8,275.6,79.15,100,37,89,20704.7,7.6,269.8,79.14,99,40,86,2.2,4.7,90.0,14,0
1783015793.326,1686.144,298.7,79.14,100,50,90,2.4,4.3,288.3,79.15,100,44,85,10322.2,13243.3,282.4,79.15,100,43,89,13683.1,5.2,270.9,79.14,100,42,85,3.6,10387.6,90.0,14,0
1783015793.769,1686.587,302.3,79.14,100,47,90,5.4,7.9,288.3,79.15,100,44,85,17325.3,13166.3,282.4,79.15,100,43,89,6369.5,4.7,270.9,79.14,100,42,85,2.6,3097.7,90.0,14,0
1783015794.215,1687.032,302.3,79.14,100,47,90,1.8,4.4,293.8,79.15,100,54,86,6518.9,13013.1,284.0,79.15,100,39,89,17464.9,4.5,274.6,79.14,100,50,87,3.4,4.0,90.0,14,0
1783015794.656,1687.474,300.5,79.14,100,52,90,3.9,4.9,294.1,79.15,100,46,85,3739.0,13903.0,285.5,79.15,100,39,89,18822.6,7.9,276.8,79.14,99,41,86,5.9,1727.5,90.0,14,0
1783015795.104,1687.922,299.4,79.14,100,45,90,3.8,4.8,292.8,79.15,100,51,86,14301.2,13236.3,284.3,79.15,100,38,89,9312.6,10.1,276.6,79.14,100,45,87,3.0,7641.4,90.0,14,0
1783015795.549,1688.367,299.5,79.14,100,51,90,5267.0,13504.3,292.1,79.15,99,46,85,18789.9,5.9,284.0,79.15,100,39,89,2.2,17219.6,275.5,79.14,99,40,87,19273.1,1252.5,90.0,14,0
1783015795.991,1688.808,298.3,79.14,100,40,90,2.6,5.8,287.5,79.15,100,43,86,20709.8,17103.8,282.0,79.15,99,34,89,2.5,5.9,273.0,79.14,100,38,86,11295.1,13602.8,93.0,15,0
1783015796.435,1689.253,296.5,79.14,100,45,89,3718.5,3011.2,286.1,79.15,100,43,85,3445.8,3560.6,275.9,79.15,100,53,89,3826.4,3800.5,267.1,79.14,100,55,86,3813.7,4317.1,93.0,15,0
1783015796.878,1689.696,301.2,79.14,100,64,89,3266.1,3064.2,294.3,79.15,100,65,85,3832.3,4341.2,284.7,79.15,100,55,89,4002.5,4963.7,272.2,79.14,100,57,86,3564.5,4664.8,93.0,15,0
1783015797.321,1690.139,306.2,79.14,100,65,89,3394.0,2790.2,301.7,79.15,100,65,85,3885.4,4521.1,295.5,79.15,100,56,89,3522.2,4554.3,281.7,79.14,100,58,86,3931.1,4804.6,93.0,16,0
1783015797.764,1690.582,306.2,79.14,100,65,89,3835.8,3737.5,301.7,79.15,100,65,85,3451.3,4158.1,295.5,79.15,100,56,89,3874.1,4675.2,281.7,79.14,100,58,86,3950.6,5004.2,93.0,16,0
1783015798.215,1691.033,301.1,79.14,100,64,89,3215.8,3261.0,302.3,79.15,100,63,85,3845.1,3980.2,295.7,79.15,100,56,89,3936.8,4795.7,281.7,79.14,100,57,86,3580.1,4641.6,93.0,16,0
1783015798.661,1691.478,299.9,79.14,100,64,89,3474.7,2835.1,300.5,79.15,100,64,85,3785.3,5131.6,295.2,79.15,100,56,89,3577.5,4851.1,281.1,79.14,100,58,86,3887.1,4456.1,93.0,16,0
1783015799.106,1691.924,300.0,79.14,100,64,89,3588.9,2727.6,300.4,79.15,100,64,85,3847.7,4433.5,295.3,79.15,100,55,89,3591.9,4880.2,281.2,79.14,100,57,86,3948.0,4933.5,93.0,16,0
1783015799.548,1692.366,300.0,79.14,100,65,89,3592.3,3015.1,300.6,79.15,100,64,85,3422.9,4257.5,295.9,79.15,100,56,89,3925.6,4611.5,281.8,79.14,100,58,86,3926.7,4976.1,93.0,16,0
1783015799.991,1692.809,300.0,79.14,100,65,89,3214.8,2995.2,300.4,79.15,100,64,85,3788.1,3796.0,296.4,79.15,100,56,89,3932.7,5075.7,282.5,79.14,100,58,86,3546.8,4689.0,93.0,16,0
1783015800.438,1693.256,300.0,79.14,100,65,89,3216.2,3063.7,300.3,79.15,100,64,85,3770.1,4006.1,296.7,79.15,100,56,89,3937.6,5182.3,282.9,79.14,100,58,86,3532.6,4726.0,93.0,16,0
1783015800.881,1693.699,300.0,79.14,100,65,89,3594.3,2926.4,300.4,79.15,100,65,85,3785.0,4584.1,297.5,79.15,100,56,89,3929.5,4687.0,283.3,79.14,100,58,86,3934.2,4618.4,93.0,16,0
1783015801.331,1694.149,300.0,79.14,100,65,89,3582.4,2960.6,299.7,79.15,100,64,85,3469.9,4092.8,297.2,79.15,100,55,89,3875.9,4553.2,282.9,79.14,100,57,86,3928.2,5046.6,93.0,16,0
1783015801.775,1694.592,300.0,79.14,100,65,89,3295.6,3099.9,299.6,79.15,100,64,85,3786.1,4230.8,297.2,79.15,100,55,89,3866.7,4821.3,282.9,79.14,100,57,86,3551.3,4471.1,93.0,16,0
1783015802.225,1695.042,300.0,79.14,100,65,89,3541.4,2850.0,299.6,79.15,100,64,85,3824.7,4448.5,297.0,79.15,100,56,89,3535.7,4805.2,282.8,79.14,100,58,86,3896.1,4853.7,93.0,16,0
1783015802.673,1695.491,299.9,79.14,100,65,89,3624.8,2995.1,299.8,79.15,100,64,85,3440.7,5117.8,297.0,79.15,100,56,89,4383.0,5129.8,282.4,79.14,100,58,86,3602.4,4876.7,93.0,16,0
1783015803.124,1695.942,300.0,79.14,100,64,89,3562.1,2788.5,300.1,79.15,100,64,85,3826.4,4460.5,297.4,79.15,100,56,89,3499.1,4783.9,282.6,79.14,100,58,86,3931.9,4767.5,93.0,16,0
1783015803.567,1696.385,300.0,79.14,100,65,89,3544.2,2719.8,300.3,79.15,100,65,85,3799.5,4258.6,298.2,79.15,100,56,89,3507.6,4875.8,283.3,79.14,100,59,86,3893.7,4513.1,93.0,16,0
1783015804.010,1696.827,300.0,79.14,100,65,89,3544.2,2695.3,300.1,79.15,100,64,85,3785.6,4378.2,297.7,79.15,100,55,89,3577.3,4975.1,283.3,79.14,100,58,86,3909.9,4705.4,93.0,16,0
1783015804.456,1697.274,300.0,79.14,100,65,89,3633.2,2995.1,299.8,79.15,100,64,85,3488.6,4132.7,297.4,79.15,100,56,89,3963.5,4745.3,282.9,79.14,100,58,86,3914.3,5119.4,93.0,16,0
1783015804.898,1697.716,300.0,79.14,100,65,89,3171.8,3040.9,300.0,79.15,100,64,85,3814.6,4064.4,297.5,79.15,100,56,89,3915.2,4961.7,283.0,79.14,100,58,86,3527.4,4740.9,94.0,16,0
1783015805.344,1698.162,300.0,79.14,100,65,89,3631.0,2735.3,300.2,79.15,100,64,85,3798.0,4303.7,297.8,79.15,100,56,89,3535.6,4808.3,283.1,79.14,100,58,86,3935.3,4812.5,94.0,16,0
1783015805.789,1698.607,300.0,79.14,100,65,89,3646.7,2719.4,300.0,79.15,100,65,85,3591.7,4273.6,297.8,79.15,100,56,89,3831.7,4716.1,283.1,79.14,100,58,86,3953.8,4891.3,94.0,16,0
1783015806.234,1699.052,300.0,79.14,100,65,89,3597.6,3029.6,300.0,79.15,100,65,85,3497.5,4235.5,297.7,79.15,100,56,89,3935.5,4821.3,282.9,79.14,100,58,86,4076.0,4993.2,94.0,16,0
1783015806.681,1699.499,300.0,79.14,100,65,89,3180.5,3100.5,299.9,79.15,100,64,85,4607.3,4174.0,297.4,79.15,100,56,89,4127.4,5396.2,283.0,79.14,100,58,86,3898.5,4610.0,94.0,16,0
1783015807.139,1699.957,300.0,79.14,100,65,89,3542.8,3026.0,300.0,79.15,100,64,85,3409.7,4035.2,297.4,79.15,100,56,89,3926.1,4891.6,283.2,79.14,100,58,86,3939.9,5279.8,94.0,16,0
1783015807.582,1700.400,300.0,79.14,100,65,89,3624.0,3005.1,300.3,79.15,100,65,85,3472.5,4153.8,298.1,79.15,100,57,89,3883.8,4742.9,283.7,79.14,100,59,86,4666.8,4805.6,94.0,16,0
1783015808.029,1700.847,300.0,79.14,100,65,89,3214.8,3065.2,300.2,79.15,100,65,85,3830.0,4065.8,297.9,79.15,100,56,89,3967.1,4995.1,283.9,79.14,100,58,86,3579.3,4713.9,94.0,16,0
1783015808.472,1701.290,300.0,79.14,100,65,89,3577.5,2710.1,299.8,79.15,100,64,85,3791.1,4451.9,297.6,79.15,100,56,89,3562.2,5103.7,283.6,79.14,100,58,86,3927.5,4759.2,94.0,16,0
1783015808.914,1701.732,300.1,79.14,100,66,89,3542.0,2901.2,300.0,79.15,100,65,85,3730.5,4351.0,297.9,79.15,100,56,89,3564.9,4791.7,283.7,79.14,100,58,86,3961.9,4814.1,94.0,16,0
1783015809.358,1702.176,300.0,79.14,100,65,89,3623.5,3328.7,300.2,79.15,100,65,85,3562.1,3894.3,298.2,79.15,100,56,89,3961.6,4635.8,284.1,79.14,100,58,86,3888.7,5067.5,94.0,16,0
1783015809.804,1702.622,299.9,79.14,100,66,89,3631.4,3029.7,300.0,79.15,100,65,85,3432.4,4139.0,298.2,79.15,100,56,89,3909.9,4841.2,284.0,79.14,100,58,86,3941.5,4772.9,94.0,16,0
1783015810.247,1703.065,299.9,79.14,100,66,89,3171.6,3029.8,300.0,79.15,100,65,85,3805.9,3940.1,298.0,79.15,100,56,89,3957.4,4978.6,284.0,79.14,100,58,86,3565.5,4838.9,94.0,16,0
1783015810.690,1703.508,300.0,79.14,100,65,89,3171.0,3205.0,300.0,79.15,100,65,85,3821.2,4438.3,298.4,79.15,100,56,89,3571.8,5184.0,283.8,79.14,100,58,86,3914.6,4499.9,94.0,16,0
1783015811.137,1703.955,300.0,79.14,100,66,89,3541.5,2763.1,300.0,79.15,100,65,85,3757.0,4440.5,298.5,79.15,100,56,89,3572.7,4771.2,283.9,79.14,100,58,86,3901.2,4761.4,94.0,16,0
1783015811.580,1704.398,300.0,79.14,100,65,89,3584.0,2909.4,300.1,79.15,100,65,85,3469.2,4264.7,298.6,79.15,100,56,89,3785.1,4364.3,283.9,79.14,100,58,86,3933.2,5276.2,94.0,16,0
1783015812.023,1704.841,300.0,79.14,100,65,89,3582.8,3086.2,299.8,79.15,100,65,85,3444.3,4144.7,298.6,79.15,100,56,89,3938.3,4633.4,283.8,79.14,100,58,86,3914.8,5021.8,94.0,16,0
1783015812.465,1705.283,300.0,79.14,100,65,89,3267.7,3090.8,299.9,79.15,100,65,85,3816.8,4053.2,298.7,79.15,100,57,89,3898.2,5041.6,283.8,79.14,100,58,86,3575.4,4647.4,94.0,16,0
1783015812.914,1705.731,300.0,79.14,100,65,89,3381.9,2814.1,299.9,79.15,100,64,85,3774.7,4688.5,298.5,79.15,100,56,89,3550.8,4829.1,283.8,79.14,100,58,86,3937.1,4391.8,94.0,16,0
1783015813.360,1706.178,300.0,79.14,100,65,89,3547.1,2719.6,300.0,79.15,100,65,85,3773.5,4251.6,298.6,79.15,100,56,89,3798.1,4538.2,283.9,79.14,100,58,86,3914.2,4849.3,94.0,16,0
1783015813.807,1706.625,300.0,79.14,100,65,89,3552.2,2995.2,300.2,79.15,100,65,85,3439.9,4216.9,298.6,79.15,100,56,89,3898.1,4847.8,284.4,79.14,100,59,86,3918.7,5301.2,94.0,16,0
1783015814.251,1707.068,300.0,79.14,100,65,89,3598.1,2960.8,300.2,79.15,100,65,85,3447.2,4069.3,299.1,79.15,100,57,89,3866.6,4790.5,284.4,79.14,100,59,86,3886.9,5104.7,94.0,16,0
1783015814.692,1707.510,300.0,79.14,100,66,89,3212.3,3135.9,300.4,79.15,100,65,85,3771.6,3985.5,300.0,79.15,100,56,89,3925.9,5357.3,285.3,79.14,100,59,86,3507.5,4724.5,94.0,16,0
1783015815.138,1707.956,300.0,79.14,100,66,89,3252.7,3030.0,300.0,79.15,100,65,85,3772.8,3993.6,299.6,79.15,100,56,89,3859.0,5187.1,285.1,79.14,100,58,86,3546.0,4723.8,94.0,16,0
1783015815.580,1708.398,300.0,79.14,100,65,89,3586.3,2708.9,299.7,79.15,100,65,85,3799.0,4182.7,299.0,79.15,100,56,89,3565.2,4841.6,284.1,79.14,100,58,86,3880.2,4631.2,94.0,16,0
1783015816.024,1708.842,300.0,79.14,100,65,89,3580.2,2751.9,299.7,79.15,100,65,85,3777.7,4197.8,298.2,79.15,100,56,89,3584.2,4744.1,283.7,79.14,100,58,86,3872.0,4791.5,95.0,16,0
1783015816.472,1709.290,300.0,79.14,100,65,89,3674.2,3053.5,299.8,79.15,100,65,85,3609.9,3826.2,298.0,79.15,100,57,89,3869.8,5138.3,283.6,79.14,100,59,86,3568.8,4783.3,95.0,16,0
1783015816.918,1709.736,300.0,79.14,100,66,89,3171.3,3042.5,300.2,79.15,100,65,85,3827.4,4008.7,298.7,79.15,100,56,89,3888.0,5139.0,284.1,79.14,100,59,86,3569.7,4862.4,95.0,16,0
1783015817.360,1710.178,300.0,79.14,100,66,89,3172.1,3033.5,300.5,79.15,100,65,85,3763.3,3702.2,299.5,79.15,100,57,89,3869.3,5297.9,285.0,79.14,100,59,86,3499.5,4934.1,95.0,16,0
1783015817.803,1710.621,300.0,79.14,100,66,89,3215.1,3065.9,300.3,79.15,100,66,85,3768.4,3939.6,299.5,79.15,100,57,89,3893.0,5207.2,285.6,79.14,100,59,86,3564.8,4969.2,95.0,16,0
1783015818.247,1711.065,300.0,79.14,100,66,89,3460.2,2822.4,300.3,79.15,100,66,85,3774.6,4147.8,300.0,79.15,100,56,89,3586.9,4803.5,285.6,79.14,100,59,86,3952.7,4362.3,95.0,16,0
1783015818.694,1711.512,300.0,79.14,100,65,89,3501.6,2792.5,299.8,79.15,100,65,85,3678.1,5025.3,299.8,79.15,100,56,89,3919.0,4626.1,285.4,79.14,100,58,86,3902.9,4947.9,95.0,16,0
1783015819.148,1711.965,300.0,79.14,100,65,89,3173.6,3082.7,299.8,79.15,100,65,85,3774.2,3919.5,299.2,79.15,100,56,89,3943.8,5204.6,285.0,79.14,100,58,86,3523.2,5056.2,95.0,16,0
1783015819.590,1712.408,300.0,79.14,100,66,89,3241.4,3043.4,300.2,79.15,100,65,85,3785.2,3788.0,299.6,79.15,100,57,89,3947.3,5219.7,285.4,79.14,100,59,86,3541.5,6145.4,95.0,16,0
1783015820.037,1712.855,300.0,79.14,100,66,89,3219.9,2996.3,300.2,79.15,100,65,85,3728.4,4126.4,299.8,79.15,100,57,89,3893.0,5057.0,285.7,79.14,100,59,86,3520.5,4761.2,95.0,16,0
1783015820.479,1713.297,300.0,79.14,100,65,89,3420.5,2788.9,300.1,79.15,100,65,85,3708.0,4171.7,299.7,79.15,100,57,89,3613.7,5323.6,285.9,79.14,100,59,86,3907.6,4807.9,95.0,16,0
1783015820.925,1713.743,300.0,79.14,100,66,89,3542.4,2928.9,300.2,79.15,100,65,85,4549.4,4049.5,300.2,79.15,100,56,89,3943.0,4857.9,286.2,79.14,100,59,86,3883.7,5189.6,95.0,16,0
1783015821.381,1714.199,300.0,79.14,100,66,89,3544.4,3084.9,300.0,79.15,100,65,85,3437.2,4086.0,300.3,79.15,100,57,89,3919.2,4893.9,285.9,79.14,100,59,86,3933.8,5121.8,95.0,16,0
1783015821.823,1714.641,300.0,79.14,100,66,89,3253.1,3022.4,299.9,79.15,100,65,85,3614.2,3876.4,300.4,79.15,100,57,90,3927.7,4972.6,285.8,79.14,100,59,86,3546.8,5943.8,95.0,16,0
1783015822.271,1715.089,300.0,79.14,100,66,89,3172.5,3015.8,299.9,79.15,100,65,85,3802.4,4073.1,300.4,79.15,100,57,90,3933.6,5067.2,285.8,79.14,100,59,86,3560.1,4702.5,95.0,16,0
1783015822.714,1715.532,300.0,79.14,100,66,89,3702.5,3277.1,300.1,79.15,100,66,85,4470.1,4193.3,300.4,79.15,100,57,89,3937.9,4786.8,285.9,79.14,100,59,86,3885.3,5238.1,95.0,16,0
1783015823.169,1715.986,300.0,79.14,100,66,89,3598.7,2990.7,299.8,79.15,100,65,85,3455.1,4153.5,300.3,79.15,100,57,89,3955.3,4658.0,285.3,79.14,100,58,86,3948.9,5270.6,95.0,16,0
1783015823.611,1716.429,300.0,79.14,100,65,89,3825.7,3033.4,299.8,79.15,100,65,85,3548.1,3873.5,300.2,79.15,100,57,90,3925.4,4975.5,285.0,79.14,100,59,86,3628.0,5719.8,95.0,16,0
1783015824.063,1716.881,300.0,79.14,100,65,89,3212.6,2995.7,300.0,79.15,100,65,85,3795.3,3988.4,299.9,79.15,100,57,90,3923.6,5165.1,284.9,79.14,100,59,86,3565.5,4759.7,95.0,16,0
1783015824.506,1717.323,300.0,79.14,100,66,89,3574.8,2721.4,300.0,79.15,100,65,85,3753.5,4354.1,299.6,79.15,100,56,90,3542.5,5037.1,284.7,79.14,100,58,86,4287.1,5007.1,95.0,16,0
1783015824.953,1717.771,300.0,79.14,100,66,89,3550.6,2677.0,300.4,79.15,100,65,85,3733.6,4128.4,300.2,79.15,100,57,90,3556.1,4526.8,285.5,79.14,100,59,86,3935.9,4625.9,95.0,16,0
1783015825.398,1718.216,300.0,79.14,100,66,89,3586.2,2995.1,300.1,79.15,100,65,85,3421.0,4107.9,300.3,79.15,100,56,90,3928.9,4474.4,285.4,79.14,100,58,86,3895.9,5065.4,95.0,16,0
1783015825.840,1718.658,300.0,79.14,100,65,89,3629.2,2972.4,299.7,79.15,100,65,85,3395.0,4058.1,300.0,79.15,100,57,90,3933.6,5172.0,284.9,79.14,100,59,86,3613.2,4803.0,95.0,16,0
1783015826.285,1719.103,300.0,79.14,100,65,89,3228.7,3091.6,299.8,79.15,100,65,85,3742.3,3835.5,300.0,79.15,100,57,90,3867.8,5150.4,284.9,79.14,100,59,86,3560.1,4652.9,95.0,16,0
1783015826.729,1719.546,300.0,79.14,100,65,89,3548.9,2840.8,299.8,79.15,100,65,85,3829.5,4165.5,299.4,79.15,100,56,90,3600.1,4619.1,284.3,79.14,100,58,86,3868.4,4523.3,95.0,16,0
1783015827.178,1719.996,300.0,79.14,100,65,89,3599.1,2959.9,299.8,79.15,100,65,85,3457.5,4350.6,299.2,79.15,100,56,90,3970.5,4593.5,284.3,79.14,100,59,86,3922.6,4994.5,95.0,16,0
1783015827.621,1720.439,300.0,79.14,100,65,89,3600.8,3010.8,300.1,79.15,100,65,86,3507.4,3921.3,299.5,79.15,100,57,90,4229.5,5114.1,284.3,79.14,100,59,86,3636.7,4813.6,96.0,16,0
1783015828.072,1720.889,300.0,79.14,100,66,89,3213.6,3030.0,300.1,79.15,100,65,86,3749.3,3849.3,299.7,79.15,100,56,90,3867.4,5140.6,284.7,79.14,100,59,86,3542.4,4708.7,96.0,16,0
1783015828.514,1721.332,300.0,79.14,100,66,89,18255.9,17107.2,294.7,79.15,100,65,86,19524.7,17101.9,285.2,79.15,14,8,88,20746.8,17181.7,276.1,79.14,43,25,84,20744.6,17186.2,,,
1783015829.932,1722.750,297.7,79.14,100,50,90,14473.3,14176.5,302.6,79.15,100,61,86,8579.2,5.8,291.5,79.15,99,42,91,2.2,5964.6,285.9,79.14,100,51,87,17286.9,12668.9,,,
1783015831.352,1724.170,296.7,79.14,100,45,89,18518.2,4.5,288.4,79.15,100,46,86,2.8,4.3,276.8,79.15,100,38,90,20762.7,17188.2,269.8,79.14,100,40,87,3.9,4.8,96.0,16,0
1783015831.795,1724.613,299.6,79.14,99,49,90,4.4,6.9,288.1,79.15,99,43,86,4.3,10558.7,276.8,79.15,100,38,90,17475.5,8059.4,271.4,79.14,100,42,87,2.7,5.6,96.0,16,0
1783015832.246,1725.064,299.6,79.14,99,49,90,2.3,4.6,288.1,79.15,99,43,86,1.8,11949.4,283.7,79.15,99,47,90,17310.8,6706.9,271.4,79.14,100,42,87,3.6,4.8,96.0,16,0
1783015833.151,1725.969,301.4,79.14,100,54,90,2.2,4.6,294.5,79.15,99,46,85,1.9,15320.3,287.8,79.15,99,41,90,17413.5,3345.6,278.1,79.14,99,43,86,3.7,5.0,96.0,16,0
1783015833.595,1726.412,299.0,79.14,100,47,90,4.1,4.6,294.8,79.15,100,55,86,1.9,11887.5,288.4,79.15,100,39,90,17375.0,6855.8,280.5,79.14,100,47,87,2.4,8.4,96.0,16,0
1783015834.041,1726.859,300.1,79.14,100,55,90,2.0,5.9,295.7,79.15,100,48,86,15205.1,14417.6,287.1,79.15,100,38,90,7008.5,5.9,277.5,79.14,99,41,86,490.3,16890.2,96.0,16,0
1783015834.489,1727.307,300.1,79.14,100,45,90,20706.4,5.7,290.0,79.15,100,41,86,2.1,4498.2,286.2,79.15,100,36,90,18066.6,13610.4,273.9,79.14,100,38,86,2.9,5.7,96.0,16,0
1783015834.930,1727.748,297.3,79.14,100,46,90,20676.4,13078.6,288.2,79.15,100,48,85,6718.1,4.5,276.7,79.15,98,7,90,1.9,501.9,268.5,79.14,98,16,86,19702.3,17186.8,96.0,16,0
1783015835.374,1728.192,294.3,79.14,100,62,90,1.7,4.0,286.9,79.15,100,60,87,11647.5,12602.2,278.9,79.15,100,43,90,12770.7,4.5,270.0,79.14,100,44,87,2.4,4.3,96.0,16,0
1783015835.816,1728.634,296.8,79.14,100,63,90,15993.9,4.5,294.6,79.15,100,47,87,4.2,4.2,289.9,79.15,100,42,89,20791.0,14338.1,275.9,79.14,99,43,88,1799.9,7.2,96.0,16,0
1783015836.264,1729.082,296.8,79.14,100,63,90,15760.4,8853.5,294.6,79.15,100,47,87,3.3,4.8,289.9,79.15,100,42,89,6367.3,13407.1,275.9,79.14,99,43,88,17950.6,4.9,96.0,16,0
1783015836.706,1729.524,299.0,79.14,100,49,90,1416.2,8.6,298.9,79.15,100,45,87,1630.7,15698.3,293.9,79.15,100,41,90,19112.1,8.5,284.5,79.14,100,39,86,3.0,17224.9,96.0,16,0
1783015837.152,1729.970,297.2,79.14,99,43,90,16474.0,14264.9,294.3,79.15,99,45,85,2.2,5.9,285.8,79.15,100,30,90,20755.4,17196.6,277.5,79.14,99,38,86,4.7,5.8,96.0,16,0
1783015837.595,1730.413,296.8,79.14,100,43,90,4.1,6.0,287.1,79.15,100,43,86,20626.5,15402.3,276.4,79.15,100,35,90,378.9,4.9,269.3,79.14,100,38,87,2.0,14729.6,96.0,16,0
1783015838.044,1730.862,295.8,79.14,100,44,90,2.7,10542.7,288.2,79.15,100,46,87,16107.5,9723.7,280.1,79.15,99,42,90,3.1,4.4,270.4,79.14,99,40,86,1074.1,16752.6,96.0,16,0
1783015838.487,1731.305,301.3,79.14,100,55,90,4.7,17113.8,291.4,79.15,100,47,86,17409.4,2612.7,283.6,79.15,100,38,89,2.4,4.6,271.5,79.14,100,39,87,7437.2,12963.7,96.0,16,0
1783015838.931,1731.749,301.2,79.14,100,47,90,2.0,12847.2,294.1,79.15,99,47,86,17807.7,4619.3,284.7,79.15,100,46,90,2.8,4.9,277.0,79.14,99,44,87,10304.3,12919.0,96.0,16,0
1783015839.377,1732.195,300.6,79.14,100,56,90,2.1,17114.1,294.0,79.15,100,56,87,18265.9,494.8,286.7,79.15,100,37,90,2.8,4.8,278.6,79.14,100,41,87,16184.7,13052.2,96.0,16,0
1783015839.821,1732.639,299.9,79.14,100,48,90,1677.0,15619.4,293.6,79.15,100,45,86,20704.9,10.0,285.9,79.15,99,41,90,3.5,484.5,276.5,79.14,100,43,87,19704.0,17206.2,96.0,16,0
1783015840.266,1733.084,299.9,79.14,100,48,90,16153.0,7712.9,293.6,79.15,100,45,86,3.5,5.5,285.9,79.15,99,41,90,20758.4,15902.1,276.5,79.14,100,43,87,37.2,5.8,96.0,16,0
1783015840.709,1733.527,298.6,79.14,100,48,90,5406.2,13323.7,291.4,79.15,100,45,87,7598.2,8.4,284.1,79.15,100,37,90,13305.5,13288.0,275.9,79.14,100,40,86,10755.5,5.8,96.0,16,0
1783015841.169,1733.987,296.8,79.14,100,44,89,17341.0,4889.6,286.4,79.15,100,39,86,2.7,4.5,275.9,79.15,99,33,89,1067.3,16740.0,265.8,79.14,99,32,87,20748.7,4.6,6.0,0,15
1783015841.611,1734.429,284.6,79.14,100,12,91,1.8,15963.0,275.3,79.15,99,50,85,16694.6,3699.4,269.5,79.15,99,44,90,3.9,4.7,259.3,79.14,99,47,86,516.2,16801.4,6.0,0,15
1783015842.067,1734.885,289.6,79.14,100,53,90,1.8,5.0,284.4,79.15,99,47,85,15186.0,13980.1,282.3,79.15,99,47,90,7838.6,4.3,271.6,79.14,99,43,86,4.4,3.7,6.0,0,15
1783015842.511,1735.329,296.9,79.14,100,50,90,2.3,4.8,303.0,79.15,99,50,85,3.5,17128.6,293.7,79.15,100,49,90,20750.0,4.6,287.0,79.14,99,47,87,1.9,4.7,6.0,0,15
1783015842.953,1735.771,301.3,79.14,100,55,90,107.0,17491.0,295.0,79.15,99,45,86,17334.9,6.0,286.6,79.15,99,36,90,2.9,17211.2,277.4,79.14,99,39,86,20747.4,13.6,6.0,0,15
1783015843.402,1736.220,297.3,79.14,100,38,90,3.8,5.1,288.6,79.15,100,46,87,20217.2,17103.9,279.7,79.15,99,34,90,2.8,5.7,269.8,79.14,100,39,87,15826.1,14618.8,6.0,0,15
1783015843.846,1736.664,294.8,79.14,100,46,90,19363.3,17108.1,288.0,79.15,99,46,85,1.8,4.6,278.0,79.15,100,38,90,8.4,17227.7,270.9,79.14,99,40,87,20750.9,7.0,6.0,0,15
1783015844.292,1737.110,299.8,79.14,100,50,90,17532.1,3754.0,289.2,79.15,99,44,86,1.9,4.6,278.0,79.15,100,38,90,5882.4,14282.3,270.9,79.14,99,40,87,17318.2,5.0,6.0,0,15
1783015844.735,1737.553,299.8,79.14,100,50,90,17107.5,3307.4,289.2,79.15,99,44,86,9.9,7.5,283.1,79.15,100,41,90,19823.8,14114.2,271.5,79.14,99,42,87,3384.0,4.7,6.0,0,15
1783015845.186,1738.003,302.3,79.14,99,48,90,17364.5,6848.6,294.9,79.15,99,50,86,3.2,4.6,286.7,79.15,99,42,90,1475.3,16010.6,278.3,79.14,100,50,87,20559.3,4.6,6.0,0,15
1783015845.627,1738.445,301.7,79.14,100,53,90,20485.3,17112.0,297.2,79.15,100,49,87,3.5,4.7,287.2,79.15,99,41,89,3.5,17231.3,278.1,79.14,100,42,87,20753.5,10.4,6.0,0,15
1783015846.077,1738.895,298.9,79.14,100,46,90,17305.0,14257.4,294.1,79.15,99,48,86,2.8,4.8,288.2,79.15,99,44,90,597.8,16756.4,279.1,79.14,99,45,87,20754.6,4.8,6.0,0,15
1783015846.519,1739.337,300.0,79.14,100,54,90,20708.3,5.2,295.5,79.15,100,53,87,4.5,5.0,285.8,79.15,100,38,89,20763.7,17194.4,276.8,79.14,99,41,87,2.9,5.9,6.0,0,15
1783015846.965,1739.783,300.2,79.14,100,45,89,9246.1,15581.7,291.2,79.15,100,42,86,8185.6,5.8,283.4,79.15,99,37,89,2.1,17216.0,271.2,79.14,100,39,87,20743.5,6.4,6.0,0,15
1783015847.417,1740.235,298.8,79.14,100,44,90,7563.0,16656.5,288.3,79.15,98,38,86,15620.6,14415.9,276.2,79.15,98,9,90,3.5,4.4,269.5,79.14,98,23,86,1.9,16254.7,9.0,0,14
1783015847.859,1740.677,295.3,79.14,100,61,90,3.6,3.9,288.8,79.15,100,65,87,1.8,59.7,278.1,79.15,99,41,89,19847.4,17197.7,271.6,79.14,99,52,87,6.2,10.1,9.0,0,14
1783015848.315,1741.133,295.6,79.14,100,61,90,15459.9,4609.4,293.9,79.15,100,59,87,4.4,4.6,289.7,79.15,100,41,91,1072.2,16772.9,276.6,79.14,99,42,87,20751.9,4.9,9.0,0,14
1783015848.757,1741.575,295.6,79.14,100,61,90,18520.4,12440.3,293.9,79.15,100,59,87,5526.6,4.9,289.7,79.15,100,41,91,2.3,8084.6,276.6,79.14,99,42,87,15974.9,12173.2,9.0,0,14
1783015849.206,1742.024,300.1,79.14,100,57,90,20708.5,6.1,295.8,79.15,99,45,85,2.9,782.6,294.0,79.15,99,38,90,18247.6,17198.0,282.7,79.14,99,39,86,3.0,6.1,9.0,0,14
1783015849.648,1742.466,298.9,79.14,100,45,90,845.7,16356.4,293.6,79.15,99,45,87,20703.7,6.4,286.4,79.15,100,35,89,9.3,17210.9,276.2,79.14,100,39,86,20759.1,8.0,9.0,0,14
1783015850.099,1742.917,296.8,79.14,99,42,90,4278.4,5.2,287.9,79.15,99,43,86,3.8,17115.0,278.7,79.15,99,35,90,20748.2,5.2,269.8,79.14,99,38,86,2.3,4.7,9.0,0,14
1783015850.541,1743.359,297.1,79.14,100,45,91,2.0,5.0,287.1,79.15,100,47,86,1446.3,15898.8,280.9,79.15,100,38,90,20745.0,4.6,271.3,79.14,100,41,86,2.4,4.7,9.0,0,14
1783015850.982,1743.800,300.3,79.14,100,48,91,5.9,4.8,293.6,79.15,99,48,86,489.9,17141.7,281.8,79.15,99,37,89,20754.9,4.5,274.5,79.14,99,42,87,1.8,4.5,9.0,0,14
1783015851.429,1744.247,301.5,79.14,99,56,90,1.9,4.6,294.0,79.15,99,46,86,4.5,12798.0,286.0,79.15,99,40,90,15696.2,7207.1,277.1,79.14,99,41,86,1.9,4.6,9.0,0,14
1783015851.871,1744.689,300.1,79.14,99,48,89,17271.7,5.7,295.3,79.15,100,48,86,2.9,2897.0,288.5,79.15,100,46,90,16748.9,16723.5,279.8,79.14,100,50,87,3.6,4.6,9.0,0,14
1783015852.312,1745.130,301.2,79.14,100,53,90,18559.6,4.6,295.8,79.15,100,49,87,2.9,3.9,285.8,79.15,100,38,89,19707.1,17196.0,276.5,79.14,100,41,87,2.7,4.9,9.0,0,14
1783015852.755,1745.572,301.2,79.14,100,53,90,9011.8,7.3,295.8,79.15,100,49,87,5.3,17127.8,285.8,79.15,100,38,89,20751.0,5.5,276.5,79.14,100,41,87,4.1,2812.4,9.0,0,14
1783015853.202,1746.020,299.0,79.14,100,46,90,20710.7,15066.1,293.4,79.15,100,45,86,1332.8,6.4,283.9,79.15,100,37,89,8838.9,14959.6,273.5,79.14,100,39,87,13349.1,5.8,9.0,0,14
1783015853.645,1746.463,297.4,79.14,100,44,90,19652.9,17112.2,290.6,79.15,99,38,86,20702.5,17102.1,279.6,79.15,100,33,90,19909.5,17202.0,271.2,79.14,100,34,87,8.5,6.8,12.0,1,14
1783015854.096,1746.914,291.8,79.14,98,11,89,17319.1,16422.0,277.6,79.15,100,51,86,2.7,5.1,273.8,79.15,100,57,90,1.8,3739.6,263.0,79.14,100,58,87,17070.3,15347.5,12.0,1,14
1783015854.539,1747.357,292.8,79.14,100,53,90,2.8,3.6,287.8,79.15,100,55,86,20217.0,17106.7,281.9,79.15,100,50,90,1.9,4.6,273.4,79.14,100,61,87,2.4,9694.1,12.0,1,14
1783015854.982,1747.800,294.3,79.14,100,57,90,5.0,4.7,301.8,79.15,100,62,87,492.5,17137.4,293.5,79.15,100,40,89,20748.0,4.9,286.0,79.14,99,55,87,2.0,10.3,12.0,1,14
1783015855.424,1748.242,298.1,79.14,100,49,90,3.0,10638.2,293.7,79.15,100,46,85,18185.4,7787.8,292.7,79.15,100,35,90,4.2,5.7,281.0,79.14,100,40,86,20768.1,17201.7,12.0,1,14
1783015855.867,1748.685,294.8,79.14,100,40,90,5005.6,5.8,288.1,79.15,100,45,86,882.2,16344.4,282.3,79.15,100,34,90,20745.0,8.7,272.9,79.14,100,36,87,7.0,17220.4,12.0,1,14
1783015856.310,1749.128,296.1,79.14,100,45,91,10380.5,14612.6,288.9,79.15,100,50,86,12200.9,5.8,282.3,79.15,100,34,90,3.1,17219.3,268.2,79.14,99,44,87,20749.3,5.3,12.0,1,14
1783015856.752,1749.570,296.1,79.14,100,45,91,17497.9,14047.8,288.9,79.15,100,50,86,4.7,5.7,274.8,79.15,99,37,89,18599.5,14670.1,268.2,79.14,99,44,87,3650.4,4.8,12.0,1,14
1783015857.195,1750.013,298.7,79.14,100,46,90,16193.4,5.0,289.6,79.15,100,46,85,2.9,41.9,280.9,79.15,100,36,90,19129.8,17192.9,271.5,79.14,100,39,87,2.7,4.7,12.0,1,14
1783015857.638,1750.456,302.1,79.14,100,57,90,15005.1,4.8,290.3,79.15,100,46,86,2.0,1421.2,287.5,79.15,100,40,90,18141.5,15623.0,274.6,79.14,100,41,86,5.5,9.3,12.0,1,14
1783015858.083,1750.901,301.2,79.14,100,47,90,6894.7,4.9,294.6,79.15,100,49,86,2.8,13022.7,284.5,79.15,100,38,90,17798.6,2290.1,276.2,79.14,100,44,87,2.8,4.9,12.0,1,14
1783015858.528,1751.346,299.1,79.14,100,48,90,2.1,4.7,294.0,79.15,100,45,85,8288.5,14717.3,285.1,79.15,100,41,90,13876.1,5.3,275.5,79.14,100,40,88,2.9,6843.8,12.0,1,14
1783015858.971,1751.789,300.0,79.14,100,48,90,2530.6,14764.1,291.5,79.15,100,48,86,18677.3,5.6,285.2,79.15,100,38,89,3.0,13757.6,273.5,79.14,100,41,87,17769.1,4711.3,12.0,1,14
1783015859.414,1752.231,299.7,79.14,100,37,90,4.2,5.4,289.0,79.15,99,42,85,20706.3,17104.9,279.7,79.15,99,32,90,2.6,6.2,270.2,79.14,99,36,86,20763.4,15769.8,12.0,1,14
1783015859.855,1752.673,289.9,79.14,99,40,89,20705.2,9131.4,276.5,79.15,98,12,88,20029.4,13005.1,267.1,79.15,100,8,91,12774.8,7.3,260.7,79.14,98,7,87,6.6,4.2,14.0,1,13
1783015860.298,1753.116,286.1,79.14,99,52,90,20705.9,4.1,281.4,79.15,100,47,86,1.8,4.1,267.1,79.15,100,8,91,1095.0,16729.8,260.7,79.14,98,7,87,20751.7,4.3,14.0,1,13
1783015860.740,1753.557,286.1,79.14,99,52,90,6.3,17124.5,281.4,79.15,100,47,86,20709.3,7.2,274.9,79.15,100,44,90,2.0,4.4,264.5,79.14,100,44,88,2582.4,15069.0,14.0,1,13
1783015861.185,1754.003,296.2,79.14,100,50,90,3.0,5.5,291.9,79.15,100,48,85,19550.4,12682.9,291.9,79.15,100,48,90,4984.5,4.8,277.7,79.14,100,43,86,2.4,6824.7,14.0,1,13
1783015861.630,1754.448,300.7,79.14,100,49,90,2.9,17115.7,301.1,79.15,100,44,86,19268.6,1129.1,291.0,79.15,100,43,90,4.2,1494.1,284.3,79.14,100,43,87,17514.2,15002.9,14.0,1,13
1783015862.075,1754.893,299.4,79.14,100,42,91,2.3,5.7,294.4,79.15,100,44,87,7342.8,13745.2,282.7,79.15,99,30,90,15942.1,6.1,276.9,79.14,100,36,87,3.9,17230.9,14.0,1,13
1783015862.518,1755.336,296.5,79.14,100,43,89,10434.9,13444.0,287.9,79.15,100,44,86,13846.6,5.6,277.4,79.15,100,37,89,2.5,15783.6,267.5,79.14,100,39,87,16024.5,4063.7,14.0,1,13
1783015862.960,1755.778,297.0,79.14,100,46,91,20710.1,17114.7,289.4,79.15,100,46,85,2.9,5.6,279.7,79.15,100,42,90,1395.0,16009.8,271.0,79.14,100,39,87,20752.9,4.7,14.0,1,13
1783015863.402,1756.220,302.6,79.14,100,56,90,15376.0,8678.9,290.3,79.15,99,44,87,2.0,5.1,286.1,79.15,99,40,89,1948.9,15596.6,274.0,79.14,99,40,86,20746.5,4.5,14.0,1,13
1783015863.844,1756.662,301.6,79.14,100,47,90,20708.8,17114.4,294.4,79.15,100,46,86,3.6,5.0,285.6,79.15,100,46,90,1.9,17243.7,276.8,79.14,100,48,87,20706.3,7.5,14.0,1,13
1783015864.288,1757.106,300.2,79.14,100,56,90,20709.2,14259.4,296.6,79.15,100,55,87,2158.8,5.1,285.6,79.15,100,46,90,2.4,15033.7,276.8,79.14,100,48,87,15776.4,4893.0,14.0,1,13
1783015864.731,1757.549,300.2,79.14,100,56,90,20711.5,17116.0,296.6,79.15,100,55,87,12.4,7.0,285.9,79.15,100,37,89,3.5,17228.7,276.9,79.14,100,41,87,20753.7,5.5,14.0,1,13
1783015865.176,1757.994,299.2,79.14,100,47,90,20706.0,5.6,293.4,79.15,100,45,86,2.1,2522.0,285.1,79.15,100,42,90,18509.9,13634.3,275.5,79.14,100,45,87,4.3,5.7,14.0,1,13
1783015865.620,1758.438,297.9,79.14,100,45,91,4889.0,13529.1,292.8,79.15,100,46,87,18786.6,6.0,283.1,79.15,100,36,90,2.2,17211.9,276.0,79.14,100,40,86,20754.5,9.2,14.0,1,13
1783015866.066,1758.884,297.8,79.14,100,43,89,20704.7,17111.6,286.8,79.15,100,36,86,20702.6,17101.9,275.6,79.15,100,30,89,20746.5,17190.8,265.8,79.14,99,29,87,2.9,4.5,17.0,2,13
1783015866.508,1759.325,286.1,79.14,100,12,91,20709.6,17118.0,275.3,79.15,100,52,85,1.9,4.2,269.9,79.15,100,45,90,2.2,524.8,259.3,79.14,100,46,86,19705.3,17196.9,17.0,2,13
1783015866.949,1759.767,290.4,79.14,100,52,90,5.5,6.4,284.0,79.15,100,48,87,20221.9,17112.2,281.4,79.15,100,51,90,2.3,4.6,269.0,79.14,100,44,87,1.9,7790.1,17.0,2,13
1783015867.393,1760.211,302.4,79.14,100,50,89,2.3,4.7,302.8,79.15,100,50,86,508.2,17105.9,292.8,79.15,100,48,90,20749.6,4.7,287.7,79.14,100,52,87,2.0,4.2,17.0,2,13
1783015867.835,1760.653,300.8,79.14,100,53,90,2.3,7743.6,295.1,79.15,100,46,86,18092.5,10712.5,287.8,79.15,100,35,90,4.3,6.0,277.7,79.14,100,39,88,20385.4,14437.0,17.0,2,13
1783015868.278,1761.096,296.6,79.14,100,39,91,11070.6,6.6,295.1,79.15,100,46,86,4.2,17110.8,287.8,79.15,100,35,90,20747.1,8.3,277.7,79.14,100,39,88,3.8,17226.6,17.0,2,13
1783015868.724,1761.542,296.6,79.14,100,39,91,19748.2,14764.5,288.0,79.15,100,45,85,2946.3,5.8,279.4,79.15,100,33,90,495.8,17213.7,271.5,79.14,100,38,87,20743.3,4.7,17.0,2,13
1783015869.172,1761.990,296.2,79.14,100,46,90,17931.1,9776.5,289.1,79.15,100,45,86,2.9,5.1,276.7,79.15,100,38,90,11620.6,14849.5,270.9,79.14,100,40,87,9027.2,5.8,17.0,2,13
1783015869.615,1762.433,299.3,79.14,100,51,90,19093.5,1262.4,289.2,79.15,100,45,85,1.9,4.7,283.8,79.15,100,43,90,9091.2,14760.4,271.8,79.14,100,42,86,13353.2,7.4,17.0,2,13
1783015870.059,1762.877,302.6,79.14,100,49,90,19028.2,17110.1,295.5,79.15,100,56,86,1.9,4.6,285.2,79.15,100,40,90,1.8,17249.9,277.5,79.14,100,51,87,20746.7,5.2,17.0,2,13
1783015870.502,1763.320,301.0,79.14,100,56,90,16722.2,14006.8,296.2,79.15,99,48,87,6749.0,5.4,287.0,79.15,99,41,89,2.8,7717.2,278.4,79.14,99,43,87,17727.2,10689.9,17.0,2,13
1783015870.943,1763.761,299.1,79.14,100,47,90,18830.7,13961.7,294.8,79.15,100,49,86,285.0,5.4,288.4,79.15,99,44,90,2.8,9898.7,280.7,79.14,100,48,87,18783.2,7318.0,17.0,2,13
1783015871.394,1764.212,300.8,79.14,100,55,90,20707.1,17112.1,297.0,79.15,100,52,87,2.1,5.2,286.2,79.15,100,38,88,2.4,17230.6,278.0,79.14,100,41,87,20745.6,4.9,17.0,2,13
1783015871.836,1764.654,299.4,79.14,100,45,90,3.4,5.6,291.2,79.15,100,42,86,9885.0,14596.9,283.2,79.15,100,36,89,12192.4,6.0,271.0,79.14,100,38,87,5.1,17231.6,17.0,2,13
1783015872.278,1765.096,297.2,79.14,100,45,90,27313.8,3096.4,291.2,79.15,100,42,86,20705.9,17102.6,283.2,79.15,100,36,89,15302.6,18315.0,271.0,79.14,100,38,87,2837.0,17211.3,20.0,2,12
1783015872.725,1765.543,297.2,79.14,100,45,90,1919.0,7.0,288.3,79.15,98,36,85,9.4,4.0,275.3,79.15,98,7,90,20790.5,15237.0,268.3,79.14,98,22,87,954.9,4.1,20.0,2,12
1783015873.170,1765.988,295.0,79.14,100,61,90,1.8,17118.6,288.8,79.15,100,68,87,20707.0,4.6,277.6,79.15,100,41,89,2.3,4.5,270.5,79.14,100,54,87,7946.2,13047.1,20.0,2,12
1783015873.613,1766.431,295.9,79.14,100,58,90,4.4,4.6,296.0,79.15,100,60,87,11878.5,13043.0,284.2,79.15,100,41,89,12167.9,5.2,278.1,79.14,100,48,87,6.7,539.2,20.0,2,12
1783015874.058,1766.875,300.6,79.14,100,58,90,2.9,5.0,295.7,79.15,100,46,86,20220.7,17105.9,294.0,79.15,100,36,89,3.0,5.9,284.9,79.14,100,40,86,13544.7,13392.5,20.0,2,12
1783015874.500,1767.318,297.8,79.14,100,44,90,20705.9,5.7,293.8,79.15,100,45,86,2.1,9870.2,286.2,79.15,100,35,89,16354.1,9714.8,275.4,79.14,100,39,86,2.6,5.5,20.0,2,12
1783015874.942,1767.760,296.4,79.14,99,43,90,538.1,16578.5,287.2,79.15,100,42,86,20705.9,6.2,277.7,79.15,100,35,90,4.3,9.1,269.5,79.14,100,37,86,20282.2,17187.6,20.0,2,12
1783015875.384,1768.202,296.7,79.14,100,43,90,20708.2,17107.0,286.6,79.15,100,47,86,8.3,4.9,279.4,79.15,100,38,89,1.8,17231.6,270.9,79.14,100,41,86,20753.7,5.8,20.0,2,12
1783015875.829,1768.647,299.3,79.14,100,47,90,20706.7,4.6,292.8,79.15,100,44,86,2.8,4.5,281.4,79.15,100,38,89,19697.1,13260.4,274.3,79.14,100,40,87,4345.5,10.3,20.0,2,12
1783015876.272,1769.090,299.3,79.14,100,47,90,20706.4,4.5,292.8,79.15,100,44,86,2.8,4.7,281.4,79.15,100,38,89,17408.4,12949.2,274.3,79.14,100,40,87,5852.7,11.5,20.0,2,12
1783015876.716,1769.534,299.5,79.14,100,47,91,20708.6,7.5,294.7,79.15,100,45,86,6.9,9.1,285.7,79.15,100,45,90,20035.6,17192.8,277.8,79.14,100,41,86,2.7,5.6,20.0,2,12
1783015877.165,1769.983,300.7,79.14,100,49,90,2.8,4.8,294.4,79.15,100,54,86,1.8,11785.8,285.3,79.15,100,38,89,16297.6,7758.6,277.4,79.14,100,44,87,2.1,5.4,20.0,2,12
1783015877.606,1770.424,299.7,79.14,100,46,90,2.0,5.6,293.2,79.15,100,46,86,20712.4,16364.3,282.1,79.15,100,39,90,2.7,6.5,276.4,79.14,100,42,87,12342.4,14455.9,20.0,2,12
1783015878.055,1770.873,298.3,79.14,100,46,91,20705.2,5.6,289.9,79.15,100,45,86,3.1,14449.0,282.3,79.15,100,35,90,15974.3,5256.9,275.8,79.14,100,39,87,2.6,3576.2,20.0,2,12
1783015878.498,1771.316,296.5,79.14,100,41,91,27644.7,14315.2,283.8,79.15,100,32,86,20707.7,13742.4,273.5,79.15,100,31,89,20537.2,13690.0,264.1,79.14,100,28,87,20454.7,15717.1,23.0,3,12
1783015878.940,1771.758,282.1,79.14,100,18,91,4.9,4.2,274.1,79.15,100,51,87,7430.3,15529.0,267.6,79.15,100,52,90,13875.7,4.2,255.6,79.14,100,46,87,3.9,4.3,23.0,3,12
1783015879.384,1772.202,288.1,79.14,100,52,90,20706.4,5.1,285.4,79.15,99,48,85,3.7,4.6,281.0,79.15,100,52,90,7205.6,14602.5,271.7,79.14,99,43,86,13676.8,4.5,23.0,3,12
1783015879.827,1772.645,304.2,79.14,100,50,89,17890.3,14536.1,302.6,79.15,100,52,86,4742.0,4.8,291.6,79.15,100,44,90,2.7,4920.9,287.5,79.14,100,51,87,17522.4,13412.3,23.0,3,12
1783015880.268,1773.086,304.2,79.14,100,50,89,19530.4,17106.9,302.6,79.15,100,52,86,2.1,5.8,291.6,79.15,100,44,90,15921.2,14957.5,287.5,79.14,100,51,87,6023.2,5.6,23.0,3,12
1783015880.709,1773.527,299.4,79.14,100,55,90,5.8,17120.0,294.2,79.15,100,46,85,20706.5,10.9,286.2,79.15,100,33,90,6.4,11897.1,277.4,79.14,100,38,86,17758.9,6460.5,23.0,3,12
1783015881.159,1773.977,295.2,79.14,100,43,91,2.1,5.0,288.0,79.15,100,46,86,2.0,17111.6,278.9,79.15,100,33,90,20744.5,5.9,272.9,79.14,100,35,87,2.0,489.6,23.0,3,12
1783015881.601,1774.419,295.9,79.14,100,45,89,1.9,4.8,288.3,79.15,100,45,86,10298.1,14804.3,275.1,79.15,100,38,90,11483.2,7.6,269.5,79.14,100,40,87,4.7,11662.7,23.0,3,12
1783015882.046,1774.864,299.7,79.14,100,49,90,2.9,4.7,288.4,79.15,100,46,86,20726.0,16038.8,283.2,79.15,100,47,90,42.6,4.8,271.5,79.14,100,43,86,1.9,8698.6,23.0,3,12
1783015882.490,1775.308,302.2,79.14,100,49,89,9.1,4.5,294.5,79.15,100,57,86,5768.3,14667.3,286.7,79.15,100,40,89,16590.5,4.9,276.8,79.14,100,51,87,3.6,3.9,23.0,3,12
1783015882.932,1775.750,301.6,79.14,100,56,90,3.5,7.1,295.5,79.15,100,49,85,5.1,17148.7,287.7,79.15,100,41,90,19705.3,960.3,278.2,79.14,100,42,86,2.4,5.7,23.0,3,12
1783015883.378,1776.196,299.1,79.14,100,47,89,2.7,4.5,295.1,79.15,100,48,86,1.9,12307.9,289.2,79.15,100,41,90,17128.6,6706.4,281.2,79.14,100,47,87,2.7,5.0,23.0,3,12
1783015883.820,1776.638,300.9,79.14,100,54,90,4623.5,4.8,297.0,79.15,100,49,87,2.9,11604.1,286.3,79.15,100,38,89,17729.1,4779.0,278.2,79.14,100,41,87,2.0,7.9,23.0,3,12
1783015884.264,1777.082,300.9,79.14,100,54,90,3.1,16165.2,297.0,79.15,100,49,87,17505.5,2709.1,286.3,79.15,100,38,89,4.1,494.9,278.2,79.14,100,41,87,19699.3,17190.3,23.0,3,12
1783015884.706,1777.524,300.0,79.14,100,45,90,11023.7,8.6,291.5,79.15,100,42,86,6.1,19307.4,284.1,79.15,100,37,88,16658.9,14192.4,272.1,79.14,100,39,86,20457.2,1909.5,26.0,3,11
1783015885.152,1777.970,299.2,79.14,100,45,90,2.3,9282.5,288.9,79.15,98,37,85,15809.4,11040.1,275.7,79.15,98,8,90,3.5,4.2,269.8,79.14,98,23,87,2.6,10706.3,26.0,3,11
1783015885.594,1778.412,294.9,79.14,100,61,90,7510.9,4.4,287.6,79.15,100,65,87,2.8,3.7,278.4,79.15,100,42,89,20295.7,17196.5,271.7,79.14,100,49,87,4.0,10.0,26.0,3,11
1783015886.037,1778.855,296.6,79.14,100,61,90,20709.5,17106.4,294.0,79.15,100,57,87,2.0,5.6,289.8,79.15,100,41,89,2.2,13888.7,276.0,79.14,100,43,87,15297.8,6684.7,26.0,3,11
1783015886.478,1779.296,300.4,79.14,100,53,90,17821.0,12929.4,297.2,79.15,100,45,86,6993.7,5.7,292.9,79.15,100,41,90,1081.9,16738.1,283.1,79.14,100,39,87,20750.7,5.8,26.0,3,11
1783015886.922,1779.740,297.7,79.14,100,43,90,4.7,8.9,294.5,79.15,100,46,87,20711.1,16172.9,286.1,79.15,100,35,89,2.5,5.8,277.6,79.14,99,39,86,17750.7,14367.9,26.0,3,11
1783015887.373,1780.191,298.5,79.14,100,42,91,20704.7,5.3,287.7,79.15,100,43,86,3.0,4751.0,277.0,79.15,100,35,90,16488.6,14903.0,270.0,79.14,100,39,86,2.1,5.1,26.0,3,11
1783015887.816,1780.634,297.3,79.14,100,45,91,2.3,4.7,287.7,79.15,100,47,85,1.8,17133.2,280.1,79.15,100,38,89,20750.7,5.6,270.8,79.14,100,40,86,2.5,7.6,26.0,3,11
1783015888.257,1781.075,297.3,79.14,100,45,91,3.0,4.8,287.7,79.15,100,47,85,6796.2,13589.6,280.1,79.15,100,38,89,16788.2,4.7,270.8,79.14,100,40,86,2.0,483.6,26.0,3,11
1783015888.700,1781.518,300.9,79.14,100,48,90,1.8,9.8,293.6,79.15,100,47,86,7.9,17147.8,282.6,79.15,100,38,88,20751.7,6.8,273.4,79.14,100,43,87,3.6,4.6,26.0,3,11
1783015889.145,1781.962,301.5,79.14,100,50,90,2.4,5.3,294.1,79.15,100,47,85,3.5,7548.7,285.7,79.15,100,43,90,16238.5,12236.3,276.7,79.14,100,41,86,1.9,4.7,26.0,3,11
1783015889.587,1782.405,300.1,79.14,100,48,90,12165.4,10.5,295.4,79.15,100,49,86,2.0,6246.0,288.9,79.15,100,41,90,15742.4,13670.1,280.0,79.14,100,49,87,3.5,7.6,26.0,3,11
1783015890.033,1782.850,300.1,79.14,100,54,90,14931.0,4.6,295.0,79.15,100,48,87,3.0,15.3,285.4,79.15,100,37,89,19703.6,17195.6,276.8,79.14,100,41,86,3.2,5.3,26.0,3,11
1783015890.476,1783.294,299.3,79.14,100,46,90,3.6,5.3,292.6,79.15,100,45,86,20224.2,17104.5,282.4,79.15,99,37,89,2.3,5.8,273.1,79.14,100,39,87,17017.1,13405.8,26.0,3,11
1783015890.920,1783.738,297.9,79.14,100,45,90,20705.5,8.1,289.0,79.15,99,38,86,5.2,10841.7,278.7,79.15,100,33,91,16392.0,8836.5,270.9,79.14,100,32,87,2.1,5.4,29.0,4,11
1783015891.361,1784.179,292.1,79.14,98,11,89,17182.1,3429.8,276.9,79.15,99,47,86,3.5,4.6,272.7,79.15,100,55,90,1089.9,16739.0,262.3,79.14,100,54,87,20756.5,4.3,29.0,4,11
1783015891.802,1784.620,292.5,79.14,100,53,91,4.9,2880.8,286.5,79.15,100,55,86,17633.5,16001.2,272.7,79.15,100,55,90,3.6,4.8,262.3,79.14,100,54,87,4.4,14304.4,29.0,4,11
1783015892.246,1785.064,292.5,79.14,100,53,91,3.5,4.1,286.5,79.15,100,55,86,1.9,14280.5,280.5,79.15,100,47,90,16993.2,4778.1,271.4,79.14,100,59,87,2.9,4.8,29.0,4,11
1783015892.687,1785.504,294.3,79.14,100,59,90,581.2,8.0,300.9,79.15,100,63,86,6.9,17137.5,293.6,79.15,100,41,88,20752.6,7.9,283.4,79.14,100,52,87,4.3,6132.7,29.0,4,11
1783015893.142,1785.960,297.6,79.14,100,46,90,20709.8,17112.2,294.0,79.15,100,47,86,2.1,6.2,291.0,79.15,100,35,90,13289.3,14869.2,277.8,79.14,100,39,86,8738.3,5.8,29.0,4,11
1783015893.585,1786.403,295.3,79.14,100,43,90,2.1,9732.3,287.9,79.15,100,45,86,17816.6,9042.9,281.9,79.15,100,35,90,2.5,11.1,273.9,79.14,100,37,87,20766.9,17208.8,29.0,4,11
1783015894.029,1786.847,298.1,79.14,100,45,91,20710.3,15685.0,288.4,79.15,100,48,86,814.8,4.6,275.3,79.15,100,37,89,2.3,11268.3,268.8,79.14,100,43,87,17729.8,7356.2,29.0,4,11
1783015894.471,1787.288,298.0,79.14,100,47,90,20707.4,17107.4,288.6,79.15,100,44,86,2.9,4.7,282.3,79.15,100,39,89,2.3,17236.5,271.3,79.14,100,40,86,20719.9,6.9,29.0,4,11
1783015894.915,1787.733,302.7,79.14,100,54,90,20705.5,17107.9,292.5,79.15,100,57,86,5.0,7.2,287.3,79.15,100,40,90,2.0,9485.5,276.3,79.14,100,42,87,17119.3,9570.0,29.0,4,11
1783015895.357,1788.175,301.4,79.14,100,49,90,6483.0,14589.9,295.6,79.15,100,47,86,16634.1,4.6,288.7,79.15,100,47,90,4.4,4.2,279.2,79.14,100,42,87,20791.2,17203.7,29.0,4,11
1783015895.799,1788.616,299.4,79.14,100,47,90,5.0,17112.7,297.2,79.15,100,56,86,19573.2,927.0,288.7,79.15,100,47,90,3.0,4.9,279.2,79.14,100,42,87,14930.8,16224.0,29.0,4,11
1783015896.243,1789.061,299.4,79.14,100,47,90,4.3,11273.3,297.2,79.15,100,56,86,17666.6,7754.5,286.3,79.15,100,39,89,4.5,4.8,281.2,79.14,100,49,87,3099.2,14930.0,29.0,4,11
1783015896.687,1789.504,301.0,79.14,100,55,90,7.9,18674.0,295.1,79.15,100,47,85,16326.2,9.2,287.4,79.15,100,40,89,9.6,17228.2,277.9,79.14,100,42,86,20746.7,5.6,29.0,4,11
1783015897.141,1789.958,298.5,79.14,100,46,90,3.8,6.3,292.0,79.15,99,44,86,20706.6,16236.2,286.4,79.15,100,36,90,2.4,5.4,275.2,79.14,100,36,87,1576.8,15904.9,29.0,4,11
1783015897.581,1790.399,299.0,79.14,100,44,90,20705.6,4.4,290.3,79.15,100,47,86,1.9,4.4,280.6,79.15,100,37,89,9242.5,12803.6,271.4,79.14,100,41,85,15529.6,5.3,32.0,4,10
1783015898.023,1790.840,292.9,79.14,100,63,90,2.7,13138.3,283.8,79.15,100,56,87,15444.8,7615.3,277.2,79.15,100,41,89,4.1,4.3,266.9,79.14,100,42,87,1.8,17197.6,32.0,4,10
1783015898.466,1791.284,293.2,79.14,100,64,90,2.4,4.3,291.0,79.15,100,56,87,3.4,17170.9,283.0,79.15,100,40,89,20456.8,243.4,274.5,79.14,100,43,87,1.8,4.4,32.0,4,10
1783015898.909,1791.727,297.5,79.14,100,53,90,14112.0,4.7,300.9,79.15,100,48,85,4.9,1246.7,294.7,79.15,100,40,89,16647.4,16915.5,284.8,79.14,100,41,85,3.5,4.7,32.0,4,10
1783015899.351,1792.169,297.0,79.14,100,45,90,3.8,5.2,295.1,79.15,100,43,86,20713.4,17104.2,287.1,79.15,100,36,89,2.6,5.9,277.8,79.14,100,38,87,13840.7,13612.7,32.0,4,10
1783015899.792,1792.610,299.4,79.14,100,43,90,16138.2,8.4,287.6,79.15,100,45,85,2.2,17109.7,287.1,79.15,100,36,89,20750.1,6.2,277.8,79.14,100,38,87,4.8,5054.9,32.0,4,10
1783015900.241,1793.059,299.4,79.14,100,43,90,3.7,14438.0,287.6,79.15,100,45,85,16122.3,5704.7,278.4,79.15,100,31,89,1.9,4.8,269.6,79.14,100,36,86,6480.4,13216.5,32.0,4,10
1783015900.684,1793.502,297.3,79.14,100,48,90,2.8,17120.3,286.0,79.15,100,45,85,20707.1,12.9,280.2,79.15,100,40,89,6.6,2956.5,270.7,79.14,100,41,86,15904.4,15310.8,32.0,4,10
1783015901.141,1793.959,298.6,79.14,100,44,89,12051.2,13533.3,293.8,79.15,100,58,86,11996.0,4.6,281.3,79.15,100,39,89,2.6,497.6,274.1,79.14,100,52,87,19701.9,17195.7,32.0,4,10
1783015901.582,1794.399,301.6,79.14,100,50,90,1.9,17110.9,294.0,79.15,100,47,85,17455.2,2060.1,286.4,79.15,99,42,89,2.7,4.7,277.5,79.14,100,41,86,19207.6,12745.5,32.0,4,10
1783015902.031,1794.849,300.2,79.14,100,47,90,2.0,15142.5,296.0,79.15,100,50,86,16020.7,5021.7,288.7,79.15,99,42,90,2.2,4.7,280.4,79.14,100,50,87,7185.2,13144.6,32.0,4,10
1783015902.472,1795.290,302.3,79.14,100,54,90,1.9,4042.8,295.4,79.15,100,47,86,16201.0,16016.6,285.8,79.15,100,40,89,4.9,4.7,276.9,79.14,100,41,87,253.3,17259.3,32.0,4,10
1783015902.912,1795.730,299.4,79.14,100,47,90,2.1,17114.1,293.8,79.15,100,44,86,17889.0,2248.3,287.5,79.15,100,40,90,2.1,4.7,278.7,79.14,100,43,87,20293.8,17188.6,32.0,4,10
1783015903.356,1796.173,296.8,79.14,100,43,89,13282.7,5.9,293.2,79.15,100,46,86,4.6,17115.3,280.1,79.15,100,37,90,20747.5,6.0,274.4,79.14,100,38,87,2.7,11483.6,32.0,4,10
1783015903.797,1796.615,297.7,79.14,100,45,91,20479.1,13700.5,280.0,79.15,100,11,85,22836.0,14413.4,280.1,79.15,100,37,90,8161.4,4.4,274.4,79.14,100,38,87,4.0,3.8,35.0,5,10
1783015904.242,1797.060,297.7,79.14,100,45,91,11014.4,4.1,280.0,79.15,100,11,85,2.6,4.2,268.5,79.15,100,11,90,12864.1,14526.4,259.8,79.14,100,10,86,9875.0,4.4,35.0,5,10
1783015904.686,1797.504,293.4,79.14,100,51,90,12736.1,14413.9,285.9,79.15,100,62,86,9853.5,9.9,279.4,79.15,100,47,90,5.4,9.1,270.3,79.14,100,63,87,19703.1,17210.4,35.0,5,10
1783015905.135,1797.952,294.7,79.14,100,52,90,1.9,12479.0,300.9,79.15,100,61,86,17390.2,6612.2,287.4,79.15,100,42,88,9.0,4.7,278.1,79.14,100,54,87,6811.7,14440.9,35.0,5,10
1783015905.577,1798.395,298.8,79.14,100,55,90,20708.8,17111.5,294.4,79.15,100,46,85,2.1,5.3,292.7,79.15,100,39,89,3409.9,15371.6,281.8,79.14,100,40,86,18252.0,7.2,35.0,5,10
1783015906.021,1798.839,298.8,79.14,100,45,90,2.1,11497.5,291.6,79.15,100,44,85,18318.9,6676.8,285.1,79.15,100,30,89,2.2,1180.7,270.0,79.14,100,36,86,18554.2,16858.3,35.0,5,10
1783015906.462,1799.280,295.2,79.14,100,41,91,20709.4,5.3,288.2,79.15,100,45,86,4.2,2300.5,277.3,79.15,100,39,90,18871.0,14972.0,270.5,79.14,100,41,86,1.9,4.6,35.0,5,10
1783015906.906,1799.724,297.9,79.14,100,53,90,12343.8,5.2,289.0,79.15,100,46,85,4.9,11839.4,281.1,79.15,100,40,89,17929.8,5158.6,271.6,79.14,100,40,86,3.4,4.5,35.0,5,10
1783015907.361,1800.179,301.1,79.14,99,45,90,1.8,4.5,294.1,79.15,100,56,86,590.5,16636.9,284.7,79.15,100,40,89,20753.5,4.8,275.9,79.14,99,47,87,3.1,4.6,35.0,5,10
1783015907.804,1800.621,300.0,79.14,100,48,90,7.4,5.3,295.2,79.15,100,48,86,1.8,17136.8,284.7,79.15,100,40,89,20695.2,11.1,275.9,79.14,99,47,87,4.3,5.0,35.0,5,10
1783015908.249,1801.067,300.0,79.14,100,48,90,4304.4,4.7,295.2,79.15,100,48,86,1.9,7019.6,286.4,79.15,100,43,89,17555.5,11459.9,277.3,79.14,100,41,87,1.9,4.8,35.0,5,10
1783015908.690,1801.508,300.2,79.14,100,49,91,10264.4,7.2,295.9,79.15,100,52,86,6.3,6726.2,286.0,79.15,100,37,89,17426.4,6928.0,279.1,79.14,100,45,87,1.9,5.1,35.0,5,10
1783015909.145,1801.963,300.6,79.14,100,57,90,3.7,5.8,293.5,79.15,100,46,85,4226.9,15230.7,285.7,79.15,100,38,89,17351.4,5.5,276.2,79.14,100,40,86,2.0,6019.6,35.0,5,10
1783015909.592,1802.409,299.4,79.14,100,45,89,20708.2,17108.4,291.8,79.15,100,48,86,2.2,5.9,285.6,79.15,100,37,89,13645.2,14919.5,271.9,79.14,100,42,87,8451.9,8.5,35.0,5,10
1783015910.033,1802.851,298.9,79.14,100,43,90,20707.4,3166.6,289.1,79.15,100,43,86,20681.2,13122.0,279.9,79.15,100,35,89,17257.6,16814.9,270.4,79.14,100,37,87,15628.1,5700.5,38.0,5,9
1783015910.474,1803.292,290.3,79.14,100,12,91,2.5,6042.4,280.9,79.15,100,50,85,15693.4,14323.9,277.6,79.15,100,48,90,3.8,4.9,266.3,79.14,100,47,86,2.9,5828.2,38.0,5,9
1783015910.918,1803.736,293.5,79.14,100,52,90,2102.8,7.0,291.3,79.15,100,47,86,5.8,3167.2,285.3,79.15,100,48,90,16485.8,16714.5,275.8,79.14,100,43,86,3.9,4.6,38.0,5,9
1783015911.360,1804.178,298.8,79.14,100,49,90,15889.6,14256.6,302.4,79.15,100,48,85,2.9,4.8,293.5,79.15,100,48,90,1.7,17251.8,286.1,79.14,100,45,86,20750.6,5.4,38.0,5,9
1783015911.801,1804.619,300.5,79.14,100,52,90,16312.9,4932.1,296.9,79.15,100,43,86,2.5,6.9,293.5,79.15,100,48,90,19698.2,17189.7,286.1,79.14,100,45,86,3.5,6.4,38.0,5,9
1783015912.244,1805.062,300.5,79.14,100,52,90,1614.6,15734.7,296.9,79.15,100,43,86,20702.7,5.9,286.8,79.15,100,36,88,2.9,13100.7,277.2,79.14,100,39,86,16351.3,6533.0,38.0,5,9
1783015912.686,1805.504,297.5,79.14,99,37,90,2.4,7.6,288.0,79.15,100,46,86,5.7,17121.4,282.1,79.15,100,33,89,20750.0,8.3,268.8,79.14,100,39,86,2.1,494.4,38.0,5,9
1783015913.132,1805.950,295.2,79.14,100,45,90,1.8,4.7,285.9,79.15,100,44,87,10333.6,13425.5,278.4,79.15,100,37,89,13306.4,5.2,270.3,79.14,100,39,86,3.4,14745.3,38.0,5,9
1783015913.576,1806.394,299.2,79.14,100,49,90,2.7,7.6,290.5,79.15,100,46,86,20232.4,17108.0,280.6,79.15,100,40,88,4.5,4.7,272.3,79.14,100,41,87,2.2,17263.1,38.0,5,9
1783015914.022,1806.839,301.4,79.14,100,47,89,1.8,4.7,294.3,79.15,100,48,86,20720.8,14742.9,284.5,79.15,100,46,90,1358.9,4.7,277.1,79.14,100,50,87,3.6,10512.5,38.0,5,9
1783015914.467,1807.285,301.1,79.14,100,52,90,1.9,4.4,294.7,79.15,100,54,86,6448.7,13273.0,286.0,79.15,100,39,89,17383.3,5.1,278.9,79.14,100,40,87,2.1,2523.6,38.0,5,9
1783015914.909,1807.727,299.3,79.14,100,45,90,2.0,4.6,293.2,79.15,100,47,85,11217.9,12995.7,285.4,79.15,100,43,90,11905.4,4.8,275.3,79.14,100,41,86,3.6,3160.8,38.0,5,9
1783015915.354,1808.172,299.5,79.14,100,52,90,3.7,5.0,294.2,79.15,100,52,86,20722.3,17105.1,284.6,79.15,100,37,88,2.5,6.0,273.2,79.14,100,40,87,4137.3,13708.3,38.0,5,9
1783015915.797,1808.614,300.3,79.14,100,44,90,16281.8,7211.3,289.7,79.15,100,40,86,2.1,5.4,284.6,79.15,100,37,88,20759.1,17198.3,273.2,79.14,100,40,87,3.5,7.8,38.0,5,9
1783015916.242,1809.060,300.3,79.14,100,44,90,9448.0,23629.3,289.7,79.15,100,40,86,16986.7,17263.7,282.0,79.15,100,36,89,16713.1,16849.7,270.4,79.14,100,37,85,16862.3,17011.4,41.0,6,9
1783015916.684,1809.502,296.1,79.14,100,42,91,1.8,6.5,282.6,79.15,98,26,85,6.8,1773.0,272.0,79.15,98,9,88,17830.9,16887.8,260.1,79.14,98,15,85,5.4,4.4,41.0,6,9
1783015917.130,1809.948,288.7,79.14,100,52,90,20545.1,14706.9,282.1,79.15,100,49,85,2083.2,4.6,277.8,79.15,100,50,90,2.3,1708.3,268.4,79.14,100,46,86,18596.6,16717.4,41.0,6,9
1783015917.571,1810.389,292.6,79.14,100,50,90,2.3,6236.0,290.9,79.15,100,49,86,17518.4,12716.0,294.2,79.15,100,54,90,3.6,4.8,281.6,79.14,100,45,87,1066.0,16797.1,41.0,6,9
1783015918.013,1810.831,301.0,79.14,100,49,90,2.9,17112.2,299.8,79.15,100,49,86,20707.8,5.7,289.1,79.15,100,37,90,2.2,10117.8,284.1,79.14,100,45,87,17574.6,8594.5,41.0,6,9
1783015918.459,1811.277,298.0,79.14,100,45,90,4.7,5.6,293.7,79.15,100,43,86,13380.5,14958.0,282.6,79.15,100,34,89,8350.0,5.8,272.9,79.14,100,33,87,2.1,17243.3,41.0,6,9
1783015918.902,1811.720,296.2,79.14,100,42,90,18035.3,11389.2,285.0,79.15,100,43,86,2.0,7.5,278.4,79.15,100,38,88,19321.7,14533.2,264.3,79.14,100,41,87,55.3,6.0,41.0,6,9
1783015919.355,1812.173,299.5,79.14,100,48,90,3647.9,4.6,289.0,79.15,100,51,86,1.9,7047.3,280.2,79.15,100,38,88,17550.9,11467.6,273.4,79.14,100,45,87,3.1,5.6,41.0,6,9
1783015919.795,1812.613,299.2,79.14,100,49,90,5.8,5.1,292.8,79.15,100,49,85,2572.4,15067.2,280.2,79.15,100,38,88,19687.9,4.9,273.4,79.14,100,45,87,2.9,507.0,41.0,6,9
1783015920.252,1813.070,299.2,79.14,100,49,90,3.6,4.7,292.8,79.15,100,49,85,12463.0,14325.2,285.5,79.15,100,46,90,10418.7,4.9,277.2,79.14,100,44,86,1.9,4814.7,41.0,6,9
1783015920.701,1813.519,301.4,79.14,100,50,90,4.9,8.1,292.7,79.15,100,56,86,20729.5,17112.0,285.5,79.15,100,38,90,5.7,7.6,276.3,79.14,100,42,87,1.9,17249.3,41.0,6,9
1783015921.149,1813.967,300.2,79.14,99,49,90,2.3,2878.8,293.5,79.15,100,46,85,17848.5,15719.8,286.6,79.15,100,40,89,2.0,4.8,275.3,79.14,100,39,85,1.7,17266.1,41.0,6,9
1783015921.590,1814.408,300.3,79.14,100,57,90,2.1,17113.6,292.1,79.15,99,53,86,20666.8,6.5,284.4,79.15,99,38,89,4.2,6.9,274.6,79.14,100,40,87,19703.5,17190.3,41.0,6,9
1783015922.034,1814.852,300.4,79.14,100,46,91,7837.2,5.8,292.8,79.15,100,46,86,3.1,17113.4,281.7,79.15,100,37,88,18534.6,6.0,272.8,79.14,100,39,87,3.0,17224.8,41.0,6,9
1783015922.480,1815.298,298.0,79.14,100,42,90,22302.7,4152.6,286.3,79.15,100,39,86,20599.5,12111.1,278.5,79.15,100,34,89,19415.2,17129.9,269.1,79.14,100,35,86,416.8,17196.8,43.0,6,8
1783015923.389,1816.206,281.7,79.14,100,66,90,2.2,17114.7,287.3,79.15,100,53,86,20709.4,4.6,278.8,79.15,100,41,88,4.1,4.6,273.0,79.14,100,43,87,9671.0,12895.5,43.0,6,8
1783015923.832,1816.650,292.3,79.14,100,51,90,2.1,4.7,299.4,79.15,100,48,85,13661.1,12673.0,292.5,79.15,100,40,89,10750.3,4.9,282.9,79.14,100,43,86,3.8,1317.9,43.0,6,8
1783015924.277,1817.095,292.3,79.14,100,51,90,3.1,5.4,299.4,79.15,100,48,85,20718.2,17106.4,292.5,79.15,100,40,89,4.7,5.7,282.9,79.14,100,43,86,10088.3,13408.9,43.0,6,8
1783015924.720,1817.538,297.9,79.14,100,46,90,20715.0,8.3,299.4,79.15,100,44,86,5.2,11471.8,287.1,79.15,100,36,89,16273.2,7649.0,279.8,79.14,100,38,87,4.6,5.3,43.0,6,8
1783015925.166,1817.984,297.9,79.14,100,41,90,3983.0,13771.7,290.3,79.15,100,44,86,19506.9,5.0,279.7,79.15,100,36,89,2.4,741.0,270.0,79.14,100,39,86,18631.8,17189.1,43.0,6,8
1783015925.608,1818.425,298.6,79.14,100,46,90,20708.1,15057.0,285.1,79.15,100,47,86,1578.3,5.4,279.6,79.15,100,37,88,2.4,14003.4,267.7,79.14,100,39,86,15459.3,6254.7,43.0,6,8
1783015926.053,1818.871,298.5,79.14,100,45,90,15731.6,4239.7,290.9,79.15,100,44,86,1.9,4.7,279.5,79.15,100,37,89,9107.2,13952.0,275.9,79.14,99,39,87,11043.4,4.8,43.0,6,8
1783015926.496,1819.314,300.1,79.14,100,49,90,15958.5,13078.2,292.9,79.15,100,46,86,3.6,4.7,286.1,79.15,100,45,89,1.8,17240.9,277.5,79.14,100,42,86,20745.7,5.0,43.0,6,8
1783015926.938,1819.756,300.4,79.14,100,46,90,20709.4,17107.8,293.8,79.15,100,54,86,4.6,4.7,285.6,79.15,100,38,89,1.9,13243.9,277.0,79.14,100,47,87,15286.0,7376.8,43.0,6,8
1783015927.379,1820.197,299.6,79.14,100,49,90,19797.6,17111.7,292.5,79.15,100,44,85,3.6,4.7,283.7,79.15,100,39,89,3.5,17232.8,275.2,79.14,100,39,86,17954.1,2149.8,43.0,6,8
1783015927.820,1820.638,299.8,79.14,100,46,89,16355.8,15631.5,293.0,79.15,100,50,86,3.0,5.4,284.2,79.15,100,38,88,13547.8,13393.8,274.0,79.14,100,45,87,10414.6,8.6,43.0,6,8
1783015928.263,1821.081,299.8,79.14,100,46,89,4.7,4689.1,293.0,79.15,100,50,86,16717.3,14992.3,284.2,79.15,100,38,88,2.7,5.7,274.0,79.14,100,45,87,20771.9,16792.9,43.0,6,8
1783015928.707,1821.525,298.6,79.14,100,44,89,7872.1,9.2,290.9,79.15,99,39,86,3417.2,22876.8,279.5,79.15,100,34,89,17438.4,17575.9,270.2,79.14,100,34,87,16967.8,17010.1,46.0,7,8
1783015929.151,1821.969,295.0,79.14,100,39,90,19588.4,14381.1,281.9,79.15,98,34,85,1.8,4.2,271.6,79.15,98,9,90,2.1,1739.1,256.1,79.14,98,20,87,18297.9,16710.6,46.0,7,8
1783015929.596,1822.413,291.2,79.14,100,52,90,2.3,4.8,279.3,79.15,99,48,85,17150.3,14271.5,275.8,79.15,100,45,89,5212.1,5.3,267.5,79.14,99,45,87,2.4,554.8,46.0,7,8
1783015930.040,1822.857,292.2,79.14,100,50,90,9562.3,4.7,293.1,79.15,100,49,86,2.8,1828.3,292.1,79.15,100,49,90,18390.7,16476.1,285.7,79.14,100,44,85,3.9,4.8,46.0,7,8
1783015930.481,1823.299,296.5,79.14,100,50,89,17891.1,5.6,301.3,79.15,100,45,86,4.0,12071.1,289.4,79.15,100,43,90,17648.3,6252.6,283.6,79.14,100,46,86,2.1,5.9,46.0,7,8
1783015930.923,1823.741,297.1,79.14,100,44,90,18463.7,18956.6,293.8,79.15,100,45,85,3.4,8.2,282.9,79.15,100,31,89,11540.2,14987.3,275.3,79.14,100,36,86,10425.6,5.7,46.0,7,8
1783015931.371,1824.189,297.5,79.14,100,44,90,4.1,4.3,287.2,79.15,100,44,86,20216.9,17103.8,278.1,79.15,100,38,89,2.3,5.0,267.6,79.14,99,39,87,490.8,17235.0,46.0,7,8
1783015931.813,1824.631,299.2,79.14,100,47,89,1.8,17111.8,289.3,79.15,100,48,86,20703.3,4.5,278.1,79.15,100,38,89,3.6,4.7,271.3,79.14,100,47,86,20777.1,17196.6,46.0,7,8
1783015932.266,1825.084,299.2,79.14,100,47,89,20711.0,17107.8,289.3,79.15,100,48,86,2.1,4.9,280.3,79.15,100,41,89,2.4,15028.3,271.3,79.14,100,47,86,17479.9,3753.3,46.0,7,8
1783015932.708,1825.526,302.0,79.14,100,60,90,20710.2,16855.8,290.1,79.15,100,46,85,5.4,9.8,286.8,79.15,100,42,89,5.4,16065.8,275.4,79.14,100,42,85,17137.2,2997.9,46.0,7,8
1783015933.162,1825.980,301.1,79.14,100,48,90,18329.8,14326.7,295.7,79.15,100,52,86,4859.9,4.5,285.5,79.15,100,40,90,2.5,4650.0,277.8,79.14,100,49,87,17473.1,14205.6,46.0,7,8
1783015933.604,1826.422,301.7,79.14,100,59,90,16821.5,14575.6,296.7,79.15,100,48,86,5945.2,4.5,286.3,79.15,100,38,89,2.1,7434.8,276.9,79.14,100,42,86,18529.9,6175.5,46.0,7,8
1783015934.056,1826.874,299.5,79.14,100,49,89,20707.3,17110.2,293.7,79.15,100,46,86,2.1,4.9,287.2,79.15,100,41,90,1.9,16453.4,276.2,79.14,100,47,87,18607.4,1817.5,46.0,7,8
1783015934.498,1827.316,298.1,79.14,100,50,90,10970.7,5.6,293.0,79.15,100,45,85,4.7,17119.7,284.5,79.15,100,38,89,20754.1,5.8,275.1,79.14,100,41,87,2.7,6508.5,46.0,7,8
1783015934.943,1827.761,298.7,79.14,100,44,90,27224.7,9296.1,288.2,79.15,99,44,85,5.3,5.2,278.9,79.15,99,32,89,25623.7,13270.4,270.0,79.14,99,37,86,18571.8,18679.7,49.0,7,7
1783015935.391,1828.209,291.4,79.14,100,9,91,1.8,4.4,283.9,79.15,100,59,86,4969.4,13099.7,271.8,79.15,100,44,90,19091.4,4.3,267.9,79.14,100,58,87,2.6,4.0,49.0,7,7
1783015935.832,1828.650,294.8,79.14,100,59,89,18779.7,17108.9,291.4,79.15,100,62,86,2.0,4.5,282.6,79.15,100,40,89,2.3,9543.0,275.8,79.14,100,59,87,15437.2,10746.3,49.0,7,7
1783015936.275,1829.093,294.8,79.14,100,59,89,4.6,5351.1,291.4,79.15,100,62,86,15351.5,13986.9,282.6,79.15,100,40,89,1.9,5.6,275.8,79.14,100,59,87,1091.5,16776.2,49.0,7,7
1783015936.719,1829.537,302.8,79.14,100,62,90,8.1,7.4,301.5,79.15,100,63,86,20196.9,17111.4,294.4,79.15,100,41,88,6.1,5.8,283.7,79.14,100,49,87,12570.6,13274.3,49.0,7,7
1783015937.164,1829.982,298.0,79.14,100,46,90,20707.8,6.5,293.7,79.15,100,47,86,2.6,8651.2,290.2,79.15,100,35,89,17064.0,9821.1,277.0,79.14,100,39,85,8.5,7.0,49.0,7,7
1783015937.611,1830.429,294.4,79.14,100,40,90,15037.8,13349.2,290.6,79.15,100,44,86,9238.1,5.2,281.3,79.15,100,34,90,2.1,17214.3,272.1,79.14,100,36,87,20695.1,11.9,49.0,7,7
1783015938.058,1830.876,296.1,79.14,100,45,90,20705.3,5.2,287.5,79.15,100,46,86,1.9,4.8,275.0,79.15,100,37,89,16548.2,13086.4,268.3,79.14,100,42,87,7869.1,4.9,49.0,7,7
1783015938.499,1831.317,299.5,79.14,100,47,90,20704.4,5.1,288.1,79.15,100,43,86,3.6,411.0,282.0,79.15,100,38,89,18668.9,17187.7,270.8,79.14,100,39,86,2.3,4.8,49.0,7,7
1783015938.940,1831.758,302.2,79.14,100,52,90,20707.6,4.9,291.7,79.15,100,54,86,4.4,4.6,285.6,79.15,100,39,90,20776.5,14332.5,275.2,79.14,100,41,87,2103.2,4.7,49.0,7,7
1783015939.384,1832.202,301.2,79.14,100,47,90,18315.4,1895.8,294.1,79.15,99,45,87,3.0,4.8,286.0,79.15,100,45,89,6879.6,13011.3,276.1,79.14,99,40,87,17599.1,4.6,49.0,7,7
1783015939.825,1832.643,298.6,79.14,100,45,89,15968.8,8136.3,294.4,79.15,100,50,86,1.9,4.8,283.8,79.15,100,37,88,7736.2,13326.5,276.2,79.14,100,45,87,15938.4,7.3,49.0,7,7
1783015940.267,1833.085,298.6,79.14,100,45,89,16021.4,4735.0,294.4,79.15,100,50,86,1.8,4.9,283.8,79.15,100,37,88,12178.3,13121.8,276.2,79.14,100,45,87,10438.9,10.0,49.0,7,7
1783015940.710,1833.528,300.6,79.14,100,45,90,5.8,9.0,292.0,79.15,100,46,86,20714.5,17110.0,285.2,79.15,100,43,89,5.8,6.6,275.2,79.14,100,41,86,14475.9,13496.0,49.0,7,7
1783015941.158,1833.976,298.4,79.14,100,45,90,19836.4,5.8,289.7,79.15,100,42,86,2.1,16231.0,282.5,79.15,99,32,89,17235.0,2869.7,272.1,79.14,100,36,86,3.0,3925.5,52.0,8,7
1783015941.603,1834.420,295.1,79.14,100,41,89,20704.3,7.0,286.4,79.15,100,43,86,4.4,4.2,272.3,79.15,98,29,88,13270.3,20681.1,260.5,79.14,98,34,85,1962.5,11.0,52.0,8,7
1783015942.054,1834.872,290.5,79.14,100,53,90,1.7,17118.2,283.1,79.15,100,67,86,20706.4,4.5,271.5,79.15,100,43,89,2.3,4.6,267.5,79.14,100,59,87,9819.1,14104.9,52.0,8,7
1783015942.495,1835.313,294.9,79.14,100,57,90,1.8,4.1,289.7,79.15,100,60,86,8704.9,14237.5,284.7,79.15,100,41,89,13921.7,4.8,283.9,79.14,99,47,87,2.4,520.7,52.0,8,7
1783015942.935,1835.753,301.1,79.14,100,59,90,4.3,5.1,298.0,79.15,100,47,85,6478.1,14584.2,293.1,79.15,100,38,89,15857.7,5.7,278.1,79.14,100,40,85,3.8,16253.3,52.0,8,7
1783015943.378,1836.196,298.8,79.14,100,45,90,17692.3,16215.7,290.5,79.15,100,46,86,4.1,6.0,285.4,79.15,100,35,89,20756.4,16810.0,273.7,79.14,100,39,86,3.1,5.8,52.0,8,7
1783015943.821,1836.639,294.0,79.14,100,41,90,8.3,17116.4,286.7,79.15,100,44,85,20702.9,5.6,275.5,79.15,100,35,89,3.0,3239.1,269.6,79.14,100,39,86,18992.7,13957.2,52.0,8,7
1783015944.264,1837.082,294.0,79.14,100,41,90,17812.3,11818.4,286.7,79.15,100,44,85,2.2,5.0,275.5,79.15,100,35,89,5400.1,14879.9,269.6,79.14,100,39,86,16985.9,5.0,52.0,8,7
1783015944.706,1837.523,297.4,79.14,100,45,90,20708.7,8.5,286.6,79.15,100,47,87,10.5,11.3,279.4,79.15,100,42,89,19705.4,17195.6,270.8,79.14,100,41,86,2.7,4.6,52.0,8,7
1783015945.150,1837.968,302.5,79.14,100,57,90,20699.7,4.7,291.4,79.15,100,47,86,2.7,4.7,283.6,79.15,100,39,88,20770.7,17196.5,273.4,79.14,100,40,87,3.5,4.7,52.0,8,7
1783015945.592,1838.410,301.0,79.14,100,48,90,20705.7,4.4,294.1,79.15,100,48,86,2.8,4.7,283.6,79.15,100,46,90,20728.7,15046.1,276.9,79.14,100,47,86,40.5,7.6,52.0,8,7
1783015946.035,1838.853,300.0,79.14,100,57,90,18286.9,4.7,294.3,79.15,100,53,86,2.9,28.1,285.8,79.15,100,38,88,19693.4,17194.9,276.1,79.14,100,41,87,3.9,4.7,52.0,8,7
1783015946.476,1839.294,300.2,79.14,100,49,89,4820.1,4.5,293.5,79.15,100,46,86,2.8,9956.1,285.3,79.15,100,39,90,17465.8,8596.4,276.6,79.14,100,44,87,2.7,5.4,52.0,8,7
1783015946.919,1839.736,298.0,79.14,100,49,90,3.1,13051.5,291.2,79.15,100,45,86,18395.1,5122.2,283.5,79.15,100,38,89,2.2,116.0,275.5,79.14,100,40,86,19699.6,17195.6,52.0,8,7
1783015947.360,1840.178,296.4,79.14,100,45,89,562.3,5.4,286.4,79.15,100,41,86,2535.3,15159.5,277.2,79.15,100,35,89,17336.9,8.4,265.6,79.14,100,34,87,3.0,17893.6,55.0,8,6
1783015947.805,1840.623,285.7,79.14,100,8,90,1099.5,16105.0,281.5,79.15,100,66,86,20717.1,4.4,277.2,79.15,100,35,89,5.2,4.3,265.6,79.14,100,34,87,1125.9,16794.5,55.0,8,6
1783015948.247,1841.065,285.7,79.14,100,8,90,9656.5,4.6,281.5,79.15,100,66,86,1.8,4.2,267.5,79.15,100,38,88,14186.4,12619.4,263.6,79.14,100,57,87,10467.7,4.5,55.0,8,6
1783015948.689,1841.507,282.6,79.14,100,53,90,9630.9,16492.9,285.4,79.15,99,56,86,9534.9,7.8,281.4,79.15,100,48,90,9.3,6.0,272.5,79.14,100,61,86,20803.0,15291.8,55.0,8,6
1783015949.138,1841.956,293.1,79.14,100,53,89,1.9,17114.0,301.7,79.15,100,62,86,18549.7,1768.8,291.1,79.15,100,41,89,2.8,4.7,285.0,79.14,100,57,87,10373.0,13279.5,55.0,8,6
1783015949.581,1842.399,299.5,79.14,100,51,90,16341.6,6164.4,294.1,79.15,100,45,85,2.4,1591.2,291.0,79.15,100,36,89,17353.4,17190.0,276.8,79.14,100,39,86,2.6,8.5,55.0,8,6
1783015950.028,1842.846,296.0,79.14,100,37,90,14530.5,13676.0,286.3,79.15,100,43,86,9292.6,5.6,280.9,79.15,99,34,89,2.9,17209.0,268.1,79.14,100,38,86,20750.5,5.6,55.0,8,6
1783015950.469,1843.287,293.3,79.14,100,45,90,17845.0,4.7,287.1,79.15,100,45,86,9.1,3.7,275.5,79.15,100,41,89,20279.2,17195.5,269.0,79.14,100,42,86,2.0,4.9,55.0,8,6
1783015950.912,1843.730,300.9,79.14,100,50,90,2.8,4.5,288.2,79.15,100,45,85,6.5,10534.8,281.8,79.15,100,36,89,15829.6,9564.7,270.3,79.14,100,39,86,3.2,5.4,55.0,8,6
1783015951.357,1844.174,302.5,79.14,100,49,89,1.9,4.4,293.9,79.15,100,53,86,2.8,14963.8,283.4,79.15,100,38,88,15251.5,5206.1,276.2,79.14,100,46,87,11.8,4.9,55.0,8,6
1783015951.801,1844.619,298.9,79.14,100,49,90,5.2,4.5,294.3,79.15,100,45,86,4.5,12469.2,283.4,79.15,100,38,88,15919.1,7584.4,276.2,79.14,100,46,87,2.9,4.9,55.0,8,6
1783015952.243,1845.061,298.9,79.14,100,49,90,398.4,6.7,294.3,79.15,100,45,86,1.8,14386.9,285.2,79.15,100,43,89,15548.7,5732.4,276.5,79.14,100,40,86,4.4,4.8,55.0,8,6
1783015952.687,1845.505,299.2,79.14,100,45,89,4.0,7.4,292.8,79.15,100,50,86,5.0,17124.1,283.7,79.15,100,37,88,20753.5,7.6,273.9,79.14,100,45,87,5.1,4.4,55.0,8,6
1783015953.130,1845.947,299.4,79.14,100,45,90,2.1,17114.4,292.7,79.15,100,46,85,20704.3,6.4,283.6,79.15,100,41,89,2.7,7245.8,275.1,79.14,100,40,85,16418.6,12414.0,55.0,8,6
1783015953.571,1846.389,297.9,79.14,100,45,90,2.7,6.0,288.0,79.15,100,42,85,19024.3,13553.7,281.8,79.15,100,30,89,4342.1,5.9,272.3,79.14,100,35,86,3993.3,13882.0,58.0,9,6
1783015954.015,1846.833,295.7,79.14,100,39,90,2.6,4.8,284.5,79.15,100,41,86,12127.0,14693.8,269.5,79.15,98,25,88,10016.6,4.5,258.7,79.14,98,34,86,2.4,5.6,58.0,9,6
1783015954.458,1847.275,288.8,79.14,100,62,90,20705.7,4.1,281.2,79.15,100,65,86,2.8,4.2,271.8,79.15,100,42,88,1090.5,16745.4,266.8,79.14,100,50,87,19690.0,4.5,58.0,9,6
1783015954.901,1847.719,294.2,79.14,100,61,90,10216.4,14240.9,287.9,79.15,100,54,86,12315.4,7.0,283.8,79.15,100,42,88,6.5,3.5,277.2,79.14,100,43,87,20301.4,17200.5,58.0,9,6
1783015955.348,1848.165,299.4,79.14,100,52,90,1.8,17116.4,296.8,79.15,100,45,87,20705.7,4.7,294.2,79.15,100,43,89,1.9,4.7,278.2,79.14,100,40,86,20563.1,14448.3,58.0,9,6
1783015955.791,1848.609,297.4,79.14,100,44,90,20711.4,6.0,296.8,79.15,100,45,87,3.9,15350.3,294.2,79.15,100,43,89,17737.3,2870.8,278.2,79.14,100,40,86,3.1,4510.8,58.0,9,6
1783015956.235,1849.053,297.4,79.14,100,44,90,20711.4,17107.5,292.5,79.15,100,46,85,2.1,5.7,286.0,79.15,100,31,89,10968.7,14989.4,274.3,79.14,100,38,85,11022.1,5.3,58.0,9,6
1783015956.676,1849.494,296.1,79.14,100,45,90,1.9,4.6,287.8,79.15,100,45,86,5.0,13621.2,275.5,79.15,100,36,89,17697.3,2065.6,269.8,79.14,100,38,86,5.6,4.7,58.0,9,6
1783015957.120,1849.938,297.5,79.14,100,46,90,1.9,4.5,288.8,79.15,100,48,85,178.8,17132.8,279.2,79.15,100,43,89,20747.5,5.0,270.4,79.14,100,41,85,2.2,4.4,58.0,9,6
1783015957.562,1850.380,303.0,79.14,100,58,90,1.8,4.5,291.7,79.15,100,49,86,501.2,17109.7,283.6,79.15,100,40,88,20752.9,4.6,272.7,79.14,100,40,87,2.0,4.8,58.0,9,6
1783015958.007,1850.824,301.3,79.14,100,49,90,2.3,4.5,294.8,79.15,100,48,86,3.5,13785.7,286.8,79.15,100,48,89,17508.3,4780.8,277.3,79.14,100,44,86,2.7,4.7,58.0,9,6
1783015958.448,1851.266,299.8,79.14,100,55,90,6150.4,4.6,297.3,79.15,100,58,86,1.9,3567.6,286.5,79.15,100,39,89,17967.8,14804.3,279.7,79.14,100,44,87,3.6,4.8,58.0,9,6
1783015958.889,1851.707,300.8,79.14,100,49,90,12788.2,9.5,295.1,79.15,100,48,85,8.8,35.8,287.8,79.15,100,43,89,19696.8,17201.8,276.6,79.14,100,40,85,1.9,4.7,58.0,9,6
1783015959.332,1852.150,299.1,79.14,100,47,90,2.1,5.1,293.6,79.15,100,48,86,2.0,17121.9,285.6,79.15,100,38,88,20745.5,5.9,274.1,79.14,100,40,87,3.2,11520.9,58.0,9,6
1783015959.776,1852.593,299.1,79.14,100,47,90,17922.5,8012.3,293.6,79.15,100,48,86,3.7,5.6,285.6,79.15,100,38,88,20762.1,17187.2,274.1,79.14,100,40,87,2.9,6.3,58.0,9,6
1783015960.226,1853.043,299.2,79.14,100,45,90,20330.8,13517.0,288.7,79.15,100,45,85,15955.3,4.4,281.9,79.15,100,35,89,1.8,4.5,270.4,79.14,100,38,87,20777.3,14779.8,61.0,9,5
1783015960.668,1853.486,289.6,79.14,100,9,91,2.6,4.0,282.1,79.15,100,40,86,5355.5,12890.9,276.0,79.15,100,53,90,19039.1,7.0,267.8,79.14,100,46,85,5.8,6.9,61.0,9,5
1783015961.114,1853.931,293.3,79.14,100,52,89,20705.5,4.3,290.6,79.15,100,46,86,4.4,4.4,282.5,79.15,100,55,90,12339.0,12828.0,275.2,79.14,100,42,86,11334.2,4.4,61.0,9,5
1783015961.555,1854.373,303.7,79.14,100,50,89,20710.3,17115.8,303.1,79.15,100,59,86,2.9,10.4,293.4,79.15,100,41,90,2.3,17242.0,286.1,79.14,100,56,87,20672.7,5.4,61.0,9,5
1783015961.999,1854.817,300.5,79.14,100,52,90,18004.5,5.6,293.8,79.15,100,46,85,3.0,13379.9,290.7,79.15,100,36,89,16346.5,6244.6,277.5,79.14,100,38,86,3.1,534.1,61.0,9,5
1783015962.442,1855.260,296.5,79.14,99,40,90,19461.6,14511.8,287.6,79.15,100,43,86,3454.2,6.3,283.3,79.15,100,36,89,7555.4,13670.1,268.8,79.14,100,38,86,15650.0,6.5,61.0,9,5
1783015962.886,1855.704,293.8,79.14,100,45,90,2.5,5.3,288.2,79.15,100,45,85,47.6,17113.7,276.6,79.15,100,41,89,20751.6,6.4,269.6,79.14,100,39,86,1.8,4.5,61.0,9,5
1783015963.328,1856.146,301.2,79.14,100,52,90,2.0,5.1,288.5,79.15,100,44,85,11513.5,13519.4,281.1,79.15,100,37,89,11907.9,4.7,270.4,79.14,100,41,85,2.3,441.6,61.0,9,5
1783015963.768,1856.586,301.2,79.14,100,52,90,6.8,5.7,288.5,79.15,100,44,85,5663.0,13332.1,281.1,79.15,100,37,89,18228.9,4.7,270.4,79.14,100,41,85,2.7,4.3,61.0,9,5
1783015964.210,1857.028,302.3,79.14,100,47,91,2.0,4.6,293.5,79.15,100,54,86,3.5,13027.7,284.2,79.15,100,38,89,16049.9,6923.8,276.7,79.14,100,50,87,1.9,4.7,61.0,9,5
1783015964.652,1857.470,301.3,79.14,100,57,90,15279.3,4.8,294.7,79.15,100,46,86,9.1,10777.3,285.6,79.15,100,39,89,16071.8,8837.7,277.2,79.14,100,41,87,9.5,6.9,61.0,9,5
1783015965.101,1857.919,299.1,79.14,100,47,89,6017.1,4.7,293.4,79.15,100,46,86,2.7,6938.5,287.5,79.15,100,44,89,16444.8,12668.6,276.7,79.14,100,41,86,2.2,5.1,61.0,9,5
1783015965.541,1858.359,300.0,79.14,100,51,90,2.1,5.5,295.0,79.15,100,48,86,500.4,16941.8,285.3,79.15,100,38,88,20745.1,5.3,277.4,79.14,100,41,87,9.3,10853.5,61.0,9,5
1783015965.988,1858.806,300.5,79.14,100,46,89,16850.3,17111.0,290.5,79.15,100,40,86,2.2,6.1,283.3,79.15,100,34,89,20757.9,15285.5,270.4,79.14,100,37,86,563.5,6.3,61.0,9,5
1783015966.436,1859.254,296.4,79.14,100,38,90,16933.0,16943.3,287.8,79.15,100,46,85,16336.2,16833.8,279.0,79.15,100,33,89,17577.4,13223.4,266.5,79.14,98,21,85,2.3,4.5,64.0,10,5
1783015966.877,1859.695,289.2,79.14,100,52,90,17197.8,11261.7,280.9,79.15,100,49,85,1.8,4.4,275.7,79.15,100,57,89,5.2,9187.1,266.7,79.14,100,45,87,17047.1,10015.4,64.0,10,5
1783015967.321,1860.138,290.5,79.14,100,50,90,1.8,10589.4,290.9,79.15,100,47,86,17276.3,8511.1,275.7,79.15,100,57,89,4.5,4.6,274.7,79.14,100,45,86,1.6,17286.1,64.0,10,5
1783015967.762,1860.580,290.5,79.14,100,50,90,9.1,4.9,290.9,79.15,100,47,86,17375.9,14434.7,281.3,79.15,100,49,90,4990.1,4.8,274.7,79.14,100,45,86,3.6,8040.7,64.0,10,5
1783015968.207,1861.025,301.4,79.14,100,51,89,3.7,17115.2,302.0,79.15,100,52,86,20704.1,5.5,291.2,79.15,100,38,88,2.1,5982.0,282.7,79.14,100,46,87,18261.3,12111.7,64.0,10,5
1783015968.647,1861.465,298.2,79.14,100,46,89,2.6,5.9,294.2,79.15,100,46,86,13612.5,19479.8,284.6,79.15,100,38,89,1131.8,10.9,274.0,79.14,99,34,86,15021.9,14665.4,64.0,10,5
1783015969.098,1861.916,296.7,79.14,100,45,90,18147.7,15233.2,287.3,79.15,100,37,86,2.0,5.4,279.3,79.15,100,36,88,12166.3,14933.7,267.9,79.14,100,40,86,9885.4,4.8,64.0,10,5
1783015969.539,1862.357,299.6,79.14,100,45,90,20707.3,5.4,287.1,79.15,100,57,86,2.9,4.9,280.0,79.15,100,40,90,20760.3,16952.7,270.8,79.14,100,46,87,2.9,4.5,64.0,10,5
1783015969.980,1862.798,298.9,79.14,100,47,90,20706.4,5.1,291.6,79.15,100,46,86,1.9,4.5,283.2,79.15,100,42,89,18621.6,14310.1,277.0,79.14,100,42,86,4111.2,4.6,64.0,10,5
1783015970.421,1863.239,301.4,79.14,100,57,90,17464.9,10197.5,294.9,79.15,100,57,86,3.7,4.9,286.2,79.15,100,40,89,1953.3,15552.1,278.0,79.14,100,48,87,19690.0,4.7,64.0,10,5
1783015970.863,1863.681,301.9,79.14,100,49,90,20709.6,17109.7,296.3,79.15,100,49,85,2.1,4.9,289.7,79.15,100,47,90,1.9,17134.5,278.1,79.14,100,41,86,20760.7,6.1,64.0,10,5
1783015971.308,1864.125,299.6,79.14,100,48,90,20711.1,17113.3,298.0,79.15,100,60,86,2.0,4.8,289.7,79.15,100,47,90,3.7,11379.0,278.1,79.14,100,41,86,17668.2,7145.6,64.0,10,5
1783015971.748,1864.566,299.6,79.14,100,48,90,20646.4,17113.3,298.0,79.15,100,60,86,9.2,7.5,286.5,79.15,100,41,88,2.5,17228.2,278.7,79.14,100,47,87,20748.1,4.9,64.0,10,5
1783015972.195,1865.012,299.5,79.14,100,48,90,4.2,5.5,293.6,79.15,100,45,86,4022.0,14973.2,284.8,79.15,100,40,89,17742.9,6.0,276.3,79.14,100,40,85,2.2,17233.2,64.0,10,5
1783015972.636,1865.454,298.1,79.14,100,42,90,27915.4,10560.1,291.6,79.15,100,45,85,20704.6,17102.4,282.5,79.15,99,31,89,2479.3,17199.4,272.3,79.14,100,38,86,15661.1,14859.8,67.0,10,4
1783015973.079,1865.897,292.9,79.14,98,36,92,7853.9,4.1,283.2,79.15,100,9,87,2.6,4.2,272.3,79.15,100,20,88,17297.6,12711.9,266.9,79.14,100,56,87,7292.4,4.3,67.0,10,4
1783015973.520,1866.338,296.4,79.14,100,66,90,2.5,17117.3,288.5,79.15,100,61,86,20707.5,5.2,281.9,79.15,100,41,89,4.4,4.5,273.3,79.14,100,57,87,11528.1,12767.8,67.0,10,4
1783015973.964,1866.781,299.0,79.14,100,56,90,1.8,7.3,295.8,79.15,100,49,85,20243.8,17116.4,296.3,79.15,100,42,89,2.9,4.8,282.3,79.14,100,43,87,3.6,10695.2,67.0,10,4
1783015974.410,1867.228,296.9,79.14,100,45,90,3.8,4863.5,297.8,79.15,100,46,86,16640.5,14918.5,289.9,79.15,100,45,90,2.1,5.8,282.1,79.14,100,39,86,19465.6,13555.6,67.0,10,4
1783015974.852,1867.670,294.5,79.14,100,44,90,20710.1,5.9,293.6,79.15,100,43,86,3.0,11808.8,281.0,79.15,100,32,89,16303.9,7650.2,274.5,79.14,100,38,86,8.4,5.2,67.0,10,4
1783015975.294,1868.112,298.1,79.14,100,45,90,2560.6,15008.7,293.6,79.15,100,43,86,20703.7,4.9,281.0,79.15,100,32,89,2.4,488.8,274.5,79.14,100,38,86,19698.2,17197.9,67.0,10,4
1783015975.734,1868.552,298.1,79.14,100,45,90,20712.5,17113.6,287.8,79.15,100,46,86,8.2,7.5,278.3,79.15,100,38,88,1074.9,16738.0,267.7,79.14,100,43,86,20746.8,5.2,67.0,10,4
1783015976.185,1869.003,299.2,79.14,100,46,90,16253.9,6455.3,289.0,79.15,100,44,86,3.3,4.7,282.3,79.15,100,41,89,7395.6,13500.5,271.8,79.14,100,39,86,16553.4,4.7,67.0,10,4
1783015976.627,1869.445,302.9,79.14,100,56,90,19295.0,17108.7,291.2,79.15,100,48,86,3.5,4.6,286.1,79.15,100,39,89,3.6,16721.0,274.8,79.14,100,41,87,20756.6,9.7,67.0,10,4
1783015977.076,1869.894,301.1,79.14,100,48,90,20706.4,16383.1,294.4,79.15,100,47,86,19.0,4.5,287.5,79.15,100,44,90,1.9,6793.9,277.6,79.14,100,41,86,15604.7,13369.3,67.0,10,4
1783015977.517,1870.335,299.2,79.14,100,45,90,16238.1,12997.9,297.5,79.15,100,50,86,8517.0,4.6,286.1,79.15,100,38,90,2.9,509.5,279.2,79.14,100,47,87,19698.0,17193.2,67.0,10,4
1783015977.958,1870.775,300.9,79.14,99,47,90,5081.8,13199.9,294.0,79.15,100,45,85,19052.1,5.1,287.6,79.15,100,43,89,3.5,3621.5,276.1,79.14,100,40,86,16266.1,16116.7,67.0,10,4
1783015978.399,1871.217,300.4,79.14,100,47,90,18235.6,5.8,291.4,79.15,100,46,86,3.0,17112.5,284.6,79.15,100,34,89,18351.2,1955.7,274.1,79.14,100,36,87,2.9,1216.3,67.0,10,4
1783015978.841,1871.659,297.6,79.14,100,38,90,20708.2,14735.4,287.5,79.15,100,45,85,1794.1,13.0,276.4,79.15,100,35,89,11814.3,24030.0,269.9,79.14,100,37,86,19274.2,17206.3,70.0,11,4
1783015979.290,1872.108,289.1,79.14,100,52,89,2.3,14695.5,287.5,79.15,100,45,85,17507.1,4196.1,276.4,79.15,100,35,89,2.3,4.3,269.9,79.14,100,37,86,1.8,16454.4,70.0,11,4
1783015979.732,1872.550,289.1,79.14,100,52,89,5.5,10.5,283.5,79.15,100,60,86,7.5,12622.1,270.2,79.15,100,42,88,16890.7,4779.6,267.3,79.14,100,60,87,1.9,10.0,70.0,11,4
1783015980.184,1873.002,293.2,79.14,100,50,90,16907.1,4161.4,290.9,79.15,100,60,86,3.2,4.8,281.2,79.15,100,41,88,8954.9,14560.2,274.4,79.14,100,52,87,13674.4,4.7,70.0,11,4
1783015980.626,1873.444,302.2,79.14,100,59,90,17629.4,7469.9,299.4,79.15,100,51,86,9.4,5.5,294.7,79.15,100,38,89,20768.6,17193.4,279.7,79.14,100,40,86,8.5,10.7,70.0,11,4
1783015981.075,1873.893,297.2,79.14,100,45,90,8130.7,15053.8,295.9,79.15,100,44,86,14135.2,5.6,287.6,79.15,100,37,89,2.1,17221.2,274.9,79.14,100,39,87,20731.6,6.4,70.0,11,4
1783015981.516,1874.334,297.0,79.14,100,42,90,3.8,5.3,289.0,79.15,100,45,85,18297.1,14892.0,279.1,79.15,100,33,89,3510.0,5.1,269.9,79.14,100,38,87,2.0,14791.0,70.0,11,4
1783015981.958,1874.776,297.9,79.14,100,45,90,1.9,9405.0,284.9,79.15,100,46,85,17426.1,9700.5,280.5,79.15,100,41,89,2.8,5.5,269.0,79.14,100,42,85,4608.0,15068.5,70.0,11,4
1783015982.401,1875.219,298.7,79.14,100,49,89,1.9,17116.6,293.2,79.15,100,58,86,20704.4,5.1,281.1,79.15,100,41,88,2.9,5.0,274.6,79.14,100,43,87,20781.7,16142.6,70.0,11,4
1783015982.843,1875.661,301.1,79.14,100,56,90,2.1,13115.0,295.9,79.15,100,48,86,17493.2,5704.7,287.2,79.15,100,47,89,4.3,5.2,277.7,79.14,100,42,87,11113.6,14237.3,70.0,11,4
1783015983.292,1876.110,300.5,79.14,100,49,89,1.9,10853.1,295.9,79.15,100,48,86,17798.9,7912.7,287.2,79.15,100,47,89,2.8,4.7,277.7,79.14,100,42,87,1091.7,16749.3,70.0,11,4
1783015983.734,1876.552,300.5,79.14,100,49,89,6.2,17117.7,297.8,79.15,100,59,86,20712.4,7.5,287.0,79.15,100,40,89,2.1,4.6,280.9,79.14,100,50,87,11522.7,14318.0,70.0,11,4
1783015984.185,1877.003,300.8,79.14,100,54,90,2.0,17112.1,294.5,79.15,100,48,85,19332.5,1125.3,286.5,79.15,100,45,89,3.2,5.1,276.8,79.14,100,42,85,20783.4,16123.4,70.0,11,4
1783015984.627,1877.445,299.5,79.14,100,47,89,17912.4,5470.6,295.2,79.15,100,49,86,3.8,5.9,285.8,79.15,100,38,88,19697.5,17201.6,275.0,79.14,100,41,87,9.3,8.3,70.0,11,4
1783015985.072,1877.890,298.7,79.14,100,47,89,3333.0,14768.6,293.0,79.15,100,46,86,18858.8,5.7,280.6,79.15,100,37,90,3.1,15596.8,271.0,79.14,100,36,86,21445.1,6692.0,72.0,11,3
1783015985.516,1878.334,295.1,79.14,98,8,90,12187.0,4.2,281.6,79.15,100,9,88,2.8,4.0,275.1,79.15,100,8,90,17188.4,12401.0,264.1,79.14,100,35,86,7582.6,4.2,72.0,11,3
1783015985.957,1878.775,288.1,79.14,100,50,90,14.6,17115.3,285.0,79.15,100,49,86,17627.7,2106.5,281.6,79.15,100,59,90,4.2,4.6,270.0,79.14,100,42,86,5214.2,13409.2,72.0,11,3
1783015986.409,1879.226,287.6,79.14,100,49,89,3.9,4.3,294.9,79.15,100,49,86,5032.3,13084.8,287.8,79.15,100,50,90,19058.9,4.9,281.8,79.14,100,44,86,2.8,17.3,72.0,11,3
1783015986.850,1879.668,300.6,79.14,100,45,90,2.5,4.5,297.4,79.15,100,51,86,1.8,17140.4,290.3,79.15,100,37,90,20750.1,8.7,279.4,79.14,100,47,87,8.4,5774.8,72.0,11,3
1783015987.294,1880.112,299.0,79.14,100,44,89,18884.0,13575.0,297.4,79.15,100,51,86,4935.8,6.1,290.3,79.15,100,37,90,4140.0,13865.0,279.4,79.14,100,47,87,19281.9,5.9,72.0,11,3
1783015987.735,1880.553,299.0,79.14,100,44,89,5.2,9.8,291.5,79.15,99,41,86,20225.9,17105.1,283.2,79.15,100,33,90,7.1,5.3,269.4,79.14,100,35,86,7706.0,13575.9,72.0,11,3
1783015988.180,1880.998,297.2,79.14,100,43,90,3404.3,14245.9,285.6,79.15,100,45,85,20218.3,5.0,279.9,79.15,100,38,89,2.4,4.2,268.7,79.14,100,40,86,20293.3,17206.9,72.0,11,3
1783015988.623,1881.440,299.3,79.14,100,46,90,15022.3,13165.3,290.0,79.15,100,52,86,9859.4,5.0,280.2,79.15,100,37,89,2.9,9654.3,272.9,79.14,100,44,87,16272.4,8796.9,72.0,11,3
1783015989.065,1881.882,298.2,79.14,100,45,90,12116.8,13180.7,293.9,79.15,100,47,86,12248.8,4.6,283.4,79.15,100,46,89,2.4,494.5,276.4,79.14,100,41,86,19703.3,17195.8,72.0,11,3
1783015989.506,1882.324,300.9,79.14,100,47,90,1.9,17115.2,294.6,79.15,100,57,86,20706.6,4.9,285.3,79.15,100,38,90,2.8,4.7,276.0,79.14,100,46,87,13252.7,12975.3,72.0,11,3
1783015989.948,1882.766,302.4,79.14,100,54,90,5.0,17115.0,294.6,79.15,100,46,87,20706.0,5.5,288.3,79.15,100,40,89,8.4,4.8,276.3,79.14,100,40,86,20776.1,17202.5,72.0,11,3
1783015990.395,1883.213,299.0,79.14,100,46,90,2.3,17118.3,294.6,79.15,100,52,86,20705.3,5.0,285.3,79.15,100,37,89,2.5,4.8,276.1,79.14,100,45,87,20779.5,14161.1,72.0,11,3
1783015990.837,1883.655,297.8,79.14,100,45,89,16418.6,11971.2,293.2,79.15,100,46,86,3.8,5.9,281.5,79.15,100,38,90,20762.8,17197.7,273.3,79.14,99,34,86,4.6,9.2,72.0,11,3
1783015991.280,1884.098,297.8,79.14,100,45,89,3.6,17115.0,293.2,79.15,100,46,86,20702.8,5.8,281.5,79.15,100,38,90,2.1,10810.6,273.3,79.14,99,34,86,16295.7,8836.3,75.0,12,3
1783015991.720,1884.538,297.1,79.14,100,42,89,8.1,12962.0,286.7,79.15,99,39,86,17147.9,5010.8,278.9,79.15,100,35,89,5.6,4.7,267.9,79.14,100,39,87,1081.1,16760.7,75.0,12,3
1783015992.163,1884.981,291.5,79.14,100,54,90,1.7,4.1,278.5,79.15,100,51,85,1.8,604.9,274.8,79.15,100,52,90,18537.5,17210.2,263.3,79.14,100,45,86,1.8,4.5,75.0,12,3
1783015992.604,1885.422,291.7,79.14,99,50,90,17561.6,12633.0,289.1,79.15,100,48,85,1.8,4.1,283.4,79.15,100,51,90,2.4,17265.6,274.7,79.14,100,43,85,20727.0,11.7,75.0,12,3
1783015993.057,1885.875,302.7,79.14,100,50,90,18401.2,17108.6,302.6,79.15,100,55,86,2.8,6.9,292.3,79.15,100,42,90,1.7,17227.2,284.6,79.14,100,47,86,20746.9,5.7,75.0,12,3
1783015993.502,1886.320,298.9,79.14,100,44,90,3.0,6.0,294.5,79.15,100,46,85,20708.9,17104.5,286.0,79.15,100,34,89,2.2,6.0,276.8,79.14,100,40,85,14004.8,14890.1,75.0,12,3
1783015993.946,1886.763,296.5,79.14,100,46,90,19770.8,5.7,288.3,79.15,100,46,86,7.0,12786.2,279.3,79.15,100,35,89,17528.1,5472.0,267.4,79.14,99,33,86,3.0,10.8,75.0,12,3
1783015994.390,1887.208,297.1,79.14,100,46,90,2.7,4.4,289.0,79.15,100,45,86,20713.6,17108.2,275.6,79.15,100,38,89,2.3,4.7,271.2,79.14,100,48,87,3.6,17057.6,75.0,12,3
1783015994.832,1887.649,300.8,79.14,100,48,90,3.8,1705.1,289.1,79.15,100,48,86,17993.4,16873.0,285.4,79.15,100,50,90,4.1,5.0,272.3,79.14,100,41,87,1017.6,16804.4,75.0,12,3
1783015995.273,1888.091,300.8,79.14,100,48,90,3.7,4.3,289.1,79.15,100,48,86,20722.5,17109.1,285.4,79.15,100,50,90,2.3,4.6,272.3,79.14,100,41,87,4.2,12173.9,75.0,12,3
1783015995.716,1888.534,301.8,79.14,100,49,89,11.0,7.5,295.1,79.15,100,57,86,17189.5,14058.9,286.4,79.15,100,40,88,4470.5,4.6,278.9,79.14,100,49,87,2.2,1728.6,75.0,12,3
1783015996.162,1888.980,301.5,79.14,100,57,90,2.8,4.5,294.8,79.15,100,48,85,5164.7,14849.9,288.4,79.15,100,42,89,16930.7,4.8,278.2,79.14,100,43,85,2.4,496.9,75.0,12,3
1783015996.604,1889.422,299.0,79.14,100,48,90,3.0,4.7,296.5,79.15,100,51,86,497.4,17123.0,287.6,79.15,100,39,90,20751.9,5.0,278.8,79.14,100,52,87,6.3,425.3,75.0,12,3
1783015997.053,1889.871,300.6,79.14,100,56,90,1.9,5.0,294.5,79.15,100,48,86,20717.8,17105.4,285.8,79.15,100,37,89,2.5,6.8,276.5,79.14,100,40,86,13951.0,14845.2,75.0,12,3
1783015997.498,1890.316,299.8,79.14,100,45,90,20705.8,5.6,290.1,79.15,100,43,86,3.0,9113.5,285.1,79.15,100,37,89,17937.6,9074.5,270.5,79.14,100,40,85,2.1,5.6,75.0,12,3
1783015997.939,1890.757,297.6,79.14,98,43,90,20707.1,15937.5,288.6,79.15,98,31,85,47.9,4.4,276.1,79.15,98,7,88,3.6,2899.0,266.3,79.14,100,9,86,16942.3,16710.0,78.0,12,2
1783015998.381,1891.199,295.3,79.14,99,55,90,2.4,4.0,287.0,79.15,100,64,86,13340.9,12596.3,278.2,79.15,100,43,90,11324.6,4.1,275.0,79.14,100,63,87,3.5,4.3,78.0,12,2
1783015998.822,1891.640,296.7,79.14,100,55,90,16291.7,4.3,293.2,79.15,100,54,86,2.5,4.6,278.2,79.15,100,43,90,19187.5,12573.0,280.5,79.14,100,52,87,5634.4,7.3,78.0,12,2
1783015999.265,1892.083,296.7,79.14,100,55,90,17157.2,17106.8,293.2,79.15,100,54,86,2.6,4.9,289.3,79.15,100,41,88,1.9,17245.1,280.5,79.14,100,52,87,20759.6,5.2,78.0,12,2
1783015999.706,1892.524,298.9,79.14,100,53,90,17979.5,8.2,297.3,79.15,100,44,86,8.3,13358.7,292.6,79.15,100,42,89,16366.4,5972.7,278.3,79.14,100,39,87,4.1,498.6,78.0,12,2
1783016000.150,1892.968,298.4,79.14,100,44,90,19366.0,14366.2,294.1,79.15,100,45,85,2250.2,5.9,285.2,79.15,100,34,89,6834.8,13811.9,273.1,79.14,100,35,87,16994.0,5.6,78.0,12,2
1783016000.594,1893.412,296.5,79.14,100,38,90,2.6,5.4,287.4,79.15,100,44,85,490.2,17114.1,276.3,79.15,100,35,89,20749.4,4.7,269.4,79.14,100,41,86,3.5,9.8,78.0,12,2
1783016001.036,1893.854,298.0,79.14,100,56,90,3.8,5.0,288.1,79.15,100,47,85,9199.0,13632.4,280.1,79.15,100,40,89,14211.5,4.6,270.8,79.14,100,40,86,2.3,3.9,78.0,12,2
1783016001.479,1894.297,300.6,79.14,100,46,89,2.7,4.4,293.1,79.15,100,47,86,4560.7,13397.3,282.9,79.15,100,38,88,19398.5,4.7,274.9,79.14,100,48,87,4.4,4.5,78.0,12,2
1783016001.920,1894.738,300.6,79.14,100,57,90,1.9,7.1,293.8,79.15,100,47,85,5.1,12742.7,285.7,79.15,100,43,89,15716.2,7388.2,276.4,79.14,100,41,85,1.9,4.7,78.0,12,2
1783016002.360,1895.178,300.0,79.14,100,48,90,20705.8,4.7,295.5,79.15,100,49,86,1.9,8.4,289.1,79.15,100,41,90,19702.7,17192.8,279.6,79.14,100,43,86,2.3,4.8,78.0,12,2
1783016002.801,1895.618,301.4,79.14,100,58,90,20705.8,4.6,295.5,79.15,100,49,86,3.8,4.7,289.1,79.15,100,41,90,20769.1,13873.6,279.6,79.14,100,43,86,2765.5,5.3,78.0,12,2
1783016003.243,1896.061,301.4,79.14,100,58,90,19926.6,5.5,295.0,79.15,100,48,86,3.8,13066.3,284.9,79.15,100,38,89,16261.6,6631.3,276.1,79.14,100,39,86,2.8,5.6,78.0,12,2
1783016003.687,1896.505,299.1,79.14,100,46,91,5049.4,13681.7,292.9,79.15,100,45,86,18450.7,10.5,284.5,79.15,100,37,88,3.7,17215.1,273.4,79.14,100,41,87,20753.2,7.7,78.0,12,2
1783016004.135,1896.953,296.6,79.14,100,42,89,20708.6,16335.1,289.5,79.15,100,37,86,20662.8,17103.3,278.9,79.15,100,33,88,20755.4,17191.1,269.5,79.14,100,37,86,2.7,4.5,81.0,13,2
1783016004.586,1897.404,287.9,79.14,100,26,89,20707.4,17107.4,277.2,79.15,100,53,86,2.4,4.4,272.5,79.15,100,54,90,2.6,514.8,263.8,79.14,100,47,86,19728.9,17211.9,81.0,13,2
1783016005.028,1897.846,292.6,79.14,100,53,90,3.4,4.3,288.0,79.15,100,59,86,20733.5,15380.2,280.5,79.15,100,47,90,666.3,4.5,276.4,79.14,100,48,86,1.9,524.4,81.0,13,2
1783016005.472,1898.289,299.9,79.14,100,49,90,1.9,4.5,301.9,79.15,100,64,86,2.8,13668.7,295.0,79.15,100,41,88,17399.9,4981.1,286.4,79.14,100,50,87,5.2,4.9,81.0,13,2
1783016005.916,1898.734,299.4,79.14,99,55,90,3.3,8.3,294.0,79.15,100,46,85,20715.1,17107.1,291.6,79.15,100,36,89,2.1,5.8,277.3,79.14,99,38,86,12455.4,14944.3,81.0,13,2
1783016006.360,1899.178,294.9,79.14,100,43,90,17029.4,5.6,291.0,79.15,100,45,85,4.4,17115.2,281.6,79.15,100,34,89,20747.1,6.4,273.1,79.14,100,36,86,3.7,8711.7,81.0,13,2
1783016006.804,1899.622,296.1,79.14,100,45,91,4.8,17117.3,291.0,79.15,100,45,85,20704.5,6.2,281.6,79.15,100,34,89,3.0,8143.0,273.1,79.14,100,36,86,18073.2,10029.9,81.0,13,2
1783016007.247,1900.065,296.1,79.14,100,45,91,20648.3,15304.4,288.3,79.15,100,48,86,1197.7,11.1,274.0,79.15,100,38,89,1075.7,16731.1,268.9,79.14,99,40,86,20752.5,4.6,81.0,13,2
1783016007.690,1900.508,301.6,79.14,100,49,90,17616.8,5044.7,288.9,79.15,100,44,85,7.0,8.1,281.1,79.15,99,37,89,18888.0,14155.6,272.7,79.14,100,43,86,3938.2,4.8,81.0,13,2
1783016008.139,1900.957,302.7,79.14,100,53,90,17300.0,7475.3,292.3,79.15,100,49,86,1.9,4.8,287.1,79.15,100,40,88,5981.0,14993.9,276.5,79.14,100,42,87,16231.6,5.1,81.0,13,2
1783016008.581,1901.399,298.9,79.14,100,47,90,17506.4,14256.7,294.0,79.15,100,47,86,2.8,4.8,285.6,79.15,100,45,90,1080.9,16730.3,277.5,79.14,100,42,86,20748.3,6.8,81.0,13,2
1783016009.022,1901.840,299.0,79.14,100,47,90,17506.3,10948.7,295.2,79.15,100,50,86,2.7,5.3,284.2,79.15,100,38,88,1288.5,16247.0,276.7,79.14,100,40,87,20709.9,4.7,81.0,13,2
1783016009.464,1902.282,299.5,79.14,100,47,89,20706.6,5.6,293.3,79.15,100,47,86,3.9,4.8,284.3,79.15,100,44,90,20762.2,17199.2,276.0,79.14,100,40,86,2.9,5.8,81.0,13,2
1783016009.906,1902.724,296.8,79.14,100,45,90,2.1,17110.9,291.8,79.15,100,45,85,20703.7,9.0,282.0,79.15,100,33,89,5.9,12331.4,275.9,79.14,100,37,86,17828.7,4298.0,81.0,13,2
1783016010.353,1903.171,298.4,79.14,100,45,90,20705.8,17109.4,285.7,79.15,98,42,86,10064.9,17103.4,275.6,79.15,98,22,88,9079.2,17197.2,263.5,79.14,100,8,87,20747.7,17196.8,84.0,13,1
1783016010.795,1903.613,294.1,79.14,100,51,90,5.1,3.9,285.7,79.15,98,42,86,13090.1,12614.7,275.6,79.15,98,22,88,11585.6,9.8,263.5,79.14,100,8,87,3.8,4.9,84.0,13,1
1783016011.242,1904.060,294.1,79.14,100,51,90,20709.0,4.2,284.9,79.15,100,53,86,4.0,4.6,277.7,79.15,100,52,90,10339.7,15331.0,269.3,79.14,100,46,86,7878.9,4.5,84.0,13,1
1783016011.687,1904.505,294.9,79.14,100,49,90,15030.1,21775.8,293.9,79.15,100,50,86,7.3,11.9,287.0,79.15,100,44,90,5.3,17247.8,282.2,79.14,100,48,87,20755.6,4.8,84.0,13,1
1783016012.148,1904.966,300.5,79.14,100,48,90,16204.2,4068.7,298.3,79.15,100,54,86,3.7,12.3,291.4,79.15,100,38,89,19695.3,17195.1,281.5,79.14,100,46,87,3.0,6.4,84.0,13,1
1783016012.588,1905.406,297.4,79.14,100,45,89,2.4,17117.8,293.6,79.15,100,46,86,20703.6,6.0,286.8,79.15,100,37,90,3.0,6291.8,274.2,79.14,99,34,86,17039.2,12695.2,84.0,13,1
1783016013.028,1905.846,296.6,79.14,100,42,89,11824.7,4.9,285.3,79.15,99,38,86,2.2,7228.0,279.1,79.15,100,35,89,16432.5,12232.7,268.4,79.14,100,40,87,2.1,5.5,84.0,13,1
1783016013.468,1906.286,299.6,79.14,100,48,89,2.3,4.6,289.0,79.15,100,56,86,2.1,15901.3,279.5,79.15,100,40,88,16389.0,3822.5,270.9,79.14,100,45,87,3.0,5.1,84.0,13,1
1783016013.912,1906.730,300.8,79.14,100,51,90,3.6,4.8,292.5,79.15,100,47,85,13624.5,13126.0,285.1,79.15,100,38,89,10420.4,4.8,277.0,79.14,100,41,85,1.9,1163.4,84.0,13,1
1783016014.357,1907.175,301.2,79.14,100,46,90,1.9,4.9,294.7,79.15,100,55,86,3065.3,14580.6,285.6,79.15,100,38,90,20263.1,4.9,276.4,79.14,100,49,87,2.8,4.1,84.0,13,1
1783016014.800,1907.617,302.2,79.14,100,52,90,5.9,4.7,294.7,79.15,100,55,86,2.9,16471.6,285.6,79.15,100,38,90,16914.6,3229.4,276.4,79.14,100,49,87,3.9,5.2,84.0,13,1
1783016015.240,1908.058,302.2,79.14,100,52,90,4.4,4.7,293.7,79.15,100,47,86,1.9,16697.0,287.1,79.15,100,46,89,17216.3,2871.6,276.4,79.14,100,40,87,2.0,4.8,84.0,13,1
1783016015.680,1908.497,299.0,79.14,100,49,90,2.9,6.7,293.8,79.15,100,56,86,11502.0,14106.6,284.9,79.15,100,39,89,10685.5,8.2,275.5,79.14,100,45,87,6.8,17244.9,84.0,13,1
1783016016.131,1908.949,299.4,79.14,100,45,90,16665.2,16016.1,292.8,79.15,100,45,86,2.1,5.8,281.0,79.15,100,37,90,19327.0,13554.0,275.6,79.14,100,39,86,4122.4,7.2,84.0,13,1
1783016016.574,1909.392,297.2,79.14,100,44,90,2.1,20995.3,288.3,79.15,100,37,86,17899.3,17015.1,278.8,79.15,100,32,88,17333.6,17507.2,268.5,79.14,100,30,86,19106.8,17186.6,87.0,14,1
1783016017.017,1909.834,286.4,79.14,100,18,90,1.8,3.9,276.7,79.15,100,41,85,1.7,45.7,270.8,79.15,100,54,90,19691.6,17194.9,258.6,79.14,100,46,85,2.3,4.3,87.0,14,1
1783016017.459,1910.276,291.3,79.14,100,52,89,19583.5,13980.1,284.4,79.15,100,48,86,3543.8,6.1,279.3,79.15,100,52,90,3.8,2606.2,270.8,79.14,100,44,86,17733.2,15990.0,87.0,14,1
1783016017.903,1910.721,297.7,79.14,100,50,90,2.4,13865.4,303.5,79.15,100,61,86,22974.5,826.4,290.6,79.15,100,42,88,5.6,4.7,285.9,79.14,100,50,87,15433.0,14672.5,87.0,14,1
1783016018.351,1911.169,300.0,79.14,100,54,90,11321.0,14749.5,293.9,79.15,100,45,85,11066.6,6.0,291.6,79.15,100,35,89,10.0,17223.0,277.6,79.14,100,39,85,20755.6,5.6,87.0,14,1
1783016018.795,1911.613,295.5,79.14,100,43,90,5.1,4.7,293.9,79.15,100,45,85,20102.4,17104.0,291.6,79.15,100,35,89,2.5,5.8,277.6,79.14,100,39,85,18294.8,14557.5,87.0,14,1
1783016019.248,1912.065,295.5,79.14,100,43,90,8624.1,4.9,290.9,79.15,100,45,85,2.0,8665.3,281.9,79.15,100,35,89,17851.7,9568.5,269.1,79.14,100,35,86,2.0,5.3,87.0,14,1
1783016019.688,1912.506,296.4,79.14,100,45,91,2.4,7.8,288.3,79.15,100,48,86,506.2,19007.7,274.6,79.15,100,37,88,6289.7,8.0,268.2,79.14,100,40,87,3.6,14479.3,87.0,14,1
1783016020.145,1912.963,301.0,79.14,100,48,90,3.6,4.5,288.5,79.15,100,45,85,20716.4,17109.4,281.5,79.15,100,39,89,1.9,4.6,270.8,79.14,100,43,85,1.8,12228.2,87.0,14,1
1783016020.588,1913.406,302.3,79.14,100,49,90,1.8,4.4,292.2,79.15,100,57,86,7639.6,14609.9,286.9,79.15,100,39,89,14497.7,4.8,277.2,79.14,100,50,87,2.6,535.7,87.0,14,1
1783016021.032,1913.850,302.2,79.14,100,53,90,2.4,4.6,295.4,79.15,100,48,86,2.0,17146.1,288.6,79.15,100,47,89,20750.2,5.2,278.5,79.14,100,43,86,3.6,4.8,87.0,14,1
1783016021.946,1914.764,301.1,79.14,100,56,90,6.6,5.1,295.1,79.15,100,48,85,17955.5,16499.4,286.5,79.15,100,43,89,1.9,5.2,277.1,79.14,100,41,85,4977.9,14963.7,87.0,14,1
1783016022.392,1915.209,299.3,79.14,100,45,90,18183.4,14757.2,291.3,79.15,100,43,86,2.1,5.7,285.7,79.15,100,36,88,18585.5,14652.4,272.6,79.14,100,40,86,1873.4,5.9,87.0,14,1
1783016022.835,1915.653,299.0,79.14,100,46,90,2.8,11777.4,289.0,79.15,100,47,85,26304.7,1541.8,280.2,79.15,100,34,89,20783.6,14324.0,269.0,79.14,98,19,85,16037.6,17005.2,90.0,14,0
1783016023.276,1916.093,299.0,79.14,100,46,90,20711.5,17107.3,289.0,79.15,100,47,85,3.5,4.2,280.2,79.15,100,34,89,4.1,3.4,269.0,79.14,98,19,85,20310.2,16971.5,90.0,14,0
1783016023.718,1916.536,295.2,79.14,100,61,90,8.0,7.2,283.2,79.15,100,48,85,7827.7,13040.2,278.1,79.15,100,42,89,14821.5,4.6,270.7,79.14,100,45,87,2.7,4.4,90.0,14,0
1783016024.163,1916.981,296.3,79.14,100,61,90,12809.3,4.7,291.1,79.15,100,48,85,4.4,2061.4,284.2,79.15,100,39,89,17786.4,16719.4,277.8,79.14,100,42,86,2.0,4.8,90.0,14,0
1783016024.606,1917.424,297.6,79.14,100,51,90,20640.8,5.5,301.2,79.15,100,45,85,2.1,10788.9,292.1,79.15,100,43,90,16454.3,8769.2,284.3,79.14,100,38,85,6.7,2196.4,90.0,14,0
1783016025.055,1917.873,297.7,79.14,100,43,90,20710.3,14458.5,294.5,79.15,100,46,85,2301.9,5.7,286.0,79.15,100,37,89,1580.1,15866.1,277.1,79.14,100,38,86,20744.8,5.8,90.0,14,0
1783016025.497,1918.315,298.2,79.14,100,42,90,2.9,5.4,287.0,79.15,100,43,85,20707.6,17107.6,276.5,79.15,99,30,89,2.8,5.0,269.6,79.14,100,39,86,4.0,17242.4,90.0,14,0
1783016025.940,1918.758,296.5,79.14,100,44,90,5.8,9544.7,288.1,79.15,100,47,85,17796.3,9237.9,279.7,79.15,100,45,89,2.0,4.9,270.9,79.14,100,41,85,8075.8,13337.8,90.0,14,0
1783016026.383,1919.201,301.0,79.14,100,49,90,2.0,17115.2,291.1,79.15,100,58,86,20704.9,5.2,283.4,79.15,100,38,89,2.0,4.7,273.2,79.14,100,40,87,19754.7,14248.0,90.0,14,0
1783016026.827,1919.645,300.6,79.14,100,48,90,2.2,13227.1,294.5,79.15,100,48,85,15720.6,7065.1,283.4,79.15,100,38,89,3.3,4.8,276.6,79.14,100,41,85,1103.1,16471.5,90.0,14,0
1783016027.270,1920.088,300.6,79.14,100,48,90,1.9,4.2,294.5,79.15,100,48,85,20234.1,17111.1,287.1,79.15,100,46,90,4.0,5.3,276.6,79.14,100,41,85,1.9,11914.5,90.0,14,0
1783016027.712,1920.530,300.3,79.14,100,48,90,5.6,7.5,296.8,79.15,100,58,86,20725.2,17111.2,285.9,79.15,100,39,88,5.3,4.7,279.8,79.14,100,48,87,3.6,13445.7,90.0,14,0
1783016028.160,1920.977,301.0,79.14,100,54,90,3.5,4.6,293.1,79.15,100,47,86,20719.5,15422.1,286.9,79.15,100,48,89,522.5,5.2,276.1,79.14,100,41,87,2.8,17248.5,90.0,14,0
1783016028.600,1921.418,299.1,79.14,100,45,89,20709.5,14416.2,294.8,79.15,100,46,86,2394.2,6.2,285.0,79.15,100,37,89,4589.7,13900.6,275.8,79.14,100,39,87,19181.1,11.0,90.0,14,0
1783016029.045,1921.863,299.4,79.14,100,46,90,4.2,5186.2,290.9,79.15,100,44,86,16804.2,14356.6,279.2,79.15,100,34,89,2.1,5.9,270.1,79.14,100,35,86,20913.7,3568.7,93.0,15,0
1783016029.486,1922.304,297.0,79.14,100,58,90,3445.2,3202.5,286.8,79.15,100,60,85,3778.7,3682.9,279.0,79.15,100,53,89,4026.9,4184.0,268.0,79.14,100,56,86,3865.1,4246.8,93.0,16,0
1783016029.931,1922.749,302.4,79.14,100,62,89,3770.3,3192.0,293.3,79.15,100,63,85,3601.9,3983.6,283.7,79.15,100,54,89,3953.0,4548.5,273.6,79.14,100,56,85,3497.4,4518.0,93.0,16,0
1783016030.375,1923.193,303.7,79.14,100,62,89,3584.2,2835.0,299.5,79.15,100,62,85,3894.5,4191.4,290.0,79.15,100,54,89,3589.4,4336.0,276.0,79.14,100,56,86,3993.0,4539.4,93.0,16,0
1783016030.818,1923.636,301.1,79.14,100,62,89,3358.2,3207.1,299.8,79.15,100,62,85,3848.4,3860.2,290.0,79.15,100,54,89,3959.5,4467.9,276.0,79.14,100,56,86,4382.3,4768.9,93.0,16,0
1783016031.267,1924.085,301.1,79.14,100,62,89,3680.3,3113.3,299.8,79.15,100,62,85,3505.4,4276.6,290.1,79.15,100,54,89,3904.8,4337.9,275.4,79.14,100,56,85,3945.2,4682.7,93.0,16,0
1783016031.709,1924.527,300.0,79.14,100,62,89,4116.8,2928.0,299.5,79.15,100,62,85,3908.1,4568.1,290.2,79.15,100,54,89,3645.6,4318.7,275.5,79.14,100,56,85,3954.9,4720.1,93.0,16,0
1783016032.162,1924.980,300.1,79.14,100,64,89,3297.8,3137.4,300.3,79.15,100,63,85,3852.3,4028.9,290.8,79.15,100,55,89,3938.9,4698.6,276.6,79.14,100,57,86,3957.5,4105.9,93.0,16,0
1783016032.605,1925.423,300.1,79.14,100,63,89,3851.1,3171.3,301.0,79.15,100,62,85,3598.2,4464.7,291.4,79.15,100,54,89,3870.9,4718.2,277.4,79.14,100,56,85,3639.7,5173.7,93.0,16,0
1783016033.054,1925.872,300.0,79.14,100,63,89,3721.6,3113.6,300.9,79.15,100,62,85,3532.1,4590.7,291.6,79.15,100,54,89,3908.8,4248.2,277.1,79.14,100,56,85,3985.4,4712.5,93.0,16,0
1783016033.497,1926.315,300.0,79.14,100,63,89,3308.2,3218.7,300.7,79.15,100,63,85,3925.4,4412.0,291.5,79.15,100,55,89,3615.0,4511.7,277.1,79.14,100,57,86,3944.2,4285.4,93.0,16,0
1783016033.939,1926.757,300.0,79.14,100,63,89,3773.7,3178.5,301.2,79.15,100,63,85,3781.9,3957.8,292.0,79.15,100,54,89,3953.3,4554.3,277.5,79.14,100,56,85,3519.6,4296.0,93.0,16,0
1783016034.381,1927.199,300.0,79.14,100,63,89,3652.4,2864.4,301.0,79.15,100,63,85,3946.4,4242.5,292.1,79.15,100,54,89,3936.4,4357.5,277.6,79.14,100,56,86,3946.1,4672.8,93.0,16,0
1783016034.825,1927.643,300.0,79.14,100,63,89,3309.3,3269.1,300.5,79.15,100,62,85,3857.7,4083.3,292.1,79.15,100,54,89,3592.6,4519.9,277.8,79.14,100,57,85,3940.5,4253.9,93.0,16,0
1783016035.267,1928.085,300.0,79.14,100,63,89,3672.4,3240.3,300.5,79.15,100,62,85,3560.5,4137.8,291.6,79.15,100,54,89,4031.9,4534.8,277.8,79.14,100,57,85,3558.2,4689.0,93.0,16,0
1783016035.710,1928.528,300.0,79.14,100,63,89,4523.6,3108.1,300.2,79.15,100,63,85,3826.5,4252.5,292.1,79.15,100,55,89,3908.3,4655.6,277.9,79.14,100,56,86,3960.1,4743.5,93.0,16,0
1783016036.161,1928.978,300.1,79.14,100,63,89,3582.9,3011.0,300.3,79.15,100,63,85,3869.7,4269.6,292.4,79.15,100,55,89,3645.0,4635.4,278.3,79.14,100,57,86,3857.1,4406.4,93.0,16,0
1783016036.603,1929.421,300.1,79.14,100,63,89,3709.6,3133.3,300.3,79.15,100,63,85,3547.5,4329.3,292.7,79.15,100,54,89,3965.1,5167.4,278.1,79.14,100,56,86,3563.7,4954.0,93.0,16,0
1783016037.051,1929.869,300.0,79.14,100,63,89,3630.3,3098.5,300.0,79.15,100,63,85,3534.2,4141.7,292.5,79.15,100,54,89,3920.1,4452.7,278.0,79.14,100,56,86,4011.9,4616.9,93.0,16,0
1783016037.492,1930.310,299.9,79.14,100,62,89,3270.9,3176.8,299.7,79.15,100,63,85,3841.7,4186.3,291.9,79.15,100,54,89,3696.1,4766.2,277.6,79.14,100,57,85,3883.5,4427.2,93.0,16,0
1783016037.933,1930.751,300.0,79.14,100,63,89,3742.1,3018.4,299.9,79.15,100,63,85,3646.4,4122.8,291.9,79.15,100,54,89,3918.6,4144.3,277.2,79.14,100,56,85,4013.8,4477.7,94.0,16,0
1783016038.377,1931.195,300.0,79.14,100,63,89,3647.6,2870.5,300.1,79.15,100,63,85,3877.7,4577.0,292.3,79.15,100,55,89,3608.4,4421.2,277.4,79.14,100,57,86,3883.7,4321.4,94.0,16,0
1783016038.819,1931.637,300.1,79.14,100,63,89,3381.5,3255.1,300.0,79.15,100,63,85,3834.5,3990.2,292.3,79.15,100,55,89,3989.8,4913.3,277.4,79.14,100,57,86,3803.5,4575.9,94.0,16,0
1783016039.263,1932.081,300.1,79.14,100,63,89,3625.3,2934.1,300.0,79.15,100,63,85,3589.9,4162.1,292.3,79.15,100,54,89,3952.2,4423.0,277.7,79.14,100,57,85,3964.1,4791.4,94.0,16,0
1783016039.706,1932.523,300.0,79.14,100,63,89,3346.3,3447.0,300.1,79.15,100,63,85,4221.9,4584.3,292.6,79.15,100,55,89,3736.1,5329.6,277.9,79.14,100,57,85,3956.5,4845.2,94.0,16,0
1783016040.162,1932.980,300.0,79.14,100,63,89,3347.8,3248.2,300.2,79.15,100,63,85,3843.6,4096.8,292.6,79.15,100,55,89,3967.7,4619.8,278.0,79.14,100,57,85,3829.1,4093.6,94.0,16,0
1783016040.605,1933.423,300.0,79.14,100,63,89,3760.3,3160.0,300.2,79.15,100,63,85,3557.1,4046.0,292.6,79.15,100,55,89,3965.4,5400.1,278.0,79.14,100,57,86,3641.6,4468.0,94.0,16,0
1783016041.056,1933.874,300.0,79.14,100,64,89,3801.6,3127.7,300.1,79.15,100,63,85,3537.2,4009.7,292.8,79.15,100,54,89,3946.9,4237.7,278.0,79.14,100,56,85,3963.8,4852.1,94.0,16,0
1783016041.499,1934.317,300.0,79.14,100,63,89,3275.0,3178.8,299.9,79.15,100,62,85,3877.9,4415.1,292.6,79.15,100,54,89,3628.5,4612.1,278.0,79.14,100,57,86,3978.7,4491.7,94.0,16,0
1783016041.940,1934.758,300.0,79.14,100,63,89,3667.4,3342.8,300.0,79.15,100,63,85,3583.4,4259.0,292.5,79.15,100,54,89,3925.9,4913.2,277.8,79.14,100,57,86,3615.8,4645.7,94.0,16,0
1783016042.384,1935.202,300.0,79.14,100,64,89,3589.8,2848.9,300.4,79.15,100,63,85,3874.2,4344.1,293.4,79.15,100,55,89,3588.4,4436.0,278.5,79.14,100,57,86,3946.4,4253.2,94.0,16,0
1783016042.826,1935.644,300.0,79.14,100,63,89,3476.3,3181.0,300.2,79.15,100,63,85,3806.1,3999.0,293.4,79.15,100,55,89,3948.6,4845.2,278.3,79.14,100,57,86,3568.3,4524.2,94.0,16,0
1783016043.268,1936.086,300.0,79.14,100,63,89,3605.1,2788.5,300.2,79.15,100,63,85,3860.9,4480.4,293.3,79.15,100,55,89,3572.2,4749.1,278.3,79.14,100,57,86,3950.9,4495.1,94.0,16,0
1783016043.711,1936.529,300.0,79.14,100,63,89,3593.1,3227.1,300.0,79.15,100,63,85,4640.4,4580.5,293.1,79.15,100,55,89,3663.3,4532.0,278.2,79.14,100,56,86,3976.5,4477.6,94.0,16,0
1783016044.166,1936.983,300.1,79.14,100,64,89,3381.0,3117.3,300.0,79.15,100,64,85,3857.1,4274.2,293.4,79.15,100,55,89,3989.8,5014.3,278.6,79.14,100,57,86,3595.6,4664.6,94.0,16,0
1783016044.608,1937.426,300.0,79.14,100,64,89,3584.7,2810.8,300.1,79.15,100,63,85,3854.3,4291.5,293.7,79.15,100,55,89,3572.9,4473.2,278.7,79.14,100,57,86,3938.2,5504.0,94.0,16,0
1783016045.055,1937.873,300.0,79.14,100,64,89,3302.9,3209.4,300.2,79.15,100,63,85,3879.4,4112.9,294.3,79.15,100,55,89,3953.5,4769.2,278.9,79.14,100,57,86,3803.1,4296.6,94.0,16,0
1783016045.496,1938.314,300.0,79.14,100,63,89,3686.0,3023.3,300.0,79.15,100,63,85,3590.0,4157.0,294.5,79.15,100,55,89,3952.8,4373.2,278.9,79.14,100,57,86,3972.7,4809.3,94.0,16,0
1783016045.939,1938.757,300.0,79.14,100,63,89,3297.1,3129.3,299.8,79.15,100,63,85,3945.2,4351.9,294.0,79.15,100,55,89,3585.9,4731.2,278.6,79.14,100,57,86,3958.0,4299.3,94.0,16,0
1783016046.381,1939.199,300.0,79.14,100,64,89,3710.6,2995.7,300.1,79.15,100,64,85,3528.0,4209.2,294.1,79.15,100,55,89,3923.0,4569.4,279.1,79.14,100,58,86,3885.5,4792.4,94.0,16,0
1783016046.823,1939.641,299.9,79.14,100,64,89,3238.1,3517.3,300.5,79.15,100,64,85,3862.9,4092.7,294.1,79.15,100,55,89,3653.2,4656.3,279.9,79.14,100,57,86,3916.4,4882.4,94.0,16,0
1783016047.270,1940.088,299.9,79.14,100,64,89,3757.1,3145.1,300.5,79.15,100,64,85,3485.2,4033.2,294.4,79.15,100,56,89,3969.0,4574.3,279.9,79.14,100,57,86,3597.5,4554.8,94.0,16,0
1783016047.713,1940.531,300.0,79.14,100,63,89,3633.1,2892.9,300.0,79.15,100,63,85,3965.9,4300.9,294.3,79.15,100,55,89,3634.7,4496.2,279.5,79.14,100,57,86,3902.6,5003.4,94.0,16,0
1783016048.158,1940.976,300.1,79.14,100,63,89,3312.1,3221.3,299.6,79.15,100,63,85,3868.6,4028.0,293.6,79.15,100,54,89,3954.0,4840.9,278.5,79.14,100,57,86,3590.3,4515.2,94.0,16,0
1783016048.599,1941.416,300.0,79.14,100,63,89,3715.1,3002.8,299.4,79.15,100,63,85,3534.2,4335.6,293.3,79.15,100,55,89,3965.7,4402.1,278.1,79.14,100,56,86,4412.9,4839.6,94.0,16,0
1783016049.041,1941.859,299.9,79.14,100,64,89,3362.1,3232.5,299.8,79.15,100,63,85,3863.7,3855.1,293.0,79.15,100,55,89,3928.5,4810.8,278.1,79.14,100,57,86,3872.4,4221.9,95.0,16,0
1783016049.482,1942.300,300.0,79.14,100,63,89,3699.5,3089.9,299.9,79.15,100,63,85,3566.9,4280.0,293.0,79.15,100,54,89,3916.2,4382.5,278.2,79.14,100,56,86,3974.9,4901.3,95.0,16,0
1783016049.922,1942.739,300.0,79.14,100,64,89,3518.0,3649.3,300.2,79.15,100,64,85,3915.2,4224.5,293.5,79.15,100,55,89,4010.2,4627.8,278.5,79.14,100,57,86,3914.8,4337.2,95.0,16,0
1783016050.367,1943.184,300.1,79.14,100,63,89,3641.6,3070.7,300.3,79.15,100,63,85,3499.2,4197.5,294.0,79.15,100,55,89,3959.5,4295.2,279.1,79.14,100,57,86,4010.0,4702.8,95.0,16,0
1783016050.807,1943.625,299.9,79.14,100,63,89,3348.4,3216.8,300.3,79.15,100,63,85,3877.4,4537.8,294.0,79.15,100,55,89,3679.0,4367.5,279.1,79.14,100,57,86,4006.8,4292.2,95.0,16,0
1783016051.251,1944.069,299.9,79.14,100,63,89,3800.1,3135.0,300.0,79.15,100,63,85,3460.2,4361.3,293.7,79.15,100,55,89,3971.2,4680.0,278.5,79.14,100,57,86,3644.0,4608.8,95.0,16,0
1783016051.694,1944.512,299.9,79.14,100,64,89,3636.4,2885.8,300.0,79.15,100,63,85,3979.6,4559.7,293.5,79.15,100,55,89,3956.4,4165.8,278.5,79.14,100,57,86,3995.7,4930.1,95.0,16,0
1783016052.142,1944.960,300.0,79.14,100,63,89,3262.2,3141.5,300.1,79.15,100,63,85,3856.8,4281.5,293.8,79.15,100,54,89,3668.2,4551.2,278.5,79.14,100,57,86,3858.1,4284.9,95.0,16,0
1783016052.584,1945.402,300.0,79.14,100,63,89,3668.5,3029.6,300.2,79.15,100,63,85,3562.6,4072.7,294.1,79.15,100,55,89,3994.8,4582.5,278.4,79.14,100,57,86,4302.3,5037.9,95.0,16,0
1783016053.027,1945.845,300.0,79.14,100,63,89,3603.1,2857.0,300.1,79.15,100,63,85,3855.3,4313.0,294.2,79.15,100,55,89,3551.8,4623.3,278.7,79.14,100,58,86,3955.1,4332.2,95.0,16,0
1783016053.469,1946.287,300.0,79.14,100,63,89,3724.1,3097.2,300.0,79.15,100,63,86,3519.2,4292.2,294.0,79.15,100,54,89,3964.6,4708.0,278.7,79.14,100,57,86,3646.8,4652.9,95.0,16,0
1783016053.911,1946.729,300.0,79.14,100,63,89,3601.1,2934.7,300.0,79.15,100,63,85,3965.8,4768.6,293.7,79.15,100,54,89,3954.9,4415.1,278.4,79.14,100,56,86,3878.7,4885.5,95.0,16,0
1783016054.358,1947.176,300.0,79.14,100,64,89,3267.6,3211.6,299.9,79.15,100,63,85,3842.6,4350.4,293.3,79.15,100,55,89,3996.6,4772.5,278.5,79.14,100,58,86,3530.3,4670.9,95.0,16,0
1783016054.800,1947.618,300.0,79.14,100,63,89,3643.2,3056.9,299.9,79.15,100,63,85,3532.7,4080.5,293.3,79.15,100,55,89,3908.2,4470.6,278.5,79.14,100,58,86,3974.2,4990.7,95.0,16,0
1783016055.243,1948.061,300.0,79.14,100,63,89,3264.4,3262.1,299.9,79.15,100,63,85,3855.9,4120.6,293.8,79.15,100,55,89,3960.1,4936.9,278.6,79.14,100,57,86,3894.7,4337.6,95.0,16,0
1783016055.685,1948.503,300.0,79.14,100,64,89,3704.4,3102.4,300.4,79.15,100,64,85,3720.3,4064.2,294.4,79.15,100,55,89,3928.0,4339.8,278.8,79.14,100,57,86,3723.7,4506.9,95.0,16,0
1783016056.131,1948.949,300.0,79.14,100,64,89,3582.2,2858.2,300.2,79.15,100,63,86,3872.6,4529.4,294.2,79.15,100,55,89,3665.7,4536.0,278.6,79.14,100,57,86,3894.5,4288.8,95.0,16,0
1783016056.575,1949.393,300.0,79.14,100,63,89,3697.7,3184.9,300.1,79.15,100,64,85,3729.2,3882.5,294.1,79.15,100,55,89,3913.1,4896.5,278.2,79.14,100,57,86,3676.3,4426.8,95.0,16,0
1783016057.017,1949.835,300.0,79.14,100,63,89,3584.0,2799.8,300.2,79.15,100,63,85,3885.0,4445.9,294.2,79.15,100,55,89,3626.0,4498.4,278.6,79.14,100,57,86,3890.3,4514.7,95.0,16,0
1783016057.458,1950.276,300.0,79.14,100,64,89,3683.1,3175.3,300.1,79.15,100,63,86,3892.3,4091.7,294.3,79.15,100,55,89,3993.1,4941.3,279.0,79.14,100,57,86,3638.0,4527.1,95.0,16,0
1783016057.902,1950.720,300.0,79.14,100,64,89,3552.9,2892.2,299.9,79.15,100,64,86,4310.3,4239.8,294.5,79.15,100,55,89,3866.4,4247.0,278.9,79.14,100,57,86,4030.1,4965.5,95.0,16,0
1783016058.348,1951.166,300.0,79.14,100,63,89,3340.6,3240.4,299.6,79.15,100,63,86,3902.2,4228.3,293.8,79.15,100,55,89,3537.7,4474.6,278.6,79.14,100,56,86,3834.4,4472.1,95.0,16,0
1783016058.791,1951.609,300.0,79.14,100,63,89,3798.0,3046.9,299.6,79.15,100,63,86,3523.0,4207.7,293.8,79.15,100,55,89,3933.5,4673.2,278.6,79.14,100,56,86,3753.6,4745.9,95.0,16,0
1783016059.235,1952.053,300.0,79.14,100,63,89,3582.2,2794.0,300.0,79.15,100,63,85,3877.9,4421.5,293.7,79.15,100,54,89,3596.6,4438.4,278.5,79.14,100,57,86,3914.0,4449.2,95.0,16,0
1783016059.678,1952.496,300.0,79.14,100,64,89,3352.9,3203.2,299.9,79.15,100,63,86,3980.4,4043.3,293.9,79.15,100,55,89,4041.0,4658.9,278.6,79.14,100,57,86,3769.6,4178.8,95.0,16,0
1783016060.124,1952.942,300.0,79.14,100,63,89,3702.8,3140.0,299.8,79.15,100,63,86,3605.7,4126.3,293.7,79.15,100,55,89,3922.9,4356.7,278.1,79.14,100,57,86,3911.0,2713.7,96.0,16,0
1783016060.569,1953.387,300.0,79.14,96,61,89,2.9,0.5,294.3,79.15,60,38,86,0.6,0.5,280.7,79.15,13,7,87,0.6,0.5,254.1,79.14,0,0,83,0.6,0.8,96.0,16,0
