{
  "num_samples": 1783,
  "duration_s": 765.6803846359253,
  "mean_power_w": 827.4759467190129,
  "max_power_w": 1025.243,
  "min_power_w": 88.782,
  "p50_power_w": 827.255,
  "p95_power_w": 1000.054,
  "mean_gpu_util_pct": 92.55131800336511,
  "max_gpu_util_pct": 100.0,
  "mean_gpu_mem_bw_util_pct": 30.008272574312954,
  "max_gpu_mem_bw_util_pct": 59.25,
  "mean_gpu_mem_used_gb": 367.381103515625,
  "max_gpu_mem_used_gb": 367.381103515625,
  "mean_gpu_temp_c": 85.96186203028603,
  "max_gpu_temp_c": 92.0,
  "mean_pcie_tx_mb_s": 51468.66027729336,
  "max_pcie_tx_mb_s": 130578.7119140625,
  "mean_pcie_rx_mb_s": 45711.0546727119,
  "max_pcie_rx_mb_s": 113421.0322265625,
  "mean_kv_cache_pct": 45.31909107904621,
  "max_kv_cache_pct": 73.63636363636363,
  "p50_kv_cache_pct": 47.42424242424242,
  "p95_kv_cache_pct": 72.72727272727273,
  "mean_requests_running": 16.263600673022996,
  "max_requests_running": 24.0,
  "mean_requests_waiting": 3.644980370162647,
  "max_requests_waiting": 19.0
}