{
  "num_samples": 928,
  "duration_s": 415.4350905418396,
  "mean_power_w": 955.9633459051724,
  "max_power_w": 1043.748,
  "min_power_w": 330.984,
  "p50_power_w": 999.898,
  "p95_power_w": 1036.165,
  "mean_gpu_util_pct": 95.95608836206897,
  "max_gpu_util_pct": 100.0,
  "mean_gpu_mem_bw_util_pct": 30.50053879310345,
  "max_gpu_mem_bw_util_pct": 42.25,
  "mean_gpu_mem_used_gb": 343.688232421875,
  "max_gpu_mem_used_gb": 343.688232421875,
  "mean_gpu_temp_c": 88.25431034482759,
  "max_gpu_temp_c": 92.0,
  "mean_pcie_tx_mb_s": 23218.47937643117,
  "max_pcie_tx_mb_s": 100455.6484375,
  "mean_pcie_rx_mb_s": 30337.25484913793,
  "max_pcie_rx_mb_s": 128310.1962890625,
  "mean_kv_cache_pct": 25.228448275862068,
  "max_kv_cache_pct": 35.0,
  "p50_kv_cache_pct": 31.0,
  "p95_kv_cache_pct": 35.0,
  "mean_requests_running": 11.49676724137931,
  "max_requests_running": 16.0,
  "mean_requests_waiting": 1.9665948275862069,
  "max_requests_waiting": 11.0
}