{
  "num_samples": 135,
  "duration_s": 59.508975982666016,
  "mean_power_w": 620.3992592592592,
  "max_power_w": 914.98,
  "min_power_w": 374.909,
  "p50_power_w": 650.224,
  "p95_power_w": 905.702,
  "mean_gpu_util_pct": 79.45370370370371,
  "max_gpu_util_pct": 100.0,
  "mean_gpu_mem_bw_util_pct": 14.355555555555556,
  "max_gpu_mem_bw_util_pct": 19.5,
  "mean_gpu_mem_used_gb": 332.1988226996528,
  "max_gpu_mem_used_gb": 332.203857421875,
  "mean_gpu_temp_c": 85.01481481481481,
  "max_gpu_temp_c": 88.0,
  "mean_pcie_tx_mb_s": 4225.909114583334,
  "max_pcie_tx_mb_s": 52695.330078125,
  "mean_pcie_rx_mb_s": 5699.47941261574,
  "max_pcie_rx_mb_s": 82151.958984375,
  "mean_kv_cache_pct": 1.9925925925925927,
  "max_kv_cache_pct": 7.000000000000001,
  "p50_kv_cache_pct": 1.0,
  "p95_kv_cache_pct": 4.0,
  "mean_requests_running": 0.9555555555555556,
  "max_requests_running": 1.0,
  "mean_requests_waiting": 0.0,
  "max_requests_waiting": 0.0
}