{
  "num_samples": 939,
  "duration_s": 420.34532022476196,
  "mean_power_w": 775.6976059637913,
  "max_power_w": 1022.921,
  "min_power_w": 113.712,
  "p50_power_w": 970.185,
  "p95_power_w": 1017.463,
  "mean_gpu_util_pct": 95.17092651757189,
  "max_gpu_util_pct": 100.0,
  "mean_gpu_mem_bw_util_pct": 6.878328008519702,
  "max_gpu_mem_bw_util_pct": 19.5,
  "mean_gpu_mem_used_gb": 343.6008056380624,
  "max_gpu_mem_used_gb": 346.289794921875,
  "mean_gpu_temp_c": 84.69009584664536,
  "max_gpu_temp_c": 92.0,
  "mean_pcie_tx_mb_s": 9089.96251934405,
  "max_pcie_tx_mb_s": 61753.9443359375,
  "mean_pcie_rx_mb_s": 12137.888396274295,
  "max_pcie_rx_mb_s": 82358.0478515625,
  "mean_kv_cache_pct": 19.59893048128342,
  "max_kv_cache_pct": 23.0,
  "p50_kv_cache_pct": 21.0,
  "p95_kv_cache_pct": 23.0,
  "mean_requests_running": 0.44385026737967914,
  "max_requests_running": 1.0,
  "mean_requests_waiting": 0.0,
  "max_requests_waiting": 0.0
}