{
  "num_samples": 1840,
  "duration_s": 790.5326738357544,
  "mean_power_w": 827.9948690217391,
  "max_power_w": 1027.323,
  "min_power_w": 89.359,
  "p50_power_w": 831.277,
  "p95_power_w": 1000.047,
  "mean_gpu_util_pct": 92.71453804347826,
  "max_gpu_util_pct": 100.0,
  "mean_gpu_mem_bw_util_pct": 29.095244565217392,
  "max_gpu_mem_bw_util_pct": 59.75,
  "mean_gpu_mem_used_gb": 367.381103515625,
  "max_gpu_mem_used_gb": 367.381103515625,
  "mean_gpu_temp_c": 86.27934782608696,
  "max_gpu_temp_c": 92.0,
  "mean_pcie_tx_mb_s": 53333.753240170685,
  "max_pcie_tx_mb_s": 135887.8046875,
  "mean_pcie_rx_mb_s": 47403.00544752038,
  "max_pcie_rx_mb_s": 109234.322265625,
  "mean_kv_cache_pct": 75.82402832674572,
  "max_kv_cache_pct": 100.0,
  "p50_kv_cache_pct": 91.21212121212122,
  "p95_kv_cache_pct": 99.24242424242425,
  "mean_requests_running": 27.931521739130435,
  "max_requests_running": 48.0,
  "mean_requests_waiting": 12.325,
  "max_requests_waiting": 41.0
}