{
  "num_samples": 3357,
  "duration_s": 1445.758887052536,
  "mean_power_w": 734.8027378611856,
  "max_power_w": 1016.426,
  "min_power_w": 101.839,
  "p50_power_w": 676.666,
  "p95_power_w": 1000.081,
  "mean_gpu_util_pct": 97.86051534107834,
  "max_gpu_util_pct": 100.0,
  "mean_gpu_mem_bw_util_pct": 16.712317545427464,
  "max_gpu_mem_bw_util_pct": 51.5,
  "mean_gpu_mem_used_gb": 373.09765625,
  "max_gpu_mem_used_gb": 373.09765625,
  "mean_gpu_temp_c": 85.6130473637176,
  "max_gpu_temp_c": 91.0,
  "mean_pcie_tx_mb_s": 59980.91650841525,
  "max_pcie_tx_mb_s": 126679.2021484375,
  "mean_pcie_rx_mb_s": 49873.345899193846,
  "max_pcie_rx_mb_s": 102477.0068359375,
  "mean_kv_cache_pct": 39.224389118809846,
  "max_kv_cache_pct": 58.6839266450917,
  "p50_kv_cache_pct": 43.74213412441568,
  "p95_kv_cache_pct": 57.152328299172964,
  "mean_requests_running": 35.35924932975871,
  "max_requests_running": 48.0,
  "mean_requests_waiting": 6.744414655942806,
  "max_requests_waiting": 42.0
}