{
  "num_samples": 1546,
  "duration_s": 661.8971583843231,
  "mean_power_w": 981.2169391979302,
  "max_power_w": 1045.278,
  "min_power_w": 105.41,
  "p50_power_w": 1035.394,
  "p95_power_w": 1041.712,
  "mean_gpu_util_pct": 95.3148447606727,
  "max_gpu_util_pct": 100.0,
  "mean_gpu_mem_bw_util_pct": 39.2490297542044,
  "max_gpu_mem_bw_util_pct": 45.25,
  "mean_gpu_mem_used_gb": 367.400634765625,
  "max_gpu_mem_used_gb": 367.400634765625,
  "mean_gpu_temp_c": 88.60737386804657,
  "max_gpu_temp_c": 91.0,
  "mean_pcie_tx_mb_s": 19087.61958595266,
  "max_pcie_tx_mb_s": 104770.3671875,
  "mean_pcie_rx_mb_s": 23019.72588850764,
  "max_pcie_rx_mb_s": 86440.09765625,
  "mean_kv_cache_pct": 4.278783958602845,
  "max_kv_cache_pct": 6.212121212121213,
  "p50_kv_cache_pct": 4.848484848484846,
  "p95_kv_cache_pct": 4.848484848484846,
  "mean_requests_running": 3.685640362225097,
  "max_requests_running": 4.0,
  "mean_requests_waiting": 0.0,
  "max_requests_waiting": 0.0
}