{
  "num_samples": 3554,
  "duration_s": 1525.1304512023926,
  "mean_power_w": 777.4973846370287,
  "max_power_w": 1014.2629999999999,
  "min_power_w": 100.77000000000001,
  "p50_power_w": 703.642,
  "p95_power_w": 1000.619,
  "mean_gpu_util_pct": 97.74655317951604,
  "max_gpu_util_pct": 100.0,
  "mean_gpu_mem_bw_util_pct": 21.06851435002814,
  "max_gpu_mem_bw_util_pct": 50.0,
  "mean_gpu_mem_used_gb": 373.09765625,
  "max_gpu_mem_used_gb": 373.09765625,
  "mean_gpu_temp_c": 84.99774901519415,
  "max_gpu_temp_c": 91.0,
  "mean_pcie_tx_mb_s": 58587.55203176659,
  "max_pcie_tx_mb_s": 126196.4853515625,
  "mean_pcie_rx_mb_s": 49584.59715148205,
  "max_pcie_rx_mb_s": 110895.5654296875,
  "mean_kv_cache_pct": 13.403703989528589,
  "max_kv_cache_pct": 19.561308881697226,
  "p50_kv_cache_pct": 13.816972312117947,
  "p95_kv_cache_pct": 19.345559151384396,
  "mean_requests_running": 11.907990996060777,
  "max_requests_running": 16.0,
  "mean_requests_waiting": 1.4597636465953854,
  "max_requests_waiting": 10.0
}