{
  "num_samples": 986,
  "duration_s": 423.0589120388031,
  "mean_power_w": 869.9458803245436,
  "max_power_w": 1025.411,
  "min_power_w": 94.285,
  "p50_power_w": 857.453,
  "p95_power_w": 1000.051,
  "mean_gpu_util_pct": 92.08215010141988,
  "max_gpu_util_pct": 100.0,
  "mean_gpu_mem_bw_util_pct": 33.71830628803245,
  "max_gpu_mem_bw_util_pct": 59.5,
  "mean_gpu_mem_used_gb": 362.19140625,
  "max_gpu_mem_used_gb": 362.19140625,
  "mean_gpu_temp_c": 86.10344827586206,
  "max_gpu_temp_c": 91.0,
  "mean_pcie_tx_mb_s": 38629.1439993899,
  "max_pcie_tx_mb_s": 129456.2138671875,
  "mean_pcie_rx_mb_s": 33859.71195764135,
  "max_pcie_rx_mb_s": 114648.5439453125,
  "mean_kv_cache_pct": 32.7124049486506,
  "max_kv_cache_pct": 55.33185535625258,
  "p50_kv_cache_pct": 33.707424182958,
  "p95_kv_cache_pct": 54.73147136507801,
  "mean_requests_running": 33.699797160243406,
  "max_requests_running": 48.0,
  "mean_requests_waiting": 5.553752535496957,
  "max_requests_waiting": 41.0
}