{
  "num_samples": 443,
  "duration_s": 189.1861596107483,
  "mean_power_w": 871.6377426636569,
  "max_power_w": 941.859,
  "min_power_w": 368.72,
  "p50_power_w": 918.596,
  "p95_power_w": 936.769,
  "mean_gpu_util_pct": 91.17663656884876,
  "max_gpu_util_pct": 99.25,
  "mean_gpu_mem_bw_util_pct": 32.40801354401806,
  "max_gpu_mem_bw_util_pct": 38.75,
  "mean_gpu_mem_used_gb": 334.19140625,
  "max_gpu_mem_used_gb": 334.19140625,
  "mean_gpu_temp_c": 85.94808126410835,
  "max_gpu_temp_c": 89.0,
  "mean_pcie_tx_mb_s": 40382.75932694342,
  "max_pcie_tx_mb_s": 86657.9990234375,
  "mean_pcie_rx_mb_s": 33573.21684757689,
  "max_pcie_rx_mb_s": 66106.9609375,
  "mean_kv_cache_pct": 7.897265526391192,
  "max_kv_cache_pct": 13.807982740021574,
  "p50_kv_cache_pct": 10.11776339446242,
  "p95_kv_cache_pct": 13.448399856166848,
  "mean_requests_running": 58.53047404063206,
  "max_requests_running": 64.0,
  "mean_requests_waiting": 0.0,
  "max_requests_waiting": 0.0
}