{
  "num_samples": 4896,
  "duration_s": 2090.7816507816315,
  "mean_power_w": 997.7937820669935,
  "max_power_w": 1073.387,
  "min_power_w": 89.41900000000001,
  "p50_power_w": 1057.922,
  "p95_power_w": 1065.174,
  "mean_gpu_util_pct": 95.33062704248366,
  "max_gpu_util_pct": 100.0,
  "mean_gpu_mem_bw_util_pct": 35.25357434640523,
  "max_gpu_mem_bw_util_pct": 41.75,
  "mean_gpu_mem_used_gb": 367.400634765625,
  "max_gpu_mem_used_gb": 367.400634765625,
  "mean_gpu_temp_c": 88.00367647058823,
  "max_gpu_temp_c": 92.0,
  "mean_pcie_tx_mb_s": 18712.258715860204,
  "max_pcie_tx_mb_s": 105886.10546875,
  "mean_pcie_rx_mb_s": 17276.91604354958,
  "max_pcie_rx_mb_s": 88015.6240234375,
  "mean_kv_cache_pct": 2.197248217468806,
  "max_kv_cache_pct": 3.4848484848484795,
  "p50_kv_cache_pct": 2.8787878787878807,
  "p95_kv_cache_pct": 3.0303030303030276,
  "mean_requests_running": 0.7510212418300654,
  "max_requests_running": 1.0,
  "mean_requests_waiting": 0.0,
  "max_requests_waiting": 0.0
}