{
  "num_samples": 1862,
  "duration_s": 645.8652377128601,
  "mean_power_w": 572.3641407089151,
  "max_power_w": 608.4000000000001,
  "min_power_w": 49.807,
  "p50_power_w": 599.9870000000001,
  "p95_power_w": 601.38,
  "mean_gpu_util_pct": 94.05075187969925,
  "max_gpu_util_pct": 100.0,
  "mean_gpu_mem_bw_util_pct": 54.32491944146079,
  "max_gpu_mem_bw_util_pct": 73.5,
  "mean_gpu_mem_used_gb": 176.45361328125,
  "max_gpu_mem_used_gb": 176.45361328125,
  "mean_gpu_temp_c": 85.2266380236305,
  "max_gpu_temp_c": 91.0,
  "mean_pcie_tx_mb_s": 8535.142751724456,
  "max_pcie_tx_mb_s": 71310.044921875,
  "mean_pcie_rx_mb_s": 8500.617272464084,
  "max_pcie_rx_mb_s": 54697.9697265625,
  "mean_kv_cache_pct": 79.82708037330477,
  "max_kv_cache_pct": 99.6260969095765,
  "p50_kv_cache_pct": 94.49828309805419,
  "p95_kv_cache_pct": 99.16825639069057,
  "mean_requests_running": 10.584317937701396,
  "max_requests_running": 16.0,
  "mean_requests_waiting": 0.0,
  "max_requests_waiting": 0.0
}