{
  "num_samples": 22153,
  "duration_s": 9470.510869264603,
  "mean_power_w": 923.2742733264117,
  "max_power_w": 1027.339,
  "min_power_w": 84.539,
  "p50_power_w": 889.289,
  "p95_power_w": 1000.075,
  "mean_gpu_util_pct": 98.35750236988218,
  "max_gpu_util_pct": 100.0,
  "mean_gpu_mem_bw_util_pct": 29.926522367173746,
  "max_gpu_mem_bw_util_pct": 52.5,
  "mean_gpu_mem_used_gb": 373.09765625,
  "max_gpu_mem_used_gb": 373.09765625,
  "mean_gpu_temp_c": 87.23179704780391,
  "max_gpu_temp_c": 92.0,
  "mean_pcie_tx_mb_s": 33894.06271221378,
  "max_pcie_tx_mb_s": 131636.8330078125,
  "mean_pcie_rx_mb_s": 28361.237761912536,
  "max_pcie_rx_mb_s": 103513.02734375,
  "mean_kv_cache_pct": 2.3079720493576974,
  "max_kv_cache_pct": 4.674577490111476,
  "p50_kv_cache_pct": 0.0,
  "p95_kv_cache_pct": 4.667835311039193,
  "mean_requests_running": 0.49749469597797136,
  "max_requests_running": 1.0,
  "mean_requests_waiting": 0.0,
  "max_requests_waiting": 0.0
}