{
  "num_samples": 462,
  "duration_s": 197.44752311706543,
  "mean_power_w": 944.6359956709957,
  "max_power_w": 1023.978,
  "min_power_w": 347.703,
  "p50_power_w": 999.972,
  "p95_power_w": 1000.06,
  "mean_gpu_util_pct": 90.25432900432901,
  "max_gpu_util_pct": 99.0,
  "mean_gpu_mem_bw_util_pct": 41.39935064935065,
  "max_gpu_mem_bw_util_pct": 48.5,
  "mean_gpu_mem_used_gb": 326.48828125,
  "max_gpu_mem_used_gb": 326.48828125,
  "mean_gpu_temp_c": 86.91991341991341,
  "max_gpu_temp_c": 89.0,
  "mean_pcie_tx_mb_s": 12196.69790821158,
  "max_pcie_tx_mb_s": 28132.875,
  "mean_pcie_rx_mb_s": 11507.215450402462,
  "max_pcie_rx_mb_s": 17159.806640625,
  "mean_kv_cache_pct": 5.470060402543722,
  "max_kv_cache_pct": 8.14655309579625,
  "p50_kv_cache_pct": 6.9924580738917825,
  "p95_kv_cache_pct": 8.020323952775454,
  "mean_requests_running": 20.244588744588743,
  "max_requests_running": 24.0,
  "mean_requests_waiting": 0.0,
  "max_requests_waiting": 0.0
}