{
  "num_samples": 2162,
  "duration_s": 978.9896190166473,
  "mean_power_w": 934.092131359852,
  "max_power_w": 1099.596,
  "min_power_w": 100.687,
  "p50_power_w": 945.361,
  "p95_power_w": 1082.844,
  "mean_gpu_util_pct": 96.44565217391305,
  "max_gpu_util_pct": 100.0,
  "mean_gpu_mem_bw_util_pct": 23.40471785383904,
  "max_gpu_mem_bw_util_pct": 38.5,
  "mean_gpu_mem_used_gb": 343.742919921875,
  "max_gpu_mem_used_gb": 343.742919921875,
  "mean_gpu_temp_c": 88.48103607770582,
  "max_gpu_temp_c": 92.0,
  "mean_pcie_tx_mb_s": 33065.67531013312,
  "max_pcie_tx_mb_s": 108662.5791015625,
  "mean_pcie_rx_mb_s": 44823.36783342247,
  "max_pcie_rx_mb_s": 148091.04296875,
  "mean_kv_cache_pct": 58.28113382899628,
  "max_kv_cache_pct": 99.0,
  "p50_kv_cache_pct": 47.0,
  "p95_kv_cache_pct": 99.0,
  "mean_requests_running": 24.689126394052046,
  "max_requests_running": 64.0,
  "mean_requests_waiting": 25.599442379182157,
  "max_requests_waiting": 61.0
}