{
  "num_samples": 1404,
  "duration_s": 599.6578829288483,
  "mean_power_w": 948.0221182336182,
  "max_power_w": 990.783,
  "min_power_w": 254.27100000000002,
  "p50_power_w": 981.265,
  "p95_power_w": 986.693,
  "mean_gpu_util_pct": 96.25373931623932,
  "max_gpu_util_pct": 100.0,
  "mean_gpu_mem_bw_util_pct": 38.87749287749288,
  "max_gpu_mem_bw_util_pct": 42.5,
  "mean_gpu_mem_used_gb": 367.381103515625,
  "max_gpu_mem_used_gb": 367.381103515625,
  "mean_gpu_temp_c": 86.95584045584046,
  "max_gpu_temp_c": 90.0,
  "mean_pcie_tx_mb_s": 13478.193233479122,
  "max_pcie_tx_mb_s": 87500.341796875,
  "mean_pcie_rx_mb_s": 19474.9195713141,
  "max_pcie_rx_mb_s": 75417.111328125,
  "mean_kv_cache_pct": 3.4002417335750676,
  "max_kv_cache_pct": 5.000000000000004,
  "p50_kv_cache_pct": 3.6363636363636376,
  "p95_kv_cache_pct": 3.6363636363636376,
  "mean_requests_running": 3.8076923076923075,
  "max_requests_running": 4.0,
  "mean_requests_waiting": 0.0,
  "max_requests_waiting": 0.0
}