{
  "num_samples": 866,
  "duration_s": 370.2009947299957,
  "mean_power_w": 961.4887886836028,
  "max_power_w": 1028.099,
  "min_power_w": 374.617,
  "p50_power_w": 999.973,
  "p95_power_w": 1003.4770000000001,
  "mean_gpu_util_pct": 95.28521939953811,
  "max_gpu_util_pct": 100.0,
  "mean_gpu_mem_bw_util_pct": 43.445438799076214,
  "max_gpu_mem_bw_util_pct": 48.25,
  "mean_gpu_mem_used_gb": 313.72853423156033,
  "max_gpu_mem_used_gb": 314.041259765625,
  "mean_gpu_temp_c": 87.6593533487298,
  "max_gpu_temp_c": 90.0,
  "mean_pcie_tx_mb_s": 16134.092815161302,
  "max_pcie_tx_mb_s": 92433.986328125,
  "mean_pcie_rx_mb_s": 25451.00767266888,
  "max_pcie_rx_mb_s": 75021.74609375,
  "mean_kv_cache_pct": 5.633354328504439,
  "max_kv_cache_pct": 9.24242424242424,
  "p50_kv_cache_pct": 6.060606060606055,
  "p95_kv_cache_pct": 6.060606060606055,
  "mean_requests_running": 7.602771362586605,
  "max_requests_running": 8.0,
  "mean_requests_waiting": 0.0,
  "max_requests_waiting": 0.0
}