{
  "num_samples": 463,
  "duration_s": 198.17381119728088,
  "mean_power_w": 1071.8682375809935,
  "max_power_w": 1206.767,
  "min_power_w": 385.88,
  "p50_power_w": 1186.406,
  "p95_power_w": 1200.6280000000002,
  "mean_gpu_util_pct": 92.3731101511879,
  "max_gpu_util_pct": 100.0,
  "mean_gpu_mem_bw_util_pct": 48.37580993520518,
  "max_gpu_mem_bw_util_pct": 61.0,
  "mean_gpu_mem_used_gb": 367.400634765625,
  "max_gpu_mem_used_gb": 367.400634765625,
  "mean_gpu_temp_c": 89.79049676025917,
  "max_gpu_temp_c": 92.0,
  "mean_pcie_tx_mb_s": 33858.56331204441,
  "max_pcie_tx_mb_s": 137428.091796875,
  "mean_pcie_rx_mb_s": 36625.177941077214,
  "max_pcie_rx_mb_s": 104968.5380859375,
  "mean_kv_cache_pct": 28.76398978990772,
  "max_kv_cache_pct": 36.36363636363637,
  "p50_kv_cache_pct": 36.36363636363637,
  "p95_kv_cache_pct": 36.36363636363637,
  "mean_requests_running": 39.52699784017279,
  "max_requests_running": 48.0,
  "mean_requests_waiting": 0.9676025917926566,
  "max_requests_waiting": 14.0
}