{
  "num_samples": 12626,
  "duration_s": 5427.369823694229,
  "mean_power_w": 867.8034149374307,
  "max_power_w": 1022.751,
  "min_power_w": 84.81700000000001,
  "p50_power_w": 862.472,
  "p95_power_w": 999.996,
  "mean_gpu_util_pct": 98.56492555045145,
  "max_gpu_util_pct": 100.0,
  "mean_gpu_mem_bw_util_pct": 15.546590369079677,
  "max_gpu_mem_bw_util_pct": 62.75,
  "mean_gpu_mem_used_gb": 373.09765625,
  "max_gpu_mem_used_gb": 373.09765625,
  "mean_gpu_temp_c": 87.40796768572787,
  "max_gpu_temp_c": 94.0,
  "mean_pcie_tx_mb_s": 59093.331462529575,
  "max_pcie_tx_mb_s": 146902.4814453125,
  "mean_pcie_rx_mb_s": 49166.81994371733,
  "max_pcie_rx_mb_s": 113736.2060546875,
  "mean_kv_cache_pct": 84.39541834442343,
  "max_kv_cache_pct": 98.09758180510609,
  "p50_kv_cache_pct": 92.70833333333334,
  "p95_kv_cache_pct": 97.89306903991371,
  "mean_requests_running": 18.51809900990099,
  "max_requests_running": 24.0,
  "mean_requests_waiting": 3.0863366336633664,
  "max_requests_waiting": 20.0
}