{
  "num_samples": 2345,
  "duration_s": 813.3835344314575,
  "mean_power_w": 578.687121108742,
  "max_power_w": 606.306,
  "min_power_w": 50.129000000000005,
  "p50_power_w": 599.992,
  "p95_power_w": 602.335,
  "mean_gpu_util_pct": 94.68336886993603,
  "max_gpu_util_pct": 100.0,
  "mean_gpu_mem_bw_util_pct": 51.01300639658849,
  "max_gpu_mem_bw_util_pct": 62.5,
  "mean_gpu_mem_used_gb": 176.45361328125,
  "max_gpu_mem_used_gb": 176.45361328125,
  "mean_gpu_temp_c": 85.69125799573561,
  "max_gpu_temp_c": 90.0,
  "mean_pcie_tx_mb_s": 6397.523886843684,
  "max_pcie_tx_mb_s": 55786.6767578125,
  "mean_pcie_rx_mb_s": 6727.783759078491,
  "max_pcie_rx_mb_s": 57829.8671875,
  "mean_kv_cache_pct": 28.300616067208512,
  "max_kv_cache_pct": 33.20869896985883,
  "p50_kv_cache_pct": 31.835177413201066,
  "p95_kv_cache_pct": 33.086608164822586,
  "mean_requests_running": 3.5872068230277185,
  "max_requests_running": 4.0,
  "mean_requests_waiting": 0.0,
  "max_requests_waiting": 0.0
}