{
  "num_samples": 1869,
  "duration_s": 649.6142973899841,
  "mean_power_w": 571.386140716961,
  "max_power_w": 608.013,
  "min_power_w": 49.743,
  "p50_power_w": 599.9839999999999,
  "p95_power_w": 601.2560000000001,
  "mean_gpu_util_pct": 93.80497592295345,
  "max_gpu_util_pct": 100.0,
  "mean_gpu_mem_bw_util_pct": 53.794810058855006,
  "max_gpu_mem_bw_util_pct": 73.0,
  "mean_gpu_mem_used_gb": 176.45361328125,
  "max_gpu_mem_used_gb": 176.45361328125,
  "mean_gpu_temp_c": 85.60727661851257,
  "max_gpu_temp_c": 91.0,
  "mean_pcie_tx_mb_s": 8732.684706686396,
  "max_pcie_tx_mb_s": 60202.4208984375,
  "mean_pcie_rx_mb_s": 8611.299062207398,
  "max_pcie_rx_mb_s": 61136.8828125,
  "mean_kv_cache_pct": 79.22812187605194,
  "max_kv_cache_pct": 99.6260969095765,
  "p50_kv_cache_pct": 94.68141930560854,
  "p95_kv_cache_pct": 99.16825639069057,
  "mean_requests_running": 11.085607276618513,
  "max_requests_running": 24.0,
  "mean_requests_waiting": 0.0,
  "max_requests_waiting": 0.0
}