{
  "num_samples": 5433,
  "duration_s": 2419.5810973644257,
  "mean_power_w": 718.5228498067366,
  "max_power_w": 923.307,
  "min_power_w": 200.934,
  "p50_power_w": 708.634,
  "p95_power_w": 843.503,
  "mean_gpu_util_pct": 98.49291367568563,
  "max_gpu_util_pct": 100.0,
  "mean_gpu_mem_bw_util_pct": 23.292748021351002,
  "max_gpu_mem_bw_util_pct": 24.0,
  "mean_gpu_mem_used_gb": 343.688232421875,
  "max_gpu_mem_used_gb": 343.688232421875,
  "mean_gpu_temp_c": 85.9534327259341,
  "max_gpu_temp_c": 89.0,
  "mean_pcie_tx_mb_s": 3892.0766160284948,
  "max_pcie_tx_mb_s": 58463.5751953125,
  "mean_pcie_rx_mb_s": 5083.566358617189,
  "max_pcie_rx_mb_s": 71170.25,
  "mean_kv_cache_pct": 2.390207988220136,
  "max_kv_cache_pct": 60.0,
  "p50_kv_cache_pct": 2.0,
  "p95_kv_cache_pct": 2.0,
  "mean_requests_running": 1.3132707528069207,
  "max_requests_running": 48.0,
  "mean_requests_waiting": 0.0,
  "max_requests_waiting": 0.0
}