{
  "num_samples": 112,
  "duration_s": 49.185744285583496,
  "mean_power_w": 587.9838571428571,
  "max_power_w": 847.909,
  "min_power_w": 352.097,
  "p50_power_w": 647.858,
  "p95_power_w": 661.989,
  "mean_gpu_util_pct": 75.39955357142857,
  "max_gpu_util_pct": 100.0,
  "mean_gpu_mem_bw_util_pct": 15.537946428571429,
  "max_gpu_mem_bw_util_pct": 21.5,
  "mean_gpu_mem_used_gb": 326.94893973214283,
  "max_gpu_mem_used_gb": 327.352294921875,
  "mean_gpu_temp_c": 79.78571428571429,
  "max_gpu_temp_c": 83.0,
  "mean_pcie_tx_mb_s": 2307.726876395089,
  "max_pcie_tx_mb_s": 47468.45703125,
  "mean_pcie_rx_mb_s": 3339.354901994978,
  "max_pcie_rx_mb_s": 95838.4794921875,
  "mean_kv_cache_pct": 0.75,
  "max_kv_cache_pct": 2.0,
  "p50_kv_cache_pct": 0.0,
  "p95_kv_cache_pct": 2.0,
  "mean_requests_running": 0.9821428571428571,
  "max_requests_running": 1.0,
  "mean_requests_waiting": 0.0,
  "max_requests_waiting": 0.0
}