{
  "num_samples": 8244,
  "duration_s": 2834.0963957309723,
  "mean_power_w": 578.3892880883067,
  "max_power_w": 608.1610000000001,
  "min_power_w": 45.338,
  "p50_power_w": 599.9780000000001,
  "p95_power_w": 603.298,
  "mean_gpu_util_pct": 95.54021106259097,
  "max_gpu_util_pct": 100.0,
  "mean_gpu_mem_bw_util_pct": 32.87075448811257,
  "max_gpu_mem_bw_util_pct": 67.5,
  "mean_gpu_mem_used_gb": 176.45361328125,
  "max_gpu_mem_used_gb": 176.45361328125,
  "mean_gpu_temp_c": 87.88937409024746,
  "max_gpu_temp_c": 93.0,
  "mean_pcie_tx_mb_s": 6702.2391316554085,
  "max_pcie_tx_mb_s": 54496.380859375,
  "mean_pcie_rx_mb_s": 6730.522695956908,
  "max_pcie_rx_mb_s": 73960.9697265625,
  "mean_kv_cache_pct": 82.10626449005579,
  "max_kv_cache_pct": 95.23082792827165,
  "p50_kv_cache_pct": 93.97176650133537,
  "p95_kv_cache_pct": 95.03243037008775,
  "mean_requests_running": 3.1598932427514255,
  "max_requests_running": 24.0,
  "mean_requests_waiting": 0.0,
  "max_requests_waiting": 0.0
}