{
  "num_samples": 1003,
  "duration_s": 430.0802869796753,
  "mean_power_w": 867.0941066799601,
  "max_power_w": 1019.833,
  "min_power_w": 91.962,
  "p50_power_w": 856.126,
  "p95_power_w": 1000.053,
  "mean_gpu_util_pct": 91.669740777667,
  "max_gpu_util_pct": 100.0,
  "mean_gpu_mem_bw_util_pct": 33.44117647058823,
  "max_gpu_mem_bw_util_pct": 58.25,
  "mean_gpu_mem_used_gb": 362.19140625,
  "max_gpu_mem_used_gb": 362.19140625,
  "mean_gpu_temp_c": 85.901296111665,
  "max_gpu_temp_c": 91.0,
  "mean_pcie_tx_mb_s": 37871.4043718454,
  "max_pcie_tx_mb_s": 134126.8525390625,
  "mean_pcie_rx_mb_s": 33281.54846495669,
  "max_pcie_rx_mb_s": 110190.9189453125,
  "mean_kv_cache_pct": 28.681539948376948,
  "max_kv_cache_pct": 46.16380087617876,
  "p50_kv_cache_pct": 31.638963435978486,
  "p95_kv_cache_pct": 45.75753397048996,
  "mean_requests_running": 28.99800598205384,
  "max_requests_running": 40.0,
  "mean_requests_waiting": 3.5792622133599203,
  "max_requests_waiting": 33.0
}