{
  "num_samples": 1883,
  "duration_s": 810.3046073913574,
  "mean_power_w": 890.0252889006904,
  "max_power_w": 1025.51,
  "min_power_w": 91.012,
  "p50_power_w": 910.617,
  "p95_power_w": 1000.059,
  "mean_gpu_util_pct": 93.01712692511948,
  "max_gpu_util_pct": 100.0,
  "mean_gpu_mem_bw_util_pct": 29.25199150292087,
  "max_gpu_mem_bw_util_pct": 66.25,
  "mean_gpu_mem_used_gb": 362.19140625,
  "max_gpu_mem_used_gb": 362.19140625,
  "mean_gpu_temp_c": 86.740839086564,
  "max_gpu_temp_c": 92.0,
  "mean_pcie_tx_mb_s": 38643.48901457946,
  "max_pcie_tx_mb_s": 100599.2578125,
  "mean_pcie_rx_mb_s": 33804.78025995337,
  "max_pcie_rx_mb_s": 77555.357421875,
  "mean_kv_cache_pct": 70.06405037416924,
  "max_kv_cache_pct": 99.99893925089899,
  "p50_kv_cache_pct": 90.21246804493333,
  "p95_kv_cache_pct": 99.25429338198636,
  "mean_requests_running": 37.6866702071163,
  "max_requests_running": 80.0,
  "mean_requests_waiting": 26.22039298990972,
  "max_requests_waiting": 72.0
}