{
  "num_samples": 1334,
  "duration_s": 600.4938805103302,
  "mean_power_w": 977.9860577211394,
  "max_power_w": 1163.098,
  "min_power_w": 111.131,
  "p50_power_w": 945.232,
  "p95_power_w": 1143.595,
  "mean_gpu_util_pct": 96.15723388305847,
  "max_gpu_util_pct": 100.0,
  "mean_gpu_mem_bw_util_pct": 26.861131934032983,
  "max_gpu_mem_bw_util_pct": 43.25,
  "mean_gpu_mem_used_gb": 343.6917214000422,
  "max_gpu_mem_used_gb": 343.696044921875,
  "mean_gpu_temp_c": 88.619940029985,
  "max_gpu_temp_c": 92.0,
  "mean_pcie_tx_mb_s": 33587.01286514946,
  "max_pcie_tx_mb_s": 102682.7568359375,
  "mean_pcie_rx_mb_s": 43279.36750008785,
  "max_pcie_rx_mb_s": 128614.919921875,
  "mean_kv_cache_pct": 65.99774605559729,
  "max_kv_cache_pct": 100.0,
  "p50_kv_cache_pct": 74.0,
  "p95_kv_cache_pct": 99.0,
  "mean_requests_running": 36.32982719759579,
  "max_requests_running": 80.0,
  "mean_requests_waiting": 15.77160030052592,
  "max_requests_waiting": 43.0
}