{
  "num_samples": 692,
  "duration_s": 296.2038297653198,
  "mean_power_w": 998.8877066473989,
  "max_power_w": 1201.6100000000001,
  "min_power_w": 108.98400000000001,
  "p50_power_w": 1168.454,
  "p95_power_w": 1200.265,
  "mean_gpu_util_pct": 91.49530346820809,
  "max_gpu_util_pct": 100.0,
  "mean_gpu_mem_bw_util_pct": 40.76336705202312,
  "max_gpu_mem_bw_util_pct": 61.0,
  "mean_gpu_mem_used_gb": 367.400634765625,
  "max_gpu_mem_used_gb": 367.400634765625,
  "mean_gpu_temp_c": 88.3179190751445,
  "max_gpu_temp_c": 92.0,
  "mean_pcie_tx_mb_s": 43537.93441648979,
  "max_pcie_tx_mb_s": 132783.1728515625,
  "mean_pcie_rx_mb_s": 41347.34616882677,
  "max_pcie_rx_mb_s": 106128.5302734375,
  "mean_kv_cache_pct": 28.237651077246454,
  "max_kv_cache_pct": 39.848484848484844,
  "p50_kv_cache_pct": 33.93939393939394,
  "p95_kv_cache_pct": 38.787878787878796,
  "mean_requests_running": 25.637283236994218,
  "max_requests_running": 32.0,
  "mean_requests_waiting": 2.2427745664739884,
  "max_requests_waiting": 20.0
}