{
  "num_samples": 8104,
  "duration_s": 2785.2376832962036,
  "mean_power_w": 577.889659550839,
  "max_power_w": 606.6600000000001,
  "min_power_w": 46.158,
  "p50_power_w": 599.98,
  "p95_power_w": 602.9169999999999,
  "mean_gpu_util_pct": 95.44891411648568,
  "max_gpu_util_pct": 100.0,
  "mean_gpu_mem_bw_util_pct": 33.179232477788744,
  "max_gpu_mem_bw_util_pct": 67.5,
  "mean_gpu_mem_used_gb": 176.45361328125,
  "max_gpu_mem_used_gb": 176.45361328125,
  "mean_gpu_temp_c": 87.76209279368213,
  "max_gpu_temp_c": 93.0,
  "mean_pcie_tx_mb_s": 6856.466416565122,
  "max_pcie_tx_mb_s": 54573.9658203125,
  "mean_pcie_rx_mb_s": 6778.323582249121,
  "max_pcie_rx_mb_s": 54408.083984375,
  "mean_kv_cache_pct": 89.05712761946658,
  "max_kv_cache_pct": 95.23082792827165,
  "p50_kv_cache_pct": 94.26173216329646,
  "p95_kv_cache_pct": 95.04769172071728,
  "mean_requests_running": 2.8531589338598224,
  "max_requests_running": 4.0,
  "mean_requests_waiting": 0.0,
  "max_requests_waiting": 0.0
}