{
  "num_samples": 129,
  "duration_s": 56.467981815338135,
  "mean_power_w": 626.667472868217,
  "max_power_w": 922.655,
  "min_power_w": 370.636,
  "p50_power_w": 660.527,
  "p95_power_w": 908.764,
  "mean_gpu_util_pct": 78.91472868217055,
  "max_gpu_util_pct": 100.0,
  "mean_gpu_mem_bw_util_pct": 13.779069767441861,
  "max_gpu_mem_bw_util_pct": 18.25,
  "mean_gpu_mem_used_gb": 332.1987702125727,
  "max_gpu_mem_used_gb": 332.203857421875,
  "mean_gpu_temp_c": 83.82945736434108,
  "max_gpu_temp_c": 87.0,
  "mean_pcie_tx_mb_s": 4267.571538880814,
  "max_pcie_tx_mb_s": 50193.29296875,
  "mean_pcie_rx_mb_s": 5471.945448764535,
  "max_pcie_rx_mb_s": 68965.294921875,
  "mean_kv_cache_pct": 1.945736434108527,
  "max_kv_cache_pct": 7.000000000000001,
  "p50_kv_cache_pct": 1.0,
  "p95_kv_cache_pct": 4.0,
  "mean_requests_running": 0.9612403100775194,
  "max_requests_running": 1.0,
  "mean_requests_waiting": 0.0,
  "max_requests_waiting": 0.0
}