{
  "num_samples": 4074,
  "duration_s": 1745.6390981674194,
  "mean_power_w": 940.3469965635738,
  "max_power_w": 1073.114,
  "min_power_w": 78.799,
  "p50_power_w": 963.706,
  "p95_power_w": 1066.219,
  "mean_gpu_util_pct": 93.3880706921944,
  "max_gpu_util_pct": 100.0,
  "mean_gpu_mem_bw_util_pct": 27.260309278350515,
  "max_gpu_mem_bw_util_pct": 48.0,
  "mean_gpu_mem_used_gb": 367.400634765625,
  "max_gpu_mem_used_gb": 367.400634765625,
  "mean_gpu_temp_c": 87.25282277859597,
  "max_gpu_temp_c": 93.0,
  "mean_pcie_tx_mb_s": 42990.35990906511,
  "max_pcie_tx_mb_s": 147627.814453125,
  "mean_pcie_rx_mb_s": 38430.62144324144,
  "max_pcie_rx_mb_s": 111449.8115234375,
  "mean_kv_cache_pct": 17.057355588283425,
  "max_kv_cache_pct": 21.969696969696972,
  "p50_kv_cache_pct": 21.06060606060606,
  "p95_kv_cache_pct": 21.363636363636363,
  "mean_requests_running": 3.2488954344624448,
  "max_requests_running": 4.0,
  "mean_requests_waiting": 0.14923907707412862,
  "max_requests_waiting": 1.0
}