{
  "num_samples": 458,
  "duration_s": 196.28210258483887,
  "mean_power_w": 1062.4315305676855,
  "max_power_w": 1209.916,
  "min_power_w": 389.847,
  "p50_power_w": 1182.953,
  "p95_power_w": 1200.672,
  "mean_gpu_util_pct": 92.5278384279476,
  "max_gpu_util_pct": 100.0,
  "mean_gpu_mem_bw_util_pct": 47.09552401746725,
  "max_gpu_mem_bw_util_pct": 61.25,
  "mean_gpu_mem_used_gb": 367.400634765625,
  "max_gpu_mem_used_gb": 367.400634765625,
  "mean_gpu_temp_c": 89.69868995633188,
  "max_gpu_temp_c": 92.0,
  "mean_pcie_tx_mb_s": 39241.79977270401,
  "max_pcie_tx_mb_s": 116768.2197265625,
  "mean_pcie_rx_mb_s": 38746.23008068368,
  "max_pcie_rx_mb_s": 92103.08984375,
  "mean_kv_cache_pct": 42.21781130078073,
  "max_kv_cache_pct": 68.48484848484848,
  "p50_kv_cache_pct": 43.63636363636364,
  "p95_kv_cache_pct": 54.54545454545454,
  "mean_requests_running": 57.97816593886463,
  "max_requests_running": 72.0,
  "mean_requests_waiting": 1.6048034934497817,
  "max_requests_waiting": 27.0
}