{
  "num_samples": 473,
  "duration_s": 202.70455169677734,
  "mean_power_w": 1069.52578012685,
  "max_power_w": 1207.074,
  "min_power_w": 388.126,
  "p50_power_w": 1184.842,
  "p95_power_w": 1200.856,
  "mean_gpu_util_pct": 92.60042283298097,
  "max_gpu_util_pct": 100.0,
  "mean_gpu_mem_bw_util_pct": 48.52272727272727,
  "max_gpu_mem_bw_util_pct": 62.5,
  "mean_gpu_mem_used_gb": 367.400634765625,
  "max_gpu_mem_used_gb": 367.400634765625,
  "mean_gpu_temp_c": 89.75475687103594,
  "max_gpu_temp_c": 93.0,
  "mean_pcie_tx_mb_s": 34948.61079338993,
  "max_pcie_tx_mb_s": 126896.9921875,
  "mean_pcie_rx_mb_s": 36419.57845533827,
  "max_pcie_rx_mb_s": 108765.0859375,
  "mean_kv_cache_pct": 32.24774168748799,
  "max_kv_cache_pct": 42.42424242424242,
  "p50_kv_cache_pct": 42.42424242424242,
  "p95_kv_cache_pct": 42.42424242424242,
  "mean_requests_running": 44.31712473572939,
  "max_requests_running": 56.0,
  "mean_requests_waiting": 1.331923890063425,
  "max_requests_waiting": 23.0
}