{
  "num_samples": 319,
  "duration_s": 136.35952830314636,
  "mean_power_w": 934.6855235109717,
  "max_power_w": 1024.33,
  "min_power_w": 374.472,
  "p50_power_w": 999.971,
  "p95_power_w": 1000.202,
  "mean_gpu_util_pct": 89.38009404388714,
  "max_gpu_util_pct": 100.0,
  "mean_gpu_mem_bw_util_pct": 40.959247648902824,
  "max_gpu_mem_bw_util_pct": 49.0,
  "mean_gpu_mem_used_gb": 326.41015625,
  "max_gpu_mem_used_gb": 326.41015625,
  "mean_gpu_temp_c": 87.04702194357367,
  "max_gpu_temp_c": 89.0,
  "mean_pcie_tx_mb_s": 22529.458065977666,
  "max_pcie_tx_mb_s": 33260.4423828125,
  "mean_pcie_rx_mb_s": 20786.014801503723,
  "max_pcie_rx_mb_s": 30351.892578125,
  "mean_kv_cache_pct": 7.371763996160421,
  "max_kv_cache_pct": 14.549234669523614,
  "p50_kv_cache_pct": 8.97924114009313,
  "p95_kv_cache_pct": 13.938243187338895,
  "mean_requests_running": 59.210031347962385,
  "max_requests_running": 72.0,
  "mean_requests_waiting": 0.0,
  "max_requests_waiting": 0.0
}