{
  "num_samples": 108,
  "duration_s": 47.03421187400818,
  "mean_power_w": 561.0852222222222,
  "max_power_w": 733.715,
  "min_power_w": 332.372,
  "p50_power_w": 631.1,
  "p95_power_w": 647.5229999999999,
  "mean_gpu_util_pct": 74.40277777777777,
  "max_gpu_util_pct": 100.0,
  "mean_gpu_mem_bw_util_pct": 16.07638888888889,
  "max_gpu_mem_bw_util_pct": 21.5,
  "mean_gpu_mem_used_gb": 325.555419921875,
  "max_gpu_mem_used_gb": 325.555419921875,
  "mean_gpu_temp_c": 74.87037037037037,
  "max_gpu_temp_c": 79.0,
  "mean_pcie_tx_mb_s": 1505.6739456741898,
  "max_pcie_tx_mb_s": 43634.8203125,
  "mean_pcie_rx_mb_s": 2082.1439073350693,
  "max_pcie_rx_mb_s": 53655.837890625,
  "mean_kv_cache_pct": 0.37037037037037035,
  "max_kv_cache_pct": 1.0,
  "p50_kv_cache_pct": 0.0,
  "p95_kv_cache_pct": 1.0,
  "mean_requests_running": 0.9722222222222222,
  "max_requests_running": 1.0,
  "mean_requests_waiting": 0.0,
  "max_requests_waiting": 0.0
}