{
  "num_samples": 1235,
  "duration_s": 550.5741429328918,
  "mean_power_w": 912.3001927125506,
  "max_power_w": 946.57,
  "min_power_w": 379.014,
  "p50_power_w": 931.0070000000001,
  "p95_power_w": 938.471,
  "mean_gpu_util_pct": 96.84696356275303,
  "max_gpu_util_pct": 100.0,
  "mean_gpu_mem_bw_util_pct": 28.63481781376518,
  "max_gpu_mem_bw_util_pct": 34.5,
  "mean_gpu_mem_used_gb": 343.688232421875,
  "max_gpu_mem_used_gb": 343.688232421875,
  "mean_gpu_temp_c": 87.92874493927125,
  "max_gpu_temp_c": 91.0,
  "mean_pcie_tx_mb_s": 17370.922769325658,
  "max_pcie_tx_mb_s": 100980.54296875,
  "mean_pcie_rx_mb_s": 22443.668689903847,
  "max_pcie_rx_mb_s": 131379.4033203125,
  "mean_kv_cache_pct": 14.695546558704454,
  "max_kv_cache_pct": 17.0,
  "p50_kv_cache_pct": 16.0,
  "p95_kv_cache_pct": 17.0,
  "mean_requests_running": 6.580566801619433,
  "max_requests_running": 8.0,
  "mean_requests_waiting": 0.36194331983805667,
  "max_requests_waiting": 3.0
}