{
  "num_samples": 974,
  "duration_s": 417.52776885032654,
  "mean_power_w": 946.5641221765914,
  "max_power_w": 1209.659,
  "min_power_w": 97.056,
  "p50_power_w": 888.187,
  "p95_power_w": 1200.547,
  "mean_gpu_util_pct": 92.01822381930185,
  "max_gpu_util_pct": 100.0,
  "mean_gpu_mem_bw_util_pct": 34.77130390143737,
  "max_gpu_mem_bw_util_pct": 62.5,
  "mean_gpu_mem_used_gb": 367.400634765625,
  "max_gpu_mem_used_gb": 367.400634765625,
  "mean_gpu_temp_c": 86.61088295687885,
  "max_gpu_temp_c": 92.0,
  "mean_pcie_tx_mb_s": 52928.84893660966,
  "max_pcie_tx_mb_s": 133005.0205078125,
  "mean_pcie_rx_mb_s": 47906.18364488418,
  "max_pcie_rx_mb_s": 108117.5205078125,
  "mean_kv_cache_pct": 53.45529214112376,
  "max_kv_cache_pct": 88.63636363636364,
  "p50_kv_cache_pct": 56.96969696969697,
  "p95_kv_cache_pct": 87.27272727272728,
  "mean_requests_running": 33.403490759753595,
  "max_requests_running": 48.0,
  "mean_requests_waiting": 4.933264887063655,
  "max_requests_waiting": 34.0
}