{
  "num_samples": 4077,
  "duration_s": 1748.9628264904022,
  "mean_power_w": 935.1850689232278,
  "max_power_w": 1024.959,
  "min_power_w": 80.309,
  "p50_power_w": 983.076,
  "p95_power_w": 1000.016,
  "mean_gpu_util_pct": 93.98957566838361,
  "max_gpu_util_pct": 100.0,
  "mean_gpu_mem_bw_util_pct": 24.339097375521217,
  "max_gpu_mem_bw_util_pct": 62.25,
  "mean_gpu_mem_used_gb": 362.19140625,
  "max_gpu_mem_used_gb": 362.19140625,
  "mean_gpu_temp_c": 87.64434633308805,
  "max_gpu_temp_c": 92.0,
  "mean_pcie_tx_mb_s": 33344.97422900187,
  "max_pcie_tx_mb_s": 91593.67578125,
  "mean_pcie_rx_mb_s": 28720.2799982179,
  "max_pcie_rx_mb_s": 74751.6240234375,
  "mean_kv_cache_pct": 44.033459195624204,
  "max_kv_cache_pct": 70.60133866536549,
  "p50_kv_cache_pct": 43.4546476721861,
  "p95_kv_cache_pct": 70.33721213921271,
  "mean_requests_running": 10.372823154280107,
  "max_requests_running": 16.0,
  "mean_requests_waiting": 3.562913907284768,
  "max_requests_waiting": 14.0
}