{
  "num_samples": 156,
  "duration_s": 69.07580089569092,
  "mean_power_w": 654.5099615384615,
  "max_power_w": 952.715,
  "min_power_w": 376.303,
  "p50_power_w": 651.017,
  "p95_power_w": 943.299,
  "mean_gpu_util_pct": 81.96314102564102,
  "max_gpu_util_pct": 100.0,
  "mean_gpu_mem_bw_util_pct": 12.809294871794872,
  "max_gpu_mem_bw_util_pct": 17.5,
  "mean_gpu_mem_used_gb": 333.04957306690704,
  "max_gpu_mem_used_gb": 333.227294921875,
  "mean_gpu_temp_c": 84.50641025641026,
  "max_gpu_temp_c": 91.0,
  "mean_pcie_tx_mb_s": 6468.90826572516,
  "max_pcie_tx_mb_s": 48040.681640625,
  "mean_pcie_rx_mb_s": 8420.691049429086,
  "max_pcie_rx_mb_s": 58744.0,
  "mean_kv_cache_pct": 3.5384615384615388,
  "max_kv_cache_pct": 7.000000000000001,
  "p50_kv_cache_pct": 3.0,
  "p95_kv_cache_pct": 7.000000000000001,
  "mean_requests_running": 0.8717948717948718,
  "max_requests_running": 1.0,
  "mean_requests_waiting": 0.0,
  "max_requests_waiting": 0.0
}