{
  "num_samples": 996,
  "duration_s": 427.3059506416321,
  "mean_power_w": 862.9710572289157,
  "max_power_w": 1021.731,
  "min_power_w": 92.391,
  "p50_power_w": 855.346,
  "p95_power_w": 1000.047,
  "mean_gpu_util_pct": 90.93022088353413,
  "max_gpu_util_pct": 100.0,
  "mean_gpu_mem_bw_util_pct": 33.78539156626506,
  "max_gpu_mem_bw_util_pct": 57.75,
  "mean_gpu_mem_used_gb": 362.19140625,
  "max_gpu_mem_used_gb": 362.19140625,
  "mean_gpu_temp_c": 85.87048192771084,
  "max_gpu_temp_c": 90.0,
  "mean_pcie_tx_mb_s": 37773.5603390123,
  "max_pcie_tx_mb_s": 129838.1142578125,
  "mean_pcie_rx_mb_s": 33325.79815159074,
  "max_pcie_rx_mb_s": 115465.482421875,
  "mean_kv_cache_pct": 22.980107929730014,
  "max_kv_cache_pct": 36.93104070094301,
  "p50_kv_cache_pct": 27.17214897160375,
  "p95_kv_cache_pct": 36.65524593467907,
  "mean_requests_running": 22.906626506024097,
  "max_requests_running": 32.0,
  "mean_requests_waiting": 4.0602409638554215,
  "max_requests_waiting": 24.0
}