{
  "num_samples": 1066,
  "duration_s": 369.92643880844116,
  "mean_power_w": 569.1330881801126,
  "max_power_w": 610.862,
  "min_power_w": 53.504999999999995,
  "p50_power_w": 599.976,
  "p95_power_w": 600.208,
  "mean_gpu_util_pct": 92.97842401500938,
  "max_gpu_util_pct": 100.0,
  "mean_gpu_mem_bw_util_pct": 58.11116322701689,
  "max_gpu_mem_bw_util_pct": 74.0,
  "mean_gpu_mem_used_gb": 176.45361328125,
  "max_gpu_mem_used_gb": 176.45361328125,
  "mean_gpu_temp_c": 84.54221388367729,
  "max_gpu_temp_c": 90.0,
  "mean_pcie_tx_mb_s": 9006.632658595216,
  "max_pcie_tx_mb_s": 59960.3935546875,
  "mean_pcie_rx_mb_s": 8532.926870492789,
  "max_pcie_rx_mb_s": 54554.0087890625,
  "mean_kv_cache_pct": 72.0885716678609,
  "max_kv_cache_pct": 99.99236932468524,
  "p50_kv_cache_pct": 95.50553223960321,
  "p95_kv_cache_pct": 99.51163677985502,
  "mean_requests_running": 19.19887429643527,
  "max_requests_running": 24.0,
  "mean_requests_waiting": 0.0,
  "max_requests_waiting": 0.0
}