{
  "num_samples": 3022,
  "duration_s": 1345.8455443382263,
  "mean_power_w": 772.420806088683,
  "max_power_w": 926.685,
  "min_power_w": 379.17,
  "p50_power_w": 768.391,
  "p95_power_w": 854.343,
  "mean_gpu_util_pct": 98.84687293183322,
  "max_gpu_util_pct": 100.0,
  "mean_gpu_mem_bw_util_pct": 25.246194573130378,
  "max_gpu_mem_bw_util_pct": 26.25,
  "mean_gpu_mem_used_gb": 343.688232421875,
  "max_gpu_mem_used_gb": 343.688232421875,
  "mean_gpu_temp_c": 86.42488418266049,
  "max_gpu_temp_c": 90.0,
  "mean_pcie_tx_mb_s": 4303.697860222948,
  "max_pcie_tx_mb_s": 57637.0830078125,
  "mean_pcie_rx_mb_s": 5542.579088959608,
  "max_pcie_rx_mb_s": 70044.9853515625,
  "mean_kv_cache_pct": 2.455327597617472,
  "max_kv_cache_pct": 3.0,
  "p50_kv_cache_pct": 2.0,
  "p95_kv_cache_pct": 3.0,
  "mean_requests_running": 1.9497021839841164,
  "max_requests_running": 2.0,
  "mean_requests_waiting": 0.0,
  "max_requests_waiting": 0.0
}