{
  "num_samples": 1661,
  "duration_s": 742.1091461181641,
  "mean_power_w": 909.6585261890427,
  "max_power_w": 949.8919999999999,
  "min_power_w": 111.392,
  "p50_power_w": 926.197,
  "p95_power_w": 944.664,
  "mean_gpu_util_pct": 96.91315472606864,
  "max_gpu_util_pct": 100.0,
  "mean_gpu_mem_bw_util_pct": 26.255869957856714,
  "max_gpu_mem_bw_util_pct": 33.75,
  "mean_gpu_mem_used_gb": 343.688232421875,
  "max_gpu_mem_used_gb": 343.688232421875,
  "mean_gpu_temp_c": 87.96387718242023,
  "max_gpu_temp_c": 91.0,
  "mean_pcie_tx_mb_s": 22861.96157952664,
  "max_pcie_tx_mb_s": 94647.53125,
  "mean_pcie_rx_mb_s": 28469.81739927472,
  "max_pcie_rx_mb_s": 127129.5693359375,
  "mean_kv_cache_pct": 25.44130042143287,
  "max_kv_cache_pct": 32.0,
  "p50_kv_cache_pct": 30.0,
  "p95_kv_cache_pct": 32.0,
  "mean_requests_running": 5.725466586393739,
  "max_requests_running": 8.0,
  "mean_requests_waiting": 0.9590608067429259,
  "max_requests_waiting": 5.0
}