{
  "num_samples": 2697,
  "duration_s": 1150.5095610618591,
  "mean_power_w": 877.3929770114943,
  "max_power_w": 918.646,
  "min_power_w": 90.61,
  "p50_power_w": 910.335,
  "p95_power_w": 915.96,
  "mean_gpu_util_pct": 95.79829440118651,
  "max_gpu_util_pct": 100.0,
  "mean_gpu_mem_bw_util_pct": 27.088524286243974,
  "max_gpu_mem_bw_util_pct": 30.5,
  "mean_gpu_mem_used_gb": 336.95703125,
  "max_gpu_mem_used_gb": 336.95703125,
  "mean_gpu_temp_c": 86.11865035224324,
  "max_gpu_temp_c": 89.0,
  "mean_pcie_tx_mb_s": 13963.034705807378,
  "max_pcie_tx_mb_s": 78737.107421875,
  "mean_pcie_rx_mb_s": 12015.155236866194,
  "max_pcie_rx_mb_s": 67324.619140625,
  "mean_kv_cache_pct": 1.9533142098795178,
  "max_kv_cache_pct": 2.308190043808933,
  "p50_kv_cache_pct": 2.221208617525694,
  "p95_kv_cache_pct": 2.299704051000817,
  "mean_requests_running": 1.7601038190582128,
  "max_requests_running": 2.0,
  "mean_requests_waiting": 0.0,
  "max_requests_waiting": 0.0
}