{
  "num_samples": 3948,
  "duration_s": 1779.0279428958893,
  "mean_power_w": 913.6828568895644,
  "max_power_w": 1091.215,
  "min_power_w": 90.786,
  "p50_power_w": 933.766,
  "p95_power_w": 948.846,
  "mean_gpu_util_pct": 96.79989868287741,
  "max_gpu_util_pct": 100.0,
  "mean_gpu_mem_bw_util_pct": 21.777988855116515,
  "max_gpu_mem_bw_util_pct": 40.0,
  "mean_gpu_mem_used_gb": 343.930419921875,
  "max_gpu_mem_used_gb": 343.930419921875,
  "mean_gpu_temp_c": 87.15881458966565,
  "max_gpu_temp_c": 91.0,
  "mean_pcie_tx_mb_s": 33569.96118188798,
  "max_pcie_tx_mb_s": 100540.740234375,
  "mean_pcie_rx_mb_s": 45498.86063132242,
  "max_pcie_rx_mb_s": 132465.611328125,
  "mean_kv_cache_pct": 54.985772357723576,
  "max_kv_cache_pct": 100.0,
  "p50_kv_cache_pct": 51.0,
  "p95_kv_cache_pct": 96.0,
  "mean_requests_running": 15.065548780487806,
  "max_requests_running": 24.0,
  "mean_requests_waiting": 12.732469512195122,
  "max_requests_waiting": 22.0
}