{
  "num_samples": 427,
  "duration_s": 182.4826385974884,
  "mean_power_w": 910.4059320843091,
  "max_power_w": 1021.491,
  "min_power_w": 100.117,
  "p50_power_w": 999.977,
  "p95_power_w": 1000.105,
  "mean_gpu_util_pct": 86.81440281030444,
  "max_gpu_util_pct": 100.0,
  "mean_gpu_mem_bw_util_pct": 42.86007025761124,
  "max_gpu_mem_bw_util_pct": 54.5,
  "mean_gpu_mem_used_gb": 327.34765625,
  "max_gpu_mem_used_gb": 327.34765625,
  "mean_gpu_temp_c": 86.81030444964871,
  "max_gpu_temp_c": 89.0,
  "mean_pcie_tx_mb_s": 15295.670434170082,
  "max_pcie_tx_mb_s": 27966.912109375,
  "mean_pcie_rx_mb_s": 13954.207632739315,
  "max_pcie_rx_mb_s": 25072.1953125,
  "mean_kv_cache_pct": 17.158163230704904,
  "max_kv_cache_pct": 29.149385295895957,
  "p50_kv_cache_pct": 19.14758202242424,
  "p95_kv_cache_pct": 28.76963711773254,
  "mean_requests_running": 37.70725995316159,
  "max_requests_running": 48.0,
  "mean_requests_waiting": 0.0,
  "max_requests_waiting": 0.0
}