{
  "num_samples": 2139,
  "duration_s": 912.3679943084717,
  "mean_power_w": 865.2035161290322,
  "max_power_w": 899.768,
  "min_power_w": 97.338,
  "p50_power_w": 880.741,
  "p95_power_w": 888.346,
  "mean_gpu_util_pct": 96.49579242636746,
  "max_gpu_util_pct": 99.0,
  "mean_gpu_mem_bw_util_pct": 27.9143291257597,
  "max_gpu_mem_bw_util_pct": 30.75,
  "mean_gpu_mem_used_gb": 327.34765625,
  "max_gpu_mem_used_gb": 327.34765625,
  "mean_gpu_temp_c": 85.98036465638148,
  "max_gpu_temp_c": 88.0,
  "mean_pcie_tx_mb_s": 2563.7935120456405,
  "max_pcie_tx_mb_s": 5944.1630859375,
  "mean_pcie_rx_mb_s": 2522.9748298891127,
  "max_pcie_rx_mb_s": 6783.396484375,
  "mean_kv_cache_pct": 1.1121614626558767,
  "max_kv_cache_pct": 1.221982964369439,
  "p50_kv_cache_pct": 1.151973523702443,
  "p95_kv_cache_pct": 1.2156184697633465,
  "mean_requests_running": 1.9392239364188872,
  "max_requests_running": 2.0,
  "mean_requests_waiting": 0.0,
  "max_requests_waiting": 0.0
}