{
  "num_samples": 4136,
  "duration_s": 1775.7232677936554,
  "mean_power_w": 935.3660918762089,
  "max_power_w": 1030.837,
  "min_power_w": 79.613,
  "p50_power_w": 981.73,
  "p95_power_w": 1000.031,
  "mean_gpu_util_pct": 94.16187137330755,
  "max_gpu_util_pct": 100.0,
  "mean_gpu_mem_bw_util_pct": 24.720744680851062,
  "max_gpu_mem_bw_util_pct": 68.25,
  "mean_gpu_mem_used_gb": 362.19140625,
  "max_gpu_mem_used_gb": 362.19140625,
  "mean_gpu_temp_c": 87.20938104448743,
  "max_gpu_temp_c": 92.0,
  "mean_pcie_tx_mb_s": 33218.363661391595,
  "max_pcie_tx_mb_s": 96059.947265625,
  "mean_pcie_rx_mb_s": 28660.60991310105,
  "max_pcie_rx_mb_s": 83040.8369140625,
  "mean_kv_cache_pct": 79.32160541593095,
  "max_kv_cache_pct": 99.99787850179797,
  "p50_kv_cache_pct": 94.81717989244004,
  "p95_kv_cache_pct": 98.48525028375037,
  "mean_requests_running": 20.57218863361548,
  "max_requests_running": 56.0,
  "mean_requests_waiting": 24.948488512696493,
  "max_requests_waiting": 52.0
}