{
  "num_samples": 695,
  "duration_s": 297.4122896194458,
  "mean_power_w": 923.5896230215827,
  "max_power_w": 1025.645,
  "min_power_w": 342.188,
  "p50_power_w": 999.965,
  "p95_power_w": 1000.127,
  "mean_gpu_util_pct": 93.42661870503598,
  "max_gpu_util_pct": 100.0,
  "mean_gpu_mem_bw_util_pct": 43.53309352517986,
  "max_gpu_mem_bw_util_pct": 54.5,
  "mean_gpu_mem_used_gb": 367.381103515625,
  "max_gpu_mem_used_gb": 367.381103515625,
  "mean_gpu_temp_c": 86.48489208633093,
  "max_gpu_temp_c": 89.0,
  "mean_pcie_tx_mb_s": 27439.300358307104,
  "max_pcie_tx_mb_s": 99831.3486328125,
  "mean_pcie_rx_mb_s": 32207.9883571268,
  "max_pcie_rx_mb_s": 87917.015625,
  "mean_kv_cache_pct": 12.965990843688688,
  "max_kv_cache_pct": 18.48484848484848,
  "p50_kv_cache_pct": 14.54545454545455,
  "p95_kv_cache_pct": 18.03030303030303,
  "mean_requests_running": 14.748201438848922,
  "max_requests_running": 16.0,
  "mean_requests_waiting": 0.0,
  "max_requests_waiting": 0.0
}