{
  "num_samples": 1563,
  "duration_s": 667.9644119739532,
  "mean_power_w": 933.4922034548945,
  "max_power_w": 995.393,
  "min_power_w": 103.021,
  "p50_power_w": 985.886,
  "p95_power_w": 990.181,
  "mean_gpu_util_pct": 95.67514395393474,
  "max_gpu_util_pct": 100.0,
  "mean_gpu_mem_bw_util_pct": 37.265674984005116,
  "max_gpu_mem_bw_util_pct": 42.75,
  "mean_gpu_mem_used_gb": 367.381103515625,
  "max_gpu_mem_used_gb": 367.381103515625,
  "mean_gpu_temp_c": 87.5278310940499,
  "max_gpu_temp_c": 90.0,
  "mean_pcie_tx_mb_s": 18927.6376834413,
  "max_pcie_tx_mb_s": 95462.2255859375,
  "mean_pcie_rx_mb_s": 23151.980350662787,
  "max_pcie_rx_mb_s": 80323.4130859375,
  "mean_kv_cache_pct": 4.296322146610053,
  "max_kv_cache_pct": 6.212121212121213,
  "p50_kv_cache_pct": 4.848484848484846,
  "p95_kv_cache_pct": 4.848484848484846,
  "mean_requests_running": 3.7056941778630836,
  "max_requests_running": 4.0,
  "mean_requests_waiting": 0.0,
  "max_requests_waiting": 0.0
}