{
  "num_samples": 604,
  "duration_s": 269.5733449459076,
  "mean_power_w": 1040.790155629139,
  "max_power_w": 1165.338,
  "min_power_w": 375.50800000000004,
  "p50_power_w": 1140.533,
  "p95_power_w": 1160.751,
  "mean_gpu_util_pct": 94.63451986754967,
  "max_gpu_util_pct": 100.0,
  "mean_gpu_mem_bw_util_pct": 35.394867549668874,
  "max_gpu_mem_bw_util_pct": 46.75,
  "mean_gpu_mem_used_gb": 343.688232421875,
  "max_gpu_mem_used_gb": 343.688232421875,
  "mean_gpu_temp_c": 88.63907284768212,
  "max_gpu_temp_c": 92.0,
  "mean_pcie_tx_mb_s": 24266.682916300186,
  "max_pcie_tx_mb_s": 97429.6552734375,
  "mean_pcie_rx_mb_s": 29974.151113345924,
  "max_pcie_rx_mb_s": 129230.3125,
  "mean_kv_cache_pct": 26.658940397350992,
  "max_kv_cache_pct": 40.0,
  "p50_kv_cache_pct": 33.0,
  "p95_kv_cache_pct": 40.0,
  "mean_requests_running": 23.917218543046356,
  "max_requests_running": 32.0,
  "mean_requests_waiting": 3.013245033112583,
  "max_requests_waiting": 23.0
}