{
  "num_samples": 116,
  "duration_s": 50.728660345077515,
  "mean_power_w": 601.799,
  "max_power_w": 892.453,
  "min_power_w": 357.876,
  "p50_power_w": 656.009,
  "p95_power_w": 777.793,
  "mean_gpu_util_pct": 75.74568965517241,
  "max_gpu_util_pct": 100.0,
  "mean_gpu_mem_bw_util_pct": 14.002155172413794,
  "max_gpu_mem_bw_util_pct": 19.25,
  "mean_gpu_mem_used_gb": 331.13125505118535,
  "max_gpu_mem_used_gb": 332.196044921875,
  "mean_gpu_temp_c": 81.14655172413794,
  "max_gpu_temp_c": 84.0,
  "mean_pcie_tx_mb_s": 2318.785535088901,
  "max_pcie_tx_mb_s": 37948.7978515625,
  "mean_pcie_rx_mb_s": 5302.478364089439,
  "max_pcie_rx_mb_s": 79681.6025390625,
  "mean_kv_cache_pct": 1.793103448275862,
  "max_kv_cache_pct": 4.0,
  "p50_kv_cache_pct": 1.0,
  "p95_kv_cache_pct": 4.0,
  "mean_requests_running": 0.9913793103448276,
  "max_requests_running": 1.0,
  "mean_requests_waiting": 0.0,
  "max_requests_waiting": 0.0
}