{
  "num_samples": 6034,
  "duration_s": 2668.652412414551,
  "mean_power_w": 788.4995495525357,
  "max_power_w": 1023.8620000000001,
  "min_power_w": 87.324,
  "p50_power_w": 787.661,
  "p95_power_w": 1000.0160000000001,
  "mean_gpu_util_pct": 97.4588581372224,
  "max_gpu_util_pct": 100.0,
  "mean_gpu_mem_bw_util_pct": 17.618826648989064,
  "max_gpu_mem_bw_util_pct": 56.0,
  "mean_gpu_mem_used_gb": 373.09765625,
  "max_gpu_mem_used_gb": 373.09765625,
  "mean_gpu_temp_c": 85.951607557176,
  "max_gpu_temp_c": 92.0,
  "mean_pcie_tx_mb_s": 64680.655945087216,
  "max_pcie_tx_mb_s": 144342.2314453125,
  "mean_pcie_rx_mb_s": 53890.07437185376,
  "max_pcie_rx_mb_s": 109936.6904296875,
  "mean_kv_cache_pct": 41.796700660958514,
  "max_kv_cache_pct": 56.957928802588995,
  "p50_kv_cache_pct": 44.23431319669183,
  "p95_kv_cache_pct": 56.35675116864437,
  "mean_requests_running": 17.987403426268056,
  "max_requests_running": 24.0,
  "mean_requests_waiting": 2.6656029559959693,
  "max_requests_waiting": 18.0
}