{
  "num_samples": 1247,
  "duration_s": 532.4425971508026,
  "mean_power_w": 943.1123215717722,
  "max_power_w": 987.0550000000001,
  "min_power_w": 99.087,
  "p50_power_w": 975.347,
  "p95_power_w": 981.6469999999999,
  "mean_gpu_util_pct": 94.77726543704891,
  "max_gpu_util_pct": 99.0,
  "mean_gpu_mem_bw_util_pct": 32.388933440256615,
  "max_gpu_mem_bw_util_pct": 37.25,
  "mean_gpu_mem_used_gb": 327.34765625,
  "max_gpu_mem_used_gb": 327.34765625,
  "mean_gpu_temp_c": 86.69927826784283,
  "max_gpu_temp_c": 89.0,
  "mean_pcie_tx_mb_s": 3932.4271446784783,
  "max_pcie_tx_mb_s": 8374.5341796875,
  "mean_pcie_rx_mb_s": 3646.764559943865,
  "max_pcie_rx_mb_s": 8566.5751953125,
  "mean_kv_cache_pct": 2.1540794466710773,
  "max_kv_cache_pct": 2.443965928738878,
  "p50_kv_cache_pct": 2.2986433018998054,
  "p95_kv_cache_pct": 2.421690197617554,
  "mean_requests_running": 3.8067361668003206,
  "max_requests_running": 4.0,
  "mean_requests_waiting": 0.0,
  "max_requests_waiting": 0.0
}