{
  "num_samples": 6675,
  "duration_s": 2855.137929916382,
  "mean_power_w": 909.4152485393258,
  "max_power_w": 1023.309,
  "min_power_w": 81.715,
  "p50_power_w": 998.793,
  "p95_power_w": 1005.375,
  "mean_gpu_util_pct": 94.12756554307116,
  "max_gpu_util_pct": 100.0,
  "mean_gpu_mem_bw_util_pct": 29.20876404494382,
  "max_gpu_mem_bw_util_pct": 40.0,
  "mean_gpu_mem_used_gb": 367.381103515625,
  "max_gpu_mem_used_gb": 367.381103515625,
  "mean_gpu_temp_c": 87.16659176029962,
  "max_gpu_temp_c": 92.0,
  "mean_pcie_tx_mb_s": 26109.165870347613,
  "max_pcie_tx_mb_s": 140113.1494140625,
  "mean_pcie_rx_mb_s": 22924.45606756203,
  "max_pcie_rx_mb_s": 129424.7041015625,
  "mean_kv_cache_pct": 3.0057201225740524,
  "max_kv_cache_pct": 5.757575757575761,
  "p50_kv_cache_pct": 5.303030303030298,
  "p95_kv_cache_pct": 5.303030303030298,
  "mean_requests_running": 0.5662921348314607,
  "max_requests_running": 1.0,
  "mean_requests_waiting": 0.0,
  "max_requests_waiting": 0.0
}