{
  "num_samples": 1098,
  "duration_s": 471.2620906829834,
  "mean_power_w": 851.480951730419,
  "max_power_w": 1029.531,
  "min_power_w": 96.881,
  "p50_power_w": 811.8820000000001,
  "p95_power_w": 1000.063,
  "mean_gpu_util_pct": 92.78642987249545,
  "max_gpu_util_pct": 100.0,
  "mean_gpu_mem_bw_util_pct": 34.68055555555556,
  "max_gpu_mem_bw_util_pct": 56.5,
  "mean_gpu_mem_used_gb": 367.381103515625,
  "max_gpu_mem_used_gb": 367.381103515625,
  "mean_gpu_temp_c": 86.69307832422587,
  "max_gpu_temp_c": 91.0,
  "mean_pcie_tx_mb_s": 46222.51583845628,
  "max_pcie_tx_mb_s": 132960.2802734375,
  "mean_pcie_rx_mb_s": 42421.50797703922,
  "max_pcie_rx_mb_s": 110212.0830078125,
  "mean_kv_cache_pct": 28.031682949715737,
  "max_kv_cache_pct": 43.78787878787879,
  "p50_kv_cache_pct": 30.000000000000004,
  "p95_kv_cache_pct": 43.63636363636364,
  "mean_requests_running": 17.057377049180328,
  "max_requests_running": 24.0,
  "mean_requests_waiting": 2.4344262295081966,
  "max_requests_waiting": 16.0
}