{
  "num_samples": 484,
  "duration_s": 207.7560694217682,
  "mean_power_w": 912.8606466942149,
  "max_power_w": 1029.975,
  "min_power_w": 380.972,
  "p50_power_w": 999.952,
  "p95_power_w": 1000.12,
  "mean_gpu_util_pct": 92.91373966942149,
  "max_gpu_util_pct": 100.0,
  "mean_gpu_mem_bw_util_pct": 44.96022727272727,
  "max_gpu_mem_bw_util_pct": 57.0,
  "mean_gpu_mem_used_gb": 367.381103515625,
  "max_gpu_mem_used_gb": 367.381103515625,
  "mean_gpu_temp_c": 87.21900826446281,
  "max_gpu_temp_c": 90.0,
  "mean_pcie_tx_mb_s": 37165.99695328641,
  "max_pcie_tx_mb_s": 112029.6513671875,
  "mean_pcie_rx_mb_s": 37429.48521234181,
  "max_pcie_rx_mb_s": 112639.7275390625,
  "mean_kv_cache_pct": 42.75701227147508,
  "max_kv_cache_pct": 63.18181818181819,
  "p50_kv_cache_pct": 43.63636363636364,
  "p95_kv_cache_pct": 54.54545454545454,
  "mean_requests_running": 58.70454545454545,
  "max_requests_running": 72.0,
  "mean_requests_waiting": 1.8801652892561984,
  "max_requests_waiting": 36.0
}