timestamp,elapsed_s,gpu0_power_w,gpu0_mem_used_gb,gpu0_util_pct,gpu0_mem_bw_util_pct,gpu0_temp_c,gpu0_pcie_tx_mb_s,gpu0_pcie_rx_mb_s,gpu1_power_w,gpu1_mem_used_gb,gpu1_util_pct,gpu1_mem_bw_util_pct,gpu1_temp_c,gpu1_pcie_tx_mb_s,gpu1_pcie_rx_mb_s,gpu2_power_w,gpu2_mem_used_gb,gpu2_util_pct,gpu2_mem_bw_util_pct,gpu2_temp_c,gpu2_pcie_tx_mb_s,gpu2_pcie_rx_mb_s,gpu3_power_w,gpu3_mem_used_gb,gpu3_util_pct,gpu3_mem_bw_util_pct,gpu3_temp_c,gpu3_pcie_tx_mb_s,gpu3_pcie_rx_mb_s,kv_cache_pct,requests_running,requests_waiting
1782818565.798,0.000,193.4,79.11,0,0,85,0.7,0.5,152.0,79.11,0,0,79,0.6,0.4,162.2,79.11,0,0,84,0.6,0.5,142.8,79.11,0,0,82,0.6,0.7,29.0,32,0
1782818566.241,0.443,134.5,79.11,0,0,85,0.7,0.5,109.0,79.11,0,0,79,0.6,0.5,122.0,79.11,0,0,84,0.6,0.4,115.4,79.11,0,0,82,0.6,0.4,29.0,32,0
1782818566.686,0.889,134.5,79.11,0,0,85,0.6,2.2,109.0,79.11,0,0,79,4.8,4.8,122.0,79.11,0,0,84,2.9,2.0,115.4,79.11,0,0,82,0.6,0.5,29.0,32,0
1782818567.136,1.338,118.9,79.11,0,0,84,0.6,0.5,104.6,79.11,0,0,78,1.2,0.5,99.6,79.11,0,0,83,0.6,0.4,98.2,79.11,0,0,81,1.2,0.4,29.0,32,0
1782818567.579,1.781,118.9,79.11,0,0,84,0.6,0.5,104.6,79.11,0,0,78,0.6,0.5,99.6,79.11,0,0,83,0.6,0.5,98.2,79.11,0,0,81,0.6,0.8,29.0,32,0
1782818568.023,2.226,114.5,79.11,0,0,84,0.6,0.5,104.6,79.11,0,0,78,1.5,0.5,96.7,79.11,0,0,83,2.3,0.5,97.0,79.11,0,0,80,2.3,0.5,29.0,32,0
1782818568.460,2.663,114.5,79.11,0,0,84,2.3,0.5,101.6,79.11,0,0,78,2.3,0.5,96.7,79.11,0,0,83,0.6,0.5,97.0,79.11,0,0,80,0.6,0.5,29.0,32,0
1782818568.899,3.101,114.0,79.11,0,0,84,0.7,0.5,101.6,79.11,0,0,78,0.6,2.2,96.7,79.11,0,0,83,2.7,0.5,97.0,79.11,0,0,80,0.6,0.5,29.0,32,0
1782818569.337,3.539,114.0,79.11,0,0,84,1.5,0.5,98.1,79.11,0,0,77,0.6,0.5,93.3,79.11,0,0,82,0.9,0.9,95.2,79.11,0,0,80,0.6,0.5,29.0,32,0
1782818569.775,3.977,114.0,79.11,0,0,84,1.3,0.6,98.1,79.11,0,0,77,0.6,0.5,93.3,79.11,0,0,82,0.6,0.5,95.2,79.11,0,0,80,0.6,0.5,29.0,32,0
1782818570.217,4.420,113.2,79.11,0,0,83,0.6,4.9,97.6,79.11,0,0,77,5.6,0.5,92.5,79.11,0,0,82,2.3,0.5,94.3,79.11,0,0,79,2.3,0.5,29.0,32,0
1782818570.663,4.866,113.2,79.11,0,0,83,2.3,0.5,97.6,79.11,0,0,77,2.2,3.4,92.5,79.11,0,0,82,4.8,3.8,94.3,79.11,0,0,79,4.8,0.4,29.0,32,0
1782818571.102,5.305,112.0,79.11,0,0,83,0.6,0.4,96.7,79.11,0,0,76,0.6,0.4,92.0,79.11,0,0,81,0.6,0.5,92.8,79.11,0,0,79,0.6,0.5,29.0,32,0
1782818571.543,5.746,112.0,79.11,0,0,83,0.6,0.5,96.7,79.11,0,0,76,1.0,0.5,92.0,79.11,0,0,81,0.6,0.5,92.8,79.11,0,0,79,0.6,0.5,29.0,32,0
1782818571.983,6.185,111.6,79.11,0,0,83,2.6,0.5,96.7,79.11,0,0,76,0.6,0.4,91.3,79.11,0,0,81,0.7,0.5,92.8,79.11,0,0,79,0.6,0.5,29.0,32,0
1782818572.423,6.625,111.6,79.11,0,0,83,0.6,0.4,95.6,79.11,0,0,76,1.3,0.4,91.3,79.11,0,0,81,2.3,0.5,91.6,79.11,0,0,79,2.3,0.5,29.0,32,0
1782818572.862,7.065,111.0,79.11,0,0,82,2.3,0.4,95.6,79.11,0,0,76,2.3,0.4,91.3,79.11,0,0,81,0.6,2.3,91.6,79.11,0,0,79,2.6,0.5,29.0,32,0
1782818573.304,7.506,111.0,79.11,0,0,82,0.6,0.5,95.1,79.11,0,0,76,0.6,0.5,91.1,79.11,0,0,81,0.6,0.5,90.8,79.11,0,0,78,0.6,0.5,29.0,32,0
1782818573.743,7.945,111.0,79.11,0,0,82,4.7,2.3,95.1,79.11,0,0,76,2.7,0.5,91.1,79.11,0,0,81,0.6,0.5,90.8,79.11,0,0,78,0.6,0.5,29.0,32,0
1782818574.183,8.385,110.1,79.11,0,0,82,0.6,0.4,94.8,79.11,0,0,75,0.6,0.5,90.9,79.11,0,0,80,0.7,0.5,90.3,79.11,0,0,78,5.6,0.5,29.0,32,0
1782818574.625,8.827,110.1,79.11,0,0,82,0.6,0.4,94.8,79.11,0,0,75,0.6,0.4,90.9,79.11,0,0,80,2.3,2.6,90.3,79.11,0,0,78,6.3,3.6,29.0,32,0
1782818575.064,9.267,109.5,79.11,0,0,82,2.3,0.4,94.6,79.11,0,0,75,2.2,0.4,90.7,79.11,0,0,80,0.6,0.4,89.3,79.11,0,0,77,0.9,0.4,29.0,32,0
1782818575.509,9.711,109.5,79.11,0,0,82,0.6,0.4,94.6,79.11,0,0,75,0.6,0.5,90.7,79.11,0,0,80,0.6,0.5,89.3,79.11,0,0,77,0.7,0.5,29.0,32,0
1782818575.950,10.152,109.1,79.11,0,0,81,2.7,2.1,94.6,79.11,0,0,75,2.3,0.4,90.7,79.11,0,0,80,1.5,0.4,89.3,79.11,0,0,77,0.6,0.4,29.0,32,0
1782818576.390,10.593,109.1,79.11,0,0,81,0.6,0.4,94.3,79.11,0,0,74,0.6,0.4,90.6,79.11,0,0,79,6.3,0.4,88.2,79.11,0,0,77,0.6,0.4,29.0,32,0
1782818576.829,11.032,109.1,79.11,0,0,81,1.5,0.5,94.3,79.11,0,0,74,0.6,0.5,90.6,79.11,0,0,79,2.3,0.5,88.2,79.11,0,0,77,2.3,3.6,29.0,32,0
1782818577.269,11.471,108.3,79.11,0,0,81,2.3,0.5,93.6,79.11,0,0,74,0.6,0.4,90.4,79.11,0,0,79,0.7,0.5,87.1,79.11,0,0,77,0.6,0.5,29.0,32,0
1782818577.707,11.909,108.3,79.11,0,0,81,2.7,2.4,93.6,79.11,0,0,74,2.7,3.7,90.4,79.11,0,0,79,3.3,0.5,87.1,79.11,0,0,77,0.7,0.5,29.0,32,0
1782818578.153,12.355,107.9,79.11,0,0,81,0.6,0.5,93.1,79.11,0,0,74,2.2,0.4,90.3,79.11,0,0,79,0.6,0.4,86.5,79.11,0,0,76,0.6,0.5,29.0,32,0
1782818578.591,12.793,107.9,79.11,0,0,81,0.6,0.5,93.1,79.11,0,0,74,0.6,0.5,90.3,79.11,0,0,79,0.6,0.5,86.5,79.11,0,0,76,0.6,2.3,29.0,32,0
1782818579.031,13.234,107.0,79.11,0,0,80,0.6,0.4,93.1,79.11,0,0,74,1.5,0.5,90.2,79.11,0,0,78,2.3,0.5,85.3,79.11,0,0,76,2.3,0.5,29.0,32,0
1782818579.471,13.673,107.0,79.11,0,0,80,2.3,0.9,93.0,79.11,0,0,73,0.6,0.4,90.2,79.11,0,0,78,0.6,0.4,85.3,79.11,0,0,76,0.6,0.5,29.0,32,0
1782818579.912,14.115,106.4,79.11,0,0,80,0.6,0.4,93.0,79.11,0,0,73,2.8,2.1,90.2,79.11,0,0,78,0.6,0.5,85.3,79.11,0,0,76,0.6,0.5,29.0,32,0
1782818580.351,14.554,106.4,79.11,0,0,80,0.6,4.8,92.7,79.11,0,0,73,7.3,0.5,90.0,79.11,0,0,78,0.6,0.5,85.1,79.11,0,0,75,0.7,0.9,29.0,32,0
1782818580.794,14.996,106.4,79.11,0,0,80,2.7,0.4,92.7,79.11,0,0,73,0.6,0.4,90.0,79.11,0,0,78,0.6,0.5,85.1,79.11,0,0,75,0.6,0.6,29.0,32,0
1782818581.233,15.435,106.1,79.11,0,0,80,0.6,0.5,92.2,79.11,0,0,73,0.6,0.5,90.0,79.11,0,0,78,2.3,0.5,84.1,79.11,0,0,75,2.3,0.5,29.0,32,0
1782818581.672,15.874,106.1,79.11,0,0,80,2.2,0.4,92.2,79.11,0,0,73,3.5,2.8,90.0,79.11,0,0,78,5.5,2.3,84.1,79.11,0,0,75,2.6,0.4,29.0,32,0
1782818582.117,16.320,105.5,79.11,0,0,80,0.8,0.7,74.3,79.11,0,0,71,0.9,0.7,89.9,79.11,0,0,78,2.4,0.7,83.6,79.11,0,0,75,2.4,0.8,,,
1782818583.539,17.741,190.7,79.11,98,43,82,6920.9,8560.9,250.7,79.11,98,47,75,5190.0,4282.1,246.3,79.11,98,48,81,10390.5,4325.0,239.3,79.11,98,46,79,4403.3,8624.7,29.0,32,0
1782818584.612,18.814,244.6,79.11,99,47,83,1.6,17114.3,246.1,79.11,100,65,76,20707.3,4.0,240.7,79.11,99,48,81,2.6,4.5,234.2,79.11,99,46,79,529.9,14769.4,29.0,32,0
1782818585.055,19.258,249.3,79.11,100,55,83,4618.7,3.9,246.2,79.11,100,43,75,3.4,4.0,242.9,79.11,100,43,81,16514.3,14340.0,237.1,79.11,99,43,79,6744.8,4.3,29.0,32,0
1782818585.496,19.699,255.5,79.11,100,59,83,1.8,17112.7,246.2,79.11,100,43,75,20704.9,4.8,250.2,79.11,99,43,81,2.6,4.6,237.1,79.11,99,43,79,7266.9,14793.4,29.0,32,0
1782818585.938,20.140,248.8,79.11,100,46,83,5.1,17110.7,249.2,79.11,100,43,75,20708.4,5.8,250.2,79.11,99,43,81,4.7,4.6,242.6,79.11,99,41,80,20801.5,17205.0,29.0,32,0
1782818586.379,20.582,249.8,79.11,99,35,83,18323.0,4692.8,250.2,79.11,99,45,76,2.4,4.9,249.5,79.11,100,42,82,20301.0,17004.5,242.4,79.11,100,45,79,9.1,11.0,29.0,32,0
1782818586.828,21.031,249.8,79.11,99,35,83,2.8,4.5,249.0,79.11,100,42,77,7222.0,15008.3,246.4,79.11,100,40,82,14481.7,5.3,236.4,79.11,99,37,79,3.7,3348.5,29.0,32,0
1782818587.271,21.473,251.3,79.11,100,41,83,3.5,4.1,251.1,79.11,100,46,77,3.5,7328.5,243.1,79.11,100,42,81,18009.6,10749.4,237.0,79.11,99,44,79,2.9,4.8,29.0,32,0
1782818587.711,21.914,249.4,79.11,99,38,83,22830.4,5968.7,253.1,79.11,100,47,77,5.9,8.2,246.5,79.11,100,48,83,1089.0,16809.9,241.2,79.11,100,58,80,20750.0,5.2,29.0,32,0
1782818588.156,22.358,249.0,79.11,100,39,83,1.8,2873.1,250.3,79.11,99,44,77,17948.1,15808.9,249.1,79.11,100,56,83,4.1,4.4,241.7,79.11,100,56,80,1.9,8407.1,29.0,32,0
1782818588.599,22.802,251.1,79.11,100,40,83,1.8,4.1,247.8,79.11,100,46,77,1.9,61.2,248.2,79.11,100,52,83,19704.9,17198.9,240.5,79.11,99,52,80,1.9,9.9,29.0,32,0
1782818589.044,23.246,250.5,79.11,100,40,83,20652.8,14996.4,250.4,79.11,100,44,76,1507.3,4.6,251.6,79.11,100,44,83,1.8,601.4,242.6,79.11,99,44,80,19698.2,17223.5,29.0,32,0
1782818589.485,23.687,250.5,79.11,100,49,84,1.8,4.0,250.4,79.11,100,44,76,15152.4,14478.5,250.8,79.11,100,42,83,7260.9,4.5,242.6,79.11,99,44,80,4.4,507.3,29.0,32,0
1782818589.926,24.128,249.8,79.11,100,47,84,10296.8,7.3,249.9,79.11,100,46,76,2.4,1694.0,250.8,79.11,100,42,83,18425.0,16718.6,241.8,79.11,99,42,79,3.8,5.6,29.0,32,0
1782818590.371,24.574,248.5,79.11,100,38,84,4.5,5.2,250.2,79.11,100,43,76,8107.3,15278.1,249.5,79.11,100,42,82,13357.1,5.2,242.8,79.11,100,41,79,2.9,5147.9,29.0,32,0
1782818590.815,25.018,248.5,79.11,100,38,84,1701.5,1624.1,248.7,79.11,100,42,76,1641.4,1385.7,248.2,79.11,100,42,83,1767.4,1545.0,238.7,79.11,100,41,79,6242.0,5722.3,1.0,5,0
1782818591.265,25.467,246.2,79.11,84,36,84,7280.1,4539.5,222.4,79.11,67,9,76,5535.2,6030.5,224.2,79.11,78,5,82,5408.4,4367.2,210.7,79.11,100,19,78,7291.7,4369.0,1.0,104,0
1782818591.707,25.910,229.0,79.11,100,31,84,7674.2,4027.5,223.2,79.11,100,42,77,5418.1,5678.1,215.3,79.11,100,41,83,5023.9,3876.5,207.5,79.11,100,41,80,6810.3,4055.3,1.0,104,0
1782818592.160,26.363,235.7,79.11,100,37,84,4741.1,3806.0,246.6,79.11,100,43,77,6634.0,3829.0,228.9,79.11,100,42,83,4570.6,5621.1,236.4,79.11,100,42,80,4585.3,3751.1,1.0,104,0
1782818592.602,26.804,257.0,79.11,100,38,84,4609.0,5470.9,253.8,79.11,100,45,77,4719.1,3724.3,249.0,79.11,100,43,83,4496.4,6501.9,239.7,79.11,100,43,80,4499.5,4109.0,1.0,104,0
1782818593.052,27.255,250.5,79.11,100,38,84,6727.5,3807.5,253.6,79.11,100,45,77,4617.4,3810.3,249.0,79.11,100,44,83,6640.0,3809.6,240.2,79.11,100,43,80,4496.2,5514.3,1.0,104,0
1782818593.500,27.702,250.0,79.11,100,39,84,4609.5,3806.3,253.6,79.11,100,45,77,4486.2,5488.7,249.7,79.11,100,44,84,4627.1,3732.3,240.2,79.11,100,43,80,6776.6,3845.7,1.0,104,0
1782818593.942,28.145,250.0,79.11,100,39,84,5271.1,3697.5,251.9,79.11,100,46,77,6630.3,3893.5,249.7,79.11,100,44,84,4483.4,5511.2,240.6,79.11,100,43,80,4497.7,3847.8,2.0,104,0
1782818594.391,28.594,250.0,79.11,100,39,84,4525.0,5496.2,250.3,79.11,100,46,77,4489.2,3717.2,250.1,79.11,100,43,84,4364.9,5515.3,240.6,79.11,100,42,80,4762.6,3734.8,2.0,104,0
1782818594.834,29.037,250.0,79.11,100,39,84,4478.4,5542.5,249.9,79.11,100,45,77,4638.5,3720.8,249.7,79.11,100,43,84,6773.6,3627.0,240.2,79.11,100,43,80,4631.9,3723.0,2.0,104,0
1782818595.279,29.482,250.0,79.11,100,39,84,6092.5,3918.1,250.2,79.11,100,46,77,4486.5,3722.0,250.1,79.11,100,44,84,6641.3,3840.4,240.7,79.11,100,43,80,4438.8,5193.9,2.0,104,0
1782818595.723,29.925,250.0,79.11,100,40,84,7435.2,3702.4,250.3,79.11,100,46,77,4474.9,5596.3,250.9,79.11,100,44,84,4501.6,3730.7,241.6,79.11,100,44,80,4500.9,5517.2,2.0,104,0
1782818596.170,30.372,250.0,79.11,100,39,84,6792.4,3915.7,249.9,79.11,100,46,77,4490.3,5598.5,251.0,79.11,100,43,84,4758.7,3715.5,241.4,79.11,100,43,80,6112.8,4158.3,2.0,104,0
1782818596.611,30.813,250.0,79.11,100,39,84,4477.7,3858.4,250.0,79.11,100,45,77,4223.6,5531.4,251.0,79.11,100,44,84,4495.0,3631.3,241.3,79.11,100,43,80,6816.5,3974.6,2.0,104,0
1782818597.058,31.261,250.0,79.11,100,40,84,4609.2,3697.3,250.2,79.11,100,46,77,6668.5,3717.3,251.5,79.11,100,45,84,4382.4,3629.9,241.7,79.11,100,43,80,6676.1,3774.2,2.0,104,0
1782818597.499,31.702,250.0,79.11,100,39,85,4477.7,3692.8,250.2,79.11,100,46,77,6627.5,3826.2,251.8,79.11,100,44,84,4497.1,3521.0,241.7,79.11,100,43,80,6774.9,3733.9,2.0,104,0
1782818597.942,32.144,249.9,79.11,100,40,85,5666.6,3697.8,250.2,79.11,100,46,77,6648.5,3785.9,251.8,79.11,100,44,84,4500.0,5627.5,242.1,79.11,100,44,80,4721.1,3657.6,2.0,104,0
1782818598.389,32.591,250.0,79.11,100,39,85,4477.6,5578.8,249.9,79.11,100,45,77,4487.4,3797.6,251.8,79.11,100,43,84,4496.2,5625.4,242.1,79.11,100,43,80,4759.9,3700.0,2.0,104,0
1782818598.833,33.035,250.0,79.11,100,39,85,4469.1,5535.1,249.9,79.11,100,47,77,4616.6,3666.8,251.7,79.11,100,44,84,4646.9,5167.7,241.8,79.11,100,44,80,4537.7,3588.0,2.0,104,0
1782818599.277,33.480,250.1,79.11,100,40,85,4479.0,5432.9,250.1,79.11,100,46,77,4549.2,3502.2,251.1,79.11,100,43,85,6568.6,3681.3,242.0,79.11,100,44,80,4496.6,3633.9,2.0,104,0
1782818599.720,33.923,250.0,79.11,100,40,85,5692.4,4195.6,250.0,79.11,100,45,77,4568.6,3611.5,250.4,79.11,100,44,84,6640.7,3948.0,241.8,79.11,100,44,80,4497.2,5615.1,3.0,104,0
1782818600.166,34.368,250.0,79.11,100,39,85,6750.2,3698.4,250.0,79.11,100,46,77,4432.6,3555.1,250.1,79.11,100,44,85,6769.2,3927.8,242.0,79.11,100,44,80,4499.2,5626.7,3.0,104,0
1782818600.613,34.815,250.0,79.11,100,39,85,6619.7,3916.1,250.2,79.11,100,46,77,4488.4,5514.5,250.4,79.11,100,45,85,4762.9,3865.7,242.5,79.11,100,44,80,6626.0,3724.5,3.0,104,0
1782818601.059,35.261,249.9,79.11,100,39,85,4534.7,3643.3,250.1,79.11,100,46,78,4356.3,5450.9,250.2,79.11,100,45,85,4552.9,3592.6,242.7,79.11,100,44,81,6619.7,3627.3,3.0,104,0
1782818601.500,35.702,249.9,79.11,100,40,85,4519.1,3697.5,250.1,79.11,100,46,78,4489.7,5598.0,250.3,79.11,100,45,85,4735.7,3736.7,242.7,79.11,100,44,81,6542.6,3697.4,3.0,104,0
1782818601.941,36.144,250.1,79.11,100,41,85,4480.9,3697.7,250.1,79.11,100,47,78,4324.1,5491.0,250.3,79.11,100,45,85,4628.7,3625.0,243.0,79.11,100,44,81,6643.9,3526.9,3.0,104,0
1782818602.383,36.585,250.1,79.11,100,40,85,4610.8,3697.3,250.2,79.11,100,47,78,4357.8,5600.8,250.0,79.11,100,45,85,4626.5,3642.7,243.4,79.11,100,44,81,6642.0,3736.1,3.0,104,0
1782818602.826,37.029,250.1,79.11,100,40,85,4459.6,3480.0,249.9,79.11,100,46,78,4130.9,5381.1,249.8,79.11,100,44,85,4530.5,3716.8,242.9,79.11,100,44,81,6654.7,3962.6,4.0,104,0
1782818603.272,37.474,250.0,79.11,100,40,85,4610.4,3588.5,249.9,79.11,100,46,78,6629.8,3718.2,250.2,79.11,100,46,85,4494.7,3630.6,242.7,79.11,100,43,81,6642.4,3732.2,4.0,104,0
1782818604.165,38.368,249.9,79.11,100,41,85,4477.9,3588.2,250.1,79.11,100,47,78,6707.1,3935.1,250.2,79.11,100,45,85,4364.4,5508.8,243.1,79.11,100,44,81,4366.3,3624.5,4.0,104,0
1782818604.609,38.811,250.1,79.11,100,41,85,4425.5,3480.0,250.0,79.11,100,46,78,6628.6,3824.0,250.2,79.11,100,44,85,4363.8,5403.3,243.4,79.11,100,44,81,4610.8,3946.5,4.0,104,0
1782818605.055,39.258,250.1,79.11,100,41,85,4345.8,3660.9,249.9,79.11,100,46,78,6759.8,3748.8,250.1,79.11,100,45,85,4274.3,5512.2,243.2,79.11,100,44,81,4458.5,3593.7,4.0,104,0
1782818605.497,39.700,250.0,79.11,100,40,85,4346.0,3588.0,249.9,79.11,100,46,78,6740.8,3935.5,249.9,79.11,100,46,86,4496.6,5580.1,243.2,79.11,100,44,81,4497.6,3627.3,4.0,104,0
1782818605.940,40.142,249.9,79.11,100,40,85,4349.1,3606.4,249.9,79.11,100,46,78,6761.9,3825.3,249.9,79.11,100,46,86,4366.8,5423.4,243.2,79.11,100,44,80,4498.2,3736.2,5.0,104,0
1782818606.382,40.584,250.1,79.11,100,40,86,4347.5,3479.4,250.1,79.11,100,47,78,6759.7,3714.7,250.0,79.11,100,45,86,4363.6,5513.2,243.2,79.11,100,44,81,4760.8,3740.0,5.0,104,0
1782818606.823,41.026,250.1,79.11,100,40,86,4443.6,5251.5,250.2,79.11,100,47,78,4601.8,3716.7,250.1,79.11,100,45,86,4278.0,5492.3,243.5,79.11,100,44,81,4718.4,3745.3,5.0,104,0
1782818607.272,41.474,250.1,79.11,100,42,86,4214.2,5568.8,250.1,79.11,100,47,78,4488.9,3716.0,250.1,79.11,100,44,86,4360.1,5512.9,243.9,79.11,100,45,81,4514.4,3631.7,5.0,104,0
1782818607.713,41.916,250.0,79.11,100,41,86,4232.4,6020.1,249.9,79.11,100,47,78,5017.4,3725.4,250.2,79.11,100,45,86,6248.3,3954.4,244.1,79.11,100,45,81,4497.2,3525.7,5.0,104,0
1782818608.165,42.367,250.0,79.11,100,40,86,4346.0,5395.9,249.9,79.11,100,46,78,4618.3,3610.6,249.8,79.11,100,46,86,6112.0,3951.7,243.7,79.11,100,44,81,4613.3,3601.3,5.0,104,0
1782818608.607,42.810,250.0,79.11,100,40,86,4477.5,5454.7,249.8,79.11,100,46,78,4642.0,3596.5,249.8,79.11,100,45,86,6596.1,3845.9,243.3,79.11,100,44,81,5027.6,5727.3,5.0,104,0
1782818609.056,43.259,250.1,79.11,100,39,86,6687.9,3915.7,249.9,79.11,100,47,78,4357.0,3720.4,249.9,79.11,100,44,86,6639.4,3946.8,242.9,79.11,100,44,81,4499.7,5608.0,5.0,104,0
1782818609.500,43.702,250.0,79.11,100,40,86,6618.8,3915.7,249.9,79.11,100,47,78,4282.3,5485.3,250.1,79.11,100,45,86,4261.6,3605.2,242.9,79.11,100,44,81,4257.5,5431.0,5.0,104,0
1782818609.941,44.144,250.0,79.11,100,40,86,6530.4,3915.2,250.2,79.11,100,47,78,4361.5,5382.6,250.1,79.11,100,45,86,4367.5,3669.6,242.8,79.11,100,43,81,4369.7,5409.6,5.0,104,0
1782818610.384,44.587,250.0,79.11,100,40,86,6488.5,3915.8,250.2,79.11,100,46,78,4358.7,5379.6,250.1,79.11,100,45,86,4363.8,3560.3,243.1,79.11,100,45,81,4233.9,5519.5,5.0,104,0
1782818610.826,45.028,250.0,79.11,100,40,86,6883.5,3921.4,250.1,79.11,100,46,78,4311.7,5381.1,250.2,79.11,100,46,86,4535.4,3730.4,243.4,79.11,100,44,81,4367.6,5521.2,5.0,104,0
1782818611.271,45.474,250.0,79.11,100,40,86,6475.3,3806.9,250.2,79.11,100,47,78,4358.3,5381.9,250.2,79.11,100,46,86,4626.7,3734.3,243.6,79.11,100,44,81,4391.6,5262.8,5.0,104,0
1782818611.713,45.916,250.0,79.11,100,40,86,4876.0,4245.5,249.9,79.11,100,48,78,4755.7,5199.0,250.0,79.11,100,45,86,4573.0,3530.1,243.3,79.11,100,44,81,6553.8,3924.4,6.0,104,0
1782818612.164,46.366,250.1,79.11,100,40,86,4736.5,3625.1,249.6,79.11,100,46,78,6759.9,3935.7,249.9,79.11,100,44,86,4361.2,3626.3,242.3,79.11,100,44,81,6681.2,3747.4,6.0,104,0
1782818612.606,46.808,250.1,79.11,100,40,86,4525.8,3696.8,250.1,79.11,100,46,78,6622.6,3826.8,249.9,79.11,100,44,86,4273.8,5704.2,242.2,79.11,100,44,81,4630.0,4194.9,6.0,104,0
1782818613.051,47.254,250.0,79.11,100,40,86,4345.7,4941.5,250.3,79.11,100,46,78,4766.5,3608.0,250.0,79.11,100,44,87,4274.0,5493.3,242.7,79.11,100,45,81,4544.7,3626.4,6.0,104,0
1782818613.494,47.697,250.0,79.11,100,40,86,4479.3,5468.2,250.3,79.11,100,46,78,4487.8,3753.5,250.3,79.11,100,45,87,4364.1,5402.5,242.7,79.11,100,45,81,4693.2,3519.0,6.0,104,0
1782818613.938,48.140,250.0,79.11,100,39,86,4219.1,5470.7,250.1,79.11,100,46,78,4621.7,3502.5,250.3,79.11,100,45,87,4215.0,5400.8,243.0,79.11,100,44,81,4645.2,3630.1,6.0,104,0
1782818614.381,48.583,250.0,79.11,100,40,86,4257.0,5445.0,250.0,79.11,100,46,78,4590.9,3609.9,250.2,79.11,100,46,87,4364.2,5647.1,243.0,79.11,100,44,81,4667.7,3630.8,6.0,104,0
1782818614.824,49.026,250.0,79.11,100,40,86,4478.7,5580.9,250.0,79.11,100,47,78,4730.4,3610.1,250.0,79.11,100,45,87,6643.7,3839.6,242.9,79.11,100,44,81,4496.9,3743.3,7.0,104,0
1782818615.269,49.472,250.0,79.11,100,40,86,5760.5,4092.0,250.0,79.11,100,47,78,4488.4,3614.4,249.9,79.11,100,45,87,6506.2,3835.6,242.7,79.11,100,44,81,4364.7,4266.5,7.0,104,0
1782818615.713,49.915,250.1,79.11,100,40,86,6753.9,3701.1,250.1,79.11,100,47,79,4887.6,5385.3,250.1,79.11,100,45,87,4365.6,3728.9,242.7,79.11,100,44,81,4320.2,5410.4,7.0,104,0
1782818616.162,50.365,250.0,79.11,100,40,86,6615.7,3806.8,250.0,79.11,100,46,79,4227.9,5489.3,249.9,79.11,100,45,87,4414.0,3731.8,242.8,79.11,100,45,81,4237.5,5610.4,7.0,104,0
1782818616.605,50.807,250.0,79.11,100,40,86,6751.3,3915.2,250.0,79.11,100,46,78,4357.3,5599.4,250.2,79.11,100,46,87,4733.3,4167.5,243.2,79.11,100,44,81,4330.1,6004.7,7.0,104,0
1782818617.053,51.255,250.0,79.11,100,39,86,4477.6,3697.4,249.9,79.11,100,46,79,4226.0,5489.0,250.0,79.11,100,46,87,4625.3,3625.8,243.6,79.11,100,44,81,6756.2,3936.9,7.0,104,0
1782818617.495,51.697,249.9,79.11,100,39,86,4742.5,3588.5,249.9,79.11,100,46,79,4969.0,4933.9,250.0,79.11,100,45,87,4493.8,3518.1,243.6,79.11,100,44,81,6608.7,3823.8,7.0,104,0
1782818617.938,52.140,250.1,79.11,100,40,86,4744.4,3588.5,249.8,79.11,100,46,79,6518.0,3829.0,250.0,79.11,100,45,87,4496.1,3517.4,243.0,79.11,100,43,82,6642.8,3947.1,7.0,104,0
1782818618.380,52.582,250.0,79.11,100,40,86,4589.9,3588.4,250.0,79.11,100,47,79,6744.0,3935.2,250.0,79.11,100,44,87,4494.9,3734.8,242.8,79.11,100,44,82,6773.1,3840.9,7.0,104,0
1782818618.822,53.024,250.0,79.11,100,40,86,4477.7,3697.0,249.9,79.11,100,46,79,6760.0,3933.3,249.8,79.11,100,44,87,4278.5,5510.0,242.8,79.11,100,44,82,4761.5,3651.7,7.0,104,0
1782818619.266,53.469,249.9,79.11,100,39,87,4477.5,3877.1,250.1,79.11,100,46,79,5387.4,3826.6,250.1,79.11,100,45,87,4356.6,5422.8,242.8,79.11,100,45,82,4758.0,3631.4,7.0,104,0
1782818619.708,53.910,250.0,79.11,100,39,87,5271.7,5474.5,250.1,79.11,100,45,79,5412.0,3618.2,250.0,79.11,100,44,87,6641.0,3728.9,242.8,79.11,100,45,82,4343.2,3523.8,7.0,104,0
1782818620.163,54.365,250.0,79.11,100,39,87,4345.7,5580.9,250.1,79.11,100,46,79,4621.6,3533.1,250.1,79.11,100,46,87,6524.7,3836.4,242.5,79.11,100,44,82,4272.7,3525.3,7.0,104,0
1782818620.605,54.807,250.0,79.11,100,39,87,4567.5,5220.7,250.0,79.11,100,46,79,4618.5,3505.1,250.1,79.11,100,46,87,6610.1,4363.9,242.8,79.11,100,44,82,4371.2,5860.5,8.0,104,0
1782818621.052,55.254,250.0,79.11,100,40,87,6620.1,3850.8,249.9,79.11,100,47,79,4249.9,5096.9,249.8,79.11,100,44,87,4870.7,3774.8,242.8,79.11,100,43,82,4369.0,5430.9,8.0,104,0
1782818621.496,55.698,250.1,79.11,100,40,87,6751.8,3806.2,249.9,79.11,100,47,79,4263.0,5492.6,249.8,79.11,100,44,88,4624.7,3621.0,242.8,79.11,100,43,82,4328.1,5409.1,8.0,104,0
1782818621.936,56.139,250.1,79.11,100,40,87,6621.4,3756.8,249.8,79.11,100,47,79,4337.9,5490.1,249.8,79.11,100,44,88,4672.1,3620.7,242.2,79.11,100,44,82,4367.4,5261.4,8.0,104,0
1782818622.377,56.580,250.0,79.11,100,40,87,5089.4,3698.0,250.2,79.11,100,47,79,4376.8,5489.0,250.0,79.11,100,44,88,4754.8,3619.5,242.7,79.11,100,45,82,6640.9,3808.3,8.0,104,0
1782818622.819,57.021,250.0,79.11,100,40,87,4706.1,3697.5,250.2,79.11,100,45,79,4357.6,5490.0,250.2,79.11,100,44,88,4755.9,3531.3,243.0,79.11,100,45,82,7038.2,4436.7,8.0,104,0
1782818623.267,57.469,250.0,79.11,100,40,87,4741.2,3697.2,250.1,79.11,100,46,79,6626.8,3829.0,250.1,79.11,100,45,88,4493.1,3626.2,243.2,79.11,100,45,82,6510.8,3952.3,9.0,104,0
1782818623.709,57.912,249.9,79.11,100,40,87,5007.4,3590.8,250.1,79.11,100,46,79,7027.7,3831.5,250.1,79.11,100,46,88,4235.0,4689.0,243.4,79.11,100,44,82,4938.7,3850.0,9.0,104,0
1782818624.158,58.361,250.0,79.11,100,39,87,4442.3,3597.8,250.0,79.11,100,46,79,6647.3,3716.1,249.9,79.11,100,45,88,4235.5,5602.5,243.3,79.11,100,43,82,4654.6,3742.3,9.0,104,0
1782818624.646,58.849,250.1,79.11,100,40,87,4478.1,3589.5,250.1,79.11,100,47,79,4225.4,6037.9,249.8,79.11,100,44,88,4630.6,4090.1,242.9,79.11,100,44,82,6649.9,3764.7,9.0,104,0
1782818625.097,59.300,250.1,79.11,100,41,87,4742.0,3639.0,250.1,79.11,100,47,79,6628.6,3718.5,250.0,79.11,100,44,88,4231.0,3506.0,243.0,79.11,100,44,82,6690.9,3950.1,9.0,104,0
1782818625.540,59.742,250.0,79.11,100,40,87,4478.0,3588.6,250.1,79.11,100,47,79,6629.4,3717.8,250.1,79.11,100,45,88,4362.6,3622.7,243.3,79.11,100,45,82,6733.3,3866.5,9.0,104,0
1782818625.982,60.185,250.0,79.11,100,40,87,4971.8,3697.3,250.0,79.11,100,46,79,6630.4,3932.8,250.0,79.11,100,45,88,4494.4,5505.6,243.3,79.11,100,45,82,4499.1,3810.5,9.0,104,0
1782818626.424,60.626,250.0,79.11,100,40,87,4477.5,3588.6,249.9,79.11,100,46,79,6627.1,3717.0,250.0,79.11,100,45,88,4229.8,4942.3,243.3,79.11,100,44,82,5022.7,3677.0,10.0,104,0
1782818626.865,61.067,249.9,79.11,100,40,87,4610.3,3588.1,250.1,79.11,100,46,79,6627.3,3821.1,250.0,79.11,100,46,88,4364.9,5290.6,243.6,79.11,100,45,82,4272.0,3739.8,10.0,104,0
1782818627.307,61.510,249.9,79.11,100,40,87,4412.3,3479.5,250.0,79.11,100,46,79,6628.2,3716.2,249.9,79.11,100,44,88,4363.1,5254.4,243.7,79.11,100,43,82,4497.9,3673.7,10.0,104,0
1782818627.749,61.951,250.1,79.11,100,41,87,4606.4,3699.8,250.0,79.11,100,47,79,6609.6,3714.4,249.9,79.11,100,45,88,4233.0,5598.4,243.8,79.11,100,44,82,4499.6,3630.8,10.0,104,0
1782818628.192,62.394,250.1,79.11,100,39,87,4479.9,3529.8,249.9,79.11,100,45,79,6651.8,3838.5,249.8,79.11,100,44,88,4393.6,5509.5,243.1,79.11,100,45,82,4539.3,3624.7,10.0,104,0
1782818628.633,62.835,250.0,79.11,100,40,87,4346.6,3479.5,250.0,79.11,100,46,79,6627.6,3825.3,250.1,79.11,100,45,88,4363.7,5602.6,243.2,79.11,100,45,82,5031.0,3658.7,10.0,104,0
1782818629.079,63.282,250.0,79.11,100,40,87,4345.7,5585.6,250.0,79.11,100,46,79,4619.6,3612.8,250.3,79.11,100,46,88,4232.0,5512.1,243.5,79.11,100,44,82,4717.9,3632.4,10.0,104,0
1782818629.524,63.726,250.1,79.11,100,39,87,4234.6,5517.5,250.0,79.11,100,46,79,4751.9,3668.5,250.0,79.11,100,46,88,5737.3,4514.9,243.4,79.11,100,43,82,4629.2,3630.6,10.0,104,0
1782818629.965,64.167,249.9,79.11,100,40,87,4873.4,5472.2,250.0,79.11,100,47,79,4612.9,3613.7,249.9,79.11,100,44,88,6638.5,3727.3,243.4,79.11,100,43,82,4369.1,3636.1,10.0,104,0
1782818630.414,64.616,250.0,79.11,100,41,87,5257.5,4488.5,249.9,79.11,100,47,79,4600.3,3504.4,249.9,79.11,100,44,88,6597.8,3852.9,243.2,79.11,100,44,82,4237.5,4840.4,10.0,104,0
1782818630.855,65.057,250.1,79.11,100,40,87,6486.8,3536.7,250.1,79.11,100,47,79,4355.6,3613.4,250.0,79.11,100,45,88,6549.0,3764.4,243.4,79.11,100,44,82,4327.8,4731.8,10.0,104,0
1782818631.297,65.499,250.1,79.11,100,40,87,6507.2,3702.7,250.1,79.11,100,46,79,4431.4,3429.3,250.0,79.11,100,45,88,6505.6,3837.4,243.5,79.11,100,44,82,4367.8,5435.7,10.0,104,0
1782818631.738,65.941,250.0,79.11,100,39,87,6664.6,4135.5,249.9,79.11,100,46,79,4361.2,3505.1,250.2,79.11,100,46,88,5596.2,3679.0,243.5,79.11,100,44,82,4236.4,5516.9,10.0,104,0
1782818632.189,66.391,250.0,79.11,100,40,87,6618.4,3806.5,250.2,79.11,100,47,79,4229.5,5137.9,250.2,79.11,100,47,89,4577.8,3727.6,244.0,79.11,100,44,82,4329.0,5409.1,11.0,104,0
1782818632.631,66.833,249.9,79.11,100,40,87,6487.0,3806.0,250.2,79.11,100,48,79,4226.4,3611.9,250.2,79.11,100,46,89,6809.8,3951.7,244.8,79.11,100,44,82,4266.3,5433.5,11.0,104,0
1782818633.079,67.282,250.1,79.11,100,41,87,6619.0,3697.9,250.1,79.11,100,48,79,4227.2,5506.3,250.0,79.11,100,45,89,4630.9,3514.0,244.9,79.11,100,45,82,4236.8,5518.2,11.0,104,0
1782818633.526,67.729,250.0,79.11,100,40,87,6255.0,3807.2,250.1,79.11,100,48,79,4284.8,5383.1,250.0,79.11,100,46,89,4494.5,3618.7,244.4,79.11,100,45,82,4366.5,5518.5,11.0,104,0
1782818633.968,68.170,249.9,79.11,100,40,88,6488.5,3808.9,249.7,79.11,100,46,79,4348.4,5466.9,249.8,79.11,100,46,89,4495.0,3618.5,244.4,79.11,100,45,82,4216.3,5519.1,11.0,104,0
1782818634.411,68.613,250.0,79.11,100,40,88,6640.5,3807.7,249.7,79.11,100,46,79,4226.8,5382.5,249.8,79.11,100,46,89,4745.5,3512.1,244.0,79.11,100,44,82,4319.0,5625.0,11.0,104,0
1782818634.853,69.056,250.1,79.11,100,40,88,6485.1,3698.9,249.9,79.11,100,46,80,4292.8,5381.4,249.8,79.11,100,46,89,4494.9,3624.3,243.9,79.11,100,44,82,4354.4,5531.4,11.0,104,0
1782818635.294,69.496,250.1,79.11,100,40,88,6619.5,3781.7,250.0,79.11,100,48,80,4418.0,5492.5,250.0,79.11,100,45,89,4755.3,3725.5,244.1,79.11,100,44,82,4368.2,5734.5,12.0,104,0
1782818635.734,69.937,250.0,79.11,100,40,88,7806.4,3702.9,250.1,79.11,100,47,80,4361.2,5491.8,250.1,79.11,100,45,89,4623.0,3512.8,243.9,79.11,100,45,82,6733.9,3740.6,12.0,104,0
1782818636.183,70.386,249.9,79.11,100,40,88,4360.8,3698.5,250.1,79.11,100,47,80,4357.5,5492.2,250.1,79.11,100,45,89,4623.2,3514.7,243.6,79.11,100,44,82,6247.1,3849.0,12.0,104,0
1782818636.625,70.827,250.0,79.11,100,40,88,4477.4,3697.5,249.8,79.11,100,46,80,4329.7,5383.3,250.1,79.11,100,46,89,5286.0,3608.7,243.7,79.11,100,44,82,7282.2,3957.7,12.0,104,0
1782818637.073,71.275,250.0,79.11,100,40,88,4741.7,3588.6,249.8,79.11,100,47,80,6252.1,3940.7,249.8,79.11,100,45,89,4493.0,3623.6,243.2,79.11,100,43,82,6906.6,3957.4,12.0,104,0
1782818637.517,71.720,250.0,79.11,100,40,88,4558.4,3479.7,249.8,79.11,100,47,80,6759.1,3719.4,249.8,79.11,100,45,89,4230.8,3621.6,243.3,79.11,100,44,82,6529.3,3918.0,12.0,104,0
1782818637.959,72.161,250.0,79.11,100,41,88,4741.5,3591.0,250.0,79.11,100,48,80,6428.9,3615.6,250.1,79.11,100,45,89,4386.2,3409.4,243.3,79.11,100,44,82,6515.5,3864.1,13.0,104,0
1782818638.399,72.601,250.0,79.11,100,39,88,4742.6,3588.7,250.2,79.11,100,47,80,6498.0,3610.5,250.1,79.11,100,45,89,4367.1,3513.8,243.6,79.11,100,45,82,6641.9,3953.2,13.0,104,0
1782818638.843,73.045,250.0,79.11,100,39,88,4580.2,3589.2,250.0,79.11,100,46,80,6629.0,3626.9,250.2,79.11,100,45,89,4493.0,3513.5,243.7,79.11,100,45,82,7549.1,3817.3,13.0,104,0
1782818639.291,73.493,250.0,79.11,100,40,88,4610.0,3479.7,250.0,79.11,100,47,80,6499.9,3715.6,250.0,79.11,100,46,89,4230.2,3514.6,243.6,79.11,100,44,82,6705.3,3765.6,13.0,104,0
1782818639.733,73.935,249.9,79.11,100,40,88,4349.2,4200.1,250.0,79.11,100,47,80,6746.2,3939.4,249.9,79.11,100,45,89,4474.6,5509.5,243.6,79.11,100,43,82,4517.7,3648.6,13.0,104,0
1782818640.179,74.382,250.1,79.11,100,41,88,4477.6,3588.2,250.2,79.11,100,48,80,6518.8,3734.3,250.0,79.11,100,45,89,4232.0,5417.1,243.9,79.11,100,44,82,4497.2,3735.4,13.0,104,0
1782818640.620,74.822,250.0,79.11,100,40,88,4537.4,3479.3,250.1,79.11,100,47,80,6567.5,3825.2,250.0,79.11,100,45,89,4229.9,5637.6,244.0,79.11,100,45,83,4547.1,3707.3,13.0,104,0
1782818641.064,75.266,250.0,79.11,100,39,88,4345.8,3552.0,250.0,79.11,100,46,80,6686.8,3935.8,250.1,79.11,100,46,89,4362.8,5482.3,243.8,79.11,100,45,82,4500.1,3687.8,13.0,104,0
1782818641.505,75.707,250.0,79.11,100,39,88,4479.5,3678.6,250.0,79.11,100,46,80,6629.9,3825.3,250.2,79.11,100,46,89,4231.2,5484.2,243.8,79.11,100,45,82,4518.5,3667.8,13.0,104,0
1782818641.948,76.151,250.0,79.11,100,40,88,4217.1,3752.0,249.9,79.11,100,47,80,6630.1,3716.2,250.2,79.11,100,46,89,4323.3,5397.7,243.8,79.11,100,45,83,4631.4,3739.4,13.0,104,0
1782818642.393,76.596,250.0,79.11,100,41,88,4477.6,3588.1,250.1,79.11,100,48,80,6498.7,3936.0,249.9,79.11,100,46,89,4231.2,5488.5,243.9,79.11,100,44,83,4496.8,3629.2,13.0,104,0
1782818642.835,77.038,250.0,79.11,100,41,88,4346.8,3551.1,250.0,79.11,100,48,80,6496.6,3824.4,250.0,79.11,100,46,89,4272.9,3463.6,244.2,79.11,100,45,83,6043.4,3739.6,13.0,104,0
1782818643.281,77.483,250.0,79.11,100,40,88,4477.4,3557.9,249.9,79.11,100,47,80,6495.2,3934.1,250.1,79.11,100,45,89,4249.1,5181.4,244.1,79.11,100,45,83,4629.3,3681.8,13.0,104,0
1782818643.727,77.929,250.0,79.11,100,40,88,4480.4,3593.1,250.0,79.11,100,47,80,6501.7,3827.1,249.9,79.11,100,46,89,4249.1,4482.9,244.0,79.11,100,45,83,5064.3,3742.1,14.0,104,0
1782818644.610,78.812,250.1,79.11,100,41,88,4611.0,3588.1,250.0,79.11,100,47,80,6648.2,3719.8,249.9,79.11,100,45,89,4282.5,3604.7,243.8,79.11,100,45,83,6818.2,3957.8,14.0,104,0
1782818645.055,79.257,250.0,79.11,100,39,88,4567.2,3479.4,249.9,79.11,100,46,80,6565.2,3933.0,250.1,79.11,100,45,89,4471.8,3979.1,243.4,79.11,100,44,83,5383.8,3852.5,14.0,104,0
1782818645.496,79.698,250.0,79.11,100,40,88,4478.5,3588.1,249.9,79.11,100,46,80,6630.8,3824.9,250.0,79.11,100,46,89,4309.0,4959.9,243.4,79.11,100,44,83,4934.0,3759.7,14.0,104,0
1782818645.936,80.139,249.9,79.11,100,40,88,4571.9,3480.0,249.9,79.11,100,47,80,6502.3,3714.3,250.0,79.11,100,46,89,4322.5,3603.8,243.4,79.11,100,44,83,6529.1,3846.5,14.0,104,0
1782818646.377,80.579,250.1,79.11,100,41,88,4527.3,3480.0,250.0,79.11,100,48,80,6628.3,3826.8,249.8,79.11,100,46,89,4364.0,3509.8,243.7,79.11,100,44,83,6685.5,3844.9,14.0,104,0
1782818646.818,81.021,250.1,79.11,100,41,88,4563.8,3479.7,250.0,79.11,100,47,80,6628.2,3719.9,250.0,79.11,100,45,89,4498.8,3407.9,244.0,79.11,100,45,83,7258.6,3780.1,15.0,104,0
1782818647.263,81.465,250.0,79.11,100,40,88,4557.3,3479.7,250.0,79.11,100,46,80,6514.5,3826.4,250.0,79.11,100,45,89,4537.4,3520.5,243.9,79.11,100,45,83,6555.8,3740.0,15.0,104,0
1782818647.708,81.910,250.0,79.11,100,40,88,5666.8,3483.0,250.0,79.11,100,47,80,7162.2,3861.8,250.2,79.11,100,47,89,4235.5,3404.9,244.4,79.11,100,45,83,5714.1,3737.2,15.0,104,0
1782818648.158,82.361,249.9,79.11,100,40,88,4609.1,3479.8,250.2,79.11,100,48,80,6628.5,3827.7,250.0,79.11,100,46,89,4230.0,3497.9,244.7,79.11,100,44,83,6733.3,3953.6,15.0,104,0
1782818648.599,82.802,250.0,79.11,100,41,88,4609.5,3479.8,250.1,79.11,100,48,80,6235.7,3828.0,249.9,79.11,100,45,89,4545.3,3623.2,244.8,79.11,100,45,83,6907.9,3954.9,15.0,104,0
1782818649.043,83.245,250.0,79.11,100,40,88,4552.4,3479.6,250.1,79.11,100,48,80,6628.4,3610.6,250.0,79.11,100,46,89,4490.6,3622.4,244.6,79.11,100,45,83,6510.9,4061.1,15.0,104,0
1782818649.484,83.687,250.0,79.11,100,40,88,4540.6,3479.7,250.0,79.11,100,47,80,6627.5,3726.1,250.1,79.11,100,47,89,4478.5,3623.4,244.6,79.11,100,45,83,6552.4,3769.8,15.0,104,0
1782818649.925,84.128,249.9,79.11,100,40,88,4548.0,3808.5,249.9,79.11,100,47,80,6912.1,3722.6,250.1,79.11,100,47,89,4435.1,3511.0,244.3,79.11,100,44,83,6641.6,3954.7,16.0,104,0
1782818650.371,84.573,250.0,79.11,100,41,88,4609.2,3589.2,250.0,79.11,100,47,80,6101.7,4044.3,250.1,79.11,100,46,89,4493.9,3537.8,244.6,79.11,100,44,83,6613.9,3954.1,16.0,104,0
1782818650.814,85.017,250.0,79.11,100,41,88,4743.1,3655.0,250.2,79.11,100,48,80,6742.9,3723.5,250.1,79.11,100,46,89,4493.8,3622.5,244.7,79.11,100,45,83,6640.9,3956.5,16.0,104,0
1782818651.256,85.459,250.1,79.11,100,40,88,4609.6,3588.9,250.0,79.11,100,47,80,5969.9,3939.2,249.9,79.11,100,45,89,4494.2,3622.7,244.5,79.11,100,45,83,6509.4,3845.0,16.0,104,0
1782818651.700,85.902,250.0,79.11,100,40,88,4477.8,3514.3,249.9,79.11,100,47,80,4619.4,4504.1,250.0,79.11,100,47,89,4763.1,3604.2,244.5,79.11,100,45,83,6511.0,3844.7,16.0,104,0
1782818652.148,86.350,250.0,79.11,100,40,88,4609.3,3697.0,249.9,79.11,100,47,80,6101.2,3937.6,250.0,79.11,100,46,89,4492.9,3619.4,244.5,79.11,100,44,83,6644.0,3737.1,16.0,104,0
1782818652.587,86.790,250.0,79.11,100,41,88,4477.6,3659.4,249.9,79.11,100,48,80,4303.0,5492.3,249.9,79.11,100,46,89,4496.1,3406.7,244.7,79.11,100,44,83,6777.3,4289.7,16.0,104,0
1782818653.032,87.234,250.0,79.11,100,41,88,4478.7,3588.5,249.9,79.11,100,48,80,4474.3,5315.1,250.0,79.11,100,45,89,4495.1,3514.4,244.5,79.11,100,45,83,6687.9,3848.1,16.0,104,0
1782818653.472,87.674,250.0,79.11,100,40,88,4477.9,3479.7,250.1,79.11,100,46,80,4195.3,5381.9,249.9,79.11,100,46,89,4626.7,3514.2,244.5,79.11,100,45,83,5987.7,4065.0,16.0,104,0
1782818653.911,88.114,250.0,79.11,100,40,89,6488.4,3744.1,249.9,79.11,100,47,80,4231.5,5386.5,249.9,79.11,100,46,89,4493.0,3732.1,244.4,79.11,100,45,83,4237.0,5520.8,16.0,104,0
1782818654.354,88.557,250.0,79.11,100,41,89,6487.6,3806.2,249.9,79.11,100,48,80,4279.8,5392.2,250.0,79.11,100,46,89,4493.3,3670.2,244.5,79.11,100,44,83,4241.5,5517.5,16.0,104,0
1782818654.799,89.001,250.0,79.11,100,41,89,6490.5,3806.1,250.1,79.11,100,48,80,4339.4,5489.1,250.0,79.11,100,46,89,4493.7,3712.3,244.7,79.11,100,44,83,4237.4,5739.3,16.0,104,0
1782818655.241,89.444,250.0,79.11,100,40,89,6618.4,3789.0,250.1,79.11,100,47,80,4225.7,3505.2,250.1,79.11,100,46,89,5550.7,3725.6,244.7,79.11,100,45,83,4327.1,5462.3,16.0,104,0
1782818655.686,89.889,249.9,79.11,100,40,89,6486.7,3722.9,250.0,79.11,100,47,80,4474.8,3509.3,249.9,79.11,100,46,89,6667.8,3737.6,244.6,79.11,100,45,83,4239.5,5517.6,17.0,104,0
1782818656.131,90.334,250.0,79.11,100,40,89,6490.6,3806.1,250.0,79.11,100,48,80,4226.9,3610.8,249.9,79.11,100,46,89,6641.1,3744.9,244.9,79.11,100,44,83,4235.4,5521.3,17.0,104,0
1782818656.575,90.778,250.0,79.11,100,41,89,6486.9,3761.1,250.2,79.11,100,48,80,4356.7,3502.2,249.9,79.11,100,45,89,6640.2,3835.7,244.9,79.11,100,45,83,4305.3,6291.5,17.0,104,0
1782818657.023,91.225,250.0,79.11,100,40,89,6620.1,3670.9,250.2,79.11,100,48,80,4305.8,3503.3,250.1,79.11,100,46,89,6569.2,3731.5,244.7,79.11,100,45,83,4331.4,5521.7,17.0,104,0
1782818657.467,91.669,250.0,79.11,100,40,89,6486.6,3813.1,250.1,79.11,100,48,80,4242.2,3535.3,250.3,79.11,100,47,89,6527.1,3698.0,244.7,79.11,100,45,83,4238.5,5475.5,17.0,104,0
1782818657.916,92.118,250.1,79.11,100,40,89,6620.3,3700.2,250.1,79.11,100,48,80,4248.6,3613.7,250.3,79.11,100,47,89,6769.4,3729.9,245.1,79.11,100,45,83,4147.8,5519.2,17.0,104,0
1782818658.359,92.561,250.0,79.11,100,42,89,6071.5,3918.0,250.1,79.11,100,49,80,4357.3,3506.2,249.9,79.11,100,46,89,6506.4,3764.3,245.5,79.11,100,45,83,4277.6,3635.0,17.0,104,0
1782818658.802,93.004,250.0,79.11,100,42,89,4153.1,5363.1,250.0,79.11,100,47,80,4490.1,3407.2,250.0,79.11,100,46,89,6506.1,3733.4,245.4,79.11,100,45,83,4465.7,3612.6,18.0,104,0
1782818659.247,93.449,249.9,79.11,100,40,89,4214.3,5434.6,249.8,79.11,100,47,80,4506.6,3613.3,249.9,79.11,100,47,89,6638.3,3530.6,245.0,79.11,100,44,83,4368.8,3526.1,18.0,104,0
1782818659.689,93.892,250.0,79.11,100,40,89,4214.1,5583.4,249.8,79.11,100,48,80,4491.8,3953.4,249.9,79.11,100,46,89,6734.7,3734.5,244.7,79.11,100,44,83,4349.3,3523.2,18.0,104,0
1782818660.138,94.341,250.0,79.11,100,41,89,4214.2,5404.4,250.1,79.11,100,47,81,4619.8,3505.3,249.9,79.11,100,45,89,6191.9,3792.1,244.6,79.11,100,45,83,4499.8,3538.9,18.0,104,0
1782818660.584,94.786,250.1,79.11,100,40,88,4214.1,5325.6,250.1,79.11,100,47,81,4620.2,3503.9,250.1,79.11,100,47,89,6488.4,3670.9,244.9,79.11,100,44,83,4719.9,3636.4,18.0,104,0
1782818661.027,95.230,250.0,79.11,100,39,89,4215.7,5363.8,250.1,79.11,100,47,81,4751.4,3504.1,249.9,79.11,100,45,89,5632.5,4361.1,244.5,79.11,100,44,83,4367.4,3526.4,18.0,104,0
1782818661.473,95.675,250.1,79.11,100,40,89,4213.9,5472.3,249.8,79.11,100,46,81,4659.8,3507.0,249.8,79.11,100,45,89,5680.0,4276.8,244.5,79.11,100,44,83,4578.5,3523.8,18.0,104,0
1782818661.917,96.119,250.1,79.11,100,41,89,4215.8,5365.3,249.9,79.11,100,48,81,4698.3,3504.2,249.8,79.11,100,45,89,6029.1,4062.2,244.6,79.11,100,44,83,4489.6,3633.6,19.0,104,0
1782818662.358,96.561,250.0,79.11,100,40,89,4345.6,5364.8,250.3,79.11,100,47,81,4529.5,3614.6,249.9,79.11,100,45,89,4231.1,5512.4,244.7,79.11,100,45,83,4434.1,3601.4,19.0,104,0
1782818662.800,97.003,250.0,79.11,100,40,89,4217.2,5363.9,250.0,79.11,100,47,81,4586.5,3610.8,249.9,79.11,100,46,89,4231.9,5383.2,244.6,79.11,100,45,83,4481.2,3419.1,19.0,104,0
1782818663.242,97.445,250.0,79.11,100,39,89,4223.9,5468.3,249.7,79.11,100,47,81,4360.6,3614.4,250.0,79.11,100,46,89,4232.6,5492.7,244.3,79.11,100,43,83,4496.0,3416.5,19.0,104,0
1782818663.685,97.887,250.1,79.11,100,40,89,4346.1,3591.5,250.1,79.11,100,47,81,6762.7,3829.8,249.9,79.11,100,46,89,4260.9,5405.6,244.6,79.11,100,45,83,4632.9,3556.1,19.0,104,0
1782818664.128,98.331,250.0,79.11,100,40,89,4439.4,3479.5,250.0,79.11,100,47,81,6574.6,3825.9,250.1,79.11,100,46,89,4232.7,5511.1,244.8,79.11,100,45,83,4499.6,3633.1,19.0,104,0
1782818664.575,98.777,249.9,79.11,100,40,89,4477.5,3696.7,250.0,79.11,100,47,81,6515.0,3758.3,250.0,79.11,100,47,89,4364.9,5510.3,245.1,79.11,100,44,83,4563.5,3526.3,19.0,104,0
1782818665.017,99.220,249.9,79.11,100,40,89,4348.6,3479.4,250.0,79.11,100,47,81,6497.5,3749.9,249.9,79.11,100,46,89,4232.8,5510.5,245.0,79.11,100,44,83,4500.2,3741.4,19.0,104,0
1782818665.458,99.661,250.0,79.11,100,40,89,4382.5,3479.3,249.9,79.11,100,48,81,6477.4,3825.7,249.9,79.11,100,46,89,4343.7,4354.8,245.0,79.11,100,44,83,5451.1,3744.3,19.0,104,0
1782818665.906,100.109,250.1,79.11,100,41,89,4477.7,3479.6,250.1,79.11,100,47,81,6642.3,3838.5,250.1,79.11,100,46,89,4364.3,4081.1,244.9,79.11,100,45,83,0.6,0.5,19.0,104,0
1782818666.347,100.550,250.1,79.11,100,41,89,100.7,8266.1,243.3,79.11,100,47,79,10362.5,30.6,250.1,79.11,100,45,89,9024.4,7858.9,238.3,79.11,45,21,82,1073.6,8130.5,,,
1782818667.767,101.970,256.5,79.11,98,39,89,6006.2,5926.9,251.7,79.11,98,47,81,10364.8,8582.5,252.1,79.11,98,45,89,5254.8,9445.8,240.0,79.11,98,46,83,23199.1,16230.0,19.0,104,0
1782818668.747,102.950,248.4,79.11,99,49,89,8.3,6.9,244.1,79.11,99,43,81,8107.7,14113.2,244.5,79.11,99,43,88,13873.9,4.2,234.3,79.11,99,41,82,1.8,4.4,19.0,104,0
1782818669.195,103.397,250.4,79.11,99,44,89,17556.1,13855.9,255.7,79.11,100,42,81,6201.2,4.5,252.5,79.11,100,47,89,1.8,492.0,247.1,79.11,100,55,84,19758.7,15756.8,19.0,104,0
1782818669.636,103.839,250.5,79.11,99,40,89,3.4,10.6,250.3,79.11,100,53,81,13801.8,14153.4,251.2,79.11,100,54,89,9024.5,11.1,245.4,79.11,100,51,84,4.6,14369.8,19.0,104,0
1782818670.089,104.292,248.8,79.11,99,36,89,2.0,17119.1,249.4,79.11,100,40,81,20706.0,6.3,248.6,79.11,100,40,88,4.5,536.6,243.5,79.11,100,38,83,19709.2,17217.5,19.0,104,0
1782818670.535,104.737,248.6,79.11,100,35,89,17676.0,4251.2,249.4,79.11,100,40,81,3.1,5.3,247.4,79.11,100,39,88,16748.7,14636.4,238.3,79.11,100,38,84,5851.4,5.0,19.0,104,0
1782818670.976,105.178,248.4,79.11,99,36,89,17333.3,4688.9,248.2,79.11,100,40,80,2.7,5.1,251.9,79.11,100,44,89,489.9,15381.3,238.3,79.11,100,38,84,16723.0,4061.1,19.0,104,0
1782818671.419,105.622,250.2,79.11,99,37,89,3.6,17114.6,251.9,79.11,100,58,81,20707.3,4.9,251.9,79.11,100,44,89,1.9,5.2,240.7,79.11,100,56,84,1116.7,16810.1,19.0,104,0
1782818671.866,106.068,251.1,79.11,99,39,89,1.8,4.2,251.6,79.11,100,57,81,506.2,17188.8,251.7,79.11,100,47,89,20755.6,8.1,243.0,79.11,100,55,84,5.8,4.5,19.0,104,0
1782818672.315,106.518,251.1,79.11,99,39,89,17294.5,14258.5,248.0,79.11,99,43,81,3.4,4.6,248.9,79.11,100,46,89,2.6,10994.6,240.3,79.11,99,49,84,16542.7,8594.5,19.0,104,0
1782818672.757,106.959,250.6,79.11,100,38,89,6.3,4.4,251.5,79.11,99,46,81,20264.5,15970.7,249.8,79.11,100,45,89,46.4,4.7,242.3,79.11,100,46,84,1.9,605.8,19.0,104,0
1782818673.204,107.407,249.6,79.11,100,39,89,5582.8,4.0,250.4,79.11,100,42,80,1.8,3.8,250.9,79.11,100,42,89,16120.2,14208.7,243.1,79.11,99,42,83,7006.4,4.5,19.0,104,0
1782818673.647,107.849,249.5,79.11,100,44,89,6851.1,14341.6,249.5,79.11,99,41,80,14714.6,10.4,250.0,79.11,99,39,89,2.0,521.6,241.7,79.11,99,39,83,19740.0,17201.6,19.0,104,0
1782818674.097,108.299,249.7,79.11,100,45,89,5935.9,14660.4,250.5,79.11,99,40,81,16706.6,5.3,249.4,79.11,99,40,88,4.8,4403.0,242.2,79.11,99,38,83,17687.6,14273.5,19.0,104,0
1782818674.537,108.740,248.2,79.11,100,35,89,17766.9,11160.9,250.5,79.11,99,40,81,3.8,5.6,249.6,79.11,100,38,89,9670.3,14612.6,239.0,79.11,100,38,83,12997.6,5.5,4.0,0,71
1782818674.978,109.181,247.2,79.11,98,32,89,6.0,17118.7,249.9,79.11,100,39,82,20704.1,4.3,242.4,79.11,99,46,88,3.6,4.3,239.0,79.11,100,38,83,3295.9,14845.1,4.0,0,71
1782818675.422,109.624,251.1,79.11,100,52,89,20708.5,4.1,244.3,79.11,100,50,81,4.2,4.0,242.4,79.11,99,46,88,1.7,3514.9,232.9,79.11,99,48,84,17059.5,15769.7,4.0,0,71
1782818675.863,110.065,252.1,79.11,99,43,89,1.7,3.7,247.2,79.11,100,41,80,1.7,9456.9,246.7,79.11,100,41,89,19063.1,7880.9,238.1,79.11,100,39,83,4.5,4.0,4.0,0,71
1782818676.305,110.508,252.1,79.11,99,43,89,1502.7,15792.9,254.4,79.11,100,58,81,20218.2,4.5,254.0,79.11,100,51,89,1.9,4.4,248.1,79.11,100,58,84,8854.1,14523.5,4.0,0,71
1782818676.748,110.950,249.5,79.11,99,38,89,8.3,9606.8,251.7,79.11,100,54,82,17403.8,8445.1,252.1,79.11,100,52,89,2.0,5.2,244.8,79.11,100,53,84,6669.4,14541.4,4.0,0,71
1782818677.192,111.394,249.1,79.11,99,37,89,20708.2,17114.2,249.3,79.11,99,41,81,2.1,5.5,249.1,79.11,100,39,88,1077.4,16797.5,243.5,79.11,99,38,84,20748.9,6.2,4.0,0,71
1782818677.633,111.835,249.4,79.11,100,35,89,20708.0,5.0,249.6,79.11,100,41,81,4.3,4.8,249.1,79.11,100,38,89,10056.4,14499.0,238.0,79.11,100,40,84,10083.5,8.4,4.0,0,71
1782818678.082,112.285,248.6,79.11,100,36,89,20708.5,17085.2,251.2,79.11,100,53,82,1.9,4.7,252.0,79.11,100,56,89,4.5,578.2,241.2,79.11,100,52,84,19708.0,17200.0,4.0,0,71
1782818678.524,112.727,249.4,79.11,100,36,89,3.6,4.1,251.2,79.11,100,53,82,20246.8,17109.5,252.8,79.11,100,58,89,2.8,4.5,242.2,79.11,100,49,84,1.9,624.9,4.0,0,71
1782818678.968,113.170,250.5,79.11,99,38,89,20092.5,4.1,250.0,79.11,100,52,82,2.8,4.3,248.4,79.11,99,54,89,7729.9,14329.5,242.2,79.11,100,49,84,15319.8,4.9,4.0,0,71
1782818679.412,113.615,249.7,79.11,99,38,89,1.7,12418.5,250.6,79.11,99,55,82,17037.9,6850.9,248.4,79.11,99,54,89,1.9,4.4,241.8,79.11,100,54,84,392.5,12375.5,4.0,0,71
1782818679.854,114.057,249.5,79.11,99,37,89,1.9,4.0,250.9,79.11,100,58,82,2.6,75.5,251.2,79.11,100,53,89,19710.3,17197.0,244.8,79.11,100,56,84,8.7,4.7,4.0,0,71
1782818680.300,114.502,249.5,79.11,99,37,89,11170.5,14297.3,249.3,79.11,99,41,82,11723.1,4.5,251.0,79.11,100,49,89,4.5,4.3,242.4,79.11,99,50,84,15724.6,14331.4,4.0,0,71
1782818680.741,114.944,250.0,79.11,100,37,89,7.6,9.8,249.5,79.11,100,49,81,13589.4,14331.9,249.4,79.11,100,48,89,9025.4,5.0,242.4,79.11,99,49,84,2.9,582.0,4.0,0,71
1782818681.185,115.387,250.3,79.11,100,37,89,2.0,4.8,250.7,79.11,99,41,81,20261.0,17113.7,249.9,79.11,100,40,88,2.1,5.7,243.3,79.11,99,39,83,1085.5,16802.1,4.0,0,71
1782818681.625,115.828,247.8,79.11,100,36,89,3.2,15550.5,249.6,79.11,100,42,81,21655.0,17105.2,250.5,79.11,99,44,89,25178.2,16190.7,241.3,79.11,100,40,84,28719.0,16140.0,7.0,1,94
1782818682.075,116.277,244.1,79.11,100,11,88,1.9,8.6,244.4,79.11,99,50,81,2.6,3.8,243.5,79.11,99,50,89,3458.5,14999.2,234.0,79.11,99,44,83,18532.9,4.6,7.0,1,94
1782818682.517,116.720,251.6,79.11,100,45,89,1.7,3.8,244.4,79.11,99,50,81,492.0,13679.2,249.5,79.11,100,62,89,16601.0,5362.4,242.4,79.11,100,60,84,1.9,4.3,7.0,1,94
1782818682.958,117.160,254.7,79.11,100,40,90,1.7,14421.9,251.4,79.11,100,64,82,16727.1,5076.6,249.5,79.11,100,62,89,2.9,4.4,242.4,79.11,100,60,84,1098.4,15902.3,7.0,1,94
1782818683.399,117.602,248.3,79.11,100,37,89,1.7,4.0,254.6,79.11,99,52,81,1.9,3064.3,257.0,79.11,100,54,88,17580.9,14801.3,249.8,79.11,99,48,84,4.4,5.4,7.0,1,94
1782818683.840,118.043,248.3,79.11,100,37,89,5.4,10.6,251.6,79.11,100,46,82,2341.3,16067.2,253.3,79.11,100,49,88,18168.1,5.9,243.3,79.11,100,44,84,5.5,10593.2,7.0,1,94
1782818684.287,118.490,249.5,79.11,100,36,89,2.0,17114.7,248.6,79.11,100,42,81,20706.7,5.5,247.0,79.11,99,39,89,2.9,71.0,238.6,79.11,100,40,84,19746.6,17217.7,7.0,1,94
1782818684.729,118.931,249.3,79.11,100,34,89,6.6,17120.1,247.2,79.11,99,40,82,20223.7,6.4,246.4,79.11,100,40,88,2.6,4.6,236.1,79.11,100,39,83,5258.4,14307.3,7.0,1,94
1782818685.179,119.381,249.5,79.11,100,41,89,1.7,4.4,250.3,79.11,100,41,81,1552.8,15870.8,251.0,79.11,100,40,88,20288.6,4.4,240.8,79.11,100,39,84,2.7,4.5,7.0,1,94
1782818685.619,119.822,249.5,79.11,100,36,89,17280.6,11702.3,251.8,79.11,100,49,82,1.9,4.3,253.0,79.11,100,40,88,2.2,11190.4,243.8,79.11,100,45,84,17204.7,6687.3,7.0,1,94
1782818686.064,120.266,249.0,79.11,100,38,89,1.7,3.9,250.4,79.11,99,44,82,8429.7,14191.4,251.0,79.11,100,44,88,14459.2,4.5,243.9,79.11,99,40,84,2.3,4.2,7.0,1,94
1782818686.505,120.708,249.8,79.11,100,38,89,17370.7,11109.6,250.4,79.11,99,44,82,1.8,4.4,249.9,79.11,99,43,88,4.3,5200.9,243.9,79.11,99,40,84,17196.3,13855.9,7.0,1,94
1782818686.946,121.148,249.8,79.11,99,38,89,6.9,4.4,249.4,79.11,100,42,81,19445.6,14198.5,249.9,79.11,99,43,88,2876.5,4.4,244.0,79.11,100,41,84,1.8,22.0,7.0,1,94
1782818687.388,121.590,250.1,79.11,100,39,89,20633.8,4.6,249.9,79.11,100,44,81,2.0,4.4,249.5,79.11,99,41,88,1091.3,16809.2,242.7,79.11,99,42,84,20750.7,5.2,7.0,1,94
1782818687.829,122.031,250.1,79.11,100,39,89,1.8,17112.9,248.7,79.11,100,41,82,20709.1,5.7,249.9,79.11,100,41,88,2.9,532.5,242.5,79.11,100,38,84,19722.7,17206.7,7.0,1,94
1782818688.273,122.475,249.1,79.11,100,36,89,20710.5,16056.0,248.6,79.11,99,45,82,336.1,5.2,249.5,79.11,100,43,89,2.0,12688.0,241.6,79.11,100,44,84,17143.8,6446.6,7.0,1,94
1782818688.713,122.916,250.4,79.11,100,36,89,21689.7,17109.0,249.6,79.11,99,42,82,20706.4,10.4,247.6,79.11,100,40,88,5.6,4.2,239.4,79.11,100,40,84,7155.5,15162.6,10.0,5,90
1782818689.164,123.367,243.6,79.11,99,13,90,1.8,3.5,247.7,79.11,99,51,82,1.7,3.9,244.2,79.11,100,49,88,2660.6,15091.0,236.9,79.11,99,47,84,19691.0,4.1,10.0,5,90
1782818689.606,123.808,249.7,79.11,100,54,89,1.8,3.9,246.1,79.11,100,42,81,3490.9,14414.7,246.3,79.11,99,39,89,18990.2,4.5,236.9,79.11,100,40,83,6.9,10.4,10.0,5,90
1782818690.053,124.256,257.5,79.11,100,49,89,20707.9,17108.6,251.2,79.11,99,50,81,2.7,4.5,252.7,79.11,100,46,89,2.6,588.1,245.6,79.11,100,50,84,20197.0,16743.9,10.0,5,90
1782818690.497,124.699,249.6,79.11,100,37,89,2.0,10655.4,251.2,79.11,99,50,81,17526.9,8206.3,250.6,79.11,100,40,88,4.2,5.5,245.6,79.11,100,50,84,14843.5,14637.7,10.0,5,90
1782818690.940,125.143,247.7,79.11,99,37,89,20712.6,17109.0,250.1,79.11,99,41,82,6.2,5.5,250.6,79.11,100,40,88,1082.5,16796.2,243.1,79.11,100,40,83,20747.8,5.9,10.0,5,90
1782818691.381,125.584,248.8,79.11,100,33,89,16404.9,4.6,248.3,79.11,99,42,81,2.2,56.9,248.9,79.11,99,39,89,19708.5,17199.3,241.3,79.11,99,41,84,2.0,5.0,10.0,5,90
1782818691.824,126.026,248.8,79.11,100,33,89,16755.4,10357.1,251.7,79.11,100,47,82,3.9,4.9,251.5,79.11,99,47,89,1.7,16933.0,241.8,79.11,99,46,84,18834.3,1605.7,10.0,5,90
1782818692.277,126.479,251.0,79.11,99,38,89,1.7,17114.2,251.8,79.11,99,45,81,20706.4,4.6,250.3,79.11,100,47,89,2.3,4.7,240.5,79.11,99,45,84,3337.4,14841.3,10.0,5,90
1782818692.722,126.924,251.2,79.11,99,43,89,6.5,8.6,249.2,79.11,99,43,81,489.9,17160.0,248.0,79.11,100,39,89,18722.3,1616.1,239.4,79.11,100,41,83,1.9,4.5,10.0,5,90
1782818693.171,127.373,250.7,79.11,100,44,89,20709.9,17109.2,250.7,79.11,99,44,81,1.8,4.3,249.9,79.11,99,41,89,2.8,575.8,243.9,79.11,99,43,84,19711.9,17219.5,10.0,5,90
1782818693.614,127.816,249.6,79.11,100,43,89,1.8,4.1,250.9,79.11,100,44,81,6398.7,14653.4,250.5,79.11,99,43,89,16070.8,4.9,245.6,79.11,99,43,84,7.8,9.4,10.0,5,90
1782818694.058,128.260,249.9,79.11,100,43,89,16807.7,3430.6,249.3,79.11,99,44,81,1.9,4.5,249.1,79.11,100,42,89,1088.5,16814.0,244.5,79.11,99,40,83,20757.2,5.1,10.0,5,90
1782818694.499,128.701,250.3,79.11,100,44,89,1.8,3797.7,249.3,79.11,99,44,81,17654.1,15069.3,249.0,79.11,100,41,89,4.0,4.8,244.5,79.11,99,40,83,498.7,16795.8,10.0,5,90
1782818694.940,129.143,249.9,79.11,100,44,89,6.5,4.6,249.6,79.11,100,41,82,20227.0,17109.3,249.0,79.11,100,41,89,2.4,5.3,243.3,79.11,100,39,83,1097.2,16811.9,10.0,5,90
1782818695.381,129.584,249.3,79.11,100,36,89,1.9,16796.8,252.5,79.11,99,47,82,19163.6,897.1,251.8,79.11,99,40,88,3.0,5.0,244.6,79.11,100,45,84,20327.8,17309.7,13.0,9,86
1782818695.826,130.028,249.3,79.11,100,36,89,1.8,4.1,247.1,79.11,98,22,81,1.8,10578.5,248.9,79.11,100,40,87,16973.4,8594.5,237.9,79.11,98,22,83,1.8,6.8,13.0,9,86
1782818696.267,130.470,247.1,79.11,100,59,89,1.8,3.6,244.4,79.11,99,43,81,12565.4,14061.3,243.8,79.11,99,46,89,10067.7,4.3,233.5,79.11,99,41,83,1.8,4.1,13.0,9,86
1782818696.708,130.911,250.5,79.11,99,42,89,20707.6,17115.7,249.6,79.11,100,62,82,5.1,9.0,250.1,79.11,100,59,88,6.9,3.5,245.6,79.11,100,58,84,12931.5,14513.2,13.0,9,86
1782818697.157,131.359,251.5,79.11,99,41,88,4.2,10.3,254.2,79.11,100,54,82,531.5,17135.5,254.7,79.11,100,57,88,20753.3,4.5,247.7,79.11,99,51,84,1.9,4.4,13.0,9,86
1782818697.597,131.800,247.9,79.11,100,37,89,2.0,4.7,247.8,79.11,100,45,82,495.0,17177.5,252.2,79.11,100,44,88,20751.9,6.5,240.8,79.11,100,42,85,4.0,2337.5,13.0,9,86
1782818698.044,132.247,249.4,79.11,100,34,89,3.7,14754.0,247.8,79.11,100,45,82,19137.4,1249.6,248.5,79.11,100,41,88,3.0,517.9,239.5,79.11,99,41,84,19712.8,17198.2,13.0,9,86
1782818698.488,132.691,250.4,79.11,99,39,89,4490.3,14612.2,249.1,79.11,100,43,82,17613.3,4.9,248.8,79.11,100,39,89,2.1,576.8,239.5,79.11,99,41,84,19698.4,17213.5,13.0,9,86
1782818698.929,133.131,249.0,79.11,100,38,88,1.8,6.9,250.5,79.11,100,40,82,20757.5,15659.2,248.8,79.11,100,39,89,190.3,4.9,239.9,79.11,100,39,84,2.9,5881.6,13.0,9,86
1782818699.372,133.575,248.9,79.11,100,38,89,869.5,4.1,251.3,79.11,100,49,82,2.2,41.8,250.7,79.11,100,48,88,19726.5,17197.5,242.1,79.11,100,47,84,2.9,4.5,13.0,9,86
1782818699.813,134.016,248.9,79.11,100,38,89,1.7,17116.7,252.0,79.11,100,59,82,20704.3,4.4,253.4,79.11,100,58,88,4.7,4.5,245.0,79.11,100,55,84,5192.0,16844.6,13.0,9,86
1782818700.265,134.468,250.6,79.11,100,39,88,1.7,3.9,250.9,79.11,100,56,82,1.7,11825.9,250.8,79.11,100,57,88,17075.5,7167.5,245.3,79.11,100,53,84,2.6,4.5,13.0,9,86
1782818700.706,134.908,250.0,79.11,99,38,88,20710.7,17113.6,251.9,79.11,100,54,82,8.3,9.6,252.5,79.11,100,60,88,9.1,4935.4,246.9,79.11,100,50,84,17610.6,14033.7,13.0,9,86
1782818701.148,135.350,249.4,79.11,100,38,88,3.5,4.3,251.2,79.11,100,55,82,16230.7,14017.4,251.9,79.11,100,60,88,6966.7,4.3,245.9,79.11,100,52,85,2.7,25.5,13.0,9,86
1782818701.589,135.791,249.7,79.11,100,38,89,10358.6,4.5,249.9,79.11,100,46,82,3.1,56.6,247.8,79.11,100,52,88,19712.2,17198.5,241.3,79.11,100,47,85,2.1,9.0,13.0,9,86
1782818702.029,136.231,250.2,79.11,100,37,89,2.0,5.2,249.9,79.11,100,46,82,513.1,17144.0,247.8,79.11,100,41,87,20753.4,10.8,243.3,79.11,100,38,84,3.0,1791.6,13.0,9,86
1782818702.477,136.679,249.0,79.11,99,36,89,22874.6,15935.7,249.3,79.11,100,42,82,22448.3,16359.9,246.5,79.11,98,32,88,18271.9,4391.3,243.3,79.11,100,38,84,3.5,4.2,17.0,13,81
1782818702.919,137.122,248.9,79.11,99,50,89,11434.6,13935.9,240.6,79.11,99,14,81,12143.3,6.4,246.5,79.11,98,32,88,3.8,3.9,233.2,79.11,99,12,84,1123.9,16859.5,17.0,13,81
1782818703.819,138.021,249.8,79.11,99,40,88,1.9,4.3,253.9,79.11,99,61,82,20262.7,15685.3,250.6,79.11,100,59,88,94.5,4.5,252.5,79.11,99,58,85,3.5,619.1,17.0,13,81
1782818704.263,138.465,252.2,79.11,100,40,89,12454.1,4.8,252.6,79.11,100,44,82,2.8,7230.4,253.1,79.11,100,42,87,17515.3,11002.8,248.2,79.11,100,41,84,3.0,5.5,17.0,13,81
1782818704.706,138.908,248.3,79.11,99,37,88,5.1,8.0,248.6,79.11,100,44,82,20747.9,17114.4,247.5,79.11,100,43,88,6.5,5.4,242.1,79.11,100,44,85,1115.3,16757.7,17.0,13,81
1782818705.157,139.360,249.8,79.11,100,34,89,9858.8,14628.9,247.9,79.11,100,39,82,12977.6,5.6,249.5,79.11,99,42,88,2.0,575.6,237.5,79.11,100,37,85,19697.3,17195.3,17.0,13,81
1782818705.598,139.800,250.8,79.11,100,42,89,1.9,10340.5,251.5,79.11,100,43,82,17044.8,8884.9,248.4,79.11,100,39,88,2.6,4.9,240.7,79.11,100,41,84,1112.5,16802.2,17.0,13,81
1782818706.044,140.247,250.7,79.11,100,41,89,3.5,3.9,251.5,79.11,100,43,82,4.3,14332.1,249.3,79.11,100,38,87,17294.8,4548.5,242.9,79.11,100,45,84,2.8,10.2,17.0,13,81
1782818706.487,140.690,249.0,79.11,99,37,89,17296.0,14815.2,252.0,79.11,100,49,82,2.4,4.7,252.1,79.11,99,49,88,1.8,3764.1,242.9,79.11,100,45,84,17237.1,15279.8,17.0,13,81
1782818706.928,141.131,250.5,79.11,100,39,89,1.9,7.0,251.3,79.11,99,52,82,10346.0,14378.3,252.1,79.11,99,49,88,11373.7,4.4,245.3,79.11,100,48,85,1.8,4.0,17.0,13,81
1782818707.371,141.573,250.3,79.11,100,40,89,17118.0,9657.8,249.5,79.11,100,52,82,3.6,4.6,250.0,79.11,99,47,88,489.9,16750.8,245.6,79.11,100,47,85,18418.8,1865.2,17.0,13,81
1782818707.812,142.015,250.3,79.11,100,40,89,1.8,3.6,250.1,79.11,100,51,82,20229.4,17107.1,249.3,79.11,100,44,88,3.5,6.8,244.6,79.11,100,47,84,4.6,13678.3,17.0,13,81
1782818708.266,142.468,250.1,79.11,100,39,89,2.4,4.2,249.7,79.11,100,54,82,1.9,115.3,250.0,79.11,99,49,88,19691.7,17191.2,244.5,79.11,100,50,85,2.8,4.6,17.0,13,81
1782818708.708,142.910,249.6,79.11,100,38,89,20708.3,7.7,250.2,79.11,100,52,82,5.4,5836.4,250.3,79.11,100,51,88,18144.7,12430.8,244.0,79.11,100,49,85,3.7,5.3,17.0,13,81
1782818709.159,143.361,250.3,79.11,100,36,89,3.6,4.8,248.3,79.11,100,41,82,502.8,17166.6,247.3,79.11,100,40,88,20755.7,5.6,240.4,79.11,100,39,83,2.1,531.3,20.0,17,76
1782818709.601,143.804,249.3,79.11,100,37,88,18200.3,6013.2,242.6,79.11,100,68,82,2.6,4.2,242.6,79.11,100,12,88,1.8,11382.3,236.0,79.11,99,64,84,20537.0,4866.1,20.0,17,76
1782818710.044,144.246,249.0,79.11,100,42,89,1.6,3.7,242.6,79.11,100,68,82,3.4,3.1,248.6,79.11,100,55,87,10918.3,14067.3,239.4,79.11,100,40,84,11632.9,4.4,20.0,17,76
1782818710.484,144.687,251.8,79.11,100,54,89,1.7,3.8,248.1,79.11,100,43,82,19514.8,13920.0,253.4,79.11,100,41,88,3463.7,4.1,239.4,79.11,100,40,84,2.1,4.2,20.0,17,76
1782818710.925,145.128,251.7,79.11,100,45,89,17359.3,11616.2,252.2,79.11,100,42,82,5.3,7.0,253.4,79.11,100,41,88,3.4,14511.3,248.2,79.11,100,40,83,16833.9,4777.3,20.0,17,76
1782818711.368,145.571,250.9,79.11,100,38,89,20707.4,15291.3,246.7,79.11,99,41,81,1296.3,5.2,248.1,79.11,100,40,88,2.1,14459.9,243.9,79.11,99,38,84,17638.5,4215.5,20.0,17,76
1782818711.809,146.012,250.9,79.11,100,38,89,20705.9,5.1,250.5,79.11,100,40,82,2.1,95.2,251.0,79.11,100,40,88,19438.4,17199.3,245.8,79.11,100,38,85,3.8,6.0,20.0,17,76
1782818712.250,146.453,248.8,79.11,100,36,89,3.6,15.9,252.2,79.11,100,43,82,498.8,17197.5,249.9,79.11,100,38,87,20719.1,5.9,241.5,79.11,100,41,85,2.1,4.3,20.0,17,76
1782818712.699,146.901,248.8,79.11,100,37,89,20705.0,9.5,248.9,79.11,100,48,82,9.0,7.0,248.5,79.11,100,44,88,14434.6,14276.8,239.0,79.11,100,47,85,8444.9,5.5,20.0,17,76
1782818713.144,147.346,250.5,79.11,100,40,89,20708.3,15299.6,248.5,79.11,99,43,82,1011.6,4.5,249.3,79.11,99,40,88,2.7,549.6,240.8,79.11,100,40,83,19729.4,17200.5,20.0,17,76
1782818713.584,147.787,251.7,79.11,100,50,89,1.9,4.1,250.5,79.11,100,42,81,541.8,17114.3,250.8,79.11,100,40,87,20747.1,4.3,243.5,79.11,100,39,85,1.9,7.2,20.0,17,76
1782818714.027,148.230,250.0,79.11,100,50,89,17414.5,5436.0,250.5,79.11,100,42,81,3.9,4.4,251.3,79.11,100,41,87,422.5,15671.1,245.3,79.11,100,40,84,16765.1,3582.9,20.0,17,76
1782818714.470,148.672,250.7,79.11,100,50,89,3.4,4860.8,250.7,79.11,100,44,81,17310.9,14179.8,249.5,79.11,99,39,88,1.9,4.7,245.3,79.11,100,40,84,1.7,15425.6,20.0,17,76
1782818714.911,149.113,248.9,79.11,100,42,89,1.8,4.2,250.7,79.11,100,41,82,5.0,3787.1,249.5,79.11,99,39,88,17458.1,14328.9,243.4,79.11,99,39,84,2.8,4.5,20.0,17,76
1782818715.351,149.554,248.9,79.11,100,42,89,17564.9,6995.4,251.3,79.11,100,45,82,4.5,4.9,249.9,79.11,100,41,87,5328.9,14717.1,244.0,79.11,100,41,85,17225.8,5.4,20.0,17,76
1782818715.792,149.994,248.3,79.11,100,37,89,16334.9,5.4,248.5,79.11,100,44,82,2.0,8774.8,250.8,79.11,100,47,88,17788.8,9593.3,241.2,79.11,100,41,85,2.1,5.4,20.0,17,76
1782818716.231,150.434,250.7,79.11,100,38,89,20704.0,17111.8,248.0,79.11,100,43,83,22423.9,16059.7,249.1,79.11,100,38,88,22255.2,11707.2,239.7,79.11,100,41,85,2.5,4.3,24.0,22,71
1782818716.682,150.884,246.4,79.11,98,11,88,702.8,16440.5,246.0,79.11,99,54,83,20708.3,9.9,241.0,79.11,99,59,88,5.7,7.9,234.9,79.11,100,56,85,1143.5,16862.4,24.0,22,71
1782818717.132,151.334,249.8,79.11,100,41,88,20704.6,4.2,249.4,79.11,100,53,82,1.8,4.3,247.5,79.11,100,64,88,1086.8,16838.9,240.1,79.11,100,50,85,19705.1,958.7,24.0,22,71
1782818717.572,151.775,249.4,79.11,100,40,89,2.0,4.2,254.6,79.11,100,45,82,543.2,17115.0,254.7,79.11,100,39,87,20746.9,4.5,247.8,79.11,100,41,84,2.7,4.9,24.0,22,71
1782818718.014,152.216,249.4,79.11,99,44,89,18701.0,1611.1,254.6,79.11,100,45,82,3.0,5.3,248.5,79.11,100,40,87,20738.3,15693.4,247.8,79.11,100,41,84,380.6,5.5,24.0,22,71
1782818718.458,152.660,249.4,79.11,100,36,89,4.7,5.2,248.6,79.11,99,42,82,520.3,17123.3,248.5,79.11,100,40,87,20751.2,5.5,244.1,79.11,100,39,84,2.6,590.9,24.0,22,71
1782818718.925,153.127,249.1,79.11,100,35,89,20657.8,17109.7,248.9,79.11,100,42,82,3.8,7.6,246.0,79.11,99,39,87,3.5,17306.9,240.0,79.11,100,40,85,20757.7,5.5,24.0,22,71
1782818719.375,153.578,250.5,79.11,100,39,89,4498.4,14359.2,247.7,79.11,100,41,81,18358.0,4.4,247.7,79.11,100,43,88,2.7,4.4,238.1,79.11,100,40,84,14402.9,13840.9,24.0,22,71
1782818719.817,154.019,250.5,79.11,100,39,89,1.7,4.2,250.6,79.11,100,40,82,10873.9,14419.0,251.0,79.11,100,39,87,11618.0,4.7,241.8,79.11,100,39,84,4.4,3015.8,24.0,22,71
1782818720.265,154.468,250.4,79.11,100,37,89,4493.8,4.1,252.3,79.11,100,49,82,3.5,3.8,251.8,79.11,100,38,88,17261.1,13937.4,245.3,79.11,100,46,85,6038.6,10.0,24.0,22,71
1782818720.707,154.909,248.6,79.11,100,38,89,6598.7,14343.2,250.5,79.11,99,52,82,11943.1,9.7,251.0,79.11,100,48,88,4.7,5.2,244.8,79.11,99,48,85,18959.3,13945.8,24.0,22,71
1782818721.160,155.362,249.5,79.11,100,37,89,3.5,4.6,249.7,79.11,100,56,82,2168.3,15329.5,249.9,79.11,100,54,88,19689.6,4.5,245.0,79.11,100,52,85,1.9,4.6,24.0,22,71
1782818721.601,155.804,249.9,79.11,100,37,89,19618.0,938.4,250.3,79.11,100,61,83,2.7,5.2,250.7,79.11,100,52,88,1129.5,16733.8,245.8,79.11,100,56,85,20752.8,12.4,24.0,22,71
1782818722.044,156.246,249.8,79.11,99,38,88,5152.4,14520.8,250.3,79.11,100,61,83,17340.7,4.8,248.4,79.11,100,52,88,2.0,506.7,241.7,79.11,100,48,85,19733.5,17196.4,24.0,22,71
1782818722.484,156.687,250.4,79.11,100,40,89,20707.8,16101.8,248.2,79.11,100,47,83,314.7,5.5,249.5,79.11,100,39,87,491.2,17308.6,241.7,79.11,100,48,85,20691.0,6.2,24.0,22,71
1782818722.928,157.130,249.5,79.11,100,34,89,11784.4,7.7,248.6,79.11,100,44,83,2.3,12250.9,249.5,79.11,100,39,87,25434.6,17191.2,244.1,79.11,99,40,85,20751.9,17210.5,28.0,27,66
1782818723.370,157.573,246.4,79.11,100,57,89,4596.0,14413.4,247.1,79.11,98,15,82,18139.1,3.8,247.6,79.11,100,40,87,1.7,3.8,237.3,79.11,98,16,84,498.6,11672.8,28.0,27,66
1782818723.811,158.014,246.4,79.11,100,57,89,16584.8,15555.1,245.6,79.11,100,43,82,1.8,4.1,244.1,79.11,100,46,87,1.8,617.2,234.6,79.11,100,41,84,19707.9,17198.5,28.0,27,66
1782818724.256,158.459,250.5,79.11,99,47,88,1.7,3.7,252.9,79.11,100,55,83,3.5,2111.6,247.6,79.11,100,51,88,17952.7,16603.2,246.0,79.11,100,55,85,2.5,4.8,28.0,27,66
1782818724.697,158.900,252.4,79.11,100,40,88,20710.0,15978.8,252.1,79.11,100,57,83,375.2,9.6,254.8,79.11,100,59,88,5.1,2292.7,248.4,79.11,100,53,85,17882.1,16487.6,28.0,27,66
1782818725.146,159.348,248.7,79.11,100,37,89,20708.9,17110.0,249.6,79.11,99,43,82,2.6,5.7,251.2,79.11,100,44,88,1894.4,15746.4,244.6,79.11,99,40,84,19689.6,5.6,28.0,27,66
1782818725.589,159.791,248.6,79.11,100,35,89,5299.8,5.2,247.6,79.11,99,44,82,2.0,17169.9,250.4,79.11,100,43,88,20749.5,5.9,238.5,79.11,99,41,85,2.9,553.8,28.0,27,66
1782818726.042,160.245,249.3,79.11,99,39,89,1.9,4.6,247.6,79.11,99,44,82,10598.6,14729.4,250.3,79.11,99,40,88,11292.9,4.7,242.9,79.11,99,41,85,2.7,4.2,28.0,27,66
1782818726.483,160.686,249.8,79.11,100,37,88,20533.9,4.6,252.0,79.11,99,44,83,2.3,4.2,251.9,79.11,100,53,88,20324.2,15855.4,242.9,79.11,99,41,85,164.8,4.4,28.0,27,66
1782818726.927,161.130,250.3,79.11,99,37,89,8095.5,15106.3,251.1,79.11,100,48,83,11079.3,6.1,251.9,79.11,100,53,88,3.4,529.1,243.7,79.11,100,45,85,19740.2,17195.2,28.0,27,66
1782818727.377,161.580,250.7,79.11,99,38,88,11.3,4.0,248.9,79.11,99,54,83,524.5,17144.1,250.2,79.11,99,53,88,20747.2,4.5,243.5,79.11,99,53,85,2.2,4.5,28.0,27,66
1782818727.819,162.021,250.7,79.11,99,38,88,17245.3,13743.0,250.0,79.11,99,53,83,1.9,4.3,248.2,79.11,100,53,88,2.3,5353.0,244.2,79.11,100,52,85,23436.7,8599.0,28.0,27,66
1782818728.264,162.466,250.2,79.11,100,39,88,3.5,7287.6,251.4,79.11,99,47,83,17676.2,11261.3,251.4,79.11,100,51,88,2.7,4.3,246.7,79.11,99,47,85,2.7,7747.7,28.0,27,66
1782818728.706,162.909,249.9,79.11,100,38,88,5.8,7.1,248.8,79.11,99,42,82,8.2,4124.7,251.0,79.11,100,42,88,17228.0,15037.8,244.5,79.11,99,39,84,2.0,4.6,28.0,27,66
1782818729.148,163.351,249.9,79.11,100,45,88,20708.7,5.8,249.2,79.11,100,42,82,2.1,31.4,250.2,79.11,100,40,87,19716.6,17198.7,243.9,79.11,100,39,84,2.1,5.6,28.0,27,66
1782818729.589,163.791,248.0,79.11,100,35,88,2.0,4.8,248.8,79.11,100,40,82,2532.6,15096.7,249.9,79.11,100,45,88,19475.0,5.4,241.9,79.11,100,38,84,2.9,1548.8,28.0,27,66
1782818730.033,164.236,249.2,79.11,100,39,89,2.4,4.1,248.8,79.11,100,40,82,2.3,3.5,244.1,79.11,98,11,87,20291.8,17200.5,233.5,79.11,99,46,85,5.8,4.5,30.0,32,62
1782818730.479,164.682,249.8,79.11,100,44,89,3.3,3.3,243.4,79.11,99,51,82,20256.2,17114.0,246.2,79.11,100,43,87,2.3,3.9,233.5,79.11,99,46,85,1.8,3.8,30.0,32,62
1782818730.922,165.124,251.0,79.11,100,47,88,20707.2,17115.0,248.7,79.11,100,42,82,2.6,6.0,246.2,79.11,100,43,87,3.4,576.6,238.8,79.11,99,40,84,19730.0,17209.4,30.0,32,62
1782818731.371,165.574,250.7,79.11,100,40,89,3.4,4.8,255.2,79.11,100,50,82,4.4,15294.1,245.9,79.11,100,43,88,17303.7,3583.7,249.6,79.11,100,50,85,2.8,4.6,30.0,32,62
1782818731.813,166.015,250.7,79.11,100,40,89,20705.8,5.5,251.0,79.11,100,50,83,2.1,60.2,251.6,79.11,100,52,88,19700.2,17195.6,245.5,79.11,100,50,85,2.0,6.8,30.0,32,62
1782818732.256,166.459,249.1,79.11,100,36,88,2.2,5.1,250.6,79.11,99,41,83,11513.7,14535.7,249.3,79.11,100,41,88,10753.5,5.4,245.4,79.11,99,38,85,2.8,12614.7,30.0,32,62
1782818732.700,166.902,248.4,79.11,100,35,88,3.8,13582.6,250.9,79.11,100,41,83,20711.8,10.6,248.6,79.11,100,39,87,6.2,4.9,240.5,79.11,99,40,84,13118.2,14909.4,30.0,32,62
1782818733.150,167.352,248.6,79.11,100,36,89,1.7,4.3,251.0,79.11,100,59,83,18870.3,14080.7,251.2,79.11,100,44,88,3836.1,4.5,242.2,79.11,100,55,85,1.8,569.1,30.0,32,62
1782818733.591,167.793,250.3,79.11,100,37,89,10389.2,4.3,250.5,79.11,100,52,83,1.9,14.0,251.4,79.11,100,45,88,19735.4,17196.6,243.0,79.11,100,51,85,2.0,8.5,30.0,32,62
1782818734.038,168.241,250.8,79.11,100,40,88,9699.0,14093.4,250.5,79.11,100,52,83,13837.3,4.4,249.3,79.11,100,41,88,4.4,4.3,242.9,79.11,100,44,85,11107.1,14451.2,30.0,32,62
1782818734.481,168.683,249.8,79.11,100,40,88,3.4,4.0,248.3,79.11,100,45,82,504.2,17181.3,250.3,79.11,100,40,88,20750.2,5.1,242.9,79.11,100,44,85,8.1,4.5,30.0,32,62
1782818734.923,169.125,250.1,79.11,99,43,88,17532.6,12667.6,250.3,79.11,100,44,82,4.5,6.9,250.3,79.11,100,40,88,1.7,16544.1,246.7,79.11,100,41,84,18072.6,2151.9,30.0,32,62
1782818735.367,169.569,250.5,79.11,100,51,88,3.4,2855.0,249.6,79.11,99,43,82,17937.0,15855.5,249.7,79.11,100,40,88,1.9,4.4,245.2,79.11,99,40,84,1.9,8170.6,30.0,32,62
1782818735.809,170.012,250.5,79.11,100,51,88,1.8,4.3,250.1,79.11,100,44,82,2.0,10783.3,249.8,79.11,100,40,87,17694.7,7643.8,244.9,79.11,100,41,85,2.1,5.0,30.0,32,62
1782818736.251,170.453,249.4,79.11,100,45,88,2.1,5.0,251.6,79.11,100,42,83,527.5,17109.4,251.5,79.11,100,40,87,20748.4,5.6,246.7,79.11,99,38,85,3.0,3505.9,30.0,32,62
1782818736.693,170.895,249.4,79.11,99,36,88,2.0,5072.9,249.0,79.11,99,42,82,27116.6,19493.7,247.9,79.11,100,39,87,19599.4,18447.7,242.6,79.11,100,40,85,20748.0,17192.5,33.0,37,58
1782818737.138,171.341,247.6,79.11,98,30,88,16140.6,3.6,244.9,79.11,99,50,83,1.6,4.0,241.9,79.11,99,50,87,1088.4,16675.4,235.3,79.11,99,47,85,19004.3,1526.0,33.0,37,58
1782818737.581,171.784,250.5,79.11,99,45,88,3.4,3.8,247.9,79.11,99,42,82,3.5,6416.2,247.6,79.11,99,41,87,17234.1,12472.4,239.4,79.11,99,40,85,1.9,4.7,33.0,37,58
1782818738.022,172.225,253.6,79.11,100,50,88,2.1,13908.4,247.9,79.11,99,42,82,17072.7,4483.6,252.7,79.11,100,43,88,2.7,4.7,248.6,79.11,99,44,85,1108.3,16834.2,33.0,37,58
1782818738.465,172.667,250.9,79.11,100,40,88,1.8,4.2,252.3,79.11,99,45,82,2.9,10756.1,252.7,79.11,100,43,88,16682.9,8252.7,248.6,79.11,99,44,85,2.1,5.5,33.0,37,58
1782818738.905,173.108,249.4,79.11,99,37,89,2.0,5.2,249.4,79.11,99,41,82,16311.9,17411.6,247.6,79.11,100,39,88,381.7,5.6,244.4,79.11,100,39,84,1089.1,16791.2,33.0,37,58
1782818739.356,173.559,248.7,79.11,100,35,89,18291.6,14744.9,249.7,79.11,99,41,83,4274.1,5.5,251.0,79.11,99,39,88,3.4,14614.4,242.2,79.11,100,39,85,17673.3,4011.7,33.0,37,58
1782818739.797,174.000,248.7,79.11,100,35,89,20710.7,16122.4,251.3,79.11,100,47,83,227.6,4.4,251.1,79.11,100,41,88,1.8,542.1,242.7,79.11,100,46,85,19735.5,17218.3,33.0,37,58
1782818740.241,174.444,250.2,79.11,100,36,88,2.7,4.3,249.8,79.11,99,42,82,20239.6,17106.3,247.5,79.11,100,43,88,3.5,4.3,241.5,79.11,100,41,84,3.5,620.2,33.0,37,58
1782818740.683,174.885,250.6,79.11,100,42,88,8579.4,6.7,248.0,79.11,100,43,83,8.6,7.1,248.7,79.11,100,40,87,16154.5,13776.8,240.7,79.11,100,40,84,7754.8,4.5,33.0,37,58
1782818741.127,175.329,251.5,79.11,100,50,88,1.8,11468.4,249.8,79.11,100,43,83,17223.0,7570.9,251.3,79.11,100,41,87,2.7,4.6,244.3,79.11,100,40,84,499.0,14923.2,33.0,37,58
1782818741.569,175.772,250.7,79.11,100,48,88,2806.9,4.0,249.2,79.11,99,44,82,3.5,3.7,249.7,79.11,100,41,87,18145.9,13926.1,246.6,79.11,100,41,84,4502.7,5.0,33.0,37,58
1782818742.011,176.213,250.9,79.11,100,45,88,4506.9,14458.8,249.2,79.11,99,44,82,18235.0,4.2,248.9,79.11,100,41,87,1.9,4.3,246.6,79.11,100,41,84,1741.8,15784.3,33.0,37,58
1782818742.453,176.656,251.2,79.11,100,48,88,9.2,4.1,250.1,79.11,100,44,82,1.8,12287.4,248.9,79.11,100,41,87,16642.0,5615.4,246.5,79.11,100,41,85,1.8,4.6,33.0,37,58
1782818742.895,177.098,250.1,79.11,100,45,88,17351.4,3776.0,250.2,79.11,100,43,82,2.9,7.7,250.1,79.11,100,41,87,17289.6,14372.5,245.1,79.11,100,39,85,5230.0,5.5,33.0,37,58
1782818743.336,177.539,250.1,79.11,100,45,88,6291.1,4.9,250.7,79.11,100,45,83,2.1,8657.7,251.0,79.11,100,40,87,17773.6,10035.7,245.5,79.11,100,41,85,5.4,6.1,33.0,37,58
1782818743.779,177.981,249.6,79.11,100,36,88,20710.6,7.4,249.9,79.11,100,42,82,4.3,4.4,247.8,79.11,100,40,87,1079.9,16728.3,242.7,79.11,100,40,85,20742.9,4.2,36.0,41,54
1782818744.223,178.425,243.3,79.11,100,13,89,1.7,3.6,245.5,79.11,100,47,83,553.4,17147.0,243.1,79.11,100,49,87,20748.2,4.0,236.0,79.11,100,45,84,2.7,4.9,36.0,41,54
1782818744.665,178.867,251.7,79.11,100,60,88,1.6,17117.8,248.9,79.11,100,47,82,20705.2,12.7,247.7,79.11,100,41,88,11.6,9.9,241.0,79.11,99,48,85,1165.1,16798.7,36.0,41,54
1782818745.111,179.313,256.3,79.11,100,41,88,1039.2,4.0,253.1,79.11,100,62,83,1.8,45.9,255.1,79.11,100,59,88,19714.5,17202.2,249.0,79.11,100,58,85,1.8,4.5,36.0,41,54
1782818745.552,179.754,249.9,79.11,100,37,88,17936.1,13565.4,253.1,79.11,100,62,83,3.0,5.4,250.6,79.11,100,50,88,6264.0,15055.6,246.0,79.11,100,40,85,16230.9,5.3,36.0,41,54
1782818745.992,180.195,248.3,79.11,100,40,88,5231.1,5.1,249.5,79.11,100,42,82,2.1,13991.7,248.9,79.11,100,39,88,19598.5,2393.8,246.0,79.11,100,40,85,2.2,7.4,36.0,41,54
1782818746.436,180.638,248.7,79.11,100,33,88,1.9,4.5,249.3,79.11,100,45,83,20251.0,17107.3,248.9,79.11,100,39,88,2.2,5.0,242.3,79.11,100,43,85,2.0,11200.2,36.0,41,54
1782818746.878,181.080,249.5,79.11,100,38,88,3.4,4.1,252.4,79.11,100,47,83,4.2,16304.6,250.5,79.11,100,40,87,17717.1,2702.7,242.7,79.11,100,45,85,2.7,4.6,36.0,41,54
1782818747.319,181.521,249.5,79.11,100,38,88,17246.7,10486.0,251.0,79.11,100,51,83,2.7,4.4,249.0,79.11,100,52,88,2.1,17321.9,243.2,79.11,100,51,85,20623.3,179.4,36.0,41,54
1782818747.766,181.968,250.3,79.11,100,39,88,5.0,5019.4,248.9,79.11,100,47,82,16974.8,12996.5,250.2,79.11,100,43,88,1.9,4.4,243.3,79.11,100,46,85,1.9,5604.2,36.0,41,54
1782818748.212,182.415,250.7,79.11,100,40,88,6948.4,3.9,250.9,79.11,100,48,82,2.4,4.1,250.2,79.11,100,45,88,17298.6,14079.5,245.6,79.11,100,48,86,5641.6,4.5,36.0,41,54
1782818748.655,182.858,250.2,79.11,100,39,88,1.8,17114.4,250.1,79.11,100,50,82,20705.8,7.2,250.5,79.11,100,48,88,7.9,9.5,247.2,79.11,99,49,86,7101.2,15694.2,36.0,41,54
1782818749.109,183.311,249.6,79.11,100,39,88,1.8,4.0,250.5,79.11,100,46,82,516.3,17153.9,249.4,79.11,99,42,88,20754.2,4.3,246.9,79.11,100,45,85,2.8,4.6,36.0,41,54
1782818749.549,183.752,249.3,79.11,100,42,88,17504.0,10096.4,250.5,79.11,100,46,82,3.6,4.6,250.1,79.11,100,40,88,1081.6,16805.9,244.7,79.11,100,40,84,20758.4,5.4,36.0,41,54
1782818749.990,184.192,250.0,79.11,100,44,88,17741.9,15807.0,249.6,79.11,100,41,82,4.5,5.1,250.7,79.11,100,41,87,1111.0,16745.3,244.7,79.11,100,40,84,20747.0,5.7,36.0,41,54
1782818750.432,184.635,249.0,79.11,100,36,88,20706.9,5.3,251.2,79.11,100,47,83,2.0,5.4,250.7,79.11,100,41,87,19834.1,19271.9,245.6,79.11,100,43,85,19674.7,19110.7,39.0,45,50
1782818750.876,185.079,246.4,79.11,100,59,89,3.4,14620.3,247.6,79.11,98,25,83,17204.8,4584.2,248.8,79.11,100,40,87,5.3,6.2,240.8,79.11,98,26,84,1.8,614.9,39.0,45,50
1782818751.322,185.524,246.4,79.11,100,59,89,20707.0,15621.5,245.3,79.11,99,43,82,835.2,4.1,243.7,79.11,99,46,88,2.7,3.8,237.2,79.11,99,41,84,13667.2,14093.9,39.0,45,50
1782818751.764,185.966,250.0,79.11,99,41,88,8.6,4.1,253.9,79.11,100,63,83,5.0,35.6,250.9,79.11,100,61,88,19740.3,16229.9,244.6,79.11,100,60,85,4.8,4.7,39.0,45,50
1782818752.209,186.411,251.5,79.11,99,41,88,9285.3,14502.3,253.3,79.11,99,52,83,13915.6,4.9,254.5,79.11,99,53,87,1.9,3.8,250.2,79.11,100,48,85,17487.6,14374.7,39.0,45,50
1782818752.651,186.853,247.9,79.11,100,37,88,15591.7,14608.2,249.3,79.11,100,43,82,7166.8,7.5,251.2,79.11,100,44,88,1085.0,16783.7,242.1,79.11,99,41,86,20761.9,7.8,39.0,45,50
1782818753.097,187.299,249.2,79.11,100,34,88,12992.4,5.3,248.0,79.11,99,43,83,2.7,14154.1,248.7,79.11,100,43,88,17771.8,4257.9,240.5,79.11,100,40,85,3.1,5.3,39.0,45,50
1782818753.538,187.740,250.4,79.11,100,39,88,3.9,4.8,248.0,79.11,99,43,83,2.8,17184.4,247.9,79.11,100,40,87,20678.7,5.3,242.0,79.11,100,39,85,1.9,4.4,39.0,45,50
1782818753.979,188.181,249.1,79.11,99,38,88,17307.7,9462.2,250.9,79.11,100,40,83,3.6,4.9,250.7,79.11,100,53,88,1121.8,16737.7,242.0,79.11,100,39,85,20754.5,4.5,39.0,45,50
1782818754.419,188.622,248.9,79.11,100,37,88,1.8,17116.2,252.1,79.11,100,46,83,20707.1,5.0,250.7,79.11,100,53,88,1.9,4.4,244.7,79.11,100,46,85,1145.0,16770.3,39.0,45,50
1782818754.860,189.063,250.5,79.11,100,38,88,1.8,3.9,249.6,79.11,100,54,83,8.4,11518.7,251.5,79.11,100,56,88,18436.7,5223.4,244.3,79.11,100,53,86,4.4,4.6,39.0,45,50
1782818755.311,189.513,250.5,79.11,100,38,88,17494.6,15101.6,248.4,79.11,100,48,83,1.9,4.3,248.9,79.11,99,50,88,2.8,4937.7,243.4,79.11,99,48,86,17613.3,14042.2,39.0,45,50
1782818755.751,189.954,249.9,79.11,100,39,87,8.4,15523.0,250.2,79.11,99,41,82,17354.7,3576.1,251.5,79.11,100,46,88,3.5,4.3,246.0,79.11,100,40,85,1100.7,16860.6,39.0,45,50
1782818756.199,190.402,249.5,79.11,100,43,88,3.4,4.0,250.2,79.11,100,42,83,489.9,17199.4,250.1,79.11,100,42,87,20229.1,482.3,244.3,79.11,100,39,85,2.6,4.8,39.0,45,50
1782818756.640,190.843,249.4,79.11,100,46,88,4696.6,4.9,251.3,79.11,100,42,83,1.9,16285.2,249.8,79.11,100,40,87,20754.4,11.1,245.6,79.11,100,41,85,6.1,538.7,39.0,45,50
1782818757.087,191.289,248.7,79.11,100,35,88,3.9,6316.8,249.7,79.11,99,40,82,17803.4,12183.9,248.2,79.11,100,41,87,2.1,5.5,241.5,79.11,99,38,85,10323.4,14383.0,42.0,49,46
1782818757.536,191.738,248.0,79.11,100,36,87,8.7,4.1,249.7,79.11,99,40,82,14008.1,14943.3,241.1,79.11,100,12,87,7868.3,4.4,234.1,79.11,99,63,85,2.7,4.1,42.0,49,46
1782818757.978,192.181,249.4,79.11,100,42,88,11922.2,13822.4,244.0,79.11,100,67,83,11654.6,3.9,248.5,79.11,100,60,86,3.3,4.1,234.1,79.11,99,63,85,1138.2,16810.8,42.0,49,46
1782818758.421,192.623,251.2,79.11,100,49,88,5567.6,3.8,249.7,79.11,99,48,83,1.8,4.0,248.5,79.11,100,60,86,6914.7,14355.3,241.2,79.11,99,44,85,16138.9,5.2,42.0,49,46
1782818758.861,193.064,252.2,79.11,100,52,88,1.8,3.2,252.9,79.11,100,44,82,20217.1,17107.7,248.5,79.11,100,41,86,3.7,13.1,250.5,79.11,100,41,85,15.3,15732.4,42.0,49,46
1782818759.310,193.512,252.2,79.11,100,52,88,2.0,4.9,248.3,79.11,100,43,82,20248.2,17107.0,249.2,79.11,100,40,87,2.2,5.2,245.8,79.11,99,40,86,490.1,17338.1,42.0,49,46
1782818759.750,193.952,248.9,79.11,100,40,88,3861.2,14713.7,249.6,79.11,100,42,83,18401.7,5.4,249.8,79.11,100,45,88,3.8,5239.9,243.3,79.11,100,39,85,18026.2,13137.4,42.0,49,46
1782818760.191,194.393,249.8,79.11,100,37,88,17721.5,11983.0,250.0,79.11,100,43,83,4.4,4.7,250.3,79.11,100,37,88,1074.7,16813.1,243.4,79.11,100,43,86,20750.1,5.7,42.0,49,46
1782818760.674,194.876,250.5,79.11,99,36,88,20705.6,4.1,249.5,79.11,99,43,83,5.0,7.2,246.0,79.11,99,40,87,12594.0,14340.6,241.5,79.11,100,41,84,9023.0,5.2,42.0,49,46
1782818761.120,195.322,251.0,79.11,100,46,88,12468.1,14183.8,249.5,79.11,99,42,83,10789.8,4.4,249.3,79.11,100,42,86,3.0,4.7,243.9,79.11,99,39,84,18178.3,14280.5,42.0,49,46
1782818761.562,195.765,249.6,79.11,100,44,88,2.7,4.1,250.4,79.11,100,43,83,497.6,17184.8,252.8,79.11,100,41,88,20751.1,4.9,247.2,79.11,100,40,85,4.2,5.2,42.0,49,46
1782818762.007,196.209,250.0,79.11,99,44,88,17516.0,12584.6,250.4,79.11,100,43,83,1.8,4.7,251.1,79.11,100,42,87,1.9,6281.4,247.2,79.11,100,40,85,17234.8,12648.7,42.0,49,46
1782818762.448,196.650,250.1,79.11,100,44,88,1.8,3.9,250.6,79.11,100,46,83,20245.3,17107.5,251.1,79.11,100,42,87,2.1,4.6,246.0,79.11,100,41,85,7.9,2848.8,42.0,49,46
1782818762.890,197.093,248.9,79.11,100,39,88,10981.9,4.2,249.3,79.11,100,43,83,4.4,6.6,250.5,79.11,100,40,86,19831.8,15371.1,245.7,79.11,100,40,85,700.5,10.4,42.0,49,46
1782818763.336,197.539,248.9,79.11,100,39,88,20709.9,17111.1,249.6,79.11,100,52,83,2.9,5.0,249.6,79.11,99,47,87,1.9,13210.9,247.1,79.11,100,47,85,17644.8,5382.6,42.0,49,46
1782818763.778,197.980,249.8,79.11,100,37,88,20698.2,8.4,247.9,79.11,100,44,83,3.0,29.2,249.3,79.11,100,48,88,19715.0,17201.6,243.7,79.11,100,41,86,2.6,6.1,42.0,49,46
1782818764.223,198.426,250.3,79.11,100,39,88,19872.6,18803.1,249.8,79.11,100,46,83,19196.5,19045.6,248.9,79.11,100,40,88,19392.0,14644.6,242.6,79.11,100,45,86,12865.1,4.5,45.0,53,42
1782818764.664,198.867,246.3,79.11,98,12,89,1.8,152.6,245.9,79.11,100,59,83,19291.3,17110.4,241.7,79.11,99,63,88,10.7,6.8,238.0,79.11,100,59,86,6.8,616.7,45.0,53,42
1782818765.113,199.316,248.9,79.11,100,42,88,19025.2,17108.9,248.8,79.11,100,54,83,1.8,4.2,247.9,79.11,100,61,87,2.7,598.1,240.8,79.11,100,50,85,19705.2,17204.2,45.0,53,42
1782818765.556,199.759,248.5,79.11,100,40,88,1.8,4.2,248.8,79.11,100,54,83,3.8,11791.2,254.5,79.11,100,41,87,17303.2,6926.0,249.3,79.11,100,41,85,4.6,4.6,45.0,53,42
1782818765.999,200.201,249.5,79.11,99,41,88,17556.9,13549.7,253.1,79.11,100,45,83,3.7,5.1,248.7,79.11,99,41,86,4658.9,15259.8,249.3,79.11,100,41,85,17311.8,5.6,45.0,53,42
1782818766.440,200.642,249.9,79.11,100,37,87,10783.4,5.2,249.0,79.11,100,42,83,2.1,15067.7,248.7,79.11,99,41,86,17613.8,3349.3,245.9,79.11,99,39,85,2.7,5.7,45.0,53,42
1782818766.880,201.083,250.0,79.11,100,35,88,2.0,409.8,247.9,79.11,100,42,83,18975.4,17107.6,248.5,79.11,100,39,87,5.5,7.3,242.8,79.11,100,40,84,11589.7,14531.2,45.0,53,42
1782818767.334,201.537,250.0,79.11,100,35,88,1.8,3.7,247.2,79.11,100,42,83,20229.2,17108.0,248.2,79.11,100,40,87,4.3,4.6,239.1,79.11,99,40,84,1.9,4871.7,45.0,53,42
1782818767.778,201.981,250.1,79.11,100,41,88,1.8,6.7,250.7,79.11,100,41,83,1.8,1456.9,251.0,79.11,100,40,87,18128.1,16713.8,243.1,79.11,100,39,85,2.2,4.7,45.0,53,42
1782818768.221,202.423,249.7,79.11,100,37,88,20707.9,15775.5,252.4,79.11,100,55,83,641.0,4.2,251.3,79.11,100,44,87,1.8,30.4,246.6,79.11,100,51,85,19753.8,15651.3,45.0,53,42
1782818768.662,202.865,249.3,79.11,100,38,88,1.7,4.0,249.9,79.11,100,55,83,513.6,17152.3,251.7,79.11,100,53,87,20753.8,7.0,247.3,79.11,100,51,86,6.9,5.5,45.0,53,42
1782818769.107,203.309,250.0,79.11,100,38,88,17599.5,8889.0,250.1,79.11,100,56,83,2.8,4.6,249.7,79.11,100,55,87,494.4,17307.1,246.9,79.11,100,52,86,20375.0,243.3,45.0,53,42
1782818769.553,203.756,249.1,79.11,100,37,88,1.7,97.4,250.1,79.11,100,56,83,19304.8,17105.5,249.5,79.11,99,55,87,1.9,6.2,247.0,79.11,100,59,86,1.9,7875.7,45.0,53,42
1782818769.996,204.199,249.7,79.11,100,38,87,267.2,4.2,250.6,79.11,100,64,83,4.4,60.9,249.3,79.11,100,56,87,19705.7,17198.2,247.0,79.11,100,59,86,2.7,5.0,45.0,53,42
1782818770.439,204.642,250.1,79.11,100,37,88,20705.4,5.0,250.2,79.11,100,53,83,3.0,38.2,249.3,79.11,100,56,87,19708.7,17202.1,246.7,79.11,100,51,86,2.0,5.5,45.0,53,42
1782818770.880,205.083,248.5,79.11,100,35,88,2.1,4.6,249.0,79.11,100,42,82,2.0,17180.4,247.7,79.11,100,40,87,20752.4,7.5,243.8,79.11,100,40,86,3.1,578.1,48.0,57,38
1782818771.330,205.532,248.5,79.11,100,35,88,20478.4,4.9,246.7,79.11,98,46,83,1.8,4.1,249.7,79.11,100,45,88,490.8,17242.6,239.8,79.11,98,43,86,20755.4,3.9,48.0,57,38
1782818771.771,205.974,245.0,79.11,99,40,88,5.1,6.5,249.3,79.11,100,59,83,1.7,4948.7,249.3,79.11,99,56,88,16877.6,14329.2,241.1,79.11,100,59,86,4.4,4.3,48.0,57,38
1782818772.212,206.414,251.4,79.11,99,42,88,4.3,16215.0,250.3,79.11,100,54,83,17013.3,3026.2,246.2,79.11,99,57,87,2.8,4.0,244.2,79.11,99,51,85,1.7,4603.7,48.0,57,38
1782818772.655,206.857,254.4,79.11,100,42,88,2808.7,4.2,253.0,79.11,100,42,83,2.4,37.9,251.7,79.11,100,42,87,19720.6,17204.5,248.3,79.11,100,39,85,8.5,6.7,48.0,57,38
1782818773.099,207.301,248.7,79.11,100,37,88,17362.7,4.8,248.4,79.11,100,44,83,3.6,607.9,248.8,79.11,100,43,87,18111.1,15518.2,244.9,79.11,100,43,86,3.0,5.6,48.0,57,38
1782818773.543,207.745,250.4,79.11,100,34,88,2.0,5.1,248.4,79.11,100,44,83,20740.2,15418.0,249.6,79.11,100,40,87,458.5,6.6,243.0,79.11,100,40,85,1095.3,16771.5,48.0,57,38
1782818773.985,208.187,250.5,79.11,100,36,88,5.0,8785.6,249.1,79.11,100,44,83,17820.1,10000.8,246.6,79.11,100,40,86,2.9,5.0,243.0,79.11,100,40,85,2741.8,15555.4,48.0,57,38
1782818774.426,208.629,249.4,79.11,100,42,88,1.8,4.2,249.0,79.11,100,40,82,498.1,17172.1,246.6,79.11,100,40,86,20749.8,5.2,240.2,79.11,100,39,85,2.8,4.6,48.0,57,38
1782818774.867,209.070,249.3,79.11,100,39,88,17102.3,3772.7,249.8,79.11,100,40,83,1.9,4.3,249.9,79.11,100,39,86,1057.1,16822.7,242.6,79.11,100,38,85,20757.3,4.7,48.0,57,38
1782818775.310,209.513,249.3,79.11,100,39,88,3.5,3.7,251.4,79.11,99,56,83,20239.5,17105.7,252.8,79.11,100,52,87,1.9,4.5,246.4,79.11,99,51,85,1.8,627.0,48.0,57,38
1782818775.753,209.955,250.2,79.11,99,39,88,17046.1,7.2,250.6,79.11,99,53,83,4.5,4.2,250.5,79.11,99,52,87,6644.8,14774.1,246.6,79.11,99,50,86,15654.9,5.0,48.0,57,38
1782818776.196,210.399,250.4,79.11,100,40,88,3.5,17108.3,250.1,79.11,100,50,83,19750.0,805.7,249.0,79.11,100,53,87,1.8,4.6,247.5,79.11,100,47,85,1141.3,16774.6,48.0,57,38
1782818776.638,210.841,250.0,79.11,100,38,88,2.6,4.1,250.1,79.11,99,56,83,1.8,7002.3,249.0,79.11,100,60,87,25894.5,4068.2,246.9,79.11,100,53,86,6.1,7.7,48.0,57,38
1782818777.089,211.291,249.6,79.11,100,39,87,17488.8,5129.9,249.7,79.11,100,50,83,2.3,4.7,251.0,79.11,100,52,87,1119.1,16739.5,246.0,79.11,100,48,86,20751.4,11.0,48.0,57,38
1782818777.532,211.734,250.1,79.11,100,36,88,20706.3,5.1,249.7,79.11,100,50,83,2.1,833.3,247.5,79.11,99,40,87,18635.8,16961.8,242.2,79.11,100,39,84,9.1,5.4,48.0,57,38
1782818777.973,212.175,249.1,79.11,100,37,87,19543.1,18963.0,247.8,79.11,100,41,83,19309.0,18848.7,241.4,79.11,98,43,87,19480.8,14927.6,242.2,79.11,100,39,84,12933.3,4.4,51.0,61,34
1782818778.418,212.620,248.4,79.11,100,45,88,1.7,1841.1,240.9,79.11,100,14,82,17786.5,17023.7,241.4,79.11,98,43,87,2.2,4.2,235.9,79.11,100,13,84,2.1,517.5,51.0,61,34
1782818778.860,213.062,250.0,79.11,100,41,88,19716.1,13873.6,250.4,79.11,100,75,83,4030.3,4.1,248.7,79.11,100,63,87,1.9,7.5,242.4,79.11,100,71,86,19759.0,16018.7,51.0,61,34
1782818779.306,213.509,250.0,79.11,100,41,88,4.5,4.1,251.6,79.11,100,46,83,4.0,119.6,253.3,79.11,100,44,86,19395.8,17199.2,251.5,79.11,100,42,85,2.7,4.6,51.0,61,34
1782818779.748,213.950,253.8,79.11,100,52,88,20710.4,15639.7,247.5,79.11,100,42,83,860.1,5.2,248.5,79.11,99,40,87,2.0,16199.8,245.2,79.11,100,39,84,17807.7,2349.6,51.0,61,34
1782818780.190,214.392,251.0,79.11,100,43,88,20705.4,5.7,249.5,79.11,100,46,83,2.1,482.6,249.9,79.11,100,43,87,18779.8,17200.8,244.4,79.11,100,44,86,2.1,5.4,51.0,61,34
1782818780.632,214.834,249.5,79.11,100,34,88,2.0,4.9,249.5,79.11,100,39,83,19397.1,14775.3,250.6,79.11,100,40,87,2682.3,8.0,242.6,79.11,100,37,86,8.4,16454.4,51.0,61,34
1782818781.078,215.281,250.1,79.11,100,37,88,1.8,4.2,249.5,79.11,100,43,83,3748.3,14623.0,246.8,79.11,100,40,86,18242.9,4.4,241.0,79.11,100,41,85,4.3,4.5,51.0,61,34
1782818781.520,215.722,249.6,79.11,100,44,88,13841.5,3.9,249.5,79.11,100,43,83,1.7,4.3,249.8,79.11,99,38,86,9564.6,14489.8,241.0,79.11,100,41,85,13685.6,4.8,51.0,61,34
1782818781.962,216.165,248.6,79.11,100,37,88,4163.0,14276.0,250.0,79.11,100,46,83,18782.2,4.3,249.8,79.11,99,38,86,2.7,4.4,244.0,79.11,100,43,85,3481.2,14752.8,51.0,61,34
1782818782.409,216.612,249.8,79.11,99,39,88,3.4,4.0,250.9,79.11,100,51,83,3.4,12145.3,252.6,79.11,99,49,87,17601.2,6392.9,246.9,79.11,100,47,86,2.5,4.4,51.0,61,34
1782818782.851,217.053,249.8,79.11,99,39,88,20512.7,14101.0,250.4,79.11,100,52,83,2995.9,4.4,251.1,79.11,100,47,87,1.7,578.4,247.5,79.11,100,48,86,19707.2,17213.8,51.0,61,34
1782818783.295,217.497,250.0,79.11,99,40,88,8.3,4.2,249.3,79.11,99,54,83,16641.7,13781.7,249.0,79.11,99,47,87,6959.6,4.4,247.2,79.11,99,50,86,1.9,513.2,51.0,61,34
1782818783.737,217.939,250.4,79.11,100,38,88,20707.1,8.4,249.9,79.11,100,58,83,6.7,7.1,250.5,79.11,99,54,87,17283.9,14101.9,246.2,79.11,100,55,86,5679.7,4.7,51.0,61,34
1782818784.182,218.384,249.5,79.11,100,38,87,17340.9,2950.5,248.3,79.11,100,50,83,2.0,5.4,250.2,79.11,100,48,88,18546.3,14653.1,243.8,79.11,100,49,86,3837.4,5.4,51.0,61,34
1782818784.622,218.825,250.3,79.11,100,38,88,2005.8,4.8,249.1,79.11,100,45,83,2.0,14444.3,247.7,79.11,100,40,87,17936.4,3939.9,244.2,79.11,100,43,86,11.3,8.2,54.0,65,30
1782818785.065,219.268,249.7,79.11,100,36,87,18547.0,9341.6,244.3,79.11,100,57,83,2.6,4.3,242.2,79.11,100,13,88,1.9,13626.2,236.3,79.11,100,58,86,17336.7,5088.0,54.0,65,30
1782818785.506,219.709,249.6,79.11,100,42,88,3.3,3.6,244.3,79.11,100,57,83,3.9,23.7,247.6,79.11,100,67,87,19201.3,13915.7,236.3,79.11,100,58,86,3116.7,4.2,54.0,65,30
1782818785.947,220.150,249.3,79.11,100,40,88,4.9,2888.4,249.5,79.11,100,70,83,17120.5,14349.7,247.6,79.11,100,67,87,1.8,4.0,241.4,79.11,100,66,86,1.8,618.4,54.0,65,30
1782818786.391,220.593,249.2,79.11,100,41,88,17319.8,4.2,257.8,79.11,100,49,83,2.5,4.5,255.6,79.11,100,54,87,14889.6,14513.7,251.8,79.11,100,46,86,7581.9,4.5,54.0,65,30
1782818786.832,221.034,249.2,79.11,100,41,88,20121.5,521.4,251.3,79.11,100,48,83,2.0,5.1,249.3,79.11,100,42,87,19194.5,15184.1,249.2,79.11,100,44,86,1820.1,10.5,54.0,65,30
1782818787.274,221.476,249.3,79.11,100,36,88,2.0,5.1,247.9,79.11,100,42,82,7422.2,17542.6,248.9,79.11,100,41,87,6099.5,5.8,241.6,79.11,100,39,86,276.2,17304.6,54.0,65,30
1782818787.721,221.924,249.1,79.11,100,36,87,9.5,5474.8,247.3,79.11,100,41,83,19603.5,10600.9,248.4,79.11,99,38,88,2.8,5.1,238.7,79.11,100,40,84,3368.4,14847.8,54.0,65,30
1782818788.169,222.371,250.1,79.11,100,44,88,1.8,4.2,251.5,79.11,100,42,83,493.9,17177.7,250.0,79.11,100,43,86,20749.8,5.4,244.5,79.11,100,39,85,2.8,5.0,54.0,65,30
1782818788.609,222.812,250.2,79.11,100,37,88,20706.7,4.3,252.8,79.11,100,53,83,3.5,4.4,251.3,79.11,100,58,87,1130.6,16733.4,248.1,79.11,100,50,86,20269.6,10.3,54.0,65,30
1782818789.054,223.256,249.7,79.11,100,39,87,1.8,8993.0,252.8,79.11,100,53,83,17508.2,9941.4,251.2,79.11,100,57,87,1.8,4.4,247.2,79.11,100,56,86,2.0,14633.8,54.0,65,30
1782818789.498,223.701,250.5,79.11,100,39,87,1.8,4.1,251.4,79.11,100,59,83,2.4,56.8,249.7,79.11,100,57,87,19707.6,17193.1,247.2,79.11,100,56,86,2.6,4.6,54.0,65,30
1782818789.939,224.142,249.5,79.11,100,38,87,13830.7,14307.7,250.4,79.11,100,62,83,9258.2,4.4,249.7,79.11,100,57,87,1.8,19.3,248.8,79.11,100,58,86,19759.3,16006.3,54.0,65,30
1782818790.381,224.584,249.7,79.11,100,38,88,1.7,4.2,250.5,79.11,100,57,83,2532.0,15103.0,249.5,79.11,100,54,87,19397.4,4.3,246.0,79.11,100,53,86,3.5,4.5,54.0,65,30
1782818790.822,225.024,249.7,79.11,100,38,88,20539.0,4.2,247.9,79.11,100,55,83,3.6,4.8,250.9,79.11,100,53,88,20071.9,14241.5,244.7,79.11,100,53,86,2973.7,9.0,54.0,65,30
1782818791.266,225.468,250.6,79.11,100,37,88,2.3,5.0,248.6,79.11,100,43,82,498.2,17153.4,246.1,79.11,100,40,86,20748.9,5.0,244.3,79.11,100,39,85,3.0,575.3,54.0,65,30
1782818791.713,225.915,248.3,79.11,100,36,87,27343.8,16124.5,249.7,79.11,99,43,82,25283.0,17107.4,249.3,79.11,99,44,88,20747.7,4.7,244.3,79.11,100,40,85,1.8,4.4,57.0,69,26
1782818792.163,226.365,244.3,79.11,100,11,88,20258.0,13852.3,246.0,79.11,99,47,83,3114.5,4.0,245.9,79.11,99,50,88,1.8,4.0,237.8,79.11,100,46,84,1179.9,16755.0,57.0,69,26
1782818792.605,226.808,252.0,79.11,100,48,87,15656.9,3.7,251.6,79.11,100,63,83,1.8,4.4,248.5,79.11,100,57,87,3452.7,18884.2,244.9,79.11,100,60,86,12758.6,12.6,57.0,69,26
1782818793.058,227.260,255.0,79.11,100,40,87,1.8,1856.9,251.6,79.11,100,63,83,18065.6,17005.9,253.1,79.11,100,63,87,2.0,4.5,252.3,79.11,100,57,86,2.7,6075.2,57.0,69,26
1782818793.500,227.702,248.6,79.11,100,38,88,60.3,5.0,254.9,79.11,100,61,83,2.0,16218.7,249.4,79.11,100,55,87,18382.9,1883.9,252.3,79.11,100,57,86,2.1,5.6,57.0,69,26
1782818793.942,228.144,249.7,79.11,100,40,88,6.2,7906.8,250.4,79.11,100,47,83,17967.5,7289.8,249.4,79.11,100,55,87,2.9,5.5,245.8,79.11,100,43,86,15305.2,14554.8,57.0,69,26
1782818794.391,228.593,249.5,79.11,100,34,88,20710.5,17108.7,249.3,79.11,100,45,83,3.0,4.8,247.1,79.11,100,39,87,3.5,15967.3,244.3,79.11,100,43,86,17431.0,2846.2,57.0,69,26
1782818794.831,229.034,249.5,79.11,100,34,88,1666.8,15634.2,250.2,79.11,99,41,83,20646.3,4.5,245.9,79.11,100,40,87,2.7,4.6,242.5,79.11,100,39,85,12447.5,14429.1,57.0,69,26
1782818795.275,229.477,248.2,79.11,100,37,88,1.8,3.9,251.0,79.11,100,54,83,5386.3,14364.5,250.8,79.11,99,52,87,17339.4,4.6,244.1,79.11,99,53,86,2.5,3.9,57.0,69,26
1782818795.717,229.919,249.4,79.11,100,38,87,20710.1,8.1,250.9,79.11,100,61,83,6.6,8.6,253.4,79.11,100,50,87,5349.4,14466.6,247.1,79.11,100,56,86,17363.6,4.8,57.0,69,26
1782818796.164,230.366,250.9,79.11,100,39,88,1.8,11917.4,249.0,79.11,100,60,83,17387.1,7115.4,251.3,79.11,100,56,87,2.7,4.3,247.7,79.11,100,57,86,489.8,14639.9,57.0,69,26
1782818796.605,230.807,250.1,79.11,100,39,88,4889.3,4.2,250.8,79.11,100,59,83,1.8,29.6,250.6,79.11,100,57,87,19720.2,17196.4,249.4,79.11,100,57,86,5.0,10.5,57.0,69,26
1782818797.055,231.257,249.4,79.11,100,38,87,20708.6,15228.7,250.8,79.11,100,59,83,1382.8,4.4,250.4,79.11,100,48,87,1.8,545.8,246.1,79.11,99,52,86,19719.6,17211.7,57.0,69,26
1782818797.496,231.699,250.2,79.11,100,38,87,8.0,4.3,249.1,79.11,100,52,83,20745.1,14824.6,250.2,79.11,100,45,88,1209.6,4.7,246.1,79.11,99,52,86,2.2,1971.7,57.0,69,26
1782818797.944,232.146,250.0,79.11,100,44,88,5.3,5.0,250.3,79.11,100,42,82,20242.6,17108.5,250.2,79.11,100,45,88,2.9,5.3,245.5,79.11,99,41,85,1072.9,16835.6,57.0,69,26
1782818798.388,232.591,248.7,79.11,100,36,87,1.9,15997.3,251.5,79.11,100,44,83,17590.4,2855.7,249.5,79.11,100,41,86,4.6,5.0,246.6,79.11,100,40,86,20795.5,17321.8,59.0,73,22
1782818798.832,233.034,248.7,79.11,100,36,87,5.7,4.2,247.5,79.11,98,25,83,3.3,14601.8,246.5,79.11,100,41,87,17430.4,4064.5,241.8,79.11,98,27,84,2.6,8.9,59.0,73,22
1782818799.274,233.476,246.5,79.11,100,58,88,1.7,3.4,245.5,79.11,100,43,82,20258.8,16551.8,246.2,79.11,100,47,88,3.9,4.2,237.4,79.11,100,42,85,2.6,559.2,59.0,73,22
1782818799.720,233.922,250.4,79.11,100,41,88,19238.9,6599.8,250.8,79.11,100,62,83,8.7,5.6,250.8,79.11,100,59,87,4.6,11666.7,244.9,79.11,100,59,86,16749.5,7678.7,59.0,73,22
1782818800.172,234.374,251.8,79.11,99,41,88,1.7,647.4,253.0,79.11,100,56,83,18664.0,17106.2,253.8,79.11,100,58,87,2.4,4.5,252.5,79.11,99,55,86,1.8,6907.5,59.0,73,22
1782818800.614,234.817,248.3,79.11,100,38,87,3.6,7401.5,246.4,79.11,100,43,82,17746.7,11220.5,247.8,79.11,100,45,88,2.1,6.1,243.3,79.11,100,40,85,17777.4,14771.2,59.0,73,22
1782818801.055,235.258,249.0,79.11,100,35,88,20708.8,17115.5,246.4,79.11,100,43,82,3.1,5.8,249.6,79.11,100,43,88,7299.0,14788.5,240.9,79.11,99,41,86,14495.1,5.7,59.0,73,22
1782818801.979,236.181,249.9,79.11,99,38,87,20708.4,4.3,252.8,79.11,99,47,83,1.9,4.7,250.3,79.11,100,51,87,20499.6,14028.5,245.2,79.11,99,44,86,2955.3,4.4,59.0,73,22
1782818802.419,236.622,250.5,79.11,100,38,87,5621.0,14417.7,250.9,79.11,100,48,83,17335.1,4.3,250.3,79.11,100,51,87,2.3,4.5,245.0,79.11,100,46,86,8181.9,14304.1,59.0,73,22
1782818802.861,237.064,250.5,79.11,100,38,87,2.8,4.0,248.9,79.11,100,51,83,1.8,10265.7,252.5,79.11,100,50,88,24505.7,1134.0,244.9,79.11,100,50,86,5.7,4.7,59.0,73,22
1782818803.313,237.516,250.8,79.11,100,38,87,17635.1,14258.9,250.0,79.11,99,49,83,1.7,4.3,251.0,79.11,99,49,88,1.8,4226.3,247.3,79.11,99,48,86,17527.0,14671.5,59.0,73,22
1782818803.754,237.956,250.3,79.11,100,40,87,8.4,10183.5,250.9,79.11,100,43,82,17470.7,8710.4,248.9,79.11,100,49,87,2.0,5.3,247.9,79.11,100,43,85,1.8,10058.9,59.0,73,22
1782818804.203,238.405,249.6,79.11,100,41,87,1.9,3.9,248.5,79.11,100,43,82,1.9,76.2,247.8,79.11,100,42,88,19701.1,17190.5,245.8,79.11,100,40,85,2.3,4.4,59.0,73,22
1782818804.645,238.847,250.4,79.11,100,46,88,17403.6,6221.2,249.7,79.11,100,42,82,2.1,6.0,248.6,79.11,100,40,86,20308.1,17205.5,246.5,79.11,100,40,85,8.4,7.7,59.0,73,22
1782818805.096,239.299,247.4,79.11,100,35,88,2.0,5.0,250.4,79.11,100,42,82,522.6,16802.4,251.4,79.11,100,44,88,20582.1,5.1,244.6,79.11,100,41,86,3.7,583.3,59.0,73,22
1782818805.537,239.739,249.5,79.11,100,40,88,8936.4,4.0,250.4,79.11,100,42,82,3.2,10.4,241.3,79.11,98,11,87,20782.0,17192.1,235.4,79.11,100,38,85,2.4,4.4,62.0,77,18
1782818805.981,240.184,250.4,79.11,99,48,88,5.2,4.6,243.0,79.11,99,41,83,20248.7,17106.9,245.6,79.11,100,45,86,1.9,4.2,235.4,79.11,100,38,85,3.6,3.6,62.0,77,18
1782818806.425,240.627,251.2,79.11,99,47,87,20710.2,17106.7,248.6,79.11,99,45,82,3.4,4.2,245.6,79.11,100,45,86,1.9,49.5,239.8,79.11,99,41,85,19747.7,16291.9,62.0,77,18
1782818806.868,241.070,253.5,79.11,100,40,87,2.8,4.2,256.1,79.11,99,49,82,1.6,17179.0,254.0,79.11,100,42,87,20752.8,7.9,251.9,79.11,100,49,86,5.9,4.7,62.0,77,18
1782818807.312,241.514,253.5,79.11,100,40,87,12633.5,5.1,251.1,79.11,100,46,82,2.1,8616.2,252.1,79.11,100,48,88,17809.1,9796.2,247.4,79.11,100,45,86,2.0,5.2,62.0,77,18
1782818807.752,241.955,249.7,79.11,100,38,88,8.1,8.0,251.1,79.11,100,42,83,20738.0,17109.8,246.8,79.11,100,41,86,2.2,5.6,247.9,79.11,100,39,86,1105.8,16806.8,62.0,77,18
1782818808.196,242.399,248.9,79.11,99,35,88,1.8,17119.3,250.9,79.11,100,42,83,20704.4,4.8,247.9,79.11,100,39,87,4.0,4.8,244.9,79.11,100,40,85,16680.8,14504.6,62.0,77,18
1782818808.638,242.841,248.4,79.11,100,37,87,3.4,4.2,249.3,79.11,100,55,83,20748.2,17108.7,251.6,79.11,100,45,88,5.5,9.6,242.6,79.11,100,54,86,4.5,5909.5,62.0,77,18
1782818809.088,243.290,250.3,79.11,100,37,87,1.8,4.4,249.2,79.11,100,46,82,2.4,4023.5,252.9,79.11,100,39,88,17704.9,14349.2,244.6,79.11,100,44,85,3.5,4.6,62.0,77,18
1782818809.528,243.731,251.3,79.11,100,46,87,14992.7,14095.3,249.2,79.11,100,46,82,8457.0,4.2,248.5,79.11,100,41,88,2.9,3.5,246.8,79.11,100,41,86,18713.9,14161.5,62.0,77,18
1782818809.972,244.175,250.8,79.11,100,46,87,4.4,4.3,250.4,79.11,100,44,82,527.4,17109.8,248.5,79.11,100,41,88,20754.3,6.4,246.8,79.11,100,41,86,2.5,4.4,62.0,77,18
1782818810.418,244.620,250.6,79.11,100,48,87,17261.9,5972.1,249.8,79.11,100,45,83,1.8,4.3,249.3,79.11,100,42,88,489.9,16569.9,246.8,79.11,100,41,85,18306.5,2145.6,62.0,77,18
1782818810.859,245.061,250.6,79.11,100,48,87,2.8,242.2,249.3,79.11,100,44,83,19166.0,17106.3,251.3,79.11,100,40,87,2.1,7.4,248.1,79.11,100,41,85,6.9,7155.6,62.0,77,18
1782818811.302,245.504,250.6,79.11,100,53,87,1.9,4.5,250.3,79.11,99,45,82,1.9,5411.2,250.3,79.11,100,42,86,17847.1,13130.4,248.2,79.11,99,41,85,4.1,5.4,62.0,77,18
1782818811.743,245.946,250.1,79.11,100,47,88,5.9,10.2,251.3,79.11,99,42,83,513.4,17126.0,249.1,79.11,100,40,87,20752.0,5.6,248.3,79.11,99,39,85,2.9,1306.2,62.0,77,18
1782818812.193,246.396,249.6,79.11,99,36,87,2.0,149.3,248.8,79.11,100,43,82,27125.8,19157.3,249.3,79.11,100,40,87,19545.5,18765.9,243.3,79.11,100,40,85,19583.4,18973.1,65.0,81,14
1782818812.639,246.841,246.9,79.11,98,32,87,20706.4,3.6,245.2,79.11,99,50,83,3.5,3.9,243.2,79.11,99,47,86,493.4,12750.7,237.0,79.11,100,49,85,17267.6,6441.8,65.0,81,14
1782818813.087,247.289,250.6,79.11,100,49,87,1.7,3.9,247.7,79.11,100,46,83,2.4,1150.4,248.5,79.11,99,42,87,18058.5,17189.5,240.6,79.11,100,41,86,2.7,4.5,65.0,81,14
1782818813.532,247.735,251.6,79.11,100,46,87,3.3,11972.9,247.7,79.11,100,46,83,16946.5,7355.2,256.9,79.11,100,46,88,1.9,4.6,249.9,79.11,100,52,86,768.9,14243.4,65.0,81,14
1782818813.973,248.176,251.0,79.11,100,38,87,5.1,4.1,252.7,79.11,100,52,83,1.8,5147.8,256.9,79.11,100,46,88,19503.0,12209.4,249.9,79.11,100,52,86,4.0,5.3,65.0,81,14
1782818814.417,248.619,248.7,79.11,100,37,88,2.1,5.2,249.6,79.11,100,45,82,12937.4,15044.5,252.7,79.11,100,43,88,8901.6,5.6,249.5,79.11,100,44,86,2.4,17248.6,65.0,81,14
1782818814.860,249.062,248.7,79.11,100,37,88,7475.4,14778.8,250.4,79.11,100,42,83,15008.1,5.9,247.3,79.11,100,38,87,3.1,11383.7,245.8,79.11,99,39,86,17436.6,5587.5,65.0,81,14
1782818815.306,249.508,249.5,79.11,100,36,88,19012.5,14432.9,251.7,79.11,100,48,83,3846.1,4.3,247.7,79.11,100,41,87,4.4,28.5,244.7,79.11,100,46,86,19745.7,17218.5,65.0,81,14
1782818815.747,249.949,249.6,79.11,99,37,87,11.2,12849.5,250.5,79.11,100,46,83,17342.9,6270.6,250.9,79.11,100,50,88,2.3,4.8,242.9,79.11,100,46,86,1.7,12736.5,65.0,81,14
1782818816.201,250.404,249.9,79.11,100,38,87,1.8,4.0,247.8,79.11,100,42,83,1.9,5948.4,250.4,79.11,100,41,87,17442.4,12699.3,242.6,79.11,100,39,86,3.5,4.3,65.0,81,14
1782818816.643,250.845,251.7,79.11,100,49,87,10377.0,14284.9,248.9,79.11,100,43,83,12403.6,4.3,249.0,79.11,99,40,87,6.4,9.5,245.8,79.11,100,40,86,17808.9,15160.5,65.0,81,14
1782818817.086,251.289,250.6,79.11,100,48,87,1.8,4.1,249.7,79.11,99,44,82,503.6,17160.7,251.5,79.11,100,42,87,20750.5,4.9,247.1,79.11,99,41,85,2.8,4.8,65.0,81,14
1782818817.527,251.730,250.7,79.11,100,45,88,20677.6,4.4,249.7,79.11,99,44,82,4.1,4.3,248.6,79.11,99,41,87,501.8,17305.4,247.1,79.11,99,41,85,20446.3,183.5,65.0,81,14
1782818817.969,252.171,249.9,79.11,99,46,87,4.6,8592.8,249.9,79.11,100,45,83,17376.4,10570.4,248.6,79.11,99,41,87,3.5,4.7,248.4,79.11,100,42,85,498.2,16866.5,65.0,81,14
1782818818.411,252.614,248.7,79.11,100,37,88,2.0,5.0,250.9,79.11,99,43,83,20734.9,17107.1,249.2,79.11,99,42,88,3.8,5.4,248.3,79.11,99,39,86,1078.2,16844.4,65.0,81,14
1782818818.853,253.055,248.7,79.11,100,37,88,3.0,17113.7,249.6,79.11,100,46,83,20703.7,5.4,251.5,79.11,100,44,88,3.9,23.6,245.7,79.11,100,43,86,19738.6,17197.4,68.0,85,10
1782818819.296,253.498,250.2,79.11,100,36,88,1.8,4.2,249.8,79.11,100,45,83,20658.2,15916.1,249.4,79.11,100,40,87,68.6,4.3,243.7,79.11,100,43,85,3.5,15.7,68.0,85,10
1782818819.738,253.940,244.3,79.11,99,23,88,19966.3,16452.1,249.6,79.11,100,64,83,10.4,7.0,244.5,79.11,100,61,87,8.4,3.5,241.1,79.11,100,60,85,8690.5,14106.4,68.0,85,10
1782818820.187,254.389,249.4,79.11,100,44,87,1.7,3.8,247.2,79.11,99,44,83,2.1,12.5,245.4,79.11,99,41,86,19732.3,17198.2,240.3,79.11,99,41,85,1.9,4.2,68.0,85,10
1782818820.628,254.831,258.0,79.11,100,57,87,3.5,17114.5,248.3,79.11,100,46,83,20703.8,4.7,251.3,79.11,99,41,87,2.8,7.8,246.4,79.11,99,43,86,11012.2,15694.9,68.0,85,10
1782818821.076,255.279,251.2,79.11,100,45,87,2.0,16654.8,249.1,79.11,100,43,83,18882.0,1482.7,250.4,79.11,99,40,87,2.8,4.8,246.6,79.11,99,40,85,19900.0,14386.6,68.0,85,10
1782818821.519,255.721,249.5,79.11,100,36,87,18228.0,14261.8,249.1,79.11,100,43,83,2.1,5.5,247.4,79.11,100,39,86,9826.7,14989.6,246.6,79.11,99,40,85,12757.7,5.8,68.0,85,10
1782818821.959,256.161,247.9,79.11,99,35,88,10425.8,7.3,249.5,79.11,100,43,83,1.9,60.0,247.4,79.11,100,39,86,19702.4,17197.0,244.4,79.11,100,40,85,2.9,5.3,68.0,85,10
1782818822.400,256.602,251.9,79.11,100,49,87,17505.9,13807.9,248.1,79.11,100,41,82,1.8,4.5,249.9,79.11,99,43,88,2.2,11653.7,240.8,79.11,99,39,86,17030.7,7449.1,68.0,85,10
1782818822.840,257.042,251.9,79.11,100,49,87,3.5,7582.2,250.1,79.11,100,41,83,17379.8,11403.9,250.2,79.11,100,40,86,3.0,5.2,243.9,79.11,100,39,85,1080.6,16885.1,68.0,85,10
1782818823.285,257.488,250.9,79.11,99,47,87,1.9,4.1,252.1,79.11,99,44,83,1.8,30.2,250.1,79.11,100,43,87,19722.7,17191.3,247.8,79.11,99,41,85,1.9,4.5,68.0,85,10
1782818823.726,257.929,250.1,79.11,99,41,88,3401.6,14268.2,250.8,79.11,99,43,83,20083.6,5.9,251.2,79.11,99,42,87,4.5,4.2,247.0,79.11,99,41,85,17016.5,14524.3,68.0,85,10
1782818824.179,258.382,250.6,79.11,99,39,87,1.8,4.0,250.0,79.11,99,42,83,1871.2,15568.0,249.2,79.11,99,43,86,19789.4,4.6,246.8,79.11,99,38,85,2.6,4.6,68.0,85,10
1782818824.620,258.822,248.8,79.11,100,38,88,17217.5,8740.4,249.2,79.11,100,47,83,1.9,4.4,249.2,79.11,100,50,87,3.8,17328.1,246.6,79.11,100,43,85,20766.9,7.8,68.0,85,10
1782818825.063,259.265,248.8,79.11,100,38,88,1.8,16304.4,249.2,79.11,100,47,83,17199.2,2911.8,250.9,79.11,100,48,87,2.9,4.8,246.2,79.11,100,49,86,3257.2,14842.6,68.0,85,10
1782818825.503,259.706,249.6,79.11,100,36,87,409.8,16643.7,249.6,79.11,100,52,83,20032.4,5.4,248.9,79.11,100,40,87,3.8,3970.5,246.2,79.11,100,49,86,17984.3,14331.0,68.0,85,10
1782818825.944,260.147,249.1,79.11,100,36,88,28179.9,21246.4,248.1,79.11,100,43,82,19620.0,18945.5,248.9,79.11,100,40,87,19496.7,18881.3,243.3,79.11,100,41,86,19434.1,14790.0,71.0,89,6
1782818826.389,260.592,248.5,79.11,100,45,87,1.6,3.6,242.2,79.11,100,13,82,2.0,3054.0,242.7,79.11,100,43,87,17240.7,15838.6,235.5,79.11,100,13,86,2.6,4.1,71.0,89,6
1782818826.831,261.034,248.5,79.11,100,45,87,2.9,4.1,250.9,79.11,100,67,83,20264.1,15952.3,248.0,79.11,100,69,87,49.7,4.6,243.0,79.11,100,64,84,2.7,518.7,71.0,89,6
1782818827.273,261.476,251.2,79.11,99,45,87,20707.4,17108.7,256.1,79.11,100,45,83,1.8,4.3,252.3,79.11,100,43,87,2.9,883.3,245.1,79.11,100,41,85,18698.3,16278.5,71.0,89,6
1782818827.716,261.918,254.8,79.11,100,57,87,8.1,7.0,247.6,79.11,100,42,82,20243.8,17113.8,248.0,79.11,100,41,86,7.4,5.2,246.1,79.11,100,39,85,1109.7,16797.9,71.0,89,6
1782818828.161,262.363,250.2,79.11,99,46,87,5124.3,15128.6,250.6,79.11,99,46,83,17182.2,5.6,251.5,79.11,100,40,87,2.2,10958.9,247.3,79.11,99,44,86,17788.4,7513.5,71.0,89,6
1782818828.601,262.804,250.8,79.11,100,34,88,20706.7,4.9,250.3,79.11,100,38,83,2.9,32.7,249.9,79.11,100,41,87,19708.6,17193.8,243.3,79.11,100,36,86,3.5,9.9,71.0,89,6
1782818829.045,263.248,249.3,79.11,100,37,87,18763.6,3.9,250.3,79.11,100,38,83,5.2,4.3,247.0,79.11,100,40,87,7894.4,14384.9,241.0,79.11,100,41,85,14786.6,4.7,71.0,89,6
1782818829.486,263.689,249.9,79.11,100,47,87,9979.6,14614.8,248.5,79.11,100,44,82,12672.4,4.5,249.1,79.11,100,39,87,1.9,4.3,241.0,79.11,100,41,85,10182.1,14170.9,71.0,89,6
1782818829.929,264.131,248.8,79.11,100,36,87,1.8,6.9,249.4,79.11,100,46,83,6081.2,14469.3,249.1,79.11,100,39,87,16583.9,4.4,243.7,79.11,100,44,86,2.8,4.3,71.0,89,6
1782818830.374,264.577,248.0,79.11,100,39,87,17214.8,8554.7,251.1,79.11,100,47,83,2.1,4.5,252.2,79.11,100,43,86,489.9,16134.9,247.2,79.11,99,43,85,17042.7,3104.5,71.0,89,6
1782818830.814,265.017,248.0,79.11,100,39,87,1.8,4.1,250.7,79.11,100,49,83,20750.2,15345.4,250.7,79.11,100,43,87,554.6,4.7,247.2,79.11,100,44,85,3.5,648.2,71.0,89,6
1782818831.257,265.460,249.4,79.11,100,40,87,2912.3,3.8,250.4,79.11,99,52,83,3.5,3.9,249.3,79.11,100,44,87,17099.7,14316.8,247.7,79.11,99,47,85,4978.6,4.7,71.0,89,6
1782818831.698,265.901,249.2,79.11,100,39,87,4171.9,14413.5,250.8,79.11,100,58,83,18399.4,7.2,249.6,79.11,99,52,87,5.2,6.5,247.7,79.11,100,55,86,19335.2,14487.8,71.0,89,6
1782818832.143,266.345,250.3,79.11,100,37,87,3.6,17113.4,248.4,79.11,99,50,83,20707.3,5.6,250.3,79.11,100,47,88,2.1,14.6,243.8,79.11,99,49,86,19745.8,17194.7,71.0,89,6
1782818832.585,266.787,250.8,79.11,100,38,88,20708.4,17109.7,250.3,79.11,100,45,83,2.5,5.4,248.7,79.11,100,40,87,496.4,17293.2,244.6,79.11,100,43,86,20752.1,8.0,74.0,93,2
1782818833.029,267.231,249.7,79.11,100,36,87,8.9,4059.0,250.3,79.11,100,45,83,14963.6,4.1,245.6,79.11,99,60,87,1079.8,15585.8,244.6,79.11,100,43,86,57.6,3.7,74.0,93,2
1782818833.470,267.672,249.9,79.11,99,44,87,16126.8,4.2,248.0,79.11,99,45,83,6549.7,11676.7,245.6,79.11,99,60,87,2.7,6750.3,240.3,79.11,99,45,85,11102.5,4.5,74.0,93,2
1782818833.911,268.113,249.7,79.11,99,38,87,10361.5,8565.4,249.7,79.11,100,58,83,564.9,16242.4,248.6,79.11,100,57,87,3.8,9126.5,242.2,79.11,100,54,86,5809.6,5899.2,74.0,93,2
1782818834.357,268.560,249.7,79.11,99,38,87,10362.9,4.1,252.6,79.11,99,44,83,10385.0,8563.5,252.9,79.11,99,39,87,2.2,8666.2,246.6,79.11,100,41,85,9553.2,4.5,74.0,93,2
1782818834.799,269.002,249.1,79.11,99,36,88,5.1,1128.0,250.4,79.11,100,51,83,18338.7,4.1,249.2,79.11,100,50,88,1444.9,16026.4,242.0,79.11,100,47,86,1.8,740.9,74.0,93,2
1782818835.242,269.444,250.5,79.11,100,44,87,3.4,2853.3,250.9,79.11,100,57,83,16307.4,4.4,250.6,79.11,99,40,87,7884.5,10763.0,244.2,79.11,100,54,86,2.2,7717.2,74.0,93,2
1782818835.684,269.886,250.8,79.11,100,48,87,1.7,8568.4,250.4,79.11,100,56,83,9504.9,9.1,251.0,79.11,100,55,87,18393.0,2107.3,246.5,79.11,100,55,86,1415.2,16023.3,74.0,93,2
1782818836.130,270.333,251.1,79.11,99,43,87,1.9,8567.1,249.3,79.11,99,41,83,10360.0,4.8,251.6,79.11,99,45,87,17683.4,2403.8,244.3,79.11,99,39,86,7516.6,6012.8,75.0,101,0
1782818836.571,270.774,250.5,79.11,100,41,88,4215.0,3588.7,250.7,79.11,100,50,83,4081.7,5161.0,249.9,79.11,100,47,87,4323.3,3517.5,244.9,79.11,100,47,85,4220.6,5218.6,75.0,101,0
1782818837.014,271.216,251.8,79.11,100,45,87,5526.1,3813.7,250.7,79.11,100,50,83,4221.5,3492.6,251.8,79.11,100,50,87,6508.0,3480.5,244.9,79.11,100,47,85,4241.6,3423.1,75.0,101,0
1782818837.456,271.658,251.7,79.11,100,46,87,4216.0,3479.9,253.2,79.11,100,53,83,6231.4,3369.4,251.8,79.11,100,50,87,3966.6,3405.3,249.0,79.11,100,49,85,6251.7,3418.0,75.0,101,0
1782818837.898,272.100,250.0,79.11,100,47,87,6092.6,3189.9,251.2,79.11,100,54,82,3977.0,3329.4,251.6,79.11,100,52,87,6113.7,3294.9,251.1,79.11,100,51,86,4105.1,3308.7,76.0,104,0
1782818838.341,272.543,250.0,79.11,100,47,87,4216.0,3398.3,250.0,79.11,100,54,82,6230.9,3254.3,250.6,79.11,100,53,87,4008.0,3389.9,252.4,79.11,100,50,86,6246.8,3418.4,76.0,104,0
1782818838.783,272.986,250.1,79.11,100,47,87,6000.5,3376.9,249.9,79.11,100,54,82,3978.7,3344.0,250.3,79.11,100,52,87,6260.4,3297.3,252.7,79.11,100,51,85,3973.7,3307.8,76.0,104,0
1782818839.226,273.428,250.0,79.11,100,47,87,4214.2,3370.9,250.0,79.11,100,55,82,5652.1,3656.0,250.1,79.11,100,52,87,4178.2,3292.9,251.8,79.11,100,52,85,6248.3,3417.2,76.0,104,0
1782818839.669,273.871,250.0,79.11,100,47,87,3819.2,5037.8,250.0,79.11,100,55,82,4485.6,3390.9,249.9,79.11,100,51,87,6795.3,3484.0,250.6,79.11,100,51,85,4107.3,3306.3,76.0,104,0
1782818840.120,274.322,250.0,79.11,100,47,87,4214.6,3479.6,250.1,79.11,100,55,82,6316.4,3277.2,250.0,79.11,100,52,87,4107.9,3404.1,250.2,79.11,100,51,85,6249.7,3418.9,76.0,104,0
1782818840.565,274.768,249.9,79.11,100,47,87,6264.3,3265.0,250.1,79.11,100,55,82,4090.3,3386.0,250.0,79.11,100,53,87,6242.5,3513.4,250.1,79.11,100,51,85,4146.0,3306.3,76.0,104,0
1782818841.009,275.212,250.0,79.11,100,47,87,4082.9,3262.8,250.1,79.11,100,54,82,6361.4,3496.0,250.1,79.11,100,52,87,4231.5,3295.7,250.1,79.11,100,51,85,6250.8,3525.8,76.0,104,0
1782818841.451,275.653,250.0,79.11,100,47,87,6225.6,3373.1,250.0,79.11,100,55,82,4223.6,3283.0,250.1,79.11,100,52,87,6241.9,3295.0,249.9,79.11,100,51,85,4103.9,3308.0,77.0,104,0
1782818841.894,276.096,250.1,79.11,100,47,87,4163.1,3371.1,249.9,79.11,100,54,82,6363.3,3391.2,250.0,79.11,100,52,87,4232.4,3311.4,250.0,79.11,100,51,85,6247.3,3522.3,77.0,104,0
1782818842.345,276.547,250.1,79.11,100,47,87,6225.3,3480.3,249.9,79.11,100,54,82,4090.3,3278.5,249.9,79.11,100,52,87,6242.1,3424.0,250.0,79.11,100,51,85,3972.6,3306.0,77.0,104,0
1782818842.788,276.990,249.9,79.11,100,47,87,3961.4,3282.6,250.0,79.11,100,55,82,6230.0,3503.5,249.9,79.11,100,52,87,4008.7,3235.2,250.0,79.11,100,51,85,5482.1,3540.5,77.0,104,0
1782818843.232,277.434,249.9,79.11,100,47,87,6223.3,3480.0,250.1,79.11,100,54,82,4050.1,3162.3,250.2,79.11,100,53,87,6242.8,3511.0,250.1,79.11,100,51,85,3913.7,3307.0,77.0,104,0
1782818843.675,277.878,250.1,79.11,100,47,87,4082.5,3262.2,249.9,79.11,100,54,82,6153.0,4022.0,250.1,79.11,100,52,87,4017.2,3664.0,249.8,79.11,100,51,86,4791.2,3453.4,77.0,104,0
1782818844.125,278.327,250.0,79.11,100,47,87,6345.7,3480.1,249.9,79.11,100,54,82,4076.9,3486.8,249.8,79.11,100,51,87,4955.2,3510.5,249.7,79.11,100,51,85,3883.8,5283.3,77.0,104,0
1782818844.569,278.772,250.0,79.11,100,47,87,3950.8,3153.4,249.9,79.11,100,54,82,6231.0,3493.9,250.0,79.11,100,52,87,3965.9,3184.9,250.0,79.11,100,51,85,6249.7,3517.9,77.0,104,0
1782818845.012,279.215,250.0,79.11,100,47,87,6317.5,3431.8,249.9,79.11,100,54,82,3957.5,3171.4,250.1,79.11,100,52,87,6178.4,3513.2,250.0,79.11,100,51,85,4071.0,3237.0,77.0,104,0
1782818845.461,279.664,249.9,79.11,100,46,87,3952.5,5251.1,250.1,79.11,100,54,82,4223.4,3491.9,250.1,79.11,100,52,87,4231.9,5181.4,250.0,79.11,100,51,85,4067.8,3412.8,77.0,104,0
1782818845.904,280.107,249.9,79.11,100,46,87,4064.6,3371.4,250.0,79.11,100,53,82,4093.7,5182.4,249.9,79.11,100,52,87,4230.7,3346.5,250.1,79.11,100,50,85,3776.8,5206.4,77.0,104,0
1782818846.350,280.553,249.9,79.11,100,46,87,4049.9,5146.4,250.0,79.11,100,54,82,4223.6,3385.8,250.1,79.11,100,51,87,3986.0,5272.8,250.0,79.11,100,51,85,4248.9,3415.4,77.0,104,0
1782818846.796,280.998,250.1,79.11,100,47,87,4349.4,3262.4,249.9,79.11,100,54,82,3960.6,5268.3,250.0,79.11,100,52,87,4177.8,3209.8,249.9,79.11,100,50,85,6065.0,4059.9,77.0,104,0
1782818847.242,281.444,250.1,79.11,100,47,87,5959.5,3374.1,250.0,79.11,100,55,82,4221.8,3280.8,249.9,79.11,100,52,87,6373.6,3404.5,250.1,79.11,100,51,85,4235.1,3307.6,77.0,104,0
1782818847.686,281.888,250.0,79.11,100,46,87,4214.8,3373.3,250.1,79.11,100,53,82,6368.4,3306.0,249.9,79.11,100,52,87,4017.4,3220.6,250.2,79.11,100,50,85,6283.4,3523.6,78.0,104,0
1782818848.128,282.331,250.0,79.11,100,46,87,6229.3,3480.6,249.9,79.11,100,54,82,3959.4,3199.5,250.0,79.11,100,52,87,6309.4,3517.1,249.9,79.11,100,51,85,4033.4,3311.4,78.0,104,0
1782818848.575,282.778,250.0,79.11,100,47,87,4083.1,3263.4,249.9,79.11,100,53,82,6336.9,3493.2,249.8,79.11,100,51,87,4008.7,3299.7,249.8,79.11,100,50,85,6511.6,4187.9,78.0,104,0
1782818849.022,283.224,250.1,79.11,100,47,87,6355.7,3521.0,249.9,79.11,100,53,82,4090.9,3259.3,249.9,79.11,100,52,87,5332.1,3472.3,249.8,79.11,100,50,85,3779.0,4827.0,78.0,104,0
1782818849.464,283.667,249.9,79.11,100,45,87,3952.6,3153.2,250.0,79.11,100,54,82,6362.5,3492.7,249.9,79.11,100,52,87,3911.0,4965.6,250.0,79.11,100,51,85,4050.5,3350.0,78.0,104,0
1782818849.907,284.109,250.0,79.11,100,46,87,6237.9,3480.3,250.1,79.11,100,54,82,3830.9,4193.1,250.0,79.11,100,52,87,4105.0,3401.0,250.0,79.11,100,51,86,3973.7,5301.7,78.0,104,0
1782818850.355,284.557,250.0,79.11,100,46,87,3953.4,4817.2,249.9,79.11,100,53,82,4193.4,3383.0,250.1,79.11,100,52,87,4069.9,5177.2,249.9,79.11,100,50,85,3972.1,3413.3,78.0,104,0
1782818850.797,284.999,249.9,79.11,100,46,87,4349.4,3398.8,249.9,79.11,100,54,82,3959.4,5156.8,250.1,79.11,100,51,87,3882.9,3402.1,249.9,79.11,100,51,85,3842.6,5856.0,79.0,104,0
1782818851.245,285.447,250.0,79.11,100,47,87,3950.7,5146.2,250.1,79.11,100,54,82,4141.0,3275.9,250.1,79.11,100,52,87,3877.7,5183.7,250.1,79.11,100,50,86,4102.9,3360.2,79.0,104,0
1782818851.688,285.891,250.0,79.11,100,46,87,4047.3,3823.3,250.1,79.11,100,55,82,3964.5,5271.1,250.0,79.11,100,52,87,4233.6,3429.4,249.9,79.11,100,51,85,3975.0,5195.2,79.0,104,0
1782818852.133,286.335,250.0,79.11,100,46,87,3951.3,5255.2,250.1,79.11,100,53,82,4221.1,3380.0,250.0,79.11,100,52,87,3839.0,5179.5,250.1,79.11,100,51,86,4627.0,3535.5,79.0,104,0
1782818852.579,286.782,249.9,79.11,100,46,87,4184.3,3262.3,250.0,79.11,100,54,82,3923.6,5157.7,250.1,79.11,100,52,87,4230.5,3299.3,250.0,79.11,100,50,85,5854.5,3634.3,79.0,104,0
1782818853.023,287.225,250.0,79.11,100,47,87,3951.1,5145.5,250.0,79.11,100,54,82,4223.0,3280.0,250.0,79.11,100,52,87,3901.3,5183.3,250.0,79.11,100,50,85,4237.2,3312.9,79.0,104,0
1782818853.465,287.668,250.0,79.11,100,47,87,4347.9,3263.0,249.9,79.11,100,54,82,3861.9,5224.7,250.0,79.11,100,52,87,4230.8,3295.7,250.0,79.11,100,51,85,6353.6,3308.9,79.0,104,0
1782818853.909,288.111,249.9,79.11,100,46,87,3950.7,5255.1,250.1,79.11,100,55,82,4223.6,3344.6,249.9,79.11,100,52,87,6268.2,3383.9,250.1,79.11,100,51,85,4234.9,3311.3,79.0,104,0
1782818854.354,288.556,249.9,79.11,100,46,87,4269.4,3262.7,250.1,79.11,100,54,82,6362.4,3388.1,249.9,79.11,100,52,87,4098.0,3314.3,249.9,79.11,100,51,86,6247.7,3426.0,79.0,104,0
1782818854.796,288.999,250.0,79.11,100,47,87,6228.0,3371.1,249.9,79.11,100,53,82,3996.0,3310.2,250.1,79.11,100,52,87,6370.6,3528.3,249.8,79.11,100,50,86,4015.7,5180.6,79.0,104,0
1782818855.243,289.445,250.1,79.11,100,46,87,3988.5,3184.6,249.9,79.11,100,53,82,5374.8,3492.0,249.9,79.11,100,51,87,4099.6,5288.9,249.8,79.11,100,50,85,4164.5,3522.9,79.0,104,0
1782818855.685,289.887,250.1,79.11,100,47,87,4708.2,3549.2,250.0,79.11,100,54,82,4225.4,5218.5,249.9,79.11,100,52,87,4075.6,3514.3,249.9,79.11,100,51,86,3976.8,5192.3,79.0,104,0
1782818856.130,290.332,250.0,79.11,100,46,87,3990.6,5146.1,250.2,79.11,100,54,82,4203.5,3277.0,250.0,79.11,100,52,87,3969.6,5182.6,250.2,79.11,100,51,86,4349.8,3359.9,79.0,104,0
1782818856.572,290.774,250.0,79.11,100,46,87,4215.9,3262.6,250.0,79.11,100,54,82,3961.3,5159.4,250.2,79.11,100,52,87,4357.4,3293.0,250.0,79.11,100,51,85,4103.8,5195.6,79.0,104,0
1782818857.015,291.217,250.0,79.11,100,47,87,3950.9,5145.6,250.0,79.11,100,54,82,4332.2,3276.8,250.0,79.11,100,52,87,4455.8,4905.2,250.0,79.11,100,51,85,4287.6,3197.7,79.0,104,0
1782818857.457,291.659,250.0,79.11,100,46,87,4479.3,3262.4,249.9,79.11,100,53,82,6098.1,3521.8,250.0,79.11,100,52,87,4228.4,3295.9,249.9,79.11,100,50,86,6247.0,3523.5,80.0,104,0
1782818857.898,292.101,249.9,79.11,100,46,87,6223.4,3428.6,250.0,79.11,100,54,82,4222.3,3457.5,249.8,79.11,100,51,87,6244.9,3508.7,250.0,79.11,100,51,86,4216.9,3307.8,80.0,104,0
1782818858.342,292.545,249.9,79.11,100,46,87,4345.9,3268.3,250.0,79.11,100,53,82,6362.2,3494.1,250.1,79.11,100,52,87,3968.6,3295.1,249.9,79.11,100,50,86,6381.4,3516.4,80.0,104,0
1782818858.787,292.989,250.0,79.11,100,46,87,7045.3,3481.5,249.9,79.11,100,54,82,4070.6,5265.5,250.2,79.11,100,51,87,3967.3,3499.0,250.0,79.11,100,51,86,3974.3,5305.9,80.0,104,0
1782818859.235,293.438,250.0,79.11,100,47,87,4082.4,5147.2,250.1,79.11,100,54,82,4071.4,3385.6,250.1,79.11,100,51,87,3971.5,5181.2,250.0,79.11,100,51,86,4279.4,3457.5,80.0,104,0
1782818859.678,293.881,250.0,79.11,100,46,87,4346.1,3481.2,250.1,79.11,100,54,82,4753.2,5379.1,249.9,79.11,100,52,87,4364.2,3518.5,250.0,79.11,100,51,86,6279.8,3414.6,80.0,104,0
1782818860.130,294.333,250.0,79.11,100,46,87,6223.6,3426.1,250.0,79.11,100,54,82,4092.3,3296.1,250.0,79.11,100,52,87,6243.6,3617.6,249.9,79.11,100,50,85,4104.7,3308.2,80.0,104,0
1782818860.573,294.776,250.1,79.11,100,46,87,4125.6,3262.0,250.0,79.11,100,54,82,6277.9,3603.1,249.9,79.11,100,52,87,3970.0,3789.2,250.0,79.11,100,50,86,4799.3,3724.0,81.0,104,0
1782818861.017,295.219,250.0,79.11,100,46,87,4214.8,3453.3,250.0,79.11,100,54,82,3959.7,5221.2,250.0,79.11,100,51,87,4251.3,3454.1,250.0,79.11,100,50,86,4014.6,5286.7,81.0,104,0
1782818861.459,295.661,250.0,79.11,100,46,87,3952.4,5147.0,250.1,79.11,100,54,82,4278.0,3379.1,250.0,79.11,100,51,87,3966.3,5290.8,250.1,79.11,100,51,86,4361.3,3304.6,81.0,104,0
1782818861.901,296.104,250.0,79.11,100,46,87,4351.9,3330.0,250.0,79.11,100,53,82,6494.3,3390.2,250.2,79.11,100,52,87,4099.7,3294.5,250.0,79.11,100,50,86,6338.7,3520.4,81.0,104,0
1782818862.807,297.010,250.1,79.11,100,46,87,4085.8,5159.4,250.1,79.11,100,54,82,4220.2,3388.3,250.0,79.11,100,51,87,5478.2,3915.8,250.1,79.11,100,51,86,4234.3,3418.5,81.0,104,0
1782818863.250,297.452,250.0,79.11,100,46,87,4223.9,3321.0,249.9,79.11,100,53,82,6229.4,3492.4,250.0,79.11,100,52,87,4045.5,3307.5,249.9,79.11,100,50,86,6282.0,3503.5,81.0,104,0
1782818863.693,297.895,250.0,79.11,100,46,87,6223.9,3591.3,250.0,79.11,100,53,82,4225.5,4058.0,250.0,79.11,100,51,87,4297.7,3403.0,249.9,79.11,100,50,86,3974.6,5219.7,82.0,104,0
1782818864.142,298.345,250.1,79.11,100,47,87,3950.9,5206.0,250.0,79.11,100,54,82,4217.1,3495.8,250.1,79.11,100,51,87,4063.6,5183.7,250.2,79.11,100,51,86,4366.7,3523.5,82.0,104,0
1782818864.586,298.789,250.0,79.11,100,46,87,4261.8,3262.3,250.0,79.11,100,53,82,4072.3,5159.5,250.1,79.11,100,52,87,4360.1,3420.9,250.3,79.11,100,50,86,4201.3,4393.3,82.0,104,0
1782818865.033,299.235,250.0,79.11,100,46,87,6355.4,3265.5,250.0,79.11,100,53,82,4245.4,3290.7,250.0,79.11,100,51,87,6243.3,3507.7,250.0,79.11,100,50,86,4238.3,3326.5,82.0,104,0
1782818865.474,299.676,250.1,79.11,100,46,87,4084.2,3261.9,250.0,79.11,100,53,82,6251.0,3556.3,250.0,79.11,100,51,87,4008.2,3319.3,250.0,79.11,100,50,86,6380.2,3556.9,82.0,104,0
1782818865.915,300.118,250.0,79.11,100,46,87,6355.6,3592.1,249.9,79.11,100,54,82,3962.8,5374.2,249.9,79.11,100,51,87,4228.9,3561.9,250.0,79.11,100,51,86,4104.1,5193.6,82.0,104,0
1782818866.360,300.563,250.0,79.11,100,46,87,4083.4,5146.1,250.0,79.11,100,52,82,4273.9,3278.6,250.0,79.11,100,52,87,3810.6,5332.8,249.8,79.11,100,49,86,4371.5,3307.6,82.0,104,0
1782818866.807,301.010,250.0,79.11,100,46,87,4214.3,3371.1,249.9,79.11,100,53,82,6475.2,3495.5,250.0,79.11,100,51,87,4097.4,3299.0,249.8,79.11,100,50,86,6330.5,3636.1,82.0,104,0
1782818867.253,301.456,250.1,79.11,100,47,87,6224.9,3589.7,250.1,79.11,100,54,82,4090.2,3278.5,249.9,79.11,100,51,87,6246.8,3609.2,249.9,79.11,100,51,86,3973.8,3308.8,82.0,104,0
1782818867.695,301.898,249.9,79.11,100,46,87,4019.3,3633.3,250.1,79.11,100,53,82,5218.2,3604.6,249.9,79.11,100,52,87,4021.3,5221.8,250.0,79.11,100,50,86,4234.6,3481.4,82.0,104,0
1782818868.141,302.344,250.0,79.11,100,46,87,4214.6,3303.3,249.9,79.11,100,53,82,3959.1,5269.6,250.1,79.11,100,51,87,4425.9,3403.9,249.8,79.11,100,50,86,3981.6,5340.9,82.0,104,0
1782818868.584,302.787,250.1,79.11,100,46,87,3888.2,5254.6,249.9,79.11,100,54,82,4246.8,3280.2,250.0,79.11,100,51,87,6311.8,3405.3,249.8,79.11,100,51,86,4499.5,3530.1,82.0,104,0
1782818869.028,303.230,250.0,79.11,100,45,87,4082.7,3262.6,249.9,79.11,100,54,82,6343.5,3494.5,250.0,79.11,100,52,87,4229.7,3512.7,249.8,79.11,100,51,86,6291.3,3630.0,82.0,104,0
1782818869.469,303.672,250.0,79.11,100,46,87,6225.3,3527.2,250.1,79.11,100,53,82,4091.4,3280.2,250.0,79.11,100,52,87,6327.9,3508.9,250.3,79.11,100,50,86,4104.0,3225.8,82.0,104,0
1782818869.913,304.115,250.1,79.11,100,46,87,3951.3,3261.9,250.0,79.11,100,53,82,6191.8,3497.0,250.2,79.11,100,51,87,4057.8,5286.8,250.1,79.11,100,50,86,4235.8,3523.8,83.0,104,0
1782818870.356,304.558,250.1,79.11,100,46,87,4083.9,3480.9,250.0,79.11,100,53,82,4092.5,5375.5,249.9,79.11,100,51,87,4291.9,3292.6,249.8,79.11,100,50,86,3975.9,5213.2,83.0,104,0
1782818870.803,305.005,250.0,79.11,100,46,87,3954.1,5255.8,250.1,79.11,100,54,82,4383.5,3280.3,249.9,79.11,100,52,87,3968.2,5180.9,249.9,79.11,100,51,86,4314.6,3422.1,83.0,104,0
1782818871.247,305.450,250.0,79.11,100,46,87,4344.7,3263.2,250.0,79.11,100,53,82,5967.3,3605.7,250.0,79.11,100,52,87,4170.8,3295.0,250.0,79.11,100,50,86,6341.5,3525.1,83.0,104,0
1782818871.690,305.893,250.1,79.11,100,47,87,6223.3,3558.0,250.0,79.11,100,53,82,4227.6,3279.3,250.0,79.11,100,51,87,6369.7,3728.2,250.1,79.11,100,50,86,4067.3,3308.1,83.0,104,0
1782818872.135,306.337,250.0,79.11,100,47,87,4138.5,3261.9,249.9,79.11,100,54,82,6229.9,3603.2,249.9,79.11,100,51,87,4196.5,3294.4,250.2,79.11,100,51,86,6381.3,3540.7,83.0,104,0
1782818872.577,306.780,249.9,79.11,100,46,87,6357.0,3480.1,250.1,79.11,100,53,82,3978.6,5141.7,249.9,79.11,100,52,87,3966.8,3507.2,250.1,79.11,100,50,86,3842.6,5418.2,83.0,104,0
1782818873.028,307.231,250.0,79.11,100,46,87,4082.6,5164.6,250.1,79.11,100,53,82,4221.8,3330.7,250.1,79.11,100,52,87,3968.2,5182.2,250.1,79.11,100,50,86,4309.6,3302.5,84.0,104,0
1782818873.470,307.672,250.0,79.11,100,47,87,4216.0,3425.7,249.9,79.11,100,54,82,3960.6,5249.5,250.1,79.11,100,52,87,4360.9,3186.8,250.0,79.11,100,51,86,3973.2,5212.7,84.0,104,0
1782818873.912,308.115,250.0,79.11,100,46,87,3933.7,5147.3,250.0,79.11,100,54,82,4487.3,3282.1,250.1,79.11,100,51,87,4042.1,4923.8,250.0,79.11,100,51,86,4235.0,3199.4,84.0,104,0
1782818874.356,308.558,250.0,79.11,100,46,87,4215.2,3262.2,249.9,79.11,100,54,82,5856.8,3813.8,249.9,79.11,100,52,87,4230.7,3295.4,250.1,79.11,100,51,86,6378.4,3457.7,84.0,104,0
1782818874.808,309.010,249.9,79.11,100,47,87,6224.0,3479.8,249.9,79.11,100,53,82,3998.4,3277.8,249.9,79.11,100,52,87,6333.1,3617.5,250.0,79.11,100,50,86,4009.3,3304.4,84.0,104,0
1782818875.251,309.453,249.9,79.11,100,47,87,4082.4,3262.0,249.9,79.11,100,54,82,6357.2,3712.0,250.1,79.11,100,51,87,4100.9,3186.9,250.0,79.11,100,51,86,5366.2,3629.1,84.0,104,0
1782818875.700,309.903,250.1,79.11,100,47,87,4347.9,3347.2,249.9,79.11,100,54,82,4229.2,5230.2,249.9,79.11,100,52,87,4657.2,3225.6,249.8,79.11,100,50,86,5429.1,4120.8,84.0,104,0
1782818876.148,310.351,250.0,79.11,100,46,87,5260.1,4100.8,250.1,79.11,100,54,82,4220.7,3389.0,249.9,79.11,100,51,87,6331.5,3312.2,250.0,79.11,100,50,86,4069.1,3309.5,84.0,104,0
1782818876.593,310.795,250.0,79.11,100,46,87,4214.7,3580.1,250.0,79.11,100,54,82,6229.2,3599.8,250.2,79.11,100,52,87,4097.0,3608.5,250.1,79.11,100,50,85,5722.2,3528.7,85.0,104,0
1782818877.043,311.245,250.0,79.11,100,47,87,4109.4,3479.9,250.0,79.11,100,54,82,4066.1,5154.5,250.1,79.11,100,51,87,4230.8,3293.1,250.1,79.11,100,50,86,3975.5,5303.8,85.0,104,0
1782818877.486,311.688,250.1,79.11,100,46,87,3952.3,5146.8,249.9,79.11,100,54,82,4354.6,3389.1,250.0,79.11,100,52,87,3967.7,5208.9,250.1,79.11,100,50,86,4234.2,3414.3,85.0,104,0
1782818877.932,312.134,250.0,79.11,100,46,87,4346.1,3265.2,250.0,79.11,100,54,82,6480.6,3495.3,250.0,79.11,100,52,87,4270.3,3316.2,249.9,79.11,100,51,86,6245.3,3735.5,85.0,104,0
1782818878.375,312.577,249.9,79.11,100,46,87,6480.0,3659.6,250.0,79.11,100,53,82,4033.8,3254.6,250.1,79.11,100,52,87,4998.4,3498.5,249.9,79.11,100,50,85,3974.7,5239.4,85.0,104,0
1782818878.817,313.020,249.9,79.11,100,46,87,3950.8,5360.6,250.0,79.11,100,54,82,4206.9,3495.5,249.9,79.11,100,52,87,4149.1,5291.4,249.9,79.11,100,51,86,4894.4,3404.7,85.0,104,0
1782818879.265,313.467,250.1,79.11,100,45,87,4381.1,3262.5,250.0,79.11,100,54,82,3960.5,5159.5,249.8,79.11,100,51,87,4242.4,3404.7,249.8,79.11,100,51,86,6048.1,3570.8,85.0,104,0
1782818879.711,313.914,250.0,79.11,100,46,87,6416.2,3374.1,250.0,79.11,100,53,82,4772.6,3325.4,250.1,79.11,100,52,87,6245.0,3617.4,249.9,79.11,100,50,86,4051.7,3305.5,85.0,104,0
1782818880.161,314.364,249.9,79.11,100,46,87,4024.7,3404.1,250.0,79.11,100,53,82,4990.3,3604.4,250.1,79.11,100,51,87,3969.5,5188.0,250.0,79.11,100,50,86,3972.3,3427.2,85.0,104,0
1782818880.604,314.806,250.1,79.11,100,47,87,4151.7,3334.9,250.1,79.11,100,54,82,4091.1,5230.3,250.0,79.11,100,52,87,4268.4,3360.9,250.1,79.11,100,51,86,4373.7,4338.4,85.0,104,0
1782818881.054,315.257,249.9,79.11,100,47,87,3951.0,5162.9,250.1,79.11,100,54,82,4485.8,3386.0,250.1,79.11,100,52,87,6243.4,3401.5,250.2,79.11,100,50,86,4145.0,3399.8,85.0,104,0
1782818881.497,315.699,250.0,79.11,100,47,87,4082.5,3288.2,250.0,79.11,100,53,82,6361.4,3349.8,250.3,79.11,100,52,87,3986.7,3283.4,250.2,79.11,100,50,86,6249.1,3411.4,85.0,104,0
1782818881.939,316.142,250.1,79.11,100,47,87,6308.0,3265.5,249.9,79.11,100,54,82,4037.7,3317.1,250.3,79.11,100,52,87,6241.4,3513.4,250.1,79.11,100,51,86,4197.0,3415.4,85.0,104,0
1782818882.382,316.584,250.0,79.11,100,46,87,4084.5,3370.7,250.0,79.11,100,54,82,6231.2,3509.5,250.0,79.11,100,52,87,3969.2,3296.2,250.0,79.11,100,51,86,6383.5,3519.8,85.0,104,0
1782818882.824,317.026,250.0,79.11,100,46,87,6223.6,3589.4,250.1,79.11,100,54,82,3977.1,3330.6,249.7,79.11,100,52,87,6373.4,3506.9,250.0,79.11,100,51,86,3996.0,3309.6,86.0,104,0
1782818883.267,317.469,249.9,79.11,100,46,87,3951.0,3215.8,250.0,79.11,100,53,82,6230.0,3606.8,250.1,79.11,100,52,87,3975.5,4396.7,249.9,79.11,100,50,86,4551.6,3524.0,86.0,104,0
1782818883.709,317.911,250.0,79.11,100,47,87,6262.2,3437.5,249.9,79.11,100,53,82,4489.2,5162.4,250.0,79.11,100,51,87,4276.2,3403.3,249.8,79.11,100,50,86,4010.8,4991.5,86.0,104,0
1782818884.163,318.365,250.1,79.11,100,47,87,4027.8,5192.0,249.9,79.11,100,54,82,4220.5,3361.1,249.8,79.11,100,51,87,6312.1,3299.5,249.9,79.11,100,50,86,4254.0,3420.0,86.0,104,0
1782818884.606,318.809,250.0,79.11,100,46,87,4214.5,3226.1,250.1,79.11,100,52,82,6229.5,3493.7,249.9,79.11,100,52,87,4061.5,3299.0,250.1,79.11,100,51,86,7174.9,3654.0,86.0,104,0
1782818885.060,319.262,250.0,79.11,100,46,87,6438.1,3481.1,250.1,79.11,100,52,82,3848.0,5216.9,250.3,79.11,100,51,87,4231.2,3580.5,250.1,79.11,100,51,86,3974.2,5302.4,86.0,104,0
1782818885.505,319.708,250.0,79.11,100,47,87,3958.5,5145.3,250.0,79.11,100,53,82,4220.9,3385.7,250.0,79.11,100,52,87,3835.7,5181.7,250.1,79.11,100,51,86,4235.4,3414.9,86.0,104,0
1782818885.949,320.152,250.1,79.11,100,46,87,4349.2,3448.2,249.9,79.11,100,54,82,3957.7,5268.0,250.0,79.11,100,52,87,4271.0,3404.6,249.9,79.11,100,50,86,6381.2,3309.2,87.0,104,0
1782818886.392,320.595,249.9,79.11,100,46,87,6356.7,3374.3,250.0,79.11,100,54,82,4035.2,3176.1,249.8,79.11,100,51,87,6241.4,3511.2,250.0,79.11,100,51,86,4235.6,3366.0,87.0,104,0
1782818886.836,321.038,249.9,79.11,100,46,87,4082.5,3185.7,250.0,79.11,100,53,82,6229.7,3490.7,250.0,79.11,100,52,87,3969.0,3190.2,249.8,79.11,100,50,86,6250.2,3717.9,87.0,104,0
1782818887.278,321.481,250.0,79.11,100,47,87,6356.8,3480.0,250.0,79.11,100,53,82,3977.7,3172.2,249.9,79.11,100,50,87,6242.7,3693.7,249.8,79.11,100,50,86,4021.3,3311.7,87.0,104,0
1782818887.721,321.923,250.1,79.11,100,47,87,4044.1,3358.3,249.9,79.11,100,54,82,6426.3,4570.4,249.9,79.11,100,51,87,3954.3,5199.5,250.1,79.11,100,51,86,4143.4,3387.2,87.0,104,0
1782818888.175,322.378,250.0,79.11,100,46,87,4212.4,3371.1,250.1,79.11,100,54,82,3961.3,5345.6,250.1,79.11,100,51,87,4361.0,3359.5,250.2,79.11,100,51,86,3942.3,5095.4,87.0,104,0
1782818888.618,322.820,249.9,79.11,100,46,87,3950.7,5254.5,249.9,79.11,100,53,82,4353.8,3389.4,250.0,79.11,100,52,87,4061.8,5952.3,249.9,79.11,100,49,85,4325.1,3310.3,87.0,104,0
1782818889.067,323.270,250.1,79.11,100,46,87,4082.6,3261.9,249.9,79.11,100,53,82,6343.7,3496.5,249.9,79.11,100,51,87,4100.4,3298.0,249.9,79.11,100,50,86,6378.4,3648.7,88.0,104,0
1782818889.510,323.712,250.0,79.11,100,46,87,6351.6,3589.2,250.0,79.11,100,53,82,3958.7,3387.9,250.0,79.11,100,51,87,6241.1,3615.6,249.9,79.11,100,50,86,3915.3,3450.3,88.0,104,0
1782818889.953,324.156,249.9,79.11,100,46,87,3954.3,5236.1,250.1,79.11,100,54,82,3958.7,3494.6,250.0,79.11,100,51,87,3980.2,5288.0,250.1,79.11,100,51,86,4170.7,3408.1,88.0,104,0
1782818890.398,324.601,249.9,79.11,100,46,87,4084.3,3371.4,250.0,79.11,100,53,82,3962.4,5206.3,250.2,79.11,100,52,87,4228.6,3402.0,250.1,79.11,100,50,86,4066.1,5170.7,88.0,104,0
1782818890.842,325.044,249.9,79.11,100,46,87,4210.7,5255.8,249.9,79.11,100,53,82,4220.8,3281.2,250.0,79.11,100,51,87,6109.2,3406.2,249.9,79.11,100,50,86,4463.5,3313.1,88.0,104,0
1782818891.292,325.495,250.1,79.11,100,47,87,4216.0,3370.8,250.1,79.11,100,54,82,6231.0,3602.8,250.0,79.11,100,51,87,4099.1,3293.8,250.0,79.11,100,51,86,6335.3,3627.7,88.0,104,0
1782818891.735,325.938,250.0,79.11,100,46,87,6886.9,3702.6,250.2,79.11,100,53,82,3963.4,3192.3,250.2,79.11,100,53,87,6315.9,3613.4,250.4,79.11,100,51,86,4015.9,5278.6,88.0,104,0
1782818892.181,326.383,250.0,79.11,100,46,87,3952.4,3339.6,249.9,79.11,100,53,82,5080.3,3495.9,250.1,79.11,100,52,87,3967.8,5286.4,250.1,79.11,100,50,86,4105.7,3523.4,88.0,104,0
1782818892.625,326.828,249.9,79.11,100,47,87,3951.5,3453.0,249.9,79.11,100,54,82,3961.5,5160.8,249.9,79.11,100,51,87,4802.4,3311.1,250.0,79.11,100,50,86,4639.7,5264.5,88.0,104,0
1782818893.073,327.276,250.1,79.11,100,46,87,4156.1,5256.8,249.9,79.11,100,54,82,4241.5,3342.4,249.9,79.11,100,51,87,5960.1,3512.8,249.8,79.11,100,51,86,4238.8,3306.7,88.0,104,0
1782818893.516,327.718,249.9,79.11,100,46,87,4214.6,3153.3,249.9,79.11,100,54,82,6361.8,3498.9,250.1,79.11,100,52,87,4229.5,3403.2,249.8,79.11,100,51,86,6427.6,3737.7,88.0,104,0
1782818893.958,328.161,250.0,79.11,100,47,87,6298.0,3482.0,249.9,79.11,100,53,82,4091.1,3282.2,250.1,79.11,100,52,87,6374.8,3507.9,250.1,79.11,100,50,86,4105.0,3307.5,88.0,104,0
1782818894.402,328.604,250.0,79.11,100,46,87,4083.8,3261.9,249.9,79.11,100,53,82,6362.7,3641.7,250.0,79.11,100,51,87,3967.4,4266.4,250.0,79.11,100,50,86,4509.6,3623.0,88.0,104,0
1782818894.844,329.046,250.0,79.11,100,46,87,6355.7,3590.1,250.1,79.11,100,54,82,3980.0,5379.7,249.9,79.11,100,51,87,4231.7,3492.0,250.0,79.11,100,51,86,4252.8,5196.8,88.0,104,0
1782818895.291,329.493,250.0,79.11,100,46,87,3976.8,5192.5,250.1,79.11,100,53,82,4486.1,3388.7,250.0,79.11,100,52,87,3966.9,5289.3,250.2,79.11,100,51,86,4366.1,3317.3,89.0,104,0
1782818895.732,329.934,249.9,79.11,100,46,87,4349.1,3379.1,250.0,79.11,100,53,82,5133.0,4202.8,250.2,79.11,100,51,87,4359.2,3405.7,250.0,79.11,100,51,86,6378.8,3521.3,89.0,104,0
1782818896.178,330.381,250.0,79.11,100,47,87,6223.6,3371.3,249.9,79.11,100,53,82,3978.9,3332.9,249.9,79.11,100,51,87,6414.5,3728.2,250.0,79.11,100,50,86,4205.5,3396.0,89.0,104,0
1782818896.622,330.825,250.0,79.11,100,46,87,3950.8,4626.9,249.9,79.11,100,53,82,4527.9,3494.2,249.9,79.11,100,52,87,4015.7,5418.8,249.9,79.11,100,51,86,4393.5,3435.6,89.0,104,0
1782818897.068,331.270,250.0,79.11,100,46,87,4234.8,3371.3,249.9,79.11,100,53,82,3961.7,5257.1,250.2,79.11,100,51,87,4229.1,3404.9,250.1,79.11,100,50,86,4087.5,5192.6,89.0,104,0
1782818897.511,331.713,250.1,79.11,100,47,87,3950.8,5183.4,250.1,79.11,100,53,82,4352.1,3281.7,250.0,79.11,100,51,87,5944.1,3620.9,250.1,79.11,100,50,86,4235.5,3309.6,89.0,104,0
1782818897.954,332.156,250.0,79.11,100,46,87,4218.1,3419.2,250.0,79.11,100,54,82,6415.8,3495.2,250.0,79.11,100,51,87,4217.7,3406.7,250.0,79.11,100,51,86,6249.2,3519.4,89.0,104,0
1782818898.395,332.598,250.0,79.11,100,46,87,6225.5,3485.6,250.0,79.11,100,53,82,4094.3,3279.5,250.0,79.11,100,52,87,6358.2,3510.3,250.0,79.11,100,51,86,3883.0,3379.9,90.0,104,0
1782818898.840,333.043,250.0,79.11,100,46,87,3950.8,3262.2,250.0,79.11,100,54,82,6230.1,3711.1,249.9,79.11,100,52,87,4195.4,5397.4,250.1,79.11,100,50,86,4109.7,3418.0,90.0,104,0
1782818899.288,333.491,250.1,79.11,100,47,87,4217.0,3479.9,250.0,79.11,100,54,82,4093.6,5157.4,249.9,79.11,100,51,87,4228.8,3513.7,249.9,79.11,100,50,86,4234.4,5210.3,90.0,104,0
1782818899.730,333.933,250.0,79.11,100,47,87,4684.8,5557.1,250.0,79.11,100,53,82,4229.2,3389.9,249.9,79.11,100,51,87,6278.7,3608.6,250.0,79.11,100,51,86,4226.9,3303.6,90.0,104,0
1782818900.183,334.385,250.0,79.11,100,46,87,4083.3,3262.1,250.0,79.11,100,53,82,6255.1,3494.4,250.1,79.11,100,52,87,4099.3,3293.2,250.0,79.11,100,50,86,6378.2,3521.3,90.0,104,0
1782818900.631,334.833,250.0,79.11,100,46,87,4082.9,3522.1,250.0,79.11,100,53,82,3959.5,5265.5,250.0,79.11,100,51,87,4187.7,3515.1,250.1,79.11,100,50,86,4098.3,5278.0,90.0,104,0
1782818901.078,335.280,250.0,79.11,100,47,87,3998.0,5254.9,250.1,79.11,100,54,82,4237.7,3386.7,250.0,79.11,100,51,87,4454.6,4812.6,249.9,79.11,100,51,86,4366.4,3308.5,90.0,104,0
1782818901.520,335.722,250.0,79.11,100,46,87,4346.6,3262.2,250.1,79.11,100,54,82,6362.6,3388.0,250.0,79.11,100,52,87,4097.9,3303.7,249.9,79.11,100,51,86,6288.7,3561.0,90.0,104,0
1782818902.412,336.614,250.0,79.11,100,47,87,3995.0,4084.2,249.9,79.11,100,53,82,4618.9,3493.6,250.2,79.11,100,51,87,4231.1,5290.2,249.9,79.11,100,50,86,4235.0,3411.9,90.0,104,0
1782818902.854,337.057,250.0,79.11,100,47,87,3953.7,3583.4,250.1,79.11,100,54,82,3976.3,5264.1,249.9,79.11,100,51,87,4228.2,3401.9,250.0,79.11,100,51,86,4015.6,5205.4,90.0,104,0
1782818903.299,337.501,250.0,79.11,100,46,87,4084.0,5149.0,250.2,79.11,100,54,82,4353.7,3279.2,249.9,79.11,100,52,87,3967.2,5354.6,250.1,79.11,100,51,86,4488.8,3302.9,90.0,104,0
1782818903.743,337.946,250.0,79.11,100,46,87,4092.6,3319.5,250.0,79.11,100,54,82,6495.5,3539.2,250.0,79.11,100,52,87,4006.5,3404.1,249.9,79.11,100,50,86,6377.6,3519.3,90.0,104,0
1782818904.190,338.393,250.1,79.11,100,46,87,6225.2,3559.5,249.9,79.11,100,53,82,3960.2,3247.4,250.0,79.11,100,51,87,6242.1,3620.7,250.0,79.11,100,50,86,4189.7,5208.8,90.0,104,0
1782818904.633,338.836,250.0,79.11,100,46,87,4082.5,5228.6,250.0,79.11,100,54,82,4485.5,3389.6,249.9,79.11,100,52,87,4233.4,5238.2,250.0,79.11,100,51,86,4501.7,3313.6,90.0,104,0
1782818905.082,339.285,249.9,79.11,100,46,87,4398.3,3264.0,249.9,79.11,100,52,82,3847.7,5170.6,250.1,79.11,100,52,87,4360.7,3296.0,249.9,79.11,100,50,86,3932.4,5196.8,91.0,104,0
1782818905.525,339.728,250.0,79.11,100,47,87,3950.7,5191.4,249.9,79.11,100,52,82,4354.2,3390.2,250.0,79.11,100,51,87,6322.1,3292.3,249.9,79.11,100,50,86,4305.6,3308.7,91.0,104,0
1782818905.967,340.170,250.0,79.11,100,47,87,4214.3,3264.9,249.9,79.11,100,53,82,6240.2,3494.9,250.0,79.11,100,51,87,4101.0,3393.1,249.8,79.11,100,50,86,6248.9,3635.6,91.0,104,0
1782818906.410,340.612,250.0,79.11,100,46,87,6251.0,3588.7,250.0,79.11,100,54,82,3962.6,3368.8,249.8,79.11,100,51,87,6374.8,3560.3,250.1,79.11,100,51,86,3973.1,5082.2,91.0,104,0
1782818906.855,341.058,250.0,79.11,100,46,87,4005.1,5147.4,250.0,79.11,100,53,82,4223.2,3387.0,249.9,79.11,100,52,87,3875.5,5275.5,250.3,79.11,100,50,86,4371.2,3305.8,91.0,104,0
1782818907.299,341.501,250.0,79.11,100,46,87,4347.5,3346.7,249.9,79.11,100,53,82,3961.4,5188.5,250.0,79.11,100,51,87,4227.3,3242.6,250.0,79.11,100,50,86,3974.6,5211.7,91.0,104,0
1782818907.741,341.943,250.0,79.11,100,47,87,4085.7,5258.6,250.1,79.11,100,54,82,4405.1,3387.6,250.0,79.11,100,52,87,5939.4,3557.9,249.9,79.11,100,51,86,4285.7,3350.6,91.0,104,0
1782818908.187,342.389,250.0,79.11,100,46,87,4214.4,3263.0,250.1,79.11,100,53,82,6229.5,3494.3,250.0,79.11,100,52,87,3967.1,3295.5,250.2,79.11,100,50,86,6247.7,3518.7,92.0,104,0
1782818908.629,342.831,250.1,79.11,100,46,87,6223.4,3408.3,250.0,79.11,100,54,82,3958.7,3280.6,250.0,79.11,100,52,87,6239.9,3512.2,250.0,79.11,100,51,86,4773.7,4865.4,92.0,104,0
1782818909.079,343.282,250.0,79.11,100,47,87,3950.9,3434.2,250.0,79.11,100,54,82,4090.8,3388.7,250.0,79.11,100,52,87,4008.0,5204.7,250.0,79.11,100,51,86,4101.3,3414.5,92.0,104,0
1782818909.526,343.729,250.0,79.11,100,47,87,4214.2,3478.0,250.0,79.11,100,54,82,3960.4,5157.6,249.9,79.11,100,51,87,4227.9,3315.4,250.0,79.11,100,51,86,3975.5,5346.9,92.0,104,0
1782818909.968,344.171,250.0,79.11,100,46,87,3950.8,5149.3,250.1,79.11,100,54,82,4222.5,3387.9,249.9,79.11,100,51,87,5521.9,3733.9,250.1,79.11,100,51,86,4236.1,3344.3,92.0,104,0
1782818910.412,344.615,250.1,79.11,100,46,87,4216.2,3371.4,250.0,79.11,100,53,82,6363.7,3298.5,250.0,79.11,100,52,87,4190.1,3298.2,250.0,79.11,100,50,86,6378.8,3526.1,92.0,104,0
1782818910.855,345.057,250.1,79.11,100,46,87,6356.9,3371.8,249.9,79.11,100,54,82,3978.9,3313.8,249.8,79.11,100,51,87,6242.0,3622.6,249.9,79.11,100,51,86,4112.7,3231.9,92.0,104,0
1782818911.298,345.500,250.0,79.11,100,47,87,4216.2,3261.8,250.0,79.11,100,54,82,6231.1,3606.7,249.8,79.11,100,52,87,3967.9,3293.8,250.1,79.11,100,51,86,6247.8,3630.2,93.0,104,0
1782818911.741,345.943,250.0,79.11,100,46,87,6490.3,3592.2,250.2,79.11,100,53,82,3965.5,5180.2,250.0,79.11,100,52,87,3965.7,3402.8,250.2,79.11,100,51,86,4105.5,5304.4,93.0,104,0
1782818912.189,346.392,250.1,79.11,100,46,87,3950.7,5233.0,250.0,79.11,100,53,82,4221.4,3498.1,250.1,79.11,100,51,87,4193.0,5181.5,250.0,79.11,100,51,86,4364.8,3352.3,93.0,104,0
1782818912.631,346.834,250.1,79.11,100,47,87,4345.8,3298.5,249.9,79.11,100,54,82,3828.3,5374.6,249.9,79.11,100,51,87,4493.1,3407.2,249.8,79.11,100,50,86,6369.0,3526.2,93.0,104,0
1782818913.078,347.280,250.0,79.11,100,46,87,6430.7,3483.8,250.0,79.11,100,54,82,4223.1,3591.5,250.0,79.11,100,52,87,6472.0,3528.1,249.9,79.11,100,51,86,3974.4,4074.0,93.0,104,0
1782818913.527,347.730,250.0,79.11,100,46,87,3951.1,3187.8,250.0,79.11,100,54,82,6362.0,3603.0,250.0,79.11,100,52,87,4098.0,5284.5,249.9,79.11,100,51,86,4105.1,3333.1,93.0,104,0
1782818913.968,348.171,250.1,79.11,100,47,87,4612.9,3408.8,250.0,79.11,100,52,82,3960.3,5159.0,250.0,79.11,100,52,87,4231.7,3404.0,250.0,79.11,100,50,86,4106.9,5208.9,93.0,104,0
1782818914.414,348.617,250.0,79.11,100,46,87,3952.6,5146.0,250.0,79.11,100,53,82,4354.0,3334.5,250.0,79.11,100,51,87,3964.8,5289.7,249.9,79.11,100,50,86,4494.2,3401.5,93.0,104,0
1782818914.856,349.058,250.0,79.11,100,46,87,4278.5,3262.3,250.1,79.11,100,54,82,4024.0,5206.7,250.1,79.11,100,51,87,4360.7,3363.8,250.0,79.11,100,51,86,6250.4,3415.9,93.0,104,0
1782818915.298,349.500,249.9,79.11,100,46,87,6356.5,3265.8,250.0,79.11,100,53,82,4220.4,3281.5,250.1,79.11,100,52,87,6297.7,3594.5,250.1,79.11,100,50,86,4104.3,3318.7,93.0,104,0
1782818915.741,349.943,250.0,79.11,100,46,87,4217.8,3267.6,249.9,79.11,100,53,82,6323.7,3607.0,250.1,79.11,100,51,87,3968.1,3385.8,249.9,79.11,100,50,86,5891.2,3628.4,93.0,104,0
1782818916.186,350.388,250.0,79.11,100,47,87,6224.0,3588.9,249.9,79.11,100,54,82,3959.2,4241.0,249.9,79.11,100,51,87,4756.2,3509.3,250.0,79.11,100,51,86,3975.3,5192.9,93.0,104,0
1782818916.631,350.833,250.0,79.11,100,46,87,3950.9,5254.9,250.1,79.11,100,53,82,4111.6,3499.4,249.9,79.11,100,52,87,4046.1,5511.3,250.2,79.11,100,51,86,4725.0,3368.7,93.0,104,0
1782818917.079,351.281,250.1,79.11,100,46,87,4215.0,3371.9,250.0,79.11,100,53,82,4071.6,5161.5,250.2,79.11,100,52,87,4322.3,3298.1,249.9,79.11,100,50,85,6749.3,3636.2,93.0,104,0
1782818917.526,351.728,250.0,79.11,100,47,87,6328.2,3372.6,250.0,79.11,100,53,82,4120.7,3279.6,250.1,79.11,100,51,87,6371.2,3525.0,249.9,79.11,100,50,85,3973.6,3414.7,94.0,104,0
1782818917.968,352.170,247.9,79.11,99,46,87,10359.1,3.0,250.0,79.11,100,54,82,9532.9,8543.8,250.1,79.11,100,51,87,101.0,8631.2,249.8,79.11,100,50,86,6496.2,3348.2,94.0,104,0
1782818918.569,352.772,248.0,79.11,98,36,88,2502.7,6547.1,248.2,79.11,98,48,82,10364.7,4302.3,247.0,79.11,99,41,88,5190.4,8626.4,242.3,79.11,99,45,86,6199.8,3825.6,94.0,104,0
1782818919.011,353.214,248.2,79.11,98,37,88,10356.9,432.9,247.2,79.11,99,46,83,8608.8,8583.7,250.2,79.11,98,43,88,3256.6,5975.3,242.3,79.11,99,45,86,10397.6,2660.4,94.0,104,0
1782818919.454,353.656,250.3,79.11,98,38,88,10356.1,4282.5,249.7,79.11,98,44,82,4844.8,20737.5,250.2,79.11,98,43,88,20744.7,17191.7,243.2,79.11,98,44,85,20757.6,17211.3,94.0,104,0
1782818919.898,354.101,250.2,79.11,100,60,88,17570.0,9757.2,246.7,79.11,97,18,81,2.7,6.7,247.2,79.11,96,26,87,4.6,545.4,240.1,79.11,97,21,85,19739.4,16360.9,94.0,104,0
1782818920.341,354.543,250.2,79.11,100,60,88,7111.2,3.9,247.0,79.11,99,45,82,1.8,4.1,246.1,79.11,99,47,87,8146.6,14279.6,238.6,79.11,99,42,86,14755.2,4.4,94.0,104,0
1782818920.784,354.986,250.1,79.11,99,47,87,1.8,6.0,253.2,79.11,99,56,82,20265.0,15445.6,253.1,79.11,100,60,88,552.4,4.5,248.3,79.11,100,56,86,1.9,598.4,94.0,104,0
1782818921.228,355.430,251.6,79.11,99,41,87,13244.5,4.0,253.3,79.11,100,57,83,2.0,4.6,252.4,79.11,100,48,88,20331.4,17201.7,250.6,79.11,100,54,86,2.2,5.3,94.0,104,0
1782818921.675,355.878,248.8,79.11,100,37,88,555.4,5.4,248.0,79.11,99,42,83,503.7,17151.2,249.5,79.11,100,42,88,20759.7,12.5,244.2,79.11,100,40,85,9.8,6896.9,94.0,104,0
1782818922.120,356.322,248.7,79.11,99,34,87,5.1,17113.2,248.3,79.11,99,42,82,20708.7,7.4,247.8,79.11,100,41,88,2.1,503.2,240.3,79.11,99,41,85,19729.1,17201.9,94.0,104,0
1782818922.563,356.766,249.8,79.11,100,39,88,2.8,17113.5,248.3,79.11,99,42,82,20706.8,4.4,250.0,79.11,100,40,88,1.8,4.5,244.8,79.11,100,45,86,2808.5,16152.6,94.0,104,0
1782818923.006,357.209,250.2,79.11,100,37,87,3.6,4.6,252.3,79.11,100,46,83,9130.2,15642.8,251.6,79.11,100,47,88,11904.6,4.3,244.8,79.11,100,45,86,2.7,4.3,94.0,104,0
1782818923.448,357.650,249.7,79.11,100,37,88,20704.4,4.0,251.2,79.11,100,46,83,3.0,4.4,251.6,79.11,100,47,88,3434.9,15006.5,244.3,79.11,100,46,86,19377.9,4.4,94.0,104,0
1782818923.888,358.090,250.2,79.11,100,41,87,1.8,5133.3,247.9,79.11,99,43,82,18078.9,13499.9,251.4,79.11,100,55,88,11.1,4.6,244.0,79.11,99,42,86,1.8,13153.8,94.0,104,0
1782818924.331,358.534,250.2,79.11,100,41,87,629.2,4.0,249.6,79.11,100,43,81,1.8,3.4,249.8,79.11,100,54,88,20318.7,15670.6,246.2,79.11,99,41,86,378.2,4.8,94.0,104,0
1782818924.774,358.977,249.6,79.11,100,44,87,20711.7,17109.8,249.4,79.11,100,41,82,1.8,4.4,248.7,79.11,100,49,88,4.1,554.9,245.8,79.11,100,39,86,19730.5,17210.3,94.0,104,0
1782818925.220,359.423,250.3,79.11,100,45,88,3.5,4.1,250.0,79.11,100,43,82,12811.0,14275.2,249.3,79.11,100,45,87,10109.6,4.9,245.9,79.11,100,40,86,2.3,572.5,94.0,104,0
1782818925.662,359.865,249.9,79.11,100,49,88,2.0,5.0,250.6,79.11,100,42,82,503.1,17149.4,249.4,79.11,100,40,88,20661.9,10.0,246.3,79.11,99,40,86,7.0,3539.7,94.0,104,0
1782818926.113,360.315,248.2,79.11,100,36,87,3.5,11517.5,248.9,79.11,100,42,82,17672.9,7351.3,250.2,79.11,100,41,88,2.1,5.1,242.8,79.11,100,39,85,12663.9,15244.4,4.0,0,19
1782818926.556,360.758,247.9,79.11,100,39,88,2.7,4.9,248.9,79.11,100,42,82,4963.9,15518.2,242.3,79.11,99,34,87,16510.2,4.6,235.2,79.11,99,48,85,2.7,4.4,4.0,0,19
1782818926.998,361.200,251.8,79.11,99,43,88,5277.0,14186.0,243.0,79.11,99,50,82,17880.9,4.0,246.4,79.11,100,42,87,3.0,4.1,235.2,79.11,99,48,85,1103.7,14898.8,4.0,0,19
1782818927.440,361.643,251.1,79.11,100,54,87,12957.2,3.9,249.5,79.11,99,44,82,1.8,4.1,246.4,79.11,100,42,87,1997.6,15708.9,241.6,79.11,99,41,85,19686.6,5.1,4.0,0,19
1782818927.882,362.084,251.3,79.11,100,41,87,1.7,127.6,253.6,79.11,100,45,81,19400.2,17108.0,253.3,79.11,100,56,88,7.4,7.3,249.1,79.11,99,42,86,3.4,13886.7,4.0,0,19
1782818928.328,362.531,251.3,79.11,100,41,87,2.0,4.9,247.2,79.11,100,42,81,20249.4,17107.4,252.3,79.11,100,51,88,2.1,5.3,245.9,79.11,100,39,86,2.0,17335.1,4.0,0,19
1782818928.769,362.972,249.2,79.11,100,38,88,5563.8,15429.0,250.8,79.11,100,41,83,14451.1,5.5,250.9,79.11,100,40,88,2.1,8283.5,247.4,79.11,100,38,86,17882.7,10163.2,4.0,0,19
1782818929.212,363.414,249.1,79.11,100,36,88,17718.0,7649.2,251.3,79.11,100,44,83,2.0,4.7,249.8,79.11,100,40,88,1108.6,16744.4,244.4,79.11,100,41,86,20755.3,5.2,4.0,0,19
1782818929.652,363.854,248.4,79.11,100,37,88,3330.7,14257.5,248.3,79.11,100,43,82,19396.8,7.1,251.2,79.11,100,55,88,5.2,17.3,240.8,79.11,99,43,86,19738.4,17207.2,4.0,0,19
1782818930.102,364.305,250.1,79.11,100,42,88,2.1,4.4,248.5,79.11,100,43,82,20252.4,17107.7,251.0,79.11,100,47,87,2.0,4.6,243.1,79.11,99,41,85,3.0,647.4,4.0,0,19
1782818930.545,364.748,251.4,79.11,100,50,88,16874.9,3.9,248.5,79.11,100,43,82,1.8,5.2,250.0,79.11,100,43,87,6909.9,14341.9,246.3,79.11,100,41,85,15775.1,4.5,4.0,0,19
1782818930.987,365.189,250.8,79.11,100,51,88,5.1,13941.3,250.4,79.11,100,44,81,17125.9,5391.2,250.0,79.11,100,43,87,5.1,4.3,246.3,79.11,100,41,85,495.1,13534.5,4.0,0,19
1782818931.429,365.631,251.3,79.11,100,52,88,2.2,9.8,250.6,79.11,100,45,82,3.6,2813.6,249.9,79.11,100,41,87,17532.5,15996.6,247.1,79.11,100,42,85,1.9,4.6,4.0,0,19
1782818931.873,366.075,251.3,79.11,100,52,88,17820.6,14231.9,250.4,79.11,99,43,82,5235.0,4.6,249.6,79.11,99,42,87,5.1,520.1,247.9,79.11,99,40,85,19737.0,17195.5,4.0,0,19
1782818932.316,366.518,250.0,79.11,99,49,88,3.6,4.3,250.4,79.11,100,45,82,20261.5,16263.4,250.2,79.11,100,41,87,2.1,4.8,246.7,79.11,99,41,86,2.6,6701.4,4.0,0,19
1782818932.759,366.961,249.0,79.11,99,38,88,8.3,10487.0,250.0,79.11,100,45,83,19330.7,6248.7,250.3,79.11,100,40,88,3.0,5.4,246.5,79.11,99,42,86,20746.5,15176.5,4.0,0,19
1782818933.205,367.408,249.5,79.11,100,36,88,18492.4,19009.0,249.0,79.11,99,43,82,20704.1,17106.6,248.8,79.11,99,41,87,20750.2,17228.4,243.9,79.11,99,41,85,19338.1,17190.6,7.0,1,15
1782818933.648,367.850,243.2,79.11,98,24,87,1.7,3.7,245.6,79.11,100,62,83,1.7,111.5,244.2,79.11,99,49,88,19692.2,17200.2,238.1,79.11,99,58,86,8.6,6.5,7.0,1,15
1782818934.099,368.302,251.4,79.11,100,41,88,1.8,3.1,247.7,79.11,100,43,82,20146.5,17105.7,247.0,79.11,100,41,87,4.1,4.3,241.2,79.11,99,41,85,2.2,631.3,7.0,1,15
1782818934.541,368.743,251.5,79.11,100,53,88,18132.3,12519.0,247.7,79.11,100,43,82,1.9,4.6,253.0,79.11,100,49,87,2.9,10934.9,247.0,79.11,99,40,86,17138.4,7641.9,7.0,1,15
1782818934.983,369.185,251.4,79.11,100,47,88,5.1,2858.3,252.3,79.11,100,43,82,18426.3,15329.2,253.0,79.11,100,49,87,5.3,5.3,247.0,79.11,99,40,86,3301.1,14839.0,7.0,1,15
1782818935.427,369.630,247.7,79.11,100,36,87,12262.2,14840.9,249.1,79.11,99,42,81,10309.5,5.9,248.9,79.11,99,39,87,496.8,17282.7,245.3,79.11,99,39,85,20745.6,6.0,7.0,1,15
1782818935.873,370.076,247.7,79.11,100,36,87,15357.1,4.9,249.1,79.11,99,41,82,2.1,4325.7,249.8,79.11,100,39,88,18190.8,13380.4,244.0,79.11,99,39,85,5.6,5.2,7.0,1,15
1782818936.317,370.520,247.9,79.11,100,36,88,6883.2,4.1,250.2,79.11,100,47,83,1.9,3.8,251.9,79.11,100,47,88,19780.0,14206.8,242.2,79.11,100,46,86,2971.8,4.6,7.0,1,15
1782818936.759,370.962,250.8,79.11,100,38,88,20714.4,17110.3,250.8,79.11,100,40,82,4.5,4.3,250.7,79.11,100,44,87,1.8,281.9,243.5,79.11,100,39,85,19749.7,16015.4,7.0,1,15
1782818937.203,371.406,251.3,79.11,100,43,88,1.7,4.1,250.7,79.11,100,44,82,11379.9,14352.7,247.6,79.11,100,40,88,11236.3,4.4,245.0,79.11,100,41,85,2.6,4.1,7.0,1,15
1782818937.644,371.847,251.5,79.11,100,46,88,17241.1,7879.7,250.1,79.11,100,43,82,1.8,4.5,249.1,79.11,100,42,87,4.7,16989.1,248.2,79.11,100,41,85,18977.8,1440.2,7.0,1,15
1782818938.088,372.291,251.1,79.11,99,46,88,1.7,4.0,250.2,79.11,100,45,82,20260.9,17109.5,249.7,79.11,100,42,88,3.7,4.6,248.8,79.11,100,41,85,3.7,627.9,7.0,1,15
1782818938.531,372.734,250.1,79.11,100,43,88,6929.8,3.8,250.2,79.11,100,45,82,3.4,4.3,250.3,79.11,100,44,87,12955.6,14273.5,248.8,79.11,100,41,85,10065.4,4.6,7.0,1,15
1782818938.972,373.175,250.0,79.11,100,41,88,3.4,17117.2,250.3,79.11,100,46,82,20704.7,4.3,250.3,79.11,100,44,87,5.7,4.6,247.2,79.11,100,43,86,5184.9,14608.7,7.0,1,15
1782818939.417,373.620,250.1,79.11,100,37,88,3.6,743.6,249.3,79.11,100,42,82,18626.4,17104.1,249.2,79.11,100,41,87,2.6,5.4,247.9,79.11,100,39,85,1124.6,16319.9,7.0,1,15
1782818939.861,374.063,250.1,79.11,100,37,88,1431.4,15861.6,249.0,79.11,100,46,83,20216.7,5.2,250.7,79.11,100,44,88,3.0,1293.1,244.7,79.11,100,43,86,17675.8,15960.8,9.0,5,11
1782818940.307,374.509,250.8,79.11,100,36,88,1.8,4.1,250.4,79.11,100,46,83,20719.9,17104.4,250.1,79.11,100,40,88,4.4,4.1,243.2,79.11,100,41,86,1.8,539.9,9.0,5,11
1782818940.750,374.952,248.0,79.11,100,19,88,20710.0,17117.1,249.0,79.11,99,60,83,4.7,3.9,244.7,79.11,100,47,88,2.6,3.7,241.2,79.11,100,54,85,5255.2,14047.9,9.0,5,11
1782818941.196,375.398,249.4,79.11,99,50,88,1.8,4.0,246.3,79.11,99,44,81,1.8,24.8,247.2,79.11,99,42,87,19735.7,17193.7,240.1,79.11,99,40,85,4.6,4.2,9.0,5,11
1782818941.638,375.840,253.4,79.11,100,55,87,1.8,17114.1,247.9,79.11,99,45,81,20352.7,186.2,251.9,79.11,100,56,88,5.2,9.6,246.7,79.11,100,42,86,4035.2,14368.0,9.0,5,11
1782818942.086,376.288,249.9,79.11,99,43,88,2.0,12624.5,249.1,79.11,100,43,82,17562.0,6291.6,249.4,79.11,100,41,87,3.0,5.2,247.5,79.11,100,40,85,12546.0,14767.6,9.0,5,11
1782818942.528,376.731,247.6,79.11,100,36,88,20709.9,17108.1,249.1,79.11,100,43,82,4.7,5.5,250.0,79.11,100,43,87,1110.9,16582.3,247.5,79.11,100,40,85,20756.5,6.4,9.0,5,11
1782818942.969,377.172,248.0,79.11,100,34,87,19278.8,4.6,250.1,79.11,100,42,82,2.9,4.2,250.0,79.11,100,43,87,20806.6,16255.2,243.3,79.11,100,40,85,2.3,5.4,9.0,5,11
1782818943.415,377.617,251.1,79.11,99,44,88,17338.9,16766.6,249.9,79.11,100,47,82,1.8,4.5,252.0,79.11,100,48,88,1.9,9478.4,241.9,79.11,100,47,86,17505.4,9561.8,9.0,5,11
1782818943.856,378.059,251.1,79.11,99,44,88,2.8,9774.8,250.2,79.11,99,41,83,17610.5,9224.6,251.1,79.11,100,45,87,1.9,7.1,243.5,79.11,100,39,85,495.5,14306.2,9.0,5,11
1782818944.299,378.502,252.0,79.11,100,52,88,1.9,4.1,251.2,79.11,99,44,82,2.6,33.5,247.4,79.11,99,42,88,19727.6,17192.8,246.0,79.11,99,41,85,3.6,4.5,9.0,5,11
1782818944.740,378.943,251.0,79.11,99,49,88,6679.8,14628.4,250.1,79.11,99,43,82,12540.0,6.0,249.1,79.11,100,43,87,1.8,3.7,248.1,79.11,99,40,85,17977.1,13621.0,9.0,5,11
1782818945.192,379.395,250.6,79.11,99,46,88,1.8,4.1,250.2,79.11,99,41,82,8145.7,14508.2,249.3,79.11,99,41,88,14205.7,4.5,246.6,79.11,99,39,86,3.5,3.7,9.0,5,11
1782818945.634,379.837,250.5,79.11,100,41,88,20706.0,4.3,250.6,79.11,100,42,82,3.5,5.5,249.5,79.11,100,42,87,15655.6,14783.5,246.5,79.11,100,38,85,6954.9,7.1,9.0,5,11
1782818946.086,380.288,250.0,79.11,100,38,88,16360.0,14609.1,250.0,79.11,99,49,82,6761.3,4.9,251.2,79.11,100,40,88,2.7,587.5,247.8,79.11,100,46,86,19452.2,17198.1,9.0,5,11
1782818946.527,380.729,248.1,79.11,100,36,87,20378.1,17113.2,250.0,79.11,99,49,82,3.9,5.5,249.8,79.11,100,42,87,4680.1,15020.0,247.8,79.11,100,46,86,17453.9,5.5,9.0,5,11
1782818946.969,381.171,248.0,79.11,99,35,88,23440.4,16172.5,248.2,79.11,100,42,82,23049.4,15958.4,249.8,79.11,100,42,87,22625.2,16190.5,243.0,79.11,100,40,85,17848.4,2222.5,12.0,9,7
1782818947.412,381.615,247.9,79.11,99,45,88,1.7,3.7,241.0,79.11,100,13,81,12557.9,14080.9,242.8,79.11,100,12,87,10462.8,4.0,233.7,79.11,100,13,86,1.8,3.9,12.0,9,7
1782818947.855,382.058,247.9,79.11,99,45,88,1.8,17083.9,250.8,79.11,100,70,83,20702.9,4.1,248.7,79.11,100,48,88,4.4,7.3,242.7,79.11,100,64,85,1163.8,16756.4,12.0,9,7
1782818948.301,382.503,252.1,79.11,99,43,88,9167.7,4.1,256.1,79.11,99,45,82,2.7,4.0,253.0,79.11,99,41,88,19213.4,14269.9,251.3,79.11,99,41,85,3151.0,4.5,12.0,9,7
1782818948.742,382.945,252.5,79.11,100,55,88,12078.1,15044.9,250.7,79.11,100,41,82,8820.7,7.8,248.6,79.11,100,41,87,3.0,12778.9,247.9,79.11,100,39,85,17693.8,5740.3,12.0,9,7
1782818949.187,383.390,250.0,79.11,100,44,88,20353.5,120.1,248.4,79.11,100,46,83,2.1,29.9,250.2,79.11,100,42,88,19711.9,17192.3,245.0,79.11,100,44,86,3.8,5.5,12.0,9,7
1782818949.628,383.831,249.1,79.11,100,34,88,3.7,4.8,250.4,79.11,100,38,83,13743.4,16543.9,250.9,79.11,100,38,88,1829.6,9.4,243.8,79.11,100,36,86,8.4,16460.6,12.0,9,7
1782818950.080,384.282,249.8,79.11,100,37,88,1.8,4.0,249.5,79.11,100,43,82,7719.1,14367.8,247.2,79.11,100,40,87,14497.0,4.7,240.9,79.11,100,41,85,2.9,3.8,12.0,9,7
1782818950.522,384.724,250.7,79.11,100,44,88,4911.6,3.9,249.5,79.11,100,43,82,1.8,3.9,249.8,79.11,100,42,88,18137.6,14412.0,240.9,79.11,100,41,85,3982.2,5.1,12.0,9,7
1782818950.964,385.166,250.3,79.11,100,37,88,20708.7,16105.2,250.4,79.11,100,48,82,305.7,4.1,249.8,79.11,100,42,88,4.7,518.5,243.8,79.11,100,43,85,19738.8,17215.3,12.0,9,7
1782818951.412,385.614,249.9,79.11,100,38,88,1.8,4.3,251.6,79.11,100,57,82,6655.5,14389.8,252.5,79.11,100,41,88,15651.0,4.4,247.8,79.11,100,53,86,2.8,4.2,12.0,9,7
1782818951.854,386.056,249.9,79.11,100,38,88,18007.3,2221.3,251.0,79.11,100,59,83,1.9,4.6,250.5,79.11,100,41,88,1115.9,16745.5,247.9,79.11,99,56,86,20755.1,5.7,12.0,9,7
1782818952.298,386.500,248.7,79.11,99,39,87,1.8,17114.5,249.6,79.11,100,55,83,20706.2,5.5,249.6,79.11,100,47,88,4.3,4.6,247.1,79.11,100,52,86,2876.7,15061.4,12.0,9,7
1782818952.742,386.944,248.9,79.11,100,39,88,6.6,9.6,247.9,79.11,100,52,83,10273.6,14470.8,251.4,79.11,100,53,88,11928.5,5.0,244.1,79.11,100,52,86,2.8,590.1,12.0,9,7
1782818953.187,387.389,250.2,79.11,100,37,88,1.9,4.9,247.6,79.11,99,41,82,20737.3,17110.1,248.2,79.11,99,41,87,2.2,5.3,242.4,79.11,99,38,86,467.3,17332.1,12.0,9,7
1782818953.629,387.832,249.4,79.11,100,36,88,3.4,17114.7,249.6,79.11,100,40,82,20705.6,5.7,247.1,79.11,100,40,88,2.1,2729.0,243.0,79.11,100,38,85,30092.5,19000.1,15.0,13,3
1782818954.080,388.283,244.5,79.11,98,37,88,1.8,3.6,246.3,79.11,100,55,82,503.9,12904.6,246.9,79.11,99,50,88,13919.8,4.2,237.4,79.11,99,53,85,2.1,592.6,15.0,13,3
1782818954.523,388.725,250.6,79.11,99,47,88,1.6,12841.1,246.3,79.11,100,55,82,15530.3,4.2,249.8,79.11,99,47,88,1.7,2146.1,237.4,79.11,99,53,85,21088.3,5021.8,15.0,13,3
1782818954.976,389.178,254.6,79.11,99,45,87,4.9,4.2,250.6,79.11,99,51,81,15565.4,12832.9,249.8,79.11,99,47,88,3.2,4.5,242.0,79.11,100,49,85,11679.3,16128.7,15.0,13,3
1782818955.418,389.620,249.7,79.11,100,36,88,15409.8,12834.1,255.5,79.11,99,48,82,2.2,13.9,252.4,79.11,99,45,87,17606.0,10291.7,249.5,79.11,99,46,85,2.0,4806.1,15.0,13,3
1782818955.858,390.061,249.7,79.11,100,36,88,2.3,10027.2,251.7,79.11,100,41,83,17928.5,4.8,248.8,79.11,100,46,87,2.1,12985.7,246.1,79.11,100,42,86,15572.2,5.3,15.0,13,3
1782818956.308,390.510,250.2,79.11,100,35,88,1.8,12926.5,249.3,79.11,99,37,82,13792.1,4.7,250.4,79.11,99,41,88,491.8,12987.6,241.8,79.11,99,35,86,15564.2,4.5,15.0,13,3
1782818956.748,390.950,250.0,79.11,99,41,88,8.4,7031.9,249.9,79.11,99,48,82,21633.9,5.5,250.8,79.11,99,49,88,3.7,510.9,243.2,79.11,99,46,86,16341.5,11470.3,15.0,13,3
1782818957.190,391.393,250.8,79.11,100,42,88,1.7,4.0,249.6,79.11,100,47,82,1158.7,17574.8,252.0,79.11,99,48,88,7294.5,4.4,244.8,79.11,99,45,86,3.3,13000.9,15.0,13,3
1782818957.631,391.833,250.1,79.11,100,40,88,20809.3,5.1,249.2,79.11,100,49,82,1.9,64.2,250.2,79.11,100,42,88,20183.6,7167.3,245.6,79.11,100,46,85,8.4,521.9,15.0,13,3
1782818958.078,392.280,249.5,79.11,99,43,88,15532.6,12836.5,251.0,79.11,100,47,82,2.7,4.4,249.0,79.11,99,49,88,13068.2,15102.6,248.1,79.11,99,45,86,2.6,4.8,15.0,13,3
1782818958.520,392.722,249.8,79.11,99,35,88,15530.1,4.9,251.0,79.11,100,47,82,499.7,14377.0,249.4,79.11,100,47,87,12192.6,5.5,248.1,79.11,99,45,86,7445.2,17678.9,15.0,13,3
1782818958.959,393.162,249.4,79.11,100,36,87,5268.3,3960.5,251.4,79.11,100,45,83,5530.6,6573.2,249.4,79.11,100,47,87,5167.9,7594.1,246.3,79.11,100,45,86,5765.9,8104.4,17.0,21,0
1782818959.402,393.605,252.0,79.11,100,50,87,4867.4,3560.1,249.8,79.11,100,53,82,5234.6,5943.2,250.0,79.11,100,51,87,4909.9,7443.0,241.7,79.11,100,51,85,5218.2,8971.6,17.0,21,0
1782818959.844,394.046,252.0,79.11,100,50,87,4657.3,3747.2,251.9,79.11,100,58,82,5249.0,5897.1,253.6,79.11,100,56,87,5386.4,7215.2,249.2,79.11,100,55,85,5104.5,8290.4,17.0,21,0
1782818960.292,394.494,252.3,79.11,100,52,87,4251.0,3962.4,252.3,79.11,100,58,82,4702.3,5984.6,253.1,79.11,100,57,87,5324.2,6669.5,256.3,79.11,100,56,85,5545.7,7432.3,18.0,24,0
1782818960.734,394.937,250.0,79.11,100,53,87,5283.7,3814.8,250.0,79.11,100,58,82,4875.3,5920.5,250.4,79.11,100,56,87,4885.9,6622.7,254.0,79.11,100,56,85,5521.9,7379.0,18.0,24,0
1782818961.182,395.385,250.0,79.11,100,53,87,4879.0,3561.2,250.0,79.11,100,58,82,5252.9,5743.9,250.0,79.11,100,56,87,5488.2,7026.9,251.2,79.11,100,56,85,4961.3,7763.0,18.0,24,0
1782818961.625,395.827,250.0,79.11,100,51,87,4279.0,4025.3,250.0,79.11,100,58,82,4854.6,5568.1,250.0,79.11,100,56,87,6289.5,6822.1,249.9,79.11,100,55,85,6523.3,7799.6,18.0,24,0
1782818962.075,396.277,250.0,79.11,100,52,87,4311.6,4075.3,250.0,79.11,100,58,82,4738.0,5946.5,250.0,79.11,100,56,87,5349.2,6556.1,249.9,79.11,100,56,85,5583.4,7352.8,18.0,24,0
1782818962.523,396.726,250.0,79.11,100,52,87,4366.7,4027.0,250.0,79.11,100,58,82,4631.7,5908.7,250.0,79.11,100,55,87,5360.2,6397.9,249.9,79.11,100,56,85,5586.4,7192.4,18.0,24,0
1782818962.966,397.168,250.0,79.11,100,51,87,4874.0,4028.5,250.0,79.11,100,58,82,4686.0,5774.2,250.0,79.11,100,55,87,4862.7,7272.8,249.7,79.11,100,55,85,5532.4,7234.8,18.0,24,0
1782818963.410,397.612,250.0,79.11,100,52,87,4806.6,3560.1,250.0,79.11,100,58,82,5247.2,6004.5,250.0,79.11,100,56,87,4847.6,6979.7,249.8,79.11,100,55,85,5011.7,7574.6,18.0,24,0
1782818963.852,398.055,250.0,79.11,100,52,87,4232.3,4108.0,250.0,79.11,100,58,82,5175.1,5687.2,250.0,79.11,100,56,87,5600.6,6830.2,250.1,79.11,100,55,85,5210.0,7958.5,18.0,24,0
1782818964.299,398.501,250.0,79.11,100,52,87,4311.1,4002.8,250.0,79.11,100,58,82,4740.4,5759.5,250.0,79.11,100,56,87,5406.1,6724.8,250.3,79.11,100,56,85,5517.0,7742.2,18.0,24,0
1782818964.743,398.946,250.0,79.11,100,52,87,4933.1,3930.4,250.0,79.11,100,58,82,4670.9,6156.5,250.0,79.11,100,56,87,4824.9,7065.4,250.3,79.11,100,56,85,5500.2,7492.3,18.0,24,0
1782818965.190,399.393,250.0,79.11,100,52,87,4745.9,3460.1,250.0,79.11,100,58,82,5279.8,5762.5,250.0,79.11,100,56,87,5481.2,7054.8,250.0,79.11,100,55,85,4932.4,7469.7,18.0,24,0
1782818965.632,399.834,250.0,79.11,100,52,87,4350.9,4075.5,250.0,79.11,100,58,82,5051.7,5662.8,250.0,79.11,100,56,87,5609.7,7481.0,250.0,79.11,100,56,85,5991.9,7929.2,18.0,24,0
1782818966.082,400.284,250.0,79.11,100,52,87,4264.5,4128.5,250.0,79.11,100,58,82,4903.7,5526.7,250.0,79.11,100,56,87,5397.7,6482.9,250.0,79.11,100,56,85,5528.0,7740.0,18.0,24,0
1782818966.524,400.727,250.0,79.11,100,52,87,4928.4,4000.1,250.0,79.11,100,58,82,4727.0,5897.0,250.0,79.11,100,56,87,4815.4,7057.5,250.0,79.11,100,56,85,5497.6,7251.3,18.0,24,0
1782818966.966,401.168,250.0,79.11,100,52,87,4815.5,3512.8,250.0,79.11,100,58,82,5303.1,5954.9,250.0,79.11,100,56,87,4853.1,6972.1,249.9,79.11,100,56,85,5015.0,7564.6,18.0,24,0
1782818967.409,401.611,250.0,79.11,100,52,87,4283.1,4079.8,250.0,79.11,100,58,82,5257.4,5542.5,250.0,79.11,100,56,87,5392.2,6849.3,250.2,79.11,100,56,85,5536.7,7815.8,18.0,24,0
1782818967.852,402.055,250.0,79.11,100,52,87,4435.8,4025.2,250.0,79.11,100,58,82,4680.3,5994.8,249.9,79.11,100,56,87,5345.0,6450.6,250.0,79.11,100,55,85,5595.3,7900.4,18.0,24,0
1782818968.297,402.500,250.0,79.11,100,52,87,4928.1,3794.1,250.0,79.11,100,58,82,4812.3,6072.7,250.0,79.11,100,56,87,4884.4,7052.5,249.9,79.11,100,55,85,5305.1,7168.2,18.0,24,0
1782818968.742,402.944,250.0,79.11,100,52,87,4820.4,3665.9,250.0,79.11,100,58,81,5326.0,5977.6,250.0,79.11,100,56,87,4915.7,6762.4,250.1,79.11,100,56,85,5052.9,7392.3,19.0,24,0
1782818969.188,403.390,250.0,79.11,100,52,87,4190.1,4075.7,250.0,79.11,100,58,82,5220.9,5775.7,250.0,79.11,100,56,87,5427.7,6759.2,250.0,79.11,100,56,85,5503.1,7613.4,19.0,24,0
1782818969.630,403.833,250.0,79.11,100,52,87,4345.2,4025.2,250.0,79.11,100,58,82,4734.3,5902.4,250.0,79.11,100,56,87,5412.1,6770.9,249.8,79.11,100,55,85,5981.7,7791.6,19.0,24,0
1782818970.078,404.281,250.0,79.11,100,51,87,4372.8,4161.1,250.0,79.11,100,57,82,4961.4,5549.6,249.9,79.11,100,55,87,5434.3,6719.7,249.8,79.11,100,54,85,5625.4,8138.3,19.0,24,0
1782818970.523,404.726,250.0,79.11,100,51,87,4371.8,4025.1,250.0,79.11,100,57,82,4751.6,5552.8,250.0,79.11,100,56,87,5314.5,6510.6,249.8,79.11,100,54,85,5530.7,7372.7,19.0,24,0
1782818970.965,405.168,250.0,79.11,100,51,87,4945.5,4027.9,250.0,79.11,100,58,81,4739.5,5873.8,250.0,79.11,100,56,87,5178.1,6761.8,249.8,79.11,100,55,85,5462.6,7601.1,19.0,24,0
1782818971.409,405.611,250.0,79.11,100,51,87,4867.3,3510.0,250.0,79.11,100,58,82,5306.6,5786.5,250.0,79.11,100,56,87,4919.8,6984.6,249.9,79.11,100,55,85,4995.0,7706.3,19.0,24,0
1782818971.850,406.052,250.0,79.11,100,51,87,4868.9,3689.0,250.0,79.11,100,58,82,5282.0,5792.8,250.0,79.11,100,55,87,5339.1,7124.0,250.0,79.11,100,55,85,5016.6,7479.0,19.0,24,0
1782818972.291,406.494,250.0,79.11,100,50,87,4292.4,4075.8,250.0,79.11,100,58,82,5242.5,5687.1,250.0,79.11,100,56,87,5456.6,6880.9,249.9,79.11,100,55,85,5021.3,8017.4,19.0,24,0
1782818972.732,406.934,250.0,79.11,100,51,87,4375.4,4732.7,250.0,79.11,100,58,82,5233.6,5800.4,250.0,79.11,100,55,87,5463.1,7338.8,250.0,79.11,100,55,85,4954.8,7944.5,19.0,24,0
1782818973.182,407.384,250.0,79.11,100,51,87,4311.6,4271.2,250.0,79.11,100,57,82,5271.7,5615.8,250.0,79.11,100,55,87,5465.7,6747.0,250.0,79.11,100,54,85,5495.1,7920.7,19.0,24,0
1782818973.624,407.827,250.0,79.11,100,51,87,4382.7,4075.3,250.0,79.11,100,57,82,4744.3,5830.3,250.0,79.11,100,56,87,6228.3,6869.1,250.0,79.11,100,55,85,6521.4,8083.2,19.0,24,0
1782818974.075,408.277,250.0,79.11,100,51,87,4381.4,4125.7,250.0,79.11,100,57,82,5347.8,5539.4,250.0,79.11,100,56,87,5494.4,6992.1,250.1,79.11,100,55,85,5622.2,7852.6,19.0,24,0
1782818974.962,409.164,250.0,79.11,100,50,87,5051.8,3977.6,250.0,79.11,100,58,81,4826.9,5944.8,250.0,79.11,100,56,87,5193.0,6648.1,250.1,79.11,100,55,85,5518.6,7256.2,19.0,24,0
1782818975.405,409.608,250.0,79.11,100,51,87,4941.3,3594.3,250.0,79.11,100,57,82,4785.1,6300.5,250.0,79.11,100,55,87,4904.3,6972.5,249.9,79.11,100,54,85,5582.2,7174.9,19.0,24,0
1782818975.848,410.051,250.0,79.11,100,51,87,4916.6,3610.5,250.0,79.11,100,57,82,5327.4,6034.5,250.0,79.11,100,56,87,4973.0,7264.2,250.0,79.11,100,55,85,5128.5,7632.2,19.0,24,0
1782818976.291,410.494,250.0,79.11,100,50,87,4820.8,3660.7,250.0,79.11,100,57,82,5273.7,5826.9,250.0,79.11,100,55,87,5488.9,7165.7,250.0,79.11,100,55,85,5147.8,7641.8,19.0,24,0
1782818976.734,410.936,250.0,79.11,100,50,87,4882.3,4018.6,250.0,79.11,100,57,81,5323.9,6342.1,250.0,79.11,100,55,87,4985.4,6991.9,249.7,79.11,100,54,85,4993.5,7552.4,20.0,24,0
1782818977.183,411.386,250.0,79.11,100,51,87,4867.2,3610.6,250.0,79.11,100,57,82,5264.2,5502.5,250.0,79.11,100,55,87,5537.1,7220.9,249.9,79.11,100,54,85,5058.1,7510.4,20.0,24,0
1782818977.625,411.828,250.0,79.11,100,51,87,4684.5,3804.3,250.0,79.11,100,57,82,5221.4,5580.3,250.0,79.11,100,55,87,6367.3,7259.7,250.1,79.11,100,55,85,5906.1,7717.3,20.0,24,0
1782818978.077,412.279,250.0,79.11,100,51,87,4815.9,3633.0,250.0,79.11,100,57,82,5360.6,6681.5,250.0,79.11,100,55,87,4878.1,6778.1,249.8,79.11,100,54,85,5039.5,7701.8,20.0,24,0
1782818978.527,412.730,250.0,79.11,100,50,87,4810.9,3510.1,250.0,79.11,100,57,82,5281.5,5841.6,250.0,79.11,100,55,87,4853.3,7098.6,249.8,79.11,100,54,85,5089.6,7564.4,20.0,24,0
1782818978.972,413.175,250.0,79.11,100,51,87,5050.6,3610.5,250.0,79.11,100,58,82,5319.2,5945.6,250.0,79.11,100,55,87,4941.0,6771.3,250.1,79.11,100,55,85,5103.7,7315.1,20.0,24,0
1782818979.420,413.622,250.0,79.11,100,51,87,4917.3,3562.1,250.0,79.11,100,57,81,5327.9,5902.9,250.1,79.11,100,56,87,4979.7,6896.1,250.1,79.11,100,55,85,4991.0,7453.1,20.0,24,0
1782818979.862,414.064,250.0,79.11,100,51,87,4796.8,3610.6,250.0,79.11,100,57,81,5283.5,5796.6,250.0,79.11,100,55,87,5723.7,7051.3,249.9,79.11,100,55,85,5028.2,7558.2,20.0,24,0
1782818980.309,414.512,250.0,79.11,100,51,87,4806.6,3610.5,250.0,79.11,100,58,82,5281.6,5598.9,250.0,79.11,100,56,87,5192.5,7008.1,250.0,79.11,100,55,85,5066.9,7434.6,20.0,24,0
1782818980.752,414.955,250.0,79.11,100,50,87,4996.8,3750.0,250.0,79.11,100,57,82,5258.2,5861.8,249.9,79.11,100,55,87,5462.7,7071.3,250.0,79.11,100,54,85,5040.4,7522.9,20.0,24,0
1782818981.197,415.399,250.0,79.11,100,50,87,4867.2,3560.6,250.0,79.11,100,57,82,5305.8,5959.1,249.9,79.11,100,55,87,5559.1,6846.8,249.9,79.11,100,54,85,5063.9,7745.2,20.0,24,0
1782818981.639,415.841,250.0,79.11,100,50,87,4880.5,3611.5,250.0,79.11,100,57,82,5316.8,5978.6,250.0,79.11,100,55,87,6244.7,7627.2,250.1,79.11,100,54,85,5285.7,7779.3,20.0,24,0
1782818982.089,416.291,250.0,79.11,100,50,87,4928.0,3710.6,250.0,79.11,100,57,82,5377.3,6209.7,250.0,79.11,100,55,87,4983.7,7341.8,250.0,79.11,100,54,85,5491.8,7145.2,20.0,24,0
1782818982.540,416.743,250.0,79.11,100,51,87,5059.2,4026.1,250.0,79.11,100,57,82,4817.4,5866.9,250.0,79.11,100,55,87,4917.0,6929.2,250.0,79.11,100,54,85,5578.3,7552.1,20.0,24,0
1782818982.983,417.186,250.0,79.11,100,50,87,4932.2,3509.9,250.0,79.11,100,57,82,5292.7,6333.7,250.0,79.11,100,55,87,4920.8,7129.1,250.0,79.11,100,54,85,5516.9,7245.2,20.0,24,0
1782818983.434,417.636,250.0,79.11,100,51,87,4987.1,4020.8,250.0,79.11,100,57,81,4791.4,5913.1,250.0,79.11,100,55,87,4909.6,7058.6,250.1,79.11,100,55,85,5566.8,7570.4,20.0,24,0
1782818983.882,418.085,250.0,79.11,100,51,87,4994.5,4119.0,250.0,79.11,100,57,82,4729.8,6592.7,250.0,79.11,100,55,87,5437.7,6531.8,250.0,79.11,100,54,85,5620.3,7277.0,20.0,24,0
1782818984.328,418.531,250.0,79.11,100,51,87,4931.2,4084.0,250.0,79.11,100,57,81,4769.1,5757.0,250.0,79.11,100,55,87,5297.4,6796.9,249.9,79.11,100,54,85,5567.6,7415.7,20.0,24,0
1782818984.771,418.973,250.0,79.11,100,51,87,4931.4,4026.9,250.0,79.11,100,57,81,4754.0,5906.1,250.0,79.11,100,55,87,4905.7,6928.2,249.9,79.11,100,55,85,5571.8,7488.2,20.0,24,0
1782818985.216,419.418,250.0,79.11,100,50,87,5049.6,3974.9,250.0,79.11,100,57,82,4736.2,5699.0,250.0,79.11,100,55,87,4988.9,7075.4,250.0,79.11,100,54,85,5492.9,7067.2,21.0,24,0
1782818985.660,419.862,249.9,79.11,100,51,87,5066.9,4068.0,250.0,79.11,100,57,81,4745.5,6973.6,250.1,79.11,100,56,87,5438.9,6654.0,250.1,79.11,100,54,85,5559.6,7544.4,21.0,24,0
1782818986.107,420.310,250.0,79.11,100,51,87,5081.4,4075.2,250.0,79.11,100,57,81,4773.0,5901.6,250.0,79.11,100,55,87,5452.9,6728.8,250.1,79.11,100,54,85,5566.4,7368.4,21.0,24,0
1782818986.551,420.753,250.0,79.11,100,50,87,5055.8,3978.1,250.0,79.11,100,57,81,4835.4,5831.0,249.9,79.11,100,55,87,5411.6,6593.2,249.7,79.11,100,54,85,5548.2,7380.1,21.0,24,0
1782818986.997,421.200,250.0,79.11,100,51,87,4827.1,4098.3,250.0,79.11,100,56,82,4777.7,5714.8,250.0,79.11,100,55,87,5371.2,6586.1,249.7,79.11,100,54,85,5597.0,7823.7,21.0,24,0
1782818987.448,421.650,250.0,79.11,100,50,87,4435.5,4075.3,250.0,79.11,100,57,81,4633.5,5729.5,250.0,79.11,100,55,87,5406.2,6608.9,250.0,79.11,100,54,85,5530.4,7461.8,21.0,24,0
1782818987.890,422.093,250.0,79.11,100,50,87,4538.4,4060.0,250.0,79.11,100,57,81,4788.3,5842.2,250.1,79.11,100,55,87,5582.3,6535.7,250.1,79.11,100,54,85,5583.0,7450.3,21.0,24,0
1782818988.336,422.538,250.0,79.11,100,50,87,4312.0,4025.1,250.0,79.11,100,57,81,4739.3,6090.5,249.9,79.11,100,54,87,5433.2,7037.2,249.8,79.11,100,54,85,5640.0,7558.8,21.0,24,0
1782818988.779,422.981,250.0,79.11,100,51,87,5084.6,4044.0,250.0,79.11,100,57,81,4717.2,5783.9,250.1,79.11,100,55,87,5513.7,6427.0,250.1,79.11,100,55,85,5589.7,7318.2,21.0,24,0
1782818989.228,423.431,250.0,79.11,100,50,87,4372.4,4040.6,250.0,79.11,100,57,81,4671.6,5879.6,250.0,79.11,100,55,87,5438.8,6470.4,250.0,79.11,100,54,85,5611.5,7557.1,21.0,24,0
1782818989.671,423.874,250.0,79.11,100,51,87,4992.5,4061.7,250.0,79.11,100,57,81,4853.1,6541.4,249.9,79.11,100,55,87,5675.6,6595.5,249.9,79.11,100,54,85,5619.3,8170.7,21.0,24,0
1782818990.121,424.324,250.0,79.11,100,51,87,4372.7,3974.8,250.0,79.11,100,57,81,4715.1,5830.8,250.0,79.11,100,55,87,5438.2,6620.8,250.3,79.11,100,55,85,5608.7,7802.1,21.0,24,0
1782818990.564,424.767,250.0,79.11,100,51,87,5071.0,4075.2,250.0,79.11,100,57,81,4772.6,5856.2,250.1,79.11,100,55,87,5159.9,6602.1,250.2,79.11,100,55,85,5666.1,7609.3,21.0,24,0
1782818991.007,425.210,250.0,79.11,100,51,87,4973.6,4091.5,250.0,79.11,100,57,81,4749.1,5958.2,250.0,79.11,100,55,87,4876.9,6879.5,250.2,79.11,100,55,85,5562.7,7535.6,21.0,24,0
1782818991.448,425.651,250.0,79.11,100,51,87,4931.9,3560.3,250.0,79.11,100,57,81,5300.8,6302.8,250.0,79.11,100,55,87,4944.5,6702.5,250.0,79.11,100,55,85,5093.4,7297.9,21.0,24,0
1782818991.890,426.093,250.0,79.11,100,51,87,4806.7,3635.5,250.0,79.11,100,57,82,5312.4,6361.6,250.0,79.11,100,55,87,4924.2,6943.3,250.0,79.11,100,54,85,5041.3,7175.9,21.0,24,0
1782818992.335,426.538,250.0,79.11,100,51,87,5110.1,3618.2,250.0,79.11,100,57,81,5339.2,5971.9,249.9,79.11,100,55,87,4975.4,7045.5,249.9,79.11,100,55,85,5103.3,7610.0,21.0,24,0
1782818992.781,426.983,250.0,79.11,100,51,87,4928.1,3663.2,250.0,79.11,100,57,81,5300.9,6067.2,249.9,79.11,100,55,87,4977.2,7149.0,249.8,79.11,100,54,85,5045.7,7620.0,21.0,24,0
1782818993.224,427.427,250.0,79.11,100,50,87,4867.3,3560.5,250.0,79.11,100,57,81,5293.5,5894.2,250.0,79.11,100,55,87,5145.7,6949.5,249.9,79.11,100,54,85,5122.6,7359.1,22.0,24,0
1782818993.667,427.870,250.0,79.11,100,50,87,4869.2,3660.7,250.0,79.11,100,57,81,5853.0,6074.3,249.9,79.11,100,55,87,5662.1,6965.7,250.0,79.11,100,54,85,5525.6,7164.5,22.0,24,0
1782818994.119,428.321,250.0,79.11,100,51,87,4867.3,3600.8,250.0,79.11,100,57,81,5318.9,5334.9,250.0,79.11,100,55,87,1.5,0.5,250.0,79.11,100,54,85,2.7,0.5,22.0,24,0
1782818994.563,428.766,230.0,79.11,0,0,86,2.3,0.5,250.0,79.11,100,57,81,3.1,0.5,203.6,79.11,0,0,85,0.6,0.4,199.2,79.11,0,0,82,1.2,0.6,22.0,24,0
