{
  "num_samples": 1033,
  "duration_s": 443.6861491203308,
  "mean_power_w": 870.7473446272991,
  "max_power_w": 1020.756,
  "min_power_w": 94.08500000000001,
  "p50_power_w": 861.029,
  "p95_power_w": 1000.108,
  "mean_gpu_util_pct": 91.7565343659245,
  "max_gpu_util_pct": 100.0,
  "mean_gpu_mem_bw_util_pct": 31.64303000968054,
  "max_gpu_mem_bw_util_pct": 62.0,
  "mean_gpu_mem_used_gb": 362.19140625,
  "max_gpu_mem_used_gb": 362.19140625,
  "mean_gpu_temp_c": 86.0377541142304,
  "max_gpu_temp_c": 91.0,
  "mean_pcie_tx_mb_s": 40253.64181899655,
  "max_pcie_tx_mb_s": 137652.337890625,
  "mean_pcie_rx_mb_s": 35151.570790854916,
  "max_pcie_rx_mb_s": 112886.41796875,
  "mean_kv_cache_pct": 54.016820153707165,
  "max_kv_cache_pct": 100.0,
  "p50_kv_cache_pct": 47.820690971964396,
  "p95_kv_cache_pct": 99.7687566959787,
  "mean_requests_running": 61.8809293320426,
  "max_requests_running": 96.0,
  "mean_requests_waiting": 14.560503388189739,
  "max_requests_waiting": 80.0
}