{
  "num_samples": 353,
  "duration_s": 151.13015818595886,
  "mean_power_w": 929.1696968838527,
  "max_power_w": 1013.1179999999999,
  "min_power_w": 370.846,
  "p50_power_w": 999.953,
  "p95_power_w": 1000.186,
  "mean_gpu_util_pct": 88.29320113314448,
  "max_gpu_util_pct": 100.0,
  "mean_gpu_mem_bw_util_pct": 41.2485835694051,
  "max_gpu_mem_bw_util_pct": 51.25,
  "mean_gpu_mem_used_gb": 326.48828125,
  "max_gpu_mem_used_gb": 326.48828125,
  "mean_gpu_temp_c": 86.87818696883852,
  "max_gpu_temp_c": 89.0,
  "mean_pcie_tx_mb_s": 21469.869790744513,
  "max_pcie_tx_mb_s": 33503.0078125,
  "mean_pcie_rx_mb_s": 19534.16867419883,
  "max_pcie_rx_mb_s": 32818.4208984375,
  "mean_kv_cache_pct": 12.790617833464134,
  "max_kv_cache_pct": 27.04061608307787,
  "p50_kv_cache_pct": 14.193883720683543,
  "p95_kv_cache_pct": 26.344764672811937,
  "mean_requests_running": 61.08215297450425,
  "max_requests_running": 80.0,
  "mean_requests_waiting": 0.0,
  "max_requests_waiting": 0.0
}