{
  "num_samples": 4035,
  "duration_s": 1821.6714022159576,
  "mean_power_w": 908.937448079306,
  "max_power_w": 968.384,
  "min_power_w": 89.524,
  "p50_power_w": 931.622,
  "p95_power_w": 946.956,
  "mean_gpu_util_pct": 96.89566294919454,
  "max_gpu_util_pct": 100.0,
  "mean_gpu_mem_bw_util_pct": 21.98258983890954,
  "max_gpu_mem_bw_util_pct": 36.75,
  "mean_gpu_mem_used_gb": 343.930419921875,
  "max_gpu_mem_used_gb": 343.930419921875,
  "mean_gpu_temp_c": 86.95539033457248,
  "max_gpu_temp_c": 90.0,
  "mean_pcie_tx_mb_s": 33525.7486729883,
  "max_pcie_tx_mb_s": 100506.0244140625,
  "mean_pcie_rx_mb_s": 43997.529958323656,
  "max_pcie_rx_mb_s": 126375.005859375,
  "mean_kv_cache_pct": 60.61706892261756,
  "max_kv_cache_pct": 100.0,
  "p50_kv_cache_pct": 66.0,
  "p95_kv_cache_pct": 96.0,
  "mean_requests_running": 16.45981587459567,
  "max_requests_running": 48.0,
  "mean_requests_waiting": 30.793232147300323,
  "max_requests_waiting": 46.0
}