{
  "num_samples": 2178,
  "duration_s": 933.4010026454926,
  "mean_power_w": 902.7603103764922,
  "max_power_w": 1026.832,
  "min_power_w": 85.97,
  "p50_power_w": 913.438,
  "p95_power_w": 1000.026,
  "mean_gpu_util_pct": 93.29729109274564,
  "max_gpu_util_pct": 100.0,
  "mean_gpu_mem_bw_util_pct": 29.14279155188246,
  "max_gpu_mem_bw_util_pct": 48.25,
  "mean_gpu_mem_used_gb": 362.19140625,
  "max_gpu_mem_used_gb": 362.19140625,
  "mean_gpu_temp_c": 86.61753902662994,
  "max_gpu_temp_c": 91.0,
  "mean_pcie_tx_mb_s": 31823.63287661774,
  "max_pcie_tx_mb_s": 93805.0751953125,
  "mean_pcie_rx_mb_s": 27694.022733549988,
  "max_pcie_rx_mb_s": 77974.90234375,
  "mean_kv_cache_pct": 12.583996303956614,
  "max_kv_cache_pct": 17.922416810751752,
  "p50_kv_cache_pct": 15.211142108557063,
  "p95_kv_cache_pct": 17.863014861094907,
  "mean_requests_running": 5.874196510560147,
  "max_requests_running": 8.0,
  "mean_requests_waiting": 1.0964187327823691,
  "max_requests_waiting": 5.0
}