{
  "num_samples": 735,
  "duration_s": 327.85442090034485,
  "mean_power_w": 978.0061850340136,
  "max_power_w": 1050.653,
  "min_power_w": 381.049,
  "p50_power_w": 1023.5060000000001,
  "p95_power_w": 1044.5,
  "mean_gpu_util_pct": 95.59897959183674,
  "max_gpu_util_pct": 100.0,
  "mean_gpu_mem_bw_util_pct": 34.46224489795918,
  "max_gpu_mem_bw_util_pct": 42.5,
  "mean_gpu_mem_used_gb": 343.688232421875,
  "max_gpu_mem_used_gb": 343.688232421875,
  "mean_gpu_temp_c": 88.29523809523809,
  "max_gpu_temp_c": 91.0,
  "mean_pcie_tx_mb_s": 18922.492507706207,
  "max_pcie_tx_mb_s": 90450.5419921875,
  "mean_pcie_rx_mb_s": 24030.618130846087,
  "max_pcie_rx_mb_s": 123285.9208984375,
  "mean_kv_cache_pct": 15.476190476190476,
  "max_kv_cache_pct": 20.0,
  "p50_kv_cache_pct": 18.0,
  "p95_kv_cache_pct": 20.0,
  "mean_requests_running": 13.235374149659863,
  "max_requests_running": 16.0,
  "mean_requests_waiting": 0.7700680272108843,
  "max_requests_waiting": 7.0
}