{
  "num_samples": 1759,
  "duration_s": 754.8622567653656,
  "mean_power_w": 928.1552717453098,
  "max_power_w": 1213.872,
  "min_power_w": 88.958,
  "p50_power_w": 914.6510000000001,
  "p95_power_w": 1200.342,
  "mean_gpu_util_pct": 92.32859579306424,
  "max_gpu_util_pct": 100.0,
  "mean_gpu_mem_bw_util_pct": 30.0046901648664,
  "max_gpu_mem_bw_util_pct": 64.0,
  "mean_gpu_mem_used_gb": 367.400634765625,
  "max_gpu_mem_used_gb": 367.400634765625,
  "mean_gpu_temp_c": 86.26719727117681,
  "max_gpu_temp_c": 93.0,
  "mean_pcie_tx_mb_s": 56198.58677970882,
  "max_pcie_tx_mb_s": 132328.8623046875,
  "mean_pcie_rx_mb_s": 48721.82883785176,
  "max_pcie_rx_mb_s": 118452.45703125,
  "mean_kv_cache_pct": 75.06778989439591,
  "max_kv_cache_pct": 100.0,
  "p50_kv_cache_pct": 90.30303030303031,
  "p95_kv_cache_pct": 99.0909090909091,
  "mean_requests_running": 27.10574189880614,
  "max_requests_running": 40.0,
  "mean_requests_waiting": 6.474133030130756,
  "max_requests_waiting": 34.0
}