{
  "num_samples": 745,
  "duration_s": 319.215035200119,
  "mean_power_w": 1009.7437959731544,
  "max_power_w": 1200.538,
  "min_power_w": 109.49000000000001,
  "p50_power_w": 1129.959,
  "p95_power_w": 1198.555,
  "mean_gpu_util_pct": 92.04932885906041,
  "max_gpu_util_pct": 100.0,
  "mean_gpu_mem_bw_util_pct": 41.296644295302016,
  "max_gpu_mem_bw_util_pct": 60.25,
  "mean_gpu_mem_used_gb": 367.400634765625,
  "max_gpu_mem_used_gb": 367.400634765625,
  "mean_gpu_temp_c": 88.69395973154363,
  "max_gpu_temp_c": 92.0,
  "mean_pcie_tx_mb_s": 39687.08018036913,
  "max_pcie_tx_mb_s": 124844.37890625,
  "mean_pcie_rx_mb_s": 38959.27450975252,
  "max_pcie_rx_mb_s": 104083.099609375,
  "mean_kv_cache_pct": 20.81106365670124,
  "max_kv_cache_pct": 33.333333333333336,
  "p50_kv_cache_pct": 25.454545454545453,
  "p95_kv_cache_pct": 29.09090909090909,
  "mean_requests_running": 18.697986577181208,
  "max_requests_running": 24.0,
  "mean_requests_waiting": 0.9328859060402684,
  "max_requests_waiting": 12.0
}