{
  "num_samples": 8124,
  "duration_s": 2793.7194612026215,
  "mean_power_w": 578.2455136632201,
  "max_power_w": 608.54,
  "min_power_w": 44.698,
  "p50_power_w": 599.979,
  "p95_power_w": 603.146,
  "mean_gpu_util_pct": 95.51107828655834,
  "max_gpu_util_pct": 100.0,
  "mean_gpu_mem_bw_util_pct": 33.23959871984244,
  "max_gpu_mem_bw_util_pct": 67.5,
  "mean_gpu_mem_used_gb": 176.45361328125,
  "max_gpu_mem_used_gb": 176.45361328125,
  "mean_gpu_temp_c": 87.82447070408665,
  "max_gpu_temp_c": 93.0,
  "mean_pcie_tx_mb_s": 6775.003432393602,
  "max_pcie_tx_mb_s": 73951.9677734375,
  "mean_pcie_rx_mb_s": 6829.9505335752865,
  "max_pcie_rx_mb_s": 53826.8720703125,
  "mean_kv_cache_pct": 82.97189161285087,
  "max_kv_cache_pct": 95.04769172071728,
  "p50_kv_cache_pct": 94.08622663105685,
  "p95_kv_cache_pct": 94.86455551316291,
  "mean_requests_running": 2.719226981782373,
  "max_requests_running": 8.0,
  "mean_requests_waiting": 0.0,
  "max_requests_waiting": 0.0
}