{
  "num_samples": 1937,
  "duration_s": 672.1123821735382,
  "mean_power_w": 574.2226040268456,
  "max_power_w": 608.144,
  "min_power_w": 49.722,
  "p50_power_w": 599.988,
  "p95_power_w": 602.1379999999999,
  "mean_gpu_util_pct": 93.9261744966443,
  "max_gpu_util_pct": 100.0,
  "mean_gpu_mem_bw_util_pct": 51.02736189984512,
  "max_gpu_mem_bw_util_pct": 66.0,
  "mean_gpu_mem_used_gb": 176.45361328125,
  "max_gpu_mem_used_gb": 176.45361328125,
  "mean_gpu_temp_c": 85.42436757873,
  "max_gpu_temp_c": 92.0,
  "mean_pcie_tx_mb_s": 7929.934825418656,
  "max_pcie_tx_mb_s": 57371.1884765625,
  "mean_pcie_rx_mb_s": 7899.979926775458,
  "max_pcie_rx_mb_s": 54416.0859375,
  "mean_kv_cache_pct": 53.11318355752956,
  "max_kv_cache_pct": 66.41739793971766,
  "p50_kv_cache_pct": 63.36512781381152,
  "p95_kv_cache_pct": 66.11217092712704,
  "mean_requests_running": 6.863190500774393,
  "max_requests_running": 8.0,
  "mean_requests_waiting": 0.0,
  "max_requests_waiting": 0.0
}