{
  "num_samples": 2169,
  "duration_s": 924.7866339683533,
  "mean_power_w": 968.301367450438,
  "max_power_w": 991.761,
  "min_power_w": 381.456,
  "p50_power_w": 982.523,
  "p95_power_w": 987.616,
  "mean_gpu_util_pct": 97.2963347164592,
  "max_gpu_util_pct": 99.0,
  "mean_gpu_mem_bw_util_pct": 40.04587367450438,
  "max_gpu_mem_bw_util_pct": 42.0,
  "mean_gpu_mem_used_gb": 302.2833860334904,
  "max_gpu_mem_used_gb": 302.283447265625,
  "mean_gpu_temp_c": 88.60673121254034,
  "max_gpu_temp_c": 91.0,
  "mean_pcie_tx_mb_s": 6088.547930804086,
  "max_pcie_tx_mb_s": 80256.2080078125,
  "mean_pcie_rx_mb_s": 8011.732855902777,
  "max_pcie_rx_mb_s": 68087.4619140625,
  "mean_kv_cache_pct": 1.4573815611159997,
  "max_kv_cache_pct": 1.9696969696969657,
  "p50_kv_cache_pct": 1.5151515151515138,
  "p95_kv_cache_pct": 1.5151515151515138,
  "mean_requests_running": 1.9492853849700322,
  "max_requests_running": 2.0,
  "mean_requests_waiting": 0.0,
  "max_requests_waiting": 0.0
}