{
  "num_samples": 3721,
  "duration_s": 1595.2402398586273,
  "mean_power_w": 854.4455141091105,
  "max_power_w": 1020.735,
  "min_power_w": 100.747,
  "p50_power_w": 768.895,
  "p95_power_w": 1000.044,
  "mean_gpu_util_pct": 97.75644987906476,
  "max_gpu_util_pct": 100.0,
  "mean_gpu_mem_bw_util_pct": 28.76941682343456,
  "max_gpu_mem_bw_util_pct": 51.75,
  "mean_gpu_mem_used_gb": 372.5151462980382,
  "max_gpu_mem_used_gb": 373.09765625,
  "mean_gpu_temp_c": 87.19484009674818,
  "max_gpu_temp_c": 91.0,
  "mean_pcie_tx_mb_s": 55913.765809237266,
  "max_pcie_tx_mb_s": 142957.5107421875,
  "mean_pcie_rx_mb_s": 46709.97574156812,
  "max_pcie_rx_mb_s": 108691.9296875,
  "mean_kv_cache_pct": 7.461853991374844,
  "max_kv_cache_pct": 9.780654440848613,
  "p50_kv_cache_pct": 9.209816612729238,
  "p95_kv_cache_pct": 9.71772743617404,
  "mean_requests_running": 6.538296156947057,
  "max_requests_running": 8.0,
  "mean_requests_waiting": 0.7828540714861596,
  "max_requests_waiting": 3.0
}