{
  "num_samples": 15590,
  "duration_s": 6664.312098503113,
  "mean_power_w": 937.9602141757537,
  "max_power_w": 1023.845,
  "min_power_w": 94.666,
  "p50_power_w": 999.957,
  "p95_power_w": 1000.3,
  "mean_gpu_util_pct": 98.39991982039768,
  "max_gpu_util_pct": 100.0,
  "mean_gpu_mem_bw_util_pct": 37.90633418858243,
  "max_gpu_mem_bw_util_pct": 51.25,
  "mean_gpu_mem_used_gb": 373.09765625,
  "max_gpu_mem_used_gb": 373.09765625,
  "mean_gpu_temp_c": 88.04464400256575,
  "max_gpu_temp_c": 92.0,
  "mean_pcie_tx_mb_s": 25002.17977770205,
  "max_pcie_tx_mb_s": 117762.8388671875,
  "mean_pcie_rx_mb_s": 21467.566758038007,
  "max_pcie_rx_mb_s": 96202.5078125,
  "mean_kv_cache_pct": 1.6353080378653002,
  "max_kv_cache_pct": 2.373247033441206,
  "p50_kv_cache_pct": 2.322680690399137,
  "p95_kv_cache_pct": 2.3687522473930245,
  "mean_requests_running": 0.6994868505452213,
  "max_requests_running": 1.0,
  "mean_requests_waiting": 0.0,
  "max_requests_waiting": 0.0
}