{
  "num_samples": 1669,
  "duration_s": 716.4568538665771,
  "mean_power_w": 913.1660491312163,
  "max_power_w": 1212.755,
  "min_power_w": 87.93599999999999,
  "p50_power_w": 913.1700000000001,
  "p95_power_w": 1200.342,
  "mean_gpu_util_pct": 91.1345116836429,
  "max_gpu_util_pct": 100.0,
  "mean_gpu_mem_bw_util_pct": 29.556021569802276,
  "max_gpu_mem_bw_util_pct": 65.0,
  "mean_gpu_mem_used_gb": 367.400634765625,
  "max_gpu_mem_used_gb": 367.400634765625,
  "mean_gpu_temp_c": 86.33612941881366,
  "max_gpu_temp_c": 94.0,
  "mean_pcie_tx_mb_s": 55254.94088842027,
  "max_pcie_tx_mb_s": 140388.51953125,
  "mean_pcie_rx_mb_s": 48141.38589314803,
  "max_pcie_rx_mb_s": 116604.39453125,
  "mean_kv_cache_pct": 55.130907638397154,
  "max_kv_cache_pct": 96.81818181818181,
  "p50_kv_cache_pct": 54.848484848484844,
  "p95_kv_cache_pct": 93.93939393939394,
  "mean_requests_running": 20.100059916117434,
  "max_requests_running": 32.0,
  "mean_requests_waiting": 7.104853205512283,
  "max_requests_waiting": 25.0
}