{
  "num_samples": 584,
  "duration_s": 250.6262514591217,
  "mean_power_w": 894.8339297945206,
  "max_power_w": 1027.471,
  "min_power_w": 367.984,
  "p50_power_w": 999.854,
  "p95_power_w": 1000.224,
  "mean_gpu_util_pct": 93.11943493150685,
  "max_gpu_util_pct": 100.0,
  "mean_gpu_mem_bw_util_pct": 42.2923801369863,
  "max_gpu_mem_bw_util_pct": 58.0,
  "mean_gpu_mem_used_gb": 367.381103515625,
  "max_gpu_mem_used_gb": 367.381103515625,
  "mean_gpu_temp_c": 86.99486301369863,
  "max_gpu_temp_c": 90.0,
  "mean_pcie_tx_mb_s": 42936.672373314424,
  "max_pcie_tx_mb_s": 145508.177734375,
  "mean_pcie_rx_mb_s": 41141.152569496466,
  "max_pcie_rx_mb_s": 99734.0673828125,
  "mean_kv_cache_pct": 55.781185139061854,
  "max_kv_cache_pct": 89.24242424242425,
  "p50_kv_cache_pct": 72.72727272727273,
  "p95_kv_cache_pct": 87.27272727272728,
  "mean_requests_running": 68.52739726027397,
  "max_requests_running": 96.0,
  "mean_requests_waiting": 2.547945205479452,
  "max_requests_waiting": 47.0
}