{
  "num_samples": 1038,
  "duration_s": 445.73307514190674,
  "mean_power_w": 838.1727899807322,
  "max_power_w": 1029.24,
  "min_power_w": 96.607,
  "p50_power_w": 808.316,
  "p95_power_w": 1000.091,
  "mean_gpu_util_pct": 92.33887283236994,
  "max_gpu_util_pct": 100.0,
  "mean_gpu_mem_bw_util_pct": 34.022880539499035,
  "max_gpu_mem_bw_util_pct": 59.0,
  "mean_gpu_mem_used_gb": 367.381103515625,
  "max_gpu_mem_used_gb": 367.381103515625,
  "mean_gpu_temp_c": 86.2447013487476,
  "max_gpu_temp_c": 91.0,
  "mean_pcie_tx_mb_s": 50309.41339358291,
  "max_pcie_tx_mb_s": 126970.7255859375,
  "mean_pcie_rx_mb_s": 45509.18459853685,
  "max_pcie_rx_mb_s": 114516.220703125,
  "mean_kv_cache_pct": 51.22730192094354,
  "max_kv_cache_pct": 87.57575757575758,
  "p50_kv_cache_pct": 56.363636363636374,
  "p95_kv_cache_pct": 87.27272727272728,
  "mean_requests_running": 32.5009633911368,
  "max_requests_running": 48.0,
  "mean_requests_waiting": 6.475915221579961,
  "max_requests_waiting": 37.0
}