{
  "num_samples": 1764,
  "duration_s": 757.4971017837524,
  "mean_power_w": 929.5711706349207,
  "max_power_w": 1209.584,
  "min_power_w": 88.878,
  "p50_power_w": 914.265,
  "p95_power_w": 1200.353,
  "mean_gpu_util_pct": 92.46215986394557,
  "max_gpu_util_pct": 100.0,
  "mean_gpu_mem_bw_util_pct": 30.086026077097507,
  "max_gpu_mem_bw_util_pct": 64.25,
  "mean_gpu_mem_used_gb": 367.400634765625,
  "max_gpu_mem_used_gb": 367.400634765625,
  "mean_gpu_temp_c": 86.23526077097506,
  "max_gpu_temp_c": 94.0,
  "mean_pcie_tx_mb_s": 56054.17134685905,
  "max_pcie_tx_mb_s": 132507.7705078125,
  "mean_pcie_rx_mb_s": 48589.11882783713,
  "max_pcie_rx_mb_s": 115459.4140625,
  "mean_kv_cache_pct": 75.53365285508143,
  "max_kv_cache_pct": 100.0,
  "p50_kv_cache_pct": 91.51515151515152,
  "p95_kv_cache_pct": 98.18181818181819,
  "mean_requests_running": 27.656462585034014,
  "max_requests_running": 48.0,
  "mean_requests_waiting": 11.899659863945578,
  "max_requests_waiting": 40.0
}