{
  "num_samples": 933,
  "duration_s": 322.22999811172485,
  "mean_power_w": 576.0879324758843,
  "max_power_w": 611.072,
  "min_power_w": 134.796,
  "p50_power_w": 599.984,
  "p95_power_w": 600.054,
  "mean_gpu_util_pct": 93.70096463022509,
  "max_gpu_util_pct": 100.0,
  "mean_gpu_mem_bw_util_pct": 62.155948553054664,
  "max_gpu_mem_bw_util_pct": 71.0,
  "mean_gpu_mem_used_gb": 176.45361328125,
  "max_gpu_mem_used_gb": 176.45361328125,
  "mean_gpu_temp_c": 85.04715969989282,
  "max_gpu_temp_c": 90.0,
  "mean_pcie_tx_mb_s": 5825.923709848941,
  "max_pcie_tx_mb_s": 49365.0029296875,
  "mean_pcie_rx_mb_s": 5723.78896934452,
  "max_pcie_rx_mb_s": 45235.42578125,
  "mean_kv_cache_pct": 30.092561809083445,
  "max_kv_cache_pct": 39.06905761159862,
  "p50_kv_cache_pct": 33.94887447539108,
  "p95_kv_cache_pct": 38.58069439145364,
  "mean_requests_running": 14.89924973204716,
  "max_requests_running": 16.0,
  "mean_requests_waiting": 0.0,
  "max_requests_waiting": 0.0
}