{
  "num_samples": 538,
  "duration_s": 230.27501821517944,
  "mean_power_w": 1046.3577081784388,
  "max_power_w": 1205.531,
  "min_power_w": 335.75,
  "p50_power_w": 1185.9569999999999,
  "p95_power_w": 1200.762,
  "mean_gpu_util_pct": 92.37453531598513,
  "max_gpu_util_pct": 100.0,
  "mean_gpu_mem_bw_util_pct": 45.52091078066915,
  "max_gpu_mem_bw_util_pct": 62.25,
  "mean_gpu_mem_used_gb": 367.400634765625,
  "max_gpu_mem_used_gb": 367.400634765625,
  "mean_gpu_temp_c": 89.48884758364312,
  "max_gpu_temp_c": 92.0,
  "mean_pcie_tx_mb_s": 39068.04161826208,
  "max_pcie_tx_mb_s": 113695.2080078125,
  "mean_pcie_rx_mb_s": 38911.351213986985,
  "max_pcie_rx_mb_s": 96675.7822265625,
  "mean_kv_cache_pct": 32.48225751943224,
  "max_kv_cache_pct": 46.81818181818181,
  "p50_kv_cache_pct": 36.51515151515151,
  "p95_kv_cache_pct": 46.51515151515152,
  "mean_requests_running": 38.42007434944238,
  "max_requests_running": 48.0,
  "mean_requests_waiting": 0.4349442379182156,
  "max_requests_waiting": 6.0
}