{
  "num_samples": 475,
  "duration_s": 203.04491567611694,
  "mean_power_w": 898.5055957894737,
  "max_power_w": 973.585,
  "min_power_w": 362.93600000000004,
  "p50_power_w": 955.8969999999999,
  "p95_power_w": 970.725,
  "mean_gpu_util_pct": 90.68473684210527,
  "max_gpu_util_pct": 99.25,
  "mean_gpu_mem_bw_util_pct": 34.32684210526316,
  "max_gpu_mem_bw_util_pct": 46.75,
  "mean_gpu_mem_used_gb": 334.26953125,
  "max_gpu_mem_used_gb": 334.26953125,
  "mean_gpu_temp_c": 85.92,
  "max_gpu_temp_c": 89.0,
  "mean_pcie_tx_mb_s": 37563.60059004934,
  "max_pcie_tx_mb_s": 78122.5673828125,
  "mean_pcie_rx_mb_s": 31261.012212171052,
  "max_pcie_rx_mb_s": 68079.10546875,
  "mean_kv_cache_pct": 13.582491152368515,
  "max_kv_cache_pct": 22.944759079467815,
  "p50_kv_cache_pct": 19.30847716648687,
  "p95_kv_cache_pct": 22.61663969795038,
  "mean_requests_running": 57.84842105263158,
  "max_requests_running": 64.0,
  "mean_requests_waiting": 0.0,
  "max_requests_waiting": 0.0
}