{
  "num_samples": 839,
  "duration_s": 289.560889005661,
  "mean_power_w": 573.1016460071513,
  "max_power_w": 611.187,
  "min_power_w": 107.18100000000001,
  "p50_power_w": 599.98,
  "p95_power_w": 600.34,
  "mean_gpu_util_pct": 93.47139451728248,
  "max_gpu_util_pct": 100.0,
  "mean_gpu_mem_bw_util_pct": 61.63945172824791,
  "max_gpu_mem_bw_util_pct": 72.5,
  "mean_gpu_mem_used_gb": 176.45361328125,
  "max_gpu_mem_used_gb": 176.45361328125,
  "mean_gpu_temp_c": 85.0083432657926,
  "max_gpu_temp_c": 90.0,
  "mean_pcie_tx_mb_s": 6533.7252623566,
  "max_pcie_tx_mb_s": 49971.3486328125,
  "mean_pcie_rx_mb_s": 6638.5537225771,
  "max_pcie_rx_mb_s": 51875.076171875,
  "mean_kv_cache_pct": 39.9515784083721,
  "max_kv_cache_pct": 58.25257535291873,
  "p50_kv_cache_pct": 49.5154521175124,
  "p95_kv_cache_pct": 57.76421213277375,
  "mean_requests_running": 20.535160905840286,
  "max_requests_running": 24.0,
  "mean_requests_waiting": 0.0,
  "max_requests_waiting": 0.0
}