{
  "num_samples": 1817,
  "duration_s": 780.3765451908112,
  "mean_power_w": 879.129777655476,
  "max_power_w": 1025.469,
  "min_power_w": 87.575,
  "p50_power_w": 909.315,
  "p95_power_w": 1000.043,
  "mean_gpu_util_pct": 92.01444689047881,
  "max_gpu_util_pct": 100.0,
  "mean_gpu_mem_bw_util_pct": 29.438497523390204,
  "max_gpu_mem_bw_util_pct": 64.5,
  "mean_gpu_mem_used_gb": 362.19140625,
  "max_gpu_mem_used_gb": 362.19140625,
  "mean_gpu_temp_c": 86.5514584479912,
  "max_gpu_temp_c": 92.0,
  "mean_pcie_tx_mb_s": 39002.95017650144,
  "max_pcie_tx_mb_s": 99153.1455078125,
  "mean_pcie_rx_mb_s": 33496.70631105531,
  "max_pcie_rx_mb_s": 83004.408203125,
  "mean_kv_cache_pct": 49.283755294207815,
  "max_kv_cache_pct": 71.63875128615828,
  "p50_kv_cache_pct": 51.282976037677805,
  "p95_kv_cache_pct": 71.13383471407508,
  "mean_requests_running": 23.725371491469456,
  "max_requests_running": 32.0,
  "mean_requests_waiting": 3.705558613098514,
  "max_requests_waiting": 27.0
}