{
  "num_samples": 668,
  "duration_s": 285.1046223640442,
  "mean_power_w": 885.7120838323353,
  "max_power_w": 943.647,
  "min_power_w": 279.149,
  "p50_power_w": 924.387,
  "p95_power_w": 932.927,
  "mean_gpu_util_pct": 92.87275449101796,
  "max_gpu_util_pct": 99.0,
  "mean_gpu_mem_bw_util_pct": 35.07784431137725,
  "max_gpu_mem_bw_util_pct": 41.5,
  "mean_gpu_mem_used_gb": 334.26953125,
  "max_gpu_mem_used_gb": 334.26953125,
  "mean_gpu_temp_c": 85.89820359281437,
  "max_gpu_temp_c": 88.0,
  "mean_pcie_tx_mb_s": 44347.37792530174,
  "max_pcie_tx_mb_s": 57476.423828125,
  "mean_pcie_rx_mb_s": 41258.65667980445,
  "max_pcie_rx_mb_s": 51536.263671875,
  "mean_kv_cache_pct": 8.087753497858651,
  "max_kv_cache_pct": 11.506652283351315,
  "p50_kv_cache_pct": 9.982919813016899,
  "p95_kv_cache_pct": 11.348211075152825,
  "mean_requests_running": 29.839820359281436,
  "max_requests_running": 32.0,
  "mean_requests_waiting": 0.0,
  "max_requests_waiting": 0.0
}