{
  "num_samples": 286,
  "duration_s": 126.40311932563782,
  "mean_power_w": 257.07785664335665,
  "max_power_w": 646.304,
  "min_power_w": 73.23899999999999,
  "p50_power_w": 78.656,
  "p95_power_w": 614.59,
  "mean_gpu_util_pct": 28.229895104895103,
  "max_gpu_util_pct": 100.0,
  "mean_gpu_mem_bw_util_pct": 10.69493006993007,
  "max_gpu_mem_bw_util_pct": 21.75,
  "mean_gpu_mem_used_gb": 324.790109060861,
  "max_gpu_mem_used_gb": 325.555419921875,
  "mean_gpu_temp_c": 64.18881118881119,
  "max_gpu_temp_c": 73.0,
  "mean_pcie_tx_mb_s": 704.3366887019231,
  "max_pcie_tx_mb_s": 37855.498046875,
  "mean_pcie_rx_mb_s": 1802.6442444274476,
  "max_pcie_rx_mb_s": 163344.8125,
  "mean_kv_cache_pct": 0.13986013986013987,
  "max_kv_cache_pct": 1.0,
  "p50_kv_cache_pct": 0.0,
  "p95_kv_cache_pct": 1.0,
  "mean_requests_running": 0.2727272727272727,
  "max_requests_running": 1.0,
  "mean_requests_waiting": 0.0,
  "max_requests_waiting": 0.0
}