{
  "num_samples": 3679,
  "duration_s": 1265.9376566410065,
  "mean_power_w": 573.3186594183202,
  "max_power_w": 606.174,
  "min_power_w": 46.544,
  "p50_power_w": 599.985,
  "p95_power_w": 601.513,
  "mean_gpu_util_pct": 94.25767871704268,
  "max_gpu_util_pct": 100.0,
  "mean_gpu_mem_bw_util_pct": 44.01508562109269,
  "max_gpu_mem_bw_util_pct": 68.0,
  "mean_gpu_mem_used_gb": 176.45361328125,
  "max_gpu_mem_used_gb": 176.45361328125,
  "mean_gpu_temp_c": 87.22288665398206,
  "max_gpu_temp_c": 93.0,
  "mean_pcie_tx_mb_s": 7768.995071531412,
  "max_pcie_tx_mb_s": 52342.4638671875,
  "mean_pcie_rx_mb_s": 7951.227268842162,
  "max_pcie_rx_mb_s": 52752.1826171875,
  "mean_kv_cache_pct": 82.29300445032848,
  "max_kv_cache_pct": 96.6959175887066,
  "p50_kv_cache_pct": 94.17779473483404,
  "p95_kv_cache_pct": 96.42121327737505,
  "mean_requests_running": 5.556129382984507,
  "max_requests_running": 16.0,
  "mean_requests_waiting": 0.0,
  "max_requests_waiting": 0.0
}