{
  "num_samples": 2173,
  "duration_s": 927.3467862606049,
  "mean_power_w": 933.224232397607,
  "max_power_w": 955.009,
  "min_power_w": 372.21500000000003,
  "p50_power_w": 947.571,
  "p95_power_w": 952.739,
  "mean_gpu_util_pct": 97.35595950299125,
  "max_gpu_util_pct": 100.0,
  "mean_gpu_mem_bw_util_pct": 37.77266451909802,
  "max_gpu_mem_bw_util_pct": 39.75,
  "mean_gpu_mem_used_gb": 304.18819085168116,
  "max_gpu_mem_used_gb": 304.217041015625,
  "mean_gpu_temp_c": 87.12379199263691,
  "max_gpu_temp_c": 89.0,
  "mean_pcie_tx_mb_s": 5977.3422620117635,
  "max_pcie_tx_mb_s": 79969.4072265625,
  "mean_pcie_rx_mb_s": 8032.963103194748,
  "max_pcie_rx_mb_s": 69798.759765625,
  "mean_kv_cache_pct": 1.4630660028727203,
  "max_kv_cache_pct": 1.9696969696969657,
  "p50_kv_cache_pct": 1.5151515151515138,
  "p95_kv_cache_pct": 1.5151515151515138,
  "mean_requests_running": 1.9549010584445468,
  "max_requests_running": 2.0,
  "mean_requests_waiting": 0.0,
  "max_requests_waiting": 0.0
}