{
  "num_samples": 4222,
  "duration_s": 1812.3487482070923,
  "mean_power_w": 935.4665769777357,
  "max_power_w": 1026.673,
  "min_power_w": 78.952,
  "p50_power_w": 981.488,
  "p95_power_w": 1000.033,
  "mean_gpu_util_pct": 94.10628848886783,
  "max_gpu_util_pct": 100.0,
  "mean_gpu_mem_bw_util_pct": 24.326800094741827,
  "max_gpu_mem_bw_util_pct": 68.5,
  "mean_gpu_mem_used_gb": 362.19140625,
  "max_gpu_mem_used_gb": 362.19140625,
  "mean_gpu_temp_c": 87.16248223590715,
  "max_gpu_temp_c": 92.0,
  "mean_pcie_tx_mb_s": 33027.35354153097,
  "max_pcie_tx_mb_s": 97979.703125,
  "mean_pcie_rx_mb_s": 28639.19590324861,
  "max_pcie_rx_mb_s": 81819.8271484375,
  "mean_kv_cache_pct": 78.55484950106836,
  "max_kv_cache_pct": 99.99681775269696,
  "p50_kv_cache_pct": 94.77368917929843,
  "p95_kv_cache_pct": 99.86422411507007,
  "mean_requests_running": 21.081516587677726,
  "max_requests_running": 64.0,
  "mean_requests_waiting": 29.488862559241706,
  "max_requests_waiting": 59.0
}