{
  "num_samples": 2158,
  "duration_s": 972.3680984973907,
  "mean_power_w": 937.2068266913809,
  "max_power_w": 1147.031,
  "min_power_w": 99.74600000000001,
  "p50_power_w": 943.498,
  "p95_power_w": 1133.874,
  "mean_gpu_util_pct": 96.49988415199259,
  "max_gpu_util_pct": 100.0,
  "mean_gpu_mem_bw_util_pct": 24.147011121408713,
  "max_gpu_mem_bw_util_pct": 42.75,
  "mean_gpu_mem_used_gb": 343.696044921875,
  "max_gpu_mem_used_gb": 343.696044921875,
  "mean_gpu_temp_c": 87.9805375347544,
  "max_gpu_temp_c": 92.0,
  "mean_pcie_tx_mb_s": 32007.295928757096,
  "max_pcie_tx_mb_s": 102026.6318359375,
  "mean_pcie_rx_mb_s": 45096.56406711582,
  "max_pcie_rx_mb_s": 130893.5595703125,
  "mean_kv_cache_pct": 59.19516728624535,
  "max_kv_cache_pct": 100.0,
  "p50_kv_cache_pct": 61.0,
  "p95_kv_cache_pct": 99.0,
  "mean_requests_running": 17.157063197026023,
  "max_requests_running": 42.0,
  "mean_requests_waiting": 13.094795539033457,
  "max_requests_waiting": 30.0
}