{
  "num_samples": 1870,
  "duration_s": 799.3886442184448,
  "mean_power_w": 906.0393497326203,
  "max_power_w": 998.7719999999999,
  "min_power_w": 96.178,
  "p50_power_w": 987.865,
  "p95_power_w": 993.278,
  "mean_gpu_util_pct": 94.87660427807486,
  "max_gpu_util_pct": 100.0,
  "mean_gpu_mem_bw_util_pct": 34.80748663101604,
  "max_gpu_mem_bw_util_pct": 43.5,
  "mean_gpu_mem_used_gb": 367.381103515625,
  "max_gpu_mem_used_gb": 367.381103515625,
  "mean_gpu_temp_c": 87.27058823529411,
  "max_gpu_temp_c": 90.0,
  "mean_pcie_tx_mb_s": 26800.8213736631,
  "max_pcie_tx_mb_s": 121411.2431640625,
  "mean_pcie_rx_mb_s": 28165.539343457553,
  "max_pcie_rx_mb_s": 99577.5458984375,
  "mean_kv_cache_pct": 6.021552422621942,
  "max_kv_cache_pct": 8.636363636363631,
  "p50_kv_cache_pct": 6.666666666666665,
  "p95_kv_cache_pct": 7.272727272727275,
  "mean_requests_running": 3.5272727272727273,
  "max_requests_running": 4.0,
  "mean_requests_waiting": 0.0,
  "max_requests_waiting": 0.0
}