{
  "num_samples": 2242,
  "duration_s": 956.4847354888916,
  "mean_power_w": 964.5984491525423,
  "max_power_w": 990.3629999999999,
  "min_power_w": 305.156,
  "p50_power_w": 981.697,
  "p95_power_w": 987.054,
  "mean_gpu_util_pct": 97.04516057091882,
  "max_gpu_util_pct": 100.0,
  "mean_gpu_mem_bw_util_pct": 39.432983942908116,
  "max_gpu_mem_bw_util_pct": 42.25,
  "mean_gpu_mem_used_gb": 367.400634765625,
  "max_gpu_mem_used_gb": 367.400634765625,
  "mean_gpu_temp_c": 88.57983942908118,
  "max_gpu_temp_c": 91.0,
  "mean_pcie_tx_mb_s": 8177.259441556088,
  "max_pcie_tx_mb_s": 87354.509765625,
  "mean_pcie_rx_mb_s": 9599.447932492612,
  "max_pcie_rx_mb_s": 69062.7275390625,
  "mean_kv_cache_pct": 1.7193793420376833,
  "max_kv_cache_pct": 2.5757575757575757,
  "p50_kv_cache_pct": 1.8181818181818188,
  "p95_kv_cache_pct": 1.8181818181818188,
  "mean_requests_running": 1.9201605709188225,
  "max_requests_running": 2.0,
  "mean_requests_waiting": 0.0,
  "max_requests_waiting": 0.0
}