{
  "num_samples": 538,
  "duration_s": 229.8117425441742,
  "mean_power_w": 960.8762769516728,
  "max_power_w": 1018.087,
  "min_power_w": 369.73699999999997,
  "p50_power_w": 999.976,
  "p95_power_w": 1000.372,
  "mean_gpu_util_pct": 92.78903345724908,
  "max_gpu_util_pct": 99.0,
  "mean_gpu_mem_bw_util_pct": 39.23280669144982,
  "max_gpu_mem_bw_util_pct": 44.25,
  "mean_gpu_mem_used_gb": 326.41015625,
  "max_gpu_mem_used_gb": 326.41015625,
  "mean_gpu_temp_c": 87.11524163568774,
  "max_gpu_temp_c": 89.0,
  "mean_pcie_tx_mb_s": 9954.506376699,
  "max_pcie_tx_mb_s": 18727.3798828125,
  "mean_pcie_rx_mb_s": 9859.114873155786,
  "max_pcie_rx_mb_s": 17120.109375,
  "mean_kv_cache_pct": 2.3489618480094805,
  "max_kv_cache_pct": 3.241649252702261,
  "p50_kv_cache_pct": 2.6232325268104373,
  "p95_kv_cache_pct": 3.180125804843381,
  "mean_requests_running": 14.87732342007435,
  "max_requests_running": 16.0,
  "mean_requests_waiting": 0.0,
  "max_requests_waiting": 0.0
}