{
  "num_samples": 4990,
  "duration_s": 2132.654836654663,
  "mean_power_w": 935.8471426853707,
  "max_power_w": 1018.11,
  "min_power_w": 87.934,
  "p50_power_w": 999.841,
  "p95_power_w": 1006.277,
  "mean_gpu_util_pct": 95.5563627254509,
  "max_gpu_util_pct": 100.0,
  "mean_gpu_mem_bw_util_pct": 32.94183366733467,
  "max_gpu_mem_bw_util_pct": 39.0,
  "mean_gpu_mem_used_gb": 367.381103515625,
  "max_gpu_mem_used_gb": 367.381103515625,
  "mean_gpu_temp_c": 87.43306613226453,
  "max_gpu_temp_c": 91.0,
  "mean_pcie_tx_mb_s": 18339.043986997433,
  "max_pcie_tx_mb_s": 99954.0595703125,
  "mean_pcie_rx_mb_s": 16735.861550053232,
  "max_pcie_rx_mb_s": 82283.80859375,
  "mean_kv_cache_pct": 2.182729094552742,
  "max_kv_cache_pct": 3.4848484848484795,
  "p50_kv_cache_pct": 2.8787878787878807,
  "p95_kv_cache_pct": 3.0303030303030276,
  "mean_requests_running": 0.7464929859719439,
  "max_requests_running": 1.0,
  "mean_requests_waiting": 0.0,
  "max_requests_waiting": 0.0
}