{
  "num_samples": 2025,
  "duration_s": 867.5595541000366,
  "mean_power_w": 942.7350671604938,
  "max_power_w": 1142.498,
  "min_power_w": 88.96199999999999,
  "p50_power_w": 923.178,
  "p95_power_w": 1136.305,
  "mean_gpu_util_pct": 92.66234567901235,
  "max_gpu_util_pct": 100.0,
  "mean_gpu_mem_bw_util_pct": 32.09358024691358,
  "max_gpu_mem_bw_util_pct": 54.0,
  "mean_gpu_mem_used_gb": 367.400634765625,
  "max_gpu_mem_used_gb": 367.400634765625,
  "mean_gpu_temp_c": 87.19654320987654,
  "max_gpu_temp_c": 93.0,
  "mean_pcie_tx_mb_s": 45574.40274305556,
  "max_pcie_tx_mb_s": 133544.81640625,
  "mean_pcie_rx_mb_s": 42027.12947627315,
  "max_pcie_rx_mb_s": 106626.12890625,
  "mean_kv_cache_pct": 16.425589225589224,
  "max_kv_cache_pct": 24.696969696969695,
  "p50_kv_cache_pct": 20.606060606060606,
  "p95_kv_cache_pct": 24.242424242424242,
  "mean_requests_running": 5.813827160493827,
  "max_requests_running": 8.0,
  "mean_requests_waiting": 1.051358024691358,
  "max_requests_waiting": 4.0
}