{
  "num_samples": 1050,
  "duration_s": 450.49756145477295,
  "mean_power_w": 837.1026314285714,
  "max_power_w": 1029.1509999999998,
  "min_power_w": 95.92099999999999,
  "p50_power_w": 809.775,
  "p95_power_w": 1000.078,
  "mean_gpu_util_pct": 92.0047619047619,
  "max_gpu_util_pct": 100.0,
  "mean_gpu_mem_bw_util_pct": 33.559285714285714,
  "max_gpu_mem_bw_util_pct": 59.0,
  "mean_gpu_mem_used_gb": 367.381103515625,
  "max_gpu_mem_used_gb": 367.381103515625,
  "mean_gpu_temp_c": 86.53142857142858,
  "max_gpu_temp_c": 91.0,
  "mean_pcie_tx_mb_s": 48985.212761346724,
  "max_pcie_tx_mb_s": 135813.0712890625,
  "mean_pcie_rx_mb_s": 45057.437323288694,
  "max_pcie_rx_mb_s": 113516.84765625,
  "mean_kv_cache_pct": 43.10952380952381,
  "max_kv_cache_pct": 74.0909090909091,
  "p50_kv_cache_pct": 44.3939393939394,
  "p95_kv_cache_pct": 72.72727272727273,
  "mean_requests_running": 27.056190476190476,
  "max_requests_running": 40.0,
  "mean_requests_waiting": 5.482857142857143,
  "max_requests_waiting": 29.0
}