{
  "num_samples": 2564,
  "duration_s": 1097.141628742218,
  "mean_power_w": 876.0251973478939,
  "max_power_w": 1005.783,
  "min_power_w": 87.901,
  "p50_power_w": 892.236,
  "p95_power_w": 996.441,
  "mean_gpu_util_pct": 93.8085023400936,
  "max_gpu_util_pct": 100.0,
  "mean_gpu_mem_bw_util_pct": 31.28929407176287,
  "max_gpu_mem_bw_util_pct": 44.25,
  "mean_gpu_mem_used_gb": 367.381103515625,
  "max_gpu_mem_used_gb": 367.381103515625,
  "mean_gpu_temp_c": 86.57527301092044,
  "max_gpu_temp_c": 90.0,
  "mean_pcie_tx_mb_s": 35917.56805010482,
  "max_pcie_tx_mb_s": 120151.9599609375,
  "mean_pcie_rx_mb_s": 34222.69448409772,
  "max_pcie_rx_mb_s": 101660.6103515625,
  "mean_kv_cache_pct": 9.14864321845601,
  "max_kv_cache_pct": 12.727272727272732,
  "p50_kv_cache_pct": 11.515151515151512,
  "p95_kv_cache_pct": 12.727272727272732,
  "mean_requests_running": 3.3260530421216847,
  "max_requests_running": 4.0,
  "mean_requests_waiting": 0.0,
  "max_requests_waiting": 0.0
}