{
  "num_samples": 915,
  "duration_s": 391.1796624660492,
  "mean_power_w": 1046.69247431694,
  "max_power_w": 1129.5500000000002,
  "min_power_w": 303.577,
  "p50_power_w": 1109.614,
  "p95_power_w": 1126.676,
  "mean_gpu_util_pct": 94.76857923497268,
  "max_gpu_util_pct": 100.0,
  "mean_gpu_mem_bw_util_pct": 44.54071038251366,
  "max_gpu_mem_bw_util_pct": 51.75,
  "mean_gpu_mem_used_gb": 367.400634765625,
  "max_gpu_mem_used_gb": 367.400634765625,
  "mean_gpu_temp_c": 89.40218579234973,
  "max_gpu_temp_c": 92.0,
  "mean_pcie_tx_mb_s": 20777.989839480873,
  "max_pcie_tx_mb_s": 94542.15234375,
  "mean_pcie_rx_mb_s": 27919.112164873633,
  "max_pcie_rx_mb_s": 78584.8505859375,
  "mean_kv_cache_pct": 6.654412982281836,
  "max_kv_cache_pct": 10.45454545454545,
  "p50_kv_cache_pct": 7.272727272727275,
  "p95_kv_cache_pct": 9.24242424242424,
  "mean_requests_running": 7.511475409836065,
  "max_requests_running": 8.0,
  "mean_requests_waiting": 0.0,
  "max_requests_waiting": 0.0
}