{
  "num_samples": 1640,
  "duration_s": 565.5062236785889,
  "mean_power_w": 585.8813804878049,
  "max_power_w": 608.4110000000001,
  "min_power_w": 176.376,
  "p50_power_w": 599.9449999999999,
  "p95_power_w": 601.1279999999999,
  "mean_gpu_util_pct": 95.81646341463414,
  "max_gpu_util_pct": 100.0,
  "mean_gpu_mem_bw_util_pct": 55.22621951219512,
  "max_gpu_mem_bw_util_pct": 59.5,
  "mean_gpu_mem_used_gb": 176.45361328125,
  "max_gpu_mem_used_gb": 176.45361328125,
  "mean_gpu_temp_c": 85.66646341463415,
  "max_gpu_temp_c": 89.0,
  "mean_pcie_tx_mb_s": 3099.1986738995806,
  "max_pcie_tx_mb_s": 40109.63671875,
  "mean_pcie_rx_mb_s": 3153.2541033488947,
  "max_pcie_rx_mb_s": 39910.3359375,
  "mean_kv_cache_pct": 8.197020314346599,
  "max_kv_cache_pct": 9.767264402899656,
  "p50_kv_cache_pct": 8.668447157573445,
  "p95_kv_cache_pct": 9.675696299122471,
  "mean_requests_running": 3.8152439024390246,
  "max_requests_running": 4.0,
  "mean_requests_waiting": 0.0,
  "max_requests_waiting": 0.0
}