{
  "num_samples": 2270,
  "duration_s": 1013.1226587295532,
  "mean_power_w": 899.7828325991189,
  "max_power_w": 1054.562,
  "min_power_w": 93.109,
  "p50_power_w": 1018.939,
  "p95_power_w": 1038.5159999999998,
  "mean_gpu_util_pct": 96.43303964757709,
  "max_gpu_util_pct": 100.0,
  "mean_gpu_mem_bw_util_pct": 6.640859030837005,
  "max_gpu_mem_bw_util_pct": 21.0,
  "mean_gpu_mem_used_gb": 357.2826595625688,
  "max_gpu_mem_used_gb": 364.117919921875,
  "mean_gpu_temp_c": 86.68149779735683,
  "max_gpu_temp_c": 92.0,
  "mean_pcie_tx_mb_s": 7035.190365587142,
  "max_pcie_tx_mb_s": 54106.7470703125,
  "mean_pcie_rx_mb_s": 10474.573452987335,
  "max_pcie_rx_mb_s": 86929.75,
  "mean_kv_cache_pct": 36.9053934571176,
  "max_kv_cache_pct": 47.0,
  "p50_kv_cache_pct": 39.0,
  "p95_kv_cache_pct": 47.0,
  "mean_requests_running": 0.21794871794871795,
  "max_requests_running": 1.0,
  "mean_requests_waiting": 0.0,
  "max_requests_waiting": 0.0
}