{
  "num_samples": 4179,
  "duration_s": 1788.7685413360596,
  "mean_power_w": 863.5942007657334,
  "max_power_w": 1016.774,
  "min_power_w": 76.82,
  "p50_power_w": 872.814,
  "p95_power_w": 1000.827,
  "mean_gpu_util_pct": 93.11856903565446,
  "max_gpu_util_pct": 100.0,
  "mean_gpu_mem_bw_util_pct": 26.29881550610194,
  "max_gpu_mem_bw_util_pct": 46.25,
  "mean_gpu_mem_used_gb": 367.381103515625,
  "max_gpu_mem_used_gb": 367.381103515625,
  "mean_gpu_temp_c": 86.28356066044508,
  "max_gpu_temp_c": 92.0,
  "mean_pcie_tx_mb_s": 41896.839768737664,
  "max_pcie_tx_mb_s": 128670.6630859375,
  "mean_pcie_rx_mb_s": 37482.67914114845,
  "max_pcie_rx_mb_s": 126124.376953125,
  "mean_kv_cache_pct": 14.019919220924248,
  "max_kv_cache_pct": 21.969696969696972,
  "p50_kv_cache_pct": 16.060606060606062,
  "p95_kv_cache_pct": 21.212121212121215,
  "mean_requests_running": 2.6669059583632446,
  "max_requests_running": 4.0,
  "mean_requests_waiting": 0.44101459679349125,
  "max_requests_waiting": 2.0
}