timestamp,elapsed_s,gpu0_power_w,gpu0_mem_used_gb,gpu0_util_pct,gpu0_mem_bw_util_pct,gpu0_temp_c,gpu0_pcie_tx_mb_s,gpu0_pcie_rx_mb_s,gpu1_power_w,gpu1_mem_used_gb,gpu1_util_pct,gpu1_mem_bw_util_pct,gpu1_temp_c,gpu1_pcie_tx_mb_s,gpu1_pcie_rx_mb_s,gpu2_power_w,gpu2_mem_used_gb,gpu2_util_pct,gpu2_mem_bw_util_pct,gpu2_temp_c,gpu2_pcie_tx_mb_s,gpu2_pcie_rx_mb_s,gpu3_power_w,gpu3_mem_used_gb,gpu3_util_pct,gpu3_mem_bw_util_pct,gpu3_temp_c,gpu3_pcie_tx_mb_s,gpu3_pcie_rx_mb_s,kv_cache_pct,requests_running,requests_waiting
1782930862.889,0.000,187.1,79.14,0,0,87,0.6,0.5,139.0,79.15,0,0,83,0.6,2.2,147.9,79.15,0,0,85,4.8,0.5,120.1,79.14,0,0,82,0.6,0.5,0.0,64,0
1782930863.331,0.441,134.0,79.14,0,0,86,2.3,0.5,120.4,79.15,0,0,82,0.6,0.4,114.8,79.15,0,0,85,0.6,0.5,120.1,79.14,0,0,82,0.6,4.9,0.0,64,0
1782930863.778,0.889,134.0,79.14,0,0,86,1.4,0.6,120.4,79.15,0,0,82,0.6,0.5,114.8,79.15,0,0,85,0.7,0.5,99.3,79.14,0,0,82,0.6,0.5,0.0,64,0
1782930864.224,1.335,121.7,79.14,0,0,86,2.3,0.4,109.3,79.15,0,0,81,2.3,0.4,104.3,79.15,0,0,84,0.6,0.4,99.3,79.14,0,0,82,0.6,0.4,0.0,64,0
1782930864.665,1.776,121.7,79.14,0,0,86,0.6,0.5,109.3,79.15,0,0,81,0.6,2.2,104.3,79.15,0,0,84,6.4,3.7,97.9,79.14,0,0,81,4.8,0.4,0.0,64,0
1782930865.106,2.217,119.8,79.14,0,0,85,0.6,0.5,106.0,79.15,0,0,81,0.6,0.5,97.6,79.15,0,0,84,1.3,0.4,97.9,79.14,0,0,81,2.2,0.5,0.0,64,0
1782930865.548,2.659,119.8,79.14,0,0,85,1.2,0.4,106.0,79.15,0,0,81,0.6,0.4,97.6,79.15,0,0,84,0.6,0.5,97.9,79.14,0,0,81,0.6,0.4,0.0,64,0
1782930865.990,3.101,116.5,79.14,0,0,84,2.7,2.1,106.0,79.15,0,0,81,2.7,2.2,97.6,79.15,0,0,84,2.7,2.1,96.0,79.14,0,0,80,3.8,0.5,0.0,64,0
1782930866.431,3.542,116.5,79.14,0,0,84,2.2,0.4,102.1,79.15,0,0,80,0.6,0.4,97.0,79.15,0,0,83,0.6,0.5,96.0,79.14,0,0,80,1.1,0.4,0.0,64,0
1782930866.871,3.982,116.5,79.14,0,0,84,0.6,0.5,102.1,79.15,0,0,80,0.6,0.4,97.0,79.15,0,0,83,2.3,3.7,94.4,79.14,0,0,80,0.6,0.4,0.0,64,0
1782930867.310,4.421,115.9,79.14,0,0,84,0.6,0.5,100.9,79.15,0,0,80,2.3,0.4,95.1,79.15,0,0,83,0.6,0.5,94.4,79.14,0,0,80,2.3,0.4,0.0,64,0
1782930867.749,4.860,115.9,79.14,0,0,84,4.8,1.8,100.9,79.15,0,0,80,2.6,0.4,95.1,79.15,0,0,83,2.3,0.5,93.7,79.14,0,0,79,0.6,0.5,0.0,64,0
1782930868.198,5.309,114.0,79.14,0,0,83,6.5,0.5,100.5,79.15,0,0,79,0.6,0.4,94.4,79.15,0,0,82,0.6,0.5,93.7,79.14,0,0,79,2.7,0.5,0.0,64,0
1782930868.651,5.761,114.0,79.14,0,0,83,2.8,0.6,100.5,79.15,0,0,79,0.6,2.2,94.4,79.15,0,0,82,2.8,4.0,91.7,79.14,0,0,79,4.7,2.0,0.0,64,0
1782930869.094,6.205,113.1,79.14,0,0,83,0.6,0.5,100.5,79.15,0,0,79,1.5,0.5,92.8,79.15,0,0,81,0.7,0.5,91.7,79.14,0,0,79,2.9,0.5,0.0,64,0
1782930869.533,6.644,113.1,79.14,0,0,83,2.3,4.9,99.0,79.15,0,0,78,0.8,0.4,92.8,79.15,0,0,81,0.6,0.5,91.7,79.14,0,0,79,0.6,0.5,0.0,64,0
1782930869.976,7.087,113.1,79.14,0,0,83,3.6,0.5,99.0,79.15,0,0,78,0.6,0.4,92.8,79.15,0,0,81,0.6,0.4,90.5,79.14,0,0,78,0.6,0.5,0.0,64,0
1782930870.416,7.527,112.7,79.14,0,0,83,2.3,0.4,98.3,79.15,0,0,78,2.2,0.4,92.7,79.15,0,0,81,0.6,0.5,90.5,79.14,0,0,78,1.2,0.5,0.0,64,0
1782930870.859,7.970,112.7,79.14,0,0,83,0.6,0.5,98.3,79.15,0,0,78,0.6,0.5,92.7,79.15,0,0,81,2.3,2.3,90.0,79.14,0,0,78,2.7,0.4,0.0,64,0
1782930871.306,8.417,111.9,79.14,0,0,82,0.6,0.5,98.0,79.15,0,0,78,0.6,0.5,92.2,79.15,0,0,80,0.6,0.4,90.0,79.14,0,0,78,2.3,0.4,0.0,64,0
1782930871.746,8.857,111.9,79.14,0,0,82,4.8,2.2,98.0,79.15,0,0,78,2.7,0.5,92.2,79.15,0,0,80,0.7,0.5,88.2,79.14,0,0,77,0.6,0.4,0.0,64,0
1782930872.189,9.300,110.6,79.14,0,0,82,0.7,0.9,97.3,79.15,0,0,77,1.3,0.5,92.0,79.15,0,0,80,0.6,0.5,88.2,79.14,0,0,77,0.6,0.5,0.0,64,0
1782930872.628,9.738,110.6,79.14,0,0,82,2.3,0.5,97.3,79.15,0,0,77,2.3,0.4,92.0,79.15,0,0,80,0.7,2.6,87.1,79.14,0,0,77,4.6,3.7,0.0,64,0
1782930873.076,10.187,110.1,79.14,0,0,81,0.7,0.5,97.3,79.15,0,0,77,0.6,0.5,92.0,79.15,0,0,80,1.5,0.5,87.1,79.14,0,0,77,0.6,1.4,0.0,64,0
1782930873.515,10.626,110.1,79.14,0,0,81,0.8,0.8,96.6,79.15,0,0,77,2.3,0.5,91.5,79.15,0,0,80,0.6,0.7,87.1,79.14,0,0,77,5.5,0.4,0.0,64,0
1782930873.957,11.068,110.1,79.14,0,0,81,0.7,2.1,96.6,79.15,0,0,77,0.6,0.4,91.5,79.15,0,0,80,2.3,0.4,86.9,79.14,0,0,76,0.6,0.5,0.0,64,0
1782930874.398,11.508,109.2,79.14,0,0,81,0.6,0.5,95.6,79.15,0,0,76,0.6,0.5,91.4,79.15,0,0,79,0.6,0.4,86.9,79.14,0,0,76,2.3,0.4,0.0,64,0
1782930874.839,11.950,109.2,79.14,0,0,81,0.6,0.4,95.6,79.15,0,0,76,0.6,0.4,91.4,79.15,0,0,79,0.6,0.6,85.7,79.14,0,0,76,2.7,2.0,0.0,64,0
1782930875.280,12.391,108.0,79.14,0,0,80,0.6,0.5,95.2,79.15,0,0,76,0.6,0.5,91.2,79.15,0,0,79,0.6,0.5,85.7,79.14,0,0,76,0.6,0.5,0.0,64,0
1782930875.719,12.830,108.0,79.14,0,0,80,6.5,2.4,95.2,79.15,0,0,76,6.4,2.1,91.2,79.15,0,0,79,0.6,0.4,85.6,79.14,0,0,76,0.6,0.4,0.0,64,0
1782930876.160,13.271,107.5,79.14,0,0,80,0.6,0.4,94.2,79.15,0,0,75,0.6,0.4,91.1,79.15,0,0,78,2.9,0.4,85.6,79.14,0,0,76,0.6,0.4,0.0,64,0
1782930876.601,13.712,107.5,79.14,0,0,80,0.6,0.5,94.2,79.15,0,0,75,1.5,0.5,91.1,79.15,0,0,78,0.8,0.6,85.6,79.14,0,0,76,2.5,4.8,0.0,64,0
1782930877.046,14.157,106.5,79.14,0,0,80,0.6,0.5,94.2,79.15,0,0,75,0.6,0.4,91.1,79.15,0,0,78,0.7,0.5,84.6,79.14,0,0,75,0.6,0.5,0.0,64,0
1782930877.485,14.596,106.5,79.14,0,0,80,0.6,0.5,93.8,79.15,0,0,75,0.6,0.4,90.8,79.15,0,0,78,0.6,0.4,84.6,79.14,0,0,75,0.6,0.5,0.0,64,0
1782930877.926,15.037,106.5,79.14,0,0,80,2.3,2.2,93.8,79.15,0,0,75,3.0,2.0,90.8,79.15,0,0,78,0.7,0.5,84.2,79.14,0,0,75,0.6,0.4,0.0,64,0
1782930878.371,15.482,106.3,79.14,0,0,79,0.6,0.5,93.5,79.15,0,0,75,0.6,0.4,90.7,79.15,0,0,78,2.3,0.5,84.2,79.14,0,0,75,0.6,0.5,0.0,64,0
1782930878.810,15.921,106.3,79.14,0,0,79,3.2,0.7,93.5,79.15,0,0,75,1.8,0.7,90.7,79.15,0,0,78,0.9,0.6,83.7,79.14,0,0,75,2.8,0.8,0.0,64,0
1782930879.256,16.367,96.6,79.14,0,0,78,1.8,0.7,85.5,79.15,0,0,73,0.9,0.6,90.0,79.15,0,0,77,2.4,0.6,83.7,79.14,0,0,75,0.8,0.7,0.0,64,0
1782930879.701,16.812,96.6,79.14,0,0,77,3408.6,4285.9,78.4,79.15,98,57,77,10358.1,8561.6,79.2,79.15,98,56,79,7417.4,2877.7,83.8,79.14,98,54,78,9312.6,8611.0,0.0,64,0
1782930881.122,18.233,288.2,79.14,98,46,83,20706.6,17108.8,272.0,79.15,93,19,77,20704.9,17104.7,265.8,79.15,94,19,81,1.9,4.8,264.0,79.14,98,49,79,3.4,15113.0,0.0,64,0
1782930881.564,18.675,284.0,79.14,100,59,83,1.8,4.1,272.0,79.15,93,19,77,1.7,17145.4,265.8,79.15,94,19,81,20749.4,4.4,254.0,79.14,99,38,79,1.9,4.5,0.0,64,0
1782930882.010,19.121,286.3,79.14,99,53,84,6631.1,4.3,277.2,79.15,99,66,79,1.9,36.6,270.1,79.15,99,66,82,19693.0,17192.9,263.5,79.14,100,61,80,5.7,4.5,0.0,64,0
1782930882.455,19.566,286.3,79.14,99,53,84,11946.6,4.9,290.2,79.15,100,53,79,1.9,2878.5,282.9,79.15,100,57,83,19604.4,13945.6,280.6,79.14,99,56,80,2.5,4.8,0.0,64,0
1782930882.905,20.016,300.0,79.14,100,49,83,2.5,17118.1,291.6,79.15,100,48,79,20703.7,8.4,283.7,79.15,100,50,83,5.3,17209.1,273.8,79.14,99,46,80,20747.7,5.9,0.0,64,0
1782930883.359,20.470,294.9,79.14,100,47,83,3.0,17115.3,285.7,79.15,99,41,79,20704.0,6.1,278.7,79.15,99,41,83,4.3,3511.9,266.7,79.14,99,43,80,19670.6,13362.6,0.0,64,0
1782930883.800,20.911,289.2,79.14,100,37,84,20714.2,4.7,273.7,79.15,100,46,79,2.9,5.4,266.4,79.15,99,47,82,19695.9,17188.5,257.4,79.14,100,46,80,3.6,5.1,0.0,64,0
1782930884.250,21.361,290.1,79.14,100,54,84,2.7,4.6,278.2,79.15,100,51,79,2.9,17117.5,270.1,79.15,100,52,83,20746.5,5.5,263.0,79.14,100,48,81,2.0,5.0,0.0,64,0
1782930884.691,21.802,290.8,79.14,100,48,84,1.9,7.4,286.4,79.15,100,51,79,1844.9,16650.8,278.8,79.15,100,52,83,14789.2,6.7,272.7,79.14,100,50,81,2.3,4.0,0.0,64,0
1782930885.138,22.249,295.7,79.14,100,51,85,4.2,4.7,287.3,79.15,100,51,79,10309.5,16175.0,280.7,79.15,100,51,83,9983.6,4.6,273.0,79.14,100,51,80,2.3,2123.6,0.0,64,0
1782930886.047,23.158,300.5,79.14,99,51,84,2.1,17003.8,290.4,79.15,99,51,80,20222.3,4.5,284.5,79.15,99,51,84,2.7,4.7,275.4,79.14,99,55,81,20774.2,17190.0,0.0,64,0
1782930886.489,23.600,298.9,79.14,100,50,85,20708.9,17111.3,290.5,79.15,99,50,79,2.2,5.7,284.3,79.15,99,52,83,6693.8,16214.2,276.2,79.14,100,50,80,13873.9,5.7,0.0,64,0
1782930886.929,24.040,298.9,79.14,100,50,85,4.6,7.3,285.3,79.15,99,44,80,20224.6,16954.6,279.6,79.15,100,44,84,2.0,5.5,269.1,79.14,100,48,82,13250.6,16188.1,4.0,0,67
1782930887.373,24.483,296.1,79.14,100,41,85,9481.1,7818.3,282.2,79.15,100,48,79,10791.7,7906.5,276.2,79.15,100,49,83,10735.9,9485.0,258.3,79.14,56,19,79,9078.2,11519.4,1.0,5,0
1782930887.814,24.925,259.9,79.14,81,7,83,7836.5,8151.8,240.2,79.15,100,31,79,8295.8,7174.2,233.2,79.15,100,31,83,9585.9,8890.3,222.8,79.14,100,38,80,8165.4,10814.9,1.0,5,0
1782930888.259,25.370,247.9,79.14,100,40,84,9215.4,6684.5,229.0,79.15,100,42,80,8923.0,7514.3,221.8,79.15,100,43,84,7808.9,9574.6,215.1,79.14,100,43,81,8236.7,8878.3,1.0,5,0
1782930888.702,25.813,259.3,79.14,100,42,85,7555.3,8810.5,266.9,79.15,100,43,80,7776.6,6752.8,257.4,79.15,100,44,84,9598.4,8373.9,252.4,79.14,100,44,81,8802.7,9676.2,1.0,5,0
1782930889.150,26.261,283.2,79.14,100,43,85,8976.1,6776.6,271.6,79.15,100,44,80,7773.0,7892.7,264.7,79.15,100,45,84,8100.3,9253.2,254.8,79.14,100,43,81,8545.3,8946.1,1.0,5,0
1782930889.592,26.703,284.8,79.14,100,43,85,7770.7,7615.7,271.6,79.15,100,44,80,7782.9,6584.3,264.7,79.15,100,45,84,9373.7,8814.2,254.8,79.14,100,43,81,7735.3,10624.5,1.0,72,0
1782930890.035,27.145,284.7,79.14,100,44,85,8989.4,6487.0,272.0,79.15,100,43,80,7523.4,7759.9,265.3,79.15,100,44,84,8257.5,8740.0,255.0,79.14,100,44,81,9485.0,8631.8,1.0,72,0
1782930890.475,27.586,284.7,79.14,100,44,85,7871.4,6406.6,271.6,79.15,100,43,80,9075.9,7102.0,265.2,79.15,100,44,84,7717.8,9683.5,254.4,79.14,100,43,81,8286.6,8681.8,1.0,72,0
1782930890.918,28.029,284.4,79.14,100,42,85,7334.4,7370.4,271.4,79.15,100,43,80,7756.1,6758.5,265.0,79.15,100,44,85,9387.4,8148.2,254.2,79.14,100,42,81,7622.1,10207.0,1.0,72,0
1782930891.359,28.469,284.3,79.14,100,43,85,8982.0,6504.1,271.6,79.15,100,45,80,7412.7,7894.5,265.2,79.15,100,46,85,8097.6,7915.6,255.1,79.14,100,45,82,9407.9,8916.2,1.0,72,0
1782930891.800,28.910,285.7,79.14,100,43,85,7541.6,6150.7,272.7,79.15,100,45,80,9019.4,6754.8,266.9,79.15,100,46,85,7740.8,10060.8,256.8,79.14,100,44,82,8061.5,9463.1,1.0,72,0
1782930892.243,29.354,287.1,79.14,100,44,85,7296.5,7562.8,273.4,79.15,100,44,80,7735.0,6709.1,267.6,79.15,100,45,85,9392.5,8865.5,257.1,79.14,100,45,82,7742.8,10508.6,2.0,72,0
1782930892.684,29.795,287.8,79.14,100,45,85,8555.8,6668.2,274.6,79.15,100,45,80,7793.6,8279.1,268.5,79.15,100,45,85,7718.1,8545.9,258.1,79.14,100,44,82,9470.9,8541.1,2.0,72,0
1782930893.129,30.239,289.0,79.14,100,45,86,9187.9,6080.8,275.1,79.15,100,45,80,8499.3,7274.6,269.6,79.15,100,45,85,7701.3,9597.9,258.1,79.14,100,44,82,8147.0,8742.0,2.0,72,0
1782930893.572,30.683,289.0,79.14,100,44,86,7485.1,6102.0,275.1,79.15,100,45,80,9080.8,6853.3,269.6,79.15,100,45,85,8548.3,8863.1,258.9,79.14,100,44,82,7703.3,10433.1,2.0,72,0
1782930894.013,31.124,289.3,79.14,100,45,86,7284.5,7568.7,274.9,79.15,100,46,81,7618.4,6599.5,269.4,79.15,100,47,85,9467.1,8635.0,258.8,79.14,100,45,82,7745.3,10320.8,2.0,72,0
1782930894.455,31.566,289.3,79.14,100,45,86,8973.2,6257.0,275.6,79.15,100,45,81,7180.7,7589.7,270.0,79.15,100,46,85,7936.6,8326.7,259.4,79.14,100,46,82,9486.9,9120.5,2.0,72,0
1782930894.898,32.009,289.9,79.14,100,45,86,7506.5,6014.4,276.4,79.15,100,45,81,8982.4,6724.3,270.7,79.15,100,46,86,7679.1,9641.2,259.7,79.14,100,44,82,7993.6,8401.4,2.0,72,0
1782930895.340,32.450,290.2,79.14,100,45,86,7328.0,7145.0,276.9,79.15,100,46,81,7581.9,6632.7,271.3,79.15,100,46,86,9419.3,8720.2,260.5,79.14,100,46,82,7947.8,10302.3,2.0,72,0
1782930895.783,32.894,291.2,79.14,100,46,86,8017.1,6748.4,278.1,79.15,100,46,81,7416.0,7900.3,272.6,79.15,100,47,86,7782.3,8597.0,261.7,79.14,100,47,82,9627.3,8632.7,2.0,72,0
1782930896.227,33.338,292.5,79.14,100,45,86,9105.3,6082.4,278.8,79.15,100,46,81,7246.1,7821.6,273.9,79.15,100,47,86,8104.6,8699.3,262.5,79.14,100,46,83,9439.8,8664.9,2.0,72,0
1782930896.669,33.780,292.7,79.14,100,45,86,7549.2,6010.8,278.8,79.15,100,45,81,9517.6,6913.7,274.1,79.15,100,47,86,8427.8,9946.6,262.3,79.14,100,46,83,8188.6,8543.5,2.0,72,0
1782930897.119,34.230,292.7,79.14,100,45,86,7282.0,7412.7,278.0,79.15,100,45,81,7790.0,6513.5,273.7,79.15,100,46,86,9582.9,8079.6,262.3,79.14,100,46,83,7386.2,10805.6,3.0,72,0
1782930897.562,34.673,292.6,79.14,100,46,86,8978.6,6648.3,278.0,79.15,100,45,81,7422.1,7906.4,273.7,79.15,100,46,86,7813.5,8197.2,261.5,79.14,100,45,83,9581.6,10954.7,3.0,72,0
1782930898.008,35.119,292.0,79.14,100,45,86,8072.4,6115.8,278.0,79.15,100,46,81,9119.9,6928.0,273.5,79.15,100,47,86,7562.3,9682.1,261.1,79.14,100,45,83,8039.8,8394.2,3.0,72,0
1782930898.453,35.564,292.0,79.14,100,45,86,7290.3,7757.5,278.1,79.15,100,45,81,7919.4,6504.1,273.5,79.15,100,46,86,9533.7,8320.6,261.6,79.14,100,47,83,7710.8,10428.2,3.0,72,0
1782930898.895,36.006,291.9,79.14,100,44,87,8958.1,6426.4,277.9,79.15,100,46,81,7436.0,7716.1,273.5,79.15,100,47,87,7858.2,8132.0,261.1,79.14,100,46,83,9492.6,8712.3,3.0,72,0
1782930899.339,36.450,292.2,79.14,100,46,87,7765.2,6036.0,277.9,79.15,100,45,81,8966.3,6975.8,273.7,79.15,100,46,87,7692.1,9825.7,261.3,79.14,100,45,83,8264.9,8842.4,3.0,72,0
1782930899.779,36.890,292.5,79.14,100,46,87,6918.8,7568.6,277.5,79.15,100,46,81,7747.6,6541.8,273.3,79.15,100,47,87,9346.7,8565.4,261.2,79.14,100,46,83,7736.4,9874.1,3.0,72,0
1782930900.221,37.332,292.3,79.14,100,46,87,8213.7,6907.4,278.2,79.15,100,46,81,7401.7,7712.0,274.2,79.15,100,47,87,8083.3,8233.6,262.2,79.14,100,46,83,9590.8,8934.1,3.0,72,0
1782930900.661,37.772,293.2,79.14,100,45,87,8968.4,7006.1,279.7,79.15,100,47,82,7418.4,8666.0,275.4,79.15,100,48,87,7843.4,9666.5,263.2,79.14,100,46,83,8104.5,9419.5,3.0,72,0
1782930901.105,38.216,294.1,79.14,100,45,87,7673.4,6031.9,279.7,79.15,100,47,82,9321.0,6652.3,275.0,79.15,100,46,87,8898.1,8631.2,263.2,79.14,100,46,83,7818.6,10398.9,3.0,72,0
1782930901.551,38.661,293.7,79.14,100,46,87,7295.3,7748.5,279.0,79.15,100,45,82,7424.1,7698.1,275.0,79.15,100,46,87,8111.9,8269.5,262.8,79.14,100,45,83,9352.8,8514.1,3.0,72,0
1782930901.993,39.104,293.6,79.14,100,45,87,8963.6,6217.9,278.6,79.15,100,46,82,7749.8,8022.2,275.0,79.15,100,47,87,7811.1,9465.2,262.5,79.14,100,46,84,8062.2,9181.3,4.0,72,0
1782930902.439,39.550,293.6,79.14,100,45,87,7474.4,7810.5,278.8,79.15,100,47,82,7753.1,7038.1,274.7,79.15,100,48,87,9444.8,8866.7,262.6,79.14,100,46,84,7533.9,10011.6,4.0,72,0
1782930902.886,39.997,293.2,79.14,100,45,87,9000.6,6589.3,278.5,79.15,100,45,82,7307.4,7988.1,274.3,79.15,100,46,88,8245.0,7963.7,262.1,79.14,100,46,84,9555.5,9064.6,4.0,72,0
1782930903.329,40.440,293.4,79.14,100,46,87,7704.9,5964.8,278.7,79.15,100,46,82,8792.8,6871.8,274.7,79.15,100,46,88,7641.4,9878.8,262.9,79.14,100,46,84,8124.4,8484.7,4.0,72,0
1782930903.773,40.884,294.2,79.14,100,46,87,7323.2,7806.8,279.8,79.15,100,47,82,7596.7,6562.7,275.8,79.15,100,47,88,9372.5,8836.1,263.8,79.14,100,46,84,7810.3,10197.5,4.0,72,0
1782930904.221,41.332,294.7,79.14,100,45,87,8981.8,6497.3,279.6,79.15,100,46,82,7214.8,7730.4,275.9,79.15,100,47,88,8206.9,8256.3,263.5,79.14,100,46,84,9315.6,8467.3,4.0,72,0
1782930904.664,41.775,294.4,79.14,100,46,88,7700.6,6250.4,279.1,79.15,100,44,82,9044.8,7037.5,275.0,79.15,100,46,88,7688.5,9847.0,262.6,79.14,100,46,84,8430.0,8483.8,4.0,72,0
1782930905.109,42.220,293.6,79.14,100,46,88,7290.8,7577.8,279.1,79.15,100,46,82,7642.8,6719.0,274.9,79.15,100,47,88,9338.3,8237.7,262.6,79.14,100,46,84,7789.8,10299.8,4.0,72,0
1782930905.553,42.664,294.3,79.14,100,46,88,9021.8,6625.9,279.1,79.15,100,46,82,7260.9,7701.7,274.9,79.15,100,47,88,8028.2,8046.7,263.1,79.14,100,46,84,9472.0,8794.1,4.0,72,0
1782930905.994,43.105,295.2,79.14,100,46,88,7978.1,6042.0,279.9,79.15,100,47,82,9049.7,6757.7,276.0,79.15,100,47,88,7682.0,9698.8,264.2,79.14,100,46,84,8294.1,8018.4,4.0,72,0
1782930906.438,43.549,295.2,79.14,100,46,88,7463.6,5915.8,280.4,79.15,100,47,82,8585.7,6494.5,276.9,79.15,100,48,88,8811.9,8689.1,265.1,79.14,100,47,84,7769.2,10040.5,5.0,72,0
1782930906.883,43.994,295.9,79.14,100,46,88,7301.6,7995.6,280.8,79.15,100,46,82,7558.7,8926.2,277.5,79.15,100,47,89,8096.8,7863.1,265.0,79.14,100,46,84,9400.2,9189.6,5.0,72,0
1782930907.328,44.439,295.9,79.14,100,46,88,9355.7,6381.8,280.7,79.15,100,45,82,7776.7,7841.9,277.3,79.15,100,46,89,7737.6,9857.1,264.4,79.14,100,46,84,8213.6,8695.3,5.0,72,0
1782930907.771,44.881,295.6,79.14,100,46,88,7594.9,5966.7,280.4,79.15,100,47,83,9168.3,6759.5,277.0,79.15,100,47,88,8694.0,8802.1,264.1,79.14,100,45,84,7790.0,10162.5,5.0,72,0
1782930908.214,45.325,295.1,79.14,100,45,88,7243.2,7428.6,280.8,79.15,100,47,82,7620.5,6427.6,277.6,79.15,100,48,89,9525.2,8249.3,264.7,79.14,100,47,84,7669.9,10372.5,5.0,72,0
1782930908.656,45.766,295.6,79.14,100,46,88,8872.8,6790.6,281.6,79.15,100,47,83,7372.5,8020.1,278.5,79.15,100,48,89,8232.6,8154.7,266.2,79.14,100,47,85,9650.2,8570.3,5.0,72,0
1782930909.099,46.210,297.2,79.14,100,47,88,7886.9,6184.0,281.6,79.15,100,47,83,9017.9,7124.2,279.1,79.15,100,47,89,7645.0,9765.2,266.2,79.14,100,47,85,8221.8,8369.3,5.0,72,0
1782930909.543,46.654,297.5,79.14,100,46,88,7287.4,7610.0,282.0,79.15,100,46,83,7886.6,6621.1,279.1,79.15,100,47,89,9421.1,8460.9,266.5,79.14,100,46,85,7729.9,10789.8,5.0,72,0
1782930909.985,47.096,297.5,79.14,100,46,88,8990.5,6315.9,281.4,79.15,100,47,83,7363.1,7856.0,278.7,79.15,100,47,89,8055.6,8414.1,265.5,79.14,100,46,85,9557.1,8656.6,5.0,72,0
1782930910.427,47.538,296.2,79.14,100,45,88,8028.3,6140.7,280.7,79.15,100,46,83,8838.4,7067.0,278.0,79.15,100,47,89,7548.9,9593.5,264.3,79.14,100,45,85,8117.6,8344.2,5.0,72,0
1782930910.871,47.982,295.3,79.14,100,45,89,7520.5,6757.1,280.1,79.15,100,47,83,8272.3,6930.7,277.1,79.15,100,48,89,9527.6,8177.5,264.0,79.14,100,46,85,7767.1,10646.1,5.0,72,0
1782930911.315,48.426,295.6,79.14,100,46,89,8974.5,6268.9,279.8,79.15,100,45,83,7255.4,7871.0,277.0,79.15,100,46,89,8074.8,8127.7,263.8,79.14,100,46,85,9450.4,8406.5,6.0,72,0
1782930911.758,48.868,295.7,79.14,100,46,89,7891.0,6057.8,280.0,79.15,100,45,83,9121.1,6963.4,277.5,79.15,100,46,89,7639.3,9432.7,263.9,79.14,100,46,85,8155.4,8386.9,6.0,72,0
1782930912.203,49.314,295.8,79.14,100,46,89,7483.3,7600.7,281.2,79.15,100,47,83,7671.1,7121.9,278.5,79.15,100,49,90,9357.5,8368.2,265.2,79.14,100,47,85,7713.5,10358.0,6.0,72,0
1782930912.649,49.760,296.6,79.14,100,45,89,8233.8,6654.9,280.8,79.15,100,45,83,7614.4,8127.6,278.5,79.15,100,46,90,7989.5,9363.2,264.8,79.14,100,47,85,9488.0,8627.7,6.0,72,0
1782930913.094,50.205,296.5,79.14,100,47,89,8951.4,6177.2,280.8,79.15,100,45,83,7397.3,8211.6,278.5,79.15,100,46,90,7883.3,9271.9,264.8,79.14,100,47,85,8177.1,8490.7,6.0,72,0
1782930913.536,50.647,297.2,79.14,100,47,89,7679.4,6014.0,281.2,79.15,100,45,83,9050.2,7107.8,278.6,79.15,100,47,90,7703.1,9858.1,264.9,79.14,100,47,85,8011.6,8368.0,6.0,72,0
1782930913.979,51.089,297.2,79.14,100,47,89,7349.0,7600.2,281.8,79.15,100,46,83,7762.4,6797.0,279.5,79.15,100,46,90,9349.9,8129.1,265.9,79.14,100,46,85,7527.9,10472.4,6.0,72,0
1782930914.420,51.531,297.7,79.14,100,46,89,8967.7,6528.5,281.8,79.15,100,47,83,7238.3,8154.5,279.9,79.15,100,48,90,8056.7,7772.4,265.8,79.14,100,47,85,9489.3,8807.6,6.0,72,0
1782930914.861,51.972,297.5,79.14,100,45,89,7704.2,6312.8,282.2,79.15,100,48,83,9046.2,7304.8,280.3,79.15,100,49,90,8118.0,9553.5,266.6,79.14,100,48,85,8057.2,8407.6,6.0,72,0
1782930915.306,52.417,298.1,79.14,100,45,89,7221.6,7477.4,282.1,79.15,100,45,83,8066.6,6606.8,280.3,79.15,100,46,90,9295.1,8284.6,266.1,79.14,100,46,86,7658.8,10602.1,6.0,72,0
1782930915.749,52.860,297.9,79.14,100,45,89,10850.0,6217.7,281.5,79.15,100,46,83,9071.9,6948.2,279.6,79.15,100,47,90,7674.0,9768.2,264.1,79.14,100,46,85,8119.0,8977.9,6.0,72,0
1782930916.198,53.309,296.2,79.14,100,46,89,7522.3,7408.9,280.9,79.15,100,46,83,7735.0,6629.5,279.2,79.15,100,48,90,9291.6,8528.9,264.8,79.14,100,46,85,7733.6,10480.4,7.0,72,0
1782930916.643,53.754,296.6,79.14,100,46,89,8813.4,6365.6,281.0,79.15,100,45,83,7598.2,7916.2,279.1,79.15,100,47,90,8431.5,7915.2,265.3,79.14,100,46,86,9504.9,8687.0,7.0,72,0
1782930917.087,54.198,296.9,79.14,100,46,89,8027.0,6112.8,281.0,79.15,100,45,83,9045.8,7269.9,279.1,79.15,100,47,90,7761.5,10017.0,265.3,79.14,100,46,86,8224.7,8318.1,7.0,72,0
1782930917.530,54.641,296.1,79.14,100,45,89,7301.4,7519.8,281.0,79.15,100,46,83,8040.2,6582.7,279.3,79.15,100,47,90,9492.6,8662.0,265.1,79.14,100,45,86,7724.4,10630.1,7.0,72,0
1782930917.972,55.083,296.1,79.14,100,45,89,9373.0,6466.5,280.6,79.15,100,46,83,7411.0,7843.7,279.3,79.15,100,48,90,8080.9,7957.8,264.9,79.14,100,46,86,9578.6,9228.2,7.0,72,0
1782930918.416,55.527,295.8,79.14,100,45,90,8022.1,6224.5,279.8,79.15,100,45,84,8856.7,6807.9,278.3,79.15,100,47,90,7669.1,9849.8,264.2,79.14,100,47,86,8368.8,8270.9,7.0,72,0
1782930918.859,55.970,296.0,79.14,100,47,90,7284.5,7531.8,280.4,79.15,100,45,84,7934.1,6607.7,279.0,79.15,100,46,90,11104.1,9488.4,265.0,79.14,100,46,86,9486.3,8898.1,7.0,72,0
1782930919.308,56.419,296.6,79.14,100,46,90,9281.1,6446.9,281.5,79.15,100,46,84,8632.2,7209.6,279.9,79.15,100,47,90,7648.1,9357.9,265.8,79.14,100,46,86,8100.1,8584.3,7.0,72,0
1782930919.750,56.861,296.9,79.14,100,44,90,7605.4,7368.6,281.0,79.15,100,46,84,7765.9,6663.4,279.7,79.15,100,48,91,9362.5,8456.0,265.7,79.14,100,46,86,7922.0,10340.2,7.0,72,0
1782930920.197,57.308,296.6,79.14,100,45,90,9184.8,6732.5,280.7,79.15,100,45,84,7590.0,7888.0,278.9,79.15,100,46,91,8279.6,8442.7,264.9,79.14,100,45,86,9537.1,8812.0,7.0,72,0
1782930920.641,57.752,297.1,79.14,100,46,90,7693.7,6073.3,280.8,79.15,100,46,84,8999.2,6986.0,278.7,79.15,100,47,90,8475.3,9926.8,264.3,79.14,100,46,86,8015.5,8289.1,7.0,72,0
1782930921.086,58.197,296.3,79.14,100,45,90,7343.1,7932.2,280.8,79.15,100,46,84,7756.2,6711.7,278.7,79.15,100,47,90,9606.3,8293.7,264.3,79.14,100,46,86,7466.4,10938.5,8.0,72,0
1782930921.529,58.640,297.6,79.14,100,47,90,9039.6,6413.7,281.0,79.15,100,47,84,7186.2,7873.6,279.0,79.15,100,48,91,8019.7,8349.3,265.4,79.14,100,47,86,9564.3,8347.0,8.0,72,0
1782930921.970,59.081,297.6,79.14,100,47,90,7839.4,6004.1,283.0,79.15,100,46,84,8894.1,7172.2,280.6,79.15,100,47,91,7526.0,9905.4,267.5,79.14,100,47,86,8207.5,8496.3,8.0,72,0
1782930922.413,59.524,300.1,79.14,100,47,90,7301.8,7525.8,284.4,79.15,100,47,84,7543.5,6591.9,282.4,79.15,100,48,91,9340.8,8559.3,268.3,79.14,100,46,86,7729.2,10605.0,8.0,72,0
1782930922.855,59.966,299.7,79.14,100,47,90,9364.3,6462.2,284.5,79.15,100,47,84,7289.6,8021.6,282.4,79.15,100,48,91,8242.5,8448.9,268.1,79.14,100,47,86,9492.2,8702.8,8.0,72,0
1782930923.298,60.409,299.5,79.14,100,46,90,8321.6,6253.7,283.6,79.15,100,47,84,9096.6,6812.3,281.5,79.15,100,48,91,7679.7,9837.2,267.5,79.14,100,47,86,8158.1,8538.8,8.0,72,0
1782930923.740,60.851,299.0,79.14,100,46,90,7825.8,7826.2,283.0,79.15,100,46,84,7747.3,6507.3,280.8,79.15,100,47,91,9355.3,8768.6,266.9,79.14,100,46,86,7759.1,10492.7,8.0,72,0
1782930924.185,61.296,298.8,79.14,100,47,90,8325.0,6764.7,283.0,79.15,100,47,84,7394.7,7859.7,280.7,79.15,100,47,91,8014.9,8144.6,266.6,79.14,100,45,86,9348.4,9307.2,8.0,72,0
1782930924.628,61.739,298.9,79.14,100,47,90,9021.4,6556.8,283.5,79.15,100,47,84,7481.2,8045.5,281.2,79.15,100,48,91,7830.0,9491.0,266.6,79.14,100,45,86,8135.7,8982.2,8.0,72,0
1782930925.072,62.183,299.4,79.14,100,45,90,7655.5,7233.5,283.5,79.15,100,47,84,7902.9,6795.7,281.2,79.15,100,48,91,9549.2,8853.5,267.6,79.14,100,47,87,7846.8,10596.9,8.0,72,0
1782930925.515,62.626,299.0,79.14,100,46,90,9036.5,6430.5,283.2,79.15,100,47,84,7368.0,8336.8,281.0,79.15,100,48,91,8124.4,8133.0,267.4,79.14,100,46,87,9437.2,9347.6,8.0,72,0
1782930925.957,63.067,299.0,79.14,100,46,90,7857.2,6175.2,282.3,79.15,100,45,84,9109.0,6877.5,280.3,79.15,100,46,91,7842.1,9843.6,266.4,79.14,100,46,87,8382.4,8692.4,9.0,72,0
1782930926.400,63.511,298.5,79.14,100,46,91,7518.8,7476.3,282.2,79.15,100,46,84,7902.0,6688.6,279.8,79.15,100,47,91,9475.7,8543.5,266.0,79.14,100,47,87,7775.0,10561.4,9.0,72,0
1782930926.844,63.955,299.0,79.14,100,47,91,8910.4,6329.8,283.0,79.15,100,46,84,7286.7,7865.0,280.6,79.15,100,47,91,8231.8,8300.5,267.4,79.14,100,48,87,9591.6,9185.5,9.0,72,0
1782930927.287,64.398,299.6,79.14,100,45,91,7648.9,6116.4,283.6,79.15,100,46,85,9075.6,7214.3,281.1,79.15,100,47,91,7755.4,9478.7,267.8,79.14,100,47,87,8048.1,8892.7,9.0,72,0
1782930927.727,64.838,300.0,79.14,100,47,91,7349.7,7012.2,283.4,79.15,100,46,85,8052.7,6883.3,280.8,79.15,100,47,91,9455.1,8805.4,267.7,79.14,100,46,87,7809.1,10330.0,9.0,72,0
1782930928.170,65.281,299.7,79.14,100,46,91,8278.6,6769.8,283.2,79.15,100,47,85,7392.4,7841.9,280.7,79.15,100,48,91,8080.4,8351.6,267.4,79.14,100,48,87,9544.0,8941.1,9.0,72,0
1782930928.610,65.721,299.4,79.14,100,45,91,9182.0,6324.4,282.8,79.15,100,46,85,8388.6,7335.4,280.2,79.15,100,48,91,7899.4,10154.0,267.4,79.14,100,48,87,8817.7,8393.2,9.0,72,0
1782930929.056,66.167,299.9,79.14,100,47,91,7485.5,7384.3,282.8,79.15,100,46,85,7787.2,6642.5,280.2,79.15,100,48,91,9263.5,8656.1,267.4,79.14,100,47,87,7724.3,10873.8,9.0,72,0
1782930929.501,66.612,300.5,79.14,100,47,91,8937.3,6316.7,283.4,79.15,100,46,85,7560.8,7753.6,280.9,79.15,100,47,91,7842.0,7807.8,268.2,79.14,100,47,87,9582.2,8666.7,9.0,72,0
1782930929.944,67.054,300.5,79.14,100,47,91,8983.4,7125.0,283.8,79.15,100,46,85,9095.2,7219.7,281.1,79.15,100,47,91,7516.3,9743.6,268.3,79.14,100,46,87,7926.6,8656.2,9.0,72,0
1782930930.394,67.505,300.0,79.14,100,46,91,7100.9,7403.7,284.1,79.15,100,47,85,8148.8,6882.7,281.1,79.15,100,49,91,9327.3,8729.6,268.5,79.14,100,47,87,7725.1,10509.2,9.0,72,0
1782930930.837,67.948,299.7,79.14,100,46,91,8967.4,6507.1,284.0,79.15,100,47,85,7306.5,8037.2,280.6,79.15,100,48,91,8297.1,8022.2,268.1,79.14,100,46,87,9690.8,8725.1,10.0,72,0
1782930931.279,68.390,299.9,79.14,100,47,91,7829.0,6136.5,283.6,79.15,100,45,85,8958.1,6955.5,279.7,79.15,100,46,91,7623.5,9831.6,267.3,79.14,100,46,87,8017.8,8198.1,10.0,72,0
1782930931.722,68.833,299.4,79.14,100,46,91,8935.8,7507.0,283.0,79.15,100,46,85,7725.2,7202.6,279.2,79.15,100,48,90,8847.2,8668.5,267.1,79.14,100,47,87,9500.9,8998.6,10.0,72,0
1782930932.174,69.285,299.4,79.14,100,45,91,8193.9,6290.3,283.1,79.15,100,46,85,8905.1,6917.6,279.5,79.15,100,47,90,7860.5,9653.6,267.7,79.14,100,48,87,7976.1,8699.6,10.0,72,0
1782930932.617,69.728,299.8,79.14,100,47,91,7295.7,7653.6,283.5,79.15,100,45,85,7939.6,6649.9,279.9,79.15,100,47,91,9460.9,10741.4,267.7,79.14,100,48,87,7858.4,10249.1,10.0,72,0
1782930933.519,70.629,300.1,79.14,100,46,91,7345.6,6036.1,283.7,79.15,100,46,85,8957.3,6765.4,280.0,79.15,100,47,90,7544.9,9903.5,268.2,79.14,100,47,87,7920.4,10037.5,10.0,72,0
1782930933.961,71.072,300.1,79.14,100,46,91,7071.1,7397.5,284.6,79.15,100,47,85,7651.1,6579.3,280.5,79.15,100,49,90,9537.4,8312.2,268.7,79.14,100,47,87,7420.4,10400.2,10.0,72,0
1782930934.404,71.515,300.1,79.14,100,46,91,8797.9,6339.6,284.8,79.15,100,47,85,7273.5,7770.0,280.7,79.15,100,49,91,8121.5,8892.6,269.9,79.14,100,49,88,9356.4,8691.5,10.0,72,0
1782930934.848,71.959,300.6,79.14,100,47,91,7635.4,6089.5,285.5,79.15,100,46,85,8903.8,6854.5,281.6,79.15,100,47,91,7754.8,9601.1,270.0,79.14,100,48,88,8225.9,8811.6,10.0,72,0
1782930935.290,72.401,300.6,79.14,100,48,91,7622.1,6547.9,285.6,79.15,100,46,85,8354.4,7073.8,281.5,79.15,100,47,91,9387.0,9016.9,270.1,79.14,100,47,88,7789.5,10178.9,10.0,72,0
1782930935.736,72.846,299.9,79.14,100,47,91,8720.3,7045.3,285.9,79.15,100,48,85,7278.5,8179.9,281.4,79.15,100,49,90,8123.8,7746.5,269.7,79.14,100,47,88,9519.6,8988.0,11.0,72,0
1782930936.183,73.294,299.9,79.14,100,47,91,9132.3,6164.7,285.7,79.15,100,46,85,8347.1,7087.4,280.9,79.15,100,48,90,7746.0,9728.8,269.8,79.14,100,48,88,7989.5,8624.7,11.0,72,0
1782930936.625,73.736,299.7,79.14,100,46,91,7798.0,5821.7,285.6,79.15,100,47,86,9059.2,7036.3,280.7,79.15,100,48,90,11074.3,8717.8,269.8,79.14,100,48,88,8524.4,10595.1,11.0,72,0
1782930937.076,74.187,299.7,79.14,100,47,91,7378.3,7619.1,285.6,79.15,100,47,86,7388.7,8018.5,280.7,79.15,100,48,90,7918.7,8196.1,269.5,79.14,100,47,88,9276.0,9240.8,11.0,72,0
1782930937.518,74.628,300.2,79.14,100,48,91,8959.6,6446.7,285.0,79.15,100,46,86,7328.5,8274.0,280.6,79.15,100,47,91,7906.9,8431.6,269.6,79.14,100,47,88,9526.9,9010.8,11.0,72,0
1782930937.960,75.071,300.2,79.14,100,48,91,7871.5,6032.6,285.7,79.15,100,48,86,8898.9,7463.6,281.0,79.15,100,48,91,7725.6,9942.8,269.9,79.14,100,47,88,8084.0,8573.6,11.0,72,0
1782930938.403,75.514,300.2,79.14,100,47,91,7330.1,7639.9,286.1,79.15,100,47,86,7656.4,6716.7,281.5,79.15,100,48,90,9229.7,9200.3,270.6,79.14,100,47,88,7664.2,10618.7,11.0,72,0
1782930938.848,75.959,300.1,79.14,100,47,91,7957.3,6792.7,286.5,79.15,100,47,86,7520.1,7663.6,281.7,79.15,100,49,90,7895.6,8324.9,270.8,79.14,100,48,88,9773.8,8944.2,11.0,72,0
1782930939.292,76.403,300.1,79.14,100,46,91,8872.8,6407.3,286.2,79.15,100,47,86,7474.1,8319.8,281.4,79.15,100,49,90,8033.0,8453.3,271.0,79.14,100,48,88,9578.7,8357.1,11.0,72,0
1782930939.735,76.846,299.7,79.14,100,47,92,8499.2,6294.2,286.5,79.15,100,47,86,9325.8,7051.1,281.2,79.15,100,48,90,7700.7,10490.1,270.6,79.14,100,48,88,8002.9,9845.0,11.0,72,0
1782930940.183,77.294,299.9,79.14,100,47,92,7291.9,7437.6,286.8,79.15,100,47,86,7802.7,6660.0,281.3,79.15,100,47,90,9453.5,9020.4,270.7,79.14,100,47,88,7802.9,10687.3,11.0,72,0
1782930940.626,77.737,300.0,79.14,100,48,91,9165.3,6395.0,286.7,79.15,100,48,86,7273.9,7984.4,281.5,79.15,100,49,90,8140.4,8228.7,270.7,79.14,100,47,88,9939.3,9308.5,12.0,72,0
1782930941.080,78.191,299.7,79.14,100,46,91,7383.1,5723.0,286.7,79.15,100,48,86,9145.1,7134.4,281.5,79.15,100,49,90,7545.3,10115.7,270.8,79.14,100,47,88,7758.9,10467.8,12.0,72,0
1782930941.523,78.634,299.7,79.14,100,46,92,7286.0,7505.4,286.5,79.15,100,48,86,7555.5,6535.8,281.3,79.15,100,49,90,9425.2,8495.8,270.8,79.14,100,48,88,7743.2,11099.9,12.0,72,0
1782930941.965,79.076,299.7,79.14,100,46,92,8700.8,6166.4,286.4,79.15,100,48,86,7253.8,8093.5,281.1,79.15,100,49,90,8003.4,8449.6,270.6,79.14,100,47,88,9659.7,8855.3,12.0,72,0
1782930942.412,79.523,300.1,79.14,100,47,92,7647.0,6014.1,286.8,79.15,100,47,86,9167.6,6931.4,281.4,79.15,100,48,90,7567.7,10252.8,271.1,79.14,100,48,88,8089.5,8745.0,12.0,72,0
1782930942.855,79.966,300.6,79.14,100,48,91,7309.8,5963.7,287.5,79.15,100,47,86,8137.6,7091.6,281.9,79.15,100,48,90,8484.8,9352.7,271.8,79.14,100,47,88,7769.2,10288.2,12.0,72,0
1782930943.296,80.407,300.6,79.14,100,48,91,7282.8,7594.4,287.8,79.15,100,47,86,7780.3,6858.8,282.2,79.15,100,48,90,9476.1,8683.7,272.0,79.14,100,47,88,7599.5,10769.4,12.0,72,0
1782930943.738,80.849,299.7,79.14,100,47,91,9352.9,6565.1,287.1,79.15,100,47,86,7261.2,8079.5,281.6,79.15,100,48,90,8068.8,8199.4,271.0,79.14,100,48,88,9376.9,8896.7,12.0,72,0
1782930944.184,81.294,299.4,79.14,100,46,91,7631.3,6094.1,286.8,79.15,100,47,86,8947.7,6968.4,280.8,79.15,100,48,90,7566.1,10074.8,270.7,79.14,100,47,88,8224.8,8565.7,12.0,72,0
1782930944.626,81.736,299.7,79.14,100,46,92,7607.8,7465.0,287.2,79.15,100,47,86,8234.0,6740.1,281.1,79.15,100,48,90,9796.6,9005.6,270.7,79.14,100,47,88,9826.0,11008.4,12.0,72,0
1782930945.080,82.190,299.9,79.14,100,47,92,8988.9,6464.7,287.2,79.15,100,47,86,7391.3,7932.0,281.1,79.15,100,48,90,8308.4,8123.1,270.7,79.14,100,47,88,9511.2,8854.0,12.0,72,0
1782930945.528,82.638,299.9,79.14,100,47,91,7960.3,6168.6,286.7,79.15,100,46,86,8955.9,6960.6,281.0,79.15,100,47,90,7684.9,9957.2,270.1,79.14,100,46,88,7952.3,8701.4,13.0,72,0
1782930945.970,83.080,299.9,79.14,100,47,91,7375.4,7613.2,286.5,79.15,100,46,86,7663.6,6703.3,280.7,79.15,100,47,90,9465.1,8794.1,269.8,79.14,100,47,88,7738.7,10748.1,13.0,72,0
1782930946.416,83.527,299.8,79.14,100,46,91,8827.1,6579.2,286.4,79.15,100,47,86,7276.8,7900.3,280.9,79.15,100,49,90,8109.6,8644.6,270.1,79.14,100,48,88,9586.3,9024.4,13.0,72,0
1782930946.858,83.969,300.0,79.14,100,46,92,7669.3,6305.4,286.4,79.15,100,47,87,8911.2,7254.2,280.3,79.15,100,48,90,7711.0,11344.0,269.9,79.14,100,47,88,8102.3,10465.8,13.0,72,0
1782930947.309,84.420,300.2,79.14,100,47,92,6991.9,7413.7,286.4,79.15,100,46,87,7647.4,6823.6,280.4,79.15,100,47,90,9402.7,8559.2,269.7,79.14,100,46,88,7879.9,10623.9,13.0,72,0
1782930947.752,84.863,300.1,79.14,100,47,91,10617.2,6232.7,286.2,79.15,100,47,86,8724.5,7787.3,280.1,79.15,100,48,90,7734.5,9586.1,269.7,79.14,100,47,88,8137.7,8225.0,13.0,72,0
1782930948.207,85.318,299.8,79.14,100,47,92,7442.4,7294.0,286.8,79.15,100,47,87,7773.2,6641.7,280.7,79.15,100,48,90,9314.8,8465.7,270.1,79.14,100,47,88,7834.8,11165.1,13.0,72,0
1782930948.649,85.760,299.6,79.14,100,45,92,8955.5,6338.7,286.4,79.15,100,46,87,7374.5,7871.7,280.4,79.15,100,48,90,8344.0,8453.1,269.8,79.14,100,47,88,9545.4,8926.9,13.0,72,0
1782930949.098,86.209,300.1,79.14,100,46,92,7848.5,5890.9,286.4,79.15,100,46,87,9021.5,7375.9,280.4,79.15,100,48,90,7762.3,9698.9,269.8,79.14,100,47,88,8314.5,8711.3,13.0,72,0
1782930949.542,86.653,291.1,79.14,35,17,91,5178.4,4283.6,286.3,79.15,100,46,87,10359.3,6006.6,280.4,79.15,100,48,90,1881.2,8450.0,270.0,79.14,100,46,88,10385.7,2866.8,,,
1782930950.962,88.073,286.7,79.14,98,48,92,5995.7,8285.6,288.5,79.15,98,44,87,24063.6,18060.8,282.5,79.15,98,48,90,23877.7,16896.9,273.0,79.14,98,45,88,23249.0,16735.5,13.0,72,0
1782930951.413,88.524,297.8,79.14,98,42,91,1.7,4.0,277.9,79.15,100,13,87,515.7,17106.3,270.5,79.15,100,13,90,20752.4,4.2,265.9,79.14,100,64,89,2.5,4.2,13.0,72,0
1782930951.855,88.966,288.5,79.14,100,52,92,20654.4,4.8,282.6,79.15,100,59,88,3.7,4.5,277.6,79.15,100,63,91,3369.9,15779.6,270.2,79.14,100,65,89,18022.6,4.5,13.0,72,0
1782930952.298,89.409,289.8,79.14,100,50,91,8434.4,15810.9,298.8,79.15,100,49,87,12968.1,4.7,286.2,79.15,100,49,91,2.5,506.4,283.3,79.14,100,46,87,19705.8,17196.8,13.0,72,0
1782930952.739,89.850,301.0,79.14,99,47,91,20711.5,17112.4,299.9,79.15,100,47,87,6.7,8.0,294.0,79.15,100,48,90,17036.5,15347.5,283.3,79.14,100,45,89,4667.5,5.4,13.0,72,0
1782930953.186,90.297,298.0,79.14,99,45,91,2.3,14912.7,293.6,79.15,100,41,87,18848.6,2855.7,286.6,79.15,100,45,90,2.2,1209.9,274.4,79.14,100,43,89,19655.0,15994.7,13.0,72,0
1782930953.626,90.737,297.4,79.14,100,42,92,10871.9,5.1,286.3,79.15,100,47,88,2.4,9507.5,278.3,79.15,100,47,91,25389.5,2340.8,274.4,79.14,100,43,89,9.5,1988.5,13.0,72,0
1782930954.078,91.189,300.7,79.14,100,49,92,3.6,4.6,286.3,79.15,100,47,88,14723.4,15875.0,278.3,79.15,100,47,91,5854.1,4.9,267.6,79.14,100,45,88,2.0,14397.4,13.0,72,0
1782930954.520,91.631,299.5,79.14,100,48,90,2.4,4.2,289.9,79.15,100,51,87,20227.9,17109.3,282.1,79.15,100,50,90,3.9,4.8,275.3,79.14,100,46,89,1.9,14829.0,13.0,72,0
1782930954.962,92.073,299.5,79.14,100,48,90,1.9,7.4,294.0,79.15,100,50,87,11480.2,15587.6,285.6,79.15,100,50,89,9453.8,4.7,278.6,79.14,100,48,87,3.6,1687.8,13.0,72,0
1782930955.405,92.516,301.7,79.14,100,53,91,2.4,4.5,295.9,79.15,99,54,88,511.7,16933.8,287.8,79.15,99,54,91,19867.8,4.8,279.4,79.14,100,57,89,2.0,4.2,13.0,72,0
1782930955.846,92.957,300.0,79.14,100,49,92,2.3,4.4,295.9,79.15,99,46,87,492.7,17145.7,287.6,79.15,100,46,91,20748.2,4.9,278.6,79.14,100,47,89,6.5,6.7,13.0,72,0
1782930956.289,93.400,299.2,79.14,99,52,91,1.9,4.6,296.1,79.15,99,52,88,495.5,17134.4,288.0,79.15,100,52,91,20747.8,4.9,279.2,79.14,100,56,89,2.6,4.4,13.0,72,0
1782930956.730,93.841,299.5,79.14,100,46,91,5.3,17117.5,295.5,79.15,100,46,87,18873.2,8.1,287.3,79.15,100,47,89,2.2,12077.3,278.1,79.14,100,45,88,21483.4,1113.2,13.0,72,0
1782930957.182,94.293,296.4,79.14,100,46,92,4.4,5.7,290.1,79.15,99,46,86,15446.8,21470.7,281.4,79.15,100,47,89,20743.4,17195.4,272.6,79.14,100,43,89,20757.7,18821.8,4.0,0,67
1782930957.626,94.737,290.5,79.14,99,14,92,13047.9,3.8,284.4,79.15,100,56,88,1.6,4.0,275.9,79.15,100,59,91,16882.0,15502.6,272.6,79.14,100,43,89,4708.7,7.2,4.0,0,67
1782930958.072,95.183,292.7,79.14,99,52,92,676.0,16477.2,284.4,79.15,100,56,88,20218.0,4.6,275.9,79.15,100,59,91,1.9,4.7,268.4,79.14,100,63,89,16584.1,15424.4,4.0,0,67
1782930958.514,95.625,302.2,79.14,100,50,91,2.1,4.5,288.9,79.15,100,49,88,20732.7,17107.8,282.5,79.15,100,52,91,6.6,4.8,273.9,79.14,100,51,88,2.2,16399.0,4.0,0,67
1782930958.959,96.069,302.2,79.14,100,50,91,2.5,13541.6,301.8,79.15,100,47,88,18969.1,4211.6,293.8,79.15,99,50,90,2.2,488.1,282.8,79.14,100,45,87,19701.4,17207.1,4.0,0,67
1782930959.400,96.511,300.9,79.14,100,53,92,3527.3,5.6,295.7,79.15,100,46,88,491.3,17110.0,286.4,79.15,100,45,91,20748.3,5.9,276.3,79.14,100,45,88,2.1,14376.1,4.0,0,67
1782930959.841,96.952,297.1,79.14,100,39,91,20710.5,17108.6,290.0,79.15,100,43,88,1.9,5.2,280.7,79.15,100,45,90,2.2,17221.9,271.2,79.14,100,46,88,19397.2,7.7,4.0,0,67
1782930960.289,97.400,295.3,79.14,100,45,92,8287.4,14497.8,289.0,79.15,99,45,87,14488.2,4.5,278.5,79.15,99,45,90,2.9,488.8,267.1,79.14,100,32,87,18450.2,15973.6,4.0,0,67
1782930960.731,97.842,280.1,79.14,100,43,90,846.7,22108.4,285.7,79.15,100,47,88,7507.2,7.0,276.3,79.15,100,47,90,2.3,3781.4,267.5,79.14,100,44,88,18684.9,14005.0,4.0,0,67
1782930961.182,98.293,277.5,79.14,100,50,91,2736.6,15877.4,287.0,79.15,100,48,88,18365.4,4.5,278.5,79.15,99,50,91,2.7,4.4,268.9,79.14,100,48,87,20788.3,17191.4,4.0,0,67
1782930961.623,98.734,290.4,79.14,100,47,91,1.8,17114.7,296.6,79.15,100,49,88,20704.8,4.6,287.0,79.15,99,50,90,3.6,7.3,268.9,79.14,100,48,87,14509.6,15613.5,4.0,0,67
1782930962.066,99.177,300.4,79.14,99,50,92,1.8,17111.3,296.6,79.15,100,49,88,20705.5,4.7,287.0,79.15,99,50,90,1.9,5.1,279.3,79.14,100,49,88,18770.1,15232.9,4.0,0,67
1782930962.509,99.620,299.5,79.14,99,48,91,1.8,17116.1,297.4,79.15,100,48,88,20704.4,5.1,287.6,79.15,100,50,91,1.9,4.2,279.2,79.14,100,50,87,20292.8,17191.0,4.0,0,67
1782930962.950,100.061,299.5,79.14,99,48,91,22514.2,1565.4,296.8,79.15,100,46,88,5.3,498.9,287.6,79.15,100,46,90,19499.4,16470.3,277.4,79.14,99,48,88,4.2,5.5,4.0,0,67
1782930963.394,100.505,298.0,79.14,100,45,91,2.8,17119.4,296.5,79.15,99,47,88,20703.2,5.8,286.5,79.15,99,48,90,2.1,13444.4,275.4,79.14,100,40,88,24099.3,17190.7,8.0,1,61
1782930963.838,100.949,297.5,79.14,100,44,91,2.4,6422.7,281.1,79.15,99,12,86,18900.8,11381.1,272.5,79.15,98,13,89,1.8,4.8,261.6,79.14,100,52,88,5.2,17277.7,8.0,1,61
1782930964.287,101.398,292.5,79.14,100,59,91,3.4,4.2,288.0,79.15,100,69,88,3.1,6096.3,279.1,79.15,100,69,91,18715.2,11387.5,270.6,79.14,100,63,89,1.9,4.5,8.0,1,61
1782930964.728,101.839,292.6,79.14,100,51,91,20653.8,13.6,291.7,79.15,100,56,88,5.2,7.5,292.1,79.15,100,59,91,15215.1,15757.1,285.8,79.14,100,59,89,6010.1,4.5,8.0,1,61
1782930965.178,102.289,301.3,79.14,99,49,91,20512.4,5.9,298.7,79.15,99,47,87,4.6,340.6,288.3,79.15,99,47,91,19466.4,16679.5,279.0,79.14,100,45,88,2.2,5.8,8.0,1,61
1782930965.620,102.731,298.2,79.14,100,46,90,3298.6,15868.3,295.9,79.15,100,43,87,17691.3,5.6,284.5,79.15,100,45,90,4.6,15490.5,279.0,79.14,100,45,88,18770.4,1916.0,8.0,1,61
1782930966.061,103.172,297.8,79.14,100,43,91,2.4,5.1,295.9,79.15,100,43,87,12611.8,15817.8,284.5,79.15,100,45,90,8147.4,5.3,274.7,79.14,100,43,88,3.6,12189.1,8.0,1,61
1782930966.503,103.614,299.9,79.14,100,47,91,1.9,6100.8,290.9,79.15,99,46,88,19075.8,11404.3,280.9,79.15,99,46,91,2.3,4.8,268.8,79.14,100,47,88,1083.3,16741.9,8.0,1,61
1782930966.945,104.056,299.9,79.14,100,47,91,5.2,17116.3,291.6,79.15,100,46,88,20707.3,10.8,281.5,79.15,100,47,89,2.0,4.8,271.8,79.14,100,44,88,20055.2,15257.1,8.0,1,61
1782930967.395,104.506,300.9,79.14,99,53,92,4.3,9712.9,293.6,79.15,100,49,88,18741.0,8138.0,283.9,79.15,100,51,91,4.5,5.6,276.2,79.14,100,48,87,1677.8,16266.7,8.0,1,61
1782930967.839,104.950,300.8,79.14,100,48,91,1.8,3.6,298.1,79.15,100,48,88,20119.3,17108.8,287.6,79.15,100,49,89,2.4,5.2,278.8,79.14,100,48,88,4.9,17290.2,8.0,1,61
1782930968.283,105.394,301.8,79.14,99,60,91,4.3,4.2,300.2,79.15,100,52,88,20232.5,17109.9,291.1,79.15,100,53,91,2.2,4.6,280.6,79.14,100,56,89,1.9,11946.9,8.0,1,61
1782930968.725,105.836,299.0,79.14,100,49,91,5.6,9.9,298.0,79.15,100,48,87,19846.3,16044.9,288.2,79.15,100,48,91,10.4,4.6,278.3,79.14,100,48,88,2.8,12991.5,8.0,1,61
1782930969.171,106.282,300.1,79.14,100,51,92,3.0,17119.3,296.7,79.15,99,50,88,20705.2,5.4,286.5,79.15,99,51,91,2.1,4175.4,275.9,79.14,100,46,87,19318.4,12894.9,8.0,1,61
1782930969.614,106.725,300.1,79.14,100,45,92,6300.6,5.1,292.1,79.15,100,45,88,3.1,17121.5,282.3,79.15,100,46,91,20748.9,7.6,275.9,79.14,100,46,87,8.2,8669.1,11.0,5,57
1782930970.061,107.172,289.2,79.14,100,12,91,2.0,4.4,292.1,79.15,100,45,88,2.8,3572.0,282.3,79.15,100,46,91,18803.4,13612.0,272.0,79.14,100,47,88,3.5,4.2,11.0,5,57
1782930970.503,107.614,292.8,79.14,100,71,91,12004.6,15670.8,286.0,79.15,100,52,88,8724.4,4.7,276.3,79.15,100,52,90,1.9,16.2,269.1,79.14,99,50,88,19731.9,17211.0,11.0,5,57
1782930970.946,108.057,292.8,79.14,100,71,91,4.8,4.6,293.8,79.15,100,58,88,20225.2,17106.0,284.7,79.15,100,56,91,2.6,5.1,276.9,79.14,100,56,88,130.6,16834.2,11.0,5,57
1782930971.394,108.505,303.1,79.14,100,55,91,3.5,4.0,300.1,79.15,99,59,88,20224.8,17106.9,294.0,79.15,99,60,91,2.2,5.5,283.1,79.14,100,54,88,10226.9,15877.1,11.0,5,57
1782930971.836,108.946,297.1,79.14,100,46,90,20707.5,5.7,295.7,79.15,100,45,88,2.2,11225.7,287.3,79.15,100,47,90,19230.3,6154.4,276.3,79.14,100,45,88,4.2,7.9,11.0,5,57
1782930972.279,109.390,297.8,79.14,100,43,91,20709.1,17109.1,290.7,79.15,100,41,88,4.8,5.2,281.3,79.15,99,43,91,2.2,17291.8,269.0,79.14,100,43,87,19583.7,960.3,11.0,5,57
1782930972.721,109.832,291.3,79.14,100,47,90,5.8,17113.0,286.2,79.15,100,44,88,20714.2,8.5,276.5,79.15,100,45,90,7.3,5.6,264.6,79.14,100,56,88,11019.7,15411.8,11.0,5,57
1782930973.165,110.276,273.2,79.14,100,45,91,1.8,14670.9,282.6,79.15,100,44,88,18603.9,3373.0,272.7,79.15,100,44,91,1.8,4.8,265.2,79.14,99,48,87,11545.7,15896.6,11.0,5,57
1782930973.608,110.718,281.5,79.14,100,49,91,1.9,10390.5,282.6,79.15,100,44,88,18934.1,7334.3,281.5,79.15,100,49,90,2.4,4.9,265.2,79.14,99,48,87,5207.1,16516.2,11.0,5,57
1782930974.056,111.167,299.4,79.14,100,52,91,2.5,9420.4,291.6,79.15,100,49,88,18716.5,8456.2,281.5,79.15,100,49,90,1.9,4.5,275.0,79.14,100,49,88,1087.0,16769.9,11.0,5,57
1782930974.499,111.610,298.9,79.14,100,46,91,3.5,4.5,299.8,79.15,100,49,88,19872.1,17050.5,290.7,79.15,100,53,91,2.8,4.9,279.8,79.14,100,50,87,491.6,17266.0,11.0,5,57
1782930974.941,112.052,298.9,79.14,100,46,91,5.5,4.5,297.1,79.15,100,48,88,20233.2,17109.5,287.8,79.15,100,48,89,4.0,4.6,277.3,79.14,100,50,88,1.9,14526.2,11.0,5,57
1782930975.382,112.493,300.5,79.14,100,53,91,2.4,9279.0,299.4,79.15,100,53,88,18931.7,8261.7,290.2,79.15,100,57,91,2.1,5.5,277.6,79.14,99,48,87,20777.6,17194.7,11.0,5,57
1782930975.824,112.935,300.1,79.14,100,46,91,14968.9,5.4,294.6,79.15,99,45,88,3.0,14393.8,285.6,79.15,100,45,91,18910.3,2816.8,273.0,79.14,100,45,87,2.9,506.8,11.0,5,57
1782930976.270,113.380,299.1,79.14,100,43,92,2.8,4.4,289.2,79.15,98,44,88,1.8,17129.0,279.8,79.15,98,45,91,20746.4,4.6,263.7,79.14,99,14,87,4.2,4.3,14.0,10,53
1782930976.711,113.822,290.9,79.14,100,52,90,24447.6,4489.2,284.8,79.15,100,49,87,6.0,11.5,274.8,79.15,100,49,91,507.6,17149.8,269.5,79.14,100,51,87,20749.2,5.1,14.0,10,53
1782930977.162,114.273,290.6,79.14,100,50,91,4799.8,15555.2,293.1,79.15,100,50,88,16598.7,4.4,283.0,79.15,100,49,89,2.3,4.3,285.1,79.14,99,48,87,11033.9,15586.6,14.0,10,53
1782930977.606,114.717,301.6,79.14,100,50,91,1.9,15562.6,293.1,79.15,100,50,88,18795.3,2241.6,295.1,79.15,100,45,90,2.1,5.2,285.1,79.14,99,48,87,17602.8,18379.3,14.0,10,53
1782930978.053,115.164,298.3,79.14,100,46,90,20705.4,5.9,301.8,79.15,100,47,88,2.1,12597.5,295.1,79.15,100,45,90,19226.3,4540.9,283.8,79.14,100,51,88,2.5,506.8,14.0,10,53
1782930978.494,115.604,280.6,79.14,100,39,89,3.7,5.4,295.0,79.15,100,44,88,20248.5,17118.7,287.2,79.15,100,45,90,2.2,6.2,273.4,79.14,99,41,88,1117.9,16740.1,14.0,10,53
1782930978.938,116.048,280.6,79.14,100,39,89,8409.9,15936.6,281.9,79.15,100,40,87,12642.0,4.5,272.4,79.15,100,40,89,4.2,493.8,260.3,79.14,100,45,88,19711.2,17205.5,14.0,10,53
1782930979.379,116.490,270.4,79.14,100,45,90,20250.0,15533.0,279.7,79.15,100,47,87,1356.0,4.6,270.1,79.15,100,48,89,1.9,5448.6,262.5,79.14,99,45,87,18962.2,12043.3,14.0,10,53
1782930979.820,116.930,291.9,79.14,100,46,91,20709.4,17113.0,291.4,79.15,100,49,88,2.8,5.3,280.4,79.15,100,49,91,2.3,7991.8,271.9,79.14,100,56,88,23275.2,5925.3,14.0,10,53
1782930980.264,117.375,300.4,79.14,100,48,90,16456.0,15424.6,297.4,79.15,100,48,87,4978.4,4.7,287.0,79.15,100,49,90,2.0,4638.4,277.6,79.14,100,48,88,18919.8,12869.9,14.0,10,53
1782930980.705,117.816,301.2,79.14,100,54,91,11307.7,19389.0,298.4,79.15,100,56,88,4276.3,9.8,289.5,79.15,100,56,91,7.2,7987.3,278.1,79.14,100,50,88,19171.3,9547.2,14.0,10,53
1782930981.150,118.261,299.5,79.14,100,48,90,20709.4,17061.8,297.3,79.15,99,48,87,2.9,10.1,287.4,79.15,99,48,90,2.0,14983.5,277.6,79.14,100,47,88,18415.4,2866.1,14.0,10,53
1782930981.593,118.704,299.2,79.14,100,54,91,19059.6,7346.0,297.3,79.15,99,48,87,4.7,5.5,287.4,79.15,99,48,90,13784.9,16265.9,277.6,79.14,100,47,88,6432.8,8.7,14.0,10,53
1782930982.035,119.146,299.3,79.14,99,42,92,3.0,12285.9,293.4,79.15,100,45,88,19444.6,4999.1,283.3,79.15,100,46,91,5.4,5.2,273.8,79.14,100,46,88,19725.0,17210.3,14.0,10,53
1782930982.476,119.587,299.3,79.14,99,42,92,20704.6,17110.9,290.8,79.15,100,44,87,20703.5,17104.6,280.8,79.15,100,45,90,1.9,4.7,269.3,79.14,100,41,87,3.6,12800.1,17.0,14,49
1782930982.919,120.030,272.6,79.14,99,42,89,2.2,6.8,278.4,79.15,99,59,88,5.1,1744.5,268.7,79.15,99,57,90,19002.6,15754.3,259.3,79.14,100,57,88,2.5,4.2,17.0,14,49
1782930983.361,120.472,276.8,79.14,100,59,91,19358.6,17046.7,285.3,79.15,100,66,88,1.9,4.4,277.2,79.15,100,66,91,2.2,11008.8,268.6,79.14,100,61,88,18974.9,6659.8,17.0,14,49
1782930983.802,120.913,289.5,79.14,100,49,91,625.3,16503.1,300.5,79.15,100,55,88,20204.9,4.7,294.0,79.15,100,57,91,2.4,9.4,283.2,79.14,100,56,88,20782.6,17208.4,17.0,14,49
1782930984.243,121.354,296.8,79.14,100,46,90,19374.5,6874.4,295.7,79.15,100,46,87,2.9,7.0,288.2,79.15,100,47,89,20769.6,17197.2,279.2,79.14,100,43,88,3.0,5.9,17.0,14,49
1782930984.686,121.797,297.6,79.14,100,45,91,1255.6,16043.2,294.9,79.15,100,44,88,19290.5,11.4,284.4,79.15,99,44,91,8.2,17213.2,270.1,79.14,100,42,87,20749.0,7.7,17.0,14,49
1782930985.132,122.242,299.4,79.14,100,43,91,2.2,5.3,289.0,79.15,100,47,88,1.8,17120.2,279.1,79.15,100,47,91,20749.2,4.7,270.1,79.14,100,42,87,3.3,9.9,17.0,14,49
1782930985.575,122.686,300.2,79.14,99,47,91,1.9,5.0,289.0,79.15,100,47,88,13764.0,15795.6,279.1,79.15,100,47,91,6963.2,4.8,266.2,79.14,100,45,86,3.5,8535.2,17.0,14,49
1782930986.023,123.134,299.7,79.14,100,46,91,1.8,4.4,292.5,79.15,100,47,87,15836.7,15608.0,281.8,79.15,100,45,90,5169.9,4.7,274.4,79.14,100,59,88,1.8,542.9,17.0,14,49
1782930986.466,123.576,299.7,79.14,100,46,91,2.3,4.7,294.6,79.15,100,49,87,501.3,17124.9,285.0,79.15,100,49,90,20748.2,4.6,277.8,79.14,100,48,87,1.8,4.7,17.0,14,49
1782930986.906,124.017,300.3,79.14,100,49,91,4.6,4.5,297.9,79.15,100,48,87,6.2,13564.0,288.0,79.15,100,49,90,17964.0,2870.0,279.0,79.14,100,50,88,2.6,4.8,17.0,14,49
1782930987.352,124.463,301.1,79.14,100,55,91,35.1,4.5,299.3,79.15,99,49,88,1.9,8574.2,291.1,79.15,99,53,91,18937.3,8901.7,279.0,79.14,100,48,87,1.9,4.7,17.0,14,49
1782930987.794,124.905,299.1,79.14,99,48,91,4582.7,4.9,297.0,79.15,100,49,87,3.6,10832.7,288.8,79.15,100,50,89,19966.6,5290.8,277.7,79.14,100,46,88,2.9,5.9,17.0,14,49
1782930988.240,125.351,299.0,79.14,100,48,91,2.5,17113.1,296.3,79.15,100,46,86,20703.1,5.7,286.9,79.15,100,47,90,4.3,9590.7,276.0,79.14,100,47,87,19559.1,7331.2,17.0,14,49
1782930988.681,125.792,297.1,79.14,100,44,90,20705.4,17110.4,291.8,79.15,100,47,87,21167.8,19563.1,282.3,79.15,100,48,91,21213.3,15907.5,264.7,79.14,98,15,87,9891.3,4.5,20.0,18,45
1782930989.126,126.237,293.1,79.14,100,64,91,13240.2,15260.2,289.1,79.15,100,62,88,8602.7,4.2,280.0,79.15,100,60,91,2.6,4.3,264.7,79.14,98,15,87,15919.2,15274.3,20.0,18,45
1782930989.568,126.679,296.2,79.14,100,67,91,2.2,4.3,289.1,79.15,100,62,88,13593.3,15413.5,280.0,79.15,100,60,91,7412.4,4.6,270.8,79.14,100,57,88,1.9,5.8,20.0,18,45
1782930990.009,127.120,299.7,79.14,100,50,91,3.6,4.7,293.5,79.15,100,59,87,2.4,9004.0,286.7,79.15,100,59,91,18658.7,8492.4,284.4,79.14,100,61,88,1.9,4.7,20.0,18,45
1782930990.451,127.562,299.7,79.14,100,50,91,2.9,5.7,296.9,79.15,100,47,88,19873.8,15774.8,292.0,79.15,100,48,91,916.8,5.5,279.0,79.14,100,46,86,1.9,17236.3,20.0,18,45
1782930990.892,128.003,298.0,79.14,100,46,91,20705.9,6.2,292.6,79.15,100,45,88,5.5,5111.6,286.8,79.15,100,46,91,19633.8,11945.8,274.2,79.14,100,45,87,2.7,5.7,20.0,18,45
1782930991.333,128.444,298.0,79.14,99,43,91,8.6,17113.1,290.4,79.15,100,44,87,20644.4,5.9,280.9,79.15,100,44,89,3.1,486.9,270.5,79.14,100,46,87,19699.0,17204.8,20.0,18,45
1782930991.777,128.888,297.1,79.14,100,45,90,15532.7,15651.0,289.7,79.15,100,48,86,6074.9,5.2,279.9,79.15,100,49,90,2.0,14478.2,271.5,79.14,100,46,87,18968.6,2871.2,20.0,18,45
1782930992.221,129.331,302.2,79.14,100,47,91,20708.5,17109.5,296.5,79.15,100,49,87,2.8,4.7,287.0,79.15,100,50,91,2.4,11811.7,276.4,79.14,100,57,88,18710.9,5731.5,20.0,18,45
1782930992.661,129.772,301.1,79.14,100,48,91,8905.3,15716.0,297.2,79.15,100,48,87,12316.5,8.7,287.9,79.15,100,49,90,7.6,7343.6,277.5,79.14,100,48,86,18749.8,9799.5,20.0,18,45
1782930993.109,130.220,300.3,79.14,99,56,91,4855.5,15608.5,297.2,79.15,100,48,87,16764.8,4.7,290.0,79.15,99,58,91,2.9,491.5,277.5,79.14,100,48,86,19706.8,17194.4,20.0,18,45
1782930993.551,130.662,299.3,79.14,100,48,90,2419.7,15678.0,299.5,79.15,100,58,87,18643.3,4.5,290.0,79.15,99,58,91,3.5,4.2,281.0,79.14,100,52,88,20791.9,17222.2,20.0,18,45
1782930993.993,131.103,299.3,79.14,100,48,90,2286.8,15884.9,297.3,79.15,99,49,86,18693.5,4.6,288.3,79.15,100,50,90,2.5,501.7,277.3,79.14,100,47,87,19708.5,17195.4,20.0,18,45
1782930994.435,131.546,299.4,79.14,100,53,91,20705.7,5.2,296.5,79.15,100,49,87,2.1,6477.7,286.7,79.15,100,50,91,19893.1,9312.8,274.7,79.14,100,49,88,3.0,5.5,20.0,18,45
1782930994.877,131.988,300.5,79.14,100,45,91,4899.0,22700.7,293.5,79.15,99,42,87,24066.4,17148.5,285.2,79.15,100,43,91,23828.0,16951.4,272.1,79.14,100,43,87,20745.8,17188.8,22.0,22,41
1782930995.319,132.430,292.0,79.14,100,43,91,1.8,3.8,280.9,79.15,99,54,87,1.6,17163.1,272.9,79.15,99,53,90,20757.6,4.4,264.2,79.14,99,51,88,1.8,4.3,22.0,22,41
1782930995.768,132.879,293.2,79.14,100,67,91,19657.8,895.4,289.2,79.15,100,62,87,1.9,4.6,281.3,79.15,99,61,91,4589.3,15691.8,273.8,79.14,100,54,88,16801.2,5.5,22.0,22,41
1782930996.214,133.325,300.8,79.14,99,55,91,15079.9,16220.4,302.0,79.15,100,62,87,5520.6,4.7,296.1,79.15,100,63,91,2.8,2793.4,284.8,79.14,100,58,88,19144.3,14752.0,22.0,22,41
1782930996.655,133.765,296.6,79.14,100,47,91,20709.7,17107.7,294.8,79.15,100,46,88,2.1,8.3,288.2,79.15,100,47,90,13453.7,16589.9,276.3,79.14,100,45,87,3616.9,8.1,22.0,22,41
1782930997.097,134.208,297.1,79.14,100,45,90,3.0,17117.0,294.8,79.15,100,46,88,20706.0,6.2,288.2,79.15,100,47,90,3.1,5091.4,276.3,79.14,100,45,87,19492.1,12057.4,22.0,22,41
1782930997.541,134.652,299.1,79.14,100,45,91,1803.2,5.1,293.5,79.15,99,46,87,2.9,14833.1,281.9,79.15,99,47,90,19260.3,2036.1,271.3,79.14,99,43,88,2.9,5.9,22.0,22,41
1782930998.458,135.569,300.3,79.14,99,47,91,14371.3,15685.3,291.3,79.15,99,45,87,6948.9,4.7,281.9,79.15,99,45,89,3.9,3482.5,273.3,79.14,99,49,88,18958.5,13849.7,22.0,22,41
1782930998.899,136.010,300.9,79.14,100,46,91,1.6,17119.7,293.5,79.15,100,48,87,20344.3,7.4,283.5,79.15,100,49,91,6.0,9.9,274.8,79.14,100,48,86,20308.5,17201.0,22.0,22,41
1782930999.342,136.453,301.2,79.14,100,48,91,2.2,17111.0,296.1,79.15,100,47,87,20706.7,5.5,288.4,79.15,100,48,91,1.9,5.3,277.2,79.14,100,50,88,20787.2,17189.8,22.0,22,41
1782930999.788,136.899,299.6,79.14,100,53,91,1489.7,15848.7,296.1,79.15,100,46,87,19593.5,4.8,288.3,79.15,100,48,91,2.8,4.0,275.7,79.14,100,48,86,20300.7,17192.1,22.0,22,41
1782931000.229,137.340,299.2,79.14,99,47,91,10235.7,15700.4,295.4,79.15,100,48,87,11052.3,5.1,286.5,79.15,100,48,91,2.9,10128.4,275.6,79.14,100,50,88,20638.5,5741.4,22.0,22,41
1782931000.671,137.782,297.8,79.14,100,46,92,2.4,5.6,295.0,79.15,100,45,87,2710.7,19845.7,286.6,79.15,100,47,89,11621.8,10.6,276.2,79.14,100,44,88,4.6,17231.1,22.0,22,41
1782931001.117,138.228,298.3,79.14,100,43,91,26106.8,17111.0,288.5,79.15,98,43,87,20702.6,17101.9,280.4,79.15,99,44,91,22737.1,16624.2,276.2,79.14,100,44,88,19238.9,16466.4,25.0,26,37
1782931001.558,138.669,293.3,79.14,100,53,91,1.7,4254.8,288.5,79.15,98,43,87,17977.3,14108.3,280.4,79.15,99,44,91,3.4,4.2,259.4,79.14,100,13,86,1.8,5241.8,25.0,26,37
1782931002.002,139.112,293.5,79.14,99,50,90,1.9,5.1,283.8,79.15,99,53,87,4.3,5404.7,275.6,79.15,99,56,91,19201.9,12182.9,266.8,79.14,99,65,88,2.8,4.4,25.0,26,37
1782931002.443,139.554,293.5,79.14,99,50,90,18629.0,5490.9,288.1,79.15,100,48,87,1.9,4.7,281.7,79.15,100,48,91,4146.9,15813.5,275.3,79.14,100,49,86,16909.3,4.9,25.0,26,37
1782931002.883,139.994,299.4,79.14,100,51,90,19732.7,5.5,299.3,79.15,100,44,86,2.1,17112.6,292.8,79.15,100,46,90,20748.0,7.6,283.7,79.14,100,46,87,5.4,3996.0,25.0,26,37
1782931003.332,140.443,297.1,79.14,100,45,90,20382.1,17108.5,295.6,79.15,100,45,86,2.1,5.8,287.1,79.15,100,46,92,17592.7,16327.3,275.4,79.14,100,42,87,2819.4,6.0,25.0,26,37
1782931003.773,140.884,297.5,79.14,100,46,91,6.1,71.8,288.4,79.15,99,44,87,19718.0,16943.9,280.2,79.15,99,43,91,2.0,5.2,267.5,79.14,100,46,88,6052.2,16020.8,25.0,26,37
1782931004.216,141.327,299.5,79.14,100,45,91,4.6,15337.1,290.5,79.15,100,46,87,18837.7,2422.2,281.7,79.15,100,47,90,2.4,5.0,270.5,79.14,100,49,87,20786.0,17207.9,25.0,26,37
1782931004.658,141.769,300.5,79.14,100,46,91,1.8,17116.7,291.9,79.15,100,46,86,20705.1,7.4,282.6,79.15,100,47,90,8.2,10.1,274.6,79.14,100,49,86,20789.2,17192.9,25.0,26,37
1782931005.103,142.214,301.4,79.14,99,53,91,1.8,14933.5,291.9,79.15,100,46,86,18865.4,2467.7,282.6,79.15,100,47,90,3.5,4.8,274.6,79.14,100,49,86,10349.9,15553.5,25.0,26,37
1782931005.544,142.655,301.2,79.14,100,48,91,8.1,5601.9,295.9,79.15,100,54,87,18892.3,12366.7,287.7,79.15,100,53,91,2.2,4.7,277.9,79.14,100,54,88,1630.9,16321.5,25.0,26,37
1782931005.988,143.099,301.2,79.14,100,48,91,2.8,8990.7,296.2,79.15,99,48,87,18791.3,8971.4,289.6,79.15,99,49,91,2.0,4.6,277.1,79.14,100,45,87,2249.9,16333.7,25.0,26,37
1782931006.433,143.543,299.9,79.14,100,47,91,1.9,13176.4,295.8,79.15,100,49,87,18768.5,4730.2,287.3,79.15,100,47,91,2.0,5.0,276.7,79.14,100,53,88,15937.5,15543.6,25.0,26,37
1782931006.874,143.985,300.7,79.14,100,48,91,19197.4,4457.1,294.8,79.15,100,45,86,3.0,5.3,286.6,79.15,100,46,90,20768.2,17192.8,275.4,79.14,99,46,86,2.2,5.9,25.0,26,37
1782931007.316,144.427,297.3,79.14,100,43,90,3.7,16617.5,289.7,79.15,100,45,86,20810.3,17115.1,281.4,79.15,100,46,91,20755.2,17208.6,270.4,79.14,100,47,87,21328.7,16719.2,28.0,30,33
1782931007.760,144.871,285.0,79.14,98,34,90,7492.5,4.1,280.5,79.15,99,60,87,5.7,3.8,273.1,79.15,100,63,91,8742.8,15207.2,262.3,79.14,100,61,88,13057.8,4.2,28.0,30,33
1782931008.205,145.316,281.7,79.14,100,50,91,2.2,17115.4,286.0,79.15,100,64,87,20708.7,4.6,279.7,79.15,100,66,91,2.3,4.6,268.7,79.14,100,59,88,11453.1,15428.9,28.0,30,33
1782931008.648,145.759,284.5,79.14,100,50,90,1.9,4.6,299.1,79.15,100,48,87,20730.3,17111.9,294.2,79.15,100,49,91,6.7,10.9,281.9,79.14,100,49,86,1101.7,16745.9,28.0,30,33
1782931009.105,146.216,297.1,79.14,100,46,91,780.5,16408.8,299.1,79.15,100,48,87,19835.8,6.1,292.6,79.15,100,46,91,2.6,13739.1,281.9,79.14,100,49,86,18980.2,4038.9,28.0,30,33
1782931009.548,146.659,298.7,79.14,100,44,91,2.2,5.5,297.8,79.15,100,44,87,20705.7,17111.4,292.6,79.15,100,46,91,2.3,5.8,277.8,79.14,99,43,87,8138.2,15946.6,28.0,30,33
1782931009.996,147.106,298.7,79.14,100,44,91,20707.0,4.9,292.3,79.15,100,43,87,2.0,5.7,284.8,79.15,100,44,91,20761.4,17193.7,270.2,79.14,99,44,87,3.8,5.4,28.0,30,33
1782931010.438,147.549,297.9,79.14,99,43,91,2.0,4.5,284.6,79.15,100,46,87,1.8,12514.5,278.0,79.15,99,46,91,19192.7,4624.1,267.0,79.14,99,46,87,2.2,4.9,28.0,30,33
1782931010.879,147.990,300.6,79.14,100,49,91,1.8,4.6,291.1,79.15,100,45,87,3417.5,15803.4,284.2,79.15,100,46,91,17364.3,7.1,274.3,79.14,100,57,88,2.3,5.7,28.0,30,33
1782931011.324,148.435,300.9,79.14,100,48,90,3.9,4.5,296.0,79.15,100,49,86,511.3,17114.3,288.3,79.15,100,49,90,20746.8,5.0,278.0,79.14,99,47,87,1.9,4.1,28.0,30,33
1782931011.766,148.877,301.3,79.14,100,55,91,8.2,5.9,294.5,79.15,100,54,87,2264.1,15928.2,288.1,79.15,100,55,91,18535.9,5.1,276.7,79.14,99,57,88,2.7,502.9,28.0,30,33
1782931012.215,149.326,299.7,79.14,100,48,90,4.3,4.3,294.4,79.15,100,47,86,13287.8,15594.4,287.3,79.15,100,47,90,7875.1,5.3,276.2,79.14,99,48,87,1.8,8484.6,28.0,30,33
1782931012.659,149.770,299.1,79.14,100,51,91,2.0,5798.8,294.0,79.15,100,48,87,19344.6,11622.6,287.5,79.15,100,51,91,8.9,9.0,274.4,79.14,100,46,86,20783.9,17195.2,28.0,30,33
1782931013.107,150.218,300.3,79.14,100,47,91,20704.9,6.1,294.0,79.15,100,48,87,4.1,11175.0,283.7,79.15,99,43,91,19421.6,5739.2,274.4,79.14,100,46,86,3.9,734.4,28.0,30,33
1782931013.553,150.664,295.5,79.14,100,39,90,23852.5,20135.4,290.2,79.15,100,45,87,21126.3,19210.5,283.7,79.15,99,43,91,20553.1,19384.2,270.5,79.14,99,44,86,20454.5,15244.3,31.0,34,29
1782931013.999,151.110,288.9,79.14,100,51,91,1.7,3.9,284.7,79.15,98,27,85,20738.4,16561.1,275.1,79.15,98,29,89,9.2,4.4,258.2,79.14,99,23,87,3.5,504.3,31.0,34,29
1782931014.442,151.553,288.9,79.14,100,51,91,9760.8,4.3,283.8,79.15,100,51,85,2.8,3.6,276.4,79.15,100,51,90,19907.9,17194.6,267.9,79.14,99,50,86,1.9,4.5,31.0,34,29
1782931014.885,151.996,293.1,79.14,100,52,91,18910.2,11987.0,292.1,79.15,100,50,87,1.8,6.1,286.3,79.15,100,49,91,1075.9,16749.2,288.2,79.14,99,47,87,20756.5,4.9,31.0,34,29
1782931015.331,152.442,301.1,79.14,100,59,91,20707.1,5.6,297.3,79.15,100,52,87,3.0,12022.9,291.9,79.15,100,53,91,19071.5,4891.6,280.4,79.14,100,52,87,2.6,5.0,31.0,34,29
1782931015.776,152.887,299.0,79.14,100,46,91,20712.6,17111.5,291.2,79.15,100,40,87,2.2,5.7,284.6,79.15,100,41,91,10830.1,16363.7,270.3,79.14,99,45,88,9872.2,6.0,31.0,34,29
1782931016.223,153.334,295.1,79.14,100,41,91,3.5,4.5,287.3,79.15,99,46,86,20714.1,17105.1,278.8,79.15,99,46,89,2.4,5.2,269.3,79.14,99,45,87,6954.7,16007.5,31.0,34,29
1782931016.666,153.777,298.3,79.14,100,45,91,1.9,17009.6,287.8,79.15,100,46,87,20704.7,10.4,280.9,79.15,100,47,91,9.9,2915.2,270.7,79.14,100,47,86,19360.5,14263.5,31.0,34,29
1782931017.117,154.228,301.2,79.14,100,51,91,16091.6,15703.0,296.0,79.15,100,46,87,5546.0,4.5,289.1,79.15,100,57,91,4.1,3255.7,270.7,79.14,100,47,86,18907.1,14321.6,31.0,34,29
1782931017.559,154.670,301.9,79.14,100,49,91,1.7,17112.4,296.0,79.15,100,57,87,20705.0,4.6,289.1,79.15,100,57,91,4.4,4.5,277.6,79.14,99,57,87,20788.3,17208.7,31.0,34,29
1782931018.010,155.121,300.1,79.14,99,50,91,1467.6,15805.3,295.3,79.15,100,48,86,19488.5,4.9,288.5,79.15,100,49,91,1.9,5.0,277.6,79.14,100,47,87,20299.9,17213.4,31.0,34,29
1782931018.452,155.563,300.1,79.14,99,50,91,1.7,17113.6,296.3,79.15,100,45,86,20705.8,4.7,288.6,79.15,100,46,90,1.9,4.8,277.3,79.14,99,49,87,20714.8,15651.3,31.0,34,29
1782931018.893,156.004,300.0,79.14,100,58,91,1.9,17113.5,296.3,79.15,100,47,87,20704.2,7.7,289.6,79.15,100,48,91,5.2,4.3,276.8,79.14,99,48,86,20785.8,17192.2,31.0,34,29
1782931019.338,156.449,298.9,79.14,100,45,91,20706.3,5.3,294.6,79.15,99,48,86,2.0,3411.5,286.8,79.15,99,47,91,19359.3,13609.1,274.2,79.14,99,44,87,2.2,5.8,31.0,34,29
1782931019.780,156.891,300.0,79.14,100,45,91,12800.2,22771.8,292.8,79.15,99,44,87,20703.3,17102.4,286.2,79.15,100,44,91,20748.5,17908.0,273.0,79.14,99,45,87,20474.4,16069.2,34.0,38,25
1782931020.237,157.347,288.8,79.14,99,32,90,3.3,3.8,281.0,79.15,100,53,85,10372.9,15671.8,274.0,79.15,100,54,90,10462.5,4.2,264.6,79.14,99,49,87,2.2,4.2,34.0,38,25
1782931020.680,157.791,292.5,79.14,100,52,91,18664.1,7.0,288.2,79.15,100,48,86,6.9,9.3,282.3,79.15,100,48,89,20299.4,17205.5,273.4,79.14,100,48,87,5.2,4.5,34.0,38,25
1782931021.130,158.241,300.0,79.14,100,55,91,18867.5,10670.5,302.6,79.15,100,57,87,4.4,4.8,297.5,79.15,100,58,91,1079.2,16748.2,273.4,79.14,100,48,87,20749.8,5.2,34.0,38,25
1782931021.571,158.682,297.4,79.14,100,46,91,19791.2,5.6,302.6,79.15,100,57,87,3.1,14474.2,297.5,79.15,100,58,91,18809.1,2870.0,284.9,79.14,100,54,87,2.0,5.3,34.0,38,25
1782931022.011,159.122,295.8,79.14,100,45,91,20693.9,17110.6,294.8,79.15,100,45,85,3.2,5.9,288.7,79.15,100,47,90,8102.1,16064.3,276.5,79.14,100,46,87,12547.2,6.0,34.0,38,25
1782931022.453,159.564,295.8,79.14,100,45,91,2.7,4.7,288.2,79.15,100,41,86,20345.6,15372.7,281.3,79.15,100,42,91,668.1,5.5,266.7,79.14,100,38,86,1071.8,16749.8,34.0,38,25
1782931022.893,160.003,299.2,79.14,100,47,91,1.9,12452.6,286.2,79.15,100,43,87,19153.4,5029.2,278.9,79.15,100,44,91,4.5,5.7,267.1,79.14,100,52,87,20774.8,17189.5,34.0,38,25
1782931023.334,160.445,299.7,79.14,100,46,91,8466.4,15763.4,291.1,79.15,100,51,86,12921.8,4.6,283.5,79.15,100,51,91,2.8,2506.1,273.2,79.14,100,47,87,19340.1,14619.6,34.0,38,25
1782931023.775,160.886,299.1,79.14,100,48,90,17301.3,17057.5,292.8,79.15,100,48,85,8.8,5.0,286.5,79.15,100,49,90,2.5,15288.7,274.5,79.14,100,47,86,18575.5,2390.1,34.0,38,25
1782931024.227,161.337,301.7,79.14,100,47,91,20710.0,17107.2,295.1,79.15,100,55,87,3.6,5.0,288.6,79.15,100,57,91,2.8,17233.8,276.9,79.14,100,54,87,20754.8,4.7,34.0,38,25
1782931024.669,161.779,300.1,79.14,100,47,90,18851.9,4233.0,294.5,79.15,100,48,85,3.1,10.1,287.9,79.15,100,49,90,20782.5,17197.5,276.5,79.14,100,46,87,4.5,4.7,34.0,38,25
1782931025.115,162.226,298.5,79.14,100,51,91,3.4,5.2,294.5,79.15,100,48,85,1858.2,16330.0,282.1,79.15,100,47,91,18243.8,5.1,276.5,79.14,100,46,87,4.2,8637.1,34.0,38,25
1782931025.558,162.669,298.2,79.14,100,40,90,19658.3,16542.3,288.9,79.15,100,47,86,2.1,6.0,282.1,79.15,100,47,91,20756.4,17193.1,271.2,79.14,100,45,86,2.3,5.8,34.0,38,25
1782931025.999,163.110,298.2,79.14,100,40,90,20707.4,18316.7,288.3,79.15,100,44,87,20440.0,16010.6,281.2,79.15,100,46,90,18242.2,4.5,268.3,79.14,100,40,87,3.9,4.3,37.0,42,21
1782931026.441,163.552,291.2,79.14,98,24,90,13187.6,4.0,275.3,79.15,99,33,86,1.9,4.3,268.6,79.15,99,30,89,10345.5,15511.8,258.7,79.14,99,52,86,10942.6,4.3,37.0,42,21
1782931026.882,163.993,290.3,79.14,100,53,91,6449.1,15609.8,283.2,79.15,100,48,86,15034.0,5.1,277.7,79.15,100,49,89,6.8,507.8,267.7,79.14,100,48,87,19722.7,17195.4,37.0,42,21
1782931027.329,164.440,298.0,79.14,100,51,91,3.5,12342.0,298.6,79.15,100,57,86,18550.5,5548.9,298.4,79.15,100,55,91,1.9,4.9,286.3,79.14,100,55,87,7436.8,15967.6,37.0,42,21
1782931027.771,164.882,299.1,79.14,100,50,91,20712.5,17112.5,293.7,79.15,100,46,86,2.0,5.4,288.7,79.15,100,48,91,7042.4,16832.1,276.5,79.14,100,46,86,8164.7,6.0,37.0,42,21
1782931028.215,165.326,296.2,79.14,99,40,90,2.1,17114.0,287.3,79.15,100,45,86,20704.2,6.3,281.6,79.15,100,46,91,3.0,8656.9,269.1,79.14,100,46,87,19218.6,8365.3,37.0,42,21
1782931028.657,165.768,296.9,79.14,100,45,91,17165.7,5.3,287.8,79.15,100,45,86,2.9,9517.3,281.4,79.15,100,46,90,19387.5,7063.1,269.6,79.14,100,45,87,5.9,6.8,37.0,42,21
1782931029.102,166.212,298.6,79.14,100,47,90,2.0,4.9,287.8,79.15,100,45,86,3.7,17134.2,281.4,79.15,100,46,90,20749.1,4.7,269.6,79.14,100,45,87,3.5,4.6,37.0,42,21
1782931029.542,166.653,303.1,79.14,100,55,91,3.5,4.5,288.2,79.15,100,46,86,2.1,17152.8,281.7,79.15,100,46,89,20705.9,5.0,270.6,79.14,100,48,87,2.7,4.6,37.0,42,21
1782931029.985,167.095,303.1,79.14,100,55,91,6036.5,4.5,292.6,79.15,100,55,86,2.6,3659.5,287.2,79.15,100,57,91,18741.6,13787.7,276.1,79.14,100,56,87,2.7,4.7,37.0,42,21
1782931030.426,167.537,300.6,79.14,99,49,90,20706.6,4.6,293.9,79.15,99,48,85,4.2,4.5,288.8,79.15,99,49,89,20778.9,17196.2,278.1,79.14,100,48,86,1.9,4.8,37.0,42,21
1782931030.868,167.979,299.3,79.14,100,46,91,20706.7,5.1,295.6,79.15,100,55,86,2.6,4.7,290.4,79.15,100,55,91,13955.4,15751.4,280.0,79.14,100,55,87,7269.1,4.7,37.0,42,21
1782931031.309,168.419,300.9,79.14,100,48,90,20708.0,5.1,294.2,79.15,100,48,85,2.0,5.1,287.7,79.15,100,49,90,20724.1,16452.2,277.4,79.14,100,48,88,4.6,5.4,37.0,42,21
1782931031.752,168.863,298.8,79.14,100,46,91,12.4,5.2,290.7,79.15,100,43,86,20711.6,17105.3,285.0,79.15,99,44,91,2.2,5.8,271.1,79.14,100,46,86,14480.8,15904.2,37.0,42,21
1782931032.194,169.305,300.9,79.14,100,44,91,20818.4,17109.0,289.4,79.15,100,48,86,23794.2,17101.8,284.0,79.15,100,47,91,22922.1,17934.7,268.1,79.14,98,34,85,18570.9,10512.8,40.0,46,17
1782931032.638,169.748,290.0,79.14,100,52,91,3.5,12079.7,282.5,79.15,100,49,85,18504.0,6040.0,276.5,79.15,100,50,90,5.0,4.6,268.1,79.14,98,34,85,9.2,17314.5,40.0,46,17
1782931033.084,170.195,291.5,79.14,99,50,91,1.8,4.3,282.5,79.15,100,49,85,1.8,16709.6,276.5,79.15,100,50,90,20242.5,243.6,267.8,79.14,100,51,87,2.6,4.5,40.0,46,17
1782931033.525,170.636,302.5,79.14,100,54,91,20706.3,4.5,289.7,79.15,100,47,86,2.2,4.7,284.2,79.15,100,48,90,19648.1,15632.2,278.4,79.14,100,49,87,1330.0,4.8,40.0,46,17
1782931033.966,171.077,302.5,79.14,100,54,91,8.3,9.3,299.5,79.15,100,52,86,9106.8,15970.7,295.3,79.15,100,53,91,11511.4,5.5,282.1,79.14,100,50,87,2.1,17242.2,40.0,46,17
1782931034.414,171.525,298.2,79.14,100,46,90,20149.0,5213.5,293.7,79.15,99,45,86,3.0,11.9,287.3,79.15,99,47,90,19601.8,16701.1,273.6,79.14,99,42,87,3.8,5.9,40.0,46,17
1782931034.856,171.967,297.2,79.14,100,45,91,2.0,11574.1,283.8,79.15,100,38,86,19301.1,6075.1,278.1,79.15,100,38,90,2.0,7.9,265.9,79.14,100,46,87,20772.9,17191.4,40.0,46,17
1782931035.298,172.409,300.0,79.14,100,45,91,1216.7,16065.3,286.0,79.15,100,55,86,19535.9,5.1,280.1,79.15,100,57,91,2.3,495.9,268.9,79.14,100,50,87,19703.2,17191.1,40.0,46,17
1782931035.739,172.850,299.2,79.14,100,48,91,6511.6,15931.1,290.9,79.15,100,47,86,12337.3,6.9,285.1,79.15,100,48,90,2.0,4.7,276.8,79.14,100,49,87,19722.4,17196.2,40.0,46,17
1782931036.181,173.292,301.3,79.14,100,58,91,2.0,13676.7,295.1,79.15,99,53,86,19352.0,3739.5,288.3,79.15,99,57,91,3.6,4.8,278.3,79.14,99,54,87,6869.5,15569.9,40.0,46,17
1782931036.624,173.735,300.4,79.14,100,50,90,1.8,761.7,295.5,79.15,100,48,85,19151.4,16628.8,289.5,79.15,100,49,90,2.4,7.8,278.3,79.14,99,54,87,1075.0,16786.8,40.0,46,17
1782931037.067,174.178,300.3,79.14,99,55,91,2.6,4.1,295.5,79.15,100,48,85,20240.2,17110.0,289.5,79.15,100,49,90,1.9,4.8,277.7,79.14,100,46,87,1.9,13976.9,40.0,46,17
1782931037.509,174.620,299.0,79.14,100,48,91,2.0,4.8,297.0,79.15,100,59,86,20010.5,15419.7,291.9,79.15,100,59,91,1085.2,5.0,279.3,79.14,100,55,87,4.1,13267.2,40.0,46,17
1782931037.950,175.061,299.0,79.14,100,48,91,10375.8,16993.0,293.5,79.15,100,45,87,8097.7,6.0,288.0,79.15,100,47,90,9.0,17233.9,275.6,79.14,100,46,87,20748.6,5.7,40.0,46,17
1782931038.395,175.506,297.3,79.14,100,43,91,4.1,5.5,289.4,79.15,100,46,86,16767.8,20362.0,282.5,79.15,100,47,89,20747.6,17187.0,271.9,79.14,100,45,87,20756.1,19153.3,43.0,50,13
1782931038.839,175.949,296.8,79.14,98,38,90,13872.0,4.0,276.5,79.15,99,19,86,3.5,4.1,272.2,79.15,99,16,89,6834.3,23544.6,260.9,79.14,100,53,86,3511.7,6.6,43.0,50,13
1782931039.289,176.400,292.0,79.14,100,51,90,8040.8,15436.1,285.2,79.15,100,50,86,13836.7,4.6,280.2,79.15,99,50,89,4.5,4.1,269.5,79.14,100,49,87,20796.6,17194.1,43.0,50,13
1782931039.731,176.842,295.5,79.14,100,50,91,6.9,5775.6,295.9,79.15,100,48,86,19275.1,7329.9,290.8,79.15,99,48,89,2.7,4.7,286.5,79.14,100,50,87,2915.5,15607.4,43.0,50,13
1782931040.182,177.293,300.8,79.14,99,51,91,2201.9,16198.4,296.5,79.15,99,54,86,18544.3,6.3,292.8,79.15,99,55,91,4.2,15100.5,278.4,79.14,100,46,86,19413.1,1856.5,43.0,50,13
1782931040.623,177.734,298.2,79.14,100,40,91,2.9,5.6,287.9,79.15,100,44,85,20706.1,17106.3,282.1,79.15,100,46,91,2.5,8.7,278.4,79.14,100,46,86,18013.2,15978.8,43.0,50,13
1782931041.071,178.182,294.5,79.14,100,46,91,20705.8,4.9,287.9,79.15,100,44,85,2.8,12.5,282.1,79.15,100,46,91,19688.8,17196.0,270.0,79.14,100,46,87,3.0,6.3,43.0,50,13
1782931041.513,178.624,298.8,79.14,100,52,91,2.1,4.6,286.1,79.15,100,47,85,1.9,17133.9,279.7,79.15,100,46,90,20753.9,5.4,268.4,79.14,100,45,87,3.7,4.4,43.0,50,13
1782931041.957,179.067,298.8,79.14,100,52,91,3.6,7.2,288.0,79.15,100,46,86,8370.1,15783.2,282.9,79.15,100,46,91,12714.8,5.1,270.2,79.14,100,46,87,8.9,533.0,43.0,50,13
1782931042.405,179.516,303.3,79.14,100,49,91,1.9,4.5,294.3,79.15,99,56,86,1040.9,16218.1,288.0,79.15,99,55,91,19685.0,4.8,277.2,79.14,99,58,87,2.0,4.2,43.0,50,13
1782931042.847,179.958,301.1,79.14,100,52,91,3.5,4.5,294.1,79.15,100,47,85,3.8,17156.2,287.6,79.15,100,48,91,20752.2,5.7,277.0,79.14,100,48,86,5.7,7.5,43.0,50,13
1782931043.292,180.403,299.8,79.14,100,47,91,2.7,4.4,294.0,79.15,100,49,86,1.9,17150.9,288.2,79.15,100,47,90,20751.8,4.7,277.2,79.14,100,52,87,1.9,4.9,43.0,50,13
1782931043.733,180.844,301.3,79.14,100,49,91,6.7,10.5,293.4,79.15,100,47,85,8425.7,15851.3,287.3,79.15,100,49,91,12192.3,5.1,276.4,79.14,100,48,87,3.0,8466.3,43.0,50,13
1782931044.182,181.293,300.0,79.14,100,46,91,11794.9,16167.1,290.2,79.15,100,42,86,9033.2,10.6,283.9,79.15,100,43,91,3.7,17217.3,270.6,79.14,100,46,85,20745.6,5.7,43.0,50,13
1782931044.625,181.736,298.4,79.14,99,43,91,2.1,5.7,288.4,79.15,100,47,85,20813.0,19186.6,282.3,79.15,99,48,91,29477.3,19110.8,270.6,79.14,100,46,85,24988.2,17205.4,46.0,54,9
1782931045.081,182.192,290.7,79.14,100,52,91,2.1,3.9,288.4,79.15,100,47,85,1.8,1331.5,282.3,79.15,99,48,91,18852.8,16239.5,267.7,79.14,98,27,86,1.7,4.4,46.0,54,9
1782931045.522,182.633,293.2,79.14,100,50,91,20708.9,16621.3,282.0,79.15,100,48,86,3.0,6.3,276.2,79.15,100,50,90,2.6,5377.4,268.2,79.14,100,50,87,18684.6,12317.6,46.0,54,9
1782931045.965,183.076,293.2,79.14,100,50,91,1.9,16702.4,290.7,79.15,100,49,86,19124.7,1243.1,285.8,79.15,100,48,90,1.9,4.8,279.3,79.14,99,50,87,9307.7,15652.0,46.0,54,9
1782931046.410,183.521,302.1,79.14,100,59,91,8784.6,16040.5,297.8,79.15,100,54,86,12123.2,5.8,293.8,79.15,100,54,91,2.6,17229.9,281.3,79.14,99,52,87,20750.6,5.5,46.0,54,9
1782931046.855,183.966,297.4,79.14,100,45,91,3.8,2129.5,292.4,79.15,100,45,86,19788.0,15087.9,287.6,79.15,100,46,90,2.2,8.4,273.2,79.14,100,39,87,20774.1,17196.1,46.0,54,9
1782931047.298,184.409,297.1,79.14,100,41,91,18043.8,4.8,283.8,79.15,100,43,86,2.2,3328.2,277.2,79.15,100,42,90,19675.4,13467.4,267.6,79.14,100,46,85,2.5,5.5,46.0,54,9
1782931047.739,184.850,298.1,79.14,100,44,91,5.2,8.8,284.0,79.15,100,48,86,1172.3,16154.7,278.7,79.15,100,50,91,19684.4,5.3,268.2,79.14,100,46,85,1.9,1704.7,46.0,54,9
1782931048.186,185.297,299.7,79.14,100,49,91,2.1,4.6,293.8,79.15,99,49,86,17373.6,15405.6,284.8,79.15,99,47,90,3551.4,4.7,276.7,79.14,100,57,87,2.7,4194.8,46.0,54,9
1782931048.631,185.741,301.3,79.14,100,50,90,1.9,4.5,293.7,79.15,100,47,85,3078.3,15748.8,287.2,79.15,100,49,91,17928.9,8.0,276.7,79.14,100,57,87,11.7,1193.9,46.0,54,9
1782931049.078,186.189,300.3,79.14,100,49,91,1.9,4.5,293.7,79.15,100,47,85,511.1,17116.9,287.2,79.15,100,49,91,20748.1,5.0,276.5,79.14,100,48,86,1.9,4.2,46.0,54,9
1782931049.519,186.630,300.0,79.14,100,52,91,2.0,4.2,295.3,79.15,100,50,86,497.8,17126.1,288.8,79.15,100,49,90,20746.0,5.0,278.1,79.14,100,47,87,3.5,4.4,46.0,54,9
1782931049.959,187.070,300.0,79.14,100,52,91,4.3,7.5,293.9,79.15,100,49,86,496.9,17125.3,289.0,79.15,100,50,91,20747.1,5.0,276.7,79.14,100,46,87,2.0,5.5,46.0,54,9
1782931050.400,187.511,299.4,79.14,100,47,91,2.1,17113.5,292.5,79.15,100,48,86,20703.8,5.5,286.3,79.15,100,46,90,4.1,5979.9,275.5,79.14,100,50,87,19448.7,11052.2,46.0,54,9
1782931050.841,187.952,299.7,79.14,100,46,91,540.4,5.7,292.2,79.15,100,40,86,3377.7,22876.7,285.6,79.15,100,41,90,24187.4,21234.5,271.8,79.14,100,42,87,20756.8,17620.8,49.0,58,5
1782931051.291,188.401,292.1,79.14,98,13,90,14920.3,4.0,277.2,79.15,99,51,85,2.7,4.0,271.6,79.15,99,48,90,7960.4,15549.8,262.8,79.14,100,51,87,13343.4,4.2,49.0,58,5
1782931051.733,188.844,293.7,79.14,100,59,91,6.4,16662.9,286.7,79.15,100,60,86,17797.4,7.1,280.2,79.15,100,58,90,1.9,4.5,272.4,79.14,100,52,87,19195.5,15364.7,49.0,58,5
1782931052.180,189.291,300.9,79.14,100,63,91,2.1,4.4,299.8,79.15,100,62,86,19966.8,17106.9,294.8,79.15,100,62,91,4.0,5.4,284.2,79.14,100,57,87,1.9,17273.0,49.0,58,5
1782931052.627,189.738,296.5,79.14,99,46,91,2.1,17113.2,294.1,79.15,99,46,87,20704.6,6.3,288.2,79.15,100,47,90,2.1,4635.1,284.2,79.14,100,57,87,27206.0,5748.6,49.0,58,5
1782931053.074,190.185,297.3,79.14,100,44,90,2.1,5.6,294.1,79.15,99,46,87,18016.2,15930.9,288.2,79.15,100,47,90,667.6,6.2,276.7,79.14,100,46,87,4607.6,16197.2,49.0,58,5
1782931053.517,190.628,299.8,79.14,100,46,91,19452.3,2347.8,288.5,79.15,100,44,86,2.9,5.3,281.8,79.15,100,47,90,20468.5,15740.9,267.8,79.14,99,43,87,637.6,5.4,49.0,58,5
1782931053.958,191.069,299.8,79.14,100,46,91,6959.8,7.0,286.2,79.15,100,47,86,4.4,4740.0,280.6,79.15,100,46,90,19365.6,12543.2,266.6,79.14,100,44,86,2.3,5.1,49.0,58,5
1782931054.400,191.510,300.0,79.14,100,46,91,2.0,4.6,288.2,79.15,99,44,86,1.9,14970.9,281.9,79.15,99,45,90,18902.5,2278.1,272.1,79.14,100,51,87,1.8,4.6,49.0,58,5
1782931054.841,191.951,300.8,79.14,100,56,91,8162.8,4.5,291.4,79.15,100,48,86,4.4,42.9,285.1,79.15,100,49,91,19692.8,17196.4,274.6,79.14,100,48,86,6.1,6.8,49.0,58,5
1782931055.287,192.398,301.1,79.14,100,48,91,14829.8,5.1,295.3,79.15,100,48,86,1.8,4.2,289.2,79.15,100,49,90,20781.6,17193.4,277.9,79.14,100,49,87,2.9,5.0,49.0,58,5
1782931055.728,192.839,301.9,79.14,100,50,91,7511.0,10.3,296.5,79.15,100,50,86,8.5,6075.3,289.9,79.15,100,54,91,18726.1,11387.4,278.0,79.14,100,48,86,3.9,4.8,49.0,58,5
1782931056.180,193.291,299.1,79.14,100,48,90,9074.3,4.5,293.9,79.15,100,48,86,2.7,4240.2,288.1,79.15,100,50,89,19596.3,11467.8,275.9,79.14,100,45,87,1.9,6.0,49.0,58,5
1782931056.625,193.736,299.0,79.14,100,49,91,2.6,4602.6,292.6,79.15,100,46,85,19361.3,12675.4,284.8,79.15,100,47,89,2.6,8.5,275.9,79.14,100,45,87,20782.5,17202.8,49.0,58,5
1782931057.072,194.183,297.6,79.14,100,45,91,18328.0,5.5,292.6,79.15,100,46,85,3.0,14459.3,284.8,79.15,100,47,89,20075.2,17008.0,275.4,79.14,100,47,86,1977.9,8323.7,51.0,62,1
1782931057.513,194.624,298.6,79.14,98,49,90,10361.2,8564.8,287.8,79.15,100,47,85,5185.5,5072.6,281.8,79.15,100,48,90,7875.8,8607.3,266.1,79.14,97,30,86,10384.9,8608.8,51.0,62,1
1782931057.954,195.065,298.6,79.14,98,49,90,4249.0,7592.1,288.1,79.15,98,45,85,10360.8,8570.8,282.7,79.15,99,47,90,4713.8,4618.3,269.4,79.14,98,42,86,10385.4,7748.5,51.0,62,1
1782931058.398,195.508,298.6,79.14,99,48,91,10360.4,8565.4,286.1,79.15,98,46,86,5185.0,4105.3,281.6,79.15,98,49,90,10386.6,8608.9,269.4,79.14,98,46,86,6546.3,3858.5,51.0,62,1
1782931058.839,195.950,298.9,79.14,98,46,91,8520.9,6546.6,286.4,79.15,98,43,86,7454.0,7477.0,281.8,79.15,98,44,90,7667.8,8389.8,271.2,79.14,98,42,87,8943.3,8366.8,52.0,70,0
1782931059.281,196.392,299.2,79.14,100,49,91,6918.5,7324.4,286.4,79.15,100,51,85,7326.1,6416.9,280.2,79.15,100,52,90,8749.5,7879.3,269.1,79.14,100,53,86,7195.7,10110.6,52.0,70,0
1782931059.723,196.834,300.1,79.14,100,54,91,8490.8,6947.3,288.5,79.15,100,54,85,6853.3,7081.6,282.2,79.15,100,55,90,9003.7,8628.1,271.2,79.14,100,53,86,7556.6,8665.8,52.0,72,0
1782931060.171,197.282,302.2,79.14,100,53,91,6991.3,5868.7,293.8,79.15,100,52,85,8738.8,7141.2,287.4,79.15,100,54,90,7303.9,10414.5,275.6,79.14,100,54,86,7263.5,8786.9,52.0,72,0
1782931060.614,197.724,300.9,79.14,100,54,91,8280.3,5539.9,293.8,79.15,100,52,85,6940.3,7930.4,288.9,79.15,100,55,90,7075.2,8730.9,275.6,79.14,100,54,86,7762.8,9399.5,52.0,72,0
1782931061.057,198.168,300.4,79.14,100,54,91,6556.3,7215.6,295.0,79.15,100,54,85,7183.9,7364.5,288.9,79.15,100,55,90,9008.3,8217.4,276.5,79.14,100,53,86,7328.6,8307.2,52.0,72,0
1782931061.500,198.610,300.4,79.14,100,54,91,7018.3,5567.8,295.2,79.15,100,53,85,8638.6,7108.9,289.3,79.15,100,54,90,7421.6,8925.3,277.2,79.14,100,54,86,7821.5,8404.6,52.0,72,0
1782931061.941,199.052,300.2,79.14,100,54,91,8238.9,5716.2,295.3,79.15,100,53,85,7199.4,8323.1,289.2,79.15,100,55,90,7275.9,9003.4,277.2,79.14,100,53,86,7548.4,10384.5,52.0,72,0
1782931062.382,199.493,299.9,79.14,100,54,91,6924.8,7030.7,295.0,79.15,100,53,85,7162.8,7251.2,288.9,79.15,100,53,90,8795.8,9087.6,277.1,79.14,100,53,86,7370.7,8346.9,53.0,72,0
1782931062.828,199.939,299.6,79.14,100,53,91,6938.8,5624.6,294.9,79.15,100,53,85,8586.6,7084.3,288.8,79.15,100,54,90,7264.7,10402.8,277.0,79.14,100,54,86,7295.5,8886.1,53.0,72,0
1782931063.270,200.381,299.8,79.14,100,54,91,8336.6,5563.3,294.7,79.15,100,54,85,7017.3,8174.1,288.8,79.15,100,55,90,7326.3,8966.5,277.0,79.14,100,53,86,9212.0,8949.8,53.0,72,0
1782931063.713,200.824,300.0,79.14,100,54,91,6926.0,7585.7,294.5,79.15,100,53,85,7226.5,7807.4,288.6,79.15,100,54,90,8919.3,8785.3,277.1,79.14,100,54,86,7285.3,10733.6,53.0,72,0
1782931064.165,201.276,300.2,79.14,100,54,90,7056.9,5412.8,294.9,79.15,100,53,86,8435.7,7276.5,289.0,79.15,100,54,90,7133.6,10104.5,277.0,79.14,100,53,86,7638.5,8353.2,53.0,72,0
1782931064.607,201.718,300.0,79.14,100,53,91,8618.9,5781.7,294.9,79.15,100,53,86,7134.0,7742.1,289.0,79.15,100,54,90,7597.6,9309.1,277.0,79.14,100,53,86,9240.1,8948.0,53.0,72,0
1782931065.053,202.163,300.1,79.14,100,55,91,8331.4,5414.4,294.6,79.15,100,53,85,7048.4,6840.6,288.5,79.15,100,54,90,9002.3,8618.1,276.3,79.14,100,54,86,7309.0,10249.8,53.0,72,0
1782931065.495,202.605,300.1,79.14,100,55,91,6737.7,5554.8,294.3,79.15,100,53,85,8828.9,7039.2,288.3,79.15,100,55,90,7100.9,10351.5,276.3,79.14,100,54,86,7538.2,8279.2,53.0,72,0
1782931065.936,203.047,300.3,79.14,100,54,90,8087.8,5522.9,294.7,79.15,100,53,85,6848.0,8342.4,288.9,79.15,100,54,90,7515.0,8459.7,276.9,79.14,100,53,86,8948.0,8628.5,53.0,72,0
1782931066.379,203.490,300.1,79.14,100,54,90,6736.6,7119.6,294.6,79.15,100,53,85,7577.6,7476.0,288.9,79.15,100,55,90,9117.4,8788.3,276.5,79.14,100,54,86,7254.6,10357.6,53.0,72,0
1782931066.823,203.934,299.9,79.14,100,53,91,6929.9,5562.9,294.3,79.15,100,52,85,8656.3,7064.3,288.6,79.15,100,54,90,7375.1,9982.4,276.2,79.14,100,53,86,7563.0,9041.3,53.0,72,0
1782931067.266,204.377,300.0,79.14,100,55,91,7467.2,5783.9,294.3,79.15,100,53,85,7120.9,8251.4,288.6,79.15,100,54,90,7496.4,8776.2,276.2,79.14,100,53,86,9050.2,8977.8,53.0,72,0
1782931067.708,204.819,299.8,79.14,100,54,90,9703.0,5617.1,294.1,79.15,100,53,85,9136.3,8476.1,288.5,79.15,100,54,90,7482.4,8215.0,276.6,79.14,100,54,86,8907.4,8589.7,54.0,72,0
1782931068.163,205.273,299.9,79.14,100,54,90,6696.8,6892.1,294.4,79.15,100,54,85,7140.6,7173.3,288.9,79.15,100,55,90,9221.1,8784.0,276.7,79.14,100,54,86,7460.2,8946.0,54.0,72,0
1782931068.604,205.715,300.2,79.14,100,54,91,6918.8,5563.2,294.4,79.15,100,54,85,8758.2,7146.5,288.9,79.15,100,55,90,7332.8,11590.4,276.7,79.14,100,54,86,7382.9,11055.2,54.0,72,0
1782931069.057,206.168,300.0,79.14,100,54,90,8316.9,5713.7,294.7,79.15,100,53,85,6807.1,8223.8,289.1,79.15,100,54,90,7529.4,8409.4,276.5,79.14,100,53,86,8886.2,9015.0,54.0,72,0
1782931069.498,206.609,300.0,79.14,100,54,90,6555.6,6876.6,294.4,79.15,100,54,85,7374.5,6557.6,288.9,79.15,100,55,90,8954.3,9059.1,276.1,79.14,100,53,86,7336.5,10422.2,54.0,72,0
1782931069.942,207.053,299.9,79.14,100,54,90,8195.9,5474.0,294.2,79.15,100,53,85,8422.1,7305.4,288.5,79.15,100,54,90,7307.3,9887.2,275.9,79.14,100,53,86,7492.8,8636.0,54.0,72,0
1782931070.388,207.499,300.1,79.14,100,54,91,8356.5,5642.8,294.2,79.15,100,54,85,6823.3,8141.0,288.1,79.15,100,55,90,7663.4,8457.9,275.9,79.14,100,53,86,8871.0,8835.2,54.0,72,0
1782931070.831,207.942,299.8,79.14,100,53,90,6743.2,6864.7,293.8,79.15,100,53,85,7041.4,7015.5,287.9,79.15,100,54,90,8973.1,9106.4,276.2,79.14,100,54,86,7319.4,10530.0,54.0,72,0
1782931071.274,208.384,300.1,79.14,100,54,90,6808.1,5412.7,294.4,79.15,100,53,85,8392.0,7419.1,288.4,79.15,100,55,90,7252.5,9702.6,276.0,79.14,100,53,86,7647.3,8696.4,54.0,72,0
1782931071.716,208.827,299.8,79.14,100,54,90,8544.4,6636.1,294.0,79.15,100,52,85,7024.9,9052.8,288.4,79.15,100,53,90,7454.6,8617.1,275.8,79.14,100,53,86,9064.3,8994.6,54.0,72,0
1782931072.166,209.277,299.9,79.14,100,54,91,8269.6,5720.5,293.8,79.15,100,53,85,7237.8,7838.0,288.4,79.15,100,54,90,7882.0,8561.8,275.7,79.14,100,54,86,7102.8,10341.5,54.0,72,0
1782931072.608,209.719,300.2,79.14,100,54,90,6736.6,5435.9,293.8,79.15,100,53,85,8625.3,6534.9,288.4,79.15,100,54,90,6949.6,10290.5,275.7,79.14,100,54,86,7506.1,10709.5,54.0,72,0
1782931073.056,210.167,300.3,79.14,100,54,91,6920.3,5769.0,294.4,79.15,100,53,85,8445.3,7196.1,288.8,79.15,100,54,90,7438.1,8320.4,276.1,79.14,100,53,86,9002.3,8822.5,55.0,72,0
1782931073.498,210.609,300.3,79.14,100,54,91,6191.4,7091.8,294.7,79.15,100,53,85,7035.4,6846.6,289.2,79.15,100,54,90,8806.0,9252.8,276.5,79.14,100,54,86,7200.8,9971.8,55.0,72,0
1782931073.940,211.050,300.2,79.14,100,54,90,6921.7,5402.9,294.9,79.15,100,54,85,8458.3,7224.1,289.4,79.15,100,55,90,7175.3,10349.9,276.9,79.14,100,53,86,7532.4,8645.5,55.0,72,0
1782931074.382,211.493,300.1,79.14,100,54,90,8224.1,5947.9,295.2,79.15,100,53,85,7042.1,8180.6,289.5,79.15,100,55,90,7615.9,8660.7,276.7,79.14,100,54,86,8894.4,9440.1,55.0,72,0
1782931074.825,211.936,299.8,79.14,100,54,90,6554.6,6845.2,294.7,79.15,100,53,85,7108.4,7452.0,288.9,79.15,100,54,90,9142.2,8688.6,276.3,79.14,100,54,86,7249.2,9875.3,55.0,72,0
1782931075.722,212.833,299.9,79.14,100,54,90,8474.7,5662.6,294.0,79.15,100,53,85,6851.7,8583.1,288.2,79.15,100,53,90,7541.3,8711.2,276.2,79.14,100,53,86,9134.6,9036.5,55.0,72,0
1782931076.167,213.278,299.8,79.14,100,54,90,6738.1,7177.1,294.5,79.15,100,53,85,7021.2,6969.1,288.4,79.15,100,55,90,8974.0,8942.1,276.5,79.14,100,54,86,7151.6,10471.4,55.0,72,0
1782931076.609,213.720,299.8,79.14,100,53,90,6874.2,5413.0,294.5,79.15,100,53,85,8588.3,7189.6,288.4,79.15,100,55,90,7131.7,10009.1,276.5,79.14,100,54,86,9102.0,9689.2,55.0,72,0
1782931077.060,214.171,300.0,79.14,100,54,91,6929.5,5590.2,294.0,79.15,100,53,85,8637.1,6616.2,288.1,79.15,100,53,90,7154.4,8216.5,276.1,79.14,100,53,86,9075.4,8548.7,55.0,72,0
1782931077.502,214.613,300.0,79.14,100,54,91,8235.2,5499.1,294.5,79.15,100,53,85,6815.1,7056.1,288.3,79.15,100,54,90,9059.0,8642.4,276.1,79.14,100,54,86,7154.5,10483.6,55.0,72,0
1782931077.974,215.085,300.1,79.14,100,54,91,8393.1,5777.6,294.3,79.15,100,53,85,6940.9,8028.3,288.6,79.15,100,54,90,7471.6,8497.9,276.2,79.14,100,53,86,8130.2,9416.0,55.0,72,0
1782931078.417,215.528,300.0,79.14,100,54,91,6750.6,6793.0,294.0,79.15,100,53,85,6894.5,7073.4,288.3,79.15,100,54,90,7561.4,9469.2,275.8,79.14,100,54,86,7256.0,8607.0,56.0,72,0
1782931078.859,215.970,299.9,79.14,100,54,90,6738.4,5476.6,294.2,79.15,100,53,85,8113.9,7026.8,288.0,79.15,100,54,90,8684.0,9666.1,275.9,79.14,100,53,86,7330.0,8789.3,56.0,72,0
1782931079.307,216.417,300.1,79.14,100,54,90,8403.0,5875.8,294.6,79.15,100,53,85,7143.4,7923.4,288.3,79.15,100,55,90,7548.9,8954.0,276.1,79.14,100,53,86,7149.0,10398.4,56.0,72,0
1782931079.749,216.860,300.0,79.14,100,54,90,6686.3,6976.3,294.2,79.15,100,54,85,7359.6,6795.9,287.9,79.15,100,54,90,7778.2,9654.5,276.1,79.14,100,53,86,7449.1,8678.2,56.0,72,0
1782931080.195,217.306,300.1,79.14,100,54,90,6737.0,5483.7,294.2,79.15,100,53,85,7770.3,7686.5,288.1,79.15,100,55,90,7211.0,8131.0,276.2,79.14,100,54,86,8863.0,9046.7,56.0,72,0
1782931080.638,217.749,299.9,79.14,100,53,90,8406.3,5760.6,294.1,79.15,100,54,85,7158.2,8026.9,288.1,79.15,100,54,90,8424.2,8772.5,276.2,79.14,100,54,86,7837.0,10067.7,56.0,72,0
1782931081.085,218.196,300.0,79.14,100,54,90,6554.5,6840.5,294.1,79.15,100,54,85,7131.0,7078.6,288.1,79.15,100,54,90,7111.0,10470.1,276.3,79.14,100,53,86,7437.8,8789.2,56.0,72,0
1782931081.527,218.638,299.8,79.14,100,54,90,6787.1,5713.7,294.3,79.15,100,54,85,7008.2,8427.2,288.5,79.15,100,55,90,7330.8,8584.0,276.2,79.14,100,53,86,8857.0,8803.7,56.0,72,0
1782931081.970,219.081,299.8,79.14,100,54,90,6559.1,6803.5,294.3,79.15,100,53,86,7059.0,7052.7,288.6,79.15,100,54,90,8858.7,9016.0,276.5,79.14,100,53,86,7147.7,10663.3,56.0,72,0
1782931082.414,219.524,300.3,79.14,100,54,91,6918.8,5677.4,294.8,79.15,100,54,85,8846.4,7357.1,289.0,79.15,100,55,90,7191.8,9990.1,277.0,79.14,100,54,86,7521.9,8217.9,56.0,72,0
1782931082.856,219.966,300.1,79.14,100,54,90,8274.3,5850.4,295.0,79.15,100,53,85,6845.8,8380.2,289.0,79.15,100,54,90,7441.0,8112.8,276.8,79.14,100,54,86,8898.5,8745.1,56.0,72,0
1782931083.298,220.409,300.2,79.14,100,55,90,6479.3,6793.7,294.6,79.15,100,54,86,6982.6,6825.4,289.0,79.15,100,54,90,8544.7,8925.9,276.4,79.14,100,53,86,7340.3,8683.1,56.0,72,0
1782931083.744,220.855,300.0,79.14,100,53,90,6958.0,5566.0,294.5,79.15,100,53,85,8854.6,7374.5,288.7,79.15,100,54,90,7410.8,10032.1,276.2,79.14,100,54,86,7325.5,8459.7,57.0,72,0
1782931084.189,221.300,300.1,79.14,100,54,90,8323.8,5629.5,294.5,79.15,100,53,85,6976.1,8044.6,288.6,79.15,100,54,90,7367.9,8373.0,276.0,79.14,100,53,86,7228.6,10895.0,57.0,72,0
1782931084.630,221.740,299.9,79.14,100,53,91,6556.3,6979.3,294.4,79.15,100,52,86,7059.9,7219.7,288.6,79.15,100,54,90,8361.6,10046.1,276.0,79.14,100,53,86,7341.4,11522.5,57.0,72,0
1782931085.080,222.190,300.0,79.14,100,55,90,6928.8,5277.3,294.4,79.15,100,52,86,8479.6,7446.7,288.6,79.15,100,54,90,7073.4,9937.8,276.3,79.14,100,53,86,7537.7,8650.4,57.0,72,0
1782931085.520,222.631,299.8,79.14,100,53,90,8382.2,5736.3,294.1,79.15,100,54,85,6953.9,8341.4,288.5,79.15,100,55,90,7507.1,8662.6,275.9,79.14,100,53,86,8819.8,8763.7,57.0,72,0
1782931085.962,223.073,299.8,79.14,100,53,90,6631.6,6873.9,293.7,79.15,100,53,85,7399.8,6986.0,288.3,79.15,100,54,90,8987.6,9100.7,276.0,79.14,100,53,86,7088.6,10330.8,57.0,72,0
1782931086.412,223.523,300.0,79.14,100,54,90,6922.5,5433.8,293.8,79.15,100,54,85,8797.8,7110.0,288.2,79.15,100,55,90,6891.0,10075.9,275.6,79.14,100,54,86,7514.6,8595.6,57.0,72,0
1782931086.852,223.963,300.2,79.14,100,54,90,8402.7,5812.4,294.3,79.15,100,52,86,7041.4,8361.5,288.6,79.15,100,54,90,7520.7,8307.0,276.2,79.14,100,53,86,8692.3,9265.7,57.0,72,0
1782931087.297,224.407,300.1,79.14,100,55,90,6554.6,6917.4,294.6,79.15,100,54,86,7057.4,7426.7,289.0,79.15,100,55,90,7975.2,9536.5,276.2,79.14,100,54,86,7431.6,8790.6,57.0,72,0
1782931087.739,224.850,300.1,79.14,100,53,91,7286.0,5752.0,294.4,79.15,100,53,86,8465.7,7214.2,288.9,79.15,100,54,90,7489.0,8472.3,276.4,79.14,100,53,86,9229.0,8908.5,57.0,72,0
1782931088.185,225.295,300.2,79.14,100,55,90,6386.4,6881.8,294.6,79.15,100,54,86,7025.4,6935.4,289.1,79.15,100,55,90,8811.0,9068.4,276.5,79.14,100,53,86,7038.5,10386.1,57.0,72,0
1782931088.626,225.737,299.9,79.14,100,54,90,6918.8,5200.0,294.6,79.15,100,53,85,8443.7,7100.0,289.0,79.15,100,54,90,8675.5,10728.6,276.5,79.14,100,53,86,8015.1,8282.6,57.0,72,0
1782931089.082,226.193,300.0,79.14,100,54,90,8444.4,5818.8,294.6,79.15,100,53,85,7171.0,8592.6,289.0,79.15,100,54,90,7309.8,8512.5,276.6,79.14,100,54,86,8895.6,9101.9,58.0,72,0
1782931089.523,226.634,300.0,79.14,100,54,90,6379.6,6853.4,294.7,79.15,100,54,86,7199.7,7204.0,289.0,79.15,100,55,90,8775.5,8646.3,276.7,79.14,100,53,86,7143.7,10442.4,58.0,72,0
1782931089.967,227.078,300.0,79.14,100,54,90,6923.2,5472.0,294.8,79.15,100,53,86,8474.1,7339.3,289.3,79.15,100,54,90,7337.3,10024.7,276.8,79.14,100,54,86,7339.0,9141.0,58.0,72,0
1782931090.410,227.521,300.1,79.14,100,55,90,8230.8,5564.1,294.8,79.15,100,53,86,6673.0,7134.9,289.5,79.15,100,54,90,8997.5,8808.6,277.1,79.14,100,54,86,7238.9,10683.9,58.0,72,0
1782931090.852,227.963,300.3,79.14,100,54,90,6763.2,5412.6,295.0,79.15,100,54,86,8642.9,7396.7,289.4,79.15,100,55,90,7117.9,9611.7,277.3,79.14,100,54,86,7673.6,8517.0,58.0,72,0
1782931091.295,228.406,299.8,79.14,100,53,90,8229.2,5776.2,294.8,79.15,100,53,86,6846.5,8406.5,289.1,79.15,100,54,90,7541.3,8462.1,277.2,79.14,100,54,86,9137.8,9014.2,58.0,72,0
1782931091.739,228.849,299.9,79.14,100,55,90,6430.0,6996.1,295.0,79.15,100,54,85,7225.4,7368.2,289.2,79.15,100,55,90,8850.4,8718.3,276.8,79.14,100,54,86,7154.7,10192.7,58.0,72,0
1782931092.181,229.292,299.9,79.14,100,53,90,6738.5,5530.1,294.8,79.15,100,53,85,8438.8,6908.8,289.1,79.15,100,54,89,7334.1,8662.3,277.0,79.14,100,54,86,8022.1,8920.6,58.0,72,0
1782931092.623,229.733,300.0,79.14,100,55,90,8223.7,5567.9,294.8,79.15,100,53,85,7176.2,7003.3,288.8,79.15,100,55,90,8817.7,8900.9,277.0,79.14,100,54,86,8157.9,10824.6,58.0,72,0
1782931093.071,230.182,300.0,79.14,100,54,90,6744.0,6994.6,294.5,79.15,100,54,85,7273.7,7416.9,288.8,79.15,100,55,90,7203.0,10346.5,276.6,79.14,100,53,86,7398.8,8612.0,58.0,72,0
1782931093.515,230.626,300.1,79.14,100,54,90,6739.4,5564.2,294.7,79.15,100,53,86,6956.5,8136.4,288.7,79.15,100,54,90,7120.7,8734.8,277.0,79.14,100,55,86,8953.8,8696.2,58.0,72,0
1782931093.960,231.071,300.1,79.14,100,54,90,7809.2,6110.9,295.0,79.15,100,53,86,7142.0,7192.2,289.1,79.15,100,54,90,8946.7,8966.1,276.9,79.14,100,53,86,7285.4,10425.2,58.0,72,0
1782931094.407,231.518,299.9,79.14,100,54,91,6736.6,5707.0,294.6,79.15,100,53,86,7548.9,6992.7,289.3,79.15,100,54,90,7200.3,9968.6,277.0,79.14,100,54,86,7446.9,8734.3,59.0,72,0
1782931094.849,231.960,300.0,79.14,100,54,90,7329.7,5736.9,294.5,79.15,100,53,86,6928.6,7992.0,288.6,79.15,100,54,90,7446.6,8209.3,276.7,79.14,100,53,86,8886.7,9196.0,59.0,72,0
1782931095.296,232.407,299.9,79.14,100,54,91,6681.8,7099.8,295.0,79.15,100,53,85,7042.2,6954.9,288.9,79.15,100,54,90,8899.2,8748.1,277.0,79.14,100,54,86,7266.8,10657.3,59.0,72,0
1782931095.738,232.849,300.2,79.14,100,55,90,7290.7,5417.8,295.3,79.15,100,53,86,8540.6,7039.0,289.0,79.15,100,54,90,7073.3,9790.8,277.5,79.14,100,54,86,7521.9,8823.3,59.0,72,0
1782931096.184,233.295,300.3,79.14,100,54,90,8261.4,5724.4,295.4,79.15,100,53,86,6841.8,8062.4,289.1,79.15,100,55,90,7463.8,8851.6,277.3,79.14,100,54,86,8949.6,8983.9,59.0,72,0
1782931096.626,233.737,300.2,79.14,100,55,90,6219.8,6963.4,295.1,79.15,100,53,86,7161.1,6823.0,288.8,79.15,100,54,90,8726.7,8781.8,277.3,79.14,100,54,86,7517.4,8597.4,59.0,72,0
1782931097.072,234.183,300.2,79.14,100,55,90,6741.7,5563.3,295.1,79.15,100,53,86,7782.5,7699.3,288.8,79.15,100,54,90,7161.0,8308.4,277.7,79.14,100,54,86,9091.5,8849.1,59.0,72,0
1782931097.514,234.625,299.9,79.14,100,54,90,6562.6,6927.3,295.9,79.15,100,55,86,7015.5,6773.2,289.6,79.15,100,55,90,8887.6,9011.9,277.8,79.14,100,54,86,7156.8,10357.5,59.0,72,0
1782931097.957,235.068,299.9,79.14,100,54,90,6656.0,5548.2,295.6,79.15,100,53,86,8497.3,7178.0,289.6,79.15,100,54,90,7181.4,9987.9,277.7,79.14,100,54,86,7564.8,8530.8,59.0,72,0
1782931098.400,235.511,299.7,79.14,100,55,90,8260.9,5680.9,295.4,79.15,100,54,86,7007.7,8340.7,289.3,79.15,100,55,90,7509.2,8463.0,276.9,79.14,100,53,86,9112.7,8902.1,59.0,72,0
1782931098.842,235.953,299.9,79.14,100,54,91,6554.5,6801.1,295.0,79.15,100,53,86,7352.1,7369.3,288.8,79.15,100,54,90,8987.8,8381.7,276.8,79.14,100,55,86,7584.6,10068.8,59.0,72,0
1782931099.288,236.399,300.0,79.14,100,54,90,6928.0,5563.2,294.9,79.15,100,54,85,8697.9,7355.7,288.8,79.15,100,55,89,7185.3,8967.0,276.8,79.14,100,53,86,7976.0,8817.5,59.0,72,0
1782931099.731,236.841,299.8,79.14,100,54,90,8224.2,6453.0,294.9,79.15,100,54,86,6608.4,7927.5,288.9,79.15,100,55,90,7209.7,8686.8,276.7,79.14,100,55,86,7121.7,10842.6,60.0,72,0
1782931100.180,237.291,299.8,79.14,100,54,90,6782.3,6485.6,294.8,79.15,100,54,86,7448.5,6679.3,288.8,79.15,100,55,90,7059.6,10012.4,276.5,79.14,100,53,86,7486.6,8829.7,60.0,72,0
1782931100.623,237.734,300.2,79.14,100,54,90,8382.8,5736.0,294.8,79.15,100,54,86,6824.3,8270.0,288.9,79.15,100,56,90,9031.1,8193.5,276.5,79.14,100,53,86,9931.0,8980.1,60.0,72,0
1782931101.075,238.186,300.1,79.14,100,54,90,6834.4,6700.8,294.8,79.15,100,54,86,7126.1,7097.3,288.9,79.15,100,56,90,8900.1,9056.9,276.7,79.14,100,54,86,7146.5,10382.7,60.0,72,0
1782931101.517,238.628,300.1,79.14,100,55,90,6922.7,5340.7,294.7,79.15,100,53,86,8485.5,7603.0,288.8,79.15,100,54,90,7097.7,10214.9,277.0,79.14,100,53,86,7528.0,8399.0,60.0,72,0
1782931101.960,239.071,300.1,79.14,100,55,90,8262.1,5720.8,294.6,79.15,100,54,86,6971.4,8086.6,288.4,79.15,100,55,90,7510.5,8635.1,277.1,79.14,100,54,86,9075.1,8826.6,60.0,72,0
1782931102.403,239.513,300.0,79.14,100,53,91,6736.6,6888.2,294.5,79.15,100,53,86,7064.5,7062.2,288.0,79.15,100,54,90,9038.0,9039.0,277.1,79.14,100,54,86,7359.7,10219.0,61.0,72,0
1782931102.844,239.955,300.1,79.14,100,55,90,6918.7,5471.2,294.8,79.15,100,53,86,8591.8,7117.0,288.2,79.15,100,54,90,7375.0,9718.9,276.5,79.14,100,53,86,7190.2,9087.0,61.0,72,0
1782931103.290,240.401,299.8,79.14,100,53,91,8240.3,5713.7,294.2,79.15,100,53,86,6829.6,8265.3,287.8,79.15,100,54,90,7506.1,8747.8,276.2,79.14,100,53,86,7426.0,10586.2,61.0,72,0
1782931103.732,240.843,300.0,79.14,100,54,90,6921.6,7775.4,293.9,79.15,100,54,86,7389.2,6744.6,287.6,79.15,100,54,90,8772.3,8764.3,275.9,79.14,100,53,86,7305.9,10499.0,61.0,72,0
1782931104.183,241.293,299.9,79.14,100,53,90,7103.3,5615.5,294.0,79.15,100,52,86,8549.5,7086.4,287.5,79.15,100,53,90,7138.5,9957.6,276.1,79.14,100,53,86,7659.9,8658.6,61.0,72,0
1782931104.625,241.736,300.1,79.14,100,54,90,8227.5,5774.6,294.1,79.15,100,54,86,6866.1,8258.2,287.3,79.15,100,55,90,8421.7,8561.7,276.1,79.14,100,53,86,10110.3,9622.4,61.0,72,0
1782931105.075,242.186,300.2,79.14,100,54,90,7738.8,6013.7,294.1,79.15,100,54,86,7195.1,7159.8,287.3,79.15,100,55,90,8868.0,9247.7,275.7,79.14,100,54,86,7184.8,10542.0,61.0,72,0
1782931105.517,242.628,300.1,79.14,100,55,90,6745.0,5231.7,294.6,79.15,100,52,86,8478.4,7564.6,287.6,79.15,100,53,90,6983.8,10068.3,275.9,79.14,100,53,86,7513.7,8336.1,61.0,72,0
1782931105.959,243.070,300.1,79.14,100,55,90,8220.3,5764.8,295.0,79.15,100,54,86,7097.1,8117.5,287.7,79.15,100,55,90,7495.8,8456.1,276.4,79.14,100,54,86,8940.4,8946.9,61.0,72,0
1782931106.402,243.512,299.6,79.14,100,52,90,6554.6,7025.4,294.5,79.15,100,53,86,7157.7,7386.6,287.5,79.15,100,53,89,8857.9,8859.4,276.1,79.14,100,54,86,7117.0,10666.3,61.0,72,0
1782931106.846,243.957,300.1,79.14,100,54,90,7080.8,5563.1,294.7,79.15,100,54,86,8508.7,7259.7,287.7,79.15,100,55,90,7335.4,10597.9,275.6,79.14,100,53,86,7450.1,8313.2,61.0,72,0
1782931107.291,244.402,299.7,79.14,100,54,90,8351.7,5719.9,294.1,79.15,100,52,86,7019.4,7894.2,287.3,79.15,100,54,89,7511.9,8453.9,275.9,79.14,100,54,86,8799.7,8785.3,61.0,72,0
1782931107.734,244.845,299.9,79.14,100,54,90,6921.6,7768.1,294.3,79.15,100,54,86,7147.5,6896.9,287.3,79.15,100,55,90,8931.9,8726.2,275.8,79.14,100,53,86,7284.2,10252.8,62.0,72,0
1782931108.180,245.291,299.7,79.14,100,53,90,6738.5,5846.3,294.5,79.15,100,54,86,7588.0,6946.3,287.3,79.15,100,54,90,7094.7,10252.0,276.1,79.14,100,53,86,7506.6,8639.4,62.0,72,0
1782931108.627,245.737,300.0,79.14,100,54,90,6960.0,5438.0,294.6,79.15,100,53,86,8164.2,7145.1,287.4,79.15,100,54,90,7931.0,8281.9,276.1,79.14,100,53,86,9048.0,8789.4,62.0,72,0
1782931109.073,246.184,300.0,79.14,100,54,90,8518.4,5729.1,294.6,79.15,100,53,86,6983.5,8330.6,287.4,79.15,100,54,90,7322.8,8710.6,276.0,79.14,100,54,86,7227.2,10439.8,62.0,72,0
1782931109.516,246.627,300.0,79.14,100,54,90,6630.2,6859.1,294.6,79.15,100,54,86,6988.9,7207.7,287.5,79.15,100,54,89,8171.4,9315.3,276.4,79.14,100,53,86,7340.4,8174.0,62.0,72,0
1782931109.959,247.070,300.0,79.14,100,54,90,6743.8,5313.1,294.8,79.15,100,53,86,7026.4,8351.3,287.8,79.15,100,54,90,7310.1,8096.0,276.5,79.14,100,54,86,8872.1,8876.5,62.0,72,0
1782931110.401,247.512,300.1,79.14,100,54,90,6589.1,7154.1,295.0,79.15,100,54,86,7128.8,7107.8,288.2,79.15,100,54,89,8827.3,8749.9,276.6,79.14,100,54,86,7288.0,10607.2,62.0,72,0
1782931110.844,247.954,300.3,79.14,100,54,90,6918.6,5412.6,295.5,79.15,100,54,86,8490.1,7033.0,288.7,79.15,100,55,89,7107.4,10099.9,276.7,79.14,100,54,86,7734.5,8426.9,62.0,72,0
1782931111.287,248.398,300.1,79.14,100,54,90,8235.0,5819.3,295.5,79.15,100,52,86,6828.9,8263.5,288.4,79.15,100,53,89,7421.4,8491.0,276.5,79.14,100,53,86,9181.2,8822.7,62.0,72,0
1782931111.731,248.841,300.1,79.14,100,54,90,6742.0,7751.7,295.5,79.15,100,54,86,7226.9,7640.4,288.4,79.15,100,55,89,7781.8,8320.7,276.3,79.14,100,54,86,7113.1,10366.6,62.0,72,0
1782931112.185,249.296,299.9,79.14,100,54,90,6738.4,6971.3,294.9,79.15,100,53,86,6806.4,7179.9,288.0,79.15,100,54,89,7132.9,10439.6,276.3,79.14,100,53,86,7506.8,9090.0,62.0,72,0
1782931112.628,249.739,300.0,79.14,100,54,90,6918.8,5454.5,295.3,79.15,100,53,86,6692.4,8208.2,288.1,79.15,100,55,89,7558.5,8046.0,276.3,79.14,100,53,86,10103.5,8593.1,62.0,72,0
1782931113.077,250.188,299.9,79.14,100,54,90,8615.7,5816.1,295.3,79.15,100,53,86,6826.7,8279.6,288.1,79.15,100,55,89,7447.9,8849.8,276.3,79.14,100,54,86,9230.0,9268.9,63.0,72,0
1782931113.524,250.634,300.1,79.14,100,54,90,6557.0,6934.6,295.2,79.15,100,53,86,7236.9,7023.3,288.2,79.15,100,53,89,8849.5,8840.6,276.4,79.14,100,53,86,7301.5,8472.2,63.0,72,0
1782931113.968,251.079,300.1,79.14,100,54,90,6918.7,5565.8,295.4,79.15,100,54,86,8521.5,7377.9,288.4,79.15,100,56,90,7349.9,8995.4,276.5,79.14,100,54,86,8028.4,9059.2,63.0,72,0
1782931114.410,251.521,300.0,79.14,100,54,90,8589.3,5620.8,294.8,79.15,100,53,86,7061.5,6939.8,288.1,79.15,100,54,89,9000.4,9035.3,276.5,79.14,100,54,86,7338.2,10742.1,63.0,72,0
1782931114.854,251.965,300.0,79.14,100,53,90,6736.7,6989.0,294.7,79.15,100,54,86,7005.9,7059.4,288.4,79.15,100,55,90,7823.8,9635.9,276.4,79.14,100,54,86,7500.8,9315.5,63.0,72,0
1782931115.295,252.406,299.8,79.14,100,54,90,6920.5,5566.3,294.8,79.15,100,53,86,7858.9,7277.6,288.0,79.15,100,54,89,7135.7,8746.7,276.4,79.14,100,54,86,8893.6,9065.3,63.0,72,0
1782931115.737,252.847,300.0,79.14,100,54,90,7974.6,6036.3,294.8,79.15,100,54,86,7002.7,7141.4,288.1,79.15,100,55,89,9017.5,8781.0,276.3,79.14,100,54,86,7368.5,10560.1,63.0,72,0
1782931116.186,253.296,299.9,79.14,100,54,90,6567.6,6937.7,294.5,79.15,100,54,86,7046.1,6856.7,288.1,79.15,100,54,89,7129.2,10030.8,276.0,79.14,100,53,86,7501.8,8434.9,63.0,72,0
1782931116.629,253.739,300.1,79.14,100,54,91,6795.0,5579.7,294.7,79.15,100,53,86,8669.2,7161.0,288.5,79.15,100,55,90,7327.3,8348.9,276.0,79.14,100,53,86,9373.1,8328.0,63.0,72,0
1782931117.072,254.183,299.9,79.14,100,54,90,8254.3,5793.0,294.7,79.15,100,53,86,7074.6,8451.9,288.5,79.15,100,55,90,7344.5,8827.5,276.1,79.14,100,53,86,8557.6,8931.6,63.0,72,0
1782931117.516,254.627,299.8,79.14,100,54,90,6554.7,6793.0,294.5,79.15,100,53,86,6830.1,7078.9,288.3,79.15,100,54,89,7762.7,9676.0,276.2,79.14,100,53,86,7544.5,9502.4,63.0,72,0
1782931117.959,255.070,299.8,79.14,100,54,90,6848.3,5577.3,294.4,79.15,100,54,86,7018.1,8128.4,288.1,79.15,100,55,89,7331.8,8290.6,276.0,79.14,100,54,86,8951.7,8668.4,63.0,72,0
1782931118.401,255.512,299.9,79.14,100,54,90,6439.1,7218.4,294.6,79.15,100,54,86,7142.7,6810.9,288.1,79.15,100,54,89,8922.7,8923.3,276.3,79.14,100,53,86,7246.8,10691.9,64.0,72,0
1782931118.843,255.954,300.3,79.14,100,54,90,6936.7,5680.3,295.0,79.15,100,53,86,8729.0,7002.0,288.6,79.15,100,55,89,7331.6,10698.3,276.7,79.14,100,54,86,8111.6,8433.0,64.0,72,0
1782931119.289,256.400,300.2,79.14,100,54,90,8426.5,5820.5,295.1,79.15,100,53,86,7073.2,8251.9,288.4,79.15,100,54,89,7466.6,8482.0,276.8,79.14,100,54,86,8876.3,8717.6,64.0,72,0
1782931119.732,256.842,300.1,79.14,100,54,90,6557.5,6799.1,295.7,79.15,100,55,86,7223.2,7204.9,288.8,79.15,100,56,89,8880.2,8894.2,277.4,79.14,100,54,86,7361.3,10456.3,64.0,72,0
1782931120.626,257.737,300.1,79.14,100,55,90,8219.2,5565.7,295.6,79.15,100,54,86,6884.5,7991.3,289.1,79.15,100,55,89,8175.2,8644.4,277.4,79.14,100,54,86,9122.6,9113.0,64.0,72,0
1782931121.078,258.189,300.0,79.14,100,53,90,7170.6,6365.5,295.6,79.15,100,54,86,7032.5,7019.1,289.1,79.15,100,55,89,8952.9,10106.5,277.3,79.14,100,54,86,7235.8,10447.1,64.0,72,0
1782931121.524,258.635,300.0,79.14,100,54,90,6706.6,7240.6,295.5,79.15,100,53,86,7131.5,7434.5,289.3,79.15,100,54,89,8380.7,9527.4,277.4,79.14,100,54,86,7326.3,8458.0,64.0,72,0
1782931121.967,259.078,300.0,79.14,100,54,90,7106.6,5565.7,295.2,79.15,100,54,86,8657.6,7420.6,288.7,79.15,100,55,89,7189.0,9211.9,276.6,79.14,100,54,86,7869.6,9135.1,64.0,72,0
1782931122.411,259.522,299.8,79.14,100,54,90,8441.6,5713.8,294.8,79.15,100,53,86,6980.4,8328.9,288.2,79.15,100,54,89,7306.5,8582.9,276.5,79.14,100,54,86,8540.4,8932.7,64.0,72,0
1782931122.853,259.964,300.2,79.14,100,54,91,6429.8,6853.0,294.7,79.15,100,53,86,7228.6,7012.4,288.3,79.15,100,55,89,9006.3,8528.6,276.4,79.14,100,54,86,7454.7,9086.1,64.0,72,0
1782931123.296,260.407,299.9,79.14,100,53,90,7101.6,5412.8,294.2,79.15,100,54,86,8521.7,7358.9,287.9,79.15,100,54,89,7395.1,9836.9,276.2,79.14,100,53,86,7552.3,8481.5,64.0,72,0
1782931123.739,260.849,299.9,79.14,100,54,90,8404.2,6319.0,294.6,79.15,100,53,86,6797.7,8077.1,288.0,79.15,100,54,89,7499.5,8526.4,276.4,79.14,100,54,86,9065.3,8774.8,65.0,72,0
1782931124.185,261.296,299.9,79.14,100,54,90,6372.7,6655.3,294.9,79.15,100,53,86,7210.1,6658.1,288.1,79.15,100,55,89,8812.5,8475.4,276.7,79.14,100,53,86,7381.0,10650.2,65.0,72,0
1782931124.627,261.738,300.0,79.14,100,54,91,7069.4,5672.3,294.7,79.15,100,53,86,8582.8,7134.8,288.5,79.15,100,54,89,8149.7,10563.8,276.7,79.14,100,53,86,7882.7,8889.7,65.0,72,0
1782931125.076,262.187,300.2,79.14,100,54,90,8414.9,5825.3,294.7,79.15,100,53,86,6898.6,8498.5,288.5,79.15,100,54,89,7572.3,8812.2,276.8,79.14,100,54,86,8904.9,9087.1,65.0,72,0
1782931125.519,262.630,300.2,79.14,100,54,91,6573.4,7066.8,294.8,79.15,100,54,86,7285.3,6830.5,288.5,79.15,100,55,89,8735.1,8615.7,277.0,79.14,100,53,86,7109.8,10437.1,65.0,72,0
1782931125.961,263.072,300.2,79.14,100,54,91,6918.8,5415.3,295.2,79.15,100,54,86,8653.5,7493.9,288.9,79.15,100,54,89,7483.5,10195.1,277.1,79.14,100,55,86,7103.7,8712.7,65.0,72,0
1782931126.403,263.514,299.9,79.14,100,54,90,8224.6,5714.5,295.1,79.15,100,54,86,6832.2,8458.4,288.3,79.15,100,55,89,7475.2,8775.2,276.5,79.14,100,53,86,7493.2,10670.2,65.0,72,0
1782931126.846,263.957,299.9,79.14,100,54,91,6636.2,7207.8,295.0,79.15,100,53,86,7265.9,7225.9,288.1,79.15,100,54,89,8355.5,9118.7,276.2,79.14,100,54,86,7354.3,8394.0,,,
1782931128.266,265.377,296.3,79.14,98,50,91,4664.2,8561.0,288.9,79.15,98,47,86,10358.9,4281.3,280.1,79.15,98,52,90,5187.9,8612.6,270.6,79.14,98,45,86,10379.3,4554.3,65.0,72,0
1782931128.707,265.818,298.3,79.14,98,43,91,20709.1,17108.8,284.8,79.15,90,35,86,20706.3,10.2,279.8,79.15,92,36,88,8.8,4.7,261.9,79.14,100,13,87,20741.0,15829.0,65.0,72,0
1782931129.151,266.262,290.3,79.14,100,51,90,1.8,4.0,279.3,79.15,100,49,86,3176.8,15403.8,274.6,79.15,100,49,90,18166.1,4.2,261.9,79.14,100,13,87,2.8,4.4,65.0,72,0
1782931129.593,266.703,290.2,79.14,100,50,90,20707.4,4.2,279.3,79.15,100,49,86,4.4,4.6,274.6,79.15,100,49,90,15689.4,15236.3,268.0,79.14,100,57,87,6236.6,9.3,65.0,72,0
1782931130.036,267.147,301.2,79.14,100,48,90,19043.6,15675.9,288.6,79.15,100,48,85,1.9,4.8,282.5,79.15,100,49,90,3.5,17252.4,282.0,79.14,100,49,87,20752.2,4.8,65.0,72,0
1782931130.477,267.588,301.2,79.14,100,48,90,8353.6,5.5,299.1,79.15,100,46,86,3.0,17125.9,293.5,79.15,100,46,89,20745.9,6.4,280.5,79.14,100,46,87,4.2,8410.9,65.0,72,0
1782931130.919,268.029,298.2,79.14,100,46,91,20059.0,17109.8,293.2,79.15,100,44,85,5.2,7.9,287.0,79.15,100,46,89,20757.5,17189.1,274.9,79.14,100,40,87,2.3,5.6,65.0,72,0
1782931131.362,268.472,297.9,79.14,100,43,91,2.0,5.3,284.2,79.15,99,43,86,20711.5,17106.6,278.3,79.15,100,45,90,2.0,4.6,266.1,79.14,100,46,86,2.0,11601.7,65.0,72,0
1782931131.804,268.915,300.8,79.14,100,48,91,7.8,3039.9,287.6,79.15,100,51,86,19225.1,14222.5,280.6,79.15,100,50,89,2.3,4.7,270.0,79.14,100,52,87,2.3,17265.4,65.0,72,0
1782931132.245,269.356,299.7,79.14,100,49,90,2.3,110.7,289.8,79.15,100,46,86,19716.4,17104.7,281.5,79.15,100,47,89,4.0,4.8,274.1,79.14,100,49,86,1.9,16028.8,65.0,72,0
1782931132.687,269.798,301.3,79.14,100,48,91,1.9,7.8,293.2,79.15,100,57,86,20734.7,17112.8,286.2,79.15,100,57,90,8.3,6.7,276.9,79.14,100,55,87,3.1,17284.9,65.0,72,0
1782931133.137,270.248,301.7,79.14,100,51,90,2.4,4.7,293.4,79.15,99,47,85,20726.5,17109.8,287.9,79.15,99,48,90,2.4,4.7,276.9,79.14,100,55,87,1.9,11398.8,65.0,72,0
1782931133.580,270.691,299.1,79.14,99,49,91,1.9,4.6,293.4,79.15,99,47,85,19681.1,15722.0,287.9,79.15,99,48,90,1243.3,5.0,276.7,79.14,100,46,86,3.6,9004.6,65.0,72,0
1782931134.022,271.133,298.8,79.14,100,46,90,2.0,4.5,294.0,79.15,100,52,86,20223.3,17106.7,286.5,79.15,99,51,89,2.3,5.1,277.2,79.14,100,55,87,1079.2,16728.2,65.0,72,0
1782931134.464,271.574,298.8,79.14,100,46,90,19481.9,6722.7,291.8,79.15,100,46,86,2.1,5.0,284.9,79.15,100,47,89,20274.1,17187.9,275.5,79.14,100,46,87,3.0,5.3,65.0,72,0
1782931134.905,272.016,296.8,79.14,100,47,90,20707.1,17107.5,287.1,79.15,100,45,85,20707.2,17106.2,280.2,79.15,100,46,88,20227.1,4.6,270.7,79.14,100,47,87,1.9,4.5,4.0,0,51
1782931135.349,272.460,291.0,79.14,99,14,91,16737.5,4.3,278.2,79.15,100,53,86,9.5,4.1,272.0,79.15,99,53,90,17955.0,15477.3,262.2,79.14,100,49,86,3499.6,4.1,4.0,0,51
1782931135.798,272.908,293.1,79.14,99,54,90,17048.0,15330.3,285.0,79.15,100,47,85,4846.8,4.4,278.7,79.15,100,49,90,2.7,502.2,269.0,79.14,100,48,86,19722.5,17197.9,4.0,0,51
1782931136.241,273.352,302.0,79.14,100,50,90,1.9,12219.0,301.1,79.15,100,50,85,19541.2,5005.0,295.4,79.15,100,50,89,4.0,4.7,284.7,79.14,100,47,86,8402.8,15967.9,4.0,0,51
1782931136.684,273.794,300.8,79.14,100,53,91,20709.6,17116.8,294.7,79.15,100,45,86,5.2,10.6,288.8,79.15,100,44,90,11614.0,15882.0,276.3,79.14,100,47,86,8011.9,6.5,4.0,0,51
1782931137.125,274.236,297.0,79.14,99,38,90,2.1,17113.7,294.7,79.15,100,45,86,20705.4,6.3,280.1,79.15,99,47,89,2.2,9208.0,276.3,79.14,100,47,86,19048.7,7869.7,4.0,0,51
1782931137.567,274.678,296.3,79.14,100,45,90,15415.7,5.1,286.9,79.15,100,46,87,2.0,8631.4,280.1,79.15,99,47,89,18968.2,8627.0,268.8,79.14,100,43,87,1.9,5.3,4.0,0,51
1782931138.009,275.120,296.3,79.14,100,45,90,4.3,4.9,285.6,79.15,100,45,86,4.5,17135.1,278.1,79.15,100,46,88,20748.3,4.9,269.8,79.14,100,49,87,5.2,4.8,4.0,0,51
1782931138.452,275.563,299.9,79.14,100,52,91,1.9,4.5,287.2,79.15,100,45,85,1.9,17147.1,280.0,79.15,100,45,90,20750.7,5.2,270.6,79.14,100,49,86,2.3,4.6,4.0,0,51
1782931138.893,276.004,303.1,79.14,100,49,91,4448.8,4.6,293.5,79.15,100,54,86,3.5,4443.8,286.6,79.15,100,52,89,19303.5,10987.9,276.4,79.14,100,53,87,3.6,4.5,4.0,0,51
1782931139.335,276.446,301.1,79.14,100,55,91,18433.6,4.7,294.1,79.15,100,49,86,2.8,9.6,289.2,79.15,100,49,90,19711.0,17198.2,278.0,79.14,100,49,86,8.5,4.7,4.0,0,51
1782931139.780,276.891,299.1,79.14,100,47,91,17657.3,7.1,293.5,79.15,99,47,86,1.9,9.7,286.8,79.15,99,49,88,20782.4,17201.3,277.0,79.14,100,49,87,3.5,4.7,4.0,0,51
1782931140.222,277.333,300.2,79.14,100,55,91,20705.3,4.8,294.7,79.15,100,49,86,2.0,7.9,288.6,79.15,100,53,90,19702.2,17190.6,276.3,79.14,100,46,86,2.9,5.2,4.0,0,51
1782931140.663,277.774,300.0,79.14,100,45,91,2.0,5123.4,289.4,79.15,100,44,86,19522.9,12298.9,283.6,79.15,99,45,90,9.1,491.2,270.8,79.14,100,47,86,19708.4,17186.9,4.0,0,51
1782931141.109,278.220,299.7,79.14,100,45,91,24264.5,17069.8,289.4,79.15,100,44,86,22181.5,17102.3,283.6,79.15,99,45,90,20748.6,17194.0,270.8,79.14,100,47,86,20759.3,6.3,7.0,1,47
1782931141.552,278.663,291.2,79.14,99,51,91,1.7,17116.1,288.1,79.15,98,43,86,20707.1,4.2,278.1,79.15,98,45,89,4.3,4.2,261.6,79.14,99,14,85,1112.1,16743.5,7.0,1,47
1782931141.996,279.107,291.2,79.14,99,51,91,2.7,4.4,282.0,79.15,99,48,85,3689.6,15716.5,274.6,79.15,99,49,90,17334.6,4.4,267.9,79.14,99,51,86,3.1,4.6,7.0,1,47
1782931142.440,279.550,291.7,79.14,100,49,90,5823.1,4.5,288.9,79.15,100,48,86,2.8,2913.4,282.3,79.15,100,49,89,18813.1,14735.6,284.3,79.14,100,48,85,2.3,4.9,7.0,1,47
1782931142.880,279.991,301.4,79.14,100,48,91,2.6,5.5,298.8,79.15,99,50,86,18018.7,19234.3,294.4,79.15,100,49,89,5.7,7.7,282.2,79.14,100,54,87,11013.4,16010.2,7.0,1,47
1782931143.331,280.442,299.1,79.14,100,46,91,15927.2,5.7,292.5,79.15,100,40,86,3.1,17115.6,286.3,79.15,100,44,89,20745.5,6.5,272.0,79.14,100,40,87,2.2,8913.7,7.0,1,47
1782931143.774,280.885,297.8,79.14,100,39,91,2865.4,15745.4,282.6,79.15,99,45,86,18278.3,5.2,276.2,79.15,99,43,90,2.1,8007.6,263.9,79.14,100,46,87,19236.3,9342.2,7.0,1,47
1782931144.215,281.325,300.6,79.14,100,52,91,19391.3,15389.2,286.7,79.15,100,51,86,2388.6,5.1,280.1,79.15,100,52,90,2.3,17230.3,271.0,79.14,100,52,87,20747.2,5.3,7.0,1,47
1782931144.657,281.768,299.1,79.14,100,49,90,20041.4,17111.8,291.3,79.15,100,49,85,2.8,7.6,283.4,79.15,100,49,90,5.5,17250.4,271.0,79.14,100,52,87,20763.8,6.5,7.0,1,47
1782931145.104,282.215,301.4,79.14,100,56,91,20706.9,17109.4,291.3,79.15,100,49,85,4.0,5.0,283.4,79.15,100,49,90,3.3,11948.9,276.2,79.14,100,49,86,18809.2,5619.8,7.0,1,47
1782931145.545,282.656,300.2,79.14,100,50,91,10073.7,15418.2,293.2,79.15,100,57,86,11419.0,4.8,287.1,79.15,100,57,90,4.9,2602.4,276.4,79.14,100,54,87,19041.7,15034.1,7.0,1,47
1782931145.988,283.099,300.2,79.14,100,50,91,5525.9,15606.1,294.0,79.15,100,46,86,15860.9,4.8,286.8,79.15,100,48,89,2.7,3.9,276.0,79.14,100,46,87,20296.5,17216.5,7.0,1,47
1782931146.430,283.540,299.8,79.14,100,55,91,4528.9,15967.3,295.3,79.15,100,52,86,16801.4,4.8,287.3,79.15,100,54,90,2.8,1268.2,277.4,79.14,100,54,87,19308.8,16228.0,7.0,1,47
1782931146.870,283.981,299.4,79.14,100,46,91,20704.8,6.2,292.6,79.15,100,45,85,3.0,7527.0,285.0,79.15,100,46,89,19462.5,9121.8,275.2,79.14,100,46,86,3.6,5.3,7.0,1,47
1782931147.312,284.423,296.8,79.14,100,46,91,3421.6,23171.0,288.2,79.15,100,45,86,24154.7,17176.4,280.0,79.15,100,46,89,23804.1,17209.7,271.0,79.14,100,45,87,20744.9,17201.0,9.0,5,43
1782931147.754,284.865,290.2,79.14,99,14,90,9.1,5.7,278.3,79.15,99,53,86,6856.0,15536.2,271.5,79.15,99,53,90,14209.4,4.3,261.9,79.14,100,50,86,3.4,4.2,9.0,5,43
1782931148.203,285.314,292.8,79.14,100,53,90,20705.0,4.7,285.9,79.15,99,49,85,4.8,4.6,279.3,79.15,99,49,90,8087.8,15576.1,269.9,79.14,100,48,87,13328.6,4.4,9.0,5,43
1782931148.645,285.756,302.8,79.14,100,50,90,17071.7,15533.1,302.0,79.15,100,49,85,4193.0,5.5,296.0,79.15,100,50,90,6.8,17265.9,269.9,79.14,100,48,87,20753.4,7.0,9.0,5,43
1782931149.142,286.253,300.8,79.14,100,52,91,2.1,5359.9,293.7,79.15,100,46,86,19690.6,11997.0,288.1,79.15,100,46,90,2.1,5.7,285.8,79.14,100,47,86,19461.6,16002.6,9.0,5,43
1782931149.583,286.694,296.6,79.14,100,40,90,7862.3,6.5,293.7,79.15,100,46,86,518.2,16731.2,288.1,79.15,100,46,90,19807.6,6.1,276.4,79.14,100,46,86,4.5,17216.5,9.0,5,43
1782931150.028,287.139,295.6,79.14,100,45,90,15545.4,15860.3,287.3,79.15,100,45,85,5650.2,5.3,280.1,79.15,100,47,89,2.0,17210.0,268.7,79.14,100,42,86,20751.1,4.6,9.0,5,43
1782931150.471,287.581,295.6,79.14,100,45,90,19538.5,14907.7,286.8,79.15,100,45,86,2.0,5.1,278.4,79.15,100,45,89,4766.0,16139.6,270.2,79.14,100,51,87,15935.1,4.6,9.0,5,43
1782931150.911,288.022,299.9,79.14,100,50,91,18945.3,7556.5,287.8,79.15,100,46,85,6.6,7.0,280.4,79.15,100,46,90,1089.9,16506.6,270.8,79.14,100,49,86,19689.8,4.6,9.0,5,43
1782931151.352,288.463,302.7,79.14,100,48,91,20707.7,17110.4,294.7,79.15,100,58,86,1.9,4.7,286.7,79.15,100,56,89,3.6,14569.8,277.3,79.14,100,57,87,18955.3,2872.4,9.0,5,43
1782931151.793,288.904,301.7,79.14,100,51,91,11838.3,15382.2,294.4,79.15,100,48,85,8633.1,4.7,286.5,79.15,100,49,90,2.9,7283.7,277.4,79.14,100,48,86,19053.9,10034.7,9.0,5,43
1782931152.237,289.348,299.4,79.14,100,46,90,15046.5,15444.0,293.4,79.15,100,49,86,6892.7,4.7,286.3,79.15,99,48,89,2.5,5126.2,277.4,79.14,100,56,87,19083.4,12418.4,9.0,5,43
1782931152.678,289.789,299.8,79.14,100,53,91,13858.4,15875.1,293.2,79.15,100,48,86,7220.7,10.0,286.7,79.15,100,49,90,8.6,14843.1,275.5,79.14,100,45,86,18968.9,2524.9,9.0,5,43
1782931153.122,290.232,299.5,79.14,100,43,91,4917.9,5.3,293.2,79.15,100,48,86,5.3,17124.4,282.6,79.15,100,44,90,20747.8,5.9,275.5,79.14,100,45,86,2.1,10503.7,9.0,5,43
1782931153.564,290.675,298.5,79.14,100,45,91,20792.5,19139.0,289.0,79.15,100,44,86,20458.1,20989.1,282.6,79.15,100,44,90,20327.5,19313.7,269.5,79.14,100,47,87,20677.4,16906.5,12.0,9,39
1782931154.010,291.121,298.5,79.14,100,45,91,3.3,3.9,284.9,79.15,98,34,85,18875.2,15501.4,277.9,79.15,98,37,88,2434.0,4.2,259.8,79.14,99,13,85,2.6,3.5,12.0,9,39
1782931154.451,291.562,290.4,79.14,100,52,90,20382.9,4.3,282.9,79.15,100,50,86,2.7,4.4,276.2,79.15,100,50,90,16629.4,15448.1,268.5,79.14,100,50,86,4717.6,4.5,12.0,9,39
1782931154.891,292.002,293.5,79.14,100,50,90,20706.1,17115.6,293.8,79.15,100,49,85,11.4,7.3,287.2,79.15,100,50,88,7.5,11070.5,286.4,79.14,100,48,86,19009.2,6532.7,12.0,9,39
1782931155.332,292.443,301.2,79.14,100,47,91,19465.6,8568.5,300.0,79.15,100,50,86,3.0,5.5,293.1,79.15,100,53,89,20766.3,17200.6,281.5,79.14,100,52,87,2.4,5.5,12.0,9,39
1782931155.773,292.884,298.8,79.14,100,46,91,6108.2,16183.7,291.1,79.15,100,41,86,14917.9,5.8,285.3,79.15,100,41,89,2.2,17219.2,271.0,79.14,100,41,86,20744.3,6.5,12.0,9,39
1782931156.220,293.331,296.1,79.14,100,38,91,3.9,5.1,284.1,79.15,100,46,85,1620.1,16277.7,276.3,79.15,100,47,90,18533.9,5.4,265.3,79.14,100,45,85,2.9,8938.9,12.0,9,39
1782931156.662,293.773,300.6,79.14,100,55,91,1.7,4.7,286.5,79.15,100,53,86,20719.0,17109.6,278.1,79.15,100,53,89,10.3,7.9,265.3,79.14,100,45,85,6.0,17249.5,12.0,9,39
1782931157.105,294.216,299.3,79.14,100,48,91,2.4,4324.0,286.5,79.15,100,53,86,19123.0,13297.2,278.1,79.15,100,53,89,3.2,5.3,270.1,79.14,100,51,87,491.7,17266.2,12.0,9,39
1782931157.547,294.658,302.1,79.14,100,56,91,1.8,4.5,293.6,79.15,100,50,86,20729.4,16896.0,286.6,79.15,100,50,88,2.1,4.9,276.3,79.14,100,48,87,2.4,12548.8,12.0,9,39
1782931157.991,295.102,302.1,79.14,100,56,91,4.8,4.5,294.0,79.15,100,52,86,19296.9,15410.0,286.7,79.15,100,56,90,2036.4,5.4,276.6,79.14,99,48,87,3.6,10998.4,12.0,9,39
1782931158.439,295.550,300.1,79.14,100,50,90,2.8,4.4,293.5,79.15,99,46,85,20727.7,16992.0,286.6,79.15,99,47,90,2.5,4.8,276.4,79.14,100,46,86,2.0,11713.7,12.0,9,39
1782931158.881,295.992,300.7,79.14,100,58,91,2.0,4.7,293.2,79.15,100,51,86,20723.9,17108.4,286.2,79.15,100,54,90,6.8,7.2,277.8,79.14,99,51,87,3770.7,15990.3,12.0,9,39
1782931159.332,296.443,299.2,79.14,100,45,90,19540.6,10845.7,292.5,79.15,99,46,86,2.1,5.6,285.2,79.15,99,47,89,20765.6,17191.6,274.2,79.14,100,43,87,2.2,5.8,12.0,9,39
1782931159.775,296.885,296.7,79.14,100,45,91,5.2,17197.2,289.3,79.15,100,43,86,23742.1,17329.9,282.6,79.15,100,43,89,23081.7,17268.6,271.8,79.14,100,44,87,23684.6,16649.7,15.0,13,35
1782931160.219,297.330,289.3,79.14,99,30,89,3.4,3.9,279.4,79.15,100,53,85,3.4,10062.0,272.2,79.15,99,53,88,18625.9,7634.0,262.3,79.14,100,50,87,3.5,4.5,15.0,13,35
1782931160.661,297.772,292.5,79.14,100,51,90,20708.5,17108.8,286.1,79.15,100,47,86,1.9,7.6,279.9,79.15,100,48,88,10.9,13860.6,262.3,79.14,100,50,87,19445.3,2874.6,15.0,13,35
1782931161.105,298.216,304.0,79.14,100,51,91,2.4,17114.5,286.1,79.15,100,47,86,20706.4,4.8,279.9,79.15,100,48,88,2.9,5.6,272.4,79.14,100,48,86,17565.2,15312.6,15.0,13,35
1782931161.547,298.658,298.0,79.14,100,48,90,12965.6,15848.8,301.7,79.15,100,58,86,8361.0,6.0,295.8,79.15,100,57,89,3.0,17231.1,284.5,79.14,100,55,87,20750.5,5.5,15.0,13,35
1782931161.988,299.099,298.0,79.14,100,48,90,5.2,5.9,293.3,79.15,100,46,87,20316.7,17104.3,286.0,79.15,100,47,90,2.2,5.8,276.7,79.14,100,46,86,17466.4,15981.8,15.0,13,35
1782931162.430,299.541,295.7,79.14,100,44,90,20707.4,4.8,286.2,79.15,100,43,86,4.4,4.5,278.9,79.15,100,47,89,20762.2,17189.9,265.6,79.14,99,38,87,2.8,5.6,15.0,13,35
1782931162.872,299.983,299.8,79.14,100,46,91,2.8,4.6,286.6,79.15,100,44,86,1.9,14542.2,279.6,79.15,100,45,89,20868.1,7.8,268.9,79.14,100,55,87,2.8,5.0,15.0,13,35
1782931163.318,300.429,300.0,79.14,100,47,90,2.7,4.7,288.1,79.15,100,49,85,4684.0,15957.6,280.4,79.15,99,49,89,16015.4,4.7,272.2,79.14,100,46,86,2.8,4.1,15.0,13,35
1782931163.759,300.869,302.7,79.14,100,55,91,6.3,4.8,291.4,79.15,100,58,86,5.6,17160.8,284.2,79.15,100,59,90,20751.4,4.7,276.5,79.14,100,57,87,1.9,4.7,15.0,13,35
1782931164.207,301.318,300.6,79.14,99,48,90,1.8,4.5,293.8,79.15,100,49,85,2.0,11681.9,286.5,79.15,100,50,88,18826.4,5736.8,277.3,79.14,100,48,87,3.6,5.0,15.0,13,35
1782931164.648,301.759,299.3,79.14,100,52,91,1.8,4.4,294.4,79.15,100,53,86,1.9,13032.6,287.2,79.15,100,53,90,18613.9,3386.3,277.3,79.14,100,48,87,9.2,6.8,15.0,13,35
1782931165.097,302.208,299.7,79.14,100,47,91,2.4,4.6,294.4,79.15,100,53,86,2.8,17135.6,287.2,79.15,100,53,90,20747.0,5.4,278.2,79.14,100,59,87,3.7,4.9,15.0,13,35
1782931165.539,302.650,297.9,79.14,100,43,91,4.5,13860.9,292.8,79.15,100,47,86,19565.2,3658.9,285.2,79.15,100,48,88,2.2,5.2,275.3,79.14,100,45,86,20291.8,17189.5,15.0,13,35
1782931165.980,303.091,297.9,79.14,100,43,91,11556.7,5.7,289.4,79.15,100,46,85,3.9,17197.5,280.9,79.15,100,47,88,24136.5,16997.4,271.8,79.14,100,45,87,23475.9,17209.9,18.0,17,31
1782931166.423,303.533,297.8,79.14,100,46,90,18881.8,3747.2,282.4,79.15,98,23,86,5.6,4.2,275.4,79.15,98,25,88,2.1,17132.3,258.6,79.14,99,27,85,20248.1,377.8,18.0,17,31
1782931166.865,303.976,291.9,79.14,100,51,91,2.3,4637.2,284.8,79.15,100,52,86,18916.8,13174.8,277.4,79.15,100,52,89,3.9,7.9,268.6,79.14,99,49,86,4.4,17293.1,18.0,17,31
1782931167.309,304.420,295.2,79.14,100,49,90,1.9,4.6,290.9,79.15,100,57,86,1182.6,16118.2,289.3,79.15,100,54,89,19684.6,4.7,287.8,79.14,100,52,87,3.6,4.2,18.0,17,31
1782931167.749,304.860,299.9,79.14,100,53,91,8.3,8.3,295.4,79.15,100,46,86,20718.9,17105.9,289.1,79.15,100,49,90,2.2,5.9,278.3,79.14,100,47,86,15019.4,16092.7,18.0,17,31
1782931168.198,305.308,298.4,79.14,100,44,91,16508.1,5.7,287.7,79.15,100,44,86,3.0,15867.8,280.4,79.15,100,43,89,19352.5,1140.5,269.4,79.14,100,45,86,3.0,3582.8,18.0,17,31
1782931168.641,305.752,295.4,79.14,100,42,91,20709.0,17115.6,287.3,79.15,100,46,85,2.8,5.1,277.4,79.15,100,46,88,7.1,17233.2,269.4,79.14,100,45,86,20755.1,9.8,18.0,17,31
1782931169.085,306.196,297.1,79.14,100,48,90,20707.8,5.0,287.3,79.15,100,46,85,2.3,4.7,277.4,79.15,100,46,88,17411.4,15733.2,269.8,79.14,100,46,87,3523.3,4.9,18.0,17,31
1782931169.527,306.637,303.4,79.14,100,45,91,20708.9,4.7,288.2,79.15,99,46,85,4.7,4.2,278.4,79.15,99,47,90,20771.5,17199.6,270.2,79.14,100,45,85,1.9,4.7,18.0,17,31
1782931169.969,307.080,303.4,79.14,100,45,91,20706.0,4.7,292.7,79.15,100,55,86,2.7,9.6,286.0,79.15,100,57,89,19225.1,15189.2,275.1,79.14,100,55,87,2637.0,4.7,18.0,17,31
1782931170.416,307.526,300.0,79.14,99,48,90,18966.2,3656.6,293.7,79.15,99,48,85,1.8,4.6,285.9,79.15,99,49,89,1962.7,16057.3,276.1,79.14,100,48,85,19393.2,4.9,18.0,17,31
1782931170.856,307.967,299.8,79.14,100,50,91,19238.7,7029.6,296.6,79.15,100,51,86,1.9,4.6,287.1,79.15,100,51,89,1080.3,16755.0,279.0,79.14,100,55,87,20754.9,4.7,18.0,17,31
1782931171.297,308.408,300.6,79.14,100,51,90,19498.1,16958.8,293.4,79.15,100,46,85,2.1,4.9,286.5,79.15,100,47,90,2.0,17240.5,276.3,79.14,100,47,86,20754.3,5.1,18.0,17,31
1782931171.738,308.849,298.8,79.14,100,46,91,7601.3,8.5,291.3,79.15,100,48,86,7045.8,15913.4,284.4,79.15,100,51,89,11904.3,5.5,272.7,79.14,100,42,87,2.1,17127.5,18.0,17,31
1782931172.189,309.300,299.7,79.14,100,43,91,20190.5,17114.0,289.5,79.15,100,43,86,2.1,5.7,282.5,79.15,100,44,90,16863.6,20552.2,270.2,79.14,100,48,86,20752.3,18883.9,21.0,21,27
1782931172.634,309.745,289.4,79.14,99,43,90,14643.9,15508.8,280.4,79.15,99,51,86,7010.9,4.1,272.3,79.15,100,52,88,2.8,9.7,270.2,79.14,100,48,86,20440.2,16885.3,21.0,21,27
1782931173.079,310.190,293.4,79.14,100,52,90,1.9,4.3,280.4,79.15,99,51,86,4014.1,15661.1,272.3,79.15,100,52,88,17300.0,4.4,265.6,79.14,100,50,87,2.8,4.5,21.0,21,27
1782931173.520,310.631,301.7,79.14,100,63,91,17388.9,4.7,288.9,79.15,100,54,86,4.3,7.0,282.3,79.15,100,52,89,19723.3,17199.7,275.2,79.14,100,51,87,4.3,4.6,21.0,21,27
1782931173.961,311.072,301.7,79.14,100,63,91,18206.7,8.0,299.0,79.15,100,59,86,2.1,13661.9,293.4,79.15,100,59,89,19349.2,3561.4,281.2,79.14,100,54,87,2.2,505.7,21.0,21,27
1782931174.408,311.519,296.3,79.14,100,46,90,20707.4,17109.6,292.7,79.15,100,46,86,2.3,5.7,285.1,79.15,100,47,89,5873.5,16247.8,275.7,79.14,100,45,87,14786.6,6.0,21.0,21,27
1782931174.849,311.959,296.3,79.14,100,45,91,2.0,4.5,286.8,79.15,100,42,86,20224.7,17103.9,280.3,79.15,99,44,89,2.0,5.4,266.2,79.14,100,43,86,1934.1,16140.6,21.0,21,27
1782931175.292,312.403,299.9,79.14,100,47,91,1.7,17114.7,284.8,79.15,100,44,86,20704.3,4.8,277.2,79.15,100,45,90,1.8,4.5,266.7,79.14,100,49,86,20781.9,17207.8,21.0,21,27
1782931175.733,312.844,299.4,79.14,100,45,90,13057.3,15822.1,291.1,79.15,100,51,86,1487.5,6.8,281.4,79.15,100,51,89,2.4,10994.2,276.5,79.14,100,47,87,18867.6,6685.4,21.0,21,27
1782931176.180,313.291,300.3,79.14,100,53,91,7887.0,16081.6,292.2,79.15,100,48,86,13456.2,4.6,284.9,79.15,99,49,90,3.9,4.7,275.4,79.14,100,48,86,19723.8,17199.3,21.0,21,27
1782931176.621,313.732,301.1,79.14,100,49,90,1.8,17116.7,292.2,79.15,100,48,86,20706.9,4.6,287.5,79.15,100,50,88,2.5,7.7,275.4,79.14,100,48,86,17484.1,15470.2,21.0,21,27
1782931177.064,314.175,301.5,79.14,100,55,91,2.4,17117.4,295.3,79.15,100,50,86,20704.5,4.6,287.5,79.15,100,50,88,2.3,4.7,277.4,79.14,100,49,87,11372.4,15441.3,21.0,21,27
1782931177.506,314.617,301.5,79.14,100,55,91,2.7,14078.9,295.6,79.15,100,48,86,19179.7,3647.7,288.1,79.15,100,51,90,1.9,4.8,277.7,79.14,100,50,87,9821.7,15841.9,21.0,21,27
1782931177.947,315.058,299.2,79.14,100,49,90,20710.6,17115.1,293.6,79.15,100,46,86,3.3,12.5,285.9,79.15,100,47,88,16158.1,15834.4,275.2,79.14,100,45,87,4901.5,6.3,21.0,21,27
1782931178.395,315.506,297.6,79.14,100,45,91,2.9,2047.3,293.1,79.15,99,47,85,19759.8,15152.2,285.3,79.15,99,48,88,3.6,5.8,273.8,79.14,99,45,86,19734.4,18231.3,24.0,25,23
1782931178.839,315.950,298.2,79.14,100,47,90,3.5,4.5,281.1,79.15,98,13,86,10977.8,15707.8,273.7,79.15,98,15,88,9868.2,4.8,259.4,79.14,99,40,86,5.4,6.5,24.0,25,23
1782931179.284,316.395,294.4,79.14,100,53,91,20705.7,4.7,286.1,79.15,99,59,86,1.9,4.7,279.2,79.15,99,58,88,2451.1,15849.7,269.3,79.14,100,48,87,18853.9,4.6,24.0,25,23
1782931179.725,316.836,295.4,79.14,100,56,91,9976.3,15354.8,299.3,79.15,100,61,86,11573.4,5.3,285.3,79.15,100,62,89,5.1,4977.1,287.6,79.14,100,61,87,19028.5,12602.7,24.0,25,23
1782931180.172,317.283,298.1,79.14,100,47,90,14966.5,15602.6,294.3,79.15,99,46,85,6896.2,5.5,287.5,79.15,99,47,90,4.5,17239.2,277.1,79.14,100,46,86,20747.5,5.9,24.0,25,23
1782931180.613,317.724,296.7,79.14,100,44,91,2.1,5.3,294.3,79.15,99,46,85,20327.1,17104.1,287.5,79.15,99,47,90,3.2,7.9,277.1,79.14,100,46,86,17540.5,15936.8,24.0,25,23
1782931181.057,318.168,296.3,79.14,100,43,90,11879.6,5.2,291.3,79.15,100,44,86,3.0,13998.0,283.0,79.15,100,45,90,19329.8,3291.2,272.1,79.14,100,46,86,2.0,4.9,24.0,25,23
1782931181.498,318.609,296.3,79.14,100,43,90,2.9,4.6,287.7,79.15,100,46,86,12946.0,15883.6,279.3,79.15,100,46,89,7764.1,4.7,269.1,79.14,100,48,87,1.9,5027.0,24.0,25,23
1782931181.941,319.052,297.7,79.14,100,48,90,7.5,4.2,288.0,79.15,100,46,85,19958.2,17106.4,280.0,79.15,100,47,88,2.4,4.9,269.9,79.14,100,45,86,491.2,16787.7,24.0,25,23
1782931182.386,319.497,301.9,79.14,100,49,91,2.5,3.9,290.8,79.15,99,51,86,20231.9,17108.2,283.8,79.15,99,55,89,3.8,5.1,273.0,79.14,100,49,87,1.9,14892.2,24.0,25,23
1782931182.827,319.938,301.4,79.14,100,48,90,1.9,4.3,293.9,79.15,100,47,86,20607.3,15866.0,287.3,79.15,100,48,89,68.7,4.5,276.8,79.14,100,48,87,4.5,5395.8,24.0,25,23
1782931183.270,320.381,301.7,79.14,100,57,91,1.9,4.7,296.4,79.15,100,51,86,20722.0,17108.3,288.5,79.15,100,52,90,1.9,4.7,278.5,79.14,100,51,87,2.0,9942.5,24.0,25,23
1782931183.713,320.824,299.6,79.14,100,49,90,6.0,7.6,293.4,79.15,100,47,86,20726.2,17113.0,286.8,79.15,100,49,89,5.6,5.0,276.3,79.14,100,47,87,4.5,17250.5,24.0,25,23
1782931184.161,321.272,299.1,79.14,99,49,91,8586.0,15953.1,291.4,79.15,100,47,86,12347.6,5.7,283.6,79.15,100,48,89,2.1,17225.7,276.3,79.14,100,47,87,20752.6,6.1,24.0,25,23
1782931184.602,321.713,298.1,79.14,100,41,90,2.4,5.2,291.4,79.15,100,47,86,17690.3,15919.6,283.6,79.15,100,48,89,2812.7,6.9,273.1,79.14,100,46,85,7419.1,28377.0,27.0,29,19
1782931185.052,322.163,292.3,79.14,99,63,91,3.5,4.4,288.0,79.15,100,46,86,3742.4,15938.7,280.0,79.15,100,46,89,16947.0,4.1,270.3,79.14,100,47,86,1.9,4.2,27.0,29,19
1782931185.494,322.605,292.3,79.14,99,63,91,18702.9,8240.9,283.4,79.15,100,60,86,1.8,4.5,276.1,79.15,100,61,89,3.3,17264.3,268.4,79.14,100,65,87,20757.3,4.6,27.0,29,19
1782931185.936,323.047,294.7,79.14,100,67,91,6.1,17119.0,288.4,79.15,99,59,86,20710.2,4.9,282.4,79.15,100,61,89,3.1,4.6,272.6,79.14,99,59,87,20652.0,15345.1,27.0,29,19
1782931186.379,323.490,298.9,79.14,100,49,90,2.3,17114.5,297.5,79.15,100,48,85,20704.8,5.6,292.3,79.15,100,50,90,4.2,5711.7,278.9,79.14,99,46,86,19486.1,11074.3,27.0,29,19
1782931186.820,323.931,299.8,79.14,100,46,91,2.2,5.9,293.2,79.15,100,42,86,10312.6,16156.6,287.3,79.15,100,44,89,9955.4,5.8,274.8,79.14,100,46,87,4.6,17249.1,27.0,29,19
1782931187.265,324.376,298.3,79.14,100,42,91,20707.2,5.6,287.0,79.15,100,44,86,3.2,14.1,279.3,79.15,100,46,90,19692.6,17187.7,268.8,79.14,100,45,86,1.9,5.0,27.0,29,19
1782931187.707,324.818,295.4,79.14,100,46,90,5.0,7.5,286.0,79.15,100,47,85,9359.8,15803.5,277.7,79.15,100,48,88,7577.4,4.7,269.8,79.14,100,46,86,3.6,4314.2,27.0,29,19
1782931188.161,325.272,301.4,79.14,100,46,91,1.9,4.9,290.6,79.15,100,56,86,20229.5,17108.1,282.7,79.15,100,59,89,2.3,4.9,269.8,79.14,100,46,86,2.8,17272.2,27.0,29,19
1782931188.605,325.716,302.3,79.14,100,49,91,1.8,4.3,290.6,79.15,100,56,86,20616.5,16079.8,282.7,79.15,100,59,89,15.7,5.2,272.3,79.14,99,46,87,6.2,17258.2,27.0,29,19
1782931189.055,326.166,301.4,79.14,100,56,91,4.0,4.4,293.6,79.15,100,48,86,20598.5,15989.7,286.7,79.15,100,49,90,35.6,5.5,277.1,79.14,100,48,86,1.8,5226.9,27.0,29,19
1782931189.498,326.609,301.4,79.14,100,56,91,3.2,4.7,294.4,79.15,100,59,86,19736.9,15544.8,288.3,79.15,100,60,89,1276.3,4.6,279.2,79.14,100,58,87,2.3,3746.6,27.0,29,19
1782931189.941,327.052,299.1,79.14,100,48,90,6.0,4.8,293.7,79.15,100,49,85,13206.1,15300.1,286.1,79.15,100,50,88,8157.9,5.0,276.1,79.14,100,47,86,2.8,5783.4,27.0,29,19
1782931190.384,327.495,300.6,79.14,100,57,91,3.0,17117.7,292.9,79.15,100,51,86,20703.4,5.7,285.5,79.15,100,51,89,4.2,7246.2,274.8,79.14,99,48,87,19398.0,9805.3,27.0,29,19
1782931190.825,327.936,300.1,79.14,100,46,91,2.2,5.5,290.2,79.15,100,45,86,1302.8,16036.5,282.8,79.15,100,46,89,19178.1,6.0,269.7,79.14,100,45,87,4.6,15074.3,30.0,33,15
1782931191.269,328.380,297.6,79.14,99,44,91,1.9,4.3,279.1,79.15,100,13,85,1.9,8048.8,271.7,79.15,100,13,89,19054.2,9479.5,264.4,79.14,100,63,87,1.8,4.0,30.0,33,15
1782931191.710,328.821,292.8,79.14,100,59,91,18974.0,15243.3,284.9,79.15,100,58,87,3295.7,9.4,277.9,79.15,100,61,90,5.5,789.7,271.3,79.14,100,63,87,19898.1,16717.0,30.0,33,15
1782931192.158,329.268,291.1,79.14,100,50,90,3.8,1731.9,290.8,79.15,100,49,85,19762.5,14257.8,291.5,79.15,100,49,90,1.9,4.9,271.3,79.14,100,63,87,1081.6,16786.9,30.0,33,15
1782931192.600,329.711,298.9,79.14,100,46,90,1.9,1613.7,290.8,79.15,100,49,85,19335.5,15659.4,291.5,79.15,100,49,90,4.2,5.8,280.8,79.14,100,48,87,16879.7,16089.1,30.0,33,15
1782931193.042,330.153,298.9,79.14,100,45,91,20705.0,5.8,299.4,79.15,100,47,86,3.8,14369.2,290.4,79.15,100,47,88,19242.1,2621.3,279.2,79.14,100,44,87,3.1,749.5,30.0,33,15
1782931193.485,330.596,298.9,79.14,100,45,91,20708.6,17107.7,292.4,79.15,100,40,86,2.8,5.3,285.6,79.15,100,41,89,1073.3,16733.3,272.3,79.14,100,43,87,20253.3,4.9,30.0,33,15
1782931193.926,331.037,299.0,79.14,100,43,91,16071.3,7.5,283.7,79.15,100,45,86,3.2,1093.4,276.6,79.15,100,46,89,19356.5,16002.1,264.4,79.14,100,45,87,3.6,4.7,30.0,33,15
1782931194.370,331.481,300.4,79.14,100,46,91,2775.7,4.8,288.2,79.15,100,52,86,1.9,9203.4,280.3,79.15,100,54,89,18837.4,7885.9,271.2,79.14,100,46,87,2.6,4.8,30.0,33,15
1782931194.812,331.923,298.4,79.14,100,46,91,6004.1,4.4,292.6,79.15,100,49,85,1.9,47.3,284.1,79.15,100,50,88,19689.3,16962.2,276.4,79.14,100,49,87,2.7,4.9,30.0,33,15
1782931195.254,332.365,301.1,79.14,100,50,91,18367.3,4.5,294.9,79.15,100,53,86,4.4,4.3,287.0,79.15,99,56,89,20771.6,17204.9,278.8,79.14,100,55,87,1.9,4.7,30.0,33,15
1782931195.695,332.806,301.1,79.14,100,50,90,20706.6,9.1,293.9,79.15,100,46,85,5.0,6.3,286.9,79.15,100,47,89,20786.0,17197.0,276.5,79.14,100,49,85,3.2,4.7,30.0,33,15
1782931196.140,333.251,299.5,79.14,100,47,90,20705.7,4.5,294.1,79.15,100,55,86,3.6,5.3,286.6,79.15,100,56,89,17106.8,15360.7,276.5,79.14,100,49,85,4287.3,10.4,30.0,33,15
1782931197.057,334.168,296.5,79.14,100,44,90,16184.9,5.5,292.0,79.15,99,45,85,4.6,14440.7,284.5,79.15,99,46,89,18876.3,2818.8,274.8,79.14,99,46,86,3.0,702.5,33.0,37,11
1782931197.500,334.611,296.5,79.14,100,44,90,8386.0,4.3,287.3,79.15,100,47,86,2.7,3.8,279.5,79.15,100,48,89,20782.4,17192.3,267.5,79.14,98,44,87,2.7,4.3,33.0,37,11
1782931197.942,335.053,292.7,79.14,100,61,91,4.7,17113.7,279.8,79.15,100,50,86,19248.8,4.5,273.3,79.15,100,52,90,2.4,4.5,264.4,79.14,100,56,87,15371.8,15284.9,33.0,37,11
1782931198.385,335.496,294.2,79.14,100,52,90,2.4,4.0,285.6,79.15,100,49,86,20733.7,15824.2,279.2,79.15,100,48,90,27.1,4.9,271.0,79.14,100,48,87,2.8,9708.8,33.0,37,11
1782931198.829,335.940,299.9,79.14,100,50,89,1.9,4.7,301.1,79.15,100,47,85,20720.5,16962.3,294.4,79.15,100,48,89,2.2,5.9,282.4,79.14,100,46,86,4543.6,16441.1,33.0,37,11
1782931199.273,336.384,298.3,79.14,100,44,91,20706.0,5.7,293.9,79.15,100,46,85,2.2,12122.8,286.3,79.15,100,48,88,19392.4,4779.7,276.4,79.14,100,45,86,2.1,6.1,33.0,37,11
1782931199.717,336.828,297.3,79.14,100,46,90,20711.9,17114.1,287.4,79.15,100,42,86,4.2,10.6,279.2,79.15,100,44,89,8864.1,16239.4,267.6,79.14,99,44,87,11593.0,4.8,33.0,37,11
1782931200.165,337.275,297.3,79.14,100,45,91,7749.0,4.7,288.7,79.15,99,50,86,2.9,5085.5,280.4,79.15,99,50,89,19366.1,12184.2,267.6,79.14,99,44,87,2.8,5.0,33.0,37,11
1782931200.606,337.717,299.4,79.14,100,45,90,1.9,4.8,288.7,79.15,99,50,86,2.2,17136.3,280.4,79.15,99,50,89,20748.0,5.3,270.4,79.14,100,50,87,6.0,10.0,33.0,37,11
1782931201.049,338.160,302.7,79.14,100,50,91,3.5,4.5,288.5,79.15,100,48,85,3.5,14165.0,280.9,79.15,100,49,89,18723.3,3518.1,273.0,79.14,100,48,86,4.1,4.6,33.0,37,11
1782931201.492,338.603,302.7,79.14,100,50,91,2.9,4.8,294.4,79.15,100,55,86,1.9,8382.6,286.8,79.15,100,58,89,19237.1,7363.1,277.3,79.14,100,56,87,2.8,4.6,33.0,37,11
1782931201.935,339.045,301.2,79.14,100,48,90,2509.8,6.1,294.4,79.15,100,48,85,4.5,11695.6,286.7,79.15,100,49,90,18704.6,5736.2,276.8,79.14,100,48,86,3.5,4.6,33.0,37,11
1782931202.377,339.488,299.1,79.14,100,48,91,2764.4,4.5,295.4,79.15,100,58,86,1.8,5874.8,287.0,79.15,100,60,89,18995.1,11459.7,276.2,79.14,100,52,87,2.8,4.9,33.0,37,11
1782931202.818,339.929,299.8,79.14,100,48,90,2.0,5.6,292.6,79.15,100,45,86,20713.1,17106.7,285.0,79.15,99,46,88,2.6,5.7,275.0,79.14,100,46,87,11041.1,19302.5,33.0,37,11
1782931203.266,340.377,297.7,79.14,100,43,90,20707.2,5.4,287.2,79.15,100,46,86,3.8,7413.6,279.5,79.15,100,47,89,19537.7,9529.6,271.1,79.14,100,44,87,2.2,5.6,35.0,41,7
1782931203.708,340.819,296.4,79.14,98,32,89,18962.5,7.3,276.5,79.15,99,26,85,6.2,267.0,269.2,79.15,99,23,90,19317.1,16713.2,260.6,79.14,100,52,86,2.1,4.2,35.0,41,7
1782931204.161,341.271,292.2,79.14,100,52,90,7127.6,15547.5,285.3,79.15,99,51,85,14198.1,4.5,278.1,79.15,99,50,89,2.9,4.3,260.6,79.14,100,52,86,20629.8,15168.1,35.0,41,7
1782931204.602,341.713,296.3,79.14,99,51,90,1.7,4.2,285.3,79.15,99,51,85,20727.3,17112.6,278.1,79.15,99,50,89,4.6,5.9,269.1,79.14,100,48,85,5.4,17300.3,35.0,41,7
1782931205.052,342.162,299.6,79.14,100,51,91,3.1,1950.3,296.9,79.15,100,48,86,19661.5,15257.6,296.6,79.15,100,48,88,2.2,5.6,286.1,79.14,100,49,86,16561.7,15657.3,35.0,41,7
1782931205.493,342.604,299.6,79.14,100,51,91,19419.8,5.9,295.4,79.15,100,47,86,3.1,17108.7,289.1,79.15,100,51,89,20754.7,5.8,276.6,79.14,100,46,86,2.1,7194.1,35.0,41,7
1782931205.937,343.048,296.9,79.14,100,38,91,20711.7,17105.7,287.1,79.15,100,45,86,4.6,5.2,279.5,79.15,100,46,90,6331.1,16130.7,269.2,79.14,100,46,85,14219.9,4.8,35.0,41,7
1782931206.378,343.489,295.5,79.14,100,45,90,10632.3,10.2,287.4,79.15,100,46,86,2.8,5771.3,278.6,79.15,100,47,88,19001.4,11458.9,269.5,79.14,100,45,86,1.9,4.8,35.0,41,7
1782931206.822,343.933,298.6,79.14,99,47,90,2.1,4.6,287.8,79.15,100,46,85,1.8,17148.5,279.8,79.15,100,47,88,20749.4,4.7,270.5,79.14,100,47,87,2.8,7.6,35.0,41,7
1782931207.264,344.375,303.5,79.14,100,56,91,4.9,4.4,292.0,79.15,100,54,86,3.5,17150.6,285.1,79.15,100,55,89,20747.7,5.4,274.8,79.14,100,57,87,1.9,4.5,35.0,41,7
1782931207.705,344.816,301.1,79.14,100,48,90,5.1,7.6,294.7,79.15,100,48,85,5.5,16086.2,286.7,79.15,100,48,88,20105.9,8.3,277.4,79.14,100,48,86,2.0,4.8,35.0,41,7
1782931208.150,345.261,300.0,79.14,99,50,91,1.8,4.7,293.9,79.15,100,53,86,490.1,17140.7,286.1,79.15,100,54,89,20746.5,4.9,277.4,79.14,100,48,86,6.4,4.5,35.0,41,7
1782931208.592,345.703,300.1,79.14,99,47,89,2.0,4.6,293.9,79.15,100,53,86,1519.1,15994.7,286.1,79.15,100,54,89,19104.1,5.1,275.7,79.14,100,53,87,2.5,498.6,35.0,41,7
1782931209.035,346.145,298.1,79.14,100,48,91,2.9,17111.7,294.3,79.15,100,48,85,20702.8,5.7,286.0,79.15,100,49,89,3.7,7053.7,275.7,79.14,100,46,85,19418.6,10027.8,35.0,41,7
1782931209.477,346.588,298.1,79.14,100,48,91,2.9,5.5,290.0,79.15,100,45,87,5916.7,16244.9,280.8,79.15,100,46,90,14432.0,5.9,272.5,79.14,100,46,85,2.6,17312.2,38.0,45,3
1782931209.920,347.031,297.3,79.14,100,44,90,15528.8,6.7,286.9,79.15,100,46,86,5.0,4042.8,278.5,79.15,100,47,89,22290.3,2154.3,259.6,79.14,98,10,87,2.5,3.6,38.0,45,3
1782931210.363,347.474,294.2,79.14,100,56,91,21704.5,7760.0,283.7,79.15,100,57,86,3.4,4.0,276.9,79.15,100,54,90,15596.4,11368.6,267.8,79.14,100,56,86,1.8,4.2,38.0,45,3
1782931210.807,347.917,295.2,79.14,100,57,91,15532.1,4.6,291.9,79.15,99,55,86,2.8,12863.7,284.4,79.15,99,56,89,15565.0,5.7,273.3,79.14,99,42,87,8250.5,18264.8,38.0,45,3
1782931211.249,348.360,298.7,79.14,100,47,90,10597.4,5.6,293.5,79.15,99,39,86,15534.1,12834.8,286.9,79.15,99,37,89,2.2,4076.7,275.3,79.14,100,43,87,21963.2,692.7,38.0,45,3
1782931211.691,348.802,298.0,79.14,100,47,90,2.2,7.9,285.7,79.15,99,44,86,16178.2,12323.5,277.8,79.15,99,41,89,5.2,6.6,268.7,79.14,100,49,85,20478.9,8042.8,38.0,45,3
1782931212.136,349.247,299.9,79.14,99,44,91,15360.3,12837.8,286.1,79.15,100,53,85,1.8,4.9,279.7,79.15,100,53,89,15580.8,12894.2,268.7,79.14,100,49,85,3.6,4.7,38.0,45,3
1782931212.578,349.689,301.0,79.14,99,45,91,15531.5,4.5,286.1,79.15,100,53,85,1.9,12870.7,279.7,79.15,100,53,89,15560.5,4.8,271.2,79.14,100,43,87,1.9,12963.1,38.0,45,3
1782931213.021,350.132,301.7,79.14,100,49,91,1.9,4.5,291.7,79.15,99,54,86,15548.9,12834.1,286.2,79.15,99,55,88,2.3,4.7,277.4,79.14,100,47,87,15591.0,12897.1,38.0,45,3
1782931213.464,350.574,301.7,79.14,100,49,91,3.5,12841.0,293.5,79.15,100,52,85,14943.6,4.5,287.2,79.15,100,53,88,2.3,12948.7,277.7,79.14,100,50,86,14502.8,4.9,38.0,45,3
1782931213.904,351.015,301.0,79.14,100,48,91,9507.5,5.6,292.9,79.15,100,54,85,15536.4,12836.5,286.7,79.15,100,55,88,7.0,5745.8,275.5,79.14,100,46,86,21313.9,6.8,38.0,45,3
1782931214.351,351.462,297.3,79.14,99,42,90,7121.4,6910.1,291.1,79.15,99,35,86,6949.2,7455.4,283.4,79.15,99,39,89,7160.6,8135.8,271.0,79.14,100,51,87,8411.4,7983.0,41.0,53,0
1782931214.794,351.905,297.9,79.14,100,50,90,7636.6,5457.9,288.7,79.15,100,52,86,7902.2,6355.3,281.1,79.15,100,53,89,6948.4,9020.1,267.5,79.14,100,54,86,7026.6,7651.1,41.0,53,0
1782931215.235,352.346,300.4,79.14,100,55,90,7566.4,5262.2,290.2,79.15,100,56,86,7738.0,6876.0,282.8,79.15,100,57,89,6931.2,9624.8,274.0,79.14,100,55,86,7114.7,7869.7,41.0,53,0
1782931215.679,352.790,303.5,79.14,100,55,90,7497.6,5371.5,296.5,79.15,100,56,86,8375.6,7067.6,288.6,79.15,100,58,89,6810.0,9658.3,278.5,79.14,100,56,86,6976.6,7915.8,41.0,53,0
1782931216.125,353.236,301.7,79.14,100,55,90,7540.4,5423.7,296.5,79.15,100,56,86,6591.7,8061.9,290.6,79.15,100,57,89,6876.3,9613.3,278.5,79.14,100,56,86,6947.2,8204.9,41.0,56,0
1782931216.565,353.676,300.3,79.14,100,56,90,7554.3,5251.8,298.7,79.15,100,56,86,6249.1,7994.8,290.6,79.15,100,57,89,6938.8,8663.6,279.7,79.14,100,55,86,7442.2,8505.9,41.0,56,0
1782931217.008,354.118,300.3,79.14,100,56,90,7427.8,5147.8,298.5,79.15,100,56,86,6576.8,7821.8,290.3,79.15,100,57,89,6832.2,8368.7,279.9,79.14,100,56,86,8219.7,8864.5,41.0,56,0
1782931217.450,354.561,299.8,79.14,100,55,90,6168.9,6341.0,298.2,79.15,100,55,86,6574.6,7622.6,290.0,79.15,100,56,89,6999.3,8348.6,279.2,79.14,100,56,86,8066.1,8787.1,41.0,56,0
1782931217.891,355.002,299.7,79.14,100,55,90,6232.0,6321.5,298.0,79.15,100,56,86,6864.2,6938.0,289.9,79.15,100,57,89,8364.0,8375.5,279.0,79.14,100,56,86,8031.2,8119.2,41.0,56,0
1782931218.333,355.444,300.0,79.14,100,55,90,6134.8,6119.1,298.0,79.15,100,55,86,6836.7,7206.5,290.0,79.15,100,56,89,8069.6,8144.6,279.2,79.14,100,55,86,6544.1,10259.7,41.0,56,0
1782931218.775,355.886,300.1,79.14,100,56,90,6093.4,6291.5,298.3,79.15,100,55,86,6665.0,6929.5,290.0,79.15,100,56,89,8156.2,8896.1,279.1,79.14,100,55,86,7411.4,9021.6,41.0,56,0
1782931219.224,356.335,299.9,79.14,100,56,90,6232.0,4859.9,298.0,79.15,100,55,86,7147.5,7339.1,289.9,79.15,100,57,89,8167.5,8320.4,279.3,79.14,100,55,86,6596.1,10061.5,41.0,56,0
1782931219.665,356.776,300.3,79.14,100,56,90,6269.4,5127.3,298.3,79.15,100,55,86,9523.8,7068.4,290.1,79.15,100,57,89,8234.4,8791.2,279.5,79.14,100,55,86,6558.0,9321.9,41.0,56,0
1782931220.113,357.224,300.1,79.14,100,55,90,6523.4,5049.2,298.3,79.15,100,55,86,7822.2,7255.1,290.1,79.15,100,57,89,7205.6,9179.7,279.5,79.14,100,55,86,6578.1,9373.4,41.0,56,0
1782931220.556,357.667,299.8,79.14,100,56,90,6889.2,5127.8,298.5,79.15,100,55,86,8028.1,6916.0,290.2,79.15,100,57,89,6616.0,9743.9,279.6,79.14,100,56,86,6964.3,9649.8,42.0,56,0
1782931221.002,358.113,299.8,79.14,100,56,90,7679.0,5312.1,298.6,79.15,100,56,86,7996.3,6820.5,290.3,79.15,100,56,89,6657.8,9011.7,279.8,79.14,100,56,86,6848.2,7884.2,42.0,56,0
1782931221.445,358.556,300.0,79.14,100,56,90,7429.1,5252.3,298.9,79.15,100,56,86,6401.5,8088.1,290.6,79.15,100,57,89,6896.1,9439.0,279.9,79.14,100,56,86,6935.4,8422.3,42.0,56,0
1782931221.887,358.998,300.0,79.14,100,56,90,7593.8,5379.1,298.9,79.15,100,56,86,6595.6,7714.8,290.6,79.15,100,57,89,7445.7,8419.2,280.0,79.14,100,55,86,8290.8,8491.1,42.0,56,0
1782931222.331,359.441,299.7,79.14,100,55,90,6001.0,6305.9,298.2,79.15,100,56,86,6438.4,7884.8,290.2,79.15,100,57,89,6987.6,8622.4,279.6,79.14,100,55,86,8223.2,8296.0,42.0,56,0
1782931222.773,359.884,299.8,79.14,100,55,90,6289.8,6079.9,297.9,79.15,100,56,86,6666.2,7673.5,289.6,79.15,100,57,89,6962.4,8401.6,279.5,79.14,100,56,86,8144.1,8357.2,42.0,56,0
1782931223.218,360.329,300.0,79.14,100,56,90,5948.8,6197.2,298.2,79.15,100,56,86,6694.7,6771.8,289.6,79.15,100,56,89,8194.5,8346.3,280.0,79.14,100,56,86,8054.2,8478.2,42.0,56,0
1782931223.660,360.771,300.0,79.14,100,55,90,6233.0,6428.4,298.0,79.15,100,55,86,6842.7,7234.7,289.6,79.15,100,56,89,8140.8,8314.8,280.0,79.14,100,56,86,6857.2,9879.8,42.0,56,0
1782931224.103,361.214,299.9,79.14,100,55,90,6521.9,4911.8,298.0,79.15,100,55,86,7685.4,6927.2,289.6,79.15,100,56,89,8171.5,8864.9,279.6,79.14,100,55,87,6721.0,9755.0,42.0,56,0
1782931224.544,361.655,299.9,79.14,100,56,90,6397.3,4967.0,298.0,79.15,100,55,86,7810.9,7259.7,289.7,79.15,100,56,89,6565.8,9717.2,279.3,79.14,100,55,86,6789.1,9334.1,42.0,56,0
1782931224.988,362.099,299.9,79.14,100,56,90,6375.4,5037.1,297.9,79.15,100,54,86,7865.1,7106.4,289.3,79.15,100,56,89,6845.1,9799.7,279.0,79.14,100,55,86,6802.3,9912.1,42.0,56,0
1782931225.432,362.543,299.8,79.14,100,55,90,7701.7,5155.8,298.1,79.15,100,55,86,7801.2,7076.4,289.3,79.15,100,57,89,6541.7,9545.2,279.2,79.14,100,55,86,6814.9,7787.3,42.0,56,0
1782931225.874,362.985,300.0,79.14,100,55,90,7532.1,5263.3,298.3,79.15,100,55,86,6331.7,8081.8,289.8,79.15,100,57,89,6727.5,9243.7,279.4,79.14,100,56,87,6923.4,8654.0,42.0,56,0
1782931226.316,363.427,300.4,79.14,100,56,90,6866.3,5724.7,298.7,79.15,100,55,86,6547.6,7761.0,290.0,79.15,100,56,89,6801.6,8122.2,279.8,79.14,100,55,86,7963.5,8685.4,42.0,56,0
1782931226.758,363.869,300.1,79.14,100,56,90,6175.2,6376.4,299.1,79.15,100,56,86,6540.8,7719.6,290.4,79.15,100,57,89,6967.1,8487.0,280.2,79.14,100,56,86,8169.4,8725.5,42.0,56,0
1782931227.203,364.313,299.9,79.14,100,55,90,6038.5,6314.9,299.2,79.15,100,55,86,6693.4,6931.4,290.4,79.15,100,57,89,8137.6,8684.8,280.4,79.14,100,56,86,7497.1,9068.0,43.0,56,0
1782931227.644,364.755,300.0,79.14,100,55,90,6460.0,4911.9,298.9,79.15,100,55,86,7653.4,7804.1,290.3,79.15,100,57,89,8234.1,9236.2,280.4,79.14,100,56,86,6532.1,9859.3,43.0,56,0
1782931228.095,365.205,300.0,79.14,100,55,90,6249.3,5892.9,298.9,79.15,100,55,86,6783.4,7024.5,290.3,79.15,100,57,89,8129.8,8667.5,280.2,79.14,100,56,86,6575.2,9912.0,43.0,56,0
1782931228.536,365.647,299.9,79.14,100,55,90,6524.4,4933.8,298.9,79.15,100,56,86,7953.3,6692.8,290.6,79.15,100,56,89,6420.6,9574.9,280.1,79.14,100,56,86,6848.0,9875.6,43.0,56,0
1782931228.981,366.092,299.9,79.14,100,55,90,6334.8,5263.5,298.4,79.15,100,54,86,7864.5,7069.2,290.2,79.15,100,56,89,6495.8,9485.8,279.9,79.14,100,55,87,6941.9,9946.8,43.0,56,0
1782931229.426,366.537,299.8,79.14,100,55,90,6376.7,5146.1,298.2,79.15,100,55,86,7875.2,6937.0,290.0,79.15,100,56,89,6721.2,9502.0,279.3,79.14,100,55,87,6833.7,9695.6,43.0,56,0
1782931229.869,366.980,299.8,79.14,100,55,90,7202.9,5116.4,297.8,79.15,100,54,86,7881.9,7224.9,289.4,79.15,100,56,89,6732.4,9138.0,279.1,79.14,100,55,87,6875.6,8263.9,43.0,56,0
1782931230.312,367.423,300.1,79.14,100,56,90,7603.0,5035.3,298.2,79.15,100,55,86,7824.3,7070.7,289.8,79.15,100,56,89,6472.3,9764.0,279.7,79.14,100,55,87,6940.2,8321.4,43.0,56,0
1782931230.755,367.866,300.1,79.14,100,55,90,7034.1,5043.2,298.3,79.15,100,55,86,8153.2,6774.4,289.8,79.15,100,56,89,7637.8,8456.4,279.4,79.14,100,54,87,6863.9,9765.7,43.0,56,0
1782931231.210,368.320,299.8,79.14,100,55,90,6232.2,5046.3,297.6,79.15,100,54,86,7802.4,7067.3,289.2,79.15,100,56,89,6928.6,9324.3,278.8,79.14,100,55,86,6700.6,9748.2,43.0,56,0
1782931231.655,368.766,300.0,79.14,100,55,90,6538.1,5146.0,297.6,79.15,100,54,86,7709.9,6865.3,289.0,79.15,100,56,89,6945.9,9612.1,278.8,79.14,100,55,86,6694.2,9908.6,44.0,56,0
1782931232.100,369.211,300.0,79.14,100,55,90,6282.1,5029.2,297.6,79.15,100,54,86,7737.6,6807.8,289.0,79.15,100,56,89,6645.8,9542.3,278.7,79.14,100,54,87,6917.0,9764.7,44.0,56,0
1782931232.543,369.653,300.3,79.14,100,56,90,7582.0,5151.9,297.8,79.15,100,55,86,7668.2,7008.0,288.9,79.15,100,57,89,6723.9,9506.9,279.0,79.14,100,55,87,7116.0,7912.9,44.0,56,0
1782931232.988,370.099,300.3,79.14,100,56,90,7530.4,5173.3,298.0,79.15,100,55,86,7841.4,7263.3,289.6,79.15,100,56,89,6715.0,9800.9,279.5,79.14,100,55,86,6919.2,7790.1,44.0,56,0
1782931233.435,370.546,300.2,79.14,100,55,90,7542.3,5151.2,298.2,79.15,100,55,86,7505.6,7570.1,289.9,79.15,100,56,89,6717.6,9736.9,279.7,79.14,100,55,86,7024.0,7961.7,44.0,56,0
1782931233.882,370.992,300.1,79.14,100,55,90,7723.8,5399.2,298.1,79.15,100,55,86,7892.5,7837.5,289.8,79.15,100,57,89,7216.3,9371.9,279.7,79.14,100,56,87,6954.4,9049.5,44.0,56,0
1782931234.332,371.443,299.9,79.14,100,56,90,6388.1,5160.5,298.1,79.15,100,55,86,7974.4,7190.2,290.0,79.15,100,56,89,6861.0,9672.0,279.6,79.14,100,55,86,6945.8,9754.0,44.0,56,0
1782931234.774,371.885,299.6,79.14,100,54,90,6560.6,5372.7,297.4,79.15,100,55,86,6839.3,6655.1,289.4,79.15,100,56,89,8103.5,8473.8,278.8,79.14,100,55,86,6773.8,9886.0,44.0,56,0
1782931235.222,372.333,299.6,79.14,100,55,90,6233.6,6220.7,296.8,79.15,100,54,86,6691.4,6625.5,288.7,79.15,100,56,89,8123.6,8390.5,278.4,79.14,100,54,87,6811.6,9853.4,44.0,56,0
1782931235.665,372.776,299.8,79.14,100,55,90,6232.0,6372.0,296.9,79.15,100,54,86,6815.4,6448.4,288.6,79.15,100,55,89,8322.0,8328.2,278.4,79.14,100,54,87,8208.1,8278.8,44.0,56,0
1782931236.109,373.220,300.0,79.14,100,54,90,5951.0,6672.5,296.9,79.15,100,54,86,6893.9,6903.8,288.6,79.15,100,55,89,8085.3,8225.7,278.3,79.14,100,54,87,8097.5,7875.9,44.0,56,0
1782931236.551,373.662,300.1,79.14,100,55,90,6204.0,6510.5,297.0,79.15,100,54,86,6692.3,7326.6,289.0,79.15,100,55,89,7428.9,8250.8,278.2,79.14,100,54,87,8188.5,8234.9,44.0,56,0
1782931236.992,374.103,300.1,79.14,100,55,90,6396.6,6444.1,297.3,79.15,100,56,86,6732.5,7653.9,289.2,79.15,100,56,89,6843.3,7988.8,278.4,79.14,100,55,86,8136.6,8200.5,44.0,56,0
1782931237.437,374.548,300.0,79.14,100,54,90,7669.3,5382.9,297.1,79.15,100,55,86,6239.6,7490.3,289.1,79.15,100,56,89,7265.3,8435.0,278.6,79.14,100,55,87,8456.7,8473.2,44.0,56,0
1782931237.879,374.990,300.1,79.14,100,55,90,7543.1,5483.2,296.8,79.15,100,54,86,6390.2,7872.8,289.0,79.15,100,55,89,7071.9,9469.4,277.9,79.14,100,55,86,7330.7,8421.6,44.0,56,0
1782931238.321,375.432,300.0,79.14,100,56,90,7438.8,5267.5,297.1,79.15,100,55,86,6537.0,7799.1,289.0,79.15,100,56,89,6784.0,9125.5,278.1,79.14,100,54,86,7050.7,8239.8,45.0,56,0
1782931238.763,375.874,300.0,79.14,100,54,90,7730.1,5548.3,297.0,79.15,100,54,86,7749.0,7048.4,289.0,79.15,100,56,89,7090.8,9084.6,278.3,79.14,100,54,87,6998.9,9172.5,45.0,56,0
1782931239.210,376.321,299.9,79.14,100,55,90,7403.1,5049.4,296.5,79.15,100,54,86,7795.1,6910.6,288.9,79.15,100,56,89,6358.0,9367.2,278.2,79.14,100,55,87,7020.9,9102.5,45.0,56,0
1782931239.653,376.764,300.0,79.14,100,54,90,7593.2,5146.2,296.7,79.15,100,54,86,7813.9,6768.9,289.2,79.15,100,56,89,6762.3,9107.1,278.2,79.14,100,55,87,6994.3,9623.3,45.0,56,0
1782931240.101,377.212,300.1,79.14,100,55,90,6244.7,4903.0,296.7,79.15,100,54,86,7771.9,7280.8,289.2,79.15,100,56,89,6623.7,9931.3,278.3,79.14,100,55,87,6856.2,9714.8,45.0,56,0
1782931240.546,377.657,300.0,79.14,100,55,90,6534.6,5262.8,297.3,79.15,100,55,86,7828.3,6953.9,289.6,79.15,100,56,89,6666.5,9898.5,279.1,79.14,100,55,87,6879.6,9505.6,45.0,56,0
1782931240.988,378.099,300.0,79.14,100,55,90,6512.0,4999.1,297.5,79.15,100,54,86,7763.0,6506.1,289.6,79.15,100,56,89,8171.6,8318.4,279.2,79.14,100,55,87,6937.3,10027.7,45.0,56,0
1782931241.433,378.544,300.0,79.14,100,55,90,6541.9,5263.6,297.3,79.15,100,54,86,7951.9,6910.9,289.5,79.15,100,56,89,8141.1,8364.6,279.0,79.14,100,55,87,6554.0,9767.2,45.0,56,0
1782931241.875,378.986,300.0,79.14,100,55,90,6540.0,5084.2,297.3,79.15,100,54,86,8107.4,7062.1,289.3,79.15,100,56,89,8045.0,8242.1,279.1,79.14,100,55,87,6998.0,9879.0,45.0,56,0
1782931242.316,379.427,300.0,79.14,100,55,90,6685.1,5145.8,297.6,79.15,100,55,86,8046.1,7161.2,289.5,79.15,100,56,89,8087.2,8613.5,279.1,79.14,100,54,87,7018.2,9729.1,45.0,56,0
1782931242.758,379.869,299.8,79.14,100,54,90,6758.1,5260.2,297.5,79.15,100,54,86,7904.6,6738.0,289.1,79.15,100,56,89,8204.1,8405.2,278.5,79.14,100,55,87,6451.8,9853.4,46.0,56,0
1782931243.207,380.318,300.0,79.14,100,55,90,6276.5,5061.3,297.5,79.15,100,55,86,7316.5,6636.8,289.1,79.15,100,56,89,8084.2,8634.7,278.7,79.14,100,55,87,6924.5,9765.4,46.0,56,0
1782931243.649,380.760,300.4,79.14,100,55,90,6232.1,5111.5,297.9,79.15,100,55,86,7556.9,7256.7,289.8,79.15,100,56,89,8719.0,8658.2,278.7,79.14,100,55,87,6751.0,9996.5,46.0,56,0
1782931244.096,381.207,300.2,79.14,100,55,90,6516.9,6150.8,297.9,79.15,100,55,86,6816.8,6728.5,289.8,79.15,100,56,89,8118.4,8216.7,279.2,79.14,100,56,87,6744.2,9762.6,46.0,56,0
1782931244.537,381.648,300.0,79.14,100,55,90,6394.5,5145.8,297.9,79.15,100,55,86,7922.0,6621.1,289.9,79.15,100,56,89,8083.2,8876.4,279.2,79.14,100,56,87,6631.8,9821.3,46.0,56,0
1782931244.978,382.089,300.0,79.14,100,55,90,6575.4,5214.3,297.8,79.15,100,55,86,7361.5,6687.2,289.9,79.15,100,56,89,8084.3,8593.6,279.5,79.14,100,56,87,6789.2,9763.3,46.0,56,0
1782931245.424,382.535,300.0,79.14,100,54,90,6376.7,4939.3,297.7,79.15,100,55,86,7997.9,6708.4,289.9,79.15,100,56,89,8122.6,8202.3,279.5,79.14,100,56,87,6871.1,9766.0,46.0,56,0
1782931245.865,382.976,300.1,79.14,100,55,90,6528.9,5079.2,297.5,79.15,100,56,86,7812.0,6572.2,289.9,79.15,100,56,89,8099.0,8774.4,279.3,79.14,100,55,87,6795.7,9509.2,46.0,56,0
1782931246.308,383.419,299.9,79.14,100,55,90,6381.6,5146.0,297.6,79.15,100,56,86,7838.7,6828.1,289.9,79.15,100,56,89,6574.2,9582.8,279.3,79.14,100,56,87,6573.3,9727.8,46.0,56,0
1782931246.752,383.862,300.0,79.14,100,55,90,7755.0,5038.6,297.8,79.15,100,55,86,8110.6,7054.5,290.2,79.15,100,56,89,8137.9,8757.2,279.6,79.14,100,55,87,6768.7,9813.8,46.0,56,0
1782931247.200,384.310,300.0,79.14,100,55,90,6531.2,5071.2,297.9,79.15,100,54,86,7821.1,7029.2,290.2,79.15,100,55,89,6691.6,9596.4,279.7,79.14,100,56,87,6564.0,9681.4,46.0,56,0
1782931247.643,384.754,299.9,79.14,100,55,90,6239.7,4923.4,297.8,79.15,100,55,86,7711.7,7130.7,290.2,79.15,100,56,89,6963.8,9480.1,279.7,79.14,100,56,87,7113.8,10133.3,46.0,56,0
1782931248.089,385.200,300.0,79.14,100,55,90,6534.4,5029.4,297.8,79.15,100,55,86,7631.6,7250.5,290.2,79.15,100,56,89,6642.4,9674.2,279.4,79.14,100,55,87,6783.4,9873.6,46.0,56,0
1782931248.532,385.643,299.8,79.14,100,54,90,6644.5,5220.9,297.6,79.15,100,55,86,7790.3,7164.7,290.2,79.15,100,56,89,6646.9,9035.5,279.5,79.14,100,55,87,6826.4,9682.0,46.0,56,0
1782931248.976,386.087,299.8,79.14,100,54,90,6703.1,5262.9,297.5,79.15,100,54,86,8124.3,6620.8,289.7,79.15,100,55,89,8158.8,8409.5,279.1,79.14,100,55,87,6849.1,9998.5,46.0,56,0
1782931249.419,386.530,299.6,79.14,100,54,90,6566.3,5151.4,297.3,79.15,100,55,86,7983.4,6795.3,289.2,79.15,100,56,89,8122.7,8323.6,278.5,79.14,100,55,87,6824.2,9778.2,47.0,56,0
1782931249.860,386.971,299.9,79.14,100,55,90,6811.1,5147.9,297.3,79.15,100,55,86,7945.3,6749.1,289.3,79.15,100,57,89,9242.2,8756.2,278.5,79.14,100,55,87,6628.0,9705.7,47.0,56,0
1782931250.306,387.417,300.2,79.14,100,55,90,6532.5,5794.4,297.5,79.15,100,55,86,6950.6,6981.3,289.8,79.15,100,56,89,8147.8,8603.2,278.9,79.14,100,55,87,6780.0,9686.7,47.0,56,0
1782931250.748,387.859,300.0,79.14,100,54,90,6253.5,6239.9,297.3,79.15,100,54,86,7019.9,6739.5,289.5,79.15,100,55,89,8374.9,8446.7,278.7,79.14,100,55,87,7995.1,7994.9,47.0,56,0
1782931251.194,388.305,300.1,79.14,100,56,90,6225.0,6168.5,297.4,79.15,100,55,86,6828.2,6482.9,289.6,79.15,100,56,89,8300.6,8186.4,279.0,79.14,100,55,87,8110.0,8214.7,47.0,56,0
1782931251.636,388.747,300.1,79.14,100,55,90,6284.5,6222.1,297.4,79.15,100,55,86,6975.3,6492.2,289.9,79.15,100,56,89,8116.8,8539.0,279.0,79.14,100,55,87,8600.9,8874.5,47.0,56,0
1782931252.082,389.193,300.1,79.14,100,56,90,5972.8,6421.7,297.7,79.15,100,55,86,6831.0,6423.6,289.9,79.15,100,56,89,8366.2,8420.1,278.9,79.14,100,55,87,8171.7,8281.1,47.0,56,0
1782931252.523,389.634,300.0,79.14,100,55,90,6113.9,6237.3,297.9,79.15,100,55,86,6788.8,6360.8,290.1,79.15,100,56,89,8248.0,8296.2,279.1,79.14,100,55,87,8033.0,8344.3,47.0,56,0
1782931252.965,390.076,300.0,79.14,100,55,90,6232.0,6486.6,297.9,79.15,100,55,86,6821.9,6615.1,289.8,79.15,100,56,89,8136.0,8643.1,279.0,79.14,100,55,87,8238.1,8141.2,47.0,56,0
1782931253.417,390.528,299.9,79.14,100,55,90,6006.6,6399.1,297.7,79.15,100,55,86,6779.4,6730.5,289.8,79.15,100,56,89,8005.3,8296.9,278.8,79.14,100,55,87,8130.9,8282.4,47.0,56,0
1782931253.858,390.969,300.0,79.14,100,56,90,6223.3,6523.5,297.8,79.15,100,55,86,6589.9,7491.8,289.9,79.15,100,56,89,8891.6,9673.3,278.9,79.14,100,54,87,7489.6,8096.9,48.0,56,0
1782931254.312,391.423,300.0,79.14,100,55,90,7558.4,5412.2,297.5,79.15,100,55,86,6439.1,7841.4,290.0,79.15,100,56,89,7103.6,8312.6,279.0,79.14,100,55,87,8386.5,8127.4,48.0,56,0
1782931254.755,391.866,300.0,79.14,100,54,90,8667.2,5602.7,297.6,79.15,100,55,86,6480.0,8146.2,290.2,79.15,100,56,89,6862.1,8914.5,279.2,79.14,100,55,87,7088.6,7909.8,48.0,56,0
1782931255.203,392.314,300.0,79.14,100,55,90,7564.0,5272.8,297.7,79.15,100,54,86,6371.8,8088.8,290.2,79.15,100,56,89,6952.3,9502.7,279.0,79.14,100,55,87,6813.3,8307.0,48.0,56,0
1782931255.645,392.756,299.9,79.14,100,55,90,7582.3,5641.5,297.6,79.15,100,55,86,6386.2,9591.4,290.1,79.15,100,56,89,6700.3,10435.1,279.0,79.14,100,55,87,6793.2,9739.3,48.0,56,0
1782931256.101,393.212,300.1,79.14,100,55,90,6410.4,5174.5,297.6,79.15,100,55,86,7739.8,7250.7,290.1,79.15,100,56,89,6737.5,9335.3,278.8,79.14,100,54,87,6891.4,9510.6,48.0,56,0
1782931256.543,393.654,299.8,79.14,100,55,90,6822.3,5159.1,297.6,79.15,100,54,86,7961.8,6465.7,290.0,79.15,100,56,89,7118.9,9288.3,278.8,79.14,100,54,87,6768.2,9753.0,48.0,56,0
1782931257.448,394.559,299.8,79.14,100,55,90,6237.1,6690.2,297.2,79.15,100,54,86,6686.9,7963.2,289.4,79.15,100,56,89,7004.0,7998.4,278.3,79.14,100,54,87,8306.6,7886.0,48.0,56,0
1782931257.892,395.003,300.1,79.14,100,55,90,6617.1,5932.3,297.6,79.15,100,55,86,6495.0,7830.9,289.9,79.15,100,56,89,7080.9,8163.1,278.9,79.14,100,56,87,8131.3,8253.2,48.0,56,0
1782931258.337,395.447,300.2,79.14,100,55,90,7798.9,5367.0,297.8,79.15,100,55,86,6409.5,8025.2,290.2,79.15,100,56,90,6967.2,8562.5,279.5,79.14,100,56,87,8298.4,8443.0,48.0,56,0
1782931258.778,395.888,300.1,79.14,100,55,90,7864.5,5519.7,298.0,79.15,100,55,86,6389.3,7722.8,290.4,79.15,100,56,90,6954.0,8475.5,279.4,79.14,100,56,87,8563.7,8598.1,48.0,56,0
1782931259.223,396.334,300.0,79.14,100,55,90,7674.0,5548.1,298.1,79.15,100,55,86,6626.2,8246.6,290.2,79.15,100,57,89,6931.5,8438.6,279.1,79.14,100,55,87,7552.2,8342.2,48.0,56,0
1782931259.670,396.781,299.9,79.14,100,54,90,7534.2,5383.8,297.5,79.15,100,54,86,8401.8,7143.1,289.5,79.15,100,56,89,7850.8,9920.2,278.6,79.14,100,55,87,6983.9,9599.6,48.0,56,0
1782931260.122,397.233,299.9,79.14,100,55,90,6779.6,5146.1,297.5,79.15,100,54,86,7758.0,6821.8,289.5,79.15,100,56,89,6695.1,9345.7,278.6,79.14,100,55,87,6651.3,9311.5,48.0,56,0
1782931260.566,397.677,300.2,79.14,100,56,90,6884.1,5145.9,297.0,79.15,100,55,86,7879.1,7071.4,289.0,79.15,100,56,89,7848.2,8223.5,278.2,79.14,100,55,87,6850.8,10003.2,49.0,56,0
1782931261.010,398.121,300.2,79.14,100,56,90,6652.2,5145.8,297.2,79.15,100,55,86,8051.1,6852.0,289.3,79.15,100,56,89,8052.7,8284.3,278.7,79.14,100,55,87,6795.6,9354.8,49.0,56,0
1782931261.454,398.564,300.1,79.14,100,55,90,6399.8,5029.0,297.5,79.15,100,55,86,7201.8,6899.2,289.3,79.15,100,56,89,8148.2,8381.6,278.9,79.14,100,55,87,6740.0,9875.8,49.0,56,0
1782931261.896,399.006,300.0,79.14,100,55,90,6371.5,5906.1,297.5,79.15,100,55,86,6998.8,6839.1,289.3,79.15,100,56,89,8138.3,8731.9,278.9,79.14,100,55,87,6778.0,10167.4,49.0,56,0
1782931262.337,399.448,300.0,79.14,100,55,90,6515.3,6329.5,297.6,79.15,100,54,86,6748.5,6898.1,289.6,79.15,100,56,89,8130.6,8610.4,279.0,79.14,100,55,87,6828.3,9703.9,49.0,56,0
1782931262.779,399.890,299.9,79.14,100,55,90,6345.9,6563.1,297.8,79.15,100,54,86,6752.5,6716.5,289.4,79.15,100,56,89,8095.5,8248.9,278.8,79.14,100,54,87,8305.2,8451.1,49.0,56,0
1782931263.226,400.337,300.0,79.14,100,55,90,6243.5,6789.9,297.7,79.15,100,54,86,6629.6,6717.3,289.1,79.15,100,56,90,8504.1,8222.1,278.8,79.14,100,55,87,8163.0,8389.4,49.0,56,0
1782931263.671,400.782,300.0,79.14,100,55,90,6256.8,6345.8,298.0,79.15,100,54,86,6800.5,7688.0,289.4,79.15,100,56,89,7478.6,9291.2,278.8,79.14,100,55,87,8235.5,8444.8,49.0,56,0
1782931264.121,401.232,300.0,79.14,100,55,90,6385.6,6727.3,298.0,79.15,100,54,86,6653.5,7353.5,289.4,79.15,100,56,89,6995.5,7920.7,278.8,79.14,100,55,87,8275.9,8721.4,49.0,56,0
1782931264.567,401.678,299.9,79.14,100,55,90,7128.7,5709.8,297.8,79.15,100,54,86,6546.2,7731.8,289.6,79.15,100,55,90,7083.7,8219.0,278.8,79.14,100,55,87,8158.1,8209.2,49.0,56,0
1782931265.014,402.125,299.9,79.14,100,55,90,7569.5,5314.8,298.0,79.15,100,54,86,6376.0,7644.6,289.7,79.15,100,56,90,6876.3,8383.0,278.6,79.14,100,55,87,7445.0,8431.1,50.0,56,0
1782931265.460,402.571,300.1,79.14,100,55,90,7811.5,5547.9,298.4,79.15,100,55,86,6578.6,8119.7,290.1,79.15,100,56,90,6697.0,9570.3,279.1,79.14,100,55,87,7074.0,8010.6,50.0,56,0
1782931265.904,403.015,300.0,79.14,100,54,90,7680.3,5388.3,298.0,79.15,100,55,86,7124.4,8385.8,289.9,79.15,100,56,90,6808.2,9194.2,279.3,79.14,100,55,87,7101.7,7986.9,50.0,56,0
1782931266.355,403.466,299.9,79.14,100,55,90,6959.6,5118.3,297.9,79.15,100,56,86,7819.2,6860.1,289.6,79.15,100,56,90,6802.4,9827.1,279.1,79.14,100,55,86,7079.5,9730.2,50.0,56,0
1782931266.801,403.912,299.8,79.14,100,55,90,6391.8,5061.0,297.6,79.15,100,55,86,7905.7,6623.5,289.5,79.15,100,57,90,7937.8,8230.1,278.7,79.14,100,55,87,6659.2,9904.7,50.0,56,0
1782931267.243,404.353,300.0,79.14,100,55,90,6548.5,5389.7,297.8,79.15,100,55,86,8057.1,6655.3,289.7,79.15,100,57,90,8195.2,7971.4,278.9,79.14,100,55,87,6662.0,9786.4,50.0,56,0
1782931267.688,404.799,300.1,79.14,100,55,90,6373.6,6594.7,297.9,79.15,100,55,86,6814.1,8234.3,289.9,79.15,100,56,90,8627.4,8461.3,279.3,79.14,100,55,87,8020.2,7957.3,50.0,56,0
1782931268.141,405.252,299.9,79.14,100,55,90,6377.7,6239.8,298.2,79.15,100,55,86,6876.3,6740.4,289.7,79.15,100,56,89,8259.9,8382.5,279.3,79.14,100,55,87,8219.8,8299.8,50.0,56,0
1782931268.584,405.695,300.0,79.14,100,55,90,6098.4,6362.8,298.2,79.15,100,55,86,6972.0,6821.9,289.7,79.15,100,56,89,8378.1,7941.4,279.2,79.14,100,55,87,8846.3,8791.8,50.0,56,0
1782931269.031,406.142,300.0,79.14,100,55,90,6093.8,6486.9,297.8,79.15,100,55,86,6639.2,8219.7,289.7,79.15,100,56,89,7252.1,7940.5,278.7,79.14,100,55,87,8293.1,8430.6,50.0,56,0
1782931269.473,406.584,300.0,79.14,100,55,90,7697.7,5333.1,297.7,79.15,100,55,86,6468.5,7581.7,289.9,79.15,100,56,89,7122.2,8353.2,278.7,79.14,100,55,87,8153.4,8224.2,50.0,56,0
1782931269.915,407.026,300.0,79.14,100,55,90,6551.3,5944.0,297.6,79.15,100,55,86,6423.8,7694.2,290.1,79.15,100,56,89,7300.7,7823.1,279.2,79.14,100,55,87,8128.3,8114.4,50.0,56,0
1782931270.358,407.469,300.2,79.14,100,55,90,7242.4,5548.1,298.0,79.15,100,55,86,6379.3,7895.9,290.3,79.15,100,56,89,6836.8,8177.4,279.6,79.14,100,55,87,8399.8,8748.7,50.0,56,0
1782931270.801,407.912,299.9,79.14,100,55,90,7468.1,5424.5,298.0,79.15,100,54,86,6484.1,7899.4,289.9,79.15,100,56,89,6952.9,9151.5,279.1,79.14,100,54,87,7229.0,8333.6,50.0,56,0
1782931271.246,408.357,299.6,79.14,100,55,90,0.7,0.5,293.7,79.15,69,38,86,0.6,0.5,268.3,79.15,73,41,87,2.8,5.1,257.0,79.14,0,0,84,0.6,0.5,50.0,56,0
1782931271.692,408.802,237.2,79.14,0,0,87,0.6,4.0,210.8,79.15,0,0,83,5.1,4.6,187.7,79.15,0,0,86,2.8,2.0,175.9,79.14,0,0,83,0.7,0.5,50.0,56,0
