{
  "num_samples": 3973,
  "duration_s": 1789.792589187622,
  "mean_power_w": 909.9881636043292,
  "max_power_w": 961.059,
  "min_power_w": 91.631,
  "p50_power_w": 935.362,
  "p95_power_w": 947.058,
  "mean_gpu_util_pct": 96.867606342814,
  "max_gpu_util_pct": 100.0,
  "mean_gpu_mem_bw_util_pct": 21.5536748049333,
  "max_gpu_mem_bw_util_pct": 35.75,
  "mean_gpu_mem_used_gb": 343.930419921875,
  "max_gpu_mem_used_gb": 343.930419921875,
  "mean_gpu_temp_c": 87.2242637805185,
  "max_gpu_temp_c": 90.0,
  "mean_pcie_tx_mb_s": 33437.02656874331,
  "max_pcie_tx_mb_s": 100959.244140625,
  "mean_pcie_rx_mb_s": 44587.17832773565,
  "max_pcie_rx_mb_s": 133399.96484375,
  "mean_kv_cache_pct": 56.69568508705526,
  "max_kv_cache_pct": 100.0,
  "p50_kv_cache_pct": 57.99999999999999,
  "p95_kv_cache_pct": 96.0,
  "mean_requests_running": 14.475145092101943,
  "max_requests_running": 24.0,
  "mean_requests_waiting": 6.757254605097149,
  "max_requests_waiting": 15.0
}