{
  "num_samples": 1383,
  "duration_s": 591.6331915855408,
  "mean_power_w": 905.6433608098337,
  "max_power_w": 1026.839,
  "min_power_w": 92.58500000000001,
  "p50_power_w": 999.9359999999999,
  "p95_power_w": 1000.07,
  "mean_gpu_util_pct": 93.39732465654374,
  "max_gpu_util_pct": 100.0,
  "mean_gpu_mem_bw_util_pct": 32.57718727404194,
  "max_gpu_mem_bw_util_pct": 43.75,
  "mean_gpu_mem_used_gb": 361.4235442651844,
  "max_gpu_mem_used_gb": 362.19140625,
  "mean_gpu_temp_c": 86.28633405639913,
  "max_gpu_temp_c": 90.0,
  "mean_pcie_tx_mb_s": 27113.84243167593,
  "max_pcie_tx_mb_s": 136869.9716796875,
  "mean_pcie_rx_mb_s": 23619.482045513603,
  "max_pcie_rx_mb_s": 113877.7392578125,
  "mean_kv_cache_pct": 7.19943990606687,
  "max_kv_cache_pct": 9.232760175235754,
  "p50_kv_cache_pct": 8.766030570789097,
  "p95_kv_cache_pct": 9.19033021119514,
  "mean_requests_running": 6.694866232827187,
  "max_requests_running": 8.0,
  "mean_requests_waiting": 0.4945770065075922,
  "max_requests_waiting": 3.0
}