{
  "num_samples": 7629,
  "duration_s": 3434.8685789108276,
  "mean_power_w": 918.7474644121116,
  "max_power_w": 973.427,
  "min_power_w": 82.813,
  "p50_power_w": 944.626,
  "p95_power_w": 958.415,
  "mean_gpu_util_pct": 97.03060689474374,
  "max_gpu_util_pct": 100.0,
  "mean_gpu_mem_bw_util_pct": 19.174990169091625,
  "max_gpu_mem_bw_util_pct": 33.0,
  "mean_gpu_mem_used_gb": 343.938232421875,
  "max_gpu_mem_used_gb": 343.938232421875,
  "mean_gpu_temp_c": 87.4743740988334,
  "max_gpu_temp_c": 91.0,
  "mean_pcie_tx_mb_s": 33903.55401892143,
  "max_pcie_tx_mb_s": 105901.9990234375,
  "mean_pcie_rx_mb_s": 45317.94286795759,
  "max_pcie_rx_mb_s": 134922.9462890625,
  "mean_kv_cache_pct": 61.23366206443129,
  "max_kv_cache_pct": 100.0,
  "p50_kv_cache_pct": 61.0,
  "p95_kv_cache_pct": 100.0,
  "mean_requests_running": 8.002629848783695,
  "max_requests_running": 16.0,
  "mean_requests_waiting": 6.440368178829718,
  "max_requests_waiting": 15.0
}