{
  "num_samples": 13583,
  "duration_s": 5840.09584569931,
  "mean_power_w": 843.6647344474711,
  "max_power_w": 1029.59,
  "min_power_w": 84.17999999999999,
  "p50_power_w": 849.6859999999999,
  "p95_power_w": 999.9929999999999,
  "mean_gpu_util_pct": 98.65423691378929,
  "max_gpu_util_pct": 100.0,
  "mean_gpu_mem_bw_util_pct": 14.468747699330045,
  "max_gpu_mem_bw_util_pct": 62.5,
  "mean_gpu_mem_used_gb": 373.09765625,
  "max_gpu_mem_used_gb": 373.09765625,
  "mean_gpu_temp_c": 87.44806007509386,
  "max_gpu_temp_c": 94.0,
  "mean_pcie_tx_mb_s": 55891.75712826638,
  "max_pcie_tx_mb_s": 136370.111328125,
  "mean_pcie_rx_mb_s": 46525.67926281071,
  "max_pcie_rx_mb_s": 127428.6220703125,
  "mean_kv_cache_pct": 84.61221861368446,
  "max_kv_cache_pct": 98.1032002876663,
  "p50_kv_cache_pct": 92.71170442286947,
  "p95_kv_cache_pct": 97.81553398058253,
  "mean_requests_running": 18.891539650982992,
  "max_requests_running": 40.0,
  "mean_requests_waiting": 16.736322803917236,
  "max_requests_waiting": 36.0
}