{
  "num_samples": 5205,
  "duration_s": 2222.62167429924,
  "mean_power_w": 906.9906293948127,
  "max_power_w": 948.402,
  "min_power_w": 87.179,
  "p50_power_w": 935.281,
  "p95_power_w": 944.813,
  "mean_gpu_util_pct": 95.69053794428434,
  "max_gpu_util_pct": 100.0,
  "mean_gpu_mem_bw_util_pct": 23.698943323727185,
  "max_gpu_mem_bw_util_pct": 26.75,
  "mean_gpu_mem_used_gb": 362.19140625,
  "max_gpu_mem_used_gb": 362.19140625,
  "mean_gpu_temp_c": 86.70201729106628,
  "max_gpu_temp_c": 91.0,
  "mean_pcie_tx_mb_s": 13525.304245842339,
  "max_pcie_tx_mb_s": 96941.1650390625,
  "mean_pcie_rx_mb_s": 11696.478399675792,
  "max_pcie_rx_mb_s": 68100.20703125,
  "mean_kv_cache_pct": 1.6713931139938554,
  "max_kv_cache_pct": 2.2403021013439717,
  "p50_kv_cache_pct": 2.195750639101335,
  "p95_kv_cache_pct": 2.2360591049399137,
  "mean_requests_running": 0.7573487031700288,
  "max_requests_running": 1.0,
  "mean_requests_waiting": 0.0,
  "max_requests_waiting": 0.0
}