{
  "num_samples": 2721,
  "duration_s": 1161.3672971725464,
  "mean_power_w": 942.8234560823227,
  "max_power_w": 991.629,
  "min_power_w": 97.249,
  "p50_power_w": 982.8639999999999,
  "p95_power_w": 988.5799999999999,
  "mean_gpu_util_pct": 95.8819367879456,
  "max_gpu_util_pct": 100.0,
  "mean_gpu_mem_bw_util_pct": 36.63395810363837,
  "max_gpu_mem_bw_util_pct": 42.5,
  "mean_gpu_mem_used_gb": 367.400634765625,
  "max_gpu_mem_used_gb": 367.400634765625,
  "mean_gpu_temp_c": 87.84233737596472,
  "max_gpu_temp_c": 91.0,
  "mean_pcie_tx_mb_s": 18076.68115898337,
  "max_pcie_tx_mb_s": 99640.986328125,
  "mean_pcie_rx_mb_s": 17402.46840796984,
  "max_pcie_rx_mb_s": 83110.884765625,
  "mean_kv_cache_pct": 3.045616027975455,
  "max_kv_cache_pct": 4.09090909090909,
  "p50_kv_cache_pct": 3.3333333333333326,
  "p95_kv_cache_pct": 3.6363636363636376,
  "mean_requests_running": 1.7467842704887908,
  "max_requests_running": 2.0,
  "mean_requests_waiting": 0.0,
  "max_requests_waiting": 0.0
}