{
  "num_samples": 1323,
  "duration_s": 564.2385177612305,
  "mean_power_w": 1007.0464293272864,
  "max_power_w": 1044.172,
  "min_power_w": 380.478,
  "p50_power_w": 1034.191,
  "p95_power_w": 1041.278,
  "mean_gpu_util_pct": 96.38926681783825,
  "max_gpu_util_pct": 100.0,
  "mean_gpu_mem_bw_util_pct": 41.819349962207106,
  "max_gpu_mem_bw_util_pct": 44.75,
  "mean_gpu_mem_used_gb": 305.60877913448365,
  "max_gpu_mem_used_gb": 305.740478515625,
  "mean_gpu_temp_c": 88.92592592592592,
  "max_gpu_temp_c": 91.0,
  "mean_pcie_tx_mb_s": 10469.19921284486,
  "max_pcie_tx_mb_s": 90332.525390625,
  "mean_pcie_rx_mb_s": 17354.964774364606,
  "max_pcie_rx_mb_s": 72076.5302734375,
  "mean_kv_cache_pct": 2.8647014361300056,
  "max_kv_cache_pct": 3.9393939393939426,
  "p50_kv_cache_pct": 3.0303030303030276,
  "p95_kv_cache_pct": 3.0303030303030276,
  "mean_requests_running": 3.8458049886621315,
  "max_requests_running": 4.0,
  "mean_requests_waiting": 0.0,
  "max_requests_waiting": 0.0
}