{
  "num_samples": 1027,
  "duration_s": 440.22560572624207,
  "mean_power_w": 948.755359298929,
  "max_power_w": 1210.348,
  "min_power_w": 97.475,
  "p50_power_w": 888.912,
  "p95_power_w": 1200.552,
  "mean_gpu_util_pct": 92.2037487828627,
  "max_gpu_util_pct": 100.0,
  "mean_gpu_mem_bw_util_pct": 34.953018500486856,
  "max_gpu_mem_bw_util_pct": 63.5,
  "mean_gpu_mem_used_gb": 367.400634765625,
  "max_gpu_mem_used_gb": 367.400634765625,
  "mean_gpu_temp_c": 86.5111976630964,
  "max_gpu_temp_c": 92.0,
  "mean_pcie_tx_mb_s": 53931.311826770936,
  "max_pcie_tx_mb_s": 133154.3896484375,
  "mean_pcie_rx_mb_s": 47652.029435704724,
  "max_pcie_rx_mb_s": 114350.4189453125,
  "mean_kv_cache_pct": 64.426838983801,
  "max_kv_cache_pct": 100.0,
  "p50_kv_cache_pct": 79.6969696969697,
  "p95_kv_cache_pct": 98.18181818181819,
  "mean_requests_running": 40.269717624148,
  "max_requests_running": 56.0,
  "mean_requests_waiting": 4.611489776046738,
  "max_requests_waiting": 42.0
}