{
  "num_samples": 712,
  "duration_s": 305.653284072876,
  "mean_power_w": 865.8095898876404,
  "max_power_w": 1031.423,
  "min_power_w": 106.443,
  "p50_power_w": 987.893,
  "p95_power_w": 1000.137,
  "mean_gpu_util_pct": 92.59199438202248,
  "max_gpu_util_pct": 100.0,
  "mean_gpu_mem_bw_util_pct": 38.002808988764045,
  "max_gpu_mem_bw_util_pct": 57.75,
  "mean_gpu_mem_used_gb": 367.381103515625,
  "max_gpu_mem_used_gb": 367.381103515625,
  "mean_gpu_temp_c": 86.53932584269663,
  "max_gpu_temp_c": 90.0,
  "mean_pcie_tx_mb_s": 47633.50186671568,
  "max_pcie_tx_mb_s": 120755.7666015625,
  "mean_pcie_rx_mb_s": 44154.43558665072,
  "max_pcie_rx_mb_s": 100288.3740234375,
  "mean_kv_cache_pct": 55.18066905005107,
  "max_kv_cache_pct": 97.72727272727273,
  "p50_kv_cache_pct": 58.18181818181818,
  "p95_kv_cache_pct": 96.96969696969697,
  "mean_requests_running": 54.08848314606742,
  "max_requests_running": 80.0,
  "mean_requests_waiting": 7.099719101123595,
  "max_requests_waiting": 57.0
}