{
  "num_samples": 626,
  "duration_s": 216.0279026031494,
  "mean_power_w": 570.391428115016,
  "max_power_w": 610.23,
  "min_power_w": 190.628,
  "p50_power_w": 599.9780000000001,
  "p95_power_w": 600.0619999999999,
  "mean_gpu_util_pct": 92.80191693290735,
  "max_gpu_util_pct": 100.0,
  "mean_gpu_mem_bw_util_pct": 62.710063897763575,
  "max_gpu_mem_bw_util_pct": 74.0,
  "mean_gpu_mem_used_gb": 170.70361328125,
  "max_gpu_mem_used_gb": 170.70361328125,
  "mean_gpu_temp_c": 85.33067092651757,
  "max_gpu_temp_c": 89.0,
  "mean_pcie_tx_mb_s": 6433.695000499201,
  "max_pcie_tx_mb_s": 41302.005859375,
  "mean_pcie_rx_mb_s": 6502.246797311801,
  "max_pcie_rx_mb_s": 45853.81640625,
  "mean_kv_cache_pct": 34.54795562506324,
  "max_kv_cache_pct": 58.13048454788249,
  "p50_kv_cache_pct": 42.76230446394506,
  "p95_kv_cache_pct": 57.0927127050744,
  "mean_requests_running": 33.185303514377,
  "max_requests_running": 40.0,
  "mean_requests_waiting": 0.0,
  "max_requests_waiting": 0.0
}