{
  "num_samples": 5219,
  "duration_s": 2226.3556559085846,
  "mean_power_w": 995.5506478252539,
  "max_power_w": 1011.565,
  "min_power_w": 363.277,
  "p50_power_w": 999.993,
  "p95_power_w": 1000.284,
  "mean_gpu_util_pct": 98.30949415596858,
  "max_gpu_util_pct": 99.0,
  "mean_gpu_mem_bw_util_pct": 49.11515616018394,
  "max_gpu_mem_bw_util_pct": 50.25,
  "mean_gpu_mem_used_gb": 334.19140625,
  "max_gpu_mem_used_gb": 334.19140625,
  "mean_gpu_temp_c": 86.97413297566584,
  "max_gpu_temp_c": 89.0,
  "mean_pcie_tx_mb_s": 5112.406679433021,
  "max_pcie_tx_mb_s": 20814.81640625,
  "mean_pcie_rx_mb_s": 6260.086880568596,
  "max_pcie_rx_mb_s": 19391.931640625,
  "mean_kv_cache_pct": 0.35523859864232166,
  "max_kv_cache_pct": 0.4314994606256728,
  "p50_kv_cache_pct": 0.3595828838547255,
  "p95_kv_cache_pct": 0.42475728155340065,
  "mean_requests_running": 1.9821804943475763,
  "max_requests_running": 2.0,
  "mean_requests_waiting": 0.0,
  "max_requests_waiting": 0.0
}