{
  "num_samples": 803,
  "duration_s": 344.0862729549408,
  "mean_power_w": 1016.9833051058531,
  "max_power_w": 1191.425,
  "min_power_w": 108.272,
  "p50_power_w": 1149.369,
  "p95_power_w": 1186.413,
  "mean_gpu_util_pct": 92.52210460772105,
  "max_gpu_util_pct": 100.0,
  "mean_gpu_mem_bw_util_pct": 42.19800747198008,
  "max_gpu_mem_bw_util_pct": 59.5,
  "mean_gpu_mem_used_gb": 367.400634765625,
  "max_gpu_mem_used_gb": 367.400634765625,
  "mean_gpu_temp_c": 88.55541718555418,
  "max_gpu_temp_c": 92.0,
  "mean_pcie_tx_mb_s": 36550.01319028254,
  "max_pcie_tx_mb_s": 132276.080078125,
  "mean_pcie_rx_mb_s": 37380.28586526113,
  "max_pcie_rx_mb_s": 108171.0517578125,
  "mean_kv_cache_pct": 15.768896939507153,
  "max_kv_cache_pct": 23.18181818181818,
  "p50_kv_cache_pct": 19.393939393939398,
  "p95_kv_cache_pct": 21.212121212121215,
  "mean_requests_running": 13.945205479452055,
  "max_requests_running": 16.0,
  "mean_requests_waiting": 0.6276463262764632,
  "max_requests_waiting": 4.0
}