{
  "num_samples": 543,
  "duration_s": 232.4117076396942,
  "mean_power_w": 1043.8135948434622,
  "max_power_w": 1208.771,
  "min_power_w": 337.64300000000003,
  "p50_power_w": 1180.704,
  "p95_power_w": 1200.788,
  "mean_gpu_util_pct": 92.19337016574586,
  "max_gpu_util_pct": 100.0,
  "mean_gpu_mem_bw_util_pct": 45.26058931860037,
  "max_gpu_mem_bw_util_pct": 62.75,
  "mean_gpu_mem_used_gb": 367.400634765625,
  "max_gpu_mem_used_gb": 367.400634765625,
  "mean_gpu_temp_c": 89.44014732965009,
  "max_gpu_temp_c": 93.0,
  "mean_pcie_tx_mb_s": 39515.47674774114,
  "max_pcie_tx_mb_s": 131382.099609375,
  "mean_pcie_rx_mb_s": 39782.98435521697,
  "max_pcie_rx_mb_s": 113612.6513671875,
  "mean_kv_cache_pct": 36.09799653998549,
  "max_kv_cache_pct": 53.333333333333336,
  "p50_kv_cache_pct": 42.57575757575758,
  "p95_kv_cache_pct": 50.90909090909091,
  "mean_requests_running": 42.972375690607734,
  "max_requests_running": 56.0,
  "mean_requests_waiting": 0.16758747697974216,
  "max_requests_waiting": 5.0
}