{
  "num_samples": 550,
  "duration_s": 235.12268352508545,
  "mean_power_w": 1088.918989090909,
  "max_power_w": 1201.029,
  "min_power_w": 387.382,
  "p50_power_w": 1178.761,
  "p95_power_w": 1199.182,
  "mean_gpu_util_pct": 93.065,
  "max_gpu_util_pct": 100.0,
  "mean_gpu_mem_bw_util_pct": 50.035909090909094,
  "max_gpu_mem_bw_util_pct": 60.5,
  "mean_gpu_mem_used_gb": 343.6941006747159,
  "max_gpu_mem_used_gb": 346.033447265625,
  "mean_gpu_temp_c": 90.21272727272728,
  "max_gpu_temp_c": 92.0,
  "mean_pcie_tx_mb_s": 25778.300300071023,
  "max_pcie_tx_mb_s": 108353.9248046875,
  "mean_pcie_rx_mb_s": 30606.031912286933,
  "max_pcie_rx_mb_s": 100366.27734375,
  "mean_kv_cache_pct": 14.956473829201098,
  "max_kv_cache_pct": 18.181818181818176,
  "p50_kv_cache_pct": 18.181818181818176,
  "p95_kv_cache_pct": 18.181818181818176,
  "mean_requests_running": 20.35818181818182,
  "max_requests_running": 24.0,
  "mean_requests_waiting": 0.0,
  "max_requests_waiting": 0.0
}