{
  "num_samples": 295,
  "duration_s": 126.23706531524658,
  "mean_power_w": 929.6694440677966,
  "max_power_w": 1018.97,
  "min_power_w": 373.04,
  "p50_power_w": 999.9590000000001,
  "p95_power_w": 1000.499,
  "mean_gpu_util_pct": 88.66525423728814,
  "max_gpu_util_pct": 100.0,
  "mean_gpu_mem_bw_util_pct": 38.697457627118645,
  "max_gpu_mem_bw_util_pct": 49.25,
  "mean_gpu_mem_used_gb": 326.41015625,
  "max_gpu_mem_used_gb": 326.41015625,
  "mean_gpu_temp_c": 86.72542372881355,
  "max_gpu_temp_c": 89.0,
  "mean_pcie_tx_mb_s": 31238.62980998411,
  "max_pcie_tx_mb_s": 46083.716796875,
  "mean_pcie_rx_mb_s": 28703.66838254767,
  "max_pcie_rx_mb_s": 46421.0224609375,
  "mean_kv_cache_pct": 11.892065363000029,
  "max_kv_cache_pct": 25.803782631294226,
  "p50_kv_cache_pct": 8.0797259024323,
  "p95_kv_cache_pct": 25.124903206644532,
  "mean_requests_running": 111.44067796610169,
  "max_requests_running": 128.0,
  "mean_requests_waiting": 0.0,
  "max_requests_waiting": 0.0
}