{
  "num_samples": 3441,
  "duration_s": 1470.8717007637024,
  "mean_power_w": 885.8102557396106,
  "max_power_w": 969.61,
  "min_power_w": 85.75,
  "p50_power_w": 959.178,
  "p95_power_w": 966.9490000000001,
  "mean_gpu_util_pct": 94.71934030804998,
  "max_gpu_util_pct": 100.0,
  "mean_gpu_mem_bw_util_pct": 32.012786980528915,
  "max_gpu_mem_bw_util_pct": 40.75,
  "mean_gpu_mem_used_gb": 367.381103515625,
  "max_gpu_mem_used_gb": 367.381103515625,
  "mean_gpu_temp_c": 86.72072072072072,
  "max_gpu_temp_c": 91.0,
  "mean_pcie_tx_mb_s": 26551.1723270965,
  "max_pcie_tx_mb_s": 98317.310546875,
  "mean_pcie_rx_mb_s": 23885.67092426348,
  "max_pcie_rx_mb_s": 80583.4365234375,
  "mean_kv_cache_pct": 4.566590050461019,
  "max_kv_cache_pct": 6.515151515151518,
  "p50_kv_cache_pct": 5.757575757575761,
  "p95_kv_cache_pct": 6.060606060606055,
  "mean_requests_running": 1.5829700668410345,
  "max_requests_running": 2.0,
  "mean_requests_waiting": 0.0,
  "max_requests_waiting": 0.0
}