timestamp,elapsed_s,gpu0_power_w,gpu0_mem_used_gb,gpu0_util_pct,gpu0_mem_bw_util_pct,gpu0_temp_c,gpu0_pcie_tx_mb_s,gpu0_pcie_rx_mb_s,gpu1_power_w,gpu1_mem_used_gb,gpu1_util_pct,gpu1_mem_bw_util_pct,gpu1_temp_c,gpu1_pcie_tx_mb_s,gpu1_pcie_rx_mb_s,gpu2_power_w,gpu2_mem_used_gb,gpu2_util_pct,gpu2_mem_bw_util_pct,gpu2_temp_c,gpu2_pcie_tx_mb_s,gpu2_pcie_rx_mb_s,gpu3_power_w,gpu3_mem_used_gb,gpu3_util_pct,gpu3_mem_bw_util_pct,gpu3_temp_c,gpu3_pcie_tx_mb_s,gpu3_pcie_rx_mb_s,kv_cache_pct,requests_running,requests_waiting
1782816378.371,0.000,154.3,79.11,0,0,85,0.6,0.4,132.9,79.11,0,0,79,2.2,0.4,119.4,79.11,0,0,84,0.6,0.5,125.8,79.11,0,0,81,2.3,0.5,14.0,16,0
1782816378.811,0.439,142.5,79.11,0,0,85,2.2,0.4,132.9,79.11,0,0,79,0.6,0.5,119.4,79.11,0,0,84,0.6,0.5,125.8,79.11,0,0,81,0.6,5.0,14.0,16,0
1782816379.263,0.892,142.5,79.11,0,0,85,1.2,0.5,132.9,79.11,0,0,79,2.5,0.4,100.1,79.11,0,0,83,0.6,0.4,125.8,79.11,0,0,81,2.2,0.5,14.0,16,0
1782816379.703,1.332,118.9,79.11,0,0,84,4.4,2.4,104.5,79.11,0,0,78,4.8,3.7,100.1,79.11,0,0,83,2.7,0.5,98.0,79.11,0,0,80,0.6,0.5,14.0,16,0
1782816380.143,1.772,118.9,79.11,0,0,84,0.6,0.5,104.5,79.11,0,0,78,0.6,0.5,100.1,79.11,0,0,83,0.6,0.5,98.0,79.11,0,0,80,1.3,0.5,14.0,16,0
1782816380.583,2.212,118.9,79.11,0,0,84,0.6,0.5,98.4,79.11,0,0,78,0.6,0.4,93.8,79.11,0,0,83,0.7,0.5,96.6,79.11,0,0,80,0.6,2.4,14.0,16,0
1782816381.025,2.654,114.5,79.11,0,0,84,0.6,0.5,98.4,79.11,0,0,78,0.6,0.4,93.8,79.11,0,0,83,2.2,0.5,96.6,79.11,0,0,80,0.6,0.4,14.0,16,0
1782816381.467,3.096,114.5,79.11,0,0,84,0.6,0.5,98.0,79.11,0,0,77,2.2,0.5,93.5,79.11,0,0,82,0.6,0.5,93.7,79.11,0,0,79,2.3,0.5,14.0,16,0
1782816381.909,3.538,114.0,79.11,0,0,84,2.3,0.5,98.0,79.11,0,0,77,2.7,2.2,93.5,79.11,0,0,82,0.7,0.5,93.7,79.11,0,0,79,0.6,0.4,14.0,16,0
1782816382.348,3.977,114.0,79.11,0,0,84,0.6,0.4,96.9,79.11,0,0,77,0.6,0.5,92.7,79.11,0,0,82,0.6,0.4,92.4,79.11,0,0,79,0.6,0.5,14.0,16,0
1782816382.787,4.416,112.1,79.11,0,0,83,2.7,0.5,96.9,79.11,0,0,77,0.6,0.5,92.7,79.11,0,0,82,0.6,0.4,92.4,79.11,0,0,79,1.5,0.5,14.0,16,0
1782816383.226,4.854,112.1,79.11,0,0,83,0.6,0.4,96.9,79.11,0,0,77,4.8,0.9,92.7,79.11,0,0,82,3.3,0.4,92.4,79.11,0,0,79,0.6,0.5,14.0,16,0
1782816383.668,5.297,111.5,79.11,0,0,83,1.2,0.5,95.7,79.11,0,0,76,2.2,3.9,92.0,79.11,0,0,81,4.8,2.8,91.9,79.11,0,0,78,3.6,0.5,14.0,16,0
1782816384.110,5.739,111.5,79.11,0,0,83,3.2,0.5,95.7,79.11,0,0,76,0.6,0.5,92.0,79.11,0,0,81,0.7,0.5,91.9,79.11,0,0,78,0.7,0.5,14.0,16,0
1782816384.548,6.177,111.5,79.11,0,0,83,0.6,0.5,95.4,79.11,0,0,76,0.6,0.5,91.7,79.11,0,0,81,0.6,0.4,90.4,79.11,0,0,78,0.6,0.5,14.0,16,0
1782816384.988,6.617,111.2,79.11,0,0,83,0.7,0.5,95.4,79.11,0,0,76,0.6,5.0,91.7,79.11,0,0,81,0.6,0.4,90.4,79.11,0,0,78,0.6,0.5,14.0,16,0
1782816385.430,7.059,111.2,79.11,0,0,83,0.6,0.5,95.0,79.11,0,0,75,0.6,0.4,91.5,79.11,0,0,81,2.3,0.4,89.8,79.11,0,0,78,0.6,0.4,14.0,16,0
1782816385.867,7.496,110.4,79.11,0,0,82,1.2,0.5,95.0,79.11,0,0,75,2.3,0.4,91.5,79.11,0,0,81,0.7,2.2,89.8,79.11,0,0,78,4.2,0.5,14.0,16,0
1782816386.307,7.936,110.4,79.11,0,0,82,2.3,0.4,95.0,79.11,0,0,75,1.5,0.4,91.0,79.11,0,0,80,0.6,0.5,88.1,79.11,0,0,77,0.6,0.5,14.0,16,0
1782816386.744,8.373,110.2,79.11,0,0,82,4.7,2.2,93.9,79.11,0,0,75,2.7,0.5,91.0,79.11,0,0,80,0.7,0.5,88.1,79.11,0,0,77,0.6,0.5,14.0,16,0
1782816387.183,8.812,110.2,79.11,0,0,82,0.6,0.5,93.9,79.11,0,0,75,0.6,0.4,91.0,79.11,0,0,80,0.7,0.9,88.1,79.11,0,0,77,0.6,0.5,14.0,16,0
1782816387.622,9.251,110.2,79.11,0,0,82,1.4,0.5,93.9,79.11,0,0,75,0.6,0.5,90.8,79.11,0,0,80,2.3,2.4,87.8,79.11,0,0,77,4.8,3.7,14.0,16,0
1782816388.068,9.696,109.3,79.11,0,0,82,0.6,0.5,93.9,79.11,0,0,75,2.3,0.4,90.8,79.11,0,0,80,0.7,0.5,87.8,79.11,0,0,77,2.3,0.5,14.0,16,0
1782816388.507,10.135,109.3,79.11,0,0,82,2.3,0.5,93.0,79.11,0,0,74,0.6,0.5,90.5,79.11,0,0,79,0.7,0.5,87.1,79.11,0,0,76,0.7,0.5,14.0,16,0
1782816388.948,10.577,108.9,79.11,0,0,81,2.8,1.1,93.0,79.11,0,0,74,2.0,0.5,90.5,79.11,0,0,79,0.6,0.4,87.1,79.11,0,0,76,0.7,0.7,14.0,16,0
1782816389.393,11.022,108.9,79.11,0,0,81,0.7,0.5,92.8,79.11,0,0,74,0.6,0.4,90.5,79.11,0,0,79,0.6,0.5,85.7,79.11,0,0,76,0.6,0.5,14.0,16,0
1782816389.832,11.461,107.8,79.11,0,0,81,0.6,0.4,92.8,79.11,0,0,74,1.2,0.5,90.5,79.11,0,0,79,2.2,0.5,85.7,79.11,0,0,76,0.6,3.5,14.0,16,0
1782816390.271,11.900,107.8,79.11,0,0,81,0.6,0.5,92.8,79.11,0,0,74,3.2,0.5,90.3,79.11,0,0,79,0.6,0.5,85.7,79.11,0,0,76,2.2,0.5,14.0,16,0
1782816390.710,12.338,107.5,79.11,0,0,81,4.4,3.0,92.4,79.11,0,0,74,3.9,2.2,90.3,79.11,0,0,79,3.6,0.5,85.3,79.11,0,0,76,0.6,0.5,14.0,16,0
1782816391.155,12.784,107.5,79.11,0,0,81,0.6,0.5,92.4,79.11,0,0,74,1.7,0.5,90.3,79.11,0,0,79,0.6,0.5,85.3,79.11,0,0,76,0.6,1.0,14.0,16,0
1782816391.598,13.226,107.5,79.11,0,0,81,0.6,0.5,92.3,79.11,0,0,73,0.6,0.4,90.2,79.11,0,0,78,0.7,0.5,84.8,79.11,0,0,75,0.6,5.3,14.0,16,0
1782816392.044,13.673,106.9,79.11,0,0,80,0.6,0.4,92.3,79.11,0,0,73,0.6,0.5,90.2,79.11,0,0,78,0.6,0.4,84.8,79.11,0,0,75,0.6,0.5,14.0,16,0
1782816392.484,14.112,106.9,79.11,0,0,80,0.6,0.5,92.0,79.11,0,0,73,0.6,0.5,90.1,79.11,0,0,78,1.3,0.4,83.8,79.11,0,0,75,0.6,0.4,14.0,16,0
1782816392.923,14.552,106.6,79.11,0,0,80,0.8,2.2,92.0,79.11,0,0,73,2.8,2.0,90.1,79.11,0,0,78,2.3,0.4,83.8,79.11,0,0,75,0.6,0.4,14.0,16,0
1782816393.368,14.997,106.6,79.11,0,0,80,0.6,0.4,91.9,79.11,0,0,73,2.2,0.4,90.0,79.11,0,0,78,0.6,0.4,83.5,79.11,0,0,75,2.3,0.5,14.0,16,0
1782816393.808,15.437,105.9,79.11,0,0,80,2.3,0.5,91.9,79.11,0,0,73,1.5,0.4,90.0,79.11,0,0,78,0.8,0.6,83.5,79.11,0,0,75,0.6,0.7,14.0,16,0
1782816394.248,15.877,105.9,79.11,0,0,80,1.0,0.7,91.9,79.11,0,0,73,0.6,0.7,60.6,79.11,0,0,76,1.9,0.5,83.5,79.11,0,0,75,1.1,0.6,14.0,16,0
1782816394.695,16.324,91.2,79.11,0,0,78,1.2,6.9,91.5,79.11,0,0,72,20710.0,17112.8,60.6,79.11,0,0,76,7701.3,2157.0,79.1,79.11,0,0,73,10379.2,6821.7,,,
1782816396.124,17.753,251.7,79.11,98,39,82,5178.9,8560.9,250.1,79.11,98,46,76,8082.2,1926.4,244.8,79.11,98,47,81,9320.2,8624.3,240.1,79.11,98,47,77,6616.3,3853.5,14.0,16,0
1782816396.565,18.194,251.7,79.11,98,39,82,17902.1,6327.3,250.4,79.11,98,46,75,4.3,4.5,245.1,79.11,98,43,81,1.8,17241.7,237.6,79.11,97,38,78,20747.6,4.6,14.0,16,0
1782816397.006,18.635,241.4,79.11,99,15,83,3.4,3.7,245.2,79.11,99,60,76,11378.1,14182.5,239.7,79.11,99,49,81,11326.8,4.1,233.6,79.11,99,47,78,2.2,4.0,14.0,16,0
1782816397.448,19.077,247.7,79.11,99,44,83,20708.6,17115.3,246.6,79.11,99,43,76,2.7,4.3,241.9,79.11,99,41,81,1.8,582.5,236.1,79.11,99,43,78,19718.5,17212.9,14.0,16,0
1782816397.890,19.519,252.8,79.11,99,51,83,1.9,4.4,252.0,79.11,99,45,75,6495.4,14723.5,251.1,79.11,99,43,81,15656.4,4.6,243.4,79.11,99,43,77,2.8,4.0,14.0,16,0
1782816398.331,19.960,250.0,79.11,99,40,83,10.0,5.1,249.2,79.11,100,45,76,3757.1,15296.5,248.7,79.11,99,40,82,17639.2,5.2,243.1,79.11,99,42,79,2.9,1533.3,14.0,16,0
1782816398.773,20.401,249.5,79.11,100,34,83,5.1,17121.6,249.2,79.11,100,45,76,20708.2,5.7,245.4,79.11,99,42,81,3.0,3842.8,243.1,79.11,99,42,79,18209.2,14330.9,14.0,16,0
1782816399.213,20.842,250.3,79.11,99,39,83,17795.9,4525.6,248.4,79.11,100,44,76,2.0,4.8,245.4,79.11,99,42,81,13569.1,16072.1,237.7,79.11,100,40,79,7513.7,5.9,14.0,16,0
1782816399.659,21.288,248.6,79.11,99,39,82,19219.8,17108.1,247.8,79.11,99,42,76,1.9,7.8,242.8,79.11,99,41,82,615.0,16835.5,234.3,79.11,99,40,78,20749.3,5.2,14.0,16,0
1782816400.106,21.735,248.6,79.11,99,39,82,4.3,17112.3,250.6,79.11,100,53,77,20705.8,4.6,247.0,79.11,99,51,82,2.8,4.8,238.8,79.11,100,48,79,2467.1,15640.9,14.0,16,0
1782816400.549,22.178,249.4,79.11,100,38,83,1.8,4.1,250.6,79.11,99,46,76,1.7,14309.4,248.2,79.11,100,56,83,17336.0,4538.8,240.3,79.11,100,56,79,2.9,4.5,14.0,16,0
1782816400.990,22.619,251.1,79.11,99,40,83,17500.6,15611.4,248.5,79.11,99,45,76,1.9,4.4,247.6,79.11,99,53,83,1.9,5260.4,240.2,79.11,99,52,79,17248.9,13543.8,14.0,16,0
1782816401.431,23.060,250.3,79.11,99,47,83,1.8,4.0,250.1,79.11,99,44,76,20242.4,17109.0,250.6,79.11,99,47,83,3.6,4.7,242.0,79.11,99,43,79,1.8,5664.0,14.0,16,0
1782816401.874,23.502,249.9,79.11,100,48,83,3697.1,4.1,250.0,79.11,99,44,76,4.3,25.4,250.8,79.11,99,43,82,19732.7,17199.0,241.5,79.11,99,42,78,4.5,4.6,14.0,16,0
1782816402.314,23.943,249.8,79.11,100,51,84,20710.3,17114.2,251.2,79.11,99,42,76,2.9,4.5,250.4,79.11,99,41,84,1.9,4275.3,242.3,79.11,99,41,80,17699.4,14325.2,14.0,16,0
1782816402.755,24.384,248.8,79.11,99,37,83,19310.5,10918.2,251.2,79.11,99,42,76,4.7,5.7,249.1,79.11,100,45,83,18120.8,14987.4,242.3,79.11,99,41,80,3689.2,5.3,14.0,16,0
1782816403.200,24.829,248.6,79.11,100,40,84,3535.8,17695.7,249.9,79.11,100,46,77,3910.0,11504.6,249.1,79.11,100,45,83,7460.8,32378.9,240.1,79.11,99,41,80,1955.1,1528.5,4.0,0,59
1782816403.643,25.272,224.9,79.11,100,27,84,9412.2,6587.0,237.5,79.11,40,3,75,7848.5,8488.3,237.9,79.11,62,4,81,8168.8,10309.3,214.5,79.11,30,4,77,7473.3,8464.3,1.0,64,0
1782816404.085,25.714,224.9,79.11,100,27,84,7371.1,6238.9,219.6,79.11,100,44,77,7213.0,9144.3,211.1,79.11,100,42,83,7426.8,9881.3,205.7,79.11,100,45,79,8767.8,9341.2,1.0,64,0
1782816404.526,26.155,231.5,79.11,100,40,84,6637.7,5372.8,230.1,79.11,100,47,77,8564.6,8641.7,215.2,79.11,100,46,83,7343.0,11165.9,228.9,79.11,100,46,79,7669.9,10282.4,1.0,64,0
1782816404.966,26.595,257.8,79.11,100,40,84,6660.8,6723.5,254.9,79.11,100,48,77,7434.2,9023.8,250.1,79.11,100,46,83,8782.8,10120.9,241.2,79.11,100,46,79,7402.6,11457.6,1.0,64,0
1782816405.409,27.038,251.3,79.11,100,40,84,7955.4,5310.5,254.2,79.11,100,48,77,7001.7,9179.9,250.8,79.11,100,46,83,7282.1,10225.5,241.2,79.11,100,46,79,8798.0,10800.2,1.0,64,0
1782816405.850,27.479,250.1,79.11,100,41,84,7991.8,5451.9,252.2,79.11,100,49,77,6829.5,9114.9,251.6,79.11,100,46,83,7601.0,10790.8,241.9,79.11,100,46,79,7892.0,10402.8,1.0,64,0
1782816406.293,27.922,250.0,79.11,100,41,84,6725.8,5346.1,252.2,79.11,100,49,77,8381.2,8126.5,252.0,79.11,100,46,83,7519.1,11190.1,241.9,79.11,100,46,79,7641.0,10850.3,1.0,64,0
1782816406.735,28.364,250.0,79.11,100,41,84,6315.2,6767.5,250.4,79.11,100,48,77,7066.7,8472.8,251.6,79.11,100,46,84,8868.1,10246.4,242.4,79.11,100,47,79,7082.2,11467.7,1.0,64,0
1782816407.177,28.806,250.0,79.11,100,40,84,7958.9,5480.9,249.8,79.11,100,49,77,7010.8,9110.7,251.6,79.11,100,46,84,7517.5,10061.0,241.9,79.11,100,47,80,8907.0,10426.3,1.0,64,0
1782816407.619,29.247,250.0,79.11,100,40,84,6673.6,5479.9,250.0,79.11,100,48,77,8359.4,8081.2,251.8,79.11,100,46,84,7177.1,12813.3,241.7,79.11,100,46,79,8030.0,10086.9,1.0,64,0
1782816408.065,29.694,249.9,79.11,100,40,84,6718.2,6937.4,250.0,79.11,100,48,77,7214.3,8080.4,251.7,79.11,100,46,84,8822.2,9669.2,241.3,79.11,100,46,80,7442.0,11738.9,1.0,64,0
1782816408.506,30.135,250.0,79.11,100,40,84,8119.5,5614.5,250.0,79.11,100,49,77,7176.7,8788.3,250.8,79.11,100,46,84,7580.8,9931.6,241.1,79.11,100,46,80,9025.9,11045.6,2.0,64,0
1782816408.947,30.575,250.0,79.11,100,40,84,6875.9,5359.9,250.1,79.11,100,48,77,8288.6,8200.0,250.5,79.11,100,46,84,7359.7,11089.2,241.6,79.11,100,47,80,7664.7,10413.9,2.0,64,0
1782816409.391,31.019,250.0,79.11,100,39,84,7098.0,6575.2,250.0,79.11,100,47,77,7261.2,8294.5,250.1,79.11,100,46,84,8946.1,9444.0,241.7,79.11,100,47,80,7409.3,11825.1,2.0,64,0
1782816409.838,31.467,250.1,79.11,100,40,84,7955.3,5428.0,250.1,79.11,100,48,77,6976.4,8696.3,250.0,79.11,100,45,84,7361.2,10661.3,241.6,79.11,100,45,80,9185.5,10284.2,2.0,64,0
1782816410.286,31.915,250.0,79.11,100,40,84,6809.0,5346.4,250.1,79.11,100,48,77,8226.9,8451.8,250.1,79.11,100,46,84,7218.3,11294.8,241.6,79.11,100,45,80,7527.4,10889.0,2.0,64,0
1782816410.731,32.359,249.9,79.11,100,41,84,6481.8,7940.3,250.0,79.11,100,48,77,7174.9,8229.5,250.1,79.11,100,47,84,8730.7,9693.3,241.5,79.11,100,46,80,7159.4,11878.8,2.0,64,0
1782816411.179,32.808,250.0,79.11,100,40,84,8127.9,5613.7,249.9,79.11,100,48,77,7011.9,9042.4,250.1,79.11,100,47,84,7577.7,9702.8,241.8,79.11,100,47,80,8777.0,10692.2,2.0,64,0
1782816411.620,33.249,250.0,79.11,100,40,84,6638.5,5346.4,249.9,79.11,100,48,77,8558.6,8149.8,250.0,79.11,100,47,84,7275.5,12021.2,241.8,79.11,100,46,80,7645.4,9726.9,2.0,64,0
1782816412.065,33.694,250.0,79.11,100,40,85,6583.0,6170.2,250.2,79.11,100,49,77,7631.4,7952.4,250.1,79.11,100,46,85,8750.9,10091.1,242.0,79.11,100,46,80,7435.6,11890.5,2.0,64,0
1782816412.508,34.137,250.1,79.11,100,41,85,6474.1,6846.4,250.3,79.11,100,49,77,7088.5,8714.1,250.2,79.11,100,46,85,7582.5,9528.4,242.0,79.11,100,46,80,8864.9,10593.9,2.0,64,0
1782816412.949,34.578,250.1,79.11,100,40,85,7969.5,5628.9,249.7,79.11,100,48,78,6845.6,9534.8,250.0,79.11,100,47,85,7590.8,11355.5,241.4,79.11,100,46,80,7812.6,10630.7,2.0,64,0
1782816413.392,35.020,249.9,79.11,100,40,85,6602.0,5212.4,249.7,79.11,100,48,78,8376.1,8375.8,249.8,79.11,100,47,85,8897.6,9811.5,240.8,79.11,100,46,80,7367.6,11557.7,3.0,64,0
1782816413.840,35.469,250.0,79.11,100,40,85,6886.9,6210.7,250.0,79.11,100,48,78,7250.7,9601.5,249.9,79.11,100,45,85,7580.4,10727.6,241.3,79.11,100,46,80,9290.8,10445.4,3.0,64,0
1782816414.749,36.378,250.0,79.11,100,40,85,6222.4,6759.5,250.3,79.11,100,49,78,7140.7,8338.8,250.3,79.11,100,46,85,8412.2,9496.0,241.8,79.11,100,45,80,8943.8,10375.9,3.0,64,0
1782816415.192,36.821,249.9,79.11,100,41,85,7829.3,5807.3,250.0,79.11,100,48,78,7008.5,9352.9,250.3,79.11,100,46,85,7574.6,9879.3,241.7,79.11,100,46,80,8949.9,10519.0,3.0,64,0
1782816415.633,37.261,249.9,79.11,100,40,85,6721.5,5346.3,249.9,79.11,100,48,78,8317.7,7352.6,250.1,79.11,100,47,85,7250.4,12221.8,241.7,79.11,100,46,80,8791.5,10301.8,3.0,64,0
1782816416.082,37.710,249.9,79.11,100,40,85,6474.1,6574.4,250.1,79.11,100,48,78,7356.0,8268.5,250.1,79.11,100,47,85,8733.6,9359.5,242.1,79.11,100,46,80,7587.2,11731.5,3.0,64,0
1782816416.523,38.151,250.0,79.11,100,40,85,7652.7,5551.8,250.1,79.11,100,49,78,6999.3,8798.4,250.0,79.11,100,46,85,7447.9,9459.1,242.0,79.11,100,46,80,8965.2,10618.1,3.0,64,0
1782816416.964,38.593,250.1,79.11,100,41,85,6637.6,5348.8,250.2,79.11,100,49,78,8423.6,7936.3,250.2,79.11,100,47,85,7267.0,10685.5,242.3,79.11,100,47,80,7699.7,10135.9,3.0,64,0
1782816417.409,39.038,249.9,79.11,100,41,85,6652.8,5078.9,250.0,79.11,100,49,78,8418.5,7679.9,250.2,79.11,100,47,85,7190.6,11059.6,242.5,79.11,100,47,80,8840.3,11310.1,3.0,64,0
1782816417.859,39.488,250.0,79.11,100,41,85,7791.6,5853.3,249.8,79.11,100,48,78,7060.7,9497.3,250.2,79.11,100,47,86,8775.2,10789.6,242.0,79.11,100,46,80,9023.2,10436.1,3.0,64,0
1782816418.307,39.936,250.1,79.11,100,40,85,6797.8,5480.0,249.8,79.11,100,48,78,8469.2,8425.9,249.8,79.11,100,46,86,7324.3,11144.2,241.6,79.11,100,45,80,7884.7,10226.5,4.0,64,0
1782816418.749,40.378,250.1,79.11,100,40,85,6609.5,6577.0,249.9,79.11,100,48,78,7588.1,8176.9,249.9,79.11,100,46,86,8553.7,9498.5,241.6,79.11,100,45,80,7189.1,11921.3,4.0,64,0
1782816419.191,40.820,249.9,79.11,100,40,85,8251.6,5349.5,249.9,79.11,100,48,78,6978.6,9339.9,249.9,79.11,100,46,86,7393.6,9100.8,241.8,79.11,100,47,80,9107.2,11232.1,4.0,64,0
1782816419.633,41.262,250.0,79.11,100,40,85,7955.6,5533.1,250.2,79.11,100,49,78,6987.6,8642.7,250.2,79.11,100,47,86,7567.6,10533.6,242.3,79.11,100,47,81,7514.2,10929.3,4.0,64,0
1782816420.079,41.708,250.0,79.11,100,40,85,6920.9,5345.9,250.2,79.11,100,49,78,8574.0,8111.2,250.4,79.11,100,47,86,8211.2,10234.7,242.7,79.11,100,47,81,7395.4,11649.9,4.0,64,0
1782816420.522,42.150,250.1,79.11,100,40,85,6475.6,6709.7,250.0,79.11,100,49,78,7188.6,8043.9,250.2,79.11,100,47,86,8024.4,9189.2,242.7,79.11,100,46,81,8948.0,9721.1,4.0,64,0
1782816420.962,42.591,250.0,79.11,100,39,85,7850.9,5555.5,249.9,79.11,100,50,78,8622.4,8420.3,249.8,79.11,100,47,86,7476.4,11078.5,242.0,79.11,100,46,81,7801.5,10759.3,4.0,64,0
1782816421.410,43.038,249.9,79.11,100,40,86,6797.7,5078.7,249.8,79.11,100,49,78,8485.4,7660.7,250.0,79.11,100,47,86,7733.9,10060.6,242.1,79.11,100,47,81,7620.6,11862.0,4.0,64,0
1782816421.852,43.480,250.0,79.11,100,41,86,6474.0,6584.0,250.1,79.11,100,48,78,7181.3,7383.5,250.1,79.11,100,47,86,9027.8,9482.8,242.6,79.11,100,47,81,7291.8,11605.5,4.0,64,0
1782816422.294,43.923,250.0,79.11,100,40,86,7972.1,5948.4,250.1,79.11,100,48,78,6958.5,9244.2,250.0,79.11,100,46,86,7489.0,9620.2,242.6,79.11,100,47,81,8908.2,10311.2,4.0,64,0
1782816422.735,44.364,250.1,79.11,100,41,86,6950.9,5750.7,250.1,79.11,100,49,78,8314.2,7794.3,250.0,79.11,100,46,86,6973.8,10868.6,242.7,79.11,100,46,81,7718.9,10704.5,4.0,64,0
1782816423.182,44.811,250.0,79.11,100,41,86,6474.1,6576.4,250.0,79.11,100,49,78,7257.8,8273.7,250.0,79.11,100,46,86,8704.2,9441.9,242.6,79.11,100,46,81,7346.6,11720.3,4.0,64,0
1782816423.624,45.253,250.0,79.11,100,41,86,8017.5,5800.8,250.1,79.11,100,49,78,7069.9,9419.9,250.1,79.11,100,47,86,8403.1,9803.9,243.1,79.11,100,46,81,10055.1,10696.8,4.0,64,0
1782816424.074,45.703,250.0,79.11,100,40,86,6804.3,5390.4,249.9,79.11,100,49,78,8370.3,8331.1,250.0,79.11,100,47,86,7186.4,10742.7,243.0,79.11,100,47,81,7714.5,10572.9,4.0,64,0
1782816424.516,46.145,250.0,79.11,100,40,86,6325.1,6718.3,249.8,79.11,100,49,78,7252.3,8280.3,250.0,79.11,100,47,87,8731.7,9881.9,242.9,79.11,100,47,81,7275.9,11850.8,4.0,64,0
1782816424.957,46.585,250.0,79.11,100,41,86,6463.4,6731.8,250.2,79.11,100,50,78,7099.4,8416.8,250.2,79.11,100,47,87,7980.3,9614.1,243.2,79.11,100,46,81,8630.9,10322.3,4.0,64,0
1782816425.398,47.027,250.0,79.11,100,41,86,7700.3,5692.9,250.1,79.11,100,49,78,6948.3,8870.7,250.1,79.11,100,47,87,7325.3,9240.1,243.3,79.11,100,47,81,9057.3,10325.1,5.0,64,0
1782816425.839,47.468,249.9,79.11,100,41,86,6799.5,5383.1,249.8,79.11,100,49,78,8415.7,8197.5,249.9,79.11,100,47,87,7137.9,12566.4,242.9,79.11,100,46,81,8428.4,12021.3,5.0,64,0
1782816426.292,47.921,250.0,79.11,100,39,86,6985.1,6155.3,249.8,79.11,100,49,78,7196.2,8871.2,249.7,79.11,100,46,87,7475.0,9627.0,242.9,79.11,100,46,81,8976.4,10815.6,5.0,64,0
1782816426.737,48.365,250.0,79.11,100,40,86,7464.1,6151.7,249.7,79.11,100,48,78,8504.8,7944.6,249.9,79.11,100,47,87,7164.5,10648.4,242.4,79.11,100,46,81,7720.2,10395.1,5.0,64,0
1782816427.184,48.812,250.1,79.11,100,40,86,6486.7,6623.8,250.0,79.11,100,50,78,7071.7,7966.1,249.9,79.11,100,47,87,8695.8,9346.9,242.3,79.11,100,46,81,7452.3,11507.2,5.0,64,0
1782816427.625,49.254,250.1,79.11,100,40,86,6480.0,7000.4,250.2,79.11,100,49,79,7304.8,9291.4,250.2,79.11,100,47,87,8260.8,9197.1,242.5,79.11,100,46,81,9990.8,10909.4,5.0,64,0
1782816428.076,49.705,250.0,79.11,100,41,86,7783.2,5293.3,249.9,79.11,100,49,79,7806.1,8334.9,250.3,79.11,100,47,87,6973.7,10748.4,242.5,79.11,100,47,81,7735.3,10419.0,5.0,64,0
1782816428.520,50.149,250.0,79.11,100,40,86,6675.2,5209.2,250.0,79.11,100,48,79,7690.7,7866.2,250.0,79.11,100,47,87,8321.0,9184.0,242.4,79.11,100,46,81,7434.1,12434.1,5.0,64,0
1782816428.964,50.593,250.0,79.11,100,40,86,6642.2,6607.8,249.9,79.11,100,49,78,7002.6,9502.5,249.9,79.11,100,46,87,7390.0,9210.9,242.3,79.11,100,46,81,8847.1,10623.1,5.0,64,0
1782816429.410,51.039,250.0,79.11,100,40,86,8116.4,5350.1,249.9,79.11,100,50,79,6691.4,8868.5,249.9,79.11,100,46,87,7411.0,10491.4,242.4,79.11,100,46,81,7649.7,10274.8,5.0,64,0
1782816429.852,51.481,250.0,79.11,100,41,86,6797.8,5353.7,250.2,79.11,100,49,79,8400.5,8464.0,250.1,79.11,100,47,87,7126.0,10345.7,243.0,79.11,100,47,81,7672.8,10750.5,5.0,64,0
1782816430.296,51.925,250.1,79.11,100,40,86,6464.0,6440.8,250.2,79.11,100,49,79,7288.8,8409.0,250.2,79.11,100,48,87,8762.0,9670.8,243.0,79.11,100,47,81,7500.4,11852.5,6.0,64,0
1782816430.737,52.366,250.0,79.11,100,41,86,6765.7,6808.4,250.1,79.11,100,49,79,7055.7,7666.3,250.3,79.11,100,48,87,8163.7,9803.6,243.3,79.11,100,47,81,8981.0,10791.3,6.0,64,0
1782816431.183,52.812,250.0,79.11,100,39,86,8031.1,5885.2,250.1,79.11,100,49,79,7080.7,8806.2,250.3,79.11,100,48,87,7385.5,9987.5,243.6,79.11,100,47,81,7982.5,10840.9,6.0,64,0
1782816431.628,53.257,250.0,79.11,100,40,86,6653.2,5346.0,249.9,79.11,100,48,79,8568.1,8190.9,250.0,79.11,100,46,87,9279.7,9019.4,243.0,79.11,100,46,81,7774.0,12413.5,6.0,64,0
1782816432.074,53.703,250.0,79.11,100,40,86,7278.0,6019.5,250.0,79.11,100,50,79,7318.6,9430.4,249.8,79.11,100,46,88,7347.2,9184.0,242.6,79.11,100,46,81,8838.7,10607.3,6.0,64,0
1782816432.516,54.144,250.1,79.11,100,40,87,8151.2,5716.3,250.0,79.11,100,49,79,6936.0,9130.7,250.0,79.11,100,47,87,7450.9,9545.8,243.0,79.11,100,47,81,8390.3,10861.1,6.0,64,0
1782816432.958,54.587,250.0,79.11,100,40,87,6801.1,5226.7,249.9,79.11,100,49,79,8412.9,8421.1,250.1,79.11,100,47,88,7158.3,10254.2,243.2,79.11,100,46,81,7585.6,11057.2,6.0,64,0
1782816433.402,55.031,250.0,79.11,100,40,87,6474.1,6824.4,250.0,79.11,100,49,79,7571.2,8699.9,250.1,79.11,100,47,88,8654.6,9423.5,243.1,79.11,100,46,81,7368.5,12443.9,6.0,64,0
1782816433.843,55.472,250.0,79.11,100,40,87,7830.1,5599.7,249.9,79.11,100,48,79,7080.3,9163.3,249.9,79.11,100,46,88,7594.4,9719.9,242.5,79.11,100,46,82,10481.0,10836.9,6.0,64,0
1782816434.291,55.920,250.0,79.11,100,39,87,6621.8,5078.8,249.9,79.11,100,48,79,8372.0,7840.7,250.0,79.11,100,47,88,6891.0,10469.3,242.5,79.11,100,46,82,7664.8,10585.2,6.0,64,0
1782816434.733,56.362,249.9,79.11,100,41,87,6478.6,7518.7,250.0,79.11,100,49,79,7308.6,8404.7,250.2,79.11,100,47,88,7965.9,9039.1,242.1,79.11,100,47,81,9004.5,10827.5,6.0,64,0
1782816435.184,56.813,250.0,79.11,100,40,87,7957.8,5537.4,250.1,79.11,100,49,79,6816.5,8996.8,250.2,79.11,100,47,88,7441.4,8785.0,243.0,79.11,100,46,82,9197.4,10545.8,7.0,64,0
1782816435.630,57.258,250.1,79.11,100,40,87,6657.5,5078.8,250.0,79.11,100,48,79,8281.8,8207.7,250.1,79.11,100,47,88,7306.6,11711.4,242.8,79.11,100,46,82,7517.9,12735.4,7.0,64,0
1782816436.080,57.709,250.1,79.11,100,40,87,6154.3,6807.2,250.0,79.11,100,49,79,7331.5,8658.5,250.0,79.11,100,46,88,8665.6,9022.8,242.7,79.11,100,46,82,7314.4,12289.4,7.0,64,0
1782816436.521,58.150,250.0,79.11,100,40,87,7976.8,5915.9,250.1,79.11,100,50,79,7014.7,8862.7,250.1,79.11,100,47,88,7285.4,9267.5,243.2,79.11,100,46,82,9303.4,11183.3,7.0,64,0
1782816436.967,58.596,249.9,79.11,100,40,87,6478.2,5080.1,249.8,79.11,100,49,79,7962.4,8167.4,250.0,79.11,100,47,88,8371.6,9102.9,242.8,79.11,100,46,82,7378.7,12158.0,7.0,64,0
1782816437.414,59.043,250.0,79.11,100,40,87,6150.5,6835.8,249.9,79.11,100,48,79,7212.7,7904.6,249.8,79.11,100,47,88,8943.2,9249.8,242.6,79.11,100,47,82,7225.1,11979.3,7.0,64,0
1782816437.856,59.484,250.1,79.11,100,40,87,7957.2,5707.2,250.3,79.11,100,49,79,6926.3,9085.1,250.2,79.11,100,47,88,7254.9,9230.2,243.6,79.11,100,47,82,8976.0,10442.7,7.0,64,0
1782816438.298,59.927,250.0,79.11,100,41,87,8115.7,5491.9,250.3,79.11,100,49,79,6953.2,9198.4,250.2,79.11,100,47,88,7252.6,9296.5,243.6,79.11,100,47,82,9104.5,10679.6,7.0,64,0
1782816438.749,60.378,250.0,79.11,100,41,87,6803.7,5261.8,250.2,79.11,100,50,79,8178.8,8359.0,250.0,79.11,100,47,88,8699.7,8852.3,244.0,79.11,100,46,82,7365.6,12006.0,7.0,64,0
1782816439.199,60.827,250.1,79.11,100,41,87,6312.2,6673.0,249.9,79.11,100,50,79,7173.8,8192.1,250.0,79.11,100,47,88,8832.5,9211.9,243.8,79.11,100,46,82,7851.9,11897.7,7.0,64,0
1782816439.640,61.269,250.0,79.11,100,41,87,7886.7,5420.3,249.9,79.11,100,49,79,6552.1,9048.4,249.9,79.11,100,47,88,8515.8,9106.1,243.5,79.11,100,46,82,8918.6,10955.9,7.0,64,0
1782816440.086,61.715,250.0,79.11,100,41,87,6739.1,5376.0,249.9,79.11,100,49,79,8273.2,8214.7,250.0,79.11,100,48,88,7199.7,10791.6,243.3,79.11,100,47,82,7666.8,10994.8,8.0,64,0
1782816440.528,62.157,250.0,79.11,100,41,87,6618.3,5078.8,250.0,79.11,100,49,79,8539.9,8042.5,250.0,79.11,100,47,88,6924.3,10524.1,243.2,79.11,100,47,82,7520.1,10896.0,8.0,64,0
1782816440.971,62.600,250.0,79.11,100,40,87,6481.2,6683.1,250.0,79.11,100,49,79,7510.5,8484.0,250.0,79.11,100,47,88,8704.7,8971.1,243.3,79.11,100,47,82,7193.0,12230.3,8.0,64,0
1782816441.414,63.043,249.9,79.11,100,39,87,7803.9,5873.6,250.0,79.11,100,50,79,6944.9,9297.3,250.0,79.11,100,47,89,7589.5,9332.5,243.5,79.11,100,46,82,8937.6,10293.8,8.0,64,0
1782816441.857,63.486,250.0,79.11,100,40,87,6804.0,5250.1,249.9,79.11,100,49,79,8159.2,7996.0,250.0,79.11,100,46,89,8288.3,11536.3,242.9,79.11,100,45,82,7710.6,10431.5,8.0,64,0
1782816442.309,63.938,250.0,79.11,100,41,87,6474.1,6870.6,249.9,79.11,100,49,79,7193.2,8229.4,250.1,79.11,100,48,89,8544.3,9158.9,242.8,79.11,100,47,82,7222.7,12036.6,8.0,64,0
1782816442.751,64.380,250.0,79.11,100,41,87,6319.7,6862.2,250.2,79.11,100,50,79,7235.4,9751.5,250.2,79.11,100,48,89,7379.3,9293.6,242.8,79.11,100,47,82,8917.8,11215.6,8.0,64,0
1782816443.196,64.825,250.0,79.11,100,40,87,7953.9,5625.4,250.2,79.11,100,50,79,6887.0,8742.7,250.2,79.11,100,48,89,7257.9,9035.1,243.7,79.11,100,47,82,9277.0,10551.6,8.0,64,0
1782816443.638,65.267,250.0,79.11,100,40,87,6799.4,5079.0,250.2,79.11,100,49,79,8378.9,8119.1,250.1,79.11,100,48,89,8647.4,10423.6,243.6,79.11,100,47,82,7547.1,12273.0,8.0,64,0
1782816444.087,65.716,250.0,79.11,100,40,87,6157.9,6574.6,249.9,79.11,100,48,79,7400.4,7677.8,250.0,79.11,100,47,89,8586.1,8901.3,243.1,79.11,100,46,82,7299.6,12093.6,8.0,64,0
1782816444.530,66.159,250.0,79.11,100,41,87,7993.8,5614.6,250.0,79.11,100,50,79,7004.4,8756.6,250.1,79.11,100,47,89,7330.1,9257.8,243.2,79.11,100,46,82,9076.5,10330.0,8.0,64,0
1782816444.972,66.601,250.0,79.11,100,40,87,7991.4,5445.6,250.1,79.11,100,50,79,6860.0,8877.0,250.0,79.11,100,47,89,7241.7,9051.4,243.6,79.11,100,46,82,9079.8,10590.9,9.0,64,0
1782816445.415,67.044,250.0,79.11,100,41,87,6966.4,5212.6,250.1,79.11,100,50,79,8367.5,8112.0,250.0,79.11,100,48,89,6871.5,9625.1,243.8,79.11,100,47,82,7647.5,10250.8,9.0,64,0
1782816445.857,67.486,250.0,79.11,100,41,87,6636.0,6362.8,250.0,79.11,100,50,79,6933.8,8337.0,250.1,79.11,100,48,89,9466.6,8807.8,243.9,79.11,100,47,82,7490.2,12208.0,9.0,64,0
1782816446.308,67.937,250.0,79.11,100,41,87,6469.4,6563.5,250.0,79.11,100,50,79,6961.5,9156.3,250.1,79.11,100,48,89,7246.3,9191.7,243.8,79.11,100,47,82,9027.9,10779.9,9.0,64,0
1782816446.752,68.381,250.0,79.11,100,40,88,9568.3,5147.1,249.9,79.11,100,49,80,8285.3,8219.8,250.0,79.11,100,48,89,7169.0,9916.0,243.8,79.11,100,47,82,7547.2,10571.1,9.0,64,0
1782816447.207,68.836,250.0,79.11,100,40,87,6668.4,5152.5,250.1,79.11,100,49,80,8226.7,8022.1,250.0,79.11,100,48,89,6953.0,10270.9,243.9,79.11,100,47,82,7592.4,11081.8,9.0,64,0
1782816447.649,69.278,250.0,79.11,100,40,88,6313.9,6440.8,250.0,79.11,100,49,80,7231.0,8398.0,250.0,79.11,100,48,89,8491.9,8950.8,243.9,79.11,100,47,82,7499.5,12687.0,9.0,64,0
1782816448.091,69.720,250.0,79.11,100,40,88,6474.0,6708.5,250.0,79.11,100,50,80,7135.7,8357.0,250.1,79.11,100,47,89,8036.4,9651.6,244.0,79.11,100,47,82,8841.8,10725.7,9.0,64,0
1782816448.533,70.162,250.0,79.11,100,40,88,7646.2,5765.4,250.0,79.11,100,50,80,6572.2,9264.6,250.0,79.11,100,47,89,7560.9,9000.7,243.8,79.11,100,46,82,8825.6,10602.8,9.0,64,0
1782816448.975,70.603,250.0,79.11,100,41,88,7469.8,5212.8,249.9,79.11,100,50,80,7679.0,8038.8,249.9,79.11,100,47,89,7136.9,10389.0,243.5,79.11,100,46,82,7629.2,11023.1,9.0,64,0
1782816449.417,71.046,250.1,79.11,100,41,88,6596.1,5212.5,250.1,79.11,100,49,80,8396.1,8215.9,250.0,79.11,100,47,89,7019.4,9855.6,243.6,79.11,100,47,82,7594.1,11310.2,9.0,64,0
1782816449.859,71.487,250.0,79.11,100,41,88,6336.1,6755.6,250.0,79.11,100,50,80,7483.6,8085.0,250.2,79.11,100,48,89,9412.0,9617.7,243.7,79.11,100,47,82,7603.9,12673.1,9.0,64,0
1782816450.308,71.937,249.9,79.11,100,40,88,7326.9,5616.8,250.0,79.11,100,50,80,7007.0,9488.6,250.1,79.11,100,48,89,6921.3,8823.8,243.8,79.11,100,48,82,9003.8,11329.6,9.0,64,0
1782816450.748,72.377,250.0,79.11,100,41,88,7916.4,5693.1,250.0,79.11,100,50,80,6678.9,8879.2,250.2,79.11,100,48,89,7351.9,8994.8,243.8,79.11,100,48,82,9076.5,10782.5,9.0,64,0
1782816451.193,72.822,249.9,79.11,100,40,88,8236.5,5346.5,250.1,79.11,100,50,80,6633.6,8825.1,250.2,79.11,100,48,89,7142.2,8958.2,244.5,79.11,100,47,82,8956.6,11100.6,9.0,64,0
1782816451.635,73.264,250.0,79.11,100,40,88,6637.5,4946.2,250.0,79.11,100,49,80,8168.2,8019.5,250.0,79.11,100,48,89,6810.8,10334.6,244.6,79.11,100,47,82,7798.0,11187.4,9.0,64,0
1782816452.078,73.707,250.0,79.11,100,40,88,6600.0,5113.5,249.9,79.11,100,49,80,8372.8,8215.2,250.0,79.11,100,48,89,7122.6,10324.9,244.3,79.11,100,47,82,7568.8,11055.0,9.0,64,0
1782816452.521,74.149,250.0,79.11,100,41,88,6474.1,6621.8,249.9,79.11,100,50,80,7204.0,8476.4,249.9,79.11,100,48,89,8293.4,9128.2,244.4,79.11,100,47,82,7371.0,12396.3,10.0,64,0
1782816452.962,74.590,250.0,79.11,100,41,88,6284.4,6907.9,250.0,79.11,100,49,80,7082.7,9038.9,249.9,79.11,100,46,89,7438.7,9123.1,244.4,79.11,100,46,83,8881.7,10712.1,10.0,64,0
1782816453.405,75.034,250.0,79.11,100,41,88,7975.0,5775.0,249.9,79.11,100,50,80,6930.3,9294.4,249.9,79.11,100,47,89,7260.1,9100.7,244.3,79.11,100,47,83,8940.6,10909.3,10.0,64,0
1782816453.846,75.475,250.0,79.11,100,41,88,7955.6,5424.7,249.9,79.11,100,50,80,6715.9,9025.7,250.0,79.11,100,48,89,7262.8,9077.5,244.6,79.11,100,47,83,8955.4,11060.8,10.0,64,0
1782816454.288,75.917,250.1,79.11,100,41,88,6641.5,5080.9,249.9,79.11,100,50,80,8068.1,7954.2,250.2,79.11,100,48,89,7027.2,10408.0,244.6,79.11,100,47,83,8035.5,10858.0,10.0,64,0
1782816454.730,76.359,250.0,79.11,100,41,88,6800.7,7420.1,250.1,79.11,100,50,80,7274.7,8202.5,250.0,79.11,100,48,89,8461.0,9365.7,244.7,79.11,100,47,83,7353.1,12018.7,10.0,64,0
1782816455.180,76.809,250.0,79.11,100,41,88,6284.9,6687.5,249.9,79.11,100,49,80,7174.0,8962.6,250.0,79.11,100,48,89,8702.5,8774.1,244.7,79.11,100,47,83,7337.7,12425.3,10.0,64,0
1782816455.622,77.251,250.0,79.11,100,41,88,7822.9,5353.9,249.9,79.11,100,50,80,7028.8,9455.1,249.9,79.11,100,48,89,9197.9,8763.4,244.3,79.11,100,47,83,9718.1,10426.1,10.0,64,0
1782816456.078,77.707,250.0,79.11,100,40,88,6920.8,5212.6,250.0,79.11,100,49,80,8309.2,8084.5,250.2,79.11,100,48,89,7011.4,9986.5,244.5,79.11,100,47,83,7923.9,10929.4,10.0,64,0
1782816456.520,78.149,250.0,79.11,100,40,88,6636.0,5254.8,250.0,79.11,100,49,80,8330.1,8106.9,250.0,79.11,100,48,89,7932.5,9077.4,244.6,79.11,100,47,83,7342.2,12476.4,10.0,64,0
1782816456.962,78.591,250.0,79.11,100,40,88,6312.3,6746.3,250.0,79.11,100,49,80,7235.8,8256.9,249.9,79.11,100,47,89,8658.3,8813.7,244.5,79.11,100,46,83,7074.1,12512.1,10.0,64,0
1782816457.410,79.038,250.0,79.11,100,41,88,7806.1,5504.4,250.1,79.11,100,50,80,6709.5,8816.6,250.1,79.11,100,47,89,7299.7,8879.3,244.7,79.11,100,46,83,8964.8,11092.3,11.0,64,0
1782816457.851,79.480,250.0,79.11,100,41,88,7819.6,5423.8,250.1,79.11,100,50,80,6778.2,8910.2,250.0,79.11,100,47,89,7358.0,9259.4,244.6,79.11,100,46,83,9055.0,10550.5,11.0,64,0
1782816458.295,79.924,250.0,79.11,100,41,88,6796.9,5139.8,250.1,79.11,100,50,80,8106.5,8134.0,250.0,79.11,100,48,89,6799.7,9722.7,244.6,79.11,100,46,83,7532.6,11016.7,11.0,64,0
1782816458.737,80.366,250.0,79.11,100,42,88,6979.9,6334.1,250.2,79.11,100,50,80,8343.7,8326.0,250.0,79.11,100,48,89,7026.4,10677.1,244.9,79.11,100,47,83,7495.0,10939.3,11.0,64,0
1782816459.185,80.814,250.0,79.11,100,42,88,6474.2,6593.9,250.2,79.11,100,51,80,7088.2,7777.9,250.0,79.11,100,48,89,8500.4,8881.1,245.6,79.11,100,47,83,7271.0,12510.1,11.0,64,0
1782816459.630,81.259,250.1,79.11,100,42,88,5979.6,6479.9,250.1,79.11,100,50,80,7261.7,8318.9,250.0,79.11,100,48,89,8441.4,9817.4,245.8,79.11,100,47,83,7835.0,12440.9,11.0,64,0
1782816460.078,81.706,250.1,79.11,100,42,88,7646.7,5451.5,249.9,79.11,100,50,80,7051.7,9307.5,250.0,79.11,100,48,89,7397.6,9211.5,245.6,79.11,100,47,83,8730.5,11099.6,11.0,64,0
1782816460.520,82.148,250.0,79.11,100,41,88,8038.4,5618.4,250.0,79.11,100,50,80,6622.7,8964.5,249.9,79.11,100,48,89,7546.7,9445.4,245.4,79.11,100,47,83,8950.2,10551.5,11.0,64,0
1782816460.962,82.591,250.0,79.11,100,41,88,6809.1,5215.0,249.8,79.11,100,50,80,8459.9,8343.2,249.9,79.11,100,48,89,7164.1,10085.8,245.2,79.11,100,47,83,7567.4,10869.4,11.0,64,0
1782816461.405,83.034,249.9,79.11,100,40,88,6520.3,6512.9,249.9,79.11,100,49,80,6868.7,7824.5,250.0,79.11,100,48,89,7857.2,9747.7,244.7,79.11,100,47,83,7521.5,12665.3,11.0,64,0
1782816461.847,83.476,249.9,79.11,100,40,88,5990.2,6512.0,250.0,79.11,100,49,80,7084.1,8367.8,250.0,79.11,100,48,89,8635.2,9352.2,244.9,79.11,100,47,83,7568.6,12569.3,11.0,64,0
1782816462.291,83.920,250.0,79.11,100,40,88,7969.9,5616.6,250.0,79.11,100,49,80,7150.7,9186.4,250.0,79.11,100,47,89,7236.6,9289.4,244.9,79.11,100,47,83,9019.3,10994.1,12.0,64,0
1782816462.734,84.362,250.1,79.11,100,41,88,7966.8,6554.4,250.0,79.11,100,49,80,8456.7,8031.8,250.0,79.11,100,47,89,6904.9,10453.3,245.1,79.11,100,46,83,7824.3,11227.6,12.0,64,0
1782816463.184,84.813,250.0,79.11,100,41,88,6800.8,4945.2,250.0,79.11,100,50,80,8372.9,8333.3,250.0,79.11,100,47,89,6977.2,10506.3,245.0,79.11,100,46,83,7781.4,10818.1,12.0,64,0
1782816463.627,85.256,250.0,79.11,100,41,88,6313.2,5078.6,249.9,79.11,100,50,80,8677.0,8128.2,249.9,79.11,100,47,89,7865.5,10206.0,244.8,79.11,100,47,83,7435.3,12462.4,12.0,64,0
1782816464.073,85.702,250.0,79.11,100,41,88,6150.4,6609.0,249.9,79.11,100,51,80,7236.3,8406.3,250.0,79.11,100,48,89,8758.3,9942.5,244.9,79.11,100,46,83,7209.8,12228.4,12.0,64,0
1782816464.517,86.146,250.1,79.11,100,41,88,6359.9,6731.6,250.0,79.11,100,50,80,7237.4,8224.7,250.1,79.11,100,47,89,8504.5,9024.7,245.1,79.11,100,46,83,7100.5,12105.9,12.0,64,0
1782816464.959,86.588,250.0,79.11,100,41,88,6472.8,6468.5,250.0,79.11,100,51,80,6794.0,8640.5,249.9,79.11,100,47,89,7809.4,9488.3,245.3,79.11,100,46,83,8165.8,11530.0,12.0,64,0
1782816465.400,87.029,250.0,79.11,100,41,88,7728.5,5661.6,250.1,79.11,100,50,80,6780.4,9581.8,250.0,79.11,100,48,89,7305.8,9379.7,245.4,79.11,100,46,83,8973.8,10650.3,12.0,64,0
1782816465.843,87.472,250.0,79.11,100,41,88,2126.7,0.5,250.0,79.11,100,50,80,1.0,37.3,249.9,79.11,100,48,89,86.4,1455.3,240.6,79.11,59,28,83,493.0,2544.1,,,
1782816467.261,88.890,247.8,79.11,99,40,89,3.4,10314.5,211.5,79.11,99,54,81,17073.5,9034.4,257.6,79.11,99,52,89,1.8,4.2,210.5,79.11,100,67,83,1.8,643.0,12.0,64,0
1782816468.009,89.638,249.2,79.11,99,40,88,713.2,16494.7,253.0,79.11,99,50,80,20708.3,5.3,248.9,79.11,99,40,89,2.6,1554.2,245.5,79.11,99,39,83,18869.3,16720.6,12.0,64,0
1782816468.451,90.079,249.0,79.11,100,36,89,17941.8,9078.8,248.2,79.11,100,41,80,2.0,5.4,248.1,79.11,100,45,89,12713.0,14655.5,238.6,79.11,99,39,82,9888.8,5.4,12.0,64,0
1782816468.891,90.520,249.4,79.11,100,36,88,2.1,4.6,247.2,79.11,100,38,81,1.9,10699.1,247.8,79.11,99,36,89,17369.3,7168.8,236.8,79.11,100,41,84,1.9,4.9,12.0,64,0
1782816469.333,90.962,250.3,79.11,100,43,89,20705.1,4.1,252.7,79.11,99,46,80,2.7,4.5,250.3,79.11,99,41,88,5061.7,14445.1,241.1,79.11,100,40,82,17663.1,4.4,12.0,64,0
1782816469.774,91.402,250.1,79.11,99,37,89,6015.2,14448.1,252.7,79.11,99,46,80,17038.2,5.0,251.8,79.11,100,46,89,4.2,4.3,241.1,79.11,100,40,82,20118.2,14468.1,12.0,64,0
1782816470.223,91.852,248.7,79.11,100,39,88,1.8,9.8,253.5,79.11,100,60,80,541.2,17137.4,251.8,79.11,100,46,89,20750.0,4.4,243.2,79.11,100,39,83,3.5,4.4,12.0,64,0
1782816470.666,92.295,249.7,79.11,100,38,88,17561.1,14286.7,251.0,79.11,100,60,81,1.9,9.8,251.6,79.11,100,50,89,10.6,16299.5,243.2,79.11,100,47,83,17255.3,2869.2,12.0,64,0
1782816471.114,92.743,249.7,79.11,100,38,88,3.3,3.9,250.3,79.11,100,59,81,20233.5,17109.6,249.8,79.11,100,50,89,1.9,4.5,244.7,79.11,100,50,83,4.2,2062.5,12.0,64,0
1782816471.558,93.187,249.4,79.11,100,38,88,11200.6,4.1,249.3,79.11,100,55,81,2.7,3.9,249.5,79.11,100,51,89,16587.7,14303.4,244.1,79.11,99,52,83,6359.6,6.9,12.0,64,0
1782816472.001,93.629,250.4,79.11,100,38,89,4136.3,14414.5,251.0,79.11,100,57,81,18651.6,4.6,250.0,79.11,100,55,89,2.7,4.4,243.4,79.11,99,57,84,18721.7,14369.1,12.0,64,0
1782816472.443,94.072,249.6,79.11,100,37,88,1.9,17096.1,247.8,79.11,100,43,81,20706.6,5.2,249.1,79.11,100,50,89,2.4,543.7,239.7,79.11,99,41,84,19714.3,17188.9,12.0,64,0
1782816472.884,94.513,249.2,79.11,100,40,89,20704.6,17113.8,249.9,79.11,99,45,81,2.1,7.3,248.6,79.11,100,40,89,1102.5,20663.7,241.3,79.11,99,44,84,23166.3,16384.6,4.0,0,4
1782816473.329,94.958,245.5,79.11,98,11,88,1.7,3.7,244.8,79.11,100,52,81,20241.0,17115.7,243.7,79.11,100,65,89,1.7,4.0,236.2,79.11,100,61,84,4.2,3.5,4.0,0,4
1782816473.771,95.400,250.0,79.11,99,42,89,648.6,16483.4,244.8,79.11,100,52,81,20708.5,7.0,249.0,79.11,100,60,89,2.8,4.3,236.2,79.11,100,61,84,1126.0,16811.6,4.0,0,4
1782816474.212,95.841,253.1,79.11,100,40,88,12259.7,3.7,248.8,79.11,100,70,81,3.3,4.0,249.0,79.11,100,60,89,1114.4,16765.9,238.4,79.11,100,47,83,20763.1,4.7,4.0,0,4
1782816474.655,96.283,248.8,79.11,100,40,89,3.5,12831.1,255.8,79.11,100,50,80,17194.4,6415.5,253.7,79.11,100,40,88,5.1,9.7,245.8,79.11,99,39,83,1099.7,16831.0,4.0,0,4
1782816475.098,96.727,248.8,79.11,100,40,89,1.9,14688.8,248.6,79.11,100,46,80,17426.4,4281.7,248.0,79.11,100,40,89,2.2,4.8,241.7,79.11,100,38,82,20315.8,17191.6,4.0,0,4
1782816475.539,97.167,249.7,79.11,100,36,88,17769.6,15906.9,246.7,79.11,100,40,81,2.2,5.8,246.9,79.11,100,39,89,11982.7,15675.6,237.9,79.11,100,39,83,7948.8,6.0,4.0,0,4
1782816475.981,97.610,249.8,79.11,100,34,89,20708.4,5.3,246.1,79.11,100,40,81,2.8,4.7,249.0,79.11,100,42,89,18127.0,14404.9,236.8,79.11,100,40,84,4516.5,4.5,4.0,0,4
1782816476.423,98.052,250.0,79.11,99,41,89,2060.4,15379.1,251.7,79.11,100,40,81,20217.7,4.9,250.5,79.11,100,39,88,2.5,4.3,240.0,79.11,100,39,83,19219.1,14404.1,4.0,0,4
1782816476.864,98.493,249.7,79.11,100,36,89,3.4,4.1,253.0,79.11,100,46,81,552.2,17115.3,250.8,79.11,100,38,89,20749.9,7.1,243.3,79.11,99,42,83,4.4,4.4,4.0,0,4
1782816477.307,98.936,249.4,79.11,100,38,89,17250.1,16156.9,253.0,79.11,100,46,81,2.8,4.3,250.0,79.11,100,40,89,1.9,2603.3,242.8,79.11,100,40,83,17307.3,16535.9,4.0,0,4
1782816477.748,99.377,249.7,79.11,100,38,89,8.3,7.1,250.1,79.11,100,54,81,10696.9,13673.4,250.6,79.11,100,44,89,11252.6,5.1,242.8,79.11,100,40,83,1.8,4.0,4.0,0,4
1782816478.191,99.819,249.4,79.11,100,37,89,20708.9,4.5,250.5,79.11,99,57,81,2.8,4.6,250.6,79.11,100,44,89,1120.1,16731.8,244.5,79.11,99,40,83,20756.7,4.5,4.0,0,4
1782816478.632,100.260,249.6,79.11,100,37,88,1.8,5724.4,250.2,79.11,100,56,81,17427.8,13443.7,248.8,79.11,100,40,89,1.9,7.5,243.3,79.11,100,44,84,501.5,15866.5,4.0,0,4
1782816479.078,100.707,249.6,79.11,100,37,88,2.8,4.2,250.5,79.11,100,59,81,500.3,17197.7,249.2,79.11,100,46,89,20372.6,338.4,244.2,79.11,100,43,84,2.1,206.1,4.0,0,4
1782816479.520,101.149,250.1,79.11,100,36,89,2.0,5.2,247.8,79.11,99,43,81,20751.3,16000.9,248.3,79.11,100,42,89,45.9,5.1,240.7,79.11,100,44,84,4.4,15588.3,4.0,0,4
1782816479.962,101.591,250.2,79.11,100,36,89,19741.4,18706.8,250.9,79.11,100,47,81,19304.7,15504.9,249.1,79.11,100,40,89,19756.0,4.2,240.2,79.11,100,43,84,2.2,4.3,8.0,1,53
1782816480.408,102.037,244.6,79.11,100,31,89,20708.2,17112.1,247.1,79.11,100,62,81,1.8,4.0,246.0,79.11,100,62,89,1.8,3.8,237.7,79.11,100,60,84,3227.4,14853.5,8.0,1,53
1782816480.851,102.480,249.6,79.11,100,41,89,15457.5,4.4,246.6,79.11,99,43,81,1.8,4.1,246.6,79.11,99,40,88,2581.9,15274.4,237.0,79.11,99,40,84,19684.7,6.9,8.0,1,53
1782816481.294,102.922,255.1,79.11,100,54,89,1.8,4.0,246.6,79.11,99,43,81,14049.7,14168.9,250.1,79.11,99,40,88,8467.3,4.5,237.0,79.11,99,40,84,2.9,11.7,8.0,1,53
1782816481.734,103.363,251.8,79.11,100,46,89,20707.4,11.0,250.8,79.11,99,42,80,10.8,79.6,250.1,79.11,99,40,88,19702.9,17191.2,244.5,79.11,99,42,83,3.7,5.5,8.0,1,53
1782816482.178,103.807,247.7,79.11,100,36,89,2.6,5.2,247.3,79.11,99,41,81,3213.5,14391.1,247.4,79.11,99,40,88,19682.4,7.6,243.4,79.11,100,39,84,2.1,3459.2,8.0,1,53
1782816482.620,104.249,247.7,79.11,100,36,89,3.0,10995.2,246.9,79.11,100,40,81,18670.1,6989.7,248.9,79.11,100,40,89,2.9,8.0,239.2,79.11,100,40,83,8182.0,14398.9,8.0,1,53
1782816483.064,104.693,247.4,79.11,100,34,89,3.5,4.1,248.6,79.11,100,48,81,19821.9,13777.4,251.5,79.11,99,46,89,2412.4,4.5,239.7,79.11,100,46,84,2.2,548.4,8.0,1,53
1782816483.504,105.133,251.4,79.11,100,42,89,8096.9,4.0,250.4,79.11,100,41,81,2.4,4.3,250.7,79.11,100,43,89,12234.5,14219.1,241.9,79.11,100,42,84,10751.7,4.8,8.0,1,53
1782816483.947,105.576,252.4,79.11,100,50,89,4.6,17112.8,249.8,79.11,100,42,80,20707.5,4.2,246.7,79.11,100,40,88,2.7,4.4,241.0,79.11,100,41,83,1137.7,16778.1,8.0,1,53
1782816484.395,106.023,250.0,79.11,100,51,89,1.8,4.1,250.5,79.11,99,42,81,7.9,3765.4,250.3,79.11,99,40,88,17423.6,15041.3,243.8,79.11,100,41,83,1.8,4.6,8.0,1,53
1782816484.837,106.466,249.7,79.11,100,48,89,2958.8,14632.6,250.0,79.11,100,44,81,19958.9,5.1,250.1,79.11,100,43,88,2.9,4.8,246.2,79.11,100,43,84,19597.9,14100.6,8.0,1,53
1782816485.284,106.913,249.7,79.11,100,47,89,1.7,4.0,250.0,79.11,100,44,81,515.4,17183.0,249.6,79.11,100,41,88,20754.4,5.1,246.2,79.11,100,43,84,2.9,4.7,8.0,1,53
1782816485.726,107.355,250.9,79.11,100,48,89,21459.0,15602.4,250.0,79.11,100,45,81,9.5,6.8,249.6,79.11,100,41,88,2.9,10937.4,244.7,79.11,100,42,83,17156.3,8121.3,8.0,1,53
1782816486.171,107.800,250.3,79.11,100,45,89,5991.2,14831.7,249.8,79.11,99,42,81,16796.8,5.3,249.6,79.11,99,42,88,2.1,1191.2,243.3,79.11,99,39,83,18718.4,16976.6,8.0,1,53
1782816486.611,108.240,250.3,79.11,100,45,89,20709.9,17110.3,250.5,79.11,100,44,81,2.1,5.3,250.4,79.11,100,40,89,2.8,15092.3,243.7,79.11,99,41,84,17973.8,1442.2,11.0,5,49
1782816487.056,108.685,249.7,79.11,99,36,89,1.9,7707.1,248.5,79.11,100,41,80,18418.9,10466.2,249.1,79.11,100,41,88,2.7,4.3,238.0,79.11,98,30,83,1.8,10766.0,11.0,5,49
1782816487.499,109.127,247.4,79.11,100,58,89,17167.4,14106.9,244.1,79.11,100,47,81,1.8,4.1,244.1,79.11,100,45,88,4.2,503.1,234.4,79.11,100,42,84,16206.0,14358.3,11.0,5,49
1782816487.940,109.569,250.4,79.11,100,42,89,5.1,4.3,248.5,79.11,100,53,81,7.1,133.9,251.2,79.11,100,61,89,19697.0,17196.9,242.6,79.11,100,60,84,3.4,4.2,11.0,5,49
1782816488.383,110.012,251.7,79.11,100,40,89,3.4,17116.7,254.4,79.11,100,62,81,20705.9,4.9,254.7,79.11,99,54,88,1.9,5.1,247.9,79.11,100,48,84,6405.9,14201.9,11.0,5,49
1782816488.830,110.459,248.4,79.11,99,37,89,2.0,10364.9,249.6,79.11,99,46,82,17480.9,8437.7,248.7,79.11,100,43,89,8.8,5.3,240.0,79.11,100,42,84,7929.8,14975.2,11.0,5,49
1782816489.272,110.901,249.0,79.11,100,34,89,20709.6,16790.4,249.6,79.11,99,46,82,2.6,5.5,248.8,79.11,100,40,89,1076.4,16804.3,240.0,79.11,100,42,84,20753.4,6.1,11.0,5,49
1782816489.713,111.341,250.0,79.11,100,38,89,20710.7,7.6,248.2,79.11,100,45,82,6.2,11.1,248.8,79.11,100,40,89,19742.6,16740.3,238.9,79.11,100,41,84,2.5,5.7,11.0,5,49
1782816490.163,111.792,249.1,79.11,99,38,89,20708.3,17112.0,250.3,79.11,100,40,80,2.3,4.6,247.8,79.11,100,39,88,2.3,598.3,239.2,79.11,100,39,83,19693.7,17194.7,11.0,5,49
1782816490.604,112.232,249.1,79.11,99,38,89,1.7,4.4,251.9,79.11,100,52,81,20252.2,17111.0,250.4,79.11,100,43,89,4.4,5.4,240.8,79.11,100,44,84,5.7,3583.4,11.0,5,49
1782816491.052,112.681,248.9,79.11,100,38,90,14937.4,4.0,250.1,79.11,100,59,81,1.7,4.3,252.4,79.11,100,56,89,6873.2,14279.2,243.8,79.11,100,57,84,16180.7,4.5,11.0,5,49
1782816491.492,113.121,250.3,79.11,100,38,89,1.8,9901.5,251.4,79.11,100,59,81,17374.2,9194.9,251.2,79.11,100,56,89,3.5,4.3,245.0,79.11,99,54,84,1.8,8944.2,11.0,5,49
1782816491.935,113.564,249.9,79.11,100,39,89,356.6,4.4,252.1,79.11,100,61,81,7.5,72.7,249.8,79.11,100,57,89,19718.2,17193.0,244.4,79.11,99,51,84,3.6,4.7,11.0,5,49
1782816492.378,114.007,249.0,79.11,100,37,89,4547.2,14424.1,250.9,79.11,100,59,81,18430.6,4.3,251.1,79.11,100,62,89,2.8,4.6,245.3,79.11,100,53,84,6735.0,14499.0,11.0,5,49
1782816492.819,114.448,249.6,79.11,100,38,89,1.8,4.3,250.9,79.11,100,59,81,521.2,17143.7,251.0,79.11,100,52,89,20748.1,5.6,243.3,79.11,100,48,84,1.9,7.1,11.0,5,49
1782816493.263,114.892,250.8,79.11,99,35,89,2.0,4.9,248.2,79.11,99,52,82,7836.4,14711.4,248.7,79.11,99,40,88,14206.3,5.4,243.3,79.11,100,48,84,3.0,8095.2,11.0,5,49
1782816493.705,115.334,248.9,79.11,100,37,90,5.2,7.1,248.4,79.11,100,42,81,26791.8,18840.6,248.7,79.11,99,40,88,19971.8,19044.2,240.8,79.11,99,40,84,19379.5,18862.1,14.0,10,45
1782816494.149,115.777,248.1,79.11,100,44,89,20655.7,4.3,247.3,79.11,98,41,81,3.2,3.8,249.6,79.11,98,43,89,1.7,1684.1,230.6,79.11,100,13,84,18650.3,16718.2,14.0,10,45
1782816494.590,116.219,248.1,79.11,100,44,89,1.8,4.0,247.6,79.11,100,57,82,2.7,4.1,250.0,79.11,100,68,89,15566.5,13622.6,239.7,79.11,100,64,84,6996.4,7.2,14.0,10,45
1782816495.033,116.662,249.8,79.11,100,40,89,1.7,3.4,250.7,79.11,99,49,81,17007.9,14002.5,248.1,79.11,100,40,88,5565.4,4.5,248.0,79.11,100,41,83,3.5,294.5,14.0,10,45
1782816495.473,117.102,253.6,79.11,100,52,89,20225.6,3.9,250.4,79.11,100,42,81,2.8,4.4,248.2,79.11,100,41,88,9847.2,14153.9,244.6,79.11,100,40,83,13342.6,5.3,14.0,10,45
1782816495.914,117.543,250.9,79.11,99,43,89,20705.4,5.2,249.1,79.11,99,44,82,6.1,4825.9,248.7,79.11,99,40,88,18247.2,13536.0,243.3,79.11,100,45,84,2.2,5.7,14.0,10,45
1782816496.355,117.984,249.3,79.11,100,35,89,2.0,5.4,248.9,79.11,100,41,81,20253.0,17110.2,248.7,79.11,100,39,88,2.2,5.4,240.7,79.11,100,37,84,1074.3,16824.9,14.0,10,45
1782816496.796,118.425,249.5,79.11,100,36,89,5.1,4.8,248.9,79.11,100,41,81,20275.2,15680.9,249.1,79.11,99,42,89,92.9,4.6,240.7,79.11,100,37,84,2.8,580.2,14.0,10,45
1782816497.239,118.868,250.5,79.11,100,46,89,12367.9,4.4,247.0,79.11,99,39,81,3.7,71.0,249.1,79.11,99,42,89,19710.2,17194.8,235.2,79.11,99,39,83,3.5,4.4,14.0,10,45
1782816497.680,119.309,250.0,79.11,100,40,89,14412.0,14637.0,249.6,79.11,100,40,82,7384.3,9.8,250.0,79.11,100,38,88,5.5,595.0,239.7,79.11,100,41,84,19697.6,17210.3,14.0,10,45
1782816498.130,119.759,250.0,79.11,100,40,89,2.8,4.1,252.4,79.11,99,44,81,1768.9,15698.7,251.8,79.11,100,42,87,20354.8,4.4,244.8,79.11,100,41,83,2.8,4.5,14.0,10,45
1782816498.572,120.201,248.8,79.11,99,41,89,17243.4,7930.0,251.0,79.11,100,44,81,1.8,10.1,251.0,79.11,100,40,87,1.7,15309.6,243.9,79.11,100,40,83,17089.1,3907.7,14.0,10,45
1782816499.015,120.644,250.7,79.11,100,40,89,1.7,12907.6,249.0,79.11,99,44,81,17377.7,6260.2,249.0,79.11,99,40,88,1.8,4.6,243.4,79.11,100,40,84,492.6,12522.9,14.0,10,45
1782816499.457,121.086,249.0,79.11,99,38,89,1.8,4.2,249.6,79.11,100,54,82,2.8,8766.0,249.5,79.11,100,41,88,17222.0,10045.6,243.7,79.11,100,45,84,1.8,5.0,14.0,10,45
1782816499.897,121.526,249.7,79.11,100,37,89,20704.8,5.6,248.5,79.11,99,49,82,2.1,44.4,251.7,79.11,100,46,89,19719.1,17205.2,242.2,79.11,100,47,84,2.0,5.6,14.0,10,45
1782816500.340,121.969,250.7,79.11,100,37,89,2.0,5.6,249.4,79.11,100,39,82,6121.2,15145.8,247.2,79.11,100,39,88,15651.2,5.7,239.2,79.11,100,38,84,5.0,5842.7,14.0,10,45
1782816500.784,122.412,249.8,79.11,100,35,89,3.6,7.0,249.4,79.11,100,39,82,1.8,3271.9,237.9,79.11,99,13,88,18530.2,14326.4,239.2,79.11,100,38,84,3.1,4.2,17.0,14,40
1782816501.229,122.858,250.0,79.11,100,43,89,1.7,3.3,240.3,79.11,99,15,82,20257.1,17112.7,237.9,79.11,99,13,88,3.0,4.1,232.7,79.11,99,62,84,1.8,3.9,17.0,14,40
1782816501.671,123.300,249.4,79.11,100,40,88,20707.5,16460.0,247.4,79.11,100,63,82,34.8,7.5,249.0,79.11,100,72,89,9.5,570.5,238.3,79.11,100,60,84,19737.8,17202.7,17.0,14,40
1782816502.120,123.749,249.4,79.11,100,40,88,3.9,4.1,253.7,79.11,100,57,81,2.5,14436.0,257.1,79.11,100,43,88,17280.0,4481.7,248.5,79.11,100,40,83,2.3,4.7,17.0,14,40
1782816502.563,124.192,249.6,79.11,100,46,89,20704.6,5.3,250.0,79.11,100,40,81,2.0,32.7,247.8,79.11,99,39,87,19723.1,17194.0,243.0,79.11,100,40,83,2.5,11.3,17.0,14,40
1782816503.007,124.635,248.7,79.11,100,36,89,2.9,5.0,248.2,79.11,99,46,82,5285.7,14881.1,250.3,79.11,100,44,89,16804.0,5.6,240.3,79.11,99,39,85,2.1,6684.5,17.0,14,40
1782816503.448,125.077,249.8,79.11,100,37,89,1.9,7721.5,247.4,79.11,100,38,82,17494.0,11058.5,249.5,79.11,100,37,88,1.9,4.8,238.9,79.11,100,43,85,1087.7,16827.1,17.0,14,40
1782816503.889,125.518,250.7,79.11,100,42,89,3.5,4.4,250.6,79.11,100,43,81,537.0,17116.3,249.0,79.11,100,41,88,20754.5,4.6,239.6,79.11,100,40,83,10.7,4.6,17.0,14,40
1782816504.331,125.959,250.5,79.11,100,44,89,20704.3,4.3,251.9,79.11,100,49,81,2.8,4.7,249.3,79.11,100,41,88,9234.0,14500.6,243.0,79.11,100,38,83,13524.6,4.6,17.0,14,40
1782816504.771,126.400,248.7,79.11,100,39,89,8.4,13738.5,251.9,79.11,100,49,81,16806.9,4241.3,251.4,79.11,100,42,88,2.6,4.4,243.0,79.11,100,38,83,504.5,16776.6,17.0,14,40
1782816505.215,126.844,249.9,79.11,99,38,89,1.8,4.0,251.3,79.11,100,55,81,1.9,609.2,251.4,79.11,100,42,88,18586.7,17190.8,244.0,79.11,99,38,84,1.8,4.5,17.0,14,40
1782816505.656,127.285,250.0,79.11,100,39,89,15603.0,14303.0,250.6,79.11,100,56,82,7490.9,7.2,250.7,79.11,99,40,88,6.4,519.8,245.2,79.11,99,41,84,19729.1,17207.8,17.0,14,40
1782816506.102,127.731,250.0,79.11,100,39,89,1.8,4.3,250.5,79.11,100,56,82,13623.2,14299.6,250.4,79.11,100,44,88,8936.0,4.5,244.9,79.11,100,46,84,2.3,528.8,17.0,14,40
1782816506.543,128.172,250.5,79.11,99,38,89,13082.5,4.4,250.1,79.11,100,55,82,5.0,75.2,249.7,79.11,100,53,88,19696.9,17193.9,243.7,79.11,99,55,85,3.6,5.2,17.0,14,40
1782816506.985,128.614,250.2,79.11,100,37,89,6.8,4.9,248.4,79.11,99,42,81,468.1,17189.5,248.5,79.11,99,46,89,20750.3,6.2,238.8,79.11,99,39,84,2.6,546.7,17.0,14,40
1782816507.428,129.057,249.3,79.11,99,36,89,2.0,6191.5,248.1,79.11,99,41,82,27520.6,19039.0,249.3,79.11,99,40,89,19665.9,18974.4,237.7,79.11,100,42,85,20732.3,17194.0,20.0,18,36
1782816507.870,129.498,244.5,79.11,100,12,88,20707.3,3.7,244.7,79.11,100,49,82,1.6,3.9,243.3,79.11,100,51,88,3.7,10038.5,235.8,79.11,100,45,84,16848.9,9552.4,20.0,18,36
1782816508.312,129.941,251.7,79.11,100,47,89,2.6,3.8,244.7,79.11,100,49,82,3.5,54.7,249.6,79.11,100,68,89,19743.8,16003.6,241.9,79.11,100,60,85,56.3,4.4,20.0,18,36
1782816508.753,130.382,254.9,79.11,100,40,89,8.7,10.0,249.0,79.11,100,57,82,19094.6,15390.1,256.8,79.11,100,50,88,3.0,4.6,241.9,79.11,100,60,85,2.4,7786.9,20.0,18,36
1782816509.207,130.836,248.0,79.11,99,38,89,1.9,4.0,257.1,79.11,100,63,82,1.8,88.1,256.8,79.11,100,50,88,19710.6,17199.5,249.1,79.11,100,41,84,2.4,5.6,20.0,18,36
1782816509.648,131.277,249.7,79.11,100,36,89,3.0,5.3,253.2,79.11,100,56,82,516.9,17142.6,248.6,79.11,100,44,88,20754.2,11.7,244.1,79.11,100,42,85,9.5,12949.0,20.0,18,36
1782816510.098,131.727,249.7,79.11,100,36,89,2.6,17114.7,247.1,79.11,100,40,81,20706.4,5.3,246.3,79.11,100,39,87,2.1,503.6,239.5,79.11,100,40,84,19738.0,17204.7,20.0,18,36
1782816510.539,132.168,249.6,79.11,100,34,89,1.8,17119.1,246.6,79.11,100,41,81,20706.3,4.5,246.5,79.11,100,40,88,4.0,4.6,236.4,79.11,100,39,84,1455.4,16028.3,20.0,18,36
1782816510.981,132.610,249.3,79.11,100,37,89,6.8,4.4,251.4,79.11,100,46,82,539.5,16922.3,251.3,79.11,100,39,88,19687.4,4.4,241.5,79.11,100,39,84,2.2,4.4,20.0,18,36
1782816511.422,133.051,250.0,79.11,100,37,88,17106.4,7032.8,252.7,79.11,100,51,82,1.8,4.3,252.7,79.11,100,41,88,3.9,13697.3,245.4,79.11,99,49,85,16795.5,5735.7,20.0,18,36
1782816511.862,133.491,250.1,79.11,100,38,89,2.9,4.2,251.1,79.11,100,59,82,13695.3,14255.4,250.2,79.11,100,48,88,8695.8,7.0,243.6,79.11,99,47,85,4.5,557.8,20.0,18,36
1782816512.307,133.936,249.3,79.11,100,38,89,20705.9,4.6,251.1,79.11,100,59,82,3.7,4.4,249.2,79.11,100,51,88,1096.9,16819.9,243.6,79.11,99,47,85,20757.6,5.2,20.0,18,36
1782816512.748,134.377,248.8,79.11,100,37,89,8.3,11250.7,251.4,79.11,100,62,82,17468.7,7815.7,249.9,79.11,100,49,88,1.9,10.8,244.2,79.11,100,48,85,215.0,12097.2,20.0,18,36
1782816513.194,134.823,249.2,79.11,100,38,89,3.4,4.1,251.7,79.11,100,55,82,1.9,93.6,249.9,79.11,100,49,88,19702.1,17200.5,244.9,79.11,100,54,85,2.8,4.7,20.0,18,36
1782816513.636,135.264,249.7,79.11,100,37,88,17526.6,15627.6,249.4,79.11,100,58,82,2.1,5.3,250.5,79.11,100,55,88,3176.3,15297.1,243.4,79.11,100,51,85,17527.0,11.4,20.0,18,36
1782816514.080,135.709,249.7,79.11,100,37,88,14188.6,4.9,246.5,79.11,100,42,81,4.7,5735.0,248.0,79.11,100,42,88,17708.7,12896.3,239.1,79.11,99,40,84,2.0,5.3,20.0,18,36
1782816514.521,136.150,248.4,79.11,100,34,89,19415.0,1056.6,247.7,79.11,100,45,82,1.8,4.2,250.0,79.11,100,44,88,3.3,17245.9,239.9,79.11,98,42,85,20749.1,4.4,23.0,23,32
1782816514.963,136.592,245.8,79.11,99,42,89,1.7,6.0,247.2,79.11,100,52,82,498.0,11675.3,246.3,79.11,100,63,88,17367.4,7242.1,241.1,79.11,100,69,85,2.9,4.1,23.0,23,32
1782816515.407,137.036,250.6,79.11,100,41,88,1.7,8614.7,249.8,79.11,100,53,81,17165.0,10681.9,245.7,79.11,99,39,88,1.8,4.3,240.5,79.11,100,40,84,1.9,682.1,23.0,23,32
1782816515.849,137.478,254.8,79.11,100,49,89,17039.3,4165.3,254.3,79.11,100,42,81,3.5,4.5,250.2,79.11,100,41,87,1067.9,16846.2,242.8,79.11,100,41,84,19898.6,778.0,23.0,23,32
1782816516.290,137.919,250.0,79.11,100,46,89,3.5,17113.0,254.3,79.11,100,42,81,20705.8,5.4,247.3,79.11,100,39,88,2.8,547.3,242.8,79.11,100,41,84,19711.1,17206.4,23.0,23,32
1782816516.731,138.360,249.0,79.11,100,35,89,17894.0,11412.9,248.8,79.11,100,41,81,8.4,7.6,247.3,79.11,100,39,88,12143.7,14593.2,243.3,79.11,100,39,84,10418.4,5.6,23.0,23,32
1782816517.177,138.806,248.3,79.11,99,34,89,2.2,4.6,247.2,79.11,99,41,81,2.0,10803.8,247.7,79.11,99,39,88,18538.2,6688.4,240.5,79.11,99,40,84,4.7,4.8,23.0,23,32
1782816517.621,139.250,248.3,79.11,99,34,89,20708.5,4.1,249.2,79.11,99,42,82,1.9,4.7,250.5,79.11,100,46,88,5099.3,21951.4,239.6,79.11,99,48,85,6958.2,7.0,23.0,23,32
1782816518.070,139.698,251.4,79.11,100,47,89,12792.0,14002.2,250.6,79.11,100,40,81,10766.8,4.6,249.8,79.11,100,39,87,2.8,511.1,241.1,79.11,100,39,84,19732.3,17198.6,23.0,23,32
1782816518.510,140.139,251.5,79.11,100,50,89,1.7,3.8,252.1,79.11,100,44,82,1251.1,16089.8,249.6,79.11,99,40,88,20748.2,4.4,243.6,79.11,100,41,85,2.7,4.4,23.0,23,32
1782816518.963,140.592,250.4,79.11,99,45,89,20706.1,6.4,250.3,79.11,99,43,82,3.5,4.2,250.7,79.11,99,42,87,1422.2,16099.7,244.5,79.11,99,39,85,20274.4,7.3,23.0,23,32
1782816519.405,141.034,249.6,79.11,100,41,89,3.5,10423.0,250.5,79.11,100,43,81,17828.4,8131.5,250.7,79.11,99,41,87,1.9,4.6,244.0,79.11,99,39,84,861.7,16293.6,23.0,23,32
1782816519.846,141.474,249.1,79.11,100,37,89,1.8,4.3,251.0,79.11,100,54,82,1.9,3682.1,250.8,79.11,99,43,88,17573.3,15045.8,245.0,79.11,99,38,85,5.0,7.4,23.0,23,32
1782816520.287,141.916,249.9,79.11,100,38,88,17601.4,16684.7,251.0,79.11,100,54,82,2.8,4.9,249.8,79.11,99,44,88,1.8,17227.5,245.0,79.11,99,38,85,19340.3,734.9,23.0,23,32
1782816520.728,142.357,250.6,79.11,100,35,89,19671.6,742.0,250.0,79.11,100,51,82,9.0,60.1,249.8,79.11,99,44,88,19708.7,17198.0,245.3,79.11,100,47,85,2.1,5.8,23.0,23,32
1782816521.182,142.811,249.6,79.11,99,35,89,2.7,5.0,247.5,79.11,100,42,82,3456.7,22811.7,246.8,79.11,100,40,87,23020.5,16325.8,241.1,79.11,100,39,84,22474.0,16059.9,26.0,27,28
1782816521.624,143.253,249.6,79.11,99,35,89,20708.7,17107.5,245.7,79.11,98,37,81,1.9,3.9,247.5,79.11,98,42,89,3.4,6.7,232.1,79.11,100,13,84,15037.4,17207.8,26.0,27,28
1782816522.079,143.708,249.2,79.11,100,44,89,8113.6,4.6,248.0,79.11,99,56,82,1.8,4.2,249.7,79.11,100,67,88,7658.6,14586.0,240.8,79.11,100,68,85,13017.6,5.3,26.0,27,28
1782816522.522,144.150,250.0,79.11,100,41,88,1.7,3.7,251.8,79.11,100,55,82,12256.5,14156.2,248.5,79.11,99,40,88,10513.9,4.5,249.2,79.11,100,41,84,2.5,10.3,26.0,27,28
1782816522.963,144.592,252.6,79.11,100,49,89,18942.7,10.2,253.2,79.11,100,41,83,1.8,44.4,248.3,79.11,100,40,87,19727.1,17192.0,246.5,79.11,99,39,85,3.1,5.7,26.0,27,28
1782816523.420,145.049,249.9,79.11,99,41,89,1938.8,5.2,249.1,79.11,100,44,82,498.6,17168.3,248.5,79.11,100,39,88,20749.0,6.0,245.1,79.11,100,45,85,2.1,554.2,26.0,27,28
1782816523.861,145.490,250.3,79.11,100,35,89,2.1,11531.8,250.1,79.11,100,41,82,17988.2,6966.3,249.8,79.11,100,40,87,2.3,8.1,241.9,79.11,100,36,85,15000.2,14287.9,26.0,27,28
1782816524.304,145.933,251.1,79.11,99,36,89,3.7,12494.4,250.1,79.11,100,41,82,17742.4,5907.9,247.5,79.11,100,38,88,3.1,4.5,241.9,79.11,100,36,85,1072.0,15401.5,26.0,27,28
1782816524.746,146.375,250.3,79.11,100,45,89,8.3,7.6,248.1,79.11,100,40,81,755.0,15747.4,249.5,79.11,100,39,88,19685.2,4.4,237.1,79.11,100,40,84,2.7,4.4,26.0,27,28
1782816525.191,146.820,248.8,79.11,99,36,89,20706.2,4.6,249.6,79.11,100,39,81,2.6,4.5,249.5,79.11,100,39,88,1128.7,16741.0,241.3,79.11,100,42,84,20750.7,4.4,26.0,27,28
1782816525.632,147.261,248.8,79.11,99,36,89,2.7,4465.7,252.7,79.11,99,54,82,17589.1,14307.7,252.5,79.11,100,41,88,4.4,7.7,245.1,79.11,100,43,85,32.1,14545.7,26.0,27,28
1782816526.076,147.704,248.5,79.11,100,38,88,1.9,4.1,250.6,79.11,100,54,82,1.8,37.2,252.1,79.11,100,44,88,19727.1,17196.0,244.7,79.11,100,45,85,2.8,4.8,26.0,27,28
1782816526.516,148.145,249.6,79.11,100,38,88,20707.9,17106.5,250.6,79.11,100,49,82,1.9,4.3,249.1,79.11,100,45,88,3.5,589.1,243.7,79.11,100,51,85,19709.9,17217.5,26.0,27,28
1782816526.958,148.586,249.8,79.11,100,38,88,1.8,2856.7,249.2,79.11,99,48,83,17477.2,16068.0,249.1,79.11,100,48,88,1.9,12.8,243.2,79.11,100,50,85,1090.3,16824.4,26.0,27,28
1782816527.401,149.029,250.3,79.11,99,37,89,4.1,10227.2,249.2,79.11,100,42,82,17702.2,8420.5,247.1,79.11,100,39,87,2.6,5.6,240.0,79.11,100,39,84,16746.1,14742.4,26.0,27,28
1782816527.842,149.471,248.7,79.11,100,35,89,17908.1,16725.8,248.0,79.11,100,38,82,2.0,5.7,248.8,79.11,100,36,88,6707.8,19328.2,238.8,79.11,100,37,84,10057.8,7.8,29.0,31,24
1782816528.286,149.915,246.3,79.11,98,27,88,6148.4,15144.9,248.0,79.11,100,38,82,15591.3,4.4,242.2,79.11,99,45,88,1.8,4.2,238.8,79.11,100,37,84,7064.8,14432.9,29.0,31,24
1782816528.728,150.357,250.8,79.11,100,45,89,20706.9,6.5,244.2,79.11,99,60,82,8.7,4.1,242.2,79.11,99,45,88,1087.9,13557.3,234.1,79.11,100,49,85,16850.5,5258.3,29.0,31,24
1782816529.174,150.803,254.0,79.11,100,48,89,1.7,3.9,249.8,79.11,100,41,81,533.5,17149.3,245.3,79.11,100,41,87,20746.1,3.9,239.0,79.11,100,39,84,4.4,4.1,29.0,31,24
1782816529.624,151.253,254.0,79.11,100,48,89,19440.6,17108.5,254.1,79.11,99,44,83,1.9,4.6,255.3,79.11,99,49,88,4.4,11869.8,248.7,79.11,100,55,85,17376.2,6960.4,29.0,31,24
1782816530.069,151.698,251.2,79.11,100,38,89,19789.5,14345.6,249.0,79.11,100,41,83,3492.8,5.0,251.2,79.11,100,47,88,2.9,8795.3,245.1,79.11,100,49,85,17321.4,10035.3,29.0,31,24
1782816530.509,152.138,249.4,79.11,100,37,89,19555.2,957.2,250.7,79.11,100,41,83,3.0,4.7,250.5,79.11,99,39,88,20307.4,17196.2,243.0,79.11,100,40,85,2.5,5.7,29.0,31,24
1782816530.949,152.578,249.4,79.11,100,36,89,4.9,7.3,250.9,79.11,100,42,82,2.0,7274.5,249.7,79.11,100,40,87,17288.1,11468.6,242.6,79.11,99,40,85,4.0,6.0,29.0,31,24
1782816531.398,153.026,249.6,79.11,100,37,89,18872.9,1597.2,248.7,79.11,100,52,83,2.7,4.5,251.5,79.11,100,56,88,1105.7,16783.7,241.2,79.11,100,50,85,20750.8,5.0,29.0,31,24
1782816531.839,153.467,249.7,79.11,100,36,89,1.8,17118.2,248.6,79.11,100,43,83,20705.1,4.4,251.2,79.11,100,51,88,3.5,5.4,242.3,79.11,100,45,85,9599.3,14254.9,29.0,31,24
1782816532.287,153.916,251.4,79.11,100,43,89,1.7,4.2,248.6,79.11,100,43,83,1.9,14389.8,248.9,79.11,99,44,88,17100.0,4539.6,242.3,79.11,100,45,85,2.3,4.7,29.0,31,24
1782816532.728,154.357,250.1,79.11,99,44,89,17782.4,17111.1,250.6,79.11,99,43,83,9.5,6.6,248.9,79.11,99,44,88,5.3,2789.5,242.7,79.11,100,45,85,17307.5,16355.4,29.0,31,24
1782816533.174,154.803,250.0,79.11,100,43,89,2.7,4.3,249.8,79.11,100,42,83,19281.5,14134.8,251.4,79.11,100,41,87,3547.4,4.4,245.4,79.11,100,44,85,3.5,584.0,29.0,31,24
1782816533.616,155.245,250.0,79.11,100,43,89,15766.6,6.5,250.3,79.11,99,43,82,1.9,4.0,248.5,79.11,99,40,87,18177.8,19764.2,243.0,79.11,99,40,84,11.8,7.1,29.0,31,24
1782816534.064,155.692,250.2,79.11,100,46,89,20707.8,17108.8,249.7,79.11,100,43,82,4.6,5.0,249.3,79.11,100,41,88,2.2,14164.3,244.7,79.11,100,40,84,17213.7,4733.2,29.0,31,24
1782816534.504,156.133,248.7,79.11,99,38,89,19393.5,1113.3,250.7,79.11,99,42,83,2.1,13.6,251.6,79.11,99,37,88,19720.8,17201.9,244.9,79.11,100,42,85,2.5,5.9,29.0,31,24
1782816534.945,156.573,249.7,79.11,100,35,89,26868.8,19962.8,249.4,79.11,100,41,82,20704.2,17101.9,248.9,79.11,100,40,87,20744.7,17188.3,241.9,79.11,100,39,85,2.7,4.4,32.0,35,20
1782816535.394,157.023,243.2,79.11,100,22,88,1.6,13401.0,245.9,79.11,100,63,83,16768.6,6184.5,243.4,79.11,99,53,88,2.7,4.0,236.6,79.11,100,51,85,1.8,648.3,32.0,35,20
1782816535.836,157.465,249.6,79.11,100,46,88,20081.1,17114.8,247.9,79.11,99,41,81,1.8,4.4,246.2,79.11,100,41,88,4.3,589.2,238.4,79.11,100,40,84,19714.5,17218.7,32.0,35,20
1782816536.277,157.906,257.9,79.11,100,58,89,1.8,3.9,247.9,79.11,99,41,81,3.9,4600.9,252.1,79.11,100,42,87,17285.6,14322.4,238.4,79.11,100,40,84,3.5,4.7,32.0,35,20
1782816536.718,158.347,251.3,79.11,100,44,89,20716.1,17110.5,250.0,79.11,100,43,83,4.7,10.5,252.1,79.11,100,42,87,1095.4,16779.4,246.4,79.11,100,46,85,20749.1,5.6,32.0,35,20
1782816537.164,158.792,248.8,79.11,100,36,88,20704.4,11.9,249.1,79.11,99,42,82,3.8,3654.8,247.9,79.11,99,40,87,18159.9,14416.4,245.3,79.11,100,39,84,4.2,5.3,32.0,35,20
1782816537.605,159.234,248.8,79.11,100,36,88,4.4,4.9,247.8,79.11,100,40,82,16911.7,14561.4,248.9,79.11,99,39,88,5205.9,5.9,241.8,79.11,100,40,85,5.1,17353.7,32.0,35,20
1782816538.057,159.686,247.6,79.11,100,33,88,1.8,4.1,250.6,79.11,100,48,83,4481.5,14531.5,250.9,79.11,100,46,88,17957.6,4.8,241.9,79.11,100,46,85,2.7,5.3,32.0,35,20
1782816538.499,160.128,251.2,79.11,100,40,89,19646.6,3.9,250.5,79.11,100,41,83,2.7,4.3,250.6,79.11,100,45,88,1724.5,15966.8,242.9,79.11,100,44,85,18543.7,4.9,32.0,35,20
1782816538.942,160.571,251.8,79.11,100,49,89,5.1,17112.1,249.9,79.11,100,43,82,18759.5,1554.2,247.8,79.11,100,40,87,4.6,4.5,242.6,79.11,99,41,84,1094.2,16587.2,32.0,35,20
1782816539.384,161.013,250.5,79.11,100,51,89,113.0,4.2,249.9,79.11,99,43,82,2.2,58.4,250.9,79.11,99,40,87,19717.5,17194.0,245.4,79.11,99,40,85,3.9,4.4,32.0,35,20
1782816539.825,161.454,251.1,79.11,100,50,88,1.6,17114.5,249.9,79.11,99,43,82,20705.4,4.7,250.1,79.11,100,42,87,3.3,4.6,247.0,79.11,100,40,85,3779.6,15091.0,32.0,35,20
1782816540.270,161.899,249.8,79.11,100,48,88,1.7,3.9,250.0,79.11,100,44,82,3.8,14498.5,250.3,79.11,100,41,87,16632.4,4777.5,247.0,79.11,100,40,85,3.5,4.3,32.0,35,20
1782816540.710,162.339,250.6,79.11,100,49,89,20710.3,17109.4,250.4,79.11,100,45,82,5.0,9.4,250.3,79.11,100,41,87,8.4,4807.8,245.5,79.11,100,40,84,17637.6,13864.3,32.0,35,20
1782816541.152,162.781,249.8,79.11,100,39,89,2806.1,14832.0,249.4,79.11,100,41,82,19643.2,5.4,250.2,79.11,100,41,87,2.8,2265.7,244.8,79.11,100,39,84,17882.1,16675.2,32.0,35,20
1782816541.594,163.223,249.8,79.11,100,39,89,20708.6,17109.3,250.1,79.11,100,45,83,1.9,5.3,250.8,79.11,99,41,88,497.5,17296.7,245.3,79.11,99,45,85,20747.4,9.0,35.0,39,16
1782816542.036,163.665,249.2,79.11,99,40,89,1.8,9440.5,249.0,79.11,99,42,82,18365.5,8764.5,249.8,79.11,99,41,88,3.5,4.2,238.2,79.11,98,17,85,1.9,14217.4,35.0,39,16
1782816542.478,164.107,246.8,79.11,100,52,89,17007.2,13172.1,246.4,79.11,100,47,82,4.1,4.0,244.0,79.11,100,46,87,2.7,527.7,235.6,79.11,100,41,84,19024.5,14804.6,35.0,39,16
1782816542.919,164.548,250.8,79.11,100,53,88,3.5,6.7,246.7,79.11,100,43,83,5.2,104.8,247.7,79.11,100,49,88,19696.8,17195.4,246.5,79.11,100,54,86,2.4,4.2,35.0,39,16
1782816543.362,164.991,253.4,79.11,100,40,88,1.7,17113.7,250.5,79.11,100,56,83,20705.3,4.5,254.0,79.11,100,60,88,2.2,4.5,248.6,79.11,100,52,85,4690.8,14611.7,35.0,39,16
1782816543.805,165.434,249.8,79.11,100,37,88,3.7,14181.2,250.5,79.11,100,56,83,17801.0,4747.6,249.6,79.11,100,42,88,2.9,5.4,248.6,79.11,100,52,85,15042.9,14326.0,35.0,39,16
1782816544.249,165.878,247.6,79.11,100,34,88,20707.5,17112.3,249.8,79.11,100,42,82,2.1,5.4,246.8,79.11,100,43,88,2269.7,15477.0,245.4,79.11,99,40,84,19682.1,5.7,35.0,39,16
1782816544.690,166.319,248.1,79.11,100,36,89,18997.4,7.4,250.1,79.11,100,43,83,6.3,87.9,246.8,79.11,100,43,88,18419.9,16922.3,238.6,79.11,100,40,86,2.0,5.2,35.0,39,16
1782816545.138,166.767,251.1,79.11,100,37,88,17544.5,15208.4,252.5,79.11,100,47,83,1.9,4.5,250.6,79.11,100,43,88,4.2,10523.5,243.3,79.11,100,45,85,19428.0,6696.5,35.0,39,16
1782816545.580,167.209,251.1,79.11,100,37,88,1.9,6482.6,251.2,79.11,100,45,83,19214.6,10289.4,251.7,79.11,100,51,88,2.4,4.8,243.1,79.11,99,47,85,1113.5,16833.9,35.0,39,16
1782816546.027,167.656,251.4,79.11,100,36,88,2.8,4.0,247.3,79.11,100,44,83,1.8,22.7,250.0,79.11,100,47,88,19740.9,16542.9,242.4,79.11,100,49,86,2.0,4.5,35.0,39,16
1782816546.468,168.097,250.4,79.11,100,41,88,1.7,17117.8,250.0,79.11,100,43,83,20704.9,4.4,249.6,79.11,100,50,88,1.9,4.4,245.5,79.11,100,48,86,1148.0,16782.0,35.0,39,16
1782816546.909,168.538,249.9,79.11,100,42,88,3.4,4.3,250.4,79.11,100,43,83,6.5,8697.5,250.3,79.11,100,50,88,17239.7,8834.7,247.2,79.11,100,46,86,1.9,4.5,35.0,39,16
1782816547.351,168.980,249.1,79.11,100,43,88,20708.9,17112.8,250.0,79.11,100,44,83,1.7,4.5,250.2,79.11,100,45,87,3.5,601.9,245.8,79.11,99,42,86,19699.0,17204.8,35.0,39,16
1782816547.795,169.423,249.6,79.11,100,46,88,5.1,3.8,250.0,79.11,100,44,83,20221.3,17107.6,249.8,79.11,100,40,87,2.0,4.9,245.8,79.11,99,42,86,2.8,17372.2,35.0,39,16
1782816548.243,169.872,248.4,79.11,100,35,89,1.9,15725.2,249.6,79.11,100,41,82,17755.6,2869.4,249.8,79.11,100,40,87,4.8,4.9,245.2,79.11,100,40,84,20331.3,17084.8,35.0,39,16
1782816548.684,170.313,250.2,79.11,100,40,88,16933.5,20329.5,250.2,79.11,100,46,83,20708.7,17110.7,251.8,79.11,100,46,88,19932.9,21550.6,244.8,79.11,100,40,86,19046.7,14693.6,38.0,43,12
1782816549.133,170.762,250.2,79.11,100,40,88,3.6,3.6,245.8,79.11,98,12,82,1.7,167.3,247.3,79.11,98,22,88,19689.9,17205.3,234.3,79.11,99,25,84,1.8,4.1,38.0,43,12
1782816549.575,171.203,250.4,79.11,100,53,89,1.8,3.8,246.6,79.11,100,44,82,16094.5,14065.2,242.9,79.11,100,40,87,6963.1,4.2,239.0,79.11,99,45,85,3.5,4.1,38.0,43,12
1782816550.017,171.646,249.6,79.11,99,40,88,20709.2,17115.2,253.1,79.11,100,48,83,2.0,4.5,248.5,79.11,100,58,88,2.0,585.2,249.3,79.11,100,62,86,19711.1,17214.8,38.0,43,12
1782816550.459,172.087,250.0,79.11,99,39,88,1.7,4.0,251.4,79.11,100,53,83,20374.5,17001.8,253.2,79.11,100,54,88,2.1,5.6,249.1,79.11,100,50,85,493.6,17343.9,38.0,43,12
1782816550.902,172.531,248.8,79.11,100,36,88,2.0,17112.6,249.2,79.11,100,42,83,20705.5,8.4,249.5,79.11,100,40,87,4.8,10808.5,244.1,79.11,99,38,86,17781.4,7656.1,38.0,43,12
1782816551.350,172.979,248.9,79.11,100,35,88,20705.5,5.1,249.6,79.11,100,41,82,8.3,77.8,246.2,79.11,100,40,88,19692.4,17199.8,240.4,79.11,100,38,85,2.1,5.2,38.0,43,12
1782816551.793,173.421,248.9,79.11,100,37,88,17212.8,4.0,249.6,79.11,100,41,82,2.4,4.4,252.0,79.11,100,44,88,13668.3,14231.4,240.4,79.11,100,38,85,9433.8,5.2,38.0,43,12
1782816552.234,173.863,250.9,79.11,100,37,88,19468.5,14099.3,250.1,79.11,99,46,83,3983.4,4.3,252.0,79.11,100,44,88,3.9,6.2,244.3,79.11,100,54,85,17885.2,14272.3,38.0,43,12
1782816552.676,174.305,251.9,79.11,100,44,88,1.8,4.1,249.9,79.11,100,41,83,13423.1,14553.0,250.7,79.11,100,46,88,7008.6,12.9,244.3,79.11,100,52,86,6.7,579.7,38.0,43,12
1782816553.124,174.752,251.9,79.11,100,44,88,20708.4,4.0,249.3,79.11,100,43,83,1.8,4.5,248.8,79.11,100,41,87,3716.5,14534.4,242.4,79.11,99,43,86,18814.9,4.6,38.0,43,12
1782816553.564,175.193,250.2,79.11,100,46,88,1.7,8725.4,250.5,79.11,99,44,82,17634.1,9988.5,250.0,79.11,99,40,87,2.6,5.1,244.6,79.11,99,40,85,1098.6,16837.6,38.0,43,12
1782816554.007,175.636,250.5,79.11,100,49,88,1.8,4.2,249.4,79.11,100,42,82,1.8,9379.0,249.6,79.11,100,40,87,17052.1,9663.2,245.4,79.11,100,40,84,2.8,4.7,38.0,43,12
1782816554.448,176.077,250.2,79.11,100,50,88,17517.1,15406.5,250.0,79.11,100,43,83,1.8,4.9,250.3,79.11,100,40,87,3.5,14447.3,245.8,79.11,100,40,86,17569.1,4413.6,38.0,43,12
1782816554.888,176.517,248.1,79.11,100,38,88,20708.3,17113.2,251.0,79.11,100,51,83,4.6,8.2,252.2,79.11,100,41,87,1083.4,16788.9,245.7,79.11,100,40,85,20750.1,5.5,38.0,43,12
1782816555.330,176.959,249.8,79.11,99,36,88,20707.7,4.7,249.4,79.11,100,40,82,2.1,44.7,248.3,79.11,100,39,88,19709.2,17202.8,241.5,79.11,100,40,84,8.0,5.6,41.0,47,8
1782816555.774,177.403,247.6,79.11,98,20,88,20709.3,17112.2,249.4,79.11,100,40,82,1.9,4.2,242.0,79.11,100,58,88,1.9,501.8,241.5,79.11,100,40,84,19729.0,17194.8,41.0,47,8
1782816556.215,177.844,248.7,79.11,100,41,88,3512.9,3.6,244.5,79.11,100,66,83,1.8,3.9,242.0,79.11,100,58,88,1162.9,16734.8,235.6,79.11,100,57,85,20754.3,4.2,41.0,47,8
1782816556.656,178.285,253.9,79.11,100,50,88,1.8,3.9,249.6,79.11,100,53,82,13490.5,13919.2,247.4,79.11,100,39,87,9495.8,10.8,239.6,79.11,100,39,85,6.1,8.9,41.0,47,8
1782816557.101,178.730,253.9,79.11,100,50,88,17649.8,8032.8,253.0,79.11,100,44,82,3.0,4.5,253.6,79.11,100,43,87,506.7,17296.7,246.1,79.11,99,38,85,20707.6,5.1,41.0,47,8
1782816557.544,179.172,251.0,79.11,100,47,88,20709.0,17109.5,248.5,79.11,100,43,82,2.9,5.2,247.4,79.11,100,39,87,500.1,17282.8,245.5,79.11,99,40,84,20756.0,6.4,41.0,47,8
1782816557.984,179.613,247.8,79.11,99,36,88,14861.6,5.0,248.1,79.11,100,41,83,3.7,7973.0,249.6,79.11,100,39,88,18215.3,10250.4,243.4,79.11,100,39,86,4.5,5.8,41.0,47,8
1782816558.425,180.054,247.5,79.11,100,35,88,3.6,4.6,249.4,79.11,100,43,83,2118.5,15370.8,251.9,79.11,100,43,88,19683.6,5.2,241.9,79.11,100,45,86,2.0,532.4,41.0,47,8
1782816558.866,180.495,251.5,79.11,100,41,88,18063.1,4.1,249.8,79.11,100,43,82,3.0,4.6,248.0,79.11,100,41,87,14674.8,14631.7,241.8,79.11,100,40,84,5277.6,4.9,41.0,47,8
1782816559.309,180.938,251.1,79.11,100,44,88,9256.0,14514.7,249.8,79.11,100,43,82,13780.0,4.3,248.3,79.11,100,39,88,1.9,4.2,241.8,79.11,100,40,84,13412.3,14330.3,41.0,47,8
1782816559.751,181.380,249.7,79.11,99,45,88,8.4,6.8,250.9,79.11,100,41,83,4.6,12561.9,251.3,79.11,100,41,87,17024.5,6450.6,243.5,79.11,100,40,86,1.9,4.4,41.0,47,8
1782816560.193,181.822,250.1,79.11,100,46,88,19702.1,15263.9,250.0,79.11,100,43,83,2294.4,4.4,251.3,79.11,100,41,87,2.8,7.5,245.4,79.11,100,40,85,19249.4,14362.2,41.0,47,8
1782816560.635,182.264,250.1,79.11,100,46,88,4.3,4.1,250.1,79.11,100,45,83,532.1,17114.2,249.1,79.11,100,42,87,20752.2,7.3,245.6,79.11,100,42,85,9.0,9.0,41.0,47,8
1782816561.082,182.711,250.8,79.11,100,44,88,17125.9,4114.0,250.1,79.11,100,44,82,3.4,4.3,248.8,79.11,100,42,87,498.0,17026.2,246.9,79.11,99,42,85,18936.5,1555.0,41.0,47,8
1782816561.522,183.151,250.0,79.11,100,43,88,9.7,17112.6,249.2,79.11,100,44,82,20489.4,5.1,250.5,79.11,100,41,87,2.7,4.7,246.6,79.11,99,39,85,3157.2,15030.3,41.0,47,8
1782816561.970,183.599,249.9,79.11,100,37,88,2.7,17114.8,249.3,79.11,100,45,83,20704.2,5.4,250.0,79.11,100,40,87,3.1,552.4,245.3,79.11,99,44,86,19703.7,17195.5,41.0,47,8
1782816562.411,184.040,251.1,79.11,99,36,88,16705.3,20544.0,249.2,79.11,99,42,82,20704.5,17105.3,247.8,79.11,100,39,88,20751.9,17196.1,242.8,79.11,100,40,85,20747.0,17190.1,43.0,51,4
1782816562.853,184.482,243.9,79.11,99,12,88,1.8,3.7,245.7,79.11,100,55,83,1.8,68.9,243.2,79.11,99,49,87,19731.0,17205.9,236.7,79.11,99,46,85,9.7,4.0,43.0,51,4
1782816563.294,184.923,250.4,79.11,100,55,88,1.8,3.8,245.7,79.11,100,55,83,5013.5,14631.1,246.7,79.11,100,40,87,17348.3,4.2,236.7,79.11,99,46,85,5.1,4.3,43.0,51,4
1782816563.735,185.364,257.9,79.11,99,48,88,10002.0,15684.3,247.8,79.11,100,43,82,8793.6,6.5,246.7,79.11,100,40,87,2.8,9.8,240.7,79.11,100,41,85,17519.8,14156.5,43.0,51,4
1782816564.180,185.809,249.2,79.11,100,37,88,1.7,4.0,252.4,79.11,100,42,83,3480.7,15763.8,254.2,79.11,100,55,88,15941.0,5.4,248.2,79.11,100,58,86,2.5,3480.4,43.0,51,4
1782816564.625,186.254,249.2,79.11,100,37,88,4.6,8769.5,247.7,79.11,100,42,82,17920.0,9770.6,251.5,79.11,100,47,88,3.2,7.8,245.4,79.11,99,40,85,20326.6,17216.4,43.0,51,4
1782816565.070,186.699,248.1,79.11,100,36,88,17845.1,15016.3,249.5,79.11,100,41,83,2.0,5.2,249.6,79.11,100,39,88,4294.1,15027.1,241.3,79.11,99,43,86,17951.2,5.0,43.0,51,4
1782816565.510,187.139,248.9,79.11,100,33,88,17450.8,14255.7,252.8,79.11,100,47,83,1.8,4.3,250.9,79.11,100,41,88,8.4,9477.2,243.7,79.11,99,48,86,16922.6,9793.3,43.0,51,4
1782816565.953,187.582,250.7,79.11,99,38,88,5.0,7623.3,250.5,79.11,99,43,83,17334.7,11287.9,249.3,79.11,100,52,88,3.5,4.3,243.2,79.11,100,51,86,1.9,5893.4,43.0,51,4
1782816566.395,188.024,250.7,79.11,100,43,88,2.9,4.1,248.8,79.11,100,42,83,3.5,37.0,249.9,79.11,100,42,88,19727.8,17207.0,242.9,79.11,100,45,86,4.5,4.5,43.0,51,4
1782816566.836,188.465,250.5,79.11,100,45,88,3.4,17110.6,248.9,79.11,100,43,83,20706.8,4.7,250.4,79.11,100,45,88,1.9,4.6,246.3,79.11,100,48,86,1142.4,16772.5,43.0,51,4
1782816567.735,189.364,249.4,79.11,99,43,88,19721.9,11411.3,249.8,79.11,99,44,83,8.2,6.6,250.4,79.11,99,47,88,491.5,15135.0,247.7,79.11,99,50,86,17006.2,4215.8,43.0,51,4
1782816568.186,189.815,249.2,79.11,100,45,88,1.8,3.5,250.2,79.11,100,44,83,20226.3,17107.3,250.5,79.11,100,42,87,1.9,4.6,246.7,79.11,100,46,86,2.3,5892.6,43.0,51,4
1782816568.627,190.256,249.2,79.11,100,45,88,4.5,5.0,249.3,79.11,100,43,82,6890.0,15048.0,250.3,79.11,99,40,87,14786.7,8.2,244.9,79.11,100,40,85,8.4,10477.1,43.0,51,4
1782816569.074,190.703,248.9,79.11,100,44,88,1.9,11674.2,250.9,79.11,100,46,83,17645.1,7124.0,250.4,79.11,100,41,87,2.0,5.3,246.5,79.11,99,44,86,10589.6,14958.5,46.0,55,0
1782816569.517,191.146,249.1,79.11,100,36,88,4894.2,6274.8,250.4,79.11,100,43,82,7309.8,7816.8,249.1,79.11,100,40,87,7967.2,10433.3,236.9,79.11,61,18,84,7946.4,8274.9,46.0,63,0
1782816569.964,191.593,229.4,79.11,87,30,88,6312.2,6452.5,229.4,79.11,100,51,83,6994.6,8920.9,226.6,79.11,100,49,87,8695.6,10607.6,219.1,79.11,100,49,85,7267.1,12005.8,46.0,63,0
1782816570.410,192.039,237.2,79.11,100,44,88,5885.7,6207.8,235.3,79.11,100,53,83,6656.5,7546.9,233.8,79.11,100,50,87,8405.9,9703.2,223.6,79.11,100,50,85,7235.8,12165.8,46.0,63,0
1782816570.855,192.484,257.5,79.11,100,44,88,6153.2,4945.1,255.8,79.11,100,54,82,7970.2,7094.3,256.7,79.11,100,52,87,7001.9,10389.5,250.2,79.11,100,51,85,7359.3,10792.8,47.0,64,0
1782816571.296,192.925,250.2,79.11,100,46,88,6798.2,5212.8,255.8,79.11,100,54,82,6502.1,8219.0,253.0,79.11,100,51,87,6882.0,9301.9,250.2,79.11,100,51,85,8799.2,10458.7,47.0,64,0
1782816571.739,193.368,250.0,79.11,100,45,88,7661.7,5123.1,250.9,79.11,100,55,82,6356.4,8067.1,253.0,79.11,100,51,87,7080.3,9031.6,251.1,79.11,100,50,85,8606.1,11014.9,47.0,64,0
1782816572.184,193.813,250.0,79.11,100,45,88,5826.8,6040.3,249.9,79.11,100,54,82,6614.3,7220.0,250.5,79.11,100,51,87,8039.4,9714.8,251.1,79.11,100,51,85,7103.1,12257.8,47.0,64,0
1782816572.625,194.254,250.0,79.11,100,45,88,6151.4,4811.5,250.0,79.11,100,54,82,7792.9,7129.8,250.0,79.11,100,52,87,7344.9,10600.7,250.8,79.11,100,51,85,8662.8,10959.3,47.0,64,0
1782816573.073,194.702,250.0,79.11,100,45,88,6150.6,4849.5,250.1,79.11,100,55,82,7671.2,7291.8,250.1,79.11,100,52,87,6944.5,10017.9,251.0,79.11,100,51,85,7031.1,10914.8,47.0,64,0
1782816573.516,195.145,250.0,79.11,100,45,88,7518.7,5325.7,250.0,79.11,100,54,82,6227.1,7942.2,250.1,79.11,100,51,87,6995.7,9582.6,251.2,79.11,100,51,85,8420.3,10958.6,47.0,64,0
1782816573.957,195.586,250.1,79.11,100,45,88,5833.5,6117.5,250.0,79.11,100,55,82,6684.8,6980.2,249.9,79.11,100,52,87,8207.1,9246.6,250.9,79.11,100,51,85,7135.2,12203.1,47.0,64,0
1782816574.401,196.029,250.0,79.11,100,45,87,6091.7,4905.2,250.0,79.11,100,54,82,7971.8,7267.6,249.9,79.11,100,51,87,6586.7,10640.6,250.7,79.11,100,51,85,7120.3,10892.9,47.0,64,0
1782816574.842,196.471,249.9,79.11,100,45,88,6239.1,4945.5,249.9,79.11,100,54,82,7826.5,6756.2,250.2,79.11,100,52,87,6899.7,10127.3,250.6,79.11,100,51,85,7468.5,10589.1,47.0,64,0
1782816575.287,196.916,250.0,79.11,100,45,88,7495.4,5079.2,249.9,79.11,100,54,82,6457.7,7791.6,250.1,79.11,100,51,87,6629.3,9195.2,250.6,79.11,100,51,85,6779.3,12429.9,47.0,64,0
1782816575.730,197.359,250.0,79.11,100,45,88,5998.6,6677.2,249.9,79.11,100,55,82,6581.6,7438.7,250.1,79.11,100,51,87,8423.8,9183.6,250.4,79.11,100,51,85,6792.8,11642.2,47.0,64,0
1782816576.184,197.813,250.0,79.11,100,46,88,6183.7,4841.2,250.0,79.11,100,54,82,7769.4,7314.0,250.0,79.11,100,52,87,6677.5,10468.5,250.3,79.11,100,51,85,7167.0,10374.9,48.0,64,0
1782816576.626,198.255,250.0,79.11,100,46,88,7522.0,5109.0,250.1,79.11,100,55,82,6228.5,8403.9,250.0,79.11,100,52,87,7640.2,9167.1,250.1,79.11,100,51,85,9773.9,10723.6,48.0,64,0
1782816577.073,198.702,250.0,79.11,100,45,88,5861.8,6586.9,250.1,79.11,100,54,82,6689.8,7081.7,249.9,79.11,100,52,87,8479.6,9249.5,250.1,79.11,100,52,85,6752.8,12380.0,48.0,64,0
1782816577.516,199.145,250.0,79.11,100,45,88,6037.9,6504.4,250.0,79.11,100,55,82,6360.2,6803.0,250.0,79.11,100,52,87,7471.4,9322.9,249.9,79.11,100,50,86,7192.8,10539.1,48.0,64,0
1782816577.959,199.588,250.0,79.11,100,45,87,6155.4,4814.4,249.9,79.11,100,55,82,7827.2,7375.1,250.0,79.11,100,52,87,6949.9,9228.5,250.0,79.11,100,50,85,7454.1,10235.1,48.0,64,0
1782816578.401,200.029,250.0,79.11,100,45,88,7408.7,5190.6,250.0,79.11,100,55,82,6332.6,8171.4,250.0,79.11,100,53,87,6747.7,9472.1,250.2,79.11,100,51,85,7094.0,11564.5,48.0,64,0
1782816578.843,200.472,250.0,79.11,100,45,88,5846.1,6206.1,250.0,79.11,100,55,82,6610.7,7374.1,250.0,79.11,100,52,87,8066.4,9390.5,250.1,79.11,100,51,85,7232.5,12206.7,48.0,64,0
1782816579.287,200.915,250.0,79.11,100,45,88,6312.5,4561.7,250.0,79.11,100,55,82,7602.6,7317.5,249.9,79.11,100,51,87,6603.1,10109.0,250.1,79.11,100,51,85,7259.4,10364.1,48.0,64,0
1782816579.728,201.357,250.1,79.11,100,45,88,6155.4,5886.1,249.9,79.11,100,54,82,8380.2,8002.2,249.9,79.11,100,51,87,6471.5,10314.1,249.7,79.11,100,51,85,7435.4,10872.1,48.0,64,0
1782816580.190,201.819,249.9,79.11,100,45,87,7630.3,5346.4,250.0,79.11,100,55,82,6190.5,8078.8,249.9,79.11,100,51,87,7014.7,9192.6,249.8,79.11,100,51,85,8532.9,10390.3,48.0,64,0
1782816580.631,202.260,249.9,79.11,100,45,87,5843.6,6392.1,250.0,79.11,100,54,82,6786.7,6882.3,250.1,79.11,100,52,87,8274.9,9760.5,250.2,79.11,100,52,86,6811.6,11937.5,48.0,64,0
1782816581.076,202.705,250.0,79.11,100,45,88,6150.5,6525.4,250.1,79.11,100,55,82,6578.0,6889.3,250.0,79.11,100,51,87,8182.2,8703.4,250.1,79.11,100,51,86,6733.6,10763.8,48.0,64,0
1782816581.518,203.146,250.0,79.11,100,45,88,6474.6,4811.8,250.0,79.11,100,55,82,7841.8,7359.4,249.9,79.11,100,52,87,6892.6,10487.3,249.9,79.11,100,51,85,7160.6,10728.0,48.0,64,0
1782816581.958,203.587,250.0,79.11,100,45,87,7531.9,5330.8,249.9,79.11,100,55,82,6054.0,7935.1,250.1,79.11,100,52,87,7038.4,9246.5,249.9,79.11,100,51,85,8359.5,10672.3,48.0,64,0
1782816582.400,204.029,250.0,79.11,100,46,88,5676.6,6486.5,250.0,79.11,100,55,82,6551.8,6652.4,250.0,79.11,100,51,87,8304.1,8821.2,250.0,79.11,100,50,86,6803.7,11698.6,48.0,64,0
1782816582.844,204.473,250.0,79.11,100,45,88,6320.2,4998.4,250.0,79.11,100,54,82,8042.7,7003.8,250.1,79.11,100,52,87,6362.5,10423.4,250.1,79.11,100,52,85,8160.3,10409.3,48.0,64,0
1782816583.290,204.919,250.0,79.11,100,45,88,6173.4,4951.0,250.0,79.11,100,54,82,7840.8,7655.9,250.0,79.11,100,51,87,6834.3,10084.0,250.1,79.11,100,52,85,6995.1,10253.7,48.0,64,0
1782816583.732,205.361,250.0,79.11,100,45,88,7645.2,6489.3,250.0,79.11,100,54,82,6185.7,8248.3,250.0,79.11,100,51,87,7193.8,9140.9,249.9,79.11,100,51,85,8747.4,10243.3,48.0,64,0
1782816584.182,205.811,250.0,79.11,100,44,88,7326.6,5064.0,250.1,79.11,100,55,82,6440.2,7564.1,249.8,79.11,100,51,87,7317.4,8856.4,249.9,79.11,100,51,86,6736.9,11262.9,49.0,64,0
1782816584.623,206.252,250.0,79.11,100,44,88,6151.4,6283.6,250.0,79.11,100,54,82,6587.8,7393.5,250.1,79.11,100,52,87,9579.5,9076.3,250.1,79.11,100,52,86,8028.0,12093.6,49.0,64,0
1782816585.075,206.704,250.1,79.11,100,46,88,6031.3,4883.8,250.0,79.11,100,55,82,7919.1,7044.8,249.9,79.11,100,52,87,6604.9,10458.3,249.9,79.11,100,51,86,7131.8,10193.2,49.0,64,0
1782816585.516,207.145,250.0,79.11,100,45,88,6474.6,5206.9,250.0,79.11,100,54,82,6343.5,8500.7,249.9,79.11,100,52,87,7094.1,9252.3,249.9,79.11,100,51,86,8781.9,10703.2,49.0,64,0
1782816585.956,207.585,250.0,79.11,100,44,88,7503.7,5119.2,250.0,79.11,100,54,82,6513.7,7488.6,249.9,79.11,100,52,87,6926.2,9443.6,249.8,79.11,100,51,86,6950.3,12726.8,49.0,64,0
1782816586.398,208.026,250.1,79.11,100,46,87,6007.7,6445.3,250.0,79.11,100,55,82,6594.0,7412.2,250.0,79.11,100,51,87,8294.9,9419.6,249.9,79.11,100,50,86,6867.8,10679.2,49.0,64,0
1782816586.841,208.470,250.0,79.11,100,44,87,6314.1,4950.9,250.0,79.11,100,54,82,7795.2,7091.8,250.0,79.11,100,51,87,6559.4,10378.5,250.2,79.11,100,52,86,7893.0,10108.2,49.0,64,0
1782816587.285,208.914,250.0,79.11,100,45,87,7641.6,5315.4,250.0,79.11,100,54,82,6217.2,7895.2,249.9,79.11,100,52,87,7277.6,9077.6,250.2,79.11,100,52,86,8413.2,10586.8,49.0,64,0
1782816587.728,209.356,250.0,79.11,100,45,87,7772.7,6156.6,250.1,79.11,100,55,82,6557.2,8121.8,249.9,79.11,100,52,87,7287.0,9709.3,250.1,79.11,100,50,86,8614.7,10309.4,49.0,64,0
1782816588.184,209.812,250.0,79.11,100,44,87,6070.7,6420.6,250.0,79.11,100,54,82,6508.9,7069.3,250.0,79.11,100,51,87,8402.6,9338.0,250.0,79.11,100,51,86,6865.6,11715.2,49.0,64,0
1782816588.625,210.253,250.0,79.11,100,44,87,5857.2,6273.0,249.9,79.11,100,54,82,6685.7,6588.8,250.0,79.11,100,51,87,9141.2,9816.3,249.9,79.11,100,50,86,7607.3,12068.1,49.0,64,0
1782816589.075,210.704,250.0,79.11,100,44,87,6170.0,4878.5,250.0,79.11,100,55,82,8092.7,7032.6,249.9,79.11,100,51,87,6753.2,10871.0,249.8,79.11,100,50,86,7402.8,10139.7,49.0,64,0
1782816589.516,211.145,250.0,79.11,100,44,88,6200.5,5128.5,250.0,79.11,100,54,82,7360.1,7230.8,250.0,79.11,100,51,87,6972.7,8647.8,250.2,79.11,100,51,86,8537.4,10769.3,50.0,64,0
1782816589.957,211.586,249.9,79.11,100,45,87,7963.8,5198.0,249.9,79.11,100,55,82,6361.0,8277.2,250.2,79.11,100,52,87,6867.3,9094.2,250.1,79.11,100,51,85,7827.2,10287.6,50.0,64,0
1782816590.423,212.052,250.1,79.11,100,45,87,7479.6,5137.6,250.0,79.11,100,55,82,6307.9,8034.8,250.0,79.11,100,52,87,6903.0,9233.5,250.0,79.11,100,51,86,7026.0,11432.2,50.0,64,0
1782816590.866,212.494,249.9,79.11,100,44,87,6150.5,6430.5,250.0,79.11,100,54,82,6829.8,7416.7,250.1,79.11,100,52,87,8335.1,9670.9,250.1,79.11,100,51,86,6790.2,11468.1,50.0,64,0
1782816591.312,212.940,250.0,79.11,100,45,87,6160.4,5071.3,250.0,79.11,100,54,82,7720.6,7113.4,250.0,79.11,100,52,87,6624.5,10391.2,250.1,79.11,100,51,86,7019.2,10142.9,50.0,64,0
1782816591.754,213.383,250.0,79.11,100,45,87,6817.7,4872.5,250.0,79.11,100,55,82,7870.3,7007.0,250.1,79.11,100,52,87,6899.3,9596.4,249.9,79.11,100,50,86,7688.3,10240.4,50.0,64,0
1782816592.201,213.830,250.0,79.11,100,45,87,7468.5,5281.4,250.0,79.11,100,54,82,6260.8,7878.9,250.1,79.11,100,52,87,6801.8,8888.0,250.2,79.11,100,51,86,8238.4,10164.6,50.0,64,0
1782816592.642,214.271,250.1,79.11,100,45,87,5990.2,6526.7,250.1,79.11,100,55,82,6748.4,6842.1,250.1,79.11,100,52,87,8471.1,9854.4,250.1,79.11,100,51,86,6847.1,11747.9,50.0,64,0
1782816593.088,214.717,250.1,79.11,100,45,87,6162.7,4812.1,250.1,79.11,100,55,82,7673.8,7120.6,249.9,79.11,100,51,87,6633.9,10007.6,249.8,79.11,100,50,86,7397.7,10619.2,50.0,64,0
1782816593.530,215.159,250.0,79.11,100,44,87,6153.5,5079.2,250.0,79.11,100,54,82,7183.5,7498.7,249.9,79.11,100,51,87,6888.9,9560.7,249.8,79.11,100,52,86,8548.1,9765.8,50.0,64,0
1782816593.972,215.601,250.1,79.11,100,45,87,7966.9,5650.6,250.1,79.11,100,55,82,6562.1,7965.1,250.0,79.11,100,51,87,7086.3,9471.1,249.9,79.11,100,50,86,8399.2,10295.9,50.0,64,0
1782816594.419,216.048,250.0,79.11,100,45,87,5826.8,6427.9,250.0,79.11,100,54,82,6845.8,6791.8,250.0,79.11,100,51,87,8498.9,9730.8,250.1,79.11,100,51,86,6856.2,11961.1,51.0,64,0
1782816594.862,216.491,249.9,79.11,100,44,87,6150.4,6248.8,249.9,79.11,100,54,82,6652.9,6823.1,249.9,79.11,100,52,87,7107.1,10299.0,249.9,79.11,100,51,86,7175.9,10692.9,51.0,64,0
1782816595.304,216.933,250.1,79.11,100,45,87,6366.0,4957.9,249.9,79.11,100,54,82,7911.0,7520.0,250.0,79.11,100,52,87,6982.6,10639.4,249.9,79.11,100,51,86,7235.1,10501.4,51.0,64,0
1782816595.747,217.376,250.0,79.11,100,44,87,7749.5,5165.9,249.9,79.11,100,55,82,6320.3,7687.1,250.0,79.11,100,52,87,7254.4,9014.7,249.8,79.11,100,50,86,8468.6,10379.3,51.0,64,0
1782816596.190,217.819,250.0,79.11,100,45,87,7630.1,5364.8,250.0,79.11,100,54,82,6352.0,8147.0,249.9,79.11,100,51,87,6938.1,9051.1,250.1,79.11,100,51,86,8364.5,9988.3,51.0,64,0
1782816596.631,218.260,250.0,79.11,100,45,87,5943.9,6271.2,249.9,79.11,100,54,82,6601.4,6737.8,249.9,79.11,100,51,87,8424.1,9653.4,249.9,79.11,100,51,86,7315.4,12074.3,51.0,64,0
1782816597.079,218.708,250.0,79.11,100,45,87,5956.1,6304.0,250.1,79.11,100,55,82,6630.9,7032.6,250.1,79.11,100,52,87,7224.9,9898.7,250.2,79.11,100,51,86,7233.6,10005.4,51.0,64,0
1782816597.522,219.151,250.1,79.11,100,45,87,6150.6,4795.4,250.0,79.11,100,55,82,7936.2,7361.1,250.0,79.11,100,51,87,6689.8,9304.1,250.2,79.11,100,51,86,8001.9,10106.6,51.0,64,0
1782816597.964,219.593,250.0,79.11,100,45,87,7670.4,5349.0,250.1,79.11,100,55,82,6126.5,7536.2,250.1,79.11,100,52,87,6916.7,8684.0,250.0,79.11,100,51,86,8457.6,10162.5,51.0,64,0
1782816598.408,220.037,250.0,79.11,100,45,87,5834.2,6282.7,250.0,79.11,100,55,82,6705.5,7026.7,250.1,79.11,100,51,87,8305.0,9155.5,250.0,79.11,100,51,86,6904.8,12031.6,51.0,64,0
1782816598.851,220.479,250.0,79.11,100,44,87,6159.2,4677.9,250.0,79.11,100,54,82,8036.2,7141.8,250.0,79.11,100,51,87,6483.2,10431.1,250.0,79.11,100,52,86,7224.5,10720.9,51.0,64,0
1782816599.293,220.922,250.0,79.11,100,45,87,7652.5,5236.7,250.0,79.11,100,54,82,6005.6,7700.1,249.9,79.11,100,51,87,7054.9,9266.1,250.0,79.11,100,52,86,8537.9,10743.6,51.0,64,0
1782816599.735,221.364,250.0,79.11,100,45,87,7650.8,6289.6,250.1,79.11,100,55,82,6337.8,8015.0,249.9,79.11,100,51,87,7089.3,8685.1,249.9,79.11,100,51,86,8112.0,10900.8,52.0,64,0
1782816600.183,221.812,250.0,79.11,100,45,87,5666.3,6162.4,249.9,79.11,100,53,82,6688.9,6898.5,249.9,79.11,100,51,87,8404.4,9440.2,250.0,79.11,100,51,86,7153.8,12087.1,52.0,64,0
1782816600.627,222.256,250.0,79.11,100,45,87,6164.7,4917.9,250.0,79.11,100,54,82,7798.5,7322.8,250.0,79.11,100,52,87,6942.4,11186.5,249.8,79.11,100,51,86,7452.8,10082.4,52.0,64,0
1782816601.071,222.700,250.0,79.11,100,45,87,7581.9,5079.2,250.1,79.11,100,55,82,6241.3,8086.0,250.1,79.11,100,51,87,7195.3,8794.7,250.0,79.11,100,51,86,8373.8,10672.8,52.0,64,0
1782816601.513,223.142,250.0,79.11,100,45,87,5826.7,6311.9,250.0,79.11,100,55,82,6465.9,7490.2,250.1,79.11,100,53,87,8205.0,9465.4,250.2,79.11,100,51,86,6668.1,11123.6,52.0,64,0
1782816601.954,223.583,250.1,79.11,100,46,87,6143.0,4814.1,250.1,79.11,100,55,82,7738.4,7244.1,250.0,79.11,100,51,87,6534.8,10045.4,250.1,79.11,100,50,86,7211.6,10612.4,52.0,64,0
1782816602.398,224.027,250.0,79.11,100,45,87,6856.2,4904.5,249.9,79.11,100,54,82,6244.9,7960.0,250.0,79.11,100,52,87,6933.8,8872.5,249.9,79.11,100,52,86,8553.4,10139.4,52.0,64,0
1782816602.840,224.469,250.0,79.11,100,46,87,6621.2,5678.6,250.0,79.11,100,55,82,6574.8,6402.6,250.0,79.11,100,52,87,8529.9,9985.2,249.8,79.11,100,50,86,7249.4,10631.8,52.0,64,0
1782816603.286,224.915,250.0,79.11,100,45,87,5772.0,6317.5,250.0,79.11,100,55,82,6821.4,6675.7,250.1,79.11,100,52,87,8198.8,8898.7,249.8,79.11,100,50,86,6898.7,11663.8,52.0,64,0
1782816603.732,225.361,250.0,79.11,100,45,87,6324.4,5484.9,250.0,79.11,100,55,82,7972.0,7076.0,250.1,79.11,100,52,87,6762.7,10582.6,250.1,79.11,100,51,86,7253.3,10490.7,52.0,64,0
1782816604.180,225.809,250.0,79.11,100,45,87,6176.6,5012.8,250.0,79.11,100,54,82,6967.4,7208.3,250.0,79.11,100,52,87,6693.2,9278.1,249.9,79.11,100,51,86,8603.3,10485.1,52.0,64,0
1782816604.623,226.252,250.0,79.11,100,45,87,7506.1,5106.0,250.1,79.11,100,55,82,6035.6,7999.9,250.0,79.11,100,51,87,6814.4,9669.2,249.8,79.11,100,51,86,8328.8,10709.0,52.0,64,0
1782816605.068,226.697,250.0,79.11,100,45,87,6169.2,6392.2,250.0,79.11,100,54,82,6751.9,6798.6,250.1,79.11,100,52,87,8048.0,9255.9,249.8,79.11,100,51,86,6873.2,12168.5,53.0,64,0
1782816605.511,227.140,250.1,79.11,100,46,87,6084.0,4915.4,250.0,79.11,100,55,82,8023.4,7468.3,250.0,79.11,100,52,87,6566.2,10327.4,250.0,79.11,100,50,86,7074.4,10432.2,53.0,64,0
1782816605.952,227.581,250.0,79.11,100,45,87,6082.3,5049.5,249.9,79.11,100,54,82,6372.1,7833.8,250.0,79.11,100,52,87,6930.6,9707.4,250.1,79.11,100,51,86,8894.1,10449.8,53.0,64,0
1782816606.395,228.024,249.9,79.11,100,45,87,7365.5,5214.1,250.0,79.11,100,55,82,6625.1,7610.6,250.0,79.11,100,52,87,7071.6,9375.5,250.1,79.11,100,51,86,6831.7,11344.1,53.0,64,0
1782816606.837,228.465,250.0,79.11,100,46,87,5826.9,6450.2,250.1,79.11,100,55,82,6506.9,7132.5,250.0,79.11,100,52,87,8097.2,9123.0,250.2,79.11,100,51,86,7158.3,10584.7,53.0,64,0
1782816607.279,228.908,249.9,79.11,100,44,87,6150.6,4678.0,250.1,79.11,100,55,82,7651.7,7261.3,250.1,79.11,100,52,87,6801.4,10268.6,250.2,79.11,100,51,86,7126.4,10670.1,53.0,64,0
1782816607.722,229.351,250.0,79.11,100,46,87,8773.5,4922.5,249.9,79.11,100,54,82,5952.5,8809.0,250.1,79.11,100,52,87,6827.2,9341.7,250.0,79.11,100,52,86,8705.3,10396.9,53.0,64,0
1782816608.173,229.801,250.0,79.11,100,45,87,7179.0,5041.8,250.0,79.11,100,55,82,6581.0,7390.5,250.0,79.11,100,52,87,7526.3,9118.9,249.8,79.11,100,51,86,6808.7,11667.6,53.0,64,0
1782816608.616,230.245,250.0,79.11,100,45,87,5830.3,6041.1,250.0,79.11,100,54,82,6324.7,6852.2,250.1,79.11,100,52,87,7075.5,10102.3,250.0,79.11,100,52,86,7187.0,11377.9,53.0,64,0
1782816609.066,230.694,250.1,79.11,100,46,87,6475.9,4945.3,250.1,79.11,100,55,82,7874.8,7386.5,249.9,79.11,100,52,87,7018.3,10380.9,249.9,79.11,100,51,86,7456.9,10405.9,53.0,64,0
1782816609.509,231.138,250.0,79.11,100,45,87,7577.9,5079.1,250.0,79.11,100,54,82,6220.3,7729.2,249.9,79.11,100,51,87,7026.1,8786.4,250.0,79.11,100,51,86,8650.9,10358.9,53.0,64,0
1782816609.951,231.580,249.9,79.11,100,45,87,7821.5,5495.3,249.8,79.11,100,54,82,6154.0,8013.5,250.0,79.11,100,52,87,6931.7,8997.9,249.8,79.11,100,51,86,7966.2,10342.5,53.0,64,0
1782816610.397,232.025,250.0,79.11,100,45,87,5577.0,6277.3,249.9,79.11,100,55,82,6634.3,7079.2,249.9,79.11,100,51,87,8163.9,9084.7,249.9,79.11,100,50,86,6941.3,10690.0,53.0,64,0
1782816610.840,232.469,250.0,79.11,100,44,87,6642.2,4811.7,250.0,79.11,100,54,82,7665.8,6958.5,250.1,79.11,100,52,87,6530.4,10556.1,250.1,79.11,100,51,86,8118.1,10213.7,53.0,64,0
1782816611.285,232.914,250.0,79.11,100,45,87,6264.7,5144.4,250.0,79.11,100,54,82,7835.0,7271.0,249.9,79.11,100,51,87,6972.4,9714.7,250.1,79.11,100,51,86,7729.6,10195.4,53.0,64,0
1782816611.727,233.356,250.0,79.11,100,45,87,7794.7,5355.7,250.0,79.11,100,54,82,6227.3,8255.8,249.9,79.11,100,51,87,7093.0,9227.6,250.0,79.11,100,51,86,8419.4,10532.4,53.0,64,0
1782816612.171,233.800,250.0,79.11,100,45,87,5832.9,6409.3,250.0,79.11,100,55,82,6604.6,6920.3,250.1,79.11,100,51,87,8920.1,9670.5,250.0,79.11,100,51,86,7150.6,11957.8,53.0,64,0
1782816612.616,234.245,250.0,79.11,100,45,87,5826.9,6296.5,250.0,79.11,100,54,82,6734.4,6884.1,250.1,79.11,100,52,87,8312.3,9764.4,250.1,79.11,100,51,86,7070.7,12039.6,53.0,64,0
1782816613.063,234.692,250.0,79.11,100,45,87,6098.6,5284.2,250.0,79.11,100,54,82,7114.1,7358.7,250.0,79.11,100,52,87,6666.6,10263.9,250.0,79.11,100,51,86,7110.3,10646.2,54.0,64,0
1782816613.505,235.134,250.0,79.11,100,45,87,6481.0,4811.7,250.1,79.11,100,55,82,7923.4,7014.3,250.0,79.11,100,51,87,6928.4,10117.7,250.0,79.11,100,51,86,6961.0,10280.7,54.0,64,0
1782816613.948,235.577,250.0,79.11,100,44,87,7659.2,5174.2,250.0,79.11,100,54,82,6520.6,7535.1,250.0,79.11,100,52,87,6912.2,9111.3,250.1,79.11,100,51,86,8652.4,10539.2,54.0,64,0
1782816614.392,236.021,250.0,79.11,100,45,87,5832.6,6872.1,250.1,79.11,100,55,82,6733.4,6992.8,250.1,79.11,100,52,87,8364.6,9322.0,249.9,79.11,100,51,86,6702.0,11654.4,54.0,64,0
1782816615.283,236.912,250.0,79.11,100,45,87,6267.4,4811.7,250.0,79.11,100,55,82,7956.7,6940.0,250.0,79.11,100,53,87,6907.8,10287.5,250.0,79.11,100,51,86,7100.6,10495.3,54.0,64,0
1782816615.724,237.353,250.0,79.11,100,45,87,8452.2,5422.7,250.0,79.11,100,55,82,6118.3,8086.5,250.0,79.11,100,53,87,6954.7,8527.8,250.0,79.11,100,51,86,8262.4,10141.1,54.0,64,0
1782816616.171,237.800,250.0,79.11,100,45,87,6017.0,6499.5,250.0,79.11,100,55,82,6524.0,6738.6,250.0,79.11,100,51,87,8392.8,9113.5,250.1,79.11,100,51,86,7000.8,11518.1,54.0,64,0
1782816616.614,238.242,250.0,79.11,100,45,87,6150.5,6650.4,250.0,79.11,100,54,82,6585.1,7116.2,250.1,79.11,100,52,87,7953.6,9197.8,250.0,79.11,100,51,86,7151.4,12680.3,54.0,64,0
1782816617.059,238.688,249.9,79.11,100,45,87,6152.2,4847.9,250.0,79.11,100,54,82,7952.9,7452.8,249.9,79.11,100,52,87,6657.3,10252.0,249.8,79.11,100,51,86,7497.1,10275.1,54.0,64,0
1782816617.503,239.132,250.0,79.11,100,46,87,7537.7,5245.4,250.0,79.11,100,55,82,6279.6,7789.5,249.8,79.11,100,51,87,6902.4,8955.7,250.0,79.11,100,51,86,8606.9,10664.5,54.0,64,0
1782816617.945,239.574,250.1,79.11,100,45,87,7987.7,5355.4,250.0,79.11,100,54,82,6246.1,7319.0,250.0,79.11,100,52,87,6932.2,8610.3,250.0,79.11,100,51,86,7872.6,10587.0,54.0,64,0
1782816618.389,240.018,250.0,79.11,100,45,87,5826.8,6341.9,250.0,79.11,100,55,82,6794.3,7493.6,249.9,79.11,100,52,87,8238.5,9443.0,250.1,79.11,100,51,86,6766.8,11386.9,55.0,64,0
1782816618.831,240.460,250.0,79.11,100,45,87,6490.2,4829.7,250.0,79.11,100,55,82,7740.6,6748.2,250.0,79.11,100,52,87,6687.6,10294.8,250.2,79.11,100,51,86,7056.0,10280.4,55.0,64,0
1782816619.274,240.903,250.0,79.11,100,45,87,7351.6,5084.8,250.0,79.11,100,54,82,6226.5,8137.7,250.0,79.11,100,52,87,7021.4,8582.4,250.2,79.11,100,51,86,8523.7,10682.9,55.0,64,0
1782816619.718,241.347,250.0,79.11,100,46,87,7209.3,5274.0,249.9,79.11,100,54,82,6589.6,7652.0,250.0,79.11,100,52,87,7181.3,9374.2,250.0,79.11,100,51,86,6885.1,12019.7,55.0,64,0
1782816620.163,241.791,250.0,79.11,100,45,87,5673.3,6274.4,249.9,79.11,100,54,82,6841.3,7087.7,249.8,79.11,100,51,87,8342.3,9180.7,249.8,79.11,100,51,86,7163.8,11821.7,55.0,64,0
1782816620.607,242.236,250.0,79.11,100,45,87,6335.5,4846.3,250.1,79.11,100,54,82,7894.6,7417.5,250.2,79.11,100,52,87,6664.7,10487.2,250.1,79.11,100,52,86,7256.7,12878.4,55.0,64,0
1782816621.057,242.686,250.0,79.11,100,45,87,6474.2,4811.7,250.0,79.11,100,55,82,7639.8,6930.4,250.1,79.11,100,52,87,6497.6,10194.9,250.1,79.11,100,51,86,7102.1,10378.5,55.0,64,0
1782816621.499,243.128,250.0,79.11,100,45,87,7489.2,5384.5,250.0,79.11,100,54,82,6367.4,7637.7,249.9,79.11,100,51,87,7207.3,9296.7,250.0,79.11,100,51,86,8444.8,10504.9,55.0,64,0
1782816621.943,243.572,250.0,79.11,100,44,87,8931.8,5101.5,249.9,79.11,100,54,82,6045.1,7877.5,250.0,79.11,100,52,87,6864.9,8937.5,250.0,79.11,100,51,86,8006.6,10572.1,55.0,64,0
1782816622.399,244.028,250.0,79.11,100,45,87,6150.5,6273.5,250.1,79.11,100,55,82,6470.4,7027.9,249.9,79.11,100,52,87,8212.2,9370.2,250.0,79.11,100,51,86,6813.0,11558.3,55.0,64,0
1782816622.843,244.472,250.0,79.11,100,45,87,6213.8,4811.4,250.1,79.11,100,54,82,7981.1,6850.1,249.9,79.11,100,52,87,6580.5,10220.7,250.1,79.11,100,51,86,7592.5,10104.2,55.0,64,0
1782816623.287,244.916,250.0,79.11,100,45,87,6340.2,4866.5,250.1,79.11,100,54,82,7504.7,7070.0,250.1,79.11,100,52,87,6722.9,9077.8,250.1,79.11,100,51,86,8867.2,10570.8,55.0,64,0
1782816623.728,245.357,250.0,79.11,100,46,87,7493.9,5276.6,250.0,79.11,100,54,82,6298.3,7549.1,250.1,79.11,100,52,87,6976.7,9374.0,250.0,79.11,100,52,86,8338.7,10302.2,56.0,64,0
1782816624.175,245.804,250.0,79.11,100,45,87,5921.8,6220.7,250.0,79.11,100,55,82,6699.4,6557.4,249.9,79.11,100,52,87,8215.8,9375.2,249.9,79.11,100,52,86,6872.2,11438.4,56.0,64,0
1782816624.619,246.247,250.0,79.11,100,45,87,6030.3,4963.2,249.9,79.11,100,55,82,7720.2,7176.3,250.0,79.11,100,53,87,6764.9,10542.0,250.1,79.11,100,52,86,7144.7,10694.1,56.0,64,0
1782816625.063,246.692,250.1,79.11,100,46,87,6152.2,5286.0,250.0,79.11,100,55,82,7932.6,7104.0,250.0,79.11,100,52,87,6734.4,9174.1,250.1,79.11,100,51,86,7655.6,10247.8,56.0,64,0
1782816625.503,247.132,250.0,79.11,100,45,87,7463.1,5225.7,250.1,79.11,100,54,82,6474.2,7862.5,249.9,79.11,100,51,87,6956.1,8847.9,250.1,79.11,100,51,86,8261.8,10331.8,56.0,64,0
1782816625.944,247.573,249.9,79.11,100,45,87,6800.9,6142.1,250.0,79.11,100,55,82,6759.2,6896.9,250.0,79.11,100,52,87,8381.4,9534.7,249.9,79.11,100,51,86,6586.4,11337.7,56.0,64,0
1782816626.393,248.022,250.0,79.11,100,45,87,6313.9,4811.5,249.8,79.11,100,55,82,7926.9,6997.8,249.9,79.11,100,52,87,6607.5,10653.8,249.9,79.11,100,51,86,7388.9,10097.8,56.0,64,0
1782816626.837,248.465,249.9,79.11,100,44,87,7456.9,5077.3,250.0,79.11,100,55,82,6206.3,8015.6,250.0,79.11,100,53,87,6840.2,10245.6,249.8,79.11,100,52,86,9165.7,10740.9,56.0,64,0
1782816627.284,248.913,250.0,79.11,100,46,87,7671.4,5368.1,250.0,79.11,100,55,82,6393.7,7752.7,250.0,79.11,100,51,87,6908.7,9238.3,249.8,79.11,100,52,86,7088.1,11285.8,56.0,64,0
1782816627.728,249.356,250.0,79.11,100,45,87,5829.4,6981.6,250.0,79.11,100,55,82,6466.1,7183.7,250.0,79.11,100,51,87,8396.0,9431.5,249.9,79.11,100,50,86,6844.9,11152.9,56.0,64,0
1782816628.181,249.810,250.0,79.11,100,45,87,6135.3,4941.4,250.0,79.11,100,54,82,7796.6,6919.5,250.1,79.11,100,52,87,6621.8,10212.1,250.0,79.11,100,51,86,7058.7,9911.4,56.0,64,0
1782816628.624,250.252,250.0,79.11,100,45,87,7138.9,5096.9,250.1,79.11,100,56,82,6359.6,7906.1,250.0,79.11,100,52,87,7975.7,9097.0,250.2,79.11,100,51,86,10042.1,9957.3,57.0,64,0
1782816629.074,250.703,250.0,79.11,100,45,87,7485.0,5371.6,250.0,79.11,100,54,82,6293.8,7931.3,249.9,79.11,100,52,87,6905.7,8987.5,250.3,79.11,100,52,86,8342.5,10275.8,57.0,64,0
1782816629.516,251.145,250.0,79.11,100,45,87,5908.8,6235.5,249.9,79.11,100,55,82,6864.5,7048.4,250.1,79.11,100,53,87,8139.2,9429.2,250.0,79.11,100,52,86,6975.0,11679.0,57.0,64,0
1782816629.958,251.587,250.0,79.11,100,46,87,6489.1,4966.7,250.0,79.11,100,55,82,7755.8,7091.0,250.1,79.11,100,51,87,6478.4,10102.5,250.1,79.11,100,51,86,7272.1,10405.4,57.0,64,0
1782816630.400,252.029,250.0,79.11,100,45,87,7333.3,5079.2,250.1,79.11,100,55,82,6197.1,7663.1,250.0,79.11,100,53,87,6752.9,9207.6,250.1,79.11,100,52,86,8715.0,10627.3,57.0,64,0
1782816630.844,252.473,250.1,79.11,100,45,87,7635.6,5134.1,250.0,79.11,100,55,82,6380.5,7977.1,249.9,79.11,100,51,87,6902.2,9465.9,249.8,79.11,100,51,86,8174.9,10040.4,57.0,64,0
1782816631.288,252.917,250.1,79.11,100,45,87,6172.4,6448.6,250.0,79.11,100,55,82,6770.7,6938.2,250.0,79.11,100,52,87,8169.7,8589.3,249.8,79.11,100,51,86,6843.5,11619.7,57.0,64,0
1782816631.733,253.362,249.9,79.11,100,45,87,6225.8,5421.0,250.1,79.11,100,54,82,6825.5,7213.8,250.0,79.11,100,52,87,8326.8,8888.8,250.0,79.11,100,51,86,7160.0,10466.7,57.0,64,0
1782816632.179,253.807,250.0,79.11,100,45,87,6516.5,4945.3,250.0,79.11,100,54,82,7711.9,6787.6,250.0,79.11,100,52,87,6606.0,10464.1,249.9,79.11,100,51,86,7309.9,9731.2,57.0,64,0
1782816632.621,254.250,250.0,79.11,100,45,87,7522.7,5301.9,249.9,79.11,100,55,82,6192.0,8052.3,249.9,79.11,100,51,87,7105.4,9812.8,249.9,79.11,100,51,86,8642.7,9947.3,57.0,64,0
1782816633.066,254.695,250.0,79.11,100,45,87,6830.4,5396.6,250.1,79.11,100,54,82,6357.1,6539.6,250.1,79.11,100,52,87,8258.4,8827.8,250.2,79.11,100,52,86,6944.6,11268.0,57.0,64,0
1782816633.508,255.137,250.0,79.11,100,45,87,5838.2,6466.8,250.0,79.11,100,54,82,6441.1,6732.3,250.0,79.11,100,51,87,8031.7,9082.9,250.0,79.11,100,52,86,7060.5,9560.0,57.0,64,0
1782816633.951,255.580,250.0,79.11,100,46,87,6368.2,4812.9,249.9,79.11,100,55,82,7543.5,7162.2,250.0,79.11,100,51,87,6662.2,9576.6,250.0,79.11,100,51,86,7154.5,10727.8,57.0,64,0
1782816634.395,256.024,250.0,79.11,100,45,87,7640.4,5188.8,250.0,79.11,100,55,82,6065.5,8235.5,250.2,79.11,100,53,87,7257.2,9316.5,250.0,79.11,100,52,86,8316.7,10488.4,57.0,64,0
1782816634.837,256.466,250.0,79.11,100,46,87,5503.1,6139.2,250.0,79.11,100,55,82,6762.9,7023.5,249.9,79.11,100,52,87,8194.7,9548.0,250.0,79.11,100,51,86,6718.3,11797.7,57.0,64,0
1782816635.284,256.912,250.0,79.11,100,45,87,6153.3,4677.8,250.0,79.11,100,56,82,7750.0,7318.3,250.1,79.11,100,52,87,6522.7,10160.0,250.0,79.11,100,51,86,7284.1,10186.9,57.0,64,0
1782816635.727,257.356,250.0,79.11,100,45,87,6905.7,4958.2,250.0,79.11,100,54,82,6279.3,8073.8,250.1,79.11,100,52,87,6701.8,9061.8,250.1,79.11,100,53,86,8321.1,9978.0,57.0,64,0
1782816636.172,257.800,250.0,79.11,100,45,87,7676.4,5140.7,250.0,79.11,100,56,82,6330.5,8123.8,250.0,79.11,100,53,87,6978.4,8748.9,249.9,79.11,100,51,86,6694.5,12270.9,57.0,64,0
1782816636.614,258.243,250.0,79.11,100,45,87,6162.0,6278.0,250.1,79.11,100,54,82,6821.8,6941.1,250.1,79.11,100,52,87,8143.0,10166.0,250.0,79.11,100,51,86,6826.9,9949.7,,,
1782816638.042,259.671,248.4,79.11,98,35,88,9619.1,482.6,249.3,79.11,98,47,83,9879.0,8368.0,246.9,79.11,98,46,88,492.7,8555.9,241.9,79.11,98,46,86,10391.1,496.2,58.0,64,0
1782816638.495,260.124,250.2,79.11,98,38,88,6950.4,8381.3,250.9,79.11,98,47,83,23300.9,16236.0,249.6,79.11,98,46,88,22203.7,15996.7,244.1,79.11,98,40,86,27336.4,16555.3,58.0,64,0
1782816638.941,260.570,245.9,79.11,97,16,88,5.3,4.0,246.5,79.11,100,66,83,6.2,3.4,244.2,79.11,99,60,87,15195.7,13937.0,239.5,79.11,99,59,86,7941.6,4.1,58.0,64,0
1782816639.384,261.013,248.6,79.11,99,41,88,3.4,3.9,247.2,79.11,100,58,82,2114.0,15360.8,246.9,79.11,99,42,86,19700.3,4.4,240.7,79.11,100,41,85,1.9,4.3,58.0,64,0
1782816639.825,261.454,249.8,79.11,100,47,88,9745.6,13987.9,247.2,79.11,100,58,82,13849.6,4.4,252.9,79.11,99,43,88,2.3,4.5,247.7,79.11,99,40,85,13684.7,19086.7,58.0,64,0
1782816640.270,261.899,250.9,79.11,100,48,88,1.8,4.2,250.5,79.11,100,43,82,8592.9,14411.9,248.9,79.11,100,40,87,13924.7,5.2,247.7,79.11,99,40,85,2.1,4169.5,58.0,64,0
1782816640.712,262.341,249.8,79.11,100,36,87,4.9,10422.2,248.0,79.11,100,42,83,24120.1,12.1,248.9,79.11,100,40,87,4.7,564.2,245.7,79.11,100,40,86,19117.0,17198.5,58.0,64,0
1782816641.161,262.790,247.8,79.11,100,35,87,17962.8,4671.5,249.4,79.11,99,41,82,2.0,5.3,248.1,79.11,100,39,88,17124.1,14582.0,244.2,79.11,99,39,86,5265.4,5.0,58.0,64,0
1782816641.602,263.230,247.8,79.11,100,35,87,19100.9,1306.1,250.2,79.11,100,44,83,1.9,4.3,250.2,79.11,100,42,88,1093.8,16802.5,242.9,79.11,99,46,87,20755.1,13.0,58.0,64,0
1782816642.044,263.673,251.3,79.11,100,40,88,1933.6,15443.9,250.7,79.11,99,42,82,20216.9,4.2,249.1,79.11,99,41,87,3.1,4.4,244.8,79.11,99,40,86,2975.4,14994.5,58.0,64,0
1782816642.487,264.116,251.1,79.11,100,38,88,3.5,4.0,250.5,79.11,100,42,83,515.2,17149.5,250.9,79.11,100,38,88,20746.8,4.5,247.0,79.11,100,42,86,2.4,4.3,58.0,64,0
1782816642.928,264.557,248.9,79.11,100,38,87,19432.8,17110.6,251.0,79.11,100,53,83,1.9,5.6,252.5,79.11,100,42,87,1.9,7901.5,247.9,79.11,99,41,86,17303.5,11034.1,58.0,64,0
1782816643.370,264.999,249.1,79.11,100,38,87,1.7,3.9,250.2,79.11,100,59,83,14327.7,14191.2,251.3,79.11,100,44,87,8159.6,4.7,249.0,79.11,100,42,86,1.9,562.3,58.0,64,0
1782816643.811,265.440,250.1,79.11,100,37,87,10902.6,3.9,250.2,79.11,100,59,83,1.8,5.0,249.4,79.11,100,49,87,11729.7,14394.0,249.0,79.11,100,42,86,11041.1,4.8,58.0,64,0
1782816644.253,265.882,249.9,79.11,100,37,87,942.3,16326.3,249.8,79.11,100,55,83,20705.6,5.3,249.4,79.11,100,49,87,3.8,4.7,249.0,79.11,100,53,86,14533.9,14050.1,58.0,64,0
1782816644.700,266.329,250.3,79.11,99,37,88,1.9,17122.2,250.0,79.11,100,58,83,17657.7,12.7,249.8,79.11,100,56,87,10.0,9061.3,247.3,79.11,99,50,86,17552.9,9313.7,58.0,64,0
1782816645.151,266.779,248.9,79.11,100,35,88,17537.5,4122.6,247.7,79.11,99,42,83,4.5,5.1,246.6,79.11,99,40,87,13981.8,14590.0,243.8,79.11,99,40,86,8445.4,5.4,4.0,0,59
1782816645.591,267.220,248.9,79.11,100,35,88,6846.9,15161.5,246.1,79.11,100,43,82,14949.5,4.2,246.9,79.11,100,45,88,2.0,4.4,239.5,79.11,98,39,86,13579.0,22808.8,4.0,0,59
1782816646.042,267.671,246.1,79.11,99,52,88,1.9,3.5,248.9,79.11,100,48,83,3.4,3.9,245.5,79.11,100,47,88,5167.6,14252.6,240.6,79.11,99,52,87,17960.9,4.3,4.0,0,59
1782816646.483,268.112,250.9,79.11,100,41,87,3.3,3.9,251.2,79.11,100,60,83,18759.3,14175.0,249.8,79.11,100,63,87,4098.8,3.9,246.7,79.11,99,58,86,2.2,4.1,4.0,0,59
1782816646.924,268.553,253.2,79.11,100,41,88,17378.0,5164.8,253.2,79.11,100,63,83,3.1,7.1,254.5,79.11,99,49,86,1371.3,16253.4,251.7,79.11,99,44,86,20273.1,4.5,4.0,0,59
1782816647.371,269.000,248.4,79.11,100,37,88,17966.0,12459.6,248.3,79.11,99,46,83,2.9,5.1,251.6,79.11,100,44,88,4259.4,15033.4,246.2,79.11,100,43,87,17663.7,5.7,4.0,0,59
1782816647.811,269.440,249.3,79.11,100,34,88,2479.8,5.2,248.3,79.11,99,46,83,2.0,17174.8,247.7,79.11,100,41,88,20748.0,6.1,246.2,79.11,100,43,87,3.1,561.4,4.0,0,59
1782816648.254,269.883,250.2,79.11,100,37,88,1.9,4.5,249.1,79.11,100,46,83,16172.7,14335.3,247.7,79.11,100,41,88,6695.2,5.2,242.9,79.11,100,42,86,3.7,5701.3,4.0,0,59
1782816648.698,270.327,249.9,79.11,100,38,87,3.5,9.5,250.5,79.11,100,41,83,8.4,3392.7,247.4,79.11,100,39,88,17976.6,13011.9,243.9,79.11,100,40,86,1.9,5.2,4.0,0,59
1782816649.148,270.777,249.8,79.11,100,37,87,17416.8,10275.1,250.1,79.11,100,54,83,3.5,4.5,251.0,79.11,100,49,87,1.8,13814.4,245.3,79.11,100,48,86,17081.8,5513.1,4.0,0,59
1782816649.589,271.218,249.8,79.11,100,37,87,3.4,4.0,251.5,79.11,100,54,83,19826.8,14065.9,252.4,79.11,100,56,88,3345.5,4.4,247.9,79.11,100,56,87,1.8,569.2,4.0,0,59
1782816650.032,271.660,250.2,79.11,100,39,87,20705.3,4.0,250.3,79.11,99,55,83,1.8,4.3,251.4,79.11,100,57,88,1134.6,16730.5,248.4,79.11,100,54,87,20761.8,4.5,4.0,0,59
1782816650.473,272.102,249.6,79.11,100,39,87,1.8,12323.2,251.7,79.11,99,54,83,17258.9,6801.8,252.5,79.11,100,59,88,1.9,4.6,247.5,79.11,100,50,86,1099.0,16836.5,4.0,0,59
1782816650.913,272.542,250.1,79.11,100,38,87,2.7,4.3,248.9,79.11,100,47,83,4.9,1701.2,248.6,79.11,100,57,88,17869.4,16720.8,248.6,79.11,100,52,87,1.9,4.5,4.0,0,59
1782816651.355,272.984,249.7,79.11,100,39,87,19791.6,17112.7,248.1,79.11,100,42,83,3.5,4.9,247.6,79.11,100,46,88,2.6,13662.5,245.5,79.11,99,41,87,17259.6,5201.6,4.0,0,59
1782816651.796,273.425,248.8,79.11,100,37,88,17575.7,7126.3,248.1,79.11,100,42,83,2.1,5.5,251.2,79.11,100,41,87,18441.3,14924.8,245.5,79.11,99,41,87,3685.6,6.3,4.0,0,59
1782816652.240,273.868,249.8,79.11,100,37,88,20705.1,17108.4,250.9,79.11,100,48,83,20702.4,17102.5,251.2,79.11,100,41,87,20747.8,17188.4,247.6,79.11,100,41,86,20749.7,4.2,7.0,1,55
1782816652.682,274.311,250.8,79.11,100,56,88,1.7,6.2,240.7,79.11,98,21,82,20255.8,17115.9,247.5,79.11,98,29,87,5.3,8.9,236.5,79.11,99,16,86,5.1,3.5,7.0,1,55
1782816653.137,274.766,250.8,79.11,100,56,88,20026.4,17107.4,247.8,79.11,100,45,83,1.8,4.0,244.8,79.11,100,42,88,1.8,560.7,240.1,79.11,99,54,87,19721.8,17200.2,7.0,1,55
1782816653.577,275.206,249.9,79.11,100,40,87,2.6,4.1,254.4,79.11,100,54,83,1.9,5704.4,250.6,79.11,100,61,87,17641.3,13138.5,256.8,79.11,100,63,86,1.9,5.3,7.0,1,55
1782816654.020,275.649,249.1,79.11,100,40,88,20709.6,17113.0,252.5,79.11,100,56,83,2.0,5.2,253.7,79.11,100,52,87,510.1,16802.5,250.3,79.11,99,51,86,20757.3,5.7,7.0,1,55
1782816654.460,276.089,248.3,79.11,99,37,87,20705.6,5.3,248.3,79.11,100,43,82,3.7,3146.1,249.2,79.11,100,42,88,19626.6,13847.3,245.5,79.11,100,40,85,3.7,5.3,7.0,1,55
1782816654.901,276.530,248.2,79.11,100,35,87,3.7,10.7,247.1,79.11,100,42,82,20738.3,17110.9,247.6,79.11,100,41,88,4.5,5.1,239.9,79.11,99,38,86,1.8,17330.8,7.0,1,55
1782816655.349,276.978,249.2,79.11,100,38,88,1.9,4.1,252.6,79.11,100,46,83,5218.0,14600.3,250.4,79.11,100,39,88,17336.3,4.5,246.0,79.11,100,49,86,3.6,4.5,7.0,1,55
1782816655.790,277.418,250.6,79.11,100,37,87,12658.9,4.0,252.6,79.11,100,46,83,1.8,4.1,252.7,79.11,100,46,88,9564.4,14193.0,246.0,79.11,100,49,86,13636.5,5.8,7.0,1,55
1782816656.230,277.859,250.6,79.11,99,39,87,1.7,17115.7,253.0,79.11,100,48,83,20704.6,4.2,252.7,79.11,100,46,88,4.4,4.4,248.8,79.11,100,58,86,1129.5,16797.5,7.0,1,55
1782816656.672,278.301,250.6,79.11,100,39,87,1.7,4.1,250.5,79.11,99,48,83,4.9,5825.4,250.9,79.11,100,55,88,19597.6,8851.0,246.9,79.11,100,57,87,6.1,4.3,7.0,1,55
1782816657.121,278.750,250.6,79.11,100,39,87,19892.3,14025.0,251.5,79.11,99,47,83,3663.7,4.4,249.5,79.11,100,54,88,4.2,561.2,246.6,79.11,100,56,86,19713.0,17206.7,7.0,1,55
1782816657.561,279.190,250.0,79.11,100,39,87,1.8,3.9,248.8,79.11,100,42,83,9792.0,14390.5,249.0,79.11,100,51,88,12841.0,4.5,246.5,79.11,100,52,86,4.7,29.5,7.0,1,55
1782816658.005,279.634,250.5,79.11,100,42,88,20708.1,4.3,248.4,79.11,100,43,83,1.9,4.6,248.9,79.11,100,47,88,7890.7,14596.7,246.4,79.11,100,47,87,14285.5,4.8,7.0,1,55
1782816658.445,280.074,250.7,79.11,100,42,88,17708.6,11145.4,247.9,79.11,100,42,82,2.0,5.3,248.9,79.11,100,40,88,8391.7,14637.3,246.9,79.11,100,39,85,14203.7,5.4,7.0,1,55
1782816658.885,280.514,247.8,79.11,100,36,87,13569.5,4.9,249.5,79.11,100,42,83,2.1,5998.7,250.9,79.11,100,40,88,17766.9,12657.3,244.8,79.11,99,42,87,3.0,5.5,9.0,5,51
1782816659.328,280.957,248.2,79.11,98,37,88,20707.2,17114.3,249.5,79.11,100,42,83,2.7,4.1,241.6,79.11,99,26,87,3.5,1283.2,237.6,79.11,100,50,86,18825.3,16722.5,9.0,5,51
1782816659.768,281.397,252.1,79.11,100,57,88,5.3,6.6,244.8,79.11,99,39,83,1.8,3.8,245.4,79.11,100,43,88,11721.1,14220.0,237.6,79.11,100,50,86,11328.7,4.2,9.0,5,51
1782816660.212,281.841,251.0,79.11,100,39,87,1.7,3.6,249.2,79.11,100,44,83,20251.8,17106.7,245.4,79.11,100,43,88,1.8,4.1,241.8,79.11,99,52,86,1.8,3.5,9.0,5,51
1782816660.653,282.282,251.1,79.11,100,38,87,20707.1,4.7,257.4,79.11,99,51,83,3.4,7.5,258.4,79.11,100,62,88,1907.9,15608.3,254.8,79.11,100,63,86,19685.8,7.1,9.0,5,51
1782816661.096,282.724,251.1,79.11,100,38,87,17746.9,11152.9,252.7,79.11,99,47,83,2.0,5.1,252.6,79.11,100,50,88,6551.7,14756.9,250.5,79.11,100,53,86,15732.8,5.8,9.0,5,51
1782816661.537,283.165,249.3,79.11,99,37,88,2.1,5.1,250.4,79.11,100,41,83,504.7,17141.9,250.2,79.11,100,39,87,20750.9,5.6,246.3,79.11,100,39,86,3.1,3635.4,9.0,5,51
1782816661.979,283.607,249.6,79.11,100,35,88,6.2,4.5,248.4,79.11,100,41,83,20738.4,16405.9,247.1,79.11,100,40,88,2.2,5.1,242.0,79.11,100,40,86,2.2,13208.4,9.0,5,51
1782816662.423,284.052,248.7,79.11,100,37,87,1.8,4.2,251.5,79.11,99,51,83,1.9,6691.1,251.8,79.11,100,56,88,17406.4,12004.6,244.0,79.11,100,51,86,2.4,4.9,9.0,5,51
1782816662.864,284.492,250.0,79.11,100,36,88,17518.6,11371.7,250.3,79.11,100,44,83,3.9,4.5,251.6,79.11,100,49,88,2.2,15034.1,245.7,79.11,100,43,86,19072.5,10.7,9.0,5,51
1782816663.309,284.938,251.0,79.11,100,46,88,3.4,3.6,250.3,79.11,100,44,83,20240.8,17106.4,250.4,79.11,99,42,88,1.8,4.5,245.7,79.11,100,43,86,2.9,618.5,9.0,5,51
1782816663.751,285.380,250.7,79.11,100,45,88,16268.0,5.7,248.5,79.11,100,44,83,6.1,4.0,250.4,79.11,99,42,88,17091.2,14073.6,246.0,79.11,100,43,86,6168.3,6.9,9.0,5,51
1782816664.200,285.829,250.4,79.11,100,44,88,3.3,17113.3,249.9,79.11,100,45,82,20705.6,4.3,250.7,79.11,100,42,88,3.3,4.6,249.1,79.11,100,43,86,8423.2,14581.5,9.0,5,51
1782816664.643,286.272,250.4,79.11,100,44,88,2.8,4.1,249.5,79.11,100,44,82,1.8,17200.3,249.0,79.11,100,40,88,20743.8,11.0,247.0,79.11,100,41,85,4.6,7.2,9.0,5,51
1782816665.088,286.717,250.1,79.11,100,48,88,20705.9,5.2,249.8,79.11,100,44,82,1.9,4.7,249.6,79.11,100,42,88,9260.7,14501.7,247.6,79.11,100,40,85,13577.8,5.4,9.0,5,51
1782816665.530,287.159,248.8,79.11,99,43,88,18056.9,5.1,252.0,79.11,100,44,83,2.1,5653.6,250.5,79.11,100,39,87,18004.3,12855.8,248.2,79.11,100,42,86,2.1,5.1,9.0,5,51
1782816665.971,287.599,249.4,79.11,100,35,88,20752.6,17110.2,250.2,79.11,100,42,82,20703.0,17101.9,249.3,79.11,100,41,87,20748.4,17195.1,244.4,79.11,100,40,86,3.0,4.4,12.0,9,47
1782816666.419,288.048,244.6,79.11,99,13,87,1.7,17117.5,246.1,79.11,99,51,83,20708.4,6.5,243.5,79.11,99,49,88,3.4,3.9,238.5,79.11,99,47,86,2.4,5156.2,12.0,9,47
1782816666.866,288.494,251.1,79.11,100,57,88,16953.3,6400.2,249.4,79.11,99,43,83,3.4,5.2,247.3,79.11,99,42,88,1.8,10728.5,243.0,79.11,100,43,86,17216.0,7136.0,12.0,9,47
1782816667.308,288.937,257.6,79.11,100,48,87,3.5,4.2,249.4,79.11,99,43,83,603.8,16639.4,254.6,79.11,100,56,88,20749.5,4.5,243.0,79.11,100,43,86,3.6,4.5,12.0,9,47
1782816667.750,289.379,249.2,79.11,100,39,88,20710.9,6.5,253.1,79.11,99,45,83,6.2,423.4,254.6,79.11,100,56,88,18825.2,17193.6,250.3,79.11,100,57,86,3.8,7.1,12.0,9,47
1782816668.200,289.829,248.0,79.11,100,37,87,4.8,5.2,249.4,79.11,99,43,82,16194.9,14602.2,250.4,79.11,100,43,88,6060.1,5.4,247.4,79.11,100,40,85,2.5,15176.3,12.0,9,47
1782816668.642,290.271,248.0,79.11,100,37,87,2.8,17118.3,248.6,79.11,100,41,83,20705.6,5.0,248.7,79.11,100,39,88,7.2,18.0,244.0,79.11,100,42,86,19754.9,17210.7,12.0,9,47
1782816669.084,290.712,247.5,79.11,100,33,88,1.8,5247.9,252.2,79.11,100,47,83,17783.4,13704.4,251.2,79.11,99,46,88,2.6,4.6,246.3,79.11,100,47,86,1.8,11975.0,12.0,9,47
1782816669.527,291.156,251.0,79.11,100,39,88,1.8,4.0,250.8,79.11,100,42,83,1.8,8484.3,249.6,79.11,100,49,88,17386.6,10345.2,245.3,79.11,100,47,86,2.3,4.7,12.0,9,47
1782816669.968,291.597,252.0,79.11,100,48,88,21382.7,14193.6,247.4,79.11,100,44,82,4.4,9.0,247.9,79.11,100,40,88,1.9,6646.2,244.9,79.11,100,42,85,17716.3,12177.1,12.0,9,47
1782816670.412,292.040,251.1,79.11,100,51,88,3.5,4.0,249.9,79.11,100,44,82,18323.5,14344.9,250.9,79.11,100,41,88,4123.8,4.4,248.1,79.11,100,41,85,1.9,510.3,12.0,9,47
1782816670.852,292.481,251.6,79.11,100,50,88,20289.7,321.5,250.1,79.11,100,44,82,1.9,4.5,250.8,79.11,100,42,88,1702.0,15886.9,248.2,79.11,99,40,85,19685.1,4.6,12.0,9,47
1782816671.295,292.924,251.0,79.11,100,47,88,1.8,13664.7,250.1,79.11,100,44,82,17097.8,5505.1,250.5,79.11,100,41,87,2.6,4.4,248.2,79.11,99,40,85,1100.6,16830.9,12.0,9,47
1782816671.737,293.366,249.0,79.11,100,43,88,4.2,8.5,250.4,79.11,100,45,83,499.8,17175.8,250.5,79.11,100,41,87,20754.0,5.2,248.9,79.11,100,40,86,2.8,4.9,12.0,9,47
1782816672.184,293.813,248.7,79.11,100,37,87,2.0,5.0,249.9,79.11,100,42,83,493.2,17167.8,249.7,79.11,100,40,87,20749.1,5.3,248.3,79.11,99,39,85,2.9,507.9,12.0,9,47
1782816672.624,294.253,248.7,79.11,100,37,87,2.0,4.8,250.4,79.11,100,43,83,20245.8,14434.7,249.3,79.11,100,43,88,2110.2,8.5,245.9,79.11,100,44,86,1128.1,23186.0,15.0,13,43
1782816673.074,294.702,249.4,79.11,100,39,88,2.8,4.0,244.8,79.11,100,46,82,3.5,30.3,250.6,79.11,100,41,87,19712.0,17193.7,237.8,79.11,98,11,85,3.5,4.0,15.0,13,43
1782816673.515,295.143,247.5,79.11,100,45,88,3.4,3.6,249.2,79.11,100,67,83,552.5,17122.5,247.7,79.11,100,53,87,20754.9,4.3,241.6,79.11,100,45,86,2.8,4.3,15.0,13,43
1782816673.954,295.583,251.2,79.11,100,52,88,10549.1,14059.1,252.8,79.11,100,43,82,12704.4,4.0,245.9,79.11,100,42,88,1.9,4.7,248.3,79.11,100,42,85,1147.5,16775.6,15.0,13,43
1782816674.395,296.023,254.2,79.11,100,54,88,1.8,4.2,248.6,79.11,100,45,82,1.8,12115.8,249.6,79.11,100,43,88,17292.6,6677.5,246.3,79.11,99,40,85,1.9,4.5,15.0,13,43
1782816674.834,296.463,250.6,79.11,100,47,88,1660.0,4.9,248.6,79.11,100,45,82,3.0,13210.4,250.3,79.11,100,41,87,17467.7,5258.9,247.5,79.11,100,41,86,2.1,9.3,15.0,13,43
1782816675.277,296.906,249.6,79.11,99,34,88,2.8,5356.7,250.2,79.11,100,43,83,18393.7,13180.4,248.8,79.11,99,40,87,2.3,5.9,247.5,79.11,100,41,86,15721.4,15485.4,15.0,13,43
1782816675.719,297.348,249.3,79.11,100,37,87,9.7,17116.7,250.0,79.11,99,43,82,20705.6,7.6,248.8,79.11,99,40,87,5.7,18.9,244.5,79.11,100,38,85,19742.3,17211.1,15.0,13,43
1782816676.164,297.793,251.0,79.11,100,45,88,1.7,4.2,249.6,79.11,99,40,83,12190.1,14852.7,249.4,79.11,100,46,88,10096.4,4.8,241.7,79.11,100,40,86,3.6,577.7,15.0,13,43
1782816676.606,298.234,251.0,79.11,100,45,88,12624.6,4.1,249.4,79.11,100,42,82,1.8,4.2,250.0,79.11,100,39,88,16620.2,18652.7,244.0,79.11,100,40,85,9.5,10.4,15.0,13,43
1782816677.054,298.683,250.5,79.11,100,45,88,1.7,17113.2,250.4,79.11,99,44,83,20705.2,4.2,250.8,79.11,99,42,87,2.8,4.3,248.1,79.11,100,41,87,1151.3,16759.3,15.0,13,43
1782816677.496,299.125,250.0,79.11,99,47,88,1.8,4.0,249.9,79.11,99,44,82,1.8,6487.8,250.3,79.11,100,41,87,17359.6,12422.5,248.0,79.11,99,41,86,1.8,4.5,15.0,13,43
1782816677.936,299.565,249.9,79.11,100,48,88,20709.6,17111.3,250.2,79.11,99,41,82,4.6,4.5,249.1,79.11,100,41,87,4.3,594.8,247.5,79.11,99,40,85,19699.7,17205.6,15.0,13,43
1782816678.379,300.007,249.7,79.11,99,40,88,1.8,4.2,250.6,79.11,99,45,82,11541.6,14398.6,250.6,79.11,100,40,87,10752.5,4.4,248.7,79.11,100,41,85,4.3,4.0,15.0,13,43
1782816678.820,300.449,250.3,79.11,100,39,88,11244.9,4.4,250.6,79.11,99,45,82,2.0,13.7,249.5,79.11,99,40,87,19723.2,17194.5,248.7,79.11,100,41,85,3.1,8.1,15.0,13,43
1782816679.262,300.891,249.8,79.11,100,36,88,2.0,5.2,251.4,79.11,99,50,83,509.0,17135.8,249.5,79.11,99,40,87,20750.1,5.3,248.6,79.11,99,42,86,2.0,536.5,15.0,13,43
1782816679.704,301.332,249.2,79.11,100,36,87,22612.3,16083.3,249.1,79.11,99,43,83,23181.4,16164.0,247.1,79.11,99,41,87,22693.9,5676.9,244.1,79.11,100,39,86,3.0,4.5,18.0,17,39
1782816680.151,301.779,249.0,79.11,100,42,88,6763.9,14311.8,243.2,79.11,100,13,83,16084.3,4.1,242.2,79.11,100,12,87,2.3,4.0,236.4,79.11,100,57,86,1112.0,14015.8,18.0,17,39
1782816680.592,302.221,249.0,79.11,100,42,88,20375.1,120.8,249.5,79.11,100,67,82,1.8,4.4,248.7,79.11,100,53,88,492.9,15511.7,242.4,79.11,100,40,86,16776.1,3837.0,18.0,17,39
1782816681.033,302.662,250.9,79.11,100,50,88,1.8,4.2,253.5,79.11,100,44,82,686.5,16609.5,253.3,79.11,100,43,88,20750.8,4.5,249.4,79.11,99,41,85,2.7,4.5,18.0,17,39
1782816681.474,303.103,252.4,79.11,100,52,87,19000.6,1494.1,248.8,79.11,99,43,82,3.7,5.3,248.0,79.11,99,40,88,18435.9,14578.2,245.2,79.11,99,39,85,3838.9,5.6,18.0,17,39
1782816681.914,303.543,248.6,79.11,100,39,88,3.7,5.3,250.3,79.11,100,46,83,757.4,16508.5,250.3,79.11,100,43,88,20753.0,5.6,246.3,79.11,100,39,86,3.0,1788.9,18.0,17,39
1782816682.356,303.985,249.5,79.11,100,38,88,3.0,16014.5,251.3,79.11,99,38,83,17535.3,2855.2,250.7,79.11,100,36,88,2.1,5.0,246.1,79.11,100,43,86,11328.3,15902.4,18.0,17,39
1782816682.800,304.429,250.9,79.11,100,37,88,5.1,3.4,251.3,79.11,99,38,83,20229.5,17108.2,247.0,79.11,100,40,88,1.9,4.9,246.1,79.11,100,43,86,1.9,8455.5,18.0,17,39
1782816683.245,304.874,251.0,79.11,100,46,88,8.9,4.2,248.3,79.11,100,43,82,1.8,12073.4,247.0,79.11,100,40,88,17213.3,6831.8,241.4,79.11,99,41,85,2.7,4.7,18.0,17,39
1782816683.691,305.320,249.5,79.11,100,42,88,17623.9,14357.3,248.3,79.11,99,45,82,6.0,7.7,250.2,79.11,100,41,87,501.4,17315.8,243.4,79.11,99,40,87,19962.9,628.6,18.0,17,39
1782816684.142,305.770,249.5,79.11,100,42,88,2.8,3.4,251.2,79.11,100,48,82,20218.6,17106.1,252.9,79.11,100,42,87,3.5,4.5,247.6,79.11,100,41,85,1.8,1152.8,18.0,17,39
1782816684.584,306.213,250.4,79.11,100,40,88,17331.6,4.3,249.7,79.11,100,50,82,4.1,4.5,251.2,79.11,100,40,88,16891.4,14353.4,247.5,79.11,100,41,86,6370.8,7.4,18.0,17,39
1782816685.027,306.656,250.5,79.11,100,39,88,5378.1,14680.9,249.3,79.11,100,52,83,17306.3,4.5,250.4,79.11,100,42,87,11.0,4.5,246.9,79.11,100,41,86,14106.1,14680.9,18.0,17,39
1782816685.469,307.098,249.1,79.11,100,39,87,1.8,4.3,250.9,79.11,100,56,83,5445.0,14604.3,249.9,79.11,100,48,87,17332.7,5.0,247.2,79.11,99,49,86,1.9,522.6,18.0,17,39
1782816685.910,307.538,249.9,79.11,100,37,87,3.0,5.0,249.1,79.11,100,46,83,11785.5,18021.8,249.5,79.11,100,48,88,3912.0,5.3,244.2,79.11,100,42,86,2.0,13467.4,18.0,17,39
1782816686.355,307.984,249.9,79.11,99,39,88,1.9,17115.0,249.3,79.11,99,47,83,20230.1,280.5,249.2,79.11,99,40,88,4.5,5.4,243.8,79.11,99,45,86,19841.6,17310.5,21.0,21,35
1782816686.798,308.427,245.6,79.11,98,11,87,5.1,4.2,249.3,79.11,99,47,83,1.8,13381.6,244.2,79.11,99,63,88,16838.9,5255.8,243.8,79.11,99,45,86,2.5,4.3,21.0,21,35
1782816687.240,308.869,250.2,79.11,100,42,87,2.2,3.4,246.9,79.11,100,64,83,19714.2,15377.9,244.2,79.11,99,63,88,10.4,4.2,239.0,79.11,100,61,86,2.2,507.5,21.0,21,35
1782816687.685,309.314,253.6,79.11,100,40,87,16980.5,14975.8,248.7,79.11,100,46,83,7.6,9.5,248.5,79.11,100,61,87,5.7,586.8,241.7,79.11,100,47,86,19713.6,17198.0,21.0,21,35
1782816688.131,309.760,253.6,79.11,100,40,87,5.4,4.2,251.2,79.11,100,52,82,19180.9,14232.5,254.4,79.11,100,43,87,3547.1,4.4,249.4,79.11,99,40,85,1.8,544.7,21.0,21,35
1782816688.572,310.200,248.8,79.11,100,39,88,2.0,4.8,249.3,79.11,100,41,82,19538.8,14518.7,250.2,79.11,100,40,87,2875.2,5.7,247.1,79.11,100,39,86,1073.5,16824.1,21.0,21,35
1782816689.013,310.642,249.9,79.11,100,36,88,5056.0,14875.3,247.8,79.11,99,41,82,17471.6,5.6,246.0,79.11,100,39,87,2.2,11703.4,242.3,79.11,99,39,86,17708.8,6708.1,21.0,21,35
1782816689.453,311.082,249.2,79.11,100,35,88,20707.7,16637.4,247.6,79.11,99,41,82,2.3,5.0,248.7,79.11,100,43,88,3.7,13068.9,240.1,79.11,100,39,85,17271.7,5731.0,21.0,21,35
1782816689.894,311.523,249.6,79.11,100,41,88,1.8,1155.2,250.8,79.11,100,42,82,18104.5,16300.9,251.7,79.11,100,41,87,5.2,4.7,244.4,79.11,100,39,85,640.5,16864.4,21.0,21,35
1782816690.337,311.966,249.5,79.11,99,37,87,1.8,4.2,250.8,79.11,100,42,82,2.8,7120.3,251.6,79.11,99,39,87,17523.9,9794.4,247.6,79.11,100,45,86,1.9,4.5,21.0,21,35
1782816690.780,312.409,249.4,79.11,100,38,87,14689.2,14296.1,252.1,79.11,100,46,83,8501.5,4.3,250.5,79.11,100,47,87,2.6,4.0,247.6,79.11,100,45,86,16170.7,14065.7,21.0,21,35
1782816691.223,312.852,249.5,79.11,99,38,87,3.3,4.1,251.2,79.11,99,45,83,506.2,17171.4,250.5,79.11,100,47,87,20747.3,4.7,247.0,79.11,100,46,86,1.8,4.4,21.0,21,35
1782816691.665,313.293,249.1,79.11,100,37,87,17400.6,12320.1,249.5,79.11,99,46,83,1.8,7.4,249.3,79.11,100,50,87,11.4,13679.2,248.1,79.11,100,47,86,17266.2,4293.6,21.0,21,35
1782816692.107,313.736,249.1,79.11,100,37,87,1.8,4.2,249.3,79.11,100,54,83,20252.5,17108.5,250.2,79.11,100,52,87,3.0,4.6,246.7,79.11,100,55,86,2.2,621.2,21.0,21,35
1782816693.009,314.638,249.9,79.11,99,37,88,2.0,4.6,247.0,79.11,99,43,82,20227.8,17107.2,248.3,79.11,100,43,88,2.9,5.3,243.0,79.11,99,40,85,1099.3,16782.5,21.0,21,35
1782816693.452,315.081,248.7,79.11,100,36,87,19731.5,18497.3,248.4,79.11,98,46,83,19129.7,14668.6,250.3,79.11,100,45,88,11332.5,4.1,241.3,79.11,98,43,86,1.7,4.2,24.0,25,31
1782816693.893,315.522,245.0,79.11,99,41,88,19886.1,17110.2,251.0,79.11,100,70,83,4.1,7.3,246.4,79.11,100,62,88,5.5,10.1,243.2,79.11,100,68,86,12600.1,14192.7,24.0,25,31
1782816694.337,315.965,250.6,79.11,100,41,88,1.8,3.7,251.0,79.11,100,70,83,2.6,3.4,247.6,79.11,99,46,87,18320.7,14195.2,243.5,79.11,100,41,86,4122.6,4.3,24.0,25,31
1782816694.778,316.407,254.6,79.11,100,42,88,5.2,2997.4,249.1,79.11,99,44,82,17539.3,15940.8,251.4,79.11,100,43,87,3.2,4.5,243.5,79.11,100,41,86,3.9,10335.1,24.0,25,31
1782816695.224,316.852,249.2,79.11,100,38,88,3.6,4.8,248.0,79.11,100,46,82,500.5,17153.4,251.4,79.11,100,43,87,20746.5,5.2,246.1,79.11,99,41,85,2.0,563.8,24.0,25,31
1782816695.665,317.294,250.5,79.11,99,34,88,2.0,9029.7,250.5,79.11,100,43,83,18742.6,8761.3,249.1,79.11,100,39,88,9.6,8.1,245.9,79.11,100,42,86,19214.4,14457.7,24.0,25,31
1782816696.110,317.739,250.5,79.11,99,34,88,17753.8,15911.7,249.4,79.11,99,42,83,1.9,4.9,248.9,79.11,100,40,87,1096.8,16759.5,243.0,79.11,99,40,86,20753.4,4.8,24.0,25,31
1782816696.552,318.180,250.0,79.11,100,36,88,16823.5,14096.5,248.0,79.11,100,40,83,6690.1,4.5,246.7,79.11,100,40,87,3.6,508.1,239.5,79.11,100,39,86,19740.6,17209.8,24.0,25,31
1782816696.992,318.621,249.1,79.11,100,40,88,1.8,3.9,250.2,79.11,100,41,83,20756.2,15717.4,251.4,79.11,100,41,87,90.7,4.8,243.4,79.11,100,38,86,4.3,3491.6,24.0,25,31
1782816697.436,319.065,249.3,79.11,100,38,87,5221.2,9.9,252.5,79.11,100,52,83,1.7,4.8,253.9,79.11,100,54,87,19738.1,17132.6,247.5,79.11,100,52,86,2.0,4.3,24.0,25,31
1782816697.881,319.510,250.6,79.11,100,39,87,2570.7,14994.1,250.3,79.11,99,52,83,19945.1,5.0,250.8,79.11,100,55,87,5.8,6.1,247.2,79.11,99,53,86,16641.9,14132.4,24.0,25,31
1782816698.329,319.957,250.6,79.11,100,39,87,3.5,4.3,250.3,79.11,99,52,83,527.5,17118.2,251.0,79.11,100,58,88,20752.3,4.5,247.5,79.11,100,50,86,1.7,4.4,24.0,25,31
1782816698.770,320.399,249.7,79.11,99,37,87,17816.8,4309.6,250.0,79.11,99,53,83,2.7,4.6,250.6,79.11,100,58,88,1080.6,16808.0,247.5,79.11,100,50,86,20754.4,4.9,24.0,25,31
1782816699.212,320.841,249.7,79.11,100,38,87,1.8,16016.6,250.0,79.11,100,54,83,17328.2,3096.4,250.6,79.11,100,58,88,1.9,4.8,246.0,79.11,100,51,86,3145.1,15002.0,24.0,25,31
1782816699.654,321.282,249.5,79.11,99,37,88,1.9,17116.4,248.2,79.11,100,45,83,20704.2,8.2,247.4,79.11,100,48,88,7.9,543.6,243.7,79.11,100,42,86,19712.4,17197.9,24.0,25,31
1782816700.097,321.726,249.5,79.11,99,37,88,18192.7,16077.6,249.4,79.11,100,41,83,3.7,5.3,248.6,79.11,100,41,88,5367.2,23395.2,244.5,79.11,100,40,86,23065.2,16069.6,27.0,29,27
1782816700.540,322.169,249.6,79.11,100,39,88,3.4,1893.3,242.9,79.11,99,22,82,17940.9,15055.9,246.6,79.11,98,22,87,2.2,3.8,235.6,79.11,99,23,85,1.7,509.3,27.0,29,27
1782816700.983,322.611,249.8,79.11,100,55,88,9344.9,14412.5,247.2,79.11,100,52,83,13909.3,3.9,244.5,79.11,100,42,88,3.2,4.3,239.4,79.11,100,47,86,2645.9,15070.5,27.0,29,27
1782816701.437,323.066,249.8,79.11,100,40,87,3.4,3.6,254.8,79.11,100,66,83,1.8,64.8,249.5,79.11,100,59,88,19704.0,17188.0,256.0,79.11,100,63,86,2.4,5.1,27.0,29,27
1782816701.883,323.511,249.7,79.11,99,40,87,20707.8,17110.3,252.8,79.11,100,53,83,3.5,4.7,255.0,79.11,100,53,88,5.1,581.0,250.8,79.11,100,51,86,19707.9,17206.7,27.0,29,27
1782816702.324,323.953,248.7,79.11,99,37,87,20709.5,17113.5,252.8,79.11,100,53,83,2.7,5.7,246.6,79.11,100,40,87,1686.5,15999.2,250.8,79.11,100,51,86,19692.0,5.7,27.0,29,27
1782816702.765,324.394,248.6,79.11,100,35,87,7005.8,8.0,246.6,79.11,99,41,83,1.9,17163.2,247.1,79.11,100,41,88,20751.0,5.4,242.5,79.11,100,40,86,3.1,536.9,27.0,29,27
1782816703.210,324.838,248.5,79.11,100,37,87,2.8,4.8,246.5,79.11,100,40,83,736.9,16534.1,247.1,79.11,100,41,88,20735.5,4.6,239.4,79.11,100,39,85,2.7,4.5,27.0,29,27
1782816703.651,325.280,250.3,79.11,100,37,87,20148.0,414.6,252.7,79.11,100,57,83,2.8,7.4,252.8,79.11,100,45,88,9872.7,16604.0,245.1,79.11,100,55,86,6969.7,6.6,27.0,29,27
1782816704.096,325.725,250.3,79.11,100,37,88,663.3,16523.5,252.7,79.11,100,62,83,20706.7,4.2,251.1,79.11,100,46,88,2.6,4.5,246.7,79.11,100,57,86,4276.9,14368.3,27.0,29,27
1782816704.539,326.168,251.1,79.11,100,40,88,4.4,4.0,249.9,79.11,100,56,83,1.8,7867.2,248.8,79.11,100,49,88,17411.3,10735.5,246.6,79.11,100,51,86,4.1,4.5,27.0,29,27
1782816704.982,326.611,250.8,79.11,100,41,87,20643.9,14929.0,248.6,79.11,100,55,83,1671.2,4.2,249.8,79.11,100,47,88,1.9,7.8,246.5,79.11,99,50,86,19742.9,14814.1,27.0,29,27
1782816705.424,327.053,250.1,79.11,100,42,88,3.4,4.2,249.9,79.11,100,50,83,10044.1,14395.7,250.1,79.11,99,44,88,12192.3,4.0,248.2,79.11,100,45,86,2.2,4.6,27.0,29,27
1782816705.866,327.495,249.5,79.11,100,47,88,18891.6,1467.1,251.3,79.11,99,47,82,3.3,4.3,250.6,79.11,100,41,88,1082.8,16816.9,248.7,79.11,99,42,86,20750.4,5.1,27.0,29,27
1782816706.310,327.938,249.7,79.11,100,45,88,1.7,17114.6,251.3,79.11,99,47,82,20704.5,5.4,249.7,79.11,100,39,87,2.1,546.4,248.7,79.11,99,42,86,19708.3,17195.4,27.0,29,27
1782816706.751,328.380,247.9,79.11,100,36,87,20713.3,14261.8,248.9,79.11,100,42,82,6.6,5.3,249.7,79.11,100,39,87,2266.0,15499.4,246.9,79.11,100,40,86,19684.0,5.3,27.0,29,27
1782816707.198,328.826,249.2,79.11,98,39,88,19167.8,14744.2,249.6,79.11,100,45,83,11318.0,4.2,250.6,79.11,100,41,88,1.9,4.3,244.7,79.11,100,45,86,16629.6,14957.6,30.0,33,23
1782816707.640,329.269,249.2,79.11,98,39,88,4.3,3.6,244.2,79.11,100,51,83,1.7,3.9,241.7,79.11,99,24,88,15750.6,13982.1,237.0,79.11,100,49,85,6431.7,6.7,30.0,33,23
1782816708.086,329.715,252.0,79.11,100,60,88,1.8,3.9,250.3,79.11,100,64,83,16650.6,13976.4,246.4,79.11,99,50,88,6667.9,4.3,243.6,79.11,100,59,86,2.7,4.3,30.0,33,23
1782816708.527,330.156,250.2,79.11,100,40,87,20710.0,17108.3,257.3,79.11,100,59,83,2.5,4.5,259.4,79.11,100,64,88,1.9,3863.6,254.3,79.11,100,61,86,17525.1,14994.5,30.0,33,23
1782816708.968,330.597,250.5,79.11,100,39,87,3.2,16868.0,250.3,79.11,100,56,83,18567.0,1753.0,253.1,79.11,100,51,88,4.7,4.7,249.0,79.11,100,54,86,20326.3,16533.7,30.0,33,23
1782816709.411,331.040,250.4,79.11,100,35,87,18164.2,16915.1,247.7,79.11,100,41,83,2.1,5.4,248.7,79.11,99,39,88,3464.6,15088.7,245.0,79.11,100,39,85,18527.7,5.5,30.0,33,23
1782816709.852,331.481,249.6,79.11,100,35,88,5259.0,4.7,247.1,79.11,100,41,82,2.9,6634.7,247.5,79.11,99,39,87,18262.4,10269.7,239.2,79.11,100,40,85,8.5,4.9,30.0,33,23
1782816710.294,331.923,248.1,79.11,100,36,87,20705.6,4.5,247.1,79.11,100,41,82,4.4,4.5,252.2,79.11,100,55,88,1118.0,16551.6,239.2,79.11,100,40,85,20752.5,4.6,30.0,33,23
1782816710.736,332.364,249.5,79.11,99,36,87,349.3,16230.9,251.6,79.11,99,50,83,20069.1,7.2,252.2,79.11,100,55,88,3.8,4.4,244.1,79.11,99,51,86,18748.7,14295.3,30.0,33,23
1782816711.181,332.810,250.9,79.11,100,38,87,1.8,4.1,251.7,79.11,100,49,83,1959.8,15520.4,253.1,79.11,100,57,88,20262.5,4.2,245.2,79.11,100,48,86,2.2,4.3,30.0,33,23
1782816711.624,333.253,250.9,79.11,100,38,87,17326.0,6242.0,249.1,79.11,100,57,83,8.4,4.3,248.5,79.11,99,51,88,1083.4,16802.7,244.8,79.11,99,52,86,20764.2,7.1,30.0,33,23
1782816712.072,333.700,251.0,79.11,100,39,88,1.7,8443.7,250.0,79.11,99,54,83,17453.6,10836.9,248.6,79.11,100,46,88,4.4,4.4,246.9,79.11,99,49,86,1.7,13419.6,30.0,33,23
1782816712.513,334.142,250.3,79.11,100,40,88,1.8,4.2,250.5,79.11,100,43,82,1.8,244.5,249.3,79.11,100,40,88,19047.1,17191.7,247.0,79.11,99,40,85,1.8,4.6,30.0,33,23
1782816712.954,334.583,249.7,79.11,100,47,88,20713.2,17113.3,249.8,79.11,99,44,82,1.8,4.7,249.7,79.11,99,42,88,2.8,13175.7,246.2,79.11,99,41,85,19088.4,4311.9,30.0,33,23
1782816713.399,335.028,249.2,79.11,99,43,88,18252.8,13564.7,251.3,79.11,99,43,83,3.7,5.2,250.8,79.11,99,40,88,7872.2,14754.5,247.6,79.11,99,43,86,14497.0,5.7,30.0,33,23
1782816713.842,335.471,248.9,79.11,100,35,88,7905.1,5.2,251.3,79.11,99,43,83,3.0,11716.4,249.8,79.11,99,40,87,25779.7,17192.2,244.3,79.11,99,40,85,24119.4,15672.2,33.0,37,19
1782816714.290,335.919,242.6,79.11,99,15,88,19042.8,14285.2,250.8,79.11,99,42,83,4005.9,4.0,244.0,79.11,100,48,87,2.6,3.9,244.3,79.11,99,40,85,1155.1,16745.2,33.0,37,19
1782816714.732,336.361,249.8,79.11,100,53,87,20709.8,10.0,246.5,79.11,100,47,83,8.3,4.6,244.0,79.11,100,48,87,1093.2,16826.7,237.0,79.11,99,46,86,20121.4,510.7,33.0,37,19
1782816715.177,336.806,253.9,79.11,100,51,88,1.6,3.8,248.0,79.11,99,44,82,528.4,17143.1,246.7,79.11,100,41,88,20751.0,9.3,240.3,79.11,99,40,85,3.4,4.5,33.0,37,19
1782816715.618,337.247,253.9,79.11,100,51,88,17314.0,4007.2,250.9,79.11,99,59,83,2.8,4.3,252.9,79.11,100,50,88,1094.5,16789.3,248.5,79.11,99,53,86,19681.3,13.3,33.0,37,19
1782816716.071,337.700,250.2,79.11,100,41,88,16410.7,5.2,249.1,79.11,99,42,82,2.1,9870.4,250.9,79.11,99,40,88,17659.3,8375.4,246.0,79.11,99,40,85,2.1,5.4,33.0,37,19
1782816716.512,338.141,248.6,79.11,100,36,87,2.1,1993.7,250.2,79.11,99,43,82,18252.1,16343.9,249.7,79.11,100,39,88,2.9,5.4,244.3,79.11,100,41,85,3464.5,14843.4,33.0,37,19
1782816716.955,338.583,248.0,79.11,100,34,87,7.7,8250.2,253.0,79.11,100,48,83,18046.0,10460.0,251.8,79.11,100,46,88,1.9,4.5,244.6,79.11,100,46,86,1.8,12105.9,33.0,37,19
1782816717.399,339.028,252.1,79.11,100,41,88,1.9,4.6,250.9,79.11,100,46,83,3.5,16047.1,250.8,79.11,100,44,88,17568.6,2622.4,244.6,79.11,100,42,86,3.5,4.2,33.0,37,19
1782816717.840,339.469,252.7,79.11,100,52,88,17464.5,14870.1,250.9,79.11,100,46,83,2.7,4.3,247.6,79.11,100,40,88,2.1,12475.4,243.1,79.11,99,42,85,23638.5,7.4,33.0,37,19
1782816718.292,339.921,250.3,79.11,100,51,88,2.7,3.5,247.1,79.11,99,46,82,20232.6,17106.9,249.2,79.11,100,41,88,1.9,4.5,243.1,79.11,99,42,85,1.8,1963.1,33.0,37,19
1782816718.735,340.364,250.9,79.11,100,49,88,14614.5,10.1,250.0,79.11,100,44,82,8.5,30.0,249.2,79.11,100,41,88,19725.8,17193.0,246.5,79.11,100,41,85,2.5,4.7,33.0,37,19
1782816719.187,340.815,249.0,79.11,100,46,88,18219.3,14491.7,250.1,79.11,100,44,82,4692.2,4.5,249.8,79.11,100,43,87,4.2,3.6,246.7,79.11,100,40,85,17597.5,14215.0,33.0,37,19
1782816719.628,341.257,249.0,79.11,100,46,88,1.8,4.2,249.5,79.11,100,44,82,3341.7,14614.9,249.4,79.11,100,42,87,18630.1,7.5,248.0,79.11,100,40,85,8.3,557.7,33.0,37,19
1782816720.077,341.706,249.3,79.11,100,42,88,1.9,5.1,250.0,79.11,99,42,82,517.1,17111.8,250.8,79.11,100,40,88,20748.6,5.3,247.8,79.11,99,39,85,3.0,580.1,33.0,37,19
1782816720.519,342.147,249.0,79.11,100,36,88,1.9,1497.9,249.9,79.11,100,45,82,18470.9,17007.8,249.6,79.11,100,44,88,3.4,5.1,243.4,79.11,100,41,85,1121.0,16764.0,33.0,37,19
1782816720.961,342.589,250.0,79.11,100,36,88,2.0,6.9,243.5,79.11,99,12,82,1.7,17137.1,250.9,79.11,100,43,87,20746.8,4.4,235.7,79.11,100,12,86,1.7,4.4,35.0,41,15
1782816721.403,343.032,247.9,79.11,100,45,88,1.7,17110.2,249.7,79.11,99,52,83,20708.2,4.4,248.2,79.11,100,60,87,1.8,4.6,241.4,79.11,100,52,86,3.3,5994.2,35.0,41,15
1782816721.847,343.476,251.2,79.11,100,46,87,20706.5,3.8,249.7,79.11,99,52,83,3.4,4.0,245.7,79.11,99,42,87,1095.9,16808.5,248.5,79.11,99,41,86,20754.4,6.8,35.0,41,15
1782816722.290,343.919,254.2,79.11,100,57,88,1.8,4.2,253.7,79.11,99,45,83,20255.1,17109.4,250.6,79.11,100,42,88,2.0,4.5,248.5,79.11,99,41,86,1.9,867.4,35.0,41,15
1782816722.734,344.363,250.5,79.11,100,47,88,5.2,10.5,247.9,79.11,99,41,82,20744.8,17112.3,250.6,79.11,100,42,88,2.1,5.5,245.6,79.11,99,40,85,1.9,17095.8,35.0,41,15
1782816723.183,344.812,250.2,79.11,99,34,88,3094.4,14674.3,250.3,79.11,99,44,83,19067.2,5.7,248.8,79.11,99,40,87,4.3,5590.6,246.2,79.11,100,45,86,17887.1,12887.1,35.0,41,15
1782816723.624,345.253,250.2,79.11,99,34,88,17794.7,11408.9,250.3,79.11,100,40,83,3.6,4.9,249.9,79.11,100,40,87,2536.7,15300.9,243.8,79.11,100,38,85,19688.6,9.9,35.0,41,15
1782816724.073,345.702,249.3,79.11,100,37,88,12672.7,14268.3,247.6,79.11,99,41,82,10532.3,4.5,248.5,79.11,100,40,88,3.5,10.4,238.9,79.11,99,40,85,19762.5,15798.2,35.0,41,15
1782816724.515,346.144,250.7,79.11,100,46,88,1.7,4.3,249.4,79.11,99,42,82,16650.5,14189.2,250.0,79.11,100,39,87,6104.6,4.6,242.4,79.11,99,41,85,3.5,528.0,35.0,41,15
1782816724.956,346.585,250.2,79.11,100,41,88,20707.7,6.9,250.8,79.11,99,44,82,1.8,4.3,251.3,79.11,100,41,87,1112.2,16760.0,247.4,79.11,100,41,85,20762.4,4.3,35.0,41,15
1782816725.402,347.031,249.1,79.11,100,43,88,1.7,2776.5,250.4,79.11,100,43,82,18541.6,15527.0,250.0,79.11,100,40,87,2.5,4.5,247.4,79.11,100,40,85,3.8,3952.5,35.0,41,15
1782816725.845,347.474,251.0,79.11,100,44,88,8117.9,10.1,250.4,79.11,100,43,82,2.8,11.4,249.8,79.11,100,40,87,19734.6,17203.5,245.9,79.11,99,41,85,5.0,7.3,35.0,41,15
1782816726.291,347.920,250.2,79.11,100,39,88,4010.7,14261.8,249.9,79.11,99,43,82,18867.6,5.1,250.3,79.11,100,40,88,3.5,4.5,245.9,79.11,99,41,85,9012.1,14463.1,35.0,41,15
1782816726.733,348.362,250.1,79.11,99,39,88,4.9,10.3,249.3,79.11,100,43,82,15243.1,14300.0,250.3,79.11,100,40,88,7293.6,4.7,246.0,79.11,100,40,85,2.5,590.5,35.0,41,15
1782816727.184,348.812,249.9,79.11,100,35,88,2.0,4.8,250.0,79.11,100,42,83,20244.7,17107.7,249.2,79.11,100,39,87,3.8,5.6,246.1,79.11,100,41,86,1104.4,16775.7,35.0,41,15
1782816727.628,349.256,249.9,79.11,100,35,88,2.0,19067.9,247.8,79.11,100,42,82,23752.8,16048.3,247.5,79.11,100,41,87,28682.3,16068.2,242.6,79.11,100,40,85,26770.8,17215.4,38.0,45,11
1782816728.080,349.709,249.0,79.11,100,36,87,1.7,3.4,242.8,79.11,99,52,83,1.8,9.0,242.9,79.11,98,12,87,17155.9,14032.4,235.1,79.11,99,52,86,4698.1,4.4,38.0,45,11
1782816728.520,350.149,248.6,79.11,99,42,88,1.7,4.0,248.8,79.11,99,43,82,542.0,17120.3,247.9,79.11,100,47,87,20751.4,4.2,241.3,79.11,100,40,85,3.4,4.3,38.0,45,11
1782816728.962,350.591,251.5,79.11,100,53,88,20707.2,15733.0,253.6,79.11,100,45,82,687.2,4.5,252.6,79.11,100,43,88,2.8,546.3,248.5,79.11,100,41,85,19726.7,17215.4,38.0,45,11
1782816729.412,351.041,252.4,79.11,100,49,87,1.8,4.0,247.4,79.11,100,42,82,15884.6,14385.5,247.7,79.11,100,40,88,6782.2,5.3,244.1,79.11,100,39,85,3.8,11434.8,38.0,45,11
1782816729.852,351.481,248.7,79.11,100,39,88,3.7,15907.2,251.0,79.11,99,41,83,17701.7,2707.1,250.2,79.11,100,40,88,10.0,545.1,245.9,79.11,100,39,86,19704.2,17213.3,38.0,45,11
1782816730.297,351.926,249.9,79.11,99,38,88,17559.1,7015.9,251.0,79.11,99,41,83,3.0,9.9,249.9,79.11,100,38,88,14660.8,14877.3,245.9,79.11,100,39,86,7308.9,5.1,38.0,45,11
1782816730.736,352.365,249.8,79.11,100,37,87,17759.9,7155.9,251.3,79.11,100,44,83,10.4,6.5,249.9,79.11,100,38,88,1107.6,16778.1,243.7,79.11,100,43,86,20754.8,4.6,38.0,45,11
1782816731.183,352.812,250.6,79.11,100,46,88,1.7,17114.8,248.4,79.11,100,44,82,20704.6,4.1,247.7,79.11,100,40,88,3.5,4.3,240.3,79.11,100,41,85,1143.2,16775.3,38.0,45,11
1782816731.623,353.252,250.6,79.11,100,46,88,1.8,4.2,248.2,79.11,100,43,82,3.4,15592.8,249.4,79.11,100,40,87,16576.1,3990.2,242.3,79.11,100,40,85,11.8,7.1,38.0,45,11
1782816732.068,353.697,249.6,79.11,100,46,88,20709.4,17107.5,249.8,79.11,100,44,82,1.8,4.5,251.9,79.11,99,42,87,2.8,3178.2,246.5,79.11,99,40,85,17645.8,15543.9,38.0,45,11
1782816732.509,354.138,249.0,79.11,99,45,88,1.8,4.3,249.6,79.11,99,45,82,8358.5,14324.2,250.5,79.11,100,41,87,14207.9,4.6,248.3,79.11,100,42,85,3.6,3.9,38.0,45,11
1782816732.950,354.578,250.4,79.11,100,43,88,20708.8,5.0,249.4,79.11,99,43,82,3.4,4.2,249.2,79.11,100,40,88,1727.1,15772.4,246.6,79.11,99,41,86,20266.9,4.7,38.0,45,11
1782816733.439,355.068,250.5,79.11,100,40,87,20706.7,4.7,250.5,79.11,100,44,82,1.9,4.5,250.4,79.11,100,41,87,4659.6,14759.1,246.5,79.11,100,41,86,17680.6,4.9,38.0,45,11
1782816733.882,355.511,249.8,79.11,100,37,87,17763.8,16219.6,251.1,79.11,100,45,83,2.1,5.9,250.2,79.11,100,50,88,11771.8,16025.8,245.6,79.11,100,42,86,4593.0,5.4,38.0,45,11
1782816734.333,355.962,251.2,79.11,100,40,88,7123.5,5.1,251.1,79.11,100,45,83,2.9,8465.4,247.7,79.11,100,39,87,17632.6,10270.6,242.7,79.11,100,40,86,2.9,5.3,41.0,49,7
1782816734.775,356.403,247.3,79.11,98,18,87,20707.8,8.8,248.7,79.11,100,42,83,2.7,4.2,242.4,79.11,99,63,88,1072.7,16797.4,242.7,79.11,100,40,86,20759.0,4.3,41.0,49,7
1782816735.229,356.858,248.4,79.11,99,41,87,1.7,3.7,246.4,79.11,99,61,83,3.4,83.0,242.4,79.11,99,63,88,19720.8,17198.3,238.0,79.11,99,61,86,3.4,4.3,41.0,49,7
1782816735.670,357.299,250.1,79.11,99,49,88,1.8,6303.1,247.5,79.11,100,43,82,16998.9,12974.5,247.7,79.11,100,41,86,8.5,7.8,240.5,79.11,100,40,85,7.4,671.9,41.0,49,7
1782816736.117,357.746,250.1,79.11,99,49,88,9738.1,4.4,251.9,79.11,99,43,82,3.5,3.7,254.2,79.11,100,42,88,20316.6,17201.3,246.5,79.11,99,40,85,3.7,4.9,41.0,49,7
1782816736.558,358.187,251.0,79.11,100,48,88,20054.4,4.7,249.7,79.11,99,42,83,2.8,57.3,249.0,79.11,100,40,87,19704.5,17207.3,245.3,79.11,100,40,86,3.0,7.1,41.0,49,7
1782816737.007,358.636,248.7,79.11,100,36,88,2.1,4.5,249.4,79.11,99,41,82,20229.0,17108.0,249.5,79.11,99,38,88,2.2,5.7,243.2,79.11,99,39,85,7393.7,14941.7,41.0,49,7
1782816737.450,359.078,247.3,79.11,100,35,87,3.5,17112.9,249.4,79.11,100,47,83,19815.9,810.2,249.3,79.11,100,42,88,3.0,4.9,241.6,79.11,100,46,86,17449.1,14446.5,41.0,49,7
1782816737.892,359.520,251.3,79.11,100,39,88,1.8,4.2,251.0,79.11,99,42,83,8124.1,14552.5,249.5,79.11,100,41,87,13902.3,4.9,243.6,79.11,100,40,86,2.0,583.9,41.0,49,7
1782816738.334,359.963,251.0,79.11,100,37,88,6832.7,4.2,251.0,79.11,99,42,83,3.6,3.7,251.1,79.11,100,38,87,20271.2,15123.1,245.8,79.11,100,43,85,1046.8,4.9,41.0,49,7
1782816738.776,360.405,248.4,79.11,100,38,87,6675.0,14313.3,250.7,79.11,100,45,82,15568.3,6.0,252.1,79.11,100,42,87,3.1,4.4,245.8,79.11,100,43,85,13175.0,14308.1,41.0,49,7
1782816739.223,360.852,250.1,79.11,100,38,87,1.8,4.1,251.2,79.11,100,44,82,516.2,17151.0,252.1,79.11,100,42,87,20748.3,4.3,247.8,79.11,100,42,86,3.5,4.4,41.0,49,7
1782816739.664,361.293,250.0,79.11,100,38,88,18474.5,1789.2,249.9,79.11,100,46,83,1.9,7.2,251.4,79.11,100,49,87,1702.4,16014.6,247.0,79.11,100,47,86,20262.5,6.6,41.0,49,7
1782816740.106,361.735,250.0,79.11,100,38,88,1.8,17113.0,250.1,79.11,100,59,83,20704.6,5.0,249.8,79.11,100,52,88,3.6,4.4,246.9,79.11,100,57,86,2561.8,15291.0,41.0,49,7
1782816740.549,362.178,250.3,79.11,100,38,87,2.6,4.0,249.3,79.11,100,52,83,20236.9,17108.1,248.6,79.11,100,54,88,2.9,5.7,244.6,79.11,100,49,86,1108.6,16757.7,41.0,49,7
1782816740.991,362.620,250.7,79.11,100,42,88,9942.5,14671.1,249.4,79.11,100,42,83,12800.0,5.7,247.2,79.11,100,40,87,3.7,9759.7,242.5,79.11,100,40,86,17875.8,8604.3,41.0,49,7
1782816741.433,363.062,249.8,79.11,99,35,88,15531.9,4.1,246.9,79.11,98,22,82,3.5,2873.9,247.0,79.11,100,40,87,21440.6,3953.6,239.3,79.11,98,21,85,3.4,3.8,44.0,53,3
1782816741.875,363.504,248.3,79.11,100,49,88,1.7,3.1,249.6,79.11,99,53,82,18054.3,10365.2,246.6,79.11,99,52,87,6.0,6.7,240.0,79.11,99,50,85,8660.5,17628.8,44.0,53,3
1782816742.316,363.945,250.5,79.11,100,44,87,21112.9,2729.3,249.6,79.11,99,53,82,3.6,6.0,250.1,79.11,99,49,88,14968.7,12420.6,240.0,79.11,99,50,85,5.4,4.4,44.0,53,3
1782816742.758,364.387,253.8,79.11,100,37,88,22079.5,5917.9,254.4,79.11,100,53,82,5.2,8745.8,250.1,79.11,99,49,88,19142.1,6.5,248.8,79.11,100,50,85,2.0,13013.0,44.0,53,3
1782816743.201,364.830,248.1,79.11,99,28,88,555.2,18029.1,250.6,79.11,100,48,82,7397.1,5.9,253.8,79.11,100,37,88,15594.2,12898.3,245.6,79.11,100,46,85,2.1,4.8,44.0,53,3
1782816743.644,365.273,248.1,79.11,99,28,88,10200.7,4.1,249.7,79.11,100,38,83,2.6,12905.6,248.6,79.11,100,41,88,14502.1,10.6,242.3,79.11,99,36,86,1104.7,12980.1,44.0,53,3
1782816744.099,365.728,248.5,79.11,100,41,88,5869.1,10.1,251.3,79.11,99,48,82,494.9,13309.5,248.1,79.11,99,47,87,12230.4,4.6,244.1,79.11,99,46,86,1.9,12710.8,44.0,53,3
1782816744.541,366.170,249.6,79.11,100,41,88,21609.9,5745.2,248.9,79.11,99,50,82,2.7,4.0,251.7,79.11,99,44,88,15614.8,12897.0,243.9,79.11,99,48,85,1.8,4.4,44.0,53,3
1782816744.982,366.611,250.1,79.11,100,43,88,5.0,12840.4,249.9,79.11,99,53,82,15041.1,4.4,250.5,79.11,99,48,87,1.9,12380.7,246.1,79.11,99,49,85,15565.9,4.7,44.0,53,3
1782816745.423,367.051,250.2,79.11,100,41,87,1.8,9.2,251.1,79.11,100,49,83,15558.9,12643.9,250.0,79.11,100,48,88,1.9,4.3,247.8,79.11,99,47,86,14230.7,13905.8,44.0,53,3
1782816745.863,367.492,249.3,79.11,100,42,88,3.5,4.3,249.8,79.11,100,48,82,14822.2,13207.8,250.6,79.11,100,40,87,2.1,7.3,245.9,79.11,100,46,86,15912.6,11712.1,44.0,53,3
1782816746.306,367.935,249.1,79.11,99,31,88,15534.5,12831.4,249.8,79.11,100,48,82,2.0,31.2,248.0,79.11,99,36,88,19324.1,8883.5,245.9,79.11,100,46,86,2.1,5828.1,46.0,61,0
1782816746.748,368.377,251.9,79.11,100,41,88,6521.5,6450.1,249.8,79.11,99,48,83,7130.8,7570.0,248.0,79.11,99,36,88,8656.0,9924.2,244.7,79.11,99,45,85,7108.9,12273.2,46.0,61,0
1782816747.191,368.819,251.9,79.11,100,43,87,6165.1,6738.7,251.9,79.11,100,51,82,6755.7,7401.0,249.7,79.11,100,48,87,8245.0,9272.1,243.7,79.11,100,48,85,7213.0,11872.4,46.0,61,0
1782816747.632,369.261,251.9,79.11,100,43,87,6105.3,4912.6,251.8,79.11,100,54,82,7578.4,7112.8,253.3,79.11,100,51,87,6906.1,10373.3,246.1,79.11,100,51,85,7684.7,10538.9,46.0,61,0
1782816748.077,369.706,250.6,79.11,100,45,87,5961.2,5072.9,251.1,79.11,100,54,82,7753.3,7452.5,252.3,79.11,100,51,87,7048.9,11615.4,250.3,79.11,100,51,85,7137.7,10845.1,46.0,61,0
1782816748.525,370.153,250.0,79.11,100,45,87,7337.8,5112.5,250.1,79.11,100,55,82,6243.7,7662.4,250.9,79.11,100,53,87,6777.6,9105.8,251.9,79.11,100,51,85,7375.6,11956.9,46.0,61,0
1782816748.964,370.593,250.0,79.11,100,46,87,5831.2,4792.6,250.0,79.11,100,55,82,6832.6,7148.8,250.2,79.11,100,52,87,6323.0,10253.2,252.5,79.11,100,52,85,7319.6,10342.5,47.0,64,0
1782816749.409,371.037,250.0,79.11,100,46,87,7472.1,5080.5,250.0,79.11,100,56,82,6079.7,8011.7,250.1,79.11,100,53,87,6905.5,8529.9,252.5,79.11,100,52,85,8547.7,10908.3,47.0,64,0
1782816749.852,371.481,250.0,79.11,100,46,87,5697.1,6254.3,250.0,79.11,100,56,82,6525.7,6774.2,249.9,79.11,100,52,87,8018.8,9488.5,251.4,79.11,100,51,85,7071.6,11637.2,47.0,64,0
1782816750.293,371.922,250.0,79.11,100,46,87,6150.6,4811.9,250.1,79.11,100,55,82,6546.9,7787.8,250.0,79.11,100,52,87,6757.4,8772.0,251.4,79.11,100,51,85,8359.6,10709.8,47.0,64,0
1782816750.736,372.364,250.0,79.11,100,46,87,5907.0,6716.3,249.9,79.11,100,55,82,6571.1,6835.6,250.0,79.11,100,52,87,8069.3,9234.9,250.2,79.11,100,51,85,6522.6,11895.3,47.0,64,0
1782816751.183,372.811,250.1,79.11,100,46,87,5988.7,4874.0,250.0,79.11,100,56,82,7658.5,7301.3,250.1,79.11,100,52,87,6562.8,10018.1,250.1,79.11,100,52,85,6907.0,10233.4,47.0,64,0
1782816751.623,373.252,250.1,79.11,100,46,87,7466.3,5084.7,250.0,79.11,100,55,82,6215.5,7671.1,250.0,79.11,100,52,87,8358.7,8760.4,250.0,79.11,100,52,85,9469.2,10972.0,47.0,64,0
1782816752.073,373.702,250.0,79.11,100,45,87,5684.0,6193.0,250.0,79.11,100,54,82,6512.3,7227.8,250.0,79.11,100,53,87,7992.6,9607.9,249.9,79.11,100,51,85,6922.7,12166.7,47.0,64,0
1782816752.518,374.146,250.0,79.11,100,46,87,5988.9,4946.0,250.0,79.11,100,55,82,7270.5,7303.6,249.9,79.11,100,52,87,6924.4,8572.3,249.9,79.11,100,51,85,8518.5,10319.5,47.0,64,0
1782816752.959,374.588,250.0,79.11,100,45,87,5828.5,6560.3,250.1,79.11,100,56,82,6479.7,6499.9,249.9,79.11,100,52,87,8049.1,9532.1,250.0,79.11,100,52,85,6973.7,12062.6,47.0,64,0
1782816753.402,375.031,250.0,79.11,100,45,87,6152.2,4678.1,250.1,79.11,100,56,82,7652.5,7580.1,249.8,79.11,100,52,87,6691.2,10768.9,250.0,79.11,100,52,85,7087.2,10401.8,47.0,64,0
1782816753.844,375.473,250.0,79.11,100,45,87,7499.1,5094.2,250.1,79.11,100,56,82,6457.7,7737.6,250.0,79.11,100,52,87,6565.6,9319.9,249.9,79.11,100,51,85,7007.9,11576.6,47.0,64,0
1782816754.287,375.916,250.0,79.11,100,45,87,5844.0,4902.3,249.9,79.11,100,55,82,6892.5,7048.4,250.1,79.11,100,52,87,6356.6,10472.9,249.9,79.11,100,51,85,7155.0,10440.6,48.0,64,0
1782816754.732,376.361,250.0,79.11,100,46,87,7502.1,5961.2,249.9,79.11,100,56,82,5871.6,8025.3,250.1,79.11,100,52,87,6876.2,8842.3,250.0,79.11,100,52,85,8361.8,10360.3,48.0,64,0
1782816755.181,376.810,249.9,79.11,100,45,87,5668.4,6046.8,250.0,79.11,100,55,82,6443.1,7223.1,249.9,79.11,100,52,87,7976.3,9088.1,249.9,79.11,100,52,85,6845.2,10878.1,48.0,64,0
1782816755.623,377.252,249.9,79.11,100,45,87,6474.7,4931.3,250.0,79.11,100,55,82,6073.7,7699.3,250.0,79.11,100,53,87,8439.1,9107.6,250.2,79.11,100,52,85,9730.1,10671.4,48.0,64,0
1782816756.082,377.711,250.0,79.11,100,45,87,7281.2,4813.2,249.9,79.11,100,56,82,6024.9,7345.4,250.0,79.11,100,52,87,6729.2,8834.7,250.2,79.11,100,52,85,6792.0,12143.0,48.0,64,0
1782816756.524,378.153,250.1,79.11,100,46,87,6059.0,4811.3,250.0,79.11,100,55,82,7947.2,7374.2,250.0,79.11,100,53,87,6456.8,9974.6,249.9,79.11,100,51,85,7157.8,10251.5,48.0,64,0
1782816756.967,378.596,250.0,79.11,100,45,87,7921.9,5111.2,250.0,79.11,100,55,82,6115.6,7883.8,249.9,79.11,100,53,87,6948.3,8918.7,249.9,79.11,100,52,85,8387.2,10734.8,48.0,64,0
1782816757.412,379.040,250.0,79.11,100,46,87,5669.1,6412.2,250.0,79.11,100,55,82,6375.8,7193.2,249.9,79.11,100,52,87,8000.1,9514.9,249.9,79.11,100,51,85,6811.5,11871.3,48.0,64,0
1782816757.854,379.483,250.0,79.11,100,45,87,6150.4,4836.2,250.0,79.11,100,55,82,7756.9,7232.3,250.1,79.11,100,53,87,6611.4,10155.4,250.0,79.11,100,52,85,7258.6,10065.7,48.0,64,0
1782816758.296,379.925,250.0,79.11,100,45,87,7456.7,5092.6,250.1,79.11,100,55,82,6299.8,7775.0,249.9,79.11,100,52,87,6844.4,8543.8,250.0,79.11,100,52,85,8327.9,10801.3,48.0,64,0
1782816758.743,380.372,249.9,79.11,100,45,87,6013.0,6607.1,249.9,79.11,100,55,82,6507.5,7141.2,249.9,79.11,100,52,87,8250.9,9364.3,249.9,79.11,100,51,85,7009.3,10873.1,48.0,64,0
1782816759.187,380.815,250.0,79.11,100,45,87,5995.7,4882.2,250.0,79.11,100,55,82,6481.8,8004.6,249.9,79.11,100,52,87,6749.1,9202.1,249.9,79.11,100,51,85,8538.5,10849.4,48.0,64,0
1782816759.629,381.258,250.0,79.11,100,45,87,5835.4,6307.6,250.0,79.11,100,55,82,6352.5,6869.3,250.1,79.11,100,52,87,8047.7,8807.7,250.1,79.11,100,51,85,7111.9,11645.6,49.0,64,0
1782816760.073,381.702,249.9,79.11,100,45,87,6159.0,4949.0,250.0,79.11,100,55,82,7712.1,7131.4,250.1,79.11,100,52,87,6387.0,10335.3,250.1,79.11,100,52,85,7235.3,10241.1,49.0,64,0
1782816760.521,382.150,249.9,79.11,100,46,87,7322.6,5182.7,250.0,79.11,100,55,82,5857.0,7708.5,250.0,79.11,100,52,87,6869.9,9244.4,250.1,79.11,100,52,85,8359.1,10718.6,49.0,64,0
1782816760.967,382.596,250.1,79.11,100,46,87,5666.6,6042.5,250.0,79.11,100,55,82,6831.1,6758.7,250.1,79.11,100,53,87,8006.8,8888.6,250.0,79.11,100,51,85,6905.6,11346.5,49.0,64,0
1782816761.409,383.038,250.0,79.11,100,45,87,6291.8,5079.1,250.0,79.11,100,56,82,7827.9,7735.7,250.0,79.11,100,53,87,6542.6,8876.1,250.1,79.11,100,53,85,8520.1,10547.3,49.0,64,0
1782816761.851,383.480,250.0,79.11,100,46,87,7446.6,4946.6,250.0,79.11,100,56,82,6233.7,7712.6,250.0,79.11,100,51,87,7181.1,9122.7,249.9,79.11,100,51,85,6846.6,12146.0,49.0,64,0
1782816762.295,383.924,249.9,79.11,100,45,87,6003.0,4607.2,249.9,79.11,100,54,82,7623.5,7149.7,250.0,79.11,100,53,87,6854.9,10318.5,249.9,79.11,100,51,85,7175.4,10100.4,49.0,64,0
1782816762.737,384.366,250.0,79.11,100,45,87,7178.4,5921.0,250.1,79.11,100,55,82,7942.8,7323.3,250.0,79.11,100,53,87,6763.6,9094.2,249.9,79.11,100,52,85,7583.1,10653.4,49.0,64,0
1782816763.190,384.818,250.1,79.11,100,45,87,7650.4,5131.3,250.1,79.11,100,55,82,6281.6,8238.2,249.8,79.11,100,51,87,6868.2,8877.1,249.9,79.11,100,51,85,7338.1,11097.3,49.0,64,0
1782816763.633,385.262,250.1,79.11,100,45,87,6150.5,5009.6,250.1,79.11,100,56,82,7019.1,6700.8,250.2,79.11,100,53,87,6232.3,10502.2,250.1,79.11,100,52,85,7224.8,10146.1,49.0,64,0
1782816764.079,385.708,250.0,79.11,100,46,87,7361.0,4912.2,250.1,79.11,100,56,82,5952.2,8238.0,250.1,79.11,100,52,87,6846.5,8678.4,250.0,79.11,100,52,85,8508.4,10515.9,49.0,64,0
1782816764.521,386.150,249.9,79.11,100,45,87,5826.8,6206.8,249.9,79.11,100,55,82,6503.9,6875.1,250.0,79.11,100,53,87,8296.5,9106.0,250.1,79.11,100,52,85,6516.9,11558.0,49.0,64,0
1782816764.962,386.591,250.0,79.11,100,45,87,6154.2,4680.6,250.0,79.11,100,55,82,7784.9,6694.6,249.9,79.11,100,52,87,6579.4,9608.2,250.1,79.11,100,52,85,7278.6,10473.4,50.0,64,0
1782816765.408,387.037,250.1,79.11,100,45,87,6116.2,5955.5,249.9,79.11,100,55,82,6339.7,6974.4,250.0,79.11,100,52,87,8030.5,9076.9,249.9,79.11,100,51,85,6624.1,11846.9,50.0,64,0
1782816765.850,387.479,250.0,79.11,100,45,87,6150.5,4991.7,249.9,79.11,100,55,82,7643.7,6942.5,250.0,79.11,100,52,87,6422.7,10689.3,249.9,79.11,100,51,85,7334.3,11196.9,50.0,64,0
1782816766.295,387.923,250.1,79.11,100,46,87,7472.9,5112.5,250.0,79.11,100,55,82,5970.1,8149.2,249.9,79.11,100,52,87,6897.5,8702.3,249.9,79.11,100,51,85,8914.8,11193.1,50.0,64,0
1782816766.740,388.369,249.9,79.11,100,45,87,5829.9,6531.0,250.0,79.11,100,55,82,6552.4,6783.7,249.9,79.11,100,52,87,8304.5,9257.0,249.8,79.11,100,51,85,6902.6,12025.8,50.0,64,0
1782816767.186,388.815,250.0,79.11,100,46,87,5854.2,4677.9,250.0,79.11,100,55,82,7859.1,7207.4,250.0,79.11,100,52,87,6680.5,10452.9,250.0,79.11,100,51,85,7294.4,10715.3,50.0,64,0
1782816767.628,389.257,250.0,79.11,100,46,87,7486.3,5079.3,250.0,79.11,100,54,82,6026.8,7913.6,249.9,79.11,100,52,87,7108.9,8741.9,250.0,79.11,100,51,85,8562.0,10828.7,50.0,64,0
1782816768.072,389.701,250.0,79.11,100,45,87,5658.7,6485.7,250.1,79.11,100,55,82,6598.1,6699.7,250.0,79.11,100,52,87,8086.3,9513.7,250.0,79.11,100,51,85,6748.8,11953.9,50.0,64,0
1782816768.514,390.143,250.0,79.11,100,46,87,6318.2,4850.5,250.0,79.11,100,55,82,7680.2,7481.2,250.0,79.11,100,52,87,6533.4,8897.7,250.0,79.11,100,52,85,8293.4,10472.0,50.0,64,0
1782816768.955,390.584,250.0,79.11,100,45,87,7274.8,5052.5,250.0,79.11,100,55,82,6527.7,6912.0,250.0,79.11,100,53,87,8227.5,9423.0,250.1,79.11,100,51,85,6864.2,12863.3,50.0,64,0
1782816769.869,391.497,249.9,79.11,100,45,87,5826.8,4914.5,250.0,79.11,100,55,82,6904.4,7034.2,250.0,79.11,100,53,87,6852.2,10742.3,249.9,79.11,100,51,85,7171.3,10724.3,50.0,64,0
1782816770.313,391.942,250.0,79.11,100,46,87,6150.8,4941.5,250.0,79.11,100,55,82,7510.7,7216.2,250.0,79.11,100,51,87,6860.1,9579.8,249.9,79.11,100,51,85,8653.6,9903.9,50.0,64,0
1782816770.755,392.384,250.0,79.11,100,45,87,8120.0,5213.2,250.0,79.11,100,54,82,6063.7,7807.9,250.0,79.11,100,51,87,6892.0,9198.8,250.0,79.11,100,51,85,8493.1,10567.3,50.0,64,0
1782816771.206,392.834,250.0,79.11,100,46,87,5671.1,6146.3,250.1,79.11,100,55,82,6868.8,7517.4,250.1,79.11,100,53,87,8028.8,8812.7,250.1,79.11,100,52,85,6975.4,11833.0,50.0,64,0
1782816771.650,393.279,250.0,79.11,100,46,87,6426.4,4924.5,249.9,79.11,100,54,82,8070.4,7811.9,249.9,79.11,100,51,87,6822.2,11913.1,249.8,79.11,100,51,85,7160.2,10689.8,50.0,64,0
1782816772.102,393.731,249.9,79.11,100,45,87,6594.3,5192.9,250.0,79.11,100,55,82,6180.0,8408.2,250.0,79.11,100,53,87,6684.4,8942.9,250.0,79.11,100,51,85,8576.2,10680.0,50.0,64,0
1782816772.543,394.172,250.0,79.11,100,46,87,7221.1,4912.3,250.0,79.11,100,54,82,6413.2,6717.5,250.0,79.11,100,51,87,8255.7,8979.4,249.9,79.11,100,51,85,6941.1,12047.2,50.0,64,0
1782816772.987,394.615,250.0,79.11,100,45,87,6155.2,4811.5,250.0,79.11,100,55,82,7933.4,7678.2,250.0,79.11,100,52,87,6585.2,10315.4,249.9,79.11,100,51,85,7288.4,10290.6,51.0,64,0
1782816773.430,395.058,250.0,79.11,100,45,87,6838.8,4883.8,250.0,79.11,100,55,82,6054.7,7996.1,250.0,79.11,100,52,87,6675.6,8801.3,250.1,79.11,100,51,85,8539.3,10571.2,51.0,64,0
1782816773.873,395.502,250.0,79.11,100,45,87,5666.2,6500.6,250.0,79.11,100,55,82,6612.0,7120.4,250.1,79.11,100,52,87,8144.6,8971.8,250.2,79.11,100,52,85,6690.3,12450.7,51.0,64,0
1782816774.315,395.944,250.0,79.11,100,46,87,6036.8,4820.2,250.0,79.11,100,55,82,7970.1,7468.8,250.0,79.11,100,52,87,6461.5,10210.4,250.2,79.11,100,52,85,7218.2,10326.2,51.0,64,0
1782816774.758,396.387,250.0,79.11,100,45,87,9255.2,4979.6,249.9,79.11,100,54,82,7700.2,7394.4,250.0,79.11,100,52,87,6589.5,8794.9,250.1,79.11,100,51,85,8622.3,10809.2,51.0,64,0
1782816775.205,396.834,250.0,79.11,100,45,87,7495.5,5155.6,250.0,79.11,100,55,82,6491.4,6761.6,250.0,79.11,100,52,87,8572.2,9477.0,249.9,79.11,100,51,85,6936.3,11632.6,51.0,64,0
1782816775.648,397.276,250.0,79.11,100,45,87,6070.0,6298.5,249.9,79.11,100,54,82,6740.8,7578.6,250.0,79.11,100,52,87,8093.7,10024.6,249.9,79.11,100,50,85,6756.3,11846.6,51.0,64,0
1782816776.100,397.729,250.0,79.11,100,45,87,6175.2,4610.1,250.0,79.11,100,54,82,7811.4,7253.0,249.9,79.11,100,52,87,6748.0,10487.2,250.1,79.11,100,51,85,7430.2,10440.2,51.0,64,0
1782816776.541,398.170,250.0,79.11,100,45,87,7551.1,5271.6,250.0,79.11,100,54,82,6333.1,8229.6,249.9,79.11,100,52,87,7184.3,9070.1,249.9,79.11,100,51,85,8526.1,10677.2,51.0,64,0
1782816776.985,398.614,250.0,79.11,100,45,87,5993.3,6421.3,250.0,79.11,100,55,82,6572.2,7155.2,250.0,79.11,100,51,87,8229.9,9264.0,250.0,79.11,100,51,85,6950.2,12191.4,51.0,64,0
1782816777.427,399.056,250.0,79.11,100,45,87,6115.4,4955.8,250.0,79.11,100,55,82,7837.0,6538.9,250.0,79.11,100,53,87,6556.5,10161.9,249.9,79.11,100,51,85,7437.8,10483.3,51.0,64,0
1782816777.871,399.499,250.0,79.11,100,45,87,6161.9,4945.6,250.0,79.11,100,54,82,7950.3,7254.4,250.1,79.11,100,51,87,6723.5,8813.5,250.0,79.11,100,50,85,7622.0,10405.4,51.0,64,0
1782816778.314,399.942,250.1,79.11,100,44,87,7645.2,5182.0,250.0,79.11,100,54,82,6285.5,8395.2,249.9,79.11,100,52,87,6808.7,9106.1,250.0,79.11,100,50,85,7382.3,11414.5,52.0,64,0
1782816778.756,400.385,250.0,79.11,100,45,87,6154.8,6688.2,250.0,79.11,100,55,82,6657.6,7256.4,249.9,79.11,100,52,87,8392.5,9180.7,250.0,79.11,100,51,85,6772.3,12028.1,52.0,64,0
1782816779.205,400.834,250.0,79.11,100,45,87,6229.1,4700.6,250.0,79.11,100,54,82,7824.2,7296.0,250.0,79.11,100,52,87,6500.5,10659.9,250.1,79.11,100,51,85,7191.5,10617.2,52.0,64,0
1782816779.648,401.277,250.0,79.11,100,45,87,7532.1,5194.2,250.0,79.11,100,55,82,5991.6,9103.9,249.9,79.11,100,52,87,7208.3,9969.8,250.1,79.11,100,52,85,8581.2,10798.6,52.0,64,0
1782816780.101,401.730,250.1,79.11,100,45,87,7248.5,5055.0,249.9,79.11,100,54,82,6499.4,7145.0,249.9,79.11,100,52,87,8212.8,8733.6,250.0,79.11,100,50,85,6584.1,11748.4,52.0,64,0
1782816780.543,402.172,249.9,79.11,100,45,87,6114.4,4811.4,250.0,79.11,100,55,82,8177.9,7521.2,250.0,79.11,100,52,87,6657.7,10463.1,250.1,79.11,100,51,85,7042.7,10727.3,52.0,64,0
1782816780.989,402.617,250.0,79.11,100,45,87,6096.1,4840.2,249.9,79.11,100,55,82,6760.1,7465.9,250.0,79.11,100,52,87,6540.0,9493.3,249.9,79.11,100,51,85,8618.4,10894.3,52.0,64,0
1782816781.434,403.063,250.1,79.11,100,45,87,7610.7,5080.5,250.0,79.11,100,55,82,6417.1,7079.5,250.0,79.11,100,52,87,8536.8,8965.0,250.1,79.11,100,51,85,6997.6,12367.7,52.0,64,0
1782816781.878,403.506,250.0,79.11,100,45,87,6035.8,6322.5,250.0,79.11,100,54,82,6503.6,7211.1,250.0,79.11,100,52,87,6484.8,10352.7,250.0,79.11,100,51,85,7027.9,10169.2,52.0,64,0
1782816782.321,403.950,250.0,79.11,100,45,87,6150.7,4823.9,250.0,79.11,100,54,82,7423.8,7668.1,249.9,79.11,100,52,87,6780.5,8811.6,250.0,79.11,100,51,85,8811.4,10689.6,52.0,64,0
1782816782.764,404.393,250.0,79.11,100,45,87,7479.7,5327.0,250.1,79.11,100,54,82,6133.9,8065.1,249.9,79.11,100,52,87,6886.0,8885.9,250.0,79.11,100,51,85,8478.0,10762.1,52.0,64,0
1782816783.212,404.841,250.0,79.11,100,45,87,5644.0,6059.8,250.0,79.11,100,55,82,6517.7,7243.2,250.0,79.11,100,52,87,7922.2,9110.2,250.1,79.11,100,51,85,6930.8,10796.7,52.0,64,0
1782816783.654,405.283,250.0,79.11,100,45,87,6368.6,4811.8,250.0,79.11,100,55,82,7683.0,7424.6,250.0,79.11,100,52,87,6788.8,10697.4,250.1,79.11,100,51,85,7140.8,10814.4,53.0,64,0
1782816784.099,405.728,250.0,79.11,100,45,87,7515.9,5346.5,249.9,79.11,100,55,82,6517.1,7919.5,250.0,79.11,100,52,87,6986.9,9178.1,250.0,79.11,100,51,85,8385.1,10584.8,53.0,64,0
1782816784.541,406.169,250.0,79.11,100,46,87,5666.2,6182.3,250.0,79.11,100,54,82,6573.3,7484.1,250.1,79.11,100,51,87,8049.9,9042.2,249.8,79.11,100,51,85,7082.3,10733.2,53.0,64,0
1782816784.984,406.613,250.0,79.11,100,45,87,6421.5,4877.0,250.0,79.11,100,54,82,7693.2,6160.2,249.9,79.11,100,52,87,6554.2,10486.1,249.9,79.11,100,51,85,7155.4,10589.6,53.0,64,0
1782816785.427,407.055,250.0,79.11,100,45,87,7617.9,5333.1,250.0,79.11,100,54,82,6279.8,8141.9,249.9,79.11,100,51,87,7120.2,9018.4,250.0,79.11,100,51,85,8445.6,10164.9,53.0,64,0
1782816785.869,407.497,250.0,79.11,100,45,87,5571.8,6374.9,250.0,79.11,100,55,82,6742.0,7085.2,249.9,79.11,100,53,87,8082.5,9876.2,250.1,79.11,100,51,85,6747.3,11678.3,53.0,64,0
1782816786.314,407.943,250.0,79.11,100,46,87,6312.3,4544.3,250.0,79.11,100,55,82,7611.6,7263.1,250.1,79.11,100,52,87,6630.5,10223.1,250.1,79.11,100,51,85,7439.2,10162.0,53.0,64,0
1782816786.756,408.385,250.0,79.11,100,45,87,7509.9,5001.5,250.0,79.11,100,54,82,8073.5,6761.0,250.1,79.11,100,52,87,6563.8,10294.3,250.0,79.11,100,51,85,7090.4,10004.7,53.0,64,0
1782816787.209,408.838,250.0,79.11,100,45,87,7500.8,5362.1,250.0,79.11,100,55,82,6182.5,7834.9,250.0,79.11,100,52,87,6874.5,9047.7,250.0,79.11,100,52,85,8635.4,10862.1,53.0,64,0
1782816787.651,409.280,250.0,79.11,100,45,87,5661.9,6069.5,250.0,79.11,100,53,82,6849.9,7456.1,250.0,79.11,100,52,87,8056.3,9306.4,249.8,79.11,100,51,85,7048.2,12625.9,53.0,64,0
1782816788.098,409.726,250.0,79.11,100,45,87,5990.4,4846.3,250.1,79.11,100,54,82,7980.1,7312.5,250.0,79.11,100,52,87,6597.6,10458.7,249.9,79.11,100,51,85,7319.5,10846.2,53.0,64,0
1782816788.539,410.168,250.0,79.11,100,45,87,6162.3,4945.6,250.0,79.11,100,54,82,6601.2,7636.3,249.9,79.11,100,52,87,6836.5,9487.7,249.8,79.11,100,50,85,8643.5,10869.4,53.0,64,0
1782816788.982,410.611,250.1,79.11,100,46,87,7497.3,5087.1,249.9,79.11,100,54,82,6324.6,8477.6,250.0,79.11,100,51,87,6906.7,8977.1,249.9,79.11,100,50,85,7947.3,11903.3,54.0,64,0
1782816789.425,411.054,250.0,79.11,100,44,87,5826.8,6278.3,250.1,79.11,100,55,82,6699.2,7190.6,249.9,79.11,100,52,87,8166.2,9085.8,250.2,79.11,100,51,85,6970.4,11606.3,54.0,64,0
1782816789.869,411.498,250.1,79.11,100,45,87,6150.5,4917.1,250.0,79.11,100,53,82,8015.7,7485.3,250.0,79.11,100,52,87,6611.8,10399.9,250.0,79.11,100,51,85,7567.5,10672.5,54.0,64,0
1782816790.316,411.944,250.0,79.11,100,45,87,6179.6,5113.7,250.0,79.11,100,53,82,7536.9,7591.1,249.9,79.11,100,51,87,6910.5,8744.1,250.0,79.11,100,51,85,8730.9,11179.7,54.0,64,0
1782816790.758,412.386,250.0,79.11,100,44,87,7981.1,5346.8,249.9,79.11,100,54,82,6428.8,8316.0,249.9,79.11,100,51,87,6811.4,9267.8,249.8,79.11,100,51,85,8779.1,11128.6,54.0,64,0
1782816791.212,412.840,250.0,79.11,100,45,87,7630.1,5080.5,249.9,79.11,100,54,82,6352.9,7240.4,250.0,79.11,100,52,87,7688.1,9553.2,249.8,79.11,100,51,85,7192.0,12777.2,54.0,64,0
1782816791.654,413.283,250.0,79.11,100,45,87,6094.5,6293.2,250.0,79.11,100,53,82,6881.9,7685.1,250.0,79.11,100,52,87,9074.6,9465.2,249.9,79.11,100,50,85,7706.2,11833.3,54.0,64,0
1782816792.105,413.734,250.0,79.11,100,44,87,6152.1,4811.4,250.1,79.11,100,54,82,7999.7,7123.5,250.1,79.11,100,52,87,6738.4,10423.7,250.1,79.11,100,50,85,7597.9,10694.4,54.0,64,0
1782816792.548,414.177,250.0,79.11,100,45,87,6158.2,4811.9,250.0,79.11,100,55,82,7897.2,7125.3,249.9,79.11,100,52,87,6968.4,9399.4,250.2,79.11,100,51,85,7665.3,10640.1,54.0,64,0
1782816792.990,414.619,250.1,79.11,100,45,87,7333.8,5360.4,250.0,79.11,100,54,82,6461.3,8024.1,250.1,79.11,100,51,87,7030.2,9250.2,250.1,79.11,100,51,85,8674.8,10776.4,54.0,64,0
1782816793.436,415.065,250.0,79.11,100,44,87,5826.8,6189.1,250.0,79.11,100,55,82,6642.8,7218.6,250.0,79.11,100,52,87,8203.8,8889.3,250.0,79.11,100,52,85,6896.5,12153.8,54.0,64,0
1782816793.878,415.506,250.0,79.11,100,45,87,5919.8,4867.4,249.9,79.11,100,54,82,8033.1,6876.0,249.9,79.11,100,52,87,6835.9,9856.2,250.0,79.11,100,50,85,7304.4,10273.6,54.0,64,0
1782816794.321,415.950,250.1,79.11,100,45,87,6439.0,4915.5,249.9,79.11,100,54,82,7968.8,7460.3,250.1,79.11,100,51,87,6904.6,10009.0,250.0,79.11,100,50,85,7415.0,10368.1,55.0,64,0
1782816794.763,416.392,250.0,79.11,100,45,87,7661.9,5213.9,250.0,79.11,100,54,82,6389.9,7741.1,250.1,79.11,100,51,87,6993.0,9384.8,250.0,79.11,100,51,85,8403.1,10558.5,55.0,64,0
1782816795.217,416.845,250.0,79.11,100,46,87,7655.4,5175.3,250.0,79.11,100,55,82,6657.3,7889.8,249.9,79.11,100,52,87,6779.6,9096.4,250.0,79.11,100,51,85,6928.6,11957.5,55.0,64,0
1782816795.658,417.287,250.0,79.11,100,46,87,5886.7,6155.5,250.0,79.11,100,54,82,6647.6,7181.1,250.1,79.11,100,51,87,8075.5,9387.6,250.1,79.11,100,50,85,6922.0,11803.9,55.0,64,0
1782816796.102,417.731,250.0,79.11,100,45,87,6419.8,4811.7,250.0,79.11,100,55,82,7666.7,6869.9,249.8,79.11,100,52,87,6578.3,10440.9,250.2,79.11,100,52,85,7454.9,10591.0,55.0,64,0
1782816796.542,418.171,250.0,79.11,100,45,87,7306.7,5464.2,250.0,79.11,100,54,82,6246.0,8033.4,249.9,79.11,100,52,87,7132.7,9203.2,250.0,79.11,100,51,85,8554.6,10836.0,55.0,64,0
1782816796.983,418.611,250.0,79.11,100,45,87,5775.8,6162.2,250.1,79.11,100,55,82,6769.8,7407.5,250.0,79.11,100,52,87,8391.6,9498.6,250.1,79.11,100,51,85,6845.2,11947.2,55.0,64,0
1782816797.427,419.056,250.0,79.11,100,45,87,6316.8,4927.3,249.9,79.11,100,54,82,7796.9,7147.0,250.0,79.11,100,53,87,6430.4,10099.1,250.0,79.11,100,51,85,7316.3,10447.6,55.0,64,0
1782816797.868,419.497,250.1,79.11,100,45,87,7587.5,5408.8,249.9,79.11,100,55,82,6194.2,7852.0,250.2,79.11,100,51,87,7060.4,8825.6,250.1,79.11,100,51,85,8404.3,10869.5,55.0,64,0
1782816798.313,419.942,250.0,79.11,100,45,87,5664.9,6126.7,249.9,79.11,100,55,82,6584.5,6799.8,250.0,79.11,100,53,87,8378.9,9326.9,250.1,79.11,100,51,85,6806.3,11981.7,55.0,64,0
1782816798.754,420.383,250.1,79.11,100,45,87,7467.5,6392.7,250.1,79.11,100,55,82,6648.5,7059.4,250.0,79.11,100,53,87,7339.7,9665.7,250.0,79.11,100,52,85,7295.7,10529.1,55.0,64,0
1782816799.203,420.832,249.9,79.11,100,45,87,6442.9,5121.0,250.0,79.11,100,54,82,8031.2,7014.2,250.0,79.11,100,51,87,6655.3,10295.0,250.0,79.11,100,51,85,7492.7,10755.2,55.0,64,0
1782816799.644,421.273,249.9,79.11,100,45,87,7647.8,5212.8,250.0,79.11,100,54,82,6442.4,7543.8,250.0,79.11,100,51,87,7065.1,9567.2,249.9,79.11,100,51,85,8353.4,11376.0,55.0,64,0
1782816800.092,421.720,250.0,79.11,100,45,87,6948.9,5349.5,250.0,79.11,100,55,82,6461.6,7347.7,250.0,79.11,100,52,87,8316.2,9312.5,249.9,79.11,100,52,85,7047.5,11509.4,55.0,64,0
1782816800.532,422.161,250.1,79.11,100,45,87,5834.6,6261.8,249.9,79.11,100,55,82,6315.1,6619.6,250.0,79.11,100,51,87,6656.3,10125.0,250.0,79.11,100,51,85,7047.6,10119.8,55.0,64,0
1782816800.974,422.603,250.0,79.11,100,45,87,6966.0,4814.2,250.0,79.11,100,55,82,7952.3,7700.3,250.0,79.11,100,52,87,6755.0,10241.0,250.0,79.11,100,51,85,7120.0,10500.4,55.0,64,0
1782816801.418,423.047,250.0,79.11,100,45,87,7544.9,5180.2,250.0,79.11,100,54,82,5999.5,7857.1,250.1,79.11,100,52,87,7201.1,8832.5,250.0,79.11,100,50,85,8461.0,11009.5,55.0,64,0
1782816801.861,423.489,250.0,79.11,100,45,87,5989.7,6327.1,250.1,79.11,100,54,82,6607.1,6982.6,250.0,79.11,100,52,87,9462.0,9570.0,250.1,79.11,100,51,85,6845.1,12017.1,55.0,64,0
1782816802.307,423.935,250.0,79.11,100,45,87,5938.4,6274.1,250.1,79.11,100,54,82,6605.3,6777.5,249.9,79.11,100,52,87,8184.6,8884.0,250.1,79.11,100,51,85,6895.3,11432.9,56.0,64,0
1782816802.748,424.377,250.1,79.11,100,46,87,6318.3,5033.7,250.0,79.11,100,54,82,7909.1,7493.3,249.9,79.11,100,52,87,6607.7,10195.1,249.9,79.11,100,51,85,7311.2,10561.8,56.0,64,0
1782816803.191,424.819,250.0,79.11,100,45,87,7651.3,5212.9,249.9,79.11,100,54,82,6276.7,8211.8,250.0,79.11,100,51,87,7282.7,8830.2,250.0,79.11,100,50,85,8642.6,10913.2,56.0,64,0
1782816803.632,425.261,250.0,79.11,100,45,87,5834.2,6284.3,250.0,79.11,100,55,82,6393.9,6818.1,249.9,79.11,100,52,87,8470.7,9052.8,250.2,79.11,100,51,85,7323.1,12055.1,56.0,64,0
1782816804.077,425.706,250.1,79.11,100,45,87,6089.0,6196.4,249.9,79.11,100,54,82,6539.4,7193.0,250.0,79.11,100,52,87,7616.5,9457.8,249.9,79.11,100,51,85,7254.3,10444.3,56.0,64,0
1782816804.520,426.148,250.1,79.11,100,45,87,6334.5,4677.9,250.0,79.11,100,54,82,8004.9,7580.3,250.1,79.11,100,51,87,6624.4,10413.1,249.9,79.11,100,51,85,7443.3,10759.0,56.0,64,0
1782816804.962,426.591,250.0,79.11,100,45,87,7831.2,4951.1,250.0,79.11,100,55,82,6171.5,8082.2,250.0,79.11,100,52,87,6939.8,9102.0,250.0,79.11,100,51,85,8579.5,10492.4,56.0,64,0
1782816805.407,427.036,250.1,79.11,100,46,87,7548.6,5127.5,250.0,79.11,100,54,82,6311.1,7967.6,250.0,79.11,100,51,87,6595.4,9277.9,250.1,79.11,100,51,85,6922.8,12233.3,56.0,64,0
1782816805.849,427.478,250.0,79.11,100,45,87,5889.2,6398.0,250.0,79.11,100,54,82,6785.1,7638.9,250.0,79.11,100,51,87,8043.0,8944.6,250.1,79.11,100,51,85,7185.0,11414.4,56.0,64,0
1782816806.295,427.924,249.9,79.11,100,45,87,6166.2,4811.4,250.1,79.11,100,55,82,7866.2,7237.3,250.0,79.11,100,53,87,6542.7,10498.5,250.1,79.11,100,51,85,7312.2,10792.5,56.0,64,0
1782816806.736,428.365,250.0,79.11,100,46,87,7293.9,5349.8,250.1,79.11,100,55,82,7736.3,7136.5,250.0,79.11,100,53,87,6588.0,10646.6,250.3,79.11,100,52,85,7322.2,10004.7,56.0,64,0
1782816807.186,428.815,250.0,79.11,100,45,87,7486.5,5340.0,250.0,79.11,100,54,82,6366.9,8201.8,250.1,79.11,100,51,87,6980.6,9285.2,250.1,79.11,100,51,85,8620.7,10380.8,56.0,64,0
1782816807.628,429.257,250.0,79.11,100,45,87,7146.3,5180.8,250.0,79.11,100,55,82,6525.5,7395.5,249.9,79.11,100,52,87,8531.5,9015.8,250.0,79.11,100,51,85,6941.0,11882.6,57.0,64,0
1782816808.071,429.700,249.9,79.11,100,45,87,6114.9,6357.8,250.1,79.11,100,55,82,6525.5,7200.5,249.9,79.11,100,52,87,8367.0,8977.3,250.0,79.11,100,51,85,6904.5,12043.8,57.0,64,0
1782816808.514,430.142,250.1,79.11,100,45,87,6362.5,5042.0,250.0,79.11,100,54,82,7958.8,7296.0,250.1,79.11,100,51,87,6965.7,10321.0,250.0,79.11,100,51,85,7571.8,10290.7,57.0,64,0
1782816808.956,430.585,250.0,79.11,100,44,87,6054.2,4943.1,250.0,79.11,100,55,82,7065.5,7578.3,249.9,79.11,100,51,87,6567.5,9023.4,250.0,79.11,100,52,85,8980.1,10498.5,57.0,64,0
1782816809.404,431.033,250.0,79.11,100,45,87,7644.1,5508.9,250.0,79.11,100,54,82,6358.1,7841.1,249.9,79.11,100,52,87,7161.2,9241.0,249.9,79.11,100,51,85,8653.8,10702.5,57.0,64,0
1782816809.847,431.476,250.0,79.11,100,45,87,7647.6,5215.0,250.0,79.11,100,54,82,6541.1,7561.7,250.1,79.11,100,51,87,8325.8,8915.8,250.1,79.11,100,51,85,7217.6,12038.8,57.0,64,0
1782816810.291,431.920,250.0,79.11,100,45,87,5981.3,6397.8,250.0,79.11,100,54,82,6895.6,7043.4,249.9,79.11,100,52,87,7993.9,8887.5,250.1,79.11,100,51,85,7162.0,11673.9,57.0,64,0
1782816810.736,432.365,250.0,79.11,100,45,87,6492.6,5624.6,249.9,79.11,100,55,82,7918.1,7614.0,249.9,79.11,100,52,87,6802.7,10348.3,249.9,79.11,100,51,85,7129.4,10328.2,57.0,64,0
1782816811.184,432.813,250.0,79.11,100,45,87,6005.4,4877.7,249.9,79.11,100,55,82,6886.5,7060.9,249.9,79.11,100,52,87,6824.2,8760.2,249.9,79.11,100,51,85,8548.8,10319.9,57.0,64,0
1782816811.627,433.256,250.0,79.11,100,45,87,7360.4,5284.5,250.0,79.11,100,55,82,6414.6,7967.6,250.1,79.11,100,52,87,7194.1,9072.5,250.0,79.11,100,52,85,9941.6,10712.4,57.0,64,0
1782816812.077,433.705,250.0,79.11,100,45,87,5826.8,6266.3,250.0,79.11,100,55,82,6802.5,7199.9,250.0,79.11,100,52,87,8073.8,8810.2,249.9,79.11,100,51,85,7135.9,12217.7,57.0,64,0
1782816812.518,434.147,250.1,79.11,100,45,87,5990.4,4811.7,250.0,79.11,100,54,82,7202.7,7168.1,250.1,79.11,100,51,87,6645.6,10001.9,250.1,79.11,100,51,85,7201.0,10624.4,58.0,64,0
1782816812.961,434.590,250.0,79.11,100,45,87,6263.3,4947.6,250.1,79.11,100,55,82,8042.3,7249.3,250.0,79.11,100,52,87,6928.2,10244.9,250.2,79.11,100,52,85,7234.1,10567.8,58.0,64,0
1782816813.407,435.035,250.0,79.11,100,45,87,7588.2,5363.5,250.0,79.11,100,55,82,6274.0,8005.2,250.0,79.11,100,52,87,7204.1,9244.7,249.9,79.11,100,51,85,8382.3,10764.3,58.0,64,0
1782816813.849,435.478,250.0,79.11,100,45,87,6152.6,6446.5,250.0,79.11,100,55,82,6809.5,7485.5,249.9,79.11,100,51,87,8118.1,8934.3,249.8,79.11,100,51,85,7089.5,11984.4,58.0,64,0
1782816814.292,435.921,250.0,79.11,100,44,87,6032.7,5497.7,249.9,79.11,100,54,82,0.9,0.5,246.6,79.11,100,52,87,1.1,0.5,249.8,79.11,100,51,85,1.2,0.5,58.0,64,0
1782816814.735,436.363,220.4,79.11,0,0,86,4.7,3.9,243.9,79.11,47,26,81,1.4,2.0,246.6,79.11,100,52,87,2.3,0.5,243.2,79.11,45,23,83,1.2,0.5,58.0,64,0
