{
  "num_samples": 10910,
  "duration_s": 4652.230350971222,
  "mean_power_w": 985.3509923006416,
  "max_power_w": 1023.84,
  "min_power_w": 100.44800000000001,
  "p50_power_w": 1000.001,
  "p95_power_w": 1001.269,
  "mean_gpu_util_pct": 98.48558661778185,
  "max_gpu_util_pct": 100.0,
  "mean_gpu_mem_bw_util_pct": 47.56516956920257,
  "max_gpu_mem_bw_util_pct": 50.5,
  "mean_gpu_mem_used_gb": 335.43646525549957,
  "max_gpu_mem_used_gb": 335.44140625,
  "mean_gpu_temp_c": 87.20659945004583,
  "max_gpu_temp_c": 89.0,
  "mean_pcie_tx_mb_s": 6493.91898245947,
  "max_pcie_tx_mb_s": 103696.6630859375,
  "mean_pcie_rx_mb_s": 6053.111641949759,
  "max_pcie_rx_mb_s": 86602.6044921875,
  "mean_kv_cache_pct": 0.5799343110296364,
  "max_kv_cache_pct": 0.6472491909385147,
  "p50_kv_cache_pct": 0.6101672060409902,
  "p95_kv_cache_pct": 0.6438781014023731,
  "mean_requests_running": 0.9479376718606782,
  "max_requests_running": 1.0,
  "mean_requests_waiting": 0.0,
  "max_requests_waiting": 0.0
}