{
  "num_samples": 1850,
  "duration_s": 790.8251764774323,
  "mean_power_w": 960.0949891891892,
  "max_power_w": 1048.211,
  "min_power_w": 98.09700000000001,
  "p50_power_w": 1034.647,
  "p95_power_w": 1043.392,
  "mean_gpu_util_pct": 94.69554054054053,
  "max_gpu_util_pct": 100.0,
  "mean_gpu_mem_bw_util_pct": 36.634594594594596,
  "max_gpu_mem_bw_util_pct": 45.75,
  "mean_gpu_mem_used_gb": 367.400634765625,
  "max_gpu_mem_used_gb": 367.400634765625,
  "mean_gpu_temp_c": 88.06918918918919,
  "max_gpu_temp_c": 93.0,
  "mean_pcie_tx_mb_s": 27276.96057010135,
  "max_pcie_tx_mb_s": 123331.4306640625,
  "mean_pcie_rx_mb_s": 28488.34288059544,
  "max_pcie_rx_mb_s": 98968.3134765625,
  "mean_kv_cache_pct": 6.042751842751843,
  "max_kv_cache_pct": 8.636363636363631,
  "p50_kv_cache_pct": 6.666666666666665,
  "p95_kv_cache_pct": 7.272727272727275,
  "mean_requests_running": 3.5405405405405403,
  "max_requests_running": 4.0,
  "mean_requests_waiting": 0.0,
  "max_requests_waiting": 0.0
}