{
  "num_samples": 558,
  "duration_s": 238.87115716934204,
  "mean_power_w": 1053.9760519713261,
  "max_power_w": 1201.527,
  "min_power_w": 339.077,
  "p50_power_w": 1189.79,
  "p95_power_w": 1200.413,
  "mean_gpu_util_pct": 92.30689964157706,
  "max_gpu_util_pct": 100.0,
  "mean_gpu_mem_bw_util_pct": 46.35304659498208,
  "max_gpu_mem_bw_util_pct": 61.5,
  "mean_gpu_mem_used_gb": 367.400634765625,
  "max_gpu_mem_used_gb": 367.400634765625,
  "mean_gpu_temp_c": 89.67921146953405,
  "max_gpu_temp_c": 92.0,
  "mean_pcie_tx_mb_s": 35853.38934391801,
  "max_pcie_tx_mb_s": 134435.0712890625,
  "mean_pcie_rx_mb_s": 36938.780294438846,
  "max_pcie_rx_mb_s": 113059.1728515625,
  "mean_kv_cache_pct": 25.082274356467902,
  "max_kv_cache_pct": 41.36363636363637,
  "p50_kv_cache_pct": 29.09090909090909,
  "p95_kv_cache_pct": 36.51515151515151,
  "mean_requests_running": 28.962365591397848,
  "max_requests_running": 32.0,
  "mean_requests_waiting": 0.0,
  "max_requests_waiting": 0.0
}