{
  "num_samples": 14327,
  "duration_s": 6399.606032133102,
  "mean_power_w": 760.8980658197809,
  "max_power_w": 949.3299999999999,
  "min_power_w": 81.78,
  "p50_power_w": 676.9,
  "p95_power_w": 934.598,
  "mean_gpu_util_pct": 97.87987715502199,
  "max_gpu_util_pct": 100.0,
  "mean_gpu_mem_bw_util_pct": 17.57697005653661,
  "max_gpu_mem_bw_util_pct": 27.75,
  "mean_gpu_mem_used_gb": 343.930419921875,
  "max_gpu_mem_used_gb": 343.930419921875,
  "mean_gpu_temp_c": 85.06833251902003,
  "max_gpu_temp_c": 91.0,
  "mean_pcie_tx_mb_s": 18400.317749457972,
  "max_pcie_tx_mb_s": 104611.529296875,
  "mean_pcie_rx_mb_s": 25308.902424999564,
  "max_pcie_rx_mb_s": 139118.2900390625,
  "mean_kv_cache_pct": 10.171982969218957,
  "max_kv_cache_pct": 84.0,
  "p50_kv_cache_pct": 8.0,
  "p95_kv_cache_pct": 15.0,
  "mean_requests_running": 0.7510993229566553,
  "max_requests_running": 11.0,
  "mean_requests_waiting": 0.006351643749563761,
  "max_requests_waiting": 2.0
}