{
  "num_samples": 1871,
  "duration_s": 805.2324776649475,
  "mean_power_w": 889.1479732763228,
  "max_power_w": 1023.504,
  "min_power_w": 90.562,
  "p50_power_w": 910.614,
  "p95_power_w": 1000.057,
  "mean_gpu_util_pct": 92.9470871191876,
  "max_gpu_util_pct": 100.0,
  "mean_gpu_mem_bw_util_pct": 29.180652057723144,
  "max_gpu_mem_bw_util_pct": 65.5,
  "mean_gpu_mem_used_gb": 362.19140625,
  "max_gpu_mem_used_gb": 362.19140625,
  "mean_gpu_temp_c": 86.82736504543026,
  "max_gpu_temp_c": 92.0,
  "mean_pcie_tx_mb_s": 39600.03083609617,
  "max_pcie_tx_mb_s": 99784.3271484375,
  "mean_pcie_rx_mb_s": 33216.21576081056,
  "max_pcie_rx_mb_s": 83312.4736328125,
  "mean_kv_cache_pct": 70.7114184560921,
  "max_kv_cache_pct": 99.9925747562929,
  "p50_kv_cache_pct": 91.90436286105248,
  "p95_kv_cache_pct": 99.32218132445134,
  "mean_requests_running": 37.19775521111705,
  "max_requests_running": 72.0,
  "mean_requests_waiting": 21.437199358631748,
  "max_requests_waiting": 64.0
}