{
  "num_samples": 396,
  "duration_s": 169.31793999671936,
  "mean_power_w": 935.821202020202,
  "max_power_w": 1012.609,
  "min_power_w": 363.36400000000003,
  "p50_power_w": 999.974,
  "p95_power_w": 1000.09,
  "mean_gpu_util_pct": 89.19507575757575,
  "max_gpu_util_pct": 100.0,
  "mean_gpu_mem_bw_util_pct": 42.843434343434346,
  "max_gpu_mem_bw_util_pct": 50.25,
  "mean_gpu_mem_used_gb": 326.48828125,
  "max_gpu_mem_used_gb": 326.48828125,
  "mean_gpu_temp_c": 86.73484848484848,
  "max_gpu_temp_c": 89.0,
  "mean_pcie_tx_mb_s": 14816.659685231218,
  "max_pcie_tx_mb_s": 26608.5185546875,
  "mean_pcie_rx_mb_s": 13772.621328026356,
  "max_pcie_rx_mb_s": 23045.15625,
  "mean_kv_cache_pct": 7.3727526985617855,
  "max_kv_cache_pct": 10.800547346536128,
  "p50_kv_cache_pct": 9.388690293084977,
  "p95_kv_cache_pct": 10.634009737676752,
  "mean_requests_running": 28.21969696969697,
  "max_requests_running": 32.0,
  "mean_requests_waiting": 0.0,
  "max_requests_waiting": 0.0
}