{
  "num_samples": 1041,
  "duration_s": 446.61377215385437,
  "mean_power_w": 842.8474572526417,
  "max_power_w": 1029.216,
  "min_power_w": 97.726,
  "p50_power_w": 810.6659999999999,
  "p95_power_w": 1000.062,
  "mean_gpu_util_pct": 92.58597502401537,
  "max_gpu_util_pct": 100.0,
  "mean_gpu_mem_bw_util_pct": 34.3371757925072,
  "max_gpu_mem_bw_util_pct": 58.25,
  "mean_gpu_mem_used_gb": 367.381103515625,
  "max_gpu_mem_used_gb": 367.381103515625,
  "mean_gpu_temp_c": 86.60230547550432,
  "max_gpu_temp_c": 91.0,
  "mean_pcie_tx_mb_s": 48734.104081299534,
  "max_pcie_tx_mb_s": 122236.6435546875,
  "mean_pcie_rx_mb_s": 44910.53667503452,
  "max_pcie_rx_mb_s": 106140.4462890625,
  "mean_kv_cache_pct": 38.54481413559223,
  "max_kv_cache_pct": 58.93939393939394,
  "p50_kv_cache_pct": 44.242424242424235,
  "p95_kv_cache_pct": 58.18181818181818,
  "mean_requests_running": 23.675312199807877,
  "max_requests_running": 32.0,
  "mean_requests_waiting": 3.154658981748319,
  "max_requests_waiting": 18.0
}