{
  "num_samples": 670,
  "duration_s": 287.4872500896454,
  "mean_power_w": 999.1083268656716,
  "max_power_w": 1207.4569999999999,
  "min_power_w": 110.62899999999999,
  "p50_power_w": 1123.654,
  "p95_power_w": 1200.632,
  "mean_gpu_util_pct": 92.24067164179104,
  "max_gpu_util_pct": 100.0,
  "mean_gpu_mem_bw_util_pct": 40.28619402985075,
  "max_gpu_mem_bw_util_pct": 62.0,
  "mean_gpu_mem_used_gb": 367.400634765625,
  "max_gpu_mem_used_gb": 367.400634765625,
  "mean_gpu_temp_c": 88.16716417910447,
  "max_gpu_temp_c": 92.0,
  "mean_pcie_tx_mb_s": 46885.76761019123,
  "max_pcie_tx_mb_s": 121794.939453125,
  "mean_pcie_rx_mb_s": 43705.89013234608,
  "max_pcie_rx_mb_s": 107079.4140625,
  "mean_kv_cache_pct": 37.32428765264586,
  "max_kv_cache_pct": 58.78787878787879,
  "p50_kv_cache_pct": 38.787878787878796,
  "p95_kv_cache_pct": 58.18181818181818,
  "mean_requests_running": 34.58805970149254,
  "max_requests_running": 48.0,
  "mean_requests_waiting": 3.6104477611940298,
  "max_requests_waiting": 27.0
}