{
  "num_samples": 512,
  "duration_s": 218.6900544166565,
  "mean_power_w": 924.86312109375,
  "max_power_w": 1023.174,
  "min_power_w": 100.924,
  "p50_power_w": 999.976,
  "p95_power_w": 1000.1510000000001,
  "mean_gpu_util_pct": 87.96923828125,
  "max_gpu_util_pct": 99.25,
  "mean_gpu_mem_bw_util_pct": 42.28173828125,
  "max_gpu_mem_bw_util_pct": 51.25,
  "mean_gpu_mem_used_gb": 327.34765625,
  "max_gpu_mem_used_gb": 327.34765625,
  "mean_gpu_temp_c": 86.673828125,
  "max_gpu_temp_c": 89.0,
  "mean_pcie_tx_mb_s": 11021.544204711914,
  "max_pcie_tx_mb_s": 18204.3544921875,
  "mean_pcie_rx_mb_s": 10705.35306930542,
  "max_pcie_rx_mb_s": 17606.345703125,
  "mean_kv_cache_pct": 10.112073529138778,
  "max_kv_cache_pct": 14.663795572433248,
  "p50_kv_cache_pct": 13.492728564912538,
  "p95_kv_cache_pct": 14.476042981553572,
  "mean_requests_running": 19.66015625,
  "max_requests_running": 24.0,
  "mean_requests_waiting": 0.0,
  "max_requests_waiting": 0.0
}