{
  "num_samples": 2862,
  "duration_s": 1220.0377278327942,
  "mean_power_w": 985.1749524807826,
  "max_power_w": 999.549,
  "min_power_w": 304.917,
  "p50_power_w": 994.84,
  "p95_power_w": 996.957,
  "mean_gpu_util_pct": 97.62665967854647,
  "max_gpu_util_pct": 99.0,
  "mean_gpu_mem_bw_util_pct": 46.7583857442348,
  "max_gpu_mem_bw_util_pct": 49.75,
  "mean_gpu_mem_used_gb": 334.26953125,
  "max_gpu_mem_used_gb": 334.26953125,
  "mean_gpu_temp_c": 86.84416491963661,
  "max_gpu_temp_c": 89.0,
  "mean_pcie_tx_mb_s": 10133.169545512863,
  "max_pcie_tx_mb_s": 27810.1845703125,
  "mean_pcie_rx_mb_s": 16068.244754815252,
  "max_pcie_rx_mb_s": 27030.8701171875,
  "mean_kv_cache_pct": 1.2508073182278368,
  "max_kv_cache_pct": 1.438331535418913,
  "p50_kv_cache_pct": 1.290003595828837,
  "p95_kv_cache_pct": 1.4248471772743576,
  "mean_requests_running": 3.93675751222921,
  "max_requests_running": 4.0,
  "mean_requests_waiting": 0.0,
  "max_requests_waiting": 0.0
}