{
  "num_samples": 1325,
  "duration_s": 595.815263748169,
  "mean_power_w": 938.9603456603774,
  "max_power_w": 1028.357,
  "min_power_w": 108.58099999999999,
  "p50_power_w": 944.806,
  "p95_power_w": 1015.099,
  "mean_gpu_util_pct": 96.18245283018868,
  "max_gpu_util_pct": 100.0,
  "mean_gpu_mem_bw_util_pct": 26.781698113207547,
  "max_gpu_mem_bw_util_pct": 40.25,
  "mean_gpu_mem_used_gb": 343.688232421875,
  "max_gpu_mem_used_gb": 343.688232421875,
  "mean_gpu_temp_c": 88.22716981132075,
  "max_gpu_temp_c": 92.0,
  "mean_pcie_tx_mb_s": 27761.182954009433,
  "max_pcie_tx_mb_s": 99976.2822265625,
  "mean_pcie_rx_mb_s": 36896.47159566628,
  "max_pcie_rx_mb_s": 138385.990234375,
  "mean_kv_cache_pct": 41.91320754716981,
  "max_kv_cache_pct": 64.0,
  "p50_kv_cache_pct": 40.0,
  "p95_kv_cache_pct": 64.0,
  "mean_requests_running": 10.381132075471697,
  "max_requests_running": 16.0,
  "mean_requests_waiting": 3.372830188679245,
  "max_requests_waiting": 13.0
}