{
  "num_samples": 729,
  "duration_s": 312.3894770145416,
  "mean_power_w": 873.099829903978,
  "max_power_w": 1021.031,
  "min_power_w": 104.579,
  "p50_power_w": 999.886,
  "p95_power_w": 1000.062,
  "mean_gpu_util_pct": 92.42764060356653,
  "max_gpu_util_pct": 100.0,
  "mean_gpu_mem_bw_util_pct": 39.228737997256516,
  "max_gpu_mem_bw_util_pct": 58.5,
  "mean_gpu_mem_used_gb": 367.381103515625,
  "max_gpu_mem_used_gb": 367.381103515625,
  "mean_gpu_temp_c": 86.93415637860082,
  "max_gpu_temp_c": 90.0,
  "mean_pcie_tx_mb_s": 41850.07158377272,
  "max_pcie_tx_mb_s": 123558.7607421875,
  "mean_pcie_rx_mb_s": 40482.377822520146,
  "max_pcie_rx_mb_s": 116478.302734375,
  "mean_kv_cache_pct": 28.60456416011972,
  "max_kv_cache_pct": 39.090909090909086,
  "p50_kv_cache_pct": 33.93939393939394,
  "p95_kv_cache_pct": 38.787878787878796,
  "mean_requests_running": 26.18244170096022,
  "max_requests_running": 32.0,
  "mean_requests_waiting": 0.8559670781893004,
  "max_requests_waiting": 10.0
}