{
  "num_samples": 792,
  "duration_s": 338.1884546279907,
  "mean_power_w": 965.8265265151515,
  "max_power_w": 1007.998,
  "min_power_w": 362.456,
  "p50_power_w": 998.56,
  "p95_power_w": 1000.752,
  "mean_gpu_util_pct": 94.11174242424242,
  "max_gpu_util_pct": 99.0,
  "mean_gpu_mem_bw_util_pct": 35.99431818181818,
  "max_gpu_mem_bw_util_pct": 41.0,
  "mean_gpu_mem_used_gb": 326.48828125,
  "max_gpu_mem_used_gb": 326.48828125,
  "mean_gpu_temp_c": 86.93813131313131,
  "max_gpu_temp_c": 89.0,
  "mean_pcie_tx_mb_s": 6525.166680230035,
  "max_pcie_tx_mb_s": 13138.9677734375,
  "mean_pcie_rx_mb_s": 6948.135696565262,
  "max_pcie_rx_mb_s": 11758.9453125,
  "mean_kv_cache_pct": 2.2089229464352775,
  "max_kv_cache_pct": 2.708092454891642,
  "p50_kv_cache_pct": 2.410021957506392,
  "p95_kv_cache_pct": 2.6783914800632247,
  "mean_requests_running": 7.542929292929293,
  "max_requests_running": 8.0,
  "mean_requests_waiting": 0.0,
  "max_requests_waiting": 0.0
}