{
  "num_samples": 505,
  "duration_s": 216.6508288383484,
  "mean_power_w": 923.363495049505,
  "max_power_w": 1027.967,
  "min_power_w": 381.911,
  "p50_power_w": 999.95,
  "p95_power_w": 1000.1,
  "mean_gpu_util_pct": 93.44554455445545,
  "max_gpu_util_pct": 100.0,
  "mean_gpu_mem_bw_util_pct": 46.992079207920796,
  "max_gpu_mem_bw_util_pct": 58.25,
  "mean_gpu_mem_used_gb": 367.381103515625,
  "max_gpu_mem_used_gb": 367.381103515625,
  "mean_gpu_temp_c": 87.36039603960396,
  "max_gpu_temp_c": 90.0,
  "mean_pcie_tx_mb_s": 31827.226781017947,
  "max_pcie_tx_mb_s": 123807.5703125,
  "mean_pcie_rx_mb_s": 34616.14040648205,
  "max_pcie_rx_mb_s": 107384.0400390625,
  "mean_kv_cache_pct": 29.091509150915094,
  "max_kv_cache_pct": 36.36363636363637,
  "p50_kv_cache_pct": 36.36363636363637,
  "p95_kv_cache_pct": 36.36363636363637,
  "mean_requests_running": 39.81584158415841,
  "max_requests_running": 48.0,
  "mean_requests_waiting": 0.6653465346534654,
  "max_requests_waiting": 14.0
}