{
  "num_samples": 3312,
  "duration_s": 1421.5761897563934,
  "mean_power_w": 936.1310718599034,
  "max_power_w": 1203.915,
  "min_power_w": 78.875,
  "p50_power_w": 956.989,
  "p95_power_w": 1200.061,
  "mean_gpu_util_pct": 92.17564915458937,
  "max_gpu_util_pct": 100.0,
  "mean_gpu_mem_bw_util_pct": 25.413798309178745,
  "max_gpu_mem_bw_util_pct": 63.75,
  "mean_gpu_mem_used_gb": 367.400634765625,
  "max_gpu_mem_used_gb": 367.400634765625,
  "mean_gpu_temp_c": 86.78713768115942,
  "max_gpu_temp_c": 94.0,
  "mean_pcie_tx_mb_s": 52873.7901124816,
  "max_pcie_tx_mb_s": 155831.3349609375,
  "mean_pcie_rx_mb_s": 45173.039662236755,
  "max_pcie_rx_mb_s": 119248.7216796875,
  "mean_kv_cache_pct": 47.662128531693746,
  "max_kv_cache_pct": 85.60606060606061,
  "p50_kv_cache_pct": 47.42424242424242,
  "p95_kv_cache_pct": 84.84848484848484,
  "mean_requests_running": 9.27475845410628,
  "max_requests_running": 16.0,
  "mean_requests_waiting": 4.652475845410628,
  "max_requests_waiting": 14.0
}