{
  "num_samples": 339,
  "duration_s": 145.1675763130188,
  "mean_power_w": 923.972634218289,
  "max_power_w": 1018.626,
  "min_power_w": 332.371,
  "p50_power_w": 999.958,
  "p95_power_w": 1000.149,
  "mean_gpu_util_pct": 87.75,
  "max_gpu_util_pct": 100.0,
  "mean_gpu_mem_bw_util_pct": 41.63643067846608,
  "max_gpu_mem_bw_util_pct": 52.0,
  "mean_gpu_mem_used_gb": 326.48828125,
  "max_gpu_mem_used_gb": 326.48828125,
  "mean_gpu_temp_c": 86.61946902654867,
  "max_gpu_temp_c": 89.0,
  "mean_pcie_tx_mb_s": 20595.65815991427,
  "max_pcie_tx_mb_s": 30060.2275390625,
  "mean_pcie_rx_mb_s": 19089.52613961099,
  "max_pcie_rx_mb_s": 28118.126953125,
  "mean_kv_cache_pct": 12.601217445836946,
  "max_kv_cache_pct": 21.62655267149661,
  "p50_kv_cache_pct": 18.175935845894376,
  "p95_kv_cache_pct": 21.257411984343342,
  "mean_requests_running": 55.2094395280236,
  "max_requests_running": 64.0,
  "mean_requests_waiting": 0.0,
  "max_requests_waiting": 0.0
}