{
  "num_samples": 764,
  "duration_s": 325.9350142478943,
  "mean_power_w": 964.9297997382199,
  "max_power_w": 1001.837,
  "min_power_w": 364.53700000000003,
  "p50_power_w": 995.053,
  "p95_power_w": 1000.251,
  "mean_gpu_util_pct": 94.72284031413612,
  "max_gpu_util_pct": 99.0,
  "mean_gpu_mem_bw_util_pct": 35.649541884816756,
  "max_gpu_mem_bw_util_pct": 39.25,
  "mean_gpu_mem_used_gb": 326.41015625,
  "max_gpu_mem_used_gb": 326.41015625,
  "mean_gpu_temp_c": 86.94109947643979,
  "max_gpu_temp_c": 89.0,
  "mean_pcie_tx_mb_s": 6762.914646647988,
  "max_pcie_tx_mb_s": 14919.5185546875,
  "mean_pcie_rx_mb_s": 7110.465252781413,
  "max_pcie_rx_mb_s": 15466.2568359375,
  "mean_kv_cache_pct": 1.2449792829036181,
  "max_kv_cache_pct": 1.6293106191592521,
  "p50_kv_cache_pct": 1.332300870875014,
  "p95_kv_cache_pct": 1.5964273970277776,
  "mean_requests_running": 7.611256544502618,
  "max_requests_running": 8.0,
  "mean_requests_waiting": 0.0,
  "max_requests_waiting": 0.0
}