{
  "num_samples": 1925,
  "duration_s": 669.2916240692139,
  "mean_power_w": 572.0824862337662,
  "max_power_w": 608.3130000000001,
  "min_power_w": 48.419,
  "p50_power_w": 599.987,
  "p95_power_w": 601.4010000000001,
  "mean_gpu_util_pct": 94.00961038961039,
  "max_gpu_util_pct": 100.0,
  "mean_gpu_mem_bw_util_pct": 53.90857142857143,
  "max_gpu_mem_bw_util_pct": 73.5,
  "mean_gpu_mem_used_gb": 176.45361328125,
  "max_gpu_mem_used_gb": 176.45361328125,
  "mean_gpu_temp_c": 85.69350649350649,
  "max_gpu_temp_c": 91.0,
  "mean_pcie_tx_mb_s": 8524.942868810876,
  "max_pcie_tx_mb_s": 77216.7236328125,
  "mean_pcie_rx_mb_s": 8510.019396306818,
  "max_pcie_rx_mb_s": 61316.0361328125,
  "mean_kv_cache_pct": 78.01401467666253,
  "max_kv_cache_pct": 99.6260969095765,
  "p50_kv_cache_pct": 94.33040824112933,
  "p95_kv_cache_pct": 99.11484166348721,
  "mean_requests_running": 12.442077922077923,
  "max_requests_running": 40.0,
  "mean_requests_waiting": 0.0,
  "max_requests_waiting": 0.0
}