timestamp,elapsed_s,gpu0_power_w,gpu0_mem_used_gb,gpu0_util_pct,gpu0_mem_bw_util_pct,gpu0_temp_c,gpu0_pcie_tx_mb_s,gpu0_pcie_rx_mb_s,gpu1_power_w,gpu1_mem_used_gb,gpu1_util_pct,gpu1_mem_bw_util_pct,gpu1_temp_c,gpu1_pcie_tx_mb_s,gpu1_pcie_rx_mb_s,gpu2_power_w,gpu2_mem_used_gb,gpu2_util_pct,gpu2_mem_bw_util_pct,gpu2_temp_c,gpu2_pcie_tx_mb_s,gpu2_pcie_rx_mb_s,gpu3_power_w,gpu3_mem_used_gb,gpu3_util_pct,gpu3_mem_bw_util_pct,gpu3_temp_c,gpu3_pcie_tx_mb_s,gpu3_pcie_rx_mb_s,kv_cache_pct,requests_running,requests_waiting
1787233273.621,0.000,119.2,64.69,0,0,84,2.5,0.5,119.0,66.55,0,1,80,1.2,0.9,102.3,64.70,0,0,83,0.6,0.5,96.3,69.68,0,0,80,2.3,0.4,0.0,0,0
1787233274.058,0.437,119.2,64.69,0,0,84,2.7,0.7,119.0,66.55,0,1,80,3.1,1.2,102.3,64.70,0,0,83,0.7,0.5,96.3,69.68,0,0,80,0.7,0.5,0.0,0,0
1787233274.503,0.882,114.6,64.69,0,0,84,0.6,0.4,110.4,66.55,0,1,79,2.8,1.0,102.3,64.70,0,0,83,0.8,0.5,96.3,69.68,0,0,80,0.9,0.5,0.0,0,0
1787233274.940,1.319,114.6,64.69,0,0,84,0.6,0.5,109.8,66.55,0,1,78,1.0,5.6,95.5,64.70,0,0,83,2.3,3.9,94.4,69.68,0,0,80,4.9,3.2,0.0,0,0
1787233275.381,1.761,114.3,64.69,0,0,83,2.3,0.5,108.0,66.55,0,1,78,1.2,1.0,95.3,64.70,0,0,82,0.7,0.5,91.9,69.68,0,0,79,0.6,0.5,0.0,0,0
1787233275.818,2.198,113.9,64.69,0,0,83,0.6,0.5,107.5,66.55,0,1,78,1.1,2.0,95.3,64.70,0,0,82,1.9,1.4,91.1,69.68,0,0,79,3.1,0.5,0.0,0,0
1787233276.255,2.634,113.9,64.69,0,0,83,0.6,2.2,107.5,66.55,0,1,78,3.1,2.5,95.3,64.70,0,0,82,0.6,0.5,90.9,69.68,0,0,79,0.6,0.5,0.0,0,0
1787233276.694,3.073,113.9,64.69,0,0,83,5.0,4.7,107.3,66.55,0,1,78,4.4,2.1,93.7,64.70,0,0,82,4.1,3.8,90.9,69.68,0,0,79,4.8,0.5,0.0,0,0
1787233277.131,3.510,112.5,64.69,0,0,83,0.6,0.5,107.0,66.55,0,1,77,1.2,1.0,93.7,64.70,0,0,82,0.6,0.5,88.7,69.68,0,0,78,2.2,0.7,0.0,0,0
1787233277.569,3.949,112.5,64.69,0,0,83,1.8,0.4,106.5,66.55,0,1,77,1.0,1.0,93.1,64.70,0,0,81,0.6,0.4,88.7,69.68,0,0,78,0.6,0.5,0.0,0,0
1787233278.005,4.385,111.7,64.69,0,0,82,5.4,1.4,106.0,66.55,0,1,77,6.0,2.6,93.1,64.70,0,0,81,2.7,0.5,88.7,69.68,0,0,78,0.7,1.4,0.0,0,0
1787233278.446,4.825,111.7,64.69,0,0,82,0.6,0.5,106.0,66.55,0,1,77,1.1,1.1,93.1,64.70,0,0,81,2.3,0.4,87.3,69.68,0,0,78,0.6,0.4,0.0,0,0
1787233278.882,5.262,111.7,64.69,0,0,82,2.3,0.5,106.0,66.55,0,1,77,1.2,1.9,92.6,64.70,0,0,81,1.9,1.3,87.3,69.68,0,0,78,1.8,3.5,0.0,0,0
1787233279.340,5.719,111.2,64.69,0,0,82,0.6,0.5,105.3,66.55,0,1,76,1.1,1.1,92.6,64.70,0,0,81,4.6,0.6,86.3,69.68,0,0,77,0.6,0.4,0.0,0,0
1787233279.777,6.156,111.2,64.69,0,0,82,1.9,1.4,105.1,66.55,0,1,76,2.4,1.0,91.7,64.70,0,0,80,0.6,0.5,86.3,69.68,0,0,77,0.6,0.5,0.0,0,0
1787233280.212,6.592,110.3,64.69,0,0,81,0.6,0.5,105.1,66.55,0,1,76,2.7,2.7,91.7,64.70,0,0,80,4.9,0.9,86.1,69.68,0,0,77,0.6,0.5,0.0,0,0
1787233280.649,7.028,110.3,64.69,0,0,81,0.6,0.5,104.9,66.55,0,1,76,1.1,1.1,91.6,64.70,0,0,80,2.2,0.4,86.1,69.68,0,0,77,0.7,0.5,0.0,0,0
1787233281.084,7.463,109.0,64.69,0,0,81,3.0,5.1,104.9,66.55,0,1,76,1.1,1.0,91.6,64.70,0,0,80,0.7,1.4,84.8,69.68,0,0,77,1.9,1.4,0.0,0,0
1787233281.531,7.911,109.0,64.69,0,0,81,0.6,0.5,103.9,66.55,0,1,75,1.1,1.1,91.6,64.70,0,0,80,1.6,0.5,84.8,69.68,0,0,77,2.2,0.5,0.0,0,0
1787233281.974,8.353,108.2,64.69,0,0,81,0.6,4.1,103.8,66.55,0,1,75,6.3,3.7,91.2,64.70,0,0,79,4.0,2.1,84.8,69.68,0,0,77,2.7,0.5,0.0,0,0
1787233282.421,8.801,108.2,64.69,0,0,81,0.6,0.5,103.6,66.55,0,1,75,1.1,0.9,91.2,64.70,0,0,79,0.6,0.4,84.3,69.68,0,0,76,2.3,0.5,0.0,0,0
1787233282.858,9.238,108.3,64.69,0,0,80,0.7,0.5,103.3,66.55,0,1,75,1.1,1.1,91.1,64.70,0,0,79,0.6,0.4,84.3,69.68,0,0,76,0.6,0.8,0.0,0,0
1787233283.296,9.676,108.2,64.69,0,0,80,3.0,1.0,103.3,66.55,0,1,75,1.1,1.0,91.1,64.70,0,0,79,0.6,0.5,84.3,69.68,0,0,76,0.6,1.4,0.0,0,0
1787233283.733,10.112,108.2,64.69,0,0,80,0.6,0.5,103.3,66.55,0,1,75,1.1,0.9,90.8,64.70,0,0,78,0.6,0.5,84.4,69.68,0,0,76,2.3,0.4,0.0,0,0
1787233284.170,10.549,107.2,64.69,0,0,80,0.6,1.5,103.3,66.55,0,1,75,2.9,1.9,90.8,64.70,0,0,78,1.9,0.7,84.4,69.68,0,0,76,2.8,1.9,0.0,0,0
1787233284.608,10.988,107.2,64.69,0,0,80,0.6,0.5,102.8,66.55,0,1,74,2.6,0.9,90.5,64.70,0,0,78,0.7,0.5,83.5,69.68,0,0,75,0.6,0.5,0.0,0,0
1787233285.045,11.424,106.6,64.69,0,0,80,4.7,2.3,102.8,66.55,0,1,74,1.1,2.0,90.5,64.70,0,0,78,2.3,0.5,83.5,69.68,0,0,75,0.7,0.7,0.0,0,0
1787233285.483,11.862,106.6,64.69,0,0,80,0.6,0.5,102.8,66.55,0,1,74,1.1,1.0,90.5,64.70,0,0,78,0.6,0.4,83.5,69.68,0,0,75,0.6,1.4,0.0,0,0
1787233285.920,12.299,106.6,64.69,0,0,80,0.6,0.5,102.8,66.55,0,1,74,1.1,1.0,90.4,64.70,0,0,78,0.6,4.0,83.4,69.68,0,0,75,4.6,0.7,0.0,0,0
1787233286.357,12.737,106.3,64.69,0,0,79,1.9,1.4,102.2,66.55,0,1,74,2.5,1.0,90.4,64.70,0,0,78,2.2,0.5,83.4,69.68,0,0,75,0.6,0.5,0.0,0,0
1787233286.795,13.175,106.3,64.69,0,0,79,2.2,0.4,102.0,66.55,0,1,73,1.1,1.1,90.2,64.70,0,0,77,0.6,0.4,82.8,69.68,0,0,75,0.6,0.4,0.0,0,0
1787233287.233,13.612,105.8,64.69,0,0,79,5.6,0.5,102.0,66.55,0,1,73,3.2,2.7,90.2,64.70,0,0,77,2.3,0.9,82.8,69.68,0,0,75,2.3,0.5,0.0,0,0
1787233287.676,14.055,105.8,64.69,0,0,79,0.6,0.5,101.8,66.55,0,1,73,1.2,0.9,89.9,64.70,0,0,77,0.8,2.0,82.7,69.68,0,0,74,2.2,1.6,0.0,0,0
1787233288.116,14.496,105.4,64.69,0,0,79,0.6,0.5,101.6,66.55,0,1,73,2.8,1.0,89.9,64.70,0,0,77,0.9,0.6,82.7,69.68,0,0,74,0.8,0.9,0.0,0,0
1787233288.560,14.939,105.4,64.69,0,0,79,2.6,1.7,99.9,66.55,0,1,73,2.7,1.0,48.1,64.70,0,0,75,0.8,0.7,53.1,69.68,0,0,73,0.9,0.7,0.0,0,0
1787233289.003,15.382,72.4,64.69,0,0,77,7.4,1.0,86.3,66.55,0,1,72,7.5,3.1,48.1,64.70,0,0,75,6.2,2.2,53.1,69.68,0,0,73,1.9,0.7,0.0,0,0
1787233289.457,15.836,72.4,64.69,0,0,77,1.7,0.7,72.1,66.55,0,1,71,1.2,1.1,45.6,64.70,0,0,75,2.2,0.5,53.1,69.68,0,0,73,0.7,0.5,0.0,0,0
1787233289.899,16.278,64.3,64.69,0,0,77,2.3,0.5,69.9,66.55,0,1,71,2.8,1.1,40.3,64.70,0,0,74,2.1,4.1,22.9,69.68,0,0,72,3.5,2.9,0.0,0,0
1787233290.358,16.738,48.0,64.69,0,0,76,1.4,0.5,69.4,66.55,0,1,71,1.2,1.0,40.3,64.70,0,0,74,3.9,1.6,23.3,69.68,0,0,71,2.1,1.4,0.0,0,0
1787233290.816,17.196,47.6,64.69,0,0,76,0.7,1.6,68.6,66.55,0,1,71,4.2,2.2,29.6,64.70,0,0,74,4.8,1.6,23.9,69.68,0,0,71,1.7,1.6,0.0,0,0
1787233291.275,17.654,47.6,64.69,0,0,76,2.9,0.8,68.5,66.55,0,1,71,6.7,2.9,29.6,64.70,0,0,74,4.0,1.7,23.9,69.68,0,0,71,2.1,1.6,0.0,0,0
1787233291.750,18.130,36.9,64.69,0,0,76,0.7,0.5,68.5,66.55,0,1,71,1.1,1.1,29.7,64.70,0,0,73,2.2,1.6,20.1,69.68,0,0,71,2.1,1.4,0.0,0,0
1787233292.209,18.588,36.9,64.69,0,0,75,2.4,0.5,68.5,66.55,0,1,71,2.8,1.2,29.7,64.70,0,0,73,6.8,5.2,20.1,69.68,0,0,71,3.0,2.6,0.0,0,0
1787233292.682,19.062,34.9,64.69,0,0,75,0.7,0.6,68.2,66.55,0,1,70,1.1,1.2,28.9,64.70,0,0,73,2.5,1.5,19.3,69.68,0,0,70,2.0,1.2,0.0,0,0
1787233293.138,19.518,34.9,64.69,0,0,75,3.0,1.6,68.3,66.55,0,1,70,2.6,2.3,28.9,64.70,0,0,73,3.5,1.5,19.3,69.68,0,0,70,3.7,5.9,0.0,0,0
1787233293.617,19.996,34.9,64.69,0,0,75,2.4,0.5,68.4,66.55,0,1,70,2.8,1.1,28.9,64.70,0,0,73,2.1,1.5,19.3,69.68,0,0,70,2.1,1.4,0.0,0,0
1787233294.074,20.454,34.9,64.69,0,0,74,0.7,2.4,68.4,66.55,0,1,70,2.2,2.9,28.9,64.70,0,0,73,1.7,1.6,19.3,69.68,0,0,70,2.1,1.6,0.0,0,0
1787233294.553,20.933,34.3,64.69,0,0,74,0.8,0.6,67.9,66.55,0,1,69,1.1,1.1,30.1,64.70,0,0,72,2.1,1.7,19.3,69.68,0,0,69,3.6,2.5,0.0,0,0
1787233295.012,21.391,34.3,64.69,0,0,74,6.6,0.8,67.9,66.55,0,1,69,5.3,2.1,30.1,64.70,0,0,72,5.2,1.9,19.3,69.68,0,0,69,6.6,1.7,0.0,0,0
1787233295.497,21.877,33.9,64.69,0,0,74,2.1,1.5,67.4,66.55,0,1,69,3.9,0.9,30.1,64.70,0,0,72,3.6,1.6,19.3,69.68,0,0,69,2.7,1.7,0.0,0,0
1787233296.064,22.443,39.4,64.71,98,19,78,23095.1,10133.9,67.4,66.57,0,1,69,15639.0,18245.4,58.7,64.72,100,22,77,13789.9,40493.2,46.8,69.70,100,17,72,19983.1,22817.9,0.0,0,0
1787233296.511,22.890,109.4,64.71,100,21,79,17309.5,19122.7,135.7,66.57,100,14,74,11425.1,18349.5,58.7,64.72,100,22,77,19208.8,23034.2,46.8,69.70,100,17,72,27277.3,34226.2,0.0,0,0
1787233296.950,23.329,109.4,64.71,100,21,79,11270.3,20538.7,200.2,66.57,100,15,73,14081.0,10985.4,156.2,64.72,100,20,78,28287.2,31416.2,134.9,69.70,100,18,74,16569.1,38109.1,0.0,0,0
1787233297.393,23.773,222.8,64.71,100,20,78,13982.7,17721.8,221.3,66.57,94,13,73,18507.4,13364.6,211.6,64.72,100,21,77,16675.8,34916.3,201.8,69.70,100,19,73,27594.4,27701.8,0.0,0,0
1787233297.836,24.216,221.9,64.71,100,21,79,18939.0,20257.9,221.7,66.57,100,15,73,12526.7,12282.4,210.8,64.72,100,21,78,26344.1,20480.8,201.1,69.70,100,18,74,26670.8,29444.9,0.0,0,0
1787233298.277,24.656,222.6,64.71,100,20,80,10427.3,23600.9,222.6,66.57,100,14,73,20593.3,9057.4,212.7,64.72,100,21,78,27708.6,27232.4,201.3,69.70,100,18,75,16226.6,43086.2,3.0,0,0
1787233298.727,25.107,227.3,64.71,100,20,80,13963.5,16336.1,222.6,66.57,100,14,73,21276.8,11889.8,215.8,64.72,100,21,79,16822.3,34559.9,205.5,69.70,100,16,74,27413.1,18498.4,3.0,0,0
1787233299.170,25.549,226.1,64.71,100,22,80,19727.4,14498.9,224.3,66.57,94,15,73,10742.2,19815.0,215.0,64.72,100,21,79,21163.3,26861.0,204.1,69.70,100,18,75,26563.3,34329.6,3.0,0,0
1787233299.621,26.001,228.0,64.71,100,21,80,13981.3,15147.3,225.4,66.57,100,14,74,17667.2,16300.7,215.7,64.72,100,20,80,16654.1,26671.9,205.2,69.70,100,18,75,27709.8,18504.6,3.0,0,0
1787233300.065,26.444,230.3,64.71,100,21,81,18037.6,16174.7,225.3,66.57,100,14,73,9175.0,19196.9,219.6,64.72,100,21,79,19531.4,27111.7,208.3,69.70,100,17,77,19072.9,34360.7,3.0,0,0
1787233300.512,26.892,228.2,64.71,100,22,81,7971.4,18490.5,226.0,66.57,94,15,73,15383.6,9875.8,219.6,64.72,100,21,79,24150.0,33106.4,208.3,69.70,100,17,77,20936.2,27589.5,3.0,0,0
1787233300.954,27.334,228.2,64.71,100,22,81,21032.5,12882.7,227.5,66.57,100,14,76,12165.2,17719.1,219.1,64.72,100,20,80,22360.2,28586.4,205.4,69.70,100,18,76,16780.2,32684.6,3.0,0,0
1787233301.400,27.780,231.2,64.71,100,19,83,18255.5,8071.7,230.5,66.57,100,13,74,22659.2,13952.6,219.1,64.72,100,22,79,16530.0,27623.8,208.4,69.70,100,19,75,20418.5,44311.1,3.0,0,0
1787233301.844,28.223,233.7,64.73,100,22,81,23656.1,14194.2,228.5,66.59,93,15,75,13808.1,12592.6,221.9,64.74,100,19,81,19164.6,44898.6,213.1,69.72,100,16,76,8844.1,36849.1,3.0,0,0
1787233302.287,28.667,232.0,64.73,100,20,81,16361.2,20670.0,229.4,66.59,100,14,75,8480.1,15794.9,221.0,64.74,100,21,81,19058.1,22828.9,209.1,69.72,100,18,77,23333.3,31207.2,3.0,0,0
1787233302.729,29.109,233.3,64.73,100,18,83,14943.6,10873.2,229.4,66.59,100,14,75,18474.1,13571.2,221.8,64.74,100,21,81,24102.6,21932.1,210.7,69.72,100,18,76,19280.2,35645.2,3.0,0,0
1787233303.171,29.550,236.5,64.73,100,18,83,21533.1,9336.2,232.9,66.59,100,14,75,16529.9,15792.5,226.1,64.74,100,19,80,10019.2,45902.5,213.5,69.72,100,17,76,20642.9,28142.8,3.0,0,0
1787233303.619,29.998,233.6,64.74,92,22,81,23144.7,12594.9,233.3,66.59,100,15,76,10645.7,18817.6,223.0,64.74,100,21,82,18529.2,33406.5,211.6,69.72,100,18,76,15340.6,28236.9,3.0,0,0
1787233304.068,30.447,235.3,64.74,100,21,82,15600.0,21054.2,232.4,66.59,100,14,75,9314.5,14859.7,224.6,64.74,100,21,81,19566.3,21443.7,212.8,69.72,100,18,77,22919.0,30059.7,3.0,0,0
1787233304.514,30.893,236.8,64.74,100,19,83,15442.2,13896.5,232.8,66.59,100,13,75,13971.6,11484.2,224.6,64.74,100,21,81,25136.9,12777.2,212.8,69.72,100,18,77,27799.2,29898.4,3.0,0,0
1787233304.955,31.335,236.8,64.74,100,19,83,9899.9,16639.0,235.0,66.59,100,14,75,14650.9,17672.7,229.6,64.74,100,18,81,11683.9,27161.6,217.3,69.72,100,17,76,31469.8,10870.8,3.0,0,0
1787233305.409,31.789,240.8,64.74,97,19,82,5536.4,19844.2,233.6,66.59,100,14,76,13901.0,11421.2,226.0,64.74,100,20,81,16805.1,28839.6,213.3,69.72,100,17,77,27970.7,10955.8,3.0,0,0
1787233305.855,32.235,238.1,64.74,100,21,82,6112.4,19121.8,235.1,66.59,100,13,75,13902.6,11475.7,226.9,64.74,100,20,83,16803.2,28789.1,215.3,69.72,100,17,76,27567.7,18878.3,3.0,0,0
1787233306.302,32.682,240.5,64.74,100,21,83,7785.9,15624.2,238.2,66.59,100,14,76,15174.5,10078.7,233.1,64.74,100,20,81,20267.3,28530.5,219.3,69.72,100,18,78,27186.7,16396.8,3.0,0,0
1787233306.752,33.131,243.2,64.74,100,21,82,373.9,526.3,238.2,66.59,100,14,76,383.5,575.4,229.8,64.74,99,39,81,349.9,509.4,218.7,69.72,99,32,76,365.4,468.6,2.0,1,0
1787233307.195,33.574,243.7,64.74,99,38,83,374.7,511.4,235.1,66.59,99,23,75,380.0,556.1,224.2,64.74,99,39,81,377.4,560.4,210.2,69.72,99,32,76,361.9,437.9,2.0,1,0
1787233307.640,34.019,242.0,64.74,99,38,83,351.4,544.4,228.2,66.59,99,23,75,384.8,565.5,218.1,64.74,99,39,81,378.4,550.2,203.3,69.72,99,32,76,373.4,472.9,2.0,1,0
1787233308.090,34.470,242.8,64.74,99,38,83,381.6,497.7,225.3,66.59,99,23,75,384.3,562.4,218.4,64.74,99,39,82,379.3,556.3,203.2,69.72,99,32,76,363.0,442.1,2.0,1,0
1787233308.534,34.914,243.1,64.74,99,38,83,374.6,519.9,225.4,66.59,99,23,75,379.0,555.6,218.4,64.74,99,39,82,385.1,544.8,203.2,69.72,99,32,76,360.8,444.3,2.0,1,0
1787233308.977,35.356,243.5,64.74,99,38,83,372.5,617.4,225.6,66.59,99,23,75,388.1,578.3,218.7,64.74,99,39,82,378.7,534.6,203.2,69.72,99,32,76,367.9,456.0,2.0,1,0
1787233309.426,35.806,243.5,64.74,99,38,83,376.1,514.7,225.8,66.59,99,23,75,385.9,580.0,219.2,64.74,99,39,82,348.0,506.2,203.2,69.72,99,32,76,360.6,448.8,2.0,1,0
1787233309.870,36.249,243.9,64.74,99,38,83,374.7,526.2,226.0,66.59,99,23,75,382.1,567.8,219.7,64.74,99,39,82,386.4,553.6,203.3,69.72,99,32,76,337.1,433.7,2.0,1,0
1787233310.314,36.693,244.3,64.74,99,38,83,372.6,488.4,225.9,66.59,99,23,75,386.7,559.7,219.7,64.74,99,39,82,377.0,538.7,203.3,69.72,99,32,76,365.2,469.8,2.0,1,0
1787233310.760,37.139,244.2,64.74,99,38,83,373.2,518.1,225.9,66.59,99,23,75,385.6,568.5,219.7,64.74,99,39,82,349.8,537.4,203.5,69.72,99,32,76,360.5,451.5,2.0,1,0
1787233311.203,37.583,244.1,64.74,99,38,84,373.3,516.3,225.7,66.59,99,23,75,381.2,551.7,219.7,64.74,99,39,82,398.1,574.2,203.7,69.72,99,32,76,362.1,440.0,2.0,1,0
1787233311.647,38.027,244.5,64.74,99,38,84,377.6,510.4,225.7,66.59,99,23,75,383.3,570.5,219.7,64.74,99,39,82,379.9,521.0,203.4,69.72,99,32,76,362.5,447.7,2.0,1,0
1787233312.093,38.472,244.6,64.74,99,38,84,378.0,511.9,225.7,66.59,99,23,75,385.0,569.8,219.7,64.74,99,39,82,374.0,520.6,203.3,69.72,99,32,76,363.0,458.4,2.0,1,0
1787233312.536,38.915,245.1,64.74,99,38,84,372.7,504.0,225.9,66.59,99,23,75,382.0,566.2,219.7,64.74,99,39,82,383.2,479.0,203.7,69.72,99,32,76,339.1,454.5,2.0,1,0
1787233312.979,39.358,245.7,64.74,99,38,84,372.9,595.1,226.0,66.59,99,23,75,396.1,583.6,219.9,64.74,99,39,83,377.7,565.6,203.7,69.72,99,32,76,364.0,453.3,2.0,1,0
1787233313.429,39.809,245.7,64.74,99,38,84,375.9,513.1,226.0,66.59,99,23,75,382.6,550.7,220.6,64.74,99,39,83,375.9,509.0,203.9,69.72,99,32,76,337.4,443.8,2.0,1,0
1787233313.874,40.253,246.3,64.74,99,38,84,354.9,480.9,225.9,66.59,99,23,75,359.7,563.7,220.7,64.74,99,39,83,377.8,547.4,204.0,69.72,99,32,76,393.2,439.8,2.0,1,0
1787233314.321,40.701,246.6,64.74,99,38,84,377.8,518.0,225.8,66.59,99,23,75,386.1,572.4,221.0,64.74,99,39,83,379.0,533.6,204.0,69.72,99,32,76,361.9,448.3,2.0,1,0
1787233314.766,41.145,246.9,64.74,99,38,85,375.5,493.2,225.8,66.59,99,23,75,358.2,571.9,221.2,64.74,99,39,83,379.5,538.0,204.1,69.72,99,32,76,362.1,475.1,2.0,1,0
1787233315.211,41.590,247.2,64.74,99,38,85,374.5,539.2,225.8,66.59,99,23,75,380.2,575.0,221.4,64.74,99,39,83,456.8,530.0,204.4,69.72,99,32,76,358.7,457.7,2.0,1,0
1787233315.661,42.040,247.6,64.74,99,38,85,373.9,518.2,226.0,66.59,99,23,75,379.7,561.5,221.8,64.74,99,39,83,380.8,495.3,204.6,69.72,99,32,76,364.0,458.9,2.0,1,0
1787233316.106,42.486,248.3,64.74,99,38,85,347.3,499.1,226.1,66.59,99,23,75,383.7,582.5,222.1,64.74,99,39,83,378.8,522.1,204.6,69.72,99,32,77,361.9,470.9,2.0,1,0
1787233316.551,42.930,248.8,64.74,99,38,85,375.6,500.8,226.3,66.59,99,23,75,382.0,572.5,222.4,64.74,99,39,84,349.2,486.1,204.6,69.72,99,32,77,365.4,450.3,2.0,1,0
1787233316.995,43.375,249.0,64.74,99,38,85,379.9,539.4,226.5,66.59,99,23,75,402.8,561.8,222.4,64.74,99,39,84,397.9,526.2,204.6,69.72,99,32,77,347.6,479.0,2.0,1,0
1787233317.448,43.827,249.0,64.74,99,38,85,374.1,506.6,226.6,66.59,99,23,75,384.7,566.0,222.7,64.74,99,39,84,376.4,528.2,204.7,69.72,99,32,77,363.6,449.7,2.0,1,0
1787233317.893,44.272,249.1,64.74,99,38,85,1.9,1.4,226.7,66.59,92,21,75,2.8,5.5,223.0,64.74,99,39,84,0.6,0.8,204.7,69.72,99,32,77,2.3,7.0,0.0,0,0
1787233318.387,44.766,236.2,64.74,0,0,83,374.0,531.8,179.6,66.59,86,10,75,356.7,570.1,182.0,64.74,0,0,81,379.3,540.7,167.7,69.72,0,0,75,363.6,467.6,2.0,1,0
1787233318.830,45.209,194.9,64.74,99,35,85,375.9,517.5,182.0,66.59,99,23,75,358.6,548.9,172.7,64.74,99,39,84,374.0,621.5,156.5,69.72,99,32,76,362.8,462.5,2.0,1,0
1787233319.271,45.651,209.0,64.74,99,38,85,412.8,532.0,182.0,66.59,99,23,75,383.4,567.9,213.5,64.74,99,39,84,373.6,486.6,193.7,69.72,99,32,77,362.9,455.7,2.0,1,0
1787233319.717,46.096,247.9,64.74,99,38,86,372.0,530.3,221.4,66.59,99,23,75,377.7,562.1,222.8,64.74,99,39,84,376.1,534.0,204.9,69.72,99,32,77,334.8,433.4,2.0,1,0
1787233320.158,46.538,249.6,64.74,99,38,86,378.5,514.9,225.9,66.59,99,23,75,385.0,543.7,223.0,64.74,99,39,84,372.5,544.3,204.8,69.72,99,32,77,366.1,439.9,2.0,1,0
1787233320.600,46.979,249.8,64.74,99,38,86,371.5,529.1,226.0,66.59,99,23,75,379.6,561.4,223.3,64.74,99,39,84,378.2,542.7,204.9,69.72,99,32,77,365.6,446.0,2.0,1,0
1787233321.042,47.422,250.0,64.74,99,38,86,369.4,530.3,226.2,66.59,99,23,75,453.5,561.0,223.3,64.74,99,39,84,381.1,550.4,204.9,69.72,99,32,77,337.1,449.9,2.0,1,0
1787233321.493,47.872,250.5,64.74,99,38,86,373.8,529.5,226.6,66.59,99,23,75,381.2,571.8,223.7,64.74,99,39,84,374.8,521.2,204.9,69.72,99,32,77,362.4,444.7,2.0,1,0
1787233321.936,48.315,250.5,64.74,99,38,86,358.8,531.0,226.9,66.59,99,23,75,398.7,752.5,223.9,64.74,99,39,84,416.8,575.9,204.9,69.72,99,32,77,424.4,517.2,2.0,1,0
1787233322.400,48.779,250.7,64.74,99,38,86,373.6,488.8,227.0,66.59,99,23,76,377.9,563.4,224.1,64.74,99,39,85,374.6,527.6,204.9,69.72,99,32,77,362.9,464.2,2.0,1,0
1787233322.843,49.223,251.0,64.74,99,38,86,378.9,525.3,227.1,66.59,99,23,76,378.7,550.2,224.3,64.74,99,39,85,376.5,616.1,204.9,69.72,99,32,77,362.9,454.6,2.0,1,0
1787233323.287,49.667,251.1,64.74,99,38,86,376.0,523.1,227.1,66.59,99,23,76,382.4,571.1,224.5,64.74,99,39,85,372.9,536.3,204.9,69.72,99,32,77,364.5,425.9,2.0,1,0
1787233323.731,50.110,251.1,64.74,99,38,87,374.1,516.2,227.1,66.59,99,23,76,384.3,579.8,225.0,64.74,99,39,85,377.8,527.5,204.9,69.72,99,32,77,362.5,449.6,2.0,1,0
1787233324.174,50.554,251.5,64.74,99,38,87,376.2,508.0,227.1,66.59,99,23,76,383.5,565.2,225.2,64.74,99,39,85,377.4,518.5,205.1,69.72,99,32,77,382.4,463.7,2.0,1,0
1787233324.618,50.997,251.9,64.74,99,38,87,375.1,515.3,227.2,66.59,99,23,76,381.8,580.4,225.3,64.74,99,39,85,351.6,533.2,205.1,69.72,99,32,77,361.5,454.6,2.0,1,0
1787233325.062,51.441,252.4,64.74,99,38,87,350.3,546.5,227.3,66.59,99,23,76,357.4,557.0,225.6,64.74,99,39,85,375.7,528.7,205.0,69.72,99,32,77,359.3,454.4,2.0,1,0
1787233325.512,51.892,252.8,64.74,99,38,87,372.5,508.0,227.3,66.59,99,23,76,383.2,573.2,225.6,64.74,99,39,85,354.2,507.9,205.0,69.72,99,32,77,363.4,451.1,2.0,1,0
1787233325.956,52.335,252.8,64.74,99,38,87,375.3,518.3,227.1,66.59,99,23,76,379.5,579.5,225.8,64.74,99,39,85,391.2,536.6,204.9,69.72,99,32,77,391.3,448.2,2.0,1,0
1787233326.405,52.784,253.2,64.74,99,38,87,373.1,526.6,226.9,66.59,99,23,76,381.2,564.0,226.0,64.74,99,39,85,355.3,557.6,204.8,69.72,99,32,77,364.9,472.4,2.0,1,0
1787233326.848,53.227,253.3,64.74,99,38,87,374.8,527.4,227.0,66.59,99,23,76,381.3,558.2,226.0,64.74,99,39,86,377.4,570.0,204.7,69.72,99,32,77,370.6,458.3,2.0,1,0
1787233327.290,53.670,253.3,64.74,99,38,87,371.6,504.5,227.3,66.59,99,23,76,381.5,556.7,226.3,64.74,99,39,86,378.2,540.9,205.0,69.72,99,32,77,362.2,469.4,2.0,1,0
1787233327.737,54.116,253.8,64.74,99,38,88,380.5,514.9,227.3,66.59,99,23,76,361.6,563.9,226.9,64.74,99,39,86,378.1,524.0,205.3,69.72,99,32,77,359.7,452.9,2.0,1,0
1787233328.182,54.562,254.2,64.74,99,38,88,381.5,508.0,227.6,66.59,99,23,76,381.2,564.5,226.9,64.74,99,39,86,425.3,550.7,205.4,69.72,99,32,77,366.7,450.2,2.0,1,0
1787233328.639,55.018,254.5,64.74,99,38,88,352.4,503.2,227.7,66.59,99,23,76,382.9,571.3,226.9,64.74,99,39,86,376.9,553.1,205.2,69.72,99,32,77,361.3,447.7,2.0,1,0
1787233329.081,55.461,254.9,64.74,99,38,88,414.7,510.5,227.6,66.59,99,23,76,380.8,574.2,227.1,64.74,99,39,86,379.2,523.7,204.9,69.72,99,32,77,363.4,452.8,2.0,1,0
1787233329.532,55.912,255.0,64.74,99,38,88,374.8,495.0,227.6,66.59,99,23,76,186.1,1.1,227.1,64.74,99,39,86,2.5,4.8,204.9,69.72,99,32,77,1.5,0.5,0.0,0,0
1787233330.145,56.524,213.0,64.74,8,0,86,11439.3,20363.1,208.1,66.59,0,1,74,17971.4,11570.7,189.0,64.74,100,20,85,24941.7,36952.9,171.5,69.72,100,18,78,17731.6,37733.7,0.0,0,0
1787233330.596,56.976,205.0,64.74,100,21,88,23237.9,9804.5,193.5,66.59,100,15,76,20342.5,14437.2,189.3,64.74,100,20,86,13418.7,44777.4,171.8,69.72,100,17,78,20165.6,27079.7,0.0,0,0
1787233331.046,57.425,235.6,64.74,100,20,87,18819.2,19207.4,210.6,66.59,100,13,76,13993.4,14985.3,189.3,64.74,100,20,86,27434.6,22316.3,204.3,69.72,100,19,78,19251.0,40974.5,0.0,0,0
1787233331.497,57.876,234.7,64.74,95,20,88,15522.2,20612.3,224.5,66.59,100,14,76,10073.1,16028.9,221.4,64.74,100,22,86,20796.5,20124.6,204.3,69.72,100,19,78,27818.2,33522.5,0.0,0,0
1787233331.951,58.331,234.7,64.74,95,20,88,13994.6,13116.7,223.0,66.59,100,15,76,23024.2,9591.1,220.0,64.74,100,21,86,21809.3,42914.2,203.2,69.72,100,18,78,12309.7,44062.2,0.0,0,0
1787233332.398,58.777,236.4,64.74,100,21,88,16703.3,10029.2,225.2,66.59,100,14,77,22434.1,15826.6,222.2,64.74,100,19,86,16702.7,29195.4,204.5,69.72,100,17,79,22168.3,40272.2,3.0,0,0
1787233332.839,59.219,238.7,64.74,100,22,88,15590.3,20594.7,226.6,66.59,100,14,77,8911.9,17545.4,224.2,64.74,100,21,88,17997.0,23733.6,207.9,69.72,100,18,78,24459.5,34100.7,3.0,0,0
1787233333.280,59.659,237.2,64.74,94,22,88,23756.6,9535.5,225.7,66.59,100,14,77,16413.6,16455.1,222.3,64.74,100,22,87,10601.8,45486.7,206.8,69.72,100,17,77,20152.1,26437.5,3.0,0,0
1787233333.722,60.102,238.5,64.74,100,22,89,13935.5,12428.3,225.7,66.59,100,14,77,23255.4,8433.2,225.0,64.74,100,22,87,25866.4,28621.8,207.2,69.72,100,18,80,14707.6,40140.7,3.0,0,0
1787233334.166,60.545,242.5,64.74,100,22,88,17880.3,15923.2,228.4,66.59,100,13,77,14038.9,12120.7,227.1,64.74,100,20,88,27718.3,32609.3,211.9,69.72,100,16,78,19052.4,37562.4,3.0,0,0
1787233334.623,61.002,241.6,64.74,94,21,88,23107.3,13369.9,229.8,66.59,100,13,76,13844.3,13115.7,225.9,64.74,100,20,87,20108.9,44729.1,209.9,69.72,100,16,78,10288.1,33512.2,3.0,0,0
1787233335.065,61.444,242.3,64.74,100,21,89,16840.5,12432.6,228.6,66.59,100,14,77,14044.4,13577.2,226.0,64.74,100,20,87,27777.0,15459.6,211.1,69.72,100,17,78,25678.2,27620.3,3.0,0,0
1787233335.516,61.895,245.7,64.74,100,20,88,13948.9,13799.8,229.8,66.59,100,14,76,16913.8,17821.4,226.0,64.74,100,20,87,12892.2,33125.3,211.1,69.72,100,17,78,22135.3,16781.9,3.0,0,0
1787233335.962,62.341,245.7,64.74,100,20,88,15985.4,18407.9,232.6,66.59,100,13,76,13819.0,11561.0,229.2,64.74,100,21,88,26188.8,13908.6,213.3,69.72,100,18,79,28256.3,27910.7,3.0,0,0
1787233336.415,62.794,243.4,64.74,93,19,89,23469.8,5716.6,231.1,66.59,100,13,77,20719.4,12400.3,228.6,64.74,100,21,87,15666.5,34975.0,211.8,69.72,100,17,80,19253.3,40914.2,3.0,0,0
1787233336.858,63.238,243.9,64.74,100,19,90,13954.6,13581.6,231.5,66.59,100,14,78,15992.6,19181.9,230.7,64.74,100,20,87,9911.7,37765.5,212.5,69.72,100,18,80,17620.5,24503.8,3.0,0,0
1787233337.305,63.684,246.8,64.74,100,20,89,9335.8,15958.5,234.3,66.59,100,14,78,16481.1,8755.0,232.5,64.74,100,20,87,24313.6,32222.5,216.1,69.72,100,17,78,20620.5,31181.1,3.0,0,0
1787233337.751,64.130,245.1,64.74,100,21,88,15372.5,16300.3,234.3,66.59,100,14,78,11238.2,13626.0,230.4,64.74,100,20,88,20371.4,20604.4,214.6,69.72,100,17,80,22837.8,30067.7,3.0,0,0
1787233338.195,64.574,245.9,64.74,100,20,90,15266.4,14219.5,233.0,66.59,100,12,77,13963.0,11545.1,232.2,64.74,100,19,89,24822.2,12969.0,215.1,69.72,100,17,79,27570.5,30092.3,3.0,0,0
1787233338.639,65.019,248.0,64.74,100,21,88,13961.8,12137.9,233.8,66.59,100,13,78,14081.2,13403.9,234.0,64.74,100,21,89,27642.2,14133.4,219.4,69.72,100,18,79,26913.0,27568.6,3.0,0,0
1787233339.087,65.466,250.0,64.74,100,20,89,9334.6,15311.6,237.3,66.59,100,13,77,14973.9,10320.8,231.8,64.74,93,22,87,19111.0,28475.0,216.0,69.72,93,19,78,27519.8,10699.4,3.0,0,0
1787233339.536,65.915,249.0,64.74,100,19,89,4415.4,20143.6,235.2,66.59,100,13,77,14239.9,12014.7,231.8,64.74,93,22,87,16788.1,26803.0,216.0,69.72,93,19,78,25454.4,12826.5,3.0,0,0
1787233339.983,66.362,249.6,64.74,100,20,89,4431.4,24030.7,236.0,66.59,100,13,78,14964.3,9965.2,233.2,64.74,100,20,88,23401.2,37007.1,216.9,69.72,100,18,80,17971.2,27928.2,3.0,0,0
1787233340.441,66.820,249.6,64.74,100,20,89,12218.7,12554.7,240.3,66.59,100,14,77,18834.5,7138.8,233.9,64.74,100,20,89,24282.4,28570.9,222.4,69.72,100,17,79,23753.2,21583.4,3.0,0,0
1787233340.889,67.268,252.0,64.74,100,20,90,369.7,501.4,237.7,66.59,99,23,77,383.1,564.6,237.9,64.74,100,20,88,374.7,539.9,221.0,69.72,100,17,79,335.4,459.0,2.0,1,0
1787233341.332,67.712,254.7,64.74,99,38,89,374.2,499.1,232.9,66.59,99,23,77,383.7,571.5,234.8,64.74,99,39,88,374.1,548.2,214.3,69.72,99,32,79,366.9,463.4,2.0,1,0
1787233341.776,68.155,256.1,64.74,99,38,89,375.5,502.1,232.9,66.59,99,23,77,360.9,558.1,233.1,64.74,99,39,88,377.2,532.5,208.3,69.72,99,32,79,365.0,469.4,2.0,1,0
1787233342.220,68.600,258.3,64.74,99,38,89,371.1,506.0,229.0,66.59,99,23,77,380.8,564.6,232.5,64.74,99,39,88,388.2,523.9,207.6,69.72,99,32,79,361.1,436.3,2.0,1,0
1787233342.665,69.045,258.3,64.74,99,38,89,347.8,490.5,228.9,66.59,99,23,77,386.4,558.0,232.4,64.74,99,39,88,379.4,549.1,207.7,69.72,99,32,79,364.6,458.6,2.0,1,0
1787233343.108,69.487,258.2,64.74,99,38,89,372.5,500.7,229.1,66.59,99,23,77,379.8,565.4,232.4,64.74,99,39,88,345.7,517.1,207.6,69.72,99,32,79,365.8,469.2,2.0,1,0
1787233343.551,69.931,258.4,64.74,99,38,89,378.7,522.8,229.3,66.59,99,23,77,383.9,568.5,232.4,64.74,99,39,88,381.9,545.8,207.9,69.72,99,32,79,363.0,444.1,2.0,1,0
1787233343.996,70.375,258.5,64.74,99,38,89,376.2,530.4,229.6,66.59,99,23,77,398.9,583.3,232.6,64.74,99,39,88,402.6,545.8,207.9,69.72,99,32,79,365.4,455.6,2.0,1,0
1787233344.448,70.827,258.5,64.74,99,38,89,371.6,488.8,229.6,66.59,99,23,77,387.3,586.1,232.4,64.74,99,39,88,393.9,482.5,208.0,69.72,99,32,79,359.1,442.1,2.0,1,0
1787233344.898,71.278,258.4,64.74,99,38,89,348.9,498.8,229.3,66.59,99,23,77,383.0,567.1,232.3,64.74,99,39,88,377.6,553.5,207.9,69.72,99,32,79,362.7,464.7,2.0,1,0
1787233345.344,71.724,258.3,64.74,99,38,89,378.6,516.0,229.2,66.59,99,23,77,383.0,539.0,232.2,64.74,99,39,88,378.1,490.7,207.8,69.72,99,32,79,336.8,453.6,2.0,1,0
1787233345.788,72.168,258.3,64.74,99,38,89,383.5,536.2,229.2,66.59,99,23,77,381.6,586.9,232.2,64.74,99,39,88,381.1,535.2,207.8,69.72,99,32,79,374.5,459.5,2.0,1,0
1787233346.232,72.612,258.0,64.74,99,38,89,347.9,497.7,229.2,66.59,99,23,77,384.0,606.3,232.1,64.74,99,39,88,352.4,540.8,207.7,69.72,99,32,79,373.3,459.0,2.0,1,0
1787233346.679,73.058,258.1,64.74,99,38,89,371.1,514.3,229.5,66.59,99,23,77,382.1,548.6,232.0,64.74,99,39,88,373.3,498.5,207.9,69.72,99,32,79,361.0,477.8,2.0,1,0
1787233347.121,73.500,258.3,64.74,99,38,89,372.3,505.9,229.6,66.59,99,23,77,383.6,560.8,232.0,64.74,99,39,88,381.2,525.7,207.9,69.72,99,32,79,339.1,432.4,2.0,1,0
1787233347.564,73.943,258.3,64.74,99,38,89,368.8,503.3,229.6,66.59,99,23,77,382.5,555.8,232.2,64.74,99,39,88,379.4,534.8,207.8,69.72,99,32,79,359.5,462.1,2.0,1,0
1787233348.007,74.386,258.2,64.74,99,38,89,399.2,519.2,229.7,66.59,99,23,77,366.8,567.3,232.2,64.74,99,39,88,385.4,545.1,207.8,69.72,99,32,79,365.5,452.8,2.0,1,0
1787233348.453,74.832,258.2,64.74,99,38,89,371.5,526.4,230.0,66.59,99,23,77,381.7,560.0,232.4,64.74,99,39,88,379.4,509.6,207.8,69.72,99,32,79,403.7,453.5,2.0,1,0
1787233348.903,75.282,258.2,64.74,99,38,89,370.0,509.3,230.0,66.59,99,23,77,382.4,561.3,232.7,64.74,99,39,88,349.2,551.6,207.8,69.72,99,32,79,353.3,474.8,2.0,1,0
1787233349.350,75.729,257.9,64.74,99,38,89,350.9,505.1,229.9,66.59,99,23,77,381.7,562.6,232.7,64.74,99,39,88,379.1,526.7,207.8,69.72,99,32,79,360.9,453.1,2.0,1,0
1787233349.794,76.173,258.0,64.74,99,38,89,372.5,488.6,230.1,66.59,99,23,77,379.7,562.1,232.8,64.74,99,39,88,377.4,541.9,207.9,69.72,99,32,79,363.5,457.8,2.0,1,0
1787233350.239,76.618,258.4,64.74,99,38,89,372.0,511.3,230.1,66.59,99,23,77,388.4,601.8,232.9,64.74,99,39,88,381.1,534.0,208.2,69.72,99,32,79,363.1,463.4,2.0,1,0
1787233350.683,77.063,258.6,64.74,99,38,89,374.2,504.8,230.1,66.59,99,23,77,356.0,545.6,232.7,64.74,99,39,88,375.5,531.8,208.3,69.72,99,32,79,364.0,470.4,2.0,1,0
1787233351.127,77.507,258.7,64.74,99,38,89,373.1,508.9,230.1,66.59,99,23,77,378.2,554.3,232.7,64.74,99,39,88,378.8,515.3,208.5,69.72,99,32,79,337.5,474.2,2.0,1,0
1787233351.573,77.952,259.0,64.74,99,38,89,349.4,480.4,230.3,66.59,99,23,77,376.9,563.9,232.7,64.74,99,39,88,375.2,532.3,208.5,69.72,99,32,79,365.5,448.2,2.0,1,0
1787233352.016,78.395,248.8,64.74,99,38,87,2.0,4.7,230.3,66.59,99,23,77,2.4,2.7,232.7,64.74,99,39,88,2.7,0.5,208.5,69.72,99,32,79,2.3,0.5,0.0,0,0
1787233352.493,78.872,208.4,64.74,100,21,89,10979.3,20217.4,190.0,66.59,47,9,75,17503.5,11564.9,208.5,64.74,0,0,85,21475.6,37197.0,189.1,69.72,0,0,76,20933.4,27538.8,0.0,0,0
1787233352.935,79.315,208.4,64.74,100,21,89,16562.8,11945.9,190.6,66.59,100,14,78,18711.4,15915.0,187.6,64.74,100,21,88,20385.9,29909.1,172.2,69.72,100,17,80,27626.2,27615.8,0.0,0,0
1787233353.384,79.763,203.2,64.74,100,19,88,23319.3,13975.3,217.6,66.59,100,14,78,13833.7,16703.6,197.3,64.74,100,22,88,22857.8,32784.7,188.5,69.72,100,18,80,16804.2,35903.9,0.0,0,0
1787233353.826,80.206,237.2,64.74,100,21,90,13997.2,15668.8,224.8,66.59,94,14,77,23144.5,10231.0,223.8,64.74,100,20,88,19286.8,39896.7,207.7,69.72,100,17,79,12148.9,43627.8,0.0,0,0
1787233354.268,80.648,236.6,64.74,100,21,88,15127.2,10953.8,224.8,66.59,94,14,77,24491.6,12886.3,222.2,64.74,100,22,88,16681.4,36767.9,205.4,69.72,100,18,79,21924.0,34691.9,0.0,0,0
1787233354.714,81.093,238.1,64.74,100,20,89,13953.4,16240.3,224.5,66.59,100,14,79,18485.1,12512.0,223.7,64.74,100,21,88,19241.7,44658.7,207.8,69.72,100,18,80,12245.9,36524.0,3.0,0,0
1787233355.159,81.538,239.8,64.74,100,21,88,14185.0,19055.0,225.7,66.59,100,14,78,19721.9,11500.4,226.0,64.74,100,21,88,18476.2,34575.4,210.6,69.72,100,17,79,25235.6,23634.4,3.0,0,0
1787233355.602,81.981,238.6,64.74,100,22,89,19582.9,13962.8,226.1,66.59,100,16,78,10886.6,18833.8,225.5,64.74,100,19,89,21047.5,30776.5,207.8,69.72,100,18,81,16861.3,30590.6,3.0,0,0
1787233356.046,82.425,240.3,64.74,100,21,89,24654.0,11883.6,227.7,66.59,100,14,78,17300.6,19084.3,226.4,64.74,100,20,89,12803.1,32412.4,212.0,69.72,100,16,80,22974.5,18044.6,3.0,0,0
1787233356.500,82.879,243.2,64.74,100,20,88,22235.7,15681.4,229.7,66.59,100,14,78,14981.7,12514.6,226.4,64.74,100,20,89,19793.6,45264.6,212.0,69.72,100,16,80,10715.2,38468.8,3.0,0,0
1787233356.946,83.325,243.2,64.74,100,20,88,13923.7,16719.0,228.4,66.59,100,17,77,16534.1,15922.0,228.6,64.74,100,21,89,16754.9,27896.2,213.8,69.72,100,17,80,27502.6,16048.4,3.0,0,0
1787233357.396,83.775,241.2,64.74,100,20,88,20985.7,14671.7,230.0,66.59,100,13,77,16884.1,12608.5,227.2,64.74,100,21,89,16666.0,44429.5,210.8,69.72,100,18,81,9198.2,43915.4,3.0,0,0
1787233357.843,84.222,242.1,64.74,100,20,88,17003.7,14357.1,231.8,66.59,100,13,78,14023.5,11480.1,227.6,64.74,100,22,89,27603.4,15783.4,212.8,69.72,100,18,80,27032.9,29815.1,3.0,0,0
1787233358.284,84.664,245.4,64.74,100,21,88,10266.8,15350.2,231.1,66.59,93,15,77,19190.0,6804.9,231.1,64.74,100,22,89,26928.8,30922.9,215.5,69.72,100,17,80,19344.5,28041.3,3.0,0,0
1787233358.731,85.110,244.3,64.74,100,21,89,21114.4,14221.1,231.1,66.59,93,15,77,17434.7,12513.8,229.4,64.74,100,21,88,16665.6,41619.8,213.8,69.72,100,17,82,16985.4,27369.6,3.0,0,0
1787233359.186,85.565,245.1,64.74,100,19,89,16048.7,14011.9,232.0,66.59,100,12,78,14032.0,11561.3,230.6,64.74,100,22,88,33346.4,17737.1,215.0,69.72,100,19,82,22295.3,30345.5,3.0,0,0
1787233359.633,86.012,246.8,64.74,100,19,90,23496.3,5934.3,235.8,66.59,100,14,79,22803.5,12063.5,234.6,64.74,100,19,89,16579.6,30881.8,217.4,69.72,100,18,81,20084.4,32446.7,3.0,0,0
1787233360.075,86.454,244.7,64.74,100,22,89,13978.8,12026.4,234.7,66.59,93,13,80,22830.9,5481.0,231.3,64.74,100,20,90,27514.2,29698.2,217.1,69.72,100,17,81,18378.8,27474.4,3.0,0,0
1787233360.520,86.899,246.2,64.74,100,20,90,14735.3,14034.2,233.8,66.59,100,12,78,23147.2,5796.0,231.3,64.74,100,20,90,27147.4,26615.2,217.1,69.72,100,17,81,16456.6,31482.9,3.0,0,0
1787233360.964,87.343,246.2,64.74,100,20,90,19201.2,14149.3,234.6,66.59,100,14,79,19368.9,12516.2,233.5,64.74,100,20,89,16883.9,44525.2,216.9,69.72,100,18,81,6686.5,43982.5,3.0,0,0
1787233361.415,87.794,250.4,64.74,100,21,88,21793.0,5013.3,238.2,66.59,100,13,78,22521.9,12700.4,235.5,64.74,100,21,90,20556.8,23091.1,220.1,69.72,100,18,81,18703.4,33385.1,3.0,0,0
1787233361.861,88.240,247.5,64.74,93,21,89,16146.8,9845.6,236.2,66.59,100,14,78,17375.8,12673.6,232.7,64.74,100,20,88,27122.2,13836.1,219.8,69.72,100,17,80,24821.6,36512.4,3.0,0,0
1787233362.312,88.691,250.1,64.74,100,20,88,19221.0,7075.1,235.7,66.59,100,15,80,20001.1,12504.9,235.1,64.74,100,21,89,24274.6,15964.9,219.5,69.72,100,18,81,23106.4,27510.9,3.0,0,0
1787233362.759,89.138,252.4,64.74,100,20,88,15304.8,11112.6,235.7,66.59,100,15,80,16067.2,12493.8,238.3,64.74,100,20,90,27683.2,9540.3,225.2,69.72,100,16,81,27570.4,28092.2,3.0,0,0
1787233363.205,89.584,252.2,64.74,100,20,90,373.0,530.2,241.4,66.59,100,13,79,382.2,544.4,236.9,64.74,99,39,88,353.5,554.8,221.3,69.72,99,32,80,358.0,446.2,2.0,1,0
1787233363.647,90.027,254.7,64.74,99,38,88,375.5,545.4,237.2,66.59,99,23,78,390.9,582.0,234.5,64.74,99,39,88,383.2,507.3,214.4,69.72,99,32,80,362.1,446.9,2.0,1,0
1787233364.091,90.470,255.8,64.74,99,38,88,382.6,517.7,233.2,66.59,99,23,78,386.2,583.1,233.4,64.74,99,39,88,377.5,534.4,210.1,69.72,99,32,80,361.3,476.8,2.0,1,0
1787233364.535,90.914,256.9,64.74,99,38,88,376.7,484.6,231.0,66.59,99,23,78,382.5,570.9,233.4,64.74,99,39,88,383.9,536.0,210.1,69.72,99,32,80,364.2,457.8,2.0,1,0
1787233364.978,91.358,256.9,64.74,99,38,88,384.6,613.3,231.2,66.59,99,23,78,393.1,593.9,233.2,64.74,99,39,88,376.3,566.7,210.0,69.72,99,32,80,366.5,457.0,2.0,1,0
1787233365.432,91.812,257.2,64.74,99,38,88,372.5,523.9,231.4,66.59,99,23,78,378.8,583.9,233.6,64.74,99,39,88,379.3,547.1,209.9,69.72,99,32,80,365.6,452.5,2.0,1,0
1787233365.876,92.256,257.4,64.74,99,38,88,374.9,522.0,231.5,66.59,99,23,78,358.0,555.2,233.5,64.74,99,39,88,377.4,533.8,209.9,69.72,99,32,80,368.2,456.2,2.0,1,0
1787233366.322,92.701,257.4,64.74,99,38,88,373.7,510.1,231.4,66.59,99,23,78,382.3,566.0,233.3,64.74,99,39,88,379.3,547.0,209.8,69.72,99,32,80,336.7,442.5,2.0,1,0
1787233366.766,93.145,257.3,64.74,99,38,88,378.6,516.1,231.4,66.59,99,23,78,384.4,554.0,233.1,64.74,99,39,88,381.0,554.6,209.6,69.72,99,32,80,359.6,449.2,2.0,1,0
1787233367.209,93.589,257.9,64.74,99,38,88,374.2,528.5,231.5,66.59,99,23,78,359.2,592.3,233.0,64.74,99,39,88,441.0,548.7,209.9,69.72,99,32,80,361.8,435.4,2.0,1,0
1787233367.660,94.039,257.8,64.74,99,38,88,376.4,501.6,231.8,66.59,99,23,78,385.2,558.4,232.6,64.74,99,39,88,378.6,545.6,210.0,69.72,99,32,80,360.7,444.4,2.0,1,0
1787233368.103,94.482,257.4,64.74,99,38,88,374.2,515.2,231.7,66.59,99,23,78,382.7,539.5,232.4,64.74,99,39,88,379.1,544.9,209.9,69.72,99,32,80,361.8,462.8,2.0,1,0
1787233368.547,94.927,257.1,64.74,99,38,88,372.9,504.8,231.6,66.59,99,23,78,382.6,546.2,232.4,64.74,99,39,88,377.2,574.6,210.1,69.72,99,32,80,343.9,434.7,2.0,1,0
1787233368.992,95.371,257.1,64.74,99,38,88,386.9,529.2,231.6,66.59,99,23,78,385.5,656.6,232.4,64.74,99,39,88,437.4,655.2,210.1,69.72,99,32,80,346.6,444.8,2.0,1,0
1787233369.465,95.844,257.1,64.74,99,38,88,384.5,509.9,231.7,66.59,99,23,78,383.7,572.5,232.3,64.74,99,39,88,376.8,525.7,210.1,69.72,99,32,80,361.3,442.6,2.0,1,0
1787233369.907,96.286,257.3,64.74,99,38,88,372.3,521.4,232.0,66.59,99,23,78,379.9,573.8,232.3,64.74,99,39,88,378.4,545.5,210.3,69.72,99,32,80,378.9,447.4,2.0,1,0
1787233370.351,96.730,257.6,64.74,99,38,88,372.2,529.9,232.0,66.59,99,23,79,360.6,564.8,232.3,64.74,99,39,88,383.6,563.2,210.8,69.72,99,32,80,360.9,468.6,2.0,1,0
1787233370.794,97.174,257.5,64.74,99,38,88,373.1,528.9,231.8,66.59,99,23,79,379.1,575.4,232.0,64.74,99,39,88,350.4,525.7,210.7,69.72,99,32,80,364.2,469.1,2.0,1,0
1787233371.238,97.617,257.2,64.74,99,38,88,373.5,524.2,231.8,66.59,99,23,79,386.0,572.4,231.8,64.74,99,39,88,379.2,534.8,210.4,69.72,99,32,80,360.3,453.0,2.0,1,0
1787233371.683,98.062,256.9,64.74,99,38,88,351.0,518.4,231.8,66.59,99,23,78,385.8,570.1,231.8,64.74,99,39,88,377.2,537.9,210.5,69.72,99,32,80,360.2,452.5,2.0,1,0
1787233372.124,98.504,257.0,64.74,99,38,88,369.5,489.3,231.8,66.59,99,23,79,382.3,570.9,231.8,64.74,99,39,88,379.0,551.3,210.8,69.72,99,32,80,365.6,498.0,2.0,1,0
1787233372.568,98.947,257.3,64.74,99,38,88,373.5,509.8,232.0,66.59,99,23,79,384.6,553.7,232.2,64.74,99,39,88,351.4,526.5,210.9,69.72,99,32,80,360.6,449.2,2.0,1,0
1787233373.010,99.389,257.7,64.74,99,38,88,383.1,511.5,232.3,66.59,99,23,79,386.5,567.2,232.2,64.74,99,39,88,381.0,542.4,210.9,69.72,99,32,80,370.4,451.4,2.0,1,0
1787233373.457,99.836,257.7,64.74,99,38,88,376.5,508.0,232.3,66.59,99,23,79,381.8,540.5,232.4,64.74,99,39,88,379.0,549.5,210.9,69.72,99,32,80,364.0,452.9,2.0,1,0
1787233373.901,100.281,257.6,64.74,99,38,88,377.2,512.9,232.4,66.59,99,23,79,382.7,543.7,232.4,64.74,99,39,88,384.3,626.5,211.1,69.72,99,32,81,368.2,477.5,2.0,1,0
1787233374.355,100.734,257.7,64.74,99,38,88,0.6,0.5,231.6,66.59,80,19,79,2.8,0.9,232.3,64.74,99,39,88,2.4,1.3,211.3,69.72,99,32,81,2.5,1.4,0.0,0,0
1787233374.851,101.230,228.0,64.74,0,0,86,11856.3,20004.0,190.7,66.59,100,14,80,17930.1,11501.4,189.6,64.74,20,6,84,19910.1,37353.8,172.8,69.72,4,0,79,22759.9,27617.2,0.0,0,0
1787233375.294,101.673,203.3,64.74,100,21,88,18061.5,10112.0,188.1,66.59,100,14,79,23302.4,13307.2,184.6,64.74,100,21,89,16667.4,39076.0,173.7,69.72,100,18,81,22885.4,29181.5,0.0,0,0
1787233375.744,102.123,214.2,64.74,100,21,89,23442.4,13200.9,188.1,66.59,100,14,79,13826.1,17287.7,222.1,64.74,100,21,88,22763.0,30234.5,196.2,69.72,100,17,80,17030.1,36670.8,0.0,0,0
1787233376.193,102.572,236.6,64.74,100,19,88,23042.1,15700.3,225.4,66.59,100,14,80,13822.6,14424.5,221.2,64.74,95,21,87,22083.4,38048.4,206.7,69.72,95,18,81,16845.3,30765.4,0.0,0,0
1787233376.639,103.018,236.0,64.74,100,21,87,20238.9,12198.5,225.1,66.59,100,15,79,14959.7,19162.9,223.1,64.74,100,22,87,11868.5,38923.1,208.9,69.72,100,18,81,20231.8,20486.3,0.0,0,0
1787233377.088,103.468,236.8,64.74,100,20,88,13983.8,20497.2,226.4,66.59,100,14,80,10056.2,17184.2,224.5,64.74,100,21,88,19101.0,22281.3,210.9,69.72,100,17,82,28638.1,34432.4,3.0,0,0
1787233377.539,103.918,239.3,64.74,100,20,89,23213.8,14284.8,227.8,66.59,100,14,78,13508.1,16657.7,224.5,64.74,100,21,88,21121.6,35046.8,210.9,69.72,100,17,82,16789.7,27718.9,3.0,0,0
1787233377.986,104.365,238.3,64.74,100,22,89,23155.7,12768.7,226.8,66.59,100,14,80,14600.6,18956.3,223.2,64.74,94,22,87,10478.6,41757.5,209.8,69.72,94,18,80,18010.5,23684.3,3.0,0,0
1787233378.441,104.820,238.3,64.74,100,22,89,23349.1,14728.3,228.7,66.59,100,13,79,13834.8,13123.2,225.4,64.74,100,22,87,20815.6,41612.0,211.4,69.72,100,18,82,14082.9,30443.8,3.0,0,0
1787233378.889,105.268,240.2,64.74,100,22,88,21942.2,7666.5,231.8,66.59,100,14,79,23109.5,12311.6,226.3,64.74,100,21,88,16626.3,34425.8,215.5,69.72,100,17,81,21014.3,35693.9,3.0,0,0
1787233379.337,105.716,242.1,64.74,100,20,88,15655.1,17066.5,229.8,66.59,100,14,79,7833.6,19034.3,225.9,64.74,93,23,87,20744.8,27028.0,212.6,69.72,94,18,82,16882.2,32907.4,3.0,0,0
1787233379.784,106.163,241.2,64.74,100,21,88,21957.9,6677.5,231.4,66.59,100,13,79,23270.7,12902.4,226.4,64.74,100,21,89,16655.8,30313.9,214.2,69.72,100,18,81,20092.9,42623.8,3.0,0,0
1787233380.227,106.606,242.7,64.74,100,20,87,12643.5,17248.5,231.4,66.59,100,13,79,17005.0,14537.4,230.9,64.74,100,22,88,16838.9,29174.9,217.6,69.72,100,17,81,27560.3,16333.5,3.0,0,0
1787233380.674,107.053,245.3,64.74,100,21,88,16139.0,11709.7,234.5,66.59,100,14,80,14003.5,13326.6,229.3,64.74,93,21,86,27606.9,13995.5,216.6,69.72,93,17,81,26715.7,27050.8,3.0,0,0
1787233381.121,107.500,244.3,64.74,100,21,88,23439.2,5645.9,232.8,66.59,100,14,80,21604.4,12111.6,229.1,64.74,100,20,88,15447.0,37726.9,216.9,69.72,100,17,82,19357.1,36933.1,3.0,0,0
1787233381.565,107.944,244.3,64.74,100,22,89,13821.7,15183.4,234.3,66.59,100,13,79,16360.8,17535.5,232.5,64.74,100,21,87,11923.1,34312.4,217.7,69.72,100,18,83,19872.7,20641.8,3.0,0,0
1787233382.011,108.390,246.7,64.74,100,19,90,10198.0,15348.2,237.3,66.59,100,13,80,22774.5,7208.7,232.5,64.74,100,21,87,27585.5,27616.1,217.7,69.72,100,18,83,20725.2,40094.2,3.0,0,0
1787233382.461,108.841,246.7,64.74,100,19,90,14253.7,12358.8,234.0,66.59,100,14,79,14012.7,12419.7,233.8,64.74,100,19,87,27705.5,11713.5,219.8,69.72,100,18,82,27554.6,29681.9,3.0,0,0
1787233382.908,109.287,244.6,64.74,100,19,89,18253.3,8368.2,235.3,66.59,100,12,80,20352.7,13167.9,231.3,64.74,100,20,88,23205.2,19448.6,219.3,69.72,100,17,82,19349.3,36771.3,3.0,0,0
1787233383.355,109.735,246.2,64.74,100,20,90,23443.3,4794.3,239.0,66.59,100,14,81,23021.1,12731.4,233.1,64.74,100,20,88,16664.4,27585.7,220.0,69.72,100,19,82,17032.9,43929.9,3.0,0,0
1787233383.800,110.180,249.8,64.74,100,21,88,14043.2,12528.6,235.8,66.59,93,14,80,20772.2,5507.1,235.4,64.74,100,21,89,26158.4,28528.8,222.2,69.72,100,18,81,22325.0,19232.4,3.0,0,0
1787233384.244,110.623,246.9,64.74,100,20,89,5729.8,19229.2,235.8,66.59,93,14,80,13900.8,11492.0,233.0,64.74,100,21,88,16820.7,28520.9,220.7,69.72,100,16,82,28069.4,10252.8,3.0,0,0
1787233384.689,111.068,249.5,64.74,100,20,88,4727.1,20312.8,237.9,66.59,100,14,79,14725.1,12836.7,234.2,64.74,100,21,88,15933.4,27733.7,221.3,69.72,100,18,82,22189.1,17116.8,3.0,0,0
1787233385.134,111.513,251.5,64.74,100,20,88,9846.2,15946.6,238.0,66.59,100,15,81,14415.5,16795.3,238.5,64.74,100,19,89,10339.4,35917.9,226.5,69.72,100,17,83,17058.4,25080.7,3.0,0,0
1787233385.578,111.958,251.9,64.74,100,30,88,376.5,526.2,242.8,66.59,100,12,80,357.8,561.4,235.1,64.74,99,39,87,380.5,533.8,222.4,69.72,99,32,81,360.8,447.1,2.0,1,0
1787233386.022,112.401,254.0,64.74,99,38,88,374.6,555.8,237.7,66.59,99,23,79,385.8,592.6,235.1,64.74,99,39,87,378.1,548.1,222.4,69.72,99,32,81,363.9,431.2,2.0,1,0
1787233386.470,112.849,254.0,64.74,99,38,88,380.5,533.2,233.4,66.59,99,23,79,360.4,584.9,232.3,64.74,99,39,87,379.6,519.6,216.2,69.72,99,32,81,359.6,452.3,2.0,1,0
1787233386.913,113.292,256.1,64.74,99,38,88,373.5,527.4,234.2,66.59,99,23,79,380.9,573.9,230.3,64.74,99,39,87,348.5,547.3,212.3,69.72,99,32,81,408.0,466.5,2.0,1,0
1787233387.361,113.740,256.1,64.74,99,38,88,347.8,544.8,234.3,66.59,99,23,79,371.6,565.6,230.2,64.74,99,39,87,382.0,554.9,212.3,69.72,99,32,81,359.0,447.3,2.0,1,0
1787233387.805,114.184,256.4,64.74,99,38,88,374.8,531.8,234.1,66.59,99,23,79,385.4,552.2,230.2,64.74,99,39,87,376.6,507.9,212.1,69.72,99,32,81,366.7,455.9,2.0,1,0
1787233388.247,114.626,256.2,64.74,99,38,88,372.1,515.2,234.1,66.59,99,23,79,419.6,557.8,230.1,64.74,99,39,87,376.9,558.2,211.9,69.72,99,32,81,366.4,466.2,2.0,1,0
1787233388.696,115.075,256.0,64.74,99,38,88,373.5,489.3,234.3,66.59,99,23,79,357.2,562.0,230.0,64.74,99,39,87,378.0,584.5,211.9,69.72,99,32,81,359.7,450.8,2.0,1,0
1787233389.137,115.517,256.5,64.74,99,38,88,374.9,524.7,234.4,66.59,99,23,79,360.7,574.0,230.2,64.74,99,39,87,378.4,551.7,212.0,69.72,99,32,81,361.8,451.8,2.0,1,0
1787233389.580,115.959,256.5,64.74,99,38,88,376.7,487.7,234.5,66.59,99,23,80,383.2,563.4,230.0,64.74,99,39,87,379.6,533.3,211.8,69.72,99,32,81,358.9,439.6,2.0,1,0
1787233390.024,116.404,256.2,64.74,99,38,88,375.8,510.4,234.8,66.59,99,23,80,393.8,557.9,230.0,64.74,99,39,87,377.2,543.0,211.8,69.72,99,32,81,365.9,470.5,2.0,1,0
1787233390.475,116.854,256.2,64.74,99,38,88,375.5,522.9,234.8,66.59,99,23,80,381.8,568.2,229.9,64.74,99,39,87,376.4,505.2,211.9,69.72,99,32,81,338.1,440.6,2.0,1,0
1787233390.922,117.301,256.2,64.74,99,38,88,374.7,491.0,234.7,66.59,99,23,80,356.3,556.5,229.7,64.74,99,39,87,434.7,530.0,212.1,69.72,99,32,81,374.4,431.6,2.0,1,0
1787233391.371,117.750,256.6,64.74,99,38,88,348.4,517.0,234.9,66.59,99,23,80,386.3,582.4,229.5,64.74,99,39,87,385.3,565.7,212.1,69.72,99,32,81,362.2,476.4,2.0,1,0
1787233391.816,118.195,256.8,64.74,99,38,88,373.0,510.3,235.0,66.59,99,23,80,382.3,543.4,229.6,64.74,99,39,87,351.9,531.7,212.3,69.72,99,32,81,362.3,452.1,2.0,1,0
1787233392.259,118.638,256.6,64.74,99,38,88,377.8,529.0,235.0,66.59,99,23,80,388.2,547.5,229.7,64.74,99,39,87,376.3,518.8,212.5,69.72,99,32,81,339.5,456.1,2.0,1,0
1787233392.702,119.081,256.5,64.74,99,38,88,369.1,522.5,234.9,66.59,99,23,80,380.9,585.8,229.6,64.74,99,39,87,379.2,538.8,212.4,69.72,99,32,81,364.0,441.6,2.0,1,0
1787233393.143,119.523,256.5,64.74,99,38,88,351.1,499.4,234.9,66.59,99,23,80,382.9,561.5,229.6,64.74,99,39,87,381.6,551.4,212.4,69.72,99,32,81,422.5,513.1,2.0,1,0
1787233393.593,119.972,256.6,64.74,99,38,88,352.5,523.5,234.9,66.59,99,23,80,382.8,576.0,229.6,64.74,99,39,87,378.4,524.1,212.5,69.72,99,32,81,362.5,454.6,2.0,1,0
1787233394.035,120.414,256.8,64.74,99,38,88,398.4,557.6,234.8,66.59,99,23,80,416.3,565.3,229.6,64.74,99,39,87,382.2,542.3,212.6,69.72,99,32,81,362.8,452.4,2.0,1,0
1787233394.487,120.866,257.0,64.74,99,38,88,377.7,516.9,235.0,66.59,99,23,80,354.5,579.0,229.6,64.74,99,39,87,379.9,547.2,212.6,69.72,99,32,81,361.4,446.1,2.0,1,0
1787233394.933,121.312,257.0,64.74,99,38,88,372.6,516.5,235.1,66.59,99,23,80,385.9,566.0,229.7,64.74,99,39,87,382.8,601.5,212.6,69.72,99,32,81,365.6,466.6,2.0,1,0
1787233395.384,121.763,257.0,64.74,99,38,88,373.0,549.7,235.1,66.59,99,23,80,383.5,564.1,229.9,64.74,99,39,87,377.5,543.3,212.6,69.72,99,32,81,342.0,470.0,2.0,1,0
1787233395.827,122.206,256.9,64.74,99,38,88,373.2,521.6,235.1,66.59,99,23,80,383.5,563.8,229.7,64.74,99,39,87,378.9,557.9,212.6,69.72,99,32,81,360.4,502.8,2.0,1,0
1787233396.269,122.648,257.0,64.74,99,38,88,454.4,499.4,235.1,66.59,99,23,80,387.8,559.0,229.2,64.74,99,39,86,348.9,533.2,212.4,69.72,99,32,81,360.2,434.4,2.0,1,0
1787233396.717,123.096,256.8,64.74,99,38,88,1.1,0.5,234.9,66.59,99,23,80,1.1,1.0,229.0,64.74,99,39,86,0.6,0.5,212.3,69.72,99,32,80,1.1,0.5,0.0,0,0
1787233397.240,123.619,207.2,64.74,0,0,85,12398.3,20115.3,217.9,66.59,0,1,78,18242.9,11417.8,181.5,64.74,100,24,86,23207.1,37216.7,167.7,69.72,100,18,82,18966.2,27676.4,0.0,0,0
1787233397.684,124.063,196.6,64.74,100,21,87,16227.9,11710.4,187.8,66.59,100,14,80,21429.3,16247.9,178.9,64.74,100,19,87,16663.2,30258.7,166.0,69.72,100,17,83,22934.0,37986.7,0.0,0,0
1787233398.126,124.505,224.8,64.74,100,20,87,16203.3,16957.9,201.5,66.59,100,14,80,18599.4,12085.6,222.5,64.74,100,23,86,21034.2,44622.3,210.4,69.72,100,17,82,13380.7,31853.9,0.0,0,0
1787233398.572,124.951,235.5,64.74,100,20,87,14021.3,13316.3,227.5,66.59,100,13,80,22526.2,8957.3,220.4,64.74,100,21,87,22400.7,34439.7,210.1,69.72,100,16,82,12144.5,43744.7,0.0,0,0
1787233399.017,125.396,235.2,64.74,100,21,88,16768.3,12207.8,225.2,66.59,100,14,80,21025.2,16310.9,220.4,64.74,100,21,87,16793.4,28071.1,210.1,69.72,100,16,82,27926.7,19826.0,0.0,0,0
1787233399.479,125.858,235.2,64.74,100,21,88,14705.8,20639.7,227.5,66.59,100,14,81,9986.2,16568.7,221.8,64.74,100,20,87,19917.6,25887.1,210.0,69.72,100,17,82,25179.7,34984.6,3.0,0,0
1787233399.930,126.309,239.0,64.74,100,21,87,22796.2,14801.2,229.5,66.59,100,14,82,10026.5,20032.4,225.4,64.74,100,22,86,20754.9,26545.0,212.1,69.72,100,18,81,27532.2,37492.3,3.0,0,0
1787233400.390,126.769,237.5,64.74,100,18,87,10480.5,19517.7,228.9,66.59,100,15,80,17760.5,12417.2,223.4,64.74,100,21,86,16855.8,32755.5,211.9,69.72,100,17,82,27785.3,18044.3,3.0,0,0
1787233400.833,127.213,239.1,64.74,100,21,87,20111.3,13041.8,230.0,66.59,100,15,80,12134.2,17353.3,224.8,64.74,100,20,86,20961.9,32458.0,212.7,69.72,100,17,81,16816.4,28116.6,3.0,0,0
1787233401.285,127.664,242.5,64.74,100,21,87,18936.7,12268.4,232.1,66.59,100,14,81,15621.8,19239.7,227.3,64.74,100,22,86,10799.9,39009.9,216.2,69.72,100,18,82,16500.5,37708.2,3.0,0,0
1787233401.730,128.110,239.3,64.74,100,22,87,17030.0,20567.2,232.1,66.59,100,14,81,9335.0,13792.3,225.6,64.74,100,21,88,21720.1,18328.8,213.5,69.72,100,18,83,26519.8,32672.7,3.0,0,0
1787233402.176,128.556,241.3,64.74,100,20,87,23165.9,7197.8,230.6,66.59,100,14,80,18651.9,13855.0,226.8,64.74,100,20,87,12911.5,40290.4,215.4,69.72,100,16,82,20366.1,31424.6,3.0,0,0
1787233402.620,128.999,241.7,64.74,100,21,88,7982.2,20416.2,231.3,66.59,100,14,81,13895.5,11460.4,230.3,64.74,100,20,87,20439.8,32822.2,218.8,69.72,100,17,82,24965.0,22135.3,3.0,0,0
1787233403.065,129.444,242.7,64.74,100,21,87,17208.4,8912.5,234.7,66.59,100,14,82,22630.0,13455.1,227.7,64.74,100,22,87,16644.0,28325.2,216.8,69.72,100,18,82,17660.3,44069.2,3.0,0,0
1787233403.516,129.895,244.2,64.74,100,20,87,14938.8,12368.2,233.9,66.59,100,14,80,13832.0,19557.0,227.7,64.74,100,22,87,8321.1,44985.5,216.8,69.72,100,18,82,16626.9,26529.4,3.0,0,0
1787233403.962,130.342,244.2,64.74,100,20,87,8066.7,16904.8,235.1,66.59,100,14,80,15407.4,9622.9,228.6,64.74,100,20,87,24344.6,31492.4,218.6,69.72,100,17,82,21031.8,27552.9,3.0,0,0
1787233404.412,130.791,246.8,64.74,100,20,88,23106.0,14120.2,238.9,66.59,100,13,81,13828.9,12157.9,232.6,64.74,100,20,86,18696.4,33901.7,222.2,69.72,100,16,82,25694.6,34523.1,3.0,0,0
1787233404.863,131.242,247.1,64.74,100,21,88,19102.1,9285.3,235.8,66.59,100,13,82,16463.4,14425.9,230.8,64.74,93,22,86,12282.0,36991.6,218.3,69.72,93,19,82,18418.3,39829.8,3.0,0,0
1787233405.310,131.689,244.4,64.74,100,21,87,12482.6,14799.4,236.3,66.59,100,14,81,15201.5,15915.4,230.7,64.74,100,20,87,11969.5,34739.0,219.8,69.72,100,18,82,18532.1,22500.5,3.0,0,0
1787233405.760,132.139,246.1,64.74,100,21,88,5709.9,20975.5,236.3,66.59,100,14,81,15213.2,11450.5,232.0,64.74,100,22,87,16784.5,27688.3,219.9,69.72,100,18,83,27628.9,12236.1,3.0,0,0
1787233406.204,132.584,249.5,64.74,100,21,87,14035.6,19900.6,239.3,66.59,100,15,82,4977.9,18783.8,235.1,64.74,93,19,89,17686.2,31998.5,223.9,69.72,100,17,82,14749.9,29304.6,3.0,0,0
1787233406.657,133.036,246.2,64.74,100,18,89,14683.6,20388.5,238.5,66.59,100,13,81,4599.7,19411.3,233.2,64.74,100,19,87,17616.5,27145.8,223.2,69.72,100,16,83,16866.6,26599.2,3.0,0,0
1787233407.102,133.481,248.7,64.74,100,19,88,13973.0,17398.6,238.3,66.59,100,13,80,7272.0,18527.5,235.1,64.74,100,21,86,19094.6,33420.3,224.0,69.72,100,17,83,15019.4,28732.0,3.0,0,0
1787233407.548,133.927,252.6,64.74,100,21,88,17060.8,13857.3,241.3,66.59,100,15,82,11494.0,14587.1,235.1,64.74,100,21,86,17674.8,44277.6,224.0,69.72,100,17,83,8582.9,39643.4,2.0,0,0
1787233407.996,134.375,252.2,64.74,99,38,88,387.2,587.0,242.1,66.59,100,19,81,457.0,569.6,235.7,64.74,100,21,88,416.9,516.8,225.8,69.72,100,17,83,364.1,467.6,2.0,1,0
1787233408.452,134.831,252.2,64.74,99,38,88,372.2,518.6,237.7,66.59,99,23,80,382.2,559.6,234.7,64.74,99,39,86,375.4,528.5,221.7,69.72,99,32,82,362.2,470.6,2.0,1,0
1787233408.895,135.274,254.6,64.74,99,38,88,378.2,492.6,235.6,66.59,99,23,80,381.5,550.2,229.6,64.74,99,39,86,380.4,609.1,216.0,69.72,99,32,82,376.5,479.6,2.0,1,0
1787233409.341,135.720,255.9,64.74,99,38,88,372.5,518.5,235.9,66.59,99,23,80,379.6,574.3,228.5,64.74,99,39,86,376.6,518.0,214.1,69.72,99,32,82,343.3,477.6,2.0,1,0
1787233409.786,136.165,255.9,64.74,99,38,88,385.5,495.4,235.8,66.59,99,23,80,368.6,553.0,228.7,64.74,99,39,86,376.9,544.3,214.1,69.72,99,32,82,359.2,449.7,2.0,1,0
1787233410.232,136.611,255.7,64.74,99,38,88,374.1,525.3,235.8,66.59,99,23,80,392.8,576.8,228.5,64.74,99,39,86,378.1,526.6,214.0,69.72,99,32,82,363.4,443.6,2.0,1,0
1787233410.678,137.058,256.0,64.74,99,38,88,348.1,492.9,235.6,66.59,99,23,80,382.4,563.8,228.4,64.74,99,39,86,379.3,531.7,214.0,69.72,99,32,82,360.2,457.5,2.0,1,0
1787233411.121,137.500,256.1,64.74,99,38,88,372.8,509.7,235.9,66.59,99,23,80,380.2,553.4,228.4,64.74,99,39,86,374.3,525.7,213.7,69.72,99,32,82,359.6,463.6,2.0,1,0
1787233411.564,137.944,255.7,64.74,99,38,88,374.9,505.6,236.0,66.59,99,23,80,376.6,556.3,228.5,64.74,99,39,86,379.1,537.9,213.6,69.72,99,32,82,367.3,449.5,2.0,1,0
1787233412.009,138.388,255.6,64.74,99,38,88,384.1,499.2,235.9,66.59,99,23,80,396.3,563.9,228.5,64.74,99,39,86,380.7,544.7,213.6,69.72,99,32,82,363.4,457.5,2.0,1,0
1787233412.454,138.834,255.6,64.74,99,38,88,374.4,507.7,236.1,66.59,99,23,80,380.6,557.7,228.5,64.74,99,39,86,374.3,517.4,213.6,69.72,99,32,82,364.1,456.9,2.0,1,0
1787233412.898,139.277,255.6,64.74,99,38,88,373.5,524.9,236.2,66.59,99,23,80,383.1,536.1,228.4,64.74,99,39,86,348.3,583.2,213.5,69.72,99,32,82,374.2,469.2,2.0,1,0
1787233413.341,139.721,255.5,64.74,99,38,88,372.8,517.5,236.1,66.59,99,23,80,383.1,560.3,228.3,64.74,99,39,86,377.9,514.3,213.3,69.72,99,32,82,336.8,462.8,2.0,1,0
1787233413.784,140.163,255.2,64.74,99,38,88,373.7,506.0,236.1,66.59,99,23,80,421.4,591.3,228.1,64.74,99,39,86,377.9,543.9,213.3,69.72,99,32,82,359.9,445.1,2.0,1,0
1787233414.232,140.611,255.4,64.74,99,38,88,374.0,502.3,236.2,66.59,99,23,80,383.7,568.3,228.1,64.74,99,39,86,378.4,507.4,213.7,69.72,99,32,82,363.6,451.1,2.0,1,0
1787233414.677,141.056,255.7,64.74,99,38,88,374.5,533.4,236.2,66.59,99,23,80,380.2,558.9,228.2,64.74,99,39,86,381.8,553.6,214.0,69.72,99,32,82,363.4,425.7,2.0,1,0
1787233415.119,141.498,255.4,64.74,99,38,88,372.5,525.6,236.3,66.59,99,23,81,391.6,581.6,228.0,64.74,99,39,86,377.6,556.8,213.7,69.72,99,32,82,362.1,440.0,2.0,1,0
1787233415.562,141.941,255.2,64.74,99,38,88,349.5,517.5,236.3,66.59,99,23,81,379.9,569.4,227.8,64.74,99,39,86,379.4,558.3,213.5,69.72,99,32,82,366.2,452.9,2.0,1,0
1787233416.004,142.383,255.3,64.74,99,38,88,389.6,603.3,236.1,66.59,99,23,80,387.9,550.8,227.8,64.74,99,39,86,384.4,570.2,213.5,69.72,99,32,82,361.1,459.3,2.0,1,0
1787233416.451,142.830,255.3,64.74,99,38,88,374.3,486.7,236.2,66.59,99,23,81,381.9,559.7,227.8,64.74,99,39,86,377.2,540.2,213.5,69.72,99,32,82,363.2,442.9,2.0,1,0
1787233416.895,143.274,255.6,64.74,99,38,88,353.6,517.1,236.4,66.59,99,23,81,386.5,554.6,228.0,64.74,99,39,86,378.0,631.8,213.5,69.72,99,32,82,376.6,461.5,2.0,1,0
1787233417.344,143.723,256.0,64.74,99,38,88,375.2,518.2,236.5,66.59,99,23,81,383.6,584.6,228.1,64.74,99,39,86,383.7,545.8,213.6,69.72,99,32,82,348.0,453.6,2.0,1,0
1787233417.788,144.167,255.8,64.74,99,38,88,346.4,524.3,236.4,66.59,99,23,81,382.5,562.4,228.1,64.74,99,39,86,379.6,532.4,213.6,69.72,99,32,82,363.1,468.2,2.0,1,0
1787233418.232,144.612,255.4,64.74,99,38,88,373.0,533.6,236.4,66.59,99,23,81,360.8,702.3,227.8,64.74,99,39,86,381.0,547.6,213.5,69.72,99,32,82,360.3,439.1,2.0,1,0
1787233418.681,145.061,255.4,64.74,99,38,88,349.6,519.4,236.2,66.59,99,23,81,383.7,560.3,227.7,64.74,99,39,86,382.0,535.8,213.3,69.72,99,32,82,363.4,445.0,2.0,1,0
1787233419.125,145.505,255.7,64.74,99,38,88,1.1,0.4,236.5,66.59,99,23,81,1.2,1.3,217.1,64.74,0,0,84,0.6,0.5,203.9,69.72,10,3,79,0.6,0.7,0.0,0,0
1787233419.605,145.985,206.0,64.74,47,11,87,12290.5,20834.7,204.9,66.59,0,1,78,15619.9,11408.4,182.6,64.74,100,21,86,24095.3,37036.0,171.2,69.72,100,18,82,18668.4,28068.5,0.0,0,0
1787233420.048,146.427,202.3,64.74,100,21,88,16481.7,9890.3,191.0,66.59,100,14,80,23048.6,14705.8,182.6,64.74,100,21,86,16680.8,34765.2,173.5,69.72,100,18,83,22557.0,35335.8,0.0,0,0
1787233420.493,146.872,236.4,64.74,100,20,87,20857.7,17189.4,208.2,66.59,100,14,81,14575.5,13537.5,191.9,64.74,100,21,85,23096.4,37746.4,173.5,69.72,100,18,83,16770.7,31282.3,0.0,0,0
1787233420.936,147.315,236.4,64.74,100,20,87,14007.7,13296.2,228.1,66.59,100,14,81,23132.2,8738.1,222.0,64.74,100,22,86,23674.8,53058.1,211.1,69.72,100,18,83,16793.6,40404.9,0.0,0,0
1787233421.398,147.777,235.0,64.74,94,20,88,13947.1,16286.8,227.1,66.59,100,15,80,18265.5,14157.0,220.6,64.74,100,20,87,16804.3,33142.6,211.3,69.72,100,16,82,28134.3,22020.8,0.0,0,0
1787233421.844,148.223,235.1,64.74,100,21,88,20076.1,18933.6,228.2,66.59,100,14,81,13295.5,11793.5,221.6,64.74,100,21,86,27028.1,19786.3,210.7,69.72,100,17,82,26379.4,34276.9,3.0,0,0
1787233422.292,148.671,238.6,64.74,100,21,87,15671.2,20632.2,229.8,66.59,94,12,83,8967.3,17462.1,224.8,64.74,100,22,86,17584.9,25017.3,212.8,69.72,100,17,82,23575.7,33896.1,3.0,0,0
1787233422.744,149.124,237.2,64.74,100,22,87,15990.1,12671.8,229.8,66.59,94,12,83,17509.7,19201.6,223.5,64.74,100,21,86,12708.5,32604.8,212.7,69.72,100,17,82,23782.9,18271.3,3.0,0,0
1787233423.193,149.572,238.7,64.74,100,19,87,23326.8,13793.3,229.8,66.59,100,15,81,13812.9,14599.1,224.4,64.74,100,21,85,21242.5,37226.1,213.8,69.72,100,18,82,16828.2,33864.1,3.0,0,0
1787233423.642,150.021,241.9,64.74,100,20,87,23452.6,7875.5,230.8,66.59,100,15,81,20519.4,12671.1,226.1,64.74,100,21,86,14075.6,41645.3,217.0,69.72,100,18,83,21035.5,30165.2,3.0,0,0
1787233424.090,150.469,239.3,64.74,100,24,88,16902.8,20827.1,232.4,66.59,99,13,82,8897.6,15096.7,225.6,64.74,100,20,87,20347.3,20128.9,214.7,69.72,100,18,83,25711.1,32735.0,3.0,0,0
1787233424.538,150.917,240.8,64.74,100,19,87,23701.0,6847.5,232.0,66.59,100,13,81,19512.7,13305.1,225.6,64.74,100,20,87,13537.2,39760.9,214.7,69.72,100,18,83,20205.6,34626.5,3.0,0,0
1787233424.980,151.360,240.8,64.74,100,19,87,7855.4,21621.6,232.4,66.59,100,14,81,16376.4,8665.3,226.7,64.74,100,21,88,25116.0,33272.1,216.5,69.72,100,17,83,17942.1,27843.7,3.0,0,0
1787233425.429,151.808,244.1,64.74,100,20,87,16231.5,10097.2,234.5,66.59,100,14,81,19346.7,13695.6,229.7,64.74,100,21,87,22970.1,22820.5,218.9,69.72,100,17,83,18916.6,35488.8,3.0,0,0
1787233425.872,152.251,242.4,64.74,94,20,87,20609.0,8662.9,234.9,66.59,100,14,81,16016.6,15506.7,227.8,64.74,100,20,86,10424.3,43008.2,217.5,69.72,100,18,82,18836.9,33829.3,3.0,0,0
1787233426.318,152.697,243.9,64.74,100,20,88,7489.8,20163.2,236.1,66.59,100,13,82,16091.6,12830.7,228.6,64.74,100,19,86,16847.6,26712.7,219.6,69.72,100,16,82,27463.6,14030.8,3.0,0,0
1787233426.762,153.141,246.7,64.74,100,21,87,13965.6,11898.4,236.1,66.59,100,13,82,22465.8,6395.4,232.5,64.74,100,22,86,27585.4,30342.8,221.6,69.72,100,18,84,17219.0,39904.3,3.0,0,0
1787233427.206,153.585,243.4,64.74,93,16,87,15263.3,14968.3,238.1,66.59,100,13,81,12040.5,12704.1,229.2,64.74,100,22,87,21114.6,18994.5,218.7,69.72,100,17,83,23629.1,29740.9,3.0,0,0
1787233427.646,154.025,245.5,64.74,100,20,87,15288.6,15013.7,235.6,66.59,100,14,81,12863.3,12016.5,231.0,64.74,100,20,86,23120.9,15806.7,220.2,69.72,100,16,83,27007.7,29289.0,3.0,0,0
1787233428.092,154.471,247.4,64.74,100,18,88,13923.1,12074.5,237.4,66.59,100,13,81,18469.3,12983.5,234.5,64.74,100,20,86,24886.2,18585.2,225.4,69.72,100,16,84,21699.7,28926.6,3.0,0,0
1787233428.542,154.921,247.2,64.74,100,19,88,6885.5,17947.0,240.8,66.60,100,14,81,13903.0,11453.7,234.5,64.74,100,20,86,18244.7,28349.0,225.4,69.73,100,16,84,27823.0,12597.5,3.0,0,0
1787233428.989,155.368,246.7,64.74,100,20,87,4353.4,21374.9,237.6,66.60,100,15,83,14751.4,10147.8,232.3,64.74,100,22,86,21072.0,28332.4,220.4,69.73,100,18,83,27625.2,12808.6,3.0,0,0
1787233429.439,155.818,246.7,64.74,100,20,87,6146.2,19138.8,239.7,66.60,100,12,81,13874.9,11422.4,232.7,64.74,100,19,87,16848.5,27598.3,224.0,69.73,100,16,83,27726.7,10118.0,3.0,0,0
1787233429.883,156.262,247.2,64.74,100,20,89,5601.0,20157.4,242.4,66.60,100,13,82,14543.5,14309.6,236.7,64.74,100,20,86,13989.5,31252.3,226.9,69.73,100,17,83,26472.8,10730.1,3.0,0,0
1787233430.331,156.710,252.0,64.74,100,19,88,374.0,538.7,240.9,66.60,99,23,81,381.7,566.9,235.7,64.74,100,25,86,380.2,563.7,225.1,69.73,100,18,82,362.7,438.5,2.0,1,0
1787233430.772,157.151,252.1,64.74,99,38,87,376.1,533.0,240.9,66.60,99,23,81,385.2,556.8,232.5,64.74,99,39,86,382.2,544.6,221.2,69.73,99,32,82,363.7,435.9,2.0,1,0
1787233431.221,157.600,254.6,64.74,99,38,87,379.1,510.3,238.0,66.60,99,23,81,391.3,561.2,228.3,64.74,99,39,86,380.6,526.3,214.6,69.73,99,32,82,360.5,415.1,2.0,1,0
1787233431.664,158.043,255.7,64.74,99,38,87,349.2,526.6,236.9,66.60,99,23,81,385.1,582.4,228.1,64.74,99,39,86,375.4,539.5,214.8,69.73,99,32,82,365.4,517.7,2.0,1,0
1787233432.109,158.488,255.5,64.74,99,38,87,375.0,520.9,236.9,66.60,99,23,81,383.4,562.8,227.8,64.74,99,39,86,384.3,537.1,214.8,69.73,99,32,82,338.2,451.2,2.0,1,0
1787233432.555,158.934,255.2,64.74,99,38,87,372.5,506.9,236.8,66.60,99,23,81,385.1,581.9,227.8,64.74,99,39,86,382.2,553.3,214.4,69.73,99,32,82,363.6,456.5,2.0,1,0
1787233432.998,159.377,255.2,64.74,99,38,87,379.7,508.7,236.9,66.60,99,23,81,401.2,579.5,227.7,64.74,99,39,86,426.0,561.8,214.4,69.73,99,32,82,361.7,463.9,2.0,1,0
1787233433.453,159.832,255.2,64.74,99,38,87,370.0,510.6,237.1,66.60,99,23,81,381.1,571.1,227.6,64.74,99,39,86,379.3,507.3,214.2,69.73,99,32,82,339.6,454.1,2.0,1,0
1787233433.895,160.275,255.2,64.74,99,38,87,374.1,518.6,237.1,66.60,99,23,81,384.2,574.4,227.6,64.74,99,39,86,376.3,613.3,214.0,69.73,99,32,82,367.4,517.0,2.0,1,0
1787233434.343,160.722,255.0,64.74,99,38,87,370.3,514.8,237.2,66.60,99,23,81,387.8,578.8,227.7,64.74,99,39,86,349.0,553.9,214.0,69.73,99,32,82,362.7,459.2,2.0,1,0
1787233434.785,161.164,254.7,64.74,99,38,87,375.6,508.2,237.2,66.60,99,23,81,383.8,568.7,227.5,64.74,99,39,86,378.3,504.5,214.1,69.73,99,32,82,338.2,461.0,2.0,1,0
1787233435.227,161.606,254.8,64.74,99,38,87,372.7,527.0,237.0,66.60,99,23,81,463.9,561.4,227.3,64.74,99,39,86,380.7,545.4,213.9,69.73,99,32,82,361.2,453.7,2.0,1,0
1787233435.674,162.054,254.9,64.74,99,38,87,376.6,502.2,236.8,66.60,99,23,81,358.5,545.0,227.3,64.74,99,39,86,380.5,536.2,213.7,69.73,99,32,82,364.0,451.6,2.0,1,0
1787233436.117,162.496,255.0,64.74,99,38,87,373.3,520.2,237.0,66.60,99,23,81,381.5,552.9,227.4,64.74,99,39,86,348.2,552.3,213.9,69.73,99,32,82,363.0,445.8,2.0,1,0
1787233436.559,162.938,255.2,64.74,99,38,87,371.0,527.3,237.3,66.60,99,23,81,388.0,553.3,227.4,64.74,99,39,86,385.0,504.7,214.2,69.73,99,32,82,363.3,449.7,2.0,1,0
1787233437.001,163.380,255.1,64.74,99,38,87,422.0,532.3,237.3,66.60,99,23,81,387.4,545.8,227.8,64.74,99,39,86,384.3,549.5,214.2,69.73,99,32,82,361.0,447.4,2.0,1,0
1787233437.447,163.826,255.1,64.74,99,38,87,377.4,523.6,237.0,66.60,99,23,81,363.1,555.0,228.2,64.74,99,39,86,381.4,524.0,214.4,69.73,99,32,82,363.4,464.2,2.0,1,0
1787233437.892,164.272,254.9,64.74,99,38,88,376.0,524.4,236.9,66.60,99,23,81,382.5,573.3,227.9,64.74,99,39,86,382.5,536.4,214.2,69.73,99,32,82,367.3,474.2,2.0,1,0
1787233438.336,164.715,255.0,64.74,99,38,87,381.0,504.0,236.9,66.60,99,23,81,386.1,582.5,227.5,64.74,99,39,86,380.6,535.9,214.2,69.73,99,32,82,363.0,437.0,2.0,1,0
1787233438.783,165.162,255.1,64.74,99,38,88,376.3,514.8,236.9,66.60,99,23,81,385.1,577.8,227.6,64.74,99,39,86,382.4,543.7,214.2,69.73,99,32,82,364.5,455.9,2.0,1,0
1787233439.227,165.606,255.4,64.74,99,38,88,376.1,511.2,236.8,66.60,99,23,81,441.4,570.0,227.7,64.74,99,39,86,381.9,554.8,214.3,69.73,99,32,82,360.1,449.9,2.0,1,0
1787233439.679,166.058,255.4,64.74,99,38,87,372.8,523.5,236.8,66.60,99,23,81,385.4,556.9,227.8,64.74,99,39,86,351.7,568.6,214.3,69.73,99,32,82,362.8,469.3,2.0,1,0
1787233440.123,166.502,255.2,64.74,99,38,88,376.3,507.8,237.0,66.60,99,23,81,381.7,567.3,227.9,64.74,99,39,86,377.5,542.2,214.3,69.73,99,32,82,360.4,521.3,2.0,1,0
1787233440.569,166.949,255.0,64.74,99,38,88,374.7,536.6,237.0,66.60,99,23,81,383.6,542.2,227.9,64.74,99,39,86,381.7,538.2,214.1,69.73,99,32,82,365.7,445.8,2.0,1,0
1787233441.021,167.401,255.2,64.74,99,38,88,378.0,601.1,237.0,66.60,99,23,81,384.3,554.9,227.9,64.74,99,39,86,382.0,527.2,214.1,69.73,99,32,82,362.0,446.0,2.0,1,0
1787233441.469,167.848,255.2,64.74,99,38,88,1.9,0.4,236.9,66.60,99,23,81,1.1,1.0,227.9,64.74,99,39,86,0.7,0.5,214.0,69.73,99,32,82,2.3,0.5,0.0,0,0
1787233441.939,168.318,238.0,64.74,0,0,85,11081.0,21069.4,195.7,66.60,100,16,80,14381.5,13734.6,196.4,64.74,0,0,83,27625.4,29495.5,186.4,69.73,0,0,79,13825.7,44316.8,0.0,0,0
1787233442.392,168.771,209.3,64.74,100,21,88,22096.5,12363.6,194.9,66.60,100,13,81,17488.0,18809.3,183.5,64.74,100,22,85,13439.7,31821.7,176.6,69.73,100,18,82,24930.1,22311.2,0.0,0,0
1787233442.840,169.219,203.5,64.74,100,20,87,19541.7,18608.0,227.5,66.60,100,14,81,13908.5,13080.8,211.1,64.74,100,21,86,27890.0,22564.1,198.9,69.73,100,17,82,20805.3,38042.2,0.0,0,0
1787233443.284,169.663,236.1,64.74,100,20,88,16511.9,19234.2,227.5,66.60,100,14,81,10023.7,18863.4,221.8,64.74,100,21,85,17702.6,24299.8,211.2,69.73,100,18,82,25449.2,35089.8,0.0,0,0
1787233443.731,170.110,236.0,64.74,100,21,87,12309.4,18982.9,225.8,66.60,100,15,81,18284.2,12125.3,220.8,64.74,100,21,85,17093.4,36128.7,211.3,69.73,100,18,82,26215.0,24223.5,0.0,0,0
1787233444.176,170.555,236.6,64.74,100,21,88,17447.8,20406.4,227.8,66.60,100,13,80,10524.6,14002.8,222.5,64.74,100,20,85,23200.3,20097.3,211.5,69.73,100,18,83,27818.2,29940.2,3.0,0,0
1787233444.620,171.000,237.8,64.74,100,21,87,23057.8,16456.4,230.1,66.60,100,14,81,13808.1,14252.2,224.2,64.74,94,18,87,21905.0,37340.0,213.8,69.73,100,18,82,16670.5,26777.6,3.0,0,0
1787233445.067,171.446,237.6,64.74,100,20,87,23041.4,7932.4,227.9,66.60,100,14,80,21266.4,12073.1,223.8,64.74,100,23,86,15066.0,40744.5,213.7,69.73,100,17,82,20974.4,31043.3,3.0,0,0
1787233445.512,171.891,238.7,64.74,100,21,88,13877.4,12068.6,229.0,66.60,100,13,82,23190.0,7888.1,223.8,64.74,100,23,86,24764.9,29769.0,213.7,69.73,100,17,82,14342.1,40337.1,3.0,0,0
1787233445.958,172.337,238.7,64.74,100,21,88,17640.6,14313.3,232.9,66.60,100,13,81,14455.5,15341.5,225.6,64.74,100,22,85,25662.0,27319.8,214.4,69.73,100,19,83,16845.4,32592.2,3.0,0,0
1787233446.413,172.793,241.6,64.74,100,20,88,22547.7,11960.0,232.1,66.60,100,13,82,13408.8,15613.7,226.9,64.74,98,19,87,21809.1,35072.1,217.5,69.73,100,17,83,16482.4,26518.0,3.0,0,0
1787233446.860,173.239,240.5,64.74,100,19,87,15110.8,11024.8,232.7,66.60,100,13,81,19498.4,14161.6,226.3,64.74,100,20,85,21723.2,26974.1,216.1,69.73,100,17,82,16631.3,53990.8,3.0,0,0
1787233447.310,173.690,241.7,64.74,100,20,88,7939.8,20291.0,235.8,66.60,100,14,81,16916.1,11418.2,226.7,64.74,100,21,86,16775.6,32903.3,217.3,69.73,100,17,82,27518.8,16143.1,3.0,0,0
1787233447.754,174.134,243.9,64.74,100,22,87,16065.2,12331.6,235.8,66.60,100,14,81,13929.5,12730.0,228.8,64.74,100,20,87,27807.3,14184.7,218.9,69.73,100,18,82,27155.0,26910.7,3.0,0,0
1787233448.210,174.590,241.3,64.74,100,21,88,14023.0,12516.9,233.6,66.60,100,14,81,15958.4,20226.7,229.1,64.74,100,22,85,16167.2,27937.3,217.1,69.73,100,19,83,24424.5,13688.4,3.0,0,0
1787233448.665,175.045,242.2,64.74,100,20,89,15885.7,14327.9,234.1,66.60,100,14,82,22323.0,7516.9,230.3,64.74,100,20,86,22533.3,29974.6,218.2,69.73,100,18,83,13900.7,36549.5,3.0,0,0
1787233449.113,175.492,245.4,64.74,100,20,88,15715.4,16616.4,236.9,66.60,100,14,83,8311.1,19419.9,231.3,64.74,100,20,86,19706.2,30688.7,221.4,69.73,100,17,83,21148.2,43956.6,3.0,0,0
1787233449.559,175.938,244.1,64.74,100,18,87,17279.1,10659.2,234.0,66.60,93,15,82,15191.5,15126.8,231.3,64.74,100,20,86,11126.0,39607.4,220.7,69.73,100,18,83,18571.8,35619.9,3.0,0,0
1787233450.005,176.385,244.7,64.74,100,19,88,13800.2,17652.6,236.0,66.60,100,14,82,14876.9,15741.0,229.6,64.74,100,21,85,13334.6,27608.8,220.7,69.73,100,18,83,22994.9,15412.3,3.0,0,0
1787233450.463,176.842,244.7,64.74,100,19,88,13954.5,12108.7,238.0,66.60,100,13,82,21777.2,5500.2,231.3,64.74,100,20,86,28683.3,27061.6,221.2,69.73,100,17,83,14717.2,34315.4,3.0,0,0
1787233450.915,177.294,248.6,64.74,100,20,87,13928.2,12357.7,240.2,66.60,100,13,82,13955.5,11868.8,234.8,64.74,100,20,86,27917.5,9644.8,224.8,69.73,100,15,83,28724.5,27868.4,3.0,0,0
1787233451.361,177.741,246.2,64.74,100,19,88,14848.9,12533.5,238.6,66.60,100,13,81,13944.6,11412.3,231.6,64.74,100,22,87,26871.1,10158.1,221.8,69.73,100,17,83,27795.1,28620.2,3.0,0,0
1787233451.803,178.182,247.2,64.74,100,19,88,14538.5,19816.6,237.7,66.60,100,14,82,6478.8,17343.6,234.1,64.74,100,18,86,16675.2,26426.7,222.4,69.73,100,17,83,18039.5,28165.2,3.0,0,0
1787233452.245,178.624,250.8,64.74,100,20,88,13972.7,18858.8,237.7,66.60,100,14,82,5862.3,19293.4,237.9,64.74,100,20,87,17576.8,33806.0,228.2,69.73,100,17,83,13472.3,31582.6,2.0,0,0
1787233452.689,179.068,250.6,64.74,99,34,87,370.4,522.8,243.5,66.60,100,12,82,376.7,548.2,234.8,64.74,99,39,86,350.6,533.6,224.8,69.73,99,32,83,362.5,454.5,2.0,1,0
1787233453.132,179.511,252.9,64.74,99,38,87,373.7,522.4,240.4,66.60,99,23,81,381.3,552.5,231.1,64.74,99,39,86,378.8,494.3,219.1,69.73,99,32,83,359.9,444.8,2.0,1,0
1787233453.576,179.955,254.6,64.74,99,38,87,372.5,529.6,236.9,66.60,99,23,81,380.1,567.1,227.5,64.74,99,39,86,378.5,532.7,214.3,69.73,99,32,82,363.2,451.1,2.0,1,0
1787233454.021,180.400,254.7,64.74,99,38,87,383.0,550.4,236.9,66.60,99,23,81,396.9,573.5,227.5,64.74,99,39,86,379.5,532.0,214.3,69.73,99,32,82,361.5,461.3,2.0,1,0
1787233454.471,180.850,254.7,64.74,99,38,87,384.0,501.4,236.8,66.60,99,23,81,383.2,584.7,227.6,64.74,99,39,86,378.7,561.9,214.0,69.73,99,32,82,361.9,441.6,2.0,1,0
1787233454.916,181.295,254.8,64.74,99,38,87,374.6,500.6,237.0,66.60,99,23,81,384.4,557.2,227.8,64.74,99,39,86,437.1,585.5,214.3,69.73,99,32,82,368.8,529.6,2.0,1,0
1787233455.363,181.743,254.9,64.74,99,38,87,374.9,524.4,237.2,66.60,99,23,81,387.1,538.6,228.0,64.74,99,39,86,376.1,542.7,214.5,69.73,99,32,82,364.7,450.3,2.0,1,0
1787233455.808,182.187,255.2,64.74,99,38,87,376.1,524.4,237.1,66.60,99,23,81,383.3,568.4,228.0,64.74,99,39,86,383.7,548.4,214.5,69.73,99,32,82,340.1,456.6,2.0,1,0
1787233456.252,182.631,255.2,64.74,99,38,87,374.6,516.6,237.1,66.60,99,23,81,405.7,566.4,227.7,64.74,99,39,86,382.8,546.7,214.3,69.73,99,32,82,361.2,448.3,2.0,1,0
1787233456.697,183.077,255.1,64.74,99,38,87,373.3,531.7,236.9,66.60,99,23,81,379.9,569.3,227.6,64.74,99,39,85,351.7,542.9,214.0,69.73,99,32,82,360.1,459.4,2.0,1,0
1787233457.142,183.521,255.0,64.74,99,38,87,375.8,517.9,237.0,66.60,99,23,81,385.8,561.5,227.8,64.74,99,39,86,380.5,535.0,213.7,69.73,99,32,82,340.9,448.8,2.0,1,0
1787233457.585,183.965,254.9,64.74,99,38,87,374.1,510.0,236.9,66.60,99,23,81,381.2,563.0,227.5,64.74,99,39,86,377.4,542.6,213.4,69.73,99,32,82,358.3,450.6,2.0,1,0
1787233458.030,184.409,254.8,64.74,99,38,87,403.7,551.4,237.1,66.60,99,23,81,383.9,562.6,227.5,64.74,99,39,86,349.2,559.7,213.4,69.73,99,32,82,363.6,463.8,2.0,1,0
1787233458.477,184.856,254.8,64.74,99,38,87,376.4,520.1,237.3,66.60,99,23,81,381.5,569.6,227.3,64.74,99,39,86,378.1,552.7,213.5,69.73,99,32,82,361.4,446.1,2.0,1,0
1787233458.920,185.299,255.1,64.74,99,38,87,375.4,524.9,237.4,66.60,99,23,81,384.7,547.3,227.3,64.74,99,39,86,453.6,551.4,213.7,69.73,99,32,82,366.4,469.6,2.0,1,0
1787233459.369,185.749,255.1,64.74,99,38,87,373.0,525.2,237.3,66.60,99,23,81,381.3,573.2,227.5,64.74,99,39,86,374.6,531.3,214.0,69.73,99,32,82,363.5,438.0,2.0,1,0
1787233459.812,186.191,255.0,64.74,99,38,87,371.7,514.1,237.2,66.60,99,23,81,383.8,570.6,227.7,64.74,99,39,86,381.5,575.3,214.2,69.73,99,32,82,360.1,453.6,2.0,1,0
1787233460.256,186.635,254.8,64.74,99,38,87,374.6,517.1,237.2,66.60,99,23,81,364.9,545.5,227.5,64.74,99,39,86,377.4,554.4,213.9,69.73,99,32,82,361.1,450.6,2.0,1,0
1787233460.700,187.080,254.6,64.74,99,38,87,374.2,524.6,237.3,66.60,99,23,81,401.5,557.0,227.4,64.74,99,39,86,382.4,552.8,213.7,69.73,99,32,82,360.9,433.7,2.0,1,0
1787233461.150,187.529,254.7,64.74,99,38,87,373.9,489.6,237.1,66.60,99,23,81,384.1,588.3,227.3,64.74,99,39,86,351.0,561.7,213.7,69.73,99,32,82,358.8,463.1,2.0,1,0
1787233461.592,187.972,254.8,64.74,99,38,87,378.6,528.2,237.2,66.60,99,23,81,385.1,559.7,227.4,64.74,99,39,86,378.4,501.6,213.8,69.73,99,32,82,363.3,447.1,2.0,1,0
1787233462.037,188.417,255.0,64.74,99,38,87,406.9,650.8,237.6,66.60,99,23,81,420.6,561.2,227.4,64.74,99,39,86,380.4,561.9,213.8,69.73,99,32,82,362.9,464.6,2.0,1,0
1787233462.489,188.868,255.0,64.74,99,38,87,352.9,501.7,237.7,66.60,99,23,81,384.1,565.3,227.6,64.74,99,39,86,374.8,548.0,213.8,69.73,99,32,82,363.5,459.3,2.0,1,0
1787233462.933,189.312,255.3,64.74,99,38,87,378.6,509.3,237.8,66.60,99,23,81,379.6,581.2,227.7,64.74,99,39,86,380.3,615.0,213.8,69.73,99,32,82,365.4,453.1,2.0,1,0
1787233463.388,189.767,255.3,64.74,99,38,87,376.6,519.6,237.9,66.60,99,23,81,379.7,556.8,227.4,64.74,99,39,86,383.9,541.3,214.0,69.73,99,32,82,366.2,441.4,2.0,1,0
1787233463.831,190.210,255.2,64.74,99,38,87,3.5,1.4,228.2,66.60,11,3,79,3.9,1.0,227.2,64.74,99,39,86,0.6,0.5,214.1,69.73,99,32,82,0.6,0.5,0.0,0,0
1787233464.305,190.684,219.5,64.74,0,0,84,11197.9,20549.9,191.9,66.60,100,14,80,14297.6,10759.6,185.6,64.74,67,16,84,26370.8,36995.2,174.8,69.73,52,11,81,16616.2,31704.4,0.0,0,0
1787233464.750,191.129,198.0,64.74,100,21,87,17288.5,9901.7,191.9,66.60,100,14,80,23399.7,14921.3,179.3,64.74,100,21,85,13871.2,44510.1,169.1,69.73,100,18,82,19316.6,26482.0,0.0,0,0
1787233465.200,191.579,217.0,64.74,100,21,87,16154.5,18577.5,191.3,66.60,100,14,81,11121.3,18354.2,221.6,64.74,100,21,86,20416.0,22067.9,210.5,69.73,100,17,82,27377.3,33174.0,0.0,0,0
1787233465.647,192.026,236.3,64.74,99,19,88,21961.0,13250.0,227.7,66.60,100,14,81,11954.5,18705.6,220.2,64.74,100,23,87,22083.7,27082.8,209.8,69.73,100,20,84,17745.6,35043.7,0.0,0,0
1787233466.092,192.471,235.8,64.74,100,22,87,15559.7,13250.2,226.0,66.60,100,14,82,18486.3,16750.2,221.3,64.74,100,20,85,16683.7,28133.7,211.4,69.73,100,18,82,27868.5,20424.6,0.0,0,0
1787233466.555,192.934,236.4,64.74,100,21,88,17569.0,9194.2,227.7,66.60,100,14,81,22679.8,14897.9,221.3,64.74,100,20,85,16698.0,32031.6,211.8,69.73,100,18,83,22168.4,37801.6,3.0,0,0
1787233466.997,193.377,236.5,64.74,94,20,88,17271.0,20736.5,231.0,66.60,100,15,81,10293.5,14156.3,225.6,64.74,100,19,86,31301.3,27276.5,211.8,69.73,100,18,83,17088.2,43516.0,3.0,0,0
1787233467.455,193.834,236.5,64.74,94,20,88,9004.6,19222.0,229.7,66.60,100,15,81,15099.4,10082.2,222.2,64.74,100,21,85,25217.0,34486.9,211.7,69.73,100,18,82,19477.1,27806.9,3.0,0,0
1787233467.905,194.284,237.9,64.74,100,22,87,17586.5,16361.1,229.8,66.60,100,14,82,13906.9,11730.9,222.5,64.74,100,21,86,27679.0,18390.6,213.8,69.73,100,17,83,25111.0,32599.2,3.0,0,0
1787233468.353,194.733,238.7,64.74,100,20,87,11872.0,18739.8,232.8,66.60,100,14,82,17541.7,13355.9,228.4,64.74,100,19,86,16764.8,31309.9,215.9,69.73,100,18,83,20176.7,41651.7,3.0,0,0
1787233468.803,195.182,240.3,64.74,94,18,87,18082.7,8288.5,231.6,66.60,100,15,81,22395.0,14079.1,225.7,64.74,100,21,86,18230.2,27945.5,215.0,69.73,100,18,83,20184.4,41769.6,3.0,0,0
1787233469.252,195.631,240.0,64.74,100,22,87,7770.0,21883.3,231.6,66.60,100,15,81,18089.5,7015.6,226.6,64.74,100,20,86,27707.3,32955.2,216.3,69.73,100,18,84,17341.6,27435.5,3.0,0,0
1787233469.701,196.080,242.6,64.74,100,19,87,19587.0,13516.5,232.3,66.60,100,13,81,11760.1,16644.6,228.4,64.74,100,21,86,20197.6,35638.6,218.3,69.73,100,18,83,16271.3,27070.4,3.0,0,0
1787233470.147,196.526,244.2,64.74,100,19,87,9805.7,18098.3,236.6,66.60,100,13,82,15960.7,15143.5,228.5,64.74,96,21,85,14945.9,29223.2,216.4,69.73,94,18,83,26863.6,14187.9,3.0,0,0
1787233470.594,196.973,242.5,64.74,100,20,88,13947.5,12249.2,233.6,66.60,100,14,83,23342.9,6044.8,229.1,64.74,100,20,86,28042.9,28116.4,217.0,69.73,100,17,83,16556.1,28772.8,3.0,0,0
1787233471.043,197.422,244.1,64.74,100,19,88,16539.3,19219.4,235.4,66.60,100,13,82,16540.2,11858.3,229.1,64.74,100,20,86,23386.5,15789.8,218.8,69.73,100,17,84,27043.3,31427.8,3.0,0,0
1787233471.499,197.878,246.2,64.74,100,20,86,19299.6,7461.6,238.1,66.60,100,13,82,22389.0,13345.3,229.3,64.74,100,23,86,19080.8,34240.8,218.8,69.73,100,17,84,27563.5,15334.1,3.0,0,0
1787233471.944,198.323,246.2,64.74,100,20,86,13983.9,12289.4,236.5,66.60,100,12,81,22687.1,10743.7,229.8,64.74,93,22,85,21189.8,35305.3,220.1,69.73,93,18,82,11420.6,38860.8,3.0,0,0
1787233472.396,198.775,243.5,64.74,100,21,88,23387.0,13171.2,236.8,66.60,100,13,82,14121.7,12176.8,231.1,64.74,100,20,87,16640.3,41621.5,219.6,69.73,100,18,83,7394.3,44010.1,3.0,0,0
1787233472.837,199.216,246.2,64.74,100,21,87,23438.9,13761.5,240.8,66.60,100,13,81,14832.5,12009.2,231.0,64.74,100,21,87,16617.1,41238.0,223.6,69.73,100,18,83,7478.8,47084.9,3.0,0,0
1787233473.279,199.658,249.5,64.74,100,19,87,14647.3,11438.1,240.8,66.60,100,13,81,18384.2,12219.5,234.7,64.74,100,21,86,26027.0,17686.7,224.5,69.73,100,18,83,22056.9,27661.2,3.0,0,0
1787233473.723,200.102,247.1,64.74,100,19,87,14941.9,11883.2,238.1,66.60,100,16,83,13939.0,12407.1,232.7,64.74,100,20,86,28312.9,9793.3,222.7,69.73,100,16,83,28066.4,28240.1,3.0,0,0
1787233474.166,200.545,247.0,64.74,100,20,88,16280.0,15979.0,239.6,66.60,100,13,81,9939.2,14449.5,233.0,64.74,100,21,87,17838.8,24867.3,223.8,69.73,100,17,84,27424.4,28050.9,3.0,0,0
1787233474.613,200.992,251.1,64.74,100,18,88,14686.1,20482.3,241.3,66.60,100,13,81,4836.0,18869.9,237.7,64.74,100,19,86,16734.3,26424.0,225.9,69.73,100,18,83,16775.5,26275.3,2.0,0,0
1787233475.055,201.434,251.9,64.74,99,38,87,398.4,594.5,242.8,66.60,100,14,83,381.3,534.8,237.7,64.74,100,19,86,352.5,554.8,223.1,69.73,99,32,83,362.9,460.4,2.0,1,0
1787233475.502,201.882,252.4,64.74,99,38,87,370.7,508.4,240.6,66.60,99,23,81,383.5,541.6,232.8,64.74,99,39,86,376.9,538.7,223.1,69.73,99,32,83,364.3,442.7,2.0,1,0
1787233475.943,202.322,252.4,64.74,99,38,87,374.4,505.4,237.4,66.60,99,23,81,382.4,603.5,229.5,64.74,99,39,86,356.7,524.5,217.3,69.73,99,32,83,366.1,485.7,2.0,1,0
1787233476.385,202.764,254.6,64.74,99,38,87,374.6,523.2,237.5,66.60,99,23,81,383.0,550.0,227.4,64.74,99,39,86,380.8,485.5,214.8,69.73,99,32,83,363.9,475.7,2.0,1,0
1787233476.825,203.204,254.7,64.74,99,38,87,375.4,524.5,237.7,66.60,99,23,81,383.1,558.2,227.6,64.74,99,39,86,381.1,565.7,214.9,69.73,99,32,82,339.8,466.8,2.0,1,0
1787233477.269,203.648,254.7,64.74,99,38,87,413.4,560.3,237.7,66.60,99,23,81,386.2,554.3,227.6,64.74,99,39,86,374.7,524.3,214.7,69.73,99,32,83,338.0,476.6,2.0,1,0
1787233477.720,204.099,254.8,64.74,99,38,87,347.4,497.9,237.8,66.60,99,23,81,382.7,576.4,227.7,64.74,99,39,86,383.3,542.4,214.6,69.73,99,32,82,358.5,461.1,2.0,1,0
1787233478.162,204.541,254.6,64.74,99,38,87,371.8,504.7,237.7,66.60,99,23,81,360.6,561.5,227.8,64.74,99,39,86,376.2,542.7,214.6,69.73,99,32,82,372.5,453.3,2.0,1,0
1787233478.604,204.984,254.7,64.74,99,38,87,371.4,504.5,237.8,66.60,99,23,81,378.0,532.3,227.7,64.74,99,39,86,352.3,534.8,214.4,69.73,99,32,82,361.9,442.9,2.0,1,0
1787233479.046,205.426,254.8,64.74,99,38,87,379.2,499.9,237.9,66.60,99,23,81,417.3,552.8,227.7,64.74,99,39,86,401.2,569.1,214.4,69.73,99,32,82,365.4,458.2,2.0,1,0
1787233479.500,205.879,254.6,64.74,99,38,87,371.0,500.6,237.8,66.60,99,23,81,378.7,554.7,227.6,64.74,99,39,86,379.8,552.4,214.3,69.73,99,32,82,370.6,434.7,2.0,1,0
1787233479.943,206.323,254.6,64.74,99,38,87,377.5,510.0,237.4,66.60,99,23,81,383.6,646.2,227.6,64.74,99,39,86,467.3,566.0,214.5,69.73,99,32,82,338.9,445.6,2.0,1,0
1787233480.394,206.773,254.3,64.74,99,38,87,376.6,517.5,237.3,66.60,99,23,81,379.5,565.8,227.3,64.74,99,39,86,379.1,535.4,214.3,69.73,99,32,82,363.6,458.1,2.0,1,0
1787233480.837,207.216,254.0,64.74,99,38,87,351.7,506.2,237.5,66.60,99,23,81,385.2,565.8,227.3,64.74,99,39,86,378.1,543.5,214.3,69.73,99,32,82,365.0,456.8,2.0,1,0
1787233481.281,207.660,254.1,64.74,99,38,87,387.0,546.8,237.5,66.60,99,23,81,381.5,559.5,227.4,64.74,99,39,86,375.3,512.1,214.3,69.73,99,32,82,337.3,452.3,2.0,1,0
1787233481.728,208.108,254.4,64.74,99,38,87,374.5,515.6,237.7,66.60,99,23,81,386.0,549.1,227.3,64.74,99,39,86,380.6,552.5,214.4,69.73,99,32,82,358.3,450.5,2.0,1,0
1787233482.171,208.550,254.3,64.74,99,38,87,373.5,516.9,237.6,66.60,99,23,81,360.0,555.4,227.3,64.74,99,39,86,379.8,555.7,214.5,69.73,99,32,82,377.8,450.6,2.0,1,0
1787233482.620,208.999,254.6,64.74,99,38,87,351.1,509.2,237.4,66.60,99,23,81,382.0,564.7,227.5,64.74,99,39,86,382.9,552.2,214.4,69.73,99,32,83,364.9,466.9,2.0,1,0
1787233483.063,209.443,255.0,64.74,99,38,87,378.6,620.0,237.3,66.60,99,23,81,382.8,589.6,227.5,64.74,99,39,86,382.3,567.6,214.7,69.73,99,32,82,362.3,462.8,2.0,1,0
1787233483.513,209.893,255.0,64.74,99,38,87,372.8,506.6,237.2,66.60,99,23,81,378.9,538.3,227.5,64.74,99,39,86,354.7,538.1,214.7,69.73,99,32,82,366.8,450.5,2.0,1,0
1787233483.957,210.336,255.0,64.74,99,38,87,374.5,533.3,237.5,66.60,99,23,81,378.3,597.0,227.6,64.74,99,39,86,409.6,546.6,214.9,69.73,99,32,82,370.4,453.5,2.0,1,0
1787233484.405,210.784,255.0,64.74,99,38,87,374.6,512.9,238.1,66.60,99,23,81,384.5,555.2,227.8,64.74,99,39,86,378.9,511.2,214.8,69.73,99,32,83,365.5,464.4,2.0,1,0
1787233484.849,211.228,255.2,64.74,99,38,87,375.9,511.8,238.1,66.60,99,23,81,379.2,542.6,228.0,64.74,99,39,86,379.6,544.3,214.9,69.73,99,32,82,363.4,456.4,2.0,1,0
1787233485.292,211.671,255.0,64.74,99,38,87,379.2,513.5,238.0,66.60,99,23,81,379.1,545.4,228.1,64.74,99,39,86,374.6,499.1,215.0,69.73,99,32,82,341.9,454.8,2.0,1,0
1787233485.737,212.116,254.8,64.74,99,38,87,372.2,526.0,238.0,66.60,99,23,81,381.7,566.6,228.1,64.74,99,39,86,379.4,526.1,214.9,69.73,99,32,82,362.7,448.1,2.0,1,0
1787233486.180,212.559,254.9,64.74,99,38,87,0.6,0.4,237.9,66.60,99,23,81,1.7,0.9,220.5,64.74,28,11,84,0.6,2.1,209.8,69.73,43,14,80,4.8,1.4,0.0,0,0
1787233486.620,212.999,208.1,64.74,100,21,87,11298.6,20245.1,210.0,66.60,0,1,79,15888.6,11405.9,184.9,64.74,100,21,86,23859.1,37254.8,174.8,69.73,100,18,83,18624.1,27771.9,0.0,0,0
1787233487.077,213.457,198.9,64.74,100,20,87,17676.7,12109.0,194.0,66.60,100,15,81,18502.6,18662.4,189.3,64.74,100,21,86,16463.1,36587.2,178.4,69.73,100,17,82,26461.5,26538.5,0.0,0,0
1787233487.530,213.910,235.4,64.74,100,22,87,14963.0,12425.0,216.6,66.60,100,14,82,21027.4,16145.3,189.3,64.74,100,21,86,16640.5,30797.4,178.4,69.73,100,17,82,22971.5,37902.8,0.0,0,0
1787233487.980,214.359,235.4,64.74,100,22,87,15712.8,12989.9,227.6,66.60,100,14,81,22855.4,12964.4,221.8,64.74,100,21,88,16727.8,37706.7,211.5,69.73,100,18,84,22063.0,32934.4,0.0,0,0
1787233488.433,214.812,234.2,64.74,100,21,87,20420.5,16692.4,227.6,66.60,100,15,81,15551.7,11976.0,221.6,64.74,100,20,86,22175.4,42911.5,209.6,69.73,100,18,83,15018.0,27932.1,0.0,0,0
1787233488.879,215.258,234.6,64.74,100,20,87,21093.3,11447.0,228.4,66.60,100,15,81,13819.3,19092.1,222.2,64.74,100,20,86,12261.6,42483.4,211.7,69.73,100,17,83,18675.7,22378.3,3.0,0,0
1787233489.326,215.705,238.9,64.74,100,20,86,17419.9,9016.1,230.4,66.60,100,13,81,22445.4,14281.4,223.5,64.74,100,21,86,16865.9,28446.9,214.9,69.73,100,17,82,21047.0,43487.3,3.0,0,0
1787233489.785,216.164,237.1,64.74,100,20,87,15504.3,15470.0,230.4,66.60,100,13,81,20663.4,10944.4,223.3,64.74,100,20,87,17486.7,42858.2,213.7,69.73,100,16,84,10820.6,44734.7,3.0,0,0
1787233490.235,216.614,237.5,64.74,100,20,86,16814.4,9524.4,229.3,66.60,100,13,81,21888.0,16299.7,224.0,64.74,100,20,86,16700.5,34164.2,214.0,69.73,100,16,83,20986.5,37886.9,3.0,0,0
1787233490.685,217.064,240.6,64.74,100,22,87,13967.2,12259.8,229.5,66.60,100,15,82,23204.6,7956.1,226.5,64.74,100,21,86,26784.6,27208.0,216.0,69.73,100,18,83,22814.6,39966.6,3.0,0,0
1787233491.136,217.516,238.9,64.74,100,21,88,14539.4,12505.3,233.8,66.60,100,13,82,17040.0,19115.3,226.3,64.74,100,21,86,9777.7,38010.6,215.4,69.73,100,19,83,18654.6,21930.7,3.0,0,0
1787233491.589,217.968,240.3,64.74,100,20,88,22809.9,14525.2,232.4,66.60,100,14,82,15319.4,12126.6,227.3,64.74,100,21,85,17483.5,44440.7,216.2,69.73,100,19,82,9561.5,42683.6,3.0,0,0
1787233492.034,218.414,243.5,64.74,100,18,87,18354.0,12148.3,233.7,66.60,100,13,81,14762.6,14152.9,227.3,64.74,100,21,85,27424.5,23027.5,216.2,69.73,100,19,82,18624.7,37382.6,3.0,0,0
1787233492.485,218.864,243.5,64.74,100,18,87,18685.9,14350.6,234.7,66.60,100,14,82,19330.2,9771.9,230.0,64.74,100,20,87,19103.6,35329.0,220.6,69.73,100,16,82,10884.1,41574.9,3.0,0,0
1787233492.934,219.313,240.9,64.74,100,22,87,14761.7,20808.7,233.9,66.60,100,15,81,6710.2,18709.9,227.9,64.74,100,20,87,16941.5,24548.5,217.3,69.73,100,17,83,28301.1,32263.3,3.0,0,0
1787233493.389,219.768,241.2,64.74,100,20,88,23294.0,5752.1,234.7,66.60,100,15,83,21077.1,11953.1,229.4,64.74,100,18,86,15417.2,34466.6,219.0,69.73,100,17,83,19216.0,42441.1,3.0,0,0
1787233493.833,220.212,245.1,64.74,100,20,87,13931.3,12515.6,238.0,66.60,100,14,81,16193.9,13967.6,231.4,64.74,100,22,87,24434.8,36038.5,221.7,69.73,100,17,84,10279.2,40738.4,3.0,0,0
1787233494.276,220.656,244.2,64.74,93,21,86,23383.7,14140.1,238.0,66.60,100,14,81,13812.0,12070.2,228.9,64.74,100,21,86,18469.1,44911.1,219.5,69.73,100,18,84,7053.2,43584.3,3.0,0,0
1787233494.721,221.100,243.9,64.74,100,21,88,19024.1,13240.1,236.2,66.60,100,13,81,12105.9,14759.3,231.4,64.74,100,20,86,18419.3,43038.6,221.3,69.73,100,16,85,9911.2,37452.8,3.0,0,0
1787233495.163,221.542,244.8,64.74,100,21,87,18666.5,12863.5,237.4,66.60,100,14,82,12425.3,14691.5,234.9,64.74,100,19,87,18663.8,42774.0,224.8,69.73,100,17,83,11176.8,34552.3,3.0,0,0
1787233495.607,221.986,248.2,64.74,92,19,88,23582.8,4274.1,240.8,66.60,100,14,82,23243.8,12116.5,231.1,64.74,100,23,87,16608.9,27487.9,221.6,69.73,100,21,84,16568.2,43736.4,3.0,0,0
1787233496.049,222.428,246.8,64.74,100,18,87,19154.8,5216.5,238.9,66.60,100,13,81,22161.5,12082.2,231.1,64.74,100,23,87,21758.3,21341.6,221.6,69.73,100,21,84,20149.1,31335.6,3.0,0,0
1787233496.495,222.874,247.8,64.74,100,20,86,13974.1,12324.8,239.3,66.60,100,14,83,15201.5,12214.9,233.4,64.74,100,20,86,27746.6,9918.1,221.9,69.73,100,17,84,27712.6,27509.5,3.0,0,0
1787233496.938,223.317,247.8,64.74,100,20,86,14844.5,14618.3,244.0,66.60,100,13,82,11997.0,12757.6,236.5,64.74,100,21,88,27532.2,12070.8,227.1,69.73,100,18,83,27227.0,4675.5,2.0,0,0
1787233497.387,223.766,249.4,64.74,100,22,89,377.3,537.2,240.7,66.60,99,23,81,380.3,547.2,236.7,64.74,100,21,87,374.6,567.4,227.8,69.73,100,16,83,368.8,460.2,2.0,1,0
1787233497.831,224.210,251.9,64.74,99,38,87,351.3,534.6,238.6,66.60,99,23,81,382.7,572.3,232.7,64.74,99,39,86,377.8,548.7,220.9,69.73,99,32,83,361.3,464.4,2.0,1,0
1787233498.273,224.652,252.2,64.74,99,38,87,389.4,616.4,238.6,66.60,99,23,81,386.9,571.2,228.3,64.74,99,39,86,382.5,533.8,214.5,69.73,99,32,83,337.5,459.5,2.0,1,0
1787233498.721,225.100,253.8,64.74,99,38,87,372.4,518.6,237.1,66.60,99,23,81,382.2,568.6,228.3,64.74,99,39,86,375.2,563.7,215.2,69.73,99,32,83,362.3,433.5,2.0,1,0
1787233499.163,225.542,253.7,64.74,99,38,87,375.2,531.6,237.0,66.60,99,23,81,383.3,564.3,228.1,64.74,99,39,86,376.0,544.3,215.1,69.73,99,32,82,364.0,454.6,2.0,1,0
1787233499.604,225.984,253.5,64.74,99,38,87,353.6,550.1,236.8,66.60,99,23,81,384.7,580.2,227.9,64.74,99,39,86,383.6,533.6,215.1,69.73,99,32,83,363.3,460.3,2.0,1,0
1787233500.046,226.426,253.6,64.74,99,38,87,395.7,507.9,236.8,66.60,99,23,81,354.6,570.7,227.9,64.74,99,39,86,381.9,535.2,215.1,69.73,99,32,83,363.7,449.0,2.0,1,0
1787233500.492,226.872,253.6,64.74,99,38,87,376.1,521.3,236.9,66.60,99,23,81,385.1,555.4,227.8,64.74,99,39,86,349.6,551.7,215.0,69.73,99,32,83,357.4,440.9,2.0,1,0
1787233500.935,227.314,253.9,64.74,99,38,87,376.2,508.6,237.1,66.60,99,23,81,376.9,554.0,227.9,64.74,99,39,86,378.4,627.1,215.0,69.73,99,32,82,373.7,515.7,2.0,1,0
1787233501.388,227.767,253.9,64.74,99,38,87,372.5,515.5,237.4,66.60,99,23,81,381.0,580.7,227.9,64.74,99,39,86,381.0,550.4,215.0,69.73,99,32,83,359.8,435.9,2.0,1,0
1787233501.831,228.210,254.2,64.74,99,38,87,375.1,523.4,237.4,66.60,99,23,81,381.1,570.4,227.9,64.74,99,39,86,375.2,538.4,214.8,69.73,99,32,83,363.9,469.9,2.0,1,0
1787233502.273,228.652,254.2,64.74,99,38,87,354.6,510.6,237.4,66.60,99,23,81,396.1,557.9,228.1,64.74,99,39,86,377.6,555.3,214.6,69.73,99,32,82,363.7,446.4,2.0,1,0
1787233502.718,229.097,254.1,64.74,99,38,87,368.2,515.9,237.3,66.60,99,23,81,379.9,558.9,228.0,64.74,99,39,86,350.5,539.5,214.7,69.73,99,32,82,362.3,456.9,2.0,1,0
1787233503.159,229.538,254.2,64.74,99,38,87,374.5,508.1,237.4,66.60,99,23,81,382.0,570.0,228.0,64.74,99,39,86,351.0,540.7,214.9,69.73,99,32,83,366.6,451.1,2.0,1,0
1787233503.603,229.982,254.3,64.74,99,38,87,382.3,586.4,237.4,66.60,99,23,81,381.1,559.7,228.1,64.74,99,39,86,376.8,548.1,214.8,69.73,99,32,82,360.5,450.3,2.0,1,0
1787233504.048,230.427,254.5,64.74,99,38,87,381.3,511.9,237.2,66.60,99,23,81,390.0,565.4,228.1,64.74,99,39,86,377.2,533.8,214.8,69.73,99,32,82,364.6,456.6,2.0,1,0
1787233504.490,230.869,254.5,64.74,99,38,87,378.6,514.2,237.3,66.60,99,23,81,357.9,543.5,228.0,64.74,99,39,86,376.5,549.8,214.5,69.73,99,32,82,363.3,453.2,2.0,1,0
1787233504.932,231.312,254.6,64.74,99,38,87,377.8,516.7,237.4,66.60,99,23,81,386.9,575.4,228.0,64.74,99,39,86,350.9,666.5,214.6,69.73,99,32,82,368.4,466.3,2.0,1,0
1787233505.383,231.762,254.2,64.74,99,38,87,374.1,510.1,237.4,66.60,99,23,81,383.1,558.5,228.0,64.74,99,39,86,375.7,544.0,214.8,69.73,99,32,82,363.3,447.2,2.0,1,0
1787233505.825,232.204,253.7,64.74,99,38,87,370.8,515.2,237.3,66.60,99,23,81,379.8,570.0,227.9,64.74,99,39,86,347.3,536.1,214.7,69.73,99,32,82,361.1,452.0,2.0,1,0
1787233506.267,232.646,253.8,64.74,99,38,87,376.0,519.7,237.3,66.60,99,23,81,383.6,582.0,227.8,64.74,99,39,86,377.4,501.0,214.8,69.73,99,32,82,367.3,457.3,2.0,1,0
1787233506.709,233.088,254.2,64.74,99,38,87,373.9,505.7,237.0,66.60,99,23,81,379.3,565.0,227.8,64.74,99,39,86,377.0,569.2,214.9,69.73,99,32,82,341.5,451.4,2.0,1,0
1787233507.150,233.529,254.4,64.74,99,38,87,375.8,535.2,237.0,66.60,99,23,81,381.2,564.2,227.8,64.74,99,39,86,378.5,525.1,214.8,69.73,99,32,82,336.8,428.5,2.0,1,0
1787233507.593,233.972,254.3,64.74,99,38,87,379.6,541.5,237.1,66.60,99,23,81,381.5,583.1,228.1,64.74,99,39,86,398.1,535.1,214.7,69.73,99,32,82,357.7,446.4,2.0,1,0
1787233508.048,234.427,254.0,64.74,99,38,87,381.3,504.6,237.1,66.60,99,23,81,366.8,557.9,228.1,64.74,99,39,86,381.9,537.1,214.7,69.73,99,32,82,359.8,456.1,2.0,1,0
1787233508.491,234.871,254.0,64.74,99,38,87,1.5,0.4,237.0,66.60,99,23,81,1.7,0.9,228.3,64.74,99,39,86,0.6,0.4,214.8,69.73,99,32,82,1.1,0.5,0.0,0,0
1787233508.957,235.336,241.7,64.74,0,0,85,11110.3,20534.1,200.7,66.60,84,14,80,16410.7,11410.7,203.3,64.74,0,0,83,27207.6,31436.1,182.2,69.73,0,0,80,16177.2,43664.4,0.0,0,0
1787233509.408,235.788,206.1,64.74,100,19,86,23510.5,9816.0,192.1,66.60,100,14,82,18379.1,15914.9,184.6,64.74,100,21,87,13254.6,44364.4,175.2,69.73,100,18,83,17863.4,26755.5,0.0,0,0
1787233509.859,236.239,209.4,64.74,100,22,87,19253.2,17904.9,227.1,66.60,100,14,82,13898.5,13118.6,209.4,64.74,100,21,87,29387.7,22397.6,209.0,69.73,100,18,84,19089.5,51030.3,0.0,0,0
1787233510.309,236.688,235.9,64.74,100,21,86,17180.0,20711.1,226.0,66.60,100,14,82,10098.3,14595.8,222.1,64.74,100,21,87,22991.6,19961.2,209.6,69.73,100,18,82,27778.1,29742.2,0.0,0,0
1787233510.758,237.138,233.8,64.74,100,21,87,10072.4,16858.2,226.0,66.60,100,14,82,17816.3,8829.2,222.2,64.74,100,21,86,28075.0,32971.5,211.2,69.73,100,17,83,16605.4,32664.4,0.0,0,0
1787233511.206,237.585,235.8,64.74,100,19,87,14139.7,11427.1,227.8,66.60,100,14,81,20812.6,17210.0,222.0,64.74,100,21,87,16524.3,38951.3,213.4,69.73,100,18,83,22056.8,30994.0,3.0,0,0
1787233511.656,238.035,237.8,64.74,100,21,88,21442.5,16145.8,230.7,66.60,100,14,82,13914.5,11447.4,225.0,64.74,100,22,86,28524.7,18943.5,212.1,69.73,100,18,83,24710.4,28587.8,3.0,0,0
1787233512.106,238.485,235.9,64.74,100,22,87,8568.7,19837.7,228.0,66.60,100,15,81,14202.7,10831.1,223.7,64.74,100,21,86,23925.4,34129.5,213.2,69.73,100,18,83,20523.1,27478.3,3.0,0,0
1787233512.552,238.932,238.9,64.74,100,21,87,13965.7,20568.4,231.3,66.60,100,13,81,9713.0,17820.2,223.7,64.74,100,21,86,18130.3,23403.3,213.2,69.73,100,18,83,24675.9,33594.1,3.0,0,0
1787233512.997,239.376,240.9,64.74,100,20,88,18988.8,12092.2,234.0,66.60,100,14,82,15968.5,16608.1,224.6,64.74,100,21,87,16799.6,31991.6,216.1,69.73,100,18,84,20393.0,40402.7,3.0,0,0
1787233513.450,239.829,240.9,64.74,100,20,88,16994.7,12081.4,230.3,66.60,100,14,81,13927.3,14311.2,228.6,64.74,100,18,87,27569.2,15954.4,215.9,69.73,100,17,82,23635.4,29800.9,3.0,0,0
1787233513.893,240.272,239.3,64.74,100,20,86,14774.9,12128.8,232.6,66.60,100,14,82,16777.5,19185.1,226.6,64.74,100,21,87,9423.8,39450.9,215.2,69.73,100,17,84,17825.8,24223.3,3.0,0,0
1787233514.338,240.717,239.3,64.74,100,20,88,13985.5,12317.7,236.0,66.60,100,15,81,22813.6,7157.8,227.0,64.74,100,19,86,27873.3,26670.4,218.2,69.73,100,17,83,16524.7,34911.0,3.0,0,0
1787233514.781,241.160,243.0,64.74,100,21,88,21388.5,6090.3,236.0,66.60,100,15,81,22991.4,13440.6,230.0,64.74,100,21,87,16595.0,30611.5,218.5,69.73,100,18,83,21106.5,40636.6,3.0,0,0
1787233515.228,241.607,242.2,64.74,100,20,87,13994.0,14623.3,233.8,66.60,100,15,82,21740.2,13201.9,227.2,64.74,100,22,87,18760.0,31572.7,219.8,69.73,100,17,84,27640.0,16395.2,3.0,0,0
1787233515.681,242.060,242.8,64.74,100,20,86,15111.0,14594.0,234.7,66.60,100,13,82,23081.1,7107.3,228.5,64.74,100,21,88,22224.2,32268.7,220.5,69.73,100,18,83,12770.7,40357.5,3.0,0,0
1787233516.125,242.505,246.2,64.74,100,20,87,19907.4,12456.2,238.0,66.60,100,14,81,12685.1,15410.2,231.5,64.74,100,20,87,19477.5,33030.8,222.8,69.73,100,16,83,20205.5,53451.5,3.0,0,0
1787233516.571,242.950,242.9,64.74,100,20,88,20556.3,7469.1,234.6,66.60,93,15,81,18383.9,12599.0,230.5,64.74,100,20,86,14170.0,35132.3,221.1,69.73,100,17,83,18470.0,40997.5,3.0,0,0
1787233517.012,243.391,244.1,64.74,100,20,87,18899.7,9779.7,237.4,66.60,100,13,82,14844.2,16543.1,230.5,64.74,100,20,86,9004.3,43508.4,221.1,69.73,100,17,83,18373.3,33180.1,3.0,0,0
1787233517.457,243.837,244.1,64.74,100,20,87,13933.9,12118.8,241.3,66.60,100,13,81,13810.5,19011.1,231.2,64.74,100,20,87,6910.1,44376.7,221.9,69.73,100,17,83,18170.4,27579.2,3.0,0,0
1787233517.899,244.278,248.1,64.74,100,20,87,22755.0,13060.3,239.4,66.60,100,15,82,17060.1,9708.1,235.0,64.74,100,20,87,19305.0,44468.7,225.5,69.73,100,18,83,5777.4,43852.0,3.0,0,0
1787233518.351,244.730,245.9,64.74,100,20,87,22487.6,12914.3,238.5,66.60,100,13,81,17481.5,10650.7,232.8,64.74,100,20,86,18797.9,34612.0,222.5,69.73,100,16,83,11530.4,37573.0,3.0,0,0
1787233518.795,245.175,246.2,64.74,100,19,87,17986.8,13075.5,238.5,66.60,100,13,81,22227.7,5811.7,232.7,64.74,100,20,88,24741.8,27368.9,224.3,69.73,100,17,84,16564.3,27449.6,3.0,0,0
1787233519.240,245.620,250.3,64.74,100,20,88,13940.0,12357.5,238.8,66.60,100,14,81,23940.4,4416.8,237.9,64.74,100,20,87,27943.6,28718.0,227.4,69.73,100,19,83,16656.5,27759.4,3.0,0,0
1787233519.689,246.068,250.3,64.74,100,31,87,372.3,498.0,242.8,66.60,100,14,82,381.5,563.7,234.7,64.74,99,39,86,382.3,560.6,224.2,69.73,99,32,83,359.4,450.0,2.0,1,0
1787233520.139,246.518,251.1,64.74,99,38,87,352.4,525.8,240.5,66.60,99,23,81,385.0,572.5,231.5,64.74,99,39,86,374.2,538.6,219.8,69.73,99,32,83,361.0,442.7,2.0,1,0
1787233520.581,246.960,254.0,64.74,99,38,87,378.2,514.3,237.5,66.60,99,23,81,384.3,557.0,228.9,64.74,99,39,86,378.6,538.2,215.3,69.73,99,32,83,362.2,445.0,2.0,1,0
1787233521.023,247.402,253.8,64.74,99,38,87,375.7,537.2,236.9,66.60,99,23,81,386.8,634.8,228.9,64.74,99,39,86,383.1,598.6,215.3,69.73,99,32,83,361.6,418.0,2.0,1,0
1787233521.469,247.848,253.8,64.74,99,38,87,380.8,517.9,237.0,66.60,99,23,81,384.4,578.2,228.7,64.74,99,39,86,378.8,561.1,215.2,69.73,99,32,83,360.0,421.0,2.0,1,0
1787233521.910,248.289,253.5,64.74,99,38,87,374.8,527.8,236.8,66.60,99,23,81,386.4,576.8,228.6,64.74,99,39,86,386.5,541.9,214.9,69.73,99,32,83,363.2,441.4,2.0,1,0
1787233522.354,248.733,253.5,64.74,99,38,87,353.8,528.0,236.7,66.60,99,23,81,383.6,559.7,228.6,64.74,99,39,86,379.4,518.9,214.7,69.73,99,32,83,362.8,443.7,2.0,1,0
1787233522.795,249.174,253.6,64.74,99,38,87,353.7,507.5,236.7,66.60,99,23,81,388.5,575.0,228.7,64.74,99,39,86,384.2,552.5,215.0,69.73,99,32,83,359.7,459.5,2.0,1,0
1787233523.237,249.616,253.9,64.74,99,38,87,375.6,502.3,236.7,66.60,99,23,81,383.9,597.3,228.7,64.74,99,39,86,382.6,554.7,215.0,69.73,99,32,82,363.8,457.0,2.0,1,0
1787233523.680,250.059,254.1,64.74,99,38,87,376.6,542.7,236.9,66.60,99,23,81,355.4,532.7,228.8,64.74,99,39,86,376.7,548.0,214.7,69.73,99,32,83,359.4,452.3,2.0,1,0
1787233524.123,250.503,254.0,64.74,99,38,87,372.3,517.9,237.0,66.60,99,23,81,377.2,579.2,228.8,64.74,99,39,86,381.2,515.7,214.6,69.73,99,32,83,364.2,500.6,2.0,1,0
1787233524.570,250.949,253.8,64.74,99,38,87,352.0,504.1,237.0,66.60,99,23,81,386.6,563.0,228.8,64.74,99,39,86,378.9,555.3,214.6,69.73,99,32,82,363.0,451.2,2.0,1,0
1787233525.013,251.392,253.8,64.74,99,38,87,377.1,660.8,237.0,66.60,99,23,81,436.8,638.8,228.4,64.74,99,39,86,378.9,590.0,214.6,69.73,99,32,82,364.7,464.4,2.0,1,0
1787233525.471,251.851,253.8,64.74,99,38,87,374.3,515.7,237.0,66.60,99,23,81,382.9,576.1,228.3,64.74,99,39,86,374.4,621.9,214.4,69.73,99,32,82,361.1,465.0,2.0,1,0
1787233525.923,252.302,253.8,64.74,99,38,87,372.1,560.4,237.1,66.60,99,23,81,380.7,561.8,228.4,64.74,99,39,86,398.5,577.0,214.7,69.73,99,32,82,366.5,466.1,2.0,1,0
1787233526.368,252.747,254.0,64.74,99,38,87,379.0,533.5,237.4,66.60,99,23,81,364.0,562.7,228.4,64.74,99,39,86,382.4,525.2,214.9,69.73,99,32,82,364.8,444.5,2.0,1,0
1787233526.810,253.190,254.3,64.74,99,38,87,375.2,510.5,237.6,66.60,99,23,81,378.4,557.2,228.5,64.74,99,39,86,374.8,510.8,214.7,69.73,99,32,82,363.1,464.3,2.0,1,0
1787233527.254,253.633,254.4,64.74,99,38,87,373.4,517.1,237.6,66.60,99,23,81,384.9,577.1,228.7,64.74,99,39,86,382.4,541.2,215.1,69.73,99,32,83,362.8,460.2,2.0,1,0
1787233527.700,254.080,254.7,64.74,99,38,87,373.8,523.1,237.7,66.60,99,23,81,381.0,553.7,228.7,64.74,99,39,86,376.3,534.7,215.3,69.73,99,32,82,341.0,460.5,2.0,1,0
1787233528.153,254.532,254.9,64.74,99,38,87,376.4,533.5,237.7,66.60,99,23,81,380.0,591.0,228.7,64.74,99,39,86,381.8,550.3,214.9,69.73,99,32,82,363.5,443.6,2.0,1,0
1787233528.598,254.977,254.6,64.74,99,38,87,350.9,498.8,237.7,66.60,99,23,81,383.9,587.0,228.8,64.74,99,39,86,380.7,560.6,214.6,69.73,99,32,82,359.6,455.1,2.0,1,0
1787233529.046,255.425,254.2,64.74,99,38,87,379.1,539.8,237.6,66.60,99,23,81,389.8,586.7,228.8,64.74,99,39,86,379.8,561.3,214.6,69.73,99,32,82,362.9,451.1,2.0,1,0
1787233529.492,255.872,254.2,64.74,99,38,87,377.8,519.7,237.4,66.60,99,23,81,360.3,563.4,228.7,64.74,99,39,86,380.4,562.6,214.8,69.73,99,32,82,364.1,446.4,2.0,1,0
1787233529.935,256.314,254.1,64.74,99,38,87,377.7,538.9,237.2,66.60,99,23,81,387.1,577.1,228.6,64.74,99,39,86,361.2,531.7,214.9,69.73,99,32,82,364.2,449.2,2.0,1,0
1787233530.389,256.768,254.2,64.74,99,38,87,377.9,514.8,237.1,66.60,99,23,81,383.5,568.7,228.5,64.74,99,39,86,374.3,507.1,214.6,69.73,99,32,82,335.8,453.2,2.0,1,0
1787233530.832,257.212,254.1,64.74,99,38,87,1.1,5.7,229.5,66.60,26,7,79,1.0,1.0,228.5,64.74,99,39,86,1.1,0.4,214.4,69.73,99,32,82,2.8,0.5,0.0,0,0
1787233531.299,257.679,220.6,64.74,0,0,84,12967.4,20392.1,194.1,66.60,100,14,80,17546.5,11408.6,185.4,64.74,70,16,84,21929.5,37039.9,177.2,69.73,55,11,81,20363.4,27373.0,0.0,0,0
1787233531.747,258.126,199.8,64.74,100,21,88,17832.9,10168.7,194.1,66.60,100,14,80,23299.6,12943.6,182.1,64.74,100,21,86,16747.2,39000.3,171.8,69.73,100,18,82,22803.9,30186.0,0.0,0,0
1787233532.189,258.568,226.9,64.74,100,21,88,23013.3,15895.7,193.2,66.60,100,14,81,13818.3,18021.1,221.8,64.74,100,21,86,23476.2,26241.8,211.2,69.73,100,17,82,21127.3,37114.8,0.0,0,0
1787233532.634,259.014,235.7,64.74,95,19,88,15766.2,16505.4,227.3,66.60,100,14,80,20261.3,11749.9,220.5,64.74,100,21,87,16757.8,44491.6,209.9,69.73,100,20,83,12197.5,39828.9,0.0,0,0
1787233533.075,259.455,235.4,64.74,100,22,87,17282.4,8975.4,226.2,66.60,100,15,81,22887.1,14861.5,221.9,64.74,100,21,87,16693.0,32537.0,212.3,69.73,100,18,82,21983.6,38387.5,0.0,0,0
1787233533.517,259.896,236.7,64.74,100,21,88,13961.0,13535.8,228.0,66.60,100,13,81,23204.5,8806.0,221.9,64.74,100,21,87,22068.0,35294.2,212.3,69.73,100,18,82,12314.0,43762.1,3.0,0,0
1787233533.959,260.338,236.7,64.74,100,21,88,13910.6,16214.5,230.5,66.60,100,14,82,22246.1,11409.5,225.2,64.74,100,21,86,22680.4,34003.9,214.8,69.73,100,18,82,20048.0,30293.2,3.0,0,0
1787233534.410,260.790,236.3,64.74,94,20,87,15574.6,20628.5,229.1,66.60,100,15,81,8860.7,17223.6,223.3,64.74,100,22,86,17819.8,24300.8,212.3,69.73,100,18,82,24641.1,33654.0,3.0,0,0
1787233534.852,261.231,237.6,64.74,100,21,86,20628.6,10603.1,230.3,66.60,100,14,82,15031.6,17095.4,224.5,64.74,100,22,86,10936.9,44266.4,215.3,69.73,100,17,83,17985.4,26511.0,3.0,0,0
1787233535.292,261.671,238.2,64.74,100,21,88,14515.0,15919.8,230.3,66.60,100,14,82,22451.1,9665.7,227.3,64.74,100,22,86,19091.9,38623.7,216.9,69.73,100,19,82,10936.4,44314.7,3.0,0,0
1787233535.740,262.119,239.5,64.74,94,18,87,17241.6,12354.8,233.5,66.60,100,14,81,13808.8,18783.8,225.8,64.74,100,22,86,9546.1,43741.4,215.2,69.73,100,18,84,16956.8,24987.0,3.0,0,0
1787233536.186,262.565,240.2,64.74,100,21,87,14002.8,12510.4,232.3,66.60,100,13,81,23301.0,6964.2,226.6,64.74,100,21,86,27083.9,34541.3,216.2,69.73,100,18,83,11149.4,36068.4,3.0,0,0
1787233536.645,263.024,242.7,64.74,100,19,87,13969.5,12089.3,233.4,66.60,100,12,82,19540.7,14204.9,230.3,64.74,100,20,86,21793.6,25958.5,220.1,69.73,100,17,82,16765.8,38842.7,3.0,0,0
1787233537.090,263.470,243.9,64.74,100,20,87,17673.9,14455.8,235.7,66.60,100,14,81,20826.2,8662.4,228.9,64.74,99,23,86,20732.2,32978.8,219.0,69.73,93,18,83,11902.2,40493.6,3.0,0,0
1787233537.534,263.914,241.1,64.74,100,20,88,17597.1,15067.4,232.7,66.60,100,14,82,10099.4,17780.4,228.9,64.74,99,23,86,19563.4,33671.0,219.0,69.73,93,18,83,16763.8,26499.8,3.0,0,0
1787233537.982,264.361,241.1,64.74,100,20,88,15194.1,12318.8,234.5,66.60,100,14,83,27161.3,11642.0,229.7,64.74,100,20,87,16277.4,33505.1,219.3,69.73,100,18,82,19450.9,41621.2,3.0,0,0
1787233538.438,264.817,243.4,64.74,100,20,88,13959.0,12608.7,237.4,66.60,100,14,82,16285.4,19261.5,231.9,64.74,100,20,86,9873.2,37329.8,223.5,69.73,100,17,83,16783.5,36431.2,3.0,0,0
1787233538.885,265.265,245.8,64.74,100,20,87,16590.2,14481.2,236.0,66.60,100,13,81,10329.3,16271.3,230.8,64.74,93,22,86,18300.9,39323.2,220.6,69.73,93,17,82,12173.5,33047.1,3.0,0,0
1787233539.334,265.713,243.5,64.74,100,21,89,15329.7,20882.2,236.6,66.60,100,13,83,7083.9,16802.5,231.9,64.74,100,20,87,16689.8,25794.2,221.0,69.73,100,18,83,19683.1,29525.1,3.0,0,0
1787233539.780,266.159,245.0,64.74,100,20,87,15440.2,14807.2,236.6,66.60,100,13,83,12930.1,11939.0,233.4,64.74,100,22,87,22326.2,17072.5,224.7,69.73,100,17,84,24760.2,29580.6,3.0,0,0
1787233540.223,266.602,248.0,64.74,100,19,88,10718.1,15303.6,240.4,66.60,100,14,81,14636.7,18749.2,234.8,64.74,100,20,86,9037.2,38529.9,223.1,69.73,100,16,83,18223.7,23484.8,3.0,0,0
1787233540.668,267.048,246.3,64.74,100,21,87,13952.7,12418.7,237.4,66.60,100,15,82,14781.2,19142.8,233.7,64.74,100,20,87,5588.0,45134.9,223.4,69.73,100,17,83,17382.3,27389.1,3.0,0,0
1787233541.112,267.491,245.3,64.74,100,21,88,15104.0,11308.4,240.1,66.60,100,13,82,13808.5,17336.8,233.7,64.74,100,20,87,7747.5,44228.9,226.6,69.73,100,16,85,17537.3,33022.6,3.0,0,0
1787233541.557,267.936,251.3,64.74,100,18,87,20864.2,6870.1,241.9,66.60,100,13,81,19369.3,11801.8,233.7,64.74,100,20,87,16090.7,30325.2,226.6,69.73,100,16,85,17479.0,44340.1,3.0,0,0
1787233541.998,268.377,250.3,64.74,99,38,87,354.6,520.0,242.6,66.60,100,15,83,398.5,580.3,238.0,64.74,100,20,86,440.7,506.1,228.7,69.73,100,17,83,336.8,448.6,2.0,1,0
1787233542.448,268.827,250.3,64.74,99,38,87,389.1,528.6,239.4,66.60,99,23,81,382.4,559.1,234.6,64.74,99,39,87,379.0,561.5,222.6,69.73,99,32,83,363.6,449.7,2.0,1,0
1787233542.894,269.273,252.0,64.74,99,38,87,374.3,526.9,237.1,66.60,99,23,81,357.5,561.6,231.7,64.74,99,39,87,378.6,671.0,217.4,69.73,99,32,83,367.8,439.7,2.0,1,0
1787233543.343,269.722,253.6,64.74,99,38,87,373.3,518.0,237.2,66.60,99,23,81,383.4,557.8,229.6,64.74,99,39,87,376.5,530.3,215.3,69.73,99,32,83,364.4,472.3,2.0,1,0
1787233543.784,270.163,253.5,64.74,99,38,87,376.8,525.0,237.2,66.60,99,23,81,386.2,567.3,229.5,64.74,99,39,87,384.5,540.9,215.1,69.73,99,32,82,360.5,458.9,2.0,1,0
1787233544.225,270.604,253.5,64.74,99,38,87,372.9,504.2,237.2,66.60,99,23,81,380.3,570.8,229.6,64.74,99,39,87,377.7,523.1,214.9,69.73,99,32,82,359.2,455.9,2.0,1,0
1787233544.668,271.047,253.7,64.74,99,38,87,373.4,509.4,237.2,66.60,99,23,81,378.3,547.5,229.7,64.74,99,39,87,379.4,536.0,214.7,69.73,99,32,83,361.0,458.4,2.0,1,0
1787233545.110,271.489,253.8,64.74,99,38,87,375.9,539.1,237.1,66.60,99,23,81,379.2,544.3,229.5,64.74,99,39,86,374.2,539.2,214.4,69.73,99,32,82,359.3,450.1,2.0,1,0
1787233545.553,271.932,253.6,64.74,99,38,87,373.2,528.7,237.1,66.60,99,23,81,381.9,545.8,229.5,64.74,99,39,86,390.2,541.4,214.4,69.73,99,32,82,364.0,455.0,2.0,1,0
1787233545.995,272.374,253.6,64.74,99,38,87,388.3,525.0,236.9,66.60,99,23,81,384.2,659.9,229.2,64.74,99,39,87,405.2,550.7,214.5,69.73,99,32,82,363.3,498.4,2.0,1,0
1787233546.447,272.826,253.6,64.74,99,38,87,375.6,510.6,237.1,66.60,99,23,81,377.6,609.3,229.3,64.74,99,39,87,388.5,533.7,214.8,69.73,99,32,82,363.9,436.3,2.0,1,0
1787233546.898,273.277,253.5,64.74,99,38,87,374.6,528.7,237.3,66.60,99,23,81,378.9,554.8,229.3,64.74,99,39,87,376.8,560.9,214.8,69.73,99,32,82,365.9,481.3,2.0,1,0
1787233547.344,273.723,253.2,64.74,99,38,87,376.1,521.2,236.9,66.60,99,23,81,381.0,580.0,229.1,64.74,99,39,87,375.9,613.1,214.5,69.73,99,32,82,361.7,429.5,2.0,1,0
1787233547.790,274.169,253.5,64.74,99,38,87,372.1,531.5,236.9,66.60,99,23,81,359.9,561.7,229.0,64.74,99,39,87,375.4,525.5,214.5,69.73,99,32,82,363.2,445.9,2.0,1,0
1787233548.233,274.613,253.8,64.74,99,38,87,374.7,493.7,236.7,66.60,99,23,81,382.5,648.9,229.1,64.74,99,39,87,380.8,548.6,214.4,69.73,99,32,82,361.6,448.2,2.0,1,0
1787233548.683,275.063,254.4,64.74,99,38,87,376.7,522.6,236.9,66.60,99,23,81,360.5,562.3,229.3,64.74,99,39,87,376.3,548.7,214.2,69.73,99,32,82,362.9,469.5,2.0,1,0
1787233549.126,275.505,254.5,64.74,99,38,87,372.0,605.5,237.1,66.60,99,23,81,380.2,557.1,229.2,64.74,99,39,87,375.3,548.2,214.2,69.73,99,32,82,365.7,462.5,2.0,1,0
1787233549.570,275.949,254.1,64.74,99,38,87,372.6,511.7,237.1,66.60,99,23,81,377.9,542.9,229.2,64.74,99,39,87,379.7,535.5,214.4,69.73,99,32,82,337.4,450.3,2.0,1,0
1787233550.013,276.392,253.8,64.74,99,38,87,375.7,520.1,237.0,66.60,99,23,81,439.4,559.9,229.2,64.74,99,39,87,378.3,548.5,214.4,69.73,99,32,82,364.9,463.3,2.0,1,0
1787233550.469,276.849,253.8,64.74,99,38,87,373.4,518.4,236.9,66.60,99,23,81,360.3,573.6,229.3,64.74,99,39,87,372.9,552.1,214.4,69.73,99,32,82,368.1,474.9,2.0,1,0
1787233550.917,277.296,254.1,64.74,99,38,87,368.7,510.4,237.1,66.60,99,23,81,389.0,564.4,229.2,64.74,99,39,87,446.7,541.4,214.5,69.73,99,32,82,371.0,478.3,2.0,1,0
1787233551.365,277.744,254.4,64.74,99,38,87,371.9,506.7,237.3,66.60,99,23,81,376.5,558.3,229.2,64.74,99,39,87,352.1,549.0,214.7,69.73,99,32,82,362.9,458.8,2.0,1,0
1787233551.808,278.187,254.8,64.74,99,38,87,370.8,506.4,237.2,66.60,99,23,81,380.9,556.7,229.2,64.74,99,39,87,376.1,501.4,214.8,69.73,99,32,82,335.4,460.3,2.0,1,0
1787233552.251,278.630,254.6,64.74,99,38,87,376.5,525.9,237.2,66.60,99,23,81,406.3,568.2,229.3,64.74,99,39,87,377.8,550.9,214.9,69.73,99,32,82,364.5,448.8,2.0,1,0
1787233552.697,279.076,254.4,64.74,99,38,87,377.1,505.8,237.1,66.60,99,23,81,354.0,562.1,229.3,64.74,99,39,87,376.6,547.1,214.7,69.73,99,32,82,359.4,455.7,2.0,1,0
1787233553.140,279.520,254.3,64.74,99,38,87,1.1,0.4,236.9,66.60,99,23,81,1.1,1.1,224.6,64.74,51,20,85,0.6,0.4,200.2,69.73,66,21,80,1.1,0.7,0.0,0,0
1787233553.662,280.042,210.5,64.74,88,20,85,11450.9,20863.3,212.1,66.60,0,1,79,17312.4,11408.5,184.4,64.74,100,22,86,21881.6,37458.0,173.5,69.73,100,19,82,20438.1,28371.4,0.0,0,0
1787233554.111,280.491,196.5,64.74,100,20,88,20877.8,9997.5,192.1,66.60,100,14,81,22294.4,11764.7,186.0,64.74,100,20,87,15503.1,43282.7,177.8,69.73,100,17,83,22773.3,26660.1,0.0,0,0
1787233554.557,280.936,235.1,64.74,100,21,87,21799.1,13985.0,211.5,66.60,100,15,80,11262.5,19000.2,186.0,64.74,100,20,87,21316.9,26604.8,177.8,69.73,100,17,83,22715.1,36736.0,0.0,0,0
1787233555.002,281.381,234.1,64.74,100,21,87,24938.7,14621.5,228.4,66.60,100,13,81,13813.6,16583.1,222.1,64.74,100,21,86,25970.1,27565.4,211.1,69.73,100,17,82,22302.8,35201.5,0.0,0,0
1787233555.456,281.835,234.1,64.74,100,21,87,13983.2,16071.9,227.0,66.60,100,15,81,18524.9,14368.3,220.6,64.74,100,21,87,16772.5,32755.9,210.1,69.73,100,17,83,27963.1,20127.4,0.0,0,0
1787233555.900,282.279,236.0,64.74,100,21,87,15180.3,20344.8,228.8,66.60,100,13,81,9995.5,16381.2,222.1,64.74,100,21,87,20454.7,20595.1,212.4,69.73,100,18,83,27114.3,35879.5,3.0,0,0
1787233556.347,282.726,237.9,64.74,100,21,88,23306.9,15646.4,230.5,66.60,100,14,82,13808.1,15005.7,225.6,64.74,100,21,86,21312.3,36277.9,214.9,69.73,100,18,82,16728.2,27726.3,3.0,0,0
1787233556.794,283.174,236.2,64.74,100,22,87,23436.3,8018.0,230.5,66.60,100,14,82,20554.3,12967.5,223.6,64.74,100,22,86,13783.3,42096.3,213.1,69.73,100,18,82,21151.1,29457.6,3.0,0,0
1787233557.240,283.619,238.1,64.74,100,21,86,13943.9,14839.5,229.4,66.60,100,15,81,23511.5,8674.7,223.8,64.74,100,21,87,20504.6,35837.6,215.2,69.73,100,18,83,10862.6,43830.3,3.0,0,0
1787233557.685,284.065,240.9,64.74,100,20,88,17767.4,14040.6,230.7,66.60,100,14,82,13916.5,13259.2,228.8,64.74,100,19,87,27858.9,17978.9,217.7,69.73,100,18,83,23571.2,26283.6,3.0,0,0
1787233558.129,284.509,237.8,64.74,100,21,88,16102.2,14911.3,233.3,66.60,100,14,81,21510.8,9211.3,226.8,64.74,100,19,87,20392.6,34882.0,216.3,69.73,100,17,83,11312.7,43358.6,3.0,0,0
1787233558.575,284.954,239.8,64.74,100,21,88,16949.5,17922.7,232.1,66.60,100,15,81,11426.8,13163.6,227.5,64.74,100,21,87,23322.5,15832.7,216.1,69.73,100,18,84,27685.3,33647.5,3.0,0,0
1787233559.020,285.400,244.1,64.74,100,21,87,13950.6,12555.3,232.8,66.60,100,13,81,16688.7,15247.3,227.5,64.74,100,21,87,16747.2,26830.7,216.1,69.73,100,18,84,27265.1,16161.5,3.0,0,0
1787233559.478,285.857,244.1,64.74,100,21,87,16185.8,11986.9,236.8,66.60,100,13,82,13936.5,12863.3,229.6,64.74,100,21,87,27575.8,13886.4,219.3,69.73,100,18,83,27191.0,26998.2,3.0,0,0
1787233559.924,286.303,241.3,64.74,100,21,88,23122.3,6879.0,233.9,66.60,100,14,82,19229.1,12544.1,229.0,64.74,100,20,88,14628.1,40914.7,218.7,69.73,100,17,82,30875.3,16576.9,3.0,0,0
1787233560.388,286.767,242.5,64.74,100,20,88,16081.6,14030.2,235.5,66.60,100,14,82,22343.3,7907.3,229.7,64.74,100,21,87,22011.7,30751.7,219.8,69.73,100,16,83,13761.1,37001.2,3.0,0,0
1787233560.833,287.213,245.1,64.74,100,20,87,17632.8,14203.1,238.1,66.60,100,13,82,10622.2,17213.9,231.5,64.74,100,22,87,20155.4,33288.3,224.1,69.73,100,17,84,19850.7,44216.5,3.0,0,0
1787233561.278,287.657,243.7,64.74,93,19,87,20556.4,8640.5,238.1,66.60,100,13,82,16169.9,14482.4,230.6,64.74,100,22,86,11836.8,38824.6,220.0,69.73,100,18,83,18237.0,37789.1,3.0,0,0
1787233561.730,288.109,245.1,64.74,100,20,88,8854.6,18087.3,235.7,66.60,100,14,82,15355.8,15368.0,231.9,64.74,100,21,87,13216.2,32418.8,221.2,69.73,100,16,83,20252.2,19910.3,3.0,0,0
1787233562.175,288.554,248.2,64.74,100,20,87,5811.5,20532.4,237.3,66.60,100,13,82,15273.2,12293.3,234.6,64.74,100,20,87,16783.8,26423.8,224.6,69.73,100,16,83,26157.5,12271.9,3.0,0,0
1787233562.619,288.998,247.4,64.74,100,21,87,14224.1,16492.1,240.4,66.60,100,13,82,8783.9,16853.2,232.0,64.74,93,21,86,17459.5,39593.1,223.2,69.73,93,17,84,10107.7,36698.8,3.0,0,0
1787233563.062,289.441,245.7,64.74,100,20,87,19039.6,13070.4,237.7,66.60,100,13,81,10621.1,15227.4,232.0,64.74,93,21,86,17704.6,42802.1,222.8,69.73,100,18,83,8805.6,38248.8,3.0,0,0
1787233563.510,289.889,246.6,64.74,100,20,87,23173.8,12393.7,237.6,66.60,100,14,83,13808.0,12071.1,234.2,64.74,100,21,87,16637.0,43981.7,222.8,69.73,100,18,83,5965.4,43604.5,3.0,0,0
1787233563.956,290.335,246.6,64.74,100,20,87,23100.5,12815.3,244.1,66.60,100,13,81,16360.6,10517.1,234.7,64.74,100,20,88,18287.1,35570.4,226.8,69.73,100,16,84,10704.7,38631.2,3.0,0,0
1787233564.401,290.780,250.6,64.74,100,20,89,377.8,534.7,241.3,66.60,99,23,81,385.6,566.9,237.3,64.74,100,20,87,375.2,521.6,226.1,69.73,100,17,83,360.4,455.8,2.0,1,0
1787233564.846,291.225,251.3,64.74,99,38,87,385.0,524.6,238.9,66.60,99,23,81,380.1,570.0,233.3,64.74,99,39,87,375.4,521.3,220.2,69.73,99,32,83,360.5,455.5,2.0,1,0
1787233565.289,291.668,252.2,64.74,99,38,87,377.1,532.0,238.9,66.60,99,23,81,383.5,566.4,230.9,64.74,99,39,87,378.6,496.0,215.3,69.73,99,32,83,361.1,453.6,2.0,1,0
1787233565.737,292.116,253.9,64.74,99,38,87,378.4,526.4,236.7,66.60,99,23,81,385.4,571.3,230.2,64.74,99,39,87,374.4,526.4,214.8,69.73,99,32,82,361.7,450.6,2.0,1,0
1787233566.178,292.558,253.8,64.74,99,38,87,349.0,531.4,236.7,66.60,99,23,81,380.9,574.5,229.8,64.74,99,39,87,379.4,561.8,214.6,69.73,99,32,82,370.6,436.5,2.0,1,0
1787233566.621,293.001,253.8,64.74,99,38,87,375.6,519.4,236.7,66.60,99,23,81,358.7,547.9,230.0,64.74,99,39,87,378.2,556.4,214.4,69.73,99,32,82,359.9,457.2,2.0,1,0
1787233567.067,293.446,253.8,64.74,99,38,87,379.0,529.6,236.9,66.60,99,23,81,376.9,566.0,230.0,64.74,99,39,87,377.5,612.6,214.2,69.73,99,32,82,363.1,453.3,2.0,1,0
1787233567.514,293.894,254.1,64.74,99,38,87,375.5,527.9,236.8,66.60,99,23,81,381.7,547.0,230.0,64.74,99,39,87,376.2,540.2,214.2,69.73,99,32,82,362.0,450.7,2.0,1,0
1787233567.956,294.336,254.1,64.74,99,38,87,377.5,525.3,236.7,66.60,99,23,81,378.0,568.7,229.7,64.74,99,39,87,357.7,586.4,214.3,69.73,99,32,82,377.9,439.7,2.0,1,0
1787233568.406,294.785,254.3,64.74,99,38,87,372.9,506.1,237.1,66.60,99,23,81,384.7,548.0,229.6,64.74,99,39,87,377.8,536.1,214.3,69.73,99,32,82,358.2,468.5,2.0,1,0
1787233568.849,295.228,254.0,64.74,99,38,87,373.6,511.4,237.2,66.60,99,23,81,380.1,595.3,229.5,64.74,99,39,87,385.1,619.3,214.1,69.73,99,32,82,364.4,428.8,2.0,1,0
1787233569.296,295.675,253.8,64.74,99,38,87,352.8,495.7,237.2,66.60,99,23,81,388.4,556.2,229.3,64.74,99,39,87,381.3,536.8,214.0,69.73,99,32,82,365.2,445.2,2.0,1,0
1787233569.742,296.121,253.6,64.74,99,38,87,373.8,508.8,237.0,66.60,99,23,81,384.8,559.2,229.4,64.74,99,39,87,379.2,513.3,213.9,69.73,99,32,82,363.5,463.3,2.0,1,0
1787233570.184,296.564,253.9,64.74,99,38,87,377.1,530.8,236.8,66.60,99,23,81,383.7,558.5,229.7,64.74,99,39,87,379.2,556.4,213.9,69.73,99,32,82,341.9,443.1,2.0,1,0
1787233570.628,297.008,254.6,64.74,99,38,87,351.0,524.2,236.8,66.60,99,23,81,381.3,577.5,229.7,64.74,99,39,87,377.9,558.0,214.2,69.73,99,32,82,363.6,459.7,2.0,1,0
1787233571.072,297.452,254.8,64.74,99,38,87,377.3,519.6,236.8,66.60,99,23,81,357.9,556.6,229.7,64.74,99,39,87,379.5,621.1,214.3,69.73,99,32,82,367.8,443.0,2.0,1,0
1787233571.515,297.895,254.7,64.74,99,38,87,374.9,518.1,236.8,66.60,99,23,81,381.8,583.8,229.8,64.74,99,39,87,377.4,490.6,214.3,69.73,99,32,82,364.7,466.9,2.0,1,0
1787233571.960,298.340,254.7,64.74,99,38,87,346.6,518.5,237.1,66.60,99,23,81,383.7,548.2,230.0,64.74,99,39,87,384.8,522.2,214.2,69.73,99,32,82,366.1,452.5,2.0,1,0
1787233572.405,298.784,254.8,64.74,99,38,87,375.4,509.9,237.1,66.60,99,23,81,382.3,562.9,230.0,64.74,99,39,87,351.8,504.7,214.2,69.73,99,32,82,365.9,474.2,2.0,1,0
1787233572.849,299.228,254.7,64.74,99,38,87,376.4,531.3,237.2,66.60,99,23,81,382.7,561.8,230.0,64.74,99,39,87,378.3,551.5,214.3,69.73,99,32,82,363.1,469.6,2.0,1,0
1787233573.295,299.674,254.9,64.74,99,38,87,437.1,527.4,237.2,66.60,99,23,81,385.3,567.4,230.2,64.74,99,39,87,376.8,527.0,214.4,69.73,99,32,82,363.3,427.7,2.0,1,0
1787233573.740,300.120,255.0,64.74,99,38,87,373.0,540.7,237.3,66.60,99,23,81,382.4,562.2,230.2,64.74,99,39,87,376.8,534.8,214.3,69.73,99,32,82,357.2,437.9,2.0,1,0
1787233574.183,300.562,254.9,64.74,99,38,87,385.4,501.3,237.2,66.60,99,23,81,382.2,566.2,230.2,64.74,99,39,87,377.4,552.5,214.1,69.73,99,32,82,363.0,450.6,2.0,1,0
1787233574.627,301.006,254.7,64.74,99,38,87,373.8,505.0,237.2,66.60,99,23,81,381.2,564.0,230.0,64.74,99,39,87,376.5,497.6,214.1,69.73,99,32,82,359.8,466.8,2.0,1,0
1787233575.069,301.449,254.4,64.74,99,38,87,394.9,525.1,237.1,66.60,99,23,81,385.6,573.6,230.0,64.74,99,39,87,378.2,592.3,214.1,69.73,99,32,82,360.9,463.2,2.0,1,0
1787233575.513,301.892,244.5,64.74,17,6,85,2.3,0.5,237.0,66.60,99,23,81,1.1,1.0,229.8,64.74,99,39,87,1.2,0.5,214.1,69.73,99,32,82,0.8,0.5,0.0,0,0
1787233576.025,302.404,201.9,64.74,100,20,86,12228.9,15765.7,193.4,66.60,16,4,78,18771.9,9957.1,205.6,64.74,0,0,84,27622.4,29403.6,181.1,69.73,0,0,80,16510.9,39875.7,0.0,0,0
1787233576.474,302.853,201.9,64.74,100,20,86,21723.7,9913.7,188.1,66.60,100,14,82,21796.6,13362.9,185.3,64.74,100,21,88,13463.3,44792.3,169.8,69.73,100,18,83,20959.5,26254.1,0.0,0,0
1787233576.917,303.297,197.5,64.74,100,20,87,20721.3,14534.4,226.4,66.60,100,14,82,11743.1,18653.1,193.0,64.74,100,21,88,25946.6,22101.6,200.6,69.73,100,18,84,29696.6,40626.9,0.0,0,0
1787233577.371,303.751,235.6,64.74,100,21,87,16737.1,16923.9,225.7,66.60,94,15,81,10034.8,19744.9,222.0,64.74,100,21,87,17219.9,26666.0,211.4,69.73,100,18,83,23262.2,35234.6,0.0,0,0
1787233577.813,304.192,234.2,64.74,100,21,87,15451.8,12350.9,227.6,66.60,100,15,81,18566.2,15948.9,222.6,64.74,100,21,87,16723.8,29444.6,210.3,69.73,100,17,83,27864.0,20022.4,0.0,0,0
1787233578.262,304.642,236.1,64.74,100,18,88,17496.0,19925.1,227.6,66.60,100,15,81,9732.7,14962.3,222.9,64.74,100,21,88,21972.8,19974.6,212.2,69.73,100,18,83,27520.9,31860.7,3.0,0,0
1787233578.710,305.089,237.9,64.74,100,21,88,23186.5,14949.5,229.3,66.60,100,14,81,13475.7,16312.6,225.3,64.74,100,22,86,21283.9,34053.8,213.5,69.73,100,18,83,16772.4,27543.3,3.0,0,0
1787233579.153,305.532,237.0,64.74,100,22,87,20476.0,8024.8,228.0,66.60,94,15,80,23367.9,11751.6,224.6,64.74,100,21,86,16671.4,35893.8,213.2,69.73,100,18,82,20769.2,36801.4,3.0,0,0
1787233579.599,305.979,238.9,64.74,100,22,87,13974.8,12335.6,230.3,66.60,100,15,80,22880.6,7730.3,225.1,64.74,100,22,87,25937.4,27701.2,215.3,69.73,100,18,83,15179.1,38935.7,3.0,0,0
1787233580.043,306.423,241.4,64.74,100,20,88,22319.4,12164.6,231.2,66.60,100,14,82,19099.2,14535.3,225.1,64.74,100,22,87,19690.4,27298.2,215.3,69.73,100,18,83,18554.6,32649.0,3.0,0,0
1787233580.500,306.879,241.4,64.74,100,20,88,21842.6,12602.0,230.8,66.60,94,16,81,13066.9,15806.2,228.3,64.74,100,19,87,20329.2,37334.1,218.1,69.73,100,18,83,15100.9,28705.7,3.0,0,0
1787233580.944,307.324,239.4,64.74,100,20,87,14063.8,11626.5,231.8,66.60,100,15,81,18535.8,19056.6,227.3,64.74,100,21,87,15867.5,43266.2,215.5,69.73,100,18,83,20052.3,30521.0,3.0,0,0
1787233581.398,307.778,240.1,64.74,100,21,88,7923.4,20220.0,236.3,66.60,100,14,81,14661.6,11469.9,228.4,64.74,100,20,88,18366.3,32682.9,216.6,69.73,100,17,83,26882.5,20765.8,3.0,0,0
1787233581.845,308.224,243.9,64.74,100,22,87,14708.1,11320.4,233.7,66.60,94,14,80,17983.5,13456.2,230.2,64.74,100,21,87,24583.0,20226.2,218.8,69.73,100,18,84,19962.0,35974.0,3.0,0,0
1787233582.292,308.672,243.0,64.74,100,19,88,13980.1,12044.1,233.7,66.60,94,14,80,15912.1,19468.9,228.5,64.74,100,23,87,8352.0,41707.8,218.9,69.73,100,17,83,16794.5,24729.6,3.0,0,0
1787233582.742,309.122,242.8,64.74,100,20,87,8623.7,16824.9,234.7,66.60,100,13,82,15219.9,10010.3,229.0,64.74,100,21,88,21876.4,31317.6,220.3,69.73,100,18,84,24645.8,22972.1,3.0,0,0
1787233583.186,309.565,247.3,64.74,100,21,87,17078.6,14237.5,235.2,66.60,100,14,81,19472.2,10656.3,232.1,64.74,100,20,88,18498.2,33206.8,222.1,69.73,100,17,82,27442.8,29581.4,3.0,0,0
1787233583.632,310.011,244.2,64.74,100,20,88,16836.9,9618.8,238.8,66.60,100,14,81,19330.0,13217.8,232.0,64.74,100,20,88,23851.5,19186.9,221.2,69.73,100,17,83,21318.9,29957.1,3.0,0,0
1787233584.073,310.452,245.4,64.74,100,20,87,18293.9,8265.3,236.4,66.60,100,14,82,20169.9,12906.1,232.0,64.74,100,20,88,23063.8,19710.3,221.5,69.73,100,18,83,21188.5,30630.0,3.0,0,0
1787233584.514,310.893,248.9,64.74,100,20,87,17185.6,9107.7,238.0,66.60,100,14,81,19456.9,13050.5,231.7,64.74,100,20,88,23828.0,20033.8,221.5,69.73,100,18,83,20309.1,31923.7,3.0,0,0
1787233584.955,311.334,248.9,64.74,100,20,87,4549.2,20518.0,239.7,66.60,100,14,81,13906.4,11420.9,235.6,64.74,100,22,87,16891.7,28770.8,224.1,69.73,100,18,83,27815.9,11506.7,3.0,0,0
1787233585.399,311.779,246.3,64.74,100,24,86,7695.2,17629.5,239.0,66.60,100,13,81,14532.5,16558.3,233.5,64.74,100,19,87,10370.0,36311.3,222.0,69.73,100,16,83,19378.8,21247.8,3.0,0,0
1787233585.841,312.220,246.7,64.74,100,21,88,13930.5,12370.3,238.9,66.60,100,13,81,13808.9,19428.7,233.7,64.74,100,21,88,6665.9,44634.9,224.5,69.73,100,16,85,17474.2,29091.5,3.0,0,0
1787233586.284,312.663,248.8,64.74,100,18,87,19433.6,8339.4,238.9,66.60,100,13,81,16526.2,13140.3,238.5,64.74,100,19,87,13911.2,33458.9,228.0,69.73,100,17,84,17520.0,43554.8,3.0,0,0
1787233586.730,313.109,251.8,64.74,100,20,87,379.0,535.6,242.1,66.60,100,14,83,382.5,547.1,235.5,64.74,99,39,87,379.6,541.9,224.2,69.73,99,32,83,360.4,445.5,2.0,1,0
1787233587.175,313.554,251.9,64.74,99,38,87,375.3,1190.4,241.0,66.60,99,23,81,384.4,551.0,233.7,64.74,99,39,87,379.2,560.7,219.0,69.73,99,32,83,370.6,457.2,2.0,1,0
1787233587.624,314.004,254.6,64.74,99,38,87,377.9,535.0,237.7,66.60,99,23,81,382.9,576.8,230.6,64.74,99,39,87,351.5,508.8,214.2,69.73,99,32,82,360.9,437.6,2.0,1,0
1787233588.067,314.447,254.4,64.74,99,38,87,377.4,535.4,236.8,66.60,99,23,81,384.6,581.8,230.6,64.74,99,39,87,379.4,550.0,214.2,69.73,99,32,82,361.7,455.2,2.0,1,0
1787233588.513,314.892,254.5,64.74,99,38,87,378.8,533.2,237.1,66.60,99,23,81,384.4,557.1,230.7,64.74,99,39,87,382.1,566.7,214.2,69.73,99,32,82,360.8,444.6,2.0,1,0
1787233588.956,315.335,254.5,64.74,99,38,87,375.2,516.0,237.4,66.60,99,23,81,383.0,588.4,230.3,64.74,99,39,87,395.2,568.9,214.3,69.73,99,32,82,400.6,445.0,2.0,1,0
1787233589.407,315.786,254.9,64.74,99,38,87,377.0,504.3,237.3,66.60,99,23,81,383.6,552.3,230.0,64.74,99,39,87,380.0,602.0,214.3,69.73,99,32,82,339.3,421.5,2.0,1,0
1787233589.851,316.230,254.9,64.74,99,38,87,349.4,516.5,237.3,66.60,99,23,81,380.6,573.3,230.3,64.74,99,39,87,379.6,544.4,214.3,69.73,99,32,82,362.2,457.7,2.0,1,0
1787233590.296,316.675,254.8,64.74,99,38,87,395.1,517.0,237.3,66.60,99,23,81,381.0,564.2,230.2,64.74,99,39,87,352.4,547.3,214.5,69.73,99,32,82,361.3,444.2,2.0,1,0
1787233590.741,317.120,254.7,64.74,99,38,87,376.7,529.3,237.2,66.60,99,23,81,380.3,558.9,230.0,64.74,99,39,87,374.5,555.1,214.4,69.73,99,32,82,364.1,434.2,2.0,1,0
1787233591.184,317.563,254.8,64.74,99,38,87,371.3,516.8,236.9,66.60,99,23,81,379.9,545.7,230.0,64.74,99,39,87,384.9,550.7,214.2,69.73,99,32,82,367.1,456.3,2.0,1,0
1787233591.626,318.005,254.8,64.74,99,38,87,378.0,509.1,236.9,66.60,99,23,81,383.5,567.9,230.1,64.74,99,39,87,378.8,529.1,214.2,69.73,99,32,82,359.0,465.4,2.0,1,0
1787233592.070,318.450,254.8,64.74,99,38,87,383.5,506.9,237.1,66.60,99,23,81,381.9,560.8,230.1,64.74,99,39,87,351.5,522.1,214.1,69.73,99,32,82,370.8,456.3,2.0,1,0
1787233592.513,318.893,254.9,64.74,99,38,87,373.7,532.3,237.4,66.60,99,23,81,381.6,559.0,230.2,64.74,99,39,87,380.6,527.0,214.1,69.73,99,32,82,340.4,473.2,2.0,1,0
1787233592.961,319.340,254.9,64.74,99,38,87,372.5,539.8,237.4,66.60,99,23,81,453.3,573.2,230.2,64.74,99,39,87,381.9,531.2,213.9,69.73,99,32,82,381.0,463.1,2.0,1,0
1787233593.410,319.789,254.9,64.74,99,38,87,350.5,549.9,237.5,66.60,99,23,81,381.8,559.4,230.2,64.74,99,39,87,354.1,504.3,213.7,69.73,99,32,82,364.1,473.0,2.0,1,0
1787233593.864,320.243,254.8,64.74,99,38,87,371.2,515.1,237.5,66.60,99,23,81,381.2,545.5,230.1,64.74,99,39,87,384.6,516.6,213.7,69.73,99,32,82,362.2,456.4,2.0,1,0
1787233594.310,320.690,255.2,64.74,99,38,87,353.5,520.9,237.5,66.60,99,23,81,386.7,559.0,230.2,64.74,99,39,87,380.7,530.5,214.0,69.73,99,32,82,362.4,450.1,2.0,1,0
1787233594.755,321.135,255.5,64.74,99,38,87,369.8,506.7,237.5,66.60,99,23,81,379.5,565.6,230.3,64.74,99,39,87,378.3,506.6,213.9,69.73,99,32,82,364.8,465.5,2.0,1,0
1787233595.199,321.578,255.3,64.74,99,38,87,378.1,517.0,237.4,66.60,99,23,81,380.1,581.4,230.6,64.74,99,39,87,385.0,542.2,213.8,69.73,99,32,82,364.1,442.3,2.0,1,0
1787233595.644,322.023,255.3,64.74,99,38,87,371.6,518.4,237.2,66.60,99,23,81,382.8,571.7,230.7,64.74,99,39,87,354.8,557.8,214.1,69.73,99,32,82,360.4,469.2,2.0,1,0
1787233596.089,322.469,255.3,64.74,99,38,87,378.2,524.3,237.1,66.60,99,23,81,381.4,569.8,230.6,64.74,99,39,87,378.9,621.1,214.2,69.73,99,32,82,366.1,466.3,2.0,1,0
1787233596.534,322.913,255.2,64.74,99,38,87,378.9,507.7,237.2,66.60,99,23,81,377.2,563.1,230.6,64.74,99,39,87,351.2,555.5,214.2,69.73,99,32,82,364.7,515.8,2.0,1,0
1787233596.977,323.356,255.2,64.74,99,38,87,374.0,522.9,237.3,66.60,99,23,81,398.5,610.6,230.4,64.74,99,39,87,379.6,568.3,214.2,69.73,99,32,82,367.2,441.7,2.0,1,0
1787233597.428,323.807,255.0,64.74,99,38,87,377.7,505.2,237.1,66.60,99,23,81,379.9,576.3,230.4,64.74,99,39,87,382.4,553.4,214.0,69.73,99,32,82,364.3,433.8,2.0,1,0
1787233597.871,324.251,254.9,64.74,99,38,87,0.6,0.5,236.3,66.60,84,20,81,1.7,0.9,230.3,64.74,99,39,87,0.6,0.5,213.9,69.73,99,32,82,0.6,0.8,0.0,0,0
1787233598.340,324.720,228.7,64.74,0,0,85,11293.4,20320.2,199.8,66.60,100,14,80,14667.3,11441.1,190.4,64.74,32,9,84,25528.5,37194.0,175.1,69.73,17,4,81,16775.8,30002.3,0.0,0,0
1787233598.787,325.166,203.6,64.74,100,21,87,20780.0,9651.5,199.8,66.60,100,14,80,22663.7,13019.4,185.8,64.74,100,21,87,13762.8,44624.1,173.5,69.73,100,18,82,21559.9,26243.7,0.0,0,0
1787233599.234,325.613,223.4,64.74,100,20,87,17670.3,17413.8,192.4,66.60,100,14,80,11673.1,19177.9,213.7,64.74,100,21,86,20824.4,21993.7,211.2,69.73,100,18,82,27642.4,31114.1,0.0,0,0
1787233599.682,326.062,235.9,64.74,100,21,87,22052.0,13155.7,227.3,66.60,100,14,81,12159.6,18414.6,219.8,64.74,95,22,87,22117.5,28012.8,210.4,69.73,100,18,83,17278.7,35161.3,0.0,0,0
1787233600.129,326.508,235.0,64.74,100,21,88,13960.8,14112.9,225.9,66.60,100,14,82,18285.4,16132.9,222.6,64.74,100,22,87,16739.8,29394.6,211.0,69.73,100,19,82,27738.1,20025.4,0.0,0,0
1787233600.574,326.954,236.5,64.74,100,21,87,14467.4,20638.3,227.3,66.60,100,14,80,10011.3,16582.5,222.6,64.74,100,22,87,20251.1,20205.2,213.9,69.73,100,18,82,27688.6,33863.9,3.0,0,0
1787233601.019,327.398,239.0,64.74,100,21,87,20869.8,17867.7,231.2,66.60,100,13,81,15229.5,13518.7,226.5,64.74,100,21,87,28506.0,22302.2,213.9,69.73,100,18,82,19136.4,37931.6,3.0,0,0
1787233601.487,327.866,239.0,64.74,100,21,87,8938.9,20460.3,228.6,66.60,100,14,81,15634.2,11405.9,223.7,64.74,100,24,87,20084.2,38129.7,211.9,69.73,94,18,82,19788.3,27375.2,3.0,0,0
1787233601.936,328.315,237.4,64.74,100,21,87,17621.6,20663.5,229.4,66.60,100,14,81,9220.6,15110.1,224.3,64.74,100,21,89,21058.1,19030.5,214.2,69.73,100,19,84,27046.5,32590.3,3.0,0,0
1787233602.384,328.763,238.6,64.74,100,21,88,13951.1,14790.4,233.5,66.60,100,14,81,17576.8,16134.8,226.7,64.74,100,20,88,16283.7,27199.7,216.4,69.73,100,17,82,19387.0,44012.0,3.0,0,0
1787233602.832,329.211,241.8,64.74,100,19,87,16924.3,12129.9,231.7,66.60,100,14,81,15949.9,14385.2,227.4,64.74,95,21,86,24905.0,21713.3,215.5,69.73,94,19,83,19422.9,36358.4,3.0,0,0
1787233603.281,329.660,240.6,64.74,100,21,89,13318.4,16921.6,231.7,66.60,100,14,81,16694.4,15399.0,227.8,64.74,100,21,87,15298.8,28690.4,216.6,69.73,100,19,82,25817.7,16208.8,3.0,0,0
1787233603.726,330.106,241.1,64.74,100,21,88,17044.1,15071.3,232.8,66.60,100,13,81,20634.3,9739.5,229.9,64.74,100,21,87,19050.9,37509.4,220.0,69.73,100,18,82,10151.8,44762.3,3.0,0,0
1787233604.170,330.549,243.9,64.74,100,18,87,22766.3,8087.8,234.9,66.60,100,13,81,17865.6,13719.7,228.5,64.74,93,21,86,12858.4,39004.1,217.8,69.73,100,18,82,19620.2,35163.3,3.0,0,0
1787233604.616,330.995,241.3,64.74,100,21,88,10499.4,17594.2,232.8,66.60,100,15,81,16159.7,14883.1,229.8,64.74,100,20,87,15851.5,27509.3,218.4,69.73,100,17,83,24605.3,13803.3,3.0,0,0
1787233605.061,331.440,242.5,64.74,100,20,87,16386.0,14558.8,233.5,66.60,100,14,82,20195.4,9327.2,229.8,64.74,100,20,87,19954.9,34413.8,218.4,69.73,100,17,83,11057.7,41852.2,3.0,0,0
1787233605.512,331.892,246.3,64.74,100,20,87,16723.5,15134.0,237.9,66.60,100,14,81,9268.1,18194.2,230.6,64.74,100,21,88,19574.6,33397.6,222.4,69.73,100,18,85,20248.8,44102.8,3.0,0,0
1787233605.957,332.337,246.3,64.74,100,20,87,18439.8,9678.7,237.1,66.60,100,13,82,16168.1,19524.2,232.5,64.74,96,19,89,7039.6,44375.1,218.6,69.73,93,18,82,16654.2,24356.1,3.0,0,0
1787233606.411,332.790,243.9,64.74,100,22,88,6367.4,20668.6,236.2,66.60,100,14,82,15301.4,13173.7,232.2,64.74,100,18,87,16297.1,27321.8,220.4,69.73,100,17,83,23118.0,15678.5,3.0,0,0
1787233606.856,333.235,245.0,64.74,100,20,87,5823.6,19624.0,240.5,66.60,100,15,81,13907.8,11429.1,232.7,64.74,100,20,89,17197.7,30384.3,225.5,69.73,100,17,84,27402.8,26026.3,3.0,0,0
1787233607.305,333.684,248.4,64.74,100,19,88,14634.2,19777.8,237.3,66.60,100,15,81,6954.2,16940.2,235.8,64.74,100,21,87,16655.4,26683.7,225.6,69.73,100,17,83,17118.0,28622.9,3.0,0,0
1787233607.750,334.129,246.9,64.74,100,21,88,14699.2,20560.0,237.3,66.60,93,16,80,6126.6,18435.3,233.4,64.74,100,21,88,16819.8,26802.6,222.6,69.73,100,18,82,17237.3,28462.9,3.0,0,0
1787233608.198,334.577,247.2,64.74,100,19,89,13953.7,20199.6,238.6,66.60,100,13,81,4752.7,18864.5,234.2,64.74,100,21,87,17421.7,30350.5,224.5,69.73,100,17,84,16810.0,26567.8,3.0,0,0
1787233608.645,335.025,250.5,64.74,100,20,87,13951.2,19027.0,243.3,66.60,100,14,81,5010.3,19087.8,238.4,64.74,100,20,87,17510.3,32383.8,226.5,69.73,100,16,83,15502.9,28428.3,2.0,0,0
1787233609.088,335.468,251.2,64.74,99,38,87,380.2,523.9,241.5,66.60,100,14,83,380.5,560.4,235.6,64.74,99,39,87,351.6,540.9,222.0,69.73,99,32,83,376.5,452.9,2.0,1,0
1787233609.533,335.912,253.2,64.74,99,38,87,378.4,522.0,240.3,66.60,99,23,81,380.6,556.7,235.6,64.74,99,39,87,379.5,543.8,222.0,69.73,99,32,83,338.9,457.7,2.0,1,0
1787233609.976,336.355,253.2,64.74,99,38,87,376.5,530.3,236.3,66.60,99,23,81,395.2,586.1,231.9,64.74,99,39,87,351.2,548.7,216.3,69.73,99,32,82,369.2,430.9,2.0,1,0
1787233610.429,336.808,254.9,64.74,99,38,87,350.3,519.9,236.6,66.60,99,23,81,379.8,589.5,230.3,64.74,99,39,87,379.4,536.6,213.6,69.73,99,32,82,362.5,459.4,2.0,1,0
1787233610.872,337.251,254.9,64.74,99,38,87,375.1,508.2,236.5,66.60,99,23,81,355.6,543.0,230.1,64.74,99,39,87,378.1,545.8,213.9,69.73,99,32,82,362.8,517.0,2.0,1,0
1787233611.316,337.695,255.3,64.74,99,38,87,373.9,501.1,236.7,66.60,99,23,81,380.2,575.7,230.2,64.74,99,39,87,384.5,559.6,214.1,69.73,99,32,82,362.2,452.7,2.0,1,0
1787233611.763,338.143,255.4,64.74,99,38,87,374.5,530.1,236.7,66.60,99,23,81,369.9,545.0,230.1,64.74,99,39,87,351.5,515.6,213.9,69.73,99,32,82,363.6,458.5,2.0,1,0
1787233612.207,338.586,255.3,64.74,99,38,87,372.5,525.8,236.6,66.60,99,23,81,377.3,616.7,230.2,64.74,99,39,87,401.5,540.3,214.1,69.73,99,32,82,361.8,468.4,2.0,1,0
1787233612.655,339.034,255.4,64.74,99,38,87,374.8,516.3,236.6,66.60,99,23,81,354.6,562.6,230.1,64.74,99,39,87,379.9,552.1,214.0,69.73,99,32,82,363.1,469.5,2.0,1,0
1787233613.097,339.477,255.5,64.74,99,38,87,370.4,496.7,236.6,66.60,99,23,81,380.4,544.0,230.3,64.74,99,39,87,349.4,529.8,213.9,69.73,99,32,82,376.4,449.0,2.0,1,0
1787233613.542,339.921,255.3,64.74,99,38,87,380.8,525.3,236.5,66.60,99,23,81,376.4,553.3,230.3,64.74,99,39,87,377.7,538.3,213.9,69.73,99,32,82,363.1,433.1,2.0,1,0
1787233613.990,340.369,255.3,64.74,99,38,87,377.4,542.0,236.2,66.60,99,23,81,438.8,655.3,230.2,64.74,99,39,87,446.1,542.2,213.8,69.73,99,32,82,364.7,459.0,2.0,1,0
1787233614.461,340.840,254.9,64.74,99,38,87,348.1,497.6,236.2,66.60,99,23,81,377.2,555.0,229.9,64.74,99,39,87,377.1,554.4,213.5,69.73,99,32,82,358.7,450.9,2.0,1,0
1787233614.904,341.283,254.8,64.74,99,38,87,374.3,500.4,236.2,66.60,99,23,81,380.0,536.9,229.9,64.74,99,39,87,377.0,551.6,213.6,69.73,99,32,82,370.3,455.6,2.0,1,0
1787233615.351,341.730,255.0,64.74,99,38,87,375.6,520.7,236.6,66.60,99,23,81,380.0,560.5,230.0,64.74,99,39,87,381.0,547.1,213.8,69.73,99,32,82,361.2,471.6,2.0,1,0
1787233615.796,342.175,255.3,64.74,99,38,87,373.1,529.8,236.6,66.60,99,23,81,358.9,564.2,230.2,64.74,99,39,87,378.6,533.7,214.1,69.73,99,32,82,363.4,458.7,2.0,1,0
1787233616.240,342.619,255.5,64.74,99,38,88,378.3,523.2,236.7,66.60,99,23,81,384.6,579.7,230.3,64.74,99,39,87,378.1,547.2,214.1,69.73,99,32,82,334.4,444.4,2.0,1,0
1787233616.685,343.065,255.3,64.74,99,38,87,350.5,520.4,236.4,66.60,99,23,81,381.0,568.6,230.2,64.74,99,39,87,374.2,523.0,213.8,69.73,99,32,82,361.2,469.7,2.0,1,0
1787233617.128,343.508,255.1,64.74,99,38,87,377.9,508.2,236.3,66.60,99,23,81,380.2,551.6,230.0,64.74,99,39,87,392.0,526.3,213.8,69.73,99,32,82,362.2,453.4,2.0,1,0
1787233617.572,343.952,255.2,64.74,99,38,87,372.6,502.0,236.2,66.60,99,23,81,377.9,557.7,230.0,64.74,99,39,87,351.5,536.0,214.0,69.73,99,32,82,366.8,464.8,2.0,1,0
1787233618.016,344.396,255.2,64.74,99,38,88,374.1,551.5,236.4,66.60,99,23,81,359.4,661.3,230.3,64.74,99,39,87,380.1,536.1,214.0,69.73,99,32,82,359.8,504.9,2.0,1,0
1787233618.471,344.851,255.2,64.74,99,38,88,375.2,526.6,236.5,66.60,99,23,81,378.1,564.5,230.5,64.74,99,39,87,371.2,552.6,214.1,69.73,99,32,82,362.2,477.2,2.0,1,0
1787233618.915,345.295,255.2,64.74,99,38,88,374.2,517.6,236.5,66.60,99,23,81,356.5,549.7,230.4,64.74,99,39,87,373.8,536.0,214.1,69.73,99,32,82,386.1,516.0,2.0,1,0
1787233619.362,345.741,255.3,64.74,99,38,88,373.4,512.4,236.4,66.60,99,23,81,383.7,577.0,230.3,64.74,99,39,87,383.2,530.9,214.1,69.73,99,32,82,359.8,454.1,2.0,1,0
1787233619.804,346.184,255.6,64.74,99,38,88,372.9,496.3,236.4,66.60,99,23,81,381.8,560.7,230.4,64.74,99,39,87,378.5,516.6,214.2,69.73,99,32,82,363.5,486.0,2.0,1,0
1787233620.250,346.629,255.7,64.74,99,38,88,2.3,2.2,236.4,66.60,99,23,81,3.3,2.5,229.6,64.74,82,33,87,0.6,0.5,203.3,69.73,0,0,80,1.2,0.4,0.0,0,0
1787233620.695,347.074,203.4,64.74,0,0,84,13971.7,16507.7,216.9,66.60,0,1,78,19112.5,13646.4,181.7,64.74,100,24,85,16782.3,37386.7,163.5,69.73,100,18,82,26195.7,26217.7,0.0,0,0
1787233621.147,347.526,188.8,64.74,100,21,88,17735.2,10121.2,183.0,66.60,100,15,80,23207.8,13310.5,173.9,64.74,100,20,86,16584.4,38758.8,166.6,69.73,100,18,82,25255.3,26342.5,0.0,0,0
1787233621.596,347.975,231.4,64.74,100,21,88,17248.5,17596.5,199.9,66.60,100,14,80,11056.3,19222.2,222.6,64.74,100,22,86,17826.8,23803.9,210.8,69.73,100,17,82,27103.5,35692.5,0.0,0,0
1787233622.046,348.425,235.0,64.74,95,21,86,14193.8,25193.5,226.6,66.60,100,14,80,14009.0,15304.2,222.6,64.74,100,22,86,26359.3,24260.9,210.8,69.73,100,17,82,17617.1,42303.4,0.0,0,0
1787233622.503,348.883,235.0,64.74,95,21,86,13899.4,13845.5,225.3,66.60,100,14,82,23539.7,8974.7,221.0,64.74,100,22,86,21608.5,37350.0,209.9,69.73,100,18,82,12149.9,44596.9,0.0,0,0
1787233622.953,349.332,236.3,64.74,100,21,87,22341.6,9153.7,226.9,66.60,100,14,80,21277.3,12711.7,222.9,64.74,100,19,87,13245.5,45224.3,211.6,69.73,100,17,83,25539.3,20007.9,3.0,0,0
1787233623.414,349.793,236.2,64.74,100,21,88,16449.9,14883.0,230.4,66.60,100,13,81,21147.1,14808.3,225.3,64.74,100,21,87,11131.1,44597.9,213.3,69.73,100,18,83,20989.5,26578.8,3.0,0,0
1787233623.860,350.239,236.4,64.74,94,21,87,16120.6,15675.9,227.8,66.60,100,14,81,20748.6,10644.6,223.9,64.74,100,21,87,16889.3,43207.7,212.0,69.73,100,18,82,10847.9,45648.7,3.0,0,0
1787233624.317,350.697,237.9,64.74,100,21,87,18888.3,12379.5,228.0,66.60,100,14,82,13809.9,18926.1,224.2,64.74,100,20,88,12094.1,41852.3,214.4,69.73,100,17,84,17760.1,23610.9,3.0,0,0
1787233624.766,351.145,238.6,64.74,100,21,88,20429.2,15787.0,228.0,66.60,100,14,82,16417.9,12033.5,228.0,64.74,100,21,87,18635.9,44595.7,216.3,69.73,100,18,84,10809.7,37533.7,3.0,0,0
1787233625.213,351.593,239.6,64.74,94,20,87,13581.7,16082.3,233.3,66.60,100,12,81,16840.4,15713.3,227.4,64.74,100,19,87,17759.6,32748.5,216.0,69.73,100,17,83,24891.4,22114.0,3.0,0,0
1787233625.666,352.045,240.8,64.74,100,21,89,23634.7,12415.5,231.7,66.60,100,14,81,13812.4,15212.0,227.5,64.74,100,22,86,20125.4,39069.8,216.9,69.73,100,17,82,14335.2,29678.2,3.0,0,0
1787233626.110,352.490,243.2,64.74,100,21,87,15171.7,12384.6,231.9,66.60,100,12,81,16963.2,14326.4,230.9,64.74,100,21,87,24660.7,22491.3,218.8,69.73,100,18,82,19844.6,34395.4,3.0,0,0
1787233626.557,352.937,242.1,64.74,94,16,87,18679.6,14243.1,234.9,66.60,100,14,82,19822.0,9185.6,230.9,64.74,100,21,87,19825.3,34290.7,218.8,69.73,100,18,82,11156.3,41812.4,3.0,0,0
1787233627.003,353.383,242.1,64.74,94,16,87,17210.8,21094.6,232.5,66.60,100,15,82,6619.2,17647.0,228.6,64.74,100,20,87,18548.5,22969.3,217.9,69.73,100,17,83,23030.1,30646.3,3.0,0,0
1787233627.453,353.832,241.4,64.74,100,21,88,14012.1,11895.3,233.3,66.60,100,14,82,17804.4,13475.4,229.8,64.74,100,20,87,24788.4,19648.2,218.6,69.73,100,17,83,20795.6,32495.6,3.0,0,0
1787233627.899,354.279,242.7,64.74,100,20,87,17879.9,11165.1,237.2,66.60,100,14,80,14630.6,16476.7,232.7,64.74,100,21,87,9094.2,50470.9,222.6,69.73,100,18,85,18301.7,32927.7,3.0,0,0
1787233628.349,354.728,246.1,64.74,100,19,87,22022.2,12218.8,236.7,66.60,100,13,83,13814.2,12872.4,230.3,64.74,93,20,86,18660.4,44347.6,219.2,69.73,100,19,82,6841.2,42482.3,3.0,0,0
1787233628.793,355.172,243.8,64.74,100,22,89,17219.3,14873.2,236.7,66.60,100,13,83,10095.8,16640.1,231.4,64.74,100,18,87,18443.0,38978.4,220.9,69.73,100,17,83,11571.4,33854.4,3.0,0,0
1787233629.236,355.615,245.3,64.74,100,20,87,14105.1,16744.2,235.9,66.60,100,14,81,7810.2,20958.4,232.7,64.74,100,20,89,18012.5,26887.0,225.9,69.73,100,17,84,17133.1,29583.8,3.0,0,0
1787233629.686,356.065,248.4,64.74,100,19,88,13998.6,11906.0,239.8,66.60,100,14,81,13810.4,19266.4,235.8,64.74,100,20,87,5786.0,44597.4,221.9,69.73,93,18,83,17225.1,30338.3,3.0,0,0
1787233630.130,356.509,246.9,64.74,100,20,88,17599.0,9258.1,237.0,66.60,100,14,81,16211.0,14050.0,233.6,64.74,100,21,88,12513.7,40048.6,223.3,69.73,100,17,82,17477.2,31152.2,3.0,0,0
1787233630.578,356.957,248.1,64.74,100,19,89,16991.9,10090.5,238.3,66.60,100,13,82,15485.7,14279.9,233.6,64.74,100,21,88,12561.1,35719.1,228.3,69.73,100,17,84,17581.0,42711.1,3.0,0,0
1787233631.022,357.401,251.0,64.74,100,20,87,15980.0,10813.5,242.8,66.60,100,14,81,15113.6,14526.1,234.2,64.74,100,22,87,10906.3,37939.0,228.3,69.73,100,17,84,17354.9,39863.2,3.0,0,0
1787233631.471,357.851,251.0,64.74,100,20,87,348.8,512.2,239.6,66.60,90,13,81,380.9,567.2,237.7,64.75,100,20,87,382.5,573.7,227.0,69.73,100,16,83,363.1,460.6,2.0,0,0
1787233631.916,358.296,240.4,64.74,75,27,87,371.5,524.2,232.5,66.60,99,23,81,382.6,546.5,227.4,64.75,99,39,87,460.8,556.7,214.9,69.73,99,32,82,380.5,429.8,2.0,1,0
1787233632.364,358.744,243.4,64.74,99,38,87,347.3,536.3,228.6,66.60,99,23,81,383.6,564.8,224.2,64.75,99,39,87,384.6,550.5,209.2,69.73,99,32,82,362.1,496.4,2.0,1,0
1787233632.807,359.186,251.7,64.74,99,38,87,351.6,508.5,228.6,66.60,99,23,81,384.9,582.9,230.4,64.75,99,39,87,377.5,551.7,214.5,69.73,99,32,82,365.3,460.5,2.0,1,0
1787233633.250,359.630,254.8,64.74,99,38,87,375.6,514.0,235.9,66.60,99,23,81,408.4,548.1,230.2,64.75,99,39,87,374.8,555.4,214.5,69.73,99,32,82,362.9,423.1,2.0,1,0
1787233633.698,360.077,254.8,64.74,99,38,87,350.9,526.8,235.9,66.60,99,23,81,384.0,567.5,230.0,64.75,99,39,87,382.1,550.3,214.5,69.73,99,32,82,363.2,472.5,2.0,1,0
1787233634.142,360.521,255.2,64.74,99,38,87,372.3,513.0,236.0,66.60,99,23,81,381.8,534.8,229.8,64.75,99,39,87,348.7,531.5,214.4,69.73,99,32,82,364.1,469.2,2.0,1,0
1787233634.592,360.971,255.2,64.74,99,38,87,373.2,499.0,236.0,66.60,99,23,81,383.2,559.0,229.8,64.75,99,39,87,376.0,540.2,214.3,69.73,99,32,82,361.2,440.8,2.0,1,0
1787233635.035,361.414,255.3,64.74,99,38,87,388.1,524.8,236.0,66.60,99,23,81,388.4,567.9,229.8,64.75,99,39,87,381.7,519.0,214.3,69.73,99,32,82,335.2,449.9,2.0,1,0
1787233635.480,361.860,255.3,64.74,99,38,87,346.4,519.6,235.9,66.60,99,23,81,384.9,558.4,229.8,64.75,99,39,87,374.2,528.9,214.3,69.73,99,32,82,359.3,445.5,2.0,1,0
1787233635.924,362.303,255.2,64.74,99,38,87,371.1,510.8,235.7,66.60,99,23,81,356.4,583.8,229.7,64.75,99,39,87,380.4,539.5,214.4,69.73,99,32,82,368.2,449.9,2.0,1,0
1787233636.366,362.746,255.0,64.74,99,38,87,393.8,508.8,235.6,66.60,99,23,81,376.8,559.4,229.8,64.75,99,39,87,380.2,542.3,214.3,69.73,99,32,82,340.4,460.7,2.0,1,0
1787233636.813,363.192,254.9,64.74,99,38,87,374.2,507.5,235.4,66.60,99,23,81,382.0,565.7,229.7,64.75,99,39,87,377.3,528.8,214.1,69.73,99,32,82,364.0,449.7,2.0,1,0
1787233637.256,363.636,255.0,64.74,99,38,87,378.3,507.7,235.4,66.60,99,23,81,381.4,544.7,229.7,64.75,99,39,87,376.6,558.2,214.0,69.73,99,32,82,362.7,457.1,2.0,1,0
1787233637.701,364.080,255.0,64.74,99,38,87,372.5,507.4,235.5,66.60,99,23,81,380.3,570.9,229.9,64.75,99,39,87,351.9,519.7,213.9,69.73,99,32,82,362.8,459.6,2.0,1,0
1787233638.155,364.535,255.3,64.74,99,38,87,373.0,519.8,235.9,66.60,99,23,81,378.9,577.7,230.2,64.75,99,39,87,378.9,540.3,214.0,69.73,99,32,82,363.9,417.4,2.0,1,0
1787233638.602,364.981,255.5,64.74,99,38,87,372.5,488.0,236.1,66.60,99,23,81,356.9,570.7,230.1,64.75,99,39,87,380.4,537.2,214.2,69.73,99,32,82,364.0,441.7,2.0,1,0
1787233639.049,365.428,255.3,64.74,99,38,88,381.1,513.3,236.1,66.60,99,23,81,380.4,564.5,230.1,64.75,99,39,87,381.6,525.4,214.2,69.73,99,32,82,360.4,442.5,2.0,1,0
1787233639.492,365.872,255.3,64.74,99,38,88,370.7,501.7,236.1,66.60,99,23,81,383.4,530.8,230.2,64.75,99,39,87,348.5,540.0,214.3,69.73,99,32,82,360.0,444.5,2.0,1,0
1787233639.936,366.315,255.5,64.74,99,38,88,373.6,499.8,236.2,66.60,99,23,81,386.7,565.3,230.5,64.75,99,39,87,395.4,558.8,214.4,69.73,99,32,82,359.7,489.4,2.0,1,0
1787233640.393,366.772,255.9,64.74,99,38,88,370.8,512.1,236.4,66.60,99,23,81,406.8,562.0,230.5,64.75,99,39,87,374.0,515.9,214.6,69.73,99,32,82,365.0,460.8,2.0,1,0
1787233640.845,367.224,256.1,64.74,99,38,88,372.4,521.2,236.4,66.60,99,23,81,380.9,542.1,230.2,64.75,99,39,87,355.2,540.9,214.7,69.73,99,32,82,364.9,463.7,2.0,1,0
1787233641.290,367.670,256.1,64.74,99,38,88,407.0,500.5,236.4,66.60,99,23,81,383.5,538.2,230.2,64.75,99,39,87,354.0,542.4,214.6,69.73,99,32,82,361.0,455.7,2.0,1,0
1787233641.741,368.121,256.2,64.74,99,38,88,376.0,502.7,236.6,66.60,99,23,81,383.0,560.6,230.3,64.75,99,39,87,380.0,543.2,214.5,69.73,99,32,82,361.3,464.5,2.0,1,0
1787233642.186,368.566,255.9,64.74,99,38,88,376.1,520.9,236.7,66.60,99,23,81,385.0,552.4,230.0,64.75,99,39,87,428.4,656.1,214.4,69.73,99,32,82,365.9,452.4,2.0,1,0
1787233642.639,369.018,255.8,64.74,99,38,88,375.3,510.1,236.5,66.60,99,23,81,341.9,1.1,229.6,64.75,99,39,87,2.3,1.4,214.2,69.73,99,32,82,1.9,1.4,0.0,0,0
1787233643.283,369.662,218.6,64.74,0,0,85,11229.9,20406.2,228.6,66.60,23,6,78,15963.2,11405.9,192.4,64.75,89,20,85,23482.9,37390.1,175.3,69.73,100,16,81,18642.8,27916.0,0.0,0,0
1787233643.728,370.107,202.5,64.74,100,20,87,17476.2,9792.0,195.4,66.60,100,14,80,23720.5,13302.7,185.0,64.75,100,20,87,16701.5,37684.9,173.2,69.73,100,18,82,23018.5,30725.8,0.0,0,0
1787233644.169,370.549,230.5,64.74,100,21,87,22872.0,16556.5,195.1,66.60,100,14,81,13815.3,14805.9,219.5,64.75,100,22,86,23033.9,34558.6,211.6,69.73,100,18,82,18588.0,37027.6,0.0,0,0
1787233644.614,370.994,234.6,64.74,95,20,87,15588.4,16087.9,227.4,66.60,100,14,80,20291.6,12041.2,221.1,64.75,100,21,86,17735.2,44914.7,210.2,69.73,100,19,82,11998.8,39476.0,0.0,0,0
1787233645.058,371.438,236.7,64.74,100,20,88,21455.7,11965.0,225.8,66.60,100,14,80,18161.1,17943.2,221.1,64.75,100,21,86,15247.8,28555.6,210.2,69.73,100,19,82,26680.0,19959.8,0.0,0,0
1787233645.512,371.891,236.5,64.74,100,21,88,20233.7,15007.6,227.4,66.60,100,15,80,10872.9,19669.2,223.3,64.75,100,18,87,21561.7,26906.4,211.3,69.73,100,17,83,19677.2,35789.0,3.0,0,0
1787233645.953,372.333,236.5,64.74,100,21,88,17291.7,13662.2,229.5,66.60,100,14,82,22528.4,7865.0,224.9,64.75,100,21,88,25553.7,54760.0,213.9,69.73,100,18,84,16738.5,29402.2,3.0,0,0
1787233646.412,372.792,236.9,64.74,94,21,86,23513.5,7913.9,228.0,66.60,100,14,82,21668.6,12241.0,223.8,64.75,100,21,87,14901.2,40334.0,212.6,69.73,100,17,82,22179.9,26455.2,3.0,0,0
1787233646.862,373.241,238.1,64.74,100,21,88,17133.2,15736.4,229.9,66.60,100,14,81,19800.3,11315.9,225.3,64.75,100,21,87,16927.8,43461.8,213.5,69.73,100,18,82,10627.7,46602.6,3.0,0,0
1787233647.309,373.688,239.0,64.74,100,21,87,14141.3,11772.9,232.4,66.60,100,14,82,20526.4,14975.1,227.6,64.75,100,21,88,19627.4,27385.6,217.0,69.73,100,18,84,18963.9,32587.6,3.0,0,0
1787233647.750,374.130,240.3,64.74,94,20,87,19790.2,14643.3,232.4,66.60,100,14,82,18204.5,11723.5,225.3,64.75,100,22,87,16620.2,41565.0,216.3,69.73,100,16,84,9640.6,43681.9,3.0,0,0
1787233648.192,374.571,241.4,64.74,100,20,87,17066.4,20323.0,231.8,66.60,100,13,80,10209.7,14088.6,227.5,64.75,100,22,87,22984.2,16415.7,217.0,69.73,100,19,83,27401.1,32074.4,3.0,0,0
1787233648.640,375.019,242.7,64.74,100,19,88,21269.1,10095.8,232.8,66.60,100,13,80,15852.3,16066.3,231.7,64.75,100,20,87,9856.6,45169.5,219.0,69.73,100,17,82,20333.1,26191.6,3.0,0,0
1787233649.084,375.463,244.2,64.74,97,19,88,17036.1,17826.3,234.6,66.60,100,14,81,7238.1,19219.2,228.4,64.75,100,22,89,19170.0,30328.4,218.3,69.73,100,16,84,16897.5,26887.5,3.0,0,0
1787233649.527,375.906,242.4,64.74,100,21,88,16170.4,17530.9,234.2,66.60,100,13,81,10571.6,14010.7,228.4,64.75,100,22,89,21585.8,18112.1,218.3,69.73,100,16,84,25897.4,30729.2,3.0,0,0
1787233649.967,376.346,242.4,64.74,100,21,88,14155.7,11612.8,234.5,66.60,100,14,81,20455.3,16500.8,229.7,64.75,100,20,88,12733.9,52226.3,218.7,69.73,100,17,84,18080.6,23636.8,3.0,0,0
1787233650.434,376.813,244.2,64.74,100,20,88,11642.4,14165.2,238.0,66.60,100,14,81,18626.2,7158.9,233.4,64.75,100,20,88,26519.6,32283.6,221.4,69.73,100,18,82,19116.3,33115.2,3.0,0,0
1787233650.879,377.258,246.7,64.74,100,19,88,15419.0,15275.0,235.2,66.60,100,14,80,12291.0,12572.2,231.1,64.75,93,20,86,21694.3,18390.1,218.4,69.73,100,18,83,24344.4,29528.6,3.0,0,0
1787233651.323,377.702,244.6,64.74,100,20,87,14022.3,12246.7,236.5,66.60,100,14,81,14686.4,13004.8,232.5,64.75,100,20,89,27518.1,11636.8,221.3,69.73,100,17,84,26979.7,27323.2,3.0,0,0
1787233651.771,378.150,245.8,64.74,100,19,88,18128.9,8312.1,236.5,66.60,100,14,81,20094.6,13209.0,235.5,64.75,100,20,87,22817.1,20812.9,225.9,69.73,100,16,83,19900.4,32836.9,3.0,0,0
1787233652.214,378.593,249.4,64.74,100,19,89,7195.1,17868.6,239.7,66.60,100,14,82,14429.4,10451.6,235.2,64.75,100,21,87,19711.9,28333.7,221.8,69.73,93,18,82,27343.9,10493.4,3.0,0,0
1787233652.670,379.049,246.7,64.74,100,21,89,16136.4,12944.6,237.8,66.60,100,14,81,22450.0,5996.8,233.0,64.75,100,21,88,24856.1,27161.0,224.5,69.73,100,17,83,16554.9,29921.0,3.0,0,0
1787233653.121,379.500,248.6,64.74,100,20,87,14508.6,12732.1,238.3,66.60,100,13,81,22983.4,4489.2,234.3,64.75,100,20,87,28337.5,27954.5,226.5,69.73,100,18,83,16484.2,28212.8,3.0,0,0
1787233653.567,379.946,250.8,64.74,100,19,88,13916.5,12352.4,242.4,66.60,100,13,82,22676.5,4482.7,234.3,64.75,100,20,87,27698.2,28359.0,226.5,69.73,100,18,83,19330.6,24663.7,3.0,0,0
1787233654.011,380.391,252.1,64.74,99,38,87,389.3,549.6,242.3,66.60,100,16,81,410.0,552.6,237.8,64.75,100,21,89,377.3,536.9,228.2,69.73,100,16,84,347.2,448.9,2.0,1,0
1787233654.466,380.845,252.1,64.74,99,38,87,353.3,521.3,239.5,66.60,99,23,81,378.4,562.1,235.4,64.75,99,39,87,375.0,549.4,222.3,69.73,99,32,82,369.2,446.3,2.0,1,0
1787233654.910,381.290,254.2,64.74,99,38,87,377.7,531.5,236.2,66.60,99,23,81,380.4,609.1,231.7,64.75,99,39,87,379.3,569.0,216.3,69.73,99,32,82,371.4,529.3,2.0,1,0
1787233655.361,381.740,255.5,64.74,99,38,87,379.1,505.0,236.3,66.60,99,23,81,359.0,547.1,230.8,64.75,99,39,87,383.5,569.8,215.0,69.73,99,32,82,361.8,435.6,2.0,1,0
1787233655.805,382.184,255.6,64.74,99,38,87,377.2,544.1,236.3,66.60,99,23,81,386.3,566.8,230.9,64.75,99,39,87,380.7,539.3,215.1,69.73,99,32,82,339.9,451.0,2.0,1,0
1787233656.248,382.627,255.4,64.74,99,38,87,376.3,513.4,236.5,66.60,99,23,81,389.2,574.2,230.9,64.75,99,39,87,376.9,549.3,215.1,69.73,99,32,82,362.8,436.8,2.0,1,0
1787233656.702,383.081,255.4,64.74,99,38,87,376.9,507.0,236.6,66.60,99,23,81,385.1,551.8,230.6,64.75,99,39,87,347.9,557.8,215.2,69.73,99,32,82,363.6,440.1,2.0,1,0
1787233657.151,383.530,255.7,64.74,99,38,87,348.4,492.6,236.6,66.60,99,23,81,381.6,542.4,230.3,64.75,99,39,87,376.9,578.3,215.0,69.73,99,32,82,359.5,451.6,2.0,1,0
1787233657.601,383.981,255.9,64.74,99,38,88,349.5,513.9,236.8,66.60,99,23,81,380.0,573.8,230.1,64.75,99,39,87,378.1,519.6,214.7,69.73,99,32,82,359.5,455.5,2.0,1,0
1787233658.043,384.423,256.0,64.74,99,38,88,385.8,504.6,236.8,66.60,99,23,81,401.9,547.1,230.1,64.75,99,39,87,353.6,493.3,214.7,69.73,99,32,82,362.3,450.5,2.0,1,0
1787233658.489,384.868,256.0,64.74,99,38,88,378.5,511.7,236.6,66.60,99,23,81,380.7,565.1,229.9,64.75,99,39,87,378.8,539.5,214.6,69.73,99,32,82,338.5,462.7,2.0,1,0
1787233658.932,385.312,255.9,64.74,99,38,87,379.7,513.7,236.5,66.60,99,23,81,381.0,565.9,229.7,64.75,99,39,87,381.8,560.4,214.8,69.73,99,32,82,373.7,444.1,2.0,1,0
1787233659.381,385.760,255.7,64.74,99,38,88,374.7,501.1,236.4,66.60,99,23,81,378.6,585.2,229.6,64.75,99,39,87,378.7,496.6,214.8,69.73,99,32,82,362.5,440.3,2.0,1,0
1787233659.823,386.202,255.8,64.74,99,38,88,372.1,516.9,236.3,66.60,99,23,81,382.5,549.8,229.7,64.75,99,39,87,378.9,537.0,214.8,69.73,99,32,82,335.2,437.2,2.0,1,0
1787233660.266,386.646,255.8,64.74,99,38,88,386.6,524.6,236.3,66.60,99,23,81,380.6,574.0,229.9,64.75,99,39,87,376.7,528.6,214.8,69.73,99,32,82,361.7,449.3,2.0,1,0
1787233660.709,387.088,255.8,64.74,99,38,88,347.8,505.4,236.4,66.60,99,23,81,378.3,557.2,229.9,64.75,99,39,87,407.2,573.1,214.5,69.73,99,32,82,366.2,455.0,2.0,1,0
1787233661.158,387.537,255.8,64.74,99,38,88,376.1,586.0,236.4,66.60,99,23,81,382.3,592.5,229.9,64.75,99,39,87,382.1,618.1,214.3,69.73,99,32,82,365.1,497.5,2.0,1,0
1787233661.601,387.980,255.7,64.74,99,38,88,348.1,518.2,236.3,66.60,99,23,81,380.0,586.0,229.9,64.75,99,39,87,378.5,536.9,214.4,69.73,99,32,82,362.6,457.3,2.0,1,0
1787233662.043,388.422,255.6,64.74,99,38,88,387.1,522.1,236.3,66.60,99,23,81,359.1,549.2,229.9,64.75,99,39,87,374.6,607.6,214.4,69.73,99,32,82,361.2,453.4,2.0,1,0
1787233662.485,388.865,255.6,64.74,99,38,88,370.6,524.6,236.2,66.60,99,23,81,356.6,546.3,229.8,64.75,99,39,87,379.5,549.0,214.4,69.73,99,32,82,365.2,441.7,2.0,1,0
1787233662.927,389.307,255.8,64.74,99,38,88,371.8,506.8,236.4,66.60,99,23,81,383.1,562.8,229.7,64.75,99,39,87,355.9,516.1,214.8,69.73,99,32,82,344.2,427.6,2.0,1,0
1787233663.373,389.753,256.0,64.74,99,38,88,377.3,540.4,236.6,66.60,99,23,81,381.4,560.2,229.9,64.75,99,39,87,377.4,549.6,215.0,69.73,99,32,82,360.2,444.4,2.0,1,0
1787233663.816,390.196,256.2,64.74,99,38,88,375.6,528.7,236.7,66.60,99,23,81,361.3,552.4,230.2,64.75,99,39,87,378.7,541.6,215.0,69.73,99,32,82,362.4,454.9,2.0,1,0
1787233664.259,390.638,256.4,64.74,99,38,88,397.2,537.8,236.7,66.60,99,23,81,391.1,555.9,230.1,64.75,99,39,87,382.8,544.2,215.1,69.73,99,32,82,338.6,474.1,2.0,1,0
1787233664.703,391.082,256.2,64.74,99,38,88,374.7,520.2,236.8,66.60,99,23,81,383.5,577.8,230.0,64.75,99,39,87,380.7,553.7,215.0,69.73,99,32,82,363.1,465.6,2.0,1,0
1787233665.145,391.524,256.1,64.74,99,38,88,1.1,0.4,236.9,66.60,99,23,81,1.1,1.0,221.8,64.75,17,7,85,0.6,0.5,196.3,69.73,0,0,80,2.3,2.1,0.0,0,0
