{
  "num_samples": 2033,
  "duration_s": 923.6376504898071,
  "mean_power_w": 930.5186674864732,
  "max_power_w": 1073.536,
  "min_power_w": 100.613,
  "p50_power_w": 942.809,
  "p95_power_w": 1069.742,
  "mean_gpu_util_pct": 96.23585833743236,
  "max_gpu_util_pct": 100.0,
  "mean_gpu_mem_bw_util_pct": 22.19257255287752,
  "max_gpu_mem_bw_util_pct": 38.25,
  "mean_gpu_mem_used_gb": 343.9138380539458,
  "max_gpu_mem_used_gb": 343.914794921875,
  "mean_gpu_temp_c": 88.14854894244958,
  "max_gpu_temp_c": 91.0,
  "mean_pcie_tx_mb_s": 34700.79658294393,
  "max_pcie_tx_mb_s": 96704.31640625,
  "mean_pcie_rx_mb_s": 49847.974035830666,
  "max_pcie_rx_mb_s": 131310.7822265625,
  "mean_kv_cache_pct": 54.74009900990099,
  "max_kv_cache_pct": 99.0,
  "p50_kv_cache_pct": 50.0,
  "p95_kv_cache_pct": 88.0,
  "mean_requests_running": 48.684653465346535,
  "max_requests_running": 104.0,
  "mean_requests_waiting": 32.095544554455444,
  "max_requests_waiting": 101.0
}