{
  "num_samples": 837,
  "duration_s": 374.8424127101898,
  "mean_power_w": 823.3040119474313,
  "max_power_w": 1028.032,
  "min_power_w": 102.41,
  "p50_power_w": 978.948,
  "p95_power_w": 1021.832,
  "mean_gpu_util_pct": 93.69982078853046,
  "max_gpu_util_pct": 100.0,
  "mean_gpu_mem_bw_util_pct": 7.588410991636798,
  "max_gpu_mem_bw_util_pct": 18.75,
  "mean_gpu_mem_used_gb": 343.2446000294019,
  "max_gpu_mem_used_gb": 346.289794921875,
  "mean_gpu_temp_c": 85.31302270011948,
  "max_gpu_temp_c": 92.0,
  "mean_pcie_tx_mb_s": 9304.446536411664,
  "max_pcie_tx_mb_s": 52414.189453125,
  "mean_pcie_rx_mb_s": 12840.01879853644,
  "max_pcie_rx_mb_s": 112055.3857421875,
  "mean_kv_cache_pct": 19.120048019207683,
  "max_kv_cache_pct": 23.0,
  "p50_kv_cache_pct": 20.0,
  "p95_kv_cache_pct": 23.0,
  "mean_requests_running": 0.36494597839135656,
  "max_requests_running": 1.0,
  "mean_requests_waiting": 0.0,
  "max_requests_waiting": 0.0
}