{
  "num_samples": 2262,
  "duration_s": 1018.2848992347717,
  "mean_power_w": 937.3385402298851,
  "max_power_w": 1134.3519999999999,
  "min_power_w": 100.301,
  "p50_power_w": 944.431,
  "p95_power_w": 1124.221,
  "mean_gpu_util_pct": 96.65174624226348,
  "max_gpu_util_pct": 100.0,
  "mean_gpu_mem_bw_util_pct": 24.62477895667551,
  "max_gpu_mem_bw_util_pct": 43.5,
  "mean_gpu_mem_used_gb": 343.696044921875,
  "max_gpu_mem_used_gb": 343.696044921875,
  "mean_gpu_temp_c": 88.13616268788682,
  "max_gpu_temp_c": 92.0,
  "mean_pcie_tx_mb_s": 29949.943854563855,
  "max_pcie_tx_mb_s": 96824.744140625,
  "mean_pcie_rx_mb_s": 44680.54166839357,
  "max_pcie_rx_mb_s": 133567.6708984375,
  "mean_kv_cache_pct": 64.01771479185119,
  "max_kv_cache_pct": 100.0,
  "p50_kv_cache_pct": 76.0,
  "p95_kv_cache_pct": 99.0,
  "mean_requests_running": 14.663861824623561,
  "max_requests_running": 35.0,
  "mean_requests_waiting": 9.188662533215235,
  "max_requests_waiting": 22.0
}