timestamp,elapsed_s,gpu0_power_w,gpu0_mem_used_gb,gpu0_util_pct,gpu0_mem_bw_util_pct,gpu0_temp_c,gpu0_pcie_tx_mb_s,gpu0_pcie_rx_mb_s,gpu1_power_w,gpu1_mem_used_gb,gpu1_util_pct,gpu1_mem_bw_util_pct,gpu1_temp_c,gpu1_pcie_tx_mb_s,gpu1_pcie_rx_mb_s,gpu2_power_w,gpu2_mem_used_gb,gpu2_util_pct,gpu2_mem_bw_util_pct,gpu2_temp_c,gpu2_pcie_tx_mb_s,gpu2_pcie_rx_mb_s,gpu3_power_w,gpu3_mem_used_gb,gpu3_util_pct,gpu3_mem_bw_util_pct,gpu3_temp_c,gpu3_pcie_tx_mb_s,gpu3_pcie_rx_mb_s,kv_cache_pct,requests_running,requests_waiting
1782928775.981,0.000,162.7,79.14,0,0,86,2.6,0.5,133.3,79.15,0,0,82,0.6,0.5,126.1,79.15,0,0,85,2.3,0.5,130.8,79.14,0,0,82,0.6,0.5,7.0,8,0
1782928776.419,0.438,127.4,79.14,0,0,86,0.6,0.5,133.3,79.15,0,0,82,0.6,0.5,126.1,79.15,0,0,85,0.7,0.5,130.8,79.14,0,0,82,1.5,0.5,7.0,8,0
1782928776.863,0.882,127.4,79.14,0,0,86,0.6,0.5,133.3,79.15,0,0,82,0.7,0.5,126.1,79.15,0,0,85,0.6,2.3,130.8,79.14,0,0,82,2.7,0.5,7.0,8,0
1782928777.301,1.320,121.2,79.14,0,0,85,0.7,0.5,110.3,79.15,0,0,81,0.6,0.5,103.3,79.15,0,0,84,0.7,0.5,98.8,79.14,0,0,81,0.6,0.4,7.0,8,0
1782928777.738,1.757,121.2,79.14,0,0,85,4.3,3.9,110.3,79.15,0,0,81,4.2,0.5,103.3,79.15,0,0,84,0.7,5.1,98.8,79.14,0,0,81,2.3,0.5,7.0,8,0
1782928778.179,2.198,121.2,79.14,0,0,85,0.6,0.5,103.1,79.15,0,0,81,0.8,0.4,100.2,79.15,0,0,84,2.3,0.5,95.4,79.14,0,0,81,1.1,0.5,7.0,8,0
1782928778.615,2.634,116.9,79.14,0,0,85,0.6,0.5,103.1,79.15,0,0,81,0.6,0.5,100.2,79.15,0,0,84,0.6,0.9,95.4,79.14,0,0,81,4.9,2.4,7.0,8,0
1782928779.057,3.076,116.9,79.14,0,0,85,2.7,0.5,102.0,79.15,0,0,80,0.6,0.4,95.6,79.15,0,0,83,0.7,0.5,94.1,79.14,0,0,80,0.6,0.5,7.0,8,0
1782928779.495,3.514,116.3,79.14,0,0,84,0.6,0.5,102.0,79.15,0,0,80,0.6,0.4,95.6,79.15,0,0,83,1.3,0.5,94.1,79.14,0,0,80,0.6,0.5,7.0,8,0
1782928779.935,3.954,116.3,79.14,0,0,84,2.3,2.2,101.6,79.15,0,0,80,4.4,0.4,94.5,79.15,0,0,82,0.6,0.4,92.5,79.14,0,0,79,2.3,0.4,7.0,8,0
1782928780.373,4.392,115.0,79.14,0,0,84,0.7,0.5,101.6,79.15,0,0,80,0.6,0.5,94.5,79.15,0,0,82,3.2,0.5,92.5,79.14,0,0,79,0.6,0.5,7.0,8,0
1782928780.809,4.828,115.0,79.14,0,0,84,0.6,0.5,101.6,79.15,0,0,80,0.6,0.5,94.5,79.15,0,0,82,0.7,0.5,92.5,79.14,0,0,79,0.7,0.8,7.0,8,0
1782928781.247,5.266,115.0,79.14,0,0,84,0.7,0.5,100.1,79.15,0,0,79,1.2,0.4,94.0,79.15,0,0,82,0.7,0.5,92.1,79.14,0,0,79,0.6,0.4,7.0,8,0
1782928781.684,5.703,113.6,79.14,0,0,83,0.6,2.1,100.1,79.15,0,0,79,2.9,3.9,94.0,79.15,0,0,82,6.5,2.1,92.1,79.14,0,0,79,0.6,0.5,7.0,8,0
1782928782.124,6.144,113.6,79.14,0,0,83,1.2,0.5,99.7,79.15,0,0,78,0.6,0.5,93.1,79.15,0,0,81,0.7,0.5,90.4,79.14,0,0,78,0.6,0.5,7.0,8,0
1782928782.563,6.582,112.6,79.14,0,0,83,0.6,0.4,99.7,79.15,0,0,78,1.2,0.4,93.1,79.15,0,0,81,0.6,0.5,90.4,79.14,0,0,78,0.6,0.6,7.0,8,0
1782928783.008,7.027,112.6,79.14,0,0,83,0.6,0.5,98.3,79.15,0,0,78,0.6,0.4,92.4,79.15,0,0,81,0.7,0.4,89.7,79.14,0,0,78,1.1,0.5,7.0,8,0
1782928783.446,7.465,111.7,79.14,0,0,82,2.3,0.5,98.3,79.15,0,0,78,2.3,0.5,92.4,79.15,0,0,81,0.6,0.5,89.7,79.14,0,0,78,0.6,0.5,7.0,8,0
1782928783.884,7.904,111.7,79.14,0,0,82,0.6,5.0,98.3,79.15,0,0,78,1.5,2.2,92.4,79.15,0,0,81,3.7,2.0,89.7,79.14,0,0,78,0.6,0.4,7.0,8,0
1782928784.327,8.346,111.0,79.14,0,0,82,1.2,0.5,97.7,79.15,0,0,77,0.6,0.5,92.0,79.15,0,0,80,0.7,0.4,88.4,79.14,0,0,77,2.3,0.4,7.0,8,0
1782928784.767,8.786,111.0,79.14,0,0,82,3.1,2.1,97.7,79.15,0,0,77,0.6,0.5,92.0,79.15,0,0,80,2.3,0.5,88.4,79.14,0,0,77,0.6,0.5,7.0,8,0
1782928785.205,9.224,111.0,79.14,0,0,82,0.6,0.5,96.8,79.15,0,0,77,0.6,0.4,91.9,79.15,0,0,80,0.9,0.5,87.2,79.14,0,0,77,0.7,0.5,7.0,8,0
1782928785.641,9.660,110.0,79.14,0,0,81,2.3,0.5,96.8,79.15,0,0,77,2.3,0.6,91.9,79.15,0,0,80,2.8,4.0,87.2,79.14,0,0,77,4.3,3.7,7.0,8,0
1782928786.085,10.104,110.0,79.14,0,0,81,0.8,0.5,96.6,79.15,0,0,76,0.6,0.4,91.5,79.15,0,0,79,2.3,0.5,86.5,79.14,0,0,77,0.6,0.5,7.0,8,0
1782928786.524,10.543,108.8,79.14,0,0,81,1.2,0.5,96.6,79.15,0,0,76,0.6,0.5,91.5,79.15,0,0,79,0.8,0.9,86.5,79.14,0,0,77,0.6,0.5,7.0,8,0
1782928786.968,10.987,108.8,79.14,0,0,81,2.7,0.5,95.6,79.15,0,0,76,0.6,0.4,91.3,79.15,0,0,79,2.3,0.5,85.7,79.14,0,0,76,0.6,0.5,7.0,8,0
1782928787.412,11.431,108.3,79.14,0,0,81,0.6,0.5,95.6,79.15,0,0,76,0.8,0.5,91.3,79.15,0,0,79,0.6,0.5,85.7,79.14,0,0,76,1.5,0.5,7.0,8,0
1782928787.854,11.873,108.3,79.14,0,0,81,0.6,0.5,95.6,79.15,0,0,76,0.6,0.5,91.3,79.15,0,0,79,0.6,0.8,85.7,79.14,0,0,76,7.8,2.0,7.0,8,0
1782928788.300,12.319,107.6,79.14,0,0,80,0.6,0.4,95.2,79.15,0,0,76,0.6,0.4,91.1,79.15,0,0,79,0.7,0.4,85.1,79.14,0,0,76,0.6,0.4,7.0,8,0
1782928788.739,12.758,107.6,79.14,0,0,80,4.3,3.9,95.2,79.15,0,0,76,4.3,0.5,91.1,79.15,0,0,79,0.7,0.5,85.1,79.14,0,0,76,2.3,0.5,7.0,8,0
1782928789.177,13.196,107.6,79.14,0,0,80,0.6,0.4,94.6,79.15,0,0,75,0.6,0.5,91.0,79.15,0,0,78,2.3,0.5,84.0,79.14,0,0,75,0.7,0.5,7.0,8,0
1782928789.614,13.633,106.5,79.14,0,0,80,0.6,1.0,94.6,79.15,0,0,75,0.6,0.5,91.0,79.15,0,0,78,0.6,0.9,84.0,79.14,0,0,75,2.7,3.9,7.0,8,0
1782928790.056,14.075,106.5,79.14,0,0,80,0.6,0.4,93.9,79.15,0,0,75,0.6,0.5,90.7,79.15,0,0,78,0.7,0.5,83.8,79.14,0,0,75,0.7,0.5,7.0,8,0
1782928790.493,14.512,106.2,79.14,0,0,79,0.6,0.5,93.9,79.15,0,0,75,0.6,0.5,90.7,79.15,0,0,78,0.7,0.5,83.8,79.14,0,0,75,0.6,4.6,7.0,8,0
1782928790.930,14.949,106.2,79.14,0,0,79,2.3,2.3,93.9,79.15,0,0,75,4.2,0.5,90.4,79.15,0,0,77,0.7,0.4,82.9,79.14,0,0,75,2.3,0.5,7.0,8,0
1782928791.367,15.386,106.0,79.14,0,0,79,0.6,0.4,93.9,79.15,0,0,75,0.6,0.5,90.4,79.15,0,0,77,0.7,0.5,82.9,79.14,0,0,75,0.6,0.5,7.0,8,0
1782928791.804,15.823,106.0,79.14,0,0,79,3.6,0.7,93.9,79.15,0,0,75,0.9,0.6,90.4,79.15,0,0,77,0.9,0.7,82.9,79.14,0,0,75,1.8,0.8,7.0,8,0
1782928792.255,16.274,106.0,79.14,0,0,79,0.9,0.8,67.8,79.15,0,0,73,14.9,17111.2,74.0,79.15,0,0,76,19395.0,4298.7,70.8,79.14,0,0,73,5188.6,8613.4,7.0,8,0
1782928793.176,17.195,115.1,79.14,98,46,81,10354.9,7183.8,123.9,79.15,97,38,77,3526.7,6416.4,123.8,79.15,97,39,81,10376.9,6932.1,163.8,79.14,98,46,78,2519.6,7453.5,7.0,8,0
1782928793.618,17.637,208.0,79.14,98,48,82,10354.5,4282.8,278.2,79.15,99,52,78,4749.0,8561.4,272.0,79.15,99,54,82,10374.0,8604.6,264.1,79.14,99,52,79,9111.4,5357.6,7.0,8,0
1782928794.059,18.078,288.3,79.14,98,45,83,2.2,4.8,276.0,79.15,97,27,77,20706.1,17106.8,267.5,79.15,97,27,80,2.0,4.6,252.9,79.14,99,18,78,1.8,7802.8,7.0,8,0
1782928794.506,18.525,283.5,79.14,99,56,83,1.8,4.2,276.6,79.15,99,53,79,1.9,3028.9,269.7,79.15,100,54,82,19198.0,13881.8,261.9,79.14,100,52,79,1.9,5.3,7.0,8,0
1782928794.947,18.966,287.2,79.14,100,61,83,20710.9,5.7,285.3,79.15,99,62,79,4.4,4.3,282.1,79.15,99,62,83,17187.3,15769.9,284.3,79.14,100,62,80,3835.8,5.0,7.0,8,0
1782928795.394,19.413,297.9,79.14,100,51,84,11877.6,4.8,285.3,79.15,99,62,79,3.0,1385.3,283.6,79.15,100,49,82,19869.3,15277.4,284.3,79.14,100,62,80,2.1,5.9,7.0,8,0
1782928795.835,19.854,294.2,79.14,100,47,84,7881.5,16352.7,291.2,79.15,99,48,78,12732.0,6.0,283.6,79.15,100,49,82,2.2,17211.6,273.6,79.14,99,48,79,20747.7,12.2,7.0,8,0
1782928796.277,20.296,294.2,79.14,100,47,84,3.4,4786.9,284.3,79.15,100,45,79,19747.5,12273.2,276.7,79.15,100,46,83,3.7,5.3,266.4,79.14,100,43,80,15742.8,16286.3,7.0,8,0
1782928796.718,20.737,289.6,79.14,99,43,84,20715.2,17109.5,278.5,79.15,100,46,79,4.9,9.4,270.4,79.15,100,46,83,5.1,17211.7,258.7,79.14,100,47,80,20750.7,4.9,7.0,8,0
1782928797.163,21.182,289.2,79.14,100,52,84,19421.3,1139.9,279.6,79.15,99,47,79,1.9,4.9,271.8,79.15,99,48,83,16852.9,16029.1,262.5,79.14,100,48,80,3836.4,4.8,7.0,8,0
1782928797.604,21.623,291.0,79.14,100,50,84,20704.4,4.5,283.7,79.15,100,51,78,2.8,5.3,276.7,79.15,100,53,82,19664.5,18169.5,269.3,79.14,100,51,80,5.1,11.4,7.0,8,0
1782928798.053,22.072,296.1,79.14,100,58,84,8348.6,4.7,289.3,79.15,100,54,80,3.6,4618.3,282.0,79.15,100,56,84,19809.4,12324.3,272.5,79.14,100,58,81,2.8,4.7,7.0,8,0
1782928798.495,22.514,300.5,79.14,99,52,83,3495.0,4.8,291.2,79.15,99,48,80,2.0,11826.5,284.3,79.15,99,49,84,19583.4,4956.6,274.8,79.14,100,50,81,1.9,4.7,7.0,8,0
1782928798.938,22.957,299.8,79.14,99,53,85,6.6,4.8,290.1,79.15,100,54,80,6.6,16436.3,284.1,79.15,100,55,84,20560.6,183.7,274.2,79.14,100,51,81,4.0,4.8,7.0,8,0
1782928799.379,23.398,299.7,79.14,99,48,85,3.0,155.5,290.1,79.15,100,54,80,19665.5,16661.5,284.1,79.15,100,55,84,4.7,5.5,274.2,79.14,100,51,81,15847.0,16548.3,7.0,8,0
1782928799.820,23.839,296.9,79.14,100,41,85,20707.0,5.4,290.5,79.15,100,43,80,2.9,4947.1,282.2,79.15,99,44,84,19788.8,11698.4,271.0,79.14,100,44,81,2.8,8.3,4.0,0,27
1782928800.263,24.282,296.9,79.14,100,41,85,7280.0,6575.9,285.4,79.15,100,46,80,7563.8,6178.2,278.2,79.15,100,46,84,7058.1,7259.9,263.3,79.14,68,36,80,6650.2,7027.5,1.0,5,0
1782928800.706,24.725,260.1,79.14,80,5,83,6670.3,5678.4,238.8,79.15,100,44,79,6145.4,5807.1,231.2,79.15,100,45,83,7140.1,5966.3,224.1,79.14,100,49,80,6654.1,6208.7,1.0,5,0
1782928801.148,25.167,250.6,79.14,100,50,84,6536.3,5421.0,241.4,79.15,100,52,79,5803.1,5561.5,228.7,79.15,100,53,83,6275.7,7095.1,222.2,79.14,100,52,80,6593.5,6582.8,1.0,32,0
1782928801.591,25.610,265.3,79.14,100,51,84,6365.1,5188.3,274.2,79.15,100,51,80,6372.3,5033.5,265.9,79.15,100,52,84,6766.0,7111.3,258.7,79.14,100,52,81,5968.7,6915.2,1.0,32,0
1782928802.032,26.051,289.5,79.14,100,53,84,5797.7,5618.8,279.2,79.15,100,52,80,5632.4,5567.6,270.8,79.15,100,53,84,6753.0,6233.2,260.6,79.14,100,52,81,6616.6,6503.4,1.0,32,0
1782928802.481,26.500,290.4,79.14,100,52,84,6619.2,5324.8,279.9,79.15,100,52,80,5654.9,5599.2,271.6,79.15,100,53,84,5941.2,7032.7,262.1,79.14,100,53,81,6587.7,6565.3,1.0,32,0
1782928802.922,26.941,291.1,79.14,100,52,85,6189.8,6024.9,280.2,79.15,100,52,80,6795.8,5492.1,272.5,79.15,100,53,84,6023.4,6735.7,262.1,79.14,100,53,81,6184.7,7445.8,1.0,32,0
1782928803.369,27.388,291.8,79.14,100,53,85,5857.4,5806.2,280.2,79.15,100,52,80,6390.7,5176.3,272.5,79.15,100,53,84,6524.8,6193.2,262.4,79.14,100,53,81,6656.4,6507.4,1.0,32,0
1782928803.812,27.831,291.7,79.14,100,51,85,6699.8,5518.2,280.3,79.15,100,53,80,5909.5,5568.6,273.1,79.15,100,53,84,5873.8,6653.7,262.4,79.14,100,53,81,6481.6,6272.9,1.0,32,0
1782928804.260,28.279,291.7,79.14,100,51,85,6446.7,5029.2,279.9,79.15,100,52,80,6000.0,5582.9,272.7,79.15,100,53,84,5982.9,7042.2,261.7,79.14,100,52,81,6350.6,6351.8,1.0,32,0
1782928804.705,28.724,291.4,79.14,100,52,85,6271.6,5339.1,279.8,79.15,100,52,80,6782.0,4949.4,272.1,79.15,100,53,84,6153.8,6770.8,261.7,79.14,100,53,81,6187.5,7402.1,1.0,32,0
1782928805.152,29.171,291.5,79.14,100,52,85,5692.9,5619.1,280.7,79.15,100,53,80,6258.6,5158.8,273.1,79.15,100,54,85,6591.1,6196.3,262.8,79.14,100,53,81,6797.7,5710.2,2.0,32,0
1782928805.594,29.613,292.3,79.14,100,52,85,6446.0,4856.9,281.4,79.15,100,53,80,6486.9,5339.8,274.2,79.15,100,54,85,6023.1,6822.6,263.7,79.14,100,54,81,6016.2,7322.9,2.0,32,0
1782928806.040,30.059,293.6,79.14,100,53,85,5402.3,5628.8,282.1,79.15,100,53,80,6150.9,5499.3,275.3,79.15,100,54,85,6749.6,6808.7,263.8,79.14,100,53,82,6710.7,7059.9,2.0,32,0
1782928806.481,30.500,294.1,79.14,100,52,85,6597.6,5309.2,282.0,79.15,100,53,80,5764.6,5455.8,275.3,79.15,100,54,85,5859.4,7006.1,263.7,79.14,100,53,82,6666.1,6614.8,2.0,32,0
1782928806.923,30.942,293.9,79.14,100,52,85,5983.3,5600.9,281.9,79.15,100,54,81,6738.0,4818.0,274.9,79.15,100,55,85,6858.8,6702.1,263.7,79.14,100,53,82,6166.2,6948.2,2.0,32,0
1782928807.370,31.389,294.3,79.14,100,53,86,6123.1,5406.3,281.9,79.15,100,54,81,5725.6,5474.1,274.9,79.15,100,55,85,5891.5,7088.9,263.8,79.14,100,53,82,6576.7,6408.7,2.0,32,0
1782928807.819,31.838,295.6,79.14,100,54,86,6457.0,4794.4,282.7,79.15,100,53,81,6613.8,5380.6,276.0,79.15,100,54,85,6111.9,6949.1,264.7,79.14,100,54,82,6659.5,6925.9,2.0,32,0
1782928808.264,32.283,295.6,79.14,100,54,86,5647.0,5589.1,283.5,79.15,100,53,81,6345.7,5270.3,277.1,79.15,100,54,85,6776.7,6066.6,265.7,79.14,100,53,82,6832.6,6743.9,2.0,32,0
1782928808.706,32.725,295.9,79.14,100,53,86,6617.8,5402.3,283.3,79.15,100,53,81,5902.5,5917.6,277.0,79.15,100,54,86,6443.1,6624.4,265.7,79.14,100,54,82,6647.9,6108.1,2.0,32,0
1782928809.152,33.171,295.3,79.14,100,52,86,6460.7,4980.1,282.2,79.15,100,53,81,6666.7,5435.9,275.9,79.15,100,54,86,6122.1,6714.9,264.2,79.14,100,53,82,6173.6,7437.9,2.0,32,0
1782928809.594,33.613,294.5,79.14,100,53,86,6350.7,5232.5,281.1,79.15,100,52,81,6399.2,4918.3,274.9,79.15,100,53,86,6859.9,6691.2,263.5,79.14,100,53,82,6002.1,7140.1,2.0,32,0
1782928810.037,34.056,293.9,79.14,100,53,86,5772.2,5351.6,281.4,79.15,100,53,81,5656.4,5667.6,275.2,79.15,100,54,86,6520.3,6498.9,263.6,79.14,100,53,82,6630.3,6274.7,2.0,32,0
1782928810.478,34.497,294.3,79.14,100,52,86,6382.8,4899.1,282.0,79.15,100,53,81,6609.3,5614.4,275.5,79.15,100,54,86,6107.5,6713.3,264.0,79.14,100,53,82,5923.1,7348.7,2.0,32,0
1782928810.919,34.938,294.7,79.14,100,53,86,5597.3,5630.4,281.9,79.15,100,52,81,6463.9,5255.6,275.9,79.15,100,53,86,6786.3,6078.3,264.0,79.14,100,53,82,6961.2,7168.5,2.0,32,0
1782928811.362,35.381,294.7,79.14,100,53,86,6637.1,5599.3,281.9,79.15,100,52,81,5987.6,5750.6,275.9,79.15,100,53,86,5741.5,7145.4,264.2,79.14,100,53,82,6522.7,6635.2,2.0,32,0
1782928811.804,35.823,295.2,79.14,100,53,86,6372.9,5084.0,282.1,79.15,100,52,81,6694.6,5425.6,276.4,79.15,100,53,86,6080.4,6946.2,264.6,79.14,100,54,83,6131.8,7175.6,2.0,32,0
1782928812.245,36.264,295.2,79.14,100,53,86,5625.6,5716.9,282.0,79.15,100,52,81,6299.1,5479.4,276.4,79.15,100,53,86,6751.0,5938.9,264.2,79.14,100,52,83,6474.6,6977.9,3.0,32,0
1782928812.689,36.708,294.5,79.14,100,53,86,5796.7,6287.8,281.5,79.15,100,53,81,6843.6,5355.4,276.1,79.15,100,54,87,6653.6,6005.3,264.0,79.14,100,53,83,6969.6,6936.4,3.0,32,0
1782928813.139,37.158,294.3,79.14,100,53,87,6380.3,5589.0,281.9,79.15,100,54,81,5894.0,5802.5,276.4,79.15,100,55,87,6210.0,6704.4,264.5,79.14,100,54,83,6599.3,6185.6,3.0,32,0
1782928813.581,37.600,295.4,79.14,100,52,87,6547.4,5213.5,282.3,79.15,100,52,81,6699.8,5611.9,277.0,79.15,100,53,87,6136.0,6891.8,264.1,79.14,100,52,83,6145.2,7272.4,3.0,32,0
1782928814.023,38.042,294.6,79.14,100,52,87,6434.3,5138.4,281.8,79.15,100,52,81,6471.9,4973.9,276.4,79.15,100,53,87,6982.7,6778.4,263.3,79.14,100,53,83,6063.5,7027.1,3.0,32,0
1782928814.465,38.484,293.7,79.14,100,52,87,5774.0,5821.6,281.8,79.15,100,54,81,5973.7,5254.1,276.2,79.15,100,55,87,6838.0,6163.3,263.5,79.14,100,53,83,7133.1,7002.7,3.0,32,0
1782928814.908,38.927,294.3,79.14,100,52,87,5822.1,5411.3,281.8,79.15,100,53,82,5661.2,5984.3,276.3,79.15,100,54,87,6533.2,6614.2,263.5,79.14,100,53,83,7140.3,6071.5,3.0,32,0
1782928815.351,39.370,294.5,79.14,100,53,87,6604.4,5377.4,281.8,79.15,100,53,82,5814.0,5548.2,276.3,79.15,100,54,87,6203.5,7080.2,263.6,79.14,100,53,83,6594.4,6408.5,3.0,32,0
1782928815.792,39.811,294.9,79.14,100,54,87,6366.0,5175.1,281.7,79.15,100,52,82,6478.2,5057.5,276.3,79.15,100,54,87,6952.5,6464.9,263.4,79.14,100,54,83,6094.9,6971.2,3.0,32,0
1782928816.234,40.253,294.9,79.14,100,54,87,5809.9,5785.3,283.1,79.15,100,53,82,6396.8,5087.9,277.7,79.15,100,54,87,6671.4,6042.3,264.8,79.14,100,53,83,6986.2,7068.4,3.0,32,0
1782928816.679,40.698,295.6,79.14,100,52,87,5924.0,5733.0,282.9,79.15,100,52,82,5714.7,6033.5,278.0,79.15,100,53,87,6844.4,6415.5,265.2,79.14,100,53,83,7073.1,7321.4,3.0,32,0
1782928817.126,41.145,295.4,79.14,100,53,87,5863.2,5326.2,282.3,79.15,100,53,82,5732.1,5695.6,277.5,79.15,100,54,87,6531.4,6333.3,264.3,79.14,100,53,83,6749.1,5813.7,3.0,32,0
1782928817.568,41.587,294.9,79.14,100,52,87,6663.7,5439.0,282.5,79.15,100,52,82,5789.7,5523.3,277.8,79.15,100,53,88,5884.3,7096.4,264.6,79.14,100,53,83,6605.0,6152.8,4.0,32,0
1782928818.010,42.029,295.3,79.14,100,53,87,6240.1,4907.3,282.7,79.15,100,53,82,6558.0,5018.4,278.0,79.15,100,53,88,6895.0,6560.5,264.8,79.14,100,53,84,6095.5,7079.8,4.0,32,0
1782928818.451,42.470,295.5,79.14,100,53,87,5806.9,5846.8,282.8,79.15,100,53,82,5904.0,5467.1,278.1,79.15,100,54,88,6702.3,6362.4,265.3,79.14,100,53,84,6910.1,7137.1,4.0,32,0
1782928818.895,42.914,295.4,79.14,100,53,88,6017.3,5630.3,282.8,79.15,100,53,82,5805.8,5917.4,278.3,79.15,100,53,88,6690.5,6248.0,265.3,79.14,100,53,84,6633.8,6535.1,4.0,32,0
1782928819.335,43.354,295.4,79.14,100,52,88,6691.6,5466.2,282.8,79.15,100,53,82,5984.1,5523.1,278.3,79.15,100,53,88,6075.0,7098.6,265.3,79.14,100,53,84,6815.7,6350.5,4.0,32,0
1782928819.776,43.795,295.4,79.14,100,52,88,6407.3,4786.4,281.9,79.15,100,52,82,6615.2,5536.4,277.7,79.15,100,53,88,6084.2,6726.8,264.3,79.14,100,54,84,6036.0,7261.8,4.0,32,0
1782928820.219,44.238,295.4,79.14,100,53,88,5685.5,5732.0,282.8,79.15,100,54,82,6290.7,5182.0,278.9,79.15,100,55,88,6621.3,5910.6,265.8,79.14,100,53,84,6985.8,6661.9,4.0,32,0
1782928820.660,44.679,296.8,79.14,100,54,88,6517.1,4878.4,284.8,79.15,100,54,82,6365.4,6589.8,280.8,79.15,100,55,88,5847.7,6949.6,268.1,79.14,100,55,84,6582.1,6310.9,4.0,32,0
1782928821.106,45.125,298.5,79.14,100,53,88,6346.1,5034.1,285.2,79.15,100,54,82,6477.0,5022.4,280.8,79.15,100,55,88,6799.7,6675.4,267.6,79.14,100,53,84,6154.8,7424.5,4.0,32,0
1782928821.546,45.565,297.9,79.14,100,53,88,5764.1,5609.7,284.4,79.15,100,53,82,5807.6,5833.0,280.1,79.15,100,54,88,6501.5,6499.3,266.9,79.14,100,54,84,6994.4,5802.3,4.0,32,0
1782928821.986,46.005,297.4,79.14,100,53,88,6694.3,5274.5,283.9,79.15,100,53,82,5924.3,5921.1,279.8,79.15,100,54,89,6088.9,6918.7,265.9,79.14,100,53,84,6679.0,6474.5,4.0,32,0
1782928822.428,46.447,297.3,79.14,100,53,88,6448.4,5283.9,283.7,79.15,100,53,82,6540.8,5413.1,279.5,79.15,100,54,89,6055.4,7159.2,265.5,79.14,100,54,84,5789.3,7154.2,4.0,32,0
1782928822.872,46.891,297.2,79.14,100,53,88,5557.1,5553.6,283.7,79.15,100,53,82,6313.3,5512.3,279.5,79.15,100,54,89,6809.6,5979.4,265.5,79.14,100,54,84,6789.8,7280.7,4.0,32,0
1782928823.314,47.333,297.7,79.14,100,53,88,5807.1,5387.4,284.2,79.15,100,54,83,5916.8,5805.2,280.3,79.15,100,55,89,6726.2,6220.7,266.6,79.14,100,54,84,6737.0,6402.0,4.0,32,0
1782928823.754,47.773,297.7,79.14,100,53,88,7770.3,5504.8,284.6,79.15,100,53,83,5970.6,5593.9,280.8,79.15,100,54,89,5837.6,6883.4,266.8,79.14,100,53,84,6599.0,6304.7,4.0,32,0
1782928824.200,48.219,297.5,79.14,100,53,88,6416.1,4915.5,283.8,79.15,100,53,83,6720.2,5408.0,280.0,79.15,100,55,89,6110.1,6647.6,266.2,79.14,100,53,84,5939.8,7194.9,4.0,32,0
1782928824.640,48.659,297.1,79.14,100,53,89,5541.7,5581.0,284.0,79.15,100,54,83,6380.9,5087.0,280.0,79.15,100,55,89,7381.9,6622.7,266.2,79.14,100,53,85,6108.9,7496.7,5.0,32,0
1782928825.083,49.102,297.6,79.14,100,53,89,5701.3,5482.3,284.5,79.15,100,53,83,5773.4,5755.5,280.7,79.15,100,55,89,6268.8,6327.6,267.0,79.14,100,54,85,6633.6,6272.5,5.0,32,0
1782928825.523,49.542,298.7,79.14,100,54,89,6456.8,4841.2,285.4,79.15,100,54,83,6678.1,5191.6,281.8,79.15,100,56,89,6437.6,6853.0,268.1,79.14,100,54,85,6026.1,7191.3,5.0,32,0
1782928825.964,49.983,299.4,79.14,100,53,89,6700.4,5089.4,285.4,79.15,100,54,83,6508.4,5097.1,282.1,79.15,100,55,89,6844.3,6746.6,267.5,79.14,100,53,85,6060.9,7204.0,5.0,32,0
1782928826.409,50.429,298.9,79.14,100,53,89,5855.0,5785.3,284.7,79.15,100,54,83,5977.8,5350.2,281.5,79.15,100,55,89,6730.3,6206.6,267.5,79.14,100,53,85,7098.5,7106.9,5.0,32,0
1782928826.854,50.873,298.4,79.14,100,53,89,5865.5,5388.3,284.7,79.15,100,54,83,5761.1,5758.6,281.5,79.15,100,55,89,6584.9,6299.2,266.9,79.14,100,53,85,6610.8,6207.4,5.0,32,0
1782928827.295,51.314,298.9,79.14,100,54,89,6467.0,5020.3,284.3,79.15,100,54,83,6619.3,5712.8,281.4,79.15,100,55,90,6097.0,6769.1,267.1,79.14,100,55,85,5850.4,6967.9,5.0,32,0
1782928827.735,51.755,298.9,79.14,100,54,89,5626.2,6250.1,285.1,79.15,100,54,83,6468.2,4927.2,282.5,79.15,100,55,90,6869.7,6595.8,268.0,79.14,100,55,85,6120.3,6951.4,5.0,32,0
1782928828.183,52.202,299.7,79.14,100,53,89,5679.7,5581.6,286.2,79.15,100,54,83,6475.9,5101.9,283.7,79.15,100,56,90,6683.8,6204.4,268.6,79.14,100,53,85,6858.8,6690.2,5.0,32,0
1782928828.625,52.644,299.7,79.14,100,54,89,6230.6,5586.4,285.6,79.15,100,53,83,6049.4,5831.4,283.2,79.15,100,55,90,8172.5,6072.1,268.0,79.14,100,54,85,8276.7,6858.0,5.0,32,0
1782928829.076,53.095,299.1,79.14,100,53,89,5847.7,5527.0,285.1,79.15,100,53,83,5664.5,5860.7,282.5,79.15,100,55,90,6520.7,6518.4,268.1,79.14,100,54,85,6910.2,6479.0,5.0,32,0
1782928829.969,53.988,299.9,79.14,100,53,89,6942.0,4997.8,285.8,79.15,100,54,83,5914.9,5711.9,283.1,79.15,100,55,90,5919.0,7034.2,268.6,79.14,100,56,85,5839.1,7261.9,5.0,32,0
1782928830.413,54.432,300.1,79.14,100,54,89,6178.8,5138.6,286.6,79.15,100,53,83,6450.4,4975.0,283.7,79.15,100,55,90,6809.8,6905.8,268.6,79.14,100,56,85,6300.7,7151.0,6.0,32,0
1782928830.855,54.874,300.2,79.14,100,54,89,5937.9,5698.8,286.6,79.15,100,53,83,6186.0,5084.2,283.7,79.15,100,55,90,6671.6,6250.9,269.5,79.14,100,54,85,6871.8,6594.3,6.0,32,0
1782928831.298,55.317,299.7,79.14,100,53,89,6676.9,5473.0,286.7,79.15,100,54,83,5860.5,5703.8,284.0,79.15,100,55,90,5925.4,6890.4,269.2,79.14,100,54,85,6554.8,6095.5,6.0,32,0
1782928831.739,55.758,299.7,79.14,100,53,89,6291.6,4811.4,285.9,79.15,100,53,83,6555.2,5600.4,283.1,79.15,100,55,90,6240.3,6736.9,268.9,79.14,100,55,86,5933.9,7031.0,6.0,32,0
1782928832.185,56.204,300.0,79.14,100,54,90,5549.2,5497.0,286.7,79.15,100,55,83,6369.8,5293.9,284.2,79.15,100,56,90,6663.0,6025.7,270.0,79.14,100,55,86,6716.0,6873.4,6.0,32,0
1782928832.626,56.645,300.4,79.14,100,55,90,6608.7,5384.1,287.7,79.15,100,54,84,5898.3,5762.5,285.1,79.15,100,55,90,6581.7,6988.3,270.7,79.14,100,54,86,7522.4,6363.0,6.0,32,0
1782928833.072,57.091,300.2,79.14,100,54,90,6367.5,4841.1,286.9,79.15,100,53,84,6782.4,5753.3,284.5,79.15,100,55,90,6088.3,6785.9,269.8,79.14,100,54,86,5925.0,7154.3,6.0,32,0
1782928833.514,57.533,299.6,79.14,100,53,90,6276.5,5019.5,285.9,79.15,100,53,84,6536.8,5220.5,283.3,79.15,100,55,90,7013.6,6613.3,268.8,79.14,100,54,86,6154.4,7178.2,6.0,32,0
1782928833.955,57.974,299.5,79.14,100,54,90,6034.0,5483.8,285.8,79.15,100,54,84,5656.2,6001.6,283.3,79.15,100,55,90,6640.8,6361.5,268.8,79.14,100,54,86,6908.9,7360.7,6.0,32,0
1782928834.398,58.417,300.2,79.14,100,53,90,6637.0,5461.5,285.8,79.15,100,54,84,5903.9,5692.8,283.5,79.15,100,55,91,5819.2,7154.7,268.8,79.14,100,54,86,6815.0,6448.6,6.0,32,0
1782928834.840,58.859,300.5,79.14,100,54,90,6520.0,4822.5,285.9,79.15,100,54,84,6564.5,5493.8,283.5,79.15,100,55,91,6084.6,7445.7,269.2,79.14,100,54,86,7389.7,6089.2,6.0,32,0
1782928835.290,59.309,300.5,79.14,100,54,90,6425.6,4906.7,286.2,79.15,100,54,84,6489.7,5004.7,283.9,79.15,100,55,91,6936.7,6549.2,269.6,79.14,100,54,86,6079.5,7019.6,6.0,32,0
1782928835.732,59.751,300.4,79.14,100,54,90,5851.0,6258.1,287.0,79.15,100,54,84,6316.1,4950.2,284.5,79.15,100,55,91,2244.7,0.5,270.0,79.14,100,54,86,0.7,30.9,0.0,32,0
1782928836.831,60.850,249.3,79.14,99,66,90,18509.8,4462.0,236.5,79.15,99,52,84,1.7,4.3,239.5,79.15,99,53,91,1074.6,16765.8,226.8,79.14,99,52,87,20758.6,7.3,0.0,32,0
1782928837.272,61.291,249.3,79.14,99,66,90,1526.6,15490.2,247.6,79.15,99,57,85,19256.2,4.9,246.2,79.15,99,58,91,2.4,4.0,250.3,79.14,99,58,87,20306.9,17200.1,0.0,32,0
1782928837.715,61.734,293.5,79.14,100,52,91,5353.5,21975.0,297.1,79.15,100,58,85,6110.3,9.7,294.8,79.15,100,59,92,5.1,17234.7,281.0,79.14,100,49,87,20754.6,5.8,0.0,32,0
1782928838.166,62.185,301.1,79.14,99,47,90,3.8,2874.9,292.1,79.15,99,43,85,19655.5,14255.1,289.4,79.15,99,44,91,2.6,5.6,273.2,79.14,100,45,87,20772.9,17193.4,0.0,32,0
1782928838.609,62.628,299.2,79.14,100,39,91,9005.6,5.0,284.4,79.15,99,41,84,2.0,13265.2,283.4,79.15,99,43,91,20705.0,6.7,266.6,79.14,100,44,86,5.2,12.8,0.0,32,0
1782928839.061,63.080,295.6,79.14,99,46,91,2.4,4.2,279.9,79.15,99,46,84,20223.3,17106.5,277.7,79.15,99,46,90,4.3,4.7,267.2,79.14,100,49,87,3.5,17251.7,0.0,32,0
1782928839.505,63.524,300.0,79.14,100,52,91,1.9,17112.2,289.9,79.15,100,58,85,20705.2,5.3,286.9,79.15,99,59,92,3.7,4.9,273.7,79.14,100,48,87,16724.8,15411.2,0.0,32,0
1782928839.948,63.967,301.9,79.14,100,50,90,5.1,17112.4,292.9,79.15,100,49,84,20707.7,5.0,289.9,79.15,99,49,90,2.7,4.5,276.4,79.14,100,47,86,12964.5,15231.8,0.0,32,0
1782928840.398,64.417,300.6,79.14,100,53,91,1.9,12564.0,292.9,79.15,100,49,84,19127.3,4979.5,291.4,79.15,99,60,92,2.7,4.6,276.4,79.14,100,47,86,2426.4,15790.1,0.0,32,0
1782928840.841,64.860,299.3,79.14,100,47,91,1.9,15925.5,294.1,79.15,100,58,85,18583.6,2122.8,291.4,79.15,99,60,92,2.6,11.4,279.3,79.14,100,57,88,12766.5,15469.1,0.0,32,0
1782928841.289,65.308,299.3,79.14,100,47,91,2.8,17109.1,291.4,79.15,99,48,84,20706.1,5.1,289.1,79.15,99,49,91,2.3,4.9,277.0,79.14,100,48,87,20582.3,15714.3,0.0,32,0
1782928841.734,65.753,300.9,79.14,100,54,91,19205.8,4654.7,292.6,79.15,100,51,85,11.1,6804.1,288.7,79.15,100,52,91,19250.4,10338.9,273.4,79.14,100,49,87,2.1,6.0,0.0,32,0
1782928842.187,66.206,300.5,79.14,100,46,91,7166.8,16050.2,291.3,79.15,99,44,85,13812.5,5.9,288.2,79.15,99,45,91,2.6,17299.7,272.1,79.14,100,40,87,24166.3,17181.7,4.0,0,5
1782928842.631,66.650,297.8,79.14,100,44,91,2.7,12155.9,274.3,79.15,100,13,84,18819.7,5684.6,273.6,79.15,100,13,90,2.3,7.3,262.4,79.14,99,65,88,11.6,17286.5,4.0,0,5
1782928843.079,67.098,290.2,79.14,100,52,91,4.2,4.3,282.8,79.15,100,68,86,3.6,5167.2,280.2,79.15,100,69,92,19138.5,12424.0,272.9,79.14,100,66,88,4.0,4.7,4.0,0,5
1782928843.518,67.537,290.5,79.14,100,50,90,18881.6,12925.0,298.1,79.15,100,50,84,1.9,4.7,295.6,79.15,100,50,90,1078.4,16774.9,285.1,79.14,100,50,87,20745.1,4.7,4.0,0,5
1782928843.957,67.977,301.4,79.14,100,48,91,20134.5,17109.7,294.7,79.15,100,46,85,2.1,5.5,295.0,79.15,100,47,91,10541.1,16091.7,280.3,79.14,100,46,87,9894.3,5.8,4.0,0,5
1782928844.397,68.416,298.9,79.14,100,46,90,2.6,9423.4,294.7,79.15,100,46,85,19655.6,7780.0,287.2,79.15,100,45,91,2.1,5.5,280.3,79.14,100,46,87,20768.5,17193.8,4.0,0,5
1782928844.837,68.856,297.7,79.14,100,39,92,4312.5,5.1,291.6,79.15,100,43,85,2.8,17126.3,287.2,79.15,100,45,91,20750.6,5.6,270.9,79.14,99,44,88,3.5,9.6,4.0,0,5
1782928845.278,69.297,297.7,79.14,100,39,92,4.8,4.8,283.7,79.15,100,46,86,20184.2,15665.3,280.1,79.15,100,46,92,605.3,4.8,266.6,79.14,99,46,88,3.7,10036.5,4.0,0,5
1782928845.718,69.737,300.8,79.14,100,55,91,8.6,6167.8,287.5,79.15,100,48,86,18988.2,11404.5,283.4,79.15,100,50,91,9.5,4.8,273.3,79.14,100,45,88,3111.1,15665.7,4.0,0,5
1782928846.160,70.179,299.4,79.14,100,47,91,2.2,1661.5,290.6,79.15,100,50,85,19272.0,15841.6,286.5,79.15,100,51,90,1.9,6.4,276.2,79.14,100,48,86,1.7,17287.1,4.0,0,5
1782928846.601,70.620,300.6,79.14,100,55,92,2.3,3.7,292.3,79.15,100,51,86,20218.7,17108.8,288.3,79.15,100,52,91,4.4,4.8,275.4,79.14,100,53,88,4.2,17273.6,4.0,0,5
1782928847.046,71.065,300.3,79.14,100,49,91,1.9,4.8,290.9,79.15,99,40,85,2.8,1023.7,282.1,79.15,99,40,89,18299.8,16630.5,269.7,79.14,100,26,86,2.8,4.8,4.0,0,5
1782928847.487,71.506,293.1,79.14,100,42,91,5289.1,4.5,283.8,79.15,100,47,86,1.9,6850.5,261.8,79.15,100,50,91,19236.4,10301.1,268.1,79.14,100,49,88,3.5,5.0,4.0,0,5
1782928847.928,71.947,293.3,79.14,100,46,91,2.1,8.4,283.5,79.15,100,46,86,20347.7,16040.7,263.5,79.15,100,47,91,4.1,5.8,268.1,79.14,100,49,88,18546.5,15533.6,4.0,0,5
1782928848.374,72.393,298.7,79.14,100,46,91,20706.8,4.7,283.5,79.15,100,46,86,3.8,114.1,263.5,79.15,100,47,91,19708.5,17209.9,267.8,79.14,100,45,88,3.8,5.9,7.0,1,23
1782928848.819,72.838,276.6,79.14,99,13,92,18786.9,4431.1,284.1,79.15,100,38,85,2.7,4.5,280.1,79.15,100,38,90,1831.7,16298.3,265.9,79.14,100,39,88,18992.2,7.0,7.0,1,23
1782928849.265,73.284,276.6,79.14,99,13,92,1.8,11833.4,276.1,79.15,100,60,86,18419.7,6364.7,272.1,79.15,100,60,91,1.9,4.5,261.9,79.14,100,65,88,1070.0,16806.7,7.0,1,23
1782928849.708,73.727,279.0,79.14,100,53,91,5.2,7.2,284.9,79.15,100,59,86,529.1,16814.1,280.8,79.15,100,60,91,19880.1,6.5,272.0,79.14,100,58,88,2.0,5.5,7.0,1,23
1782928850.152,74.171,302.6,79.14,100,51,90,1.9,4.5,298.1,79.15,100,50,86,506.6,17078.3,291.6,79.15,100,51,91,20745.5,6.2,282.4,79.14,99,46,88,2.9,10914.2,7.0,1,23
1782928850.595,74.614,300.9,79.14,100,54,92,20708.0,17109.3,293.4,79.15,99,43,86,2.2,5.9,288.7,79.15,100,44,91,19491.4,15773.3,273.9,79.14,100,46,87,4.2,11.0,7.0,1,23
1782928851.041,75.061,298.1,79.14,100,39,92,2.4,17113.2,286.7,79.15,99,45,87,20702.7,5.3,281.5,79.15,99,46,92,2.9,3407.4,269.7,79.14,100,45,88,19343.7,13485.8,7.0,1,23
1782928851.482,75.501,295.2,79.14,100,45,91,19334.8,10445.6,284.9,79.15,100,47,85,3.6,4.8,279.9,79.15,100,48,90,1082.2,16489.0,270.8,79.14,100,48,87,19685.9,4.9,7.0,1,23
1782928851.923,75.942,299.9,79.14,100,52,92,17054.2,14580.6,291.3,79.15,100,57,87,3.2,7.2,286.0,79.15,100,58,91,1109.9,12480.7,270.8,79.14,100,48,87,16783.4,6476.3,7.0,1,23
1782928852.368,76.387,286.0,79.14,100,45,91,2.8,6978.7,291.3,79.15,100,57,87,18479.7,10963.1,286.0,79.15,100,58,91,2.5,4.6,273.1,79.14,100,49,88,86.8,16812.4,7.0,1,23
1782928852.810,76.829,280.0,79.14,100,49,90,6.0,4.4,286.7,79.15,99,54,87,20730.8,17111.2,281.5,79.15,100,55,91,8.2,4.8,269.9,79.14,100,54,89,1.9,7306.0,7.0,1,23
1782928853.253,77.272,280.0,79.14,100,49,90,1.9,4.5,287.2,79.15,100,49,86,11782.4,15821.0,282.4,79.15,100,50,91,9020.6,4.9,272.7,79.14,99,49,88,1.9,2922.1,7.0,1,23
1782928853.695,77.714,291.1,79.14,100,52,92,1.9,9.7,296.2,79.15,100,54,87,3535.9,16239.6,291.1,79.15,100,55,91,14824.3,7.4,281.1,79.14,100,58,89,2.4,14.7,7.0,1,23
1782928854.139,78.158,298.6,79.14,100,48,91,1.9,4.7,293.7,79.15,100,47,86,15548.6,15772.8,288.5,79.15,100,48,90,5191.4,5.6,276.9,79.14,100,45,87,490.2,17185.9,7.0,1,23
1782928854.580,78.599,299.2,79.14,100,51,92,19371.3,11290.6,288.6,79.15,100,46,85,3.7,5.4,284.9,79.15,100,47,90,17078.8,15659.0,272.6,79.14,100,46,87,4041.4,6.1,7.0,1,23
1782928855.022,79.041,297.1,79.14,100,45,91,20705.8,4.5,285.5,79.15,98,32,85,1.9,4.6,280.2,79.15,98,32,89,16290.8,15698.5,261.0,79.14,99,18,87,4841.1,4.6,9.0,5,19
1782928855.463,79.482,293.1,79.14,100,51,91,1065.7,16154.9,285.2,79.15,100,52,86,19924.8,4.2,280.0,79.15,100,52,90,3.6,4.3,269.6,79.14,100,49,87,5504.4,15517.7,9.0,5,19
1782928855.906,79.925,296.1,79.14,100,57,91,1.8,4.3,285.2,79.15,100,52,86,15231.9,15920.2,289.4,79.15,99,50,91,3508.7,4.4,269.6,79.14,100,49,87,1.8,13.0,9.0,5,19
1782928856.349,80.368,299.9,79.14,100,60,92,1.9,4.5,294.3,79.15,99,49,87,494.8,17129.0,289.4,79.15,99,50,91,20748.7,4.7,281.2,79.14,100,48,88,1.9,4.6,9.0,5,19
1782928856.789,80.809,299.9,79.14,100,60,92,5.4,6223.2,298.9,79.15,100,51,87,17278.4,12853.6,293.8,79.15,100,53,91,2.6,6.0,280.6,79.14,100,54,89,9772.9,14980.7,9.0,5,19
1782928857.235,81.254,297.2,79.14,100,45,91,18954.3,11409.7,290.7,79.15,99,40,87,2.2,5.8,284.6,79.15,99,41,91,20767.5,17191.8,268.2,79.14,100,38,88,2.1,7.9,9.0,5,19
1782928857.677,81.696,277.2,79.14,100,44,91,3.0,5.1,280.3,79.15,100,43,87,20709.4,17107.9,275.3,79.15,100,44,91,8.2,9.7,261.9,79.14,100,46,89,6.0,17252.8,9.0,5,19
1782928858.123,82.142,276.0,79.14,100,45,91,2.0,3792.8,281.6,79.15,100,47,87,19536.6,13393.3,275.8,79.15,100,48,91,5.2,4.7,270.6,79.14,100,48,88,1.7,17263.7,9.0,5,19
1782928858.565,82.584,294.7,79.14,100,46,91,1.8,3.9,289.0,79.15,100,46,86,20225.6,17109.8,281.9,79.15,100,46,89,2.3,4.6,274.8,79.14,100,49,88,1.9,17269.5,9.0,5,19
1782928859.008,83.027,301.9,79.14,100,55,91,2.7,4.4,294.7,79.15,100,48,87,18219.0,15214.6,287.4,79.15,100,49,91,3489.3,4.8,277.9,79.14,100,48,88,1.8,3470.8,9.0,5,19
1782928859.453,83.472,300.6,79.14,100,49,92,1.8,4.5,297.4,79.15,100,56,87,1003.7,16310.9,290.3,79.15,100,57,91,19545.1,4.6,280.5,79.14,100,48,89,2.8,4.4,9.0,5,19
1782928859.894,83.913,298.9,79.14,100,49,91,3.5,4.5,297.4,79.15,100,56,87,4.5,17159.3,288.2,79.15,100,48,90,20755.9,5.0,280.5,79.14,100,48,89,2.6,4.9,9.0,5,19
1782928860.341,84.360,301.1,79.14,100,54,92,1.9,4.8,294.7,79.15,100,47,87,491.4,17140.2,288.2,79.15,100,48,90,20746.0,5.6,277.8,79.14,100,47,88,2.3,4.3,9.0,5,19
1782928860.782,84.801,301.1,79.14,100,54,92,1445.3,16015.8,294.1,79.15,100,50,87,18263.8,6.2,286.8,79.15,100,50,91,2.6,17223.7,277.3,79.14,100,48,89,20754.9,5.9,9.0,5,19
1782928861.229,85.248,299.6,79.14,100,44,92,20734.3,19226.3,291.0,79.15,100,41,87,21078.1,18784.2,283.8,79.15,100,42,91,20414.3,15722.7,271.3,79.14,99,45,87,11111.2,4.5,12.0,9,15
1782928861.670,85.689,298.2,79.14,98,44,91,13496.0,15268.0,281.9,79.15,99,55,87,8360.5,9.7,274.8,79.15,99,56,91,9.0,8.9,266.5,79.14,100,56,89,16472.8,15175.6,12.0,9,15
1782928862.113,86.132,291.5,79.14,100,51,92,2.7,4.3,289.7,79.15,100,65,88,14303.6,15545.6,282.9,79.15,100,65,91,6940.7,5.1,275.8,79.14,100,61,89,1.8,489.9,12.0,9,15
1782928862.555,86.574,291.8,79.14,100,50,92,1.9,4.6,300.5,79.15,100,57,88,1.9,12623.3,293.5,79.15,100,57,91,18864.0,4755.5,284.1,79.14,100,55,89,2.7,5.1,12.0,9,15
1782928862.995,87.014,300.2,79.14,100,46,91,4.4,5.5,295.1,79.15,100,45,87,20715.9,17109.5,288.0,79.15,100,46,90,3.0,5.4,278.5,79.14,100,43,88,6636.1,15968.1,12.0,9,15
1782928863.439,87.458,299.0,79.14,100,45,92,20210.1,5.6,292.4,79.15,100,43,88,2.2,14359.5,286.5,79.15,100,44,91,18934.1,2850.9,273.0,79.14,100,42,88,2.2,4314.1,12.0,9,15
1782928863.881,87.900,296.7,79.14,99,43,92,1.8,17107.5,292.4,79.15,100,43,88,20427.5,6.2,286.5,79.15,100,44,91,6.5,9232.8,273.0,79.14,100,42,88,19186.6,7876.8,12.0,9,15
1782928864.325,88.344,300.7,79.14,100,49,91,20709.8,17110.6,287.5,79.15,100,47,88,2.0,5.0,278.7,79.15,100,47,91,3.7,17229.4,266.7,79.14,100,45,87,20746.8,5.6,12.0,9,15
1782928864.766,88.785,300.7,79.14,100,49,91,20711.4,17116.5,290.1,79.15,100,44,88,2.6,4.6,282.1,79.15,100,44,90,1.9,15624.5,274.8,79.14,100,59,89,18435.3,1973.0,12.0,9,15
1782928865.209,89.228,300.5,79.14,100,47,90,9124.7,15519.9,293.0,79.15,100,48,87,12499.4,4.8,285.6,79.15,100,49,90,2.5,509.2,278.0,79.14,99,48,87,19706.3,17216.1,12.0,9,15
1782928865.650,89.669,301.0,79.14,99,53,91,1.9,17112.4,296.1,79.15,100,48,88,20706.6,7.2,288.0,79.15,100,49,91,5.4,10.1,279.3,79.14,100,50,89,20790.7,17198.6,12.0,9,15
1782928866.097,90.116,300.7,79.14,100,49,92,10.6,17111.7,297.9,79.15,100,51,88,20707.4,5.1,289.7,79.15,100,52,90,2.6,4.8,279.8,79.14,100,48,88,14068.8,15863.5,12.0,9,15
1782928866.538,90.557,299.1,79.14,100,48,91,1.9,12235.6,296.5,79.15,100,49,88,19000.7,5339.6,288.1,79.15,100,49,90,3.6,4.8,278.3,79.14,100,46,88,11649.9,15992.1,12.0,9,15
1782928866.980,90.999,299.3,79.14,100,46,92,19391.5,12922.0,293.1,79.15,100,46,87,3.8,5.6,286.0,79.15,100,47,90,17560.4,19718.6,277.3,79.14,100,47,87,10.7,5.7,12.0,9,15
1782928867.428,91.447,296.8,79.14,99,45,92,2.1,10253.8,290.5,79.15,100,46,87,27663.6,17491.5,281.2,79.15,100,47,89,20746.6,17199.2,277.3,79.14,100,47,87,20743.9,17199.5,15.0,13,11
1782928867.870,91.889,294.7,79.14,100,64,92,2.6,3.8,290.5,79.15,100,46,87,1.7,1199.4,281.2,79.15,100,47,89,18926.5,16241.4,266.3,79.14,98,18,87,1.8,4.3,15.0,13,11
1782928868.311,92.330,296.1,79.14,100,66,91,18808.4,16241.7,288.1,79.15,100,52,88,1917.5,4.6,278.8,79.15,100,53,90,2.3,1024.1,270.7,79.14,100,52,88,19422.2,16705.1,15.0,13,11
1782928868.752,92.771,296.1,79.14,100,66,91,8.2,4353.3,292.8,79.15,100,56,88,19157.1,13268.5,285.5,79.15,100,58,91,1.9,4.7,276.8,79.14,100,59,89,1.8,17269.9,15.0,13,11
1782928869.193,93.212,302.1,79.14,100,50,92,3.7,17112.2,298.7,79.15,100,53,88,20705.1,5.7,291.3,79.15,100,54,91,2.5,8448.5,280.7,79.14,100,46,88,19445.2,8644.3,15.0,13,11
1782928869.635,93.654,298.4,79.14,100,46,92,2.2,5.6,293.1,79.15,99,45,88,13092.9,15748.9,285.2,79.15,99,45,91,7798.9,9.5,271.0,79.14,99,44,87,1372.4,19609.5,15.0,13,11
1782928870.082,94.101,298.3,79.14,100,42,92,19306.3,2311.3,288.8,79.15,100,43,88,2.8,4.9,279.4,79.15,100,44,90,19866.8,15994.9,269.4,79.14,100,46,88,846.4,5.9,15.0,13,11
1782928870.523,94.542,296.0,79.14,100,46,91,4124.1,4.6,287.9,79.15,100,48,87,1.9,6801.2,278.3,79.15,100,49,89,19171.5,10195.1,270.2,79.14,100,46,88,2.6,5.2,15.0,13,11
1782928870.964,94.983,301.3,79.14,100,46,92,1.9,7.3,295.6,79.15,100,48,88,489.9,17138.3,285.9,79.15,100,49,90,20750.4,4.6,276.6,79.14,100,56,89,2.0,4.6,15.0,13,11
1782928871.406,95.426,302.3,79.14,100,48,91,4.2,4.6,295.6,79.15,100,48,88,3.0,14453.0,287.2,79.15,100,48,89,18696.0,3102.0,276.6,79.14,100,56,89,2.7,5.0,15.0,13,11
1782928871.848,95.867,300.3,79.14,100,55,92,2.0,4.6,296.4,79.15,100,48,87,1.8,8641.5,287.2,79.15,100,48,89,19026.3,8841.8,278.5,79.14,100,47,87,7.3,5.0,15.0,13,11
1782928872.292,96.311,300.3,79.14,100,55,92,4.4,4.6,297.1,79.15,100,55,88,3.5,17144.5,287.8,79.15,100,55,91,20751.1,4.7,279.0,79.14,100,49,88,4.4,4.6,15.0,13,11
1782928872.733,96.752,299.3,79.14,100,47,91,6.4,7.6,295.6,79.15,100,48,88,20724.5,16963.0,285.8,79.15,100,48,90,3.8,5.7,276.5,79.14,100,46,88,1.9,17251.5,15.0,13,11
1782928873.184,97.203,299.7,79.14,100,49,92,21467.0,12739.5,293.3,79.15,99,46,87,3.9,5.6,283.1,79.15,99,46,89,20760.9,17195.1,272.8,79.14,100,46,88,4.0,6.0,15.0,13,11
1782928873.629,97.648,298.6,79.14,100,41,91,2.0,22933.4,290.3,79.15,100,42,87,24134.9,17217.5,279.4,79.15,100,42,89,23979.4,17059.6,269.6,79.14,100,44,88,24180.4,17203.2,18.0,17,7
1782928874.078,98.097,293.7,79.14,98,28,92,1.8,4.1,281.3,79.15,99,58,88,513.3,17125.3,270.8,79.15,100,58,90,20754.5,4.3,264.3,79.14,100,53,89,2.3,4.4,18.0,17,7
1782928874.519,98.538,291.2,79.14,100,53,91,18671.1,5063.6,288.1,79.15,100,49,87,1.8,4.5,279.0,79.15,100,49,89,1080.8,16755.6,271.6,79.14,100,48,87,20751.5,4.5,18.0,17,7
1782928874.960,98.979,294.4,79.14,100,51,91,3042.0,15593.9,300.4,79.15,100,49,87,18339.0,4.5,296.0,79.15,100,49,89,2.0,4.2,284.2,79.14,100,48,87,20799.8,17207.1,18.0,17,7
1782928875.400,99.419,299.7,79.14,100,52,92,18057.4,15763.1,300.4,79.15,100,49,87,3464.5,5.8,289.8,79.15,99,45,90,1075.9,16729.3,284.2,79.14,100,48,87,19731.1,5.5,18.0,17,7
1782928875.841,99.860,297.3,79.14,99,41,92,2.5,4.7,298.4,79.15,99,44,88,19946.6,17104.0,289.8,79.15,99,45,90,5.0,6.2,278.2,79.14,100,46,87,20770.7,17195.5,18.0,17,7
1782928876.286,100.305,297.3,79.14,99,41,92,19298.9,5.0,290.9,79.15,100,46,87,3.4,1619.5,280.5,79.15,100,47,89,19371.9,15523.1,270.8,79.14,100,44,87,2.8,5.6,18.0,17,7
1782928876.727,100.746,296.0,79.14,100,46,91,6.1,9.7,288.9,79.15,100,44,87,8.8,17139.9,277.3,79.15,100,45,89,20749.6,5.0,270.2,79.14,100,48,88,3.0,4.4,18.0,17,7
1782928877.170,101.189,299.1,79.14,100,49,92,2.8,4.5,294.1,79.15,100,47,88,1257.0,17422.5,282.2,79.15,100,47,90,13011.1,5.6,274.0,79.14,100,51,88,1.9,532.4,18.0,17,7
1782928877.618,101.637,303.2,79.14,100,50,91,1.8,4.6,297.6,79.15,99,48,88,1.8,17155.5,286.0,79.15,99,49,90,20753.7,8.4,277.9,79.14,100,47,88,11.4,6.9,18.0,17,7
1782928878.064,102.083,301.7,79.14,100,52,92,1.8,4.5,298.1,79.15,100,56,88,1.8,13090.2,287.1,79.15,100,57,90,18717.8,4542.2,280.1,79.14,100,58,89,3.3,5.0,18.0,17,7
1782928878.504,102.523,299.5,79.14,100,47,91,4.0,4.6,296.5,79.15,100,47,88,4.3,12019.2,285.7,79.15,100,49,90,18356.8,5640.1,277.6,79.14,100,49,88,4.3,4.8,18.0,17,7
1782928878.947,102.966,297.6,79.14,100,53,90,20709.0,17113.0,294.5,79.15,99,49,88,3.2,4.9,284.2,79.15,100,51,90,3.8,11094.0,273.3,79.14,100,42,88,17993.9,7324.4,18.0,17,7
1782928879.394,103.413,276.7,79.14,100,44,91,20709.1,5.9,294.5,79.15,99,49,88,4.7,2389.2,284.2,79.15,100,51,90,19802.6,14338.6,273.3,79.14,100,42,88,4.7,6.0,18.0,17,7
1782928879.836,103.855,274.6,79.14,100,44,92,2.0,17115.6,285.1,79.15,99,44,87,20703.6,5.7,274.3,79.15,100,46,90,3.8,10404.2,265.8,79.14,100,46,87,23794.4,19487.6,21.0,21,3
1782928880.280,104.299,274.6,79.14,100,44,92,2.7,3.3,284.6,79.15,100,46,87,19812.1,8915.2,273.9,79.15,100,46,90,1.8,4.2,259.1,79.14,98,13,87,14271.2,13865.6,21.0,21,3
1782928880.721,104.740,292.0,79.14,100,59,92,8.6,7.1,290.1,79.15,100,54,88,15554.7,12839.0,279.5,79.15,99,55,90,5.6,4.3,269.3,79.14,100,55,87,3997.6,18399.8,21.0,21,3
1782928881.166,105.185,296.1,79.14,100,48,91,1.9,6722.2,293.3,79.15,100,55,88,21933.9,6.6,284.1,79.15,100,56,90,2.1,12932.8,283.8,79.14,100,43,88,14905.4,11.2,21.0,21,3
1782928881.609,105.628,300.3,79.14,99,44,91,4.3,18797.0,296.3,79.15,99,46,88,7358.3,5.9,286.7,79.15,99,46,90,15571.1,12901.7,277.1,79.14,100,48,87,7.9,12922.1,21.0,21,3
1782928882.054,106.073,297.8,79.14,99,41,91,9315.3,17995.1,290.4,79.15,100,44,88,2.2,4.6,281.1,79.15,99,43,90,9552.8,17913.1,268.0,79.14,100,50,89,2.2,5.5,21.0,21,3
1782928882.495,106.514,298.4,79.14,100,53,92,15529.3,4.6,288.0,79.15,99,42,87,3.5,12925.0,278.4,79.15,99,41,89,13919.8,4.8,272.7,79.14,100,53,88,4.2,15728.4,21.0,21,3
1782928882.937,106.956,301.6,79.14,100,55,92,4.9,4.6,294.6,79.15,100,44,88,15554.0,12833.1,283.6,79.15,100,45,90,3.2,4.6,277.4,79.14,100,54,87,15597.2,12798.1,21.0,21,3
1782928883.380,107.399,301.0,79.14,100,55,91,1.8,12839.7,294.6,79.15,100,44,88,15529.3,4.7,283.6,79.15,100,45,90,3.7,12951.5,277.4,79.14,100,54,87,15562.7,4.7,21.0,21,3
1782928883.822,107.841,299.6,79.14,100,55,91,15532.6,12833.6,295.7,79.15,99,41,88,1.9,4.6,287.9,79.15,99,41,90,15590.9,12895.9,277.9,79.14,100,53,88,2.0,7.3,21.0,21,3
1782928884.264,108.283,299.6,79.14,100,55,91,2.1,7694.6,296.9,79.15,99,44,88,20853.9,6.5,286.2,79.15,99,45,90,2.0,13394.9,277.4,79.14,100,51,88,13729.6,5.8,21.0,21,3
1782928884.704,108.723,300.1,79.14,100,51,92,6431.3,6394.8,291.4,79.15,99,51,87,5748.3,5619.8,282.8,79.15,100,52,89,7004.6,6198.7,274.0,79.14,99,36,88,6561.2,6377.1,23.0,29,0
1782928885.150,109.169,299.4,79.14,100,54,91,5358.0,4971.5,289.6,79.15,100,58,87,5410.3,5917.2,279.0,79.15,100,59,89,5628.6,6937.4,271.8,79.14,100,58,87,5542.6,6713.8,23.0,29,0
1782928885.591,109.610,302.0,79.14,100,59,91,5932.7,4286.5,295.2,79.15,100,60,87,5946.6,5415.4,284.5,79.15,100,61,89,6338.5,6608.9,277.3,79.14,100,60,87,6389.7,7154.4,23.0,29,0
1782928886.034,110.053,303.7,79.14,100,60,91,5851.2,4195.0,301.4,79.15,100,60,87,5918.8,6053.4,291.1,79.15,100,61,89,5633.2,7509.5,282.1,79.14,100,61,87,5646.6,7411.8,23.0,32,0
1782928886.475,110.494,301.9,79.14,100,61,91,5189.7,4888.4,302.6,79.15,100,61,87,5280.0,5788.1,292.8,79.15,100,61,89,5653.2,7103.2,282.9,79.14,100,61,87,5574.0,7577.6,23.0,32,0
1782928886.918,110.937,300.3,79.14,100,61,91,5768.9,4352.7,301.8,79.15,100,61,87,6044.9,4936.0,293.5,79.15,100,62,89,6279.9,6840.5,282.9,79.14,100,61,87,6376.2,6486.3,23.0,32,0
1782928887.361,111.380,300.0,79.14,100,61,91,5818.4,4394.7,301.8,79.15,100,61,87,5336.8,5803.0,293.5,79.15,100,62,89,5543.7,7313.3,282.9,79.14,100,60,87,5624.8,7641.0,23.0,32,0
1782928887.806,111.825,299.7,79.14,100,60,91,5113.0,5020.6,300.0,79.15,100,59,87,5579.1,5603.5,292.6,79.15,100,60,89,6247.6,6679.5,282.3,79.14,100,60,87,6279.2,6769.0,24.0,32,0
1782928888.249,112.268,299.7,79.14,100,60,91,5875.4,4312.0,299.5,79.15,100,60,87,6119.2,5446.1,291.7,79.15,100,61,89,6317.4,7240.2,281.5,79.14,100,60,87,5629.5,7322.7,24.0,32,0
1782928888.691,112.711,299.8,79.14,100,61,91,5087.3,5000.9,299.8,79.15,100,60,87,5690.2,6405.1,291.4,79.15,100,61,89,5859.6,6885.5,281.5,79.14,100,60,87,6294.9,6622.8,24.0,32,0
1782928889.142,113.161,300.1,79.14,100,61,91,5776.4,4205.3,300.3,79.15,100,60,87,6058.6,5357.4,292.2,79.15,100,61,89,6360.2,6567.0,282.1,79.14,100,60,87,6413.2,7010.7,24.0,32,0
1782928889.585,113.604,300.1,79.14,100,61,91,5127.4,4820.5,300.2,79.15,100,60,87,5331.7,6041.6,292.6,79.15,100,61,89,5611.2,7555.4,282.2,79.14,100,60,87,5650.4,7532.3,24.0,32,0
1782928890.027,114.046,300.1,79.14,100,60,91,5143.2,4542.5,299.5,79.15,100,60,87,6057.1,5453.1,291.9,79.15,100,61,89,6222.4,6943.7,281.8,79.14,100,61,87,6347.6,6654.5,24.0,32,0
1782928890.470,114.489,300.1,79.14,100,61,91,5849.8,4229.2,300.2,79.15,100,60,87,6008.2,5326.1,292.6,79.15,100,61,89,6319.0,6880.3,282.3,79.14,100,60,87,5878.0,7550.6,24.0,32,0
1782928890.914,114.933,300.2,79.14,100,61,91,5110.4,4926.4,300.7,79.15,100,60,87,5243.3,5760.9,293.2,79.15,100,61,89,5656.2,7514.0,282.3,79.14,100,60,87,5592.0,7390.6,24.0,32,0
1782928891.357,115.376,300.1,79.14,100,61,91,5108.2,4912.2,300.7,79.15,100,60,87,5234.1,6052.0,293.2,79.15,100,61,89,6612.1,7261.6,283.5,79.14,100,60,87,6285.5,6665.4,24.0,32,0
1782928891.804,115.824,300.0,79.14,100,61,91,5870.7,4316.1,300.0,79.15,100,60,87,6114.3,5291.8,293.3,79.15,100,61,89,6404.6,6810.4,283.7,79.14,100,60,87,5859.7,7521.9,24.0,32,0
1782928892.247,116.267,300.0,79.14,100,61,91,5115.7,4821.2,299.6,79.15,100,61,87,5333.3,5998.3,293.3,79.15,100,62,89,5468.1,7230.0,283.2,79.14,100,61,87,5505.5,7480.6,24.0,32,0
1782928892.688,116.707,299.8,79.14,100,61,91,5067.3,5434.0,299.8,79.15,100,61,87,6309.5,5510.5,292.8,79.15,100,62,90,6278.7,6626.2,282.9,79.14,100,60,87,6427.0,6839.3,24.0,32,0
1782928893.134,117.153,299.9,79.14,100,60,91,5935.5,4272.6,299.6,79.15,100,59,87,6211.2,6014.2,292.7,79.15,100,61,90,5525.9,7239.5,282.3,79.14,100,60,87,5499.7,7543.3,24.0,32,0
1782928893.575,117.594,299.9,79.14,100,60,91,5157.3,4820.6,299.7,79.15,100,60,87,5409.9,6208.0,292.6,79.15,100,61,89,5476.5,7661.0,281.8,79.14,100,60,87,5578.2,7597.9,24.0,32,0
1782928894.016,118.035,300.1,79.14,100,61,91,5701.0,4341.7,299.9,79.15,100,60,87,6156.9,5529.6,292.8,79.15,100,61,90,6308.0,6514.0,282.4,79.14,100,60,87,6324.1,6698.6,25.0,32,0
1782928894.457,118.476,300.1,79.14,100,61,91,5823.0,4204.3,300.4,79.15,100,60,87,6035.9,5284.6,293.1,79.15,100,61,89,6378.8,6606.9,282.9,79.14,100,61,87,6397.7,7038.3,25.0,32,0
1782928894.900,118.919,300.0,79.14,100,61,91,5166.5,4974.6,300.4,79.15,100,60,87,5244.5,5960.3,293.4,79.15,100,61,90,5666.0,7434.2,282.9,79.14,100,61,87,5590.9,7472.1,25.0,32,0
1782928895.343,119.362,300.0,79.14,100,61,91,5046.5,4954.8,300.2,79.15,100,60,87,5244.5,5932.7,293.4,79.15,100,61,90,6033.1,6822.8,282.9,79.14,100,60,87,6314.9,6815.6,25.0,32,0
1782928895.784,119.803,300.0,79.14,100,61,91,5766.1,4286.7,300.2,79.15,100,60,87,5958.7,5326.6,293.5,79.15,100,61,90,6207.2,6583.7,283.0,79.14,100,60,87,6270.6,6530.0,25.0,32,0
1782928896.227,120.246,299.9,79.14,100,61,91,5945.7,4530.3,299.9,79.15,100,60,87,5471.3,5941.7,293.2,79.15,100,61,89,5581.8,7276.7,282.9,79.14,100,60,87,5541.1,7209.3,25.0,32,0
1782928896.668,120.687,299.9,79.14,100,61,91,5189.6,5024.9,299.9,79.15,100,60,87,5644.9,6045.6,293.3,79.15,100,61,89,7135.8,6586.1,283.0,79.14,100,60,87,6256.8,6858.5,25.0,32,0
1782928897.117,121.136,299.9,79.14,100,60,91,5943.3,4340.7,299.7,79.15,100,60,87,6031.8,5483.8,292.8,79.15,100,61,89,6442.9,7180.2,282.5,79.14,100,61,87,5611.2,7171.9,25.0,32,0
1782928897.560,121.579,299.9,79.14,100,59,91,5027.4,4976.4,299.5,79.15,100,59,87,5402.0,5995.3,292.2,79.15,100,61,89,6124.4,6427.2,281.6,79.14,100,60,87,6350.3,7704.8,25.0,32,0
1782928898.009,122.028,299.8,79.14,100,60,91,5901.8,4136.3,300.0,79.15,100,60,87,6127.3,5560.8,292.1,79.15,100,61,90,6389.2,6848.4,281.8,79.14,100,61,87,5707.0,7488.8,25.0,32,0
1782928898.452,122.471,300.1,79.14,100,61,91,5205.4,4906.6,300.6,79.15,100,60,87,5319.2,5915.6,292.9,79.15,100,61,90,5586.8,7185.4,282.8,79.14,100,59,87,5504.6,7433.5,25.0,32,0
1782928898.895,122.914,300.1,79.14,100,61,91,5848.3,4441.0,300.6,79.15,100,60,87,6116.9,5382.6,292.9,79.15,100,61,90,6345.3,6601.7,282.8,79.14,100,59,87,6376.1,6313.7,25.0,32,0
1782928899.337,123.356,299.8,79.14,100,61,91,5845.0,4841.6,299.9,79.15,100,60,87,5435.1,5967.7,292.6,79.15,100,61,90,5659.3,7310.1,281.9,79.14,100,59,87,5607.6,7415.2,25.0,32,0
1782928899.779,123.798,299.8,79.14,100,61,91,5289.6,5022.4,299.6,79.15,100,59,87,5865.7,5557.3,291.9,79.15,100,60,90,6367.6,6792.7,281.2,79.14,100,60,87,6238.4,6422.7,25.0,32,0
1782928900.222,124.241,299.8,79.14,100,60,91,5923.2,4272.8,299.8,79.15,100,59,87,6226.4,5416.6,292.0,79.15,100,61,90,5976.8,7370.0,281.3,79.14,100,59,87,5553.5,7605.9,25.0,32,0
1782928900.664,124.683,300.1,79.14,100,61,91,5270.8,4971.9,300.3,79.15,100,60,87,5240.3,5999.1,292.1,79.15,100,61,90,5462.1,7229.7,281.6,79.14,100,60,87,6592.4,7666.9,25.0,32,0
1782928901.113,125.132,299.9,79.14,100,60,91,5935.7,4252.7,300.2,79.15,100,60,87,6139.7,5406.6,292.2,79.15,100,61,90,6295.9,7437.3,281.8,79.14,100,59,87,5735.4,7264.3,25.0,32,0
1782928901.554,125.573,299.9,79.14,100,60,91,5143.4,4974.8,299.8,79.15,100,60,87,5361.0,5879.6,292.0,79.15,100,61,90,5889.7,6909.5,281.1,79.14,100,60,87,6236.3,6805.5,25.0,32,0
1782928901.998,126.017,300.0,79.14,100,60,91,5937.8,4347.6,299.7,79.15,100,60,87,6121.4,5432.2,291.7,79.15,100,61,90,6318.8,6454.8,280.9,79.14,100,60,87,6361.3,7431.8,26.0,32,0
1782928902.441,126.460,300.0,79.14,100,60,91,5134.6,4820.4,300.1,79.15,100,60,87,5295.4,6078.0,292.0,79.15,100,61,90,5478.0,7172.6,281.1,79.14,100,60,87,5481.3,7368.2,26.0,32,0
1782928903.352,127.371,300.1,79.14,100,60,91,5864.8,4426.2,300.3,79.15,100,60,87,5993.4,5287.7,292.7,79.15,100,61,90,6316.1,6639.2,281.6,79.14,100,60,87,6322.7,6829.0,26.0,32,0
1782928903.795,127.814,300.1,79.14,100,60,91,5958.4,4138.3,300.0,79.15,100,60,87,5679.9,5934.3,292.4,79.15,100,61,90,5463.3,7099.4,281.6,79.14,100,60,87,5534.6,9192.5,26.0,32,0
1782928904.243,128.262,299.8,79.14,100,60,91,4946.0,4996.2,300.0,79.15,100,60,87,6057.3,5512.3,292.2,79.15,100,61,90,6217.7,6719.7,281.7,79.14,100,60,87,6212.4,6572.0,26.0,32,0
1782928904.686,128.705,300.0,79.14,100,60,91,5933.1,4207.7,300.1,79.15,100,60,87,6389.7,5342.1,292.5,79.15,100,61,90,5769.6,7428.8,282.0,79.14,100,60,87,5626.0,7257.2,26.0,32,0
1782928905.132,129.151,299.8,79.14,100,59,91,5189.5,4968.9,299.9,79.15,100,60,87,5192.9,5978.4,292.2,79.15,100,61,90,5791.8,7050.9,281.7,79.14,100,60,87,6327.3,6903.3,26.0,32,0
1782928905.574,129.593,300.0,79.14,100,60,91,5853.1,4314.9,299.9,79.15,100,60,87,6055.9,5410.6,291.6,79.15,100,62,90,6438.8,6715.1,281.3,79.14,100,60,87,6606.2,7491.2,26.0,32,0
1782928906.018,130.037,300.0,79.14,100,60,91,5110.5,4844.6,300.0,79.15,100,60,87,5441.2,6222.2,292.1,79.15,100,61,90,5605.7,7306.2,281.8,79.14,100,60,87,5583.5,7682.5,26.0,32,0
1782928906.459,130.478,300.3,79.14,100,61,91,5189.3,5047.9,300.2,79.15,100,60,87,5355.1,5798.2,292.9,79.15,100,61,90,6282.4,6544.1,282.1,79.14,100,59,87,6275.4,6380.7,26.0,32,0
1782928906.901,130.920,300.1,79.14,100,61,91,5856.3,4370.7,300.2,79.15,100,60,87,7445.2,5416.8,292.6,79.15,100,60,90,6433.0,7300.5,282.1,79.14,100,59,87,5542.8,7416.9,26.0,32,0
1782928907.348,131.367,300.1,79.14,100,61,91,5124.2,4830.9,300.0,79.15,100,59,86,5406.8,6121.2,292.6,79.15,100,60,90,5453.1,7471.3,281.9,79.14,100,60,87,5457.7,7346.8,26.0,32,0
1782928907.791,131.810,300.1,79.14,100,61,91,5842.3,4275.0,299.8,79.15,100,60,86,5998.6,5475.7,292.5,79.15,100,61,90,6151.1,6720.0,282.1,79.14,100,60,87,6244.3,6728.5,26.0,32,0
1782928908.236,132.255,300.0,79.14,100,61,91,5878.9,4205.0,300.0,79.15,100,60,87,6050.5,5449.4,292.9,79.15,100,61,90,6287.0,7105.1,282.5,79.14,100,61,87,5626.6,7405.2,27.0,32,0
1782928908.678,132.697,299.9,79.14,100,61,91,5193.0,4955.1,300.2,79.15,100,61,86,5616.3,6274.5,292.9,79.15,100,62,90,5456.7,7142.8,282.3,79.14,100,60,87,5426.0,7421.4,27.0,32,0
1782928909.123,133.142,300.0,79.14,100,60,91,5881.8,4438.7,299.9,79.15,100,60,86,6158.3,5473.1,292.6,79.15,100,61,90,6360.4,6411.2,281.8,79.14,100,60,87,6403.4,6929.6,27.0,32,0
1782928909.565,133.584,299.9,79.14,100,60,91,5352.1,4867.9,299.7,79.15,100,59,86,5400.8,6050.3,292.4,79.15,100,61,90,5577.9,7045.9,281.2,79.14,100,59,87,5558.1,8354.9,27.0,32,0
1782928910.011,134.030,299.8,79.14,100,61,91,5443.9,4573.2,299.9,79.15,100,59,86,6049.8,5498.3,292.4,79.15,100,61,90,6350.5,6481.6,281.1,79.14,100,60,87,6243.3,6804.4,27.0,32,0
1782928910.454,134.473,299.8,79.14,100,60,91,5986.4,4215.7,300.2,79.15,100,60,86,6157.7,5957.2,292.5,79.15,100,61,90,5637.4,7249.7,281.4,79.14,100,60,87,5687.0,7412.2,27.0,32,0
1782928910.895,134.914,299.9,79.14,100,60,91,5034.3,5203.8,300.2,79.15,100,60,86,5348.3,6221.6,292.5,79.15,100,61,90,6300.1,6568.6,281.4,79.14,100,60,87,6285.3,6745.3,27.0,32,0
1782928911.337,135.356,299.9,79.14,100,60,91,5954.8,4340.8,299.8,79.15,100,59,86,6131.2,5847.6,292.1,79.15,100,61,90,6382.2,7051.1,280.7,79.14,100,60,87,5744.3,7411.7,27.0,32,0
1782928911.779,135.798,299.9,79.14,100,60,91,5764.6,5026.0,300.0,79.15,100,60,86,5704.9,5581.1,291.6,79.15,100,61,90,6194.6,6657.8,280.2,79.14,100,60,87,6237.1,6761.5,27.0,32,0
1782928912.228,136.247,300.1,79.14,100,60,91,5931.3,4273.0,300.1,79.15,100,60,86,5978.6,5496.9,292.2,79.15,100,62,90,6298.6,6616.9,280.7,79.14,100,60,87,6426.6,7496.2,27.0,32,0
1782928912.668,136.687,300.2,79.14,100,60,91,5208.5,5002.5,300.3,79.15,100,60,86,5936.5,6252.4,292.6,79.15,100,61,90,5549.2,7086.6,281.1,79.14,100,60,87,5457.2,7356.8,27.0,32,0
1782928913.112,137.131,300.0,79.14,100,60,91,5893.9,4463.7,299.9,79.15,100,60,86,6078.7,5677.7,292.4,79.15,100,61,90,6280.2,6741.1,280.9,79.14,100,60,87,6476.5,6611.9,27.0,32,0
1782928913.551,137.570,299.8,79.14,100,60,91,6135.6,4317.1,299.5,79.15,100,60,86,5684.0,6138.0,291.9,79.15,100,61,90,5602.1,7178.3,280.4,79.14,100,60,87,5665.6,7402.4,27.0,32,0
1782928913.994,138.013,299.9,79.14,100,60,91,5048.8,5098.0,299.3,79.15,100,60,86,6017.8,5587.6,291.5,79.15,100,61,90,6289.6,6422.5,280.1,79.14,100,60,87,6431.6,6738.4,27.0,32,0
1782928914.439,138.458,300.1,79.14,100,60,91,5957.3,4255.2,299.6,79.15,100,60,86,5666.3,6030.1,291.8,79.15,100,61,90,5691.9,7469.9,280.2,79.14,100,60,87,5449.9,6951.0,27.0,32,0
1782928914.880,138.899,300.1,79.14,100,60,91,5192.9,4982.5,299.6,79.15,100,60,86,5345.9,6796.5,291.8,79.15,100,61,90,6592.3,6486.1,280.2,79.14,100,60,87,6380.4,6844.8,27.0,32,0
1782928915.327,139.347,300.1,79.14,100,61,91,6019.4,4355.7,300.1,79.15,100,59,86,6237.7,5728.8,292.2,79.15,100,61,90,5780.4,7138.9,280.5,79.14,100,60,87,5582.1,7390.1,27.0,32,0
1782928915.769,139.788,300.1,79.14,100,61,91,5187.4,5143.3,300.4,79.15,100,59,86,5358.3,6297.4,292.5,79.15,100,60,90,6365.2,6447.1,280.8,79.14,100,60,87,6306.1,6393.4,28.0,32,0
1782928916.215,140.234,300.1,79.14,100,60,91,5955.7,4326.0,300.4,79.15,100,59,86,6171.5,5786.6,292.3,79.15,100,60,90,5743.8,7310.8,280.6,79.14,100,59,87,5771.3,7329.7,28.0,32,0
1782928916.660,140.679,299.8,79.14,100,60,91,5041.9,4887.6,299.7,79.15,100,59,86,5284.9,6956.1,291.8,79.15,100,60,90,6240.0,6886.7,280.1,79.14,100,59,87,6425.1,6398.7,28.0,32,0
1782928917.108,141.127,300.0,79.14,100,61,91,5980.4,4897.2,299.6,79.15,100,59,86,5476.6,6266.3,291.9,79.15,100,60,90,5561.3,7164.5,280.2,79.14,100,59,87,5623.5,7698.8,28.0,32,0
1782928917.549,141.568,300.0,79.14,100,60,91,5027.0,5185.6,299.2,79.15,100,59,86,6065.2,5610.8,291.5,79.15,100,60,90,6218.3,6427.6,280.2,79.14,100,59,87,6442.8,6693.3,28.0,32,0
1782928917.993,142.012,300.0,79.14,100,60,91,6021.9,4955.3,299.0,79.15,100,59,86,5378.6,6092.0,291.1,79.15,100,60,90,5623.4,7336.5,279.8,79.14,100,59,87,5581.8,7493.6,28.0,32,0
1782928918.436,142.455,299.9,79.14,100,60,91,5049.3,5024.3,299.1,79.15,100,59,86,5794.8,5671.8,291.1,79.15,100,61,90,6281.9,6521.1,279.8,79.14,100,59,87,6215.3,6306.6,28.0,32,0
1782928918.884,142.903,300.1,79.14,100,60,91,5953.3,4204.3,299.1,79.15,100,59,86,6225.9,6294.8,291.1,79.15,100,61,90,5894.6,7169.5,280.3,79.14,100,60,87,5620.1,7370.2,28.0,32,0
1782928919.326,143.345,300.1,79.14,100,60,91,5110.1,5018.4,299.8,79.15,100,60,86,5309.1,6001.1,291.6,79.15,100,61,90,5696.1,6827.6,281.1,79.14,100,60,87,6224.3,6481.5,28.0,32,0
1782928919.768,143.787,300.1,79.14,100,60,91,5917.0,4438.3,300.4,79.15,100,60,86,6195.7,5652.6,292.3,79.15,100,61,90,6575.4,6586.4,281.5,79.14,100,60,87,6404.6,7226.6,28.0,32,0
1782928920.211,144.230,299.8,79.14,100,59,91,5060.6,4967.0,299.4,79.15,100,60,86,5446.3,6266.3,291.6,79.15,100,61,90,5546.7,7046.7,280.5,79.14,100,60,87,6386.0,6411.1,28.0,32,0
1782928920.654,144.673,299.8,79.14,100,59,91,5784.6,4340.8,299.0,79.15,100,59,86,6185.1,5526.2,291.2,79.15,100,60,90,6440.8,8820.1,279.8,79.14,100,60,87,5523.3,7180.8,28.0,32,0
1782928921.103,145.122,299.9,79.14,100,59,91,5027.5,4972.5,299.0,79.15,100,60,86,5295.4,6160.9,291.5,79.15,100,61,90,6370.5,6524.9,280.1,79.14,100,60,87,6288.9,6858.7,28.0,32,0
1782928921.545,145.564,300.1,79.14,100,60,91,5971.5,4295.1,299.5,79.15,100,60,86,6327.1,5660.2,291.6,79.15,100,61,90,6515.7,7003.2,280.6,79.14,100,60,87,5610.7,7333.9,28.0,32,0
1782928921.987,146.006,300.0,79.14,100,59,91,5114.1,4956.3,299.7,79.15,100,60,86,5414.1,6250.8,291.8,79.15,100,61,90,5483.5,7289.5,280.5,79.14,100,59,87,6474.3,6552.1,29.0,32,0
1782928922.429,146.448,299.9,79.14,100,59,91,5948.3,4379.5,299.2,79.15,100,59,86,6134.6,5693.4,291.1,79.15,100,60,90,6398.3,7015.5,280.5,79.14,100,59,87,5653.8,7328.3,29.0,32,0
1782928922.871,146.890,300.2,79.14,100,60,91,5198.6,5057.4,299.2,79.15,100,59,86,5385.4,6029.3,291.1,79.15,100,60,90,5340.2,7085.9,280.1,79.14,100,60,87,5772.5,6987.4,29.0,32,0
1782928923.314,147.333,300.2,79.14,100,60,91,5854.2,4341.1,299.3,79.15,100,60,86,6027.5,5545.8,291.5,79.15,100,61,90,6299.7,6825.1,280.4,79.14,100,61,87,6390.7,6604.0,29.0,32,0
1782928923.756,147.775,300.2,79.14,100,60,91,5602.2,4958.4,300.3,79.15,100,59,86,5423.0,6120.0,292.2,79.15,100,61,90,5626.6,7253.8,281.4,79.14,100,60,87,5512.0,7268.3,29.0,32,0
1782928924.201,148.220,300.0,79.14,100,61,91,5834.5,4299.1,300.0,79.15,100,59,86,6099.6,5653.2,292.0,79.15,100,60,90,6356.4,6637.0,280.9,79.14,100,59,87,6345.2,6510.1,29.0,32,0
1782928924.646,148.665,299.9,79.14,100,60,91,10355.0,4282.4,299.2,79.15,87,52,86,5178.4,8576.8,290.6,79.15,86,52,90,8915.8,5279.6,273.1,79.14,98,38,86,2685.0,8130.3,29.0,32,0
1782928925.405,149.424,293.6,79.14,98,45,91,5178.3,8561.0,290.4,79.15,98,43,87,10358.0,4286.9,276.9,79.15,99,54,90,5187.8,8609.7,269.7,79.14,98,41,87,10381.5,3392.5,29.0,32,0
1782928925.847,149.866,298.7,79.14,98,45,91,8283.0,5832.9,283.5,79.15,99,53,87,10355.0,8561.4,276.9,79.15,99,54,90,10375.9,8602.3,270.6,79.14,98,48,87,8894.2,11370.6,29.0,32,0
1782928926.298,150.317,298.7,79.14,98,45,91,3.5,4.2,286.6,79.15,98,43,86,498.0,17138.2,279.3,79.15,98,44,90,20747.2,4.3,267.6,79.14,97,31,87,1.8,6.3,29.0,32,0
1782928926.739,150.758,290.1,79.14,99,45,90,20713.8,17111.4,281.8,79.15,100,50,85,9.8,6.6,274.3,79.15,99,50,89,2.6,13637.7,264.5,79.14,99,49,88,17872.1,4066.0,29.0,32,0
1782928927.185,151.204,291.8,79.14,100,52,91,2.0,12001.3,286.8,79.15,100,47,86,18110.8,6550.9,281.9,79.15,100,48,90,2.4,5.0,276.3,79.14,99,49,86,4832.5,15848.2,29.0,32,0
1782928927.629,151.648,303.1,79.14,100,63,91,3.5,10341.5,300.5,79.15,100,47,87,18972.1,7411.1,294.7,79.15,100,49,91,2.6,8.1,284.6,79.14,100,50,87,19719.4,17191.0,29.0,32,0
1782928928.075,152.094,296.4,79.14,100,47,92,7919.1,5.9,294.4,79.15,99,46,86,491.2,17112.9,287.0,79.15,99,46,90,20746.7,5.6,276.2,79.14,100,44,87,2.9,12207.8,29.0,32,0
1782928928.516,152.535,297.9,79.14,100,45,91,19587.7,13943.0,287.1,79.15,100,38,87,1.9,5.3,279.5,79.15,100,38,90,10305.9,16066.2,267.0,79.14,100,43,87,10338.0,5.0,29.0,32,0
1782928928.957,152.976,300.0,79.14,100,46,92,11867.3,7.2,289.0,79.15,100,56,87,1.9,1023.5,281.7,79.15,100,58,91,19024.4,16284.7,271.1,79.14,100,51,87,3.0,4.9,29.0,32,0
1782928929.397,153.416,300.3,79.14,100,46,91,3526.4,4.6,289.0,79.15,100,56,87,3.8,9647.8,281.7,79.15,100,58,91,19224.4,7481.0,271.1,79.14,100,51,87,1.9,4.9,29.0,32,0
1782928929.838,153.857,301.0,79.14,100,57,92,10701.4,4.3,289.0,79.15,100,46,85,4.2,17.8,281.7,79.15,100,48,89,19710.3,17203.3,274.3,79.14,100,47,87,7.3,6.9,29.0,32,0
1782928930.284,154.303,301.0,79.14,100,57,92,16869.6,4.4,295.1,79.15,100,55,87,1.8,4.3,288.0,79.15,100,57,91,20784.1,17199.0,277.1,79.14,100,56,88,2.1,4.6,29.0,32,0
1782928930.726,154.745,300.4,79.14,99,49,92,20710.9,7.5,295.3,79.15,99,48,86,9.2,5.2,287.9,79.15,100,49,90,19710.1,17193.3,278.2,79.14,100,47,88,3.6,4.6,29.0,32,0
1782928931.173,155.192,301.1,79.14,100,53,92,20705.3,4.5,294.6,79.15,99,59,87,1.8,4.8,287.5,79.15,99,60,91,18716.2,15498.0,279.5,79.14,100,54,87,2385.1,4.6,29.0,32,0
1782928931.613,155.632,299.1,79.14,100,48,91,9163.9,5.5,293.4,79.15,100,45,86,2.5,17133.2,286.1,79.15,100,46,90,20748.4,5.9,275.3,79.14,100,45,86,6.2,2240.1,29.0,32,0
1782928932.056,156.075,297.0,79.14,100,43,91,2.0,10.8,285.3,79.15,100,37,85,20270.4,16298.9,278.2,79.15,100,37,89,3.1,5.7,263.5,79.14,100,36,85,1081.5,16816.2,29.0,32,0
1782928932.500,156.519,277.9,79.14,99,46,91,2.7,4.4,272.8,79.15,100,12,86,9579.5,15681.0,266.0,79.15,100,11,89,11327.1,4.6,256.3,79.14,99,57,87,2.3,4.0,4.0,0,27
1782928932.941,156.960,268.3,79.14,100,51,91,20709.0,4.5,282.3,79.15,100,69,87,6.8,4.2,275.8,79.15,100,70,91,1097.1,16744.1,268.5,79.14,100,66,88,20759.4,4.7,4.0,0,27
1782928933.384,157.403,288.0,79.14,100,50,91,5088.7,15676.0,282.3,79.15,100,69,87,16591.3,5.4,275.8,79.15,100,70,91,4.5,5.0,268.5,79.14,100,66,88,12137.0,15614.3,4.0,0,27
1782928933.827,157.846,301.4,79.14,100,48,90,1.9,14803.3,298.5,79.15,100,56,87,18743.7,3203.1,285.0,79.15,100,56,91,2.7,4.8,284.3,79.14,100,58,88,8664.0,16015.6,4.0,0,27
1782928934.270,158.289,301.4,79.14,100,48,90,19004.2,1347.3,293.6,79.15,100,46,86,2.2,4812.1,288.1,79.15,100,47,90,19551.2,12180.1,280.1,79.14,99,46,87,2.9,5.9,4.0,0,27
1782928934.711,158.730,298.2,79.14,99,46,91,20709.8,17114.2,290.6,79.15,100,44,86,5.6,10.8,284.1,79.15,100,44,90,15213.5,16005.5,272.7,79.14,100,43,87,5440.8,5.3,4.0,0,27
1782928935.161,159.180,297.3,79.14,100,42,91,2.8,4.5,286.9,79.15,99,46,87,1.8,17123.6,279.9,79.15,99,46,91,20746.3,5.4,267.1,79.14,100,48,87,2.0,4.8,4.0,0,27
1782928935.602,159.621,300.5,79.14,100,49,91,1.9,4.5,288.4,79.15,100,46,86,1649.7,15973.4,281.3,79.15,100,46,90,18899.7,6.2,270.9,79.14,100,44,87,5.1,536.0,4.0,0,27
1782928936.045,160.064,299.7,79.14,100,49,90,4.4,4.4,289.7,79.15,100,49,86,4659.4,16035.7,282.9,79.15,100,50,90,16007.7,10.1,274.0,79.14,100,47,87,1.9,481.2,4.0,0,27
1782928936.491,160.510,301.8,79.14,100,55,91,7.9,4.4,294.4,79.15,100,46,86,510.1,17110.1,287.5,79.15,100,47,90,20753.5,4.7,277.8,79.14,100,53,87,1.9,4.5,4.0,0,27
1782928936.931,160.950,300.1,79.14,100,49,91,1.9,7.3,294.3,79.15,100,45,85,4.5,17138.6,287.3,79.15,100,46,89,20746.9,4.8,277.8,79.14,100,53,87,5.2,5.0,4.0,0,27
1782928937.372,161.391,300.0,79.14,100,56,91,1.9,4.4,294.3,79.15,100,45,85,1.9,17145.3,287.3,79.15,100,46,89,20754.8,5.5,276.3,79.14,100,47,86,2.8,5.6,4.0,0,27
1782928937.811,161.831,299.6,79.14,100,46,92,1.9,5.3,292.5,79.15,100,46,86,17041.7,15415.3,286.2,79.15,100,49,90,4123.4,5.7,275.5,79.14,100,53,87,1072.8,16764.3,4.0,0,27
1782928938.252,162.271,299.6,79.14,100,46,92,19103.7,5963.3,292.0,79.15,100,46,85,4.8,5.5,284.8,79.15,100,47,89,20761.6,17193.9,274.7,79.14,100,46,87,2.1,5.7,4.0,0,27
1782928938.694,162.713,296.9,79.14,100,45,91,2578.8,7.4,287.8,79.15,100,45,86,6.4,5149.6,280.2,79.15,100,46,90,18920.2,7649.8,267.4,79.14,98,43,87,2.6,4.5,7.0,1,23
1782928939.142,163.161,289.5,79.14,99,26,91,20710.8,17105.6,281.6,79.15,100,51,85,4.4,4.2,274.2,79.15,100,51,90,2.7,522.6,264.3,79.14,99,57,87,19721.8,17211.7,7.0,1,23
1782928939.583,163.602,292.6,79.14,100,53,90,1.9,2973.3,286.0,79.15,100,48,85,19068.3,14794.2,280.6,79.15,100,48,89,3.4,4.3,271.4,79.14,100,48,86,1.9,10873.1,7.0,1,23
1782928940.028,164.047,304.3,79.14,100,51,90,2.7,4.7,300.6,79.15,100,48,86,19726.6,15406.1,295.3,79.15,100,49,90,1531.5,4.7,284.2,79.14,100,45,87,2.0,9101.5,7.0,1,23
1782928940.469,164.488,298.8,79.14,100,51,92,16982.7,15617.4,293.4,79.15,100,45,86,4526.6,6.6,287.4,79.15,100,47,90,2333.6,16099.8,276.3,79.14,100,44,86,18352.3,5.9,7.0,1,23
1782928940.910,164.929,295.5,79.14,100,45,91,2.2,10667.4,293.4,79.15,100,45,86,19380.6,6801.9,280.6,79.15,100,44,90,5.5,4.9,276.3,79.14,100,44,86,20287.8,17211.8,7.0,1,23
1782928941.352,165.371,298.8,79.14,100,46,91,19188.5,5610.7,287.2,79.15,100,43,86,4.4,4.6,280.6,79.15,100,44,90,6856.3,15816.8,269.6,79.14,100,43,87,13917.6,4.8,7.0,1,23
1782928941.793,165.812,298.8,79.14,100,46,91,17336.2,4.8,288.3,79.15,100,48,86,2.8,4.3,281.7,79.15,100,49,90,20773.6,17200.6,270.2,79.14,100,45,87,2.0,5.4,7.0,1,23
1782928942.236,166.255,300.3,79.14,100,47,90,2589.1,4.5,288.3,79.15,100,48,86,4.4,3757.9,281.7,79.15,100,49,90,19123.2,13426.0,270.8,79.14,100,46,86,3.5,4.8,7.0,1,23
1782928942.677,166.696,302.8,79.14,100,53,91,8781.5,4.6,294.4,79.15,99,54,86,6.3,4299.3,288.2,79.15,99,55,90,20371.9,11921.5,277.4,79.14,100,54,87,5.0,4.8,7.0,1,23
1782928943.123,167.142,301.5,79.14,100,48,91,2237.8,4.8,294.4,79.15,100,48,85,2.8,9838.3,287.7,79.15,100,49,89,18953.0,7474.7,276.4,79.14,100,46,86,2.4,5.1,7.0,1,23
1782928943.566,167.585,300.0,79.14,100,52,91,1.9,5.0,292.5,79.15,100,54,86,922.9,16315.5,285.9,79.15,100,55,91,19684.9,5.2,272.7,79.14,100,50,87,2.0,521.2,7.0,1,23
1782928944.007,168.026,300.3,79.14,100,47,91,2.0,11670.3,293.4,79.15,100,45,86,19190.3,5900.8,286.1,79.15,100,46,90,2.2,481.9,274.9,79.14,100,46,87,19704.4,17186.1,7.0,1,23
1782928944.446,168.465,298.4,79.14,100,44,91,4969.0,4.8,288.6,79.15,99,37,86,495.0,16702.0,281.7,79.15,99,38,90,19033.5,1379.7,266.0,79.14,100,36,86,4.6,520.4,7.0,1,23
1782928944.886,168.905,283.2,79.14,99,39,90,6968.9,4.5,288.6,79.15,99,37,86,2.8,17.3,281.7,79.15,99,38,90,19699.8,16481.5,266.0,79.14,100,36,86,1.8,4.5,9.0,5,19
1782928945.328,169.347,277.5,79.14,100,68,91,16736.6,15233.0,268.9,79.15,100,37,86,5303.8,4.3,262.6,79.15,100,37,90,1.8,4.0,251.3,79.14,100,52,87,18851.0,15130.8,9.0,5,19
1782928945.768,169.787,277.5,79.14,100,68,91,8.6,5.2,277.1,79.15,99,48,86,20230.7,17111.7,272.0,79.15,100,49,90,1.9,4.3,264.6,79.14,100,47,87,1.8,1042.3,9.0,5,19
1782928946.213,170.232,290.8,79.14,100,60,91,1.8,4.5,302.7,79.15,100,59,86,4769.9,16008.0,297.6,79.15,100,60,90,11485.6,4.5,286.1,79.14,100,58,87,2.0,516.6,9.0,5,19
1782928946.656,170.675,296.7,79.14,100,47,90,5670.9,16107.8,293.5,79.15,99,47,85,15267.1,8.6,287.5,79.15,100,47,89,9.9,17218.5,277.0,79.14,100,47,86,20752.7,8.5,9.0,5,19
1782928947.099,171.118,297.3,79.14,100,46,91,2.4,4890.7,287.3,79.15,100,46,86,19628.8,12345.7,280.8,79.15,100,47,90,3.4,5.8,270.2,79.14,100,45,87,20747.1,16927.3,9.0,5,19
1782928947.539,171.558,298.7,79.14,100,44,91,19418.6,13107.5,287.7,79.15,100,45,86,1.6,4.7,281.0,79.15,100,46,90,1.7,17232.0,269.3,79.14,100,44,87,20746.4,4.7,9.0,5,19
1782928947.978,171.997,300.9,79.14,100,48,91,19159.4,3160.0,288.0,79.15,100,46,85,1.9,4.6,281.3,79.15,100,47,89,5484.0,15535.7,270.6,79.14,100,49,87,15878.9,5.2,9.0,5,19
1782928948.418,172.437,301.2,79.14,100,49,91,18968.7,6198.3,291.6,79.15,100,55,86,2.0,4.7,285.4,79.15,100,57,91,1087.1,16735.7,270.6,79.14,100,49,87,20461.2,4.6,9.0,5,19
1782928948.858,172.877,301.1,79.14,100,49,90,20707.7,17111.0,291.6,79.15,100,55,86,3.6,4.5,285.4,79.15,100,57,91,2.1,17257.8,275.0,79.14,100,57,87,20749.3,4.6,9.0,5,19
1782928949.306,173.325,301.6,79.14,100,59,91,20708.4,17108.7,293.8,79.15,100,48,86,2.3,5.0,287.5,79.15,100,49,90,2.4,15539.3,277.0,79.14,100,49,87,18785.6,1883.0,9.0,5,19
1782928949.746,173.765,301.6,79.14,100,59,91,20711.4,17116.8,295.7,79.15,100,53,86,6.7,7.2,289.1,79.15,100,54,90,2.4,14939.7,277.9,79.14,100,54,87,18697.3,2736.4,9.0,5,19
1782928950.188,174.207,299.7,79.14,100,49,90,19324.3,13329.6,293.7,79.15,100,47,85,2.8,5.5,287.1,79.15,100,48,89,6618.6,16121.6,276.2,79.14,99,46,87,14205.5,6.1,9.0,5,19
1782928950.628,174.647,299.0,79.14,100,48,91,2.2,1911.0,288.0,79.15,99,45,85,19657.4,15217.4,281.6,79.15,99,46,89,2.6,8.9,272.3,79.14,100,46,86,20772.6,17191.4,9.0,5,19
1782928951.078,175.097,297.2,79.14,100,44,91,20625.4,16095.1,287.4,79.15,100,46,85,6142.9,4.5,280.7,79.15,100,47,90,2.5,500.2,263.8,79.14,98,16,87,19697.7,17203.9,12.0,9,15
1782928951.518,175.537,293.4,79.14,100,64,91,2.8,4.1,284.1,79.15,99,57,86,14876.0,15244.3,277.9,79.15,100,59,90,6136.5,4.2,268.8,79.14,100,54,87,1.9,4.3,12.0,9,15
1782928951.959,175.978,294.9,79.14,100,63,91,9603.9,7.0,290.8,79.15,99,59,86,4.4,4.1,285.3,79.15,99,60,91,20788.8,17199.7,282.7,79.14,100,62,87,2.7,4.4,12.0,9,15
1782928952.400,176.419,301.2,79.14,100,50,91,19098.1,9645.5,290.8,79.15,99,59,86,3.0,4.7,285.3,79.15,99,60,91,3405.2,16013.9,282.7,79.14,100,62,87,17385.3,4.8,12.0,9,15
1782928952.840,176.859,299.6,79.14,100,44,91,2.1,5.3,296.7,79.15,100,48,85,3399.6,16005.4,290.7,79.15,100,49,89,17334.1,6.4,277.6,79.14,100,45,86,9.6,17235.4,12.0,9,15
1782928953.282,177.301,299.6,79.14,100,44,91,19529.7,4896.1,290.4,79.15,100,44,86,2.2,1823.5,285.5,79.15,100,45,90,20166.7,14810.7,272.2,79.14,100,44,87,2.7,5.5,12.0,9,15
1782928953.722,177.741,298.1,79.14,100,44,90,5.3,6722.6,286.8,79.15,100,44,85,19568.3,10577.8,280.0,79.15,100,45,89,2.4,4.6,268.9,79.14,100,46,87,1085.0,16509.7,12.0,9,15
1782928954.168,178.187,295.9,79.14,100,46,92,2.0,17116.3,285.2,79.15,100,48,85,20704.1,4.6,278.9,79.15,100,49,90,2.3,4.8,270.0,79.14,100,46,86,15288.2,15794.6,12.0,9,15
1782928954.610,178.629,300.4,79.14,100,47,91,594.8,16558.7,290.9,79.15,99,48,86,20216.1,4.6,284.5,79.15,99,49,90,2.4,5.1,273.7,79.14,100,56,87,20571.4,17198.5,12.0,9,15
1782928955.054,179.073,302.7,79.14,100,48,91,3.5,17116.1,294.0,79.15,99,48,86,20706.9,4.5,287.2,79.15,99,49,90,1.9,4.8,276.0,79.14,99,46,87,17266.3,15611.9,12.0,9,15
1782928955.495,179.514,300.8,79.14,100,54,91,2.0,17110.9,295.0,79.15,100,55,86,20705.2,5.2,288.3,79.15,100,57,90,3.5,5.6,276.8,79.14,100,50,87,16010.5,15546.5,12.0,9,15
1782928955.936,179.955,299.8,79.14,100,48,91,4.9,17117.7,292.8,79.15,100,47,86,20707.8,4.8,286.5,79.15,100,48,90,1.9,4.7,276.8,79.14,100,50,87,20791.5,17212.2,12.0,9,15
1782928956.380,180.399,300.0,79.14,100,49,91,17718.3,15490.2,292.8,79.15,100,47,86,9.3,5.1,286.5,79.15,100,48,90,4.6,17243.0,276.0,79.14,100,48,87,20749.8,5.7,12.0,9,15
1782928956.826,180.845,298.3,79.14,100,42,91,2.1,5.7,289.5,79.15,100,45,85,20712.4,17104.6,282.9,79.15,100,46,89,2.5,5.8,272.9,79.14,99,46,87,9795.2,16561.2,12.0,9,15
1782928957.268,181.288,298.3,79.14,100,42,91,20705.2,17112.5,286.9,79.15,100,44,85,20702.7,4.5,280.2,79.15,100,45,89,2.4,4.6,268.6,79.14,100,45,87,17495.3,15914.3,15.0,13,11
1782928957.710,181.729,294.9,79.14,98,32,90,5.8,7.2,279.3,79.15,100,62,86,15659.1,16882.1,272.8,79.15,100,62,90,43.0,4.4,262.0,79.14,100,58,87,1.7,3.3,15.0,13,11
1782928958.163,182.182,291.6,79.14,100,52,90,1738.8,4.4,286.2,79.15,100,51,85,4.3,54.3,279.9,79.15,100,51,89,19696.4,17195.4,269.8,79.14,100,51,87,3.7,4.4,15.0,13,11
1782928958.604,182.623,296.6,79.14,100,51,90,18568.6,2691.2,300.9,79.15,100,48,85,3.3,4.8,294.8,79.15,100,49,89,11296.5,20962.6,284.0,79.14,99,47,86,1806.6,11.3,15.0,13,11
1782928959.054,183.073,299.9,79.14,100,51,91,3.7,5.4,296.7,79.15,99,44,86,20717.0,17108.4,288.5,79.15,99,45,90,2.3,5.8,276.5,79.14,100,46,86,11972.6,16187.7,15.0,13,11
1782928959.497,183.516,297.2,79.14,99,41,91,18706.7,5.9,287.4,79.15,100,45,85,2.1,17114.1,280.5,79.15,100,47,90,20747.4,6.3,268.3,79.14,100,43,86,4.4,4882.2,15.0,13,11
1782928959.940,183.959,296.6,79.14,100,46,91,5.2,17118.9,284.0,79.15,100,46,85,20705.1,4.7,277.3,79.15,100,46,89,4.3,4.8,268.3,79.14,100,43,86,20782.2,17192.2,15.0,13,11
1782928960.384,184.403,298.8,79.14,100,50,91,7185.4,15901.8,284.0,79.15,100,46,85,13905.6,4.7,277.3,79.15,100,46,89,1.8,487.1,269.1,79.14,100,48,87,19712.6,17218.4,15.0,13,11
1782928960.827,184.846,303.0,79.14,100,50,91,5015.7,15794.9,289.8,79.15,100,48,86,16012.5,4.6,283.2,79.15,100,48,90,2.4,4.3,272.8,79.14,99,52,87,20792.7,17208.5,15.0,13,11
1782928961.268,185.287,303.0,79.14,100,50,91,3.6,17111.6,294.1,79.15,100,49,86,20679.3,5.2,287.5,79.15,100,49,90,2.7,4.8,276.5,79.14,100,48,87,10859.7,15577.6,15.0,13,11
1782928961.711,185.730,302.1,79.14,100,52,91,5.0,7353.3,295.4,79.15,100,57,86,26844.1,3875.2,288.3,79.15,100,58,90,4.6,4.8,277.4,79.14,100,59,87,6652.4,15486.0,15.0,13,11
1782928962.158,186.177,299.8,79.14,100,47,90,3.5,6374.9,294.2,79.15,100,48,85,18952.6,11177.0,287.8,79.15,100,49,90,1.9,4.8,276.3,79.14,100,49,87,1083.3,16766.5,15.0,13,11
1782928962.599,186.618,301.4,79.14,100,54,91,2.4,9367.7,295.8,79.15,100,55,86,18945.2,8249.3,289.1,79.15,100,56,90,3.6,5.1,277.2,79.14,99,51,87,15067.5,15746.9,15.0,13,11
1782928963.044,187.063,299.5,79.14,100,47,91,20708.7,5.9,292.1,79.15,99,46,86,2.9,6692.0,285.4,79.15,99,46,90,19330.4,10276.0,273.0,79.14,100,46,87,2.5,5.5,15.0,13,11
1782928963.486,187.505,299.3,79.14,100,45,91,20706.0,17108.9,289.5,79.15,100,43,86,20649.3,17082.2,282.8,79.15,100,44,90,20745.9,4.7,260.7,79.14,100,13,86,2.3,4.5,18.0,17,7
1782928963.927,187.946,290.7,79.14,100,53,91,17320.6,7.0,281.5,79.15,100,56,86,3.1,5.4,275.5,79.15,100,56,90,10163.7,15522.1,260.7,79.14,100,13,86,11327.8,4.4,18.0,17,7
1782928964.371,188.390,292.1,79.14,100,51,90,6281.6,15487.5,281.5,79.15,100,56,86,15372.9,4.4,275.5,79.15,100,56,90,2.3,4.2,267.8,79.14,100,65,87,19198.4,17810.4,18.0,17,7
1782928964.815,188.834,302.6,79.14,99,51,91,1.9,6443.8,286.2,79.15,100,48,85,19267.9,10997.0,280.8,79.15,100,48,89,2.0,4.8,273.9,79.14,100,49,86,1092.9,16987.3,18.0,17,7
1782928965.258,189.277,302.6,79.14,99,51,91,20710.2,17110.7,297.6,79.15,100,46,86,3.9,5.5,291.8,79.15,100,46,90,1365.8,16307.6,282.2,79.14,100,46,87,19113.3,6.1,18.0,17,7
1782928965.698,189.717,298.1,79.14,100,46,91,2.5,8372.4,292.8,79.15,100,44,86,19594.2,8206.1,286.4,79.15,100,46,90,7.0,4810.3,273.9,79.14,100,43,87,19651.2,12401.4,18.0,17,7
1782928966.143,190.162,296.7,79.14,100,45,91,20704.2,5.3,286.5,79.15,100,43,86,3.0,4857.7,279.7,79.15,100,43,90,19603.9,12045.6,266.2,79.14,100,46,87,2.0,4.8,18.0,17,7
1782928966.583,190.602,300.5,79.14,100,45,91,2678.8,5.0,287.4,79.15,100,47,86,2.8,14436.8,281.0,79.15,100,48,90,18613.0,3107.0,269.8,79.14,99,49,87,2.7,7.4,18.0,17,7
1782928967.027,191.046,299.7,79.14,100,46,90,2.0,4.4,287.4,79.15,100,45,85,1.8,7307.4,281.2,79.15,100,46,89,19007.8,10045.6,273.1,79.14,100,49,87,1.9,4.6,18.0,17,7
1782928967.468,191.487,302.2,79.14,100,57,91,20705.9,4.6,292.9,79.15,100,48,86,4.7,4.4,286.5,79.15,100,48,90,20782.3,17204.1,276.6,79.14,100,49,87,3.9,4.8,18.0,17,7
1782928967.909,191.928,300.5,79.14,100,50,91,18370.8,5433.7,292.9,79.15,100,48,86,5.9,7.6,291.0,79.15,100,54,90,10104.6,15875.1,276.6,79.14,100,49,87,10924.7,4.7,18.0,17,7
1782928968.351,192.370,299.1,79.14,100,49,91,18827.7,11283.0,296.1,79.15,100,54,85,2.0,4.6,291.0,79.15,100,54,90,1088.8,16737.3,278.3,79.14,100,46,86,20750.6,4.7,18.0,17,7
1782928968.794,192.813,299.1,79.14,100,49,91,20369.8,14256.5,293.9,79.15,100,47,86,2.0,4.8,287.4,79.15,100,48,90,1083.5,16722.0,276.3,79.14,100,48,87,19766.2,7.6,18.0,17,7
1782928969.237,193.256,300.7,79.14,100,50,91,2.1,5.2,292.3,79.15,100,49,85,3840.8,16463.7,287.7,79.15,100,49,90,16156.0,5.8,275.4,79.14,100,46,86,2.8,17243.2,18.0,17,7
1782928969.678,193.697,298.2,79.14,99,45,91,20795.1,20437.6,288.0,79.15,100,43,85,20928.5,16913.4,281.2,79.15,100,44,89,23645.6,16958.8,269.6,79.14,100,46,88,9315.3,4.6,21.0,21,3
1782928970.123,194.142,297.5,79.14,98,44,90,1.8,14897.7,280.8,79.15,99,59,85,12128.3,4.1,276.1,79.15,99,59,89,1.8,10283.3,268.4,79.14,99,56,87,17282.0,4.5,21.0,21,3
1782928970.565,194.584,295.3,79.14,100,58,91,3.8,12837.8,288.6,79.15,99,46,86,15532.2,10.6,283.8,79.15,99,47,90,2.4,12958.8,273.1,79.14,100,56,86,15564.9,5.0,21.0,21,3
1782928971.008,195.028,294.6,79.14,99,52,91,18244.5,5.6,300.0,79.15,100,51,86,491.3,17472.6,292.6,79.15,99,52,90,8680.2,5.6,277.3,79.14,100,45,85,15574.7,12905.6,21.0,21,3
1782928971.449,195.468,299.0,79.14,100,48,91,2.7,5.3,289.0,79.15,100,46,86,21615.7,7266.1,282.8,79.15,100,48,90,2.6,12913.0,271.0,79.14,100,45,86,15565.8,5.2,21.0,21,3
1782928971.890,195.909,297.6,79.14,99,50,91,12941.6,4.7,289.0,79.15,100,46,86,495.1,16956.2,282.8,79.15,100,48,90,8990.3,4.7,271.0,79.14,100,45,86,1654.7,18649.3,21.0,21,3
1782928972.332,196.351,300.5,79.14,99,46,91,4.3,12837.2,284.0,79.15,100,54,85,15529.9,4.6,278.5,79.15,100,55,89,3.0,12946.4,269.4,79.14,100,45,87,15559.4,4.6,21.0,21,3
1782928972.775,196.794,300.5,79.14,99,46,91,15537.2,12837.0,289.5,79.15,100,54,85,4.4,4.5,281.9,79.15,100,56,90,15585.7,12898.8,274.9,79.14,99,44,87,2.3,5.1,21.0,21,3
1782928973.218,197.237,302.5,79.14,99,46,91,15530.9,4.7,293.7,79.15,100,55,85,1.9,12864.2,286.4,79.15,100,56,90,15561.3,4.7,277.3,79.14,100,49,87,2.6,12965.4,21.0,21,3
1782928973.659,197.678,300.7,79.14,100,46,91,1.9,4.6,293.5,79.15,100,53,85,18063.6,10779.1,287.4,79.15,99,54,89,8.0,5260.3,276.4,79.14,99,47,87,21846.5,933.4,21.0,21,3
1782928974.103,198.122,299.9,79.14,100,45,91,1090.5,5.8,292.5,79.15,100,50,85,17534.1,11175.5,286.3,79.15,100,51,90,4.8,8548.5,269.8,79.14,99,42,86,19399.5,5.4,21.0,21,3
1782928974.543,198.562,298.2,79.14,100,49,91,6504.3,5432.4,289.0,79.15,100,54,85,5834.7,5558.3,282.3,79.15,100,56,89,5826.1,6739.4,267.2,79.14,100,55,86,6436.0,5909.2,23.0,29,0
1782928974.987,199.006,300.4,79.14,100,56,90,5517.8,5226.0,287.6,79.15,100,57,85,5441.9,5715.9,279.7,79.15,100,59,89,5528.2,6989.4,268.6,79.14,100,57,86,6419.1,6452.0,23.0,32,0
1782928975.429,199.448,302.2,79.14,100,57,90,5304.0,4958.4,291.0,79.15,100,57,85,5516.2,6065.0,284.0,79.15,100,58,89,5992.7,6841.0,268.6,79.14,100,57,86,6498.4,6516.0,23.0,32,0
1782928975.870,199.889,302.5,79.14,100,58,90,6184.2,4588.7,291.0,79.15,100,57,85,6256.3,5807.3,284.0,79.15,100,58,89,5836.7,6993.4,272.2,79.14,100,57,86,5554.7,7210.0,23.0,32,0
1782928976.313,200.332,301.2,79.14,100,59,90,5929.5,4437.1,292.8,79.15,100,57,85,6106.1,5551.3,286.0,79.15,100,59,89,6320.6,6417.3,274.7,79.14,100,58,86,6428.6,6278.8,23.0,32,0
1782928976.756,200.775,301.2,79.14,100,59,90,5273.5,5138.6,294.1,79.15,100,58,85,5941.9,5572.3,287.2,79.15,100,60,89,6484.2,6254.8,275.9,79.14,100,58,86,6422.1,6834.6,23.0,32,0
1782928977.204,201.224,300.7,79.14,100,58,90,5385.4,4984.8,294.6,79.15,100,58,85,5374.9,5937.5,288.0,79.15,100,59,89,5534.2,7032.8,276.4,79.14,100,59,86,5921.5,6736.8,23.0,32,0
1782928977.646,201.666,300.1,79.14,100,58,90,6013.8,4408.5,294.6,79.15,100,59,85,6238.4,6701.9,287.9,79.15,100,60,89,5644.9,7107.8,276.3,79.14,100,59,86,5813.7,7444.3,23.0,32,0
1782928978.094,202.113,299.9,79.14,100,58,90,6038.7,4513.3,295.1,79.15,100,58,85,6243.6,5400.9,288.0,79.15,100,60,89,6471.9,6458.3,276.3,79.14,100,58,86,6540.6,7128.6,24.0,32,0
1782928978.537,202.556,299.9,79.14,100,58,90,5235.3,5218.8,294.4,79.15,100,58,85,5971.9,5626.9,287.4,79.15,100,59,89,6321.1,6656.7,275.6,79.14,100,58,86,6361.5,6621.9,24.0,32,0
1782928978.979,202.998,299.9,79.14,100,58,90,5439.4,5020.5,294.2,79.15,100,58,85,5484.9,6058.7,287.0,79.15,100,60,89,5597.0,7160.6,275.6,79.14,100,59,86,5519.0,7304.2,24.0,32,0
1782928979.421,203.440,300.1,79.14,100,58,90,5931.9,4430.3,294.4,79.15,100,58,85,6250.4,5469.9,287.8,79.15,100,60,89,6433.1,6417.1,275.6,79.14,100,59,86,6651.8,7280.1,24.0,32,0
1782928979.864,203.883,300.1,79.14,100,58,90,5360.2,5443.8,294.4,79.15,100,58,85,6181.9,5266.3,287.8,79.15,100,60,89,6446.8,6737.5,276.1,79.14,100,59,86,6516.3,6253.9,24.0,32,0
1782928980.309,204.328,299.9,79.14,100,58,90,5332.0,5160.7,294.7,79.15,100,57,85,5409.3,5925.0,287.8,79.15,100,59,89,6432.2,6603.3,275.7,79.14,100,58,86,6428.6,6732.8,24.0,32,0
1782928980.750,204.769,299.9,79.14,100,58,90,5544.3,5861.1,293.8,79.15,100,57,85,5541.4,6208.1,287.0,79.15,100,58,89,6312.3,6465.3,274.9,79.14,100,58,86,6578.6,6777.7,24.0,32,0
1782928981.198,205.217,299.8,79.14,100,58,90,5557.8,5209.0,292.8,79.15,100,57,85,5510.0,5900.9,286.4,79.15,100,59,89,5968.6,6408.6,274.7,79.14,100,58,86,6460.1,6818.3,24.0,32,0
1782928981.641,205.660,299.8,79.14,100,58,90,5351.8,5190.9,292.8,79.15,100,57,85,5586.9,6048.9,286.2,79.15,100,58,89,7150.4,6658.9,273.9,79.14,100,57,86,6621.0,6272.7,24.0,32,0
1782928982.087,206.107,299.9,79.14,100,57,90,5189.8,5495.7,292.7,79.15,100,57,85,6246.1,5598.9,285.8,79.15,100,58,89,6411.9,6183.6,273.6,79.14,100,58,86,6603.8,6592.3,24.0,32,0
1782928982.529,206.548,299.8,79.14,100,58,90,5353.0,5421.2,292.2,79.15,100,57,85,6087.6,5466.1,285.5,79.15,100,58,89,6565.1,6497.4,273.5,79.14,100,58,86,6698.6,6384.3,24.0,32,0
1782928982.971,206.990,299.9,79.14,100,57,90,5305.5,4956.0,292.1,79.15,100,57,85,6206.7,5280.4,285.3,79.15,100,58,89,6605.2,6416.2,273.4,79.14,100,58,86,6724.6,6701.1,24.0,32,0
1782928983.414,207.434,300.0,79.14,100,57,90,5891.6,4574.7,292.1,79.15,100,57,85,6148.4,5318.8,285.5,79.15,100,60,89,6394.3,6616.5,273.4,79.14,100,58,86,6581.8,6466.8,24.0,32,0
1782928983.857,207.876,300.2,79.14,100,57,90,5194.0,5406.7,292.4,79.15,100,58,85,6317.3,5517.7,285.5,79.15,100,60,89,6511.4,6727.8,273.5,79.14,100,58,86,6655.0,6790.2,25.0,32,0
1782928984.299,208.318,300.2,79.14,100,57,90,5198.7,5554.8,292.6,79.15,100,57,85,6301.4,5442.9,285.8,79.15,100,58,89,6571.2,6362.6,273.8,79.14,100,58,86,6648.3,6505.2,25.0,32,0
1782928984.742,208.761,300.1,79.14,100,58,90,6184.6,4848.5,292.8,79.15,100,57,85,6237.3,5201.2,286.0,79.15,100,58,89,6593.6,6447.6,274.0,79.14,100,58,86,6677.0,7275.1,25.0,32,0
1782928985.187,209.207,299.9,79.14,100,58,90,6038.1,4805.5,293.0,79.15,100,57,85,6298.1,5502.9,285.8,79.15,100,58,89,6598.3,6432.6,273.8,79.14,100,58,86,6595.7,7174.4,25.0,32,0
1782928985.630,209.650,300.0,79.14,100,58,90,5983.3,4683.3,293.2,79.15,100,58,85,6181.2,5721.9,286.4,79.15,100,59,89,6591.1,6463.6,274.3,79.14,100,58,86,6999.9,7254.4,25.0,32,0
1782928986.076,210.095,300.1,79.14,100,58,90,6088.7,4697.0,293.3,79.15,100,57,85,6372.8,5415.4,286.2,79.15,100,58,89,6768.0,6457.9,274.2,79.14,100,57,86,6326.0,7460.0,25.0,32,0
1782928986.518,210.537,299.9,79.14,100,57,90,6093.6,4772.0,293.0,79.15,100,57,85,6372.5,5413.6,285.7,79.15,100,58,89,6746.5,6879.7,273.6,79.14,100,57,86,5910.5,6883.3,25.0,32,0
1782928986.958,210.977,299.5,79.14,100,58,90,6121.0,4758.8,292.0,79.15,100,57,85,6321.4,5050.3,285.2,79.15,100,59,89,6607.0,6116.7,273.2,79.14,100,58,86,6671.6,7281.0,25.0,32,0
1782928987.851,211.870,300.3,79.14,100,58,90,6031.4,4682.2,292.3,79.15,100,57,85,6407.8,5442.9,285.4,79.15,100,59,89,6938.5,7006.5,274.0,79.14,100,58,86,5817.1,7305.5,25.0,32,0
1782928988.295,212.314,300.3,79.14,100,58,90,6109.7,4611.2,292.9,79.15,100,57,85,6533.1,5820.2,286.0,79.15,100,58,89,5842.6,7142.3,274.4,79.14,100,58,86,5740.1,7670.4,25.0,32,0
1782928988.735,212.754,300.0,79.14,100,57,90,6910.6,4860.8,292.1,79.15,100,57,85,6010.6,6061.2,285.3,79.15,100,58,89,5839.1,7163.0,273.5,79.14,100,58,86,5744.8,7615.7,25.0,32,0
1782928989.181,213.200,299.7,79.14,100,58,90,6225.8,4408.6,291.8,79.15,100,58,85,6397.7,5846.5,284.9,79.15,100,59,89,5751.3,6949.3,273.2,79.14,100,58,86,5767.0,7206.5,25.0,32,0
1782928989.622,213.641,300.1,79.14,100,58,90,5932.7,4492.2,292.3,79.15,100,57,85,6396.5,5440.5,285.7,79.15,100,58,89,6753.4,6740.5,273.8,79.14,100,58,86,5944.0,7349.8,26.0,32,0
1782928990.063,214.082,300.3,79.14,100,58,90,5856.5,4501.0,292.7,79.15,100,58,85,6079.8,5433.6,286.0,79.15,100,59,89,6420.1,6531.3,274.1,79.14,100,58,86,6830.5,6260.6,26.0,32,0
1782928990.504,214.523,300.3,79.14,100,58,90,5135.3,5108.5,292.9,79.15,100,57,85,6171.4,5241.8,286.1,79.15,100,58,89,6341.7,6223.7,274.7,79.14,100,58,86,6379.3,6560.0,26.0,32,0
1782928990.948,214.967,300.3,79.14,100,59,90,5535.4,5991.5,293.4,79.15,100,57,85,6261.6,5573.9,286.6,79.15,100,59,89,6708.5,6269.3,275.3,79.14,100,58,86,6591.2,6496.5,26.0,32,0
1782928991.399,215.419,300.1,79.14,100,58,90,5708.0,4772.4,293.4,79.15,100,57,85,6271.6,5479.0,286.6,79.15,100,59,89,6509.3,6557.6,275.3,79.14,100,58,86,6676.6,6517.7,26.0,32,0
1782928991.842,215.861,299.7,79.14,100,58,90,5362.2,5465.4,293.5,79.15,100,58,85,6089.9,5298.8,287.0,79.15,100,59,89,6436.5,6646.6,274.9,79.14,100,57,86,8046.6,7278.9,26.0,32,0
1782928992.293,216.312,299.7,79.14,100,58,90,5944.2,4489.0,293.0,79.15,100,58,85,6253.6,5174.3,286.2,79.15,100,59,89,6549.9,6375.6,274.4,79.14,100,58,86,6705.1,7038.0,26.0,32,0
1782928992.737,216.756,299.9,79.14,100,58,90,5769.6,4638.4,293.3,79.15,100,58,85,6193.8,5622.3,286.4,79.15,100,59,89,6448.7,6515.6,275.0,79.14,100,58,86,6664.3,6366.5,26.0,32,0
1782928993.183,217.202,300.3,79.14,100,59,90,5191.4,5160.0,293.8,79.15,100,57,85,6062.4,5536.9,287.2,79.15,100,59,89,6520.5,6210.7,275.3,79.14,100,58,86,6526.3,6692.7,26.0,32,0
1782928993.629,217.648,300.0,79.14,100,58,90,5196.1,5230.8,293.6,79.15,100,58,85,6171.2,5610.3,287.2,79.15,100,59,89,6547.1,6872.3,275.4,79.14,100,59,86,7101.8,7198.7,26.0,32,0
1782928994.080,218.099,299.7,79.14,100,59,90,6100.8,4643.6,292.9,79.15,100,57,85,6239.5,5197.6,286.3,79.15,100,58,89,6770.5,6906.1,274.5,79.14,100,58,86,5916.2,7272.6,26.0,32,0
1782928994.524,218.543,299.9,79.14,100,58,90,5931.4,4340.9,292.8,79.15,100,58,85,6109.7,5319.8,286.3,79.15,100,59,89,6602.2,6469.0,274.5,79.14,100,58,86,6689.5,7832.9,26.0,32,0
1782928994.968,218.987,300.0,79.14,100,58,90,6182.4,4547.1,293.1,79.15,100,57,85,6455.0,5343.0,286.3,79.15,100,58,89,6592.8,6991.4,274.6,79.14,100,57,86,5711.0,7282.2,26.0,32,0
1782928995.413,219.432,300.0,79.14,100,58,90,6013.8,4612.2,293.1,79.15,100,57,85,6265.7,5370.2,286.4,79.15,100,59,89,6663.2,6399.1,274.6,79.14,100,57,86,6614.1,7346.1,26.0,32,0
1782928995.857,219.876,299.9,79.14,100,58,90,5960.1,4973.9,293.0,79.15,100,58,85,6270.9,5470.4,286.4,79.15,100,59,89,6597.5,6269.1,274.8,79.14,100,59,86,6741.2,7278.2,26.0,32,0
1782928996.303,220.322,299.9,79.14,100,58,90,6097.9,4636.5,293.1,79.15,100,58,85,6481.2,5285.7,286.5,79.15,100,59,89,6793.4,7041.7,274.6,79.14,100,58,86,5935.8,6866.5,26.0,32,0
1782928996.746,220.765,300.0,79.14,100,58,90,6250.7,4490.6,292.8,79.15,100,57,85,6551.2,5690.9,286.0,79.15,100,58,89,6075.0,7279.5,273.8,79.14,100,57,85,5838.6,7618.8,26.0,32,0
1782928997.190,221.209,299.6,79.14,100,58,90,6381.9,5091.0,291.7,79.15,100,57,85,5559.3,6007.7,285.0,79.15,100,58,89,5897.2,7006.2,272.8,79.14,100,58,86,5655.0,7469.7,27.0,32,0
1782928997.633,221.652,299.6,79.14,100,57,90,6213.8,5022.2,291.1,79.15,100,57,85,5668.0,5798.0,284.5,79.15,100,59,89,5906.2,7172.5,272.7,79.14,100,58,86,5642.6,6749.0,27.0,32,0
1782928998.078,222.097,300.2,79.14,100,58,90,5641.4,5147.1,291.8,79.15,100,58,85,5680.8,5923.9,285.0,79.15,100,59,89,5718.4,7249.5,273.6,79.14,100,59,86,5917.9,6695.5,27.0,32,0
1782928998.519,222.538,300.3,79.14,100,58,90,5768.1,5028.3,292.2,79.15,100,57,85,5674.0,6152.4,285.7,79.15,100,59,89,5690.1,7153.1,274.0,79.14,100,58,86,5602.5,7362.9,27.0,32,0
1782928998.961,222.980,300.0,79.14,100,58,90,6352.8,5026.4,292.3,79.15,100,57,85,5670.3,5948.2,285.9,79.15,100,58,89,5613.6,7134.5,273.8,79.14,100,58,86,6137.9,6448.9,27.0,32,0
1782928999.407,223.426,299.9,79.14,100,58,90,5583.3,5133.7,292.3,79.15,100,57,85,5590.9,6015.1,285.9,79.15,100,58,89,5645.9,7225.7,273.8,79.14,100,58,86,6343.0,6547.7,27.0,32,0
1782928999.849,223.868,300.1,79.14,100,58,90,6266.6,5054.9,292.1,79.15,100,57,85,5674.3,5824.6,285.7,79.15,100,58,89,5773.4,7355.4,273.8,79.14,100,59,86,5612.1,7489.4,27.0,32,0
1782929000.292,224.311,300.1,79.14,100,58,90,6254.5,4445.3,292.9,79.15,100,58,85,6370.0,5946.2,286.2,79.15,100,60,89,5876.5,7065.1,274.7,79.14,100,58,86,5742.2,7384.0,27.0,32,0
1782929000.733,224.752,300.4,79.14,100,59,90,6277.7,5434.4,293.5,79.15,100,58,85,5656.6,5746.8,286.4,79.15,100,59,89,6025.0,7397.3,275.0,79.14,100,57,86,5738.0,7489.2,27.0,32,0
1782929001.181,225.200,300.0,79.14,100,58,90,6189.7,4970.6,293.0,79.15,100,56,85,5604.2,5958.1,286.1,79.15,100,58,89,5695.6,7053.9,274.2,79.14,100,58,86,5637.0,7455.4,27.0,32,0
1782929001.625,225.644,299.9,79.14,100,58,90,6258.0,5091.6,292.8,79.15,100,57,85,5770.8,5879.3,285.6,79.15,100,58,89,6594.1,7186.0,273.9,79.14,100,58,86,7103.4,6774.8,27.0,32,0
1782929002.072,226.091,300.0,79.14,100,58,90,5523.5,5260.8,292.8,79.15,100,58,85,5439.1,5954.5,285.8,79.15,100,59,89,5546.7,7225.3,274.2,79.14,100,58,86,6345.7,6576.4,27.0,32,0
1782929002.514,226.533,299.9,79.14,100,58,90,5433.1,5273.7,292.4,79.15,100,58,85,5439.5,6125.6,285.4,79.15,100,59,89,5566.4,7229.1,273.7,79.14,100,58,85,6420.4,6814.8,27.0,32,0
1782929002.954,226.973,300.2,79.14,100,58,90,5616.6,5227.7,292.8,79.15,100,58,85,5608.6,6142.6,285.6,79.15,100,59,89,5773.2,7248.5,274.1,79.14,100,57,86,6405.1,7075.3,28.0,32,0
1782929003.397,227.416,300.0,79.14,100,58,90,5362.6,5313.9,292.8,79.15,100,58,85,5503.6,6019.2,285.6,79.15,100,59,89,6110.7,6633.3,274.1,79.14,100,57,86,6427.7,6819.1,28.0,32,0
1782929003.838,227.857,299.3,79.14,100,57,90,5526.0,5349.0,292.7,79.15,100,58,85,5740.1,5676.8,285.6,79.15,100,59,89,6442.3,7709.6,274.0,79.14,100,57,86,7165.1,6978.2,28.0,32,0
1782929004.287,228.306,299.3,79.14,100,57,90,6262.5,4518.9,291.7,79.15,100,57,85,6508.1,5238.7,284.5,79.15,100,58,89,6749.5,6874.3,272.7,79.14,100,58,85,5846.8,7028.0,28.0,32,0
1782929004.727,228.746,299.4,79.14,100,57,90,6348.9,4444.9,291.3,79.15,100,57,85,6705.5,6306.4,284.0,79.15,100,59,89,5817.7,7086.1,272.4,79.14,100,58,86,5828.5,7448.6,28.0,32,0
1782929005.174,229.193,300.3,79.14,100,58,90,6094.0,5093.5,291.9,79.15,100,57,85,5650.2,6139.9,284.5,79.15,100,59,89,5665.7,7127.3,273.0,79.14,100,57,86,6458.1,6849.4,28.0,32,0
1782929005.618,229.637,300.2,79.14,100,58,90,5513.9,5422.4,292.0,79.15,100,57,85,5468.9,5890.1,284.5,79.15,100,59,89,6446.2,7858.3,273.1,79.14,100,58,85,6763.7,6438.0,28.0,32,0
1782929006.065,230.084,300.0,79.14,100,57,90,6034.6,4731.2,291.5,79.15,100,57,85,6420.2,5133.3,284.2,79.15,100,58,89,6770.1,6480.0,272.6,79.14,100,58,86,6641.4,7607.6,28.0,32,0
1782929006.507,230.526,300.1,79.14,100,58,90,6253.1,4506.2,291.5,79.15,100,57,85,6470.3,5263.2,284.2,79.15,100,59,89,6865.8,7005.0,272.5,79.14,100,57,86,5885.4,7325.0,28.0,32,0
1782929006.949,230.968,300.1,79.14,100,57,90,6507.6,5770.8,291.5,79.15,100,57,85,5554.7,6011.9,284.5,79.15,100,58,89,5670.5,6977.0,272.6,79.14,100,57,86,6381.0,6503.3,28.0,32,0
1782929007.397,231.416,300.0,79.14,100,57,90,5515.4,5504.5,291.5,79.15,100,57,85,5504.7,5875.3,284.5,79.15,100,58,89,6431.9,6625.2,272.6,79.14,100,57,86,6570.1,6115.7,28.0,32,0
1782929007.839,231.858,300.1,79.14,100,58,90,5360.2,5265.3,291.4,79.15,100,57,85,6149.6,5313.2,284.2,79.15,100,59,89,6591.6,7268.4,272.7,79.14,100,58,85,6967.0,7303.0,28.0,32,0
1782929008.289,232.308,300.1,79.14,100,58,90,6268.7,4581.7,291.4,79.15,100,57,85,6423.6,5225.1,283.8,79.15,100,58,89,6676.6,7226.0,272.6,79.14,100,58,85,5923.2,7306.7,28.0,32,0
1782929008.730,232.749,300.1,79.14,100,58,90,6342.6,5922.5,291.6,79.15,100,57,85,5631.0,5968.8,283.9,79.15,100,58,89,5663.0,7087.2,272.6,79.14,100,58,86,5918.8,6753.5,28.0,32,0
1782929009.180,233.199,300.0,79.14,100,57,90,5423.9,5230.6,291.6,79.15,100,57,85,5640.3,5908.8,284.1,79.15,100,58,89,6439.2,6251.1,272.5,79.14,100,57,85,6632.2,6159.8,28.0,32,0
1782929009.625,233.644,299.8,79.14,100,58,90,5245.9,5241.5,291.7,79.15,100,58,85,5719.9,5648.0,284.2,79.15,100,60,89,7405.5,6203.7,272.7,79.14,100,58,86,7960.7,7182.9,28.0,32,0
1782929010.077,234.096,300.1,79.14,100,58,90,6254.1,4600.8,291.7,79.15,100,57,85,6557.3,5192.1,284.1,79.15,100,58,89,6144.2,7149.6,272.6,79.14,100,58,86,5794.4,7383.4,28.0,32,0
1782929010.519,234.538,300.1,79.14,100,57,90,6272.1,4464.9,291.7,79.15,100,58,85,6355.3,5728.3,284.1,79.15,100,59,89,5950.0,6751.6,272.8,79.14,100,57,86,5800.3,7424.7,29.0,32,0
1782929010.961,234.980,300.2,79.14,100,58,90,6284.5,4411.8,292.1,79.15,100,58,85,6454.9,5384.6,284.6,79.15,100,59,89,6025.8,7190.7,273.4,79.14,100,58,85,5737.7,7205.8,29.0,32,0
1782929011.402,235.421,300.3,79.14,100,58,90,6184.3,4408.6,292.1,79.15,100,58,85,6452.3,5100.0,284.6,79.15,100,59,89,6251.5,6999.2,273.4,79.14,100,58,85,5731.7,7271.5,29.0,32,0
1782929011.844,235.863,300.2,79.14,100,59,90,6183.6,4464.3,292.5,79.15,100,57,85,6463.3,5508.9,285.1,79.15,100,58,89,6706.7,7028.2,273.7,79.14,100,58,86,5927.5,7192.4,29.0,32,0
1782929012.287,236.306,300.2,79.14,100,59,90,10357.2,4278.8,292.6,79.15,100,58,85,5179.9,8566.5,285.1,79.15,100,60,89,5192.2,4201.8,273.9,79.14,100,58,85,10383.2,8611.7,29.0,32,0
1782929013.202,237.222,294.5,79.14,98,42,91,5180.1,4289.3,282.3,79.15,98,43,85,7189.1,8565.8,276.1,79.15,98,43,89,8892.9,1570.9,265.9,79.14,98,49,86,9311.3,8616.8,29.0,32,0
1782929013.648,237.667,298.3,79.14,99,53,91,10355.9,4283.2,287.4,79.15,98,44,85,8672.8,5061.3,280.7,79.15,98,45,89,9655.0,8609.9,269.7,79.14,98,46,86,26066.9,17187.2,29.0,32,0
1782929014.103,238.122,297.6,79.14,98,41,91,3.6,7245.9,277.6,79.15,99,14,84,18928.7,10429.0,272.4,79.15,99,13,88,1.9,4.2,263.6,79.14,99,63,87,1.7,7543.2,29.0,32,0
1782929014.547,238.566,290.4,79.14,100,51,90,3583.7,4.2,282.6,79.15,100,50,85,2.1,37.3,276.9,79.15,100,50,88,19711.0,17199.1,269.3,79.14,99,51,86,1.9,4.4,29.0,32,0
1782929014.986,239.006,292.2,79.14,100,50,90,20710.0,17109.7,291.7,79.15,100,49,85,4.5,4.9,286.2,79.15,99,49,88,2.4,14788.7,284.2,79.14,99,47,87,18634.3,2868.7,29.0,32,0
1782929015.426,239.445,300.6,79.14,100,54,91,20708.5,17114.2,298.0,79.15,100,52,86,2.4,5.5,292.0,79.15,99,54,90,2221.5,16371.3,284.2,79.14,99,47,87,18688.7,5.8,29.0,32,0
1782929015.867,239.886,299.0,79.14,100,47,91,2.2,2959.6,298.0,79.15,100,52,86,19350.8,14136.8,292.0,79.15,99,54,90,2.6,8.3,278.1,79.14,100,45,87,20778.7,17201.2,29.0,32,0
1782929016.309,240.328,299.0,79.14,100,47,91,10031.7,5.2,289.3,79.15,99,41,86,1.9,13408.8,282.9,79.15,99,41,90,19146.2,3822.9,269.6,79.14,100,46,85,2.8,4.9,29.0,32,0
1782929016.748,240.767,296.3,79.14,100,37,91,8.1,7.3,281.7,79.15,100,45,85,13807.8,15989.2,275.3,79.15,100,46,89,5808.4,4.7,265.7,79.14,100,45,86,2.0,5901.5,29.0,32,0
1782929017.193,241.212,299.9,79.14,100,56,91,4.0,4.3,288.8,79.15,100,51,86,20423.8,17107.8,280.2,79.15,100,52,90,9.4,4.8,271.6,79.14,100,47,87,3.4,17263.1,29.0,32,0
1782929017.638,241.657,301.1,79.14,100,47,91,1.9,4.4,292.9,79.15,100,49,85,20411.4,16126.4,286.8,79.15,100,49,90,8.0,10.1,275.8,79.14,100,49,86,5.1,14799.9,29.0,32,0
1782929018.087,242.106,301.7,79.14,100,54,91,1.8,4.6,294.2,79.15,100,54,86,19350.3,15404.7,287.0,79.15,100,56,90,1747.8,4.6,277.4,79.14,100,57,87,3.5,3423.7,29.0,32,0
1782929018.530,242.549,299.7,79.14,100,50,90,2.0,4.6,293.2,79.15,100,45,86,18601.4,15199.8,286.5,79.15,100,47,89,2944.7,4.5,275.7,79.14,100,47,86,1.9,2927.6,29.0,32,0
1782929018.973,242.992,300.3,79.14,100,60,91,5.0,4.6,294.1,79.15,100,53,86,11613.1,16037.1,287.6,79.15,100,54,90,9111.2,4.9,277.4,79.14,100,56,87,1.9,4887.3,29.0,32,0
1782929019.417,243.436,299.0,79.14,100,46,91,2.6,17113.9,294.1,79.15,100,53,86,20704.7,6.0,285.4,79.15,100,47,89,2.9,4251.1,277.4,79.14,100,56,87,19593.5,12652.0,29.0,32,0
1782929019.858,243.877,298.6,79.14,100,45,91,1872.9,5.4,292.3,79.15,100,45,86,3.3,17121.2,285.4,79.15,100,47,89,20745.3,8.4,275.0,79.14,100,43,86,5.8,12992.0,4.0,0,27
1782929020.302,244.321,298.6,79.14,100,45,91,4.4,4.3,288.3,79.15,100,45,86,4.4,7320.0,281.0,79.15,100,46,90,19010.1,10027.9,267.5,79.14,98,43,87,3.9,4.3,4.0,0,27
1782929020.744,244.763,290.2,79.14,99,32,91,17830.0,15256.2,279.5,79.15,100,49,86,4029.5,4.9,272.7,79.15,100,50,90,3.9,520.3,263.1,79.14,100,48,85,19711.2,17212.5,4.0,0,27
1782929021.190,245.209,291.3,79.14,100,52,90,1.8,76.2,285.3,79.15,99,48,85,19808.1,17107.5,279.3,79.15,99,48,89,2.4,4.9,271.5,79.14,99,48,87,310.8,16797.1,4.0,0,27
1782929021.635,245.654,302.6,79.14,100,53,90,1.8,4692.8,300.5,79.15,99,46,86,19241.9,12819.0,294.9,79.15,100,47,90,5.8,10.0,283.8,79.14,100,46,86,20781.7,17199.8,4.0,0,27
1782929022.080,246.099,298.3,79.14,100,47,90,10124.7,5.8,294.3,79.15,100,47,85,2.9,17116.6,287.3,79.15,100,47,88,20745.6,5.7,276.6,79.14,100,45,86,2.7,13052.4,4.0,0,27
1782929022.523,246.542,297.3,79.14,100,44,91,19391.3,11934.7,286.6,79.15,100,39,86,2.0,5.3,279.2,79.15,100,40,89,15025.8,16120.1,266.2,79.14,100,42,87,5446.2,5.2,4.0,0,27
1782929022.965,246.984,300.1,79.14,100,46,91,1.9,7.0,287.9,79.15,99,54,86,1.9,13459.6,280.5,79.15,99,56,90,18903.7,4061.3,269.8,79.14,100,52,87,2.7,4.9,4.0,0,27
1782929023.410,247.429,299.3,79.14,100,46,90,3.5,4.8,287.9,79.15,99,54,86,502.7,17118.5,280.5,79.15,99,56,90,20749.5,4.7,269.8,79.14,100,52,87,2.0,4.5,4.0,0,27
1782929023.852,247.871,302.4,79.14,100,57,91,3.1,4.4,288.2,79.15,99,48,85,1.8,17154.3,280.9,79.15,99,49,88,20749.9,7.7,273.7,79.14,100,48,86,11.2,4.6,4.0,0,27
1782929024.295,248.314,302.4,79.14,100,57,91,3.0,4.3,294.0,79.15,100,55,86,3.6,7161.3,287.0,79.15,100,56,90,18951.5,10266.0,276.3,79.14,100,56,87,3.6,4.7,4.0,0,27
1782929024.737,248.756,300.5,79.14,100,48,91,7823.9,12.4,293.9,79.15,100,49,85,5.8,13811.4,287.0,79.15,100,49,89,18802.2,3823.6,277.0,79.14,100,47,86,2.8,4.6,4.0,0,27
1782929025.185,249.204,300.7,79.14,100,54,91,2669.2,4.5,295.3,79.15,100,59,86,2.8,4171.8,288.6,79.15,100,60,90,19032.5,13132.7,278.8,79.14,100,53,87,2.0,4.9,4.0,0,27
1782929025.627,249.646,299.2,79.14,100,49,90,2.1,5.5,292.5,79.15,99,45,85,14624.2,15910.5,286.0,79.15,100,46,89,5967.8,8.4,274.6,79.14,100,46,85,1264.2,16135.7,4.0,0,27
1782929026.076,250.095,296.7,79.14,100,43,90,19324.7,3758.0,287.0,79.15,100,47,85,2.1,5.3,280.2,79.15,100,48,89,20764.6,17198.4,269.5,79.14,100,45,86,3.3,6.4,7.0,1,23
1782929026.518,250.537,296.5,79.14,100,47,89,18571.0,1948.2,277.3,79.15,99,13,84,1.8,4.7,271.2,79.15,100,13,88,1403.8,16455.9,261.8,79.14,100,53,86,19683.4,4.2,7.0,1,23
1782929026.959,250.978,293.2,79.14,100,51,89,2.2,4459.3,285.2,79.15,99,50,85,18614.3,13410.0,279.0,79.15,100,51,89,2.5,4.5,268.5,79.14,99,48,85,8.3,16477.8,7.0,1,23
1782929027.401,251.420,296.3,79.14,100,50,90,10.2,4.8,285.2,79.15,99,50,85,3.1,17166.9,279.0,79.15,100,51,89,20750.0,5.2,268.5,79.14,99,48,85,3.9,5.0,7.0,1,23
1782929027.845,251.864,300.2,79.14,100,55,91,1.9,4.4,301.7,79.15,100,48,86,2.7,17137.4,295.9,79.15,100,48,89,20750.3,6.4,285.0,79.14,99,49,86,5.4,3305.2,7.0,1,23
1782929028.292,252.311,300.2,79.14,100,55,91,20710.6,17110.9,298.2,79.15,100,52,86,3.1,6.0,291.7,79.15,100,54,90,13341.0,16200.0,278.1,79.14,99,44,86,7207.4,5.6,7.0,1,23
1782929028.733,252.752,297.6,79.14,100,45,91,5.8,17117.1,288.1,79.15,100,42,85,20707.7,7.7,280.9,79.15,100,43,88,6.5,3625.8,269.2,79.14,100,46,85,19455.2,13401.6,7.0,1,23
1782929029.183,253.202,295.1,79.14,100,42,91,18890.9,10760.9,283.6,79.15,100,46,85,2.8,4.8,276.4,79.15,100,46,88,1205.9,16251.4,267.5,79.14,100,45,86,19679.6,4.8,7.0,1,23
1782929029.624,253.643,299.6,79.14,100,49,91,18863.6,4439.4,287.5,79.15,100,48,85,1.9,4.9,280.2,79.15,100,49,89,20124.5,15705.9,269.3,79.14,99,45,85,1023.5,10.0,7.0,1,23
1782929030.078,254.097,303.2,79.14,100,46,91,20707.1,5.2,293.6,79.15,100,48,86,1.9,4.7,286.3,79.15,100,49,90,17214.5,15619.5,275.8,79.14,100,51,87,3983.4,4.6,7.0,1,23
1782929030.519,254.538,301.8,79.14,100,49,91,18714.3,4323.7,293.8,79.15,100,49,85,2.0,4.7,287.6,79.15,100,51,89,4532.9,15717.4,278.3,79.14,100,47,86,17289.0,4.7,7.0,1,23
1782929030.998,255.017,299.7,79.14,99,49,90,2.0,4.7,293.2,79.15,100,47,86,496.1,17139.0,286.2,79.15,100,47,89,20745.3,5.4,275.9,79.14,99,48,87,4.3,4.6,7.0,1,23
1782929031.441,255.460,299.5,79.14,100,50,91,2.9,10.5,294.8,79.15,100,52,86,1.8,17155.5,286.7,79.15,100,53,89,20747.6,5.0,275.9,79.14,99,48,87,3.3,4.8,7.0,1,23
1782929031.886,255.905,299.9,79.14,99,45,91,3.0,6494.0,294.8,79.15,100,52,86,19346.0,9608.0,286.7,79.15,100,53,89,5.4,7.8,276.7,79.14,100,49,86,20780.5,17188.4,7.0,1,23
1782929032.329,256.348,299.6,79.14,100,41,91,13850.2,5.4,292.3,79.15,99,41,86,3.0,15668.7,285.2,79.15,99,43,90,19651.6,1071.7,271.5,79.14,100,43,87,3.0,1750.5,9.0,5,19
1782929032.773,256.792,299.6,79.14,100,41,91,6709.4,7.9,289.2,79.15,100,45,86,1.8,33.5,281.9,79.15,100,45,90,19700.9,17193.6,268.2,79.14,98,38,85,1.8,4.1,9.0,5,19
1782929033.215,257.234,290.9,79.14,99,47,90,6285.0,15501.6,279.3,79.15,100,49,86,15427.6,4.5,272.6,79.15,100,49,89,2.8,4.3,264.5,79.14,100,49,86,20738.1,15754.8,9.0,5,19
1782929033.658,257.677,292.2,79.14,100,56,90,1.8,4.1,288.1,79.15,100,49,86,20731.7,17113.7,281.9,79.15,100,48,89,10.4,13.3,274.3,79.14,99,49,86,5.0,17294.1,9.0,5,19
1782929034.106,258.125,302.4,79.14,100,63,91,3.7,4.9,300.5,79.15,100,54,86,20233.4,17108.0,295.1,79.15,100,55,90,2.4,5.8,282.9,79.14,100,51,87,10039.6,15909.3,9.0,5,19
1782929034.547,258.567,298.2,79.14,100,47,90,20704.8,5.8,293.1,79.15,100,46,86,2.9,11817.3,286.1,79.15,100,47,89,19064.8,5104.4,274.1,79.14,100,40,87,3.1,5.1,9.0,5,19
1782929034.989,259.008,296.7,79.14,100,46,91,20709.3,17113.5,283.5,79.15,99,37,86,2.1,5.4,277.2,79.15,100,38,90,1.9,17221.1,263.9,79.14,100,46,86,20747.9,5.2,9.0,5,19
1782929035.432,259.451,298.6,79.14,100,47,91,17278.8,4.7,285.7,79.15,100,55,86,2.7,4.0,278.6,79.15,100,57,90,19700.5,16722.1,263.9,79.14,100,46,86,4.6,4.9,9.0,5,19
1782929035.878,259.897,299.4,79.14,100,45,91,11.3,4.7,285.7,79.15,100,55,86,2.8,12209.4,278.6,79.15,100,57,90,22347.3,1607.3,269.0,79.14,100,52,87,1.9,4.8,9.0,5,19
1782929036.326,260.345,301.2,79.14,100,49,91,1.9,4.4,289.9,79.15,100,47,86,2.6,10226.1,284.4,79.15,100,47,89,18995.3,7285.8,276.3,79.14,100,49,87,2.8,4.7,9.0,5,19
1782929036.768,260.787,301.2,79.14,100,49,91,8762.2,7.1,292.9,79.15,100,54,86,1.9,58.4,286.3,79.15,100,55,90,19691.0,17193.8,277.3,79.14,100,52,87,2.0,4.6,9.0,5,19
1782929037.211,261.230,300.4,79.14,100,49,90,16483.8,5.0,294.4,79.15,100,49,86,4.3,39.5,287.9,79.15,100,49,89,19697.4,17199.5,277.5,79.14,100,46,86,4.5,4.7,9.0,5,19
1782929037.654,261.673,301.3,79.14,100,52,91,20705.1,4.4,295.8,79.15,100,59,86,2.8,7.2,288.4,79.15,100,60,90,20790.2,17195.6,276.5,79.14,100,54,87,8.2,6.7,9.0,5,19
1782929038.100,262.119,299.6,79.14,99,48,90,989.4,5.6,291.9,79.15,100,45,86,944.2,16340.6,285.6,79.15,100,46,89,19396.6,5.7,274.4,79.14,100,46,86,3.4,12147.5,9.0,5,19
1782929038.542,262.561,298.2,79.14,100,45,90,20709.3,17113.0,289.0,79.15,100,45,86,2.8,5.6,283.7,79.15,100,47,89,8063.1,15949.1,272.6,79.14,100,45,87,12616.9,5.8,12.0,9,15
1782929038.984,263.004,294.4,79.14,100,47,89,20710.8,17109.8,277.1,79.15,99,26,85,2.9,5.2,269.7,79.15,99,27,88,2.3,11139.2,260.6,79.14,100,53,86,18634.0,6647.0,12.0,9,15
1782929039.427,263.446,293.8,79.14,100,59,90,3.1,4.0,285.3,79.15,99,26,85,20265.3,15027.6,279.2,79.15,100,49,89,1220.4,4.6,260.6,79.14,100,53,86,1.9,550.0,12.0,9,15
1782929039.871,263.890,298.5,79.14,100,59,91,1.8,4.2,285.3,79.15,100,49,85,1.9,2917.8,279.2,79.15,100,49,89,18933.4,14571.7,268.8,79.14,100,48,85,1.9,4.9,12.0,9,15
1782929040.312,264.331,298.5,79.14,100,59,91,9231.3,4.5,302.8,79.15,100,48,86,4.3,1983.9,291.1,79.15,100,50,90,19561.9,15065.0,285.7,79.14,100,49,87,3.8,5.7,12.0,9,15
1782929040.753,264.772,298.3,79.14,100,46,91,3437.5,15748.0,295.2,79.15,100,47,85,13835.5,5.9,288.9,79.15,100,48,89,4.7,17214.7,276.1,79.14,100,46,87,20746.4,5.8,12.0,9,15
1782929041.198,265.218,295.4,79.14,100,45,90,2.0,4.8,286.8,79.15,99,44,85,20219.8,17104.0,279.9,79.15,100,46,88,2.0,5.4,268.4,79.14,100,46,86,6623.0,16180.3,12.0,9,15
1782929041.641,265.660,298.1,79.14,100,44,90,10813.2,15794.9,287.5,79.15,100,45,86,10394.6,4.8,280.2,79.15,100,47,89,5.4,4129.9,268.9,79.14,100,45,87,19241.3,13137.9,12.0,9,15
1782929042.085,266.104,299.6,79.14,99,48,90,20707.1,17109.6,287.8,79.15,100,46,85,2.8,5.4,280.3,79.15,100,46,89,8.6,16892.8,269.7,79.14,100,47,85,20671.4,5.7,12.0,9,15
1782929042.528,266.547,303.4,79.14,100,50,91,20709.9,17110.3,293.3,79.15,100,55,86,2.1,4.5,286.4,79.15,100,56,90,2.3,7285.7,275.0,79.14,100,56,87,19011.1,10148.4,12.0,9,15
1782929042.969,266.988,301.2,79.14,100,49,91,19247.8,15209.9,294.1,79.15,100,47,85,1417.0,4.6,286.4,79.15,100,48,89,2.7,3702.5,276.9,79.14,99,48,85,18948.6,13754.5,12.0,9,15
1782929043.416,267.435,300.9,79.14,100,58,91,9794.7,15764.1,294.1,79.15,100,47,85,11583.3,4.7,288.7,79.15,100,56,90,2.7,1571.0,276.9,79.14,99,48,85,20196.5,14519.1,12.0,9,15
1782929043.857,267.876,299.0,79.14,99,49,90,5947.1,15860.4,293.7,79.15,100,54,86,15233.8,4.6,288.7,79.15,100,56,90,4.4,7.6,277.2,79.14,100,53,87,19713.7,17189.9,12.0,9,15
1782929044.300,268.319,299.0,79.14,99,49,90,20708.1,17107.3,293.6,79.15,100,49,85,2.1,5.9,286.3,79.15,100,50,89,10319.7,16112.7,275.9,79.14,100,47,86,10417.9,5.7,12.0,9,15
1782929044.741,268.760,299.4,79.14,100,49,91,5.2,6268.7,290.3,79.15,100,42,86,19547.2,9553.9,283.4,79.15,100,43,89,2.1,5.5,269.9,79.14,100,46,86,20771.1,17198.9,15.0,13,11
1782929045.186,269.205,299.3,79.14,100,41,91,2.9,10288.3,288.3,79.15,100,47,86,18904.9,7503.9,281.0,79.15,100,48,90,1.9,4.6,265.9,79.14,98,25,85,1.9,16859.2,15.0,13,11
1782929045.628,269.647,291.8,79.14,99,62,91,4.0,4.2,282.6,79.15,100,49,86,8.4,3072.1,275.3,79.15,100,49,89,19734.3,12899.5,268.6,79.14,99,51,87,8.4,8.9,15.0,13,11
1782929046.080,270.099,294.2,79.14,100,68,90,20705.3,4.5,290.8,79.15,100,50,86,2.6,4.3,284.7,79.15,100,50,90,1092.7,16748.8,280.3,79.14,100,52,87,20749.1,4.8,15.0,13,11
1782929046.521,270.540,300.3,79.14,100,55,91,18969.5,15668.4,298.6,79.15,100,55,86,3.6,4.7,291.3,79.15,100,55,90,1.9,17242.3,280.6,79.14,100,52,87,20752.3,5.5,15.0,13,11
1782929046.962,270.981,298.1,79.14,100,46,91,2.2,8.3,292.7,79.15,100,44,86,20710.4,17107.9,285.5,79.15,100,45,90,4.2,5.9,271.7,79.14,99,40,86,12609.2,15907.5,15.0,13,11
1782929047.406,271.425,296.4,79.14,99,44,91,16482.8,5.5,292.7,79.15,100,44,86,2.1,14349.5,285.5,79.15,100,45,90,18959.2,2869.5,271.7,79.14,99,40,86,2.9,5.2,15.0,13,11
1782929047.847,271.866,297.5,79.14,99,46,91,1.9,4.3,284.8,79.15,100,42,86,20717.1,17106.6,277.0,79.15,100,43,89,2.2,5.2,268.0,79.14,100,46,85,7.4,17258.9,15.0,13,11
1782929048.290,272.309,297.5,79.14,99,46,91,1.8,3484.7,284.7,79.15,100,49,85,19057.1,14026.2,276.9,79.15,100,50,89,2.3,4.8,267.6,79.14,100,46,85,1088.0,16747.4,15.0,13,11
1782929048.732,272.751,301.6,79.14,100,47,91,6.8,6372.5,293.4,79.15,100,45,86,19223.3,6920.7,285.8,79.15,100,47,89,1.9,4.7,276.1,79.14,100,57,87,1089.8,16762.2,15.0,13,11
1782929049.180,273.199,300.5,79.14,100,49,90,2.6,4.4,292.6,79.15,100,48,85,20217.9,17108.7,286.2,79.15,100,49,89,1.9,4.6,277.0,79.14,100,48,85,1.9,15431.5,15.0,13,11
1782929049.622,273.641,300.5,79.14,100,52,91,3.9,4.6,295.3,79.15,100,49,86,20726.6,17109.7,286.9,79.15,100,49,89,2.5,5.4,277.3,79.14,100,45,87,1075.1,16775.5,15.0,13,11
1782929050.074,274.093,300.7,79.14,99,49,90,2.0,399.4,295.2,79.15,100,50,85,19443.8,16931.1,287.8,79.15,99,51,89,3.7,4.7,276.6,79.14,100,46,86,2.7,17290.0,15.0,13,11
1782929050.516,274.535,299.4,79.14,99,47,90,3.6,17114.3,292.7,79.15,100,45,86,20705.8,6.1,285.2,79.15,100,46,89,2.1,3913.6,275.0,79.14,100,49,87,19320.6,13126.5,15.0,13,11
1782929050.958,274.977,300.6,79.14,100,47,91,1815.4,8.0,292.8,79.15,100,42,86,2.8,17116.9,283.4,79.15,100,43,89,20749.1,5.5,272.0,79.14,100,43,87,2.5,10360.0,15.0,13,11
1782929051.401,275.420,292.3,79.14,98,11,89,2.7,4.5,292.8,79.15,100,42,86,4852.0,15945.7,283.4,79.15,100,43,89,15810.1,4.5,272.0,79.14,100,43,87,2.3,4.2,18.0,17,7
1782929051.843,275.862,294.0,79.14,100,63,90,20707.9,4.6,277.3,79.15,99,44,85,1.9,4.1,269.8,79.15,99,44,89,1069.6,16815.3,262.2,79.14,99,53,87,20752.6,6.6,18.0,17,7
1782929052.288,276.307,294.0,79.14,100,63,90,4148.8,15677.0,286.3,79.15,99,52,86,17305.0,4.2,279.6,79.15,99,53,90,2.2,4.2,271.9,79.14,100,47,87,9600.4,15266.2,18.0,17,7
1782929052.731,276.750,293.9,79.14,100,63,91,6.5,17115.6,300.1,79.15,100,62,86,20710.1,7.0,294.1,79.15,100,63,90,1.9,4.7,285.9,79.14,100,57,87,20764.5,16479.4,18.0,17,7
1782929053.180,277.199,296.6,79.14,100,46,91,20704.0,5.9,292.5,79.15,100,46,85,3.1,13720.9,286.7,79.15,100,47,89,20067.4,2872.6,276.1,79.14,100,46,86,2.2,3659.9,18.0,17,7
1782929053.622,277.641,297.1,79.14,100,44,90,20709.9,17108.2,287.5,79.15,100,46,86,3.8,5.5,279.9,79.15,100,47,89,12983.9,19588.7,270.9,79.14,100,42,87,2064.1,7.8,18.0,17,7
1782929054.067,278.086,298.8,79.14,100,46,91,1.9,4.4,288.2,79.15,99,47,86,1.8,17129.3,280.1,79.15,99,48,89,20753.1,4.8,266.9,79.14,100,45,87,1.9,4.8,18.0,17,7
1782929054.508,278.527,300.1,79.14,100,46,90,1.9,4.6,288.2,79.15,100,45,86,3770.0,15881.1,280.4,79.15,100,45,89,17141.4,5.0,270.5,79.14,100,50,87,2.0,533.9,18.0,17,7
1782929054.951,278.970,301.0,79.14,100,54,91,4.8,8.8,291.6,79.15,100,50,86,9882.9,15587.2,284.0,79.15,100,52,89,11042.1,4.6,275.8,79.14,100,49,86,1.9,505.2,18.0,17,7
1782929055.395,279.414,300.8,79.14,100,48,90,2.8,4.5,291.6,79.15,100,50,86,506.0,17107.1,284.0,79.15,100,52,89,19965.9,4.7,275.8,79.14,100,49,86,2.7,4.2,18.0,17,7
1782929055.838,279.857,299.9,79.14,100,52,91,1.9,4.5,295.1,79.15,100,47,85,1.7,17140.7,286.9,79.15,100,48,89,20747.5,5.1,277.6,79.14,99,49,87,7.2,6.4,18.0,17,7
1782929056.285,280.304,299.9,79.14,100,52,91,2.7,4.7,295.9,79.15,100,54,86,490.9,17142.1,288.3,79.15,99,55,90,20745.7,4.8,277.4,79.14,99,51,87,2.3,4.7,18.0,17,7
1782929056.726,280.745,299.1,79.14,100,47,90,6.8,10.0,293.0,79.15,100,48,86,15845.5,16337.8,286.1,79.15,100,49,89,3413.3,5.7,275.5,79.14,100,46,86,1074.4,16764.9,18.0,17,7
1782929057.171,281.190,298.8,79.14,100,47,90,19852.6,4482.2,290.4,79.15,100,46,86,2.0,5.0,283.0,79.15,100,47,89,20306.6,17198.4,274.4,79.14,100,47,86,2.1,5.8,18.0,17,7
1782929057.614,281.633,297.9,79.14,100,46,90,2.5,17280.5,288.5,79.15,100,46,86,9160.4,4.5,280.3,79.15,100,47,89,2.7,13516.0,262.9,79.14,98,10,85,13833.1,10.0,21.0,21,3
1782929058.061,282.080,296.0,79.14,99,57,91,1.9,12837.4,286.6,79.15,99,53,86,15530.3,4.6,279.1,79.15,99,54,90,6.1,12846.5,268.7,79.14,99,55,85,15567.2,4.5,21.0,21,3
1782929058.502,282.521,295.4,79.14,100,57,91,1429.9,18521.6,291.9,79.15,100,57,86,6102.9,4.8,284.7,79.15,100,57,90,3967.3,18393.9,273.8,79.14,99,42,87,3395.9,4.7,21.0,21,3
1782929058.943,282.962,298.9,79.14,99,51,90,5.5,12842.0,294.0,79.15,99,36,86,13080.0,6.1,286.1,79.15,99,36,90,15569.5,12899.8,273.8,79.14,99,42,87,3.7,3904.1,21.0,21,3
1782929059.389,283.409,298.2,79.14,100,48,90,15532.7,12835.5,294.0,79.15,99,36,86,2.0,4.7,286.1,79.15,99,36,90,18982.6,10033.5,276.4,79.14,99,48,86,2.0,8308.0,21.0,21,3
1782929059.830,283.849,298.7,79.14,99,41,91,4.5,4.7,287.3,79.15,99,37,86,19609.4,8397.3,278.8,79.15,99,38,89,2.6,4.0,268.6,79.14,100,50,86,18309.5,10047.1,21.0,21,3
1782929060.276,284.295,298.7,79.14,99,41,91,581.9,18549.1,286.8,79.15,100,51,85,6940.3,4.6,278.0,79.15,100,52,88,1075.8,16072.1,272.2,79.14,99,50,87,8557.0,5.5,21.0,21,3
1782929060.717,284.736,301.4,79.14,99,46,91,18395.6,10460.2,292.2,79.15,100,53,86,5.1,37.5,282.6,79.15,100,55,90,20684.5,7884.5,277.0,79.14,99,54,87,4.5,529.8,21.0,21,3
1782929061.164,285.183,302.4,79.14,99,49,91,1832.0,4.4,293.7,79.15,100,48,86,5366.6,18210.5,286.3,79.15,100,50,89,2109.2,5.5,277.0,79.14,99,55,87,6631.2,18600.3,21.0,21,3
1782929061.606,285.625,300.3,79.14,99,49,91,1.9,12836.1,294.5,79.15,100,50,86,15529.5,5.6,286.7,79.15,99,51,89,9181.5,18243.2,276.3,79.14,100,51,86,5.3,5349.3,21.0,21,3
1782929062.057,286.076,296.4,79.14,99,41,90,9333.8,17978.1,293.5,79.15,100,46,86,3.4,5.2,285.4,79.15,100,47,89,18175.7,6340.9,272.6,79.14,99,48,86,6906.8,6899.1,23.0,29,0
1782929062.502,286.521,296.7,79.14,100,55,90,6271.1,5266.1,288.6,79.15,100,57,85,5600.6,5413.8,279.8,79.15,100,58,89,5925.2,6847.5,269.2,79.14,100,57,86,5673.3,6974.2,23.0,29,0
1782929062.944,286.963,299.6,79.14,100,58,90,6603.9,5649.0,289.1,79.15,100,58,85,5430.3,5743.8,281.6,79.15,100,59,89,5581.0,6838.3,269.2,79.14,100,57,86,5609.0,7218.2,23.0,29,0
1782929063.392,287.411,302.4,79.14,100,58,90,6032.6,4521.5,289.1,79.15,100,58,85,6160.3,5317.4,281.6,79.15,100,59,89,6507.8,6888.4,272.6,79.14,100,58,86,5699.6,7279.5,23.0,32,0
1782929063.834,287.853,301.6,79.14,100,59,90,5354.4,5091.1,293.6,79.15,100,58,85,5871.3,5421.1,285.5,79.15,100,59,89,6345.0,7040.1,275.5,79.14,100,59,86,6500.1,6730.6,23.0,32,0
1782929064.280,288.299,301.6,79.14,100,59,90,5225.6,5025.3,295.2,79.15,100,58,85,5389.3,6016.8,286.6,79.15,100,60,89,5491.1,7118.8,276.3,79.14,100,58,86,5567.9,7108.6,23.0,32,0
1782929064.721,288.741,300.6,79.14,100,58,90,6027.6,4466.8,295.6,79.15,100,58,85,5923.2,6323.1,287.3,79.15,100,59,89,5754.6,6810.6,276.4,79.14,100,58,86,5759.1,7417.2,24.0,32,0
1782929065.168,289.187,299.8,79.14,100,58,90,6003.5,4364.4,294.7,79.15,100,58,85,6225.5,5133.3,286.5,79.15,100,59,89,6457.8,6948.6,275.5,79.14,100,58,86,5826.1,7233.2,24.0,32,0
1782929066.056,290.075,300.1,79.14,100,59,90,5270.8,4956.2,294.9,79.15,100,58,85,5383.8,5929.9,286.9,79.15,100,59,89,5517.4,7158.5,276.0,79.14,100,59,86,6052.6,6774.8,24.0,32,0
1782929066.498,290.517,300.2,79.14,100,60,90,6017.1,4378.0,295.1,79.15,100,59,85,6149.0,5293.9,287.0,79.15,100,60,89,5993.4,6884.3,276.1,79.14,100,58,86,5721.0,7340.5,24.0,32,0
1782929066.940,290.959,300.1,79.14,100,59,90,5939.6,4545.3,295.4,79.15,100,58,85,6087.1,5320.1,287.2,79.15,100,60,89,6216.4,6582.8,276.1,79.14,100,58,86,6343.0,6305.5,24.0,32,0
1782929067.383,291.402,299.9,79.14,100,59,90,5356.0,5091.8,295.4,79.15,100,58,85,5351.3,6045.2,287.2,79.15,100,60,89,5548.2,7050.5,276.3,79.14,100,59,86,6315.9,6665.1,24.0,32,0
1782929067.824,291.843,300.1,79.14,100,58,90,6201.0,4379.4,295.3,79.15,100,58,85,5760.4,5759.1,287.2,79.15,100,60,89,5614.5,7164.5,276.2,79.14,100,59,86,5650.7,7530.9,24.0,32,0
1782929068.268,292.287,300.1,79.14,100,58,90,5848.5,4478.5,295.1,79.15,100,58,85,6101.2,5448.3,287.1,79.15,100,59,89,6379.9,6530.2,276.1,79.14,100,58,86,6537.2,7230.2,24.0,32,0
1782929068.711,292.730,300.1,79.14,100,59,90,5686.5,5150.7,295.3,79.15,100,58,85,7168.8,5308.5,287.2,79.15,100,59,89,6526.3,6415.2,276.1,79.14,100,59,86,6478.6,6786.7,24.0,32,0
1782929069.161,293.180,300.1,79.14,100,59,90,5287.5,5200.3,295.6,79.15,100,58,85,5845.5,5382.2,287.2,79.15,100,60,89,6347.7,6516.8,276.1,79.14,100,58,86,6316.0,6671.7,24.0,32,0
1782929069.603,293.622,299.8,79.14,100,58,90,5377.8,5173.2,294.8,79.15,100,57,85,5420.5,5977.4,286.2,79.15,100,58,89,6334.6,8185.2,275.3,79.14,100,58,86,6501.7,7074.6,24.0,32,0
1782929070.051,294.070,299.6,79.14,100,59,90,5270.5,5092.9,294.3,79.15,100,58,85,5430.4,6044.1,285.4,79.15,100,59,89,6214.7,6097.0,274.9,79.14,100,59,86,6372.8,6664.9,24.0,32,0
1782929070.492,294.511,299.9,79.14,100,58,90,5377.3,5232.3,294.9,79.15,100,58,85,5533.3,5700.0,286.0,79.15,100,59,89,5593.4,7077.5,275.3,79.14,100,58,86,5668.6,7396.1,24.0,32,0
1782929070.935,294.954,300.1,79.14,100,58,90,6372.6,4982.8,295.0,79.15,100,58,86,5373.6,5811.6,286.2,79.15,100,60,89,5764.4,6883.4,275.3,79.14,100,58,86,5694.8,7357.9,24.0,32,0
1782929071.381,295.400,300.2,79.14,100,59,90,6017.2,4488.7,295.0,79.15,100,58,86,6274.1,5298.7,286.2,79.15,100,60,89,6506.9,7183.7,275.5,79.14,100,59,86,5885.4,7359.8,24.0,32,0
1782929071.824,295.843,300.2,79.14,100,59,90,5933.9,4555.5,295.2,79.15,100,59,85,6117.8,5484.8,286.7,79.15,100,60,89,6439.3,6511.6,275.6,79.14,100,59,86,6503.6,7160.4,24.0,32,0
1782929072.268,296.287,300.2,79.14,100,59,90,5189.1,5316.4,295.7,79.15,100,58,85,6105.3,5378.8,287.1,79.15,100,59,89,6303.2,6600.2,275.6,79.14,100,58,86,6481.8,6922.7,25.0,32,0
1782929072.710,296.729,299.9,79.14,100,58,90,5931.5,5323.6,295.0,79.15,100,58,86,6150.9,5451.7,286.5,79.15,100,59,89,6363.3,6461.5,275.0,79.14,100,58,86,6607.2,6655.2,25.0,32,0
1782929073.159,297.178,299.7,79.14,100,58,90,5271.9,5329.4,294.1,79.15,100,58,85,5503.0,5833.9,285.6,79.15,100,59,89,6431.9,6438.2,274.5,79.14,100,58,86,6388.6,6519.5,25.0,32,0
1782929073.602,297.621,299.9,79.14,100,58,90,5351.7,5316.3,294.2,79.15,100,58,86,5446.1,5902.2,285.5,79.15,100,59,89,6301.6,6403.1,274.7,79.14,100,58,86,6627.3,7653.4,25.0,32,0
1782929074.052,298.071,300.1,79.14,100,58,90,5351.5,5207.0,294.3,79.15,100,58,86,6185.7,5349.8,285.7,79.15,100,59,89,6407.5,6448.3,274.7,79.14,100,58,86,6585.7,6248.5,25.0,32,0
1782929074.496,298.515,299.9,79.14,100,58,90,5284.2,5435.3,294.3,79.15,100,57,86,6194.0,5394.6,285.5,79.15,100,58,89,6279.1,6371.3,274.3,79.14,100,57,86,6482.1,6360.4,25.0,32,0
1782929074.938,298.957,299.8,79.14,100,58,90,5366.9,5286.6,294.2,79.15,100,58,86,5383.8,5860.3,285.6,79.15,100,59,89,6283.5,6364.1,274.3,79.14,100,57,86,6489.0,6974.8,25.0,32,0
1782929075.380,299.399,300.0,79.14,100,58,90,5438.6,5229.3,294.2,79.15,100,58,86,5303.6,5976.6,285.6,79.15,100,59,89,5588.6,7234.6,274.7,79.14,100,59,86,6372.0,6746.4,25.0,32,0
1782929075.822,299.841,299.9,79.14,100,58,90,5442.9,5206.7,294.2,79.15,100,58,86,5606.8,5883.2,285.8,79.15,100,59,89,5613.8,7094.0,275.0,79.14,100,58,86,5578.6,7701.5,25.0,32,0
1782929076.264,300.283,299.9,79.14,100,58,90,6264.4,4294.1,294.4,79.15,100,58,86,5885.4,5779.1,285.9,79.15,100,59,89,5621.5,7062.1,275.0,79.14,100,59,86,5806.0,7290.4,25.0,32,0
1782929076.706,300.725,300.2,79.14,100,58,90,6196.2,4490.8,294.7,79.15,100,58,85,6544.0,5799.7,286.0,79.15,100,59,89,5739.5,6993.7,275.1,79.14,100,58,86,5768.0,7121.5,25.0,32,0
1782929077.150,301.169,300.0,79.14,100,59,90,6099.6,4450.4,294.9,79.15,100,58,86,6375.5,5317.9,286.2,79.15,100,60,89,6593.2,6508.6,275.4,79.14,100,58,86,5892.1,7374.6,25.0,32,0
1782929077.592,301.611,300.1,79.14,100,58,90,5924.2,4576.6,294.5,79.15,100,58,86,6173.8,5290.7,286.3,79.15,100,59,89,6518.2,6162.1,275.2,79.14,100,58,86,6369.6,7564.5,25.0,32,0
1782929078.035,302.054,299.9,79.14,100,58,90,5946.3,4649.9,294.1,79.15,100,58,86,6204.8,5433.8,286.0,79.15,100,59,89,6459.6,6333.0,274.9,79.14,100,58,86,6841.0,6995.1,25.0,32,0
1782929078.481,302.500,300.0,79.14,100,59,90,5957.3,4613.0,294.4,79.15,100,58,86,6123.4,5444.5,286.3,79.15,100,59,89,6424.5,6378.5,275.3,79.14,100,58,86,6670.5,6297.1,26.0,32,0
1782929078.925,302.944,300.1,79.14,100,59,90,5189.4,5644.4,294.4,79.15,100,58,86,6102.1,5422.0,286.7,79.15,100,59,89,6333.5,6585.0,275.3,79.14,100,58,86,6337.5,6447.7,26.0,32,0
1782929079.369,303.388,300.3,79.14,100,59,90,5396.1,5113.0,295.0,79.15,100,58,86,5526.7,5873.8,286.7,79.15,100,59,89,5549.2,6977.8,275.6,79.14,100,58,86,6447.6,6633.9,26.0,32,0
1782929079.812,303.831,300.3,79.14,100,59,90,5764.7,4966.5,295.5,79.15,100,58,86,5583.2,5826.6,287.3,79.15,100,60,89,5871.8,6891.0,276.2,79.14,100,58,86,5544.9,7544.6,26.0,32,0
1782929080.253,304.272,300.1,79.14,100,59,90,6255.9,4273.7,295.7,79.15,100,58,86,6375.1,5707.9,287.5,79.15,100,60,89,5720.9,6892.2,276.2,79.14,100,59,86,5743.6,7131.4,26.0,32,0
1782929080.696,304.715,299.7,79.14,100,58,90,5939.8,4620.2,295.4,79.15,100,58,86,6309.0,5315.3,287.0,79.15,100,59,89,5983.7,7031.4,275.7,79.14,100,58,86,5786.8,7257.7,26.0,32,0
1782929081.141,305.160,299.9,79.14,100,59,90,6012.0,4672.4,295.4,79.15,100,59,86,6312.7,5424.6,286.9,79.15,100,60,89,6559.3,6937.6,275.8,79.14,100,58,86,5883.7,7442.5,26.0,32,0
1782929081.584,305.603,300.0,79.14,100,58,90,5934.7,4586.1,295.5,79.15,100,59,86,6096.6,5364.1,286.6,79.15,100,60,89,6476.4,6189.4,276.0,79.14,100,58,86,7121.1,7073.4,26.0,32,0
1782929082.028,306.047,299.8,79.14,100,58,90,5933.6,4499.6,295.0,79.15,100,58,86,6066.9,5298.3,286.2,79.15,100,59,89,6504.4,6337.9,275.6,79.14,100,59,86,6689.1,6415.5,26.0,32,0
1782929082.471,306.490,300.1,79.14,100,59,90,5358.9,5212.3,295.3,79.15,100,58,86,5675.9,5608.9,286.7,79.15,100,59,89,6302.2,6489.0,275.7,79.14,100,58,86,6514.1,6407.2,26.0,32,0
1782929082.915,306.934,300.2,79.14,100,58,90,5516.4,5391.5,295.3,79.15,100,58,86,5517.3,5951.5,286.7,79.15,100,59,89,6137.1,6967.8,275.7,79.14,100,58,86,6396.1,6639.2,26.0,32,0
1782929083.359,307.378,300.1,79.14,100,59,90,5192.6,4964.4,295.7,79.15,100,58,86,5517.0,5941.7,287.1,79.15,100,59,89,5646.4,7055.4,275.9,79.14,100,58,86,5583.3,7655.4,26.0,32,0
1782929083.801,307.820,300.1,79.14,100,59,90,6108.9,4340.7,295.8,79.15,100,59,86,6235.9,5203.2,287.5,79.15,100,60,89,6241.7,6996.1,276.0,79.14,100,59,86,5738.4,7311.1,26.0,32,0
1782929084.243,308.262,300.2,79.14,100,59,90,5944.9,4476.5,295.7,79.15,100,58,86,6159.4,5135.7,287.5,79.15,100,59,89,6528.9,6249.6,276.0,79.14,100,59,86,6640.2,7675.8,27.0,32,0
1782929084.687,308.706,299.8,79.14,100,59,90,5537.8,5868.4,295.4,79.15,100,57,86,6307.4,5341.1,287.1,79.15,100,59,89,6534.8,6457.3,275.7,79.14,100,58,86,6560.6,7390.6,27.0,32,0
1782929085.135,309.154,299.6,79.14,100,59,90,5681.0,4868.0,295.2,79.15,100,58,86,6086.6,5671.9,286.8,79.15,100,60,89,6443.1,6305.2,275.9,79.14,100,59,86,6699.2,6656.0,27.0,32,0
1782929085.577,309.596,299.9,79.14,100,58,90,5194.4,5180.2,295.5,79.15,100,58,86,5995.1,5469.3,286.7,79.15,100,59,89,6431.2,6597.2,275.8,79.14,100,58,86,6514.4,7027.1,27.0,32,0
1782929086.022,310.041,299.8,79.14,100,58,90,5193.4,5238.1,295.2,79.15,100,58,86,5538.1,5633.5,286.3,79.15,100,60,89,6375.1,6540.0,275.7,79.14,100,59,86,6422.7,6699.8,27.0,32,0
1782929086.464,310.483,300.2,79.14,100,59,90,5363.5,5088.3,295.6,79.15,100,58,86,5584.9,5769.4,286.8,79.15,100,59,89,5580.9,6952.4,275.8,79.14,100,59,86,6333.8,6994.8,27.0,32,0
1782929086.906,310.925,300.4,79.14,100,59,90,6284.8,5023.3,295.6,79.15,100,58,86,5603.7,6183.3,286.8,79.15,100,59,89,5725.7,7049.1,275.8,79.14,100,59,86,5614.3,7217.6,27.0,32,0
1782929087.352,311.371,300.0,79.14,100,59,90,6219.7,4394.0,296.0,79.15,100,58,86,6279.2,5931.3,287.4,79.15,100,59,89,5788.4,7105.0,276.3,79.14,100,59,86,5798.2,7423.1,27.0,32,0
1782929087.795,311.814,300.0,79.14,100,59,90,6111.1,4556.3,296.1,79.15,100,58,86,6558.2,5515.1,287.3,79.15,100,60,89,6032.2,7498.4,276.5,79.14,100,59,86,5822.2,7212.7,27.0,32,0
1782929088.237,312.256,299.9,79.14,100,58,90,6186.1,4408.5,295.6,79.15,100,57,86,6591.6,5665.4,286.9,79.15,100,59,89,5723.7,6890.2,275.8,79.14,100,58,86,5771.2,7521.3,27.0,32,0
1782929088.680,312.699,299.6,79.14,100,58,90,6020.0,4637.0,294.6,79.15,100,58,86,6450.2,5908.5,286.0,79.15,100,60,89,5870.1,7372.0,274.9,79.14,100,58,86,5677.0,7475.1,27.0,32,0
1782929089.131,313.151,299.7,79.14,100,58,90,5944.8,5081.5,294.0,79.15,100,57,86,5618.5,5987.6,285.5,79.15,100,58,89,5727.8,7495.0,274.4,79.14,100,58,86,5487.3,7533.5,27.0,32,0
1782929089.574,313.593,299.8,79.14,100,58,90,5605.9,5017.2,293.9,79.15,100,57,86,5681.7,6120.0,285.2,79.15,100,58,89,5763.0,7069.7,274.1,79.14,100,58,86,6086.1,6970.2,27.0,32,0
1782929090.015,314.034,299.9,79.14,100,58,90,5603.1,5222.9,293.6,79.15,100,57,86,5643.1,5879.6,284.8,79.15,100,58,89,5685.9,7389.0,273.8,79.14,100,58,86,6093.5,6552.9,27.0,32,0
1782929090.456,314.476,299.9,79.14,100,58,90,5527.3,5188.5,293.5,79.15,100,57,86,5583.8,5888.4,284.6,79.15,100,58,89,5706.1,7183.3,273.7,79.14,100,58,86,6429.5,6682.0,27.0,32,0
1782929090.898,314.917,299.8,79.14,100,59,90,5446.9,5242.1,293.5,79.15,100,57,86,5729.2,5987.0,284.6,79.15,100,58,89,6475.6,6433.9,273.7,79.14,100,58,86,6588.1,6414.1,27.0,32,0
1782929091.341,315.360,299.8,79.14,100,57,90,5372.6,5337.2,293.6,79.15,100,58,86,6229.6,5439.9,284.6,79.15,100,59,89,6543.7,6461.7,273.8,79.14,100,57,86,6662.8,6325.6,27.0,32,0
1782929091.783,315.802,299.8,79.14,100,57,90,6022.1,4719.4,293.5,79.15,100,57,86,6225.7,5357.1,284.5,79.15,100,59,89,6531.7,6221.6,273.4,79.14,100,57,86,6808.6,7438.1,28.0,32,0
1782929092.229,316.248,300.0,79.14,100,57,90,6192.2,4626.2,293.7,79.15,100,57,86,6440.7,5326.7,284.7,79.15,100,59,89,6661.5,6791.3,273.6,79.14,100,58,86,5908.1,7197.0,28.0,32,0
1782929092.673,316.692,300.1,79.14,100,58,90,6341.8,4565.0,293.9,79.15,100,58,86,6705.0,5970.2,285.1,79.15,100,59,89,6193.5,7095.2,273.8,79.14,100,57,86,5694.1,7151.0,28.0,32,0
1782929093.120,317.139,300.1,79.14,100,58,90,5638.8,5235.1,293.8,79.15,100,58,86,5602.9,5964.9,284.9,79.15,100,59,89,5820.1,7120.8,274.2,79.14,100,58,86,6485.3,6314.9,28.0,32,0
1782929093.562,317.581,300.0,79.14,100,57,90,5640.9,5231.9,293.9,79.15,100,57,86,5648.1,5896.1,284.7,79.15,100,58,89,5534.1,7027.8,274.1,79.14,100,57,86,6453.2,7947.1,28.0,32,0
1782929094.009,318.028,300.1,79.14,100,57,90,5304.4,5366.1,293.6,79.15,100,57,86,6278.7,5300.2,284.4,79.15,100,59,89,6445.7,6479.6,273.4,79.14,100,58,86,6696.7,6422.9,28.0,32,0
1782929094.452,318.471,300.1,79.14,100,58,90,5693.2,4742.1,293.9,79.15,100,57,86,6316.5,5502.9,284.4,79.15,100,59,89,6631.1,6291.2,273.4,79.14,100,58,86,6753.7,7138.7,28.0,32,0
1782929094.898,318.917,300.0,79.14,100,57,90,6113.3,4666.1,293.9,79.15,100,57,86,6456.8,5350.7,284.4,79.15,100,59,89,6591.9,6988.3,273.6,79.14,100,58,86,5873.0,7376.9,28.0,32,0
1782929095.340,319.359,300.0,79.14,100,58,90,6175.1,4548.5,294.0,79.15,100,58,86,6412.6,5125.6,284.6,79.15,100,59,89,6781.9,7168.1,273.9,79.14,100,58,86,5877.3,7298.9,28.0,32,0
1782929095.780,319.799,300.0,79.14,100,58,90,6429.3,4550.4,293.8,79.15,100,57,86,6462.8,5736.1,284.5,79.15,100,58,89,5954.4,6918.7,273.8,79.14,100,58,86,5678.2,7243.0,28.0,32,0
1782929096.224,320.243,299.9,79.14,100,57,90,6180.1,4428.3,294.1,79.15,100,57,86,6334.9,6256.1,284.8,79.15,100,59,89,5894.1,7198.4,274.3,79.14,100,58,86,5848.6,7369.1,28.0,32,0
1782929096.668,320.687,300.1,79.14,100,58,90,6406.3,5127.6,294.3,79.15,100,57,86,5976.3,5683.0,285.0,79.15,100,59,89,6425.8,7029.5,274.4,79.14,100,57,86,6435.0,6527.7,28.0,32,0
1782929097.117,321.136,299.8,79.14,100,58,90,5639.0,5440.0,294.1,79.15,100,58,86,5429.7,5839.8,285.1,79.15,100,59,89,6333.4,6135.9,274.2,79.14,100,58,86,6628.0,6347.7,28.0,32,0
1782929097.560,321.579,299.8,79.14,100,58,90,5353.5,5306.4,293.8,79.15,100,57,86,5653.2,5664.9,285.0,79.15,100,59,89,6442.0,6212.6,273.9,79.14,100,58,86,6576.6,6145.0,29.0,32,0
1782929098.001,322.020,300.1,79.14,100,58,90,5302.4,5376.9,293.7,79.15,100,57,86,6246.6,5534.1,285.0,79.15,100,58,89,6532.1,6305.9,274.0,79.14,100,58,86,6682.6,6408.6,29.0,32,0
1782929098.443,322.462,300.0,79.14,100,58,90,6099.2,4658.6,293.6,79.15,100,57,86,6294.5,5024.5,284.8,79.15,100,59,89,6739.2,7001.1,274.0,79.14,100,58,86,5996.8,7132.0,29.0,32,0
1782929098.887,322.906,299.6,79.14,100,57,90,6259.4,4531.1,293.6,79.15,100,57,86,6422.1,5633.7,284.8,79.15,100,59,89,6560.9,7048.3,273.7,79.14,100,58,86,5777.4,7040.2,29.0,32,0
1782929099.333,323.352,300.0,79.14,100,57,90,6354.1,5115.8,293.3,79.15,100,58,86,5630.7,5877.9,284.3,79.15,100,59,89,5744.0,7170.3,273.4,79.14,100,58,86,5846.4,6877.2,29.0,32,0
1782929099.776,323.795,300.0,79.14,100,57,90,5363.2,5268.0,293.5,79.15,100,57,86,5672.2,5625.5,284.6,79.15,100,59,89,6486.6,6346.8,273.5,79.14,100,58,86,6704.7,6176.2,29.0,32,0
1782929100.225,324.244,300.2,79.14,100,58,90,3403.7,5647.9,293.8,79.15,100,57,86,10356.5,4288.9,285.0,79.15,100,58,89,5187.8,8607.2,273.4,79.14,100,58,86,6601.0,3136.6,29.0,32,0
1782929101.158,325.177,294.9,79.14,98,41,90,10357.0,4329.5,286.6,79.15,98,44,86,4475.0,8444.8,279.1,79.15,98,45,89,10377.4,5256.5,267.4,79.14,98,44,86,2973.8,8445.4,29.0,32,0
1782929101.601,325.620,298.8,79.14,98,46,90,5741.3,8111.1,286.8,79.15,98,44,86,10354.7,8559.5,279.6,79.15,98,45,89,10377.1,8602.2,268.2,79.14,98,46,87,7877.3,20797.6,29.0,32,0
1782929102.047,326.066,293.6,79.14,97,18,91,1.8,4.4,276.2,79.15,99,33,86,20739.0,17111.0,269.2,79.15,99,32,89,1.8,4.2,263.0,79.14,99,52,85,3.4,4.2,29.0,32,0
1782929102.490,326.509,290.8,79.14,100,54,90,16431.7,4.2,285.0,79.15,100,50,85,2.7,4.3,278.1,79.15,100,49,88,20790.7,17209.4,269.2,79.14,100,48,86,2.8,4.6,29.0,32,0
1782929102.941,326.960,294.4,79.14,100,58,90,20709.7,17109.3,299.0,79.15,100,53,87,5.1,4.8,292.3,79.15,100,54,89,2.8,12631.0,269.2,79.14,100,48,86,18749.4,4971.0,29.0,32,0
1782929103.382,327.401,298.2,79.14,100,46,90,20707.8,16667.7,299.0,79.15,100,53,87,3.3,7.0,292.3,79.15,100,54,89,2360.7,16440.2,286.3,79.14,100,53,87,18217.2,6.4,29.0,32,0
1782929103.824,327.843,294.8,79.14,99,44,89,2.2,3561.8,295.6,79.15,100,48,86,19721.9,13575.9,287.8,79.15,100,48,89,2.1,5.8,277.0,79.14,100,46,86,20773.8,17205.3,29.0,32,0
1782929104.267,328.286,294.8,79.14,99,44,89,7317.7,5.0,288.3,79.15,100,45,86,4.1,16232.0,279.9,79.15,100,46,90,20369.8,455.5,268.8,79.14,100,46,87,4.5,5.1,29.0,32,0
1782929104.708,328.727,298.6,79.14,100,46,90,6.2,7.6,289.0,79.15,100,45,86,20716.9,17112.2,280.1,79.15,100,46,89,4.6,4.8,269.7,79.14,100,45,87,1.9,15571.8,29.0,32,0
1782929105.157,329.176,299.0,79.14,100,47,91,3.9,4148.3,289.4,79.15,100,46,85,19191.9,13466.2,280.5,79.15,100,46,89,1.9,4.9,270.4,79.14,100,48,86,1084.8,16781.2,29.0,32,0
1782929105.598,329.617,303.2,79.14,100,56,91,2.3,4.3,294.3,79.15,100,55,87,20727.6,17109.2,286.0,79.15,100,56,90,4.3,4.7,275.9,79.14,100,57,87,2.5,15008.5,29.0,32,0
1782929106.042,330.061,300.5,79.14,100,48,90,1.8,4.3,295.6,79.15,100,47,85,15492.4,15685.5,286.1,79.15,100,48,89,5147.7,4.6,277.3,79.14,99,48,86,1.9,558.4,29.0,32,0
1782929106.485,330.504,299.5,79.14,100,49,90,1.9,4.7,295.7,79.15,100,54,87,14255.6,15851.4,289.0,79.15,100,56,90,1973.0,4.7,277.8,79.14,100,53,87,2.3,3770.3,29.0,32,0
1782929106.931,330.950,299.1,79.14,100,47,90,1.9,7.2,295.7,79.15,100,54,87,13140.7,15527.3,286.2,79.15,100,49,89,7206.2,4.8,277.8,79.14,100,53,87,2.7,6590.8,29.0,32,0
1782929107.375,331.394,299.0,79.14,100,49,91,3.6,17115.9,295.2,79.15,100,48,86,20703.5,5.4,286.2,79.15,100,49,89,2.1,3674.5,276.2,79.14,99,47,86,19354.4,13380.6,29.0,32,0
1782929107.817,331.836,299.0,79.14,100,49,91,6181.8,5.4,292.0,79.15,100,43,87,2.9,17121.0,283.0,79.15,100,44,89,20750.9,5.7,270.6,79.14,100,46,86,2.9,17406.7,4.0,0,27
1782929108.271,332.290,299.7,79.14,99,43,91,3.5,4.3,289.7,79.15,100,47,87,3.5,14885.3,280.7,79.15,100,48,89,18415.5,2855.6,267.3,79.14,98,28,87,4.2,4.2,4.0,0,27
1782929108.711,332.730,290.2,79.14,100,52,90,20709.6,17112.1,283.7,79.15,100,50,86,5.4,9.5,275.3,79.15,100,50,88,9.3,3273.1,269.2,79.14,100,52,87,19244.8,14373.2,4.0,0,27
1782929109.157,333.176,293.6,79.14,99,50,90,3.9,5927.5,291.2,79.15,99,48,86,19142.1,11612.7,284.4,79.15,99,48,89,2.0,5.0,275.6,79.14,100,49,87,1093.0,16767.7,4.0,0,27
1782929109.599,333.618,301.7,79.14,100,59,90,1.9,3855.7,299.7,79.15,100,53,87,19007.5,13727.1,293.2,79.15,100,54,90,4.7,5.7,281.6,79.14,100,52,87,20779.8,17196.9,4.0,0,27
1782929110.043,334.062,297.4,79.14,100,46,90,14185.6,5.7,294.0,79.15,99,45,86,3.2,17117.4,287.1,79.15,99,45,90,20747.4,5.8,273.3,79.14,100,40,87,2.5,8245.5,4.0,0,27
1782929110.486,334.505,296.1,79.14,99,42,91,19834.9,14969.1,284.7,79.15,100,40,86,2.2,5.0,278.3,79.15,99,40,90,9218.2,16692.0,267.0,79.14,100,46,86,10758.3,5.1,4.0,0,27
1782929110.929,334.948,298.3,79.14,99,45,91,3869.6,7.2,284.7,79.15,100,40,86,4.0,8256.5,278.6,79.15,100,53,90,19409.9,9078.2,267.0,79.14,100,46,86,2.8,4.8,4.0,0,27
1782929111.371,335.390,300.9,79.14,100,50,91,3.5,4.7,286.8,79.15,100,52,87,3.5,17144.9,278.6,79.15,100,53,90,20750.2,5.4,268.4,79.14,100,46,86,4.4,4.9,4.0,0,27
1782929111.812,335.831,300.9,79.14,100,50,91,2.7,4.5,292.0,79.15,100,46,86,1.9,10167.5,283.5,79.15,100,46,89,19011.4,7268.1,276.6,79.14,99,56,87,1.8,4.8,4.0,0,27
1782929112.253,336.272,300.6,79.14,100,49,90,8342.0,4.5,293.3,79.15,100,48,86,2.8,37.7,284.9,79.15,100,48,90,19695.9,17192.1,276.2,79.14,100,48,86,2.9,4.8,4.0,0,27
1782929112.694,336.713,300.4,79.14,100,50,90,17302.6,7.5,295.2,79.15,100,49,86,6.6,41.0,287.9,79.15,100,49,89,18517.0,16948.9,277.2,79.14,100,45,87,4.1,4.7,4.0,0,27
1782929113.139,337.158,300.2,79.14,100,48,90,15634.2,4.6,296.2,79.15,100,50,87,1.9,4.2,288.3,79.15,99,51,90,20431.2,17188.9,276.9,79.14,100,46,86,2.5,5.1,4.0,0,27
1782929113.581,337.600,299.2,79.14,100,47,90,3.0,5.6,294.1,79.15,100,46,86,8528.6,16147.6,285.7,79.15,99,46,89,11667.7,5.8,275.7,79.14,100,49,87,2.5,17256.7,4.0,0,27
1782929114.023,338.042,300.6,79.14,100,47,90,19472.8,12840.5,294.4,79.15,100,41,87,2.1,5.3,286.1,79.15,100,42,90,19559.0,16187.6,272.3,79.14,100,43,87,831.4,5.8,7.0,1,23
1782929114.463,338.483,292.2,79.14,98,11,91,19259.9,9430.0,278.9,79.15,99,47,86,3.5,4.4,270.9,79.15,99,47,89,1.8,17266.1,261.8,79.14,100,51,87,20757.8,4.5,7.0,1,23
1782929114.908,338.927,294.2,79.14,99,64,90,1.8,262.2,278.9,79.15,99,47,86,19218.7,17106.1,270.9,79.15,99,47,89,6.6,4.5,261.8,79.14,100,51,87,2.3,13896.4,7.0,1,23
1782929115.351,339.370,300.1,79.14,100,63,90,1.8,4.1,286.8,79.15,99,54,87,1.7,17163.5,279.9,79.15,99,55,89,20753.5,5.2,272.6,79.14,100,49,87,2.8,4.9,7.0,1,23
1782929115.793,339.812,300.1,79.14,100,63,90,5.7,4.6,300.8,79.15,100,61,87,1.9,17135.6,296.3,79.15,100,61,90,20745.5,5.6,284.4,79.14,100,57,87,3.1,4497.9,7.0,1,23
1782929116.236,340.255,297.0,79.14,100,47,89,20708.9,17110.4,294.0,79.15,100,46,86,2.2,5.9,287.5,79.15,100,47,89,12957.8,16354.4,276.6,79.14,100,45,87,7524.4,5.7,7.0,1,23
1782929116.677,340.696,296.3,79.14,100,44,90,10.0,15115.0,288.9,79.15,100,46,86,20234.5,795.7,281.1,79.15,100,47,90,9.9,1448.2,268.3,79.14,100,41,87,19434.7,12034.6,7.0,1,23
1782929117.126,341.145,299.3,79.14,99,46,91,18999.6,8825.0,287.2,79.15,100,47,87,1.9,4.7,278.8,79.15,100,47,90,3630.8,16160.5,266.5,79.14,99,45,86,16797.8,4.7,7.0,1,23
1782929117.567,341.586,300.2,79.14,100,47,90,20708.3,11.1,289.7,79.15,100,45,86,4.7,4.7,281.5,79.15,100,45,89,20774.0,16611.6,273.4,79.14,100,56,87,3.6,5.2,7.0,1,23
1782929118.009,342.028,298.8,79.14,100,50,89,20706.1,4.9,292.8,79.15,100,48,86,1.9,4.6,284.6,79.15,100,49,90,9882.0,15652.0,275.9,79.14,100,48,87,11325.2,4.7,7.0,1,23
1782929118.449,342.468,300.6,79.14,100,48,90,19207.9,10491.0,296.2,79.15,100,48,86,1.9,4.6,287.9,79.15,100,49,89,806.3,16774.1,275.9,79.14,100,48,87,20746.4,4.6,7.0,1,23
1782929118.890,342.909,301.1,79.14,99,47,90,20710.0,17108.4,296.2,79.15,100,48,86,1.9,8.0,287.9,79.15,100,49,89,8.3,17256.8,278.0,79.14,100,53,87,20749.1,4.8,7.0,1,23
1782929119.332,343.351,299.8,79.14,100,48,90,20709.1,17110.6,296.3,79.15,100,48,87,1.9,4.7,288.0,79.15,99,48,90,2.0,15313.8,277.0,79.14,99,48,86,19205.9,1857.2,7.0,1,23
1782929119.773,343.792,299.8,79.14,100,48,90,20708.7,7.8,294.6,79.15,100,48,87,3.8,4524.8,286.5,79.15,100,50,89,19782.2,12425.0,276.5,79.14,100,47,87,4.6,5.8,7.0,1,23
1782929120.219,344.238,298.6,79.14,100,46,91,1093.6,16175.2,293.9,79.15,100,46,87,19314.6,5.5,285.7,79.15,100,47,89,4.0,11401.8,276.4,79.14,100,47,87,19168.0,5922.5,9.0,5,19
1782929120.659,344.678,297.7,79.14,100,46,90,5524.9,15733.5,289.2,79.15,100,47,86,15806.1,7.5,280.8,79.15,100,48,88,1.9,13.8,261.6,79.14,98,12,86,19729.3,17192.8,9.0,5,19
1782929121.108,345.128,292.7,79.14,100,62,91,2.0,3.9,286.1,79.15,100,66,87,3410.9,15493.9,278.1,79.15,100,67,90,17744.1,4.4,270.1,79.14,100,69,87,1.9,4.4,9.0,5,19
1782929121.550,345.569,293.1,79.14,100,56,91,9207.1,4.2,289.2,79.15,100,56,87,1.8,4.9,282.1,79.15,100,57,90,18340.8,15578.1,282.7,79.14,100,59,88,2884.5,5.0,9.0,5,19
1782929121.991,346.010,300.4,79.14,100,50,90,20704.4,4.8,299.1,79.15,100,46,85,1.9,4.7,292.7,79.15,99,47,89,15789.4,15828.9,281.5,79.14,100,46,87,5005.9,5.6,9.0,5,19
1782929122.432,346.451,297.2,79.14,100,44,90,2.2,9912.3,299.1,79.15,100,46,85,19462.3,7411.3,286.8,79.15,100,46,88,2.6,481.8,281.5,79.14,100,46,87,20184.5,16824.4,9.0,5,19
1782929122.873,346.892,297.5,79.14,100,43,90,3.9,5.4,292.4,79.15,100,46,86,6166.3,16251.7,286.8,79.15,100,46,88,14161.9,7.6,276.2,79.14,100,44,87,3.6,13864.8,9.0,5,19
1782929123.316,347.335,297.5,79.14,100,43,90,3.0,16460.8,288.5,79.15,99,45,86,19425.6,1031.4,280.2,79.15,99,46,90,3.6,4.7,269.0,79.14,100,46,87,12766.1,15849.0,9.0,5,19
1782929123.759,347.778,299.4,79.14,100,48,90,1321.5,15536.5,289.5,79.15,100,47,85,18680.5,4.9,280.8,79.15,99,48,89,2.0,16.4,270.6,79.14,100,46,87,19711.3,17190.7,9.0,5,19
1782929124.201,348.220,301.2,79.14,99,51,90,1.8,17117.8,290.3,79.15,100,45,87,20705.6,4.5,281.7,79.15,100,46,90,3.4,4.8,272.7,79.14,100,50,87,20460.5,15589.3,9.0,5,19
1782929124.642,348.661,301.7,79.14,100,48,90,2.7,15932.2,295.0,79.15,100,48,86,20406.9,631.9,287.2,79.15,100,49,89,5.6,10.2,276.4,79.14,100,47,87,8694.3,15767.2,9.0,5,19
1782929125.086,349.105,302.2,79.14,100,55,91,3.6,12051.5,297.6,79.15,99,53,87,18842.5,5704.9,289.5,79.15,99,54,90,2.8,4.9,278.0,79.14,100,45,86,9543.0,15788.1,9.0,5,19
1782929125.528,349.547,299.9,79.14,100,51,90,1.9,13113.0,295.1,79.15,100,47,86,19182.0,4502.0,286.9,79.15,100,48,89,3.7,5.4,277.1,79.14,100,47,87,4073.9,15907.7,9.0,5,19
1782929125.969,349.988,298.7,79.14,99,46,90,6421.7,16047.6,291.9,79.15,100,46,87,13640.8,5.7,285.9,79.15,100,46,90,2.7,17231.6,275.7,79.14,100,46,86,20749.2,6.2,9.0,5,19
1782929126.412,350.431,297.2,79.14,100,47,90,2.1,5.5,291.9,79.15,100,46,87,20347.2,15629.3,285.9,79.15,100,46,90,309.7,5.7,275.7,79.14,100,46,86,1078.3,16740.9,9.0,5,19
1782929126.854,350.873,290.6,79.14,99,14,90,2.3,3.9,289.5,79.15,100,45,86,20226.9,17110.3,281.0,79.15,100,45,89,1.9,7.5,270.8,79.14,100,47,87,4.8,10931.9,12.0,9,15
1782929127.299,351.318,290.6,79.14,99,14,90,2624.5,4.1,282.5,79.15,100,59,87,2.6,3.9,274.3,79.15,99,60,90,20349.8,15241.1,264.6,79.14,100,55,87,1539.5,4.7,12.0,9,15
1782929127.740,351.760,292.3,79.14,100,54,90,20712.7,17112.4,287.7,79.15,100,49,87,5.0,6.4,280.5,79.15,100,49,90,2.2,5131.6,270.8,79.14,100,49,86,18585.7,12222.5,12.0,9,15
1782929128.185,352.204,302.1,79.14,100,51,90,16212.7,15547.1,300.0,79.15,99,50,86,3994.0,4.8,293.4,79.15,99,50,89,2.3,6452.2,283.3,79.14,99,47,86,19477.2,10518.3,12.0,9,15
1782929128.627,352.646,300.9,79.14,100,52,90,3672.9,5.7,296.9,79.15,100,44,87,3826.2,16369.2,289.4,79.15,100,44,90,16364.4,8.9,277.2,79.14,100,47,87,1075.0,18423.1,12.0,9,15
1782929129.077,353.096,297.2,79.14,100,40,90,20705.6,6.6,289.2,79.15,100,46,86,3.8,8273.2,281.0,79.15,99,48,88,19682.1,8618.1,269.6,79.14,100,44,87,3.7,5.0,12.0,9,15
1782929129.519,353.538,295.3,79.14,100,46,90,1.9,4.4,286.8,79.15,100,45,87,20712.0,17107.7,278.3,79.15,100,45,90,4.3,4.8,270.5,79.14,100,49,87,2.0,15926.0,12.0,9,15
1782929129.962,353.981,300.2,79.14,100,51,91,1.8,7920.6,290.3,79.15,100,46,87,19195.6,9757.7,281.9,79.15,100,46,90,2.0,5.0,271.4,79.14,100,50,86,4657.4,16203.2,12.0,9,15
1782929130.408,354.427,303.1,79.14,100,48,90,1.9,4399.3,290.3,79.15,100,46,87,19145.6,13204.9,281.9,79.15,100,46,90,3.2,4.7,271.4,79.14,100,50,86,1.8,17269.7,12.0,9,15
1782929130.849,354.869,301.6,79.14,100,51,91,1.9,4.5,295.5,79.15,100,48,86,20730.0,17114.1,287.3,79.15,100,48,88,1.9,7.3,277.3,79.14,100,50,87,7.7,13685.2,12.0,9,15
1782929131.294,355.313,301.6,79.14,100,51,91,3.1,4.7,297.6,79.15,100,50,87,18276.9,15512.7,289.2,79.15,100,52,90,2894.6,4.9,279.5,79.14,99,50,86,2.4,9621.9,12.0,9,15
1782929131.736,355.755,299.3,79.14,100,47,90,6.5,8.7,295.7,79.15,100,48,85,17680.8,15780.7,287.6,79.15,100,49,89,2109.0,4.4,277.9,79.14,100,50,87,1.9,4862.4,12.0,9,15
1782929132.182,356.201,299.9,79.14,100,56,91,4.0,4.6,298.1,79.15,100,55,87,20724.2,17108.2,288.5,79.15,99,58,90,2.5,5.7,279.0,79.14,100,49,87,10331.6,16494.5,12.0,9,15
1782929132.625,356.644,299.3,79.14,100,46,90,20696.1,5.8,294.6,79.15,100,44,86,3.7,143.4,286.4,79.15,100,45,90,25985.7,11468.0,273.3,79.14,100,46,87,8.5,10.0,12.0,9,15
1782929133.077,357.096,300.3,79.14,100,46,91,4.0,5.6,289.3,79.15,98,43,87,4.4,15480.2,282.3,79.15,98,44,89,18966.2,24.2,261.7,79.14,100,13,87,3.5,4.3,15.0,13,11
1782929133.521,357.540,290.1,79.14,100,52,90,18500.9,11288.9,282.1,79.15,100,49,87,2.7,4.1,274.6,79.15,100,49,90,4.0,11663.1,268.9,79.14,100,56,87,18582.0,6041.1,15.0,13,11
1782929133.964,357.983,290.4,79.14,99,50,90,1.7,17114.8,289.2,79.15,99,49,85,20704.5,4.5,283.4,79.15,99,49,90,2.4,4.4,276.1,79.14,100,49,87,6124.8,15577.9,15.0,13,11
1782929134.410,358.429,301.5,79.14,100,47,90,1.9,12401.5,289.2,79.15,99,49,85,18583.1,5449.7,283.4,79.15,99,49,90,2.8,4.8,276.1,79.14,100,49,87,6093.5,15988.8,15.0,13,11
1782929134.852,358.871,299.1,79.14,100,46,90,18877.3,2680.5,300.8,79.15,100,46,86,2.2,3757.9,294.4,79.15,100,46,90,19658.7,12105.2,281.8,79.14,100,51,87,11.9,496.9,15.0,13,11
1782929135.299,359.318,299.1,79.14,100,46,90,20709.4,17108.5,294.5,79.15,100,44,86,2.1,5.6,286.8,79.15,100,44,89,9787.0,16326.9,273.1,79.14,99,41,87,10748.9,5.5,15.0,13,11
1782929136.203,360.222,300.1,79.14,99,56,91,2.2,657.7,289.4,79.15,100,50,87,19236.0,16543.8,280.4,79.15,100,51,90,2.4,5.5,269.5,79.14,100,51,87,1088.5,16756.4,15.0,13,11
1782929136.645,360.664,299.9,79.14,100,48,90,1.9,2845.5,292.4,79.15,100,48,86,19096.7,14979.4,284.1,79.15,100,49,90,5.9,11.4,276.7,79.14,100,48,87,10342.2,15690.8,15.0,13,11
1782929137.099,361.118,301.6,79.14,100,57,91,2.0,10405.2,293.7,79.15,100,56,87,18848.4,7340.8,285.5,79.15,100,58,90,4.2,4.7,277.1,79.14,99,55,87,1147.2,16342.5,15.0,13,11
1782929137.543,361.562,300.7,79.14,100,50,89,2.6,7204.7,296.2,79.15,100,46,87,19209.9,10320.2,287.6,79.15,100,47,89,2.0,4.8,276.9,79.14,100,47,87,3434.0,16034.8,15.0,13,11
1782929137.986,362.005,300.7,79.14,100,59,91,6.7,6645.1,295.9,79.15,100,53,87,18963.9,11012.9,288.0,79.15,100,54,90,1.9,4.7,277.0,79.14,100,55,87,1084.4,16756.5,15.0,13,11
1782929138.429,362.448,299.2,79.14,100,46,90,1768.4,16172.1,295.9,79.15,100,53,87,18934.0,5.7,286.3,79.15,100,47,89,4.4,15131.1,277.0,79.14,100,55,87,19390.2,1908.2,15.0,13,11
1782929138.869,362.888,297.3,79.14,100,45,90,2.8,5.8,294.2,79.15,100,47,85,13271.7,15781.3,286.3,79.15,100,47,89,7410.5,10.8,276.2,79.14,100,43,87,2.0,17232.4,15.0,13,11
1782929139.316,363.335,297.3,79.14,100,45,90,3.1,4.3,291.0,79.15,99,42,86,20713.7,17109.5,282.5,79.15,99,43,90,1.9,4.5,270.6,79.14,99,45,87,1.9,6621.6,18.0,17,7
1782929139.759,363.778,288.9,79.14,99,33,89,3724.3,5.5,280.7,79.15,100,52,86,3.8,14.0,272.7,79.15,100,53,89,19717.7,17193.7,262.1,79.14,100,49,86,1.9,4.6,18.0,17,7
1782929140.209,364.228,292.4,79.14,100,52,90,18666.1,15939.0,286.5,79.15,100,49,86,2.0,4.4,279.9,79.15,99,48,89,2.1,7211.7,272.6,79.14,100,48,87,19172.9,10212.5,18.0,17,7
1782929140.650,364.669,299.6,79.14,100,54,90,15747.0,15537.7,303.0,79.15,100,52,86,5770.7,7.3,296.6,79.15,100,54,89,6.3,12055.4,284.9,79.14,100,52,87,18912.6,4473.5,18.0,17,7
1782929141.098,365.117,296.7,79.14,99,47,89,3.8,5.7,294.3,79.15,100,46,85,12131.3,15942.1,287.3,79.15,100,46,90,8407.5,5.8,276.7,79.14,100,47,87,1017.8,16754.1,18.0,17,7
1782929141.540,365.559,295.9,79.14,100,45,90,20706.0,5.4,288.9,79.15,100,45,86,2.1,5108.9,280.4,79.15,100,47,89,19739.0,11846.2,266.2,79.14,99,38,87,2.5,5.3,18.0,17,7
1782929141.981,366.000,299.3,79.14,100,46,91,6.7,4.6,289.6,79.15,100,45,86,15444.5,15741.6,281.1,79.15,100,45,90,4684.6,5.3,269.6,79.14,100,55,87,3.6,6796.7,18.0,17,7
1782929142.424,366.443,299.8,79.14,100,46,90,2.6,4.1,289.6,79.15,100,45,86,20232.6,17108.2,282.0,79.15,100,49,89,4.0,4.8,269.6,79.14,100,55,87,1.8,17272.9,18.0,17,7
1782929142.865,366.884,301.6,79.14,99,57,91,2.3,4.3,289.8,79.15,100,47,86,20240.2,17108.8,282.0,79.15,100,49,89,2.3,7.2,272.1,79.14,100,47,87,4.4,15479.2,18.0,17,7
1782929143.310,367.329,301.6,79.14,99,57,91,3.6,4.4,294.2,79.15,100,58,87,20261.2,15426.7,286.7,79.15,100,58,90,826.3,4.6,275.6,79.14,100,57,87,1.9,4750.8,18.0,17,7
1782929143.752,367.771,301.0,79.14,100,49,89,8.1,7.5,296.1,79.15,100,48,87,12596.3,15722.1,288.9,79.15,100,50,89,8067.4,4.8,278.2,79.14,100,49,87,2.4,4565.6,18.0,17,7
1782929144.196,368.215,300.9,79.14,100,54,91,3.5,4.5,297.0,79.15,100,53,87,8082.5,16000.6,289.2,79.15,100,54,90,12621.4,4.8,279.2,79.14,100,58,88,3.6,503.2,18.0,17,7
1782929144.637,368.656,299.2,79.14,100,49,89,1.9,4.8,295.1,79.15,100,47,86,20711.2,17107.5,287.7,79.15,100,48,89,6.9,8.6,276.1,79.14,100,45,87,9176.7,15960.3,18.0,17,7
1782929145.080,369.100,297.2,79.14,100,44,90,20705.1,12.5,290.3,79.15,100,46,86,4.7,6344.4,282.6,79.15,100,47,89,19506.3,10567.4,272.3,79.14,100,46,87,4.8,5.6,18.0,17,7
1782929145.526,369.545,298.0,79.14,100,47,91,5352.2,18598.1,285.6,79.15,98,25,85,2236.2,4.5,277.2,79.15,98,25,89,1079.3,18286.2,265.2,79.14,99,50,87,6946.9,4.0,21.0,21,3
1782929145.968,369.987,295.8,79.14,100,60,90,3.1,12837.6,289.5,79.15,99,51,87,15529.8,4.5,281.6,79.15,99,52,90,2.0,12952.7,271.0,79.14,100,55,87,15561.8,4.5,21.0,21,3
1782929146.413,370.432,295.6,79.14,100,56,90,6101.8,18358.7,289.5,79.15,99,51,87,1807.2,4.8,281.6,79.15,99,52,90,9348.5,18078.0,271.0,79.14,100,55,87,3.1,4.9,21.0,21,3
1782929146.855,370.874,299.1,79.14,100,47,91,2.1,16616.8,293.7,79.15,100,51,86,9918.3,5.9,286.6,79.15,100,53,90,15568.4,12896.7,280.0,79.14,100,43,87,13.2,8974.6,21.0,21,3
1782929147.296,371.315,299.1,79.14,100,47,91,15535.3,12834.8,292.5,79.15,100,44,86,4.4,5.5,284.8,79.15,99,45,89,22363.0,6430.5,273.5,79.14,99,35,87,3.7,12927.0,21.0,21,3
1782929147.736,371.755,297.2,79.14,99,43,91,5.2,12841.9,285.0,79.15,100,51,86,15533.3,12.5,278.2,79.15,100,50,89,4.8,12931.0,269.1,79.14,100,47,87,15560.0,4.9,21.0,21,3
1782929148.183,372.202,296.6,79.14,100,45,90,20977.1,8300.1,290.4,79.15,100,52,86,3.5,14.3,281.2,79.15,100,53,90,21209.3,7401.6,270.9,79.14,99,44,87,2.7,503.6,21.0,21,3
1782929148.623,372.642,300.2,79.14,100,54,90,3401.0,4.5,294.6,79.15,100,53,86,4625.3,18324.1,287.4,79.15,100,54,90,2398.7,7.7,274.2,79.14,99,44,87,15598.4,12900.1,21.0,21,3
1782929149.071,373.090,299.9,79.14,100,51,90,1579.1,18647.1,295.0,79.15,100,50,86,5936.6,4.8,286.9,79.15,100,52,90,6859.7,18423.9,275.1,79.14,100,49,87,2.2,4.9,21.0,21,3
1782929149.512,373.531,300.6,79.14,100,53,90,4.3,5.5,293.3,79.15,99,38,86,18924.0,9980.0,285.1,79.15,99,40,90,2.7,12283.7,273.6,79.14,100,51,86,15560.8,5.8,21.0,21,3
1782929149.954,373.973,297.8,79.14,99,41,90,5.9,14241.0,289.1,79.15,99,39,86,6010.2,5742.3,279.1,79.15,99,39,90,6172.8,6662.9,273.6,79.14,100,51,86,6888.6,6359.4,23.0,29,0
1782929150.399,374.418,297.7,79.14,100,57,90,6126.1,4733.4,289.1,79.15,99,39,86,6403.3,5006.4,279.1,79.15,99,39,90,6567.5,6063.5,269.1,79.14,100,53,86,5941.2,6620.1,23.0,32,0
1782929150.841,374.860,300.8,79.14,100,58,90,5961.7,4554.0,286.6,79.15,100,57,86,6191.1,5283.0,277.2,79.15,100,58,89,6299.1,6792.1,268.3,79.14,100,57,86,6665.9,7405.1,23.0,32,0
1782929151.288,375.307,300.8,79.14,100,58,90,5196.5,5302.8,290.7,79.15,100,58,86,6038.4,5284.6,281.8,79.15,100,59,89,6332.9,6596.7,273.1,79.14,100,58,86,6446.4,6602.4,23.0,32,0
1782929151.731,375.750,302.3,79.14,100,58,90,5401.9,5853.3,295.4,79.15,100,59,86,5548.9,5569.8,286.7,79.15,100,60,89,6236.6,6476.6,276.4,79.14,100,58,86,6480.8,6077.5,23.0,32,0
1782929152.181,376.200,300.9,79.14,100,58,90,5367.8,4994.1,295.5,79.15,100,58,86,5511.2,5812.3,286.9,79.15,100,59,89,5619.3,7035.1,276.1,79.14,100,58,86,5564.3,7179.8,23.0,32,0
1782929152.622,376.641,300.2,79.14,100,58,90,5981.4,4541.4,295.5,79.15,100,59,86,6198.3,5379.4,286.9,79.15,100,60,89,6311.0,6406.1,276.4,79.14,100,58,86,5613.3,7234.1,23.0,32,0
1782929153.065,377.084,300.4,79.14,100,59,90,5979.5,4648.7,295.9,79.15,100,58,86,6199.9,5175.4,287.3,79.15,100,59,89,6316.5,6146.3,276.5,79.14,100,58,86,6475.3,6487.3,24.0,32,0
1782929153.507,377.526,299.8,79.14,100,58,90,5486.2,5259.2,295.6,79.15,100,58,86,5401.8,5978.3,286.5,79.15,100,59,89,6310.7,6299.6,275.6,79.14,100,58,86,6399.0,6467.7,24.0,32,0
1782929153.949,377.968,299.8,79.14,100,58,90,5730.6,5066.0,295.1,79.15,100,57,86,5640.7,6018.6,286.3,79.15,100,58,89,5692.3,7051.2,275.6,79.14,100,58,86,5589.9,7002.7,24.0,32,0
1782929154.394,378.413,300.1,79.14,100,59,90,6057.5,4419.2,295.1,79.15,100,57,86,6214.9,5216.7,286.3,79.15,100,58,89,6043.4,6936.3,275.7,79.14,100,57,86,5752.9,7126.9,24.0,32,0
1782929154.835,378.854,299.6,79.14,100,58,90,6103.0,4925.5,295.8,79.15,100,58,86,6211.0,5261.4,287.1,79.15,100,59,89,6527.2,6338.0,276.5,79.14,100,58,86,6489.7,7026.6,24.0,32,0
1782929155.278,379.297,299.6,79.14,100,58,90,5190.3,5289.1,295.5,79.15,100,57,86,5535.6,5778.5,286.9,79.15,100,59,89,6298.9,6493.3,276.2,79.14,100,59,86,6300.0,6613.2,24.0,32,0
1782929155.718,379.737,300.1,79.14,100,59,90,5972.6,5241.2,295.9,79.15,100,58,86,5746.3,5935.1,287.4,79.15,100,60,89,5612.8,6991.5,276.6,79.14,100,58,86,5998.5,6618.2,24.0,32,0
1782929156.162,380.181,300.4,79.14,100,57,90,6096.3,4558.3,296.1,79.15,100,57,86,6364.2,6054.1,287.7,79.15,100,58,89,5626.7,6793.6,276.9,79.14,100,58,86,5635.9,7318.2,24.0,32,0
1782929156.605,380.624,299.8,79.14,100,58,90,5993.8,4585.5,295.5,79.15,100,58,86,6171.3,5133.8,287.3,79.15,100,60,89,6388.7,6766.8,276.2,79.14,100,58,86,6526.2,7379.4,24.0,32,0
1782929157.050,381.069,299.9,79.14,100,58,90,5300.0,5092.6,295.5,79.15,100,58,86,6119.8,5504.3,287.2,79.15,100,60,89,6375.4,6292.0,276.2,79.14,100,58,86,6495.3,6066.6,24.0,32,0
1782929157.492,381.511,299.9,79.14,100,58,90,5463.2,5031.3,295.4,79.15,100,57,86,5477.9,6080.1,286.8,79.15,100,58,89,5633.8,6683.0,275.9,79.14,100,58,86,6341.3,5980.1,24.0,32,0
1782929157.937,381.956,300.1,79.14,100,58,90,5341.4,5111.9,295.4,79.15,100,57,86,5545.5,5794.8,287.1,79.15,100,59,89,5617.2,7259.9,275.9,79.14,100,58,86,5939.0,6494.1,24.0,32,0
1782929158.381,382.400,300.0,79.14,100,58,90,6304.8,5253.5,295.7,79.15,100,58,86,5457.8,5856.6,287.1,79.15,100,59,89,5688.7,6967.9,276.2,79.14,100,59,86,5614.2,7047.7,24.0,32,0
1782929158.824,382.843,300.0,79.14,100,58,90,6129.9,4472.8,295.8,79.15,100,57,86,6404.9,5808.6,287.0,79.15,100,59,89,5920.4,7012.3,276.1,79.14,100,58,86,5784.9,7614.1,24.0,32,0
1782929159.267,383.286,299.7,79.14,100,57,90,6047.8,4622.1,295.2,79.15,100,57,86,6342.4,5385.1,286.8,79.15,100,58,89,6520.1,6914.6,275.9,79.14,100,59,86,5685.3,7073.1,25.0,32,0
1782929159.714,383.733,300.2,79.14,100,59,90,6098.7,4849.5,295.4,79.15,100,58,86,6260.3,5411.1,287.1,79.15,100,60,89,6492.1,6487.0,276.4,79.14,100,59,86,5861.3,7430.4,25.0,32,0
1782929160.159,384.178,300.3,79.14,100,58,90,6028.6,4613.8,295.9,79.15,100,58,86,6111.4,5399.8,287.4,79.15,100,60,89,6582.8,6297.2,276.3,79.14,100,57,86,6679.3,6858.1,25.0,32,0
1782929160.602,384.621,299.5,79.14,100,57,90,6028.3,4620.7,294.9,79.15,100,57,86,6162.5,5127.5,286.3,79.15,100,58,89,6593.6,6380.3,275.3,79.14,100,58,86,6818.0,7096.8,25.0,32,0
1782929161.046,385.065,299.7,79.14,100,58,90,5929.7,4529.8,294.1,79.15,100,57,86,6139.2,5200.5,285.5,79.15,100,59,89,6487.1,6147.6,274.7,79.14,100,57,86,6526.1,6722.5,25.0,32,0
1782929161.487,385.507,300.1,79.14,100,57,90,5359.5,5457.0,294.6,79.15,100,58,86,6175.3,5390.5,286.1,79.15,100,59,89,6436.1,6449.6,275.2,79.14,100,57,86,6443.5,6440.7,25.0,32,0
1782929161.928,385.947,300.2,79.14,100,58,90,5497.0,5292.4,294.6,79.15,100,58,86,5522.3,5842.3,286.4,79.15,100,59,89,6382.8,6635.6,275.2,79.14,100,57,86,6344.9,6640.9,25.0,32,0
1782929162.370,386.389,299.7,79.14,100,58,90,5601.6,5156.1,294.6,79.15,100,57,86,5564.5,5905.0,286.4,79.15,100,59,89,5953.1,7076.7,275.2,79.14,100,57,86,6337.5,6653.8,25.0,32,0
1782929162.810,386.829,299.7,79.14,100,58,90,5444.6,5037.4,294.2,79.15,100,57,86,5605.2,5771.0,286.0,79.15,100,58,89,5739.9,7358.6,275.1,79.14,100,59,86,6371.0,6643.8,25.0,32,0
1782929163.251,387.270,300.0,79.14,100,58,90,6380.3,5135.8,294.7,79.15,100,58,86,5651.8,5679.6,286.2,79.15,100,59,89,6199.9,6934.2,275.2,79.14,100,58,86,6402.9,6226.7,25.0,32,0
1782929163.695,387.714,299.9,79.14,100,57,90,5979.5,5219.7,294.6,79.15,100,58,86,5664.9,6178.6,286.1,79.15,100,59,89,5691.5,7140.2,275.0,79.14,100,58,86,6478.6,6871.8,25.0,32,0
1782929164.139,388.158,300.0,79.14,100,58,90,5464.5,5253.7,294.1,79.15,100,57,86,5787.2,5629.6,286.0,79.15,100,58,89,5674.8,7078.4,274.9,79.14,100,57,86,5975.6,6577.1,25.0,32,0
1782929164.579,388.598,299.9,79.14,100,58,90,6273.7,4452.0,294.6,79.15,100,58,86,5882.4,5946.6,286.2,79.15,100,60,89,5762.1,7078.1,275.4,79.14,100,59,86,5526.0,7304.7,25.0,32,0
1782929165.019,389.038,300.1,79.14,100,58,90,6191.3,4578.9,294.8,79.15,100,58,86,6472.6,5865.9,286.6,79.15,100,59,89,5889.4,7216.4,275.5,79.14,100,57,86,5914.9,7228.4,25.0,32,0
1782929165.459,389.478,300.0,79.14,100,59,90,6122.9,4601.3,294.5,79.15,100,58,86,6259.1,5059.3,286.5,79.15,100,59,89,6573.6,6533.7,275.5,79.14,100,57,86,5943.1,7390.3,25.0,32,0
1782929165.900,389.919,300.0,79.14,100,58,90,6020.3,4627.2,294.5,79.15,100,58,86,6350.9,5598.2,286.5,79.15,100,59,89,6539.0,6390.8,274.9,79.14,100,58,86,6468.7,7429.0,25.0,32,0
1782929166.340,390.359,300.0,79.14,100,58,90,5946.8,4760.5,294.4,79.15,100,58,86,6103.3,5410.6,286.3,79.15,100,59,89,6424.0,6506.1,275.0,79.14,100,58,86,6692.0,6034.3,25.0,32,0
1782929166.781,390.800,300.0,79.14,100,58,90,5117.4,5279.8,294.7,79.15,100,58,86,6056.8,5230.4,286.7,79.15,100,60,89,6268.4,6260.3,275.6,79.14,100,59,86,6458.7,6591.8,26.0,32,0
1782929167.222,391.241,300.1,79.14,100,58,90,5307.8,5371.4,294.8,79.15,100,58,86,5464.3,5932.4,286.8,79.15,100,59,89,6317.5,6318.3,275.6,79.14,100,58,86,6531.6,6587.9,26.0,32,0
1782929167.666,391.685,300.1,79.14,100,59,90,5524.0,5212.3,294.7,79.15,100,58,86,6538.6,5985.8,286.8,79.15,100,59,89,6367.1,6490.2,275.5,79.14,100,58,86,6490.7,6450.5,26.0,32,0
1782929168.115,392.134,300.3,79.14,100,58,90,5440.5,5166.8,295.2,79.15,100,59,86,5520.9,5955.6,287.3,79.15,100,60,89,5622.3,7166.2,275.9,79.14,100,59,86,6322.3,6611.4,26.0,32,0
1782929168.557,392.576,300.3,79.14,100,58,90,6257.8,5039.9,295.6,79.15,100,58,86,5670.4,5741.4,287.5,79.15,100,59,89,5956.7,6801.9,276.4,79.14,100,58,86,5751.6,6767.7,26.0,32,0
1782929168.998,393.017,299.8,79.14,100,59,90,6332.7,4423.5,295.5,79.15,100,58,86,6480.5,5757.3,286.9,79.15,100,59,89,5862.3,6930.6,276.1,79.14,100,58,86,5658.8,7377.0,26.0,32,0
1782929169.439,393.458,299.8,79.14,100,58,90,6609.2,4556.6,295.3,79.15,100,58,86,6440.2,5868.6,286.7,79.15,100,59,89,5803.4,7140.7,276.1,79.14,100,58,86,5745.5,7364.9,26.0,32,0
1782929169.884,393.903,299.9,79.14,100,59,90,6131.6,4655.1,295.3,79.15,100,58,86,6261.8,5261.3,286.7,79.15,100,59,89,6947.9,7199.9,275.9,79.14,100,58,86,5732.5,7447.0,26.0,32,0
1782929170.331,394.351,300.1,79.14,100,58,90,6119.0,4653.8,295.3,79.15,100,58,86,6323.6,5497.3,286.7,79.15,100,59,89,6631.8,6421.8,276.4,79.14,100,59,86,6115.0,7126.7,26.0,32,0
1782929170.773,394.793,300.1,79.14,100,58,90,6104.0,4549.6,295.5,79.15,100,58,86,6225.9,5608.1,287.1,79.15,100,59,89,6622.7,6364.1,276.6,79.14,100,58,86,6121.4,7240.0,26.0,32,0
1782929171.222,395.241,300.1,79.14,100,58,90,6107.3,4573.3,295.8,79.15,100,58,86,6124.2,5344.6,287.5,79.15,100,60,89,6471.4,6289.5,276.7,79.14,100,59,86,6431.8,6189.9,26.0,32,0
1782929171.665,395.684,300.1,79.14,100,59,90,5226.1,5353.0,295.9,79.15,100,58,86,5278.0,6315.4,287.6,79.15,100,60,89,6342.0,6500.7,276.8,79.14,100,58,86,6487.5,6733.0,26.0,32,0
1782929172.109,396.128,300.0,79.14,100,58,90,5514.6,5429.1,295.4,79.15,100,57,86,5401.6,6178.8,287.2,79.15,100,59,89,6341.5,6606.3,275.8,79.14,100,58,86,6296.2,6167.5,26.0,32,0
1782929172.550,396.569,299.8,79.14,100,59,90,5479.7,5052.4,294.7,79.15,100,57,86,5686.4,5928.0,286.8,79.15,100,59,89,5683.8,7367.7,275.5,79.14,100,59,86,6348.2,6349.9,27.0,32,0
1782929172.992,397.011,300.0,79.14,100,58,90,5519.0,5371.8,294.7,79.15,100,58,86,5653.4,5958.3,287.0,79.15,100,59,89,5732.9,7267.8,275.9,79.14,100,58,86,5759.5,7060.4,27.0,32,0
1782929173.433,397.452,299.8,79.14,100,57,90,6271.2,5119.1,294.7,79.15,100,58,86,5580.7,6011.2,286.8,79.15,100,59,89,5722.5,7145.1,275.9,79.14,100,58,86,5574.0,7162.0,27.0,32,0
1782929173.878,397.897,300.0,79.14,100,58,90,6281.4,5137.6,294.3,79.15,100,57,86,5611.5,5785.2,286.8,79.15,100,59,89,5882.0,7509.6,275.5,79.14,100,58,86,5622.2,7586.5,27.0,32,0
1782929174.322,398.341,300.0,79.14,100,58,90,6262.2,5046.8,294.3,79.15,100,58,86,5677.9,5843.4,286.4,79.15,100,59,89,5907.4,7259.2,275.0,79.14,100,58,86,5694.1,7137.1,27.0,32,0
1782929174.763,398.782,300.1,79.14,100,58,90,6188.0,4550.2,294.3,79.15,100,58,86,6475.8,5866.7,286.3,79.15,100,59,89,5809.3,7165.2,275.2,79.14,100,58,86,5941.9,7105.6,27.0,32,0
1782929175.206,399.225,300.2,79.14,100,58,90,6195.2,4535.3,294.3,79.15,100,57,86,6558.8,5803.3,286.6,79.15,100,58,89,5862.8,6915.6,275.2,79.14,100,58,86,5786.3,7284.9,27.0,32,0
1782929175.648,399.667,299.9,79.14,100,58,90,5932.2,4584.1,294.2,79.15,100,59,86,6484.8,5830.9,286.6,79.15,100,60,89,6881.2,7193.9,275.4,79.14,100,59,86,5762.8,7834.4,27.0,32,0
1782929176.097,400.116,300.1,79.14,100,58,90,6061.1,4530.4,294.8,79.15,100,59,86,6385.7,5207.6,287.2,79.15,100,60,89,6117.1,6526.9,276.1,79.14,100,58,86,5691.3,6968.4,27.0,32,0
1782929176.539,400.558,300.0,79.14,100,58,90,5925.2,4607.5,295.1,79.15,100,58,86,6392.2,5352.9,287.3,79.15,100,59,89,6623.8,6444.9,276.0,79.14,100,59,86,6199.7,7150.8,27.0,32,0
1782929176.981,401.000,300.1,79.14,100,59,90,5978.8,4732.0,295.1,79.15,100,58,86,6186.8,5493.3,287.3,79.15,100,59,89,6424.7,6313.7,276.0,79.14,100,58,86,6654.5,6261.3,27.0,32,0
1782929177.422,401.441,300.2,79.14,100,58,90,5192.4,5274.9,295.1,79.15,100,58,86,5852.5,5601.7,287.3,79.15,100,59,89,6380.7,6200.2,276.0,79.14,100,58,86,6478.1,6247.1,27.0,32,0
1782929177.863,401.882,299.7,79.14,100,59,90,5435.7,5235.2,295.0,79.15,100,57,86,5402.4,6112.5,287.3,79.15,100,58,89,6310.9,6650.1,275.8,79.14,100,58,86,6399.4,6024.9,27.0,32,0
1782929178.307,402.326,299.7,79.14,100,59,90,5316.0,5261.5,294.6,79.15,100,58,86,5559.1,5556.2,286.8,79.15,100,60,89,6254.3,6121.5,275.7,79.14,100,59,86,6525.4,6245.8,27.0,32,0
1782929178.749,402.768,299.7,79.14,100,58,90,5835.8,5455.6,294.5,79.15,100,58,86,5417.4,5961.6,286.5,79.15,100,59,89,6345.1,6383.2,275.2,79.14,100,58,86,6423.9,6561.6,28.0,32,0
1782929179.193,403.212,300.1,79.14,100,59,90,5570.5,5248.6,294.9,79.15,100,58,86,5556.3,6170.5,286.7,79.15,100,59,89,5598.3,7149.3,275.7,79.14,100,58,86,6273.0,6346.1,28.0,32,0
1782929179.635,403.654,300.0,79.14,100,58,90,5531.6,5149.1,295.0,79.15,100,57,86,5676.1,6006.2,286.9,79.15,100,59,89,5626.1,7375.4,275.6,79.14,100,58,86,6364.5,6610.8,28.0,32,0
1782929180.078,404.098,300.0,79.14,100,58,90,5754.4,5151.4,294.8,79.15,100,58,86,5549.2,6083.2,286.9,79.15,100,59,89,5647.4,7062.6,275.5,79.14,100,58,86,5477.6,6882.3,28.0,32,0
1782929180.524,404.543,300.1,79.14,100,58,90,5759.7,4997.4,294.8,79.15,100,57,86,5498.1,5864.3,286.9,79.15,100,59,89,5701.7,7232.8,275.4,79.14,100,58,86,5847.9,7429.5,28.0,32,0
1782929180.965,404.984,300.0,79.14,100,58,90,6102.1,5072.4,294.7,79.15,100,58,86,5675.2,5776.7,286.9,79.15,100,60,89,5667.6,6923.9,275.6,79.14,100,58,86,5631.3,7301.1,28.0,32,0
1782929181.409,405.428,299.8,79.14,100,58,90,6283.3,5344.5,294.7,79.15,100,58,86,5763.2,6007.8,286.9,79.15,100,60,89,5844.7,7303.3,275.6,79.14,100,58,86,5712.5,7556.5,28.0,32,0
1782929181.850,405.869,300.1,79.14,100,59,90,6279.2,5114.2,294.5,79.15,100,57,86,5515.6,5952.0,286.8,79.15,100,59,89,5822.4,7070.5,275.4,79.14,100,57,86,5554.9,7498.7,28.0,32,0
1782929182.292,406.311,300.1,79.14,100,59,90,6129.4,4435.9,294.6,79.15,100,58,86,6400.3,5615.5,286.8,79.15,100,60,89,5819.6,6883.4,275.9,79.14,100,59,86,5768.5,6962.5,28.0,32,0
1782929182.733,406.752,300.2,79.14,100,58,90,6099.4,4867.2,295.2,79.15,100,57,86,6367.0,5596.8,286.9,79.15,100,58,89,5816.9,6641.8,276.2,79.14,100,58,86,5799.7,7389.0,28.0,32,0
1782929183.181,407.200,299.8,79.14,100,59,90,6227.2,4620.6,295.2,79.15,100,58,86,6328.5,5667.7,286.7,79.15,100,59,89,5935.1,6774.4,275.7,79.14,100,58,86,5803.5,7240.0,28.0,32,0
1782929183.623,407.642,299.8,79.14,100,58,90,6034.8,4599.3,294.6,79.15,100,57,86,6313.0,5287.5,286.4,79.15,100,58,89,6629.4,7098.4,275.4,79.14,100,58,86,5829.5,7146.9,28.0,32,0
1782929184.065,408.084,300.1,79.14,100,58,90,6033.1,4486.3,294.9,79.15,100,58,86,6150.4,5447.0,286.6,79.15,100,59,89,6588.2,6343.8,275.8,79.14,100,59,86,6796.9,7148.9,28.0,32,0
1782929184.507,408.526,300.3,79.14,100,58,90,5357.3,5331.6,295.1,79.15,100,58,86,6233.7,5396.4,287.0,79.15,100,59,89,6465.5,6486.7,276.2,79.14,100,58,86,6672.7,6313.5,28.0,32,0
1782929184.949,408.968,300.0,79.14,100,58,90,5198.0,5518.6,294.8,79.15,100,58,86,6069.8,5628.0,286.8,79.15,100,59,89,6475.7,6366.0,276.2,79.14,100,58,86,6505.8,6340.9,28.0,32,0
1782929185.392,409.411,300.1,79.14,100,59,90,5445.0,5247.5,294.8,79.15,100,58,86,5422.0,5810.7,286.8,79.15,100,59,89,6440.2,6161.7,276.2,79.14,100,59,86,6416.9,6322.0,28.0,32,0
1782929185.833,409.852,299.9,79.14,100,58,90,5524.5,5325.7,295.2,79.15,100,57,86,5482.1,6117.1,287.0,79.15,100,59,89,5691.0,7015.0,275.9,79.14,100,58,86,6393.3,6460.2,29.0,32,0
1782929186.275,410.294,299.9,79.14,100,58,90,5534.7,5190.3,294.7,79.15,100,57,86,5496.8,5997.0,286.5,79.15,100,58,89,5736.2,7017.7,275.4,79.14,100,58,86,6325.8,6290.4,29.0,32,0
1782929186.717,410.736,299.7,79.14,100,58,90,5467.6,5548.1,294.0,79.15,100,57,86,5655.8,5795.1,285.9,79.15,100,58,89,6394.3,6571.6,275.1,79.14,100,58,86,6360.7,6290.3,29.0,32,0
1782929187.166,411.185,300.0,79.14,100,59,90,5337.5,5327.2,294.4,79.15,100,58,86,5362.1,5961.3,286.1,79.15,100,60,89,6330.6,6179.3,275.3,79.14,100,58,86,6360.2,6247.7,29.0,32,0
1782929187.608,411.627,300.4,79.14,100,58,90,5538.4,5367.0,295.0,79.15,100,58,86,5520.2,6764.1,286.5,79.15,100,60,89,6344.5,6290.9,275.9,79.14,100,58,86,6445.1,6730.6,29.0,32,0
1782929188.056,412.075,300.3,79.14,100,59,90,5454.5,2477.1,295.3,79.15,100,58,86,0.7,0.5,286.9,79.15,100,59,89,2.3,0.5,276.1,79.14,100,59,86,1.1,0.5,29.0,32,0
1782929188.498,412.517,265.4,79.14,0,0,87,0.6,0.5,241.2,79.15,0,0,83,0.6,0.5,228.3,79.15,0,0,86,0.7,0.5,197.5,79.14,0,0,83,1.2,0.5,29.0,32,0
