{
  "num_samples": 1478,
  "duration_s": 630.2857549190521,
  "mean_power_w": 983.1032631935047,
  "max_power_w": 1004.942,
  "min_power_w": 367.789,
  "p50_power_w": 999.12,
  "p95_power_w": 1000.7090000000001,
  "mean_gpu_util_pct": 96.61755751014886,
  "max_gpu_util_pct": 99.0,
  "mean_gpu_mem_bw_util_pct": 46.42777401894452,
  "max_gpu_mem_bw_util_pct": 48.25,
  "mean_gpu_mem_used_gb": 334.19140625,
  "max_gpu_mem_used_gb": 334.19140625,
  "mean_gpu_temp_c": 86.9086603518268,
  "max_gpu_temp_c": 89.0,
  "mean_pcie_tx_mb_s": 16976.41671005476,
  "max_pcie_tx_mb_s": 30185.10546875,
  "mean_pcie_rx_mb_s": 15268.573933313599,
  "max_pcie_rx_mb_s": 29748.5068359375,
  "mean_kv_cache_pct": 1.3443462586106478,
  "max_kv_cache_pct": 1.7259978425027023,
  "p50_kv_cache_pct": 1.413610212153904,
  "p95_kv_cache_pct": 1.6934106436533591,
  "mean_requests_running": 7.7672530446549395,
  "max_requests_running": 8.0,
  "mean_requests_waiting": 0.0,
  "max_requests_waiting": 0.0
}