{
  "num_samples": 983,
  "duration_s": 421.49014711380005,
  "mean_power_w": 865.9781271617497,
  "max_power_w": 1016.904,
  "min_power_w": 93.456,
  "p50_power_w": 855.784,
  "p95_power_w": 1000.071,
  "mean_gpu_util_pct": 91.4529501525941,
  "max_gpu_util_pct": 100.0,
  "mean_gpu_mem_bw_util_pct": 32.8646998982706,
  "max_gpu_mem_bw_util_pct": 60.5,
  "mean_gpu_mem_used_gb": 362.19140625,
  "max_gpu_mem_used_gb": 362.19140625,
  "mean_gpu_temp_c": 85.87283825025432,
  "max_gpu_temp_c": 91.0,
  "mean_pcie_tx_mb_s": 39430.05089052963,
  "max_pcie_tx_mb_s": 129474.0517578125,
  "mean_pcie_rx_mb_s": 33720.259083124045,
  "max_pcie_rx_mb_s": 114771.083984375,
  "mean_kv_cache_pct": 37.68407976060609,
  "max_kv_cache_pct": 64.60810624462997,
  "p50_kv_cache_pct": 42.09052432828063,
  "p95_kv_cache_pct": 63.94619880559651,
  "mean_requests_running": 38.959308240081384,
  "max_requests_running": 56.0,
  "mean_requests_waiting": 5.9409969481180065,
  "max_requests_waiting": 43.0
}