timestamp,elapsed_s,gpu0_power_w,gpu0_mem_used_gb,gpu0_util_pct,gpu0_mem_bw_util_pct,gpu0_temp_c,gpu0_pcie_tx_mb_s,gpu0_pcie_rx_mb_s,gpu1_power_w,gpu1_mem_used_gb,gpu1_util_pct,gpu1_mem_bw_util_pct,gpu1_temp_c,gpu1_pcie_tx_mb_s,gpu1_pcie_rx_mb_s,gpu2_power_w,gpu2_mem_used_gb,gpu2_util_pct,gpu2_mem_bw_util_pct,gpu2_temp_c,gpu2_pcie_tx_mb_s,gpu2_pcie_rx_mb_s,gpu3_power_w,gpu3_mem_used_gb,gpu3_util_pct,gpu3_mem_bw_util_pct,gpu3_temp_c,gpu3_pcie_tx_mb_s,gpu3_pcie_rx_mb_s,kv_cache_pct,requests_running,requests_waiting
1782942327.656,0.000,145.5,79.14,0,0,87,0.8,0.4,186.2,79.15,0,0,83,0.6,2.3,172.5,79.15,0,0,86,7.8,2.9,154.6,79.14,0,0,83,4.6,0.5,52.0,32,0
1782942328.095,0.440,145.5,79.14,0,0,87,0.6,0.5,118.8,79.15,0,0,83,0.6,0.5,116.7,79.15,0,0,85,0.6,0.4,105.7,79.14,0,0,83,0.6,0.4,52.0,32,0
1782942328.542,0.887,145.5,79.14,0,0,87,1.5,0.4,118.8,79.15,0,0,83,0.6,0.4,116.7,79.15,0,0,85,0.7,0.5,105.7,79.14,0,0,83,2.3,0.5,52.0,32,0
1782942328.986,1.330,123.5,79.14,0,0,87,0.6,0.4,110.6,79.15,0,0,82,0.6,0.4,104.2,79.15,0,0,85,0.6,0.5,99.3,79.14,0,0,82,0.6,0.5,52.0,32,0
1782942329.428,1.772,123.5,79.14,0,0,87,2.3,0.5,110.6,79.15,0,0,82,2.3,0.5,104.2,79.15,0,0,85,0.7,0.9,99.3,79.14,0,0,82,2.3,0.5,52.0,32,0
1782942329.869,2.214,121.8,79.14,0,0,86,0.6,0.5,103.4,79.15,0,0,81,0.8,0.5,98.0,79.15,0,0,84,2.3,3.6,97.0,79.14,0,0,81,0.6,0.5,52.0,32,0
1782942330.312,2.657,121.8,79.14,0,0,86,1.2,0.5,103.4,79.15,0,0,81,2.3,0.5,98.0,79.15,0,0,84,0.6,0.4,97.0,79.14,0,0,81,0.6,0.5,52.0,32,0
1782942330.752,3.097,118.9,79.14,0,0,85,5.6,3.2,102.9,79.15,0,0,80,2.6,0.4,97.2,79.15,0,0,83,0.6,0.5,96.4,79.14,0,0,80,0.6,0.5,52.0,32,0
1782942331.197,3.542,118.9,79.14,0,0,85,0.6,0.5,102.9,79.15,0,0,80,0.6,0.5,97.2,79.15,0,0,83,1.5,0.5,96.4,79.14,0,0,80,0.9,0.4,52.0,32,0
1782942331.641,3.985,118.6,79.14,0,0,85,0.6,0.5,102.9,79.15,0,0,80,0.6,0.6,97.2,79.15,0,0,83,3.4,4.0,96.4,79.14,0,0,80,4.3,3.5,52.0,32,0
1782942332.083,4.427,118.6,79.14,0,0,85,0.6,1.2,101.6,79.15,0,0,80,0.6,0.5,95.9,79.15,0,0,83,0.6,0.5,94.8,79.14,0,0,80,0.6,0.4,52.0,32,0
1782942332.523,4.868,118.6,79.14,0,0,85,2.9,1.0,101.6,79.15,0,0,80,2.3,4.9,95.9,79.15,0,0,83,0.6,0.5,94.8,79.14,0,0,80,2.3,0.5,52.0,32,0
1782942332.964,5.309,117.6,79.14,0,0,84,0.8,2.1,101.0,79.15,0,0,79,0.6,0.4,94.3,79.15,0,0,82,2.3,0.4,94.3,79.14,0,0,79,0.6,0.5,52.0,32,0
1782942333.407,5.752,117.6,79.14,0,0,84,0.7,0.5,101.0,79.15,0,0,79,0.6,0.5,94.3,79.15,0,0,82,0.7,0.4,94.3,79.14,0,0,79,0.6,1.0,52.0,32,0
1782942333.848,6.193,116.3,79.14,0,0,84,0.6,0.5,100.4,79.15,0,0,79,0.6,0.5,93.9,79.15,0,0,82,0.7,0.8,93.0,79.14,0,0,79,4.7,0.4,52.0,32,0
1782942334.287,6.632,116.3,79.14,0,0,84,0.6,0.5,100.4,79.15,0,0,79,1.2,0.5,93.9,79.15,0,0,82,0.6,0.5,93.0,79.14,0,0,79,0.6,0.5,52.0,32,0
1782942334.728,7.072,115.6,79.14,0,0,84,4.1,3.9,100.4,79.15,0,0,79,5.6,2.0,93.1,79.15,0,0,81,0.6,0.5,93.0,79.14,0,0,79,3.1,0.5,52.0,32,0
1782942335.175,7.520,115.6,79.14,0,0,84,0.6,0.5,99.1,79.15,0,0,78,0.6,0.5,93.1,79.15,0,0,81,2.3,0.5,91.1,79.14,0,0,78,1.1,0.5,52.0,32,0
1782942335.617,7.962,114.0,79.14,0,0,83,2.3,0.5,99.1,79.15,0,0,78,2.3,0.5,93.1,79.15,0,0,81,0.6,2.4,91.1,79.14,0,0,78,4.8,3.8,52.0,32,0
1782942336.064,8.408,114.0,79.14,0,0,83,0.7,0.4,98.7,79.15,0,0,78,0.8,0.4,92.5,79.15,0,0,81,2.3,0.4,90.0,79.14,0,0,78,0.6,0.4,52.0,32,0
1782942336.504,8.848,114.0,79.14,0,0,83,0.6,0.5,98.7,79.15,0,0,78,0.6,4.3,92.5,79.15,0,0,81,0.6,0.4,90.0,79.14,0,0,78,0.6,5.0,52.0,32,0
1782942336.947,9.292,113.6,79.14,0,0,83,2.8,2.2,97.9,79.15,0,0,77,0.6,0.5,92.2,79.15,0,0,80,0.7,0.5,89.5,79.14,0,0,77,0.6,0.5,52.0,32,0
1782942337.386,9.730,113.6,79.14,0,0,83,0.6,0.4,97.9,79.15,0,0,77,0.6,0.4,92.2,79.15,0,0,80,0.7,0.5,89.5,79.14,0,0,77,0.7,0.5,52.0,32,0
1782942337.823,10.168,112.8,79.14,0,0,82,2.3,0.5,97.0,79.15,0,0,77,2.3,0.5,92.0,79.15,0,0,80,0.9,0.5,87.3,79.14,0,0,77,0.6,2.3,52.0,32,0
1782942338.265,10.609,112.8,79.14,0,0,82,0.6,0.4,97.0,79.15,0,0,77,0.6,0.4,92.0,79.15,0,0,80,2.3,0.4,87.3,79.14,0,0,77,0.6,0.5,52.0,32,0
1782942338.703,11.048,111.8,79.14,0,0,82,2.7,2.4,97.0,79.15,0,0,77,4.6,3.6,91.6,79.15,0,0,79,2.7,0.5,87.3,79.14,0,0,77,0.6,0.5,52.0,32,0
1782942339.143,11.488,111.8,79.14,0,0,82,0.6,0.5,96.6,79.15,0,0,77,0.6,0.5,91.6,79.15,0,0,79,0.7,0.5,86.9,79.14,0,0,77,2.3,0.5,52.0,32,0
1782942339.582,11.927,110.3,79.14,0,0,81,1.3,0.5,96.6,79.15,0,0,77,0.6,0.5,91.6,79.15,0,0,79,0.6,0.5,86.9,79.14,0,0,77,0.6,2.5,52.0,32,0
1782942340.027,12.372,110.3,79.14,0,0,81,2.3,0.5,95.8,79.15,0,0,76,2.3,0.5,91.5,79.15,0,0,79,1.2,0.5,85.9,79.14,0,0,76,1.8,0.5,52.0,32,0
1782942340.465,12.810,110.3,79.14,0,0,81,0.6,0.5,95.8,79.15,0,0,76,0.6,0.5,91.5,79.15,0,0,79,2.3,0.5,85.9,79.14,0,0,76,1.3,0.5,52.0,32,0
1782942340.903,13.248,109.8,79.14,0,0,81,1.6,0.5,95.4,79.15,0,0,76,0.6,2.1,91.3,79.15,0,0,79,2.7,0.5,84.7,79.14,0,0,76,0.6,0.5,52.0,32,0
1782942341.349,13.693,109.8,79.14,0,0,81,0.6,0.5,95.4,79.15,0,0,76,0.6,0.5,91.3,79.15,0,0,79,0.7,0.5,84.7,79.14,0,0,76,0.6,0.4,52.0,32,0
1782942341.787,14.131,109.4,79.14,0,0,81,2.7,0.4,94.6,79.15,0,0,75,0.6,0.4,91.1,79.15,0,0,78,0.6,0.5,84.6,79.14,0,0,75,0.6,0.5,52.0,32,0
1782942342.229,14.574,109.4,79.14,0,0,81,2.3,0.5,94.6,79.15,0,0,75,2.3,0.5,91.1,79.15,0,0,78,0.6,0.5,84.6,79.14,0,0,75,3.2,0.5,52.0,32,0
1782942342.671,15.016,108.4,79.14,0,0,80,0.7,0.5,94.6,79.15,0,0,75,5.6,4.0,91.1,79.15,0,0,78,3.0,3.8,84.6,79.14,0,0,75,2.7,0.5,52.0,32,0
1782942343.115,15.460,108.4,79.14,0,0,80,1.0,0.6,94.1,79.15,0,0,75,2.4,0.5,90.7,79.15,0,0,78,0.7,0.6,83.9,79.14,0,0,75,0.6,0.5,52.0,32,0
1782942343.561,15.906,77.8,79.14,0,0,79,0.8,0.5,94.1,79.15,0,0,75,1.7,0.7,90.7,79.15,0,0,78,2.6,0.7,83.9,79.14,0,0,75,0.8,0.8,52.0,32,0
1782942344.010,16.354,77.8,79.14,0,0,79,1.2,0.7,71.8,79.15,0,0,73,0.9,0.7,77.8,79.15,0,0,76,0.9,0.6,73.9,79.14,0,0,74,0.8,0.6,52.0,32,0
1782942344.453,16.798,77.8,79.14,0,0,79,0.9,0.7,71.8,79.15,0,0,73,0.8,0.5,77.8,79.15,0,0,76,0.9,0.8,73.9,79.14,0,0,74,0.9,1.3,52.0,32,0
1782942344.899,17.243,60.8,79.14,0,0,78,0.8,0.6,54.1,79.15,0,0,73,0.7,2.3,34.9,79.15,0,0,76,3.0,0.6,49.4,79.14,0,0,73,0.8,0.5,52.0,32,0
1782942345.346,17.691,60.8,79.14,0,0,78,0.8,0.5,54.1,79.15,0,0,73,0.7,0.5,34.9,79.15,0,0,76,0.8,0.6,49.4,79.14,0,0,73,2.3,0.5,52.0,32,0
1782942345.794,18.139,40.7,79.14,0,0,77,0.7,2.2,34.9,79.15,0,0,72,0.7,0.5,31.4,79.15,0,0,75,0.7,0.6,21.3,79.14,0,0,72,0.8,0.7,52.0,32,0
1782942346.245,18.590,40.7,79.14,0,0,77,1.3,0.6,34.9,79.15,0,0,72,1.6,0.5,31.4,79.15,0,0,75,1.1,0.6,21.3,79.14,0,0,72,2.4,0.6,52.0,32,0
1782942346.697,19.042,37.1,79.14,0,0,77,0.7,4.1,34.9,79.15,0,0,72,3.1,2.5,26.9,79.15,0,0,75,5.9,4.1,21.3,79.14,0,0,72,3.7,0.6,52.0,32,0
1782942347.168,19.513,37.1,79.14,0,0,77,0.7,0.5,29.6,79.15,0,0,72,0.7,0.5,26.9,79.15,0,0,75,2.4,0.6,19.5,79.14,0,0,72,0.8,0.7,52.0,32,0
1782942347.617,19.962,35.7,79.14,0,0,76,0.7,1.1,29.6,79.15,0,0,72,0.7,0.6,26.9,79.15,0,0,75,0.8,2.5,19.5,79.14,0,0,72,3.1,4.1,52.0,32,0
1782942348.073,20.417,35.7,79.14,0,0,76,0.8,0.5,30.3,79.15,0,0,71,0.7,0.6,26.3,79.15,0,0,74,2.4,0.6,17.5,79.14,0,0,72,0.7,0.5,52.0,32,0
1782942348.518,20.863,35.7,79.14,0,0,76,0.8,0.6,30.3,79.15,0,0,71,0.7,0.6,26.3,79.15,0,0,74,0.8,0.5,17.5,79.14,0,0,72,1.5,0.6,52.0,32,0
1782942348.964,21.309,35.3,79.14,0,0,76,0.9,2.3,28.7,79.15,0,0,71,0.7,0.5,25.4,79.15,0,0,74,0.8,0.6,17.5,79.14,0,0,71,0.8,0.5,52.0,32,0
1782942349.412,21.757,35.3,79.14,0,0,76,0.7,0.5,28.7,79.15,0,0,71,0.7,0.6,25.4,79.15,0,0,74,0.6,0.6,17.5,79.14,0,0,71,0.7,0.5,52.0,32,0
1782942349.861,22.205,34.6,79.14,0,0,75,0.7,0.5,29.3,79.15,0,0,70,0.7,4.1,25.8,79.15,0,0,73,13687.7,23156.5,17.3,79.14,0,0,71,20746.7,17186.8,,,
1782942351.295,23.639,288.3,79.14,98,38,80,10354.1,1463.0,279.7,79.15,99,44,76,17760.6,4.7,272.0,79.15,99,40,79,10379.1,8595.5,263.6,79.14,99,45,77,2.6,17199.0,52.0,32,0
1782942352.677,25.021,294.5,79.14,99,48,82,1.9,16357.8,283.5,79.15,99,55,77,61.1,9372.1,274.6,79.15,99,49,81,6940.5,8396.0,269.0,79.14,99,50,78,10374.8,3973.2,52.0,32,0
1782942353.124,25.469,293.1,79.14,99,44,82,20706.8,17105.3,284.0,79.15,99,46,77,20257.4,17104.0,277.8,79.15,99,47,81,2.8,4.6,268.9,79.14,99,43,77,2.8,17247.7,52.0,32,0
1782942353.568,25.912,284.0,79.14,100,62,82,2.2,4.3,267.6,79.15,100,24,77,497.0,17136.3,267.0,79.15,100,14,82,20746.4,4.8,256.0,79.14,99,57,79,2.3,4.5,52.0,32,0
1782942354.008,26.353,284.0,79.14,100,62,82,11163.6,4.5,276.7,79.15,100,51,77,1.9,3.7,270.3,79.15,100,53,82,20766.2,17196.6,260.5,79.14,100,50,77,2.2,5.4,52.0,32,0
1782942354.451,26.795,288.6,79.14,100,57,83,20406.1,4.8,290.9,79.15,100,61,78,4.4,4.1,286.4,79.15,100,50,81,20766.3,17187.1,282.4,79.14,99,53,79,3.5,4.8,52.0,32,0
1782942354.891,27.236,297.5,79.14,100,47,82,2.1,1310.7,288.0,79.15,100,47,77,21284.5,9888.9,281.7,79.15,100,49,81,5.3,5.2,272.4,79.14,100,47,79,20273.5,17195.1,52.0,32,0
1782942355.339,27.683,295.3,79.14,100,45,82,3.1,5.9,278.8,79.15,100,43,78,13784.3,15781.9,273.0,79.15,100,47,82,6962.9,5.5,262.2,79.14,100,41,79,2.5,17238.4,52.0,32,0
1782942355.780,28.125,287.4,79.14,99,43,84,18914.0,16510.1,274.8,79.15,100,47,78,1264.4,4.8,270.9,79.15,100,48,83,3.5,9938.1,258.9,79.14,100,45,79,18897.6,7477.7,52.0,32,0
1782942356.224,28.568,289.6,79.14,100,52,84,19390.0,13923.9,274.8,79.15,100,47,78,1.8,4.8,272.2,79.15,100,46,82,1.7,17230.0,258.9,79.14,100,45,79,20753.8,5.2,52.0,32,0
1782942356.666,29.010,291.8,79.14,100,48,84,18894.4,7511.3,277.7,79.15,100,48,78,2.0,9.8,272.2,79.15,100,46,82,17845.3,16956.4,262.7,79.14,100,50,79,4.7,4.9,52.0,32,0
1782942357.119,29.464,296.4,79.14,100,58,84,20707.9,4.7,282.7,79.15,100,50,77,2.0,4.6,278.2,79.15,100,53,84,20759.1,17193.3,268.1,79.14,100,50,80,2.3,4.9,52.0,32,0
1782942357.563,29.908,296.4,79.14,100,58,84,19079.8,4.6,287.3,79.15,100,56,79,1.8,4.2,283.0,79.15,100,51,84,20760.5,17189.8,274.5,79.14,100,53,80,4.9,5.4,52.0,32,0
1782942358.006,30.351,299.8,79.14,100,49,84,7621.6,4.6,289.6,79.15,100,50,80,1.9,5663.1,283.6,79.15,100,51,84,18971.2,11702.6,274.4,79.14,100,51,79,1.9,4.7,52.0,32,0
1782942358.448,30.792,299.3,79.14,100,51,85,2.4,4.9,287.6,79.15,100,58,79,3.6,17120.6,283.9,79.15,100,56,84,20747.3,5.7,274.0,79.14,100,53,80,4.3,11490.0,52.0,32,0
1782942358.890,31.235,299.0,79.14,100,47,85,20710.3,17107.5,286.0,79.15,99,45,79,2.1,8.2,281.6,79.15,100,48,84,12750.9,15372.0,271.7,79.14,100,46,80,8451.6,5.5,52.0,32,0
1782942359.331,31.676,295.1,79.14,100,43,85,6769.1,28810.1,276.6,79.15,81,42,76,5619.4,7260.4,259.3,79.15,100,45,82,10050.8,8926.1,245.1,79.14,28,3,78,9987.8,8501.4,1.0,3,0
1782942359.773,32.118,257.9,79.14,100,25,84,8687.4,6098.0,231.2,79.15,100,35,78,8646.2,6536.8,224.9,79.15,100,34,84,8753.4,7993.9,216.6,79.14,100,39,79,7353.4,9026.3,1.0,3,0
1782942360.216,32.561,247.6,79.14,100,47,85,6554.3,6591.9,231.2,79.15,100,35,78,6578.9,6898.3,241.5,79.15,100,52,85,6859.9,7326.8,216.6,79.14,100,39,79,8293.4,7562.4,1.0,3,0
1782942360.662,33.007,285.1,79.14,100,53,85,7270.8,5039.8,235.1,79.15,100,51,79,6244.2,7628.4,241.5,79.15,100,52,85,6723.4,7695.2,220.9,79.14,100,52,80,7930.0,7445.1,1.0,3,0
1782942361.107,33.451,302.0,79.14,100,54,86,6124.2,6119.8,280.4,79.15,100,53,79,6202.5,5978.5,279.6,79.15,100,54,85,7734.2,7592.4,268.3,79.14,100,54,80,6731.2,8704.9,2.0,56,0
1782942361.551,33.896,302.0,79.14,100,54,86,6018.0,4678.3,292.8,79.15,100,53,79,7465.9,6355.4,288.9,79.15,100,55,85,6423.9,9029.2,277.4,79.14,100,54,81,6697.1,8045.8,2.0,56,0
1782942361.994,34.338,301.3,79.14,100,54,86,7249.0,4913.1,294.3,79.15,100,53,79,6046.4,7276.2,289.9,79.15,100,54,86,6729.2,7610.0,278.5,79.14,100,54,81,7790.1,7417.5,2.0,56,0
1782942362.435,34.780,300.4,79.14,100,55,86,5883.6,4823.0,295.0,79.15,100,54,80,7508.8,6297.5,290.9,79.15,100,55,86,6306.1,9002.8,279.3,79.14,100,54,81,6465.5,9445.7,2.0,56,0
1782942362.887,35.232,300.2,79.14,100,55,86,7261.0,5182.6,295.3,79.15,100,54,80,6303.7,8215.3,291.2,79.15,100,55,86,6466.1,7695.7,279.7,79.14,100,54,81,7068.5,8478.5,2.0,56,0
1782942363.331,35.676,300.3,79.14,100,55,86,5670.8,6043.9,295.5,79.15,100,54,80,6265.6,6697.5,291.7,79.15,100,55,86,7715.5,7658.5,279.9,79.14,100,55,81,6299.2,9251.6,2.0,56,0
1782942363.774,36.119,300.3,79.14,100,55,87,7256.6,5155.1,296.0,79.15,100,54,80,6290.2,7743.0,292.4,79.15,100,55,87,6495.1,8357.2,280.1,79.14,100,54,81,6899.7,8132.4,2.0,56,0
1782942364.220,36.565,300.3,79.14,100,55,87,5807.1,6105.9,296.0,79.15,100,54,80,6184.1,6628.2,292.3,79.15,100,56,87,7557.8,7406.5,280.1,79.14,100,54,81,6110.2,9384.9,2.0,56,0
1782942364.663,37.008,300.4,79.14,100,56,87,7224.8,4795.5,296.1,79.15,100,54,80,6264.3,7866.5,292.3,79.15,100,56,87,6270.6,8099.3,280.5,79.14,100,55,81,7753.1,7469.6,2.0,56,0
1782942365.106,37.451,300.3,79.14,100,55,87,5948.7,4970.9,296.6,79.15,100,54,80,7534.9,7033.8,292.8,79.15,100,56,87,6329.3,8862.0,281.1,79.14,100,55,82,6608.5,7889.0,2.0,56,0
1782942365.549,37.893,300.3,79.14,100,55,87,5818.4,6007.8,297.0,79.15,100,55,81,6240.4,6645.1,293.2,79.15,100,55,87,7805.2,8031.6,280.9,79.14,100,54,82,6354.6,9556.2,2.0,56,0
1782942365.991,38.335,300.0,79.14,100,56,87,7347.0,4875.3,296.5,79.15,100,54,81,6833.8,7016.7,292.8,79.15,100,55,88,6228.4,8880.8,280.1,79.14,100,54,82,6431.6,8041.9,3.0,56,0
1782942366.437,38.782,299.9,79.14,100,55,88,5789.1,5473.7,296.4,79.15,100,55,81,6390.0,6340.9,293.5,79.15,100,56,88,7704.6,7794.2,280.4,79.14,100,55,82,6366.7,9653.2,3.0,56,0
1782942366.880,39.225,300.0,79.14,100,55,88,7104.4,4915.5,296.9,79.15,100,55,81,6306.1,8832.1,293.8,79.15,100,56,88,7015.3,7903.7,281.0,79.14,100,54,82,7797.2,8522.3,3.0,56,0
1782942367.329,39.673,300.2,79.14,100,56,88,5665.6,4671.6,297.0,79.15,100,55,81,7374.8,6786.2,294.1,79.15,100,57,88,6268.0,9520.8,281.3,79.14,100,56,82,6466.7,8276.1,3.0,56,0
1782942367.771,40.116,300.5,79.14,100,56,88,5590.7,5921.7,297.8,79.15,100,54,81,6250.9,6878.6,294.8,79.15,100,55,88,7630.5,8298.8,281.9,79.14,100,54,83,6255.8,9476.8,3.0,56,0
1782942368.215,40.560,300.1,79.14,100,55,88,7111.2,4838.6,297.8,79.15,100,54,81,6158.5,7891.8,295.4,79.15,100,55,89,6384.1,8024.3,281.9,79.14,100,54,83,7812.0,8211.0,3.0,56,0
1782942368.657,41.002,299.9,79.14,100,56,89,5809.0,4678.5,297.9,79.15,100,54,81,7412.6,6846.5,295.4,79.15,100,55,89,6432.7,9128.9,282.0,79.14,100,55,83,6393.9,7968.0,3.0,56,0
1782942369.105,41.450,300.2,79.14,100,57,89,5574.1,6273.1,297.4,79.15,100,54,81,6075.7,7063.5,295.1,79.15,100,55,89,7626.2,8259.1,281.6,79.14,100,55,83,6277.3,9580.0,3.0,56,0
1782942369.551,41.895,300.2,79.14,100,57,89,7120.8,4678.6,298.2,79.15,100,55,82,5946.6,8051.5,296.1,79.15,100,57,89,6472.3,8413.6,282.4,79.14,100,55,83,7684.7,7893.4,3.0,56,0
1782942369.992,42.337,300.2,79.14,100,55,89,5807.5,4678.4,298.1,79.15,100,54,82,7394.1,6942.9,296.5,79.15,100,55,89,6300.1,8981.5,282.6,79.14,100,55,83,6432.0,8503.7,3.0,56,0
1782942370.435,42.779,300.0,79.14,100,56,89,5948.7,4689.3,297.9,79.15,100,55,82,6677.8,6890.2,296.3,79.15,100,56,89,7733.5,8345.6,282.3,79.14,100,55,83,6205.1,9590.1,3.0,56,0
1782942370.881,43.226,300.0,79.14,100,55,89,7004.6,4980.9,297.9,79.15,100,54,82,6283.6,8543.5,296.4,79.15,100,55,90,6872.2,8288.4,282.2,79.14,100,54,83,7770.8,8364.6,3.0,56,0
1782942371.329,43.673,300.0,79.14,100,56,89,5807.2,4678.3,297.7,79.15,100,54,82,7516.6,7086.0,296.6,79.15,100,55,90,6306.8,9397.8,282.1,79.14,100,55,83,6288.2,8146.1,3.0,56,0
1782942372.219,44.564,300.1,79.14,100,56,90,6728.2,4818.0,298.1,79.15,100,55,82,6079.2,8227.7,298.1,79.15,100,56,90,6410.2,8343.6,282.7,79.14,100,55,84,7805.3,8318.4,3.0,56,0
1782942372.662,45.006,299.9,79.14,100,56,90,7217.8,4678.5,298.6,79.15,100,55,82,5993.7,7881.2,298.1,79.15,100,56,90,6370.3,9234.0,283.0,79.14,100,55,84,6284.5,8304.9,3.0,56,0
1782942373.107,45.452,300.1,79.14,100,56,90,5673.2,4561.2,298.8,79.15,100,55,82,7377.0,7003.1,298.0,79.15,100,56,90,6159.0,9517.0,283.0,79.14,100,55,84,6156.9,8398.7,4.0,56,0
1782942373.553,45.897,300.1,79.14,100,56,90,5524.9,5754.0,299.3,79.15,100,55,83,6275.9,7301.5,298.4,79.15,100,56,90,7656.1,8318.3,283.6,79.14,100,55,84,6281.2,9861.8,4.0,56,0
1782942373.994,46.339,300.1,79.14,100,56,90,6641.1,4803.2,299.2,79.15,100,55,83,6088.2,7947.2,298.6,79.15,100,57,91,6462.7,8548.2,283.8,79.14,100,56,84,7749.8,8339.5,4.0,56,0
1782942374.436,46.781,300.0,79.14,100,56,90,6973.5,4678.5,299.3,79.15,100,55,83,5890.5,8003.5,298.7,79.15,100,57,91,6465.4,8168.4,283.9,79.14,100,55,84,7688.7,8415.3,4.0,56,0
1782942374.878,47.222,300.2,79.14,100,56,90,6205.8,4655.5,299.0,79.15,100,54,83,7371.6,7136.3,298.6,79.15,100,56,91,6354.4,9587.7,283.5,79.14,100,54,84,6456.2,8295.2,4.0,56,0
1782942375.320,47.665,299.9,79.14,100,56,91,5630.9,5872.6,298.5,79.15,100,54,83,6244.1,7086.7,298.1,79.15,100,56,91,7634.0,8321.4,282.8,79.14,100,54,84,6159.6,9520.8,4.0,56,0
1782942375.763,48.107,299.9,79.14,100,55,91,7118.7,5148.1,298.2,79.15,100,54,83,6162.7,8128.0,297.6,79.15,100,55,91,6581.1,8367.5,282.5,79.14,100,54,85,7877.6,8134.9,4.0,56,0
1782942376.208,48.552,300.0,79.14,100,56,91,5677.5,4444.6,298.2,79.15,100,54,83,7351.0,7383.7,298.0,79.15,100,56,91,6215.0,9687.3,282.5,79.14,100,54,85,6454.5,8531.3,4.0,56,0
1782942376.652,48.997,300.2,79.14,100,56,91,5566.8,5578.6,298.3,79.15,100,54,83,6368.2,7340.5,298.0,79.15,100,56,91,8446.9,9585.6,282.4,79.14,100,55,85,6416.5,10041.3,4.0,56,0
1782942377.106,49.451,299.8,79.14,100,54,91,7007.8,4846.6,298.7,79.15,100,54,83,6117.2,8208.9,298.2,79.15,100,56,91,6262.1,8039.1,282.8,79.14,100,54,85,7745.8,8313.5,4.0,56,0
1782942377.551,49.896,299.8,79.14,100,54,91,5920.9,4678.2,298.8,79.15,100,55,83,7515.4,7217.7,298.0,79.15,100,56,91,6169.6,9551.1,282.7,79.14,100,55,85,6575.1,9011.9,4.0,56,0
1782942377.993,50.338,299.8,79.14,100,55,91,5587.8,5926.8,299.0,79.15,100,55,84,6389.5,7551.4,297.9,79.15,100,55,91,7783.2,8397.2,282.8,79.14,100,54,85,6296.2,9827.1,5.0,56,0
1782942378.436,50.780,300.2,79.14,100,56,91,7101.7,4679.9,299.2,79.15,100,54,84,6001.0,8299.7,297.9,79.15,100,56,91,6425.0,7782.3,283.1,79.14,100,54,85,7719.4,8698.3,5.0,56,0
1782942378.877,51.222,300.0,79.14,100,56,91,7151.6,4679.8,299.4,79.15,100,55,84,6078.9,8389.3,298.4,79.15,100,57,91,6697.0,8281.4,283.5,79.14,100,55,85,7527.5,8514.8,5.0,56,0
1782942379.320,51.665,300.1,79.14,100,55,91,5779.6,4676.4,299.7,79.15,100,53,84,7445.3,7363.7,298.7,79.15,100,55,91,6149.6,9615.8,284.1,79.14,100,54,85,6547.0,8602.2,5.0,56,0
1782942379.763,52.107,300.0,79.14,100,55,91,5673.3,6087.5,299.6,79.15,100,54,84,6421.7,7183.9,298.5,79.15,100,55,91,7769.7,8996.0,283.6,79.14,100,54,86,6388.2,10085.4,5.0,56,0
1782942380.207,52.551,300.0,79.14,100,55,91,7052.7,4678.5,299.6,79.15,100,54,84,6132.2,8506.9,298.6,79.15,100,55,91,6337.9,8389.2,283.6,79.14,100,54,86,7665.9,8902.1,5.0,56,0
1782942380.649,52.993,300.2,79.14,100,56,91,6271.9,4561.6,300.1,79.15,100,55,84,7186.6,7717.7,298.6,79.15,100,55,91,7042.4,9532.3,283.9,79.14,100,55,86,6382.7,8729.2,5.0,56,0
1782942381.096,53.441,300.1,79.14,100,56,91,5703.0,4561.0,300.6,79.15,100,55,84,7610.3,7515.0,299.2,79.15,100,57,91,6713.1,9262.1,284.7,79.14,100,54,86,6375.4,9292.5,5.0,56,0
1782942381.539,53.883,300.1,79.14,100,56,91,5665.4,5871.0,300.6,79.15,100,54,84,6255.0,7384.2,299.4,79.15,100,56,91,7648.8,8088.3,284.9,79.14,100,55,86,6291.1,10349.8,5.0,56,0
1782942381.980,54.325,300.0,79.14,100,56,91,6966.3,4752.2,300.5,79.15,100,53,84,6152.5,8227.8,299.2,79.15,100,56,91,6464.8,8363.6,284.5,79.14,100,55,86,7676.5,8865.8,5.0,56,0
1782942382.422,54.767,300.0,79.14,100,57,91,7121.4,4678.6,300.8,79.15,100,53,85,6014.5,7921.4,299.3,79.15,100,55,91,6196.1,8359.8,284.6,79.14,100,54,86,7326.9,8468.3,5.0,56,0
1782942382.865,55.210,299.9,79.14,100,55,91,5667.2,4445.1,301.0,79.15,100,54,85,7432.7,7260.3,299.4,79.15,100,55,91,6230.5,9754.4,284.5,79.14,100,54,86,6508.9,8443.1,5.0,56,0
1782942383.309,55.654,299.9,79.14,100,55,91,5726.1,5966.9,300.3,79.15,100,54,85,6370.6,7126.9,298.6,79.15,100,54,91,7615.9,8281.4,284.4,79.14,100,54,86,6252.7,9891.5,5.0,56,0
1782942383.752,56.097,300.0,79.14,100,56,92,7683.9,5034.2,300.3,79.15,100,54,85,6196.5,8253.9,298.0,79.15,100,54,91,6475.8,8200.6,283.7,79.14,100,54,86,7844.3,8819.1,5.0,56,0
1782942384.197,56.542,300.0,79.14,100,55,92,5807.3,4783.8,299.5,79.15,100,52,85,7374.9,7124.5,298.0,79.15,100,54,91,6103.0,9705.2,283.7,79.14,100,54,86,6617.3,8016.9,5.0,56,0
1782942384.639,56.984,300.0,79.14,100,55,92,5665.6,5945.0,299.9,79.15,100,53,85,6286.7,7498.0,297.9,79.15,100,55,91,8903.5,8747.3,283.5,79.14,100,54,87,6128.0,10240.9,5.0,56,0
1782942385.087,57.432,300.0,79.14,100,54,92,6977.1,4912.4,300.3,79.15,100,55,85,6147.9,8423.5,298.2,79.15,100,55,91,6525.5,8242.4,284.0,79.14,100,54,87,7858.3,8765.0,5.0,56,0
1782942385.529,57.874,300.0,79.14,100,54,92,5948.7,4678.3,300.2,79.15,100,53,85,7513.1,7326.7,297.6,79.15,100,54,91,6377.3,9228.1,284.1,79.14,100,54,87,6486.6,8690.1,6.0,56,0
1782942385.971,58.316,300.0,79.14,100,55,91,5670.4,5950.1,300.0,79.15,100,54,85,6332.0,7329.9,297.6,79.15,100,56,91,7637.5,8432.5,284.1,79.14,100,54,87,6332.7,10025.5,6.0,56,0
1782942386.414,58.759,300.0,79.14,100,56,92,6960.6,4963.9,300.3,79.15,100,54,85,6135.6,8033.6,298.1,79.15,100,55,91,6626.7,8530.8,284.7,79.14,100,54,87,7776.3,8678.0,6.0,56,0
1782942386.856,59.201,300.1,79.14,100,54,92,5807.5,4693.7,300.2,79.15,100,55,86,7415.0,7178.1,298.2,79.15,100,55,91,6391.2,9453.8,284.9,79.14,100,55,87,6688.4,8754.6,6.0,56,0
1782942387.298,59.642,299.8,79.14,100,54,92,5479.8,4444.2,300.2,79.15,100,55,86,7427.6,7120.9,298.1,79.15,100,55,91,7403.2,8995.0,284.9,79.14,100,54,87,6167.4,10056.0,6.0,56,0
1782942387.743,60.088,300.1,79.14,100,56,92,5529.7,5874.4,300.2,79.15,100,55,86,6367.4,6981.2,298.4,79.15,100,56,91,7162.9,8413.5,285.4,79.14,100,54,87,7882.8,8912.3,6.0,56,0
1782942388.191,60.536,299.9,79.14,100,56,92,6971.9,4928.5,300.3,79.15,100,55,86,6050.0,8197.8,298.4,79.15,100,56,91,6503.8,8627.4,285.4,79.14,100,54,87,8017.9,8315.5,6.0,56,0
1782942388.633,60.978,300.0,79.14,100,55,92,5807.2,4561.3,300.1,79.15,100,54,86,7409.5,7065.1,298.4,79.15,100,56,91,6404.3,9805.6,285.4,79.14,100,54,87,6818.1,8275.4,6.0,56,0
1782942389.078,61.423,299.9,79.14,100,55,92,5526.3,5913.4,299.9,79.15,100,54,86,6257.4,6991.0,298.0,79.15,100,56,91,7601.2,8471.6,285.1,79.14,100,53,87,6269.3,10123.4,6.0,56,0
1782942389.520,61.865,299.9,79.14,100,55,92,7265.5,4912.3,300.1,79.15,100,54,86,6097.7,8147.1,297.9,79.15,100,55,91,6614.1,8691.8,285.2,79.14,100,54,87,7937.0,8938.9,6.0,56,0
1782942389.962,62.307,299.9,79.14,100,54,92,5949.1,4447.0,299.9,79.15,100,54,86,7408.7,7048.4,297.7,79.15,100,55,91,6104.7,9388.4,285.3,79.14,100,54,88,6507.6,8390.4,6.0,56,0
1782942390.405,62.749,300.1,79.14,100,56,92,5670.0,5816.0,300.2,79.15,100,54,86,6120.1,6886.3,298.1,79.15,100,56,91,7661.7,8544.7,286.0,79.14,100,55,87,6386.4,9958.1,7.0,56,0
1782942390.848,63.193,300.1,79.14,100,56,92,5724.6,6078.9,300.3,79.15,100,54,86,6298.8,6878.1,298.7,79.15,100,56,91,7090.1,8571.3,286.6,79.14,100,55,88,7735.7,8493.9,7.0,56,0
1782942391.290,63.635,300.1,79.14,100,55,92,7244.1,4797.3,300.1,79.15,100,55,86,6059.7,7890.1,298.5,79.15,100,55,91,6631.8,9096.0,286.2,79.14,100,54,88,6778.4,8502.2,7.0,56,0
1782942391.734,64.078,299.7,79.14,100,55,92,6660.8,6007.6,300.1,79.15,100,55,86,7114.4,6949.6,297.5,79.15,100,55,91,7911.9,8995.2,286.2,79.14,100,54,88,6393.2,10262.3,7.0,56,0
1782942392.184,64.528,300.0,79.14,100,55,92,7245.4,4912.4,299.8,79.15,100,54,86,5965.3,8040.2,297.5,79.15,100,55,91,6597.3,8668.3,285.5,79.14,100,54,88,7984.7,8782.3,7.0,56,0
1782942392.626,64.970,300.1,79.14,100,56,92,5747.1,4444.5,299.8,79.15,100,54,86,7323.6,7271.3,297.3,79.15,100,55,91,7335.9,9821.8,285.4,79.14,100,54,88,6702.7,8325.6,7.0,56,0
1782942393.071,65.416,300.0,79.14,100,56,92,5525.6,5831.2,300.2,79.15,100,55,86,6286.5,6692.1,297.8,79.15,100,56,91,7708.8,8802.2,286.2,79.14,100,54,88,6298.4,9818.1,7.0,56,0
1782942393.513,65.858,300.0,79.14,100,56,92,5665.5,5948.9,300.3,79.15,100,55,87,5822.9,6675.8,298.6,79.15,100,55,91,6965.9,8492.9,287.1,79.14,100,54,88,7906.9,8194.8,7.0,56,0
1782942393.955,66.300,300.1,79.14,100,55,92,7280.1,4798.1,300.2,79.15,100,55,87,5963.6,7729.2,298.6,79.15,100,55,91,6430.9,8243.8,287.3,79.14,100,54,88,7830.6,8753.3,7.0,56,0
1782942394.398,66.742,300.0,79.14,100,56,92,6033.1,4444.4,300.0,79.15,100,54,87,7357.0,7221.2,298.7,79.15,100,56,91,6401.5,9598.3,287.4,79.14,100,54,88,6640.5,8841.9,7.0,56,0
1782942394.840,67.184,300.1,79.14,100,56,92,5692.8,5758.8,299.9,79.15,100,54,87,6326.1,6900.2,298.2,79.15,100,56,91,7902.4,9918.6,287.1,79.14,100,55,88,6054.4,9449.8,7.0,56,0
1782942395.285,67.629,299.9,79.14,100,55,92,7136.8,4678.6,300.0,79.15,100,55,87,5794.7,7914.4,297.6,79.15,100,55,91,6594.1,8399.8,286.4,79.14,100,54,88,7709.3,8780.8,7.0,56,0
1782942395.727,68.071,300.0,79.14,100,56,92,5963.7,5179.8,300.0,79.15,100,55,87,7453.8,7289.4,297.8,79.15,100,55,91,6179.3,9711.3,286.4,79.14,100,54,88,6651.5,8085.9,7.0,56,0
1782942396.179,68.523,300.0,79.14,100,55,92,5667.1,6177.5,300.0,79.15,100,55,87,6366.6,6319.4,297.8,79.15,100,55,91,7692.9,8432.9,286.7,79.14,100,54,88,6246.6,9909.6,7.0,56,0
1782942396.621,68.965,299.9,79.14,100,56,92,7102.0,4913.1,300.3,79.15,100,55,87,5980.9,7733.9,297.8,79.15,100,56,91,6626.1,8259.5,287.0,79.14,100,53,88,7906.2,8666.4,7.0,56,0
1782942397.063,69.407,299.9,79.14,100,56,92,7151.1,4678.5,300.0,79.15,100,54,87,6251.4,7514.8,297.5,79.15,100,56,91,6209.3,9373.9,287.1,79.14,100,54,88,6567.0,8859.0,7.0,56,0
1782942397.505,69.850,300.1,79.14,100,55,92,6521.2,4528.6,299.8,79.15,100,54,87,7615.8,6726.3,297.6,79.15,100,55,91,7107.3,8896.1,287.4,79.14,100,55,88,6234.1,9770.1,8.0,56,0
1782942397.952,70.296,300.0,79.14,100,55,92,5632.7,6042.9,300.1,79.15,100,55,87,6085.8,6696.0,297.9,79.15,100,56,91,7676.9,8048.7,287.3,79.14,100,54,89,6556.6,9493.4,8.0,56,0
1782942398.396,70.741,299.9,79.14,100,55,91,7105.3,4914.0,300.1,79.15,100,55,87,5818.2,7546.9,298.3,79.15,100,55,91,6603.2,8165.1,287.3,79.14,100,54,89,7958.8,8443.1,8.0,56,0
1782942398.838,71.182,299.9,79.14,100,56,92,6232.1,4561.3,300.0,79.15,100,54,87,7338.0,6499.5,298.0,79.15,100,55,91,6249.4,11610.5,287.4,79.14,100,55,89,7224.6,9923.0,8.0,56,0
1782942399.290,71.635,300.1,79.14,100,56,92,5505.2,5754.3,300.1,79.15,100,54,87,6054.8,6639.6,298.1,79.15,100,55,91,7213.6,8604.8,287.8,79.14,100,55,89,7558.9,8251.4,8.0,56,0
1782942399.731,72.076,300.0,79.14,100,56,92,7149.7,5271.0,300.1,79.15,100,54,87,6053.2,7621.3,298.3,79.15,100,56,91,6195.9,8673.1,287.8,79.14,100,55,89,6954.8,8441.4,8.0,56,0
1782942400.180,72.525,300.1,79.14,100,55,92,5808.8,4495.6,300.2,79.15,100,54,87,7309.6,6611.7,298.3,79.15,100,56,91,6295.4,10149.0,288.2,79.14,100,55,89,6568.6,8394.7,8.0,56,0
1782942400.621,72.966,299.9,79.14,100,55,92,5665.6,5927.7,300.3,79.15,100,55,87,6152.2,6332.9,298.8,79.15,100,56,91,7636.1,8882.6,288.3,79.14,100,54,89,6049.6,10105.2,8.0,56,0
1782942401.066,73.410,299.9,79.14,100,55,92,7244.7,4912.5,300.1,79.15,100,54,88,5762.1,7751.3,298.4,79.15,100,55,91,6636.4,8083.6,287.9,79.14,100,54,89,7639.4,8630.7,8.0,56,0
1782942401.507,73.852,300.0,79.14,100,56,91,6992.6,4614.9,299.8,79.15,100,55,88,6985.8,7262.2,297.7,79.15,100,56,91,6335.7,9598.8,287.8,79.14,100,55,89,6495.8,8296.2,8.0,56,0
1782942401.951,74.296,300.0,79.14,100,56,92,5868.1,4700.7,300.0,79.15,100,54,88,7476.0,6955.3,297.9,79.15,100,55,91,6341.7,9497.5,288.3,79.14,100,55,89,6435.1,8527.0,8.0,56,0
1782942402.394,74.738,299.9,79.14,100,56,92,5666.8,5836.1,300.2,79.15,100,54,88,6136.2,6775.6,297.9,79.15,100,55,91,7716.8,8298.1,288.3,79.14,100,55,89,6275.9,10137.4,9.0,56,0
1782942402.836,75.181,299.9,79.14,100,56,92,7066.1,4795.4,300.2,79.15,100,55,88,5909.9,7640.8,297.9,79.15,100,56,91,6616.5,8470.1,288.4,79.14,100,54,89,7894.7,8342.8,9.0,56,0
1782942403.279,75.624,300.0,79.14,100,55,92,5667.3,4444.6,300.1,79.15,100,55,88,7255.9,6829.6,297.5,79.15,100,55,91,6281.8,9993.8,288.1,79.14,100,54,89,6438.6,8513.2,9.0,56,0
1782942403.721,76.066,299.9,79.14,100,56,91,6377.9,5872.4,300.1,79.15,100,55,88,6203.0,6623.2,297.2,79.15,100,56,91,7815.4,8760.2,288.1,79.14,100,54,89,6369.7,9553.5,9.0,56,0
1782942404.168,76.512,300.0,79.14,100,55,91,6393.2,5136.5,299.9,79.15,100,54,88,6218.0,7737.7,297.2,79.15,100,56,91,6701.0,8423.6,287.8,79.14,100,55,89,7738.9,8767.7,9.0,56,0
1782942404.610,76.954,299.9,79.14,100,55,92,6248.4,4561.5,299.7,79.15,100,54,88,7481.6,6843.9,297.0,79.15,100,55,91,6446.0,9215.5,287.4,79.14,100,53,89,6586.1,9042.6,9.0,56,0
1782942405.056,77.401,299.9,79.14,100,55,92,5678.5,5935.6,300.1,79.15,100,55,88,6186.0,6268.3,297.1,79.15,100,55,91,7642.2,8856.7,287.4,79.14,100,54,89,6416.9,9967.8,9.0,56,0
1782942405.501,77.846,300.0,79.14,100,55,91,5653.7,6042.7,300.1,79.15,100,55,88,6131.6,7422.3,297.0,79.15,100,55,91,6596.9,8430.6,287.8,79.14,100,55,89,8005.4,8444.7,9.0,56,0
1782942405.953,78.298,300.0,79.14,100,55,92,5951.9,4564.0,300.0,79.15,100,54,88,7225.5,6275.2,297.2,79.15,100,56,91,6226.2,9698.3,287.9,79.14,100,55,89,6711.7,8453.5,9.0,56,0
1782942406.396,78.741,300.1,79.14,100,56,91,5667.1,6045.7,300.3,79.15,100,54,88,6107.3,6411.5,297.6,79.15,100,56,91,7635.9,8424.0,288.4,79.14,100,55,89,6317.2,9966.2,9.0,56,0
1782942406.838,79.183,299.9,79.14,100,56,92,5386.7,5871.0,300.5,79.15,100,56,88,5994.3,6594.7,298.6,79.15,100,56,91,7698.3,10303.3,289.5,79.14,100,56,89,8235.5,8793.5,9.0,56,0
1782942407.288,79.633,300.1,79.14,100,56,92,6976.3,4778.2,300.3,79.15,100,55,88,5839.4,7601.2,298.9,79.15,100,55,91,6358.6,8419.4,289.5,79.14,100,55,89,7995.7,8798.2,9.0,56,0
1782942407.730,80.075,299.9,79.14,100,55,92,5815.1,4802.4,300.3,79.15,100,55,88,7333.7,5953.3,298.2,79.15,100,55,91,6440.5,9538.6,289.5,79.14,100,55,89,6325.9,8641.7,9.0,56,0
1782942408.178,80.523,299.8,79.14,100,56,91,5523.9,5829.3,300.0,79.15,100,56,88,6185.6,5861.9,298.2,79.15,100,55,91,7696.8,8795.5,288.7,79.14,100,54,89,6361.2,9759.3,9.0,56,0
1782942408.620,80.965,300.1,79.14,100,56,92,6990.1,4699.9,299.8,79.15,100,55,88,5866.0,7393.5,298.1,79.15,100,56,91,6409.4,9442.5,288.8,79.14,100,55,89,7829.5,8353.9,9.0,56,0
1782942409.067,81.411,300.1,79.14,100,56,92,7132.5,4678.6,300.1,79.15,100,55,88,5683.9,7438.3,298.3,79.15,100,57,91,6394.4,9343.9,289.1,79.14,100,56,89,6935.0,8520.8,9.0,56,0
1782942409.509,81.853,300.2,79.14,100,57,91,5665.6,4538.8,300.2,79.15,100,55,88,7258.5,6340.8,298.4,79.15,100,56,91,6366.6,9791.2,289.2,79.14,100,55,89,6679.9,9119.7,9.0,56,0
1782942409.950,82.295,299.9,79.14,100,55,92,5668.6,6041.1,299.8,79.15,100,55,88,6039.5,5991.6,298.0,79.15,100,56,91,7700.5,8703.4,288.7,79.14,100,55,89,6185.6,10157.6,10.0,56,0
1782942410.393,82.738,299.8,79.14,100,55,92,5383.9,5918.4,299.9,79.15,100,55,88,5934.4,6344.6,297.8,79.15,100,55,91,7896.3,8651.8,288.3,79.14,100,54,89,7227.1,8524.5,10.0,56,0
1782942410.835,83.179,300.0,79.14,100,55,92,6981.8,4918.3,300.0,79.15,100,55,88,5992.1,7452.5,297.8,79.15,100,55,91,6523.8,8695.4,288.0,79.14,100,54,89,7832.5,8149.2,10.0,56,0
1782942411.277,83.621,299.9,79.14,100,56,91,5672.4,4510.1,300.1,79.15,100,55,88,7253.4,6547.1,298.0,79.15,100,56,91,6284.2,9710.9,288.3,79.14,100,55,89,6511.9,8454.8,10.0,56,0
1782942411.719,84.064,300.0,79.14,100,56,92,5533.2,6927.8,300.1,79.15,100,55,88,6387.8,6024.1,298.2,79.15,100,56,91,7795.8,8316.3,288.3,79.14,100,55,89,6292.8,9665.2,10.0,56,0
1782942412.174,84.519,300.1,79.14,100,56,92,7054.3,4678.6,300.0,79.15,100,55,88,5809.6,7339.0,298.2,79.15,100,56,91,6558.5,8514.6,288.3,79.14,100,55,89,7888.8,8884.8,10.0,56,0
1782942412.617,84.962,300.0,79.14,100,56,91,5665.7,4678.4,300.0,79.15,100,54,88,7384.1,6750.3,298.3,79.15,100,55,91,6501.1,9841.4,288.3,79.14,100,55,89,6681.6,8404.0,10.0,56,0
1782942413.060,85.405,300.0,79.14,100,56,91,5525.8,4444.2,300.0,79.15,100,56,88,7359.8,6578.7,298.2,79.15,100,56,91,6213.6,9705.8,288.2,79.14,100,54,89,6382.4,9516.8,10.0,56,0
1782942413.503,85.848,300.1,79.14,100,56,92,5667.8,5934.7,300.1,79.15,100,56,88,6124.6,6290.3,298.2,79.15,100,56,91,7683.3,8457.3,288.1,79.14,100,54,89,6306.8,10035.8,10.0,56,0
1782942413.944,86.289,300.1,79.14,100,55,92,7532.6,4807.3,300.1,79.15,100,55,88,5927.3,7482.2,298.0,79.15,100,56,91,6344.0,8370.5,288.1,79.14,100,54,89,7699.0,8973.9,10.0,56,0
1782942414.394,86.739,300.1,79.14,100,56,91,5912.1,4682.4,299.9,79.15,100,55,88,7188.1,6253.2,298.1,79.15,100,56,91,6197.7,9644.1,288.5,79.14,100,55,89,6379.9,8789.3,10.0,56,0
1782942414.836,87.181,300.1,79.14,100,57,92,5665.6,4561.0,300.0,79.15,100,55,88,7272.2,6118.0,298.7,79.15,100,55,91,6235.9,9838.4,288.9,79.14,100,55,89,6288.0,9327.7,11.0,56,0
1782942415.278,87.623,300.2,79.14,100,56,92,5665.4,5936.8,300.2,79.15,100,56,88,5945.3,6083.1,299.0,79.15,100,57,91,7634.7,8391.7,289.2,79.14,100,56,89,6241.2,9745.1,11.0,56,0
1782942415.720,88.065,300.0,79.14,100,56,92,5671.4,6131.0,300.2,79.15,100,56,88,6006.0,7563.7,299.0,79.15,100,57,91,7028.7,8539.6,289.2,79.14,100,56,89,7855.1,8246.0,11.0,56,0
1782942416.168,88.512,299.8,79.14,100,56,92,7085.0,4678.6,300.0,79.15,100,55,88,5833.2,7555.7,299.0,79.15,100,57,91,6290.5,8198.9,289.3,79.14,100,55,89,7714.6,8300.3,11.0,56,0
1782942416.609,88.954,299.9,79.14,100,56,92,5836.1,4593.5,299.9,79.15,100,56,88,7209.1,6378.1,298.9,79.15,100,56,91,6343.4,9388.7,289.1,79.14,100,55,89,6998.8,8875.7,11.0,56,0
1782942417.057,89.402,299.9,79.14,100,56,92,5488.2,5898.1,300.1,79.15,100,56,88,5965.1,6139.5,298.9,79.15,100,56,91,7780.7,8484.0,289.2,79.14,100,55,89,6207.0,9756.5,11.0,56,0
1782942417.499,89.843,300.0,79.14,100,56,92,5667.1,6014.1,300.1,79.15,100,55,88,6049.5,6206.3,298.7,79.15,100,56,91,6991.8,8325.6,289.3,79.14,100,55,89,7603.8,8564.0,11.0,56,0
1782942417.940,90.285,300.1,79.14,100,56,91,7155.0,4886.7,300.0,79.15,100,55,88,5776.6,7188.9,298.5,79.15,100,56,91,6783.1,8162.3,288.9,79.14,100,55,89,7838.5,8779.2,11.0,56,0
1782942418.383,90.728,299.9,79.14,100,56,92,5965.2,4561.3,299.9,79.15,100,54,88,7236.6,6463.2,298.3,79.15,100,56,91,6306.0,9687.2,288.8,79.14,100,56,89,6602.8,8471.3,11.0,56,0
1782942418.826,91.171,299.7,79.14,100,55,92,5608.2,5892.6,299.8,79.15,100,55,88,6102.3,6184.7,297.9,79.15,100,57,91,7672.6,8516.6,288.2,79.14,100,55,89,6364.0,10028.0,11.0,56,0
1782942419.268,91.613,299.9,79.14,100,56,92,5629.3,6064.5,300.1,79.15,100,56,88,6027.2,6483.0,298.1,79.15,100,56,91,6941.4,8502.1,288.3,79.14,100,55,89,7469.4,8695.8,11.0,56,0
1782942419.710,92.055,300.2,79.14,100,55,92,7557.3,4712.1,300.1,79.15,100,56,88,6597.4,6723.6,298.1,79.15,100,56,91,6341.0,9536.2,288.3,79.14,100,55,89,6628.9,8920.6,11.0,56,0
1782942420.162,92.507,300.1,79.14,100,56,92,5633.6,4555.8,300.0,79.15,100,55,88,7380.1,6361.8,298.1,79.15,100,56,91,6120.1,9604.6,288.2,79.14,100,55,88,6545.1,9810.6,11.0,56,0
1782942420.605,92.950,300.0,79.14,100,57,92,5844.4,6098.8,299.9,79.15,100,55,88,5959.2,6479.0,297.9,79.15,100,55,91,7897.7,9322.3,288.2,79.14,100,55,88,7625.1,10476.4,11.0,56,0
1782942421.492,93.837,299.9,79.14,100,56,92,3.9,4368.5,299.9,79.15,100,54,88,14417.4,4.5,297.7,79.15,100,56,91,10377.3,8597.4,288.0,79.14,91,50,88,4.1,8623.6,,,
1782942422.912,95.257,293.8,79.14,99,42,92,1.9,11407.6,292.0,79.15,99,44,87,5942.7,42.7,284.3,79.15,99,44,91,19688.9,5.2,272.9,79.14,99,42,88,10393.1,8599.8,11.0,56,0
1782942424.059,96.404,287.9,79.14,99,49,91,2.7,17109.8,289.5,79.15,99,46,88,3.0,8569.2,282.6,79.15,99,46,90,10374.2,4.4,274.2,79.14,99,51,88,19690.1,5.0,11.0,56,0
1782942424.502,96.847,290.6,79.14,99,46,92,4.6,15059.4,291.8,79.15,99,43,88,1716.1,8592.6,285.6,79.15,99,45,91,20782.3,17191.0,274.5,79.14,99,44,88,20748.1,17214.2,11.0,56,0
1782942424.947,97.291,296.8,79.14,99,43,92,20710.3,17109.3,283.1,79.15,100,13,88,4.1,4.1,272.6,79.15,100,39,90,1.9,561.5,264.3,79.14,100,52,88,19119.5,17211.1,11.0,56,0
1782942425.392,97.736,289.9,79.14,100,51,91,4.4,4.3,287.5,79.15,99,64,88,15562.3,14789.2,279.2,79.15,100,49,91,6735.9,4.6,271.3,79.14,100,58,88,3.5,526.1,11.0,56,0
1782942425.834,98.178,292.3,79.14,100,49,91,20603.1,3.8,293.9,79.15,100,49,88,2.8,4.2,294.7,79.15,100,57,91,740.0,16794.5,287.1,79.14,100,62,89,20773.6,7.3,11.0,56,0
1782942426.280,98.624,289.2,79.14,100,44,91,2.7,17113.4,294.0,79.15,100,44,88,20708.4,5.9,284.2,79.15,100,49,91,2.1,523.7,273.4,79.14,100,53,88,19694.2,17194.6,11.0,56,0
1782942426.720,99.064,278.3,79.14,100,43,92,19259.1,1190.2,294.0,79.15,100,44,88,6.1,130.6,272.7,79.15,100,37,90,19695.4,17206.4,273.4,79.14,100,53,88,2.6,5.9,11.0,56,0
1782942427.167,99.512,266.5,79.14,100,42,91,2.1,5742.4,284.3,79.15,100,38,88,18352.5,12589.7,272.7,79.15,100,37,90,2.0,5.2,261.1,79.14,100,39,88,9837.0,15086.4,11.0,56,0
1782942427.610,99.955,277.1,79.14,100,45,92,8165.7,15069.3,283.6,79.15,100,44,88,14016.1,4.7,272.1,79.15,100,44,91,1.9,500.5,264.5,79.14,100,46,88,19705.0,17206.3,11.0,56,0
1782942428.053,100.398,277.1,79.14,100,45,92,12733.0,15018.5,285.3,79.15,100,46,87,9782.4,4.8,276.4,79.15,100,47,90,2.9,3693.5,265.7,79.14,100,45,87,18493.3,14345.8,11.0,56,0
1782942428.494,100.839,294.9,79.14,100,46,91,4.0,17115.3,291.9,79.15,100,45,88,19732.9,864.6,287.3,79.15,100,58,91,2.9,4.6,274.9,79.14,100,57,88,1138.3,10355.7,11.0,56,0
1782942428.938,101.283,299.9,79.14,100,52,92,388.6,4.4,291.0,79.15,100,33,87,4.9,1749.0,285.0,79.15,100,57,91,18439.1,16719.2,272.6,79.14,100,46,88,2.6,4.7,11.0,56,0
1782942429.380,101.725,281.9,79.14,100,50,91,20705.6,4.7,291.6,79.15,100,46,87,3.7,4.7,278.7,79.15,100,48,91,12959.2,15100.0,270.9,79.14,100,47,87,8311.2,4.8,11.0,56,0
1782942429.822,102.166,276.8,79.14,100,51,92,17978.9,10810.4,290.8,79.15,100,59,88,1.9,4.5,285.4,79.15,100,47,91,1074.1,16761.6,278.2,79.14,100,53,88,20746.9,7.1,11.0,56,0
1782942430.264,102.609,297.3,79.14,100,48,91,18380.7,9978.0,294.9,79.15,100,44,88,2.9,5.0,287.7,79.15,100,48,91,8544.6,15220.7,276.4,79.14,100,45,87,13343.7,5.8,11.0,56,0
1782942430.706,103.050,297.5,79.14,100,45,91,6.8,8.3,294.9,79.15,100,44,88,22889.3,13909.0,281.6,79.15,100,44,90,4.8,5.5,276.4,79.14,100,45,87,17085.3,15418.1,11.0,56,0
1782942431.153,103.498,297.8,79.14,100,46,92,20705.8,17107.3,292.1,79.15,100,46,87,20703.4,5.1,281.6,79.15,100,44,90,2.4,4.5,271.1,79.14,100,44,88,8434.8,14772.3,4.0,0,53
1782942431.596,103.941,294.6,79.14,100,50,91,3.5,4.1,279.9,79.15,100,14,88,3.5,13331.2,276.9,79.15,100,66,91,17442.4,5239.2,266.2,79.14,100,66,88,4.2,13.2,4.0,0,53
1782942432.039,104.383,294.6,79.14,100,50,91,17638.4,7795.6,287.0,79.15,100,51,88,2.8,4.8,286.3,79.15,100,68,91,3.4,17287.2,274.3,79.14,100,65,88,20761.4,4.9,4.0,0,53
1782942432.483,104.828,294.3,79.14,100,49,91,2441.7,15188.9,303.1,79.15,100,47,87,19260.5,4.8,297.0,79.15,100,62,91,3.3,4.0,285.3,79.14,100,49,88,20295.3,17204.1,4.0,0,53
1782942432.926,105.271,300.2,79.14,100,54,92,18632.8,8990.8,299.8,79.15,100,52,87,3.4,7.1,291.2,79.15,100,47,91,20766.2,17191.8,280.3,79.14,100,46,88,2.2,5.9,4.0,0,53
1782942433.371,105.715,297.8,79.14,100,45,92,2.0,11977.1,292.9,79.15,100,40,88,16095.6,8081.6,283.3,79.15,100,47,91,2.7,297.2,275.6,79.14,100,44,88,12415.2,12956.7,4.0,0,53
1782942433.813,106.158,286.2,79.14,100,36,90,3.8,11354.4,282.7,79.15,100,43,87,18361.2,7105.3,271.1,79.15,100,38,90,3.3,5.5,260.2,79.14,100,38,86,20797.5,15940.8,4.0,0,53
1782942434.258,106.602,267.5,79.14,100,45,90,1.9,17112.2,282.7,79.15,100,43,87,20442.1,6.5,275.1,79.15,100,53,91,3.1,486.9,262.0,79.14,100,54,88,19706.5,17198.7,4.0,0,53
1782942434.699,107.044,276.6,79.14,100,57,92,10289.7,14787.9,279.0,79.15,100,43,88,11829.3,7.0,275.1,79.15,100,53,91,9.7,4448.0,262.0,79.14,100,54,88,17925.9,13844.6,4.0,0,53
1782942435.146,107.491,299.7,79.14,100,48,92,1.7,7088.2,291.6,79.15,100,56,87,16538.3,12676.3,283.3,79.15,100,48,90,4.0,4.7,273.0,79.14,100,47,88,1078.5,13428.2,4.0,0,53
1782942435.589,107.933,282.4,79.14,100,47,91,1.8,4.6,293.7,79.15,100,37,88,1047.7,16254.7,286.3,79.15,100,53,91,20123.4,4.7,275.1,79.14,100,51,88,2.4,504.1,4.0,0,53
1782942436.032,108.377,282.4,79.14,100,47,91,1.7,4.1,288.0,79.15,100,45,87,1.9,207.3,282.2,79.15,100,48,91,19704.8,17214.8,268.9,79.14,100,44,87,2.8,5.5,4.0,0,53
1782942436.476,108.820,278.3,79.14,100,53,91,20707.3,5.4,288.8,79.15,100,46,87,2.0,5.1,276.1,79.15,100,42,89,20769.6,17031.6,266.8,79.14,100,42,86,2.2,5.1,4.0,0,53
1782942436.918,109.262,277.8,79.14,100,46,91,4.6,8.1,285.9,79.15,100,45,86,20713.2,17106.7,280.0,79.15,100,47,91,2.2,5.9,268.5,79.14,100,46,88,14457.6,16631.4,4.0,0,53
1782942437.360,109.705,283.9,79.14,100,45,91,13626.4,5.7,286.7,79.15,99,42,87,2.2,17192.1,279.9,79.15,100,43,90,21963.3,17434.0,268.2,79.14,100,44,87,20987.2,16945.6,7.0,1,51
1782942437.805,110.150,292.9,79.14,98,22,92,17948.8,10772.2,281.8,79.15,100,54,88,3.3,3.9,275.2,79.15,100,59,91,1.6,2864.8,265.9,79.14,100,61,88,17708.2,15947.8,7.0,1,51
1782942438.248,110.593,293.1,79.14,100,53,91,2.3,4.2,281.8,79.15,100,54,88,20737.1,15461.1,286.7,79.15,100,60,91,493.0,4.6,265.9,79.14,100,61,88,3.9,2949.2,7.0,1,51
1782942438.692,111.037,294.6,79.14,100,51,91,429.7,7.6,287.4,79.15,100,49,88,6.8,15764.6,286.7,79.15,100,60,91,20758.3,7.7,274.1,79.14,100,59,88,4.4,4.7,7.0,1,51
1782942439.144,111.489,299.7,79.14,100,51,92,2.5,5.3,301.0,79.15,100,48,86,5779.4,15457.8,294.1,79.15,100,59,91,15648.7,5.8,284.3,79.14,100,49,88,2.6,17256.9,7.0,1,51
1782942439.587,111.931,298.0,79.14,100,40,92,18867.5,14259.6,298.1,79.15,100,45,87,3.0,5.8,288.1,79.15,100,45,91,20514.6,15268.2,279.4,79.14,100,42,87,951.0,8.5,7.0,1,51
1782942440.028,112.372,298.0,79.14,100,40,92,2.4,8680.8,290.2,79.15,100,46,86,17203.0,10555.5,283.2,79.15,99,44,91,2.5,5.3,271.0,79.14,100,42,88,1140.4,16792.1,7.0,1,51
1782942440.473,112.818,296.0,79.14,100,46,92,1.9,4.5,284.7,79.15,100,36,87,18281.5,14546.7,279.0,79.15,100,44,91,3962.2,4.8,263.8,79.14,100,43,87,1.9,4432.8,7.0,1,51
1782942440.916,113.260,283.5,79.14,100,43,91,4.5,3812.2,286.5,79.15,100,43,87,19564.7,13483.2,276.4,79.15,100,46,89,2.3,4.9,266.4,79.14,100,46,86,1092.6,16768.3,7.0,1,51
1782942441.359,113.703,283.5,79.14,100,46,91,2.7,4.0,289.7,79.15,100,45,87,20231.6,17108.1,283.8,79.15,100,58,91,1.9,4.7,274.5,79.14,100,58,88,1.9,15097.3,7.0,1,51
1782942441.801,114.145,296.1,79.14,100,50,91,2.9,4.0,294.9,79.15,100,46,87,20237.6,17109.9,288.0,79.15,100,48,90,3.4,4.7,277.3,79.14,100,47,86,3.6,14823.8,7.0,1,51
1782942442.247,114.592,300.2,79.14,100,48,91,1.8,4.2,294.9,79.15,100,46,87,569.7,17123.4,283.1,79.15,100,45,90,20755.7,4.7,277.3,79.14,100,47,86,3.2,4.6,7.0,1,51
1782942442.689,115.034,281.8,79.14,100,45,90,2.4,7.5,293.7,79.15,100,43,87,5.8,17157.5,283.1,79.15,100,45,90,19521.1,7.6,275.4,79.14,100,49,87,2.0,1480.5,7.0,1,51
1782942443.139,115.483,281.7,79.14,100,45,92,4391.8,15635.4,286.6,79.15,100,46,88,17258.2,6.0,281.0,79.15,100,49,91,5.7,17210.6,268.3,79.14,100,46,86,20753.5,6.3,7.0,1,51
1782942443.581,115.926,292.7,79.14,100,39,91,2.2,2147.2,287.2,79.15,100,43,86,18985.2,15730.3,275.7,79.15,100,44,91,2.3,6.0,265.9,79.14,100,45,86,20853.3,17220.2,10.0,3,49
1782942444.024,116.369,292.7,79.14,100,39,91,4.8,4.2,287.4,79.15,100,41,86,8387.9,15049.2,274.3,79.15,98,24,91,13497.6,4.2,260.9,79.14,98,13,86,2.3,4.1,10.0,3,49
1782942444.468,116.813,289.1,79.14,100,52,92,17715.6,5905.6,283.7,79.15,100,64,87,1.9,4.4,276.3,79.15,100,51,90,599.0,16793.2,267.1,79.14,100,56,87,20757.4,4.7,10.0,3,49
1782942444.910,117.254,291.4,79.14,100,50,91,3.4,17112.4,289.5,79.15,100,54,87,20710.6,5.4,291.3,79.15,100,51,91,6.2,4.5,283.8,79.14,100,62,87,20810.6,16530.6,10.0,3,49
1782942445.354,117.698,303.1,79.14,100,51,91,2.2,17114.7,297.4,79.15,100,44,86,20704.0,5.9,291.9,79.15,100,53,91,4.2,4124.4,278.8,79.14,100,45,87,18457.8,13776.1,10.0,3,49
1782942445.795,118.139,300.3,79.14,100,44,92,3420.3,5.9,294.7,79.15,100,45,87,4196.0,16497.0,284.7,79.15,100,40,91,16226.1,6.1,273.6,79.14,100,44,87,2.2,17236.6,10.0,3,49
1782942446.237,118.582,297.1,79.14,100,45,91,18291.1,8367.4,294.7,79.15,100,45,87,2.6,5.5,279.7,79.15,100,46,90,17978.5,15100.2,273.6,79.14,100,44,87,3382.5,6.9,10.0,3,49
1782942446.682,119.027,298.3,79.14,100,45,91,1024.6,7.4,289.1,79.15,100,44,87,5.3,12384.7,279.7,79.15,100,46,90,17687.3,4541.1,269.9,79.14,100,45,86,1.9,4.9,10.0,3,49
1782942447.128,119.473,301.5,79.14,100,47,92,3.9,4.8,290.6,79.15,100,48,87,1.9,17141.1,282.2,79.15,99,51,91,20749.1,5.3,270.0,79.14,99,46,86,10.9,4.9,10.0,3,49
1782942447.571,119.915,301.5,79.14,100,47,92,498.3,4.4,292.9,79.15,100,51,87,1.9,4088.1,287.4,79.15,100,50,91,17673.3,14122.8,276.9,79.14,100,56,87,2.0,5.1,10.0,3,49
1782942448.012,120.357,302.0,79.14,100,48,91,20707.5,4.4,295.5,79.15,100,48,86,4.3,4.6,288.1,79.15,100,56,91,17084.1,14836.0,276.5,79.14,100,47,87,4990.7,4.6,10.0,3,49
1782942448.454,120.799,302.4,79.14,100,57,92,17857.2,6256.3,300.0,79.15,100,58,87,2.8,4.7,288.5,79.15,100,46,90,5687.7,15224.2,277.4,79.14,100,45,87,16230.2,4.4,10.0,3,49
1782942448.896,121.241,298.8,79.14,100,47,91,19438.6,17110.6,295.1,79.15,100,47,87,2.7,7.3,291.5,79.15,100,54,91,5.2,17259.0,279.2,79.14,99,53,87,19877.7,720.5,10.0,3,49
1782942449.339,121.683,301.0,79.14,100,55,92,18238.2,9314.9,294.9,79.15,100,45,87,3.2,6.0,286.1,79.15,100,46,90,20765.8,17203.8,274.7,79.14,100,46,87,2.1,5.8,10.0,3,49
1782942449.780,122.125,299.5,79.14,100,45,91,4.4,17119.1,293.9,79.15,100,40,87,20703.7,5.3,281.5,79.15,100,45,89,2.1,3385.2,272.7,79.14,100,44,87,18706.9,14335.9,13.0,5,47
1782942450.231,122.575,298.3,79.14,100,46,92,3.4,1695.3,293.9,79.15,100,40,87,17961.9,17107.6,272.9,79.15,100,56,91,2.8,4.6,272.7,79.14,100,44,87,2.8,701.1,13.0,5,47
1782942450.674,123.019,274.8,79.14,100,46,90,9509.5,14055.1,278.9,79.15,100,38,85,13884.0,7.8,272.9,79.15,100,56,91,8.6,12.5,259.4,79.14,100,42,86,19745.8,17205.4,13.0,5,47
1782942451.126,123.471,265.3,79.14,100,49,91,4.1,3.7,276.3,79.15,100,48,87,20232.6,17112.4,273.7,79.15,100,53,91,1.9,4.2,262.8,79.14,100,65,87,3.9,826.4,13.0,5,47
1782942451.569,123.914,265.3,79.14,100,49,91,2.8,4.6,287.8,79.15,100,47,87,8144.7,15045.2,289.6,79.15,100,62,91,13846.4,4.7,276.1,79.14,100,61,87,1.9,501.2,13.0,5,47
1782942452.011,124.356,286.8,79.14,100,48,91,1.9,4.3,298.9,79.15,100,46,86,20230.1,17122.7,286.6,79.15,100,46,89,2.7,5.9,276.4,79.14,100,45,86,3012.5,15194.2,13.0,5,47
1782942452.454,124.799,290.4,79.14,100,41,91,18286.7,9433.6,288.1,79.15,100,38,86,2.1,5.3,275.5,79.15,100,40,90,20763.4,17193.2,264.7,79.14,100,42,85,2.9,5.7,13.0,5,47
1782942452.896,125.241,276.2,79.14,100,43,91,2.0,5.1,280.4,79.15,100,45,86,20715.7,17107.1,274.1,79.15,100,45,89,5.3,4.8,262.0,79.14,100,45,86,1.9,13016.4,13.0,5,47
1782942453.338,125.683,282.3,79.14,100,46,92,1.9,4.9,285.6,79.15,100,45,86,19360.9,17105.8,283.1,79.15,100,52,91,1.9,4.7,270.9,79.14,100,46,87,4.2,9704.5,13.0,5,47
1782942453.783,126.127,299.5,79.14,100,60,91,1806.2,5.1,289.5,79.15,100,46,85,1.8,120.0,280.9,79.15,100,40,89,19701.9,17198.7,269.2,79.14,100,39,86,2.3,4.6,13.0,5,47
1782942454.226,126.570,282.1,79.14,100,58,91,18007.1,8220.9,289.5,79.15,100,46,85,2.8,5.5,280.8,79.15,100,48,89,1590.4,16513.9,269.2,79.14,100,39,86,16228.5,4.8,13.0,5,47
1782942454.670,127.015,281.0,79.14,100,49,91,20708.2,17109.1,290.4,79.15,100,57,87,1.9,9.6,280.8,79.15,100,48,89,8.9,17255.3,273.3,79.14,100,47,87,20749.8,4.6,13.0,5,47
1782942455.118,127.462,299.6,79.14,100,55,92,20710.5,17111.1,288.0,79.15,100,47,87,4.2,5.0,288.7,79.15,100,52,91,2.7,11342.0,274.8,79.14,100,52,87,19126.8,5735.3,13.0,5,47
1782942455.560,127.905,299.6,79.14,100,55,92,17311.7,16397.2,296.5,79.15,100,46,86,3373.9,5.1,287.6,79.15,100,48,90,3.6,14241.9,277.1,79.14,100,48,86,18298.9,3979.0,13.0,5,47
1782942456.006,128.351,299.3,79.14,100,48,91,5737.7,5.4,294.8,79.15,100,45,87,3.7,17122.9,287.3,79.15,100,51,91,20749.7,5.8,276.5,79.14,100,51,87,2.1,8397.2,13.0,5,47
1782942456.449,128.794,297.8,79.14,100,43,92,16472.4,20691.6,288.6,79.15,100,44,85,20703.5,17102.5,284.4,79.15,100,44,91,20752.6,17187.6,270.4,79.14,100,45,87,20750.4,17198.3,17.0,7,44
1782942456.892,129.236,297.9,79.14,98,39,91,2.3,3.9,284.3,79.15,100,61,87,517.8,17122.3,273.1,79.15,100,51,90,20751.8,6.0,264.8,79.14,100,50,87,2.5,4.3,17.0,7,44
1782942457.336,129.680,291.2,79.14,100,51,91,17656.2,4313.2,290.1,79.15,100,63,87,2.9,6.3,283.1,79.15,100,48,90,2540.7,15714.3,274.9,79.14,100,54,87,19390.0,4.5,17.0,7,44
1782942457.779,130.124,294.1,79.14,100,50,92,20711.1,16155.4,300.9,79.15,100,47,87,198.8,4.6,296.5,79.15,100,59,91,2.0,7744.5,283.0,79.14,100,58,87,18284.8,10344.6,17.0,7,44
1782942458.227,130.572,300.6,79.14,100,46,91,18676.9,12466.9,300.9,79.15,100,47,87,3.0,5.8,288.2,79.15,100,46,90,20766.5,17200.4,283.0,79.14,100,58,87,3.8,5.9,17.0,7,44
1782942458.671,131.016,299.8,79.14,100,44,91,2.6,17114.6,296.0,79.15,100,45,86,20709.3,13.3,288.2,79.15,100,46,90,9.4,4800.8,276.3,79.14,100,45,86,17007.5,14340.4,17.0,7,44
1782942459.121,131.465,286.1,79.14,100,44,91,18816.0,1528.1,290.5,79.15,100,42,87,4.3,5.1,281.4,79.15,100,45,90,15560.0,15803.3,269.9,79.14,100,41,87,5354.1,5.5,17.0,7,44
1782942459.564,131.908,286.1,79.14,100,44,91,17336.0,4.6,281.6,79.15,100,47,86,1.9,9.6,274.7,79.15,100,43,89,19708.1,17198.8,261.9,79.14,100,42,86,2.5,5.8,17.0,7,44
1782942460.007,132.352,281.1,79.14,100,47,90,6257.6,4.6,283.3,79.15,100,45,86,3.6,3657.7,275.7,79.15,99,45,91,18124.0,14331.0,264.1,79.14,99,46,85,1.9,4.9,17.0,7,44
1782942460.449,132.793,291.9,79.14,100,48,92,19752.5,4.4,290.7,79.15,100,56,87,2.8,4.5,285.6,79.15,100,48,90,20782.2,16001.9,274.7,79.14,100,57,87,3.4,4.8,17.0,7,44
1782942460.891,133.236,300.3,79.14,100,48,90,6566.2,13725.8,294.4,79.15,100,45,85,17291.5,7.2,287.7,79.15,100,55,91,8.3,4.0,275.8,79.14,100,42,86,15509.9,14227.2,17.0,7,44
1782942461.334,133.678,286.4,79.14,100,46,90,3.6,17117.7,288.7,79.15,100,44,86,20706.3,4.9,279.9,79.15,100,47,90,2.8,4.5,268.7,79.14,100,47,85,10459.9,15069.9,17.0,7,44
1782942461.777,134.122,280.9,79.14,100,53,92,4.0,17116.1,288.2,79.15,100,54,87,20706.5,4.9,283.3,79.15,100,48,90,2.0,4.7,274.1,79.14,100,55,87,20785.7,17209.1,17.0,7,44
1782942462.227,134.571,295.9,79.14,100,45,91,18581.4,9415.4,288.2,79.15,100,54,87,3.8,5.7,285.2,79.15,100,45,89,20763.3,17201.0,274.1,79.14,100,55,87,4.3,5.7,17.0,7,44
1782942462.669,135.013,300.5,79.14,100,44,91,2.2,13696.2,292.5,79.15,100,44,86,23950.1,11.4,285.2,79.15,100,45,89,9.5,15062.6,274.5,79.14,100,44,86,22009.4,17217.8,20.0,9,42
1782942463.126,135.470,285.7,79.14,100,33,91,4.2,4.0,289.6,79.15,99,44,86,6938.1,14225.2,280.6,79.15,100,47,90,15938.0,4.1,269.4,79.14,100,43,87,3.5,4.1,20.0,9,42
1782942463.569,135.913,285.7,79.14,100,33,91,20709.9,17108.1,277.0,79.15,100,43,86,1.8,4.6,274.4,79.15,100,55,90,3.5,7302.7,263.3,79.14,100,65,87,17975.5,11033.2,20.0,9,42
1782942464.011,136.355,278.5,79.14,100,52,91,1.8,7875.0,284.4,79.15,100,51,86,18054.9,10724.3,279.0,79.15,100,52,90,2.0,4.9,269.2,79.14,100,58,87,1098.2,16756.3,20.0,9,42
1782942464.454,136.798,287.6,79.14,100,50,91,2.3,6234.9,298.2,79.15,100,47,85,17923.1,12332.9,290.3,79.15,100,55,91,4.5,5.8,277.6,79.14,100,46,87,4565.7,14378.4,20.0,9,42
1782942464.902,137.247,299.4,79.14,100,53,91,20708.0,17110.9,291.6,79.15,100,41,86,2.3,9.0,282.2,79.15,100,40,90,13548.7,15366.5,270.9,79.14,100,45,86,8159.1,5.9,20.0,9,42
1782942465.348,137.692,281.9,79.14,100,40,91,3.0,10097.1,282.5,79.15,100,42,86,18417.9,8037.5,276.5,79.15,100,39,90,2.4,5.4,263.6,79.14,99,38,87,17941.3,15347.0,20.0,9,42
1782942465.790,138.134,281.7,79.14,100,46,92,18194.7,15169.6,283.4,79.15,100,44,86,3310.1,4.7,278.0,79.15,100,53,90,2.4,8033.1,265.5,79.14,100,55,87,18448.2,9932.4,20.0,9,42
1782942466.232,138.576,298.9,79.14,100,45,91,20710.5,17112.6,283.4,79.15,100,44,86,3.0,4.9,281.8,79.15,100,49,89,2.8,13659.1,265.5,79.14,100,55,87,18911.0,3825.2,20.0,9,42
1782942466.674,139.019,300.4,79.14,100,50,91,12953.1,15036.5,290.8,79.15,100,48,86,9314.4,8.6,281.8,79.15,100,49,89,8.5,3827.0,271.4,79.14,100,47,86,19539.7,13419.5,20.0,9,42
1782942467.121,139.466,300.2,79.14,100,48,91,396.2,16641.2,294.5,79.15,100,50,86,20707.0,4.6,287.7,79.15,100,53,90,2.7,4.7,276.3,79.14,100,56,87,18230.8,14824.4,20.0,9,42
1782942467.564,139.908,300.2,79.14,100,48,91,2.8,14975.2,294.7,79.15,100,47,87,18162.5,3480.2,289.9,79.15,100,51,91,5.0,4.9,276.4,79.14,100,48,87,11731.6,20101.7,20.0,9,42
1782942468.010,140.354,301.2,79.14,100,52,91,1.8,4.0,297.3,79.15,100,53,86,10790.0,13325.3,287.2,79.15,100,49,90,12768.0,4.6,278.9,79.14,100,55,86,2.0,503.3,20.0,9,42
1782942468.451,140.796,293.9,79.14,100,42,90,2.1,4.7,289.0,79.15,100,44,86,2.0,17160.2,284.7,79.15,100,46,90,20760.3,5.8,273.0,79.14,100,50,86,3.0,7042.3,20.0,9,42
1782942468.900,141.245,278.6,79.14,100,45,91,20708.3,17112.7,286.4,79.15,100,43,86,2.4,8.2,276.6,79.15,100,47,89,13545.2,15408.0,264.0,79.14,100,47,86,8046.0,5.6,20.0,9,42
1782942469.347,141.692,282.7,79.14,100,42,91,18161.8,7745.3,286.0,79.15,98,43,85,2.8,4.5,272.0,79.15,98,12,89,493.0,17273.8,260.7,79.14,98,11,86,20749.7,4.9,23.0,11,40
1782942469.789,142.134,284.3,79.14,100,51,90,3.1,6.4,280.9,79.15,100,63,86,20230.2,17114.2,276.2,79.15,100,50,90,2.4,3.9,265.0,79.14,100,56,85,1.8,557.7,23.0,11,40
1782942470.234,142.579,281.8,79.14,100,50,91,3.5,4.3,280.9,79.15,100,63,86,3.2,4351.9,281.9,79.15,100,50,90,17823.7,13658.1,265.0,79.14,100,56,85,4.4,5.1,23.0,11,40
1782942470.676,143.020,296.0,79.14,100,50,91,20708.4,5.1,287.1,79.15,100,57,86,5.0,9.9,281.9,79.15,100,50,90,18705.3,14634.4,280.3,79.14,100,62,87,881.3,5.0,23.0,11,40
1782942471.122,143.467,298.8,79.14,100,44,92,2.1,6.3,298.9,79.15,100,45,85,19317.9,15412.9,290.7,79.15,100,53,90,1897.8,6.0,278.3,79.14,100,45,87,5011.8,15856.0,23.0,11,40
1782942471.565,143.910,298.8,79.14,100,44,92,20706.8,6.0,293.6,79.15,100,46,85,3.0,11575.3,284.3,79.15,100,41,90,18524.6,6209.4,270.1,79.14,100,44,85,2.1,5.4,23.0,11,40
1782942472.007,144.352,297.0,79.14,100,45,91,2.5,9113.8,287.7,79.15,100,44,86,18585.1,9076.3,278.3,79.15,100,46,89,2.4,4.6,269.2,79.14,100,45,86,2127.1,15779.7,23.0,11,40
1782942472.450,144.795,298.4,79.14,100,45,92,2.3,17109.7,288.4,79.15,100,48,86,20704.9,5.1,280.8,79.15,100,52,90,2.4,4.8,268.5,79.14,100,46,87,10198.7,14771.7,23.0,11,40
1782942472.894,145.239,301.9,79.14,100,48,92,1.9,12108.1,291.3,79.15,100,50,86,18112.3,6029.5,286.6,79.15,100,49,90,5.5,4.5,275.7,79.14,100,57,86,1088.4,16755.9,23.0,11,40
1782942473.336,145.681,301.7,79.14,100,49,90,4.5,4.5,293.2,79.15,100,46,85,20733.4,17110.7,287.9,79.15,100,59,91,2.0,4.6,277.0,79.14,100,48,87,3.5,8740.7,23.0,11,40
1782942473.778,146.123,302.5,79.14,100,56,91,2.5,7.5,297.2,79.15,100,56,86,10982.8,15046.5,287.2,79.15,100,47,90,10525.6,6.7,276.4,79.14,100,44,86,2.5,534.8,23.0,11,40
1782942474.226,146.570,298.8,79.14,100,47,90,2.2,4.1,297.2,79.15,100,56,86,495.7,7171.2,289.2,79.15,100,56,90,16571.8,12415.8,276.4,79.14,100,44,86,3.6,4.8,23.0,11,40
1782942474.667,147.012,286.6,79.14,100,45,90,18119.0,7761.7,294.4,79.15,100,45,86,2.1,10.2,289.2,79.15,100,56,90,13743.2,14893.7,277.8,79.14,100,53,86,5932.0,4.9,23.0,11,40
1782942475.113,147.457,281.6,79.14,100,43,91,2.6,5.4,285.9,79.15,100,43,85,18971.2,14998.3,280.9,79.15,100,49,90,2865.8,5.8,266.8,79.14,100,44,87,2518.9,15643.3,23.0,11,40
1782942475.556,147.901,281.6,79.14,100,43,91,27126.5,17111.9,284.7,79.15,100,46,87,20702.9,17101.9,275.2,79.15,100,41,90,20747.2,17183.8,264.1,79.14,100,45,85,20756.3,17209.6,26.0,13,38
1782942476.001,148.345,291.2,79.14,100,47,91,2.6,3.4,278.2,79.15,100,12,86,617.6,17208.7,274.1,79.15,100,60,90,20109.3,243.4,265.2,79.14,100,63,87,2.5,4.4,26.0,13,38
1782942476.446,148.791,287.9,79.14,100,46,90,10104.5,14601.1,283.4,79.15,100,60,86,12534.5,4.5,275.2,79.15,100,38,90,2.3,4.0,267.0,79.14,100,52,86,20367.0,17200.3,26.0,13,38
1782942476.888,149.232,273.7,79.14,100,49,91,2.3,4.1,288.4,79.15,100,60,86,20228.0,17114.2,288.0,79.15,100,47,90,5.3,6.9,280.2,79.14,100,60,86,2.1,17285.2,26.0,13,38
1782942477.331,149.675,281.9,79.14,100,50,90,2.1,16608.9,293.3,79.15,100,45,86,19024.5,1314.1,288.1,79.15,100,52,90,11.6,2415.5,274.5,79.14,100,46,85,18962.8,15304.7,26.0,13,38
1782942477.774,150.118,297.1,79.14,100,45,91,5.2,8.2,290.6,79.15,100,45,85,10018.4,15128.3,280.0,79.15,100,45,89,11328.2,5.9,270.3,79.14,100,45,85,2.9,17239.1,26.0,13,38
1782942478.218,150.563,297.7,79.14,100,42,91,18554.3,12522.9,290.6,79.15,100,45,85,1.9,5.3,279.5,79.15,100,46,89,4600.9,15576.8,270.3,79.14,100,45,85,16807.0,5.8,26.0,13,38
1782942478.660,151.005,295.5,79.14,100,43,90,19877.2,14612.6,287.7,79.15,100,46,86,2087.6,7.9,279.5,79.15,100,46,89,9.9,4053.0,269.3,79.14,100,46,86,17335.4,14331.1,26.0,13,38
1782942479.106,151.451,282.5,79.14,100,56,91,20707.9,17109.4,282.3,79.15,100,37,85,2.0,4.7,279.2,79.15,100,51,90,1.9,12540.5,263.9,79.14,100,50,86,18000.3,5740.1,26.0,13,38
1782942479.548,151.892,282.5,79.14,100,56,91,17780.3,14755.0,284.3,79.15,100,56,86,4663.1,4.8,277.2,79.15,100,48,89,2.4,4230.7,266.4,79.14,100,46,85,18254.5,14011.0,26.0,13,38
1782942479.988,152.333,282.5,79.14,100,48,91,8488.1,14977.7,287.9,79.15,100,46,85,13856.4,4.7,285.1,79.15,100,51,90,2.4,490.0,274.0,79.14,99,50,87,19717.5,17212.7,26.0,13,38
1782942480.430,152.774,299.0,79.14,100,56,91,18401.4,15260.5,292.9,79.15,100,47,86,3672.5,4.8,285.4,79.15,100,45,89,2.2,5897.4,273.6,79.14,100,45,85,17696.1,12648.8,26.0,13,38
1782942480.871,153.216,299.3,79.14,100,47,92,18437.6,14371.1,291.9,79.15,100,46,85,2.2,5.0,283.6,79.15,100,51,90,6345.6,15421.8,271.8,79.14,100,46,87,15000.1,5.6,26.0,13,38
1782942481.313,153.658,298.0,79.14,100,47,92,2.1,5.3,286.9,79.15,100,44,86,20711.2,17106.1,282.8,79.15,100,39,90,2.6,7.1,269.1,79.14,100,43,85,16210.0,15317.4,26.0,13,38
1782942481.756,154.101,297.8,79.14,100,43,90,1726.8,7.7,286.9,79.15,100,44,86,11202.9,22927.9,276.1,79.15,100,43,90,21462.0,17200.3,266.1,79.14,100,44,85,20749.7,17197.3,29.0,15,36
1782942482.206,154.550,284.8,79.14,100,23,90,20707.0,4.0,284.6,79.15,100,42,85,2.7,4.1,276.1,79.15,100,43,90,1083.0,16746.7,266.1,79.14,100,44,85,20753.4,4.5,29.0,15,36
1782942482.647,154.992,290.7,79.14,100,51,91,3.5,8857.4,277.5,79.15,100,52,86,18127.0,9597.3,272.5,79.15,100,53,90,8.7,9.5,263.1,79.14,100,65,86,1109.5,17717.4,29.0,15,36
1782942483.097,155.442,298.3,79.14,100,49,91,1.9,4.6,286.1,79.15,100,48,86,16150.2,15232.6,285.1,79.15,100,57,90,5580.6,4.8,273.3,79.14,100,57,87,2.8,3407.8,29.0,15,36
1782942483.541,155.885,298.3,79.14,100,49,91,3.7,142.5,300.7,79.15,100,47,85,19273.9,17105.9,291.0,79.15,100,52,90,2.1,8.0,278.4,79.14,100,46,87,18495.1,15072.3,29.0,15,36
1782942483.984,156.328,299.5,79.14,100,55,92,19067.4,5.6,293.1,79.15,100,45,85,2.2,13829.7,286.1,79.15,100,46,90,18370.3,4062.3,273.9,79.14,100,45,86,2.2,505.2,29.0,15,36
1782942484.426,156.770,295.8,79.14,100,43,91,12274.6,15506.8,287.1,79.15,100,43,85,9256.4,5.1,278.2,79.15,100,44,89,2.4,11620.0,268.7,79.14,100,44,86,18557.5,5983.6,29.0,15,36
1782942484.867,157.212,298.2,79.14,100,45,92,18303.0,16234.0,286.8,79.15,100,47,85,2.8,4.9,279.3,79.15,100,50,90,469.4,17247.2,267.9,79.14,100,48,86,20758.9,5.0,29.0,15,36
1782942485.311,157.655,302.3,79.14,100,48,92,10376.4,13401.0,289.5,79.15,100,57,86,13876.5,4.7,284.0,79.15,100,40,90,2.8,495.6,273.2,79.14,100,51,86,12039.3,13852.9,29.0,15,36
1782942485.752,158.097,285.6,79.14,100,45,90,10.4,7.3,289.5,79.15,100,57,86,20734.7,16508.2,281.5,79.15,100,53,90,2.5,4.7,273.2,79.14,100,51,86,4.2,6280.1,29.0,15,36
1782942486.196,158.541,282.4,79.14,100,49,91,1.8,4.4,285.8,79.15,100,48,86,521.1,16877.2,281.5,79.15,100,53,90,20750.2,4.6,271.0,79.14,100,56,86,3.0,4.5,29.0,15,36
1782942486.638,158.983,292.2,79.14,100,52,91,1.9,4.7,288.7,79.15,100,48,86,3.5,17160.9,282.0,79.15,100,53,90,20749.0,10.6,268.1,79.14,100,48,87,9.9,6.6,29.0,15,36
1782942487.086,159.430,298.8,79.14,100,47,91,2.8,4.5,296.2,79.15,100,52,86,1.9,14485.1,285.7,79.15,100,49,90,17876.7,3826.6,276.1,79.14,100,53,86,2.4,5.0,29.0,15,36
1782942487.528,159.872,298.8,79.14,100,47,91,2.1,5.3,293.0,79.15,100,45,84,20226.7,17106.7,288.3,79.15,100,52,90,2.1,5.7,274.9,79.14,100,45,87,11259.5,15309.8,29.0,15,36
1782942487.969,160.314,299.6,79.14,100,49,92,20710.4,5.5,288.2,79.15,100,45,86,2.1,4242.8,282.9,79.15,100,46,90,18867.7,13368.5,268.5,79.14,100,47,85,3.0,5.8,32.0,17,34
1782942488.412,160.757,297.4,79.14,100,45,91,17671.0,2756.6,278.4,79.15,98,25,85,1.9,5.3,272.8,79.15,100,13,89,1077.1,16818.0,260.8,79.14,100,14,87,20632.6,27.3,32.0,17,34
1782942488.853,161.198,292.2,79.14,100,54,91,3.8,4.2,282.3,79.15,100,32,86,2.7,150.1,278.1,79.15,100,70,90,19698.5,17211.2,266.8,79.14,100,68,86,10.2,4.5,32.0,17,34
1782942489.298,161.642,275.6,79.14,100,49,91,19412.7,17109.1,287.8,79.15,100,47,86,2.5,4.4,282.5,79.15,100,63,90,1.8,2856.2,279.0,79.14,100,61,86,19815.5,13595.7,32.0,17,34
1782942489.741,162.085,281.6,79.14,100,50,91,8121.9,16585.3,287.8,79.15,100,47,86,12104.2,7.0,285.3,79.15,100,48,90,2.7,1661.8,279.0,79.14,100,61,86,18591.0,16476.4,32.0,17,34
1782942490.185,162.530,295.5,79.14,100,46,91,12890.2,5.9,295.3,79.15,100,45,86,2.1,17119.7,285.3,79.15,100,48,90,20746.7,6.0,277.5,79.14,100,46,86,2.6,11496.4,32.0,17,34
1782942490.627,162.972,296.7,79.14,100,46,92,18762.5,14700.5,289.8,79.15,100,44,85,2.9,5.7,283.3,79.15,100,42,90,20764.4,16901.4,272.8,79.14,100,44,87,11.8,7.8,32.0,17,34
1782942491.072,163.416,296.7,79.14,100,46,92,3.1,4.6,287.1,79.15,100,45,86,1.8,17135.4,280.7,79.15,100,46,89,20754.6,4.9,269.0,79.14,100,44,86,1.9,4.8,32.0,17,34
1782942491.514,163.859,299.3,79.14,100,45,90,2.8,4.6,287.7,79.15,100,46,84,6440.4,14892.2,280.6,79.15,100,46,89,15423.0,5.2,269.9,79.14,100,46,85,2.8,3466.2,32.0,17,34
1782942491.957,164.301,299.4,79.14,100,45,91,4.7,7.2,290.4,79.15,100,45,86,5280.6,15012.0,286.8,79.15,100,58,90,16447.9,4.8,273.1,79.14,100,57,86,4.0,4.1,32.0,17,34
1782942492.398,164.743,302.4,79.14,100,51,91,1.8,4.6,292.8,79.15,100,47,85,1.7,17156.8,286.3,79.15,100,48,89,20750.1,9.8,275.7,79.14,100,46,85,1.9,4.5,32.0,17,34
1782942492.839,165.184,300.7,79.14,100,48,92,2.0,4.8,295.4,79.15,100,54,86,3.9,13106.6,286.7,79.15,100,45,90,17871.6,5018.7,277.9,79.14,100,50,86,7.3,7.1,32.0,17,34
1782942493.288,165.632,299.0,79.14,100,47,91,2.5,4.6,292.0,79.15,100,45,84,1.8,17158.1,286.1,79.15,100,47,89,20750.2,5.5,274.5,79.14,100,46,85,2.5,4.7,32.0,17,34
1782942493.730,166.075,300.3,79.14,100,48,92,5.2,9.9,292.0,79.15,100,45,84,18833.0,16010.8,284.3,79.15,100,49,90,2.2,5.6,274.5,79.14,100,46,85,20474.0,15135.7,32.0,17,34
1782942494.182,166.527,298.0,79.14,100,42,92,17338.2,5.8,289.7,79.15,100,46,85,2.0,15081.9,284.3,79.15,100,49,90,18390.1,2445.2,271.8,79.14,100,48,86,2.6,493.3,32.0,17,34
1782942494.625,166.970,295.4,79.14,98,31,90,2.3,4.8,286.5,79.15,100,42,85,2.7,17111.4,281.3,79.15,100,40,90,20750.9,7.4,268.1,79.14,100,42,86,11.7,7.3,35.0,19,32
1782942495.073,167.417,295.4,79.14,98,31,90,17642.6,9926.1,283.2,79.15,100,61,86,1.8,4.3,271.5,79.15,100,51,90,1.9,9770.5,263.5,79.14,100,61,86,17854.2,8665.9,35.0,19,32
1782942495.514,167.859,292.4,79.14,100,51,92,2.9,14098.5,289.4,79.15,100,53,86,17960.7,4703.8,281.3,79.15,100,51,90,2.4,4.4,273.0,79.14,100,59,86,1.7,17310.5,35.0,19,32
1782942495.956,168.301,294.6,79.14,100,50,90,4.5,7.2,299.0,79.15,100,47,85,20726.9,17110.8,294.6,79.15,100,58,90,2.1,4.7,282.3,79.14,100,56,86,3.6,9937.5,35.0,19,32
1782942496.399,168.743,300.4,79.14,100,52,91,18165.5,15330.7,293.6,79.15,100,44,86,3932.4,6.0,286.8,79.15,100,47,89,3094.4,15540.6,275.7,79.14,100,45,86,18677.9,7.3,35.0,19,32
1782942496.840,169.185,299.5,79.14,100,42,91,2.1,7529.5,287.3,79.15,100,42,86,18640.0,10436.3,283.2,79.15,100,43,90,2.1,11.1,268.7,79.14,100,42,86,20776.3,17201.4,35.0,19,32
1782942497.284,169.628,296.5,79.14,100,43,92,18489.4,13318.6,283.1,79.15,100,45,85,1.8,4.5,279.9,79.15,100,46,90,3.4,17243.4,266.1,79.14,100,45,86,20755.1,4.7,35.0,19,32
1782942497.725,170.069,300.5,79.14,100,53,91,24164.8,4409.6,283.1,79.15,100,45,85,9.1,7.1,280.8,79.15,100,49,89,6243.6,14997.3,266.1,79.14,100,45,86,16224.1,5.1,35.0,19,32
1782942498.171,170.516,300.6,79.14,100,47,92,18109.1,11174.6,291.2,79.15,100,47,86,1.8,4.7,280.8,79.15,100,49,89,1.7,17259.9,272.0,79.14,100,50,85,20751.7,4.8,35.0,19,32
1782942498.613,170.957,294.9,79.14,100,49,90,2.2,3226.6,292.8,79.15,100,46,85,17312.7,15923.9,286.9,79.15,100,57,90,2.3,4.9,276.0,79.14,100,53,86,5.1,11028.5,35.0,19,32
1782942499.055,171.400,294.9,79.14,100,49,90,4.9,4.5,286.0,79.15,100,40,84,677.4,16570.7,282.8,79.15,100,58,90,20260.1,4.8,269.7,79.14,100,44,87,4.3,4.4,35.0,19,32
1782942499.498,171.842,284.0,79.14,100,58,91,1.9,4.6,289.0,79.15,100,49,85,2.8,17153.7,281.4,79.15,100,48,90,20371.3,410.2,272.8,79.14,100,47,86,2.0,4.7,35.0,19,32
1782942499.939,172.284,285.0,79.14,100,49,91,5.2,5.2,295.0,79.15,100,47,86,6.0,17133.6,288.7,79.15,100,58,90,20746.3,5.0,276.9,79.14,100,56,86,1.9,4.8,35.0,19,32
1782942500.380,172.725,298.5,79.14,100,48,91,1.9,17115.2,290.7,79.15,100,42,86,20703.5,5.7,285.4,79.15,100,46,89,4.5,14317.8,273.8,79.14,100,43,86,18149.7,3892.9,35.0,19,32
1782942500.822,173.166,300.2,79.14,100,40,91,20838.5,17345.3,285.0,79.15,100,45,86,20681.1,17393.0,281.4,79.15,100,44,90,20667.3,14803.1,268.9,79.14,98,43,85,15944.8,7.6,38.0,21,30
1782942501.266,173.611,288.9,79.14,100,43,90,3.3,4.2,285.0,79.15,100,45,86,8735.5,14357.0,271.5,79.15,100,54,90,13923.1,4.4,260.7,79.14,100,66,86,3.8,4.2,38.0,21,30
1782942501.709,174.053,273.7,79.14,100,52,91,26002.6,7.9,279.3,79.15,100,38,86,5.1,9.7,275.9,79.15,100,47,90,6899.3,15110.7,260.7,79.14,100,66,86,15021.3,4.6,38.0,21,30
1782942502.157,174.502,282.0,79.14,100,50,91,13450.0,14681.4,284.5,79.15,100,59,86,8940.8,4.9,275.9,79.15,100,47,90,1.9,537.7,267.5,79.14,100,58,86,19697.8,17203.2,38.0,21,30
1782942502.598,174.943,298.9,79.14,100,55,91,20706.7,17111.9,296.2,79.15,100,49,86,3.3,5.8,290.1,79.15,100,54,90,5418.6,15601.2,277.4,79.14,100,53,86,15934.0,10.7,38.0,21,30
1782942503.040,175.384,298.9,79.14,100,55,91,2.1,3496.4,292.9,79.15,99,43,86,18907.9,14254.4,286.8,79.15,100,46,90,2.1,6.0,275.3,79.14,100,45,86,20771.3,17103.5,38.0,21,30
1782942503.482,175.827,297.0,79.14,99,39,92,20706.6,4.8,284.9,79.15,100,45,84,2.1,4.6,276.9,79.15,99,38,90,20280.1,17198.5,266.9,79.14,100,42,85,2.0,5.3,38.0,21,30
1782942503.924,176.268,295.4,79.14,100,46,92,1132.4,7.5,285.6,79.15,100,45,85,3.8,14736.3,280.1,79.15,100,56,90,18314.8,3111.1,267.0,79.14,100,53,86,3.1,4.9,38.0,21,30
1782942504.370,176.714,301.1,79.14,100,51,91,3.5,4.6,293.0,79.15,100,57,86,492.3,17136.4,283.9,79.15,100,46,89,20747.1,4.9,275.4,79.14,100,45,86,4.2,4.8,38.0,21,30
1782942504.811,177.156,302.6,79.14,100,48,91,2.0,4.4,292.2,79.15,100,47,85,1.9,7158.9,287.7,79.15,100,57,90,18136.0,10835.1,274.9,79.14,100,49,86,2.8,4.9,38.0,21,30
1782942505.253,177.598,300.8,79.14,100,53,91,15295.8,4.4,292.2,79.15,100,47,85,5.2,4.0,286.8,79.15,100,49,90,20785.3,17198.1,274.9,79.14,100,49,86,5.4,4.9,38.0,21,30
1782942505.695,178.040,298.9,79.14,100,45,92,19837.8,9.0,293.1,79.15,100,54,86,6.0,6.8,286.8,79.15,100,49,90,19717.9,17197.7,275.8,79.14,100,48,87,1.9,4.8,38.0,21,30
1782942506.143,178.488,300.0,79.14,100,51,91,20704.6,5.0,294.7,79.15,100,48,86,4.2,4.0,288.2,79.15,100,59,90,20762.6,17199.3,277.4,79.14,100,59,86,2.4,5.2,38.0,21,30
1782942506.584,178.929,300.1,79.14,100,45,91,2.2,5.3,291.7,79.15,100,45,85,20714.7,17105.7,285.2,79.15,100,46,90,4.9,5.7,274.1,79.14,100,46,85,16838.8,15092.1,38.0,21,30
1782942507.031,179.375,300.1,79.14,100,45,91,20277.6,5.8,292.0,79.15,100,46,85,3.1,15489.3,282.3,79.15,100,45,89,21190.1,17200.4,271.4,79.14,100,44,86,20744.4,17209.7,41.0,23,28
1782942507.476,179.820,297.8,79.14,100,46,91,20709.8,17109.2,277.0,79.15,98,12,85,3.8,3.9,269.2,79.15,100,23,88,1.8,9.4,258.9,79.14,100,35,85,19728.4,17198.4,41.0,23,28
1782942507.918,180.262,292.8,79.14,100,57,91,1.8,6.9,284.9,79.15,100,65,85,6398.8,14715.0,279.2,79.15,100,50,89,15780.8,4.4,268.4,79.14,100,49,85,2.7,4.3,41.0,23,28
1782942508.359,180.704,293.0,79.14,100,55,91,20705.9,4.4,299.1,79.15,100,63,86,3.6,4.7,297.9,79.15,100,47,88,18904.5,14669.7,282.3,79.14,100,47,86,3053.2,4.6,41.0,23,28
1782942508.801,181.145,298.8,79.14,100,50,91,17660.5,3519.4,294.4,79.15,100,45,86,2.9,5.0,293.5,79.15,100,56,90,20772.2,17203.2,278.7,79.14,100,55,86,2.1,6.1,41.0,23,28
1782942509.244,181.588,299.4,79.14,100,42,92,2.0,13565.3,294.4,79.15,100,45,86,16857.9,5859.7,281.8,79.15,100,40,90,3.2,5.0,278.7,79.14,100,55,86,16562.6,14187.4,41.0,23,28
1782942509.686,182.031,286.7,79.14,100,42,91,19243.6,1188.7,284.1,79.15,100,42,84,7.9,39.1,281.8,79.15,100,40,90,18672.7,14803.1,268.1,79.14,100,39,86,1.9,4.9,41.0,23,28
1782942510.136,182.481,282.3,79.14,100,43,91,1.8,4.7,280.5,79.15,100,44,85,2.6,17145.5,274.1,79.15,100,46,90,20747.3,4.7,261.2,79.14,100,46,86,2.6,4.6,41.0,23,28
1782942510.578,182.923,293.7,79.14,100,48,90,5.4,4.9,286.0,79.15,100,51,86,17898.8,14863.9,275.9,79.15,100,48,89,3837.2,4.8,266.5,79.14,100,52,86,2.9,9675.2,41.0,23,28
1782942511.023,183.368,293.7,79.14,100,48,90,3.6,4.4,292.1,79.15,100,49,85,13246.9,15125.3,282.3,79.15,100,51,89,8331.7,4.9,273.3,79.14,100,48,85,9.1,5404.4,41.0,23,28
1782942511.471,183.816,300.2,79.14,100,49,91,3.5,4.5,292.3,79.15,100,52,86,14445.7,14979.7,286.6,79.15,100,47,90,7273.6,4.6,274.8,79.14,100,50,86,4.6,541.3,41.0,23,28
1782942511.913,184.258,300.2,79.14,100,48,91,1.9,4.6,292.2,79.15,100,45,84,20720.0,17111.2,285.2,79.15,100,45,89,2.2,4.8,274.4,79.14,100,45,85,1.9,9777.3,41.0,23,28
1782942512.357,184.702,299.1,79.14,100,46,92,1.8,4.4,291.0,79.15,100,46,86,20234.0,17107.5,283.9,79.15,100,52,90,2.0,5.2,272.5,79.14,100,51,86,1077.6,16757.9,41.0,23,28
1782942513.268,185.613,300.4,79.14,99,43,92,20707.8,16058.6,289.2,79.15,99,46,86,381.8,5.8,275.7,79.15,100,39,90,1098.2,18037.7,264.0,79.14,100,39,86,21345.6,16517.3,43.0,25,26
1782942513.712,186.057,279.1,79.14,100,11,91,5.6,12963.2,281.6,79.15,100,39,84,21436.5,62.8,266.0,79.15,100,49,89,4.7,4.3,264.0,79.14,100,39,86,1.6,17317.4,43.0,25,26
1782942514.161,186.505,283.3,79.14,100,70,91,1.8,4.4,274.7,79.15,100,52,84,3.4,4495.4,266.0,79.15,100,49,89,18432.0,13375.0,255.7,79.14,100,48,87,5.2,4.7,43.0,25,26
1782942514.603,186.948,294.0,79.14,100,55,91,17880.5,11002.9,286.4,79.15,100,48,85,2.8,4.8,278.4,79.15,100,48,89,1098.1,16749.1,268.0,79.14,100,48,85,20748.4,9.8,43.0,25,26
1782942515.045,187.389,294.0,79.14,100,55,91,18354.1,16860.1,299.9,79.15,100,57,86,2.9,5.7,294.9,79.15,100,47,89,13412.3,15223.7,285.2,79.14,100,49,86,8181.9,6.3,43.0,25,26
1782942515.493,187.837,296.7,79.14,100,46,91,2.6,17111.1,293.1,79.15,100,45,85,20622.9,6.2,287.5,79.15,100,47,88,4.4,3901.0,276.4,79.14,100,46,85,18541.7,13571.9,43.0,25,26
1782942515.934,188.279,297.4,79.14,100,43,91,2.1,7.8,283.7,79.15,100,41,85,493.3,17126.4,279.5,79.15,100,44,89,20745.5,5.0,267.3,79.14,100,38,86,2.0,4.4,43.0,25,26
1782942516.375,188.720,299.2,79.14,100,46,92,3.5,4.6,287.3,79.15,100,45,86,20718.2,16012.0,280.9,79.15,100,49,89,46.0,4.7,269.6,79.14,100,54,86,3.5,10746.0,43.0,25,26
1782942516.816,189.161,300.3,79.14,100,46,91,1.9,4.5,290.0,79.15,100,48,85,20233.4,17106.5,282.8,79.15,100,50,90,2.2,5.0,270.2,79.14,100,47,85,2.0,13995.5,43.0,25,26
1782942517.257,189.601,298.5,79.14,100,51,90,8792.2,4.2,290.0,79.15,100,48,85,5.1,36.6,280.6,79.15,100,40,89,19740.5,16486.2,270.2,79.14,100,47,85,2.6,4.8,43.0,25,26
1782942517.698,190.043,283.2,79.14,100,48,91,17864.5,7031.1,288.9,79.15,100,58,85,9.3,7.4,280.6,79.15,100,40,89,2854.5,16083.0,269.6,79.14,100,38,86,17920.3,4.6,43.0,25,26
1782942518.143,190.488,285.1,79.14,100,46,90,18458.6,16481.5,289.2,79.15,100,51,86,1.9,4.7,285.0,79.15,100,53,90,2.0,17251.3,273.9,79.14,100,58,86,20758.4,4.7,43.0,25,26
1782942518.586,190.931,299.1,79.14,100,52,91,20712.3,17108.5,290.5,79.15,100,46,85,2.8,4.6,283.0,79.15,100,48,90,1.8,13306.2,273.2,79.14,100,48,86,23216.8,711.5,43.0,25,26
1782942519.031,191.375,299.1,79.14,100,52,91,18147.9,2677.2,294.4,79.15,100,55,86,2.1,24.1,285.5,79.15,100,45,90,19689.7,17194.5,274.5,79.14,100,51,86,2.1,5.7,43.0,25,26
1782942519.472,191.817,299.6,79.14,100,46,91,3.8,17117.3,291.7,79.15,100,43,86,20704.8,5.7,284.3,79.15,100,47,89,2.6,4639.1,274.1,79.14,100,44,86,18705.1,13207.2,46.0,27,24
1782942519.914,192.259,299.7,79.14,100,42,92,2.2,15507.4,277.7,79.15,98,42,84,17760.6,2539.7,273.1,79.15,98,11,89,2.7,4.5,259.9,79.14,100,12,85,1102.2,16657.6,46.0,27,24
1782942520.359,192.703,291.0,79.14,100,52,91,1.7,4.0,285.9,79.15,100,52,86,3.9,3740.5,279.1,79.15,100,57,90,18121.7,14564.7,268.2,79.14,100,69,86,1.9,5.7,46.0,27,24
1782942520.801,193.145,292.7,79.14,100,50,91,17774.2,11475.8,291.3,79.15,100,48,86,1.8,4.3,285.1,79.15,100,62,90,3.6,9695.3,274.8,79.14,100,62,86,17878.7,8804.3,46.0,27,24
1782942521.242,193.587,302.2,79.14,100,51,90,16125.5,16790.5,291.3,79.15,100,48,86,303.1,4.8,288.9,79.15,100,46,90,2.3,9119.9,274.8,79.14,100,62,86,18444.8,8821.0,46.0,27,24
1782942521.688,194.033,297.1,79.14,100,46,91,1779.6,8.9,293.3,79.15,100,44,85,13937.3,21603.2,288.9,79.15,100,46,90,11.6,8.1,279.9,79.14,100,45,86,14255.8,15340.4,46.0,27,24
1782942522.144,194.488,297.1,79.14,100,46,90,16334.6,5.7,292.6,79.15,100,45,84,2.1,15226.3,280.5,79.15,100,44,89,18095.9,2537.6,271.0,79.14,100,43,85,2.6,5.3,46.0,27,24
1782942522.585,194.930,300.9,79.14,100,45,91,3.9,4.4,286.8,79.15,100,44,85,20721.2,17114.5,280.1,79.15,100,46,88,2.1,4.8,269.0,79.14,100,45,86,2.2,13217.7,46.0,27,24
1782942523.029,195.373,300.9,79.14,100,45,91,1.8,4.4,287.7,79.15,100,47,84,19514.3,17110.1,279.0,79.15,100,46,89,2.0,5.0,269.7,79.14,100,45,85,1081.8,16781.9,46.0,27,24
1782942523.471,195.816,299.9,79.14,100,46,92,4.0,3.9,290.8,79.15,100,44,86,20232.5,17111.8,286.6,79.15,100,58,90,2.3,4.6,273.0,79.14,100,57,86,3.6,12604.8,46.0,27,24
1782942523.914,196.258,302.1,79.14,100,52,91,1.9,6.3,293.0,79.15,100,47,85,17585.8,14867.0,286.0,79.15,100,48,89,4304.3,4.6,276.2,79.14,100,47,85,1.9,1983.0,46.0,27,24
1782942524.360,196.704,300.9,79.14,100,47,91,1.8,4.7,296.2,79.15,100,56,86,9466.5,15253.8,286.1,79.15,100,45,89,11903.1,4.8,278.6,79.14,100,51,86,2.8,3508.8,46.0,27,24
1782942524.803,197.148,298.7,79.14,100,48,91,2.4,4.7,291.8,79.15,100,46,85,10586.3,15038.0,286.5,79.15,100,45,89,11042.7,4.8,274.5,79.14,100,45,85,2.7,527.3,46.0,27,24
1782942525.248,197.593,300.7,79.14,100,50,91,2.8,5.2,291.8,79.15,100,46,85,19708.0,17107.1,284.1,79.15,100,49,90,2.2,5.8,274.5,79.14,100,45,85,18768.5,15046.9,46.0,27,24
1782942525.694,198.038,298.4,79.14,100,43,92,19021.3,9.8,290.2,79.15,100,47,86,9.1,17123.1,284.1,79.15,100,49,90,20751.9,8.0,272.6,79.14,100,48,86,2.1,4637.3,46.0,27,24
1782942526.143,198.488,296.5,79.14,98,39,90,2.4,4.5,286.5,79.15,100,44,84,1.8,17129.5,281.8,79.15,100,43,90,20753.9,5.0,268.9,79.14,100,44,86,2.3,4.7,49.0,29,22
1782942526.587,198.931,292.3,79.14,100,50,91,18047.4,16116.8,281.9,79.15,100,64,86,2.7,4.5,271.3,79.15,100,51,89,3.2,3736.2,263.1,79.14,100,51,85,18716.5,13870.5,49.0,29,22
1782942527.029,199.373,292.3,79.14,100,50,91,1.9,7418.1,290.1,79.15,100,65,86,18057.9,11079.5,281.0,79.15,100,47,89,2.3,4.4,273.7,79.14,100,51,86,1.9,10606.0,49.0,29,22
1782942527.471,199.815,294.0,79.14,100,50,91,1.9,4.6,297.9,79.15,100,50,86,18332.3,15003.9,295.0,79.15,100,54,90,3514.9,4.8,283.3,79.14,100,56,86,3.5,7055.2,49.0,29,22
1782942527.914,200.258,300.3,79.14,100,45,91,14439.1,15311.2,292.3,79.15,100,46,85,5699.3,8.0,285.5,79.15,100,46,90,2128.3,15533.5,275.3,79.14,100,45,86,19525.3,5.8,49.0,29,22
1782942528.356,200.701,298.6,79.14,100,44,91,3.0,8392.6,287.3,79.15,100,42,86,18809.4,8009.3,279.0,79.15,100,46,89,2.1,5.5,268.6,79.14,100,41,86,20772.2,17192.9,49.0,29,22
1782942528.798,201.143,297.7,79.14,99,44,92,18585.7,11195.4,284.5,79.15,100,48,86,3.0,4.6,280.0,79.15,100,45,90,1036.6,16745.3,267.8,79.14,100,44,86,20749.9,5.4,49.0,29,22
1782942529.242,201.587,301.1,79.14,100,46,91,20708.0,4.5,284.5,79.15,100,48,86,2.8,4.7,280.4,79.15,100,47,89,15955.2,14991.1,267.8,79.14,100,44,86,5996.1,5.6,49.0,29,22
1782942529.685,202.030,300.3,79.14,100,47,91,20708.2,6.8,289.9,79.15,100,44,85,5.8,9.4,280.4,79.15,100,47,89,20565.5,16364.8,270.5,79.14,100,48,85,3.7,4.7,49.0,29,22
1782942530.132,202.476,301.3,79.14,100,56,91,20704.3,4.6,291.5,79.15,100,48,85,2.8,4.7,285.5,79.15,100,57,90,18091.4,14868.6,275.6,79.14,100,51,86,4123.1,4.7,49.0,29,22
1782942530.573,202.918,301.3,79.14,100,56,91,19007.7,1321.7,292.7,79.15,100,51,86,3.6,4.6,285.3,79.15,100,48,89,13050.3,15071.9,275.5,79.14,100,47,86,8933.6,5.5,49.0,29,22
1782942531.014,203.359,299.7,79.14,100,48,91,20707.0,5.0,292.0,79.15,100,46,85,2.8,4.6,286.4,79.15,100,52,90,20781.0,16495.1,277.0,79.14,100,50,87,2.2,4.9,49.0,29,22
1782942531.456,203.801,300.5,79.14,100,50,91,2.0,4.9,291.5,79.15,100,52,86,499.8,17108.5,284.6,79.15,100,47,89,20746.9,6.0,274.6,79.14,100,45,86,2.1,13622.9,49.0,29,22
1782942531.898,204.243,300.8,79.14,100,45,91,18721.5,11964.0,289.7,79.15,100,40,86,2.3,8.0,281.6,79.15,100,46,89,20761.5,17194.8,273.2,79.14,100,43,86,2.3,5.5,49.0,29,22
1782942532.341,204.686,294.9,79.14,99,37,92,13631.6,4.5,270.6,79.15,98,38,84,1.8,4.2,267.3,79.15,98,12,90,20775.0,17201.0,255.6,79.14,100,12,86,2.5,4.8,52.0,31,20
1782942532.783,205.128,284.3,79.14,100,50,90,5678.0,14617.7,279.7,79.15,100,48,86,16150.9,4.3,274.1,79.15,100,65,90,2.6,4.4,263.4,79.14,100,69,86,7890.0,14763.3,52.0,31,20
1782942533.230,205.574,286.5,79.14,100,50,91,1.8,4.3,279.7,79.15,100,48,86,16092.1,14707.4,291.9,79.15,100,61,90,6052.7,4.2,263.4,79.14,100,69,86,1.9,3.7,52.0,31,20
1782942533.671,206.016,300.4,79.14,100,52,91,2.4,4.7,297.9,79.15,100,47,85,3.4,17159.7,291.9,79.15,100,61,90,20751.5,10.1,281.2,79.14,100,56,86,7.0,5.8,52.0,31,20
1782942534.122,206.467,298.0,79.14,100,46,91,606.0,16529.1,295.2,79.15,100,45,85,20377.8,5.9,288.2,79.15,100,45,88,4.6,17219.2,279.8,79.14,100,45,85,20716.8,6.4,52.0,31,20
1782942534.566,206.911,298.0,79.14,100,46,91,3.1,5.4,292.2,79.15,100,44,85,20222.5,17104.5,283.3,79.15,100,45,89,2.9,5.7,275.2,79.14,100,44,86,12967.7,17122.8,52.0,31,20
1782942535.011,207.355,296.8,79.14,100,45,91,18645.6,16704.1,285.9,79.15,100,43,86,1.9,4.7,279.5,79.15,100,46,89,3.5,17236.2,268.5,79.14,100,46,86,20751.2,5.4,52.0,31,20
1782942535.452,207.797,300.5,79.14,100,45,91,18458.5,7239.6,287.1,79.15,100,46,85,1.9,4.5,280.0,79.15,100,46,89,1087.5,16727.7,269.2,79.14,100,45,86,20371.0,7.1,52.0,31,20
1782942535.900,208.245,299.3,79.14,100,46,91,18273.8,9997.9,289.8,79.15,100,45,86,2.0,7.2,286.0,79.15,100,57,90,1671.1,15774.4,272.8,79.14,100,56,86,19682.0,4.6,52.0,31,20
1782942536.347,208.692,302.0,79.14,100,56,91,20710.3,17110.9,293.0,79.15,100,47,85,1.8,4.6,286.4,79.15,100,48,88,1.9,10887.6,275.2,79.14,100,47,86,17986.3,7395.9,52.0,31,20
1782942536.789,209.134,300.4,79.14,100,48,92,10991.6,15018.2,296.4,79.15,100,55,86,11280.5,4.8,288.9,79.15,100,45,90,2.3,505.9,280.2,79.14,100,51,86,19702.6,17200.9,52.0,31,20
1782942537.232,209.576,298.9,79.14,100,48,90,1.8,17115.7,296.4,79.15,100,55,86,20706.2,5.0,287.7,79.15,100,47,90,2.0,4.6,280.2,79.14,100,51,86,20795.6,16482.6,52.0,31,20
1782942537.674,210.019,301.0,79.14,100,54,92,7018.9,15145.1,292.8,79.15,100,46,85,14958.1,8.0,287.7,79.15,100,47,90,15.7,13384.9,275.2,79.14,100,46,86,18183.1,4772.2,52.0,31,20
1782942538.123,210.468,298.5,79.14,99,43,92,2.2,5.7,291.1,79.15,100,47,86,12778.2,15371.1,285.4,79.15,100,48,90,8735.1,5.6,273.8,79.14,100,48,86,2.6,17236.6,52.0,31,20
1782942538.565,210.909,298.5,79.14,99,43,92,21634.1,16817.6,286.8,79.15,100,43,85,18614.8,16411.8,283.0,79.15,100,44,90,2.9,5.1,271.2,79.14,100,42,86,1.9,17257.3,55.0,33,18
1782942539.010,211.354,296.2,79.14,98,43,92,20706.2,3.5,281.7,79.15,100,64,86,2.7,4.2,271.1,79.15,100,53,89,1100.0,8130.2,262.5,79.14,100,52,86,16658.1,10982.5,55.0,33,18
1782942539.451,211.796,284.1,79.14,100,59,90,1.9,4.2,281.1,79.15,100,43,86,20249.1,17112.0,273.7,79.15,100,49,89,8.6,4.5,262.8,79.14,100,44,87,1.8,8713.0,55.0,33,18
1782942539.900,212.244,277.6,79.14,100,59,91,3.4,4.5,291.8,79.15,100,50,85,492.7,17148.2,285.5,79.15,100,48,88,20755.9,4.7,275.3,79.14,100,47,85,1.9,4.7,55.0,33,18
1782942540.341,212.685,287.6,79.14,100,47,91,2.1,2126.8,295.1,79.15,100,49,86,19078.9,15563.2,289.6,79.15,100,45,90,2.1,5.8,276.6,79.14,100,44,86,14462.1,15187.2,55.0,33,18
1782942540.783,213.128,297.7,79.14,100,44,91,13622.5,6.5,286.5,79.15,100,43,86,3.8,17120.6,281.8,79.15,100,44,90,20744.6,6.3,269.0,79.14,100,47,85,4.3,10411.3,55.0,33,18
1782942541.226,213.571,297.5,79.14,100,43,92,2.4,10945.1,286.5,79.15,100,43,86,17285.9,8243.6,274.0,79.15,100,42,89,4.2,5.4,269.0,79.14,100,47,85,10396.7,14365.8,55.0,33,18
1782942541.669,214.013,287.2,79.14,100,57,91,2.4,3.8,282.0,79.15,100,42,86,21941.5,15640.1,274.0,79.15,100,42,89,8.3,9.3,264.0,79.14,100,38,85,4801.9,15270.7,55.0,33,18
1782942542.116,214.460,286.6,79.14,100,47,91,2.0,12691.2,285.8,79.15,100,51,86,17907.8,5712.4,276.3,79.15,100,43,89,3.7,4.8,267.8,79.14,100,43,86,3106.2,15076.1,55.0,33,18
1782942542.558,214.902,286.6,79.14,100,47,91,2.8,4.3,289.2,79.15,100,48,86,20241.8,17110.2,282.0,79.15,100,53,90,1.9,4.9,272.1,79.14,100,47,87,1.9,15722.2,55.0,33,18
1782942543.000,215.345,298.5,79.14,100,57,91,3.5,4.4,293.1,79.15,100,52,86,11834.9,14850.8,286.1,79.15,100,47,88,10403.8,5.0,274.9,79.14,100,47,86,2.7,4648.3,55.0,33,18
1782942543.443,215.787,299.6,79.14,100,49,91,1.9,4.3,292.0,79.15,100,45,85,9643.2,15074.5,288.0,79.15,100,54,90,12103.1,4.9,277.2,79.14,100,48,86,1.9,536.1,55.0,33,18
1782942543.887,216.232,300.8,79.14,100,58,91,2.0,4.4,292.4,79.15,100,54,86,11952.5,15008.7,285.5,79.15,100,48,89,9025.2,7.9,275.7,79.14,100,48,85,3.6,12341.3,55.0,33,18
1782942544.331,216.675,299.1,79.14,100,45,91,15029.3,15310.0,291.3,79.15,100,44,84,6942.7,5.6,282.2,79.15,100,46,89,4.4,17228.3,274.5,79.14,100,45,86,20744.5,5.8,55.0,33,18
1782942544.772,217.116,298.7,79.14,100,45,91,6.2,8.2,291.3,79.15,100,44,84,25477.4,19525.2,280.0,79.15,100,47,89,20536.2,17404.5,269.3,79.14,100,46,85,20712.9,17664.2,58.0,35,16
1782942545.218,217.562,288.8,79.14,100,23,92,11494.3,3.8,286.9,79.15,100,46,86,2.9,4.2,280.0,79.15,100,47,89,8680.3,14765.4,269.3,79.14,100,46,85,13105.5,4.4,58.0,35,16
1782942545.661,218.006,292.4,79.14,100,53,91,2.8,17113.7,284.1,79.15,100,55,86,20707.2,8.4,277.5,79.15,100,51,89,7.7,7.3,267.5,79.14,100,64,86,13973.0,14867.6,58.0,35,16
1782942546.109,218.454,297.8,79.14,100,50,91,4.2,4.6,288.4,79.15,100,51,86,20742.5,16308.4,284.9,79.15,100,54,90,2.6,4.9,275.0,79.14,100,58,86,2.8,9066.1,58.0,35,16
1782942546.552,218.897,297.8,79.14,100,50,91,2.1,3644.9,297.0,79.15,100,46,85,18329.1,14131.7,292.1,79.15,100,56,90,2.2,5.8,282.0,79.14,100,46,86,20727.2,15040.6,58.0,35,16
1782942546.994,219.339,300.2,79.14,100,53,91,15389.3,5.5,292.0,79.15,100,41,86,4.6,17117.8,285.3,79.15,100,45,90,20744.3,6.4,272.8,79.14,100,44,86,4.7,6475.0,58.0,35,16
1782942547.438,219.783,297.1,79.14,100,39,92,19278.7,15335.3,286.0,79.15,100,42,85,2968.3,5.0,277.0,79.15,100,40,89,1.9,14363.5,267.2,79.14,100,43,86,19678.8,1980.7,58.0,35,16
1782942547.880,220.225,295.9,79.14,100,45,91,18393.4,5703.3,285.5,79.15,100,47,85,4.4,5.3,276.9,79.15,100,56,90,13559.6,15327.6,267.4,79.14,100,48,86,6938.9,5.1,58.0,35,16
1782942548.328,220.672,300.4,79.14,100,53,92,13569.3,4.6,290.4,79.15,100,57,86,1.9,29.4,282.5,79.15,100,45,89,19702.4,17193.3,275.8,79.14,100,47,86,2.3,5.1,58.0,35,16
1782942548.769,221.114,302.8,79.14,100,48,91,20707.3,7.0,290.4,79.15,100,57,86,3.6,4.8,283.9,79.15,100,47,89,17060.0,14948.4,275.7,79.14,100,46,86,4989.0,5.0,58.0,35,16
1782942549.211,221.556,300.4,79.14,100,48,92,18983.6,1359.5,292.7,79.15,100,47,85,2.7,4.7,283.9,79.15,100,47,89,7790.2,14940.4,275.7,79.14,100,46,86,14065.5,4.8,58.0,35,16
1782942549.653,221.998,298.9,79.14,100,45,90,20707.6,10.4,294.5,79.15,100,57,86,1.9,7.5,284.9,79.15,100,49,89,19730.8,15313.5,276.2,79.14,100,57,86,11.4,7.7,58.0,35,16
1782942550.104,222.448,299.9,79.14,100,46,92,10035.3,4.8,291.2,79.15,100,48,85,2.9,8431.9,284.3,79.15,100,49,89,18600.4,9541.9,273.9,79.14,100,47,85,4.5,5.4,58.0,35,16
1782942550.545,222.889,299.9,79.14,100,46,92,2.2,17110.8,289.5,79.15,100,44,86,20704.4,5.6,283.5,79.15,100,47,90,2.6,6981.8,270.8,79.14,100,46,87,18507.6,10711.0,58.0,35,16
1782942550.986,223.331,299.2,79.14,100,41,92,5.3,5.9,286.2,79.15,100,45,86,18007.5,19277.6,280.2,79.15,100,39,89,20748.6,17184.7,268.6,79.14,100,43,85,20757.7,17183.6,61.0,37,14
1782942551.429,223.774,298.5,79.14,100,45,90,20705.3,4.1,277.1,79.15,100,16,86,2.7,4.0,268.5,79.15,100,64,90,1687.2,15821.6,260.2,79.14,100,63,87,19683.0,4.2,61.0,37,14
1782942551.871,224.215,291.9,79.14,100,50,90,1.9,14792.9,284.9,79.15,100,49,85,17770.0,4002.6,279.2,79.15,100,64,90,4.4,7.5,269.0,79.14,100,55,87,2772.7,15542.3,61.0,37,14
1782942552.316,224.660,295.2,79.14,100,52,91,2.0,4.6,298.6,79.15,100,47,87,14669.3,14951.1,291.1,79.15,100,51,90,7005.2,4.8,282.7,79.14,100,47,86,2.8,2934.4,61.0,37,14
1782942552.759,225.104,299.2,79.14,100,53,91,6.3,3451.5,298.6,79.15,100,47,87,18639.3,14544.9,286.2,79.15,100,46,89,4.6,11.3,282.7,79.14,100,47,86,20784.4,15633.9,61.0,37,14
1782942553.205,225.550,293.9,79.14,100,46,90,18716.5,17108.2,295.8,79.15,100,53,86,3.1,5.7,286.2,79.15,100,46,89,10505.4,15116.9,280.9,79.14,100,43,86,11095.7,6.0,61.0,37,14
1782942553.648,225.992,282.9,79.14,100,37,91,2.9,623.0,284.3,79.15,100,39,86,19167.2,16886.7,279.4,79.15,100,42,89,2.8,10.1,268.7,79.14,100,43,86,12963.5,16535.1,61.0,37,14
1782942554.097,226.442,286.8,79.14,100,56,91,6095.4,15103.8,278.6,79.15,100,45,86,16126.7,4.9,272.4,79.15,100,46,89,2.7,499.0,259.9,79.14,100,47,86,19704.2,17193.9,61.0,37,14
1782942554.540,226.885,286.8,79.14,100,56,91,15285.9,15597.5,286.4,79.15,100,49,86,6498.1,5.0,277.7,79.15,100,45,89,2.4,6417.9,266.9,79.14,100,44,85,18386.1,11462.7,61.0,37,14
1782942554.982,227.327,297.5,79.14,100,48,90,2316.3,15218.5,290.6,79.15,100,48,85,19732.7,4.6,284.0,79.15,100,58,90,3.9,4.4,273.9,79.14,100,49,87,20797.9,16380.7,61.0,37,14
1782942555.426,227.771,301.1,79.14,100,57,91,1.9,13462.6,294.0,79.15,100,50,86,18304.2,4804.9,285.4,79.15,100,48,90,3.9,4.6,276.3,79.14,100,47,87,1102.9,16742.4,61.0,37,14
1782942555.868,228.212,300.0,79.14,100,50,92,2.4,6241.7,295.0,79.15,100,45,86,18113.8,12315.9,288.3,79.15,100,55,90,2.3,9.8,279.0,79.14,100,54,86,489.9,17302.9,61.0,37,14
1782942556.311,228.656,299.3,79.14,100,50,91,3.5,4.4,293.3,79.15,100,47,85,20729.7,17108.6,285.4,79.15,100,49,89,2.4,4.9,275.2,79.14,100,48,85,2.6,15593.1,61.0,37,14
1782942556.753,229.098,300.0,79.14,100,45,91,8.7,17114.6,293.3,79.15,100,47,85,20707.0,5.7,283.2,79.15,100,43,89,2.6,8823.3,275.2,79.14,100,48,85,18454.2,8840.0,61.0,37,14
1782942557.196,229.540,297.5,79.14,100,45,92,44.2,5.5,290.3,79.15,100,45,85,491.9,17113.0,283.2,79.15,100,43,89,20752.9,5.8,272.9,79.14,100,43,86,4.1,10957.9,64.0,39,12
1782942557.639,229.983,292.3,79.14,100,13,92,5780.2,4.2,287.4,79.15,100,44,86,2.0,33.9,282.0,79.15,100,46,90,19713.4,17198.9,269.2,79.14,100,47,85,8.7,6.6,64.0,39,12
1782942558.087,230.432,294.4,79.14,100,60,91,8037.1,14524.7,283.7,79.15,100,59,86,14777.1,4.5,272.4,79.15,100,49,89,2.7,4.4,264.8,79.14,100,49,85,19795.4,14513.2,64.0,39,12
1782942558.529,230.874,294.4,79.14,100,60,91,1.7,4.0,290.6,79.15,100,60,86,18401.1,14568.5,281.2,79.15,100,48,89,3837.9,4.8,274.2,79.14,100,47,86,2.1,6387.4,64.0,39,12
1782942558.972,231.317,295.1,79.14,100,51,91,5.3,5.2,298.8,79.15,100,56,86,17735.5,14960.5,293.1,79.15,100,48,89,3840.1,6.1,284.5,79.14,100,53,86,652.3,16779.2,64.0,39,12
1782942559.415,231.760,298.9,79.14,100,46,91,18423.4,8445.2,292.3,79.15,100,43,86,2.1,5.2,285.8,79.15,100,47,88,20400.6,17192.8,275.7,79.14,100,46,86,2.1,5.7,64.0,39,12
1782942559.856,232.201,299.8,79.14,100,39,92,2.0,17114.4,284.9,79.15,100,40,86,20711.3,7.1,277.1,79.15,100,37,89,2.6,548.5,264.7,79.14,100,37,86,19748.9,17207.7,64.0,39,12
1782942560.301,232.646,291.3,79.14,100,47,90,4.4,17114.9,280.3,79.15,100,44,86,20710.9,5.2,272.7,79.15,100,42,89,2.8,4.7,262.9,79.14,100,46,85,14788.6,14799.1,64.0,39,12
1782942560.743,233.088,278.2,79.14,100,46,90,1505.6,14979.9,280.3,79.15,100,44,86,19521.5,6.7,274.2,79.15,100,58,90,2.3,2134.4,262.9,79.14,100,46,85,18573.0,15927.8,64.0,39,12
1782942561.190,233.534,283.5,79.14,100,56,91,6381.8,14957.0,283.7,79.15,100,46,85,15806.1,5.0,274.2,79.15,100,58,90,2.4,488.8,264.5,79.14,100,48,87,19714.9,17205.8,64.0,39,12
1782942561.631,233.975,300.0,79.14,100,48,92,1892.2,15499.7,291.2,79.15,100,56,86,19849.0,4.6,283.7,79.15,100,48,89,3.6,7.0,272.5,79.14,100,50,86,20318.0,17200.1,64.0,39,12
1782942562.076,234.420,300.0,79.14,100,48,92,5289.1,15072.9,293.4,79.15,100,47,86,16816.5,5.3,285.9,79.15,100,56,90,2.0,526.2,275.2,79.14,100,47,87,19184.2,17202.7,64.0,39,12
1782942562.517,234.862,300.2,79.14,100,49,91,16987.9,14919.2,293.0,79.15,100,52,86,5394.9,5.8,284.9,79.15,100,49,89,2.0,11066.0,275.2,79.14,100,56,86,19403.8,5732.8,64.0,39,12
1782942562.960,235.305,299.8,79.14,100,47,90,16464.1,10960.6,292.1,79.15,100,46,86,3.1,5.8,283.6,79.15,100,46,88,13855.6,15173.0,274.2,79.14,100,44,86,7824.5,6.0,64.0,39,12
1782942563.402,235.746,291.6,79.14,100,41,90,3.9,5.6,279.0,79.15,100,40,87,20720.0,17106.2,274.2,79.15,100,44,89,2.9,5.8,261.3,79.14,100,42,85,12111.9,15598.7,67.0,41,10
1782942563.846,236.191,277.7,79.14,100,42,92,2.3,3.8,267.4,79.15,98,19,85,20233.9,17110.5,263.4,79.15,100,13,89,2.8,6.5,249.9,79.14,100,12,87,6.5,16020.9,67.0,41,10
1782942564.295,236.640,277.7,79.14,100,60,91,256.0,4.0,282.0,79.15,100,50,86,3.4,3.4,274.8,79.15,100,57,90,20315.8,16573.9,265.2,79.14,100,50,87,3.6,4.5,67.0,41,10
1782942564.737,237.082,294.7,79.14,100,61,91,20712.4,17113.0,282.0,79.15,100,50,86,7.3,6.5,292.0,79.15,100,49,88,3.5,5629.1,265.2,79.14,100,50,87,18081.5,12651.6,67.0,41,10
1782942565.182,237.527,299.0,79.14,100,53,91,13547.1,14762.2,302.9,79.15,100,47,86,8817.6,4.6,292.0,79.15,100,49,88,2.1,5887.3,285.4,79.14,100,48,85,18381.7,12142.1,67.0,41,10
1782942565.626,237.970,298.1,79.14,100,41,91,7951.9,5.7,297.4,79.15,100,51,86,494.4,17110.1,289.3,79.15,100,46,89,20753.0,8.8,282.9,79.14,100,52,86,8.4,16756.0,67.0,41,10
1782942566.075,238.420,298.1,79.14,100,41,91,20641.0,5.9,287.7,79.15,100,41,86,2.1,1740.6,284.0,79.15,100,40,89,18979.2,15814.4,271.7,79.14,100,40,87,2.1,5.4,67.0,41,10
1782942566.519,238.863,297.2,79.14,100,42,91,3.5,4.6,283.3,79.15,100,45,87,9102.8,15332.4,276.5,79.15,100,46,90,12482.7,4.9,265.6,79.14,100,45,86,2.0,3008.9,67.0,41,10
1782942566.961,239.306,296.8,79.14,100,45,92,3.5,7.1,288.9,79.15,100,46,86,20719.9,17109.6,279.9,79.15,100,53,89,2.8,5.2,271.1,79.14,100,52,86,495.1,17267.3,67.0,41,10
1782942567.404,239.749,301.8,79.14,100,56,91,2.6,3.8,293.6,79.15,100,46,86,20223.4,17110.7,283.0,79.15,100,49,89,1.8,4.8,275.6,79.14,100,47,85,3.5,17282.5,67.0,41,10
1782942567.846,240.191,301.6,79.14,100,48,91,1.9,4.5,292.5,79.15,100,47,86,20723.8,17110.7,285.1,79.15,100,53,90,3.6,10.7,275.4,79.14,100,53,87,15.0,17275.8,67.0,41,10
1782942568.296,240.640,300.4,79.14,100,57,91,2.0,4273.6,292.3,79.15,100,46,86,19119.6,13038.0,284.6,79.15,100,46,89,2.8,5.1,275.4,79.14,100,46,85,2754.7,15555.7,67.0,41,10
1782942568.739,241.084,299.6,79.14,100,47,90,5.2,17116.9,292.3,79.15,100,46,86,20710.7,7.7,282.5,79.15,100,53,90,4.4,5.4,275.4,79.14,100,46,85,20793.2,16957.4,67.0,41,10
1782942569.185,241.529,298.8,79.14,100,49,91,18535.6,16668.1,292.4,79.15,100,46,85,3.1,6.1,282.5,79.15,100,53,90,19462.0,15400.7,273.8,79.14,100,46,87,1935.6,5.8,67.0,41,10
1782942569.626,241.971,298.4,79.14,100,44,91,4.2,16735.1,287.3,79.15,100,46,85,18039.8,2112.5,282.5,79.15,100,39,89,3.1,542.7,271.2,79.14,100,38,86,19726.9,17210.1,70.0,43,8
1782942570.073,242.417,298.4,79.14,100,44,91,2.8,284.0,282.7,79.15,100,37,86,19155.6,17109.5,275.2,79.15,100,40,89,2.4,5.0,264.0,79.14,100,38,85,2.0,10806.9,70.0,43,8
1782942570.516,242.861,278.2,79.14,100,13,91,7538.0,4.2,276.1,79.15,100,54,86,4.0,4.1,265.7,79.15,100,50,89,17922.6,14457.6,257.7,79.14,100,49,85,4413.5,6.1,70.0,43,8
1782942570.960,243.305,283.7,79.14,100,66,91,20708.1,17111.9,288.1,79.15,100,48,86,3.3,4.3,277.9,79.15,100,48,90,1.8,516.8,272.2,79.14,100,48,87,19711.4,17212.1,70.0,43,8
1782942571.402,243.746,294.1,79.14,100,51,91,295.7,16294.5,299.5,79.15,100,53,86,20217.7,4.7,293.7,79.15,100,48,89,2.6,4.1,283.9,79.14,100,55,86,20791.3,17197.6,70.0,43,8
1782942571.862,244.207,300.6,79.14,100,47,91,2.9,5.9,292.6,79.15,100,45,86,9337.2,15613.0,285.7,79.15,100,46,89,10878.8,8.7,275.9,79.14,100,45,86,2547.0,16770.6,70.0,43,8
1782942572.311,244.656,299.2,79.14,100,44,91,20707.0,5.5,283.8,79.15,99,42,86,4.6,7561.3,278.4,79.15,100,43,89,18716.8,10037.0,267.3,79.14,99,39,87,3.7,5.3,70.0,43,8
1782942572.753,245.097,298.2,79.14,100,46,91,8.4,8.8,283.8,79.15,99,42,86,20717.6,15563.4,280.4,79.15,99,50,89,328.2,4.9,267.3,79.14,99,39,87,2.9,11793.1,70.0,43,8
1782942573.199,245.544,300.5,79.14,100,47,91,2.6,2871.7,287.1,79.15,100,55,86,18362.2,15234.2,280.4,79.15,99,50,89,2.1,4.9,270.1,79.14,100,56,86,3117.9,15092.3,70.0,43,8
1782942573.642,245.986,299.7,79.14,100,49,91,3.4,4999.0,289.7,79.15,100,46,86,18231.2,13544.0,280.4,79.15,100,49,88,7.2,10.9,270.2,79.14,100,47,87,1081.5,16775.7,70.0,43,8
1782942574.087,246.431,300.5,79.14,100,47,91,1.9,986.4,291.3,79.15,100,53,86,18704.3,17104.2,285.8,79.15,100,55,89,1.9,4.7,273.7,79.14,100,54,87,1.8,17277.4,70.0,43,8
1782942574.529,246.873,300.5,79.14,100,47,91,3.5,3.9,293.5,79.15,100,47,86,20227.8,17108.5,285.4,79.15,100,49,88,2.0,4.9,276.0,79.14,100,48,85,2.2,17276.9,70.0,43,8
1782942574.971,247.315,299.8,79.14,100,46,91,5.8,6314.6,293.7,79.15,100,56,86,18140.1,12232.2,285.5,79.15,100,58,90,2.8,4.6,276.4,79.14,100,57,87,3479.2,15413.8,70.0,43,8
1782942575.414,247.758,300.3,79.14,100,50,91,15428.0,14920.9,292.5,79.15,100,44,86,6392.4,5.7,285.2,79.15,100,46,89,1076.0,16722.3,275.1,79.14,100,45,86,20258.0,6.0,70.0,43,8
1782942575.856,248.201,300.3,79.14,100,43,91,2.9,4422.0,288.9,79.15,99,38,86,17926.1,13947.1,278.1,79.15,100,43,89,4.5,8.4,269.7,79.14,100,36,86,17428.7,14704.6,72.0,45,6
1782942576.301,248.645,293.5,79.14,100,40,91,2.7,4.2,271.4,79.15,99,47,86,20720.1,17109.6,262.8,79.15,100,26,89,1.8,6.5,253.1,79.14,100,39,87,2.9,8930.1,72.0,45,6
1782942576.745,249.090,282.7,79.14,100,50,91,775.7,7.2,271.4,79.15,99,47,86,2.7,17.4,273.5,79.15,100,48,89,19728.0,17196.4,253.1,79.14,100,39,87,2.9,4.6,72.0,45,6
1782942577.191,249.536,285.5,79.14,100,50,91,20708.2,17111.2,283.0,79.15,100,55,86,1.8,4.4,273.5,79.15,100,48,89,1.9,3289.3,264.2,79.14,100,48,86,18044.3,15038.2,72.0,45,6
1782942577.633,249.977,301.3,79.14,100,48,91,6852.4,15048.7,300.3,79.15,100,61,86,15251.1,4.6,290.6,79.15,100,49,89,2.3,497.9,283.7,79.14,100,62,87,19708.2,16732.0,72.0,45,6
1782942578.077,250.422,301.3,79.14,100,48,91,13096.6,11.3,293.1,79.15,100,45,86,2.8,17125.6,288.7,79.15,100,52,90,20748.5,6.0,276.3,79.14,100,46,85,3.0,15098.4,72.0,45,6
1782942578.522,250.867,298.6,79.14,100,46,90,19159.0,9785.2,287.3,79.15,100,45,86,3.7,5.6,279.1,79.15,100,45,89,20762.0,17189.7,268.7,79.14,100,45,85,4.2,5.2,72.0,45,6
1782942578.964,251.309,297.3,79.14,100,43,91,2.1,7.2,288.1,79.15,100,47,86,2464.1,15176.2,278.8,79.15,100,45,89,19109.0,4.9,269.5,79.14,100,45,86,2.0,4.1,72.0,45,6
1782942579.408,251.753,300.7,79.14,100,48,90,2.3,4.5,288.3,79.15,100,45,85,7312.3,15092.2,279.9,79.15,100,45,89,14128.9,4.9,269.7,79.14,100,44,85,3.5,602.8,72.0,45,6
1782942579.851,252.196,300.3,79.14,100,49,91,1.8,4.4,291.6,79.15,100,56,86,1203.2,16174.5,285.6,79.15,100,54,90,19687.1,6.4,274.7,79.14,100,55,87,8.6,4.5,72.0,45,6
1782942580.294,252.639,301.1,79.14,100,48,90,2.1,4.6,293.4,79.15,100,48,85,2.8,14385.9,286.4,79.15,100,48,89,17894.7,3891.3,275.4,79.14,100,47,86,1.8,4.7,72.0,45,6
1782942580.736,253.080,301.3,79.14,100,59,91,7563.4,12.9,293.4,79.15,100,48,85,7.1,6590.0,284.8,79.15,100,47,89,18139.1,11329.7,275.4,79.14,100,47,86,2.5,6.0,72.0,45,6
1782942581.182,253.527,299.3,79.14,100,50,91,10551.9,4.4,296.6,79.15,100,54,86,2.6,46.6,284.8,79.15,100,47,89,19690.6,16857.9,276.7,79.14,100,51,86,1.8,4.8,72.0,45,6
1782942581.626,253.970,299.8,79.14,100,51,91,2471.1,4.9,293.5,79.15,100,47,85,2.6,15798.3,287.2,79.15,100,57,90,20888.6,8.6,275.6,79.14,100,48,87,8.7,15626.6,72.0,45,6
1782942582.078,254.423,299.8,79.14,100,51,91,19217.0,17109.0,290.3,79.15,100,41,86,3.7,5.6,283.8,79.15,100,45,89,16472.1,15077.8,272.5,79.14,100,43,87,5583.9,5.6,72.0,45,6
1782942582.521,254.865,298.8,79.14,100,45,92,20708.4,4.5,288.5,79.15,100,47,85,4.4,4.5,280.3,79.15,99,46,89,11453.3,15123.1,270.7,79.14,100,46,87,10376.9,4.6,75.0,47,4
1782942582.964,255.309,291.0,79.14,100,13,91,1.8,17094.2,283.0,79.15,100,49,86,20706.4,4.2,271.7,79.15,100,49,89,2.1,9.6,263.8,79.14,100,49,86,1406.6,16031.7,75.0,47,4
1782942583.411,255.756,294.9,79.14,100,69,91,2.3,4.4,291.5,79.15,100,47,86,8571.5,14946.7,280.7,79.15,100,48,89,13345.1,4.5,273.1,79.14,100,47,86,3.5,4.4,75.0,47,4
1782942583.853,256.197,301.7,79.14,100,52,91,2.0,4.6,300.5,79.15,100,54,86,2.8,12582.6,293.9,79.15,100,47,89,18013.8,4832.0,283.8,79.14,100,53,86,7.5,4.7,75.0,47,4
1782942584.296,256.640,297.7,79.14,100,46,92,2.1,6935.5,293.8,79.15,100,46,86,18225.9,11095.2,286.3,79.15,100,47,89,2.2,5.6,275.6,79.14,100,46,85,20770.1,17201.7,75.0,47,4
1782942584.737,257.081,299.2,79.14,100,43,91,7520.0,9.6,293.8,79.15,100,46,86,8236.0,15630.8,278.4,79.15,100,43,89,11760.7,5.8,275.6,79.14,100,46,85,2.7,17234.1,75.0,47,4
1782942585.184,257.529,299.4,79.14,100,46,91,3387.9,15444.1,286.7,79.15,99,39,86,18043.9,4.6,278.4,79.15,100,43,89,2.2,4.9,267.8,79.14,100,38,87,20782.0,17194.6,75.0,47,4
1782942585.627,257.971,300.4,79.14,100,46,91,12019.8,15293.3,288.8,79.15,100,55,86,10059.0,4.4,279.7,79.15,100,49,89,2.4,517.3,270.1,79.14,100,54,86,20769.7,13184.2,75.0,47,4
1782942586.074,258.419,300.4,79.14,100,46,91,15840.8,14604.8,291.3,79.15,100,47,85,6955.3,6.2,281.3,79.15,100,51,90,2.3,553.7,270.1,79.14,100,48,86,19608.5,16406.3,75.0,47,4
1782942586.518,258.862,300.0,79.14,100,52,91,1.9,315.4,294.5,79.15,100,55,86,19366.7,17108.7,285.3,79.15,100,47,89,1.9,4.6,276.3,79.14,100,55,86,3.5,13496.8,75.0,47,4
1782942586.960,259.305,293.0,79.14,100,45,90,2.6,7.3,291.8,79.15,100,54,86,9963.8,14976.0,285.2,79.15,100,59,90,10804.9,6.4,275.1,79.14,100,59,87,3.7,1480.2,75.0,47,4
1782942587.406,259.750,291.0,79.14,100,45,91,1.8,4.6,290.3,79.15,100,48,86,4735.6,15035.7,279.0,79.15,100,48,88,17334.7,4.8,270.6,79.14,100,48,85,1.9,5.5,75.0,47,4
1782942587.847,260.192,294.4,79.14,100,47,91,2.1,5.0,294.7,79.15,100,51,86,13086.5,15005.9,285.3,79.15,100,48,89,8666.6,5.6,275.7,79.14,100,49,87,5.2,13003.6,75.0,47,4
1782942588.290,260.635,299.7,79.14,100,48,91,20709.4,17109.4,290.6,79.15,100,44,86,2.2,5.9,284.3,79.15,100,47,89,13540.9,15367.9,273.2,79.14,100,45,87,8120.6,5.6,75.0,47,4
1782942588.732,261.076,298.8,79.14,100,42,92,21266.6,24452.5,290.6,79.15,100,44,86,20707.6,17103.5,270.0,79.15,100,11,90,20745.6,5.7,273.2,79.14,100,45,87,2.5,4.6,78.0,49,2
1782942589.185,261.530,290.3,79.14,100,52,91,20705.8,4.7,279.4,79.15,100,13,85,2.7,4.2,270.0,79.15,100,11,90,1071.7,16804.5,261.6,79.14,100,12,86,20752.2,4.7,78.0,49,2
1782942589.628,261.973,293.9,79.14,100,50,92,3.6,17110.2,286.6,79.15,100,59,87,20657.8,4.9,278.4,79.15,100,70,90,2.7,7.8,268.9,79.14,100,67,87,6082.3,14876.0,78.0,49,2
1782942590.076,262.420,293.9,79.14,100,50,92,3.5,5.1,298.7,79.15,100,48,85,20729.6,17108.9,284.1,79.15,100,63,90,1.9,4.9,283.9,79.14,100,51,87,2.5,14226.4,78.0,49,2
1782942590.517,262.862,302.1,79.14,100,56,91,4078.9,15459.7,299.6,79.15,100,46,86,17717.8,5.6,286.2,79.15,100,46,89,3.0,11244.1,279.2,79.14,100,46,88,19962.9,5730.0,78.0,49,2
1782942590.959,263.304,298.1,79.14,100,46,91,2.2,8.2,293.3,79.15,100,43,86,20710.1,16459.1,281.1,79.15,100,44,89,4.8,6.0,275.6,79.14,100,43,86,10200.0,15509.3,78.0,49,2
1782942591.402,263.747,296.7,79.14,100,45,91,2.6,17115.9,285.7,79.15,100,44,86,20711.6,5.3,278.5,79.15,100,44,89,2.8,576.0,268.8,79.14,100,46,86,19698.1,17206.1,78.0,49,2
1782942591.846,264.190,287.8,79.14,100,42,90,2.2,17116.4,281.9,79.15,99,43,86,20706.4,5.0,275.2,79.15,99,48,90,2.5,494.9,263.5,79.14,99,44,87,19706.1,17191.5,78.0,49,2
1782942592.289,264.634,282.3,79.14,100,46,91,8981.9,14726.8,288.7,79.15,100,55,86,11649.4,4.6,278.7,79.15,100,51,89,2.3,508.0,269.8,79.14,100,56,87,19717.9,17196.1,78.0,49,2
1782942592.732,265.077,296.5,79.14,100,48,90,6.9,17117.6,288.7,79.15,100,55,86,20710.1,6.8,286.9,79.15,100,53,90,2.8,4.7,269.8,79.14,100,56,87,20791.4,16581.7,78.0,49,2
1782942593.180,265.524,300.7,79.14,100,56,91,1.8,9492.6,293.5,79.15,100,46,86,18079.4,9050.2,286.9,79.15,100,53,90,2.6,4.8,276.2,79.14,100,47,87,3533.2,15254.1,78.0,49,2
1782942593.622,265.967,298.7,79.14,100,47,91,1.9,4346.3,297.3,79.15,100,49,86,18214.9,13972.3,286.2,79.15,100,46,88,2.7,7.9,277.9,79.14,100,44,86,1094.0,16765.3,78.0,49,2
1782942594.067,266.412,298.7,79.14,100,47,91,3.3,6842.1,294.3,79.15,100,46,85,18354.6,11314.0,288.1,79.15,100,55,90,4.0,5.0,277.5,79.14,100,47,87,6633.5,15036.5,78.0,49,2
1782942594.510,266.855,301.4,79.14,100,55,91,18607.6,11305.3,293.8,79.15,100,49,86,2.9,5.7,283.8,79.15,100,47,89,20767.1,16503.1,275.1,79.14,100,47,87,2.3,5.9,78.0,49,2
1782942594.953,267.298,300.0,79.14,100,45,91,6.0,13805.6,290.8,79.15,100,43,86,3296.4,65.5,281.6,79.15,100,45,89,609.5,3209.6,272.9,79.14,100,43,87,672.7,3525.5,81.0,51,0
1782942595.395,267.740,296.7,79.14,94,42,89,7459.5,5792.5,257.5,79.15,100,51,85,6516.0,6748.2,250.9,79.15,97,49,88,6745.2,8610.4,235.9,79.14,100,51,86,6933.9,7588.6,81.0,55,0
1782942595.838,268.182,268.6,79.14,100,54,91,7248.9,4997.2,262.9,79.15,100,55,86,6435.5,8045.5,253.5,79.15,100,57,89,6670.8,9513.0,240.4,79.14,100,56,86,7969.5,8097.6,81.0,56,0
1782942596.284,268.629,274.7,79.14,100,57,91,5948.8,5730.2,298.9,79.15,100,58,86,6584.7,7685.6,289.2,79.15,100,58,89,7636.2,8785.6,277.6,79.14,100,57,86,6353.3,9836.1,81.0,56,0
1782942596.729,269.074,303.8,79.14,100,58,91,6846.3,5619.2,298.9,79.15,100,58,86,6705.5,7651.8,292.8,79.15,100,59,89,6566.1,9351.1,277.6,79.14,100,57,86,6363.6,8322.6,81.0,56,0
1782942597.181,269.525,300.9,79.14,100,58,91,5665.5,5561.0,301.7,79.15,100,57,86,6301.9,6793.2,292.8,79.15,100,59,89,7792.7,8397.8,282.1,79.14,100,57,86,6519.5,9706.9,81.0,56,0
1782942597.624,269.969,300.2,79.14,100,59,91,6706.3,4753.3,302.1,79.15,100,57,86,6176.3,7739.1,293.8,79.15,100,58,89,7792.9,8533.0,283.2,79.14,100,57,86,7753.9,8891.3,81.0,56,0
1782942598.072,270.416,300.2,79.14,100,59,91,5893.2,4701.8,301.3,79.15,100,58,86,7297.1,6785.8,293.8,79.15,100,58,89,6456.4,9995.2,283.7,79.14,100,58,86,6664.6,8229.5,81.0,56,0
1782942598.516,270.860,300.1,79.14,100,58,91,5948.7,5807.4,300.1,79.15,100,57,86,6071.0,6758.2,293.5,79.15,100,58,89,7652.3,8352.5,283.3,79.14,100,57,86,6486.2,9856.1,82.0,56,0
1782942598.958,271.303,299.9,79.14,100,59,91,5665.4,5896.5,300.2,79.15,100,58,86,6252.1,6565.7,293.8,79.15,100,59,89,7704.9,8787.7,283.3,79.14,100,58,86,6356.8,9961.4,82.0,56,0
1782942599.400,271.745,300.0,79.14,100,59,91,6777.7,4678.5,300.2,79.15,100,58,86,6090.8,7374.0,294.5,79.15,100,59,89,6512.1,8042.0,284.1,79.14,100,58,86,7800.3,8960.9,82.0,56,0
1782942599.843,272.187,300.0,79.14,100,58,91,6997.9,4727.4,300.0,79.15,100,58,86,5773.9,7479.4,294.5,79.15,100,59,89,6313.8,9138.3,284.4,79.14,100,58,87,6732.3,8398.8,82.0,56,0
1782942600.290,272.634,300.0,79.14,100,58,91,5807.1,4482.1,300.1,79.15,100,58,86,7306.8,6958.6,294.6,79.15,100,59,89,6200.2,9237.4,284.4,79.14,100,58,87,6413.9,8332.4,82.0,56,0
1782942600.736,273.081,300.1,79.14,100,60,91,5392.1,5757.4,300.1,79.15,100,58,86,6133.0,6286.5,295.2,79.15,100,59,89,7508.4,8564.2,284.4,79.14,100,58,87,6060.6,9292.5,82.0,56,0
1782942601.181,273.526,300.0,79.14,100,60,91,5480.8,5832.2,300.4,79.15,100,59,86,6088.1,6618.7,295.2,79.15,100,59,89,7716.5,8208.5,285.0,79.14,100,58,87,6012.5,9680.4,82.0,56,0
1782942601.626,273.970,299.9,79.14,100,59,91,7102.2,4912.4,300.3,79.15,100,59,86,5853.9,7632.8,295.9,79.15,100,59,89,7216.0,8012.3,285.5,79.14,100,58,87,8680.2,8538.4,82.0,56,0
1782942602.078,274.423,299.9,79.14,100,59,91,5674.9,4448.5,300.0,79.15,100,59,86,7139.8,6707.9,295.6,79.15,100,59,89,6187.5,9551.6,285.1,79.14,100,59,87,6425.3,8010.5,82.0,56,0
1782942602.975,275.319,300.0,79.14,100,59,91,6183.7,5145.9,300.0,79.15,100,58,86,6020.6,7163.7,295.0,79.15,100,59,89,6470.3,8310.3,284.8,79.14,100,58,87,7404.5,8503.8,82.0,56,0
1782942603.417,275.762,300.1,79.14,100,59,91,6976.0,4980.8,300.0,79.15,100,58,86,5942.7,7689.6,295.6,79.15,100,59,89,6340.1,8318.4,285.3,79.14,100,58,87,7663.2,8620.7,82.0,56,0
1782942603.861,276.206,300.0,79.14,100,59,91,6093.2,4735.1,299.9,79.15,100,58,86,7144.8,6742.7,295.7,79.15,100,60,89,6708.4,9746.9,285.5,79.14,100,58,87,6336.6,8215.4,82.0,56,0
1782942604.305,276.649,300.0,79.14,100,59,91,5665.6,4334.3,299.9,79.15,100,58,86,7305.3,6611.0,295.9,79.15,100,59,89,6191.0,9545.2,285.3,79.14,100,58,87,6537.0,8655.1,82.0,56,0
1782942604.748,277.093,300.0,79.14,100,59,91,5693.9,4447.0,299.9,79.15,100,58,86,7591.4,6444.2,296.1,79.15,100,59,89,7271.2,8545.4,285.3,79.14,100,58,87,6494.6,9649.1,82.0,56,0
1782942605.195,277.540,299.9,79.14,100,59,91,5521.1,5899.4,300.1,79.15,100,58,86,6345.0,6786.3,296.1,79.15,100,59,89,7942.6,8840.4,285.4,79.14,100,58,87,7242.8,9206.9,82.0,56,0
1782942605.654,277.999,300.1,79.14,100,59,91,5950.3,4678.3,300.1,79.15,100,58,86,7404.5,6766.7,295.9,79.15,100,59,89,6055.5,10092.1,285.4,79.14,100,58,87,6449.0,8354.8,83.0,56,0
1782942606.100,278.445,300.0,79.14,100,59,91,5594.7,5752.3,300.0,79.15,100,58,86,6181.8,6541.7,295.6,79.15,100,59,89,7601.0,8574.7,285.1,79.14,100,58,87,6250.2,9924.0,83.0,56,0
1782942606.543,278.887,300.0,79.14,100,59,91,5384.0,5916.6,300.1,79.15,100,58,86,6114.7,6615.7,295.7,79.15,100,59,89,7711.9,8556.4,285.1,79.14,100,58,87,6245.7,9664.1,83.0,56,0
1782942606.983,279.328,300.1,79.14,100,59,91,6838.3,4710.1,300.1,79.15,100,58,86,5813.7,7902.7,295.8,79.15,100,58,89,6493.1,7923.3,285.1,79.14,100,58,87,7562.5,8330.8,83.0,56,0
1782942607.424,279.768,300.0,79.14,100,58,91,7093.1,4781.6,299.8,79.15,100,58,86,5745.1,7453.7,295.5,79.15,100,59,89,6570.1,8198.7,284.7,79.14,100,57,87,7755.1,8680.6,83.0,56,0
1782942607.868,280.212,300.0,79.14,100,59,91,5974.5,4479.8,299.9,79.15,100,58,86,7316.4,6892.6,295.5,79.15,100,59,89,6080.1,9964.0,284.8,79.14,100,58,87,6432.6,8534.9,83.0,56,0
1782942608.313,280.657,300.0,79.14,100,59,91,5678.9,5753.8,300.0,79.15,100,57,86,6326.8,6741.2,295.6,79.15,100,58,89,7804.6,9042.6,284.9,79.14,100,58,87,6317.8,10213.0,83.0,56,0
1782942608.756,281.100,300.1,79.14,100,59,91,7532.4,4835.9,300.0,79.15,100,57,86,5795.7,6951.2,295.5,79.15,100,59,90,6479.6,8094.1,284.9,79.14,100,58,87,7760.2,8800.2,83.0,56,0
1782942609.203,281.548,300.1,79.14,100,60,91,7134.5,4678.5,300.1,79.15,100,58,86,6040.1,7547.5,295.5,79.15,100,59,90,6516.3,9428.9,285.1,79.14,100,58,87,6520.1,8438.4,83.0,56,0
1782942609.646,281.990,300.0,79.14,100,59,91,5949.2,4463.0,300.2,79.15,100,59,86,7243.0,7919.8,296.0,79.15,100,59,90,6841.8,10305.4,285.4,79.14,100,59,87,6393.9,9622.5,83.0,56,0
1782942610.099,282.444,300.0,79.14,100,59,91,5382.3,5809.3,300.3,79.15,100,59,86,6227.6,6309.7,296.2,79.15,100,59,90,7667.9,8355.9,285.6,79.14,100,59,87,6092.1,9755.6,83.0,56,0
1782942610.542,282.887,300.0,79.14,100,59,91,6962.2,4922.6,300.0,79.15,100,58,86,5789.7,7335.1,295.9,79.15,100,58,90,6496.9,8380.7,285.2,79.14,100,59,87,7740.4,9226.4,84.0,56,0
1782942610.989,283.333,300.0,79.14,100,59,91,7097.2,4912.4,300.0,79.15,100,58,86,6172.4,7326.1,296.0,79.15,100,60,90,6278.8,8800.4,285.2,79.14,100,59,87,6980.3,8307.9,84.0,56,0
1782942611.434,283.779,300.0,79.14,100,59,91,5948.8,4444.4,300.0,79.15,100,58,86,7293.7,6809.8,295.9,79.15,100,59,90,6076.5,9825.6,285.5,79.14,100,58,87,6499.6,8238.9,84.0,56,0
1782942611.877,284.222,299.9,79.14,100,59,91,5456.9,5836.9,300.0,79.15,100,58,86,6209.0,6803.8,296.0,79.15,100,59,90,7668.6,8815.4,285.3,79.14,100,58,87,6141.2,9666.1,84.0,56,0
1782942612.320,284.664,300.0,79.14,100,58,91,5523.8,6090.7,300.0,79.15,100,57,86,6197.8,6760.0,296.2,79.15,100,59,90,7535.2,8347.2,285.2,79.14,100,57,87,7433.4,8453.8,84.0,56,0
1782942612.764,285.108,299.9,79.14,100,59,91,7405.4,4811.0,300.0,79.15,100,57,86,6057.5,7628.0,295.4,79.15,100,59,90,6339.6,8115.5,285.2,79.14,100,57,87,7920.2,8529.2,84.0,56,0
1782942613.209,285.554,299.9,79.14,100,59,91,6119.0,4755.7,299.8,79.15,100,58,86,7341.0,6743.3,295.4,79.15,100,59,90,6130.2,9367.8,284.8,79.14,100,57,87,6627.5,8292.9,84.0,56,0
1782942613.651,285.996,300.2,79.14,100,59,91,5818.8,5810.7,300.1,79.15,100,59,86,6169.8,6809.7,295.0,79.15,100,58,90,7951.0,8895.0,284.6,79.14,100,58,87,6111.7,9704.5,84.0,56,0
1782942614.098,286.443,300.1,79.14,100,59,91,6576.3,5017.6,300.2,79.15,100,58,86,6013.0,7594.6,295.4,79.15,100,59,89,6526.7,8218.2,284.9,79.14,100,58,87,7712.4,8551.6,84.0,56,0
1782942614.541,286.885,300.1,79.14,100,59,91,7186.8,4678.6,300.1,79.15,100,58,86,5775.3,8063.1,295.5,79.15,100,59,90,6841.3,9652.4,284.9,79.14,100,58,87,6640.9,8503.7,84.0,56,0
1782942614.987,287.331,300.0,79.14,100,58,91,5669.0,4678.0,299.8,79.15,100,57,86,7558.6,6892.4,295.2,79.15,100,58,90,7067.0,8935.8,284.5,79.14,100,57,87,6360.0,9523.4,84.0,56,0
1782942615.430,287.775,300.0,79.14,100,59,91,5679.1,6053.6,300.0,79.15,100,58,86,6245.1,6992.0,295.0,79.15,100,58,90,7826.3,8627.2,284.4,79.14,100,57,87,6284.7,10059.0,84.0,56,0
1782942615.872,288.217,299.9,79.14,100,59,91,6962.2,4912.5,300.0,79.15,100,58,86,5794.8,7786.7,295.3,79.15,100,58,90,6586.9,8571.5,285.0,79.14,100,58,87,7835.8,8489.6,84.0,56,0
1782942616.316,288.661,299.9,79.14,100,59,91,6103.8,4678.3,299.8,79.15,100,58,86,7385.5,6947.5,295.3,79.15,100,59,90,6237.4,9497.0,285.0,79.14,100,58,87,6525.5,8477.3,84.0,56,0
1782942616.758,289.103,300.0,79.14,100,59,91,5905.0,5970.3,299.8,79.15,100,58,86,6302.1,6640.9,295.4,79.15,100,59,90,7592.8,8383.9,285.0,79.14,100,58,87,6317.4,9567.6,84.0,56,0
1782942617.205,289.549,300.0,79.14,100,58,91,6972.8,4911.4,299.9,79.15,100,57,86,5908.0,7834.8,295.4,79.15,100,59,90,6652.3,8712.5,284.8,79.14,100,58,87,7670.9,8381.4,84.0,56,0
1782942617.647,289.992,300.0,79.14,100,59,91,7245.5,4882.5,300.0,79.15,100,57,86,5806.4,8572.5,295.4,79.15,100,59,90,6187.6,10671.1,285.0,79.14,100,57,87,6772.6,8360.1,84.0,56,0
1782942618.098,290.443,300.1,79.14,100,59,91,5799.5,5572.5,299.9,79.15,100,58,86,6167.5,6647.5,295.5,79.15,100,58,90,7749.2,8608.0,285.1,79.14,100,57,87,6248.7,9819.3,85.0,56,0
1782942618.541,290.886,300.1,79.14,100,59,91,7130.7,4915.4,299.9,79.15,100,58,86,5987.7,7698.0,295.5,79.15,100,58,90,6612.6,8565.7,285.0,79.14,100,58,87,8054.6,8474.4,85.0,56,0
1782942618.984,291.329,300.0,79.14,100,58,91,7266.3,4692.0,299.7,79.15,100,57,86,7217.2,6894.0,295.1,79.15,100,58,90,6342.9,9640.5,284.8,79.14,100,57,87,6653.1,8539.3,85.0,56,0
1782942619.425,291.769,299.9,79.14,100,58,91,5948.8,4680.1,299.8,79.15,100,57,86,7414.1,6765.8,294.7,79.15,100,58,90,7872.8,8589.8,284.2,79.14,100,57,87,6327.9,10149.3,85.0,56,0
1782942619.868,292.213,299.9,79.14,100,57,91,6716.3,4926.8,299.7,79.15,100,57,86,6140.8,7733.7,294.0,79.15,100,58,90,6508.2,8702.2,283.6,79.14,100,57,87,7628.9,8832.2,85.0,56,0
1782942620.312,292.656,300.0,79.14,100,59,91,5999.4,4678.4,299.9,79.15,100,57,86,7254.5,6993.6,293.7,79.15,100,58,90,6195.8,9464.7,283.6,79.14,100,57,87,6707.2,8195.6,85.0,56,0
1782942620.753,293.098,299.9,79.14,100,58,91,5913.9,5841.7,299.9,79.15,100,57,86,6304.7,6718.6,294.1,79.15,100,58,90,7733.1,8855.3,283.6,79.14,100,57,87,6093.0,9868.3,85.0,56,0
1782942621.196,293.541,300.1,79.14,100,58,91,6557.8,5194.3,300.1,79.15,100,57,86,6145.0,7614.4,294.1,79.15,100,58,90,6660.7,8043.8,283.7,79.14,100,57,87,7830.2,8591.7,85.0,56,0
1782942621.637,293.982,300.1,79.14,100,59,91,7246.1,4848.3,300.1,79.15,100,57,86,6229.1,7881.1,294.4,79.15,100,58,90,7777.7,9533.6,284.1,79.14,100,57,87,6751.2,9315.3,85.0,56,0
1782942622.087,294.431,300.1,79.14,100,59,91,5841.8,5959.4,300.2,79.15,100,58,86,6314.4,6392.8,294.8,79.15,100,58,90,7894.2,8666.0,284.7,79.14,100,58,87,6094.1,9245.2,85.0,56,0
1782942622.531,294.876,300.1,79.14,100,58,91,7004.2,4979.6,300.0,79.15,100,57,86,5905.3,7883.9,294.8,79.15,100,58,90,6684.8,8214.6,284.6,79.14,100,57,87,7660.4,8866.4,85.0,56,0
1782942622.974,295.319,299.8,79.14,100,58,91,5810.7,4561.5,300.0,79.15,100,57,86,7271.5,6750.1,294.6,79.15,100,59,90,6097.6,9343.7,284.3,79.14,100,57,87,6648.4,8363.1,86.0,56,0
1782942623.418,295.762,299.8,79.14,100,58,91,5948.8,4646.2,300.1,79.15,100,58,86,6867.9,6593.7,294.5,79.15,100,58,90,7775.1,8336.8,284.4,79.14,100,57,87,6163.8,9623.9,86.0,56,0
1782942623.863,296.207,300.1,79.14,100,58,91,5562.9,5915.1,300.3,79.15,100,58,86,6071.1,6717.8,294.9,79.15,100,58,90,7075.1,8590.5,284.7,79.14,100,58,87,7798.9,8462.2,86.0,56,0
1782942624.305,296.649,300.1,79.14,100,59,91,7213.9,4912.4,300.1,79.15,100,58,86,6046.8,7754.3,295.0,79.15,100,58,90,6313.4,7830.4,284.7,79.14,100,58,87,7824.2,8512.1,86.0,56,0
1782942624.747,297.092,299.9,79.14,100,58,91,5887.1,4920.0,300.1,79.15,100,58,86,6205.7,6827.3,295.0,79.15,100,59,90,7731.1,8506.1,284.7,79.14,100,58,87,6308.0,10142.6,86.0,56,0
1782942625.197,297.542,300.0,79.14,100,57,91,7243.6,4940.1,300.0,79.15,100,57,86,5953.7,7610.9,295.0,79.15,100,59,90,6784.0,8317.0,284.5,79.14,100,57,87,7830.8,8496.9,86.0,56,0
1782942625.639,297.983,300.1,79.14,100,59,91,5713.6,4721.8,299.6,79.15,100,57,86,7522.1,7116.4,294.6,79.15,100,58,90,7692.1,9805.4,284.4,79.14,100,57,87,6684.6,8839.3,86.0,56,0
1782942626.090,298.435,300.1,79.14,100,58,91,5680.3,5820.0,299.8,79.15,100,57,86,6215.3,6717.5,294.4,79.15,100,57,90,7749.3,8370.2,284.4,79.14,100,57,87,6074.8,9992.7,86.0,56,0
1782942626.532,298.877,300.1,79.14,100,58,91,7132.6,4933.0,300.0,79.15,100,57,86,5915.8,7857.2,294.6,79.15,100,59,90,6630.0,8654.0,284.4,79.14,100,57,87,7997.2,8625.1,86.0,56,0
1782942626.975,299.320,300.0,79.14,100,58,91,5813.0,4678.0,300.0,79.15,100,57,87,7566.6,6599.7,294.6,79.15,100,58,90,7102.4,9347.9,284.4,79.14,100,57,87,6556.9,9840.1,86.0,56,0
1782942627.421,299.765,300.0,79.14,100,58,91,7217.2,4691.6,300.0,79.15,100,57,86,6159.5,7654.4,294.7,79.15,100,57,90,6657.6,8564.5,284.5,79.14,100,57,87,7655.8,8529.7,86.0,56,0
1782942627.864,300.209,300.0,79.14,100,58,91,5777.7,4620.1,300.0,79.15,100,57,86,7303.0,7063.5,294.7,79.15,100,59,90,6304.5,9565.0,284.6,79.14,100,57,87,6649.6,8042.8,86.0,56,0
1782942628.310,300.655,300.0,79.14,100,59,91,5767.5,5903.8,300.1,79.15,100,57,87,6367.3,6848.6,294.9,79.15,100,58,90,7822.7,8715.6,284.4,79.14,100,57,87,6298.5,10000.7,86.0,56,0
1782942628.753,301.097,300.0,79.14,100,58,91,8413.5,4913.9,300.1,79.15,100,57,87,6041.3,7700.0,295.0,79.15,100,58,90,6703.3,8499.2,284.4,79.14,100,57,87,6916.9,8338.4,86.0,56,0
1782942629.202,301.547,300.1,79.14,100,59,91,5953.2,4448.0,300.3,79.15,100,58,87,7460.5,6485.9,295.0,79.15,100,58,90,6375.4,9849.9,284.6,79.14,100,58,87,6647.3,8806.9,86.0,56,0
1782942629.643,301.988,300.0,79.14,100,59,91,5665.5,5754.0,300.1,79.15,100,58,86,6194.5,6473.7,295.0,79.15,100,58,90,7970.7,8875.5,285.0,79.14,100,58,87,6416.0,10171.2,86.0,56,0
1782942630.086,302.430,300.0,79.14,100,59,91,6935.4,4912.4,300.3,79.15,100,57,87,5891.7,7522.6,295.6,79.15,100,59,90,6590.5,8493.9,285.0,79.14,100,57,87,7858.4,8767.9,87.0,56,0
1782942630.527,302.871,300.0,79.14,100,59,91,5665.6,4493.2,300.1,79.15,100,57,86,7254.1,6514.0,295.6,79.15,100,58,90,6149.9,9698.6,285.3,79.14,100,57,87,6756.6,8308.3,87.0,56,0
1782942630.967,303.312,299.9,79.14,100,58,91,5950.5,5595.5,300.0,79.15,100,58,86,6301.2,7108.0,295.2,79.15,100,58,90,7658.0,8377.7,285.2,79.14,100,58,87,6384.1,9986.9,87.0,56,0
1782942631.410,303.754,300.0,79.14,100,58,91,5665.5,5988.2,299.7,79.15,100,58,87,6163.8,6644.4,295.0,79.15,100,58,90,7997.8,8919.3,284.9,79.14,100,58,87,7916.8,8755.5,87.0,56,0
1782942631.851,304.196,300.0,79.14,100,59,91,7125.0,4754.2,299.8,79.15,100,57,87,5888.7,7971.1,294.7,79.15,100,59,90,6470.5,9041.5,284.4,79.14,100,57,87,7028.1,8322.3,87.0,56,0
1782942632.293,304.637,299.9,79.14,100,58,91,5972.9,4734.2,299.8,79.15,100,57,86,7382.5,6797.5,294.6,79.15,100,59,90,6363.3,9625.0,284.2,79.14,100,57,87,6645.7,9570.4,87.0,56,0
1782942632.735,305.080,299.9,79.14,100,58,91,7214.2,5387.4,299.8,79.15,100,57,86,6082.9,7905.2,294.4,79.15,100,57,90,6914.4,8239.0,284.2,79.14,100,57,87,7782.2,9031.3,87.0,56,0
1782942633.185,305.529,300.1,79.14,100,58,91,5950.7,4620.9,299.8,79.15,100,57,86,7415.0,6791.0,294.4,79.15,100,57,90,6337.3,9882.9,284.0,79.14,100,57,87,6608.7,8684.4,87.0,56,0
1782942633.627,305.972,300.0,79.14,100,58,91,5553.5,5924.1,299.8,79.15,100,57,87,6317.1,6793.0,294.2,79.15,100,58,90,8125.7,8944.1,284.0,79.14,100,57,87,7329.1,10027.4,87.0,56,0
1782942634.076,306.421,300.0,79.14,100,58,91,7113.4,4912.4,300.2,79.15,100,56,87,6040.3,7774.8,294.2,79.15,100,57,90,6540.9,8424.7,284.3,79.14,100,56,87,7929.3,8377.8,87.0,56,0
1782942634.519,306.864,299.9,79.14,100,59,91,5807.2,4545.4,300.2,79.15,100,58,87,7556.1,6888.9,294.3,79.15,100,58,90,6521.1,9648.6,284.4,79.14,100,57,87,6431.2,8057.3,87.0,56,0
1782942634.961,307.306,300.1,79.14,100,59,91,5502.3,5825.5,300.2,79.15,100,57,87,6132.2,6715.8,294.5,79.15,100,58,90,7748.9,8576.9,284.4,79.14,100,58,87,6785.5,9575.3,88.0,56,0
1782942635.403,307.748,299.8,79.14,100,58,91,7147.0,4795.5,299.9,79.15,100,56,87,5810.7,7567.6,294.7,79.15,100,58,90,6437.7,9267.0,283.9,79.14,100,57,87,6632.9,8502.4,88.0,56,0
1782942635.846,308.190,299.7,79.14,100,57,91,5952.0,5917.8,300.0,79.15,100,57,87,6309.5,6677.5,294.5,79.15,100,58,90,7822.1,8539.7,283.6,79.14,100,57,87,6621.4,9912.0,88.0,56,0
1782942636.289,308.634,300.0,79.14,100,58,91,7072.1,5029.3,299.9,79.15,100,56,87,6026.2,7438.7,294.3,79.15,100,58,90,6618.2,8444.3,283.8,79.14,100,57,87,7874.4,8329.8,88.0,56,0
1782942636.731,309.076,300.0,79.14,100,58,91,5952.0,5267.6,299.9,79.15,100,56,87,6206.6,6612.9,294.9,79.15,100,58,90,7654.5,8726.2,283.8,79.14,100,57,87,6318.1,9794.9,88.0,56,0
1782942637.183,309.528,300.0,79.14,100,59,91,6964.9,4915.5,300.3,79.15,100,57,87,6114.8,7288.2,294.9,79.15,100,58,90,6661.1,8119.6,283.9,79.14,100,57,87,7880.3,9040.8,88.0,56,0
1782942637.625,309.970,300.1,79.14,100,58,91,5949.0,4678.2,300.5,79.15,100,58,87,7389.1,6845.1,295.1,79.15,100,58,90,7164.0,9446.9,284.7,79.14,100,58,87,6665.1,8397.0,88.0,56,0
1782942638.070,310.415,300.1,79.14,100,58,91,5724.5,5964.1,300.0,79.15,100,57,87,6301.5,6919.2,294.9,79.15,100,58,90,7864.5,8077.2,284.7,79.14,100,57,87,6245.8,10086.1,88.0,56,0
1782942638.513,310.858,299.8,79.14,100,58,91,7271.1,4912.3,300.0,79.15,100,57,86,7567.5,6905.4,294.9,79.15,100,58,90,6506.6,9424.9,284.6,79.14,100,57,87,6725.3,8737.7,88.0,56,0
1782942638.956,311.301,300.0,79.14,100,58,91,5666.8,5991.8,300.0,79.15,100,57,87,6637.6,6681.5,294.7,79.15,100,58,90,7682.8,8765.8,284.5,79.14,100,58,87,6434.2,9933.2,88.0,56,0
1782942639.402,311.747,300.0,79.14,100,58,91,6992.3,4979.1,299.8,79.15,100,57,87,6065.6,7836.0,294.7,79.15,100,59,90,6637.2,8051.0,284.0,79.14,100,57,87,7825.4,8751.6,88.0,56,0
1782942639.844,312.189,299.9,79.14,100,57,91,5934.9,4621.8,300.0,79.15,100,58,87,7417.9,6857.2,294.7,79.15,100,58,90,6360.4,9809.4,284.5,79.14,100,57,87,7236.1,8496.2,88.0,56,0
1782942640.290,312.635,300.0,79.14,100,58,91,5807.1,5983.8,300.1,79.15,100,57,87,6286.9,6572.9,295.1,79.15,100,58,90,7801.1,8395.9,284.9,79.14,100,57,87,6216.9,9620.3,88.0,56,0
1782942640.733,313.078,300.1,79.14,100,58,91,7230.1,5385.4,300.1,79.15,100,57,87,7664.5,6936.2,295.0,79.15,100,59,90,6397.6,9537.1,284.9,79.14,100,57,87,6620.4,8364.5,88.0,56,0
1782942641.185,313.529,299.8,79.14,100,57,91,5665.6,5902.9,300.0,79.15,100,57,87,6370.2,6536.6,295.0,79.15,100,59,90,7729.1,8355.2,284.9,79.14,100,58,87,6397.0,9939.1,88.0,56,0
1782942641.627,313.972,299.9,79.14,100,59,91,7125.8,5067.7,299.8,79.15,100,57,86,6019.9,7609.6,294.7,79.15,100,58,90,6781.4,8301.4,284.4,79.14,100,57,87,8100.0,8708.2,88.0,56,0
1782942642.072,314.416,299.9,79.14,100,59,91,5962.5,4683.9,300.0,79.15,100,57,87,7411.3,6888.6,294.6,79.15,100,58,90,6487.8,9523.7,284.1,79.14,100,57,87,6457.4,9938.2,89.0,56,0
1782942642.515,314.860,300.0,79.14,100,58,91,5916.6,5631.4,300.0,79.15,100,57,87,6003.9,7782.1,294.8,79.15,100,58,90,6549.6,8239.9,284.4,79.14,100,57,87,7699.1,8080.6,89.0,56,0
1782942642.957,315.302,300.0,79.14,100,58,91,7264.2,4680.5,300.0,79.15,100,58,87,7247.1,6974.2,294.9,79.15,100,58,90,6641.7,9839.0,284.7,79.14,100,57,87,6738.8,8155.0,89.0,56,0
1782942643.402,315.746,300.0,79.14,100,59,91,5807.1,5793.9,300.2,79.15,100,58,87,6215.7,6839.9,295.4,79.15,100,58,90,7647.6,8410.1,285.2,79.14,100,58,88,6211.3,9832.7,89.0,56,0
1782942643.844,316.189,300.2,79.14,100,58,91,6968.3,4913.1,299.8,79.15,100,56,87,6029.6,7179.5,295.2,79.15,100,58,90,6589.1,8333.0,284.7,79.14,100,57,87,8076.9,8616.0,89.0,56,0
1782942644.290,316.634,300.0,79.14,100,58,91,6232.0,4678.1,299.8,79.15,100,57,86,7350.6,6930.3,294.7,79.15,100,58,90,6418.1,9598.0,284.3,79.14,100,56,88,6629.3,9495.0,89.0,56,0
1782942644.732,317.077,300.0,79.14,100,58,91,5668.7,6805.9,299.8,79.15,100,57,86,6135.1,7582.9,294.5,79.15,100,58,90,6632.7,8591.7,284.3,79.14,100,56,88,7787.1,8688.3,89.0,56,0
1782942645.183,317.527,300.2,79.14,100,58,91,5948.9,4900.3,300.1,79.15,100,58,87,7416.3,6906.7,294.5,79.15,100,58,90,6253.6,9442.3,284.4,79.14,100,57,88,6656.9,8049.9,89.0,56,0
1782942645.625,317.969,300.0,79.14,100,58,91,5665.6,5984.4,299.9,79.15,100,57,87,6343.3,6473.5,294.4,79.15,100,58,90,8750.9,8654.0,284.4,79.14,100,57,87,7409.9,8613.1,89.0,56,0
1782942646.077,318.421,300.0,79.14,100,58,91,6963.2,4740.2,300.0,79.15,100,57,87,6158.2,7869.9,294.5,79.15,100,58,90,6361.1,9155.7,284.4,79.14,100,56,87,6580.1,8608.1,89.0,56,0
1782942646.521,318.866,300.0,79.14,100,58,91,5665.6,5870.8,300.4,79.15,100,58,87,6076.5,6595.2,295.1,79.15,100,58,90,7926.0,8926.4,284.8,79.14,100,57,88,6403.6,9739.5,89.0,56,0
1782942646.963,319.308,300.1,79.14,100,58,91,6990.0,4988.8,299.9,79.15,100,57,87,6074.5,7746.7,295.2,79.15,100,58,90,6621.5,8744.2,284.7,79.14,100,57,88,7721.3,8538.5,90.0,56,0
1782942647.412,319.756,299.9,79.14,100,58,91,6232.5,4817.2,299.7,79.15,100,57,87,7441.6,6801.4,295.0,79.15,100,58,90,6328.6,9598.6,284.1,79.14,100,57,87,6514.9,8509.5,90.0,56,0
1782942647.855,320.200,299.8,79.14,100,58,91,5698.8,6160.6,300.0,79.15,100,57,87,6277.8,6601.3,294.8,79.15,100,57,90,7771.7,8475.3,284.2,79.14,100,57,88,7058.6,9384.5,90.0,56,0
1782942648.297,320.642,300.2,79.14,100,58,91,7251.7,4875.5,300.0,79.15,100,57,87,6003.2,7712.4,295.1,79.15,100,58,90,6560.3,9425.5,284.6,79.14,100,57,87,6499.4,8811.3,90.0,56,0
1782942648.741,321.086,300.0,79.14,100,58,91,5951.8,6006.7,300.0,79.15,100,57,87,6895.1,6661.9,295.2,79.15,100,58,90,7848.9,8725.6,284.6,79.14,100,57,87,6324.2,10110.8,90.0,56,0
1782942649.190,321.534,299.9,79.14,100,58,91,7104.5,5108.4,299.8,79.15,100,56,87,6042.8,7513.9,295.2,79.15,100,58,90,6318.2,8327.9,284.5,79.14,100,56,87,7827.6,8706.3,90.0,56,0
1782942649.633,321.977,300.0,79.14,100,58,91,5948.8,4573.8,300.2,79.15,100,58,87,7456.0,6803.0,295.0,79.15,100,58,90,6661.8,9968.0,284.3,79.14,100,58,88,6716.8,8219.7,90.0,56,0
1782942650.079,322.423,300.0,79.14,100,58,91,5668.1,5942.8,300.4,79.15,100,57,87,6228.1,6742.2,295.6,79.15,100,59,90,7969.1,8541.5,284.9,79.14,100,58,87,6338.0,9999.1,90.0,56,0
1782942650.522,322.867,299.9,79.14,100,58,91,7243.8,4795.5,300.3,79.15,100,57,87,6177.8,7469.0,296.2,79.15,100,58,90,6510.3,9326.0,285.3,79.14,100,57,88,6482.5,8809.3,90.0,56,0
1782942650.965,323.309,300.0,79.14,100,58,91,5806.1,5705.6,300.2,79.15,100,58,87,6229.1,6641.5,296.0,79.15,100,58,90,7585.4,8486.1,285.5,79.14,100,58,88,6298.1,10036.5,90.0,56,0
1782942651.411,323.756,300.1,79.14,100,58,91,6989.2,4799.2,300.0,79.15,100,57,87,6037.9,7515.7,295.8,79.15,100,58,90,6454.5,8249.4,285.4,79.14,100,57,88,7842.6,8626.4,90.0,56,0
1782942651.854,324.199,299.9,79.14,100,58,91,5807.5,4795.8,299.8,79.15,100,57,87,7353.9,7097.9,295.5,79.15,100,59,90,6411.8,9346.4,285.0,79.14,100,57,88,6681.3,8756.1,90.0,56,0
1782942652.298,324.642,299.9,79.14,100,57,91,5665.6,5866.5,299.8,79.15,100,57,87,6339.9,6452.0,295.1,79.15,100,58,90,7673.2,8133.4,284.9,79.14,100,57,88,6078.7,10061.5,90.0,56,0
1782942652.740,325.084,300.0,79.14,100,59,91,7246.2,4917.6,299.8,79.15,100,57,87,6026.1,7475.5,295.3,79.15,100,58,90,6740.8,8220.4,284.9,79.14,100,57,88,7743.8,8387.6,90.0,56,0
1782942653.185,325.530,300.0,79.14,100,58,91,6084.8,4710.1,300.2,79.15,100,58,87,7432.3,6755.3,295.3,79.15,100,58,90,6206.6,9854.0,285.3,79.14,100,58,88,6671.4,8485.1,90.0,56,0
1782942653.629,325.974,300.0,79.14,100,57,91,5693.9,6117.9,299.8,79.15,100,57,87,6315.2,6270.9,295.9,79.15,100,58,90,7989.5,9148.0,285.4,79.14,100,57,88,8415.5,8486.8,90.0,56,0
1782942654.078,326.422,300.0,79.14,100,57,91,7197.2,4680.0,299.7,79.15,100,57,86,5896.4,7850.9,295.5,79.15,100,58,90,6396.9,9424.3,284.9,79.14,100,57,88,7012.4,8426.0,91.0,56,0
1782942654.522,326.867,300.0,79.14,100,58,91,5665.6,4561.0,300.1,79.15,100,57,87,7550.2,6601.0,295.5,79.15,100,58,90,7594.6,8564.2,284.8,79.14,100,57,88,6323.5,9784.5,91.0,56,0
1782942654.966,327.311,300.1,79.14,100,58,91,6838.8,4918.1,299.9,79.15,100,57,87,6146.5,7724.7,295.4,79.15,100,59,90,6478.6,8259.6,284.8,79.14,100,57,88,7893.1,8913.4,91.0,56,0
1782942655.411,327.755,300.0,79.14,100,58,91,6280.3,4795.4,300.1,79.15,100,57,87,7494.9,7175.9,295.6,79.15,100,59,90,6319.6,9312.9,284.6,79.14,100,57,88,6531.9,8324.9,91.0,56,0
1782942655.854,328.199,300.1,79.14,100,58,91,5607.5,5665.4,300.0,79.15,100,57,87,6212.8,6441.4,295.6,79.15,100,58,90,7607.9,8130.8,284.9,79.14,100,57,88,6344.7,9602.9,91.0,56,0
1782942656.296,328.641,299.9,79.14,100,59,91,7243.7,4982.3,300.1,79.15,100,57,87,5991.4,7369.0,295.4,79.15,100,58,90,6597.3,8520.7,285.1,79.14,100,58,88,7748.3,8399.7,91.0,56,0
1782942656.739,329.083,299.9,79.14,100,59,91,6093.7,4800.7,300.1,79.15,100,57,87,7281.2,6429.4,295.9,79.15,100,59,90,6355.0,9628.2,285.1,79.14,100,58,88,6529.2,8125.4,91.0,56,0
1782942657.184,329.529,300.0,79.14,100,57,91,7836.0,17485.3,300.2,79.15,100,57,87,21832.8,17448.8,295.9,79.15,100,59,90,8157.0,4.3,285.1,79.14,100,57,88,19001.3,1436.9,,,
1782942658.608,330.953,299.2,79.14,99,44,92,17802.8,2479.4,291.8,79.15,99,42,87,2473.3,15117.5,288.9,79.15,99,39,90,3.6,8604.6,273.3,79.14,99,43,88,9889.3,2891.5,,,
1782942660.033,332.378,301.8,79.14,99,52,91,11015.8,8044.6,293.8,79.15,99,46,87,10234.0,8558.8,286.1,79.15,100,53,90,1068.6,16705.6,276.7,79.14,99,45,88,2.1,14767.0,91.0,56,0
1782942660.571,332.916,299.9,79.14,99,46,91,3817.7,13786.8,290.3,79.15,99,44,87,20219.9,4.4,282.2,79.15,99,43,90,2.4,4.5,272.4,79.14,99,44,87,1170.0,13003.5,91.0,56,0
1782942661.016,333.360,286.6,79.14,100,14,91,20130.7,474.7,278.5,79.15,100,42,87,1.8,4.2,267.0,79.15,100,32,91,3.3,17305.6,261.0,79.14,100,35,86,20644.9,12.3,91.0,56,0
1782942661.458,333.802,272.9,79.14,100,73,91,1.8,17118.3,281.2,79.15,100,48,86,20706.4,4.2,271.6,79.15,100,47,90,2.7,4.3,264.1,79.14,100,47,87,3217.9,14852.1,91.0,56,0
1782942661.904,334.248,276.4,79.14,100,62,91,2.4,8681.6,298.9,79.15,100,48,87,22039.4,6619.7,286.8,79.15,100,47,89,6.8,4.7,277.0,79.14,100,44,87,9978.1,14878.0,91.0,56,0
1782942662.352,334.697,294.8,79.14,100,46,90,18650.3,4214.9,295.6,79.15,100,45,87,2.1,1735.3,287.6,79.15,100,47,89,19266.2,15650.5,278.1,79.14,100,46,87,2.2,6.8,91.0,56,0
1782942662.793,335.138,298.8,79.14,100,43,90,11039.4,15334.5,288.3,79.15,100,37,87,10723.1,7.0,280.6,79.15,100,44,89,2.2,17218.8,270.0,79.14,100,42,88,20746.5,5.5,91.0,56,0
1782942663.237,335.581,299.7,79.14,100,46,92,9706.7,4.6,288.3,79.15,100,37,87,2.3,897.7,281.5,79.15,100,48,90,20921.1,13614.0,270.0,79.14,100,42,88,1.9,4.8,91.0,56,0
1782942663.681,336.026,300.7,79.14,100,46,92,205.0,9.3,290.7,79.15,100,55,87,6.8,11168.8,281.5,79.15,100,48,90,18298.1,5967.9,271.7,79.14,100,49,88,2.0,4.8,91.0,56,0
1782942664.128,336.472,294.6,79.14,100,59,90,16796.7,14048.4,290.5,79.15,100,47,87,1.9,4.7,284.6,79.15,100,55,91,2.3,11891.8,271.9,79.14,100,48,88,17413.4,6926.5,91.0,56,0
1782942664.570,336.915,294.6,79.14,100,59,90,2358.3,15141.2,288.9,79.15,100,43,86,19674.6,4.7,279.7,79.15,100,44,89,2.3,4.5,270.1,79.14,100,43,87,20784.9,16053.4,91.0,56,0
1782942665.012,337.356,284.0,79.14,100,55,91,2.0,12289.6,293.6,79.15,100,58,87,17890.7,6389.8,285.2,79.15,100,49,90,4.1,4.8,275.9,79.14,100,54,88,1128.1,16262.1,91.0,56,0
1782942665.454,337.799,286.9,79.14,100,47,91,1.9,748.0,293.4,79.15,100,49,86,19019.0,17080.5,289.5,79.15,100,56,91,2.5,4.8,277.9,79.14,100,48,88,1.9,17274.1,91.0,56,0
1782942665.896,338.241,300.9,79.14,100,53,91,4.5,5680.6,295.0,79.15,100,45,87,18854.9,12051.2,287.0,79.15,100,46,89,4.7,5.1,277.1,79.14,100,45,87,7516.7,16623.6,91.0,56,0
1782942666.341,338.685,299.2,79.14,100,46,92,18245.7,2857.1,295.1,79.15,100,46,87,3.1,1410.9,284.3,79.15,100,47,91,20339.4,14328.6,276.4,79.14,100,47,87,2.2,5.5,91.0,56,0
1782942666.784,339.128,297.1,79.14,100,44,91,20204.1,16994.3,295.1,79.15,100,46,87,20781.8,16396.4,276.4,79.15,98,25,89,19395.2,17201.8,264.0,79.14,98,13,88,3.9,4.4,4.0,0,53
1782942667.226,339.571,284.0,79.14,100,63,91,20707.9,17110.2,281.2,79.15,98,8,87,1.9,4.2,276.4,79.15,98,25,89,2.8,4.8,264.0,79.14,98,13,88,19734.9,17218.2,4.0,0,53
1782942667.671,340.016,282.6,79.14,100,61,91,2.0,4.3,281.8,79.15,100,50,87,20739.0,17112.4,273.4,79.15,100,48,90,8.3,7.4,265.0,79.14,100,48,87,6.6,8694.0,4.0,0,53
1782942668.119,340.464,297.5,79.14,100,50,91,1.8,4.4,297.0,79.15,100,52,87,512.2,17110.3,285.8,79.15,100,49,89,20754.8,4.8,271.6,79.14,100,49,87,2.6,4.2,4.0,0,53
1782942668.561,340.906,297.5,79.14,100,50,91,2.1,7098.7,298.9,79.15,100,51,87,18477.8,10981.4,293.9,79.15,100,53,91,3.9,5.5,281.8,79.14,100,52,88,20773.6,17193.9,4.0,0,53
1782942669.008,341.353,300.9,79.14,100,45,91,7596.6,5.1,292.4,79.15,100,41,87,2.0,14562.9,287.1,79.15,100,44,90,16374.2,4817.2,274.7,79.14,99,42,88,2.4,517.3,4.0,0,53
1782942669.451,341.795,298.0,79.14,100,43,91,2.4,4.9,285.0,79.15,100,42,86,20723.2,17108.9,275.8,79.15,100,43,90,2.5,6.0,264.1,79.14,100,43,88,509.8,16778.8,4.0,0,53
1782942669.893,342.238,281.3,79.14,100,48,91,3.6,3038.3,285.5,79.15,100,51,87,18678.7,13478.5,273.7,79.15,100,47,90,8.5,5.0,266.6,79.14,100,46,87,6632.6,15325.3,4.0,0,53
1782942670.338,342.682,282.8,79.14,100,45,91,1.9,8611.8,290.1,79.15,100,46,87,18335.1,9692.9,280.5,79.15,100,50,91,1.9,4.5,272.6,79.14,100,45,88,1074.0,16773.3,4.0,0,53
1782942670.779,343.124,298.1,79.14,100,57,91,3.1,7.1,290.1,79.15,100,46,87,19632.6,14562.6,286.7,79.15,100,48,89,2542.5,4.7,277.8,79.14,100,48,86,4.1,7056.0,4.0,0,53
1782942671.224,343.568,300.2,79.14,100,48,91,2.3,4.5,295.6,79.15,100,51,87,516.3,17109.9,286.7,79.15,100,48,89,20753.8,4.9,277.8,79.14,100,48,86,1.9,4.3,4.0,0,53
1782942671.665,344.009,300.3,79.14,100,51,91,2.7,4.4,299.1,79.15,100,50,87,490.0,17159.2,291.0,79.15,100,58,91,20754.1,10.2,280.3,79.14,100,58,88,6.7,4.0,4.0,0,53
1782942672.117,344.462,299.4,79.14,100,48,92,1.9,4.7,296.0,79.15,100,46,87,1.7,17151.0,287.3,79.15,100,48,90,20756.8,5.0,277.8,79.14,100,46,88,2.9,4.4,4.0,0,53
1782942672.559,344.903,299.4,79.14,100,48,92,3.9,17109.8,296.8,79.15,100,47,87,20589.1,6.0,285.7,79.15,100,49,91,3.0,506.7,278.1,79.14,100,48,88,19380.2,17191.4,4.0,0,53
1782942673.000,345.345,298.5,79.14,100,42,92,13498.7,5.9,290.3,79.15,100,42,86,2.1,17193.2,285.0,79.15,100,41,90,22395.0,17169.3,273.3,79.14,100,40,88,20795.5,17192.8,7.0,1,51
1782942673.445,345.790,300.0,79.14,100,46,92,18101.3,11486.0,283.9,79.15,100,61,87,1.9,4.1,271.2,79.15,100,43,90,1.9,6877.9,263.7,79.14,100,54,87,16599.2,12610.0,7.0,1,51
1782942673.889,346.234,291.2,79.14,100,50,91,3.5,4.2,288.2,79.15,100,59,87,499.9,17177.5,276.9,79.15,100,39,90,20752.0,6.8,270.6,79.14,100,54,86,4.3,4.6,7.0,1,51
1782942674.332,346.677,284.1,79.14,100,49,91,20706.0,5.1,299.7,79.15,100,62,87,1.9,4.9,292.1,79.15,100,47,90,13971.6,15112.6,283.6,79.14,100,60,88,7736.4,4.5,7.0,1,51
1782942674.774,347.118,290.6,79.14,100,48,92,20707.2,7.9,299.7,79.15,100,62,87,4.7,1054.5,288.2,79.15,99,55,91,18987.6,16481.5,277.5,79.14,99,46,87,5.4,5.8,7.0,1,51
1782942675.221,347.566,297.9,79.14,100,46,91,1520.7,15801.2,294.8,79.15,99,45,86,19808.4,5.4,288.2,79.15,99,55,91,5.4,14524.5,277.5,79.14,99,46,87,18768.8,2994.7,7.0,1,51
1782942675.663,348.008,297.9,79.14,100,43,91,2.0,5.4,289.0,79.15,100,45,86,11115.3,20307.9,280.5,79.15,100,45,89,4052.6,8.8,270.9,79.14,100,45,87,5.2,17247.0,7.0,1,51
1782942676.113,348.458,300.6,79.14,100,47,91,1.9,11871.9,290.0,79.15,100,45,87,18386.6,6447.8,280.0,79.15,100,46,89,3.6,5.1,271.5,79.14,100,45,87,6864.0,15082.6,7.0,1,51
1782942676.556,348.900,300.6,79.14,100,47,91,1.9,16372.0,289.9,79.15,100,44,86,17598.2,2449.9,282.3,79.15,100,47,91,2.8,4.7,271.3,79.14,100,44,87,9871.6,16570.1,7.0,1,51
1782942677.000,349.344,301.6,79.14,100,55,92,3.4,1661.2,295.7,79.15,100,56,87,18416.3,16383.3,286.5,79.15,100,49,90,1.9,4.8,277.3,79.14,100,57,88,2.6,17287.4,7.0,1,51
1782942677.441,349.786,301.1,79.14,100,49,92,2.7,4.3,296.6,79.15,100,48,86,14111.1,14966.2,288.0,79.15,100,57,91,7503.5,4.8,281.2,79.14,100,47,88,2.2,3040.9,7.0,1,51
1782942677.889,350.234,302.0,79.14,100,59,91,3.6,4.5,298.6,79.15,100,46,87,12090.6,14745.6,287.5,79.15,100,47,89,10066.3,4.4,278.1,79.14,100,47,86,3.6,499.0,7.0,1,51
1782942678.332,350.676,298.7,79.14,100,49,91,1.8,4.5,297.2,79.15,100,48,87,489.9,17153.5,290.3,79.15,100,55,91,20748.9,4.9,281.3,79.14,100,55,88,2.0,4.8,7.0,1,51
1782942678.773,351.118,300.6,79.14,100,49,91,4.2,11532.4,297.2,79.15,100,48,87,18514.3,6677.5,285.4,79.15,100,46,89,2.2,5.2,276.0,79.14,100,45,87,20776.1,17219.4,7.0,1,51
1782942679.222,351.567,300.7,79.14,100,46,91,17212.1,5.4,294.6,79.15,100,42,87,2.1,12529.0,285.4,79.15,100,46,89,18298.2,5020.9,276.0,79.14,100,45,87,2.7,5.8,10.0,3,49
1782942679.665,352.010,291.5,79.14,98,12,90,20704.8,4.3,292.1,79.15,100,45,87,2.8,9.6,282.6,79.15,100,48,90,20788.7,17198.0,270.5,79.14,100,46,88,5.4,4.2,10.0,3,49
1782942680.116,352.460,293.7,79.14,100,64,91,1.8,17114.2,282.1,79.15,100,48,87,20704.5,4.5,275.2,79.15,100,56,91,4.3,4.6,266.5,79.14,100,49,88,8130.9,15144.2,10.0,3,49
1782942680.559,352.904,293.7,79.14,100,64,91,1.8,4.3,289.6,79.15,100,48,87,10404.2,14892.5,282.1,79.15,100,52,91,11425.0,4.9,274.2,79.14,100,48,88,2.5,568.6,10.0,3,49
1782942681.002,353.347,301.7,79.14,100,63,91,4.0,4.5,302.1,79.15,100,45,87,4486.2,15311.8,293.1,79.15,100,49,90,15360.2,5.7,285.1,79.14,100,46,87,2.6,14270.7,10.0,3,49
1782942681.445,353.789,297.6,79.14,100,46,92,1.9,17117.9,294.1,79.15,100,44,86,20711.2,6.0,288.8,79.15,100,44,91,2.7,7324.0,275.5,79.14,100,45,86,20579.1,5972.3,10.0,3,49
1782942681.894,354.238,288.0,79.14,100,40,91,3.8,5.4,281.8,79.15,100,42,87,9883.4,15385.3,275.4,79.15,100,43,90,11332.4,5.4,263.7,79.14,100,44,86,4.5,12898.8,10.0,3,49
1782942682.337,354.681,280.9,79.14,100,45,91,1.9,12629.7,282.7,79.15,100,46,87,18148.8,5700.4,273.8,79.15,100,45,90,2.7,4.6,266.0,79.14,100,46,88,6280.5,15105.0,10.0,3,49
1782942682.779,355.124,293.5,79.14,100,53,92,1.8,17114.8,282.7,79.15,100,46,87,20501.1,241.4,283.1,79.15,100,50,90,1.9,4.8,275.9,79.14,100,59,87,17148.0,14881.1,10.0,3,49
1782942683.222,355.567,302.0,79.14,100,48,90,1.8,13731.3,293.4,79.15,100,58,87,18071.7,4793.7,283.1,79.15,100,50,90,4.5,4.6,275.9,79.14,100,59,87,1390.1,16022.3,10.0,3,49
1782942683.664,356.009,300.8,79.14,100,57,92,2.3,3.7,294.9,79.15,100,48,86,20217.7,17113.7,285.7,79.15,100,49,90,8.7,7.4,276.7,79.14,100,47,87,493.2,16792.9,10.0,3,49
1782942684.113,356.458,299.4,79.14,100,47,91,1.9,3.7,298.2,79.15,100,58,87,20222.1,17107.9,286.6,79.15,100,49,90,2.6,4.8,277.7,79.14,100,52,87,1.7,17262.1,10.0,3,49
1782942684.557,356.901,299.4,79.14,100,47,91,1.9,4.0,294.6,79.15,100,48,86,20224.8,17108.5,287.3,79.15,100,55,90,2.0,6.5,279.1,79.14,100,48,88,1.9,14980.9,10.0,3,49
1782942684.999,357.343,300.8,79.14,100,52,91,3.5,4.6,294.4,79.15,100,49,87,20223.8,17111.4,285.4,79.15,100,44,90,4.7,6.1,274.3,79.14,100,43,87,14354.2,15085.2,10.0,3,49
1782942685.444,357.789,292.2,79.14,100,44,91,20706.1,5.6,290.5,79.15,100,45,86,2.9,5887.1,279.8,79.15,100,46,90,18764.6,11704.7,269.6,79.14,100,46,86,2.7,5.5,10.0,3,49
1782942685.886,358.230,288.4,79.14,100,44,91,10417.3,4.5,277.6,79.15,98,11,86,3.6,5.6,273.3,79.15,98,25,90,20809.4,16279.7,256.5,79.14,98,13,86,22.5,4.5,13.0,5,47
1782942686.331,358.675,285.4,79.14,100,60,91,1.8,6024.3,280.9,79.15,100,46,86,17740.4,12756.2,273.0,79.15,100,44,89,3.8,4.3,264.8,79.14,100,44,87,1.9,5648.1,13.0,5,47
1782942686.774,359.118,283.3,79.14,100,68,91,5.3,5.7,280.9,79.15,100,46,86,4.4,16059.2,283.3,79.15,100,48,91,17256.9,2868.1,283.0,79.14,100,48,87,4.9,4.4,13.0,5,47
1782942687.221,359.566,293.8,79.14,100,53,91,16755.4,4.6,295.2,79.15,100,48,87,1.9,7.7,283.3,79.15,100,48,91,19714.2,17200.2,283.0,79.14,100,48,87,2.0,4.7,13.0,5,47
1782942687.663,360.008,297.0,79.14,100,46,91,4.0,11.7,300.0,79.15,100,50,87,20716.2,17110.2,293.8,79.15,100,45,90,8.6,10.6,283.5,79.14,100,52,87,20775.7,17206.3,13.0,5,47
1782942688.117,360.462,298.4,79.14,100,43,92,5787.8,5.8,292.9,79.15,100,40,87,2294.5,15687.3,286.0,79.15,100,45,90,18780.5,5.7,275.2,79.14,100,42,87,2.1,12304.5,13.0,5,47
1782942688.560,360.905,298.4,79.14,100,43,92,4.5,16773.9,286.2,79.15,100,45,86,20703.3,4.5,278.5,79.15,100,44,90,2.8,4.6,267.1,79.14,100,43,87,20800.2,17199.8,13.0,5,47
1782942689.006,361.351,298.2,79.14,100,48,92,15618.5,15533.4,288.1,79.15,100,52,87,6607.5,4.5,280.6,79.15,100,45,90,2.3,777.7,271.8,79.14,100,51,87,19039.1,16773.5,13.0,5,47
1782942689.448,361.792,300.1,79.14,100,45,91,10619.5,14837.5,294.9,79.15,100,48,86,11634.5,4.6,281.5,79.15,100,46,89,2.3,119.4,274.6,79.14,100,47,87,19722.1,17193.1,13.0,5,47
1782942689.889,362.234,300.2,79.14,100,48,92,1.8,17110.9,296.0,79.15,100,56,87,20707.5,7.5,286.3,79.15,100,49,90,8.0,4.7,276.7,79.14,100,56,87,13273.7,14918.0,13.0,5,47
1782942690.332,362.676,300.4,79.14,100,47,90,1.9,10988.0,295.6,79.15,100,46,86,18401.5,7287.2,289.9,79.15,100,51,91,4.0,4.7,276.8,79.14,100,47,87,3969.0,15451.0,13.0,5,47
1782942690.775,363.119,300.8,79.14,100,51,92,5.1,10489.0,295.6,79.15,100,46,86,17986.2,7663.8,286.4,79.15,100,46,90,2.7,4.7,276.4,79.14,100,54,87,4999.7,15065.5,13.0,5,47
1782942691.219,363.564,299.2,79.14,100,48,91,1.9,17119.2,295.8,79.15,100,52,87,20704.5,5.3,286.4,79.15,100,46,90,3.8,521.2,276.4,79.14,100,54,87,19362.5,16978.5,13.0,5,47
1782942691.661,364.006,299.3,79.14,100,45,91,8466.3,5.9,293.9,79.15,100,45,86,3.2,17119.2,285.5,79.15,100,46,89,16846.4,16.2,275.2,79.14,100,45,88,8.5,17242.9,13.0,5,47
1782942692.110,364.455,296.0,79.14,100,43,90,20706.6,17107.1,290.6,79.15,100,43,86,20702.8,17104.5,280.4,79.15,99,44,90,2.4,4.6,270.2,79.14,99,44,87,1.9,8668.8,16.0,7,45
1782942692.554,364.899,296.0,79.14,100,43,90,1.7,4.2,278.1,79.15,100,51,86,2.9,23.9,272.3,79.15,100,63,90,19725.9,17195.4,262.6,79.14,100,52,88,1.9,5.1,16.0,7,45
1782942692.996,365.341,288.2,79.14,100,59,91,20708.2,15986.3,283.6,79.15,100,47,85,473.6,4.4,278.6,79.15,100,59,91,1.9,536.8,269.5,79.14,100,47,88,19706.2,17210.8,16.0,7,45
1782942693.438,365.782,289.4,79.14,100,59,91,1.8,13160.0,302.1,79.15,100,49,85,17658.9,5453.9,292.5,79.15,100,48,89,4.5,4.7,283.0,79.14,100,48,86,7044.5,15946.7,16.0,7,45
1782942693.881,366.226,298.0,79.14,100,47,91,20709.6,17112.1,297.7,79.15,100,44,87,2.9,6.1,292.0,79.15,100,45,90,9514.6,15327.9,278.6,79.14,99,44,87,10799.3,6.8,16.0,7,45
1782942694.328,366.673,297.0,79.14,100,45,92,2.2,15686.4,288.7,79.15,100,46,86,18526.9,2381.6,283.3,79.15,100,44,90,4.4,4858.0,270.1,79.14,100,46,86,18611.4,12906.0,16.0,7,45
1782942694.769,367.114,297.9,79.14,100,43,91,20708.7,7.9,288.7,79.15,100,46,86,3.0,4211.4,276.8,79.15,100,45,90,18814.9,13217.4,270.1,79.14,100,46,86,3.6,4.6,16.0,7,45
1782942695.212,367.557,298.8,79.14,100,48,92,7864.9,5.0,287.3,79.15,100,44,86,1.9,9525.3,276.8,79.15,100,45,90,18012.9,8472.8,268.7,79.14,100,45,87,2.8,4.5,16.0,7,45
1782942695.653,367.998,303.3,79.14,100,45,91,7277.6,4.5,291.8,79.15,100,47,87,1.9,58.1,283.5,79.15,100,48,90,19808.9,16072.7,276.3,79.14,100,47,87,8.2,7.4,16.0,7,45
1782942696.099,368.444,301.7,79.14,100,49,92,20706.0,4.4,295.2,79.15,100,47,86,3.6,4.5,285.7,79.15,100,49,89,15149.1,15217.4,276.6,79.14,100,48,86,6832.6,4.7,16.0,7,45
1782942696.541,368.886,301.7,79.14,100,49,92,18080.1,16723.2,298.0,79.15,100,56,87,2.7,4.6,286.8,79.15,100,49,90,3.4,17257.9,280.3,79.14,100,58,87,20749.1,4.8,16.0,7,45
1782942696.982,369.327,300.0,79.14,100,49,92,20709.7,17114.7,294.6,79.15,100,46,86,2.0,4.7,289.4,79.15,100,55,90,2.5,9983.0,279.5,79.14,100,46,88,17848.9,8476.7,16.0,7,45
1782942697.425,369.769,302.3,79.14,100,60,91,12169.5,15222.0,296.1,79.15,100,52,87,10012.2,5.3,286.8,79.15,100,49,89,2.5,9173.6,276.5,79.14,100,48,87,18229.9,8965.3,16.0,7,45
1782942697.866,370.211,299.1,79.14,100,46,91,15826.7,5.5,294.8,79.15,100,44,85,2.0,13759.2,285.0,79.15,100,46,89,18369.6,4177.1,276.0,79.14,100,45,87,5.4,2533.5,16.0,7,45
1782942698.312,370.657,296.9,79.14,100,45,91,12738.6,23108.2,289.3,79.15,100,46,86,20944.4,17102.6,280.8,79.15,100,47,91,20749.7,17192.6,265.5,79.14,100,47,86,20746.4,17185.8,19.0,9,43
1782942698.756,371.101,289.7,79.14,100,15,91,18444.6,6.3,289.3,79.15,100,46,86,4.7,4.2,269.5,79.15,100,30,89,1135.3,11685.3,265.5,79.14,100,47,86,16728.7,7365.0,19.0,9,43
1782942699.201,371.546,268.9,79.14,100,69,91,1.8,4.2,279.0,79.15,100,38,86,10195.1,14702.9,269.5,79.15,100,30,89,10421.7,4.6,260.2,79.14,100,31,86,4.2,387.3,19.0,9,43
1782942699.643,371.988,279.0,79.14,100,64,91,12829.9,4.6,279.2,79.15,100,47,86,2.0,63.2,273.0,79.15,100,51,90,19703.6,17200.5,268.2,79.14,100,47,87,5.1,8.0,19.0,9,43
1782942700.087,372.431,279.0,79.14,100,64,91,20066.7,5.5,291.5,79.15,100,45,86,2.9,10269.8,289.4,79.15,100,48,90,18695.4,7425.1,280.0,79.14,100,45,87,3.3,5.2,19.0,9,43
1782942700.529,372.874,294.7,79.14,100,46,91,14840.2,15185.2,294.5,79.15,100,46,86,7260.4,5.6,288.5,79.15,100,44,90,4.1,17221.6,276.5,79.14,100,46,86,20744.3,5.8,19.0,9,43
1782942700.970,373.315,295.8,79.14,100,44,92,5.1,5.4,287.2,79.15,100,42,86,20704.6,17107.7,279.8,79.15,100,45,90,2.5,5.6,269.1,79.14,100,43,87,1.9,17245.6,19.0,9,43
1782942701.415,373.759,299.8,79.14,100,46,91,3.5,11520.8,289.1,79.15,100,48,86,18654.8,6435.8,278.6,79.15,100,47,89,1.9,4.7,270.4,79.14,100,48,86,7639.5,15259.0,19.0,9,43
1782942701.858,374.202,300.1,79.14,100,46,91,1.9,17116.1,289.1,79.15,100,48,86,20709.1,4.8,284.5,79.15,100,59,90,2.7,7.0,273.0,79.14,100,51,87,20792.5,17196.0,19.0,9,43
1782942702.304,374.649,302.4,79.14,100,55,91,1.8,13405.2,294.2,79.15,100,47,87,18030.2,5053.2,286.9,79.15,100,48,89,2.9,4.7,276.0,79.14,100,47,86,2546.2,15698.8,19.0,9,43
1782942702.747,375.092,300.7,79.14,100,48,91,8.4,1156.5,294.2,79.15,100,47,87,18733.3,16991.4,288.8,79.15,100,59,90,3.8,4.6,276.0,79.14,100,47,86,1.9,16547.1,19.0,9,43
1782942703.189,375.534,298.8,79.14,100,45,91,2.0,4.2,297.0,79.15,100,53,87,20220.7,17107.9,288.8,79.15,100,59,90,1.8,4.5,279.8,79.14,100,59,87,2.2,13963.4,19.0,9,43
1782942703.632,375.977,301.0,79.14,100,46,92,2.7,4.7,293.9,79.15,100,49,86,20725.0,16997.7,286.1,79.15,100,49,90,4.0,7.7,276.1,79.14,100,48,87,8.2,17273.9,19.0,9,43
1782942704.081,376.426,301.0,79.14,100,46,92,17149.2,15023.0,293.3,79.15,100,50,87,4986.3,5.7,287.1,79.15,100,52,90,490.1,16749.1,275.6,79.14,100,51,87,20749.7,5.7,19.0,9,43
1782942704.523,376.868,299.8,79.14,100,48,92,3.7,5.5,290.5,79.15,100,44,87,20709.5,16805.0,285.4,79.15,100,45,90,2.2,5.8,272.2,79.14,100,45,87,6152.9,23482.4,22.0,11,41
1782942704.966,377.310,300.3,79.14,100,42,92,2.2,6.7,280.5,79.15,100,12,86,1.8,128.9,270.6,79.15,100,11,89,14804.6,13420.1,263.2,79.14,100,13,87,8159.4,4.3,22.0,11,41
1782942705.410,377.755,279.6,79.14,100,46,90,4.3,3.9,281.9,79.15,100,67,87,20251.3,17113.5,271.7,79.15,100,46,90,2.4,4.9,263.2,79.14,100,61,86,3.5,2272.3,22.0,11,41
1782942705.854,378.199,273.8,79.14,100,50,91,1.7,4.1,290.0,79.15,100,63,87,1.9,3516.2,279.3,79.15,100,49,90,19234.6,12182.0,277.4,79.14,100,62,87,5.8,7.0,22.0,11,41
1782942706.304,378.648,292.8,79.14,100,51,91,2.5,4.5,296.4,79.15,100,45,85,3.5,9392.2,289.7,79.15,100,52,90,18092.5,8601.1,278.3,79.14,100,45,87,3.8,5.5,22.0,11,41
1782942706.746,379.090,299.5,79.14,100,44,92,7682.1,15297.5,296.4,79.15,100,45,85,14214.3,6.0,283.3,79.15,99,41,90,5.1,17219.1,278.3,79.14,100,45,87,20744.6,5.8,22.0,11,41
1782942707.190,379.534,297.3,79.14,100,46,91,2.1,5.0,288.5,79.15,100,43,86,20709.2,17104.9,283.3,79.15,99,41,90,2.1,5.4,270.2,79.14,99,44,86,6266.6,15623.8,22.0,11,41
1782942707.633,379.977,298.5,79.14,100,45,91,6174.6,15135.0,288.8,79.15,100,46,86,15856.6,4.6,277.4,79.15,100,46,90,3.6,513.9,268.0,79.14,100,46,86,19705.8,17197.7,22.0,11,41
1782942708.077,380.421,298.5,79.14,100,45,91,14949.8,14585.8,288.9,79.15,100,44,87,7959.3,5.6,279.5,79.15,100,51,90,1.9,7491.4,271.6,79.14,100,45,87,20352.7,9297.6,22.0,11,41
1782942708.520,380.864,303.2,79.14,100,47,92,8268.9,14954.3,293.7,79.15,100,54,87,14107.8,4.6,286.5,79.15,100,51,90,2.6,4.1,276.4,79.14,100,57,87,20474.3,17199.1,22.0,11,41
1782942708.961,381.306,301.3,79.14,100,49,91,1.9,17111.6,294.5,79.15,100,46,86,20707.4,5.2,286.6,79.15,100,56,90,1.9,4.6,277.8,79.14,100,47,87,9428.8,15230.6,22.0,11,41
1782942709.405,381.750,302.2,79.14,100,56,91,2.3,10653.9,296.8,79.15,100,46,86,18439.8,7606.6,286.4,79.15,100,46,89,2.4,4.9,276.3,79.14,100,44,87,4557.5,15018.6,22.0,11,41
1782942709.848,382.193,299.0,79.14,100,47,90,2.8,4027.9,293.6,79.15,100,45,86,18278.3,14254.0,288.4,79.15,100,53,90,4.5,5.0,278.3,79.14,99,48,87,499.1,16812.7,22.0,11,41
1782942710.291,382.635,300.0,79.14,100,55,91,2.4,17114.7,293.6,79.15,100,45,86,20706.4,6.1,284.7,79.15,100,46,90,2.6,3952.6,275.5,79.14,100,45,87,18552.4,13668.2,22.0,11,41
1782942710.733,383.077,301.1,79.14,100,45,91,907.6,10.5,292.6,79.15,100,49,87,501.8,17129.2,284.7,79.15,100,46,90,20756.5,5.5,275.5,79.14,100,45,87,3.0,591.8,22.0,11,41
1782942711.177,383.522,282.0,79.14,100,41,90,17614.4,4.4,290.6,79.15,100,42,87,2.7,4.4,282.3,79.15,100,45,90,20768.2,16304.2,272.2,79.14,100,42,87,2.1,4.6,25.0,13,39
1782942711.619,383.964,281.9,79.14,100,62,91,5402.3,14823.1,273.3,79.15,100,51,85,17274.2,4.2,268.0,79.15,100,63,90,2.6,7.4,259.4,79.14,100,51,87,10972.9,14663.1,25.0,13,39
1782942712.065,384.410,281.9,79.14,100,62,91,1.8,4.4,282.4,79.15,100,46,86,20513.7,14688.4,275.3,79.15,100,54,90,1422.9,4.3,266.8,79.14,100,47,87,2.2,20.2,25.0,13,39
1782942712.508,384.853,298.6,79.14,100,59,91,1.8,4.6,301.8,79.15,100,48,86,497.3,17134.2,293.0,79.15,100,48,89,20752.2,4.7,283.0,79.14,100,48,87,4.1,4.7,25.0,13,39
1782942712.950,385.294,298.4,79.14,100,46,91,5.2,17112.0,296.2,79.15,100,44,87,20703.3,6.1,291.5,79.15,100,45,90,4.3,9633.1,279.4,79.14,100,44,87,18221.2,8592.1,25.0,13,39
1782942713.393,385.737,296.9,79.14,100,45,92,2.3,5.6,288.0,79.15,100,46,87,17167.4,15417.4,283.1,79.15,100,44,90,3837.9,5.7,270.0,79.14,100,46,86,57.0,17249.8,25.0,13,39
1782942713.835,386.180,297.7,79.14,100,43,92,16841.1,15025.5,287.0,79.15,100,44,85,5270.0,4.8,275.2,79.15,100,45,89,2.2,4470.3,268.0,79.14,100,44,87,18402.7,13490.8,25.0,13,39
1782942714.277,386.621,300.4,79.14,100,48,92,20705.6,17110.1,287.0,79.15,100,44,85,3.0,4.5,282.9,79.15,100,48,90,1.8,7411.3,275.6,79.14,100,47,87,19569.8,10022.6,25.0,13,39
1782942714.719,387.064,302.9,79.14,100,49,91,16337.8,15144.5,290.0,79.15,100,45,86,4561.6,7.2,282.9,79.15,100,48,90,5.5,4359.4,275.6,79.14,100,47,87,17857.8,14316.3,25.0,13,39
1782942715.164,387.509,302.3,79.14,99,48,92,1.8,17116.6,294.4,79.15,100,47,86,20707.5,4.7,285.9,79.15,100,49,91,2.3,4.6,277.3,79.14,100,47,88,15083.0,14936.7,25.0,13,39
1782942715.607,387.951,299.3,79.14,100,49,91,2.3,9089.3,297.2,79.15,100,57,87,18037.9,9693.3,288.2,79.15,100,52,90,2.4,5.1,280.8,79.14,100,56,87,1099.1,16827.6,25.0,13,39
1782942716.052,388.396,299.3,79.14,100,49,91,1.8,3.8,294.3,79.15,100,47,86,20218.5,15963.5,289.0,79.15,100,50,90,3.6,4.5,276.8,79.14,100,47,86,1.8,17278.7,25.0,13,39
1782942716.496,388.841,301.2,79.14,100,60,91,2.7,3782.2,296.4,79.15,100,56,87,18464.4,13872.9,286.8,79.15,100,48,90,2.8,5.0,275.9,79.14,100,51,87,1779.7,15839.8,25.0,13,39
1782942716.939,389.283,298.5,79.14,100,45,91,19312.9,6641.8,292.8,79.15,100,45,86,5.4,5.9,285.6,79.15,100,46,88,19698.4,17190.4,275.4,79.14,100,45,86,2.9,5.4,25.0,13,39
1782942717.381,389.726,298.5,79.14,100,45,91,21280.0,16666.0,288.3,79.15,100,45,86,20760.2,16811.8,280.6,79.15,100,47,89,18441.3,6785.4,264.7,79.14,100,46,85,2.4,4.6,28.0,15,37
1782942717.824,390.169,292.1,79.14,100,21,92,17562.3,6529.6,286.3,79.15,100,67,87,4.3,4.8,278.1,79.15,100,53,90,2.2,11895.4,269.4,79.14,100,65,87,18001.3,6359.1,28.0,15,37
1782942718.266,390.610,293.3,79.14,100,52,91,2.6,6371.9,286.3,79.15,100,67,87,18083.1,12161.4,285.0,79.15,100,53,90,2.4,4.5,269.4,79.14,100,65,87,3.1,15370.3,28.0,15,37
1782942718.709,391.053,302.7,79.14,100,50,91,5.0,7.3,289.6,79.15,100,59,87,12556.1,14465.8,285.0,79.15,100,53,90,10021.8,4.9,275.6,79.14,100,58,87,4.5,1522.8,28.0,15,37
1782942719.160,391.505,300.4,79.14,100,53,92,2.1,17111.3,295.1,79.15,100,45,85,20705.8,5.8,291.5,79.15,100,56,90,6.1,2118.3,280.5,79.14,100,46,87,18739.7,15516.6,28.0,15,37
1782942719.603,391.947,298.0,79.14,100,38,92,2.6,5.8,292.5,79.15,100,44,87,9173.3,15414.4,285.9,79.15,100,45,90,11903.1,7.1,272.7,79.14,100,45,87,3098.1,15338.1,28.0,15,37
1782942720.051,392.395,298.0,79.14,100,38,92,2.0,17113.8,287.4,79.15,100,42,85,19623.2,857.1,277.7,79.15,100,38,90,4.2,490.1,265.2,79.14,100,42,85,19717.0,17209.6,28.0,15,37
1782942720.497,392.841,285.5,79.14,100,42,91,1.8,17116.3,282.8,79.15,100,56,86,20705.6,5.4,274.7,79.15,100,55,90,2.9,552.0,267.1,79.14,100,55,87,19279.3,16804.7,28.0,15,37
1782942720.940,393.284,286.2,79.14,100,46,91,6168.5,14978.2,287.2,79.15,100,45,86,16008.6,4.6,278.3,79.15,100,47,89,2.7,3.9,269.7,79.14,100,46,87,20309.1,17212.2,28.0,15,37
1782942721.381,393.725,297.5,79.14,100,49,92,1.8,7920.1,294.5,79.15,100,55,87,16703.3,11890.3,285.4,79.15,100,53,90,3.6,4.8,276.6,79.14,100,55,87,1101.5,11236.3,28.0,15,37
1782942721.825,394.170,290.4,79.14,100,43,91,3.5,4.3,290.2,79.15,100,47,86,3.5,5241.4,286.3,79.15,100,58,90,18203.2,12902.9,275.3,79.14,100,55,87,4.3,8.6,28.0,15,37
1782942722.267,394.612,285.3,79.14,100,45,91,7971.5,4.2,290.2,79.15,100,47,86,1.8,20.6,278.1,79.15,100,48,88,19701.2,17205.1,275.3,79.14,100,55,87,3.2,4.8,28.0,15,37
1782942722.709,395.054,287.6,79.14,100,47,91,20707.8,7.8,289.6,79.15,100,48,86,8.0,5821.2,278.1,79.15,100,48,88,18483.7,11974.4,268.5,79.14,100,48,86,3.9,5.0,28.0,15,37
1782942723.161,395.505,298.9,79.14,100,47,91,2.1,1063.5,294.3,79.15,100,50,86,18791.6,16649.2,286.3,79.15,100,47,90,5.4,5.7,274.3,79.14,100,49,87,16225.3,15232.4,28.0,15,37
1782942723.604,395.949,298.5,79.14,100,42,92,20705.5,5.6,291.5,79.15,99,43,86,2.9,10408.6,285.5,79.15,100,47,90,27638.8,17193.7,273.3,79.14,100,44,87,20751.4,18325.3,30.0,17,35
1782942724.053,396.398,298.5,79.14,100,42,92,18373.7,15207.4,280.3,79.15,100,14,85,1.8,6.1,272.2,79.15,98,11,89,3.5,5189.9,261.0,79.14,100,12,87,17953.9,13143.7,30.0,17,35
1782942724.497,396.842,290.8,79.14,100,51,90,2.6,4.4,286.1,79.15,100,65,87,20738.0,15776.7,278.4,79.15,100,65,90,91.2,4.6,270.5,79.14,100,68,87,1.8,2020.9,30.0,17,35
1782942724.941,397.286,292.0,79.14,100,50,91,7.7,4.7,299.7,79.15,100,50,86,4.6,8978.5,292.7,79.15,100,62,90,18210.6,8836.3,286.7,79.14,100,57,87,2.4,4.8,30.0,17,35
1782942725.383,397.727,301.3,79.14,100,51,91,11423.6,4.7,299.0,79.15,100,46,86,3.0,4650.0,288.6,79.15,100,46,89,16981.3,14991.9,276.0,79.14,100,45,85,2.5,5.7,30.0,17,35
1782942725.824,398.169,287.8,79.14,100,41,90,3.8,3364.2,284.8,79.15,100,42,85,18690.1,14596.2,276.2,79.15,99,41,90,3.6,6.5,265.9,79.14,100,41,86,18430.9,19169.1,30.0,17,35
1782942726.271,398.616,276.7,79.14,100,45,90,16710.2,7103.2,284.8,79.15,100,42,85,2.1,5.5,270.8,79.15,100,43,90,10376.3,14821.3,265.9,79.14,100,41,86,11906.7,5.0,30.0,17,35
1782942726.713,399.058,274.1,79.14,100,48,91,20708.1,7.5,276.8,79.15,100,38,86,7.4,14.9,270.8,79.15,100,43,90,19716.2,17194.2,258.0,79.14,100,38,86,3.5,4.7,30.0,17,35
1782942727.163,399.508,285.1,79.14,100,45,91,7906.8,4.7,284.1,79.15,100,52,86,2.8,6423.0,274.1,79.15,100,46,90,18210.8,11573.0,267.6,79.14,100,53,87,2.8,4.9,30.0,17,35
1782942727.604,399.949,298.8,79.14,100,48,91,15846.5,4.5,288.2,79.15,100,47,86,1.8,4.2,278.6,79.15,100,46,89,20781.6,17211.2,273.3,79.14,100,46,85,5.0,13.2,30.0,17,35
1782942728.054,400.399,298.8,79.14,100,48,91,20704.8,4.4,294.0,79.15,100,56,86,2.7,4.6,285.6,79.15,100,49,90,18473.8,14691.3,276.2,79.14,100,57,87,3703.5,4.6,30.0,17,35
1782942728.496,400.840,300.0,79.14,100,48,90,19762.0,829.2,294.0,79.15,100,46,86,1.9,4.9,288.3,79.15,100,55,90,12827.8,15139.2,277.9,79.14,100,47,87,9023.6,4.5,30.0,17,35
1782942728.937,401.282,301.0,79.14,100,54,91,18538.1,5707.5,294.0,79.15,100,53,86,6.8,4.7,285.7,79.15,100,47,90,5393.5,16348.6,276.2,79.14,100,48,87,15069.2,5.0,30.0,17,35
1782942729.382,401.726,299.4,79.14,100,48,92,11970.1,5.6,292.4,79.15,100,46,85,2.2,17125.0,285.5,79.15,100,46,90,20750.8,6.2,275.1,79.14,100,45,86,2.1,6307.2,30.0,17,35
1782942729.825,402.169,296.6,79.14,100,44,91,20706.6,17113.0,288.3,79.15,100,44,86,3.8,5.8,279.8,79.15,100,45,89,5138.8,15534.8,270.1,79.14,100,44,86,16228.1,9.0,33.0,19,33
1782942730.266,402.611,294.7,79.14,100,46,91,19783.0,16259.2,288.3,79.15,100,44,86,8.6,4.5,273.4,79.15,100,63,90,3.9,3748.0,270.1,79.14,100,44,86,18157.3,14324.2,33.0,19,33
1782942730.711,403.056,294.1,79.14,100,58,91,5.2,7.1,279.5,79.15,100,52,85,18561.4,16076.6,273.4,79.15,100,63,90,39.2,4.7,265.4,79.14,100,55,87,1.8,804.2,33.0,19,33
1782942731.162,403.506,294.2,79.14,100,59,91,2.3,4.1,285.4,79.15,100,47,85,1.8,4120.7,281.0,79.15,100,58,90,18131.0,13855.2,271.5,79.14,100,47,87,2.8,4.8,33.0,19,33
1782942731.604,403.948,298.4,79.14,100,46,91,10928.2,4.5,301.7,79.15,100,49,86,2.8,39.7,292.9,79.15,100,48,89,19691.0,17197.6,283.1,79.14,100,48,85,5.2,11.6,33.0,19,33
1782942732.053,404.397,298.4,79.14,100,46,91,902.2,16277.0,296.2,79.15,99,45,86,20216.3,6.9,291.6,79.15,100,45,90,3.8,17218.4,276.8,79.14,99,44,87,20757.1,6.1,33.0,19,33
1782942732.496,404.841,297.4,79.14,100,45,92,1.9,4.9,287.3,79.15,100,45,87,541.7,17123.1,282.4,79.15,100,44,90,20757.5,5.2,268.5,79.14,100,46,85,2.8,515.6,33.0,19,33
1782942732.939,405.283,288.9,79.14,100,39,90,7.6,4.7,280.4,79.15,99,42,85,13660.0,15074.0,273.5,79.15,100,47,90,7828.7,4.7,264.1,79.14,99,46,87,4.1,3707.6,33.0,19,33
1782942733.384,405.729,286.6,79.14,100,55,91,1.8,4.5,286.3,79.15,100,46,86,18588.7,14555.2,275.8,79.15,100,44,88,3547.8,4.6,268.8,79.14,100,43,86,2.0,8432.0,33.0,19,33
1782942733.827,406.172,294.1,79.14,100,48,91,2.3,4.4,291.7,79.15,100,47,85,8094.7,15232.6,283.3,79.15,100,58,90,13535.9,4.6,275.6,79.14,100,47,87,3.8,13.4,33.0,19,33
1782942734.271,406.616,300.0,79.14,100,57,91,2.3,4.4,291.7,79.15,100,47,85,1.7,17171.2,286.8,79.15,100,49,89,20756.4,4.7,275.6,79.14,100,47,87,2.9,4.6,33.0,19,33
1782942734.716,407.060,301.8,79.14,100,50,92,27.8,8.4,295.0,79.15,100,48,86,3.4,11414.5,286.8,79.15,100,49,89,18132.4,6920.7,277.1,79.14,100,48,86,2.3,5.0,33.0,19,33
1782942735.161,407.506,299.1,79.14,100,50,91,8294.5,4.5,295.9,79.15,100,54,86,1.9,1684.7,289.2,79.15,100,55,90,19559.3,15639.6,280.2,79.14,100,54,87,2.3,4.6,33.0,19,33
1782942735.604,407.949,300.3,79.14,100,46,91,443.0,4.8,293.6,79.15,100,47,86,2.0,15040.7,286.1,79.15,100,48,89,18113.1,3012.4,276.6,79.14,100,48,85,4.5,1144.5,33.0,19,33
1782942736.048,408.393,300.3,79.14,100,46,91,14941.6,15226.2,291.7,79.15,100,44,85,7042.8,5.7,283.5,79.15,99,44,90,2.5,17235.1,272.5,79.14,100,42,87,20755.4,5.7,33.0,19,33
1782942736.489,408.834,296.7,79.14,100,46,91,20584.1,15111.5,286.9,79.15,100,42,86,7808.9,4.5,281.3,79.15,100,46,90,2.2,5.9,267.4,79.14,100,43,86,19711.5,17195.0,36.0,21,31
1782942736.931,409.276,286.8,79.14,100,13,91,3.8,6.9,282.8,79.15,100,48,86,13090.5,14442.6,271.5,79.15,100,50,89,9437.0,4.2,264.6,79.14,100,49,86,3.4,4.2,36.0,21,31
1782942737.374,409.718,289.4,79.14,100,68,91,12567.4,4.4,288.7,79.15,100,47,86,2.8,4.2,280.5,79.15,100,48,90,18085.9,14643.8,273.9,79.14,100,47,87,4123.3,4.0,36.0,21,31
1782942737.816,410.161,303.3,79.14,100,51,91,18519.5,16888.8,299.9,79.15,100,54,86,2.4,4.7,293.7,79.15,100,46,90,1.9,17253.6,283.5,79.14,100,53,87,20745.5,7.3,36.0,21,31
1782942738.258,410.602,297.3,79.14,100,46,91,10535.3,5.2,299.9,79.15,100,54,86,2.3,17112.9,285.5,79.15,100,46,90,20448.3,440.5,283.5,79.14,100,53,87,2.1,6567.5,36.0,21,31
1782942738.702,411.047,296.7,79.14,100,42,91,19805.8,17109.5,293.4,79.15,100,45,86,8.1,11.3,285.5,79.15,100,46,90,20765.1,17188.7,276.2,79.14,100,46,86,2.4,6.1,36.0,21,31
1782942739.149,411.493,299.8,79.14,100,46,92,3.7,5.1,285.9,79.15,99,38,86,20711.7,17105.3,278.4,79.15,100,43,89,2.6,4.8,266.8,79.14,100,37,87,1.9,12210.0,36.0,21,31
1782942739.591,411.936,299.8,79.14,100,46,92,4.0,1067.0,288.1,79.15,100,55,86,18856.1,16587.6,280.0,79.15,100,50,90,1.9,4.6,270.2,79.14,100,57,87,1.8,17255.3,36.0,21,31
1782942740.035,412.380,300.0,79.14,100,46,90,4.4,3411.5,291.8,79.15,100,46,85,18807.7,14254.0,280.4,79.15,100,49,89,2.8,4.8,272.5,79.14,100,47,85,3.4,17275.5,36.0,21,31
1782942740.478,412.822,300.3,79.14,100,49,92,1.9,4.6,292.9,79.15,100,55,86,20726.4,17112.6,286.0,79.15,100,50,90,3.7,4.8,276.5,79.14,100,54,87,2.0,8681.1,36.0,21,31
1782942740.921,413.266,300.6,79.14,100,47,90,3.0,8.0,294.3,79.15,100,47,85,20700.2,16099.5,287.1,79.15,100,49,89,2.6,5.6,277.3,79.14,100,48,86,2.5,10111.5,36.0,21,31
1782942741.370,413.715,301.3,79.14,100,50,92,2.3,4.6,295.1,79.15,100,57,86,18991.5,14865.4,284.5,79.15,100,50,90,2916.3,4.8,275.3,79.14,100,59,87,2.9,7782.9,36.0,21,31
1782942741.813,414.158,299.3,79.14,100,47,91,2.8,1494.4,292.3,79.15,100,44,85,18689.8,16216.8,285.5,79.15,100,45,89,2.1,5.2,274.5,79.14,100,45,85,7209.4,15116.4,36.0,21,31
1782942742.257,414.601,298.2,79.14,100,46,90,20621.2,6.3,292.3,79.15,100,44,85,2.2,5753.8,279.6,79.15,100,47,89,18825.0,11942.7,274.5,79.14,100,45,85,2.1,5.8,39.0,23,29
1782942743.195,415.540,294.6,79.14,100,62,91,1.7,4.0,276.3,79.15,99,27,87,20745.8,16065.1,270.8,79.15,99,13,88,15.6,4.4,261.8,79.14,99,21,87,1.8,9.3,39.0,23,29
1782942743.638,415.983,295.1,79.14,100,61,91,559.8,4.2,284.8,79.15,100,49,85,3.5,40.3,277.0,79.15,100,50,89,19704.1,17200.2,269.1,79.14,100,49,86,7.3,8.1,39.0,23,29
1782942744.085,416.429,295.1,79.14,100,61,91,20089.8,529.6,297.8,79.15,100,47,86,2.8,4.7,293.4,79.15,100,48,89,13257.2,14930.6,285.4,79.14,100,47,87,8733.4,4.7,39.0,23,29
1782942744.526,416.870,298.6,79.14,100,51,91,2.5,5.4,295.7,79.15,100,52,86,7827.3,15354.8,292.8,79.15,100,54,90,13801.6,6.1,279.2,79.14,100,53,87,2.6,17230.9,39.0,23,29
1782942744.968,417.313,297.6,79.14,99,44,92,18883.4,4784.1,287.8,79.15,100,44,85,3.1,723.8,282.8,79.15,99,42,90,18867.3,16731.0,269.8,79.14,100,41,86,2.8,5.5,39.0,23,29
1782942745.410,417.755,296.8,79.14,100,45,90,5480.1,5.6,282.4,79.15,100,39,85,2.0,16180.0,273.3,79.15,100,46,90,18355.6,1866.4,263.6,79.14,100,45,87,2.8,4.8,39.0,23,29
1782942745.853,418.198,286.0,79.14,100,46,91,3.8,4.8,287.1,79.15,100,51,86,1.9,15936.1,275.2,79.15,100,45,89,18244.0,2096.9,267.7,79.14,100,43,86,9.4,4.7,39.0,23,29
1782942746.296,418.641,286.7,79.14,100,48,92,2.8,4.5,287.1,79.15,100,51,86,2.8,8665.1,281.2,79.15,100,56,90,18152.4,9317.8,274.0,79.14,100,49,87,1.9,4.6,39.0,23,29
1782942746.738,419.082,300.4,79.14,100,58,91,20710.4,10.0,291.4,79.15,100,49,87,10.5,6.9,281.2,79.15,100,56,90,20780.7,17196.3,274.0,79.14,100,49,87,3.7,5.2,39.0,23,29
1782942747.183,419.527,299.5,79.14,100,49,91,18018.3,7702.7,294.8,79.15,100,49,86,2.9,4.7,286.5,79.15,100,48,88,4796.2,15208.3,276.1,79.14,100,47,86,17312.4,4.7,39.0,23,29
1782942747.624,419.968,299.0,79.14,100,51,91,20661.1,17111.9,296.5,79.15,100,47,86,1.9,4.7,290.8,79.15,100,52,90,693.0,16783.1,280.4,79.14,100,54,87,20759.2,7.2,39.0,23,29
1782942748.070,420.415,299.0,79.14,100,51,91,20708.9,17112.1,293.4,79.15,100,47,86,2.2,5.2,285.8,79.15,100,47,89,1075.1,16744.6,275.8,79.14,100,48,86,20748.9,4.9,39.0,23,29
1782942748.512,420.856,300.6,79.14,100,48,92,2.1,5.7,294.3,79.15,100,46,86,4319.4,15854.8,285.9,79.15,100,51,90,16370.9,5.9,273.0,79.14,100,43,87,3.1,17240.0,39.0,23,29
1782942748.956,421.301,298.3,79.14,100,44,92,24123.3,17997.9,288.2,79.15,100,45,86,20624.0,17353.2,281.9,79.15,100,43,90,20466.6,17616.6,269.6,79.14,100,47,86,20401.0,15278.8,42.0,25,27
1782942749.399,421.743,290.5,79.14,98,41,90,2.6,3.9,283.1,79.15,100,55,86,9027.7,14832.7,271.3,79.15,100,52,89,12884.3,4.3,264.6,79.14,100,49,85,2.6,4.2,42.0,25,27
1782942749.841,422.186,293.3,79.14,100,51,91,20683.7,4.8,290.9,79.15,100,58,86,4.3,4.6,281.5,79.15,100,48,89,5608.3,17745.6,274.0,79.14,100,47,86,11494.5,6.5,42.0,25,27
1782942750.289,422.634,300.6,79.14,100,50,91,19089.3,15012.8,290.9,79.15,100,58,86,3321.8,4.7,295.0,79.15,100,56,90,2.4,5966.6,283.8,79.14,100,54,87,18294.9,12193.5,42.0,25,27
1782942750.731,423.075,300.6,79.14,100,46,91,18195.0,14227.5,298.7,79.15,100,57,87,10.6,7.9,295.0,79.15,100,56,90,20770.4,17193.6,283.8,79.14,100,54,87,3.8,5.5,42.0,25,27
1782942751.180,423.525,299.4,79.14,100,44,91,2.6,17114.0,293.8,79.15,100,45,86,20702.9,5.7,286.5,79.15,100,47,91,6.0,12508.2,275.9,79.14,100,46,86,18447.6,5295.0,42.0,25,27
1782942751.624,423.969,298.9,79.14,99,44,92,2.4,5.0,288.8,79.15,99,43,86,1.9,17129.8,279.3,79.15,100,47,89,20746.2,8.2,267.4,79.14,99,39,86,11.2,15233.7,42.0,25,27
1782942752.079,424.424,298.9,79.14,99,44,92,2.3,5.3,285.4,79.15,100,46,86,20722.8,17109.9,280.2,79.15,100,44,90,3.7,6.4,269.7,79.14,99,56,87,490.0,17198.6,42.0,25,27
1782942752.523,424.868,300.5,79.14,100,46,91,2.6,3860.0,290.6,79.15,100,49,86,18373.4,14254.1,280.2,79.15,100,46,90,8.7,4.7,270.1,79.14,100,47,87,711.5,16811.0,42.0,25,27
1782942752.967,425.312,300.4,79.14,100,46,92,1.9,7.1,293.7,79.15,100,53,86,18614.5,14705.1,286.1,79.15,100,59,90,3508.1,4.8,275.9,79.14,100,56,87,3.4,6820.5,42.0,25,27
1782942753.410,425.755,300.2,79.14,100,49,91,1.8,4.3,294.0,79.15,100,47,86,523.1,16719.8,285.8,79.15,100,48,89,20749.8,4.7,276.3,79.14,100,48,85,2.8,4.1,42.0,25,27
1782942753.852,426.197,301.4,79.14,100,53,91,3.5,4.3,296.7,79.15,100,54,86,491.7,17164.0,285.4,79.15,100,48,90,20749.8,7.5,277.7,79.14,100,54,87,10.0,4.7,42.0,25,27
1782942754.294,426.638,299.2,79.14,100,47,90,1.9,4.9,296.7,79.15,100,54,86,3.7,17144.5,287.7,79.15,100,49,89,20752.2,5.0,275.4,79.14,100,45,86,1.9,503.8,42.0,25,27
1782942754.738,427.082,298.4,79.14,100,46,92,1042.6,17454.5,293.6,79.15,100,46,85,16473.4,7.0,287.7,79.15,100,49,89,3.3,17229.2,275.4,79.14,100,45,86,20755.9,6.4,42.0,25,27
1782942755.185,427.530,297.5,79.14,100,43,91,3.0,5.5,289.3,79.15,100,45,86,18574.7,18891.6,282.3,79.15,100,43,90,20750.3,17204.5,270.0,79.14,100,47,85,20760.2,17187.2,45.0,27,25
1782942755.628,427.973,285.6,79.14,100,65,91,17279.0,11830.0,282.9,79.15,98,19,85,1.7,4.1,276.3,79.15,98,36,88,1.8,1948.7,260.7,79.14,100,14,85,19076.9,12861.5,45.0,27,25
1782942756.074,428.419,285.6,79.14,100,65,91,2.6,4.4,280.7,79.15,100,47,85,16352.9,15045.2,272.3,79.15,100,47,89,5529.1,4.7,265.4,79.14,100,57,87,1.9,528.8,45.0,27,25
1782942756.517,428.862,282.8,79.14,100,65,91,7570.2,4.6,292.4,79.15,100,48,86,2.4,2719.6,279.6,79.15,100,48,88,18118.1,15519.3,279.7,79.14,100,48,86,3.6,10.6,45.0,27,25
1782942756.962,429.307,293.5,79.14,100,63,91,8910.9,8.2,298.9,79.15,100,51,86,2.1,17131.5,292.1,79.15,100,46,89,20746.9,5.8,282.0,79.14,100,46,86,3.0,7010.1,45.0,27,25
1782942757.407,429.751,297.1,79.14,100,47,90,20709.6,17108.7,292.9,79.15,100,42,86,2.1,5.8,286.5,79.15,100,45,89,14478.8,15371.1,274.6,79.14,100,42,86,6961.6,6.0,45.0,27,25
1782942757.848,430.193,298.0,79.14,100,45,92,3.4,8632.1,284.0,79.15,100,43,86,18547.1,9444.8,279.3,79.15,100,43,90,2.0,5.4,266.4,79.14,100,45,87,10355.2,15302.6,45.0,27,25
1782942758.291,430.636,299.5,79.14,100,47,92,2330.2,15270.1,284.0,79.15,100,43,86,19295.6,4.7,280.2,79.15,100,47,89,3.9,4.1,269.7,79.14,100,45,86,20554.7,17194.4,45.0,27,25
1782942758.733,431.078,296.0,79.14,100,44,90,6.4,12723.8,288.1,79.15,100,50,86,16590.6,5277.9,280.2,79.15,100,47,89,2.9,4.9,269.7,79.14,100,45,86,1126.7,16761.2,45.0,27,25
1782942759.183,431.527,284.6,79.14,100,55,91,2.3,4.4,285.7,79.15,100,38,85,18971.6,14738.3,278.3,79.15,100,49,90,3381.8,4.8,269.5,79.14,100,55,87,2.3,3428.4,45.0,27,25
1782942759.625,431.970,283.5,79.14,100,47,91,1.9,4.4,285.9,79.15,100,46,86,4684.7,15071.2,277.9,79.15,100,47,89,17297.5,7.5,267.9,79.14,100,46,86,8.5,1888.2,45.0,27,25
1782942760.076,432.421,283.5,79.14,100,47,91,1.9,4.4,295.3,79.15,100,57,86,490.2,10270.9,284.9,79.15,100,54,90,16798.1,9083.0,277.1,79.14,100,49,87,2.0,6.7,45.0,27,25
1782942760.519,432.864,288.7,79.14,100,43,90,20705.9,4.4,286.2,79.15,100,42,85,1.9,4.6,282.8,79.15,100,58,90,20783.4,16939.4,270.4,79.14,100,52,87,2.6,5.1,45.0,27,25
1782942760.962,433.307,282.3,79.14,100,53,91,3.7,8.1,287.3,79.15,100,45,86,12894.4,15249.4,276.3,79.15,100,45,88,8538.2,5.9,266.4,79.14,100,45,86,2.6,17249.9,45.0,27,25
1782942761.407,433.752,290.1,79.14,100,45,91,18493.9,6633.1,289.8,79.15,100,40,86,2.1,5.3,280.7,79.15,100,46,89,20761.5,17194.9,270.6,79.14,100,41,86,2.4,5.8,48.0,29,23
1782942761.849,434.193,297.8,79.14,100,43,92,18179.7,6060.8,277.4,79.15,100,50,86,4.4,4.4,268.8,79.15,100,30,89,1070.9,16773.9,261.2,79.14,100,51,86,20758.8,6.8,48.0,29,23
1782942762.292,434.637,292.8,79.14,100,50,91,3.2,4071.6,277.4,79.15,100,50,86,18242.1,14254.0,278.1,79.15,100,48,89,4.4,4.6,269.2,79.14,100,46,85,1.8,14459.6,48.0,29,23
1782942762.734,435.079,292.2,79.14,100,50,91,4.9,13.1,287.2,79.15,100,59,86,503.8,17144.7,278.1,79.15,100,48,89,20755.0,4.9,269.2,79.14,100,46,85,1.9,4.6,48.0,29,23
1782942763.183,435.528,300.7,79.14,100,48,90,2.7,4.6,299.7,79.15,100,61,86,1.8,17149.1,296.0,79.15,100,53,90,20751.0,6.0,285.4,79.14,100,54,87,2.6,1694.3,48.0,29,23
1782942763.627,435.972,298.2,79.14,100,46,91,19013.1,15600.0,294.0,79.15,100,46,85,2699.9,6.0,287.1,79.15,100,48,89,8061.8,15470.8,275.6,79.14,100,45,86,9571.3,10.5,48.0,29,23
1782942764.076,436.420,298.2,79.14,100,46,91,2.8,13063.5,290.6,79.15,100,45,86,18723.1,4951.2,279.3,79.15,100,46,90,10.2,5.3,269.1,79.14,100,46,86,20766.4,17192.8,48.0,29,23
1782942764.517,436.862,299.1,79.14,100,43,91,20707.9,17112.4,287.9,79.15,100,46,86,2.0,4.8,278.5,79.15,100,46,89,1.9,12294.0,269.6,79.14,100,45,86,18313.3,5738.3,48.0,29,23
1782942764.959,437.304,300.8,79.14,100,48,91,20708.3,17107.5,288.0,79.15,100,43,86,3.6,4.8,279.7,79.15,100,45,88,1.9,17246.7,269.6,79.14,100,46,86,20701.3,5.5,48.0,29,23
1782942765.402,437.746,300.7,79.14,100,50,92,20707.5,17108.7,290.9,79.15,100,55,86,1.9,4.6,286.0,79.15,100,56,90,1.9,5964.7,276.8,79.14,100,58,87,18317.1,12070.4,48.0,29,23
1782942765.844,438.189,300.6,79.14,100,48,91,3377.9,14812.6,294.3,79.15,100,47,85,18721.8,4.6,287.4,79.15,100,48,89,2.4,4.7,276.9,79.14,100,48,86,20798.1,17023.8,48.0,29,23
1782942766.287,438.632,302.9,79.14,100,58,91,1.8,17114.8,294.3,79.15,100,47,85,20708.4,5.2,285.7,79.15,100,47,89,3.6,4.8,277.2,79.14,100,47,86,15779.9,14755.3,48.0,29,23
1782942766.729,439.073,299.3,79.14,100,49,92,5.8,17117.5,296.9,79.15,100,54,86,20709.0,7.3,285.7,79.15,100,47,89,9.9,4.1,277.2,79.14,100,47,86,20799.2,17199.8,48.0,29,23
1782942767.185,439.530,298.1,79.14,100,51,91,18060.1,14944.5,293.2,79.15,100,46,86,4360.2,5.8,287.7,79.15,100,55,90,1073.6,16739.2,278.7,79.14,100,50,87,20752.3,5.9,48.0,29,23
1782942767.626,439.971,298.6,79.14,100,44,92,2.1,5.5,289.8,79.15,100,41,86,20711.6,17104.9,284.1,79.15,100,46,89,2.1,8.2,271.7,79.14,100,43,87,13944.3,15373.9,51.0,31,21
1782942768.076,440.420,298.6,79.14,100,44,92,2.3,4.1,287.6,79.15,100,46,85,20722.8,17109.4,281.6,79.15,100,46,90,1.9,5.5,269.4,79.14,98,43,86,2.7,8006.5,51.0,31,21
1782942768.518,440.863,291.3,79.14,100,53,92,9132.8,4.8,282.4,79.15,100,49,86,1.7,4.2,272.5,79.15,100,50,88,13723.2,14842.1,265.4,79.14,100,48,86,8448.9,4.6,51.0,31,21
1782942768.982,441.327,295.3,79.14,100,59,91,17867.4,6452.7,290.7,79.15,100,47,86,2.7,4.2,281.1,79.15,100,48,89,3.5,14166.8,275.4,79.14,100,47,85,17752.0,4392.2,51.0,31,21
1782942769.424,441.768,303.4,79.14,100,65,91,20709.0,15707.3,299.8,79.15,100,54,86,736.1,4.8,294.8,79.15,100,48,89,1.9,7775.0,283.5,79.14,100,45,86,18056.7,10455.2,51.0,31,21
1782942769.865,442.209,296.8,79.14,100,46,91,6858.3,5.7,293.4,79.15,100,45,86,498.7,17040.1,286.3,79.15,100,46,89,20747.7,8.7,275.8,79.14,100,45,85,6.8,17236.1,51.0,31,21
1782942770.308,442.653,295.9,79.14,100,45,91,18555.9,8895.5,285.5,79.15,100,39,86,2.1,5.5,278.8,79.15,100,44,89,20771.3,15771.3,268.8,79.14,100,43,86,356.5,5.2,51.0,31,21
1782942770.750,443.095,290.4,79.14,100,41,90,20708.9,7.8,285.5,79.15,100,39,86,7.0,4.5,273.8,79.15,100,41,89,7746.3,15898.6,268.8,79.14,100,43,86,11005.4,4.8,51.0,31,21
1782942771.195,443.540,281.3,79.14,100,53,91,20679.8,4.8,282.0,79.15,100,43,86,1.9,4.5,273.8,79.15,100,41,89,9073.5,15140.9,263.1,79.14,100,45,86,12898.3,5.0,51.0,31,21
1782942771.637,443.982,287.2,79.14,100,48,91,17678.7,2938.1,284.6,79.15,100,57,86,2.6,4.9,277.9,79.15,100,58,90,15285.3,14814.2,268.7,79.14,100,49,87,6964.2,7.4,51.0,31,21
1782942772.086,444.431,287.2,79.14,100,48,91,3.2,16838.9,292.4,79.15,100,46,86,20712.5,4.5,283.1,79.15,100,48,88,3.9,4.7,275.0,79.14,100,44,85,12029.0,14505.8,51.0,31,21
1782942772.529,444.874,289.5,79.14,100,51,90,2.3,1284.7,290.4,79.15,100,44,86,18627.1,16843.9,278.6,79.15,100,45,89,2.7,4.8,269.0,79.14,100,46,87,1.9,17273.4,51.0,31,21
1782942772.971,445.316,280.5,79.14,100,48,91,6.1,4.4,286.8,79.15,100,53,86,20243.0,17108.6,283.2,79.15,100,56,90,2.2,4.9,273.4,79.14,100,58,87,2.1,14413.3,51.0,31,21
1782942773.415,445.760,289.3,79.14,100,47,91,1.9,2727.0,290.5,79.15,100,45,86,18774.2,15333.7,283.5,79.15,100,48,88,2.1,5.1,274.2,79.14,100,45,86,4834.6,15363.4,51.0,31,21
1782942773.857,446.202,298.6,79.14,100,46,91,18452.9,4441.9,291.2,79.15,100,46,85,4.3,25.9,280.6,79.15,100,45,89,19400.4,17201.0,269.0,79.14,100,45,87,9.4,5.5,51.0,31,21
1782942774.299,446.644,295.5,79.14,100,42,91,20704.6,17110.2,291.2,79.15,100,46,85,20703.8,17101.9,275.8,79.15,98,37,88,20749.9,17188.6,257.4,79.14,100,14,86,2.7,4.6,54.0,33,19
1782942774.742,447.087,283.5,79.14,100,52,91,20712.1,15899.4,279.8,79.15,98,20,86,5.0,6.8,271.1,79.15,98,37,88,2.3,3698.9,257.4,79.14,100,14,86,18205.2,14319.6,54.0,33,19
1782942775.188,447.533,285.7,79.14,100,56,91,1.9,2869.9,279.9,79.15,100,49,86,18379.5,15462.0,271.1,79.15,100,48,88,3.9,4.4,264.8,79.14,100,49,86,1.9,11768.4,54.0,33,19
1782942775.631,447.976,299.1,79.14,100,60,91,2.2,4.6,288.5,79.15,100,49,86,2186.9,15373.3,281.6,79.15,100,48,89,19162.3,7.8,284.2,79.14,100,49,87,8.7,521.0,54.0,33,19
1782942776.079,448.423,299.1,79.14,100,60,91,4.2,17115.6,297.4,79.15,100,51,86,20583.1,6.0,294.4,79.15,100,45,89,2.1,493.5,282.6,79.14,99,51,86,19699.1,17190.4,54.0,33,19
1782942776.522,448.866,298.2,79.14,100,46,91,51.1,5.8,290.6,79.15,99,41,86,4291.0,15643.4,286.7,79.15,100,46,89,16978.0,6.0,273.4,79.14,100,40,86,2.2,17229.3,54.0,33,19
1782942776.963,449.308,297.4,79.14,99,42,92,17561.3,17808.1,283.5,79.15,100,46,85,5.7,5.4,277.4,79.15,99,44,90,2.0,17225.1,265.3,79.14,100,46,87,20747.1,4.7,54.0,33,19
1782942777.411,449.755,298.1,79.14,100,45,92,18298.9,13552.8,287.2,79.15,100,51,86,2.9,5.1,280.5,79.15,100,49,89,3433.5,15777.0,271.4,79.14,100,52,86,17672.7,4.5,54.0,33,19
1782942777.852,450.196,300.6,79.14,100,50,91,17969.8,12124.1,293.1,79.15,100,48,86,2.9,4.5,283.0,79.15,100,47,89,490.6,17264.6,274.4,79.14,100,48,87,20756.6,4.7,54.0,33,19
1782942778.294,450.639,301.6,79.14,100,55,91,16979.5,14672.6,293.1,79.15,100,48,86,5504.5,4.8,287.1,79.15,100,50,90,3.5,4126.7,277.1,79.14,100,51,86,18148.4,14084.8,54.0,33,19
1782942778.736,451.081,299.8,79.14,100,49,90,6.2,17121.9,294.8,79.15,100,56,86,20708.1,7.3,287.1,79.15,100,50,90,3.4,4.3,277.1,79.14,100,51,86,20799.2,17208.3,54.0,33,19
1782942779.182,451.526,302.5,79.14,100,54,91,3.5,17115.8,294.6,79.15,99,46,87,19541.5,952.1,290.2,79.15,100,54,90,2.7,4.8,278.0,79.14,100,46,87,10307.4,14946.6,54.0,33,19
1782942779.625,451.970,298.8,79.14,100,48,90,2.7,10093.1,295.7,79.15,100,53,86,18216.2,8200.4,286.2,79.15,100,48,89,2.5,7.7,275.9,79.14,100,47,86,20262.8,14825.0,54.0,33,19
1782942780.074,452.419,298.8,79.14,100,48,90,18637.6,9070.8,292.7,79.15,100,44,86,6.4,5.5,284.8,79.15,99,50,90,20767.4,17198.8,275.9,79.14,100,48,87,4.8,5.8,54.0,33,19
1782942780.517,452.861,296.9,79.14,100,44,92,2.9,11667.9,287.2,79.15,100,44,86,26401.6,17102.1,281.5,79.15,100,41,90,20748.2,17198.2,269.2,79.14,100,45,85,20743.2,17189.6,57.0,35,17
1782942780.959,453.304,296.8,79.14,98,36,90,1.8,6.9,282.2,79.15,100,65,86,3.4,79.0,273.2,79.15,100,56,90,19459.5,17202.2,267.1,79.14,99,57,87,2.6,4.3,57.0,35,17
1782942781.403,453.748,292.9,79.14,100,51,91,15167.2,14553.7,288.1,79.15,100,58,86,7628.1,4.7,282.3,79.15,100,64,90,4.3,512.0,275.4,79.14,100,59,87,19712.0,17197.3,57.0,35,17
1782942781.844,454.189,295.0,79.14,100,50,90,2.0,1243.3,297.6,79.15,100,47,85,18544.2,16918.7,294.2,79.15,100,62,90,2.2,5.0,282.2,79.14,100,59,87,4.9,17283.5,57.0,35,17
1782942782.288,454.632,300.5,79.14,100,48,91,2.5,16197.9,297.6,79.15,100,47,85,18273.0,2111.1,286.4,79.15,100,46,88,3.0,874.4,277.0,79.14,100,46,86,19217.7,16724.2,57.0,35,17
1782942782.729,455.073,298.8,79.14,100,44,91,5.2,11.4,298.3,79.15,100,43,86,17807.4,15297.8,286.4,79.15,100,46,88,3534.1,5.9,277.0,79.14,100,46,86,1369.0,16061.6,57.0,35,17
1782942783.180,455.525,297.0,79.14,100,43,92,18564.2,6252.0,290.3,79.15,100,43,86,2.8,4.8,281.4,79.15,100,46,89,14530.9,15303.9,270.1,79.14,100,42,87,6817.1,5.9,57.0,35,17
1782942783.622,455.967,300.5,79.14,100,52,91,17791.5,4.6,283.4,79.15,100,45,85,1.9,4.8,279.2,79.15,100,47,90,19706.9,17202.5,266.8,79.14,100,45,87,10.9,7.8,57.0,35,17
1782942784.065,456.410,300.5,79.14,100,52,91,5732.1,4.7,290.6,79.15,100,47,86,4.6,5801.0,280.4,79.15,100,45,89,18136.5,12181.8,273.2,79.14,100,50,86,4.4,4.8,57.0,35,17
1782942784.507,456.852,300.9,79.14,100,47,91,20224.6,4.4,293.1,79.15,100,47,86,2.7,4.5,284.3,79.15,100,51,90,20444.3,14629.9,274.8,79.14,100,48,87,1802.6,4.6,57.0,35,17
1782942784.948,457.293,300.9,79.14,100,57,91,19763.9,4844.8,294.3,79.15,100,54,86,5.2,4.6,286.9,79.15,100,48,89,5660.4,15542.2,276.2,79.14,100,48,86,13349.4,4.9,57.0,35,17
1782942785.396,457.741,299.5,79.14,100,48,90,20335.5,198.3,293.0,79.15,100,45,85,1.9,4.6,287.3,79.15,100,54,90,7662.2,15000.4,276.6,79.14,100,53,87,14168.3,7.0,57.0,35,17
1782942785.839,458.184,300.2,79.14,100,50,91,17703.1,5420.2,292.5,79.15,100,48,86,2.8,4.8,285.5,79.15,100,47,88,12598.4,22091.8,274.9,79.14,100,45,86,943.5,7.5,57.0,35,17
1782942786.285,458.630,299.7,79.14,100,46,92,4.7,5.6,292.5,79.15,100,48,86,20713.8,17106.6,281.5,79.15,100,46,89,2.2,5.6,272.9,79.14,100,46,86,8647.9,15585.2,57.0,35,17
1782942786.726,459.071,297.8,79.14,100,44,91,20708.7,11.3,292.9,79.15,100,44,86,8.9,4824.8,281.5,79.15,100,46,89,28085.5,17785.8,272.9,79.14,100,46,85,21031.3,17627.4,59.0,37,15
1782942787.168,459.512,291.6,79.14,100,53,91,20707.3,15682.4,287.4,79.15,100,42,86,811.6,4.2,280.1,79.15,100,47,89,2.1,3.6,262.8,79.14,98,11,86,20802.0,16343.0,59.0,37,15
1782942787.609,459.953,293.0,79.14,100,50,90,1.8,4.3,283.4,79.15,100,62,86,519.3,17110.9,277.7,79.15,100,61,90,20752.5,4.9,269.1,79.14,100,60,87,6.1,9.6,59.0,37,15
1782942788.053,460.398,293.0,79.14,100,50,90,19516.1,4.6,288.3,79.15,100,52,86,2.8,4.3,284.7,79.15,100,59,90,20553.6,17198.9,275.2,79.14,100,61,87,2.0,4.7,59.0,37,15
1782942788.494,460.839,302.2,79.14,100,50,90,20706.4,5.3,296.9,79.15,100,45,85,2.8,4306.0,291.6,79.15,100,48,90,18566.1,13366.7,277.2,79.14,100,45,86,2.1,5.8,59.0,37,15
1782942788.937,461.282,299.2,79.14,100,44,91,7445.6,15434.5,293.3,79.15,100,45,85,14056.7,6.0,285.7,79.15,100,45,90,2.2,17221.4,269.4,79.14,100,45,86,20746.3,6.2,59.0,37,15
1782942789.380,461.725,296.7,79.14,100,46,90,4.8,5.3,286.7,79.15,100,44,86,17298.1,15329.3,277.3,79.15,100,44,89,3835.6,5.1,269.0,79.14,100,45,85,4.2,14455.6,59.0,37,15
1782942789.823,462.168,298.3,79.14,100,45,91,2.4,5392.7,287.5,79.15,100,46,85,18383.2,13011.5,278.3,79.15,100,48,89,2.5,4.8,269.6,79.14,100,46,85,1072.8,16765.7,59.0,37,15
1782942790.269,462.614,301.4,79.14,100,48,92,2.4,14835.2,287.5,79.15,100,46,85,17954.8,3825.4,285.5,79.15,100,45,90,2.5,4.9,269.6,79.14,100,46,85,8946.2,15128.0,59.0,37,15
1782942790.712,463.056,301.8,79.14,100,48,91,5.3,668.0,290.4,79.15,100,49,86,19587.8,13180.0,285.5,79.15,100,45,90,6.1,4.8,275.4,79.14,100,56,87,1069.5,16799.4,59.0,37,15
1782942791.157,463.502,301.9,79.14,100,56,92,8.2,4.3,293.4,79.15,100,47,85,20731.2,17113.5,286.9,79.15,100,49,89,3.1,4.6,276.9,79.14,100,47,86,2.0,9452.4,59.0,37,15
1782942791.604,463.949,301.9,79.14,100,56,92,2.7,4.7,296.7,79.15,100,57,86,20536.9,15447.8,287.2,79.15,100,49,89,399.7,5.2,277.1,79.14,100,45,86,5.4,16500.5,59.0,37,15
1782942792.056,464.401,298.5,79.14,100,47,91,1.9,4.6,293.3,79.15,100,47,85,20728.4,15800.8,288.0,79.15,99,60,90,90.3,5.0,278.4,79.14,100,53,87,1.9,12801.7,59.0,37,15
1782942792.499,464.844,301.0,79.14,100,54,91,1.9,9735.4,292.3,79.15,100,47,86,16595.0,10020.1,284.8,79.15,100,45,89,4.7,7.1,274.4,79.14,100,45,86,13118.8,14177.5,59.0,37,15
1782942792.942,465.287,291.4,79.14,100,40,90,18641.9,15555.0,286.4,79.15,100,41,86,5.4,5.5,277.6,79.15,100,43,88,13575.9,15063.7,266.9,79.14,100,42,86,8444.6,5.8,62.0,39,13
1782942793.385,465.730,278.9,79.14,100,46,91,20223.7,17108.0,269.7,79.15,100,19,85,4.3,4.6,265.6,79.15,100,14,90,2.0,12016.3,256.6,79.14,100,63,87,17853.7,5970.2,62.0,39,13
1782942793.827,466.172,280.6,79.14,100,51,91,2.3,3.9,283.8,79.15,100,48,85,20740.9,15322.7,278.5,79.15,100,52,89,667.7,4.5,271.2,79.14,100,53,87,1.8,566.2,62.0,39,13
1782942794.271,466.616,294.5,79.14,100,53,91,1.9,4.2,283.8,79.15,100,48,85,3.4,88.4,293.3,79.15,100,48,89,19540.0,17205.5,271.2,79.14,100,53,87,2.9,4.9,62.0,39,13
1782942794.713,467.058,299.1,79.14,100,53,91,15844.9,8.6,303.4,79.15,100,47,86,5.0,2610.7,293.3,79.15,100,48,89,18237.0,15589.0,284.6,79.14,100,47,85,2.1,5.8,62.0,39,13
1782942795.160,467.505,297.8,79.14,100,45,91,2.6,17113.9,296.5,79.15,100,54,86,20703.1,6.1,292.3,79.15,100,49,89,2.6,17213.5,281.1,79.14,100,43,87,20753.2,6.2,62.0,39,13
1782942795.607,467.952,296.3,79.14,100,42,91,2.1,5.2,287.5,79.15,100,43,85,20711.2,17105.1,283.9,79.15,100,40,89,4.5,5.7,270.9,79.14,100,44,87,9144.3,23189.6,62.0,39,13
1782942796.058,468.403,296.3,79.14,100,42,91,20708.2,15754.8,284.6,79.15,100,44,85,679.3,4.8,276.0,79.15,99,46,89,2.7,9481.0,264.8,79.14,100,45,85,18083.4,8594.4,62.0,39,13
1782942796.500,468.844,298.1,79.14,100,49,92,20708.0,17110.1,290.3,79.15,100,48,86,2.9,4.9,281.7,79.15,100,52,90,2.0,15488.3,272.2,79.14,100,47,87,18181.3,2724.6,62.0,39,13
1782942796.941,469.286,302.4,79.14,100,45,91,20710.1,17114.3,293.5,79.15,99,48,86,4.0,4.7,284.7,79.15,100,49,89,1.9,13266.4,276.5,79.14,100,47,86,18188.7,4834.5,62.0,39,13
1782942797.392,469.737,302.2,79.14,100,49,92,10744.4,14745.5,294.2,79.15,100,53,86,11599.1,4.7,287.2,79.15,100,56,90,2.3,484.4,279.6,79.14,100,56,87,19724.7,17194.8,62.0,39,13
1782942797.833,470.178,299.9,79.14,100,49,91,1.9,17114.7,293.6,79.15,100,45,85,20704.9,5.3,286.5,79.15,100,46,89,3.1,5.0,275.8,79.14,100,47,85,20607.2,15727.9,62.0,39,13
1782942798.276,470.621,300.8,79.14,100,61,92,2.7,15185.4,293.6,79.15,100,45,85,17671.0,3640.2,286.5,79.15,100,49,90,1.9,4.7,275.8,79.14,100,47,85,7441.0,16428.3,62.0,39,13
1782942798.720,471.064,299.2,79.14,100,45,90,3421.6,15960.5,296.4,79.15,100,53,86,17114.1,8.0,286.5,79.15,100,49,90,6.7,17236.4,278.0,79.14,100,51,87,20751.7,5.7,62.0,39,13
1782942799.166,471.510,298.2,79.14,100,45,90,3.0,5.3,292.5,79.15,100,44,86,15889.4,14534.1,284.6,79.15,100,46,88,6519.0,11.3,275.4,79.14,100,45,85,1082.9,15424.0,62.0,39,13
1782942799.614,471.958,279.7,79.14,100,13,90,1.9,4.4,290.1,79.15,100,44,86,1.9,17131.5,279.0,79.15,100,45,88,20523.1,316.6,267.5,79.14,100,39,86,6.1,10.2,65.0,41,11
1782942800.061,472.405,279.7,79.14,100,13,90,17828.1,13203.2,278.2,79.15,100,62,86,1.8,4.2,272.6,79.15,100,55,90,2.4,7984.1,263.5,79.14,100,55,87,17846.2,10478.1,65.0,41,11
1782942800.503,472.848,282.5,79.14,100,53,91,1.9,12335.0,284.4,79.15,100,59,86,17968.4,6340.1,280.2,79.15,100,56,90,3.1,4.4,272.9,79.14,100,56,87,1.7,17330.7,65.0,41,11
1782942800.945,473.290,296.6,79.14,100,51,91,5.0,4.8,298.9,79.15,100,48,85,20727.8,17110.0,292.5,79.15,100,59,90,2.0,4.7,280.6,79.14,100,53,87,2.3,11352.6,65.0,41,11
1782942801.389,473.734,300.8,79.14,100,53,91,20708.9,16175.0,294.6,79.15,99,42,86,257.8,6.1,286.2,79.15,100,45,89,8184.1,15232.2,275.1,79.14,100,44,87,13664.1,5.8,65.0,41,11
1782942801.831,474.176,297.4,79.14,99,40,92,2.9,14594.0,287.0,79.15,100,44,85,18437.9,3637.8,280.3,79.15,99,43,90,2.9,489.5,265.9,79.14,100,42,86,19698.0,17203.2,65.0,41,11
1782942802.273,474.617,295.5,79.14,100,45,91,20140.0,454.4,287.0,79.15,100,44,85,4.4,4.8,277.1,79.15,100,44,90,7655.9,14585.2,265.9,79.14,100,42,86,14781.5,4.9,65.0,41,11
1782942802.714,475.059,297.3,79.14,100,52,91,18965.1,5709.1,284.5,79.15,100,47,87,6.2,8.6,277.1,79.15,100,44,90,2973.0,15308.0,266.8,79.14,100,48,87,18053.3,5.2,65.0,41,11
1782942803.160,475.504,294.7,79.14,100,48,91,17939.7,6964.6,290.5,79.15,100,58,86,2.8,4.7,279.8,79.15,100,47,89,1087.5,16736.0,271.4,79.14,99,44,86,20446.1,4.8,65.0,41,11
1782942803.602,475.947,294.7,79.14,100,48,91,20668.1,17110.1,290.3,79.15,100,48,86,1.9,4.7,283.2,79.15,100,58,90,2.6,17260.7,275.2,79.14,100,52,87,20753.8,10.0,65.0,41,11
1782942804.051,476.396,297.2,79.14,100,53,91,20708.5,17108.3,293.8,79.15,100,51,86,1.9,4.8,285.9,79.15,100,48,88,1.9,15668.4,276.4,79.14,100,48,86,17567.2,2866.4,65.0,41,11
1782942804.492,476.837,299.0,79.14,100,46,90,20655.6,15411.3,292.0,79.15,100,47,85,790.2,4.9,287.5,79.15,100,53,90,1.9,11665.8,277.9,79.14,100,59,87,18022.9,6690.1,65.0,41,11
1782942804.935,477.280,299.1,79.14,100,48,91,19087.0,13841.5,291.8,79.15,100,45,86,6.0,5.0,285.0,79.15,100,47,88,8839.2,15438.2,274.4,79.14,100,45,86,12772.6,5.7,65.0,41,11
1782942805.378,477.722,300.2,79.14,100,46,91,2.1,4383.8,291.9,79.15,100,46,86,18926.4,13516.4,281.5,79.15,100,47,89,2.9,5.7,271.4,79.14,100,44,86,20766.2,17191.6,65.0,41,11
1782942805.820,478.165,298.0,79.14,100,45,91,20674.6,15133.6,278.1,79.15,100,12,85,17267.6,4.4,274.5,79.15,98,17,88,3.9,4.3,258.5,79.14,100,34,85,20772.8,17204.4,68.0,43,9
1782942806.265,478.609,292.4,79.14,100,54,92,1.8,3.9,278.1,79.15,100,12,85,6870.5,14743.0,278.4,79.15,100,51,90,15070.3,4.3,258.5,79.14,100,34,85,2.7,4.4,68.0,43,9
1782942806.707,479.052,292.5,79.14,100,51,91,19997.6,7.3,284.5,79.15,100,68,86,9.0,9.8,278.4,79.15,100,51,90,20637.3,16696.9,268.4,79.14,100,48,86,2.8,4.3,68.0,43,9
1782942807.155,479.499,301.0,79.14,100,49,92,18440.2,13229.7,298.7,79.15,100,62,86,1.9,4.9,285.3,79.15,100,55,90,1071.9,16758.7,282.5,79.14,100,54,87,20747.9,4.7,68.0,43,9
1782942807.596,479.941,301.0,79.14,100,49,92,7014.8,5.4,293.1,79.15,100,46,86,4.1,17127.7,290.1,79.15,100,52,90,20746.3,6.7,278.9,79.14,100,48,87,4.7,15332.2,68.0,43,9
1782942808.044,480.388,299.0,79.14,100,43,92,18694.1,12642.8,290.7,79.15,100,44,86,3.0,5.8,282.6,79.15,100,40,90,20762.8,17201.6,268.9,79.14,100,45,86,2.8,5.7,68.0,43,9
1782942808.485,480.829,298.0,79.14,100,44,92,14346.0,5.2,285.3,79.15,100,40,86,3.7,8427.8,277.2,79.15,100,40,89,18236.6,9788.3,266.1,79.14,100,39,87,4.4,4.8,68.0,43,9
1782942808.926,481.270,285.0,79.14,100,44,91,8433.8,7.7,283.7,79.15,100,48,86,4.3,17139.1,277.7,79.15,100,53,90,20756.3,5.2,268.2,79.14,100,50,87,2.8,4.5,68.0,43,9
1782942809.371,481.716,288.0,79.14,100,52,91,1.9,4.4,286.9,79.15,100,49,86,14.7,15691.2,281.0,79.15,100,47,88,17012.3,3482.8,271.2,79.14,100,47,85,1.9,4.7,68.0,43,9
1782942809.819,482.163,295.8,79.14,100,49,91,18232.0,4.6,290.8,79.15,100,56,86,1.9,4.0,284.0,79.15,100,55,90,20782.7,17193.8,275.3,79.14,100,54,87,2.3,7.0,68.0,43,9
1782942810.262,482.607,293.8,79.14,100,49,91,20706.9,5.2,290.8,79.15,100,56,86,2.9,4.8,284.6,79.15,100,48,89,16950.5,14897.0,275.3,79.14,100,54,87,5268.3,4.7,68.0,43,9
1782942810.706,483.050,298.6,79.14,100,53,91,20710.9,8.0,291.0,79.15,100,46,85,8.1,11.0,284.6,79.15,100,48,89,18888.3,14658.3,273.7,79.14,100,44,85,3504.2,4.7,68.0,43,9
1782942811.151,483.496,299.0,79.14,100,46,91,20706.2,4.8,294.1,79.15,100,53,86,2.8,4.3,285.2,79.15,100,46,89,20281.1,17192.4,276.1,79.14,100,52,87,1.9,5.1,68.0,43,9
1782942811.593,483.937,299.0,79.14,100,46,91,4.6,7788.2,291.9,79.15,100,46,86,18557.0,10233.7,284.0,79.15,100,46,89,2.2,5.5,275.3,79.14,100,46,86,20771.8,17192.7,68.0,43,9
1782942812.039,484.384,299.4,79.14,100,46,91,20705.1,17107.4,288.2,79.15,100,43,86,20702.4,17102.5,279.4,79.15,100,44,89,20744.0,17188.6,269.1,79.14,100,45,86,20745.9,4.7,71.0,45,7
1782942812.482,484.826,293.4,79.14,98,14,92,1.7,17111.3,278.5,79.15,100,54,86,19820.3,804.0,273.6,79.15,100,63,90,2.6,4.3,264.0,79.14,100,57,87,497.2,16833.2,71.0,45,7
1782942812.925,485.269,293.6,79.14,100,54,91,1.8,7.3,285.2,79.15,99,47,86,3.1,17176.1,281.1,79.15,99,55,90,20748.9,4.8,271.7,79.14,100,54,87,2.7,4.4,71.0,45,7
1782942813.372,485.716,294.1,79.14,100,54,91,20705.5,4.5,301.2,79.15,100,48,86,2.8,4.7,295.1,79.15,100,46,88,16468.2,16014.0,284.9,79.14,100,48,85,1488.4,4.7,71.0,45,7
1782942813.816,486.161,298.2,79.14,100,52,91,9637.6,5.5,295.1,79.15,100,44,86,2.6,17128.6,291.6,79.15,100,45,90,20750.1,5.6,278.9,79.14,100,42,87,3.2,12173.7,71.0,45,7
1782942814.266,486.610,297.1,79.14,100,40,91,18513.4,13232.8,295.1,79.15,100,44,86,2.2,5.9,282.8,79.15,100,44,90,20763.1,17030.3,278.9,79.14,100,42,87,2.7,6.1,71.0,45,7
1782942814.706,487.051,297.3,79.14,100,46,91,7.3,2539.4,287.3,79.15,100,46,86,23980.8,7554.9,282.8,79.15,100,44,90,6.3,5.6,269.9,79.14,100,44,85,20770.1,17206.3,71.0,45,7
1782942815.159,487.504,300.9,79.14,100,50,92,2.7,17114.9,285.1,79.15,100,44,85,20704.9,5.1,276.1,79.15,100,45,89,2.7,3332.6,267.6,79.14,100,47,86,18397.7,14400.5,71.0,45,7
1782942815.604,487.949,300.9,79.14,100,50,92,17470.8,14951.0,289.7,79.15,100,45,86,4703.5,4.8,283.3,79.15,100,46,90,1.9,10709.3,276.0,79.14,100,57,87,22005.7,2006.6,71.0,45,7
1782942816.057,488.401,303.4,79.14,100,50,91,16734.6,15048.9,293.8,79.15,100,47,86,5226.2,4.7,286.0,79.15,100,48,89,2.7,5791.1,276.9,79.14,100,47,86,19685.2,10506.8,71.0,45,7
1782942816.500,488.844,301.3,79.14,100,49,92,2211.8,15250.1,294.0,79.15,100,53,86,19648.9,4.7,287.3,79.15,100,57,90,2.8,4.2,277.2,79.14,100,57,87,20295.1,17207.5,71.0,45,7
1782942816.941,489.285,299.4,79.14,100,46,91,4.8,17116.0,292.5,79.15,100,45,86,20707.3,4.7,284.8,79.15,100,46,88,3.2,4.5,274.6,79.14,100,47,86,20792.6,17193.1,71.0,45,7
1782942817.384,489.729,301.0,79.14,100,51,92,5405.6,15397.8,292.8,79.15,100,53,86,16530.5,5.1,285.5,79.15,100,53,90,2.8,4565.2,276.4,79.14,100,49,87,18480.1,13466.7,71.0,45,7
1782942817.826,490.170,300.0,79.14,100,46,91,11336.0,5.5,289.8,79.15,99,42,86,2.1,17122.1,285.1,79.15,100,46,89,20752.1,6.6,274.0,79.14,100,44,87,2.8,8448.4,71.0,45,7
1782942818.269,490.613,298.8,79.14,99,40,92,26953.4,18298.4,289.8,79.15,99,42,86,20651.3,17513.4,277.5,79.15,98,44,90,20705.0,17414.8,274.0,79.14,100,44,87,20596.9,15190.6,74.0,47,5
1782942818.711,491.056,291.2,79.14,100,51,91,6.6,6.9,284.9,79.15,98,38,85,15221.4,15549.4,277.5,79.15,98,44,90,1458.9,4.4,257.6,79.14,100,13,87,2.3,498.4,74.0,47,5
1782942819.164,491.508,293.8,79.14,100,50,91,18203.3,4.5,280.8,79.15,100,48,85,1.8,4.6,275.3,79.15,100,61,90,17053.9,14658.4,267.9,79.14,100,68,87,5276.4,4.5,74.0,47,5
1782942819.605,491.950,293.8,79.14,100,50,91,20709.3,17116.8,290.0,79.15,100,48,86,3.7,4.7,282.5,79.15,100,52,90,1.9,13326.8,284.9,79.14,100,53,87,17736.1,3845.4,74.0,47,5
1782942820.055,492.399,301.7,79.14,100,52,91,18194.6,5868.6,300.8,79.15,100,44,86,3.0,5.0,291.1,79.15,100,46,89,20281.2,17188.9,278.9,79.14,100,46,85,2.1,5.5,74.0,47,5
1782942820.496,492.840,297.0,79.14,100,45,91,3.9,17118.8,292.8,79.15,100,44,86,20705.6,6.2,286.1,79.15,100,46,88,3.0,9856.7,275.6,79.14,100,44,85,18351.9,7891.5,74.0,47,5
1782942820.938,493.283,296.9,79.14,100,45,91,5.0,5.1,285.3,79.15,100,44,86,4.5,17130.8,279.2,79.15,100,46,89,20673.5,6.2,269.0,79.14,100,46,87,2.1,11.4,74.0,47,5
1782942821.381,493.725,300.9,79.14,100,45,91,1.7,4.6,288.5,79.15,100,46,86,5242.2,15483.4,280.7,79.15,100,48,88,14085.8,5.5,270.3,79.14,100,46,86,2.9,8801.7,74.0,47,5
1782942821.822,494.167,299.5,79.14,100,46,92,1.9,4.5,289.8,79.15,100,46,86,19820.0,15038.9,283.0,79.15,100,49,90,2107.9,4.9,273.1,79.14,100,51,87,2.4,8552.1,74.0,47,5
1782942822.264,494.609,302.2,79.14,100,57,91,1.8,4.5,289.8,79.15,100,46,86,1695.1,15736.8,286.1,79.15,100,48,89,19681.4,5.0,273.1,79.14,100,51,87,2.0,4.0,74.0,47,5
1782942822.705,495.050,300.1,79.14,100,48,90,6.8,7.5,293.7,79.15,100,52,86,9.7,17168.9,286.1,79.15,100,48,89,20451.7,6.0,276.6,79.14,100,46,86,4.4,4.8,74.0,47,5
1782942823.149,495.494,298.9,79.14,100,49,91,2.4,4.5,294.8,79.15,100,47,85,1.8,14799.2,288.3,79.15,100,57,90,17920.6,3583.6,277.1,79.14,100,51,87,1.9,4.7,74.0,47,5
1782942823.589,495.934,298.9,79.14,100,49,91,891.5,10.4,292.4,79.15,100,45,86,3.6,17131.6,286.0,79.15,100,48,89,20751.9,5.5,275.7,79.14,100,46,85,2.7,9.8,74.0,47,5
1782942824.036,496.381,299.1,79.14,100,47,91,2.1,17117.5,291.4,79.15,100,45,86,20704.4,5.8,282.7,79.15,100,48,90,4.5,5787.8,273.2,79.14,100,47,87,19120.6,11467.5,74.0,47,5
1782942824.478,496.823,296.7,79.14,100,46,91,17669.8,2449.5,284.9,79.15,100,38,87,9.6,33.4,280.2,79.15,100,40,89,26349.4,18195.9,265.5,79.14,100,38,85,20466.9,17682.0,77.0,49,3
1782942824.921,497.265,282.7,79.14,98,43,91,9288.4,15169.4,277.3,79.15,100,63,86,12649.3,6.8,267.1,79.15,100,46,89,2.6,4.2,260.7,79.14,100,52,87,11871.8,14807.0,77.0,49,3
1782942825.363,497.708,279.3,79.14,100,51,91,1.9,4.3,284.8,79.15,100,64,86,1.7,17170.1,275.5,79.15,100,53,90,20752.6,4.9,270.6,79.14,100,46,87,3.2,4.6,77.0,49,3
1782942825.804,498.149,291.8,79.14,100,50,90,20707.1,4.5,300.2,79.15,100,54,86,4.5,4.8,295.9,79.15,100,62,90,18890.0,14835.5,286.0,79.14,100,57,87,3035.4,5.0,77.0,49,3
1782942826.252,498.596,300.7,79.14,100,45,91,20706.1,5.7,300.2,79.15,100,54,86,3.0,2991.7,286.3,79.15,100,46,89,18663.4,14739.8,286.0,79.14,100,57,87,2.2,6.0,77.0,49,3
1782942826.693,499.038,299.2,79.14,100,44,90,4601.4,15753.3,293.2,79.15,100,45,86,17253.0,8.4,286.3,79.15,100,46,89,8.4,17221.4,276.7,79.14,100,45,85,20746.1,5.7,77.0,49,3
1782942827.141,499.486,298.2,79.14,100,43,92,2.0,5.2,291.8,79.15,100,43,86,20710.1,17104.7,279.5,79.15,100,46,89,3.8,5.0,268.8,79.14,100,42,87,1.8,17249.9,77.0,49,3
1782942827.584,499.928,298.2,79.14,100,43,92,1.9,14332.5,284.9,79.15,100,46,86,18237.3,4067.7,279.8,79.15,100,46,89,2.0,5.0,268.5,79.14,100,45,87,16298.5,14990.2,77.0,49,3
1782942828.030,500.375,300.5,79.14,100,46,91,2.3,16803.3,288.1,79.15,100,43,86,20705.4,4.8,280.3,79.15,100,45,89,4.0,4.2,270.7,79.14,100,48,86,20788.2,17199.8,77.0,49,3
1782942828.472,500.816,299.0,79.14,100,46,90,2.5,14645.3,290.9,79.15,100,47,85,17918.2,4017.9,285.4,79.15,100,57,90,2.4,4.8,275.8,79.14,100,58,87,2866.0,15281.6,77.0,49,3
1782942828.914,501.259,300.4,79.14,100,48,91,3.5,5.4,294.2,79.15,100,46,86,19731.6,16607.8,286.0,79.15,100,47,89,2.7,4.8,277.0,79.14,100,48,86,3.6,16985.0,77.0,49,3
1782942829.359,501.704,301.6,79.14,100,53,92,1.9,4.0,295.6,79.15,100,52,86,20220.4,17108.2,287.5,79.15,100,54,90,1.9,4.7,278.7,79.14,100,53,87,2.6,12618.5,77.0,49,3
1782942829.801,502.146,298.6,79.14,100,47,91,6.0,4.4,295.6,79.15,100,52,86,17312.6,13677.0,285.4,79.15,100,48,88,5862.2,5.0,275.2,79.14,100,45,85,3.9,630.9,77.0,49,3
1782942830.244,502.589,287.6,79.14,100,48,90,2.9,5.6,293.4,79.15,100,47,86,16161.5,14954.4,285.4,79.15,100,48,88,5909.6,5.7,275.2,79.14,100,45,85,490.9,17018.9,77.0,49,3
1782942830.686,503.031,280.0,79.14,100,42,91,18890.4,12912.9,286.7,79.15,100,41,86,5.1,9.2,278.9,79.15,100,42,89,20029.7,15129.9,266.0,79.14,100,42,87,1720.9,5.9,80.0,51,1
1782942831.128,503.473,284.7,79.14,99,51,92,20704.1,5.3,280.5,79.15,100,46,85,491.7,17131.8,277.1,79.15,100,45,89,1.8,484.1,263.1,79.14,98,42,87,19697.1,4.4,80.0,51,1
1782942831.570,503.915,284.7,79.14,99,51,92,2.1,4158.4,287.5,79.15,100,59,86,14653.5,4.7,276.9,79.15,99,48,90,10452.0,8199.3,269.3,79.14,99,46,87,1.7,17223.4,80.0,51,1
1782942832.015,504.360,295.6,79.14,99,52,91,10355.3,3626.6,290.5,79.15,99,43,86,15220.1,5.4,281.7,79.15,99,46,89,20748.7,5.7,272.7,79.14,99,43,86,14598.1,5041.3,80.0,51,1
1782942832.456,504.801,299.9,79.14,99,42,91,10354.0,8556.2,289.4,79.15,99,44,86,1352.1,16031.9,281.4,79.15,99,44,89,1.9,8622.8,271.1,79.14,99,52,87,10374.5,4.7,80.0,51,1
1782942832.899,505.244,297.8,79.14,99,47,92,11501.6,7622.7,287.2,79.15,99,46,86,1.9,17127.2,280.5,79.15,99,53,89,4.6,6493.7,272.1,79.14,100,55,86,11329.5,4.6,80.0,51,1
1782942833.341,505.686,300.9,79.14,99,48,91,7911.9,10491.7,291.9,79.15,99,45,86,1.9,9169.3,284.9,79.15,99,46,88,8160.3,10.4,274.5,79.14,99,52,86,19691.4,4.9,80.0,51,1
1782942833.782,506.127,300.5,79.14,99,45,91,12335.6,354.8,291.9,79.15,99,45,86,17331.9,5.9,282.9,79.15,99,43,89,20089.2,561.2,274.5,79.14,99,52,86,10868.2,8119.7,80.0,51,1
1782942834.229,506.574,299.0,79.14,100,51,91,7273.7,5509.1,290.5,79.15,99,44,85,6409.4,7008.3,282.9,79.15,99,43,89,6945.5,8109.4,270.3,79.14,99,44,87,7162.1,8062.9,81.0,55,0
1782942834.673,507.018,302.0,79.14,100,57,91,5948.7,6165.5,289.5,79.15,100,55,86,6357.5,8886.9,280.1,79.15,100,57,89,7882.5,8255.5,270.3,79.14,100,55,86,7729.6,8289.7,81.0,55,0
1782942835.126,507.471,304.2,79.14,100,59,91,6062.7,4911.8,294.4,79.15,100,56,86,7533.0,7528.9,283.9,79.15,100,57,89,7826.3,8278.1,276.3,79.14,100,56,86,6610.7,9706.2,81.0,55,0
1782942835.570,507.915,304.2,79.14,100,59,91,7123.0,4913.2,299.9,79.15,100,57,86,6265.8,7902.5,291.7,79.15,100,59,89,6629.2,8539.6,281.1,79.14,100,57,86,7711.9,8498.2,81.0,56,0
1782942836.475,508.819,300.3,79.14,100,58,91,7102.1,4912.5,301.8,79.15,100,57,86,6048.0,7600.8,294.1,79.15,100,59,89,6664.1,8144.0,282.8,79.14,100,57,86,7477.0,8382.0,81.0,56,0
1782942836.918,509.262,300.1,79.14,100,58,91,5950.4,4680.6,301.6,79.15,100,57,86,7438.0,6955.1,294.8,79.15,100,58,89,6340.7,9517.0,283.3,79.14,100,57,86,6560.8,9980.0,81.0,56,0
1782942837.360,509.704,299.9,79.14,100,58,91,5665.5,5834.9,300.4,79.15,100,58,86,6236.7,6808.1,294.3,79.15,100,58,89,7618.5,9011.2,283.4,79.14,100,58,86,6369.0,9746.0,81.0,56,0
1782942837.802,510.147,300.0,79.14,100,58,91,7107.0,4923.8,300.4,79.15,100,58,86,6248.7,7671.6,294.2,79.15,100,58,89,6729.6,9660.2,283.5,79.14,100,57,86,6361.1,8423.2,81.0,56,0
1782942838.248,510.593,300.0,79.14,100,58,91,5954.8,5753.8,300.1,79.15,100,57,86,6228.9,7273.7,294.2,79.15,100,58,89,7681.1,8761.7,283.5,79.14,100,57,86,6514.5,9669.2,82.0,56,0
1782942838.690,511.035,299.8,79.14,100,58,91,7104.5,5180.5,300.0,79.15,100,57,86,6233.5,8754.6,294.2,79.15,100,58,89,6651.4,8219.3,283.5,79.14,100,58,86,7951.5,8540.0,82.0,56,0
1782942839.141,511.485,299.9,79.14,100,58,91,5948.8,4760.1,299.9,79.15,100,57,86,7434.1,7128.8,293.9,79.15,100,58,89,7710.5,8505.5,283.0,79.14,100,57,86,6496.3,9825.7,82.0,56,0
1782942839.585,511.929,299.9,79.14,100,58,91,7102.1,4918.7,300.0,79.15,100,57,86,6042.7,7838.7,293.6,79.15,100,59,89,6564.1,8462.0,282.8,79.14,100,57,86,8816.3,8638.8,82.0,56,0
1782942840.029,512.373,300.1,79.14,100,58,91,5996.7,4742.4,300.1,79.15,100,57,86,7476.7,7306.7,293.8,79.15,100,58,89,6127.9,9400.0,282.9,79.14,100,57,86,6686.0,8985.0,82.0,56,0
1782942840.472,512.817,300.1,79.14,100,58,91,5665.5,5870.9,300.1,79.15,100,57,86,6458.1,6696.1,293.7,79.15,100,58,89,7635.8,8626.9,283.1,79.14,100,57,86,6410.1,10215.6,82.0,56,0
1782942840.916,513.260,299.8,79.14,100,58,91,6106.3,4813.8,299.8,79.15,100,57,86,7362.9,6625.9,293.5,79.15,100,58,89,6371.8,9697.1,282.9,79.14,100,57,86,6796.1,8776.3,82.0,56,0
1782942841.359,513.704,299.9,79.14,100,58,91,5665.4,5938.9,299.7,79.15,100,56,86,6308.8,6960.6,292.9,79.15,100,58,89,7707.9,8594.3,282.3,79.14,100,57,87,6597.9,9581.2,82.0,56,0
1782942841.803,514.148,299.9,79.14,100,58,91,6534.5,4867.1,299.7,79.15,100,56,86,7536.1,6762.4,292.7,79.15,100,58,89,6481.0,9720.1,282.2,79.14,100,57,86,6617.5,8547.1,82.0,56,0
1782942842.247,514.592,300.1,79.14,100,58,91,5809.2,5968.1,299.8,79.15,100,56,86,6487.8,6643.4,292.7,79.15,100,58,89,7903.6,8528.8,282.2,79.14,100,57,86,7684.2,8903.1,82.0,56,0
1782942842.689,515.034,300.0,79.14,100,58,91,6708.4,5414.2,300.1,79.15,100,57,86,7576.0,8281.4,293.0,79.15,100,58,89,6303.5,9700.4,282.2,79.14,100,57,86,6569.8,8432.8,83.0,56,0
1782942843.142,515.486,299.8,79.14,100,57,91,7132.0,4913.7,300.2,79.15,100,57,86,6290.5,7911.3,292.9,79.15,100,57,89,6769.6,8667.4,282.2,79.14,100,56,87,7966.2,8688.5,83.0,56,0
1782942843.584,515.929,299.8,79.14,100,57,91,6090.4,4709.0,299.7,79.15,100,56,86,7512.4,7390.9,292.6,79.15,100,58,89,6370.8,9755.3,281.7,79.14,100,56,86,7371.7,10049.1,83.0,56,0
1782942844.029,516.374,299.9,79.14,100,58,91,7247.4,5010.2,299.7,79.15,100,56,86,6186.6,7976.5,292.2,79.15,100,57,89,6789.0,8707.8,281.4,79.14,100,56,87,7947.1,8929.1,83.0,56,0
1782942844.473,516.817,300.0,79.14,100,58,91,5949.2,4678.4,300.0,79.15,100,56,86,7634.2,7224.6,292.7,79.15,100,58,89,6318.7,9221.0,281.8,79.14,100,56,87,6692.0,8628.2,83.0,56,0
1782942844.917,517.261,300.0,79.14,100,58,91,5808.7,5990.6,300.1,79.15,100,57,86,6328.7,7403.1,292.9,79.15,100,58,89,7135.5,8209.8,281.9,79.14,100,57,87,7942.6,8419.3,83.0,56,0
1782942845.359,517.704,300.0,79.14,100,58,91,6674.2,4806.3,300.3,79.15,100,57,86,7544.7,7126.3,293.3,79.15,100,58,89,6481.2,10032.6,282.6,79.14,100,57,87,6715.0,8660.1,83.0,56,0
1782942845.801,518.146,300.1,79.14,100,57,91,5951.8,6099.3,300.3,79.15,100,57,86,6391.4,7064.1,293.6,79.15,100,58,89,7662.3,8594.1,282.7,79.14,100,57,87,6252.1,9920.8,83.0,56,0
1782942846.246,518.591,300.1,79.14,100,58,91,7149.9,4912.3,300.3,79.15,100,57,86,6101.0,7927.4,293.6,79.15,100,58,89,6573.2,8677.2,282.7,79.14,100,57,87,7170.6,8644.2,83.0,56,0
1782942846.688,519.033,300.0,79.14,100,58,91,5949.0,6646.5,300.1,79.15,100,57,86,6327.6,7747.8,293.7,79.15,100,57,90,8885.7,8298.2,282.5,79.14,100,57,87,7944.0,8828.4,83.0,56,0
1782942847.146,519.490,300.0,79.14,100,58,91,5807.3,4708.5,300.0,79.15,100,56,86,7604.9,6878.0,293.8,79.15,100,58,89,6490.1,9734.1,282.8,79.14,100,57,87,6598.1,8756.6,83.0,56,0
1782942847.588,519.933,300.0,79.14,100,58,91,5807.1,5998.5,300.3,79.15,100,58,86,6368.7,7195.4,293.6,79.15,100,58,90,7726.7,8907.0,283.1,79.14,100,57,87,6534.3,10243.1,83.0,56,0
1782942848.032,520.377,300.1,79.14,100,58,91,7177.8,4912.4,300.1,79.15,100,57,86,6060.5,8149.7,293.6,79.15,100,58,89,6614.7,9535.1,283.1,79.14,100,57,87,6746.5,8875.4,83.0,56,0
1782942848.475,520.820,300.0,79.14,100,58,91,5665.6,5864.4,299.8,79.15,100,57,86,6246.5,6875.3,293.4,79.15,100,58,90,7807.8,8498.6,282.4,79.14,100,57,87,6279.6,9758.5,83.0,56,0
1782942848.918,521.263,299.9,79.14,100,58,91,7111.4,5192.8,300.0,79.15,100,57,86,6006.7,7761.9,293.0,79.15,100,58,90,6607.7,8582.3,282.3,79.14,100,56,87,7929.8,8222.5,83.0,56,0
1782942849.361,521.705,299.9,79.14,100,58,91,6090.5,4678.0,299.9,79.15,100,56,86,7607.1,7082.7,293.2,79.15,100,58,90,7606.1,8304.2,282.7,79.14,100,57,87,6412.4,9626.6,83.0,56,0
1782942849.805,522.150,299.9,79.14,100,57,91,7079.3,5007.5,299.9,79.15,100,56,86,5808.0,7898.0,292.8,79.15,100,57,90,6832.9,8269.5,282.1,79.14,100,56,87,7891.9,8594.4,84.0,56,0
1782942850.251,522.596,300.0,79.14,100,58,91,5965.8,4794.9,299.7,79.15,100,57,86,7698.4,7214.4,292.8,79.15,100,57,90,7656.9,8192.4,282.1,79.14,100,56,87,6475.3,10044.0,84.0,56,0
1782942850.695,523.040,300.0,79.14,100,58,91,7008.3,4980.5,299.9,79.15,100,56,86,6257.3,8038.9,292.8,79.15,100,58,90,6742.2,8648.0,282.1,79.14,100,57,87,7845.4,9042.5,84.0,56,0
1782942851.141,523.485,299.9,79.14,100,56,91,6232.0,4637.6,300.1,79.15,100,57,86,7585.3,7042.8,292.8,79.15,100,58,90,6581.8,9166.6,282.6,79.14,100,57,87,6519.1,9532.1,84.0,56,0
1782942851.585,523.929,299.9,79.14,100,56,91,7103.2,4912.4,300.0,79.15,100,57,86,6082.1,7678.4,292.7,79.15,100,57,89,6796.8,8123.9,282.4,79.14,100,56,87,8668.8,8686.7,84.0,56,0
1782942852.029,524.374,299.8,79.14,100,57,91,6483.7,6171.0,299.9,79.15,100,56,86,6389.4,7015.8,292.9,79.15,100,58,90,7804.1,8376.4,282.2,79.14,100,57,87,6352.1,10013.6,84.0,56,0
1782942852.475,524.820,299.9,79.14,100,57,91,7127.9,4956.5,300.1,79.15,100,57,86,6064.1,7946.1,292.8,79.15,100,57,89,6494.3,8196.7,282.3,79.14,100,56,87,7640.0,8528.3,84.0,56,0
1782942852.918,525.263,300.1,79.14,100,58,91,6232.0,4782.6,300.1,79.15,100,56,86,7594.0,7102.8,293.1,79.15,100,58,90,7227.1,9156.5,282.5,79.14,100,57,87,6450.1,9706.9,84.0,56,0
1782942853.363,525.708,300.0,79.14,100,57,91,7094.1,4913.2,300.1,79.15,100,57,86,6154.3,7943.7,292.9,79.15,100,57,90,6857.5,8584.7,282.3,79.14,100,56,87,7812.0,8769.0,84.0,56,0
1782942853.804,526.149,300.2,79.14,100,58,91,5971.7,4711.7,300.1,79.15,100,57,86,7549.6,7301.7,292.9,79.15,100,58,90,6566.0,9622.5,281.9,79.14,100,57,87,6781.8,8585.8,84.0,56,0
1782942854.245,526.590,300.1,79.14,100,58,91,5910.2,5871.1,300.0,79.15,100,57,86,6262.5,6597.9,292.9,79.15,100,58,90,7907.0,8884.7,281.9,79.14,100,57,87,7687.5,8924.4,84.0,56,0
1782942854.687,527.032,300.0,79.14,100,57,91,6164.5,5616.4,300.1,79.15,100,57,86,7613.0,8719.8,293.1,79.15,100,58,90,7872.6,8434.1,282.3,79.14,100,57,87,6445.8,9886.6,85.0,56,0
1782942855.143,527.487,300.1,79.14,100,57,91,7146.9,4947.0,300.2,79.15,100,57,86,6247.2,7877.4,293.2,79.15,100,58,90,6699.6,8329.7,282.8,79.14,100,57,87,7857.6,8548.9,85.0,56,0
1782942855.584,527.928,300.1,79.14,100,57,91,5948.9,4644.1,300.0,79.15,100,57,86,7557.3,7034.7,293.4,79.15,100,58,90,6267.5,9790.8,282.8,79.14,100,57,87,7613.9,10191.1,85.0,56,0
1782942856.028,528.372,300.1,79.14,100,57,91,5563.9,6267.4,300.0,79.15,100,57,86,6254.7,8104.8,293.6,79.15,100,57,90,6673.9,8484.3,282.7,79.14,100,56,87,8007.4,8712.3,85.0,56,0
1782942856.471,528.816,300.0,79.14,100,58,91,6212.2,4717.2,299.9,79.15,100,56,86,7421.0,6872.9,293.2,79.15,100,58,90,6276.4,9687.5,282.9,79.14,100,57,87,6775.9,7980.4,85.0,56,0
1782942856.916,529.260,299.9,79.14,100,58,91,5807.1,5991.8,300.0,79.15,100,57,86,6066.5,6692.5,292.7,79.15,100,57,90,7890.0,8734.8,282.6,79.14,100,57,87,7191.2,9024.4,85.0,56,0
1782942857.357,529.702,300.0,79.14,100,57,91,7248.7,4987.2,300.1,79.15,100,57,86,7317.7,6885.1,293.0,79.15,100,58,90,6405.8,9565.3,282.9,79.14,100,57,87,6647.8,8460.8,85.0,56,0
1782942857.802,530.146,300.1,79.14,100,58,91,5810.3,5893.0,300.1,79.15,100,57,86,6429.3,6793.3,293.1,79.15,100,58,90,7815.1,8564.7,282.9,79.14,100,57,87,6348.6,10384.4,85.0,56,0
1782942858.245,530.590,299.8,79.14,100,56,91,7264.7,5027.8,300.0,79.15,100,57,86,6306.3,7451.5,293.1,79.15,100,58,90,6339.9,9369.9,282.9,79.14,100,57,87,6718.1,8766.8,85.0,56,0
1782942858.691,531.036,299.9,79.14,100,58,91,5949.0,6106.7,300.1,79.15,100,57,86,6469.6,7393.1,292.9,79.15,100,57,90,7080.5,8405.5,282.4,79.14,100,56,87,7924.6,8468.0,85.0,56,0
1782942859.144,531.488,299.9,79.14,100,57,91,6091.0,4872.5,299.6,79.15,100,56,86,7543.8,7270.7,292.7,79.15,100,58,90,6444.1,9485.1,282.2,79.14,100,57,87,6621.5,8889.5,85.0,56,0
1782942859.589,531.933,299.9,79.14,100,57,91,7111.6,4929.8,300.1,79.15,100,57,86,6198.0,7976.9,292.7,79.15,100,57,90,6852.3,8685.3,282.2,79.14,100,56,87,8012.3,8903.3,85.0,56,0
1782942860.032,532.376,300.1,79.14,100,58,91,6092.1,4912.0,300.1,79.15,100,56,86,7865.3,7403.9,293.2,79.15,100,57,90,7295.6,8868.7,282.7,79.14,100,56,87,6947.3,10017.2,85.0,56,0
1782942860.479,532.823,299.9,79.14,100,56,91,6962.8,5044.4,300.0,79.15,100,57,86,6154.8,7602.6,293.2,79.15,100,58,90,6637.1,8534.0,282.5,79.14,100,56,87,7779.1,9092.3,85.0,56,0
1782942860.922,533.267,299.8,79.14,100,57,91,6046.7,7035.5,299.8,79.15,100,56,86,7759.6,7003.4,292.7,79.15,100,58,90,7773.4,8967.9,282.0,79.14,100,57,87,6337.3,9525.3,85.0,56,0
1782942861.376,533.720,300.0,79.14,100,58,91,7158.7,4912.5,300.2,79.15,100,57,86,5836.1,7749.7,292.8,79.15,100,57,90,6615.6,8475.3,282.5,79.14,100,57,87,8072.4,8674.6,85.0,56,0
1782942861.818,534.163,300.1,79.14,100,57,91,5948.8,6022.7,300.0,79.15,100,55,86,6358.7,6666.4,293.1,79.15,100,58,90,7653.0,8763.6,282.6,79.14,100,57,87,7592.6,10303.4,86.0,56,0
1782942862.268,534.613,300.2,79.14,100,58,91,7102.2,4912.4,300.0,79.15,100,55,86,6150.1,7877.1,293.3,79.15,100,57,90,6615.8,9404.1,282.6,79.14,100,57,87,6645.2,8517.6,86.0,56,0
1782942862.711,535.056,299.8,79.14,100,57,91,6294.8,5812.3,299.9,79.15,100,56,86,7833.4,7502.8,293.3,79.15,100,57,90,6731.0,8397.2,282.4,79.14,100,56,87,7793.1,8775.9,86.0,56,0
1782942863.163,535.508,300.0,79.14,100,57,91,5932.0,4912.2,299.9,79.15,100,57,86,7470.2,6978.9,293.1,79.15,100,58,90,6384.9,9509.9,282.1,79.14,100,57,87,6761.0,8601.8,86.0,56,0
1782942863.606,535.951,300.0,79.14,100,57,91,5808.1,6076.2,299.9,79.15,100,56,86,6450.3,6743.2,292.8,79.15,100,58,90,6957.8,8608.6,282.0,79.14,100,57,87,7771.5,9836.7,86.0,56,0
1782942864.053,536.398,300.1,79.14,100,57,91,6164.7,4845.6,300.1,79.15,100,57,86,7645.8,6614.2,292.8,79.15,100,57,90,6373.5,9525.4,282.2,79.14,100,56,87,6602.6,10251.6,86.0,56,0
1782942864.504,536.849,299.9,79.14,100,57,91,7109.2,5230.3,300.0,79.15,100,57,86,6203.1,7426.5,293.1,79.15,100,58,90,6809.1,8347.1,282.3,79.14,100,56,87,7984.4,8167.1,86.0,56,0
1782942864.949,537.294,300.1,79.14,100,57,91,5823.6,4680.4,300.2,79.15,100,56,86,6662.9,6994.6,293.2,79.15,100,57,90,7792.4,8511.9,282.1,79.14,100,56,87,6472.3,9717.5,86.0,56,0
1782942865.393,537.738,300.0,79.14,100,58,91,7109.4,5021.0,300.0,79.15,100,56,86,6212.3,7667.1,293.3,79.15,100,58,90,6665.0,8465.5,282.4,79.14,100,57,87,7943.6,8846.5,86.0,56,0
1782942865.837,538.181,299.9,79.14,100,57,91,5950.3,4665.5,299.8,79.15,100,57,86,7391.1,6881.8,293.0,79.15,100,57,90,7780.3,8634.6,282.1,79.14,100,56,87,6548.2,9384.7,86.0,56,0
1782942866.280,538.625,300.0,79.14,100,58,91,7102.1,4912.3,299.8,79.15,100,57,86,6178.1,8053.6,293.1,79.15,100,58,90,6785.9,8359.4,282.1,79.14,100,56,87,7869.8,8673.1,86.0,56,0
1782942866.731,539.075,300.1,79.14,100,58,91,5873.1,6474.3,300.1,79.15,100,57,86,6417.8,6707.6,293.1,79.15,100,58,90,7764.0,8510.3,282.3,79.14,100,57,87,6449.4,10053.3,87.0,56,0
1782942867.182,539.527,300.0,79.14,100,57,91,7244.3,4912.4,300.4,79.15,100,57,86,6046.7,7859.5,293.8,79.15,100,58,90,6628.3,8348.7,283.0,79.14,100,57,87,7005.8,8470.5,87.0,56,0
1782942867.626,539.971,300.1,79.14,100,58,91,5778.5,4722.9,300.4,79.15,100,57,86,7679.0,6741.8,294.3,79.15,100,58,90,8425.6,9341.0,283.4,79.14,100,57,87,7109.0,9876.3,87.0,56,0
1782942868.079,540.423,300.1,79.14,100,58,91,7128.1,5034.3,300.2,79.15,100,57,86,6055.1,7445.6,294.8,79.15,100,59,90,6624.0,8515.0,283.9,79.14,100,58,87,8085.0,8990.3,87.0,56,0
1782942868.520,540.865,300.0,79.14,100,58,91,5888.4,4445.1,300.1,79.15,100,57,86,7474.9,7019.5,295.2,79.15,100,58,90,6446.5,9433.0,283.8,79.14,100,57,87,6487.0,8232.8,87.0,56,0
1782942868.963,541.308,300.0,79.14,100,57,91,6837.1,5073.5,299.8,79.15,100,56,86,6120.2,7850.5,294.8,79.15,100,57,90,6618.2,8896.5,283.0,79.14,100,56,87,7942.1,8667.5,87.0,56,0
1782942869.409,541.754,299.9,79.14,100,58,91,5977.6,4682.2,299.7,79.15,100,56,86,7227.4,6933.9,294.4,79.15,100,58,90,6342.2,9652.3,283.0,79.14,100,57,87,6710.8,8218.9,87.0,56,0
1782942869.852,542.197,299.9,79.14,100,57,91,5807.1,5996.6,299.8,79.15,100,57,86,6306.4,6825.2,294.1,79.15,100,57,90,7939.2,8428.3,282.6,79.14,100,56,87,6287.3,10374.4,87.0,56,0
1782942870.295,542.639,299.9,79.14,100,58,91,7137.6,4947.1,299.8,79.15,100,57,86,7517.3,6963.3,293.9,79.15,100,58,90,6465.4,9466.3,282.7,79.14,100,57,87,6751.8,8262.1,87.0,56,0
1782942870.738,543.083,300.1,79.14,100,58,91,5953.4,6142.6,299.8,79.15,100,56,86,6626.9,7074.8,293.9,79.15,100,58,90,7903.0,8675.6,282.7,79.14,100,57,87,6590.6,9999.3,87.0,56,0
1782942871.183,543.527,299.9,79.14,100,57,91,7254.1,4889.9,299.7,79.15,100,56,86,6310.2,7571.9,293.8,79.15,100,57,90,6325.2,9722.0,282.5,79.14,100,56,87,6645.9,8357.3,87.0,56,0
1782942871.625,543.969,300.0,79.14,100,57,91,5948.8,5796.6,300.0,79.15,100,57,86,6416.4,7029.6,293.9,79.15,100,58,90,8757.2,8872.2,282.3,79.14,100,56,87,7313.5,8936.0,87.0,56,0
1782942872.080,544.424,300.0,79.14,100,57,91,5955.3,4776.5,299.8,79.15,100,56,86,7403.1,7107.1,293.6,79.15,100,58,90,6313.5,9563.0,282.5,79.14,100,57,87,6772.5,8291.4,87.0,56,0
1782942872.522,544.867,300.0,79.14,100,57,91,5948.7,6164.7,300.2,79.15,100,57,86,6615.2,7120.6,293.5,79.15,100,57,90,7895.8,8792.0,282.5,79.14,100,56,87,6360.9,9816.8,87.0,56,0
1782942872.965,545.309,300.0,79.14,100,57,91,7248.8,4845.7,300.2,79.15,100,56,86,7134.1,7028.9,293.8,79.15,100,58,90,6469.2,9386.7,282.7,79.14,100,57,87,6581.6,8107.8,87.0,56,0
1782942873.409,545.753,300.0,79.14,100,58,91,5665.5,5892.4,299.8,79.15,100,57,86,6417.7,6675.5,293.7,79.15,100,57,90,7776.0,8781.6,282.7,79.14,100,56,87,6299.7,9635.9,87.0,56,0
1782942873.851,546.196,299.9,79.14,100,57,91,6987.6,5157.5,300.1,79.15,100,57,86,6098.7,7511.9,294.0,79.15,100,58,90,6742.5,8944.7,283.1,79.14,100,57,87,6914.0,8590.4,88.0,56,0
1782942874.294,546.639,300.2,79.14,100,57,91,5948.8,5870.7,300.1,79.15,100,57,86,6644.2,7646.2,293.8,79.15,100,58,90,7802.6,8464.3,283.1,79.14,100,57,87,6432.5,9641.2,88.0,56,0
1782942874.740,547.084,300.0,79.14,100,57,91,7112.2,5151.5,300.0,79.15,100,57,86,6628.7,7300.8,293.8,79.15,100,58,90,6428.0,9380.7,283.1,79.14,100,57,87,6733.5,8250.7,88.0,56,0
1782942875.185,547.530,300.1,79.14,100,57,91,5807.1,5931.1,299.9,79.15,100,56,86,6323.0,6784.9,293.4,79.15,100,57,90,7671.1,8456.7,282.6,79.14,100,57,87,6326.4,10413.7,88.0,56,0
1782942875.628,547.973,300.0,79.14,100,58,91,6975.0,4912.5,300.1,79.15,100,56,86,6221.0,8208.4,293.6,79.15,100,58,90,6581.3,8508.8,283.1,79.14,100,57,87,9005.1,8740.7,88.0,56,0
1782942876.075,548.419,300.0,79.14,100,58,91,5807.2,5965.2,300.3,79.15,100,56,86,6435.1,6633.1,293.7,79.15,100,57,90,7709.0,8470.2,283.0,79.14,100,56,87,6278.7,10087.4,88.0,56,0
1782942876.517,548.862,300.1,79.14,100,58,91,7117.4,4921.1,299.9,79.15,100,56,87,6265.7,7978.2,294.1,79.15,100,57,90,6549.5,9519.7,283.1,79.14,100,57,87,6692.2,8932.3,88.0,56,0
1782942876.959,549.304,300.0,79.14,100,57,91,5948.8,6020.4,299.9,79.15,100,57,86,6334.5,6833.3,293.4,79.15,100,57,90,7665.1,8965.0,282.7,79.14,100,56,87,6683.0,10187.9,88.0,56,0
1782942877.401,549.746,300.1,79.14,100,58,91,7120.0,5256.7,299.9,79.15,100,56,86,6292.2,7856.6,293.4,79.15,100,58,90,6785.1,8435.5,283.1,79.14,100,57,87,7843.8,8570.6,88.0,56,0
1782942877.843,550.188,300.0,79.14,100,58,91,6172.2,4733.1,300.0,79.15,100,56,86,7503.3,7371.5,293.5,79.15,100,57,90,6491.4,9582.5,283.3,79.14,100,57,87,7572.1,10064.0,88.0,56,0
1782942878.291,550.635,299.8,79.14,100,57,91,7146.7,5029.3,300.0,79.15,100,56,86,6091.0,7632.0,293.3,79.15,100,58,90,6740.8,8290.6,283.3,79.14,100,57,87,8132.8,8727.5,89.0,56,0
1782942878.738,551.082,300.0,79.14,100,57,91,5823.4,6099.0,300.0,79.15,100,57,87,6306.2,6596.5,293.3,79.15,100,58,90,7667.0,8594.9,282.8,79.14,100,57,87,6376.7,9928.9,89.0,56,0
1782942879.182,551.526,299.9,79.14,100,56,91,7243.8,5129.5,299.8,79.15,100,57,87,6222.5,7900.6,293.3,79.15,100,58,90,6496.5,8428.5,282.7,79.14,100,57,87,7264.9,8315.7,89.0,56,0
1782942879.625,551.969,300.1,79.14,100,59,91,5807.2,5987.6,300.2,79.15,100,57,87,6642.4,6727.9,293.5,79.15,100,58,90,8779.9,8389.2,282.7,79.14,100,56,87,7356.1,9011.6,89.0,56,0
1782942880.078,552.423,300.1,79.14,100,59,91,7262.1,4875.3,300.2,79.15,100,56,86,7360.3,6554.4,294.0,79.15,100,58,90,6502.0,9583.2,283.5,79.14,100,57,87,6498.5,8265.2,89.0,56,0
1782942880.521,552.866,300.1,79.14,100,57,91,5807.1,5821.0,300.2,79.15,100,58,86,6306.9,6833.7,293.9,79.15,100,58,90,7853.7,8414.4,283.5,79.14,100,56,87,6308.3,10048.9,89.0,56,0
1782942880.963,553.308,300.2,79.14,100,58,91,7247.9,5154.6,299.9,79.15,100,56,87,6340.6,7301.6,294.2,79.15,100,58,90,6397.9,9275.3,283.4,79.14,100,57,87,6629.5,8498.7,89.0,56,0
1782942881.410,553.755,300.1,79.14,100,58,91,5665.6,5878.3,300.0,79.15,100,57,87,6472.5,6661.4,294.0,79.15,100,58,90,7652.0,8434.0,283.5,79.14,100,57,87,6336.6,9502.2,89.0,56,0
1782942881.852,554.197,299.8,79.14,100,57,91,7128.4,4917.8,300.1,79.15,100,56,87,5982.9,7504.3,293.9,79.15,100,58,90,6755.9,8500.7,283.5,79.14,100,57,87,6999.5,8002.2,89.0,56,0
1782942882.296,554.641,300.1,79.14,100,58,91,5814.8,6028.5,300.1,79.15,100,56,87,6251.3,6820.2,294.4,79.15,100,58,90,7966.7,8967.9,283.6,79.14,100,57,87,6316.3,9777.0,89.0,56,0
1782942882.742,555.087,300.1,79.14,100,57,91,7175.2,5385.8,300.0,79.15,100,57,87,6243.0,7865.2,294.4,79.15,100,58,90,6640.5,8030.1,283.6,79.14,100,57,87,8138.9,8487.9,89.0,56,0
1782942883.188,555.532,300.2,79.14,100,58,91,5948.8,6073.5,300.0,79.15,100,56,86,6243.4,6713.6,294.6,79.15,100,57,90,7593.8,8633.5,283.5,79.14,100,56,87,6460.1,9631.5,89.0,56,0
1782942883.630,555.974,299.9,79.14,100,58,91,7272.9,4984.7,299.7,79.15,100,56,87,6042.4,7450.6,294.5,79.15,100,58,90,6733.1,9103.4,283.4,79.14,100,56,87,7772.5,8820.9,89.0,56,0
1782942884.076,556.421,299.9,79.14,100,58,91,5948.8,6223.3,299.9,79.15,100,57,86,6474.3,6964.3,293.7,79.15,100,57,90,7741.4,8651.6,282.9,79.14,100,56,87,6250.4,10018.5,89.0,56,0
1782942884.520,556.865,299.8,79.14,100,58,91,7260.9,5161.0,299.8,79.15,100,56,87,6475.8,7526.9,293.7,79.15,100,58,90,6486.0,9099.5,282.9,79.14,100,57,87,6687.6,8314.5,89.0,56,0
1782942884.964,557.309,299.9,79.14,100,58,91,5665.9,5819.4,300.0,79.15,100,57,87,6291.7,6853.9,293.7,79.15,100,58,90,7935.6,8558.6,283.1,79.14,100,56,87,6621.4,10185.6,89.0,56,0
1782942885.408,557.752,299.9,79.14,100,58,91,7115.2,4678.5,299.9,79.15,100,56,87,6039.7,7736.7,293.5,79.15,100,58,90,6539.4,9739.8,283.4,79.14,100,57,87,6621.5,8396.1,90.0,56,0
1782942885.855,558.199,300.0,79.14,100,58,91,5808.8,5935.1,299.9,79.15,100,57,87,6608.3,7076.3,293.7,79.15,100,57,90,7948.0,8307.4,283.2,79.14,100,56,87,6311.7,9957.4,90.0,56,0
1782942886.299,558.644,300.0,79.14,100,57,91,7283.1,5029.3,299.9,79.15,100,57,87,7424.4,7116.5,293.8,79.15,100,59,90,6654.8,9493.6,283.6,79.14,100,57,87,6814.6,8288.8,90.0,56,0
1782942886.741,559.086,300.0,79.14,100,57,91,5811.9,6030.9,300.2,79.15,100,57,87,6375.9,6535.9,293.8,79.15,100,59,90,7946.7,8463.6,283.6,79.14,100,57,87,7288.3,8743.6,90.0,56,0
1782942887.187,559.532,299.9,79.14,100,57,91,5813.9,4678.5,299.9,79.15,100,57,87,7432.8,6884.0,293.8,79.15,100,58,90,6160.5,9412.9,283.7,79.14,100,57,87,6820.2,8147.9,90.0,56,0
1782942887.630,559.975,300.1,79.14,100,58,91,5700.9,5854.2,300.2,79.15,100,57,87,6296.5,6863.1,294.3,79.15,100,59,90,7797.9,8964.4,283.6,79.14,100,57,87,6548.2,10080.4,90.0,56,0
1782942888.077,560.422,300.1,79.14,100,58,91,7122.8,5029.3,300.1,79.15,100,56,87,6212.6,7625.4,294.7,79.15,100,58,90,6474.0,9241.8,284.1,79.14,100,57,87,6662.8,8002.2,90.0,56,0
1782942888.519,560.864,300.2,79.14,100,58,91,5948.8,5625.3,300.2,79.15,100,58,87,7042.2,6744.3,295.0,79.15,100,58,90,7865.4,8504.7,284.2,79.14,100,56,87,6393.3,10096.2,90.0,56,0
1782942889.419,561.763,299.9,79.14,100,57,91,5691.4,5854.4,299.7,79.15,100,57,87,6532.1,7109.3,294.6,79.15,100,57,90,7813.5,8485.9,283.3,79.14,100,57,87,6383.0,10197.7,90.0,56,0
1782942889.861,562.206,299.8,79.14,100,57,91,7103.9,4912.4,299.7,79.15,100,57,87,6864.3,7053.9,294.0,79.15,100,58,90,6485.6,9938.5,282.7,79.14,100,57,87,6859.1,8450.9,90.0,56,0
1782942890.303,562.648,300.2,79.14,100,58,91,5808.2,5954.2,299.7,79.15,100,57,87,6347.1,6757.5,294.4,79.15,100,58,90,7673.5,8605.9,283.1,79.14,100,57,87,6568.7,10017.0,91.0,56,0
1782942890.746,563.090,299.9,79.14,100,57,91,7008.8,5032.1,299.9,79.15,100,56,86,6349.0,7785.6,294.4,79.15,100,58,90,6585.7,9438.7,283.1,79.14,100,57,87,6616.8,8597.7,91.0,56,0
1782942891.192,563.536,299.9,79.14,100,58,91,5807.1,5941.5,299.9,79.15,100,56,87,6591.5,6873.5,293.7,79.15,100,57,90,7767.1,8225.2,282.4,79.14,100,56,87,6602.0,9801.8,91.0,56,0
1782942891.634,563.979,300.0,79.14,100,57,91,7108.8,4938.7,299.8,79.15,100,56,87,7031.0,7206.5,293.7,79.15,100,58,90,6648.4,9692.1,282.6,79.14,100,57,87,6820.6,7909.8,91.0,56,0
1782942892.085,564.430,300.0,79.14,100,57,91,5807.1,5998.6,300.2,79.15,100,56,87,6340.7,6975.7,293.9,79.15,100,57,90,7875.1,8468.1,282.8,79.14,100,56,87,7643.8,8316.1,91.0,56,0
1782942892.528,564.873,300.0,79.14,100,58,91,6090.3,4678.4,300.1,79.15,100,56,87,7317.6,6893.9,294.1,79.15,100,58,90,6838.4,9350.3,283.1,79.14,100,57,87,6672.8,8028.7,91.0,56,0
1782942892.972,565.317,300.0,79.14,100,58,91,5935.5,6004.5,300.2,79.15,100,57,87,6534.1,7501.5,294.2,79.15,100,58,90,6790.0,8154.4,283.3,79.14,100,56,87,7846.6,8423.5,91.0,56,0
1782942893.416,565.760,300.0,79.14,100,58,91,6232.4,4795.4,300.0,79.15,100,57,87,7456.2,6902.5,294.1,79.15,100,58,90,6616.7,9700.0,283.4,79.14,100,57,87,6756.8,8372.2,91.0,56,0
1782942893.858,566.203,300.1,79.14,100,58,91,5526.9,5876.1,299.8,79.15,100,57,87,6605.5,6600.9,294.4,79.15,100,58,90,9034.4,8278.4,283.7,79.14,100,57,87,7761.8,8581.4,91.0,56,0
1782942894.310,566.654,299.9,79.14,100,57,91,6215.9,4864.5,299.8,79.15,100,57,87,7535.8,7046.7,294.2,79.15,100,57,90,6588.0,9765.2,283.4,79.14,100,58,87,6691.3,8013.0,91.0,56,0
1782942894.752,567.097,300.1,79.14,100,58,91,8090.2,2.3,299.8,79.15,100,57,87,11704.8,17244.8,294.1,79.15,91,53,90,21090.8,15758.9,283.4,79.14,100,58,87,6917.8,4.9,91.0,56,0
1782942895.755,568.100,292.2,79.14,99,45,92,9.9,12210.1,288.6,79.15,99,47,87,5024.9,8564.7,284.9,79.15,99,59,90,10375.5,5262.9,273.8,79.14,99,60,87,13105.3,5.2,91.0,56,0
1782942896.197,568.542,297.3,79.14,99,43,92,2.7,17112.4,286.6,79.15,99,43,87,2.2,5234.1,280.0,79.15,99,44,90,12915.3,4.7,271.0,79.14,99,43,88,11793.1,7408.2,91.0,56,0
1782942896.638,568.982,299.7,79.14,99,48,92,2.3,17110.6,290.5,79.15,99,47,86,10.6,8575.5,281.9,79.15,99,50,91,8160.7,171.3,272.1,79.14,99,45,88,16180.3,7.3,91.0,56,0
1782942897.096,569.440,299.7,79.14,99,48,92,3.5,17110.6,291.0,79.15,99,46,86,2.3,4209.7,282.4,79.15,99,54,91,14191.9,4.9,273.2,79.14,99,49,88,10389.2,8597.5,91.0,56,0
1782942897.538,569.883,302.2,79.14,99,47,92,1.9,12620.7,293.8,79.15,99,46,87,4539.4,3062.5,287.4,79.15,100,57,90,15417.6,5.6,278.0,79.14,100,54,87,20380.2,245.4,91.0,56,0
1782942897.979,570.324,299.5,79.14,99,45,92,21722.7,17175.7,293.3,79.15,99,41,86,20895.5,16410.6,285.5,79.15,99,45,91,20748.1,17191.9,274.0,79.14,99,45,87,20745.5,5.3,91.0,56,0
1782942898.422,570.766,290.9,79.14,100,13,90,1.7,17111.3,285.5,79.15,100,60,87,20707.7,4.8,274.7,79.15,100,51,90,1.8,4.2,266.8,79.14,100,48,87,389.2,17301.8,91.0,56,0
1782942898.864,571.209,293.4,79.14,100,61,92,3.5,4.3,290.1,79.15,100,60,87,1.9,13996.5,282.5,79.15,100,47,90,18854.4,3634.0,273.1,79.14,100,47,88,7.5,5.3,91.0,56,0
1782942899.306,571.651,298.2,79.14,100,50,91,17867.3,7065.0,290.1,79.15,100,60,87,3.5,4.7,294.8,79.15,100,57,91,1962.2,15645.4,282.8,79.14,100,54,88,19684.6,4.7,91.0,56,0
1782942899.747,572.092,296.4,79.14,100,46,91,20712.3,8.2,297.9,79.15,100,57,87,4.7,10301.3,294.8,79.15,100,57,91,18282.9,7616.6,282.8,79.14,100,54,88,4.5,5.4,91.0,56,0
1782942900.192,572.536,295.9,79.14,100,43,92,10502.7,15345.8,295.0,79.15,100,45,87,11273.3,5.9,286.2,79.15,100,46,91,3.8,17226.1,275.5,79.14,100,46,87,20750.6,5.9,91.0,56,0
1782942900.632,572.977,290.8,79.14,100,44,91,16285.8,4.7,290.4,79.15,99,42,87,2.9,66.2,280.2,79.15,100,46,90,19710.0,17201.2,268.4,79.14,100,38,88,12.3,10.2,91.0,56,0
1782942901.082,573.427,290.8,79.14,100,44,91,2909.7,4.8,284.0,79.15,100,43,87,2.1,8197.6,276.4,79.15,100,40,89,18392.1,9790.4,264.6,79.14,99,45,87,2.5,4.9,91.0,56,0
1782942901.524,573.869,284.5,79.14,100,46,90,17164.9,9744.7,283.3,79.15,100,43,86,2.7,4.8,277.2,79.15,100,48,91,1093.4,16820.4,267.8,79.14,100,56,88,20752.8,5.3,91.0,56,0
1782942901.965,574.310,276.1,79.14,100,46,90,12008.9,14744.5,286.3,79.15,100,46,86,3990.1,4.5,280.0,79.15,100,47,90,2.4,1034.7,269.5,79.14,100,47,87,18854.0,16722.3,91.0,56,0
1782942902.413,574.758,285.1,79.14,100,58,91,1.8,17113.3,293.2,79.15,100,55,87,20706.3,4.6,283.1,79.15,100,48,90,2.6,4.5,274.4,79.14,100,48,87,10366.5,14860.0,91.0,56,0
1782942902.855,575.200,292.1,79.14,100,49,91,3.6,11705.6,295.0,79.15,99,47,86,18907.0,5685.3,290.8,79.15,100,56,91,2.8,7.3,279.9,79.14,100,55,88,1099.7,16758.8,91.0,56,0
1782942903.298,575.642,299.8,79.14,100,47,91,2.7,4.1,295.0,79.15,99,47,86,20234.1,17111.9,287.3,79.15,100,48,90,3.6,5.0,276.9,79.14,100,46,87,2.4,17267.8,91.0,56,0
1782942903.740,576.084,299.1,79.14,100,45,91,1406.2,15942.7,295.7,79.15,100,47,87,16467.6,7.8,287.3,79.15,100,48,90,3.5,17231.7,276.9,79.14,100,46,87,20756.9,6.0,91.0,56,0
1782942904.188,576.533,296.9,79.14,100,44,91,2.4,5.3,294.5,79.15,100,45,88,5384.2,15728.6,284.9,79.15,100,44,91,15400.5,5.8,274.1,79.14,100,46,86,2.2,16236.0,4.0,0,13
1782942904.630,576.975,294.9,79.14,100,63,92,2131.9,4.2,289.8,79.15,100,47,86,2.8,65.5,282.1,79.15,100,47,90,19693.8,17201.7,268.3,79.14,98,30,86,8.4,9.4,4.0,0,13
1782942905.077,577.421,294.9,79.14,100,63,92,7798.1,14955.7,286.8,79.15,100,53,87,14600.6,4.8,276.6,79.15,100,49,90,1.9,4.3,268.5,79.14,100,50,87,20604.6,14452.3,4.0,0,13
1782942905.519,577.863,297.2,79.14,100,66,92,2.6,4.0,291.8,79.15,100,54,87,20736.1,16079.8,284.5,79.15,100,48,90,16.4,4.9,275.1,79.14,100,48,87,2.0,10296.7,4.0,0,13
1782942905.962,578.307,299.9,79.14,100,53,92,3.5,7.2,298.3,79.15,100,53,87,17347.6,15210.3,295.7,79.15,100,54,91,3965.0,5.7,284.8,79.14,100,52,88,492.8,16782.8,4.0,0,13
1782942906.406,578.750,299.2,79.14,100,46,91,18930.1,8733.6,293.9,79.15,100,45,87,2.1,5.4,287.6,79.15,100,47,90,20761.9,17200.1,276.7,79.14,100,40,87,2.6,5.6,4.0,0,13
1782942906.846,579.191,299.7,79.14,100,44,92,1029.5,16196.0,287.0,79.15,100,42,86,20282.0,5.1,278.7,79.15,100,39,90,2.3,2957.6,267.8,79.14,100,44,88,19101.4,13238.0,4.0,0,13
1782942907.290,579.635,298.4,79.14,100,48,92,18427.3,15245.4,287.0,79.15,100,42,86,2.8,4.6,281.3,79.15,100,58,91,3.8,17247.7,267.8,79.14,100,44,88,20749.8,4.7,4.0,0,13
1782942907.732,580.076,300.1,79.14,100,45,92,18076.6,8741.0,287.7,79.15,100,52,87,8.7,7.2,281.3,79.15,100,58,91,12020.6,15168.3,270.8,79.14,100,52,88,9890.2,4.9,4.0,0,13
1782942908.180,580.525,300.3,79.14,100,48,91,18217.3,11407.4,295.2,79.15,100,44,87,1.9,4.4,282.9,79.15,100,48,90,717.2,16773.7,275.5,79.14,100,47,86,20755.3,4.5,4.0,0,13
1782942908.623,580.967,300.3,79.14,100,48,91,20708.5,17116.6,296.4,79.15,100,52,87,2.0,4.7,287.6,79.15,100,57,91,2.4,8025.8,278.8,79.14,100,56,88,18277.4,10269.7,4.0,0,13
1782942909.065,581.410,300.3,79.14,100,48,91,9133.7,15245.9,294.9,79.15,100,48,86,13171.2,4.9,286.9,79.15,100,49,89,2.4,525.1,277.0,79.14,100,47,86,19266.0,17047.3,4.0,0,13
1782942909.506,581.851,300.9,79.14,100,55,92,1.8,17115.7,297.6,79.15,100,58,87,20706.5,4.6,288.0,79.15,100,50,91,3.5,4.5,276.7,79.14,100,49,88,16312.6,14815.3,4.0,0,13
1782942909.947,582.292,299.1,79.14,100,48,91,6258.8,18458.3,294.3,79.15,100,44,86,10275.3,5.6,288.1,79.15,100,47,90,2.5,17237.5,275.0,79.14,100,45,86,20754.7,5.7,4.0,0,13
1782942910.393,582.737,298.0,79.14,100,44,92,2.1,5.4,292.0,79.15,100,45,86,18102.4,15129.9,282.8,79.15,100,46,91,3550.6,5.6,269.7,79.14,100,44,88,1.9,17250.0,4.0,0,13
1782942910.835,583.179,298.1,79.14,100,46,92,2.7,4.2,278.0,79.15,100,13,86,520.0,17146.5,272.0,79.15,100,13,89,19691.9,5.4,265.0,79.14,100,63,88,5.7,6.6,7.0,1,11
1782942911.288,583.632,283.2,79.14,100,49,90,20709.9,17108.3,278.0,79.15,100,13,86,1.8,4.3,278.5,79.15,100,70,91,3.5,535.3,265.0,79.14,100,63,88,19719.0,17214.9,7.0,1,11
1782942911.729,584.074,282.3,79.14,100,50,91,5.1,11076.9,284.1,79.15,100,55,87,17830.3,7597.4,278.5,79.15,100,70,91,4.6,4.3,270.0,79.14,100,63,88,2.2,16869.2,7.0,1,11
1782942912.180,584.525,294.9,79.14,99,47,91,3.8,4.4,292.3,79.15,100,47,86,15861.2,13550.0,291.4,79.15,100,63,91,7582.6,4.7,283.9,79.14,100,61,88,2.4,567.1,7.0,1,11
1782942912.622,584.967,282.9,79.14,100,43,91,2.0,5.1,297.8,79.15,100,44,87,20738.3,15805.8,289.9,79.15,100,44,90,91.5,8.5,273.1,79.14,100,35,86,7519.8,15201.0,7.0,1,11
1782942913.066,585.410,282.9,79.14,100,43,91,20707.1,7.0,286.5,79.15,100,43,86,4.7,11000.8,277.1,79.15,99,40,90,18814.2,6668.4,266.6,79.14,100,44,86,5.1,5.1,7.0,1,11
1782942913.509,585.854,277.9,79.14,100,44,90,2.0,10608.1,281.2,79.15,100,45,86,18641.1,7336.1,273.2,79.15,100,46,90,3.9,4.8,266.0,79.14,100,45,86,2447.1,15769.9,7.0,1,11
1782942913.951,586.296,294.8,79.14,100,47,92,5.1,17119.1,289.2,79.15,100,45,87,20704.7,6.4,279.7,79.15,100,52,91,2.0,4.5,273.2,79.14,100,48,88,19496.6,15054.5,7.0,1,11
1782942914.396,586.740,303.7,79.14,100,57,92,1.8,17115.6,294.4,79.15,100,55,87,20706.4,4.8,287.3,79.15,100,51,90,4.5,4.5,277.4,79.14,100,50,87,17581.3,14903.9,7.0,1,11
1782942914.838,587.182,301.7,79.14,100,48,91,1.9,12863.6,295.2,79.15,100,46,87,17860.5,5684.2,287.0,79.15,99,54,91,2.2,5.2,277.9,79.14,100,46,87,9343.4,15258.5,7.0,1,11
1782942915.284,587.629,302.2,79.14,100,57,92,2.4,7506.8,295.2,79.15,100,46,87,18191.8,10808.6,286.5,79.15,100,46,90,2.4,4.8,277.9,79.14,100,46,87,1086.7,16740.0,7.0,1,11
1782942915.726,588.070,299.0,79.14,100,49,92,5.1,4152.4,295.4,79.15,100,50,87,18184.8,14225.9,286.5,79.15,100,46,90,2.5,4.8,275.7,79.14,100,46,87,1095.5,16526.1,7.0,1,11
1782942916.171,588.515,300.6,79.14,100,49,92,3.6,17112.3,293.7,79.15,100,45,86,20706.9,5.7,286.1,79.15,100,54,91,2.7,5.2,277.4,79.14,100,49,88,19708.3,17188.7,7.0,1,11
1782942916.611,588.956,300.6,79.14,100,49,92,11739.2,5.8,290.9,79.15,100,47,87,2.0,17126.8,285.0,79.15,100,46,90,20745.2,6.3,273.9,79.14,100,42,87,5.2,11373.9,7.0,1,11
1782942917.055,589.399,299.9,79.14,99,45,92,20705.1,17111.1,288.3,79.15,100,42,86,20705.2,17105.1,281.3,79.15,100,41,90,1.9,4.7,270.4,79.14,100,45,87,1.9,661.4,10.0,3,9
1782942917.498,589.843,289.7,79.14,100,13,91,20708.8,17106.1,280.0,79.15,100,46,87,2.6,4.1,269.2,79.15,100,44,89,3.5,519.4,256.5,79.14,100,32,86,18090.0,14091.4,10.0,3,9
1782942917.939,590.284,273.0,79.14,100,52,90,5.1,4.5,281.5,79.15,100,47,87,8417.9,14739.5,272.7,79.15,100,54,91,13874.4,4.8,266.0,79.14,100,54,88,2.3,3.8,10.0,3,9
1782942918.383,590.728,277.0,79.14,100,54,91,3791.1,4.5,292.4,79.15,100,48,86,1.9,3952.6,285.6,79.15,100,47,89,17883.7,14030.2,281.5,79.14,100,47,87,2.1,4.9,10.0,3,9
1782942918.824,591.169,296.4,79.14,100,50,91,2.1,5.6,296.6,79.15,100,44,86,15907.4,15150.5,290.4,79.15,100,45,90,5777.8,5.6,278.9,79.14,100,42,87,2.5,17254.8,10.0,3,9
1782942919.266,591.611,296.7,79.14,100,38,92,18482.0,3647.9,296.6,79.15,100,44,86,3.8,679.9,282.7,79.15,100,43,91,18886.4,16638.3,278.9,79.14,100,42,87,3.8,6.1,10.0,3,9
1782942919.707,592.052,295.2,79.14,100,43,91,5.1,7.1,288.3,79.15,100,45,86,20305.3,17124.6,282.7,79.15,100,43,91,5.5,5.4,269.6,79.14,100,44,87,1090.4,16801.0,10.0,3,9
1782942920.160,592.504,286.6,79.14,100,50,91,1.9,4.4,283.2,79.15,100,38,86,20238.6,17110.3,274.0,79.15,100,48,90,4.2,5.4,263.6,79.14,100,40,86,1130.7,16258.9,10.0,3,9
1782942920.602,592.947,286.6,79.14,100,50,91,2.6,4.1,287.0,79.15,100,45,87,20263.5,15137.8,277.3,79.15,100,45,90,934.7,4.8,269.0,79.14,100,50,87,4.4,678.6,10.0,3,9
1782942921.046,593.391,283.1,79.14,100,44,90,8.8,4.6,284.5,79.15,100,37,85,1.9,12634.8,279.6,79.15,100,53,90,17718.1,5834.7,270.8,79.14,100,55,87,2.8,4.9,10.0,3,9
1782942921.489,593.834,280.8,79.14,99,47,91,1279.6,4.3,287.5,79.15,100,46,86,1.9,6561.6,278.7,79.15,100,47,91,18089.3,11544.5,267.6,79.14,100,47,87,1.9,5.2,10.0,3,9
1782942921.929,594.274,283.5,79.14,100,50,92,2.3,9.8,290.5,79.15,100,47,86,1.9,17149.5,284.8,79.15,100,52,90,20568.6,230.3,274.1,79.14,100,50,87,1.9,5.5,10.0,3,9
1782942922.373,594.718,299.3,79.14,100,46,91,3.6,5.2,293.3,79.15,100,49,87,15703.9,15004.2,286.3,79.15,100,48,90,6005.8,5.0,274.9,79.14,100,45,87,3.8,17241.7,10.0,3,9
1782942922.814,595.159,299.0,79.14,100,45,90,20707.8,17108.8,293.3,79.15,100,49,87,3.4,6.0,280.2,79.15,100,43,89,1135.7,16487.7,270.9,79.14,100,44,87,20270.1,8.3,10.0,3,9
1782942923.257,595.602,287.1,79.14,99,38,90,2.1,6.6,291.4,79.15,100,41,87,18081.6,19235.5,280.2,79.15,100,43,89,20747.8,17188.2,270.9,79.14,100,44,87,20759.3,17184.3,13.0,5,7
1782942923.701,596.046,276.3,79.14,100,53,92,20708.6,7.5,279.9,79.15,100,39,86,8.2,9.5,273.3,79.15,100,41,90,10247.3,14976.8,253.6,79.14,98,11,86,11342.5,4.3,13.0,5,7
1782942924.149,596.494,284.2,79.14,100,50,91,1.8,17108.8,277.4,79.15,100,66,87,20535.2,5.3,269.9,79.15,100,58,90,2.9,4.7,261.4,79.14,100,55,87,3426.6,15013.1,13.0,5,7
1782942924.592,596.936,284.2,79.14,100,50,91,1.9,4.7,288.5,79.15,100,56,87,10347.5,16325.7,284.9,79.15,100,59,90,9900.5,4.8,275.4,79.14,100,62,88,1.9,543.8,13.0,5,7
1782942925.035,597.380,300.9,79.14,100,50,91,2.0,5.5,299.5,79.15,100,44,87,20718.7,17113.7,292.2,79.15,100,53,90,2.2,10.9,279.7,79.14,100,46,87,13048.9,15131.9,13.0,5,7
1782942925.481,597.826,300.1,79.14,100,44,92,20707.9,5.6,294.3,79.15,100,45,86,3.7,9417.9,287.0,79.15,100,45,90,18141.9,8316.2,273.6,79.14,100,41,87,4.3,5.4,13.0,5,7
1782942925.922,598.266,296.4,79.14,100,46,91,319.5,21716.8,288.3,79.15,100,44,86,13758.8,7.3,279.2,79.15,100,42,89,2.8,607.5,269.6,79.14,100,45,86,19715.1,17206.5,13.0,5,7
1782942926.371,598.716,291.2,79.14,100,41,90,3.5,17112.6,285.1,79.15,100,46,86,20711.7,5.3,277.3,79.15,100,56,90,2.7,4.8,268.2,79.14,100,52,87,14596.5,14842.4,13.0,5,7
1782942926.814,599.159,286.8,79.14,100,44,91,1.9,17117.0,285.1,79.15,100,46,86,20707.5,4.9,280.1,79.15,100,47,91,4.3,4.8,269.8,79.14,100,47,86,18442.3,15515.8,13.0,5,7
1782942927.256,599.600,288.7,79.14,100,48,92,1.8,6040.7,287.5,79.15,100,45,86,20102.6,10520.4,280.1,79.15,100,47,91,2.9,4.5,269.8,79.14,100,47,86,1073.7,16795.8,13.0,5,7
1782942927.698,600.043,298.9,79.14,100,48,91,2.7,9.9,293.1,79.15,100,55,87,20732.6,17115.8,287.0,79.15,100,57,90,7.4,6.9,277.2,79.14,100,57,87,1.9,13627.8,13.0,5,7
1782942928.146,600.491,301.1,79.14,100,55,91,1.9,5.3,295.0,79.15,100,48,85,20725.1,16272.6,287.5,79.15,100,49,89,2.6,4.7,276.8,79.14,100,47,86,2.0,5705.8,13.0,5,7
1782942928.590,600.935,301.1,79.14,100,55,91,3.5,4.6,298.2,79.15,100,57,87,10077.2,14775.2,286.9,79.15,100,50,90,11849.8,4.9,276.6,79.14,100,46,87,2.3,1674.3,13.0,5,7
1782942929.033,601.378,299.3,79.14,100,49,91,2.9,14906.0,293.4,79.15,100,44,86,18178.3,3548.8,288.1,79.15,100,49,90,2.9,508.2,275.1,79.14,100,45,86,19815.0,14572.5,13.0,5,7
1782942929.478,601.823,297.6,79.14,100,44,92,5754.7,5.5,288.5,79.15,100,45,86,4.0,17115.4,282.9,79.15,100,46,90,20746.5,6.3,269.8,79.14,100,44,87,3.8,8954.8,16.0,7,5
1782942929.922,602.267,298.4,79.14,100,46,91,9292.9,7.5,278.5,79.15,100,14,85,5.2,19.1,271.7,79.15,100,13,89,19710.2,17199.6,265.6,79.14,100,63,87,2.2,3.9,16.0,7,5
1782942930.365,602.710,293.9,79.14,100,50,91,1.8,17113.7,286.2,79.15,100,49,86,20705.4,4.8,278.8,79.15,100,61,91,2.2,4.5,272.5,79.14,100,63,88,6025.1,15019.4,16.0,7,5
1782942930.808,603.152,295.0,79.14,100,49,91,2.3,4.3,286.2,79.15,100,49,86,6526.9,14794.6,286.0,79.15,100,48,89,15364.8,5.7,285.2,79.14,100,46,87,1.9,536.7,16.0,7,5
1782942931.252,603.597,300.5,79.14,100,53,91,1.8,4.4,295.8,79.15,100,47,86,503.4,17124.2,286.0,79.15,100,48,89,20751.8,5.5,285.2,79.14,100,46,87,3.0,7757.5,16.0,7,5
1782942931.695,604.039,298.1,79.14,100,46,91,20708.0,17113.8,300.5,79.15,100,54,87,8.4,8.5,293.0,79.15,100,47,90,16512.6,15009.2,282.3,79.14,100,45,87,5265.2,5.8,16.0,7,5
1782942932.139,604.484,295.9,79.14,100,36,92,2.1,14340.6,290.8,79.15,100,39,86,18422.5,3976.7,285.5,79.15,100,44,90,2.9,5.5,272.4,79.14,99,44,87,20774.3,17193.4,16.0,7,5
1782942932.580,604.924,295.9,79.14,100,36,92,20709.1,16500.6,285.2,79.15,100,45,85,4.8,4.7,278.1,79.15,100,46,90,1.9,11507.3,267.1,79.14,100,48,87,18061.8,6686.3,16.0,7,5
1782942933.023,605.368,300.3,79.14,100,56,92,20709.2,17108.5,290.1,79.15,100,52,87,2.0,4.9,280.8,79.15,100,46,90,3.4,17238.1,272.4,79.14,100,44,87,20747.6,4.7,16.0,7,5
1782942933.463,605.808,300.8,79.14,100,47,91,20708.1,17116.4,294.7,79.15,100,48,86,2.0,4.8,283.1,79.15,100,50,89,1.9,7757.5,274.5,79.14,100,47,86,17880.6,10746.3,16.0,7,5
1782942933.905,606.250,300.3,79.14,100,57,92,6836.3,14847.2,294.9,79.15,100,54,87,15523.5,6.8,286.9,79.15,100,46,90,7.1,525.5,277.1,79.14,100,48,87,19701.0,17191.7,16.0,7,5
1782942934.351,606.696,299.9,79.14,100,50,91,807.8,16455.5,294.2,79.15,100,46,87,20218.3,4.8,288.8,79.15,100,51,90,2.0,4.2,277.1,79.14,100,47,87,20454.3,17210.8,16.0,7,5
1782942934.792,607.137,300.8,79.14,100,58,92,6.2,17116.6,294.2,79.15,100,46,87,20707.9,5.3,285.1,79.15,100,46,90,2.8,4.6,277.1,79.14,100,47,87,12072.0,15068.4,16.0,7,5
1782942935.235,607.579,299.4,79.14,100,46,92,10455.1,15125.0,296.2,79.15,100,54,86,10098.3,5.9,285.1,79.15,100,46,90,2.1,17227.4,275.5,79.14,100,47,87,20747.7,5.7,16.0,7,5
1782942935.678,608.023,296.6,79.14,100,45,92,2.2,6.8,292.8,79.15,100,45,85,20716.1,17109.6,284.0,79.15,100,46,89,5.3,8.0,273.5,79.14,100,45,88,12617.2,15223.9,19.0,9,3
1782942936.131,608.475,288.8,79.14,100,17,91,2.7,97.6,287.7,79.15,100,44,86,19254.5,17108.6,279.4,79.15,100,44,90,2.7,4.6,269.2,79.14,100,46,87,1.9,12678.4,19.0,9,3
1782942936.573,608.918,288.8,79.14,100,17,91,5569.6,4.0,282.3,79.15,100,54,87,2.7,4.1,276.8,79.15,100,61,90,19261.9,14866.5,267.8,79.14,100,63,87,2972.8,4.9,19.0,9,3
1782942937.014,609.359,293.9,79.14,100,51,91,20707.3,16178.7,288.0,79.15,100,50,86,114.3,4.4,285.0,79.15,100,60,90,3.6,512.3,274.7,79.14,100,58,87,19724.2,17200.4,19.0,9,3
1782942937.456,609.801,298.1,79.14,100,50,91,2.6,17115.8,298.9,79.15,100,48,86,20705.3,4.6,293.2,79.15,100,54,90,2.7,4.7,281.5,79.14,100,45,87,19332.9,15291.4,19.0,9,3
1782942937.943,610.288,301.4,79.14,100,53,92,5.4,17114.5,294.1,79.15,100,43,86,20705.6,6.2,289.4,79.15,100,44,90,3.0,8622.0,276.5,79.14,100,45,87,18627.8,9136.8,19.0,9,3
1782942938.390,610.734,298.0,79.14,100,39,92,3.9,5.6,288.0,79.15,100,44,86,10187.4,15312.0,280.3,79.15,100,43,90,11018.4,5.3,268.6,79.14,100,43,87,3.7,14445.5,19.0,9,3
1782942938.831,611.175,297.8,79.14,100,45,92,2.7,14376.9,287.0,79.15,100,46,85,17907.1,4244.3,276.9,79.15,100,46,89,2.3,5.0,268.3,79.14,100,48,86,10332.4,15069.9,19.0,9,3
1782942939.274,611.618,300.8,79.14,100,51,92,2.2,17116.4,287.0,79.15,100,46,85,20707.1,4.9,283.8,79.15,100,52,90,2.9,4.9,268.3,79.14,100,48,86,19997.3,15120.2,19.0,9,3
1782942939.719,612.064,302.4,79.14,100,49,91,8.4,12189.9,292.7,79.15,100,58,87,20967.3,1921.7,283.8,79.15,100,52,90,6.1,5.2,276.5,79.14,100,50,87,5488.1,14836.4,19.0,9,3
1782942940.166,612.510,302.1,79.14,100,55,92,2.2,197.0,294.3,79.15,100,47,85,19232.0,17112.0,286.7,79.15,100,49,89,9.7,4.7,277.2,79.14,100,47,86,1.9,13581.9,19.0,9,3
1782942940.607,612.952,302.1,79.14,100,55,92,3.2,4.5,297.7,79.15,100,58,87,13181.9,15024.7,287.1,79.15,100,48,90,8309.0,5.2,276.8,79.14,100,47,87,5.7,10013.6,19.0,9,3
1782942941.054,613.398,298.7,79.14,100,46,90,2.8,4.4,293.8,79.15,100,46,85,1142.3,16230.8,289.9,79.15,100,56,90,19928.5,4.7,279.6,79.14,100,59,88,2.8,4.7,19.0,9,3
1782942941.495,613.839,299.8,79.14,100,47,91,20707.0,4.6,289.8,79.15,100,35,85,4.6,4.6,282.8,79.15,100,37,88,20787.7,16591.1,269.9,79.14,100,37,86,4.0,5.7,19.0,9,3
1782942941.936,614.281,283.5,79.14,100,50,91,5.1,8612.5,286.5,79.15,100,44,86,18995.6,9238.7,278.8,79.15,100,44,90,3.0,5.7,266.1,79.14,100,45,87,20771.9,17193.9,19.0,9,3
1782942942.377,614.722,278.8,79.14,100,43,92,2911.9,14715.4,279.6,79.15,98,34,85,3.6,8563.3,277.9,79.15,98,44,90,10376.4,4.1,264.0,79.14,99,35,87,10389.3,8603.1,22.0,11,1
1782942942.819,615.163,294.4,79.14,99,51,92,20706.1,3.9,279.6,79.15,98,34,85,503.2,17111.8,278.9,79.15,99,47,90,3.7,8324.9,271.5,79.14,99,46,87,10375.2,7.1,22.0,11,1
1782942943.262,615.607,297.6,79.14,99,49,91,10354.2,6450.6,290.1,79.15,99,59,86,11993.0,65.9,278.9,79.15,99,47,90,19115.0,11.3,271.5,79.14,99,46,87,20752.6,7.2,22.0,11,1
1782942943.706,616.051,297.9,79.14,99,43,91,7.3,6030.4,292.1,79.15,99,41,86,11108.8,9.4,283.0,79.15,99,45,90,13756.5,5257.3,274.1,79.14,99,40,87,1100.0,16236.2,22.0,11,1
1782942944.149,616.494,298.8,79.14,99,48,92,1.9,6654.6,287.3,79.15,99,47,86,11721.9,4.6,281.9,79.15,99,48,90,10551.5,8133.5,270.8,79.14,99,49,87,2.5,15794.6,22.0,11,1
1782942944.590,616.935,298.8,79.14,99,48,92,10355.6,4.5,289.6,79.15,99,47,86,13612.1,5758.2,282.9,79.15,99,50,90,1071.0,16738.7,274.0,79.14,99,52,87,3.6,8637.3,22.0,11,1
1782942945.037,617.381,301.6,79.14,99,47,91,10356.4,5.0,295.5,79.15,100,53,86,19824.6,768.6,286.2,79.15,99,47,90,10382.4,8597.1,275.3,79.14,99,46,86,6879.5,11470.1,22.0,11,1
1782942945.479,617.823,300.2,79.14,99,45,91,4316.9,3809.1,290.8,79.15,99,44,85,4277.8,3923.3,284.3,79.15,99,44,90,4052.7,4542.4,271.3,79.14,99,45,87,4333.9,4494.0,23.0,16,0
1782942945.920,618.264,299.1,79.14,100,57,91,4069.9,3554.0,290.7,79.15,99,61,86,3976.3,4747.7,282.5,79.15,99,64,89,4390.5,5506.8,270.6,79.14,100,61,86,4032.3,5507.9,23.0,16,0
1782942946.362,618.707,304.0,79.14,99,62,91,3948.1,3390.8,296.6,79.15,100,62,86,4018.6,5260.7,287.4,79.15,100,64,89,4422.1,5020.4,277.7,79.14,100,62,86,3987.3,5464.1,23.0,16,0
1782942946.804,619.149,304.6,79.14,100,62,91,3957.5,3412.7,296.6,79.15,100,62,86,3994.6,5206.9,294.0,79.15,100,63,89,4423.1,5651.2,280.6,79.14,100,62,86,4245.8,4945.8,23.0,16,0
1782942947.246,619.590,300.4,79.14,99,61,91,3997.0,3364.8,301.9,79.15,99,61,86,4373.4,4950.1,294.0,79.15,100,63,89,4468.2,5608.3,280.6,79.14,100,62,86,4355.7,4978.4,23.0,16,0
1782942947.688,620.032,300.0,79.14,100,62,91,3942.1,4098.0,301.2,79.15,99,61,86,4290.7,5661.3,293.6,79.15,100,63,89,4044.7,5383.6,279.4,79.14,100,62,86,4374.4,5621.5,23.0,16,0
1782942948.141,620.485,300.1,79.14,100,63,91,3578.5,3445.0,301.1,79.15,100,61,86,4294.5,4889.6,293.7,79.15,100,63,89,4084.3,5449.2,280.3,79.14,99,61,86,4410.5,5776.2,23.0,16,0
1782942948.581,620.926,300.1,79.14,100,63,91,3550.8,3396.1,300.8,79.15,99,61,86,4158.6,5164.5,294.6,79.15,100,63,89,4014.1,5431.4,281.0,79.14,100,62,86,5395.0,5573.6,23.0,16,0
1782942949.028,621.373,300.0,79.14,100,63,91,3618.4,3422.6,300.7,79.15,100,62,86,4184.8,5064.1,295.6,79.15,100,63,89,3905.8,5533.5,281.8,79.14,100,62,86,4346.2,5727.0,24.0,16,0
1782942949.470,621.815,300.0,79.14,100,63,91,4030.2,3350.9,300.9,79.15,99,62,86,4248.5,5006.7,296.7,79.15,100,63,89,4160.1,5760.6,282.8,79.14,100,62,86,4384.1,5411.5,24.0,16,0
1782942949.913,622.257,300.1,79.14,100,63,91,3874.2,3356.9,300.8,79.15,100,62,86,3920.9,4887.9,297.4,79.15,100,63,89,4355.8,5596.8,283.6,79.14,100,63,86,3975.9,5383.6,24.0,16,0
1782942950.355,622.700,300.0,79.14,100,63,91,3907.4,3059.2,300.4,79.15,99,62,86,4049.5,4859.3,297.8,79.15,100,63,89,4332.3,5230.4,283.9,79.14,100,62,86,4436.8,5507.9,24.0,16,0
1782942950.796,623.141,300.0,79.14,99,63,91,3830.0,3055.3,300.4,79.15,99,62,86,4266.8,5031.1,297.7,79.15,100,64,90,4273.0,5059.2,283.9,79.14,100,62,86,4360.4,6546.7,24.0,16,0
1782942951.242,623.587,300.0,79.14,100,63,91,3991.4,2995.5,300.1,79.15,100,62,86,4283.9,4935.7,297.7,79.15,100,64,90,4389.5,5420.2,284.1,79.14,100,62,86,4411.5,5505.9,24.0,16,0
1782942951.686,624.030,300.0,79.14,100,63,91,3779.0,3067.3,300.1,79.15,100,62,86,4314.9,5024.7,296.9,79.15,100,63,90,4364.3,5578.7,283.4,79.14,100,62,86,4340.2,5570.9,24.0,16,0
1782942952.130,624.475,300.0,79.14,100,62,91,3671.2,3361.4,300.2,79.15,100,63,86,4226.2,5056.4,296.9,79.15,100,64,90,3970.3,5604.2,283.6,79.14,100,63,86,4302.4,5728.2,24.0,16,0
1782942952.571,624.916,300.0,79.14,100,62,91,4033.2,3403.5,300.2,79.15,100,62,86,4285.3,4625.0,297.4,79.15,100,64,90,4418.7,5566.3,284.1,79.14,100,63,86,4284.8,5261.3,24.0,16,0
1782942953.013,625.357,300.0,79.14,100,63,91,3990.9,3272.4,299.9,79.15,100,63,86,3929.5,4953.5,297.1,79.15,100,64,90,4343.6,5549.2,283.6,79.14,100,63,86,3995.9,5923.2,24.0,16,0
1782942953.455,625.800,300.0,79.14,100,63,91,3988.7,3450.5,299.8,79.15,99,62,86,4128.7,4778.1,296.9,79.15,100,63,90,4423.9,5619.1,283.2,79.14,100,62,86,4326.7,5362.3,24.0,16,0
1782942953.903,626.247,300.0,79.14,100,63,91,3868.4,2971.5,300.1,79.15,100,62,86,4282.7,4952.3,297.0,79.15,100,63,90,4333.8,5684.6,283.7,79.14,100,63,86,3987.0,5541.3,24.0,16,0
1782942954.347,626.692,300.0,79.14,100,63,91,3981.1,3005.4,300.1,79.15,100,62,86,4224.5,4777.4,297.2,79.15,100,64,90,4323.2,5302.8,283.8,79.14,100,62,86,4342.4,5629.4,24.0,16,0
1782942954.789,627.133,299.9,79.14,100,62,91,3645.9,3416.8,300.1,79.15,100,62,86,4207.9,4927.4,297.1,79.15,100,64,90,3981.5,5832.9,283.8,79.14,100,62,86,4363.1,5524.7,24.0,16,0
1782942955.231,627.575,300.0,79.14,100,63,91,4018.8,3372.1,300.1,79.15,100,63,86,4178.7,4687.5,297.1,79.15,100,64,90,4183.5,5581.2,284.0,79.14,100,63,86,4413.2,5459.8,24.0,16,0
1782942955.673,628.018,300.0,79.14,100,63,91,3922.6,3374.1,300.1,79.15,99,62,86,4255.7,4966.0,297.0,79.15,100,64,90,4175.3,5289.4,284.0,79.14,100,63,86,4404.2,5516.4,24.0,16,0
1782942956.123,628.467,300.0,79.14,100,63,91,3547.7,3355.4,299.9,79.15,100,62,86,4270.5,4911.3,297.1,79.15,100,64,90,4023.0,5613.2,283.0,79.14,100,62,86,4356.5,5541.7,24.0,16,0
1782942956.564,628.909,300.0,79.14,100,63,91,3948.4,3339.4,299.7,79.15,100,62,86,4232.0,4650.3,296.5,79.15,100,63,90,4343.4,5513.1,282.7,79.14,100,62,86,4366.1,5599.4,24.0,16,0
1782942957.007,629.352,300.1,79.14,100,63,91,4061.0,3408.2,300.0,79.15,100,62,86,4250.1,4575.5,296.6,79.15,100,64,90,4414.5,5415.3,283.2,79.14,100,62,86,4360.1,5274.1,24.0,16,0
1782942957.449,629.794,300.0,79.14,99,62,91,3969.1,3365.3,299.7,79.15,100,62,86,4225.1,4670.2,295.7,79.15,100,63,90,4371.6,5822.5,282.4,79.14,100,62,86,4344.0,5354.6,24.0,16,0
1782942957.894,630.239,300.0,79.14,100,63,91,3948.5,3401.5,300.1,79.15,100,62,86,4360.3,4522.0,296.0,79.15,100,63,90,4346.1,5487.0,282.7,79.14,100,62,86,4376.0,5256.8,24.0,16,0
1782942958.337,630.682,300.0,79.14,99,63,91,4008.5,3353.3,300.3,79.15,100,62,86,4312.9,4639.7,296.2,79.15,100,64,90,4368.1,5477.9,283.0,79.14,100,62,86,4371.4,4669.4,24.0,16,0
1782942958.779,631.124,300.0,79.14,100,63,91,3952.2,3349.1,300.3,79.15,100,62,86,4195.1,4423.6,295.9,79.15,100,64,90,4341.2,5669.0,283.0,79.14,100,62,86,4381.5,5159.4,25.0,16,0
1782942959.227,631.571,300.0,79.14,99,63,91,3999.3,3344.7,300.0,79.15,100,62,86,4234.7,4772.0,295.9,79.15,100,64,90,4347.7,5838.2,282.7,79.14,100,62,86,4303.2,5291.7,25.0,16,0
1782942959.668,632.013,300.1,79.14,100,63,91,3868.2,3369.4,299.8,79.15,100,62,86,4755.4,4637.1,295.8,79.15,100,63,90,5025.3,5522.5,282.5,79.14,100,62,87,4366.3,5722.8,25.0,16,0
1782942960.122,632.466,300.1,79.14,100,63,91,4029.7,3411.9,300.2,79.15,100,62,86,4200.5,4644.4,296.7,79.15,100,64,90,4362.7,5443.4,283.4,79.14,100,63,87,4305.0,4766.7,25.0,16,0
1782942960.564,632.908,300.1,79.14,100,63,91,3950.2,3330.2,300.4,79.15,100,62,86,4189.2,4636.6,297.0,79.15,100,63,90,4355.5,5510.8,283.8,79.14,100,62,86,4304.4,5720.7,25.0,16,0
1782942961.009,633.354,300.0,79.14,100,63,91,3967.3,3408.2,299.7,79.15,100,62,86,4217.0,4727.9,296.3,79.15,100,64,90,4375.1,5479.4,282.8,79.14,100,62,87,4347.5,5323.4,25.0,16,0
1782942961.451,633.796,300.0,79.14,100,63,91,3948.4,3270.6,300.0,79.15,100,62,86,4252.9,4622.9,296.5,79.15,100,64,90,4388.0,5445.9,283.3,79.14,100,62,86,4357.5,5530.5,25.0,16,0
1782942961.896,634.241,300.0,79.14,100,63,91,3989.1,3346.6,299.8,79.15,100,61,86,4230.8,4580.8,296.7,79.15,100,63,90,4369.9,5669.0,283.2,79.14,100,63,86,4345.1,5139.8,25.0,16,0
1782942962.338,634.683,300.0,79.14,100,63,91,3950.2,3408.3,299.6,79.15,100,62,86,4266.6,4608.6,296.6,79.15,100,63,90,4395.1,5402.5,282.8,79.14,100,62,87,4359.4,5067.3,25.0,16,0
1782942962.781,635.125,299.9,79.14,100,62,91,4029.7,3434.1,299.6,79.15,100,62,86,4181.4,4547.1,295.9,79.15,100,63,90,4320.6,5273.5,282.8,79.14,100,62,87,4358.0,5539.3,25.0,16,0
1782942963.233,635.577,300.0,79.14,100,63,91,3577.7,3393.5,299.6,79.15,100,62,86,4233.2,4956.2,295.9,79.15,100,63,90,3998.7,5649.7,282.0,79.14,100,62,86,4339.0,5428.0,25.0,16,0
1782942963.674,636.019,300.0,79.14,100,63,91,4034.4,3374.0,300.0,79.15,100,62,86,4195.8,4934.1,295.6,79.15,100,64,90,4080.5,5378.0,282.1,79.14,100,62,86,4291.4,5703.1,25.0,16,0
1782942964.120,636.464,300.0,79.14,100,63,91,3625.0,3389.0,300.3,79.15,100,62,86,4213.5,5019.8,296.3,79.15,100,63,90,4048.4,5317.4,283.1,79.14,100,62,86,4341.3,5322.8,25.0,16,0
1782942964.560,636.904,299.9,79.14,100,62,91,4008.8,3339.5,299.9,79.15,99,62,86,4309.9,4262.9,296.0,79.15,100,63,90,4391.5,5345.3,282.4,79.14,100,62,87,4341.1,5119.1,25.0,16,0
1782942965.000,637.345,299.9,79.14,99,63,91,4028.0,3341.1,300.2,79.15,100,62,86,4279.3,4637.9,295.9,79.15,100,63,90,4399.5,5396.0,282.3,79.14,100,62,86,4301.0,5100.8,25.0,16,0
1782942965.441,637.785,300.1,79.14,100,62,91,4032.4,3395.3,300.2,79.15,100,62,86,4037.0,4598.4,295.8,79.15,100,63,90,4362.9,5535.4,282.4,79.14,99,62,86,4220.4,4983.9,25.0,16,0
1782942965.880,638.225,300.0,79.14,100,62,91,3983.2,3348.3,300.1,79.15,100,62,86,3935.0,5310.2,295.6,79.15,100,63,90,4829.9,5297.7,282.1,79.14,100,62,87,4415.6,4860.1,25.0,16,0
1782942966.330,638.674,299.9,79.14,100,61,91,4040.2,3459.6,299.5,79.15,100,61,86,4210.0,4753.0,295.3,79.15,100,62,90,4063.1,5278.3,281.2,79.14,100,62,86,4357.1,5418.4,25.0,16,0
1782942966.774,639.118,299.9,79.14,100,62,91,4072.1,3106.1,299.5,79.15,100,61,86,4261.8,4713.6,294.4,79.15,100,63,90,4313.4,5120.6,281.2,79.14,100,62,86,4348.9,5514.0,25.0,16,0
1782942967.221,639.566,300.0,79.14,99,62,91,3992.6,3149.2,299.4,79.15,100,61,86,4255.6,4766.4,294.4,79.15,100,63,90,4283.7,5244.9,280.6,79.14,100,62,86,4347.8,5396.1,25.0,16,0
1782942967.663,640.008,300.0,79.14,100,61,91,4052.5,3313.1,300.2,79.15,100,62,86,3952.6,5244.4,294.7,79.15,100,63,90,4467.0,5526.3,281.5,79.14,100,62,86,4330.7,5303.6,25.0,16,0
1782942968.118,640.463,300.0,79.14,100,61,91,4044.9,3399.9,299.9,79.15,100,62,86,4270.8,4695.2,295.1,79.15,100,63,90,4365.6,5170.9,281.8,79.14,100,62,87,4359.4,5021.1,25.0,16,0
1782942968.558,640.903,300.0,79.14,100,63,91,4033.1,3409.1,299.8,79.15,99,61,86,4229.3,4696.5,295.4,79.15,100,63,90,4378.5,5417.3,281.8,79.14,100,62,86,4387.0,5374.4,25.0,16,0
1782942968.998,641.343,300.0,79.14,100,62,91,4031.2,3378.5,300.1,79.15,99,61,86,4296.6,4624.8,295.8,79.15,100,63,90,4334.2,5434.2,282.0,79.14,99,62,86,4382.7,5242.6,26.0,16,0
1782942969.439,641.783,299.9,79.14,99,62,91,3965.1,3339.3,300.0,79.15,99,61,86,4260.1,4730.9,295.3,79.15,100,63,90,4354.4,5246.4,281.7,79.14,100,61,87,4392.0,4896.3,26.0,16,0
1782942969.879,642.223,300.0,79.14,100,62,91,3948.3,3356.4,299.9,79.15,99,62,86,3904.5,4873.4,294.8,79.15,100,63,90,4374.5,5408.8,281.7,79.14,100,62,87,4011.1,5432.0,26.0,16,0
1782942970.320,642.664,300.0,79.14,100,62,91,4029.4,3339.3,299.9,79.15,99,62,86,3973.9,4812.5,295.2,79.15,100,63,90,4332.4,5510.4,281.9,79.14,100,62,86,3995.3,5574.2,26.0,16,0
1782942970.763,643.107,300.0,79.14,100,63,91,4079.1,3305.1,300.1,79.15,100,61,86,4159.0,4738.9,295.8,79.15,100,63,90,4356.4,5458.6,281.9,79.14,100,62,86,4371.2,5248.4,26.0,16,0
1782942971.209,643.554,300.0,79.14,100,63,91,3999.6,3382.1,300.4,79.15,99,62,86,4144.2,4495.3,295.8,79.15,100,63,90,4335.0,5387.7,282.5,79.14,100,63,86,4445.4,5113.1,26.0,16,0
1782942971.652,643.996,300.0,79.14,100,62,91,3989.0,3361.0,300.2,79.15,100,61,86,4306.8,4953.6,295.9,79.15,100,63,90,4845.2,5422.6,282.2,79.14,99,62,86,4653.3,5614.1,26.0,16,0
1782942972.111,644.455,300.0,79.14,100,62,91,4037.6,3030.3,300.0,79.15,100,62,86,4296.1,4875.2,295.4,79.15,100,63,90,4318.7,5163.4,281.7,79.14,100,62,87,4374.3,5281.0,26.0,16,0
1782942972.552,644.897,299.9,79.14,100,63,91,3988.6,3134.6,299.4,79.15,100,62,86,4286.3,5008.4,294.9,79.15,100,63,90,4335.2,5033.4,281.2,79.14,100,61,87,4398.5,5457.7,26.0,16,0
1782942972.993,645.338,299.9,79.14,100,62,91,3988.8,3063.7,299.7,79.15,100,62,86,4191.5,4959.5,294.7,79.15,100,64,90,4376.7,5211.7,280.9,79.14,100,62,87,4325.5,5634.5,26.0,16,0
1782942973.435,645.780,300.0,79.14,100,62,91,3912.5,3110.2,299.8,79.15,99,61,86,4269.0,4830.2,294.6,79.15,99,63,90,4404.1,4938.9,280.8,79.14,100,62,86,4384.0,5600.0,26.0,16,0
1782942973.877,646.222,300.0,79.14,100,62,91,0.6,0.5,299.9,79.15,93,58,86,0.9,0.6,294.8,79.15,100,63,90,2.8,2.1,265.1,79.14,4,3,84,0.6,0.5,26.0,16,0
1782942974.317,646.662,255.4,79.14,0,0,88,2.3,0.4,299.9,79.15,93,58,86,3.1,0.4,215.7,79.15,0,0,86,0.6,0.5,175.0,79.14,0,0,83,5.0,0.5,26.0,16,0
