{
  "num_samples": 540,
  "duration_s": 231.48643565177917,
  "mean_power_w": 1037.8122444444443,
  "max_power_w": 1203.1419999999998,
  "min_power_w": 365.6,
  "p50_power_w": 1190.121,
  "p95_power_w": 1200.682,
  "mean_gpu_util_pct": 92.44166666666666,
  "max_gpu_util_pct": 100.0,
  "mean_gpu_mem_bw_util_pct": 44.09722222222222,
  "max_gpu_mem_bw_util_pct": 60.5,
  "mean_gpu_mem_used_gb": 367.400634765625,
  "max_gpu_mem_used_gb": 367.400634765625,
  "mean_gpu_temp_c": 89.07592592592593,
  "max_gpu_temp_c": 93.0,
  "mean_pcie_tx_mb_s": 43632.787722439236,
  "max_pcie_tx_mb_s": 129750.2421875,
  "mean_pcie_rx_mb_s": 41952.412136501734,
  "max_pcie_rx_mb_s": 104150.55078125,
  "mean_kv_cache_pct": 48.817901234567906,
  "max_kv_cache_pct": 76.81818181818181,
  "p50_kv_cache_pct": 60.60606060606061,
  "p95_kv_cache_pct": 72.72727272727273,
  "mean_requests_running": 59.318518518518516,
  "max_requests_running": 80.0,
  "mean_requests_waiting": 2.05,
  "max_requests_waiting": 20.0
}