{
  "num_samples": 846,
  "duration_s": 362.44877457618713,
  "mean_power_w": 894.0900531914893,
  "max_power_w": 1028.05,
  "min_power_w": 103.44,
  "p50_power_w": 999.937,
  "p95_power_w": 1000.111,
  "mean_gpu_util_pct": 93.05939716312056,
  "max_gpu_util_pct": 100.0,
  "mean_gpu_mem_bw_util_pct": 39.6128841607565,
  "max_gpu_mem_bw_util_pct": 54.75,
  "mean_gpu_mem_used_gb": 367.381103515625,
  "max_gpu_mem_used_gb": 367.381103515625,
  "mean_gpu_temp_c": 87.04373522458629,
  "max_gpu_temp_c": 91.0,
  "mean_pcie_tx_mb_s": 33959.07771175015,
  "max_pcie_tx_mb_s": 139987.90234375,
  "mean_pcie_rx_mb_s": 37887.56769794437,
  "max_pcie_rx_mb_s": 109829.8583984375,
  "mean_kv_cache_pct": 15.82473672899205,
  "max_kv_cache_pct": 21.363636363636363,
  "p50_kv_cache_pct": 19.393939393939398,
  "p95_kv_cache_pct": 21.212121212121215,
  "mean_requests_running": 14.013002364066194,
  "max_requests_running": 16.0,
  "mean_requests_waiting": 0.5815602836879432,
  "max_requests_waiting": 4.0
}