{
  "num_samples": 494,
  "duration_s": 212.01872754096985,
  "mean_power_w": 913.5551842105264,
  "max_power_w": 1031.0230000000001,
  "min_power_w": 380.83799999999997,
  "p50_power_w": 999.934,
  "p95_power_w": 1000.141,
  "mean_gpu_util_pct": 93.10475708502024,
  "max_gpu_util_pct": 100.0,
  "mean_gpu_mem_bw_util_pct": 44.96002024291498,
  "max_gpu_mem_bw_util_pct": 56.5,
  "mean_gpu_mem_used_gb": 367.381103515625,
  "max_gpu_mem_used_gb": 367.381103515625,
  "mean_gpu_temp_c": 87.23076923076923,
  "max_gpu_temp_c": 90.0,
  "mean_pcie_tx_mb_s": 37746.18983267966,
  "max_pcie_tx_mb_s": 108365.873046875,
  "mean_pcie_rx_mb_s": 37866.319861778844,
  "max_pcie_rx_mb_s": 111892.080078125,
  "mean_kv_cache_pct": 45.145687645687644,
  "max_kv_cache_pct": 60.60606060606061,
  "p50_kv_cache_pct": 60.60606060606061,
  "p95_kv_cache_pct": 60.60606060606061,
  "mean_requests_running": 62.040485829959515,
  "max_requests_running": 80.0,
  "mean_requests_waiting": 2.1700404858299596,
  "max_requests_waiting": 42.0
}