{
  "num_samples": 979,
  "duration_s": 420.3231153488159,
  "mean_power_w": 869.9793963227784,
  "max_power_w": 1020.231,
  "min_power_w": 94.776,
  "p50_power_w": 861.231,
  "p95_power_w": 1000.1220000000001,
  "mean_gpu_util_pct": 91.94688457609806,
  "max_gpu_util_pct": 100.0,
  "mean_gpu_mem_bw_util_pct": 32.718079673135854,
  "max_gpu_mem_bw_util_pct": 62.25,
  "mean_gpu_mem_used_gb": 362.19140625,
  "max_gpu_mem_used_gb": 362.19140625,
  "mean_gpu_temp_c": 85.8855975485189,
  "max_gpu_temp_c": 90.0,
  "mean_pcie_tx_mb_s": 41486.487321645174,
  "max_pcie_tx_mb_s": 131695.154296875,
  "mean_pcie_rx_mb_s": 34686.27724300147,
  "max_pcie_rx_mb_s": 109368.380859375,
  "mean_kv_cache_pct": 52.860113836906436,
  "max_kv_cache_pct": 99.99893925089899,
  "p50_kv_cache_pct": 47.820690971964396,
  "p95_kv_cache_pct": 99.25535413108737,
  "mean_requests_running": 58.54749744637385,
  "max_requests_running": 88.0,
  "mean_requests_waiting": 11.295199182839632,
  "max_requests_waiting": 73.0
}