{
  "num_samples": 1138,
  "duration_s": 392.34810876846313,
  "mean_power_w": 583.1072803163445,
  "max_power_w": 608.823,
  "min_power_w": 190.182,
  "p50_power_w": 599.95,
  "p95_power_w": 600.9169999999999,
  "mean_gpu_util_pct": 95.2860281195079,
  "max_gpu_util_pct": 100.0,
  "mean_gpu_mem_bw_util_pct": 57.04701230228471,
  "max_gpu_mem_bw_util_pct": 61.5,
  "mean_gpu_mem_used_gb": 164.90108142711995,
  "max_gpu_mem_used_gb": 165.31298828125,
  "mean_gpu_temp_c": 85.66608084358523,
  "max_gpu_temp_c": 89.0,
  "mean_pcie_tx_mb_s": 3134.787183174978,
  "max_pcie_tx_mb_s": 41942.376953125,
  "mean_pcie_rx_mb_s": 3174.264633849132,
  "max_pcie_rx_mb_s": 41983.830078125,
  "mean_kv_cache_pct": 8.957943445833267,
  "max_kv_cache_pct": 11.720717283479587,
  "p50_kv_cache_pct": 9.523082792827164,
  "p95_kv_cache_pct": 11.537581075925218,
  "mean_requests_running": 7.646748681898067,
  "max_requests_running": 8.0,
  "mean_requests_waiting": 0.0,
  "max_requests_waiting": 0.0
}