{
  "num_samples": 822,
  "duration_s": 283.6347360610962,
  "mean_power_w": 577.9554793187348,
  "max_power_w": 611.154,
  "min_power_w": 190.735,
  "p50_power_w": 599.985,
  "p95_power_w": 600.101,
  "mean_gpu_util_pct": 93.87530413625304,
  "max_gpu_util_pct": 100.0,
  "mean_gpu_mem_bw_util_pct": 63.09489051094891,
  "max_gpu_mem_bw_util_pct": 70.0,
  "mean_gpu_mem_used_gb": 167.64433522468065,
  "max_gpu_mem_used_gb": 168.00830078125,
  "mean_gpu_temp_c": 85.5316301703163,
  "max_gpu_temp_c": 89.0,
  "mean_pcie_tx_mb_s": 4499.11140772316,
  "max_pcie_tx_mb_s": 47961.341796875,
  "mean_pcie_rx_mb_s": 4553.348794384884,
  "max_pcie_rx_mb_s": 46460.3671875,
  "mean_kv_cache_pct": 17.035956076273333,
  "max_kv_cache_pct": 23.441434566959174,
  "p50_kv_cache_pct": 18.695154521175127,
  "p95_kv_cache_pct": 22.960702022128952,
  "mean_requests_running": 15.04257907542579,
  "max_requests_running": 16.0,
  "mean_requests_waiting": 0.0,
  "max_requests_waiting": 0.0
}