{
  "num_samples": 1244,
  "duration_s": 429.0351400375366,
  "mean_power_w": 581.727594051447,
  "max_power_w": 609.077,
  "min_power_w": 169.695,
  "p50_power_w": 599.99,
  "p95_power_w": 601.259,
  "mean_gpu_util_pct": 95.0024115755627,
  "max_gpu_util_pct": 100.0,
  "mean_gpu_mem_bw_util_pct": 56.70418006430868,
  "max_gpu_mem_bw_util_pct": 62.5,
  "mean_gpu_mem_used_gb": 176.45361328125,
  "max_gpu_mem_used_gb": 176.45361328125,
  "mean_gpu_temp_c": 85.5040192926045,
  "max_gpu_temp_c": 89.0,
  "mean_pcie_tx_mb_s": 4249.828316544414,
  "max_pcie_tx_mb_s": 47771.1064453125,
  "mean_pcie_rx_mb_s": 4204.377421780798,
  "max_pcie_rx_mb_s": 47877.8642578125,
  "mean_kv_cache_pct": 15.902683127006577,
  "max_kv_cache_pct": 19.53452880579931,
  "p50_kv_cache_pct": 17.21480351011064,
  "p95_kv_cache_pct": 19.29797787104158,
  "mean_requests_running": 7.571543408360129,
  "max_requests_running": 8.0,
  "mean_requests_waiting": 0.0,
  "max_requests_waiting": 0.0
}