{
  "num_samples": 670,
  "duration_s": 287.3715581893921,
  "mean_power_w": 991.4931805970149,
  "max_power_w": 1204.973,
  "min_power_w": 109.934,
  "p50_power_w": 961.073,
  "p95_power_w": 1200.5439999999999,
  "mean_gpu_util_pct": 92.14328358208955,
  "max_gpu_util_pct": 100.0,
  "mean_gpu_mem_bw_util_pct": 39.521268656716416,
  "max_gpu_mem_bw_util_pct": 61.75,
  "mean_gpu_mem_used_gb": 367.400634765625,
  "max_gpu_mem_used_gb": 367.400634765625,
  "mean_gpu_temp_c": 87.84029850746269,
  "max_gpu_temp_c": 92.0,
  "mean_pcie_tx_mb_s": 49833.95768860774,
  "max_pcie_tx_mb_s": 130147.419921875,
  "mean_pcie_rx_mb_s": 45561.179949860074,
  "max_pcie_rx_mb_s": 112120.2431640625,
  "mean_kv_cache_pct": 52.5239710538218,
  "max_kv_cache_pct": 87.27272727272728,
  "p50_kv_cache_pct": 55.00000000000001,
  "p95_kv_cache_pct": 87.27272727272728,
  "mean_requests_running": 50.84925373134328,
  "max_requests_running": 72.0,
  "mean_requests_waiting": 7.376119402985075,
  "max_requests_waiting": 50.0
}