{
  "num_samples": 4985,
  "duration_s": 2133.4390382766724,
  "mean_power_w": 925.1360545636911,
  "max_power_w": 1005.813,
  "min_power_w": 78.709,
  "p50_power_w": 963.875,
  "p95_power_w": 1001.231,
  "mean_gpu_util_pct": 93.29393179538616,
  "max_gpu_util_pct": 100.0,
  "mean_gpu_mem_bw_util_pct": 28.507221664994987,
  "max_gpu_mem_bw_util_pct": 43.75,
  "mean_gpu_mem_used_gb": 367.400634765625,
  "max_gpu_mem_used_gb": 367.400634765625,
  "mean_gpu_temp_c": 87.21023069207622,
  "max_gpu_temp_c": 93.0,
  "mean_pcie_tx_mb_s": 35076.14622206463,
  "max_pcie_tx_mb_s": 134252.19140625,
  "mean_pcie_rx_mb_s": 30428.27117211008,
  "max_pcie_rx_mb_s": 113271.1259765625,
  "mean_kv_cache_pct": 7.267195525971855,
  "max_kv_cache_pct": 11.060606060606059,
  "p50_kv_cache_pct": 10.45454545454545,
  "p95_kv_cache_pct": 10.606060606060607,
  "mean_requests_running": 1.38234704112337,
  "max_requests_running": 2.0,
  "mean_requests_waiting": 0.0,
  "max_requests_waiting": 0.0
}