{
  "num_samples": 758,
  "duration_s": 261.85371351242065,
  "mean_power_w": 569.9933799472295,
  "max_power_w": 610.914,
  "min_power_w": 102.565,
  "p50_power_w": 599.976,
  "p95_power_w": 600.105,
  "mean_gpu_util_pct": 92.9505277044855,
  "max_gpu_util_pct": 100.0,
  "mean_gpu_mem_bw_util_pct": 61.67414248021108,
  "max_gpu_mem_bw_util_pct": 75.5,
  "mean_gpu_mem_used_gb": 176.45361328125,
  "max_gpu_mem_used_gb": 176.45361328125,
  "mean_gpu_temp_c": 84.46965699208444,
  "max_gpu_temp_c": 90.0,
  "mean_pcie_tx_mb_s": 8573.925834071983,
  "max_pcie_tx_mb_s": 53424.5869140625,
  "mean_pcie_rx_mb_s": 8656.289057346636,
  "max_pcie_rx_mb_s": 54478.0,
  "mean_kv_cache_pct": 69.65045869620147,
  "max_kv_cache_pct": 99.99236932468524,
  "p50_kv_cache_pct": 86.79893170545594,
  "p95_kv_cache_pct": 99.83212514307516,
  "mean_requests_running": 42.9023746701847,
  "max_requests_running": 64.0,
  "mean_requests_waiting": 0.0,
  "max_requests_waiting": 0.0
}