{
  "num_samples": 491,
  "duration_s": 209.69864583015442,
  "mean_power_w": 890.0913360488798,
  "max_power_w": 985.705,
  "min_power_w": 307.259,
  "p50_power_w": 935.269,
  "p95_power_w": 984.194,
  "mean_gpu_util_pct": 91.09979633401223,
  "max_gpu_util_pct": 99.5,
  "mean_gpu_mem_bw_util_pct": 33.20010183299389,
  "max_gpu_mem_bw_util_pct": 47.75,
  "mean_gpu_mem_used_gb": 334.26953125,
  "max_gpu_mem_used_gb": 334.26953125,
  "mean_gpu_temp_c": 86.10386965376782,
  "max_gpu_temp_c": 88.0,
  "mean_pcie_tx_mb_s": 39302.87548728679,
  "max_pcie_tx_mb_s": 69670.263671875,
  "mean_pcie_rx_mb_s": 32703.50943148549,
  "max_pcie_rx_mb_s": 53650.2041015625,
  "mean_kv_cache_pct": 13.85948969256762,
  "max_kv_cache_pct": 28.67898238043869,
  "p50_kv_cache_pct": 15.159789644012944,
  "p95_kv_cache_pct": 27.959816612729238,
  "mean_requests_running": 64.22403258655804,
  "max_requests_running": 80.0,
  "mean_requests_waiting": 0.0,
  "max_requests_waiting": 0.0
}