{
  "num_samples": 317,
  "duration_s": 135.58163690567017,
  "mean_power_w": 934.780905362776,
  "max_power_w": 1023.164,
  "min_power_w": 375.35,
  "p50_power_w": 999.963,
  "p95_power_w": 1000.1610000000001,
  "mean_gpu_util_pct": 89.44400630914826,
  "max_gpu_util_pct": 100.0,
  "mean_gpu_mem_bw_util_pct": 42.11593059936909,
  "max_gpu_mem_bw_util_pct": 50.5,
  "mean_gpu_mem_used_gb": 326.41015625,
  "max_gpu_mem_used_gb": 326.41015625,
  "mean_gpu_temp_c": 86.76971608832808,
  "max_gpu_temp_c": 89.0,
  "mean_pcie_tx_mb_s": 22067.182321446177,
  "max_pcie_tx_mb_s": 32135.6962890625,
  "mean_pcie_rx_mb_s": 20143.992532531545,
  "max_pcie_rx_mb_s": 32219.4140625,
  "mean_kv_cache_pct": 7.302042885651146,
  "max_kv_cache_pct": 12.968718509011069,
  "p50_kv_cache_pct": 9.480975464873298,
  "p95_kv_cache_pct": 12.688680746343072,
  "mean_requests_running": 56.5583596214511,
  "max_requests_running": 64.0,
  "mean_requests_waiting": 0.0,
  "max_requests_waiting": 0.0
}