{
  "num_samples": 3924,
  "duration_s": 1769.5538985729218,
  "mean_power_w": 913.6619080020388,
  "max_power_w": 1111.319,
  "min_power_w": 88.943,
  "p50_power_w": 931.616,
  "p95_power_w": 950.726,
  "mean_gpu_util_pct": 96.77465596330275,
  "max_gpu_util_pct": 100.0,
  "mean_gpu_mem_bw_util_pct": 21.686799184505606,
  "max_gpu_mem_bw_util_pct": 40.0,
  "mean_gpu_mem_used_gb": 343.930419921875,
  "max_gpu_mem_used_gb": 343.930419921875,
  "mean_gpu_temp_c": 86.93934760448522,
  "max_gpu_temp_c": 91.0,
  "mean_pcie_tx_mb_s": 33707.535868264604,
  "max_pcie_tx_mb_s": 99474.3525390625,
  "mean_pcie_rx_mb_s": 46667.91142747356,
  "max_pcie_rx_mb_s": 132154.099609375,
  "mean_kv_cache_pct": 53.21417604912999,
  "max_kv_cache_pct": 100.0,
  "p50_kv_cache_pct": 51.0,
  "p95_kv_cache_pct": 96.0,
  "mean_requests_running": 17.20777891504606,
  "max_requests_running": 40.0,
  "mean_requests_waiting": 21.46596724667349,
  "max_requests_waiting": 38.0
}