{
  "num_samples": 3845,
  "duration_s": 1643.6690328121185,
  "mean_power_w": 1041.0330886866059,
  "max_power_w": 1075.334,
  "min_power_w": 108.739,
  "p50_power_w": 1065.898,
  "p95_power_w": 1069.951,
  "mean_gpu_util_pct": 96.83263979193758,
  "max_gpu_util_pct": 100.0,
  "mean_gpu_mem_bw_util_pct": 38.681339401820544,
  "max_gpu_mem_bw_util_pct": 41.25,
  "mean_gpu_mem_used_gb": 367.400634765625,
  "max_gpu_mem_used_gb": 367.400634765625,
  "mean_gpu_temp_c": 89.24551365409623,
  "max_gpu_temp_c": 91.0,
  "mean_pcie_tx_mb_s": 7619.694456071196,
  "max_pcie_tx_mb_s": 92455.65234375,
  "mean_pcie_rx_mb_s": 8623.12581756949,
  "max_pcie_rx_mb_s": 77718.75,
  "mean_kv_cache_pct": 1.1077747566694227,
  "max_kv_cache_pct": 1.5151515151515138,
  "p50_kv_cache_pct": 1.2121212121212088,
  "p95_kv_cache_pct": 1.2121212121212088,
  "mean_requests_running": 0.9310793237971391,
  "max_requests_running": 1.0,
  "mean_requests_waiting": 0.0,
  "max_requests_waiting": 0.0
}