{
  "num_samples": 610,
  "duration_s": 260.8187828063965,
  "mean_power_w": 935.5265213114754,
  "max_power_w": 1016.465,
  "min_power_w": 108.113,
  "p50_power_w": 998.51,
  "p95_power_w": 1000.228,
  "mean_gpu_util_pct": 90.79918032786885,
  "max_gpu_util_pct": 99.25,
  "mean_gpu_mem_bw_util_pct": 38.22950819672131,
  "max_gpu_mem_bw_util_pct": 49.75,
  "mean_gpu_mem_used_gb": 335.44140625,
  "max_gpu_mem_used_gb": 335.44140625,
  "mean_gpu_temp_c": 86.85573770491803,
  "max_gpu_temp_c": 90.0,
  "mean_pcie_tx_mb_s": 31701.915154328894,
  "max_pcie_tx_mb_s": 54734.53515625,
  "mean_pcie_rx_mb_s": 27256.811438588626,
  "max_pcie_rx_mb_s": 52528.3896484375,
  "mean_kv_cache_pct": 18.766518338727078,
  "max_kv_cache_pct": 30.998291981301694,
  "p50_kv_cache_pct": 20.375988852930604,
  "p95_kv_cache_pct": 30.69714131607335,
  "mean_requests_running": 39.91967213114754,
  "max_requests_running": 48.0,
  "mean_requests_waiting": 0.0,
  "max_requests_waiting": 0.0
}