{
  "num_samples": 391,
  "duration_s": 167.36110997200012,
  "mean_power_w": 907.1393120204604,
  "max_power_w": 1015.463,
  "min_power_w": 102.356,
  "p50_power_w": 999.9639999999999,
  "p95_power_w": 1000.1289999999999,
  "mean_gpu_util_pct": 86.52813299232737,
  "max_gpu_util_pct": 100.0,
  "mean_gpu_mem_bw_util_pct": 42.29092071611253,
  "max_gpu_mem_bw_util_pct": 55.75,
  "mean_gpu_mem_used_gb": 327.34765625,
  "max_gpu_mem_used_gb": 327.34765625,
  "mean_gpu_temp_c": 86.51918158567774,
  "max_gpu_temp_c": 89.0,
  "mean_pcie_tx_mb_s": 18067.137842671036,
  "max_pcie_tx_mb_s": 29150.3203125,
  "mean_pcie_rx_mb_s": 16919.418865389227,
  "max_pcie_rx_mb_s": 26383.1689453125,
  "mean_kv_cache_pct": 22.906374947461043,
  "max_kv_cache_pct": 38.80220211513371,
  "p50_kv_cache_pct": 35.3399170494203,
  "p95_kv_cache_pct": 38.51367835965759,
  "mean_requests_running": 52.994884910485936,
  "max_requests_running": 64.0,
  "mean_requests_waiting": 0.0,
  "max_requests_waiting": 0.0
}