{
  "num_samples": 4779,
  "duration_s": 1654.068747997284,
  "mean_power_w": 558.9071213643022,
  "max_power_w": 605.384,
  "min_power_w": 48.47,
  "p50_power_w": 567.995,
  "p95_power_w": 593.287,
  "mean_gpu_util_pct": 95.43157564344006,
  "max_gpu_util_pct": 100.0,
  "mean_gpu_mem_bw_util_pct": 46.51213643021553,
  "max_gpu_mem_bw_util_pct": 51.0,
  "mean_gpu_mem_used_gb": 176.45361328125,
  "max_gpu_mem_used_gb": 176.45361328125,
  "mean_gpu_temp_c": 84.97593638836577,
  "max_gpu_temp_c": 89.0,
  "mean_pcie_tx_mb_s": 3243.994779405995,
  "max_pcie_tx_mb_s": 43071.939453125,
  "mean_pcie_rx_mb_s": 3235.963916230187,
  "max_pcie_rx_mb_s": 35132.8505859375,
  "mean_kv_cache_pct": 6.9060757116594695,
  "max_kv_cache_pct": 8.302174742464707,
  "p50_kv_cache_pct": 8.019839755818392,
  "p95_kv_cache_pct": 8.27928271652041,
  "mean_requests_running": 0.8566645741786985,
  "max_requests_running": 1.0,
  "mean_requests_waiting": 0.0,
  "max_requests_waiting": 0.0
}