{
  "num_samples": 433,
  "duration_s": 193.8063142299652,
  "mean_power_w": 706.6300254041571,
  "max_power_w": 1005.851,
  "min_power_w": 359.80899999999997,
  "p50_power_w": 560.401,
  "p95_power_w": 999.9000000000001,
  "mean_gpu_util_pct": 91.88683602771363,
  "max_gpu_util_pct": 100.0,
  "mean_gpu_mem_bw_util_pct": 8.691108545034641,
  "max_gpu_mem_bw_util_pct": 18.5,
  "mean_gpu_mem_used_gb": 336.4949271750505,
  "max_gpu_mem_used_gb": 337.305419921875,
  "mean_gpu_temp_c": 83.2217090069284,
  "max_gpu_temp_c": 92.0,
  "mean_pcie_tx_mb_s": 9597.490038160364,
  "max_pcie_tx_mb_s": 64452.16796875,
  "mean_pcie_rx_mb_s": 12396.888403489464,
  "max_pcie_rx_mb_s": 85600.7275390625,
  "mean_kv_cache_pct": 10.26388888888889,
  "max_kv_cache_pct": 12.0,
  "p50_kv_cache_pct": 12.0,
  "p95_kv_cache_pct": 12.0,
  "mean_requests_running": 0.6064814814814815,
  "max_requests_running": 1.0,
  "mean_requests_waiting": 0.0,
  "max_requests_waiting": 0.0
}