{
  "num_samples": 4681,
  "duration_s": 2088.9954266548157,
  "mean_power_w": 806.7802584917753,
  "max_power_w": 944.948,
  "min_power_w": 101.069,
  "p50_power_w": 762.608,
  "p95_power_w": 938.451,
  "mean_gpu_util_pct": 98.19627216406751,
  "max_gpu_util_pct": 100.0,
  "mean_gpu_mem_bw_util_pct": 22.32503738517411,
  "max_gpu_mem_bw_util_pct": 29.5,
  "mean_gpu_mem_used_gb": 343.696044921875,
  "max_gpu_mem_used_gb": 343.696044921875,
  "mean_gpu_temp_c": 87.15359965819269,
  "max_gpu_temp_c": 91.0,
  "mean_pcie_tx_mb_s": 14089.966913703669,
  "max_pcie_tx_mb_s": 96577.705078125,
  "mean_pcie_rx_mb_s": 19772.90146023319,
  "max_pcie_rx_mb_s": 133758.42578125,
  "mean_kv_cache_pct": 13.765861995300149,
  "max_kv_cache_pct": 15.0,
  "p50_kv_cache_pct": 15.0,
  "p95_kv_cache_pct": 15.0,
  "mean_requests_running": 1.8399914548173468,
  "max_requests_running": 2.0,
  "mean_requests_waiting": 0.0,
  "max_requests_waiting": 0.0
}