{
  "num_samples": 2516,
  "duration_s": 1077.2645106315613,
  "mean_power_w": 936.7518346581876,
  "max_power_w": 1052.501,
  "min_power_w": 89.041,
  "p50_power_w": 952.649,
  "p95_power_w": 1046.771,
  "mean_gpu_util_pct": 93.66593799682035,
  "max_gpu_util_pct": 100.0,
  "mean_gpu_mem_bw_util_pct": 32.76987281399046,
  "max_gpu_mem_bw_util_pct": 46.75,
  "mean_gpu_mem_used_gb": 367.400634765625,
  "max_gpu_mem_used_gb": 367.400634765625,
  "mean_gpu_temp_c": 87.26073131955485,
  "max_gpu_temp_c": 93.0,
  "mean_pcie_tx_mb_s": 36912.871503238646,
  "max_pcie_tx_mb_s": 142955.9111328125,
  "mean_pcie_rx_mb_s": 34069.426547828276,
  "max_pcie_rx_mb_s": 103120.98046875,
  "mean_kv_cache_pct": 9.134207737148913,
  "max_kv_cache_pct": 12.727272727272732,
  "p50_kv_cache_pct": 11.515151515151512,
  "p95_kv_cache_pct": 12.727272727272732,
  "mean_requests_running": 3.3207472178060415,
  "max_requests_running": 4.0,
  "mean_requests_waiting": 0.0,
  "max_requests_waiting": 0.0
}