{
  "num_samples": 383,
  "duration_s": 163.8116352558136,
  "mean_power_w": 932.6567310704961,
  "max_power_w": 1023.113,
  "min_power_w": 305.136,
  "p50_power_w": 999.967,
  "p95_power_w": 1000.113,
  "mean_gpu_util_pct": 88.97845953002611,
  "max_gpu_util_pct": 100.0,
  "mean_gpu_mem_bw_util_pct": 41.81527415143603,
  "max_gpu_mem_bw_util_pct": 51.5,
  "mean_gpu_mem_used_gb": 326.48828125,
  "max_gpu_mem_used_gb": 326.48828125,
  "mean_gpu_temp_c": 86.85639686684073,
  "max_gpu_temp_c": 89.0,
  "mean_pcie_tx_mb_s": 17505.469767358845,
  "max_pcie_tx_mb_s": 28321.1025390625,
  "mean_pcie_rx_mb_s": 15845.811487740699,
  "max_pcie_rx_mb_s": 24625.0693359375,
  "mean_kv_cache_pct": 10.093454211463351,
  "max_kv_cache_pct": 18.856936768746092,
  "p50_kv_cache_pct": 15.318277767759591,
  "p95_kv_cache_pct": 18.5843242497852,
  "mean_requests_running": 43.057441253263704,
  "max_requests_running": 56.0,
  "mean_requests_waiting": 0.0,
  "max_requests_waiting": 0.0
}