{
  "num_samples": 539,
  "duration_s": 186.08493638038635,
  "mean_power_w": 565.907172541744,
  "max_power_w": 610.797,
  "min_power_w": 190.865,
  "p50_power_w": 599.978,
  "p95_power_w": 600.069,
  "mean_gpu_util_pct": 91.69758812615956,
  "max_gpu_util_pct": 100.0,
  "mean_gpu_mem_bw_util_pct": 63.57699443413729,
  "max_gpu_mem_bw_util_pct": 75.5,
  "mean_gpu_mem_used_gb": 176.45361328125,
  "max_gpu_mem_used_gb": 176.45361328125,
  "mean_gpu_temp_c": 85.30426716141002,
  "max_gpu_temp_c": 89.0,
  "mean_pcie_tx_mb_s": 8156.92161591199,
  "max_pcie_tx_mb_s": 49194.9755859375,
  "mean_pcie_rx_mb_s": 8216.3583984375,
  "max_pcie_rx_mb_s": 50976.4091796875,
  "mean_kv_cache_pct": 53.964079197632365,
  "max_kv_cache_pct": 93.76573826783671,
  "p50_kv_cache_pct": 67.39412438000763,
  "p95_kv_cache_pct": 91.32392216711179,
  "mean_requests_running": 57.2708719851577,
  "max_requests_running": 64.0,
  "mean_requests_waiting": 0.0,
  "max_requests_waiting": 0.0
}