{
  "num_samples": 639,
  "duration_s": 272.8216598033905,
  "mean_power_w": 870.2770532081378,
  "max_power_w": 913.498,
  "min_power_w": 370.484,
  "p50_power_w": 902.568,
  "p95_power_w": 911.6189999999999,
  "mean_gpu_util_pct": 93.41549295774648,
  "max_gpu_util_pct": 99.0,
  "mean_gpu_mem_bw_util_pct": 33.668622848200314,
  "max_gpu_mem_bw_util_pct": 38.75,
  "mean_gpu_mem_used_gb": 334.19140625,
  "max_gpu_mem_used_gb": 334.19140625,
  "mean_gpu_temp_c": 86.08920187793427,
  "max_gpu_temp_c": 88.0,
  "mean_pcie_tx_mb_s": 46406.71246882336,
  "max_pcie_tx_mb_s": 73064.6962890625,
  "mean_pcie_rx_mb_s": 43050.348102503915,
  "max_pcie_rx_mb_s": 60730.7109375,
  "mean_kv_cache_pct": 4.606631659387786,
  "max_kv_cache_pct": 6.903991370010787,
  "p50_kv_cache_pct": 5.3948669543329775,
  "p95_kv_cache_pct": 6.761281912980943,
  "mean_requests_running": 30.071987480438185,
  "max_requests_running": 32.0,
  "mean_requests_waiting": 0.0,
  "max_requests_waiting": 0.0
}