{
  "num_samples": 953,
  "duration_s": 409.12105202674866,
  "mean_power_w": 867.0757198321091,
  "max_power_w": 1023.888,
  "min_power_w": 93.65299999999999,
  "p50_power_w": 857.811,
  "p95_power_w": 1000.12,
  "mean_gpu_util_pct": 91.6878279118573,
  "max_gpu_util_pct": 100.0,
  "mean_gpu_mem_bw_util_pct": 32.94832109129066,
  "max_gpu_mem_bw_util_pct": 62.25,
  "mean_gpu_mem_used_gb": 362.19140625,
  "max_gpu_mem_used_gb": 362.19140625,
  "mean_gpu_temp_c": 85.9202518363064,
  "max_gpu_temp_c": 91.0,
  "mean_pcie_tx_mb_s": 41246.259564778986,
  "max_pcie_tx_mb_s": 140097.171875,
  "mean_pcie_rx_mb_s": 34365.21277278168,
  "max_pcie_rx_mb_s": 103695.5400390625,
  "mean_kv_cache_pct": 43.391504717567535,
  "max_kv_cache_pct": 83.0205891400507,
  "p50_kv_cache_pct": 44.563130482746914,
  "p95_kv_cache_pct": 81.78163419006502,
  "mean_requests_running": 47.37355718782791,
  "max_requests_running": 72.0,
  "mean_requests_waiting": 10.146904512067156,
  "max_requests_waiting": 55.0
}