{
  "num_samples": 4655,
  "duration_s": 1603.4772367477417,
  "mean_power_w": 567.9863069817401,
  "max_power_w": 581.524,
  "min_power_w": 396.01,
  "p50_power_w": 573.511,
  "p95_power_w": 576.38,
  "mean_gpu_util_pct": 97.98431793770139,
  "max_gpu_util_pct": 99.0,
  "mean_gpu_mem_bw_util_pct": 50.24618689581096,
  "max_gpu_mem_bw_util_pct": 55.5,
  "mean_gpu_mem_used_gb": 159.72705078125,
  "max_gpu_mem_used_gb": 159.72705078125,
  "mean_gpu_temp_c": 85.05585392051557,
  "max_gpu_temp_c": 88.0,
  "mean_pcie_tx_mb_s": 996.9795458931928,
  "max_pcie_tx_mb_s": 33461.916015625,
  "mean_pcie_rx_mb_s": 1022.3124408398228,
  "max_pcie_rx_mb_s": 32051.287109375,
  "mean_kv_cache_pct": 2.3923667018967274,
  "max_kv_cache_pct": 2.7623044639450645,
  "p50_kv_cache_pct": 2.4341854254101514,
  "p95_kv_cache_pct": 2.708889736741704,
  "mean_requests_running": 1.955531686358754,
  "max_requests_running": 2.0,
  "mean_requests_waiting": 0.0,
  "max_requests_waiting": 0.0
}