{
  "num_samples": 1951,
  "duration_s": 836.4862480163574,
  "mean_power_w": 894.567872373142,
  "max_power_w": 1021.602,
  "min_power_w": 88.377,
  "p50_power_w": 912.1990000000001,
  "p95_power_w": 1000.027,
  "mean_gpu_util_pct": 93.24525884161969,
  "max_gpu_util_pct": 100.0,
  "mean_gpu_mem_bw_util_pct": 29.394925679138904,
  "max_gpu_mem_bw_util_pct": 54.5,
  "mean_gpu_mem_used_gb": 362.19140625,
  "max_gpu_mem_used_gb": 362.19140625,
  "mean_gpu_temp_c": 86.92209123526396,
  "max_gpu_temp_c": 92.0,
  "mean_pcie_tx_mb_s": 36053.4321636941,
  "max_pcie_tx_mb_s": 99147.21484375,
  "mean_pcie_rx_mb_s": 31189.5331010139,
  "max_pcie_rx_mb_s": 82184.6025390625,
  "mean_kv_cache_pct": 24.248174229785104,
  "max_kv_cache_pct": 35.78967466825071,
  "p50_kv_cache_pct": 30.43607395542732,
  "p95_kv_cache_pct": 35.63692679770454,
  "mean_requests_running": 11.477703741670938,
  "max_requests_running": 16.0,
  "mean_requests_waiting": 2.5863659661711944,
  "max_requests_waiting": 12.0
}