{
  "num_samples": 4003,
  "duration_s": 1804.2738509178162,
  "mean_power_w": 912.6547739195603,
  "max_power_w": 1008.855,
  "min_power_w": 91.418,
  "p50_power_w": 934.347,
  "p95_power_w": 951.91,
  "mean_gpu_util_pct": 96.88008993255059,
  "max_gpu_util_pct": 100.0,
  "mean_gpu_mem_bw_util_pct": 22.049775168623533,
  "max_gpu_mem_bw_util_pct": 37.0,
  "mean_gpu_mem_used_gb": 343.930419921875,
  "max_gpu_mem_used_gb": 343.930419921875,
  "mean_gpu_temp_c": 87.09268048963277,
  "max_gpu_temp_c": 90.0,
  "mean_pcie_tx_mb_s": 33544.01843246471,
  "max_pcie_tx_mb_s": 100368.1923828125,
  "mean_pcie_rx_mb_s": 44027.92642456634,
  "max_pcie_rx_mb_s": 133321.9619140625,
  "mean_kv_cache_pct": 61.07944862155389,
  "max_kv_cache_pct": 100.0,
  "p50_kv_cache_pct": 66.0,
  "p95_kv_cache_pct": 96.0,
  "mean_requests_running": 15.96967418546366,
  "max_requests_running": 32.0,
  "mean_requests_waiting": 19.86190476190476,
  "max_requests_waiting": 30.0
}