{
  "num_samples": 1861,
  "duration_s": 799.9128167629242,
  "mean_power_w": 888.7184637291779,
  "max_power_w": 1025.329,
  "min_power_w": 90.901,
  "p50_power_w": 910.998,
  "p95_power_w": 1000.057,
  "mean_gpu_util_pct": 92.88917248790973,
  "max_gpu_util_pct": 100.0,
  "mean_gpu_mem_bw_util_pct": 29.17974207415368,
  "max_gpu_mem_bw_util_pct": 65.5,
  "mean_gpu_mem_used_gb": 362.19140625,
  "max_gpu_mem_used_gb": 362.19140625,
  "mean_gpu_temp_c": 86.89199355185384,
  "max_gpu_temp_c": 92.0,
  "mean_pcie_tx_mb_s": 39749.28071160498,
  "max_pcie_tx_mb_s": 110726.443359375,
  "mean_pcie_rx_mb_s": 33137.15769464082,
  "max_pcie_rx_mb_s": 80173.6328125,
  "mean_kv_cache_pct": 71.00728295741044,
  "max_kv_cache_pct": 99.99151400719188,
  "p50_kv_cache_pct": 91.91178810475958,
  "p95_kv_cache_pct": 99.31581682984523,
  "mean_requests_running": 36.57495969908651,
  "max_requests_running": 64.0,
  "mean_requests_waiting": 16.188608275120902,
  "max_requests_waiting": 56.0
}