{
  "num_samples": 562,
  "duration_s": 240.09987473487854,
  "mean_power_w": 955.1670960854093,
  "max_power_w": 1023.9689999999999,
  "min_power_w": 246.631,
  "p50_power_w": 999.98,
  "p95_power_w": 1000.509,
  "mean_gpu_util_pct": 92.07962633451957,
  "max_gpu_util_pct": 99.0,
  "mean_gpu_mem_bw_util_pct": 39.22330960854092,
  "max_gpu_mem_bw_util_pct": 44.75,
  "mean_gpu_mem_used_gb": 326.48828125,
  "max_gpu_mem_used_gb": 326.48828125,
  "mean_gpu_temp_c": 86.99644128113879,
  "max_gpu_temp_c": 89.0,
  "mean_pcie_tx_mb_s": 9632.762886454626,
  "max_pcie_tx_mb_s": 24451.4248046875,
  "mean_pcie_rx_mb_s": 9700.293842790814,
  "max_pcie_rx_mb_s": 17695.9072265625,
  "mean_kv_cache_pct": 4.142191265293614,
  "max_kv_cache_pct": 5.4151241606822715,
  "p50_kv_cache_pct": 4.782917696477251,
  "p95_kv_cache_pct": 5.332385730803091,
  "mean_requests_running": 14.718861209964412,
  "max_requests_running": 16.0,
  "mean_requests_waiting": 0.0,
  "max_requests_waiting": 0.0
}