{
  "num_samples": 2094,
  "duration_s": 897.3168859481812,
  "mean_power_w": 854.1718691499523,
  "max_power_w": 1029.597,
  "min_power_w": 87.13,
  "p50_power_w": 832.369,
  "p95_power_w": 1000.368,
  "mean_gpu_util_pct": 93.26277459407832,
  "max_gpu_util_pct": 100.0,
  "mean_gpu_mem_bw_util_pct": 31.116404011461317,
  "max_gpu_mem_bw_util_pct": 51.25,
  "mean_gpu_mem_used_gb": 367.381103515625,
  "max_gpu_mem_used_gb": 367.381103515625,
  "mean_gpu_temp_c": 85.9632282712512,
  "max_gpu_temp_c": 91.0,
  "mean_pcie_tx_mb_s": 43717.621055508294,
  "max_pcie_tx_mb_s": 126302.666015625,
  "mean_pcie_rx_mb_s": 41496.49634045562,
  "max_pcie_rx_mb_s": 108159.5615234375,
  "mean_kv_cache_pct": 17.97031923822755,
  "max_kv_cache_pct": 24.84848484848485,
  "p50_kv_cache_pct": 23.030303030303035,
  "p95_kv_cache_pct": 24.242424242424242,
  "mean_requests_running": 6.343839541547278,
  "max_requests_running": 8.0,
  "mean_requests_waiting": 0.6537726838586437,
  "max_requests_waiting": 3.0
}