{
  "num_samples": 2466,
  "duration_s": 1102.9152903556824,
  "mean_power_w": 858.0388779399838,
  "max_power_w": 1054.4470000000001,
  "min_power_w": 92.30600000000001,
  "p50_power_w": 1018.428,
  "p95_power_w": 1037.644,
  "mean_gpu_util_pct": 97.35087185725872,
  "max_gpu_util_pct": 100.0,
  "mean_gpu_mem_bw_util_pct": 6.112733171127331,
  "max_gpu_mem_bw_util_pct": 22.75,
  "mean_gpu_mem_used_gb": 357.89838265251166,
  "max_gpu_mem_used_gb": 364.117919921875,
  "mean_gpu_temp_c": 86.03609083536091,
  "max_gpu_temp_c": 92.0,
  "mean_pcie_tx_mb_s": 6844.278869183394,
  "max_pcie_tx_mb_s": 67398.037109375,
  "mean_pcie_rx_mb_s": 9829.235646986517,
  "max_pcie_rx_mb_s": 98084.21875,
  "mean_kv_cache_pct": 37.79820992676973,
  "max_kv_cache_pct": 47.0,
  "p50_kv_cache_pct": 40.0,
  "p95_kv_cache_pct": 47.0,
  "mean_requests_running": 0.27339300244100895,
  "max_requests_running": 1.0,
  "mean_requests_waiting": 0.0,
  "max_requests_waiting": 0.0
}