{
  "num_samples": 169,
  "duration_s": 75.00335788726807,
  "mean_power_w": 637.1352662721894,
  "max_power_w": 942.3290000000001,
  "min_power_w": 378.02,
  "p50_power_w": 627.271,
  "p95_power_w": 932.585,
  "mean_gpu_util_pct": 82.89940828402366,
  "max_gpu_util_pct": 100.0,
  "mean_gpu_mem_bw_util_pct": 12.948224852071005,
  "max_gpu_mem_bw_util_pct": 20.5,
  "mean_gpu_mem_used_gb": 333.0602276141827,
  "max_gpu_mem_used_gb": 333.227294921875,
  "mean_gpu_temp_c": 84.65680473372781,
  "max_gpu_temp_c": 91.0,
  "mean_pcie_tx_mb_s": 6603.473442122781,
  "max_pcie_tx_mb_s": 67330.7119140625,
  "mean_pcie_rx_mb_s": 8787.984450120191,
  "max_pcie_rx_mb_s": 67584.0634765625,
  "mean_kv_cache_pct": 3.5088757396449703,
  "max_kv_cache_pct": 7.000000000000001,
  "p50_kv_cache_pct": 3.0,
  "p95_kv_cache_pct": 7.000000000000001,
  "mean_requests_running": 0.8875739644970414,
  "max_requests_running": 1.0,
  "mean_requests_waiting": 0.0,
  "max_requests_waiting": 0.0
}