{
  "num_samples": 840,
  "duration_s": 358.3813328742981,
  "mean_power_w": 954.4849166666667,
  "max_power_w": 1016.275,
  "min_power_w": 99.61500000000001,
  "p50_power_w": 999.921,
  "p95_power_w": 1000.8199999999999,
  "mean_gpu_util_pct": 92.80892857142857,
  "max_gpu_util_pct": 99.0,
  "mean_gpu_mem_bw_util_pct": 36.858333333333334,
  "max_gpu_mem_bw_util_pct": 41.75,
  "mean_gpu_mem_used_gb": 327.34765625,
  "max_gpu_mem_used_gb": 327.34765625,
  "mean_gpu_temp_c": 86.70357142857142,
  "max_gpu_temp_c": 89.0,
  "mean_pcie_tx_mb_s": 6207.910656156994,
  "max_pcie_tx_mb_s": 10935.1416015625,
  "mean_pcie_rx_mb_s": 6687.186411830357,
  "max_pcie_rx_mb_s": 15323.5185546875,
  "mean_kv_cache_pct": 4.105423559641628,
  "max_kv_cache_pct": 4.887931857477746,
  "p50_kv_cache_pct": 4.575010872678287,
  "p95_kv_cache_pct": 4.831712155123946,
  "mean_requests_running": 7.428571428571429,
  "max_requests_running": 8.0,
  "mean_requests_waiting": 0.0,
  "max_requests_waiting": 0.0
}