{
  "num_samples": 4216,
  "duration_s": 1810.4076199531555,
  "mean_power_w": 936.8290365275142,
  "max_power_w": 1027.423,
  "min_power_w": 79.676,
  "p50_power_w": 982.201,
  "p95_power_w": 1000.032,
  "mean_gpu_util_pct": 94.22562855787476,
  "max_gpu_util_pct": 100.0,
  "mean_gpu_mem_bw_util_pct": 24.564753320683113,
  "max_gpu_mem_bw_util_pct": 69.0,
  "mean_gpu_mem_used_gb": 362.19140625,
  "max_gpu_mem_used_gb": 362.19140625,
  "mean_gpu_temp_c": 87.28130929791271,
  "max_gpu_temp_c": 92.0,
  "mean_pcie_tx_mb_s": 32984.0518662165,
  "max_pcie_tx_mb_s": 93785.7802734375,
  "mean_pcie_rx_mb_s": 28569.398096537003,
  "max_pcie_rx_mb_s": 86227.5400390625,
  "mean_kv_cache_pct": 78.64826114098311,
  "max_kv_cache_pct": 99.99681775269696,
  "p50_kv_cache_pct": 94.77368917929843,
  "p95_kv_cache_pct": 98.5775354555387,
  "mean_requests_running": 21.660417655434266,
  "max_requests_running": 72.0,
  "mean_requests_waiting": 33.394874228761275,
  "max_requests_waiting": 67.0
}