{
  "num_samples": 4378,
  "duration_s": 1884.0212752819061,
  "mean_power_w": 936.9608412517131,
  "max_power_w": 1024.899,
  "min_power_w": 79.405,
  "p50_power_w": 980.819,
  "p95_power_w": 1000.106,
  "mean_gpu_util_pct": 94.4015532206487,
  "max_gpu_util_pct": 100.0,
  "mean_gpu_mem_bw_util_pct": 23.60889675650982,
  "max_gpu_mem_bw_util_pct": 68.0,
  "mean_gpu_mem_used_gb": 362.19140625,
  "max_gpu_mem_used_gb": 362.19140625,
  "mean_gpu_temp_c": 86.73115577889448,
  "max_gpu_temp_c": 92.0,
  "mean_pcie_tx_mb_s": 32206.801065207073,
  "max_pcie_tx_mb_s": 96999.9228515625,
  "mean_pcie_rx_mb_s": 27728.725739403693,
  "max_pcie_rx_mb_s": 85353.900390625,
  "mean_kv_cache_pct": 75.48227515528609,
  "max_kv_cache_pct": 99.99893925089899,
  "p50_kv_cache_pct": 94.6389740434695,
  "p95_kv_cache_pct": 99.25641488018839,
  "mean_requests_running": 27.53622857142857,
  "max_requests_running": 128.0,
  "mean_requests_waiting": 47.862857142857145,
  "max_requests_waiting": 120.0
}