{
  "num_samples": 994,
  "duration_s": 426.36051654815674,
  "mean_power_w": 954.2689416498994,
  "max_power_w": 1208.996,
  "min_power_w": 97.915,
  "p50_power_w": 891.581,
  "p95_power_w": 1200.4270000000001,
  "mean_gpu_util_pct": 92.0842555331992,
  "max_gpu_util_pct": 100.0,
  "mean_gpu_mem_bw_util_pct": 35.65995975855131,
  "max_gpu_mem_bw_util_pct": 62.75,
  "mean_gpu_mem_used_gb": 367.400634765625,
  "max_gpu_mem_used_gb": 367.400634765625,
  "mean_gpu_temp_c": 87.40342052313883,
  "max_gpu_temp_c": 92.0,
  "mean_pcie_tx_mb_s": 51353.8196414817,
  "max_pcie_tx_mb_s": 128286.361328125,
  "mean_pcie_rx_mb_s": 46278.53499021473,
  "max_pcie_rx_mb_s": 110434.6259765625,
  "mean_kv_cache_pct": 38.28044021705993,
  "max_kv_cache_pct": 58.18181818181818,
  "p50_kv_cache_pct": 44.242424242424235,
  "p95_kv_cache_pct": 58.18181818181818,
  "mean_requests_running": 23.386317907444667,
  "max_requests_running": 32.0,
  "mean_requests_waiting": 3.5814889336016096,
  "max_requests_waiting": 21.0
}