{
  "num_samples": 3283,
  "duration_s": 1418.2825782299042,
  "mean_power_w": 729.1612790130978,
  "max_power_w": 1010.64,
  "min_power_w": 101.245,
  "p50_power_w": 677.124,
  "p95_power_w": 1000.117,
  "mean_gpu_util_pct": 97.902832774901,
  "max_gpu_util_pct": 100.0,
  "mean_gpu_mem_bw_util_pct": 15.851203167834298,
  "max_gpu_mem_bw_util_pct": 51.25,
  "mean_gpu_mem_used_gb": 373.09765625,
  "max_gpu_mem_used_gb": 373.09765625,
  "mean_gpu_temp_c": 85.82424611635699,
  "max_gpu_temp_c": 90.0,
  "mean_pcie_tx_mb_s": 60877.21193815679,
  "max_pcie_tx_mb_s": 129176.1005859375,
  "mean_pcie_rx_mb_s": 50254.420849059075,
  "max_pcie_rx_mb_s": 103759.865234375,
  "mean_kv_cache_pct": 52.903560593439906,
  "max_kv_cache_pct": 78.22838007910823,
  "p50_kv_cache_pct": 65.5249910104279,
  "p95_kv_cache_pct": 76.48777418194894,
  "mean_requests_running": 48.328662808406946,
  "max_requests_running": 64.0,
  "mean_requests_waiting": 10.798050563508985,
  "max_requests_waiting": 58.0
}