{
  "num_samples": 4606,
  "duration_s": 1584.697761297226,
  "mean_power_w": 573.6104461571863,
  "max_power_w": 608.802,
  "min_power_w": 42.302,
  "p50_power_w": 592.9580000000001,
  "p95_power_w": 601.0450000000001,
  "mean_gpu_util_pct": 94.64177160225792,
  "max_gpu_util_pct": 100.0,
  "mean_gpu_mem_bw_util_pct": 42.566869300911854,
  "max_gpu_mem_bw_util_pct": 57.5,
  "mean_gpu_mem_used_gb": 176.45361328125,
  "max_gpu_mem_used_gb": 176.45361328125,
  "mean_gpu_temp_c": 86.05775075987842,
  "max_gpu_temp_c": 91.0,
  "mean_pcie_tx_mb_s": 6146.654551722617,
  "max_pcie_tx_mb_s": 41044.462890625,
  "mean_pcie_rx_mb_s": 6114.166481856207,
  "max_pcie_rx_mb_s": 40928.2890625,
  "mean_kv_cache_pct": 24.84974477992062,
  "max_kv_cache_pct": 32.231972529568864,
  "p50_kv_cache_pct": 31.453643647462805,
  "p95_kv_cache_pct": 32.155665776421216,
  "mean_requests_running": 1.5788102475032566,
  "max_requests_running": 2.0,
  "mean_requests_waiting": 0.0,
  "max_requests_waiting": 0.0
}