{
  "num_samples": 3380,
  "duration_s": 1453.4464745521545,
  "mean_power_w": 734.9792340236686,
  "max_power_w": 1017.602,
  "min_power_w": 102.027,
  "p50_power_w": 677.558,
  "p95_power_w": 1000.0830000000001,
  "mean_gpu_util_pct": 97.89526627218935,
  "max_gpu_util_pct": 100.0,
  "mean_gpu_mem_bw_util_pct": 16.793047337278107,
  "max_gpu_mem_bw_util_pct": 51.25,
  "mean_gpu_mem_used_gb": 373.09765625,
  "max_gpu_mem_used_gb": 373.09765625,
  "mean_gpu_temp_c": 85.57781065088757,
  "max_gpu_temp_c": 91.0,
  "mean_pcie_tx_mb_s": 59470.436108831826,
  "max_pcie_tx_mb_s": 121388.220703125,
  "mean_pcie_rx_mb_s": 49201.61318012667,
  "max_pcie_rx_mb_s": 100385.15625,
  "mean_kv_cache_pct": 43.10987198636564,
  "max_kv_cache_pct": 68.46120999640416,
  "p50_kv_cache_pct": 48.55043149946062,
  "p95_kv_cache_pct": 66.80712873067243,
  "mean_requests_running": 39.18757396449704,
  "max_requests_running": 56.0,
  "mean_requests_waiting": 10.242899408284023,
  "max_requests_waiting": 50.0
}