{
  "num_samples": 14527,
  "duration_s": 6230.891843557358,
  "mean_power_w": 880.8446867901149,
  "max_power_w": 1023.715,
  "min_power_w": 79.582,
  "p50_power_w": 859.651,
  "p95_power_w": 1000.027,
  "mean_gpu_util_pct": 98.50531768431198,
  "max_gpu_util_pct": 100.0,
  "mean_gpu_mem_bw_util_pct": 20.07713223652509,
  "max_gpu_mem_bw_util_pct": 55.25,
  "mean_gpu_mem_used_gb": 373.09765625,
  "max_gpu_mem_used_gb": 373.09765625,
  "mean_gpu_temp_c": 85.70551387072348,
  "max_gpu_temp_c": 92.0,
  "mean_pcie_tx_mb_s": 51733.6620529741,
  "max_pcie_tx_mb_s": 131729.6669921875,
  "mean_pcie_rx_mb_s": 44248.10610112581,
  "max_pcie_rx_mb_s": 107241.0400390625,
  "mean_kv_cache_pct": 14.476417326989012,
  "max_kv_cache_pct": 18.69830996044588,
  "p50_kv_cache_pct": 18.412891046386193,
  "p95_kv_cache_pct": 18.635382955771306,
  "mean_requests_running": 3.1506849315068495,
  "max_requests_running": 4.0,
  "mean_requests_waiting": 0.2741791147518414,
  "max_requests_waiting": 2.0
}