{
  "num_samples": 336,
  "duration_s": 143.74774050712585,
  "mean_power_w": 938.3066696428572,
  "max_power_w": 1019.318,
  "min_power_w": 373.275,
  "p50_power_w": 999.97,
  "p95_power_w": 1000.317,
  "mean_gpu_util_pct": 90.03943452380952,
  "max_gpu_util_pct": 100.0,
  "mean_gpu_mem_bw_util_pct": 40.364583333333336,
  "max_gpu_mem_bw_util_pct": 49.0,
  "mean_gpu_mem_used_gb": 326.41015625,
  "max_gpu_mem_used_gb": 326.41015625,
  "mean_gpu_temp_c": 87.08035714285714,
  "max_gpu_temp_c": 89.0,
  "mean_pcie_tx_mb_s": 25262.725763230097,
  "max_pcie_tx_mb_s": 43330.451171875,
  "mean_pcie_rx_mb_s": 24041.565572102863,
  "max_pcie_rx_mb_s": 39078.1982421875,
  "mean_kv_cache_pct": 8.639473100665594,
  "max_kv_cache_pct": 21.001771450998696,
  "p50_kv_cache_pct": 4.864595377255421,
  "p95_kv_cache_pct": 20.255004083884042,
  "mean_requests_running": 78.10119047619048,
  "max_requests_running": 104.0,
  "mean_requests_waiting": 0.0,
  "max_requests_waiting": 0.0
}