{
  "num_samples": 9023,
  "duration_s": 4059.160041332245,
  "mean_power_w": 867.1043901141527,
  "max_power_w": 958.04,
  "min_power_w": 82.155,
  "p50_power_w": 928.173,
  "p95_power_w": 948.049,
  "mean_gpu_util_pct": 97.37326831430788,
  "max_gpu_util_pct": 100.0,
  "mean_gpu_mem_bw_util_pct": 18.96121024049651,
  "max_gpu_mem_bw_util_pct": 27.25,
  "mean_gpu_mem_used_gb": 343.9379804616068,
  "max_gpu_mem_used_gb": 343.938232421875,
  "mean_gpu_temp_c": 86.45782999002549,
  "max_gpu_temp_c": 91.0,
  "mean_pcie_tx_mb_s": 28500.402698204416,
  "max_pcie_tx_mb_s": 102716.8515625,
  "mean_pcie_rx_mb_s": 38307.207154199685,
  "max_pcie_rx_mb_s": 132870.150390625,
  "mean_kv_cache_pct": 25.30154495943092,
  "max_kv_cache_pct": 37.0,
  "p50_kv_cache_pct": 28.999999999999996,
  "p95_kv_cache_pct": 37.0,
  "mean_requests_running": 2.08758475047238,
  "max_requests_running": 4.0,
  "mean_requests_waiting": 0.9972212959875514,
  "max_requests_waiting": 3.0
}