{
  "num_samples": 748,
  "duration_s": 321.4504978656769,
  "mean_power_w": 865.3110949197861,
  "max_power_w": 1030.415,
  "min_power_w": 108.368,
  "p50_power_w": 916.229,
  "p95_power_w": 1000.15,
  "mean_gpu_util_pct": 93.05347593582887,
  "max_gpu_util_pct": 100.0,
  "mean_gpu_mem_bw_util_pct": 37.88302139037433,
  "max_gpu_mem_bw_util_pct": 58.25,
  "mean_gpu_mem_used_gb": 367.381103515625,
  "max_gpu_mem_used_gb": 367.381103515625,
  "mean_gpu_temp_c": 86.5855614973262,
  "max_gpu_temp_c": 91.0,
  "mean_pcie_tx_mb_s": 49165.92146896933,
  "max_pcie_tx_mb_s": 121686.4833984375,
  "mean_pcie_rx_mb_s": 44611.74636791862,
  "max_pcie_rx_mb_s": 116208.5859375,
  "mean_kv_cache_pct": 63.095324906822235,
  "max_kv_cache_pct": 100.0,
  "p50_kv_cache_pct": 67.12121212121211,
  "p95_kv_cache_pct": 99.39393939393939,
  "mean_requests_running": 61.4144385026738,
  "max_requests_running": 88.0,
  "mean_requests_waiting": 7.711229946524064,
  "max_requests_waiting": 65.0
}