{
  "num_samples": 791,
  "duration_s": 355.0268840789795,
  "mean_power_w": 1008.9674083438686,
  "max_power_w": 1160.158,
  "min_power_w": 377.279,
  "p50_power_w": 951.361,
  "p95_power_w": 1148.5149999999999,
  "mean_gpu_util_pct": 95.3331226295828,
  "max_gpu_util_pct": 100.0,
  "mean_gpu_mem_bw_util_pct": 31.130214917825537,
  "max_gpu_mem_bw_util_pct": 45.25,
  "mean_gpu_mem_used_gb": 343.688232421875,
  "max_gpu_mem_used_gb": 343.688232421875,
  "mean_gpu_temp_c": 88.5031605562579,
  "max_gpu_temp_c": 92.0,
  "mean_pcie_tx_mb_s": 27851.10144521373,
  "max_pcie_tx_mb_s": 97323.09375,
  "mean_pcie_rx_mb_s": 36815.35954166996,
  "max_pcie_rx_mb_s": 132923.40625,
  "mean_kv_cache_pct": 41.14032869785082,
  "max_kv_cache_pct": 69.0,
  "p50_kv_cache_pct": 46.0,
  "p95_kv_cache_pct": 69.0,
  "mean_requests_running": 21.437420986093553,
  "max_requests_running": 32.0,
  "mean_requests_waiting": 6.010113780025285,
  "max_requests_waiting": 27.0
}