{
  "num_samples": 2599,
  "duration_s": 1112.3283660411835,
  "mean_power_w": 917.5195971527511,
  "max_power_w": 1024.3319999999999,
  "min_power_w": 88.721,
  "p50_power_w": 968.01,
  "p95_power_w": 1001.9110000000001,
  "mean_gpu_util_pct": 93.9049634474798,
  "max_gpu_util_pct": 100.0,
  "mean_gpu_mem_bw_util_pct": 28.229415159676797,
  "max_gpu_mem_bw_util_pct": 40.75,
  "mean_gpu_mem_used_gb": 362.19140625,
  "max_gpu_mem_used_gb": 362.19140625,
  "mean_gpu_temp_c": 86.93074259330511,
  "max_gpu_temp_c": 91.0,
  "mean_pcie_tx_mb_s": 26524.308931545187,
  "max_pcie_tx_mb_s": 86189.9052734375,
  "mean_pcie_rx_mb_s": 22605.379816681296,
  "max_pcie_rx_mb_s": 74208.833984375,
  "mean_kv_cache_pct": 6.849194908370032,
  "max_kv_cache_pct": 8.961208405375876,
  "p50_kv_cache_pct": 8.699203377425135,
  "p95_kv_cache_pct": 8.935750426951516,
  "mean_requests_running": 3.1600615621392842,
  "max_requests_running": 4.0,
  "mean_requests_waiting": 0.20046171604463256,
  "max_requests_waiting": 1.0
}