{
  "num_samples": 6368,
  "duration_s": 2763.688771724701,
  "mean_power_w": 841.2233395100502,
  "max_power_w": 1029.2060000000001,
  "min_power_w": 92.131,
  "p50_power_w": 798.986,
  "p95_power_w": 1000.011,
  "mean_gpu_util_pct": 97.9490813442211,
  "max_gpu_util_pct": 100.0,
  "mean_gpu_mem_bw_util_pct": 22.75565326633166,
  "max_gpu_mem_bw_util_pct": 54.5,
  "mean_gpu_mem_used_gb": 373.09765625,
  "max_gpu_mem_used_gb": 373.09765625,
  "mean_gpu_temp_c": 86.38976130653266,
  "max_gpu_temp_c": 92.0,
  "mean_pcie_tx_mb_s": 61039.324484206925,
  "max_pcie_tx_mb_s": 132416.109375,
  "mean_pcie_rx_mb_s": 50740.3428126963,
  "max_pcie_rx_mb_s": 104863.5048828125,
  "mean_kv_cache_pct": 13.044777334078287,
  "max_kv_cache_pct": 18.98597626752967,
  "p50_kv_cache_pct": 16.113807982740024,
  "p95_kv_cache_pct": 18.88484358144552,
  "mean_requests_running": 5.632917390617596,
  "max_requests_running": 8.0,
  "mean_requests_waiting": 1.5972200284315274,
  "max_requests_waiting": 5.0
}