{
  "num_samples": 6131,
  "duration_s": 2114.652123451233,
  "mean_power_w": 565.5089706410047,
  "max_power_w": 610.679,
  "min_power_w": 42.683,
  "p50_power_w": 578.516,
  "p95_power_w": 600.837,
  "mean_gpu_util_pct": 94.61662045343337,
  "max_gpu_util_pct": 100.0,
  "mean_gpu_mem_bw_util_pct": 43.363399119230145,
  "max_gpu_mem_bw_util_pct": 53.5,
  "mean_gpu_mem_used_gb": 176.45361328125,
  "max_gpu_mem_used_gb": 176.45361328125,
  "mean_gpu_temp_c": 85.8611971945849,
  "max_gpu_temp_c": 90.0,
  "mean_pcie_tx_mb_s": 4673.475752706532,
  "max_pcie_tx_mb_s": 41706.5576171875,
  "mean_pcie_rx_mb_s": 4632.018658858414,
  "max_pcie_rx_mb_s": 46754.3779296875,
  "mean_kv_cache_pct": 11.364689214891131,
  "max_kv_cache_pct": 16.115986264784432,
  "p50_kv_cache_pct": 15.780236550934756,
  "p95_kv_cache_pct": 16.08546356352537,
  "mean_requests_running": 0.7158701679986952,
  "max_requests_running": 1.0,
  "mean_requests_waiting": 0.0,
  "max_requests_waiting": 0.0
}