{
  "num_samples": 1445,
  "duration_s": 500.99214816093445,
  "mean_power_w": 577.6779640138408,
  "max_power_w": 608.692,
  "min_power_w": 53.356,
  "p50_power_w": 599.9670000000001,
  "p95_power_w": 601.27,
  "mean_gpu_util_pct": 94.3311418685121,
  "max_gpu_util_pct": 100.0,
  "mean_gpu_mem_bw_util_pct": 55.09757785467128,
  "max_gpu_mem_bw_util_pct": 64.0,
  "mean_gpu_mem_used_gb": 176.45361328125,
  "max_gpu_mem_used_gb": 176.45361328125,
  "mean_gpu_temp_c": 85.30657439446367,
  "max_gpu_temp_c": 89.0,
  "mean_pcie_tx_mb_s": 6123.813515760165,
  "max_pcie_tx_mb_s": 64668.2802734375,
  "mean_pcie_rx_mb_s": 6040.060591479239,
  "max_pcie_rx_mb_s": 59532.4052734375,
  "mean_kv_cache_pct": 29.501743305666633,
  "max_kv_cache_pct": 35.16215185043876,
  "p50_kv_cache_pct": 32.5982449446776,
  "p95_kv_cache_pct": 34.91797024036627,
  "mean_requests_running": 7.433910034602076,
  "max_requests_running": 8.0,
  "mean_requests_waiting": 0.0,
  "max_requests_waiting": 0.0
}