{
  "num_samples": 3364,
  "duration_s": 1444.9682307243347,
  "mean_power_w": 939.2512488109394,
  "max_power_w": 1210.083,
  "min_power_w": 77.223,
  "p50_power_w": 957.477,
  "p95_power_w": 1200.259,
  "mean_gpu_util_pct": 92.48773781212842,
  "max_gpu_util_pct": 100.0,
  "mean_gpu_mem_bw_util_pct": 26.09720570749108,
  "max_gpu_mem_bw_util_pct": 64.5,
  "mean_gpu_mem_used_gb": 367.400634765625,
  "max_gpu_mem_used_gb": 367.400634765625,
  "mean_gpu_temp_c": 86.6447681331748,
  "max_gpu_temp_c": 95.0,
  "mean_pcie_tx_mb_s": 52351.34514401104,
  "max_pcie_tx_mb_s": 138425.36328125,
  "mean_pcie_rx_mb_s": 45137.575163670015,
  "max_pcie_rx_mb_s": 117670.5810546875,
  "mean_kv_cache_pct": 79.7920327269123,
  "max_kv_cache_pct": 99.54545454545455,
  "p50_kv_cache_pct": 92.42424242424242,
  "p95_kv_cache_pct": 98.63636363636363,
  "mean_requests_running": 15.697888789771039,
  "max_requests_running": 24.0,
  "mean_requests_waiting": 4.720487659827535,
  "max_requests_waiting": 21.0
}