{
  "num_samples": 2359,
  "duration_s": 1051.0054020881653,
  "mean_power_w": 849.6496193302247,
  "max_power_w": 946.571,
  "min_power_w": 107.114,
  "p50_power_w": 833.443,
  "p95_power_w": 939.36,
  "mean_gpu_util_pct": 97.76367104705383,
  "max_gpu_util_pct": 100.0,
  "mean_gpu_mem_bw_util_pct": 24.969054684188215,
  "max_gpu_mem_bw_util_pct": 29.0,
  "mean_gpu_mem_used_gb": 343.688232421875,
  "max_gpu_mem_used_gb": 343.688232421875,
  "mean_gpu_temp_c": 87.25943196269606,
  "max_gpu_temp_c": 91.0,
  "mean_pcie_tx_mb_s": 15744.82455613806,
  "max_pcie_tx_mb_s": 98683.412109375,
  "mean_pcie_rx_mb_s": 20375.79402355341,
  "max_pcie_rx_mb_s": 132897.021484375,
  "mean_kv_cache_pct": 14.594743535396354,
  "max_kv_cache_pct": 16.0,
  "p50_kv_cache_pct": 16.0,
  "p95_kv_cache_pct": 16.0,
  "mean_requests_running": 3.4196693514200933,
  "max_requests_running": 4.0,
  "mean_requests_waiting": 0.10682492581602374,
  "max_requests_waiting": 1.0
}