{
  "num_samples": 516,
  "duration_s": 220.52793622016907,
  "mean_power_w": 892.7568953488372,
  "max_power_w": 960.862,
  "min_power_w": 369.771,
  "p50_power_w": 932.627,
  "p95_power_w": 958.924,
  "mean_gpu_util_pct": 92.17393410852713,
  "max_gpu_util_pct": 99.25,
  "mean_gpu_mem_bw_util_pct": 34.458333333333336,
  "max_gpu_mem_bw_util_pct": 40.0,
  "mean_gpu_mem_used_gb": 334.19140625,
  "max_gpu_mem_used_gb": 334.19140625,
  "mean_gpu_temp_c": 86.07364341085271,
  "max_gpu_temp_c": 89.0,
  "mean_pcie_tx_mb_s": 37311.746803461116,
  "max_pcie_tx_mb_s": 84634.6328125,
  "mean_pcie_rx_mb_s": 32120.85367460029,
  "max_pcie_rx_mb_s": 65624.46484375,
  "mean_kv_cache_pct": 5.822287570836434,
  "max_kv_cache_pct": 10.35598705501618,
  "p50_kv_cache_pct": 6.580366774541535,
  "p95_kv_cache_pct": 10.032362459546928,
  "mean_requests_running": 40.64147286821706,
  "max_requests_running": 48.0,
  "mean_requests_waiting": 0.0,
  "max_requests_waiting": 0.0
}