timestamp,elapsed_s,gpu0_power_w,gpu0_mem_used_gb,gpu0_util_pct,gpu0_mem_bw_util_pct,gpu0_temp_c,gpu0_pcie_tx_mb_s,gpu0_pcie_rx_mb_s,gpu1_power_w,gpu1_mem_used_gb,gpu1_util_pct,gpu1_mem_bw_util_pct,gpu1_temp_c,gpu1_pcie_tx_mb_s,gpu1_pcie_rx_mb_s,gpu2_power_w,gpu2_mem_used_gb,gpu2_util_pct,gpu2_mem_bw_util_pct,gpu2_temp_c,gpu2_pcie_tx_mb_s,gpu2_pcie_rx_mb_s,gpu3_power_w,gpu3_mem_used_gb,gpu3_util_pct,gpu3_mem_bw_util_pct,gpu3_temp_c,gpu3_pcie_tx_mb_s,gpu3_pcie_rx_mb_s,kv_cache_pct,requests_running,requests_waiting
1782925254.390,0.000,147.1,79.14,0,0,85,0.6,0.5,120.9,79.15,0,0,78,0.6,0.4,118.4,79.15,0,0,84,0.8,0.5,107.9,79.14,0,0,79,0.6,0.5,1.0,1,0
1782925254.831,0.441,124.6,79.14,0,0,85,0.6,0.4,120.9,79.15,0,0,78,0.6,0.5,118.4,79.15,0,0,84,0.6,0.5,107.9,79.14,0,0,79,1.1,7.5,1.0,1,0
1782925255.272,0.882,124.6,79.14,0,0,85,2.3,0.5,102.4,79.15,0,0,78,0.6,0.5,100.1,79.15,0,0,83,2.3,0.5,93.2,79.14,0,0,79,0.6,0.5,1.0,1,0
1782925255.712,1.322,118.3,79.14,0,0,84,2.7,2.9,102.4,79.15,0,0,78,3.9,2.1,100.1,79.15,0,0,83,2.7,5.0,93.2,79.14,0,0,79,0.6,0.5,1.0,1,0
1782925256.165,1.775,118.3,79.14,0,0,84,2.3,0.4,97.1,79.15,0,0,77,0.6,0.4,97.1,79.15,0,0,83,0.7,0.5,91.1,79.14,0,0,78,0.6,0.5,1.0,1,0
1782925256.606,2.216,115.9,79.14,0,0,84,0.6,0.5,97.1,79.15,0,0,77,0.6,0.5,97.1,79.15,0,0,83,0.7,0.7,91.1,79.14,0,0,78,2.8,5.2,1.0,1,0
1782925257.062,2.672,115.9,79.14,0,0,84,2.1,0.4,97.1,79.15,0,0,77,1.5,0.5,97.1,79.15,0,0,83,1.7,0.5,91.1,79.14,0,0,78,0.6,0.5,1.0,1,0
1782925257.503,3.112,113.1,79.14,0,0,83,0.6,0.5,96.2,79.15,0,0,77,0.6,0.5,93.0,79.15,0,0,82,0.7,0.5,88.3,79.14,0,0,78,0.7,0.5,1.0,1,0
1782925257.947,3.557,113.1,79.14,0,0,83,2.9,1.2,96.2,79.15,0,0,77,4.2,0.4,93.0,79.15,0,0,82,0.6,0.5,88.3,79.14,0,0,78,2.3,0.5,1.0,1,0
1782925258.390,4.000,113.1,79.14,0,0,83,0.6,0.5,96.1,79.15,0,0,76,0.6,0.5,92.8,79.15,0,0,82,0.7,0.4,87.3,79.14,0,0,77,0.6,0.5,1.0,1,0
1782925258.829,4.439,111.8,79.14,0,0,83,0.6,0.4,96.1,79.15,0,0,76,0.6,0.5,92.8,79.15,0,0,82,0.6,0.4,87.3,79.14,0,0,77,0.6,3.6,1.0,1,0
1782925259.269,4.879,111.8,79.14,0,0,83,2.3,0.4,95.2,79.15,0,0,76,0.6,0.4,92.1,79.15,0,0,81,2.3,0.5,86.1,79.14,0,0,77,0.6,0.5,1.0,1,0
1782925259.710,5.320,110.7,79.14,0,0,82,2.8,2.3,95.2,79.15,0,0,76,2.7,3.6,92.1,79.15,0,0,81,2.5,0.4,86.1,79.14,0,0,77,0.6,0.5,1.0,1,0
1782925260.155,5.765,110.7,79.14,0,0,82,0.6,0.5,94.9,79.15,0,0,76,4.3,0.6,91.9,79.15,0,0,81,0.7,0.5,86.0,79.14,0,0,77,0.6,0.5,1.0,1,0
1782925260.594,6.204,110.2,79.14,0,0,82,0.7,0.5,94.9,79.15,0,0,76,0.6,0.5,91.9,79.15,0,0,81,0.7,0.5,86.0,79.14,0,0,77,1.5,3.9,1.0,1,0
1782925261.036,6.646,110.2,79.14,0,0,82,0.7,0.5,94.9,79.15,0,0,76,0.6,0.5,91.9,79.15,0,0,81,0.6,0.5,86.0,79.14,0,0,77,2.3,0.4,1.0,1,0
1782925261.474,7.084,110.2,79.14,0,0,82,3.1,0.5,93.8,79.15,0,0,75,0.6,0.4,91.6,79.15,0,0,81,2.3,0.5,85.6,79.14,0,0,76,0.6,0.4,1.0,1,0
1782925261.914,7.524,109.5,79.14,0,0,82,0.6,2.1,93.8,79.15,0,0,75,2.8,2.1,91.6,79.15,0,0,81,1.3,0.5,85.6,79.14,0,0,76,0.7,0.5,1.0,1,0
1782925262.786,8.396,108.5,79.14,0,0,81,2.7,0.5,93.6,79.15,0,0,75,0.6,0.4,91.3,79.15,0,0,80,2.3,0.5,84.8,79.14,0,0,76,0.6,0.4,1.0,1,0
1782925263.235,8.845,108.5,79.14,0,0,81,0.6,0.4,93.1,79.15,0,0,74,0.6,0.5,91.0,79.15,0,0,80,0.7,0.5,84.5,79.14,0,0,76,2.3,0.4,1.0,1,0
1782925263.676,9.285,108.0,79.14,0,0,81,2.3,0.4,93.1,79.15,0,0,74,3.2,3.7,91.0,79.15,0,0,80,6.4,3.7,84.5,79.14,0,0,76,0.6,0.4,1.0,1,0
1782925264.118,9.728,108.0,79.14,0,0,81,0.6,0.5,92.5,79.15,0,0,74,0.6,0.4,91.0,79.15,0,0,80,0.6,0.5,84.2,79.14,0,0,75,0.6,0.5,1.0,1,0
1782925264.558,10.168,107.8,79.14,0,0,81,0.6,0.5,92.5,79.15,0,0,74,3.1,0.4,91.0,79.15,0,0,80,1.5,0.5,84.2,79.14,0,0,75,0.6,0.6,1.0,1,0
1782925265.001,10.611,107.8,79.14,0,0,81,0.6,4.6,92.5,79.15,0,0,74,0.6,0.5,91.0,79.15,0,0,80,0.7,0.5,84.2,79.14,0,0,75,0.6,0.5,1.0,1,0
1782925265.440,11.050,107.8,79.14,0,0,81,0.6,0.5,92.4,79.15,0,0,74,0.6,0.5,90.9,79.15,0,0,80,0.7,0.5,83.5,79.14,0,0,75,2.3,0.5,1.0,1,0
1782925265.880,11.490,106.9,79.14,0,0,80,2.2,0.5,92.4,79.15,0,0,74,0.6,0.7,90.9,79.15,0,0,80,9.5,2.1,83.5,79.14,0,0,75,0.6,0.9,1.0,1,0
1782925266.330,11.940,106.9,79.14,0,0,80,0.6,0.4,92.2,79.15,0,0,74,0.6,0.5,90.8,79.15,0,0,79,0.6,0.5,83.3,79.14,0,0,75,1.5,0.5,1.0,1,0
1782925266.772,12.382,106.6,79.14,0,0,80,4.3,2.0,92.2,79.15,0,0,74,0.6,0.5,90.8,79.15,0,0,79,2.3,0.5,83.3,79.14,0,0,75,0.6,0.4,1.0,1,0
1782925267.213,12.822,106.6,79.14,0,0,80,0.6,0.5,92.1,79.15,0,0,73,0.6,0.5,90.6,79.15,0,0,79,0.7,0.4,83.0,79.14,0,0,74,0.6,0.5,1.0,1,0
1782925267.653,13.263,105.8,79.14,0,0,80,0.6,0.5,92.1,79.15,0,0,73,2.2,2.3,90.6,79.15,0,0,79,2.6,5.5,83.0,79.14,0,0,74,2.7,2.0,1.0,1,0
1782925268.098,13.708,105.8,79.14,0,0,80,0.6,0.4,91.8,79.15,0,0,73,0.6,0.4,90.5,79.15,0,0,79,0.6,0.5,83.0,79.14,0,0,74,1.5,0.5,1.0,1,0
1782925268.542,14.152,105.4,79.14,0,0,80,0.7,0.5,91.8,79.15,0,0,73,0.6,0.5,90.5,79.15,0,0,79,0.7,0.5,82.5,79.14,0,0,74,2.3,0.4,1.0,1,0
1782925268.980,14.590,105.4,79.14,0,0,80,4.3,0.5,91.8,79.15,0,0,73,1.2,0.4,90.5,79.15,0,0,79,2.3,0.4,82.5,79.14,0,0,74,0.6,0.4,1.0,1,0
1782925269.418,15.028,105.4,79.14,0,0,80,0.9,0.6,91.5,79.15,0,0,73,1.2,0.5,90.4,79.15,0,0,78,0.8,0.6,82.5,79.14,0,0,74,1.2,0.6,1.0,1,0
1782925269.861,15.471,105.1,79.14,0,0,79,0.9,0.7,91.5,79.15,0,0,73,2.6,0.6,90.4,79.15,0,0,78,0.8,2.5,82.5,79.14,0,0,74,2.9,0.9,1.0,1,0
1782925270.307,15.917,105.1,79.14,0,0,79,0.8,0.6,53.0,79.15,0,0,71,0.8,0.6,62.0,79.15,0,0,77,0.9,0.7,50.8,79.14,0,0,73,1.7,0.7,1.0,1,0
1782925270.757,16.367,63.5,79.14,0,0,78,4.6,2.6,53.0,79.15,0,0,71,5.0,0.6,62.0,79.15,0,0,77,0.8,0.8,50.8,79.14,0,0,73,0.9,0.7,1.0,1,0
1782925271.241,16.851,55.0,79.14,0,0,77,10355.3,5245.4,51.2,79.15,97,29,75,3360.6,8171.3,68.9,79.15,99,54,80,10375.0,7165.9,61.6,79.14,99,56,77,5828.3,7164.8,1.0,1,0
1782925271.687,17.296,128.0,79.14,98,44,82,5180.9,6469.1,125.8,79.15,98,40,75,5556.8,7879.6,131.1,79.15,98,43,81,10378.5,8602.6,123.6,79.14,98,43,77,5167.3,4305.2,1.0,1,0
1782925272.139,17.749,169.0,79.14,99,50,83,10357.0,8559.2,274.6,79.15,99,52,76,4170.1,4919.0,271.2,79.15,98,50,82,10377.1,8594.4,263.6,79.14,98,47,78,5193.0,4301.3,1.0,1,0
1782925272.585,18.194,287.4,79.14,98,41,83,5843.9,3778.6,275.5,79.15,97,37,77,10356.8,7177.9,271.9,79.15,98,47,83,500.1,8597.4,263.6,79.14,98,47,78,10377.5,4309.3,1.0,1,0
1782925273.031,18.641,289.5,79.14,99,48,83,10355.3,8561.0,275.5,79.15,97,37,77,10356.2,8244.4,271.9,79.15,98,47,83,5231.6,5190.2,261.5,79.14,99,57,79,7623.2,8605.1,1.0,1,0
1782925273.481,19.090,289.5,79.14,99,48,83,10357.1,8560.8,276.5,79.15,98,43,76,5178.1,4281.3,270.9,79.15,98,40,82,10377.8,8601.7,259.7,79.14,98,42,78,5190.4,4304.3,1.0,1,0
1782925273.927,19.537,284.8,79.14,98,46,83,7432.4,6317.4,274.6,79.15,98,49,76,10356.5,8563.4,273.2,79.15,98,49,83,10375.8,8600.3,263.8,79.14,99,51,79,5433.2,769.5,1.0,1,0
1782925274.374,19.984,287.4,79.14,98,44,83,1008.1,880.4,275.8,79.15,98,42,76,936.4,998.7,269.0,79.15,99,43,82,929.3,883.7,258.3,79.14,99,43,77,988.5,757.7,1.0,2,0
1782925274.819,20.429,270.9,79.14,99,41,82,1007.1,874.0,249.6,79.15,99,42,75,945.5,1038.4,238.1,79.15,99,46,81,929.4,853.4,229.6,79.14,99,43,77,1034.1,813.5,1.0,2,0
1782925275.265,20.874,238.5,79.14,99,40,82,1007.5,884.8,216.5,79.15,99,42,75,947.0,1017.2,213.3,79.15,99,46,81,924.6,873.2,199.1,79.14,99,43,77,990.4,752.5,1.0,2,0
1782925275.705,21.315,231.6,79.14,99,41,82,932.7,953.7,214.3,79.15,99,42,75,951.0,1052.5,211.1,79.15,99,46,82,959.8,895.4,198.2,79.14,99,43,77,987.0,761.2,1.0,2,0
1782925276.152,21.761,231.9,79.14,99,41,82,925.9,939.3,214.8,79.15,99,42,75,941.6,933.3,211.6,79.15,99,46,82,1021.5,873.3,198.9,79.14,99,43,77,988.8,760.1,1.0,2,0
1782925276.594,22.204,232.3,79.14,99,41,82,932.6,935.5,215.0,79.15,99,43,75,946.0,958.6,211.7,79.15,99,46,82,1012.9,886.3,198.9,79.14,99,43,77,911.2,842.9,1.0,2,0
1782925277.036,22.646,232.1,79.14,99,41,82,922.7,854.1,215.0,79.15,99,43,75,1017.1,954.9,211.7,79.15,99,46,82,926.9,931.7,199.0,79.14,99,43,77,903.3,826.9,1.0,2,0
1782925277.479,23.089,232.1,79.14,99,41,82,937.2,879.9,214.6,79.15,99,42,75,1015.3,926.9,211.6,79.15,99,46,82,928.4,936.3,198.6,79.14,99,43,77,905.0,760.8,1.0,2,0
1782925277.921,23.531,232.0,79.14,99,41,82,1005.3,876.5,214.3,79.15,99,42,75,947.3,1022.5,211.7,79.15,99,46,82,926.2,846.3,198.4,79.14,99,43,77,985.7,759.3,1.0,2,0
1782925278.363,23.972,232.1,79.14,99,41,82,925.8,924.9,214.4,79.15,99,42,75,944.6,929.5,212.0,79.15,99,46,82,934.0,862.8,198.8,79.14,99,43,77,989.2,763.7,1.0,2,0
1782925278.804,24.414,232.6,79.14,99,41,82,923.6,939.3,214.7,79.15,99,42,75,940.7,955.4,212.3,79.15,99,46,82,1007.4,885.7,199.0,79.14,99,43,77,909.6,833.9,1.0,2,0
1782925279.247,24.857,233.0,79.14,99,41,83,925.4,875.9,215.1,79.15,99,42,75,1020.7,950.0,212.4,79.15,99,46,82,924.4,966.4,199.2,79.14,99,43,77,907.0,816.8,1.0,2,0
1782925279.689,25.299,232.9,79.14,99,41,83,1005.7,906.5,215.0,79.15,99,43,75,1023.1,973.1,212.1,79.15,99,46,82,933.2,968.0,199.0,79.14,99,43,77,903.7,757.1,1.0,2,0
1782925280.133,25.743,233.1,79.14,99,41,83,1011.6,903.6,215.1,79.15,99,42,75,1017.0,967.0,212.3,79.15,99,46,82,924.9,951.8,198.8,79.14,99,43,77,904.2,758.2,1.0,2,0
1782925280.578,26.187,233.0,79.14,99,40,83,1010.5,876.5,215.0,79.15,99,42,76,940.2,1020.0,212.1,79.15,99,46,82,927.4,877.8,198.8,79.14,99,43,77,984.9,837.4,1.0,2,0
1782925281.022,26.632,232.7,79.14,99,41,83,1007.9,885.3,215.0,79.15,99,42,76,945.3,1011.5,212.1,79.15,99,46,82,924.0,865.1,198.7,79.14,99,43,77,985.5,754.9,1.0,2,0
1782925281.464,27.074,232.7,79.14,99,41,83,923.0,952.0,214.8,79.15,99,43,76,940.1,938.2,211.9,79.15,99,46,82,1003.1,880.6,198.5,79.14,99,43,77,905.8,835.9,1.0,2,0
1782925281.908,27.518,232.8,79.14,99,41,83,931.3,918.7,214.8,79.15,99,42,76,940.1,976.8,212.0,79.15,99,46,82,1013.9,868.9,198.6,79.14,99,43,77,903.1,841.0,1.0,2,0
1782925282.355,27.965,233.0,79.14,99,41,83,931.8,971.4,214.7,79.15,99,42,76,943.2,933.2,212.0,79.15,99,46,82,1008.9,866.8,198.4,79.14,99,43,77,905.3,834.9,1.0,2,0
1782925282.797,28.407,233.3,79.14,99,41,83,925.6,888.7,214.7,79.15,99,42,76,1022.9,948.2,212.4,79.15,99,46,82,924.5,954.0,198.7,79.14,99,43,77,903.5,900.6,1.0,2,0
1782925283.241,28.851,233.6,79.14,99,41,83,927.7,877.8,214.9,79.15,99,43,76,1021.4,963.9,212.8,79.15,99,46,82,926.8,945.9,198.9,79.14,99,43,77,898.6,757.6,1.0,2,0
1782925283.683,29.293,233.9,79.14,99,41,83,1009.2,873.1,215.2,79.15,99,42,76,965.1,1018.7,213.0,79.15,99,46,82,936.6,948.8,199.0,79.14,99,43,77,905.0,752.7,1.0,2,0
1782925284.129,29.739,233.9,79.14,99,41,83,1002.8,868.3,215.2,79.15,99,43,76,942.6,1011.0,213.0,79.15,99,46,83,932.5,946.1,198.8,79.14,99,43,77,904.8,759.0,1.0,2,0
1782925284.573,30.182,234.1,79.14,99,41,83,1002.1,883.4,215.2,79.15,99,42,76,939.7,1019.9,213.1,79.15,99,46,83,926.4,866.8,198.8,79.14,99,43,77,982.5,759.1,1.0,2,0
1782925285.015,30.625,234.6,79.14,99,41,83,924.8,922.8,215.2,79.15,99,42,76,940.6,959.8,213.1,79.15,99,46,83,1011.5,859.8,199.1,79.14,99,43,77,911.8,832.2,1.0,2,0
1782925285.455,31.065,234.6,79.14,99,41,83,932.5,888.8,215.1,79.15,99,42,76,1019.8,957.7,213.1,79.15,99,46,83,926.1,990.6,199.1,79.14,99,43,77,907.0,761.8,1.0,2,0
1782925285.895,31.505,234.3,79.14,99,41,83,926.8,904.7,215.0,79.15,99,42,76,939.7,1013.8,212.9,79.15,99,46,83,928.4,854.9,198.8,79.14,99,43,77,984.0,754.9,1.0,2,0
1782925286.335,31.945,234.1,79.14,99,41,83,924.9,900.0,214.8,79.15,99,43,76,1017.4,959.1,213.2,79.15,99,46,83,1000.8,874.4,198.5,79.14,99,43,77,907.5,833.7,1.0,2,0
1782925286.775,32.385,234.4,79.14,99,41,83,935.9,875.3,215.3,79.15,99,42,76,1017.5,945.7,213.7,79.15,99,46,83,929.0,952.2,198.6,79.14,99,43,77,906.6,754.6,1.0,2,0
1782925287.220,32.830,234.7,79.14,99,41,83,1007.8,885.2,215.8,79.15,99,43,76,939.4,1014.5,214.0,79.15,99,46,83,924.9,903.1,198.8,79.14,99,43,77,983.0,754.9,1.0,2,0
1782925287.662,33.272,234.5,79.14,99,41,83,929.7,963.9,215.7,79.15,99,43,76,946.3,1069.5,214.0,79.15,99,46,83,951.5,895.4,199.2,79.14,99,43,77,1000.1,759.3,1.0,2,0
1782925288.108,33.717,234.5,79.14,99,41,83,924.3,939.7,215.6,79.15,99,43,76,943.5,943.2,213.7,79.15,99,46,83,1014.3,886.7,199.3,79.14,99,43,77,903.5,878.1,1.0,2,0
1782925288.551,34.161,234.6,79.14,99,41,84,924.0,868.9,215.6,79.15,99,43,76,950.0,974.2,213.7,79.15,99,46,83,1012.5,869.9,199.3,79.14,99,43,77,906.0,839.3,1.0,2,0
1782925288.992,34.602,234.7,79.14,99,41,84,926.1,873.3,215.8,79.15,99,42,76,1022.2,961.3,214.1,79.15,99,46,83,929.4,959.6,199.1,79.14,99,43,77,905.0,757.9,1.0,2,0
1782925289.435,35.045,234.7,79.14,99,41,84,1007.6,896.6,215.8,79.15,99,43,76,938.2,1037.0,214.3,79.15,99,46,83,925.6,859.6,199.0,79.14,99,43,77,984.3,758.2,1.0,2,0
1782925289.877,35.487,234.7,79.14,99,41,84,846.5,4118.1,215.7,79.15,99,42,76,47.4,65.9,214.0,79.15,99,46,83,302.2,2142.3,199.0,79.14,99,43,77,317.8,1819.3,1.0,2,0
1782925290.328,35.938,222.0,79.14,52,2,82,5178.9,8561.5,195.0,79.15,13,3,76,10355.9,4280.2,188.9,79.15,84,25,84,5190.6,8604.7,177.6,79.14,94,33,79,10380.3,7802.4,1.0,2,0
1782925290.771,36.381,229.5,79.14,98,47,85,10357.5,4284.4,216.8,79.15,98,44,78,4132.2,8559.5,221.5,79.15,98,40,85,10377.4,8241.8,210.5,79.14,98,41,79,4280.8,4933.1,1.0,2,0
1782925291.215,36.825,268.2,79.14,99,50,85,10355.1,8561.7,254.8,79.15,98,53,78,4605.7,4603.2,270.0,79.15,99,55,86,10375.0,8601.6,260.0,79.14,98,47,80,5192.6,4303.7,1.0,2,0
1782925291.657,37.267,289.7,79.14,98,46,86,925.6,864.0,276.1,79.15,98,43,78,1013.5,969.9,272.7,79.15,99,45,85,1025.9,880.4,259.1,79.14,99,42,78,937.9,830.0,1.0,1,0
1782925292.102,37.712,275.1,79.14,99,42,84,934.4,892.6,252.6,79.15,99,44,76,1019.2,939.2,244.5,79.15,99,48,84,928.8,959.7,259.1,79.14,99,42,78,905.0,752.0,1.0,2,0
1782925292.544,38.154,245.6,79.14,99,42,84,1005.0,905.7,252.6,79.15,99,44,76,934.8,1027.4,244.5,79.15,99,48,84,923.2,851.6,229.2,79.14,99,44,78,983.2,755.0,1.0,2,0
1782925292.986,38.596,237.7,79.14,99,42,84,926.8,957.5,227.6,79.15,99,43,76,935.9,942.2,220.9,79.15,99,47,84,1011.8,861.0,201.9,79.14,99,44,78,903.8,833.9,1.0,2,0
1782925293.428,39.038,237.7,79.14,99,42,84,928.4,881.8,217.7,79.15,99,43,76,1018.0,960.5,216.9,79.15,99,47,84,922.9,968.5,201.0,79.14,99,44,78,898.4,758.5,1.0,2,0
1782925293.870,39.479,237.3,79.14,99,42,84,1003.0,883.1,217.3,79.15,99,43,76,939.0,1039.2,216.7,79.15,99,47,84,952.4,879.3,200.8,79.14,99,44,78,985.9,758.2,1.0,2,0
1782925294.313,39.923,237.1,79.14,99,42,84,929.1,915.0,217.1,79.15,99,43,76,942.6,1018.6,216.5,79.15,99,47,84,929.7,884.3,200.7,79.14,99,44,78,988.7,758.9,2.0,2,0
1782925294.758,40.368,237.2,79.14,99,42,84,941.4,945.9,217.1,79.15,99,43,76,942.9,939.0,216.6,79.15,99,47,84,1009.1,896.1,201.1,79.14,99,44,78,903.0,848.8,2.0,2,0
1782925295.201,40.811,237.4,79.14,99,42,84,926.2,874.5,217.3,79.15,99,43,76,1021.3,985.3,217.1,79.15,99,47,84,926.6,956.8,201.4,79.14,99,44,78,898.3,757.4,2.0,2,0
1782925295.643,41.253,237.7,79.14,99,42,84,1000.9,865.4,217.1,79.15,99,43,76,932.3,994.8,217.2,79.15,99,47,84,942.3,888.0,201.4,79.14,99,44,78,1003.6,762.6,2.0,2,0
1782925296.086,41.696,237.8,79.14,99,42,85,924.8,960.4,217.0,79.15,99,43,76,939.7,967.0,217.1,79.15,99,47,84,1011.9,883.4,201.4,79.14,99,44,78,1004.6,757.5,2.0,2,0
1782925296.528,42.138,237.8,79.14,99,41,85,928.8,885.7,217.0,79.15,99,43,76,1017.1,971.4,217.1,79.15,99,47,84,922.1,903.1,201.1,79.14,99,44,78,898.6,824.7,2.0,2,0
1782925296.970,42.580,237.8,79.14,99,41,85,1016.0,857.4,216.8,79.15,99,43,76,939.2,1016.4,217.0,79.15,99,47,84,925.8,953.7,200.6,79.14,99,44,78,906.8,753.9,2.0,2,0
1782925297.413,43.023,237.8,79.14,99,42,85,926.2,943.9,217.1,79.15,99,43,76,936.7,1018.3,217.2,79.15,99,47,84,926.4,860.0,200.6,79.14,99,44,78,983.8,756.6,2.0,2,0
1782925297.854,43.464,238.2,79.14,99,42,85,932.2,885.4,217.2,79.15,99,44,76,1012.7,940.8,217.2,79.15,99,47,84,924.8,924.9,200.6,79.14,99,44,78,907.5,747.4,2.0,2,0
1782925298.295,43.904,238.5,79.14,99,42,85,1005.2,878.9,217.2,79.15,99,43,76,944.1,1031.3,217.3,79.15,99,46,84,930.0,864.4,200.4,79.14,99,44,78,918.4,759.2,2.0,2,0
1782925298.737,44.347,238.3,79.14,99,42,85,930.3,954.5,217.2,79.15,99,43,76,940.8,992.9,217.7,79.15,99,47,84,918.1,846.7,200.5,79.14,99,44,78,981.2,756.1,2.0,2,0
1782925299.180,44.790,238.5,79.14,99,42,85,924.7,864.9,217.4,79.15,99,43,76,1021.4,958.7,218.1,79.15,99,48,84,919.7,949.1,200.7,79.14,99,44,78,903.6,835.5,2.0,2,0
1782925299.627,45.237,238.8,79.14,99,42,85,927.6,867.1,217.6,79.15,99,43,76,1017.3,964.7,218.4,79.15,99,47,84,1041.3,957.2,200.9,79.14,99,44,78,920.2,817.5,2.0,2,0
1782925300.080,45.690,239.1,79.14,99,42,85,925.4,942.4,217.8,79.15,99,43,76,941.2,933.2,218.2,79.15,99,47,85,919.5,869.6,200.9,79.14,99,44,78,979.9,761.6,2.0,2,0
1782925300.526,46.136,239.6,79.14,99,42,85,924.6,947.5,217.8,79.15,99,43,76,945.1,969.3,218.2,79.15,99,47,85,1006.9,886.5,200.9,79.14,99,44,78,899.1,834.9,2.0,2,0
1782925300.967,46.577,239.6,79.14,99,42,85,947.6,870.9,218.5,79.15,99,43,77,1015.4,955.9,218.6,79.15,99,47,85,924.0,983.3,201.3,79.14,99,44,78,900.7,817.7,2.0,2,0
1782925301.411,47.021,239.6,79.14,99,42,85,1002.8,866.8,218.3,79.15,99,43,76,934.4,1015.0,218.5,79.15,99,47,85,928.5,883.1,201.3,79.14,99,44,78,914.6,757.5,2.0,2,0
1782925301.853,47.462,239.4,79.14,99,42,85,924.5,939.0,217.6,79.15,99,43,77,937.5,956.6,218.1,79.15,99,47,85,1008.1,905.6,201.0,79.14,99,44,78,904.5,850.9,2.0,2,0
1782925302.294,47.904,239.1,79.14,99,42,85,929.6,874.5,217.2,79.15,99,43,77,1017.7,949.6,218.1,79.15,99,47,85,924.5,945.5,200.9,79.14,99,44,78,944.7,827.8,2.0,2,0
1782925302.737,48.347,239.0,79.14,99,42,85,1017.2,920.6,217.2,79.15,99,43,77,1100.6,944.4,218.2,79.15,99,47,85,918.6,952.9,200.9,79.14,99,44,78,902.4,756.6,2.0,2,0
1782925303.186,48.796,239.1,79.14,99,42,85,1015.3,875.8,217.6,79.15,99,43,77,1015.2,940.3,218.6,79.15,99,46,85,921.0,966.5,201.1,79.14,99,43,78,899.3,754.1,2.0,2,0
1782925303.628,49.238,239.3,79.14,99,42,85,930.0,954.5,217.7,79.15,99,43,77,933.3,1013.6,218.7,79.15,99,47,85,1016.4,888.1,201.2,79.14,99,44,78,950.3,756.2,2.0,2,0
1782925304.075,49.685,239.7,79.14,99,42,85,918.5,954.9,217.7,79.15,99,43,77,940.3,1028.2,218.6,79.15,99,47,85,920.1,876.7,201.2,79.14,99,44,78,989.3,754.0,2.0,2,0
1782925304.520,50.130,239.9,79.14,99,42,85,920.4,946.0,217.7,79.15,99,43,77,935.1,958.5,218.6,79.15,99,47,85,1007.0,865.9,201.4,79.14,99,44,78,901.3,827.7,2.0,2,0
1782925304.962,50.572,239.9,79.14,99,42,85,1012.2,965.8,217.8,79.15,99,43,77,944.2,977.9,218.9,79.15,99,47,85,941.1,865.6,201.6,79.14,99,44,78,993.9,761.0,2.0,2,0
1782925305.411,51.021,240.1,79.14,99,42,85,925.3,890.9,217.8,79.15,99,43,77,1015.0,951.9,219.0,79.15,99,47,85,924.0,961.2,201.4,79.14,99,44,78,899.0,818.0,2.0,2,0
1782925305.852,51.462,240.3,79.14,99,42,85,1011.5,875.5,217.9,79.15,99,43,77,934.4,1047.0,219.1,79.15,99,48,85,923.6,889.6,201.6,79.14,99,44,78,988.1,761.2,2.0,2,0
1782925306.293,51.903,240.3,79.14,99,42,85,931.4,951.7,218.2,79.15,99,44,77,937.5,950.7,219.4,79.15,99,47,85,1004.3,879.7,201.7,79.14,99,44,78,903.9,824.4,2.0,2,0
1782925306.735,52.345,240.4,79.14,99,42,85,946.7,967.2,218.2,79.15,99,43,77,944.9,965.4,219.4,79.15,99,47,85,1005.7,891.2,201.4,79.14,99,44,78,902.8,836.8,2.0,2,0
1782925307.181,52.791,240.3,79.14,99,42,86,1006.1,878.8,217.9,79.15,99,44,77,1007.9,967.4,219.2,79.15,99,47,85,924.7,938.8,201.4,79.14,99,44,78,904.1,756.6,2.0,2,0
1782925307.628,53.238,237.6,79.14,86,25,85,1920.7,7013.8,221.0,79.15,98,48,78,10359.8,4017.9,228.7,79.15,99,56,87,5188.7,8609.7,214.9,79.14,98,51,80,10382.5,8607.3,0.0,2,0
1782925308.079,53.689,263.5,79.14,98,39,87,10355.3,8563.0,248.4,79.15,98,42,78,5182.5,4282.0,254.5,79.15,98,47,87,10375.6,8602.1,214.9,79.14,98,51,80,8395.5,1446.0,0.0,2,0
1782925308.521,54.131,287.4,79.14,99,51,88,10360.1,8559.7,248.4,79.15,98,42,78,7546.9,3222.4,254.5,79.15,98,47,87,7857.4,8599.2,239.7,79.14,98,44,80,9376.7,2778.9,0.0,2,0
1782925308.965,54.575,287.4,79.14,99,51,88,23517.5,17113.6,279.0,79.15,99,51,79,4168.0,4959.5,279.2,79.15,99,52,88,10374.8,5036.5,262.9,79.14,98,47,80,2849.6,8611.5,0.0,2,0
1782925309.412,55.022,292.3,79.14,98,42,88,8277.5,5933.8,275.5,79.15,97,36,78,7647.5,6600.7,276.9,79.15,99,56,88,10377.6,8600.5,263.5,79.14,99,54,81,10375.5,8600.7,0.0,2,0
1782925309.853,55.462,292.9,79.14,98,43,87,10355.1,4283.1,277.7,79.15,98,39,79,4525.4,8563.8,274.9,79.15,98,43,88,10374.9,4306.0,261.0,79.14,98,42,81,5193.4,8610.2,0.0,2,0
1782925310.295,55.904,291.4,79.14,99,53,88,7572.6,3095.5,280.4,79.15,99,53,79,8326.1,8563.1,280.1,79.15,99,54,88,10375.3,8600.2,264.1,79.14,98,46,81,5677.8,7052.2,0.0,2,0
1782925310.737,56.347,295.3,79.14,98,44,88,1048.2,892.3,278.0,79.15,98,43,78,1096.2,954.6,274.4,79.15,99,47,87,1007.8,980.2,257.7,79.14,99,44,79,903.9,842.9,1.0,1,0
1782925311.186,56.796,275.5,79.14,99,43,87,928.4,888.2,254.0,79.15,99,44,78,1017.3,978.3,245.7,79.15,99,48,87,928.1,971.7,230.8,79.14,99,44,79,899.6,760.8,1.0,2,0
1782925311.628,57.238,252.8,79.14,99,43,87,1005.0,896.9,222.6,79.15,99,44,78,941.6,1026.2,223.6,79.15,99,48,87,923.5,1031.6,204.2,79.14,99,45,79,930.5,757.8,1.0,2,0
1782925312.074,57.684,245.1,79.14,99,43,87,1005.9,881.6,221.5,79.15,99,44,78,942.0,1025.4,223.9,79.15,99,48,87,922.9,871.3,204.2,79.14,99,45,79,990.0,756.1,1.0,2,0
1782925312.515,58.125,245.1,79.14,99,42,87,928.9,960.2,221.5,79.15,99,44,78,940.0,972.7,223.9,79.15,99,48,87,1007.4,867.8,204.4,79.14,99,44,79,905.7,826.1,1.0,2,0
1782925312.956,58.566,245.1,79.14,99,42,87,933.0,885.7,221.3,79.15,99,44,78,1020.1,947.6,224.0,79.15,99,48,87,927.2,954.6,204.2,79.14,99,45,79,899.0,760.8,2.0,2,0
1782925313.398,59.008,245.1,79.14,99,43,87,1008.4,901.0,221.2,79.15,99,44,78,937.6,1000.3,223.8,79.15,99,48,86,930.4,891.4,204.0,79.14,99,45,79,983.9,761.0,2.0,2,0
1782925313.847,59.457,245.2,79.14,99,43,87,1014.7,911.1,221.3,79.15,99,44,78,1006.2,963.4,223.8,79.15,99,49,87,920.8,958.4,204.2,79.14,99,45,79,905.8,758.6,2.0,2,0
1782925314.289,59.899,245.5,79.14,99,43,87,994.6,890.0,221.5,79.15,99,44,77,940.1,1025.8,224.0,79.15,99,48,87,927.6,890.6,204.4,79.14,99,45,79,983.2,757.5,2.0,2,0
1782925314.732,60.342,245.6,79.14,99,42,87,933.2,1041.6,221.3,79.15,99,44,78,947.5,1049.4,224.0,79.15,99,49,87,924.7,934.4,204.3,79.14,99,45,79,903.8,754.7,2.0,2,0
1782925315.181,60.791,245.4,79.14,99,43,87,925.9,953.6,221.4,79.15,99,44,78,941.6,1024.1,224.2,79.15,99,48,87,927.3,894.9,204.5,79.14,99,45,79,997.9,749.3,2.0,2,0
1782925315.624,61.234,245.7,79.14,99,43,87,925.5,942.9,221.5,79.15,99,44,78,937.2,923.9,224.2,79.15,99,49,87,1198.3,885.7,204.6,79.14,99,45,79,1037.3,754.2,2.0,2,0
1782925316.071,61.680,245.9,79.14,99,43,87,927.3,943.0,221.6,79.15,99,44,78,936.7,958.8,224.3,79.15,99,48,87,1010.3,871.8,204.6,79.14,99,45,79,906.2,830.8,2.0,2,0
1782925316.510,62.120,245.9,79.14,99,42,87,1011.0,910.0,221.6,79.15,99,44,78,947.6,1034.8,224.3,79.15,99,48,87,931.5,1004.0,204.5,79.14,99,45,79,914.5,754.1,2.0,2,0
1782925316.952,62.562,245.9,79.14,99,42,87,934.4,953.6,221.5,79.15,99,44,78,934.2,994.8,224.5,79.15,99,49,87,930.9,882.4,204.3,79.14,99,45,79,985.9,754.9,2.0,2,0
1782925317.392,63.002,246.1,79.14,99,43,87,930.6,878.7,221.5,79.15,99,44,78,1019.0,929.4,224.4,79.15,99,48,87,924.8,956.9,204.4,79.14,99,45,79,904.4,813.1,2.0,2,0
1782925317.834,63.444,246.1,79.14,99,43,87,1002.1,872.4,221.4,79.15,99,44,78,938.2,1017.6,224.4,79.15,99,49,87,918.2,946.3,204.5,79.14,99,45,79,904.6,764.0,2.0,2,0
1782925318.276,63.886,246.5,79.14,99,43,87,934.0,972.6,221.4,79.15,99,44,78,943.2,932.7,224.8,79.15,99,48,87,931.4,885.5,204.8,79.14,99,45,79,988.3,761.6,2.0,2,0
1782925318.717,64.327,246.5,79.14,99,43,87,934.7,911.6,221.5,79.15,99,44,78,948.3,961.7,224.9,79.15,99,49,87,1015.4,855.0,204.8,79.14,99,45,79,908.2,827.2,2.0,2,0
1782925319.162,64.772,246.7,79.14,99,43,87,927.5,889.2,221.6,79.15,99,44,78,1020.6,945.9,225.0,79.15,99,48,87,926.2,956.3,204.8,79.14,99,45,79,903.5,754.1,2.0,2,0
1782925319.603,65.213,247.0,79.14,99,43,87,1011.9,894.7,221.8,79.15,99,44,78,936.3,1011.9,225.2,79.15,99,49,87,934.5,1060.6,204.8,79.14,99,45,79,971.3,835.6,2.0,2,0
1782925320.052,65.662,247.1,79.14,99,43,87,1001.9,870.4,221.8,79.15,99,44,78,946.6,1027.4,225.2,79.15,99,49,87,928.6,955.6,204.9,79.14,99,45,79,904.5,761.3,2.0,2,0
1782925320.494,66.104,247.0,79.14,99,43,87,925.7,975.1,221.9,79.15,99,44,78,938.2,1002.8,225.3,79.15,99,49,87,924.8,879.8,204.8,79.14,99,45,79,982.9,754.5,2.0,2,0
1782925320.935,66.545,247.0,79.14,99,43,87,925.5,890.0,222.1,79.15,99,44,78,1023.8,930.8,225.6,79.15,99,49,87,998.2,859.1,204.7,79.14,99,45,79,898.7,827.6,2.0,2,0
1782925321.375,66.985,247.0,79.14,99,43,87,1004.9,864.2,222.1,79.15,99,44,78,933.4,1025.6,225.6,79.15,99,48,87,925.7,889.6,204.6,79.14,99,45,79,985.9,754.9,2.0,2,0
1782925321.815,67.425,247.1,79.14,99,43,87,932.3,941.4,222.1,79.15,99,44,78,941.3,954.6,225.4,79.15,99,48,87,1008.0,882.0,204.6,79.14,99,45,79,904.0,836.5,2.0,2,0
1782925322.255,67.865,247.2,79.14,99,43,87,1003.1,899.9,222.0,79.15,99,44,78,1013.2,958.0,225.4,79.15,99,49,87,927.1,961.2,204.6,79.14,99,45,79,903.3,752.8,2.0,2,0
1782925322.698,68.308,247.3,79.14,99,43,87,1027.3,1056.9,222.1,79.15,99,44,78,1188.1,953.5,225.7,79.15,99,48,87,1022.2,876.8,204.7,79.14,99,45,79,976.3,756.7,2.0,2,0
1782925323.153,68.763,247.6,79.14,99,43,87,929.4,897.9,222.2,79.15,99,44,78,1016.6,946.7,226.0,79.15,99,49,87,926.0,961.8,204.8,79.14,99,45,79,904.1,832.3,2.0,2,0
1782925323.595,69.205,247.4,79.14,99,43,87,1006.7,877.3,222.2,79.15,99,44,78,938.6,999.0,226.3,79.15,99,49,87,919.7,929.2,204.8,79.14,99,45,79,914.8,755.0,2.0,2,0
1782925324.037,69.647,247.6,79.14,99,43,88,924.6,942.5,222.2,79.15,99,44,78,939.4,986.2,226.3,79.15,99,49,87,929.7,892.5,204.8,79.14,99,45,79,983.5,752.4,2.0,2,0
1782925324.478,70.088,247.6,79.14,99,43,88,935.1,892.0,222.1,79.15,99,44,78,1017.0,967.9,226.2,79.15,99,49,88,994.5,866.4,204.8,79.14,99,45,79,905.8,828.5,2.0,2,0
1782925324.919,70.529,247.9,79.14,99,43,88,1004.8,859.8,222.0,79.15,99,44,78,952.3,1014.7,226.2,79.15,99,49,88,921.4,940.7,205.0,79.14,99,45,79,902.1,752.2,2.0,2,0
1782925325.362,70.972,247.8,79.14,99,43,88,927.1,951.6,222.1,79.15,99,44,78,939.8,943.8,226.3,79.15,99,49,88,934.3,875.4,205.0,79.14,99,45,79,982.3,762.2,2.0,2,0
1782925325.803,71.412,248.0,79.14,99,43,88,931.7,949.1,222.2,79.15,99,44,78,940.0,943.9,226.3,79.15,99,49,88,1001.4,890.5,204.9,79.14,99,45,79,904.6,823.4,2.0,2,0
1782925326.246,71.856,248.0,79.14,99,43,88,1009.2,881.1,222.3,79.15,99,44,78,991.9,8559.3,226.3,79.15,99,49,88,22160.3,6425.4,204.9,79.14,99,45,79,10379.6,4357.2,2.0,2,0
1782925326.688,72.298,251.1,79.14,99,50,89,8545.6,4740.5,233.0,79.15,98,57,79,8280.2,5124.8,242.4,79.15,99,54,90,7976.8,7650.8,223.3,79.14,98,48,81,10378.8,8602.7,2.0,2,0
1782925327.140,72.750,274.5,79.14,98,41,89,5178.6,4283.3,256.7,79.15,98,43,80,9870.0,8561.7,267.6,79.15,98,46,89,7771.3,2155.0,247.0,79.14,98,47,81,9313.3,8606.8,2.0,2,0
1782925327.581,73.191,296.7,79.14,98,46,89,5179.3,4281.3,278.4,79.15,98,44,79,10359.6,8564.3,279.2,79.15,98,46,89,10182.8,4317.5,247.0,79.14,98,47,81,8024.3,6080.4,2.0,2,0
1782925328.023,73.633,292.8,79.14,97,30,89,7731.1,8559.6,278.4,79.15,98,44,79,5182.5,4282.0,279.2,79.15,98,46,89,10381.5,7538.3,262.0,79.14,99,49,81,1358.4,7423.2,2.0,2,0
1782925328.466,74.076,292.8,79.14,97,30,89,10356.9,8562.5,277.1,79.15,98,52,80,8913.9,3292.3,279.6,79.15,99,55,90,6385.7,8600.6,263.6,79.14,98,48,82,10379.5,4309.3,2.0,2,0
1782925328.909,74.519,293.6,79.14,98,42,89,5179.7,8561.6,276.4,79.15,98,39,80,10361.1,4288.3,277.2,79.15,98,45,90,4096.8,8603.6,260.9,79.14,99,48,81,10380.2,6517.3,2.0,2,0
1782925329.353,74.963,297.6,79.14,98,45,90,10356.2,8563.0,281.7,79.15,98,45,80,8097.3,6229.0,280.4,79.15,98,47,90,930.3,885.0,265.0,79.14,99,53,81,982.1,763.1,1.0,1,0
1782925329.794,75.404,297.3,79.14,99,44,90,933.8,880.3,274.1,79.15,99,42,79,1020.3,935.9,271.7,79.15,99,48,89,919.4,896.5,252.8,79.14,99,44,80,903.9,824.8,1.0,2,0
1782925330.235,75.845,275.3,79.14,99,42,89,1009.4,883.8,245.3,79.15,99,44,79,943.3,1016.3,247.2,79.15,99,48,89,927.2,902.1,225.0,79.14,99,44,80,919.2,763.9,1.0,2,0
1782925330.677,76.286,252.5,79.14,99,42,89,926.4,955.9,222.6,79.15,99,43,79,971.5,1050.1,228.4,79.15,99,48,89,939.7,919.3,205.2,79.14,99,44,80,988.2,800.4,1.0,2,0
1782925331.124,76.734,249.4,79.14,99,42,89,930.6,964.1,222.5,79.15,99,44,78,936.0,946.0,228.0,79.15,99,47,89,1011.8,863.8,204.9,79.14,99,44,80,971.7,761.9,1.0,2,0
1782925331.565,77.175,248.8,79.14,99,42,89,929.8,892.4,222.5,79.15,99,44,78,1024.2,955.8,228.0,79.15,99,47,89,932.6,973.2,204.9,79.14,99,44,80,904.4,836.2,1.0,2,0
1782925332.007,77.617,248.8,79.14,99,42,89,1011.3,889.8,222.2,79.15,99,44,79,939.3,1034.7,227.8,79.15,99,48,88,927.2,870.7,204.9,79.14,99,44,80,998.4,755.0,2.0,2,0
1782925332.448,78.058,248.8,79.14,99,42,89,932.9,951.6,222.0,79.15,99,44,79,937.6,943.2,227.8,79.15,99,48,88,1009.6,942.1,205.2,79.14,99,45,80,980.3,757.8,2.0,2,0
1782925332.891,78.500,249.1,79.14,99,42,89,933.4,945.8,222.2,79.15,99,44,79,941.0,958.5,227.9,79.15,99,48,88,1007.6,874.0,205.4,79.14,99,45,80,905.6,836.9,2.0,2,0
1782925333.334,78.944,249.7,79.14,99,42,89,1009.3,897.2,222.2,79.15,99,44,78,1023.8,948.5,227.9,79.15,99,48,88,925.9,953.5,205.3,79.14,99,44,80,903.9,758.1,2.0,2,0
1782925333.776,79.386,250.1,79.14,99,43,89,1007.5,873.3,222.4,79.15,99,44,79,936.7,1012.6,227.9,79.15,99,48,88,919.8,894.4,205.6,79.14,99,45,80,984.4,760.2,2.0,2,0
1782925334.219,79.829,250.2,79.14,99,42,89,926.8,884.5,220.3,79.15,81,35,78,1019.3,943.4,225.6,79.15,99,47,88,926.0,974.5,203.3,79.14,99,44,80,904.0,827.0,2.0,2,0
1782925334.661,80.271,247.5,79.14,99,42,89,1006.4,902.9,220.4,79.15,99,44,78,937.5,1113.4,225.2,79.15,99,49,88,942.5,976.4,203.2,79.14,99,45,80,908.3,809.3,2.0,2,0
1782925335.108,80.718,247.2,79.14,99,43,89,1008.0,908.2,220.7,79.15,99,44,79,937.5,1010.0,227.7,79.15,99,48,88,924.5,943.9,203.2,79.14,99,45,80,905.7,756.9,2.0,2,0
1782925335.550,81.160,250.0,79.14,99,42,89,925.3,953.0,220.7,79.15,99,44,79,938.5,942.5,227.7,79.15,99,48,88,940.9,890.5,205.7,79.14,99,45,80,987.6,755.5,2.0,2,0
1782925335.991,81.601,249.6,79.14,99,42,89,927.3,854.3,223.2,79.15,99,44,79,1026.2,945.1,227.6,79.15,99,48,88,995.7,876.9,205.7,79.14,99,45,80,901.2,830.1,2.0,2,0
1782925336.433,82.043,249.6,79.14,99,42,89,1006.2,863.5,222.5,79.15,99,43,79,937.5,1024.8,226.7,79.15,99,48,88,924.6,860.0,205.1,79.14,99,44,80,910.4,758.0,2.0,2,0
1782925336.874,82.484,249.2,79.14,99,42,89,926.8,956.7,221.9,79.15,99,44,79,978.4,945.6,226.2,79.15,99,48,88,965.5,883.4,204.8,79.14,99,44,80,983.1,761.8,2.0,2,0
1782925337.318,82.928,249.2,79.14,99,42,89,929.2,928.5,221.9,79.15,99,43,79,935.9,964.0,226.3,79.15,99,48,88,1009.9,903.4,205.1,79.14,99,45,80,903.9,829.0,2.0,2,0
1782925337.759,83.369,249.4,79.14,99,42,89,969.9,1148.8,222.2,79.15,99,43,79,938.1,928.0,226.3,79.15,99,48,88,1008.0,880.5,205.1,79.14,99,45,80,902.7,832.8,2.0,2,0
1782925338.209,83.818,249.7,79.14,99,42,89,928.8,893.5,222.2,79.15,99,44,79,1017.3,936.2,226.5,79.15,99,48,88,925.6,978.8,205.2,79.14,99,45,80,904.4,751.5,2.0,2,0
1782925338.653,84.263,249.8,79.14,99,42,89,1006.1,874.7,222.3,79.15,99,44,79,935.3,1009.5,226.4,79.15,99,48,88,960.8,993.6,205.3,79.14,99,44,80,909.5,753.8,2.0,2,0
1782925339.102,84.712,249.9,79.14,99,42,89,928.6,869.5,222.2,79.15,99,44,79,1021.8,937.5,226.1,79.15,99,48,88,920.6,932.8,205.3,79.14,99,44,80,904.6,754.1,2.0,2,0
1782925339.546,85.155,250.0,79.14,99,42,89,1001.2,892.7,222.2,79.15,99,44,79,937.1,996.3,226.1,79.15,99,48,88,923.3,879.7,205.3,79.14,99,45,80,984.2,752.2,2.0,2,0
1782925339.988,85.598,250.2,79.14,99,42,89,1003.1,882.4,222.3,79.15,99,44,79,942.7,1015.9,226.2,79.15,99,48,88,925.4,872.3,205.4,79.14,99,44,80,984.5,752.0,2.0,2,0
1782925340.435,86.045,250.2,79.14,99,42,89,927.2,953.8,222.2,79.15,99,44,79,929.6,949.6,225.9,79.15,99,48,88,1004.5,897.3,205.0,79.14,99,45,80,904.6,830.9,2.0,2,0
1782925340.876,86.485,250.2,79.14,99,42,89,927.9,876.7,222.4,79.15,99,44,79,1016.9,931.5,225.7,79.15,99,48,88,1002.7,922.6,205.0,79.14,99,44,80,995.6,763.0,2.0,2,0
1782925341.327,86.937,250.4,79.14,99,43,89,925.0,956.1,223.1,79.15,99,44,79,935.0,953.4,226.3,79.15,99,48,88,1010.2,866.3,205.6,79.14,99,45,80,904.9,829.7,2.0,2,0
1782925341.768,87.378,250.7,79.14,99,42,89,941.8,885.8,223.2,79.15,99,44,79,1017.8,951.2,226.1,79.15,99,48,88,919.7,930.7,205.4,79.14,99,44,80,904.4,758.8,2.0,2,0
1782925342.213,87.823,250.6,79.14,99,42,89,1006.6,891.5,222.8,79.15,99,44,79,938.6,1038.2,225.7,79.15,99,48,88,926.5,870.3,205.4,79.14,99,44,80,983.7,752.6,2.0,2,0
1782925342.654,88.264,250.3,79.14,99,42,89,924.4,950.9,222.4,79.15,99,44,79,932.2,967.4,225.4,79.15,99,48,88,1015.4,878.6,205.2,79.14,99,44,80,1163.2,751.0,2.0,2,0
1782925343.105,88.714,250.1,79.14,99,42,89,923.4,957.5,222.2,79.15,99,44,79,940.3,952.2,225.3,79.15,99,48,88,934.1,875.7,205.2,79.14,99,44,80,989.7,761.2,2.0,2,0
1782925343.545,89.155,249.9,79.14,99,42,89,923.8,885.2,222.2,79.15,99,44,79,1019.2,942.5,225.3,79.15,99,48,88,919.9,976.4,205.0,79.14,99,44,80,903.3,752.2,2.0,2,0
1782925343.985,89.595,249.9,79.14,99,42,89,926.3,902.5,222.2,79.15,99,43,79,941.5,1020.1,225.3,79.15,99,48,88,920.8,868.8,204.9,79.14,99,45,80,985.6,760.7,2.0,2,0
1782925344.424,90.034,249.9,79.14,99,42,89,930.5,890.1,222.5,79.15,99,44,79,1017.0,938.1,225.2,79.15,99,48,87,931.6,959.0,205.1,79.14,99,44,80,899.4,752.1,2.0,2,0
1782925344.866,90.476,249.9,79.14,99,42,89,999.0,888.6,222.4,79.15,99,44,79,938.3,1016.4,225.0,79.15,99,48,87,918.3,852.8,205.2,79.14,99,45,80,983.1,749.2,2.0,2,0
1782925345.308,90.918,249.9,79.14,99,42,89,10355.9,8560.6,222.4,79.15,99,44,79,491.4,8565.7,225.0,79.15,99,48,87,10378.2,1356.3,205.2,79.14,99,44,80,7581.7,8614.8,2.0,2,0
1782925345.749,91.359,256.2,79.14,98,53,90,9392.5,4952.9,237.8,79.15,98,48,81,8586.5,4314.6,245.7,79.15,99,52,89,8868.8,8603.0,228.6,79.14,98,46,82,10377.3,8606.0,2.0,2,0
1782925346.191,91.801,278.9,79.14,98,42,90,9131.5,1740.4,259.9,79.15,98,44,80,8092.3,8566.9,266.2,79.15,98,45,89,9763.5,2283.1,252.0,79.14,98,47,82,6798.8,8600.3,2.0,2,0
1782925346.634,92.244,297.6,79.14,98,45,90,10356.7,8560.6,278.2,79.15,98,48,81,9070.4,5199.0,279.0,79.15,98,47,89,8603.2,5739.6,263.2,79.14,98,43,82,7234.5,7651.7,2.0,2,0
1782925347.080,92.690,295.7,79.14,98,50,91,10360.2,8560.7,279.5,79.15,98,53,81,5178.9,4284.2,280.0,79.15,99,55,90,10378.3,8607.2,263.2,79.14,98,43,82,5190.4,4308.7,2.0,2,0
1782925347.525,93.134,294.8,79.14,97,40,91,2392.9,8431.0,279.5,79.15,98,53,81,10356.7,7501.6,280.0,79.15,99,55,90,5314.0,4300.9,264.9,79.14,98,47,83,10378.7,8600.2,2.0,2,0
1782925347.966,93.576,294.8,79.14,97,40,91,10357.9,8257.2,277.0,79.15,98,43,81,3396.4,5666.6,277.1,79.15,98,45,89,10379.2,8597.5,262.8,79.14,99,48,83,9521.9,4903.5,2.0,2,0
1782925348.413,94.022,296.8,79.14,98,45,91,932.6,876.3,280.4,79.15,98,46,81,1019.9,994.6,277.9,79.15,99,46,90,925.8,965.6,263.1,79.14,98,43,83,903.3,753.1,1.0,1,0
1782925348.854,94.464,290.7,79.14,99,40,90,1008.6,908.1,266.0,79.15,99,43,80,944.6,1038.4,261.1,79.15,99,46,88,924.8,880.1,243.3,79.14,99,43,81,989.5,758.5,1.0,2,0
1782925349.296,94.906,266.8,79.14,99,41,89,927.1,971.9,240.6,79.15,99,43,80,941.7,954.0,237.0,79.15,99,48,88,1006.8,888.5,214.0,79.14,99,44,81,906.6,829.8,1.0,2,0
1782925349.738,95.347,251.2,79.14,99,43,89,949.6,909.7,223.2,79.15,99,44,80,988.7,974.8,225.8,79.15,99,48,88,1006.0,874.2,206.1,79.14,99,45,81,905.8,833.0,1.0,2,0
1782925350.181,95.791,252.1,79.14,99,42,89,1009.0,892.7,224.6,79.15,99,44,80,942.7,1024.4,226.5,79.15,99,48,88,921.3,933.8,206.8,79.14,99,45,81,904.9,753.0,1.0,2,0
1782925350.623,96.233,252.5,79.14,99,42,89,933.4,960.4,224.4,79.15,99,44,80,937.8,1033.6,225.9,79.15,99,48,88,924.8,914.9,206.6,79.14,99,44,81,988.4,769.3,2.0,2,0
1782925351.066,96.675,252.1,79.14,99,42,89,920.6,966.9,224.4,79.15,99,44,80,949.0,1018.9,225.9,79.15,99,48,88,1012.8,881.6,206.6,79.14,99,44,81,979.1,761.2,2.0,2,0
1782925351.511,97.121,252.0,79.14,99,42,89,932.1,881.9,223.9,79.15,99,44,80,1021.6,969.4,225.5,79.15,99,48,88,917.6,887.2,206.6,79.14,99,44,81,903.9,821.6,2.0,2,0
1782925351.952,97.562,252.0,79.14,99,42,89,1013.7,885.9,224.0,79.15,99,44,80,937.2,1026.5,225.5,79.15,99,48,87,925.2,937.8,206.6,79.14,99,45,81,903.8,756.0,2.0,2,0
1782925352.393,98.003,252.0,79.14,99,42,89,932.5,972.3,224.1,79.15,99,44,80,940.7,926.3,225.8,79.15,99,48,87,1011.3,893.0,206.6,79.14,99,45,81,906.1,822.5,2.0,2,0
1782925352.835,98.444,252.3,79.14,99,42,89,932.1,871.4,224.2,79.15,99,44,80,1019.3,945.5,225.6,79.15,99,47,87,926.2,970.0,206.2,79.14,99,44,81,906.2,752.8,2.0,2,0
1782925353.276,98.886,251.7,79.14,99,42,89,1007.6,910.7,223.7,79.15,99,43,80,939.7,1005.2,224.6,79.15,99,47,87,926.0,892.2,205.6,79.14,99,44,81,985.3,755.8,2.0,2,0
1782925353.717,99.327,250.3,79.14,99,42,89,931.7,964.4,222.9,79.15,99,43,80,955.0,949.6,223.9,79.15,99,47,87,1010.4,902.8,205.0,79.14,99,44,81,904.7,834.2,2.0,2,0
1782925354.164,99.773,250.1,79.14,99,42,89,920.0,891.3,222.5,79.15,99,43,80,953.2,969.7,223.5,79.15,99,47,87,1010.7,878.0,204.9,79.14,99,44,81,904.5,828.5,2.0,2,0
1782925354.605,100.215,250.0,79.14,99,42,89,1010.9,877.1,222.5,79.15,99,43,80,944.1,1021.4,223.4,79.15,99,47,87,925.9,1025.3,204.9,79.14,99,44,81,904.4,871.2,2.0,2,0
1782925355.052,100.662,249.8,79.14,99,42,89,1005.6,895.3,222.5,79.15,99,43,80,933.8,1062.3,223.4,79.15,99,47,87,927.2,876.0,204.9,79.14,99,44,81,1004.3,765.1,2.0,2,0
1782925355.494,101.104,249.6,79.14,99,42,89,928.4,959.3,222.7,79.15,99,43,80,936.2,955.4,223.4,79.15,99,47,87,1009.1,875.3,204.9,79.14,99,44,81,973.3,760.8,2.0,2,0
1782925355.935,101.545,249.6,79.14,99,42,89,925.9,898.8,222.9,79.15,99,43,80,1025.1,972.7,223.3,79.15,99,47,87,926.9,961.6,205.0,79.14,99,44,81,899.7,750.4,2.0,2,0
1782925356.376,101.986,249.5,79.14,99,42,89,1007.7,909.4,222.8,79.15,99,43,80,934.5,1009.1,223.1,79.15,99,47,87,924.2,861.5,205.2,79.14,99,44,81,977.2,759.1,2.0,2,0
1782925356.818,102.427,249.6,79.14,99,42,89,929.1,940.8,222.7,79.15,99,43,80,936.7,975.9,223.3,79.15,99,47,87,1005.1,898.4,205.3,79.14,99,44,81,980.3,885.7,2.0,2,0
1782925357.681,103.291,249.4,79.14,99,41,89,927.3,934.5,222.8,79.15,99,43,80,1074.8,959.5,223.1,79.15,99,47,87,1008.0,873.9,205.2,79.14,99,44,81,971.4,758.5,2.0,2,0
1782925358.126,103.736,249.2,79.14,99,42,89,930.2,889.6,222.8,79.15,99,43,80,1017.4,959.2,223.1,79.15,99,47,87,927.3,972.8,205.5,79.14,99,44,81,904.5,749.0,2.0,2,0
1782925358.567,104.177,249.2,79.14,99,42,89,997.8,877.1,222.8,79.15,99,43,80,941.9,1026.0,223.1,79.15,99,47,87,925.9,868.7,205.5,79.14,99,44,81,983.0,753.0,2.0,2,0
1782925359.010,104.620,249.1,79.14,99,42,89,923.7,956.5,222.6,79.15,99,43,80,937.9,956.2,222.7,79.15,99,47,87,1009.0,888.0,205.6,79.14,99,44,81,903.3,827.9,2.0,2,0
1782925359.451,105.061,249.1,79.14,99,42,89,929.2,882.8,223.0,79.15,99,43,80,1020.0,958.9,222.5,79.15,99,47,87,924.3,947.1,205.3,79.14,99,44,81,898.5,751.6,2.0,2,0
1782925359.892,105.502,249.3,79.14,99,42,89,921.9,972.3,223.3,79.15,99,44,80,931.1,951.3,222.3,79.15,99,46,87,944.9,875.5,205.2,79.14,99,44,81,989.4,756.2,2.0,2,0
1782925360.334,105.944,249.2,79.14,99,42,89,929.2,889.6,223.1,79.15,99,43,80,1018.0,949.6,222.1,79.15,99,47,87,926.1,1014.8,205.2,79.14,99,44,81,899.4,832.6,2.0,2,0
1782925360.777,106.387,248.9,79.14,99,42,89,1008.7,887.8,223.0,79.15,99,43,80,935.9,1032.7,222.3,79.15,99,47,87,921.7,914.5,205.2,79.14,99,44,81,902.1,748.7,2.0,2,0
1782925361.217,106.827,249.0,79.14,99,41,89,928.6,948.2,223.1,79.15,99,43,80,1010.1,959.1,222.6,79.15,99,47,87,1018.5,894.4,205.2,79.14,99,44,81,981.9,763.4,2.0,2,0
1782925361.659,107.269,249.0,79.14,99,42,89,931.4,872.7,223.1,79.15,99,43,80,1016.7,933.0,222.5,79.15,99,47,87,951.1,983.1,205.4,79.14,99,44,81,978.7,831.5,2.0,2,0
1782925362.104,107.714,248.9,79.14,99,42,89,999.6,890.8,223.1,79.15,99,43,80,943.0,1035.5,222.2,79.15,99,47,87,923.9,879.2,205.4,79.14,99,44,81,917.1,754.5,2.0,2,0
1782925362.544,108.154,249.0,79.14,99,42,89,932.3,940.0,223.1,79.15,99,43,80,932.0,945.6,222.2,79.15,99,47,87,1007.9,902.7,205.3,79.14,99,44,81,900.8,828.3,2.0,2,0
1782925362.987,108.597,249.0,79.14,99,42,89,927.7,860.3,223.4,79.15,99,44,80,1019.5,950.3,222.5,79.15,99,47,87,921.6,990.5,205.5,79.14,99,44,81,898.9,755.9,2.0,2,0
1782925363.430,109.040,248.9,79.14,99,42,89,1008.1,897.7,223.5,79.15,99,43,80,939.8,1014.7,222.8,79.15,99,47,87,924.2,857.3,205.3,79.14,99,44,81,985.4,759.1,2.0,2,0
1782925363.872,109.482,248.7,79.14,99,42,89,920.0,954.9,223.5,79.15,99,43,80,937.2,951.8,222.6,79.15,99,47,87,1002.8,914.7,205.2,79.14,99,44,81,903.1,830.8,2.0,2,0
1782925364.314,109.924,248.6,79.14,99,42,89,6609.8,8559.7,223.5,79.15,99,43,80,5182.1,4281.4,222.3,79.15,99,47,87,10379.8,8464.0,205.0,79.14,90,40,82,493.9,8616.4,2.0,2,0
1782925364.757,110.366,258.3,79.14,98,48,89,10358.1,8561.3,240.8,79.15,98,46,81,10197.7,4281.0,246.6,79.15,98,44,88,6233.2,7737.9,230.6,79.14,98,44,82,10380.0,6455.9,2.0,2,0
1782925365.202,110.812,278.4,79.14,98,46,90,2619.4,8561.4,264.9,79.15,99,50,82,10355.1,4457.6,273.9,79.15,99,55,89,3548.1,8417.1,261.8,79.14,98,46,83,10386.4,8605.9,2.0,2,0
1782925365.646,111.256,296.9,79.14,98,50,90,10354.7,8562.2,280.3,79.15,99,50,82,10355.2,7173.6,278.4,79.15,98,45,88,24447.5,8842.4,264.5,79.14,98,41,83,10384.3,4306.9,2.0,2,0
1782925366.095,111.705,297.9,79.14,98,51,90,8592.8,1631.0,282.1,79.15,99,51,82,8763.0,8564.3,279.7,79.15,99,51,89,10377.0,8604.5,264.5,79.14,98,41,83,10377.6,5121.7,2.0,2,0
1782925366.537,112.147,294.1,79.14,98,43,90,9565.6,8560.7,282.1,79.15,99,51,82,6747.4,3084.3,279.7,79.15,99,51,89,9314.3,8604.9,266.5,79.14,98,44,83,6543.9,3190.9,2.0,2,0
1782925366.979,112.589,294.1,79.14,98,43,90,10358.5,4839.7,277.8,79.15,98,45,82,3300.8,8564.6,275.9,79.15,98,47,89,10380.9,5448.8,263.7,79.14,98,49,83,3753.1,7645.4,2.0,2,0
1782925367.420,113.030,297.2,79.14,98,45,91,1009.2,920.3,281.1,79.15,98,46,82,940.3,1009.2,278.8,79.15,98,44,88,928.4,897.1,266.1,79.14,99,47,84,984.3,752.3,1.0,2,0
1782925367.862,113.472,292.8,79.14,99,42,89,926.6,963.3,271.2,79.15,99,43,81,938.6,963.6,262.0,79.15,99,46,87,1016.8,971.1,248.5,79.14,99,43,82,986.0,754.8,1.0,2,0
1782925368.309,113.919,269.8,79.14,99,41,89,928.0,972.9,243.9,79.15,99,43,81,946.0,945.4,236.0,79.15,99,47,87,1012.2,893.4,213.7,79.14,99,44,81,906.0,830.8,1.0,2,0
1782925368.750,114.360,249.0,79.14,99,41,89,1016.5,897.4,224.2,79.15,99,43,81,1007.9,966.4,222.4,79.15,99,46,87,924.6,977.0,205.1,79.14,99,43,81,904.5,748.5,1.0,2,0
1782925369.192,114.802,248.2,79.14,99,41,89,930.6,959.7,223.2,79.15,99,43,81,935.9,972.5,221.6,79.15,99,46,87,937.7,892.1,204.6,79.14,99,43,81,983.1,754.4,1.0,2,0
1782925369.636,115.246,247.6,79.14,99,41,89,934.6,949.0,222.9,79.15,99,43,80,937.3,947.9,221.3,79.15,99,46,87,1007.4,885.4,204.3,79.14,99,43,81,916.8,886.2,1.0,2,0
1782925370.081,115.690,247.5,79.14,99,41,89,932.1,912.1,223.1,79.15,99,42,80,1019.7,971.4,221.4,79.15,99,46,87,932.2,966.8,204.3,79.14,99,43,81,903.3,750.4,2.0,2,0
1782925370.521,116.131,247.8,79.14,99,41,89,1009.2,875.2,223.1,79.15,99,42,80,938.6,1019.3,221.4,79.15,99,46,87,920.2,870.1,204.3,79.14,99,43,81,983.3,752.8,2.0,2,0
1782925370.962,116.572,247.8,79.14,99,41,89,1084.5,878.4,223.1,79.15,99,43,80,936.0,1048.1,221.1,79.15,99,46,87,929.5,903.7,204.2,79.14,99,43,81,982.1,751.5,2.0,2,0
1782925371.410,117.020,247.9,79.14,99,41,89,924.3,948.3,223.2,79.15,99,42,80,938.1,936.9,221.2,79.15,99,46,87,1010.7,881.1,204.5,79.14,99,43,81,975.7,755.6,2.0,2,0
1782925371.855,117.465,248.1,79.14,99,41,89,925.6,874.5,223.4,79.15,99,43,80,1014.8,976.5,221.3,79.15,99,47,87,928.4,988.1,204.6,79.14,99,44,81,905.1,809.5,2.0,2,0
1782925372.296,117.906,248.3,79.14,99,41,89,1004.8,890.5,223.5,79.15,99,43,81,942.6,1019.7,221.2,79.15,99,46,87,921.2,864.0,204.7,79.14,99,43,81,982.9,761.4,2.0,2,0
1782925372.738,118.348,248.2,79.14,99,42,89,934.2,1010.4,223.7,79.15,99,43,80,941.4,1025.0,220.9,79.15,99,46,87,927.7,905.8,204.9,79.14,99,43,81,982.9,754.4,2.0,2,0
1782925373.182,118.792,248.0,79.14,99,41,89,927.7,874.9,223.5,79.15,99,43,80,1016.1,955.2,220.7,79.15,99,46,87,931.6,952.6,204.9,79.14,99,44,81,904.3,747.7,2.0,2,0
1782925373.623,119.233,248.3,79.14,99,41,89,1006.6,919.6,223.5,79.15,99,42,80,944.7,1019.1,220.6,79.15,99,46,86,1103.7,977.5,205.0,79.14,99,43,81,971.7,833.2,2.0,2,0
1782925374.073,119.683,248.2,79.14,99,42,89,1007.0,848.5,223.5,79.15,99,42,80,1013.1,934.5,220.8,79.15,99,46,87,931.5,984.7,205.0,79.14,99,43,81,899.9,752.8,2.0,2,0
1782925374.525,120.135,248.0,79.14,99,41,89,928.0,896.5,223.8,79.15,99,43,80,1012.4,937.8,220.8,79.15,99,46,87,921.6,979.2,205.2,79.14,99,43,81,904.8,745.8,2.0,2,0
1782925374.971,120.581,248.0,79.14,99,41,89,938.7,916.5,223.9,79.15,99,43,80,1016.1,953.0,221.0,79.15,99,46,86,920.9,956.8,205.2,79.14,99,43,81,901.3,755.6,2.0,2,0
1782925375.414,121.024,247.5,79.14,99,41,89,1003.9,908.4,223.7,79.15,99,43,80,1015.4,945.0,220.8,79.15,99,47,86,931.3,982.6,205.1,79.14,99,44,81,905.5,750.2,2.0,2,0
1782925375.859,121.469,247.4,79.14,99,41,89,995.2,904.7,223.6,79.15,99,43,80,938.8,1018.2,220.7,79.15,99,46,86,1037.8,1045.9,204.9,79.14,99,43,81,907.3,758.0,2.0,2,0
1782925376.307,121.917,247.6,79.14,99,42,88,1017.6,868.8,223.9,79.15,99,43,81,941.1,1007.0,221.0,79.15,99,46,86,930.5,909.5,205.1,79.14,99,43,81,983.9,754.7,2.0,2,0
1782925376.750,122.360,247.7,79.14,99,41,89,1079.2,931.2,223.9,79.15,99,43,80,939.5,1028.9,221.0,79.15,99,46,86,921.7,876.7,205.1,79.14,99,44,81,983.1,750.8,2.0,2,0
1782925377.197,122.807,247.5,79.14,99,41,88,929.0,884.0,223.6,79.15,99,43,80,940.5,956.3,220.9,79.15,99,47,86,1007.7,887.3,204.9,79.14,99,44,81,899.0,829.9,2.0,2,0
1782925377.637,123.247,247.2,79.14,99,42,88,1007.2,879.6,223.7,79.15,99,42,80,935.5,1020.3,220.6,79.15,99,47,86,930.8,886.9,205.1,79.14,99,44,81,986.9,789.5,2.0,2,0
1782925378.078,123.688,247.3,79.14,99,41,88,925.5,951.6,223.6,79.15,99,43,80,937.8,965.6,220.3,79.15,99,47,86,1008.2,886.6,205.1,79.14,99,44,81,899.3,826.3,2.0,2,0
1782925378.517,124.127,247.4,79.14,99,42,88,1007.6,898.5,223.6,79.15,99,43,80,943.0,1027.8,220.3,79.15,99,47,86,921.7,899.3,205.1,79.14,99,44,81,983.2,752.8,2.0,2,0
1782925378.957,124.567,247.4,79.14,99,42,88,932.4,963.3,223.5,79.15,99,43,81,942.3,963.2,220.0,79.15,99,46,86,1002.4,908.2,205.1,79.14,99,43,81,903.2,828.1,2.0,2,0
1782925379.397,125.007,247.3,79.14,99,41,88,1007.7,885.9,223.7,79.15,99,43,80,940.5,1021.6,220.0,79.15,99,46,86,929.1,878.8,205.2,79.14,99,44,81,912.2,758.8,2.0,2,0
1782925379.838,125.448,247.4,79.14,99,41,88,928.7,940.5,223.8,79.15,99,43,80,943.3,980.4,220.2,79.15,99,46,86,1010.3,1060.0,205.2,79.14,99,44,81,1026.6,752.0,2.0,2,0
1782925380.285,125.895,247.4,79.14,99,42,88,924.2,934.1,224.0,79.15,99,43,81,936.3,936.0,220.3,79.15,99,47,86,1012.0,879.2,205.3,79.14,99,44,81,902.6,830.5,2.0,2,0
1782925380.728,126.338,247.4,79.14,99,41,88,928.0,977.5,223.8,79.15,99,43,81,942.6,967.8,220.3,79.15,99,47,86,1006.2,876.8,205.3,79.14,99,44,81,898.1,764.5,2.0,2,0
1782925381.177,126.787,247.1,79.14,99,41,88,922.9,876.9,223.7,79.15,99,43,81,1016.0,963.4,220.2,79.15,99,46,86,923.5,953.9,205.1,79.14,99,43,81,904.6,748.0,2.0,2,0
1782925381.618,127.228,247.0,79.14,99,41,88,1011.7,919.0,223.8,79.15,99,43,81,940.8,1010.5,220.3,79.15,99,46,86,921.5,861.6,205.0,79.14,99,44,81,993.8,769.6,2.0,2,0
1782925382.061,127.671,246.8,79.14,99,41,88,927.1,978.9,223.8,79.15,99,43,81,939.2,951.0,220.3,79.15,99,46,86,1013.6,909.8,205.0,79.14,99,44,81,898.2,823.5,2.0,2,0
1782925382.502,128.112,246.6,79.14,99,42,88,1007.0,855.3,223.7,79.15,99,43,81,940.5,1019.0,220.3,79.15,99,46,86,922.7,974.1,205.1,79.14,99,44,81,898.8,754.6,2.0,2,0
1782925382.943,128.553,246.6,79.14,99,42,88,1141.4,901.4,224.0,79.15,99,43,81,939.7,1024.9,220.3,79.15,99,47,86,924.6,858.6,205.2,79.14,99,44,81,983.1,466.5,2.0,2,0
1782925383.427,129.037,246.6,79.14,99,41,88,3366.5,7879.5,224.2,79.15,99,43,81,10359.8,6180.3,218.0,79.15,80,33,86,2923.2,7650.0,203.0,79.14,80,25,82,7809.6,8603.7,2.0,2,0
1782925383.873,129.483,258.1,79.14,99,55,90,10354.9,8559.9,245.3,79.15,99,52,82,5178.0,4282.1,245.1,79.15,98,42,87,10379.2,8606.9,234.8,79.14,98,41,83,5965.7,3720.8,2.0,2,0
1782925384.316,129.926,279.0,79.14,98,44,89,10354.7,4754.9,272.2,79.15,98,46,83,3417.0,8562.5,270.7,79.15,98,48,88,10378.1,4316.9,267.3,79.14,99,53,83,4257.2,8611.1,2.0,2,0
1782925384.758,130.368,297.2,79.14,98,48,90,3365.8,6485.5,281.9,79.15,98,44,82,10360.2,2925.6,277.7,79.15,98,44,88,5746.9,8609.0,265.8,79.14,98,43,84,5192.7,3997.7,2.0,2,0
1782925385.203,130.813,297.4,79.14,98,48,90,9258.4,5048.2,284.5,79.15,98,47,83,10355.8,8563.1,279.0,79.15,98,44,88,10375.4,8601.5,267.8,79.14,99,46,84,8605.7,4309.5,2.0,2,0
1782925385.646,131.255,294.2,79.14,98,44,90,5181.6,8565.1,279.0,79.15,99,49,83,10355.8,6037.0,276.7,79.15,99,51,88,5940.4,4306.7,265.6,79.14,98,45,84,10382.6,8607.2,2.0,2,0
1782925386.097,131.707,296.2,79.14,99,48,90,10332.8,4283.5,282.5,79.15,99,50,83,7886.5,5709.5,277.8,79.15,99,45,89,10375.2,8605.0,265.6,79.14,98,45,84,10378.3,4929.4,1.0,1,0
1782925386.539,132.148,289.0,79.14,99,41,89,931.0,902.0,282.5,79.15,99,50,83,1019.3,961.4,277.8,79.15,99,45,89,925.1,963.9,265.3,79.14,98,43,84,904.3,812.5,1.0,2,0
1782925386.980,132.590,289.0,79.14,99,41,89,1004.2,871.2,268.6,79.15,99,42,81,938.9,996.2,259.4,79.15,99,47,87,927.5,878.8,246.5,79.14,99,43,82,984.5,754.2,1.0,2,0
1782925387.421,133.031,265.5,79.14,99,41,89,925.0,970.5,237.9,79.15,99,43,81,945.8,980.9,232.0,79.15,99,46,87,1012.4,896.9,217.5,79.14,99,43,82,905.8,827.5,1.0,2,0
1782925387.862,133.472,247.5,79.14,99,41,89,1015.1,917.7,225.4,79.15,99,43,81,1006.4,959.4,221.4,79.15,99,46,87,958.6,1024.7,206.7,79.14,99,43,82,900.9,749.3,1.0,2,0
1782925388.307,133.917,247.2,79.14,99,41,88,1007.3,910.5,225.0,79.15,99,42,81,934.7,1042.9,220.9,79.15,99,46,86,921.2,875.8,206.3,79.14,99,43,82,983.1,756.0,1.0,2,0
1782925388.748,134.358,246.7,79.14,99,42,88,1215.6,894.1,225.0,79.15,99,43,81,939.1,1013.7,220.8,79.15,99,47,86,930.7,899.6,206.4,79.14,99,44,82,1000.7,760.1,1.0,2,0
1782925389.196,134.806,246.5,79.14,99,41,88,926.1,927.7,224.8,79.15,99,43,81,940.3,979.9,220.5,79.15,99,46,86,1011.3,892.3,206.2,79.14,99,43,82,898.1,826.8,2.0,2,0
1782925389.638,135.247,246.6,79.14,99,42,88,928.5,906.1,224.9,79.15,99,43,81,1018.2,965.2,220.5,79.15,99,46,86,1085.8,889.5,206.0,79.14,99,43,82,906.2,843.3,2.0,2,0
1782925390.085,135.695,246.7,79.14,99,41,88,933.6,916.7,225.1,79.15,99,43,81,1021.0,962.9,220.7,79.15,99,47,86,928.7,966.2,206.0,79.14,99,43,82,904.3,753.3,2.0,2,0
1782925390.526,136.136,246.7,79.14,99,41,88,922.4,899.3,225.1,79.15,99,43,81,936.7,1006.9,220.7,79.15,99,47,86,919.9,869.0,205.9,79.14,99,43,82,984.6,753.5,2.0,2,0
1782925390.968,136.577,246.7,79.14,99,41,88,946.5,978.7,225.2,79.15,99,43,81,938.7,968.0,220.6,79.15,99,46,86,1010.7,910.8,205.9,79.14,99,43,82,901.0,827.5,2.0,2,0
1782925391.410,137.020,246.7,79.14,99,41,88,1006.6,882.6,225.2,79.15,99,43,81,935.1,1031.4,220.3,79.15,99,46,86,923.5,962.9,205.8,79.14,99,43,82,905.4,750.2,2.0,2,0
1782925391.851,137.461,246.8,79.14,99,42,88,928.7,962.5,225.3,79.15,99,43,81,948.6,979.0,220.7,79.15,99,46,86,1010.6,891.9,206.1,79.14,99,43,82,974.6,752.6,2.0,2,0
1782925392.293,137.903,246.8,79.14,99,42,88,925.1,889.3,225.1,79.15,99,43,81,1019.1,973.9,220.9,79.15,99,47,86,930.1,981.5,206.3,79.14,99,44,82,899.6,760.8,2.0,2,0
1782925392.735,138.345,246.7,79.14,99,41,88,1004.2,1006.9,224.9,79.15,99,43,81,941.4,971.8,220.6,79.15,99,46,86,1008.4,880.1,206.2,79.14,99,44,82,899.4,827.0,2.0,2,0
1782925393.191,138.801,247.1,79.14,99,42,88,928.8,956.2,225.1,79.15,99,43,81,937.5,984.5,221.0,79.15,99,46,86,1011.0,899.7,206.2,79.14,99,43,82,904.6,833.3,2.0,2,0
1782925393.632,139.242,247.2,79.14,99,42,88,1008.3,901.5,225.3,79.15,99,43,81,1025.1,958.5,221.0,79.15,99,47,86,927.5,998.4,206.1,79.14,99,44,82,913.8,765.6,2.0,2,0
1782925394.077,139.686,246.7,79.14,99,41,88,1008.1,908.1,225.1,79.15,99,43,81,935.8,1011.5,220.7,79.15,99,46,86,931.7,894.7,206.1,79.14,99,44,82,979.5,755.1,2.0,2,0
1782925394.518,140.127,246.6,79.14,99,42,88,926.2,922.4,225.1,79.15,99,43,81,939.5,958.0,220.7,79.15,99,46,86,1007.5,906.5,206.1,79.14,99,43,82,905.6,832.5,2.0,2,0
1782925394.959,140.569,246.6,79.14,99,42,88,1031.7,916.5,225.0,79.15,99,43,81,1021.5,944.6,220.4,79.15,99,46,86,922.8,940.7,206.1,79.14,99,44,82,904.0,750.9,2.0,2,0
1782925395.402,141.012,246.9,79.14,99,41,88,928.0,917.6,225.2,79.15,99,43,81,939.0,1046.2,220.6,79.15,99,47,86,925.1,892.0,206.3,79.14,99,44,82,983.2,751.8,2.0,2,0
1782925395.844,141.453,246.8,79.14,99,42,88,933.6,905.8,225.5,79.15,99,43,81,1023.5,945.3,220.8,79.15,99,46,86,923.5,935.7,206.2,79.14,99,43,82,982.6,828.9,2.0,2,0
1782925396.287,141.897,246.7,79.14,99,41,88,946.9,891.8,225.5,79.15,99,43,81,1012.6,969.2,220.6,79.15,99,46,86,921.1,980.9,206.0,79.14,99,44,82,899.4,750.1,2.0,2,0
1782925396.729,142.339,246.4,79.14,99,42,88,1007.4,940.5,225.2,79.15,99,43,81,1021.3,935.9,220.6,79.15,99,47,86,921.0,967.8,206.2,79.14,99,44,82,896.0,761.1,2.0,2,0
1782925397.181,142.791,245.9,79.14,99,41,88,1009.2,893.9,225.2,79.15,99,43,81,938.5,1045.8,220.5,79.15,99,46,86,920.6,883.4,206.0,79.14,99,44,82,915.6,753.3,2.0,2,0
1782925397.621,143.231,245.8,79.14,99,41,88,928.0,912.1,225.0,79.15,99,43,81,948.6,958.1,220.4,79.15,99,47,86,1016.4,915.4,205.9,79.14,99,44,82,1004.7,761.4,2.0,2,0
1782925398.067,143.677,246.1,79.14,99,42,88,918.7,866.6,225.0,79.15,99,43,81,946.6,960.5,220.4,79.15,99,47,86,1010.4,896.6,205.9,79.14,99,44,82,900.7,834.1,2.0,2,0
1782925398.507,144.117,246.0,79.14,99,41,88,1007.3,918.3,225.0,79.15,99,42,81,940.9,1026.6,220.7,79.15,99,47,86,927.8,909.1,206.0,79.14,99,44,82,983.3,748.7,2.0,2,0
1782925398.950,144.559,246.0,79.14,99,41,88,930.3,1001.5,225.3,79.15,99,43,81,980.2,1030.7,220.6,79.15,99,47,86,931.6,890.2,206.0,79.14,99,44,82,978.5,755.4,2.0,2,0
1782925399.394,145.004,245.9,79.14,99,42,88,927.9,874.2,225.5,79.15,99,43,81,947.2,939.1,220.7,79.15,99,46,86,1009.0,891.3,206.2,79.14,99,43,82,900.0,827.2,2.0,2,0
1782925399.836,145.446,245.8,79.14,99,42,88,1008.3,888.8,225.6,79.15,99,43,81,943.0,1011.6,220.6,79.15,99,47,86,921.0,937.7,206.2,79.14,99,44,82,908.2,754.8,2.0,2,0
1782925400.278,145.888,245.9,79.14,99,42,88,919.8,938.4,225.5,79.15,99,43,81,938.9,935.7,220.5,79.15,99,47,86,1009.3,895.4,206.2,79.14,99,44,82,971.2,757.8,2.0,2,0
1782925400.720,146.330,246.0,79.14,99,42,88,938.4,894.6,225.6,79.15,99,43,81,1071.8,975.5,220.6,79.15,99,46,86,1008.6,900.6,206.3,79.14,99,43,82,901.5,828.3,2.0,2,0
1782925401.164,146.774,245.6,79.14,99,41,88,1012.2,867.2,225.2,79.15,99,43,81,1014.4,949.2,220.2,79.15,99,47,86,928.6,974.9,206.2,79.14,99,43,82,899.7,751.7,2.0,2,0
1782925401.606,147.216,245.0,79.14,99,42,88,922.6,946.0,225.0,79.15,99,43,81,935.9,1030.5,220.1,79.15,99,47,86,926.8,882.0,206.2,79.14,99,43,82,987.5,892.1,2.0,2,0
1782925402.053,147.663,245.2,79.14,99,42,88,362.9,17113.9,225.0,79.15,99,43,81,20706.1,3331.8,220.1,79.15,99,47,86,5235.7,8604.3,206.1,79.14,99,44,82,5411.7,3941.7,0.0,2,0
1782925402.495,148.105,260.3,79.14,98,46,89,8919.3,5360.2,225.3,79.15,99,43,82,6800.5,7336.4,219.5,79.15,85,28,86,10375.6,8601.9,206.3,79.14,84,29,84,10377.8,8604.6,0.0,2,0
1782925402.936,148.546,260.3,79.14,98,46,89,10358.1,8561.2,247.3,79.15,98,44,83,4850.2,4292.9,250.5,79.15,98,40,87,10377.9,8436.3,238.9,79.14,98,41,84,2799.7,6343.3,0.0,2,0
1782925403.378,148.988,285.0,79.14,99,49,90,10354.7,4281.9,272.5,79.15,99,50,83,5177.7,8562.7,273.8,79.15,99,54,88,10374.6,8601.7,269.2,79.14,98,47,84,9652.3,4786.1,0.0,2,0
1782925403.820,149.430,295.9,79.14,99,51,90,10355.6,8559.7,282.2,79.15,98,44,83,5181.9,4282.2,277.2,79.15,98,44,88,10378.4,6937.3,266.3,79.14,96,40,84,4290.1,5399.5,0.0,2,0
1782925404.269,149.879,296.9,79.14,99,53,90,9361.1,8561.5,284.4,79.15,98,49,83,10356.9,4286.1,279.1,79.15,98,45,88,3676.2,8602.5,268.2,79.14,98,41,84,10376.0,5978.2,0.0,2,0
1782925404.711,150.320,293.4,79.14,98,44,89,5754.1,8563.3,280.9,79.15,98,45,83,10361.2,8570.9,278.4,79.15,98,48,88,4198.5,5017.0,268.1,79.14,99,52,84,10379.2,8607.0,0.0,2,0
1782925405.159,150.769,297.8,79.14,98,47,89,10356.8,8562.3,283.1,79.15,98,44,83,5468.8,952.2,278.8,79.15,98,44,88,1007.8,889.0,267.6,79.14,98,43,84,903.2,833.5,1.0,1,0
1782925405.600,151.210,288.5,79.14,99,42,88,1010.0,900.9,269.2,79.15,99,44,82,937.3,973.4,259.1,79.15,99,48,87,930.6,968.7,267.6,79.14,98,43,84,925.2,757.7,1.0,1,0
1782925406.042,151.652,264.7,79.14,99,42,88,927.2,986.3,269.2,79.15,99,44,82,942.7,1050.0,259.1,79.15,99,48,87,925.5,891.9,245.8,79.14,99,44,83,983.3,755.2,1.0,2,0
1782925406.483,152.093,264.7,79.14,99,42,88,929.9,904.2,242.3,79.15,99,43,82,1015.8,942.5,231.8,79.15,99,47,86,929.1,930.8,217.2,79.14,99,44,83,905.2,834.6,1.0,2,0
1782925406.925,152.535,247.5,79.14,99,42,88,1003.8,919.9,227.9,79.15,99,43,82,1082.0,996.6,222.8,79.15,99,47,86,926.9,970.3,208.7,79.14,99,44,83,905.6,759.1,1.0,2,0
1782925407.372,152.982,247.4,79.14,99,42,88,1004.5,906.6,227.7,79.15,99,43,82,938.3,1017.0,222.6,79.15,99,47,86,933.2,910.5,208.5,79.14,99,43,82,917.2,757.2,1.0,2,0
1782925407.813,153.423,247.2,79.14,99,42,88,924.1,961.8,227.4,79.15,99,43,82,937.6,972.3,222.1,79.15,99,47,86,1006.8,879.2,207.9,79.14,99,44,82,892.2,762.2,2.0,2,0
1782925408.261,153.871,247.2,79.14,99,42,88,927.2,960.7,227.2,79.15,99,44,82,945.5,945.7,222.2,79.15,99,47,86,1010.5,881.3,207.8,79.14,99,44,82,939.9,767.0,2.0,2,0
1782925408.711,154.321,247.1,79.14,99,42,88,1039.8,874.9,227.2,79.15,99,43,82,984.2,1016.5,222.7,79.15,99,47,86,927.3,894.6,208.0,79.14,99,44,82,983.9,758.5,2.0,2,0
1782925409.155,154.765,247.4,79.14,99,42,88,930.7,948.0,227.0,79.15,99,43,82,934.4,962.8,222.6,79.15,99,47,86,1009.9,883.0,208.0,79.14,99,44,82,898.4,774.1,2.0,2,0
1782925409.597,155.207,247.1,79.14,99,42,88,933.3,916.5,226.9,79.15,99,43,82,1014.3,951.0,222.4,79.15,99,46,86,927.6,984.9,208.0,79.14,99,44,82,1011.6,834.8,2.0,2,0
1782925410.044,155.654,246.5,79.14,99,42,88,929.9,899.4,226.9,79.15,99,43,82,1019.2,964.7,222.4,79.15,99,46,86,921.2,973.2,208.0,79.14,99,44,82,904.1,750.1,2.0,2,0
1782925410.487,156.096,246.5,79.14,99,42,88,1009.2,899.4,226.7,79.15,99,43,82,944.0,1043.1,221.9,79.15,99,47,86,932.3,899.6,207.9,79.14,99,44,82,984.2,763.1,2.0,2,0
1782925410.929,156.538,246.6,79.14,99,42,88,927.5,973.8,226.8,79.15,99,43,82,944.2,931.5,221.9,79.15,99,48,86,1013.6,878.5,207.9,79.14,99,44,82,972.5,756.9,2.0,2,0
1782925411.371,156.981,246.9,79.14,99,42,88,929.3,896.3,227.0,79.15,99,43,82,1016.4,972.1,221.9,79.15,99,47,86,929.6,973.4,207.8,79.14,99,44,82,904.0,809.1,2.0,2,0
1782925411.812,157.422,246.8,79.14,99,42,88,1007.6,859.8,227.0,79.15,99,43,81,940.1,1035.5,221.7,79.15,99,47,86,955.0,914.0,207.6,79.14,99,44,82,915.5,750.0,2.0,2,0
1782925412.255,157.865,246.4,79.14,99,42,88,932.4,963.2,227.0,79.15,99,43,82,940.4,964.9,221.4,79.15,99,47,86,1005.4,873.5,207.8,79.14,99,44,82,898.0,830.6,2.0,2,0
1782925412.697,158.307,246.3,79.14,99,42,88,924.1,938.5,227.0,79.15,99,44,82,1029.9,949.1,221.5,79.15,99,47,86,1145.4,873.5,207.8,79.14,99,44,82,899.8,772.2,2.0,2,0
1782925413.146,158.756,246.4,79.14,99,42,88,928.4,913.4,227.1,79.15,99,43,82,1025.4,959.0,221.5,79.15,99,47,86,997.2,883.0,207.8,79.14,99,44,82,903.2,830.3,2.0,2,0
1782925413.587,159.197,246.4,79.14,99,42,88,1001.2,880.9,227.1,79.15,99,43,82,937.6,1033.4,221.6,79.15,99,48,86,929.9,885.8,207.8,79.14,99,44,82,988.1,781.8,2.0,2,0
1782925414.031,159.641,246.6,79.14,99,42,88,930.6,964.1,227.1,79.15,99,43,82,942.5,952.3,221.6,79.15,99,48,86,931.0,901.5,207.6,79.14,99,44,82,983.7,753.0,2.0,2,0
1782925414.471,160.081,246.6,79.14,99,42,88,926.7,903.6,227.4,79.15,99,44,82,1017.8,968.1,221.9,79.15,99,48,86,931.4,959.7,207.9,79.14,99,44,82,904.7,748.3,2.0,2,0
1782925414.911,160.521,246.7,79.14,99,42,88,923.7,913.1,227.4,79.15,99,43,81,936.2,1027.2,222.1,79.15,99,47,86,925.6,895.6,207.9,79.14,99,44,82,977.7,767.2,2.0,2,0
1782925415.369,160.979,246.2,79.14,99,42,88,927.1,953.0,227.1,79.15,99,43,81,937.3,922.7,221.9,79.15,99,47,86,1010.3,897.4,207.7,79.14,99,44,82,904.2,829.8,2.0,2,0
1782925415.809,161.419,246.1,79.14,99,42,88,1008.3,900.3,226.9,79.15,99,43,82,936.6,1046.1,221.9,79.15,99,47,86,933.7,941.7,207.8,79.14,99,44,82,903.9,805.0,2.0,2,0
1782925416.252,161.862,246.2,79.14,99,42,88,927.4,942.3,227.1,79.15,99,43,81,942.6,962.0,221.5,79.15,99,47,86,922.2,866.2,207.8,79.14,99,44,82,979.7,756.3,2.0,2,0
1782925416.695,162.305,246.3,79.14,99,42,88,930.9,862.0,227.0,79.15,99,43,82,953.0,950.9,221.2,79.15,99,47,86,1011.8,868.3,207.6,79.14,99,44,82,904.5,833.9,2.0,2,0
1782925417.139,162.749,246.2,79.14,99,42,88,924.3,885.9,227.1,79.15,99,43,81,1019.4,938.9,221.3,79.15,99,47,86,924.3,957.7,207.8,79.14,99,44,82,900.4,751.2,2.0,2,0
1782925417.580,163.190,246.3,79.14,99,42,88,996.7,895.6,227.4,79.15,99,43,81,933.8,1020.6,221.3,79.15,99,47,86,930.1,876.9,207.8,79.14,99,44,82,982.5,754.5,2.0,2,0
1782925418.022,163.632,246.1,79.14,99,42,88,923.2,875.0,227.4,79.15,99,43,81,955.3,938.4,221.3,79.15,99,47,86,1004.8,896.4,208.1,79.14,99,44,82,903.5,827.5,2.0,2,0
1782925418.463,164.073,246.1,79.14,99,42,88,1006.4,874.5,227.4,79.15,99,43,81,935.9,1001.5,221.4,79.15,99,47,86,922.1,902.1,208.3,79.14,99,44,82,924.8,750.7,2.0,2,0
1782925418.905,164.515,245.9,79.14,99,42,88,928.5,960.9,227.2,79.15,99,44,81,955.8,968.8,221.5,79.15,99,47,86,931.9,887.0,208.2,79.14,99,44,82,982.8,753.6,2.0,2,0
1782925419.350,164.960,245.8,79.14,99,42,87,927.6,951.8,227.2,79.15,99,44,81,941.7,970.5,221.7,79.15,99,47,86,1004.3,908.0,208.1,79.14,99,44,82,898.8,833.3,2.0,2,0
1782925419.791,165.401,245.9,79.14,99,42,88,1010.1,885.0,227.2,79.15,99,43,81,973.0,939.2,222.0,79.15,99,47,86,923.9,962.7,208.2,79.14,99,44,82,908.5,756.8,2.0,2,0
1782925420.233,165.843,246.2,79.14,99,42,87,928.8,952.9,227.2,79.15,99,44,81,936.1,929.3,221.8,79.15,99,48,86,941.8,893.1,208.3,79.14,99,44,82,984.2,758.4,2.0,2,0
1782925420.675,166.285,246.0,79.14,99,42,87,921.8,876.4,227.1,79.15,99,43,81,1017.9,985.1,221.5,79.15,99,47,86,1075.1,897.8,208.2,79.14,99,44,82,905.0,827.5,2.0,2,0
1782925421.120,166.730,246.0,79.14,99,42,88,7199.7,8560.3,228.0,79.15,83,36,82,5182.1,4282.4,222.1,79.15,98,39,87,10378.2,6454.9,211.5,79.14,98,47,83,1976.9,8522.4,2.0,2,0
1782925421.563,167.173,263.6,79.14,98,48,89,8215.5,5943.3,228.0,79.15,83,36,82,10356.7,8559.5,222.1,79.15,98,39,87,10378.5,8599.9,211.5,79.14,98,47,83,5189.8,8606.5,2.0,2,0
1782925422.009,167.619,285.9,79.14,98,48,89,7287.3,8562.6,256.8,79.15,98,43,83,10362.7,4289.5,252.2,79.15,98,39,87,4812.1,8606.7,238.4,79.14,98,41,84,10377.0,4662.2,2.0,2,0
1782925422.456,168.066,285.9,79.14,98,48,89,5179.1,6725.4,285.0,79.15,99,51,83,6454.1,8560.8,276.9,79.15,98,49,88,10373.6,8603.8,269.2,79.14,98,50,84,10487.7,17189.4,2.0,2,0
1782925422.899,168.509,295.2,79.14,98,43,89,5655.0,8561.8,281.6,79.15,98,41,83,10359.1,3836.0,275.6,79.15,97,29,87,5190.4,8603.4,265.3,79.14,97,36,84,10377.0,8604.3,2.0,2,0
1782925423.342,168.952,296.2,79.14,99,52,89,6299.5,3365.7,282.1,79.15,99,47,84,9869.5,8563.4,278.2,79.15,98,41,87,8563.7,3147.3,267.9,79.14,98,41,85,7172.2,8603.2,2.0,2,0
1782925423.782,169.392,293.3,79.14,99,48,89,5179.2,4284.6,281.6,79.15,98,48,84,10354.4,8563.7,278.3,79.15,98,52,88,5189.3,4303.0,266.6,79.14,98,49,85,10377.6,8610.1,2.0,2,0
1782925424.227,169.837,296.5,79.14,99,51,90,1007.4,902.9,282.9,79.15,98,43,83,935.6,1015.6,277.6,79.15,98,44,88,927.9,877.8,267.8,79.14,98,43,83,983.9,757.4,1.0,2,0
1782925424.668,170.278,285.5,79.14,99,42,88,934.3,974.7,258.7,79.15,99,43,82,965.3,967.2,256.0,79.15,99,47,87,1189.1,919.7,240.5,79.14,99,44,83,986.3,752.8,1.0,2,0
1782925425.119,170.729,256.7,79.14,99,41,88,923.8,943.0,229.2,79.15,99,43,82,939.1,960.0,228.5,79.15,99,46,86,1015.4,883.0,209.3,79.14,99,43,83,975.8,759.9,1.0,2,0
1782925425.560,171.170,245.7,79.14,99,41,88,929.1,899.0,229.2,79.15,99,43,82,1018.2,944.9,228.5,79.15,99,46,86,933.9,973.6,209.3,79.14,99,43,83,898.3,754.1,1.0,2,0
1782925426.004,171.614,245.6,79.14,99,41,88,1003.2,896.1,226.5,79.15,99,43,82,943.7,1040.6,221.5,79.15,99,46,86,946.3,988.6,207.5,79.14,99,43,83,899.3,756.0,1.0,2,0
1782925426.447,172.057,245.6,79.14,99,41,88,926.3,1007.3,226.3,79.15,99,42,82,943.7,1030.1,221.3,79.15,99,46,86,924.6,888.7,207.4,79.14,99,43,83,984.9,750.0,1.0,2,0
1782925426.889,172.499,245.5,79.14,99,41,88,931.2,899.4,226.1,79.15,99,42,82,955.9,959.1,221.1,79.15,99,47,86,1030.0,888.3,207.0,79.14,99,44,83,904.8,835.2,2.0,2,0
1782925427.332,172.942,245.4,79.14,99,41,88,932.5,891.1,226.4,79.15,99,43,82,1017.2,959.3,221.0,79.15,99,46,86,924.6,995.2,207.1,79.14,99,43,83,905.8,750.8,2.0,2,0
1782925427.773,173.383,245.4,79.14,99,42,88,1007.0,907.2,226.6,79.15,99,43,82,937.8,1034.6,221.0,79.15,99,46,86,932.0,903.1,207.4,79.14,99,43,83,960.8,757.4,2.0,2,0
1782925428.221,173.831,245.3,79.14,99,41,88,930.6,996.3,226.7,79.15,99,43,82,932.9,1006.6,221.1,79.15,99,46,86,1002.5,879.5,207.7,79.14,99,44,83,983.3,753.9,2.0,2,0
1782925428.665,174.274,246.0,79.14,99,42,88,933.3,965.2,227.0,79.15,99,43,82,936.9,1011.5,221.4,79.15,99,47,86,1215.4,896.6,208.1,79.14,99,44,83,988.6,750.1,2.0,2,0
1782925429.112,174.721,246.0,79.14,99,42,88,921.8,953.5,226.9,79.15,99,43,82,935.3,959.0,221.2,79.15,99,46,86,1004.4,866.8,208.1,79.14,99,44,83,904.1,831.0,2.0,2,0
1782925429.553,175.163,245.7,79.14,99,41,88,1006.9,893.6,226.9,79.15,99,43,82,1009.4,946.3,221.2,79.15,99,46,86,924.2,966.5,207.6,79.14,99,44,83,904.2,781.0,2.0,2,0
1782925429.995,175.605,245.4,79.14,99,41,88,1010.7,910.0,226.7,79.15,99,43,82,935.2,1007.4,221.1,79.15,99,47,86,924.9,903.7,207.3,79.14,99,44,83,982.3,780.9,2.0,2,0
1782925430.439,176.049,245.4,79.14,99,41,88,931.5,953.7,226.7,79.15,99,43,82,937.4,963.2,221.1,79.15,99,46,86,1005.0,879.1,207.5,79.14,99,43,83,905.9,829.2,2.0,2,0
1782925430.880,176.490,245.1,79.14,99,41,88,1010.5,908.4,226.6,79.15,99,43,82,938.3,1171.9,220.7,79.15,99,46,86,1122.3,875.9,207.2,79.14,99,43,83,902.6,826.6,2.0,2,0
1782925431.329,176.939,244.4,79.14,99,41,88,927.2,864.8,226.2,79.15,99,43,82,1022.7,972.0,220.4,79.15,99,46,86,921.7,973.1,206.9,79.14,99,43,83,904.1,755.7,2.0,2,0
1782925431.770,177.380,244.4,79.14,99,42,88,928.0,893.6,226.2,79.15,99,43,82,1017.5,947.2,220.4,79.15,99,46,86,927.7,963.2,206.9,79.14,99,43,83,904.2,753.1,2.0,2,0
1782925432.218,177.828,244.8,79.14,99,41,88,926.4,957.6,226.4,79.15,99,43,82,936.7,1004.1,220.3,79.15,99,47,86,949.4,873.4,206.8,79.14,99,44,82,977.7,754.5,2.0,2,0
1782925432.660,178.270,245.0,79.14,99,41,87,925.1,900.5,226.3,79.15,99,43,82,1024.4,1072.8,220.3,79.15,99,47,86,1025.0,895.7,207.1,79.14,99,44,83,988.6,755.5,2.0,2,0
1782925433.106,178.716,245.1,79.14,99,41,87,933.8,906.6,226.5,79.15,99,43,82,1013.9,955.2,220.3,79.15,99,47,86,929.3,982.2,207.1,79.14,99,44,83,905.1,753.8,2.0,2,0
1782925433.547,179.156,245.2,79.14,99,41,87,1010.1,905.9,226.5,79.15,99,43,82,938.8,1013.0,220.3,79.15,99,47,86,933.7,896.5,207.2,79.14,99,44,83,985.5,753.8,2.0,2,0
1782925433.988,179.598,245.2,79.14,99,41,87,933.3,956.6,226.6,79.15,99,43,82,931.6,940.9,220.2,79.15,99,46,86,1006.5,876.0,207.3,79.14,99,43,82,899.2,833.4,2.0,2,0
1782925434.431,180.041,245.1,79.14,99,41,87,1005.8,902.1,226.4,79.15,99,43,82,1010.9,947.7,220.1,79.15,99,46,86,921.3,965.7,207.1,79.14,99,43,82,899.5,755.6,2.0,2,0
1782925434.873,180.483,244.9,79.14,99,41,87,932.5,968.4,226.1,79.15,99,43,82,930.8,1001.7,220.1,79.15,99,46,86,928.1,891.8,207.0,79.14,99,44,82,979.3,757.3,2.0,2,0
1782925435.316,180.925,244.9,79.14,99,42,87,927.2,901.8,226.1,79.15,99,43,82,952.3,962.6,220.3,79.15,99,46,86,1006.7,874.1,207.1,79.14,99,43,83,903.3,825.3,2.0,2,0
1782925435.757,181.367,245.1,79.14,99,41,87,1008.4,879.5,226.0,79.15,99,43,82,1020.0,943.9,219.9,79.15,99,47,86,924.9,981.5,207.1,79.14,99,44,82,898.6,750.9,2.0,2,0
1782925436.200,181.810,245.1,79.14,99,41,87,918.8,969.8,225.9,79.15,99,43,82,947.2,1035.9,219.5,79.15,99,46,86,923.8,861.2,206.9,79.14,99,43,82,982.5,749.5,2.0,2,0
1782925436.646,182.256,245.0,79.14,99,42,87,923.3,968.1,226.0,79.15,99,43,82,933.9,1131.0,219.5,79.15,99,47,86,1018.0,995.0,206.9,79.14,99,43,82,906.6,754.9,2.0,2,0
1782925437.097,182.707,245.0,79.14,99,41,87,998.1,899.6,226.0,79.15,99,43,82,938.5,1017.1,219.9,79.15,99,47,86,925.4,877.6,206.9,79.14,99,43,82,984.8,753.1,2.0,2,0
1782925437.539,183.149,245.0,79.14,99,42,87,928.5,906.9,226.0,79.15,99,43,82,956.5,962.4,219.9,79.15,99,47,86,1012.8,885.4,207.0,79.14,99,44,82,900.1,829.2,2.0,2,0
1782925437.981,183.591,245.0,79.14,99,42,87,1015.2,862.3,226.0,79.15,99,43,82,1008.8,960.2,220.0,79.15,99,46,86,929.9,963.5,207.2,79.14,99,44,82,903.8,750.1,2.0,2,0
1782925438.423,184.033,244.7,79.14,99,41,87,920.6,951.5,226.0,79.15,99,43,82,939.5,956.4,219.9,79.15,99,47,86,1012.8,881.0,207.1,79.14,99,44,82,969.0,761.5,2.0,2,0
1782925438.864,184.474,244.6,79.14,99,41,87,927.5,887.3,225.9,79.15,99,43,81,1017.1,956.7,220.0,79.15,99,47,86,921.3,994.4,207.1,79.14,99,44,82,906.8,825.5,2.0,2,0
1782925439.307,184.917,244.3,79.14,99,41,87,1008.8,889.9,225.9,79.15,99,43,82,936.4,1018.7,220.0,79.15,99,47,86,926.2,893.2,207.0,79.14,99,44,82,979.2,753.5,2.0,2,0
1782925439.748,185.358,244.0,79.14,99,41,87,925.0,948.6,226.0,79.15,99,43,81,940.5,950.8,219.9,79.15,99,47,86,1010.4,907.9,206.8,79.14,99,44,82,905.0,829.7,2.0,2,0
1782925440.191,185.800,244.1,79.14,99,41,87,10354.7,4282.6,229.9,79.15,84,22,83,4142.1,8564.6,225.1,79.15,98,57,88,10377.6,4316.1,213.3,79.14,98,54,84,5188.6,8609.8,2.0,2,0
1782925440.634,186.244,262.5,79.14,98,45,89,10356.0,8561.9,256.0,79.15,98,42,83,9830.1,1851.3,251.1,79.15,98,42,88,6995.2,8612.4,243.9,79.14,98,42,84,10386.7,4558.4,2.0,2,0
1782925441.079,186.689,289.5,79.14,98,49,89,7672.4,8561.1,256.0,79.15,98,42,83,9345.4,1930.2,281.3,79.15,98,51,88,6946.3,8601.5,243.9,79.14,98,42,84,9820.0,2525.2,2.0,2,0
1782925441.521,187.131,296.0,79.14,98,43,88,10355.2,8663.4,285.8,79.15,98,48,83,21391.7,12308.5,281.3,79.15,98,51,88,10186.1,1439.3,268.8,79.14,98,49,84,7295.4,8606.4,2.0,2,0
1782925441.963,187.572,296.0,79.14,98,43,88,10355.6,8562.9,282.8,79.15,98,43,83,10356.0,8273.5,276.4,79.15,97,37,88,7091.5,7169.1,267.9,79.14,97,33,85,6253.7,7884.3,2.0,2,0
1782925442.405,188.015,297.2,79.14,98,48,89,3903.6,5131.2,283.2,79.15,98,43,83,10354.8,8560.9,277.6,79.15,98,41,88,4872.5,4423.5,267.2,79.14,98,42,85,10378.1,8614.9,2.0,2,0
1782925442.846,188.456,293.0,79.14,98,46,89,5178.6,8560.6,284.2,79.15,99,52,83,10357.4,4446.5,277.4,79.15,98,49,88,5342.0,7170.0,268.5,79.14,98,49,85,10382.9,8602.5,2.0,2,0
1782925443.289,188.899,296.3,79.14,98,44,89,1009.1,902.5,284.0,79.15,98,42,83,936.9,1009.4,277.7,79.15,98,45,88,930.9,878.6,267.6,79.14,99,44,84,982.0,756.9,1.0,1,0
1782925443.730,189.340,283.7,79.14,99,42,88,929.7,1045.4,257.2,79.15,99,44,82,1020.3,960.0,253.8,79.15,99,48,87,928.9,984.4,237.7,79.14,99,45,83,905.2,755.7,1.0,2,0
1782925444.187,189.797,256.6,79.14,99,42,88,935.3,896.7,230.2,79.15,99,44,82,1019.1,957.3,224.3,79.15,99,48,87,930.2,959.8,214.3,79.14,99,45,83,904.1,776.5,1.0,2,0
1782925444.630,190.240,247.9,79.14,99,42,88,1005.1,892.9,230.2,79.15,99,44,82,941.1,1042.6,223.9,79.15,99,47,87,946.2,985.4,210.3,79.14,99,44,83,925.0,761.8,1.0,2,0
1782925445.075,190.685,247.5,79.14,99,42,88,1011.0,897.8,230.2,79.15,99,44,82,943.7,1010.1,223.9,79.15,99,47,87,931.5,875.4,210.3,79.14,99,44,83,985.4,753.3,1.0,2,0
1782925445.517,191.126,247.5,79.14,99,42,88,925.5,941.1,229.3,79.15,99,43,82,938.5,944.4,223.3,79.15,99,47,86,1009.1,894.3,209.7,79.14,99,44,83,899.4,831.4,2.0,2,0
1782925445.958,191.568,247.5,79.14,99,42,88,1012.2,936.9,228.9,79.15,99,44,82,1000.0,943.5,222.8,79.15,99,48,86,926.9,961.9,209.3,79.14,99,44,83,900.0,755.2,2.0,2,0
1782925446.398,192.008,247.4,79.14,99,42,88,928.2,959.7,228.7,79.15,99,43,82,937.7,931.7,222.7,79.15,99,47,86,1011.3,877.8,209.2,79.14,99,44,83,903.1,834.1,2.0,2,0
1782925446.841,192.450,247.0,79.14,99,42,88,929.6,913.9,228.4,79.15,99,43,82,1017.0,967.4,222.4,79.15,99,48,86,923.3,1003.3,209.1,79.14,99,45,83,933.8,832.5,2.0,2,0
1782925447.284,192.894,247.0,79.14,99,42,88,1023.6,873.6,228.5,79.15,99,43,82,1017.6,1000.8,222.4,79.15,99,47,86,939.7,969.2,209.1,79.14,99,44,83,903.6,760.5,2.0,2,0
1782925447.726,193.336,246.8,79.14,99,42,88,933.6,909.7,228.7,79.15,99,43,82,957.0,1026.9,222.6,79.15,99,48,86,928.4,872.7,209.0,79.14,99,44,83,982.0,752.7,2.0,2,0
1782925448.169,193.779,246.8,79.14,99,42,88,928.6,973.3,228.6,79.15,99,43,82,940.6,965.9,222.5,79.15,99,47,86,1009.6,865.2,208.6,79.14,99,44,83,898.8,830.0,2.0,2,0
1782925448.610,194.220,246.5,79.14,99,42,87,990.1,901.2,228.1,79.15,99,43,82,1023.6,962.8,222.2,79.15,99,47,86,928.3,947.5,208.6,79.14,99,44,83,933.4,878.4,2.0,2,0
1782925449.060,194.670,246.3,79.14,99,42,87,928.7,904.1,228.1,79.15,99,43,82,1023.2,936.3,222.2,79.15,99,47,86,931.5,963.7,208.5,79.14,99,44,83,905.4,754.8,2.0,2,0
1782925449.502,195.112,246.8,79.14,99,42,87,1003.5,878.0,228.2,79.15,99,44,82,939.0,1008.1,221.9,79.15,99,48,86,926.4,892.7,208.6,79.14,99,45,83,984.6,758.1,2.0,2,0
1782925449.944,195.554,246.8,79.14,99,42,87,1029.3,995.4,228.3,79.15,99,43,82,938.3,1017.1,221.9,79.15,99,47,86,929.9,904.7,208.9,79.14,99,44,83,989.3,760.6,2.0,2,0
1782925450.394,196.003,246.6,79.14,99,42,87,952.1,911.0,228.5,79.15,99,43,82,944.3,1009.9,222.3,79.15,99,47,86,931.0,852.1,209.0,79.14,99,44,83,983.2,756.9,2.0,2,0
1782925450.836,196.446,246.6,79.14,99,42,87,922.9,934.5,228.5,79.15,99,44,82,941.9,940.9,222.4,79.15,99,48,86,1008.4,886.7,209.0,79.14,99,44,83,906.9,831.6,2.0,2,0
1782925451.278,196.888,246.6,79.14,99,42,87,1015.1,884.1,228.2,79.15,99,43,82,1005.8,953.5,222.2,79.15,99,47,86,929.6,1002.9,208.9,79.14,99,44,83,904.4,750.1,2.0,2,0
1782925451.720,197.330,246.1,79.14,99,42,87,1192.3,902.4,227.9,79.15,99,43,82,1016.5,948.3,222.0,79.15,99,47,86,930.0,988.7,208.8,79.14,99,44,83,904.7,751.5,2.0,2,0
1782925452.174,197.783,246.1,79.14,99,42,87,933.5,891.2,228.2,79.15,99,43,82,1020.5,952.9,222.0,79.15,99,47,86,931.0,990.6,209.0,79.14,99,44,83,904.4,753.0,2.0,2,0
1782925453.034,198.644,246.2,79.14,99,42,87,1009.6,883.5,228.2,79.15,99,43,82,938.6,1029.7,221.7,79.15,99,47,86,931.2,905.2,208.7,79.14,99,44,83,983.2,754.3,2.0,2,0
1782925453.482,199.091,246.2,79.14,99,42,87,1008.8,866.5,228.1,79.15,99,44,82,927.4,1019.9,221.6,79.15,99,48,86,933.9,881.3,208.4,79.14,99,44,83,983.6,751.5,2.0,2,0
1782925453.923,199.533,246.2,79.14,99,42,87,928.1,1063.3,228.2,79.15,99,43,82,940.2,970.9,221.7,79.15,99,48,86,1021.6,875.7,208.6,79.14,99,44,83,972.2,848.2,2.0,2,0
1782925454.370,199.980,246.2,79.14,99,42,87,929.0,927.8,228.2,79.15,99,43,82,941.5,928.0,221.6,79.15,99,47,86,1067.5,893.5,208.4,79.14,99,44,83,921.0,759.0,2.0,2,0
1782925454.817,200.427,245.9,79.14,99,42,87,925.3,943.2,228.0,79.15,99,43,82,941.5,938.7,221.3,79.15,99,47,86,1006.4,880.8,208.1,79.14,99,44,83,1125.4,825.8,2.0,2,0
1782925455.266,200.876,245.5,79.14,99,42,87,928.1,964.1,227.9,79.15,99,43,82,938.5,942.2,221.3,79.15,99,48,86,1010.0,850.4,208.5,79.14,99,44,83,905.5,830.3,2.0,2,0
1782925455.707,201.317,245.8,79.14,99,42,87,931.3,903.0,228.2,79.15,99,43,82,1197.6,948.3,221.2,79.15,99,47,86,1011.9,857.3,208.8,79.14,99,44,83,893.9,760.1,2.0,2,0
1782925456.159,201.769,246.1,79.14,99,42,87,930.9,970.6,228.4,79.15,99,44,82,939.2,960.7,221.5,79.15,99,47,86,1008.8,859.8,209.2,79.14,99,44,83,904.8,833.4,2.0,2,0
1782925456.601,202.211,246.1,79.14,99,42,87,1009.3,871.4,228.1,79.15,99,43,82,1004.8,958.0,221.5,79.15,99,47,86,921.3,968.2,209.2,79.14,99,44,83,913.1,764.3,2.0,2,0
1782925457.043,202.652,245.4,79.14,99,42,87,919.9,971.0,228.1,79.15,99,43,82,937.3,957.7,221.5,79.15,99,47,86,934.5,867.3,208.7,79.14,99,44,83,982.1,757.6,2.0,2,0
1782925457.483,203.093,245.4,79.14,99,42,87,929.4,872.2,227.9,79.15,99,44,82,1017.4,962.2,221.2,79.15,99,48,86,929.5,977.8,208.7,79.14,99,44,83,903.3,752.1,2.0,2,0
1782925457.922,203.532,245.5,79.14,99,42,87,927.6,1068.5,228.1,79.15,99,44,82,1247.8,934.6,221.4,79.15,99,48,86,923.7,972.0,209.1,79.14,99,44,83,904.6,753.9,2.0,2,0
1782925458.370,203.980,246.0,79.14,99,42,87,930.7,988.0,228.3,79.15,99,43,82,942.3,1015.2,221.6,79.15,99,47,86,924.0,879.3,209.0,79.14,99,44,82,988.5,759.4,2.0,2,0
1782925458.813,204.423,245.9,79.14,99,42,87,933.0,954.1,228.2,79.15,99,44,82,938.7,933.4,221.8,79.15,99,48,86,932.4,3297.6,209.0,79.14,99,44,83,20801.7,12896.2,2.0,2,0
1782925459.256,204.865,243.6,79.14,80,32,87,10354.9,8561.1,235.7,79.15,91,32,83,5181.0,4281.7,230.0,79.15,98,56,88,10378.3,8603.1,224.4,79.14,98,49,85,10379.4,8480.9,2.0,2,0
1782925459.697,205.307,267.5,79.14,98,40,89,4672.1,4565.1,262.5,79.15,98,41,83,10358.9,8561.9,257.7,79.15,98,44,88,10378.4,3306.3,253.3,79.14,98,43,84,5377.4,8604.0,2.0,2,0
1782925460.143,205.753,287.5,79.14,98,49,89,5178.6,4283.9,285.5,79.15,98,48,84,10356.8,8565.3,281.0,79.15,98,49,88,5190.8,4302.0,268.8,79.14,98,49,85,10379.7,8599.1,2.0,2,0
1782925460.584,206.194,295.0,79.14,98,42,89,10356.9,8562.2,282.9,79.15,97,33,84,1577.2,7311.5,277.2,79.15,99,57,88,10373.9,4308.2,268.8,79.14,98,49,85,5189.5,8618.6,2.0,2,0
1782925461.027,206.637,295.3,79.14,98,43,88,7763.8,8561.6,282.9,79.15,97,33,84,10355.3,8559.5,277.2,79.15,99,57,88,10375.3,4675.1,269.2,79.14,98,51,85,5216.9,7187.1,2.0,2,0
1782925461.469,207.079,295.3,79.14,98,43,88,10355.3,4727.4,282.6,79.15,98,40,83,3861.5,8560.3,276.2,79.15,98,43,88,10377.3,5729.7,265.5,79.14,98,40,85,2175.9,8372.1,2.0,2,0
1782925461.911,207.521,293.5,79.14,99,49,89,10354.9,8562.3,285.5,79.15,99,53,84,10356.3,5033.3,280.3,79.15,99,51,89,6883.7,5021.8,269.7,79.14,98,46,85,10376.0,5128.5,1.0,1,0
1782925462.352,207.962,295.8,79.14,99,44,89,929.9,974.3,280.9,79.15,98,43,83,938.2,1009.0,276.4,79.15,99,44,87,926.8,878.4,259.7,79.14,99,44,84,983.5,751.6,1.0,2,0
1782925462.794,208.404,280.4,79.14,99,42,88,934.6,925.7,256.9,79.15,99,44,82,1011.5,968.1,250.4,79.15,99,48,87,1025.5,883.9,232.4,79.14,99,44,83,904.1,828.1,1.0,2,0
1782925463.236,208.845,256.3,79.14,99,41,88,1011.0,920.9,229.1,79.15,99,43,82,933.1,1012.3,224.5,79.15,99,47,87,929.6,979.6,210.4,79.14,99,44,83,900.2,755.5,1.0,2,0
1782925463.677,209.287,246.5,79.14,99,42,88,927.8,948.0,228.7,79.15,99,43,82,940.6,978.8,222.5,79.15,99,47,87,943.3,970.3,209.8,79.14,99,44,83,985.4,756.0,1.0,2,0
1782925464.123,209.733,246.1,79.14,99,42,88,922.6,950.9,228.1,79.15,99,43,82,934.5,963.6,222.6,79.15,99,47,87,1004.3,912.6,209.2,79.14,99,44,83,903.7,831.9,1.0,2,0
1782925464.564,210.174,246.1,79.14,99,42,88,933.1,911.2,228.1,79.15,99,43,82,946.5,968.2,222.6,79.15,99,47,87,1008.7,875.7,209.2,79.14,99,44,83,900.5,831.3,2.0,2,0
1782925465.011,210.621,245.9,79.14,99,42,88,931.1,882.0,227.7,79.15,99,43,82,1012.3,939.1,222.6,79.15,99,46,87,927.3,973.5,209.0,79.14,99,43,83,899.3,752.8,2.0,2,0
1782925465.457,211.067,245.9,79.14,99,42,88,1004.7,907.1,227.8,79.15,99,43,82,1005.0,954.2,222.6,79.15,99,47,87,928.4,963.2,209.2,79.14,99,44,83,906.6,753.7,2.0,2,0
1782925465.897,211.507,245.9,79.14,99,41,87,932.2,969.7,227.7,79.15,99,43,82,933.6,946.0,222.3,79.15,99,47,87,1005.0,880.5,208.9,79.14,99,44,83,903.8,833.4,2.0,2,0
1782925466.337,211.947,245.9,79.14,99,42,87,942.9,894.3,227.6,79.15,99,43,82,1016.4,953.8,222.0,79.15,99,47,87,923.7,968.6,208.5,79.14,99,44,83,905.2,760.5,2.0,2,0
1782925466.778,212.388,245.7,79.14,99,41,87,1012.4,897.2,227.7,79.15,99,43,82,933.5,1024.9,222.0,79.15,99,47,87,922.7,872.3,208.7,79.14,99,44,83,983.0,757.1,2.0,2,0
1782925467.222,212.831,245.8,79.14,99,42,87,924.1,963.3,227.8,79.15,99,43,82,946.5,959.9,222.1,79.15,99,47,87,1006.4,872.9,209.0,79.14,99,44,83,898.7,827.4,2.0,2,0
1782925467.663,213.273,245.9,79.14,99,41,87,947.2,867.4,227.8,79.15,99,43,82,1014.7,974.9,222.2,79.15,99,47,87,926.4,960.6,208.9,79.14,99,44,83,905.7,753.1,2.0,2,0
1782925468.112,213.722,245.7,79.14,99,42,87,930.1,897.9,227.7,79.15,99,43,82,1019.5,969.1,222.2,79.15,99,47,87,922.0,984.4,208.9,79.14,99,44,83,905.1,753.7,2.0,2,0
1782925468.553,214.163,245.5,79.14,99,41,87,994.3,884.8,227.7,79.15,99,43,82,935.3,990.8,222.2,79.15,99,47,87,973.0,906.0,208.8,79.14,99,44,83,982.9,764.4,2.0,2,0
1782925468.996,214.605,245.5,79.14,99,41,87,928.7,941.4,227.6,79.15,99,43,82,939.1,949.5,222.0,79.15,99,47,87,1008.6,881.2,208.9,79.14,99,44,83,904.9,824.9,2.0,2,0
1782925469.436,215.046,245.6,79.14,99,42,87,1015.4,898.6,227.6,79.15,99,43,82,934.2,1013.4,221.8,79.15,99,47,87,926.1,967.2,208.8,79.14,99,44,83,904.7,751.3,2.0,2,0
1782925469.876,215.486,245.7,79.14,99,42,87,926.5,972.2,227.5,79.15,99,43,82,941.1,967.0,221.9,79.15,99,47,87,1035.2,893.5,208.8,79.14,99,44,83,899.9,775.5,2.0,2,0
1782925470.318,215.928,245.7,79.14,99,41,87,930.3,880.1,227.5,79.15,99,43,82,1014.5,963.3,222.0,79.15,99,47,87,926.4,952.2,208.6,79.14,99,44,83,908.6,759.9,2.0,2,0
1782925470.758,216.368,245.8,79.14,99,42,87,1022.8,877.7,227.6,79.15,99,43,82,944.5,1004.1,222.2,79.15,99,47,86,933.3,901.7,208.7,79.14,99,43,83,987.0,751.2,2.0,2,0
1782925471.200,216.810,245.6,79.14,99,42,87,932.4,914.4,227.5,79.15,99,43,82,1022.1,956.9,222.1,79.15,99,47,87,996.9,894.5,208.7,79.14,99,44,83,898.2,827.8,2.0,2,0
1782925471.640,217.250,245.2,79.14,99,42,87,1003.9,893.7,227.3,79.15,99,43,82,936.2,1015.9,222.1,79.15,99,46,86,981.2,877.3,208.4,79.14,99,44,83,948.9,769.3,2.0,2,0
1782925472.082,217.692,245.1,79.14,99,42,87,927.9,939.5,227.3,79.15,99,43,82,941.1,953.0,222.0,79.15,99,47,86,1010.6,914.7,208.4,79.14,99,44,83,901.9,839.5,2.0,2,0
1782925472.522,218.132,245.1,79.14,99,42,87,1019.6,900.0,227.3,79.15,99,43,82,1011.6,950.7,222.0,79.15,99,47,86,927.7,954.3,208.3,79.14,99,44,83,903.5,756.1,2.0,2,0
1782925472.963,218.573,245.1,79.14,99,42,87,1118.3,881.5,227.3,79.15,99,43,82,1019.7,926.5,222.1,79.15,99,47,86,925.8,955.4,208.4,79.14,99,44,83,906.4,750.8,2.0,2,0
1782925473.411,219.021,245.1,79.14,99,42,87,928.7,969.6,227.3,79.15,99,43,82,938.3,939.2,222.2,79.15,99,47,86,932.2,935.5,208.4,79.14,99,44,83,979.8,759.8,2.0,2,0
1782925473.851,219.461,245.3,79.14,99,41,87,930.2,903.9,227.2,79.15,99,43,82,1015.2,961.0,221.9,79.15,99,47,87,951.3,974.1,208.3,79.14,99,44,83,910.0,747.5,2.0,2,0
1782925474.293,219.903,245.3,79.14,99,42,87,1010.4,913.7,227.1,79.15,99,43,82,936.2,1019.1,222.1,79.15,99,47,86,930.0,882.2,208.2,79.14,99,44,83,983.3,758.1,2.0,2,0
1782925474.733,220.343,245.4,79.14,99,42,87,959.4,994.4,227.3,79.15,99,43,82,1024.3,955.2,222.3,79.15,99,47,86,932.6,956.8,208.6,79.14,99,44,83,904.3,757.5,2.0,2,0
1782925475.187,220.797,245.5,79.14,99,42,87,999.8,903.6,227.4,79.15,99,43,82,939.7,999.5,222.3,79.15,99,47,86,927.9,857.3,208.8,79.14,99,44,83,982.0,750.4,2.0,2,0
1782925475.626,221.236,245.1,79.14,99,42,87,928.0,873.8,227.3,79.15,99,43,82,1021.5,961.6,222.3,79.15,99,47,86,999.3,953.5,208.7,79.14,99,44,83,956.1,846.6,2.0,2,0
1782925476.069,221.679,244.8,79.14,99,42,87,1010.1,895.2,227.3,79.15,99,43,82,942.1,1000.2,222.3,79.15,99,47,86,923.8,861.3,208.7,79.14,99,44,83,985.5,753.4,2.0,2,0
1782925476.508,222.118,245.0,79.14,99,42,87,923.4,871.1,227.4,79.15,99,43,82,1030.0,939.4,222.3,79.15,99,47,86,994.3,894.1,208.8,79.14,99,44,83,903.2,823.4,2.0,2,0
1782925476.951,222.561,245.0,79.14,99,42,87,1023.9,891.4,227.4,79.15,99,43,82,1019.5,976.1,222.6,79.15,99,47,86,920.5,980.1,208.7,79.14,99,44,83,898.6,751.2,2.0,2,0
1782925477.394,223.004,244.9,79.14,99,42,87,997.7,857.7,227.3,79.15,99,43,82,933.2,988.0,222.5,79.15,99,47,86,929.2,888.4,208.3,79.14,99,44,83,982.5,752.6,2.0,2,0
1782925477.835,223.445,244.9,79.14,99,42,87,923.3,326.5,227.3,79.15,99,43,82,20704.8,17108.9,222.3,79.15,99,47,86,3211.7,5976.2,208.4,79.14,99,44,83,10376.3,4317.4,2.0,2,0
1782925478.277,223.887,243.6,79.14,82,27,88,10355.3,4590.5,239.2,79.15,98,56,83,8765.3,4284.1,234.7,79.15,99,55,88,9709.1,8601.9,227.9,79.14,98,49,85,10376.3,8600.5,2.0,2,0
1782925478.719,224.329,270.1,79.14,98,39,88,6527.4,8565.3,262.4,79.15,98,42,83,10357.5,7298.8,262.1,79.15,99,49,88,5192.2,2153.7,257.9,79.14,98,44,84,9165.1,8610.5,2.0,2,0
1782925479.171,224.781,296.5,79.14,99,49,89,5178.4,4281.4,284.9,79.15,98,48,84,10358.1,8565.0,279.8,79.15,98,49,88,10376.5,5017.3,267.8,79.14,98,48,85,8061.1,4305.2,2.0,2,0
1782925479.613,225.223,295.0,79.14,96,40,89,10354.5,8560.3,283.9,79.15,97,36,84,2261.7,6773.3,278.2,79.15,99,57,88,10381.9,4312.5,267.8,79.14,98,48,85,5192.4,8136.3,2.0,2,0
1782925480.057,225.667,294.5,79.14,98,43,89,10355.5,8562.1,283.9,79.15,97,36,84,8002.2,5314.5,278.2,79.15,99,57,88,5273.3,8605.4,268.6,79.14,98,50,85,10378.2,4302.4,2.0,2,0
1782925480.500,226.110,293.4,79.14,99,52,89,9084.5,8559.4,281.1,79.15,98,42,84,7160.5,3492.3,276.7,79.15,98,43,88,7872.1,8605.1,265.9,79.14,98,42,85,9918.0,1343.4,2.0,2,0
1782925480.942,226.551,293.4,79.14,99,52,89,10359.1,8563.5,285.5,79.15,99,53,84,5523.5,947.7,281.1,79.15,99,53,89,1061.7,930.4,269.3,79.14,98,45,85,898.4,826.8,1.0,1,0
1782925481.391,227.001,295.5,79.14,98,42,89,925.5,873.7,279.1,79.15,98,43,83,1020.0,957.3,273.5,79.15,99,47,87,932.2,995.9,256.8,79.14,99,44,84,905.5,754.6,1.0,2,0
1782925481.834,227.444,275.0,79.14,99,42,88,1007.7,903.3,253.0,79.15,99,43,82,937.9,1002.1,244.4,79.15,99,47,87,927.9,866.1,223.5,79.14,99,44,83,988.5,761.9,1.0,2,0
1782925482.274,227.884,253.3,79.14,99,42,88,934.9,957.0,229.0,79.15,99,44,82,937.1,933.7,224.0,79.15,99,47,87,1008.3,893.6,209.8,79.14,99,44,83,906.8,826.3,1.0,2,0
1782925482.715,228.325,246.5,79.14,99,42,88,934.0,931.1,228.8,79.15,99,43,82,1035.5,980.3,223.5,79.15,99,47,87,1014.0,883.1,209.4,79.14,99,44,83,903.6,849.9,1.0,2,0
1782925483.161,228.771,246.5,79.14,99,42,88,1015.8,896.8,228.7,79.15,99,44,82,1013.5,961.2,223.5,79.15,99,48,87,926.5,948.5,209.3,79.14,99,44,83,904.4,758.7,1.0,2,0
1782925483.602,229.212,246.0,79.14,99,42,88,934.1,977.9,228.7,79.15,99,43,82,942.3,1001.5,223.3,79.15,99,47,87,925.8,890.8,209.3,79.14,99,44,83,1005.9,755.9,1.0,2,0
1782925484.045,229.655,245.9,79.14,99,41,87,930.2,957.6,228.7,79.15,99,43,82,939.2,962.4,223.3,79.15,99,47,87,1005.9,889.4,209.3,79.14,99,44,83,903.4,834.7,2.0,2,0
1782925484.486,230.096,245.9,79.14,99,41,87,1008.8,909.0,228.0,79.15,99,43,82,943.7,1027.0,222.7,79.15,99,47,87,929.1,960.3,208.9,79.14,99,44,83,908.0,750.4,2.0,2,0
1782925484.927,230.537,245.6,79.14,99,42,87,927.8,988.0,227.7,79.15,99,43,82,947.1,966.6,222.6,79.15,99,47,87,1025.6,886.0,208.6,79.14,99,44,83,977.9,751.3,2.0,2,0
1782925485.370,230.980,245.6,79.14,99,42,87,933.5,919.8,227.7,79.15,99,43,82,1020.1,932.7,222.5,79.15,99,47,87,924.7,979.7,208.9,79.14,99,44,83,905.0,833.6,2.0,2,0
1782925485.812,231.421,245.6,79.14,99,41,87,1017.0,887.9,227.9,79.15,99,43,82,938.1,1035.3,222.6,79.15,99,47,87,929.1,859.4,209.1,79.14,99,44,83,987.6,752.6,2.0,2,0
1782925486.254,231.864,246.0,79.14,99,42,87,927.5,968.4,227.8,79.15,99,43,82,932.8,957.9,222.8,79.15,99,47,87,1008.8,886.9,209.1,79.14,99,44,83,977.9,757.2,2.0,2,0
1782925486.696,232.306,246.0,79.14,99,42,87,925.0,907.3,227.7,79.15,99,43,82,1033.1,954.4,222.6,79.15,99,47,87,1007.9,865.0,208.8,79.14,99,44,83,899.2,834.3,2.0,2,0
1782925487.139,232.749,245.6,79.14,99,42,87,1009.1,885.6,227.4,79.15,99,43,82,940.0,1013.3,222.5,79.15,99,47,87,924.2,892.5,208.8,79.14,99,44,83,915.6,751.6,2.0,2,0
1782925487.580,233.189,245.5,79.14,99,42,87,931.3,961.0,227.4,79.15,99,43,82,943.5,943.9,222.5,79.15,99,47,87,1014.4,909.4,208.8,79.14,99,44,83,901.3,836.0,2.0,2,0
1782925488.021,233.631,245.3,79.14,99,42,87,928.0,903.4,227.3,79.15,99,43,82,1018.6,959.8,222.7,79.15,99,47,87,928.2,948.2,208.8,79.14,99,44,83,903.7,752.6,2.0,2,0
1782925488.461,234.071,245.3,79.14,99,42,87,924.0,980.7,227.2,79.15,99,43,82,932.8,1019.4,222.8,79.15,99,47,87,924.9,888.5,208.9,79.14,99,44,83,979.3,754.9,2.0,2,0
1782925488.903,234.513,245.2,79.14,99,42,87,934.0,909.2,227.3,79.15,99,43,82,1029.0,962.9,222.8,79.15,99,47,87,1006.9,903.2,209.0,79.14,99,44,83,899.0,826.8,2.0,2,0
1782925489.345,234.955,245.4,79.14,99,42,87,1005.0,900.6,227.6,79.15,99,43,82,939.4,1019.9,222.8,79.15,99,47,87,922.5,888.0,208.8,79.14,99,44,83,917.2,753.7,2.0,2,0
1782925489.789,235.399,245.3,79.14,99,42,87,938.5,888.8,227.5,79.15,99,43,82,943.5,1021.0,222.6,79.15,99,47,87,930.1,891.1,208.6,79.14,99,44,83,981.4,762.7,2.0,2,0
1782925490.231,235.841,245.0,79.14,99,42,87,928.0,894.1,227.6,79.15,99,43,82,1021.6,944.4,222.4,79.15,99,47,87,999.8,891.5,208.8,79.14,99,44,83,903.3,817.2,2.0,2,0
1782925490.677,236.287,245.3,79.14,99,42,87,933.3,900.3,228.0,79.15,99,43,82,1051.3,935.3,222.9,79.15,99,47,87,1031.2,985.8,208.9,79.14,99,44,83,986.4,760.0,2.0,2,0
1782925491.124,236.734,246.0,79.14,99,42,87,932.5,901.5,227.8,79.15,99,43,82,1020.5,990.5,223.0,79.15,99,47,87,927.4,967.2,208.5,79.14,99,44,83,898.3,753.5,2.0,2,0
1782925491.565,237.175,245.7,79.14,99,42,87,1009.6,870.2,227.8,79.15,99,43,82,940.6,1021.8,223.0,79.15,99,47,87,925.4,884.1,208.5,79.14,99,44,83,982.0,757.5,2.0,2,0
1782925492.007,237.617,245.4,79.14,99,42,87,931.2,965.1,227.5,79.15,99,43,82,938.4,957.2,222.6,79.15,99,47,87,1011.7,891.1,208.2,79.14,99,44,83,904.1,837.7,2.0,2,0
1782925492.448,238.058,245.4,79.14,99,42,87,1017.7,865.9,227.5,79.15,99,43,82,1016.4,934.6,222.7,79.15,99,47,87,919.1,951.4,208.8,79.14,99,44,83,899.0,756.0,2.0,2,0
1782925492.890,238.500,245.2,79.14,99,41,87,929.1,968.5,227.2,79.15,99,43,82,931.7,1054.3,222.5,79.15,99,47,87,946.5,880.1,208.8,79.14,99,44,83,983.8,749.4,2.0,2,0
1782925493.335,238.945,245.2,79.14,99,42,87,922.3,942.6,227.0,79.15,99,43,82,932.1,966.3,222.4,79.15,99,47,87,1004.2,867.2,208.8,79.14,99,44,83,904.6,832.1,2.0,2,0
1782925493.775,239.385,245.3,79.14,99,42,87,928.0,899.0,226.9,79.15,99,43,82,1012.0,949.7,222.6,79.15,99,47,87,916.4,990.0,208.6,79.14,99,44,83,900.5,752.4,2.0,2,0
1782925494.218,239.828,245.5,79.14,99,42,87,927.8,911.5,227.0,79.15,99,43,82,940.2,1016.3,222.7,79.15,99,47,87,924.5,889.8,208.7,79.14,99,44,83,984.0,753.3,2.0,2,0
1782925494.660,240.270,245.4,79.14,99,42,87,927.7,910.3,227.0,79.15,99,43,82,1024.8,1077.7,222.7,79.15,99,47,87,1019.6,897.8,208.9,79.14,99,44,83,926.6,782.5,2.0,2,0
1782925495.106,240.716,245.3,79.14,99,42,87,935.0,887.2,227.1,79.15,99,43,82,1019.5,955.0,222.5,79.15,99,47,87,934.4,959.1,208.9,79.14,99,44,83,905.9,751.6,2.0,2,0
1782925495.551,241.160,245.2,79.14,99,42,87,1000.6,883.3,227.1,79.15,99,43,82,1003.7,962.0,222.5,79.15,99,47,87,925.2,961.0,208.9,79.14,99,44,83,898.6,755.5,2.0,2,0
1782925495.992,241.602,245.2,79.14,99,42,87,1003.5,921.0,227.0,79.15,99,43,82,936.4,1021.2,222.3,79.15,99,47,87,927.8,873.0,208.9,79.14,99,44,83,979.5,752.7,2.0,2,0
1782925496.435,242.045,245.2,79.14,99,42,87,925.3,905.8,226.9,79.15,99,43,82,1020.5,980.3,222.4,79.15,99,47,87,932.1,995.8,208.9,79.14,99,44,83,899.0,830.3,2.0,2,0
1782925496.877,242.487,244.9,79.14,99,42,87,10355.4,8563.4,226.6,79.15,99,43,82,2051.1,6918.3,222.3,79.15,99,47,87,10381.1,3925.8,208.6,79.14,99,44,83,5191.0,8608.6,0.0,2,0
1782925497.320,242.930,246.3,79.14,98,48,88,10357.5,8560.7,240.7,79.15,99,56,83,10354.7,5251.0,236.1,79.15,99,53,88,7608.5,4781.7,230.4,79.14,98,49,85,8717.3,8605.9,0.0,2,0
1782925497.759,243.369,271.4,79.14,98,41,88,10359.3,4281.6,264.4,79.15,98,43,83,5180.1,8564.0,264.4,79.15,98,47,88,10376.6,4306.2,261.0,79.14,98,46,85,5187.5,8607.7,0.0,2,0
1782925498.204,243.814,296.8,79.14,99,52,89,10357.1,7314.1,283.5,79.15,98,48,83,5916.0,5605.7,280.0,79.15,99,52,89,7293.8,8601.7,267.8,79.14,98,48,85,10376.2,8602.2,0.0,2,0
1782925498.647,244.257,293.1,79.14,97,34,89,10354.6,4281.3,284.7,79.15,99,56,83,5177.6,8567.1,280.6,79.15,98,48,89,10386.3,8605.5,271.1,79.14,98,55,85,5195.6,6429.1,0.0,2,0
1782925499.095,244.705,293.9,79.14,98,39,89,5177.4,4284.4,281.1,79.15,98,42,84,10355.8,8562.4,277.1,79.15,98,47,88,10376.0,3575.7,271.1,79.14,98,55,85,5188.3,8604.7,0.0,2,0
1782925499.537,245.147,293.6,79.14,98,44,89,10354.8,8561.4,281.1,79.15,98,42,84,8619.3,5479.7,277.1,79.15,98,47,88,5188.3,8610.5,266.5,79.14,98,44,85,10378.9,8603.4,0.0,2,0
1782925499.979,245.588,293.6,79.14,98,44,89,1012.6,868.2,281.7,79.15,98,44,84,937.1,1008.1,276.9,79.15,98,45,89,924.5,906.4,265.3,79.14,98,43,85,986.5,750.3,1.0,1,0
1782925500.420,246.030,289.1,79.14,99,36,88,928.9,944.4,267.0,79.15,99,43,82,939.7,956.9,263.4,79.15,99,48,87,1008.3,876.6,243.5,79.14,99,44,83,898.2,838.8,1.0,2,0
1782925500.862,246.471,268.8,79.14,99,42,88,924.8,871.3,239.5,79.15,99,44,82,1018.4,961.2,238.7,79.15,99,47,87,967.0,949.7,215.4,79.14,99,44,83,906.3,830.1,1.0,2,0
1782925501.307,246.917,248.2,79.14,99,42,88,929.1,901.3,229.0,79.15,99,44,82,1025.8,933.9,224.6,79.15,99,48,87,927.6,979.0,210.6,79.14,99,44,83,904.6,754.4,1.0,2,0
1782925501.749,247.358,247.5,79.14,99,42,88,1014.3,881.1,229.0,79.15,99,44,82,939.8,994.3,224.4,79.15,99,48,87,926.4,888.4,210.6,79.14,99,44,83,983.7,757.6,1.0,2,0
1782925502.190,247.800,247.4,79.14,99,42,88,926.5,960.6,228.7,79.15,99,44,82,940.8,936.6,224.4,79.15,99,47,87,1005.2,858.6,210.6,79.14,99,44,83,905.0,840.8,2.0,2,0
1782925502.632,248.242,247.4,79.14,99,42,87,926.0,888.5,228.6,79.15,99,44,82,1017.2,947.6,224.3,79.15,99,48,87,928.6,985.9,210.6,79.14,99,44,83,925.6,832.0,2.0,2,0
1782925503.076,248.686,247.1,79.14,99,42,88,1006.4,931.2,228.6,79.15,99,44,82,1042.7,937.0,224.3,79.15,99,48,87,925.5,947.1,210.6,79.14,99,44,83,906.5,753.0,2.0,2,0
1782925503.521,249.131,246.8,79.14,99,42,87,1009.5,918.9,228.6,79.15,99,44,82,938.1,1013.0,224.3,79.15,99,47,87,929.8,874.4,210.6,79.14,99,44,83,983.5,754.1,2.0,2,0
1782925503.962,249.572,246.8,79.14,99,42,87,1088.5,882.1,228.7,79.15,99,43,82,941.1,1018.6,224.5,79.15,99,48,87,923.2,876.7,210.4,79.14,99,44,83,916.7,759.4,2.0,2,0
1782925504.412,250.022,246.7,79.14,99,42,87,925.4,970.4,228.6,79.15,99,44,82,934.6,1032.0,224.4,79.15,99,47,87,924.5,890.0,209.9,79.14,99,44,83,984.4,752.7,2.0,2,0
1782925504.854,250.464,246.7,79.14,99,42,87,924.2,869.1,228.4,79.15,99,44,82,942.3,947.3,224.2,79.15,99,48,87,1010.8,874.8,209.9,79.14,99,45,83,910.2,828.6,2.0,2,0
1782925505.294,250.904,246.9,79.14,99,42,87,1006.1,909.0,228.4,79.15,99,44,82,942.0,1024.5,224.4,79.15,99,48,87,923.0,853.8,210.1,79.14,99,44,83,912.7,759.8,2.0,2,0
1782925505.734,251.344,246.9,79.14,99,42,87,972.5,1020.4,228.4,79.15,99,43,82,945.4,1024.6,224.2,79.15,99,48,87,924.4,872.0,210.1,79.14,99,44,83,984.5,757.8,2.0,2,0
1782925506.179,251.788,247.0,79.14,99,42,87,925.5,841.3,228.3,79.15,99,44,82,1024.4,939.2,223.8,79.15,99,48,87,1005.9,891.6,209.9,79.14,99,44,83,899.7,823.8,2.0,2,0
1782925506.620,252.229,246.9,79.14,99,42,87,1009.1,880.1,228.2,79.15,99,44,82,939.0,1011.7,223.9,79.15,99,48,87,926.6,1055.9,209.9,79.14,99,44,83,908.6,755.9,2.0,2,0
1782925507.066,252.676,246.7,79.14,99,42,87,1004.8,910.6,228.2,79.15,99,44,82,935.6,1033.7,223.9,79.15,99,48,87,1007.8,990.2,209.9,79.14,99,44,83,899.7,755.8,2.0,2,0
1782925507.512,253.122,246.5,79.14,99,42,87,1009.3,867.4,228.2,79.15,99,43,82,937.5,994.0,224.1,79.15,99,48,87,924.9,869.7,209.9,79.14,99,44,83,984.6,752.6,2.0,2,0
1782925507.953,253.563,246.5,79.14,99,42,87,936.1,958.3,228.1,79.15,99,44,82,934.3,940.4,224.3,79.15,99,48,87,1006.2,874.0,209.8,79.14,99,44,83,899.3,772.0,2.0,2,0
1782925508.397,254.007,246.4,79.14,99,42,87,918.7,873.2,228.0,79.15,99,43,82,1018.5,932.8,224.2,79.15,99,48,87,927.1,976.5,210.0,79.14,99,44,83,905.8,808.5,2.0,2,0
1782925508.839,254.448,246.3,79.14,99,42,87,1004.6,898.4,227.8,79.15,99,44,82,935.7,995.1,224.0,79.15,99,47,87,926.9,1045.8,209.7,79.14,99,44,83,944.0,755.3,2.0,2,0
1782925509.285,254.894,246.4,79.14,99,42,87,1011.6,886.1,227.9,79.15,99,44,82,942.9,1017.9,223.8,79.15,99,48,87,928.2,857.7,209.5,79.14,99,44,83,984.5,753.5,2.0,2,0
1782925509.726,255.336,246.5,79.14,99,42,87,930.8,974.1,228.4,79.15,99,44,82,938.4,960.3,224.2,79.15,99,48,87,1011.8,908.2,209.4,79.14,99,44,83,903.3,833.5,2.0,2,0
1782925510.167,255.777,246.6,79.14,99,42,87,1017.5,876.4,228.4,79.15,99,44,82,1010.5,939.9,224.4,79.15,99,48,87,930.0,974.5,209.6,79.14,99,44,83,903.1,754.3,2.0,2,0
1782925510.615,256.225,246.6,79.14,99,42,87,932.6,884.9,228.5,79.15,99,44,82,1018.3,941.6,224.2,79.15,99,48,87,924.0,970.5,209.6,79.14,99,44,83,915.9,778.4,2.0,2,0
1782925511.058,256.668,246.8,79.14,99,42,87,1002.4,889.7,228.5,79.15,99,44,82,936.2,1056.1,224.2,79.15,99,48,87,934.2,902.4,209.6,79.14,99,44,83,983.5,849.2,2.0,2,0
1782925511.503,257.113,246.6,79.14,99,42,87,929.8,979.5,228.2,79.15,99,44,82,939.0,949.4,224.1,79.15,99,48,87,1023.8,875.1,209.5,79.14,99,44,83,992.0,757.4,2.0,2,0
1782925511.951,257.561,246.6,79.14,99,42,87,932.7,944.9,228.2,79.15,99,44,82,937.8,1003.6,224.1,79.15,99,48,87,928.9,878.0,209.5,79.14,99,45,83,983.4,751.5,2.0,2,0
1782925512.392,258.002,246.3,79.14,99,42,87,921.5,891.9,228.0,79.15,99,44,82,1019.8,929.0,224.3,79.15,99,48,87,927.8,977.5,209.6,79.14,99,44,83,899.8,839.5,2.0,2,0
1782925512.834,258.444,246.3,79.14,99,42,87,1003.0,894.8,227.7,79.15,99,44,82,940.8,1035.3,224.2,79.15,99,48,87,925.7,865.4,209.8,79.14,99,44,83,982.7,758.4,2.0,2,0
1782925513.277,258.887,246.3,79.14,99,42,87,995.5,875.6,227.8,79.15,99,43,82,938.4,1004.9,224.2,79.15,99,48,87,920.4,871.6,209.8,79.14,99,44,83,984.0,761.7,2.0,2,0
1782925513.720,259.330,246.1,79.14,99,42,87,949.3,950.4,227.9,79.15,99,44,82,952.9,973.2,224.2,79.15,99,48,87,1017.3,866.0,209.7,79.14,99,44,83,972.2,762.3,2.0,2,0
1782925514.165,259.775,246.2,79.14,99,42,87,927.7,888.8,228.4,79.15,99,44,82,1015.4,933.7,224.2,79.15,99,48,87,924.2,939.3,209.8,79.14,99,45,83,903.8,759.8,2.0,2,0
1782925514.607,260.217,246.4,79.14,99,42,87,1006.8,893.2,228.5,79.15,99,44,82,931.8,1014.2,224.3,79.15,99,48,87,927.6,913.3,209.8,79.14,99,45,83,1047.9,773.8,2.0,2,0
1782925515.052,260.662,246.6,79.14,99,42,87,930.7,979.2,228.5,79.15,99,44,82,934.6,942.8,224.3,79.15,99,48,87,927.6,874.3,209.7,79.14,99,44,83,984.0,755.3,2.0,2,0
1782925515.494,261.104,246.6,79.14,99,42,87,931.9,884.1,228.3,79.15,99,44,82,1015.8,933.7,224.3,79.15,99,48,87,927.9,967.1,209.7,79.14,99,45,83,902.7,748.2,2.0,2,0
1782925515.938,261.548,246.8,79.14,99,42,87,1132.5,8561.1,228.1,79.15,99,43,82,10361.2,2866.6,224.1,79.15,99,47,87,5811.2,8611.4,205.7,79.14,99,44,82,10380.3,4011.0,2.0,2,0
1782925516.380,261.990,253.0,79.14,98,51,88,5178.5,4308.2,246.0,79.15,99,51,83,9023.5,8561.2,242.7,79.15,98,48,88,9058.7,2738.3,234.6,79.14,99,47,85,6941.5,8601.3,2.0,2,0
1782925516.822,262.431,274.9,79.14,98,43,89,5180.5,4107.9,273.0,79.15,98,46,83,9984.4,8562.5,269.5,79.15,98,52,88,8562.2,1973.7,269.8,79.14,98,46,85,9310.2,8605.3,2.0,2,0
1782925517.264,262.874,296.1,79.14,99,48,89,6881.2,18632.6,282.6,79.15,98,43,84,16563.7,5928.2,278.3,79.15,99,47,89,1775.5,8367.0,266.9,79.14,98,43,85,10375.2,2206.3,2.0,2,0
1782925517.707,263.317,295.8,79.14,98,50,88,10357.3,8563.2,285.0,79.15,99,53,84,7182.2,6949.4,280.6,79.15,99,53,89,8453.7,5977.6,269.2,79.14,98,48,85,9312.1,8606.1,2.0,2,0
1782925518.151,263.761,293.8,79.14,98,40,88,5942.3,8560.0,281.8,79.15,98,46,83,10355.6,2423.0,276.4,79.15,98,45,89,6241.7,8604.4,267.7,79.14,98,48,85,9543.0,1998.2,2.0,2,0
1782925518.593,264.203,298.4,79.14,98,47,89,10355.0,8561.6,285.5,79.15,99,51,84,4452.0,4696.1,280.4,79.15,98,47,89,10375.3,8601.7,267.7,79.14,98,48,85,10378.0,7093.6,2.0,2,0
1782925519.035,264.645,293.7,79.14,99,43,88,997.5,895.6,285.5,79.15,99,51,84,940.8,1011.7,280.4,79.15,98,47,89,926.0,880.1,269.8,79.14,99,52,85,978.8,759.7,1.0,2,0
1782925519.476,265.086,293.7,79.14,99,43,88,931.2,905.7,273.0,79.15,99,42,82,1017.4,996.5,267.8,79.15,99,46,88,924.8,904.7,247.3,79.14,99,43,83,904.7,830.7,1.0,2,0
1782925519.917,265.527,270.0,79.14,99,42,88,1012.5,897.0,239.8,79.15,99,43,82,939.2,1021.7,235.6,79.15,99,46,87,931.0,873.7,219.2,79.14,99,43,83,984.0,749.2,1.0,2,0
1782925520.356,265.966,245.1,79.14,99,41,88,930.6,908.2,227.1,79.15,99,42,82,956.5,974.5,223.3,79.15,99,46,87,1014.5,884.1,208.2,79.14,99,43,83,903.2,825.0,1.0,2,0
1782925520.796,266.406,244.8,79.14,99,41,88,1009.6,906.5,226.4,79.15,99,43,82,935.6,1022.1,222.4,79.15,99,46,87,929.9,890.2,207.5,79.14,99,43,83,984.2,889.2,1.0,2,0
1782925521.240,266.849,244.6,79.14,99,41,88,933.7,970.7,226.2,79.15,99,43,82,942.4,968.9,222.1,79.15,99,46,87,1011.8,902.5,207.4,79.14,99,43,83,1018.1,762.1,1.0,2,0
1782925521.681,267.291,244.9,79.14,99,41,88,928.1,872.9,226.4,79.15,99,42,82,1107.6,935.7,222.2,79.15,99,46,87,1002.6,909.7,207.5,79.14,99,43,83,904.8,829.3,2.0,2,0
1782925522.123,267.733,244.8,79.14,99,41,88,1009.2,894.9,226.2,79.15,99,43,82,941.1,1050.9,222.3,79.15,99,46,87,928.0,889.6,207.5,79.14,99,43,83,984.7,750.1,2.0,2,0
1782925522.563,268.173,244.8,79.14,99,42,88,924.6,898.5,226.2,79.15,99,43,82,1014.5,978.2,222.3,79.15,99,46,87,934.5,913.4,207.5,79.14,99,43,83,898.2,858.6,2.0,2,0
1782925523.003,268.613,244.9,79.14,99,41,87,1004.7,880.9,226.1,79.15,99,43,82,940.8,1020.5,222.2,79.15,99,46,87,923.5,872.3,207.4,79.14,99,43,83,985.5,751.6,2.0,2,0
1782925523.443,269.052,244.9,79.14,99,41,87,929.4,885.5,226.2,79.15,99,42,82,1013.0,932.3,222.4,79.15,99,46,87,978.6,893.9,207.4,79.14,99,43,83,899.2,823.8,2.0,2,0
1782925523.882,269.492,244.8,79.14,99,41,88,1006.3,899.2,226.1,79.15,99,42,82,939.3,1079.6,222.1,79.15,99,46,87,970.6,966.0,207.3,79.14,99,43,83,898.7,752.8,2.0,2,0
1782925524.326,269.936,244.5,79.14,99,41,87,931.2,982.9,226.0,79.15,99,42,82,934.2,958.3,221.9,79.15,99,46,87,1007.2,865.3,207.5,79.14,99,43,83,899.7,830.0,2.0,2,0
1782925524.765,270.375,244.5,79.14,99,41,87,1010.7,914.6,226.1,79.15,99,43,82,1016.6,954.7,222.1,79.15,99,46,87,923.5,960.4,207.4,79.14,99,43,83,899.0,752.8,2.0,2,0
1782925525.206,270.816,244.8,79.14,99,41,87,927.5,993.3,226.0,79.15,99,42,82,938.6,945.1,221.8,79.15,99,46,87,1009.9,902.4,207.1,79.14,99,43,83,900.6,843.9,2.0,2,0
1782925525.646,271.256,244.7,79.14,99,41,87,1011.9,896.3,226.0,79.15,99,43,82,1007.3,1131.9,221.7,79.15,99,47,87,1186.8,917.4,207.1,79.14,99,44,83,988.3,756.8,2.0,2,0
1782925526.097,271.707,244.7,79.14,99,42,87,929.3,916.5,226.1,79.15,99,43,82,1017.6,990.2,222.2,79.15,99,46,87,931.1,982.8,207.1,79.14,99,44,83,900.1,814.5,2.0,2,0
1782925526.537,272.147,244.8,79.14,99,41,87,1013.7,898.0,226.1,79.15,99,43,82,931.7,1046.0,222.2,79.15,99,46,87,923.6,910.3,207.6,79.14,99,43,83,984.9,752.5,2.0,2,0
1782925526.977,272.586,244.8,79.14,99,41,87,939.9,943.4,226.2,79.15,99,43,82,1013.4,958.0,222.4,79.15,99,47,87,924.8,974.9,207.6,79.14,99,44,83,902.9,750.6,2.0,2,0
1782925527.416,273.026,244.9,79.14,99,41,87,930.0,991.1,226.0,79.15,99,43,82,939.4,1032.8,222.2,79.15,99,46,87,930.7,878.7,207.4,79.14,99,43,83,984.9,755.6,2.0,2,0
1782925527.861,273.470,244.9,79.14,99,42,87,927.0,924.2,225.9,79.15,99,43,82,937.7,943.7,222.2,79.15,99,46,87,1048.9,908.7,207.7,79.14,99,43,83,980.6,752.5,2.0,2,0
1782925528.306,273.916,245.0,79.14,99,41,87,923.9,870.1,226.2,79.15,99,42,82,999.8,952.4,222.4,79.15,99,46,87,1008.2,891.0,208.0,79.14,99,43,83,900.9,824.3,2.0,2,0
1782925528.747,274.356,244.9,79.14,99,41,87,1033.1,923.8,225.9,79.15,99,43,82,1012.9,962.4,222.2,79.15,99,46,87,924.8,973.0,207.7,79.14,99,43,83,904.0,760.4,2.0,2,0
1782925529.190,274.800,244.8,79.14,99,42,87,924.5,951.1,225.4,79.15,99,43,82,936.4,951.3,221.6,79.15,99,46,87,1005.0,894.5,207.5,79.14,99,43,83,902.7,761.8,2.0,2,0
1782925529.631,275.241,244.8,79.14,99,41,87,925.9,884.2,225.5,79.15,99,43,82,1011.6,936.0,221.5,79.15,99,47,87,933.2,1049.6,207.4,79.14,99,44,83,925.2,837.9,2.0,2,0
1782925530.077,275.687,245.0,79.14,99,42,87,941.2,879.9,225.5,79.15,99,43,82,1022.4,975.5,221.5,79.15,99,47,87,930.6,948.2,207.4,79.14,99,44,83,903.8,760.3,2.0,2,0
1782925530.520,276.129,245.1,79.14,99,41,87,932.1,977.2,225.9,79.15,99,43,82,942.9,1017.5,221.6,79.15,99,47,87,927.7,878.2,207.8,79.14,99,43,83,983.5,759.0,2.0,2,0
1782925530.960,276.570,245.1,79.14,99,41,87,932.1,899.5,225.8,79.15,99,43,82,1014.4,963.8,221.4,79.15,99,46,87,924.1,964.8,207.7,79.14,99,44,83,904.0,750.5,2.0,2,0
1782925531.401,277.011,244.7,79.14,99,41,87,1008.9,880.7,225.6,79.15,99,43,82,935.9,1016.5,221.3,79.15,99,46,87,972.7,1028.8,207.5,79.14,99,43,83,917.7,753.6,2.0,2,0
1782925531.847,277.457,244.3,79.14,99,41,87,924.2,949.3,225.8,79.15,99,43,82,932.5,958.1,221.6,79.15,99,46,87,941.2,859.1,207.4,79.14,99,44,83,999.7,756.0,2.0,2,0
1782925532.288,277.898,244.5,79.14,99,41,87,929.0,906.9,225.5,79.15,99,43,82,1018.6,943.7,221.6,79.15,99,46,87,920.2,955.2,207.2,79.14,99,43,83,898.4,749.9,2.0,2,0
1782925532.729,278.339,244.9,79.14,99,41,87,1013.3,932.0,225.4,79.15,99,43,82,1026.0,963.5,221.8,79.15,99,46,87,926.4,943.6,207.1,79.14,99,43,83,899.9,753.3,2.0,2,0
1782925533.176,278.786,244.8,79.14,99,42,87,998.4,916.8,226.0,79.15,99,43,81,933.1,1015.8,222.1,79.15,99,47,87,923.9,884.4,207.6,79.14,99,44,83,978.5,751.5,2.0,2,0
1782925533.618,279.227,245.0,79.14,99,41,87,922.5,866.6,226.2,79.15,99,43,81,1016.3,950.1,221.9,79.15,99,46,87,1018.6,1062.0,207.6,79.14,99,44,83,991.6,761.9,2.0,2,0
1782925534.064,279.674,244.8,79.14,99,41,87,926.0,890.6,226.2,79.15,99,43,81,1019.9,947.9,221.9,79.15,99,46,87,928.3,957.4,207.3,79.14,99,43,83,901.0,751.1,2.0,2,0
1782925534.505,280.115,244.4,79.14,99,41,87,1015.0,893.8,226.1,79.15,99,43,81,937.9,1011.3,221.7,79.15,99,46,87,921.3,896.8,206.9,79.14,99,43,83,980.4,475.1,2.0,2,0
1782925534.971,280.581,244.4,79.14,99,41,87,10356.6,6498.0,225.8,79.15,99,43,81,2564.2,7690.3,221.6,79.15,99,47,87,10378.5,6936.2,206.4,79.14,99,44,83,6254.6,5975.6,2.0,2,0
1782925535.416,281.026,253.1,79.14,99,54,89,2887.5,8542.8,249.1,79.15,98,44,83,10356.5,8014.1,245.1,79.15,98,46,89,2793.7,6453.3,238.1,79.14,98,44,84,10385.1,8605.1,2.0,2,0
1782925535.858,281.468,275.4,79.14,99,47,89,5179.3,8562.0,271.8,79.15,98,52,83,10357.5,4285.7,272.8,79.15,98,50,89,5187.9,8607.4,269.8,79.14,98,51,85,10381.0,5024.5,2.0,2,0
1782925536.300,281.910,296.3,79.14,98,49,89,10355.3,7850.7,283.2,79.15,98,43,83,1.9,8566.2,278.2,79.15,98,44,89,10379.1,295.5,268.1,79.14,98,42,84,8910.3,8614.7,2.0,2,0
1782925536.742,282.352,296.1,79.14,99,56,89,10358.3,5537.4,284.9,79.15,99,52,83,7728.5,6205.4,280.8,79.15,98,47,89,6821.8,8601.4,269.2,79.14,99,50,85,10376.1,8606.6,2.0,2,0
1782925537.184,282.794,292.6,79.14,98,42,89,10355.3,4305.6,280.6,79.15,98,44,84,3972.7,8562.3,277.5,79.15,99,49,89,10376.0,6930.5,267.1,79.14,98,45,85,2677.3,7167.7,2.0,2,0
1782925537.625,283.235,295.4,79.14,99,47,89,8583.0,5696.2,282.0,79.15,98,45,83,10357.1,8562.3,277.7,79.15,98,44,89,10374.9,8599.4,264.9,79.14,98,43,85,10381.7,5096.6,1.0,1,0
1782925538.074,283.684,287.6,79.14,99,41,88,936.0,995.2,282.0,79.15,98,45,83,941.7,943.4,277.7,79.15,98,44,89,1014.7,898.2,264.9,79.14,98,43,85,898.1,778.1,1.0,1,0
1782925538.516,284.125,264.4,79.14,99,41,88,929.0,886.0,263.5,79.15,99,43,82,1023.6,976.4,258.1,79.15,99,46,88,923.9,975.9,241.3,79.14,99,43,83,905.8,759.9,1.0,2,0
1782925538.956,284.566,264.4,79.14,99,41,88,1007.4,921.2,233.9,79.15,99,43,82,939.4,1012.5,230.0,79.15,99,46,87,922.6,869.7,210.1,79.14,99,43,83,980.7,760.9,1.0,2,0
1782925539.397,285.007,245.4,79.14,99,41,88,927.0,956.4,226.6,79.15,99,43,82,943.2,966.8,222.5,79.15,99,46,87,1005.7,866.3,207.9,79.14,99,43,83,900.5,835.6,1.0,2,0
1782925539.839,285.448,245.2,79.14,99,41,88,1015.0,921.8,226.2,79.15,99,43,82,934.0,984.1,222.6,79.15,99,46,87,924.4,1065.6,207.6,79.14,99,43,83,981.7,837.6,1.0,2,0
1782925540.285,285.895,245.3,79.14,99,41,88,1010.3,881.2,226.0,79.15,99,42,82,943.3,1040.4,222.4,79.15,99,46,87,927.1,871.0,207.5,79.14,99,43,83,992.3,753.2,2.0,2,0
1782925540.727,286.337,245.2,79.14,99,41,88,934.4,967.5,225.7,79.15,99,43,82,955.3,954.0,222.1,79.15,99,46,87,1008.5,904.5,207.5,79.14,99,43,83,898.2,773.1,2.0,2,0
1782925541.168,286.778,245.2,79.14,99,42,88,930.3,910.8,225.8,79.15,99,42,82,1018.8,953.0,222.2,79.15,99,46,87,930.2,959.9,207.5,79.14,99,43,83,905.3,754.9,2.0,2,0
1782925541.607,287.217,245.2,79.14,99,41,88,928.1,967.7,225.9,79.15,99,43,82,969.3,1027.9,222.5,79.15,99,46,87,929.7,886.4,207.5,79.14,99,43,83,1100.5,780.4,2.0,2,0
1782925542.052,287.662,245.1,79.14,99,42,88,924.8,980.1,225.9,79.15,99,43,82,935.2,938.4,222.5,79.15,99,46,87,1011.2,912.6,207.5,79.14,99,43,83,900.2,831.1,2.0,2,0
1782925542.492,288.102,245.1,79.14,99,42,88,1008.5,896.1,225.9,79.15,99,43,82,936.7,1027.2,222.8,79.15,99,46,87,925.9,893.2,207.5,79.14,99,43,83,914.8,750.6,2.0,2,0
1782925542.931,288.541,245.3,79.14,99,41,88,929.5,954.6,225.8,79.15,99,43,82,962.8,968.8,222.6,79.15,99,46,87,1006.7,879.3,207.4,79.14,99,43,83,903.6,822.9,2.0,2,0
1782925543.373,288.983,245.1,79.14,99,41,88,1024.8,937.2,225.6,79.15,99,43,82,1012.3,971.1,222.3,79.15,99,46,87,919.0,942.0,207.0,79.14,99,44,83,899.6,751.9,2.0,2,0
1782925543.813,289.423,245.0,79.14,99,41,88,929.7,941.0,225.7,79.15,99,43,82,941.1,973.1,222.4,79.15,99,46,87,1009.3,869.6,207.1,79.14,99,43,83,899.7,825.7,2.0,2,0
1782925544.253,289.862,245.0,79.14,99,41,87,1008.2,871.1,225.7,79.15,99,42,82,971.4,965.2,222.2,79.15,99,46,87,929.8,979.1,207.2,79.14,99,43,83,902.8,758.6,2.0,2,0
1782925544.692,290.302,244.6,79.14,99,41,88,924.4,955.5,225.5,79.15,99,43,82,973.4,1088.6,221.8,79.15,99,46,87,932.8,882.3,207.3,79.14,99,44,83,984.2,760.6,2.0,2,0
1782925545.137,290.747,244.8,79.14,99,41,87,930.3,894.3,225.6,79.15,99,43,82,1014.1,961.3,221.7,79.15,99,46,87,916.6,911.9,207.5,79.14,99,44,83,903.2,824.0,2.0,2,0
1782925545.580,291.190,245.0,79.14,99,41,87,1005.0,884.8,225.6,79.15,99,43,82,1012.6,973.0,221.7,79.15,99,46,87,929.1,1004.5,207.5,79.14,99,44,83,945.3,834.5,2.0,2,0
1782925546.027,291.637,245.3,79.14,99,42,88,1006.0,881.8,225.7,79.15,99,43,82,937.8,1004.6,221.9,79.15,99,46,87,922.5,962.6,207.6,79.14,99,44,83,898.9,759.9,2.0,2,0
1782925546.469,292.078,245.3,79.14,99,42,88,929.3,984.5,225.7,79.15,99,43,82,935.6,928.5,222.1,79.15,99,46,87,1005.4,870.4,207.8,79.14,99,43,83,942.1,776.0,2.0,2,0
1782925546.910,292.520,245.3,79.14,99,41,87,928.3,901.1,225.8,79.15,99,43,82,1044.2,961.5,222.2,79.15,99,46,87,923.1,961.1,207.9,79.14,99,43,83,904.9,810.1,2.0,2,0
1782925547.351,292.961,245.1,79.14,99,41,87,1011.3,915.0,225.4,79.15,99,43,82,935.9,1016.9,221.9,79.15,99,46,87,931.7,885.2,207.4,79.14,99,43,83,983.9,754.1,2.0,2,0
1782925548.240,293.850,244.5,79.14,99,41,87,929.6,945.4,225.5,79.15,99,43,82,935.6,962.2,221.6,79.15,99,46,87,1014.4,902.4,207.1,79.14,99,43,83,900.8,831.0,2.0,2,0
1782925548.682,294.292,244.8,79.14,99,41,87,1009.9,914.8,225.6,79.15,99,43,81,1136.1,959.1,221.8,79.15,99,46,87,925.2,995.7,207.1,79.14,99,43,83,898.2,753.7,2.0,2,0
1782925549.126,294.736,244.9,79.14,99,41,87,988.9,896.5,225.4,79.15,99,43,81,939.5,1030.5,221.7,79.15,99,46,87,926.3,903.2,207.1,79.14,99,43,83,986.3,757.2,2.0,2,0
1782925549.567,295.177,244.9,79.14,99,41,87,925.5,863.4,225.4,79.15,99,43,81,1016.5,964.0,221.7,79.15,99,46,87,919.5,913.3,207.1,79.14,99,43,83,898.5,825.6,2.0,2,0
1782925550.009,295.618,244.8,79.14,99,41,87,1002.9,876.0,225.3,79.15,99,43,82,936.1,1023.5,221.8,79.15,99,46,87,924.7,865.7,206.9,79.14,99,44,83,986.0,749.7,2.0,2,0
1782925550.448,296.058,244.8,79.14,99,41,87,930.1,891.8,225.6,79.15,99,43,81,943.5,916.7,221.9,79.15,99,47,87,1006.9,887.3,207.1,79.14,99,43,83,903.9,824.8,2.0,2,0
1782925550.888,296.497,244.8,79.14,99,41,87,1003.1,891.4,225.9,79.15,99,42,81,935.7,1024.5,222.0,79.15,99,46,87,971.0,850.3,207.2,79.14,99,43,83,914.5,757.4,2.0,2,0
1782925551.330,296.940,244.8,79.14,99,41,87,929.7,971.3,225.7,79.15,99,43,81,944.9,959.6,222.0,79.15,99,46,87,1003.7,897.2,206.7,79.14,99,43,83,903.5,824.5,2.0,2,0
1782925551.771,297.381,244.6,79.14,99,41,87,943.1,912.4,225.3,79.15,99,43,81,1072.8,955.1,221.9,79.15,99,46,87,1002.0,894.1,206.5,79.14,99,43,83,899.6,827.8,2.0,2,0
1782925552.216,297.826,244.3,79.14,99,41,87,1008.4,895.3,225.3,79.15,99,43,81,935.1,995.8,222.2,79.15,99,46,87,930.7,887.8,206.6,79.14,99,43,83,984.6,751.2,2.0,2,0
1782925552.657,298.267,244.4,79.14,99,41,87,929.0,958.2,225.4,79.15,99,43,81,932.3,952.2,221.9,79.15,99,46,87,1021.1,913.4,206.7,79.14,99,43,83,904.3,829.7,2.0,2,0
1782925553.100,298.710,244.4,79.14,99,41,87,922.1,904.0,225.4,79.15,99,43,81,1011.0,937.7,221.6,79.15,99,46,87,929.8,976.2,206.7,79.14,99,43,83,904.0,748.1,2.0,2,0
1782925553.541,299.151,244.8,79.14,99,42,87,929.5,967.2,225.4,79.15,99,43,81,504.2,5593.8,221.6,79.15,99,46,87,21941.7,8839.9,206.8,79.14,99,43,83,10375.9,4104.4,2.0,2,0
1782925553.983,299.592,244.8,79.14,99,42,87,5942.5,3390.5,222.8,79.15,75,29,81,9870.9,8561.1,218.8,79.15,75,28,87,10377.1,8603.8,210.2,79.14,99,53,84,8890.2,5379.5,2.0,2,0
1782925554.424,300.034,256.8,79.14,99,55,89,10355.3,8561.7,252.5,79.15,98,40,83,5184.3,4280.9,246.2,79.15,98,44,89,10375.6,8603.3,238.6,79.14,98,41,84,5193.7,4302.1,2.0,2,0
1782925554.871,300.480,277.6,79.14,98,44,88,10354.7,8561.8,275.4,79.15,98,49,83,5181.6,4281.6,279.6,79.15,98,47,89,10377.8,8605.3,269.8,79.14,98,49,85,8889.4,5481.5,2.0,2,0
1782925555.313,300.923,295.7,79.14,98,46,88,354.0,8561.6,282.4,79.15,98,43,83,10354.0,2245.2,279.7,79.15,98,42,89,6332.2,8604.1,267.4,79.14,96,31,84,7984.2,2088.9,2.0,2,0
1782925555.756,301.366,296.1,79.14,99,52,89,10361.0,8562.4,285.6,79.15,98,43,83,10357.4,5499.6,280.0,79.15,98,45,89,4632.0,6567.5,268.4,79.14,98,43,85,10384.3,8606.7,2.0,2,0
1782925556.204,301.814,293.7,79.14,99,47,89,5178.2,4283.8,281.8,79.15,98,49,83,10357.3,8560.4,277.8,79.15,99,53,88,5190.2,4302.7,268.6,79.14,99,50,85,10377.7,8603.1,2.0,2,0
1782925556.650,302.260,296.6,79.14,99,51,89,10364.1,8563.4,283.1,79.15,98,43,83,10354.8,5217.7,279.6,79.15,98,45,89,7122.4,924.7,268.5,79.14,98,41,85,1009.1,756.4,1.0,1,0
1782925557.097,302.706,288.7,79.14,99,42,88,930.3,877.1,265.6,79.15,99,44,82,1022.3,966.5,259.5,79.15,99,48,88,926.0,891.6,268.5,79.14,98,41,85,898.1,835.9,1.0,2,0
1782925557.538,303.148,263.0,79.14,99,42,88,1009.7,874.5,265.6,79.15,99,44,82,943.3,996.7,259.5,79.15,99,48,88,925.0,865.5,239.3,79.14,99,44,83,999.8,757.1,1.0,2,0
1782925557.979,303.589,263.0,79.14,99,42,88,929.1,979.3,234.9,79.15,99,43,82,937.6,945.5,234.4,79.15,99,48,87,1010.5,892.8,210.7,79.14,99,44,83,904.2,825.7,1.0,2,0
1782925558.420,304.029,248.1,79.14,99,42,88,928.1,891.3,228.3,79.15,99,44,82,1017.7,968.4,224.8,79.15,99,47,87,926.4,962.2,210.5,79.14,99,44,83,902.0,749.4,1.0,2,0
1782925558.864,304.473,247.8,79.14,99,42,88,1013.0,889.6,228.2,79.15,99,44,82,938.6,998.9,225.1,79.15,99,48,87,933.2,915.0,210.5,79.14,99,44,83,902.4,750.4,1.0,2,0
1782925559.307,304.917,247.9,79.14,99,42,88,930.2,953.9,228.3,79.15,99,43,82,940.1,986.1,225.2,79.15,99,47,87,927.3,895.5,210.3,79.14,99,44,83,984.1,758.8,2.0,2,0
1782925559.748,305.358,247.9,79.14,99,42,88,957.5,904.1,228.3,79.15,99,44,82,939.9,955.9,225.1,79.15,99,48,87,1013.0,885.9,210.3,79.14,99,44,83,904.8,832.6,2.0,2,0
1782925560.190,305.800,248.2,79.14,99,42,88,1007.7,912.0,228.3,79.15,99,43,82,943.6,1045.3,225.0,79.15,99,48,87,927.0,975.7,210.4,79.14,99,44,83,903.3,755.0,2.0,2,0
1782925560.634,306.244,248.1,79.14,99,42,88,995.2,896.2,228.3,79.15,99,44,82,934.8,1003.5,225.1,79.15,99,48,87,930.1,948.5,210.3,79.14,99,45,83,1000.1,756.7,2.0,2,0
1782925561.079,306.689,247.8,79.14,99,42,88,929.2,929.1,228.3,79.15,99,44,82,947.6,956.9,225.1,79.15,99,48,87,1026.3,896.0,210.3,79.14,99,45,83,982.8,769.5,2.0,2,0
1782925561.522,307.132,247.8,79.14,99,42,88,921.2,869.6,228.2,79.15,99,44,82,949.2,948.9,224.8,79.15,99,48,87,1009.0,874.2,210.2,79.14,99,44,83,899.8,831.7,2.0,2,0
1782925561.963,307.573,247.8,79.14,99,42,88,955.4,915.5,228.3,79.15,99,44,82,1026.4,933.3,225.0,79.15,99,48,87,929.4,969.5,210.1,79.14,99,44,83,903.3,748.9,2.0,2,0
1782925562.408,308.018,247.8,79.14,99,42,88,1007.4,877.0,228.3,79.15,99,44,82,937.1,1008.0,225.0,79.15,99,48,87,922.1,890.8,210.1,79.14,99,44,83,984.7,764.4,2.0,2,0
1782925562.848,308.458,248.2,79.14,99,42,88,924.9,894.9,228.3,79.15,99,44,82,954.2,971.2,224.9,79.15,99,48,87,1005.9,886.4,210.2,79.14,99,44,83,904.3,833.4,2.0,2,0
1782925563.290,308.900,248.0,79.14,99,42,88,1006.5,890.0,228.1,79.15,99,44,82,1008.9,941.3,225.0,79.15,99,48,87,927.8,952.1,210.1,79.14,99,44,83,901.0,761.4,2.0,2,0
1782925563.731,309.341,247.7,79.14,99,42,88,928.6,1124.5,227.9,79.15,99,43,82,1025.6,964.1,225.1,79.15,99,48,87,924.6,949.6,210.0,79.14,99,44,83,899.1,762.8,2.0,2,0
1782925564.182,309.792,247.7,79.14,99,42,88,1008.3,875.8,227.9,79.15,99,44,82,935.9,1028.2,225.3,79.15,99,48,87,929.0,875.9,210.1,79.14,99,45,83,983.6,752.5,2.0,2,0
1782925564.624,310.234,247.9,79.14,99,42,88,929.9,948.7,228.0,79.15,99,43,82,940.8,957.1,224.9,79.15,99,48,87,1135.1,864.8,210.1,79.14,99,45,83,1047.0,785.1,2.0,2,0
1782925565.070,310.680,247.7,79.14,99,42,88,929.3,982.7,228.0,79.15,99,43,82,937.5,924.3,224.9,79.15,99,48,87,1007.0,872.4,210.1,79.14,99,44,83,899.9,823.1,2.0,2,0
1782925565.512,311.122,247.4,79.14,99,42,88,928.4,887.6,228.0,79.15,99,44,82,1018.9,981.0,224.6,79.15,99,48,87,927.3,964.0,210.0,79.14,99,44,83,903.5,759.5,2.0,2,0
1782925565.954,311.564,247.4,79.14,99,42,88,1003.6,908.7,228.2,79.15,99,44,82,938.5,1061.8,224.6,79.15,99,48,87,935.1,947.6,209.9,79.14,99,44,83,899.9,752.7,2.0,2,0
1782925566.397,312.007,247.4,79.14,99,42,88,923.2,949.5,228.2,79.15,99,43,82,938.6,944.3,224.6,79.15,99,48,87,1010.1,895.6,209.9,79.14,99,44,83,903.6,830.4,2.0,2,0
1782925566.836,312.446,247.3,79.14,99,42,88,1006.5,901.0,227.9,79.15,99,44,82,939.8,1009.9,224.4,79.15,99,48,87,930.6,892.0,209.6,79.14,99,44,83,917.2,759.0,2.0,2,0
1782925567.277,312.887,247.4,79.14,99,42,88,928.6,984.4,227.9,79.15,99,43,82,941.4,937.3,224.5,79.15,99,48,87,1011.0,884.4,209.5,79.14,99,44,83,903.2,827.1,2.0,2,0
1782925567.717,313.326,246.9,79.14,99,42,88,1019.4,938.4,227.9,79.15,99,44,82,1037.0,945.7,224.8,79.15,99,48,87,927.1,959.8,209.8,79.14,99,44,83,905.1,758.2,2.0,2,0
1782925568.159,313.769,247.0,79.14,99,42,88,1001.8,901.4,228.1,79.15,99,43,81,938.9,998.4,225.0,79.15,99,48,87,931.1,878.3,210.1,79.14,99,44,83,981.7,753.6,2.0,2,0
1782925568.600,314.210,247.4,79.14,99,42,88,925.4,898.8,227.9,79.15,99,44,82,1017.1,931.3,225.0,79.15,99,48,87,924.5,976.5,210.1,79.14,99,44,83,949.0,843.3,2.0,2,0
1782925569.041,314.651,247.5,79.14,99,43,88,1007.0,912.0,227.9,79.15,99,44,82,944.0,1027.8,225.0,79.15,99,48,87,928.0,892.0,210.1,79.14,99,45,83,983.4,753.3,2.0,2,0
1782925569.481,315.091,247.5,79.14,99,43,88,926.6,951.5,227.9,79.15,99,44,82,935.2,956.3,225.1,79.15,99,48,87,1008.1,870.7,209.9,79.14,99,44,83,899.0,823.0,2.0,2,0
1782925569.921,315.531,247.5,79.14,99,42,87,1001.4,1067.6,228.1,79.15,99,43,81,1095.4,955.2,225.0,79.15,99,48,87,1009.1,886.6,210.0,79.14,99,44,83,905.2,862.1,2.0,2,0
1782925570.370,315.980,247.5,79.14,99,42,88,1006.1,881.9,227.9,79.15,99,44,82,1006.0,957.5,224.8,79.15,99,48,87,931.5,943.9,210.0,79.14,99,45,83,902.7,753.1,2.0,2,0
1782925570.809,316.419,247.4,79.14,99,42,88,925.4,953.1,228.1,79.15,99,44,81,936.7,937.9,224.7,79.15,99,48,87,1011.3,879.0,210.3,79.14,99,44,83,903.9,833.1,2.0,2,0
1782925571.248,316.858,247.3,79.14,99,42,87,1004.3,886.5,228.2,79.15,99,44,82,940.6,1026.1,224.6,79.15,99,48,87,921.4,964.3,210.3,79.14,99,45,83,900.8,752.3,2.0,2,0
1782925571.689,317.299,247.2,79.14,99,43,88,923.9,1070.8,228.0,79.15,99,44,81,936.7,1047.0,224.6,79.15,99,48,87,935.8,914.6,210.3,79.14,99,44,83,983.3,750.9,2.0,2,0
1782925572.137,317.747,247.2,79.14,99,42,87,921.2,941.7,228.1,79.15,99,44,81,944.0,948.6,224.7,79.15,99,48,87,1011.0,874.0,210.4,79.14,99,45,83,972.7,757.6,2.0,2,0
1782925572.579,318.189,247.2,79.14,99,42,88,20385.8,1280.9,228.1,79.15,99,44,81,7892.4,8562.7,224.7,79.15,99,48,87,5187.5,4301.8,210.4,79.14,99,45,83,10377.7,8616.0,2.0,2,0
1782925573.027,318.637,263.3,79.14,99,52,89,6797.7,7255.1,227.7,79.15,83,25,82,8448.7,5709.6,223.9,79.15,83,28,87,10376.1,8605.3,218.7,79.14,98,52,84,10378.8,8602.8,2.0,2,0
1782925573.469,319.079,263.3,79.14,99,52,89,10278.4,1701.3,254.1,79.15,98,43,83,7076.0,8565.0,251.1,79.15,98,43,88,8388.1,2706.6,246.5,79.14,98,42,84,7871.4,8604.0,2.0,2,0
1782925573.911,319.521,281.8,79.14,98,44,89,5177.3,4285.3,280.1,79.15,98,49,83,10360.9,8565.8,276.5,79.15,98,48,89,10375.1,8004.9,270.5,79.14,98,49,85,5528.2,5777.5,2.0,2,0
1782925574.354,319.964,296.0,79.14,98,45,89,5180.3,4281.2,284.7,79.15,98,42,83,10359.1,7940.4,281.0,79.15,97,43,89,3440.3,5709.5,268.9,79.14,98,49,85,10377.0,8604.6,2.0,2,0
1782925574.795,320.405,297.4,79.14,98,48,89,10358.5,4519.5,285.5,79.15,98,43,83,3732.0,8568.6,280.9,79.15,98,43,89,10377.7,5339.8,267.9,79.14,98,42,85,6098.2,5738.2,2.0,2,0
1782925575.238,320.847,292.8,79.14,99,49,90,10354.6,4282.7,282.4,79.15,99,50,83,5025.8,8563.9,279.0,79.15,99,53,89,10375.1,4784.3,270.5,79.14,98,49,85,3431.8,8601.9,2.0,2,0
1782925575.679,321.289,295.8,79.14,99,51,90,5579.7,907.0,282.9,79.15,98,42,84,1028.2,970.1,278.8,79.15,98,44,89,935.0,1010.8,265.8,79.14,99,44,84,908.2,844.4,1.0,1,0
1782925576.125,321.735,284.8,79.14,99,42,88,929.2,979.5,259.9,79.15,99,44,82,946.1,943.1,256.2,79.15,99,48,88,1008.7,864.0,265.8,79.14,99,44,84,906.2,828.7,1.0,2,0
1782925576.574,322.183,262.8,79.14,99,42,88,930.6,895.2,259.9,79.15,99,44,82,1038.9,982.9,256.2,79.15,99,48,88,1011.0,879.1,235.6,79.14,99,45,83,903.2,841.6,1.0,2,0
1782925577.015,322.625,248.1,79.14,99,42,88,1005.2,896.3,236.0,79.15,99,44,82,929.2,1035.4,229.7,79.15,99,48,88,924.9,863.1,212.0,79.14,99,45,83,909.9,754.3,1.0,2,0
1782925577.456,323.066,248.1,79.14,99,42,88,930.8,945.2,229.7,79.15,99,44,82,931.5,964.2,226.7,79.15,99,48,87,1010.2,885.6,211.9,79.14,99,45,83,972.4,757.6,1.0,2,0
1782925577.898,323.508,248.5,79.14,99,43,88,924.4,881.2,230.1,79.15,99,44,82,1018.2,959.7,226.6,79.15,99,49,87,991.1,864.2,211.9,79.14,99,45,83,903.6,833.5,1.0,2,0
1782925578.341,323.950,248.9,79.14,99,43,88,1024.6,894.2,230.2,79.15,99,44,82,1029.2,975.0,226.9,79.15,99,48,87,925.3,958.2,211.9,79.14,99,45,83,905.4,754.7,2.0,2,0
1782925578.782,324.392,249.0,79.14,99,43,88,1012.7,878.1,230.3,79.15,99,44,82,938.0,996.5,227.0,79.15,99,49,87,929.0,883.2,211.8,79.14,99,45,83,981.8,753.2,2.0,2,0
1782925579.226,324.836,249.1,79.14,99,42,88,932.4,977.7,230.3,79.15,99,44,82,943.3,973.1,227.1,79.15,99,48,87,1012.0,862.0,211.9,79.14,99,45,83,906.5,844.1,2.0,2,0
1782925579.673,325.282,248.9,79.14,99,42,88,933.1,974.6,229.8,79.15,99,44,82,939.2,966.1,226.7,79.15,99,48,87,997.0,869.0,211.4,79.14,99,45,83,984.5,756.2,2.0,2,0
1782925580.116,325.726,248.9,79.14,99,42,88,929.0,879.0,229.7,79.15,99,44,82,957.5,958.2,226.6,79.15,99,48,87,1010.1,896.5,211.4,79.14,99,45,83,909.8,833.1,2.0,2,0
1782925580.560,326.170,248.9,79.14,99,43,88,934.7,887.5,229.7,79.15,99,44,82,1015.7,954.7,226.6,79.15,99,48,87,931.0,953.0,211.3,79.14,99,45,83,905.0,756.4,2.0,2,0
1782925581.001,326.611,248.9,79.14,99,43,88,1015.8,919.2,230.1,79.15,99,44,82,942.7,1010.8,226.6,79.15,99,49,87,924.7,902.9,211.7,79.14,99,45,83,983.0,752.0,2.0,2,0
1782925581.445,327.055,249.0,79.14,99,43,88,932.5,961.3,230.3,79.15,99,44,82,937.8,951.7,226.5,79.15,99,48,87,1023.3,894.6,211.7,79.14,99,45,83,993.4,758.9,2.0,2,0
1782925581.890,327.500,248.9,79.14,99,43,88,923.6,962.7,230.1,79.15,99,44,82,939.7,970.0,226.7,79.15,99,48,87,1014.2,899.3,211.8,79.14,99,45,83,903.1,834.2,2.0,2,0
1782925582.332,327.942,249.0,79.14,99,43,88,932.7,890.1,230.0,79.15,99,44,82,1013.3,945.3,226.9,79.15,99,49,87,925.1,968.5,211.7,79.14,99,44,83,909.0,759.7,2.0,2,0
1782925582.774,328.384,248.7,79.14,99,42,88,1012.6,897.0,229.7,79.15,99,44,82,935.6,1020.1,226.6,79.15,99,48,87,931.0,910.7,211.4,79.14,99,45,83,984.2,752.5,2.0,2,0
1782925583.216,328.826,248.6,79.14,99,42,88,928.0,960.2,229.7,79.15,99,44,82,935.0,962.9,226.3,79.15,99,49,87,1010.0,858.1,211.5,79.14,99,45,83,898.1,782.0,2.0,2,0
1782925583.657,329.267,248.7,79.14,99,43,88,933.5,882.4,229.9,79.15,99,44,82,1018.2,940.2,226.4,79.15,99,49,87,928.1,959.3,211.8,79.14,99,45,83,958.5,838.7,2.0,2,0
1782925584.103,329.713,248.9,79.14,99,43,88,931.5,868.5,230.0,79.15,99,44,82,1013.0,940.0,226.1,79.15,99,49,87,917.6,948.7,211.8,79.14,99,45,83,899.0,761.0,2.0,2,0
1782925584.544,330.154,249.3,79.14,99,43,88,1006.3,918.1,230.0,79.15,99,44,82,943.0,1008.3,226.1,79.15,99,49,87,926.3,876.9,211.7,79.14,99,45,83,986.2,759.9,2.0,2,0
1782925584.985,330.595,249.3,79.14,99,43,88,936.4,943.1,229.9,79.15,99,44,82,938.2,963.1,225.9,79.15,99,49,87,1010.9,866.7,211.5,79.14,99,45,83,904.1,827.5,2.0,2,0
1782925585.426,331.036,249.4,79.14,99,43,88,935.6,886.5,229.7,79.15,99,44,82,1015.2,951.7,225.7,79.15,99,48,87,930.6,950.3,211.4,79.14,99,45,83,905.4,760.6,2.0,2,0
1782925585.868,331.478,249.1,79.14,99,43,88,993.3,904.0,229.9,79.15,99,44,82,935.9,1008.1,225.7,79.15,99,48,87,932.6,899.9,211.3,79.14,99,45,83,982.3,754.3,2.0,2,0
1782925586.310,331.920,249.1,79.14,99,43,88,984.0,967.2,230.0,79.15,99,44,82,936.6,944.5,225.7,79.15,99,49,87,931.8,888.9,211.4,79.14,99,45,83,982.8,764.3,2.0,2,0
1782925586.762,332.372,249.1,79.14,99,43,88,1030.0,942.4,229.8,79.15,99,44,82,937.2,991.0,225.7,79.15,99,48,87,929.8,890.5,211.4,79.14,99,45,83,982.2,755.4,2.0,2,0
1782925587.204,332.814,249.3,79.14,99,43,88,934.0,936.6,229.6,79.15,99,44,82,935.5,943.5,225.7,79.15,99,48,87,1007.4,884.6,211.4,79.14,99,45,83,904.3,830.6,2.0,2,0
1782925587.645,333.255,249.5,79.14,99,43,88,933.6,866.9,229.5,79.15,99,44,82,1018.7,1084.0,225.7,79.15,99,49,87,1093.6,944.0,211.6,79.14,99,45,83,990.9,764.5,2.0,2,0
1782925588.098,333.707,249.3,79.14,99,43,88,929.5,929.4,229.5,79.15,99,44,82,942.8,955.5,225.6,79.15,99,48,87,1014.3,870.7,211.6,79.14,99,45,83,903.7,828.9,2.0,2,0
1782925588.544,334.154,249.3,79.14,99,43,88,920.7,943.3,229.5,79.15,99,44,82,940.8,959.1,225.6,79.15,99,48,87,1007.4,891.3,211.7,79.14,99,45,83,907.8,843.6,2.0,2,0
1782925588.985,334.595,249.3,79.14,99,43,88,1025.6,894.2,229.5,79.15,99,44,81,1009.2,931.5,225.6,79.15,99,49,87,925.8,984.6,211.5,79.14,99,45,83,899.1,756.5,2.0,2,0
1782925589.427,335.037,248.9,79.14,99,42,88,928.6,965.8,229.2,79.15,99,44,82,940.3,984.9,225.3,79.15,99,48,87,930.8,901.0,211.0,79.14,99,45,83,982.3,754.2,2.0,2,0
1782925589.871,335.481,248.6,79.14,99,43,88,921.6,945.5,229.5,79.15,99,44,82,932.5,941.3,225.3,79.15,99,49,87,1033.3,891.0,210.8,79.14,99,44,83,894.3,761.2,2.0,2,0
1782925590.317,335.927,248.8,79.14,99,43,88,935.0,990.7,229.5,79.15,99,44,82,964.2,1028.9,225.0,79.15,99,49,87,922.6,897.3,210.8,79.14,99,45,83,1003.5,756.4,2.0,2,0
1782925590.763,336.373,249.4,79.14,99,43,88,948.8,1006.2,229.4,79.15,99,44,81,935.4,992.0,224.9,79.15,99,49,87,926.7,877.0,210.9,79.14,99,45,83,983.7,756.7,2.0,2,0
1782925591.210,336.820,249.4,79.14,99,43,88,925.5,889.5,229.6,79.15,99,44,81,1017.2,952.2,225.5,79.15,99,49,87,989.7,870.0,211.1,79.14,99,45,83,903.7,833.8,2.0,2,0
1782925591.653,337.262,248.8,79.14,99,43,88,5179.4,4115.7,233.0,79.15,98,57,82,10359.8,8564.2,229.9,79.15,99,58,88,5196.5,4306.9,223.3,79.14,99,55,85,10393.5,8621.5,0.0,2,0
1782925592.099,337.709,266.9,79.14,98,44,89,5387.6,5107.5,257.9,79.15,98,42,83,7833.0,8563.3,254.2,79.15,98,42,89,10374.8,4304.6,223.3,79.14,99,55,85,4699.8,8608.8,0.0,2,0
1782925592.541,338.151,286.2,79.14,98,49,89,10356.1,6469.6,257.9,79.15,98,42,83,2510.5,7960.1,254.2,79.15,98,42,89,10379.1,8563.2,248.1,79.14,98,46,84,5169.1,4304.1,0.0,2,0
1782925592.982,338.592,286.2,79.14,98,49,89,10357.3,8561.5,285.9,79.15,99,52,83,6860.5,18342.2,280.9,79.15,98,48,89,16470.5,4308.5,267.7,79.14,98,45,84,4339.6,8609.6,0.0,2,0
1782925593.425,339.034,295.1,79.14,98,43,89,7224.4,8560.3,280.0,79.15,97,38,83,10355.7,7540.5,277.3,79.15,97,34,89,5234.3,5864.2,266.9,79.14,99,55,85,6991.3,8602.0,0.0,2,0
1782925593.867,339.477,294.1,79.14,98,46,89,5180.0,4283.2,281.5,79.15,98,39,83,10355.1,8560.9,278.1,79.15,98,43,89,6194.9,3589.2,265.5,79.14,98,43,85,9313.4,8604.5,0.0,2,0
1782925594.309,339.919,293.6,79.14,99,49,90,2232.9,8560.1,282.9,79.15,99,51,83,10355.9,6027.6,280.2,79.15,99,53,89,4658.7,6214.0,271.4,79.14,98,47,85,9442.6,8606.7,0.0,2,0
1782925594.756,340.366,296.5,79.14,99,49,90,965.3,970.5,283.3,79.15,98,44,84,941.4,941.4,280.1,79.15,98,44,89,1003.9,872.7,262.0,79.14,99,43,84,904.7,826.6,1.0,1,0
1782925595.199,340.809,283.6,79.14,99,42,88,1008.6,886.5,258.2,79.15,99,44,82,938.6,966.8,252.1,79.15,99,48,88,919.2,936.5,230.6,79.14,99,44,83,903.6,750.8,1.0,2,0
1782925595.639,341.249,256.3,79.14,99,42,88,923.4,937.5,232.7,79.15,99,43,82,938.3,975.4,229.6,79.15,99,47,88,1111.0,901.8,209.9,79.14,99,44,83,988.0,763.0,1.0,2,0
1782925596.082,341.692,248.2,79.14,99,42,88,929.8,896.9,232.7,79.15,99,43,82,956.4,934.1,229.6,79.15,99,47,88,1010.2,878.4,209.9,79.14,99,44,83,900.1,827.1,1.0,2,0
1782925596.523,342.133,247.7,79.14,99,42,88,1008.5,882.0,228.1,79.15,99,43,82,939.5,1032.3,225.4,79.15,99,47,87,929.4,948.3,209.4,79.14,99,44,83,904.6,758.3,1.0,2,0
1782925596.965,342.575,247.7,79.14,99,42,88,1095.3,886.1,227.8,79.15,99,43,82,933.5,1006.5,225.1,79.15,99,47,87,923.8,870.7,209.2,79.14,99,44,83,916.6,757.9,2.0,2,0
1782925597.412,343.022,247.4,79.14,99,41,88,927.5,970.8,227.5,79.15,99,43,82,936.6,923.7,224.7,79.15,99,46,87,1024.4,881.5,208.7,79.14,99,44,83,991.0,758.0,2.0,2,0
1782925597.854,343.464,247.1,79.14,99,42,88,929.4,918.0,227.6,79.15,99,43,82,1020.8,920.7,224.6,79.15,99,47,87,928.5,975.6,208.6,79.14,99,44,83,911.0,751.4,2.0,2,0
1782925598.293,343.903,246.9,79.14,99,42,88,1015.3,891.7,227.6,79.15,99,43,82,940.6,1019.7,224.3,79.15,99,47,87,926.2,870.4,209.0,79.14,99,44,83,983.8,757.2,2.0,2,0
1782925598.733,344.343,247.2,79.14,99,42,88,993.2,972.0,227.7,79.15,99,43,82,946.9,943.3,224.1,79.15,99,47,87,1004.3,866.8,209.0,79.14,99,44,83,905.4,779.9,2.0,2,0
1782925599.178,344.787,247.4,79.14,99,42,88,936.1,907.4,227.7,79.15,99,43,82,1026.1,968.2,224.0,79.15,99,47,87,925.6,962.2,209.1,79.14,99,43,83,901.6,755.5,2.0,2,0
1782925599.618,345.228,247.3,79.14,99,42,88,927.5,937.4,227.5,79.15,99,43,82,935.1,939.7,223.8,79.15,99,47,87,939.8,904.3,209.1,79.14,99,43,83,997.3,780.0,2.0,2,0
1782925600.063,345.673,247.0,79.14,99,42,88,930.6,956.6,227.5,79.15,99,43,82,946.1,980.3,223.8,79.15,99,47,87,1007.4,895.5,209.1,79.14,99,44,83,899.3,835.0,2.0,2,0
1782925600.504,346.114,247.0,79.14,99,42,88,983.2,888.7,227.3,79.15,99,43,82,1019.1,964.3,223.6,79.15,99,47,87,920.1,980.9,209.0,79.14,99,44,83,903.9,747.8,2.0,2,0
1782925600.948,346.558,247.5,79.14,99,42,88,1020.8,978.4,227.3,79.15,99,43,82,1021.8,959.6,223.9,79.15,99,47,87,920.4,968.3,209.1,79.14,99,44,83,905.3,757.4,2.0,2,0
1782925601.394,347.004,247.7,79.14,99,42,88,1007.9,918.3,227.4,79.15,99,43,82,938.0,1020.4,224.1,79.15,99,47,87,927.6,870.3,209.3,79.14,99,44,83,982.9,748.2,2.0,2,0
1782925601.835,347.445,247.6,79.14,99,42,88,936.1,935.9,227.4,79.15,99,43,82,937.8,954.8,223.9,79.15,99,47,87,1007.9,865.1,209.2,79.14,99,44,83,899.3,832.7,2.0,2,0
1782925602.276,347.885,247.6,79.14,99,42,88,1006.5,888.6,227.4,79.15,99,43,82,938.5,1021.4,224.0,79.15,99,47,87,928.9,884.3,209.1,79.14,99,44,83,915.5,757.5,2.0,2,0
1782925602.716,348.326,248.1,79.14,99,42,88,932.2,987.6,227.5,79.15,99,43,82,940.4,957.2,223.9,79.15,99,47,87,1009.9,856.2,209.2,79.14,99,44,83,972.7,758.6,2.0,2,0
1782925603.159,348.769,248.1,79.14,99,42,88,924.3,896.1,227.3,79.15,99,43,82,1015.1,968.7,223.8,79.15,99,47,87,923.9,977.0,209.0,79.14,99,44,83,898.5,756.5,2.0,2,0
1782925603.600,349.210,247.9,79.14,99,42,88,1013.2,900.6,227.1,79.15,99,43,82,937.1,1040.7,223.7,79.15,99,47,87,921.9,893.4,209.0,79.14,99,44,83,982.7,758.9,2.0,2,0
1782925604.042,349.652,247.6,79.14,99,42,88,931.4,961.6,227.1,79.15,99,43,82,941.4,965.6,223.7,79.15,99,47,87,1008.0,894.9,208.8,79.14,99,44,83,904.9,828.5,2.0,2,0
1782925604.481,350.091,247.6,79.14,99,42,88,1008.3,896.5,227.2,79.15,99,43,82,934.0,1035.8,224.0,79.15,99,47,87,931.0,888.8,208.8,79.14,99,44,83,914.2,753.0,2.0,2,0
1782925604.922,350.531,247.7,79.14,99,42,88,929.6,1066.3,227.3,79.15,99,43,82,1029.2,998.5,224.1,79.15,99,47,87,928.6,887.9,209.0,79.14,99,44,83,981.8,759.7,2.0,2,0
1782925605.366,350.976,247.8,79.14,99,42,88,925.3,873.0,227.3,79.15,99,43,81,1020.5,961.2,223.8,79.15,99,47,87,926.0,960.2,209.1,79.14,99,44,83,903.9,753.8,2.0,2,0
1782925605.806,351.416,247.8,79.14,99,42,88,1001.7,890.0,227.3,79.15,99,43,82,940.9,1015.5,223.8,79.15,99,47,87,925.9,868.4,208.9,79.14,99,44,83,981.0,751.5,2.0,2,0
1782925606.249,351.859,247.4,79.14,99,42,88,924.2,949.5,227.2,79.15,99,43,81,935.3,933.9,223.8,79.15,99,47,87,1008.4,875.8,208.9,79.14,99,44,83,904.8,831.4,2.0,2,0
1782925606.689,352.299,247.2,79.14,99,42,88,1007.9,984.1,227.3,79.15,99,43,81,1039.0,985.3,223.8,79.15,99,47,87,1008.5,915.4,209.0,79.14,99,44,83,898.8,834.7,2.0,2,0
1782925607.137,352.747,247.4,79.14,99,42,88,1009.4,903.4,227.4,79.15,99,43,81,928.2,965.5,224.0,79.15,99,47,87,928.7,963.7,209.0,79.14,99,44,83,902.7,750.5,2.0,2,0
1782925607.584,353.194,247.3,79.14,99,42,88,1006.8,898.4,227.4,79.15,99,43,81,938.0,1033.2,224.0,79.15,99,47,87,931.9,884.2,209.0,79.14,99,44,83,1007.1,754.9,2.0,2,0
1782925608.027,353.636,247.4,79.14,99,42,88,927.5,939.7,227.4,79.15,99,43,81,933.9,952.3,223.8,79.15,99,48,87,1000.3,888.4,209.1,79.14,99,44,83,893.1,766.1,2.0,2,0
1782925608.467,354.077,247.4,79.14,99,42,88,915.6,891.2,227.3,79.15,99,44,81,1019.8,956.4,223.5,79.15,99,47,87,927.5,949.5,209.2,79.14,99,44,83,899.1,757.7,2.0,2,0
1782925608.908,354.518,247.7,79.14,99,42,88,918.3,886.6,227.4,79.15,99,43,81,938.5,1011.5,223.6,79.15,99,47,87,922.5,888.3,209.3,79.14,99,44,83,982.5,751.2,2.0,2,0
1782925609.350,354.960,247.8,79.14,99,42,88,928.3,926.1,227.5,79.15,99,44,81,933.2,942.3,223.5,79.15,99,48,87,1000.8,877.4,209.4,79.14,99,44,83,901.8,822.7,2.0,2,0
1782925609.796,355.406,247.7,79.14,99,42,88,928.1,903.0,227.3,79.15,99,44,81,1008.8,949.4,223.3,79.15,99,47,87,929.8,956.3,209.2,79.14,99,44,83,899.1,995.0,2.0,2,0
1782925610.244,355.854,247.9,79.14,99,42,88,925.6,883.1,227.2,79.15,99,43,81,1017.4,946.2,223.4,79.15,99,47,87,929.3,897.7,209.0,79.14,99,44,83,906.1,786.9,2.0,2,0
1782925610.722,356.332,246.1,79.14,88,30,88,10358.7,8564.6,236.7,79.15,99,57,82,10362.5,4290.5,234.1,79.15,99,54,88,5188.4,8604.8,228.2,79.14,98,52,85,10379.8,8605.4,2.0,2,0
1782925611.170,356.780,268.6,79.14,98,40,89,10120.7,2373.9,263.8,79.15,98,43,83,6690.5,8563.5,257.1,79.15,98,44,89,10375.3,6214.5,250.6,79.14,98,44,85,2944.6,7645.2,2.0,2,0
1782925611.613,357.223,289.9,79.14,98,45,89,10354.9,8560.0,284.3,79.15,98,44,83,6846.8,3363.6,279.6,79.15,98,46,89,8428.4,8611.4,250.6,79.14,98,44,85,10382.2,7173.7,2.0,2,0
1782925612.057,357.667,293.7,79.14,98,37,89,6953.9,8560.8,284.3,79.15,98,44,83,5167.1,4283.9,279.6,79.15,98,46,89,10377.9,5025.8,267.5,79.14,99,47,85,3118.0,8612.6,2.0,2,0
1782925612.503,358.113,293.7,79.14,98,37,89,8350.7,4658.2,279.1,79.15,98,51,84,8690.1,8561.2,274.9,79.15,99,57,88,10374.0,8601.4,265.8,79.14,99,51,85,8600.2,4442.1,2.0,2,0
1782925612.947,358.557,293.8,79.14,98,43,89,10358.5,8563.0,279.1,79.15,98,41,83,10323.6,1754.4,274.6,79.15,98,43,89,6962.2,8605.5,263.8,79.14,98,50,85,8894.1,2517.7,2.0,2,0
1782925613.392,359.002,293.6,79.14,99,51,90,5179.0,8560.6,285.9,79.15,98,46,84,10355.2,8562.5,281.0,79.15,98,50,89,10378.5,5978.3,269.2,79.14,99,53,85,7075.1,762.8,1.0,1,0
1782925613.834,359.444,296.8,79.14,98,43,90,924.2,900.5,279.4,79.15,99,42,82,1011.3,951.3,275.2,79.15,99,44,88,926.7,1001.5,257.6,79.14,99,43,84,922.2,828.4,1.0,2,0
1782925614.276,359.886,277.3,79.14,99,41,88,1010.1,888.2,249.4,79.15,99,42,82,935.5,1005.2,245.6,79.15,99,45,87,931.7,900.6,224.0,79.14,99,43,83,989.3,752.4,1.0,2,0
1782925614.718,360.328,250.3,79.14,99,40,88,934.8,970.6,225.1,79.15,99,42,82,942.1,949.0,221.7,79.15,99,45,87,947.8,904.4,206.6,79.14,99,43,83,986.5,756.7,1.0,2,0
1782925615.169,360.779,245.2,79.14,99,40,88,1009.1,908.7,225.0,79.15,99,42,82,937.5,1028.1,221.6,79.15,99,45,87,932.8,892.5,206.5,79.14,99,44,83,983.6,760.1,1.0,2,0
1782925615.612,361.222,245.4,79.14,99,41,88,924.2,975.0,225.6,79.15,99,42,82,934.8,978.4,221.8,79.15,99,46,87,1004.6,902.4,206.5,79.14,99,44,83,907.0,833.0,1.0,2,0
1782925616.054,361.664,245.4,79.14,99,41,88,931.6,906.2,225.6,79.15,99,42,82,1022.8,961.2,221.8,79.15,99,46,87,927.7,992.7,206.9,79.14,99,42,83,905.5,752.0,1.0,2,0
1782925616.497,362.107,245.4,79.14,99,41,88,1004.6,897.9,225.3,79.15,99,42,82,940.4,1021.8,221.4,79.15,99,45,87,930.4,903.2,206.6,79.14,99,42,83,983.7,754.3,2.0,2,0
1782925616.937,362.546,245.2,79.14,99,41,88,937.4,981.2,224.6,79.15,99,42,82,944.0,963.4,220.9,79.15,99,45,87,1003.6,880.6,205.9,79.14,99,43,83,905.0,840.6,2.0,2,0
1782925617.376,362.986,245.2,79.14,99,41,88,1008.0,915.1,224.6,79.15,99,42,82,941.4,1040.9,221.2,79.15,99,45,87,924.2,870.4,206.0,79.14,99,42,83,986.2,759.5,2.0,2,0
1782925617.816,363.426,245.0,79.14,99,41,88,927.3,976.9,224.8,79.15,99,42,82,943.1,982.0,221.3,79.15,99,45,87,1009.3,890.1,206.1,79.14,99,43,83,1138.2,831.4,2.0,2,0
1782925618.263,363.872,244.8,79.14,99,41,88,933.1,904.8,224.7,79.15,99,42,82,1027.0,944.9,220.9,79.15,99,46,87,1005.0,889.8,206.2,79.14,99,43,83,900.9,845.6,2.0,2,0
1782925618.703,364.312,244.7,79.14,99,40,88,1004.7,971.7,224.4,79.15,99,42,82,948.4,1049.5,220.8,79.15,99,45,87,1022.4,898.6,206.0,79.14,99,43,83,903.6,842.5,2.0,2,0
1782925619.154,364.764,244.7,79.14,99,41,88,922.0,881.4,224.4,79.15,99,42,82,1017.9,953.4,220.7,79.15,99,45,87,932.3,1002.2,205.8,79.14,99,43,83,901.1,757.9,2.0,2,0
1782925619.596,365.206,244.7,79.14,99,40,88,1018.8,898.3,224.4,79.15,99,42,82,943.7,1036.0,220.7,79.15,99,45,87,929.1,894.2,205.8,79.14,99,43,83,1134.6,758.6,2.0,2,0
1782925620.042,365.652,244.5,79.14,99,41,88,933.4,987.1,224.3,79.15,99,42,82,942.8,945.6,220.7,79.15,99,45,87,936.8,903.8,205.7,79.14,99,42,83,983.6,762.1,2.0,2,0
1782925620.484,366.093,244.5,79.14,99,41,88,929.3,893.4,224.1,79.15,99,42,82,1021.7,978.2,220.6,79.15,99,46,87,924.5,910.3,205.5,79.14,99,42,83,903.5,836.7,2.0,2,0
1782925620.925,366.535,244.4,79.14,99,41,88,1011.2,929.8,224.1,79.15,99,42,82,975.4,974.9,220.3,79.15,99,46,87,921.5,970.3,205.7,79.14,99,43,83,899.7,759.0,2.0,2,0
1782925621.369,366.979,244.7,79.14,99,41,88,927.6,938.4,224.3,79.15,99,42,81,942.1,981.5,220.6,79.15,99,45,87,1012.1,902.7,205.7,79.14,99,43,83,973.3,756.6,2.0,2,0
1782925621.810,367.420,244.7,79.14,99,41,88,931.2,917.9,224.5,79.15,99,42,81,1019.0,977.7,220.7,79.15,99,45,87,928.4,994.3,205.8,79.14,99,42,83,912.6,824.6,2.0,2,0
1782925622.252,367.862,244.4,79.14,99,41,88,1005.9,874.1,224.4,79.15,99,42,81,938.0,1018.2,220.7,79.15,99,46,87,925.1,900.2,206.0,79.14,99,43,83,980.6,751.2,2.0,2,0
1782925622.693,368.303,244.1,79.14,99,41,88,931.2,970.0,224.4,79.15,99,42,81,949.1,997.2,220.6,79.15,99,45,87,1009.4,889.8,206.4,79.14,99,43,83,1004.2,764.5,2.0,2,0
1782925623.142,368.751,244.2,79.14,99,41,88,926.9,953.0,224.4,79.15,99,42,81,936.8,955.3,220.4,79.15,99,46,87,1004.4,882.5,206.1,79.14,99,43,83,899.2,829.7,2.0,2,0
1782925623.582,369.192,243.9,79.14,99,40,88,944.9,917.0,224.4,79.15,99,42,81,1033.7,955.6,220.4,79.15,99,46,87,931.3,940.9,206.1,79.14,99,43,83,1015.1,825.0,2.0,2,0
1782925624.027,369.637,243.9,79.14,99,41,88,1012.2,916.4,224.2,79.15,99,42,81,936.2,1021.4,220.2,79.15,99,45,87,924.7,869.7,205.9,79.14,99,43,83,983.7,749.2,2.0,2,0
1782925624.468,370.078,243.9,79.14,99,41,88,919.9,954.7,224.4,79.15,99,42,81,941.4,980.7,220.6,79.15,99,46,87,1003.7,888.4,206.1,79.14,99,43,83,904.7,835.1,2.0,2,0
1782925624.909,370.519,244.1,79.14,99,41,88,1006.6,881.6,224.6,79.15,99,43,81,939.9,986.8,221.0,79.15,99,46,87,926.0,954.6,206.5,79.14,99,43,83,898.4,756.6,2.0,2,0
1782925625.352,370.962,244.1,79.14,99,41,88,921.1,981.1,224.3,79.15,99,42,81,933.0,946.6,220.7,79.15,99,45,87,941.1,885.0,206.2,79.14,99,43,83,977.9,762.3,2.0,2,0
1782925625.797,371.407,244.0,79.14,99,41,88,936.4,967.4,224.4,79.15,99,42,81,944.0,940.4,220.4,79.15,99,46,87,1009.7,910.2,205.7,79.14,99,43,82,898.8,895.6,2.0,2,0
1782925626.240,371.850,244.0,79.14,99,40,88,931.3,893.8,224.5,79.15,99,42,81,1015.7,941.2,220.3,79.15,99,45,87,928.1,995.1,205.7,79.14,99,43,82,905.0,751.6,2.0,2,0
1782925626.681,372.291,243.8,79.14,99,41,88,1006.9,896.7,224.0,79.15,99,43,81,1033.0,1043.4,220.2,79.15,99,46,87,929.2,991.0,205.5,79.14,99,43,83,904.0,757.1,2.0,2,0
1782925627.125,372.735,244.1,79.14,99,41,88,922.8,930.5,223.9,79.15,99,42,81,933.9,946.7,220.0,79.15,99,45,87,1002.4,889.8,205.5,79.14,99,43,83,904.3,830.2,2.0,2,0
1782925627.566,373.176,243.9,79.14,99,41,88,921.7,891.0,223.9,79.15,99,42,81,1018.4,954.8,220.0,79.15,99,45,87,925.8,993.1,205.3,79.14,99,43,82,905.7,776.3,2.0,2,0
1782925628.009,373.618,243.9,79.14,99,41,88,1008.5,871.3,223.8,79.15,99,42,81,938.8,1059.4,220.2,79.15,99,45,87,925.1,872.9,205.2,79.14,99,43,83,978.5,750.8,2.0,2,0
1782925628.450,374.060,243.5,79.14,99,41,88,928.7,975.3,223.6,79.15,99,42,81,934.6,947.0,219.9,79.15,99,46,87,1001.0,865.8,205.3,79.14,99,43,82,898.3,828.8,2.0,2,0
1782925628.892,374.502,243.5,79.14,99,41,88,1013.7,935.4,223.8,79.15,99,42,81,1021.5,942.4,219.7,79.15,99,46,87,935.0,975.9,205.4,79.14,99,43,82,898.7,766.0,2.0,2,0
1782925629.336,374.946,243.4,79.14,99,41,88,5427.2,17109.1,223.9,79.15,99,42,81,15432.4,6214.8,219.6,79.15,99,45,87,2160.7,8127.9,205.4,79.14,99,43,82,10377.4,1328.3,2.0,2,0
1782925629.780,375.390,243.9,79.14,86,32,89,10356.8,8565.0,237.7,79.15,98,48,83,10357.7,5788.3,234.5,79.15,98,50,89,7006.4,6255.8,229.3,79.14,98,47,84,6865.9,8605.1,2.0,2,0
1782925630.222,375.832,270.7,79.14,98,39,89,4933.8,8560.9,266.4,79.15,98,44,83,10354.9,4281.9,258.5,79.15,99,50,88,3836.7,8602.6,259.4,79.14,98,46,84,10378.8,4423.3,2.0,2,0
1782925630.664,376.274,292.5,79.14,99,52,89,5178.7,8561.5,282.8,79.15,99,50,83,10354.1,7140.7,279.2,79.15,98,51,89,5575.9,6504.8,267.5,79.14,98,43,84,6104.5,8604.8,2.0,2,0
1782925631.107,376.717,293.0,79.14,97,32,89,2684.6,6345.2,284.3,79.15,99,54,83,10358.6,4290.9,279.4,79.15,98,51,89,3838.0,8612.0,267.5,79.14,98,43,84,10382.1,3710.9,2.0,2,0
1782925631.549,377.159,294.9,79.14,98,42,89,5684.2,7343.4,284.3,79.15,99,54,83,10355.0,8560.2,279.4,79.15,98,51,89,5191.0,3887.6,270.5,79.14,98,47,85,9887.8,8606.9,2.0,2,0
1782925631.990,377.600,294.9,79.14,98,42,89,8733.6,1465.8,281.5,79.15,98,43,83,8731.8,8561.8,276.8,79.15,98,44,89,10063.1,2517.7,265.9,79.14,99,47,85,5214.3,8605.0,2.0,2,0
1782925632.435,378.045,296.2,79.14,98,48,90,8437.4,5994.0,285.3,79.15,98,44,83,933.2,965.8,280.2,79.15,98,47,89,1015.5,917.3,267.1,79.14,99,50,85,905.3,830.4,1.0,1,0
1782925632.876,378.486,295.5,79.14,98,42,89,1006.7,890.4,275.2,79.15,99,42,82,935.0,989.8,270.5,79.15,99,45,88,1023.3,1009.0,252.0,79.14,99,43,83,906.8,827.5,1.0,2,0
1782925633.324,378.933,273.1,79.14,99,42,88,949.5,875.3,246.3,79.15,99,44,82,1021.6,944.3,241.9,79.15,99,48,87,930.5,1005.9,225.4,79.14,99,44,83,924.8,754.1,1.0,2,0
1782925633.765,379.375,252.6,79.14,99,42,88,924.1,936.2,228.7,79.15,99,44,82,937.0,1035.6,224.1,79.15,99,48,87,928.8,900.9,210.1,79.14,99,44,83,985.9,748.9,1.0,2,0
1782925634.208,379.818,247.9,79.14,99,42,88,932.0,958.8,228.9,79.15,99,44,82,941.6,966.5,224.4,79.15,99,48,87,1014.7,888.9,210.3,79.14,99,45,83,904.5,831.1,1.0,2,0
1782925634.651,380.260,247.9,79.14,99,42,88,922.7,886.4,229.0,79.15,99,44,82,1020.3,958.9,224.3,79.15,99,48,87,974.5,935.4,210.5,79.14,99,44,83,916.0,758.5,2.0,2,0
1782925635.103,380.712,248.1,79.14,99,42,88,933.6,953.3,229.1,79.15,99,44,82,938.7,945.0,224.5,79.15,99,48,87,1006.3,868.3,210.5,79.14,99,44,83,905.0,836.4,2.0,2,0
1782925635.542,381.152,248.5,79.14,99,43,88,1009.4,912.4,229.1,79.15,99,44,82,1002.7,935.1,224.5,79.15,99,48,87,922.2,970.8,210.5,79.14,99,44,83,905.3,757.3,2.0,2,0
1782925635.984,381.594,248.5,79.14,99,43,88,933.5,973.8,229.1,79.15,99,44,82,944.8,1020.8,224.6,79.15,99,48,87,927.9,879.4,210.8,79.14,99,44,83,983.8,758.5,2.0,2,0
1782925636.424,382.034,248.6,79.14,99,42,88,927.2,903.1,229.4,79.15,99,44,82,1019.8,958.3,224.8,79.15,99,48,87,927.5,963.8,210.8,79.14,99,45,83,903.5,825.3,2.0,2,0
1782925636.865,382.474,248.7,79.14,99,43,88,1015.5,899.7,229.5,79.15,99,44,82,943.9,1015.2,224.9,79.15,99,49,87,931.0,882.6,210.7,79.14,99,45,83,918.6,750.6,2.0,2,0
1782925637.306,382.916,248.9,79.14,99,42,88,924.9,952.5,229.7,79.15,99,44,82,939.8,929.0,224.7,79.15,99,49,87,1010.8,876.2,210.9,79.14,99,45,83,903.2,828.5,2.0,2,0
1782925637.746,383.356,249.1,79.14,99,43,88,933.3,877.7,229.7,79.15,99,44,82,1034.1,966.6,224.8,79.15,99,48,87,926.2,973.6,210.9,79.14,99,45,83,900.9,761.0,2.0,2,0
1782925638.189,383.799,249.2,79.14,99,42,88,1004.6,875.8,229.3,79.15,99,43,82,933.7,1005.8,224.6,79.15,99,48,87,929.4,900.2,210.6,79.14,99,44,83,984.0,755.4,2.0,2,0
1782925638.630,384.240,248.6,79.14,99,42,88,926.1,959.1,228.8,79.15,99,44,82,1029.3,963.5,224.3,79.15,99,48,87,1006.2,886.3,210.6,79.14,99,44,83,1041.4,767.1,2.0,2,0
1782925639.078,384.688,248.3,79.14,99,42,88,942.1,930.3,228.8,79.15,99,44,82,944.9,943.3,224.3,79.15,99,48,87,934.8,882.2,210.3,79.14,99,45,83,980.8,752.2,2.0,2,0
1782925639.522,385.132,248.2,79.14,99,42,88,928.4,916.5,228.7,79.15,99,44,82,1017.4,948.9,224.4,79.15,99,48,87,927.9,965.6,210.0,79.14,99,44,83,902.4,836.0,2.0,2,0
1782925639.964,385.574,248.2,79.14,99,42,88,1005.2,871.9,228.6,79.15,99,44,82,1024.3,964.0,224.3,79.15,99,48,87,994.3,856.0,209.7,79.14,99,45,83,905.9,828.3,2.0,2,0
1782925640.411,386.021,248.2,79.14,99,43,88,1003.3,876.7,228.7,79.15,99,44,81,937.6,1029.1,224.4,79.15,99,48,87,930.2,948.4,209.8,79.14,99,44,83,904.3,752.8,2.0,2,0
1782925640.853,386.462,248.5,79.14,99,42,88,927.6,982.3,228.8,79.15,99,44,81,935.3,922.1,224.5,79.15,99,48,87,1007.6,890.9,209.9,79.14,99,45,83,910.1,826.3,2.0,2,0
1782925641.293,386.903,248.6,79.14,99,42,88,929.4,881.7,228.6,79.15,99,44,81,1017.1,918.7,224.2,79.15,99,48,87,927.0,972.5,209.7,79.14,99,45,83,902.8,748.6,2.0,2,0
1782925641.735,387.345,248.4,79.14,99,42,88,1028.9,923.8,228.8,79.15,99,44,81,1008.2,951.9,224.4,79.15,99,48,87,925.9,981.5,209.6,79.14,99,44,83,898.9,759.3,2.0,2,0
1782925642.179,387.789,248.7,79.14,99,43,88,924.0,944.5,229.0,79.15,99,44,81,937.5,946.7,224.7,79.15,99,48,87,1015.6,905.6,209.8,79.14,99,45,83,978.3,785.5,2.0,2,0
1782925642.622,388.232,248.8,79.14,99,42,88,925.8,896.9,228.9,79.15,99,44,81,1017.3,927.1,224.6,79.15,99,48,87,999.4,892.6,209.8,79.14,99,45,83,907.3,833.6,2.0,2,0
1782925643.478,389.088,248.6,79.14,99,42,88,1006.3,888.1,228.6,79.15,99,44,81,945.5,1010.2,224.3,79.15,99,48,87,922.8,868.9,209.6,79.14,99,44,83,983.7,752.5,2.0,2,0
1782925643.920,389.530,248.2,79.14,99,43,88,921.1,1135.1,228.4,79.15,99,44,81,979.1,1009.3,224.3,79.15,99,48,87,923.3,873.8,209.6,79.14,99,44,83,915.3,751.2,2.0,2,0
1782925644.368,389.978,248.0,79.14,99,42,88,923.9,965.9,228.1,79.15,99,43,81,943.8,937.2,224.0,79.15,99,47,87,1009.4,886.6,209.3,79.14,99,44,83,905.3,835.6,2.0,2,0
1782925644.810,390.420,247.9,79.14,99,42,88,926.9,862.9,228.1,79.15,99,44,81,1018.2,949.3,224.0,79.15,99,48,87,933.6,988.9,209.2,79.14,99,44,83,934.0,755.4,2.0,2,0
1782925645.252,390.862,247.6,79.14,99,42,88,1003.0,874.6,228.3,79.15,99,44,81,934.1,1007.9,224.1,79.15,99,48,87,923.5,886.7,209.4,79.14,99,44,83,983.1,759.7,2.0,2,0
1782925645.694,391.304,247.6,79.14,99,42,88,932.2,1046.0,228.4,79.15,99,44,81,1022.6,1157.0,224.3,79.15,99,48,87,930.5,978.0,209.4,79.14,99,45,83,898.3,748.5,2.0,2,0
1782925646.146,391.756,247.6,79.14,99,42,88,1005.5,883.6,228.3,79.15,99,43,81,939.6,1028.1,223.8,79.15,99,48,87,932.1,886.1,209.5,79.14,99,44,83,984.0,755.1,2.0,2,0
1782925646.589,392.199,247.5,79.14,99,42,88,926.2,960.2,228.3,79.15,99,43,81,945.7,940.6,223.8,79.15,99,48,87,1015.6,876.4,209.5,79.14,99,44,83,913.8,862.3,2.0,2,0
1782925647.031,392.641,247.9,79.14,99,42,88,927.1,895.0,228.0,79.15,99,44,81,1017.8,956.8,223.4,79.15,99,48,87,926.4,968.7,209.4,79.14,99,45,83,903.4,790.6,2.0,2,0
1782925647.473,393.083,247.9,79.14,99,42,88,1013.8,898.8,228.3,79.15,99,44,81,939.5,1016.0,223.9,79.15,99,48,87,922.7,875.6,209.5,79.14,99,45,83,985.7,761.5,2.0,2,0
1782925647.913,393.523,248.0,79.14,99,42,88,922.8,893.0,228.5,79.15,99,44,81,970.2,961.2,224.4,79.15,99,48,87,1014.3,852.3,209.7,79.14,99,44,83,899.2,836.5,2.0,2,0
1782925648.356,393.966,247.8,79.14,99,42,88,5177.4,4281.5,228.1,79.15,99,44,81,10354.5,5537.0,224.1,79.15,99,48,87,2170.9,8600.9,209.4,79.14,99,45,83,10381.4,3472.3,2.0,2,0
1782925648.800,394.410,251.6,79.14,98,52,89,10088.6,4283.8,244.6,79.15,99,53,83,9124.4,5027.6,239.8,79.15,99,55,88,8488.2,8604.1,234.3,79.14,98,44,84,10374.8,7887.4,2.0,2,0
1782925649.242,394.852,274.6,79.14,98,39,89,5178.3,4281.5,266.8,79.15,98,45,83,10355.0,8564.2,262.2,79.15,98,45,89,6540.3,3347.4,261.5,79.14,99,50,85,9311.5,8606.7,2.0,2,0
1782925649.686,395.296,297.1,79.14,98,45,89,10355.9,8563.1,282.3,79.15,98,44,83,10360.2,8563.6,277.3,79.15,98,47,89,10381.8,8604.2,265.8,79.14,98,43,84,8267.9,18590.5,2.0,2,0
1782925650.139,395.749,293.5,79.14,97,34,89,10354.8,8561.5,282.1,79.15,99,52,83,6818.7,2997.1,279.3,79.15,99,54,88,9090.9,8607.3,268.1,79.14,99,50,85,10376.9,7169.7,2.0,2,0
1782925650.581,396.191,293.6,79.14,98,40,90,5178.6,4283.1,282.1,79.15,99,52,83,10358.3,8562.4,279.3,79.15,99,54,88,8566.6,3275.3,268.1,79.14,99,50,85,6942.5,8606.2,2.0,2,0
1782925651.022,396.632,297.7,79.14,98,46,89,3797.7,5310.3,281.2,79.15,98,47,83,10356.7,8204.8,276.8,79.15,98,45,89,3702.5,5378.0,266.0,79.14,98,49,85,10377.6,8605.9,2.0,2,0
1782925651.463,397.073,297.7,79.14,98,46,89,923.8,925.4,284.7,79.15,99,50,83,937.3,1061.6,280.9,79.15,98,47,89,924.8,881.1,268.5,79.14,98,44,85,984.9,753.3,1.0,2,0
1782925651.905,397.515,295.7,79.14,99,44,89,930.0,884.0,273.0,79.15,99,43,82,946.3,1063.4,268.9,79.15,99,47,87,1028.0,851.0,249.8,79.14,99,44,83,989.5,755.6,1.0,2,0
1782925652.350,397.960,270.9,79.14,99,42,88,928.7,883.2,243.3,79.15,99,43,82,1017.4,971.0,243.7,79.15,99,48,87,927.5,965.1,218.7,79.14,99,44,83,904.3,816.8,1.0,2,0
1782925652.791,398.401,251.2,79.14,99,42,88,1027.2,900.9,228.6,79.15,99,43,82,942.2,1021.2,225.3,79.15,99,47,87,930.2,867.6,210.0,79.14,99,44,83,984.3,755.3,1.0,2,0
1782925653.234,398.843,248.2,79.14,99,42,88,926.3,970.9,228.0,79.15,99,43,82,963.4,1023.5,224.4,79.15,99,47,87,926.2,855.9,209.2,79.14,99,44,83,984.2,751.0,1.0,2,0
1782925653.676,399.286,247.7,79.14,99,42,88,929.3,890.9,227.2,79.15,99,43,82,1049.5,964.5,223.7,79.15,99,47,87,1020.0,852.4,208.7,79.14,99,44,83,908.8,828.8,1.0,2,0
1782925654.119,399.729,247.9,79.14,99,42,88,1010.5,882.7,227.1,79.15,99,42,82,1009.2,955.3,224.0,79.15,99,46,87,924.5,965.4,208.7,79.14,99,44,83,905.8,756.4,2.0,2,0
1782925654.561,400.171,247.6,79.14,99,41,88,929.5,965.5,227.1,79.15,99,42,82,939.5,929.0,224.0,79.15,99,46,87,940.5,878.1,208.8,79.14,99,43,83,985.0,878.6,2.0,2,0
1782925655.004,400.614,247.6,79.14,99,41,88,932.1,962.0,226.7,79.15,99,43,82,937.8,957.7,223.6,79.15,99,46,87,1007.3,878.9,208.2,79.14,99,43,83,899.4,835.9,2.0,2,0
1782925655.447,401.057,247.2,79.14,99,42,88,928.7,900.0,226.4,79.15,99,43,82,1015.4,933.5,223.3,79.15,99,47,87,926.8,980.6,208.4,79.14,99,44,83,904.4,747.9,2.0,2,0
1782925655.889,401.499,247.1,79.14,99,42,88,1007.4,891.2,226.8,79.15,99,43,82,940.1,1009.0,223.3,79.15,99,47,87,957.3,879.7,208.5,79.14,99,44,83,986.3,753.7,2.0,2,0
1782925656.330,401.940,247.0,79.14,99,42,88,937.3,972.3,226.9,79.15,99,43,82,936.6,949.3,223.5,79.15,99,47,87,1003.1,865.7,208.4,79.14,99,44,83,903.5,828.9,2.0,2,0
1782925656.771,402.381,246.8,79.14,99,41,88,926.7,875.8,227.0,79.15,99,43,82,955.8,976.3,223.4,79.15,99,47,87,1010.3,889.9,208.4,79.14,99,44,83,905.5,825.1,2.0,2,0
1782925657.219,402.828,246.8,79.14,99,41,88,1007.2,903.6,226.9,79.15,99,43,82,937.9,989.9,223.5,79.15,99,47,87,928.5,963.9,208.2,79.14,99,44,83,961.9,761.4,2.0,2,0
1782925657.663,403.273,246.7,79.14,99,42,88,1004.6,893.6,226.6,79.15,99,43,81,933.3,1088.4,223.3,79.15,99,47,87,937.1,915.3,208.2,79.14,99,44,83,923.0,752.1,2.0,2,0
1782925658.109,403.719,246.7,79.14,99,41,88,925.4,969.6,226.6,79.15,99,43,81,939.7,999.2,222.8,79.15,99,46,87,930.2,885.8,208.2,79.14,99,44,83,978.2,755.9,2.0,2,0
1782925658.550,404.160,246.5,79.14,99,42,88,927.9,911.7,226.6,79.15,99,43,81,1019.2,961.4,222.8,79.15,99,46,87,922.3,980.7,208.1,79.14,99,44,83,903.5,822.1,2.0,2,0
1782925658.991,404.601,246.5,79.14,99,42,88,1046.9,911.2,226.7,79.15,99,43,81,942.8,1016.5,222.7,79.15,99,47,87,927.8,882.7,208.0,79.14,99,44,83,914.5,750.1,2.0,2,0
1782925659.433,405.043,246.5,79.14,99,41,88,924.9,970.2,227.0,79.15,99,43,81,937.2,980.6,223.0,79.15,99,47,87,1011.9,885.0,208.4,79.14,99,44,83,904.1,827.9,2.0,2,0
1782925659.871,405.481,246.9,79.14,99,42,88,1006.4,876.4,227.1,79.15,99,43,81,937.6,1007.3,223.0,79.15,99,47,87,932.8,870.5,208.3,79.14,99,44,83,983.1,751.6,2.0,2,0
1782925660.310,405.920,246.9,79.14,99,42,88,926.3,899.3,226.9,79.15,99,43,81,969.1,965.8,222.8,79.15,99,47,87,1002.0,881.9,208.3,79.14,99,44,83,898.5,824.2,2.0,2,0
1782925660.749,406.359,246.9,79.14,99,42,88,1207.1,917.9,226.8,79.15,99,43,81,1020.0,950.2,223.1,79.15,99,47,87,927.5,978.3,208.5,79.14,99,44,83,904.0,817.4,2.0,2,0
1782925661.196,406.806,246.7,79.14,99,42,88,1009.5,894.2,226.9,79.15,99,43,81,940.6,1025.9,223.2,79.15,99,47,87,930.2,896.6,208.2,79.14,99,44,83,984.3,753.1,2.0,2,0
1782925661.635,407.245,246.4,79.14,99,41,88,925.4,906.8,226.6,79.15,99,43,81,1019.4,958.0,222.8,79.15,99,47,87,945.8,893.3,208.2,79.14,99,44,83,910.1,856.2,2.0,2,0
1782925662.077,407.687,246.3,79.14,99,42,88,1003.6,863.0,226.6,79.15,99,43,81,941.4,1034.1,222.8,79.15,99,47,87,938.2,899.9,208.1,79.14,99,44,83,984.8,752.4,2.0,2,0
1782925662.519,408.129,246.2,79.14,99,42,88,927.2,951.5,226.3,79.15,99,43,81,942.3,956.9,222.7,79.15,99,46,87,1008.3,884.9,207.9,79.14,99,44,83,899.0,825.9,2.0,2,0
1782925662.959,408.569,246.2,79.14,99,42,88,1005.8,890.5,226.5,79.15,99,43,81,936.8,1016.5,222.9,79.15,99,47,87,927.6,983.5,208.0,79.14,99,43,83,904.8,752.9,2.0,2,0
1782925663.399,409.009,246.2,79.14,99,42,88,924.6,980.4,226.5,79.15,99,43,81,951.6,950.4,222.7,79.15,99,47,87,1007.9,901.1,208.0,79.14,99,43,83,900.2,846.4,2.0,2,0
1782925663.843,409.453,246.2,79.14,99,42,88,928.0,887.3,226.5,79.15,99,43,81,1016.1,950.3,222.4,79.15,99,47,87,923.3,991.1,208.0,79.14,99,44,83,1053.8,783.1,2.0,2,0
1782925664.289,409.899,246.2,79.14,99,42,88,926.1,879.9,226.6,79.15,99,43,81,1018.5,951.9,222.3,79.15,99,47,87,923.8,996.8,208.0,79.14,99,44,82,897.4,748.0,2.0,2,0
1782925664.730,410.339,246.4,79.14,99,42,88,1083.3,941.2,226.7,79.15,99,43,81,1019.6,938.5,222.7,79.15,99,46,87,929.3,982.7,207.9,79.14,99,44,83,903.6,750.5,2.0,2,0
1782925665.179,410.789,246.4,79.14,99,42,88,1005.6,895.1,226.8,79.15,99,43,81,936.5,1015.8,222.8,79.15,99,47,87,927.5,872.9,207.8,79.14,99,44,83,981.0,750.4,2.0,2,0
1782925665.619,411.229,246.5,79.14,99,42,88,925.4,877.9,226.9,79.15,99,43,81,1030.0,963.3,222.6,79.15,99,47,87,1004.5,986.8,207.8,79.14,99,44,83,912.8,856.2,2.0,2,0
1782925666.065,411.674,246.5,79.14,99,42,88,931.0,917.4,226.9,79.15,99,43,81,1015.7,933.6,222.6,79.15,99,47,87,922.2,978.3,208.2,79.14,99,44,82,899.2,750.7,2.0,2,0
1782925666.506,412.116,246.5,79.14,99,42,88,1010.9,861.4,226.9,79.15,99,43,81,935.7,1030.4,222.7,79.15,99,47,87,923.1,851.5,208.4,79.14,99,44,82,981.2,758.1,2.0,2,0
1782925666.946,412.556,246.4,79.14,99,42,88,947.3,1076.9,226.8,79.15,99,43,81,938.9,929.2,222.7,79.15,99,47,87,1004.6,878.7,208.2,79.14,99,44,82,898.9,829.3,2.0,2,0
1782925667.391,413.000,246.6,79.14,99,42,88,10355.8,4282.5,226.7,79.15,99,43,81,4217.4,8569.5,222.6,79.15,99,47,87,10378.6,1212.6,206.1,79.14,88,25,83,5196.0,8609.0,2.0,2,0
1782925667.836,413.446,255.5,79.14,98,53,89,10355.6,8560.9,247.6,79.15,98,50,83,5178.5,5003.2,246.1,79.15,98,46,88,7983.2,8600.8,236.3,79.14,98,39,84,10379.3,3119.9,2.0,2,0
1782925668.278,413.888,278.4,79.14,98,43,89,3891.6,8561.2,275.6,79.15,98,48,83,10357.7,6068.5,272.0,79.15,99,50,88,4569.4,6293.8,270.3,79.14,98,45,84,10378.8,8611.2,2.0,2,0
1782925668.719,414.329,296.2,79.14,98,47,89,8558.6,5889.4,280.6,79.15,98,43,83,22472.5,14350.6,275.6,79.15,98,44,89,5195.8,4301.0,263.9,79.14,98,40,84,10377.7,7014.3,2.0,2,0
1782925669.163,414.773,293.4,79.14,99,56,89,10354.1,8561.6,281.9,79.15,98,46,84,7209.6,6551.9,277.1,79.15,99,52,88,6981.2,7172.0,266.8,79.14,98,44,84,10376.8,8605.2,2.0,2,0
1782925669.604,415.214,291.8,79.14,98,41,90,5179.3,8561.1,280.0,79.15,98,49,83,10357.3,4285.2,275.8,79.15,98,44,89,3835.7,8607.0,266.8,79.14,98,44,84,10383.6,8610.4,2.0,2,0
1782925670.053,415.663,297.8,79.14,98,45,90,5179.7,4283.4,280.0,79.15,98,49,83,10356.1,8564.2,275.8,79.15,98,44,89,10376.2,7503.4,267.5,79.14,98,46,85,5436.1,6916.0,2.0,2,0
1782925670.496,416.106,297.8,79.14,98,45,90,933.7,938.9,283.7,79.15,98,46,83,944.5,962.2,278.2,79.15,98,45,89,1010.1,892.4,266.4,79.14,98,40,84,972.1,757.4,1.0,1,0
1782925670.937,416.547,290.5,79.14,99,41,88,932.7,896.1,265.9,79.15,99,42,82,1020.1,963.1,261.0,79.15,99,45,87,926.3,956.1,244.5,79.14,99,43,83,906.1,755.2,1.0,2,0
1782925671.383,416.993,267.8,79.14,99,41,88,931.0,907.7,235.4,79.15,99,42,82,1017.7,945.9,235.9,79.15,99,46,87,927.6,973.1,215.5,79.14,99,43,83,900.2,756.0,1.0,2,0
1782925671.824,417.434,245.6,79.14,99,41,88,1012.7,917.2,225.7,79.15,99,42,82,937.5,1039.5,221.6,79.15,99,45,87,926.1,894.9,207.2,79.14,99,43,83,982.4,759.3,1.0,2,0
1782925672.266,417.876,245.7,79.14,99,41,88,932.8,967.7,225.4,79.15,99,42,82,941.0,966.9,221.4,79.15,99,45,87,1010.8,903.7,206.6,79.14,99,43,83,901.8,836.6,1.0,2,0
1782925672.707,418.317,245.4,79.14,99,41,88,1172.5,888.1,225.3,79.15,99,42,82,1089.8,970.1,221.1,79.15,99,45,87,1015.2,888.2,206.6,79.14,99,43,83,898.9,838.0,1.0,2,0
1782925673.157,418.767,245.0,79.14,99,41,88,929.3,919.0,225.0,79.15,99,42,82,1017.0,974.3,221.0,79.15,99,45,87,925.6,973.3,206.6,79.14,99,43,83,901.6,752.0,2.0,2,0
1782925673.598,419.208,244.6,79.14,99,41,88,1010.1,905.0,225.0,79.15,99,42,82,940.7,1028.3,220.9,79.15,99,45,87,923.5,889.5,206.6,79.14,99,43,83,1046.1,759.8,2.0,2,0
1782925674.042,419.652,244.4,79.14,99,41,88,928.5,976.0,224.8,79.15,99,42,82,947.6,958.4,220.9,79.15,99,45,87,1010.7,894.2,206.2,79.14,99,43,83,900.6,832.3,2.0,2,0
1782925674.484,420.093,244.4,79.14,99,41,88,935.5,914.7,224.4,79.15,99,42,82,1015.1,951.5,220.5,79.15,99,45,87,926.2,974.6,206.1,79.14,99,43,83,902.7,758.8,2.0,2,0
1782925674.925,420.535,244.6,79.14,99,41,88,1010.2,936.1,224.4,79.15,99,42,82,944.1,1043.0,220.6,79.15,99,46,87,930.6,880.0,206.2,79.14,99,43,83,988.6,753.3,2.0,2,0
1782925675.370,420.980,244.9,79.14,99,41,88,927.5,967.2,224.6,79.15,99,42,81,940.8,975.6,220.6,79.15,99,45,87,1008.4,898.5,206.1,79.14,99,43,83,903.1,837.7,2.0,2,0
1782925675.811,421.421,244.4,79.14,99,41,88,931.6,900.1,224.4,79.15,99,42,81,1015.9,942.3,220.5,79.15,99,45,87,931.3,972.2,205.9,79.14,99,43,83,905.1,753.2,2.0,2,0
1782925676.252,421.862,244.1,79.14,99,41,88,1008.0,895.9,224.3,79.15,99,42,81,935.6,1033.4,220.5,79.15,99,46,87,930.5,903.9,205.8,79.14,99,43,83,981.8,752.9,2.0,2,0
1782925676.694,422.304,244.3,79.14,99,41,88,933.2,957.5,224.3,79.15,99,42,81,973.4,990.7,220.7,79.15,99,45,87,1026.4,876.6,206.0,79.14,99,43,83,987.1,754.0,2.0,2,0
1782925677.139,422.749,244.6,79.14,99,41,88,923.8,903.8,224.4,79.15,99,42,81,1015.1,954.9,220.6,79.15,99,46,87,925.9,973.4,206.0,79.14,99,43,83,900.1,780.7,2.0,2,0
1782925677.580,423.190,244.4,79.14,99,41,88,1010.5,884.4,224.4,79.15,99,42,81,1002.9,983.7,220.6,79.15,99,46,87,932.9,955.7,206.0,79.14,99,43,83,1044.1,759.5,2.0,2,0
1782925678.028,423.638,244.0,79.14,99,41,88,1008.8,885.2,224.0,79.15,99,42,81,937.0,1046.2,220.2,79.15,99,45,87,930.7,897.7,205.8,79.14,99,43,83,984.1,754.5,2.0,2,0
1782925678.469,424.079,244.0,79.14,99,41,88,929.2,954.1,223.9,79.15,99,43,81,933.7,957.6,220.3,79.15,99,46,87,1006.0,899.1,205.9,79.14,99,43,83,899.5,826.7,2.0,2,0
1782925678.911,424.520,244.2,79.14,99,41,88,941.9,922.3,224.2,79.15,99,42,81,1031.4,995.6,220.5,79.15,99,46,87,925.3,959.9,206.2,79.14,99,43,83,899.7,749.3,2.0,2,0
1782925679.352,424.962,244.7,79.14,99,41,88,929.8,948.2,224.3,79.15,99,43,81,939.8,947.1,220.8,79.15,99,45,87,931.3,878.7,206.0,79.14,99,43,83,977.5,754.9,2.0,2,0
1782925679.797,425.407,244.4,79.14,99,41,88,935.1,989.4,223.7,79.15,99,42,81,941.3,954.6,220.3,79.15,99,45,87,1007.2,866.7,205.6,79.14,99,43,82,905.2,941.1,2.0,2,0
1782925680.242,425.852,244.1,79.14,99,41,88,932.4,871.5,223.4,79.15,99,42,81,1021.1,953.1,219.6,79.15,99,45,87,926.3,980.9,205.2,79.14,99,43,82,899.6,828.3,2.0,2,0
1782925680.685,426.295,243.9,79.14,99,41,88,1003.8,913.1,223.4,79.15,99,42,81,1063.3,958.2,219.2,79.15,99,45,86,928.3,1014.2,205.0,79.14,99,43,82,900.5,752.7,2.0,2,0
1782925681.128,426.738,243.8,79.14,99,41,88,970.3,884.7,223.4,79.15,99,42,81,934.1,1015.1,219.3,79.15,99,45,87,924.4,878.7,205.0,79.14,99,43,82,990.1,754.0,2.0,2,0
1782925681.568,427.178,243.8,79.14,99,40,88,930.1,905.0,223.4,79.15,99,42,81,1015.5,941.9,219.3,79.15,99,45,87,923.9,988.3,204.7,79.14,99,43,82,950.0,824.3,2.0,2,0
1782925682.012,427.622,243.8,79.14,99,40,88,1016.0,908.0,223.0,79.15,99,42,81,935.7,1021.3,219.2,79.15,99,45,87,922.7,993.9,204.8,79.14,99,43,82,903.8,750.4,2.0,2,0
1782925682.452,428.062,243.6,79.14,99,41,88,925.5,968.9,223.0,79.15,99,42,81,932.3,958.6,219.0,79.15,99,45,87,1011.2,905.8,204.9,79.14,99,43,82,903.9,818.9,2.0,2,0
1782925682.892,428.502,243.8,79.14,99,41,88,1007.2,894.3,223.3,79.15,99,42,81,933.0,977.2,219.5,79.15,99,45,86,926.6,948.6,205.3,79.14,99,43,82,901.2,752.4,2.0,2,0
1782925683.333,428.943,243.8,79.14,99,41,88,925.0,953.9,223.4,79.15,99,42,81,943.2,969.6,219.8,79.15,99,45,86,1013.7,856.9,205.3,79.14,99,43,82,903.9,824.3,2.0,2,0
1782925683.773,429.383,243.4,79.14,99,41,88,941.1,887.5,223.2,79.15,99,42,81,1014.5,936.5,219.4,79.15,99,45,86,917.9,891.1,205.2,79.14,99,42,82,903.9,828.6,2.0,2,0
1782925684.217,429.827,243.3,79.14,99,41,88,1010.0,892.7,223.0,79.15,99,43,81,937.6,1037.2,219.1,79.15,99,46,86,931.5,876.9,205.4,79.14,99,43,82,983.8,753.2,2.0,2,0
1782925684.660,430.270,243.6,79.14,99,41,87,925.1,978.9,223.2,79.15,99,42,81,936.1,1242.3,219.1,79.15,99,45,86,945.9,868.0,205.3,79.14,99,43,82,999.1,753.1,2.0,2,0
1782925685.108,430.718,243.7,79.14,99,40,88,921.0,978.6,223.2,79.15,99,42,81,944.6,963.5,219.1,79.15,99,46,86,1010.4,882.0,205.3,79.14,99,43,82,898.7,823.7,2.0,2,0
1782925685.549,431.159,243.7,79.14,99,41,88,926.1,855.1,223.2,79.15,99,42,81,1015.8,958.2,219.1,79.15,99,46,86,930.6,950.9,205.2,79.14,99,43,82,904.1,751.5,2.0,2,0
1782925685.990,431.600,243.7,79.14,99,41,88,926.8,966.1,223.3,79.15,99,42,81,934.4,1000.3,219.5,79.15,99,45,86,925.3,877.9,205.4,79.14,99,43,82,10436.2,17189.6,0.0,2,0
1782925686.432,432.042,243.9,79.14,99,41,87,5077.6,8562.1,223.5,79.15,91,39,81,10358.2,4523.7,218.8,79.15,91,38,86,4112.6,8126.1,210.7,79.14,98,49,84,10377.4,8603.5,0.0,2,0
1782925686.873,432.483,258.9,79.14,98,50,89,10354.2,4283.1,249.0,79.15,98,43,83,8437.1,4959.7,245.6,79.15,98,41,88,10377.7,8603.7,242.1,79.14,98,41,84,10375.5,4308.7,0.0,2,0
1782925687.317,432.927,282.7,79.14,98,45,89,5178.9,4376.1,280.2,79.15,98,46,83,8961.3,8559.4,276.8,79.15,98,46,89,10376.7,8014.8,267.5,79.14,99,47,85,5677.7,7148.3,0.0,2,0
1782925687.759,433.369,293.6,79.14,98,43,89,10358.9,6292.8,277.3,79.15,98,30,82,1031.0,7236.3,272.0,79.15,98,35,88,10379.4,4309.5,259.9,79.14,99,39,85,4983.2,8615.6,0.0,2,0
1782925688.208,433.818,291.0,79.14,99,54,89,8592.0,4824.3,278.9,79.15,98,43,83,8441.6,8562.1,275.1,79.15,98,45,88,10375.5,6408.2,262.5,79.14,98,39,85,6676.4,4304.7,0.0,2,0
1782925688.649,434.259,290.4,79.14,98,45,90,10355.2,8559.9,279.8,79.15,99,50,83,4763.3,4382.9,275.3,79.15,98,47,89,10377.8,8611.3,270.0,79.14,98,45,85,10384.7,3417.0,0.0,2,0
1782925689.097,434.707,296.2,79.14,98,45,90,9850.7,4574.7,279.8,79.15,99,50,83,8277.9,5147.0,275.3,79.15,98,47,89,9779.0,4984.5,270.0,79.14,98,45,85,984.2,751.1,1.0,1,0
1782925689.539,435.149,287.1,79.14,99,42,88,930.8,977.4,281.9,79.15,98,43,83,936.7,950.8,277.8,79.15,98,42,88,1012.9,880.2,265.4,79.14,99,42,84,903.3,823.1,1.0,1,0
1782925689.980,435.590,287.1,79.14,99,42,88,931.1,883.9,262.6,79.15,99,43,82,1016.9,963.0,255.3,79.15,99,46,87,927.5,952.1,238.8,79.14,99,44,83,901.2,752.1,1.0,2,0
1782925690.421,436.031,264.0,79.14,99,41,88,993.1,881.7,232.0,79.15,99,43,82,939.6,1034.8,231.7,79.15,99,47,87,924.9,889.6,212.2,79.14,99,43,83,983.4,762.2,1.0,2,0
1782925690.861,436.471,247.5,79.14,99,42,88,924.2,874.3,226.9,79.15,99,43,82,1020.2,966.3,223.4,79.15,99,47,87,1089.8,887.6,208.5,79.14,99,44,83,901.1,838.8,1.0,2,0
1782925691.304,436.913,247.2,79.14,99,42,88,1007.0,910.7,226.6,79.15,99,43,82,942.1,1005.5,222.9,79.15,99,46,87,930.5,968.9,208.3,79.14,99,44,83,902.0,755.5,1.0,2,0
1782925691.744,437.354,246.9,79.14,99,42,88,936.2,925.7,226.4,79.15,99,43,82,940.3,1051.6,222.8,79.15,99,46,87,959.6,910.5,208.3,79.14,99,44,83,983.0,757.7,2.0,2,0
1782925692.189,437.798,246.9,79.14,99,42,88,929.1,989.9,226.6,79.15,99,43,81,976.7,954.4,223.0,79.15,99,47,87,1003.2,895.5,208.2,79.14,99,44,83,899.4,837.6,2.0,2,0
1782925692.630,438.240,247.1,79.14,99,42,88,1011.7,895.6,226.8,79.15,99,43,81,1003.8,963.8,223.3,79.15,99,47,87,926.9,1004.7,208.2,79.14,99,44,83,910.0,768.9,2.0,2,0
1782925693.078,438.688,247.2,79.14,99,42,88,1026.0,902.9,226.8,79.15,99,43,81,1023.4,938.5,223.3,79.15,99,47,87,921.7,969.3,208.5,79.14,99,44,83,903.6,753.8,2.0,2,0
1782925693.520,439.130,247.3,79.14,99,42,88,1002.1,880.9,226.6,79.15,99,43,81,942.0,1029.9,223.4,79.15,99,47,87,917.2,880.5,208.6,79.14,99,44,83,982.0,760.0,2.0,2,0
1782925693.961,439.571,247.3,79.14,99,42,88,938.7,890.2,226.7,79.15,99,43,81,953.0,947.2,223.3,79.15,99,47,87,1016.7,876.0,208.5,79.14,99,44,83,904.1,827.9,2.0,2,0
1782925694.403,440.013,247.0,79.14,99,42,88,1003.2,879.2,226.6,79.15,99,43,81,936.9,1013.7,223.2,79.15,99,47,87,927.6,865.8,208.5,79.14,99,44,83,917.4,760.9,2.0,2,0
1782925694.844,440.453,247.0,79.14,99,42,88,923.9,951.7,226.7,79.15,99,43,81,937.6,948.4,223.2,79.15,99,47,87,1016.2,889.2,208.6,79.14,99,44,83,916.0,832.1,2.0,2,0
1782925695.285,440.895,247.5,79.14,99,42,88,923.3,878.8,226.8,79.15,99,43,81,1014.1,965.3,223.2,79.15,99,47,87,923.9,963.3,208.7,79.14,99,44,83,904.3,753.9,2.0,2,0
1782925695.734,441.344,247.2,79.14,99,42,88,968.7,928.2,226.5,79.15,99,43,81,943.1,947.9,223.3,79.15,99,47,87,1015.1,899.9,208.6,79.14,99,44,83,898.5,834.9,2.0,2,0
1782925696.179,441.788,246.7,79.14,99,41,88,1012.3,881.6,226.4,79.15,99,43,81,999.9,949.6,223.2,79.15,99,47,87,928.0,953.4,208.5,79.14,99,43,83,903.5,751.0,2.0,2,0
1782925696.621,442.230,246.7,79.14,99,42,88,929.1,972.4,226.5,79.15,99,44,81,944.4,1010.0,223.0,79.15,99,47,87,926.7,899.3,208.5,79.14,99,43,83,993.9,750.7,2.0,2,0
1782925697.064,442.674,246.7,79.14,99,42,88,930.5,941.3,226.5,79.15,99,44,81,1008.6,943.7,223.0,79.15,99,47,87,1012.5,874.8,208.4,79.14,99,44,83,898.3,824.2,2.0,2,0
1782925697.507,443.116,246.7,79.14,99,42,88,1006.7,908.8,226.6,79.15,99,43,81,1021.4,973.0,222.8,79.15,99,47,87,933.2,980.4,208.6,79.14,99,44,83,927.4,795.6,2.0,2,0
1782925697.951,443.561,247.0,79.14,99,42,88,1007.3,894.4,226.7,79.15,99,43,81,933.8,1031.5,222.8,79.15,99,47,87,926.0,938.8,209.0,79.14,99,44,83,904.3,754.2,2.0,2,0
1782925698.396,444.006,247.1,79.14,99,42,88,1008.6,918.5,226.8,79.15,99,43,81,940.5,1030.6,222.9,79.15,99,47,87,930.5,885.9,209.1,79.14,99,44,83,980.2,753.1,2.0,2,0
1782925698.837,444.447,247.1,79.14,99,42,88,931.2,849.0,226.6,79.15,99,43,81,1017.1,964.8,222.7,79.15,99,47,87,924.5,892.2,208.8,79.14,99,44,83,901.3,825.2,2.0,2,0
1782925699.282,444.892,246.9,79.14,99,42,88,927.5,920.2,226.4,79.15,99,43,81,1018.5,968.4,222.6,79.15,99,47,87,926.3,989.5,208.5,79.14,99,44,82,900.8,755.1,2.0,2,0
1782925699.723,445.333,246.8,79.14,99,42,88,1180.9,880.4,226.4,79.15,99,43,81,1009.1,980.6,222.5,79.15,99,47,87,936.4,974.9,208.5,79.14,99,44,82,905.1,748.5,2.0,2,0
1782925700.170,445.780,246.8,79.14,99,42,88,926.5,997.7,226.3,79.15,99,43,81,936.7,1014.5,222.6,79.15,99,47,87,926.4,878.3,208.5,79.14,99,44,82,982.4,764.5,2.0,2,0
1782925700.611,446.221,246.6,79.14,99,42,88,924.3,897.7,226.2,79.15,99,43,81,1013.9,957.0,222.5,79.15,99,47,87,924.7,998.7,208.5,79.14,99,44,82,929.4,833.1,2.0,2,0
1782925701.053,446.663,246.4,79.14,99,42,88,1006.9,887.7,226.2,79.15,99,43,81,937.3,1039.1,222.5,79.15,99,47,87,919.7,887.9,208.4,79.14,99,44,82,982.4,752.4,2.0,2,0
1782925701.495,447.104,246.4,79.14,99,42,88,950.0,932.1,226.3,79.15,99,43,81,931.8,943.3,222.4,79.15,99,48,87,1008.0,888.0,208.2,79.14,99,44,82,898.5,822.2,2.0,2,0
1782925701.938,447.548,246.6,79.14,99,42,88,928.5,884.0,226.3,79.15,99,43,81,1063.0,960.5,222.4,79.15,99,47,86,1005.8,880.8,208.2,79.14,99,44,82,899.5,824.9,2.0,2,0
1782925702.381,447.991,246.9,79.14,99,42,88,1004.8,895.1,226.1,79.15,99,43,81,938.1,1014.8,222.3,79.15,99,47,87,917.0,942.0,208.4,79.14,99,44,82,901.6,756.3,2.0,2,0
1782925702.823,448.433,246.6,79.14,99,42,88,927.2,981.8,226.2,79.15,99,43,81,935.1,953.8,222.4,79.15,99,47,86,1006.2,887.4,208.5,79.14,99,44,82,909.3,858.9,2.0,2,0
1782925703.264,448.874,246.5,79.14,99,42,88,933.5,872.8,226.7,79.15,99,44,81,1018.4,957.0,222.6,79.15,99,47,86,924.9,952.2,208.5,79.14,99,44,82,898.7,758.6,2.0,2,0
1782925703.705,449.315,246.7,79.14,99,42,88,993.4,906.7,226.8,79.15,99,43,81,944.4,1057.7,222.3,79.15,99,47,86,926.6,895.6,208.4,79.14,99,44,82,983.5,759.6,2.0,2,0
1782925704.147,449.756,247.0,79.14,99,42,88,922.4,862.2,226.6,79.15,99,43,81,1022.0,952.4,222.3,79.15,99,47,86,1007.4,910.0,208.1,79.14,99,44,82,903.9,828.2,2.0,2,0
1782925704.588,450.198,247.0,79.14,99,42,88,999.6,894.5,226.6,79.15,99,43,81,935.1,1019.2,222.3,79.15,99,47,86,923.5,874.6,208.1,79.14,99,44,82,983.4,779.2,2.0,2,0
1782925705.029,450.639,246.9,79.14,99,42,87,22342.5,5912.6,226.2,79.15,99,43,81,10356.7,4499.0,222.4,79.15,99,47,86,3458.7,8614.6,208.1,79.14,99,44,82,8100.0,1843.2,2.0,2,0
1782925705.472,451.081,246.9,79.14,99,42,87,10355.0,8561.8,228.7,79.15,98,44,82,10354.9,5266.1,226.0,79.15,98,49,88,7672.0,5734.0,220.8,79.14,99,56,84,7582.3,8602.1,2.0,2,0
1782925705.911,451.521,265.7,79.14,98,44,88,5178.3,8563.7,255.5,79.15,98,38,83,10359.9,5373.5,254.4,79.15,98,43,88,3072.4,6930.8,245.7,79.14,98,46,84,10377.4,8614.4,2.0,2,0
1782925706.354,451.964,288.8,79.14,98,46,89,10355.4,8563.4,282.0,79.15,99,49,83,10355.3,8560.3,279.4,79.15,98,45,89,8577.8,5737.5,267.6,79.14,98,45,85,8876.4,7031.7,2.0,2,0
1782925706.796,452.406,293.2,79.14,98,39,89,4056.5,5052.6,275.1,79.15,97,36,83,10356.6,6938.5,271.6,79.15,97,36,88,3130.1,6849.8,262.8,79.14,99,56,85,10377.8,8611.1,2.0,2,0
1782925707.239,452.849,292.6,79.14,98,45,89,10357.3,4282.0,278.5,79.15,98,38,82,5178.4,8562.8,273.5,79.15,98,42,89,10377.9,7235.3,262.8,79.14,98,44,85,1943.2,7409.1,2.0,2,0
1782925707.679,453.289,291.8,79.14,99,51,89,7149.8,2666.5,285.0,79.15,98,50,83,8832.9,8564.7,281.1,79.15,99,55,88,10378.1,3868.0,271.5,79.14,99,50,85,5191.5,8609.8,2.0,2,0
1782925708.124,453.734,296.5,79.14,99,49,90,923.1,912.7,283.0,79.15,98,45,83,1019.9,990.4,278.4,79.15,98,44,89,925.6,929.2,271.5,79.14,99,50,85,905.5,833.8,1.0,1,0
1782925708.567,454.177,283.0,79.14,99,41,88,1007.9,897.8,283.0,79.15,98,45,83,1008.2,967.9,278.4,79.15,98,44,89,929.2,960.8,262.3,79.14,99,43,83,904.9,756.6,1.0,2,0
1782925709.011,454.621,283.0,79.14,99,41,88,1022.7,923.7,257.3,79.15,99,42,82,939.3,1036.1,253.4,79.15,99,46,87,927.3,898.6,229.5,79.14,99,43,83,984.6,750.6,1.0,2,0
1782925709.451,455.061,254.1,79.14,99,41,88,934.9,913.0,224.7,79.15,99,42,82,1018.6,949.9,221.6,79.15,99,46,87,1005.7,894.3,207.2,79.14,99,43,83,898.2,829.1,1.0,2,0
1782925709.897,455.506,244.9,79.14,99,41,88,926.5,909.0,224.7,79.15,99,42,82,1017.9,992.0,221.4,79.15,99,46,87,928.9,1002.1,207.1,79.14,99,43,83,899.0,747.8,1.0,2,0
1782925710.339,455.949,244.7,79.14,99,41,88,1008.8,906.8,224.5,79.15,99,43,82,941.9,990.3,221.2,79.15,99,46,87,927.0,873.2,207.0,79.14,99,43,83,987.8,748.3,1.0,2,0
1782925710.781,456.391,244.7,79.14,99,41,88,983.7,915.7,224.4,79.15,99,42,81,936.1,1016.8,221.1,79.15,99,46,87,925.6,903.2,207.0,79.14,99,43,83,983.0,748.2,2.0,2,0
1782925711.226,456.836,244.5,79.14,99,41,88,932.5,901.0,224.4,79.15,99,42,81,953.5,948.7,221.1,79.15,99,46,87,1013.0,885.4,206.7,79.14,99,43,83,900.8,832.4,2.0,2,0
1782925711.668,457.278,244.2,79.14,99,41,88,1006.4,899.1,224.1,79.15,99,42,81,1148.3,974.9,221.1,79.15,99,45,87,1209.0,880.5,206.4,79.14,99,43,83,987.3,751.3,2.0,2,0
1782925712.119,457.729,244.3,79.14,99,41,88,940.9,888.5,224.3,79.15,99,42,81,1017.8,964.6,221.2,79.15,99,46,87,924.4,981.7,206.4,79.14,99,43,83,905.8,828.7,2.0,2,0
1782925712.561,458.171,244.3,79.14,99,41,88,1005.8,902.6,224.3,79.15,99,42,81,938.7,1018.2,221.2,79.15,99,46,87,932.3,891.1,206.6,79.14,99,43,83,982.1,868.7,2.0,2,0
1782925713.007,458.617,244.3,79.14,99,41,88,1010.7,856.3,224.2,79.15,99,42,81,938.5,1006.7,220.9,79.15,99,45,87,925.0,878.1,206.4,79.14,99,43,83,980.4,751.4,2.0,2,0
1782925713.449,459.059,244.1,79.14,99,41,88,926.8,996.0,224.0,79.15,99,42,81,936.9,940.2,220.6,79.15,99,46,87,1014.2,879.3,206.2,79.14,99,43,83,901.9,834.6,2.0,2,0
1782925713.890,459.500,243.7,79.14,99,41,88,1007.4,901.6,223.8,79.15,99,43,81,941.7,1013.0,220.5,79.15,99,46,87,927.9,977.1,205.9,79.14,99,43,83,899.1,750.5,2.0,2,0
1782925714.331,459.941,243.5,79.14,99,41,88,932.1,968.5,223.9,79.15,99,42,81,937.3,955.2,220.4,79.15,99,46,87,1004.1,903.5,205.9,79.14,99,43,83,903.6,799.5,2.0,2,0
1782925714.775,460.385,243.8,79.14,99,41,88,1000.9,900.1,223.8,79.15,99,42,81,937.0,1036.6,220.5,79.15,99,46,87,924.7,901.1,206.0,79.14,99,43,83,982.6,753.4,2.0,2,0
1782925715.221,460.831,243.9,79.14,99,41,88,927.5,880.7,223.9,79.15,99,42,81,1018.3,959.7,220.6,79.15,99,46,87,930.5,977.2,206.0,79.14,99,43,83,905.9,746.9,2.0,2,0
1782925715.662,461.272,243.9,79.14,99,41,88,1004.3,885.4,224.1,79.15,99,42,81,936.9,1056.9,220.6,79.15,99,46,87,931.0,890.9,205.9,79.14,99,43,82,919.1,756.8,2.0,2,0
1782925716.107,461.717,244.0,79.14,99,41,88,921.2,974.7,223.8,79.15,99,42,81,936.8,1072.1,220.7,79.15,99,46,87,932.5,897.0,205.9,79.14,99,43,82,984.2,754.2,2.0,2,0
1782925716.551,462.161,244.0,79.14,99,41,88,931.7,972.4,223.8,79.15,99,42,81,935.6,953.2,220.7,79.15,99,46,87,1014.3,886.7,205.9,79.14,99,43,83,903.0,823.4,2.0,2,0
1782925716.992,462.602,244.0,79.14,99,41,88,1009.7,897.6,223.8,79.15,99,42,81,1011.5,1029.9,220.6,79.15,99,46,87,923.7,976.9,205.9,79.14,99,43,82,903.5,754.4,2.0,2,0
1782925717.435,463.045,243.9,79.14,99,41,88,935.6,990.7,224.0,79.15,99,42,81,937.5,1021.4,220.5,79.15,99,46,87,921.4,885.9,206.0,79.14,99,43,82,982.7,766.4,2.0,2,0
1782925717.876,463.486,243.7,79.14,99,41,88,919.8,878.8,223.8,79.15,99,43,81,1020.9,960.2,220.4,79.15,99,46,87,939.0,983.1,205.9,79.14,99,43,82,899.5,819.6,2.0,2,0
1782925718.318,463.928,243.9,79.14,99,41,88,1006.6,901.5,223.8,79.15,99,42,81,945.8,1014.1,220.2,79.15,99,46,87,926.5,898.9,205.6,79.14,99,43,82,983.5,755.5,2.0,2,0
1782925718.761,464.371,244.0,79.14,99,41,88,945.9,902.5,223.8,79.15,99,42,81,944.8,1033.0,220.1,79.15,99,46,86,923.2,884.5,205.4,79.14,99,43,82,983.5,758.2,2.0,2,0
1782925719.204,464.814,243.9,79.14,99,41,88,926.7,913.7,223.7,79.15,99,42,81,1018.5,967.0,220.0,79.15,99,45,86,926.8,978.3,205.0,79.14,99,43,82,903.8,824.1,2.0,2,0
1782925719.649,465.258,243.7,79.14,99,41,88,935.3,913.5,223.7,79.15,99,42,81,1014.3,963.8,220.2,79.15,99,46,87,1019.3,880.2,205.3,79.14,99,43,82,909.4,836.7,2.0,2,0
1782925720.095,465.705,243.8,79.14,99,41,88,1006.7,906.8,223.7,79.15,99,42,81,936.6,1012.4,220.2,79.15,99,46,87,926.3,970.1,205.3,79.14,99,43,82,930.3,763.3,2.0,2,0
1782925720.537,466.147,244.0,79.14,99,41,87,930.6,950.5,223.7,79.15,99,42,81,940.9,936.8,220.2,79.15,99,45,86,932.7,912.1,205.6,79.14,99,43,82,982.1,763.5,2.0,2,0
1782925720.979,466.589,244.0,79.14,99,41,87,932.9,890.7,223.9,79.15,99,42,81,1018.1,947.3,220.0,79.15,99,46,86,918.8,956.3,205.5,79.14,99,43,82,899.3,750.0,2.0,2,0
1782925721.423,467.033,244.0,79.14,99,41,88,1024.7,876.5,223.8,79.15,99,42,81,1025.9,949.8,220.0,79.15,99,46,86,920.8,966.4,205.7,79.14,99,43,82,901.4,752.4,2.0,2,0
1782925721.870,467.480,243.9,79.14,99,41,87,1004.6,903.0,223.8,79.15,99,43,81,936.0,1020.5,220.2,79.15,99,46,86,928.3,899.9,205.4,79.14,99,43,82,907.0,749.2,2.0,2,0
1782925722.312,467.922,244.2,79.14,99,41,87,924.4,968.4,224.0,79.15,99,42,81,933.7,953.7,220.2,79.15,99,45,86,1009.2,908.5,205.3,79.14,99,43,82,905.0,846.5,2.0,2,0
1782925722.753,468.362,244.2,79.14,99,41,87,933.3,894.0,224.1,79.15,99,43,81,1016.8,940.9,219.9,79.15,99,46,86,928.9,991.3,205.3,79.14,99,43,82,898.4,752.2,2.0,2,0
1782925723.195,468.805,244.1,79.14,99,41,87,1006.6,883.8,224.1,79.15,99,42,81,935.2,1021.0,219.8,79.15,99,45,86,930.4,926.6,205.2,79.14,99,43,82,981.9,748.5,2.0,2,0
1782925723.636,469.246,244.2,79.14,99,41,87,925.4,903.1,224.0,79.15,99,42,81,1025.9,944.0,219.7,79.15,99,46,86,992.0,908.9,205.2,79.14,99,43,82,910.0,908.5,2.0,2,0
1782925724.081,469.691,243.4,79.14,85,35,88,10355.1,238.4,224.0,79.15,99,42,81,8707.3,8563.4,219.7,79.15,99,46,86,6257.1,3358.4,205.1,79.14,99,43,82,10377.6,8606.2,2.0,2,0
1782925724.524,470.134,266.3,79.14,98,43,89,8617.4,5539.6,231.2,79.15,98,52,83,10356.6,8561.6,227.1,79.15,99,54,88,10374.8,4305.5,222.7,79.14,98,48,84,4685.8,8605.0,2.0,2,0
1782925724.965,470.575,266.3,79.14,98,43,89,10354.7,4283.3,257.3,79.15,98,42,83,5177.7,8562.3,252.8,79.15,98,43,88,10378.6,4310.5,247.8,79.14,99,50,84,4558.7,8607.1,2.0,2,0
1782925725.410,471.020,292.4,79.14,99,50,89,6690.9,8562.6,283.7,79.15,98,45,83,10355.0,8561.5,280.4,79.15,98,49,88,10391.8,17188.3,268.3,79.14,99,53,84,14634.0,7195.4,2.0,2,0
1782925725.851,471.461,296.3,79.14,98,40,89,10355.7,3028.4,282.3,79.15,99,48,83,5926.5,8565.3,279.1,79.15,98,48,89,10376.4,8604.7,268.9,79.14,98,50,84,6695.8,7408.3,2.0,2,0
1782925726.293,471.902,296.2,79.14,99,47,89,7197.1,8560.6,281.3,79.15,98,41,83,10355.2,4287.6,277.3,79.15,98,40,88,5188.0,8603.4,265.0,79.14,98,44,85,10379.8,4307.0,2.0,2,0
1782925726.735,472.345,293.5,79.14,98,45,90,10360.0,8565.0,284.6,79.15,99,51,83,10360.5,5056.4,280.3,79.15,98,48,89,3858.6,7967.5,267.9,79.14,98,46,85,10378.0,8600.5,2.0,2,0
1782925727.183,472.793,295.2,79.14,98,43,89,934.9,908.0,281.4,79.15,99,44,82,1016.3,949.3,276.5,79.15,99,46,88,931.1,988.8,259.2,79.14,99,43,83,905.5,749.4,1.0,1,0
1782925727.623,473.233,281.1,79.14,99,41,88,929.7,961.1,255.3,79.15,99,43,82,944.8,958.7,246.9,79.15,99,47,87,1009.1,891.9,259.2,79.14,99,43,83,981.2,760.5,1.0,2,0
1782925728.064,473.674,257.1,79.14,99,42,88,930.7,905.8,255.3,79.15,99,43,82,1013.7,939.4,246.9,79.15,99,47,87,937.1,970.4,231.3,79.14,99,44,83,898.3,756.4,1.0,2,0
1782925728.503,474.113,257.1,79.14,99,42,88,929.5,935.8,229.2,79.15,99,43,82,938.2,1034.6,222.8,79.15,99,47,87,932.3,910.3,208.7,79.14,99,44,83,984.0,754.0,1.0,2,0
1782925728.943,474.553,247.2,79.14,99,42,88,1069.0,1059.7,227.2,79.15,99,43,81,939.2,955.1,223.4,79.15,99,47,87,1011.2,905.6,208.8,79.14,99,44,83,966.9,764.6,1.0,2,0
1782925729.390,474.999,247.4,79.14,99,42,88,931.6,896.9,226.9,79.15,99,43,81,1018.2,976.5,223.4,79.15,99,47,87,929.9,961.9,208.6,79.14,99,44,83,898.4,753.4,2.0,2,0
1782925729.830,475.440,247.3,79.14,99,42,88,1004.2,917.5,226.6,79.15,99,43,81,940.0,1031.8,223.0,79.15,99,47,87,928.4,883.9,208.3,79.14,99,43,83,983.9,766.1,2.0,2,0
1782925730.272,475.882,247.2,79.14,99,42,88,927.6,952.8,226.4,79.15,99,43,81,939.6,968.3,222.6,79.15,99,47,87,1009.9,868.1,208.1,79.14,99,44,83,902.4,833.2,2.0,2,0
1782925730.713,476.323,247.1,79.14,99,42,88,1018.5,897.3,226.5,79.15,99,44,81,1066.6,961.2,223.1,79.15,99,47,87,928.7,955.0,208.4,79.14,99,44,83,900.4,762.2,2.0,2,0
1782925731.165,476.775,247.2,79.14,99,42,88,926.8,889.7,226.9,79.15,99,43,81,1017.7,928.9,223.3,79.15,99,47,87,929.6,993.6,208.9,79.14,99,44,83,904.1,825.5,2.0,2,0
1782925731.606,477.216,247.4,79.14,99,42,88,1008.5,892.4,227.0,79.15,99,43,81,935.5,1034.6,223.5,79.15,99,47,87,926.2,1000.1,208.9,79.14,99,44,83,908.2,815.0,2.0,2,0
1782925732.053,477.663,247.4,79.14,99,42,88,1009.2,886.1,227.0,79.15,99,43,81,939.7,1004.0,223.5,79.15,99,47,87,925.5,901.0,209.0,79.14,99,44,83,982.3,756.1,2.0,2,0
1782925732.499,478.109,247.4,79.14,99,42,88,1021.2,910.6,226.9,79.15,99,43,81,942.3,1006.5,223.4,79.15,99,47,87,929.6,881.3,209.0,79.14,99,44,83,984.0,759.5,2.0,2,0
1782925732.940,478.550,247.2,79.14,99,42,88,933.1,963.3,226.9,79.15,99,43,81,941.2,951.6,223.4,79.15,99,47,87,1007.6,884.3,208.6,79.14,99,44,83,898.7,826.8,2.0,2,0
1782925733.382,478.992,247.0,79.14,99,42,88,1005.6,894.9,226.9,79.15,99,43,81,937.2,981.7,223.3,79.15,99,47,87,929.9,983.9,208.3,79.14,99,44,83,898.9,748.1,2.0,2,0
1782925733.823,479.433,247.0,79.14,99,42,88,932.0,941.4,226.7,79.15,99,43,81,939.2,938.8,223.0,79.15,99,47,87,1006.0,891.0,208.1,79.14,99,44,83,902.9,856.7,2.0,2,0
1782925734.264,479.874,246.8,79.14,99,42,88,927.4,888.5,226.6,79.15,99,43,81,1017.2,930.7,223.1,79.15,99,47,87,930.2,985.4,208.0,79.14,99,44,83,929.0,837.4,2.0,2,0
1782925734.707,480.317,246.6,79.14,99,42,88,1185.8,905.0,226.5,79.15,99,43,81,1083.8,956.0,222.9,79.15,99,47,87,1007.9,876.1,208.1,79.14,99,44,82,905.8,821.3,2.0,2,0
1782925735.159,480.769,246.6,79.14,99,42,88,928.6,892.8,226.2,79.15,99,43,81,1015.4,950.1,222.9,79.15,99,47,87,928.1,956.6,208.2,79.14,99,44,83,899.4,753.2,2.0,2,0
1782925735.602,481.212,246.4,79.14,99,42,88,1009.0,889.4,226.2,79.15,99,43,81,935.6,987.5,222.9,79.15,99,47,87,929.6,864.8,208.2,79.14,99,44,83,1000.0,761.3,2.0,2,0
1782925736.043,481.653,246.3,79.14,99,41,88,924.4,963.4,226.1,79.15,99,43,81,942.6,961.5,223.2,79.15,99,48,87,1006.6,878.0,208.6,79.14,99,44,82,899.2,824.4,2.0,2,0
1782925736.485,482.095,246.3,79.14,99,41,88,922.1,899.6,226.2,79.15,99,44,81,1017.3,958.8,223.1,79.15,99,48,87,928.4,971.2,208.6,79.14,99,44,83,903.7,757.3,2.0,2,0
1782925736.926,482.536,246.5,79.14,99,42,88,993.0,894.5,226.2,79.15,99,43,81,1035.5,1032.0,222.8,79.15,99,47,87,922.8,948.9,208.2,79.14,99,44,82,906.3,752.5,2.0,2,0
1782925737.371,482.981,246.4,79.14,99,42,88,931.1,963.4,226.4,79.15,99,43,81,939.7,939.3,223.0,79.15,99,47,87,1009.0,898.0,208.0,79.14,99,44,82,903.8,824.9,2.0,2,0
1782925737.814,483.424,246.4,79.14,99,42,88,923.7,874.7,226.1,79.15,99,43,81,1015.8,940.9,223.0,79.15,99,47,87,921.6,969.4,207.8,79.14,99,44,82,899.0,847.2,2.0,2,0
1782925738.686,484.296,246.8,79.14,99,42,88,1001.3,986.0,225.9,79.15,99,43,81,1095.6,973.9,222.9,79.15,99,47,87,1012.2,886.2,208.0,79.14,99,44,82,899.8,831.0,2.0,2,0
1782925739.137,484.746,246.9,79.14,99,42,87,1007.4,894.5,226.0,79.15,99,43,81,942.2,1023.8,222.8,79.15,99,47,87,923.0,950.1,208.0,79.14,99,44,82,908.8,755.6,2.0,2,0
1782925739.577,485.187,246.8,79.14,99,42,88,921.9,942.0,226.0,79.15,99,43,81,936.5,925.4,222.8,79.15,99,47,87,1004.4,874.4,208.1,79.14,99,44,82,904.4,914.9,2.0,2,0
1782925740.021,485.631,246.7,79.14,99,42,88,929.2,896.0,226.4,79.15,99,44,81,1016.0,932.0,222.9,79.15,99,48,87,928.7,990.2,208.2,79.14,99,44,82,905.2,812.6,2.0,2,0
1782925740.462,486.072,246.7,79.14,99,42,88,1012.2,898.0,226.5,79.15,99,44,81,1007.4,959.5,223.1,79.15,99,47,87,930.1,944.7,208.1,79.14,99,44,82,904.7,754.6,2.0,2,0
1782925740.906,486.516,246.7,79.14,99,42,87,924.8,948.4,226.3,79.15,99,43,81,937.4,962.6,223.0,79.15,99,48,87,923.7,863.8,207.9,79.14,99,44,82,980.1,758.1,2.0,2,0
1782925741.348,486.958,246.6,79.14,99,42,88,931.1,882.7,226.2,79.15,99,43,81,1017.4,935.4,223.0,79.15,99,47,87,923.2,964.2,207.8,79.14,99,44,82,905.1,749.6,2.0,2,0
1782925741.789,487.399,246.5,79.14,99,42,87,1034.1,871.2,226.2,79.15,99,43,81,935.2,1044.9,223.0,79.15,99,47,86,924.3,889.4,207.7,79.14,99,44,82,982.9,769.4,2.0,2,0
1782925742.232,487.842,246.4,79.14,99,42,88,924.7,952.4,226.1,79.15,99,43,81,935.3,956.2,222.8,79.15,99,47,87,1004.7,880.4,207.6,79.14,99,44,82,899.8,838.4,2.0,2,0
1782925742.673,488.283,246.4,79.14,99,42,87,943.4,882.3,226.2,79.15,99,43,81,1049.3,956.4,222.8,79.15,99,47,87,935.5,974.4,207.5,79.14,99,44,82,903.2,757.5,2.0,2,0
1782925743.117,488.727,242.3,79.14,76,20,89,4459.0,4719.3,235.8,79.15,99,55,83,10357.0,4289.4,233.2,79.15,99,54,88,4537.7,8127.2,207.5,79.14,99,44,82,10379.8,5740.1,2.0,2,0
1782925743.559,489.169,268.7,79.14,98,42,89,7177.4,6004.4,235.8,79.15,99,55,83,5470.6,8561.8,233.2,79.15,99,54,88,10378.6,3585.4,225.2,79.14,99,52,84,5188.1,8605.0,2.0,2,0
1782925744.000,489.610,268.7,79.14,98,42,89,6316.6,3403.7,263.4,79.15,99,46,82,9683.3,8562.1,256.8,79.15,98,44,88,8576.7,1914.1,254.0,79.14,98,44,84,8734.6,8610.7,2.0,2,0
1782925744.441,490.051,289.4,79.14,98,46,89,6452.7,17114.9,284.8,79.15,99,49,83,19588.7,4281.3,280.8,79.15,98,47,89,5188.9,8607.6,267.5,79.14,98,45,85,9899.6,224.3,2.0,2,0
1782925744.884,490.494,296.3,79.14,98,41,89,10355.4,7289.1,281.9,79.15,99,55,82,5972.4,7133.1,278.5,79.15,98,57,88,7258.6,6462.9,268.4,79.14,99,54,85,10376.8,8601.9,2.0,2,0
1782925745.327,490.936,295.0,79.14,98,43,89,8816.7,8560.6,280.0,79.15,98,41,83,8602.0,1330.2,276.7,79.15,98,42,89,8735.9,8606.0,265.6,79.14,98,45,85,6257.8,3391.9,2.0,2,0
1782925745.768,491.378,294.2,79.14,99,52,89,10358.1,8521.0,285.2,79.15,99,51,83,5179.7,4282.0,280.9,79.15,99,52,89,10378.2,8604.0,269.7,79.14,98,49,85,10376.2,7206.5,2.0,2,0
1782925746.212,491.822,297.1,79.14,98,44,90,1004.4,937.7,280.6,79.15,99,42,82,934.1,1032.6,276.1,79.15,99,46,88,929.7,899.5,256.8,79.14,99,44,83,982.9,759.9,1.0,2,0
1782925746.655,492.265,277.5,79.14,99,41,88,935.5,966.3,253.4,79.15,99,43,82,942.4,977.8,249.9,79.15,99,46,87,1035.6,921.9,223.9,79.14,99,43,83,1075.8,754.2,1.0,2,0
1782925747.102,492.712,255.0,79.14,99,42,88,926.8,967.3,253.4,79.15,99,43,82,941.9,956.4,249.9,79.15,99,46,87,1010.0,890.7,223.9,79.14,99,43,83,903.1,825.9,1.0,2,0
1782925747.542,493.152,246.3,79.14,99,42,88,1012.8,907.4,227.1,79.15,99,43,82,1011.8,943.6,223.2,79.15,99,46,87,924.3,1005.7,207.6,79.14,99,43,83,902.1,756.0,1.0,2,0
1782925747.984,493.594,246.3,79.14,99,42,88,929.6,953.3,226.3,79.15,99,43,81,936.3,1012.4,222.9,79.15,99,46,87,925.5,881.9,207.6,79.14,99,44,83,980.1,754.0,1.0,2,0
1782925748.425,494.035,246.4,79.14,99,42,88,924.9,901.0,226.6,79.15,99,43,82,1016.5,970.8,222.9,79.15,99,47,87,923.0,903.2,207.7,79.14,99,44,83,905.5,859.4,1.0,2,0
1782925748.868,494.478,246.5,79.14,99,42,88,1013.3,890.8,227.1,79.15,99,43,81,937.3,1038.1,223.3,79.15,99,46,87,926.3,970.4,208.2,79.14,99,44,83,903.5,753.7,2.0,2,0
1782925749.310,494.920,246.6,79.14,99,41,88,928.0,957.5,226.8,79.15,99,42,81,943.4,1014.7,223.1,79.15,99,46,87,927.2,881.3,208.1,79.14,99,44,83,983.4,758.3,2.0,2,0
1782925749.752,495.362,246.3,79.14,99,42,88,1037.8,980.5,226.5,79.15,99,43,81,943.6,988.7,223.1,79.15,99,47,87,1006.7,871.3,207.8,79.14,99,44,83,899.4,837.4,2.0,2,0
1782925750.197,495.807,246.1,79.14,99,41,88,926.4,878.0,226.2,79.15,99,43,81,1020.0,972.4,222.8,79.15,99,47,87,927.5,973.0,207.8,79.14,99,44,83,902.7,748.1,2.0,2,0
1782925750.636,496.246,246.2,79.14,99,41,88,924.1,939.5,226.1,79.15,99,43,81,952.5,997.5,222.7,79.15,99,47,87,927.8,888.7,207.8,79.14,99,44,83,1009.6,833.2,2.0,2,0
1782925751.084,496.694,246.1,79.14,99,41,88,929.8,956.7,226.1,79.15,99,43,81,932.5,941.4,222.7,79.15,99,47,87,925.4,890.8,207.6,79.14,99,44,83,983.8,761.2,2.0,2,0
1782925751.525,497.135,245.7,79.14,99,41,88,930.3,894.9,225.8,79.15,99,43,81,1014.5,937.4,222.7,79.15,99,47,87,924.9,1010.6,207.5,79.14,99,44,83,906.1,746.6,2.0,2,0
1782925751.967,497.577,245.7,79.14,99,41,88,1056.7,873.7,225.8,79.15,99,43,81,932.2,978.0,222.9,79.15,99,48,87,931.5,978.8,207.3,79.14,99,43,83,899.1,752.4,2.0,2,0
1782925752.412,498.021,245.4,79.14,99,41,88,923.4,969.9,225.7,79.15,99,43,81,937.8,1007.6,222.8,79.15,99,47,87,926.7,887.6,207.4,79.14,99,44,83,976.7,753.8,2.0,2,0
1782925752.853,498.463,245.4,79.14,99,41,88,929.9,872.8,225.6,79.15,99,43,81,1023.8,964.7,222.7,79.15,99,47,87,917.0,899.4,207.2,79.14,99,43,83,908.8,822.5,2.0,2,0
1782925753.294,498.904,245.2,79.14,99,41,88,1005.1,886.7,225.6,79.15,99,43,81,935.6,1035.6,222.5,79.15,99,47,87,918.7,875.1,207.1,79.14,99,43,83,984.3,751.5,2.0,2,0
1782925753.737,499.346,245.4,79.14,99,42,88,932.2,960.2,225.5,79.15,99,43,81,1026.9,1037.6,222.6,79.15,99,47,87,918.7,870.6,207.0,79.14,99,43,82,985.2,754.9,2.0,2,0
1782925754.181,499.791,245.6,79.14,99,41,88,926.5,970.2,225.8,79.15,99,43,81,938.3,977.2,222.7,79.15,99,47,87,1008.2,901.5,207.5,79.14,99,43,82,898.3,828.6,2.0,2,0
1782925754.624,500.234,245.7,79.14,99,42,88,1001.2,896.8,225.6,79.15,99,43,81,1036.4,967.7,222.3,79.15,99,46,87,1068.4,892.4,207.5,79.14,99,43,82,947.2,830.9,2.0,2,0
1782925755.070,500.680,245.5,79.14,99,42,88,1012.8,905.9,225.6,79.15,99,43,81,935.9,960.9,222.3,79.15,99,46,87,929.2,975.7,207.5,79.14,99,43,83,903.7,749.5,2.0,2,0
1782925755.512,501.121,245.5,79.14,99,42,88,929.1,980.2,225.8,79.15,99,43,81,937.0,958.1,222.4,79.15,99,47,87,1008.1,891.9,207.6,79.14,99,43,82,903.8,789.4,2.0,2,0
1782925755.953,501.563,245.5,79.14,99,42,88,928.5,882.6,225.5,79.15,99,43,81,1015.0,962.3,222.1,79.15,99,46,87,931.4,992.7,207.4,79.14,99,44,82,899.1,751.1,2.0,2,0
1782925756.394,502.003,245.4,79.14,99,42,88,995.5,901.9,225.5,79.15,99,43,81,937.5,1009.9,222.1,79.15,99,47,87,931.5,891.7,207.0,79.14,99,43,82,977.4,756.4,2.0,2,0
1782925756.834,502.444,245.6,79.14,99,42,88,922.8,870.0,225.9,79.15,99,43,81,1016.3,926.4,222.5,79.15,99,46,87,925.8,977.6,207.1,79.14,99,43,82,908.0,830.5,2.0,2,0
1782925757.275,502.885,245.7,79.14,99,42,88,1007.4,912.9,225.9,79.15,99,43,81,936.0,1013.2,222.3,79.15,99,46,87,923.9,882.7,206.9,79.14,99,44,82,983.4,748.5,2.0,2,0
1782925757.715,503.325,245.4,79.14,99,42,88,933.8,1040.7,225.9,79.15,99,42,81,964.8,936.8,222.0,79.15,99,46,87,1008.0,885.8,206.6,79.14,99,43,82,909.7,835.9,2.0,2,0
1782925758.158,503.768,245.3,79.14,99,42,88,940.5,897.9,225.4,79.15,99,43,81,1023.6,939.3,222.1,79.15,99,46,87,923.5,956.3,206.9,79.14,99,44,82,899.2,753.2,2.0,2,0
1782925758.600,504.210,245.5,79.14,99,42,87,929.4,977.4,225.4,79.15,99,43,81,939.6,1020.6,222.1,79.15,99,46,87,928.6,931.7,206.9,79.14,99,44,82,904.5,806.9,2.0,2,0
1782925759.047,504.657,245.7,79.14,99,42,88,921.4,963.0,225.2,79.15,99,43,81,942.4,935.7,222.0,79.15,99,46,87,986.8,878.2,207.2,79.14,99,44,82,992.8,759.0,2.0,2,0
1782925759.489,505.099,245.7,79.14,99,42,88,928.1,887.5,225.4,79.15,99,42,81,1013.7,953.0,222.2,79.15,99,46,87,924.3,894.2,207.3,79.14,99,44,82,903.8,837.4,2.0,2,0
1782925759.931,505.541,245.4,79.14,99,41,87,1001.7,900.8,225.2,79.15,99,42,81,938.0,1045.2,221.9,79.15,99,45,87,924.6,886.9,207.2,79.14,99,44,82,984.6,759.5,2.0,2,0
1782925760.371,505.981,245.2,79.14,99,42,87,930.1,978.5,225.2,79.15,99,43,81,935.7,946.2,221.7,79.15,99,47,87,1005.8,895.4,207.4,79.14,99,44,82,898.4,833.8,2.0,2,0
1782925760.813,506.423,245.1,79.14,99,41,87,1002.8,859.7,225.1,79.15,99,43,81,941.7,1058.2,221.5,79.15,99,46,87,931.4,957.4,207.1,79.14,99,44,82,904.2,753.2,2.0,2,0
1782925761.254,506.863,245.1,79.14,99,41,87,929.9,959.5,225.0,79.15,99,43,81,941.6,965.9,221.6,79.15,99,47,87,1004.0,877.6,207.0,79.14,99,44,82,898.6,824.2,2.0,2,0
1782925761.694,507.304,245.1,79.14,99,41,87,920.9,892.5,225.2,79.15,99,43,81,1026.2,982.5,222.0,79.15,99,47,87,1122.8,885.2,207.3,79.14,99,44,82,281.5,15997.4,2.0,2,0
1782925762.146,507.756,244.8,79.14,87,32,88,10355.3,8561.1,239.0,79.15,98,47,83,5183.4,4281.8,235.4,79.15,99,52,88,10377.4,8599.1,207.3,79.14,99,44,82,9892.1,4589.5,2.0,2,0
1782925762.587,508.197,270.7,79.14,98,41,89,3284.2,6646.9,239.0,79.15,98,47,83,10355.7,8564.3,235.4,79.15,99,52,88,5180.2,4304.2,227.4,79.14,98,48,84,10382.0,8615.7,2.0,2,0
1782925763.030,508.640,292.1,79.14,99,53,89,3829.7,6658.4,265.6,79.15,98,46,82,10357.5,6062.0,259.1,79.15,99,49,88,2839.0,7885.0,258.0,79.14,98,45,84,10378.0,7055.2,2.0,2,0
1782925763.470,509.080,292.1,79.14,99,53,89,10356.2,5043.1,282.7,79.15,99,50,83,3042.8,8559.0,280.0,79.15,99,52,89,10378.0,3.9,267.6,79.14,98,44,85,9893.0,8606.8,2.0,2,0
1782925763.911,509.521,295.1,79.14,97,33,89,10354.8,6454.8,283.7,79.15,98,55,83,6852.8,6290.5,280.5,79.15,98,50,89,6696.9,8603.2,270.2,79.14,98,47,85,10376.5,8603.9,2.0,2,0
1782925764.354,509.964,295.2,79.14,98,42,89,10355.1,4282.1,280.8,79.15,98,43,83,5179.2,8565.5,276.6,79.15,98,44,89,10376.3,4303.1,265.4,79.14,99,49,84,5187.5,8607.3,2.0,2,0
1782925764.796,510.406,294.1,79.14,99,49,89,10358.2,8567.8,284.4,79.15,98,44,83,10355.6,8035.7,278.8,79.15,99,49,89,6407.5,7045.8,268.3,79.14,99,49,85,5206.0,8466.5,1.0,1,0
1782925765.242,510.852,295.6,79.14,98,42,88,925.0,964.5,274.8,79.15,99,43,82,935.1,957.3,271.4,79.15,99,46,88,1004.3,886.3,251.9,79.14,99,43,83,905.6,800.4,1.0,2,0
1782925765.683,511.293,275.4,79.14,99,42,88,924.9,880.3,245.5,79.15,99,42,82,1031.3,976.4,244.6,79.15,99,46,87,931.3,979.6,220.5,79.14,99,43,83,903.9,749.2,1.0,2,0
1782925766.125,511.735,251.7,79.14,99,40,88,1009.0,905.5,224.8,79.15,99,41,82,939.8,1032.0,221.3,79.15,99,44,87,923.3,892.7,220.5,79.14,99,43,83,978.8,765.9,1.0,2,0
1782925766.566,512.176,244.4,79.14,99,40,88,930.4,957.0,224.8,79.15,99,41,82,945.3,988.8,221.3,79.15,99,44,87,1003.6,901.5,206.7,79.14,99,42,83,904.2,825.6,1.0,2,0
1782925767.011,512.621,244.4,79.14,99,40,88,937.5,920.8,222.8,79.15,99,41,81,1023.8,955.6,219.4,79.15,99,44,87,926.1,965.1,204.8,79.14,99,42,83,904.5,751.9,1.0,2,0
1782925767.477,513.087,242.9,79.14,99,40,88,925.1,943.0,222.3,79.15,99,41,81,940.0,963.0,219.1,79.15,99,44,87,1012.3,915.3,204.7,79.14,99,42,83,903.2,823.2,1.0,2,0
1782925767.918,513.528,242.7,79.14,99,40,88,1007.0,883.8,222.1,79.15,99,41,81,1032.4,958.0,219.0,79.15,99,43,87,930.5,969.7,204.3,79.14,99,42,83,901.7,750.0,2.0,2,0
1782925768.360,513.970,242.4,79.14,99,40,88,925.5,961.9,222.1,79.15,99,41,81,935.2,1005.7,218.7,79.15,99,44,87,931.4,897.6,204.1,79.14,99,42,83,982.2,754.9,2.0,2,0
1782925768.802,514.411,242.1,79.14,99,41,88,930.8,895.9,222.4,79.15,99,42,81,1016.7,1000.4,218.6,79.15,99,45,87,1016.0,904.0,204.3,79.14,99,42,83,904.2,842.7,2.0,2,0
1782925769.245,514.855,242.3,79.14,99,40,88,941.8,915.7,222.4,79.15,99,42,81,1007.7,957.9,218.7,79.15,99,44,87,920.6,968.3,204.3,79.14,99,42,83,902.5,748.2,2.0,2,0
1782925769.687,515.297,242.6,79.14,99,40,88,928.4,1119.5,222.3,79.15,99,41,81,946.0,1047.4,218.7,79.15,99,44,87,928.9,991.4,204.2,79.14,99,42,83,898.4,745.6,2.0,2,0
1782925770.138,515.748,242.4,79.14,99,40,88,1004.3,918.6,222.3,79.15,99,41,81,938.5,1012.7,218.8,79.15,99,44,87,929.9,872.8,204.2,79.14,99,42,83,997.2,749.7,2.0,2,0
1782925770.580,516.190,242.2,79.14,99,40,88,931.4,967.7,222.3,79.15,99,41,81,940.5,976.6,218.8,79.15,99,44,87,1013.4,889.6,204.4,79.14,99,42,83,900.0,832.7,2.0,2,0
1782925771.023,516.633,242.0,79.14,99,40,88,928.1,884.0,222.4,79.15,99,41,81,1014.0,950.6,218.9,79.15,99,44,87,917.0,898.1,204.3,79.14,99,42,82,903.2,833.0,2.0,2,0
1782925771.466,517.076,242.0,79.14,99,40,88,1008.6,902.1,221.9,79.15,99,42,81,1016.7,988.9,218.6,79.15,99,44,87,939.8,976.2,204.1,79.14,99,42,82,904.7,752.3,2.0,2,0
1782925771.908,517.518,241.8,79.14,99,40,88,933.4,948.5,221.9,79.15,99,41,81,937.3,1022.5,218.5,79.15,99,45,87,925.2,884.0,204.2,79.14,99,42,82,983.5,752.5,2.0,2,0
1782925772.351,517.961,242.2,79.14,99,40,88,925.2,909.1,222.5,79.15,99,42,81,961.3,964.7,219.3,79.15,99,45,87,1013.7,893.2,204.2,79.14,99,42,82,906.2,835.7,2.0,2,0
1782925772.792,518.402,242.3,79.14,99,41,88,1012.3,908.6,222.6,79.15,99,42,81,935.9,1017.8,219.3,79.15,99,45,87,923.0,908.7,204.1,79.14,99,43,82,945.6,783.9,2.0,2,0
1782925773.237,518.846,242.5,79.14,99,40,88,996.8,904.1,222.7,79.15,99,42,81,941.1,1016.3,219.3,79.15,99,45,87,925.1,882.8,204.1,79.14,99,42,82,983.3,749.6,2.0,2,0
1782925773.678,519.288,242.7,79.14,99,40,88,927.6,877.8,223.0,79.15,99,42,81,946.7,940.6,219.5,79.15,99,45,87,1060.8,917.1,204.1,79.14,99,42,82,985.4,765.0,2.0,2,0
1782925774.123,519.733,242.4,79.14,99,41,87,929.1,894.5,222.8,79.15,99,41,81,1020.9,952.4,219.0,79.15,99,44,87,923.0,978.9,204.1,79.14,99,42,82,905.5,753.4,2.0,2,0
1782925774.565,520.175,242.2,79.14,99,40,88,1013.0,907.5,222.8,79.15,99,41,81,950.9,1019.5,219.0,79.15,99,44,87,928.5,891.0,204.1,79.14,99,42,82,984.0,781.2,2.0,2,0
1782925775.007,520.617,242.2,79.14,99,40,88,929.2,954.6,222.4,79.15,99,42,81,938.6,957.8,218.5,79.15,99,45,87,937.7,909.8,204.0,79.14,99,42,82,978.0,751.8,2.0,2,0
1782925775.451,521.061,242.1,79.14,99,41,87,930.7,918.4,222.4,79.15,99,42,81,1017.8,966.7,219.0,79.15,99,44,87,927.5,997.9,204.3,79.14,99,42,82,905.1,755.6,2.0,2,0
1782925775.893,521.503,242.0,79.14,99,40,87,1001.8,865.9,222.3,79.15,99,42,81,937.4,1026.4,219.1,79.15,99,45,87,935.1,874.6,204.4,79.14,99,42,82,984.6,748.2,2.0,2,0
1782925776.336,521.946,242.3,79.14,99,41,87,929.1,965.5,222.1,79.15,99,41,81,937.4,955.3,218.8,79.15,99,44,87,1010.2,875.7,204.2,79.14,99,42,82,903.9,792.1,2.0,2,0
1782925776.778,522.387,242.2,79.14,99,41,87,928.1,879.2,222.0,79.15,99,42,81,1019.3,964.6,218.9,79.15,99,45,87,926.0,970.5,204.2,79.14,99,42,82,898.2,753.0,2.0,2,0
1782925777.220,522.830,242.1,79.14,99,40,87,1008.0,891.3,221.9,79.15,99,42,81,940.5,1019.6,218.7,79.15,99,44,86,934.6,898.5,204.1,79.14,99,42,82,977.4,755.5,2.0,2,0
1782925777.661,523.271,242.3,79.14,99,41,87,931.3,964.2,222.0,79.15,99,42,81,937.7,1034.2,218.9,79.15,99,44,86,1016.1,897.3,204.1,79.14,99,42,82,914.1,831.4,2.0,2,0
1782925778.103,523.713,242.2,79.14,99,41,87,939.8,889.4,222.0,79.15,99,42,81,1027.1,970.9,218.9,79.15,99,44,86,929.4,991.4,204.1,79.14,99,42,82,899.3,760.2,2.0,2,0
1782925778.549,524.159,242.0,79.14,99,41,87,1011.7,922.9,222.0,79.15,99,42,81,934.0,1011.1,219.0,79.15,99,45,87,925.4,879.1,204.2,79.14,99,42,82,906.1,753.1,2.0,2,0
1782925778.992,524.602,242.0,79.14,99,41,87,919.5,977.6,222.0,79.15,99,42,81,984.3,1055.9,218.8,79.15,99,45,86,929.7,898.9,204.3,79.14,99,43,82,914.7,756.9,2.0,2,0
1782925779.438,525.047,242.0,79.14,99,41,87,925.1,973.2,222.2,79.15,99,42,81,940.8,934.0,219.1,79.15,99,45,86,1008.8,875.9,204.3,79.14,99,42,82,898.9,829.3,2.0,2,0
1782925779.879,525.489,242.0,79.14,99,40,87,927.5,879.8,222.3,79.15,99,42,81,1020.2,1165.8,219.3,79.15,99,45,87,1078.7,889.0,204.2,79.14,99,42,82,972.4,755.8,2.0,2,0
1782925780.330,525.940,241.9,79.14,99,40,87,928.4,898.5,222.2,79.15,99,42,81,1022.4,955.0,219.4,79.15,99,45,86,990.8,868.7,204.0,79.14,99,42,82,904.6,828.4,2.0,2,0
1782925780.773,526.382,242.1,79.14,99,40,87,11061.9,18257.5,222.1,79.15,99,42,81,7146.7,8564.6,218.9,79.15,99,45,86,7118.2,2727.4,204.0,79.14,99,42,82,10382.7,7169.5,0.0,2,0
1782925781.223,526.833,247.3,79.14,98,53,89,6692.5,5254.0,239.5,79.15,98,50,82,7904.6,8560.1,238.5,79.15,98,54,88,10374.8,8601.1,232.1,79.14,98,43,84,10376.0,8601.0,0.0,2,0
1782925781.670,527.280,270.2,79.14,98,39,89,5179.7,8562.5,264.8,79.15,98,44,83,10358.4,6886.5,261.2,79.15,98,46,88,5195.4,4313.3,256.4,79.14,98,47,84,5190.5,8607.8,0.0,2,0
1782925782.125,527.734,293.9,79.14,97,46,89,10354.5,5214.1,279.4,79.15,98,44,83,7975.1,5309.0,275.3,79.15,98,45,88,7565.4,8603.0,256.4,79.14,98,47,84,10376.7,8603.5,0.0,2,0
1782925782.567,528.176,289.7,79.14,99,53,89,10354.1,4885.8,279.4,79.15,98,44,83,3901.4,8560.5,275.3,79.15,98,45,88,10378.7,6211.9,262.1,79.14,98,37,84,2648.5,8123.4,0.0,2,0
1782925783.009,528.619,289.7,79.14,99,53,89,5187.0,8561.8,279.4,79.15,99,54,83,10355.7,5061.8,276.4,79.15,98,50,89,4825.0,4541.0,263.7,79.14,98,43,84,10376.7,8606.5,0.0,2,0
1782925783.454,529.064,290.7,79.14,98,40,89,5177.5,8560.6,278.1,79.15,98,44,83,10356.1,4286.3,273.9,79.15,98,48,88,5188.2,8598.7,264.0,79.14,98,53,85,10378.3,4886.2,0.0,2,0
1782925783.896,529.506,297.0,79.14,98,48,89,1040.8,888.3,283.8,79.15,98,45,83,933.3,1018.4,279.9,79.15,98,49,88,929.7,863.1,267.7,79.14,98,43,84,983.3,755.2,1.0,1,0
1782925784.340,529.950,293.3,79.14,99,41,88,928.6,963.4,270.5,79.15,99,43,82,941.7,967.8,267.0,79.15,99,47,87,1020.6,855.6,248.5,79.14,99,44,83,993.6,753.3,1.0,2,0
1782925784.781,530.391,269.0,79.14,99,41,88,972.0,958.7,244.5,79.15,99,44,81,940.5,933.0,240.3,79.15,99,48,87,1010.3,891.0,219.6,79.14,99,44,83,898.7,828.9,1.0,2,0
1782925785.226,530.836,249.4,79.14,99,42,88,929.4,917.5,227.2,79.15,99,43,81,1018.9,949.0,223.7,79.15,99,47,87,930.4,971.9,208.7,79.14,99,44,83,898.2,757.4,1.0,2,0
1782925785.667,531.277,247.6,79.14,99,42,88,1008.0,895.3,227.2,79.15,99,43,81,994.0,1031.1,223.6,79.15,99,47,87,978.8,901.6,208.7,79.14,99,44,83,979.9,752.8,1.0,2,0
1782925786.112,531.722,247.1,79.14,99,42,88,925.3,937.1,227.2,79.15,99,43,81,943.3,948.5,223.5,79.15,99,47,87,1028.5,887.5,208.7,79.14,99,44,83,898.9,826.0,1.0,2,0
1782925786.556,532.166,246.8,79.14,99,42,88,931.3,908.2,227.2,79.15,99,43,81,954.6,943.4,223.5,79.15,99,47,87,1006.6,880.2,208.6,79.14,99,44,83,905.5,828.5,2.0,2,0
1782925786.997,532.607,246.8,79.14,99,42,88,999.1,898.9,226.6,79.15,99,43,81,938.8,1017.9,223.2,79.15,99,47,87,926.3,895.1,208.1,79.14,99,44,83,919.8,761.7,2.0,2,0
1782925787.438,533.048,246.4,79.14,99,42,88,931.5,964.6,226.2,79.15,99,43,81,944.6,955.7,223.2,79.15,99,46,87,1003.9,895.2,207.9,79.14,99,44,83,898.2,772.7,2.0,2,0
1782925787.878,533.488,246.2,79.14,99,42,88,933.6,900.9,226.1,79.15,99,43,81,1018.3,953.3,223.1,79.15,99,47,87,929.9,976.2,208.1,79.14,99,44,83,899.5,752.9,2.0,2,0
1782925788.318,533.928,246.5,79.14,99,42,88,930.6,970.2,226.3,79.15,99,43,81,934.8,951.7,223.3,79.15,99,47,87,1013.6,887.4,208.2,79.14,99,44,83,973.6,762.8,2.0,2,0
1782925788.758,534.368,246.7,79.14,99,42,88,952.3,879.7,226.5,79.15,99,43,81,1021.8,943.2,223.6,79.15,99,47,87,928.5,968.2,208.2,79.14,99,44,83,910.2,822.5,2.0,2,0
1782925789.200,534.810,246.7,79.14,99,42,88,1006.1,886.5,226.4,79.15,99,43,81,938.2,1029.6,223.5,79.15,99,47,87,929.8,889.8,208.2,79.14,99,44,83,983.9,754.5,2.0,2,0
1782925789.643,535.253,246.7,79.14,99,42,88,929.8,956.9,226.4,79.15,99,43,81,933.8,941.5,223.6,79.15,99,47,87,1021.3,889.9,208.2,79.14,99,44,83,936.3,878.5,2.0,2,0
1782925790.086,535.695,246.7,79.14,99,42,88,929.3,897.1,226.4,79.15,99,43,81,1022.4,963.8,223.6,79.15,99,47,87,930.7,958.8,207.9,79.14,99,44,83,898.4,749.6,2.0,2,0
1782925790.527,536.137,246.5,79.14,99,42,88,1007.5,902.6,226.4,79.15,99,43,81,937.7,1007.0,223.4,79.15,99,47,87,924.0,889.8,207.9,79.14,99,44,82,982.0,756.8,2.0,2,0
1782925790.969,536.578,246.5,79.14,99,42,88,956.2,950.5,226.4,79.15,99,43,81,940.5,957.4,223.3,79.15,99,47,87,1007.6,904.4,208.0,79.14,99,44,83,905.2,833.6,2.0,2,0
1782925791.410,537.020,246.4,79.14,99,42,88,930.0,885.0,226.5,79.15,99,43,81,1019.9,945.2,223.5,79.15,99,47,87,931.5,966.2,208.0,79.14,99,44,82,903.9,751.0,2.0,2,0
1782925791.851,537.461,246.3,79.14,99,42,88,925.7,921.7,226.3,79.15,99,43,81,938.8,1011.7,223.4,79.15,99,47,87,952.7,911.7,208.1,79.14,99,44,82,991.7,749.7,2.0,2,0
1782925792.293,537.903,246.5,79.14,99,42,88,927.0,896.9,226.3,79.15,99,43,81,1015.8,962.4,223.6,79.15,99,47,87,1000.7,877.5,208.1,79.14,99,44,82,898.2,820.2,2.0,2,0
1782925792.734,538.344,246.5,79.14,99,42,88,1012.4,891.3,226.2,79.15,99,43,81,1021.8,958.6,223.6,79.15,99,47,87,928.7,963.5,208.2,79.14,99,44,82,901.9,752.2,2.0,2,0
1782925793.178,538.788,246.5,79.14,99,42,88,934.2,985.8,226.5,79.15,99,43,81,935.9,1004.2,223.5,79.15,99,47,87,920.3,878.8,208.2,79.14,99,44,82,981.6,753.3,2.0,2,0
1782925793.623,539.233,246.7,79.14,99,42,88,928.6,958.8,226.8,79.15,99,43,81,938.5,938.8,223.3,79.15,99,47,87,1008.4,914.5,208.2,79.14,99,44,82,1176.0,764.8,2.0,2,0
1782925794.072,539.682,246.6,79.14,99,42,88,927.8,986.7,226.8,79.15,99,43,81,939.9,937.9,223.3,79.15,99,47,87,940.6,901.8,208.4,79.14,99,44,82,984.0,754.5,2.0,2,0
1782925794.513,540.123,246.6,79.14,99,42,88,935.4,908.2,226.5,79.15,99,43,81,1021.0,957.2,223.4,79.15,99,47,87,928.8,956.8,208.4,79.14,99,44,83,903.4,754.7,2.0,2,0
1782925794.955,540.565,246.4,79.14,99,42,87,1020.1,895.8,226.3,79.15,99,43,81,937.8,1028.1,223.0,79.15,99,47,87,927.5,892.5,208.5,79.14,99,44,82,985.7,763.6,2.0,2,0
1782925795.397,541.007,246.4,79.14,99,42,88,923.4,949.7,226.2,79.15,99,43,81,932.4,934.6,222.5,79.15,99,47,87,1010.6,879.8,208.3,79.14,99,44,82,899.3,835.1,2.0,2,0
1782925795.838,541.448,246.6,79.14,99,42,88,932.2,894.6,226.2,79.15,99,43,81,1015.8,957.6,222.6,79.15,99,47,87,920.3,1121.7,207.9,79.14,99,44,82,947.0,833.2,2.0,2,0
1782925796.286,541.896,246.3,79.14,99,42,88,931.4,893.4,226.1,79.15,99,43,81,1015.8,961.9,222.7,79.15,99,47,87,926.5,961.1,208.0,79.14,99,44,82,900.5,754.9,2.0,2,0
1782925796.728,542.338,245.9,79.14,99,42,87,1008.1,935.4,226.1,79.15,99,43,81,1024.2,988.0,222.8,79.15,99,47,87,917.0,955.5,207.9,79.14,99,44,82,898.6,753.4,2.0,2,0
1782925797.177,542.787,245.9,79.14,99,42,88,998.4,909.5,226.0,79.15,99,43,81,937.5,1045.3,222.9,79.15,99,48,87,928.1,848.1,207.9,79.14,99,44,82,983.7,751.6,2.0,2,0
1782925797.619,543.229,246.2,79.14,99,42,88,926.1,960.4,226.0,79.15,99,43,81,939.8,959.6,223.1,79.15,99,47,87,1005.3,982.1,207.9,79.14,99,44,82,984.6,760.4,2.0,2,0
1782925798.065,543.675,246.4,79.14,99,42,87,922.0,872.6,226.0,79.15,99,43,81,950.1,950.4,223.1,79.15,99,47,87,1006.8,871.8,207.9,79.14,99,44,82,900.7,821.2,2.0,2,0
1782925798.508,544.118,246.4,79.14,99,42,87,945.7,871.6,226.2,79.15,99,44,81,1014.0,959.7,223.1,79.15,99,47,87,921.6,955.9,207.8,79.14,99,44,82,903.8,757.5,2.0,2,0
1782925798.954,544.564,246.2,79.14,99,42,87,1019.9,915.8,226.2,79.15,99,43,81,943.5,1023.7,222.9,79.15,99,47,87,923.5,893.1,207.9,79.14,99,44,82,914.9,754.9,2.0,2,0
1782925799.395,545.004,246.0,79.14,99,42,87,928.8,937.1,225.9,79.15,99,43,81,936.7,926.6,222.8,79.15,99,47,87,1008.6,880.6,207.5,79.14,99,44,82,899.5,825.6,2.0,2,0
1782925799.836,545.446,246.0,79.14,99,42,87,5179.7,8561.4,225.8,79.15,99,43,81,6347.9,3350.7,222.5,79.15,99,47,87,10376.8,8604.3,206.9,79.14,80,24,82,5173.2,4304.3,2.0,2,0
1782925800.280,545.890,255.1,79.14,99,53,89,9803.3,8560.4,246.8,79.15,98,43,83,10357.0,7212.0,245.7,79.15,98,45,88,5630.9,4302.8,235.3,79.14,98,42,84,10376.0,8605.2,2.0,2,0
1782925800.723,546.333,278.7,79.14,99,47,89,5182.2,4287.1,271.4,79.15,99,52,83,10365.1,8562.5,273.0,79.15,98,49,89,8978.8,2022.4,263.0,79.14,98,47,84,7889.7,8607.7,2.0,2,0
1782925801.172,546.782,296.5,79.14,99,51,89,10355.8,8560.8,283.4,79.15,98,45,82,10356.2,8201.4,279.2,79.15,98,45,89,20744.5,12521.8,268.5,79.14,97,42,85,10046.7,4207.6,2.0,2,0
1782925801.617,547.227,296.4,79.14,98,50,89,8077.1,1887.8,284.7,79.15,99,52,82,9183.4,8565.0,281.8,79.15,98,49,89,10376.5,8608.7,268.5,79.14,97,42,85,10380.9,8610.9,2.0,2,0
1782925802.064,547.674,293.9,79.14,98,42,89,5773.1,8561.9,284.7,79.15,99,52,82,10355.7,3857.4,281.8,79.15,98,49,89,5188.6,8601.9,268.8,79.14,98,43,85,10381.3,3112.4,2.0,2,0
1782925802.507,548.116,293.9,79.14,98,42,89,10356.1,8561.4,280.2,79.15,98,44,83,5178.1,4281.5,276.7,79.15,98,47,89,10377.3,8601.4,266.5,79.14,99,52,84,8600.2,5744.8,2.0,2,0
1782925802.949,548.559,296.3,79.14,98,45,89,931.9,930.1,283.8,79.15,98,45,83,948.2,956.5,278.7,79.15,98,46,89,1005.7,894.7,268.0,79.14,98,41,84,904.3,832.5,1.0,2,0
1782925803.391,549.001,292.4,79.14,99,41,88,1008.3,884.0,267.5,79.15,99,43,82,941.2,1030.6,265.0,79.15,99,46,87,929.4,886.9,245.7,79.14,99,43,83,900.9,756.0,1.0,2,0
1782925803.833,549.443,268.8,79.14,99,41,88,932.0,971.9,241.3,79.15,99,42,81,943.5,957.9,237.2,79.15,99,45,87,1008.4,882.2,211.9,79.14,99,43,83,889.4,775.0,1.0,2,0
1782925804.275,549.885,246.4,79.14,99,41,88,933.8,887.4,225.9,79.15,99,43,81,1018.1,954.1,222.7,79.15,99,46,87,923.7,984.5,207.9,79.14,99,43,83,900.5,756.4,1.0,2,0
1782925804.715,550.325,246.2,79.14,99,41,88,1011.9,939.7,225.8,79.15,99,43,81,984.4,975.1,222.6,79.15,99,46,87,927.7,956.6,207.7,79.14,99,43,83,900.8,756.0,1.0,2,0
1782925805.161,550.771,245.9,79.14,99,42,88,929.3,970.8,225.6,79.15,99,43,81,935.3,946.0,222.6,79.15,99,47,87,1015.2,865.3,207.7,79.14,99,43,83,989.0,754.8,1.0,2,0
1782925805.603,551.213,246.1,79.14,99,41,88,926.6,916.5,225.6,79.15,99,43,81,1026.4,981.4,222.6,79.15,99,47,87,997.4,1070.3,207.7,79.14,99,43,83,1076.9,764.4,2.0,2,0
1782925806.054,551.664,246.0,79.14,99,41,88,928.5,947.5,225.3,79.15,99,42,81,941.3,976.4,222.5,79.15,99,46,87,1010.4,873.1,207.5,79.14,99,43,83,898.1,834.5,2.0,2,0
1782925806.496,552.106,246.0,79.14,99,41,88,920.5,910.7,225.2,79.15,99,43,81,1018.1,968.1,222.5,79.15,99,47,87,922.0,954.9,207.4,79.14,99,44,83,901.0,748.8,2.0,2,0
1782925806.938,552.548,245.9,79.14,99,42,88,1012.5,905.9,225.4,79.15,99,42,81,934.7,1028.3,222.6,79.15,99,46,87,923.6,875.5,207.4,79.14,99,43,83,983.2,757.9,2.0,2,0
1782925807.381,552.991,245.8,79.14,99,41,88,930.4,970.0,225.3,79.15,99,43,81,936.9,936.9,222.4,79.15,99,46,87,1009.6,883.7,207.1,79.14,99,44,83,898.4,829.3,2.0,2,0
1782925807.825,553.435,245.6,79.14,99,41,88,924.4,899.0,225.1,79.15,99,42,81,1020.9,960.3,222.0,79.15,99,46,87,924.0,925.1,206.9,79.14,99,43,83,903.9,857.0,2.0,2,0
1782925808.267,553.877,245.9,79.14,99,41,88,1005.2,893.4,225.2,79.15,99,43,81,939.8,1030.6,222.1,79.15,99,47,87,930.9,863.9,207.3,79.14,99,44,83,990.9,757.3,2.0,2,0
1782925808.711,554.320,246.1,79.14,99,42,88,956.8,952.4,225.4,79.15,99,43,81,990.0,1019.0,222.4,79.15,99,46,87,925.9,880.5,207.4,79.14,99,43,83,982.9,752.1,2.0,2,0
1782925809.156,554.766,246.2,79.14,99,41,88,921.0,969.5,225.2,79.15,99,42,81,935.2,976.9,222.4,79.15,99,46,87,1006.1,869.7,207.2,79.14,99,43,82,900.5,836.8,2.0,2,0
1782925809.598,555.207,245.9,79.14,99,41,88,927.3,900.7,225.2,79.15,99,42,81,1019.5,959.8,222.4,79.15,99,46,87,927.5,959.0,207.2,79.14,99,43,82,1048.0,841.6,2.0,2,0
1782925810.043,555.653,245.6,79.14,99,41,88,1005.3,888.1,224.8,79.15,99,43,81,1007.9,950.0,222.4,79.15,99,46,87,923.0,972.0,206.9,79.14,99,43,82,899.3,754.7,2.0,2,0
1782925810.485,556.095,245.6,79.14,99,41,88,927.0,957.2,225.1,79.15,99,43,81,938.9,959.7,222.4,79.15,99,46,87,1006.5,884.6,207.0,79.14,99,43,82,889.0,756.9,2.0,2,0
1782925810.926,556.536,245.7,79.14,99,41,88,920.7,928.9,225.2,79.15,99,42,81,1154.5,951.7,222.2,79.15,99,46,87,1013.5,890.7,207.0,79.14,99,43,82,901.0,826.1,2.0,2,0
1782925811.373,556.983,245.5,79.14,99,41,88,928.8,917.1,225.2,79.15,99,43,81,1026.7,941.6,222.2,79.15,99,46,87,929.6,974.6,206.9,79.14,99,44,82,902.6,755.2,2.0,2,0
1782925811.814,557.424,245.5,79.14,99,42,88,1006.4,868.7,225.3,79.15,99,42,81,935.7,1021.0,222.2,79.15,99,46,87,931.0,881.8,207.2,79.14,99,43,82,982.4,766.7,2.0,2,0
1782925812.258,557.868,245.6,79.14,99,41,88,926.0,968.6,225.2,79.15,99,43,81,938.7,953.6,222.2,79.15,99,46,87,1006.7,875.0,206.8,79.14,99,44,82,903.7,828.1,2.0,2,0
1782925812.699,558.309,245.5,79.14,99,41,88,948.3,897.8,225.0,79.15,99,43,81,1049.9,952.9,222.0,79.15,99,46,87,946.8,969.5,206.5,79.14,99,44,82,899.0,753.9,2.0,2,0
1782925813.142,558.752,245.2,79.14,99,41,88,1008.0,901.2,225.2,79.15,99,43,81,933.3,986.7,222.1,79.15,99,47,87,926.2,877.6,206.5,79.14,99,44,82,984.2,752.9,2.0,2,0
1782925813.584,559.194,245.0,79.14,99,42,88,930.7,976.2,225.2,79.15,99,43,81,933.5,956.7,222.1,79.15,99,47,87,1012.0,877.5,206.4,79.14,99,43,82,988.1,839.4,2.0,2,0
1782925814.028,559.637,244.9,79.14,99,41,88,930.1,880.0,225.4,79.15,99,43,81,1017.4,956.2,222.1,79.15,99,47,87,927.1,978.0,206.5,79.14,99,43,83,899.4,754.1,2.0,2,0
1782925814.469,560.079,244.9,79.14,99,41,88,998.2,896.2,225.3,79.15,99,43,81,936.6,1004.3,222.0,79.15,99,47,87,922.3,902.8,206.5,79.14,99,43,82,980.2,757.1,2.0,2,0
1782925814.910,560.520,245.4,79.14,99,41,88,921.0,904.0,225.0,79.15,99,43,81,1016.0,951.0,221.6,79.15,99,46,87,923.6,909.9,206.3,79.14,99,43,82,903.8,821.4,2.0,2,0
1782925815.352,560.962,245.6,79.14,99,41,88,1006.2,880.7,224.8,79.15,99,43,81,938.0,1005.2,221.6,79.15,99,46,87,922.3,901.2,206.5,79.14,99,44,82,909.7,755.7,2.0,2,0
1782925815.795,561.405,245.7,79.14,99,41,88,929.7,945.5,224.8,79.15,99,43,81,938.1,959.2,221.7,79.15,99,46,87,1012.3,867.8,206.8,79.14,99,44,82,971.4,759.0,2.0,2,0
1782925816.239,561.849,246.0,79.14,99,41,88,931.8,963.2,225.2,79.15,99,43,81,943.5,963.8,222.2,79.15,99,46,87,1009.3,878.8,207.0,79.14,99,44,82,902.5,821.9,2.0,2,0
1782925816.682,562.292,245.9,79.14,99,42,88,940.4,895.7,225.4,79.15,99,43,81,1094.1,944.0,222.4,79.15,99,47,87,932.0,963.4,207.1,79.14,99,43,82,900.6,825.8,2.0,2,0
1782925817.127,562.737,245.7,79.14,99,41,88,1006.7,904.8,225.2,79.15,99,43,81,934.9,1026.6,222.3,79.15,99,47,87,918.6,905.1,207.1,79.14,99,43,82,977.7,757.3,2.0,2,0
1782925817.567,563.177,245.5,79.14,99,42,87,924.7,935.9,225.2,79.15,99,43,81,937.9,936.7,222.3,79.15,99,47,87,1009.4,910.0,206.8,79.14,99,43,82,905.4,851.7,2.0,2,0
1782925818.009,563.619,245.5,79.14,99,42,87,955.8,891.2,224.9,79.15,99,43,81,1022.2,950.8,222.1,79.15,99,47,87,929.8,968.3,206.7,79.14,99,44,82,899.0,747.7,2.0,2,0
1782925818.453,564.063,245.6,79.14,99,42,88,1006.4,877.4,224.8,79.15,99,43,81,935.9,1018.6,222.1,79.15,99,47,87,923.4,891.5,206.8,79.14,99,43,82,982.4,758.9,2.0,2,0
1782925818.948,564.557,245.5,79.14,99,41,88,5182.0,8561.9,224.5,79.15,99,42,81,10360.0,5496.9,222.0,79.15,91,42,87,3267.8,8127.0,208.3,79.14,98,40,84,10376.1,8604.5,2.0,2,0
1782925819.391,565.001,256.4,79.14,99,54,89,10356.5,4282.0,247.8,79.15,98,43,82,5668.0,8286.5,248.1,79.15,98,44,88,10377.6,7456.1,237.3,79.14,98,38,84,5171.4,4304.9,2.0,2,0
1782925819.834,565.444,280.7,79.14,98,44,89,10355.7,4281.9,278.3,79.15,98,47,83,4905.3,8560.1,274.9,79.15,98,48,89,10376.5,5739.1,269.1,79.14,98,49,85,3749.4,7257.3,2.0,2,0
1782925820.275,565.885,296.0,79.14,98,45,89,3680.4,5338.1,281.5,79.15,98,42,82,10359.6,3872.7,277.6,79.15,98,41,89,5188.8,8608.1,263.7,79.14,97,29,84,6026.0,3689.9,2.0,2,0
1782925820.716,566.326,295.3,79.14,99,55,89,10359.0,7773.4,283.9,79.15,98,43,83,6976.1,6680.6,279.7,79.15,99,48,88,10379.4,8602.7,266.5,79.14,98,43,85,10378.2,4383.6,2.0,2,0
1782925821.163,566.773,292.5,79.14,99,46,89,5179.0,8560.6,281.0,79.15,99,53,83,10356.5,4285.2,278.0,79.15,98,49,89,5188.4,8598.4,267.5,79.14,98,46,85,10375.6,4304.1,2.0,2,0
1782925821.605,567.215,297.7,79.14,99,52,90,5562.1,8563.3,281.0,79.15,99,53,83,10355.4,8564.3,278.0,79.15,98,49,89,10378.1,8600.6,267.5,79.14,98,46,85,9181.6,4858.8,1.0,1,0
1782925822.079,567.689,287.9,79.14,99,42,88,924.4,976.5,283.6,79.15,99,46,83,939.8,1056.4,280.4,79.15,98,44,89,930.5,894.2,267.9,79.14,98,42,84,984.0,750.0,1.0,1,0
1782925822.520,568.130,287.9,79.14,99,42,88,933.3,895.7,263.6,79.15,99,43,82,1018.0,949.9,259.4,79.15,99,48,87,1008.4,901.4,242.7,79.14,99,44,83,904.4,822.5,1.0,2,0
1782925822.961,568.570,261.9,79.14,99,42,88,1017.1,896.2,238.0,79.15,99,44,81,940.2,1005.5,235.1,79.15,99,48,87,927.3,966.9,214.7,79.14,99,45,83,900.0,762.3,1.0,2,0
1782925823.404,569.014,248.3,79.14,99,42,88,932.8,987.0,228.5,79.15,99,44,81,942.1,1019.1,225.9,79.15,99,48,87,927.2,890.0,210.4,79.14,99,44,83,981.7,789.2,1.0,2,0
1782925823.851,569.461,248.8,79.14,99,42,88,923.8,959.1,228.7,79.15,99,44,81,937.0,1019.2,226.0,79.15,99,48,87,930.4,926.6,210.4,79.14,99,45,83,988.1,751.8,1.0,2,0
1782925824.294,569.904,249.0,79.14,99,43,88,925.3,966.0,229.0,79.15,99,44,81,943.1,933.2,226.0,79.15,99,48,87,1008.9,878.4,210.4,79.14,99,44,83,898.1,825.4,2.0,2,0
1782925824.736,570.345,249.2,79.14,99,42,88,963.0,1100.7,229.2,79.15,99,44,81,943.1,960.5,226.2,79.15,99,48,87,1006.8,898.6,210.6,79.14,99,45,83,899.6,831.5,2.0,2,0
1782925825.185,570.795,249.3,79.14,99,43,88,928.9,891.2,229.1,79.15,99,44,81,942.5,978.5,226.1,79.15,99,49,87,1015.8,897.6,210.7,79.14,99,45,83,905.4,830.6,2.0,2,0
1782925825.626,571.236,249.5,79.14,99,42,88,1009.2,876.4,228.9,79.15,99,44,81,936.3,1045.9,225.8,79.15,99,48,87,1028.0,995.0,210.7,79.14,99,45,83,904.3,829.4,2.0,2,0
1782925826.073,571.683,249.6,79.14,99,43,88,1004.3,915.8,228.9,79.15,99,44,81,937.1,1064.5,225.8,79.15,99,48,87,931.4,973.5,210.5,79.14,99,45,83,901.6,756.6,2.0,2,0
1782925826.514,572.124,249.6,79.14,99,43,88,934.3,964.5,228.9,79.15,99,44,81,937.1,987.8,225.9,79.15,99,48,87,1012.2,877.3,210.4,79.14,99,45,83,900.1,767.5,2.0,2,0
1782925826.954,572.564,249.6,79.14,99,42,88,924.4,896.6,228.9,79.15,99,44,81,1018.8,938.3,225.6,79.15,99,48,87,920.2,940.4,210.2,79.14,99,45,83,903.7,760.0,2.0,2,0
1782925827.394,573.004,249.3,79.14,99,43,88,998.3,906.8,228.8,79.15,99,44,81,931.6,1013.3,225.7,79.15,99,49,87,928.9,881.6,210.2,79.14,99,45,83,983.7,756.4,2.0,2,0
1782925827.835,573.445,249.2,79.14,99,42,88,926.3,903.9,228.6,79.15,99,44,81,946.7,935.1,225.9,79.15,99,48,87,1008.2,875.5,210.1,79.14,99,45,83,924.3,828.8,2.0,2,0
1782925828.277,573.887,249.0,79.14,99,43,88,945.2,898.9,228.4,79.15,99,44,81,1020.4,940.5,225.9,79.15,99,48,87,923.6,954.5,209.9,79.14,99,45,83,906.1,757.2,2.0,2,0
1782925828.718,574.328,248.9,79.14,99,43,88,928.2,987.1,228.4,79.15,99,44,81,969.7,1076.0,225.8,79.15,99,49,87,935.5,960.7,210.1,79.14,99,45,83,904.3,756.3,2.0,2,0
1782925829.163,574.773,249.0,79.14,99,43,88,929.7,961.0,228.4,79.15,99,44,81,935.9,956.5,225.7,79.15,99,48,87,1011.0,864.3,210.0,79.14,99,45,83,968.8,754.1,2.0,2,0
1782925829.605,575.215,249.0,79.14,99,43,88,928.1,897.7,228.4,79.15,99,44,81,946.9,961.4,225.7,79.15,99,48,87,1013.6,888.5,210.0,79.14,99,45,83,907.0,956.1,2.0,2,0
1782925830.051,575.661,248.9,79.14,99,42,88,929.6,875.2,228.2,79.15,99,44,81,1019.5,950.2,225.7,79.15,99,48,87,929.1,969.6,209.9,79.14,99,45,83,898.6,751.4,2.0,2,0
1782925830.491,576.101,248.9,79.14,99,42,88,1015.7,902.9,228.0,79.15,99,44,81,936.4,1024.1,225.7,79.15,99,48,87,923.3,880.3,209.7,79.14,99,45,83,984.2,748.2,2.0,2,0
1782925830.932,576.542,248.6,79.14,99,43,88,930.7,959.3,228.2,79.15,99,44,81,946.6,943.5,225.6,79.15,99,49,87,1004.8,873.3,209.8,79.14,99,45,83,904.4,830.0,2.0,2,0
1782925831.373,576.983,248.7,79.14,99,43,88,1001.4,890.6,228.3,79.15,99,44,81,933.2,994.5,225.5,79.15,99,48,87,924.7,951.5,210.0,79.14,99,45,83,898.7,756.4,2.0,2,0
1782925831.814,577.424,249.2,79.14,99,43,88,932.2,973.9,228.2,79.15,99,44,81,938.1,945.3,225.4,79.15,99,48,87,1012.6,853.9,210.0,79.14,99,45,82,904.5,793.9,2.0,2,0
1782925832.255,577.865,249.3,79.14,99,42,88,916.5,881.2,228.2,79.15,99,44,81,1017.0,970.0,225.1,79.15,99,48,87,923.1,968.8,209.8,79.14,99,45,82,904.6,758.1,2.0,2,0
1782925832.696,578.306,248.9,79.14,99,43,88,1005.3,890.4,228.1,79.15,99,44,81,948.4,1040.6,225.1,79.15,99,48,87,928.4,943.9,209.5,79.14,99,45,82,899.7,758.5,2.0,2,0
1782925833.140,578.750,248.5,79.14,99,42,88,919.9,943.8,228.2,79.15,99,44,81,938.4,946.7,225.2,79.15,99,49,87,1007.9,876.6,209.5,79.14,99,45,82,972.9,761.2,2.0,2,0
1782925834.007,579.617,248.6,79.14,99,43,88,1014.3,878.6,228.4,79.15,99,44,81,935.1,999.4,224.9,79.15,99,48,87,926.1,884.8,209.8,79.14,99,45,82,983.6,756.6,2.0,2,0
1782925834.448,580.058,248.9,79.14,99,43,88,931.1,948.6,228.3,79.15,99,44,81,934.8,935.4,224.7,79.15,99,49,87,1005.4,876.7,209.7,79.14,99,45,82,898.2,832.0,2.0,2,0
1782925834.888,580.498,248.6,79.14,99,42,88,1004.1,883.6,227.9,79.15,99,44,81,1008.4,944.3,224.6,79.15,99,48,87,935.2,940.8,209.5,79.14,99,45,82,906.5,753.6,2.0,2,0
1782925835.328,580.938,248.2,79.14,99,43,88,927.8,927.6,227.8,79.15,99,44,81,933.9,936.7,224.7,79.15,99,49,87,1012.6,865.9,209.6,79.14,99,45,82,903.3,842.8,2.0,2,0
1782925835.768,581.378,248.4,79.14,99,43,88,929.4,907.8,228.0,79.15,99,44,81,1014.3,952.2,225.0,79.15,99,49,87,933.0,958.0,209.9,79.14,99,45,82,900.0,754.9,2.0,2,0
1782925836.209,581.819,248.8,79.14,99,43,88,926.9,981.8,228.5,79.15,99,44,81,935.8,1034.0,225.4,79.15,99,48,87,927.2,883.1,210.0,79.14,99,45,82,982.5,761.3,2.0,2,0
1782925836.651,582.261,248.7,79.14,99,43,88,924.7,887.1,228.7,79.15,99,44,81,930.2,952.5,225.3,79.15,99,49,87,1077.2,929.2,209.8,79.14,99,44,82,987.9,755.5,2.0,2,0
1782925837.097,582.707,248.4,79.14,99,43,88,927.4,866.5,228.7,79.15,99,44,81,1021.4,951.0,225.3,79.15,99,49,87,1002.6,883.8,209.8,79.14,99,44,82,903.4,830.4,2.0,2,0
1782925837.538,583.148,248.3,79.14,99,43,88,1007.1,548.0,228.2,79.15,99,44,81,10354.1,18455.1,224.9,79.15,99,48,87,7102.6,8608.9,209.6,79.14,99,45,82,7118.4,2652.4,2.0,2,0
1782925837.980,583.590,248.3,79.14,99,43,88,5181.0,4412.1,225.3,79.15,80,21,80,8960.2,8561.7,221.7,79.15,80,24,86,10376.8,8600.1,215.6,79.14,98,52,84,10377.4,5952.0,2.0,2,0
1782925838.422,584.032,262.1,79.14,99,54,89,10354.7,8560.4,254.6,79.15,98,41,83,5179.8,4282.3,251.1,79.15,98,44,89,10378.0,8602.1,240.8,79.14,98,42,84,5192.9,4302.1,2.0,2,0
1782925838.865,584.475,283.8,79.14,98,44,89,10354.6,5518.5,276.9,79.15,98,47,83,3860.3,7668.2,273.2,79.15,98,47,89,10377.9,8599.6,269.1,79.14,98,49,85,10378.5,4666.6,2.0,2,0
1782925839.308,584.918,295.9,79.14,98,45,89,5180.8,8560.4,282.6,79.15,98,41,82,7392.0,2527.0,278.2,79.15,98,43,89,10123.0,8609.3,265.7,79.14,97,33,85,4716.5,4483.3,2.0,2,0
1782925839.750,585.360,296.5,79.14,99,51,89,10361.2,8567.7,282.2,79.15,98,43,83,10360.8,8562.7,279.7,79.15,98,45,89,9290.6,2033.6,266.4,79.14,98,41,85,7793.9,8602.4,2.0,2,0
1782925840.198,585.808,293.3,79.14,99,48,90,4486.1,4696.9,281.3,79.15,99,53,83,10356.5,8100.1,278.6,79.15,98,51,89,4048.8,5114.4,270.6,79.14,98,47,85,10380.1,8604.3,2.0,2,0
1782925840.639,586.248,297.1,79.14,99,53,90,10355.0,6248.9,283.3,79.15,98,45,83,6676.1,4285.4,279.5,79.15,98,44,89,4319.0,879.6,270.6,79.14,98,47,85,990.7,766.6,1.0,1,0
1782925841.085,586.695,288.4,79.14,99,41,88,923.6,912.1,283.3,79.15,98,45,83,1021.7,984.9,279.5,79.15,98,44,89,1006.7,904.0,268.1,79.14,99,43,85,907.2,835.9,1.0,2,0
1782925841.526,587.135,264.3,79.14,99,41,88,1010.4,871.4,263.5,79.15,99,43,82,934.4,1028.1,260.9,79.15,99,47,87,931.1,891.7,240.3,79.14,99,43,83,984.0,758.4,1.0,2,0
1782925841.966,587.576,264.3,79.14,99,41,88,929.7,960.6,235.3,79.15,99,43,82,934.9,949.6,228.6,79.15,99,47,87,1011.4,901.2,207.5,79.14,99,44,83,902.4,832.8,1.0,2,0
1782925842.409,588.019,247.2,79.14,99,41,88,927.0,903.9,226.2,79.15,99,43,82,1017.3,936.2,224.0,79.15,99,47,87,928.9,969.7,207.7,79.14,99,43,83,902.2,752.0,1.0,2,0
1782925842.849,588.459,247.5,79.14,99,42,88,927.9,973.4,226.4,79.15,99,43,81,940.2,1008.3,223.9,79.15,99,47,87,930.8,899.9,208.1,79.14,99,44,83,1007.4,754.6,1.0,2,0
1782925843.294,588.903,247.5,79.14,99,42,88,930.3,976.9,226.4,79.15,99,43,81,941.0,949.7,223.9,79.15,99,47,87,1007.2,868.6,208.3,79.14,99,44,83,900.7,823.6,2.0,2,0
1782925843.735,589.345,247.4,79.14,99,42,88,969.8,957.0,226.4,79.15,99,43,81,945.6,951.0,223.9,79.15,99,47,87,1010.8,924.6,208.4,79.14,99,44,83,908.9,831.5,2.0,2,0
1782925844.218,589.828,247.3,79.14,99,42,88,922.2,942.0,226.8,79.15,99,43,81,943.3,965.3,223.8,79.15,99,47,87,1009.1,875.2,208.5,79.14,99,44,83,900.5,831.3,2.0,2,0
1782925844.659,590.269,247.2,79.14,99,42,88,1017.1,888.1,226.6,79.15,99,43,81,1014.4,1065.8,223.9,79.15,99,47,87,969.5,909.1,208.5,79.14,99,44,83,910.3,833.0,2.0,2,0
1782925845.105,590.715,247.0,79.14,99,42,88,1005.7,903.5,226.6,79.15,99,43,81,940.9,992.3,223.9,79.15,99,47,87,929.0,873.5,208.5,79.14,99,44,83,987.6,755.6,2.0,2,0
1782925845.546,591.156,247.1,79.14,99,42,88,933.1,983.2,226.3,79.15,99,43,81,941.7,951.8,223.7,79.15,99,47,87,1006.1,884.3,208.1,79.14,99,44,83,904.7,825.8,2.0,2,0
1782925845.987,591.596,247.1,79.14,99,42,88,933.5,884.4,226.2,79.15,99,43,81,1016.6,958.6,223.6,79.15,99,47,87,926.2,981.1,208.0,79.14,99,44,83,901.2,752.2,2.0,2,0
1782925846.429,592.039,247.1,79.14,99,42,88,997.4,902.2,226.2,79.15,99,43,81,933.2,1017.4,223.4,79.15,99,47,87,931.6,887.6,208.0,79.14,99,44,83,982.5,749.4,2.0,2,0
1782925846.870,592.479,246.8,79.14,99,42,88,922.9,888.1,226.1,79.15,99,43,81,1011.6,966.1,223.2,79.15,99,47,87,922.0,985.6,207.7,79.14,99,44,83,906.4,832.1,2.0,2,0
1782925847.312,592.922,246.6,79.14,99,41,88,1011.8,890.2,226.1,79.15,99,43,81,941.9,1002.7,223.0,79.15,99,47,87,917.1,956.1,207.5,79.14,99,44,83,911.2,760.0,2.0,2,0
1782925847.753,593.363,246.4,79.14,99,42,88,967.1,932.5,226.0,79.15,99,43,81,940.9,1031.4,223.3,79.15,99,47,87,926.4,887.1,207.5,79.14,99,44,83,978.0,792.6,2.0,2,0
1782925848.198,593.808,246.5,79.14,99,41,88,934.7,964.9,226.1,79.15,99,43,81,939.0,939.2,223.5,79.15,99,47,87,1006.2,895.4,207.5,79.14,99,44,83,901.2,864.8,2.0,2,0
1782925848.640,594.250,246.7,79.14,99,42,88,1019.6,904.3,226.1,79.15,99,43,81,1028.5,952.4,223.8,79.15,99,47,87,1018.7,968.6,207.5,79.14,99,44,83,907.4,754.1,2.0,2,0
1782925849.084,594.694,246.9,79.14,99,42,88,1013.4,921.3,226.1,79.15,99,43,81,937.4,1010.4,223.8,79.15,99,47,87,932.5,898.8,207.7,79.14,99,44,83,984.4,751.3,2.0,2,0
1782925849.525,595.135,247.1,79.14,99,41,88,926.7,944.2,226.2,79.15,99,43,81,942.3,955.1,223.6,79.15,99,47,87,1009.7,878.1,207.9,79.14,99,44,82,903.2,830.7,2.0,2,0
1782925849.966,595.576,247.1,79.14,99,41,88,1006.8,882.7,226.1,79.15,99,43,81,1005.8,956.9,223.5,79.15,99,47,87,924.0,951.7,207.7,79.14,99,44,82,900.8,752.3,2.0,2,0
1782925850.409,596.019,247.3,79.14,99,42,88,927.5,975.0,226.0,79.15,99,43,81,936.4,1001.0,223.7,79.15,99,47,87,930.0,891.7,207.7,79.14,99,44,83,983.6,752.5,2.0,2,0
1782925850.850,596.460,246.9,79.14,99,42,88,934.6,890.0,225.8,79.15,99,43,81,1016.6,960.9,223.5,79.15,99,47,87,926.3,954.7,207.5,79.14,99,43,82,905.2,751.9,2.0,2,0
1782925851.291,596.901,246.5,79.14,99,41,88,1003.5,908.8,225.6,79.15,99,43,81,937.8,1028.6,223.3,79.15,99,47,87,924.6,881.9,207.1,79.14,99,44,83,982.8,752.0,2.0,2,0
1782925851.732,597.342,246.5,79.14,99,42,88,927.2,1074.8,225.8,79.15,99,43,81,940.9,1032.2,223.1,79.15,99,47,87,932.3,896.9,207.1,79.14,99,44,82,989.5,757.1,2.0,2,0
1782925852.181,597.791,246.8,79.14,99,42,88,925.4,955.4,225.9,79.15,99,43,81,940.2,953.1,223.2,79.15,99,47,87,1011.3,864.4,207.2,79.14,99,44,82,903.8,832.8,2.0,2,0
1782925852.622,598.232,247.0,79.14,99,42,88,941.6,882.6,225.9,79.15,99,43,81,1021.5,947.1,223.0,79.15,99,47,87,922.3,972.0,207.2,79.14,99,44,82,904.7,749.5,2.0,2,0
1782925853.064,598.673,247.0,79.14,99,42,88,923.7,962.5,225.9,79.15,99,43,81,934.5,983.3,223.0,79.15,99,47,87,931.8,880.2,207.2,79.14,99,44,82,980.2,760.3,2.0,2,0
1782925853.505,599.115,247.0,79.14,99,42,88,950.8,895.2,226.1,79.15,99,43,81,1016.8,952.4,222.6,79.15,99,47,87,998.2,901.9,207.3,79.14,99,44,82,900.7,822.3,2.0,2,0
1782925853.947,599.557,247.0,79.14,99,42,88,1016.3,907.6,226.2,79.15,99,43,81,1019.8,955.0,222.8,79.15,99,47,87,930.1,1002.5,207.5,79.14,99,44,83,899.3,755.8,2.0,2,0
1782925854.391,600.000,247.0,79.14,99,42,88,929.9,918.7,226.2,79.15,99,43,81,943.0,965.3,223.0,79.15,99,47,87,947.6,894.2,207.6,79.14,99,44,82,983.2,759.4,2.0,2,0
1782925854.834,600.444,247.0,79.14,99,42,88,924.0,963.8,226.2,79.15,99,43,81,942.5,951.1,222.7,79.15,99,47,87,1008.8,878.4,207.5,79.14,99,44,82,933.5,832.2,2.0,2,0
1782925855.279,600.889,246.9,79.14,99,42,88,922.7,891.0,226.1,79.15,99,43,81,1016.8,962.4,222.7,79.15,99,47,87,932.6,971.8,207.3,79.14,99,44,82,899.9,758.0,2.0,2,0
1782925855.720,601.330,246.9,79.14,99,42,88,1015.3,901.9,225.6,79.15,99,43,81,949.2,1092.4,222.7,79.15,99,47,87,930.7,974.7,207.1,79.14,99,44,82,898.6,748.7,2.0,2,0
1782925856.164,601.774,246.8,79.14,99,42,88,919.7,953.3,225.5,79.15,99,43,81,933.5,948.3,222.7,79.15,99,47,87,1003.9,890.0,207.1,79.14,99,44,82,898.2,836.1,2.0,2,0
1782925856.604,602.214,246.6,79.14,99,42,88,10355.6,8560.3,225.5,79.15,99,43,81,2441.5,6625.7,222.7,79.15,99,47,87,10379.1,6211.5,207.1,79.14,99,44,82,1690.6,8134.8,2.0,2,0
1782925857.050,602.660,263.1,79.14,98,45,89,10356.4,8561.3,225.2,79.15,81,28,81,10354.2,8560.4,223.2,79.15,89,33,88,7693.6,6532.5,215.8,79.14,99,56,84,5189.0,8604.5,2.0,2,0
1782925857.489,603.099,263.1,79.14,98,45,89,10355.0,4035.5,255.7,79.15,98,39,82,5178.6,8564.2,252.7,79.15,98,42,88,10377.9,3586.2,245.8,79.14,99,43,84,5190.5,8601.7,2.0,2,0
1782925857.929,603.539,286.2,79.14,99,50,89,6302.9,7171.9,278.9,79.15,98,48,83,5669.4,8091.1,280.8,79.15,99,55,88,10376.5,8607.1,268.7,79.14,99,51,84,10374.6,8606.3,2.0,2,0
1782925858.374,603.984,296.5,79.14,98,47,89,10355.4,485.1,282.1,79.15,97,39,83,8584.8,8565.7,277.4,79.15,97,36,88,8709.7,2339.4,266.2,79.14,98,52,85,7583.1,8606.6,2.0,2,0
1782925858.814,604.423,296.9,79.14,99,54,89,10356.6,8445.8,283.5,79.15,98,41,83,3433.6,5541.6,279.1,79.15,98,44,89,10376.8,8603.5,266.5,79.14,98,40,84,5191.7,4303.8,2.0,2,0
1782925859.254,604.863,293.5,79.14,98,44,89,10354.7,2571.3,283.4,79.15,99,51,83,6553.4,8564.2,280.4,79.15,98,48,89,10357.5,2629.1,270.5,79.14,98,47,85,6384.8,8608.1,2.0,2,0
1782925859.694,605.303,297.5,79.14,98,49,89,930.3,918.7,282.9,79.15,98,43,83,1172.4,1005.6,279.5,79.15,98,44,89,1121.9,960.8,266.6,79.14,99,45,84,905.2,755.6,1.0,1,0
1782925860.147,605.757,287.9,79.14,99,42,88,920.2,960.5,259.8,79.15,99,43,82,940.7,1042.9,256.3,79.15,99,47,87,929.1,882.0,266.6,79.14,99,45,84,984.9,758.3,1.0,2,0
1782925860.589,606.199,263.9,79.14,99,42,88,932.4,976.9,259.8,79.15,99,43,82,939.7,926.0,256.3,79.15,99,47,87,1010.3,892.2,239.2,79.14,99,44,83,903.1,831.8,1.0,2,0
1782925861.031,606.641,248.1,79.14,99,42,88,946.8,886.1,235.6,79.15,99,43,82,1015.7,928.8,228.1,79.15,99,47,87,923.9,978.0,211.8,79.14,99,44,83,898.3,764.3,1.0,2,0
1782925861.472,607.082,248.1,79.14,99,42,88,927.8,975.2,228.0,79.15,99,44,82,936.9,1021.1,225.1,79.15,99,48,87,920.5,886.2,209.6,79.14,99,44,83,984.0,755.7,1.0,2,0
1782925861.913,607.523,248.2,79.14,99,42,88,925.6,886.2,227.7,79.15,99,43,81,1018.6,958.5,224.6,79.15,99,47,87,1007.9,882.1,208.9,79.14,99,43,83,903.5,832.4,1.0,2,0
1782925862.356,607.965,247.7,79.14,99,42,88,1008.9,912.5,227.4,79.15,99,44,81,936.2,1027.4,224.4,79.15,99,48,87,928.7,989.5,208.6,79.14,99,44,83,899.6,750.7,2.0,2,0
1782925862.796,608.406,247.4,79.14,99,41,88,926.9,988.3,227.3,79.15,99,43,81,936.7,956.5,223.9,79.15,99,48,87,1006.1,906.5,208.6,79.14,99,43,83,905.5,963.3,2.0,2,0
1782925863.244,608.854,247.7,79.14,99,42,88,933.7,956.0,227.2,79.15,99,43,81,936.8,964.8,223.6,79.15,99,47,87,1009.1,887.3,208.4,79.14,99,44,83,977.4,762.8,2.0,2,0
1782925863.685,609.295,247.7,79.14,99,42,88,930.4,916.1,227.2,79.15,99,43,81,1083.4,937.9,223.8,79.15,99,47,87,1001.7,885.0,208.2,79.14,99,44,83,900.0,823.1,2.0,2,0
1782925864.129,609.739,247.7,79.14,99,42,88,950.4,874.3,227.2,79.15,99,43,81,1018.4,957.4,224.3,79.15,99,47,87,924.5,974.7,208.2,79.14,99,44,83,902.5,755.4,2.0,2,0
1782925864.572,610.182,247.6,79.14,99,42,88,930.2,939.8,227.2,79.15,99,43,81,940.3,1036.3,224.3,79.15,99,47,87,922.7,889.1,208.1,79.14,99,44,83,981.1,756.5,2.0,2,0
1782925865.014,610.624,247.6,79.14,99,42,88,933.9,875.0,227.1,79.15,99,43,81,1024.4,969.5,224.0,79.15,99,47,87,999.3,898.7,208.1,79.14,99,44,83,902.5,826.7,2.0,2,0
1782925865.454,611.064,247.6,79.14,99,42,88,1011.7,908.2,227.3,79.15,99,43,81,936.2,1001.6,224.1,79.15,99,47,87,931.7,866.2,208.2,79.14,99,44,83,983.0,759.6,2.0,2,0
1782925865.895,611.505,247.0,79.14,99,42,88,922.4,940.8,227.1,79.15,99,44,81,947.9,962.8,224.1,79.15,99,48,87,1013.9,902.4,208.3,79.14,99,44,83,901.7,824.3,2.0,2,0
1782925866.336,611.946,247.1,79.14,99,42,88,945.1,860.3,226.6,79.15,99,43,81,1018.4,942.8,223.5,79.15,99,47,87,923.9,972.0,208.0,79.14,99,44,83,905.2,756.4,2.0,2,0
1782925866.780,612.390,247.4,79.14,99,42,88,1005.7,878.0,226.7,79.15,99,43,81,933.9,1029.0,223.6,79.15,99,47,87,923.9,868.7,208.2,79.14,99,44,83,978.0,757.5,2.0,2,0
1782925867.225,612.834,247.3,79.14,99,42,88,928.2,977.8,226.7,79.15,99,44,81,944.5,950.2,223.6,79.15,99,47,87,973.5,873.4,208.3,79.14,99,44,83,983.6,756.1,2.0,2,0
1782925867.666,613.276,247.2,79.14,99,42,88,930.7,887.6,226.7,79.15,99,43,81,1187.0,948.8,223.5,79.15,99,47,87,1159.8,894.7,208.3,79.14,99,44,83,989.7,755.6,2.0,2,0
1782925868.115,613.724,247.3,79.14,99,42,88,934.8,926.2,226.7,79.15,99,43,81,1120.3,993.5,223.7,79.15,99,47,87,927.3,894.8,208.3,79.14,99,44,83,977.5,758.2,2.0,2,0
1782925868.561,614.171,247.5,79.14,99,42,88,921.9,887.8,226.6,79.15,99,43,81,1019.4,948.5,223.7,79.15,99,47,87,924.5,968.2,208.2,79.14,99,44,83,904.6,971.9,2.0,2,0
1782925869.008,614.618,247.5,79.14,99,42,88,932.7,886.9,226.6,79.15,99,43,81,1025.0,940.3,223.6,79.15,99,47,87,925.7,972.4,208.1,79.14,99,44,83,905.5,752.7,2.0,2,0
1782925869.448,615.058,247.7,79.14,99,42,88,1016.4,908.1,226.9,79.15,99,43,81,934.9,1002.7,223.5,79.15,99,47,87,932.3,894.6,208.1,79.14,99,44,83,981.9,754.4,2.0,2,0
1782925869.889,615.499,246.9,79.14,99,42,88,929.8,893.7,226.8,79.15,99,44,81,1032.8,979.3,223.6,79.15,99,48,87,1029.1,886.0,208.2,79.14,99,44,83,899.3,822.7,2.0,2,0
1782925870.337,615.947,247.1,79.14,99,42,88,928.3,905.6,226.8,79.15,99,43,81,936.7,946.4,223.5,79.15,99,47,87,1005.9,888.3,208.0,79.14,99,44,82,904.4,832.5,2.0,2,0
1782925870.779,616.389,247.5,79.14,99,42,88,1009.3,886.8,226.9,79.15,99,43,81,937.9,976.4,223.7,79.15,99,47,87,925.2,955.8,208.3,79.14,99,44,83,898.9,753.9,2.0,2,0
1782925871.220,616.830,247.1,79.14,99,42,88,924.5,951.5,226.7,79.15,99,43,81,937.7,949.0,223.3,79.15,99,47,87,1009.2,892.0,208.4,79.14,99,44,82,898.6,832.6,2.0,2,0
1782925871.661,617.270,247.2,79.14,99,42,88,930.2,882.1,226.4,79.15,99,43,81,1018.2,1081.8,223.0,79.15,99,46,87,1016.0,886.5,208.1,79.14,99,44,82,941.9,833.7,2.0,2,0
1782925872.107,617.717,247.0,79.14,99,42,88,1004.1,893.7,226.4,79.15,99,43,81,1008.9,954.6,223.0,79.15,99,46,87,929.0,959.0,208.1,79.14,99,44,82,941.6,757.3,2.0,2,0
1782925872.550,618.160,246.9,79.14,99,42,88,998.7,899.1,226.2,79.15,99,44,81,934.9,1007.7,222.9,79.15,99,47,87,926.5,869.3,207.9,79.14,99,44,82,982.6,752.0,2.0,2,0
1782925872.993,618.603,246.9,79.14,99,42,88,925.6,973.4,226.1,79.15,99,43,81,935.0,959.1,222.8,79.15,99,47,87,1014.4,862.1,207.8,79.14,99,44,82,899.6,829.5,2.0,2,0
1782925873.435,619.045,247.0,79.14,99,42,88,932.1,886.3,226.2,79.15,99,44,81,1019.7,948.5,223.1,79.15,99,47,87,926.6,944.6,207.8,79.14,99,44,82,903.4,749.6,2.0,2,0
1782925873.877,619.487,246.8,79.14,99,42,88,992.0,886.6,226.2,79.15,99,43,81,938.1,1034.4,223.0,79.15,99,47,87,926.4,857.1,207.7,79.14,99,44,82,983.1,755.1,2.0,2,0
1782925874.318,619.928,247.2,79.14,99,42,88,921.4,881.5,226.2,79.15,99,43,81,1016.6,962.9,223.3,79.15,99,47,87,922.4,881.4,207.5,79.14,99,44,82,905.8,841.6,2.0,2,0
1782925874.759,620.369,247.3,79.14,99,42,88,1011.4,909.6,226.3,79.15,99,43,81,938.6,1033.1,223.5,79.15,99,47,87,928.5,931.8,207.9,79.14,99,44,82,898.7,748.7,2.0,2,0
1782925875.204,620.814,247.0,79.14,99,42,88,994.4,934.0,226.4,79.15,99,43,81,934.6,1012.8,223.2,79.15,99,47,87,919.2,876.6,208.0,79.14,99,44,82,984.8,753.2,2.0,2,0
1782925875.647,621.257,246.8,79.14,99,42,87,10354.8,3.3,228.4,79.15,98,49,82,9211.2,8566.9,226.0,79.15,98,48,88,7412.2,4321.8,208.0,79.14,98,51,84,496.0,8606.5,0.0,2,0
1782925876.101,621.711,264.2,79.14,99,47,89,10355.1,8562.2,228.4,79.15,98,49,82,5180.7,4770.0,226.0,79.15,98,48,88,8159.7,8600.8,218.8,79.14,98,51,84,10380.4,4309.7,0.0,2,0
1782925876.543,622.153,284.6,79.14,98,46,89,10357.0,8561.7,257.1,79.15,98,42,83,5182.4,4281.4,254.6,79.15,98,41,89,10380.3,8615.2,244.6,79.14,98,44,84,5192.6,4304.1,0.0,2,0
1782925876.984,622.594,284.6,79.14,98,46,89,6293.9,7663.0,284.5,79.15,99,54,83,10356.7,8561.3,281.6,79.15,98,50,89,10438.2,17901.1,268.5,79.14,98,46,85,13326.1,7942.6,0.0,2,0
1782925877.425,623.035,296.5,79.14,98,44,89,8042.6,2475.0,280.9,79.15,97,29,82,6948.4,8567.5,276.8,79.15,97,35,88,10377.4,8602.5,268.4,79.14,98,56,84,6539.1,7609.9,0.0,2,0
1782925877.867,623.477,296.9,79.14,99,53,89,10355.7,8560.3,283.6,79.15,98,42,83,8991.6,3646.1,277.9,79.15,98,43,88,6001.2,8604.8,266.3,79.14,98,42,85,10380.7,4317.9,0.0,2,0
1782925878.312,623.922,292.9,79.14,98,44,90,5616.4,8561.5,285.4,79.15,98,45,83,10359.7,6388.6,277.4,79.15,98,49,88,4514.6,6213.8,269.2,79.14,99,51,84,10380.1,8601.9,0.0,2,0
1782925878.756,624.366,295.9,79.14,98,45,90,979.1,932.4,282.0,79.15,98,43,83,938.6,1031.5,276.9,79.15,98,44,89,929.8,853.1,261.3,79.14,99,43,84,983.9,758.5,1.0,1,0
1782925879.200,624.810,283.6,79.14,99,42,88,926.4,892.8,255.4,79.15,99,43,82,1019.4,959.8,251.0,79.15,99,48,87,927.3,907.3,234.1,79.14,99,44,83,904.6,835.3,1.0,2,0
1782925879.642,625.252,257.5,79.14,99,42,88,1016.3,904.7,228.5,79.15,99,43,82,940.1,966.1,228.9,79.15,99,47,87,929.0,975.3,234.1,79.14,99,44,83,918.3,762.4,1.0,2,0
1782925880.085,625.695,247.9,79.14,99,42,88,922.9,891.6,228.5,79.15,99,43,82,935.1,1032.2,228.9,79.15,99,47,87,930.1,898.1,208.8,79.14,99,43,83,979.6,761.0,1.0,2,0
1782925880.526,626.136,247.9,79.14,99,42,88,931.6,902.3,227.2,79.15,99,43,81,1019.9,963.0,223.7,79.15,99,47,87,916.9,917.4,208.7,79.14,99,44,83,903.4,836.2,1.0,2,0
1782925880.968,626.578,247.5,79.14,99,41,88,1039.2,885.8,226.8,79.15,99,43,82,935.5,980.4,223.5,79.15,99,48,87,922.1,927.0,208.5,79.14,99,44,83,905.0,756.7,2.0,2,0
1782925881.409,627.018,247.7,79.14,99,42,88,923.3,982.8,227.1,79.15,99,43,81,937.6,942.0,224.1,79.15,99,47,87,1009.7,877.6,208.8,79.14,99,44,83,905.1,832.3,2.0,2,0
1782925881.849,627.459,247.9,79.14,99,42,88,931.9,890.8,227.4,79.15,99,43,81,1015.0,955.6,224.3,79.15,99,47,87,923.7,1008.8,209.0,79.14,99,44,83,938.8,754.5,2.0,2,0
1782925882.293,627.903,248.0,79.14,99,42,88,1011.8,904.6,227.3,79.15,99,44,81,939.4,1015.9,224.1,79.15,99,48,87,940.5,896.1,209.1,79.14,99,44,83,916.3,752.5,2.0,2,0
1782925882.735,628.345,247.9,79.14,99,42,88,1233.9,936.3,227.0,79.15,99,43,81,1028.1,948.6,223.6,79.15,99,47,87,926.1,964.3,208.9,79.14,99,44,83,901.3,756.9,2.0,2,0
1782925883.184,628.794,247.8,79.14,99,42,88,929.1,977.1,226.7,79.15,99,43,81,936.8,972.3,223.4,79.15,99,47,87,936.1,906.9,208.5,79.14,99,43,83,982.4,756.8,2.0,2,0
1782925883.626,629.236,247.2,79.14,99,41,88,927.4,898.5,226.2,79.15,99,43,81,1020.6,985.8,223.1,79.15,99,47,87,1059.7,897.3,208.5,79.14,99,43,83,971.0,762.0,2.0,2,0
1782925884.074,629.684,247.0,79.14,99,42,88,933.2,896.0,226.2,79.15,99,43,81,1024.4,936.2,223.1,79.15,99,47,87,999.8,917.9,208.2,79.14,99,44,83,900.5,825.7,2.0,2,0
1782925884.515,630.125,247.0,79.14,99,42,88,1011.4,905.0,226.3,79.15,99,43,81,940.9,1006.5,222.9,79.15,99,47,87,922.5,911.3,208.2,79.14,99,44,83,985.8,757.7,2.0,2,0
1782925884.956,630.566,246.8,79.14,99,41,88,930.8,963.3,226.2,79.15,99,43,81,942.5,950.7,223.1,79.15,99,46,87,1012.5,893.1,207.8,79.14,99,44,83,903.7,823.7,2.0,2,0
1782925885.397,631.007,246.9,79.14,99,42,88,1015.9,883.9,226.2,79.15,99,43,81,1012.4,961.1,223.0,79.15,99,47,87,935.8,976.6,207.8,79.14,99,44,83,904.7,754.4,2.0,2,0
1782925885.838,631.448,247.3,79.14,99,42,88,928.2,953.1,226.4,79.15,99,44,81,931.0,935.9,223.4,79.15,99,48,87,1008.0,1025.5,208.4,79.14,99,44,83,1042.4,755.6,2.0,2,0
1782925886.285,631.895,247.5,79.14,99,42,88,925.5,985.2,226.7,79.15,99,43,81,943.3,969.9,223.5,79.15,99,47,87,1006.3,897.6,208.2,79.14,99,44,83,899.0,843.8,2.0,2,0
1782925886.726,632.336,247.4,79.14,99,42,88,947.2,891.8,226.8,79.15,99,43,81,1028.0,933.2,223.3,79.15,99,47,87,923.7,972.4,208.1,79.14,99,44,83,906.2,748.9,2.0,2,0
1782925887.167,632.776,247.4,79.14,99,42,88,993.3,899.6,226.7,79.15,99,43,81,942.7,1010.2,223.4,79.15,99,47,87,925.6,889.6,208.2,79.14,99,44,83,978.5,755.9,2.0,2,0
1782925887.608,633.217,247.3,79.14,99,42,88,927.4,895.0,226.7,79.15,99,43,81,1018.5,956.4,223.4,79.15,99,47,87,931.2,993.5,208.2,79.14,99,44,83,1174.8,812.5,2.0,2,0
1782925888.059,633.669,247.2,79.14,99,42,88,928.4,969.1,226.7,79.15,99,43,81,941.9,948.5,223.4,79.15,99,47,87,1013.1,896.5,208.3,79.14,99,44,83,904.1,832.9,2.0,2,0
1782925888.500,634.110,247.2,79.14,99,42,88,925.9,903.3,226.4,79.15,99,43,81,1011.0,940.7,223.1,79.15,99,47,87,926.0,999.1,208.2,79.14,99,44,83,904.4,752.9,2.0,2,0
1782925888.941,634.551,247.1,79.14,99,42,88,934.4,945.9,226.2,79.15,99,43,81,933.2,1010.0,223.0,79.15,99,47,87,937.1,915.6,208.2,79.14,99,44,83,982.3,753.3,2.0,2,0
1782925889.383,634.993,246.9,79.14,99,42,88,925.1,893.7,226.2,79.15,99,43,81,943.2,948.4,223.0,79.15,99,47,87,1003.9,881.2,208.4,79.14,99,44,83,899.0,819.4,2.0,2,0
1782925889.824,635.434,247.0,79.14,99,42,88,1007.1,908.0,226.3,79.15,99,43,81,938.0,1048.4,223.0,79.15,99,47,87,924.6,872.3,208.3,79.14,99,44,83,984.9,868.4,2.0,2,0
1782925890.268,635.878,246.9,79.14,99,42,88,926.6,927.4,226.1,79.15,99,43,81,940.7,918.6,222.8,79.15,99,47,87,928.9,869.6,208.1,79.14,99,44,82,979.8,749.7,2.0,2,0
1782925890.708,636.318,246.7,79.14,99,42,88,1082.4,953.6,225.8,79.15,99,43,81,1186.0,949.9,222.6,79.15,99,47,87,924.1,969.4,208.1,79.14,99,44,82,905.7,752.2,2.0,2,0
1782925891.163,636.773,246.8,79.14,99,42,88,924.2,968.5,226.0,79.15,99,43,81,940.7,934.3,222.7,79.15,99,47,87,940.3,913.9,208.0,79.14,99,44,82,985.2,756.0,2.0,2,0
1782925891.604,637.214,246.6,79.14,99,42,88,927.6,900.9,226.0,79.15,99,43,81,1015.8,944.7,222.7,79.15,99,47,87,929.4,1058.6,208.0,79.14,99,44,82,974.1,852.2,2.0,2,0
1782925892.050,637.660,246.6,79.14,99,42,88,928.5,908.1,225.9,79.15,99,43,81,1017.6,935.2,222.7,79.15,99,47,87,924.7,970.4,207.8,79.14,99,44,82,903.3,754.4,2.0,2,0
1782925892.491,638.101,246.6,79.14,99,42,88,917.9,983.0,225.8,79.15,99,43,81,996.4,1015.8,222.8,79.15,99,47,87,927.2,891.1,207.8,79.14,99,44,82,978.7,758.9,2.0,2,0
1782925892.934,638.544,246.8,79.14,99,42,88,922.1,935.4,225.9,79.15,99,43,81,937.6,954.6,222.8,79.15,99,47,87,1007.5,893.1,208.0,79.14,99,44,82,898.9,820.4,2.0,2,0
1782925893.375,638.985,246.9,79.14,99,42,88,1003.5,892.0,226.2,79.15,99,43,81,936.5,1025.4,222.9,79.15,99,47,87,918.4,863.3,208.2,79.14,99,44,82,988.8,749.9,2.0,2,0
1782925893.816,639.426,246.9,79.14,99,42,88,919.3,943.6,226.3,79.15,99,43,81,937.1,947.3,222.9,79.15,99,47,87,1007.4,871.7,208.2,79.14,99,44,82,1177.9,845.4,2.0,2,0
1782925894.264,639.874,246.5,79.14,99,42,88,925.0,983.9,225.9,79.15,99,43,81,936.0,944.8,222.6,79.15,99,47,87,1008.7,881.6,208.0,79.14,99,44,82,903.1,831.2,2.0,2,0
1782925894.706,640.315,246.5,79.14,99,42,86,3383.2,5713.3,226.2,79.15,98,56,82,10362.4,6656.6,223.8,79.15,98,57,88,3632.3,5977.6,218.6,79.14,99,55,84,10379.2,8176.6,2.0,2,0
1782925895.149,640.759,262.0,79.14,98,43,89,10358.8,4282.2,252.4,79.15,98,43,83,5090.8,8559.4,249.6,79.15,98,42,88,10376.0,5088.7,218.6,79.14,99,55,84,4901.2,7050.7,2.0,2,0
1782925895.591,641.201,286.3,79.14,98,49,89,10355.6,3742.3,252.4,79.15,98,43,83,5218.8,8562.7,249.6,79.15,98,42,88,10374.2,3349.7,243.7,79.14,98,44,84,5219.5,8610.6,2.0,2,0
1782925896.037,641.647,296.7,79.14,98,43,89,7083.3,18521.1,285.7,79.15,99,54,83,16640.7,4286.7,280.9,79.15,98,50,89,4583.7,8602.5,270.2,79.14,98,46,85,9282.3,789.1,2.0,2,0
1782925896.478,642.088,296.7,79.14,98,43,89,10354.7,5766.1,282.2,79.15,97,34,83,7370.1,5291.2,277.7,79.15,97,39,88,7625.0,8602.5,269.0,79.14,98,56,85,10383.0,8604.5,2.0,2,0
1782925896.924,642.534,296.8,79.14,99,51,89,5177.9,8565.2,282.1,79.15,98,42,83,10358.4,8561.2,278.4,79.15,98,40,88,3446.5,5512.8,265.6,79.14,98,42,85,10381.2,8607.9,2.0,2,0
1782925897.368,642.978,293.2,79.14,98,45,90,4943.2,5804.5,282.0,79.15,98,45,83,10355.4,8559.5,278.5,79.15,99,52,89,10375.6,5866.4,268.6,79.14,99,49,84,6978.5,5631.1,2.0,2,0
1782925897.810,643.419,295.4,79.14,99,47,89,942.1,925.8,280.4,79.15,98,41,83,1020.5,984.6,276.7,79.15,98,43,89,931.9,961.9,259.9,79.14,99,43,83,919.0,758.1,1.0,2,0
1782925898.259,643.869,280.7,79.14,99,41,88,929.9,895.4,252.9,79.15,99,42,82,1017.5,979.8,251.6,79.15,99,46,87,923.0,994.3,232.1,79.14,99,44,83,898.8,765.7,1.0,2,0
1782925898.700,644.310,257.7,79.14,99,41,87,922.4,1138.8,227.3,79.15,99,42,82,943.6,983.9,219.8,79.15,99,46,87,1013.3,881.0,205.2,79.14,99,43,83,972.5,766.4,1.0,2,0
1782925899.147,644.757,243.5,79.14,99,41,88,937.0,906.8,222.9,79.15,99,43,82,1016.3,945.0,219.6,79.15,99,46,87,925.6,988.7,205.2,79.14,99,43,83,904.8,755.4,1.0,2,0
1782925899.589,645.199,243.7,79.14,99,41,88,1005.9,940.7,222.9,79.15,99,43,82,940.7,1030.8,219.6,79.15,99,46,87,922.5,897.6,204.9,79.14,99,43,83,982.3,771.8,1.0,2,0
1782925900.030,645.640,246.6,79.14,99,42,88,932.6,945.0,225.5,79.15,99,43,81,950.0,943.3,221.8,79.15,99,46,87,1008.1,900.4,207.3,79.14,99,43,83,901.2,828.5,1.0,2,0
1782925900.471,646.081,246.6,79.14,99,42,88,1005.8,906.1,225.7,79.15,99,43,81,940.0,1038.2,222.0,79.15,99,46,87,925.9,930.1,207.5,79.14,99,43,83,899.3,754.9,2.0,2,0
1782925900.912,646.522,246.8,79.14,99,41,88,924.8,975.4,225.6,79.15,99,43,81,937.1,949.6,222.3,79.15,99,46,87,1008.0,907.3,207.6,79.14,99,43,83,901.7,843.7,2.0,2,0
1782925901.353,646.962,246.6,79.14,99,41,88,932.8,889.8,225.3,79.15,99,42,81,1016.6,939.8,222.0,79.15,99,46,87,925.3,958.9,207.3,79.14,99,43,83,904.3,757.2,2.0,2,0
1782925901.794,647.404,246.5,79.14,99,41,88,934.6,995.6,225.4,79.15,99,43,81,934.9,1007.4,221.8,79.15,99,46,87,924.0,878.6,207.4,79.14,99,43,83,982.4,750.7,2.0,2,0
1782925902.237,647.846,246.6,79.14,99,42,88,923.2,942.6,225.7,79.15,99,43,81,939.3,961.6,222.2,79.15,99,46,87,1007.3,887.4,207.4,79.14,99,43,83,899.2,830.2,2.0,2,0
1782925902.677,648.287,246.4,79.14,99,41,88,1019.3,904.5,225.4,79.15,99,43,81,940.6,1038.0,222.2,79.15,99,46,87,1034.5,886.2,207.2,79.14,99,43,83,905.3,823.1,2.0,2,0
1782925903.126,648.736,246.1,79.14,99,41,88,1006.8,907.9,225.3,79.15,99,43,81,1021.5,960.8,221.8,79.15,99,46,87,922.0,959.1,207.2,79.14,99,43,83,906.0,757.6,2.0,2,0
1782925903.569,649.179,245.8,79.14,99,42,88,1001.5,921.9,225.3,79.15,99,43,81,938.5,1011.1,221.8,79.15,99,46,87,929.1,906.6,207.0,79.14,99,43,83,978.6,754.5,2.0,2,0
1782925904.009,649.619,245.8,79.14,99,42,88,952.6,899.0,225.5,79.15,99,43,81,1020.0,956.8,221.6,79.15,99,47,87,993.2,892.6,207.1,79.14,99,43,83,904.2,830.3,2.0,2,0
1782925904.451,650.061,246.1,79.14,99,41,88,1014.2,880.5,225.6,79.15,99,43,81,940.1,1030.4,222.0,79.15,99,47,87,923.8,886.6,207.2,79.14,99,43,83,982.1,749.7,2.0,2,0
1782925904.892,650.501,246.4,79.14,99,42,88,935.0,951.1,225.6,79.15,99,43,81,939.3,948.6,222.1,79.15,99,46,87,1018.6,887.1,206.9,79.14,99,43,83,898.0,829.8,2.0,2,0
1782925905.334,650.943,246.1,79.14,99,41,88,930.4,873.3,225.5,79.15,99,43,81,1020.2,916.2,221.8,79.15,99,46,87,919.2,976.5,206.6,79.14,99,43,83,906.2,753.8,2.0,2,0
1782925905.775,651.385,245.9,79.14,99,41,88,1007.9,902.2,225.5,79.15,99,43,81,936.9,1004.1,221.9,79.15,99,46,87,928.7,897.1,206.7,79.14,99,44,83,977.7,753.1,2.0,2,0
1782925906.218,651.828,246.0,79.14,99,42,88,927.6,918.7,225.8,79.15,99,42,81,936.6,969.6,221.8,79.15,99,46,87,1008.8,877.6,206.8,79.14,99,43,83,904.1,827.5,2.0,2,0
1782925906.659,652.268,246.0,79.14,99,41,88,1008.7,904.1,225.6,79.15,99,43,81,965.7,1024.2,221.6,79.15,99,46,87,938.1,980.7,206.7,79.14,99,43,82,907.2,759.2,2.0,2,0
1782925907.103,652.713,245.9,79.14,99,41,88,995.8,920.6,225.6,79.15,99,43,81,941.2,1031.5,221.6,79.15,99,46,87,930.7,882.5,206.7,79.14,99,43,82,983.6,752.5,2.0,2,0
1782925907.544,653.154,245.9,79.14,99,42,88,929.8,880.1,225.3,79.15,99,43,81,1017.7,940.3,221.4,79.15,99,46,87,986.6,903.2,206.5,79.14,99,44,82,898.7,826.6,2.0,2,0
1782925907.985,653.595,245.9,79.14,99,42,88,1011.4,894.1,225.2,79.15,99,43,81,935.9,1031.3,221.1,79.15,99,46,87,928.3,871.7,206.5,79.14,99,43,82,983.6,753.1,2.0,2,0
1782925908.425,654.035,245.6,79.14,99,41,88,922.7,934.8,225.3,79.15,99,43,81,940.8,929.6,221.2,79.15,99,46,87,1005.0,876.7,206.7,79.14,99,43,82,900.7,825.3,2.0,2,0
1782925908.866,654.476,245.4,79.14,99,41,88,1007.9,914.1,225.2,79.15,99,43,81,934.9,1013.1,221.3,79.15,99,46,87,927.5,909.5,206.7,79.14,99,44,82,898.4,751.3,2.0,2,0
1782925909.353,654.963,245.6,79.14,99,41,88,932.2,966.1,225.4,79.15,99,43,81,942.0,954.8,221.6,79.15,99,46,87,1010.0,879.8,207.0,79.14,99,43,82,903.7,831.6,2.0,2,0
1782925909.795,655.405,245.4,79.14,99,41,88,924.5,893.7,225.5,79.15,99,43,81,1020.1,983.2,221.7,79.15,99,47,87,920.5,964.3,206.9,79.14,99,44,82,898.2,953.1,2.0,2,0
1782925910.241,655.851,245.8,79.14,99,42,88,1005.7,887.8,225.4,79.15,99,43,81,938.7,992.2,221.4,79.15,99,46,87,922.3,970.3,206.9,79.14,99,43,82,900.3,757.9,2.0,2,0
1782925910.680,656.290,246.2,79.14,99,42,88,929.7,988.9,225.4,79.15,99,43,81,1120.6,1042.1,221.5,79.15,99,46,87,950.7,1034.9,206.9,79.14,99,44,82,909.0,826.3,2.0,2,0
1782925911.136,656.746,245.9,79.14,99,42,88,1007.4,906.4,225.3,79.15,99,43,81,939.1,1019.3,221.7,79.15,99,46,87,921.9,958.2,206.9,79.14,99,44,82,905.4,759.3,2.0,2,0
1782925911.577,657.187,245.8,79.14,99,41,88,922.0,954.6,225.3,79.15,99,43,81,934.4,938.2,221.7,79.15,99,46,87,1007.6,882.2,206.9,79.14,99,44,82,900.0,917.9,2.0,2,0
1782925912.019,657.629,245.8,79.14,99,41,88,933.2,923.2,225.4,79.15,99,43,81,1014.2,962.9,221.5,79.15,99,46,87,927.5,979.3,206.9,79.14,99,44,82,904.6,757.0,2.0,2,0
1782925912.459,658.068,246.1,79.14,99,41,88,931.9,941.5,225.3,79.15,99,43,81,934.2,920.5,221.1,79.15,99,46,87,1002.2,869.3,206.6,79.14,99,44,82,893.1,758.8,2.0,2,0
1782925912.899,658.509,246.0,79.14,99,42,88,929.1,892.2,225.2,79.15,99,43,81,1020.2,955.4,220.8,79.15,99,47,87,924.9,948.7,206.5,79.14,99,44,82,902.0,748.4,2.0,2,0
1782925913.340,658.950,246.0,79.14,99,41,88,925.6,956.1,225.3,79.15,99,43,81,934.2,947.9,220.8,79.15,99,46,87,685.9,7300.8,206.6,79.14,99,43,82,21079.6,8599.8,2.0,2,0
1782925913.782,659.392,245.8,79.14,99,41,88,7665.3,8563.9,231.5,79.15,98,56,82,8613.2,2226.8,228.1,79.15,99,57,88,7583.9,8607.7,221.3,79.14,99,55,83,10375.7,8609.5,2.0,2,0
1782925914.224,659.833,266.5,79.14,98,44,89,5167.0,4285.2,259.9,79.15,98,43,82,10354.6,8561.3,256.5,79.15,98,42,88,5187.0,4302.0,251.2,79.14,98,44,84,10377.2,8605.4,2.0,2,0
1782925914.665,660.275,291.3,79.14,98,49,89,2062.4,7280.1,285.2,79.15,99,52,83,10355.1,8178.6,281.4,79.15,98,48,89,5199.6,4303.6,267.2,79.14,98,45,85,10381.6,8603.4,2.0,2,0
1782925915.111,660.720,295.1,79.14,98,43,89,8325.5,8560.3,285.2,79.15,99,52,83,3923.0,5155.6,281.4,79.15,98,48,89,10377.3,4308.1,267.2,79.14,98,45,85,4698.6,8611.3,2.0,2,0
1782925915.553,661.162,297.1,79.14,98,46,89,8849.4,8563.6,280.9,79.15,99,40,83,10355.8,8559.7,276.6,79.15,98,45,89,10375.5,4304.7,267.9,79.14,99,55,84,4699.7,8498.6,2.0,2,0
1782925915.994,661.603,297.1,79.14,98,46,89,10355.9,5599.3,281.9,79.15,98,38,82,3218.4,8053.7,276.3,79.15,98,41,89,10377.8,5340.5,265.1,79.14,99,47,84,2584.6,8604.5,2.0,2,0
1782925916.436,662.046,293.9,79.14,99,50,90,10355.0,8563.0,285.1,79.15,98,47,83,10356.5,5482.1,279.2,79.15,99,53,89,7272.7,4303.8,269.7,79.14,99,52,85,9561.8,5170.3,1.0,1,0
1782925916.879,662.489,295.8,79.14,98,45,89,1011.8,904.6,281.0,79.15,99,44,83,935.6,1185.8,277.6,79.15,99,44,88,1156.0,899.0,260.2,79.14,99,44,83,904.1,834.8,1.0,1,0
1782925917.329,662.939,282.3,79.14,99,42,88,1010.1,881.6,256.5,79.15,99,43,82,940.1,1047.8,251.8,79.15,99,48,87,931.1,1003.3,228.7,79.14,99,44,83,906.5,754.4,1.0,2,0
1782925917.772,663.382,258.6,79.14,99,42,88,1005.9,891.7,227.9,79.15,99,44,82,935.7,1045.0,227.2,79.15,99,48,87,932.3,902.8,209.3,79.14,99,44,83,939.2,748.2,1.0,2,0
1782925918.216,663.826,248.2,79.14,99,42,88,928.4,973.6,228.2,79.15,99,43,82,934.9,948.7,224.4,79.15,99,48,87,1007.8,885.1,209.3,79.14,99,44,83,898.1,825.6,1.0,2,0
1782925918.656,664.266,248.5,79.14,99,42,88,935.5,875.6,228.1,79.15,99,44,81,1024.0,1012.6,224.4,79.15,99,48,87,941.8,1004.1,209.3,79.14,99,44,83,902.1,761.5,1.0,2,0
1782925919.101,664.710,248.7,79.14,99,42,88,1009.8,914.6,228.1,79.15,99,44,81,937.3,1024.8,224.4,79.15,99,48,87,924.1,896.5,209.0,79.14,99,44,83,915.9,750.9,2.0,2,0
1782925919.543,665.153,248.8,79.14,99,42,88,925.1,963.7,228.1,79.15,99,44,81,945.7,933.7,224.4,79.15,99,48,87,946.8,885.6,208.9,79.14,99,44,83,985.3,751.9,2.0,2,0
1782925919.984,665.594,248.8,79.14,99,42,88,935.3,919.9,227.9,79.15,99,43,81,1018.0,971.6,224.4,79.15,99,47,87,924.2,971.4,208.9,79.14,99,45,83,899.7,808.8,2.0,2,0
1782925920.450,666.060,248.8,79.14,99,42,88,922.8,936.3,227.9,79.15,99,43,81,940.1,947.5,224.4,79.15,99,48,87,1010.9,892.0,209.1,79.14,99,44,83,907.3,830.1,2.0,2,0
1782925920.891,666.501,248.8,79.14,99,42,88,939.8,905.8,227.8,79.15,99,44,81,1026.7,953.3,224.0,79.15,99,48,87,933.6,960.3,209.1,79.14,99,45,83,898.8,758.8,2.0,2,0
1782925921.333,666.943,249.0,79.14,99,42,88,998.6,890.1,227.8,79.15,99,44,81,939.6,1031.1,223.9,79.15,99,48,87,930.9,911.4,209.0,79.14,99,44,83,981.4,755.3,2.0,2,0
1782925921.774,667.384,248.7,79.14,99,42,88,936.8,947.6,228.0,79.15,99,44,81,941.1,941.3,224.2,79.15,99,48,87,1009.8,874.1,209.1,79.14,99,44,83,903.8,823.8,2.0,2,0
1782925922.217,667.827,248.4,79.14,99,42,88,940.3,910.1,227.7,79.15,99,44,81,1014.9,955.4,224.0,79.15,99,48,87,925.6,980.7,209.3,79.14,99,44,83,898.4,749.7,2.0,2,0
1782925922.657,668.267,247.8,79.14,99,42,88,936.0,979.5,227.4,79.15,99,43,81,943.4,960.8,223.9,79.15,99,48,87,1053.6,874.6,209.3,79.14,99,44,83,989.9,761.4,2.0,2,0
1782925923.104,668.713,247.6,79.14,99,42,88,923.8,927.4,227.4,79.15,99,43,81,942.4,945.9,223.9,79.15,99,48,87,1010.9,879.2,209.2,79.14,99,44,83,915.7,767.9,2.0,2,0
1782925923.547,669.157,247.6,79.14,99,42,88,925.3,896.8,227.5,79.15,99,43,81,1026.9,940.9,223.8,79.15,99,47,87,1001.8,877.4,209.0,79.14,99,44,83,905.6,832.6,2.0,2,0
1782925923.988,669.597,247.6,79.14,99,42,88,938.7,909.7,227.6,79.15,99,44,81,1017.1,937.7,223.7,79.15,99,48,87,924.0,954.5,209.1,79.14,99,44,83,901.2,754.8,2.0,2,0
1782925924.432,670.042,247.5,79.14,99,42,88,1014.6,897.9,227.4,79.15,99,44,81,933.5,1028.5,223.5,79.15,99,48,87,930.9,874.9,209.1,79.14,99,45,83,984.1,758.5,2.0,2,0
1782925924.873,670.483,247.4,79.14,99,42,88,922.9,888.2,227.4,79.15,99,44,81,947.8,965.6,223.8,79.15,99,48,87,1012.2,1028.1,209.3,79.14,99,45,83,985.6,754.0,2.0,2,0
1782925925.323,670.932,248.1,79.14,99,42,88,930.3,939.1,227.9,79.15,99,44,81,935.6,957.3,224.3,79.15,99,48,87,1010.5,893.1,209.7,79.14,99,44,83,903.9,831.4,2.0,2,0
1782925925.764,671.374,248.1,79.14,99,42,88,933.7,976.0,227.9,79.15,99,44,81,936.8,965.2,224.2,79.15,99,48,87,1013.0,884.3,209.4,79.14,99,44,83,898.3,825.9,2.0,2,0
1782925926.210,671.820,248.0,79.14,99,42,88,1010.6,893.4,227.6,79.15,99,43,81,1004.3,963.3,223.7,79.15,99,47,87,927.7,953.7,209.1,79.14,99,44,83,903.5,753.5,2.0,2,0
1782925926.651,672.261,247.7,79.14,99,42,88,926.3,964.5,227.3,79.15,99,43,81,940.7,944.8,223.4,79.15,99,47,87,1024.7,1074.1,209.1,79.14,99,44,83,910.5,761.2,2.0,2,0
1782925927.099,672.709,247.2,79.14,99,42,88,935.0,905.2,227.3,79.15,99,43,81,935.1,997.5,223.4,79.15,99,47,87,956.4,879.3,208.9,79.14,99,44,83,981.7,749.3,2.0,2,0
1782925927.541,673.151,247.2,79.14,99,42,88,925.5,873.4,227.1,79.15,99,43,81,957.3,944.8,223.3,79.15,99,48,87,1006.0,894.1,208.9,79.14,99,44,83,902.0,822.9,2.0,2,0
1782925927.982,673.592,247.2,79.14,99,42,88,1015.8,889.8,227.2,79.15,99,44,81,938.0,1018.7,223.4,79.15,99,48,87,926.4,882.1,208.9,79.14,99,44,82,983.9,754.7,2.0,2,0
1782925928.423,674.032,247.0,79.14,99,42,88,920.4,958.4,227.1,79.15,99,44,81,939.6,963.5,223.1,79.15,99,47,87,1012.3,897.1,208.7,79.14,99,44,83,898.2,832.6,2.0,2,0
1782925929.286,674.896,247.4,79.14,99,42,88,928.2,945.8,226.8,79.15,99,43,81,934.3,949.5,223.2,79.15,99,47,87,1005.9,886.3,208.5,79.14,99,44,83,898.4,828.7,2.0,2,0
1782925929.727,675.337,247.1,79.14,99,42,88,1029.2,890.5,226.8,79.15,99,43,81,1012.5,953.8,223.4,79.15,99,48,87,928.0,970.6,208.3,79.14,99,44,82,904.4,752.6,2.0,2,0
1782925930.168,675.778,246.9,79.14,99,42,88,928.8,956.5,226.7,79.15,99,43,81,936.6,962.6,223.3,79.15,99,47,87,1009.4,882.7,208.4,79.14,99,44,82,898.9,766.9,2.0,2,0
1782925930.609,676.219,247.1,79.14,99,42,88,922.5,896.7,226.7,79.15,99,43,81,1019.3,944.2,223.3,79.15,99,47,87,930.4,964.3,208.4,79.14,99,44,82,901.5,974.1,2.0,2,0
1782925931.054,676.664,247.3,79.14,99,42,88,1050.8,874.9,226.9,79.15,99,43,81,1024.2,957.9,223.5,79.15,99,47,87,922.7,963.0,208.7,79.14,99,44,82,905.4,750.5,2.0,2,0
1782925931.496,677.106,247.3,79.14,99,42,88,921.5,979.0,226.9,79.15,99,43,81,937.3,945.1,223.5,79.15,99,48,87,943.2,896.6,208.5,79.14,99,44,82,978.4,758.1,2.0,2,0
1782925931.937,677.547,247.2,79.14,99,42,88,926.1,882.3,226.6,79.15,99,44,81,1016.2,947.9,223.6,79.15,99,47,87,927.3,973.6,208.3,79.14,99,44,83,894.7,757.3,2.0,2,0
1782925932.378,677.988,247.5,79.14,99,42,88,258.2,16313.7,226.7,79.15,99,44,81,20551.2,817.4,223.8,79.15,99,48,87,7872.8,8604.4,208.5,79.14,99,44,82,5190.1,4302.6,2.0,2,0
1782925932.819,678.429,249.9,79.14,81,20,88,7283.6,6865.3,235.5,79.15,99,56,82,5666.7,8522.4,233.2,79.15,99,56,88,10375.2,8601.9,226.3,79.14,99,54,84,10377.4,8605.1,2.0,2,0
1782925933.264,678.874,273.9,79.14,98,40,89,10356.7,8561.7,260.4,79.15,99,47,82,5970.1,3699.8,257.6,79.15,98,46,89,10376.0,8604.6,255.3,79.14,98,45,85,5192.6,4301.0,2.0,2,0
1782925933.706,679.316,297.8,79.14,98,49,89,10357.5,8563.7,284.6,79.15,99,52,83,5184.4,4287.0,282.0,79.15,98,49,89,9871.5,8602.4,267.7,79.14,98,45,85,10376.9,8608.4,2.0,2,0
1782925934.148,679.758,294.7,79.14,98,42,89,7227.0,8561.1,282.4,79.15,98,51,83,6249.3,3459.1,278.7,79.15,99,57,88,10382.3,8127.3,267.7,79.14,98,45,85,3708.8,5499.3,2.0,2,0
1782925934.589,680.199,294.1,79.14,98,44,89,10355.1,8560.8,282.4,79.15,98,51,83,10356.3,4372.0,278.7,79.15,99,57,88,3549.8,8605.1,268.9,79.14,99,51,85,10378.8,6701.1,2.0,2,0
1782925935.031,680.641,294.1,79.14,98,44,89,6611.9,8559.6,280.4,79.15,98,42,83,8492.7,4101.1,276.0,79.15,98,43,88,5195.6,8601.6,265.7,79.14,99,48,84,10376.8,4009.7,2.0,2,0
1782925935.475,681.085,295.7,79.14,99,51,90,10356.7,4424.0,284.3,79.15,98,46,83,8110.2,1473.8,281.0,79.15,99,52,89,929.4,883.1,269.3,79.14,99,53,85,914.8,752.5,1.0,2,0
1782925935.916,681.526,296.8,79.14,98,43,89,928.2,938.9,279.2,79.15,99,43,82,938.9,956.5,275.9,79.15,99,45,88,1006.0,874.2,257.2,79.14,99,44,83,903.8,823.1,1.0,2,0
1782925936.356,681.966,272.1,79.14,99,41,88,934.6,912.8,253.8,79.15,99,44,82,1025.1,970.0,249.8,79.15,99,47,87,928.3,956.9,229.2,79.14,99,44,83,905.9,751.4,1.0,2,0
1782925936.797,682.407,247.7,79.14,99,42,88,932.9,964.0,228.2,79.15,99,43,82,940.3,1006.6,223.9,79.15,99,47,87,923.7,880.9,208.4,79.14,99,43,83,982.1,804.5,1.0,2,0
1782925937.239,682.849,247.5,79.14,99,42,88,928.2,872.6,226.6,79.15,99,43,82,943.0,975.2,223.6,79.15,99,47,87,1007.2,896.1,208.4,79.14,99,44,83,906.8,838.3,1.0,2,0
1782925937.681,683.290,247.2,79.14,99,42,88,1006.2,905.6,226.3,79.15,99,43,82,1121.7,933.8,223.5,79.15,99,46,87,956.3,978.8,208.2,79.14,99,44,83,915.4,752.0,1.0,2,0
1782925938.125,683.734,246.8,79.14,99,41,88,1002.5,893.5,226.3,79.15,99,43,82,952.1,1027.1,223.4,79.15,99,47,87,928.8,886.4,208.2,79.14,99,44,83,985.6,756.4,2.0,2,0
1782925938.566,684.176,246.2,79.14,99,42,88,931.9,903.6,226.3,79.15,99,43,82,948.7,923.9,223.4,79.15,99,47,87,1005.4,900.0,207.9,79.14,99,43,83,905.3,847.8,2.0,2,0
1782925939.006,684.616,246.2,79.14,99,42,88,1005.3,883.0,226.0,79.15,99,43,82,943.2,1017.7,223.3,79.15,99,47,87,923.3,898.8,207.6,79.14,99,43,83,982.5,757.7,2.0,2,0
1782925939.447,685.057,246.1,79.14,99,41,88,927.6,996.9,226.0,79.15,99,43,81,936.8,947.0,223.1,79.15,99,46,87,1008.9,893.0,207.7,79.14,99,44,83,905.2,821.4,2.0,2,0
1782925939.888,685.498,246.7,79.14,99,41,88,1007.1,899.8,226.2,79.15,99,43,81,925.3,974.9,223.4,79.15,99,46,87,954.8,973.6,207.9,79.14,99,44,83,904.4,751.6,2.0,2,0
1782925940.329,685.939,246.9,79.14,99,42,88,931.6,983.5,226.0,79.15,99,43,81,941.5,959.8,223.2,79.15,99,47,87,1019.5,874.8,208.2,79.14,99,44,83,982.2,757.6,2.0,2,0
1782925940.770,686.379,246.8,79.14,99,41,88,931.0,955.5,225.7,79.15,99,43,81,939.9,955.1,222.8,79.15,99,47,87,1010.6,874.9,208.0,79.14,99,43,83,900.1,825.5,2.0,2,0
1782925941.215,686.825,246.7,79.14,99,41,88,940.0,892.8,225.6,79.15,99,43,81,1018.2,952.0,222.6,79.15,99,46,87,922.7,969.2,208.0,79.14,99,44,83,900.2,755.6,2.0,2,0
1782925941.656,687.266,246.6,79.14,99,42,88,922.3,956.6,226.0,79.15,99,43,81,937.9,967.6,222.6,79.15,99,47,87,1027.2,933.4,208.0,79.14,99,44,83,1031.3,749.4,2.0,2,0
1782925942.100,687.710,246.4,79.14,99,41,88,927.8,953.7,226.0,79.15,99,43,81,943.6,950.8,222.6,79.15,99,47,87,1011.1,884.4,208.1,79.14,99,43,83,904.3,829.9,2.0,2,0
1782925942.541,688.151,246.4,79.14,99,41,88,1005.5,888.4,225.9,79.15,99,43,81,939.0,1036.0,222.5,79.15,99,46,87,925.0,935.8,207.9,79.14,99,44,83,904.8,755.1,2.0,2,0
1782925942.982,688.592,246.4,79.14,99,41,88,934.9,970.9,225.9,79.15,99,43,81,936.5,966.2,222.5,79.15,99,47,87,1012.9,867.6,207.8,79.14,99,44,83,903.3,832.1,2.0,2,0
1782925943.423,689.033,246.5,79.14,99,42,88,934.5,878.3,225.8,79.15,99,43,81,1012.3,957.1,222.5,79.15,99,47,87,919.4,989.1,207.8,79.14,99,44,83,898.5,759.6,2.0,2,0
1782925943.866,689.476,246.6,79.14,99,42,88,1006.8,899.2,225.7,79.15,99,43,81,941.1,1051.1,222.4,79.15,99,47,87,928.3,915.0,207.6,79.14,99,44,83,985.4,752.5,2.0,2,0
1782925944.309,689.919,246.5,79.14,99,42,88,927.0,949.3,225.7,79.15,99,43,81,939.2,949.3,222.6,79.15,99,46,87,1004.8,908.2,207.8,79.14,99,44,83,902.5,832.1,2.0,2,0
1782925944.749,690.359,246.3,79.14,99,42,88,1197.7,970.2,225.8,79.15,99,43,81,943.2,945.9,222.8,79.15,99,47,87,1007.7,879.1,208.0,79.14,99,44,83,900.0,781.1,2.0,2,0
1782925945.199,690.809,246.5,79.14,99,42,88,924.1,883.8,225.9,79.15,99,43,81,1120.1,960.5,222.8,79.15,99,47,87,1008.7,889.2,208.0,79.14,99,43,83,898.9,834.9,2.0,2,0
1782925945.645,691.255,246.6,79.14,99,41,88,941.2,919.2,225.7,79.15,99,43,81,1024.2,1192.9,222.3,79.15,99,47,87,1095.4,1011.1,208.0,79.14,99,43,83,907.9,754.8,2.0,2,0
1782925946.102,691.712,246.4,79.14,99,42,88,921.1,953.9,225.7,79.15,99,43,81,935.8,1029.4,222.3,79.15,99,47,87,929.8,894.9,207.9,79.14,99,43,82,983.2,754.4,2.0,2,0
1782925946.544,692.154,246.6,79.14,99,42,88,931.5,897.7,225.8,79.15,99,43,81,1018.6,953.3,222.3,79.15,99,46,87,919.7,957.3,207.8,79.14,99,44,83,898.7,809.9,2.0,2,0
1782925946.985,692.594,246.6,79.14,99,42,88,1010.5,888.8,225.9,79.15,99,43,81,942.1,1038.2,222.4,79.15,99,47,87,926.3,874.4,207.8,79.14,99,44,82,983.6,751.7,2.0,2,0
1782925947.425,693.035,246.7,79.14,99,41,88,931.4,903.7,225.8,79.15,99,43,81,952.8,951.0,222.4,79.15,99,47,87,1013.6,898.3,207.5,79.14,99,44,82,898.1,827.8,2.0,2,0
1782925947.866,693.476,246.4,79.14,99,41,88,1005.6,889.8,225.7,79.15,99,43,81,938.4,1015.7,222.3,79.15,99,47,87,928.9,910.6,207.5,79.14,99,44,82,900.9,757.4,2.0,2,0
1782925948.309,693.919,246.2,79.14,99,42,88,929.4,997.1,226.0,79.15,99,43,81,940.4,935.6,222.0,79.15,99,47,87,1009.3,882.6,207.7,79.14,99,44,82,898.2,774.7,2.0,2,0
1782925948.749,694.359,246.4,79.14,99,42,88,1087.1,956.2,225.9,79.15,99,43,81,945.5,948.1,222.2,79.15,99,47,87,1006.4,877.9,207.9,79.14,99,44,82,905.1,823.5,2.0,2,0
1782925949.196,694.806,246.4,79.14,99,42,88,937.7,888.0,225.7,79.15,99,43,81,1014.1,934.4,222.3,79.15,99,46,87,930.3,975.4,207.7,79.14,99,44,82,910.2,748.0,2.0,2,0
1782925949.639,695.249,246.2,79.14,99,42,88,1002.8,875.6,225.5,79.15,99,43,81,936.8,1038.3,222.2,79.15,99,47,87,1062.0,962.2,207.7,79.14,99,44,82,897.5,757.6,2.0,2,0
1782925950.084,695.693,246.2,79.14,99,42,88,929.1,967.1,225.5,79.15,99,43,81,934.9,972.5,222.2,79.15,99,47,87,1011.1,892.3,207.9,79.14,99,44,82,898.0,833.3,2.0,2,0
1782925950.525,696.135,246.2,79.14,99,42,88,929.2,888.2,225.8,79.15,99,43,81,1019.7,954.6,222.2,79.15,99,47,87,925.9,945.2,207.7,79.14,99,44,82,898.9,748.0,2.0,2,0
1782925950.968,696.578,246.6,79.14,99,41,88,1012.2,900.7,225.8,79.15,99,43,81,936.9,1023.8,222.4,79.15,99,47,87,923.3,870.0,207.7,79.14,99,43,82,915.3,751.1,2.0,2,0
1782925951.411,697.021,246.5,79.14,99,42,88,10356.1,4281.2,225.6,79.15,99,43,81,5178.5,8558.6,222.0,79.15,99,47,87,5193.5,4302.6,207.7,79.14,99,44,83,10383.2,6770.0,2.0,2,0
1782925951.854,697.464,251.2,79.14,79,26,89,8554.3,5710.4,238.2,79.15,99,54,83,8624.0,5403.5,235.4,79.15,98,50,88,10376.4,8602.4,230.2,79.14,98,45,84,10385.7,8602.3,2.0,2,0
1782925952.295,697.905,272.3,79.14,98,41,89,7967.0,3057.1,261.4,79.15,98,44,83,7888.1,8558.8,257.4,79.15,98,45,88,10045.0,2166.0,257.5,79.14,99,51,85,6674.2,8603.6,2.0,2,0
1782925952.737,698.347,296.2,79.14,98,47,89,10357.8,8566.2,283.5,79.15,98,45,83,9659.0,4715.0,278.9,79.15,99,50,89,8874.8,5379.3,267.7,79.14,98,47,84,10379.5,8601.8,2.0,2,0
1782925953.183,698.793,294.5,79.14,97,35,89,10356.6,4260.3,282.2,79.15,99,56,83,5178.6,8566.0,279.4,79.15,99,53,89,10382.7,4309.1,269.3,79.14,99,51,85,5188.5,8611.4,2.0,2,0
1782925953.626,699.236,294.5,79.14,98,40,89,5851.4,8561.6,280.5,79.15,98,43,83,10355.5,4283.3,276.4,79.15,98,43,89,5511.5,8165.6,269.3,79.14,99,51,85,10380.7,8630.7,2.0,2,0
1782925954.074,699.684,297.4,79.14,98,46,89,2216.8,8231.7,280.5,79.15,98,43,83,10357.6,5532.1,276.4,79.15,98,43,89,3621.3,7466.4,265.2,79.14,98,44,85,10377.6,7170.0,2.0,2,0
1782925954.517,700.127,297.4,79.14,98,46,89,1011.7,882.6,284.2,79.15,98,47,83,943.0,1018.0,280.8,79.15,98,46,89,929.1,890.7,269.1,79.14,98,47,85,984.4,757.9,1.0,1,0
1782925954.959,700.569,295.7,79.14,98,42,89,932.2,960.2,276.8,79.15,99,42,82,937.8,949.5,272.7,79.15,99,46,88,1011.1,918.5,255.3,79.14,99,44,83,900.0,829.1,1.0,2,0
1782925955.400,701.010,270.3,79.14,99,42,88,960.2,918.8,251.4,79.15,99,43,82,1018.9,964.1,243.6,79.15,99,47,87,929.1,971.1,222.8,79.14,99,44,83,898.1,756.9,1.0,2,0
1782925955.843,701.453,250.5,79.14,99,42,88,1008.9,890.6,227.9,79.15,99,43,82,938.8,1030.9,224.5,79.15,99,47,87,929.1,891.2,209.6,79.14,99,44,83,1019.7,755.1,1.0,2,0
1782925956.288,701.898,248.7,79.14,99,42,88,998.1,927.2,228.4,79.15,99,44,82,940.8,1008.8,224.8,79.15,99,48,87,931.4,893.2,210.1,79.14,99,45,83,988.0,756.0,1.0,2,0
1782925956.731,702.341,249.1,79.14,99,42,88,931.2,1024.2,228.6,79.15,99,43,82,944.0,961.2,224.8,79.15,99,47,87,928.8,955.1,209.9,79.14,99,44,83,904.0,750.6,1.0,2,0
1782925957.183,702.792,249.2,79.14,99,42,88,996.2,916.4,228.5,79.15,99,44,82,938.2,1040.6,224.8,79.15,99,48,87,926.3,896.3,209.7,79.14,99,44,83,983.0,752.8,2.0,2,0
1782925957.625,703.235,249.1,79.14,99,42,88,926.8,947.0,228.2,79.15,99,43,82,937.0,935.6,224.5,79.15,99,48,87,1127.7,904.1,209.7,79.14,99,44,83,1157.5,782.5,2.0,2,0
1782925958.075,703.685,248.8,79.14,99,42,88,930.2,978.5,228.2,79.15,99,43,82,939.5,963.0,224.5,79.15,99,48,87,957.3,877.3,209.7,79.14,99,44,83,984.9,756.7,2.0,2,0
1782925958.518,704.128,248.8,79.14,99,42,88,931.6,888.7,227.8,79.15,99,44,82,957.0,946.4,224.0,79.15,99,48,87,1010.7,884.7,209.3,79.14,99,45,83,903.6,836.3,2.0,2,0
1782925958.960,704.570,248.8,79.14,99,42,88,956.4,902.2,228.1,79.15,99,43,81,1020.4,951.9,224.1,79.15,99,48,87,927.8,978.1,209.5,79.14,99,44,83,905.0,760.9,2.0,2,0
1782925959.403,705.013,248.9,79.14,99,42,88,1006.6,897.7,228.4,79.15,99,43,82,941.2,1031.9,224.2,79.15,99,47,87,930.8,874.5,209.8,79.14,99,44,83,903.9,755.8,2.0,2,0
1782925959.847,705.457,248.7,79.14,99,42,88,928.6,948.2,228.3,79.15,99,44,81,938.4,946.6,224.0,79.15,99,48,87,1011.7,859.9,210.1,79.14,99,45,83,1003.0,753.7,2.0,2,0
1782925960.290,705.900,249.0,79.14,99,43,88,934.1,889.3,228.6,79.15,99,44,82,935.9,946.3,223.7,79.15,99,48,87,1010.3,874.3,210.5,79.14,99,44,83,903.9,828.5,2.0,2,0
1782925960.733,706.343,249.0,79.14,99,42,88,989.3,949.4,228.6,79.15,99,44,81,944.5,972.1,223.9,79.15,99,48,87,1009.9,869.0,210.3,79.14,99,44,83,898.7,833.5,2.0,2,0
1782925961.179,706.789,248.7,79.14,99,42,88,1012.5,912.8,227.8,79.15,99,44,81,943.0,1021.8,223.4,79.15,99,48,87,923.7,972.2,209.8,79.14,99,44,83,904.9,752.8,2.0,2,0
1782925961.619,707.229,248.2,79.14,99,42,88,924.2,960.9,227.8,79.15,99,44,81,941.7,960.8,223.4,79.15,99,48,87,1008.4,909.4,209.8,79.14,99,44,83,981.2,761.9,2.0,2,0
1782925962.063,707.672,247.9,79.14,99,42,88,929.8,896.4,227.3,79.15,99,43,81,1020.4,954.0,222.8,79.15,99,47,87,931.2,968.7,209.1,79.14,99,44,83,904.1,828.1,2.0,2,0
1782925962.505,708.115,247.9,79.14,99,42,88,1004.1,888.8,227.2,79.15,99,43,81,933.4,1007.1,222.9,79.15,99,47,87,928.6,933.5,209.4,79.14,99,44,83,900.2,752.8,2.0,2,0
1782925962.947,708.557,248.1,79.14,99,42,88,942.6,1000.8,227.3,79.15,99,44,81,934.6,1006.5,223.4,79.15,99,48,87,925.3,867.7,209.9,79.14,99,44,83,982.3,748.3,2.0,2,0
1782925963.390,709.000,248.5,79.14,99,42,88,927.9,932.7,227.4,79.15,99,44,81,930.6,933.5,223.7,79.15,99,47,87,1008.8,907.4,209.7,79.14,99,44,83,910.2,838.8,2.0,2,0
1782925963.834,709.444,248.3,79.14,99,42,88,928.1,896.7,227.4,79.15,99,44,81,1016.3,956.9,223.6,79.15,99,48,87,927.0,936.3,209.6,79.14,99,44,83,898.4,754.3,2.0,2,0
1782925964.275,709.885,248.2,79.14,99,42,88,1008.7,896.1,227.6,79.15,99,44,81,941.8,1022.4,223.9,79.15,99,47,87,925.0,895.1,209.6,79.14,99,45,83,980.4,757.0,2.0,2,0
1782925964.717,710.327,248.3,79.14,99,42,88,929.5,1003.4,227.8,79.15,99,43,81,938.4,1140.9,223.9,79.15,99,48,87,923.7,885.5,209.4,79.14,99,44,83,983.3,756.7,2.0,2,0
1782925965.164,710.774,247.9,79.14,99,42,88,923.3,945.4,227.5,79.15,99,44,81,941.7,941.0,223.4,79.15,99,48,87,1012.0,886.1,209.4,79.14,99,44,83,901.9,823.9,2.0,2,0
1782925965.606,711.216,247.7,79.14,99,42,88,1007.7,888.1,227.5,79.15,99,44,81,1013.2,947.8,223.4,79.15,99,48,87,930.1,988.2,209.1,79.14,99,44,83,993.5,847.1,2.0,2,0
1782925966.058,711.668,247.6,79.14,99,42,88,925.0,897.1,227.0,79.15,99,43,81,1026.4,987.9,223.2,79.15,99,47,87,1005.4,896.3,208.6,79.14,99,44,83,905.7,833.6,2.0,2,0
1782925966.500,712.110,247.6,79.14,99,42,88,1010.8,896.5,227.1,79.15,99,43,81,932.1,1037.4,223.2,79.15,99,48,87,927.3,968.5,208.6,79.14,99,44,83,898.8,759.4,2.0,2,0
1782925966.943,712.553,247.5,79.14,99,42,88,1117.2,981.6,226.9,79.15,99,44,81,1015.5,957.7,223.3,79.15,99,47,87,926.1,965.4,208.8,79.14,99,44,83,900.4,749.0,2.0,2,0
1782925967.391,713.001,247.6,79.14,99,42,88,937.0,992.0,226.8,79.15,99,43,81,936.6,1005.1,223.3,79.15,99,47,87,921.7,884.5,208.8,79.14,99,44,83,983.8,846.0,2.0,2,0
1782925967.848,713.458,247.4,79.14,99,42,88,923.6,885.5,226.7,79.15,99,44,81,1019.9,974.6,222.9,79.15,99,48,87,919.8,899.7,208.8,79.14,99,45,82,914.1,829.7,2.0,2,0
1782925968.290,713.900,247.7,79.14,99,42,88,1009.9,885.7,227.1,79.15,99,44,81,938.0,1003.4,223.2,79.15,99,48,87,930.3,859.0,209.0,79.14,99,44,83,997.8,751.9,2.0,2,0
1782925968.734,714.344,248.0,79.14,99,42,88,1085.5,896.1,227.5,79.15,99,43,81,941.1,1026.4,223.3,79.15,99,47,87,921.4,889.5,209.0,79.14,99,44,82,908.9,762.4,2.0,2,0
1782925969.179,714.789,247.4,79.14,99,42,88,934.2,946.5,227.1,79.15,99,44,81,939.6,973.9,223.2,79.15,99,47,87,1006.7,883.8,208.7,79.14,99,44,82,899.6,830.2,2.0,2,0
1782925969.621,715.231,246.8,79.14,99,42,88,927.4,881.8,227.1,79.15,99,44,81,1021.8,967.3,223.2,79.15,99,47,87,929.3,974.8,208.7,79.14,99,44,82,905.3,752.7,2.0,2,0
1782925970.062,715.672,246.7,79.14,99,42,88,1000.9,886.5,226.8,79.15,99,44,81,941.9,1013.6,223.2,79.15,99,48,87,925.0,878.8,208.6,79.14,99,44,82,983.2,752.8,2.0,2,0
1782925970.504,716.113,246.7,79.14,99,42,88,10354.2,7019.0,226.7,79.15,99,44,81,1270.2,8562.6,223.2,79.15,99,47,87,10378.6,4310.6,208.6,79.14,99,45,82,5188.2,8611.2,0.0,2,0
1782925970.946,716.556,255.0,79.14,99,56,89,10358.8,8562.8,242.7,79.15,99,51,83,10355.6,8232.3,240.8,79.15,98,48,89,3442.4,5507.9,233.8,79.14,98,43,85,10377.4,8606.6,0.0,2,0
1782925971.396,717.005,278.7,79.14,98,42,89,2065.7,7743.3,269.4,79.15,98,46,82,10355.0,6719.8,266.2,79.15,99,52,88,3562.7,6610.6,262.6,79.14,98,49,85,10381.7,7171.7,0.0,2,0
1782925971.839,717.449,296.2,79.14,99,51,89,7656.2,17038.1,284.2,79.15,98,47,83,20704.6,4281.8,279.8,79.15,99,53,88,10378.7,8607.5,268.1,79.14,98,43,85,5196.2,4304.8,0.0,2,0
1782925972.284,717.894,296.1,79.14,97,31,90,6232.5,7275.8,284.2,79.15,99,54,83,5180.4,8561.4,280.6,79.15,99,53,89,10376.1,8601.8,270.7,79.14,98,48,85,10378.0,8604.5,0.0,2,0
1782925972.726,718.336,293.3,79.14,98,41,89,10356.4,8564.9,281.5,79.15,98,45,83,5401.3,4048.1,276.6,79.15,98,45,89,9059.5,8605.8,265.8,79.14,98,48,84,6832.0,3049.9,0.0,2,0
1782925973.173,718.783,298.0,79.14,98,46,89,10356.0,8561.3,283.6,79.15,98,45,84,10157.5,4280.6,279.9,79.15,98,47,89,7116.5,6965.5,266.8,79.14,99,49,85,10379.2,8605.0,0.0,2,0
1782925973.615,719.225,291.8,79.14,99,42,88,931.0,1027.2,283.6,79.15,98,45,84,944.6,978.5,279.9,79.15,98,47,89,1012.8,1022.6,266.8,79.14,99,49,85,988.9,754.8,1.0,1,0
1782925974.064,719.674,268.5,79.14,99,41,88,937.1,964.4,273.4,79.15,99,42,82,946.6,962.8,268.2,79.15,99,46,87,1007.0,846.1,250.4,79.14,99,43,83,905.9,831.4,1.0,2,0
1782925974.505,720.115,268.5,79.14,99,41,88,933.8,895.3,246.5,79.15,99,42,82,1018.3,983.3,238.8,79.15,99,46,87,923.1,961.9,221.2,79.14,99,44,83,899.1,759.2,1.0,2,0
1782925974.946,720.556,246.8,79.14,99,41,88,933.8,966.8,226.3,79.15,99,43,82,1022.8,958.6,222.9,79.15,99,46,87,925.5,937.0,207.5,79.14,99,44,83,901.1,754.3,1.0,2,0
1782925975.393,721.003,246.9,79.14,99,42,88,928.9,975.4,226.4,79.15,99,43,82,939.3,948.6,222.8,79.15,99,47,87,934.4,907.4,207.7,79.14,99,44,83,984.1,755.9,1.0,2,0
1782925975.834,721.444,246.7,79.14,99,41,88,925.1,908.0,226.2,79.15,99,43,82,1013.6,943.4,222.6,79.15,99,46,87,932.3,988.3,207.4,79.14,99,43,83,898.2,757.4,2.0,2,0
1782925976.275,721.885,246.6,79.14,99,41,88,1006.9,891.3,226.0,79.15,99,43,82,944.6,1021.5,222.6,79.15,99,46,87,928.6,902.7,207.2,79.14,99,43,83,979.8,761.9,2.0,2,0
1782925976.716,722.326,246.3,79.14,99,41,88,937.2,1025.5,225.9,79.15,99,43,82,963.3,963.5,222.5,79.15,99,47,87,1007.3,893.7,207.3,79.14,99,43,83,902.5,844.7,2.0,2,0
1782925977.161,722.771,246.1,79.14,99,41,88,920.8,875.6,225.8,79.15,99,43,82,1018.3,972.7,222.4,79.15,99,46,87,931.1,973.7,207.3,79.14,99,43,83,904.5,752.1,2.0,2,0
1782925977.601,723.211,246.1,79.14,99,41,88,923.7,921.3,225.8,79.15,99,43,82,932.7,1021.4,222.4,79.15,99,46,87,950.7,880.0,207.5,79.14,99,43,83,994.4,888.3,2.0,2,0
1782925978.047,723.657,245.7,79.14,99,41,88,925.6,966.6,225.5,79.15,99,43,81,938.1,967.3,222.2,79.15,99,46,87,1012.4,884.7,207.3,79.14,99,43,83,972.9,751.4,2.0,2,0
1782925978.488,724.098,245.7,79.14,99,41,88,936.7,920.5,225.5,79.15,99,43,82,1022.2,966.4,222.2,79.15,99,47,87,929.2,963.1,207.1,79.14,99,43,83,899.2,753.0,2.0,2,0
1782925978.928,724.538,246.0,79.14,99,41,88,923.2,955.8,225.5,79.15,99,43,82,949.5,1028.2,222.3,79.15,99,46,87,922.1,889.3,207.0,79.14,99,43,83,982.7,755.0,2.0,2,0
1782925979.368,724.978,246.2,79.14,99,41,88,927.4,933.0,225.7,79.15,99,43,81,1021.3,945.9,222.1,79.15,99,46,87,925.1,970.0,207.0,79.14,99,43,83,898.2,752.0,2.0,2,0
1782925979.811,725.420,246.0,79.14,99,41,88,1004.3,873.1,225.7,79.15,99,43,81,939.0,1018.8,221.9,79.15,99,46,87,926.7,879.5,206.8,79.14,99,44,83,993.3,762.2,2.0,2,0
1782925980.255,725.865,246.0,79.14,99,41,88,927.0,978.8,225.6,79.15,99,43,81,944.3,969.9,221.9,79.15,99,46,87,939.5,915.3,206.8,79.14,99,44,83,984.8,758.2,2.0,2,0
1782925980.696,726.306,245.7,79.14,99,41,88,929.9,877.8,225.8,79.15,99,43,82,1029.1,953.8,221.8,79.15,99,46,87,1066.1,900.8,207.0,79.14,99,43,83,889.3,757.3,2.0,2,0
1782925981.144,726.754,245.6,79.14,99,41,88,924.2,916.6,225.5,79.15,99,43,81,1023.8,957.6,221.6,79.15,99,46,87,925.3,950.3,207.0,79.14,99,43,83,903.3,750.1,2.0,2,0
1782925981.588,727.198,245.5,79.14,99,41,88,1012.5,891.5,225.5,79.15,99,43,81,1008.9,969.3,221.6,79.15,99,46,87,928.6,952.2,206.9,79.14,99,44,83,902.1,788.9,2.0,2,0
1782925982.030,727.640,245.5,79.14,99,41,88,931.8,978.2,225.1,79.15,99,43,81,938.1,966.6,221.5,79.15,99,46,87,928.2,865.3,206.8,79.14,99,44,83,984.1,749.6,2.0,2,0
1782925982.476,728.086,245.8,79.14,99,41,88,929.4,938.2,225.4,79.15,99,43,81,945.9,950.7,221.5,79.15,99,47,87,1006.9,897.7,206.8,79.14,99,43,83,906.0,834.5,2.0,2,0
1782925982.918,728.528,246.2,79.14,99,42,88,923.4,885.9,225.8,79.15,99,43,81,1014.9,964.2,221.6,79.15,99,46,87,933.0,989.6,206.9,79.14,99,44,83,898.7,750.1,2.0,2,0
1782925983.359,728.968,246.1,79.14,99,42,88,926.0,958.3,226.0,79.15,99,43,81,936.1,994.4,221.9,79.15,99,47,87,928.4,905.7,207.1,79.14,99,43,83,983.1,753.9,2.0,2,0
1782925983.799,729.409,245.9,79.14,99,41,88,959.9,957.1,225.6,79.15,99,43,81,936.7,963.9,221.7,79.15,99,46,87,1016.9,884.4,206.8,79.14,99,43,83,903.9,827.9,2.0,2,0
1782925984.244,729.854,245.9,79.14,99,41,88,1013.6,901.1,225.4,79.15,99,43,81,1006.2,970.7,221.4,79.15,99,46,87,920.9,955.6,206.6,79.14,99,43,83,899.8,749.6,2.0,2,0
1782925984.685,730.295,245.6,79.14,99,41,88,923.5,956.6,225.2,79.15,99,42,81,939.5,993.4,221.1,79.15,99,46,87,934.3,875.2,206.5,79.14,99,43,82,988.8,749.6,2.0,2,0
1782925985.127,730.737,245.2,79.14,99,41,88,924.2,900.0,225.2,79.15,99,43,81,1016.1,945.7,220.8,79.15,99,46,87,920.6,955.6,206.5,79.14,99,43,82,898.3,747.9,2.0,2,0
1782925985.569,731.179,245.2,79.14,99,41,88,1003.6,886.3,225.2,79.15,99,43,81,945.1,1032.7,220.8,79.15,99,46,87,918.1,891.1,206.4,79.14,99,44,83,981.4,758.5,2.0,2,0
1782925986.009,731.619,245.2,79.14,99,41,88,925.5,899.0,225.2,79.15,99,42,81,981.0,929.5,221.1,79.15,99,46,87,1004.0,897.4,206.6,79.14,99,43,82,903.3,829.8,2.0,2,0
1782925986.450,732.060,245.4,79.14,99,41,88,1001.4,874.2,225.2,79.15,99,43,81,938.0,1026.3,221.2,79.15,99,47,87,928.6,891.3,206.9,79.14,99,44,82,978.2,754.8,2.0,2,0
1782925986.892,732.502,245.6,79.14,99,42,88,932.6,967.8,225.4,79.15,99,43,81,935.6,946.5,221.3,79.15,99,46,87,1005.8,903.1,206.9,79.14,99,43,82,903.2,829.9,2.0,2,0
1782925987.332,732.942,245.5,79.14,99,41,88,1021.9,902.3,225.6,79.15,99,43,81,1012.2,965.2,221.4,79.15,99,47,87,922.1,961.6,206.9,79.14,99,43,82,893.4,752.3,2.0,2,0
1782925987.774,733.384,245.3,79.14,99,41,88,1010.5,890.5,225.3,79.15,99,43,81,940.0,1064.3,221.4,79.15,99,46,87,926.8,970.6,206.7,79.14,99,43,82,900.6,756.9,2.0,2,0
1782925988.224,733.834,245.4,79.14,99,41,88,1002.7,863.7,225.3,79.15,99,43,81,936.4,1023.9,221.5,79.15,99,47,87,922.4,916.8,206.7,79.14,99,44,82,982.5,753.0,2.0,2,0
1782925988.668,734.278,245.4,79.14,99,41,88,927.9,959.0,225.3,79.15,99,43,81,1024.4,909.1,221.5,79.15,99,47,87,1046.1,974.6,206.9,79.14,99,43,82,904.9,754.7,2.0,2,0
1782925989.119,734.729,245.3,79.14,99,41,88,993.9,925.4,225.3,79.15,99,43,81,933.1,1023.5,221.5,79.15,99,47,87,931.5,407.1,206.9,79.14,99,43,82,14081.1,18402.1,2.0,2,0
1782925989.564,735.174,255.0,79.14,98,52,89,8436.8,2079.1,225.1,79.15,99,43,81,8339.6,8560.6,221.4,79.15,99,46,87,9531.0,4904.1,205.8,79.14,80,35,82,7742.9,6462.5,2.0,2,0
1782925990.007,735.617,255.0,79.14,98,52,89,10356.7,8560.6,244.5,79.15,99,52,82,6051.3,3628.8,241.5,79.15,99,50,88,10379.5,8606.7,234.6,79.14,98,43,84,8746.1,1804.8,2.0,2,0
1782925990.453,736.062,276.7,79.14,98,41,89,10356.2,8560.8,271.8,79.15,98,44,83,5182.5,4282.6,267.7,79.15,98,46,89,10377.2,8605.2,265.3,79.14,98,51,84,5194.4,4301.8,2.0,2,0
1782925990.894,736.504,296.2,79.14,98,46,89,4644.4,4583.6,283.8,79.15,98,46,83,10358.8,4289.2,278.9,79.15,98,45,89,5194.4,8601.6,268.3,79.14,98,41,84,7411.1,2435.0,2.0,2,0
1782925991.336,736.946,296.4,79.14,98,44,89,8284.2,4763.7,285.2,79.15,98,49,83,8495.8,8562.7,280.6,79.15,98,49,89,10374.4,8602.7,269.0,79.14,98,46,85,10345.5,4306.1,2.0,2,0
1782925991.778,737.387,292.9,79.14,98,41,89,3706.8,8564.1,281.1,79.15,98,47,83,10357.6,4287.9,277.0,79.15,99,50,88,5072.3,8610.0,266.1,79.14,98,48,85,10386.2,7174.9,2.0,2,0
1782925992.226,737.836,298.2,79.14,99,52,90,8634.2,4966.4,284.6,79.15,98,48,83,10356.3,8562.5,280.3,79.15,99,54,89,10375.3,8602.5,268.2,79.14,98,44,85,5192.9,7170.2,1.0,1,0
1782925992.668,738.277,291.5,79.14,99,42,88,1002.5,901.4,272.4,79.15,99,43,82,1044.3,1022.5,267.5,79.15,99,46,87,992.0,975.5,250.6,79.14,99,43,83,908.9,750.6,1.0,2,0
1782925993.114,738.724,264.1,79.14,99,41,88,929.4,959.2,272.4,79.15,99,43,82,938.4,984.3,267.5,79.15,99,46,87,930.7,873.2,250.6,79.14,99,43,83,983.9,748.7,1.0,2,0
1782925993.556,739.166,247.3,79.14,99,42,88,932.6,893.8,241.0,79.15,99,42,82,945.8,942.7,240.5,79.15,99,46,87,1007.9,855.5,219.9,79.14,99,44,83,904.4,840.6,1.0,2,0
1782925993.998,739.608,247.3,79.14,99,42,88,947.8,892.5,226.7,79.15,99,44,82,1020.8,931.6,223.0,79.15,99,48,87,927.1,945.5,208.3,79.14,99,44,83,894.3,752.3,1.0,2,0
1782925994.439,740.049,248.4,79.14,99,42,88,931.4,969.2,228.2,79.15,99,44,82,937.9,1014.8,224.1,79.15,99,47,87,926.6,895.8,209.5,79.14,99,44,83,986.0,756.0,1.0,2,0
1782925994.882,740.492,248.7,79.14,99,42,88,926.4,924.2,228.4,79.15,99,43,82,935.7,980.8,224.3,79.15,99,47,87,1044.0,851.9,209.3,79.14,99,44,83,983.5,754.8,1.0,2,0
1782925995.328,740.938,248.5,79.14,99,42,88,923.3,937.2,227.8,79.15,99,43,82,936.1,943.5,223.9,79.15,99,47,87,1009.6,883.5,209.1,79.14,99,44,83,903.8,826.7,2.0,2,0
1782925995.768,741.378,248.4,79.14,99,42,88,1009.3,883.7,227.7,79.15,99,43,82,928.6,1012.8,223.5,79.15,99,47,87,922.4,875.4,209.1,79.14,99,44,83,908.0,758.6,2.0,2,0
1782925996.211,741.820,248.1,79.14,99,42,88,930.4,990.1,227.6,79.15,99,43,82,938.6,1020.0,223.5,79.15,99,47,87,929.6,898.4,209.0,79.14,99,44,83,983.6,753.8,2.0,2,0
1782925996.651,742.261,248.0,79.14,99,42,88,926.0,887.1,227.6,79.15,99,43,82,1018.9,948.7,223.7,79.15,99,48,87,1053.9,997.8,209.0,79.14,99,44,83,981.7,764.7,2.0,2,0
1782925997.098,742.708,248.5,79.14,99,42,88,928.2,877.5,227.6,79.15,99,43,82,1021.5,953.9,223.7,79.15,99,48,87,927.1,986.6,209.1,79.14,99,44,83,904.7,752.0,2.0,2,0
1782925997.539,743.148,248.8,79.14,99,42,88,1011.2,895.2,228.1,79.15,99,44,82,935.6,1043.4,224.3,79.15,99,48,87,924.9,890.2,209.4,79.14,99,45,83,978.5,753.3,2.0,2,0
1782925997.979,743.589,248.8,79.14,99,42,88,946.2,973.5,228.3,79.15,99,43,82,943.0,960.1,224.2,79.15,99,47,87,1008.0,897.7,209.4,79.14,99,44,83,902.0,829.9,2.0,2,0
1782925998.422,744.032,248.3,79.14,99,42,88,922.7,907.4,227.8,79.15,99,43,82,1017.0,955.1,223.6,79.15,99,47,87,928.4,963.1,208.8,79.14,99,44,83,904.3,755.1,2.0,2,0
1782925998.863,744.473,248.0,79.14,99,42,88,930.0,953.3,227.5,79.15,99,43,81,948.8,1019.1,223.5,79.15,99,47,87,923.0,978.0,208.7,79.14,99,44,83,906.9,756.7,2.0,2,0
1782925999.308,744.918,247.3,79.14,99,42,88,932.6,957.6,227.3,79.15,99,43,81,936.7,947.5,222.8,79.15,99,47,87,1002.4,886.3,208.5,79.14,99,43,83,899.1,831.7,2.0,2,0
1782925999.748,745.358,247.3,79.14,99,42,88,955.0,939.3,227.3,79.15,99,44,81,1020.5,951.2,222.8,79.15,99,48,87,925.0,958.5,208.3,79.14,99,44,83,900.6,760.9,2.0,2,0
1782926000.193,745.803,247.8,79.14,99,42,88,1014.2,898.3,227.3,79.15,99,43,81,938.0,1021.1,223.2,79.15,99,47,87,926.3,887.7,208.3,79.14,99,44,83,910.6,760.1,2.0,2,0
1782926000.634,746.244,247.5,79.14,99,41,88,925.5,949.7,227.2,79.15,99,44,81,936.4,952.0,222.8,79.15,99,47,87,1008.1,907.9,208.3,79.14,99,44,83,1013.8,795.7,2.0,2,0
1782926001.079,746.689,247.6,79.14,99,42,88,929.2,944.9,227.2,79.15,99,44,81,945.7,951.4,222.8,79.15,99,47,87,1009.5,881.5,208.0,79.14,99,44,83,903.6,828.4,2.0,2,0
1782926001.520,747.130,247.6,79.14,99,42,88,1014.3,892.2,227.2,79.15,99,43,81,931.7,984.7,223.0,79.15,99,47,87,932.4,968.5,208.2,79.14,99,44,83,933.8,752.3,2.0,2,0
1782926001.963,747.573,247.7,79.14,99,42,88,1081.2,908.7,227.2,79.15,99,43,81,1021.8,969.7,222.9,79.15,99,47,87,933.6,969.5,208.2,79.14,99,44,83,898.8,758.7,2.0,2,0
1782926002.412,748.022,247.6,79.14,99,42,88,1009.2,881.8,227.2,79.15,99,44,81,938.7,1007.4,222.8,79.15,99,47,87,928.7,904.6,208.0,79.14,99,44,83,977.6,758.2,2.0,2,0
1782926002.854,748.464,247.8,79.14,99,42,88,930.3,965.8,227.3,79.15,99,43,82,935.0,962.1,223.0,79.15,99,47,87,1000.9,869.9,208.2,79.14,99,44,83,909.0,827.6,2.0,2,0
1782926003.295,748.905,247.8,79.14,99,42,88,1007.5,893.1,227.1,79.15,99,43,81,931.8,1017.1,222.7,79.15,99,47,87,929.2,983.8,207.8,79.14,99,44,83,900.5,756.9,2.0,2,0
1782926003.736,749.346,247.7,79.14,99,42,88,965.9,990.9,227.1,79.15,99,43,81,1015.4,943.8,222.7,79.15,99,47,87,927.8,940.7,207.8,79.14,99,44,83,904.0,750.8,2.0,2,0
1782926004.192,749.802,247.7,79.14,99,42,88,927.4,881.1,227.1,79.15,99,43,81,1015.0,935.6,222.9,79.15,99,47,87,926.9,965.7,207.9,79.14,99,44,83,905.1,754.1,2.0,2,0
1782926004.633,750.243,247.6,79.14,99,42,88,1011.4,903.8,226.9,79.15,99,43,81,941.5,1017.5,223.0,79.15,99,47,87,920.0,901.2,207.9,79.14,99,44,83,1003.2,757.5,2.0,2,0
1782926005.077,750.686,247.5,79.14,99,42,88,931.7,950.7,226.9,79.15,99,43,81,940.7,954.5,223.0,79.15,99,47,87,1008.4,904.7,207.8,79.14,99,44,83,898.5,829.2,2.0,2,0
1782926005.518,751.128,247.5,79.14,99,42,88,930.0,913.0,226.8,79.15,99,43,81,1021.1,956.8,223.0,79.15,99,47,87,929.8,954.6,208.0,79.14,99,44,83,903.3,756.4,2.0,2,0
1782926005.958,751.568,247.5,79.14,99,42,88,927.7,944.3,227.0,79.15,99,43,81,935.9,943.3,223.0,79.15,99,47,87,940.8,880.8,208.2,79.14,99,44,83,1007.1,767.1,2.0,2,0
1782926006.403,752.013,247.6,79.14,99,42,88,923.9,959.8,227.3,79.15,99,43,81,940.4,951.6,223.2,79.15,99,47,87,1004.9,871.8,208.2,79.14,99,44,82,898.1,826.4,2.0,2,0
1782926006.845,752.455,247.5,79.14,99,42,88,928.1,897.0,227.3,79.15,99,44,81,1007.2,933.2,223.2,79.15,99,47,87,924.7,946.8,208.2,79.14,99,44,82,937.8,755.2,2.0,2,0
1782926007.286,752.896,247.3,79.14,99,42,88,1000.1,912.9,227.2,79.15,99,44,81,941.0,999.3,223.3,79.15,99,48,87,927.6,892.9,208.2,79.14,99,44,83,984.8,760.3,2.0,2,0
1782926007.729,753.339,247.3,79.14,99,42,88,930.0,1002.3,227.2,79.15,99,43,81,939.1,1023.4,223.2,79.15,99,47,87,927.6,872.7,208.0,79.14,99,44,82,994.1,760.7,2.0,2,0
1782926008.178,753.788,247.5,79.14,99,42,88,411.7,8204.8,227.3,79.15,99,44,81,20704.7,8559.1,223.3,79.15,99,48,86,10379.3,4301.7,204.8,79.14,74,19,82,4849.6,8613.2,2.0,2,0
1782926008.619,754.229,259.3,79.14,99,56,89,8363.7,8562.9,227.3,79.15,99,44,81,10356.6,8561.8,223.3,79.15,99,48,86,10378.3,8604.6,204.8,79.14,74,19,82,9088.2,5202.7,2.0,2,0
1782926009.065,754.675,278.5,79.14,98,46,89,10355.8,4281.9,246.6,79.15,98,44,83,5177.8,8561.7,244.0,79.15,98,45,88,10379.0,4186.3,236.9,79.14,98,42,84,5189.6,8614.4,2.0,2,0
1782926009.506,755.116,278.5,79.14,98,46,89,5179.7,4284.7,273.8,79.15,98,52,83,10358.9,8563.3,270.3,79.15,98,50,89,6380.0,6674.9,261.1,79.14,98,46,85,5325.5,8602.7,2.0,2,0
1782926009.947,755.557,296.8,79.14,99,52,90,7375.4,2030.1,283.3,79.15,99,48,82,8942.4,8566.0,279.0,79.15,98,46,89,5193.2,4302.0,267.8,79.14,98,42,84,10384.7,8248.3,2.0,2,0
1782926010.391,756.001,297.4,79.14,98,52,90,8059.7,4602.0,285.4,79.15,99,54,83,10357.5,8560.3,282.3,79.15,99,55,89,10375.6,2673.5,269.1,79.14,98,43,85,6014.1,8608.7,2.0,2,0
1782926010.833,756.442,293.6,79.14,98,40,89,10338.8,1639.4,282.2,79.15,98,47,83,7192.5,8562.7,277.5,79.15,98,46,89,10377.1,4059.8,266.7,79.14,98,49,85,5188.6,8612.5,2.0,2,0
1782926011.274,756.884,297.1,79.14,98,45,89,6373.8,6345.9,283.1,79.15,98,44,84,6938.8,5073.7,278.1,79.15,98,45,89,931.6,874.2,266.7,79.14,98,42,85,984.0,760.3,1.0,1,0
1782926011.715,757.325,288.4,79.14,99,41,88,936.3,953.0,269.1,79.15,99,43,82,959.0,945.3,265.0,79.15,99,47,87,1015.1,911.5,245.8,79.14,99,44,83,903.2,823.6,1.0,2,0
1782926012.159,757.769,266.2,79.14,99,42,88,924.1,900.7,243.6,79.15,99,43,82,949.9,936.0,239.2,79.15,99,47,87,1008.1,899.6,245.8,79.14,99,44,83,906.3,834.7,1.0,2,0
1782926012.604,758.214,249.6,79.14,99,42,88,1017.4,913.5,243.6,79.15,99,43,82,1008.7,959.2,239.2,79.15,99,47,87,930.3,1070.9,214.1,79.14,99,44,83,907.3,937.5,1.0,2,0
1782926013.051,758.661,249.3,79.14,99,42,88,1012.2,887.3,229.2,79.15,99,43,82,1024.4,964.2,225.5,79.15,99,47,87,927.8,983.5,209.7,79.14,99,44,83,900.9,758.8,1.0,2,0
1782926013.492,759.102,249.3,79.14,99,42,88,927.9,951.7,228.9,79.15,99,44,82,937.4,995.0,224.8,79.15,99,48,87,926.8,887.4,209.6,79.14,99,44,83,983.1,753.9,1.0,2,0
1782926013.933,759.543,249.5,79.14,99,43,88,923.0,888.9,229.1,79.15,99,44,82,1018.1,966.9,225.2,79.15,99,48,87,927.4,986.9,209.6,79.14,99,44,83,899.8,755.7,2.0,2,0
1782926014.374,759.983,249.4,79.14,99,42,88,1013.4,880.7,229.1,79.15,99,44,82,936.2,1034.3,225.1,79.15,99,48,87,926.8,864.8,209.6,79.14,99,45,83,984.6,758.4,2.0,2,0
1782926014.814,760.424,249.3,79.14,99,42,88,932.8,965.0,229.0,79.15,99,44,82,935.8,940.7,225.1,79.15,99,48,87,1007.7,876.5,209.5,79.14,99,44,83,898.6,827.4,2.0,2,0
1782926015.255,760.865,249.4,79.14,99,42,88,940.8,889.7,229.0,79.15,99,44,82,1021.4,963.5,225.5,79.15,99,48,87,925.3,947.6,209.6,79.14,99,44,83,898.3,756.0,2.0,2,0
1782926015.696,761.306,249.2,79.14,99,42,88,931.3,971.0,228.6,79.15,99,44,82,952.9,1029.5,225.0,79.15,99,48,87,926.8,897.2,209.6,79.14,99,45,83,983.6,756.9,2.0,2,0
1782926016.139,761.748,249.2,79.14,99,43,88,920.6,907.7,229.0,79.15,99,44,82,939.1,986.1,225.0,79.15,99,48,87,1010.5,901.7,209.6,79.14,99,45,83,910.0,837.6,2.0,2,0
1782926016.583,762.193,248.9,79.14,99,42,88,930.2,890.2,229.0,79.15,99,44,82,1015.3,947.2,225.0,79.15,99,48,87,926.5,997.5,209.9,79.14,99,44,83,1056.7,828.6,2.0,2,0
1782926017.027,762.637,248.9,79.14,99,42,88,1015.9,886.1,228.7,79.15,99,44,82,941.4,1035.7,224.8,79.15,99,48,87,930.3,983.5,210.0,79.14,99,45,83,903.6,755.1,2.0,2,0
1782926017.468,763.078,248.7,79.14,99,43,88,931.1,978.3,228.3,79.15,99,44,82,936.6,961.2,224.7,79.15,99,48,87,1010.3,883.5,209.5,79.14,99,44,83,971.8,767.8,2.0,2,0
1782926017.908,763.518,248.6,79.14,99,42,88,928.5,892.3,228.2,79.15,99,44,82,1024.5,979.9,224.8,79.15,99,48,87,928.1,984.5,209.6,79.14,99,45,83,904.2,832.4,2.0,2,0
1782926018.351,763.961,248.6,79.14,99,42,88,1004.1,886.0,228.2,79.15,99,44,82,936.3,1016.1,224.7,79.15,99,48,87,922.3,870.8,209.5,79.14,99,44,83,988.7,752.7,2.0,2,0
1782926018.792,764.401,248.6,79.14,99,42,88,922.7,946.1,228.5,79.15,99,44,82,936.4,954.4,224.7,79.15,99,48,87,1008.1,864.7,209.8,79.14,99,44,83,900.5,840.2,2.0,2,0
1782926019.232,764.842,248.5,79.14,99,42,88,934.2,886.4,228.6,79.15,99,44,82,1018.2,975.4,224.7,79.15,99,48,87,927.4,970.8,209.8,79.14,99,44,83,903.5,751.7,2.0,2,0
1782926019.675,765.285,248.3,79.14,99,42,88,1005.4,871.9,228.5,79.15,99,44,82,944.7,1056.8,224.5,79.15,99,48,87,939.6,854.7,209.6,79.14,99,44,83,985.1,752.5,2.0,2,0
1782926020.118,765.728,248.2,79.14,99,42,88,930.0,975.0,228.5,79.15,99,44,82,943.9,970.9,224.5,79.15,99,48,87,1013.1,887.0,209.6,79.14,99,44,83,903.1,832.3,2.0,2,0
1782926020.557,766.167,248.2,79.14,99,42,88,1009.9,894.1,228.4,79.15,99,44,81,937.6,1038.6,224.2,79.15,99,48,87,935.7,968.9,209.1,79.14,99,44,83,898.7,756.9,2.0,2,0
1782926020.997,766.607,248.2,79.14,99,42,88,927.5,979.5,228.2,79.15,99,44,81,941.3,961.2,224.2,79.15,99,48,87,1009.8,912.0,209.1,79.14,99,44,83,905.9,832.4,2.0,2,0
1782926021.437,767.047,248.2,79.14,99,42,88,940.3,896.7,228.2,79.15,99,44,81,1019.7,955.2,224.3,79.15,99,48,87,929.6,958.4,209.2,79.14,99,44,83,904.1,753.9,2.0,2,0
1782926021.878,767.488,248.3,79.14,99,42,88,919.4,949.1,228.3,79.15,99,44,81,938.9,936.3,224.4,79.15,99,48,87,935.4,902.2,209.1,79.14,99,44,83,984.1,763.4,2.0,2,0
1782926022.320,767.930,248.4,79.14,99,42,88,954.0,970.1,228.5,79.15,99,44,81,941.8,944.4,224.3,79.15,99,48,87,1011.4,867.4,209.2,79.14,99,44,83,898.6,834.4,2.0,2,0
1782926022.763,768.373,248.4,79.14,99,42,88,974.1,888.6,228.4,79.15,99,44,81,1018.1,929.9,224.4,79.15,99,48,87,928.1,980.6,209.2,79.14,99,44,83,903.3,763.5,2.0,2,0
1782926023.205,768.815,248.2,79.14,99,42,88,928.4,942.6,228.1,79.15,99,44,81,939.6,1014.2,224.3,79.15,99,48,87,921.6,886.7,209.0,79.14,99,44,83,978.4,758.9,2.0,2,0
1782926023.647,769.257,248.2,79.14,99,42,88,926.7,884.8,228.0,79.15,99,44,81,951.0,986.2,224.1,79.15,99,47,87,1011.8,952.8,209.0,79.14,99,44,83,990.4,751.1,2.0,2,0
1782926024.512,770.122,248.3,79.14,99,42,88,935.0,948.1,228.0,79.15,99,44,81,935.1,934.2,224.0,79.15,99,48,87,1011.8,885.7,208.9,79.14,99,44,83,903.2,823.1,2.0,2,0
1782926024.952,770.562,248.3,79.14,99,43,88,1007.3,876.0,228.0,79.15,99,44,81,931.7,958.1,224.1,79.15,99,48,87,922.7,959.6,209.2,79.14,99,44,83,904.7,749.7,2.0,2,0
1782926025.393,771.003,248.6,79.14,99,42,88,930.4,949.0,228.0,79.15,99,44,81,937.7,942.1,224.3,79.15,99,47,87,1008.3,896.2,208.9,79.14,99,45,83,905.3,882.0,2.0,2,0
1782926025.834,771.444,248.7,79.14,99,42,88,916.5,884.3,227.8,79.15,99,44,81,1012.6,915.6,224.1,79.15,99,48,87,930.6,964.8,208.7,79.14,99,44,83,895.9,758.4,2.0,2,0
1782926026.274,771.884,248.8,79.14,99,43,88,930.9,910.1,227.7,79.15,99,44,81,938.8,1007.0,224.0,79.15,99,48,87,922.6,894.8,208.7,79.14,99,45,83,997.6,752.1,2.0,2,0
1782926026.723,772.333,248.8,79.14,99,42,88,1154.5,877.5,228.0,79.15,99,44,81,934.4,991.1,224.0,79.15,99,48,87,924.5,975.0,208.8,79.14,99,44,83,898.9,753.2,2.0,2,0
1782926027.167,772.777,248.7,79.14,99,42,88,20194.3,1213.4,227.8,79.15,99,44,81,7533.4,8560.7,224.2,79.15,92,44,88,5192.9,4300.8,208.8,79.14,99,44,83,10384.9,4590.6,2.0,2,0
1782926027.610,773.220,262.9,79.14,98,46,89,5737.6,8081.0,227.8,79.15,99,44,81,10358.3,8561.2,224.2,79.15,92,44,88,10375.3,8601.9,209.7,79.14,98,37,84,10380.8,8610.0,2.0,2,0
1782926028.055,773.665,282.4,79.14,98,49,89,6553.5,3216.6,251.6,79.15,98,44,83,10354.9,8561.5,248.8,79.15,98,46,89,5191.7,4302.8,237.5,79.14,98,39,84,9412.9,8602.7,2.0,2,0
1782926028.498,774.108,282.4,79.14,98,49,89,5178.8,4282.5,274.2,79.15,99,52,83,10354.3,8559.5,270.6,79.15,98,48,89,10376.1,8601.2,269.6,79.14,98,47,85,8891.6,5497.8,2.0,2,0
1782926028.940,774.550,296.0,79.14,99,48,89,7391.0,2381.4,282.8,79.15,98,43,83,10359.1,8565.1,278.2,79.15,98,44,88,5196.5,4302.4,265.3,79.14,97,29,85,10378.0,8611.7,2.0,2,0
1782926029.381,774.991,297.3,79.14,99,55,89,10355.1,5953.7,284.8,79.15,98,48,83,2575.8,8225.3,280.1,79.15,98,45,89,10375.6,7486.7,267.3,79.14,98,39,84,5254.1,4305.7,2.0,2,0
1782926029.823,775.432,293.3,79.14,98,43,90,10357.3,5301.6,281.2,79.15,98,49,83,3343.4,8560.0,277.7,79.15,99,53,89,10376.4,5973.8,269.9,79.14,98,48,85,3911.4,6935.6,2.0,2,0
1782926030.265,775.874,296.7,79.14,98,45,90,5741.7,972.7,283.3,79.15,99,45,83,989.7,961.4,278.9,79.15,98,44,89,1005.3,897.3,266.3,79.14,98,41,85,923.5,771.4,1.0,2,0
1782926030.707,776.317,286.2,79.14,99,42,88,1079.2,975.8,264.2,79.15,99,43,82,981.6,969.1,261.7,79.15,99,46,87,1013.5,890.9,242.5,79.14,99,43,83,977.9,763.8,1.0,2,0
1782926031.155,776.765,261.7,79.14,99,41,88,930.9,914.9,237.5,79.15,99,42,82,1018.1,963.6,229.2,79.15,99,45,87,932.1,974.7,242.5,79.14,99,43,83,911.0,750.7,1.0,2,0
1782926031.595,777.205,246.1,79.14,99,41,88,1007.5,895.0,237.5,79.15,99,42,82,940.6,1034.5,229.2,79.15,99,45,87,927.6,891.6,213.2,79.14,99,43,83,985.5,766.1,1.0,2,0
1782926032.036,777.646,246.1,79.14,99,41,88,934.6,924.7,225.5,79.15,99,42,82,940.3,955.6,222.0,79.15,99,46,87,1012.6,875.6,206.5,79.14,99,43,83,900.3,831.6,1.0,2,0
1782926032.478,778.087,246.0,79.14,99,41,88,1012.3,875.8,225.8,79.15,99,43,82,1011.6,951.0,222.0,79.15,99,46,87,920.7,963.2,206.7,79.14,99,43,83,898.3,754.6,1.0,2,0
1782926032.920,778.529,246.1,79.14,99,41,88,930.4,959.7,225.7,79.15,99,43,82,942.8,990.7,221.9,79.15,99,46,87,929.9,875.4,207.0,79.14,99,43,83,981.7,751.4,2.0,2,0
1782926033.360,778.970,246.3,79.14,99,41,88,932.6,893.2,225.9,79.15,99,43,82,1021.5,943.5,222.2,79.15,99,46,87,929.1,954.9,207.0,79.14,99,43,83,900.1,755.2,2.0,2,0
1782926033.802,779.412,246.3,79.14,99,41,88,1008.1,888.6,225.8,79.15,99,42,82,942.1,944.8,222.1,79.15,99,46,87,925.2,944.8,207.1,79.14,99,43,83,901.6,759.3,2.0,2,0
1782926034.245,779.854,246.0,79.14,99,41,88,934.1,964.5,225.6,79.15,99,42,82,935.1,919.9,222.0,79.15,99,46,87,1014.9,898.3,206.7,79.14,99,43,83,971.7,761.4,2.0,2,0
1782926034.685,780.295,245.8,79.14,99,41,88,924.6,888.4,225.6,79.15,99,42,82,1031.3,948.1,221.9,79.15,99,46,87,924.3,972.4,206.6,79.14,99,43,83,904.2,835.0,2.0,2,0
1782926035.130,780.740,245.9,79.14,99,41,88,1016.0,871.5,225.6,79.15,99,42,82,937.8,1026.4,221.9,79.15,99,46,87,925.5,948.8,206.6,79.14,99,43,83,898.4,752.1,2.0,2,0
1782926035.571,781.181,245.8,79.14,99,41,88,929.2,951.5,225.9,79.15,99,42,82,933.7,918.3,221.9,79.15,99,46,87,1009.9,928.2,206.6,79.14,99,43,83,901.0,831.8,2.0,2,0
1782926036.011,781.621,245.8,79.14,99,41,88,929.8,905.0,225.9,79.15,99,43,82,1017.0,956.3,221.8,79.15,99,46,87,930.5,965.2,206.6,79.14,99,43,83,901.0,761.7,2.0,2,0
1782926036.452,782.062,245.7,79.14,99,41,88,927.2,967.7,225.7,79.15,99,42,82,930.7,1009.0,221.8,79.15,99,46,87,925.0,896.2,206.7,79.14,99,43,83,984.5,754.7,2.0,2,0
1782926036.894,782.504,245.5,79.14,99,41,88,924.1,917.7,225.3,79.15,99,43,82,968.4,971.4,221.8,79.15,99,46,87,1007.9,851.6,206.9,79.14,99,43,83,904.3,842.6,2.0,2,0
1782926037.335,782.945,245.7,79.14,99,41,88,1009.3,877.9,225.2,79.15,99,42,81,935.5,1019.5,221.8,79.15,99,46,87,923.5,865.3,206.8,79.14,99,43,83,910.8,758.7,2.0,2,0
1782926037.776,783.386,245.7,79.14,99,41,88,924.1,958.5,225.6,79.15,99,42,82,935.6,944.0,221.7,79.15,99,46,87,1005.6,853.4,206.8,79.14,99,43,83,898.2,831.7,2.0,2,0
1782926038.218,783.828,245.9,79.14,99,42,88,951.7,876.2,225.6,79.15,99,43,81,1012.1,929.4,221.6,79.15,99,46,87,929.2,956.0,206.6,79.14,99,43,83,900.6,753.4,2.0,2,0
1782926038.658,784.268,246.1,79.14,99,41,88,922.5,952.1,225.7,79.15,99,42,81,930.7,964.3,221.6,79.15,99,46,87,949.0,888.8,206.6,79.14,99,43,83,1114.5,754.8,2.0,2,0
1782926039.104,784.714,246.1,79.14,99,42,88,932.6,963.0,225.7,79.15,99,42,81,937.0,940.1,221.6,79.15,99,46,87,1011.8,894.6,206.8,79.14,99,43,83,904.9,830.6,2.0,2,0
1782926039.545,785.155,246.4,79.14,99,41,88,927.3,898.7,225.6,79.15,99,43,81,1013.0,967.4,221.7,79.15,99,46,87,927.0,965.5,206.9,79.14,99,44,83,899.3,752.8,2.0,2,0
1782926039.985,785.595,246.4,79.14,99,41,88,933.5,951.5,225.9,79.15,99,43,81,933.7,938.3,222.0,79.15,99,47,87,946.7,884.2,206.9,79.14,99,43,83,985.5,755.9,2.0,2,0
1782926040.428,786.038,246.4,79.14,99,41,88,928.2,871.9,225.9,79.15,99,43,81,1027.0,955.7,221.9,79.15,99,46,87,1006.5,897.8,206.8,79.14,99,43,83,899.4,824.7,2.0,2,0
1782926040.869,786.479,245.5,79.14,99,41,88,1006.1,894.1,225.4,79.15,99,43,81,940.4,1004.5,221.8,79.15,99,46,87,925.3,892.2,206.5,79.14,99,43,83,982.6,753.3,2.0,2,0
1782926041.311,786.921,245.1,79.14,99,41,88,926.9,972.0,225.4,79.15,99,43,81,932.9,955.8,221.5,79.15,99,46,87,1001.4,896.8,206.7,79.14,99,43,83,903.9,843.5,2.0,2,0
1782926041.753,787.363,245.4,79.14,99,42,88,969.3,960.2,225.5,79.15,99,43,81,939.5,949.8,221.7,79.15,99,46,87,1001.5,880.5,206.6,79.14,99,44,83,904.1,823.6,2.0,2,0
1782926042.197,787.807,245.9,79.14,99,41,88,1004.0,903.8,225.4,79.15,99,43,81,938.0,1027.9,221.7,79.15,99,46,87,919.9,965.1,206.6,79.14,99,43,83,896.6,762.9,2.0,2,0
1782926042.638,788.248,245.7,79.14,99,41,88,930.5,914.8,225.3,79.15,99,43,81,937.4,1016.7,221.7,79.15,99,46,87,975.8,897.1,206.6,79.14,99,43,83,984.3,769.4,2.0,2,0
1782926043.083,788.693,245.4,79.14,99,41,88,923.3,919.8,225.3,79.15,99,43,81,936.2,955.1,221.7,79.15,99,46,87,1014.5,919.2,206.6,79.14,99,43,83,899.8,824.2,2.0,2,0
1782926043.524,789.134,245.4,79.14,99,41,88,1004.8,890.8,225.4,79.15,99,43,81,943.1,1050.2,221.6,79.15,99,46,87,921.1,963.0,206.4,79.14,99,43,83,900.1,756.9,2.0,2,0
1782926043.965,789.575,245.2,79.14,99,41,88,1231.8,875.0,225.4,79.15,99,43,81,1006.4,934.7,221.2,79.15,99,46,87,921.4,964.3,206.4,79.14,99,43,83,900.3,756.4,2.0,2,0
1782926044.413,790.023,245.3,79.14,99,42,88,925.3,980.3,225.4,79.15,99,43,81,940.7,954.8,221.1,79.15,99,47,87,1015.1,868.1,206.6,79.14,99,44,83,902.1,830.5,2.0,2,0
1782926044.854,790.464,245.6,79.14,99,41,88,924.6,870.0,225.4,79.15,99,43,81,1012.7,961.8,221.5,79.15,99,46,87,925.8,950.8,206.4,79.14,99,44,82,907.2,757.1,2.0,2,0
1782926045.295,790.905,245.7,79.14,99,41,88,931.1,984.5,225.3,79.15,99,43,81,940.6,1047.2,221.8,79.15,99,46,87,924.6,887.5,206.5,79.14,99,44,82,982.4,760.5,2.0,2,0
1782926045.737,791.347,245.6,79.14,99,41,88,1109.5,973.1,225.4,79.15,99,43,81,941.8,1010.7,221.9,79.15,99,46,87,929.1,870.2,206.5,79.14,99,44,83,981.5,750.6,2.0,2,0
1782926046.186,791.796,245.3,79.14,99,41,88,871.8,8560.7,222.7,79.15,81,21,81,10356.8,9.4,219.3,79.15,81,24,88,9312.8,8607.6,212.4,79.14,98,52,84,5193.1,4301.9,2.0,2,0
1782926046.628,792.237,264.5,79.14,98,43,89,9948.2,4462.5,222.7,79.15,81,21,81,9317.6,5733.4,219.3,79.15,98,43,88,6259.1,7724.2,212.4,79.14,98,52,84,10384.4,8611.3,2.0,2,0
1782926047.077,792.686,288.8,79.14,99,50,89,5178.1,4283.0,253.5,79.15,98,42,83,10355.2,8559.4,249.5,79.15,98,43,88,5190.2,4302.2,242.4,79.14,98,42,84,10378.3,8610.6,2.0,2,0
1782926047.518,793.127,288.8,79.14,99,50,89,10357.0,7775.6,285.2,79.15,98,47,83,5371.7,6630.6,280.5,79.15,98,48,89,6242.4,8603.2,267.6,79.14,98,49,85,18174.4,18166.0,2.0,2,0
1782926047.959,793.569,296.1,79.14,98,43,89,5178.0,4286.4,282.0,79.15,98,42,83,10355.1,8562.2,277.7,79.15,98,45,88,5191.0,4303.7,265.1,79.14,97,35,85,9022.3,8606.2,2.0,2,0
1782926048.400,794.010,297.3,79.14,98,48,89,10354.9,4282.1,283.1,79.15,98,43,83,5498.7,8371.1,280.1,79.15,98,45,89,10376.6,5990.6,266.4,79.14,98,41,84,2968.6,8066.8,2.0,2,0
1782926048.841,794.451,293.6,79.14,98,46,90,9434.3,1221.3,282.0,79.15,98,53,83,8419.9,8566.0,278.9,79.15,98,50,89,8982.5,4168.9,270.2,79.14,98,47,85,5192.4,8058.7,2.0,2,0
1782926049.288,794.897,296.8,79.14,98,45,90,929.1,906.0,284.3,79.15,98,44,84,958.2,939.8,278.6,79.15,98,45,89,1014.3,887.8,267.1,79.14,99,45,85,900.2,830.0,1.0,1,0
1782926049.728,795.338,284.0,79.14,99,42,88,934.4,969.2,262.1,79.15,99,43,82,948.3,964.0,260.7,79.15,99,47,87,1009.5,895.1,236.5,79.14,99,44,83,903.5,824.8,1.0,2,0
1782926050.177,795.787,260.5,79.14,99,42,88,945.9,913.6,237.2,79.15,99,43,82,1007.5,957.8,229.5,79.15,99,47,87,928.3,959.1,212.5,79.14,99,44,83,898.7,752.6,1.0,2,0
1782926050.617,796.227,248.6,79.14,99,42,88,925.4,946.9,237.2,79.15,99,43,82,939.4,946.5,229.5,79.15,99,47,87,1001.8,880.5,212.5,79.14,99,44,83,910.9,865.0,1.0,2,0
1782926051.058,796.668,248.5,79.14,99,42,88,927.0,954.3,228.3,79.15,99,44,82,1026.5,950.7,224.8,79.15,99,47,87,919.1,938.3,209.1,79.14,99,44,83,898.4,761.3,1.0,2,0
1782926051.499,797.109,248.5,79.14,99,42,88,1010.9,883.0,228.3,79.15,99,43,82,943.8,1034.4,224.8,79.15,99,48,87,927.4,880.4,209.2,79.14,99,44,83,984.0,755.8,1.0,2,0
1782926051.939,797.549,248.4,79.14,99,42,88,925.9,914.1,227.9,79.15,99,44,82,959.0,949.9,224.7,79.15,99,48,87,1011.0,871.3,209.3,79.14,99,44,83,904.7,829.8,2.0,2,0
1782926052.380,797.990,248.5,79.14,99,42,88,1009.9,900.3,227.6,79.15,99,43,82,940.4,1009.9,224.6,79.15,99,48,87,924.9,955.1,209.1,79.14,99,44,83,904.9,759.6,2.0,2,0
1782926052.821,798.431,248.6,79.14,99,42,88,927.7,965.6,227.7,79.15,99,44,82,940.9,950.1,224.6,79.15,99,48,87,926.3,890.1,208.9,79.14,99,44,83,986.7,775.8,2.0,2,0
1782926053.264,798.874,248.7,79.14,99,42,88,928.8,910.2,227.7,79.15,99,44,82,1019.2,970.2,224.8,79.15,99,48,87,922.5,923.6,208.9,79.14,99,44,83,900.6,832.2,2.0,2,0
1782926053.705,799.315,248.5,79.14,99,42,88,1009.1,908.7,227.7,79.15,99,43,82,941.0,980.1,224.7,79.15,99,48,87,934.3,936.2,208.9,79.14,99,44,83,900.7,752.9,2.0,2,0
1782926054.146,799.756,248.4,79.14,99,42,88,932.1,957.3,227.6,79.15,99,44,82,935.0,947.9,224.5,79.15,99,48,87,1010.8,893.8,208.9,79.14,99,44,83,904.2,833.7,2.0,2,0
1782926054.585,800.195,248.5,79.14,99,42,88,1004.4,866.5,227.6,79.15,99,44,82,937.9,956.0,224.5,79.15,99,48,87,926.1,996.9,208.7,79.14,99,44,83,960.5,756.2,2.0,2,0
1782926055.027,800.637,248.5,79.14,99,42,88,926.6,957.8,227.7,79.15,99,44,82,945.8,954.7,224.5,79.15,99,48,87,1021.5,869.3,208.8,79.14,99,44,83,994.3,753.5,2.0,2,0
1782926055.467,801.076,248.3,79.14,99,42,88,927.0,880.0,227.7,79.15,99,44,82,1014.7,928.5,224.6,79.15,99,48,87,927.3,951.8,208.9,79.14,99,44,83,903.8,755.2,2.0,2,0
1782926055.909,801.518,248.3,79.14,99,42,88,1006.9,915.9,227.8,79.15,99,44,82,941.2,1043.2,224.3,79.15,99,48,87,923.0,899.1,208.8,79.14,99,44,83,978.1,763.7,2.0,2,0
1782926056.350,801.960,248.2,79.14,99,42,88,933.0,944.1,227.7,79.15,99,44,82,933.0,938.2,224.2,79.15,99,48,87,1009.0,870.7,208.8,79.14,99,44,83,903.7,824.5,2.0,2,0
1782926056.790,802.400,248.3,79.14,99,42,88,1006.2,860.0,227.7,79.15,99,43,82,929.3,990.4,224.3,79.15,99,48,87,936.4,980.3,208.8,79.14,99,44,83,899.5,756.6,2.0,2,0
1782926057.232,802.841,248.2,79.14,99,42,88,930.9,941.8,227.8,79.15,99,44,82,931.5,922.8,224.3,79.15,99,48,87,979.3,890.9,208.8,79.14,99,44,83,978.1,756.3,2.0,2,0
1782926057.672,803.282,247.7,79.14,99,42,88,925.6,891.5,228.0,79.15,99,44,81,1029.9,1096.2,224.5,79.15,99,48,87,1033.2,912.9,208.7,79.14,99,44,83,990.6,762.6,2.0,2,0
1782926058.118,803.728,247.9,79.14,99,42,88,922.0,903.6,228.0,79.15,99,44,81,1018.3,926.2,224.5,79.15,99,48,87,933.1,973.0,208.7,79.14,99,44,83,903.9,762.2,2.0,2,0
1782926058.557,804.167,247.9,79.14,99,42,88,927.8,931.2,228.1,79.15,99,44,82,933.7,982.4,224.4,79.15,99,48,87,1027.3,892.1,208.7,79.14,99,44,83,978.0,756.0,2.0,2,0
1782926058.999,804.609,247.9,79.14,99,42,88,929.2,907.7,228.0,79.15,99,44,81,1016.0,946.0,224.5,79.15,99,48,87,927.2,900.9,208.7,79.14,99,45,83,900.5,839.5,2.0,2,0
1782926059.440,805.050,248.0,79.14,99,42,88,1006.0,895.6,227.9,79.15,99,43,81,942.4,1024.7,224.1,79.15,99,48,87,928.0,886.2,208.7,79.14,99,44,83,1016.7,764.5,2.0,2,0
1782926059.882,805.492,248.2,79.14,99,42,88,930.8,972.7,227.9,79.15,99,44,81,941.6,1044.5,224.0,79.15,99,48,87,979.5,877.9,208.9,79.14,99,44,83,982.6,758.2,2.0,2,0
1782926060.328,805.938,248.2,79.14,99,42,88,929.4,934.8,227.9,79.15,99,44,81,940.7,930.0,224.0,79.15,99,48,87,1008.9,860.6,208.8,79.14,99,44,83,905.7,832.4,2.0,2,0
1782926060.772,806.382,248.0,79.14,99,42,88,928.2,899.9,228.0,79.15,99,44,81,1014.4,992.5,224.0,79.15,99,48,87,921.3,972.2,208.9,79.14,99,44,83,975.1,854.1,2.0,2,0
1782926061.216,806.826,248.1,79.14,99,42,88,1005.6,904.7,228.1,79.15,99,44,81,935.3,942.5,223.9,79.15,99,48,87,925.9,980.6,208.9,79.14,99,44,83,902.5,760.2,2.0,2,0
1782926061.658,807.267,247.9,79.14,99,42,88,925.1,958.7,228.2,79.15,99,44,81,943.1,950.8,223.9,79.15,99,48,87,1026.0,870.9,208.9,79.14,99,44,83,1021.7,755.7,2.0,2,0
1782926062.100,807.710,247.6,79.14,99,42,88,930.1,867.7,228.2,79.15,99,44,81,1019.9,958.1,223.9,79.15,99,48,87,916.9,891.0,209.0,79.14,99,44,83,904.6,828.0,2.0,2,0
1782926062.541,808.151,247.6,79.14,99,42,88,1002.6,903.4,228.1,79.15,99,44,81,936.2,1025.9,223.8,79.15,99,48,87,920.1,856.5,208.8,79.14,99,45,83,981.8,767.9,2.0,2,0
1782926062.983,808.593,247.7,79.14,99,42,88,927.9,973.0,227.8,79.15,99,43,81,934.2,948.4,223.6,79.15,99,47,87,999.8,870.8,208.7,79.14,99,44,83,899.7,825.1,2.0,2,0
1782926063.423,809.033,247.8,79.14,99,42,88,939.3,879.6,227.6,79.15,99,44,81,1019.5,964.2,223.9,79.15,99,48,87,927.7,962.8,208.7,79.14,99,44,83,906.0,759.7,2.0,2,0
1782926063.864,809.474,247.9,79.14,99,43,88,926.4,956.6,227.9,79.15,99,44,81,941.7,931.5,224.3,79.15,99,48,87,1029.6,874.7,208.6,79.14,99,44,83,984.5,753.6,2.0,2,0
1782926064.307,809.916,247.8,79.14,99,42,88,925.4,905.1,227.9,79.15,99,44,81,1019.0,954.3,224.1,79.15,99,48,87,995.8,885.8,208.5,79.14,99,44,83,898.5,832.5,2.0,2,0
1782926064.748,810.358,247.8,79.14,99,42,88,1010.8,903.2,227.7,79.15,99,44,81,959.1,1019.6,224.0,79.15,99,48,87,926.9,893.3,208.5,79.14,99,45,83,983.1,753.0,2.0,2,0
1782926065.188,810.798,245.8,79.14,84,32,88,51.0,8441.5,229.1,79.15,98,36,83,10357.4,4287.7,225.1,79.15,98,41,88,5188.2,8613.4,219.6,79.14,99,52,85,8274.1,2521.6,0.0,2,0
1782926065.630,811.240,267.5,79.14,98,40,89,7972.3,8561.4,229.1,79.15,98,36,83,10356.6,8164.3,225.1,79.15,98,41,88,5191.4,4305.2,219.6,79.14,99,52,85,9317.0,8612.0,0.0,2,0
1782926066.076,811.686,289.2,79.14,99,50,89,7199.7,2608.1,257.8,79.15,98,41,83,10027.5,8562.5,254.6,79.15,98,39,89,7248.1,2632.0,247.4,79.14,98,44,84,9312.4,8608.8,0.0,2,0
1782926066.518,812.127,289.2,79.14,99,50,89,6430.2,8560.3,282.2,79.15,98,46,83,10354.1,12185.2,281.1,79.15,98,48,89,20744.4,8601.3,267.8,79.14,99,49,84,10381.8,4307.7,0.0,2,0
1782926066.960,812.570,295.4,79.14,98,42,90,8643.5,2160.6,281.1,79.15,97,30,83,7914.4,6312.1,276.4,79.15,97,29,89,6963.0,8602.4,267.5,79.14,98,50,85,10374.7,8602.1,0.0,2,0
1782926067.409,813.019,296.5,79.14,98,43,89,3565.9,5463.5,282.7,79.15,97,38,83,10354.6,8559.1,278.5,79.15,98,43,88,5191.2,4301.3,265.5,79.14,98,41,85,10381.0,8606.9,0.0,2,0
1782926067.850,813.460,294.3,79.14,99,51,89,3971.9,5110.4,282.9,79.15,98,46,84,10358.1,8560.4,278.4,79.15,98,46,89,5194.1,4800.7,268.3,79.14,98,49,85,7586.3,8604.2,0.0,2,0
1782926068.293,813.903,295.8,79.14,98,42,90,930.1,954.5,281.9,79.15,98,41,84,940.3,954.4,277.2,79.15,98,44,88,1009.6,871.4,262.4,79.14,99,43,84,903.3,825.1,1.0,1,0
1782926068.734,814.344,277.5,79.14,99,42,88,942.8,921.8,256.3,79.15,99,43,82,1024.0,960.6,254.8,79.15,99,47,87,983.1,877.5,234.7,79.14,99,43,83,906.0,830.9,1.0,2,0
1782926069.178,814.788,255.5,79.14,99,41,88,1011.3,910.3,233.0,79.15,99,43,82,943.2,1030.6,224.7,79.15,99,47,87,928.1,890.5,208.2,79.14,99,43,83,914.7,752.5,1.0,2,0
1782926069.620,815.229,246.6,79.14,99,42,88,936.8,965.5,233.0,79.15,99,43,82,940.8,923.4,224.7,79.15,99,47,87,1012.1,944.9,208.2,79.14,99,43,83,1014.1,759.9,1.0,2,0
1782926070.064,815.674,246.0,79.14,99,41,88,929.3,957.0,227.3,79.15,99,43,82,943.7,969.4,223.0,79.15,99,46,87,1010.7,900.8,207.8,79.14,99,43,83,898.1,826.3,1.0,2,0
1782926070.506,816.116,246.0,79.14,99,41,88,1000.6,885.8,226.7,79.15,99,43,82,933.8,954.3,222.3,79.15,99,46,87,926.5,969.2,207.0,79.14,99,43,83,901.9,757.2,2.0,2,0
1782926070.947,816.557,245.4,79.14,99,41,88,935.1,966.8,226.2,79.15,99,42,82,945.2,1008.7,222.1,79.15,99,46,87,927.4,899.0,206.6,79.14,99,43,83,994.2,791.9,2.0,2,0
1782926071.394,817.004,245.5,79.14,99,41,88,926.0,940.8,226.2,79.15,99,42,82,934.6,925.7,222.3,79.15,99,45,87,1011.8,889.7,206.7,79.14,99,43,83,899.4,778.8,2.0,2,0
1782926071.835,817.445,245.7,79.14,99,41,88,930.2,903.4,226.0,79.15,99,42,82,1023.1,954.7,221.9,79.15,99,46,87,924.7,967.6,206.6,79.14,99,43,83,911.4,761.7,2.0,2,0
1782926072.278,817.887,246.0,79.14,99,41,88,1006.6,905.2,225.9,79.15,99,43,82,940.3,1016.4,221.7,79.15,99,46,87,926.8,885.4,206.5,79.14,99,43,83,982.9,758.6,2.0,2,0
1782926072.720,818.330,246.0,79.14,99,41,88,949.2,990.3,225.5,79.15,99,42,82,955.0,994.3,221.2,79.15,99,45,87,928.5,883.0,206.5,79.14,99,43,83,984.7,757.9,2.0,2,0
1782926073.165,818.775,245.9,79.14,99,41,88,929.9,881.3,225.2,79.15,99,42,82,1012.6,950.3,221.1,79.15,99,46,87,924.4,885.0,206.5,79.14,99,43,83,910.8,827.3,2.0,2,0
1782926073.607,819.217,246.1,79.14,99,41,88,1004.9,876.0,225.2,79.15,99,42,82,938.7,1021.8,221.1,79.15,99,46,87,925.5,991.4,206.6,79.14,99,43,83,902.3,984.5,2.0,2,0
1782926074.054,819.664,245.9,79.14,99,41,88,1007.5,885.8,225.3,79.15,99,42,82,939.2,1019.5,221.2,79.15,99,46,87,927.8,902.1,206.6,79.14,99,43,83,979.1,748.2,2.0,2,0
1782926074.498,820.108,245.9,79.14,99,41,88,919.9,921.6,225.3,79.15,99,43,82,936.5,1023.7,221.0,79.15,99,46,87,998.9,887.4,206.5,79.14,99,43,83,983.1,760.2,2.0,2,0
1782926074.944,820.554,245.6,79.14,99,41,88,1015.6,928.2,225.3,79.15,99,43,82,936.9,1010.1,221.1,79.15,99,46,87,925.7,891.6,206.4,79.14,99,43,83,982.6,757.4,2.0,2,0
1782926075.387,820.997,245.6,79.14,99,41,88,923.2,921.6,225.3,79.15,99,42,81,1015.1,948.1,221.4,79.15,99,45,87,977.3,870.2,206.1,79.14,99,43,83,899.7,827.2,2.0,2,0
1782926075.829,821.438,245.5,79.14,99,41,88,1007.8,899.8,225.4,79.15,99,43,82,935.2,1028.5,221.6,79.15,99,46,87,925.7,888.9,206.3,79.14,99,43,83,999.0,757.1,2.0,2,0
1782926076.271,821.881,245.2,79.14,99,41,88,919.9,957.0,225.4,79.15,99,43,81,943.0,961.8,221.9,79.15,99,46,87,1003.4,895.2,206.3,79.14,99,43,83,899.3,828.7,2.0,2,0
1782926076.712,822.322,245.1,79.14,99,41,88,944.6,928.9,225.4,79.15,99,42,81,1043.9,961.4,221.7,79.15,99,46,87,1011.9,891.1,206.2,79.14,99,43,83,899.0,827.7,2.0,2,0
1782926077.157,822.767,245.2,79.14,99,42,88,1009.4,923.0,225.4,79.15,99,43,81,1068.4,941.1,221.8,79.15,99,46,87,1009.8,855.5,206.2,79.14,99,43,83,904.3,819.2,2.0,2,0
1782926077.606,823.216,245.0,79.14,99,41,88,1005.6,917.9,225.4,79.15,99,43,81,937.4,1052.0,221.8,79.15,99,46,87,924.9,1061.2,206.0,79.14,99,44,83,988.5,859.2,2.0,2,0
1782926078.054,823.664,245.1,79.14,99,41,88,944.6,891.9,225.3,79.15,99,43,81,1017.7,937.4,221.7,79.15,99,46,87,927.9,965.2,206.2,79.14,99,43,83,899.7,751.1,2.0,2,0
1782926078.496,824.106,245.1,79.14,99,41,88,925.4,975.5,225.3,79.15,99,43,81,943.1,968.2,221.3,79.15,99,46,87,929.5,903.9,206.1,79.14,99,43,83,983.1,756.4,2.0,2,0
1782926078.937,824.547,245.0,79.14,99,42,88,929.5,846.8,225.4,79.15,99,43,81,1019.1,934.9,221.4,79.15,99,46,87,930.3,976.3,206.1,79.14,99,43,83,905.3,749.2,2.0,2,0
1782926079.379,824.989,244.9,79.14,99,41,88,1004.6,892.5,225.4,79.15,99,43,81,942.5,1038.8,221.5,79.15,99,46,87,929.7,881.1,206.1,79.14,99,43,83,979.1,753.4,2.0,2,0
1782926079.820,825.429,245.1,79.14,99,41,88,925.6,886.3,225.1,79.15,99,42,81,948.5,910.2,221.4,79.15,99,46,87,1005.8,881.8,206.0,79.14,99,43,83,964.5,888.8,2.0,2,0
1782926080.264,825.873,245.2,79.14,99,42,88,932.2,909.4,225.1,79.15,99,43,81,1018.2,951.1,221.7,79.15,99,47,87,929.2,992.0,206.0,79.14,99,43,83,903.5,759.0,2.0,2,0
1782926080.707,826.316,245.3,79.14,99,41,88,1198.9,907.8,225.2,79.15,99,42,81,1179.8,938.2,221.6,79.15,99,46,87,1004.8,885.9,205.9,79.14,99,43,83,898.4,827.8,2.0,2,0
1782926081.165,826.774,245.2,79.14,99,41,88,925.6,973.8,225.0,79.15,99,43,81,934.0,949.9,221.0,79.15,99,46,87,1009.4,898.3,205.9,79.14,99,43,83,899.5,829.3,2.0,2,0
1782926081.609,827.219,244.7,79.14,99,41,88,927.2,885.4,225.0,79.15,99,43,81,1011.9,931.7,221.0,79.15,99,46,87,923.7,978.8,205.7,79.14,99,43,83,942.1,855.8,2.0,2,0
1782926082.053,827.663,244.7,79.14,99,41,88,1007.6,882.2,224.9,79.15,99,42,81,941.7,1051.9,220.9,79.15,99,46,87,930.4,959.2,205.4,79.14,99,43,82,904.8,756.2,2.0,2,0
1782926082.494,828.104,244.7,79.14,99,41,88,923.1,958.5,225.1,79.15,99,43,81,931.8,947.8,221.1,79.15,99,46,87,1009.2,905.0,205.3,79.14,99,43,83,903.5,824.3,2.0,2,0
1782926082.934,828.544,244.9,79.14,99,41,88,940.9,882.5,225.2,79.15,99,43,81,1021.8,953.2,221.3,79.15,99,46,87,928.9,985.5,205.8,79.14,99,44,83,905.4,752.4,2.0,2,0
1782926083.374,828.984,245.1,79.14,99,41,88,930.2,964.1,225.3,79.15,99,43,81,940.1,942.1,221.5,79.15,99,46,87,1005.0,886.4,206.0,79.14,99,43,82,905.1,830.6,2.0,2,0
1782926083.816,829.426,244.7,79.14,99,41,88,929.8,882.0,225.1,79.15,99,43,81,1014.9,971.7,221.4,79.15,99,46,87,925.0,973.7,205.9,79.14,99,43,82,561.1,8594.9,2.0,2,0
1782926084.268,829.878,243.3,79.14,80,24,88,10356.0,8562.0,231.0,79.15,98,51,83,6037.8,3609.8,226.5,79.15,99,54,88,9451.7,8603.7,220.7,79.14,98,48,85,10377.7,6814.6,2.0,2,0
1782926084.709,830.319,267.5,79.14,98,42,89,6340.7,4226.8,256.9,79.15,98,40,83,9233.5,8564.4,255.5,79.15,98,42,89,10378.9,4304.9,249.6,79.14,99,47,84,4681.7,8613.0,2.0,2,0
1782926085.158,830.768,291.4,79.14,99,51,89,5180.1,4282.4,286.3,79.15,98,46,83,10357.2,8565.8,280.5,79.15,98,48,89,5191.3,4301.5,249.6,79.14,99,47,84,10379.7,8607.3,2.0,2,0
1782926085.598,831.208,295.7,79.14,98,43,89,10355.7,7234.7,286.3,79.15,98,46,83,845.2,8568.9,280.5,79.15,98,48,89,10379.8,5.5,267.7,79.14,99,51,84,9940.5,8616.4,2.0,2,0
1782926086.044,831.654,295.7,79.14,98,43,89,10356.1,8561.5,282.0,79.15,97,37,83,8599.6,5558.8,277.4,79.15,97,36,89,9400.9,4976.4,268.8,79.14,98,56,85,10377.5,8602.5,2.0,2,0
1782926086.484,832.094,295.7,79.14,98,43,89,9186.3,1249.5,282.9,79.15,98,39,83,8634.9,8564.8,278.5,79.15,98,42,89,7981.8,2245.1,266.0,79.14,98,43,85,8735.3,8608.7,2.0,2,0
1782926086.925,832.535,295.4,79.14,98,47,90,5154.9,4333.7,285.7,79.15,98,50,83,8988.4,8565.3,281.3,79.15,99,55,89,10375.4,8602.3,269.0,79.14,99,49,85,10377.1,4308.1,1.0,0,0
1782926087.372,832.981,296.5,79.14,98,43,89,994.0,885.1,283.3,79.15,99,44,84,937.3,986.0,279.7,79.15,98,44,88,927.0,868.8,261.6,79.14,99,43,84,983.6,754.8,1.0,2,0
1782926087.815,833.425,276.4,79.14,99,41,88,926.1,910.0,258.0,79.15,99,42,82,979.8,955.4,253.8,79.15,99,46,87,1018.9,893.2,233.3,79.14,99,43,83,903.8,841.7,1.0,2,0
1782926088.257,833.867,254.5,79.14,99,41,88,1007.5,897.5,226.4,79.15,99,43,82,938.0,991.3,223.2,79.15,99,46,87,927.0,876.8,207.4,79.14,99,43,83,910.6,754.1,1.0,2,0
1782926088.698,834.308,246.6,79.14,99,42,88,930.1,965.4,226.7,79.15,99,44,82,948.4,1017.5,223.5,79.15,99,48,87,976.0,893.0,207.8,79.14,99,44,83,984.4,759.8,1.0,2,0
1782926089.142,834.752,247.8,79.14,99,42,88,923.4,940.2,227.9,79.15,99,43,82,940.6,931.1,224.7,79.15,99,47,87,1011.9,886.3,207.8,79.14,99,44,83,905.3,830.5,1.0,2,0
1782926089.583,835.193,248.6,79.14,99,42,88,930.5,899.3,227.9,79.15,99,43,82,1017.8,939.3,224.7,79.15,99,47,87,926.7,979.8,209.0,79.14,99,44,83,1015.6,855.3,1.0,2,0
1782926090.029,835.639,248.6,79.14,99,42,88,1028.1,878.5,228.8,79.15,99,44,82,1015.6,958.1,225.0,79.15,99,48,87,918.8,977.2,209.3,79.14,99,44,83,904.6,765.4,2.0,2,0
1782926090.471,836.081,248.3,79.14,99,42,88,925.5,919.0,228.7,79.15,99,44,82,934.3,1022.1,224.8,79.15,99,48,87,928.9,886.5,209.3,79.14,99,44,83,982.7,762.9,2.0,2,0
1782926090.912,836.522,248.5,79.14,99,42,88,931.8,890.2,228.4,79.15,99,43,82,1011.9,924.3,224.3,79.15,99,47,87,1009.3,872.6,209.0,79.14,99,44,83,903.2,824.8,2.0,2,0
1782926091.353,836.963,248.5,79.14,99,42,88,1009.6,916.2,228.4,79.15,99,44,82,940.7,1076.7,224.3,79.15,99,48,87,931.9,979.2,208.8,79.14,99,44,83,904.6,755.6,2.0,2,0
1782926091.797,837.407,248.1,79.14,99,42,88,1007.1,900.9,228.2,79.15,99,44,82,934.7,1009.9,224.1,79.15,99,48,87,926.7,895.5,208.6,79.14,99,44,83,984.1,826.3,2.0,2,0
1782926092.241,837.851,247.9,79.14,99,42,88,922.9,946.4,228.1,79.15,99,44,82,945.4,953.7,224.3,79.15,99,48,87,1012.8,878.0,208.3,79.14,99,44,83,906.4,833.5,2.0,2,0
1782926092.683,838.293,247.8,79.14,99,42,88,924.3,917.9,227.9,79.15,99,43,82,1104.0,958.4,223.9,79.15,99,47,87,1003.5,918.1,208.1,79.14,99,44,83,907.8,830.4,2.0,2,0
1782926093.128,838.738,247.6,79.14,99,42,88,939.4,893.4,227.9,79.15,99,43,82,1021.4,960.9,223.9,79.15,99,47,87,930.1,970.5,208.1,79.14,99,44,83,905.2,766.5,2.0,2,0
1782926093.570,839.180,247.5,79.14,99,42,88,927.5,1000.4,227.5,79.15,99,44,82,942.5,1001.8,223.3,79.15,99,47,87,1002.7,894.3,207.8,79.14,99,44,83,983.6,751.5,2.0,2,0
1782926094.013,839.623,247.5,79.14,99,42,88,930.0,950.8,227.5,79.15,99,43,82,941.9,941.5,223.7,79.15,99,46,87,1008.8,877.0,208.0,79.14,99,44,83,904.2,825.4,2.0,2,0
1782926094.455,840.065,247.2,79.14,99,42,88,953.2,908.5,227.6,79.15,99,43,82,1022.7,971.3,223.9,79.15,99,47,87,924.0,960.4,208.1,79.14,99,44,83,899.3,749.2,2.0,2,0
1782926094.898,840.507,246.7,79.14,99,42,88,1016.5,877.1,227.3,79.15,99,44,81,939.3,1048.4,223.7,79.15,99,47,87,927.2,861.8,208.1,79.14,99,44,83,982.4,761.5,2.0,2,0
1782926095.346,840.955,247.3,79.14,99,42,88,1011.9,889.3,227.9,79.15,99,43,82,946.9,1037.6,223.9,79.15,99,48,87,919.4,861.6,208.5,79.14,99,44,83,995.0,764.5,2.0,2,0
1782926095.789,841.399,247.4,79.14,99,42,88,928.3,966.0,227.9,79.15,99,43,81,939.1,927.6,223.6,79.15,99,47,87,1011.2,854.9,208.4,79.14,99,44,83,898.7,825.0,2.0,2,0
1782926096.230,841.840,247.4,79.14,99,42,88,921.2,886.9,227.7,79.15,99,43,81,1018.6,971.4,223.5,79.15,99,47,87,927.1,971.0,208.2,79.14,99,44,83,904.1,754.0,2.0,2,0
1782926096.673,842.283,247.7,79.14,99,42,88,1012.7,920.0,228.1,79.15,99,43,82,967.9,1024.4,223.8,79.15,99,48,87,1024.6,977.3,208.6,79.14,99,44,83,908.3,813.4,2.0,2,0
1782926097.122,842.732,247.7,79.14,99,42,88,1006.0,882.1,228.1,79.15,99,43,82,938.0,1034.6,223.8,79.15,99,48,87,928.8,974.1,208.6,79.14,99,44,83,900.3,753.6,2.0,2,0
1782926097.569,843.179,246.9,79.14,99,42,88,1009.4,908.5,227.8,79.15,99,43,81,935.5,1019.5,223.4,79.15,99,47,87,928.3,890.5,208.4,79.14,99,44,83,984.1,746.3,2.0,2,0
1782926098.010,843.620,246.9,79.14,99,42,88,926.4,934.2,227.4,79.15,99,43,82,938.0,971.1,223.5,79.15,99,48,87,1011.3,891.7,208.1,79.14,99,44,83,898.1,831.0,2.0,2,0
1782926098.451,844.061,246.4,79.14,99,42,88,919.4,894.3,227.3,79.15,99,44,81,1017.6,942.4,223.5,79.15,99,48,87,927.0,951.8,208.1,79.14,99,44,83,905.3,753.4,2.0,2,0
1782926098.892,844.502,246.8,79.14,99,42,88,922.7,898.8,227.7,79.15,99,43,81,939.5,1019.2,223.7,79.15,99,48,87,926.3,878.7,208.4,79.14,99,44,83,982.1,755.3,2.0,2,0
1782926099.337,844.947,247.2,79.14,99,42,88,929.7,968.6,227.8,79.15,99,44,81,935.2,941.6,223.7,79.15,99,47,87,1002.9,878.6,208.0,79.14,99,44,83,904.7,846.3,2.0,2,0
1782926099.778,845.388,246.9,79.14,99,42,88,925.9,901.8,227.7,79.15,99,44,81,1019.1,947.7,223.5,79.15,99,48,87,926.4,967.4,207.8,79.14,99,44,83,900.1,756.3,2.0,2,0
1782926100.220,845.830,247.2,79.14,99,42,88,1010.1,907.2,228.1,79.15,99,44,81,935.5,999.4,223.8,79.15,99,48,87,922.8,874.5,208.4,79.14,99,44,83,984.2,748.3,2.0,2,0
1782926100.662,846.272,246.9,79.14,99,42,88,933.7,960.7,227.6,79.15,99,43,81,940.4,1016.4,223.2,79.15,99,47,87,1026.6,887.5,208.4,79.14,99,44,83,985.3,763.6,2.0,2,0
1782926101.106,846.716,246.6,79.14,99,42,88,921.7,862.5,227.6,79.15,99,43,81,1012.9,968.4,223.2,79.15,99,47,87,929.2,974.2,208.2,79.14,99,44,83,899.5,818.2,2.0,2,0
1782926101.548,847.158,246.5,79.14,99,42,88,1005.5,897.0,227.6,79.15,99,44,81,1019.8,936.3,223.3,79.15,99,48,87,926.1,972.0,208.3,79.14,99,44,83,906.7,759.0,2.0,2,0
1782926101.993,847.602,246.5,79.14,99,42,88,1005.3,882.3,227.9,79.15,99,43,81,939.6,990.6,223.7,79.15,99,47,87,918.6,864.1,208.4,79.14,99,44,83,978.9,753.6,2.0,2,0
1782926102.435,848.045,246.3,79.14,99,42,88,935.8,898.3,227.6,79.15,99,44,81,951.5,941.6,223.5,79.15,99,48,87,1006.5,877.9,208.1,79.14,99,45,83,904.0,821.4,2.0,2,0
1782926102.876,848.486,246.5,79.14,99,42,88,1009.4,541.3,227.6,79.15,99,44,81,15896.7,16794.3,223.3,79.15,99,48,87,3558.5,8606.8,208.1,79.14,99,44,83,10376.2,1197.8,2.0,2,0
1782926103.319,848.929,248.3,79.14,98,45,88,8379.7,5767.1,236.5,79.15,99,56,83,6777.4,7327.1,232.8,79.15,98,54,88,10376.1,8601.1,226.8,79.14,99,51,85,10376.7,8606.0,2.0,2,0
1782926103.760,849.370,270.4,79.14,98,41,89,10361.9,8561.5,263.4,79.15,98,43,83,10357.5,4284.9,259.0,79.15,98,43,89,5188.7,8605.5,249.0,79.14,98,44,85,10377.6,3574.5,2.0,2,0
1782926104.206,849.816,295.8,79.14,99,54,89,10269.5,8562.1,286.4,79.15,98,48,83,7943.4,3443.2,279.3,79.15,98,47,89,7179.2,8600.6,267.1,79.14,98,47,85,10379.9,8602.3,2.0,2,0
1782926104.648,850.258,293.8,79.14,97,29,89,44.0,8562.0,283.2,79.15,99,56,83,10357.6,4290.5,279.4,79.15,99,58,89,4259.5,6935.9,267.1,79.14,98,47,85,10388.4,6517.6,2.0,2,0
1782926105.098,850.708,294.4,79.14,98,42,89,6095.9,4305.8,283.2,79.15,99,56,83,9108.6,8559.3,279.4,79.15,99,58,89,10376.1,4299.3,269.9,79.14,99,54,85,5187.9,8607.2,2.0,2,0
1782926105.540,851.150,294.4,79.14,98,42,89,9746.5,1581.0,282.3,79.15,98,43,83,7628.0,8562.4,278.3,79.15,98,43,88,10374.9,4309.3,266.3,79.14,98,47,85,4406.2,8608.2,2.0,2,0
1782926105.985,851.595,295.1,79.14,98,46,90,6157.0,7129.5,286.3,79.15,99,50,83,5666.7,4872.3,282.4,79.15,99,53,88,932.3,887.3,268.8,79.14,98,47,85,983.1,756.3,1.0,1,0
1782926106.426,852.036,295.5,79.14,98,42,90,925.7,944.6,279.2,79.15,99,43,82,936.8,940.7,275.0,79.15,99,47,88,1010.3,886.0,257.5,79.14,99,44,84,905.4,822.8,1.0,2,0
1782926106.867,852.477,272.0,79.14,99,41,88,1013.0,911.4,253.4,79.15,99,43,82,937.6,1029.3,246.2,79.15,99,47,87,929.1,998.5,224.2,79.14,99,43,83,902.1,756.3,1.0,2,0
1782926107.310,852.920,247.1,79.14,99,41,88,928.3,971.1,226.6,79.15,99,43,82,936.3,927.3,223.3,79.15,99,47,87,935.3,892.8,207.7,79.14,99,43,83,982.3,758.5,1.0,2,0
1782926107.752,853.361,246.1,79.14,99,41,88,936.4,916.6,226.5,79.15,99,43,82,1016.8,967.0,222.9,79.15,99,46,87,919.3,906.2,207.3,79.14,99,44,83,905.4,834.0,1.0,2,0
1782926108.193,853.803,246.4,79.14,99,41,88,1013.0,905.6,226.7,79.15,99,42,82,934.7,1013.8,222.9,79.15,99,46,87,931.5,888.9,207.2,79.14,99,43,83,989.3,753.1,1.0,2,0
1782926108.635,854.245,246.2,79.14,99,42,88,923.2,947.2,226.7,79.15,99,42,82,943.0,954.0,222.9,79.15,99,46,87,1012.8,933.9,207.2,79.14,99,43,83,1002.6,759.8,2.0,2,0
1782926109.079,854.689,246.3,79.14,99,41,88,933.4,898.9,226.5,79.15,99,43,82,1023.0,954.4,223.2,79.15,99,47,87,924.7,912.6,207.1,79.14,99,43,83,904.4,828.3,2.0,2,0
1782926109.520,855.130,246.3,79.14,99,41,88,1001.4,894.1,226.1,79.15,99,42,82,934.8,1022.6,222.9,79.15,99,46,87,923.4,906.0,206.9,79.14,99,44,83,990.0,751.8,2.0,2,0
1782926109.961,855.571,246.5,79.14,99,41,88,928.6,969.7,226.3,79.15,99,43,82,941.9,968.3,222.4,79.15,99,46,87,1012.1,877.2,207.0,79.14,99,43,83,901.0,830.4,2.0,2,0
1782926110.405,856.014,246.3,79.14,99,41,88,933.2,880.7,226.5,79.15,99,43,82,1021.2,954.5,222.4,79.15,99,46,87,927.9,958.0,207.2,79.14,99,43,83,901.6,752.3,2.0,2,0
1782926110.846,856.456,246.4,79.14,99,41,88,1010.4,894.6,226.5,79.15,99,43,82,937.2,1019.0,222.6,79.15,99,47,87,925.2,872.8,207.4,79.14,99,43,83,996.6,757.8,2.0,2,0
1782926111.289,856.898,246.7,79.14,99,42,88,934.9,971.2,226.7,79.15,99,43,82,934.2,954.9,223.0,79.15,99,47,87,1013.6,879.5,207.7,79.14,99,43,83,903.5,826.3,2.0,2,0
1782926111.730,857.340,246.3,79.14,99,41,88,994.4,952.7,226.2,79.15,99,42,82,1049.7,1012.5,222.7,79.15,99,46,87,933.3,895.2,207.2,79.14,99,43,83,977.4,755.5,2.0,2,0
1782926112.182,857.791,245.5,79.14,99,41,88,928.6,961.2,225.6,79.15,99,43,82,933.1,926.0,221.9,79.15,99,46,87,1009.7,902.7,206.5,79.14,99,43,83,897.2,832.1,2.0,2,0
1782926112.625,858.234,244.9,79.14,99,41,88,929.3,901.2,225.6,79.15,99,43,82,1020.2,979.2,221.9,79.15,99,46,87,1048.6,885.3,206.5,79.14,99,43,83,957.7,826.0,2.0,2,0
1782926113.070,858.680,245.0,79.14,99,41,88,1017.0,910.4,225.4,79.15,99,43,82,939.6,1014.9,221.6,79.15,99,46,87,922.4,948.1,206.2,79.14,99,43,83,899.5,754.5,2.0,2,0
1782926113.515,859.125,245.0,79.14,99,41,88,1004.3,895.1,225.4,79.15,99,42,82,939.7,1030.7,221.7,79.15,99,46,87,925.2,879.4,206.3,79.14,99,43,83,985.9,752.9,2.0,2,0
1782926113.961,859.571,245.0,79.14,99,42,88,931.8,991.2,225.3,79.15,99,43,81,938.2,1026.2,221.8,79.15,99,46,87,926.1,878.6,206.3,79.14,99,43,83,988.9,759.7,2.0,2,0
1782926114.403,860.013,245.0,79.14,99,41,88,931.3,892.3,225.0,79.15,99,42,81,952.6,968.6,221.8,79.15,99,46,87,1015.2,906.4,205.8,79.14,99,43,83,898.6,829.8,2.0,2,0
1782926114.845,860.455,245.0,79.14,99,41,88,1007.2,892.2,225.1,79.15,99,43,82,939.1,1025.5,221.6,79.15,99,46,87,925.0,952.1,206.1,79.14,99,43,83,919.6,754.3,2.0,2,0
1782926115.291,860.901,244.9,79.14,99,41,88,1005.6,876.2,225.3,79.15,99,42,81,941.6,1021.6,221.4,79.15,99,46,87,929.3,851.7,206.3,79.14,99,43,83,983.8,754.1,2.0,2,0
1782926115.733,861.342,244.9,79.14,99,41,88,978.6,987.6,225.5,79.15,99,43,82,945.2,1034.7,221.4,79.15,99,46,87,936.4,885.5,206.4,79.14,99,43,83,987.2,755.4,2.0,2,0
1782926116.182,861.792,245.2,79.14,99,41,88,933.3,994.2,225.5,79.15,99,43,81,936.9,948.0,221.3,79.15,99,46,87,1028.8,866.0,206.5,79.14,99,43,83,993.3,757.7,2.0,2,0
1782926116.624,862.234,245.2,79.14,99,41,88,925.5,895.5,225.5,79.15,99,43,81,1021.7,967.1,221.3,79.15,99,46,87,1180.6,893.4,206.5,79.14,99,43,83,955.0,758.4,2.0,2,0
1782926117.072,862.682,245.1,79.14,99,41,88,930.2,905.7,225.4,79.15,99,43,81,1020.4,960.1,221.4,79.15,99,46,87,924.0,973.9,206.5,79.14,99,44,83,903.8,815.9,2.0,2,0
1782926117.514,863.123,245.1,79.14,99,41,88,1002.5,898.8,225.1,79.15,99,42,81,934.6,1041.5,221.4,79.15,99,46,87,928.1,887.4,206.2,79.14,99,43,83,983.2,754.7,2.0,2,0
1782926117.956,863.566,244.9,79.14,99,41,88,922.3,960.7,225.2,79.15,99,43,81,939.5,952.0,221.4,79.15,99,46,87,1004.1,891.1,206.0,79.14,99,43,83,900.5,823.5,2.0,2,0
1782926118.398,864.008,245.0,79.14,99,41,88,930.0,867.1,225.3,79.15,99,42,81,1018.2,943.6,221.3,79.15,99,46,87,923.2,977.6,206.0,79.14,99,43,83,905.2,747.9,2.0,2,0
1782926118.839,864.449,245.1,79.14,99,41,88,1009.5,929.5,225.4,79.15,99,43,81,943.9,1021.6,221.4,79.15,99,46,87,922.9,1071.3,206.0,79.14,99,43,83,942.1,749.9,2.0,2,0
1782926119.711,865.321,244.5,79.14,99,41,88,929.9,869.6,225.3,79.15,99,43,81,1086.9,947.3,221.4,79.15,99,46,87,1005.7,885.0,205.9,79.14,99,43,83,903.7,849.6,2.0,2,0
1782926120.155,865.765,244.4,79.14,99,41,88,1013.5,912.9,225.3,79.15,99,42,81,1009.7,939.7,221.2,79.15,99,46,87,922.4,969.9,205.9,79.14,99,43,83,906.7,757.7,2.0,2,0
1782926120.599,866.209,244.4,79.14,99,41,88,1000.7,872.3,225.3,79.15,99,42,81,945.5,1029.7,221.2,79.15,99,46,87,924.9,873.8,205.8,79.14,99,43,83,1079.5,765.0,2.0,2,0
1782926121.043,866.653,244.4,79.14,99,41,88,929.5,942.8,225.1,79.15,99,42,81,940.9,967.4,221.0,79.15,99,46,87,1003.0,863.9,205.9,79.14,99,43,83,899.2,830.3,2.0,2,0
1782926121.486,867.096,244.6,79.14,99,41,88,933.4,877.0,224.8,79.15,99,43,81,1027.2,935.4,220.9,79.15,99,46,87,925.0,982.0,205.9,79.14,99,43,83,903.7,819.9,2.0,2,0
1782926121.928,867.538,244.8,79.14,99,41,88,10356.1,8565.9,224.8,79.15,99,43,81,2106.4,5809.3,220.9,79.15,99,46,87,10375.9,4300.2,205.9,79.14,99,43,82,5188.1,8613.4,2.0,2,0
1782926122.372,867.982,249.1,79.14,99,54,89,10356.4,8560.5,236.7,79.15,98,53,83,10356.6,6646.6,232.1,79.15,99,55,89,6232.1,6649.9,227.7,79.14,99,52,84,6385.9,8602.9,2.0,2,0
1782926122.815,868.425,271.1,79.14,98,42,89,10354.9,8213.1,261.3,79.15,99,48,83,2495.3,6569.4,261.5,79.15,98,45,89,10375.7,8488.5,255.7,79.14,98,44,85,3085.6,5885.8,2.0,2,0
1782926123.260,868.870,297.2,79.14,99,50,89,10355.4,8562.3,284.3,79.15,99,50,83,10355.7,8563.3,280.0,79.15,98,47,89,8890.4,5335.4,267.1,79.14,98,44,85,6253.0,8123.2,2.0,2,0
1782926123.704,869.314,295.3,79.14,99,37,89,10358.1,8564.1,283.1,79.15,99,53,83,7437.5,2045.3,278.7,79.15,99,57,89,9032.5,8607.0,268.6,79.14,98,51,85,8209.0,6074.4,2.0,2,0
1782926124.151,869.761,294.1,79.14,98,40,89,5178.7,4282.1,280.6,79.15,98,42,83,10357.2,8562.9,277.5,79.15,98,43,89,7406.4,2538.3,268.6,79.14,98,51,85,9701.4,8606.9,2.0,2,0
1782926124.591,870.201,294.9,79.14,98,46,90,3843.9,5293.1,280.6,79.15,98,42,83,10358.5,8563.2,277.5,79.15,98,43,89,5142.9,4304.5,265.2,79.14,99,47,85,10374.6,8605.5,2.0,2,0
1782926125.034,870.644,294.9,79.14,98,46,90,941.2,939.6,283.2,79.15,98,47,83,942.2,958.5,280.8,79.15,99,52,89,1010.2,864.0,267.6,79.14,98,48,85,904.2,827.8,1.0,2,0
1782926125.476,871.086,294.4,79.14,99,42,90,928.5,894.9,276.8,79.15,99,43,82,1020.2,946.5,272.6,79.15,99,47,87,926.3,960.8,254.5,79.14,99,44,83,903.3,754.6,1.0,2,0
1782926125.916,871.526,270.3,79.14,99,43,88,998.4,909.6,252.0,79.15,99,44,82,969.6,1019.4,244.6,79.15,99,48,87,925.5,878.8,227.5,79.14,99,45,83,985.5,761.8,1.0,2,0
1782926126.359,871.969,252.0,79.14,99,42,88,929.4,958.4,230.0,79.15,99,44,82,937.3,959.7,226.0,79.15,99,48,87,1009.3,917.9,210.6,79.14,99,45,83,905.8,840.6,1.0,2,0
1782926126.800,872.410,249.2,79.14,99,42,88,933.8,906.3,230.2,79.15,99,44,82,1016.9,947.7,225.9,79.15,99,48,87,930.7,981.1,210.5,79.14,99,45,83,904.4,763.6,1.0,2,0
1782926127.253,872.863,249.0,79.14,99,43,88,928.1,952.4,230.0,79.15,99,44,82,942.3,982.0,225.8,79.15,99,48,87,1011.1,881.4,210.1,79.14,99,45,83,900.9,826.9,1.0,2,0
1782926127.693,873.303,249.3,79.14,99,42,88,929.1,922.2,230.0,79.15,99,44,82,1035.6,993.1,225.5,79.15,99,48,87,1017.5,886.0,210.4,79.14,99,45,83,903.2,828.8,2.0,2,0
1782926128.139,873.749,249.4,79.14,99,43,88,1005.0,868.5,230.0,79.15,99,44,82,1015.7,973.5,225.7,79.15,99,48,87,930.1,976.0,210.4,79.14,99,45,83,898.5,759.0,2.0,2,0
1782926128.578,874.188,249.4,79.14,99,43,88,928.0,966.3,229.9,79.15,99,44,82,941.3,972.5,225.7,79.15,99,48,87,1014.5,899.6,210.6,79.14,99,45,83,899.2,835.2,2.0,2,0
1782926129.019,874.629,249.4,79.14,99,43,88,930.4,908.7,230.0,79.15,99,44,82,1017.8,935.2,226.1,79.15,99,49,87,929.0,951.3,210.7,79.14,99,45,83,903.8,752.6,2.0,2,0
1782926129.458,875.068,249.4,79.14,99,43,88,920.1,906.2,230.0,79.15,99,44,82,942.5,1022.5,226.2,79.15,99,48,87,928.0,879.7,210.4,79.14,99,45,83,989.3,761.4,2.0,2,0
1782926129.897,875.507,249.4,79.14,99,43,88,927.8,918.2,229.8,79.15,99,44,82,1012.5,959.5,225.9,79.15,99,49,87,928.9,968.2,210.1,79.14,99,45,83,904.4,845.5,2.0,2,0
1782926130.338,875.948,249.4,79.14,99,43,88,1013.9,867.7,229.7,79.15,99,44,82,939.4,1036.4,225.8,79.15,99,48,87,926.5,888.8,210.2,79.14,99,45,83,983.3,758.7,2.0,2,0
1782926130.777,876.387,249.5,79.14,99,43,88,932.9,956.2,230.0,79.15,99,44,82,937.3,944.1,225.7,79.15,99,49,87,1008.5,875.2,210.5,79.14,99,45,83,903.2,827.7,2.0,2,0
1782926131.217,876.827,249.3,79.14,99,43,88,1007.7,880.5,229.8,79.15,99,44,82,936.1,1005.9,225.5,79.15,99,49,87,928.9,879.8,210.4,79.14,99,45,83,999.2,755.7,2.0,2,0
1782926131.656,877.266,248.9,79.14,99,42,88,923.5,942.6,229.6,79.15,99,44,82,935.2,959.3,225.2,79.15,99,48,87,1016.3,879.9,210.4,79.14,99,45,83,1160.6,765.1,2.0,2,0
1782926132.104,877.713,248.9,79.14,99,43,88,927.6,960.5,229.6,79.15,99,44,82,934.9,965.8,225.2,79.15,99,48,87,1007.8,874.9,209.8,79.14,99,45,83,903.5,839.1,2.0,2,0
1782926132.545,878.155,248.9,79.14,99,43,88,927.9,886.5,229.5,79.15,99,44,82,1025.7,943.4,225.2,79.15,99,49,87,927.6,962.9,209.7,79.14,99,45,83,899.3,756.8,2.0,2,0
1782926132.987,878.597,249.2,79.14,99,43,88,1010.6,889.2,229.6,79.15,99,44,82,944.2,1030.3,225.3,79.15,99,49,87,927.7,887.4,210.2,79.14,99,45,83,984.8,755.3,2.0,2,0
1782926133.428,879.038,249.6,79.14,99,43,88,925.8,957.9,229.7,79.15,99,44,82,936.6,970.9,225.7,79.15,99,49,87,1011.8,877.8,210.5,79.14,99,45,83,903.3,838.2,2.0,2,0
1782926133.869,879.478,249.4,79.14,99,43,88,1002.2,888.9,229.7,79.15,99,44,82,1013.2,942.1,225.5,79.15,99,48,87,925.8,957.0,210.2,79.14,99,45,83,906.2,754.2,2.0,2,0
1782926134.309,879.919,249.3,79.14,99,43,88,933.9,955.3,229.6,79.15,99,44,82,937.2,918.2,224.9,79.15,99,49,87,938.7,890.7,210.0,79.14,99,45,83,981.5,757.1,2.0,2,0
1782926134.751,880.361,249.3,79.14,99,43,88,939.9,894.6,229.3,79.15,99,44,81,1026.4,942.3,224.8,79.15,99,48,87,1000.5,877.6,210.1,79.14,99,45,83,903.2,822.8,2.0,2,0
1782926135.193,880.803,249.0,79.14,99,43,88,1007.6,887.1,229.1,79.15,99,44,82,936.1,1009.3,225.0,79.15,99,49,87,930.3,981.1,210.1,79.14,99,45,83,904.7,753.4,2.0,2,0
1782926135.634,881.244,249.2,79.14,99,43,88,924.2,959.4,229.1,79.15,99,44,82,937.0,962.2,225.0,79.15,99,49,87,1012.3,919.0,210.1,79.14,99,45,83,1030.4,835.4,2.0,2,0
1782926136.081,881.691,249.6,79.14,99,43,88,933.4,1005.6,229.3,79.15,99,44,82,948.0,1013.5,224.8,79.15,99,49,87,932.2,886.4,210.1,79.14,99,45,83,983.4,755.7,2.0,2,0
1782926136.524,882.133,249.6,79.14,99,43,88,928.4,885.8,229.7,79.15,99,44,82,972.4,968.3,225.0,79.15,99,49,87,1013.5,887.4,210.2,79.14,99,45,83,904.3,832.2,2.0,2,0
1782926136.965,882.574,249.6,79.14,99,43,88,1024.4,905.4,229.6,79.15,99,44,82,1018.2,953.2,225.2,79.15,99,49,87,926.1,964.3,210.1,79.14,99,45,83,904.5,757.4,2.0,2,0
1782926137.410,883.020,249.7,79.14,99,43,88,1000.9,870.6,229.6,79.15,99,44,81,936.4,1038.3,225.2,79.15,99,49,87,938.0,899.5,210.1,79.14,99,45,83,987.4,769.7,2.0,2,0
1782926137.851,883.461,249.7,79.14,99,43,88,922.8,941.9,229.5,79.15,99,44,82,941.4,949.7,225.0,79.15,99,48,87,1013.1,877.8,209.9,79.14,99,44,83,910.1,828.2,2.0,2,0
1782926138.292,883.902,249.5,79.14,99,42,88,943.5,889.1,229.3,79.15,99,44,81,1014.8,919.9,224.6,79.15,99,49,87,927.8,955.6,209.7,79.14,99,45,83,904.4,750.2,2.0,2,0
1782926138.734,884.344,249.4,79.14,99,43,88,1027.6,933.4,229.5,79.15,99,44,82,948.4,1032.4,224.6,79.15,99,49,87,929.4,967.2,209.9,79.14,99,45,83,903.8,753.5,2.0,2,0
1782926139.178,884.788,249.4,79.14,99,43,88,927.7,942.6,229.5,79.15,99,44,81,936.4,944.1,224.7,79.15,99,48,87,1007.7,859.3,209.9,79.14,99,45,83,911.1,831.8,2.0,2,0
1782926139.618,885.228,249.3,79.14,99,43,88,927.4,875.0,229.5,79.15,99,44,81,1016.5,944.2,224.7,79.15,99,48,87,944.0,1054.2,209.9,79.14,99,45,83,912.6,846.5,2.0,2,0
1782926140.068,885.678,248.8,79.14,99,43,88,931.2,899.5,229.3,79.15,99,44,81,1019.1,968.9,224.5,79.15,99,48,87,1027.0,878.6,209.6,79.14,99,44,83,906.3,832.9,2.0,2,0
1782926140.511,886.121,248.8,79.14,99,43,88,1003.6,873.5,228.7,79.15,99,44,81,1008.6,941.3,224.4,79.15,99,48,87,932.5,962.4,209.4,79.14,99,45,83,904.2,752.6,2.0,2,0
1782926140.955,886.565,248.7,79.14,99,43,88,1084.6,7680.0,228.9,79.15,99,44,81,10358.0,4287.8,224.7,79.15,99,49,87,5188.8,8608.9,209.8,79.14,99,45,83,9557.6,3024.5,2.0,2,0
1782926141.398,887.008,257.2,79.14,99,52,89,7219.5,6877.4,244.2,79.15,98,49,83,10358.1,8564.2,240.0,79.15,98,50,89,9988.9,1988.6,231.8,79.14,98,45,84,6977.5,8610.3,2.0,2,0
1782926141.839,887.449,278.6,79.14,98,43,89,8610.4,1731.7,265.6,79.15,99,49,83,8606.4,8560.7,262.3,79.15,98,48,88,10378.2,5878.0,255.9,79.14,98,46,85,6106.4,4303.4,2.0,2,0
1782926142.288,887.897,295.4,79.14,98,47,89,10356.6,7376.7,281.4,79.15,99,48,83,5805.2,17895.5,278.6,79.15,98,46,89,18242.5,4303.0,265.6,79.14,98,42,85,5028.0,8609.3,2.0,2,0
1782926142.729,888.339,296.5,79.14,98,50,90,5180.3,8565.8,283.6,79.15,98,48,83,10360.2,8562.7,278.8,79.15,99,54,89,10376.2,8473.7,268.1,79.14,99,50,85,6645.6,6697.8,2.0,2,0
1782926143.177,888.787,293.5,79.14,98,42,90,10354.8,5102.8,280.7,79.15,99,48,83,3461.7,8358.1,276.4,79.15,98,48,88,10375.9,5329.0,268.1,79.14,99,50,85,2659.7,8606.0,2.0,2,0
1782926143.618,889.228,296.0,79.14,98,46,89,10355.4,3383.3,280.7,79.15,99,48,83,5438.1,8562.8,276.4,79.15,98,48,88,10376.2,8605.2,265.3,79.14,98,46,85,10383.5,5665.5,2.0,2,0
1782926144.065,889.675,291.8,79.14,99,42,88,931.2,886.5,284.5,79.15,99,52,84,1017.6,949.9,280.4,79.15,98,49,89,929.6,979.7,267.0,79.14,98,43,85,905.0,763.2,1.0,1,0
1782926144.508,890.118,291.8,79.14,99,42,88,1005.3,888.2,272.4,79.15,99,42,82,936.4,1016.8,267.9,79.15,99,45,87,927.7,903.1,250.1,79.14,99,43,83,910.3,753.7,1.0,2,0
1782926144.951,890.561,265.8,79.14,99,42,88,932.6,961.4,242.1,79.15,99,43,82,942.6,1021.8,237.8,79.15,99,47,87,926.6,899.2,221.1,79.14,99,43,83,979.5,760.8,1.0,2,0
1782926145.393,891.003,247.3,79.14,99,42,88,932.2,896.7,227.1,79.15,99,43,82,1015.1,955.9,223.6,79.15,99,47,87,995.6,890.3,207.9,79.14,99,44,83,904.1,827.9,1.0,2,0
1782926145.834,891.444,247.7,79.14,99,42,88,1005.1,900.3,227.0,79.15,99,43,82,937.8,1019.3,223.6,79.15,99,46,87,922.9,878.3,207.5,79.14,99,43,83,983.6,769.0,1.0,2,0
1782926146.275,891.885,247.3,79.14,99,42,88,930.1,961.1,226.7,79.15,99,43,82,940.0,955.7,223.3,79.15,99,47,87,1012.2,873.6,207.6,79.14,99,44,83,906.2,836.5,1.0,2,0
1782926146.716,892.326,247.1,79.14,99,42,88,930.6,885.6,226.7,79.15,99,43,82,1080.5,952.0,223.4,79.15,99,46,87,1011.4,871.4,207.7,79.14,99,43,83,899.1,827.8,2.0,2,0
1782926147.160,892.770,247.2,79.14,99,41,88,1004.5,888.0,226.4,79.15,99,43,82,936.1,1013.3,223.0,79.15,99,47,87,929.0,894.3,207.7,79.14,99,43,83,982.1,761.2,2.0,2,0
1782926147.601,893.211,247.1,79.14,99,42,88,927.3,957.5,226.4,79.15,99,43,82,934.1,956.1,223.0,79.15,99,47,87,1009.2,878.6,207.5,79.14,99,44,83,904.0,806.0,2.0,2,0
1782926148.044,893.654,247.1,79.14,99,42,88,933.4,918.5,226.5,79.15,99,43,82,1015.3,942.3,222.8,79.15,99,46,87,920.6,990.1,207.5,79.14,99,44,83,900.0,839.2,2.0,2,0
1782926148.486,894.095,246.9,79.14,99,42,88,1007.5,863.9,227.0,79.15,99,43,82,940.8,1000.0,222.9,79.15,99,47,87,926.9,890.6,207.8,79.14,99,44,83,986.0,754.9,2.0,2,0
1782926148.928,894.538,246.6,79.14,99,41,88,930.0,973.7,226.9,79.15,99,43,82,1049.6,1010.6,222.8,79.15,99,46,87,928.5,876.3,207.6,79.14,99,44,83,981.5,758.3,2.0,2,0
1782926149.374,894.984,246.7,79.14,99,41,88,935.0,958.5,226.9,79.15,99,43,82,936.5,962.9,223.0,79.15,99,47,87,1005.6,887.3,207.4,79.14,99,44,83,904.8,829.6,2.0,2,0
1782926149.815,895.425,246.7,79.14,99,41,88,927.7,881.0,226.6,79.15,99,43,82,1022.1,958.4,222.9,79.15,99,47,87,930.7,989.4,207.2,79.14,99,43,83,904.4,784.5,2.0,2,0
1782926150.257,895.867,246.8,79.14,99,41,88,1006.0,888.8,226.6,79.15,99,43,82,976.8,999.5,222.6,79.15,99,47,87,923.4,880.3,207.4,79.14,99,44,83,915.6,757.5,2.0,2,0
1782926150.706,896.316,247.0,79.14,99,42,88,1008.9,922.3,226.7,79.15,99,43,82,936.1,996.5,222.6,79.15,99,47,87,929.7,895.2,207.6,79.14,99,44,83,997.7,752.6,2.0,2,0
1782926151.148,896.758,246.9,79.14,99,42,88,926.1,975.2,226.5,79.15,99,43,82,939.9,949.6,222.6,79.15,99,46,87,1008.1,881.8,207.6,79.14,99,44,83,904.6,837.5,2.0,2,0
1782926151.588,897.197,246.6,79.14,99,42,88,1008.3,881.7,226.5,79.15,99,43,82,943.6,967.1,222.6,79.15,99,46,87,924.0,976.0,207.4,79.14,99,44,83,904.8,866.7,2.0,2,0
1782926152.031,897.641,246.6,79.14,99,42,88,1006.2,931.9,226.4,79.15,99,43,82,939.0,991.6,222.6,79.15,99,47,87,925.6,888.5,207.3,79.14,99,44,83,984.5,751.2,2.0,2,0
1782926152.478,898.088,246.4,79.14,99,42,88,924.5,952.2,226.4,79.15,99,43,82,941.3,1017.4,222.5,79.15,99,47,87,929.1,857.2,207.3,79.14,99,44,83,985.8,749.6,2.0,2,0
1782926152.919,898.528,246.6,79.14,99,41,88,918.2,883.4,226.3,79.15,99,43,82,1036.8,956.1,222.3,79.15,99,47,87,931.2,980.4,207.2,79.14,99,44,83,898.6,817.1,2.0,2,0
1782926153.361,898.971,247.0,79.14,99,42,88,1007.1,886.9,226.4,79.15,99,43,82,939.9,1013.5,222.3,79.15,99,46,87,936.6,901.9,207.3,79.14,99,43,83,982.4,755.8,2.0,2,0
1782926153.804,899.414,246.8,79.14,99,42,88,928.7,969.7,226.1,79.15,99,43,82,941.6,954.0,222.2,79.15,99,46,87,939.5,864.4,207.2,79.14,99,44,83,981.7,750.2,2.0,2,0
1782926154.246,899.856,246.6,79.14,99,41,88,929.9,886.8,226.0,79.15,99,43,82,1016.3,939.1,221.8,79.15,99,47,87,925.7,1046.2,207.1,79.14,99,43,83,909.8,829.0,2.0,2,0
1782926154.691,900.300,246.4,79.14,99,42,88,933.5,906.1,226.1,79.15,99,43,82,1055.7,959.3,221.9,79.15,99,47,87,1006.9,886.8,207.2,79.14,99,43,83,901.3,827.6,2.0,2,0
1782926155.136,900.746,246.4,79.14,99,41,88,1014.0,916.0,226.1,79.15,99,43,82,936.8,1029.2,221.9,79.15,99,47,87,930.0,888.6,207.2,79.14,99,43,83,980.2,748.6,2.0,2,0
1782926155.577,901.187,246.6,79.14,99,42,88,928.2,944.1,226.1,79.15,99,43,81,940.7,965.1,222.1,79.15,99,47,87,1008.6,879.2,207.2,79.14,99,44,83,903.8,881.5,2.0,2,0
1782926156.021,901.631,246.6,79.14,99,42,88,924.8,891.1,226.3,79.15,99,43,82,1018.1,946.5,222.2,79.15,99,47,87,925.8,938.2,207.3,79.14,99,44,83,903.2,816.0,2.0,2,0
1782926156.462,902.072,246.6,79.14,99,42,88,1004.5,882.6,226.4,79.15,99,43,81,931.9,1010.5,222.2,79.15,99,46,87,926.4,892.9,207.2,79.14,99,44,83,978.9,753.0,2.0,2,0
1782926156.905,902.515,246.7,79.14,99,42,88,927.0,963.0,226.4,79.15,99,43,81,946.1,984.8,222.0,79.15,99,47,87,937.1,870.9,207.2,79.14,99,44,83,982.1,752.0,2.0,2,0
1782926157.352,902.962,246.6,79.14,99,42,88,931.1,960.1,226.0,79.15,99,43,81,932.9,951.7,221.9,79.15,99,46,87,1008.8,876.5,206.8,79.14,99,43,83,902.8,834.2,2.0,2,0
1782926157.792,903.402,246.5,79.14,99,42,88,1011.8,881.7,226.1,79.15,99,43,81,938.8,1038.1,222.3,79.15,99,47,87,922.8,986.3,206.9,79.14,99,44,83,902.1,756.7,2.0,2,0
1782926158.238,903.848,246.6,79.14,99,42,88,1006.8,885.4,226.4,79.15,99,43,81,931.6,1026.6,222.4,79.15,99,46,87,925.7,901.1,207.3,79.14,99,43,83,985.1,749.4,2.0,2,0
1782926158.680,904.290,246.4,79.14,99,42,88,928.1,984.8,226.2,79.15,99,43,81,1076.7,1042.3,222.3,79.15,99,46,87,938.1,890.9,207.2,79.14,99,44,83,990.2,748.8,2.0,2,0
1782926159.128,904.738,246.4,79.14,99,42,88,928.1,945.6,226.2,79.15,99,43,81,943.3,959.7,222.3,79.15,99,46,87,1007.9,839.9,207.2,79.14,99,44,83,903.8,843.9,2.0,2,0
1782926159.570,905.180,246.6,79.14,99,42,88,924.1,890.1,226.2,79.15,99,43,81,1014.7,941.6,221.9,79.15,99,47,87,925.9,953.4,207.0,79.14,99,44,83,535.9,15254.5,0.0,2,0
1782926160.013,905.623,246.6,79.14,99,42,88,10355.5,7927.8,226.4,79.15,99,43,81,2417.6,6631.4,221.7,79.15,99,46,87,10376.0,8012.3,205.2,79.14,85,26,83,5190.0,7167.3,0.0,2,0
1782926160.455,906.065,259.7,79.14,99,53,89,3094.6,7641.2,246.7,79.15,99,52,83,10356.1,8564.3,245.0,79.15,98,48,89,5152.8,4304.4,234.7,79.14,98,41,84,10378.4,8606.8,0.0,2,0
1782926160.897,906.507,280.1,79.14,98,45,89,3848.1,7850.5,275.0,79.15,98,46,82,10357.2,5512.9,266.9,79.15,99,52,89,3755.4,7181.9,262.0,79.14,99,52,84,10376.7,8314.2,0.0,2,0
1782926161.337,906.947,296.8,79.14,98,46,89,10354.7,8561.8,282.7,79.15,98,44,83,752.9,7987.3,278.5,79.15,98,46,89,10379.0,2358.0,266.9,79.14,98,41,84,6611.5,8612.9,0.0,2,0
1782926161.777,907.387,295.8,79.14,99,53,89,10357.4,8565.2,284.9,79.15,99,54,83,9672.6,4704.5,280.7,79.15,99,53,88,9267.0,4304.6,267.8,79.14,98,43,85,9480.4,8603.7,0.0,2,0
1782926162.221,907.830,294.0,79.14,99,47,89,10354.5,4123.1,281.9,79.15,98,46,83,5178.5,8561.1,277.0,79.15,98,46,89,10378.7,4301.5,267.2,79.14,99,50,85,5187.5,8606.8,0.0,2,0
1782926162.663,908.273,297.0,79.14,99,51,89,10355.1,8559.2,284.3,79.15,98,45,84,5179.5,7355.3,279.2,79.15,98,47,89,6834.6,6933.3,267.2,79.14,99,50,85,10382.8,8607.2,1.0,0,0
1782926163.106,908.716,289.2,79.14,99,42,88,1011.5,906.7,284.3,79.15,98,45,84,1014.5,1017.1,279.2,79.15,98,47,89,927.5,972.9,268.6,79.14,98,44,85,908.3,752.0,1.0,1,0
1782926163.549,909.158,289.2,79.14,99,42,88,1010.0,870.9,269.4,79.15,99,44,82,939.3,1035.6,266.9,79.15,99,48,87,927.1,864.0,247.7,79.14,99,45,83,983.7,759.9,1.0,2,0
1782926163.990,909.600,263.8,79.14,99,43,88,931.8,935.4,241.0,79.15,99,44,82,945.7,946.5,240.6,79.15,99,48,87,1013.2,889.4,215.3,79.14,99,44,83,905.1,848.8,1.0,2,0
1782926164.433,910.042,250.0,79.14,99,43,88,927.5,895.4,230.4,79.15,99,44,82,1027.9,942.9,226.1,79.15,99,48,87,1006.5,889.4,211.1,79.14,99,45,83,903.2,831.7,1.0,2,0
1782926164.875,910.485,250.3,79.14,99,43,88,1000.5,885.2,230.6,79.15,99,44,82,939.0,996.1,225.9,79.15,99,49,87,928.7,943.9,211.1,79.14,99,44,83,895.0,759.5,1.0,2,0
1782926165.316,910.926,249.9,79.14,99,42,88,922.1,958.2,230.2,79.15,99,44,82,940.0,941.0,225.7,79.15,99,48,87,944.9,873.7,210.8,79.14,99,45,83,982.3,759.1,2.0,2,0
1782926165.761,911.371,249.5,79.14,99,42,88,968.9,955.8,229.5,79.15,99,43,82,941.6,961.8,225.5,79.15,99,48,87,1008.7,855.4,210.3,79.14,99,44,83,900.9,838.2,2.0,2,0
1782926166.206,911.816,249.3,79.14,99,42,88,935.8,953.8,229.3,79.15,99,44,82,939.4,951.4,225.3,79.15,99,48,87,1006.6,892.7,210.0,79.14,99,45,83,903.1,831.9,2.0,2,0
1782926166.650,912.259,249.4,79.14,99,42,88,928.5,884.0,229.4,79.15,99,44,82,1017.6,979.3,225.3,79.15,99,49,87,936.4,973.4,210.0,79.14,99,45,83,907.1,836.9,2.0,2,0
1782926167.094,912.704,249.8,79.14,99,43,88,1010.8,902.7,229.4,79.15,99,44,82,1018.7,958.7,225.3,79.15,99,49,87,930.3,971.9,210.5,79.14,99,45,83,906.6,751.4,2.0,2,0
1782926167.536,913.146,249.8,79.14,99,43,88,1007.5,883.0,229.6,79.15,99,44,82,936.7,1047.7,225.7,79.15,99,49,87,930.8,885.2,210.8,79.14,99,45,83,982.6,759.2,2.0,2,0
1782926167.979,913.589,250.4,79.14,99,43,88,927.7,944.2,229.7,79.15,99,44,82,940.6,975.7,226.0,79.15,99,49,87,1007.7,870.5,210.6,79.14,99,44,83,906.0,832.5,2.0,2,0
1782926168.419,914.029,250.0,79.14,99,43,88,937.3,906.7,229.5,79.15,99,44,82,1016.3,946.7,225.6,79.15,99,48,87,928.1,952.0,210.2,79.14,99,45,83,912.6,825.7,2.0,2,0
1782926168.864,914.474,249.3,79.14,99,42,88,1005.3,919.1,229.0,79.15,99,44,82,936.4,1041.9,225.1,79.15,99,48,87,929.8,876.2,209.8,79.14,99,45,83,902.1,756.3,2.0,2,0
1782926169.307,914.916,249.5,79.14,99,43,88,932.1,966.9,228.8,79.15,99,44,82,935.7,951.8,224.9,79.15,99,48,87,938.8,883.2,209.8,79.14,99,45,83,978.8,753.8,2.0,2,0
1782926169.747,915.357,249.8,79.14,99,42,88,943.7,884.1,228.9,79.15,99,44,82,1026.5,925.2,224.8,79.15,99,48,87,995.9,869.4,209.9,79.14,99,44,83,903.8,833.7,2.0,2,0
1782926170.190,915.800,249.5,79.14,99,42,88,1004.5,923.4,228.9,79.15,99,44,82,943.1,959.1,224.4,79.15,99,48,87,927.0,945.4,209.9,79.14,99,44,83,905.2,759.2,2.0,2,0
1782926170.632,916.242,249.3,79.14,99,43,88,928.0,937.2,228.9,79.15,99,44,82,938.5,1007.2,224.4,79.15,99,48,87,927.6,902.8,209.9,79.14,99,44,83,1007.6,759.7,2.0,2,0
1782926171.076,916.686,247.0,79.14,99,42,88,930.6,899.0,229.2,79.15,99,44,82,1016.2,956.9,224.6,79.15,99,48,87,934.0,977.0,210.0,79.14,99,45,83,903.6,820.9,2.0,2,0
1782926171.517,917.127,247.0,79.14,99,42,88,1005.6,885.1,226.7,79.15,99,44,82,937.4,991.3,222.6,79.15,99,48,87,930.2,892.3,208.1,79.14,99,44,83,982.9,748.3,2.0,2,0
1782926171.957,917.567,246.9,79.14,99,43,88,931.3,979.2,226.7,79.15,99,44,82,938.3,950.6,222.7,79.15,99,48,87,1004.7,878.7,207.9,79.14,99,44,83,903.2,828.9,2.0,2,0
1782926172.396,918.006,248.5,79.14,99,42,88,1003.7,876.2,228.7,79.15,99,44,82,945.2,1011.1,224.7,79.15,99,48,87,927.2,896.4,209.8,79.14,99,45,83,989.4,749.4,2.0,2,0
1782926172.836,918.446,248.3,79.14,99,42,88,928.4,958.3,228.7,79.15,99,43,82,943.2,950.4,224.3,79.15,99,48,87,1007.2,872.5,210.0,79.14,99,44,83,906.3,832.9,2.0,2,0
1782926173.275,918.885,248.3,79.14,99,43,88,1006.9,882.5,228.6,79.15,99,44,82,934.9,1025.2,224.2,79.15,99,48,87,926.1,862.9,209.9,79.14,99,45,83,904.9,761.9,2.0,2,0
1782926173.715,919.325,248.4,79.14,99,42,88,936.2,979.6,228.7,79.15,99,44,82,962.8,935.5,224.1,79.15,99,48,87,932.8,881.4,209.6,79.14,99,44,83,982.6,754.6,2.0,2,0
1782926174.158,919.768,248.6,79.14,99,43,88,927.0,894.6,228.8,79.15,99,44,82,1013.8,951.0,224.2,79.15,99,48,87,930.3,969.5,209.6,79.14,99,44,83,905.2,760.7,2.0,2,0
1782926174.600,920.210,248.8,79.14,99,42,88,1021.9,878.8,228.8,79.15,99,44,82,935.1,1040.5,224.2,79.15,99,48,87,927.0,959.4,209.7,79.14,99,45,83,944.2,757.2,2.0,2,0
1782926175.044,920.654,248.8,79.14,99,42,88,928.0,972.3,228.8,79.15,99,44,82,931.9,1003.3,224.2,79.15,99,48,87,929.0,884.1,209.8,79.14,99,45,83,982.3,758.4,2.0,2,0
1782926175.486,921.096,249.0,79.14,99,43,88,926.1,887.6,229.0,79.15,99,44,82,937.2,937.3,224.4,79.15,99,48,87,1011.6,890.0,209.8,79.14,99,44,83,905.8,831.5,2.0,2,0
1782926175.927,921.537,248.9,79.14,99,42,88,1009.2,887.6,229.0,79.15,99,44,81,940.2,954.1,224.6,79.15,99,48,87,922.8,964.7,209.9,79.14,99,45,83,904.1,754.5,2.0,2,0
1782926176.369,921.979,249.0,79.14,99,43,88,926.0,930.5,229.0,79.15,99,44,81,933.7,960.4,224.3,79.15,99,49,87,1008.2,889.6,210.0,79.14,99,44,83,972.3,759.8,2.0,2,0
1782926176.809,922.419,249.4,79.14,99,43,88,932.5,884.9,229.0,79.15,99,44,81,1016.5,957.9,224.2,79.15,99,48,87,924.5,964.7,209.9,79.14,99,45,83,913.4,754.5,2.0,2,0
1782926177.251,922.860,249.8,79.14,99,43,88,1006.6,888.8,228.9,79.15,99,44,81,938.9,1010.2,224.2,79.15,99,48,87,928.5,870.9,209.8,79.14,99,44,83,983.7,754.1,2.0,2,0
1782926177.691,923.301,249.5,79.14,99,43,88,923.3,1005.1,228.9,79.15,99,44,81,1013.3,1135.4,224.2,79.15,99,48,87,928.0,872.8,209.9,79.14,99,45,83,985.0,750.9,2.0,2,0
1782926178.140,923.750,249.4,79.14,99,42,88,922.9,945.6,228.9,79.15,99,44,81,940.3,939.4,224.2,79.15,99,48,87,1010.3,873.2,209.9,79.14,99,45,83,899.1,823.4,2.0,2,0
1782926178.581,924.191,249.4,79.14,99,43,88,931.7,885.4,228.8,79.15,99,44,82,979.2,41.8,223.9,79.15,99,48,87,22238.3,8721.0,209.9,79.14,99,44,83,10380.7,4315.7,2.0,2,0
1782926179.029,924.639,249.4,79.14,99,43,88,5178.2,4281.2,228.4,79.15,99,44,81,10357.8,8559.4,223.8,79.15,99,48,87,10379.7,8465.0,210.2,79.14,88,32,84,6841.6,7189.2,2.0,2,0
1782926179.475,925.085,263.4,79.14,98,50,89,10355.0,8560.7,251.9,79.15,98,45,83,5180.1,4283.6,247.2,79.15,98,45,88,10375.6,8606.7,240.8,79.14,98,40,84,5191.0,4302.4,2.0,2,0
1782926179.917,925.527,282.8,79.14,98,47,89,10356.3,4744.9,277.7,79.15,98,46,83,3568.0,8564.0,268.6,79.15,98,51,89,10381.7,6453.7,269.7,79.14,99,52,85,4583.2,5894.3,2.0,2,0
1782926180.359,925.969,296.7,79.14,99,49,89,5178.1,8562.4,282.6,79.15,98,44,83,5183.7,4280.9,279.0,79.15,98,44,89,10379.2,8611.1,266.5,79.14,97,37,85,3796.0,5366.0,2.0,2,0
1782926180.801,926.411,297.3,79.14,99,52,90,10357.6,6246.2,285.2,79.15,98,45,83,6974.4,4282.9,280.2,79.15,98,48,89,9313.3,8606.0,268.0,79.14,98,41,85,10377.7,4303.7,2.0,2,0
1782926181.245,926.855,292.9,79.14,98,44,90,6355.3,8561.4,281.6,79.15,99,52,83,10356.9,2835.6,277.1,79.15,98,49,88,5953.8,8607.9,268.8,79.14,98,47,85,9758.6,1174.1,2.0,2,0
1782926181.687,927.297,297.8,79.14,98,47,90,6267.7,8564.1,284.6,79.15,99,48,83,10360.4,8563.4,280.2,79.15,99,52,89,10379.4,4788.6,268.5,79.14,98,43,85,905.6,827.0,1.0,1,0
1782926182.136,927.746,288.8,79.14,99,41,88,931.9,902.8,284.6,79.15,99,48,83,1017.0,957.9,280.2,79.15,99,52,89,933.8,955.4,268.5,79.14,98,43,85,903.6,760.9,1.0,2,0
1782926182.578,928.187,265.2,79.14,99,42,88,996.5,1031.9,269.8,79.15,99,43,82,947.2,1031.7,263.0,79.15,99,47,87,929.0,896.7,246.6,79.14,99,43,83,1051.2,805.6,1.0,2,0
1782926183.026,928.636,265.2,79.14,99,42,88,1009.3,908.2,241.8,79.15,99,43,82,938.5,1024.5,237.0,79.15,99,46,87,926.9,887.6,217.5,79.14,99,44,83,987.4,756.7,1.0,2,0
1782926183.468,929.077,248.3,79.14,99,42,88,929.1,976.4,227.9,79.15,99,43,82,942.8,960.1,223.4,79.15,99,46,87,1006.9,898.3,209.0,79.14,99,44,83,898.3,832.2,1.0,2,0
1782926183.909,929.518,247.8,79.14,99,42,88,1043.3,914.6,227.7,79.15,99,43,82,1019.8,972.5,223.3,79.15,99,47,87,930.9,974.6,208.9,79.14,99,44,83,904.5,756.9,1.0,2,0
1782926184.350,929.960,247.5,79.14,99,42,88,927.6,932.4,227.6,79.15,99,43,82,936.2,968.5,223.3,79.15,99,47,87,943.8,885.2,208.5,79.14,99,44,83,988.2,760.8,2.0,2,0
1782926184.791,930.401,247.9,79.14,99,41,88,930.2,997.3,227.8,79.15,99,43,82,942.0,1041.8,223.4,79.15,99,47,87,924.1,904.3,208.2,79.14,99,43,83,984.6,806.3,2.0,2,0
1782926185.243,930.852,247.9,79.14,99,42,88,927.0,950.1,227.3,79.15,99,43,82,944.6,952.2,223.1,79.15,99,47,87,1010.3,908.9,208.0,79.14,99,44,83,899.7,832.4,2.0,2,0
1782926185.683,931.293,247.6,79.14,99,41,88,941.6,918.1,227.1,79.15,99,43,82,1062.8,971.9,222.7,79.15,99,47,87,926.2,1000.9,208.0,79.14,99,44,83,905.0,751.6,2.0,2,0
1782926186.126,931.736,247.6,79.14,99,42,88,1007.6,884.4,227.1,79.15,99,43,82,943.9,1024.9,222.7,79.15,99,47,87,931.6,918.5,208.0,79.14,99,44,83,983.8,752.5,2.0,2,0
1782926186.568,932.177,247.3,79.14,99,41,88,933.3,962.4,227.4,79.15,99,43,82,938.4,963.4,222.8,79.15,99,47,87,1007.0,871.7,208.0,79.14,99,44,83,900.0,835.1,2.0,2,0
1782926187.012,932.622,247.3,79.14,99,41,88,936.6,907.2,227.1,79.15,99,43,82,1015.8,974.4,222.6,79.15,99,46,87,931.5,941.8,207.9,79.14,99,44,83,898.3,761.6,2.0,2,0
1782926187.454,933.064,247.0,79.14,99,41,88,1000.1,857.3,226.9,79.15,99,43,82,935.2,1021.4,222.5,79.15,99,47,87,920.4,867.5,208.0,79.14,99,43,83,982.7,752.0,2.0,2,0
1782926187.895,933.505,247.1,79.14,99,42,88,920.7,964.5,226.8,79.15,99,43,82,943.9,932.4,222.6,79.15,99,47,87,1010.2,894.1,208.1,79.14,99,44,83,905.7,827.8,2.0,2,0
1782926188.336,933.946,247.3,79.14,99,41,88,1006.4,882.4,226.7,79.15,99,43,82,936.2,984.5,222.5,79.15,99,46,87,926.5,982.6,208.0,79.14,99,44,83,899.0,757.9,2.0,2,0
1782926188.777,934.387,247.3,79.14,99,42,88,931.2,982.5,227.0,79.15,99,43,82,942.5,1051.0,222.8,79.15,99,47,87,924.8,909.4,208.3,79.14,99,44,83,984.2,756.8,2.0,2,0
1782926189.221,934.831,247.2,79.14,99,42,88,934.2,897.5,226.9,79.15,99,43,82,956.4,940.5,223.0,79.15,99,47,87,1009.3,909.1,208.4,79.14,99,44,83,903.7,823.4,2.0,2,0
1782926189.662,935.272,247.1,79.14,99,41,88,1011.2,896.3,226.6,79.15,99,43,82,933.9,1066.8,222.8,79.15,99,47,87,935.3,981.2,208.4,79.14,99,44,83,917.5,763.2,2.0,2,0
1782926190.112,935.722,246.9,79.14,99,42,88,933.1,902.4,226.6,79.15,99,43,82,1015.1,963.4,222.8,79.15,99,47,87,919.2,978.3,208.2,79.14,99,44,83,898.7,752.1,2.0,2,0
1782926190.554,936.164,247.2,79.14,99,42,88,990.1,891.0,226.5,79.15,99,43,82,935.9,1019.0,222.8,79.15,99,47,87,922.1,867.4,208.2,79.14,99,44,83,983.7,759.2,2.0,2,0
1782926190.994,936.604,247.2,79.14,99,42,88,924.1,903.8,226.9,79.15,99,43,82,1013.6,955.3,223.1,79.15,99,47,87,921.3,953.0,208.5,79.14,99,44,83,900.0,831.3,2.0,2,0
1782926191.435,937.045,247.3,79.14,99,42,88,1004.2,880.7,227.0,79.15,99,43,82,937.4,977.7,223.2,79.15,99,47,87,932.6,883.0,208.6,79.14,99,44,83,983.4,755.5,2.0,2,0
1782926191.883,937.493,247.2,79.14,99,42,88,1004.2,891.4,226.7,79.15,99,43,81,935.8,1082.2,223.0,79.15,99,47,87,1004.4,988.5,208.1,79.14,99,44,83,898.3,756.0,2.0,2,0
1782926192.329,937.939,247.2,79.14,99,41,88,1008.5,879.0,226.4,79.15,99,43,81,938.9,1011.1,222.5,79.15,99,47,87,926.5,919.6,207.8,79.14,99,44,83,982.8,750.0,2.0,2,0
1782926192.773,938.383,247.1,79.14,99,42,88,1007.6,877.4,224.4,79.15,79,34,81,934.5,1030.6,220.2,79.15,79,37,87,927.3,897.0,205.6,79.14,99,44,83,1014.6,755.0,2.0,2,0
1782926193.226,938.836,244.4,79.14,99,42,88,931.0,981.9,224.6,79.15,99,43,81,942.3,941.4,220.3,79.15,99,47,87,1011.6,879.0,205.5,79.14,99,44,83,905.1,817.8,2.0,2,0
1782926193.667,939.277,244.8,79.14,99,42,88,923.5,884.6,224.8,79.15,99,43,81,1096.6,945.0,220.1,79.15,99,47,87,1074.6,885.6,205.5,79.14,99,44,83,907.4,823.4,2.0,2,0
1782926194.112,939.722,247.4,79.14,99,42,88,1009.9,893.1,224.8,79.15,99,43,81,943.6,1042.2,220.1,79.15,99,47,87,928.1,968.4,207.9,79.14,99,44,83,906.2,752.8,2.0,2,0
1782926194.554,940.163,247.2,79.14,99,42,88,928.7,964.8,226.8,79.15,99,43,81,936.6,944.3,222.3,79.15,99,47,87,1002.5,895.9,207.9,79.14,99,44,83,899.4,775.2,2.0,2,0
1782926194.995,940.605,247.2,79.14,99,42,88,928.4,871.3,226.7,79.15,99,43,81,1013.7,961.5,222.7,79.15,99,47,87,926.6,950.9,208.0,79.14,99,44,83,905.8,761.2,2.0,2,0
1782926195.436,941.046,247.1,79.14,99,42,88,1003.8,878.4,226.9,79.15,99,43,81,936.7,999.2,223.0,79.15,99,47,87,932.7,881.8,208.1,79.14,99,44,83,982.0,754.0,2.0,2,0
1782926195.878,941.487,247.5,79.14,99,42,88,921.9,894.9,226.9,79.15,99,43,81,946.6,956.5,222.9,79.15,99,47,87,1011.9,901.6,207.9,79.14,99,44,83,904.3,828.3,2.0,2,0
1782926196.319,941.929,247.8,79.14,99,42,88,1009.9,905.0,226.8,79.15,99,43,81,933.5,1019.0,222.7,79.15,99,47,87,930.7,949.0,207.9,79.14,99,44,83,900.2,748.1,2.0,2,0
1782926196.761,942.371,247.8,79.14,99,42,88,931.1,1088.3,226.7,79.15,99,43,81,943.3,1041.8,222.9,79.15,99,47,87,929.8,874.3,207.9,79.14,99,44,83,982.5,756.8,2.0,2,0
1782926197.208,942.818,247.5,79.14,99,42,88,929.9,952.9,226.6,79.15,99,43,81,937.0,939.0,223.2,79.15,99,47,87,1000.4,894.3,207.5,79.14,99,44,83,899.7,832.2,2.0,2,0
1782926197.648,943.258,247.3,79.14,99,42,88,19187.1,16993.3,226.4,79.15,99,43,81,1189.5,8324.2,223.0,79.15,97,46,87,10378.9,8615.4,207.5,79.14,99,44,83,6261.2,3110.2,2.0,2,0
1782926198.104,943.714,263.9,79.14,99,51,89,10355.1,8560.7,226.4,79.15,99,43,81,7431.0,6753.2,223.0,79.15,97,46,87,7980.7,6453.1,209.2,79.14,98,36,84,10377.8,8600.9,2.0,2,0
1782926198.545,944.155,263.9,79.14,99,51,89,10356.5,8559.6,249.0,79.15,98,43,83,6400.5,3336.4,248.3,79.15,98,45,88,10246.7,8599.3,240.8,79.14,98,42,85,7697.0,2235.2,2.0,2,0
1782926198.988,944.597,282.5,79.14,98,45,89,6376.6,8561.0,279.0,79.15,99,53,83,10354.9,8560.8,271.1,79.15,98,50,88,8560.9,5926.7,269.5,79.14,98,46,85,7981.4,6441.7,2.0,2,0
1782926199.432,945.042,295.9,79.14,98,46,89,1085.0,7695.3,281.6,79.15,98,43,83,10358.9,3889.5,278.0,79.15,98,43,89,5190.8,8606.4,263.1,79.14,97,26,85,10380.5,4310.9,2.0,2,0
1782926199.874,945.484,296.5,79.14,99,55,89,5178.3,4986.4,284.1,79.15,98,46,83,8596.9,8564.9,278.8,79.15,98,45,89,9114.6,2096.4,266.7,79.14,98,39,85,7712.0,8603.7,2.0,2,0
1782926200.315,945.925,293.0,79.14,98,44,90,10354.7,3468.4,281.5,79.15,98,50,83,5293.3,8566.7,277.5,79.15,99,51,89,10379.9,4305.8,270.6,79.14,98,45,85,4877.6,8603.5,2.0,2,0
1782926200.757,946.367,295.7,79.14,98,45,89,5829.1,966.6,281.4,79.15,98,43,84,942.4,990.4,277.3,79.15,98,44,89,923.9,888.7,265.6,79.14,98,41,85,983.2,761.9,1.0,1,0
1782926201.200,946.810,285.8,79.14,99,42,88,931.8,891.2,263.0,79.15,99,43,82,1021.8,950.1,260.7,79.15,99,46,87,919.1,912.3,241.6,79.14,99,43,83,906.4,834.5,1.0,2,0
1782926201.643,947.253,262.1,79.14,99,42,88,1000.9,888.3,263.0,79.15,99,43,82,934.3,960.2,230.2,79.15,99,46,87,944.9,958.7,241.6,79.14,99,43,83,902.8,761.2,1.0,2,0
1782926202.088,947.697,247.8,79.14,99,41,88,1005.9,915.3,238.5,79.15,99,42,82,938.9,1017.1,230.2,79.15,99,46,87,927.2,901.7,213.9,79.14,99,44,83,983.8,758.0,1.0,2,0
1782926202.529,948.139,247.8,79.14,99,41,88,932.3,937.3,227.3,79.15,99,43,82,934.3,961.5,223.4,79.15,99,46,87,1008.1,905.5,208.4,79.14,99,44,83,901.1,830.7,1.0,2,0
1782926202.971,948.581,247.4,79.14,99,41,88,955.3,900.9,227.2,79.15,99,43,82,1021.5,1046.0,223.2,79.15,99,46,87,923.6,979.3,207.9,79.14,99,44,83,903.7,754.6,2.0,2,0
1782926203.415,949.025,247.5,79.14,99,41,88,1008.3,901.9,227.1,79.15,99,43,82,934.7,1011.4,223.1,79.15,99,47,87,930.5,884.2,207.7,79.14,99,44,83,984.9,758.5,2.0,2,0
1782926203.857,949.467,247.6,79.14,99,41,88,925.2,949.7,226.9,79.15,99,43,82,939.0,982.5,222.7,79.15,99,47,87,1006.3,912.3,207.9,79.14,99,44,83,906.2,825.8,2.0,2,0
1782926204.298,949.908,247.7,79.14,99,42,88,923.4,897.4,227.1,79.15,99,43,82,1018.9,930.8,223.0,79.15,99,47,87,928.7,973.1,208.1,79.14,99,44,83,905.4,761.4,2.0,2,0
1782926204.740,950.350,247.9,79.14,99,42,88,1015.7,970.2,227.1,79.15,99,43,82,939.5,1017.6,223.1,79.15,99,47,87,922.9,971.1,208.0,79.14,99,44,83,900.2,753.6,2.0,2,0
1782926205.185,950.795,248.1,79.14,99,42,88,927.9,969.5,227.3,79.15,99,43,82,941.1,935.0,223.2,79.15,99,47,87,1016.5,865.6,208.0,79.14,99,44,83,983.5,751.9,2.0,2,0
1782926205.627,951.237,248.1,79.14,99,42,88,928.0,905.6,227.3,79.15,99,43,82,1025.3,956.8,223.2,79.15,99,47,87,1051.7,885.7,208.0,79.14,99,44,83,966.8,861.8,2.0,2,0
1782926206.071,951.681,248.1,79.14,99,41,88,1024.7,914.5,227.3,79.15,99,43,82,1021.2,952.2,223.2,79.15,99,46,87,931.2,998.5,208.1,79.14,99,44,83,905.3,761.6,2.0,2,0
1782926206.513,952.123,248.1,79.14,99,41,88,924.9,972.9,227.3,79.15,99,43,82,938.6,941.5,223.2,79.15,99,47,87,944.6,913.3,208.2,79.14,99,44,83,984.0,750.4,2.0,2,0
1782926206.953,952.563,248.2,79.14,99,42,88,929.7,906.8,227.2,79.15,99,43,82,1021.0,972.3,223.1,79.15,99,47,87,923.5,913.2,208.3,79.14,99,44,83,971.3,833.6,2.0,2,0
1782926207.397,953.007,248.0,79.14,99,41,88,1007.3,883.0,227.3,79.15,99,43,82,933.4,943.9,222.9,79.15,99,47,87,930.6,981.4,208.1,79.14,99,44,83,904.7,753.8,2.0,2,0
1782926207.839,953.449,247.8,79.14,99,42,88,922.9,958.8,227.5,79.15,99,43,82,938.3,957.6,222.9,79.15,99,47,87,986.8,1031.9,207.9,79.14,99,44,83,1064.6,752.0,2.0,2,0
1782926208.289,953.899,247.9,79.14,99,42,88,1002.3,920.3,227.5,79.15,99,43,82,941.0,1021.3,223.2,79.15,99,47,87,923.9,878.4,207.9,79.14,99,44,83,984.0,754.2,2.0,2,0
1782926208.730,954.340,248.0,79.14,99,42,88,933.4,986.6,227.5,79.15,99,43,82,948.0,946.9,222.9,79.15,99,47,87,1006.4,879.8,207.9,79.14,99,44,83,969.6,760.6,2.0,2,0
1782926209.175,954.785,247.8,79.14,99,42,88,935.3,901.1,227.5,79.15,99,43,82,1021.9,942.3,222.9,79.15,99,47,87,927.9,959.7,207.9,79.14,99,44,83,904.4,750.3,2.0,2,0
1782926209.617,955.227,247.7,79.14,99,42,88,1004.7,860.8,227.5,79.15,99,43,82,943.5,1027.0,222.9,79.15,99,47,87,928.1,1095.3,207.9,79.14,99,44,83,911.2,753.6,2.0,2,0
1782926210.062,955.672,247.3,79.14,99,42,88,933.5,963.5,227.4,79.15,99,43,81,943.7,958.8,223.0,79.15,99,47,87,930.8,907.3,207.9,79.14,99,44,83,981.7,752.7,2.0,2,0
1782926210.505,956.115,247.3,79.14,99,42,88,927.9,867.6,226.9,79.15,99,43,81,947.2,955.5,222.5,79.15,99,47,87,1002.4,901.2,207.4,79.14,99,44,83,905.6,835.7,2.0,2,0
1782926210.947,956.557,246.9,79.14,99,42,88,1011.7,923.9,226.6,79.15,99,43,81,1019.5,994.5,222.6,79.15,99,47,87,926.0,960.6,207.3,79.14,99,44,83,898.6,754.8,2.0,2,0
1782926211.390,957.000,246.7,79.14,99,41,88,1001.5,960.9,226.9,79.15,99,43,81,935.7,1035.7,222.7,79.15,99,47,87,924.7,889.0,207.6,79.14,99,43,83,982.3,755.8,2.0,2,0
1782926211.834,957.444,246.7,79.14,99,42,88,928.1,983.1,227.1,79.15,99,43,81,940.7,937.5,222.8,79.15,99,47,87,1005.1,875.4,207.8,79.14,99,44,83,903.1,834.0,2.0,2,0
1782926212.275,957.885,247.0,79.14,99,42,88,935.1,923.7,226.9,79.15,99,43,81,1016.5,958.2,222.8,79.15,99,47,87,923.1,966.6,207.8,79.14,99,44,83,898.9,756.1,2.0,2,0
1782926212.717,958.326,247.2,79.14,99,42,88,931.1,946.8,227.0,79.15,99,43,81,958.4,1009.1,222.9,79.15,99,47,87,928.5,865.9,207.8,79.14,99,43,83,985.5,749.3,2.0,2,0
1782926213.160,958.770,247.1,79.14,99,42,88,938.3,960.0,226.9,79.15,99,43,81,934.6,965.2,222.8,79.15,99,46,87,1004.7,862.5,207.8,79.14,99,43,83,899.7,835.3,2.0,2,0
1782926213.604,959.214,247.0,79.14,99,42,88,927.1,866.5,226.9,79.15,99,43,81,1015.2,932.8,222.8,79.15,99,46,87,921.3,1083.0,207.8,79.14,99,44,83,965.0,851.7,2.0,2,0
1782926214.051,959.661,247.0,79.14,99,42,88,933.7,907.1,226.9,79.15,99,43,81,1016.4,954.6,222.3,79.15,99,47,87,930.6,965.9,207.9,79.14,99,44,83,905.9,754.2,2.0,2,0
1782926214.926,960.536,247.2,79.14,99,42,88,1005.0,894.9,227.2,79.15,99,43,81,979.7,1005.6,222.5,79.15,99,47,87,929.2,876.7,208.1,79.14,99,44,83,906.5,753.3,2.0,2,0
1782926215.371,960.981,247.1,79.14,99,42,88,925.8,940.2,227.3,79.15,99,43,81,937.0,975.6,222.6,79.15,99,47,87,1008.2,891.6,208.1,79.14,99,44,83,907.4,758.3,2.0,2,0
1782926215.813,961.423,246.5,79.14,99,42,88,918.3,875.6,227.2,79.15,99,43,81,1018.3,933.7,222.4,79.15,99,47,87,930.9,956.9,207.9,79.14,99,44,83,905.2,754.3,2.0,2,0
1782926216.255,961.865,246.2,79.14,99,41,88,1005.6,894.2,226.7,79.15,99,43,81,939.4,1027.2,221.9,79.15,99,47,87,925.1,886.3,207.3,79.14,99,44,82,983.7,755.0,2.0,2,0
1782926216.697,962.307,246.5,79.14,99,42,88,10355.1,4823.6,223.9,79.15,83,24,81,3396.2,8352.4,227.1,79.15,83,27,88,10383.0,6456.6,213.6,79.14,98,57,84,1488.5,8607.8,2.0,2,0
1782926217.144,962.754,266.0,79.14,98,44,89,6960.9,7118.2,223.9,79.15,83,24,81,6496.6,7578.7,255.9,79.15,98,42,88,10382.6,8600.2,213.6,79.14,98,57,84,10375.4,2884.5,2.0,2,0
1782926217.587,963.197,286.4,79.14,98,47,89,5955.6,8559.8,254.6,79.15,98,42,82,10354.3,2852.2,255.9,79.15,98,42,88,5915.7,8601.2,244.0,79.14,98,42,84,10376.6,4307.3,2.0,2,0
1782926218.029,963.639,286.4,79.14,98,47,89,9842.3,4581.9,285.5,79.15,98,47,83,7490.8,5926.4,279.6,79.15,99,52,89,10375.7,14019.1,269.6,79.14,99,51,85,22046.0,5376.5,2.0,2,0
1782926218.470,964.080,294.8,79.14,98,43,89,6668.2,8560.5,283.1,79.15,98,43,83,10356.1,2443.2,276.8,79.15,98,44,89,6160.1,8604.0,265.5,79.14,98,41,85,10375.4,8603.0,2.0,2,0
1782926218.912,964.521,295.5,79.14,98,45,89,5177.2,4284.4,283.7,79.15,98,44,83,10360.8,8561.3,277.5,79.15,98,45,89,5191.1,4301.8,266.3,79.14,97,39,85,10379.5,8609.7,2.0,2,0
1782926219.353,964.963,293.8,79.14,99,50,89,5179.4,8560.5,283.3,79.15,98,50,84,10358.5,2245.4,279.6,79.15,98,48,89,6243.2,8601.1,270.6,79.14,98,47,85,10342.1,2876.5,2.0,2,0
1782926219.795,965.405,296.9,79.14,98,47,89,1010.6,927.8,284.9,79.15,98,44,84,942.3,1020.8,279.6,79.15,98,44,89,920.8,880.4,267.4,79.14,99,45,85,983.4,753.5,1.0,2,0
1782926220.245,965.855,283.5,79.14,99,42,88,1007.9,881.5,262.7,79.15,99,44,82,938.8,1045.6,252.2,79.15,99,48,87,925.9,958.8,241.3,79.14,99,45,83,904.2,744.9,1.0,2,0
1782926220.687,966.297,261.0,79.14,99,42,88,929.3,1133.4,238.1,79.15,99,43,82,1194.2,956.7,224.1,79.15,99,47,87,1015.2,907.7,209.4,79.14,99,43,83,899.4,835.0,1.0,2,0
1782926221.141,966.751,248.4,79.14,99,42,88,937.7,872.9,238.1,79.15,99,43,82,1022.4,931.1,224.1,79.15,99,47,87,933.6,1010.3,209.4,79.14,99,43,83,913.7,757.1,1.0,2,0
1782926221.584,967.194,247.4,79.14,99,42,88,1008.3,894.3,228.4,79.15,99,43,82,935.8,995.4,223.2,79.15,99,46,87,929.2,890.1,208.4,79.14,99,43,83,1076.5,761.7,1.0,2,0
1782926222.027,967.637,247.4,79.14,99,42,88,924.9,963.9,227.4,79.15,99,43,82,940.4,952.7,222.7,79.15,99,47,87,1007.0,880.0,208.1,79.14,99,44,83,906.4,836.4,1.0,2,0
1782926222.467,968.077,247.5,79.14,99,42,88,943.8,881.5,227.5,79.15,99,43,82,1018.9,952.7,223.2,79.15,99,47,87,930.1,975.2,208.5,79.14,99,43,83,898.6,756.4,2.0,2,0
1782926222.908,968.518,247.1,79.14,99,41,88,936.3,954.1,227.1,79.15,99,43,82,944.2,1065.4,222.7,79.15,99,46,87,926.8,871.6,208.0,79.14,99,44,83,984.9,760.5,2.0,2,0
1782926223.353,968.963,246.9,79.14,99,42,88,924.4,953.1,226.7,79.15,99,43,82,942.9,968.8,222.6,79.15,99,47,87,1012.4,875.4,208.0,79.14,99,43,83,903.7,824.2,2.0,2,0
1782926223.796,969.406,247.3,79.14,99,41,88,930.5,906.3,226.8,79.15,99,43,82,1020.9,945.0,222.5,79.15,99,47,87,921.1,964.2,207.9,79.14,99,44,83,902.9,924.5,2.0,2,0
1782926224.241,969.851,247.5,79.14,99,42,88,937.9,872.7,226.9,79.15,99,43,82,1014.6,950.3,222.5,79.15,99,47,87,928.6,993.5,207.9,79.14,99,44,83,905.2,755.0,2.0,2,0
1782926224.685,970.295,247.7,79.14,99,42,88,1008.7,890.6,227.4,79.15,99,44,82,949.6,1005.6,223.0,79.15,99,48,87,922.9,882.0,207.9,79.14,99,44,83,989.3,754.6,2.0,2,0
1782926225.129,970.739,248.4,79.14,99,42,88,934.2,975.1,227.4,79.15,99,44,82,944.7,962.0,223.0,79.15,99,48,87,1026.7,891.4,208.6,79.14,99,44,83,986.8,755.5,2.0,2,0
1782926225.569,971.179,248.2,79.14,99,42,88,929.2,916.0,227.9,79.15,99,43,82,1013.6,942.4,223.3,79.15,99,47,87,925.8,974.5,208.8,79.14,99,44,83,899.8,769.5,2.0,2,0
1782926226.011,971.621,248.2,79.14,99,42,88,1005.8,895.8,227.9,79.15,99,44,82,937.3,1010.9,223.3,79.15,99,48,87,924.9,865.9,208.7,79.14,99,44,83,984.1,758.4,2.0,2,0
1782926226.451,972.061,247.8,79.14,99,42,88,923.4,946.2,227.5,79.15,99,43,82,933.9,939.9,223.2,79.15,99,47,87,1012.5,904.2,208.6,79.14,99,44,83,898.6,838.4,2.0,2,0
1782926226.892,972.502,247.5,79.14,99,42,88,1001.7,892.5,227.4,79.15,99,43,82,940.2,1030.1,223.2,79.15,99,47,87,929.2,911.5,208.4,79.14,99,44,83,913.2,762.0,2.0,2,0
1782926227.333,972.943,247.5,79.14,99,42,88,991.6,988.5,227.7,79.15,99,43,82,938.7,998.5,222.9,79.15,99,47,87,930.4,898.5,208.5,79.14,99,44,83,983.0,758.6,2.0,2,0
1782926227.777,973.387,247.4,79.14,99,42,88,930.9,963.2,227.8,79.15,99,43,82,940.5,935.6,222.7,79.15,99,48,87,1010.8,891.4,208.7,79.14,99,44,83,904.4,824.9,2.0,2,0
1782926228.221,973.830,247.5,79.14,99,42,88,934.9,876.6,227.7,79.15,99,43,82,1016.8,943.8,222.9,79.15,99,47,87,928.3,962.7,208.6,79.14,99,44,83,905.9,755.6,2.0,2,0
1782926228.662,974.272,247.8,79.14,99,42,88,928.8,974.7,227.5,79.15,99,43,81,932.8,1043.4,223.0,79.15,99,48,87,934.6,908.1,208.6,79.14,99,44,83,987.7,759.7,2.0,2,0
1782926229.104,974.714,247.9,79.14,99,42,88,932.0,884.5,227.5,79.15,99,43,81,940.6,930.2,223.0,79.15,99,48,87,1009.3,865.5,208.7,79.14,99,44,83,898.1,838.0,2.0,2,0
1782926229.545,975.155,247.9,79.14,99,42,88,1015.2,873.4,227.4,79.15,99,43,81,937.7,1047.8,223.2,79.15,99,48,87,919.1,936.9,208.6,79.14,99,44,83,899.1,760.2,2.0,2,0
1782926229.986,975.596,247.9,79.14,99,42,88,934.6,937.8,227.5,79.15,99,43,81,942.4,943.0,223.4,79.15,99,47,87,1003.5,862.8,208.4,79.14,99,44,83,900.0,841.2,2.0,2,0
1782926230.427,976.037,247.9,79.14,99,42,88,927.6,878.5,227.3,79.15,99,43,81,1017.0,936.2,223.3,79.15,99,47,87,927.0,981.3,208.5,79.14,99,44,83,907.6,753.0,2.0,2,0
1782926230.868,976.478,247.8,79.14,99,42,88,999.2,900.0,227.2,79.15,99,44,81,935.9,995.4,223.2,79.15,99,47,87,924.7,885.5,208.6,79.14,99,44,83,979.3,759.4,2.0,2,0
1782926231.309,976.919,247.9,79.14,99,42,88,930.9,874.6,227.3,79.15,99,43,81,1029.2,940.7,223.6,79.15,99,48,87,1031.3,907.4,208.7,79.14,99,44,83,901.9,833.7,2.0,2,0
1782926231.752,977.362,247.7,79.14,99,42,88,1021.9,874.2,227.4,79.15,99,43,81,1014.9,924.6,223.5,79.15,99,47,87,931.5,972.2,208.6,79.14,99,44,83,905.4,752.0,2.0,2,0
1782926232.193,977.803,247.5,79.14,99,42,88,931.5,979.3,227.5,79.15,99,44,81,937.9,949.5,223.2,79.15,99,48,87,1009.3,901.5,208.6,79.14,99,44,83,972.7,753.6,2.0,2,0
1782926232.634,978.244,247.6,79.14,99,42,88,927.1,867.9,227.5,79.15,99,44,81,1019.0,951.9,223.2,79.15,99,48,87,927.6,980.8,208.6,79.14,99,44,83,908.9,989.1,2.0,2,0
1782926233.081,978.690,247.7,79.14,99,42,88,927.2,885.9,227.3,79.15,99,43,81,1018.4,944.3,223.1,79.15,99,48,87,925.6,953.4,208.5,79.14,99,44,83,903.4,747.9,2.0,2,0
1782926233.521,979.131,247.7,79.14,99,42,88,924.1,965.5,227.3,79.15,99,44,81,942.5,991.6,223.1,79.15,99,47,87,921.9,887.9,208.5,79.14,99,44,83,984.2,753.4,2.0,2,0
1782926233.962,979.572,247.8,79.14,99,42,88,1015.0,906.7,227.3,79.15,99,43,81,936.8,997.1,223.0,79.15,99,47,87,928.8,887.5,208.6,79.14,99,44,83,980.9,749.1,2.0,2,0
1782926234.409,980.019,248.0,79.14,99,42,88,933.0,886.9,227.1,79.15,99,44,81,1022.0,935.1,222.9,79.15,99,48,87,924.4,970.8,208.4,79.14,99,44,83,903.7,754.9,2.0,2,0
1782926234.850,980.460,247.8,79.14,99,42,88,1003.0,881.4,227.2,79.15,99,44,81,937.0,997.4,222.9,79.15,99,47,87,932.3,908.4,208.5,79.14,99,44,83,987.7,748.6,2.0,2,0
1782926235.297,980.906,247.8,79.14,99,42,88,929.9,888.4,227.1,79.15,99,43,81,936.0,1009.6,223.2,79.15,99,47,87,928.0,899.9,208.5,79.14,99,44,82,981.5,765.4,2.0,2,0
1782926235.745,981.355,246.5,79.14,81,34,88,10361.0,8564.4,226.2,79.15,85,31,82,5182.6,4282.3,230.0,79.15,90,32,88,10381.9,8609.1,217.7,79.14,99,54,84,5191.3,4304.1,2.0,2,0
1782926236.193,981.803,267.1,79.14,98,43,89,5178.8,8562.3,252.9,79.15,98,41,83,10354.3,8258.7,256.4,79.15,98,43,88,4189.2,4954.2,242.0,79.14,98,42,84,10377.2,8604.5,2.0,2,0
1782926236.635,982.244,291.7,79.14,99,50,89,3115.1,8562.0,252.9,79.15,98,41,83,10359.1,4652.8,256.4,79.15,98,43,88,4087.3,7888.7,242.0,79.14,98,42,84,10385.0,8608.9,2.0,2,0
1782926237.078,982.688,296.7,79.14,98,40,89,9236.8,16337.3,279.3,79.15,99,53,83,21020.1,4282.0,279.3,79.15,98,50,89,10376.2,8604.4,269.7,79.14,98,46,85,2.3,8598.7,2.0,2,0
1782926237.520,983.130,296.7,79.14,98,40,89,5178.6,8560.3,281.0,79.15,97,33,83,10355.8,8560.9,278.2,79.15,97,34,89,10375.5,8600.3,267.8,79.14,98,57,85,6830.8,7261.0,2.0,2,0
1782926237.962,983.572,296.5,79.14,98,46,89,10355.2,4283.4,283.8,79.15,98,42,83,5177.7,8565.0,277.4,79.15,98,42,89,10378.4,3543.3,265.6,79.14,98,42,85,5189.4,8607.6,2.0,2,0
1782926238.405,984.014,294.2,79.14,98,46,90,6272.9,3368.4,284.0,79.15,98,47,83,9298.8,8561.6,280.3,79.15,99,52,89,10375.6,8601.0,269.2,79.14,99,52,85,6569.4,6767.8,2.0,2,0
1782926238.847,984.457,296.0,79.14,98,43,90,926.6,947.1,282.8,79.15,98,42,83,939.1,962.5,275.3,79.15,98,44,88,1007.9,888.6,262.9,79.14,99,45,84,1028.9,765.0,1.0,1,0
1782926239.290,984.900,278.9,79.14,99,42,88,927.5,946.2,260.7,79.15,99,44,82,945.5,944.1,251.4,79.15,99,48,87,1003.3,877.4,233.5,79.14,99,45,83,906.2,829.4,1.0,2,0
1782926239.732,985.342,259.0,79.14,99,43,88,936.1,1006.6,235.3,79.15,99,44,82,948.3,958.2,227.5,79.15,99,48,87,1009.9,857.5,211.6,79.14,99,45,83,909.5,836.9,1.0,2,0
1782926240.180,985.790,249.9,79.14,99,43,88,930.2,901.9,230.0,79.15,99,44,82,1023.5,960.3,225.9,79.15,99,49,87,926.6,949.3,211.6,79.14,99,45,83,909.3,743.6,1.0,2,0
1782926240.622,986.232,249.7,79.14,99,43,88,1012.2,884.6,230.0,79.15,99,44,82,937.8,1003.7,225.9,79.15,99,49,87,927.4,867.4,211.2,79.14,99,45,83,912.3,768.3,1.0,2,0
1782926241.068,986.677,249.6,79.14,99,42,88,1007.5,904.7,229.8,79.15,99,44,82,940.7,1015.2,225.9,79.15,99,48,87,930.3,884.2,210.9,79.14,99,45,83,988.7,757.9,1.0,2,0
1782926241.510,987.120,249.6,79.14,99,42,88,928.2,975.6,229.4,79.15,99,44,82,947.0,993.4,225.6,79.15,99,49,87,925.8,885.1,210.7,79.14,99,45,83,988.4,763.7,2.0,2,0
1782926241.957,987.567,249.3,79.14,99,43,88,922.7,950.3,229.2,79.15,99,44,82,938.8,991.5,225.2,79.15,99,48,87,930.5,891.9,210.5,79.14,99,45,83,987.4,753.8,2.0,2,0
1782926242.398,988.008,249.5,79.14,99,43,88,928.0,879.5,229.4,79.15,99,44,82,957.2,947.6,225.5,79.15,99,49,87,1007.7,892.1,210.6,79.14,99,45,83,902.4,835.8,2.0,2,0
1782926242.840,988.450,249.7,79.14,99,43,88,1013.2,890.3,229.5,79.15,99,44,82,1008.2,933.4,225.5,79.15,99,48,87,921.1,1053.3,210.4,79.14,99,45,83,937.3,833.6,2.0,2,0
1782926243.288,988.898,249.5,79.14,99,42,88,999.7,912.9,229.4,79.15,99,44,82,1021.4,936.6,225.3,79.15,99,48,87,923.6,940.8,210.2,79.14,99,45,83,903.3,754.4,2.0,2,0
1782926243.730,989.339,249.3,79.14,99,43,88,1013.5,958.6,229.1,79.15,99,44,82,1031.0,943.9,225.1,79.15,99,48,87,919.4,971.0,210.1,79.14,99,45,83,905.6,823.2,2.0,2,0
1782926244.177,989.787,249.3,79.14,99,42,88,1011.3,890.3,228.9,79.15,99,43,82,940.4,1009.9,224.8,79.15,99,48,87,933.1,874.0,210.1,79.14,99,45,83,988.5,751.1,2.0,2,0
1782926244.619,990.229,249.4,79.14,99,43,88,933.8,965.9,228.9,79.15,99,43,82,940.3,962.1,224.8,79.15,99,48,87,1008.0,947.9,210.2,79.14,99,45,83,992.1,756.9,2.0,2,0
1782926245.060,990.670,249.4,79.14,99,42,88,924.7,885.6,228.8,79.15,99,44,82,1022.5,973.7,224.7,79.15,99,48,87,927.5,961.5,209.9,79.14,99,45,83,904.1,752.9,2.0,2,0
1782926245.500,991.110,249.4,79.14,99,42,88,926.8,910.6,228.8,79.15,99,44,82,943.5,1016.6,224.6,79.15,99,48,87,981.6,872.7,209.7,79.14,99,44,83,994.8,754.2,2.0,2,0
1782926245.943,991.553,249.4,79.14,99,43,88,1089.6,997.8,228.7,79.15,99,44,82,945.5,1009.3,224.3,79.15,99,48,87,926.3,987.2,209.7,79.14,99,44,83,904.1,754.9,2.0,2,0
1782926246.394,992.004,249.2,79.14,99,42,88,926.6,916.6,228.6,79.15,99,44,82,942.8,1024.1,224.2,79.15,99,48,87,930.1,875.5,209.7,79.14,99,45,83,982.7,753.2,2.0,2,0
1782926246.835,992.445,249.0,79.14,99,42,88,927.4,901.6,228.4,79.15,99,44,82,1025.0,954.9,224.0,79.15,99,48,87,993.6,881.0,209.7,79.14,99,44,83,909.2,826.1,2.0,2,0
1782926247.276,992.886,248.7,79.14,99,42,88,1005.9,915.0,228.2,79.15,99,44,82,939.5,1004.8,223.9,79.15,99,48,87,931.8,879.5,209.6,79.14,99,45,83,915.7,756.0,2.0,2,0
1782926247.716,993.326,248.6,79.14,99,42,88,938.3,962.7,228.4,79.15,99,44,82,956.4,972.8,224.1,79.15,99,48,87,1012.5,870.6,209.6,79.14,99,44,83,898.1,811.9,2.0,2,0
1782926248.158,993.767,249.0,79.14,99,42,88,923.6,893.5,228.4,79.15,99,44,81,1019.5,944.5,224.3,79.15,99,48,87,930.6,962.9,209.6,79.14,99,44,83,899.8,755.9,2.0,2,0
1782926248.597,994.207,248.9,79.14,99,42,88,926.9,961.1,228.4,79.15,99,44,81,944.6,948.2,224.3,79.15,99,48,87,1006.3,884.2,209.7,79.14,99,45,83,1094.5,771.9,2.0,2,0
1782926249.040,994.650,248.9,79.14,99,42,88,932.1,888.0,228.5,79.15,99,44,82,958.3,944.1,224.2,79.15,99,48,87,1011.3,879.7,209.7,79.14,99,44,83,905.3,825.6,2.0,2,0
1782926249.480,995.090,248.7,79.14,99,42,88,1003.9,889.3,228.6,79.15,99,44,81,941.6,1021.3,224.2,79.15,99,49,87,927.3,870.5,209.7,79.14,99,45,83,982.9,753.3,2.0,2,0
1782926249.920,995.530,248.8,79.14,99,42,88,925.0,957.7,228.5,79.15,99,44,81,945.7,947.8,224.2,79.15,99,48,87,1003.8,871.5,209.5,79.14,99,45,83,904.6,828.1,2.0,2,0
1782926250.360,995.970,248.9,79.14,99,42,88,1002.7,908.8,228.4,79.15,99,44,81,944.1,1032.5,224.1,79.15,99,48,87,930.1,861.3,209.5,79.14,99,44,83,999.3,752.9,2.0,2,0
1782926250.799,996.409,248.7,79.14,99,42,88,930.4,944.3,228.2,79.15,99,44,81,938.2,955.7,224.1,79.15,99,48,87,1009.0,892.6,209.2,79.14,99,45,83,898.1,868.4,2.0,2,0
1782926251.240,996.850,248.7,79.14,99,42,88,1004.4,864.5,228.1,79.15,99,44,81,978.8,967.6,224.3,79.15,99,48,87,927.5,964.5,209.2,79.14,99,45,83,905.6,749.3,2.0,2,0
1782926251.680,997.290,248.8,79.14,99,43,88,985.2,962.7,228.5,79.15,99,44,81,1003.3,1042.9,224.2,79.15,99,48,87,925.1,925.8,209.2,79.14,99,45,83,992.1,757.2,2.0,2,0
1782926252.126,997.736,248.8,79.14,99,42,88,926.5,950.8,228.5,79.15,99,44,81,939.5,948.1,224.2,79.15,99,48,87,1008.0,882.2,209.2,79.14,99,45,83,904.1,829.0,2.0,2,0
1782926252.566,998.176,248.4,79.14,99,43,88,1001.9,902.8,228.8,79.15,99,44,81,935.3,980.5,224.1,79.15,99,48,87,925.0,977.2,209.1,79.14,99,44,83,898.8,752.6,2.0,2,0
1782926253.006,998.616,248.4,79.14,99,43,88,923.9,954.7,228.4,79.15,99,44,81,932.0,951.6,224.1,79.15,99,48,87,1011.3,869.5,209.2,79.14,99,44,83,898.1,823.1,2.0,2,0
1782926253.445,999.055,248.3,79.14,99,43,88,1004.9,877.3,228.4,79.15,99,44,81,939.5,1019.1,224.1,79.15,99,48,87,926.3,940.1,209.4,79.14,99,45,83,904.7,757.1,2.0,2,0
1782926253.885,999.495,248.5,79.14,99,42,88,923.4,935.1,228.6,79.15,99,44,81,935.7,952.7,224.4,79.15,99,48,87,1014.5,892.1,209.6,79.14,99,45,83,899.3,827.2,2.0,2,0
1782926254.327,999.937,248.4,79.14,99,43,88,928.7,886.9,228.6,79.15,99,44,81,1016.8,954.2,224.2,79.15,99,48,87,926.8,826.2,209.5,79.14,99,45,83,5186.8,17186.5,0.0,2,0
1782926254.770,1000.380,246.6,79.14,78,23,87,5721.4,8565.3,233.7,79.15,98,51,82,10356.9,4291.9,235.3,79.15,98,57,88,5189.4,8606.1,222.6,79.14,98,50,84,10376.9,8602.4,0.0,2,0
1782926255.215,1000.825,268.9,79.14,98,41,89,10356.2,4279.3,257.9,79.15,98,40,83,5178.7,8562.0,258.7,79.15,98,43,89,10375.3,6211.6,251.0,79.14,98,48,84,3425.2,7170.9,0.0,2,0
1782926255.660,1001.270,291.2,79.14,98,47,89,10357.5,4284.6,285.4,79.15,98,46,83,5178.4,8570.1,280.6,79.15,99,51,89,10381.2,8608.8,251.0,79.14,98,48,84,10386.1,4307.9,0.0,2,0
1782926256.113,1001.723,297.1,79.14,98,42,89,8607.2,1288.5,285.4,79.15,98,46,83,10356.6,7379.7,280.6,79.15,99,51,89,190.4,8619.7,267.9,79.14,99,52,85,10382.8,3921.7,0.0,2,0
1782926256.559,1002.169,295.6,79.14,98,42,89,10357.4,6925.0,282.3,79.15,97,36,83,6475.4,6551.6,279.6,79.15,97,34,89,6258.6,8601.7,269.3,79.14,99,53,85,10376.6,8603.7,0.0,2,0
1782926257.000,1002.610,295.6,79.14,98,43,89,5178.4,4284.1,283.2,79.15,98,40,83,10356.3,8563.2,276.7,79.15,98,43,89,5191.7,4302.6,266.1,79.14,98,43,85,10377.9,8609.0,0.0,2,0
1782926257.442,1003.052,294.7,79.14,98,49,89,8594.5,5681.2,283.9,79.15,99,52,84,6970.6,7128.5,280.0,79.15,98,49,89,10375.6,8605.3,270.3,79.14,98,45,85,10377.9,4963.3,1.0,1,0
1782926257.892,1003.502,296.8,79.14,98,40,90,1008.4,887.3,281.8,79.15,98,42,83,938.0,1033.3,273.3,79.15,99,46,88,958.8,889.4,261.2,79.14,99,43,84,983.6,753.0,1.0,1,0
1782926258.334,1003.944,276.4,79.14,99,43,88,932.9,946.4,258.3,79.15,99,44,82,939.9,931.9,247.8,79.15,99,48,87,1013.7,897.1,230.3,79.14,99,45,83,906.4,833.0,1.0,2,0
1782926258.775,1004.385,255.7,79.14,99,42,88,926.0,899.0,229.9,79.15,99,44,82,1016.8,940.4,225.9,79.15,99,48,87,920.5,884.1,210.6,79.14,99,45,83,908.9,829.1,1.0,2,0
1782926259.218,1004.828,249.8,79.14,99,43,88,999.8,880.6,230.4,79.15,99,44,82,938.3,1032.1,225.9,79.15,99,48,87,928.1,904.1,210.9,79.14,99,45,83,920.1,759.2,1.0,2,0
1782926259.660,1005.270,249.8,79.14,99,42,88,930.0,950.4,230.2,79.15,99,44,82,929.8,1060.6,225.7,79.15,99,48,87,934.0,852.9,210.9,79.14,99,45,83,989.5,762.0,1.0,2,0
1782926260.105,1005.715,249.5,79.14,99,43,88,925.7,947.0,230.2,79.15,99,44,82,935.7,945.1,225.7,79.15,99,48,87,1006.7,885.5,210.6,79.14,99,44,83,899.1,832.7,2.0,2,0
1782926260.546,1006.156,249.5,79.14,99,43,88,938.8,892.6,229.7,79.15,99,44,82,1018.6,932.1,225.6,79.15,99,48,87,921.9,973.0,210.2,79.14,99,45,83,905.2,752.5,2.0,2,0
1782926260.988,1006.598,249.3,79.14,99,42,88,1008.7,871.1,229.5,79.15,99,44,82,935.0,1006.7,225.3,79.15,99,48,87,925.0,887.3,210.0,79.14,99,45,83,990.5,756.1,2.0,2,0
1782926261.429,1007.039,249.5,79.14,99,42,88,925.6,954.9,229.5,79.15,99,44,82,937.8,969.4,225.0,79.15,99,48,87,1008.3,892.0,209.8,79.14,99,44,83,904.0,834.2,2.0,2,0
1782926261.869,1007.479,249.6,79.14,99,42,88,922.1,875.0,229.3,79.15,99,44,82,1015.7,939.7,224.9,79.15,99,48,87,936.7,960.1,209.7,79.14,99,44,83,904.0,752.9,2.0,2,0
1782926262.314,1007.924,249.8,79.14,99,42,88,1006.8,868.8,229.3,79.15,99,44,82,929.9,952.1,225.2,79.15,99,48,87,924.7,957.0,210.1,79.14,99,45,83,903.7,755.9,2.0,2,0
1782926262.755,1008.365,250.0,79.14,99,43,88,1011.2,916.8,229.4,79.15,99,44,82,937.9,1020.1,225.2,79.15,99,48,87,925.6,905.7,210.2,79.14,99,45,83,985.6,750.1,2.0,2,0
1782926263.203,1008.812,249.7,79.14,99,42,88,925.3,956.2,229.1,79.15,99,44,82,929.3,990.5,224.9,79.15,99,48,87,930.2,889.2,209.9,79.14,99,44,83,982.9,761.0,2.0,2,0
1782926263.643,1009.253,249.1,79.14,99,42,88,929.8,885.7,229.1,79.15,99,44,82,1020.2,933.4,224.9,79.15,99,48,87,928.9,884.0,209.9,79.14,99,44,83,925.0,832.8,2.0,2,0
1782926264.084,1009.694,248.9,79.14,99,42,88,1003.8,871.0,228.6,79.15,99,44,82,935.6,1016.3,224.5,79.15,99,48,87,933.4,971.2,209.6,79.14,99,45,83,904.1,756.0,2.0,2,0
1782926264.526,1010.136,248.9,79.14,99,42,88,929.4,944.3,228.4,79.15,99,43,82,937.9,961.0,224.2,79.15,99,48,87,1005.6,895.9,209.4,79.14,99,44,83,943.4,759.1,2.0,2,0
1782926264.967,1010.577,248.9,79.14,99,43,88,974.9,899.0,228.4,79.15,99,44,82,1014.0,941.7,224.1,79.15,99,47,87,999.5,872.3,209.3,79.14,99,44,83,905.6,826.1,2.0,2,0
1782926265.410,1011.020,248.7,79.14,99,42,88,1003.8,876.5,228.3,79.15,99,44,82,944.0,1025.9,223.9,79.15,99,48,87,925.7,868.5,209.2,79.14,99,44,83,994.2,752.6,2.0,2,0
1782926265.851,1011.461,248.7,79.14,99,43,88,925.6,963.2,228.3,79.15,99,44,82,957.5,932.7,224.1,79.15,99,47,87,1016.0,888.4,209.2,79.14,99,44,83,957.3,756.6,2.0,2,0
1782926266.293,1011.903,248.2,79.14,99,42,88,924.6,885.6,228.1,79.15,99,44,81,1017.0,956.0,224.3,79.15,99,48,87,921.3,945.6,209.2,79.14,99,44,83,898.8,750.1,2.0,2,0
1782926266.733,1012.343,247.9,79.14,99,42,88,1109.8,930.9,227.8,79.15,99,44,82,1017.2,945.8,224.2,79.15,99,48,87,923.6,961.3,209.4,79.14,99,44,83,901.0,752.3,2.0,2,0
1782926267.179,1012.789,248.2,79.14,99,42,88,928.6,941.3,228.0,79.15,99,44,81,939.7,956.2,224.1,79.15,99,47,87,1017.8,874.1,209.4,79.14,99,44,83,904.3,775.9,2.0,2,0
1782926267.624,1013.234,247.9,79.14,99,42,88,929.9,955.7,228.0,79.15,99,44,81,936.7,956.0,224.1,79.15,99,47,87,1196.7,898.3,209.6,79.14,99,44,83,1132.2,752.2,2.0,2,0
1782926268.073,1013.682,247.3,79.14,99,42,88,930.8,940.7,227.7,79.15,99,43,81,940.8,956.3,223.6,79.15,99,46,87,1005.1,872.0,209.0,79.14,99,44,83,898.3,833.2,2.0,2,0
1782926268.514,1014.123,247.3,79.14,99,42,88,927.2,903.3,227.2,79.15,99,44,81,1011.8,951.8,223.4,79.15,99,47,87,922.7,972.2,208.7,79.14,99,45,83,904.4,753.4,2.0,2,0
1782926268.954,1014.564,247.4,79.14,99,42,88,925.1,923.6,227.3,79.15,99,43,82,937.6,1020.4,223.2,79.15,99,47,87,927.9,866.2,208.7,79.14,99,44,83,983.6,755.6,2.0,2,0
1782926269.397,1015.007,247.7,79.14,99,42,88,922.4,966.6,227.3,79.15,99,44,81,939.7,962.3,223.5,79.15,99,48,87,1007.1,878.0,208.9,79.14,99,45,83,903.4,829.7,2.0,2,0
1782926269.840,1015.450,247.9,79.14,99,42,88,932.1,896.4,227.2,79.15,99,44,81,1016.9,956.0,223.9,79.15,99,48,87,926.7,1003.3,209.2,79.14,99,44,83,912.2,837.5,2.0,2,0
1782926270.284,1015.894,248.2,79.14,99,42,88,1005.6,885.0,227.7,79.15,99,44,81,937.2,1021.6,224.0,79.15,99,48,87,928.8,894.7,209.3,79.14,99,44,83,984.7,748.3,2.0,2,0
1782926270.726,1016.336,248.3,79.14,99,42,88,949.6,939.0,227.9,79.15,99,44,81,942.6,994.5,224.2,79.15,99,48,87,942.6,894.1,209.3,79.14,99,45,83,983.8,756.4,2.0,2,0
1782926271.173,1016.783,248.4,79.14,99,42,88,933.7,951.9,227.9,79.15,99,43,81,932.3,958.4,223.8,79.15,99,47,87,1018.3,897.6,209.3,79.14,99,45,83,903.2,831.6,2.0,2,0
1782926271.617,1017.227,248.0,79.14,99,42,88,920.5,879.1,227.9,79.15,99,43,81,964.3,932.8,223.8,79.15,99,47,87,1021.6,1040.8,209.1,79.14,99,44,83,987.6,756.1,2.0,2,0
1782926272.063,1017.673,247.6,79.14,99,42,88,927.8,892.1,227.5,79.15,99,44,81,1022.6,947.4,223.8,79.15,99,48,87,924.0,972.1,209.0,79.14,99,45,83,898.9,743.6,2.0,2,0
1782926272.505,1018.115,247.6,79.14,99,42,88,1004.3,889.6,227.3,79.15,99,44,81,932.6,1037.1,224.1,79.15,99,48,87,923.3,887.2,209.0,79.14,99,44,83,982.3,755.0,2.0,2,0
1782926272.956,1018.565,247.4,79.14,99,42,88,938.7,893.6,227.3,79.15,99,43,81,1017.9,956.4,223.8,79.15,99,47,87,922.6,981.5,208.7,79.14,99,44,83,903.7,750.5,2.0,2,0
1782926273.401,1019.011,247.2,79.14,99,42,88,15533.6,17111.9,226.9,79.15,99,43,81,4542.7,8566.4,223.5,79.15,99,47,87,10376.0,1942.6,208.4,79.14,99,44,83,6889.0,8613.5,2.0,2,0
1782926273.845,1019.455,248.9,79.14,98,49,89,7801.0,4284.7,235.6,79.15,98,52,82,9867.3,8560.6,240.3,79.15,99,56,89,10376.5,8600.7,227.2,79.14,98,53,84,10380.5,7235.5,2.0,2,0
1782926274.287,1019.897,270.9,79.14,98,38,89,10354.6,3393.3,263.1,79.15,98,44,82,5358.2,8563.5,264.7,79.15,99,47,88,10045.1,1353.9,250.6,79.14,98,44,85,7513.7,8604.2,2.0,2,0
1782926274.727,1020.337,296.9,79.14,98,47,89,9122.9,7524.3,284.4,79.15,99,50,83,5371.8,7366.2,279.7,79.15,99,53,89,5225.8,8603.4,268.3,79.14,98,46,85,10376.9,8602.0,2.0,2,0
1782926275.182,1020.791,294.4,79.14,97,32,89,7023.3,8561.2,283.1,79.15,98,50,83,6723.2,3095.3,279.8,79.15,99,54,89,10379.0,8608.3,268.3,79.14,98,46,85,5320.6,3904.6,2.0,2,0
1782926275.624,1021.233,295.3,79.14,98,42,89,5177.9,8563.2,283.1,79.15,98,50,83,10354.1,7725.2,279.8,79.15,99,54,89,3383.6,5740.5,269.1,79.14,98,49,85,10388.3,8610.2,2.0,2,0
1782926276.066,1021.676,295.9,79.14,98,48,90,1792.6,8411.4,281.5,79.15,98,41,83,10356.1,7134.2,277.4,79.15,98,43,89,3503.6,6213.5,265.2,79.14,99,49,84,10379.9,7643.0,2.0,2,0
1782926276.507,1022.117,295.9,79.14,98,48,90,10354.5,5064.4,284.2,79.15,98,45,83,1027.5,956.3,280.4,79.15,99,50,89,931.0,971.0,268.5,79.14,98,53,85,903.2,808.7,1.0,1,0
1782926276.949,1022.559,296.2,79.14,98,42,89,1011.2,926.3,278.9,79.15,99,41,82,937.2,1048.9,270.8,79.15,99,45,87,932.8,965.6,257.2,79.14,99,43,83,904.3,759.8,1.0,2,0
1782926277.392,1023.001,271.5,79.14,99,41,88,930.5,981.8,252.9,79.15,99,42,82,946.7,966.5,243.5,79.15,99,45,87,1012.5,902.8,223.7,79.14,99,43,83,904.3,833.0,1.0,2,0
1782926277.832,1023.442,250.1,79.14,99,40,88,965.7,896.7,225.1,79.15,99,42,82,1014.0,942.0,221.7,79.15,99,46,87,927.8,985.5,206.1,79.14,99,43,83,904.9,756.0,1.0,2,0
1782926278.275,1023.885,245.2,79.14,99,41,88,1010.0,931.4,224.8,79.15,99,42,82,943.0,1054.2,221.3,79.15,99,45,87,925.8,888.4,206.0,79.14,99,43,83,984.1,758.9,1.0,2,0
1782926278.715,1024.325,245.3,79.14,99,41,88,940.0,931.7,225.3,79.15,99,42,82,980.4,957.3,221.5,79.15,99,46,87,1012.7,859.5,206.4,79.14,99,43,83,898.3,839.1,1.0,2,0
1782926279.159,1024.769,245.2,79.14,99,41,88,936.9,923.1,225.5,79.15,99,42,82,1024.0,968.7,221.5,79.15,99,45,87,927.1,975.3,206.4,79.14,99,43,83,902.6,762.6,2.0,2,0
1782926279.598,1025.208,245.0,79.14,99,41,88,930.4,959.2,225.5,79.15,99,42,82,935.9,953.0,221.5,79.15,99,45,87,1010.0,863.0,206.4,79.14,99,43,83,1065.5,766.7,2.0,2,0
1782926280.042,1025.652,245.0,79.14,99,41,88,929.2,886.4,225.5,79.15,99,42,82,1045.9,956.8,221.7,79.15,99,46,87,1009.7,916.7,206.5,79.14,99,43,83,903.2,827.6,2.0,2,0
1782926280.485,1026.095,244.8,79.14,99,41,88,1009.2,909.0,225.4,79.15,99,42,82,941.7,972.7,221.8,79.15,99,46,87,930.2,975.2,206.7,79.14,99,43,83,902.9,754.7,2.0,2,0
1782926280.925,1026.535,245.0,79.14,99,41,88,927.1,982.7,225.5,79.15,99,42,82,971.6,971.0,221.5,79.15,99,46,87,940.0,878.0,206.5,79.14,99,43,83,983.6,752.4,2.0,2,0
1782926281.368,1026.978,245.2,79.14,99,41,88,928.7,920.2,225.5,79.15,99,42,82,1018.0,964.2,221.3,79.15,99,46,87,927.9,960.9,206.3,79.14,99,43,83,904.5,750.3,2.0,2,0
1782926281.809,1027.419,245.1,79.14,99,41,88,1011.9,903.4,225.2,79.15,99,42,82,940.4,1052.6,221.3,79.15,99,46,87,924.0,874.2,206.1,79.14,99,43,83,978.5,748.5,2.0,2,0
1782926282.250,1027.860,244.8,79.14,99,41,88,924.0,880.9,225.1,79.15,99,42,82,1018.8,964.5,221.4,79.15,99,46,87,996.3,886.4,206.0,79.14,99,43,83,905.2,829.5,2.0,2,0
1782926282.692,1028.302,244.6,79.14,99,41,88,1010.0,908.8,225.1,79.15,99,42,82,1095.5,970.6,221.4,79.15,99,46,87,932.8,962.8,206.1,79.14,99,43,83,899.5,746.2,2.0,2,0
1782926283.143,1028.753,244.8,79.14,99,41,88,929.6,882.6,225.1,79.15,99,42,82,1022.2,956.0,221.4,79.15,99,46,87,923.6,963.4,206.1,79.14,99,43,83,898.8,757.3,2.0,2,0
1782926283.584,1029.194,245.0,79.14,99,41,88,1008.6,908.9,225.1,79.15,99,43,81,943.3,1025.4,221.6,79.15,99,46,87,924.4,901.6,206.4,79.14,99,43,83,1035.3,758.5,2.0,2,0
1782926284.027,1029.636,245.0,79.14,99,41,88,925.7,955.7,225.0,79.15,99,42,81,939.4,948.5,221.2,79.15,99,46,87,1009.8,908.1,206.1,79.14,99,43,83,909.5,845.9,2.0,2,0
1782926284.470,1030.080,244.9,79.14,99,41,88,925.6,897.1,224.9,79.15,99,43,81,1019.7,949.8,221.0,79.15,99,46,87,929.5,999.5,206.1,79.14,99,43,83,904.9,756.5,2.0,2,0
1782926284.912,1030.522,245.2,79.14,99,41,88,1012.1,912.4,225.1,79.15,99,42,81,940.2,1034.6,221.3,79.15,99,46,87,921.8,893.9,206.2,79.14,99,43,83,983.1,752.5,2.0,2,0
1782926285.353,1030.963,245.3,79.14,99,41,88,926.9,881.0,225.0,79.15,99,42,81,944.2,984.8,221.3,79.15,99,46,87,1013.4,902.7,206.2,79.14,99,43,83,905.9,830.0,2.0,2,0
1782926285.794,1031.403,244.9,79.14,99,41,88,1011.1,886.9,224.8,79.15,99,42,81,944.3,1017.1,221.1,79.15,99,45,87,923.6,880.4,205.9,79.14,99,43,83,977.5,750.8,2.0,2,0
1782926286.234,1031.844,244.6,79.14,99,41,88,927.2,937.0,224.8,79.15,99,42,81,940.5,933.8,221.0,79.15,99,46,87,1011.6,866.0,205.8,79.14,99,43,83,904.2,831.6,2.0,2,0
1782926286.675,1032.284,244.3,79.14,99,41,88,1006.6,893.7,225.0,79.15,99,42,81,940.5,1041.1,221.1,79.15,99,46,87,947.5,963.1,205.8,79.14,99,43,83,907.3,752.4,2.0,2,0
1782926287.117,1032.727,244.6,79.14,99,41,88,933.3,945.0,225.0,79.15,99,42,81,941.6,1011.6,221.1,79.15,99,46,87,929.2,876.0,206.2,79.14,99,43,83,982.9,755.2,2.0,2,0
1782926287.558,1033.168,244.6,79.14,99,41,88,932.4,920.0,225.0,79.15,99,43,81,1025.8,978.7,220.8,79.15,99,46,87,923.9,974.3,206.2,79.14,99,43,83,906.1,749.3,2.0,2,0
1782926287.999,1033.609,244.8,79.14,99,41,87,1006.7,923.0,224.9,79.15,99,42,81,940.3,1033.5,220.5,79.15,99,46,87,932.9,872.8,206.0,79.14,99,43,83,979.6,751.3,2.0,2,0
1782926288.439,1034.049,244.5,79.14,99,41,88,921.5,887.9,224.8,79.15,99,42,81,1016.4,955.4,220.6,79.15,99,45,87,923.1,967.4,205.9,79.14,99,43,83,899.6,837.3,2.0,2,0
1782926288.881,1034.491,244.6,79.14,99,41,88,1005.2,906.1,224.6,79.15,99,42,81,937.3,1197.5,220.7,79.15,99,46,87,1161.7,897.7,205.9,79.14,99,43,83,899.2,825.3,2.0,2,0
1782926289.330,1034.940,245.1,79.14,99,41,88,1007.0,866.5,224.9,79.15,99,43,81,939.4,1041.1,220.9,79.15,99,46,87,923.2,959.4,205.8,79.14,99,43,82,898.9,748.5,2.0,2,0
1782926289.771,1035.381,245.0,79.14,99,41,87,936.8,972.1,224.9,79.15,99,43,81,943.2,955.0,221.0,79.15,99,46,87,1007.5,888.6,205.7,79.14,99,43,82,900.1,843.8,2.0,2,0
1782926290.212,1035.822,244.7,79.14,99,41,87,928.7,871.1,224.8,79.15,99,43,81,1018.9,965.5,221.0,79.15,99,46,87,923.5,952.7,205.6,79.14,99,43,82,903.3,753.9,2.0,2,0
1782926290.654,1036.264,244.9,79.14,99,41,87,1002.1,896.1,224.8,79.15,99,43,81,938.2,1007.7,220.9,79.15,99,46,87,957.3,899.8,205.6,79.14,99,43,82,912.1,754.2,2.0,2,0
1782926291.099,1036.709,244.8,79.14,99,41,87,931.4,977.7,225.0,79.15,99,43,81,943.5,948.6,220.9,79.15,99,46,87,1011.0,872.8,205.5,79.14,99,43,82,904.0,825.5,2.0,2,0
1782926291.539,1037.149,244.8,79.14,99,41,87,943.7,862.1,225.0,79.15,99,43,81,1016.2,950.6,220.7,79.15,99,46,87,927.6,958.6,205.7,79.14,99,43,82,903.9,760.8,2.0,2,0
1782926291.989,1037.599,244.6,79.14,99,41,88,931.6,890.8,224.8,79.15,99,43,81,1022.0,969.4,220.8,79.15,99,46,87,920.9,967.2,205.7,79.14,99,43,82,899.1,747.8,2.0,2,0
1782926292.432,1038.042,244.5,79.14,99,41,87,5179.2,4281.3,224.8,79.15,99,43,81,10355.6,5096.6,220.7,79.15,99,46,86,2681.6,8614.2,205.7,79.14,99,43,82,10380.1,969.4,2.0,2,0
1782926292.875,1038.485,250.4,79.14,99,58,89,7571.2,5263.8,239.2,79.15,98,54,83,8113.9,8560.8,241.3,79.15,98,49,88,10378.1,8605.7,227.6,79.14,98,45,84,9609.4,3630.6,2.0,2,0
1782926293.316,1038.926,272.1,79.14,98,41,89,3102.1,8563.8,266.9,79.15,98,44,83,10358.6,5255.9,268.9,79.15,98,45,89,2486.7,8545.9,253.0,79.14,99,49,85,10378.2,5114.5,2.0,2,0
1782926293.758,1039.368,297.8,79.14,98,48,89,10359.0,8561.7,284.5,79.15,98,45,83,10357.4,5072.8,278.1,79.15,98,49,88,7870.0,5125.6,265.9,79.14,98,46,85,8446.7,17280.8,2.0,2,0
1782926294.207,1039.816,294.3,79.14,99,48,89,10354.0,3184.3,282.7,79.15,99,56,83,5670.5,8569.9,279.7,79.15,98,52,88,10375.4,4308.8,268.5,79.14,98,49,85,6620.9,7406.3,2.0,2,0
1782926294.650,1040.259,292.2,79.14,98,41,89,7854.6,8561.7,282.7,79.15,99,56,83,10351.5,4865.8,277.1,79.15,98,44,89,2166.6,8130.1,268.5,79.14,98,49,85,10383.2,8613.2,2.0,2,0
1782926295.097,1040.707,296.3,79.14,98,48,89,5178.7,4130.8,281.4,79.15,98,43,83,10355.2,8563.5,277.1,79.15,98,44,89,7635.9,3254.8,264.5,79.14,98,47,85,8187.9,8612.4,2.0,2,0
1782926295.538,1041.148,296.3,79.14,98,48,89,929.5,962.4,282.9,79.15,98,44,83,933.6,942.6,278.7,79.15,98,48,89,1001.0,887.8,267.4,79.14,99,47,84,902.1,828.8,1.0,1,0
1782926295.978,1041.588,290.0,79.14,83,35,88,1011.4,908.5,271.6,79.15,99,43,82,933.3,960.4,263.5,79.15,99,46,87,924.9,979.0,248.2,79.14,99,43,83,903.1,759.2,1.0,2,0
1782926296.419,1042.029,267.8,79.14,99,41,88,925.9,984.2,243.2,79.15,99,43,82,941.3,956.6,237.0,79.15,99,46,87,1017.4,893.8,221.6,79.14,99,43,83,898.5,768.3,1.0,2,0
1782926296.860,1042.470,246.0,79.14,99,41,88,924.5,904.1,226.5,79.15,99,42,82,1015.6,956.0,222.7,79.15,99,46,87,1014.0,1052.6,207.4,79.14,99,44,83,903.2,828.5,1.0,2,0
1782926297.305,1042.915,246.1,79.14,99,41,88,1009.4,933.8,226.6,79.15,99,43,82,935.3,981.7,222.7,79.15,99,46,87,931.2,963.8,207.3,79.14,99,43,83,904.5,753.7,1.0,2,0
1782926297.746,1043.356,245.9,79.14,99,41,88,960.4,954.1,226.2,79.15,99,43,82,937.9,1023.7,222.4,79.15,99,47,87,921.7,888.1,207.1,79.14,99,43,83,982.3,758.3,2.0,2,0
1782926298.188,1043.798,245.5,79.14,99,41,88,929.6,895.7,226.1,79.15,99,43,82,1021.5,957.5,222.1,79.15,99,46,87,922.9,978.9,207.1,79.14,99,43,83,952.8,837.0,2.0,2,0
1782926298.633,1044.243,245.3,79.14,99,41,88,936.1,894.4,226.1,79.15,99,43,82,1011.1,927.0,222.1,79.15,99,46,87,931.4,978.5,206.7,79.14,99,43,83,909.0,872.5,2.0,2,0
1782926299.078,1044.688,245.3,79.14,99,41,88,1009.5,913.6,226.1,79.15,99,43,82,940.3,1026.1,222.1,79.15,99,46,87,931.5,890.0,206.7,79.14,99,43,83,979.4,755.6,2.0,2,0
1782926299.518,1045.128,245.3,79.14,99,41,88,928.4,989.0,225.8,79.15,99,43,81,941.6,959.9,222.0,79.15,99,46,87,1007.0,892.6,206.3,79.14,99,43,83,899.6,826.6,2.0,2,0
1782926299.959,1045.568,245.3,79.14,99,41,88,1010.2,924.0,225.6,79.15,99,42,82,940.3,1013.8,221.7,79.15,99,46,87,926.9,859.1,206.0,79.14,99,43,83,910.6,755.4,2.0,2,0
1782926300.400,1046.009,245.2,79.14,99,41,88,926.1,969.3,225.6,79.15,99,43,81,938.6,927.8,221.7,79.15,99,47,87,1013.1,876.9,206.2,79.14,99,43,83,903.5,827.2,2.0,2,0
1782926300.840,1046.450,245.6,79.14,99,41,88,932.6,905.0,225.8,79.15,99,43,81,1016.4,970.3,222.2,79.15,99,46,87,921.9,1032.4,206.3,79.14,99,43,83,978.3,838.7,2.0,2,0
1782926301.285,1046.895,246.1,79.14,99,41,88,1003.0,877.5,225.8,79.15,99,43,81,936.1,1023.7,222.1,79.15,99,46,87,926.1,893.6,206.4,79.14,99,43,83,985.3,756.9,2.0,2,0
1782926301.727,1047.337,246.0,79.14,99,41,88,937.0,989.2,225.4,79.15,99,42,81,965.1,999.7,221.6,79.15,99,45,87,928.9,889.8,206.1,79.14,99,43,83,982.5,760.7,2.0,2,0
1782926302.170,1047.780,245.6,79.14,99,41,88,930.8,900.5,225.2,79.15,99,43,81,1019.6,951.2,221.6,79.15,99,46,87,929.1,963.7,206.1,79.14,99,43,83,901.3,825.2,2.0,2,0
1782926302.617,1048.227,245.3,79.14,99,41,88,929.4,915.3,225.2,79.15,99,43,81,1017.1,948.6,221.6,79.15,99,46,87,939.8,1086.7,206.1,79.14,99,43,83,912.1,853.6,2.0,2,0
1782926303.062,1048.672,245.7,79.14,99,41,88,938.5,883.6,225.5,79.15,99,43,81,1019.9,955.7,221.9,79.15,99,47,87,932.1,974.0,206.6,79.14,99,43,83,905.7,759.3,2.0,2,0
1782926303.503,1049.113,245.7,79.14,99,41,88,926.6,978.6,225.8,79.15,99,43,81,939.4,956.9,221.8,79.15,99,46,87,1014.9,880.2,206.8,79.14,99,43,83,973.1,758.9,2.0,2,0
1782926303.944,1049.554,245.9,79.14,99,41,88,949.6,983.8,225.7,79.15,99,43,81,941.3,948.6,221.9,79.15,99,47,87,1009.2,884.3,206.8,79.14,99,43,83,898.1,829.9,2.0,2,0
1782926304.388,1049.998,246.0,79.14,99,41,88,1015.1,881.6,225.5,79.15,99,43,81,1022.4,937.4,221.7,79.15,99,46,87,926.7,986.5,206.6,79.14,99,44,83,902.0,755.4,2.0,2,0
1782926304.831,1050.440,245.8,79.14,99,41,88,925.9,978.2,225.4,79.15,99,43,81,943.2,947.7,221.7,79.15,99,46,87,1013.0,904.3,206.8,79.14,99,44,83,982.3,759.2,2.0,2,0
1782926305.272,1050.882,245.9,79.14,99,41,88,930.3,886.3,225.6,79.15,99,43,81,1015.2,963.1,221.8,79.15,99,46,87,924.6,963.9,206.9,79.14,99,43,83,901.9,757.9,2.0,2,0
1782926305.713,1051.323,246.0,79.14,99,42,88,1014.0,1094.2,225.8,79.15,99,43,81,1032.0,949.0,221.4,79.15,99,46,87,928.4,986.0,206.9,79.14,99,44,82,902.9,841.2,2.0,2,0
1782926306.164,1051.774,245.9,79.14,99,41,88,1007.0,891.1,225.8,79.15,99,42,81,931.9,965.7,221.4,79.15,99,46,87,929.1,982.1,206.9,79.14,99,44,82,901.2,759.6,2.0,2,0
1782926306.605,1052.215,245.8,79.14,99,41,88,926.5,956.3,225.8,79.15,99,42,81,935.1,953.6,221.4,79.15,99,46,87,1005.9,957.7,207.0,79.14,99,43,82,984.6,783.8,2.0,2,0
1782926307.049,1052.659,245.8,79.14,99,41,88,932.0,872.7,225.5,79.15,99,43,81,1028.5,949.3,221.0,79.15,99,46,87,1005.0,899.6,206.7,79.14,99,43,82,904.0,826.7,2.0,2,0
1782926307.490,1053.100,245.6,79.14,99,41,88,1006.5,881.7,225.5,79.15,99,43,81,941.5,1003.3,221.0,79.15,99,46,87,935.0,876.1,206.4,79.14,99,43,83,911.9,748.2,2.0,2,0
1782926307.934,1053.544,245.8,79.14,99,41,88,928.5,896.4,225.5,79.15,99,43,81,938.7,1009.0,220.9,79.15,99,46,87,922.6,903.8,206.5,79.14,99,43,82,982.9,757.9,2.0,2,0
1782926308.376,1053.986,245.7,79.14,99,41,87,921.8,888.0,225.3,79.15,99,43,81,1021.3,934.4,220.8,79.15,99,46,87,1017.3,904.1,206.5,79.14,99,44,82,905.4,830.5,2.0,2,0
1782926308.818,1054.428,245.8,79.14,99,41,87,1008.5,883.8,225.4,79.15,99,43,81,937.2,1001.5,220.6,79.15,99,47,87,920.9,881.7,206.7,79.14,99,43,82,1136.2,897.8,2.0,2,0
1782926309.266,1054.876,245.9,79.14,99,42,88,1008.7,864.8,225.6,79.15,99,43,81,933.0,1007.3,220.9,79.15,99,47,87,920.7,922.7,206.8,79.14,99,43,82,971.5,754.1,2.0,2,0
1782926310.135,1055.745,245.7,79.14,99,41,87,932.4,900.2,225.8,79.15,99,43,81,1023.2,984.7,221.0,79.15,99,46,87,926.7,989.1,206.5,79.14,99,44,82,904.5,749.4,2.0,2,0
1782926310.576,1056.186,245.7,79.14,99,42,87,999.2,893.9,225.7,79.15,99,43,81,936.1,1005.9,220.8,79.15,99,47,87,924.5,896.5,206.6,79.14,99,43,82,1000.4,872.5,2.0,2,0
1782926311.021,1056.631,245.7,79.14,99,42,87,926.8,950.3,225.4,79.15,99,43,81,942.3,948.9,220.8,79.15,99,46,87,1004.3,883.0,206.5,79.14,99,44,82,903.3,788.0,2.0,2,0
1782926311.462,1057.072,245.3,79.14,99,42,87,9037.1,8560.8,225.1,79.15,99,43,81,5169.0,4284.1,220.6,79.15,99,46,86,10381.9,7300.5,206.4,79.14,99,43,82,1550.5,7170.2,2.0,2,0
1782926311.905,1057.515,252.3,79.14,99,53,89,10354.4,8560.7,239.3,79.15,99,54,83,8284.7,5908.7,242.8,79.15,99,56,88,6542.6,7635.0,231.8,79.14,98,44,84,10379.7,6933.6,2.0,2,0
1782926312.350,1057.959,274.1,79.14,98,44,89,5178.4,8560.2,268.4,79.15,98,44,83,10359.5,4286.8,265.8,79.15,98,44,89,5188.1,8604.6,254.9,79.14,98,48,85,10380.9,4786.6,2.0,2,0
1782926312.792,1058.402,296.6,79.14,99,51,88,10358.0,5787.0,284.2,79.15,98,49,83,6657.0,4941.9,278.8,79.15,98,47,89,21382.9,16948.6,267.1,79.14,98,44,84,3260.3,8607.5,2.0,2,0
1782926313.233,1058.843,297.1,79.14,98,52,89,10354.5,8561.5,284.3,79.15,98,47,83,5180.3,6633.3,280.3,79.15,99,54,89,6241.3,8603.6,268.9,79.14,98,49,85,10378.1,8604.4,2.0,2,0
1782926313.674,1059.284,294.0,79.14,98,39,89,5177.8,4284.6,279.7,79.15,98,44,83,10360.8,8566.7,276.5,79.15,98,45,88,7698.4,1929.0,268.9,79.14,98,49,85,9027.8,8610.7,2.0,2,0
1782926314.118,1059.728,296.8,79.14,98,46,90,3397.6,5620.1,279.7,79.15,98,44,83,10356.7,8536.9,276.5,79.15,98,45,88,4713.9,4549.3,265.7,79.14,98,47,85,10380.4,8611.9,2.0,2,0
1782926314.559,1060.169,296.8,79.14,98,46,90,932.6,944.9,283.2,79.15,98,48,83,933.4,940.5,279.7,79.15,98,46,88,1011.0,886.4,267.8,79.14,98,47,85,904.9,827.1,1.0,2,0
1782926315.000,1060.610,293.0,79.14,99,41,88,1012.3,902.1,274.7,79.15,99,42,82,1011.5,961.9,264.2,79.15,99,47,87,929.5,965.4,252.1,79.14,99,44,83,903.7,752.4,1.0,2,0
1782926315.441,1061.051,267.7,79.14,99,42,88,925.1,979.6,248.6,79.15,99,44,82,936.0,930.3,239.0,79.15,99,48,87,934.8,891.0,224.0,79.14,99,44,83,983.5,754.8,1.0,2,0
1782926315.882,1061.492,248.3,79.14,99,42,88,932.2,904.6,228.2,79.15,99,43,82,1020.6,979.3,224.4,79.15,99,48,87,1091.7,887.0,209.3,79.14,99,44,83,905.4,839.9,1.0,2,0
1782926316.326,1061.936,248.6,79.14,99,43,88,928.9,913.7,228.8,79.15,99,44,82,1018.9,961.6,224.6,79.15,99,48,87,923.9,960.5,209.9,79.14,99,45,83,903.9,761.5,1.0,2,0
1782926316.768,1062.377,249.2,79.14,99,42,88,1013.1,882.4,229.4,79.15,99,44,82,942.6,1033.7,224.8,79.15,99,48,87,924.9,873.4,210.8,79.14,99,45,83,979.9,758.2,1.0,2,0
1782926317.209,1062.819,249.4,79.14,99,43,88,929.4,950.4,229.2,79.15,99,44,82,939.0,966.7,224.7,79.15,99,48,87,1010.5,907.2,210.8,79.14,99,45,83,904.5,827.8,2.0,2,0
1782926317.650,1063.260,249.2,79.14,99,42,88,1010.5,880.2,229.2,79.15,99,44,82,1026.4,974.8,224.7,79.15,99,48,87,987.1,1062.4,210.8,79.14,99,45,83,909.3,840.0,2.0,2,0
1782926318.098,1063.708,249.2,79.14,99,43,88,933.7,893.3,229.3,79.15,99,44,82,1019.2,951.4,224.7,79.15,99,48,87,929.4,954.3,210.8,79.14,99,45,83,903.4,749.9,2.0,2,0
1782926318.539,1064.149,249.2,79.14,99,43,88,1010.1,904.8,229.6,79.15,99,44,82,960.1,1013.0,224.6,79.15,99,48,87,927.4,863.2,210.8,79.14,99,45,83,984.7,767.6,2.0,2,0
1782926318.983,1064.593,249.4,79.14,99,42,88,931.7,968.4,229.6,79.15,99,44,82,942.4,937.8,224.5,79.15,99,49,87,1008.1,861.1,210.9,79.14,99,45,83,901.0,770.0,2.0,2,0
1782926319.424,1065.034,249.4,79.14,99,43,88,929.9,916.6,229.3,79.15,99,44,81,1021.6,957.9,224.6,79.15,99,48,87,927.0,960.1,210.8,79.14,99,45,83,902.3,754.3,2.0,2,0
1782926319.865,1065.475,249.4,79.14,99,43,88,1005.6,867.7,229.6,79.15,99,44,81,932.7,1035.0,224.6,79.15,99,49,87,927.0,879.0,210.7,79.14,99,45,83,906.2,748.2,2.0,2,0
1782926320.307,1065.917,249.4,79.14,99,42,88,926.1,968.4,229.7,79.15,99,44,81,939.6,953.5,224.3,79.15,99,48,87,1010.8,859.2,210.6,79.14,99,45,83,903.9,817.7,2.0,2,0
1782926320.748,1066.358,249.4,79.14,99,43,88,930.3,914.8,229.5,79.15,99,44,81,1021.4,937.3,223.9,79.15,99,48,87,919.3,975.8,210.6,79.14,99,45,83,903.2,762.5,2.0,2,0
1782926321.189,1066.799,249.4,79.14,99,42,88,1003.4,897.4,229.1,79.15,99,44,81,936.0,1010.6,223.9,79.15,99,48,87,921.2,877.6,210.6,79.14,99,45,83,989.6,759.3,2.0,2,0
1782926321.630,1067.240,249.1,79.14,99,42,88,930.2,974.0,229.1,79.15,99,44,81,936.6,975.7,223.9,79.15,99,48,87,1023.7,894.3,210.5,79.14,99,45,83,1028.8,770.4,2.0,2,0
1782926322.075,1067.685,248.4,79.14,99,42,88,922.3,874.4,228.6,79.15,99,44,81,1027.6,950.4,223.6,79.15,99,48,87,922.3,988.6,209.8,79.14,99,44,83,904.9,833.5,2.0,2,0
1782926322.517,1068.127,248.4,79.14,99,42,88,1006.9,912.1,227.9,79.15,99,43,81,938.9,1045.3,222.9,79.15,99,47,87,929.0,894.0,209.1,79.14,99,44,83,909.3,755.8,2.0,2,0
1782926322.963,1068.573,247.5,79.14,99,42,88,1016.4,884.4,227.4,79.15,99,43,81,1016.0,946.5,222.4,79.15,99,48,87,927.5,974.8,208.6,79.14,99,44,83,903.9,750.6,2.0,2,0
1782926323.411,1069.020,247.7,79.14,99,41,88,1007.7,909.0,227.6,79.15,99,43,81,937.5,1044.8,222.4,79.15,99,47,87,924.6,892.0,208.6,79.14,99,44,83,983.8,754.6,2.0,2,0
1782926323.852,1069.462,247.5,79.14,99,42,88,924.7,936.7,227.4,79.15,99,43,81,933.4,936.1,222.6,79.15,99,47,87,1005.8,874.1,208.5,79.14,99,44,83,905.5,830.4,2.0,2,0
1782926324.294,1069.903,247.0,79.14,99,42,88,960.1,878.7,227.2,79.15,99,43,81,1026.7,942.9,222.5,79.15,99,47,87,926.1,958.2,208.3,79.14,99,44,83,903.4,760.6,2.0,2,0
1782926324.736,1070.346,247.1,79.14,99,41,88,1104.9,911.1,226.9,79.15,99,43,81,1023.1,937.6,222.2,79.15,99,47,87,925.4,966.9,208.1,79.14,99,44,83,898.1,758.3,2.0,2,0
1782926325.183,1070.793,247.0,79.14,99,42,88,1001.8,869.3,226.8,79.15,99,43,81,942.6,1022.4,222.0,79.15,99,47,87,926.9,897.7,208.1,79.14,99,44,83,986.3,752.3,2.0,2,0
1782926325.624,1071.234,246.8,79.14,99,42,88,932.5,893.1,226.8,79.15,99,43,81,933.6,937.8,222.0,79.15,99,47,87,1195.4,891.9,207.7,79.14,99,44,83,985.7,767.7,2.0,2,0
1782926326.073,1071.683,246.8,79.14,99,42,88,922.7,937.8,227.0,79.15,99,43,81,946.6,955.8,222.0,79.15,99,47,87,1002.7,885.8,207.9,79.14,99,43,83,904.1,824.4,2.0,2,0
1782926326.515,1072.125,246.8,79.14,99,42,88,922.4,880.4,226.8,79.15,99,44,81,1015.7,948.1,221.9,79.15,99,47,87,926.7,955.6,207.8,79.14,99,44,83,898.6,752.3,2.0,2,0
1782926326.957,1072.567,246.8,79.14,99,42,88,996.0,903.6,226.7,79.15,99,43,81,932.2,1017.3,221.9,79.15,99,47,87,927.5,903.5,207.8,79.14,99,44,83,982.3,755.0,2.0,2,0
1782926327.399,1073.009,246.7,79.14,99,42,88,931.2,969.0,226.8,79.15,99,43,81,936.7,938.7,222.1,79.15,99,47,87,1008.4,869.3,207.8,79.14,99,44,83,901.7,835.3,2.0,2,0
1782926327.841,1073.451,246.5,79.14,99,42,88,947.8,913.1,226.6,79.15,99,43,81,1026.4,935.6,222.3,79.15,99,47,87,927.1,1006.1,207.8,79.14,99,44,82,956.5,829.9,2.0,2,0
1782926328.286,1073.896,246.6,79.14,99,42,88,1002.3,924.0,226.5,79.15,99,43,81,934.1,1013.2,222.0,79.15,99,47,87,925.0,895.3,207.7,79.14,99,44,82,988.7,753.4,2.0,2,0
1782926328.725,1074.335,246.3,79.14,99,42,88,957.4,994.1,226.4,79.15,99,43,81,945.3,1059.8,221.9,79.15,99,47,87,923.1,862.2,207.5,79.14,99,44,82,984.0,759.6,2.0,2,0
1782926329.171,1074.781,245.9,79.14,99,42,87,926.5,877.0,226.2,79.15,99,43,81,1020.1,933.1,222.0,79.15,99,47,87,920.0,963.2,207.5,79.14,99,44,82,899.5,753.4,2.0,2,0
1782926329.611,1075.221,245.9,79.14,99,41,88,922.8,969.4,226.2,79.15,99,43,81,940.2,998.9,222.0,79.15,99,47,87,926.2,861.0,207.6,79.14,99,44,83,985.3,771.2,2.0,2,0
1782926330.051,1075.661,245.9,79.14,99,41,88,926.2,876.9,226.1,79.15,99,43,81,1020.1,941.8,222.2,79.15,99,47,87,931.2,959.9,207.5,79.14,99,44,82,903.6,758.2,2.0,2,0
1782926330.490,1076.100,246.5,79.14,99,42,87,2905.5,6194.8,226.2,79.15,99,43,81,10358.0,4282.3,222.3,79.15,98,47,87,4700.1,8608.7,206.7,79.14,82,36,83,10379.8,5261.9,2.0,2,0
1782926330.933,1076.543,253.4,79.14,99,54,89,9500.2,4842.4,242.8,79.15,98,50,83,5180.9,8566.8,244.3,79.15,98,45,88,10374.5,4307.6,232.2,79.14,98,43,84,5677.4,8125.8,2.0,2,0
1782926331.374,1076.984,274.3,79.14,98,44,89,10071.6,3463.7,264.1,79.15,98,46,83,5218.5,8564.1,270.2,79.15,98,49,89,10376.0,4303.8,262.2,79.14,98,49,85,5189.3,8604.1,2.0,2,0
1782926331.815,1077.425,296.0,79.14,98,46,89,11854.8,18349.8,283.3,79.15,99,49,83,12010.5,8558.7,277.8,79.15,98,43,89,2936.5,6238.6,266.8,79.14,98,43,84,10377.6,2770.9,2.0,2,0
1782926332.257,1077.867,296.1,79.14,99,56,89,10355.4,7722.8,283.8,79.15,99,55,83,5255.8,6866.8,279.9,79.15,99,49,88,6216.1,8127.1,268.6,79.14,98,43,85,10375.2,8600.5,2.0,2,0
1782926332.698,1078.308,293.1,79.14,98,42,89,5285.1,8566.7,280.0,79.15,98,45,83,10361.2,8562.3,276.9,79.15,98,47,89,9767.6,4124.7,266.2,79.14,99,51,84,5188.7,8607.0,2.0,2,0
1782926333.153,1078.763,298.3,79.14,98,45,90,10356.4,4281.5,280.0,79.15,98,45,83,5667.5,8560.6,278.3,79.15,98,44,89,10374.7,8601.6,266.2,79.14,99,51,84,10375.9,8409.3,2.0,2,0
1782926333.595,1079.205,290.5,79.14,99,41,88,924.1,955.2,283.8,79.15,98,47,83,940.9,956.9,278.3,79.15,98,44,89,1012.7,889.0,266.9,79.14,98,43,85,906.1,838.5,1.0,2,0
1782926334.042,1079.651,290.5,79.14,99,41,88,932.2,971.8,272.3,79.15,99,43,82,935.6,950.6,263.1,79.15,99,48,87,1014.3,885.0,247.2,79.14,99,44,83,904.7,827.7,1.0,2,0
1782926334.482,1080.092,268.7,79.14,99,42,88,929.1,878.1,242.6,79.15,99,44,82,1020.8,958.3,233.2,79.15,99,48,87,925.3,962.2,222.0,79.14,99,45,83,905.6,755.4,1.0,2,0
1782926334.923,1080.533,249.3,79.14,99,42,88,995.7,955.3,229.7,79.15,99,44,82,993.7,940.8,225.8,79.15,99,48,87,925.1,940.9,210.9,79.14,99,44,83,902.9,753.9,1.0,2,0
1782926335.369,1080.978,249.7,79.14,99,43,88,931.4,985.5,229.7,79.15,99,44,82,936.3,1027.7,225.9,79.15,99,49,87,927.0,880.5,211.1,79.14,99,45,83,983.4,755.6,1.0,2,0
1782926335.810,1081.420,249.8,79.14,99,42,88,931.7,892.1,229.5,79.15,99,44,82,944.7,945.7,225.6,79.15,99,48,87,1014.0,876.6,211.0,79.14,99,45,83,918.6,828.5,1.0,2,0
1782926336.251,1081.861,249.3,79.14,99,42,88,1009.5,917.9,229.0,79.15,99,43,82,939.0,1042.7,224.9,79.15,99,48,87,926.8,959.6,210.6,79.14,99,44,83,978.3,753.6,2.0,2,0
1782926336.694,1082.304,248.4,79.14,99,42,88,924.9,927.4,228.5,79.15,99,44,82,953.6,1046.2,224.2,79.15,99,48,87,931.5,983.8,210.6,79.14,99,44,83,906.8,760.5,2.0,2,0
1782926337.146,1082.756,247.9,79.14,99,42,88,1005.0,909.4,228.5,79.15,99,44,82,1013.3,964.0,224.2,79.15,99,48,87,924.4,960.7,209.8,79.14,99,44,83,904.1,757.6,2.0,2,0
1782926337.587,1083.197,247.9,79.14,99,42,88,928.3,939.6,228.3,79.15,99,43,82,934.3,953.6,224.3,79.15,99,47,87,942.6,877.4,209.4,79.14,99,44,83,988.5,801.1,2.0,2,0
1782926338.030,1083.640,247.9,79.14,99,42,88,928.2,905.3,228.1,79.15,99,44,81,954.2,926.3,224.4,79.15,99,48,87,1009.9,878.2,209.4,79.14,99,44,83,905.0,828.2,2.0,2,0
1782926338.471,1084.080,247.9,79.14,99,42,88,1012.5,903.2,228.1,79.15,99,43,81,933.8,1026.2,224.2,79.15,99,47,87,926.4,885.0,209.3,79.14,99,44,83,905.6,751.8,2.0,2,0
1782926338.911,1084.521,247.8,79.14,99,42,88,929.4,956.0,228.1,79.15,99,44,82,955.9,939.7,223.9,79.15,99,48,87,1006.9,879.2,209.5,79.14,99,44,83,903.1,830.3,2.0,2,0
1782926339.352,1084.962,247.7,79.14,99,42,88,927.9,896.1,227.9,79.15,99,43,81,1020.3,947.5,223.8,79.15,99,48,87,926.6,958.2,209.7,79.14,99,44,83,898.5,747.9,2.0,2,0
1782926339.793,1085.403,248.1,79.14,99,42,88,980.9,885.7,228.0,79.15,99,44,82,940.0,1018.4,224.0,79.15,99,47,87,922.0,880.1,209.6,79.14,99,44,83,984.7,754.2,2.0,2,0
1782926340.233,1085.843,247.9,79.14,99,42,88,929.5,914.3,227.9,79.15,99,43,81,1021.8,958.2,223.8,79.15,99,48,87,922.8,900.5,209.4,79.14,99,44,83,904.5,829.7,2.0,2,0
1782926340.676,1086.285,247.7,79.14,99,42,88,1006.5,883.0,227.7,79.15,99,44,81,935.8,1001.6,223.4,79.15,99,48,87,956.6,1006.6,209.4,79.14,99,44,83,908.2,829.9,2.0,2,0
1782926341.121,1086.731,247.7,79.14,99,42,88,1006.0,880.0,227.7,79.15,99,44,81,935.8,1031.5,223.4,79.15,99,48,87,934.1,870.4,209.2,79.14,99,44,83,982.9,764.8,2.0,2,0
1782926341.561,1087.171,247.7,79.14,99,42,88,933.0,971.5,227.8,79.15,99,44,81,936.8,959.0,223.5,79.15,99,48,87,1011.4,905.2,209.3,79.14,99,44,83,904.5,950.1,2.0,2,0
1782926342.006,1087.616,247.7,79.14,99,42,88,929.0,874.5,227.8,79.15,99,43,81,1020.8,926.3,223.5,79.15,99,48,87,1005.0,898.1,209.4,79.14,99,44,83,904.7,828.5,2.0,2,0
1782926342.447,1088.057,247.4,79.14,99,42,88,1006.4,899.8,227.8,79.15,99,44,81,940.2,1022.7,223.9,79.15,99,48,87,925.0,875.7,209.5,79.14,99,44,83,981.0,753.3,2.0,2,0
1782926342.887,1088.497,247.4,79.14,99,42,88,921.7,933.0,228.1,79.15,99,44,81,943.1,980.0,224.1,79.15,99,48,87,1005.6,864.9,209.5,79.14,99,44,83,905.8,802.2,2.0,2,0
1782926343.331,1088.941,247.4,79.14,99,42,88,924.0,880.0,228.0,79.15,99,44,81,1019.5,963.8,223.8,79.15,99,47,87,926.1,965.6,209.3,79.14,99,44,83,901.2,768.2,2.0,2,0
1782926343.772,1089.382,247.4,79.14,99,42,88,1008.5,898.3,227.7,79.15,99,44,81,971.3,949.7,223.6,79.15,99,48,87,922.9,968.6,209.2,79.14,99,45,83,904.4,752.3,2.0,2,0
1782926344.217,1089.827,247.4,79.14,99,42,88,932.0,971.7,227.4,79.15,99,43,81,942.6,952.2,223.5,79.15,99,48,87,1015.7,879.5,209.1,79.14,99,44,83,993.4,763.7,2.0,2,0
1782926344.658,1090.268,247.6,79.14,99,42,88,931.6,895.6,227.4,79.15,99,43,81,1041.1,914.6,223.4,79.15,99,48,87,1014.3,885.4,209.1,79.14,99,44,83,904.4,772.7,2.0,2,0
1782926345.105,1090.715,247.6,79.14,99,42,88,923.4,877.6,227.6,79.15,99,44,81,1013.9,946.8,223.4,79.15,99,48,87,931.1,975.9,209.1,79.14,99,44,83,900.7,752.4,2.0,2,0
1782926345.545,1091.155,247.6,79.14,99,42,88,1012.2,906.5,227.6,79.15,99,44,81,933.0,1016.3,223.3,79.15,99,48,87,923.1,910.1,209.1,79.14,99,44,83,978.4,748.9,2.0,2,0
1782926345.986,1091.596,247.7,79.14,99,42,88,953.9,879.0,227.6,79.15,99,44,81,953.4,939.8,223.4,79.15,99,48,87,1011.3,880.9,209.0,79.14,99,44,83,904.9,832.5,2.0,2,0
1782926346.428,1092.038,247.7,79.14,99,42,88,1006.0,890.3,227.7,79.15,99,44,81,934.1,990.5,223.5,79.15,99,48,87,933.5,977.4,209.0,79.14,99,44,83,900.0,755.4,2.0,2,0
1782926346.875,1092.485,247.9,79.14,99,42,88,1006.5,870.0,227.8,79.15,99,44,81,937.4,1028.9,223.7,79.15,99,48,87,923.7,893.6,208.9,79.14,99,44,83,911.9,755.1,2.0,2,0
1782926347.316,1092.925,248.0,79.14,99,42,88,926.1,956.6,228.0,79.15,99,44,81,934.1,939.6,223.8,79.15,99,48,87,1001.5,881.6,209.0,79.14,99,44,82,898.9,829.9,2.0,2,0
1782926347.754,1093.364,248.3,79.14,99,42,88,951.8,885.1,228.1,79.15,99,44,81,1016.1,934.6,223.8,79.15,99,48,87,920.8,962.0,209.2,79.14,99,44,83,902.7,755.8,2.0,2,0
1782926348.197,1093.807,248.2,79.14,99,42,88,921.5,882.3,228.1,79.15,99,44,81,939.7,1026.6,223.6,79.15,99,48,87,922.7,858.9,209.2,79.14,99,44,83,989.3,758.3,2.0,2,0
1782926348.638,1094.247,247.8,79.14,99,42,88,932.0,903.2,228.1,79.15,99,44,81,1015.7,950.2,223.6,79.15,99,48,87,935.5,972.8,209.3,79.14,99,44,82,923.9,852.8,2.0,2,0
1782926349.078,1094.688,247.3,79.14,99,42,88,1004.5,868.1,227.9,79.15,99,44,81,936.0,1015.9,223.7,79.15,99,48,87,596.2,8601.2,209.2,79.14,99,44,82,22332.9,6931.8,0.0,2,0
1782926349.518,1095.128,247.3,79.14,99,42,88,9940.3,8561.8,227.7,79.15,99,44,80,7548.3,2365.8,221.0,79.15,80,23,86,8761.2,8603.8,207.6,79.14,80,28,84,10375.7,8604.1,0.0,2,0
1782926349.959,1095.569,259.7,79.14,99,51,89,3562.4,5714.0,250.3,79.15,99,48,83,10354.0,8562.4,248.5,79.15,98,44,89,4743.3,4543.1,236.7,79.14,98,40,84,10377.6,8605.5,0.0,2,0
1782926350.400,1096.010,280.5,79.14,98,48,89,5178.5,8560.3,276.0,79.15,98,45,83,10358.6,4284.7,273.8,79.15,98,49,89,5187.3,8617.3,262.9,79.14,99,52,85,10381.6,4835.6,0.0,2,0
1782926350.842,1096.452,296.8,79.14,99,51,89,10356.1,837.5,283.0,79.15,98,43,83,8165.7,8564.1,278.4,79.15,98,44,89,4568.7,4715.9,267.6,79.14,98,43,85,10381.8,8610.2,0.0,2,0
1782926351.290,1096.900,297.1,79.14,98,51,89,10356.7,8562.0,285.7,79.15,98,46,83,10355.1,8560.6,281.0,79.15,98,45,89,6828.7,5356.1,269.1,79.14,98,44,85,6436.5,8603.1,0.0,2,0
1782926351.732,1097.341,293.5,79.14,98,44,90,10358.8,8566.9,281.9,79.15,99,50,83,7088.3,2784.6,278.3,79.15,99,52,89,10018.6,8610.9,267.0,79.14,98,46,85,6153.8,4453.3,0.0,2,0
1782926352.184,1097.794,297.4,79.14,98,46,90,5916.2,7996.3,283.8,79.15,99,51,83,10356.2,8560.6,279.9,79.15,98,45,89,10373.8,6213.2,267.0,79.14,98,46,85,7063.2,760.2,1.0,1,0
1782926352.625,1098.235,288.5,79.14,99,42,88,933.0,916.6,283.8,79.15,99,51,83,1014.7,930.4,279.9,79.15,98,45,89,1110.4,915.8,267.2,79.14,98,43,85,951.0,760.4,1.0,1,0
1782926353.073,1098.683,262.5,79.14,99,41,88,933.7,895.6,270.0,79.15,99,44,82,1026.9,935.8,258.8,79.15,99,48,87,922.7,898.6,244.5,79.14,99,44,83,907.8,836.3,1.0,2,0
1782926353.515,1099.125,262.5,79.14,99,41,88,1011.8,887.0,242.9,79.15,99,44,82,937.2,1038.5,229.7,79.15,99,48,87,927.1,866.1,219.0,79.14,99,44,83,903.8,756.3,1.0,2,0
1782926353.956,1099.566,248.9,79.14,99,42,88,928.5,991.9,228.8,79.15,99,44,82,943.9,946.2,224.9,79.15,99,48,87,1017.8,891.6,209.9,79.14,99,44,83,977.2,758.0,1.0,2,0
1782926354.398,1100.008,248.7,79.14,99,42,88,932.0,919.4,228.7,79.15,99,43,82,1022.3,952.1,224.3,79.15,99,47,87,929.7,975.2,209.5,79.14,99,44,83,903.4,749.6,1.0,2,0
1782926354.839,1100.449,248.0,79.14,99,42,88,1007.8,888.0,227.7,79.15,99,43,82,936.9,1008.2,223.4,79.15,99,47,87,928.6,1060.8,208.8,79.14,99,44,83,952.8,757.6,2.0,2,0
1782926355.286,1100.896,247.9,79.14,99,42,88,1007.0,889.5,227.6,79.15,99,43,82,940.9,1010.1,223.3,79.15,99,47,87,925.0,894.2,208.8,79.14,99,44,83,983.4,757.4,2.0,2,0
1782926355.728,1101.338,247.6,79.14,99,42,88,1000.4,1020.7,227.6,79.15,99,44,82,972.8,968.5,223.5,79.15,99,47,87,923.9,983.0,209.0,79.14,99,44,83,903.7,757.9,2.0,2,0
1782926356.177,1101.787,247.7,79.14,99,42,88,933.2,972.6,227.4,79.15,99,44,82,937.8,960.0,223.4,79.15,99,47,87,1009.6,897.7,209.0,79.14,99,44,83,970.4,758.7,2.0,2,0
1782926356.618,1102.228,247.6,79.14,99,42,88,933.1,896.8,227.4,79.15,99,44,82,1016.0,971.2,223.4,79.15,99,47,87,927.8,1085.5,208.8,79.14,99,44,83,907.6,837.3,2.0,2,0
1782926357.061,1102.671,247.6,79.14,99,42,88,1010.5,984.3,227.5,79.15,99,43,82,1035.2,964.0,223.6,79.15,99,47,87,924.4,951.4,209.0,79.14,99,44,83,898.7,828.3,2.0,2,0
1782926357.508,1103.118,247.6,79.14,99,42,88,1016.6,874.6,227.4,79.15,99,43,82,942.2,1035.4,223.6,79.15,99,47,87,926.3,895.0,208.8,79.14,99,44,83,990.6,752.1,2.0,2,0
1782926357.949,1103.559,247.7,79.14,99,42,88,924.3,950.3,227.2,79.15,99,43,82,934.6,937.4,223.3,79.15,99,47,87,1016.5,912.5,208.5,79.14,99,44,83,900.3,846.0,2.0,2,0
1782926358.392,1104.001,247.6,79.14,99,42,88,926.7,911.0,227.3,79.15,99,43,82,1018.3,948.5,223.3,79.15,99,47,87,923.9,945.5,208.6,79.14,99,44,83,899.2,756.2,2.0,2,0
1782926358.832,1104.442,247.5,79.14,99,42,88,934.7,913.4,227.4,79.15,99,43,81,936.2,1020.4,223.4,79.15,99,47,87,929.2,881.3,208.5,79.14,99,44,83,984.3,760.7,2.0,2,0
1782926359.273,1104.883,247.4,79.14,99,42,88,928.1,918.0,227.1,79.15,99,43,81,1018.0,965.4,223.1,79.15,99,47,87,915.7,906.9,208.3,79.14,99,44,83,904.5,820.6,2.0,2,0
1782926359.714,1105.324,247.3,79.14,99,42,88,1013.6,915.7,227.1,79.15,99,44,81,1065.2,950.3,223.0,79.15,99,48,87,924.5,967.4,208.1,79.14,99,44,83,899.7,752.1,2.0,2,0
1782926360.158,1105.768,247.5,79.14,99,42,88,935.5,986.6,227.1,79.15,99,44,81,945.4,1017.3,223.3,79.15,99,47,87,930.0,865.4,208.1,79.14,99,44,83,980.7,754.8,2.0,2,0
1782926360.599,1106.209,247.7,79.14,99,42,88,923.6,883.9,227.3,79.15,99,44,81,1013.8,954.4,223.3,79.15,99,47,87,928.8,977.3,208.4,79.14,99,44,83,926.2,905.4,2.0,2,0
1782926361.043,1106.653,247.7,79.14,99,42,88,1003.0,922.3,227.5,79.15,99,43,81,1027.5,976.4,223.4,79.15,99,47,87,924.8,959.6,208.4,79.14,99,44,83,914.2,830.4,2.0,2,0
1782926361.489,1107.099,247.6,79.14,99,42,88,1009.0,900.9,227.5,79.15,99,43,81,933.0,981.4,223.6,79.15,99,47,87,926.3,892.4,208.2,79.14,99,44,83,915.2,762.7,2.0,2,0
1782926361.931,1107.541,247.5,79.14,99,42,88,925.9,972.2,227.4,79.15,99,43,81,947.3,928.5,223.7,79.15,99,47,87,1018.2,887.1,208.4,79.14,99,44,83,966.4,756.4,2.0,2,0
1782926362.376,1107.986,247.4,79.14,99,42,88,931.2,950.9,227.6,79.15,99,44,81,944.3,939.5,223.7,79.15,99,48,87,1000.2,914.2,208.6,79.14,99,44,83,900.3,832.0,2.0,2,0
1782926362.817,1108.427,246.9,79.14,99,42,88,1005.2,884.3,227.7,79.15,99,43,81,936.7,974.6,223.5,79.15,99,47,87,923.5,979.5,208.2,79.14,99,44,83,1025.5,902.6,2.0,2,0
1782926363.264,1108.873,246.6,79.14,99,42,88,1009.0,897.0,227.5,79.15,99,44,81,942.3,1017.4,223.4,79.15,99,47,87,929.7,891.3,208.1,79.14,99,44,83,915.1,751.5,2.0,2,0
1782926363.712,1109.322,246.8,79.14,99,42,88,1034.2,869.8,227.5,79.15,99,43,81,1140.2,944.7,223.3,79.15,99,47,87,1014.8,888.1,208.3,79.14,99,44,83,900.8,824.8,2.0,2,0
1782926364.158,1109.768,246.9,79.14,99,41,88,1001.7,867.9,227.5,79.15,99,43,81,944.2,1001.4,223.1,79.15,99,48,87,925.0,886.3,208.3,79.14,99,44,83,981.1,765.3,2.0,2,0
1782926364.599,1110.209,247.0,79.14,99,42,88,925.3,925.6,227.2,79.15,99,43,81,939.6,931.2,223.1,79.15,99,48,87,1004.1,876.3,208.2,79.14,99,44,83,950.2,836.2,2.0,2,0
1782926365.042,1110.652,247.0,79.14,99,42,88,932.8,881.4,227.1,79.15,99,44,81,1013.3,952.1,223.1,79.15,99,47,87,926.7,969.1,208.2,79.14,99,44,83,899.4,760.8,2.0,2,0
1782926365.486,1111.096,246.9,79.14,99,42,88,1005.8,849.2,227.1,79.15,99,43,81,934.6,1038.7,223.2,79.15,99,47,87,925.5,955.9,208.1,79.14,99,44,83,899.6,756.3,2.0,2,0
1782926365.929,1111.539,247.1,79.14,99,42,88,922.7,954.3,227.2,79.15,99,44,81,1032.0,1013.4,223.2,79.15,99,47,87,931.6,891.8,208.0,79.14,99,44,83,983.9,753.5,2.0,2,0
1782926366.374,1111.984,247.3,79.14,99,42,88,920.0,941.9,227.3,79.15,99,43,81,932.4,922.3,223.2,79.15,99,47,87,1009.8,877.5,208.0,79.14,99,44,83,898.5,839.0,2.0,2,0
1782926366.816,1112.426,247.1,79.14,99,42,88,929.2,884.7,227.1,79.15,99,43,81,1019.9,964.3,223.0,79.15,99,47,87,927.1,951.4,208.1,79.14,99,44,83,1048.3,874.5,2.0,2,0
1782926367.265,1112.875,246.9,79.14,99,42,88,924.3,926.9,227.4,79.15,99,44,81,932.1,959.6,223.3,79.15,99,48,87,1004.1,874.1,208.3,79.14,99,44,83,903.6,819.5,2.0,2,0
1782926367.712,1113.322,247.0,79.14,99,42,88,948.3,970.9,227.6,79.15,99,43,81,941.6,947.1,223.4,79.15,99,47,87,1012.5,869.8,208.4,79.14,99,44,82,904.8,825.3,2.0,2,0
1782926368.157,1113.767,246.9,79.14,99,42,88,21208.4,8171.6,227.6,79.15,99,43,81,10361.5,4287.5,223.0,79.15,85,32,88,3836.5,8604.2,208.4,79.14,99,44,82,8270.6,1678.3,2.0,2,0
1782926368.602,1114.212,263.2,79.14,98,46,89,10355.2,8561.2,227.8,79.15,97,42,82,10355.9,8559.5,223.0,79.15,85,32,88,8641.1,5527.0,209.3,79.14,98,38,84,10353.0,4375.3,2.0,2,0
1782926369.053,1114.662,263.2,79.14,98,46,89,5777.9,3839.0,249.6,79.15,98,44,83,10355.8,8560.6,252.0,79.15,98,41,89,5189.2,4300.9,240.2,79.14,98,38,84,10379.3,8606.9,2.0,2,0
1782926369.495,1115.105,285.1,79.14,99,49,89,4771.3,5307.4,278.5,79.15,98,49,83,10355.0,8559.8,280.5,79.15,99,55,89,10374.4,7057.0,266.1,79.14,98,47,85,6242.6,5020.0,2.0,2,0
1782926369.940,1115.550,296.3,79.14,98,47,89,10014.6,1179.7,282.8,79.15,98,43,83,7289.4,8571.9,276.9,79.15,96,35,88,7695.4,2283.5,265.1,79.14,96,30,85,9314.5,8605.8,2.0,2,0
1782926370.382,1115.992,296.9,79.14,99,55,89,10355.2,8561.9,286.0,79.15,98,45,83,5180.7,4281.9,278.4,79.15,98,44,88,10377.2,8600.3,267.9,79.14,98,40,85,8500.4,1631.4,2.0,2,0
1782926370.824,1116.434,293.2,79.14,98,43,90,10356.5,8300.2,281.7,79.15,99,52,83,2844.5,6265.3,279.3,79.15,98,50,89,10376.0,8549.4,267.8,79.14,98,48,85,3910.5,5179.0,2.0,2,0
1782926371.265,1116.875,297.0,79.14,98,45,90,5658.2,916.0,283.2,79.15,99,45,83,966.8,965.3,278.4,79.15,98,43,89,1014.2,902.8,266.8,79.14,98,41,84,903.4,837.0,1.0,1,0
1782926371.709,1117.319,285.3,79.14,99,41,88,1027.9,886.0,264.8,79.15,99,43,82,1209.3,936.5,254.8,79.15,99,47,87,948.2,885.4,243.4,79.14,99,44,83,985.6,764.3,1.0,2,0
1782926372.159,1117.768,262.3,79.14,99,42,88,930.4,899.2,264.8,79.15,99,43,82,1031.5,956.3,226.3,79.15,99,47,87,926.1,963.0,243.4,79.14,99,44,83,898.5,834.1,1.0,2,0
1782926372.600,1118.210,247.7,79.14,99,42,88,1006.6,888.9,234.8,79.15,99,43,82,941.7,1029.0,226.3,79.15,99,47,87,926.0,902.9,214.8,79.14,99,44,83,918.6,757.8,1.0,2,0
1782926373.042,1118.652,247.7,79.14,99,42,88,932.3,981.3,227.6,79.15,99,43,82,939.7,941.1,223.8,79.15,99,46,87,1012.7,901.7,208.6,79.14,99,43,83,898.7,792.5,1.0,2,0
1782926373.483,1119.093,247.5,79.14,99,42,88,931.0,883.3,227.3,79.15,99,43,82,1021.9,964.3,223.3,79.15,99,47,87,922.5,962.8,208.2,79.14,99,44,83,904.4,757.4,1.0,2,0
1782926373.925,1119.534,246.9,79.14,99,41,88,1010.2,889.7,227.0,79.15,99,43,82,979.8,1044.4,222.9,79.15,99,46,87,925.9,876.5,207.7,79.14,99,43,83,915.5,754.7,2.0,2,0
1782926374.368,1119.978,246.9,79.14,99,41,88,931.1,937.1,226.8,79.15,99,43,82,934.6,934.8,222.7,79.15,99,46,87,1002.3,880.7,207.7,79.14,99,43,83,909.1,834.6,2.0,2,0
1782926374.808,1120.418,246.7,79.14,99,42,88,927.1,905.1,226.6,79.15,99,43,82,1018.8,964.6,222.6,79.15,99,47,87,923.3,970.0,207.4,79.14,99,44,83,904.1,761.8,2.0,2,0
1782926375.250,1120.860,246.4,79.14,99,41,88,924.0,912.6,226.8,79.15,99,43,82,934.2,1035.7,222.9,79.15,99,46,87,930.8,901.7,207.3,79.14,99,43,83,926.8,755.5,2.0,2,0
1782926375.696,1121.306,246.1,79.14,99,41,88,929.1,969.1,226.5,79.15,99,43,82,972.4,1075.1,222.7,79.15,99,46,87,985.1,975.3,207.3,79.14,99,43,83,905.8,751.2,2.0,2,0
1782926376.143,1121.753,246.0,79.14,99,41,88,927.8,973.5,226.5,79.15,99,43,82,942.7,960.6,222.7,79.15,99,46,87,1017.8,894.1,207.2,79.14,99,44,83,902.5,763.1,2.0,2,0
1782926376.585,1122.195,246.0,79.14,99,42,88,923.0,883.2,226.4,79.15,99,42,81,1013.3,960.6,222.4,79.15,99,47,87,926.3,979.1,207.0,79.14,99,43,83,905.5,757.2,2.0,2,0
1782926377.026,1122.636,246.0,79.14,99,42,88,1007.2,899.9,226.2,79.15,99,43,82,940.6,1022.5,222.2,79.15,99,46,87,928.4,884.9,206.9,79.14,99,43,83,982.8,748.6,2.0,2,0
1782926377.467,1123.077,245.7,79.14,99,41,88,923.2,894.9,225.9,79.15,99,43,81,949.3,966.1,222.0,79.15,99,46,87,1008.6,908.2,206.9,79.14,99,43,83,900.4,830.1,2.0,2,0
1782926377.912,1123.522,246.0,79.14,99,41,88,932.2,926.2,226.0,79.15,99,43,81,1030.2,949.9,222.2,79.15,99,47,87,928.0,964.1,206.9,79.14,99,43,83,900.2,812.5,2.0,2,0
1782926378.354,1123.964,246.1,79.14,99,41,88,1008.0,889.2,226.1,79.15,99,43,81,943.3,1034.8,222.1,79.15,99,46,87,927.7,877.5,206.8,79.14,99,43,83,984.3,753.9,2.0,2,0
1782926378.795,1124.405,246.0,79.14,99,41,88,926.1,998.7,226.1,79.15,99,43,81,936.9,958.7,222.0,79.15,99,46,87,1007.4,876.2,206.8,79.14,99,43,83,898.2,928.6,2.0,2,0
1782926379.241,1124.851,246.2,79.14,99,41,88,925.3,899.0,225.9,79.15,99,43,81,998.7,979.6,222.3,79.15,99,47,87,1013.2,870.0,206.9,79.14,99,43,83,903.3,824.9,2.0,2,0
1782926379.683,1125.293,246.3,79.14,99,42,88,1004.8,890.2,226.1,79.15,99,43,81,1097.3,975.2,222.6,79.15,99,47,87,927.1,998.6,206.9,79.14,99,43,83,905.1,757.8,2.0,2,0
1782926380.127,1125.737,246.1,79.14,99,41,88,1014.1,893.1,226.1,79.15,99,43,81,937.8,1010.4,222.6,79.15,99,47,87,924.3,874.5,207.1,79.14,99,44,83,983.0,756.6,2.0,2,0
1782926380.569,1126.179,246.2,79.14,99,42,88,926.8,949.1,226.4,79.15,99,43,81,942.6,960.5,222.9,79.15,99,47,87,1009.5,890.0,207.5,79.14,99,44,83,898.5,826.5,2.0,2,0
1782926381.011,1126.621,246.2,79.14,99,42,88,1011.8,887.3,226.3,79.15,99,43,81,1013.1,943.9,222.2,79.15,99,46,87,926.7,976.9,207.3,79.14,99,43,83,900.1,752.3,2.0,2,0
1782926381.453,1127.063,246.0,79.14,99,41,88,951.0,903.1,226.2,79.15,99,43,81,931.5,1010.9,221.9,79.15,99,47,87,926.0,904.6,207.0,79.14,99,43,83,976.8,753.3,2.0,2,0
1782926381.896,1127.506,245.9,79.14,99,42,88,932.5,959.7,225.9,79.15,99,43,81,936.1,944.8,221.8,79.15,99,47,87,1009.0,885.8,207.0,79.14,99,44,83,898.0,827.4,2.0,2,0
1782926382.338,1127.948,246.1,79.14,99,42,88,1004.4,904.7,226.0,79.15,99,43,81,1004.4,953.8,221.9,79.15,99,46,87,927.2,968.8,206.9,79.14,99,44,83,899.7,755.5,2.0,2,0
1782926382.780,1128.390,245.8,79.14,99,42,88,1070.6,888.1,225.8,79.15,99,43,81,932.7,1016.5,221.9,79.15,99,46,87,928.6,875.8,206.8,79.14,99,43,83,979.6,758.6,2.0,2,0
1782926383.225,1128.835,245.8,79.14,99,41,88,923.2,965.2,225.7,79.15,99,43,81,941.3,956.2,221.8,79.15,99,47,87,1010.4,894.1,206.8,79.14,99,44,83,905.2,832.4,2.0,2,0
1782926383.667,1129.277,246.0,79.14,99,41,88,924.2,907.2,226.0,79.15,99,43,81,1118.5,955.0,221.6,79.15,99,46,87,1094.1,884.3,206.8,79.14,99,44,83,901.7,771.4,2.0,2,0
1782926384.116,1129.726,246.2,79.14,99,41,88,926.6,880.1,226.0,79.15,99,43,81,1020.6,973.3,221.6,79.15,99,46,87,929.5,963.7,207.1,79.14,99,43,83,902.2,758.8,2.0,2,0
1782926384.559,1130.169,246.2,79.14,99,41,88,1012.3,895.2,226.0,79.15,99,43,81,938.7,998.7,221.8,79.15,99,46,87,925.7,882.9,207.3,79.14,99,43,83,963.7,748.3,2.0,2,0
1782926385.008,1130.618,246.2,79.14,99,42,88,1009.7,868.0,226.0,79.15,99,43,81,1006.0,949.1,221.8,79.15,99,47,87,930.0,951.8,207.2,79.14,99,44,83,904.4,754.9,2.0,2,0
1782926385.449,1131.059,246.0,79.14,99,41,88,924.2,964.0,226.1,79.15,99,43,81,968.2,941.2,221.9,79.15,99,47,87,929.7,871.4,207.2,79.14,99,44,83,983.1,753.4,2.0,2,0
1782926385.892,1131.502,246.1,79.14,99,42,88,926.6,881.3,226.3,79.15,99,43,81,1019.8,937.6,221.8,79.15,99,46,87,918.7,879.2,207.2,79.14,99,43,82,905.0,830.1,2.0,2,0
1782926386.334,1131.944,246.1,79.14,99,42,88,1009.5,905.0,226.4,79.15,99,43,81,937.2,1042.9,221.9,79.15,99,47,87,920.9,880.0,207.3,79.14,99,44,82,920.3,757.4,2.0,2,0
1782926386.777,1132.387,245.8,79.14,99,42,88,926.1,950.5,226.1,79.15,99,43,81,932.7,954.8,221.8,79.15,99,46,87,1002.1,875.8,207.2,79.14,99,43,82,969.4,754.0,2.0,2,0
1782926387.218,1132.828,245.6,79.14,99,42,88,5179.3,8559.8,223.0,79.15,80,23,83,5183.5,4281.7,225.2,79.15,98,56,88,10377.8,8603.2,212.9,79.14,98,51,84,2685.6,6454.8,2.0,2,0
1782926387.662,1133.272,265.0,79.14,98,45,89,10356.0,6571.4,223.0,79.15,80,23,83,6556.5,5697.8,254.5,79.15,98,43,88,6191.6,8605.6,212.9,79.14,98,51,84,10377.0,6261.2,2.0,2,0
1782926388.108,1133.718,284.2,79.14,98,46,89,5178.1,8560.0,251.4,79.15,98,40,83,10353.9,4289.1,254.5,79.15,98,43,88,5188.6,8605.0,243.4,79.14,97,40,84,10380.4,4309.7,2.0,2,0
1782926388.554,1134.164,284.2,79.14,98,46,89,8983.2,5303.6,277.1,79.15,99,54,83,6219.9,7762.9,281.2,79.15,98,51,88,10377.4,12555.9,271.0,79.14,98,47,84,20745.5,8600.5,2.0,2,0
1782926388.998,1134.608,295.8,79.14,98,43,89,6507.2,8560.0,283.9,79.15,98,43,83,10355.8,3609.1,277.6,79.15,96,33,88,5423.8,8130.1,266.4,79.14,97,39,85,10376.0,8603.1,2.0,2,0
1782926389.440,1135.050,297.7,79.14,98,47,90,8063.6,5222.7,285.1,79.15,98,44,83,5291.1,8564.2,279.2,79.15,98,43,89,10375.9,4302.9,267.2,79.14,98,39,85,4908.4,8073.4,2.0,2,0
1782926389.885,1135.494,294.2,79.14,98,49,89,9172.0,2048.3,283.0,79.15,98,46,83,7873.7,8564.2,279.7,79.15,98,50,89,10380.1,4309.7,267.7,79.14,99,51,85,5189.1,8602.3,2.0,2,0
1782926390.329,1135.939,297.1,79.14,98,50,90,929.4,909.1,282.5,79.15,98,43,83,1018.8,958.2,278.4,79.15,98,42,89,920.0,955.9,266.8,79.14,98,43,84,908.4,760.7,1.0,1,0
1782926390.772,1136.382,284.6,79.14,99,42,88,933.0,901.1,262.9,79.15,99,44,82,1017.9,955.1,251.9,79.15,99,48,87,923.5,938.3,238.3,79.14,99,44,83,903.3,825.1,1.0,2,0
1782926391.222,1136.832,257.9,79.14,99,42,88,928.6,891.4,235.2,79.15,99,44,82,1026.7,967.3,225.5,79.15,99,48,87,928.4,955.3,214.6,79.14,99,45,83,906.4,752.5,1.0,2,0
1782926391.664,1137.274,249.2,79.14,99,42,88,1005.1,907.6,229.5,79.15,99,43,82,943.1,1002.4,225.0,79.15,99,48,87,952.6,971.7,214.6,79.14,99,45,83,911.0,753.4,1.0,2,0
1782926392.111,1137.721,248.7,79.14,99,41,88,1000.3,868.3,229.5,79.15,99,43,82,939.1,1026.7,225.0,79.15,99,48,87,926.7,874.1,210.2,79.14,99,44,83,982.3,752.6,1.0,2,0
1782926392.552,1138.161,248.7,79.14,99,41,88,929.0,967.3,229.1,79.15,99,43,82,943.5,922.9,224.4,79.15,99,48,87,1005.7,850.9,209.8,79.14,99,44,83,904.6,836.2,2.0,2,0
1782926392.992,1138.602,248.6,79.14,99,43,88,928.6,875.5,229.0,79.15,99,44,82,1020.5,944.1,224.9,79.15,99,48,87,926.5,984.5,210.2,79.14,99,44,83,903.3,754.4,2.0,2,0
1782926393.434,1139.044,248.9,79.14,99,42,88,1018.7,909.6,229.2,79.15,99,44,82,948.1,1055.1,225.2,79.15,99,48,87,930.1,894.2,210.4,79.14,99,44,83,981.9,755.3,2.0,2,0
1782926393.876,1139.486,248.9,79.14,99,42,88,926.9,918.1,229.1,79.15,99,44,82,1009.9,958.4,225.1,79.15,99,48,87,1023.2,918.4,210.0,79.14,99,45,83,904.4,825.3,2.0,2,0
1782926394.319,1139.929,249.0,79.14,99,42,88,925.4,892.2,229.0,79.15,99,43,82,1022.8,958.9,225.0,79.15,99,47,87,928.9,972.3,209.9,79.14,99,44,83,905.5,749.3,2.0,2,0
1782926394.761,1140.370,248.3,79.14,99,42,88,1066.9,883.5,228.2,79.15,99,43,82,947.8,1027.5,224.2,79.15,99,47,87,936.0,881.3,209.5,79.14,99,44,83,982.0,748.6,2.0,2,0
1782926395.204,1140.814,247.6,79.14,99,42,88,919.5,955.6,227.8,79.15,99,43,82,938.9,934.0,223.8,79.15,99,47,87,1012.2,887.4,209.5,79.14,99,44,83,904.8,825.9,2.0,2,0
1782926395.647,1141.257,247.6,79.14,99,42,88,954.0,939.2,227.8,79.15,99,43,82,939.8,975.5,223.8,79.15,99,47,87,1073.4,911.6,209.1,79.14,99,44,83,995.1,757.8,2.0,2,0
1782926396.095,1141.705,247.6,79.14,99,42,88,924.7,887.6,227.8,79.15,99,43,82,1016.5,959.0,224.0,79.15,99,47,87,928.4,991.0,209.3,79.14,99,44,83,901.8,817.5,2.0,2,0
1782926396.535,1142.145,247.6,79.14,99,42,88,999.0,908.2,227.7,79.15,99,43,81,933.5,1002.3,223.8,79.15,99,47,87,924.4,893.3,208.9,79.14,99,44,83,986.0,756.1,2.0,2,0
1782926396.977,1142.587,247.4,79.14,99,42,88,954.6,943.0,227.7,79.15,99,43,81,945.2,966.2,223.7,79.15,99,47,87,1011.0,880.7,208.6,79.14,99,44,83,903.7,832.4,2.0,2,0
1782926397.418,1143.027,247.3,79.14,99,42,88,1006.8,904.5,227.9,79.15,99,43,81,943.0,1034.4,223.9,79.15,99,47,87,926.7,950.4,208.6,79.14,99,44,83,906.3,750.5,2.0,2,0
1782926397.860,1143.470,247.2,79.14,99,41,88,922.3,959.3,228.1,79.15,99,43,81,938.2,936.2,223.5,79.15,99,47,87,1130.1,961.8,208.7,79.14,99,44,83,902.5,755.2,2.0,2,0
1782926398.307,1143.917,247.3,79.14,99,42,88,928.0,974.5,228.2,79.15,99,43,82,941.4,933.1,223.4,79.15,99,47,87,1012.7,888.3,208.7,79.14,99,44,83,992.7,757.7,2.0,2,0
1782926398.749,1144.358,247.2,79.14,99,42,88,930.2,895.5,227.9,79.15,99,43,81,1019.3,953.3,223.4,79.15,99,47,87,928.1,965.3,208.4,79.14,99,44,83,899.4,754.6,2.0,2,0
1782926399.193,1144.803,247.2,79.14,99,42,88,1010.4,916.4,227.7,79.15,99,43,81,935.4,960.1,223.5,79.15,99,47,87,920.8,951.9,208.4,79.14,99,44,83,904.5,756.3,2.0,2,0
1782926399.647,1145.256,247.3,79.14,99,42,88,925.1,967.9,227.7,79.15,99,43,81,959.0,958.0,223.5,79.15,99,47,87,1028.7,890.5,208.4,79.14,99,44,83,985.3,767.0,2.0,2,0
1782926400.092,1145.702,247.4,79.14,99,42,88,934.0,890.0,227.6,79.15,99,43,81,1013.9,933.2,223.3,79.15,99,47,87,922.5,947.0,208.4,79.14,99,44,83,899.5,754.5,2.0,2,0
1782926400.532,1146.142,247.4,79.14,99,42,88,1005.2,881.8,227.4,79.15,99,43,81,939.3,1019.2,222.9,79.15,99,47,87,924.5,873.5,208.3,79.14,99,44,83,984.4,763.2,2.0,2,0
1782926400.975,1146.585,247.4,79.14,99,42,88,932.1,967.3,227.2,79.15,99,43,81,935.1,936.7,222.5,79.15,99,47,87,1009.6,890.4,208.1,79.14,99,44,83,898.5,834.8,2.0,2,0
1782926401.415,1147.025,247.3,79.14,99,42,88,1015.2,867.7,227.4,79.15,99,43,81,1004.0,943.5,222.8,79.15,99,47,87,926.9,969.2,208.2,79.14,99,44,83,900.1,750.8,2.0,2,0
1782926401.857,1147.466,247.2,79.14,99,42,88,923.5,950.7,227.4,79.15,99,43,81,936.7,955.1,223.0,79.15,99,47,87,1006.0,854.8,208.1,79.14,99,44,83,896.7,771.1,2.0,2,0
1782926402.297,1147.907,247.2,79.14,99,42,88,932.9,891.4,227.3,79.15,99,43,81,1016.4,953.7,222.9,79.15,99,47,87,927.1,971.6,208.0,79.14,99,44,83,904.5,757.9,2.0,2,0
1782926402.738,1148.347,247.2,79.14,99,42,88,1047.2,971.5,227.3,79.15,99,43,81,1028.1,948.5,222.8,79.15,99,47,87,922.1,952.5,208.0,79.14,99,44,83,898.8,757.6,2.0,2,0
1782926403.184,1148.793,246.8,79.14,99,42,88,922.7,931.5,227.2,79.15,99,43,81,940.1,961.3,222.8,79.15,99,47,87,1011.6,860.9,208.0,79.14,99,44,83,893.2,759.8,2.0,2,0
1782926403.625,1149.234,246.7,79.14,99,42,88,925.4,875.0,227.2,79.15,99,43,81,1017.9,951.4,222.8,79.15,99,47,87,1116.6,885.7,208.1,79.14,99,44,83,913.7,921.1,2.0,2,0
1782926404.071,1149.681,246.9,79.14,99,42,88,921.3,878.2,227.4,79.15,99,43,81,1018.0,950.2,222.9,79.15,99,47,87,921.9,959.8,208.3,79.14,99,44,83,900.1,760.3,2.0,2,0
1782926404.511,1150.121,246.9,79.14,99,42,88,922.8,960.5,227.3,79.15,99,43,81,938.5,966.6,222.8,79.15,99,47,87,1008.5,894.7,208.4,79.14,99,44,83,971.2,755.2,2.0,2,0
1782926405.377,1150.987,247.1,79.14,99,42,88,923.7,939.2,227.0,79.15,99,43,81,936.7,995.5,222.7,79.15,99,47,87,929.7,891.5,207.9,79.14,99,44,83,982.3,761.1,2.0,2,0
1782926405.817,1151.427,247.0,79.14,99,42,88,921.2,871.7,226.8,79.15,99,43,81,948.5,965.4,222.6,79.15,99,47,87,1014.3,885.1,208.0,79.14,99,44,83,915.0,889.2,2.0,2,0
1782926406.262,1151.872,246.9,79.14,95,40,88,5179.6,8561.5,225.9,79.15,79,27,83,9259.4,777.5,229.4,79.15,98,53,89,9947.4,8602.3,215.9,79.14,99,56,85,9251.4,2292.7,2.0,2,0
1782926406.706,1152.315,267.6,79.14,98,44,89,4823.7,6013.6,253.6,79.15,98,39,83,10039.7,8568.2,257.2,79.15,98,43,89,7610.8,3110.5,242.1,79.14,98,43,84,8446.3,8603.1,2.0,2,0
1782926407.149,1152.758,291.3,79.14,98,46,89,5180.0,4281.9,253.6,79.15,98,39,83,10359.2,8563.0,257.2,79.15,98,43,89,6255.3,3375.7,242.1,79.14,98,43,84,10376.3,8605.1,2.0,2,0
1782926407.589,1153.199,295.2,79.14,98,43,89,5542.1,17835.4,278.8,79.15,98,49,83,20541.0,2830.6,279.2,79.15,98,47,88,10377.4,8605.9,269.6,79.14,98,48,85,1649.6,6779.8,2.0,2,0
1782926408.037,1153.647,295.2,79.14,98,43,89,6952.8,7155.7,282.3,79.15,97,37,83,5666.5,8560.2,278.5,79.15,98,51,89,10375.4,8600.5,266.9,79.14,98,55,85,10378.9,8601.2,2.0,2,0
1782926408.480,1154.090,296.4,79.14,98,45,90,10356.0,8560.2,284.1,79.15,98,40,83,7495.1,2427.3,278.0,79.15,98,43,88,9524.2,8600.5,266.8,79.14,98,39,85,7693.5,3031.9,2.0,2,0
1782926408.922,1154.532,294.0,79.14,99,51,90,7822.0,8563.4,282.8,79.15,98,46,83,10359.1,8564.1,281.1,79.15,98,49,89,10376.1,7529.3,270.0,79.14,99,50,85,5381.4,7472.5,2.0,2,0
1782926409.370,1154.980,294.7,79.14,98,43,90,926.3,892.1,280.7,79.15,98,41,82,1021.6,965.1,274.4,79.15,99,45,88,918.8,950.1,261.5,79.14,99,44,84,908.7,754.8,1.0,2,0
1782926409.811,1155.421,279.4,79.14,99,41,88,1003.6,889.5,255.9,79.15,99,42,82,985.5,1013.9,249.7,79.15,99,46,87,922.7,881.9,231.4,79.14,99,43,83,955.4,753.5,1.0,2,0
1782926410.254,1155.864,256.5,79.14,99,42,88,927.6,942.9,229.7,79.15,99,44,82,940.5,947.0,224.4,79.15,99,48,87,1005.1,866.7,208.7,79.14,99,44,83,898.0,832.7,1.0,2,0
1782926410.695,1156.305,248.1,79.14,99,42,88,922.8,933.0,228.3,79.15,99,43,82,1024.6,965.6,224.8,79.15,99,46,87,926.3,965.5,208.7,79.14,99,44,83,904.6,838.1,1.0,2,0
1782926411.139,1156.748,247.4,79.14,99,41,88,1006.9,884.4,228.3,79.15,99,43,82,945.1,1032.6,224.8,79.15,99,46,87,926.1,874.2,209.2,79.14,99,43,83,985.8,754.7,1.0,2,0
1782926411.579,1157.189,246.7,79.14,99,42,88,932.5,954.5,227.5,79.15,99,43,82,937.4,952.8,223.4,79.15,99,47,87,1009.2,867.5,208.1,79.14,99,44,83,900.1,865.6,2.0,2,0
1782926412.020,1157.630,246.7,79.14,99,42,88,931.7,874.5,226.9,79.15,99,43,82,1020.4,960.0,223.2,79.15,99,46,87,924.1,963.9,207.9,79.14,99,43,83,904.8,753.6,2.0,2,0
1782926412.465,1158.075,247.1,79.14,99,42,88,1006.9,895.3,226.9,79.15,99,43,82,931.8,1004.3,223.6,79.15,99,46,87,923.5,830.9,208.1,79.14,99,43,83,983.7,756.8,2.0,2,0
1782926412.906,1158.516,247.0,79.14,99,42,88,926.7,934.2,226.6,79.15,99,43,82,940.0,980.0,223.3,79.15,99,47,87,1008.7,870.1,207.8,79.14,99,44,83,903.8,828.2,2.0,2,0
1782926413.349,1158.959,247.0,79.14,99,41,88,931.2,891.7,226.8,79.15,99,43,82,1021.9,953.1,223.1,79.15,99,47,87,924.5,892.8,208.0,79.14,99,43,83,900.0,831.7,2.0,2,0
1782926413.792,1159.402,247.0,79.14,99,42,88,1009.7,878.4,226.7,79.15,99,43,82,940.8,1025.9,223.0,79.15,99,47,87,920.3,881.3,207.6,79.14,99,44,83,936.8,761.9,2.0,2,0
1782926414.234,1159.844,246.7,79.14,99,41,88,931.5,972.1,226.6,79.15,99,43,82,942.6,945.0,223.0,79.15,99,46,87,920.9,872.7,207.4,79.14,99,43,83,984.9,758.2,2.0,2,0
1782926414.679,1160.289,246.6,79.14,99,42,88,926.2,972.7,226.5,79.15,99,43,81,1047.9,1051.3,222.8,79.15,99,47,87,955.3,907.1,207.4,79.14,99,43,83,981.7,764.6,2.0,2,0
1782926415.125,1160.735,246.4,79.14,99,41,88,929.4,861.4,226.5,79.15,99,43,81,938.8,952.4,222.8,79.15,99,47,87,1008.0,900.8,207.5,79.14,99,44,83,904.2,829.6,2.0,2,0
1782926415.565,1161.175,246.4,79.14,99,41,88,1012.5,873.0,226.5,79.15,99,43,81,938.0,1006.9,222.7,79.15,99,46,87,928.6,894.6,207.6,79.14,99,43,83,980.0,783.3,2.0,2,0
1782926416.010,1161.620,246.3,79.14,99,41,88,1017.4,891.9,226.1,79.15,99,43,82,932.6,1036.0,222.7,79.15,99,47,87,928.6,901.3,207.5,79.14,99,44,83,982.5,754.7,2.0,2,0
1782926416.458,1162.068,246.6,79.14,99,42,88,1004.7,914.1,225.9,79.15,99,43,81,934.4,1019.0,222.8,79.15,99,47,87,924.8,877.3,207.5,79.14,99,44,83,982.8,757.7,2.0,2,0
1782926416.898,1162.508,246.9,79.14,99,42,88,926.2,906.9,226.1,79.15,99,43,81,1019.4,997.4,222.8,79.15,99,47,87,1006.9,881.9,207.5,79.14,99,44,83,903.3,829.4,2.0,2,0
1782926417.340,1162.950,246.9,79.14,99,42,88,1010.8,902.2,226.0,79.15,99,43,81,943.1,1016.9,222.5,79.15,99,47,87,925.6,872.6,207.4,79.14,99,44,83,921.3,758.6,2.0,2,0
1782926417.781,1163.391,247.0,79.14,99,42,88,1183.3,858.7,226.1,79.15,99,43,81,938.3,1030.7,222.3,79.15,99,47,87,926.6,877.4,207.4,79.14,99,44,83,978.8,750.6,2.0,2,0
1782926418.226,1163.836,247.0,79.14,99,42,88,926.4,896.9,226.2,79.15,99,43,82,1022.1,949.4,222.4,79.15,99,47,87,991.3,897.3,207.5,79.14,99,44,83,903.6,820.9,2.0,2,0
1782926418.667,1164.276,247.1,79.14,99,42,88,1005.5,885.3,226.3,79.15,99,43,81,1169.8,960.8,222.4,79.15,99,47,87,1163.0,890.3,207.5,79.14,99,44,83,979.6,761.1,2.0,2,0
1782926419.121,1164.731,247.1,79.14,99,42,88,930.5,911.2,226.3,79.15,99,43,81,1022.9,943.3,222.4,79.15,99,47,87,998.2,914.8,207.6,79.14,99,44,83,903.3,832.8,2.0,2,0
1782926419.562,1165.172,247.1,79.14,99,42,88,1014.2,873.4,226.4,79.15,99,43,81,937.0,1034.2,222.1,79.15,99,46,87,928.1,876.5,207.5,79.14,99,43,83,981.9,876.2,2.0,2,0
1782926420.005,1165.615,246.8,79.14,99,42,88,958.2,891.8,226.1,79.15,99,43,81,938.3,1003.3,222.0,79.15,99,47,87,924.7,867.2,207.3,79.14,99,44,83,982.3,760.3,2.0,2,0
1782926420.448,1166.058,246.7,79.14,99,41,88,929.6,867.8,225.8,79.15,99,43,81,1021.2,964.7,221.7,79.15,99,46,87,922.7,886.3,207.0,79.14,99,43,83,905.1,831.6,2.0,2,0
1782926420.888,1166.498,246.7,79.14,99,42,88,1002.5,877.7,225.7,79.15,99,43,81,942.6,1027.3,221.9,79.15,99,46,87,943.9,875.3,207.0,79.14,99,43,83,990.1,757.5,2.0,2,0
1782926421.329,1166.938,246.6,79.14,99,42,88,925.6,881.6,225.5,79.15,99,43,81,1024.4,925.1,222.1,79.15,99,47,87,1000.4,876.2,206.9,79.14,99,44,83,902.8,829.4,2.0,2,0
1782926421.768,1167.378,246.6,79.14,99,42,88,1003.8,897.5,225.5,79.15,99,43,81,935.3,1002.3,222.3,79.15,99,47,87,934.1,859.7,207.1,79.14,99,44,83,984.2,752.5,2.0,2,0
1782926422.208,1167.818,246.7,79.14,99,42,88,932.2,905.1,225.6,79.15,99,43,81,1019.2,932.8,222.3,79.15,99,47,87,974.2,883.2,207.0,79.14,99,44,83,904.2,828.6,2.0,2,0
1782926422.651,1168.261,246.6,79.14,99,41,88,1011.0,904.8,225.6,79.15,99,43,81,940.8,1025.8,222.3,79.15,99,47,87,953.6,993.4,207.0,79.14,99,44,83,909.5,751.1,2.0,2,0
1782926423.096,1168.706,246.1,79.14,99,42,88,1008.3,894.3,225.6,79.15,99,43,81,941.2,1033.0,222.1,79.15,99,46,87,928.0,865.2,206.7,79.14,99,44,83,983.0,750.7,2.0,2,0
1782926423.537,1169.147,246.1,79.14,99,42,88,922.6,941.4,225.4,79.15,99,43,81,941.3,941.1,222.0,79.15,99,47,87,1005.5,918.3,206.7,79.14,99,44,83,905.5,832.8,2.0,2,0
1782926423.978,1169.588,246.0,79.14,99,42,88,1005.9,879.8,225.4,79.15,99,43,81,938.8,1011.8,222.0,79.15,99,47,87,950.4,960.5,206.8,79.14,99,44,82,898.7,757.9,2.0,2,0
1782926424.421,1170.030,246.5,79.14,99,42,88,928.3,952.7,226.0,79.15,99,43,81,934.3,975.0,222.1,79.15,99,47,87,1009.9,866.8,207.2,79.14,99,44,83,967.4,759.9,2.0,2,0
1782926424.861,1170.471,246.5,79.14,99,42,88,923.9,888.1,226.2,79.15,99,43,81,1014.9,947.2,222.1,79.15,99,47,87,1009.0,1780.4,207.2,79.14,99,44,83,21656.4,12898.5,2.0,2,0
1782926425.306,1170.916,242.7,79.14,80,23,87,10355.4,8560.2,229.9,79.15,99,57,83,5181.6,4283.8,233.4,79.15,98,47,88,10378.5,8603.8,220.8,79.14,99,54,85,10377.4,7171.7,2.0,2,0
1782926425.748,1171.358,267.3,79.14,98,42,89,4627.0,4582.6,258.2,79.15,98,41,82,10355.8,8563.5,256.6,79.15,98,46,89,7402.9,3085.7,249.1,79.14,98,44,85,8542.1,8607.9,2.0,2,0
1782926426.191,1171.801,289.5,79.14,99,49,89,3768.7,5354.3,285.4,79.15,99,50,83,10354.6,8565.3,279.9,79.15,99,53,89,5175.4,4304.5,249.1,79.14,98,44,85,10379.1,8611.4,2.0,2,0
1782926426.631,1172.241,295.8,79.14,98,42,89,10355.7,8566.7,285.4,79.15,99,50,83,1469.1,7408.5,279.9,79.15,99,53,89,10380.9,4312.4,267.1,79.14,98,46,85,3563.4,8131.3,2.0,2,0
1782926427.076,1172.686,296.0,79.14,98,43,89,5879.6,8034.8,281.3,79.15,97,38,84,10355.4,8560.6,279.5,79.15,98,53,88,10376.4,7996.8,267.9,79.14,99,56,85,5189.8,4304.5,2.0,2,0
1782926427.517,1173.127,296.0,79.14,98,43,89,10355.0,8561.1,281.9,79.15,98,39,83,5179.6,4282.4,276.6,79.15,98,43,88,10373.9,8600.6,266.1,79.14,98,43,85,5189.1,4304.5,2.0,2,0
1782926427.959,1173.569,294.6,79.14,98,46,90,6178.2,8565.5,282.8,79.15,99,53,83,10354.6,8560.3,280.8,79.15,98,48,88,10374.9,5685.4,268.6,79.14,98,44,85,7402.6,791.6,1.0,1,0
1782926428.401,1174.011,295.7,79.14,98,40,90,933.1,880.8,281.5,79.15,98,41,82,1022.6,946.3,272.8,79.15,99,45,88,926.0,972.9,260.0,79.14,99,43,83,905.7,748.7,1.0,2,0
1782926428.842,1174.452,275.8,79.14,99,42,88,1002.0,888.5,253.8,79.15,99,44,82,939.4,1007.1,244.6,79.15,99,48,87,928.8,900.8,229.2,79.14,99,44,83,1018.6,761.4,1.0,2,0
1782926429.286,1174.895,255.1,79.14,99,42,88,927.5,981.6,231.8,79.15,99,44,82,939.5,962.6,225.1,79.15,99,48,87,1010.5,895.0,209.9,79.14,99,44,83,973.7,755.5,1.0,2,0
1782926429.727,1175.336,249.2,79.14,99,42,88,958.3,914.0,229.0,79.15,99,44,82,1026.6,1002.5,225.2,79.15,99,48,87,1007.8,878.2,210.9,79.14,99,44,83,904.4,831.8,1.0,2,0
1782926430.170,1175.780,249.4,79.14,99,42,88,929.5,900.2,229.1,79.15,99,44,82,1018.4,942.4,225.2,79.15,99,48,87,935.3,970.1,210.9,79.14,99,44,83,902.3,761.3,1.0,2,0
1782926430.613,1176.223,249.8,79.14,99,42,88,1008.2,881.7,229.1,79.15,99,44,82,934.2,1016.3,225.2,79.15,99,48,87,929.7,900.8,211.0,79.14,99,45,83,1019.9,753.9,1.0,2,0
1782926431.055,1176.665,249.8,79.14,99,42,88,936.3,959.8,229.3,79.15,99,44,82,941.6,969.8,225.3,79.15,99,47,87,1005.1,875.4,210.9,79.14,99,44,83,905.9,829.0,2.0,2,0
1782926431.496,1177.106,249.6,79.14,99,42,88,942.6,914.5,228.8,79.15,99,44,82,1017.7,951.1,224.9,79.15,99,48,87,926.7,952.8,210.5,79.14,99,44,83,904.1,748.5,2.0,2,0
1782926431.937,1177.547,249.1,79.14,99,42,88,932.6,952.7,228.2,79.15,99,43,82,943.7,953.1,224.1,79.15,99,48,87,930.8,902.2,209.8,79.14,99,44,83,984.9,754.6,2.0,2,0
1782926432.378,1177.988,249.0,79.14,99,42,88,928.3,899.5,228.2,79.15,99,44,82,1018.8,934.4,224.3,79.15,99,48,87,926.5,996.8,209.8,79.14,99,44,83,904.5,834.6,2.0,2,0
1782926432.824,1178.434,248.8,79.14,99,42,88,928.0,886.4,228.1,79.15,99,44,82,1021.0,956.9,224.4,79.15,99,48,87,923.6,970.9,209.9,79.14,99,45,83,899.6,763.2,2.0,2,0
1782926433.265,1178.875,248.5,79.14,99,42,88,1015.4,910.6,227.8,79.15,99,43,82,938.7,996.5,224.1,79.15,99,47,87,918.1,875.5,209.5,79.14,99,44,83,982.1,755.2,2.0,2,0
1782926433.708,1179.318,248.4,79.14,99,42,88,1164.8,903.6,227.9,79.15,99,44,82,1017.2,1030.4,223.8,79.15,99,48,87,931.5,890.5,209.4,79.14,99,44,83,978.9,755.3,2.0,2,0
1782926434.157,1179.767,248.5,79.14,99,42,88,930.1,949.3,227.9,79.15,99,44,82,982.8,996.7,223.8,79.15,99,48,87,924.5,856.7,209.4,79.14,99,44,83,984.5,753.9,2.0,2,0
1782926434.601,1180.211,248.6,79.14,99,42,88,924.8,932.7,228.0,79.15,99,44,82,938.6,946.2,223.9,79.15,99,48,87,1006.4,870.9,209.7,79.14,99,44,83,913.6,856.9,2.0,2,0
1782926435.048,1180.658,248.6,79.14,99,42,88,930.3,936.6,228.1,79.15,99,44,82,943.1,960.2,223.9,79.15,99,48,87,1005.9,883.2,209.8,79.14,99,44,83,905.9,831.5,2.0,2,0
1782926435.489,1181.099,248.5,79.14,99,42,88,1011.3,904.8,228.0,79.15,99,44,81,1009.1,943.8,224.0,79.15,99,48,87,924.4,985.1,209.7,79.14,99,44,83,899.3,761.1,2.0,2,0
1782926435.933,1181.542,248.4,79.14,99,42,88,1008.6,914.3,227.6,79.15,99,43,82,950.9,1036.8,224.0,79.15,99,47,87,927.0,885.5,209.3,79.14,99,44,83,986.6,754.3,2.0,2,0
1782926436.374,1181.984,248.6,79.14,99,42,88,931.0,953.0,227.6,79.15,99,44,82,937.4,949.3,223.9,79.15,99,48,87,1013.7,873.6,209.3,79.14,99,44,83,904.6,828.2,2.0,2,0
1782926436.817,1182.427,248.6,79.14,99,42,88,929.3,903.8,227.6,79.15,99,43,81,1018.1,959.6,223.8,79.15,99,47,87,926.2,976.6,209.4,79.14,99,44,83,1087.1,897.5,2.0,2,0
1782926437.264,1182.874,248.5,79.14,99,42,88,929.1,871.8,227.6,79.15,99,43,81,1014.6,941.0,223.4,79.15,99,48,87,927.1,970.0,209.3,79.14,99,44,83,898.6,759.2,2.0,2,0
1782926437.705,1183.315,248.2,79.14,99,42,88,976.5,954.1,227.7,79.15,99,43,81,958.1,1051.8,223.3,79.15,99,47,87,928.5,870.9,209.3,79.14,99,44,83,957.2,752.5,2.0,2,0
1782926438.149,1183.759,248.1,79.14,99,42,88,932.4,954.3,227.7,79.15,99,43,81,949.4,939.2,223.3,79.15,99,47,87,1003.6,877.4,209.3,79.14,99,44,83,984.6,756.2,2.0,2,0
1782926438.592,1184.202,248.0,79.14,99,42,88,931.1,894.0,227.6,79.15,99,44,81,1015.8,933.8,223.3,79.15,99,48,87,924.8,960.6,209.2,79.14,99,44,83,903.4,763.4,2.0,2,0
1782926439.034,1184.643,248.0,79.14,99,42,88,1005.3,879.6,227.5,79.15,99,44,81,936.3,999.1,223.5,79.15,99,47,87,922.7,899.0,209.2,79.14,99,44,83,987.4,760.2,2.0,2,0
1782926439.474,1185.084,248.0,79.14,99,42,88,924.2,946.8,227.4,79.15,99,43,82,938.7,948.1,223.9,79.15,99,48,87,1008.4,882.3,209.0,79.14,99,44,83,898.6,832.3,2.0,2,0
1782926439.916,1185.526,248.1,79.14,99,42,88,1010.1,879.6,227.4,79.15,99,43,81,1014.3,955.0,224.0,79.15,99,48,87,930.0,981.3,208.9,79.14,99,44,83,898.5,763.2,2.0,2,0
1782926440.358,1185.968,248.3,79.14,99,42,88,920.9,891.3,227.6,79.15,99,43,81,938.4,1016.4,224.1,79.15,99,48,87,922.3,894.8,208.9,79.14,99,44,83,985.5,750.5,2.0,2,0
1782926440.801,1186.411,248.3,79.14,99,42,88,934.1,957.1,227.7,79.15,99,44,81,1057.6,953.4,223.9,79.15,99,48,87,1003.8,869.0,209.0,79.14,99,44,83,903.2,767.4,2.0,2,0
1782926441.247,1186.857,248.3,79.14,99,42,88,928.3,886.0,227.4,79.15,99,43,81,954.0,963.3,223.7,79.15,99,48,87,1009.9,870.2,209.2,79.14,99,44,83,905.1,826.5,2.0,2,0
1782926441.690,1187.300,248.2,79.14,99,42,88,1007.7,942.7,227.4,79.15,99,44,81,1011.7,963.5,223.6,79.15,99,48,87,928.3,977.4,209.2,79.14,99,44,83,904.3,757.0,2.0,2,0
1782926442.133,1187.743,248.2,79.14,99,42,88,1006.7,879.8,227.4,79.15,99,44,81,939.6,1009.0,223.6,79.15,99,48,87,927.0,885.9,209.2,79.14,99,44,83,982.9,752.9,2.0,2,0
1782926442.574,1188.184,248.4,79.14,99,42,88,931.3,885.9,227.6,79.15,99,44,81,939.6,974.5,223.9,79.15,99,48,87,1008.1,884.7,209.3,79.14,99,45,83,903.0,835.6,2.0,2,0
1782926443.016,1188.626,248.4,79.14,99,42,88,1005.9,879.3,227.8,79.15,99,44,81,936.6,1007.2,224.2,79.15,99,48,87,925.5,924.8,209.4,79.14,99,44,83,904.3,757.4,2.0,2,0
1782926443.455,1189.065,248.5,79.14,99,43,88,926.0,965.9,228.0,79.15,99,44,81,939.3,952.9,224.1,79.15,99,48,87,1005.9,872.1,209.4,79.14,99,44,83,905.1,833.4,2.0,2,0
1782926443.895,1189.505,248.2,79.14,99,42,88,3732.0,18298.1,227.7,79.15,99,44,81,15530.7,6048.4,223.5,79.15,99,47,87,1777.9,8600.9,209.1,79.14,99,44,83,10381.4,1311.4,0.0,2,0
1782926444.336,1189.946,250.2,79.14,98,48,89,10355.4,8567.8,236.5,79.15,98,49,83,10354.1,8560.1,238.0,79.15,99,54,89,10375.4,6144.7,227.7,79.14,98,48,85,6942.8,7145.2,0.0,2,0
1782926444.783,1190.393,271.0,79.14,98,39,89,10355.8,4286.0,262.4,79.15,98,43,83,5177.6,8559.6,264.3,79.15,98,45,88,10376.9,5020.8,254.4,79.14,98,44,85,4325.7,7581.5,0.0,2,0
1782926445.226,1190.836,294.9,79.14,99,48,89,5666.8,6759.5,282.3,79.15,98,44,83,6141.9,8560.0,276.5,79.15,98,45,89,10375.7,8605.2,265.0,79.14,98,44,85,10374.2,8598.8,0.0,2,0
1782926445.667,1191.276,290.2,79.14,99,37,89,10357.1,4282.5,282.3,79.15,98,44,83,4901.0,8565.8,276.3,79.15,99,53,89,10386.0,8613.5,265.0,79.14,98,44,85,5194.3,4304.0,0.0,2,0
1782926446.116,1191.726,291.0,79.14,98,41,89,6373.4,8561.9,278.6,79.15,99,55,83,10353.9,4284.9,276.3,79.15,99,53,89,5187.7,8604.8,264.3,79.14,99,53,85,10375.5,6083.8,0.0,2,0
1782926446.558,1192.167,291.0,79.14,98,41,89,5836.3,8562.8,277.9,79.15,98,42,83,10358.8,4282.4,275.4,79.15,98,46,88,5187.9,8601.5,263.5,79.14,99,48,85,10380.8,4308.2,0.0,2,0
1782926447.000,1192.610,296.2,79.14,98,47,90,4468.0,911.0,285.2,79.15,98,47,84,941.6,1017.1,280.0,79.15,98,47,89,929.7,890.2,269.3,79.14,99,51,85,984.5,750.1,1.0,1,0
1782926447.440,1193.050,296.5,79.14,99,44,90,923.4,943.3,278.1,79.15,99,42,82,937.2,939.2,268.2,79.15,99,46,88,1010.9,891.2,254.6,79.14,99,43,83,904.3,828.9,1.0,2,0
1782926447.881,1193.491,270.0,79.14,99,41,88,1008.8,890.5,248.4,79.15,99,43,82,938.1,1163.6,242.4,79.15,99,46,87,1147.7,891.6,222.1,79.14,99,43,83,902.3,827.5,1.0,2,0
1782926448.330,1193.940,247.3,79.14,99,42,88,924.2,888.3,227.2,79.15,99,43,82,1020.2,958.7,223.9,79.15,99,47,87,924.6,979.6,208.4,79.14,99,43,83,900.5,752.5,1.0,2,0
1782926448.772,1194.382,247.1,79.14,99,42,88,1016.4,907.5,227.0,79.15,99,43,82,1008.9,971.5,223.5,79.15,99,47,87,936.8,964.4,208.2,79.14,99,44,83,898.3,751.7,1.0,2,0
1782926449.218,1194.828,247.1,79.14,99,41,88,931.2,946.0,226.8,79.15,99,43,82,940.9,934.1,223.1,79.15,99,46,87,926.6,911.4,208.0,79.14,99,43,83,983.1,757.1,1.0,2,0
1782926449.660,1195.270,246.8,79.14,99,41,88,928.9,898.7,226.8,79.15,99,43,82,1024.9,1052.0,223.1,79.15,99,46,87,1027.2,868.8,208.0,79.14,99,43,83,906.1,832.8,2.0,2,0
1782926450.105,1195.715,247.0,79.14,99,41,88,927.7,883.8,226.7,79.15,99,43,82,1020.0,940.3,222.9,79.15,99,46,87,930.3,974.3,207.8,79.14,99,43,83,905.2,758.7,2.0,2,0
1782926450.547,1196.157,247.0,79.14,99,41,88,1008.8,912.9,226.7,79.15,99,43,82,945.9,1016.4,222.5,79.15,99,46,87,926.6,863.7,207.6,79.14,99,43,83,982.8,751.2,2.0,2,0
1782926450.989,1196.598,247.3,79.14,99,41,88,955.0,981.9,226.7,79.15,99,43,82,938.2,955.7,222.7,79.15,99,47,87,1010.3,891.7,207.5,79.14,99,44,83,903.1,829.0,2.0,2,0
1782926451.431,1197.041,247.3,79.14,99,41,88,943.0,922.0,226.6,79.15,99,43,82,1019.7,925.6,223.0,79.15,99,46,87,930.4,971.0,207.5,79.14,99,43,83,904.7,753.2,2.0,2,0
1782926451.872,1197.482,247.0,79.14,99,41,88,934.8,955.8,226.3,79.15,99,43,82,938.4,939.6,222.5,79.15,99,46,87,1016.9,903.7,207.3,79.14,99,43,83,973.0,763.0,2.0,2,0
1782926452.312,1197.922,246.6,79.14,99,42,88,925.8,880.2,226.1,79.15,99,43,82,1021.6,946.9,222.2,79.15,99,47,87,930.5,974.3,207.3,79.14,99,44,83,899.3,750.6,2.0,2,0
1782926452.754,1198.364,246.6,79.14,99,41,88,1048.2,897.9,226.2,79.15,99,43,81,1012.8,921.0,222.4,79.15,99,46,87,928.9,999.4,207.3,79.14,99,43,83,901.9,751.8,2.0,2,0
1782926453.200,1198.810,246.6,79.14,99,41,88,924.3,963.2,226.4,79.15,99,43,82,936.1,957.9,222.3,79.15,99,46,87,1017.8,893.4,207.3,79.14,99,43,83,978.9,757.9,2.0,2,0
1782926453.640,1199.250,246.4,79.14,99,41,88,927.7,900.4,226.4,79.15,99,43,82,1013.4,945.6,222.3,79.15,99,46,87,991.1,909.0,207.2,79.14,99,43,83,901.1,858.8,2.0,2,0
1782926454.083,1199.693,246.1,79.14,99,41,88,1010.8,888.0,226.3,79.15,99,43,81,941.6,1039.0,222.4,79.15,99,46,87,924.8,900.7,207.1,79.14,99,44,83,978.0,751.5,2.0,2,0
1782926454.524,1200.134,246.1,79.14,99,41,88,942.3,989.7,226.2,79.15,99,43,81,939.1,953.4,222.4,79.15,99,46,87,1005.7,856.8,207.0,79.14,99,43,83,903.6,832.5,2.0,2,0
1782926454.967,1200.577,246.2,79.14,99,42,88,1020.2,942.0,226.1,79.15,99,43,81,937.1,971.2,222.4,79.15,99,47,87,1005.1,868.8,207.1,79.14,99,44,83,906.1,826.9,2.0,2,0
1782926455.411,1201.021,246.5,79.14,99,41,88,1005.1,890.4,226.2,79.15,99,42,81,940.4,1036.3,222.3,79.15,99,46,87,921.8,875.4,206.9,79.14,99,43,83,914.7,752.0,2.0,2,0
1782926455.852,1201.462,246.6,79.14,99,41,88,926.4,955.3,226.3,79.15,99,43,81,934.4,952.1,222.2,79.15,99,47,87,1014.0,893.9,206.8,79.14,99,43,83,905.2,825.2,2.0,2,0
1782926456.293,1201.903,247.1,79.14,99,42,88,925.1,922.9,226.4,79.15,99,43,81,1023.2,977.0,222.4,79.15,99,46,87,923.2,978.0,206.9,79.14,99,43,83,898.7,753.8,2.0,2,0
1782926456.733,1202.343,247.2,79.14,99,41,88,978.1,1006.1,226.2,79.15,99,42,81,946.6,1007.7,222.4,79.15,99,47,87,924.2,885.6,207.2,79.14,99,43,83,986.0,748.7,2.0,2,0
1782926457.178,1202.787,247.0,79.14,99,42,88,934.6,989.5,226.3,79.15,99,43,81,939.4,945.0,222.3,79.15,99,47,87,1011.2,896.3,207.2,79.14,99,43,83,904.2,834.1,2.0,2,0
1782926457.618,1203.227,246.9,79.14,99,41,88,1005.6,892.2,226.3,79.15,99,43,81,935.5,1020.2,222.3,79.15,99,47,87,945.3,1154.7,207.2,79.14,99,44,83,907.6,757.9,2.0,2,0
1782926458.063,1203.673,246.9,79.14,99,41,88,1009.2,889.6,226.3,79.15,99,43,81,939.4,1018.1,222.0,79.15,99,46,87,934.7,860.0,206.9,79.14,99,43,83,984.6,751.9,2.0,2,0
1782926458.503,1204.113,246.7,79.14,99,42,88,932.2,891.5,226.3,79.15,99,43,81,1087.8,945.5,222.0,79.15,99,46,87,1009.1,889.8,206.8,79.14,99,43,83,903.2,823.9,2.0,2,0
1782926458.948,1204.557,246.5,79.14,99,41,88,960.2,1007.7,226.4,79.15,99,43,81,942.5,970.9,222.1,79.15,99,46,87,1010.3,888.4,206.9,79.14,99,44,83,898.2,831.3,2.0,2,0
1782926459.393,1205.003,246.5,79.14,99,41,88,1011.2,908.5,226.4,79.15,99,43,81,934.0,1010.9,222.1,79.15,99,46,87,928.8,971.3,206.9,79.14,99,43,83,903.7,754.6,2.0,2,0
1782926459.834,1205.444,246.3,79.14,99,42,88,921.5,951.2,226.3,79.15,99,43,81,938.3,957.8,222.3,79.15,99,46,87,1005.1,885.4,206.9,79.14,99,43,83,904.2,841.4,2.0,2,0
1782926460.279,1205.889,246.2,79.14,99,41,88,926.9,919.0,226.4,79.15,99,43,81,1019.4,941.0,222.2,79.15,99,47,87,993.1,903.1,206.6,79.14,99,44,83,898.3,828.7,2.0,2,0
1782926460.724,1206.334,246.3,79.14,99,42,88,1005.0,914.2,226.1,79.15,99,43,81,970.8,975.7,222.1,79.15,99,46,87,1008.6,856.8,206.6,79.14,99,43,83,899.2,827.6,2.0,2,0
1782926461.169,1206.779,246.4,79.14,99,42,88,1008.1,887.3,226.1,79.15,99,43,81,941.2,958.9,222.0,79.15,99,47,87,924.5,965.6,206.6,79.14,99,43,83,900.0,761.7,2.0,2,0
1782926461.610,1207.220,246.3,79.14,99,41,88,921.5,956.4,226.1,79.15,99,43,81,940.9,936.6,222.0,79.15,99,47,87,1007.9,896.5,206.8,79.14,99,44,83,991.4,766.0,2.0,2,0
1782926462.053,1207.663,246.3,79.14,99,41,88,934.4,913.8,226.2,79.15,99,43,81,1021.2,969.4,221.8,79.15,99,47,87,921.3,944.1,206.9,79.14,99,44,83,903.3,779.7,2.0,2,0
1782926462.494,1208.104,246.1,79.14,99,41,88,1003.4,901.9,225.9,79.15,99,43,81,935.5,1017.6,221.6,79.15,99,47,87,923.8,857.0,206.7,79.14,99,44,83,983.9,766.1,2.0,2,0
1782926462.937,1208.547,246.2,79.14,99,41,88,10358.2,5685.8,225.5,79.15,99,43,81,2483.3,8572.6,221.7,79.15,99,47,87,10378.8,2044.5,206.4,79.14,99,43,82,6673.9,8611.3,2.0,2,0
1782926463.379,1208.989,254.3,79.14,99,55,89,7056.0,8562.8,242.3,79.15,98,48,83,10356.1,8560.7,242.6,79.15,99,51,89,10353.4,4302.3,231.6,79.14,98,46,84,5219.9,8271.2,2.0,2,0
1782926463.820,1209.430,278.0,79.14,98,43,89,10355.2,5391.1,268.5,79.15,98,47,83,2917.0,8283.6,270.7,79.15,98,48,88,10376.8,5496.2,256.1,79.14,98,47,84,3413.9,7889.0,2.0,2,0
1782926464.267,1209.876,297.4,79.14,98,44,89,6947.3,5229.3,283.5,79.15,99,52,83,8003.7,8560.0,277.9,79.15,98,46,89,10375.1,12738.4,265.7,79.14,98,43,84,20746.0,8599.3,2.0,2,0
1782926464.708,1210.317,295.5,79.14,99,54,90,9627.1,8562.7,283.1,79.15,98,47,83,10361.6,8568.7,280.0,79.15,99,54,89,6544.3,6857.2,267.1,79.14,98,47,85,5188.7,8603.1,2.0,2,0
1782926465.158,1210.768,293.9,79.14,98,39,89,10354.9,5890.8,283.1,79.15,98,47,83,2436.1,8562.6,280.0,79.15,99,54,89,10375.4,6530.4,267.1,79.14,98,47,85,2712.9,7645.4,2.0,2,0
1782926465.600,1211.209,297.6,79.14,98,49,90,6958.0,2812.4,279.9,79.15,98,43,83,9866.6,8565.0,276.5,79.15,98,45,88,7176.3,2879.0,265.3,79.14,99,48,85,8711.1,8613.1,2.0,2,0
1782926466.044,1211.653,297.6,79.14,98,49,90,1004.2,889.9,283.5,79.15,98,46,84,933.1,961.8,280.5,79.15,98,46,89,922.5,970.1,267.9,79.14,99,51,85,905.1,752.4,1.0,2,0
1782926466.485,1212.095,294.3,79.14,99,43,89,928.4,968.8,275.9,79.15,99,43,82,940.8,950.6,267.1,79.15,99,48,87,943.9,905.5,251.7,79.14,99,44,83,982.4,762.3,1.0,2,0
1782926466.927,1212.537,269.0,79.14,99,42,88,931.6,894.1,249.8,79.15,99,43,82,1024.8,954.5,236.0,79.15,99,48,87,1007.9,894.7,220.7,79.14,99,44,83,903.3,831.8,1.0,2,0
1782926467.369,1212.979,250.1,79.14,99,42,88,1005.5,896.4,228.6,79.15,99,44,82,1008.2,982.2,225.1,79.15,99,47,87,925.9,946.9,209.6,79.14,99,44,83,905.4,751.8,1.0,2,0
1782926467.810,1213.420,249.2,79.14,99,42,88,927.9,978.2,228.5,79.15,99,43,82,942.0,956.0,225.2,79.15,99,47,87,1018.2,879.8,209.5,79.14,99,44,83,1003.9,754.1,1.0,2,0
1782926468.254,1213.864,248.9,79.14,99,41,88,928.5,971.2,227.9,79.15,99,44,82,936.5,963.9,224.7,79.15,99,47,87,1003.4,880.3,209.1,79.14,99,44,83,904.3,843.0,1.0,2,0
1782926468.695,1214.305,248.7,79.14,99,42,88,1086.8,893.3,227.5,79.15,99,43,82,1026.7,964.6,224.5,79.15,99,47,87,1012.2,882.2,209.1,79.14,99,44,83,903.5,832.2,2.0,2,0
1782926469.142,1214.751,248.6,79.14,99,42,88,1004.2,899.2,227.5,79.15,99,43,82,937.0,1018.1,224.5,79.15,99,47,87,931.8,963.7,208.9,79.14,99,44,83,905.2,754.8,2.0,2,0
1782926469.583,1215.192,248.8,79.14,99,42,88,932.1,970.4,227.6,79.15,99,44,82,944.4,958.7,224.5,79.15,99,48,87,1011.3,910.7,208.9,79.14,99,44,83,1095.0,755.4,2.0,2,0
1782926470.025,1215.635,248.8,79.14,99,42,88,931.0,895.4,228.0,79.15,99,43,82,1015.2,925.1,224.6,79.15,99,47,87,927.6,926.3,208.9,79.14,99,44,83,896.6,826.1,2.0,2,0
1782926470.466,1216.076,248.9,79.14,99,42,88,1010.4,905.8,228.3,79.15,99,43,82,939.4,1015.8,224.5,79.15,99,46,87,928.5,881.6,208.8,79.14,99,44,83,986.3,752.5,2.0,2,0
1782926470.908,1216.518,248.4,79.14,99,42,88,929.8,953.2,227.7,79.15,99,44,82,936.5,973.4,224.3,79.15,99,47,87,1010.1,889.8,208.7,79.14,99,44,83,898.1,835.5,2.0,2,0
1782926471.349,1216.959,248.5,79.14,99,42,88,929.8,903.0,227.6,79.15,99,44,82,1013.5,959.8,224.3,79.15,99,47,87,924.5,957.0,209.0,79.14,99,44,83,898.3,758.8,2.0,2,0
1782926471.790,1217.400,248.4,79.14,99,42,88,999.8,862.4,227.9,79.15,99,44,82,935.9,995.3,224.3,79.15,99,48,87,930.0,873.1,209.3,79.14,99,44,83,983.6,759.6,2.0,2,0
1782926472.231,1217.841,248.1,79.14,99,42,88,930.5,882.9,228.3,79.15,99,43,81,954.9,960.6,224.4,79.15,99,48,87,1006.8,880.2,209.1,79.14,99,44,83,898.3,828.4,2.0,2,0
1782926472.674,1218.284,248.2,79.14,99,42,88,940.2,883.7,228.3,79.15,99,43,82,1018.4,974.8,224.2,79.15,99,47,87,1213.0,923.7,209.1,79.14,99,44,83,989.2,754.9,2.0,2,0
1782926473.128,1218.738,248.5,79.14,99,42,88,929.5,976.4,228.3,79.15,99,43,82,935.3,971.4,224.2,79.15,99,47,87,1006.2,881.3,208.9,79.14,99,44,83,899.9,831.9,2.0,2,0
1782926473.569,1219.179,248.5,79.14,99,42,88,934.2,879.5,228.1,79.15,99,43,81,1017.4,924.8,223.9,79.15,99,47,87,927.8,955.5,208.7,79.14,99,44,83,900.7,761.2,2.0,2,0
1782926474.008,1219.618,248.7,79.14,99,42,88,927.5,976.9,227.9,79.15,99,43,82,939.2,959.3,223.9,79.15,99,48,87,1003.2,897.3,208.7,79.14,99,44,83,898.6,801.8,2.0,2,0
1782926474.448,1220.058,248.5,79.14,99,42,88,936.6,917.0,227.9,79.15,99,44,81,1016.3,971.5,223.7,79.15,99,47,87,925.6,964.4,208.5,79.14,99,44,83,904.2,759.1,2.0,2,0
1782926474.888,1220.498,248.3,79.14,99,42,88,923.4,929.4,228.0,79.15,99,44,81,937.5,959.3,224.2,79.15,99,48,87,1011.4,856.3,208.8,79.14,99,44,83,983.4,750.3,2.0,2,0
1782926475.330,1220.940,248.2,79.14,99,42,88,927.2,898.8,228.3,79.15,99,44,81,1016.8,920.1,224.4,79.15,99,48,87,964.4,875.0,208.9,79.14,99,45,83,898.2,822.3,2.0,2,0
1782926475.772,1221.382,248.0,79.14,99,42,88,931.9,884.6,228.3,79.15,99,43,81,1017.3,935.9,223.9,79.15,99,48,87,924.4,986.1,208.5,79.14,99,44,83,901.9,756.0,2.0,2,0
1782926476.217,1221.826,247.8,79.14,99,42,88,1016.0,926.6,228.1,79.15,99,43,81,938.1,995.4,223.7,79.15,99,47,87,932.2,905.5,208.5,79.14,99,44,83,984.0,748.3,2.0,2,0
1782926476.661,1222.271,247.8,79.14,99,42,88,929.1,943.0,228.1,79.15,99,43,81,938.7,1118.7,223.7,79.15,99,47,87,943.8,893.8,208.5,79.14,99,44,83,990.6,756.2,2.0,2,0
1782926477.107,1222.717,247.9,79.14,99,42,88,926.1,970.0,228.1,79.15,99,43,81,941.0,961.1,224.2,79.15,99,48,87,1013.8,910.0,208.5,79.14,99,44,83,899.1,836.1,2.0,2,0
1782926477.550,1223.160,247.9,79.14,99,42,88,927.1,869.4,227.8,79.15,99,43,81,1009.9,950.0,224.2,79.15,99,47,87,924.3,976.0,208.6,79.14,99,44,83,901.5,764.6,2.0,2,0
1782926477.991,1223.601,247.7,79.14,99,42,88,1011.7,885.0,227.9,79.15,99,44,81,936.0,1031.6,224.0,79.15,99,48,87,920.7,882.9,208.7,79.14,99,44,83,987.9,756.7,2.0,2,0
1782926478.436,1224.045,247.9,79.14,99,42,88,930.5,944.2,228.0,79.15,99,44,81,937.8,937.8,224.3,79.15,99,48,87,1021.2,887.2,208.9,79.14,99,44,83,974.3,758.9,2.0,2,0
1782926478.877,1224.486,248.0,79.14,99,42,88,931.7,890.5,227.8,79.15,99,44,81,935.2,957.3,224.1,79.15,99,47,87,1024.7,883.4,208.8,79.14,99,44,83,899.7,825.7,2.0,2,0
1782926479.320,1224.930,248.0,79.14,99,42,88,1007.3,890.6,227.8,79.15,99,43,81,940.2,1018.2,223.7,79.15,99,48,87,925.0,929.9,208.7,79.14,99,45,83,904.6,754.1,2.0,2,0
1782926479.761,1225.371,248.1,79.14,99,42,88,941.2,974.5,227.9,79.15,99,43,81,945.8,1021.9,223.5,79.15,99,47,87,923.2,856.5,208.8,79.14,99,44,83,984.8,751.3,2.0,2,0
1782926480.207,1225.817,248.0,79.14,99,43,88,925.3,915.3,228.0,79.15,99,44,81,937.1,939.9,223.8,79.15,99,47,87,1004.4,878.1,208.8,79.14,99,44,83,904.7,821.3,2.0,2,0
1782926480.651,1226.261,248.0,79.14,99,42,88,925.1,899.6,228.0,79.15,99,44,81,1014.6,941.3,223.8,79.15,99,47,87,1215.4,882.4,209.0,79.14,99,44,83,985.6,760.9,2.0,2,0
1782926481.099,1226.709,248.1,79.14,99,42,88,927.2,894.2,227.9,79.15,99,43,81,1009.4,943.6,224.0,79.15,99,47,87,931.2,963.8,209.2,79.14,99,44,83,903.4,801.2,2.0,2,0
1782926481.540,1227.150,248.1,79.14,99,42,88,1005.5,913.0,227.6,79.15,99,44,81,934.7,998.9,224.0,79.15,99,47,87,928.7,887.9,208.7,79.14,99,44,83,984.3,750.6,2.0,2,0
1782926481.990,1227.600,248.1,79.14,99,42,88,6482.6,3212.4,227.5,79.15,99,43,81,10359.2,8560.6,224.0,79.15,99,47,87,5193.6,4303.8,208.3,79.14,92,41,83,10378.4,8606.3,2.0,2,0
1782926482.435,1228.045,257.2,79.14,99,55,89,10355.3,8061.4,244.0,79.15,98,47,83,3020.0,6031.7,246.9,79.15,98,44,89,10378.4,8596.8,231.5,79.14,98,44,84,5188.0,4302.8,2.0,2,0
1782926482.878,1228.488,279.3,79.14,98,43,89,10355.8,4282.0,266.8,79.15,99,48,83,4893.2,8565.8,272.6,79.15,98,50,88,10377.4,4332.5,262.6,79.14,98,49,84,3838.6,8610.4,2.0,2,0
1782926483.321,1228.931,297.8,79.14,98,47,90,7802.1,17113.9,284.4,79.15,98,47,83,20704.9,3601.3,278.8,79.15,98,44,89,5189.4,8602.6,267.7,79.14,98,44,85,7406.3,2571.1,2.0,2,0
1782926483.766,1229.375,297.2,79.14,99,53,89,10357.6,8257.9,285.4,79.15,99,53,83,5178.5,7935.7,281.5,79.15,98,46,88,6653.9,7409.7,270.7,79.14,99,50,85,10376.5,8604.8,2.0,2,0
1782926484.208,1229.818,292.7,79.14,98,42,89,6021.3,8561.1,282.0,79.15,98,47,83,10355.0,2760.9,278.0,79.15,99,52,89,5977.5,8602.9,270.7,79.14,99,50,85,10224.4,2661.5,2.0,2,0
1782926484.650,1230.260,297.5,79.14,99,48,89,10355.3,8561.7,282.0,79.15,98,47,83,5178.8,4283.2,278.0,79.15,99,52,89,8739.1,8502.6,265.7,79.14,98,47,85,10382.3,8605.0,2.0,2,0
1782926485.107,1230.717,292.7,79.14,99,42,89,1003.2,875.9,284.7,79.15,99,50,83,937.3,1013.7,279.6,79.15,99,51,89,926.7,880.5,267.1,79.14,98,43,85,915.5,753.0,1.0,1,0
1782926485.548,1231.158,292.7,79.14,99,42,89,923.7,964.1,274.2,79.15,99,43,82,940.6,923.7,264.8,79.15,99,48,88,1013.5,891.0,251.3,79.14,99,44,84,971.6,763.4,1.0,2,0
1782926485.988,1231.597,267.0,79.14,99,42,88,919.6,878.9,248.0,79.15,99,43,82,1022.1,936.4,238.0,79.15,99,48,87,1005.1,877.9,218.8,79.14,99,44,83,904.0,833.0,1.0,2,0
1782926486.430,1232.040,248.9,79.14,99,42,88,1009.2,889.4,229.4,79.15,99,44,82,936.9,1013.5,225.4,79.15,99,47,87,932.4,879.2,209.6,79.14,99,44,83,983.2,754.6,1.0,2,0
1782926486.871,1232.481,248.7,79.14,99,41,88,929.0,945.0,228.4,79.15,99,43,82,938.6,934.4,224.3,79.15,99,46,87,1020.1,860.3,208.6,79.14,99,43,83,981.3,765.4,1.0,2,0
1782926487.313,1232.923,248.4,79.14,99,42,88,927.4,905.7,227.8,79.15,99,43,82,1022.7,952.1,223.9,79.15,99,47,87,925.8,969.1,208.1,79.14,99,44,83,903.3,755.1,2.0,2,0
1782926487.752,1233.362,248.4,79.14,99,42,88,986.6,891.5,228.0,79.15,99,43,82,944.4,1011.7,224.1,79.15,99,47,87,927.0,897.2,208.7,79.14,99,44,83,985.4,755.1,2.0,2,0
1782926488.197,1233.807,248.9,79.14,99,42,88,936.9,976.7,227.9,79.15,99,43,82,941.1,969.4,223.9,79.15,99,46,87,1007.9,875.8,208.7,79.14,99,44,83,905.5,841.0,2.0,2,0
1782926488.637,1234.247,248.3,79.14,99,42,88,1012.7,884.7,227.9,79.15,99,43,82,933.1,954.8,223.9,79.15,99,46,87,921.3,969.0,208.6,79.14,99,43,83,905.2,791.7,2.0,2,0
1782926489.078,1234.688,248.3,79.14,99,42,88,926.5,945.7,227.3,79.15,99,44,82,945.5,959.7,223.5,79.15,99,47,87,952.0,902.3,208.3,79.14,99,44,83,988.4,762.7,2.0,2,0
1782926489.519,1235.129,248.3,79.14,99,42,88,933.0,878.7,227.4,79.15,99,43,82,1017.7,929.9,223.5,79.15,99,47,87,933.0,963.5,208.5,79.14,99,44,83,903.8,750.8,2.0,2,0
1782926489.958,1235.568,248.4,79.14,99,42,88,925.2,970.6,227.5,79.15,99,43,82,933.6,949.7,223.5,79.15,99,47,87,957.5,904.1,208.3,79.14,99,44,83,993.0,756.0,2.0,2,0
1782926490.398,1236.008,248.2,79.14,99,41,88,935.6,890.3,227.3,79.15,99,43,82,1019.3,940.0,223.6,79.15,99,47,87,930.2,973.2,208.1,79.14,99,44,83,899.3,752.4,2.0,2,0
1782926490.838,1236.448,248.3,79.14,99,42,88,921.5,887.7,227.5,79.15,99,43,82,940.9,1030.6,223.6,79.15,99,47,87,930.2,1139.4,208.2,79.14,99,44,83,948.4,757.0,2.0,2,0
1782926491.284,1236.894,248.2,79.14,99,42,88,930.7,974.7,227.6,79.15,99,43,82,940.5,942.7,223.3,79.15,99,47,87,935.7,895.0,208.4,79.14,99,44,83,985.2,757.3,2.0,2,0
1782926491.724,1237.334,248.2,79.14,99,42,88,994.5,870.3,227.6,79.15,99,43,82,1024.5,955.6,223.4,79.15,99,47,87,926.8,908.4,208.6,79.14,99,44,83,902.7,826.7,2.0,2,0
1782926492.168,1237.777,248.0,79.14,99,42,88,1005.1,903.1,227.6,79.15,99,43,82,946.6,1027.2,223.4,79.15,99,47,87,927.9,873.1,208.6,79.14,99,44,83,913.9,748.3,2.0,2,0
1782926492.609,1238.219,247.9,79.14,99,42,88,924.7,935.0,227.3,79.15,99,43,82,938.9,958.3,223.4,79.15,99,48,87,1003.6,904.7,208.3,79.14,99,44,83,1007.2,764.7,2.0,2,0
1782926493.052,1238.662,247.9,79.14,99,42,88,990.1,1029.1,227.4,79.15,99,43,81,940.4,981.2,223.6,79.15,99,47,87,1009.1,860.8,208.3,79.14,99,44,83,900.0,841.3,2.0,2,0
1782926493.498,1239.108,248.1,79.14,99,42,88,928.7,865.9,227.5,79.15,99,43,82,1018.9,942.9,223.3,79.15,99,47,87,922.1,943.2,208.2,79.14,99,44,83,902.3,753.8,2.0,2,0
1782926493.939,1239.549,247.8,79.14,99,42,88,1011.9,888.7,227.2,79.15,99,43,81,942.9,1031.8,223.2,79.15,99,48,87,926.7,883.4,208.2,79.14,99,44,83,984.9,757.8,2.0,2,0
1782926494.379,1239.989,248.1,79.14,99,42,88,929.9,906.4,227.3,79.15,99,43,82,1016.3,954.9,223.7,79.15,99,47,87,995.4,875.6,208.5,79.14,99,44,83,904.9,831.4,2.0,2,0
1782926494.820,1240.430,248.2,79.14,99,42,88,1005.1,870.1,227.4,79.15,99,44,81,941.3,1017.0,223.1,79.15,99,48,87,929.3,903.2,208.3,79.14,99,44,83,1032.1,823.3,2.0,2,0
1782926495.264,1240.874,248.0,79.14,99,42,88,926.9,963.1,227.2,79.15,99,43,81,929.9,936.7,223.1,79.15,99,47,87,937.4,911.5,208.4,79.14,99,44,83,983.0,756.2,2.0,2,0
1782926495.712,1241.322,248.0,79.14,99,42,88,1016.2,960.2,227.2,79.15,99,43,81,939.2,939.2,223.0,79.15,99,47,87,929.6,987.0,208.3,79.14,99,44,83,902.7,761.2,2.0,2,0
1782926496.157,1241.767,247.9,79.14,99,42,88,927.2,994.8,227.2,79.15,99,43,81,939.0,946.6,223.0,79.15,99,47,87,1012.3,874.1,208.3,79.14,99,44,83,900.4,848.5,2.0,2,0
1782926496.597,1242.207,247.9,79.14,99,42,88,941.3,870.5,227.0,79.15,99,43,81,1026.1,947.6,223.2,79.15,99,47,87,923.7,987.4,208.1,79.14,99,44,83,1067.0,858.3,2.0,2,0
1782926497.044,1242.654,247.9,79.14,99,42,88,1008.4,903.3,227.2,79.15,99,43,81,1010.2,1073.8,223.5,79.15,99,47,87,1040.4,879.5,208.2,79.14,99,44,83,904.2,830.9,2.0,2,0
1782926497.493,1243.102,247.6,79.14,99,42,88,929.6,875.7,227.1,79.15,99,43,81,1018.3,955.9,223.2,79.15,99,47,87,925.0,964.5,208.4,79.14,99,44,83,905.4,752.6,2.0,2,0
1782926497.933,1243.543,247.4,79.14,99,42,88,938.6,980.7,227.0,79.15,99,43,81,942.3,1005.3,223.2,79.15,99,48,87,927.1,869.8,208.6,79.14,99,44,83,984.0,755.8,2.0,2,0
1782926498.374,1243.984,247.2,79.14,99,42,88,923.0,888.2,227.0,79.15,99,43,81,1015.9,936.6,223.1,79.15,99,48,87,923.3,939.4,208.4,79.14,99,44,83,905.4,833.5,2.0,2,0
1782926498.816,1244.426,247.5,79.14,99,42,88,1003.9,904.9,227.0,79.15,99,43,81,938.1,1027.2,223.0,79.15,99,47,87,929.2,875.5,208.3,79.14,99,44,83,983.3,764.2,2.0,2,0
1782926499.257,1244.867,247.8,79.14,99,42,88,923.4,961.3,227.1,79.15,99,43,81,939.6,950.2,223.2,79.15,99,47,87,1007.3,906.7,208.4,79.14,99,44,83,898.6,831.9,2.0,2,0
1782926499.698,1245.308,247.7,79.14,99,42,88,1013.3,931.9,227.2,79.15,99,43,81,1025.4,969.4,223.3,79.15,99,48,87,973.5,962.2,208.4,79.14,99,44,83,904.6,748.9,2.0,2,0
1782926500.563,1246.173,248.2,79.14,99,42,88,936.0,874.0,226.9,79.15,99,43,81,1018.0,957.3,223.4,79.15,99,47,87,923.3,958.9,208.3,79.14,99,44,83,606.9,0.7,2.0,2,0
1782926501.007,1246.617,248.2,79.14,99,42,88,2.4,0.5,226.7,79.15,99,44,81,0.6,0.5,220.6,79.15,66,32,87,0.7,1.0,203.9,79.14,50,22,81,0.7,0.5,2.0,2,0
