{
  "num_samples": 626,
  "duration_s": 280.2213885784149,
  "mean_power_w": 1014.2913785942492,
  "max_power_w": 1149.738,
  "min_power_w": 373.985,
  "p50_power_w": 1091.53,
  "p95_power_w": 1147.117,
  "mean_gpu_util_pct": 94.78554313099042,
  "max_gpu_util_pct": 100.0,
  "mean_gpu_mem_bw_util_pct": 32.968051118210866,
  "max_gpu_mem_bw_util_pct": 44.0,
  "mean_gpu_mem_used_gb": 343.688232421875,
  "max_gpu_mem_used_gb": 343.688232421875,
  "mean_gpu_temp_c": 88.2923322683706,
  "max_gpu_temp_c": 91.0,
  "mean_pcie_tx_mb_s": 26717.067030251597,
  "max_pcie_tx_mb_s": 98145.8876953125,
  "mean_pcie_rx_mb_s": 33766.556217863916,
  "max_pcie_rx_mb_s": 132259.525390625,
  "mean_kv_cache_pct": 34.04952076677316,
  "max_kv_cache_pct": 60.0,
  "p50_kv_cache_pct": 37.0,
  "p95_kv_cache_pct": 60.0,
  "mean_requests_running": 33.97923322683706,
  "max_requests_running": 48.0,
  "mean_requests_waiting": 4.241214057507987,
  "max_requests_waiting": 36.0
}