{
  "num_samples": 4074,
  "duration_s": 1748.8418097496033,
  "mean_power_w": 933.4118321060383,
  "max_power_w": 1029.132,
  "min_power_w": 79.245,
  "p50_power_w": 981.03,
  "p95_power_w": 1000.023,
  "mean_gpu_util_pct": 94.00840697103584,
  "max_gpu_util_pct": 100.0,
  "mean_gpu_mem_bw_util_pct": 25.010002454590083,
  "max_gpu_mem_bw_util_pct": 68.75,
  "mean_gpu_mem_used_gb": 362.19140625,
  "max_gpu_mem_used_gb": 362.19140625,
  "mean_gpu_temp_c": 87.04320078546883,
  "max_gpu_temp_c": 92.0,
  "mean_pcie_tx_mb_s": 33306.1330220031,
  "max_pcie_tx_mb_s": 92978.671875,
  "mean_pcie_rx_mb_s": 28967.191827892966,
  "max_pcie_rx_mb_s": 87420.0029296875,
  "mean_kv_cache_pct": 80.4767351795908,
  "max_kv_cache_pct": 99.99575700359594,
  "p50_kv_cache_pct": 94.8426378708644,
  "p95_kv_cache_pct": 98.48525028375037,
  "mean_requests_running": 19.483672968328015,
  "max_requests_running": 32.0,
  "mean_requests_waiting": 8.101644979130862,
  "max_requests_waiting": 28.0
}