{
  "num_samples": 2728,
  "duration_s": 943.5712265968323,
  "mean_power_w": 567.4160018328446,
  "max_power_w": 596.596,
  "min_power_w": 52.204,
  "p50_power_w": 578.976,
  "p95_power_w": 586.6469999999999,
  "mean_gpu_util_pct": 95.3491568914956,
  "max_gpu_util_pct": 100.0,
  "mean_gpu_mem_bw_util_pct": 48.73863636363637,
  "max_gpu_mem_bw_util_pct": 52.5,
  "mean_gpu_mem_used_gb": 176.45361328125,
  "max_gpu_mem_used_gb": 176.45361328125,
  "mean_gpu_temp_c": 84.96260997067449,
  "max_gpu_temp_c": 89.0,
  "mean_pcie_tx_mb_s": 3104.5914159869867,
  "max_pcie_tx_mb_s": 43422.3447265625,
  "mean_pcie_rx_mb_s": 3137.0304198502795,
  "max_pcie_rx_mb_s": 37801.181640625,
  "mean_kv_cache_pct": 7.646529665089438,
  "max_kv_cache_pct": 8.79053796260969,
  "p50_kv_cache_pct": 8.241129339946585,
  "p95_kv_cache_pct": 8.744753910721103,
  "mean_requests_running": 1.8581378299120235,
  "max_requests_running": 2.0,
  "mean_requests_waiting": 0.0,
  "max_requests_waiting": 0.0
}