{
  "num_samples": 707,
  "duration_s": 303.4181923866272,
  "mean_power_w": 864.7814229137199,
  "max_power_w": 1011.239,
  "min_power_w": 107.42099999999999,
  "p50_power_w": 964.286,
  "p95_power_w": 1000.102,
  "mean_gpu_util_pct": 92.41159830268741,
  "max_gpu_util_pct": 100.0,
  "mean_gpu_mem_bw_util_pct": 37.992574257425744,
  "max_gpu_mem_bw_util_pct": 58.0,
  "mean_gpu_mem_used_gb": 367.381103515625,
  "max_gpu_mem_used_gb": 367.381103515625,
  "mean_gpu_temp_c": 86.57425742574257,
  "max_gpu_temp_c": 90.0,
  "mean_pcie_tx_mb_s": 46879.252269437326,
  "max_pcie_tx_mb_s": 121881.607421875,
  "mean_pcie_rx_mb_s": 43639.83652730507,
  "max_pcie_rx_mb_s": 94840.3740234375,
  "mean_kv_cache_pct": 52.353735373537354,
  "max_kv_cache_pct": 88.93939393939394,
  "p50_kv_cache_pct": 55.00000000000001,
  "p95_kv_cache_pct": 87.27272727272728,
  "mean_requests_running": 50.74823196605375,
  "max_requests_running": 72.0,
  "mean_requests_waiting": 6.538896746817539,
  "max_requests_waiting": 48.0
}