{
  "num_samples": 1908,
  "duration_s": 662.7455513477325,
  "mean_power_w": 572.2752693920336,
  "max_power_w": 608.138,
  "min_power_w": 48.42,
  "p50_power_w": 599.985,
  "p95_power_w": 601.677,
  "mean_gpu_util_pct": 94.12631027253668,
  "max_gpu_util_pct": 100.0,
  "mean_gpu_mem_bw_util_pct": 53.9211215932914,
  "max_gpu_mem_bw_util_pct": 73.5,
  "mean_gpu_mem_used_gb": 176.45361328125,
  "max_gpu_mem_used_gb": 176.45361328125,
  "mean_gpu_temp_c": 85.54559748427673,
  "max_gpu_temp_c": 91.0,
  "mean_pcie_tx_mb_s": 8651.74092124443,
  "max_pcie_tx_mb_s": 55448.052734375,
  "mean_pcie_rx_mb_s": 8398.084815067316,
  "max_pcie_rx_mb_s": 60971.693359375,
  "mean_kv_cache_pct": 78.63852835147819,
  "max_kv_cache_pct": 99.1835177413201,
  "p50_kv_cache_pct": 94.63563525371995,
  "p95_kv_cache_pct": 98.93933613124761,
  "mean_requests_running": 11.823899371069182,
  "max_requests_running": 32.0,
  "mean_requests_waiting": 0.0,
  "max_requests_waiting": 0.0
}