{
  "num_samples": 3622,
  "duration_s": 1558.2392365932465,
  "mean_power_w": 752.7404660408614,
  "max_power_w": 1007.63,
  "min_power_w": 100.124,
  "p50_power_w": 679.248,
  "p95_power_w": 998.25,
  "mean_gpu_util_pct": 97.77754003313086,
  "max_gpu_util_pct": 100.0,
  "mean_gpu_mem_bw_util_pct": 18.585795140806184,
  "max_gpu_mem_bw_util_pct": 50.5,
  "mean_gpu_mem_used_gb": 373.09765625,
  "max_gpu_mem_used_gb": 373.09765625,
  "mean_gpu_temp_c": 85.14025400331309,
  "max_gpu_temp_c": 91.0,
  "mean_pcie_tx_mb_s": 58181.203814956774,
  "max_pcie_tx_mb_s": 124852.3642578125,
  "mean_pcie_rx_mb_s": 49773.418012698006,
  "max_pcie_rx_mb_s": 105680.8759765625,
  "mean_kv_cache_pct": 18.906964456294197,
  "max_kv_cache_pct": 29.34196332254585,
  "p50_kv_cache_pct": 18.421880618482554,
  "p95_kv_cache_pct": 28.923948220064723,
  "mean_requests_running": 16.90447266703479,
  "max_requests_running": 24.0,
  "mean_requests_waiting": 2.8351739370513527,
  "max_requests_waiting": 17.0
}