{
  "num_samples": 1508,
  "duration_s": 642.9714951515198,
  "mean_power_w": 982.6193388594164,
  "max_power_w": 1008.141,
  "min_power_w": 245.476,
  "p50_power_w": 1000.013,
  "p95_power_w": 1001.123,
  "mean_gpu_util_pct": 96.41561671087533,
  "max_gpu_util_pct": 99.0,
  "mean_gpu_mem_bw_util_pct": 46.80553713527851,
  "max_gpu_mem_bw_util_pct": 48.75,
  "mean_gpu_mem_used_gb": 334.26953125,
  "max_gpu_mem_used_gb": 334.26953125,
  "mean_gpu_temp_c": 86.79907161803713,
  "max_gpu_temp_c": 89.0,
  "mean_pcie_tx_mb_s": 16659.070758040452,
  "max_pcie_tx_mb_s": 30831.533203125,
  "mean_pcie_rx_mb_s": 14957.818475940816,
  "max_pcie_rx_mb_s": 28180.544921875,
  "mean_kv_cache_pct": 2.4051486879993744,
  "max_kv_cache_pct": 2.876663070837826,
  "p50_kv_cache_pct": 2.564275440489028,
  "p95_kv_cache_pct": 2.8474469615246356,
  "mean_requests_running": 7.764588859416445,
  "max_requests_running": 8.0,
  "mean_requests_waiting": 0.0,
  "max_requests_waiting": 0.0
}