{
  "num_samples": 1831,
  "duration_s": 787.2112739086151,
  "mean_power_w": 886.889653741125,
  "max_power_w": 1026.025,
  "min_power_w": 89.028,
  "p50_power_w": 910.008,
  "p95_power_w": 1000.052,
  "mean_gpu_util_pct": 92.86045876570181,
  "max_gpu_util_pct": 100.0,
  "mean_gpu_mem_bw_util_pct": 29.413435281267066,
  "max_gpu_mem_bw_util_pct": 65.5,
  "mean_gpu_mem_used_gb": 362.19140625,
  "max_gpu_mem_used_gb": 362.19140625,
  "mean_gpu_temp_c": 86.79410158383396,
  "max_gpu_temp_c": 92.0,
  "mean_pcie_tx_mb_s": 39807.703468476924,
  "max_pcie_tx_mb_s": 95558.021484375,
  "mean_pcie_rx_mb_s": 33630.9451999633,
  "max_pcie_rx_mb_s": 74392.1708984375,
  "mean_kv_cache_pct": 71.67474318096919,
  "max_kv_cache_pct": 99.99893925089899,
  "p50_kv_cache_pct": 90.48083756749016,
  "p95_kv_cache_pct": 99.26914386940057,
  "mean_requests_running": 35.29492080830148,
  "max_requests_running": 48.0,
  "mean_requests_waiting": 5.6253413435281265,
  "max_requests_waiting": 42.0
}