{
  "num_samples": 4299,
  "duration_s": 1842.6856632232666,
  "mean_power_w": 936.9618315887416,
  "max_power_w": 1027.963,
  "min_power_w": 78.918,
  "p50_power_w": 982.815,
  "p95_power_w": 1000.013,
  "mean_gpu_util_pct": 93.9157943707839,
  "max_gpu_util_pct": 100.0,
  "mean_gpu_mem_bw_util_pct": 24.25261688764829,
  "max_gpu_mem_bw_util_pct": 54.75,
  "mean_gpu_mem_used_gb": 362.19140625,
  "max_gpu_mem_used_gb": 362.19140625,
  "mean_gpu_temp_c": 87.54012561060712,
  "max_gpu_temp_c": 92.0,
  "mean_pcie_tx_mb_s": 31171.19943795977,
  "max_pcie_tx_mb_s": 91603.3828125,
  "mean_pcie_rx_mb_s": 27190.11834760809,
  "max_pcie_rx_mb_s": 79245.7080078125,
  "mean_kv_cache_pct": 21.835188128023027,
  "max_kv_cache_pct": 35.30173008178375,
  "p50_kv_cache_pct": 26.07321290295207,
  "p95_kv_cache_pct": 35.19989816808631,
  "mean_requests_running": 5.095138404280065,
  "max_requests_running": 8.0,
  "mean_requests_waiting": 1.6471272388927658,
  "max_requests_waiting": 6.0
}