{
  "num_samples": 4280,
  "duration_s": 1840.2393567562103,
  "mean_power_w": 935.6391306074767,
  "max_power_w": 1027.396,
  "min_power_w": 77.378,
  "p50_power_w": 980.123,
  "p95_power_w": 1000.05,
  "mean_gpu_util_pct": 94.31997663551402,
  "max_gpu_util_pct": 100.0,
  "mean_gpu_mem_bw_util_pct": 24.060338785046728,
  "max_gpu_mem_bw_util_pct": 69.0,
  "mean_gpu_mem_used_gb": 362.19140625,
  "max_gpu_mem_used_gb": 362.19140625,
  "mean_gpu_temp_c": 86.66939252336448,
  "max_gpu_temp_c": 92.0,
  "mean_pcie_tx_mb_s": 32310.997337270004,
  "max_pcie_tx_mb_s": 95912.212890625,
  "mean_pcie_rx_mb_s": 27731.025343622227,
  "max_pcie_rx_mb_s": 77268.3681640625,
  "mean_kv_cache_pct": 76.24940799126409,
  "max_kv_cache_pct": 99.99787850179797,
  "p50_kv_cache_pct": 94.67928250930807,
  "p95_kv_cache_pct": 98.67618512193312,
  "mean_requests_running": 24.294365209258828,
  "max_requests_running": 96.0,
  "mean_requests_waiting": 42.19125555295768,
  "max_requests_waiting": 90.0
}