{
  "num_samples": 4256,
  "duration_s": 1818.071037054062,
  "mean_power_w": 961.4431452067669,
  "max_power_w": 1019.578,
  "min_power_w": 97.566,
  "p50_power_w": 999.962,
  "p95_power_w": 1007.168,
  "mean_gpu_util_pct": 96.6281132518797,
  "max_gpu_util_pct": 100.0,
  "mean_gpu_mem_bw_util_pct": 35.261160714285715,
  "max_gpu_mem_bw_util_pct": 39.0,
  "mean_gpu_mem_used_gb": 367.381103515625,
  "max_gpu_mem_used_gb": 367.381103515625,
  "mean_gpu_temp_c": 87.77279135338345,
  "max_gpu_temp_c": 90.0,
  "mean_pcie_tx_mb_s": 11716.976709580958,
  "max_pcie_tx_mb_s": 95068.8095703125,
  "mean_pcie_rx_mb_s": 11483.669545797477,
  "max_pcie_rx_mb_s": 78759.25390625,
  "mean_kv_cache_pct": 1.5247992139439528,
  "max_kv_cache_pct": 2.2727272727272707,
  "p50_kv_cache_pct": 1.8181818181818188,
  "p95_kv_cache_pct": 1.8181818181818188,
  "mean_requests_running": 0.8620770676691729,
  "max_requests_running": 1.0,
  "mean_requests_waiting": 0.0,
  "max_requests_waiting": 0.0
}