{
  "num_samples": 7796,
  "duration_s": 3337.5779781341553,
  "mean_power_w": 873.7449951257055,
  "max_power_w": 1023.539,
  "min_power_w": 92.933,
  "p50_power_w": 808.124,
  "p95_power_w": 1000.097,
  "mean_gpu_util_pct": 98.2186698306824,
  "max_gpu_util_pct": 100.0,
  "mean_gpu_mem_bw_util_pct": 27.02927783478707,
  "max_gpu_mem_bw_util_pct": 51.0,
  "mean_gpu_mem_used_gb": 373.09765625,
  "max_gpu_mem_used_gb": 373.09765625,
  "mean_gpu_temp_c": 87.29810159055926,
  "max_gpu_temp_c": 91.0,
  "mean_pcie_tx_mb_s": 50284.019858441025,
  "max_pcie_tx_mb_s": 129389.97265625,
  "mean_pcie_rx_mb_s": 44235.63082455145,
  "max_pcie_rx_mb_s": 104342.7001953125,
  "mean_kv_cache_pct": 7.042357385443149,
  "max_kv_cache_pct": 9.492988133764834,
  "p50_kv_cache_pct": 9.207569219705148,
  "p95_kv_cache_pct": 9.457029845379362,
  "mean_requests_running": 3.0670856849666497,
  "max_requests_running": 4.0,
  "mean_requests_waiting": 0.2879681888147768,
  "max_requests_waiting": 1.0
}