{
  "num_samples": 412,
  "duration_s": 176.16121006011963,
  "mean_power_w": 935.9430509708737,
  "max_power_w": 1021.116,
  "min_power_w": 366.605,
  "p50_power_w": 999.975,
  "p95_power_w": 1000.1510000000001,
  "mean_gpu_util_pct": 89.54733009708738,
  "max_gpu_util_pct": 100.0,
  "mean_gpu_mem_bw_util_pct": 41.875,
  "max_gpu_mem_bw_util_pct": 51.0,
  "mean_gpu_mem_used_gb": 326.48828125,
  "max_gpu_mem_used_gb": 326.48828125,
  "mean_gpu_temp_c": 86.9126213592233,
  "max_gpu_temp_c": 89.0,
  "mean_pcie_tx_mb_s": 14850.6709861385,
  "max_pcie_tx_mb_s": 29906.81640625,
  "mean_pcie_rx_mb_s": 13619.704141857555,
  "max_pcie_rx_mb_s": 27108.068359375,
  "mean_kv_cache_pct": 8.116213611800227,
  "max_kv_cache_pct": 13.569102500185625,
  "p50_kv_cache_pct": 11.41366032692287,
  "p95_kv_cache_pct": 13.314522715942001,
  "mean_requests_running": 32.12378640776699,
  "max_requests_running": 40.0,
  "mean_requests_waiting": 0.0,
  "max_requests_waiting": 0.0
}