{
  "num_samples": 657,
  "duration_s": 293.79130482673645,
  "mean_power_w": 1042.051908675799,
  "max_power_w": 1168.3180000000002,
  "min_power_w": 386.186,
  "p50_power_w": 1151.216,
  "p95_power_w": 1165.953,
  "mean_gpu_util_pct": 94.92009132420091,
  "max_gpu_util_pct": 100.0,
  "mean_gpu_mem_bw_util_pct": 34.82952815829528,
  "max_gpu_mem_bw_util_pct": 44.5,
  "mean_gpu_mem_used_gb": 343.688232421875,
  "max_gpu_mem_used_gb": 343.688232421875,
  "mean_gpu_temp_c": 88.65144596651446,
  "max_gpu_temp_c": 92.0,
  "mean_pcie_tx_mb_s": 27777.25301887129,
  "max_pcie_tx_mb_s": 99533.373046875,
  "mean_pcie_rx_mb_s": 34526.49556162005,
  "max_pcie_rx_mb_s": 132164.0595703125,
  "mean_kv_cache_pct": 31.073059360730593,
  "max_kv_cache_pct": 50.0,
  "p50_kv_cache_pct": 40.0,
  "p95_kv_cache_pct": 50.0,
  "mean_requests_running": 29.97108066971081,
  "max_requests_running": 40.0,
  "mean_requests_waiting": 3.554033485540335,
  "max_requests_waiting": 31.0
}