{
  "num_samples": 667,
  "duration_s": 285.33356523513794,
  "mean_power_w": 1067.7170854572714,
  "max_power_w": 1192.269,
  "min_power_w": 297.726,
  "p50_power_w": 1175.5819999999999,
  "p95_power_w": 1189.403,
  "mean_gpu_util_pct": 92.90029985007496,
  "max_gpu_util_pct": 100.0,
  "mean_gpu_mem_bw_util_pct": 47.1064467766117,
  "max_gpu_mem_bw_util_pct": 59.25,
  "mean_gpu_mem_used_gb": 367.400634765625,
  "max_gpu_mem_used_gb": 367.400634765625,
  "mean_gpu_temp_c": 90.00749625187406,
  "max_gpu_temp_c": 92.0,
  "mean_pcie_tx_mb_s": 28280.058769443403,
  "max_pcie_tx_mb_s": 97849.208984375,
  "mean_pcie_rx_mb_s": 31939.41167892616,
  "max_pcie_rx_mb_s": 84029.2021484375,
  "mean_kv_cache_pct": 12.86084230611967,
  "max_kv_cache_pct": 18.48484848484848,
  "p50_kv_cache_pct": 14.54545454545455,
  "p95_kv_cache_pct": 18.03030303030303,
  "mean_requests_running": 14.653673163418292,
  "max_requests_running": 16.0,
  "mean_requests_waiting": 0.0,
  "max_requests_waiting": 0.0
}