{
  "num_samples": 528,
  "duration_s": 226.26036620140076,
  "mean_power_w": 1036.8046571969696,
  "max_power_w": 1203.412,
  "min_power_w": 382.152,
  "p50_power_w": 1191.807,
  "p95_power_w": 1200.712,
  "mean_gpu_util_pct": 92.22395833333333,
  "max_gpu_util_pct": 100.0,
  "mean_gpu_mem_bw_util_pct": 43.80397727272727,
  "max_gpu_mem_bw_util_pct": 61.25,
  "mean_gpu_mem_used_gb": 367.400634765625,
  "max_gpu_mem_used_gb": 367.400634765625,
  "mean_gpu_temp_c": 89.02462121212122,
  "max_gpu_temp_c": 92.0,
  "mean_pcie_tx_mb_s": 43551.72939786044,
  "max_pcie_tx_mb_s": 124181.927734375,
  "mean_pcie_rx_mb_s": 41788.3242372455,
  "max_pcie_rx_mb_s": 105282.1513671875,
  "mean_kv_cache_pct": 46.2465564738292,
  "max_kv_cache_pct": 65.45454545454545,
  "p50_kv_cache_pct": 50.90909090909091,
  "p95_kv_cache_pct": 65.45454545454545,
  "mean_requests_running": 55.83522727272727,
  "max_requests_running": 72.0,
  "mean_requests_waiting": 1.9375,
  "max_requests_waiting": 33.0
}