{
  "num_samples": 898,
  "duration_s": 383.3292667865753,
  "mean_power_w": 944.6037873051225,
  "max_power_w": 980.153,
  "min_power_w": 366.08799999999997,
  "p50_power_w": 971.833,
  "p95_power_w": 978.4359999999999,
  "mean_gpu_util_pct": 95.1542316258352,
  "max_gpu_util_pct": 99.25,
  "mean_gpu_mem_bw_util_pct": 41.2825723830735,
  "max_gpu_mem_bw_util_pct": 46.0,
  "mean_gpu_mem_used_gb": 334.19140625,
  "max_gpu_mem_used_gb": 334.19140625,
  "mean_gpu_temp_c": 86.41870824053453,
  "max_gpu_temp_c": 89.0,
  "mean_pcie_tx_mb_s": 29675.2277500348,
  "max_pcie_tx_mb_s": 35063.369140625,
  "mean_pcie_rx_mb_s": 27822.943971629662,
  "max_pcie_rx_mb_s": 36834.646484375,
  "mean_kv_cache_pct": 2.527248514217939,
  "max_kv_cache_pct": 3.4519956850053934,
  "p50_kv_cache_pct": 2.786767349874142,
  "p95_kv_cache_pct": 3.381202804746497,
  "mean_requests_running": 15.255011135857462,
  "max_requests_running": 16.0,
  "mean_requests_waiting": 0.0,
  "max_requests_waiting": 0.0
}