{
  "num_samples": 1708,
  "duration_s": 733.4638028144836,
  "mean_power_w": 929.9910234192038,
  "max_power_w": 1207.192,
  "min_power_w": 89.23400000000001,
  "p50_power_w": 916.782,
  "p95_power_w": 1200.364,
  "mean_gpu_util_pct": 91.91232435597189,
  "max_gpu_util_pct": 100.0,
  "mean_gpu_mem_bw_util_pct": 30.556645199063233,
  "max_gpu_mem_bw_util_pct": 63.5,
  "mean_gpu_mem_used_gb": 367.400634765625,
  "max_gpu_mem_used_gb": 367.400634765625,
  "mean_gpu_temp_c": 86.80503512880563,
  "max_gpu_temp_c": 94.0,
  "mean_pcie_tx_mb_s": 53340.212034703414,
  "max_pcie_tx_mb_s": 139077.69140625,
  "mean_pcie_rx_mb_s": 47212.374397367166,
  "max_pcie_rx_mb_s": 108648.576171875,
  "mean_kv_cache_pct": 42.46425023064368,
  "max_kv_cache_pct": 73.33333333333334,
  "p50_kv_cache_pct": 39.090909090909086,
  "p95_kv_cache_pct": 72.72727272727273,
  "mean_requests_running": 15.269320843091334,
  "max_requests_running": 24.0,
  "mean_requests_waiting": 4.3776346604215455,
  "max_requests_waiting": 19.0
}