{
  "num_samples": 8180,
  "duration_s": 2812.258914232254,
  "mean_power_w": 578.2956070904645,
  "max_power_w": 608.868,
  "min_power_w": 45.513000000000005,
  "p50_power_w": 599.979,
  "p95_power_w": 603.203,
  "mean_gpu_util_pct": 95.52677261613692,
  "max_gpu_util_pct": 100.0,
  "mean_gpu_mem_bw_util_pct": 32.96668704156479,
  "max_gpu_mem_bw_util_pct": 67.5,
  "mean_gpu_mem_used_gb": 176.45361328125,
  "max_gpu_mem_used_gb": 176.45361328125,
  "mean_gpu_temp_c": 87.88484107579463,
  "max_gpu_temp_c": 92.0,
  "mean_pcie_tx_mb_s": 6756.677277969323,
  "max_pcie_tx_mb_s": 70522.2109375,
  "mean_pcie_rx_mb_s": 6785.63546927529,
  "max_pcie_rx_mb_s": 65540.634765625,
  "mean_kv_cache_pct": 82.54741140067668,
  "max_kv_cache_pct": 95.23082792827165,
  "p50_kv_cache_pct": 93.99465852727967,
  "p95_kv_cache_pct": 95.04769172071728,
  "mean_requests_running": 2.8788508557457213,
  "max_requests_running": 16.0,
  "mean_requests_waiting": 0.0,
  "max_requests_waiting": 0.0
}