{
  "num_samples": 568,
  "duration_s": 243.9087429046631,
  "mean_power_w": 894.8450757042253,
  "max_power_w": 1028.754,
  "min_power_w": 365.179,
  "p50_power_w": 999.899,
  "p95_power_w": 1000.1510000000001,
  "mean_gpu_util_pct": 92.83978873239437,
  "max_gpu_util_pct": 100.0,
  "mean_gpu_mem_bw_util_pct": 42.40845070422535,
  "max_gpu_mem_bw_util_pct": 57.5,
  "mean_gpu_mem_used_gb": 367.381103515625,
  "max_gpu_mem_used_gb": 367.381103515625,
  "mean_gpu_temp_c": 86.96126760563381,
  "max_gpu_temp_c": 90.0,
  "mean_pcie_tx_mb_s": 42304.41026972381,
  "max_pcie_tx_mb_s": 143573.6572265625,
  "mean_pcie_rx_mb_s": 40021.28879944707,
  "max_pcie_rx_mb_s": 88222.419921875,
  "mean_kv_cache_pct": 49.06129961587708,
  "max_kv_cache_pct": 74.54545454545455,
  "p50_kv_cache_pct": 52.121212121212125,
  "p95_kv_cache_pct": 72.72727272727273,
  "mean_requests_running": 59.526408450704224,
  "max_requests_running": 80.0,
  "mean_requests_waiting": 1.795774647887324,
  "max_requests_waiting": 33.0
}