{
  "num_samples": 1112,
  "duration_s": 476.3498911857605,
  "mean_power_w": 970.7311636690647,
  "max_power_w": 1192.601,
  "min_power_w": 97.771,
  "p50_power_w": 898.568,
  "p95_power_w": 1187.872,
  "mean_gpu_util_pct": 92.22819244604317,
  "max_gpu_util_pct": 100.0,
  "mean_gpu_mem_bw_util_pct": 37.14163669064748,
  "max_gpu_mem_bw_util_pct": 60.0,
  "mean_gpu_mem_used_gb": 367.400634765625,
  "max_gpu_mem_used_gb": 367.400634765625,
  "mean_gpu_temp_c": 87.72571942446044,
  "max_gpu_temp_c": 93.0,
  "mean_pcie_tx_mb_s": 45133.30737655969,
  "max_pcie_tx_mb_s": 129518.755859375,
  "mean_pcie_rx_mb_s": 42150.15684103108,
  "max_pcie_rx_mb_s": 106723.7705078125,
  "mean_kv_cache_pct": 20.51477000218007,
  "max_kv_cache_pct": 30.454545454545457,
  "p50_kv_cache_pct": 26.66666666666667,
  "p95_kv_cache_pct": 29.09090909090909,
  "mean_requests_running": 12.275179856115107,
  "max_requests_running": 16.0,
  "mean_requests_waiting": 2.0026978417266186,
  "max_requests_waiting": 10.0
}