{
  "num_samples": 505,
  "duration_s": 216.5973219871521,
  "mean_power_w": 912.6674455445544,
  "max_power_w": 1019.88,
  "min_power_w": 380.226,
  "p50_power_w": 999.914,
  "p95_power_w": 1000.203,
  "mean_gpu_util_pct": 93.18564356435644,
  "max_gpu_util_pct": 100.0,
  "mean_gpu_mem_bw_util_pct": 44.77277227722772,
  "max_gpu_mem_bw_util_pct": 57.25,
  "mean_gpu_mem_used_gb": 367.381103515625,
  "max_gpu_mem_used_gb": 367.381103515625,
  "mean_gpu_temp_c": 87.2,
  "max_gpu_temp_c": 90.0,
  "mean_pcie_tx_mb_s": 38699.828668394184,
  "max_pcie_tx_mb_s": 137073.8818359375,
  "mean_pcie_rx_mb_s": 37896.70489248144,
  "max_pcie_rx_mb_s": 105778.681640625,
  "mean_kv_cache_pct": 47.90699069906991,
  "max_kv_cache_pct": 66.66666666666667,
  "p50_kv_cache_pct": 66.66666666666667,
  "p95_kv_cache_pct": 66.66666666666667,
  "mean_requests_running": 65.8990099009901,
  "max_requests_running": 88.0,
  "mean_requests_waiting": 2.4396039603960396,
  "max_requests_waiting": 33.0
}