{
  "num_samples": 5051,
  "duration_s": 2266.029998779297,
  "mean_power_w": 861.7358026133439,
  "max_power_w": 951.689,
  "min_power_w": 92.31,
  "p50_power_w": 927.7280000000001,
  "p95_power_w": 944.46,
  "mean_gpu_util_pct": 97.43149871312612,
  "max_gpu_util_pct": 100.0,
  "mean_gpu_mem_bw_util_pct": 21.23841813502277,
  "max_gpu_mem_bw_util_pct": 28.5,
  "mean_gpu_mem_used_gb": 343.930419921875,
  "max_gpu_mem_used_gb": 343.930419921875,
  "mean_gpu_temp_c": 87.05008909126906,
  "max_gpu_temp_c": 91.0,
  "mean_pcie_tx_mb_s": 26249.2757067366,
  "max_pcie_tx_mb_s": 102359.21484375,
  "mean_pcie_rx_mb_s": 35077.40313006552,
  "max_pcie_rx_mb_s": 139083.8583984375,
  "mean_kv_cache_pct": 24.90279152643041,
  "max_kv_cache_pct": 37.0,
  "p50_kv_cache_pct": 28.999999999999996,
  "p95_kv_cache_pct": 31.0,
  "mean_requests_running": 2.4668382498515147,
  "max_requests_running": 4.0,
  "mean_requests_waiting": 0.697881607602455,
  "max_requests_waiting": 3.0
}