{
  "num_samples": 856,
  "duration_s": 365.8923988342285,
  "mean_power_w": 947.1932628504672,
  "max_power_w": 1011.74,
  "min_power_w": 103.012,
  "p50_power_w": 991.325,
  "p95_power_w": 1000.006,
  "mean_gpu_util_pct": 93.16910046728972,
  "max_gpu_util_pct": 99.0,
  "mean_gpu_mem_bw_util_pct": 40.72108644859813,
  "max_gpu_mem_bw_util_pct": 48.75,
  "mean_gpu_mem_used_gb": 335.44140625,
  "max_gpu_mem_used_gb": 335.44140625,
  "mean_gpu_temp_c": 87.0035046728972,
  "max_gpu_temp_c": 89.0,
  "mean_pcie_tx_mb_s": 32872.65953905338,
  "max_pcie_tx_mb_s": 45030.568359375,
  "mean_pcie_rx_mb_s": 30872.500932069583,
  "max_pcie_rx_mb_s": 40781.37109375,
  "mean_kv_cache_pct": 11.006369731438634,
  "max_kv_cache_pct": 15.533980582524276,
  "p50_kv_cache_pct": 14.313646170442285,
  "p95_kv_cache_pct": 15.395765911542615,
  "mean_requests_running": 20.814252336448597,
  "max_requests_running": 24.0,
  "mean_requests_waiting": 0.0,
  "max_requests_waiting": 0.0
}