{
  "num_samples": 4234,
  "duration_s": 1818.3249051570892,
  "mean_power_w": 936.8172753897024,
  "max_power_w": 1021.618,
  "min_power_w": 77.706,
  "p50_power_w": 982.28,
  "p95_power_w": 1000.042,
  "mean_gpu_util_pct": 94.23535663675011,
  "max_gpu_util_pct": 100.0,
  "mean_gpu_mem_bw_util_pct": 24.409423712801132,
  "max_gpu_mem_bw_util_pct": 69.25,
  "mean_gpu_mem_used_gb": 362.19140625,
  "max_gpu_mem_used_gb": 362.19140625,
  "mean_gpu_temp_c": 87.28578176665093,
  "max_gpu_temp_c": 92.0,
  "mean_pcie_tx_mb_s": 32780.72186974123,
  "max_pcie_tx_mb_s": 99125.5537109375,
  "mean_pcie_rx_mb_s": 28518.656974925823,
  "max_pcie_rx_mb_s": 78392.6591796875,
  "mean_kv_cache_pct": 78.12826389640976,
  "max_kv_cache_pct": 100.0,
  "p50_kv_cache_pct": 94.70686198593447,
  "p95_kv_cache_pct": 99.32430282265335,
  "mean_requests_running": 22.16280718336484,
  "max_requests_running": 80.0,
  "mean_requests_waiting": 37.053166351606805,
  "max_requests_waiting": 74.0
}