timestamp,elapsed_s,gpu0_power_w,gpu0_mem_used_gb,gpu0_util_pct,gpu0_mem_bw_util_pct,gpu0_temp_c,gpu0_pcie_tx_mb_s,gpu0_pcie_rx_mb_s,gpu1_power_w,gpu1_mem_used_gb,gpu1_util_pct,gpu1_mem_bw_util_pct,gpu1_temp_c,gpu1_pcie_tx_mb_s,gpu1_pcie_rx_mb_s,gpu2_power_w,gpu2_mem_used_gb,gpu2_util_pct,gpu2_mem_bw_util_pct,gpu2_temp_c,gpu2_pcie_tx_mb_s,gpu2_pcie_rx_mb_s,gpu3_power_w,gpu3_mem_used_gb,gpu3_util_pct,gpu3_mem_bw_util_pct,gpu3_temp_c,gpu3_pcie_tx_mb_s,gpu3_pcie_rx_mb_s,kv_cache_pct,requests_running,requests_waiting
1783012158.385,0.000,20.6,79.14,0,0,48,0.7,0.5,14.2,79.15,0,0,36,2.3,0.5,7.0,79.15,0,0,44,0.7,0.6,9.1,79.14,0,0,41,0.7,0.5,0.0,0,0
1783012158.940,0.555,20.6,79.14,0,0,48,2.9,0.7,14.2,79.15,0,0,36,4.5,0.5,7.0,79.15,0,0,44,0.7,0.6,9.4,79.14,0,0,41,2.2,0.5,0.0,0,0
1783012159.387,1.002,20.6,79.14,0,0,48,2.3,0.5,14.1,79.15,0,0,36,0.6,0.5,7.0,79.15,0,0,44,1.6,0.5,9.4,79.14,0,0,41,0.7,0.5,0.0,0,0
1783012159.834,1.449,20.6,79.14,0,0,48,0.7,0.6,14.1,79.15,0,0,36,2.3,0.5,7.5,79.15,0,0,44,0.7,0.7,9.4,79.14,0,0,41,4.5,2.2,0.0,0,0
1783012160.286,1.901,20.6,79.14,0,0,48,2.4,0.5,14.1,79.15,0,0,36,0.7,0.5,7.5,79.15,0,0,44,0.9,1.0,9.3,79.14,0,0,41,0.7,0.5,0.0,0,0
1783012160.733,2.349,20.8,79.14,0,0,48,3.0,4.0,14.2,79.15,0,0,36,6.0,0.7,7.5,79.15,0,0,44,2.8,0.5,9.3,79.14,0,0,41,2.4,0.5,0.0,0,0
1783012161.185,2.801,20.8,79.14,0,0,48,2.3,0.5,14.2,79.15,0,0,36,1.3,4.9,7.5,79.15,0,0,44,5.7,2.3,9.2,79.14,0,0,41,2.9,1.7,0.0,0,0
1783012161.636,3.251,20.5,79.14,0,0,48,0.9,0.5,14.0,79.15,0,0,36,2.4,0.6,7.1,79.15,0,0,44,2.0,1.0,9.2,79.14,0,0,41,2.5,5.7,0.0,0,0
1783012162.098,3.713,20.5,79.14,0,0,48,0.7,0.6,14.0,79.15,0,0,36,0.7,0.5,7.1,79.15,0,0,44,0.8,0.5,9.4,79.14,0,0,41,1.5,0.5,0.0,0,0
1783012162.544,4.159,20.9,79.14,0,0,48,0.7,0.5,14.0,79.15,0,0,36,2.3,0.5,7.5,79.15,0,0,44,0.7,0.5,9.4,79.14,0,0,41,2.4,0.5,0.0,0,0
1783012162.996,4.611,20.9,79.14,0,0,48,0.7,0.5,14.0,79.15,0,0,36,0.7,0.5,7.5,79.15,0,0,44,0.8,0.5,9.3,79.14,0,0,41,0.7,0.5,0.0,0,0
1783012163.443,5.058,20.7,79.14,0,0,48,0.7,0.5,13.6,79.15,0,0,36,2.4,0.5,7.5,79.15,0,0,44,0.7,0.5,9.3,79.14,0,0,41,2.4,0.5,0.0,0,0
1783012163.888,5.503,20.7,79.14,0,0,48,2.4,0.5,13.6,79.15,0,0,36,0.7,2.2,7.5,79.15,0,0,44,3.6,1.6,8.8,79.14,0,0,41,0.9,0.5,0.0,0,0
1783012164.374,5.990,20.7,79.14,0,0,48,0.7,4.4,14.0,79.15,0,0,36,2.9,0.5,7.3,79.15,0,0,44,3.2,0.5,8.8,79.14,0,0,41,0.7,0.5,0.0,0,0
1783012164.823,6.439,20.7,79.14,0,0,48,0.7,0.5,14.0,79.15,0,0,36,1.7,0.5,7.3,79.15,0,0,44,0.7,0.5,8.8,79.14,0,0,41,0.7,2.9,0.0,0,0
1783012165.270,6.885,20.7,79.14,0,0,48,0.7,0.6,14.0,79.15,0,0,36,0.6,0.7,7.4,79.15,0,0,44,2.5,0.5,9.0,79.14,0,0,41,0.8,1.1,0.0,0,0
1783012165.719,7.334,20.9,79.14,0,0,48,5.2,2.5,14.1,79.15,0,0,36,0.7,4.0,7.4,79.15,0,0,44,2.9,0.5,9.0,79.14,0,0,41,0.7,4.9,0.0,0,0
1783012166.172,7.787,20.9,79.14,0,0,48,0.7,0.5,14.1,79.15,0,0,36,0.7,0.5,7.2,79.15,0,0,44,3.0,0.5,9.0,79.14,0,0,41,0.8,0.5,0.0,0,0
1783012166.616,8.232,20.8,79.14,0,0,48,0.7,0.5,14.2,79.15,0,0,36,0.7,0.4,7.2,79.15,0,0,44,0.7,2.5,9.0,79.14,0,0,41,4.7,2.5,0.0,0,0
1783012167.069,8.685,20.8,79.14,0,0,48,0.7,0.6,14.2,79.15,0,0,36,0.7,0.5,7.2,79.15,0,0,44,0.6,0.5,9.0,79.14,0,0,41,0.7,0.5,0.0,0,0
1783012167.515,9.130,20.9,79.14,0,0,48,0.7,0.5,13.4,79.15,0,0,36,0.6,0.6,7.2,79.15,0,0,44,0.7,0.5,9.0,79.14,0,0,41,0.7,0.5,0.0,0,0
1783012167.960,9.575,20.9,79.14,0,0,48,0.7,2.2,13.4,79.15,0,0,36,2.3,0.5,7.3,79.15,0,0,44,0.7,0.5,9.0,79.14,0,0,41,2.4,0.5,0.0,0,0
1783012168.406,10.021,20.9,79.14,0,0,48,2.3,1.1,13.4,79.15,0,0,36,0.7,0.5,7.3,79.15,0,0,44,0.7,0.5,9.0,79.14,0,0,41,0.7,0.5,0.0,0,0
1783012168.854,10.470,20.9,79.14,0,0,48,1.9,0.5,13.4,79.15,0,0,36,2.4,0.5,7.3,79.15,0,0,44,0.7,2.3,9.0,79.14,0,0,41,5.1,0.5,0.0,0,0
1783012169.304,10.919,20.9,79.14,0,0,48,2.4,0.5,13.4,79.15,0,0,36,0.7,0.6,7.1,79.15,0,0,44,0.7,4.9,8.8,79.14,0,0,41,0.7,4.2,0.0,0,0
1783012169.752,11.367,20.4,79.14,0,0,48,2.8,3.8,13.4,79.15,0,0,36,4.6,2.1,7.1,79.15,0,0,44,0.7,0.5,8.8,79.14,0,0,41,2.4,0.6,0.0,0,0
1783012170.205,11.821,20.4,79.14,0,0,48,2.4,0.5,13.4,79.15,0,0,36,0.7,0.5,7.4,79.15,0,0,44,1.5,0.5,9.1,79.14,0,0,41,0.7,0.5,0.0,0,0
1783012170.651,12.266,20.4,79.14,0,0,48,0.7,0.5,13.5,79.15,0,0,36,2.4,2.2,7.4,79.15,0,0,44,2.8,4.1,9.1,79.14,0,0,41,4.9,2.3,0.0,0,0
1783012171.103,12.718,20.4,79.14,0,0,48,2.4,0.5,13.5,79.15,0,0,36,0.7,0.5,7.3,79.15,0,0,44,0.7,0.5,9.0,79.14,0,0,41,0.7,0.5,0.0,0,0
1783012171.551,13.166,20.5,79.14,0,0,48,0.7,0.5,13.6,79.15,0,0,36,2.4,0.5,7.3,79.15,0,0,44,0.7,0.5,9.0,79.14,0,0,41,0.8,0.7,0.0,0,0
1783012171.998,13.614,20.5,79.14,0,0,48,4.4,0.6,13.6,79.15,0,0,36,0.7,0.5,7.2,79.15,0,0,44,2.4,0.5,9.0,79.14,0,0,41,0.6,0.5,0.0,0,0
1783012172.444,14.059,20.5,79.14,0,0,48,0.7,1.0,13.7,79.15,0,0,36,0.6,0.6,7.2,79.15,0,0,44,0.7,0.5,9.0,79.14,0,0,41,0.7,0.5,0.0,0,0
1783012173.327,14.943,20.5,79.14,0,0,48,0.7,0.5,13.7,79.15,0,0,36,1.6,0.5,7.3,79.15,0,0,44,0.7,0.5,8.9,79.14,0,0,41,0.7,1.2,0.0,0,0
1783012173.780,15.395,20.5,79.14,0,0,48,2.1,2.3,14.2,79.15,0,0,36,0.7,0.5,7.3,79.15,0,0,44,0.7,0.6,8.9,79.14,0,0,41,0.8,0.7,0.0,0,0
1783012174.231,15.846,20.5,79.14,0,0,48,0.7,0.5,14.2,79.15,0,0,36,0.7,0.5,7.0,79.15,0,0,44,5.9,0.5,8.9,79.14,0,0,41,0.7,0.5,0.0,0,0
1783012174.681,16.297,20.5,79.14,0,0,48,0.7,2.2,14.4,79.15,0,0,36,2.9,3.9,7.0,79.15,0,0,44,2.7,3.7,8.9,79.14,0,0,41,3.6,0.5,0.0,0,0
1783012175.138,16.753,20.5,79.14,0,0,48,0.7,0.5,14.4,79.15,0,0,36,0.7,0.5,7.1,79.15,0,0,44,0.7,0.5,9.0,79.14,0,0,41,0.7,0.5,0.0,0,0
1783012175.586,17.202,20.9,79.14,0,0,48,0.7,0.6,14.3,79.15,0,0,36,0.7,0.5,7.1,79.15,0,0,44,0.8,0.5,9.0,79.14,0,0,41,0.7,2.6,0.0,0,0
1783012176.039,17.654,20.9,79.14,0,0,48,0.7,0.5,14.3,79.15,0,0,36,0.7,0.6,6.9,79.15,0,0,44,0.7,0.5,9.0,79.14,0,0,41,0.8,0.5,0.0,0,0
1783012176.488,18.104,20.8,79.14,0,0,48,0.7,1.0,13.7,79.15,0,0,36,0.6,0.5,6.9,79.15,0,0,44,0.7,0.6,9.0,79.14,0,0,41,0.7,0.5,0.0,0,0
1783012176.935,18.550,20.8,79.14,0,0,48,0.7,2.1,13.7,79.15,0,0,36,2.6,0.6,7.0,79.15,0,0,44,0.7,0.5,8.6,79.14,0,0,41,0.7,0.5,0.0,0,0
1783012177.388,19.003,20.7,79.14,0,0,48,0.7,0.6,13.4,79.15,0,0,36,0.7,0.4,7.0,79.15,0,0,44,1.7,0.6,8.6,79.14,0,0,41,0.7,1.0,0.0,0,0
1783012177.836,19.451,20.7,79.14,0,0,48,0.7,0.5,13.4,79.15,0,0,36,1.4,0.5,7.0,79.15,0,0,44,0.7,0.7,8.6,79.14,0,0,41,0.7,3.7,0.0,0,0
1783012178.284,19.899,20.7,79.14,0,0,48,0.7,0.5,13.4,79.15,0,0,36,2.4,1.1,7.3,79.15,0,0,44,0.9,0.5,8.7,79.14,0,0,41,2.4,0.5,0.0,0,0
1783012178.729,20.345,21.0,79.14,0,0,48,2.8,4.0,13.5,79.15,0,0,36,5.0,2.3,7.3,79.15,0,0,44,0.7,0.6,8.7,79.14,0,0,41,0.7,0.5,0.0,0,0
1783012179.185,20.800,21.0,79.14,0,0,48,0.7,0.5,13.5,79.15,0,0,36,2.4,0.5,7.2,79.15,0,0,44,0.7,0.6,8.9,79.14,0,0,41,2.3,0.5,0.0,0,0
1783012179.634,21.249,21.1,79.14,0,0,48,1.0,0.5,13.7,79.15,0,0,36,0.7,0.5,7.2,79.15,0,0,44,0.7,2.4,8.9,79.14,0,0,41,4.9,2.4,0.0,0,0
1783012180.084,21.700,21.1,79.14,0,0,48,0.7,4.9,13.7,79.15,0,0,36,2.3,0.5,7.2,79.15,0,0,44,0.6,0.5,9.1,79.14,0,0,41,2.4,0.6,0.0,0,0
1783012180.535,22.150,21.3,79.14,0,0,48,2.2,1.1,13.8,79.15,0,0,36,0.8,0.5,7.2,79.15,0,0,44,0.7,0.5,9.1,79.14,0,0,41,0.7,0.5,0.0,0,0
1783012180.984,22.600,21.3,79.14,0,0,48,2.9,0.5,13.8,79.15,0,0,36,2.4,0.5,7.0,79.15,0,0,44,0.7,0.6,9.1,79.14,0,0,41,2.4,0.5,0.0,0,0
1783012181.430,23.045,20.9,79.14,0,0,48,2.4,0.5,14.0,79.15,0,0,36,0.7,0.5,7.0,79.15,0,0,44,0.7,0.5,9.1,79.14,0,0,41,1.4,0.5,0.0,0,0
1783012181.880,23.496,20.9,79.14,0,0,48,0.7,0.5,14.0,79.15,0,0,36,2.3,0.6,7.0,79.15,0,0,44,3.6,2.3,9.0,79.14,0,0,41,2.6,0.5,0.0,0,0
1783012182.332,23.947,20.9,79.14,0,0,48,2.4,0.5,14.0,79.15,0,0,36,2.3,0.5,7.1,79.15,0,0,44,0.7,0.5,9.0,79.14,0,0,41,0.7,0.5,0.0,0,0
1783012182.780,24.396,20.9,79.14,0,0,48,2.1,2.3,13.9,79.15,0,0,36,2.4,0.5,7.1,79.15,0,0,44,0.7,0.6,9.0,79.14,0,0,41,2.4,0.6,0.0,0,0
1783012183.239,24.855,20.9,79.14,0,0,48,2.4,0.5,13.9,79.15,0,0,36,0.7,0.5,7.1,79.15,0,0,44,0.7,0.5,8.9,79.14,0,0,41,0.7,1.1,0.0,0,0
1783012183.686,25.301,20.8,79.14,0,0,48,0.7,2.3,14.1,79.15,0,0,36,5.2,2.5,7.1,79.15,0,0,44,2.8,2.3,8.9,79.14,0,0,41,4.6,0.5,0.0,0,0
1783012184.148,25.763,20.8,79.14,0,0,48,0.7,0.6,14.1,79.15,0,0,36,5.7,0.6,7.2,79.15,0,0,44,0.7,0.5,9.0,79.14,0,0,41,0.6,0.5,0.0,0,0
1783012184.602,26.217,20.8,79.14,0,0,48,0.7,0.5,13.6,79.15,0,0,36,0.7,0.5,7.2,79.15,0,0,44,0.7,0.8,9.0,79.14,0,0,41,2.9,2.4,0.0,0,0
1783012185.054,26.670,20.8,79.14,0,0,48,0.7,0.5,13.6,79.15,0,0,36,0.7,0.5,7.3,79.15,0,0,44,0.7,0.5,9.2,79.14,0,0,41,0.7,0.5,0.0,0,0
1783012185.502,27.117,20.7,79.14,0,0,48,0.6,0.5,13.7,79.15,0,0,36,2.3,0.6,7.3,79.15,0,0,44,1.4,0.5,9.2,79.14,0,0,41,2.3,0.5,0.0,0,0
1783012185.946,27.561,20.7,79.14,0,0,48,4.4,0.7,13.7,79.15,0,0,36,2.9,0.5,7.2,79.15,0,0,44,0.7,0.5,9.3,79.14,0,0,41,0.8,0.5,0.0,0,0
1783012186.394,28.009,20.5,79.14,0,0,48,0.7,1.1,14.1,79.15,0,0,36,2.4,0.5,7.2,79.15,0,0,44,1.6,0.5,9.3,79.14,0,0,41,2.4,0.5,0.0,0,0
1783012186.839,28.455,20.5,79.14,0,0,48,2.4,0.7,14.1,79.15,0,0,36,0.7,0.5,7.2,79.15,0,0,44,0.7,0.7,9.3,79.14,0,0,41,2.8,2.2,0.0,0,0
1783012187.293,28.908,20.5,79.14,0,0,48,0.7,0.5,14.1,79.15,0,0,36,2.4,0.5,7.4,79.15,0,0,44,0.7,0.5,9.2,79.14,0,0,41,3.1,0.5,0.0,0,0
1783012187.742,29.358,20.5,79.14,0,0,48,4.3,3.9,14.3,79.15,0,0,36,3.6,2.3,7.4,79.15,0,0,44,0.7,0.5,9.2,79.14,0,0,41,0.7,0.5,0.0,0,0
1783012188.204,29.820,20.5,79.14,0,0,48,0.7,0.5,14.3,79.15,0,0,36,2.4,4.9,7.5,79.15,0,0,44,0.7,0.6,8.8,79.14,0,0,41,2.4,0.5,0.0,0,0
1783012188.656,30.271,21.0,79.14,0,0,48,0.7,0.5,14.2,79.15,0,0,36,0.7,2.3,7.5,79.15,0,0,44,2.9,3.9,8.8,79.14,0,0,41,4.9,2.2,0.0,0,0
1783012189.121,30.736,21.0,79.14,0,0,48,0.7,0.6,14.2,79.15,0,0,36,0.7,0.5,7.4,79.15,0,0,44,0.7,0.6,8.8,79.14,0,0,41,0.7,0.5,0.0,0,0
1783012189.568,31.184,20.8,79.14,0,0,48,0.7,0.5,14.0,79.15,0,0,36,5.6,0.5,7.4,79.15,0,0,44,0.7,0.5,8.8,79.14,0,0,41,0.7,0.9,0.0,0,0
1783012190.017,31.632,20.8,79.14,0,0,48,0.7,0.5,14.0,79.15,0,0,36,0.7,0.5,7.4,79.15,0,0,44,0.7,0.6,9.4,79.14,0,0,41,1.3,0.5,0.0,0,0
1783012190.463,32.079,20.7,79.14,0,0,48,0.7,0.5,13.9,79.15,0,0,36,0.7,0.5,7.4,79.15,0,0,44,0.7,0.5,9.4,79.14,0,0,41,0.7,0.5,0.0,0,0
1783012190.912,32.528,20.7,79.14,0,0,48,0.8,0.6,13.9,79.15,0,0,36,4.4,2.2,7.2,79.15,0,0,44,0.7,0.6,9.2,79.14,0,0,41,2.4,0.5,0.0,0,0
1783012191.366,32.982,20.7,79.14,0,0,48,1.6,0.5,13.8,79.15,0,0,36,0.7,0.5,7.2,79.15,0,0,44,1.5,0.6,9.2,79.14,0,0,41,1.6,0.5,0.0,0,0
1783012191.813,33.428,20.9,79.14,0,0,48,2.9,4.9,13.8,79.15,0,0,36,2.0,0.5,7.2,79.15,0,0,44,0.7,0.6,9.2,79.14,0,0,41,0.7,2.3,0.0,0,0
1783012192.269,33.884,20.9,79.14,0,0,48,0.7,0.5,13.8,79.15,0,0,36,0.7,5.0,7.3,79.15,0,0,44,1.4,0.5,9.1,79.14,0,0,41,0.7,0.5,0.0,0,0
1783012192.719,34.335,20.9,79.14,0,0,48,4.8,1.5,13.8,79.15,0,0,36,4.0,2.3,7.3,79.15,0,0,44,2.9,0.6,9.1,79.14,0,0,41,0.7,0.5,0.0,0,0
1783012193.173,34.788,20.9,79.14,0,0,48,0.7,0.5,13.8,79.15,0,0,36,0.7,0.5,7.2,79.15,0,0,44,0.7,0.5,9.3,79.14,0,0,41,0.7,0.5,0.0,0,0
1783012193.618,35.233,20.9,79.14,0,0,48,0.7,1.1,13.8,79.15,0,0,36,2.4,0.5,7.2,79.15,0,0,44,0.7,2.5,9.3,79.14,0,0,41,3.4,3.3,0.0,0,0
1783012194.070,35.685,20.9,79.14,0,0,48,0.7,0.5,13.8,79.15,0,0,36,0.7,0.5,7.1,79.15,0,0,44,0.7,0.5,9.0,79.14,0,0,41,0.7,0.5,0.0,0,0
1783012194.515,36.130,20.9,79.14,0,0,48,0.7,0.5,13.4,79.15,0,0,36,2.3,0.6,7.1,79.15,0,0,44,0.7,0.6,9.0,79.14,0,0,41,2.4,4.4,0.0,0,0
1783012194.962,36.578,20.9,79.14,0,0,48,2.4,2.2,13.4,79.15,0,0,36,0.7,0.5,7.1,79.15,0,0,44,0.7,0.5,9.0,79.14,0,0,41,0.7,0.6,0.0,0,0
1783012195.412,37.028,21.0,79.14,0,0,48,0.8,0.5,13.6,79.15,0,0,36,2.4,1.1,7.1,79.15,0,0,44,0.7,0.5,9.0,79.14,0,0,41,2.4,0.5,0.0,0,0
1783012195.863,37.478,21.0,79.14,0,0,48,2.4,0.6,13.6,79.15,0,0,36,0.6,0.7,7.1,79.15,0,0,44,0.7,2.2,9.0,79.14,0,0,41,3.8,0.6,0.0,0,0
1783012196.318,37.934,21.0,79.14,0,0,48,0.7,0.5,13.6,79.15,0,0,36,2.4,0.6,7.0,79.15,0,0,44,0.7,5.0,9.0,79.14,0,0,41,2.4,0.5,0.0,0,0
1783012196.767,38.382,20.7,79.14,0,0,48,5.3,0.8,13.9,79.15,0,0,36,2.9,0.5,7.0,79.15,0,0,44,0.8,0.5,9.0,79.14,0,0,41,0.7,0.5,0.0,0,0
1783012197.216,38.831,20.7,79.14,0,0,48,0.7,0.5,13.9,79.15,0,0,36,2.4,0.5,7.1,79.15,0,0,44,0.7,0.6,9.1,79.14,0,0,41,2.4,0.5,0.0,0,0
1783012197.663,39.279,20.3,79.14,0,0,48,2.4,1.1,13.7,79.15,0,0,36,0.7,2.5,7.1,79.15,0,0,44,3.6,1.8,9.1,79.14,0,0,41,2.9,2.1,0.0,0,0
1783012198.122,39.737,20.3,79.14,0,0,48,0.7,0.5,13.7,79.15,0,0,36,2.4,0.5,7.0,79.15,0,0,44,0.7,0.6,9.0,79.14,0,0,41,2.4,0.5,0.0,0,0
1783012198.568,40.183,20.5,79.14,0,0,48,2.4,0.5,13.6,79.15,0,0,36,0.7,0.5,7.0,79.15,0,0,44,0.7,0.5,9.0,79.14,0,0,41,1.3,0.9,0.0,0,0
1783012199.014,40.630,20.5,79.14,0,0,48,0.7,0.5,13.6,79.15,0,0,36,1.7,0.5,7.2,79.15,0,0,44,0.7,0.5,9.3,79.14,0,0,41,2.4,0.5,0.0,0,0
1783012199.461,41.077,20.4,79.14,0,0,48,2.3,0.5,13.8,79.15,0,0,36,5.6,0.5,7.2,79.15,0,0,44,2.4,0.5,9.3,79.14,0,0,41,0.7,0.5,0.0,0,0
1783012199.909,41.524,20.4,79.14,0,0,48,0.8,0.5,13.8,79.15,0,0,36,2.7,0.8,7.3,79.15,0,0,44,8.0,0.5,9.2,79.14,0,0,41,2.4,0.5,0.0,0,0
1783012200.367,41.983,20.4,79.14,0,0,48,2.2,0.6,13.9,79.15,0,0,36,0.7,0.5,7.3,79.15,0,0,44,0.7,0.6,9.2,79.14,0,0,41,6.5,1.1,0.0,0,0
1783012200.814,42.429,20.2,79.14,0,0,48,0.7,0.5,13.9,79.15,0,0,36,0.6,0.6,7.3,79.15,0,0,44,0.7,0.5,9.2,79.14,0,0,41,2.4,2.2,0.0,0,0
1783012201.266,42.882,20.2,79.14,0,0,48,2.4,0.5,13.9,79.15,0,0,36,0.7,0.5,7.4,79.15,0,0,44,2.2,0.6,9.2,79.14,0,0,41,0.7,0.5,0.0,0,0
1783012201.713,43.328,20.7,79.14,0,0,48,3.7,2.5,14.4,79.15,0,0,36,2.9,3.2,7.4,79.15,0,0,44,2.6,2.2,9.2,79.14,0,0,41,2.3,0.5,0.0,0,0
1783012202.160,43.776,20.7,79.14,0,0,48,0.7,0.6,14.4,79.15,0,0,36,0.7,0.5,7.3,79.15,0,0,44,2.4,0.5,9.0,79.14,0,0,41,0.7,0.5,0.0,0,0
1783012202.611,44.227,20.6,79.14,0,0,48,0.7,0.6,14.7,79.15,0,0,36,0.7,0.6,7.3,79.15,0,0,44,0.7,1.5,9.0,79.14,0,0,41,3.8,4.1,0.0,0,0
1783012203.065,44.681,20.6,79.14,0,0,48,0.6,0.6,14.7,79.15,0,0,36,0.7,0.5,7.4,79.15,0,0,44,2.3,0.5,8.9,79.14,0,0,41,0.7,0.5,0.0,0,0
1783012203.512,45.127,20.6,79.14,0,0,48,0.7,1.0,14.7,79.15,0,0,36,0.6,0.6,7.4,79.15,0,0,44,0.7,0.5,8.9,79.14,0,0,41,0.7,0.6,0.0,0,0
1783012203.958,45.573,20.6,79.14,0,0,48,0.7,2.3,14.7,79.15,0,0,36,0.7,0.5,7.1,79.15,0,0,44,2.4,0.7,8.6,79.14,0,0,41,5.8,0.5,0.0,0,0
1783012204.411,46.026,20.7,79.14,0,0,48,0.7,0.5,14.0,79.15,0,0,36,0.7,0.6,7.1,79.15,0,0,44,1.4,0.5,8.6,79.14,0,0,41,0.7,0.6,0.0,0,0
1783012204.863,46.479,20.7,79.14,0,0,48,0.7,0.6,14.0,79.15,0,0,36,0.8,0.5,7.1,79.15,0,0,44,2.4,2.2,8.6,79.14,0,0,41,2.9,0.6,0.0,0,0
1783012205.313,46.928,20.7,79.14,0,0,48,0.7,0.5,14.0,79.15,0,0,36,0.7,0.6,7.4,79.15,0,0,44,0.6,0.5,8.6,79.14,0,0,41,0.7,0.6,0.0,0,0
1783012205.759,47.374,21.0,79.14,0,0,48,5.0,2.3,14.1,79.15,0,0,36,1.4,2.1,7.4,79.15,0,0,44,2.4,0.5,8.6,79.14,0,0,41,0.7,0.5,0.0,0,0
1783012206.212,47.827,21.0,79.14,0,0,48,0.8,0.5,14.1,79.15,0,0,36,0.7,0.5,7.1,79.15,0,0,44,0.8,0.5,8.7,79.14,0,0,41,0.7,0.6,0.0,0,0
1783012206.660,48.275,20.6,79.14,0,0,48,0.7,0.6,14.1,79.15,0,0,36,0.7,2.5,7.1,79.15,0,0,44,6.5,0.7,8.7,79.14,0,0,41,3.9,2.8,0.0,0,0
1783012207.113,48.729,20.6,79.14,0,0,48,0.7,0.5,14.1,79.15,0,0,36,0.8,0.6,7.1,79.15,0,0,44,0.8,0.5,8.9,79.14,0,0,41,0.8,0.6,0.0,0,0
1783012207.559,49.174,20.6,79.14,0,0,48,0.7,0.6,14.2,79.15,0,0,36,0.7,1.1,7.1,79.15,0,0,44,2.3,0.5,8.9,79.14,0,0,41,0.7,0.7,0.0,0,0
1783012208.010,49.625,20.6,79.14,0,0,48,0.7,0.5,14.2,79.15,0,0,36,0.7,0.5,6.9,79.15,0,0,44,0.7,0.5,8.8,79.14,0,0,41,0.7,4.9,0.0,0,0
1783012208.457,50.072,20.7,79.14,0,0,48,0.7,0.5,13.7,79.15,0,0,36,2.3,0.5,6.9,79.15,0,0,44,0.7,0.6,8.8,79.14,0,0,41,0.7,0.5,0.0,0,0
1783012208.904,50.520,20.7,79.14,0,0,48,0.8,0.5,13.7,79.15,0,0,36,2.6,0.7,6.9,79.15,0,0,44,3.6,0.5,8.7,79.14,0,0,41,0.7,0.6,0.0,0,0
1783012209.360,50.975,20.7,79.14,0,0,48,0.7,0.6,13.7,79.15,0,0,36,1.0,0.5,7.1,79.15,0,0,44,0.7,0.6,8.7,79.14,0,0,41,0.7,0.6,0.0,0,0
1783012209.803,51.419,20.8,79.14,0,0,48,2.9,4.2,13.7,79.15,0,0,36,0.7,0.7,7.1,79.15,0,0,44,0.7,0.5,8.7,79.14,0,0,41,0.6,0.7,0.0,0,0
1783012210.256,51.871,20.8,79.14,0,0,48,0.7,0.5,13.7,79.15,0,0,36,2.3,0.5,7.3,79.15,0,0,44,0.7,0.6,8.8,79.14,0,0,41,0.7,0.5,0.0,0,0
1783012210.702,52.317,20.7,79.14,0,0,48,4.7,2.7,13.6,79.15,0,0,36,5.1,2.2,7.3,79.15,0,0,44,2.9,2.3,8.8,79.14,0,0,41,0.7,1.1,0.0,0,0
1783012211.156,52.772,20.7,79.14,0,0,48,0.7,0.5,13.6,79.15,0,0,36,2.4,0.5,7.5,79.15,0,0,44,0.7,0.6,9.0,79.14,0,0,41,0.7,0.5,0.0,0,0
1783012211.604,53.219,20.6,79.14,0,0,48,2.4,0.6,14.0,79.15,0,0,36,0.7,1.1,7.5,79.15,0,0,44,0.8,0.7,9.0,79.14,0,0,41,3.0,3.5,0.0,0,0
1783012212.053,53.668,20.6,79.14,0,0,48,0.7,0.5,14.0,79.15,0,0,36,2.3,0.5,7.3,79.15,0,0,44,0.7,0.6,9.1,79.14,0,0,41,2.3,0.6,0.0,0,0
1783012212.500,54.115,20.8,79.14,0,0,48,2.4,0.5,14.4,79.15,0,0,36,0.7,0.5,7.3,79.15,0,0,44,0.7,0.5,9.1,79.14,0,0,41,0.6,0.5,0.0,0,0
1783012212.948,54.563,20.8,79.14,0,0,48,2.9,0.7,14.4,79.15,0,0,36,2.8,0.5,7.3,79.15,0,0,44,0.7,0.5,9.0,79.14,0,0,41,2.4,0.5,0.0,0,0
1783012213.396,55.011,20.9,79.14,0,0,48,2.4,0.5,14.6,79.15,0,0,36,0.7,0.5,7.3,79.15,0,0,44,1.6,0.5,9.0,79.14,0,0,41,0.7,0.5,0.0,0,0
1783012213.844,55.459,20.9,79.14,0,0,48,0.7,1.1,14.6,79.15,0,0,36,1.6,0.5,7.3,79.15,0,0,44,0.7,0.8,9.0,79.14,0,0,41,4.5,2.2,0.0,0,0
1783012214.292,55.908,20.9,79.14,0,0,48,0.6,0.5,14.6,79.15,0,0,36,0.7,0.5,7.1,79.15,0,0,44,0.9,0.5,9.1,79.14,0,0,41,0.7,0.5,0.0,0,0
1783012214.738,56.354,20.6,79.14,0,0,48,5.8,2.4,14.6,79.15,0,0,36,0.7,3.6,7.1,79.15,0,0,44,3.0,0.5,9.1,79.14,0,0,41,7.4,0.5,0.0,0,0
1783012215.197,56.812,20.6,79.14,0,0,48,2.3,0.5,14.6,79.15,0,0,36,0.7,0.5,7.1,79.15,0,0,44,0.7,0.5,9.1,79.14,0,0,41,0.7,0.4,0.0,0,0
1783012215.645,57.260,20.6,79.14,0,0,48,0.9,0.5,14.9,79.15,0,0,36,0.7,1.2,7.1,79.15,0,0,44,2.8,4.1,9.1,79.14,0,0,41,6.5,2.2,0.0,0,0
1783012216.102,57.718,20.6,79.14,0,0,48,2.3,0.5,14.9,79.15,0,0,36,0.7,0.5,6.9,79.15,0,0,44,0.7,0.5,9.0,79.14,0,0,41,0.7,0.5,0.0,0,0
1783012216.550,58.165,20.5,79.14,0,0,48,0.7,0.4,14.2,79.15,0,0,36,0.7,0.5,6.9,79.15,0,0,44,0.7,0.5,9.0,79.14,0,0,41,2.4,1.2,0.0,0,0
1783012216.996,58.612,20.5,79.14,0,0,48,2.4,0.5,14.2,79.15,0,0,36,0.7,0.5,7.0,79.15,0,0,44,0.7,0.5,8.9,79.14,0,0,41,0.7,0.5,0.0,0,0
1783012217.447,59.063,20.7,79.14,0,0,48,0.7,0.5,14.8,79.15,0,0,36,0.7,0.6,7.0,79.15,0,0,44,0.7,0.5,8.9,79.14,0,0,41,2.4,0.5,0.0,0,0
1783012217.892,59.507,20.7,79.14,0,0,48,2.3,0.6,14.8,79.15,0,0,36,0.7,2.2,7.0,79.15,0,0,44,4.6,0.6,8.9,79.14,0,0,41,1.8,0.5,,,
1783012219.315,60.931,116.1,79.14,100,54,54,9689.4,5.0,109.6,79.15,99,61,42,2.0,9716.3,116.9,79.15,100,45,51,16937.1,9313.3,114.0,79.14,100,54,48,2.3,4.9,0.0,0,0
1783012219.757,61.373,283.9,79.14,100,52,55,9.2,8.4,267.2,79.15,99,50,42,20401.8,13403.2,265.9,79.15,100,39,51,3167.9,6.0,260.2,79.14,99,44,48,3951.9,14894.0,0.0,0,0
1783012220.197,61.813,276.0,79.14,100,45,55,20704.9,6.1,263.1,79.15,100,43,43,3.1,7502.5,258.0,79.15,100,38,51,17271.6,10988.6,251.7,79.14,100,39,47,3.2,5.7,0.0,0,0
1783012220.640,62.256,265.6,79.14,100,46,55,12004.3,14087.7,252.2,79.15,100,45,41,11350.1,5.4,241.0,79.15,100,29,52,6.2,16600.6,239.2,79.14,100,35,49,18516.7,1915.5,0.0,0,0
1783012221.087,62.702,257.8,79.14,100,46,55,20706.5,4.9,245.3,79.15,99,46,42,2.0,4.5,241.3,79.15,100,45,53,20754.9,17196.4,239.5,79.14,100,45,49,2.8,5.4,0.0,0,0
1783012221.528,63.143,263.3,79.14,100,46,56,2.3,4.8,250.0,79.15,100,46,42,1.9,17110.0,250.5,79.15,100,39,53,20747.2,4.8,243.5,79.14,100,42,50,4.1,5.0,0.0,0,0
1783012221.970,63.585,271.5,79.14,100,55,57,5.4,4.9,256.3,79.15,100,56,44,10269.2,14213.3,253.7,79.15,100,41,54,12159.8,4.9,247.1,79.14,100,43,50,4.0,7377.2,0.0,0,0
1783012222.415,64.031,274.0,79.14,100,50,57,4.5,4.6,262.2,79.15,100,49,44,20711.4,17104.4,253.7,79.15,100,41,54,3.5,5.3,252.7,79.14,100,48,51,1078.2,16744.7,0.0,0,0
1783012222.857,64.472,274.0,79.14,100,50,57,1.9,17117.1,259.3,79.15,100,50,45,20708.1,5.5,254.4,79.15,100,46,54,2.2,1706.5,252.7,79.14,100,48,51,17677.9,16774.2,0.0,0,0
1783012223.304,64.919,270.2,79.14,100,50,57,17496.2,13260.3,259.3,79.15,100,50,45,2.1,5.8,256.5,79.15,100,41,54,20758.4,15426.2,251.7,79.14,100,42,50,635.5,5.6,0.0,0,0
1783012223.746,65.361,271.2,79.14,100,48,58,10.6,17119.1,257.3,79.15,100,48,45,20706.4,8.2,252.6,79.15,100,38,54,2.6,17202.6,245.1,79.14,100,40,50,20751.5,6.0,0.0,0,0
1783012224.195,65.810,265.7,79.14,100,45,56,21312.9,8172.0,251.1,79.15,100,45,45,20704.0,17102.4,241.5,79.15,100,29,54,7741.8,17429.5,240.4,79.14,100,33,51,16574.1,12781.8,0.0,0,0
1783012224.637,66.252,254.1,79.14,100,10,58,2.7,17115.0,238.3,79.15,99,11,48,20705.0,4.3,235.7,79.15,100,45,54,2.8,7.2,234.2,79.14,100,53,52,13270.1,13749.2,0.0,0,0
1783012225.083,66.699,265.3,79.14,100,54,59,1.9,7461.4,251.5,79.15,100,53,45,17187.2,11885.4,253.7,79.15,100,45,55,2.7,4.7,246.0,79.14,100,47,51,1.8,17223.6,0.0,0,0
1783012225.525,67.140,281.9,79.14,100,51,59,4.0,8868.8,270.2,79.15,100,52,47,17214.9,10338.3,269.9,79.15,100,45,56,2.7,4.9,266.7,79.14,100,50,53,9820.8,14211.7,0.0,0,0
1783012225.968,67.583,281.4,79.14,100,48,59,19505.5,8475.4,267.2,79.15,100,48,46,6.0,5.5,258.6,79.15,100,33,56,20756.3,17195.0,256.9,79.14,100,39,52,4.2,6.0,0.0,0,0
1783012226.413,68.028,268.2,79.14,100,45,59,7368.3,15534.0,254.5,79.15,100,46,47,11845.2,6.0,258.6,79.15,100,33,56,3.4,17205.0,242.3,79.14,100,34,53,20751.2,5.8,0.0,0,0
1783012226.856,68.471,268.2,79.14,100,45,59,3.0,5.5,248.9,79.15,100,47,48,2026.5,15425.9,248.4,79.15,100,34,55,20386.3,5.8,242.3,79.14,100,34,53,16.7,2982.7,0.0,0,0
1783012227.304,68.920,264.7,79.14,100,48,60,2.9,9327.8,248.9,79.15,100,47,48,17223.2,9812.8,244.1,79.15,100,39,56,4.3,4.7,236.4,79.14,100,40,54,3201.9,14497.8,0.0,0,0
1783012227.747,69.363,265.7,79.14,100,46,59,2060.0,15407.9,251.4,79.15,100,45,48,20703.2,6.6,250.8,79.15,100,42,57,2.7,3.9,246.1,79.14,100,49,54,20768.9,17185.8,0.0,0,0
1783012228.190,69.806,269.5,79.14,100,49,61,18334.4,13905.2,256.5,79.15,100,49,49,5348.2,5.2,257.4,79.15,100,45,57,3.9,11205.3,250.7,79.14,100,43,53,17033.0,7647.8,0.0,0,0
1783012228.632,70.247,274.9,79.14,100,55,61,17242.1,13729.7,260.1,79.15,100,55,49,2.9,4.8,259.7,79.15,100,41,57,3206.2,16513.9,250.2,79.14,100,43,55,15570.2,10.2,0.0,0,0
1783012229.077,70.692,277.5,79.14,100,49,61,18568.9,4.9,262.7,79.15,100,49,49,4.5,2264.0,255.7,79.15,100,42,58,17617.6,16471.0,254.1,79.14,100,48,55,3.9,5.0,0.0,0,0
1783012229.518,71.133,274.5,79.14,100,48,60,3.8,1953.7,260.3,79.15,100,47,49,17462.4,16878.4,255.5,79.15,100,35,58,3.2,6.1,253.0,79.14,100,40,55,20764.6,17183.2,0.0,0,0
1783012229.961,71.577,269.1,79.14,100,46,61,4168.4,11.4,254.8,79.15,100,46,49,8635.4,14091.4,247.8,79.15,100,33,57,14208.6,5.8,243.5,79.14,100,31,55,4.6,17235.9,0.0,0,0
1783012230.404,72.019,247.1,79.14,79,3,59,2281.5,2812.8,229.7,79.15,33,3,47,3280.7,3315.3,247.8,79.15,100,33,57,3276.1,2911.2,206.7,79.14,92,13,52,3202.1,2839.6,6.0,2,0
1783012230.847,72.462,247.1,79.14,79,3,59,3139.0,2812.9,229.7,79.15,33,3,47,3179.3,3165.5,208.7,79.15,94,20,56,3127.1,2878.9,206.7,79.14,92,13,52,3183.5,2789.3,6.0,8,0
1783012231.290,72.906,219.5,79.14,99,49,61,3231.5,2715.4,197.4,79.15,99,50,48,3170.0,2942.7,198.1,79.15,99,37,57,3133.0,2939.2,187.5,79.14,99,41,54,3047.6,2639.5,6.0,8,0
1783012231.732,73.348,211.7,79.14,99,51,61,3085.1,3080.3,194.9,79.15,99,51,49,3238.0,3009.6,216.0,79.15,99,38,58,3088.6,2822.4,208.1,79.14,99,41,54,3184.9,2668.5,6.0,8,0
1783012232.180,73.795,243.1,79.14,99,51,61,3155.8,2751.8,224.4,79.15,99,52,49,3131.5,2973.9,221.3,79.15,99,37,58,3134.2,2877.1,214.0,79.14,99,41,54,3060.1,2611.0,6.0,8,0
1783012232.620,74.236,244.2,79.14,99,51,62,3088.9,2704.7,226.1,79.15,99,51,49,3109.2,2993.4,222.1,79.15,99,37,58,3096.5,2969.9,214.6,79.14,99,42,55,3120.3,2786.4,6.0,8,0
1783012233.064,74.679,244.1,79.14,99,50,62,3077.7,2898.4,226.2,79.15,99,50,49,3149.2,2906.1,221.5,79.15,99,38,58,3089.7,2800.5,214.3,79.14,99,41,55,3247.3,2617.1,6.0,8,0
1783012233.505,75.120,244.7,79.14,99,50,62,3100.1,2774.7,226.4,79.15,99,51,49,3097.2,3069.0,222.0,79.15,99,39,59,3224.0,2889.3,215.1,79.14,99,42,55,3101.7,2597.0,6.0,8,0
1783012233.946,75.561,245.0,79.14,99,51,62,3278.6,3437.8,226.8,79.15,99,51,50,3188.7,2935.4,222.8,79.15,99,37,59,3126.8,2809.7,215.5,79.14,99,41,55,3104.3,2610.4,6.0,8,0
1783012234.394,76.009,245.0,79.14,99,51,62,3084.2,2761.9,226.4,79.15,99,50,50,3118.5,2933.3,222.8,79.15,99,37,59,3171.3,2792.5,215.5,79.14,99,41,55,3064.2,2612.1,6.0,8,0
1783012234.834,76.450,244.5,79.14,99,50,63,3106.4,2729.8,226.4,79.15,99,50,50,3163.0,3236.1,222.4,79.15,99,38,59,3091.4,2803.7,215.1,79.14,99,41,56,3182.8,2573.3,6.0,8,0
1783012235.276,76.891,245.7,79.14,99,52,63,3086.4,2814.5,227.3,79.15,99,52,50,3116.8,2901.9,223.9,79.15,99,38,59,3136.4,2807.7,216.7,79.14,99,43,56,3200.3,2753.2,6.0,8,0
1783012235.718,77.334,247.3,79.14,99,51,63,3134.6,2845.0,228.2,79.15,99,51,50,3165.6,2954.8,224.5,79.15,99,38,59,3231.3,2796.9,217.6,79.14,99,42,56,3091.7,2625.7,6.0,8,0
1783012236.160,77.775,247.0,79.14,99,51,63,3091.1,2790.3,228.5,79.15,99,51,51,3103.8,3065.7,223.9,79.15,99,38,60,3138.7,2847.7,216.8,79.14,99,42,56,3074.2,2601.6,6.0,8,0
1783012236.600,78.215,246.6,79.14,99,50,64,3061.3,2685.1,228.1,79.15,99,51,51,3271.3,3005.3,224.3,79.15,99,40,60,3118.0,2805.2,217.1,79.14,99,43,57,3160.6,2807.6,6.0,8,0
1783012237.043,78.658,247.6,79.14,99,51,64,3247.1,2841.2,228.8,79.15,99,51,51,3211.8,2920.1,224.8,79.15,99,39,60,3089.1,2934.9,217.7,79.14,99,44,57,3108.3,2634.7,6.0,8,0
1783012237.486,79.101,248.2,79.14,99,51,64,3138.3,2795.7,229.0,79.15,99,51,51,3102.4,3071.0,224.6,79.15,99,39,60,3086.1,2840.1,217.3,79.14,99,42,57,3080.6,2624.6,6.0,8,0
1783012237.928,79.543,247.6,79.14,99,51,65,3039.4,2745.3,228.3,79.15,99,52,52,3517.5,2863.7,224.8,79.15,99,40,61,3083.7,2832.9,217.2,79.14,99,43,57,3220.3,2603.5,6.0,8,0
1783012238.372,79.987,247.6,79.14,99,51,65,3210.2,2810.2,229.5,79.15,99,52,52,3103.6,3042.3,224.8,79.15,99,40,61,3134.3,2961.0,217.2,79.14,99,43,57,3148.7,2582.3,6.0,8,0
1783012238.814,80.429,248.7,79.14,99,52,65,3103.3,2785.2,229.5,79.15,99,52,52,3116.0,3010.3,225.6,79.15,99,38,61,3056.7,2789.5,218.0,79.14,99,42,57,3034.5,2687.3,6.0,8,0
1783012239.256,80.871,249.3,79.14,99,51,65,3031.2,2715.5,230.0,79.15,99,52,52,3336.7,2897.9,226.3,79.15,99,40,61,3140.4,2786.5,218.5,79.14,99,43,58,2987.0,2816.5,6.0,8,0
1783012239.698,81.313,249.1,79.14,99,51,65,3079.1,3043.3,229.5,79.15,99,52,52,3172.3,2877.0,226.4,79.15,99,40,61,3303.7,2807.9,218.2,79.14,99,44,58,3078.9,2546.8,7.0,8,0
1783012240.145,81.760,250.5,79.14,99,52,66,3101.9,2708.3,230.9,79.15,99,52,52,3094.7,3086.6,227.4,79.15,99,38,62,3055.0,2750.1,219.6,79.14,99,42,58,3064.0,2575.0,7.0,8,0
1783012240.586,82.202,250.9,79.14,99,51,66,3081.2,2737.8,230.8,79.15,99,52,53,3494.2,2985.1,227.4,79.15,99,39,62,3067.9,2765.8,219.7,79.14,99,42,58,3211.4,2729.6,7.0,8,0
1783012241.031,82.646,250.3,79.14,99,52,66,3221.9,2797.7,230.1,79.15,99,52,53,3096.3,2880.6,227.0,79.15,99,39,62,3092.6,3064.6,219.4,79.14,99,42,59,3091.6,2540.2,7.0,8,0
1783012241.477,83.093,251.1,79.14,99,52,66,3091.3,2772.6,230.9,79.15,99,53,53,3034.3,3066.2,228.2,79.15,99,40,62,3099.7,2774.5,220.1,79.14,99,43,59,3026.7,2539.8,7.0,8,0
1783012241.920,83.535,251.8,79.14,99,52,67,3052.2,2723.0,232.3,79.15,99,52,53,3354.5,2892.9,228.2,79.15,99,40,62,3083.4,2788.3,221.0,79.14,99,43,59,3022.1,2826.6,7.0,8,0
1783012242.362,83.977,251.8,79.14,99,52,67,3096.3,2934.3,232.5,79.15,99,52,53,3096.8,2938.1,228.9,79.15,99,39,63,3113.1,2778.1,221.0,79.14,99,43,59,3242.3,2616.3,7.0,8,0
1783012242.802,84.418,252.0,79.14,99,51,67,3212.0,2787.8,232.5,79.15,99,52,53,3139.6,2927.7,228.9,79.15,99,39,63,3107.5,2935.6,221.2,79.14,99,43,59,3071.2,2614.0,7.0,8,0
1783012243.242,84.858,252.0,79.14,99,53,67,3047.7,2802.4,232.4,79.15,99,52,54,3057.3,2898.3,228.9,79.15,99,38,63,3097.5,3061.4,221.1,79.14,99,42,59,3102.3,2607.4,7.0,8,0
1783012243.683,85.298,252.0,79.14,99,52,67,3115.2,2800.6,232.2,79.15,99,53,54,3285.8,2950.6,228.6,79.15,99,39,63,3123.7,2818.7,220.6,79.14,99,42,59,3046.9,2636.0,7.0,8,0
1783012244.126,85.741,251.9,79.14,99,52,67,3060.6,2724.2,232.1,79.15,99,52,54,3332.7,2967.6,228.1,79.15,99,37,63,3112.9,2806.9,220.7,79.14,99,41,60,3043.0,2599.1,7.0,8,0
1783012244.567,86.182,251.5,79.14,99,52,68,3044.6,2778.4,232.1,79.15,99,52,54,3126.5,2953.6,228.5,79.15,99,40,64,3076.5,2825.2,221.1,79.14,99,42,60,3467.8,2609.5,7.0,8,0
1783012245.013,86.628,252.5,79.14,99,52,68,3130.7,2755.0,232.7,79.15,99,52,54,3121.3,2870.3,229.4,79.15,99,38,64,3079.6,2955.1,222.3,79.14,99,43,60,3061.2,2608.0,7.0,8,0
1783012245.454,87.069,253.6,79.14,99,51,68,3058.8,2777.7,233.4,79.15,99,52,55,3097.6,2876.5,229.9,79.15,99,40,64,3239.3,2830.1,222.5,79.14,99,42,60,3059.6,2613.9,7.0,8,0
1783012245.894,87.509,253.6,79.14,99,51,68,3083.2,2736.2,232.9,79.15,99,51,55,3173.5,3083.1,229.9,79.15,99,40,64,3087.2,2889.7,222.5,79.14,99,42,60,3025.5,2617.7,7.0,8,0
1783012246.335,87.950,253.0,79.14,99,51,68,3083.1,2799.7,232.9,79.15,99,51,55,3316.1,2955.2,229.4,79.15,99,39,64,3125.9,2810.5,221.9,79.14,99,42,61,3066.1,2827.4,7.0,8,0
1783012246.775,88.390,253.2,79.14,99,51,69,3060.2,2927.9,232.8,79.15,99,52,55,3110.4,2921.9,229.1,79.15,99,38,65,3087.7,2884.4,221.7,79.14,99,42,61,3099.2,2570.2,7.0,8,0
1783012247.219,88.834,252.3,79.14,99,51,69,3198.1,2737.0,231.7,79.15,99,52,55,3125.3,2936.1,229.1,79.15,99,40,65,3218.6,2841.4,221.3,79.14,99,43,61,3054.2,2587.4,7.0,8,0
1783012247.660,89.276,252.3,79.14,99,52,69,3073.6,2729.4,231.7,79.15,99,52,56,3132.4,3426.5,228.6,79.15,99,39,65,3101.9,2743.1,221.0,79.14,99,43,61,3061.9,2772.0,7.0,8,0
1783012248.108,89.724,254.6,79.14,99,53,69,3080.4,2964.4,233.3,79.15,99,53,56,3116.6,2882.5,229.8,79.15,99,39,65,3036.8,2798.8,222.2,79.14,99,42,61,3225.5,2585.1,7.0,8,0
1783012248.551,90.166,254.7,79.14,83,44,67,9780.0,11397.4,232.0,79.15,73,39,56,21531.2,12731.8,205.7,79.15,0,0,63,21073.7,15762.1,202.2,79.14,0,0,59,20743.7,17190.4,,,
1783012249.970,91.585,294.7,79.14,100,54,70,16636.3,4.9,280.9,79.15,100,54,58,2.5,4195.4,273.7,79.15,100,39,68,18330.0,13365.3,271.9,79.14,100,45,64,3.5,9.7,7.0,8,0
1783012250.414,92.029,287.7,79.14,100,47,71,2.1,16530.6,272.7,79.15,100,47,57,18098.2,2114.3,273.7,79.15,100,39,68,4.8,6425.3,261.0,79.14,100,40,64,18090.1,11775.0,7.0,8,0
1783012250.855,92.470,287.7,79.14,100,47,71,3.0,6.1,272.7,79.15,100,47,57,20704.6,17106.6,262.5,79.15,100,38,68,3.2,8.4,261.0,79.14,100,40,64,8214.4,15054.2,7.0,8,0
1783012251.298,92.914,276.0,79.14,100,42,72,18098.5,15470.9,257.3,79.15,99,43,58,3.5,4.7,255.7,79.15,100,37,67,1072.5,16729.3,245.4,79.14,100,37,63,20749.4,4.8,7.0,8,0
1783012251.743,93.359,272.7,79.14,100,45,72,19572.2,9.8,255.3,79.15,100,45,59,6.6,6.0,255.7,79.15,100,40,67,20272.7,17193.8,246.2,79.14,99,43,65,1.9,5.0,7.0,8,0
1783012252.189,93.804,277.1,79.14,100,53,72,1.9,4.6,262.3,79.15,100,59,59,3.6,16700.2,258.4,79.15,100,39,67,19752.3,840.4,254.1,79.14,100,44,65,4.2,4.7,7.0,8,0
1783012252.631,94.246,283.3,79.14,100,51,72,3.9,4.9,268.7,79.15,100,50,58,1463.8,15889.4,265.9,79.15,100,46,69,19772.3,8.1,260.7,79.14,100,44,64,8.8,6214.1,7.0,8,0
1783012253.083,94.699,285.2,79.14,100,58,73,2.6,4.1,269.7,79.15,100,54,60,20221.2,17104.8,268.8,79.15,100,40,68,2.5,5.0,260.9,79.14,100,43,65,3.4,17037.6,7.0,8,0
1783012253.527,95.142,286.6,79.14,100,51,72,3.9,17113.6,271.2,79.15,100,53,60,20705.0,5.3,264.9,79.15,100,39,70,2.3,5.0,260.9,79.14,100,44,65,19745.7,14661.8,7.0,8,0
1783012253.970,95.585,282.6,79.14,100,47,72,18807.5,8420.6,268.6,79.15,100,47,60,2.1,5.2,262.3,79.15,100,39,70,20265.0,17188.5,259.4,79.14,100,41,65,2.9,5.9,7.0,8,0
1783012254.413,96.028,278.1,79.14,100,45,73,13783.0,14757.0,261.2,79.15,100,44,60,8634.9,5.7,262.3,79.15,100,39,70,4.6,17213.1,248.8,79.14,100,33,66,20745.0,6.1,7.0,8,0
1783012254.855,96.470,278.1,79.14,100,45,73,2.7,2005.2,261.2,79.15,100,44,60,17295.9,16927.2,256.5,79.15,100,36,69,2.0,7.9,248.8,79.14,100,33,66,12.9,17256.7,7.0,8,0
1783012255.301,96.917,267.4,79.14,100,14,74,1.8,9.9,250.4,79.15,100,19,59,1032.0,16232.3,251.3,79.15,100,45,70,20743.5,4.7,241.8,79.14,100,47,66,2.7,4.6,7.0,8,0
1783012255.746,97.361,277.1,79.14,100,53,73,10.2,7.3,262.4,79.15,100,53,60,2.0,17112.4,265.6,79.15,100,51,71,19214.9,1199.1,257.2,79.14,100,46,65,2.4,5.1,7.0,8,0
1783012256.192,97.807,291.9,79.14,100,61,74,2.0,4.8,284.1,79.15,100,61,61,7198.8,14254.8,275.4,79.15,100,42,70,15259.7,5.9,272.0,79.14,100,50,67,3.9,17233.7,7.0,8,0
1783012256.634,98.250,290.2,79.14,100,47,74,17023.9,8933.8,274.5,79.15,100,47,61,3.1,5.2,264.9,79.15,100,37,70,20071.0,17199.3,261.5,79.14,99,36,67,8.1,10.7,7.0,8,0
1783012257.078,98.694,279.0,79.14,100,43,74,11117.8,14007.2,260.9,79.15,99,43,61,12371.0,5.4,258.9,79.15,100,34,70,3.8,16411.9,249.1,79.14,100,37,65,17244.2,2867.9,7.0,8,0
1783012257.520,99.136,274.5,79.14,100,47,75,20704.8,4.8,256.1,79.15,100,45,62,2.8,4.8,257.8,79.15,100,40,71,20763.4,17199.9,248.1,79.14,100,41,66,2.2,5.1,7.0,8,0
1783012257.962,99.578,278.2,79.14,100,46,75,644.2,7.6,261.5,79.15,100,46,62,2.9,17116.8,260.9,79.15,100,41,71,20079.5,620.5,255.5,79.14,100,48,68,2.0,5.0,7.0,8,0
1783012258.404,100.019,283.8,79.14,100,50,75,2.3,4.7,269.3,79.15,100,50,62,3.3,17112.2,260.9,79.15,100,41,71,20745.6,4.8,261.2,79.14,100,44,67,1.9,4.7,7.0,8,0
1783012258.846,100.461,283.8,79.14,100,50,75,3.5,4.6,269.3,79.15,100,50,62,5604.4,14156.1,266.3,79.15,100,46,72,15471.4,5.1,261.2,79.14,100,44,67,6.2,503.2,7.0,8,0
1783012259.291,100.906,285.1,79.14,100,56,76,2.9,4.3,270.7,79.15,100,50,63,20705.8,17104.7,270.3,79.15,100,42,71,2.6,10.6,261.1,79.14,100,44,68,3.5,17244.2,7.0,8,0
1783012259.736,101.351,288.6,79.14,100,49,75,8.7,17116.4,272.5,79.15,100,53,62,20708.5,8.0,268.2,79.15,100,42,73,2.6,4.3,262.6,79.14,100,50,68,20323.8,17191.1,7.0,8,0
1783012260.186,101.801,286.1,79.14,100,48,75,18097.5,5.9,271.8,79.15,100,48,63,3.2,17110.1,266.6,79.15,99,37,72,19790.1,960.0,261.8,79.14,100,40,68,4.6,4134.4,7.0,8,0
1783012260.629,102.244,281.5,79.14,100,46,76,20710.6,17109.8,264.4,79.15,100,46,62,2.2,5.9,260.0,79.15,100,33,72,19369.8,18393.0,255.0,79.14,99,33,68,20759.9,17188.6,13.0,0,5
1783012261.077,102.693,274.6,79.14,98,8,75,2.7,12265.2,254.8,79.15,98,10,62,17279.7,6862.0,251.9,79.15,100,50,73,1.8,5.9,242.9,79.14,100,35,67,1.7,17248.6,13.0,0,5
1783012261.519,103.135,278.1,79.14,100,55,76,3.1,4.6,262.6,79.15,100,58,64,5756.5,14718.0,263.5,79.15,100,55,73,15364.1,4.6,257.8,79.14,100,55,69,2.8,4.7,13.0,0,5
1783012261.963,103.578,292.2,79.14,100,63,77,2.4,7.6,272.2,79.15,100,58,64,7820.0,14607.1,279.2,79.15,100,45,74,14498.2,4.8,273.3,79.14,100,46,70,1.9,1359.0,13.0,0,5
1783012262.410,104.026,293.9,79.14,100,48,76,2.1,11690.2,278.6,79.15,100,48,64,17590.0,6810.1,279.2,79.15,100,45,74,3.1,6.0,265.8,79.14,100,38,69,19699.2,17185.7,13.0,0,5
1783012262.852,104.467,293.9,79.14,100,48,76,2.2,5.7,278.6,79.15,100,48,64,8461.6,14658.0,271.5,79.15,100,38,73,13875.9,11.8,265.8,79.14,100,38,69,5.0,17232.6,13.0,0,5
1783012263.297,104.913,287.4,79.14,100,39,77,17659.5,3691.5,267.7,79.15,99,39,64,4.5,5.2,263.7,79.15,100,37,72,20759.3,15599.9,257.2,79.14,100,39,68,438.9,11.0,13.0,0,5
1783012263.742,105.357,277.7,79.14,100,46,77,7.3,10.3,258.1,79.15,100,46,64,5.0,17118.4,259.9,79.15,100,38,74,20743.7,5.2,249.5,79.14,100,40,70,2.0,13.1,13.0,0,5
1783012264.190,105.805,280.1,79.14,100,49,77,3.8,4.9,263.5,79.15,100,50,64,20716.4,17106.5,262.1,79.15,100,41,73,3.0,4.8,254.3,79.14,100,41,70,4.0,15859.2,13.0,0,5
1783012264.633,106.248,285.9,79.14,100,51,77,4.3,4.3,271.5,79.15,100,49,65,20225.9,17104.8,268.3,79.15,100,45,75,3.8,7.5,263.7,79.14,100,50,70,3527.9,14610.2,13.0,0,5
1783012265.084,106.700,287.0,79.14,100,49,78,1.9,14627.6,271.4,79.15,100,49,64,17313.8,4570.8,272.5,79.15,100,42,74,2.4,10.3,264.9,79.14,100,43,69,16529.7,14376.0,13.0,0,5
1783012265.526,107.142,290.8,79.14,100,50,78,584.3,16566.8,273.4,79.15,100,54,65,20703.7,4.9,271.7,79.15,100,41,74,4.4,4.3,262.2,79.14,100,46,71,20773.8,17200.0,13.0,0,5
1783012265.970,107.585,290.4,79.14,100,49,78,20710.7,17107.4,273.1,79.15,100,50,65,2.1,5.6,270.6,79.15,100,39,75,5974.3,14705.0,264.5,79.14,100,41,69,16569.7,5.4,13.0,0,5
1783012266.417,108.032,284.5,79.14,100,45,78,3.0,5734.7,266.7,79.15,100,45,66,17697.1,13151.0,270.6,79.15,100,39,75,4.8,6.1,260.4,79.14,100,38,71,20762.5,17197.1,13.0,0,5
1783012266.859,108.475,284.5,79.14,100,45,78,13456.6,17490.9,264.9,79.15,100,42,66,7162.9,17381.5,267.3,79.15,100,35,75,17958.2,17194.0,260.4,79.14,100,38,71,20749.4,17202.3,16.0,0,5
1783012267.307,108.922,282.7,79.14,100,47,79,2.1,9083.9,264.9,79.15,100,42,66,17413.9,9916.7,253.9,79.15,100,9,75,2.6,4.5,247.1,79.14,100,9,71,1.8,17252.2,16.0,0,5
1783012267.752,109.367,280.0,79.14,100,54,78,10.8,7.5,263.3,79.15,100,62,66,19250.1,14395.6,264.6,79.15,100,54,76,3481.0,4.7,257.1,79.14,100,61,71,2.4,5763.7,16.0,0,5
1783012268.665,110.281,296.7,79.14,100,48,79,17561.0,2552.2,281.4,79.15,100,46,66,3.0,29.0,280.6,79.15,100,45,76,21100.6,14572.1,272.6,79.14,100,44,71,8.5,6.0,16.0,0,5
1783012269.111,110.727,290.3,79.14,100,45,78,20222.9,14166.9,275.0,79.15,100,44,66,3456.2,6.4,267.3,79.15,100,35,75,7543.0,14693.0,262.3,79.14,100,33,72,14690.8,5.7,16.0,0,5
1783012269.552,111.168,281.6,79.14,99,44,79,3.6,5.6,262.8,79.15,100,42,67,14595.5,14525.7,260.9,79.15,100,38,76,7581.5,4.6,250.2,79.14,100,41,71,2.4,5588.0,16.0,0,5
1783012269.997,111.613,283.0,79.14,100,51,79,2.1,14450.4,265.3,79.15,100,50,67,17375.6,4570.5,264.3,79.15,100,39,75,12.4,4.9,256.8,79.14,100,45,72,7965.2,14894.1,16.0,0,5
1783012270.441,112.056,285.4,79.14,100,49,79,10113.7,14547.8,270.9,79.15,100,49,67,12636.9,4.7,269.8,79.15,100,42,77,2.5,2386.2,263.9,79.14,100,47,72,17749.9,16369.7,16.0,0,5
1783012270.883,112.498,285.4,79.14,100,49,79,20709.2,17110.6,271.5,79.15,100,49,67,2.0,6.7,269.8,79.15,100,42,77,5.3,17228.4,263.9,79.14,100,47,72,20679.0,183.8,16.0,0,5
1783012271.328,112.943,287.8,79.14,100,50,80,17717.0,10334.1,271.5,79.15,100,49,67,1.8,5.2,274.2,79.15,100,40,77,6449.4,14752.7,264.1,79.14,100,42,71,15931.0,7.1,16.0,0,5
1783012271.771,113.386,292.4,79.14,100,49,80,20709.3,7.4,274.3,79.15,100,47,68,1.9,373.5,271.2,79.15,100,39,76,18817.1,17194.3,263.2,79.14,100,44,73,2.4,5.2,16.0,0,5
1783012272.214,113.829,291.2,79.14,100,48,80,2.0,2098.0,273.9,79.15,100,48,67,18069.1,16432.8,270.1,79.15,100,43,77,2.2,5.9,264.4,79.14,100,44,72,20767.5,16481.9,16.0,0,5
1783012272.655,114.270,286.4,79.14,100,46,80,3587.7,5.9,269.1,79.15,100,44,67,6414.6,14699.1,266.5,79.15,100,34,76,15651.5,12.0,259.1,79.14,99,34,73,2229.1,15405.3,20.0,2,4
1783012273.105,114.720,281.7,79.14,99,42,80,10.2,4.5,261.6,79.15,100,40,68,3.6,9502.1,256.8,79.15,98,12,79,16835.8,9615.9,248.0,79.14,98,25,72,4.5,4.6,20.0,2,4
1783012273.548,115.163,277.6,79.14,100,61,81,16771.8,12894.3,259.1,79.15,100,53,69,8.2,4.2,262.5,79.15,100,45,78,1.9,15037.9,253.1,79.14,100,46,74,16352.7,4530.8,20.0,2,4
1783012273.992,115.607,285.1,79.14,100,51,81,11497.9,13824.5,272.2,79.15,100,50,67,12112.1,4.4,276.4,79.15,100,45,78,2.8,5.1,267.2,79.14,100,46,73,20694.1,14116.2,20.0,2,4
1783012274.436,116.051,300.5,79.14,100,50,80,5771.5,14841.6,287.5,79.15,100,48,69,16930.5,4.9,282.2,79.15,100,39,78,4.5,120.3,276.7,79.14,100,45,73,19706.2,17196.4,20.0,2,4
1783012274.877,116.493,300.5,79.14,100,50,80,9029.8,6.1,278.0,79.15,100,46,69,495.5,16788.6,282.2,79.15,100,39,78,20748.5,8.6,276.7,79.14,100,45,73,2.7,16220.5,20.0,2,4
1783012275.319,116.934,294.6,79.14,100,46,81,17341.0,11095.6,278.0,79.15,100,46,69,4.6,5.9,268.9,79.15,100,34,77,20759.6,17185.5,264.9,79.14,99,33,73,3.0,5.4,20.0,2,4
1783012275.761,117.377,284.7,79.14,100,36,81,13.5,4.9,264.4,79.15,99,37,69,10320.9,14391.9,264.9,79.15,100,38,77,11928.9,4.8,251.6,79.14,100,41,73,2.4,5289.8,20.0,2,4
1783012276.210,117.825,285.2,79.14,100,57,81,1.9,6419.4,266.1,79.15,100,55,69,17208.0,12707.7,264.6,79.15,100,38,77,2.5,5.6,256.6,79.14,100,45,74,16022.2,14001.0,20.0,2,4
1783012276.652,118.267,287.9,79.14,100,48,81,3.7,17117.5,271.8,79.15,100,46,69,20703.7,8.2,270.8,79.15,100,43,79,6.0,9.9,265.0,79.14,100,48,74,20774.0,17187.4,20.0,2,4
1783012277.096,118.711,290.7,79.14,100,48,82,11224.0,14200.5,271.9,79.15,100,48,69,12023.5,10.2,275.7,79.15,100,39,79,9.1,5051.9,264.9,79.14,100,42,73,17298.0,13851.5,20.0,2,4
1783012277.539,119.155,295.5,79.14,100,52,82,20707.4,17107.7,278.0,79.15,100,56,70,2.2,5.0,275.2,79.15,100,38,78,3.5,17225.9,264.1,79.14,100,43,74,20743.7,4.8,20.0,2,4
1783012277.984,119.600,293.2,79.14,100,48,81,16756.8,3661.7,276.0,79.15,100,48,69,2.9,5.0,272.3,79.15,100,41,79,15985.5,13966.1,264.6,79.14,100,40,74,6967.8,6.1,20.0,2,4
1783012278.428,120.043,287.9,79.14,100,47,82,2.9,4611.5,270.4,79.15,100,47,69,17227.7,14438.5,269.4,79.15,99,32,79,3.8,6.0,260.8,79.14,100,38,74,20765.8,17215.4,20.0,2,4
1783012278.870,120.485,287.9,79.14,100,47,82,2.7,6.5,265.8,79.15,100,37,70,13130.1,14158.9,269.4,79.15,99,32,79,9742.8,11.1,260.8,79.14,100,38,74,1933.4,23585.1,22.0,2,4
1783012279.314,120.930,285.2,79.14,100,38,82,16710.1,16260.5,265.8,79.15,100,37,70,4.5,4.8,259.7,79.15,100,33,79,1.9,17230.5,251.1,79.14,100,32,75,20757.2,4.8,22.0,2,4
1783012279.757,121.372,278.4,79.14,100,63,83,10.4,7961.1,257.8,79.15,100,63,71,16352.6,11369.4,258.9,79.15,100,44,80,1.9,4.7,248.9,79.14,100,50,75,1.9,17254.8,22.0,2,4
1783012280.201,121.816,285.2,79.14,100,57,83,3.2,4.4,268.8,79.15,100,49,71,7901.1,14039.4,273.9,79.15,100,42,79,13886.3,5.0,262.8,79.14,100,45,75,4.5,2243.4,22.0,2,4
1783012280.645,122.260,297.5,79.14,100,51,82,2.4,4.7,287.9,79.15,100,50,70,19311.2,18229.2,285.5,79.15,100,43,80,5.8,12.3,278.3,79.14,100,41,74,20775.0,15322.5,22.0,2,4
1783012281.099,122.715,295.6,79.14,100,44,83,13310.3,6.0,279.4,79.15,100,46,71,3.8,17117.0,277.3,79.15,100,35,80,20748.1,5.8,268.9,79.14,100,40,74,9.9,13819.9,22.0,2,4
1783012281.544,123.160,288.7,79.14,100,46,84,16762.4,13639.0,269.9,79.15,100,46,70,2.3,5.7,262.6,79.15,100,32,80,15501.6,13948.1,256.1,79.14,100,32,75,7802.9,5.4,22.0,2,4
1783012281.986,123.601,285.3,79.14,100,46,82,1042.1,4.8,267.5,79.15,100,46,71,2.0,12218.5,264.1,79.15,100,40,81,16929.5,6721.9,257.9,79.14,100,48,75,1.9,5.1,22.0,2,4
1783012282.427,124.042,288.6,79.14,100,46,84,2.5,5.3,269.7,79.15,100,46,72,16557.1,15231.4,271.7,79.15,100,38,81,4941.4,5.0,261.4,79.14,100,41,75,2.8,10095.5,22.0,2,4
1783012282.870,124.485,288.6,79.14,100,46,84,2.5,4.8,274.9,79.15,100,55,72,20716.2,17104.9,271.7,79.15,100,38,81,4.0,7.3,261.4,79.14,100,41,75,2.3,16121.9,22.0,2,4
1783012283.313,124.928,294.1,79.14,100,57,84,2.3,4.1,274.9,79.15,100,55,72,20228.3,17105.7,275.2,79.15,100,40,80,2.0,4.8,262.1,79.14,100,42,76,3.5,17243.3,22.0,2,4
1783012283.756,125.371,296.9,79.14,100,49,84,7.2,17117.5,278.2,79.15,100,49,72,20704.9,5.1,275.4,79.15,100,46,81,1.8,4.7,267.8,79.14,100,44,76,17990.8,13682.7,22.0,2,4
1783012284.202,125.818,293.3,79.14,100,48,84,10591.5,14232.8,275.9,79.15,100,48,71,12638.0,5.4,276.1,79.15,100,38,81,3.0,12570.1,266.7,79.14,100,42,75,16847.7,6720.8,22.0,2,4
1783012284.643,126.258,294.6,79.14,100,47,84,2.7,5.9,275.0,79.15,100,46,72,14423.8,14068.9,273.2,79.15,100,38,80,8290.0,11.2,260.8,79.14,100,40,76,3956.2,14512.9,22.0,2,4
1783012285.091,126.706,291.9,79.14,100,42,84,20704.9,6.1,271.6,79.15,100,45,72,2.2,17116.1,266.3,79.15,100,28,81,20758.2,7691.4,257.7,79.14,100,34,75,20897.0,8301.8,28.0,3,3
1783012285.532,127.148,278.7,79.14,100,9,83,1.8,5731.2,260.2,79.15,100,9,72,16354.6,14212.3,259.9,79.15,100,48,82,3.8,3.9,253.2,79.14,100,57,77,1.9,7113.5,28.0,3,3
1783012285.975,127.590,287.4,79.14,100,70,84,1147.0,4.4,270.7,79.15,100,68,73,1.8,5683.6,271.2,79.15,100,42,81,16437.9,13646.4,261.9,79.14,100,56,77,2.4,4.7,28.0,3,3
1783012286.417,128.033,297.6,79.14,100,52,85,19202.7,394.2,281.8,79.15,100,50,72,3.6,4.9,271.2,79.15,100,42,81,17716.6,13751.4,274.2,79.14,100,44,77,5627.4,4.8,28.0,3,3
1783012286.861,128.476,297.6,79.14,100,52,85,20707.7,5.6,284.1,79.15,100,49,73,3.0,10452.8,289.3,79.15,100,43,82,22465.9,4068.0,274.2,79.14,100,44,77,4.7,499.3,28.0,3,3
1783012287.307,128.923,298.5,79.14,100,47,84,20712.6,17110.8,284.1,79.15,100,49,73,2.1,5.8,280.1,79.15,100,37,81,11676.7,14016.4,272.1,79.14,100,37,77,9947.2,5.9,28.0,3,3
1783012287.752,129.368,292.9,79.14,100,36,85,10.2,17117.9,274.9,79.15,99,37,73,20703.8,8.1,271.2,79.15,100,36,81,2.8,5.0,260.7,79.14,100,39,76,20767.4,17201.4,28.0,3,3
1783012288.204,129.820,286.7,79.14,100,46,85,20707.0,15438.7,265.1,79.15,100,46,73,1138.9,5.0,269.2,79.15,100,38,82,2.3,15283.3,255.9,79.14,100,40,77,16874.2,3897.7,28.0,3,3
1783012288.646,130.261,289.7,79.14,100,49,85,19770.4,797.8,270.3,79.15,100,49,73,1.9,5.6,270.6,79.15,100,39,82,20765.1,17195.8,260.5,79.14,100,40,77,7.9,7.1,28.0,3,3
1783012289.095,130.710,294.8,79.14,100,48,85,18251.3,4.6,278.3,79.15,100,47,73,2.0,3.9,275.2,79.15,100,46,83,20718.2,17198.7,267.0,79.14,100,49,77,2.4,5.1,28.0,3,3
1783012289.536,131.151,294.9,79.14,100,48,85,16095.8,4.6,276.2,79.15,100,46,73,4.0,7.1,279.0,79.15,100,39,82,19700.0,17199.1,267.3,79.14,100,42,77,2.4,5.3,28.0,3,3
1783012289.978,131.593,297.1,79.14,100,45,85,7.9,6.3,279.2,79.15,100,51,74,1.9,17127.0,275.2,79.15,100,39,82,20745.9,5.4,265.0,79.14,100,44,78,1.9,5.0,28.0,3,3
1783012290.423,132.039,296.4,79.14,100,48,85,2.1,5.3,278.5,79.15,100,46,73,20721.6,17105.1,275.2,79.15,100,39,82,3.5,5.7,267.6,79.14,100,41,77,6882.5,14198.0,28.0,3,3
1783012290.867,132.482,296.4,79.14,100,48,85,20706.1,5.9,273.3,79.15,100,44,73,2.2,9373.8,275.5,79.15,100,39,83,16855.1,9794.2,267.6,79.14,100,41,77,5.4,657.7,28.0,3,3
1783012291.311,132.927,292.2,79.14,100,43,85,23933.7,14435.4,273.3,79.15,100,44,73,19738.1,17102.5,272.3,79.15,100,36,83,2842.5,17466.2,262.3,79.14,100,36,77,16331.6,13017.8,34.0,3,2
1783012291.757,133.372,289.9,79.14,100,39,85,5650.3,6.6,268.3,79.15,98,40,74,5.0,4.4,261.5,79.15,100,8,82,20215.4,17206.6,249.6,79.14,100,9,77,1.8,4.4,34.0,3,2
1783012292.207,133.823,285.5,79.14,100,50,87,20540.3,13394.7,269.2,79.15,100,57,74,3564.5,4.6,273.7,79.15,100,59,84,2.3,4258.1,260.2,79.14,100,55,77,15926.7,15755.7,34.0,3,2
1783012292.648,134.264,292.2,79.14,100,56,86,2.5,16314.3,280.1,79.15,100,58,75,18112.0,2091.7,282.6,79.15,100,44,84,6.7,11.4,274.0,79.14,100,56,78,20788.3,16656.6,34.0,3,2
1783012293.099,134.714,298.0,79.14,100,50,86,20709.2,17109.8,284.7,79.15,100,48,74,2.3,5.8,286.1,79.15,100,38,83,8348.4,15322.1,271.7,79.14,100,40,78,13354.0,5.7,34.0,3,2
1783012293.541,135.156,294.4,79.14,100,44,86,2.8,10989.6,279.8,79.15,100,45,75,16885.6,8497.7,278.8,79.15,100,29,83,4.8,5.4,263.6,79.14,100,36,77,20771.9,17207.0,34.0,3,2
1783012293.982,135.597,289.4,79.14,100,43,86,15759.5,5.0,272.5,79.15,100,44,74,2.8,4302.3,269.4,79.15,100,38,84,17205.8,14602.5,260.4,79.14,100,41,78,2.1,5.6,34.0,3,2
1783012294.424,136.040,289.6,79.14,100,49,87,2.4,4.9,271.4,79.15,100,47,75,339.2,17129.0,269.4,79.15,100,38,84,20747.1,5.3,260.6,79.14,100,40,79,4.6,5796.5,34.0,3,2
1783012294.867,136.482,289.6,79.14,100,49,87,4.1,4.2,276.7,79.15,100,45,75,20222.3,17108.8,272.8,79.15,100,42,84,2.4,7.8,260.6,79.14,100,40,79,5.1,17249.0,34.0,3,2
1783012295.311,136.926,295.1,79.14,100,46,87,2.4,512.0,276.7,79.15,100,45,75,18809.9,17108.7,277.5,79.15,100,39,83,2.3,5.3,263.8,79.14,100,42,79,1077.4,16754.7,34.0,3,2
1783012295.755,137.370,299.2,79.14,100,48,88,8.6,10976.4,280.6,79.15,100,48,75,16754.3,8610.2,277.7,79.15,100,42,84,2.0,5.0,269.1,79.14,100,45,79,13434.6,13801.9,34.0,3,2
1783012296.203,137.818,299.4,79.14,100,53,87,1179.9,16076.0,279.7,79.15,100,48,75,20705.4,4.9,279.9,79.15,100,38,84,2.0,4.3,269.3,79.14,100,40,78,20778.3,17208.0,34.0,3,2
1783012296.644,138.260,298.3,79.14,100,46,87,17899.0,17113.9,280.1,79.15,100,52,75,2.1,5.8,277.1,79.15,100,39,84,13686.5,14317.8,265.4,79.14,100,44,79,7843.0,9.3,34.0,3,2
1783012297.087,138.702,296.4,79.14,100,47,87,2.6,15187.4,279.3,79.15,100,47,75,16449.5,4633.2,274.1,79.15,100,34,83,3.1,3881.2,264.6,79.14,100,33,79,17095.8,15085.3,34.0,3,2
1783012297.528,139.143,290.1,79.14,99,37,87,18830.7,17593.5,269.8,79.15,100,36,75,632.8,17104.7,271.5,79.15,100,33,84,19680.3,9794.3,257.2,79.14,100,36,77,20571.2,14939.8,40.0,4,1
1783012297.971,139.586,284.3,79.14,100,53,87,8.3,4.0,262.2,79.15,100,51,75,15710.7,12978.7,268.8,79.15,100,43,85,8378.8,4.3,255.0,79.14,100,46,80,1.8,4.1,40.0,4,1
1783012298.415,140.030,288.8,79.14,100,51,87,19565.3,4.5,275.7,79.15,100,48,75,1.9,4.6,268.8,79.15,100,43,85,20776.1,15045.7,267.6,79.14,100,44,78,1244.2,4.5,40.0,4,1
1783012298.857,140.472,288.8,79.14,100,51,87,20092.0,17110.2,275.7,79.15,100,48,75,2.8,4.8,280.5,79.15,100,40,85,4.4,17246.4,267.6,79.14,100,44,78,18933.1,1437.4,40.0,4,1
1783012299.299,140.914,302.4,79.14,100,51,87,17571.9,2856.1,291.7,79.15,100,49,76,3.1,1404.4,286.8,79.15,100,45,85,17522.5,17180.5,278.7,79.14,100,43,79,2.1,5.7,40.0,4,1
1783012299.742,141.358,298.8,79.14,100,45,88,15362.9,13918.1,283.0,79.15,100,46,75,6642.2,5.9,280.5,79.15,100,36,85,724.5,16738.1,270.3,79.14,100,39,78,20744.4,6.0,40.0,4,1
1783012300.188,141.803,293.7,79.14,100,47,89,2.4,5.0,274.0,79.15,100,47,75,7053.1,14059.4,269.7,79.15,100,32,85,15648.5,5.5,259.0,79.14,100,32,80,2.9,13880.7,40.0,4,1
1783012300.630,142.245,292.6,79.14,100,45,87,2.4,4.4,273.4,79.15,100,45,76,20520.4,17106.0,271.1,79.15,100,43,86,2.6,10.2,261.7,79.14,100,49,79,18576.3,13998.2,40.0,4,1
1783012301.081,142.696,295.2,79.14,100,46,88,8346.3,13766.2,274.8,79.15,100,47,76,15389.1,4.7,277.9,79.15,100,38,86,2.6,989.7,265.2,79.14,100,41,81,18543.3,17217.0,40.0,4,1
1783012301.523,143.138,300.9,79.14,100,56,88,6585.6,13483.6,280.9,79.15,100,57,77,17324.1,5.0,279.0,79.15,100,38,85,2.4,744.7,268.0,79.14,100,45,80,18748.5,17194.8,40.0,4,1
1783012301.965,143.580,300.5,79.14,100,48,88,12117.8,13966.5,281.9,79.15,100,48,76,5395.9,5.4,282.0,79.15,100,45,86,2.0,15148.0,269.3,79.14,100,42,79,16103.1,4776.0,40.0,4,1
1783012302.414,144.029,298.6,79.14,100,51,89,16874.1,17059.0,279.7,79.15,100,49,77,1.9,4.9,282.0,79.15,100,45,86,3.2,16770.5,266.6,79.14,100,42,80,20749.0,5.1,40.0,4,1
1783012302.856,144.471,298.6,79.14,100,51,89,20705.7,5.4,279.7,79.15,100,49,77,3.8,8606.8,281.1,79.15,100,38,85,16969.0,10464.4,266.6,79.14,100,42,80,8.4,5.7,40.0,4,1
1783012303.297,144.912,300.2,79.14,100,46,88,10107.2,13729.3,281.1,79.15,100,46,77,13798.8,6.0,277.7,79.15,100,38,85,3.2,17214.2,266.0,79.14,100,40,80,20745.0,5.9,40.0,4,1
1783012303.738,145.354,298.2,79.14,100,43,88,14959.0,7801.1,276.9,79.15,100,42,77,5195.9,4289.0,273.8,79.15,100,32,86,10389.1,4313.9,261.9,79.14,100,35,79,5196.0,8624.2,46.0,5,0
1783012304.187,145.802,289.8,79.14,99,41,88,7746.5,6453.1,268.9,79.15,99,48,77,10368.1,8571.1,272.6,79.15,99,45,86,10389.1,7864.0,258.8,79.14,99,47,80,5567.7,6768.3,46.0,5,0
1783012304.629,146.244,290.5,79.14,99,40,89,5185.2,8571.4,271.7,79.15,99,37,77,9807.4,1680.4,271.8,79.15,99,40,86,7145.1,8617.1,260.0,79.14,99,41,80,10398.0,4794.5,46.0,5,0
1783012305.078,146.693,295.9,79.14,99,51,89,5186.8,8573.1,276.5,79.15,99,44,77,10368.9,8571.2,274.1,79.15,99,39,86,10342.3,4310.5,261.1,79.14,99,40,80,10099.3,4788.1,46.0,5,0
1783012305.520,147.135,293.2,79.14,99,43,88,2684.7,2257.6,271.6,79.15,99,48,77,2836.0,2776.7,273.4,79.15,99,53,86,2740.5,2619.7,259.4,79.14,99,56,80,2716.2,2433.7,46.0,7,0
1783012305.967,147.582,298.1,79.14,99,62,88,3500.3,2235.3,272.8,79.15,99,62,76,2825.3,3074.1,275.0,79.15,99,53,86,2797.0,2826.0,259.3,79.14,99,56,80,2732.7,2462.2,46.0,8,0
1783012306.421,148.037,302.1,79.14,99,62,88,2703.0,2242.8,276.2,79.15,99,62,76,2819.7,3025.7,275.0,79.15,99,53,86,2788.2,2926.7,262.5,79.14,99,56,80,2738.6,2499.7,46.0,8,0
1783012306.864,148.479,302.1,79.14,99,62,88,2683.2,2219.3,277.8,79.15,99,62,77,2827.2,3094.7,279.7,79.15,100,52,86,2910.9,3464.2,262.5,79.14,99,56,80,2746.0,2528.2,46.0,8,0
1783012307.313,148.928,302.0,79.14,99,62,88,2682.2,2215.9,277.8,79.15,99,62,77,2830.0,3058.2,280.1,79.15,99,53,86,2800.6,2958.7,262.4,79.14,99,56,80,2739.6,2607.5,46.0,8,0
1783012307.755,149.370,301.0,79.14,99,62,89,3027.1,2227.8,278.8,79.15,99,62,77,2826.8,3266.2,281.2,79.15,99,53,86,2797.9,3020.5,263.2,79.14,100,56,80,2747.3,2607.3,47.0,8,0
1783012308.204,149.819,300.5,79.14,99,62,89,2661.6,2198.0,279.5,79.15,99,62,77,2850.8,3234.2,282.2,79.15,100,53,86,2803.9,3135.5,263.9,79.14,99,56,80,2724.9,2671.8,47.0,8,0
1783012308.648,150.263,300.2,79.14,100,62,89,2682.5,2202.3,279.8,79.15,99,62,77,2861.2,3324.2,282.7,79.15,99,53,86,2843.0,3479.4,264.0,79.14,99,56,80,2736.5,2670.9,47.0,8,0
1783012309.101,150.716,300.2,79.14,99,62,89,2641.3,2208.3,280.3,79.15,99,62,77,2816.5,3216.3,282.8,79.15,99,53,87,2830.5,2940.6,264.3,79.14,99,56,80,2727.8,2575.1,47.0,8,0
1783012309.543,151.159,300.0,79.14,100,62,89,2665.0,2219.0,280.1,79.15,99,62,77,2849.9,3305.9,282.6,79.15,99,52,87,2823.9,3028.2,264.4,79.14,99,56,80,2746.5,2625.9,47.0,8,0
1783012309.993,151.609,300.0,79.14,99,62,89,2662.3,2204.6,280.1,79.15,99,62,77,2823.4,3174.8,282.5,79.15,99,53,87,2799.4,3031.3,264.4,79.14,99,56,80,2760.8,2646.0,47.0,8,0
1783012310.438,152.053,300.1,79.14,99,62,89,2641.7,2212.3,280.5,79.15,99,62,77,2862.0,3269.7,282.7,79.15,100,53,87,2792.2,3085.5,264.5,79.14,99,56,80,2764.0,2699.9,47.0,8,0
1783012310.880,152.495,300.1,79.14,99,62,89,2643.7,2219.1,280.9,79.15,99,62,77,2861.6,3910.4,282.7,79.15,100,53,87,3431.6,3182.6,264.5,79.14,99,56,80,2767.6,2673.2,47.0,8,0
1783012311.335,152.951,300.1,79.14,99,62,89,2662.4,2202.2,280.9,79.15,99,62,77,2842.6,3235.8,283.2,79.15,99,53,87,2831.5,3086.5,264.5,79.14,100,56,80,2773.3,2630.7,47.0,8,0
1783012311.781,153.396,300.0,79.14,100,62,89,2683.7,2188.3,280.8,79.15,99,62,77,2834.8,3307.9,284.1,79.15,99,52,87,2838.1,3108.1,264.3,79.14,99,56,80,2744.3,2647.9,47.0,8,0
1783012312.226,153.841,300.0,79.14,99,62,89,2661.6,2185.4,280.8,79.15,100,62,77,2841.5,3317.0,284.2,79.15,100,53,87,2966.7,3204.6,264.3,79.14,99,56,80,2754.5,2772.0,47.0,8,0
1783012312.670,154.285,300.1,79.14,99,63,89,2649.2,2168.8,280.8,79.15,99,62,78,2902.9,3310.3,284.8,79.15,99,53,87,3020.4,3127.7,264.8,79.14,99,56,80,2728.1,2696.2,47.0,8,0
1783012313.122,154.737,300.1,79.14,99,62,89,2682.8,2202.1,281.7,79.15,99,62,78,2861.2,3312.7,285.5,79.15,99,53,87,2807.7,3120.6,265.0,79.14,100,56,80,2726.0,2692.9,47.0,8,0
1783012313.564,155.180,300.0,79.14,99,62,89,2661.6,2219.0,282.4,79.15,99,62,78,2847.4,3210.9,285.6,79.15,100,53,88,2936.7,3288.3,265.2,79.14,99,56,81,2765.9,2757.7,47.0,8,0
1783012314.012,155.627,299.8,79.14,99,62,89,2641.7,2207.8,282.0,79.15,99,62,78,2862.7,3319.9,285.3,79.15,99,53,88,2777.0,3100.4,265.1,79.14,100,56,81,2731.6,2754.0,47.0,8,0
1783012314.456,156.071,300.0,79.14,99,63,89,2661.7,2219.9,282.3,79.15,100,62,78,2833.8,3285.8,285.6,79.15,100,53,88,2870.6,3116.8,265.4,79.14,99,56,81,2769.2,2755.1,47.0,8,0
1783012314.900,156.515,300.0,79.14,99,63,89,2662.4,2202.1,282.6,79.15,99,62,78,3370.2,3250.7,285.6,79.15,100,53,88,2814.1,3020.8,265.4,79.14,99,56,81,2753.8,2753.6,47.0,8,0
1783012315.348,156.963,300.1,79.14,99,62,89,2661.8,2202.4,282.6,79.15,99,62,78,2863.4,3273.6,285.6,79.15,99,53,88,2853.7,3121.5,265.7,79.14,99,56,81,2758.0,2738.3,47.0,8,0
1783012315.794,157.409,299.9,79.14,99,62,89,2666.8,2259.4,282.4,79.15,99,62,78,2970.9,3346.9,285.9,79.15,99,53,88,2814.4,3174.7,265.7,79.14,99,56,81,2764.7,3341.9,47.0,8,0
1783012316.242,157.857,300.1,79.14,99,62,89,2786.7,2194.8,282.3,79.15,100,62,78,2884.0,3349.8,286.7,79.15,99,53,88,2818.3,3214.3,266.0,79.14,100,56,81,2744.4,2771.8,47.0,8,0
1783012316.686,158.302,300.1,79.14,99,62,89,2643.0,2188.4,282.3,79.15,99,62,78,2968.5,3541.9,286.8,79.15,99,53,88,2831.1,3095.8,266.1,79.14,99,56,81,2752.8,2838.3,47.0,8,0
1783012317.133,158.748,300.0,79.14,99,62,89,2641.3,2185.5,282.9,79.15,100,62,78,2869.8,3218.9,287.4,79.15,99,53,88,2811.7,3165.2,266.8,79.14,100,56,81,2878.5,2816.0,47.0,8,0
1783012317.576,159.192,300.0,79.14,100,62,89,2661.6,2219.0,283.3,79.15,99,62,78,2845.0,3244.6,287.9,79.15,99,53,88,2822.8,3093.7,267.1,79.14,99,56,81,2749.8,2772.6,47.0,8,0
1783012318.018,159.633,299.9,79.14,99,62,89,2635.8,2152.1,283.0,79.15,99,62,79,2867.3,3300.6,287.7,79.15,100,53,89,2808.3,3184.6,266.8,79.14,100,56,81,2749.4,2729.3,47.0,8,0
1783012318.459,160.074,300.0,79.14,99,62,89,2638.0,2206.9,283.1,79.15,99,62,79,2851.9,3391.4,288.0,79.15,99,53,89,2822.7,3173.8,266.5,79.14,100,56,81,2750.4,2747.2,47.0,8,0
1783012318.901,160.516,300.0,79.14,99,62,89,2662.6,2195.1,283.8,79.15,100,62,79,3541.0,3327.9,288.0,79.15,99,53,89,2814.0,3088.6,266.5,79.14,100,56,81,2756.5,2826.4,47.0,8,0
1783012319.351,160.966,300.1,79.14,100,62,89,2624.5,2168.7,283.8,79.15,100,62,79,3015.0,3284.3,288.1,79.15,99,53,89,2797.6,3041.2,266.5,79.14,100,56,81,2748.9,2735.9,47.0,8,0
1783012319.794,161.409,300.0,79.14,100,62,89,2724.0,2233.8,284.1,79.15,100,62,79,2884.1,3437.0,288.3,79.15,99,53,89,2819.3,3101.1,266.8,79.14,100,56,81,2737.2,2858.0,47.0,8,0
1783012320.243,161.858,300.0,79.14,99,62,89,2667.8,2185.7,284.0,79.15,99,62,79,2875.1,3368.3,288.7,79.15,99,53,89,2803.0,3158.0,266.9,79.14,99,56,82,2743.0,2720.1,47.0,8,0
1783012320.687,162.303,299.9,79.14,100,62,89,2643.0,2409.8,284.3,79.15,99,62,79,2857.7,3881.2,289.3,79.15,100,53,89,2818.5,3186.0,267.2,79.14,100,56,82,2754.5,2782.3,47.0,8,0
1783012321.140,162.755,300.0,79.14,99,62,89,2621.1,2185.5,284.4,79.15,99,62,79,2861.8,3255.6,289.2,79.15,99,53,89,2896.5,3076.0,267.6,79.14,99,56,82,2752.6,2709.5,47.0,8,0
1783012321.582,163.198,300.0,79.14,99,62,90,2643.0,2180.3,284.6,79.15,99,62,79,2851.0,3354.6,288.8,79.15,100,53,89,2828.6,3184.3,267.9,79.14,99,56,82,3281.6,2777.9,47.0,8,0
1783012322.029,163.644,300.0,79.14,100,63,90,2641.3,2218.9,285.0,79.15,100,62,79,2848.2,3297.4,289.0,79.15,99,53,89,2828.3,3119.5,268.0,79.14,99,56,82,2760.8,2714.0,48.0,8,0
1783012322.470,164.086,300.0,79.14,99,62,90,2662.5,2185.5,284.9,79.15,99,62,79,2836.4,3461.7,289.5,79.15,99,53,89,2829.7,3251.7,268.3,79.14,99,56,82,2759.1,2776.7,48.0,8,0
1783012322.911,164.527,300.0,79.14,100,62,90,2641.4,2185.5,285.3,79.15,99,62,79,2860.2,3460.7,289.5,79.15,99,53,89,2866.2,3218.0,268.6,79.14,99,56,82,2763.9,2796.8,48.0,8,0
1783012323.354,164.969,300.0,79.14,100,62,90,2641.5,2186.2,285.3,79.15,99,62,79,2884.7,3411.2,290.1,79.15,99,53,89,2822.5,3068.4,268.6,79.14,99,56,82,2773.7,2821.1,48.0,8,0
1783012323.795,165.410,300.1,79.14,100,62,90,2638.9,2152.0,285.4,79.15,99,62,80,2937.5,3501.1,290.3,79.15,100,53,89,2825.1,3212.0,268.6,79.14,99,56,82,2745.6,3042.5,48.0,8,0
1783012324.240,165.855,300.0,79.14,100,63,90,2661.6,2192.3,285.5,79.15,100,62,80,2846.1,3735.6,290.4,79.15,99,53,89,3064.1,3243.6,268.5,79.14,99,56,82,2748.1,2825.9,48.0,8,0
1783012324.690,166.305,300.0,79.14,99,62,90,2643.0,2255.2,285.8,79.15,100,62,80,2866.2,3584.2,290.6,79.15,99,53,89,2852.6,3110.3,268.4,79.14,99,56,82,2748.4,2768.2,48.0,8,0
1783012325.142,166.757,299.9,79.14,99,62,90,2622.1,2187.5,285.7,79.15,99,62,80,2852.7,3337.8,290.6,79.15,100,53,90,2813.2,3187.4,268.4,79.14,99,56,82,2735.8,2674.2,48.0,8,0
1783012325.583,167.198,299.9,79.14,100,63,90,2657.4,2203.0,285.7,79.15,100,62,80,2877.8,3291.4,290.9,79.15,99,53,90,2815.1,3168.9,268.7,79.14,99,56,82,3148.0,2780.0,48.0,8,0
1783012326.027,167.642,300.0,79.14,100,62,90,2643.6,387.3,286.3,79.15,99,62,80,0.7,1.1,290.9,79.15,100,53,90,1.2,0.5,269.0,79.14,99,56,82,0.7,0.5,,,
1783012327.446,169.061,297.9,79.14,100,50,90,2.3,2843.6,286.5,79.15,100,48,80,16924.2,17108.5,296.4,79.15,100,55,90,1.9,4.9,282.9,79.14,100,45,83,496.9,17285.2,48.0,8,0
1783012327.888,169.504,297.9,79.14,100,50,90,10.6,4.2,290.0,79.15,100,50,81,20226.0,17112.8,296.4,79.15,100,55,90,6.1,7.8,282.9,79.14,100,45,83,9225.6,13807.2,48.0,8,0
1783012328.330,169.945,301.0,79.14,100,52,90,16481.6,6274.5,290.0,79.15,100,50,81,2.2,2878.5,287.2,79.15,100,37,89,16926.1,16477.7,274.5,79.14,100,47,84,2.2,5.8,48.0,8,0
1783012328.771,170.386,298.3,79.14,100,41,90,5.2,17119.5,282.8,79.15,100,40,81,20704.3,5.7,279.8,79.15,100,34,89,4.2,4368.3,264.0,79.14,100,35,83,16441.3,15110.7,48.0,8,0
1783012329.213,170.829,295.7,79.14,100,43,91,20287.9,17110.9,276.5,79.15,100,44,81,3.1,4.9,280.2,79.15,100,37,90,2.7,17229.5,261.8,79.14,100,40,83,20375.0,243.8,48.0,8,0
1783012329.655,171.271,298.9,79.14,100,52,90,15871.5,15463.1,279.9,79.15,100,51,81,3.6,8.0,280.8,79.15,100,36,89,7282.6,13778.6,266.1,79.14,100,44,84,12325.9,7.4,48.0,8,0
1783012330.099,171.715,300.6,79.14,100,47,90,16256.7,12193.0,284.2,79.15,100,48,82,2.8,4.8,286.4,79.15,100,43,90,801.0,16770.1,271.8,79.14,100,40,83,20749.8,4.8,48.0,8,0
1783012330.540,172.155,300.9,79.14,100,56,90,20707.7,17108.2,285.7,79.15,100,56,81,9.3,4.8,286.5,79.15,100,37,89,1.9,9173.8,271.5,79.14,100,45,84,16020.9,10644.6,48.0,8,0
1783012330.979,172.594,299.6,79.14,100,47,91,18673.2,13157.6,285.1,79.15,100,45,80,5909.1,4.9,288.4,79.15,100,43,90,4.2,10165.2,270.7,79.14,100,40,84,15973.3,9796.3,48.0,8,0
1783012331.422,173.037,300.2,79.14,100,51,90,20707.0,14260.3,285.8,79.15,100,49,82,2778.8,4.8,288.4,79.15,100,43,90,3.4,11495.1,271.5,79.14,100,44,84,15734.3,8566.9,48.0,8,0
1783012331.865,173.480,300.2,79.14,100,51,90,17066.5,5.8,283.7,79.15,100,45,81,4.6,17127.0,285.9,79.15,100,37,89,20752.3,8.3,271.5,79.14,100,44,84,9.5,12013.1,48.0,8,0
1783012332.312,173.927,299.9,79.14,100,46,90,16706.9,16250.3,283.7,79.15,100,45,81,2.1,5.9,280.7,79.15,100,33,89,20755.3,14314.0,268.0,79.14,100,33,84,2107.9,12.0,48.0,8,0
1783012332.755,174.370,295.7,79.14,100,37,91,8.3,3525.9,276.1,79.15,100,37,82,16022.9,16643.7,279.2,79.15,100,33,90,1.9,5.4,261.9,79.14,100,36,83,1.9,5667.4,48.0,8,0
1783012333.206,174.821,288.8,79.14,100,55,91,10387.8,4.2,268.7,79.15,100,46,82,2.7,4.1,262.5,79.15,100,41,89,19119.3,12845.6,257.5,79.14,100,42,85,5380.1,4.5,48.0,8,0
1783012333.647,175.262,293.8,79.14,100,60,91,20708.8,14114.9,279.4,79.15,100,50,82,2946.2,5.0,269.8,79.15,100,40,90,5.5,4516.9,268.3,79.14,100,43,85,15607.4,15758.8,48.0,8,0
1783012334.093,175.709,302.4,79.14,100,49,91,8074.7,13233.8,291.9,79.15,100,48,81,16071.3,4.9,290.5,79.15,100,39,90,2.8,119.9,280.3,79.14,100,40,83,19713.7,17193.4,48.0,8,0
1783012334.534,176.150,299.7,79.14,100,44,91,20705.8,5.9,290.7,79.15,100,44,82,3.1,13250.0,287.5,79.15,100,36,89,16402.3,6284.8,273.3,79.14,100,38,85,3.0,598.3,48.0,8,0
1783012334.977,176.592,297.7,79.14,100,43,91,20712.5,14840.1,281.3,79.15,100,43,82,1811.8,5.6,278.9,79.15,100,31,90,1068.8,16735.5,265.0,79.14,100,36,84,20744.8,5.5,48.0,8,0
1783012335.418,177.033,296.4,79.14,100,46,91,8057.1,4.6,276.0,79.15,100,44,81,1.7,3085.1,278.9,79.15,100,31,90,16645.9,16284.6,266.0,79.14,100,41,83,2.4,5.1,48.0,8,0
1783012335.859,177.475,296.4,79.14,100,46,91,3.2,4.9,276.0,79.15,100,44,81,4.5,11418.2,280.8,79.15,100,40,90,24615.6,1202.4,266.0,79.14,100,41,83,5.6,9.8,48.0,8,0
1783012336.311,177.926,301.1,79.14,100,46,91,2.9,4.5,281.9,79.15,100,44,82,2.7,17157.2,281.2,79.15,100,39,89,20748.7,5.1,269.5,79.14,100,50,85,2.5,4.6,48.0,8,0
1783012336.753,178.368,301.1,79.14,100,48,91,3505.1,7.8,285.9,79.15,100,47,81,5.4,7169.0,286.1,79.15,100,45,90,16049.2,12839.9,272.5,79.14,100,40,84,3.6,4.4,48.0,8,0
1783012337.195,178.811,300.3,79.14,100,50,90,14527.0,4.5,287.9,79.15,100,55,82,2.4,5.1,287.4,79.15,100,39,90,19706.8,17199.0,275.5,79.14,100,49,85,2.3,4.8,48.0,8,0
1783012337.636,179.252,299.6,79.14,100,46,91,20704.7,4.8,286.1,79.15,100,45,82,2.8,4.7,286.3,79.15,100,40,90,20764.2,16094.8,271.8,79.14,100,41,84,8.6,8.4,48.0,8,0
1783012338.080,179.696,299.0,79.14,100,47,89,2.6,5.7,286.4,79.15,100,53,82,490.1,17118.6,285.4,79.15,100,37,89,20749.2,5.9,271.4,79.14,100,42,85,3.1,12198.4,48.0,8,0
1783012338.523,180.138,300.1,79.14,100,43,90,20035.1,17108.2,285.5,79.15,100,43,82,2.1,5.9,280.3,79.15,100,34,89,19163.6,13418.3,269.0,79.14,100,36,85,4581.5,5.6,48.0,8,0
1783012338.965,180.580,296.6,79.14,100,42,91,27087.0,12712.3,277.0,79.15,98,41,81,14122.1,4.7,273.7,79.15,100,9,89,4.4,4.5,258.3,79.14,100,9,86,20285.8,11845.9,12.0,0,6
1783012339.416,181.031,288.6,79.14,100,49,90,2.7,4.0,275.6,79.15,100,53,82,1.7,14336.5,273.7,79.15,100,9,89,15039.0,6460.8,265.9,79.14,100,47,86,1.8,4.4,12.0,0,6
1783012339.857,181.472,288.6,79.14,100,49,90,15537.9,8714.2,275.6,79.15,100,53,82,3.6,4.5,281.8,79.15,100,59,90,1.8,17282.0,265.9,79.14,100,47,86,20468.2,184.3,12.0,0,6
1783012340.299,181.914,289.0,79.14,100,49,90,6843.7,13324.0,285.1,79.15,100,52,82,17329.3,4.9,287.5,79.15,100,53,90,2.9,491.3,275.8,79.14,100,55,85,19708.9,17198.0,12.0,0,6
1783012340.739,182.355,299.9,79.14,100,54,90,16782.8,8861.6,291.0,79.15,100,55,83,3.3,13.4,286.8,79.15,100,37,90,19696.9,17194.5,276.4,79.14,100,41,85,4.7,6.0,12.0,0,6
1783012341.186,182.801,298.3,79.14,100,46,90,2.3,17116.8,287.5,79.15,100,44,83,20703.5,6.1,285.3,79.15,100,33,90,4.6,14482.3,269.2,79.14,100,33,85,16055.4,5016.8,12.0,0,6
1783012341.627,183.242,294.7,79.14,99,38,91,19517.9,6.0,279.6,79.15,100,38,83,3.0,7264.0,279.7,79.15,100,37,89,23425.9,6450.1,264.1,79.14,100,39,84,8.6,6.9,12.0,0,6
1783012342.075,183.691,299.3,79.14,100,55,91,8.1,5.2,279.4,79.15,100,55,83,3.5,17131.6,279.9,79.15,100,37,89,20750.4,4.7,267.3,79.14,100,43,85,2.4,4.6,12.0,0,6
1783012342.517,184.132,299.4,79.14,100,47,89,3.9,4.7,284.3,79.15,100,45,82,1.8,17144.2,283.8,79.15,100,45,90,20753.4,4.7,273.8,79.14,100,41,85,4.6,4.7,12.0,0,6
1783012342.961,184.576,302.8,79.14,100,56,91,5166.7,7.2,287.1,79.15,100,56,83,3.6,5773.0,285.6,79.15,100,38,89,15968.4,13607.8,274.0,79.14,100,45,86,3.5,4.8,12.0,0,6
1783012343.403,185.019,302.8,79.14,100,56,91,20707.4,4.7,288.6,79.15,100,47,82,2.8,4.4,285.6,79.15,100,38,89,20767.9,17202.1,274.0,79.14,100,45,86,2.8,4.7,12.0,0,6
1783012343.844,185.460,300.1,79.14,100,49,91,20705.4,5.1,288.6,79.15,100,47,82,3.4,4.9,288.8,79.15,100,40,90,17553.9,13426.7,274.2,79.14,100,39,86,2980.4,7.2,12.0,0,6
1783012344.290,185.906,299.6,79.14,100,56,90,19786.4,5.4,291.0,79.15,100,57,83,3.1,10160.1,285.7,79.15,100,37,89,16405.7,9355.3,276.2,79.14,100,45,86,3.3,5.4,12.0,0,6
1783012344.732,186.347,299.3,79.14,100,46,90,5.8,17117.5,287.0,79.15,100,44,83,16497.8,8.5,282.9,79.15,100,39,90,3.0,17206.7,273.0,79.14,100,40,85,20754.9,6.6,12.0,0,6
1783012345.179,186.795,296.1,79.14,100,44,90,20707.9,17113.8,281.2,79.15,100,43,83,12236.5,17079.3,278.8,79.15,100,33,89,6170.8,17194.9,267.7,79.14,99,34,86,20752.8,17215.2,17.0,1,5
1783012345.622,187.237,292.3,79.14,100,9,91,1.6,4.8,274.0,79.15,100,11,84,10112.4,12789.0,272.9,79.15,100,44,89,14178.4,7.2,261.3,79.14,100,52,86,10.7,7.2,17.0,1,5
1783012346.066,187.682,296.2,79.14,100,69,90,18733.9,1570.8,282.7,79.15,100,57,84,3.5,10.2,283.0,79.15,100,41,88,4627.9,13811.7,272.6,79.14,100,51,86,18325.7,4.6,17.0,1,5
1783012346.511,188.127,300.1,79.14,100,55,90,4109.1,13599.0,292.3,79.15,100,48,84,19845.3,4.9,294.5,79.15,100,39,89,2.6,4.5,281.7,79.14,100,42,86,20787.6,17207.3,17.0,1,5
1783012346.957,188.572,297.2,79.14,100,45,89,20708.5,17110.2,294.6,79.15,100,44,83,2.1,6.0,288.0,79.15,100,34,90,12097.1,13894.1,278.5,79.14,100,38,86,11123.8,5.4,17.0,1,5
1783012347.400,189.015,297.2,79.14,100,45,89,4.7,9416.1,286.4,79.15,100,40,83,16523.8,10311.6,288.0,79.15,100,34,90,4.0,5.9,278.5,79.14,100,38,86,20771.9,17209.5,17.0,1,5
1783012347.843,189.458,296.0,79.14,100,41,89,19210.3,4.9,286.4,79.15,100,40,83,2.9,6.4,278.0,79.15,100,35,88,19696.2,17196.6,269.2,79.14,100,35,86,6.2,7.8,17.0,1,5
1783012348.283,189.899,297.0,79.14,100,46,91,2.2,4.7,279.7,79.15,100,45,84,4.3,17125.9,275.6,79.15,100,36,89,20674.6,6.1,264.4,79.14,100,42,86,2.1,1052.1,17.0,1,5
1783012348.726,190.342,298.7,79.14,100,46,91,5.5,7.5,282.4,79.15,100,45,84,20727.1,16074.5,281.2,79.15,100,36,89,5.5,5.0,270.7,79.14,100,38,86,2.8,17258.3,17.0,1,5
1783012349.170,190.786,298.4,79.14,100,48,91,2.4,4.8,285.5,79.15,100,47,83,20723.4,17108.7,285.8,79.15,100,43,89,2.5,5.0,272.8,79.14,100,41,85,2.3,17241.7,17.0,1,5
1783012349.613,191.228,301.0,79.14,100,49,90,4.3,4.3,288.4,79.15,100,49,84,20725.4,17108.5,283.3,79.15,100,37,88,4.3,5.6,271.7,79.14,100,45,86,494.0,16772.6,17.0,1,5
1783012350.056,191.671,300.2,79.14,100,45,90,1.9,15209.8,288.2,79.15,100,45,84,15580.3,5267.8,282.7,79.15,100,39,89,2.1,4.8,273.2,79.14,100,39,85,20526.8,16376.8,17.0,1,5
1783012350.499,192.115,298.5,79.14,100,48,91,16247.0,17108.7,283.7,79.15,100,45,84,2.1,11.1,284.9,79.15,100,37,89,16731.7,14217.4,272.0,79.14,100,40,85,6426.1,5.9,17.0,1,5
1783012350.940,192.555,298.2,79.14,100,38,90,5.3,14914.2,282.4,79.15,100,39,84,16315.7,4985.3,278.1,79.15,99,32,89,3.0,3806.7,267.2,79.14,100,36,86,16653.0,15721.6,17.0,1,5
1783012351.381,192.996,298.2,79.14,100,38,90,20705.2,17108.1,278.1,79.15,100,43,84,5198.8,17342.8,278.1,79.15,99,32,89,13877.7,15085.8,267.2,79.14,100,36,86,20637.0,13385.4,23.0,2,4
1783012351.823,193.438,291.8,79.14,100,42,92,4.0,3.9,278.1,79.15,100,43,84,12863.9,12900.9,266.1,79.15,100,8,89,11594.2,4.0,256.8,79.14,100,8,86,2.7,7.0,23.0,2,4
1783012352.266,193.882,288.0,79.14,100,50,91,20705.5,4.5,275.2,79.15,100,48,83,4.0,4.5,276.5,79.15,100,52,89,9417.9,13201.4,263.2,79.14,100,44,85,14792.7,4.6,23.0,2,4
1783012352.707,194.322,294.9,79.14,100,49,89,14787.2,15979.2,287.7,79.15,100,47,84,5221.8,10.8,289.7,79.15,100,53,90,6.5,7810.1,276.9,79.14,100,44,86,15662.9,12435.0,23.0,2,4
1783012353.154,194.770,300.6,79.14,100,49,90,18843.1,17108.5,297.1,79.15,100,53,84,3.2,5.5,287.5,79.15,100,37,89,13789.2,13464.4,279.8,79.14,100,44,86,10056.5,5.6,23.0,2,4
1783012353.595,195.210,298.5,79.14,100,46,90,2.1,4968.3,289.6,79.15,100,45,84,16710.4,14764.3,282.8,79.15,100,33,89,3.7,5.8,272.9,79.14,100,34,86,20768.2,17206.0,23.0,2,4
1783012354.038,195.654,296.9,79.14,100,42,90,20705.4,6.9,281.4,79.15,100,38,84,2.9,4.2,278.7,79.15,100,37,89,20758.1,17189.7,265.4,79.14,100,39,86,2.8,5.5,23.0,2,4
1783012354.480,196.095,299.1,79.14,100,48,90,6797.7,4.7,284.0,79.15,100,54,84,3.6,7902.1,280.2,79.15,100,37,89,16388.4,10140.2,268.6,79.14,100,44,86,2.1,5.3,23.0,2,4
1783012354.922,196.537,298.7,79.14,100,48,91,4.1,7.6,285.9,79.15,100,47,83,3.1,17145.5,280.2,79.15,100,37,89,20748.9,5.3,274.3,79.14,100,40,86,2.8,4.8,23.0,2,4
1783012355.369,196.984,298.7,79.14,100,48,91,6957.1,4.6,290.2,79.15,100,56,84,4.4,1032.7,285.1,79.15,100,42,89,17960.0,17194.0,274.3,79.14,100,40,86,3.6,4.7,23.0,2,4
1783012355.810,197.426,301.2,79.14,100,48,90,20708.2,5.3,290.2,79.15,100,56,84,2.8,4.7,286.0,79.15,100,40,90,13725.3,12810.6,277.4,79.14,100,49,86,10899.3,5.2,23.0,2,4
1783012356.252,197.868,301.9,79.14,100,54,91,17373.6,2574.3,290.9,79.15,100,47,85,2.8,4.5,285.2,79.15,100,37,88,13558.4,13200.9,275.8,79.14,100,40,87,10750.7,5.3,23.0,2,4
1783012356.699,198.315,299.4,79.14,100,49,91,15545.6,6054.7,290.9,79.15,100,48,83,9.0,6.5,286.7,79.15,100,43,89,20771.3,14883.7,275.2,79.14,100,43,86,1334.4,10.8,23.0,2,4
1783012357.145,198.760,301.0,79.14,100,48,91,2.1,3869.1,289.7,79.15,100,45,85,16893.5,15563.5,283.9,79.15,100,37,89,2.1,5.6,274.0,79.14,100,39,86,17845.6,13397.3,23.0,2,4
1783012357.586,199.202,297.1,79.14,100,46,90,20705.8,6.5,284.4,79.15,100,45,84,3.8,15451.3,278.5,79.15,99,30,89,21268.4,5241.9,267.5,79.14,100,35,86,26344.6,6446.0,29.0,3,3
1783012358.031,199.647,292.1,79.14,100,9,89,2.2,4.0,277.7,79.15,100,10,84,532.3,14474.7,269.4,79.15,100,47,90,13915.6,7197.7,264.0,79.14,100,57,85,2.9,4.3,29.0,3,3
1783012358.473,200.089,276.1,79.14,100,51,89,2578.0,15046.1,279.0,79.15,100,51,85,20709.9,4.4,278.1,79.15,100,55,89,2.8,4.5,265.2,79.14,100,40,86,14422.2,12886.0,29.0,3,3
1783012358.915,200.531,279.6,79.14,100,50,90,3.6,6.9,288.2,79.15,100,56,84,16154.5,12848.2,278.1,79.15,100,55,89,8158.1,5.0,280.1,79.14,100,55,86,2.7,4115.4,29.0,3,3
1783012359.359,200.974,279.6,79.14,100,50,90,1.9,5.4,288.2,79.15,100,56,84,8960.6,13509.0,289.3,79.15,100,52,89,14536.1,7.7,280.1,79.14,100,55,86,4.6,17252.5,29.0,3,3
1783012359.802,201.417,296.1,79.14,100,52,90,20710.8,17107.7,293.8,79.15,100,50,85,2.1,6.1,285.6,79.15,100,36,88,17931.8,13613.8,275.8,79.14,100,40,87,5851.4,6.0,29.0,3,3
1783012360.241,201.857,297.1,79.14,99,41,90,3.1,7660.3,288.1,79.15,100,40,85,16621.0,12113.8,281.4,79.15,100,36,89,2.7,10.9,268.9,79.14,100,36,87,20746.1,14334.5,29.0,3,3
1783012360.684,202.299,295.7,79.14,100,45,91,13249.0,13464.2,283.9,79.15,100,45,84,10915.5,11.8,278.8,79.15,100,40,89,10.3,14518.1,269.1,79.14,100,39,86,15871.0,5470.6,29.0,3,3
1783012361.132,202.747,298.8,79.14,100,53,90,20710.9,17111.6,285.3,79.15,100,51,85,2.0,5.0,279.1,79.15,100,36,88,2.3,17233.7,269.8,79.14,100,39,87,20749.4,4.9,29.0,3,3
1783012362.042,203.657,300.6,79.14,100,57,90,17576.6,2488.1,291.8,79.15,100,52,85,2.7,4.6,284.5,79.15,100,38,88,5195.3,13564.4,276.0,79.14,100,39,87,18820.9,4.8,29.0,3,3
1783012362.483,204.098,299.5,79.14,100,46,89,16314.9,11189.9,290.8,79.15,100,44,84,4.4,4.9,286.1,79.15,100,42,89,2753.2,15052.0,275.8,79.14,100,40,86,20746.7,5.4,29.0,3,3
1783012362.924,204.540,300.5,79.14,100,50,90,16155.7,12727.4,292.0,79.15,100,51,85,5.4,6.4,286.1,79.15,100,42,89,8701.8,13324.3,276.8,79.14,100,40,87,15287.8,5.2,29.0,3,3
1783012363.374,204.989,300.5,79.14,100,50,90,2.9,5.9,290.7,79.15,100,46,85,13514.9,13759.3,283.5,79.15,100,38,90,9690.2,6.0,276.8,79.14,100,40,87,4.0,17234.6,29.0,3,3
1783012363.815,205.431,300.5,79.14,100,46,90,16261.4,6841.5,290.7,79.15,100,46,85,2.2,5.3,279.8,79.15,100,33,89,20761.3,17188.7,272.6,79.14,100,33,87,2.8,8.4,35.0,4,2
1783012364.262,205.877,296.1,79.14,99,40,91,1.9,11076.9,284.6,79.15,100,38,85,15228.9,9925.9,278.2,79.15,100,34,89,1.8,4.6,269.8,79.14,100,38,86,269.9,17310.2,35.0,4,2
1783012364.706,206.322,290.9,79.14,100,61,90,10403.0,6.7,277.3,79.15,100,50,85,9.2,8.8,275.0,79.15,100,40,89,17589.9,12715.2,264.8,79.14,100,42,87,6434.9,5.4,35.0,4,2
1783012365.151,206.766,291.9,79.14,100,64,90,17057.6,12647.5,288.0,79.15,100,53,85,8005.6,4.2,283.1,79.15,100,40,90,2.3,4.1,276.8,79.14,100,44,87,18928.0,12717.2,35.0,4,2
1783012365.593,207.208,297.8,79.14,100,49,90,1.9,15055.9,298.0,79.15,100,45,86,16126.1,4192.0,293.5,79.15,100,37,89,1.9,4.8,284.5,79.14,100,41,87,6850.7,13595.7,35.0,4,2
1783012366.036,207.652,298.6,79.14,100,46,90,16491.2,8045.8,295.3,79.15,100,44,85,3.0,9.4,285.2,79.15,100,35,89,19691.0,17190.1,279.3,79.14,100,34,87,2.6,6.1,35.0,4,2
1783012366.477,208.092,298.5,79.14,100,44,91,2597.0,14958.0,287.6,79.15,100,44,85,20703.0,5.7,277.4,79.15,100,32,89,3.1,11499.0,269.4,79.14,100,37,86,16236.3,8047.7,35.0,4,2
1783012366.918,208.534,296.5,79.14,100,50,91,20706.1,8.9,282.4,79.15,100,48,85,5.9,12.6,277.4,79.15,100,32,89,20769.6,17193.3,267.6,79.14,100,40,87,2.0,7.1,35.0,4,2
1783012367.370,208.985,296.5,79.14,100,50,91,2.7,5.8,288.7,79.15,100,44,85,2.5,10186.4,278.7,79.15,100,40,89,15732.5,10025.3,267.6,79.14,100,40,87,4.6,5.2,35.0,4,2
1783012367.813,209.428,299.5,79.14,100,45,90,2.8,4.6,288.7,79.15,100,44,85,2.9,13720.4,280.3,79.15,99,39,89,15508.9,6690.9,275.2,79.14,100,49,87,2.7,6.5,35.0,4,2
1783012368.256,209.872,299.9,79.14,100,48,91,8137.4,4.7,290.3,79.15,100,48,85,1.9,2598.0,285.3,79.15,100,39,89,16455.0,16810.6,277.7,79.14,100,40,86,2.3,4.6,35.0,4,2
1783012368.698,210.313,300.2,79.14,100,46,90,15782.3,14.2,291.7,79.15,100,53,85,6.6,5352.6,285.2,79.15,100,39,89,16312.7,13075.6,279.2,79.14,100,48,87,2.0,5.7,35.0,4,2
1783012369.144,210.760,299.6,79.14,100,45,91,5998.3,4.9,290.4,79.15,100,45,85,2.0,10232.8,282.9,79.15,100,40,89,16040.9,9628.9,274.9,79.14,100,41,86,2.0,5.0,35.0,4,2
1783012369.585,211.200,300.1,79.14,100,48,90,2.5,1695.4,291.0,79.15,100,51,85,17682.0,17105.1,283.3,79.15,100,37,89,3.1,6.0,275.2,79.14,100,40,88,20770.1,15281.8,35.0,4,2
1783012370.030,211.645,300.8,79.14,100,38,91,11306.2,6.1,289.0,79.15,99,39,85,494.2,16866.6,277.5,79.15,100,32,88,20745.5,6.0,270.3,79.14,100,36,86,2.2,14420.9,35.0,4,2
1783012370.473,212.088,291.4,79.14,98,40,90,9.1,4.5,279.8,79.15,98,33,85,2.2,9159.6,264.5,79.15,100,18,88,16816.4,10029.1,256.4,79.14,100,11,88,3.5,4.4,41.0,5,1
1783012370.916,212.531,289.1,79.14,100,55,90,20709.3,17109.4,277.3,79.15,100,48,86,5.0,6.5,264.5,79.15,100,18,88,5.1,537.8,267.0,79.14,100,44,88,19694.9,17202.3,41.0,5,1
1783012371.359,212.975,289.1,79.14,100,55,90,1.8,6611.5,277.3,79.15,100,48,86,16805.0,12965.8,274.4,79.15,100,41,89,1.9,4.3,267.0,79.14,100,44,88,1.9,12479.7,41.0,5,1
1783012371.801,213.417,292.6,79.14,100,50,91,5.0,4.8,290.6,79.15,100,48,86,17490.3,13959.2,289.8,79.15,100,40,89,5567.7,5.0,285.2,79.14,100,44,88,1.9,5948.2,41.0,5,1
1783012372.245,213.860,298.9,79.14,100,46,91,17409.7,14087.0,299.1,79.15,100,45,85,5763.1,6.1,288.9,79.15,100,44,89,3083.2,14816.0,283.6,79.14,100,45,87,19679.4,5.8,41.0,5,1
1783012372.686,214.301,299.2,79.14,100,45,90,3.1,11956.7,292.8,79.15,100,44,85,17418.6,5946.5,279.0,79.15,100,33,88,9.9,5883.3,274.1,79.14,99,33,87,17218.8,12758.0,41.0,5,1
1783012373.140,214.755,297.2,79.14,100,44,91,20667.5,5.2,284.3,79.15,100,43,86,1.9,4.7,277.3,79.15,100,38,89,13928.3,14243.3,266.6,79.14,100,40,88,8997.6,4.9,41.0,5,1
1783012373.581,215.197,299.3,79.14,100,47,90,20704.9,4.8,287.1,79.15,100,47,85,2.8,4.6,281.5,79.15,100,39,89,20587.1,14040.3,273.8,79.14,100,44,87,2411.7,7.8,41.0,5,1
1783012374.027,215.642,298.8,79.14,100,45,91,20327.9,4.3,288.1,79.15,100,45,85,2.8,4.6,285.2,79.15,100,39,89,20780.4,15560.8,276.5,79.14,100,41,87,2.8,4.7,41.0,5,1
1783012374.471,216.086,301.0,79.14,100,49,90,16675.2,4414.5,293.2,79.15,100,50,85,1.9,10.4,286.8,79.15,100,42,89,5997.9,14227.1,278.5,79.14,100,47,88,17301.5,4.6,41.0,5,1
1783012374.914,216.529,301.8,79.14,100,59,90,18531.6,17111.6,296.5,79.15,100,51,86,5.0,6.8,286.8,79.15,100,42,89,3.5,17237.9,278.5,79.14,100,47,88,20752.0,5.4,41.0,5,1
1783012375.357,216.973,301.8,79.14,100,59,90,20708.5,17113.0,296.5,79.15,100,51,86,2.8,4.7,285.5,79.15,100,38,88,2.0,14716.8,277.8,79.14,100,39,88,16534.2,4626.9,41.0,5,1
1783012375.800,217.416,298.9,79.14,100,48,89,17077.4,9390.6,293.3,79.15,100,46,85,3.7,5.1,286.6,79.15,100,44,89,13498.9,14040.4,278.2,79.14,100,40,87,9887.6,6.2,41.0,5,1
1783012376.242,217.858,299.3,79.14,100,46,91,4.3,9238.0,293.0,79.15,100,45,86,17365.7,9982.7,284.0,79.15,100,35,89,2.9,5.8,276.4,79.14,100,39,87,20770.4,17191.4,41.0,5,1
1783012376.683,218.299,296.8,79.14,100,43,90,15529.3,14083.0,287.1,79.15,100,43,86,12884.0,9.8,279.6,79.15,100,36,89,491.3,19364.4,270.9,79.14,100,39,87,4051.4,4.7,44.0,6,0
1783012377.133,218.749,294.1,79.14,100,49,91,10.0,12837.3,282.3,79.15,100,57,85,15531.2,4.4,276.2,79.15,99,44,89,1.8,8677.7,269.7,79.14,100,50,88,18645.7,124.7,44.0,6,0
1783012377.575,219.190,297.9,79.14,100,55,90,1.9,12595.1,290.8,79.15,100,53,86,15532.6,4.8,283.9,79.15,100,48,89,2.8,11884.6,276.1,79.14,100,44,88,15759.3,6.4,44.0,6,0
1783012378.020,219.635,300.0,79.14,100,51,90,15530.4,5.6,297.8,79.15,100,51,86,3063.0,16494.7,286.7,79.15,100,39,88,6430.4,5.9,280.3,79.14,99,29,87,15576.6,12893.2,44.0,6,0
1783012378.461,220.076,297.3,79.14,99,34,90,1779.4,5.6,287.7,79.15,100,41,85,15533.7,12832.2,279.1,79.15,100,35,88,2.1,3368.9,272.0,79.14,99,28,87,18035.1,6.2,44.0,6,0
1783012378.907,220.523,297.3,79.14,99,34,90,19920.9,7860.7,287.8,79.15,100,46,86,5.5,7763.0,279.1,79.15,100,35,88,17922.3,7.2,272.0,79.14,99,28,87,3.1,12944.1,44.0,6,0
1783012379.354,220.970,298.1,79.14,100,53,91,2.6,4.6,287.8,79.15,100,46,86,15540.4,12833.5,278.7,79.15,100,40,89,1.9,4.6,269.7,79.14,100,44,87,15591.8,12894.7,44.0,6,0
1783012379.796,221.411,300.7,79.14,100,50,91,5.0,9815.4,289.8,79.15,99,43,86,18281.6,5.6,283.2,79.15,100,42,89,1.8,5765.4,274.6,79.14,100,46,87,19408.8,2632.1,44.0,6,0
1783012380.237,221.852,301.9,79.14,100,53,90,6817.7,16009.7,293.2,79.15,100,49,86,3836.4,4.7,284.9,79.15,100,44,88,2853.7,16349.2,276.9,79.14,100,46,87,7345.3,4.9,44.0,6,0
1783012380.678,222.293,300.5,79.14,100,54,90,19515.6,1054.5,293.2,79.15,100,54,86,5.2,12854.3,284.6,79.15,100,41,89,15572.8,10.8,276.6,79.14,100,38,87,12129.4,15712.9,44.0,6,0
1783012381.125,222.740,299.3,79.14,100,51,91,14101.5,5.9,291.5,79.15,100,44,86,15532.5,12835.8,281.6,79.15,99,27,89,2.6,4334.3,275.4,79.14,100,39,88,19503.4,2394.1,46.0,7,0
1783012381.571,223.186,298.4,79.14,100,49,90,2790.7,2234.6,285.6,79.15,100,44,85,2823.5,2971.0,277.2,79.15,99,53,88,2784.9,2890.7,270.1,79.14,100,56,87,2716.2,2537.2,46.0,8,0
1783012382.013,223.629,302.5,79.14,99,62,90,2642.2,2290.7,288.9,79.15,99,62,85,2879.9,3333.7,282.0,79.15,99,53,88,2848.9,3147.7,272.5,79.14,99,55,87,2767.8,2743.2,46.0,8,0
1783012382.454,224.069,304.8,79.14,99,62,90,2641.6,2205.9,295.8,79.15,99,62,85,2883.6,3484.4,287.3,79.15,100,53,88,2847.9,3103.8,276.5,79.14,100,56,87,2901.4,2748.6,46.0,8,0
1783012382.899,224.514,304.8,79.14,99,62,90,2665.8,2174.7,296.1,79.15,100,62,85,2870.5,3372.7,287.3,79.15,100,53,88,2842.1,3217.6,276.5,79.14,100,56,87,2899.3,2742.1,46.0,8,0
1783012383.342,224.958,300.7,79.14,100,62,90,2670.8,2191.4,296.1,79.15,100,62,85,2837.6,3405.3,286.8,79.15,100,53,88,2829.4,3064.4,275.6,79.14,99,56,87,2765.9,2754.5,46.0,8,0
1783012383.785,225.400,299.9,79.14,99,62,90,2683.3,2188.3,296.1,79.15,99,62,85,2856.0,3273.0,286.6,79.15,99,52,88,2816.6,3148.8,275.4,79.14,99,56,87,2763.4,2748.9,47.0,8,0
1783012384.227,225.843,300.0,79.14,99,62,90,2637.6,2202.2,296.3,79.15,100,61,85,2898.7,3442.6,287.0,79.15,99,52,88,2851.6,3222.8,275.5,79.14,99,55,87,2784.1,2811.3,47.0,8,0
1783012384.669,226.284,300.0,79.14,99,62,90,2681.9,2185.5,296.5,79.15,99,62,85,2956.4,3403.2,287.4,79.15,99,53,88,3231.3,3244.4,275.9,79.14,100,56,87,2926.6,2868.0,47.0,8,0
1783012385.123,226.738,300.0,79.14,100,62,90,2661.6,2214.0,296.9,79.15,99,62,86,2861.0,3361.8,287.4,79.15,99,53,88,2829.5,3402.4,276.0,79.14,99,55,87,2820.8,2843.4,47.0,8,0
1783012385.568,227.183,300.1,79.14,99,62,90,2642.6,2205.1,296.7,79.15,99,62,86,2853.4,3355.7,287.5,79.15,99,53,88,2850.7,3351.8,276.1,79.14,100,56,87,2778.4,2788.3,47.0,8,0
1783012386.011,227.626,300.1,79.14,99,62,90,2704.1,2155.6,297.4,79.15,100,62,86,2897.3,3489.0,287.6,79.15,99,53,89,2851.9,3327.2,276.7,79.14,99,56,87,2778.5,2869.5,47.0,8,0
1783012386.453,228.068,300.0,79.14,99,62,90,2683.4,2168.7,298.0,79.15,100,62,86,2888.3,3433.6,287.7,79.15,99,53,88,2858.5,3327.2,276.8,79.14,99,56,87,2768.4,2960.0,47.0,8,0
1783012386.895,228.511,300.0,79.14,99,62,90,2622.6,2191.6,297.7,79.15,99,62,86,2854.2,3388.0,287.7,79.15,99,53,88,2898.1,3398.7,276.8,79.14,99,56,87,2810.8,2937.6,47.0,8,0
1783012387.339,228.954,300.0,79.14,99,62,90,2664.1,2202.2,297.7,79.15,99,62,86,2876.8,3634.9,288.1,79.15,99,53,89,2847.8,3386.4,276.5,79.14,100,56,87,2751.3,2908.4,47.0,8,0
1783012387.781,229.396,300.0,79.14,100,62,90,2641.3,2204.9,297.9,79.15,100,62,86,2888.9,3489.1,288.3,79.15,100,53,89,2840.0,3328.6,276.6,79.14,99,56,87,2781.9,2901.1,47.0,8,0
1783012388.224,229.839,300.1,79.14,100,62,90,2639.0,2155.5,298.3,79.15,100,62,86,2874.3,3369.7,288.6,79.15,99,53,89,2851.0,3304.0,277.0,79.14,99,56,87,2776.6,2984.2,47.0,8,0
1783012388.665,230.280,300.0,79.14,99,62,90,2671.9,2192.5,298.3,79.15,100,62,86,3139.0,3631.5,288.7,79.15,99,53,89,2842.5,3338.9,276.9,79.14,100,56,87,2771.4,2874.7,47.0,8,0
1783012389.117,230.732,300.0,79.14,100,62,90,2641.5,2204.0,298.8,79.15,99,62,86,2898.2,3413.9,289.2,79.15,99,53,89,2853.1,3201.4,277.0,79.14,99,56,87,2753.6,2703.6,47.0,8,0
1783012389.558,231.173,300.0,79.14,99,62,90,2641.2,2185.5,298.9,79.15,99,62,86,2906.4,3302.8,288.6,79.15,99,53,89,2848.6,3301.8,277.0,79.14,99,56,87,2786.7,3052.1,47.0,8,0
1783012390.002,231.617,300.0,79.14,100,62,90,2661.6,2168.7,298.6,79.15,99,62,86,2889.5,3560.9,288.2,79.15,99,53,89,2854.9,3306.1,276.5,79.14,100,56,87,2771.6,2806.6,47.0,8,0
1783012390.444,232.060,300.0,79.14,100,62,90,2655.7,2207.3,298.7,79.15,99,62,86,2878.1,3525.8,288.8,79.15,100,53,89,2870.6,3281.5,276.9,79.14,100,56,87,2790.4,2863.2,47.0,8,0
1783012390.887,232.502,300.0,79.14,100,62,90,2643.0,2202.6,298.8,79.15,99,62,86,2866.4,3423.2,288.8,79.15,100,53,89,2919.8,3380.8,276.9,79.14,100,56,87,2756.7,2957.9,47.0,8,0
1783012391.330,232.945,300.0,79.14,100,62,90,2810.5,2238.3,298.8,79.15,99,62,86,2875.3,3476.5,289.2,79.15,99,53,89,2855.1,3444.5,277.3,79.14,99,56,87,2777.6,2896.9,47.0,8,0
1783012391.775,233.391,300.0,79.14,99,62,90,2746.2,2154.9,299.0,79.15,99,62,86,2869.8,3399.4,289.7,79.15,99,53,89,2836.2,3289.7,277.7,79.14,99,56,87,2768.9,2863.9,47.0,8,0
1783012392.219,233.834,300.0,79.14,99,62,90,2667.7,2183.6,299.1,79.15,99,62,86,2852.5,3408.5,290.0,79.15,99,53,89,2844.0,3248.7,277.8,79.14,100,55,87,2740.7,2951.7,47.0,8,0
1783012392.660,234.275,300.0,79.14,100,62,90,2610.0,2168.7,298.9,79.15,99,62,86,2862.7,4136.4,289.8,79.15,99,53,89,2903.5,3396.3,277.8,79.14,99,56,87,2843.4,2983.4,47.0,8,0
1783012393.107,234.723,300.0,79.14,100,62,90,2661.8,2202.3,299.2,79.15,99,62,86,2881.4,3537.8,289.9,79.15,99,53,89,2878.2,3296.1,278.1,79.14,100,56,87,2758.8,2835.6,47.0,8,0
1783012393.549,235.164,300.1,79.14,99,62,90,2663.2,2202.2,299.8,79.15,100,62,86,2914.6,3508.4,289.8,79.15,99,53,89,2831.6,3234.2,277.8,79.14,99,56,87,2748.7,2888.8,47.0,8,0
1783012393.991,235.606,299.9,79.14,100,62,90,2664.1,2192.2,299.7,79.15,99,62,86,2868.5,3366.2,289.1,79.15,99,53,89,2853.8,3410.8,276.9,79.14,100,55,87,2774.3,2806.9,47.0,8,0
1783012394.434,236.049,300.0,79.14,99,62,90,2580.4,2179.1,299.4,79.15,99,62,86,2870.1,3722.2,289.1,79.15,99,53,89,2867.4,3298.7,276.9,79.14,99,56,87,2770.7,2964.0,47.0,8,0
1783012394.876,236.492,300.0,79.14,99,62,90,2641.3,2219.0,300.1,79.15,99,62,86,2876.4,3586.4,288.8,79.15,99,53,89,2834.5,3490.3,276.9,79.14,99,56,87,2809.6,2746.6,47.0,8,0
1783012395.318,236.934,299.9,79.14,99,62,90,2621.1,2185.5,300.1,79.15,99,62,86,2905.2,3543.0,289.0,79.15,100,53,89,2868.1,3404.9,277.4,79.14,99,56,87,2748.9,2849.4,47.0,8,0
1783012395.761,237.377,300.0,79.14,99,62,90,2750.0,2169.3,300.2,79.15,99,62,86,2899.9,3577.0,289.4,79.15,99,53,89,2864.5,3378.4,277.6,79.14,99,56,87,2746.1,2979.9,47.0,8,0
1783012396.207,237.822,300.1,79.14,99,62,90,2621.0,2178.0,300.3,79.15,99,62,86,2882.6,3412.2,289.4,79.15,100,53,89,2852.5,3261.3,277.7,79.14,99,56,87,2783.6,2761.7,47.0,8,0
1783012396.648,238.264,300.0,79.14,99,62,90,2655.2,2185.5,300.5,79.15,99,62,86,2845.9,3766.1,289.2,79.15,99,53,89,2846.1,3241.6,277.6,79.14,100,56,87,2782.8,2886.1,47.0,8,0
1783012397.097,238.712,300.0,79.14,100,62,90,2641.3,2168.9,300.4,79.15,100,62,86,2888.4,3439.0,289.3,79.15,99,53,89,2845.3,3341.0,277.5,79.14,99,56,87,2814.9,2843.7,47.0,8,0
1783012397.540,239.155,300.1,79.14,100,62,90,2628.4,2170.0,300.7,79.15,99,62,86,2870.6,3489.1,288.9,79.15,99,53,89,2895.9,3527.1,277.6,79.14,99,56,87,2779.4,2853.3,48.0,8,0
1783012397.983,239.598,300.0,79.14,100,62,90,2615.3,2180.9,300.8,79.15,99,62,86,2893.7,3600.4,289.1,79.15,99,53,89,2833.6,3227.2,277.9,79.14,99,56,87,2763.4,2816.2,48.0,8,0
1783012398.425,240.040,300.0,79.14,99,62,90,2641.3,2203.0,300.5,79.15,99,62,86,2846.1,3545.4,289.1,79.15,99,53,89,2853.0,3414.8,277.7,79.14,100,56,87,2762.4,2870.3,48.0,8,0
1783012398.867,240.482,300.0,79.14,99,62,90,2621.1,2168.8,300.5,79.15,99,62,86,2934.4,3354.6,289.6,79.15,99,53,89,2880.5,3532.7,277.7,79.14,100,56,87,2785.5,3056.4,48.0,8,0
1783012399.313,240.928,300.0,79.14,99,62,90,2661.7,2168.7,300.3,79.15,99,62,86,2864.9,3504.5,289.3,79.15,99,53,89,2823.6,3235.7,277.6,79.14,100,56,87,2816.6,3075.7,48.0,8,0
1783012399.756,241.371,300.0,79.14,99,62,90,3015.0,2254.5,300.3,79.15,99,62,86,2847.3,3374.5,289.6,79.15,100,53,89,2843.6,3451.3,278.0,79.14,100,56,87,2759.4,2806.2,48.0,8,0
1783012400.207,241.822,300.0,79.14,99,62,90,2641.3,2206.9,300.7,79.15,99,62,87,2867.5,3343.2,290.5,79.15,99,53,89,2863.5,3319.4,278.7,79.14,100,56,87,2753.7,2933.6,48.0,8,0
1783012400.649,242.264,300.0,79.14,99,62,90,2669.0,2241.6,300.6,79.15,99,62,86,2868.1,3511.7,291.1,79.15,99,53,89,3084.7,3298.3,278.7,79.14,99,56,87,2820.3,2877.2,48.0,8,0
1783012401.102,242.717,300.0,79.14,99,62,90,2643.8,2182.6,299.9,79.15,99,62,86,2879.4,3291.2,290.6,79.15,99,53,89,2858.4,3274.7,278.4,79.14,99,56,87,2747.7,2851.4,48.0,8,0
1783012401.546,243.161,300.0,79.14,99,62,90,2643.0,2220.1,299.9,79.15,99,62,86,2856.4,3387.1,291.1,79.15,100,53,89,2854.6,3312.1,278.2,79.14,99,56,87,2772.1,2835.2,48.0,8,0
1783012401.988,243.603,300.0,79.14,100,63,90,2641.3,2165.1,300.3,79.15,99,62,87,2855.4,3445.3,292.0,79.15,99,53,89,2835.9,3438.9,278.3,79.14,99,56,87,2772.9,1993.7,,,
1783012403.413,245.028,250.7,79.14,99,51,90,2.7,4.5,265.4,79.15,100,48,86,491.3,17154.3,242.3,79.15,100,53,90,20753.8,4.4,231.7,79.14,99,45,87,3.0,4.4,48.0,8,0
1783012403.957,245.572,301.5,79.14,100,53,90,20364.9,7.3,301.5,79.15,100,52,87,2.8,4.4,286.9,79.15,100,37,88,20769.4,17198.1,281.8,79.14,100,45,88,3.2,5.7,48.0,8,0
1783012404.398,246.013,301.5,79.14,100,53,90,3.1,14514.5,294.5,79.15,100,46,87,17754.5,4243.1,286.9,79.15,100,37,88,3.0,2879.5,281.8,79.14,100,45,88,18398.7,15245.7,48.0,8,0
1783012404.839,246.454,299.6,79.14,100,46,90,2.7,5.5,294.5,79.15,100,46,87,6100.4,15174.3,280.2,79.15,100,33,89,15361.0,6.6,274.9,79.14,100,33,88,6.1,17247.9,48.0,8,0
1783012405.288,246.903,295.7,79.14,99,39,91,1.9,17111.1,286.9,79.15,100,37,87,19955.9,655.1,279.2,79.15,100,38,89,3.8,4.8,269.1,79.14,100,40,87,16220.4,14553.2,48.0,8,0
1783012405.730,247.346,299.7,79.14,100,56,91,365.4,16669.4,288.6,79.15,100,57,87,12144.3,7.3,279.9,79.15,100,38,90,4.0,2964.2,272.0,79.14,100,42,88,17861.5,15341.1,48.0,8,0
1783012406.179,247.795,300.5,79.14,100,48,90,4521.8,14604.4,292.9,79.15,100,46,86,17937.5,4.7,283.8,79.15,100,45,90,2.8,4.4,278.1,79.14,100,43,88,20786.7,16992.8,48.0,8,0
1783012406.621,248.236,300.8,79.14,100,57,91,1.9,16547.9,295.4,79.15,100,58,87,17304.6,2691.4,286.2,79.15,100,39,90,2.9,7.5,278.8,79.14,100,44,88,9540.6,14442.0,48.0,8,0
1783012407.073,248.689,299.6,79.14,100,50,91,1.9,17116.4,297.4,79.15,100,49,86,20704.5,5.2,289.9,79.15,100,42,90,3.1,4.9,279.4,79.14,100,40,88,18680.6,14220.5,48.0,8,0
1783012407.516,249.131,299.1,79.14,100,59,91,1.9,16082.6,299.3,79.15,100,58,87,19034.0,1348.2,286.2,79.15,100,38,88,1.9,4.6,280.9,79.14,100,46,88,9108.3,14576.5,48.0,8,0
1783012407.959,249.574,299.3,79.14,100,46,90,11817.5,14688.4,295.1,79.15,100,45,88,10538.5,5.7,283.9,79.15,100,40,90,2.8,17227.2,277.9,79.14,100,40,88,20749.7,6.4,48.0,8,0
1783012408.402,250.017,299.3,79.14,100,46,90,3.7,5.6,290.6,79.15,100,44,87,20709.7,17104.3,283.9,79.15,100,40,90,2.9,5.7,277.9,79.14,100,40,88,4739.6,15282.3,48.0,8,0
1783012408.847,250.462,296.9,79.14,100,46,92,13884.4,4.5,290.6,79.15,100,44,87,2.1,4.5,280.4,79.15,100,35,90,20781.0,13860.7,273.9,79.14,100,35,88,951.5,6.7,48.0,8,0
1783012409.291,250.907,294.6,79.14,100,11,91,1.7,17118.5,283.4,79.15,100,10,88,20705.8,5.7,273.7,79.15,100,41,89,2.6,4.4,265.4,79.14,100,56,88,1096.6,16758.1,48.0,8,0
1783012409.734,251.349,293.8,79.14,100,72,90,5.3,10.6,289.5,79.15,100,64,88,11413.5,13020.4,281.9,79.15,100,40,89,12768.8,6.8,272.7,79.14,100,55,88,2.8,4.1,48.0,8,0
1783012410.182,251.798,300.0,79.14,100,59,91,2.3,4.7,300.6,79.15,100,49,88,2.8,15968.2,294.3,79.15,100,40,89,16120.0,3859.8,285.5,79.14,100,42,89,1.8,4.7,48.0,8,0
1783012410.623,252.239,296.0,79.14,100,46,90,2.9,7391.7,301.3,79.15,100,45,87,16321.6,12531.7,288.4,79.15,100,35,90,2.7,8.6,283.4,79.14,100,38,88,20776.6,17192.6,48.0,8,0
1783012411.066,252.682,295.3,79.14,100,42,90,11597.3,6.5,294.8,79.15,100,42,87,1407.4,15923.6,279.2,79.15,100,36,89,20748.8,5.7,274.8,79.14,100,38,88,2.2,11766.6,48.0,8,0
1783012411.512,253.127,299.6,79.14,100,45,91,2.0,17116.7,289.8,79.15,100,46,87,20702.8,5.1,277.5,79.15,100,37,89,9.1,4.4,268.5,79.14,100,42,88,20780.7,17192.6,48.0,8,0
1783012411.959,253.574,299.0,79.14,100,46,90,11557.1,13229.6,290.8,79.15,100,45,88,12780.8,4.5,282.3,79.15,100,38,90,2.3,4.1,273.3,79.14,100,39,88,19717.3,17205.2,48.0,8,0
1783012412.400,254.016,299.0,79.14,100,46,90,5303.0,13260.7,293.2,79.15,100,55,88,18763.4,4.6,282.3,79.15,100,38,90,2.8,4.6,273.3,79.14,100,39,88,20797.5,16500.3,48.0,8,0
1783012412.842,254.458,302.0,79.14,100,56,91,2.3,13870.7,293.2,79.15,100,55,88,16180.5,6332.9,285.7,79.15,100,39,89,4.1,5.0,276.4,79.14,100,40,88,15388.7,12836.4,48.0,8,0
1783012413.293,254.908,300.8,79.14,100,48,90,2.7,11143.9,295.6,79.15,100,47,87,16069.3,8575.0,288.3,79.15,100,45,90,2.2,4.5,279.1,79.14,100,41,88,1468.1,15912.2,48.0,8,0
1783012413.736,255.351,298.8,79.14,100,47,91,6.8,6625.4,300.0,79.15,100,48,88,16411.5,11974.0,285.0,79.15,100,37,89,5.9,4.9,280.1,79.14,100,47,88,2067.4,15548.7,48.0,8,0
1783012414.183,255.798,300.8,79.14,100,46,91,1498.6,15765.7,296.0,79.15,100,46,87,20704.6,5.2,285.2,79.15,100,40,90,2.7,5010.0,277.2,79.14,100,40,87,16153.5,14880.1,48.0,8,0
1783012414.624,256.239,297.6,79.14,100,47,91,4153.9,5.9,293.3,79.15,100,48,88,4941.3,13741.9,284.8,79.15,100,33,89,18247.7,8.9,274.4,79.14,100,35,88,8.2,17232.7,48.0,8,0
1783012415.067,256.683,297.5,79.14,100,43,91,20706.7,17109.0,289.6,79.15,100,44,87,20703.5,17110.0,276.5,79.15,98,32,90,8.3,4.6,270.8,79.14,100,37,87,2.6,12193.3,6.0,0,7
1783012415.514,257.130,291.1,79.14,100,52,90,2.5,4.1,284.3,79.15,100,55,87,2.9,869.6,274.5,79.15,100,55,90,18248.3,17193.8,268.5,79.14,100,55,88,3.9,10.3,6.0,0,7
1783012415.957,257.573,294.3,79.14,100,50,90,18775.0,17109.8,292.7,79.15,100,59,87,2.7,11.6,283.5,79.15,100,42,90,1.8,10771.5,276.7,79.14,100,51,88,17159.5,8118.7,6.0,0,7
1783012416.399,258.014,294.3,79.14,100,50,90,2.6,17113.6,299.8,79.15,100,59,88,20705.4,4.7,283.5,79.15,100,42,90,1.9,5.1,276.7,79.14,100,51,88,20783.3,16062.2,6.0,0,7
1783012416.840,258.455,301.6,79.14,100,60,91,17972.4,12370.4,299.8,79.15,100,59,88,3.1,5.4,292.8,79.15,100,37,90,18216.7,19173.9,282.3,79.14,100,40,88,5.2,8.4,6.0,0,7
1783012417.285,258.901,298.4,79.14,100,46,91,2.0,17115.2,295.5,79.15,100,46,88,20702.6,5.9,286.3,79.15,100,36,89,3.0,13142.4,278.0,79.14,100,39,88,18028.0,4971.9,6.0,0,7
1783012417.726,259.342,295.8,79.14,100,43,91,15254.0,11.9,292.0,79.15,100,42,88,10.7,15458.6,279.8,79.15,100,36,89,17504.9,3030.9,271.4,79.14,100,37,88,1.8,4.7,6.0,0,7
1783012418.172,259.787,300.3,79.14,100,46,91,4.6,4.8,289.1,79.15,100,45,88,1.9,17129.9,280.7,79.15,100,38,89,20749.5,5.1,269.9,79.14,100,41,88,2.4,4.7,6.0,0,7
1783012418.614,260.229,301.2,79.14,100,49,91,2.7,4.6,294.1,79.15,100,49,87,1.8,15197.8,282.9,79.15,100,41,90,17085.2,3765.6,277.3,79.14,100,43,88,7.2,12.4,6.0,0,7
1783012419.060,260.676,300.9,79.14,100,59,91,6353.8,4.6,297.6,79.15,100,50,88,1.9,3777.0,286.1,79.15,100,39,89,18102.5,13601.4,278.0,79.14,100,41,88,3.0,10.2,6.0,0,7
1783012419.549,261.165,299.7,79.14,100,49,90,2.3,4.3,298.1,79.15,100,48,88,20236.2,17107.0,291.1,79.15,100,47,90,3.9,4.6,279.1,79.14,100,43,87,1.9,15660.8,6.0,0,7
1783012419.993,261.608,300.9,79.14,100,54,91,1.9,4.5,299.7,79.15,100,54,88,20723.4,15449.3,285.9,79.15,100,40,89,380.2,4.8,280.4,79.14,100,49,88,2.4,8291.8,6.0,0,7
1783012420.437,262.053,299.0,79.14,100,48,91,2.8,1476.2,296.3,79.15,100,46,87,18251.2,16667.6,285.9,79.15,100,40,89,4.6,5.2,276.5,79.14,100,40,87,5784.2,14792.6,6.0,0,7
1783012420.880,262.496,299.0,79.14,100,48,91,20702.6,6.3,293.5,79.15,100,47,87,2.1,9710.4,286.3,79.15,100,38,90,20030.5,4545.2,276.5,79.14,100,40,87,2.1,290.7,6.0,0,7
1783012421.329,262.944,296.7,79.14,100,46,90,2.0,17260.4,293.5,79.15,100,47,87,19389.0,10745.1,282.4,79.15,100,31,90,20065.7,12532.6,274.4,79.14,100,37,88,10596.3,4.7,9.0,0,6
1783012421.772,263.387,294.6,79.14,98,22,90,6.8,7.0,288.1,79.15,98,16,89,17721.3,12297.8,271.2,79.15,100,22,90,6883.5,4.2,264.1,79.14,100,10,88,2.3,4.1,9.0,0,6
1783012422.214,263.829,278.6,79.14,100,70,90,18557.0,1725.4,286.4,79.15,100,60,88,2.6,4.6,275.6,79.15,100,42,90,4914.9,13591.2,268.4,79.14,100,62,88,19418.1,4.4,9.0,0,6
1783012422.655,264.271,281.5,79.14,100,59,91,11931.3,13009.3,289.0,79.15,100,60,88,12775.7,7.9,284.7,79.15,100,42,89,8.9,527.1,275.2,79.14,100,54,88,18288.5,17199.5,9.0,0,6
1783012423.099,264.714,294.8,79.14,100,46,91,20709.3,17114.5,300.6,79.15,100,44,88,2.3,5.6,291.2,79.15,100,37,90,5474.1,15069.0,278.3,79.14,100,39,87,16781.6,6.0,9.0,0,6
1783012423.543,265.158,296.5,79.14,100,45,91,2.1,2259.6,295.9,79.15,100,45,88,17909.5,16268.8,284.8,79.15,100,31,90,4.6,5.8,276.9,79.14,100,35,88,19730.3,13378.7,9.0,0,6
1783012423.985,265.600,296.4,79.14,100,42,90,20709.4,5.4,290.3,79.15,100,43,89,2.9,4.9,277.4,79.15,100,38,90,20762.8,15823.2,271.0,79.14,100,40,88,295.2,5.5,9.0,0,6
1783012424.427,266.042,299.8,79.14,100,50,91,13600.6,4.8,289.3,79.15,100,46,88,4.5,2712.2,277.4,79.15,100,38,90,16770.8,16712.4,271.6,79.14,100,40,87,2.9,5.1,9.0,0,6
1783012424.868,266.483,299.8,79.14,100,50,91,6113.2,4.7,289.3,79.15,100,46,88,3.7,6384.9,279.8,79.15,100,37,90,15762.1,13619.0,271.6,79.14,100,40,87,2.8,4.8,9.0,0,6
1783012425.309,266.924,302.8,79.14,100,44,91,20704.9,4.5,297.0,79.15,100,49,88,2.8,4.7,283.1,79.15,100,39,90,16637.1,12952.1,276.9,79.14,100,46,88,7870.2,4.8,9.0,0,6
1783012425.750,267.365,300.9,79.14,100,50,91,15632.0,13651.7,296.6,79.15,100,46,88,2.9,12.3,286.0,79.15,100,38,90,1086.3,16730.3,278.4,79.14,100,41,88,20748.1,5.0,9.0,0,6
1783012426.196,267.811,299.2,79.14,100,48,91,16044.7,14044.3,296.4,79.15,100,47,87,1.9,4.6,287.5,79.15,100,40,90,1.8,17242.5,280.6,79.14,100,40,88,20754.7,5.4,9.0,0,6
1783012426.636,268.252,300.9,79.14,100,59,91,20571.2,17107.9,298.6,79.15,100,54,88,4.5,5.6,284.9,79.15,100,37,89,13222.8,13254.4,277.5,79.14,100,39,88,10884.2,8.5,9.0,0,6
1783012427.086,268.701,300.2,79.14,100,46,90,3.1,5.3,296.2,79.15,100,45,88,20706.8,17104.4,282.7,79.15,100,37,89,2.7,5.6,275.4,79.14,100,41,88,11598.5,13314.8,9.0,0,6
1783012427.528,269.143,297.6,79.14,100,39,91,20706.1,5.7,294.1,79.15,100,38,87,4.6,11086.3,279.0,79.15,100,35,89,26718.6,15503.6,270.7,79.14,100,35,87,20747.3,16065.6,12.0,1,6
1783012427.971,269.587,289.5,79.14,100,35,90,12957.0,14188.1,280.6,79.15,100,44,87,9047.9,4.0,275.8,79.15,100,52,90,1.9,4.2,264.6,79.14,100,45,87,14143.3,14069.1,12.0,1,6
1783012428.415,270.031,289.5,79.14,100,35,90,3.5,4.4,288.7,79.15,100,49,86,504.6,17122.2,275.8,79.15,100,52,90,20753.3,4.7,264.6,79.14,100,45,87,4.7,4.6,12.0,1,6
1783012428.857,270.472,291.1,79.14,100,51,90,20704.8,4.7,288.7,79.15,100,49,86,3.6,4.7,282.6,79.15,100,51,90,20788.3,16054.2,275.8,79.14,100,45,87,50.6,4.9,12.0,1,6
1783012429.298,270.914,302.3,79.14,100,55,90,20706.6,11.1,301.8,79.15,100,62,87,9.1,7420.7,292.5,79.15,100,41,90,17482.6,10982.6,285.9,79.14,100,49,88,2.2,5.9,12.0,1,6
1783012429.743,271.358,297.2,79.14,100,47,91,16327.0,14792.3,294.6,79.15,100,46,86,5541.0,5.7,285.8,79.15,100,33,90,42.8,17213.4,278.5,79.14,100,38,87,19472.5,5.9,12.0,1,6
1783012430.191,271.806,296.8,79.14,100,44,92,2.1,5.0,289.6,79.15,100,45,87,20708.7,17104.6,279.3,79.15,100,35,90,2.4,5.0,270.8,79.14,100,35,88,2.3,17253.3,12.0,1,6
1783012430.632,272.248,299.1,79.14,100,45,90,2.1,14967.3,291.0,79.15,100,45,87,17945.2,3639.0,275.7,79.15,100,38,89,3.2,9.8,269.7,79.14,100,40,88,17596.1,14435.3,12.0,1,6
1783012431.078,272.694,298.9,79.14,100,45,91,3432.5,15125.0,290.9,79.15,100,45,87,18601.6,4.8,283.8,79.15,100,48,90,2.9,5.1,272.8,79.14,100,42,88,19726.0,17201.5,12.0,1,6
1783012431.519,273.135,302.1,79.14,100,56,91,1.8,16541.7,295.3,79.15,100,57,88,17594.5,2390.7,286.4,79.15,100,39,89,2.7,4.7,277.6,79.14,100,49,88,7077.9,14561.0,12.0,1,6
1783012431.962,273.577,301.6,79.14,100,47,91,2.4,6725.4,296.7,79.15,100,46,87,17565.4,12298.7,286.5,79.15,100,43,90,3.5,4.8,278.5,79.14,100,42,86,490.0,17282.4,12.0,1,6
1783012432.407,274.022,301.6,79.14,100,47,91,2.9,3382.9,298.8,79.15,100,55,87,17689.8,15402.5,286.5,79.15,100,43,90,1.9,4.8,278.5,79.14,100,42,86,3.5,17272.0,12.0,1,6
1783012432.848,274.463,299.1,79.14,100,47,91,2.2,4.7,298.8,79.15,100,55,87,20727.4,17107.0,285.4,79.15,100,38,90,4.1,5.1,279.7,79.14,100,45,88,7.7,17263.0,12.0,1,6
1783012433.290,274.905,301.0,79.14,100,48,91,12441.8,14999.9,296.4,79.15,100,47,88,9425.0,6.1,285.1,79.15,100,37,90,491.0,16731.1,277.2,79.14,100,40,87,20749.8,5.7,12.0,1,6
1783012433.734,275.350,298.2,79.14,99,42,91,6.4,1488.9,292.9,79.15,100,41,87,18395.8,15279.3,285.3,79.15,100,37,90,4.5,5.8,272.7,79.14,100,38,88,20933.4,17221.4,14.0,1,5
1783012434.183,275.798,296.9,79.14,100,48,91,15428.9,4644.5,291.2,79.15,100,47,86,2.7,4.4,276.2,79.15,98,6,90,1078.2,16754.6,268.4,79.14,98,15,87,20755.1,4.2,14.0,1,5
1783012434.624,276.239,297.8,79.14,100,53,91,2.3,3.7,285.5,79.15,100,48,88,20235.5,17106.9,278.4,79.15,100,42,89,2.6,7.6,270.5,79.14,100,43,88,9.9,13838.6,14.0,1,5
1783012435.073,276.689,298.3,79.14,100,51,91,3.5,4.3,292.5,79.15,100,48,88,2.8,12233.3,285.8,79.15,100,42,90,15188.1,8091.9,276.1,79.14,100,42,88,2.4,4.9,14.0,1,5
1783012435.515,277.130,296.3,79.14,100,49,90,7802.4,4.6,301.5,79.15,100,46,87,2.1,1843.8,292.6,79.15,100,41,90,17223.0,17191.0,285.4,79.14,100,38,87,2.7,5.8,14.0,1,5
1783012435.956,277.571,297.5,79.14,100,43,91,11.4,17112.6,296.0,79.15,100,46,87,20705.2,6.5,286.0,79.15,100,30,90,4.7,8861.8,278.1,79.14,100,37,87,16219.8,10638.0,14.0,1,5
1783012436.398,278.014,297.5,79.14,100,43,91,4.0,6.1,289.6,79.15,100,44,86,5426.5,13815.8,286.0,79.15,100,30,90,17803.4,8.2,278.1,79.14,100,37,87,2.9,11624.7,14.0,1,5
1783012436.843,278.459,297.7,79.14,100,44,91,1.9,7732.8,289.6,79.15,100,44,86,16153.7,12396.2,276.7,79.15,100,35,90,2.4,5.1,270.5,79.14,100,39,88,1084.6,16145.6,14.0,1,5
1783012437.286,278.902,298.0,79.14,100,46,91,4.8,13498.2,289.9,79.15,100,46,86,15818.6,6930.8,279.9,79.15,100,43,90,2.5,5.0,271.6,79.14,100,40,88,14022.0,13695.6,14.0,1,5
1783012437.729,279.344,302.5,79.14,100,58,91,5.8,17114.7,294.2,79.15,100,60,87,17969.9,2201.8,282.9,79.15,100,38,91,2.8,4.7,274.2,79.14,100,40,88,6283.5,13016.5,14.0,1,5
1783012438.177,279.793,300.8,79.14,100,48,91,4.4,1513.0,296.4,79.15,100,47,86,17635.9,17108.0,285.8,79.15,100,46,90,1.9,5.5,277.2,79.14,100,40,88,1.9,15426.6,14.0,1,5
1783012438.619,280.234,299.4,79.14,100,51,91,2.7,4.5,297.8,79.15,100,56,87,20721.7,16610.4,286.8,79.15,100,38,90,2.2,8.2,280.3,79.14,100,47,88,12.8,17281.8,14.0,1,5
1783012439.064,280.679,301.8,79.14,100,47,91,2.8,4.7,294.6,79.15,100,48,87,20721.4,17107.9,285.5,79.15,100,36,90,5.2,5.0,276.3,79.14,100,40,86,1.9,15019.3,14.0,1,5
1783012439.506,281.121,299.4,79.14,100,47,91,4684.9,13459.2,294.2,79.15,100,46,87,19174.7,5.9,284.7,79.15,100,37,91,2.6,17220.1,273.9,79.14,100,38,88,18900.9,1533.7,14.0,1,5
1783012439.947,281.562,299.1,79.14,100,45,91,5.7,8.6,292.6,79.15,100,44,87,20708.2,17109.3,278.9,79.15,100,32,90,4.0,5.7,270.4,79.14,100,34,87,12681.6,13522.9,17.0,2,5
1783012440.396,282.011,299.1,79.14,100,45,91,1.9,4.6,278.1,79.15,100,13,87,18020.7,14281.1,278.9,79.15,100,32,90,4433.6,4.3,270.4,79.14,100,34,87,1.7,12.4,17.0,2,5
1783012440.838,282.453,289.0,79.14,100,10,91,20704.3,4.5,278.1,79.15,100,13,87,2.9,4.5,271.8,79.15,100,46,91,1093.5,16774.1,264.4,79.14,100,59,88,20765.2,7.2,17.0,2,5
1783012441.284,282.899,293.9,79.14,100,72,91,6847.5,14486.4,288.3,79.15,100,69,87,15726.8,4.0,279.6,79.15,100,42,90,2.4,4.2,273.2,79.14,100,59,88,10927.2,14276.0,17.0,2,5
1783012441.727,283.342,302.4,79.14,100,63,91,5.3,11967.3,294.4,79.15,100,52,87,19866.3,4465.3,294.7,79.15,100,39,91,2.3,4.6,284.1,79.14,100,45,88,8658.6,14558.8,17.0,2,5
1783012442.172,283.787,296.9,79.14,100,46,90,17879.3,7832.8,298.7,79.15,100,46,87,3.4,9.3,289.3,79.15,100,35,90,19695.6,17190.7,279.4,79.14,100,39,87,2.6,6.6,17.0,2,5
1783012442.614,284.229,297.5,79.14,100,45,91,7537.6,15047.8,294.6,79.15,100,44,87,14682.1,5.6,280.1,79.15,100,36,90,3.2,17215.4,274.4,79.14,100,36,88,20751.4,10.7,17.0,2,5
1783012443.061,284.676,299.6,79.14,100,45,91,7173.3,4.5,290.4,79.15,100,46,87,1.9,2090.8,277.4,79.15,100,37,89,18021.9,16243.2,268.1,79.14,100,44,88,2.7,5.0,17.0,2,5
1783012443.503,285.118,300.0,79.14,100,47,91,2.4,10.1,291.0,79.15,100,46,86,8.4,17136.6,282.5,79.15,100,36,91,20747.4,6.0,272.3,79.14,100,39,87,2.0,502.1,17.0,2,5
1783012443.947,285.562,300.6,79.14,100,50,91,6.0,5.7,291.3,79.15,100,48,87,8703.3,14481.3,287.4,79.15,100,39,90,13866.7,4.9,275.4,79.14,100,41,87,8.5,1242.2,17.0,2,5
1783012444.396,286.011,300.6,79.14,100,50,91,4.2,4.8,295.7,79.15,100,49,87,16216.0,14485.9,287.4,79.15,100,39,90,6129.9,4.7,275.4,79.14,100,41,87,1.9,3227.0,17.0,2,5
1783012444.838,286.453,300.5,79.14,100,46,90,1.9,4.7,295.7,79.15,100,49,87,20717.5,17107.4,284.7,79.15,100,37,91,2.2,5.8,276.8,79.14,100,44,87,1081.9,16761.1,17.0,2,5
1783012445.287,286.902,298.7,79.14,100,46,91,3.6,17119.2,294.8,79.15,100,45,86,20704.7,5.4,284.6,79.15,100,40,90,2.8,487.1,275.8,79.14,100,39,88,19708.0,17197.8,17.0,2,5
1783012445.728,287.344,300.5,79.14,100,48,91,20706.3,10.9,292.1,79.15,100,49,87,9.5,17118.0,284.7,79.15,100,37,89,20746.8,6.3,271.6,79.14,100,40,88,4.3,8089.2,17.0,2,5
1783012446.174,287.790,299.5,79.14,99,39,91,18917.2,5741.2,291.8,79.15,100,37,87,2.9,2213.1,279.6,79.15,100,32,90,18517.2,15578.2,270.0,79.14,100,36,87,2.7,7.4,20.0,2,4
1783012446.617,288.232,288.0,79.14,100,40,90,1.8,17113.8,283.3,79.15,100,41,89,18377.6,1855.9,267.0,79.15,100,8,92,2.1,5.4,262.0,79.14,98,7,87,12413.0,13303.0,20.0,2,4
1783012447.067,288.682,289.9,79.14,100,51,91,2.2,4.2,279.8,79.15,100,49,86,1.8,5249.1,274.1,79.15,100,44,90,15996.3,14816.7,265.0,79.14,100,44,88,2.8,5.2,20.0,2,4
1783012447.508,289.123,297.9,79.14,100,49,91,15586.6,16121.9,291.5,79.15,100,48,86,1.8,4.2,290.4,79.15,100,48,91,7.9,6734.9,282.1,79.14,100,43,86,15376.1,13553.0,20.0,2,4
1783012447.950,289.566,300.2,79.14,100,49,91,5383.8,13201.0,300.6,79.15,100,47,86,17195.9,4.6,290.1,79.15,100,42,91,2.7,4.1,284.4,79.14,100,42,87,20794.6,17190.0,20.0,2,4
1783012448.393,290.008,300.2,79.14,100,49,91,20708.5,6.4,294.5,79.15,100,45,87,3.8,9628.4,290.1,79.15,100,42,91,16355.3,9857.9,284.4,79.14,100,42,87,3.0,5.5,20.0,2,4
1783012448.841,290.456,298.2,79.14,100,45,91,20707.8,15078.3,294.5,79.15,100,45,87,1541.0,5.7,283.5,79.15,99,31,90,2417.0,15293.7,276.5,79.14,100,36,87,19690.7,7.5,20.0,2,4
1783012449.285,290.900,298.2,79.14,100,43,91,8214.2,4.6,288.6,79.15,100,42,87,1.8,414.2,277.8,79.15,100,36,90,18804.0,17202.9,268.2,79.14,100,38,87,2.8,4.8,20.0,2,4
1783012449.727,291.342,300.6,79.14,100,47,90,88.2,9.7,290.4,79.15,100,47,87,7.4,9216.1,280.9,79.15,100,41,90,15736.9,9789.3,270.8,79.14,100,39,86,4.7,5.3,20.0,2,4
1783012450.171,291.786,301.9,79.14,100,59,91,2.6,4.6,293.0,79.15,100,53,87,2.8,10483.1,285.9,79.15,100,38,89,15816.3,9631.7,272.4,79.14,100,39,88,2.8,4.8,20.0,2,4
1783012450.614,292.229,300.4,79.14,100,47,91,12384.7,4.5,295.5,79.15,100,46,86,2.5,25.6,285.8,79.15,100,45,91,19696.5,17191.4,277.1,79.14,100,40,86,5.3,10.1,20.0,2,4
1783012451.058,292.674,301.0,79.14,100,56,91,19995.9,4.6,297.0,79.15,100,57,87,4.3,4.0,285.9,79.15,100,37,90,20271.7,17202.8,278.4,79.14,100,44,87,1.9,4.8,20.0,2,4
1783012451.500,293.115,298.9,79.14,100,47,90,20706.7,4.8,293.5,79.15,100,46,86,2.7,14.9,285.3,79.15,100,41,91,19699.6,17195.4,274.9,79.14,100,39,86,1.9,5.1,20.0,2,4
1783012451.941,293.556,298.2,79.14,100,46,91,6.2,5.9,292.0,79.15,100,45,86,20715.3,15137.9,285.3,79.15,100,41,91,884.4,6.2,273.6,79.14,100,39,88,4317.0,13903.7,20.0,2,4
1783012452.384,293.999,298.2,79.14,100,46,91,20706.3,6.5,288.6,79.15,100,42,86,3.1,11646.5,285.2,79.15,100,37,90,16384.5,7647.5,273.6,79.14,100,39,88,2.2,491.8,20.0,2,4
1783012452.827,294.442,297.0,79.14,100,44,90,2.5,4.5,288.6,79.15,100,42,86,1.9,6424.8,276.2,79.15,100,26,90,17651.3,12153.8,267.4,79.14,100,31,87,1.8,10.8,23.0,3,4
1783012453.728,295.343,292.4,79.14,100,52,91,1442.1,16008.6,282.8,79.15,100,49,87,14146.8,6.6,280.7,79.15,100,41,90,3.0,4.3,268.7,79.14,100,43,87,15676.6,14037.8,23.0,3,4
1783012454.178,295.794,301.3,79.14,100,50,90,1.8,15472.0,296.2,79.15,100,47,87,18679.9,1612.3,295.7,79.15,100,48,91,3.5,4.6,285.1,79.14,100,43,86,8950.1,14680.0,23.0,3,4
1783012454.622,296.237,299.5,79.14,100,55,91,17753.2,6547.5,298.3,79.15,100,54,87,2.2,19.2,286.6,79.15,100,36,90,19427.6,17204.7,277.1,79.14,100,39,87,10.1,8.0,23.0,3,4
1783012455.071,296.686,298.0,79.14,100,39,91,17527.3,14913.1,290.1,79.15,100,39,87,4690.4,5.6,282.0,79.15,100,35,90,3.9,17215.9,269.3,79.14,100,38,87,20744.5,5.2,23.0,3,4
1783012455.512,297.127,296.1,79.14,100,46,91,9845.9,4.5,286.9,79.15,100,45,86,2.7,1424.0,280.9,79.15,100,38,90,18516.4,16559.8,270.7,79.14,100,40,86,1.8,4.6,23.0,3,4
1783012455.953,297.569,301.3,79.14,100,50,91,1829.7,7.6,289.3,79.15,100,50,87,3.6,5837.6,281.0,79.15,100,39,90,17475.1,12680.7,273.2,79.14,100,39,87,2.0,5.0,23.0,3,4
1783012456.397,298.012,301.3,79.14,100,50,91,5965.9,4.6,294.2,79.15,100,48,86,2.2,434.3,281.0,79.15,100,39,90,18638.0,17192.8,273.2,79.14,100,39,87,2.3,4.8,23.0,3,4
1783012456.838,298.453,301.8,79.14,100,49,90,20704.6,5.9,294.2,79.15,100,48,86,3.0,4.8,286.3,79.15,100,47,91,14497.1,17688.6,276.7,79.14,100,42,86,2975.2,6.6,23.0,3,4
1783012457.286,298.901,300.2,79.14,100,56,91,17692.3,2826.5,296.3,79.15,100,54,87,1.8,4.5,286.8,79.15,100,39,89,6902.0,14415.3,281.0,79.14,100,48,87,15649.4,4.8,23.0,3,4
1783012457.727,299.342,300.4,79.14,100,47,91,27501.2,11.0,294.6,79.15,100,45,86,5.4,9.6,289.2,79.15,100,41,91,14930.4,14294.1,276.8,79.14,100,40,87,7676.0,4.5,23.0,3,4
1783012458.178,299.794,299.4,79.14,100,49,91,19475.2,4.8,297.0,79.15,100,55,87,2.9,3059.0,286.9,79.15,100,38,90,18666.1,13310.2,279.0,79.14,100,47,87,2.1,5.9,23.0,3,4
1783012458.623,300.239,299.9,79.14,100,46,91,6046.0,14975.4,294.2,79.15,100,44,85,16107.1,5.6,281.7,79.15,100,33,91,2.7,17217.9,274.8,79.14,100,35,87,20751.7,9.3,23.0,3,4
1783012459.074,300.690,298.5,79.14,100,47,91,9196.2,15810.5,289.7,79.15,100,47,87,14719.0,14973.3,281.0,79.15,98,24,89,3.6,4.5,263.8,79.14,98,36,86,1.9,713.4,26.0,3,3
1783012459.517,301.133,276.9,79.14,100,44,90,14626.9,15509.1,281.7,79.15,100,42,85,1.8,4.1,275.4,79.15,100,50,91,1.8,580.6,259.6,79.14,100,32,86,19708.4,17205.7,26.0,3,3
1783012459.958,301.573,270.9,79.14,100,49,91,1.8,7.0,281.0,79.15,100,46,86,20732.9,14593.6,280.2,79.15,100,41,90,1459.5,4.6,271.6,79.14,100,42,86,2.8,555.6,26.0,3,3
1783012460.400,302.016,270.9,79.14,100,49,91,4.4,4.6,292.7,79.15,100,48,86,1.9,13718.7,280.2,79.15,100,41,90,15850.5,6447.5,271.6,79.14,100,42,86,1.9,5.0,26.0,3,3
1783012460.842,302.457,289.0,79.14,100,49,91,2.1,5.5,292.7,79.15,100,48,86,20040.6,13400.4,289.9,79.15,100,43,91,3758.9,5.9,281.0,79.14,100,40,86,494.3,17230.7,26.0,3,3
1783012461.285,302.900,298.1,79.14,100,44,91,16291.5,5927.0,295.4,79.15,100,45,86,2.1,6.1,286.5,79.15,100,37,90,19694.7,17187.4,277.0,79.14,100,38,87,11.2,6.1,26.0,3,3
1783012461.726,303.342,296.7,79.14,100,44,90,6.3,2887.5,288.4,79.15,100,45,87,16727.9,16831.7,278.8,79.15,100,29,90,2.2,11.0,269.4,79.14,100,35,87,14146.4,13656.7,26.0,3,3
1783012462.172,303.787,297.4,79.14,100,46,90,2.0,17114.7,287.7,79.15,100,43,86,20705.2,5.9,280.9,79.15,100,44,91,4.2,4.6,270.9,79.14,100,42,86,20775.5,17198.0,26.0,3,3
1783012462.613,304.229,303.7,79.14,100,58,91,1.8,17115.4,291.2,79.15,100,45,87,20704.6,5.0,284.3,79.15,100,37,90,2.8,5.1,272.8,79.14,100,41,87,20712.4,12938.6,26.0,3,3
1783012463.056,304.671,301.6,79.14,100,48,90,1.8,6224.7,294.5,79.15,100,47,86,16001.9,13888.2,286.3,79.15,100,45,91,1.9,4.9,276.6,79.14,100,40,86,1073.5,16778.6,26.0,3,3
1783012463.497,305.112,299.6,79.14,100,51,91,3.5,4.4,296.2,79.15,100,56,87,18216.1,12957.4,286.3,79.15,100,39,89,5920.8,5.2,280.3,79.14,100,48,87,2.3,12157.9,26.0,3,3
1783012463.939,305.554,299.3,79.14,100,47,91,4.9,4.7,293.9,79.15,100,46,85,13776.3,12910.4,286.3,79.15,100,39,89,10463.4,7.8,275.7,79.14,100,41,87,3.6,6616.6,26.0,3,3
1783012464.384,305.999,299.3,79.14,100,47,91,2.5,5.2,295.7,79.15,100,53,86,20725.0,17106.0,288.6,79.15,100,46,91,4.7,5.6,275.7,79.14,100,41,87,2408.9,15310.1,26.0,3,3
1783012464.826,306.441,299.3,79.14,100,45,91,16523.8,11340.4,295.7,79.15,100,53,86,2.1,5.8,285.7,79.15,100,37,90,20761.0,16535.1,273.1,79.14,100,42,87,2.2,11.4,26.0,3,3
1783012465.268,306.883,300.8,79.14,100,44,91,2.6,18875.6,291.3,79.15,100,40,86,18176.5,17102.3,279.7,79.15,100,33,90,19396.5,17204.4,269.1,79.14,100,38,86,20745.8,17188.0,29.0,4,3
1783012465.711,307.326,290.3,79.14,100,11,91,7.0,6.8,282.6,79.15,98,42,86,5.1,4945.6,269.9,79.15,100,18,89,17218.9,13803.8,263.5,79.14,100,12,87,2.0,4.6,29.0,4,3
1783012466.161,307.776,292.8,79.14,100,70,91,20711.0,15632.7,282.4,79.15,100,49,87,846.2,4.5,279.0,79.15,100,42,91,2.7,3432.3,273.1,79.14,100,46,87,17332.5,15310.0,29.0,4,3
1783012466.618,308.234,301.1,79.14,100,65,91,1.8,17114.4,289.2,79.15,100,48,87,20706.8,4.5,297.5,79.15,100,41,90,2.0,7.5,283.3,79.14,100,44,87,17949.9,14923.3,29.0,4,3
1783012467.061,308.676,298.2,79.14,100,47,90,12237.9,14724.5,299.6,79.15,100,45,85,10396.1,5.7,291.4,79.15,100,43,91,2.9,17229.1,278.0,79.14,100,40,86,20749.9,5.6,29.0,4,3
1783012467.503,309.118,297.8,79.14,100,43,91,3.8,5.1,293.8,79.15,100,44,85,20708.4,17104.7,282.1,79.15,100,30,90,2.1,5.8,274.0,79.14,100,32,87,14299.4,14923.1,29.0,4,3
1783012467.944,309.560,299.0,79.14,100,46,91,20707.9,5.1,287.9,79.15,100,43,86,6.1,4.4,275.9,79.15,100,37,90,20755.3,17193.6,266.6,79.14,100,41,87,3.7,5.4,29.0,4,3
1783012468.390,310.005,299.0,79.14,100,46,91,437.5,10.5,288.9,79.15,100,47,85,1.9,17118.5,275.9,79.15,100,37,90,20154.4,602.5,266.6,79.14,100,41,87,2.0,5.2,29.0,4,3
1783012468.836,310.451,299.8,79.14,100,46,91,1.9,4.7,288.9,79.15,100,47,85,3361.7,14750.0,280.5,79.15,100,42,91,18566.6,4.7,270.4,79.14,100,43,87,2.7,8.7,29.0,4,3
1783012469.277,310.893,300.7,79.14,100,56,91,1.9,4.5,289.2,79.15,100,45,87,3.5,16720.4,286.6,79.15,100,39,90,18767.0,1676.2,273.8,79.14,100,41,86,2.9,4.8,29.0,4,3
1783012469.719,311.334,300.5,79.14,100,48,90,1377.0,7.7,294.4,79.15,100,49,86,5.0,13001.7,287.0,79.15,100,41,91,16989.7,4424.7,277.0,79.14,100,45,87,2.0,5.1,29.0,4,3
1783012470.167,311.783,301.2,79.14,100,49,91,2.2,4.5,296.5,79.15,100,48,86,3.5,14402.9,285.9,79.15,100,37,90,17567.6,4064.2,276.0,79.14,100,39,87,1.9,4.9,29.0,4,3
1783012470.610,312.225,299.0,79.14,100,47,90,3.5,4.8,293.2,79.15,100,45,86,1.8,17141.1,285.9,79.15,100,42,91,20748.7,5.5,275.4,79.14,100,46,87,5.2,6361.3,29.0,4,3
1783012471.058,312.673,297.5,79.14,100,46,91,19502.5,15162.0,292.4,79.15,100,47,85,2863.3,5.6,283.4,79.15,100,32,91,1070.6,16728.5,274.4,79.14,100,37,86,20747.7,5.9,29.0,4,3
1783012471.499,313.114,298.0,79.14,100,45,90,5.4,5313.5,287.6,79.15,100,43,86,27680.9,5265.3,277.9,79.15,100,36,90,20753.7,17185.4,267.1,79.14,100,36,87,2558.3,15584.8,32.0,4,2
1783012471.943,313.558,272.2,79.14,100,55,89,14977.3,7.4,278.6,79.15,100,45,84,3.6,52.9,262.2,79.15,100,26,89,19734.3,15294.7,253.6,79.14,100,7,87,689.2,4.1,32.0,4,2
1783012472.391,314.006,272.2,79.14,100,55,89,2.2,11352.9,275.1,79.15,100,50,86,15940.6,8711.2,262.2,79.15,100,26,89,13.1,4.4,253.6,79.14,100,7,87,1072.5,16792.6,32.0,4,2
1783012472.836,314.451,267.9,79.14,100,65,91,1.7,4.2,275.1,79.15,100,50,86,1.8,16053.2,271.5,79.15,100,40,91,15551.1,4302.9,262.5,79.14,100,45,87,2.9,10.4,32.0,4,2
1783012473.277,314.892,293.9,79.14,100,63,91,4551.9,4.6,288.1,79.15,100,47,86,3.5,4288.3,285.8,79.15,100,40,90,16350.0,15521.4,282.3,79.14,100,42,87,2.6,5.8,32.0,4,2
1783012473.718,315.333,297.6,79.14,100,46,91,12.3,17120.1,298.4,79.15,100,45,85,20706.9,8.4,289.1,79.15,100,34,91,6.2,16910.4,279.2,79.14,100,37,87,17778.5,2273.8,32.0,4,2
1783012474.162,315.778,298.5,79.14,100,45,91,2.6,5.6,293.1,79.15,100,40,86,14637.9,13540.5,279.9,79.15,100,35,90,8734.9,5.8,271.7,79.14,100,36,87,4.2,17223.7,32.0,4,2
1783012474.604,316.220,299.4,79.14,100,48,91,3.9,13202.4,286.4,79.15,100,46,86,16102.3,6888.6,278.0,79.15,100,36,91,2.5,5.5,266.3,79.14,100,40,87,15779.0,13270.5,32.0,4,2
1783012475.053,316.669,298.8,79.14,100,45,91,721.8,16443.1,288.0,79.15,100,43,85,20705.1,5.3,282.9,79.15,100,38,91,3.1,1700.3,273.5,79.14,100,41,87,17364.5,17200.9,32.0,4,2
1783012475.494,317.109,299.8,79.14,100,54,91,25.2,16774.8,290.4,79.15,100,46,86,20705.3,4.6,286.1,79.15,100,38,90,4.3,4.7,274.3,79.14,100,40,87,20386.5,13020.7,32.0,4,2
1783012475.935,317.551,300.8,79.14,100,47,92,3.7,15423.3,293.8,79.15,100,45,86,15531.4,5155.2,286.1,79.15,100,38,90,8.9,4.5,275.7,79.14,100,45,86,10112.2,13099.4,32.0,4,2
1783012476.382,317.997,300.8,79.14,100,47,92,4.5,17111.9,294.5,79.15,100,45,86,20706.8,5.4,285.8,79.15,100,45,91,4.7,5.1,275.7,79.14,100,45,86,20764.3,16142.8,32.0,4,2
1783012476.827,318.442,300.5,79.14,100,51,91,2.2,17111.1,294.5,79.15,100,45,86,20704.4,5.0,285.2,79.15,100,37,89,2.8,4.9,275.6,79.14,100,39,87,20779.3,17193.7,32.0,4,2
1783012477.269,318.884,299.5,79.14,100,46,91,16358.1,7286.8,293.0,79.15,100,45,86,3.8,7.1,285.6,79.15,100,41,91,19693.8,17195.4,274.7,79.14,100,45,87,4.7,5.8,32.0,4,2
1783012477.710,319.326,297.5,79.14,100,43,92,9533.2,13493.4,291.2,79.15,100,43,86,14433.8,10.9,280.5,79.15,100,32,90,6.5,17214.5,272.5,79.14,100,33,87,20744.1,6.3,35.0,5,2
1783012478.157,319.772,297.5,79.14,100,40,91,1.6,17111.8,286.3,79.15,100,42,86,20705.8,4.5,273.5,79.15,98,19,89,2.7,4.5,257.2,79.14,98,33,85,15728.8,14158.5,35.0,5,2
1783012478.600,320.215,293.0,79.14,100,68,91,1.7,4.1,278.9,79.15,100,49,86,1.8,16734.8,275.1,79.15,100,43,90,18934.0,1437.7,266.9,79.14,100,44,87,2.7,10.1,35.0,5,2
1783012479.044,320.659,293.9,79.14,100,62,91,20707.2,4.0,285.5,79.15,100,48,86,2.6,4.4,284.8,79.15,100,42,90,3990.8,14658.1,283.1,79.14,100,43,87,18719.0,4.9,35.0,5,2
1783012479.484,321.100,296.7,79.14,100,47,90,17654.3,11770.1,301.0,79.15,100,45,87,4.3,4.8,294.0,79.15,100,41,91,1077.0,16731.4,279.3,79.14,100,40,85,20747.0,5.7,35.0,5,2
1783012479.925,321.540,295.9,79.14,100,46,91,4.4,8.6,294.5,79.15,100,45,85,20710.5,17106.3,294.0,79.15,100,41,91,3.4,5.9,275.7,79.14,100,38,86,20037.2,16492.5,35.0,5,2
1783012480.374,321.989,295.9,79.14,100,46,91,10668.8,6.2,294.5,79.15,100,45,85,4.8,17115.0,285.1,79.15,100,31,90,20745.0,5.8,275.7,79.14,100,38,86,4.1,5.3,35.0,5,2
1783012480.815,322.430,297.5,79.14,100,44,90,3.5,4.1,286.6,79.15,100,42,86,20710.7,17107.1,277.1,79.15,100,36,90,1.9,4.8,267.5,79.14,99,38,87,2.4,17256.0,35.0,5,2
1783012481.257,322.872,299.5,79.14,100,48,91,2.8,5802.4,287.6,79.15,100,48,85,17835.2,12847.0,278.2,79.15,100,42,91,1.9,4.9,270.2,79.14,100,41,86,3109.7,15051.3,35.0,5,2
1783012481.699,323.315,301.0,79.14,100,49,91,1.9,7914.1,288.8,79.15,100,48,86,17301.6,8556.9,286.4,79.15,100,38,90,7.5,6.8,272.2,79.14,100,40,86,4553.3,14394.4,35.0,5,2
1783012482.147,323.762,301.4,79.14,100,48,90,1.9,7915.2,293.7,79.15,100,48,86,17594.9,10975.6,286.6,79.15,100,44,91,2.3,4.5,275.8,79.14,100,49,86,1072.2,16785.0,35.0,5,2
1783012482.588,324.203,301.4,79.14,100,57,91,1.8,9389.3,294.6,79.15,100,48,86,17609.5,7620.7,287.4,79.15,100,37,90,3.6,4.9,276.2,79.14,100,40,87,8343.8,15063.9,35.0,5,2
1783012483.036,324.651,300.0,79.14,100,48,90,1.9,17113.2,293.9,79.15,100,51,86,19299.3,1116.0,286.7,79.15,100,39,91,2.9,4.8,276.7,79.14,100,44,87,14110.8,14522.2,35.0,5,2
1783012483.478,325.093,298.0,79.14,100,45,91,20707.0,17118.0,292.2,79.15,100,45,85,3.9,6.6,285.3,79.15,100,39,91,8324.5,15009.7,275.9,79.14,100,39,86,13873.2,5.8,35.0,5,2
1783012483.919,325.534,298.0,79.14,100,45,91,5.7,9349.2,287.3,79.15,100,46,85,18161.0,8969.3,285.3,79.15,100,39,91,2.2,5.8,275.9,79.14,100,39,86,20764.5,17196.2,38.0,5,1
1783012484.360,325.976,296.6,79.14,100,42,91,2.2,4.9,287.3,79.15,100,46,85,2.3,568.6,280.5,79.15,100,31,90,19052.7,10081.6,267.9,79.14,100,34,86,9005.4,4.4,38.0,5,1
1783012484.803,326.418,294.1,79.14,100,54,91,5.2,5273.6,280.2,79.15,100,10,86,15805.2,15343.3,264.9,79.15,100,39,89,4.1,4.2,264.1,79.14,100,59,86,1.9,5663.0,38.0,5,1
1783012485.247,326.862,295.5,79.14,100,52,90,2.2,4.2,286.8,79.15,100,68,86,1.8,4406.3,269.9,79.15,100,52,91,15858.0,15622.7,272.0,79.14,100,58,86,2.6,4.5,38.0,5,1
1783012485.689,327.304,300.6,79.14,100,48,90,15665.0,6909.1,297.7,79.15,100,64,86,9.3,8.0,283.1,79.15,100,41,91,20781.4,15013.0,283.5,79.14,100,57,87,1171.6,4.7,38.0,5,1
1783012486.140,327.755,298.5,79.14,100,54,91,3.4,11.2,293.8,79.15,100,44,86,16876.1,13280.1,291.4,79.15,100,36,90,6983.9,6.0,276.7,79.14,100,39,85,2513.1,15097.8,38.0,5,1
1783012486.584,328.199,294.5,79.14,100,41,91,18968.4,1328.5,289.6,79.15,100,41,85,4.7,6481.9,283.0,79.15,100,34,90,17531.6,10595.5,268.0,79.14,100,37,86,2.1,8.6,38.0,5,1
1783012487.027,328.643,296.5,79.14,100,45,91,3.7,3115.5,286.2,79.15,100,46,85,16739.4,16550.4,277.2,79.15,100,41,91,1.9,4.6,268.9,79.14,100,39,86,1.7,17260.5,38.0,5,1
1783012487.468,329.084,301.7,79.14,100,53,91,2.9,15633.9,287.7,79.15,100,44,86,16136.6,4484.4,281.4,79.15,100,36,90,2.4,5.2,270.6,79.14,100,39,85,4667.4,13816.4,38.0,5,1
1783012487.911,329.526,301.7,79.14,100,53,91,3.8,17112.2,293.4,79.15,100,55,86,20707.4,5.2,281.4,79.15,100,36,90,6.4,4.8,270.6,79.14,100,39,85,13955.5,12729.8,38.0,5,1
1783012488.356,329.971,302.5,79.14,100,47,91,1.9,15339.1,293.4,79.15,100,55,86,15837.0,4946.5,284.1,79.15,100,37,89,2.8,4.7,276.9,79.14,100,46,87,8615.2,13544.8,38.0,5,1
1783012488.799,330.414,300.1,79.14,100,46,91,6.9,17112.2,292.4,79.15,100,45,85,18055.8,2166.9,286.2,79.15,100,39,90,5.6,4.9,275.6,79.14,100,39,86,17389.9,15962.1,38.0,5,1
1783012489.245,330.860,299.0,79.14,100,45,91,1119.1,16085.5,294.3,79.15,100,46,86,20705.9,5.2,285.3,79.15,100,37,89,2.0,494.6,275.4,79.14,100,44,87,19695.0,17204.8,38.0,5,1
1783012489.686,331.302,299.7,79.14,100,46,90,16344.1,7713.4,291.7,79.15,100,44,86,9.2,11.9,284.1,79.15,100,40,90,19700.6,17195.3,274.7,79.14,100,39,85,2.1,5.9,38.0,5,1
1783012490.130,331.746,296.9,79.14,100,41,90,3398.6,14251.0,287.3,79.15,100,44,86,20131.5,6.7,282.2,79.15,100,29,90,8.0,17212.4,271.1,79.14,100,35,86,20744.5,6.0,38.0,5,1
1783012490.575,332.191,297.0,79.14,100,44,91,18130.4,17109.1,284.5,79.15,100,43,86,1.9,4.5,270.5,79.15,98,25,89,1.9,14987.3,257.8,79.14,98,33,86,16887.2,4064.0,41.0,6,1
1783012491.017,332.632,291.7,79.14,100,60,91,3.4,89.8,277.3,79.15,100,56,86,19255.5,17110.9,272.7,79.15,100,43,89,1.8,4.3,266.2,79.14,100,50,87,2.1,1785.0,41.0,6,1
1783012491.461,333.076,294.8,79.14,100,60,91,8.5,4.2,286.8,79.15,100,51,86,1.8,8196.5,284.1,79.15,100,41,90,17396.0,10985.3,281.7,79.14,100,42,87,2.5,9.1,41.0,6,1
1783012491.901,333.516,294.8,79.14,100,60,91,20704.8,4.7,300.5,79.15,100,48,85,4.5,6.8,284.1,79.15,100,41,90,20299.8,17193.2,281.7,79.14,100,42,87,1.9,4.8,41.0,6,1
1783012492.349,333.964,297.7,79.14,100,47,91,2.5,5.3,300.5,79.15,100,48,85,20716.9,15917.0,292.9,79.15,100,41,90,55.2,6.0,280.2,79.14,100,40,86,7949.3,14956.0,41.0,6,1
1783012492.792,334.408,296.6,79.14,100,45,91,18438.0,10.8,294.9,79.15,100,44,86,3.8,17109.9,285.9,79.15,100,34,90,20747.1,6.1,272.4,79.14,100,38,87,2.1,8409.5,41.0,6,1
1783012493.243,334.858,297.7,79.14,100,44,90,2.1,17113.5,286.7,79.15,100,44,85,20703.7,4.9,277.3,79.15,100,35,90,2.8,4.7,269.0,79.14,100,39,86,15790.8,14710.9,41.0,6,1
1783012493.685,335.300,298.9,79.14,100,49,91,1742.1,15604.5,285.1,79.15,100,46,85,20219.8,11.9,281.2,79.15,100,43,90,5.6,503.8,270.0,79.14,100,41,87,18773.9,17196.0,41.0,6,1
1783012494.135,335.750,302.7,79.14,100,47,91,8424.7,14582.3,291.5,79.15,100,59,86,14514.9,4.6,283.7,79.15,100,38,90,2.9,4.0,273.3,79.14,100,42,87,20303.6,17196.0,41.0,6,1
1783012494.577,336.192,300.8,79.14,100,49,91,1.9,17112.2,293.5,79.15,100,48,84,19433.0,991.1,287.1,79.15,100,46,90,1.8,4.7,275.7,79.14,100,41,86,7806.2,21471.1,41.0,6,1
1783012495.024,336.640,300.3,79.14,100,49,90,3.6,10801.5,295.6,79.15,100,58,86,17330.8,8270.1,288.7,79.15,100,39,90,2.4,4.8,279.6,79.14,100,49,86,1090.0,16385.4,41.0,6,1
1783012495.466,337.082,301.1,79.14,100,58,91,1.9,120.3,293.0,79.15,100,47,86,19405.8,17110.2,286.8,79.15,100,37,90,1.8,4.7,276.1,79.14,100,41,85,3.5,17270.9,41.0,6,1
1783012495.907,337.522,301.1,79.14,100,58,91,3.7,9845.5,292.7,79.15,100,48,86,18462.3,8124.7,286.8,79.15,100,37,90,6.6,5.0,276.1,79.14,100,41,85,12986.0,15106.6,41.0,6,1
1783012496.350,337.966,299.0,79.14,100,46,90,20705.9,6.1,292.7,79.15,100,48,86,2.2,9430.6,285.3,79.15,100,38,90,17996.9,8833.6,274.7,79.14,100,40,86,2.1,10.9,41.0,6,1
1783012496.792,338.407,300.1,79.14,100,44,91,9381.1,17109.4,292.5,79.15,100,46,86,20712.1,3198.3,280.2,79.15,100,34,91,19120.6,13906.6,271.0,79.14,100,33,86,19703.7,4.7,43.0,6,0
1783012497.235,338.851,291.0,79.14,100,11,91,3.5,3.9,281.7,79.15,100,8,86,18997.4,12247.2,276.3,79.15,100,41,90,5825.4,4.1,261.5,79.14,100,24,86,2.1,3.9,43.0,6,0
1783012497.677,339.292,280.8,79.14,100,72,90,20705.6,4.8,277.3,79.15,100,43,86,5.7,8.1,277.4,79.15,100,39,89,10422.5,13165.8,268.3,79.14,100,42,87,11968.0,4.6,43.0,6,0
1783012498.121,339.736,283.6,79.14,100,60,91,16408.1,12795.0,288.9,79.15,100,48,86,8630.8,4.8,289.0,79.15,100,40,90,2.5,3309.8,279.5,79.14,100,44,87,16368.1,16720.3,43.0,6,0
1783012498.563,340.179,297.4,79.14,100,46,91,20710.6,17113.7,297.6,79.15,100,44,84,3.1,6.4,288.8,79.15,100,44,91,8645.7,13559.4,280.9,79.14,100,43,86,15025.3,6.0,43.0,6,0
1783012499.006,340.622,297.0,79.14,100,43,91,2.7,4539.0,293.0,79.15,100,45,85,16665.8,15186.1,280.7,79.15,100,31,90,3.8,5.9,273.1,79.14,100,32,86,20739.2,15964.3,43.0,6,0
1783012499.449,341.065,298.8,79.14,100,45,91,20707.0,4.9,286.2,79.15,100,42,86,2.8,5.1,280.7,79.15,100,31,90,20766.0,17191.5,266.5,79.14,100,40,86,3.5,5.4,43.0,6,0
1783012499.891,341.506,298.8,79.14,100,45,91,8034.8,4.9,287.5,79.15,100,46,85,4.3,9393.8,277.4,79.15,100,37,90,15849.5,10032.4,266.5,79.14,100,40,86,2.8,5.2,43.0,6,0
1783012500.334,341.949,299.7,79.14,100,46,91,4.5,5.0,287.5,79.15,100,46,85,2.9,17133.9,280.6,79.15,100,40,90,19124.3,1436.5,271.2,79.14,100,39,86,1.9,4.7,43.0,6,0
1783012500.777,342.393,301.3,79.14,100,56,91,4461.5,7.0,288.6,79.15,100,43,86,1.9,3174.4,285.8,79.15,100,37,90,17516.9,15489.2,274.2,79.14,100,40,86,9.9,4.8,43.0,6,0
1783012501.225,342.840,300.6,79.14,100,48,90,20708.8,4.5,292.7,79.15,100,47,85,2.8,4.5,287.4,79.15,100,43,91,19991.0,12957.3,275.6,79.14,100,39,86,4634.6,5.1,43.0,6,0
1783012501.666,343.281,300.4,79.14,100,47,91,20705.1,4.7,295.5,79.15,100,58,86,2.8,7.7,285.7,79.15,100,37,91,20779.0,17199.2,277.5,79.14,100,41,86,6.6,4.9,43.0,6,0
1783012502.117,343.733,298.6,79.14,100,45,91,20705.0,5.0,292.1,79.15,100,46,85,2.9,10.9,287.6,79.15,100,43,90,19704.1,17204.9,275.1,79.14,100,39,86,2.4,6.1,43.0,6,0
1783012502.558,344.174,297.8,79.14,100,48,91,2.2,9951.8,291.0,79.15,100,45,86,16606.4,9688.7,284.7,79.15,100,33,90,2.2,6.9,272.6,79.14,100,39,85,20770.6,17185.7,43.0,6,0
1783012503.000,344.615,297.2,79.14,100,43,91,13926.2,5.9,286.5,79.15,100,41,85,3.8,17598.9,278.3,79.15,100,36,90,2843.9,2597.8,268.9,79.14,100,38,86,2711.8,2412.6,46.0,7,0
1783012503.443,345.058,301.5,79.14,99,63,90,2724.8,2195.7,286.8,79.15,99,63,85,2813.0,3238.8,278.3,79.15,100,36,90,2789.4,3088.7,270.0,79.14,100,56,85,2733.8,2834.4,46.0,8,0
1783012503.886,345.501,301.5,79.14,99,63,90,2621.1,2185.7,295.3,79.15,99,62,85,2881.9,3451.3,281.1,79.15,99,54,90,2942.5,3295.6,270.0,79.14,100,56,85,2760.2,2924.6,46.0,8,0
1783012504.336,345.952,305.4,79.14,100,62,90,2678.2,2495.1,295.3,79.15,99,62,85,2855.9,3477.0,287.0,79.15,99,52,90,2838.6,3257.2,273.6,79.14,100,56,85,2786.5,2809.0,46.0,8,0
1783012504.788,346.403,302.5,79.14,100,61,90,2987.4,2220.3,297.4,79.15,99,61,85,2858.9,3340.0,289.4,79.15,99,52,90,2846.6,3230.5,273.8,79.14,99,55,85,2759.5,2753.4,46.0,8,0
1783012505.232,346.847,299.9,79.14,99,61,90,2703.8,2220.8,295.5,79.15,99,61,85,2894.8,3293.2,287.4,79.15,100,52,89,2823.9,3094.3,272.4,79.14,99,55,85,2764.5,2743.5,47.0,8,0
1783012505.673,347.289,299.9,79.14,99,61,90,2670.4,2185.5,294.3,79.15,99,61,85,2894.0,3491.0,286.5,79.15,99,52,90,2908.0,3102.1,271.7,79.14,99,55,85,2787.8,2770.5,47.0,8,0
1783012506.120,347.735,300.0,79.14,99,62,90,2661.6,2172.1,294.4,79.15,100,61,85,2864.7,3329.1,287.3,79.15,99,52,90,2827.5,3277.8,271.9,79.14,100,55,85,2787.1,2789.8,47.0,8,0
1783012506.562,348.178,300.1,79.14,100,62,90,2661.7,2204.6,294.7,79.15,99,61,85,2866.6,3374.2,288.1,79.15,99,52,89,2845.9,3185.9,272.4,79.14,99,55,85,2765.8,3255.4,47.0,8,0
1783012507.008,348.623,300.0,79.14,100,61,90,2641.3,2219.8,294.9,79.15,99,61,85,2887.0,3414.9,287.9,79.15,99,52,90,2840.1,3182.6,272.4,79.14,100,55,85,2758.3,2772.0,47.0,8,0
1783012507.453,349.068,299.9,79.14,99,61,90,2641.8,2202.1,294.9,79.15,99,61,85,2851.1,3369.5,287.8,79.15,100,52,90,2848.2,3266.2,272.4,79.14,100,55,85,2743.5,2922.4,47.0,8,0
1783012507.895,349.511,299.9,79.14,99,61,90,2681.9,2205.1,295.4,79.15,99,61,85,2873.2,3312.3,287.8,79.15,100,52,90,2845.4,3188.4,272.4,79.14,100,55,85,2741.2,2694.1,47.0,8,0
1783012508.337,349.953,300.0,79.14,99,62,90,2808.9,2222.5,295.4,79.15,99,61,85,2981.0,3380.1,287.9,79.15,99,51,89,2835.3,3129.2,272.7,79.14,100,55,85,2872.8,2788.4,47.0,8,0
1783012508.783,350.398,300.0,79.14,99,62,90,2661.5,2206.0,295.6,79.15,100,62,85,2883.8,3472.4,288.3,79.15,99,52,89,2832.3,3121.7,272.8,79.14,99,55,85,2766.4,2929.5,47.0,8,0
1783012509.227,350.842,300.0,79.14,99,62,90,2807.0,2233.2,295.6,79.15,99,61,85,2874.2,3502.3,288.9,79.15,99,52,90,2818.4,3133.3,273.1,79.14,99,55,85,2788.3,2776.9,47.0,8,0
1783012509.670,351.286,299.8,79.14,99,61,90,2806.6,2203.0,295.6,79.15,99,61,85,2862.2,3505.9,288.4,79.15,99,52,90,3025.7,3254.5,272.6,79.14,100,55,85,2772.4,2774.6,47.0,8,0
1783012510.120,351.735,299.9,79.14,100,62,90,2651.8,2202.2,295.3,79.15,99,62,85,2863.2,3502.4,288.4,79.15,100,52,89,2826.0,3222.3,272.5,79.14,99,55,85,2741.7,2747.2,47.0,8,0
1783012510.562,352.177,300.1,79.14,100,62,90,2677.5,2197.8,295.5,79.15,99,62,85,2871.8,3446.1,289.4,79.15,99,52,90,2870.1,3314.6,273.1,79.14,99,55,85,2757.1,3149.8,47.0,8,0
1783012511.008,352.624,300.0,79.14,99,62,90,2682.5,2217.6,295.9,79.15,99,62,85,3060.4,3519.2,289.8,79.15,99,52,90,2842.6,3224.8,273.3,79.14,100,55,85,2749.1,2896.7,47.0,8,0
1783012511.456,353.071,300.0,79.14,100,62,90,2682.5,2206.4,296.0,79.15,100,62,85,2837.1,3557.2,289.9,79.15,99,52,90,2845.3,3357.7,273.6,79.14,99,56,85,2784.9,2797.2,47.0,8,0
1783012511.899,353.515,300.0,79.14,100,62,90,2786.3,2237.6,296.1,79.15,99,62,85,3458.1,3246.7,289.9,79.15,99,52,90,2849.1,3300.2,273.6,79.14,99,56,85,2760.8,2798.1,47.0,8,0
1783012512.347,353.963,300.0,79.14,99,62,90,2642.8,2202.2,296.1,79.15,99,62,85,2884.0,3339.9,290.4,79.15,99,52,90,2833.6,3184.9,273.6,79.14,100,55,85,2775.1,2826.5,47.0,8,0
1783012512.790,354.406,300.0,79.14,99,62,90,2809.7,2221.0,295.8,79.15,100,62,85,2863.1,3362.0,290.1,79.15,99,52,90,2842.4,3175.0,273.6,79.14,99,55,85,2789.4,2855.8,47.0,8,0
1783012513.237,354.852,299.9,79.14,100,62,90,2808.2,2202.2,295.5,79.15,99,62,85,2859.9,3415.8,289.5,79.15,99,53,90,2890.3,3355.3,273.6,79.14,99,56,85,2744.6,2676.2,47.0,8,0
1783012513.680,355.295,300.0,79.14,99,62,90,2641.2,2259.1,295.8,79.15,100,61,85,3717.7,3425.1,289.6,79.15,99,53,90,2849.6,3132.2,273.6,79.14,99,55,85,2786.6,2718.4,47.0,8,0
1783012514.131,355.746,300.0,79.14,100,62,90,2681.7,2207.4,295.9,79.15,99,61,85,2869.7,3418.1,289.2,79.15,99,52,90,2833.1,3375.4,273.2,79.14,99,55,85,2764.7,2926.9,47.0,8,0
1783012514.573,356.188,300.0,79.14,99,62,90,2641.3,2186.3,296.5,79.15,100,62,85,3037.5,3577.6,289.8,79.15,99,53,90,2848.1,3379.1,273.4,79.14,99,56,85,2762.5,2997.1,47.0,8,0
1783012515.017,356.633,300.1,79.14,100,62,90,2641.2,2185.5,297.4,79.15,99,61,85,2891.0,3530.4,290.5,79.15,100,52,90,2864.6,3197.1,274.1,79.14,99,55,85,2775.2,2668.0,47.0,8,0
1783012515.461,357.077,299.8,79.14,99,62,90,2661.6,2193.3,296.9,79.15,99,62,85,2867.5,3344.6,290.2,79.15,99,52,90,2817.0,3208.8,273.3,79.14,99,55,85,2770.3,2875.0,47.0,8,0
1783012515.910,357.525,299.8,79.14,99,62,90,2642.2,2202.2,296.3,79.15,100,62,85,2861.0,3580.6,290.2,79.15,99,52,90,2857.4,3301.1,273.3,79.14,99,55,85,2755.8,2777.6,47.0,8,0
1783012516.353,357.968,299.9,79.14,99,62,90,2663.2,2198.0,296.3,79.15,100,62,85,2876.6,3374.8,289.8,79.15,100,52,90,2845.5,3282.7,272.9,79.14,100,55,85,2770.8,2881.4,47.0,8,0
1783012516.796,358.411,300.1,79.14,100,62,90,2926.4,2197.3,296.1,79.15,100,61,85,2896.7,3444.8,289.7,79.15,99,52,89,2839.3,3248.1,272.8,79.14,99,55,85,2765.5,2907.2,47.0,8,0
1783012517.243,358.858,300.0,79.14,100,62,90,2663.2,2202.2,296.5,79.15,99,62,85,2859.5,3401.0,290.0,79.15,100,53,90,2826.3,3173.7,273.3,79.14,100,55,85,2750.2,2717.5,47.0,8,0
1783012517.686,359.301,299.9,79.14,100,62,90,2641.3,2205.0,297.1,79.15,100,62,85,2886.3,3372.8,290.7,79.15,100,52,90,2856.5,3747.9,273.9,79.14,99,56,85,2770.3,2880.5,47.0,8,0
1783012518.133,359.749,299.9,79.14,99,62,90,2665.0,2219.1,296.6,79.15,99,62,85,2870.8,3364.6,290.7,79.15,99,52,90,2826.2,3238.1,273.2,79.14,100,55,85,2778.9,2735.3,47.0,8,0
1783012518.576,360.191,299.9,79.14,99,62,90,2661.6,2375.2,295.8,79.15,99,62,85,2867.2,3338.2,289.8,79.15,99,52,90,2842.1,3158.3,272.6,79.14,99,55,85,2771.7,3037.5,47.0,8,0
1783012519.022,360.637,300.0,79.14,100,62,90,2663.4,2216.2,295.9,79.15,100,62,85,2859.4,3426.0,289.6,79.15,99,52,90,2817.4,3276.7,272.5,79.14,100,55,85,2904.9,2916.7,47.0,8,0
1783012519.464,361.079,300.1,79.14,99,62,90,2641.3,2202.2,296.3,79.15,99,62,85,2878.1,3472.6,289.9,79.15,99,52,90,2855.8,3239.6,273.1,79.14,99,55,85,2789.1,2863.3,47.0,8,0
1783012519.905,361.520,300.1,79.14,99,62,90,2625.0,2202.3,296.3,79.15,100,62,85,2953.4,3445.4,289.9,79.15,99,52,90,2840.5,3246.5,273.1,79.14,99,55,85,2768.7,2811.8,48.0,8,0
1783012520.349,361.964,300.0,79.14,99,62,90,2676.7,2202.3,296.3,79.15,100,62,85,2854.0,3381.3,290.1,79.15,99,52,90,2829.0,3209.5,273.3,79.14,99,55,85,2765.4,2893.4,48.0,8,0
1783012520.789,362.404,300.0,79.14,99,62,90,2723.6,2205.1,296.2,79.15,99,62,85,2900.6,3490.3,290.1,79.15,100,52,90,2853.4,3258.5,273.4,79.14,100,56,85,2762.4,2880.6,48.0,8,0
1783012521.231,362.846,300.0,79.14,99,62,90,2681.8,2219.0,296.2,79.15,99,62,85,2854.6,3351.2,289.7,79.15,99,52,90,2835.6,3170.1,273.3,79.14,99,55,85,2760.8,2862.4,48.0,8,0
1783012521.675,363.290,300.0,79.14,100,62,90,2623.5,2171.7,296.4,79.15,99,61,85,2876.2,3372.1,290.0,79.15,100,53,90,2833.8,3283.4,273.9,79.14,100,55,85,2784.2,2727.0,48.0,8,0
1783012522.119,363.734,299.9,79.14,99,62,90,2661.6,2202.1,296.9,79.15,99,62,85,2874.2,3281.3,290.3,79.15,99,52,90,2843.6,3257.5,274.3,79.14,100,55,85,2762.0,2785.6,48.0,8,0
1783012522.561,364.176,300.0,79.14,99,62,90,2682.1,2185.5,296.7,79.15,100,62,85,2863.9,3411.7,290.4,79.15,99,52,90,2833.1,3649.3,273.9,79.14,99,55,85,2775.0,2685.2,48.0,8,0
1783012523.007,364.622,299.9,79.14,100,62,90,2671.5,2205.1,296.2,79.15,99,61,85,2866.9,3340.0,289.8,79.15,99,52,90,2807.6,3147.4,273.2,79.14,99,55,85,2743.2,2829.0,48.0,8,0
1783012523.448,365.064,300.0,79.14,99,62,90,2643.0,2202.2,296.3,79.15,100,62,85,2854.3,3395.6,289.8,79.15,99,52,90,2867.4,3211.1,272.9,79.14,99,55,85,2746.2,2748.8,48.0,8,0
1783012523.890,365.506,300.0,79.14,99,62,90,1.1,0.5,276.2,79.15,79,49,83,1.2,2.2,289.5,79.15,99,52,90,4.9,0.5,272.9,79.14,99,55,85,2.6,8128.9,,,
1783012525.307,366.922,270.6,79.14,99,62,90,2.3,4.6,253.2,79.15,99,47,86,1.9,17177.4,257.0,79.15,100,40,90,20746.5,5.3,273.1,79.14,99,43,86,2.9,6.4,48.0,8,0
1783012525.751,367.366,297.1,79.14,99,51,90,10.0,8.2,299.2,79.15,99,48,85,11587.8,14718.7,293.9,79.15,99,44,90,10463.1,5.7,281.2,79.14,99,39,86,2.1,17243.7,48.0,8,0
1783012526.193,367.808,298.5,79.14,99,44,90,17739.9,9776.1,293.2,79.15,100,44,86,2.8,5.8,286.8,79.15,100,37,90,20758.2,17193.0,275.8,79.14,99,39,85,4.3,5.8,48.0,8,0
1783012526.632,368.248,297.2,79.14,100,45,90,2.4,12339.3,286.8,79.15,100,46,85,18000.5,5446.2,276.9,79.15,99,30,90,4.5,12.8,268.3,79.14,99,39,85,20779.8,17203.4,48.0,8,0
1783012527.082,368.697,296.6,79.14,100,46,90,20003.3,14021.5,285.2,79.15,100,45,85,3501.7,5.0,280.7,79.15,100,45,90,2.7,11072.4,269.4,79.14,99,40,85,17399.7,7643.2,48.0,8,0
1783012527.522,369.137,303.0,79.14,100,58,91,20708.1,17108.7,290.6,79.15,100,47,86,3.5,4.9,283.7,79.15,100,38,89,1.9,15126.9,271.8,79.14,100,40,86,17617.6,3454.8,48.0,8,0
1783012527.962,369.577,301.6,79.14,100,49,90,20707.3,17110.4,293.3,79.15,100,48,85,2.8,4.5,287.4,79.15,100,45,90,2.4,8782.1,275.7,79.14,99,41,85,16961.5,10025.0,48.0,8,0
1783012528.410,370.026,301.6,79.14,100,49,90,5661.3,14234.1,295.5,79.15,99,57,86,15850.8,4.7,287.4,79.15,100,45,90,1.9,4.0,275.7,79.14,99,41,85,20793.7,17195.0,48.0,8,0
1783012528.851,370.467,300.3,79.14,100,55,90,1006.3,16256.5,295.5,79.15,99,57,86,20704.8,4.7,286.7,79.15,100,39,90,2.9,6.9,278.4,79.14,100,50,86,20792.4,15765.1,48.0,8,0
1783012529.296,370.911,299.0,79.14,100,49,90,8.0,17054.1,292.7,79.15,100,48,86,20705.0,4.9,287.9,79.15,99,47,90,3.0,484.1,275.2,79.14,99,41,85,19708.0,17198.2,48.0,8,0
1783012529.739,371.355,299.0,79.14,100,47,90,20708.0,10.1,291.6,79.15,100,55,86,9.8,15667.4,285.5,79.15,100,37,90,17666.0,2477.5,273.3,79.14,100,40,86,2.9,502.8,48.0,8,0
1783012530.188,371.803,301.3,79.14,100,45,90,20565.1,15130.2,289.8,79.15,99,43,86,1455.1,5.7,280.3,79.15,100,35,89,3767.1,22802.3,269.2,79.14,99,37,85,8838.7,17210.7,48.0,8,0
1783012530.630,372.246,293.6,79.14,100,8,90,2.1,4.5,279.3,79.15,98,40,88,4.6,11568.5,273.9,79.15,99,9,92,17772.9,5978.5,263.8,79.14,99,42,86,8.3,7.0,48.0,8,0
1783012531.078,372.694,294.2,79.14,99,52,90,20707.9,14990.1,287.6,79.15,100,66,86,1604.2,4.5,281.6,79.15,100,48,91,1.9,538.7,273.9,79.14,100,45,86,19698.6,17214.3,48.0,8,0
1783012531.519,373.135,298.3,79.14,99,51,90,3.7,3.4,296.1,79.15,100,58,86,20221.8,17113.6,293.2,79.15,100,42,89,3.2,5.1,283.6,79.14,100,56,86,1.8,17311.3,48.0,8,0
1783012531.964,373.579,298.1,79.14,99,52,90,1.9,6.9,295.5,79.15,100,44,86,20720.6,15949.6,292.6,79.15,100,37,90,41.7,5.7,275.4,79.14,100,39,86,1312.2,16114.7,48.0,8,0
1783012532.409,374.024,298.1,79.14,99,52,90,16242.1,11248.2,288.9,79.15,100,45,86,4.1,5.4,292.6,79.15,100,37,90,20758.1,17188.8,275.4,79.14,100,39,86,4.5,5.8,48.0,8,0
1783012532.854,374.469,296.7,79.14,99,41,91,10.4,17116.5,288.9,79.15,100,45,86,20702.9,5.8,285.5,79.15,100,32,90,3.1,2721.2,267.5,79.14,100,36,85,16574.9,16706.0,48.0,8,0
1783012533.300,374.915,296.1,79.14,100,45,91,18169.3,17107.5,286.3,79.15,100,43,85,2.7,12.4,279.9,79.15,100,38,90,1066.3,16763.1,268.6,79.14,100,40,85,20754.2,5.0,48.0,8,0
1783012533.745,375.360,301.0,79.14,100,52,90,15432.6,4283.4,287.4,79.15,100,49,86,3.9,7.5,281.0,79.15,100,36,89,20771.6,14065.0,269.7,79.14,100,38,86,2534.3,4.8,48.0,8,0
1783012534.196,375.811,302.2,79.14,99,46,90,15044.5,7153.7,292.5,79.15,100,44,85,2.8,4.7,283.5,79.15,99,42,90,1081.9,16726.4,274.3,79.14,99,42,86,20757.6,4.7,48.0,8,0
1783012534.637,376.253,302.2,79.14,100,57,91,20709.0,17108.1,292.8,79.15,100,49,86,2.5,5.0,285.2,79.15,99,37,89,7.9,17095.8,276.5,79.14,100,43,86,17237.8,2877.9,48.0,8,0
1783012535.087,376.702,299.3,79.14,99,47,90,20709.6,17108.9,292.7,79.15,99,47,86,2.9,4.9,289.1,79.15,100,39,90,2.3,15538.6,274.6,79.14,99,39,85,15492.2,4539.6,48.0,8,0
1783012535.527,377.142,300.9,79.14,99,49,90,19611.8,12854.6,294.3,79.15,100,59,86,5151.3,4.9,284.6,79.15,99,36,90,1.9,7266.1,275.8,79.14,100,45,86,15416.0,13148.6,48.0,8,0
1783012535.967,377.583,300.2,79.14,100,46,90,20709.9,5.8,291.5,79.15,100,45,85,3.0,10033.8,283.0,79.15,99,37,90,16015.0,9790.3,272.0,79.14,100,33,86,2.2,5.7,48.0,8,0
1783012536.414,378.029,300.2,79.14,100,46,90,18214.6,13394.8,287.0,79.15,100,38,86,6140.4,5.6,283.0,79.15,99,37,90,1.9,17218.4,272.0,79.14,100,33,86,20756.7,5.8,6.0,0,7
1783012536.857,378.472,296.8,79.14,99,41,90,156.7,16735.5,287.0,79.15,100,38,86,20709.5,6.8,278.9,79.15,100,34,91,8.7,8.2,266.7,79.14,100,38,86,20802.1,15182.5,6.0,0,7
1783012537.306,378.922,288.7,79.14,100,54,91,1.8,4.0,276.0,79.15,99,37,85,1.7,15495.1,275.3,79.15,100,52,90,17009.4,3571.3,260.8,79.14,99,44,86,11.0,4.6,6.0,0,7
1783012537.749,379.365,291.5,79.14,100,52,90,20708.0,9.9,285.4,79.15,100,49,85,3.1,6.2,284.9,79.15,100,51,90,1092.9,16743.3,272.9,79.14,99,44,86,20752.9,4.8,6.0,0,7
1783012538.196,379.811,301.4,79.14,100,49,90,18975.4,17111.3,301.2,79.15,100,49,84,1.9,4.6,293.5,79.15,100,47,91,1.9,17241.5,284.0,79.14,99,40,86,20281.4,335.4,6.0,0,7
1783012538.640,380.256,300.4,79.14,99,46,90,2.2,6.0,295.6,79.15,100,54,86,17424.8,14455.4,286.8,79.15,100,35,90,4385.5,12.7,275.8,79.14,100,38,85,11633.5,15351.3,6.0,0,7
1783012539.088,380.704,296.1,79.14,100,47,91,20273.7,5.5,287.5,79.15,100,44,84,2.9,11532.2,282.7,79.15,100,33,90,18010.0,6688.4,268.3,79.14,100,35,86,4.8,5.1,6.0,0,7
1783012539.530,381.145,295.7,79.14,100,46,90,1.9,4.4,285.2,79.15,100,45,86,18222.6,14503.4,278.4,79.15,99,36,90,4039.5,4.9,269.6,79.14,100,42,86,2.8,11652.2,6.0,0,7
1783012539.971,381.587,301.3,79.14,100,45,90,6.7,2718.8,289.7,79.15,100,48,86,18865.2,15178.9,282.3,79.15,100,40,90,3.3,5.4,271.1,79.14,99,42,86,10105.1,14516.0,6.0,0,7
1783012540.414,382.029,301.3,79.14,100,45,90,2.8,7132.5,294.8,79.15,100,54,86,17458.3,11843.8,282.3,79.15,100,40,90,2.7,4.9,271.1,79.14,99,42,86,1075.9,16760.7,6.0,0,7
1783012540.856,382.472,302.6,79.14,100,49,90,4.4,7491.2,294.8,79.15,100,54,86,17537.7,11209.5,285.5,79.15,100,39,90,1.8,8.2,276.4,79.14,100,46,86,1090.8,15484.8,6.0,0,7
1783012541.303,382.919,300.3,79.14,100,51,91,1.9,15014.1,291.9,79.15,100,46,85,17460.8,3975.3,286.3,79.15,100,40,90,2.5,4.9,275.9,79.14,100,41,85,14761.9,14486.7,6.0,0,7
1783012541.746,383.361,299.2,79.14,100,46,90,7.6,17119.6,292.1,79.15,100,52,86,20710.0,6.9,284.9,79.15,100,37,89,4.2,4.7,275.2,79.14,100,48,86,20775.5,17197.4,6.0,0,7
1783012542.188,383.803,299.1,79.14,100,47,91,19044.5,1302.8,291.7,79.15,100,46,86,2.1,2497.0,284.5,79.15,100,38,90,18160.5,15622.2,274.3,79.14,100,40,85,2.9,6.0,6.0,0,7
1783012542.629,384.245,297.5,79.14,100,44,89,17156.2,14544.7,287.6,79.15,100,44,85,4798.5,6.4,283.2,79.15,100,32,90,4601.9,17771.2,267.8,79.14,100,32,86,11043.1,11.0,9.0,0,6
1783012543.077,384.692,293.4,79.14,98,10,91,1.8,4.2,282.3,79.15,100,40,86,20721.6,17110.9,270.6,79.15,100,8,90,2.7,4.7,258.1,79.14,100,20,85,2.7,5695.9,9.0,0,6
1783012543.520,385.135,292.1,79.14,100,50,90,20108.6,4.0,283.3,79.15,100,48,86,2.7,4.3,280.9,79.15,100,57,90,3462.4,14218.7,267.1,79.14,100,43,86,19692.2,4.4,9.0,0,6
1783012543.963,385.578,298.6,79.14,100,50,90,7486.2,12844.2,295.7,79.15,99,47,85,17332.8,4.2,291.8,79.15,100,53,90,2.2,4.2,286.8,79.14,100,43,85,8606.8,13018.5,9.0,0,6
1783012544.409,386.024,298.6,79.14,100,50,90,2.3,7024.0,298.9,79.15,100,55,86,16048.3,13113.7,291.8,79.15,100,53,90,2.4,4.8,286.8,79.14,100,43,85,1077.5,16769.9,9.0,0,6
1783012544.852,386.467,301.0,79.14,100,45,90,18077.7,17106.9,298.9,79.15,100,55,86,3.5,6.0,287.8,79.15,100,36,89,20759.3,16863.1,282.6,79.14,100,47,86,6.6,6.7,9.0,0,6
1783012545.298,386.913,298.2,79.14,100,44,90,2.2,17115.2,292.4,79.15,100,45,85,20703.6,5.6,280.6,79.15,100,32,89,2.4,5446.6,271.2,79.14,99,32,86,16122.4,14336.7,9.0,0,6
1783012545.739,387.354,297.7,79.14,100,44,90,16321.8,4684.0,285.0,79.15,100,36,86,9.2,6.7,279.6,79.15,100,37,89,8132.6,13326.5,264.6,79.14,100,40,86,15934.3,4.8,9.0,0,6
1783012546.182,387.797,299.5,79.14,100,46,89,20706.2,4.4,287.2,79.15,100,54,86,2.8,4.5,280.4,79.15,100,36,90,18028.2,12956.7,272.5,79.14,100,45,86,6451.6,5.5,9.0,0,6
1783012546.623,388.239,298.9,79.14,100,45,91,20704.8,4.5,289.3,79.15,100,46,85,2.8,4.6,286.7,79.15,100,46,90,20778.3,16868.6,274.6,79.14,100,41,87,8.9,10.2,9.0,0,6
1783012547.078,388.693,300.5,79.14,100,47,90,17529.3,4.8,293.4,79.15,100,52,86,1.8,311.4,285.0,79.15,100,38,89,18824.0,17193.3,275.3,79.14,100,43,86,1.9,4.6,9.0,0,6
1783012547.522,389.138,301.6,79.14,100,53,90,20704.3,10.1,293.9,79.15,100,46,85,8.8,19.5,285.9,79.15,100,36,90,19696.1,17191.1,274.2,79.14,100,39,85,2.7,4.9,9.0,0,6
1783012548.435,390.051,298.5,79.14,100,46,90,906.9,16320.4,290.9,79.15,100,45,85,20705.9,5.9,284.1,79.15,100,36,89,3.9,13708.2,274.1,79.14,100,42,86,16260.9,5979.1,9.0,0,6
1783012548.876,390.492,298.5,79.14,100,46,90,3.8,5.9,290.9,79.15,100,45,85,20707.6,15666.4,282.2,79.15,100,35,90,123.9,8.1,272.8,79.14,100,33,86,9503.7,13706.4,12.0,1,6
1783012549.319,390.935,296.9,79.14,100,39,90,2.8,4.4,284.8,79.15,100,39,85,15708.7,14246.4,278.3,79.15,100,31,90,5050.5,5.1,264.5,79.14,100,34,86,3.6,542.4,12.0,1,6
1783012549.802,391.417,288.4,79.14,100,52,90,4.9,4.2,275.8,79.15,100,38,86,3459.7,14452.2,272.5,79.15,100,51,90,17733.1,4.5,258.1,79.14,100,45,86,2.6,4.8,12.0,1,6
1783012550.245,391.860,290.3,79.14,100,51,89,7499.4,4.2,283.5,79.15,100,48,85,3.4,3.9,282.7,79.15,100,51,90,20777.6,16788.5,273.0,79.14,100,42,85,2.1,5.0,12.0,1,6
1783012550.686,392.301,302.6,79.14,100,52,90,20705.3,8.1,302.4,79.15,100,61,86,7.1,14.0,292.5,79.15,100,41,89,18333.4,16718.2,284.7,79.14,100,47,86,2.5,6.6,12.0,1,6
1783012551.139,392.754,297.4,79.14,100,46,90,8.2,17117.3,293.9,79.15,100,46,86,20705.9,5.8,289.1,79.15,100,34,90,4.6,13355.5,277.2,79.14,100,40,86,17830.7,4966.8,12.0,1,6
1783012551.583,393.198,296.1,79.14,100,46,90,3.7,10.9,286.9,79.15,100,44,85,20250.6,14526.5,280.3,79.15,100,34,90,1820.8,5.4,266.3,79.14,99,33,86,2.0,17239.3,12.0,1,6
1783012552.028,393.643,299.5,79.14,100,45,90,8.9,17117.4,288.0,79.15,100,45,86,20706.2,4.8,277.0,79.15,100,38,89,2.3,4.8,269.8,79.14,100,47,86,20778.3,16481.1,12.0,1,6
1783012552.469,394.084,298.7,79.14,100,46,90,4834.1,14364.5,288.0,79.15,100,44,86,17911.4,4.8,286.2,79.15,100,48,90,2.0,503.3,271.4,79.14,100,41,86,19707.2,17192.3,12.0,1,6
1783012552.910,394.525,298.7,79.14,100,46,90,1.6,17113.9,294.3,79.15,100,56,86,20711.2,7.3,286.2,79.15,100,48,90,4.7,4.8,271.4,79.14,100,41,86,20790.6,17195.2,12.0,1,6
1783012553.356,394.971,302.1,79.14,100,52,90,1.9,17112.2,294.3,79.15,100,56,86,18548.3,1776.6,287.3,79.15,100,40,89,4.4,4.5,277.2,79.14,100,48,86,5163.1,14874.0,12.0,1,6
1783012553.799,395.414,301.9,79.14,100,49,90,5.9,6534.9,294.2,79.15,100,47,85,17438.5,12431.9,289.4,79.15,100,44,90,2.1,4.9,277.1,79.14,100,42,85,1095.3,16743.6,12.0,1,6
1783012554.243,395.858,299.1,79.14,100,49,90,1.9,3960.5,295.2,79.15,100,55,86,17737.7,14798.6,287.5,79.15,100,39,89,2.4,4.8,278.5,79.14,100,52,86,1.7,17278.0,12.0,1,6
1783012554.684,396.300,301.1,79.14,100,54,90,525.0,16589.9,294.7,79.15,100,47,85,20707.4,10.9,286.4,79.15,100,37,90,8.0,17227.9,276.1,79.14,100,40,85,20744.8,6.2,12.0,1,6
1783012555.130,396.746,298.1,79.14,100,42,91,2.5,5.8,289.3,79.15,100,40,86,20709.3,17110.8,286.2,79.15,100,36,90,8.4,5.8,269.7,79.14,100,38,87,11152.5,14968.1,14.0,1,5
1783012555.578,397.193,296.4,79.14,98,36,90,10379.2,4.3,286.6,79.15,100,47,84,1.9,3.8,275.3,79.15,100,7,89,20767.0,17199.1,264.6,79.14,100,8,87,2.0,7.3,14.0,1,5
1783012556.028,397.643,296.7,79.14,100,67,90,18458.3,12573.1,285.8,79.15,100,48,86,6948.7,4.4,278.5,79.15,100,42,89,2.3,4.1,270.8,79.14,100,55,87,20781.8,14123.8,14.0,1,5
1783012556.470,398.085,297.2,79.14,100,59,90,4.2,4.4,292.5,79.15,100,47,86,20736.1,16027.6,287.0,79.15,100,42,90,32.7,4.4,279.4,79.14,99,44,86,2.6,537.6,14.0,1,5
1783012556.913,398.528,297.2,79.14,100,59,90,2.9,4.6,300.3,79.15,100,44,85,3391.0,14257.5,287.0,79.15,100,42,90,19779.8,4.7,279.4,79.14,99,44,86,3.5,8.1,14.0,1,5
1783012557.355,398.970,297.0,79.14,100,47,89,2.6,17117.1,300.3,79.15,100,44,85,20703.8,6.3,291.5,79.15,100,41,90,3.9,10783.2,280.5,79.14,100,39,86,16359.7,8846.9,14.0,1,5
1783012557.797,399.412,296.7,79.14,100,46,91,5.1,5.9,292.1,79.15,100,44,85,16668.8,13225.1,284.0,79.15,100,31,90,7160.2,5.7,273.9,79.14,100,34,86,2.4,17240.2,14.0,1,5
1783012558.244,399.859,297.2,79.14,100,43,90,19810.0,13436.4,286.7,79.15,100,43,86,4523.0,4.7,277.6,79.15,100,36,89,1.9,7915.0,267.9,79.14,100,40,86,15947.0,12188.6,14.0,1,5
1783012558.684,400.300,299.4,79.14,100,47,89,19960.1,17111.0,288.2,79.15,100,47,85,5.1,9.8,280.4,79.15,100,42,90,5.1,16467.4,270.2,79.14,100,39,86,18933.2,1436.8,14.0,1,5
1783012559.128,400.744,301.1,79.14,100,47,90,16016.4,16043.5,290.4,79.15,100,49,86,1.9,4.7,284.6,79.15,100,37,89,1.9,17237.5,271.5,79.14,100,41,86,20449.6,10.4,14.0,1,5
1783012559.573,401.188,300.8,79.14,100,47,90,20710.3,17109.1,293.2,79.15,100,46,86,2.1,4.5,284.7,79.15,100,45,90,2.3,17236.0,275.1,79.14,100,40,86,18355.6,1913.4,14.0,1,5
1783012560.015,401.631,301.8,79.14,100,55,90,20708.3,17109.3,293.5,79.15,100,49,86,2.8,5.3,285.8,79.15,100,36,89,2.8,17231.0,276.3,79.14,100,39,86,19508.9,1121.6,14.0,1,5
1783012560.457,402.072,300.1,79.14,100,46,90,16277.8,15824.0,293.4,79.15,100,49,86,1.9,4.8,285.6,79.15,100,37,90,2941.4,14819.1,275.5,79.14,100,44,86,20341.0,4.8,14.0,1,5
1783012560.899,402.515,300.1,79.14,100,46,90,9494.3,5.3,290.8,79.15,100,46,86,2.1,17127.4,285.6,79.15,100,37,90,20751.4,5.9,275.5,79.14,100,44,86,2.2,15073.7,14.0,1,5
1783012561.346,402.961,296.4,79.14,100,45,89,16340.8,15105.7,290.8,79.15,100,46,86,3.8,6.3,283.5,79.15,100,36,90,20755.8,17186.6,274.4,79.14,100,34,86,2.2,5.8,14.0,1,5
1783012561.786,403.401,296.2,79.14,100,40,89,20707.5,4.7,285.6,79.15,100,41,86,6.9,4.4,277.5,79.15,100,33,88,20764.9,15703.9,264.3,79.14,100,35,86,284.4,4.7,17.0,2,5
1783012562.236,403.851,287.8,79.14,100,52,91,7572.2,14239.5,276.2,79.15,100,33,85,15560.3,4.2,270.7,79.15,100,47,90,3.0,4.3,257.7,79.14,100,45,85,7492.2,14124.6,17.0,2,5
1783012562.679,404.294,290.4,79.14,100,50,90,3.4,6.1,284.7,79.15,100,49,86,20740.0,17113.2,284.2,79.15,100,50,90,5.6,7.0,271.3,79.14,100,43,86,4.6,2953.1,17.0,2,5
1783012563.132,404.747,301.0,79.14,100,51,91,1.9,4.7,302.6,79.15,100,52,86,10323.2,14547.2,292.8,79.15,100,48,90,11903.3,4.8,285.6,79.14,100,39,86,4.0,520.1,17.0,2,5
1783012563.574,405.189,299.6,79.14,100,44,90,11209.0,14950.2,294.6,79.15,100,47,86,11127.6,6.0,287.4,79.15,100,35,90,2.1,17212.6,276.2,79.14,100,39,87,20747.4,6.7,17.0,2,5
1783012564.016,405.631,295.8,79.14,100,46,89,3.0,5937.6,287.2,79.15,100,44,85,18128.3,12537.6,280.9,79.15,100,32,90,3.0,5.8,267.8,79.14,100,32,86,20772.6,16418.4,17.0,2,5
1783012564.458,406.073,297.0,79.14,100,46,91,18079.8,14937.2,286.2,79.15,100,45,86,3.6,4.6,277.4,79.15,100,37,90,3.8,17230.4,270.1,79.14,100,46,86,20754.1,4.7,17.0,2,5
1783012564.900,406.516,297.0,79.14,100,46,91,17790.0,4083.6,287.9,79.15,100,45,85,1.9,7.2,277.4,79.15,100,37,90,12048.8,14508.5,270.1,79.14,100,46,86,10526.2,5.3,17.0,2,5
1783012565.346,406.961,300.5,79.14,100,46,90,20710.6,4.5,287.9,79.15,100,45,85,3.6,4.8,283.8,79.15,100,41,90,16196.1,14298.0,271.3,79.14,100,42,85,5040.8,5.2,17.0,2,5
1783012565.790,407.406,302.4,79.14,100,49,90,17293.6,4995.2,294.9,79.15,100,55,86,9.8,4.8,284.8,79.15,100,39,89,6909.0,14732.5,277.2,79.14,100,48,86,15364.4,5.5,17.0,2,5
1783012566.234,407.850,301.3,79.14,100,54,90,17603.7,12945.9,294.5,79.15,100,47,85,2.0,4.6,287.3,79.15,100,40,90,493.6,17229.0,277.0,79.14,100,42,85,20748.4,4.9,17.0,2,5
1783012566.675,408.291,298.8,79.14,100,48,89,18902.6,17108.7,292.8,79.15,100,50,86,5.0,8.4,287.0,79.15,100,38,90,1078.5,16731.5,276.3,79.14,100,50,86,20751.4,4.8,17.0,2,5
1783012567.121,408.736,299.6,79.14,100,55,90,20709.9,5.4,293.7,79.15,100,47,86,2.9,4.7,285.4,79.15,100,37,90,20761.6,17188.8,275.5,79.14,100,40,85,2.0,5.9,17.0,2,5
1783012567.562,409.177,298.1,79.14,100,42,90,2.2,17116.8,289.2,79.15,100,42,86,20704.5,5.6,285.5,79.15,100,37,89,3.8,7860.3,269.5,79.14,100,39,87,18128.6,10274.1,17.0,2,5
1783012568.006,409.622,296.7,79.14,98,38,90,5553.7,17106.3,286.8,79.15,100,48,84,20705.2,17106.4,276.4,79.15,99,6,89,2.8,4.5,264.8,79.14,100,9,86,2.9,560.2,20.0,2,4
1783012568.449,410.064,290.1,79.14,100,64,90,20706.1,4.0,286.4,79.15,100,46,86,3.5,4.1,276.4,79.15,99,6,89,1110.2,16736.6,272.2,79.14,100,62,87,20746.7,4.2,20.0,2,4
1783012568.890,410.505,290.1,79.14,100,64,90,4.4,17114.2,291.2,79.15,100,49,86,20705.5,8.4,276.3,79.15,100,41,90,8.4,4.6,272.2,79.14,100,62,87,4920.4,13597.5,20.0,2,4
1783012569.334,410.949,292.0,79.14,100,59,90,1.9,4.6,291.2,79.15,100,49,86,20723.5,17115.1,287.5,79.15,100,41,89,2.8,6.8,281.1,79.14,100,53,87,3.5,17270.3,20.0,2,4
1783012569.781,411.397,297.2,79.14,100,46,90,4675.0,13412.4,296.5,79.15,100,46,85,19325.3,5.6,294.2,79.15,100,41,90,2.2,12210.9,277.2,79.14,100,39,86,20868.0,2390.5,20.0,2,4
1783012570.227,411.843,297.9,79.14,100,45,90,2.6,5.7,294.2,79.15,100,43,86,20709.5,14486.6,286.2,79.15,100,33,89,1763.3,6.0,273.3,79.14,100,35,87,6965.1,13623.2,20.0,2,4
1783012570.671,412.287,296.1,79.14,100,43,89,20709.1,17109.5,287.1,79.15,100,44,86,4.1,8.9,276.7,79.15,100,35,90,11382.3,13390.5,269.1,79.14,100,40,86,4706.1,4.8,20.0,2,4
1783012571.124,412.739,299.0,79.14,100,50,90,20704.8,6.2,286.2,79.15,100,45,85,2.0,4.5,280.3,79.15,100,38,90,20271.2,17188.7,270.0,79.14,100,39,85,3.6,4.5,20.0,2,4
1783012571.565,413.180,303.0,79.14,100,45,90,17376.6,4.6,293.0,79.15,100,57,86,3.4,3.9,283.6,79.15,100,38,89,20289.4,17193.1,273.7,79.14,100,47,86,1.8,4.8,20.0,2,4
1783012572.007,413.622,301.8,79.14,100,47,90,17205.4,2785.7,293.6,79.15,100,47,85,1.9,4.8,286.3,79.15,100,45,90,11818.6,13072.5,275.9,79.14,100,40,86,12479.7,10.1,20.0,2,4
1783012572.448,414.064,299.6,79.14,100,48,90,18537.0,17108.3,294.1,79.15,100,57,86,4.4,5.1,286.3,79.15,100,45,90,1076.5,16746.6,278.8,79.14,100,43,86,20745.1,4.7,20.0,2,4
1783012572.889,414.505,299.6,79.14,100,48,90,18856.8,17112.0,293.2,79.15,100,57,86,3.4,7.2,286.9,79.15,100,38,89,8.4,17231.4,278.8,79.14,100,43,86,20748.1,5.2,20.0,2,4
1783012573.331,414.946,301.1,79.14,100,52,90,16239.3,10308.4,293.2,79.15,100,47,85,3.1,5.7,285.0,79.15,100,37,90,20769.1,14330.6,275.3,79.14,100,39,85,2109.3,10.7,20.0,2,4
1783012573.774,415.389,299.4,79.14,100,46,90,5.2,8849.0,291.7,79.15,100,46,86,16431.8,9200.1,284.2,79.15,100,37,90,3.9,5.3,271.8,79.14,100,40,86,20739.2,17191.6,20.0,2,4
1783012574.216,415.832,299.2,79.14,99,39,90,18856.4,17106.3,289.7,79.15,100,43,86,19071.9,16809.6,278.9,79.15,100,33,89,16785.9,18860.3,268.8,79.14,100,37,86,17798.9,3216.6,23.0,3,4
1783012574.660,416.275,289.0,79.14,100,47,90,2.0,16060.2,277.4,79.15,100,13,86,17484.4,2858.1,271.2,79.15,100,44,90,9.2,6.7,264.1,79.14,100,53,86,1079.1,16795.0,23.0,3,4
1783012575.106,416.722,293.4,79.14,100,54,90,1.8,4.3,288.0,79.15,100,63,86,1.7,17162.6,277.9,79.15,100,41,88,20752.0,5.2,274.1,79.14,100,54,87,1.8,4.5,23.0,3,4
1783012575.548,417.163,303.0,79.14,100,64,90,20706.2,4.7,300.4,79.15,100,49,86,4.4,4.7,294.6,79.15,100,41,88,20776.5,16546.1,282.5,79.14,100,46,87,4.6,4.8,23.0,3,4
1783012575.990,417.606,297.0,79.14,100,47,90,519.6,6.3,296.0,79.15,100,46,85,3194.7,14896.8,289.8,79.15,100,35,90,18531.3,5.9,276.6,79.14,100,36,86,2.1,11881.7,23.0,3,4
1783012576.432,418.047,297.0,79.14,100,47,90,18203.6,16162.6,290.4,79.15,100,43,86,2.9,5.8,289.8,79.15,100,35,90,20003.9,15082.6,276.6,79.14,100,36,86,1935.3,5.8,23.0,3,4
1783012576.873,418.488,295.8,79.14,100,46,90,2.0,4.6,290.4,79.15,100,43,86,20714.4,17105.2,280.3,79.15,100,36,89,6.9,7.9,269.0,79.14,100,35,86,4663.7,14985.2,23.0,3,4
1783012577.317,418.932,299.0,79.14,100,48,90,1.9,14626.8,286.4,79.15,100,46,86,17550.7,4350.5,278.4,79.15,100,37,89,1.9,5.0,265.4,79.14,100,40,86,17348.1,14775.9,23.0,3,4
1783012577.759,419.375,298.9,79.14,100,45,89,8.3,17120.4,288.1,79.15,100,45,86,20708.1,4.6,281.9,79.15,100,38,90,3.6,4.7,273.6,79.14,100,48,86,19077.0,14391.2,23.0,3,4
1783012578.204,419.820,300.0,79.14,100,56,90,2.2,9015.0,292.1,79.15,100,49,86,17663.6,9761.5,286.6,79.15,100,40,89,2.3,4.7,276.2,79.14,100,42,86,1093.1,16736.3,23.0,3,4
1783012578.646,420.261,301.0,79.14,100,49,90,1.8,4.5,294.8,79.15,100,47,86,20729.7,17111.0,287.8,79.15,100,46,90,5.4,12.7,277.6,79.14,100,42,86,6616.0,14588.2,23.0,3,4
1783012579.100,420.716,301.9,79.14,100,55,90,4.3,4015.8,296.2,79.15,100,47,86,17835.6,14600.2,285.8,79.15,100,38,88,5.1,5.1,279.0,79.14,100,41,87,1082.8,16771.2,23.0,3,4
1783012579.543,421.158,299.2,79.14,100,48,90,8.5,11478.1,294.3,79.15,100,47,85,17745.1,7264.9,288.1,79.15,100,45,90,2.5,5.5,276.4,79.14,100,40,86,18432.7,14652.4,23.0,3,4
1783012579.987,421.602,297.6,79.14,100,45,90,20708.7,6.2,291.4,79.15,100,46,85,9.3,10085.3,283.8,79.15,100,33,90,18062.0,7905.3,276.0,79.14,100,39,86,3.0,6.6,23.0,3,4
1783012580.437,422.053,298.0,79.14,100,47,91,16648.3,20882.8,288.6,79.15,100,45,86,3755.7,17281.2,283.8,79.15,100,33,90,15233.8,13825.7,276.0,79.14,100,39,86,20235.6,2775.0,26.0,3,3
1783012580.879,422.495,298.0,79.14,100,47,91,20703.7,4.7,288.6,79.15,100,45,86,3.5,4.9,277.7,79.15,98,32,90,7165.0,12895.4,266.4,79.14,98,8,87,15947.3,4.9,26.0,3,3
1783012581.328,422.943,294.3,79.14,100,50,90,1.9,15384.5,285.1,79.15,100,50,85,15106.9,5453.8,278.5,79.15,100,56,90,2.4,4.7,268.9,79.14,100,44,86,1094.2,16755.3,26.0,3,3
1783012581.769,423.384,295.8,79.14,100,49,90,6.6,6.4,291.1,79.15,100,47,85,15200.5,13048.0,285.5,79.15,100,48,90,8892.6,4.7,280.3,79.14,100,44,86,2.3,1504.1,26.0,3,3
1783012582.218,423.833,301.0,79.14,100,47,90,2.8,5.4,300.5,79.15,100,57,86,20719.1,17107.0,288.0,79.15,100,36,88,3.0,5.8,283.5,79.14,100,44,86,9799.9,13450.1,26.0,3,3
1783012582.661,424.276,298.4,79.14,100,46,90,20704.8,6.2,293.4,79.15,100,44,85,4.6,9648.6,285.1,79.15,100,36,90,16465.5,8842.3,276.3,79.14,100,33,86,5.2,6.8,26.0,3,3
1783012583.108,424.723,296.5,79.14,100,43,90,3040.7,14583.5,286.9,79.15,100,45,86,20703.7,5.0,279.3,79.15,100,34,89,2.0,1068.0,266.7,79.14,100,37,86,18366.3,17190.2,26.0,3,3
1783012583.549,425.165,299.9,79.14,100,48,90,20707.3,15828.8,288.5,79.15,100,44,86,604.6,5.2,277.9,79.15,100,39,89,2.3,16896.1,270.8,79.14,100,45,86,17498.9,2734.5,26.0,3,3
1783012583.993,425.608,300.0,79.14,100,49,90,16413.2,15051.0,288.9,79.15,100,46,85,3.3,4.7,284.8,79.15,100,40,90,1071.5,16252.9,273.5,79.14,100,39,87,20753.3,4.8,26.0,3,3
1783012584.437,426.052,301.2,79.14,100,48,90,20710.4,17107.0,293.7,79.15,100,56,86,2.0,4.8,284.8,79.15,100,40,90,1.9,8472.0,273.5,79.14,100,39,87,16072.5,11476.7,26.0,3,3
1783012584.878,426.493,301.2,79.14,100,48,90,3582.0,14049.3,293.7,79.15,100,56,86,20216.5,4.9,285.3,79.15,100,38,89,7.7,6.6,277.8,79.14,100,49,87,20794.3,14343.6,26.0,3,3
1783012585.319,426.935,302.2,79.14,100,57,90,1.8,17116.0,295.0,79.15,100,47,86,20705.8,4.6,286.7,79.15,100,39,89,2.7,4.6,276.5,79.14,100,40,86,18242.1,13515.0,26.0,3,3
1783012585.762,427.377,299.2,79.14,100,49,89,8.1,17114.8,293.7,79.15,100,51,86,20710.6,5.8,288.6,79.15,100,42,90,2.1,4.7,276.3,79.14,100,43,86,20781.8,17196.9,26.0,3,3
1783012586.204,427.819,300.3,79.14,100,48,90,20707.1,6.7,292.5,79.15,100,46,85,3.0,9739.5,284.9,79.15,100,37,89,16596.7,9645.2,276.1,79.14,100,39,87,2.1,5.8,26.0,3,3
1783012586.645,428.261,296.8,79.14,100,46,90,12787.0,13638.4,288.1,79.15,100,44,86,11132.7,6.9,282.4,79.15,99,29,89,1360.9,30147.5,269.1,79.14,100,35,86,20762.4,17197.6,29.0,4,3
1783012587.101,428.716,287.1,79.14,100,13,91,8.7,15878.4,276.8,79.15,98,19,86,17277.4,3451.2,268.5,79.15,100,42,89,3.9,4.2,261.2,79.14,100,48,87,8.5,13445.8,29.0,4,3
1783012587.543,429.159,292.5,79.14,100,54,90,3582.8,4.2,285.1,79.15,100,51,85,1.9,35.3,281.3,79.15,100,48,90,19701.7,16722.3,269.9,79.14,100,43,85,4.0,4.5,29.0,4,3
1783012587.992,429.607,295.9,79.14,100,51,89,17588.7,15891.4,295.9,79.15,100,49,85,2.6,4.8,294.4,79.15,100,54,90,1075.0,16767.7,286.5,79.14,100,43,87,20750.4,5.0,29.0,4,3
1783012588.436,430.052,300.0,79.14,100,48,90,20709.0,17109.8,298.9,79.15,100,52,86,2.1,5.6,294.4,79.15,100,54,90,11707.2,15111.3,286.5,79.14,100,43,87,10509.7,5.7,29.0,4,3
1783012588.879,430.494,300.0,79.14,100,48,90,3.7,9702.7,298.9,79.15,100,52,86,18309.7,8730.3,286.0,79.15,100,38,88,5.9,8.3,279.5,79.14,100,39,87,20771.3,17201.8,29.0,4,3
1783012589.320,430.936,298.8,79.14,100,38,90,8531.6,5.2,290.3,79.15,100,40,86,1.9,14212.1,279.5,79.15,100,35,88,18444.0,3467.8,270.7,79.14,100,39,86,1.9,5.0,29.0,4,3
1783012589.761,431.377,296.6,79.14,100,47,90,8.2,4.8,283.8,79.15,100,46,86,9574.4,14589.6,279.7,79.15,100,37,89,12837.9,4.7,268.2,79.14,100,40,86,2.7,518.4,29.0,4,3
1783012590.206,431.821,299.8,79.14,100,47,90,4.1,4.8,290.1,79.15,100,52,86,20719.9,17106.4,279.9,79.15,100,37,89,2.4,4.9,273.1,79.14,100,40,87,1.9,17253.9,29.0,4,3
1783012590.648,432.263,300.8,79.14,100,50,90,1.8,4.5,294.9,79.15,100,50,85,17300.3,19285.7,284.6,79.15,100,45,90,5.2,12.9,277.4,79.14,100,41,86,10.2,16640.6,29.0,4,3
1783012591.099,432.715,300.9,79.14,100,53,90,3.5,5.1,294.4,79.15,100,57,86,18391.1,14319.9,285.7,79.15,100,38,90,4056.7,7.6,277.6,79.14,100,48,87,1.9,6257.9,29.0,4,3
1783012591.545,433.160,299.1,79.14,100,46,89,2.4,4.8,293.8,79.15,100,46,86,20715.3,15562.2,287.6,79.15,100,43,89,307.2,4.5,275.7,79.14,100,40,85,3.5,7449.9,29.0,4,3
1783012591.992,433.607,299.1,79.14,100,50,90,4.3,4.4,295.8,79.15,100,53,86,20720.6,17108.2,285.6,79.15,100,38,90,3.9,4.8,276.6,79.14,100,47,87,2.4,17260.9,29.0,4,3
1783012592.435,434.050,299.6,79.14,100,46,90,17140.2,16088.2,293.4,79.15,100,46,86,3705.7,5.8,285.6,79.15,100,38,90,1647.7,15914.8,276.6,79.14,100,47,87,20244.2,5.8,29.0,4,3
1783012592.878,434.493,299.6,79.14,100,46,90,3.2,5749.6,293.4,79.15,100,46,86,18220.8,12656.7,281.4,79.15,100,36,89,7.0,8.0,272.9,79.14,99,36,86,20915.5,17208.0,32.0,4,2
1783012593.319,434.935,297.8,79.14,100,43,90,15723.7,6613.2,288.2,79.15,100,39,86,1.9,4.5,279.5,79.15,100,35,88,1093.9,16643.6,267.4,79.14,98,31,86,20749.6,4.0,32.0,4,2
1783012593.761,435.377,295.2,79.14,100,61,90,9.9,4.1,285.2,79.15,100,59,86,20236.0,17110.0,276.6,79.15,100,42,90,2.3,4.5,270.6,79.14,100,61,87,2.9,6798.2,32.0,4,2
1783012594.207,435.822,296.0,79.14,100,59,90,3.7,10.0,293.3,79.15,100,54,86,2.8,11568.5,283.8,79.15,100,40,90,15332.5,8866.3,278.1,79.14,100,51,87,2.7,4.9,32.0,4,2
1783012594.655,436.271,299.3,79.14,100,59,90,10782.5,4.4,298.6,79.15,100,46,86,2.0,38.7,293.1,79.15,100,37,89,18829.4,17203.2,281.6,79.14,100,39,86,10.9,8.8,32.0,4,2
1783012595.100,436.715,297.9,79.14,100,46,90,3.8,17114.7,296.6,79.15,100,45,86,20704.9,6.4,285.8,79.15,100,36,88,2.2,9245.3,276.3,79.14,100,38,87,16369.9,10187.3,32.0,4,2
1783012595.541,437.156,297.7,79.14,100,42,90,2.6,5.6,290.8,79.15,100,44,86,5132.7,13885.0,278.2,79.15,100,33,88,18053.8,5.2,269.0,79.14,100,36,85,2.9,8617.9,32.0,4,2
1783012595.984,437.599,298.7,79.14,100,45,90,5.1,4813.4,285.8,79.15,100,49,86,16191.1,15356.1,279.2,79.15,100,39,89,3.9,4.7,269.6,79.14,100,42,87,1.8,17266.0,32.0,4,2
1783012596.424,438.039,298.7,79.14,100,45,90,2.7,6089.3,290.8,79.15,100,43,86,15813.3,14091.5,279.2,79.15,100,39,89,2.1,5.2,269.6,79.14,100,42,87,8080.6,13333.1,32.0,4,2
1783012596.864,438.480,298.8,79.14,100,47,89,1.9,4682.6,290.8,79.15,100,43,86,16200.4,15439.0,281.5,79.15,100,46,90,2.3,7.4,276.6,79.14,100,39,86,690.3,16789.8,32.0,4,2
1783012597.306,438.921,300.6,79.14,100,58,90,3.6,4.4,294.8,79.15,100,47,86,20720.2,17109.9,285.1,79.15,100,38,89,2.7,4.8,276.4,79.14,100,40,86,1.9,9558.0,32.0,4,2
1783012597.748,439.363,300.2,79.14,100,47,90,10.6,7.6,294.7,79.15,100,46,86,20722.7,17111.6,286.6,79.15,100,46,90,2.0,5.0,276.6,79.14,100,40,86,3.9,17243.7,32.0,4,2
1783012598.197,439.812,299.9,79.14,100,51,90,2.5,1851.8,292.8,79.15,100,45,86,17367.8,17106.1,283.4,79.15,100,39,89,3.7,11.5,276.4,79.14,100,41,87,1071.7,16754.7,32.0,4,2
1783012598.641,440.256,299.9,79.14,100,46,89,20706.5,16685.7,293.3,79.15,100,48,86,2.3,6.1,282.9,79.15,100,37,90,11191.7,14097.7,274.2,79.14,100,38,87,11617.5,8.3,32.0,4,2
1783012599.085,440.700,298.3,79.14,100,45,90,2.6,13047.6,291.9,79.15,100,42,86,16488.7,6725.1,278.9,79.15,100,34,89,5.3,486.7,271.5,79.14,100,31,86,19695.6,17194.3,35.0,5,2
1783012599.526,441.141,290.1,79.14,100,11,89,2.7,3692.7,278.2,79.15,98,41,85,17916.7,14874.4,265.9,79.15,100,10,89,2.7,4.5,258.9,79.14,100,54,86,1.9,16243.0,35.0,5,2
1783012599.967,441.582,292.2,79.14,100,64,90,2.2,6.8,284.6,79.15,100,54,86,3.4,13.7,275.3,79.15,100,43,89,19707.4,17207.8,270.5,79.14,100,58,87,1.9,4.5,35.0,5,2
1783012600.409,442.024,292.2,79.14,100,64,90,17674.3,15964.5,298.9,79.15,100,48,86,1.8,4.4,275.3,79.15,100,43,89,1.9,9899.4,270.5,79.14,100,58,87,17436.4,8835.7,35.0,5,2
1783012600.850,442.465,300.6,79.14,100,64,90,17417.6,14380.2,298.9,79.15,100,48,86,5199.2,4.7,288.4,79.15,100,41,89,2.7,4760.7,283.7,79.14,100,47,87,17705.2,12537.5,35.0,5,2
1783012601.292,442.907,296.8,79.14,100,47,90,7896.4,6.4,295.0,79.15,100,45,85,496.7,17105.6,290.0,79.15,100,44,90,20750.2,6.0,278.0,79.14,100,39,86,2.2,16693.4,35.0,5,2
1783012601.734,443.349,296.1,79.14,100,44,91,18063.5,10701.3,294.3,79.15,100,45,86,7.4,7.8,280.4,79.15,100,32,89,20757.4,17189.6,272.2,79.14,100,37,86,2.0,11.0,35.0,5,2
1783012602.179,443.794,298.6,79.14,100,46,90,9.7,4.5,288.5,79.15,100,43,86,3856.4,14854.3,276.0,79.15,100,37,90,18139.2,6.3,267.7,79.14,100,42,87,2.7,13.3,35.0,5,2
1783012602.623,444.238,299.6,79.14,100,46,90,2.4,4.5,289.1,79.15,100,47,86,13578.5,14387.9,281.5,79.15,100,41,89,8736.2,7.3,271.4,79.14,100,40,86,9.2,8367.8,35.0,5,2
1783012603.066,444.682,300.5,79.14,100,56,90,1.9,4.4,290.5,79.15,100,45,86,10201.8,14481.1,285.0,79.15,100,39,89,11920.4,4.7,274.5,79.14,100,41,85,5.3,9.3,35.0,5,2
1783012603.508,445.124,300.6,79.14,100,49,89,3.9,4.6,295.2,79.15,100,49,86,1.7,17158.4,286.3,79.15,100,44,90,20748.3,4.6,277.6,79.14,100,42,86,1.9,4.6,35.0,5,2
1783012603.950,445.566,302.5,79.14,100,51,90,6.3,7.6,297.5,79.15,100,52,86,1.9,12672.4,286.3,79.15,100,44,90,17219.4,6036.3,279.8,79.14,100,43,87,3.4,4.8,35.0,5,2
1783012604.393,446.008,302.5,79.14,100,51,90,7036.2,4.7,295.1,79.15,100,47,85,2.8,2895.2,286.2,79.15,100,38,88,17803.0,15521.5,279.8,79.14,100,43,87,1.9,4.7,35.0,5,2
1783012604.835,446.451,299.1,79.14,100,48,89,2.0,5.0,295.1,79.15,100,47,85,2.1,17128.8,288.2,79.15,100,44,90,20746.1,6.1,277.4,79.14,100,42,86,4.4,8522.4,35.0,5,2
1783012605.279,446.894,298.0,79.14,100,49,90,20710.3,17109.7,294.1,79.15,100,45,86,3.7,5.8,284.9,79.15,100,35,89,10050.2,16818.6,276.0,79.14,100,37,86,9901.0,5.5,35.0,5,2
1783012605.720,447.336,296.9,79.14,100,45,90,19202.7,15957.0,288.5,79.15,100,44,86,15242.9,4482.7,281.2,79.15,100,37,89,5.6,4.5,270.6,79.14,100,39,86,1095.5,16824.3,38.0,5,1
1783012606.164,447.780,287.3,79.14,100,48,89,1467.2,3.9,281.8,79.15,100,44,86,2.7,3.9,275.0,79.15,100,51,89,20153.1,12588.2,264.5,79.14,100,38,85,4765.2,4.4,38.0,5,1
1783012606.605,448.221,285.1,79.14,100,50,90,15573.3,13065.2,287.2,79.15,100,47,85,8935.9,4.5,281.0,79.15,100,48,89,3.8,504.9,270.6,79.14,100,42,85,19713.5,17213.4,38.0,5,1
1783012607.050,448.665,295.2,79.14,100,50,90,2.2,14163.8,300.9,79.15,100,49,85,16553.8,5656.6,290.4,79.15,100,47,90,2.4,4.9,285.6,79.14,100,38,86,9519.5,13510.1,38.0,5,1
1783012607.493,449.108,298.8,79.14,100,44,90,20707.8,17105.9,297.8,79.15,100,49,86,4.3,6.0,286.4,79.15,100,35,89,2805.7,14998.1,277.8,79.14,100,38,86,20727.0,6.0,38.0,5,1
1783012607.934,449.549,298.8,79.14,100,44,90,3.3,6749.2,288.5,79.15,100,45,86,16506.7,13015.6,286.4,79.15,100,35,89,2.2,6.1,277.8,79.14,100,38,86,20763.9,17204.4,38.0,5,1
1783012608.378,449.993,295.8,79.14,100,46,90,16622.4,8905.2,288.5,79.15,100,45,86,5.3,10.9,280.6,79.15,100,33,89,20756.9,17197.2,269.0,79.14,100,35,86,2.9,4.7,38.0,5,1
1783012608.823,450.438,296.2,79.14,100,45,89,18735.3,5.0,286.4,79.15,100,44,86,2.8,3681.2,277.3,79.15,100,37,89,16408.8,15755.7,270.7,79.14,100,41,86,2.0,7.3,38.0,5,1
1783012609.265,450.880,300.4,79.14,100,46,90,8467.4,4.6,291.5,79.15,100,46,86,1.9,3329.4,281.2,79.15,100,39,89,16194.8,16524.3,272.5,79.14,100,42,87,3.6,4.6,38.0,5,1
1783012609.706,451.322,302.4,79.14,100,48,89,20709.4,7.6,294.8,79.15,100,47,86,8.0,9.6,285.1,79.15,100,44,90,20777.4,16774.6,277.0,79.14,100,41,86,4.1,4.8,38.0,5,1
1783012610.153,451.768,302.2,79.14,100,55,90,17220.3,2775.5,294.9,79.15,100,55,86,3.2,5.9,285.7,79.15,100,39,88,17677.7,13077.5,278.9,79.14,100,44,87,6911.4,4.8,38.0,5,1
1783012610.594,452.209,298.8,79.14,100,47,90,16627.5,3383.3,293.9,79.15,100,45,85,4.7,4.8,286.4,79.15,100,43,90,12671.5,13511.3,276.6,79.14,100,41,86,11224.5,7.8,38.0,5,1
1783012611.036,452.651,301.1,79.14,100,53,90,20705.3,5.3,294.1,79.15,100,54,86,2.9,3957.4,284.2,79.15,100,37,88,16358.3,15560.8,276.3,79.14,100,39,87,2.6,5.4,38.0,5,1
1783012611.477,453.093,299.2,79.14,100,41,90,2.7,17114.7,290.3,79.15,100,39,86,20705.4,5.8,281.7,79.15,100,35,89,2.2,12537.6,269.9,79.14,100,37,85,16159.8,7197.2,38.0,5,1
1783012611.920,453.535,299.2,79.14,100,41,90,20682.6,13482.7,282.7,79.15,98,34,85,20684.0,14278.5,281.7,79.15,100,35,89,22190.3,14837.3,269.9,79.14,100,37,85,18245.7,4.6,41.0,6,1
1783012612.363,453.978,292.7,79.14,98,40,90,8962.8,14265.9,282.7,79.15,98,34,85,14316.3,4.2,271.4,79.15,98,9,88,2.4,4.2,260.3,79.14,100,11,85,9334.9,13983.3,41.0,6,1
1783012612.807,454.422,289.6,79.14,100,51,90,5.2,4.4,282.0,79.15,100,50,86,12446.5,14386.4,277.1,79.15,100,53,89,10255.4,4.4,267.5,79.14,100,44,85,2.8,3.9,41.0,6,1
1783012613.249,454.865,294.5,79.14,100,50,89,4.5,4.6,291.2,79.15,100,48,85,1.9,10656.5,292.1,79.15,100,53,90,17597.7,7819.6,286.1,79.14,100,44,85,2.7,5.8,41.0,6,1
1783012613.691,455.306,300.6,79.14,100,46,90,2.1,8.4,300.3,79.15,100,52,86,20718.9,17110.3,287.0,79.15,100,36,88,6.6,7.8,283.0,79.14,100,46,87,11615.0,14799.4,41.0,6,1
1783012614.141,455.757,298.7,79.14,100,45,90,17339.4,5.7,293.5,79.15,100,41,86,3.0,17112.5,283.5,79.15,100,34,89,19958.7,722.9,271.9,79.14,100,33,86,3.0,6522.8,41.0,6,1
1783012614.584,456.199,295.2,79.14,100,43,90,2.2,17113.5,284.2,79.15,100,43,86,20705.8,5.2,278.7,79.15,100,38,89,2.5,4497.6,268.2,79.14,100,40,85,26594.3,6085.1,41.0,6,1
1783012615.030,456.645,299.5,79.14,100,50,90,20708.8,17112.0,288.2,79.15,100,52,86,2.1,4.9,279.5,79.15,100,37,90,2.0,17227.8,270.6,79.14,100,44,87,20753.8,4.8,41.0,6,1
1783012615.471,457.086,300.6,79.14,100,47,90,19602.0,17110.1,291.4,79.15,100,46,85,2.7,4.8,283.8,79.15,100,45,89,2.4,17233.2,276.8,79.14,100,41,86,20494.7,242.9,41.0,6,1
1783012615.912,457.528,300.6,79.14,100,47,90,13471.0,14241.6,294.3,79.15,100,57,86,10049.6,8.0,283.8,79.15,100,45,89,2.0,3812.5,276.8,79.14,100,41,86,17705.0,14690.5,41.0,6,1
1783012616.356,457.971,300.8,79.14,100,56,90,2.6,17116.2,294.3,79.15,100,57,86,20705.0,5.8,286.2,79.15,100,39,90,2.7,4.8,277.6,79.14,100,47,87,20787.4,16271.0,41.0,6,1
1783012616.797,458.412,300.0,79.14,100,50,90,4.8,17112.6,294.8,79.15,100,48,86,20013.4,615.9,288.9,79.15,100,42,89,4.4,4.7,277.3,79.14,100,40,86,12258.5,21398.6,41.0,6,1
1783012617.245,458.860,299.2,79.14,100,48,90,1.8,17122.2,297.3,79.15,100,54,86,20705.1,5.0,285.6,79.15,100,38,88,2.0,500.0,279.2,79.14,100,46,87,19698.5,17188.4,41.0,6,1
1783012617.685,459.301,298.8,79.14,100,46,89,20705.0,8.0,293.2,79.15,100,45,86,6.9,7562.5,284.0,79.15,100,39,89,18319.5,10521.6,276.4,79.14,100,38,85,2.2,5.2,41.0,6,1
1783012618.130,459.745,296.3,79.14,100,44,90,10194.3,23458.1,288.4,79.15,100,44,86,2220.1,17106.3,280.6,79.15,100,34,89,19392.5,10487.1,271.3,79.14,100,39,87,20442.8,5734.6,43.0,6,0
1783012618.572,460.187,295.2,79.14,100,51,90,20708.9,4.0,284.6,79.15,100,10,86,1.8,4.3,272.0,79.15,100,43,88,3442.5,14335.4,269.2,79.14,100,54,87,19762.2,5.2,43.0,6,0
1783012619.023,460.638,297.6,79.14,100,58,90,4.0,17113.6,292.5,79.15,100,64,86,19798.3,803.2,282.6,79.15,100,41,89,2.9,4.6,275.8,79.14,100,54,87,5445.1,13196.9,43.0,6,0
1783012619.466,461.081,302.7,79.14,100,63,90,1.9,4.6,299.4,79.15,100,54,86,14655.9,12971.0,294.7,79.15,100,41,89,9397.2,4.8,284.2,79.14,100,43,87,3.5,545.8,43.0,6,0
1783012619.908,461.523,302.7,79.14,100,63,90,2.0,5.7,296.9,79.15,100,45,85,20717.9,17107.8,294.7,79.15,100,41,89,7.3,5.8,284.2,79.14,100,43,87,9263.0,13766.8,43.0,6,0
1783012620.353,461.969,297.0,79.14,100,46,90,20704.4,6.0,296.9,79.15,100,45,85,3.0,3497.0,288.9,79.15,100,35,89,16745.0,15719.8,277.8,79.14,100,36,87,2.1,5.9,43.0,6,0
1783012620.795,462.410,297.6,79.14,100,45,90,6.1,17113.5,293.3,79.15,100,45,86,20705.7,5.7,278.7,79.15,100,36,88,2.0,5.1,270.8,79.14,100,34,87,20767.9,17203.0,43.0,6,0
1783012621.237,462.852,299.0,79.14,100,45,90,13695.5,13332.6,288.6,79.15,100,48,86,10431.5,4.8,277.3,79.15,100,37,90,2.0,7555.3,267.8,79.14,100,40,87,16445.8,12182.6,43.0,6,0
1783012621.677,463.292,299.1,79.14,100,45,90,20708.3,17108.9,289.0,79.15,100,44,85,5.1,7.7,282.0,79.15,100,39,89,8.7,17236.5,274.2,79.14,100,42,87,20544.2,129.9,43.0,6,0
1783012622.122,463.737,301.0,79.14,100,56,90,16489.3,14116.8,292.1,79.15,100,52,86,5254.7,4.6,286.3,79.15,100,39,89,2.3,2218.7,275.3,79.14,100,41,87,16805.9,17138.2,43.0,6,0
1783012622.564,464.180,300.8,79.14,100,47,90,1.8,17117.8,295.2,79.15,100,47,85,20707.4,10.9,286.9,79.15,100,46,89,1.9,4.5,277.4,79.14,100,41,86,18281.4,14346.9,43.0,6,0
1783012623.009,464.625,301.0,79.14,100,54,90,2.8,17116.5,297.8,79.15,100,54,86,20704.0,4.5,284.9,79.15,100,37,89,4.3,4.8,278.3,79.14,100,46,87,14356.4,12892.5,43.0,6,0
1783012623.452,465.068,298.7,79.14,100,47,89,3.8,17111.4,293.5,79.15,100,47,87,17418.1,2374.7,284.9,79.15,100,37,89,2.9,5.4,275.8,79.14,100,40,86,20739.6,13137.6,43.0,6,0
1783012623.894,465.509,298.7,79.14,100,47,89,16049.3,4254.5,293.5,79.15,100,47,87,5.8,2523.0,287.3,79.15,100,43,89,16581.3,16781.7,275.8,79.14,100,40,86,2.6,5.8,43.0,6,0
1783012624.335,465.951,296.6,79.14,100,41,90,1000.3,16266.7,289.3,79.15,100,43,85,20702.7,5.7,283.4,79.15,100,31,89,3.1,13989.5,273.4,79.14,100,38,86,4693.1,2543.6,46.0,7,0
1783012624.777,466.393,297.6,79.14,100,46,91,2662.7,2227.6,288.0,79.15,100,46,86,2793.3,2991.7,274.8,79.15,100,42,89,2762.7,2966.3,267.0,79.14,99,51,86,2707.4,2548.7,46.0,7,0
1783012625.221,466.836,301.2,79.14,99,63,89,2663.3,2202.4,291.5,79.15,99,63,85,2871.7,3390.7,279.3,79.15,99,53,88,2825.5,3213.0,270.1,79.14,100,56,86,2741.4,2885.3,46.0,8,0
1783012625.663,467.279,305.4,79.14,99,62,89,2641.5,2203.0,296.7,79.15,100,62,85,2862.1,3560.4,285.9,79.15,99,52,88,2851.5,3235.1,273.0,79.14,99,56,86,2841.7,2732.3,46.0,8,0
1783012626.108,467.724,301.9,79.14,99,62,89,2621.4,2387.3,298.5,79.15,99,62,85,2856.8,3354.4,288.0,79.15,99,53,89,2994.8,3586.6,275.3,79.14,99,56,86,2740.2,2864.8,46.0,8,0
1783012626.557,468.172,300.1,79.14,99,62,89,2681.9,2265.2,298.8,79.15,100,62,85,2880.1,3315.5,288.6,79.15,100,53,88,2805.2,3352.0,275.6,79.14,99,56,86,2849.7,3347.1,46.0,8,0
1783012627.008,468.623,300.0,79.14,100,63,89,2641.4,2168.8,299.1,79.15,99,62,85,2839.1,3457.8,288.4,79.15,100,53,88,2919.1,3280.2,275.8,79.14,99,56,86,2730.7,2958.2,47.0,8,0
1783012627.450,469.065,300.0,79.14,100,62,89,2601.1,2157.8,299.4,79.15,100,62,85,2844.2,3534.8,288.4,79.15,100,53,88,2839.0,3211.1,276.3,79.14,100,56,86,2767.8,2955.1,47.0,8,0
1783012627.893,469.509,300.0,79.14,100,62,89,2625.8,2174.8,299.4,79.15,100,62,85,2902.7,3507.0,289.1,79.15,99,53,89,2868.2,3310.1,276.3,79.14,100,56,86,2741.7,2914.6,47.0,8,0
1783012628.337,469.952,300.0,79.14,100,62,89,2622.7,2168.8,299.6,79.15,99,62,85,2854.5,3334.3,289.7,79.15,99,53,88,2830.7,3395.2,276.4,79.14,100,56,86,2750.5,2749.7,47.0,8,0
1783012628.778,470.394,300.0,79.14,99,62,89,2668.2,2160.8,299.9,79.15,100,62,86,2862.6,3581.3,289.9,79.15,99,53,88,2830.6,3214.4,276.6,79.14,100,56,86,2776.7,2981.0,47.0,8,0
1783012629.224,470.839,300.1,79.14,100,63,89,2642.9,2168.9,300.5,79.15,99,62,85,2860.7,3585.0,290.3,79.15,99,53,89,2814.8,3399.1,277.3,79.14,99,56,86,2753.5,2981.0,47.0,8,0
1783012629.666,471.281,300.0,79.14,100,63,89,2600.9,2118.5,300.6,79.15,99,62,86,3327.4,3611.0,290.5,79.15,99,53,89,3413.6,3420.0,277.4,79.14,100,56,86,2780.6,2977.8,47.0,8,0
1783012630.114,471.729,300.0,79.14,100,62,89,2621.0,2185.4,300.8,79.15,99,62,86,2852.8,3574.1,290.2,79.15,99,53,88,2829.6,3451.8,277.0,79.14,99,56,86,2771.3,2994.4,47.0,8,0
1783012630.558,472.174,300.0,79.14,99,62,89,2621.3,2174.9,301.0,79.15,99,62,86,2871.5,3478.5,290.3,79.15,99,53,89,2839.5,3494.4,277.0,79.14,99,57,86,2753.2,2824.7,47.0,8,0
1783012631.003,472.618,300.0,79.14,100,62,89,2600.6,2152.0,301.1,79.15,99,62,86,2852.9,3482.4,290.9,79.15,99,54,89,2844.7,3235.8,277.3,79.14,100,57,86,2753.7,2848.0,47.0,8,0
1783012631.446,473.061,300.0,79.14,99,63,89,2641.2,2158.0,300.8,79.15,100,62,86,3009.3,3585.8,290.9,79.15,99,54,89,2841.9,3471.9,277.4,79.14,100,57,86,2747.6,2920.3,47.0,8,0
1783012631.890,473.505,300.0,79.14,99,63,89,2621.0,2152.1,300.8,79.15,100,62,86,2861.1,3492.8,291.1,79.15,100,53,89,2966.9,3293.2,277.4,79.14,100,57,86,2753.3,3015.4,47.0,8,0
1783012632.334,473.949,300.0,79.14,100,63,89,2589.4,2169.0,300.7,79.15,99,62,86,2860.1,3571.4,291.3,79.15,99,54,89,2850.6,3350.1,277.8,79.14,100,57,86,2750.9,2790.0,47.0,8,0
1783012632.777,474.392,300.0,79.14,99,63,89,2789.9,2169.0,300.7,79.15,100,62,86,2860.2,3528.7,291.7,79.15,100,54,89,2853.3,3425.3,278.1,79.14,100,56,86,2782.0,2841.4,47.0,8,0
1783012633.226,474.842,300.0,79.14,100,63,89,2643.3,2157.1,300.2,79.15,99,62,86,2858.1,3348.7,291.4,79.15,99,53,89,2839.3,3402.5,277.9,79.14,100,57,86,2744.9,3084.0,47.0,8,0
1783012633.668,475.283,299.9,79.14,99,63,89,2604.5,2152.0,300.1,79.15,100,62,86,3029.3,3370.1,291.7,79.15,100,54,89,2871.6,3407.9,278.0,79.14,100,57,86,2780.2,2979.2,47.0,8,0
1783012634.113,475.728,300.0,79.14,100,63,89,2600.7,2168.8,300.3,79.15,100,62,86,2855.8,3451.0,292.4,79.15,99,54,89,2850.0,3176.1,278.2,79.14,99,56,86,2752.6,3050.9,47.0,8,0
1783012634.555,476.170,300.0,79.14,99,63,89,2580.7,2168.7,300.1,79.15,100,62,86,2835.9,3399.4,292.1,79.15,99,53,89,2839.3,3336.6,278.2,79.14,100,56,86,2759.5,2986.7,47.0,8,0
1783012634.996,476.612,300.0,79.14,100,63,89,2580.3,2149.3,300.0,79.15,100,62,86,2828.1,3464.1,291.7,79.15,99,54,89,2836.8,3276.4,278.8,79.14,99,57,86,2743.7,2809.6,47.0,8,0
1783012635.439,477.055,300.0,79.14,100,63,89,2643.7,2165.4,300.2,79.15,100,63,86,2830.5,3479.8,291.7,79.15,99,54,89,2840.6,3414.0,278.8,79.14,99,57,86,2788.9,2882.5,47.0,8,0
1783012635.882,477.497,300.0,79.14,99,63,89,2659.7,2098.3,300.2,79.15,100,63,86,2840.1,3640.5,291.4,79.15,100,53,89,3021.7,3558.8,278.7,79.14,99,57,86,2745.3,3161.3,47.0,8,0
1783012636.328,477.943,300.0,79.14,100,63,89,2634.7,2275.1,300.3,79.15,100,63,86,2824.5,3328.6,291.7,79.15,99,54,89,2826.3,3323.5,279.0,79.14,99,57,86,2753.5,3165.1,47.0,8,0
1783012637.210,478.825,300.0,79.14,100,63,89,2622.4,2135.3,299.9,79.15,99,63,86,2859.6,3333.3,292.4,79.15,100,54,89,2806.6,3338.9,278.4,79.14,99,57,86,2744.8,2824.0,47.0,8,0
1783012637.652,479.267,300.0,79.14,99,63,89,2580.9,2162.0,299.4,79.15,99,62,86,2837.0,3465.0,291.9,79.15,100,54,89,3327.0,4120.9,278.2,79.14,100,57,86,2742.0,2962.7,47.0,8,0
1783012638.104,479.719,300.0,79.14,99,63,89,2602.5,2162.8,299.9,79.15,99,63,86,2852.3,3312.3,292.3,79.15,100,54,89,2824.1,3357.0,278.6,79.14,99,57,86,2752.0,2903.9,47.0,8,0
1783012638.548,480.164,300.0,79.14,100,63,89,2642.2,2168.8,300.1,79.15,100,63,86,2834.2,3393.4,292.2,79.15,100,54,89,2858.7,3481.8,278.4,79.14,100,56,86,2747.6,2863.3,47.0,8,0
1783012638.995,480.610,300.0,79.14,100,63,89,2621.1,2152.0,300.1,79.15,100,62,86,2832.3,3359.3,292.2,79.15,100,54,89,2812.0,3333.1,278.5,79.14,100,57,86,2754.7,2965.4,47.0,8,0
1783012639.438,481.053,300.0,79.14,100,63,89,2648.8,2151.9,300.2,79.15,100,63,86,2853.0,3239.0,292.2,79.15,100,54,89,2811.2,3280.0,278.5,79.14,100,57,86,2759.7,2901.0,47.0,8,0
1783012639.880,481.495,300.0,79.14,100,63,89,2594.3,2169.6,300.2,79.15,100,63,86,2862.4,3904.2,292.1,79.15,99,54,89,3159.6,3128.8,278.8,79.14,99,57,86,2761.5,2834.2,47.0,8,0
1783012640.331,481.946,300.0,79.14,100,63,89,2618.3,2185.4,300.0,79.15,100,62,86,2844.8,3568.6,291.8,79.15,99,53,89,2855.0,3394.8,278.6,79.14,99,56,86,2752.9,2878.1,47.0,8,0
1783012640.776,482.391,300.0,79.14,100,63,89,2663.5,2151.0,299.8,79.15,99,62,86,2839.0,3527.4,291.9,79.15,99,54,89,2820.3,3456.7,278.6,79.14,99,57,86,2854.2,3066.5,47.0,8,0
1783012641.228,482.844,299.9,79.14,100,63,89,2623.0,2132.4,300.0,79.15,99,62,86,2844.4,3264.6,292.2,79.15,100,54,89,2824.9,3352.1,278.9,79.14,99,56,86,2751.3,2929.4,47.0,8,0
1783012641.672,483.287,300.0,79.14,100,63,89,2623.3,2144.0,300.3,79.15,100,62,86,2843.8,3774.3,292.5,79.15,99,54,89,3051.1,3353.0,278.9,79.14,99,57,86,2787.8,2992.4,48.0,8,0
1783012642.126,483.741,300.0,79.14,100,63,89,2604.4,2152.0,300.2,79.15,99,63,86,2814.0,3400.1,292.1,79.15,100,54,89,2846.3,3369.4,278.9,79.14,99,57,86,2744.0,2820.8,48.0,8,0
1783012642.576,484.191,300.0,79.14,100,63,89,2641.3,2185.6,299.9,79.15,100,62,86,2867.2,3273.5,291.8,79.15,99,53,89,2817.5,3292.3,278.3,79.14,99,56,86,2762.4,3442.4,48.0,8,0
1783012643.023,484.638,300.0,79.14,100,63,89,2600.8,2152.2,299.9,79.15,100,63,86,2780.7,3474.4,292.4,79.15,100,54,89,2960.0,3461.4,278.3,79.14,99,57,86,2756.0,3133.1,48.0,8,0
1783012643.467,485.083,300.0,79.14,99,63,89,2597.4,2153.4,300.3,79.15,99,63,86,2825.7,3482.8,293.1,79.15,100,54,89,2818.5,3523.6,279.1,79.14,99,57,86,2750.4,3025.2,48.0,8,0
1783012643.910,485.525,300.0,79.14,99,63,89,2600.7,2168.8,300.1,79.15,100,63,86,2842.8,3465.0,293.1,79.15,100,54,89,2813.5,3346.0,279.1,79.14,99,57,86,2724.5,2917.3,48.0,8,0
1783012644.353,485.969,300.0,79.14,100,63,89,2600.7,2202.1,300.1,79.15,100,63,86,2801.9,3335.3,293.1,79.15,99,54,89,2853.7,3306.7,279.2,79.14,100,57,86,2763.4,2986.1,48.0,8,0
1783012644.798,486.413,299.9,79.14,100,63,89,2644.3,2135.6,299.7,79.15,99,62,86,2825.0,3432.6,292.7,79.15,100,53,89,2823.7,3356.3,278.6,79.14,99,57,86,2760.6,3172.0,48.0,8,0
1783012645.243,486.859,300.0,79.14,100,63,89,2602.1,2185.4,299.7,79.15,100,63,86,2830.4,3243.5,292.9,79.15,99,54,89,2818.2,3411.4,278.7,79.14,100,57,86,2731.0,3033.7,48.0,8,0
1783012645.686,487.301,300.0,79.14,99,63,89,1.1,2.2,299.7,79.15,100,63,86,20705.8,17105.7,293.2,79.15,100,54,89,20746.5,17201.2,278.3,79.14,88,50,86,20748.5,17187.8,,,
1783012647.109,488.724,299.6,79.14,100,49,89,2.2,4.5,303.8,79.15,99,52,86,3.4,17150.5,292.3,79.15,100,43,90,20311.5,482.2,287.0,79.14,100,49,87,2.6,4.9,48.0,8,0
1783012647.553,489.168,298.8,79.14,100,55,90,3.7,5.6,296.7,79.15,100,49,86,19526.4,17104.0,290.7,79.15,100,37,89,2.2,5.5,277.6,79.14,100,38,86,12390.7,14855.7,48.0,8,0
1783012647.998,489.613,294.5,79.14,100,42,90,11876.9,5.7,287.5,79.15,100,43,86,2.1,17113.3,283.1,79.15,99,34,89,20744.4,6.4,269.7,79.14,100,39,86,3.9,13869.4,48.0,8,0
1783012648.453,490.068,295.8,79.14,100,46,91,20712.7,15722.9,288.6,79.15,100,45,86,679.1,12.5,283.1,79.15,99,34,89,2514.8,15181.7,269.9,79.14,100,40,86,19577.2,6.4,48.0,8,0
1783012648.897,490.513,295.8,79.14,100,46,91,17859.2,7958.3,288.6,79.15,100,45,86,3.9,8.1,276.6,79.15,100,40,89,20763.7,16954.2,269.9,79.14,100,40,86,3.7,10.2,48.0,8,0
1783012649.343,490.958,301.2,79.14,100,49,90,10381.7,4.7,289.0,79.15,100,45,85,1.9,1360.4,281.4,79.15,100,37,89,18349.0,16723.6,271.5,79.14,100,42,86,1.8,4.7,48.0,8,0
1783012649.787,491.402,303.0,79.14,100,52,90,16730.2,5.2,294.6,79.15,100,53,86,2.9,1123.8,284.7,79.15,100,39,90,18417.4,16710.5,275.4,79.14,100,50,87,4.7,5.0,48.0,8,0
1783012650.235,491.851,300.4,79.14,100,47,89,12419.9,4.7,294.6,79.15,100,46,86,2.0,5051.8,286.8,79.15,100,43,89,18106.4,13135.9,277.2,79.14,100,42,85,2.0,4.8,48.0,8,0
1783012650.677,492.293,299.1,79.14,100,49,90,2.6,4.5,293.4,79.15,100,49,86,5.0,13668.4,284.7,79.15,100,37,89,18628.6,2964.1,275.3,79.14,100,45,87,4.7,5.0,48.0,8,0
1783012651.128,492.743,300.1,79.14,100,47,90,2.0,4.9,293.6,79.15,100,46,85,20222.6,17105.1,284.4,79.15,100,42,90,4.2,5.7,275.6,79.14,100,39,86,10629.3,14856.7,48.0,8,0
1783012651.571,493.186,297.3,79.14,100,45,89,20704.6,5.7,289.8,79.15,99,45,85,3.3,15522.7,282.7,79.15,100,31,89,17658.3,2852.9,274.4,79.14,100,36,87,2.7,3854.3,48.0,8,0
1783012652.015,493.630,297.9,79.14,100,44,90,17176.0,18320.9,287.5,79.15,100,40,86,1051.3,17105.7,275.0,79.15,98,20,88,20257.7,17187.3,262.9,79.14,100,8,88,1.9,4.5,48.0,8,0
1783012652.461,494.076,293.6,79.14,100,50,90,20711.2,15479.8,285.4,79.15,100,48,86,1065.5,4.1,275.0,79.15,98,20,88,2.7,3.6,269.3,79.14,100,45,86,19725.6,17213.0,48.0,8,0
1783012652.913,494.528,293.6,79.14,100,50,90,2.7,4.0,291.8,79.15,100,47,86,20232.0,17109.4,277.4,79.15,100,51,90,4.2,4.5,269.3,79.14,100,45,86,2.3,5621.0,48.0,8,0
1783012653.361,494.977,294.7,79.14,100,49,89,2.7,4.4,291.8,79.15,100,47,86,1.9,17144.6,287.0,79.15,100,43,90,20751.1,5.1,282.4,79.14,100,48,87,3.7,4.7,48.0,8,0
1783012653.804,495.420,300.4,79.14,100,52,90,2.1,5.0,300.9,79.15,100,54,86,20219.2,17106.1,291.9,79.15,100,37,89,2.1,5.5,281.9,79.14,100,45,87,9638.9,13482.1,48.0,8,0
1783012654.251,495.866,297.5,79.14,100,46,89,20429.1,5.6,293.7,79.15,100,46,86,2.1,13748.8,284.6,79.15,100,37,89,16305.1,5972.8,274.1,79.14,99,33,87,2.7,1568.1,48.0,8,0
1783012654.696,496.312,296.2,79.14,100,39,90,2.0,17117.9,288.3,79.15,99,38,86,20709.1,8.3,278.8,79.15,100,35,88,6.1,7509.9,268.1,79.14,100,40,87,16523.0,11969.9,48.0,8,0
1783012655.144,496.760,299.1,79.14,100,49,90,14716.7,13507.5,289.4,79.15,100,57,86,9366.4,5.3,279.3,79.15,100,39,88,2.4,17232.7,271.1,79.14,100,44,87,18698.7,1675.2,48.0,8,0
1783012655.585,497.200,298.3,79.14,100,48,89,20185.6,17110.2,291.8,79.15,100,47,87,1.9,5.4,284.0,79.15,100,37,89,1.9,17237.7,276.8,79.14,100,40,86,20756.4,7.7,48.0,8,0
1783012656.028,497.644,301.0,79.14,100,53,90,20707.5,14778.6,293.4,79.15,100,54,86,1954.4,4.8,285.5,79.15,100,37,89,3.9,11907.8,276.5,79.14,100,48,87,16107.8,7877.6,48.0,8,0
1783012656.470,498.085,300.0,79.14,100,47,89,9873.6,12891.9,293.9,79.15,100,48,87,14900.3,4.9,287.1,79.15,100,45,90,2.4,4994.2,276.9,79.14,100,39,86,16437.4,14578.6,48.0,8,0
1783012656.910,498.525,300.0,79.14,100,47,89,16255.1,13176.7,293.4,79.15,100,56,86,7340.9,7.4,287.1,79.15,100,45,90,2.0,10341.6,276.9,79.14,100,39,86,16128.9,9552.3,48.0,8,0
1783012657.353,498.969,299.6,79.14,100,57,90,16231.0,11063.6,293.4,79.15,100,56,86,2.8,5.5,284.3,79.15,100,38,89,20760.7,14803.1,276.0,79.14,100,44,87,1507.8,10.6,48.0,8,0
1783012657.798,499.413,300.5,79.14,100,46,89,5.2,16450.6,293.6,79.15,100,45,86,16191.4,3786.8,279.7,79.15,100,37,89,2.2,4251.4,274.2,79.14,100,39,87,16540.0,15279.4,48.0,8,0
1783012658.243,499.858,296.6,79.14,100,41,90,21287.0,14168.3,289.6,79.15,100,38,86,20654.6,13646.6,278.6,79.15,100,31,89,20466.0,14987.6,267.0,79.14,100,34,86,18812.4,4.5,6.0,0,7
1783012658.684,500.299,286.3,79.14,100,40,89,1.7,17115.2,276.6,79.15,100,51,86,20707.0,9.8,271.3,79.15,100,53,90,4.7,7.2,261.6,79.14,100,46,87,3181.9,15831.8,6.0,0,7
1783012659.133,500.749,290.8,79.14,100,53,89,1.8,4.6,286.9,79.15,100,53,86,7001.6,14527.9,280.1,79.15,100,47,90,15108.0,4.4,273.6,79.14,100,47,87,1.8,4.3,6.0,0,7
1783012659.577,501.192,301.4,79.14,100,55,90,11720.7,4.6,303.4,79.15,100,63,86,2.0,30.4,296.2,79.15,100,41,88,19695.8,17203.2,286.3,79.14,100,49,87,2.3,5.9,6.0,0,7
1783012660.025,501.640,298.0,79.14,100,48,90,2.7,5.7,293.9,79.15,100,47,85,18906.3,15302.7,292.6,79.15,100,36,89,2396.5,5.6,277.2,79.14,100,38,86,2.0,17234.3,6.0,0,7
1783012660.468,502.084,295.2,79.14,100,45,90,20707.4,6.3,288.8,79.15,100,46,85,3.1,5860.0,282.7,79.15,100,34,90,18296.6,11939.0,273.3,79.14,100,35,87,2.2,5.8,6.0,0,7
1783012660.910,502.525,295.2,79.14,100,45,90,2.0,11410.2,289.5,79.15,100,46,86,17636.2,7476.8,282.7,79.15,100,34,90,5.7,5.3,273.3,79.14,100,35,87,20773.8,17187.2,6.0,0,7
1783012661.354,502.970,297.6,79.14,100,46,90,8745.2,14687.5,289.5,79.15,100,46,86,13868.8,5.6,274.6,79.15,100,37,89,2.1,16594.1,268.5,79.14,99,38,87,19218.7,1198.2,6.0,0,7
1783012661.798,503.414,299.1,79.14,100,47,89,17797.7,10815.7,290.1,79.15,100,46,86,2.8,4.7,281.2,79.15,100,36,89,1083.5,16730.6,272.4,79.14,100,42,86,20749.1,5.0,6.0,0,7
1783012662.241,503.856,301.2,79.14,100,55,90,19295.5,17107.2,293.8,79.15,100,50,87,2.0,5.0,287.0,79.15,100,39,89,3.8,17239.8,275.0,79.14,100,42,87,20756.1,4.8,6.0,0,7
1783012662.684,504.300,301.1,79.14,100,47,89,19747.2,17107.4,295.5,79.15,100,46,86,8.3,11.1,285.4,79.15,100,42,90,9063.1,14990.0,277.4,79.14,100,43,87,13345.2,4.8,6.0,0,7
1783012663.134,504.749,299.0,79.14,100,51,90,20704.7,5.4,295.0,79.15,100,47,86,4.7,4.7,284.4,79.15,100,37,89,18560.7,14604.0,275.5,79.14,100,40,86,2021.2,4.8,6.0,0,7
1783012663.577,505.193,299.9,79.14,100,47,90,1897.5,6.5,293.5,79.15,100,47,86,490.2,17110.3,283.5,79.15,100,38,88,20749.0,7.2,274.0,79.14,100,41,87,3.6,13125.1,6.0,0,7
1783012664.024,505.640,299.6,79.14,100,44,90,18251.0,14019.9,293.6,79.15,100,40,86,3.8,5.9,280.0,79.15,100,34,90,20755.6,17186.3,272.4,79.14,100,35,87,3.2,6.2,6.0,0,7
1783012664.466,506.081,292.7,79.14,98,40,90,8070.3,17109.5,282.0,79.15,98,37,85,20703.6,3561.0,280.0,79.15,100,34,90,20715.3,13273.4,261.1,79.14,100,8,87,18564.5,4.4,9.0,0,6
1783012664.907,506.522,292.7,79.14,98,40,90,2.1,17114.3,285.0,79.15,100,69,86,20705.4,7.1,273.7,79.15,98,7,89,5.5,4.3,261.1,79.14,100,8,87,1073.2,16815.6,9.0,0,6
1783012665.350,506.965,292.5,79.14,100,61,90,3.6,4.4,285.0,79.15,100,69,86,1.9,15205.1,275.6,79.15,100,41,89,15452.1,4936.3,271.6,79.14,100,62,87,2.6,4.4,9.0,0,6
1783012665.791,507.407,297.1,79.14,100,59,90,17815.3,2322.0,296.9,79.15,100,58,86,2.7,4.6,290.4,79.15,100,40,89,7235.3,13366.5,282.7,79.14,100,58,87,16799.9,5.2,9.0,0,6
1783012666.233,507.848,299.5,79.14,100,53,90,20706.1,5.7,295.8,79.15,100,46,85,3.8,8965.0,292.8,79.15,100,36,89,16289.7,10252.7,278.4,79.14,100,39,85,3.0,5.7,9.0,0,6
1783012666.710,508.326,297.3,79.14,100,45,90,20709.1,8.7,294.5,79.15,100,43,86,6.2,17117.1,285.6,79.15,100,34,89,20267.6,8.5,273.2,79.14,100,35,86,2.2,17220.0,9.0,0,6
1783012667.168,508.783,294.5,79.14,100,41,90,8695.0,13521.8,288.0,79.15,100,42,86,15360.5,5.5,277.7,79.15,100,36,89,2.1,15188.1,270.2,79.14,100,40,86,18247.2,1977.0,9.0,0,6
1783012667.611,509.227,297.5,79.14,100,56,90,20707.8,17109.0,288.1,79.15,100,48,86,2.1,5.6,279.8,79.15,100,37,89,4432.9,14252.7,271.1,79.14,100,39,85,17676.1,7.6,9.0,0,6
1783012668.055,509.670,301.0,79.14,100,45,90,19815.7,791.2,294.6,79.15,100,46,86,2.7,4.7,282.4,79.15,100,38,89,10360.6,13301.8,276.2,79.14,100,48,87,13576.2,4.6,9.0,0,6
1783012668.497,510.112,301.0,79.14,100,46,90,16279.4,17081.3,295.6,79.15,100,46,85,2.0,5.5,286.9,79.15,100,44,89,490.0,17130.4,277.4,79.14,100,40,87,20748.7,4.7,9.0,0,6
1783012668.940,510.555,301.0,79.14,100,46,90,20709.9,17108.9,295.1,79.15,100,51,86,6.3,4.9,286.9,79.15,100,44,89,3.5,17233.8,277.4,79.14,100,40,87,18932.1,1437.5,9.0,0,6
1783012669.383,510.998,300.1,79.14,100,48,90,20707.8,17112.4,295.1,79.15,100,51,86,2.8,4.8,286.0,79.15,100,39,89,2.0,17166.7,279.1,79.14,100,43,87,17855.6,2334.0,9.0,0,6
1783012669.825,511.441,300.5,79.14,100,49,90,15938.7,5414.9,294.2,79.15,100,48,85,4.6,5.2,284.2,79.15,100,40,89,20763.3,17195.2,275.1,79.14,100,40,87,3.1,9.0,9.0,0,6
1783012670.269,511.885,300.0,79.14,100,46,90,4.8,17115.5,291.0,79.15,100,46,86,20702.6,6.3,284.4,79.15,100,37,88,2.6,9490.6,270.7,79.14,100,39,86,16626.5,10003.8,9.0,0,6
1783012670.711,512.326,299.2,79.14,100,37,90,24059.3,13592.4,288.2,79.15,100,41,85,28253.8,15087.9,277.7,79.15,100,27,89,20047.9,14605.6,268.6,79.14,100,35,85,3410.0,10.2,12.0,1,6
1783012671.165,512.780,286.9,79.14,100,59,90,20707.9,17111.3,280.1,79.15,100,62,86,1.7,4.3,268.7,79.15,100,44,90,1.8,513.9,263.5,79.14,100,54,87,19714.8,17212.9,12.0,1,6
1783012671.607,513.222,292.4,79.14,100,66,90,2.2,3.8,286.3,79.15,100,62,86,20224.9,17108.0,277.8,79.15,100,41,88,1.9,5.0,271.7,79.14,100,52,87,7.5,17302.1,12.0,1,6
1783012672.056,513.672,300.2,79.14,100,53,90,4.4,6.2,297.4,79.15,100,48,85,12548.7,14601.0,295.8,79.15,100,44,90,9866.6,4.9,283.0,79.14,100,42,85,2.3,2959.7,12.0,1,6
1783012672.501,514.116,297.2,79.14,100,46,90,2.2,17113.8,297.6,79.15,100,44,86,20705.0,5.9,287.3,79.15,100,37,89,9.3,488.4,280.2,79.14,100,36,87,19697.1,17195.5,12.0,1,6
1783012672.942,514.557,297.2,79.14,100,46,90,966.8,6.1,292.1,79.15,100,43,86,4468.8,15206.3,287.3,79.15,100,37,89,17334.5,5.9,280.2,79.14,100,36,87,3.4,17215.5,12.0,1,6
1783012673.384,515.000,299.1,79.14,100,43,90,17409.5,14687.2,292.1,79.15,100,43,86,5123.5,5.3,280.1,79.15,100,36,89,2.1,17217.0,270.4,79.14,100,37,85,20749.5,5.4,12.0,1,6
1783012673.828,515.443,296.7,79.14,100,48,90,17868.9,15232.7,285.6,79.15,100,45,86,3.5,5.2,280.2,79.15,100,37,89,4189.9,15084.6,268.5,79.14,100,41,86,17661.4,11.5,12.0,1,6
1783012674.271,515.887,298.9,79.14,100,45,90,17316.3,5029.7,291.8,79.15,100,47,86,1.9,4.6,280.2,79.15,100,38,89,5149.2,14874.0,275.0,79.14,100,51,87,17358.3,4.7,12.0,1,6
1783012674.713,516.328,300.2,79.14,100,49,89,20710.1,17109.1,294.2,79.15,100,48,87,5.1,9.9,286.1,79.15,100,47,89,1079.1,16744.3,277.6,79.14,100,42,86,20761.3,4.7,12.0,1,6
1783012675.162,516.777,301.1,79.14,100,49,90,20710.2,17111.1,296.4,79.15,100,56,86,1.9,5.1,286.2,79.15,100,40,88,2.0,17246.0,279.9,79.14,100,50,87,20755.9,5.2,12.0,1,6
1783012675.604,517.220,300.8,79.14,100,49,90,20708.8,17107.1,295.3,79.15,100,48,85,1.9,4.8,287.5,79.15,100,42,89,1.9,17249.1,277.7,79.14,100,42,87,20750.0,12.0,12.0,1,6
1783012676.052,517.667,299.7,79.14,100,49,90,17996.5,13773.3,295.8,79.15,100,53,86,2.3,5.4,286.4,79.15,100,38,88,10491.4,15029.6,279.4,79.14,100,43,87,11325.7,5.1,12.0,1,6
1783012676.493,518.109,300.1,79.14,100,45,89,2.1,5.6,294.4,79.15,100,45,86,20709.2,17104.3,279.9,79.15,100,35,88,2.4,6.8,274.6,79.14,99,38,87,13707.3,14710.6,12.0,1,6
1783012676.936,518.551,300.1,79.14,100,45,89,11678.9,17110.7,288.6,79.15,99,44,86,20706.9,5262.8,279.9,79.15,100,35,88,20921.1,10689.7,274.6,79.14,99,38,87,20735.3,17190.7,14.0,1,5
1783012677.387,519.002,298.1,79.14,100,46,90,2.3,4.4,288.6,79.15,99,44,86,8.9,9736.3,277.9,79.15,98,21,88,15374.5,10503.8,264.3,79.14,100,9,89,2.9,4.1,14.0,1,5
1783012677.833,519.448,291.0,79.14,100,50,89,20706.6,16697.4,285.6,79.15,100,47,86,4.6,5.2,277.8,79.15,100,51,90,1.9,4420.2,270.4,79.14,100,43,87,15849.0,15693.2,14.0,1,5
1783012678.276,519.891,291.3,79.14,100,49,89,3.4,9176.8,292.6,79.15,100,47,86,15489.1,10885.1,284.6,79.15,100,43,90,2.8,4.7,280.3,79.14,100,49,87,1086.8,16756.1,14.0,1,5
1783012678.719,520.334,298.9,79.14,100,53,90,9.4,17117.3,301.2,79.15,100,53,86,20709.0,8.1,290.6,79.15,100,37,90,5.2,17228.9,280.2,79.14,100,44,87,20745.9,5.7,14.0,1,5
1783012679.172,520.788,298.3,79.14,100,45,90,3.8,5.7,294.4,79.15,100,46,86,20708.2,17104.1,283.1,79.15,100,36,88,2.8,6.2,273.0,79.14,100,32,87,9022.1,13616.1,14.0,1,5
1783012679.614,521.230,295.2,79.14,100,38,90,16475.9,5702.9,288.0,79.15,100,37,86,2.9,5.0,277.8,79.15,100,35,89,15195.2,13142.4,267.3,79.14,100,39,85,8739.2,11.1,14.0,1,5
1783012680.057,521.672,299.4,79.14,100,55,90,9370.4,5.4,288.0,79.15,100,55,86,1.9,6043.6,279.1,79.15,100,38,89,16559.8,13327.3,270.9,79.14,100,43,87,2.0,5.2,14.0,1,5
1783012680.499,522.115,300.1,79.14,100,46,90,1.9,4.7,291.9,79.15,100,45,86,1.9,17122.1,282.2,79.15,100,39,90,20662.8,5.3,277.1,79.14,100,43,87,2.9,5.2,14.0,1,5
1783012680.940,522.556,300.1,79.14,100,46,90,6.6,4.9,293.4,79.15,100,49,86,6.1,17142.2,282.2,79.15,100,39,90,18353.1,1914.8,277.1,79.14,100,43,87,3.1,4.9,14.0,1,5
1783012681.386,523.001,300.4,79.14,100,54,90,2.2,4.5,293.4,79.15,100,49,86,2.9,12930.9,285.5,79.15,100,39,89,16442.3,5197.2,275.4,79.14,100,40,86,2.8,5.4,14.0,1,5
1783012681.829,523.445,300.7,79.14,100,48,89,2.9,4.6,294.9,79.15,100,47,86,494.0,17128.9,285.7,79.15,100,43,90,20745.4,5.0,277.1,79.14,100,39,87,2.0,10.2,14.0,1,5
1783012682.272,523.887,299.7,79.14,100,55,90,4.6,4.9,295.0,79.15,100,47,86,20428.9,17107.1,284.4,79.15,100,37,89,2.4,5.8,276.8,79.14,100,39,86,8932.5,13551.9,14.0,1,5
1783012682.715,524.331,300.1,79.14,100,43,90,20709.5,9.8,291.7,79.15,100,42,86,4.6,15039.9,282.4,79.15,100,36,88,16090.6,4619.3,271.1,79.14,100,39,86,10.1,3330.6,14.0,1,5
1783012683.166,524.781,295.6,79.14,100,35,90,26103.3,14532.2,286.4,79.15,100,39,85,20977.5,14117.5,276.0,79.15,100,28,89,20535.4,15994.4,268.2,79.14,100,36,85,20744.4,17184.8,17.0,2,5
1783012683.609,525.224,286.8,79.14,100,59,90,2.2,4.1,278.8,79.15,100,62,86,2303.8,15263.0,267.3,79.15,100,44,89,19687.4,4.6,262.5,79.14,100,55,87,8.0,10.1,17.0,2,5
1783012684.056,525.672,292.1,79.14,100,66,90,20705.2,4.3,287.2,79.15,100,64,86,2.8,4.4,277.8,79.15,100,41,89,11154.0,14589.6,271.5,79.14,100,54,87,11328.0,4.6,17.0,2,5
1783012684.498,526.113,300.3,79.14,100,56,90,20707.5,17077.8,298.2,79.15,100,49,85,2.0,4.8,295.8,79.15,100,41,89,1.9,9901.6,284.2,79.14,100,42,86,17744.1,8612.4,17.0,2,5
1783012684.940,526.555,300.3,79.14,100,56,90,17838.8,11063.6,296.8,79.15,100,45,86,6.7,5.6,295.8,79.15,100,41,89,20761.4,17195.9,284.2,79.14,100,42,86,9.5,5.6,17.0,2,5
1783012685.385,527.000,297.3,79.14,100,47,90,1.9,17114.0,296.8,79.15,100,45,86,20704.5,5.7,286.2,79.15,100,37,88,2.1,11803.7,278.5,79.14,100,36,87,17729.7,6548.8,17.0,2,5
1783012685.828,527.444,297.3,79.14,100,44,90,2.0,4.9,291.9,79.15,100,42,86,2.8,17109.2,279.6,79.15,100,36,89,20744.9,5.3,270.5,79.14,100,37,85,3.7,514.5,17.0,2,5
1783012686.272,527.887,297.0,79.14,100,48,90,3.5,4.8,285.3,79.15,100,45,86,15562.6,14801.9,279.7,79.15,100,38,89,6309.3,4.9,269.0,79.14,100,41,87,2.4,13838.0,17.0,2,5
1783012686.728,528.344,298.9,79.14,100,45,90,5.2,17121.5,292.1,79.15,100,47,86,20709.7,6.8,279.6,79.15,100,39,89,2.8,4.8,274.7,79.14,100,51,87,17107.6,14466.3,17.0,2,5
1783012687.178,528.793,300.2,79.14,100,49,89,3.5,8756.2,295.1,79.15,100,47,86,17608.3,10132.0,286.3,79.15,100,47,90,2.8,4.8,278.2,79.14,100,41,86,1598.9,15917.2,17.0,2,5
1783012687.621,529.237,300.9,79.14,100,49,90,1.8,4.0,296.1,79.15,100,57,86,20232.1,17111.0,286.9,79.15,100,39,88,3.1,7.9,280.2,79.14,100,50,87,13.3,17263.5,17.0,2,5
1783012688.066,529.681,300.5,79.14,100,48,90,3.9,3.6,294.6,79.15,100,47,85,20220.4,17110.3,285.8,79.15,100,41,89,3.5,4.8,277.4,79.14,100,42,87,1.9,17264.2,17.0,2,5
1783012688.508,530.123,299.1,79.14,100,49,90,2.8,720.9,295.2,79.15,100,52,86,18611.0,17106.2,285.1,79.15,100,39,88,2.0,5.5,278.7,79.14,100,43,87,8032.7,14716.0,17.0,2,5
1783012688.952,530.567,300.1,79.14,100,45,89,17892.3,4392.4,294.8,79.15,100,45,86,4.3,56.7,285.1,79.15,100,39,88,19379.1,17189.6,278.7,79.14,100,43,87,3.0,6.0,17.0,2,5
1783012689.403,531.018,300.1,79.14,100,45,89,14285.3,22677.9,287.6,79.15,100,45,86,2121.9,17202.7,279.8,79.15,100,35,88,17289.8,12279.4,274.0,79.14,100,38,87,20786.1,3718.0,20.0,2,4
1783012689.848,531.463,298.5,79.14,100,42,90,20704.4,4.3,287.6,79.15,98,43,86,4.7,4.0,277.8,79.15,98,19,89,1035.6,16786.1,263.6,79.14,100,9,89,20760.6,6.1,20.0,2,4
1783012690.291,531.906,295.1,79.14,100,50,90,2.8,7525.7,286.8,79.15,100,55,86,17217.7,11695.9,280.0,79.15,100,45,90,2.8,4.7,272.8,79.14,100,49,87,2.1,17290.7,20.0,2,4
1783012690.732,532.348,294.7,79.14,100,48,90,5.5,11.6,294.4,79.15,100,55,86,5008.7,13158.5,286.6,79.15,100,39,88,18922.7,4.8,281.8,79.14,100,56,87,3.5,4.8,20.0,2,4
1783012691.181,532.796,300.8,79.14,100,53,90,4.6,5.7,297.6,79.15,100,54,86,18535.1,13345.7,290.9,79.15,100,37,88,5099.5,5.7,280.1,79.14,100,39,87,1080.5,16736.3,20.0,2,4
1783012691.624,533.240,297.7,79.14,100,46,90,16927.9,3629.3,294.3,79.15,100,44,86,2.0,7.1,286.0,79.15,100,35,90,20757.4,16405.0,272.1,79.14,99,34,87,10.3,8.4,20.0,2,4
1783012692.075,533.690,296.2,79.14,99,38,90,3.5,17117.0,288.0,79.15,100,39,86,20705.4,4.7,278.6,79.15,100,36,89,2.7,4.4,270.0,79.14,100,39,87,20778.0,17189.3,20.0,2,4
1783012692.516,534.132,299.0,79.14,100,55,90,17373.2,13178.6,286.7,79.15,100,55,86,6970.2,5.0,279.5,79.15,100,38,88,1.8,9449.8,270.5,79.14,100,42,87,16091.6,10506.0,20.0,2,4
1783012692.958,534.573,300.8,79.14,100,47,91,20708.4,17111.7,292.8,79.15,100,45,86,4.3,4.7,279.5,79.15,100,38,88,5.2,16837.5,276.9,79.14,100,42,87,17261.8,2866.7,20.0,2,4
1783012693.402,535.018,300.8,79.14,100,47,91,18547.7,13062.4,292.8,79.15,100,45,86,6488.8,4.6,282.2,79.15,100,40,89,2.3,4165.3,276.9,79.14,100,42,87,15804.6,16156.6,20.0,2,4
1783012693.866,535.481,301.1,79.14,100,55,90,19488.1,17110.9,293.7,79.15,100,55,86,3.1,4.7,285.4,79.15,100,38,88,3.6,16010.6,276.8,79.14,100,44,87,18058.0,2032.8,20.0,2,4
1783012694.309,535.924,299.7,79.14,100,48,89,16087.7,16899.3,294.3,79.15,100,47,85,1.8,4.6,287.9,79.15,100,45,90,2.0,17238.6,277.0,79.14,100,39,86,19803.3,762.1,20.0,2,4
1783012694.750,536.366,301.4,79.14,100,58,90,20268.7,17109.0,296.3,79.15,100,57,86,4.7,8.0,284.7,79.15,100,38,89,3135.8,14643.9,278.9,79.14,100,44,87,20382.1,5.6,20.0,2,4
1783012695.193,536.809,299.3,79.14,100,46,91,8.3,6.0,293.6,79.15,100,45,86,20705.3,17104.5,281.4,79.15,100,35,90,2.3,5.6,276.1,79.14,100,40,87,7039.6,13956.5,20.0,2,4
1783012695.638,537.253,296.5,79.14,100,43,90,20704.8,5.9,289.4,79.15,100,38,86,9.0,13037.5,278.5,79.15,100,32,89,24333.7,17191.1,269.4,79.14,100,32,87,20755.1,17217.7,23.0,3,4
1783012696.089,537.704,287.4,79.14,100,29,89,20710.8,17108.5,277.4,79.15,100,39,85,2.6,4.0,271.5,79.15,100,56,90,2.0,3.3,262.3,79.14,100,47,86,20812.9,16504.7,23.0,3,4
1783012696.531,538.146,291.3,79.14,100,53,89,1.8,4.3,286.2,79.15,100,50,86,5176.2,14504.2,281.2,79.15,100,55,90,17334.3,4.5,273.5,79.14,100,43,86,4.3,4.4,23.0,3,4
1783012696.972,538.588,299.5,79.14,100,49,90,20709.6,4.6,300.3,79.15,100,55,86,1.9,4.3,292.4,79.15,100,42,90,20785.2,17203.7,287.8,79.14,100,51,87,2.6,4.7,23.0,3,4
1783012697.416,539.031,299.5,79.14,100,49,90,20705.4,5.4,295.0,79.15,100,48,86,2.1,3915.7,292.4,79.15,100,42,90,17843.1,14332.2,287.8,79.14,100,51,87,2.1,6.0,23.0,3,4
1783012697.858,539.473,298.4,79.14,100,56,90,10051.0,14757.0,295.0,79.15,100,48,86,12351.9,11.7,288.7,79.15,100,37,89,1078.0,17703.2,277.4,79.14,100,39,86,16330.8,5.7,23.0,3,4
1783012698.307,539.922,294.6,79.14,100,43,89,2.0,4.7,288.5,79.15,100,44,86,20461.8,17104.5,282.2,79.15,99,34,89,2.3,4.8,271.2,79.14,100,38,86,1.9,17244.8,23.0,3,4
1783012698.749,540.365,296.4,79.14,100,46,89,9.0,17114.4,289.1,79.15,100,46,86,20706.5,4.7,276.0,79.15,100,40,89,2.5,4.9,270.7,79.14,100,39,87,20566.3,14445.5,23.0,3,4
1783012699.194,540.809,300.7,79.14,100,47,90,19369.1,14312.0,289.2,79.15,100,45,85,3599.8,10.4,282.0,79.15,100,37,89,1.9,12048.2,271.5,79.14,100,42,86,17474.8,6689.9,23.0,3,4
1783012699.638,541.253,302.7,79.14,100,54,90,13434.6,14511.5,294.8,79.15,100,54,86,9865.3,4.6,284.5,79.15,100,39,89,2.0,8981.5,275.7,79.14,100,51,87,19464.3,6464.7,23.0,3,4
1783012700.088,541.703,300.7,79.14,100,47,89,18185.7,14538.8,295.3,79.15,100,46,87,4642.8,4.5,285.7,79.15,100,44,89,2.3,3058.1,277.9,79.14,100,41,86,17526.4,15517.6,23.0,3,4
1783012700.529,542.144,298.9,79.14,100,47,90,20707.5,15586.5,296.8,79.15,100,50,86,862.2,4.6,284.6,79.15,100,37,90,2.4,7753.2,276.0,79.14,100,45,87,17322.9,10742.2,23.0,3,4
1783012700.971,542.586,299.9,79.14,100,48,89,20709.1,17110.8,294.1,79.15,100,46,85,2.0,5.1,284.9,79.15,100,42,89,664.0,16753.0,276.0,79.14,100,40,87,20745.9,5.0,23.0,3,4
1783012701.415,543.030,299.9,79.14,100,48,89,2.1,5.9,290.4,79.15,100,45,86,12508.9,15142.1,284.9,79.15,100,42,89,9298.1,5.7,276.0,79.14,100,40,87,2.5,17241.3,23.0,3,4
1783012701.857,543.472,296.3,79.14,100,45,90,19132.1,1403.5,290.4,79.15,100,45,86,4.8,3492.9,282.1,79.15,99,33,89,27609.0,6803.4,274.5,79.14,100,38,86,20754.6,17188.4,26.0,3,3
1783012702.300,543.915,297.9,79.14,100,45,89,2.2,4.2,288.7,79.15,99,45,86,15270.7,13084.2,273.7,79.15,98,28,88,8708.5,4.8,264.2,79.14,100,7,86,1.8,3.9,26.0,3,3
1783012702.744,544.359,293.9,79.14,100,51,91,15670.6,3710.7,285.4,79.15,100,48,86,3.6,12.0,277.6,79.15,100,58,90,2836.3,14944.8,268.8,79.14,100,44,86,20580.8,4.5,26.0,3,3
1783012703.193,544.808,295.3,79.14,100,49,90,3.4,17115.8,292.0,79.15,100,47,86,20704.7,5.9,286.9,79.15,100,49,90,2.8,5.0,279.4,79.14,100,43,86,19148.7,12922.4,26.0,3,3
1783012703.637,545.253,300.6,79.14,100,48,90,1.9,15122.2,300.2,79.15,100,51,86,15659.7,5230.0,287.7,79.15,100,37,88,5.2,9.4,284.0,79.14,100,45,87,19708.4,17214.8,26.0,3,3
1783012704.082,545.698,298.0,79.14,100,46,89,12471.6,6.0,294.3,79.15,100,45,85,2.1,17110.2,284.3,79.15,100,36,90,20747.2,5.7,276.9,79.14,100,33,86,2.1,8633.7,26.0,3,3
1783012704.525,546.141,296.3,79.14,100,42,90,20708.5,17107.4,287.4,79.15,100,39,86,2.1,5.1,277.9,79.15,100,33,89,1067.1,16734.3,267.1,79.14,100,38,87,20754.9,4.9,26.0,3,3
1783012704.967,546.582,298.9,79.14,100,48,90,20708.1,4.7,288.8,79.15,100,48,86,1.9,4.5,278.2,79.15,100,33,89,20766.3,15173.9,271.0,79.14,100,45,87,934.5,4.7,26.0,3,3
1783012705.413,547.028,298.9,79.14,100,48,90,16027.4,5.2,289.4,79.15,100,48,85,2.6,8601.8,278.2,79.15,100,40,90,15975.5,10981.9,271.0,79.14,100,45,87,2.7,4.9,26.0,3,3
1783012705.855,547.470,300.8,79.14,100,51,90,11294.4,4.5,289.4,79.15,100,48,85,3.7,17.4,284.2,79.15,100,38,89,19694.9,17199.9,275.1,79.14,100,40,87,5.9,4.8,26.0,3,3
1783012706.299,547.915,301.4,79.14,100,47,90,20705.5,4.4,295.2,79.15,100,51,86,2.7,4.5,285.0,79.15,100,38,88,18066.0,13150.2,277.3,79.14,100,47,87,6387.1,4.7,26.0,3,3
1783012706.741,548.356,302.0,79.14,100,54,90,20708.6,10.7,295.4,79.15,100,47,85,4.1,9.7,285.6,79.15,100,38,89,19700.0,17195.1,277.0,79.14,100,40,86,1.9,4.5,26.0,3,3
1783012707.192,548.807,298.6,79.14,100,48,90,18710.3,4.5,293.2,79.15,100,49,86,3.1,6.0,285.4,79.15,100,39,89,19694.1,17193.3,276.0,79.14,100,45,87,2.1,5.2,26.0,3,3
1783012707.634,549.249,298.0,79.14,100,45,90,2.1,3843.7,293.1,79.15,100,45,86,17197.1,15210.9,282.9,79.15,100,37,89,3.1,9.0,275.7,79.14,100,39,85,20773.7,17197.2,26.0,3,3
1783012708.079,549.695,297.2,79.14,99,44,90,6384.5,5.9,288.2,79.15,100,43,85,799.4,16442.9,279.7,79.15,100,28,89,20750.1,6.9,269.4,79.14,100,31,86,2.7,15856.3,29.0,4,3
1783012708.523,550.138,286.7,79.14,100,14,90,14969.0,4.3,277.0,79.15,100,23,85,1.9,4.2,269.0,79.15,100,50,89,20774.8,16247.2,260.4,79.14,100,46,86,2.7,4.1,29.0,4,3
1783012708.965,550.580,291.6,79.14,100,52,89,561.1,16592.2,284.7,79.15,100,49,85,20707.7,4.4,269.0,79.15,100,50,89,4.4,4.5,270.0,79.14,100,43,86,13935.1,14817.5,29.0,4,3
1783012709.411,551.026,291.6,79.14,100,52,89,2.9,4.3,297.9,79.15,100,47,86,20727.6,16383.0,279.1,79.15,100,56,90,2.2,4.9,270.0,79.14,100,43,86,2.5,11536.3,29.0,4,3
1783012709.857,551.472,297.8,79.14,100,50,89,2.8,5.1,297.9,79.15,100,47,86,20726.8,17109.4,291.7,79.15,100,48,90,3.8,8.9,287.8,79.14,100,44,87,17546.6,15696.3,29.0,4,3
1783012710.310,551.925,299.9,79.14,100,54,90,20705.8,5.9,297.2,79.15,100,52,86,3.1,15273.7,289.2,79.15,100,36,89,17951.3,2871.0,278.7,79.14,100,39,85,3.6,984.7,29.0,4,3
1783012710.753,552.369,295.6,79.14,100,40,90,20714.9,17114.0,288.7,79.15,100,43,85,7.2,5.2,284.3,79.15,100,34,89,5363.7,15158.2,270.5,79.14,100,38,86,15903.8,5.2,29.0,4,3
1783012711.200,552.816,295.2,79.14,100,46,90,17621.8,4.7,286.5,79.15,100,44,85,1.9,4.0,276.4,79.15,100,40,89,20280.9,17192.4,270.9,79.14,100,40,86,2.0,4.7,29.0,4,3
1783012711.643,553.258,300.6,79.14,100,51,90,4031.7,4.8,290.0,79.15,100,46,85,2.8,10931.8,279.6,79.15,100,37,89,21214.9,4650.3,271.3,79.14,100,41,86,6.7,10.0,29.0,4,3
1783012712.089,553.704,302.6,79.14,100,49,90,47.2,4.4,294.4,79.15,100,53,86,1.9,6763.9,283.1,79.15,100,38,88,17685.4,11696.9,278.2,79.14,100,49,87,1.9,4.7,29.0,4,3
1783012712.530,554.146,301.2,79.14,100,51,90,11493.9,4.5,294.4,79.15,100,47,85,2.7,6.9,286.2,79.15,100,39,89,19712.1,17193.9,277.5,79.14,100,41,85,1.9,4.8,29.0,4,3
1783012712.972,554.587,299.2,79.14,100,46,90,15608.2,4.7,294.1,79.15,100,46,86,5.8,1178.0,285.7,79.15,100,38,89,17850.8,16959.5,278.9,79.14,100,46,87,2.0,4.6,29.0,4,3
1783012713.415,555.030,299.2,79.14,100,46,90,12717.4,10.6,294.0,79.15,100,47,85,1.8,3355.9,285.7,79.15,100,38,89,17622.3,15133.7,278.9,79.14,100,46,87,2.8,5.4,29.0,4,3
1783012713.860,555.476,299.4,79.14,100,50,90,2.6,3571.3,294.0,79.15,100,47,85,18271.8,14252.9,284.5,79.15,100,39,89,2.7,11.6,276.4,79.14,100,40,86,20774.1,17189.4,29.0,4,3
1783012714.305,555.920,298.3,79.14,99,41,90,9004.1,5.6,290.3,79.15,100,41,86,2.0,17118.0,284.1,79.15,100,34,89,20748.3,5.9,270.4,79.14,100,38,87,2.2,9354.5,32.0,4,2
1783012714.748,556.363,297.9,79.14,100,47,89,8.3,17114.5,288.9,79.15,100,47,86,19204.9,931.7,276.6,79.15,98,32,89,2.4,4.6,265.8,79.14,98,10,88,1118.8,16846.0,32.0,4,2
1783012715.193,556.808,283.5,79.14,100,63,89,9625.4,4.2,280.8,79.15,100,47,85,2.7,4.2,272.7,79.15,100,35,89,18328.6,12913.1,265.8,79.14,100,51,87,6197.0,4.6,32.0,4,2
1783012715.635,557.250,285.3,79.14,100,62,90,20707.3,14155.1,288.1,79.15,100,53,86,3008.8,4.4,281.2,79.15,100,39,89,1.8,495.9,276.4,79.14,100,43,87,19720.5,17199.0,32.0,4,2
1783012716.080,557.695,295.2,79.14,100,51,90,1.7,17113.5,299.0,79.15,100,47,86,20707.9,4.6,290.3,79.15,100,44,89,4.4,4.7,282.4,79.14,100,39,87,19490.6,13259.0,32.0,4,2
1783012716.521,558.136,299.1,79.14,100,44,90,17972.4,2273.6,296.9,79.15,100,43,86,3.0,3664.2,285.8,79.15,100,36,89,16935.1,15529.8,277.2,79.14,100,38,86,2.2,6.1,32.0,4,2
1783012716.961,558.576,298.0,79.14,100,42,90,5630.0,13855.6,288.6,79.15,100,44,85,18130.0,5.7,285.8,79.15,100,36,89,5.9,14902.5,269.7,79.14,100,38,85,16070.7,5019.3,32.0,4,2
1783012717.401,559.017,298.0,79.14,100,42,90,20706.4,5.1,288.6,79.15,100,44,85,3.5,4.8,278.7,79.15,100,29,89,16632.8,13099.4,269.7,79.14,100,38,85,5264.3,4.8,32.0,4,2
1783012717.845,559.461,296.3,79.14,100,44,90,15383.7,4.5,286.5,79.15,100,45,85,2.8,9.2,279.6,79.15,100,41,89,20772.5,17194.7,271.0,79.14,100,40,86,7.8,7.3,32.0,4,2
1783012718.290,559.906,300.8,79.14,100,50,90,14140.9,4.5,294.1,79.15,100,58,86,2.7,3.8,280.3,79.15,100,38,88,20290.0,17195.7,274.0,79.14,100,42,87,2.4,5.2,32.0,4,2
1783012718.732,560.347,300.6,79.14,100,48,90,20707.7,11.9,294.1,79.15,100,47,86,8.2,6.8,285.2,79.15,100,45,89,17125.9,13019.1,276.4,79.14,100,41,87,7193.4,4.7,32.0,4,2
1783012719.176,560.791,300.0,79.14,100,48,90,20626.5,7.2,295.1,79.15,100,52,86,4.3,4.7,285.0,79.15,100,39,88,17515.0,13277.3,279.2,79.14,100,47,87,6428.5,4.9,32.0,4,2
1783012719.619,561.234,300.0,79.14,100,48,90,20706.1,5.2,293.5,79.15,100,48,86,2.7,4.8,285.0,79.15,100,45,89,18435.2,19002.8,276.7,79.14,100,40,87,12.6,7.6,32.0,4,2
1783012720.067,561.682,299.5,79.14,100,46,90,5.8,5.3,293.5,79.15,100,47,86,16859.0,14465.2,284.1,79.15,100,36,90,5565.9,5.9,272.1,79.14,100,37,87,2700.1,15044.3,32.0,4,2
1783012720.513,562.128,299.1,79.14,100,45,90,20102.8,523.5,291.1,79.15,100,43,86,2.9,5720.7,277.9,79.15,100,33,89,16911.2,13313.7,269.2,79.14,100,34,86,3.0,5.8,32.0,4,2
1783012720.953,562.568,287.3,79.14,100,11,89,13866.9,7.3,276.0,79.15,100,12,84,2.1,4.0,277.9,79.15,100,33,89,20769.2,17193.0,269.2,79.14,100,34,86,5.7,4.6,35.0,5,2
1783012721.397,563.012,287.3,79.14,100,11,89,12888.9,14188.2,276.0,79.15,100,12,84,10496.1,4.3,266.8,79.15,100,24,90,1.8,4.3,262.0,79.14,100,58,87,14585.5,14783.0,35.0,5,2
1783012721.841,563.456,292.5,79.14,100,71,90,1.8,4.1,285.4,79.15,100,59,86,20727.7,17109.8,277.5,79.15,100,42,89,3.1,4.5,271.8,79.14,100,52,87,7.0,2254.8,35.0,5,2
1783012722.287,563.903,296.1,79.14,100,54,90,2.7,4.8,292.9,79.15,100,48,85,11648.6,14473.9,291.6,79.15,100,44,89,10750.9,4.9,284.7,79.14,100,43,86,2.4,534.1,35.0,5,2
1783012722.731,564.346,296.9,79.14,100,46,89,15606.5,21259.6,300.1,79.15,100,47,86,8.4,8.4,288.7,79.15,100,40,90,11017.0,16601.4,283.0,79.14,100,38,87,9020.3,6.1,35.0,5,2
1783012723.181,564.796,298.7,79.14,100,42,90,2.2,17114.1,293.4,79.15,100,37,86,19715.5,855.6,279.0,79.15,100,33,90,3.7,1353.2,272.1,79.14,100,36,87,18456.3,16739.3,35.0,5,2
1783012723.621,565.237,296.3,79.14,99,46,90,20132.4,457.7,285.9,79.15,100,45,86,2.7,4.5,279.1,79.15,100,37,89,11133.5,19231.8,265.3,79.14,100,40,86,4048.8,7.7,35.0,5,2
1783012724.067,565.682,298.9,79.14,100,46,90,12157.4,4.5,289.0,79.15,100,49,86,5.4,2162.2,279.6,79.15,100,37,88,18133.5,16002.8,271.4,79.14,100,41,87,3.0,5.3,35.0,5,2
1783012724.513,566.128,299.9,79.14,100,50,89,254.9,4.3,292.4,79.15,100,49,85,1.9,6253.0,285.3,79.15,100,44,89,17657.8,12176.2,278.3,79.14,100,41,85,2.3,4.6,35.0,5,2
1783012724.953,566.569,301.4,79.14,100,50,90,12773.5,7.4,294.4,79.15,100,52,86,1.8,139.7,285.3,79.15,100,44,89,19114.0,17192.5,278.3,79.14,100,41,85,4.9,5.4,35.0,5,2
1783012725.397,567.013,301.4,79.14,100,50,90,19254.5,5.3,294.4,79.15,100,52,86,2.8,4.1,286.6,79.15,100,38,90,20768.1,17198.7,278.3,79.14,100,48,87,2.0,4.9,35.0,5,2
1783012725.841,567.456,299.5,79.14,100,46,89,15348.9,4.6,293.7,79.15,100,46,86,1.8,6.9,285.9,79.15,100,43,89,19697.6,17195.6,276.3,79.14,100,40,86,6.5,7.6,35.0,5,2
1783012726.287,567.902,299.6,79.14,100,50,90,2.4,5.3,294.5,79.15,100,52,86,8767.4,14790.6,284.4,79.15,100,38,90,13395.9,6.0,276.0,79.14,100,47,87,3.0,17242.1,35.0,5,2
1783012726.729,568.344,299.8,79.14,100,46,89,18154.4,2135.5,293.3,79.15,100,45,86,8.8,11264.2,280.6,79.15,100,34,88,17918.6,7168.4,272.8,79.14,100,35,87,2.1,5.4,35.0,5,2
1783012727.183,568.798,297.8,79.14,100,44,90,20707.3,17108.9,285.8,79.15,100,44,86,3.5,4.3,279.4,79.15,100,36,89,3.5,8220.5,268.0,79.14,98,28,85,15903.0,11860.3,38.0,5,1
1783012727.625,569.241,294.7,79.14,100,62,90,8.8,4.1,283.8,79.15,100,61,86,20252.2,16392.3,277.0,79.15,100,42,89,2.6,7.0,270.5,79.14,100,59,87,8.5,551.3,38.0,5,1
1783012728.075,569.690,296.2,79.14,100,62,90,2.0,4.3,291.8,79.15,100,61,86,10.2,2921.4,283.9,79.15,100,40,89,16928.9,14924.7,277.7,79.14,100,52,87,1.9,4.3,38.0,5,1
1783012728.521,570.136,299.1,79.14,100,58,90,20705.0,5.3,298.3,79.15,100,49,85,2.8,4.8,293.2,79.15,100,36,89,17091.2,13029.0,283.6,79.14,100,39,85,7195.9,4.6,38.0,5,1
1783012728.962,570.578,298.9,79.14,100,45,90,2.6,9.0,296.1,79.15,100,43,86,14115.4,13487.9,293.2,79.15,100,36,89,9302.7,5.9,277.7,79.14,100,38,87,492.8,16754.1,38.0,5,1
1783012729.410,571.025,298.9,79.14,100,45,90,16829.4,3214.6,289.1,79.15,100,42,86,2.1,3463.5,286.1,79.15,100,36,89,16651.7,15775.6,277.7,79.14,100,38,87,2.9,5.6,38.0,5,1
1783012729.851,571.467,297.3,79.14,100,43,90,2.8,4.6,289.1,79.15,100,42,86,20222.1,17104.8,277.5,79.15,100,32,89,2.4,7.7,269.7,79.14,100,37,87,9.2,17245.2,38.0,5,1
1783012730.294,571.909,296.7,79.14,100,45,90,2.8,8748.4,284.3,79.15,100,44,85,16139.6,11362.6,279.5,79.15,100,39,89,3.5,4.7,269.4,79.14,100,41,86,136.1,17038.9,38.0,5,1
1783012730.736,572.351,300.9,79.14,100,48,90,4.8,11999.2,292.5,79.15,100,53,86,15725.5,8237.9,279.9,79.15,100,39,88,2.0,4.6,275.3,79.14,100,40,87,2156.5,15539.6,38.0,5,1
1783012731.180,572.796,300.7,79.14,100,49,90,2.3,3310.2,293.8,79.15,100,48,85,16403.3,16896.6,285.4,79.15,100,42,89,1.9,4.9,276.6,79.14,100,40,86,2.3,17262.0,38.0,5,1
1783012731.622,573.237,300.4,79.14,100,48,90,1.9,4.6,294.6,79.15,100,49,86,20230.7,17108.3,286.0,79.15,100,38,89,9.1,7.6,278.6,79.14,100,49,87,3541.7,13247.1,38.0,5,1
1783012732.078,573.694,299.7,79.14,100,48,90,1.9,17116.3,293.7,79.15,100,46,85,18011.8,2124.0,284.7,79.15,100,42,89,2.8,5.0,276.8,79.14,100,40,86,16701.1,14896.5,38.0,5,1
1783012732.522,574.138,299.6,79.14,100,45,90,20706.8,17106.3,293.1,79.15,100,46,86,2.1,5.6,283.7,79.15,100,37,90,6623.6,13780.4,272.7,79.14,100,38,87,17311.5,5.9,38.0,5,1
1783012732.964,574.579,300.4,79.14,100,44,90,2.2,17116.8,291.2,79.15,100,44,86,17775.4,2250.0,283.7,79.15,100,37,90,3.5,6165.2,269.8,79.14,100,35,86,16485.0,13090.7,38.0,5,1
1783012733.414,575.030,300.4,79.14,100,44,90,20396.7,14982.3,277.5,79.15,100,12,84,6196.3,4.4,278.5,79.15,100,33,89,1.8,483.3,269.8,79.14,100,35,86,19700.1,17202.9,41.0,6,1
1783012733.857,575.472,287.4,79.14,100,12,90,2.7,4.0,277.5,79.15,100,12,84,17221.9,14160.7,268.3,79.15,100,25,89,5565.9,7.0,261.4,79.14,100,58,87,11.0,4.1,41.0,6,1
1783012734.299,575.914,291.9,79.14,100,70,90,3680.3,4.5,284.3,79.15,100,60,86,1.8,22.5,276.9,79.15,100,42,89,19708.8,17197.1,270.3,79.14,100,52,87,1.8,4.2,41.0,6,1
1783012734.743,576.358,295.7,79.14,100,52,90,19931.5,9.1,298.6,79.15,100,48,85,7.2,6.8,291.2,79.15,100,46,89,20770.4,16012.6,283.3,79.14,100,43,85,36.6,5.1,41.0,6,1
1783012735.666,577.281,298.9,79.14,100,42,90,2.4,4855.9,292.8,79.15,100,37,86,29003.3,4312.6,279.2,79.15,100,34,89,14.2,11567.7,271.6,79.14,100,39,87,17556.3,5264.9,41.0,6,1
1783012736.126,577.741,296.3,79.14,100,46,90,20705.2,4.7,285.5,79.15,100,46,86,3.7,4.6,278.4,79.15,100,38,89,20763.6,17199.0,266.1,79.14,100,40,85,2.1,4.7,41.0,6,1
1783012736.567,578.183,299.3,79.14,100,46,90,7199.8,4.5,288.5,79.15,100,50,86,2.0,951.8,279.7,79.15,100,37,89,18225.3,16871.0,273.0,79.14,100,42,87,4.3,5.6,41.0,6,1
1783012737.009,578.624,300.6,79.14,100,50,89,5840.8,5.2,292.9,79.15,100,49,85,1.8,1193.1,285.4,79.15,100,44,90,18249.3,16716.9,277.5,79.14,100,42,86,2.7,4.8,41.0,6,1
1783012737.454,579.069,300.6,79.14,100,49,90,17513.8,4.5,294.9,79.15,100,53,86,2.3,4.0,285.4,79.15,100,44,90,20773.8,17188.3,277.5,79.14,100,42,86,4.1,4.6,41.0,6,1
1783012737.896,579.511,300.6,79.14,100,49,90,20704.4,4.5,294.9,79.15,100,53,86,4.5,7.2,285.6,79.15,100,38,89,17987.1,14309.3,279.5,79.14,100,48,87,4763.4,12.3,41.0,6,1
1783012738.338,579.953,299.7,79.14,100,46,90,20706.3,5.1,294.3,79.15,100,45,85,2.7,4.8,286.3,79.15,100,44,89,16808.5,14442.8,277.2,79.14,100,41,86,5903.3,4.7,41.0,6,1
1783012738.781,580.397,299.0,79.14,100,48,90,9467.6,5.2,295.5,79.15,100,54,86,3.7,15490.2,285.2,79.15,100,38,89,17772.4,2631.9,278.6,79.14,100,47,87,2.1,1458.4,41.0,6,1
1783012739.229,580.844,300.1,79.14,100,46,90,20708.1,17109.2,293.3,79.15,100,45,86,4.2,5.8,281.7,79.15,100,33,89,8925.4,14799.7,275.3,79.14,100,35,86,13341.1,5.7,41.0,6,1
1783012739.672,581.288,297.8,79.14,100,46,90,20704.7,17105.1,288.5,79.15,100,44,86,20704.4,11.3,280.0,79.15,100,37,90,9.3,9.2,267.0,79.14,98,36,87,7728.4,13545.0,43.0,6,0
1783012740.120,581.735,295.0,79.14,100,53,90,4.5,4.1,285.7,79.15,100,60,86,502.6,17151.8,275.6,79.15,100,42,88,20753.3,4.6,270.9,79.14,100,59,87,2.8,4.3,43.0,6,0
1783012740.563,582.178,296.0,79.14,100,56,90,20705.9,4.7,292.2,79.15,100,60,86,2.9,4.5,284.0,79.15,100,40,89,3882.4,13842.8,277.8,79.14,100,51,87,19683.3,5.0,43.0,6,0
1783012741.008,582.623,299.6,79.14,100,60,90,20710.1,17109.5,300.3,79.15,100,52,86,3.8,4.9,294.7,79.15,100,37,89,3.9,14399.8,279.9,79.14,100,39,86,16101.4,5730.8,43.0,6,0
1783012741.450,583.066,297.7,79.14,100,46,90,20705.2,5.5,294.1,79.15,100,43,86,2.3,7692.9,294.7,79.15,100,37,89,16443.4,11857.3,279.9,79.14,100,39,86,3.1,5.8,43.0,6,0
1783012741.892,583.507,297.7,79.14,100,46,90,11968.9,13487.7,294.1,79.15,100,43,86,12060.3,9.3,286.0,79.15,100,36,89,6.4,17213.1,277.6,79.14,100,38,87,20745.1,5.7,43.0,6,0
1783012742.335,583.950,297.4,79.14,100,43,90,8428.5,13.2,288.3,79.15,100,42,86,8.1,17123.2,278.3,79.15,100,33,89,20748.5,5.4,270.2,79.14,100,37,86,2.8,4.8,43.0,6,0
1783012742.784,584.399,297.8,79.14,100,45,90,2.0,7.7,285.8,79.15,100,44,86,10938.0,13413.8,279.1,79.15,100,38,88,12769.0,4.6,269.4,79.14,100,41,87,2.7,3.8,43.0,6,0
1783012743.227,584.842,299.3,79.14,100,47,89,4.2,4.5,290.9,79.15,100,49,86,7867.0,13398.2,282.1,79.15,100,42,89,15987.8,4.7,275.8,79.14,100,42,87,2.6,4.0,43.0,6,0
1783012743.671,585.287,300.8,79.14,100,58,90,2.0,4.7,293.1,79.15,100,49,86,5.0,17142.0,285.1,79.15,100,38,88,20756.9,9.4,276.6,79.14,100,40,86,7.6,4.5,43.0,6,0
1783012744.119,585.735,300.3,79.14,100,48,90,4.0,5.0,294.4,79.15,100,48,86,1.9,17140.3,285.8,79.15,100,47,90,20748.7,6.1,277.0,79.14,100,42,86,1.9,4.7,43.0,6,0
1783012744.564,586.179,300.9,79.14,100,53,90,2.4,4.8,294.4,79.15,100,52,86,2.1,17137.4,285.5,79.15,100,39,89,20748.6,5.6,278.7,79.14,100,42,87,4.4,5.2,43.0,6,0
1783012745.007,586.622,299.1,79.14,100,46,90,2.9,5.6,293.4,79.15,100,45,86,20712.8,17107.7,284.5,79.15,100,39,89,5.4,5.7,275.7,79.14,100,38,87,3988.6,14283.8,43.0,6,0
1783012745.453,587.068,297.6,79.14,100,45,89,20707.5,6.4,291.8,79.15,100,46,86,2.2,9054.5,284.5,79.15,100,39,89,16399.9,10400.5,275.7,79.14,100,38,87,3.8,5.7,43.0,6,0
1783012745.895,587.510,297.6,79.14,100,45,89,2934.0,2518.3,291.8,79.15,100,46,86,3344.1,2804.1,279.5,79.15,100,35,89,2778.6,2642.6,272.7,79.14,100,32,86,2739.4,2410.4,46.0,7,0
1783012746.347,587.962,297.7,79.14,100,58,90,2642.8,2323.3,286.0,79.15,99,61,85,2829.3,3291.0,277.5,79.15,99,52,89,2799.8,3014.3,266.5,79.14,99,55,86,2744.6,2646.9,46.0,8,0
1783012746.792,588.407,302.8,79.14,100,62,89,2624.3,2170.5,291.3,79.15,99,62,85,2852.1,3514.9,283.1,79.15,99,54,89,2849.7,3409.2,272.1,79.14,99,56,86,2756.1,3323.2,46.0,8,0
1783012747.241,588.856,305.2,79.14,99,62,89,2764.2,2202.5,298.2,79.15,99,62,85,2880.3,3300.8,287.6,79.15,99,53,89,2827.9,3088.3,276.0,79.14,100,55,86,2770.2,2792.0,46.0,8,0
1783012747.684,589.299,300.6,79.14,99,62,89,2726.5,2155.6,298.0,79.15,100,61,85,3061.0,3345.6,287.3,79.15,99,52,89,3092.6,3468.3,274.8,79.14,99,56,86,2743.2,2725.7,46.0,8,0
1783012748.134,589.749,299.9,79.14,99,62,89,2681.8,2220.6,297.0,79.15,99,62,85,2880.9,3252.6,286.5,79.15,100,53,89,2845.9,3240.1,274.0,79.14,100,56,86,2756.3,2640.6,46.0,8,0
1783012748.576,590.191,300.0,79.14,100,62,89,2832.6,2204.1,296.9,79.15,99,62,85,2868.4,3318.1,286.7,79.15,99,53,89,2830.3,3173.4,274.3,79.14,99,56,86,2778.1,3188.0,47.0,8,0
1783012749.022,590.638,300.0,79.14,99,62,89,2663.4,2204.3,297.4,79.15,99,62,85,2880.2,3338.2,287.1,79.15,99,53,89,2838.5,3401.6,274.6,79.14,99,55,86,2762.0,2776.4,47.0,8,0
1783012749.468,591.084,299.9,79.14,100,62,89,2682.6,2203.6,297.7,79.15,99,62,85,2842.1,3280.1,287.1,79.15,99,53,89,2850.5,3186.7,274.5,79.14,99,55,86,2751.5,2688.8,47.0,8,0
1783012749.911,591.526,299.9,79.14,100,62,89,2682.0,2219.3,297.5,79.15,99,62,85,2857.0,3323.6,287.0,79.15,100,52,89,2866.4,3035.8,274.5,79.14,99,55,86,2760.8,2847.3,47.0,8,0
1783012750.356,591.971,300.0,79.14,100,62,89,2786.6,2216.2,297.5,79.15,99,62,85,2858.0,3413.0,287.1,79.15,99,52,89,2837.8,3149.2,274.5,79.14,99,55,86,2830.4,2738.8,47.0,8,0
1783012750.800,592.415,300.0,79.14,99,62,89,2644.6,2201.8,297.7,79.15,99,62,85,2872.6,3373.0,287.9,79.15,100,53,89,2861.0,3219.2,275.2,79.14,99,56,86,2751.6,2839.7,47.0,8,0
1783012751.243,592.858,300.0,79.14,99,62,89,2661.6,2186.3,298.2,79.15,99,62,85,2893.9,3389.0,288.3,79.15,99,53,89,2832.2,3201.3,275.7,79.14,99,56,86,2760.7,2817.9,47.0,8,0
1783012751.687,593.303,299.9,79.14,99,62,89,2641.4,2422.4,298.2,79.15,99,62,85,2867.2,3825.3,287.9,79.15,99,52,89,2862.6,3213.7,275.1,79.14,100,55,86,2753.4,2704.7,47.0,8,0
1783012752.139,593.755,300.0,79.14,99,62,89,2676.3,2187.2,297.8,79.15,100,62,85,2840.4,3306.2,287.8,79.15,100,53,89,2825.9,3247.8,274.8,79.14,100,56,86,2764.9,2877.0,47.0,8,0
1783012752.583,594.199,300.0,79.14,100,62,89,2661.5,2219.2,298.1,79.15,99,62,85,2895.5,3358.9,288.3,79.15,100,52,89,2866.4,3082.0,274.9,79.14,99,56,86,2834.2,2800.2,47.0,8,0
1783012753.028,594.644,300.0,79.14,99,62,89,2643.0,2198.9,298.2,79.15,99,62,85,2852.7,3535.1,288.5,79.15,100,53,89,2843.8,3214.9,275.2,79.14,100,56,86,2735.0,2866.9,47.0,8,0
1783012753.472,595.087,300.0,79.14,99,62,89,2642.0,2185.4,298.2,79.15,100,62,85,2863.8,3349.3,288.5,79.15,100,53,89,2849.0,3131.2,275.3,79.14,100,56,86,2747.2,2887.0,47.0,8,0
1783012753.916,595.531,300.0,79.14,99,62,89,2663.3,2228.1,298.4,79.15,99,62,85,2868.6,3299.7,288.8,79.15,100,53,89,2876.5,3458.5,275.3,79.14,100,56,86,2817.2,2785.7,47.0,8,0
1783012754.364,595.979,300.0,79.14,99,62,89,2641.2,2202.1,298.4,79.15,99,62,85,2852.6,3405.7,289.0,79.15,99,53,89,2826.0,3169.1,275.4,79.14,99,55,85,2761.6,2820.5,47.0,8,0
1783012754.814,596.429,300.0,79.14,99,62,89,2661.6,2185.5,298.0,79.15,99,62,85,2873.6,3309.1,289.0,79.15,99,53,89,2807.7,3222.8,275.3,79.14,99,56,86,2756.3,2750.4,47.0,8,0
1783012755.256,596.871,300.0,79.14,99,62,89,2621.2,2182.2,298.1,79.15,99,62,85,2859.3,3363.2,289.0,79.15,99,52,89,2836.1,3157.7,275.1,79.14,99,56,86,2744.8,2947.8,47.0,8,0
1783012755.697,597.312,300.0,79.14,100,62,89,2661.5,2224.3,298.6,79.15,100,62,85,2970.4,3553.1,289.2,79.15,99,53,89,2839.2,3295.0,275.2,79.14,99,56,85,2766.2,2826.4,47.0,8,0
1783012756.145,597.760,300.0,79.14,99,62,89,2642.3,2218.9,298.4,79.15,100,62,85,2857.8,3319.9,289.1,79.15,100,53,89,2831.4,3238.6,275.2,79.14,100,56,86,2763.8,2820.3,47.0,8,0
1783012756.588,598.203,300.0,79.14,99,62,89,2620.9,2185.8,298.5,79.15,100,62,85,2869.3,3323.1,289.3,79.15,99,53,89,2826.0,3162.5,275.3,79.14,99,56,85,2754.9,2805.4,47.0,8,0
1783012757.032,598.647,300.0,79.14,99,62,89,2602.5,2185.5,298.9,79.15,100,62,85,2865.0,3370.7,289.6,79.15,99,53,89,2847.1,3189.3,275.8,79.14,100,56,86,2755.7,2876.8,47.0,8,0
1783012757.477,599.092,300.0,79.14,99,62,89,2641.3,2179.1,299.8,79.15,99,62,85,2857.3,3360.7,290.4,79.15,100,53,89,2816.8,3207.0,276.2,79.14,100,56,86,2761.6,2852.5,47.0,8,0
1783012757.924,599.539,300.0,79.14,99,62,89,2631.5,2286.5,299.5,79.15,100,62,85,3079.7,3350.5,290.4,79.15,100,53,89,2827.1,3242.3,276.2,79.14,100,56,86,2742.0,2833.1,47.0,8,0
1783012758.374,599.990,299.9,79.14,99,62,89,2661.6,2183.2,299.5,79.15,100,62,85,2843.2,3327.4,290.3,79.15,99,53,89,2806.0,3132.4,275.8,79.14,99,56,85,2748.1,2795.4,47.0,8,0
1783012758.818,600.433,300.0,79.14,99,62,89,2623.4,2202.3,299.2,79.15,99,62,85,2857.6,3350.0,289.6,79.15,99,53,89,2841.1,3384.5,275.4,79.14,99,56,85,3241.7,2873.2,47.0,8,0
1783012759.264,600.880,300.0,79.14,100,62,89,2658.4,2197.3,299.4,79.15,100,62,85,2852.9,3341.3,289.4,79.15,99,53,89,2834.7,3213.9,275.7,79.14,99,56,86,2753.1,2822.5,47.0,8,0
1783012759.707,601.322,300.0,79.14,100,62,89,3121.7,2202.5,299.4,79.15,100,62,85,3347.5,3483.6,289.6,79.15,99,53,89,2816.6,3180.3,275.9,79.14,100,56,86,2898.2,2753.9,47.0,8,0
1783012760.162,601.777,300.0,79.14,99,62,89,2641.3,2176.0,299.7,79.15,99,62,85,2865.0,3316.7,290.2,79.15,100,53,89,2828.4,3079.3,276.3,79.14,100,56,85,2748.0,2783.1,47.0,8,0
1783012760.603,602.218,299.9,79.14,99,62,89,2667.0,2185.6,299.5,79.15,99,62,85,3013.9,3408.6,289.9,79.15,99,53,89,2837.2,3285.6,276.2,79.14,99,56,86,2759.2,2837.7,47.0,8,0
1783012761.051,602.667,300.0,79.14,100,62,89,2601.7,2187.5,299.2,79.15,100,62,85,2896.0,3317.0,289.4,79.15,99,53,89,2842.0,3134.1,275.7,79.14,100,56,85,2764.2,2705.4,47.0,8,0
1783012761.493,603.108,300.0,79.14,99,62,89,2661.6,2167.9,299.4,79.15,99,62,85,2883.9,3446.0,289.6,79.15,99,53,89,2836.7,3211.7,275.9,79.14,100,56,85,2757.9,2812.8,47.0,8,0
1783012761.934,603.549,300.0,79.14,99,62,89,2705.2,2188.2,299.2,79.15,99,62,85,2876.6,3480.8,289.6,79.15,99,53,89,2795.0,3284.9,275.9,79.14,100,56,85,2788.9,2851.3,47.0,8,0
1783012762.376,603.991,300.0,79.14,99,62,89,2661.6,2202.5,299.2,79.15,99,62,85,2843.9,3359.9,289.2,79.15,99,52,89,2824.8,3326.4,275.9,79.14,99,56,86,2801.7,2842.9,48.0,8,0
1783012762.817,604.433,300.0,79.14,99,62,89,2621.0,2202.3,299.0,79.15,99,62,85,2867.0,3354.8,289.2,79.15,100,53,89,2819.7,3307.4,275.7,79.14,100,56,85,2982.8,2893.9,48.0,8,0
1783012763.261,604.876,300.0,79.14,100,62,89,2635.3,2185.5,299.0,79.15,99,62,85,2845.5,3331.7,289.6,79.15,100,53,89,2828.7,3313.3,275.7,79.14,100,56,85,2767.3,2819.8,48.0,8,0
1783012763.702,605.318,300.0,79.14,99,62,89,2644.8,2372.4,299.2,79.15,100,62,85,2864.2,3331.8,289.8,79.15,99,53,89,2892.2,3265.5,275.9,79.14,99,56,86,2769.2,2869.2,48.0,8,0
1783012764.151,605.766,300.0,79.14,99,62,89,2621.3,2257.7,299.2,79.15,100,62,85,2876.5,3246.9,289.9,79.15,100,53,89,2826.5,3188.1,275.8,79.14,99,56,86,2782.5,2725.3,48.0,8,0
1783012764.599,606.214,300.0,79.14,99,62,89,2641.3,2202.2,299.4,79.15,99,62,85,2885.1,3379.2,289.5,79.15,99,53,89,3251.1,3304.8,276.0,79.14,99,56,86,2773.7,2856.3,48.0,8,0
1783012765.048,606.663,300.0,79.14,100,63,89,2621.5,2163.8,299.3,79.15,99,62,85,2855.7,3435.6,289.3,79.15,99,53,89,2822.9,3243.7,276.5,79.14,100,56,86,2786.5,2935.0,48.0,8,0
1783012765.492,607.107,300.0,79.14,100,62,89,2621.0,2206.0,299.6,79.15,99,62,85,2868.9,3341.4,289.9,79.15,100,53,89,2821.6,3203.5,276.4,79.14,99,56,86,2752.7,2791.1,48.0,8,0
1783012765.933,607.549,300.0,79.14,100,62,89,2704.7,2238.2,299.7,79.15,99,62,85,2870.9,3446.0,289.9,79.15,100,53,89,2836.3,3322.4,276.4,79.14,99,56,86,2788.6,2781.0,48.0,8,0
1783012766.378,607.993,300.0,79.14,100,62,89,2621.0,2185.4,299.7,79.15,99,62,85,2831.5,3331.7,290.3,79.15,99,53,89,2846.3,3303.5,276.1,79.14,99,56,85,2761.3,2795.8,48.0,8,0
1783012766.822,608.438,300.0,79.14,99,62,89,17603.9,17415.0,299.4,79.15,99,62,85,17063.3,17071.2,290.1,79.15,99,53,89,16956.4,16820.9,276.0,79.14,99,56,86,18235.6,15962.8,,,
1783012768.241,609.857,301.7,79.14,100,63,90,20571.9,15061.6,298.5,79.15,99,57,86,1428.9,4.7,288.5,79.15,99,41,90,1.9,10405.1,283.2,79.14,100,48,87,17397.8,8504.9,48.0,8,0
1783012768.686,610.301,296.6,79.14,100,46,89,20706.6,8.9,294.5,79.15,100,46,85,7.2,17126.7,290.8,79.15,100,43,89,20755.0,8.8,280.4,79.14,100,39,86,7.2,17239.3,48.0,8,0
1783012769.148,610.763,296.9,79.14,100,44,90,17792.0,5084.8,294.1,79.15,100,42,86,2.2,1737.8,280.9,79.15,100,31,88,18432.2,16233.5,274.1,79.14,100,36,86,2.1,5.6,48.0,8,0
1783012769.589,611.204,297.8,79.14,100,46,90,2.9,5.3,288.2,79.15,100,46,86,19654.7,17103.9,275.4,79.15,100,38,89,1.9,4.7,267.0,79.14,100,43,86,3.5,17259.6,48.0,8,0
1783012770.031,611.646,298.9,79.14,100,47,90,3.7,11337.5,288.8,79.15,100,45,86,17878.4,7316.6,281.2,79.15,100,41,90,3.5,4.6,270.8,79.14,100,40,86,1266.9,16188.2,48.0,8,0
1783012770.473,612.089,300.8,79.14,100,56,90,1.9,14732.2,290.2,79.15,100,50,85,18697.6,3088.6,281.2,79.15,100,41,90,3.4,4.5,274.6,79.14,100,41,85,5348.7,14703.0,48.0,8,0
1783012770.916,612.532,300.8,79.14,100,56,90,2.6,3093.8,294.2,79.15,100,47,86,18027.2,15382.2,285.6,79.15,100,39,89,3.5,4.7,274.6,79.14,100,41,85,1.8,17263.9,48.0,8,0
1783012771.358,612.973,300.9,79.14,100,48,89,2.8,5.4,294.2,79.15,100,47,86,20716.2,17106.9,286.1,79.15,100,40,90,1.9,4.8,277.8,79.14,100,44,86,2.3,15008.9,48.0,8,0
1783012771.800,613.415,300.2,79.14,100,50,90,5.1,4.6,296.7,79.15,100,48,86,20723.1,17107.7,285.2,79.15,100,38,88,3.3,4.9,276.2,79.14,100,40,86,1.9,17257.7,48.0,8,0
1783012772.243,613.858,299.0,79.14,100,47,89,3.8,17115.2,294.1,79.15,100,46,86,20708.7,5.9,286.6,79.15,100,40,90,2.1,239.8,275.5,79.14,100,44,86,19705.6,17210.4,48.0,8,0
1783012772.684,614.300,297.8,79.14,100,46,89,5207.3,8.3,292.4,79.15,100,45,85,3515.0,14879.3,281.9,79.15,100,32,90,17383.0,8.3,275.8,79.14,100,37,86,7.1,17233.0,48.0,8,0
1783012773.129,614.745,297.6,79.14,100,45,90,20707.4,17111.1,288.5,79.15,100,46,86,9102.3,17481.9,279.3,79.15,100,36,88,16142.7,10359.4,265.6,79.14,98,34,86,1.7,9.8,48.0,8,0
1783012773.573,615.188,294.5,79.14,100,50,90,15848.4,14855.0,285.5,79.15,100,58,86,2.1,4.1,273.6,79.15,100,41,90,1.8,4676.4,268.2,79.14,100,56,87,15428.3,15767.6,48.0,8,0
1783012774.014,615.630,295.7,79.14,100,50,90,1.9,1621.8,292.4,79.15,100,60,86,17556.9,17109.3,283.7,79.15,100,40,90,1.9,4.6,277.8,79.14,100,51,87,1.8,10057.0,48.0,8,0
1783012774.457,616.073,301.5,79.14,100,59,90,1.8,5.1,299.4,79.15,100,57,86,505.4,17109.9,283.7,79.15,100,40,90,20747.8,4.9,277.8,79.14,100,51,87,4.2,4.7,48.0,8,0
1783012774.899,616.515,301.5,79.14,100,59,90,3.2,3138.5,299.4,79.15,100,57,86,16868.1,16346.9,294.4,79.15,100,37,89,6.4,6.2,280.6,79.14,100,39,87,17048.3,13371.4,48.0,8,0
1783012775.343,616.959,297.6,79.14,100,46,89,18942.3,5.6,295.6,79.15,100,45,86,3.2,15480.6,285.9,79.15,100,35,88,16051.0,4300.9,273.8,79.14,100,38,87,2.1,3175.2,48.0,8,0
1783012775.784,617.400,296.3,79.14,100,42,90,2.4,17117.8,289.8,79.15,99,43,86,18645.9,1662.8,278.6,79.15,100,33,89,3.0,5.0,268.9,79.14,100,36,85,20774.4,17187.0,48.0,8,0
1783012776.226,617.841,298.4,79.14,100,45,90,4261.4,13545.1,285.6,79.15,100,45,86,19695.0,6.2,279.5,79.15,100,38,90,4.0,6745.8,269.5,79.14,100,44,87,18823.2,9124.1,48.0,8,0
1783012776.670,618.285,298.3,79.14,100,47,89,20707.8,14740.8,289.8,79.15,100,48,86,1817.3,7.8,281.9,79.15,100,46,90,8.1,17242.6,274.6,79.14,100,39,86,19366.9,1088.0,48.0,8,0
1783012777.119,618.734,300.6,79.14,100,57,90,16308.2,13087.7,294.8,79.15,100,51,86,8398.8,4.8,285.8,79.15,100,38,88,2.0,4872.5,276.1,79.14,100,40,86,15991.1,15278.5,48.0,8,0
1783012777.558,619.174,300.5,79.14,100,47,91,1.9,17116.6,294.7,79.15,100,47,86,20706.4,5.4,287.7,79.15,100,47,90,2.8,4.8,276.5,79.14,100,41,86,20786.0,17195.4,48.0,8,0
1783012777.998,619.614,300.0,79.14,100,51,90,3.8,17115.4,293.2,79.15,100,52,86,20705.2,4.9,284.4,79.15,100,39,89,2.7,4.6,276.8,79.14,100,42,87,20784.1,16954.6,48.0,8,0
1783012778.440,620.055,300.0,79.14,100,51,90,16277.9,13191.2,293.5,79.15,100,45,86,8048.6,5.6,284.4,79.15,100,39,89,3.7,17227.8,276.8,79.14,100,42,87,20745.1,6.1,48.0,8,0
1783012778.881,620.496,299.5,79.14,100,46,89,2.9,5.8,293.5,79.15,100,45,86,20710.2,17106.1,283.8,79.15,100,37,89,5.5,8.5,274.1,79.14,100,38,86,17887.3,13438.4,48.0,8,0
1783012779.330,620.945,298.9,79.14,100,46,90,17662.0,17281.1,291.8,79.15,100,45,86,17119.6,16721.0,279.3,79.15,100,34,89,16418.6,16709.5,271.3,79.14,100,31,86,17678.7,12467.2,6.0,0,7
1783012779.772,621.388,290.5,79.14,99,10,89,5.2,6.2,278.4,79.15,100,11,85,20225.7,17110.3,267.2,79.15,100,10,90,1.9,4.5,259.7,79.14,100,56,87,1.8,1058.9,6.0,0,7
1783012780.217,621.833,292.3,79.14,100,58,90,2538.7,4.7,286.6,79.15,100,68,86,3.6,846.1,277.3,79.15,100,44,90,18258.9,17190.5,272.1,79.14,100,60,87,2.5,4.6,6.0,0,7
1783012780.659,622.274,294.6,79.14,100,64,90,17645.5,13257.6,300.5,79.15,100,63,86,2.7,7.5,290.4,79.15,100,42,88,1069.8,16774.3,285.8,79.14,100,56,87,20754.1,7.3,6.0,0,7
1783012781.102,622.718,296.7,79.14,100,47,90,20707.2,6.2,294.2,79.15,100,46,86,3.0,4387.9,293.2,79.15,100,45,89,18301.3,13586.9,277.3,79.14,100,40,86,3.8,5.7,6.0,0,7
1783012781.544,623.160,296.1,79.14,100,44,90,5779.7,15200.3,289.8,79.15,100,44,87,16491.3,6.0,282.0,79.15,99,31,90,3.7,17215.5,272.0,79.14,100,39,86,20750.6,6.4,6.0,0,7
1783012781.985,623.601,298.0,79.14,100,46,89,5.4,4.9,288.6,79.15,100,45,86,1.8,17125.4,274.1,79.15,100,38,90,20744.1,5.6,269.8,79.14,100,43,86,2.9,8054.5,6.0,0,7
1783012782.428,624.044,298.0,79.14,100,46,89,9.8,4.8,290.2,79.15,100,47,85,20715.4,17107.0,274.1,79.15,100,38,90,4.4,5.6,269.8,79.14,100,43,86,3406.8,15081.7,6.0,0,7
1783012782.874,624.489,299.7,79.14,100,47,89,1.9,17114.5,290.2,79.15,100,47,85,20704.9,5.0,281.3,79.15,100,43,89,6.0,5.2,271.5,79.14,100,40,86,20797.1,17198.0,6.0,0,7
1783012783.320,624.935,301.6,79.14,100,58,90,9.1,17112.6,293.2,79.15,100,51,86,19601.8,913.4,287.6,79.15,100,38,89,2.1,4.7,273.1,79.14,100,40,85,16498.8,14477.6,6.0,0,7
1783012783.761,625.377,301.0,79.14,100,47,89,8.2,17111.2,295.3,79.15,100,46,86,20122.5,501.4,284.6,79.15,100,40,90,2.0,5.1,277.6,79.14,100,42,86,20507.5,14456.2,6.0,0,7
1783012784.207,625.822,300.0,79.14,100,49,90,5618.3,14422.0,294.2,79.15,100,45,86,17291.4,4.8,285.2,79.15,100,38,89,2.5,247.3,275.4,79.14,100,40,85,19713.9,17192.7,6.0,0,7
1783012784.649,626.264,299.6,79.14,100,47,90,20711.3,17112.0,294.1,79.15,100,48,86,2.9,5.5,283.9,79.15,100,38,89,5373.5,19917.2,275.2,79.14,100,44,87,8810.0,11.4,6.0,0,7
1783012785.097,626.712,299.2,79.14,100,46,89,2.1,9825.9,293.3,79.15,100,45,86,18106.3,8555.0,279.7,79.15,100,35,88,2.2,5.1,272.4,79.14,99,34,86,20221.2,17207.9,6.0,0,7
1783012785.538,627.154,295.8,79.14,100,39,90,15226.3,17021.8,284.4,79.15,100,38,86,4483.1,17104.6,277.2,79.15,100,34,91,20747.3,8187.8,265.5,79.14,98,26,85,20445.9,13557.8,9.0,0,6
1783012785.982,627.597,292.7,79.14,100,63,90,5.1,3.9,281.9,79.15,100,63,86,1052.9,16221.3,274.9,79.15,100,42,89,20752.5,4.3,267.8,79.14,100,58,87,2.6,4.3,9.0,0,6
1783012786.424,628.039,292.7,79.14,100,63,90,15809.4,11407.1,291.5,79.15,100,61,86,4.4,10.2,274.9,79.15,100,42,89,1.7,17269.7,267.8,79.14,100,58,87,20749.2,5.2,9.0,0,6
1783012786.866,628.481,295.6,79.14,100,62,90,1.8,17117.4,291.5,79.15,100,61,86,20706.1,4.7,285.0,79.15,100,40,89,1.9,7.3,278.9,79.14,100,51,87,20597.4,13074.1,9.0,0,6
1783012787.311,628.926,298.8,79.14,100,55,90,11871.4,13487.4,299.6,79.15,100,49,85,10450.2,5.8,293.7,79.15,100,39,89,2.4,17221.3,281.5,79.14,100,39,85,20749.4,5.9,9.0,0,6
1783012787.753,629.368,297.4,79.14,100,45,90,9.7,8.6,295.1,79.15,100,43,86,20711.1,17104.5,286.5,79.15,100,36,89,2.2,5.9,277.1,79.14,100,39,87,8211.5,13606.9,9.0,0,6
1783012788.197,629.813,297.6,79.14,100,42,90,16318.3,4527.6,289.1,79.15,100,43,86,2.9,5.0,278.0,79.15,100,31,89,16135.9,13526.0,268.6,79.14,100,37,86,7587.0,5.3,9.0,0,6
1783012788.638,630.253,296.5,79.14,100,44,90,16943.5,4.6,284.8,79.15,100,46,85,2.4,5.5,279.7,79.15,100,40,89,19703.1,17200.6,269.1,79.14,100,41,85,5.1,10.1,9.0,0,6
1783012789.083,630.698,300.6,79.14,100,49,90,1.8,4.6,293.3,79.15,100,57,86,1.7,17135.3,280.6,79.15,100,38,88,20748.0,4.5,274.5,79.14,100,40,87,2.7,4.8,9.0,0,6
1783012789.527,631.142,299.9,79.14,100,48,90,2.4,4.6,294.7,79.15,100,47,86,3.5,10618.8,285.7,79.15,100,44,89,15890.3,9316.8,276.5,79.14,100,40,86,2.0,4.9,9.0,0,6
1783012789.968,631.583,300.3,79.14,100,48,90,9310.7,7.0,295.0,79.15,100,55,86,2.7,39.0,285.7,79.15,100,44,89,19691.9,17201.0,278.9,79.14,100,48,87,3.5,5.0,9.0,0,6
1783012790.411,632.027,300.3,79.14,100,48,90,4088.9,4.6,295.0,79.15,100,55,86,2.9,5468.6,285.3,79.15,100,39,90,16257.3,14321.8,278.9,79.14,100,48,87,9.8,4.9,9.0,0,6
1783012790.855,632.470,299.3,79.14,100,46,90,3.8,5.4,293.3,79.15,100,46,86,496.8,17110.7,284.5,79.15,100,45,89,20747.1,8.0,275.1,79.14,100,40,87,8.9,5775.0,9.0,0,6
1783012791.297,632.912,299.6,79.14,100,46,90,20709.3,14895.3,291.8,79.15,100,46,86,1679.5,6.5,284.3,79.15,100,37,89,3525.0,14046.7,273.1,79.14,100,39,87,19443.4,6.3,9.0,0,6
1783012791.739,633.354,299.2,79.14,99,42,90,5.4,13585.5,290.1,79.15,100,42,86,22315.3,17103.1,279.2,79.15,100,32,89,20750.1,17195.9,268.7,79.14,100,33,87,20757.2,17089.0,12.0,1,6
1783012792.183,633.799,285.8,79.14,100,12,89,6353.8,3.8,274.4,79.15,100,13,87,2.5,3.8,266.3,79.15,100,30,89,9879.2,14275.7,260.8,79.14,100,57,87,13348.0,4.3,12.0,1,6
1783012792.624,634.240,292.0,79.14,100,71,90,2.2,17115.1,283.8,79.15,100,58,86,20707.5,4.4,277.1,79.15,100,42,89,2.4,7.8,270.0,79.14,100,51,87,20796.2,17220.8,12.0,1,6
1783012793.075,634.690,295.4,79.14,100,53,90,2.9,3.8,294.2,79.15,100,48,85,20217.5,16017.8,293.3,79.15,100,47,89,2.0,4.6,287.0,79.14,100,42,85,1.8,17276.6,12.0,1,6
1783012793.520,635.135,297.2,79.14,100,47,89,2.1,17114.0,299.9,79.15,100,46,86,19337.7,1147.4,288.7,79.15,100,38,89,2.2,2338.6,280.6,79.14,100,38,87,18332.0,15762.3,12.0,1,6
1783012793.962,635.577,298.8,79.14,100,45,90,1083.6,8.1,293.5,79.15,100,41,86,3093.2,15060.5,288.7,79.15,100,38,89,18533.8,6.1,280.6,79.14,100,38,87,3.7,17231.0,12.0,1,6
1783012794.404,636.019,298.8,79.14,100,45,90,20064.8,17108.9,293.5,79.15,100,41,86,2.9,4.9,279.2,79.15,100,35,89,2.3,17222.6,272.0,79.14,100,36,87,20747.6,5.8,12.0,1,6
1783012794.846,636.461,297.0,79.14,100,46,90,20706.5,4.8,286.5,79.15,100,45,86,2.8,4.8,279.8,79.15,100,38,88,20766.7,15477.7,265.7,79.14,100,40,86,669.5,8.2,12.0,1,6
1783012795.289,636.904,299.6,79.14,100,48,90,2.2,4.5,290.2,79.15,100,52,86,1.9,17117.2,280.5,79.15,100,38,89,20107.5,494.3,271.6,79.14,100,38,87,1.8,4.6,12.0,1,6
1783012795.730,637.346,300.2,79.14,100,49,90,5.4,10.4,293.3,79.15,100,48,86,9.4,17133.4,283.9,79.15,100,43,90,20754.2,4.8,278.3,79.14,100,42,86,3.1,4.7,12.0,1,6
1783012796.179,637.795,301.2,79.14,100,51,90,1.9,4.5,292.5,79.15,100,52,86,1.8,17142.3,285.8,79.15,100,37,89,20750.1,5.0,276.0,79.14,100,41,87,2.8,4.5,12.0,1,6
1783012796.623,638.239,299.6,79.14,100,46,90,2.4,4.6,293.7,79.15,100,45,86,20717.2,15605.2,283.9,79.15,99,41,90,264.8,7.8,275.2,79.14,100,40,86,1091.6,15207.7,12.0,1,6
1783012797.077,638.693,297.6,79.14,100,48,90,16094.4,14631.6,290.9,79.15,100,46,85,6829.8,5.7,284.0,79.15,100,40,89,2.0,17230.8,275.6,79.14,100,40,86,19686.8,5.8,12.0,1,6
1783012797.522,639.137,297.6,79.14,100,42,89,3.8,7448.6,288.4,79.15,100,43,86,18121.8,11013.8,279.8,79.15,99,30,89,3.0,5.3,269.9,79.14,100,36,86,20353.3,17186.0,12.0,1,6
1783012797.962,639.578,292.2,79.14,100,41,90,20707.8,17108.8,282.0,79.15,99,37,86,2497.2,17129.1,279.8,79.15,99,30,89,17151.8,11938.7,269.9,79.14,100,36,86,20204.5,12802.8,14.0,1,5
1783012798.405,640.020,292.2,79.14,100,41,90,9.5,3.7,282.0,79.15,99,37,86,2.6,2258.9,267.0,79.15,98,20,89,16972.3,16758.0,256.9,79.14,100,9,88,3.5,13.1,14.0,1,5
1783012798.846,640.461,278.3,79.14,100,50,90,10027.8,12680.3,276.7,79.15,100,41,85,15015.6,4.6,271.4,79.15,100,58,90,4.4,4.5,260.6,79.14,100,43,86,20798.6,15359.0,14.0,1,5
1783012799.287,640.903,282.5,79.14,100,49,89,2.5,4.7,289.3,79.15,100,47,85,20726.0,14845.2,284.6,79.15,100,49,90,1243.6,4.9,277.8,79.14,100,44,85,2.8,8489.1,14.0,1,5
1783012799.730,641.346,295.7,79.14,100,48,90,5.2,9506.9,301.6,79.15,100,47,86,16220.4,10485.9,288.7,79.15,100,37,90,2.2,5.7,284.3,79.14,100,45,87,20774.7,17201.9,14.0,1,5
1783012800.177,641.792,297.3,79.14,100,45,89,15850.4,5.6,294.0,79.15,100,45,85,2.1,17112.6,283.8,79.15,100,35,89,18486.0,1915.4,275.7,79.14,100,35,86,2.8,2296.3,14.0,1,5
1783012800.621,642.236,296.8,79.14,100,42,89,12237.5,13460.1,287.5,79.15,100,41,86,11837.0,5.0,277.5,79.15,100,33,89,2.6,9394.2,267.2,79.14,100,38,87,15908.4,10029.1,14.0,1,5
1783012801.064,642.680,299.5,79.14,100,48,89,18801.2,17107.4,288.9,79.15,100,48,86,1.9,4.7,279.4,79.15,100,41,90,1.9,17242.6,270.8,79.14,100,43,86,20754.7,6.0,14.0,1,5
1783012801.506,643.121,300.7,79.14,100,52,90,20708.2,5.2,289.1,79.15,100,48,85,2.6,4.6,284.6,79.15,100,37,90,14982.5,13090.6,274.7,79.14,100,40,86,9155.8,4.6,14.0,1,5
1783012801.946,643.562,300.7,79.14,100,52,90,16945.7,12178.5,295.1,79.15,100,52,86,4.3,4.7,284.6,79.15,100,37,90,1077.8,16747.5,274.7,79.14,100,40,86,20755.1,4.8,14.0,1,5
1783012802.390,644.006,301.5,79.14,100,46,90,20709.5,17107.5,295.1,79.15,100,52,86,3.7,4.8,283.5,79.15,100,37,90,1.9,12857.1,276.6,79.14,100,48,87,15580.8,7276.3,14.0,1,5
1783012802.832,644.448,300.0,79.14,100,54,90,20709.6,17108.9,295.2,79.15,100,48,85,4.2,4.8,285.6,79.15,100,39,89,2.3,16012.4,276.8,79.14,100,40,85,15592.6,4276.3,14.0,1,5
1783012803.273,644.888,298.6,79.14,100,48,90,16392.7,15984.3,293.1,79.15,100,49,86,2.0,5.5,285.6,79.15,100,38,90,12874.5,13516.4,276.8,79.14,100,45,87,11042.7,5.7,14.0,1,5
1783012803.715,645.330,299.2,79.14,100,46,89,9.2,2808.6,292.8,79.15,100,46,86,16698.3,14845.0,281.8,79.15,100,36,90,6.1,6.0,275.6,79.14,100,39,86,20769.9,15158.4,14.0,1,5
1783012804.157,645.772,297.2,79.14,100,41,89,5786.8,5.9,287.5,79.15,100,40,86,3126.1,22956.6,278.7,79.15,100,30,89,17405.6,17432.2,265.0,79.14,100,28,86,17136.1,17147.1,17.0,2,5
1783012804.599,646.214,284.8,79.14,100,26,89,18126.4,17115.7,274.1,79.15,100,37,85,1.8,4.0,268.3,79.15,100,56,90,1.7,536.9,257.5,79.14,100,47,86,23250.6,12655.1,17.0,2,5
1783012805.050,646.665,289.2,79.14,100,53,89,2.0,3.7,283.5,79.15,100,50,86,20224.7,17108.7,280.5,79.15,100,56,90,4.1,4.6,270.2,79.14,100,43,86,1.8,11702.8,17.0,2,5
1783012805.493,647.109,299.9,79.14,100,50,90,1.9,4.4,300.1,79.15,100,54,86,1.9,16666.3,292.4,79.15,100,42,90,19136.6,1336.1,287.3,79.14,100,48,87,2.5,4.8,17.0,2,5
1783012805.935,647.550,299.9,79.14,100,50,90,4.1,6.9,295.8,79.15,100,49,86,1670.3,15711.3,292.4,79.15,100,42,90,19769.9,5.9,287.3,79.14,100,48,87,2.2,14379.1,17.0,2,5
1783012806.377,647.992,299.5,79.14,100,55,90,18864.4,17109.4,295.8,79.15,100,49,86,2.2,5.7,288.4,79.15,100,37,89,17359.0,14766.0,277.9,79.14,100,38,87,4711.9,5.8,17.0,2,5
1783012806.818,648.433,295.3,79.14,100,45,90,5.2,7747.8,288.3,79.15,100,45,86,18081.1,10775.4,283.2,79.15,99,35,89,2.8,5.0,270.6,79.14,100,38,86,13556.7,14523.6,17.0,2,5
1783012807.264,648.880,297.0,79.14,100,46,90,11615.4,14790.7,287.7,79.15,100,46,86,10898.6,10.4,277.3,79.15,100,41,90,2.3,4929.3,270.6,79.14,100,39,86,17622.0,13456.9,17.0,2,5
1783012807.708,649.324,300.6,79.14,100,50,90,26796.4,8.3,289.5,79.15,100,46,85,6.1,9.7,281.4,79.15,100,36,89,20769.1,17202.8,271.3,79.14,100,41,86,4.5,4.8,17.0,2,5
1783012808.164,649.779,302.7,79.14,100,54,90,20706.6,4.6,293.9,79.15,100,54,86,2.8,4.6,284.5,79.15,100,39,88,18742.2,14226.2,275.0,79.14,100,49,87,4123.9,4.8,17.0,2,5
1783012808.608,650.224,300.2,79.14,100,46,89,20706.5,4.6,294.7,79.15,100,46,85,2.8,4.5,284.5,79.15,100,41,90,20774.1,17195.2,276.1,79.14,100,41,86,7.4,12.9,17.0,2,5
1783012809.059,650.674,299.5,79.14,100,50,90,1.9,4.6,291.4,79.15,100,51,86,1.9,16971.2,283.9,79.15,100,37,88,19327.5,1154.1,274.4,79.14,100,41,87,2.0,4.8,17.0,2,5
1783012809.500,651.115,301.2,79.14,100,47,90,2.8,4.4,293.1,79.15,100,46,86,20218.9,17105.1,282.5,79.15,100,38,88,4.2,6.3,273.9,79.14,100,40,87,14275.3,14517.8,17.0,2,5
1783012809.943,651.558,301.2,79.14,100,47,90,19280.0,6.1,290.2,79.15,100,39,86,6.9,17112.2,282.5,79.15,100,38,88,19973.3,663.2,273.9,79.14,100,40,87,3.3,8617.6,17.0,2,5
1783012810.386,652.001,298.5,79.14,100,43,90,24772.1,2851.4,290.2,79.15,100,39,86,21329.1,13004.0,279.8,79.15,100,34,88,18259.8,17040.8,270.0,79.14,100,36,86,1126.6,17203.7,20.0,2,4
1783012810.828,652.444,289.8,79.14,98,37,90,1.7,3.8,278.6,79.15,98,29,84,1.9,3.8,270.7,79.15,98,7,90,20789.5,15695.7,255.8,79.14,100,10,86,2.5,9.4,20.0,2,4
1783012811.272,652.888,290.3,79.14,100,70,90,1652.6,15665.0,280.6,79.15,100,64,86,20704.8,4.8,273.8,79.15,100,42,89,3.3,10.3,268.7,79.14,100,61,87,20264.3,12630.4,20.0,2,4
1783012811.716,653.332,297.5,79.14,100,60,90,10.2,7.6,294.6,79.15,100,56,86,20736.2,17112.6,290.4,79.15,100,42,89,5.3,4.8,286.0,79.14,100,51,87,3.5,10880.9,20.0,2,4
1783012812.164,653.779,299.0,79.14,100,48,90,4.2,3010.0,297.0,79.15,100,45,86,16720.3,16589.2,292.6,79.15,100,41,89,4.2,5.8,279.9,79.14,100,39,87,17897.6,13578.2,20.0,2,4
1783012812.606,654.221,296.0,79.14,100,44,90,20705.4,6.2,294.9,79.15,100,44,86,2.9,10574.4,285.3,79.15,100,33,89,16386.0,8887.7,276.3,79.14,100,36,87,6.1,8687.2,20.0,2,4
1783012813.058,654.673,296.0,79.14,100,41,89,19515.4,13499.4,288.0,79.15,100,42,85,4754.8,5.0,276.3,79.15,100,35,89,3.6,11501.3,269.7,79.14,100,40,86,16153.9,8148.3,20.0,2,4
1783012813.498,655.114,299.7,79.14,100,51,90,19118.6,17110.3,287.7,79.15,100,48,85,1.8,4.6,280.2,79.15,100,38,89,1.9,17235.8,270.6,79.14,100,39,86,20210.2,166.8,20.0,2,4
1783012813.939,655.555,299.7,79.14,100,51,90,18804.2,1481.7,293.7,79.15,100,46,86,9.5,4.7,280.2,79.15,100,38,89,11605.0,13301.5,270.6,79.14,100,39,86,12194.1,4.8,20.0,2,4
1783012814.381,655.996,302.2,79.14,100,45,90,16050.8,16400.8,293.7,79.15,100,46,86,1.9,4.8,283.8,79.15,100,38,88,1.9,17243.8,274.3,79.14,100,48,87,20723.6,5.6,20.0,2,4
1783012814.860,656.475,301.2,79.14,100,46,90,8064.7,10.4,294.4,79.15,100,46,86,2.0,251.5,285.6,79.15,100,45,89,23358.5,12178.8,277.0,79.14,100,40,87,5.5,5.0,20.0,2,4
1783012815.312,656.927,299.5,79.14,100,48,90,1.9,4.6,294.9,79.15,100,53,86,1.9,15061.4,285.6,79.15,100,38,89,15880.8,4294.6,278.5,79.14,100,42,87,9.8,4.9,20.0,2,4
1783012815.755,657.370,300.7,79.14,100,49,90,9.6,7.0,293.2,79.15,100,47,85,19223.5,13284.2,283.9,79.15,100,40,89,4609.8,5.4,274.3,79.14,100,38,87,2.1,17253.6,20.0,2,4
1783012816.202,657.817,299.8,79.14,100,46,90,16671.4,13557.2,289.9,79.15,100,45,86,2.2,5.8,283.5,79.15,100,37,89,20758.1,16407.8,271.4,79.14,100,39,85,3.2,6.1,20.0,2,4
1783012816.642,658.258,296.8,79.14,100,36,90,2475.7,23325.4,287.0,79.15,100,39,85,18042.3,17092.2,275.6,79.15,100,26,89,23995.5,24168.7,267.2,79.14,100,34,86,20087.8,16776.0,23.0,3,4
1783012817.094,658.710,286.5,79.14,100,64,90,2.4,4.0,278.7,79.15,100,65,86,1.7,11704.1,266.6,79.15,100,45,88,17302.7,7001.4,261.3,79.14,100,56,87,2.3,4.1,23.0,3,4
1783012817.535,659.151,291.7,79.14,100,69,90,20707.6,17108.6,286.7,79.15,100,65,86,1.9,4.6,278.7,79.15,100,41,88,1.9,8816.7,271.5,79.14,100,54,87,17517.5,9795.5,23.0,3,4
1783012817.976,659.592,299.8,79.14,100,59,90,6.9,14655.9,298.3,79.15,100,47,85,17185.2,4422.2,278.7,79.15,100,41,88,3.5,4.8,283.2,79.14,100,43,85,6358.7,14672.3,23.0,3,4
1783012818.419,660.034,299.8,79.14,100,59,90,1587.4,15696.0,295.9,79.15,100,46,86,20211.3,5.7,295.5,79.15,100,41,89,2.8,14413.6,283.2,79.14,100,43,85,18110.5,3975.3,23.0,3,4
1783012818.860,660.475,297.0,79.14,100,47,89,2.9,5.7,295.9,79.15,100,46,86,19978.4,15660.0,286.3,79.15,100,36,89,4.0,8.4,278.9,79.14,100,35,87,12738.6,15121.7,23.0,3,4
1783012819.308,660.923,299.7,79.14,100,44,90,20706.6,5.4,289.9,79.15,100,44,86,2.0,4.9,280.0,79.15,100,36,89,20756.9,17196.3,270.7,79.14,100,38,85,2.2,5.5,23.0,3,4
1783012819.750,661.366,296.9,79.14,100,49,90,3730.1,7.5,285.2,79.15,100,45,86,6.7,8667.8,279.9,79.15,100,38,89,17508.5,9803.7,268.3,79.14,100,41,86,2.5,5.4,23.0,3,4
1783012820.193,661.808,299.0,79.14,100,45,90,1.9,4.8,291.1,79.15,100,45,86,504.7,17106.7,279.9,79.15,100,39,88,20750.1,4.7,274.8,79.14,100,50,87,2.0,4.6,23.0,3,4
1783012820.633,662.249,300.2,79.14,100,48,89,1.9,4.5,294.2,79.15,100,48,85,2.9,14773.1,286.6,79.15,100,46,89,17248.7,4067.1,277.8,79.14,100,40,85,12.7,10.2,23.0,3,4
1783012821.083,662.698,300.9,79.14,100,51,90,3.5,4.6,295.0,79.15,100,54,86,1.9,16177.1,286.5,79.15,100,39,88,18379.9,1915.4,277.7,79.14,100,50,87,2.9,4.9,23.0,3,4
1783012821.525,663.140,298.9,79.14,100,46,89,2.8,4.4,293.3,79.15,100,46,86,1.8,17138.8,284.7,79.15,100,41,89,20747.8,5.1,275.3,79.14,100,42,85,4.5,5.5,23.0,3,4
1783012821.968,663.583,299.7,79.14,100,53,90,4.3,5.3,294.4,79.15,100,53,86,12958.6,14912.5,284.7,79.15,100,41,89,9077.6,5.3,274.8,79.14,100,41,87,2.1,14944.6,23.0,3,4
1783012822.413,664.028,299.7,79.14,100,53,90,20707.5,17109.6,294.4,79.15,100,53,86,3.1,5.7,285.0,79.15,100,38,89,8672.7,14993.5,274.8,79.14,100,41,87,13348.9,5.9,23.0,3,4
1783012822.854,664.469,300.8,79.14,100,43,90,2.1,13338.5,291.5,79.15,99,43,86,24304.9,2873.2,281.6,79.15,100,35,89,21586.5,12206.0,271.2,79.14,100,39,86,19740.4,17190.7,26.0,3,3
1783012823.300,664.915,293.7,79.14,98,41,90,20706.8,17108.4,286.0,79.15,98,36,85,2.6,4.0,275.2,79.15,98,7,89,2.7,3.5,265.0,79.14,100,8,86,19735.0,17204.8,26.0,3,3
1783012823.743,665.358,294.3,79.14,100,62,90,6.4,8.3,286.6,79.15,100,67,86,9483.5,13143.9,277.1,79.15,100,42,90,14599.7,4.5,274.8,79.14,100,62,87,2.8,4.0,26.0,3,3
1783012824.188,665.803,297.0,79.14,100,59,90,20707.2,4.6,294.4,79.15,100,60,86,2.8,4.4,289.5,79.15,100,40,88,20786.8,16687.4,281.7,79.14,100,57,87,2.7,5.0,26.0,3,3
1783012824.630,666.246,298.5,79.14,100,53,90,19565.9,987.0,295.5,79.15,100,46,85,2.1,20.0,292.2,79.15,100,36,89,19691.0,17202.2,277.3,79.14,100,39,85,13.3,8.5,26.0,3,3
1783012825.080,666.695,297.9,79.14,100,44,90,8676.4,13685.1,292.8,79.15,100,44,86,15280.0,5.7,285.2,79.15,100,34,89,3.0,17219.5,272.9,79.14,100,35,85,20751.4,6.3,26.0,3,3
1783012825.523,667.138,296.5,79.14,100,39,90,2.0,5.1,287.6,79.15,100,43,86,9668.5,13458.9,278.4,79.15,100,36,89,11973.6,4.9,270.1,79.14,100,40,86,4.4,7348.2,26.0,3,3
1783012825.967,667.582,297.4,79.14,100,57,90,1.9,6.5,288.3,79.15,100,49,86,20221.5,17108.3,278.4,79.15,100,36,89,4.5,4.8,270.1,79.14,100,40,86,2.9,17244.0,26.0,3,3
1783012826.870,668.485,302.4,79.14,100,46,90,1382.0,15866.2,294.7,79.15,100,44,86,20706.0,6.5,281.0,79.15,100,37,89,3.6,9.4,277.5,79.14,100,47,87,20778.8,16754.2,26.0,3,3
1783012827.313,668.928,300.7,79.14,100,51,90,1.9,17113.3,294.3,79.15,100,46,85,17672.2,2474.2,286.0,79.15,100,39,89,3.0,4.7,277.4,79.14,100,41,85,8053.8,13339.1,26.0,3,3
1783012827.755,669.371,300.0,79.14,100,48,89,8.2,17121.3,293.8,79.15,100,47,86,20708.2,4.8,288.1,79.15,100,41,90,4.0,4.7,278.5,79.14,100,42,87,20782.5,14338.3,26.0,3,3
1783012828.204,669.819,301.0,79.14,100,57,90,1686.0,15650.5,293.8,79.15,100,47,85,20705.9,5.2,284.0,79.15,100,37,89,2.5,1819.9,275.5,79.14,100,39,85,17349.9,17191.1,26.0,3,3
1783012828.645,670.260,299.5,79.14,100,46,90,18723.6,5.9,292.7,79.15,100,45,86,3.1,17113.1,282.0,79.15,100,37,90,20751.9,11.6,272.5,79.14,100,39,87,8.1,11569.6,26.0,3,3
1783012829.093,670.709,297.0,79.14,99,37,90,16520.0,13472.6,288.5,79.15,100,36,86,3.4,5.8,277.8,79.15,100,31,89,20825.0,17193.5,268.2,79.14,100,35,87,20745.8,17184.4,29.0,4,3
1783012829.535,671.151,286.5,79.14,100,47,90,1.9,17109.2,276.8,79.15,100,56,86,19317.7,1081.2,269.1,79.15,100,44,90,2.6,10.0,262.5,79.14,100,55,87,491.5,17298.8,29.0,4,3
1783012829.979,671.594,290.7,79.14,100,55,90,6.7,4.3,287.0,79.15,100,66,86,1.9,8870.1,269.1,79.15,100,44,90,17553.2,7998.5,274.6,79.14,100,54,87,1.9,4.5,29.0,4,3
1783012830.421,672.037,290.7,79.14,100,55,90,17174.4,6731.7,299.7,79.15,100,56,86,2.7,4.9,276.6,79.15,99,41,90,4853.0,14689.7,274.6,79.14,100,54,87,17880.2,4.7,29.0,4,3
1783012830.862,672.477,303.2,79.14,100,63,90,17780.1,12812.8,299.7,79.15,100,56,86,3.9,5.6,294.9,79.15,100,41,89,20771.3,17195.5,282.3,79.14,100,44,87,8.6,5.7,29.0,4,3
1783012831.310,672.925,297.0,79.14,100,46,90,2.7,17119.2,296.3,79.15,100,45,86,20703.9,6.0,287.9,79.15,100,35,89,3.3,10811.1,279.5,79.14,100,36,87,18059.4,7393.2,29.0,4,3
1783012831.753,673.368,297.4,79.14,100,45,90,8.4,7.1,292.7,79.15,100,43,86,14862.5,14794.6,279.0,79.15,100,36,89,7006.4,5.0,272.1,79.14,100,35,87,1.9,11483.3,29.0,4,3
1783012832.201,673.816,299.0,79.14,100,49,90,2.2,5290.3,286.5,79.15,100,48,86,18031.4,13288.7,277.7,79.15,100,37,88,2.5,5.0,266.0,79.14,100,41,87,1078.4,16752.0,29.0,4,3
1783012832.642,674.258,298.9,79.14,100,45,89,2.2,11478.9,288.7,79.15,100,44,86,17866.1,7257.9,281.5,79.15,100,37,90,5.4,10.8,273.7,79.14,100,48,87,9610.5,16141.1,29.0,4,3
1783012833.088,674.703,299.9,79.14,100,57,90,3.6,3743.1,293.2,79.15,100,48,86,18222.8,13539.7,286.6,79.15,100,40,88,2.7,4.6,276.6,79.14,100,42,86,1.7,17279.2,29.0,4,3
1783012833.530,675.146,300.3,79.14,100,49,90,2.7,4.5,294.6,79.15,100,48,86,20728.2,15743.9,287.8,79.15,100,46,90,95.7,6.5,277.8,79.14,100,43,87,3.9,9621.8,29.0,4,3
1783012833.976,675.591,301.4,79.14,100,55,90,6.0,4.6,296.3,79.15,100,56,86,20465.6,14480.0,287.8,79.15,100,46,90,1581.1,4.6,279.5,79.14,100,43,87,2.3,3611.2,29.0,4,3
1783012834.420,676.036,301.4,79.14,100,55,90,2.3,4.5,294.4,79.15,100,48,85,10300.7,14498.2,286.1,79.15,100,38,90,11614.7,5.3,279.5,79.14,100,43,87,2.1,5139.4,29.0,4,3
1783012834.864,676.479,298.8,79.14,100,48,89,2.6,17115.2,294.4,79.15,100,48,85,20705.8,5.5,288.2,79.15,100,45,89,2.6,13040.3,276.2,79.14,100,40,86,19593.4,1755.4,29.0,4,3
1783012835.310,676.925,297.2,79.14,100,42,90,2.0,5.5,291.0,79.15,100,44,85,11533.9,15686.1,284.5,79.15,100,33,89,9302.9,5.7,275.4,79.14,100,39,85,2.3,19956.7,32.0,4,2
1783012835.753,677.369,297.8,79.14,100,47,89,7444.1,11201.5,288.8,79.15,100,47,85,18505.8,4.4,276.9,79.15,98,33,90,2.4,4.6,265.8,79.14,98,8,86,3293.1,14350.3,32.0,4,2
1783012836.197,677.812,282.4,79.14,100,59,89,3.4,4.2,281.5,79.15,100,43,85,1.9,829.2,272.4,79.15,100,36,90,18248.5,17201.0,265.4,79.14,100,46,87,2.4,4.5,32.0,4,2
1783012836.639,678.254,282.5,79.14,100,61,90,15919.8,15128.9,287.3,79.15,100,49,86,2.8,4.5,280.9,79.15,100,39,88,5.3,13967.1,269.5,79.14,100,41,86,15831.5,5536.9,32.0,4,2
1783012837.084,678.699,295.6,79.14,100,50,89,20708.9,14258.1,299.1,79.15,100,47,85,2891.0,4.7,290.1,79.15,100,42,89,3.9,8216.8,282.2,79.14,100,39,85,15982.7,3923.6,32.0,4,2
1783012837.531,679.147,297.5,79.14,100,43,90,326.2,5.9,296.1,79.15,100,43,86,7780.8,13769.7,286.0,79.15,100,36,89,15306.9,6.5,276.9,79.14,100,38,87,2.2,17226.9,32.0,4,2
1783012837.972,679.588,296.3,79.14,100,44,89,16914.4,11408.4,287.3,79.15,100,43,87,5.7,5.8,286.0,79.15,100,36,89,20763.4,17189.7,268.7,79.14,100,38,86,2.5,5.4,32.0,4,2
1783012838.415,680.031,296.3,79.14,100,44,89,2.1,4.4,287.3,79.15,100,43,87,491.4,17131.7,275.9,79.15,99,29,89,20748.6,4.8,268.7,79.14,100,38,86,2.3,4.9,32.0,4,2
1783012838.858,680.473,296.5,79.14,100,45,89,2.8,4.5,286.6,79.15,100,47,85,2351.9,15152.0,279.9,79.15,100,44,89,20746.6,7.6,269.9,79.14,100,40,85,5.8,629.9,32.0,4,2
1783012839.302,680.917,302.5,79.14,100,58,90,4.0,4.6,291.9,79.15,100,58,86,3437.9,14185.1,280.9,79.15,100,38,90,19683.4,4.6,273.1,79.14,100,41,87,2.8,4.4,32.0,4,2
1783012839.743,681.359,301.7,79.14,100,48,90,6.3,9.1,293.6,79.15,100,48,85,510.0,17113.5,284.7,79.15,100,45,89,20750.6,4.6,275.8,79.14,100,41,86,3.5,4.6,32.0,4,2
1783012840.194,681.809,300.1,79.14,100,51,90,3.5,4.5,295.9,79.15,100,57,86,1.8,16595.8,285.5,79.15,100,39,89,17217.4,2872.1,278.8,79.14,100,48,87,2.0,4.8,32.0,4,2
1783012840.635,682.251,299.4,79.14,100,47,90,569.8,5.3,293.8,79.15,100,48,86,1.9,9609.1,286.3,79.15,100,48,89,16707.3,9316.2,275.7,79.14,100,40,86,9.3,7.5,32.0,4,2
1783012841.081,682.697,299.2,79.14,100,45,90,2.5,5.3,294.9,79.15,100,48,86,20711.7,16817.5,284.2,79.15,100,37,90,3.9,6.0,273.7,79.14,100,38,87,8642.5,13634.1,32.0,4,2
1783012841.525,683.140,300.7,79.14,100,44,90,20705.2,5.8,290.5,79.15,100,44,86,3.0,11484.4,278.3,79.15,100,33,89,16426.5,7881.0,269.1,79.14,100,35,85,3.0,6.8,32.0,4,2
1783012841.967,683.582,289.4,79.14,100,11,89,3716.9,7.3,276.2,79.15,100,12,85,3.6,489.4,278.3,79.15,100,33,89,18660.1,17144.9,269.1,79.14,100,35,85,3.7,4.5,35.0,5,2
1783012842.412,684.027,289.4,79.14,100,11,89,19492.0,13872.4,276.2,79.15,100,12,85,4227.6,4.6,268.3,79.15,100,18,90,2.2,4.8,262.7,79.14,100,57,87,20058.4,17212.9,35.0,5,2
1783012842.854,684.470,292.9,79.14,100,71,90,1.9,3.4,285.9,79.15,100,68,86,20217.1,17110.0,277.0,79.15,100,42,88,1.8,7.1,271.1,79.14,100,58,87,9.2,4313.7,35.0,5,2
1783012843.297,684.912,295.1,79.14,100,61,90,3.5,4.6,292.3,79.15,100,50,85,18594.5,14481.6,289.8,79.15,100,41,88,3668.8,4.8,280.9,79.14,100,43,86,2.9,6626.0,35.0,5,2
1783012843.743,685.359,296.7,79.14,100,47,89,20711.2,17116.8,296.5,79.15,100,46,86,5.3,8.2,289.2,79.15,100,44,90,14698.2,14944.3,279.3,79.14,100,39,86,2155.7,5.9,35.0,5,2
1783012844.194,685.810,297.4,79.14,100,44,89,4.3,17109.6,293.0,79.15,100,44,86,20702.7,5.9,280.4,79.15,100,34,89,3.1,5629.8,273.2,79.14,100,36,87,18157.5,12662.1,35.0,5,2
1783012844.636,686.251,298.5,79.14,100,46,90,20706.0,5.1,286.4,79.15,100,46,86,3.5,4.6,278.8,79.15,100,38,88,13617.4,15087.6,266.4,79.14,100,40,87,6767.2,7.6,35.0,5,2
1783012845.081,686.696,299.0,79.14,100,46,89,15826.9,4.5,288.8,79.15,100,45,86,3.4,4.0,281.7,79.15,100,37,90,20767.6,17203.4,273.1,79.14,100,42,86,1.9,5.0,35.0,5,2
1783012845.522,687.137,300.0,79.14,100,53,90,18638.9,4.3,291.6,79.15,100,49,85,1.9,4.5,286.4,79.15,100,41,89,20773.5,16678.3,276.1,79.14,100,41,86,3.0,4.6,35.0,5,2
1783012845.965,687.581,300.4,79.14,100,48,90,20706.4,4.6,294.6,79.15,100,47,86,4.2,4.6,286.4,79.15,100,41,89,20721.9,14976.8,277.4,79.14,100,47,87,1010.6,4.6,35.0,5,2
1783012846.414,688.029,300.4,79.14,100,48,90,18641.7,1632.2,294.6,79.15,100,47,86,3.5,4.5,287.7,79.15,100,38,90,10043.6,14518.6,277.4,79.14,100,47,87,12767.8,4.9,35.0,5,2
1783012846.855,688.470,301.9,79.14,100,51,90,17490.6,6702.1,296.6,79.15,100,47,86,3.6,4.9,286.2,79.15,100,37,88,5136.5,14729.5,276.6,79.14,100,40,86,17336.1,4.7,35.0,5,2
1783012847.297,688.912,299.5,79.14,100,48,89,20708.0,5.2,294.3,79.15,100,47,86,8.1,5377.2,287.7,79.15,100,41,90,17798.9,11466.0,276.6,79.14,100,43,87,2.1,5.8,35.0,5,2
1783012847.742,689.357,297.7,79.14,99,47,90,10559.7,16098.8,293.1,79.15,100,46,86,7867.6,8.1,283.0,79.15,100,32,89,2.5,17218.9,275.3,79.14,100,37,86,20752.1,6.7,35.0,5,2
1783012848.187,689.802,297.5,79.14,100,45,90,12015.2,17052.5,288.5,79.15,100,46,86,14911.2,11041.2,278.4,79.15,100,37,88,3.6,4.5,268.4,79.14,98,36,87,1.9,4449.5,38.0,5,1
1783012848.627,690.243,285.8,79.14,100,46,89,20705.4,4.3,282.2,79.15,100,41,86,2.8,4.1,273.9,79.15,100,51,89,1101.6,16763.4,263.1,79.14,100,37,85,20759.0,7.1,38.0,5,1
1783012849.077,690.692,281.2,79.14,100,49,90,1.7,17115.5,286.5,79.15,100,47,85,20707.6,4.5,282.5,79.15,100,51,90,4.3,4.4,271.1,79.14,100,42,85,11044.6,13045.6,38.0,5,1
1783012849.519,691.134,290.5,79.14,100,51,90,1.9,4.2,296.8,79.15,100,50,86,20231.1,17110.0,289.9,79.15,100,41,90,2.6,4.9,281.3,79.14,100,45,87,1.9,17262.8,38.0,5,1
1783012849.962,691.578,290.5,79.14,100,51,90,2608.7,14986.0,294.6,79.15,100,45,85,20703.8,5.7,289.9,79.15,100,41,90,3.2,8715.6,281.3,79.14,100,45,87,16237.9,10740.9,38.0,5,1
1783012850.403,692.019,299.2,79.14,100,44,90,4.1,5.7,294.6,79.15,100,45,85,10309.5,13668.0,288.7,79.15,100,34,89,12812.8,6.0,277.0,79.14,100,38,85,2.9,17230.5,38.0,5,1
1783012850.845,692.460,295.6,79.14,100,45,89,16912.5,13524.1,287.1,79.15,100,46,85,7158.4,6.2,281.6,79.15,100,33,89,2.6,17224.2,268.6,79.14,100,32,86,20765.1,7.3,38.0,5,1
1783012851.289,692.905,297.0,79.14,100,45,91,17285.0,17108.6,288.5,79.15,100,45,86,2.0,5.3,276.9,79.15,100,37,90,5180.7,14673.8,270.3,79.14,100,43,87,14693.4,4.7,38.0,5,1
1783012851.734,693.349,300.9,79.14,100,46,90,15910.2,4287.1,288.9,79.15,100,45,85,7.7,6.9,283.2,79.15,100,40,89,15086.6,13069.8,270.8,79.14,100,41,85,9170.0,4.8,38.0,5,1
1783012852.181,693.796,301.6,79.14,100,48,90,16385.0,15501.9,294.4,79.15,100,49,86,3.5,4.8,285.0,79.15,100,39,90,3.9,17245.3,276.7,79.14,100,47,87,20746.3,4.7,38.0,5,1
1783012852.623,694.238,301.0,79.14,100,57,90,19041.8,13125.5,296.7,79.15,100,50,86,5489.6,4.9,286.2,79.15,100,38,88,2.5,14409.4,277.6,79.14,100,40,86,15749.2,4310.3,38.0,5,1
1783012853.066,694.682,298.9,79.14,100,47,90,19930.1,12981.9,293.4,79.15,100,46,86,4879.3,4.8,286.2,79.15,100,43,90,2.3,9306.1,276.1,79.14,100,42,87,15748.1,10745.3,38.0,5,1
1783012853.507,695.122,300.0,79.14,100,54,90,20709.2,17107.8,293.3,79.15,100,52,86,2.1,5.7,284.2,79.15,100,38,89,7363.0,13580.8,274.6,79.14,100,39,86,16227.9,5.4,38.0,5,1
1783012853.948,695.563,300.0,79.14,100,54,90,6.5,7.8,289.3,79.15,100,41,86,20224.3,15637.2,284.2,79.15,100,38,89,3.0,6.1,274.6,79.14,100,39,86,20762.9,17188.8,38.0,5,1
1783012854.395,696.010,298.3,79.14,100,40,90,18205.9,17089.2,289.3,79.15,100,41,86,16864.4,16951.3,283.1,79.15,100,36,89,16371.2,16716.6,269.5,79.14,100,37,87,17732.3,12177.0,41.0,6,1
1783012854.837,696.452,293.6,79.14,98,36,89,1.8,5733.6,284.3,79.15,98,29,84,17670.6,13175.9,270.6,79.15,100,9,88,2.4,6.0,257.9,79.14,100,15,87,5.0,12713.7,41.0,6,1
1783012855.284,696.899,290.2,79.14,100,51,89,2.2,4.4,282.6,79.15,100,49,87,3.5,13015.2,277.5,79.15,100,55,89,17321.3,5733.1,267.6,79.14,100,44,86,1.9,4.5,41.0,6,1
1783012855.727,697.342,294.1,79.14,100,50,90,20708.8,9.9,290.8,79.15,100,49,86,8.9,5.7,285.4,79.15,100,53,90,20779.4,16055.3,280.1,79.14,100,44,86,43.4,5.0,41.0,6,1
1783012856.172,697.787,300.5,79.14,100,47,90,4115.4,5.6,300.0,79.15,100,52,86,492.8,17113.1,288.9,79.15,100,37,88,20745.3,5.5,281.2,79.14,100,46,87,2.2,8455.6,41.0,6,1
1783012856.615,698.230,298.9,79.14,100,45,90,18243.3,15037.8,294.0,79.15,100,40,86,3.2,5.8,281.4,79.15,100,33,88,20759.6,15817.8,271.1,79.14,100,35,86,195.7,11.1,41.0,6,1
1783012857.061,698.677,295.4,79.14,100,43,90,1.9,7715.6,283.6,79.15,100,45,85,17935.5,10928.1,280.0,79.15,100,38,89,2.7,5.5,267.1,79.14,100,41,87,19451.7,14685.3,41.0,6,1
1783012857.501,699.116,299.5,79.14,100,53,90,3.4,17120.1,287.0,79.15,100,53,86,20705.2,5.0,280.7,79.15,100,38,89,3.7,4.4,272.8,79.14,100,42,87,20729.2,17193.7,41.0,6,1
1783012857.942,699.557,299.5,79.14,100,53,90,13996.5,22446.8,293.0,79.15,100,48,86,4.4,4.8,280.7,79.15,100,38,89,1.9,14563.1,272.8,79.14,100,42,87,17445.5,4061.5,41.0,6,1
1783012858.400,700.015,300.8,79.14,100,48,89,11369.8,14537.3,293.0,79.15,100,48,86,11536.5,4.8,284.2,79.15,100,45,90,4.5,595.1,277.4,79.14,100,42,86,18874.5,17194.2,41.0,6,1
1783012858.841,700.456,301.1,79.14,100,57,90,1.8,17113.8,294.5,79.15,100,57,86,20706.8,5.1,286.4,79.15,100,38,89,2.0,5.4,277.7,79.14,100,42,87,20789.0,17210.0,41.0,6,1
1783012859.283,700.898,299.8,79.14,100,48,89,1.8,17114.5,295.2,79.15,100,46,85,20708.1,4.6,289.1,79.15,100,41,89,2.3,4.8,276.7,79.14,100,40,86,19929.8,14604.7,41.0,6,1
1783012859.723,701.339,300.7,79.14,100,53,90,183.7,16721.1,295.7,79.15,100,53,86,20710.1,6.3,286.6,79.15,100,38,90,5.3,7087.0,278.9,79.14,100,44,87,17708.3,11458.5,41.0,6,1
1783012860.168,701.783,299.2,79.14,100,46,89,8424.2,5.6,293.7,79.15,100,47,86,2.0,17111.0,283.5,79.15,100,38,88,20746.4,6.0,274.8,79.14,100,35,87,4.4,11319.9,41.0,6,1
1783012860.610,702.226,297.3,79.14,100,44,90,26154.1,12625.6,289.6,79.15,100,41,86,18473.7,17302.7,280.4,79.15,100,36,88,306.3,17797.6,270.8,79.14,100,40,87,17959.2,17196.6,43.0,6,0
1783012861.060,702.676,294.7,79.14,100,62,90,314.6,4.1,282.8,79.15,100,58,86,1.8,3.6,277.2,79.15,100,43,89,20791.9,15419.9,266.3,79.14,100,46,87,729.1,4.1,43.0,6,0
1783012861.501,703.116,295.3,79.14,100,63,90,1915.2,15449.4,289.0,79.15,100,51,86,20003.8,4.6,284.4,79.15,100,40,89,4.1,4.5,276.0,79.14,100,43,87,19407.8,12784.3,43.0,6,0
1783012861.945,703.560,295.3,79.14,100,63,90,6.8,5.8,299.4,79.15,100,47,86,19196.3,17109.6,284.4,79.15,100,40,89,2.4,4.8,276.0,79.14,100,43,87,3.2,17266.1,43.0,6,0
1783012862.394,704.009,298.9,79.14,100,49,90,2.9,11534.4,299.4,79.15,100,47,86,16236.5,8438.9,295.4,79.15,100,47,89,4.6,5.5,285.1,79.14,100,40,88,20774.0,17184.5,43.0,6,0
1783012862.834,704.449,298.6,79.14,100,46,90,14780.9,5.6,297.5,79.15,100,43,86,2.5,17110.3,286.7,79.15,100,36,89,18369.2,1916.0,277.8,79.14,100,36,87,2.7,2448.3,43.0,6,0
1783012863.277,704.892,297.8,79.14,100,44,90,12544.2,14188.9,291.3,79.15,100,44,86,10792.8,5.0,278.9,79.15,100,35,89,2.0,8598.3,269.7,79.14,100,36,86,16408.0,11131.9,43.0,6,0
1783012863.718,705.333,296.1,79.14,100,48,90,19425.3,17111.8,284.9,79.15,100,44,86,2.0,10.2,279.8,79.15,100,37,89,1076.7,16732.6,268.0,79.14,100,41,87,20768.4,5.0,43.0,6,0
1783012864.161,705.777,299.0,79.14,100,44,90,16399.9,5173.1,291.6,79.15,100,46,86,2.9,4.7,280.2,79.15,100,38,88,9223.9,13520.9,274.4,79.14,100,50,87,14521.1,4.7,43.0,6,0
1783012864.603,706.218,299.7,79.14,100,48,89,16496.6,17110.4,294.4,79.15,100,48,87,2.8,4.6,286.7,79.15,100,46,89,3.6,17256.3,276.9,79.14,100,40,86,20753.7,10.7,43.0,6,0
1783012865.051,706.667,300.8,79.14,100,48,90,20707.9,17107.4,295.2,79.15,100,54,86,3.8,4.7,286.0,79.15,100,38,90,2.3,12996.8,279.0,79.14,100,49,87,15684.9,7167.9,43.0,6,0
1783012865.493,707.109,301.2,79.14,100,48,90,20706.8,17110.1,294.0,79.15,100,46,85,3.5,4.6,285.7,79.15,100,39,89,3.7,13082.4,276.6,79.14,100,41,87,15564.0,7330.1,43.0,6,0
1783012865.934,707.550,301.2,79.14,100,48,90,20710.3,17110.7,294.0,79.15,100,52,86,5.4,5.2,285.7,79.15,100,39,89,2.9,17228.5,276.6,79.14,100,41,87,20751.8,5.6,43.0,6,0
1783012866.376,707.992,299.2,79.14,100,47,90,3.1,5.9,294.0,79.15,100,52,86,14752.9,13557.0,285.3,79.15,100,37,88,8692.6,6.0,276.8,79.14,100,41,87,2.4,17232.6,43.0,6,0
1783012866.819,708.435,300.1,79.14,100,43,90,16520.8,7276.6,292.9,79.15,100,41,86,3.0,6.1,280.0,79.15,100,34,90,20803.9,2667.6,273.2,79.14,100,36,87,2861.4,2424.2,46.0,7,0
1783012867.263,708.879,296.0,79.14,100,42,90,2663.0,2224.3,284.3,79.15,100,50,86,2757.6,2994.3,278.1,79.15,100,45,89,2781.7,2870.7,266.2,79.14,100,55,86,2731.6,2585.9,46.0,7,0
1783012867.704,709.320,301.4,79.14,99,62,90,2644.9,2406.1,290.0,79.15,100,62,85,2877.3,3333.4,282.9,79.15,99,53,89,2886.5,3097.5,270.6,79.14,99,56,86,2750.2,2725.1,46.0,8,0
1783012868.153,709.768,303.6,79.14,99,62,89,2628.6,2202.2,297.1,79.15,99,62,85,2895.0,3333.7,286.9,79.15,99,52,89,2803.2,3267.3,275.1,79.14,100,56,86,2737.9,2894.8,46.0,8,0
1783012868.596,710.211,301.7,79.14,99,62,89,2641.3,2202.2,298.5,79.15,99,62,85,2845.6,3433.6,288.9,79.15,100,53,89,2828.7,3436.7,275.6,79.14,100,56,86,3452.4,2952.4,46.0,8,0
1783012869.042,710.658,300.1,79.14,99,63,89,2621.6,2185.5,298.9,79.15,100,62,85,2857.5,3316.8,290.1,79.15,100,53,89,2800.3,3313.3,276.8,79.14,99,56,86,2774.0,2768.1,47.0,8,0
1783012869.485,711.100,300.0,79.14,100,62,89,2641.3,2143.2,299.2,79.15,99,62,85,2854.2,3645.0,290.1,79.15,100,53,89,2851.9,3276.2,277.0,79.14,99,56,86,2746.2,2956.9,47.0,8,0
1783012869.927,711.542,300.0,79.14,100,62,89,2622.8,2150.5,299.7,79.15,100,62,85,3485.4,3507.3,290.2,79.15,99,53,89,2819.8,3352.7,277.0,79.14,99,56,86,2760.4,2960.2,47.0,8,0
1783012870.376,711.992,300.0,79.14,99,63,89,2600.7,2140.0,299.7,79.15,100,62,85,2861.2,3507.9,290.7,79.15,99,54,89,2833.5,3356.3,277.2,79.14,100,57,86,2754.8,2983.1,47.0,8,0
1783012870.818,712.433,300.0,79.14,99,62,89,2663.2,2189.8,300.2,79.15,100,62,85,2840.7,3357.7,291.0,79.15,100,53,89,2825.4,3337.7,277.5,79.14,100,56,86,3182.4,2870.2,47.0,8,0
1783012871.263,712.878,299.9,79.14,99,62,89,2705.9,2190.2,299.3,79.15,99,62,85,2878.0,3304.1,290.2,79.15,100,53,89,2838.9,3235.0,276.3,79.14,99,56,86,2782.6,2735.3,47.0,8,0
1783012871.705,713.320,299.9,79.14,100,62,89,3340.2,2195.0,298.5,79.15,99,62,85,3568.6,3207.0,288.8,79.15,100,53,89,2850.3,3200.7,275.0,79.14,99,56,86,2757.8,2785.6,47.0,8,0
1783012872.162,713.777,299.9,79.14,99,62,89,2641.2,2205.1,298.4,79.15,99,62,85,2866.1,3380.0,288.4,79.15,100,53,89,2946.4,3102.1,274.7,79.14,99,56,86,2777.5,2753.9,47.0,8,0
1783012872.606,714.221,299.9,79.14,99,62,89,2661.7,2202.3,298.1,79.15,99,62,85,2870.4,3300.9,288.4,79.15,99,53,89,2823.0,3363.7,274.0,79.14,99,55,86,2755.8,3131.7,47.0,8,0
1783012873.054,714.669,300.0,79.14,100,62,89,2662.6,2198.0,298.3,79.15,99,62,85,2868.1,3331.2,288.4,79.15,100,53,89,2821.1,3245.8,274.3,79.14,99,55,86,2750.2,2659.8,47.0,8,0
1783012873.496,715.112,300.0,79.14,99,62,89,2661.6,2185.5,298.4,79.15,99,62,85,2860.9,3318.1,288.3,79.15,99,52,89,2844.0,3223.5,274.5,79.14,99,56,86,2762.7,2856.0,47.0,8,0
1783012873.939,715.554,300.0,79.14,99,62,89,2665.2,2187.4,298.2,79.15,99,62,85,2874.5,3281.5,288.3,79.15,99,52,89,2827.5,3222.9,274.5,79.14,99,56,86,2779.5,2872.8,47.0,8,0
1783012874.380,715.996,300.1,79.14,99,62,89,2621.0,2202.8,298.2,79.15,99,62,85,2850.6,3622.6,288.4,79.15,100,53,89,2849.3,3119.1,274.3,79.14,100,56,86,2756.8,2681.7,47.0,8,0
1783012874.823,716.439,300.0,79.14,99,62,89,2668.9,2202.1,298.4,79.15,99,62,85,2850.9,3315.1,289.1,79.15,99,53,89,2822.6,3132.7,274.8,79.14,100,55,86,2775.1,2803.0,47.0,8,0
1783012875.266,716.881,299.9,79.14,99,62,89,2662.0,2202.2,298.1,79.15,99,62,85,2866.9,3226.9,288.8,79.15,100,52,89,2831.9,3190.1,274.7,79.14,99,56,86,2752.8,2753.4,47.0,8,0
1783012875.708,717.324,300.0,79.14,99,62,89,3090.8,2278.2,297.9,79.15,99,62,85,2948.6,3508.6,288.6,79.15,100,53,89,2842.5,3227.9,274.1,79.14,100,56,86,2758.6,2743.8,47.0,8,0
1783012876.164,717.779,300.1,79.14,99,62,89,2627.6,2204.3,298.2,79.15,99,62,85,2848.5,3318.5,289.3,79.15,100,53,89,2856.6,3278.6,274.6,79.14,99,56,86,2878.2,2862.7,47.0,8,0
1783012876.613,718.228,300.0,79.14,100,62,89,2641.3,2185.5,298.7,79.15,99,62,85,2895.7,3290.6,289.3,79.15,100,53,89,2836.4,3115.7,274.5,79.14,99,55,85,2791.7,3072.2,47.0,8,0
1783012877.060,718.676,300.0,79.14,100,62,89,2641.3,2186.2,298.5,79.15,99,62,85,2860.6,3275.5,289.0,79.15,99,52,89,2818.6,3068.4,274.5,79.14,100,55,86,2747.8,2801.9,47.0,8,0
1783012877.502,719.118,300.0,79.14,99,62,89,2786.6,2218.7,298.1,79.15,99,62,85,2852.3,3336.8,289.3,79.15,100,52,89,2823.6,3246.4,274.4,79.14,99,55,86,2753.6,2786.6,47.0,8,0
1783012877.944,719.559,300.0,79.14,99,62,89,2929.3,2202.1,298.0,79.15,100,62,85,2885.9,3294.5,289.3,79.15,100,52,89,2822.5,3209.3,274.4,79.14,99,55,86,2762.6,2858.6,47.0,8,0
1783012878.389,720.004,299.9,79.14,99,62,89,2641.3,2185.4,298.0,79.15,100,62,85,2842.7,3438.7,289.4,79.15,100,53,89,2811.4,3165.4,274.5,79.14,99,56,85,2744.5,2813.1,47.0,8,0
1783012878.832,720.447,300.0,79.14,99,62,89,2622.7,2222.2,298.1,79.15,100,62,85,2818.4,3422.3,289.4,79.15,99,53,89,2837.0,3285.3,275.0,79.14,99,56,86,2800.3,2764.8,47.0,8,0
1783012879.275,720.890,300.1,79.14,99,62,89,2661.5,2185.4,298.4,79.15,99,62,85,2840.5,3305.1,289.4,79.15,99,53,89,2826.5,3151.6,274.8,79.14,100,55,85,2758.1,2814.2,47.0,8,0
1783012879.719,721.335,300.0,79.14,99,62,89,2628.9,2205.2,298.3,79.15,99,62,85,2894.3,3320.8,288.9,79.15,99,52,89,2945.3,3112.9,274.3,79.14,99,56,85,2730.4,2740.8,47.0,8,0
1783012880.165,721.781,299.9,79.14,100,62,89,2641.4,2203.2,298.3,79.15,99,62,85,2881.3,3381.1,288.8,79.15,99,52,89,2835.7,3087.4,274.1,79.14,99,56,85,2762.9,2709.4,47.0,8,0
1783012880.607,722.222,300.0,79.14,100,62,89,2661.8,2206.9,298.7,79.15,99,62,85,2891.5,3342.7,288.9,79.15,99,52,89,2823.6,3361.2,274.4,79.14,99,56,85,3009.3,2896.6,47.0,8,0
1783012881.054,722.669,300.1,79.14,99,62,89,2661.8,2168.8,299.2,79.15,99,62,85,2844.2,3401.2,289.1,79.15,99,53,89,2840.9,3410.7,274.9,79.14,99,56,85,2800.6,2868.2,47.0,8,0
1783012881.495,723.111,300.1,79.14,99,62,89,2661.9,2218.9,299.7,79.15,99,62,85,2870.2,3503.4,289.4,79.15,99,53,89,2805.9,3188.6,275.0,79.14,99,55,85,2751.9,2726.7,47.0,8,0
1783012881.938,723.554,300.1,79.14,99,62,89,2665.0,2186.5,299.1,79.15,99,62,85,2869.4,3365.6,289.4,79.15,99,53,89,2828.1,3314.4,275.0,79.14,99,55,85,2756.4,2692.8,47.0,8,0
1783012882.381,723.996,299.9,79.14,99,62,89,2641.8,2235.7,299.1,79.15,99,62,85,2953.0,3244.4,288.6,79.15,99,53,89,2834.2,3331.5,274.5,79.14,99,56,85,2776.3,2822.5,47.0,8,0
1783012882.830,724.446,300.0,79.14,99,62,89,2683.5,2202.2,298.7,79.15,99,62,85,2857.4,3326.5,288.3,79.15,99,52,89,2812.9,3378.9,274.5,79.14,99,56,86,2744.3,2797.3,47.0,8,0
1783012883.274,724.889,300.0,79.14,99,62,89,2641.3,2169.0,299.2,79.15,99,62,85,2878.4,3316.8,288.8,79.15,99,53,89,2834.7,3112.8,275.1,79.14,99,56,85,2767.0,2783.8,47.0,8,0
1783012883.716,725.331,300.0,79.14,100,62,89,2708.5,2264.3,299.5,79.15,99,62,85,2974.1,3348.4,288.7,79.15,99,53,89,2866.1,3262.6,275.3,79.14,99,56,85,2752.6,3002.9,48.0,8,0
1783012884.168,725.784,300.0,79.14,100,62,89,2642.0,2183.9,299.0,79.15,100,62,85,2855.4,3282.6,288.7,79.15,99,53,89,2828.1,3288.3,274.9,79.14,99,55,86,2785.6,2839.4,48.0,8,0
1783012884.610,726.225,299.9,79.14,99,62,89,2682.9,2204.8,298.7,79.15,99,62,85,2889.8,3321.8,289.0,79.15,99,52,89,2814.2,2988.4,274.6,79.14,99,56,85,2806.1,2884.3,48.0,8,0
1783012885.054,726.670,300.0,79.14,99,62,89,2629.6,2168.7,298.6,79.15,100,62,85,3013.5,3374.6,289.3,79.15,99,52,89,2846.7,3327.8,274.5,79.14,100,56,86,2770.4,2821.7,48.0,8,0
1783012885.496,727.112,300.0,79.14,99,62,89,2641.3,2168.8,298.9,79.15,99,62,85,2856.3,3425.8,289.6,79.15,100,53,89,2842.8,3425.9,275.2,79.14,99,56,85,2738.9,2963.5,48.0,8,0
1783012885.940,727.555,300.0,79.14,99,62,89,2646.2,2244.0,299.7,79.15,99,62,85,2874.3,3390.6,289.6,79.15,100,53,89,2843.4,3195.7,275.2,79.14,99,56,85,2767.1,2870.9,48.0,8,0
1783012886.385,728.001,300.0,79.14,100,62,89,2634.0,2203.3,299.7,79.15,99,62,85,2851.5,3352.3,290.0,79.15,100,53,89,2826.8,3272.7,275.9,79.14,99,56,85,2748.4,2739.9,48.0,8,0
1783012886.829,728.445,300.0,79.14,100,62,89,2670.2,2224.9,299.8,79.15,99,62,85,2861.4,3302.7,289.6,79.15,100,53,89,2883.1,3361.8,275.8,79.14,100,56,86,2759.3,2821.8,48.0,8,0
1783012887.274,728.889,300.0,79.14,99,62,89,2661.9,2169.2,299.3,79.15,99,62,85,2822.3,3377.7,289.2,79.15,99,53,89,2824.7,3323.6,275.5,79.14,100,56,85,2764.9,2789.4,48.0,8,0
1783012887.716,729.331,300.0,79.14,100,63,89,778.9,2.5,299.3,79.15,100,62,85,2.7,2.2,289.5,79.15,100,53,89,4.2,0.5,275.5,79.14,100,56,86,1.2,0.4,,,
1783012889.134,730.750,273.5,79.14,100,59,90,10.4,17119.7,271.7,79.15,100,60,86,20705.7,4.9,272.4,79.15,100,42,88,2.7,4.9,282.2,79.14,99,55,87,20061.3,14397.3,48.0,8,0
1783012889.576,731.192,297.7,79.14,100,46,90,1.9,17111.5,296.0,79.15,100,46,86,20707.4,6.2,293.2,79.15,100,42,89,2.9,3404.0,277.8,79.14,100,40,86,17866.9,15037.5,48.0,8,0
1783012890.025,731.641,297.5,79.14,99,44,90,7.0,6.0,292.9,79.15,100,46,85,19581.9,14734.9,286.2,79.15,100,32,89,2557.1,5.7,273.8,79.14,100,36,85,1075.7,16750.0,48.0,8,0
1783012890.467,732.082,296.8,79.14,99,44,90,20231.5,375.1,288.4,79.15,100,45,86,2.0,5.1,286.2,79.15,100,32,89,19224.2,17185.1,273.8,79.14,100,36,85,3.3,5.1,48.0,8,0
1783012890.911,732.527,296.8,79.14,100,44,91,1.9,4.6,288.4,79.15,100,45,86,8.3,17140.5,276.5,79.15,100,35,90,20752.0,4.8,270.0,79.14,100,41,86,2.9,4.8,48.0,8,0
1783012891.354,732.969,297.1,79.14,100,49,89,1.9,4.7,288.8,79.15,100,48,85,2060.9,15375.8,280.6,79.15,100,42,89,19395.9,4.8,270.9,79.14,100,40,85,2.0,4.1,48.0,8,0
1783012891.796,733.411,302.9,79.14,100,51,90,5.1,4.5,292.1,79.15,100,50,86,1.9,15885.0,284.9,79.15,100,39,89,17340.7,2684.1,274.5,79.14,100,45,87,1.9,5.6,48.0,8,0
1783012892.242,733.857,301.0,79.14,100,49,89,4.0,4.5,295.5,79.15,100,48,85,1.9,5787.2,287.6,79.15,100,47,90,17709.1,12876.3,277.9,79.14,100,41,85,2.8,4.7,48.0,8,0
1783012892.686,734.302,300.0,79.14,100,50,90,10410.4,8.2,298.4,79.15,100,58,86,6.2,17151.6,287.3,79.15,100,39,89,19512.8,7.5,281.5,79.14,100,44,87,1.9,4.8,48.0,8,0
1783012893.141,734.756,300.4,79.14,100,51,90,1423.9,5.1,295.4,79.15,100,47,85,1.9,6369.8,289.1,79.15,100,42,89,17540.5,12222.0,277.8,79.14,100,41,87,2.9,4.9,48.0,8,0
1783012893.582,735.197,298.5,79.14,100,46,90,2.1,5.6,295.2,79.15,100,48,86,18541.6,15003.8,285.4,79.15,100,37,88,3128.5,5.8,275.6,79.14,100,44,87,8660.2,14918.6,48.0,8,0
1783012894.029,735.645,299.4,79.14,100,44,90,20707.7,12.5,292.6,79.15,100,41,86,2.0,11216.9,280.3,79.15,100,35,88,17908.6,7115.7,270.7,79.14,100,38,86,3.1,10.0,48.0,8,0
1783012894.480,736.096,291.0,79.14,100,11,89,2.2,17117.5,279.4,79.15,100,18,85,20705.9,4.5,280.3,79.15,100,35,88,5.1,4.9,265.0,79.14,100,46,86,20801.5,14391.6,48.0,8,0
1783012894.928,736.543,291.0,79.14,100,11,89,3.9,7.2,288.4,79.15,100,49,87,1.7,17174.8,277.0,79.15,100,46,89,19329.5,1198.3,265.0,79.14,100,46,86,1.9,5.3,48.0,8,0
1783012895.371,736.986,293.3,79.14,100,52,89,20705.8,4.0,288.4,79.15,100,49,87,1.9,4.2,284.4,79.15,100,52,89,2221.0,15533.1,274.2,79.14,100,43,86,20752.4,4.9,48.0,8,0
1783012895.812,737.427,298.1,79.14,100,50,90,19369.2,17109.3,303.9,79.15,100,47,86,4.6,4.8,294.3,79.15,100,54,90,1.9,17237.3,286.1,79.14,100,42,86,18932.1,1437.0,48.0,8,0
1783012896.253,737.869,300.6,79.14,100,52,90,2.3,5.9,299.1,79.15,100,54,86,9533.3,13757.6,286.7,79.15,100,37,89,13889.6,5.8,279.8,79.14,100,37,87,2.1,17230.4,48.0,8,0
1783012896.695,738.310,297.2,79.14,99,39,90,16341.5,11410.6,290.9,79.15,100,37,86,6.2,7.7,283.0,79.15,100,35,89,20770.4,17195.2,269.8,79.14,100,38,86,2.0,5.5,48.0,8,0
1783012897.141,738.756,295.7,79.14,100,46,90,4.3,4.7,286.8,79.15,100,45,85,2.7,17120.8,279.3,79.15,100,38,89,20750.0,4.7,268.6,79.14,100,40,87,2.6,4.6,48.0,8,0
1783012897.582,739.198,300.2,79.14,100,47,90,2.3,4.5,291.1,79.15,100,49,86,3160.8,14384.7,280.0,79.15,100,37,90,19982.0,4.8,272.7,79.14,100,42,87,4.4,563.2,48.0,8,0
1783012898.028,739.643,300.1,79.14,100,48,90,2.7,4.6,294.9,79.15,100,48,85,1404.0,16598.3,285.4,79.15,100,44,90,15686.5,4.7,276.6,79.14,100,41,86,1.9,496.6,48.0,8,0
1783012898.477,740.092,300.7,79.14,100,47,90,1.8,4.6,296.8,79.15,100,53,86,1.8,17137.0,285.4,79.15,100,44,90,20754.1,5.2,276.6,79.14,100,41,86,3.5,4.6,48.0,8,0
1783012898.919,740.535,300.7,79.14,100,47,90,2.0,7.1,296.8,79.15,100,53,86,8.3,10265.1,286.6,79.15,100,37,89,15694.6,9547.3,278.6,79.14,100,48,87,1.9,5.6,48.0,8,0
1783012899.362,740.977,300.4,79.14,100,46,90,8111.6,4.6,294.7,79.15,100,44,85,1.9,4038.8,287.1,79.15,100,42,89,15983.5,15757.7,276.4,79.14,100,40,87,2.6,4.9,48.0,8,0
1783012899.803,741.418,298.6,79.14,100,47,90,5.1,5.2,294.4,79.15,100,50,86,6256.5,13615.3,285.2,79.15,100,38,90,17372.4,5.8,279.4,79.14,100,46,87,3.1,17249.6,48.0,8,0
1783012900.245,741.860,298.7,79.14,100,46,90,16578.0,13491.3,294.3,79.15,100,44,85,3.1,5.9,282.5,79.15,100,31,90,20760.0,15757.3,275.9,79.14,100,33,86,379.2,5.7,48.0,8,0
1783012900.686,742.301,297.1,79.14,100,45,90,20704.4,7.7,288.2,79.15,100,44,86,7.0,7.3,279.2,79.15,100,36,88,14406.8,14423.5,264.5,79.14,98,34,87,8373.7,4.4,6.0,0,7
1783012901.133,742.748,293.0,79.14,100,63,90,3.5,17112.3,282.4,79.15,100,56,86,19183.3,1199.0,273.5,79.15,100,42,88,4.9,4.3,264.4,79.14,100,54,87,1075.9,16822.2,6.0,0,7
1783012901.574,743.190,293.8,79.14,100,63,90,1.9,4.3,288.7,79.15,100,52,86,523.8,17106.5,284.6,79.15,100,41,88,20749.0,4.4,274.1,79.14,100,43,86,1.9,4.8,6.0,0,7
1783012902.016,743.632,298.7,79.14,100,50,89,2699.7,4.8,299.0,79.15,100,48,86,3.5,10095.7,295.0,79.15,100,44,90,17747.1,8119.9,284.7,79.14,100,40,85,2.8,5.3,6.0,0,7
1783012902.459,744.074,298.7,79.14,100,50,89,3.0,13287.6,292.5,79.15,100,45,85,18051.6,5161.9,295.0,79.15,100,44,90,2.1,2637.7,284.7,79.14,100,40,85,18218.2,15522.6,6.0,0,7
1783012902.900,744.515,297.0,79.14,100,41,90,2.7,5.9,292.5,79.15,100,45,85,20710.3,17110.1,285.9,79.15,100,37,89,5.3,6.7,275.7,79.14,100,37,86,12965.6,14995.5,6.0,0,7
1783012903.354,744.969,296.8,79.14,100,44,90,18483.1,17030.8,288.1,79.15,100,42,85,2.1,4.9,277.1,79.15,100,28,89,1.9,17232.4,268.6,79.14,100,37,86,20747.7,5.8,6.0,0,7
1783012903.795,745.411,296.7,79.14,100,47,90,20706.6,4.6,288.2,79.15,100,48,86,1.9,4.7,276.8,79.15,100,46,90,17604.7,14508.5,270.0,79.14,100,40,86,4989.3,6.5,6.0,0,7
1783012904.241,745.856,301.0,79.14,100,53,90,4309.7,4.6,289.5,79.15,100,48,85,2.7,3675.7,282.8,79.15,100,36,90,18207.1,14570.5,271.8,79.14,100,41,86,2.7,4.8,6.0,0,7
1783012904.682,746.297,302.2,79.14,100,46,90,7038.5,7.3,295.2,79.15,100,52,86,5.0,11522.1,284.3,79.15,100,37,88,17142.0,6198.9,275.1,79.14,100,48,87,7.2,4.8,6.0,0,7
1783012905.127,746.742,298.4,79.14,100,48,89,2.5,6.3,294.3,79.15,100,48,86,3.4,17108.4,286.3,79.15,100,44,90,20747.5,5.8,277.0,79.14,100,41,85,2.0,4.3,6.0,0,7
1783012905.569,747.184,299.7,79.14,100,54,90,2.0,4.8,291.2,79.15,100,54,86,20710.5,16371.5,285.4,79.15,100,38,89,2.6,5.2,272.3,79.14,100,40,86,1.9,17245.2,6.0,0,7
1783012906.011,747.626,301.4,79.14,100,46,90,20709.0,17106.4,293.4,79.15,100,45,86,3.9,5.7,280.2,79.15,100,37,88,11806.8,14991.2,271.5,79.14,100,39,86,10130.6,6.7,6.0,0,7
1783012906.451,748.066,301.4,79.14,100,46,90,5.4,17119.7,286.6,79.15,100,38,85,20702.8,7.7,280.2,79.15,100,37,88,2.5,15115.8,271.5,79.14,100,39,86,17824.2,3224.0,9.0,0,6
1783012906.893,748.508,293.9,79.14,100,34,90,2.7,4.4,286.6,79.15,100,38,85,3415.3,14229.1,275.3,79.15,100,25,89,19686.9,4.6,266.4,79.14,100,33,86,3.9,4.6,9.0,0,6
1783012907.336,748.951,286.2,79.14,100,43,90,17287.9,12124.3,275.6,79.15,100,54,86,2.8,4.2,269.8,79.15,100,49,90,4.3,8695.6,263.1,79.14,100,50,87,15239.6,12055.3,9.0,0,6
1783012907.778,749.393,291.4,79.14,100,51,90,3.5,15048.4,288.8,79.15,100,54,86,15510.6,5426.7,281.9,79.15,100,45,90,3.1,4.3,276.2,79.14,100,47,87,1.8,17318.2,9.0,0,6
1783012908.225,749.840,302.6,79.14,100,53,90,2.7,11.2,302.2,79.15,100,62,86,20727.3,17107.9,295.6,79.15,100,40,89,4.2,4.7,285.3,79.14,100,48,87,1.9,10333.0,9.0,0,6
1783012908.671,750.286,298.9,79.14,100,50,90,18732.0,13305.5,293.5,79.15,100,46,85,5719.2,9.1,291.8,79.15,100,35,90,10081.8,13489.5,277.5,79.14,100,38,86,13114.5,11.6,9.0,0,6
1783012909.120,750.735,293.9,79.14,100,42,89,2.2,15043.7,287.8,79.15,100,43,85,16008.8,5135.9,282.1,79.15,100,34,90,2.1,5.2,269.7,79.14,100,37,86,20771.5,17204.2,9.0,0,6
1783012909.561,751.176,295.7,79.14,100,45,90,16295.7,12308.6,288.4,79.15,100,44,86,2.7,4.6,276.2,79.15,100,40,90,354.3,17235.4,269.5,79.14,100,39,87,20753.3,5.6,9.0,0,6
1783012910.006,751.622,301.2,79.14,100,49,90,20705.6,4.5,288.9,79.15,100,44,85,2.8,4.8,282.9,79.15,100,36,90,17251.1,13109.5,270.7,79.14,100,41,86,6945.3,5.6,9.0,0,6
1783012910.447,752.063,301.2,79.14,100,49,90,20707.6,4.6,294.9,79.15,100,54,86,2.8,4.7,282.9,79.15,100,36,90,16827.4,13035.7,270.7,79.14,100,41,86,7600.7,4.9,9.0,0,6
1783012910.888,752.504,302.2,79.14,100,50,90,15823.0,7811.4,294.9,79.15,100,54,86,1.9,6.9,284.3,79.15,100,38,88,2246.2,14816.3,275.4,79.14,100,50,87,19659.1,5.0,9.0,0,6
1783012911.332,752.947,300.6,79.14,100,46,90,16093.5,15249.1,294.5,79.15,100,45,86,3.8,4.9,286.2,79.15,100,44,89,1069.5,16728.5,276.4,79.14,100,40,87,20756.4,4.8,9.0,0,6
1783012911.772,753.387,298.9,79.14,100,45,90,15995.2,7274.7,295.8,79.15,100,50,86,2.8,4.8,284.9,79.15,100,37,89,8877.0,13693.7,276.4,79.14,100,44,87,14784.7,4.9,9.0,0,6
1783012912.220,753.836,299.5,79.14,100,46,90,5795.0,5.6,293.7,79.15,100,45,86,3.7,17122.9,284.8,79.15,100,42,90,20755.5,5.7,276.0,79.14,100,40,86,2.2,12829.9,9.0,0,6
1783012912.666,754.281,298.1,79.14,100,42,90,16641.1,14760.5,289.0,79.15,100,44,86,3.2,12.8,283.9,79.15,100,30,90,19699.6,17203.1,273.5,79.14,100,37,86,6.6,8.9,9.0,0,6
1783012913.115,754.730,295.6,79.14,100,43,89,8518.7,5.1,286.6,79.15,100,42,86,3.5,4.4,272.0,79.15,98,28,88,20281.0,17193.2,259.2,79.14,100,10,86,2.8,4.7,12.0,1,6
1783012913.558,755.174,289.1,79.14,100,52,90,7026.9,14104.0,282.7,79.15,100,61,86,16034.2,4.3,270.9,79.15,100,42,90,2.6,4.2,266.4,79.14,100,55,87,9803.5,14270.3,12.0,1,6
1783012914.001,755.616,293.9,79.14,100,51,90,1.8,4.3,291.9,79.15,100,59,86,18505.4,14117.9,283.4,79.15,100,41,89,4123.8,4.1,278.6,79.14,100,56,87,3.5,3.6,12.0,1,6
1783012914.442,756.057,293.9,79.14,100,51,90,3.2,4.6,298.4,79.15,100,48,86,1.8,17143.2,283.4,79.15,100,41,89,20751.2,4.8,278.6,79.14,100,56,87,2.9,4.9,12.0,1,6
1783012914.883,756.499,299.3,79.14,100,56,90,2.8,17113.8,298.4,79.15,100,48,86,20703.6,7.8,293.6,79.15,100,37,89,5.5,17213.9,279.6,79.14,100,39,85,20743.8,6.4,12.0,1,6
1783012915.330,756.946,297.5,79.14,100,45,90,2.2,590.8,291.4,79.15,100,45,86,20311.7,15811.7,286.0,79.15,100,34,89,4.0,5.7,274.1,79.14,100,35,86,18593.9,14694.9,12.0,1,6
1783012915.773,757.388,294.0,79.14,100,42,89,17919.9,6818.9,285.8,79.15,100,43,85,2.8,4.6,276.3,79.15,100,35,90,4545.6,15384.5,269.2,79.14,100,40,86,17358.2,5.2,12.0,1,6
1783012916.220,757.836,296.1,79.14,100,49,90,14538.5,4.6,286.1,79.15,100,48,86,3.5,4.0,279.7,79.15,100,40,89,20769.4,17200.0,271.0,79.14,100,41,86,2.0,11.3,12.0,1,6
1783012916.662,758.277,301.6,79.14,100,46,90,3.8,4.7,291.8,79.15,100,45,86,1.9,13324.4,283.1,79.15,100,39,88,17152.8,4326.8,273.5,79.14,100,42,87,5.3,7.4,12.0,1,6
1783012917.110,758.725,300.8,79.14,100,47,89,1.9,4.9,295.5,79.15,100,47,86,490.0,17123.0,284.3,79.15,100,42,90,20748.2,5.6,277.1,79.14,100,42,87,4.2,4.7,12.0,1,6
1783012918.016,759.632,300.4,79.14,100,47,90,13501.3,14568.8,293.5,79.15,100,48,86,9218.7,5.4,285.0,79.15,100,38,90,2.0,11196.1,273.7,79.14,100,43,87,17934.4,7109.4,12.0,1,6
1783012918.457,760.073,300.4,79.14,100,47,90,10371.3,6.1,294.1,79.15,100,44,86,2.0,17113.4,285.0,79.15,100,38,90,20745.8,6.0,273.7,79.14,100,43,87,3.0,14248.9,12.0,1,6
1783012918.899,760.514,299.7,79.14,100,46,90,17873.3,7798.0,294.1,79.15,100,44,86,3.1,1932.5,280.5,79.15,100,35,89,20681.0,12004.1,271.5,79.14,100,32,86,3.8,6.0,14.0,1,5
1783012919.346,760.962,292.5,79.14,100,32,90,3.5,17108.2,280.7,79.15,100,37,85,19362.3,1081.5,275.5,79.15,100,31,89,4.3,4.5,262.8,79.14,100,36,85,1096.7,16761.2,14.0,1,5
1783012919.788,761.403,285.8,79.14,100,53,90,3.3,4.0,275.3,79.15,100,52,86,2.7,63.8,273.4,79.15,100,53,89,19689.0,17204.0,262.5,79.14,100,44,87,1.8,4.6,14.0,1,5
1783012920.233,761.848,293.3,79.14,100,51,89,20709.3,17108.8,290.8,79.15,100,47,86,4.3,4.2,285.8,79.15,100,51,90,3.9,1752.0,275.1,79.14,100,43,87,17602.7,17212.0,14.0,1,5
1783012920.675,762.290,301.6,79.14,100,49,90,772.0,16385.8,301.5,79.15,100,47,86,20708.6,7.7,293.0,79.15,100,47,90,10.0,9.0,284.9,79.14,100,39,86,20293.7,17192.5,14.0,1,5
1783012921.120,762.736,300.0,79.14,100,45,90,20705.4,5.9,296.1,79.15,100,45,86,3.1,13419.0,287.3,79.15,100,35,89,16271.0,6207.3,277.1,79.14,100,38,86,3.0,1460.1,14.0,1,5
1783012921.564,763.179,297.0,79.14,100,44,90,20708.1,15665.1,288.2,79.15,100,47,86,860.4,5.7,280.4,79.15,100,33,89,2566.4,15085.6,268.3,79.14,100,35,86,20751.6,5.9,14.0,1,5
1783012922.006,763.621,294.6,79.14,100,45,90,7000.0,4.5,286.2,79.15,100,44,87,1.8,2304.4,278.3,79.15,100,36,90,16937.6,16720.8,269.7,79.14,100,41,86,3.6,4.9,14.0,1,5
1783012922.447,764.062,294.6,79.14,100,45,90,3.9,4.5,291.7,79.15,100,43,86,1.9,13306.7,278.3,79.15,100,36,90,16269.2,6452.6,269.7,79.14,100,41,86,5.7,5.5,14.0,1,5
1783012922.891,764.506,300.5,79.14,100,44,90,1.9,4.5,291.7,79.15,100,43,86,1.8,17136.5,280.3,79.15,100,39,89,19772.4,841.3,272.0,79.14,100,42,87,8.9,4.8,14.0,1,5
1783012923.335,764.950,301.9,79.14,100,48,89,3.4,4.7,295.3,79.15,100,47,86,3.6,14536.4,284.5,79.15,100,45,90,15785.0,5218.1,276.7,79.14,100,39,86,2.4,4.6,14.0,1,5
1783012923.777,765.392,300.8,79.14,100,53,90,4.3,7.3,294.6,79.15,100,52,86,1.8,17134.8,285.3,79.15,100,38,89,20746.4,5.3,276.3,79.14,100,41,87,2.7,4.8,14.0,1,5
1783012924.226,765.841,298.7,79.14,100,45,90,7.5,5.5,293.0,79.15,100,45,86,505.3,17105.9,284.9,79.15,100,41,90,20751.0,5.0,274.6,79.14,100,42,87,9.7,5.0,14.0,1,5
1783012924.668,766.283,299.6,79.14,100,51,90,4.2,17112.3,292.7,79.15,100,46,86,20703.8,11.3,283.8,79.15,100,36,89,8.5,17215.3,273.0,79.14,100,39,87,20751.8,6.3,14.0,1,5
1783012925.116,766.732,298.0,79.14,100,41,90,2.6,196.4,289.3,79.15,100,43,86,19358.7,17104.0,281.4,79.15,100,32,89,2.2,6.0,269.4,79.14,100,34,86,19462.6,13997.0,17.0,2,5
1783012925.558,767.173,291.1,79.14,98,23,91,4.0,4.3,282.3,79.15,98,14,85,20712.0,17110.5,265.5,79.15,100,10,89,2.1,4.5,255.9,79.14,100,30,86,2.0,5848.7,17.0,2,5
1783012926.001,767.616,289.5,79.14,100,52,89,11221.0,3.9,283.0,79.15,100,50,86,2.7,4.2,273.8,79.15,100,56,90,13735.1,14177.1,265.8,79.14,100,43,86,9320.9,4.6,17.0,2,5
1783012926.441,768.056,289.5,79.14,100,52,89,20709.0,15532.1,297.0,79.15,100,55,86,1020.3,4.6,273.8,79.15,100,56,90,3.5,541.2,265.8,79.14,100,43,86,19697.4,17210.5,17.0,2,5
1783012926.886,768.501,297.4,79.14,100,51,90,4603.5,14451.6,297.0,79.15,100,55,86,17850.4,5.1,285.2,79.15,100,43,90,5.9,507.3,282.8,79.14,100,53,87,19693.5,17205.4,17.0,2,5
1783012927.331,768.946,299.6,79.14,100,52,90,14730.9,5.7,297.9,79.15,100,49,86,5.6,17117.2,289.0,79.15,100,37,88,20747.4,6.1,278.1,79.14,100,40,86,2.2,11736.3,17.0,2,5
1783012927.773,769.389,296.8,79.14,99,41,90,18322.7,15502.5,290.4,79.15,100,41,86,2.7,5.8,284.2,79.15,100,33,89,20743.5,15790.0,271.0,79.14,100,37,86,251.7,5.2,17.0,2,5
1783012928.217,769.832,294.7,79.14,100,45,89,1.9,4.6,286.1,79.15,100,45,85,2.8,17116.3,277.1,79.15,100,38,89,20748.1,4.6,269.7,79.14,100,39,86,4.0,5.7,17.0,2,5
1783012928.659,770.274,299.2,79.14,100,53,90,4.0,4.6,287.2,79.15,100,46,85,3113.8,15014.7,280.3,79.15,100,37,89,18537.8,10.0,271.1,79.14,100,40,86,7.4,4624.4,17.0,2,5
1783012929.106,770.722,302.7,79.14,100,49,90,2.7,4.4,294.9,79.15,100,55,86,8822.2,14398.6,283.4,79.15,100,40,89,13873.7,4.5,276.9,79.14,100,48,87,4.4,3.9,17.0,2,5
1783012929.549,771.164,301.3,79.14,100,56,90,1.9,4.6,295.6,79.15,100,48,85,2.3,17141.3,286.4,79.15,100,38,89,20692.6,5.3,277.2,79.14,100,41,85,1.9,4.5,17.0,2,5
1783012929.992,771.607,299.7,79.14,100,48,89,4.3,4.4,296.0,79.15,100,45,86,1.9,10095.3,289.5,79.15,100,41,90,17295.2,8600.9,279.8,79.14,100,42,87,2.8,4.9,17.0,2,5
1783012930.437,772.052,299.7,79.14,100,48,89,9301.0,4.6,297.1,79.15,100,53,86,3.5,51.6,289.5,79.15,100,41,90,19689.8,17194.2,279.8,79.14,100,42,87,10.8,4.7,17.0,2,5
1783012930.881,772.496,302.0,79.14,100,54,90,4402.4,4.7,297.1,79.15,100,53,86,3.0,17133.4,286.2,79.15,100,38,89,20754.7,8.2,278.2,79.14,100,41,87,2.8,8638.4,17.0,2,5
1783012931.332,772.947,299.0,79.14,100,46,89,20709.8,17110.4,293.3,79.15,100,47,86,3.1,6.4,286.2,79.15,100,40,89,6330.8,14922.9,276.1,79.14,100,35,87,15654.4,5.4,17.0,2,5
1783012931.772,773.387,298.3,79.14,100,45,90,14565.0,16930.2,291.9,79.15,100,43,86,16089.9,8210.1,280.0,79.15,100,36,90,2.2,4.6,272.0,79.14,100,40,87,144.1,17259.8,20.0,2,4
1783012932.214,773.829,295.6,79.14,100,61,90,2.5,4.0,285.1,79.15,100,61,86,2.4,8841.1,275.1,79.15,100,43,88,15437.5,11464.0,266.2,79.14,100,54,87,4.3,4.4,20.0,2,4
1783012932.655,774.270,297.8,79.14,100,65,90,15714.2,13792.4,290.1,79.15,100,59,86,3.3,7.4,284.9,79.15,100,40,89,10.3,17281.9,275.6,79.14,100,51,87,20711.9,7.4,20.0,2,4
1783012933.101,774.716,300.1,79.14,100,55,90,9847.8,13073.5,298.8,79.15,100,47,85,14701.5,4.8,295.3,79.15,100,42,89,2.7,2429.3,283.6,79.14,100,42,86,16760.3,17190.7,20.0,2,4
1783012933.544,775.159,296.8,79.14,100,46,90,16203.1,7125.7,299.5,79.15,100,44,86,4.6,5.5,286.5,79.15,100,36,89,20763.2,17189.2,279.4,79.14,100,36,87,2.3,5.8,20.0,2,4
1783012933.985,775.600,299.4,79.14,100,44,90,5.6,17114.6,291.9,79.15,99,44,86,20704.2,6.4,286.5,79.15,100,36,89,3.1,8850.0,269.9,79.14,100,37,86,16321.8,10536.1,20.0,2,4
1783012934.427,776.042,299.4,79.14,100,44,90,20705.1,5.2,291.9,79.15,99,44,86,3.8,2453.6,279.1,79.15,100,35,89,16538.6,16910.8,269.9,79.14,100,37,86,2.2,4.6,20.0,2,4
1783012934.868,776.483,298.3,79.14,100,47,90,10981.6,5.1,286.3,79.15,100,47,86,2.2,11504.3,280.0,79.15,100,37,89,17176.1,7274.4,267.7,79.14,100,40,85,5.5,4.6,20.0,2,4
1783012935.315,776.930,298.8,79.14,100,44,90,2.8,4.6,291.4,79.15,100,44,86,1.8,13444.3,280.3,79.15,100,37,90,15825.5,6690.2,276.3,79.14,100,50,87,4.0,4.7,20.0,2,4
1783012935.756,777.371,300.5,79.14,100,51,90,12842.0,5.0,291.9,79.15,100,47,85,5.0,941.8,286.6,79.15,100,40,89,18751.0,16709.1,276.4,79.14,100,41,86,2.8,4.7,20.0,2,4
1783012936.202,777.818,300.3,79.14,100,47,89,20704.5,5.1,294.8,79.15,100,47,86,2.8,5.1,289.4,79.15,100,41,90,20745.6,14446.8,277.3,79.14,100,44,87,1757.1,4.8,20.0,2,4
1783012936.644,778.259,302.5,79.14,100,54,90,17173.2,2855.8,296.6,79.15,100,51,86,3.6,6.1,285.5,79.15,100,38,88,20774.5,17198.8,277.5,79.14,100,40,86,9.4,7.1,20.0,2,4
1783012937.100,778.715,298.7,79.14,100,47,91,10928.6,5.4,294.5,79.15,100,46,86,2.1,17114.3,285.6,79.15,100,44,90,20751.8,11.4,275.7,79.14,100,39,86,2.0,2196.0,20.0,2,4
1783012937.549,779.165,296.6,79.14,100,43,89,20521.7,13263.1,292.2,79.15,100,44,85,3736.9,5.8,282.3,79.15,100,31,90,5468.1,13886.1,275.4,79.14,100,38,86,17331.2,5.9,20.0,2,4
1783012937.990,779.605,298.0,79.14,100,46,89,20709.2,17111.3,288.7,79.15,100,45,86,20703.7,16981.2,282.3,79.15,100,31,90,20747.1,16665.5,260.6,79.14,100,10,88,2.0,4.6,23.0,3,4
1783012938.434,780.049,298.0,79.14,100,46,89,20710.4,15767.3,285.4,79.15,100,64,86,544.0,4.9,276.8,79.15,98,28,88,1.8,3.4,260.6,79.14,100,10,88,19804.5,17220.5,23.0,3,4
1783012938.877,780.492,293.4,79.14,100,53,90,3.4,4.7,285.4,79.15,100,64,86,20729.6,16425.1,274.3,79.15,100,42,90,6.5,9.0,269.1,79.14,100,61,87,1.9,2956.5,23.0,3,4
1783012939.323,780.938,295.2,79.14,100,56,90,8.9,4.6,291.5,79.15,100,60,86,1.9,17146.9,284.5,79.15,100,42,89,20749.6,7.7,284.4,79.14,100,56,87,10.9,4.8,23.0,3,4
1783012939.764,781.379,299.1,79.14,100,53,90,9.0,3661.0,298.2,79.15,100,46,85,18054.8,14806.6,293.3,79.15,100,37,89,3.8,5.7,278.2,79.14,100,40,86,17970.5,14632.2,23.0,3,4
1783012940.208,781.823,296.8,79.14,99,45,90,11185.0,5.7,294.2,79.15,100,45,86,2.1,17115.7,285.9,79.15,100,34,89,20746.4,5.9,272.3,79.14,100,36,87,3.8,13593.2,23.0,3,4
1783012940.651,782.266,296.0,79.14,100,43,89,7050.2,14972.9,288.0,79.15,100,45,85,13821.5,9.8,276.6,79.15,100,35,90,6.8,17223.8,269.8,79.14,100,40,86,20752.5,7.4,23.0,3,4
1783012941.100,782.716,296.8,79.14,100,49,90,17901.5,14578.6,286.8,79.15,100,48,86,2.0,5.2,280.5,79.15,100,43,89,6626.6,15007.0,270.4,79.14,100,39,86,15413.0,4.9,23.0,3,4
1783012941.540,783.156,302.5,79.14,100,48,90,17430.2,5157.9,293.0,79.15,100,47,86,4.4,4.7,283.4,79.15,100,38,90,6785.8,14523.6,273.6,79.14,100,47,87,15997.3,4.6,23.0,3,4
1783012941.980,783.595,301.2,79.14,100,48,89,20712.2,17109.2,294.5,79.15,100,47,85,2.0,4.6,283.4,79.15,100,38,90,3.1,17244.5,273.6,79.14,100,47,87,20752.9,4.7,23.0,3,4
1783012942.423,784.039,301.2,79.14,100,48,89,20706.5,17112.6,294.5,79.15,100,47,85,3.0,4.9,285.7,79.15,100,45,89,1.9,16112.4,276.7,79.14,100,40,85,17491.2,2714.8,23.0,3,4
1783012942.865,784.480,300.7,79.14,100,51,90,20710.6,17112.6,297.1,79.15,100,56,86,2.3,4.9,285.8,79.15,100,38,88,3.5,16629.5,276.4,79.14,100,43,87,20721.8,5.3,23.0,3,4
1783012943.308,784.923,300.1,79.14,100,50,89,17563.6,11310.2,293.8,79.15,100,47,85,2.0,5.6,286.8,79.15,100,41,90,16175.4,14628.0,275.4,79.14,100,40,86,6171.2,6.2,23.0,3,4
1783012943.751,785.367,298.8,79.14,100,46,90,9.7,11036.7,290.3,79.15,100,45,86,18285.6,7475.3,284.3,79.15,100,37,89,4.6,6.0,273.5,79.14,100,40,85,19699.7,17190.4,23.0,3,4
1783012944.197,785.812,298.4,79.14,100,41,90,6578.9,17395.4,288.7,79.15,100,44,86,12286.0,16800.2,280.9,79.15,100,32,90,20748.2,3345.9,270.1,79.14,100,39,86,20504.8,13377.6,26.0,3,3
1783012944.643,786.258,291.6,79.14,100,36,89,1.8,4.0,282.4,79.15,100,47,86,1727.2,15650.8,273.9,79.15,100,51,90,20757.8,6.3,268.1,79.14,100,45,87,11.9,501.8,26.0,3,3
1783012945.101,786.716,296.2,79.14,100,50,90,15250.5,4.4,291.9,79.15,100,51,86,1.9,4.2,282.8,79.15,100,45,90,20784.0,15384.1,275.9,79.14,100,47,87,667.2,4.6,26.0,3,3
1783012945.543,787.158,301.7,79.14,100,54,90,20709.1,17109.3,303.5,79.15,100,61,86,3.5,4.7,294.5,79.15,100,40,89,1.9,13618.1,284.2,79.14,100,49,87,15726.1,6493.9,26.0,3,3
1783012945.984,787.599,298.5,79.14,100,47,90,16529.0,14654.2,294.5,79.15,100,45,86,2.2,5.7,294.5,79.15,100,40,89,19231.6,13410.2,276.8,79.14,100,38,85,4474.9,5.7,26.0,3,3
1783012946.425,788.040,298.5,79.14,100,47,90,3.0,11506.3,294.5,79.15,100,45,86,16059.7,8424.9,291.2,79.15,100,34,90,2.7,5.4,276.8,79.14,100,38,85,20773.3,17191.2,26.0,3,3
1783012946.866,788.481,294.8,79.14,100,42,90,20705.3,5.0,287.3,79.15,100,44,85,3.1,4.4,281.7,79.15,100,33,90,20763.7,17202.0,269.9,79.14,100,35,87,6.6,5.4,26.0,3,3
1783012947.308,788.924,297.2,79.14,100,45,89,3035.4,10.3,288.0,79.15,100,44,86,2.0,17122.7,275.7,79.15,100,37,90,20749.5,5.7,269.4,79.14,100,39,87,3.0,4.6,26.0,3,3
1783012947.758,789.373,299.8,79.14,100,45,90,10.3,6.2,288.3,79.15,100,44,86,19736.5,13117.0,282.2,79.15,100,38,90,4374.8,4.8,270.2,79.14,100,41,86,1.9,5830.9,26.0,3,3
1783012948.208,789.823,302.1,79.14,100,50,90,2.9,4.5,294.9,79.15,100,54,86,1701.8,15695.9,284.1,79.15,100,37,88,20751.7,4.9,274.8,79.14,100,49,87,2.6,4.3,26.0,3,3
1783012948.649,790.264,300.6,79.14,100,46,90,1.9,4.5,294.0,79.15,100,47,86,4.4,17141.4,285.6,79.15,100,43,90,19266.1,1204.4,276.3,79.14,100,40,87,8.6,7.7,26.0,3,3
1783012949.096,790.712,299.0,79.14,100,46,90,1.9,4.4,295.5,79.15,100,50,86,175.2,17140.1,284.1,79.15,100,37,89,20751.7,4.8,276.9,79.14,100,44,87,2.7,4.8,26.0,3,3
1783012949.537,791.152,300.4,79.14,100,47,90,2.0,5.3,293.9,79.15,100,46,86,7624.7,13638.5,284.0,79.15,100,42,89,15648.8,5.6,275.0,79.14,100,39,87,4.1,14846.3,26.0,3,3
1783012949.978,791.594,298.7,79.14,100,39,90,20708.6,17109.2,288.5,79.15,100,42,85,3.1,5.7,284.0,79.15,100,42,89,7422.8,15260.9,275.0,79.14,100,39,87,13987.2,6.0,26.0,3,3
1783012950.420,792.035,298.7,79.14,100,39,90,3.0,8378.0,288.5,79.15,100,42,85,28051.5,14495.8,284.1,79.15,100,31,90,20603.4,13872.5,272.6,79.14,100,38,85,20259.4,14093.8,29.0,4,3
1783012950.862,792.477,296.7,79.14,100,45,90,10983.8,4.2,288.3,79.15,100,45,85,3.6,4.2,270.2,79.15,98,31,88,20108.0,17207.2,262.4,79.14,98,10,86,5.3,4.2,29.0,4,3
1783012951.316,792.932,291.1,79.14,100,51,90,19600.4,14014.3,284.5,79.15,100,51,86,3983.6,4.8,278.3,79.15,100,47,90,9.6,5675.0,268.2,79.14,100,49,87,17622.3,12935.3,29.0,4,3
1783012951.761,793.376,295.1,79.14,100,49,90,7.4,15752.1,291.5,79.15,100,57,86,17568.9,3068.5,290.9,79.15,100,40,90,3.5,4.7,275.7,79.14,100,56,87,8809.7,14548.5,29.0,4,3
1783012952.206,793.822,300.6,79.14,100,53,90,7440.7,14919.3,297.8,79.15,100,50,86,14926.6,5.7,286.4,79.15,100,37,88,3.0,17229.2,278.4,79.14,100,40,86,20720.5,6.1,29.0,4,3
1783012952.648,794.263,298.8,79.14,100,45,90,2.1,5.6,292.2,79.15,99,45,86,20708.8,17105.7,285.4,79.15,100,35,89,6.3,11.9,273.8,79.14,100,36,85,20777.5,17197.7,29.0,4,3
1783012953.101,794.716,295.3,79.14,100,38,90,16600.8,5.1,287.0,79.15,100,43,86,2.0,4600.8,278.6,79.15,100,35,89,18312.1,13371.8,269.6,79.14,100,40,86,3.0,5.5,29.0,4,3
1783012953.543,795.158,297.3,79.14,100,55,90,2.4,4.8,285.4,79.15,100,48,85,1.9,17129.7,280.0,79.15,100,38,89,20744.8,5.1,270.3,79.14,100,40,86,2.0,4.5,29.0,4,3
1783012953.985,795.600,302.4,79.14,100,46,90,6.7,4.8,294.4,79.15,100,50,86,5827.6,14607.2,280.0,79.15,100,38,89,16420.9,4.5,275.9,79.14,100,48,87,2.6,4.8,29.0,4,3
1783012954.426,796.042,302.4,79.14,100,46,90,6.8,4.5,294.4,79.15,100,50,86,2.9,17154.4,281.7,79.15,100,38,89,20642.1,242.0,275.9,79.14,100,48,87,3.5,4.7,29.0,4,3
1783012954.869,796.484,302.1,79.14,100,49,90,2573.9,4.5,294.7,79.15,100,48,85,3.7,9118.2,286.2,79.15,100,44,89,17403.8,8846.2,276.9,79.14,100,41,87,1.9,5.0,29.0,4,3
1783012955.314,796.930,299.8,79.14,100,50,90,2.0,4.5,296.1,79.15,100,49,86,1.9,6564.7,289.2,79.15,100,39,90,18087.8,11676.9,280.3,79.14,100,44,87,3.7,10.4,29.0,4,3
1783012955.757,797.372,300.5,79.14,100,57,90,5073.8,7.5,295.3,79.15,100,48,85,5.6,11616.5,286.2,79.15,100,37,89,17669.6,6707.1,277.3,79.14,100,40,86,2.0,5.4,29.0,4,3
1783012956.198,797.813,299.2,79.14,100,46,90,2.1,17118.4,293.9,79.15,100,47,86,20701.9,6.0,284.0,79.15,100,38,88,2.9,2219.2,273.7,79.14,100,42,87,18152.0,15992.9,29.0,4,3
1783012956.639,798.254,300.5,79.14,100,42,90,4395.1,5.8,291.5,79.15,99,41,86,495.5,23119.5,279.9,79.15,100,35,89,9170.7,17206.8,270.5,79.14,100,38,86,20755.0,5747.6,32.0,4,2
1783012957.084,798.700,288.9,79.14,100,10,90,4.0,4.0,278.9,79.15,100,20,86,7012.0,12086.4,273.4,79.15,100,48,88,18239.7,4.2,261.5,79.14,100,36,85,2.6,4.0,32.0,4,2
1783012957.525,799.140,277.7,79.14,100,69,90,20710.7,17109.4,282.7,79.15,100,54,86,1.9,4.5,277.0,79.15,100,39,90,1.9,3047.8,270.0,79.14,100,49,87,16568.2,16711.1,32.0,4,2
1783012957.966,799.581,277.7,79.14,100,69,90,3.6,2699.9,291.2,79.15,100,47,85,16649.5,17108.9,277.0,79.15,100,39,90,4.0,5.1,270.0,79.14,100,49,87,494.0,16805.9,32.0,4,2
1783012958.408,800.023,286.1,79.14,100,53,90,2.8,4.5,291.2,79.15,100,47,85,20719.2,17107.4,287.9,79.15,100,45,89,2.6,5.8,278.6,79.14,100,43,85,7370.3,13680.4,32.0,4,2
1783012958.850,800.465,296.4,79.14,100,46,89,16315.2,5692.1,299.9,79.15,100,45,86,2.2,1616.9,287.8,79.15,100,39,89,17371.8,17195.2,282.3,79.14,100,37,87,5.9,13.8,32.0,4,2
1783012959.294,800.909,298.8,79.14,100,42,90,2218.1,15231.5,293.7,79.15,100,40,86,20704.4,5.3,279.3,79.15,100,33,90,3.0,6211.6,273.1,79.14,100,36,87,16521.7,13298.5,32.0,4,2
1783012959.733,801.349,298.0,79.14,100,46,90,18283.1,17111.6,286.1,79.15,100,45,86,7.9,7.4,277.7,79.15,100,37,89,1077.7,16740.1,266.1,79.14,100,40,87,20755.4,4.8,32.0,4,2
1783012960.180,801.796,298.9,79.14,100,45,89,15983.2,5792.5,289.0,79.15,100,44,86,1.9,4.9,282.0,79.15,100,37,90,13785.1,13381.5,273.2,79.14,100,41,87,10374.5,4.7,32.0,4,2
1783012960.620,802.235,300.3,79.14,100,53,90,16275.2,12879.0,291.5,79.15,100,48,85,2.7,4.5,285.5,79.15,100,39,89,1.8,17257.4,275.6,79.14,100,41,86,20756.5,7.0,32.0,4,2
1783012961.066,802.681,301.0,79.14,100,47,89,20707.8,17107.7,294.9,79.15,100,46,86,3.6,4.6,286.6,79.15,100,39,90,2.4,11510.7,277.7,79.14,100,45,87,15697.8,8838.8,32.0,4,2
1783012961.507,803.122,300.4,79.14,100,49,90,18491.3,15390.2,296.3,79.15,100,48,86,277.9,5.4,285.3,79.15,100,37,88,2.3,15269.8,276.3,79.14,100,39,86,15684.0,4777.7,32.0,4,2
1783012961.952,803.567,300.4,79.14,100,49,90,19589.1,13392.2,293.6,79.15,100,45,86,3528.6,5.4,285.3,79.15,100,37,88,1.9,9429.0,276.3,79.14,100,39,86,16231.3,10284.9,32.0,4,2
1783012962.395,804.010,298.7,79.14,100,46,90,20706.5,5.8,293.6,79.15,100,45,86,2.5,13051.1,286.1,79.15,100,42,90,16057.7,6689.2,275.8,79.14,100,41,87,2.2,134.6,32.0,4,2
1783012962.838,804.454,297.4,79.14,100,46,90,18513.8,13226.4,291.3,79.15,100,45,87,5886.5,5.8,281.5,79.15,99,31,89,2.0,17217.7,274.4,79.14,100,36,86,20752.1,10.8,35.0,5,2
1783012963.280,804.896,297.6,79.14,100,44,89,2.1,17114.2,287.6,79.15,100,46,86,20705.1,4.5,274.7,79.15,100,36,88,3.6,4.8,266.9,79.14,98,34,87,15627.1,14634.4,35.0,5,2
1783012963.723,805.338,293.8,79.14,100,63,90,7.9,7.3,282.8,79.15,100,62,86,5.0,17169.9,273.9,79.15,100,43,88,19684.7,4.4,265.7,79.14,100,58,87,3.8,4.4,35.0,5,2
1783012964.175,805.791,295.5,79.14,100,62,90,13911.3,4.0,288.6,79.15,100,59,86,4.1,4.4,284.8,79.15,100,41,90,14712.5,14211.6,274.8,79.14,100,47,87,8160.7,4.8,35.0,5,2
1783012964.616,806.232,298.6,79.14,100,53,90,17773.3,4701.5,299.7,79.15,100,50,86,2.8,4.7,292.9,79.15,100,42,89,5635.5,14998.9,281.4,79.14,100,39,87,15488.5,10.1,35.0,5,2
1783012965.059,806.674,299.4,79.14,100,43,90,2.6,1111.9,295.7,79.15,100,43,86,18465.2,16747.9,285.9,79.15,100,36,89,2.1,6.2,277.2,79.14,100,39,86,20763.9,16310.5,35.0,5,2
1783012965.501,807.116,297.4,79.14,100,44,90,10878.6,5.5,287.7,79.15,100,45,86,2.1,17108.8,277.2,79.15,100,30,90,20750.8,5.1,269.2,79.14,100,39,86,2.1,1457.0,35.0,5,2
1783012965.946,807.561,297.4,79.14,100,44,90,5.1,3339.0,286.1,79.15,100,47,86,17876.1,15202.3,277.2,79.15,100,30,90,1.9,4.7,269.2,79.14,100,39,86,3.7,17261.4,35.0,5,2
1783012966.388,808.003,294.9,79.14,100,46,89,3.9,11541.3,286.1,79.15,100,47,86,17643.3,7482.3,280.2,79.15,100,46,89,4.1,6.0,270.6,79.14,100,41,85,12990.2,15235.9,35.0,5,2
1783012966.829,808.445,302.6,79.14,100,59,90,1.8,12039.1,292.8,79.15,100,58,86,17373.9,6954.1,282.8,79.15,100,39,89,2.4,4.9,273.8,79.14,100,41,87,3115.0,14886.7,35.0,5,2
1783012967.273,808.888,301.9,79.14,100,49,90,1.9,5076.3,294.8,79.15,100,47,85,19078.8,12681.0,286.5,79.15,100,44,90,3.5,4.6,277.1,79.14,100,42,86,490.0,17264.8,35.0,5,2
1783012967.715,809.331,300.2,79.14,100,55,90,9.0,1977.7,295.0,79.15,100,56,86,18652.6,11180.5,285.9,79.15,100,40,88,5.3,5.0,277.7,79.14,100,49,87,11410.3,14604.5,35.0,5,2
1783012968.168,809.784,299.3,79.14,100,48,89,1.9,15774.5,293.3,79.15,100,48,85,17634.2,2930.7,285.2,79.15,100,46,90,2.5,4.9,276.2,79.14,100,41,86,11455.8,14592.7,35.0,5,2
1783012968.609,810.225,299.4,79.14,100,49,90,20708.6,17111.9,291.5,79.15,100,48,86,4.2,5.8,284.5,79.15,100,37,88,9639.0,14993.9,273.0,79.14,100,40,86,12322.3,11.2,35.0,5,2
1783012969.057,810.672,299.6,79.14,99,44,90,2.5,15179.0,290.4,79.15,100,44,86,17839.7,3503.3,279.3,79.15,100,33,89,8.3,2881.7,269.4,79.14,100,36,86,18223.7,15041.1,38.0,5,1
1783012969.499,811.115,290.4,79.14,100,10,92,10.6,6.7,282.4,79.15,100,9,86,1.9,14218.6,274.1,79.15,100,9,90,15742.5,5749.5,266.2,79.14,100,51,87,10.8,10.4,38.0,5,1
1783012969.943,811.558,290.4,79.14,100,10,92,20708.7,17110.8,289.3,79.15,100,65,86,4.1,4.4,274.1,79.15,100,9,90,1.8,8197.4,266.2,79.14,100,51,87,15698.5,12188.6,38.0,5,1
1783012970.391,812.007,294.5,79.14,100,53,90,3.4,8811.3,289.3,79.15,100,65,86,16269.8,10987.9,282.3,79.15,100,42,90,3.8,4.3,274.9,79.14,100,56,87,2.8,14325.5,38.0,5,1
1783012970.834,812.449,298.9,79.14,100,59,90,2.7,4.7,296.6,79.15,100,62,86,18488.8,13031.0,292.4,79.15,100,41,89,5750.3,4.8,286.4,79.14,100,57,87,2.3,5038.0,38.0,5,1
1783012971.276,812.891,298.2,79.14,100,47,90,14416.1,13638.9,293.8,79.15,100,44,85,9616.7,6.1,291.1,79.15,100,40,89,3.9,17079.6,277.5,79.14,100,39,87,20748.2,6.1,38.0,5,1
1783012971.717,813.332,296.2,79.14,100,40,90,10.6,937.3,288.4,79.15,100,43,86,17800.6,15374.1,282.5,79.15,100,28,90,5.9,5.7,270.4,79.14,100,37,86,20770.5,15361.6,38.0,5,1
1783012972.164,813.779,296.0,79.14,100,45,91,16455.9,13386.6,287.7,79.15,100,45,86,3.6,4.6,276.4,79.15,100,37,90,1.8,17234.6,269.6,79.14,100,42,87,20749.7,4.9,38.0,5,1
1783012972.605,814.220,297.9,79.14,100,46,90,17586.2,2529.1,288.6,79.15,100,45,86,2.8,4.6,281.1,79.15,100,40,89,5477.9,18361.2,270.4,79.14,100,39,86,12198.6,10.1,38.0,5,1
1783012973.051,814.666,302.9,79.14,100,55,90,20706.1,4.6,293.7,79.15,100,56,86,1.9,4.7,283.5,79.15,100,38,89,16214.3,12808.6,273.9,79.14,100,46,87,8597.6,10.3,38.0,5,1
1783012973.494,815.110,299.5,79.14,100,47,89,15846.1,5756.1,293.8,79.15,100,46,86,4.7,4.8,283.5,79.15,100,38,89,4907.8,13577.8,276.0,79.14,100,40,86,19102.3,5.3,38.0,5,1
1783012973.936,815.552,299.5,79.14,100,47,89,16695.7,9867.0,296.3,79.15,100,47,86,7.0,4.7,285.9,79.15,100,42,89,2521.1,15244.0,276.0,79.14,100,40,86,20749.0,5.0,38.0,5,1
1783012974.378,815.993,299.5,79.14,100,45,90,16341.0,12139.8,296.3,79.15,100,47,86,4.5,4.9,284.3,79.15,100,37,88,3406.1,14337.4,276.3,79.14,100,45,87,19688.1,5.1,38.0,5,1
1783012974.819,816.434,299.3,79.14,100,45,89,8548.0,5.5,293.1,79.15,100,45,86,2.2,17122.8,283.7,79.15,100,41,90,20752.3,6.5,275.2,79.14,100,40,85,2.3,12039.8,38.0,5,1
1783012975.264,816.879,298.9,79.14,100,45,90,16383.1,16871.8,288.3,79.15,100,46,85,3.1,5.9,282.6,79.15,100,30,89,20757.4,15106.6,271.8,79.14,100,35,85,885.6,5.9,38.0,5,1
1783012975.705,817.320,297.0,79.14,100,43,91,20714.0,9.8,287.5,79.15,100,44,86,10.4,11.9,273.0,79.15,100,33,88,19700.6,17064.1,267.2,79.14,99,33,86,2.7,4.5,41.0,6,1
1783012976.162,817.778,291.0,79.14,100,61,90,20381.8,13663.1,282.5,79.15,100,61,86,3492.7,4.3,271.2,79.15,100,42,88,1.9,3.8,264.7,79.14,100,58,87,20800.0,15832.8,41.0,6,1
1783012976.604,818.219,294.8,79.14,100,61,90,3.8,3.5,288.2,79.15,100,58,86,20218.8,17111.4,282.1,79.15,100,40,90,2.4,5.1,273.4,79.14,100,46,87,5.1,11909.4,41.0,6,1
1783012977.051,818.666,298.1,79.14,100,53,90,1.9,4.5,299.6,79.15,100,49,86,20715.7,15616.7,293.5,79.15,100,44,89,342.6,4.9,280.9,79.14,100,40,86,3.5,8643.0,41.0,6,1
1783012977.495,819.110,297.0,79.14,100,44,90,20708.7,16237.4,296.5,79.15,100,42,86,66.2,6.9,293.5,79.15,100,44,89,8624.6,15072.8,277.2,79.14,100,39,86,13345.8,5.9,41.0,6,1
1783012977.936,819.551,297.0,79.14,100,44,90,5.7,13940.0,288.1,79.15,100,42,86,17920.2,4892.6,286.8,79.15,100,37,89,2.1,5.0,277.2,79.14,100,39,86,20770.2,17203.6,41.0,6,1
1783012978.377,819.992,295.9,79.14,100,45,90,17841.9,6456.0,288.1,79.15,100,44,87,4.5,4.7,276.7,79.15,99,30,90,4097.5,14995.6,269.2,79.14,100,39,86,18223.8,4.7,41.0,6,1
1783012978.818,820.434,295.4,79.14,100,46,89,20707.5,5.2,286.8,79.15,100,48,85,2.8,4.4,280.1,79.15,100,45,89,10705.8,14712.9,270.4,79.14,100,41,86,11615.4,7.5,41.0,6,1
1783012979.262,820.878,302.2,79.14,100,59,90,20710.5,4.7,292.3,79.15,100,59,86,2.7,4.6,282.9,79.15,100,39,89,15107.8,14408.9,273.1,79.14,100,41,87,7449.9,4.6,41.0,6,1
1783012979.707,821.322,301.7,79.14,100,49,90,17431.3,12240.4,294.9,79.15,100,48,85,10.4,9.6,287.2,79.15,100,46,90,7725.9,14590.1,277.3,79.14,100,42,86,14614.8,4.6,41.0,6,1
1783012980.157,821.772,301.5,79.14,100,53,90,17817.9,15679.9,298.2,79.15,100,60,86,1.9,4.6,287.4,79.15,100,41,88,1.8,17241.8,280.7,79.14,100,51,87,20748.3,5.1,41.0,6,1
1783012980.598,822.214,299.6,79.14,100,50,90,20710.0,17110.3,295.9,79.15,100,50,87,3.0,4.7,288.0,79.15,100,50,89,5.2,10989.6,278.1,79.14,100,42,86,22362.1,3761.4,41.0,6,1
1783012981.042,822.657,298.8,79.14,100,47,90,20708.7,17108.1,297.5,79.15,100,51,86,2.8,4.9,285.7,79.15,100,37,88,1.9,17223.9,276.1,79.14,100,42,87,20749.2,5.8,41.0,6,1
1783012981.483,823.098,300.0,79.14,100,46,90,3.1,5.8,294.4,79.15,100,47,86,20709.3,17105.7,285.7,79.15,100,37,88,3.1,6.4,276.1,79.14,100,42,87,4604.6,15030.4,41.0,6,1
1783012981.926,823.541,300.0,79.14,100,46,90,20942.2,14748.1,294.4,79.15,100,47,86,17661.0,16629.1,279.9,79.15,100,36,90,17426.4,2392.5,272.5,79.14,100,34,87,2.9,4.5,43.0,6,0
1783012982.371,823.986,294.2,79.14,98,9,90,17159.6,2825.9,284.5,79.15,98,8,85,3.4,4.2,276.2,79.15,100,7,89,1.8,15336.7,262.2,79.14,100,22,86,15340.9,4991.1,43.0,6,0
1783012982.812,824.427,294.6,79.14,100,51,90,3.5,14698.6,286.4,79.15,100,50,86,15647.7,5675.7,284.6,79.15,100,58,90,1.9,4.5,271.9,79.14,100,43,86,1084.5,16786.4,43.0,6,0
1783012983.255,824.871,299.2,79.14,100,50,89,2.5,4.5,293.0,79.15,100,49,86,17117.0,13114.8,296.1,79.15,100,51,90,5262.6,4.9,282.9,79.14,100,43,87,4.6,7517.7,43.0,6,0
1783012983.701,825.316,301.5,79.14,100,51,90,7.1,17116.6,298.6,79.15,100,50,86,20710.1,8.7,287.1,79.15,100,37,89,7.3,5074.8,279.3,79.14,100,47,87,17575.5,12417.3,43.0,6,0
1783012984.148,825.764,298.5,79.14,100,44,90,2.2,5.6,292.7,79.15,100,40,86,8988.6,13745.1,279.6,79.15,100,33,88,14211.5,5.9,269.5,79.14,100,35,86,5.2,17222.4,43.0,6,0
1783012984.591,826.206,295.4,79.14,100,43,90,18060.9,13372.0,285.7,79.15,100,44,85,6438.6,5.3,279.9,79.15,100,37,89,4.1,17226.5,268.3,79.14,100,40,87,20750.5,5.5,43.0,6,0
1783012985.034,826.650,299.2,79.14,100,49,90,16610.1,16714.9,288.4,79.15,100,52,86,3.0,5.1,279.9,79.15,100,37,89,5207.7,13804.3,270.5,79.14,100,43,87,18238.4,4.7,43.0,6,0
1783012985.476,827.091,299.2,79.14,100,49,90,16084.1,10892.2,292.5,79.15,100,47,86,1.8,4.7,279.9,79.15,100,37,89,1066.7,16764.6,270.5,79.14,100,43,87,20750.9,5.3,43.0,6,0
1783012985.917,827.532,300.3,79.14,100,46,91,20710.1,13531.1,292.5,79.15,100,47,86,3496.5,7.0,286.3,79.15,100,45,90,2.9,7570.9,276.3,79.14,100,41,86,16018.3,12449.7,43.0,6,0
1783012986.358,827.973,300.6,79.14,100,54,90,1.7,17114.2,295.1,79.15,100,57,86,20705.4,5.1,286.6,79.15,100,38,88,2.9,4.7,277.1,79.14,100,47,87,20783.6,17200.3,43.0,6,0
1783012986.799,828.415,300.6,79.14,100,49,90,5.1,17113.7,295.6,79.15,100,47,86,19675.6,886.6,287.7,79.15,100,41,89,3.6,4.8,276.7,79.14,100,40,86,13883.3,17301.8,43.0,6,0
1783012987.243,828.859,298.8,79.14,100,46,90,2.4,17115.6,295.4,79.15,100,52,86,20704.4,5.4,286.2,79.15,100,37,89,2.1,4207.1,278.2,79.14,100,45,87,16455.3,15298.3,43.0,6,0
1783012987.684,829.300,298.4,79.14,100,46,89,12750.8,8.2,293.8,79.15,100,46,85,6.8,17115.4,282.1,79.15,100,39,90,20751.0,11.8,275.8,79.14,100,36,86,2.9,12013.4,43.0,6,0
1783012988.129,829.745,296.6,79.14,100,42,89,21398.0,2254.8,288.2,79.15,100,42,86,2786.7,2674.7,277.9,79.15,100,34,88,2768.0,2663.5,269.8,79.14,100,37,87,2714.6,2386.3,46.0,8,0
1783012988.571,830.187,301.1,79.14,99,62,90,2660.4,2203.8,289.4,79.15,99,63,85,2808.1,3067.3,280.2,79.15,100,53,89,2797.3,2953.4,268.5,79.14,99,56,86,2708.8,2612.4,46.0,8,0
1783012989.013,830.629,304.2,79.14,100,62,89,2643.1,2202.2,293.6,79.15,100,62,85,2839.1,3290.4,287.3,79.15,99,52,89,2823.5,3146.9,273.8,79.14,99,55,86,2717.5,2685.6,46.0,8,0
1783012989.455,831.070,304.2,79.14,100,62,89,2641.3,2204.2,297.6,79.15,100,62,85,2866.2,3367.5,287.3,79.15,99,52,89,2818.2,3185.7,273.8,79.14,99,55,86,2771.0,2817.7,46.0,8,0
1783012989.929,831.545,302.9,79.14,99,62,89,2810.1,2199.6,297.6,79.15,100,62,85,2925.6,3492.3,287.2,79.15,100,53,89,2816.3,3354.9,274.2,79.14,100,55,86,2768.0,2841.7,46.0,8,0
1783012990.376,831.991,300.2,79.14,99,62,89,2644.2,2168.8,297.1,79.15,99,62,85,2837.9,3266.5,287.5,79.15,99,53,89,2820.2,3281.5,274.1,79.14,99,56,86,2777.7,2674.0,46.0,8,0
1783012990.818,832.433,300.0,79.14,99,62,89,2683.5,2186.9,297.4,79.15,99,62,85,2838.9,3435.8,287.9,79.15,99,53,89,2820.6,3254.9,273.9,79.14,100,55,86,3169.5,2951.3,47.0,8,0
1783012991.261,832.876,300.1,79.14,100,62,89,2600.8,2168.9,297.6,79.15,99,62,85,2900.3,3377.9,288.6,79.15,99,53,89,2842.3,3230.8,274.1,79.14,100,56,86,2757.2,2792.9,47.0,8,0
1783012991.702,833.318,300.1,79.14,100,62,89,2604.1,2306.0,297.9,79.15,100,62,85,2861.0,3407.8,288.7,79.15,99,52,89,2811.0,3178.6,274.5,79.14,99,56,86,2755.7,2949.3,47.0,8,0
1783012992.148,833.763,300.0,79.14,99,62,89,2641.5,2171.1,297.9,79.15,99,62,85,2873.2,3332.6,288.8,79.15,99,53,89,2822.7,3240.3,274.8,79.14,100,56,86,2750.6,2923.4,47.0,8,0
1783012992.589,834.204,300.0,79.14,100,62,89,2621.0,2181.3,298.3,79.15,100,62,85,2869.2,3664.2,289.1,79.15,99,53,89,2823.9,3277.5,275.4,79.14,99,56,86,2780.1,3370.8,47.0,8,0
1783012993.032,834.647,300.0,79.14,100,62,89,2641.6,2166.4,299.3,79.15,99,62,85,2871.1,3432.6,289.6,79.15,100,53,89,2829.2,3279.2,276.1,79.14,100,56,86,2764.4,2998.8,47.0,8,0
1783012993.473,835.088,300.0,79.14,100,62,89,2688.3,2185.6,299.4,79.15,99,62,85,2864.5,3374.0,289.6,79.15,100,53,89,2863.8,3218.1,276.1,79.14,100,56,86,2757.8,2720.1,47.0,8,0
1783012993.921,835.536,299.9,79.14,100,62,89,2631.5,2727.7,299.4,79.15,99,62,85,3671.7,3882.3,289.3,79.15,99,53,89,2820.2,3277.7,275.8,79.14,100,56,86,2764.4,2960.8,47.0,8,0
1783012994.382,835.998,300.0,79.14,100,62,89,2621.7,2168.8,298.8,79.15,99,62,85,2904.9,3442.1,289.3,79.15,100,53,89,2824.6,3332.5,275.4,79.14,99,56,86,2751.2,2817.8,47.0,8,0
1783012994.823,836.439,300.0,79.14,100,62,89,2630.1,2202.2,299.1,79.15,99,62,85,2882.2,3505.9,289.8,79.15,99,53,89,2826.5,3278.2,275.7,79.14,99,56,86,2756.1,3090.5,47.0,8,0
1783012995.265,836.881,300.0,79.14,99,62,89,2600.7,2152.0,299.5,79.15,99,62,85,2885.0,3582.4,290.0,79.15,100,53,89,2837.3,3433.1,275.8,79.14,100,56,86,2765.6,2901.1,47.0,8,0
1783012995.707,837.322,300.0,79.14,100,63,89,2646.3,2286.8,299.6,79.15,100,62,85,3025.1,3349.9,289.7,79.15,99,53,89,2893.9,3235.4,276.1,79.14,100,56,86,2785.7,2841.1,47.0,8,0
1783012996.152,837.767,300.0,79.14,100,62,89,2661.5,2163.2,299.6,79.15,99,62,85,2840.2,3438.8,289.3,79.15,100,53,89,2852.6,3245.6,276.1,79.14,100,56,86,2778.4,2881.6,47.0,8,0
1783012996.594,838.209,299.9,79.14,99,62,89,2643.8,2186.0,298.9,79.15,99,62,85,2895.4,3450.9,288.7,79.15,99,53,89,2814.0,3301.5,275.6,79.14,99,56,86,2777.7,2995.5,47.0,8,0
1783012997.037,838.652,300.0,79.14,99,63,89,2600.8,2183.6,299.0,79.15,100,62,85,2869.6,3548.4,289.5,79.15,100,53,89,2822.8,3347.5,275.7,79.14,99,56,86,2761.4,3027.0,47.0,8,0
1783012997.479,839.095,300.0,79.14,100,62,89,2621.1,2185.5,299.6,79.15,100,62,85,2845.2,3465.0,289.5,79.15,100,53,89,2840.6,3372.1,275.7,79.14,99,56,86,2763.2,2861.9,47.0,8,0
1783012997.921,839.536,300.0,79.14,100,62,89,2622.7,2188.7,299.6,79.15,100,62,85,2865.1,3391.1,290.1,79.15,100,53,89,2808.6,3348.0,276.0,79.14,100,56,86,2914.7,2888.1,47.0,8,0
1783012998.370,839.985,300.0,79.14,100,62,89,2621.1,2207.9,299.9,79.15,99,62,85,2876.9,3501.1,290.3,79.15,99,53,89,2814.5,3217.5,276.1,79.14,100,56,86,2741.2,3025.3,47.0,8,0
1783012998.812,840.428,300.0,79.14,99,62,89,2622.7,2195.1,299.6,79.15,100,62,85,2872.2,3479.5,290.5,79.15,99,53,89,2865.5,3205.3,276.2,79.14,100,56,86,2761.6,2890.1,47.0,8,0
1783012999.255,840.870,300.0,79.14,99,62,89,2626.7,2170.8,299.4,79.15,100,62,85,2872.3,3506.7,290.4,79.15,99,53,89,2814.8,3391.1,275.9,79.14,99,56,86,2768.3,2794.0,47.0,8,0
1783012999.696,841.311,300.0,79.14,99,62,89,2609.5,2174.3,299.4,79.15,99,62,85,2890.3,4271.6,291.0,79.15,100,53,89,2852.2,3461.8,276.0,79.14,100,56,86,2745.0,2964.0,47.0,8,0
1783013000.144,841.759,300.0,79.14,100,62,89,2636.4,2168.8,299.9,79.15,100,62,85,2862.5,3422.4,291.8,79.15,99,53,89,2861.8,3247.6,276.5,79.14,99,56,86,2763.9,2963.2,47.0,8,0
1783013000.586,842.201,300.0,79.14,100,62,89,2621.8,2177.3,300.2,79.15,99,62,85,2886.5,3437.7,291.5,79.15,99,53,89,2818.4,3214.8,276.5,79.14,99,56,86,2757.8,2842.1,47.0,8,0
1783013001.026,842.642,300.0,79.14,99,62,89,2622.7,2202.5,300.0,79.15,99,62,85,2851.2,3389.4,290.3,79.15,99,53,89,2852.3,3361.7,275.9,79.14,99,56,86,2743.5,2869.6,47.0,8,0
1783013001.467,843.083,300.0,79.14,99,62,89,2662.6,2186.4,299.8,79.15,100,62,85,2833.3,3557.6,290.3,79.15,99,53,89,2841.3,3425.9,275.9,79.14,99,56,86,2772.8,2909.7,47.0,8,0
1783013001.913,843.528,300.0,79.14,100,62,89,2663.5,2162.6,299.8,79.15,100,62,85,2887.9,3394.8,290.3,79.15,100,53,89,2835.0,3504.1,275.9,79.14,100,56,86,2759.7,2980.5,47.0,8,0
1783013002.358,843.973,300.0,79.14,99,63,89,2621.0,2186.7,299.9,79.15,100,62,85,2845.4,3514.4,291.3,79.15,99,53,89,2829.9,3308.3,276.3,79.14,99,57,86,2753.2,2930.1,47.0,8,0
1783013002.802,844.417,300.0,79.14,99,62,89,2645.0,2135.3,300.5,79.15,99,62,85,2848.1,3443.0,291.8,79.15,99,53,89,2827.3,3293.1,277.0,79.14,99,56,86,2762.2,2913.9,47.0,8,0
1783013003.247,844.863,300.1,79.14,100,63,89,2648.6,2187.2,301.1,79.15,99,62,85,2845.2,3486.3,292.0,79.15,99,53,89,2829.8,3405.5,277.5,79.14,99,56,86,2769.4,2720.1,47.0,8,0
1783013003.690,845.306,299.9,79.14,99,62,89,2621.3,2239.3,300.7,79.15,99,62,85,2873.4,3420.4,291.8,79.15,99,53,89,2844.6,3362.9,276.9,79.14,100,56,86,2747.5,2866.4,47.0,8,0
1783013004.138,845.753,300.0,79.14,100,62,89,2627.6,2152.1,300.5,79.15,99,62,85,2860.6,3441.3,291.7,79.15,99,53,89,2849.8,3229.7,277.0,79.14,99,56,86,2777.9,2905.2,47.0,8,0
1783013004.579,846.194,300.0,79.14,99,63,89,2560.4,2178.6,300.9,79.15,99,62,86,2868.5,3429.0,292.3,79.15,100,53,89,2835.4,3423.3,277.4,79.14,100,56,86,2764.0,3696.7,48.0,8,0
1783013005.027,846.642,300.0,79.14,99,63,89,2623.4,2186.7,300.9,79.15,100,62,85,2854.6,3477.9,292.7,79.15,100,53,89,2841.7,3284.8,277.3,79.14,99,56,86,2735.4,2801.1,48.0,8,0
1783013005.469,847.085,300.0,79.14,99,63,89,2601.7,2170.7,300.6,79.15,99,62,85,2858.5,3426.6,292.7,79.15,100,53,89,2840.3,3417.7,277.3,79.14,99,56,86,2753.1,3040.9,48.0,8,0
1783013005.911,847.526,300.0,79.14,100,63,89,2633.6,2185.5,300.6,79.15,99,62,85,2857.0,3414.6,292.6,79.15,100,54,89,2844.7,3443.4,277.2,79.14,100,56,86,2744.8,2865.6,48.0,8,0
1783013006.354,847.970,300.0,79.14,100,63,89,2675.4,2152.1,300.3,79.15,100,62,86,2831.5,3357.7,292.5,79.15,100,53,89,2835.6,3286.3,277.2,79.14,99,56,86,2774.8,2923.4,48.0,8,0
1783013006.797,848.412,300.0,79.14,100,63,89,2624.6,2168.9,300.1,79.15,99,62,85,2861.7,3396.7,292.5,79.15,99,54,89,2831.8,3259.3,277.4,79.14,99,56,86,2760.5,3012.8,48.0,8,0
1783013007.241,848.856,300.0,79.14,100,62,89,2580.5,2169.4,300.2,79.15,100,62,85,2818.8,3409.6,292.3,79.15,100,53,89,2812.3,3326.3,277.6,79.14,99,56,86,2766.6,2947.7,48.0,8,0
1783013007.682,849.298,300.0,79.14,100,63,89,2641.8,2171.5,300.2,79.15,100,62,86,2886.0,3487.1,292.1,79.15,99,53,89,2870.4,3578.2,277.6,79.14,99,56,86,2759.1,2851.1,48.0,8,0
1783013008.132,849.748,300.0,79.14,100,63,89,2642.9,2152.0,299.6,79.15,100,62,85,2834.5,3581.3,291.7,79.15,99,53,89,2825.9,3379.3,277.0,79.14,100,56,86,2763.5,3024.3,48.0,8,0
1783013008.576,850.192,300.0,79.14,100,62,89,2641.2,2201.9,299.5,79.15,100,62,86,2867.0,3383.7,291.2,79.15,99,54,89,2825.6,3299.6,277.0,79.14,99,56,86,2777.0,3459.5,48.0,8,0
1783013009.022,850.637,299.9,79.14,100,63,89,2644.0,2121.7,299.8,79.15,100,62,86,2835.5,2474.8,291.5,79.15,99,54,89,2.9,0.5,277.2,79.14,100,57,86,1.3,0.4,,,
1783013010.440,852.055,258.6,79.14,100,56,90,18157.6,4.1,299.3,79.15,100,62,86,1.8,4.0,242.1,79.15,99,42,90,10110.8,14128.7,235.3,79.14,100,57,87,12864.8,5.0,48.0,8,0
1783013010.944,852.559,292.9,79.14,100,64,90,4.9,9972.6,294.9,79.15,100,45,85,17529.3,7255.8,292.9,79.15,100,42,88,2.6,5.5,283.8,79.14,99,55,87,20779.7,17201.7,48.0,8,0
1783013011.392,853.007,296.6,79.14,100,46,89,12748.2,5.9,294.9,79.15,100,45,85,3.1,17111.0,292.0,79.15,100,43,90,20746.5,5.7,277.3,79.14,100,39,85,2.7,9227.0,48.0,8,0
1783013011.834,853.450,296.8,79.14,100,44,89,20710.4,17110.2,293.1,79.15,100,44,85,2.0,5.4,282.4,79.15,100,29,90,5476.0,14897.1,274.9,79.14,100,36,86,16804.1,9.4,48.0,8,0
1783013012.276,853.892,298.1,79.14,100,46,90,11225.3,4.6,288.5,79.15,100,46,86,2.0,1675.5,274.9,79.15,100,38,88,18405.8,16715.6,267.8,79.14,100,42,87,3.6,4.8,48.0,8,0
1783013012.720,854.335,299.1,79.14,100,47,90,5591.0,7.5,289.0,79.15,100,46,86,5.1,12514.7,281.7,79.15,100,42,90,17773.7,5963.2,270.2,79.14,100,39,86,1.9,4.8,48.0,8,0
1783013013.164,854.779,302.4,79.14,100,56,90,7786.4,4.4,292.2,79.15,100,55,86,1.9,241.5,286.4,79.15,100,39,88,18897.7,17195.9,275.1,79.14,100,41,86,1.9,4.9,48.0,8,0
1783013013.605,855.221,300.7,79.14,100,49,90,20709.2,4.5,295.6,79.15,100,48,86,4.3,4.5,289.0,79.15,100,45,90,15572.1,20257.9,277.0,79.14,100,41,86,2.0,13.9,48.0,8,0
1783013014.061,855.676,299.8,79.14,100,48,90,17317.0,4.7,298.7,79.15,100,51,86,2.0,5.1,286.5,79.15,100,38,88,19896.4,17193.8,278.8,79.14,100,48,87,1.9,4.6,48.0,8,0
1783013014.502,856.118,298.9,79.14,100,48,89,20707.2,4.5,295.3,79.15,100,48,85,4.3,4.6,288.4,79.15,100,44,90,18177.4,14564.6,277.5,79.14,100,41,85,4321.9,5.0,48.0,8,0
1783013014.943,856.559,298.9,79.14,100,48,89,4071.2,6.0,292.7,79.15,100,51,86,6432.0,14761.1,288.4,79.15,100,44,90,15530.3,5.7,277.5,79.14,100,41,85,3.3,17121.0,48.0,8,0
1783013015.388,857.003,299.7,79.14,100,50,90,18126.9,16832.5,292.7,79.15,100,51,86,2.1,5.6,286.0,79.15,100,36,89,14105.9,14887.5,274.1,79.14,100,38,85,7871.2,5.8,48.0,8,0
1783013015.830,857.445,299.1,79.14,100,42,90,3.5,4.5,289.1,79.15,100,45,85,20224.6,17109.0,280.2,79.15,100,36,90,2.4,5.4,270.7,79.14,100,39,85,1.9,11020.1,48.0,8,0
1783013016.275,857.890,290.4,79.14,100,51,90,7961.3,9.6,283.5,79.15,100,50,86,8.3,3.9,278.5,79.15,100,52,90,20784.0,17204.2,268.5,79.14,100,44,86,3.7,4.5,48.0,8,0
1783013016.720,858.336,294.9,79.14,100,49,89,20715.1,17108.3,291.7,79.15,100,48,85,5.1,10.3,285.6,79.15,100,51,90,6.2,13091.7,275.9,79.14,100,42,86,15690.1,7250.9,48.0,8,0
1783013017.170,858.785,302.7,79.14,100,50,89,18105.4,13114.0,302.9,79.15,100,49,86,6599.8,4.7,292.3,79.15,100,44,90,2.2,4395.7,285.2,79.14,100,42,87,16425.8,15273.9,48.0,8,0
1783013017.610,859.226,299.7,79.14,100,44,90,12952.9,6.0,294.0,79.15,100,45,85,4.5,17112.8,286.6,79.15,100,33,90,20753.1,6.5,276.7,79.14,100,38,85,5.7,17229.3,48.0,8,0
1783013018.058,859.673,296.1,79.14,100,46,89,16539.6,14260.0,287.7,79.15,100,45,85,2.1,5.7,278.9,79.15,100,32,90,19581.6,13194.5,268.7,79.14,100,33,86,4496.4,5.4,48.0,8,0
1783013018.499,860.114,296.9,79.14,100,45,91,2.7,4.7,288.9,79.15,100,44,86,1.9,17126.2,278.9,79.15,100,32,90,19498.2,694.3,270.3,79.14,100,43,87,2.7,4.8,48.0,8,0
1783013018.946,860.561,296.9,79.14,100,45,91,6.2,4.7,289.5,79.15,100,44,85,6464.6,13209.0,278.6,79.15,100,37,90,17379.6,5.0,270.3,79.14,100,43,87,3.2,2315.0,48.0,8,0
1783013019.391,861.006,300.7,79.14,100,47,90,1.9,4.5,289.5,79.15,100,44,85,3426.4,14243.2,283.2,79.15,100,41,89,19685.7,4.4,271.4,79.14,100,41,85,3.5,4.9,48.0,8,0
1783013019.832,861.447,302.0,79.14,100,48,90,9.7,10.1,295.3,79.15,100,48,86,2.6,13269.7,285.3,79.15,100,39,90,15498.6,7247.0,276.7,79.14,100,46,87,2.4,15.6,48.0,8,0
1783013020.277,861.892,301.6,79.14,100,56,90,3576.1,5.6,297.5,79.15,100,52,86,1.9,6848.7,286.4,79.15,100,39,89,17849.0,9584.4,278.2,79.14,100,42,87,3.6,4.8,48.0,8,0
1783013020.721,862.336,299.1,79.14,100,47,91,10367.4,7.4,294.4,79.15,100,46,86,5.1,9642.3,289.0,79.15,100,43,90,15853.0,9081.3,276.3,79.14,100,42,87,4.8,5.7,48.0,8,0
1783013021.170,862.785,299.9,79.14,100,54,90,2.7,5.2,294.6,79.15,100,54,86,15625.4,13305.9,284.5,79.15,100,36,89,8157.3,6.0,276.5,79.14,100,39,87,2.4,17148.0,48.0,8,0
1783013021.612,863.227,300.0,79.14,100,40,90,16223.9,5249.3,290.8,79.15,99,39,86,3.8,334.9,278.9,79.15,100,33,89,18803.0,17186.7,269.5,79.14,100,38,85,6.1,11.0,48.0,8,0
1783013022.054,863.669,294.0,79.14,98,42,90,19950.1,7.1,285.0,79.15,98,38,85,2.0,4.2,269.3,79.15,100,21,89,20766.8,15532.0,258.9,79.14,100,12,86,523.1,5.0,6.0,0,7
1783013022.960,864.575,290.7,79.14,100,56,90,1.9,9428.4,290.8,79.15,100,48,87,17284.9,9764.9,278.0,79.15,100,41,88,3.9,4.6,268.0,79.14,100,45,86,2.1,15007.5,6.0,0,7
1783013023.405,865.020,293.6,79.14,100,50,90,2.8,4.8,290.8,79.15,100,48,87,20725.3,16132.4,296.7,79.15,100,41,90,12.4,4.7,284.9,79.14,100,44,88,2.7,9677.4,6.0,0,7
1783013023.847,865.462,298.7,79.14,100,46,89,20708.0,16588.5,301.2,79.15,100,45,86,9.2,6.2,290.0,79.15,100,44,90,13247.7,15660.5,282.7,79.14,100,44,87,7582.6,6.8,6.0,0,7
1783013024.291,865.906,298.6,79.14,100,46,90,2.9,17112.5,294.1,79.15,100,45,86,20703.3,6.1,280.3,79.15,100,33,88,2.8,2889.4,272.7,79.14,99,33,86,19017.2,13575.6,6.0,0,7
1783013024.734,866.349,297.2,79.14,100,43,90,20709.9,11.2,285.7,79.15,99,42,86,8.3,6.4,278.3,79.15,100,38,88,20768.3,17191.0,264.3,79.14,100,40,86,2.1,4.6,6.0,0,7
1783013025.182,866.798,299.5,79.14,100,47,90,5925.9,4.4,289.1,79.15,100,50,86,1.8,1657.7,281.4,79.15,100,37,89,18426.6,16713.9,270.4,79.14,100,43,87,3.7,5.2,6.0,0,7
1783013025.623,867.238,298.3,79.14,100,46,89,6013.5,4.5,290.9,79.15,100,47,85,3.4,1235.0,286.3,79.15,100,43,90,18267.4,16720.8,276.5,79.14,100,41,86,11.3,6.9,6.0,0,7
1783013026.066,867.681,300.7,79.14,100,49,90,19077.5,4.7,294.4,79.15,100,56,86,2.7,4.4,286.1,79.15,100,38,89,20775.3,17193.8,276.1,79.14,100,46,87,3.9,4.5,6.0,0,7
1783013026.511,868.126,301.3,79.14,100,50,90,20705.3,4.6,295.3,79.15,100,48,86,4.2,4.6,285.9,79.15,100,37,89,20770.4,16068.6,276.1,79.14,100,39,86,25.5,5.0,6.0,0,7
1783013026.953,868.569,301.3,79.14,100,50,90,20709.2,7.4,294.1,79.15,100,52,86,1.9,5.2,285.9,79.15,100,37,89,20775.3,17194.3,276.1,79.14,100,39,86,2.6,5.2,6.0,0,7
1783013027.398,869.014,299.6,79.14,100,47,90,2.0,5.2,294.1,79.15,100,52,86,493.7,16755.0,286.0,79.15,100,37,89,20750.3,8.1,276.9,79.14,100,44,87,3.8,16198.6,6.0,0,7
1783013027.841,869.456,299.6,79.14,100,46,90,18102.8,13581.8,293.2,79.15,100,46,86,3.1,5.9,281.9,79.15,100,31,90,20758.3,17193.8,274.7,79.14,100,35,87,8.4,10.7,6.0,0,7
1783013028.288,869.903,297.0,79.14,100,44,90,19225.3,11788.0,288.5,79.15,100,42,86,12596.2,4.4,279.9,79.15,100,36,89,1.8,4.4,268.4,79.14,100,36,87,7654.4,11440.9,9.0,0,6
1783013028.734,870.349,288.5,79.14,100,59,89,6.7,9.7,283.0,79.15,100,62,86,8.4,90.6,271.8,79.15,100,42,89,19363.4,17197.0,264.2,79.14,100,54,87,2.4,4.4,9.0,0,6
1783013029.179,870.794,279.3,79.14,100,49,90,20710.2,17110.1,286.0,79.15,100,60,86,2.8,4.4,280.4,79.15,100,50,90,1.8,4686.0,271.9,79.14,100,54,87,15859.2,15513.4,9.0,0,6
1783013029.620,871.236,290.8,79.14,100,60,90,1.8,17110.1,298.9,79.15,100,61,86,17867.4,2303.0,291.2,79.15,100,40,89,3.9,7.5,279.1,79.14,100,50,87,15007.4,13091.3,9.0,0,6
1783013030.064,871.680,295.4,79.14,100,46,89,20712.0,17107.7,295.1,79.15,100,45,86,2.1,5.5,286.9,79.15,100,34,90,6882.9,13826.0,276.5,79.14,100,37,86,16764.4,5.9,9.0,0,6
1783013030.505,872.121,295.8,79.14,100,43,90,10.6,7388.1,291.3,79.15,100,44,86,17019.1,11810.9,279.2,79.15,100,35,89,2.7,5.8,271.4,79.14,100,36,87,20761.9,17189.9,9.0,0,6
1783013030.948,872.563,295.8,79.14,100,43,90,17240.9,8742.2,288.5,79.15,100,45,86,4.6,5.3,279.2,79.15,100,35,89,19994.1,13194.1,271.4,79.14,100,36,87,4413.2,5.4,9.0,0,6
1783013031.388,873.003,298.1,79.14,100,44,90,20705.1,5.0,288.5,79.15,100,45,86,2.9,4.3,276.8,79.15,100,37,88,20272.9,17189.3,267.6,79.14,100,40,87,4.0,4.6,9.0,0,6
1783013031.829,873.444,298.6,79.14,100,45,89,14314.6,4.5,289.2,79.15,100,45,85,3.2,13.9,285.7,79.15,100,47,90,19705.8,17193.7,271.3,79.14,100,41,86,3.0,7.7,9.0,0,6
1783013032.270,873.886,302.1,79.14,100,54,90,18248.8,2092.7,292.5,79.15,100,55,86,2.8,4.7,286.2,79.15,100,38,90,12417.6,13095.2,276.3,79.14,100,46,87,11901.2,4.7,9.0,0,6
1783013032.712,874.327,300.4,79.14,100,46,89,18958.7,13896.7,294.3,79.15,100,46,85,8.0,10.2,287.5,79.15,100,44,90,7903.8,13480.6,277.0,79.14,100,40,85,15938.1,4.6,9.0,0,6
1783013033.158,874.773,299.1,79.14,100,48,90,15686.2,9152.4,296.1,79.15,100,51,86,2.9,4.8,285.6,79.15,100,38,89,5264.7,13557.0,276.1,79.14,100,45,87,18635.9,4.9,9.0,0,6
1783013033.599,875.214,299.1,79.14,100,46,89,20705.6,5.2,294.4,79.15,100,46,85,2.1,5361.0,285.7,79.15,100,38,90,16465.4,13854.7,275.6,79.14,100,39,86,3.8,10.8,9.0,0,6
1783013034.043,875.658,296.2,79.14,100,43,89,3131.1,14418.0,289.2,79.15,100,42,86,20702.7,6.1,282.9,79.15,100,34,90,2.8,17211.1,272.8,79.14,100,38,86,18352.0,1914.4,9.0,0,6
1783013034.486,876.101,297.6,79.14,100,45,89,21123.2,13783.4,288.4,79.15,100,44,86,20720.9,14427.7,282.9,79.15,100,34,90,21101.7,14748.1,272.8,79.14,100,38,86,11622.9,4.6,12.0,1,6
1783013034.928,876.544,297.6,79.14,100,45,89,7019.4,15284.5,288.4,79.15,100,44,86,14633.9,6.9,267.2,79.15,100,11,88,3.7,4.2,260.3,79.14,100,10,87,8673.8,14335.1,12.0,1,6
1783013035.372,876.987,292.6,79.14,100,51,90,1.9,4.4,284.9,79.15,100,62,86,8506.5,14376.6,277.9,79.15,100,56,90,13923.3,4.6,268.1,79.14,100,57,87,2.2,4.2,12.0,1,6
1783013035.813,877.428,294.9,79.14,100,54,90,2031.9,4.6,292.5,79.15,100,58,86,3.5,5823.9,285.8,79.15,100,43,89,17709.2,12660.1,277.1,79.14,100,56,87,2.3,5.2,12.0,1,6
1783013036.257,877.872,298.7,79.14,100,54,90,4.2,5.8,296.6,79.15,100,46,85,20710.0,17104.8,292.8,79.15,100,37,89,2.1,5.6,278.6,79.14,100,39,86,4130.0,14839.3,12.0,1,6
1783013036.700,878.315,297.0,79.14,100,45,90,20706.3,11.0,293.8,79.15,100,45,86,7.6,12802.7,284.3,79.15,100,31,89,17872.2,4234.3,271.1,79.14,100,35,86,3.9,3405.7,12.0,1,6
1783013037.144,878.760,294.6,79.14,100,42,89,3.4,17118.7,287.1,79.15,100,43,85,20703.7,5.2,276.6,79.15,100,38,90,3.7,7224.6,269.2,79.14,100,41,87,18035.8,10907.8,12.0,1,6
1783013037.585,879.200,296.3,79.14,100,48,90,20708.2,16209.6,287.0,79.15,100,47,86,182.9,5.0,280.2,79.15,100,41,90,2.1,17225.7,270.2,79.14,100,40,85,20754.9,7.5,12.0,1,6
1783013038.030,879.646,302.8,79.14,100,48,90,17488.1,8557.6,292.6,79.15,100,49,86,6.3,6.2,283.9,79.15,100,39,89,14580.7,14799.7,273.5,79.14,100,42,87,7426.2,4.6,12.0,1,6
1783013038.476,880.091,302.8,79.14,100,48,90,17298.4,5952.2,295.4,79.15,100,47,86,2.5,5.0,283.9,79.15,100,39,89,8058.1,14828.8,273.5,79.14,100,42,87,14179.7,5.2,12.0,1,6
1783013038.921,880.536,301.5,79.14,100,48,90,17625.0,5010.0,295.4,79.15,100,47,86,6.5,9.4,285.2,79.15,100,42,90,20280.9,17192.7,276.9,79.14,100,41,87,3.4,4.8,12.0,1,6
1783013039.371,880.987,300.9,79.14,100,56,90,9121.6,4.7,295.3,79.15,100,56,86,2.9,9280.3,286.7,79.15,100,38,88,17594.5,9170.5,275.7,79.14,100,40,86,2.4,5.2,12.0,1,6
1783013039.813,881.429,300.4,79.14,100,47,89,4.5,5.5,295.7,79.15,100,47,86,20713.0,15306.9,284.7,79.15,100,41,90,602.6,5.2,276.8,79.14,100,45,87,2521.2,17977.3,12.0,1,6
1783013040.266,881.881,296.2,79.14,100,45,89,20708.0,5.8,292.8,79.15,100,45,85,3.0,11052.4,282.8,79.15,100,31,89,18370.8,7136.0,275.4,79.14,100,36,86,2.1,54.1,12.0,1,6
1783013040.709,882.324,296.1,79.14,100,41,90,11237.1,16956.8,287.2,79.15,100,40,86,6927.2,16856.3,275.4,79.15,100,35,90,18928.0,17189.0,265.9,79.14,100,35,86,2.7,4.5,14.0,1,5
1783013041.161,882.776,292.8,79.14,100,65,91,12052.0,13344.9,281.8,79.15,100,66,86,12136.1,4.1,273.1,79.15,100,41,88,2.6,4.2,263.9,79.14,100,58,87,12189.9,12864.8,14.0,1,5
1783013041.604,883.219,295.0,79.14,100,61,90,1.9,4.4,290.1,79.15,100,67,86,1648.8,15735.1,285.0,79.15,100,41,89,20749.9,5.1,276.8,79.14,100,55,87,7.8,9.7,14.0,1,5
1783013042.048,883.663,301.4,79.14,100,64,90,19229.7,4.5,299.8,79.15,100,57,86,2.7,5.0,294.6,79.15,100,39,89,20781.5,17206.0,283.7,79.14,100,44,87,8.0,4.8,14.0,1,5
1783013042.493,884.108,296.6,79.14,100,47,90,2670.9,5.6,294.5,79.15,100,46,86,1677.8,15723.2,294.6,79.15,100,39,89,20748.4,5.6,283.7,79.14,100,44,87,3.2,11595.0,14.0,1,5
1783013042.936,884.552,296.6,79.14,100,47,90,16397.5,16168.7,294.5,79.15,100,46,86,7.7,5.7,288.4,79.15,100,32,90,20512.7,13358.0,277.3,79.14,100,34,87,3373.8,6.1,14.0,1,5
1783013043.378,884.993,296.4,79.14,100,44,90,1.9,4.8,293.0,79.15,100,45,86,20150.9,13246.4,278.5,79.15,100,34,90,3554.8,5.7,271.8,79.14,100,35,87,171.7,17242.1,14.0,1,5
1783013043.820,885.435,298.0,79.14,100,45,90,2.8,2561.7,288.3,79.15,100,49,86,16917.0,17107.6,277.1,79.15,100,38,89,3.6,5.6,266.7,79.14,100,38,87,16505.9,16182.0,14.0,1,5
1783013044.265,885.881,298.7,79.14,100,45,90,2.1,16857.1,289.4,79.15,100,44,86,20706.1,4.7,283.9,79.15,100,47,90,1.9,4.7,273.2,79.14,100,42,87,20779.1,15154.5,14.0,1,5
1783013044.707,886.323,300.5,79.14,100,55,90,8.1,17118.0,292.3,79.15,100,48,86,20708.6,12.3,286.6,79.15,100,37,89,5.5,4.8,274.2,79.14,100,41,86,20779.4,14580.7,14.0,1,5
1783013045.156,886.772,300.7,79.14,100,46,89,3.5,15740.4,295.2,79.15,100,45,86,15579.1,4821.2,285.9,79.15,100,46,90,2.1,5.1,276.2,79.14,100,41,87,17805.9,13222.6,14.0,1,5
1783013045.598,887.213,299.6,79.14,100,51,90,2.2,17113.1,294.4,79.15,100,47,86,20705.6,5.1,284.8,79.15,100,38,89,2.8,4.8,274.7,79.14,100,40,86,20787.6,17204.4,14.0,1,5
1783013046.041,887.657,299.6,79.14,100,46,90,20710.3,17109.2,293.2,79.15,100,45,86,4.7,5.5,282.8,79.15,100,37,89,5090.5,14033.4,274.1,79.14,100,39,87,18611.4,5.8,14.0,1,5
1783013046.483,888.098,298.3,79.14,100,46,90,3.3,2225.9,291.7,79.15,100,38,86,17060.5,17103.1,282.8,79.15,100,37,89,2.7,6.1,274.1,79.14,100,39,87,20764.5,15392.2,14.0,1,5
1783013046.924,888.540,298.3,79.14,100,42,90,20708.2,17109.4,291.7,79.15,100,38,86,20706.1,17104.2,279.3,79.15,100,32,89,20745.5,17195.8,271.8,79.14,100,34,87,20758.8,5.1,17.0,2,5
1783013047.372,888.987,293.0,79.14,98,39,90,1.7,17111.2,280.8,79.15,98,40,85,20705.2,4.6,265.1,79.15,100,17,88,3.1,4.2,254.3,79.14,100,12,88,1084.9,16806.1,17.0,2,5
1783013047.813,889.428,288.8,79.14,100,61,90,4.3,4.4,278.9,79.15,100,49,85,497.2,17140.1,275.6,79.15,100,42,89,20751.6,4.5,265.0,79.14,100,46,87,4.7,7.3,17.0,2,5
1783013048.261,889.877,292.9,79.14,100,50,90,6673.0,4.6,289.2,79.15,100,48,86,2.6,4266.2,289.8,79.15,100,41,90,17431.6,14323.1,277.8,79.14,100,44,86,2.8,4.9,17.0,2,5
1783013048.704,890.320,298.8,79.14,100,46,89,5.1,8.4,300.6,79.15,100,45,86,20347.1,16239.1,289.6,79.15,100,44,90,11.8,8.5,283.5,79.14,100,45,87,6334.6,14894.8,17.0,2,5
1783013049.155,890.770,298.0,79.14,100,46,90,20706.2,5.6,295.0,79.15,100,45,86,2.1,13346.7,280.7,79.15,100,33,88,18063.1,4783.1,274.1,79.14,99,33,87,2.2,2878.1,17.0,2,5
1783013049.599,891.214,297.4,79.14,100,44,90,1.8,17117.9,287.0,79.15,99,44,86,20703.7,5.2,277.9,79.15,100,37,88,3.0,3654.2,265.6,79.14,100,40,86,18697.9,14285.8,17.0,2,5
1783013050.042,891.658,299.3,79.14,100,47,90,19167.1,16763.4,289.4,79.15,100,49,86,343.4,5.1,281.8,79.15,100,37,89,3.7,17228.5,271.4,79.14,100,44,87,20746.0,5.2,17.0,2,5
1783013050.486,892.101,298.7,79.14,100,45,90,20709.2,17113.4,291.6,79.15,100,46,87,1.8,4.7,281.8,79.15,100,37,89,3.9,16656.5,271.4,79.14,100,44,87,19265.7,1197.6,17.0,2,5
1783013050.930,892.545,298.7,79.14,100,45,90,16247.9,14422.7,291.6,79.15,100,46,87,6905.9,7.2,286.1,79.15,100,40,90,2.3,5925.8,276.8,79.14,100,42,86,17739.3,12635.3,17.0,2,5
1783013051.374,892.989,301.0,79.14,100,49,90,726.6,16451.2,295.9,79.15,100,55,86,20705.5,5.1,288.1,79.15,100,39,89,2.0,4.2,279.1,79.14,100,46,87,20297.5,17214.2,17.0,2,5
1783013051.815,893.431,301.8,79.14,100,57,90,1.7,17117.4,297.0,79.15,100,48,85,20705.3,4.7,286.6,79.15,100,38,89,2.8,4.7,277.6,79.14,100,40,86,20789.1,17194.8,17.0,2,5
1783013052.264,893.879,299.4,79.14,100,48,90,9624.6,16189.2,295.1,79.15,100,46,86,8833.7,5.1,287.1,79.15,100,43,90,2.4,14270.4,277.3,79.14,100,47,87,17381.1,4306.0,17.0,2,5
1783013052.708,894.323,298.2,79.14,100,46,90,2336.5,8.4,294.1,79.15,100,46,86,13666.1,14680.0,284.9,79.15,100,32,90,3579.3,6.4,276.8,79.14,100,38,85,9807.2,14784.8,17.0,2,5
1783013053.165,894.781,296.9,79.14,100,44,90,20711.3,10215.6,289.1,79.15,100,43,85,20932.7,5784.4,281.8,79.15,100,36,90,20754.4,17192.7,271.3,79.14,100,39,87,6945.8,17177.9,20.0,2,4
1783013053.609,895.224,293.8,79.14,100,47,90,2.2,4.2,285.5,79.15,100,56,86,1.8,7553.2,275.3,79.15,100,49,90,15971.8,12432.4,269.0,79.14,100,55,87,7.2,9.8,20.0,2,4
1783013054.055,895.670,297.6,79.14,100,51,90,20711.0,17108.6,292.7,79.15,100,64,86,3.0,4.6,284.8,79.15,100,45,90,3.5,8844.3,276.6,79.14,100,54,87,15607.8,11396.4,20.0,2,4
1783013054.495,896.111,302.8,79.14,100,63,90,1.9,12652.0,301.0,79.15,100,59,86,15445.4,8006.1,284.8,79.15,100,45,90,3.5,4.8,283.0,79.14,100,47,87,2537.0,15126.4,20.0,2,4
1783013054.935,896.551,302.8,79.14,100,63,90,5.1,17114.7,301.0,79.15,100,59,86,20707.3,6.3,292.4,79.15,100,38,90,2.9,3912.0,283.0,79.14,100,47,87,16302.3,15721.3,20.0,2,4
1783013055.375,896.991,295.9,79.14,100,46,90,5971.9,6.5,294.2,79.15,100,45,85,2.0,17114.7,286.7,79.15,100,34,90,20745.2,5.8,279.4,79.14,100,37,87,2.2,10899.1,20.0,2,4
1783013055.816,897.432,296.9,79.14,100,44,89,19358.2,13364.9,292.4,79.15,100,45,86,4924.1,5.0,279.4,79.15,100,34,89,2.0,13142.0,269.1,79.14,100,35,87,16252.3,6404.9,20.0,2,4
1783013056.257,897.872,298.8,79.14,100,44,90,16243.1,16785.5,288.7,79.15,100,48,86,1.9,4.8,278.0,79.15,100,37,90,885.8,15955.8,267.3,79.14,100,39,87,20749.9,5.1,20.0,2,4
1783013056.698,898.313,298.7,79.14,100,44,90,16533.3,6822.1,289.3,79.15,100,45,85,9.0,6.2,285.2,79.15,100,47,90,11896.7,13132.9,273.8,79.14,100,42,87,12378.3,4.8,20.0,2,4
1783013057.144,898.760,302.3,79.14,100,55,90,15737.5,13840.9,292.1,79.15,100,56,86,4.4,4.7,286.3,79.15,100,38,89,3.4,17255.5,276.9,79.14,100,43,87,20754.8,5.4,20.0,2,4
1783013057.586,899.201,300.2,79.14,100,47,89,20448.1,12608.1,294.5,79.15,100,47,85,4655.1,4.5,286.5,79.15,100,45,90,2.2,2925.3,276.8,79.14,100,41,86,20957.8,12668.5,20.0,2,4
1783013058.030,899.645,300.7,79.14,100,48,90,20709.3,14303.4,297.4,79.15,100,54,86,1862.5,5.4,285.4,79.15,100,38,88,2.3,6795.4,278.8,79.14,100,46,87,15788.9,13197.5,20.0,2,4
1783013058.473,900.088,300.7,79.14,100,48,90,13063.7,12941.1,294.3,79.15,100,47,86,11835.6,5.2,285.4,79.15,100,38,88,2.0,10117.9,278.8,79.14,100,46,87,16291.8,9660.5,20.0,2,4
1783013058.913,900.529,299.5,79.14,100,47,89,11024.2,9.2,294.3,79.15,100,47,86,347.9,17108.3,285.2,79.15,100,38,90,20747.4,5.8,276.2,79.14,100,39,86,3.8,10956.5,20.0,2,4
1783013059.358,900.974,297.8,79.14,100,39,90,20581.1,17110.6,291.3,79.15,100,43,85,2.1,5.9,284.0,79.15,100,34,90,16641.5,20848.1,273.1,79.14,100,38,86,20756.0,17185.9,23.0,3,4
1783013059.801,901.416,297.6,79.14,100,46,91,5.7,17119.8,288.6,79.15,100,45,86,19846.2,765.8,269.8,79.15,100,9,89,2.6,4.2,262.8,79.14,98,10,85,1052.1,16794.6,23.0,3,4
1783013060.244,901.859,291.5,79.14,100,51,90,2.2,4.5,285.0,79.15,100,55,86,3.4,8643.3,277.8,79.15,100,59,90,17275.4,10276.3,268.7,79.14,100,52,87,1.9,4.5,23.0,3,4
1783013060.685,902.300,294.6,79.14,100,50,90,17225.8,7300.0,291.7,79.15,100,59,86,5.0,10.1,291.7,79.15,100,45,89,8671.7,15299.6,276.4,79.14,100,56,87,11695.0,5.4,23.0,3,4
1783013061.130,902.746,299.6,79.14,100,54,90,17539.9,7001.7,297.9,79.15,100,46,85,2.1,5.5,288.5,79.15,100,38,89,20766.8,17198.5,278.6,79.14,100,39,85,2.2,5.6,23.0,3,4
1783013061.571,903.186,298.9,79.14,100,45,90,4.6,17114.5,292.0,79.15,100,44,86,20702.7,6.4,286.2,79.15,100,33,89,3.0,5385.6,271.1,79.14,100,37,85,18123.7,12696.2,23.0,3,4
1783013062.012,903.627,295.3,79.14,100,41,90,2.0,5.2,287.0,79.15,100,44,87,979.4,16282.9,279.4,79.15,100,38,90,20288.3,5.2,270.6,79.14,100,40,86,4.6,2892.0,23.0,3,4
1783013062.455,904.070,295.3,79.14,100,41,90,2.4,3.9,287.1,79.15,100,49,85,20147.6,17106.3,279.4,79.15,100,38,90,3.6,4.8,270.6,79.14,100,40,86,1.8,17252.7,23.0,3,4
1783013062.899,904.514,297.5,79.14,100,54,91,2.3,8816.7,287.1,79.15,100,49,85,17885.5,9801.8,281.2,79.15,100,38,89,8.5,6.9,271.6,79.14,100,40,87,10149.8,14514.1,23.0,3,4
1783013063.347,904.962,300.7,79.14,100,46,90,2.3,4488.5,293.9,79.15,100,50,86,17766.5,14254.0,282.6,79.15,100,39,89,4.0,4.7,276.0,79.14,100,47,87,1.7,17277.9,23.0,3,4
1783013063.788,905.404,301.0,79.14,100,51,90,4.0,4.3,294.6,79.15,100,48,85,20726.9,17110.2,287.0,79.15,100,38,89,1.9,4.6,277.3,79.14,100,41,87,1.9,9436.5,23.0,3,4
1783013064.236,905.851,299.7,79.14,100,50,90,2.0,4.6,296.4,79.15,100,48,86,20717.3,16431.5,289.6,79.15,100,42,90,2.1,4.7,280.0,79.14,100,44,87,2.3,6812.0,23.0,3,4
1783013064.679,906.294,301.7,79.14,100,61,90,3.5,7.1,297.0,79.15,100,50,86,20726.7,15795.2,286.4,79.15,100,38,89,76.2,8.9,278.2,79.14,100,40,86,2.5,15520.2,23.0,3,4
1783013065.127,906.742,298.6,79.14,100,46,90,9065.3,14997.0,294.1,79.15,100,45,86,12925.0,5.8,284.5,79.15,100,38,89,2.6,17227.9,276.5,79.14,100,42,87,20755.8,5.8,23.0,3,4
1783013065.569,907.184,298.2,79.14,100,45,90,4.6,5.6,292.6,79.15,100,39,86,16948.3,14659.1,280.1,79.15,100,36,89,5026.2,5.8,272.5,79.14,100,36,87,671.7,21908.5,26.0,3,3
1783013066.011,907.627,291.5,79.14,100,11,91,20092.5,17110.6,280.4,79.15,100,11,86,2.5,4.6,277.5,79.15,100,43,89,1.9,12647.5,264.5,79.14,100,46,86,15606.5,7644.6,26.0,3,3
1783013066.454,908.070,291.5,79.14,100,11,91,1.8,4.6,287.2,79.15,100,48,86,20735.3,16345.9,277.5,79.15,100,43,89,3.7,4.6,264.5,79.14,100,46,86,2.2,3416.8,26.0,3,3
1783013066.901,908.516,294.7,79.14,100,52,90,1.8,4.2,287.2,79.15,100,48,86,2.0,14344.6,285.0,79.15,100,41,89,17235.5,2870.8,273.1,79.14,100,43,85,2.0,10.5,26.0,3,3
1783013067.351,908.967,298.2,79.14,100,50,90,2.8,4.7,297.5,79.15,100,47,86,3.6,10705.4,296.2,79.15,100,48,90,15931.7,9316.8,287.4,79.14,100,43,86,2.6,5.6,26.0,3,3
1783013067.795,909.410,300.6,79.14,100,49,90,2545.0,14238.1,299.4,79.15,100,53,86,19900.4,5.9,286.7,79.15,100,36,89,3.1,17207.1,281.1,79.14,100,38,87,19088.6,946.5,26.0,3,3
1783013068.240,909.855,298.5,79.14,100,38,90,3.6,5.6,291.0,79.15,100,39,86,20709.0,14413.8,280.2,79.15,100,35,89,1532.0,5.3,270.8,79.14,100,38,85,2.1,17238.6,26.0,3,3
1783013068.680,910.295,296.0,79.14,100,46,90,4.3,17115.0,284.2,79.15,100,45,85,20708.2,10.3,280.0,79.15,100,37,89,6.7,7.3,268.6,79.14,100,39,88,20779.3,15109.5,26.0,3,3
1783013069.126,910.741,299.2,79.14,100,44,90,1701.8,15601.4,291.1,79.15,100,48,86,20707.2,4.8,280.3,79.15,100,38,90,2.5,4.4,273.3,79.14,100,41,87,20284.9,17209.2,26.0,3,3
1783013069.567,911.182,300.1,79.14,100,48,90,3.5,17116.3,294.7,79.15,100,48,85,20706.3,5.1,286.6,79.15,100,46,90,3.5,4.5,276.8,79.14,100,41,86,13746.3,15291.3,26.0,3,3
1783013070.012,911.627,300.8,79.14,100,47,90,1.9,13065.2,295.8,79.15,100,53,86,15715.5,7364.2,286.3,79.15,100,38,88,3.0,4.6,278.7,79.14,100,48,87,1087.5,16749.9,26.0,3,3
1783013070.454,912.070,300.8,79.14,100,47,90,1.9,4672.1,294.9,79.15,100,45,86,16467.3,15268.9,286.3,79.15,100,38,88,3.6,10.4,278.7,79.14,100,48,87,1076.9,16756.7,26.0,3,3
1783013070.898,912.513,300.3,79.14,100,45,90,2.3,1304.0,294.9,79.15,100,45,86,17899.2,17110.5,286.1,79.15,100,37,89,5.3,4.8,277.4,79.14,100,40,86,1.9,17244.1,26.0,3,3
1783013071.338,912.953,299.4,79.14,100,47,90,4909.4,13450.0,294.7,79.15,100,52,86,18985.5,5.9,287.1,79.15,100,38,89,3.1,17097.5,279.4,79.14,100,46,87,17777.3,2389.5,26.0,3,3
1783013071.779,913.395,299.4,79.14,100,45,91,4.2,8.3,294.7,79.15,100,44,86,20706.9,15795.2,280.7,79.15,100,34,88,18.9,5.7,274.9,79.14,100,34,87,3515.8,14317.0,29.0,4,3
1783013072.223,913.839,297.5,79.14,100,46,90,2.4,4.4,288.3,79.15,100,45,86,9192.8,14507.6,277.3,79.15,98,21,89,13393.1,4.5,264.4,79.14,98,34,87,3.5,4.2,29.0,4,3
1783013072.665,914.280,291.7,79.14,100,62,90,20706.0,4.7,281.1,79.15,100,50,85,2.7,9.7,276.1,79.15,100,43,89,5899.0,15026.2,264.1,79.14,100,45,87,15939.4,4.6,29.0,4,3
1783013073.114,914.729,292.3,79.14,100,57,90,15712.8,14153.9,286.4,79.15,100,48,85,5945.2,5.5,287.3,79.15,100,42,89,2.5,3.9,272.6,79.14,100,43,85,20812.5,15841.6,29.0,4,3
1783013073.557,915.173,300.4,79.14,100,50,90,2.4,17117.2,301.7,79.15,100,47,86,20707.0,4.8,292.7,79.15,100,41,90,4.5,4.7,283.6,79.14,100,39,86,17144.6,14559.9,29.0,4,3
1783013073.999,915.614,298.0,79.14,100,43,90,20706.8,6.3,294.6,79.15,100,46,85,3.1,7483.1,292.7,79.15,100,41,90,18725.9,10489.6,277.6,79.14,100,38,85,3.0,5.5,29.0,4,3
1783013074.441,916.057,298.0,79.14,100,43,90,16735.5,14910.3,294.6,79.15,100,46,85,5741.2,5.7,285.2,79.15,100,30,90,2.0,17222.5,277.6,79.14,100,38,85,20746.0,5.4,29.0,4,3
1783013074.882,916.498,296.9,79.14,100,45,91,9206.0,4.5,288.3,79.15,100,44,86,2.8,4260.6,275.4,79.15,100,37,89,26641.8,4781.1,269.4,79.14,100,37,87,2.4,4.8,29.0,4,3
1783013075.333,916.948,297.3,79.14,100,47,90,1.9,4.5,289.1,79.15,100,48,86,1.9,17127.2,279.1,79.15,100,42,90,20703.2,5.3,271.0,79.14,100,40,87,4.4,4.9,29.0,4,3
1783013075.774,917.390,302.0,79.14,100,60,90,5.0,7.0,291.2,79.15,100,52,86,1.7,17146.4,283.8,79.15,100,39,89,20753.9,7.6,271.4,79.14,100,39,85,2.8,4.5,29.0,4,3
1783013076.221,917.836,301.7,79.14,100,49,89,2.3,4.5,295.2,79.15,100,48,86,1.8,9341.5,286.4,79.15,100,47,90,17407.7,9076.4,277.4,79.14,100,43,87,3.6,4.6,29.0,4,3
1783013076.662,918.277,301.5,79.14,100,59,90,12251.0,4.6,295.7,79.15,100,57,86,3.5,1462.0,286.9,79.15,100,39,89,17764.8,16003.6,281.6,79.14,100,45,87,7.9,7.1,29.0,4,3
1783013077.115,918.730,299.4,79.14,100,49,91,1366.6,4.5,294.6,79.15,100,49,86,1.9,10031.2,289.1,79.15,100,42,90,17352.7,8445.6,277.4,79.14,100,41,87,1.8,4.9,29.0,4,3
1783013077.557,919.173,300.7,79.14,100,49,90,2.5,5.1,295.3,79.15,100,48,86,8456.5,14881.6,285.6,79.15,100,37,89,13660.1,5.8,276.5,79.14,100,40,86,2.2,17241.4,29.0,4,3
1783013077.999,919.614,299.4,79.14,99,45,90,18059.2,11806.5,291.3,79.15,100,45,86,3.0,5.7,285.6,79.15,100,37,89,20762.6,17186.0,270.4,79.14,100,37,86,2.2,5.4,29.0,4,3
1783013078.441,920.057,299.4,79.14,99,45,90,20291.6,13297.5,291.3,79.15,100,45,86,19801.1,4.5,281.3,79.15,100,35,89,2.2,4.4,270.4,79.14,100,37,86,19150.4,12911.7,32.0,4,2
1783013078.883,920.499,292.3,79.14,100,8,92,3.5,4.1,283.1,79.15,100,9,86,522.1,17110.4,275.9,79.15,100,53,90,20755.0,6.8,266.9,79.14,100,46,87,2.7,4.3,32.0,4,2
1783013079.329,920.944,295.4,79.14,100,52,90,19399.3,4.3,290.4,79.15,100,65,86,2.8,4.3,282.1,79.15,100,54,90,15005.1,12932.2,275.4,79.14,100,54,87,9504.0,4.3,32.0,4,2
1783013079.770,921.385,299.7,79.14,100,60,90,20711.0,17109.7,296.6,79.15,100,62,86,1.9,4.7,291.1,79.15,100,41,89,3.5,17244.6,285.2,79.14,100,56,87,20746.2,5.3,32.0,4,2
1783013080.213,921.829,297.5,79.14,100,45,90,15791.5,7.5,294.4,79.15,100,44,86,2.2,16475.1,290.8,79.15,100,36,89,17245.9,2778.4,277.6,79.14,100,39,87,2.7,4281.8,32.0,4,2
1783013080.658,922.273,296.0,79.14,100,41,90,20707.2,16408.2,291.8,79.15,100,43,86,4.6,9.1,282.9,79.15,99,34,90,19283.9,13326.2,273.8,79.14,100,38,86,4634.3,7.8,32.0,4,2
1783013081.109,922.724,297.0,79.14,100,45,90,2.1,5.3,288.4,79.15,100,45,86,17313.9,13599.1,276.7,79.15,100,39,90,6114.9,4.9,270.4,79.14,100,41,87,9.3,7842.4,32.0,4,2
1783013081.554,923.169,300.0,79.14,100,48,90,2.0,1475.0,289.2,79.15,100,46,86,17731.2,17105.5,281.7,79.15,100,36,89,1.9,4.6,270.8,79.14,100,39,86,1.9,17259.6,32.0,4,2
1783013081.996,923.612,302.6,79.14,100,50,90,2.4,778.1,294.6,79.15,100,54,86,18578.9,17108.9,281.7,79.15,100,36,89,2.8,4.7,274.1,79.14,100,47,87,2.0,17270.1,32.0,4,2
1783013082.439,924.055,302.6,79.14,100,50,90,1.9,4.5,294.6,79.15,100,54,86,15606.8,13268.9,283.0,79.15,100,38,88,8119.0,4.7,274.1,79.14,100,47,87,4.3,1208.5,32.0,4,2
1783013082.882,924.498,301.7,79.14,100,48,90,4.5,5.0,294.3,79.15,100,47,86,4697.1,15759.4,285.9,79.15,100,38,89,14786.7,6.8,277.2,79.14,100,40,86,2.8,533.9,32.0,4,2
1783013083.331,924.946,299.4,79.14,100,46,90,3.8,4.6,296.5,79.15,100,45,86,8262.5,14160.2,287.1,79.15,100,39,90,14502.9,5.0,278.4,79.14,100,45,87,4.0,1720.8,32.0,4,2
1783013083.775,925.391,300.2,79.14,100,50,90,6.9,7678.0,293.9,79.15,100,45,85,16308.4,12444.9,284.6,79.15,100,37,89,3.7,5.4,275.3,79.14,100,39,87,15469.5,13332.2,32.0,4,2
1783013084.217,925.833,300.5,79.14,100,47,90,20706.7,6.0,291.3,79.15,100,48,86,3.1,15969.4,284.5,79.15,100,33,89,16121.9,3841.8,270.6,79.14,100,35,85,2.7,2936.6,32.0,4,2
1783013084.660,926.275,296.3,79.14,100,38,90,20640.8,14371.1,288.1,79.15,100,43,86,20223.0,14497.9,277.8,79.15,100,32,90,17366.7,12.8,269.6,79.14,100,37,86,7.8,9.9,35.0,5,2
1783013085.107,926.723,288.5,79.14,100,51,90,7090.5,4.1,282.1,79.15,100,50,86,1.8,4.0,275.2,79.15,100,57,90,15074.0,14196.3,266.6,79.14,100,51,87,6428.1,4.3,35.0,5,2
1783013085.553,927.168,293.5,79.14,100,50,90,20459.6,14089.2,291.1,79.15,100,56,86,2941.0,4.4,282.1,79.15,100,46,90,2.1,515.8,275.3,79.14,100,53,87,19711.9,17206.4,35.0,5,2
1783013085.993,927.609,302.0,79.14,100,59,90,3.5,15326.2,299.9,79.15,100,58,86,17123.1,3922.8,282.1,79.15,100,46,90,3.5,4.9,275.3,79.14,100,53,87,10692.6,14664.5,35.0,5,2
1783013086.438,928.053,302.0,79.14,100,59,90,20707.8,17109.0,299.9,79.15,100,58,86,3.1,5.5,289.6,79.15,100,37,89,9029.6,14991.2,282.1,79.14,100,42,87,13125.1,6.0,35.0,5,2
1783013086.878,928.494,298.0,79.14,100,46,89,4.2,10565.5,294.7,79.15,100,46,86,17877.8,7999.8,284.6,79.15,100,37,89,6.7,415.6,275.7,79.14,100,38,87,19696.5,17190.8,35.0,5,2
1783013087.319,928.934,297.7,79.14,100,42,90,20711.1,6.0,288.8,79.15,100,42,86,2.8,389.6,279.5,79.15,100,36,89,18795.7,17189.0,270.0,79.14,100,36,86,1.9,4.9,35.0,5,2
1783013087.763,929.378,298.6,79.14,100,45,90,8940.4,6.2,286.9,79.15,100,45,86,6.1,14959.1,280.5,79.15,100,39,89,17683.9,3585.7,268.9,79.14,100,42,86,1.9,4.6,35.0,5,2
1783013088.207,929.822,299.2,79.14,100,49,90,2.0,4.4,291.2,79.15,100,50,86,1.9,9400.7,282.4,79.15,100,41,90,17552.6,8966.6,276.4,79.14,100,44,87,2.6,5.5,35.0,5,2
1783013088.648,930.263,301.0,79.14,100,59,90,20705.3,4.5,294.6,79.15,100,48,85,2.8,4.7,286.3,79.15,100,40,89,20293.3,17198.4,277.7,79.14,100,42,86,8.2,7.3,35.0,5,2
1783013089.100,930.715,300.4,79.14,100,50,89,20707.0,4.7,296.5,79.15,100,49,86,1.9,4.6,291.3,79.15,100,47,90,20773.0,16233.8,278.7,79.14,100,42,87,2.4,4.8,35.0,5,2
1783013089.541,931.157,301.2,79.14,100,55,90,19013.2,1334.8,297.8,79.15,100,54,86,2.8,4.8,287.1,79.15,100,39,90,11020.9,14757.8,281.4,79.14,100,47,87,11211.9,4.7,35.0,5,2
1783013089.983,931.598,301.2,79.14,100,55,90,17876.9,4670.6,294.9,79.15,100,46,85,1.9,5.4,287.1,79.15,100,39,90,19599.1,14852.0,281.4,79.14,100,47,87,2542.0,5.1,35.0,5,2
1783013090.424,932.040,299.1,79.14,100,48,90,2.0,5.3,294.9,79.15,100,46,85,20705.9,17104.5,287.2,79.15,100,38,90,3.0,5.9,277.0,79.14,100,40,86,14068.3,14962.6,35.0,5,2
1783013090.866,932.481,296.3,79.14,100,46,89,18909.0,11664.8,292.2,79.15,100,46,85,21143.0,4228.0,282.6,79.15,100,31,89,20754.9,17201.8,273.6,79.14,100,37,86,14323.7,16722.9,38.0,5,1
1783013091.312,932.928,296.6,79.14,98,27,89,2.6,4.2,286.3,79.15,98,17,87,1.7,12101.0,271.4,79.15,100,21,91,15352.4,8118.3,263.8,79.14,100,10,86,2.2,4.3,38.0,5,1
1783013091.755,933.371,296.6,79.14,100,55,90,20710.4,17111.4,286.9,79.15,100,48,85,6.1,4.6,281.1,79.15,100,41,88,1.9,14433.3,270.3,79.14,100,44,86,15674.4,5801.7,38.0,5,1
1783013092.202,933.817,295.2,79.14,100,49,89,3.4,17110.3,291.9,79.15,100,47,87,18783.1,1568.6,292.2,79.15,100,40,89,2.7,5.4,284.7,79.14,100,44,88,11181.7,13110.9,38.0,5,1
1783013092.644,934.260,298.9,79.14,100,46,89,6864.9,13448.3,300.3,79.15,100,44,86,17098.8,6.8,289.2,79.15,100,44,90,5.7,17231.8,283.3,79.14,100,45,87,19697.6,8.2,38.0,5,1
1783013093.096,934.711,298.6,79.14,100,45,91,4.3,5.0,294.7,79.15,100,45,86,20220.5,17104.6,280.4,79.15,100,33,88,2.2,5.9,274.7,79.14,100,33,87,14693.9,13598.9,38.0,5,1
1783013093.538,935.153,297.2,79.14,100,44,90,17107.3,2842.2,288.1,79.15,100,42,86,2.8,5.1,278.5,79.15,100,37,89,20394.9,13677.1,267.5,79.14,100,41,87,3028.1,5.3,38.0,5,1
1783013093.980,935.595,297.2,79.14,100,44,90,13905.8,4.9,289.5,79.15,100,45,86,3.7,3555.8,278.5,79.15,100,37,89,16542.0,16093.9,267.5,79.14,100,41,87,3.0,5.1,38.0,5,1
1783013094.421,936.036,299.4,79.14,100,47,89,1132.0,4.6,289.5,79.15,100,45,86,1.9,10513.0,283.0,79.15,100,41,90,15929.4,9474.3,272.5,79.14,100,43,87,2.8,4.8,38.0,5,1
1783013094.862,936.477,300.3,79.14,100,48,90,19789.8,4.6,289.6,79.15,100,45,85,9.6,4.1,286.2,79.15,100,39,89,19709.9,17203.3,274.8,79.14,100,41,87,5.8,4.9,38.0,5,1
1783013095.311,936.926,300.6,79.14,100,48,90,20710.1,4.7,295.6,79.15,100,47,86,2.5,4.6,287.2,79.15,100,44,90,13374.4,15245.8,277.3,79.14,100,45,87,6098.1,4.9,38.0,5,1
1783013095.756,937.372,302.8,79.14,100,58,90,20707.5,4.5,298.6,79.15,100,55,86,6.1,4.6,286.5,79.15,100,37,88,19391.8,12926.2,278.1,79.14,100,38,86,4993.4,4.9,38.0,5,1
1783013096.204,937.819,299.3,79.14,100,48,91,17522.5,2456.8,294.2,79.15,100,45,86,2.9,5.2,288.4,79.15,100,42,90,20445.6,13092.2,276.8,79.14,100,39,86,3837.8,5.5,38.0,5,1
1783013096.645,938.260,298.7,79.14,100,45,90,2.2,5.2,293.9,79.15,100,45,85,20477.8,17105.5,285.5,79.15,100,33,89,6.2,12.0,275.4,79.14,100,38,87,20776.6,17196.1,38.0,5,1
1783013097.098,938.713,296.7,79.14,100,39,90,9275.9,5.8,287.9,79.15,100,40,87,2.0,20839.1,279.7,79.15,99,35,90,17701.3,17532.5,269.5,79.14,100,38,86,16716.4,17447.3,41.0,6,1
1783013097.541,939.156,290.5,79.14,100,60,90,20711.0,17110.1,282.3,79.15,100,62,86,1.8,4.0,270.4,79.15,100,42,88,2.3,532.5,265.0,79.14,100,56,87,19705.8,17214.3,41.0,6,1
1783013097.983,939.598,290.5,79.14,100,60,90,6.2,4.4,289.2,79.15,100,64,86,12068.0,14367.3,270.4,79.15,100,42,88,10465.2,4.6,265.0,79.14,100,56,87,2.9,5.1,41.0,6,1
1783013098.425,940.040,293.6,79.14,100,66,90,11010.2,4.6,289.2,79.15,100,64,86,1.9,983.2,280.9,79.15,100,41,88,18057.0,17198.1,272.4,79.14,100,54,87,1.9,4.8,41.0,6,1
1783013098.866,940.482,299.9,79.14,100,60,90,13884.4,5.6,298.8,79.15,100,48,85,3.8,16420.3,295.5,79.15,100,38,89,20750.1,9.1,283.0,79.14,100,43,85,8.4,9662.7,41.0,6,1
1783013099.315,940.931,298.3,79.14,100,47,90,18240.0,15259.8,296.6,79.15,100,46,86,3.0,5.8,286.8,79.15,100,36,90,19445.5,14669.4,278.9,79.14,100,35,87,2972.5,5.8,41.0,6,1
1783013099.757,941.373,297.9,79.14,100,43,90,7.4,15205.2,291.1,79.15,100,43,86,17762.6,3636.0,279.0,79.15,100,33,89,2.8,5.1,269.6,79.14,100,37,86,19245.8,14818.8,41.0,6,1
1783013100.202,941.818,296.9,79.14,100,49,90,7898.5,14752.6,285.1,79.15,100,45,85,14689.7,4.7,280.0,79.15,100,39,89,2.4,2414.3,267.7,79.14,100,41,87,17742.6,16252.2,41.0,6,1
1783013100.644,942.259,299.1,79.14,100,45,90,20709.6,17110.9,291.9,79.15,100,47,86,2.1,5.0,280.9,79.15,100,40,88,5.3,15399.6,274.5,79.14,100,50,87,17130.5,3601.2,41.0,6,1
1783013101.086,942.701,299.9,79.14,100,49,90,14006.0,14422.9,294.5,79.15,100,48,85,8810.3,4.6,286.7,79.15,100,42,90,4.0,530.3,276.9,79.14,100,41,85,19696.2,17196.3,41.0,6,1
1783013101.527,943.143,300.5,79.14,100,48,90,5118.2,14707.0,295.2,79.15,100,56,86,17428.9,4.6,286.9,79.15,100,40,89,2.0,4.1,278.8,79.14,100,49,87,20790.6,17193.6,41.0,6,1
1783013101.970,943.586,300.5,79.14,100,48,90,11556.6,15431.1,294.1,79.15,100,46,87,8221.4,4.6,286.9,79.15,100,40,89,1.9,991.6,278.8,79.14,100,49,87,18429.5,17186.9,41.0,6,1
1783013102.416,944.031,299.9,79.14,100,47,90,12757.5,14581.3,294.1,79.15,100,46,87,10371.5,5.1,285.8,79.15,100,42,89,2.0,8055.2,276.6,79.14,100,42,85,18015.3,10273.4,41.0,6,1
1783013102.856,944.472,299.4,79.14,100,47,90,12280.0,5.8,295.1,79.15,100,53,86,2.2,17114.7,284.5,79.15,100,37,89,20749.1,8.5,276.1,79.14,100,43,87,8.1,8622.9,41.0,6,1
1783013103.301,944.916,300.4,79.14,100,45,90,18080.3,16592.0,292.9,79.15,100,41,86,2.1,6.4,279.8,79.15,100,35,88,19866.5,18225.4,272.1,79.14,100,38,87,7407.4,17394.0,43.0,6,0
1783013103.743,945.358,296.0,79.14,98,41,90,8.7,7.3,283.1,79.15,98,41,85,5943.5,12811.1,273.9,79.15,100,9,91,17880.1,4.2,265.7,79.14,100,8,87,4.3,4.0,43.0,6,0
1783013104.189,945.804,294.6,79.14,100,58,90,15493.9,14249.5,287.4,79.15,100,67,86,4.4,4.5,280.9,79.15,100,49,90,3.5,15967.7,274.6,79.14,100,62,87,15149.1,4745.2,43.0,6,0
1783013104.631,946.246,296.7,79.14,100,58,90,1.9,14660.9,293.5,79.15,100,58,86,15637.3,5814.6,289.3,79.15,100,41,88,2.4,7.8,280.3,79.14,100,56,87,17088.7,13031.4,43.0,6,0
1783013105.080,946.695,298.8,79.14,100,50,90,1.9,15756.3,298.2,79.15,100,44,85,15922.0,4438.3,292.4,79.15,100,37,89,4.4,498.0,281.4,79.14,100,39,87,19696.1,17196.9,43.0,6,0
1783013105.522,947.137,297.8,79.14,99,45,90,14410.3,6.0,293.5,79.15,100,44,86,8.0,17111.5,285.0,79.15,100,32,89,20747.0,5.6,273.5,79.14,100,35,88,3.1,8159.6,43.0,6,0
1783013105.966,947.581,297.8,79.14,99,45,90,20710.5,16753.3,288.0,79.15,100,43,85,3.7,5.4,285.0,79.15,100,32,89,9216.2,13807.0,273.5,79.14,100,35,88,14498.7,5.2,43.0,6,0
1783013106.413,948.029,294.7,79.14,100,42,89,19293.8,5.8,288.0,79.15,100,43,85,2.0,9.7,277.9,79.15,100,38,90,19702.5,17194.2,269.9,79.14,100,40,86,2.4,4.8,43.0,6,0
1783013106.856,948.471,298.0,79.14,100,54,90,9535.0,5.1,286.6,79.15,100,48,85,1.9,11370.1,280.7,79.15,100,36,89,15911.0,8599.9,270.2,79.14,100,39,86,10.5,4.7,43.0,6,0
1783013107.297,948.913,301.2,79.14,100,46,90,10810.8,4.5,293.9,79.15,100,48,86,2.0,23.9,282.9,79.15,100,38,88,19700.6,17201.6,275.2,79.14,100,47,87,2.9,4.8,43.0,6,0
1783013107.739,949.355,302.0,79.14,100,48,90,20704.9,8.7,294.8,79.15,100,47,86,3.5,5.1,286.0,79.15,100,37,89,20282.5,17197.0,277.6,79.14,100,40,87,4.0,4.8,43.0,6,0
1783013108.191,949.806,299.6,79.14,100,48,89,19888.7,4.7,295.7,79.15,100,49,86,4.4,4.1,288.7,79.15,100,40,90,20285.3,17199.5,279.7,79.14,100,43,87,1.9,4.7,43.0,6,0
1783013108.632,950.248,300.2,79.14,100,56,90,20705.4,4.6,294.4,79.15,100,48,85,2.6,4.6,285.6,79.15,100,37,89,20769.1,17198.2,276.4,79.14,100,39,86,9.7,9.6,43.0,6,0
1783013109.081,950.697,299.8,79.14,100,46,90,2.6,5883.7,293.2,79.15,100,45,86,16477.3,12558.3,283.7,79.15,100,36,89,3.7,6.0,273.5,79.14,100,40,87,20761.3,17202.3,43.0,6,0
1783013109.524,951.139,297.6,79.14,100,38,90,11709.9,5.8,290.9,79.15,100,37,86,2.1,17113.2,279.0,79.15,100,35,89,20747.4,11.3,269.7,79.14,100,36,87,2.2,12449.7,46.0,7,0
1783013109.970,951.585,297.6,79.14,100,38,90,2605.1,2122.5,287.7,79.15,100,64,85,2784.6,3136.2,279.0,79.15,100,35,89,2729.2,3257.9,269.7,79.14,100,36,87,2715.2,3000.8,46.0,7,0
1783013110.413,952.029,298.7,79.14,100,64,90,2506.7,2067.6,287.7,79.15,100,64,85,2794.5,3733.9,282.5,79.15,100,56,89,2805.0,3793.0,270.8,79.14,100,59,86,2559.4,3245.6,46.0,8,0
1783013110.857,952.472,302.1,79.14,100,64,89,2438.5,2034.9,298.3,79.15,100,64,85,2726.3,3367.6,292.0,79.15,100,57,89,2809.1,3817.8,280.4,79.14,100,59,86,2742.0,3061.5,46.0,8,0
1783013111.301,952.916,304.4,79.14,100,65,89,2501.1,2122.3,305.7,79.15,100,65,85,2760.5,3230.8,299.4,79.15,100,56,89,2821.9,3708.3,286.2,79.14,100,59,86,2739.4,3252.0,46.0,8,0
1783013111.744,953.359,300.0,79.14,100,64,89,2546.5,2136.5,301.9,79.15,100,64,85,2852.5,3415.9,299.6,79.15,99,56,89,2827.6,3748.4,286.1,79.14,100,59,86,2732.5,3371.3,47.0,8,0
1783013112.193,953.808,300.0,79.14,100,64,89,2539.9,2124.7,299.9,79.15,100,64,85,2753.7,3541.9,298.6,79.15,100,56,89,2826.1,3592.6,285.0,79.14,100,58,86,2714.9,3222.7,47.0,8,0
1783013112.636,954.251,300.0,79.14,100,64,89,2519.7,2085.0,299.6,79.15,100,64,85,2762.0,3379.8,298.2,79.15,100,56,89,2861.3,3599.8,284.4,79.14,100,59,86,2787.9,3153.1,47.0,8,0
1783013113.082,954.697,300.0,79.14,100,64,89,2540.0,2066.9,299.8,79.15,100,64,85,2761.6,3525.4,298.3,79.15,100,56,89,3021.3,3517.7,284.5,79.14,100,58,86,2734.1,3293.1,47.0,8,0
1783013113.526,955.141,300.0,79.14,100,63,89,2529.3,2085.3,299.6,79.15,99,63,85,2774.5,3326.7,297.9,79.15,100,56,89,2786.0,3671.7,284.1,79.14,100,58,86,2752.9,3355.3,47.0,8,0
1783013113.969,955.584,300.0,79.14,100,63,89,2664.8,2101.9,299.9,79.15,100,64,85,2762.2,3414.8,297.9,79.15,100,56,89,2827.3,3660.1,284.1,79.14,100,58,86,2753.7,3289.3,47.0,8,0
1783013114.414,956.030,300.0,79.14,100,64,89,2377.3,2119.4,299.9,79.15,100,64,85,2802.3,3253.0,298.0,79.15,99,56,89,2816.1,3627.2,284.4,79.14,100,59,86,2721.5,3268.1,47.0,8,0
1783013114.857,956.473,300.0,79.14,100,64,89,2539.9,2051.6,300.1,79.15,100,64,85,2767.3,3396.3,298.7,79.15,100,56,89,2824.9,3718.4,285.1,79.14,100,58,86,2740.9,3178.0,47.0,8,0
1783013115.300,956.915,300.0,79.14,100,64,89,2538.7,2068.3,300.2,79.15,100,64,85,2736.0,3414.5,299.1,79.15,100,56,89,2823.9,3679.0,285.1,79.14,100,58,86,2837.9,3272.7,47.0,8,0
1783013115.743,957.358,300.0,79.14,100,64,89,2584.1,2074.6,300.2,79.15,100,64,85,2723.4,3255.8,299.3,79.15,100,56,89,2816.0,3602.3,284.9,79.14,99,58,86,2743.2,3153.3,47.0,8,0
1783013116.190,957.805,300.0,79.14,100,63,89,2519.6,2101.1,299.8,79.15,99,63,85,2791.9,3365.3,299.1,79.15,100,56,89,2932.5,3711.2,284.6,79.14,100,58,86,2683.0,3034.8,47.0,8,0
1783013116.634,958.249,300.0,79.14,100,64,89,2499.3,2105.1,300.0,79.15,100,64,85,2773.4,3462.4,299.5,79.15,100,56,89,2844.8,3937.6,285.1,79.14,100,59,86,2778.9,3276.7,47.0,8,0
1783013117.084,958.700,300.0,79.14,100,64,89,2563.8,2068.4,299.9,79.15,100,64,85,2760.1,3364.9,299.8,79.15,100,56,89,2797.3,3692.7,285.5,79.14,100,59,86,2998.6,3281.0,47.0,8,0
1783013117.530,959.145,300.0,79.14,100,65,89,2480.1,2085.1,300.1,79.15,100,64,85,2767.6,3393.2,299.8,79.15,100,56,89,2817.4,3681.3,285.6,79.14,100,59,86,2735.7,3275.6,47.0,8,0
1783013117.973,959.589,300.0,79.14,100,65,89,2565.0,2121.5,299.9,79.15,99,63,85,2746.5,3440.3,299.8,79.15,100,56,89,2783.8,3691.9,285.6,79.14,100,59,86,2725.6,3230.0,47.0,8,0
1783013118.418,960.033,300.0,79.14,99,64,89,2521.0,2085.3,299.9,79.15,99,63,85,2752.3,3512.6,300.0,79.15,100,56,89,2834.5,3496.2,285.2,79.14,100,58,86,2722.8,3286.9,47.0,8,0
1783013118.862,960.477,300.0,79.14,100,64,89,2499.3,2051.6,299.9,79.15,100,64,85,2722.1,3335.2,299.6,79.15,100,56,89,2943.5,3589.2,284.8,79.14,100,58,86,2730.1,3255.2,47.0,8,0
1783013119.309,960.924,300.0,79.14,100,64,89,2521.1,2085.0,300.2,79.15,100,64,85,2792.4,3287.0,300.2,79.15,100,56,89,2783.0,3675.5,285.2,79.14,100,59,86,2726.2,3284.1,47.0,8,0
1783013120.179,961.794,300.0,79.14,100,64,89,2531.0,2084.6,300.0,79.15,100,64,85,2751.1,3382.6,300.8,79.15,100,56,89,2810.5,3618.3,285.7,79.14,100,59,86,2676.9,3045.1,47.0,8,0
1783013120.622,962.238,300.0,79.14,100,63,89,2557.7,2035.3,299.8,79.15,99,63,85,2727.2,3403.7,300.4,79.15,100,56,89,2808.6,3713.7,285.2,79.14,100,59,86,2778.2,3317.7,47.0,8,0
1783013121.070,962.686,300.0,79.14,100,63,89,2528.4,2078.5,299.7,79.15,100,63,85,2681.9,3420.4,300.1,79.15,100,56,89,2810.0,3591.1,284.9,79.14,99,58,86,2732.5,3174.4,47.0,8,0
1783013121.514,963.129,300.0,79.14,100,64,89,2500.9,2085.4,299.9,79.15,100,64,85,2753.8,3302.1,300.1,79.15,100,57,89,2786.5,3675.5,285.6,79.14,100,59,86,2721.1,3278.7,47.0,8,0
1783013121.958,963.573,300.0,79.14,100,64,89,2560.1,2088.4,300.2,79.15,100,64,85,2770.3,3261.4,300.1,79.15,100,57,89,2828.4,3619.2,285.6,79.14,100,59,86,2736.6,3315.3,47.0,8,0
1783013122.400,964.015,300.0,79.14,100,65,89,2519.6,2068.5,300.2,79.15,100,64,85,2736.9,3318.8,300.4,79.15,100,56,89,2790.9,3768.3,286.1,79.14,100,58,86,2732.3,3198.8,47.0,8,0
1783013122.843,964.458,300.0,79.14,100,64,89,2519.6,2104.3,300.3,79.15,100,64,85,2753.0,3487.2,300.8,79.15,100,56,89,2800.2,3724.5,286.6,79.14,100,59,86,2770.4,3287.0,47.0,8,0
1783013123.288,964.903,300.0,79.14,100,64,89,2580.4,2136.5,300.0,79.15,100,64,85,2937.9,3342.9,300.8,79.15,100,56,89,2822.9,3540.5,286.3,79.14,99,58,86,2693.6,3034.6,47.0,8,0
1783013123.733,965.349,300.0,79.14,99,64,89,2523.2,2091.4,299.7,79.15,100,64,85,2745.5,3385.6,300.4,79.15,100,56,89,2809.1,3756.7,285.6,79.14,100,58,86,2730.3,3220.8,47.0,8,0
1783013124.179,965.795,300.0,79.14,100,64,89,2534.5,2094.0,299.8,79.15,100,64,85,2754.5,3351.5,300.3,79.15,100,56,89,2775.3,3548.8,285.3,79.14,100,59,86,2740.7,3298.4,47.0,8,0
1783013124.622,966.238,300.0,79.14,100,64,89,2521.3,2077.0,300.1,79.15,100,64,85,2738.1,3271.2,300.2,79.15,100,56,89,2798.6,3796.5,285.7,79.14,100,59,86,2745.0,3391.8,47.0,8,0
1783013125.066,966.682,300.0,79.14,100,65,89,2482.9,2051.7,300.3,79.15,100,64,85,2703.0,3338.0,300.1,79.15,100,56,89,2799.3,3595.7,286.0,79.14,100,59,86,2721.6,3234.5,47.0,8,0
1783013125.509,967.124,300.0,79.14,99,64,89,2501.0,2087.1,300.2,79.15,100,64,85,2752.9,3239.1,300.1,79.15,100,56,89,2799.9,3581.0,286.4,79.14,100,59,86,2711.0,3220.8,47.0,8,0
1783013125.951,967.567,300.0,79.14,99,64,89,2502.9,2138.8,300.1,79.15,100,64,85,2766.3,3327.3,300.3,79.15,100,56,89,2786.7,3662.6,286.4,79.14,100,59,86,2752.2,3272.9,47.0,8,0
1783013126.396,968.011,300.0,79.14,100,64,89,2580.5,2068.4,300.1,79.15,100,64,85,2728.7,3383.4,300.2,79.15,100,56,89,2799.2,3692.7,286.4,79.14,100,59,86,2721.7,3345.2,47.0,8,0
1783013126.837,968.453,300.0,79.14,100,64,89,2499.5,2066.3,299.9,79.15,100,64,85,2749.7,3274.6,299.7,79.15,100,56,89,2636.2,4601.0,286.5,79.14,100,59,86,3066.6,3247.7,47.0,8,0
1783013127.288,968.904,300.0,79.14,100,64,89,2561.2,2052.6,299.9,79.15,100,64,85,2761.1,3242.7,299.6,79.15,100,56,89,2850.1,3674.2,286.3,79.14,100,58,86,2726.4,3319.0,48.0,8,0
1783013127.736,969.351,300.0,79.14,100,64,89,2602.1,2561.6,299.8,79.15,100,64,85,2745.8,3411.6,299.8,79.15,99,56,89,2788.3,3524.4,285.7,79.14,100,59,86,2753.8,3263.7,48.0,8,0
1783013128.189,969.805,300.0,79.14,100,64,89,2519.7,2067.9,300.0,79.15,100,64,85,2745.5,3310.5,300.0,79.15,100,56,89,2670.1,3535.6,285.9,79.14,100,59,86,2613.9,3278.2,48.0,8,0
1783013128.632,970.247,300.0,79.14,100,64,89,2499.4,2051.6,300.1,79.15,100,64,85,2735.1,3337.2,300.3,79.15,100,56,89,2905.2,4339.8,286.4,79.14,100,59,86,2854.0,3235.2,48.0,8,0
1783013129.085,970.700,300.0,79.14,100,64,89,2480.0,2036.1,300.1,79.15,100,64,85,2730.1,3267.2,300.3,79.15,100,56,89,2781.3,3669.2,286.7,79.14,100,59,86,2737.0,3274.8,48.0,8,0
1783013129.527,971.142,300.0,79.14,100,64,89,2501.0,2051.6,300.2,79.15,100,64,85,2703.5,3328.9,300.5,79.15,100,57,89,2803.7,3650.5,287.1,79.14,100,59,86,2693.3,3081.4,48.0,8,0
1783013129.969,971.584,300.0,79.14,100,64,89,2541.0,2088.1,300.0,79.15,100,64,85,2733.1,3342.2,300.5,79.15,100,57,89,2765.6,3783.9,287.1,79.14,100,59,86,2739.6,3397.1,48.0,8,0
1783013130.416,972.031,300.0,79.14,100,65,89,2518.2,2068.3,300.0,79.15,100,64,85,2744.8,3294.0,300.1,79.15,100,56,89,2798.8,3597.6,287.2,79.14,100,59,86,2716.7,3195.1,48.0,8,0
1783013130.858,972.473,300.0,79.14,100,64,89,2479.3,2083.4,299.8,79.15,100,64,85,2708.5,3302.8,299.6,79.15,99,56,89,3370.7,3758.2,286.7,79.14,100,58,86,2745.8,2950.1,48.0,8,0
1783013131.304,972.920,300.0,79.14,100,64,89,2500.4,2085.3,299.9,79.15,100,64,85,2755.0,3362.9,299.4,79.15,100,56,89,2826.5,3697.8,285.9,79.14,100,59,86,2902.6,3396.5,48.0,8,0
1783013131.748,973.363,300.0,79.14,100,64,89,5.0,1.6,300.1,79.15,100,64,85,2.6,0.4,299.6,79.15,100,56,90,1.1,17209.2,285.8,79.14,100,59,86,20751.0,17184.5,,,
1783013133.171,974.786,297.0,79.14,100,51,89,20707.3,17110.6,287.4,79.15,100,58,86,2.8,4.7,294.0,79.15,100,51,90,2.2,9821.3,283.4,79.14,99,55,87,17517.3,8833.4,48.0,8,0
1783013133.611,975.226,299.6,79.14,100,52,90,18031.0,14510.7,297.2,79.15,100,46,85,5.4,5.8,288.2,79.15,100,37,90,20706.6,16242.0,278.7,79.14,100,40,86,5.9,12.0,48.0,8,0
1783013134.059,975.674,296.7,79.14,99,41,90,2.4,17116.1,289.7,79.15,100,43,85,20702.7,5.8,286.1,79.15,100,34,90,2.9,10945.0,270.8,79.14,100,37,86,17865.0,7402.5,48.0,8,0
1783013134.499,976.115,295.6,79.14,100,45,89,17.4,5.1,288.8,79.15,100,46,85,4.6,17102.9,286.1,79.15,100,34,90,20746.6,5.8,270.8,79.14,100,37,86,3.7,6.3,48.0,8,0
1783013134.943,976.558,295.6,79.14,100,45,89,5.8,5.1,288.8,79.15,100,46,85,13620.2,14550.2,279.2,79.15,100,39,90,8448.1,5.2,271.1,79.14,100,40,87,1.9,12079.7,48.0,8,0
1783013135.385,977.001,299.2,79.14,100,52,90,2.8,4.8,287.4,79.15,100,47,85,20716.3,17107.2,281.5,79.15,100,37,90,2.0,10.4,271.3,79.14,100,39,86,1.9,13743.3,48.0,8,0
1783013135.832,977.447,302.9,79.14,100,50,90,3.5,4.5,294.8,79.15,100,56,86,13786.9,14607.0,285.3,79.15,100,39,89,8160.9,5.1,276.0,79.14,100,47,87,2.2,3980.5,48.0,8,0
1783013136.275,977.890,301.1,79.14,100,53,90,3.2,4.5,295.4,79.15,100,48,85,1523.9,15914.4,288.7,79.15,100,39,90,19881.1,4.9,278.4,79.14,100,42,86,3.6,5.6,48.0,8,0
1783013136.718,978.334,299.8,79.14,100,47,89,11.2,7.3,296.5,79.15,100,45,86,2334.2,15252.4,289.9,79.15,100,43,90,19686.1,4.9,280.3,79.14,100,48,87,2.8,4.2,48.0,8,0
1783013137.162,978.777,299.5,79.14,100,54,90,2.7,5.0,295.3,79.15,100,46,85,2882.7,14781.1,287.7,79.15,100,39,90,19519.5,5.6,277.5,79.14,100,41,86,3.0,6820.3,48.0,8,0
1783013137.603,979.219,299.9,79.14,100,47,90,10850.2,14882.4,293.8,79.15,100,49,86,11503.6,5.6,286.0,79.15,100,35,89,2.1,17222.6,273.4,79.14,100,34,86,20752.0,12.2,48.0,8,0
1783013138.053,979.668,298.3,79.14,100,43,90,2.2,10.3,291.1,79.15,100,43,86,26772.3,11624.5,281.5,79.15,100,36,90,20746.4,17184.3,271.4,79.14,100,40,85,3087.9,17394.9,48.0,8,0
1783013138.497,980.112,286.3,79.14,100,65,89,2.9,3180.1,278.8,79.15,100,48,85,16016.5,17107.7,281.5,79.15,100,36,90,3.6,4.5,271.4,79.14,100,40,85,2.7,555.8,48.0,8,0
1783013138.957,980.573,286.3,79.14,100,65,89,438.5,7.5,287.5,79.15,100,64,86,1.9,366.1,272.4,79.15,100,35,89,18823.7,17202.7,263.6,79.14,100,48,87,3.4,4.6,48.0,8,0
1783013139.399,981.015,282.0,79.14,100,63,90,20708.0,17108.6,287.5,79.15,100,64,86,3.6,4.9,278.9,79.15,100,40,89,2.0,14337.8,272.8,79.14,100,55,87,16712.9,2543.0,48.0,8,0
1783013139.842,981.458,291.3,79.14,100,63,90,20709.8,17109.3,299.4,79.15,100,50,86,2.2,5.7,294.6,79.15,100,37,89,4480.6,14517.6,283.0,79.14,100,41,87,17538.8,7.8,48.0,8,0
1783013140.287,981.902,296.7,79.14,100,46,89,2.1,1945.8,296.4,79.15,100,45,86,17312.3,17104.1,287.2,79.15,100,34,89,2.6,6.0,278.9,79.14,100,36,87,17553.8,13398.5,48.0,8,0
1783013140.729,982.344,297.6,79.14,100,44,90,12906.8,11.2,292.1,79.15,100,42,86,7.1,17110.3,279.0,79.15,100,33,89,20748.5,5.7,270.0,79.14,100,36,86,2.9,4.8,48.0,8,0
1783013141.183,982.798,297.7,79.14,100,49,90,2.3,5.3,286.1,79.15,100,50,86,20336.5,12905.7,280.2,79.15,100,38,89,3780.5,4.9,266.7,79.14,100,39,87,3.7,10764.2,48.0,8,0
1783013141.625,983.240,298.3,79.14,100,45,89,4.1,8469.1,290.0,79.15,100,44,86,16188.3,11835.5,283.4,79.15,100,43,90,4.1,7.8,274.7,79.14,100,49,87,13828.7,13135.4,48.0,8,0
1783013142.076,983.691,299.2,79.14,100,47,90,2.0,17111.5,292.5,79.15,100,46,86,19562.3,10.7,286.7,79.15,100,38,90,2.9,4.7,277.1,79.14,100,41,87,14994.0,13091.4,48.0,8,0
1783013142.521,984.136,300.9,79.14,100,48,90,3.2,17113.9,295.4,79.15,100,52,86,18066.7,2077.0,285.4,79.15,100,38,89,4.4,4.9,277.2,79.14,100,47,87,12116.4,12896.0,48.0,8,0
1783013142.964,984.579,300.9,79.14,100,48,90,16396.5,13060.2,294.1,79.15,100,45,86,6966.8,4.6,285.4,79.15,100,38,89,2.5,4522.5,277.2,79.14,100,47,87,16379.6,15275.8,48.0,8,0
1783013143.411,985.027,299.9,79.14,100,46,90,16196.8,16682.1,294.1,79.15,100,45,86,5.0,5.4,285.9,79.15,100,44,90,9864.2,13559.7,276.9,79.14,100,41,86,13879.1,5.6,48.0,8,0
1783013143.852,985.468,300.6,79.14,100,50,90,2.2,3100.0,292.1,79.15,100,49,86,16980.4,16081.0,286.0,79.15,100,37,89,2.2,8.1,274.8,79.14,100,39,86,20549.4,13152.7,48.0,8,0
1783013144.294,985.910,298.5,79.14,100,37,90,9654.0,5.7,288.9,79.15,100,40,85,58.3,22057.7,278.6,79.15,100,27,90,17610.5,17434.3,269.6,79.14,100,35,86,16677.4,17506.6,6.0,0,7
1783013144.738,986.354,287.9,79.14,98,31,91,19795.7,8771.3,279.7,79.15,98,22,86,6.4,6.3,265.7,79.15,100,38,90,1.8,16554.7,255.0,79.14,100,21,87,18162.9,1964.7,6.0,0,7
1783013145.194,986.809,287.6,79.14,100,51,90,1.9,1832.9,282.2,79.15,100,50,85,17822.5,16764.3,277.8,79.15,100,42,90,2.0,4.5,266.8,79.14,100,44,86,2.5,15191.1,6.0,0,7
1783013145.638,987.253,293.6,79.14,100,50,89,3.6,4.6,296.3,79.15,100,49,86,508.3,17128.9,295.0,79.15,100,53,90,20751.2,10.3,288.9,79.14,100,43,86,5.8,520.6,6.0,0,7
1783013146.090,987.706,301.3,79.14,100,47,90,2.1,5.5,301.3,79.15,100,52,86,20714.4,17104.4,288.3,79.15,100,38,89,2.8,11.5,281.4,79.14,100,47,87,14064.7,14741.1,6.0,0,7
1783013146.535,988.150,299.1,79.14,100,44,90,20707.0,5.6,293.4,79.15,100,39,86,2.2,13316.8,280.8,79.15,100,34,89,17965.6,4779.1,270.8,79.14,100,35,86,2.7,484.1,6.0,0,7
1783013146.976,988.592,299.1,79.14,100,44,90,10229.0,14806.9,286.1,79.15,100,46,85,12073.7,5.0,280.8,79.15,100,34,89,2.0,7552.2,270.8,79.14,100,35,86,17893.8,10569.0,6.0,0,7
1783013147.417,989.033,294.9,79.14,100,43,90,19048.4,17108.1,286.1,79.15,100,46,85,3.5,4.8,280.5,79.15,100,37,90,3.5,17235.7,267.6,79.14,100,40,87,20748.8,5.3,6.0,0,7
1783013147.860,989.475,298.9,79.14,100,53,90,20706.2,5.3,288.9,79.15,100,51,86,2.7,4.7,281.4,79.15,100,37,89,20770.0,17199.4,274.2,79.14,100,43,87,4.5,4.6,6.0,0,7
1783013148.309,989.924,300.8,79.14,100,49,90,20706.2,4.5,295.0,79.15,100,49,86,4.3,4.9,285.4,79.15,100,45,90,15961.9,14320.1,278.1,79.14,100,45,87,6961.8,4.9,6.0,0,7
1783013148.751,990.366,300.6,79.14,100,57,90,16999.5,3764.7,295.4,79.15,100,53,86,1.9,6.4,287.2,79.15,100,38,90,6312.7,14561.5,276.1,79.14,100,40,87,16457.4,5.0,6.0,0,7
1783013149.193,990.808,299.8,79.14,100,48,90,18240.2,1971.0,295.6,79.15,100,45,86,1.8,4.6,287.7,79.15,100,43,90,6862.3,14459.0,277.1,79.14,100,40,87,15652.5,4.9,6.0,0,7
1783013149.634,991.249,300.5,79.14,100,52,90,17468.5,3473.4,296.3,79.15,100,50,86,2.0,10.5,286.5,79.15,100,38,90,20122.1,14867.3,276.5,79.14,100,40,87,83.7,10.7,6.0,0,7
1783013150.078,991.694,300.3,79.14,100,47,90,2.7,1359.0,294.1,79.15,100,47,86,18133.7,16752.9,282.9,79.15,100,35,89,2.2,5.8,273.8,79.14,100,35,87,17640.8,15465.3,6.0,0,7
1783013150.520,992.136,297.3,79.14,99,40,90,13816.3,5.8,288.4,79.15,100,39,86,3.8,17151.5,280.4,79.15,100,35,90,19734.7,11790.8,270.9,79.14,100,38,86,20613.3,4243.1,9.0,0,6
1783013150.962,992.578,297.3,79.14,99,40,90,2.4,1672.3,280.2,79.15,100,50,85,17671.3,17111.0,280.4,79.15,100,35,90,1.8,4.1,270.9,79.14,100,38,86,2.2,532.0,9.0,0,6
1783013151.405,993.020,291.3,79.14,100,57,90,20704.8,4.3,280.2,79.15,100,50,85,2.8,4.5,278.1,79.15,100,42,90,7498.3,13047.3,266.1,79.14,100,45,87,16909.4,4.5,9.0,0,6
1783013151.845,993.461,295.1,79.14,100,53,90,3.4,17114.7,289.7,79.15,100,48,86,20705.5,4.8,285.9,79.15,100,40,90,2.4,5.1,275.9,79.14,100,43,87,20375.3,14250.1,9.0,0,6
1783013152.288,993.904,302.2,79.14,100,49,90,2.0,17115.1,302.6,79.15,100,48,85,20705.4,5.8,295.3,79.15,100,43,90,3.1,3677.1,285.8,79.14,100,40,87,16235.8,16000.9,9.0,0,6
1783013152.735,994.351,300.6,79.14,100,45,90,8134.5,10.2,297.6,79.15,99,44,86,11584.0,13630.2,287.5,79.15,100,36,90,11689.5,5.8,278.2,79.14,100,38,86,2.1,17236.9,9.0,0,6
1783013153.184,994.799,297.4,79.14,100,44,90,16475.0,15005.4,289.8,79.15,100,45,85,2.1,5.1,279.8,79.15,100,30,90,9219.8,13731.0,270.2,79.14,100,36,85,14221.2,5.1,9.0,0,6
1783013153.624,995.239,296.2,79.14,100,48,91,19068.1,4.6,286.1,79.15,100,44,85,4.4,4.2,281.3,79.15,100,40,90,20775.2,17193.8,271.1,79.14,100,41,87,10.5,12.6,9.0,0,6
1783013154.079,995.694,300.7,79.14,100,44,90,1.9,5.1,293.4,79.15,100,45,86,493.1,17131.0,281.9,79.15,100,39,89,20747.1,5.0,274.7,79.14,100,51,87,4.1,4.5,9.0,0,6
1783013154.521,996.137,300.1,79.14,100,48,90,1.9,4.4,295.8,79.15,100,47,85,3.5,13784.0,287.5,79.15,100,43,90,15910.0,6213.6,277.9,79.14,100,41,87,2.7,6.0,9.0,0,6
1783013154.962,996.577,300.1,79.14,100,48,90,6207.4,7.2,295.6,79.15,100,55,86,1.9,632.1,287.5,79.15,100,43,90,18535.8,17194.3,277.9,79.14,100,41,87,2.9,4.8,9.0,0,6
1783013155.403,997.018,300.7,79.14,100,47,90,13234.2,4.6,295.6,79.15,100,55,86,1.8,1600.0,287.5,79.15,100,38,89,17377.2,17189.5,278.5,79.14,100,48,87,1.9,4.7,9.0,0,6
1783013155.843,997.459,299.6,79.14,100,45,90,14154.0,4.6,293.6,79.15,100,45,86,1.9,29.0,286.2,79.15,100,41,90,19688.5,17195.0,276.4,79.14,100,41,87,5.2,7.8,9.0,0,6
1783013156.290,997.905,299.7,79.14,100,48,90,3.1,12644.1,294.1,79.15,100,52,86,16268.0,3724.7,285.4,79.15,100,37,91,3.2,2733.7,274.6,79.14,100,41,87,16928.9,16730.3,9.0,0,6
1783013156.733,998.349,300.4,79.14,100,42,90,8.4,10.9,292.1,79.15,99,40,86,20711.0,14557.7,280.0,79.15,100,33,89,1522.8,6.0,271.1,79.14,100,37,86,6883.9,23623.4,12.0,1,6
1783013157.183,998.798,292.5,79.14,98,39,89,2.3,4.4,281.4,79.15,98,35,85,1.8,4363.8,267.4,79.15,100,22,90,17345.3,14257.4,258.4,79.14,100,11,87,4.2,4.2,12.0,1,6
1783013157.624,999.240,288.5,79.14,100,56,90,11378.5,14354.8,279.5,79.15,100,49,85,11817.8,6.7,276.7,79.15,100,42,89,4.1,500.2,266.5,79.14,100,45,87,19724.8,16480.2,12.0,1,6
1783013158.074,999.689,291.4,79.14,100,50,90,1.8,5745.6,292.4,79.15,100,48,85,17804.2,12964.2,291.9,79.15,100,42,90,2.0,4.8,285.6,79.14,100,45,86,1092.8,16761.3,12.0,1,6
1783013158.516,1000.131,300.7,79.14,100,47,89,2.6,4204.9,302.3,79.15,100,47,86,17884.5,14289.7,289.7,79.15,100,40,90,2.1,5.8,284.1,79.14,100,46,87,19006.3,14567.9,12.0,1,6
1783013158.961,1000.576,300.7,79.14,100,47,89,18993.5,8.3,294.9,79.15,100,45,86,2.2,17109.4,289.7,79.15,100,40,90,20745.2,6.8,284.1,79.14,100,46,87,2.5,4090.7,12.0,1,6
1783013159.403,1001.018,299.4,79.14,100,46,90,20706.1,17110.4,294.9,79.15,100,45,86,2.2,5.4,280.7,79.15,100,34,90,1.9,17217.3,274.1,79.14,100,32,87,20747.2,5.0,12.0,1,6
1783013159.843,1001.458,297.9,79.14,100,43,90,20713.9,4.9,286.3,79.15,100,42,86,2.7,4.7,278.2,79.15,100,38,89,20769.8,16527.8,266.9,79.14,100,40,86,9.4,7.0,12.0,1,6
1783013160.290,1001.905,299.1,79.14,100,47,90,10384.8,4.7,289.6,79.15,100,53,86,1.9,4731.5,280.7,79.15,100,37,89,19134.2,10510.1,272.6,79.14,100,44,87,4.1,5.0,12.0,1,6
1783013160.734,1002.350,298.1,79.14,100,46,90,6825.7,10.7,292.3,79.15,100,47,85,8.2,5905.9,287.3,79.15,100,45,90,18089.2,12033.6,277.5,79.14,100,42,86,1.8,4.5,12.0,1,6
1783013161.181,1002.796,300.6,79.14,100,49,90,15259.5,4.3,295.7,79.15,100,56,86,1.9,4.0,286.6,79.15,100,38,88,20773.0,17192.9,278.4,79.14,100,46,87,2.0,4.9,12.0,1,6
1783013161.622,1003.238,301.5,79.14,100,51,90,20704.1,4.8,295.3,79.15,100,48,86,3.6,4.5,286.9,79.15,100,38,90,20768.6,17195.5,277.4,79.14,100,40,86,11.4,7.8,12.0,1,6
1783013162.070,1003.686,299.6,79.14,100,47,90,18679.7,4.5,296.1,79.15,100,53,86,2.8,4.3,287.6,79.15,100,38,89,20774.6,17197.0,278.1,79.14,100,46,87,2.0,5.0,12.0,1,6
1783013162.511,1004.127,297.9,79.14,100,46,89,2.1,5.8,294.3,79.15,100,47,85,13758.6,14680.1,287.6,79.15,100,38,89,8158.3,5.9,276.3,79.14,100,37,87,2.3,17241.6,12.0,1,6
1783013162.954,1004.569,297.9,79.14,100,46,89,17803.0,3982.9,294.3,79.15,100,47,85,3.0,5.0,283.0,79.15,99,32,90,20618.2,17188.9,276.3,79.14,100,37,87,2.9,5.8,14.0,1,5
1783013163.396,1005.012,297.1,79.14,100,44,89,2.0,10000.0,288.7,79.15,100,44,86,15918.6,10261.3,280.5,79.15,100,37,88,1.9,4.4,268.9,79.14,99,38,87,3.4,17284.0,14.0,1,5
1783013163.838,1005.453,294.6,79.14,100,55,90,2102.8,5.0,285.2,79.15,100,62,86,3.5,11.5,275.6,79.15,100,42,89,19707.5,17197.8,267.3,79.14,100,54,87,5.1,6.8,14.0,1,5
1783013164.290,1005.906,296.9,79.14,100,59,90,15751.2,9918.3,291.5,79.15,100,63,86,2.8,4.4,285.3,79.15,100,40,89,1.8,16170.2,276.4,79.14,100,54,87,19406.2,5.6,14.0,1,5
1783013164.736,1006.351,302.4,79.14,100,64,90,20711.7,17116.4,302.2,79.15,100,52,86,4.9,6.8,294.7,79.15,100,38,88,3.4,17245.1,281.6,79.14,100,43,87,20745.9,5.7,14.0,1,5
1783013165.187,1006.802,297.2,79.14,100,46,90,2.3,5.8,295.0,79.15,100,45,86,15043.4,13383.9,287.6,79.15,100,35,89,8523.1,6.1,279.3,79.14,100,36,87,719.7,16751.3,14.0,1,5
1783013165.628,1007.244,296.0,79.14,100,45,90,16157.4,5686.5,293.5,79.15,100,43,86,4.6,5.2,279.8,79.15,100,34,89,20762.8,17200.2,272.4,79.14,100,35,86,13.5,10.5,14.0,1,5
1783013166.072,1007.688,298.8,79.14,100,46,90,2.9,4.6,288.4,79.15,100,47,86,4518.2,13838.7,279.2,79.15,100,38,89,18527.4,4.9,267.4,79.14,100,40,87,2.3,4.1,14.0,1,5
1783013166.516,1008.131,298.8,79.14,100,44,91,1.9,4.3,289.4,79.15,100,43,86,9878.0,13179.7,279.2,79.15,100,38,89,13923.2,5.0,273.7,79.14,100,43,87,2.0,5614.1,14.0,1,5
1783013166.958,1008.573,298.8,79.14,100,44,91,4.3,7.2,293.5,79.15,100,51,86,6834.2,13123.3,284.6,79.15,100,48,90,17333.7,5.9,273.7,79.14,100,43,87,2.3,7.7,14.0,1,5
1783013167.404,1009.019,301.2,79.14,100,56,90,2.7,4.7,293.5,79.15,100,51,86,1.8,17136.6,286.7,79.15,100,38,88,20747.9,5.0,275.5,79.14,100,41,87,4.2,4.6,14.0,1,5
1783013167.845,1009.460,300.8,79.14,100,47,89,4.0,4.6,295.8,79.15,100,46,86,2.8,10795.3,288.4,79.15,100,46,90,16240.2,9075.1,277.2,79.14,100,41,86,8.3,9.8,14.0,1,5
1783013168.291,1009.906,300.1,79.14,100,53,90,2.5,4.6,297.8,79.15,100,55,86,1.9,15506.9,285.7,79.15,100,38,91,16019.9,4389.8,278.4,79.14,100,45,87,2.7,4.9,14.0,1,5
1783013168.732,1010.347,299.5,79.14,100,47,89,6.1,11.2,294.4,79.15,100,47,85,20721.2,17108.3,286.9,79.15,100,39,90,3.9,6.0,275.7,79.14,100,39,87,12854.9,13501.8,14.0,1,5
1783013169.178,1010.793,296.4,79.14,100,43,89,20706.6,5.8,290.7,79.15,100,43,86,2.2,13178.1,282.6,79.15,100,34,90,16566.5,6283.7,274.3,79.14,100,38,86,3.0,5.2,14.0,1,5
1783013169.619,1011.235,297.2,79.14,100,45,91,4827.8,4.5,288.1,79.15,100,44,86,1.8,863.2,267.8,79.15,100,10,88,19251.4,16479.1,261.0,79.14,100,10,85,11.2,6.7,17.0,2,5
1783013170.066,1011.681,291.5,79.14,100,51,89,20709.0,17108.2,284.6,79.15,100,61,86,1.8,4.3,277.7,79.15,100,55,90,1.9,547.8,267.9,79.14,100,58,87,19695.5,17196.5,17.0,2,5
1783013170.507,1012.122,294.8,79.14,100,55,90,9.5,6545.3,291.1,79.15,100,58,86,17378.1,12466.7,277.7,79.15,100,55,90,3.2,4.4,275.8,79.14,100,56,87,3.5,11158.8,17.0,2,5
1783013170.950,1012.565,294.8,79.14,100,55,90,6.5,7.2,291.1,79.15,100,58,86,20279.1,14402.3,285.1,79.15,100,42,89,2230.7,5.2,275.8,79.14,100,56,87,1.9,7941.6,17.0,2,5
1783013171.394,1013.009,299.1,79.14,100,53,90,20528.1,14862.8,297.9,79.15,100,45,85,1655.5,5.8,292.9,79.15,100,38,89,6378.7,14773.2,280.2,79.14,100,40,86,15934.6,6.1,17.0,2,5
1783013171.835,1013.450,297.4,79.14,100,46,90,3.0,10235.9,292.4,79.15,100,44,86,17732.2,8424.6,285.4,79.15,99,32,89,4.8,5.7,272.4,79.14,100,36,86,20769.2,17201.5,17.0,2,5
1783013172.276,1013.891,294.8,79.14,100,43,90,17968.8,11406.6,288.0,79.15,100,44,85,1.8,4.6,277.4,79.15,100,38,90,496.3,16812.0,270.0,79.14,100,40,87,20750.3,4.7,17.0,2,5
1783013172.717,1014.332,297.2,79.14,100,50,90,19786.7,738.3,286.6,79.15,100,48,86,5.1,9.8,280.2,79.15,100,37,89,13943.3,14689.1,270.2,79.14,100,40,87,8450.6,5.0,17.0,2,5
1783013173.161,1014.776,301.8,79.14,100,46,90,20708.7,5.0,293.0,79.15,100,49,86,2.7,4.6,283.8,79.15,100,39,89,11030.9,14644.1,274.0,79.14,100,48,87,11331.8,4.6,17.0,2,5
1783013173.603,1015.219,301.3,79.14,100,49,90,17429.9,11674.9,295.0,79.15,100,48,85,2.8,4.6,287.5,79.15,100,40,90,489.9,17253.7,278.0,79.14,100,41,87,20748.9,10.3,17.0,2,5
1783013174.046,1015.661,300.7,79.14,100,49,90,20711.5,17106.7,297.3,79.15,100,57,86,1.9,4.7,288.3,79.15,100,37,89,3.5,17232.7,280.3,79.14,100,43,87,20330.6,277.5,17.0,2,5
1783013174.489,1016.104,300.7,79.14,100,49,90,20708.4,17109.8,295.2,79.15,100,49,86,2.1,4.9,288.3,79.15,100,37,89,8.1,15505.7,280.3,79.14,100,43,87,17456.0,3051.6,17.0,2,5
1783013174.931,1016.547,301.0,79.14,100,51,90,18030.2,10506.6,295.2,79.15,100,49,86,7.8,5.2,286.8,79.15,100,38,90,15344.7,14518.3,276.5,79.14,100,40,86,6960.8,6.6,17.0,2,5
1783013175.376,1016.992,298.8,79.14,100,46,90,2.1,13792.0,293.8,79.15,100,46,86,18097.3,4875.9,285.3,79.15,100,37,90,2.2,6.9,273.9,79.14,100,42,87,19698.8,17184.6,17.0,2,5
1783013175.816,1017.432,298.9,79.14,100,38,90,20712.3,9045.9,291.1,79.15,100,38,86,19920.0,13166.1,279.8,79.15,100,37,89,12771.8,4.5,269.7,79.14,100,38,87,10.2,500.7,20.0,2,4
1783013176.263,1017.878,289.1,79.14,100,15,91,7248.5,3.9,280.1,79.15,100,27,86,1.8,4.1,277.5,79.15,100,42,90,14646.1,12842.6,265.3,79.14,100,45,85,9922.0,4.1,20.0,2,4
1783013176.705,1018.320,293.4,79.14,100,51,90,9919.3,18443.4,288.7,79.15,100,47,86,5871.9,9.6,284.7,79.15,100,46,90,5.9,298.2,275.3,79.14,100,43,86,19725.4,17221.8,20.0,2,4
1783013177.151,1018.766,303.8,79.14,100,50,90,3.5,7900.7,299.9,79.15,100,47,86,16844.3,11620.8,293.7,79.15,100,47,90,4.0,4.8,286.1,79.14,100,43,86,1089.8,16399.4,20.0,2,4
1783013177.594,1019.209,301.4,79.14,100,54,90,16491.9,13497.3,297.4,79.15,100,54,86,7611.5,5.4,286.4,79.15,100,35,89,2.0,17215.2,276.7,79.14,100,38,86,20752.3,9.0,20.0,2,4
1783013178.036,1019.651,296.7,79.14,100,38,90,2.7,5.8,288.4,79.15,100,42,85,20710.0,17103.9,282.5,79.15,100,32,90,12.5,6.1,268.8,79.14,100,37,85,19137.0,13244.4,20.0,2,4
1783013178.482,1020.097,296.7,79.14,100,38,90,16536.4,16989.1,287.6,79.15,100,45,86,2.0,5.3,282.5,79.15,100,32,90,11482.3,13503.4,268.8,79.14,100,37,85,12307.1,10.5,20.0,2,4
1783013178.924,1020.540,294.3,79.14,100,46,90,17852.8,2208.4,287.6,79.15,100,45,86,5.3,11.2,279.7,79.15,100,37,90,19692.8,17191.5,269.7,79.14,100,39,87,2.3,4.6,20.0,2,4
1783013179.372,1020.987,300.7,79.14,100,48,90,18001.6,4.5,291.5,79.15,100,49,86,2.6,3.9,280.3,79.15,100,39,88,20175.4,17192.0,270.5,79.14,100,39,87,1.9,4.6,20.0,2,4
1783013179.814,1021.429,302.2,79.14,100,48,90,15581.1,7233.1,294.4,79.15,100,48,86,3.6,4.8,284.6,79.15,100,46,90,5961.8,13327.2,275.9,79.14,100,41,86,18287.1,5.8,20.0,2,4
1783013180.256,1021.871,300.9,79.14,100,54,90,20709.5,17108.3,295.0,79.15,100,54,86,3.0,4.9,285.7,79.15,100,38,91,3.6,17239.5,278.3,79.14,100,45,87,20222.5,459.0,20.0,2,4
1783013180.697,1022.312,299.1,79.14,100,46,90,20706.1,16035.8,293.5,79.15,100,46,85,324.4,8.1,286.7,79.15,100,43,90,5.0,17233.3,276.0,79.14,100,40,86,19559.8,1204.0,20.0,2,4
1783013181.143,1022.758,299.0,79.14,100,49,90,16254.7,15788.8,295.0,79.15,100,52,86,4.5,5.6,284.7,79.15,100,38,89,13644.8,13555.6,275.9,79.14,100,46,87,10369.6,5.5,20.0,2,4
1783013181.583,1023.199,300.4,79.14,100,44,90,2.1,3368.4,293.1,79.15,100,42,86,16846.0,16106.4,280.2,79.15,100,34,89,2.7,6.0,272.6,79.14,100,33,87,20768.1,17191.0,20.0,2,4
1783013182.028,1023.644,296.5,79.14,100,44,90,18965.5,17214.4,285.7,79.15,100,45,86,18456.9,17040.9,274.2,79.15,98,13,89,16912.4,16844.2,265.0,79.14,98,27,87,18444.2,5254.6,23.0,3,4
1783013182.471,1024.086,296.5,79.14,100,44,90,1.8,16830.0,279.1,79.15,100,49,86,18437.4,1798.0,274.2,79.15,98,13,89,3.0,4.2,265.0,79.14,98,27,87,1.7,17316.8,23.0,3,4
1783013182.914,1024.529,289.5,79.14,100,51,90,3.7,9.5,279.1,79.15,100,49,86,159.1,17160.6,276.7,79.15,100,44,89,20750.1,4.5,263.9,79.14,100,44,87,4.7,4.5,23.0,3,4
1783013183.359,1024.974,290.9,79.14,100,50,90,16251.3,4.4,288.7,79.15,100,48,85,1.9,3.9,284.7,79.15,100,47,90,20050.0,17192.8,274.6,79.14,100,44,86,1.9,4.9,23.0,3,4
1783013183.800,1025.416,301.4,79.14,100,48,89,358.7,5.7,302.4,79.15,100,48,86,3005.6,15246.1,290.4,79.15,100,40,90,17205.8,5.5,283.8,79.14,100,45,87,2.1,12039.7,23.0,3,4
1783013184.243,1025.859,297.9,79.14,100,47,90,18149.1,15481.7,294.2,79.15,100,46,86,3.8,5.7,282.6,79.15,100,31,89,20538.2,14751.8,276.3,79.14,100,34,86,1460.8,6.1,23.0,3,4
1783013184.685,1026.300,297.2,79.14,100,44,90,2.8,203.9,287.6,79.15,100,39,86,17944.4,16889.5,277.4,79.15,100,37,89,8.5,8.0,266.4,79.14,100,38,87,15462.1,14671.4,23.0,3,4
1783013185.134,1026.749,299.9,79.14,100,48,90,4.0,17113.0,289.1,79.15,100,53,86,20705.3,4.9,279.6,79.15,100,38,89,2.9,4.6,270.5,79.14,100,45,87,20290.6,17198.2,23.0,3,4
1783013185.576,1027.191,299.6,79.14,100,50,90,3084.1,14431.7,289.2,79.15,100,48,86,19418.7,4.6,286.1,79.15,100,42,90,1.8,4.5,274.3,79.14,100,40,86,20781.7,17223.2,23.0,3,4
1783013186.019,1027.634,301.4,79.14,100,48,90,1.8,14806.6,294.8,79.15,100,57,86,17419.9,4396.2,286.1,79.15,100,42,90,3.2,4.7,277.1,79.14,100,49,87,8238.8,14349.8,23.0,3,4
1783013186.461,1028.076,301.4,79.14,100,48,90,4.3,497.8,295.1,79.15,100,48,85,18855.0,17110.3,286.6,79.15,100,39,89,4.0,4.7,277.1,79.14,100,49,87,1.8,17263.9,23.0,3,4
1783013186.903,1028.518,302.3,79.14,100,55,90,1.9,4.3,295.1,79.15,100,48,85,20240.2,17112.5,287.1,79.15,100,37,89,5.9,5.5,277.4,79.14,100,41,85,1.8,17276.5,23.0,3,4
1783013187.348,1028.963,299.5,79.14,100,50,89,2.8,4.4,296.2,79.15,100,51,86,20223.2,17106.5,288.6,79.15,100,42,90,4.5,5.4,279.9,79.14,100,46,87,4415.3,14781.4,23.0,3,4
1783013187.791,1029.406,300.8,79.14,100,51,90,18028.9,13618.8,294.2,79.15,100,45,85,3.1,5.8,285.6,79.15,100,38,89,19710.3,14884.6,276.0,79.14,100,40,87,2522.1,6.1,23.0,3,4
1783013188.233,1029.848,298.3,79.14,100,45,90,3.0,11963.6,288.4,79.15,100,47,86,22909.0,4085.4,282.2,79.15,100,34,89,20748.8,11894.8,269.7,79.14,100,37,86,19717.5,16897.2,26.0,3,3
1783013188.676,1030.291,293.3,79.14,100,9,89,20707.2,17108.8,285.4,79.15,100,8,85,5.0,9.5,274.2,79.15,100,50,90,6.9,3669.7,267.1,79.14,100,56,87,23346.3,9268.3,26.0,3,3
1783013189.126,1030.741,296.7,79.14,100,62,90,1.9,4.2,292.4,79.15,100,68,86,20733.3,16506.3,281.6,79.15,100,44,89,1.9,4.6,275.1,79.14,100,58,87,4.1,6282.2,26.0,3,3
1783013189.569,1031.184,299.3,79.14,100,64,90,3.5,4.7,299.2,79.15,100,57,87,1.9,14555.0,292.9,79.15,100,41,91,15317.9,5731.9,284.6,79.14,100,50,87,3.1,5.3,26.0,3,3
1783013190.013,1031.628,297.2,79.14,100,46,90,4.5,5.5,294.7,79.15,100,45,85,3409.8,14238.4,292.9,79.15,100,41,91,19683.4,5.8,277.3,79.14,100,39,86,4.2,13197.5,26.0,3,3
1783013190.457,1032.073,297.2,79.14,100,46,90,20709.3,17107.0,294.7,79.15,100,45,85,4.7,5.6,289.5,79.15,100,35,90,9795.5,13630.9,277.3,79.14,100,39,86,13884.7,5.8,26.0,3,3
1783013190.898,1032.514,294.5,79.14,100,43,91,9.1,4.8,294.2,79.15,100,43,85,20704.9,17106.3,282.0,79.15,100,34,90,7.5,5.1,275.2,79.14,100,37,87,1069.9,16746.3,26.0,3,3
1783013191.343,1032.958,298.6,79.14,100,45,89,1.9,17111.0,288.3,79.15,100,45,86,19805.5,791.4,276.1,79.15,100,37,89,2.5,4.8,269.0,79.14,100,41,87,18597.0,13197.6,26.0,3,3
1783013191.783,1033.399,299.4,79.14,100,46,90,3519.1,14072.9,289.1,79.15,100,45,85,20215.8,4.8,282.7,79.15,100,38,89,2.4,4.3,270.6,79.14,100,39,85,20780.7,17188.1,26.0,3,3
1783013192.226,1033.841,302.7,79.14,100,55,90,1.8,17114.1,292.2,79.15,100,56,86,18202.9,2028.0,285.4,79.15,100,38,89,8.5,4.9,274.6,79.14,100,44,87,12524.7,13370.4,26.0,3,3
1783013192.670,1034.286,300.9,79.14,100,48,90,4.3,8247.7,293.9,79.15,100,47,85,17595.8,10819.5,286.2,79.15,100,45,90,10.9,9.0,277.2,79.14,100,41,86,1094.9,16756.0,26.0,3,3
1783013193.115,1034.730,299.5,79.14,100,45,90,2.0,9496.0,297.0,79.15,100,48,86,16118.9,10535.4,285.6,79.15,100,38,88,2.7,4.6,278.3,79.14,100,46,87,1075.5,16761.6,26.0,3,3
1783013193.555,1035.171,299.4,79.14,100,45,90,2.5,3416.0,293.5,79.15,100,45,85,16336.8,16447.0,285.5,79.15,100,41,90,3.6,5.2,275.5,79.14,100,40,87,4543.8,14235.4,26.0,3,3
1783013193.998,1035.613,299.4,79.14,100,45,90,16776.9,14967.3,290.9,79.15,100,47,86,3.1,6.6,285.5,79.15,100,41,90,20760.1,17189.2,275.5,79.14,100,40,87,3.1,5.9,26.0,3,3
1783013194.440,1036.056,298.1,79.14,100,47,90,2.6,17113.2,290.9,79.15,100,47,86,18851.2,1501.0,284.5,79.15,100,33,89,2.1,4573.6,272.1,79.14,100,36,86,27990.2,14336.5,29.0,4,3
1783013194.882,1036.498,296.5,79.14,100,42,89,1.8,4.5,287.5,79.15,100,44,85,5338.6,17570.0,275.6,79.15,98,31,90,13524.0,6.4,269.0,79.14,100,37,87,1.7,4.2,29.0,4,3
1783013195.326,1036.941,290.3,79.14,100,51,89,17048.5,10457.4,282.8,79.15,100,59,86,2.8,4.5,273.6,79.15,100,53,90,3.0,17276.4,266.7,79.14,100,57,87,20753.8,4.7,29.0,4,3
1783013195.769,1037.384,294.5,79.14,100,50,90,10.0,17112.7,291.9,79.15,100,60,86,20708.4,5.7,282.9,79.15,100,42,89,3.6,4.9,275.5,79.14,100,52,87,20227.9,14597.9,29.0,4,3
1783013196.213,1037.829,301.0,79.14,100,59,90,1.8,17116.2,299.2,79.15,100,57,87,20706.1,6.1,294.0,79.15,100,37,88,3.0,3065.9,280.3,79.14,100,40,87,18059.6,15230.3,29.0,4,3
1783013196.654,1038.270,297.8,79.14,100,46,90,524.9,5.9,295.9,79.15,100,43,86,8258.7,15018.9,284.8,79.15,100,36,89,13597.4,11.1,276.9,79.14,100,37,87,8.3,17243.8,29.0,4,3
1783013197.098,1038.714,297.3,79.14,99,43,90,17712.1,5791.6,290.1,79.15,100,42,86,2.8,5.1,278.8,79.15,100,37,89,20759.6,15757.5,269.1,79.14,100,37,86,245.3,4.8,29.0,4,3
1783013197.540,1039.155,297.4,79.14,100,45,90,1412.9,4.6,284.7,79.15,100,46,85,1.9,9395.4,279.8,79.15,100,39,89,17599.3,9080.0,268.3,79.14,100,41,86,1.9,4.9,29.0,4,3
1783013197.980,1039.596,297.4,79.14,100,45,90,7.2,4.9,292.3,79.15,100,56,86,492.9,17129.6,279.8,79.15,100,39,89,20747.6,6.0,268.3,79.14,100,41,86,2.9,4.7,29.0,4,3
1783013198.422,1040.037,300.2,79.14,100,49,90,1.9,4.4,292.3,79.15,100,56,86,1.9,17136.1,280.5,79.15,100,37,88,20752.2,5.3,274.2,79.14,100,41,87,4.4,4.6,29.0,4,3
1783013198.865,1040.481,300.8,79.14,100,49,90,3.8,4.5,294.9,79.15,100,49,87,7.9,16039.5,286.3,79.15,100,39,89,17229.3,2872.3,276.5,79.14,100,41,86,4.0,4.6,29.0,4,3
1783013199.311,1040.927,300.8,79.14,100,49,90,1.9,4.9,295.4,79.15,100,55,86,1.8,17127.6,287.5,79.15,100,41,89,20750.5,4.7,278.6,79.14,100,48,87,2.4,4.7,29.0,4,3
1783013199.753,1041.368,299.4,79.14,100,48,90,8.7,7.6,293.8,79.15,100,49,87,494.8,17136.4,284.5,79.15,100,36,89,20750.2,4.8,275.5,79.14,100,41,87,2.0,4.4,29.0,4,3
1783013200.196,1041.812,299.5,79.14,100,46,90,2.6,17118.5,293.1,79.15,100,48,86,20703.1,5.6,282.3,79.15,100,37,89,3.0,8184.5,271.7,79.14,100,39,87,17961.7,10032.3,29.0,4,3
1783013200.637,1042.253,301.3,79.14,100,45,90,2.1,5.6,291.3,79.15,100,44,86,8909.6,15128.3,279.5,79.15,100,35,89,11267.4,10.6,269.4,79.14,100,37,87,10.0,22254.9,32.0,4,2
1783013201.083,1042.699,292.8,79.14,100,9,89,20717.0,17106.1,281.7,79.15,100,10,86,2.8,4.6,276.7,79.15,100,54,90,2.0,8499.8,264.1,79.14,100,43,85,15353.4,11938.6,32.0,4,2
1783013201.524,1043.140,293.3,79.14,100,52,90,2.2,4.2,289.0,79.15,100,57,86,10325.1,12862.8,283.6,79.15,100,55,90,13912.5,4.5,273.8,79.14,100,47,86,3.5,4.1,32.0,4,2
1783013201.966,1043.581,293.3,79.14,100,52,90,5561.2,9.0,302.1,79.15,100,63,86,1.8,3.8,283.6,79.15,100,55,90,20793.2,16646.8,273.8,79.14,100,47,86,3.3,5.1,32.0,4,2
1783013202.412,1044.027,297.6,79.14,100,51,90,20704.8,5.0,302.1,79.15,100,63,86,8.3,4.5,293.8,79.15,100,47,90,20772.1,15524.2,286.3,79.14,100,56,87,616.2,5.8,32.0,4,2
1783013202.859,1044.475,298.1,79.14,100,51,90,2.2,8595.3,296.0,79.15,100,45,85,16338.4,11273.3,286.4,79.15,100,36,89,3.9,4926.8,276.1,79.14,100,39,85,16382.4,14567.5,32.0,4,2
1783013203.306,1044.922,296.3,79.14,100,40,90,1332.3,5.5,289.4,79.15,100,41,85,599.6,16636.4,281.9,79.15,100,33,89,20745.2,5.5,268.3,79.14,100,36,85,3.0,5708.4,32.0,4,2
1783013203.748,1045.364,295.5,79.14,100,45,89,8.3,2904.0,288.3,79.15,100,45,85,17236.9,14113.5,278.4,79.15,100,39,90,3.2,4.9,269.2,79.14,100,39,86,1076.8,16759.4,32.0,4,2
1783013204.193,1045.809,298.5,79.14,100,52,90,1.8,14631.6,288.5,79.15,100,47,86,15794.0,5705.3,279.8,79.15,100,36,89,2.7,5.1,269.7,79.14,100,39,85,19224.5,13495.0,32.0,4,2
1783013204.635,1046.250,302.7,79.14,100,48,90,2.0,16020.1,294.8,79.15,100,54,86,15802.4,4295.5,283.3,79.15,100,38,89,2.8,9.9,276.0,79.14,100,46,87,8640.9,13003.2,32.0,4,2
1783013205.080,1046.695,300.6,79.14,100,56,90,4.0,6071.6,295.4,79.15,100,46,85,16045.6,14253.9,286.8,79.15,100,38,89,4.8,4.6,277.0,79.14,100,40,86,1.8,17260.5,32.0,4,2
1783013205.523,1047.138,299.5,79.14,100,46,90,1.9,4.0,294.5,79.15,100,45,86,20226.7,17107.2,286.8,79.15,100,38,89,3.2,5.0,277.7,79.14,100,43,86,1.9,17254.0,32.0,4,2
1783013205.963,1047.578,299.5,79.14,100,46,90,1.9,6.8,295.0,79.15,100,47,86,20234.2,17107.8,287.1,79.15,100,43,89,4.4,4.9,277.7,79.14,100,43,86,2.2,17277.2,32.0,4,2
1783013206.407,1048.022,300.6,79.14,100,52,90,6306.9,13525.2,295.0,79.15,100,47,86,17629.2,5.8,284.6,79.15,100,37,89,2.7,17223.8,275.1,79.14,100,40,86,20745.6,6.5,32.0,4,2
1783013206.851,1048.467,299.6,79.14,100,46,90,3.0,5.7,292.6,79.15,100,46,86,20707.4,17104.5,282.2,79.15,100,33,88,3.0,8.4,271.1,79.14,100,34,85,11413.9,13506.4,35.0,5,2
1783013207.295,1048.911,296.8,79.14,99,39,90,3.4,4.4,287.1,79.15,100,40,85,16150.9,14575.6,279.1,79.15,100,33,89,6069.7,4.4,269.1,79.14,100,37,86,2.2,504.5,35.0,5,2
1783013207.738,1049.354,288.6,79.14,100,52,89,20705.7,7.1,279.4,79.15,100,51,86,5.3,6.3,276.2,79.15,100,57,90,10232.4,14042.9,264.2,79.14,100,45,86,13283.2,4.5,35.0,5,2
1783013208.183,1049.799,292.8,79.14,100,50,90,17476.5,14192.9,287.9,79.15,100,48,86,5810.6,4.2,282.3,79.15,100,48,90,3.3,3.8,274.5,79.14,100,44,86,20321.2,17208.1,35.0,5,2
1783013208.625,1050.240,302.2,79.14,100,53,90,1.8,17116.0,302.1,79.15,100,58,86,20705.7,4.6,290.8,79.15,100,38,88,2.0,7.4,281.6,79.14,100,47,87,20788.1,17201.9,35.0,5,2
1783013209.073,1050.688,297.9,79.14,100,46,90,17970.7,5.7,294.3,79.15,100,46,86,4.0,17111.9,284.0,79.15,100,37,89,20748.7,6.3,276.6,79.14,100,39,87,3.1,8212.3,35.0,5,2
1783013209.518,1051.133,296.7,79.14,100,46,90,19988.2,17108.7,290.3,79.15,100,42,86,3.1,5.6,284.0,79.15,100,37,89,13629.9,14985.7,266.9,79.14,100,34,85,8438.7,5.2,35.0,5,2
1783013209.958,1051.574,296.7,79.14,100,46,90,1.9,7.3,290.3,79.15,100,42,86,4.5,14384.7,279.4,79.15,100,35,88,17973.8,2522.2,266.9,79.14,100,34,85,2.2,4.8,35.0,5,2
1783013210.401,1052.017,299.4,79.14,100,45,90,1.9,4.5,287.3,79.15,100,45,86,491.7,17123.7,278.5,79.15,100,39,90,20750.2,4.8,267.5,79.14,100,48,87,2.9,4.5,35.0,5,2
1783013211.313,1052.929,302.4,79.14,100,58,90,2.6,4.5,293.5,79.15,100,57,86,20720.8,15700.5,286.4,79.15,100,40,89,90.9,4.5,277.7,79.14,100,44,87,1.9,4657.2,35.0,5,2
1783013211.755,1053.370,300.2,79.14,100,49,90,8.3,7.5,294.8,79.15,100,48,86,12083.7,14723.5,288.8,79.15,100,47,90,9923.3,4.7,277.0,79.14,100,42,86,2.7,4447.9,35.0,5,2
1783013212.199,1053.814,300.7,79.14,100,52,90,2.8,4.6,296.0,79.15,100,54,86,9752.0,14937.9,285.8,79.15,100,39,89,12045.0,4.5,277.3,79.14,100,51,87,1.9,535.0,35.0,5,2
1783013212.640,1054.255,299.0,79.14,100,48,89,2.0,8384.4,293.8,79.15,100,47,85,18007.2,10339.9,284.2,79.15,100,37,89,5.6,10.4,275.8,79.14,100,39,86,19706.9,17191.7,35.0,5,2
1783013213.084,1054.699,296.3,79.14,100,46,91,3958.3,11.7,291.6,79.15,100,46,86,3775.2,15645.5,281.5,79.15,100,31,89,17380.5,5.4,273.3,79.14,100,34,86,2.9,14562.1,35.0,5,2
1783013213.527,1055.142,296.8,79.14,98,19,91,16296.1,6047.6,284.8,79.15,98,10,85,1.9,4.4,271.6,79.15,100,28,88,2.0,17222.0,261.4,79.14,100,12,87,20752.1,4.6,38.0,5,1
1783013213.968,1055.583,296.8,79.14,98,19,91,3.1,15212.6,286.4,79.15,100,49,86,15645.0,5053.5,271.6,79.15,100,28,88,5.4,4.3,261.4,79.14,100,12,87,2.0,17317.8,38.0,5,1
1783013214.415,1056.030,295.5,79.14,100,50,90,3.8,4.5,286.4,79.15,100,49,86,489.8,17154.3,282.8,79.15,100,41,89,20749.4,4.8,270.1,79.14,100,43,87,2.7,4.4,38.0,5,1
1783013214.858,1056.474,297.2,79.14,100,49,90,9675.0,4.6,296.8,79.15,100,49,85,1.9,2848.2,294.0,79.15,100,46,90,25278.9,9564.0,281.9,79.14,100,44,86,5.2,4.7,38.0,5,1
1783013215.306,1056.921,300.4,79.14,100,45,90,3.4,3263.5,299.9,79.15,100,49,86,16640.8,16251.2,289.0,79.15,100,39,89,2.6,6.3,282.6,79.14,100,46,87,20766.0,15588.3,38.0,5,1
1783013215.748,1057.363,298.4,79.14,100,45,90,15074.4,8.7,293.8,79.15,100,44,86,3.1,17113.6,279.5,79.15,100,33,90,20743.6,5.4,272.3,79.14,100,32,87,4.2,5765.7,38.0,5,1
1783013216.193,1057.809,298.0,79.14,100,43,90,3.7,17114.9,285.5,79.15,100,43,86,19674.6,890.2,280.0,79.15,100,37,89,2.7,4.7,267.2,79.14,100,40,86,12255.8,13227.1,38.0,5,1
1783013216.635,1058.250,299.4,79.14,100,47,89,2502.4,15007.0,288.9,79.15,100,48,86,20704.8,4.5,282.2,79.15,100,37,89,3.9,7.4,272.3,79.14,100,43,87,20791.8,16901.5,38.0,5,1
1783013217.080,1058.695,298.8,79.14,100,45,90,1052.4,16256.4,290.6,79.15,100,45,86,20707.4,4.6,285.7,79.15,100,39,89,4.1,10.5,276.4,79.14,100,41,87,20794.5,16191.3,38.0,5,1
1783013217.525,1059.140,300.5,79.14,100,48,89,2.3,17115.3,293.6,79.15,100,53,86,17484.6,2495.4,287.3,79.15,100,39,89,1.9,4.7,277.6,79.14,100,46,87,9112.1,13102.4,38.0,5,1
1783013217.967,1059.583,300.5,79.14,100,48,89,3.1,12486.6,295.6,79.15,100,47,85,16063.9,7592.7,287.3,79.15,100,39,89,4.1,5.5,277.6,79.14,100,46,87,5174.9,13399.6,38.0,5,1
1783013218.414,1060.029,301.7,79.14,100,57,90,1.9,8414.6,295.6,79.15,100,47,85,16560.1,11401.0,285.2,79.15,100,37,89,1.9,4.8,276.0,79.14,100,39,86,3100.9,14537.1,38.0,5,1
1783013218.855,1060.470,299.2,79.14,100,46,89,9490.0,13595.8,293.3,79.15,100,44,86,14533.5,5.9,285.1,79.15,100,42,89,2.1,14558.9,275.5,79.14,100,45,86,16032.0,4470.3,38.0,5,1
1783013219.297,1060.912,297.8,79.14,100,46,89,4.2,6.0,292.9,79.15,100,45,85,20706.6,14331.2,282.3,79.15,100,30,89,1819.1,5.9,275.5,79.14,100,36,86,5181.1,13641.5,38.0,5,1
1783013219.739,1061.355,297.2,79.14,100,41,90,16678.0,17591.6,287.6,79.15,100,41,86,20085.1,5750.2,276.8,79.15,100,36,89,2.8,4.5,267.1,79.14,100,37,86,1084.2,16750.4,41.0,6,1
1783013220.186,1061.802,291.2,79.14,100,61,90,3.4,4.9,279.1,79.15,100,51,85,1.8,14615.2,272.9,79.15,100,43,89,16866.6,4539.1,261.2,79.14,100,45,87,1.8,4.2,41.0,6,1
1783013220.627,1062.243,293.3,79.14,100,53,90,17049.6,7533.1,285.7,79.15,100,49,85,2.8,4.7,284.3,79.15,100,40,89,1084.3,16761.6,272.1,79.14,100,43,86,20762.1,9.8,41.0,6,1
1783013221.074,1062.689,302.6,79.14,100,50,89,16841.3,14485.4,302.3,79.15,100,49,86,6162.2,4.8,293.8,79.15,100,43,89,4.3,7496.1,285.1,79.14,100,40,85,17731.8,11105.9,41.0,6,1
1783013221.516,1063.131,299.2,79.14,100,45,90,20707.8,5.6,296.2,79.15,100,44,86,2.1,5346.3,293.8,79.15,100,43,89,18381.5,12711.2,276.7,79.14,100,39,86,3.1,6.0,41.0,6,1
1783013221.956,1063.572,299.2,79.14,100,45,90,15445.1,15030.2,296.2,79.15,100,44,86,6807.4,6.1,286.5,79.15,100,37,89,2468.3,15292.0,276.7,79.14,100,39,86,19686.9,6.6,41.0,6,1
1783013222.398,1064.013,296.1,79.14,100,46,89,4.5,5.3,287.8,79.15,100,46,85,3385.2,15067.4,275.9,79.15,100,29,89,18243.0,4.7,268.5,79.14,100,35,86,2.2,4.2,41.0,6,1
1783013222.839,1064.454,295.4,79.14,100,45,91,2.4,5.0,285.7,79.15,100,45,86,18718.0,14640.8,278.0,79.15,100,46,90,3502.5,5.0,270.0,79.14,100,43,86,6.8,11232.5,41.0,6,1
1783013223.286,1064.902,300.3,79.14,100,46,90,3.8,3.9,288.7,79.15,100,45,85,20227.9,17108.2,282.3,79.15,100,37,89,3.9,4.7,270.7,79.14,100,42,85,1.8,13620.4,41.0,6,1
1783013223.728,1065.343,302.4,79.14,100,49,89,4.9,142.7,294.8,79.15,100,52,86,19214.6,17109.8,286.0,79.15,100,42,89,1.9,4.6,277.0,79.14,100,48,87,2.0,16189.4,41.0,6,1
1783013224.182,1065.797,300.7,79.14,100,55,90,1.9,4.9,294.7,79.15,100,46,85,20725.6,17106.6,286.7,79.15,100,40,89,4.2,4.7,276.7,79.14,100,42,86,1.9,15299.4,41.0,6,1
1783013224.624,1066.239,299.2,79.14,100,48,89,1.9,4.6,293.5,79.15,100,47,86,20724.1,17109.1,285.6,79.15,100,47,90,3.0,7.8,276.2,79.14,100,51,86,522.7,16754.0,41.0,6,1
1783013225.079,1066.694,299.8,79.14,100,55,90,1236.1,15973.6,294.3,79.15,100,47,85,20219.6,5.1,284.4,79.15,100,37,89,4.4,6732.3,275.6,79.14,100,40,87,18074.7,11536.0,41.0,6,1
1783013225.521,1067.136,298.6,79.14,100,42,90,2.7,6.0,288.8,79.15,100,46,85,9313.3,15167.7,284.4,79.15,100,37,89,12482.1,5.8,269.6,79.14,100,38,86,2.2,17237.0,41.0,6,1
1783013225.962,1067.578,298.6,79.14,100,42,90,20707.3,17110.9,286.0,79.15,100,46,85,8705.8,16854.0,283.5,79.15,100,30,89,15965.8,12898.9,269.6,79.14,100,38,86,2.8,4.5,43.0,6,0
1783013226.404,1068.020,296.8,79.14,98,33,90,20044.0,17109.7,286.0,79.15,98,23,87,2.8,4.3,269.9,79.15,100,13,88,1.7,529.7,262.8,79.14,100,10,87,19711.7,17214.7,43.0,6,0
1783013226.845,1068.460,296.1,79.14,100,66,90,1.9,4.3,287.2,79.15,100,53,86,20731.6,14497.8,278.3,79.15,100,42,90,1494.1,4.7,270.9,79.14,100,53,87,6.8,530.2,43.0,6,0
1783013227.287,1068.903,297.1,79.14,100,59,90,2.1,10.1,294.7,79.15,100,47,85,1.9,14794.5,290.6,79.15,100,41,89,16061.2,4780.1,279.9,79.14,100,43,87,2.7,4.9,43.0,6,0
1783013227.733,1069.348,297.1,79.14,100,46,89,8.2,11.2,298.6,79.15,100,45,85,17639.4,17107.0,291.5,79.15,100,44,89,2.7,5.6,283.0,79.14,100,39,85,12954.7,13566.2,43.0,6,0
1783013228.183,1069.798,297.4,79.14,100,45,89,20708.3,5.7,293.9,79.15,100,44,86,3.8,12443.0,281.8,79.15,99,29,89,16113.2,7164.3,275.0,79.14,100,35,86,2.9,487.9,43.0,6,0
1783013228.625,1070.240,296.7,79.14,100,43,89,2.4,17108.7,287.5,79.15,100,44,86,18495.8,1823.5,276.6,79.15,100,38,88,2.2,1140.8,268.7,79.14,100,41,86,20055.5,15624.6,43.0,6,0
1783013229.072,1070.687,298.2,79.14,100,48,90,11332.9,13425.3,288.6,79.15,100,46,85,13044.6,6.0,280.8,79.15,100,41,89,2.2,10413.9,270.1,79.14,100,39,85,16122.2,9404.4,43.0,6,0
1783013229.513,1071.128,302.9,79.14,100,47,90,20706.9,15722.5,291.5,79.15,100,46,86,710.0,4.6,280.8,79.15,100,41,89,2.9,9354.6,273.1,79.14,100,41,85,16076.7,10502.8,43.0,6,0
1783013229.954,1071.569,302.9,79.14,100,47,90,3139.7,14101.8,291.5,79.15,100,46,86,19799.3,4.8,284.7,79.15,100,38,88,1.9,4.0,273.1,79.14,100,41,87,20293.2,17219.0,43.0,6,0
1783013230.396,1072.011,300.7,79.14,100,47,89,3.6,16717.3,293.9,79.15,100,47,86,15980.1,3900.4,285.6,79.15,100,42,89,4.4,5.2,275.7,79.14,100,39,85,18876.5,13478.0,43.0,6,0
1783013230.837,1072.453,300.3,79.14,100,52,90,1.9,17117.7,295.9,79.15,100,56,86,20655.2,5.3,285.2,79.15,100,37,90,2.1,5.5,277.3,79.14,100,42,87,20788.5,16954.0,43.0,6,0
1783013231.285,1072.901,299.3,79.14,100,48,89,12965.6,13433.4,293.5,79.15,100,46,85,11329.0,5.8,284.9,79.15,100,42,89,11.1,17232.2,275.8,79.14,100,39,85,20746.0,6.3,43.0,6,0
1783013231.730,1073.345,297.7,79.14,100,45,90,5.2,11.5,289.4,79.15,100,45,85,18699.2,17105.3,283.9,79.15,100,33,89,2.1,6.0,272.5,79.14,100,38,86,20627.3,13400.3,43.0,6,0
1783013232.181,1073.796,296.9,79.14,100,41,89,2731.0,2264.2,287.3,79.15,100,41,85,2811.7,2741.7,275.9,79.15,100,34,89,2779.4,2667.6,268.4,79.14,100,38,86,2867.4,2340.4,46.0,7,0
1783013232.623,1074.239,298.8,79.14,99,63,90,2646.3,2205.1,287.4,79.15,99,63,85,2807.9,3063.7,278.2,79.15,99,53,89,3421.1,3002.8,268.0,79.14,99,55,86,3119.1,2720.4,46.0,7,0
1783013233.071,1074.686,303.5,79.14,99,62,89,2641.3,2200.3,293.8,79.15,100,62,85,2864.1,3494.7,286.0,79.15,100,53,89,2814.9,3225.1,272.2,79.14,100,56,85,2742.9,3016.9,46.0,8,0
1783013233.512,1075.127,303.6,79.14,99,62,89,2642.9,2135.4,299.1,79.15,100,62,85,2859.9,3674.6,286.0,79.15,100,53,89,2830.7,3312.0,272.2,79.14,100,56,85,2772.2,2948.7,46.0,8,0
1783013233.952,1075.567,303.6,79.14,99,62,89,2583.7,2171.6,299.1,79.15,100,62,85,2868.0,3525.1,289.3,79.15,99,53,89,2838.7,3410.0,276.2,79.14,99,56,85,2782.5,2846.8,46.0,8,0
1783013234.392,1076.008,300.3,79.14,100,62,89,2621.1,2188.2,299.7,79.15,100,62,85,2852.1,3368.4,290.1,79.15,100,53,89,2818.7,3275.0,276.8,79.14,100,56,86,2761.4,2869.0,46.0,8,0
1783013234.833,1076.448,299.9,79.14,100,62,89,2621.1,2152.3,300.1,79.15,99,62,85,2860.7,3509.5,290.7,79.15,100,54,89,2839.3,3286.4,277.0,79.14,99,56,86,2747.4,3078.1,47.0,8,0
1783013235.276,1076.891,300.0,79.14,100,62,89,2580.5,2170.8,300.4,79.15,100,62,85,2876.1,3411.7,291.2,79.15,100,54,89,2853.0,3283.3,277.2,79.14,100,57,85,2749.9,3079.4,47.0,8,0
1783013235.717,1077.332,299.9,79.14,99,62,89,2586.9,2270.2,300.9,79.15,99,62,85,2904.8,3520.0,291.1,79.15,99,53,89,2842.9,3306.3,277.6,79.14,100,56,86,2758.2,2966.3,47.0,8,0
1783013236.163,1077.778,300.1,79.14,100,63,89,2621.5,2175.9,301.0,79.15,100,63,85,2864.3,3535.2,291.6,79.15,99,54,89,2852.3,3299.9,278.3,79.14,100,57,86,2757.2,2935.9,47.0,8,0
1783013236.604,1078.219,300.1,79.14,99,62,89,2582.3,2135.3,301.4,79.15,99,62,85,2862.7,3643.9,292.2,79.15,100,54,89,2824.8,3887.4,278.5,79.14,99,57,85,2741.2,3533.7,47.0,8,0
1783013237.052,1078.667,300.0,79.14,100,63,89,2601.1,2152.3,301.5,79.15,100,62,85,2847.8,3523.4,291.9,79.15,100,54,89,2815.7,3551.7,278.2,79.14,99,56,85,2766.0,3076.0,47.0,8,0
1783013237.493,1079.108,300.0,79.14,100,63,89,2593.2,2168.8,300.9,79.15,100,63,85,2830.7,3509.7,291.9,79.15,100,54,89,2843.6,3379.2,278.2,79.14,99,56,85,2764.3,2748.4,47.0,8,0
1783013237.934,1079.549,300.0,79.14,99,63,89,2661.7,2189.0,300.9,79.15,100,63,85,2972.9,3609.6,292.2,79.15,99,54,89,2839.1,3330.0,278.7,79.14,99,57,86,2739.8,2838.5,47.0,8,0
1783013238.377,1079.992,299.9,79.14,100,62,89,2621.9,2150.0,300.4,79.15,99,62,85,2837.8,3417.7,292.2,79.15,100,53,89,2845.1,3498.3,278.3,79.14,99,56,85,2727.9,3013.8,47.0,8,0
1783013238.818,1080.433,300.0,79.14,100,63,89,2600.8,2185.5,300.3,79.15,99,63,85,2851.7,3576.6,292.4,79.15,99,54,89,2846.8,3231.9,278.4,79.14,99,57,86,3229.1,3035.3,47.0,8,0
1783013239.262,1080.878,299.9,79.14,100,63,89,2581.0,2157.9,300.2,79.15,100,62,85,2832.9,3395.5,292.5,79.15,100,54,89,2832.7,3542.2,278.3,79.14,99,57,86,2741.6,3065.2,47.0,8,0
1783013239.703,1081.318,300.0,79.14,99,63,89,2607.7,2473.1,300.3,79.15,100,63,85,2848.3,3480.0,292.9,79.15,100,54,89,3353.6,3371.7,279.0,79.14,100,57,85,2753.4,2948.9,47.0,8,0
1783013240.154,1081.769,300.0,79.14,99,63,89,2600.7,2152.0,300.1,79.15,99,62,85,2854.2,3411.1,293.2,79.15,99,54,89,2819.5,3374.2,279.0,79.14,100,56,86,2760.5,2970.5,47.0,8,0
1783013240.594,1082.209,300.0,79.14,100,63,89,2603.7,2168.7,299.9,79.15,100,63,85,2851.7,3459.9,293.0,79.15,100,54,89,2812.3,3239.9,278.6,79.14,100,56,85,2761.5,3108.1,47.0,8,0
1783013241.037,1082.653,300.0,79.14,99,63,89,2616.3,2099.9,299.9,79.15,99,62,85,2782.3,3541.3,293.4,79.15,100,54,89,2846.1,3452.0,278.6,79.14,100,57,86,2759.6,3194.2,47.0,8,0
1783013241.479,1083.095,300.0,79.14,99,63,89,2600.7,2342.1,300.0,79.15,99,62,85,2837.7,3399.7,293.4,79.15,100,54,89,2811.3,3421.2,278.6,79.14,100,57,86,2792.0,3097.8,47.0,8,0
1783013241.926,1083.541,300.0,79.14,100,63,89,2560.2,2192.3,300.0,79.15,99,62,85,3573.8,3409.6,293.3,79.15,99,54,89,2828.1,3556.2,278.6,79.14,100,57,85,2747.9,3079.8,47.0,8,0
1783013242.378,1083.993,300.0,79.14,99,63,89,2600.9,2179.9,300.0,79.15,100,62,85,2828.8,3436.1,292.8,79.15,99,54,89,2829.6,3575.6,278.5,79.14,100,57,86,2752.7,2875.1,47.0,8,0
1783013242.821,1084.437,299.9,79.14,99,62,89,2600.8,2135.3,299.9,79.15,99,62,85,2833.5,3639.8,292.7,79.15,99,54,89,2868.1,3467.1,278.2,79.14,100,57,85,2831.1,3188.2,47.0,8,0
1783013243.266,1084.882,300.0,79.14,99,63,89,2621.0,2146.1,300.6,79.15,100,63,85,2849.1,3391.1,293.6,79.15,100,54,89,2831.8,3539.9,278.7,79.14,100,56,85,2766.1,3141.7,47.0,8,0
1783013243.708,1085.323,300.0,79.14,100,63,89,2909.6,2146.9,300.1,79.15,99,63,85,3579.2,3639.7,293.8,79.15,100,54,89,2819.1,3492.6,278.5,79.14,100,57,86,2768.8,3141.4,47.0,8,0
1783013244.161,1085.776,300.0,79.14,100,63,89,2580.5,2118.5,300.2,79.15,100,63,85,2818.5,3396.7,293.7,79.15,100,54,89,2831.4,3546.6,278.7,79.14,100,57,86,2761.8,3026.5,47.0,8,0
1783013244.607,1086.222,300.0,79.14,99,63,89,2594.1,2118.6,300.4,79.15,100,63,85,2828.8,3330.0,293.9,79.15,100,54,89,2845.3,3311.4,279.0,79.14,100,57,85,3008.1,3034.5,47.0,8,0
1783013245.055,1086.670,300.0,79.14,100,63,89,2602.1,2157.7,299.7,79.15,99,63,85,2842.0,3467.7,293.7,79.15,100,54,89,2826.6,3555.5,278.9,79.14,100,57,86,2746.5,3044.1,47.0,8,0
1783013245.499,1087.114,300.0,79.14,100,63,89,2622.1,2154.9,299.7,79.15,100,63,85,2849.5,3410.0,293.7,79.15,100,54,89,2835.0,3340.8,278.9,79.14,100,57,86,2765.7,2966.7,47.0,8,0
1783013245.943,1087.559,299.9,79.14,99,63,89,3091.7,2521.1,299.7,79.15,100,63,85,2853.8,3474.6,293.2,79.15,99,53,89,2827.4,3482.5,278.3,79.14,99,56,86,2773.9,3117.9,47.0,8,0
1783013246.396,1088.012,300.1,79.14,100,63,89,2600.8,2152.0,300.0,79.15,100,63,85,2841.4,3482.8,293.9,79.15,100,54,89,2832.4,3549.7,278.8,79.14,100,57,86,2776.6,2987.5,47.0,8,0
1783013246.842,1088.457,300.1,79.14,99,63,89,2543.1,2143.9,300.1,79.15,100,63,85,2840.1,3446.8,294.1,79.15,100,54,89,2815.9,3526.3,278.8,79.14,100,57,86,2788.9,2995.6,47.0,8,0
1783013247.291,1088.906,300.0,79.14,99,63,89,2600.7,2187.3,300.1,79.15,100,63,85,2806.5,3384.7,294.0,79.15,99,54,89,2841.7,3363.2,279.2,79.14,100,57,86,2757.7,2867.7,47.0,8,0
1783013247.733,1089.348,299.9,79.14,100,63,89,2563.5,2364.9,299.8,79.15,99,62,85,2843.5,3447.0,293.3,79.15,99,54,89,2805.9,3499.9,278.5,79.14,100,57,86,2734.8,3128.3,47.0,8,0
1783013248.177,1089.793,300.0,79.14,100,63,89,2621.0,2150.3,300.0,79.15,100,63,85,2828.8,3288.0,293.2,79.15,100,54,89,2828.6,3477.3,278.6,79.14,100,57,86,2762.7,2985.3,47.0,8,0
1783013248.620,1090.235,300.0,79.14,100,62,89,2579.2,2169.1,300.1,79.15,100,62,85,2826.2,3517.9,293.6,79.15,100,55,89,2841.6,4039.9,278.7,79.14,99,57,86,2789.2,3215.1,47.0,8,0
1783013249.064,1090.679,300.0,79.14,100,63,89,2600.7,2168.8,300.2,79.15,100,62,85,2836.3,3572.0,293.5,79.15,100,53,89,3076.3,3507.8,278.6,79.14,99,57,86,2759.2,2914.5,47.0,8,0
1783013249.513,1091.128,300.0,79.14,100,63,89,2825.9,2135.3,300.2,79.15,100,63,85,2840.6,3429.2,293.5,79.15,100,53,89,2816.5,3596.0,278.6,79.14,100,57,86,2741.9,3032.3,48.0,8,0
1783013249.958,1091.573,300.0,79.14,100,63,89,2560.2,2104.7,300.2,79.15,100,63,85,2838.4,3490.3,293.9,79.15,100,54,89,2815.8,3490.3,279.0,79.14,100,57,86,2764.1,3076.5,48.0,8,0
1783013250.400,1092.015,300.0,79.14,100,63,89,2560.2,2118.7,299.9,79.15,99,63,85,2843.6,3386.0,293.8,79.15,99,55,89,2844.1,3346.5,278.9,79.14,100,58,86,2749.9,2897.1,48.0,8,0
1783013250.842,1092.458,300.0,79.14,100,63,89,2803.9,2117.8,300.1,79.15,99,63,85,2820.8,3459.1,293.6,79.15,100,54,89,2821.1,3515.8,279.3,79.14,99,57,86,3087.9,3232.0,48.0,8,0
1783013251.291,1092.907,299.9,79.14,99,63,89,2580.8,2135.3,300.0,79.15,99,62,85,2829.7,3335.4,293.8,79.15,99,55,89,2834.8,3507.8,279.6,79.14,99,58,86,2756.1,2955.9,48.0,8,0
1783013251.733,1093.348,300.0,79.14,100,63,89,2584.3,2561.8,300.2,79.15,99,63,85,2811.4,3260.8,294.2,79.15,99,54,89,2817.5,3460.0,279.4,79.14,100,57,86,2749.0,3161.5,48.0,8,0
1783013252.181,1093.796,300.0,79.14,100,63,89,2560.4,2168.7,300.6,79.15,99,63,85,2806.7,3373.4,295.0,79.15,99,55,89,2809.8,3375.2,279.8,79.14,100,57,86,2743.6,2922.7,48.0,8,0
1783013252.623,1094.238,300.0,79.14,99,63,89,2622.6,2118.5,300.2,79.15,100,63,85,2817.3,3473.0,294.7,79.15,100,54,89,2842.1,3541.2,279.5,79.14,99,57,86,2909.8,3100.8,48.0,8,0
1783013253.067,1094.683,300.0,79.14,100,63,89,2539.9,2135.3,300.4,79.15,99,63,85,2800.1,3326.7,295.1,79.15,99,54,89,2827.9,3519.0,279.9,79.14,100,57,86,2799.1,2876.4,48.0,8,0
1783013253.510,1095.125,296.1,79.14,68,44,87,2.2,0.4,292.9,79.15,52,33,83,2.3,0.4,295.1,79.15,99,54,89,11167.7,14447.7,279.9,79.14,100,57,86,21392.1,13611.0,,,
1783013254.927,1096.543,258.5,79.14,100,50,89,20710.2,17116.4,255.8,79.15,99,48,86,2.0,6.5,264.6,79.15,100,48,90,1.9,17257.2,250.0,79.14,99,42,86,20081.9,583.9,48.0,8,0
1783013255.372,1096.988,302.2,79.14,100,52,90,17649.2,3456.0,302.8,79.15,99,59,86,3.0,14.8,290.6,79.15,100,37,88,19691.3,17186.3,283.3,79.14,100,46,86,4.5,5.7,48.0,8,0
1783013255.814,1097.429,297.8,79.14,100,46,90,6306.2,14983.5,294.2,79.15,100,46,86,16040.2,5.8,286.4,79.15,100,36,89,3.9,17211.7,276.3,79.14,100,38,86,20754.5,8.8,48.0,8,0
1783013256.256,1097.871,296.3,79.14,100,46,90,2.0,5.0,289.9,79.15,100,42,86,2299.9,15247.0,279.9,79.15,100,35,88,19421.0,5.3,266.1,79.14,100,33,85,2.5,6993.2,48.0,8,0
1783013256.698,1098.314,298.9,79.14,100,45,90,2.5,9.9,287.2,79.15,100,45,86,20720.4,17107.2,278.4,79.15,100,39,89,8.6,7.7,266.9,79.14,100,46,86,1.9,17246.8,48.0,8,0
1783013257.142,1098.757,298.8,79.14,100,48,90,2.4,7216.0,289.7,79.15,100,49,86,17588.0,11671.8,284.0,79.15,100,40,90,2.8,4.7,273.4,79.14,100,40,86,1696.2,15791.5,48.0,8,0
1783013257.588,1099.203,301.5,79.14,100,57,90,1.9,3.9,294.3,79.15,100,53,86,20226.9,17107.5,287.3,79.15,100,39,88,2.8,4.8,276.9,79.14,99,41,87,1.9,17271.1,48.0,8,0
1783013258.031,1099.647,300.5,79.14,100,49,89,2.8,4.4,295.8,79.15,100,49,85,18207.0,14341.6,289.9,79.15,100,47,90,3764.4,4.9,277.8,79.14,100,42,86,2.0,9674.8,48.0,8,0
1783013258.474,1100.090,300.5,79.14,100,49,89,2.4,4.6,294.7,79.15,100,53,86,18213.0,14209.6,289.9,79.15,100,47,90,4394.6,5.0,277.8,79.14,100,42,86,4.0,7529.3,48.0,8,0
1783013258.918,1100.533,299.7,79.14,100,54,90,4.1,7.4,294.7,79.15,100,53,86,20722.8,17109.0,286.3,79.15,100,39,89,6.5,5.3,278.8,79.14,100,47,87,2.2,17246.9,48.0,8,0
1783013259.362,1100.978,299.6,79.14,100,48,89,19710.0,17107.9,294.7,79.15,100,46,85,2.1,6.3,283.3,79.15,100,39,90,12966.2,14897.4,276.0,79.14,100,39,86,9374.8,5.9,48.0,8,0
1783013259.803,1101.419,296.2,79.14,100,46,91,2.9,11428.9,291.9,79.15,100,46,86,26849.6,1114.9,282.4,79.15,100,31,89,20659.7,15035.7,275.8,79.14,100,34,86,15472.8,18725.0,48.0,8,0
1783013260.248,1101.864,296.2,79.14,98,20,90,20708.8,17107.4,284.6,79.15,98,10,86,1.9,4.8,274.2,79.15,100,27,88,1.7,3.6,261.1,79.14,100,11,87,20782.3,17207.1,48.0,8,0
1783013260.689,1102.304,295.0,79.14,100,50,90,4.1,7.4,286.5,79.15,100,50,86,9895.2,19448.0,282.5,79.15,100,41,89,6428.7,7.0,269.7,79.14,100,44,87,2.3,1026.4,48.0,8,0
1783013261.140,1102.756,296.8,79.14,100,49,90,1752.9,4.7,297.3,79.15,100,48,86,1.9,8145.4,294.5,79.15,100,45,90,15795.8,11937.5,281.3,79.14,100,43,86,2.7,4.9,48.0,8,0
1783013261.581,1103.197,300.1,79.14,100,46,89,14629.2,5.5,300.1,79.15,100,48,86,2.1,16097.3,289.1,79.15,100,40,89,16498.7,3585.1,282.6,79.14,100,46,86,3.8,504.4,48.0,8,0
1783013262.024,1103.640,298.3,79.14,100,45,90,18805.0,13270.5,294.0,79.15,100,44,86,5445.7,5.6,289.1,79.15,100,40,89,144.9,17216.0,272.3,79.14,100,32,87,20747.0,5.7,48.0,8,0
1783013262.465,1104.081,298.3,79.14,100,45,90,2.9,5.8,294.0,79.15,100,44,86,18950.2,13387.6,279.8,79.15,100,33,90,4701.3,5.0,272.3,79.14,100,32,87,1.8,13220.9,48.0,8,0
1783013262.908,1104.523,297.1,79.14,100,44,90,1.9,2516.1,286.6,79.15,99,42,86,16896.6,17104.4,277.8,79.15,100,37,88,7.2,4.8,264.9,79.14,100,40,87,2387.2,15301.7,48.0,8,0
1783013263.353,1104.968,298.9,79.14,100,46,89,2.8,17110.0,289.2,79.15,100,46,86,20705.1,4.8,282.8,79.15,100,40,90,2.7,5.5,272.9,79.14,100,44,86,19465.6,13237.4,48.0,8,0
1783013263.797,1105.413,299.3,79.14,100,45,90,5.1,11560.4,291.5,79.15,100,46,85,16590.4,6987.7,286.0,79.15,100,38,90,2.9,4.7,275.5,79.14,100,40,86,2288.6,15317.1,48.0,8,0
1783013264.243,1105.858,301.1,79.14,100,48,89,2.3,2277.6,295.4,79.15,100,51,86,16913.7,17107.8,287.5,79.15,100,40,90,2.3,4.7,277.4,79.14,100,46,87,2.7,17266.2,48.0,8,0
1783013264.685,1106.300,301.6,79.14,100,58,90,1.9,2484.1,297.3,79.15,100,48,86,22079.4,12783.0,285.7,79.15,100,37,89,5.1,8.0,276.2,79.14,100,39,85,2087.9,15548.1,48.0,8,0
1783013265.135,1106.751,299.4,79.14,100,46,89,3.6,8021.6,294.9,79.15,100,45,86,16196.6,10852.6,285.6,79.15,100,42,90,2.9,5.1,276.5,79.14,100,45,86,13799.4,13352.9,48.0,8,0
1783013265.578,1107.193,297.4,79.14,100,46,89,16407.0,7243.9,294.0,79.15,100,46,86,3.1,5.1,283.2,79.15,99,31,90,19789.3,17189.7,274.8,79.14,100,36,86,3.8,6.4,48.0,8,0
1783013266.021,1107.636,296.9,79.14,100,42,89,646.9,16518.5,288.3,79.15,100,42,86,20704.6,5.7,283.2,79.15,99,31,90,5.2,13802.5,268.0,79.14,100,38,86,23491.2,17185.1,6.0,0,7
1783013266.463,1108.079,296.9,79.14,100,42,89,9.0,4.3,288.3,79.15,100,42,86,17213.6,14177.2,278.5,79.15,100,36,88,5340.8,4.0,268.0,79.14,100,38,86,2.6,4.1,6.0,0,7
1783013266.904,1108.520,291.5,79.14,100,64,90,20706.0,4.9,281.1,79.15,100,52,86,4.4,7.2,272.6,79.15,100,43,89,9827.0,14342.0,260.8,79.14,100,44,87,11273.1,4.4,6.0,0,7
1783013267.349,1108.965,293.2,79.14,100,56,90,13450.2,14489.2,286.2,79.15,100,48,86,9932.6,10.6,284.5,79.15,100,40,89,2.4,4381.5,270.6,79.14,100,43,86,17453.4,14320.7,6.0,0,7
1783013267.792,1109.407,299.4,79.14,100,51,89,11488.2,15257.1,303.1,79.15,100,50,85,10057.8,5.9,294.6,79.15,100,43,90,3.0,17232.6,285.6,79.14,100,39,85,20755.3,5.8,6.0,0,7
1783013268.236,1109.851,300.2,79.14,100,45,90,3.8,5.8,297.3,79.15,100,43,85,20707.4,17104.5,286.7,79.15,100,37,89,2.2,5.9,277.3,79.14,100,39,86,10555.3,15023.0,6.0,0,7
1783013268.678,1110.293,296.5,79.14,100,46,89,20707.5,5.4,289.1,79.15,100,46,85,5.1,4945.6,276.4,79.15,100,29,89,18331.4,12969.7,269.1,79.14,100,35,86,7.8,5.0,6.0,0,7
1783013269.123,1110.738,295.6,79.14,100,45,90,3.5,4.7,287.1,79.15,100,45,86,1289.4,16050.4,279.7,79.15,100,45,90,20260.7,4.9,270.4,79.14,100,42,86,2.7,4.1,6.0,0,7
1783013269.564,1111.179,300.2,79.14,100,47,90,2.0,4.7,290.8,79.15,100,45,86,12212.9,14595.4,282.2,79.15,100,38,89,10207.0,4.9,270.9,79.14,100,42,86,1.9,7589.6,6.0,0,7
1783013270.012,1111.627,302.0,79.14,100,49,90,1.8,4.6,295.1,79.15,100,48,86,11824.7,14513.9,282.2,79.15,100,38,89,10463.1,4.7,270.9,79.14,100,42,86,3.1,510.8,6.0,0,7
1783013270.455,1112.070,302.0,79.14,100,49,90,2.9,4.5,295.1,79.15,100,48,86,507.1,16903.2,284.8,79.15,100,46,90,20753.2,4.7,276.8,79.14,100,45,86,2.3,4.6,6.0,0,7
1783013270.897,1112.512,302.2,79.14,100,56,90,1.9,4.5,297.0,79.15,100,52,86,494.2,17128.3,287.5,79.15,100,40,88,20750.1,4.6,278.2,79.14,100,42,87,1.9,4.6,6.0,0,7
1783013271.338,1112.953,298.9,79.14,100,47,90,3.5,4.4,295.1,79.15,100,47,86,1.9,17142.8,288.1,79.15,100,47,90,20754.6,6.0,276.2,79.14,100,43,86,9.1,518.0,6.0,0,7
1783013271.789,1113.404,300.0,79.14,100,55,90,5.1,17026.5,296.5,79.15,100,53,86,20703.7,6.7,285.4,79.15,100,37,89,2.5,14731.7,275.6,79.14,100,40,85,17662.0,3637.6,6.0,0,7
1783013272.231,1113.846,299.7,79.14,100,42,90,3.7,5.7,291.3,79.15,100,42,86,14976.1,14801.8,281.1,79.15,100,34,89,6685.2,5.9,269.9,79.14,100,38,86,1066.9,22041.2,9.0,0,6
1783013272.674,1114.290,293.8,79.14,98,42,92,20710.8,17109.1,286.8,79.15,98,33,87,5.1,8.3,273.0,79.15,100,9,90,6.9,17261.9,264.6,79.14,100,10,87,18257.7,1915.0,9.0,0,6
1783013273.122,1114.738,295.4,79.14,100,65,90,2.2,3.9,287.5,79.15,100,63,86,20732.2,17109.6,279.8,79.15,100,42,88,4.1,4.4,273.1,79.14,100,61,87,1.8,4141.9,9.0,0,6
1783013273.565,1115.180,297.1,79.14,100,59,90,2.4,4.3,294.5,79.15,100,53,86,2.7,4852.6,294.5,79.15,100,41,89,16220.9,15035.6,284.1,79.14,100,46,87,2.7,5.4,9.0,0,6
1783013274.007,1115.623,297.1,79.14,100,59,90,11678.2,4.7,297.8,79.15,100,45,86,3.5,32.5,294.5,79.15,100,41,89,19640.2,17191.5,284.1,79.14,100,46,87,3.2,5.8,9.0,0,6
1783013274.451,1116.066,298.6,79.14,100,47,90,2.2,17112.9,297.8,79.15,100,45,86,19189.3,981.1,293.1,79.15,100,42,90,2.9,5813.1,279.2,79.14,100,39,86,16296.9,13603.5,9.0,0,6
1783013274.892,1116.507,297.2,79.14,100,45,90,761.3,5.6,292.5,79.15,100,46,87,1738.2,15639.3,284.4,79.15,100,30,89,20260.2,5.3,273.6,79.14,100,35,86,3.6,8164.2,9.0,0,6
1783013275.336,1116.952,297.3,79.14,100,43,90,3.5,6952.3,288.2,79.15,100,43,86,16440.2,12967.4,277.6,79.15,100,38,90,4.5,4.8,269.7,79.14,100,40,86,1083.6,16743.2,9.0,0,6
1783013275.779,1117.394,297.5,79.14,100,48,90,3.3,17116.8,289.4,79.15,100,47,86,20674.7,5.3,282.4,79.15,100,40,90,2.3,4.9,270.1,79.14,100,39,86,20791.6,15027.5,9.0,0,6
1783013276.225,1117.841,302.4,79.14,100,49,90,3.2,17108.2,292.6,79.15,100,49,86,18364.4,1909.9,284.0,79.15,100,38,89,3.6,4.6,273.4,79.14,99,45,87,8702.5,13139.0,9.0,0,6
1783013276.668,1118.284,301.0,79.14,100,47,90,1.9,6456.0,294.3,79.15,100,48,87,23460.6,7527.6,285.9,79.15,100,42,90,9.9,7.6,276.3,79.14,100,40,86,15838.3,12713.7,9.0,0,6
1783013277.125,1118.741,299.4,79.14,100,48,90,2.0,17110.9,296.9,79.15,100,57,86,19003.9,1360.6,285.4,79.15,100,36,88,3.7,4.8,278.0,79.14,100,42,87,16669.5,13062.2,9.0,0,6
1783013277.567,1119.182,300.0,79.14,100,49,90,1.9,16934.9,293.9,79.15,100,47,86,17268.5,2719.3,285.3,79.15,100,39,90,2.8,4.9,275.0,79.14,100,39,87,12690.3,13996.0,9.0,0,6
1783013278.010,1119.626,299.9,79.14,100,45,90,16216.9,16600.2,290.8,79.15,100,46,86,10.7,5.9,285.3,79.15,100,39,90,20759.0,17190.6,275.0,79.14,100,39,87,3.2,5.9,9.0,0,6
1783013278.455,1120.070,299.9,79.14,100,45,90,3.4,17113.9,290.8,79.15,100,46,86,20704.5,6.0,285.7,79.15,100,34,89,2.9,8616.3,272.4,79.14,100,39,86,16206.4,11171.1,12.0,1,6
1783013278.896,1120.512,295.6,79.14,100,36,90,1.8,12163.5,288.4,79.15,100,41,87,17630.1,6653.4,278.4,79.15,100,34,90,4.6,4.5,268.6,79.14,100,37,86,1073.6,16769.3,12.0,1,6
1783013279.339,1120.954,288.9,79.14,100,55,90,3.3,4.1,281.6,79.15,100,62,86,1.8,4188.8,271.4,79.15,100,43,88,17559.4,13939.4,263.7,79.14,100,54,87,1.9,4.4,12.0,1,6
1783013279.781,1121.397,293.2,79.14,100,64,90,17396.8,3317.2,288.6,79.15,100,63,86,2.6,4.2,279.5,79.15,100,41,89,1.7,17264.2,271.2,79.14,100,54,87,20755.9,5.4,12.0,1,6
1783013280.224,1121.839,301.7,79.14,100,59,90,20709.0,17107.2,300.6,79.15,100,47,86,3.6,4.7,294.9,79.15,100,38,89,3.5,14197.6,281.1,79.14,100,42,86,17559.5,4360.9,12.0,1,6
1783013280.665,1122.281,297.2,79.14,100,46,90,2.5,6.0,298.3,79.15,100,45,86,20708.4,16020.9,287.2,79.15,100,36,90,42.1,11.0,276.6,79.14,100,36,87,18531.4,14673.7,12.0,1,6
1783013281.120,1122.736,296.0,79.14,100,43,90,13921.7,5.6,290.8,79.15,100,44,86,3.7,17114.3,279.4,79.15,100,33,89,20320.1,463.0,269.6,79.14,100,37,86,2.8,4.8,12.0,1,6
1783013281.562,1123.177,297.1,79.14,100,48,90,9.7,4.4,285.0,79.15,100,45,85,20712.6,17106.0,280.7,79.15,100,40,89,1.9,4.7,267.5,79.14,100,41,85,1.9,17256.7,12.0,1,6
1783013282.008,1123.623,297.1,79.14,100,48,90,2.6,9925.3,291.5,79.15,100,47,86,17303.1,9191.1,280.7,79.15,100,40,89,2.5,10.7,267.5,79.14,100,41,85,10727.7,14928.0,12.0,1,6
1783013282.453,1124.068,298.8,79.14,100,45,90,2.7,11553.5,291.5,79.15,100,47,86,17481.5,7489.8,280.9,79.15,100,40,88,2.7,4.7,273.9,79.14,100,50,87,1083.4,16749.6,12.0,1,6
1783013282.895,1124.510,302.1,79.14,100,49,90,2.7,451.3,294.9,79.15,100,49,86,18980.0,17110.6,287.1,79.15,100,41,90,5.4,4.7,276.7,79.14,100,41,87,3.6,16148.6,12.0,1,6
1783013283.337,1124.952,300.5,79.14,100,49,90,3.6,4.5,296.3,79.15,100,57,86,20722.7,15632.9,289.6,79.15,100,40,89,223.1,5.0,279.5,79.14,100,50,87,2.2,11535.3,12.0,1,6
1783013283.780,1125.395,301.4,79.14,100,52,90,3.5,7.3,295.6,79.15,100,47,85,20380.4,14341.7,287.4,79.15,100,40,89,2108.1,4.7,276.4,79.14,100,42,85,4.0,6956.5,12.0,1,6
1783013284.226,1125.842,299.1,79.14,100,49,89,1.9,9712.9,295.3,79.15,100,50,86,18103.1,8573.5,286.6,79.15,100,38,89,4.3,5.4,278.3,79.14,100,44,87,20775.5,17188.3,12.0,1,6
1783013284.667,1126.282,298.0,79.14,100,45,89,8210.4,5.6,294.4,79.15,100,45,86,494.5,17113.4,281.1,79.15,100,37,88,20751.1,10.9,274.3,79.14,100,38,86,4.8,15754.4,12.0,1,6
1783013285.115,1126.731,293.8,79.14,100,46,90,18553.5,1742.0,288.4,79.15,100,42,85,1.9,4.5,277.1,79.15,100,7,89,4895.4,13598.5,262.9,79.14,100,8,86,19103.0,4.7,14.0,1,5
1783013285.557,1127.172,293.5,79.14,100,50,90,1.8,15992.0,287.0,79.15,100,51,86,15167.4,4853.2,283.8,79.15,100,58,90,2.6,10.5,269.5,79.14,100,46,85,1080.1,16790.2,14.0,1,5
1783013286.001,1127.617,293.5,79.14,100,50,90,3.6,4.2,293.2,79.15,100,54,86,697.8,16549.6,283.8,79.15,100,58,90,20750.3,4.4,269.5,79.14,100,46,85,5.1,4.8,14.0,1,5
1783013286.444,1128.059,299.1,79.14,100,49,89,2835.3,4.9,293.2,79.15,100,54,86,8.8,8835.7,292.0,79.15,100,52,90,15598.9,10986.5,280.8,79.14,100,56,87,1.9,4.7,14.0,1,5
1783013286.885,1128.501,301.5,79.14,100,53,90,3.2,1333.6,298.6,79.15,100,52,86,17934.0,17106.6,287.7,79.15,100,37,88,6.0,8.4,279.7,79.14,100,39,87,20769.3,17184.7,14.0,1,5
1783013287.331,1128.947,298.5,79.14,100,46,90,14468.5,8.3,294.2,79.15,100,45,86,4.2,17110.7,284.1,79.15,100,33,88,20749.1,5.7,271.6,79.14,100,33,85,2.6,7120.4,14.0,1,5
1783013287.775,1129.391,295.8,79.14,99,39,90,5.4,17110.6,287.9,79.15,100,38,85,20702.7,5.1,280.4,79.15,100,37,89,2.9,4.7,267.8,79.14,100,39,87,14492.5,13558.7,14.0,1,5
1783013288.218,1129.834,299.2,79.14,100,55,90,3696.5,13930.6,287.4,79.15,100,56,86,19801.8,4.6,280.7,79.15,100,37,89,2.7,4.6,270.8,79.14,100,42,87,20781.1,15379.7,14.0,1,5
1783013288.660,1130.275,299.9,79.14,100,47,91,2.2,17113.4,291.9,79.15,100,46,86,20705.4,7.5,284.1,79.15,100,45,90,8.9,7.2,275.5,79.14,100,42,86,20775.0,15016.9,14.0,1,5
1783013289.106,1130.721,301.0,79.14,100,56,90,2.9,12965.0,294.4,79.15,100,56,86,15875.5,7277.6,286.3,79.15,100,38,89,2.7,4.8,276.2,79.14,100,45,87,2478.3,15301.8,14.0,1,5
1783013289.549,1131.164,301.0,79.14,100,49,90,3.7,2552.4,295.1,79.15,100,48,86,16980.3,17105.1,289.1,79.15,100,40,90,2.0,4.8,276.4,79.14,100,39,85,1.8,17255.1,14.0,1,5
1783013289.991,1131.606,301.0,79.14,100,49,90,3.8,4.2,297.5,79.15,100,58,86,20230.0,17108.5,289.1,79.15,100,40,90,2.8,4.9,276.4,79.14,100,39,85,3.5,17255.6,14.0,1,5
1783013290.434,1132.050,299.3,79.14,100,53,90,2.1,17114.6,297.5,79.15,100,58,86,20706.4,5.8,285.9,79.15,100,37,89,6.0,115.9,277.8,79.14,100,45,87,19702.2,17191.7,14.0,1,5
1783013290.876,1132.491,299.3,79.14,100,46,90,9407.3,6.0,293.8,79.15,100,45,86,491.9,16781.8,283.5,79.15,100,38,90,20753.5,8.1,274.8,79.14,100,39,86,2.5,14606.6,14.0,1,5
1783013291.317,1132.932,296.2,79.14,100,43,90,20705.5,15599.4,288.7,79.15,100,41,86,20278.4,14784.6,279.4,79.15,100,33,90,2570.1,7.2,268.6,79.14,100,32,87,1.9,6281.5,17.0,2,5
1783013291.762,1133.378,290.7,79.14,100,21,90,6.6,7.0,277.0,79.15,100,33,86,2.7,5662.0,273.9,79.15,100,47,90,17360.5,13372.1,259.9,79.14,100,45,87,2.2,4.4,17.0,2,5
1783013292.211,1133.826,291.1,79.14,100,52,89,17472.5,11877.1,285.9,79.15,100,48,85,3.1,4.5,283.8,79.15,100,52,90,1.7,17268.1,270.7,79.14,100,43,85,20752.2,4.8,17.0,2,5
1783013292.656,1134.271,300.7,79.14,100,50,89,15511.9,14318.2,299.6,79.15,100,58,86,7508.9,7.8,292.8,79.15,100,44,89,6.6,14255.0,287.2,79.14,100,51,87,17183.5,4269.2,17.0,2,5
1783013293.104,1134.719,300.2,79.14,100,53,90,19386.4,5.3,295.1,79.15,100,47,86,2.1,11123.2,287.6,79.15,100,33,89,18051.0,7126.4,277.4,79.14,100,38,86,3.9,493.7,17.0,2,5
1783013293.547,1135.162,295.8,79.14,100,44,91,20708.8,17109.9,290.3,79.15,100,45,86,2.3,6.0,280.1,79.15,100,32,89,11502.7,14788.5,271.1,79.14,100,34,86,10531.7,5.9,17.0,2,5
1783013293.990,1135.605,295.8,79.14,100,44,91,3.1,5.4,289.6,79.15,100,45,86,20709.3,16091.5,280.1,79.15,100,32,89,25.5,4.9,271.1,79.14,100,34,86,3.6,10954.8,17.0,2,5
1783013294.436,1136.051,297.0,79.14,100,46,90,2.0,2800.1,289.6,79.15,100,45,86,18292.9,15724.1,276.3,79.15,100,38,88,3.6,5.3,268.2,79.14,100,40,87,1.8,17248.7,17.0,2,5
1783013294.878,1136.493,299.1,79.14,100,45,90,2.2,3.7,289.6,79.15,100,45,85,20221.2,17110.5,284.7,79.15,100,48,90,4.9,6.9,270.5,79.14,100,43,86,2.0,13750.8,17.0,2,5
1783013295.320,1136.935,302.2,79.14,100,55,90,2.8,4.7,294.6,79.15,100,57,86,13759.1,14550.4,287.6,79.15,100,40,89,8397.8,4.9,275.6,79.14,100,50,87,2.7,538.6,17.0,2,5
1783013295.763,1137.378,302.6,79.14,100,48,90,8.3,4.8,296.0,79.15,100,49,85,3733.0,14701.3,288.2,79.15,100,42,89,16798.6,4.8,277.7,79.14,100,42,87,2.7,4.1,17.0,2,5
1783013296.208,1137.824,298.8,79.14,100,48,90,1.9,4.6,298.1,79.15,100,55,86,504.2,17117.8,287.9,79.15,100,39,88,20755.2,4.7,279.8,79.14,100,46,87,4.0,4.2,17.0,2,5
1783013296.652,1138.267,300.8,79.14,100,50,90,12.2,5.6,295.6,79.15,100,48,85,16546.8,14862.9,287.2,79.15,100,37,89,5596.0,11.9,276.5,79.14,100,40,86,8.7,16519.2,17.0,2,5
1783013297.097,1138.713,298.9,79.14,100,41,90,18634.2,17110.6,292.4,79.15,100,42,86,2.1,5.8,286.4,79.15,100,36,89,20716.2,17194.6,273.3,79.14,100,38,86,3.8,5.8,17.0,2,5
1783013297.541,1139.156,295.6,79.14,100,46,90,20705.6,1188.4,289.5,79.15,100,47,85,20839.5,14948.0,277.5,79.15,98,7,89,15249.4,16928.2,267.7,79.14,98,16,87,16231.2,7339.3,20.0,2,4
1783013297.982,1139.598,295.6,79.14,100,46,90,5.3,3226.8,284.4,79.15,100,47,86,16205.6,17087.3,277.5,79.15,98,7,89,2.3,4.1,267.7,79.14,98,16,87,1.7,813.4,20.0,2,4
1783013298.427,1140.042,295.5,79.14,100,61,90,6187.3,4.4,284.4,79.15,100,47,86,3.5,26.8,279.1,79.15,100,42,89,19702.5,17193.9,269.8,79.14,100,46,87,2.5,5.4,20.0,2,4
1783013298.870,1140.486,299.7,79.14,100,60,90,20296.9,17109.2,292.7,79.15,100,47,86,1.9,4.8,290.4,79.15,100,42,89,5.1,17248.5,277.9,79.14,100,43,87,18506.7,1795.9,20.0,2,4
1783013299.311,1140.926,298.4,79.14,100,48,90,16420.5,5876.0,300.6,79.15,100,46,86,2.1,5.1,293.7,79.15,100,40,90,20273.1,17187.9,282.7,79.14,100,40,86,4.5,5.6,20.0,2,4
1783013299.750,1141.366,297.6,79.14,100,41,90,672.4,13729.3,295.4,79.15,100,42,85,18515.5,5.8,286.1,79.15,100,32,89,3.4,16919.2,276.0,79.14,100,38,85,20750.8,6.4,20.0,2,4
1783013300.201,1141.816,294.3,79.14,100,44,90,2.0,4.7,287.8,79.15,100,43,85,1.9,17124.8,276.0,79.15,100,34,90,20751.5,5.9,267.7,79.14,100,38,86,4.5,3368.4,20.0,2,4
1783013300.642,1142.257,297.6,79.14,100,46,90,2.7,4.6,287.1,79.15,100,47,86,16862.5,13145.3,280.2,79.15,100,40,90,7010.0,11.0,269.3,79.14,100,40,85,4.6,17242.7,20.0,2,4
1783013301.085,1142.700,302.7,79.14,100,56,90,3.1,8548.2,291.6,79.15,100,54,86,16036.4,11666.5,283.9,79.15,100,38,89,2.5,5.3,271.0,79.14,100,39,86,4836.1,13690.1,20.0,2,4
1783013301.525,1143.140,301.4,79.14,100,47,90,3.0,2853.9,295.2,79.15,100,46,86,17287.8,15893.6,283.9,79.15,100,38,89,3.2,5.1,276.7,79.14,100,46,87,492.6,17202.1,20.0,2,4
1783013301.969,1143.584,301.4,79.14,100,47,90,3.1,3708.7,293.6,79.15,100,48,86,17919.0,14796.5,283.5,79.15,100,45,90,2.9,5.3,276.7,79.14,100,46,87,6314.8,13422.3,20.0,2,4
1783013302.414,1144.029,300.3,79.14,100,56,90,1.9,17111.3,293.6,79.15,100,48,86,17724.1,2348.8,286.1,79.15,100,37,89,2.9,5.3,276.2,79.14,100,40,86,20780.2,14804.8,20.0,2,4
1783013302.855,1144.470,299.7,79.14,100,47,89,20708.3,17115.3,292.9,79.15,100,51,86,3.4,5.9,284.2,79.15,100,36,88,6855.3,13681.3,273.8,79.14,100,41,87,16815.5,5.4,20.0,2,4
1783013303.296,1144.912,296.8,79.14,100,46,90,2.5,5783.5,293.4,79.15,100,44,86,16760.1,13763.1,282.4,79.15,100,35,89,2.2,6.0,275.1,79.14,100,37,86,20767.0,17187.0,20.0,2,4
1783013304.233,1145.848,284.0,79.14,100,33,89,20705.6,4.1,274.2,79.15,100,46,85,4.2,4.2,271.0,79.15,100,53,90,2566.9,15134.1,255.6,79.14,100,47,86,19688.8,4.4,23.0,3,4
1783013304.676,1146.292,288.9,79.14,100,52,90,1.7,17117.5,283.4,79.15,100,50,86,20709.9,7.1,282.8,79.15,100,52,90,10.3,9.9,269.6,79.14,100,42,86,16474.9,14445.3,23.0,3,4
1783013305.124,1146.739,301.4,79.14,100,49,89,1.8,3.7,301.0,79.15,100,60,86,20220.3,17109.3,291.8,79.15,100,43,89,2.4,4.8,285.6,79.14,100,49,87,1.9,17261.3,23.0,3,4
1783013305.565,1147.181,299.9,79.14,100,54,90,7774.3,14920.6,293.3,79.15,100,47,85,14642.2,5.5,289.7,79.15,100,32,89,2.5,15009.0,276.7,79.14,100,38,86,17542.6,3821.3,23.0,3,4
1783013306.007,1147.622,299.9,79.14,100,54,90,3.1,5.6,287.8,79.15,100,44,86,20710.2,17104.2,289.7,79.15,100,32,89,2.2,6.1,276.7,79.14,100,38,86,14577.1,14821.1,23.0,3,4
1783013306.450,1148.065,295.6,79.14,100,43,91,18485.5,13226.4,287.8,79.15,100,44,86,6.2,5.4,282.8,79.15,100,33,89,17659.0,14814.2,271.1,79.14,100,36,86,4415.1,4.7,23.0,3,4
1783013306.895,1148.510,296.4,79.14,100,46,89,20705.2,5.5,288.6,79.15,100,45,86,3.0,33.1,276.0,79.15,100,37,88,19628.0,17191.0,268.7,79.14,100,39,87,2.7,4.7,23.0,3,4
1783013307.336,1148.951,299.7,79.14,100,46,90,4047.7,4.6,289.4,79.15,100,45,86,3.5,5072.0,284.2,79.15,100,46,90,17897.3,13293.2,270.4,79.14,100,42,86,2.7,4.6,23.0,3,4
1783013307.778,1149.393,302.4,79.14,100,56,90,17473.5,7.1,293.9,79.15,100,54,86,2.8,5.3,286.1,79.15,100,39,89,19703.9,17193.3,274.9,79.14,100,47,87,2.9,4.7,23.0,3,4
1783013308.220,1149.835,299.9,79.14,100,47,89,20708.3,4.6,295.7,79.15,100,45,85,2.0,4.7,287.1,79.15,100,47,90,20774.4,17201.4,276.4,79.14,100,42,85,3.7,4.8,23.0,3,4
1783013308.661,1150.276,298.9,79.14,100,51,90,18867.5,4.6,294.5,79.15,100,50,86,2.7,8.4,285.4,79.15,100,38,89,19712.3,17193.7,276.7,79.14,100,42,87,5.0,7.6,23.0,3,4
1783013309.109,1150.724,299.8,79.14,100,47,89,1.9,5.3,293.9,79.15,100,47,85,3002.2,14970.9,283.8,79.15,100,39,90,18817.3,5.4,275.5,79.14,100,40,86,4.4,10621.8,23.0,3,4
1783013309.552,1151.167,297.3,79.14,100,45,91,20660.9,17109.2,291.7,79.15,100,45,86,3.9,8.5,282.2,79.15,100,33,89,20738.8,15431.6,273.5,79.14,100,35,86,667.0,6.0,23.0,3,4
1783013309.994,1151.610,297.3,79.14,100,45,91,19714.9,12852.8,287.9,79.15,100,41,85,20750.3,1359.7,282.2,79.15,100,33,89,20746.9,17195.1,273.5,79.14,100,35,86,20751.9,4.5,26.0,3,3
1783013310.439,1152.054,293.5,79.14,100,45,90,1.8,17113.0,287.9,79.15,100,41,85,20711.2,4.2,272.9,79.15,100,8,89,2.8,4.2,262.5,79.14,100,8,86,1092.8,16793.5,26.0,3,3
1783013310.889,1152.504,293.3,79.14,100,51,89,2.7,4.5,285.5,79.15,100,48,85,2.0,17159.5,281.7,79.15,100,58,90,19339.2,608.3,268.5,79.14,100,45,86,1.9,4.4,26.0,3,3
1783013311.333,1152.949,294.5,79.14,100,49,90,20704.8,5.9,292.2,79.15,100,47,86,2.3,4.6,291.6,79.15,100,54,90,13784.0,13035.4,280.9,79.14,100,46,86,10465.6,4.7,26.0,3,3
1783013311.775,1153.390,300.0,79.14,100,47,90,14768.3,8.2,300.3,79.15,100,55,86,2.0,17116.4,290.3,79.15,100,36,88,20391.2,192.0,281.8,79.14,100,45,87,3.0,745.6,26.0,3,3
1783013312.223,1153.838,298.8,79.14,100,46,89,20707.5,17109.7,293.6,79.15,100,46,86,2.2,5.8,280.5,79.15,100,32,88,6877.4,13852.2,273.4,79.14,99,33,86,16792.0,6.1,26.0,3,3
1783013312.665,1154.280,296.7,79.14,100,41,90,3.6,4.8,285.4,79.15,99,37,86,9313.0,19003.1,279.3,79.15,100,37,89,6501.5,10.7,265.7,79.14,100,39,86,9.4,17252.1,26.0,3,3
1783013313.111,1154.726,298.7,79.14,100,49,90,2.8,4.6,289.2,79.15,100,58,86,20713.5,17107.4,279.9,79.15,100,37,88,2.6,5.5,271.0,79.14,100,44,87,1478.4,16017.7,26.0,3,3
1783013313.553,1155.168,298.6,79.14,100,49,89,1.9,13021.9,289.5,79.15,100,47,85,15907.4,7190.5,287.2,79.15,100,45,90,4.4,5.6,276.2,79.14,100,40,85,6918.8,13357.2,26.0,3,3
1783013313.997,1155.613,298.6,79.14,100,49,89,2.9,3473.3,294.6,79.15,100,54,86,16304.5,16237.7,287.2,79.15,100,45,90,9.1,5.0,276.2,79.14,100,40,85,4358.7,13858.6,26.0,3,3
1783013314.444,1156.059,301.1,79.14,100,50,90,2.4,312.8,294.6,79.15,100,54,86,19143.3,17108.7,286.1,79.15,100,38,89,2.6,10.9,274.6,79.14,100,48,87,2523.3,15287.0,26.0,3,3
1783013314.890,1156.505,302.2,79.14,100,48,90,1.9,10726.1,294.4,79.15,100,47,86,15812.7,9698.8,287.0,79.15,100,38,89,5.8,4.7,275.4,79.14,100,39,86,5568.2,13652.1,26.0,3,3
1783013315.334,1156.949,299.3,79.14,100,52,90,4137.9,13563.2,293.5,79.15,100,57,86,19227.0,5.5,284.9,79.15,100,37,89,2.4,10357.0,274.7,79.14,100,45,87,16221.5,9549.7,26.0,3,3
1783013315.774,1157.390,298.2,79.14,100,45,90,6.1,9.0,293.0,79.15,100,45,86,6713.4,13659.0,282.1,79.15,100,36,89,16586.3,5.8,274.3,79.14,100,38,86,2.2,17228.6,26.0,3,3
1783013316.216,1157.832,296.5,79.14,100,42,90,25030.2,16541.2,288.2,79.15,100,36,86,20703.4,14856.7,278.6,79.15,100,32,88,20411.1,14063.7,267.0,79.14,100,31,85,20368.5,14726.6,29.0,4,3
1783013316.658,1158.274,288.2,79.14,100,30,89,10.9,3.9,275.8,79.15,100,42,85,16759.1,14061.0,273.3,79.15,100,51,90,4925.6,8.1,258.1,79.14,100,45,85,5.0,7.3,29.0,4,3
1783013317.104,1158.719,290.2,79.14,100,51,90,14681.1,4.3,284.8,79.15,100,49,86,1.8,4.1,282.6,79.15,100,51,90,20782.0,17203.8,272.5,79.14,100,44,86,2.0,4.5,29.0,4,3
1783013317.545,1159.161,302.4,79.14,100,53,90,17517.9,16126.0,301.1,79.15,100,61,86,3.5,4.7,292.2,79.15,100,41,88,1.8,17250.8,284.8,79.14,100,50,87,20755.8,4.8,29.0,4,3
1783013317.989,1159.604,302.4,79.14,100,53,90,20704.5,5.9,294.3,79.15,100,46,85,3.0,5250.4,292.2,79.15,100,41,88,18244.7,12888.4,284.8,79.14,100,50,87,2.6,11.4,29.0,4,3
1783013318.434,1160.049,297.5,79.14,100,48,89,10913.8,14977.3,294.3,79.15,100,46,85,11150.0,5.8,285.9,79.15,99,34,89,2.1,17219.0,277.3,79.14,100,38,86,20745.7,6.1,29.0,4,3
1783013318.875,1160.490,296.5,79.14,100,45,89,4.2,5.0,288.6,79.15,100,46,86,6718.3,14824.0,280.0,79.15,100,35,88,15080.0,7.6,271.6,79.14,100,36,86,2.4,11501.4,29.0,4,3
1783013319.317,1160.932,299.2,79.14,100,45,90,2.0,4.6,288.8,79.15,100,48,86,20718.8,17106.8,276.9,79.15,100,38,90,2.0,5.0,267.4,79.14,100,40,87,3.6,17256.6,29.0,4,3
1783013319.759,1161.374,298.6,79.14,100,45,89,7.2,5482.9,288.9,79.15,100,44,85,17856.6,13278.7,285.0,79.15,100,48,90,4.2,4.8,272.4,79.14,100,43,86,496.0,16787.4,29.0,4,3
1783013320.202,1161.817,302.1,79.14,100,56,90,2.3,4.5,292.3,79.15,100,56,86,20725.1,16303.5,286.9,79.15,100,39,88,2.5,4.9,276.0,79.14,100,43,87,2.0,12606.4,29.0,4,3
1783013320.645,1162.260,301.1,79.14,100,48,89,2.8,4.5,295.7,79.15,100,48,85,12203.6,22311.5,290.2,79.15,100,48,90,715.8,13.0,277.5,79.14,100,42,85,8.2,17273.6,29.0,4,3
1783013321.099,1162.715,299.1,79.14,100,52,90,2.2,3.9,296.5,79.15,100,54,86,20225.4,17110.5,286.5,79.15,100,39,89,3.4,4.8,277.2,79.14,100,45,87,1.9,17280.2,29.0,4,3
1783013321.541,1163.156,299.7,79.14,100,48,89,1.9,3481.2,294.0,79.15,100,48,85,17856.8,15021.9,286.2,79.15,100,40,90,2.5,5.6,276.3,79.14,100,40,86,10796.9,15173.9,29.0,4,3
1783013321.991,1163.606,299.7,79.14,100,48,89,20706.5,5.6,290.2,79.15,100,45,85,3.0,12969.2,286.2,79.15,100,40,90,17532.8,5255.5,276.3,79.14,100,40,86,3.1,1398.3,29.0,4,3
1783013322.435,1164.050,296.3,79.14,100,44,89,19704.1,18412.4,290.2,79.15,100,45,85,6658.1,17078.8,283.8,79.15,100,34,90,12771.0,16306.2,274.7,79.14,100,39,86,20754.6,726.5,32.0,4,2
1783013322.878,1164.493,296.6,79.14,100,47,91,20710.8,3.8,288.6,79.15,100,46,85,1.8,4.3,272.6,79.15,100,8,89,1095.2,16753.1,266.0,79.14,98,7,87,20758.1,4.3,32.0,4,2
1783013323.320,1164.935,296.3,79.14,100,50,90,1.8,11189.8,285.7,79.15,100,49,86,15651.0,9448.4,281.5,79.15,100,48,90,1.8,4.7,269.2,79.14,100,44,85,1071.5,16788.3,32.0,4,2
1783013323.761,1165.376,294.9,79.14,100,49,89,8.4,5.1,291.8,79.15,100,47,85,14285.1,12820.8,291.3,79.15,100,53,90,10012.8,4.8,277.1,79.14,100,44,86,1.9,530.7,32.0,4,2
1783013324.210,1165.825,300.6,79.14,100,46,90,9.1,4.9,301.6,79.15,100,54,86,20218.2,17105.2,288.6,79.15,100,36,88,2.2,5.6,282.5,79.14,100,44,87,11151.8,13696.9,32.0,4,2
1783013324.655,1166.270,299.2,79.14,100,46,89,20705.4,11.1,293.9,79.15,100,45,86,4.6,9197.9,283.9,79.15,100,33,88,16867.7,9160.5,275.5,79.14,100,34,86,8.5,7.2,32.0,4,2
1783013325.102,1166.717,297.6,79.14,100,42,90,6484.7,13382.1,287.5,79.15,100,38,86,17351.3,5.0,279.5,79.15,100,37,88,2.4,3267.7,266.8,79.14,100,38,86,16616.4,16399.6,32.0,4,2
1783013325.542,1167.158,299.2,79.14,100,48,90,20710.0,17109.4,288.8,79.15,100,55,86,3.0,5.0,281.3,79.15,100,37,88,2.0,16461.5,271.3,79.14,100,44,87,17245.7,2869.9,32.0,4,2
1783013325.984,1167.599,299.2,79.14,100,48,90,16226.3,15485.3,290.4,79.15,100,47,87,2.8,4.5,281.3,79.15,100,37,88,1.8,17232.0,271.3,79.14,100,44,87,20753.7,4.8,32.0,4,2
1783013326.424,1168.040,299.7,79.14,100,49,90,20710.9,15127.7,290.4,79.15,100,47,87,1433.7,4.6,286.2,79.15,100,43,89,1.9,6784.2,274.6,79.14,100,39,86,15827.7,13366.6,32.0,4,2
1783013326.865,1168.481,301.0,79.14,100,47,90,3633.9,13998.6,294.5,79.15,100,55,86,20218.3,4.8,286.7,79.15,100,38,88,3.9,8.9,277.0,79.14,100,48,87,20785.2,16481.1,32.0,4,2
1783013327.308,1168.924,301.6,79.14,100,51,90,5913.6,13481.8,294.0,79.15,100,46,85,18290.4,4.7,286.5,79.15,100,36,89,2.3,4.2,275.9,79.14,100,40,86,20786.4,17202.0,32.0,4,2
1783013327.750,1169.365,299.1,79.14,100,49,90,5247.2,13223.3,295.1,79.15,100,55,86,18969.8,5.4,286.4,79.15,100,37,88,2.5,7043.4,276.4,79.14,100,43,87,16164.2,12667.7,32.0,4,2
1783013328.192,1169.807,297.6,79.14,100,46,89,11798.9,7.1,293.5,79.15,100,45,85,2.1,17109.9,283.9,79.15,100,37,90,20755.7,5.8,275.1,79.14,100,39,86,2.6,13769.3,32.0,4,2
1783013328.638,1170.253,297.0,79.14,100,44,89,16589.9,16678.6,288.4,79.15,100,42,86,2.2,6.1,279.0,79.15,100,33,88,20824.0,16986.0,266.2,79.14,99,33,87,30426.9,14141.4,35.0,5,2
1783013329.092,1170.707,291.5,79.14,100,15,91,6664.5,15275.8,277.3,79.15,100,26,85,15061.9,4.4,273.0,79.15,100,44,89,1.7,4.1,261.1,79.14,100,47,85,8950.1,14220.3,35.0,5,2
1783013329.535,1171.150,293.1,79.14,100,53,90,3.2,4.4,285.1,79.15,100,49,86,490.6,17149.9,284.9,79.15,100,45,89,20750.5,4.6,272.5,79.14,100,43,86,3.6,4.5,35.0,5,2
1783013329.977,1171.593,293.1,79.14,100,53,90,20708.6,4.6,303.8,79.15,100,49,86,2.0,4.7,284.9,79.15,100,45,89,18548.9,14419.5,272.5,79.14,100,43,86,4371.6,4.8,35.0,5,2
1783013330.419,1172.035,299.7,79.14,100,50,90,19979.3,654.1,303.8,79.15,100,49,86,3.0,371.4,294.2,79.15,100,48,90,18802.4,16710.7,286.4,79.14,100,45,86,2.1,5.8,35.0,5,2
1783013330.860,1172.476,298.9,79.14,100,53,90,5269.0,14947.3,296.1,79.15,100,52,86,17261.7,5.8,286.2,79.15,100,36,89,2.9,17217.1,277.6,79.14,100,39,87,20754.0,5.8,35.0,5,2
1783013331.305,1172.921,295.8,79.14,100,39,89,2.1,5.2,287.8,79.15,100,42,85,20197.9,14604.6,281.0,79.15,99,33,89,1951.4,5.0,269.1,79.14,100,38,86,2.0,16883.4,35.0,5,2
1783013331.746,1173.361,294.9,79.14,100,45,90,9.6,9805.4,287.6,79.15,100,45,86,18404.4,6401.3,277.3,79.15,100,38,90,2.5,4.9,270.3,79.14,100,40,87,8370.9,14995.7,35.0,5,2
1783013332.190,1173.805,301.1,79.14,100,51,90,782.7,16380.1,288.4,79.15,100,44,85,20704.3,6.8,282.6,79.15,100,41,89,2.0,4.3,271.2,79.14,100,42,86,20780.9,17207.5,35.0,5,2
1783013332.633,1174.249,302.5,79.14,100,48,90,2.8,17119.7,294.7,79.15,100,55,86,20705.9,4.6,285.5,79.15,100,39,88,2.9,10.1,277.1,79.14,100,49,87,19432.5,14214.1,35.0,5,2
1783013333.078,1174.694,300.8,79.14,100,48,90,3.5,14406.1,294.4,79.15,100,46,85,17315.9,4741.6,287.1,79.15,100,40,89,3.6,4.6,276.4,79.14,100,42,85,4897.0,14563.6,35.0,5,2
1783013333.522,1175.137,299.0,79.14,100,47,90,1.9,17112.7,294.0,79.15,100,50,86,20704.3,5.2,287.1,79.15,100,40,89,3.1,4.8,276.4,79.14,100,42,85,13610.3,14225.1,35.0,5,2
1783013333.964,1175.580,299.0,79.14,100,47,90,1.8,17116.2,294.0,79.15,100,50,86,20707.1,4.9,286.8,79.15,100,38,88,4.1,4.3,276.2,79.14,100,45,87,20283.4,17191.1,35.0,5,2
1783013334.409,1176.024,299.9,79.14,100,48,90,20705.8,5.6,294.3,79.15,100,46,85,3.0,11776.9,285.9,79.15,100,37,89,17985.1,6453.9,276.0,79.14,100,40,86,2.1,5.1,35.0,5,2
1783013334.850,1176.466,298.6,79.14,100,41,90,19141.8,14723.4,288.7,79.15,100,44,86,3530.5,6.6,285.6,79.15,100,34,89,4215.7,22859.2,271.3,79.14,100,38,86,8295.7,17202.0,38.0,5,1
1783013335.293,1176.908,295.3,79.14,100,47,89,3.4,5.1,289.0,79.15,100,46,88,1.9,12697.6,274.5,79.15,100,7,91,15730.4,7401.8,263.0,79.14,98,7,86,2.3,4.3,38.0,5,1
1783013335.734,1177.349,294.3,79.14,100,50,90,19384.9,17685.1,285.6,79.15,100,49,85,8.8,6.6,279.7,79.15,100,42,89,1.9,2481.4,270.6,79.14,100,43,86,16842.1,16886.5,38.0,5,1
1783013336.180,1177.795,296.1,79.14,100,49,90,3.4,4.2,291.9,79.15,100,47,87,19841.7,17109.1,290.4,79.15,100,49,90,6.0,5.0,280.3,79.14,100,43,87,2.6,17288.2,38.0,5,1
1783013336.623,1178.238,298.8,79.14,100,47,89,2.2,4.6,301.3,79.15,100,48,86,20720.7,15723.5,290.9,79.15,100,41,89,115.1,8.7,283.5,79.14,100,45,87,4026.5,13788.7,38.0,5,1
1783013337.066,1178.681,297.3,79.14,100,46,90,16346.2,6307.1,294.7,79.15,100,45,86,4.7,1123.8,284.3,79.15,100,30,89,17842.5,17196.0,275.0,79.14,100,34,86,2.1,5.8,38.0,5,1
1783013337.507,1179.122,297.3,79.14,100,46,90,3.7,17111.5,287.2,79.15,100,41,86,20703.6,5.2,284.3,79.15,100,30,89,2.1,3449.8,275.0,79.14,100,34,86,16688.5,15813.2,38.0,5,1
1783013337.950,1179.565,297.4,79.14,100,43,90,18078.5,17112.4,287.2,79.15,100,41,86,3.1,4.8,277.9,79.15,100,37,89,2.6,17233.8,267.3,79.14,100,37,87,20745.2,5.0,38.0,5,1
1783013338.393,1180.008,298.8,79.14,100,47,89,15453.1,8414.6,289.0,79.15,100,48,86,2.0,5.2,280.2,79.15,100,42,89,19664.5,13203.7,270.1,79.14,100,46,86,4700.7,4.8,38.0,5,1
1783013338.837,1180.452,300.3,79.14,100,52,90,15455.2,5231.5,289.4,79.15,100,47,85,2.8,10.4,286.5,79.15,100,38,89,9382.1,19848.7,273.9,79.14,100,40,87,6967.5,6.9,38.0,5,1
1783013339.285,1180.901,300.8,79.14,100,47,90,15903.9,10063.0,294.6,79.15,100,54,86,1.9,4.6,286.2,79.15,100,40,89,985.3,16764.1,276.9,79.14,100,48,87,20749.2,4.7,38.0,5,1
1783013339.726,1181.341,302.1,79.14,100,57,90,25422.5,7765.5,294.4,79.15,100,47,86,7.6,7.5,286.2,79.15,100,37,89,9510.5,13507.6,275.7,79.14,100,40,85,14499.1,4.8,38.0,5,1
1783013340.174,1181.789,299.6,79.14,100,49,89,16120.9,6313.3,293.6,79.15,100,51,86,3.6,4.8,287.5,79.15,100,39,89,10083.4,13560.7,274.8,79.14,100,44,87,13883.8,5.3,38.0,5,1
1783013340.615,1182.231,296.1,79.14,100,46,89,2.1,5.8,292.9,79.15,100,46,85,17020.2,13202.6,284.0,79.15,100,38,90,6959.4,6.4,274.7,79.14,100,40,86,1074.0,16059.8,38.0,5,1
1783013341.058,1182.674,296.8,79.14,100,45,90,18077.5,2102.2,288.1,79.15,100,44,86,3.1,1772.9,277.6,79.15,100,32,88,18663.8,15755.7,267.2,79.14,100,32,87,2.2,5.9,41.0,6,1
1783013341.501,1183.116,296.8,79.14,100,45,90,17812.5,10441.6,275.9,79.15,100,24,85,2.7,4.4,277.6,79.15,100,32,88,1.7,17254.3,267.2,79.14,100,32,87,20757.6,4.6,41.0,6,1
1783013341.943,1183.558,290.1,79.14,100,12,91,11.9,3.6,275.9,79.15,100,24,85,19319.5,17110.1,272.2,79.15,100,44,89,2.3,4.5,260.3,79.14,100,47,85,3.5,11524.3,41.0,6,1
1783013342.387,1184.002,293.1,79.14,100,52,90,4.6,4.1,284.6,79.15,100,48,86,1.9,12736.2,281.9,79.15,100,44,89,20759.4,4.7,270.4,79.14,100,43,86,2.0,4.8,41.0,6,1
1783013342.835,1184.451,301.9,79.14,100,50,90,1.8,4.5,298.2,79.15,100,48,86,2.8,17135.3,294.0,79.15,100,47,90,20748.3,5.8,285.0,79.14,100,45,86,9.8,9860.9,41.0,6,1
1783013343.282,1184.897,299.7,79.14,100,53,90,20052.7,17109.1,296.6,79.15,100,49,85,3.8,5.9,286.7,79.15,100,35,89,20379.4,14816.1,277.3,79.14,100,39,86,1593.2,5.7,41.0,6,1
1783013343.722,1185.338,295.7,79.14,100,42,89,6.3,17117.1,288.0,79.15,100,44,85,20708.9,6.3,278.4,79.15,100,32,89,4.1,5210.3,268.0,79.14,100,37,86,18810.8,12690.9,41.0,6,1
1783013344.169,1185.784,295.5,79.14,100,46,90,18004.1,11412.1,285.6,79.15,100,45,86,3.5,4.6,276.6,79.15,100,36,89,3545.4,15269.3,269.7,79.14,100,39,87,17667.5,4.9,41.0,6,1
1783013344.610,1186.225,300.2,79.14,100,47,90,18804.8,1552.8,288.3,79.15,100,46,86,2.0,5.1,282.7,79.15,100,43,89,18886.4,14660.6,271.4,79.14,100,41,86,2366.3,10.9,41.0,6,1
1783013345.055,1186.671,302.5,79.14,100,51,90,20705.2,4.3,293.8,79.15,100,53,86,2.1,4.9,284.8,79.15,100,40,89,20772.6,15998.2,276.3,79.14,100,50,87,53.9,5.0,41.0,6,1
1783013345.498,1187.114,302.5,79.14,100,51,90,20709.0,4.5,294.2,79.15,100,48,87,2.1,4.6,284.8,79.15,100,40,89,16126.4,14399.8,276.3,79.14,100,50,87,6951.3,4.8,41.0,6,1
1783013345.940,1187.556,300.6,79.14,100,48,90,20708.1,5.1,294.2,79.15,100,48,87,6.0,5.0,288.0,79.15,100,46,90,20772.7,17199.1,277.6,79.14,100,43,86,3.6,4.6,41.0,6,1
1783013346.384,1187.999,300.0,79.14,100,50,90,20708.7,4.5,296.3,79.15,100,54,86,3.5,4.6,287.4,79.15,100,39,90,20573.8,17198.8,277.1,79.14,100,46,87,1.9,10.4,41.0,6,1
1783013346.830,1188.445,299.9,79.14,100,48,89,2.1,5.9,294.5,79.15,100,48,85,20708.0,17107.3,286.1,79.15,100,40,89,2.1,5.8,276.1,79.14,100,39,86,9860.2,14809.8,41.0,6,1
1783013347.274,1188.889,296.1,79.14,100,43,89,20704.4,5.4,289.6,79.15,100,44,85,4.1,10936.5,283.5,79.15,99,35,89,18167.3,7110.7,270.9,79.14,100,39,86,2.7,5.2,43.0,6,0
1783013347.716,1189.331,295.1,79.14,100,46,91,7.0,17119.1,287.6,79.15,100,45,85,20709.3,10.5,271.2,79.15,100,8,89,5.1,4.3,260.4,79.14,98,6,87,15731.8,12754.6,43.0,6,0
1783013348.168,1189.783,295.8,79.14,100,50,90,1.8,4.0,284.7,79.15,100,48,85,3.3,4575.6,280.5,79.15,100,43,89,15852.2,15523.2,270.2,79.14,100,44,86,3.8,4.5,43.0,6,0
1783013348.610,1190.225,298.9,79.14,100,55,90,16325.0,17108.9,291.1,79.15,100,48,86,2.9,4.2,291.5,79.15,100,45,90,2.3,2234.4,280.5,79.14,100,44,85,16662.7,15291.2,43.0,6,0
1783013349.053,1190.669,299.8,79.14,100,47,90,6605.0,13071.5,300.8,79.15,100,46,86,17880.2,4.8,291.4,79.15,100,41,89,1.9,4.3,282.6,79.14,100,38,86,20784.3,17193.4,43.0,6,0
1783013349.494,1191.109,299.8,79.14,100,47,90,20706.8,6.1,293.4,79.15,100,44,85,2.2,15601.0,291.4,79.15,100,41,89,16027.8,4065.6,282.6,79.14,100,38,86,3.0,3891.3,43.0,6,0
1783013349.937,1191.552,297.7,79.14,100,45,89,20710.6,17108.4,293.4,79.15,100,44,85,7.6,5.8,281.3,79.15,99,29,89,6045.2,13754.0,273.4,79.14,100,35,86,17956.1,5.4,43.0,6,0
1783013350.378,1191.993,295.5,79.14,100,43,90,3612.7,4.7,286.6,79.15,100,40,86,3.4,6166.8,274.8,79.15,100,36,89,16413.6,13348.6,266.0,79.14,99,37,87,2.8,4.7,43.0,6,0
1783013350.820,1192.436,298.1,79.14,100,47,91,1.9,4.5,287.5,79.15,100,47,86,1.8,17125.0,279.9,79.15,100,40,90,20750.8,6.1,269.8,79.14,100,40,86,2.0,1473.5,43.0,6,0
1783013351.264,1192.879,301.1,79.14,100,45,90,2.3,4.5,289.5,79.15,100,47,86,6827.3,13181.7,286.9,79.15,100,40,89,17334.2,4.8,273.7,79.14,100,41,87,2.0,15.5,43.0,6,0
1783013351.705,1193.320,301.4,79.14,100,47,90,6.9,7.6,294.6,79.15,100,52,86,7380.7,13559.7,284.5,79.15,100,38,88,16318.0,7.3,276.2,79.14,100,47,87,2.5,519.8,43.0,6,0
1783013352.152,1193.768,300.5,79.14,100,56,90,2.0,4.7,294.0,79.15,100,47,85,20299.3,12963.5,285.5,79.15,100,36,89,3764.6,5.2,275.6,79.14,100,40,86,3.7,14263.7,43.0,6,0
1783013352.594,1194.209,299.7,79.14,100,46,90,4.0,9143.5,292.1,79.15,100,55,86,16195.7,10796.8,284.4,79.15,100,37,89,3.6,5.0,272.7,79.14,100,43,87,16752.7,13034.6,43.0,6,0
1783013353.044,1194.659,300.0,79.14,100,46,90,16239.3,4076.7,293.3,79.15,100,45,86,3.1,2844.3,280.3,79.15,100,35,90,16575.7,16600.4,272.7,79.14,100,37,87,4.7,5.9,43.0,6,0
1783013353.486,1195.101,300.0,79.14,100,46,90,14798.8,13590.2,285.3,79.15,100,35,85,8976.3,5.9,280.3,79.15,100,35,90,618.2,16732.6,272.7,79.14,100,37,87,20745.5,6.0,46.0,7,0
1783013353.927,1195.542,293.4,79.14,99,33,90,2638.2,2184.6,285.3,79.15,100,35,85,2749.6,2817.3,276.5,79.15,100,32,89,2733.4,2796.8,264.5,79.14,100,32,86,2659.7,2589.6,46.0,8,0
1783013354.372,1195.987,296.3,79.14,99,64,90,2560.2,2085.2,281.8,79.15,99,62,85,2864.7,3761.7,278.1,79.15,99,55,89,2811.6,3594.6,266.8,79.14,99,58,86,2793.1,3161.3,46.0,8,0
1783013354.815,1196.431,301.0,79.14,100,63,89,2560.1,2118.6,295.0,79.15,100,63,85,2810.8,3672.2,288.1,79.15,100,55,89,2840.6,3489.7,279.6,79.14,100,58,86,3276.8,3348.5,46.0,8,0
1783013355.264,1196.880,303.8,79.14,100,64,89,2560.5,2101.9,304.6,79.15,100,63,85,2804.8,3599.3,296.5,79.15,100,56,89,2851.1,3735.2,283.2,79.14,100,58,86,2755.2,3316.9,46.0,8,0
1783013355.706,1197.322,300.1,79.14,100,64,89,2605.6,2104.9,302.8,79.15,100,64,85,2831.6,3423.1,297.6,79.15,100,56,89,3367.7,3410.4,283.8,79.14,100,59,86,2760.1,3048.4,46.0,8,0
1783013356.155,1197.771,300.0,79.14,100,64,89,2539.7,2033.1,300.6,79.15,99,63,85,2764.0,3587.2,296.5,79.15,99,55,89,2767.6,3661.9,282.8,79.14,99,58,86,2753.1,3233.3,46.0,8,0
1783013356.603,1198.218,300.0,79.14,100,63,89,2541.6,2135.3,299.9,79.15,99,63,85,2802.1,3641.0,295.9,79.15,99,55,89,2846.3,3718.7,281.7,79.14,100,58,86,2751.4,3889.3,47.0,8,0
1783013357.058,1198.674,300.0,79.14,100,63,89,2546.7,2152.0,299.9,79.15,100,63,85,2820.1,3507.6,296.0,79.15,99,55,89,2860.3,3535.6,281.7,79.14,100,57,86,2747.8,2982.9,47.0,8,0
1783013357.503,1199.118,300.0,79.14,100,63,89,2603.6,2071.1,299.7,79.15,99,63,85,2764.0,3554.3,296.0,79.15,99,55,89,2810.2,3574.7,281.7,79.14,100,57,86,2709.9,3117.6,47.0,8,0
1783013357.946,1199.561,300.0,79.14,100,63,89,2624.5,2187.8,299.7,79.15,99,63,85,2806.4,3542.8,295.8,79.15,100,55,89,2802.4,3593.3,281.6,79.14,100,58,86,2757.4,3121.3,47.0,8,0
1783013358.392,1200.007,300.0,79.14,100,63,89,2586.7,2132.3,299.8,79.15,99,63,85,2804.5,3537.6,295.8,79.15,100,55,89,2825.2,3501.0,281.8,79.14,100,58,86,2766.3,3084.6,47.0,8,0
1783013358.835,1200.450,300.0,79.14,100,64,89,2539.9,2077.1,299.9,79.15,100,63,85,2817.8,3471.5,295.7,79.15,99,54,89,2827.3,3568.5,281.4,79.14,100,58,86,2771.0,3186.9,47.0,8,0
1783013359.277,1200.893,300.0,79.14,100,64,89,2539.9,2101.8,299.9,79.15,100,64,85,2824.4,3462.9,295.8,79.15,100,55,89,2796.0,3576.0,281.6,79.14,100,58,86,2744.2,3186.1,47.0,8,0
1783013359.719,1201.335,299.9,79.14,99,63,89,2647.7,2171.8,300.1,79.15,100,63,85,2872.0,3312.4,296.3,79.15,100,55,89,2846.3,3674.8,281.7,79.14,100,58,86,2755.7,3237.2,47.0,8,0
1783013360.164,1201.779,299.9,79.14,100,64,89,2561.4,2135.3,300.1,79.15,99,63,85,2781.1,3345.0,296.6,79.15,99,55,89,2833.5,3398.7,281.6,79.14,100,58,86,2771.1,3040.5,47.0,8,0
1783013360.606,1202.221,300.0,79.14,100,63,89,2585.1,2135.7,300.1,79.15,99,63,85,2816.6,3497.5,296.8,79.15,100,55,89,2826.4,4283.0,281.8,79.14,100,58,86,3542.2,3251.3,47.0,8,0
1783013361.059,1202.674,300.0,79.14,100,63,89,2539.9,2124.7,300.1,79.15,99,63,85,2805.5,3481.3,296.7,79.15,100,55,89,2843.5,3450.9,281.8,79.14,100,58,86,2732.3,3322.1,47.0,8,0
1783013361.503,1203.118,300.0,79.14,100,63,89,2562.9,2101.8,300.0,79.15,99,63,85,2807.2,3449.0,296.7,79.15,100,55,89,2830.0,3763.6,281.8,79.14,100,58,86,2750.9,3151.9,47.0,8,0
1783013361.945,1203.560,300.0,79.14,100,64,89,2705.5,2102.1,300.0,79.15,99,63,85,2859.7,3380.6,296.9,79.15,100,55,89,2812.8,3526.3,281.9,79.14,100,58,86,2775.6,3342.9,47.0,8,0
1783013362.388,1204.003,300.0,79.14,100,63,89,2539.9,2118.6,300.2,79.15,100,63,85,2793.6,3382.1,297.5,79.15,100,55,89,2822.8,3324.2,282.0,79.14,99,58,86,2725.8,3087.9,47.0,8,0
1783013362.830,1204.445,300.0,79.14,100,63,89,2560.3,2101.8,300.2,79.15,100,63,85,2790.6,3399.6,297.4,79.15,100,55,89,2831.5,3638.0,282.2,79.14,100,58,86,2746.7,2997.3,47.0,8,0
1783013363.274,1204.890,300.0,79.14,100,63,89,2519.6,2118.6,300.0,79.15,100,63,85,2795.3,3439.5,297.4,79.15,99,55,89,2830.4,3527.5,282.2,79.14,100,57,86,2720.9,3060.7,47.0,8,0
1783013363.716,1205.332,300.0,79.14,100,64,89,2546.9,2138.5,299.9,79.15,100,63,85,2835.3,3439.4,297.6,79.15,99,55,89,2819.5,3587.5,282.4,79.14,100,58,86,2733.9,3137.9,47.0,8,0
1783013364.161,1205.776,300.0,79.14,100,64,89,2560.2,2118.6,299.9,79.15,99,63,85,2811.3,3475.9,297.6,79.15,100,55,89,2820.0,3619.2,282.4,79.14,100,58,86,2732.0,3147.7,47.0,8,0
1783013364.602,1206.218,300.0,79.14,99,63,89,2562.0,2118.5,300.0,79.15,100,63,85,2826.0,3441.9,297.5,79.15,100,55,89,2822.4,3908.6,282.0,79.14,99,58,86,2760.2,3613.6,47.0,8,0
1783013365.053,1206.668,300.0,79.14,100,63,89,2580.4,2162.5,299.8,79.15,99,63,85,2760.8,3385.4,296.7,79.15,99,54,89,2760.3,3534.8,281.2,79.14,99,57,86,2684.4,3038.0,47.0,8,0
1783013365.497,1207.112,300.0,79.14,100,63,89,2520.5,2135.3,299.5,79.15,100,63,85,2798.0,3582.8,296.7,79.15,99,54,89,2840.4,3746.2,281.2,79.14,99,57,86,2740.6,3209.6,47.0,8,0
1783013365.937,1207.553,300.0,79.14,99,64,89,2563.4,2149.8,299.5,79.15,100,63,85,2800.1,3482.0,296.5,79.15,99,55,89,2831.5,3450.5,281.5,79.14,100,58,86,2729.2,3062.3,47.0,8,0
1783013366.377,1207.993,300.1,79.14,100,63,89,2560.3,2107.6,300.4,79.15,100,63,85,2824.8,3519.7,297.2,79.15,100,55,89,2821.6,3682.2,282.8,79.14,100,58,86,2761.2,3246.3,47.0,8,0
1783013366.820,1208.435,300.0,79.14,100,64,89,2519.8,2325.3,300.6,79.15,99,63,85,2807.1,3335.8,297.9,79.15,100,56,89,2807.0,3598.9,283.1,79.14,100,58,86,2719.7,3169.1,47.0,8,0
1783013367.266,1208.881,300.0,79.14,100,64,89,2560.8,2185.5,300.0,79.15,100,63,85,2806.6,3617.5,298.0,79.15,100,55,89,2818.1,3722.9,282.9,79.14,100,58,86,2738.8,3181.7,47.0,8,0
1783013367.710,1209.326,300.0,79.14,100,63,89,2808.6,2121.8,300.0,79.15,99,63,85,3467.3,3570.7,297.8,79.15,100,55,89,2826.4,3490.1,282.6,79.14,100,58,86,2725.1,3221.7,47.0,8,0
1783013368.163,1209.778,300.0,79.14,100,64,89,2560.9,2116.6,299.9,79.15,100,63,85,2783.5,3447.2,297.6,79.15,100,55,89,2821.9,3714.5,282.4,79.14,100,58,86,2760.1,3206.4,47.0,8,0
1783013368.605,1210.220,300.0,79.14,100,64,89,2501.8,2085.0,300.1,79.15,100,63,85,2769.7,3280.6,297.9,79.15,100,55,89,2830.3,3540.7,283.0,79.14,100,58,86,2742.4,3153.1,47.0,8,0
1783013369.050,1210.665,300.0,79.14,100,63,89,2568.3,2101.8,300.0,79.15,100,63,85,2823.4,3522.9,297.8,79.15,100,55,89,2808.0,3613.8,282.8,79.14,100,58,86,2744.4,3182.5,47.0,8,0
1783013369.492,1211.108,300.0,79.14,100,63,89,2580.4,2131.9,300.1,79.15,100,63,85,2802.0,3341.9,297.8,79.15,100,55,89,2817.7,3517.6,282.8,79.14,100,58,86,2774.2,3041.4,47.0,8,0
1783013369.934,1211.549,300.0,79.14,100,63,89,2580.5,2157.4,300.1,79.15,100,63,85,2779.5,3616.7,297.6,79.15,99,55,89,2799.4,3785.1,282.4,79.14,100,58,86,2740.2,3172.4,47.0,8,0
1783013370.378,1211.993,300.0,79.14,100,64,89,2539.7,2301.7,299.8,79.15,100,63,85,2757.7,3574.1,297.8,79.15,100,56,89,2827.6,3547.7,282.7,79.14,100,58,86,2749.2,3188.8,47.0,8,0
1783013370.822,1212.437,300.0,79.14,100,64,89,2478.8,2049.7,299.9,79.15,100,63,85,2753.8,3544.9,297.8,79.15,100,55,89,2807.7,3446.0,283.1,79.14,100,58,86,2742.2,3335.8,48.0,8,0
1783013371.268,1212.884,300.0,79.14,100,63,89,2519.8,2101.5,300.2,79.15,99,63,85,2796.8,3503.7,298.1,79.15,99,55,89,2928.8,3365.2,283.3,79.14,100,58,86,2729.6,3053.0,48.0,8,0
1783013371.711,1213.327,300.0,79.14,100,63,89,2550.0,2092.9,300.1,79.15,100,63,85,3186.5,3478.9,297.9,79.15,100,55,89,2827.4,3677.0,282.9,79.14,100,58,86,2755.9,3004.0,48.0,8,0
1783013372.160,1213.775,300.0,79.14,100,64,89,2553.9,2126.8,299.7,79.15,100,63,85,2815.4,3399.6,297.3,79.15,99,55,89,2817.1,3445.8,282.7,79.14,100,57,86,2754.9,3272.8,48.0,8,0
1783013372.601,1214.217,300.0,79.14,100,63,89,2560.2,2101.9,299.9,79.15,100,63,85,2795.4,3423.1,297.7,79.15,100,55,89,2833.5,4214.1,282.6,79.14,99,58,86,2768.7,3979.3,48.0,8,0
1783013373.060,1214.675,300.0,79.14,100,64,89,2561.1,2085.1,300.2,79.15,99,63,85,2778.6,3496.4,298.5,79.15,99,56,89,2810.1,3755.6,283.2,79.14,100,58,86,2778.2,3310.8,48.0,8,0
1783013373.502,1215.117,300.0,79.14,100,64,89,2540.9,2144.6,300.4,79.15,100,63,85,2804.1,3334.9,298.5,79.15,99,56,89,2822.9,3645.1,283.2,79.14,100,58,86,2747.8,3084.4,48.0,8,0
1783013373.944,1215.559,300.0,79.14,100,64,89,2807.0,2119.1,300.4,79.15,100,63,85,2800.7,3469.7,298.7,79.15,100,55,89,2830.5,3602.9,283.3,79.14,99,58,86,2761.6,3206.3,48.0,8,0
1783013374.386,1216.001,300.0,79.14,100,63,89,2580.5,2155.0,299.8,79.15,100,63,85,2817.4,3352.5,297.9,79.15,100,55,89,2795.5,3542.9,282.2,79.14,100,57,86,2748.4,3070.7,48.0,8,0
1783013374.826,1216.442,300.0,79.14,100,63,89,2560.2,2101.9,299.4,79.15,99,63,85,2805.9,3530.6,297.0,79.15,100,55,89,2837.1,3542.6,281.2,79.14,100,58,86,2947.9,3318.3,48.0,8,0
1783013375.271,1216.887,299.9,79.14,100,64,89,491.1,0.6,300.0,79.15,100,63,85,1.0,0.5,297.4,79.15,100,55,89,1.2,0.5,281.7,79.14,100,58,86,2.8,0.7,,,
1783013376.689,1218.305,280.8,79.14,100,50,90,18496.6,16823.8,266.4,79.15,99,48,86,296.4,8.4,286.7,79.15,100,53,90,10.0,17267.3,288.5,79.14,99,49,87,20754.3,5.3,48.0,8,0
1783013377.142,1218.757,300.3,79.14,100,47,90,20708.1,17111.2,300.3,79.15,100,55,86,9.0,5.7,290.4,79.15,100,38,90,9119.1,14898.7,281.8,79.14,100,45,87,13342.4,5.7,48.0,8,0
1783013377.581,1219.196,299.4,79.14,100,45,90,3.0,8723.1,294.0,79.15,100,45,86,18097.8,9677.0,282.6,79.15,100,33,89,2.1,5.8,271.1,79.14,100,33,86,20767.4,17189.5,48.0,8,0
1783013378.021,1219.637,295.6,79.14,100,43,90,11020.6,5.1,287.2,79.15,100,38,85,2.1,13003.6,282.6,79.15,100,33,89,17847.8,5027.1,271.1,79.14,100,33,86,3.0,5.0,48.0,8,0
1783013378.465,1220.080,295.6,79.14,100,43,90,1.8,4.6,287.2,79.15,100,38,85,12588.6,14713.3,280.8,79.15,100,37,90,9333.1,4.8,268.1,79.14,100,40,86,3.6,4827.9,48.0,8,0
1783013378.908,1220.523,299.2,79.14,100,51,90,4.3,1013.9,286.3,79.15,100,55,86,18255.8,16922.2,281.4,79.15,100,38,88,3.6,5.1,270.7,79.14,100,40,87,2855.1,15129.1,48.0,8,0
1783013379.356,1220.972,300.5,79.14,100,48,89,1.8,3529.0,293.2,79.15,100,46,86,18220.9,14904.2,284.8,79.15,100,45,90,1.9,4.8,277.9,79.14,100,49,87,498.2,17258.8,48.0,8,0
1783013379.802,1221.417,300.9,79.14,100,57,90,5.5,460.4,294.5,79.15,100,47,86,18773.1,17108.7,287.4,79.15,100,38,90,4.0,4.6,276.5,79.14,100,41,86,1.9,17274.3,48.0,8,0
1783013380.243,1221.858,300.1,79.14,100,48,90,1.9,3.9,295.1,79.15,100,48,86,20216.6,17105.4,287.2,79.15,100,42,90,2.3,4.6,276.3,79.14,100,41,87,1.9,16677.9,48.0,8,0
1783013380.683,1222.298,301.0,79.14,100,52,90,2.4,7.2,294.9,79.15,100,50,86,20723.4,17110.7,286.4,79.15,100,37,90,5.7,8.1,276.5,79.14,100,39,86,1688.6,16552.4,48.0,8,0
1783013381.129,1222.744,300.2,79.14,100,47,90,20710.2,17111.0,293.5,79.15,100,46,86,2.2,6.4,283.6,79.15,100,37,90,14419.9,14846.3,273.4,79.14,100,41,87,7748.8,5.7,48.0,8,0
1783013381.568,1223.183,297.4,79.14,100,40,90,3.0,12055.7,289.6,79.15,99,38,86,18108.0,6467.6,281.0,79.15,100,35,90,2.7,7.0,270.6,79.14,100,37,87,26422.6,11723.0,48.0,8,0
1783013382.008,1223.623,297.4,79.14,100,40,90,20706.8,5.0,279.2,79.15,100,25,85,4.4,4.4,281.0,79.15,100,35,90,8082.0,13146.4,270.6,79.14,100,37,87,14839.4,4.0,48.0,8,0
1783013382.450,1224.065,292.9,79.14,100,61,91,2.6,4231.5,279.2,79.15,100,25,85,15922.3,14253.9,278.1,79.15,100,45,90,2.3,4.3,266.0,79.14,100,47,86,1.8,15396.4,48.0,8,0
1783013382.893,1224.508,294.4,79.14,100,57,90,3.9,4.2,287.8,79.15,100,48,85,3.2,14426.2,285.6,79.15,100,42,90,15430.5,5975.7,275.5,79.14,100,42,85,2.4,4.9,48.0,8,0
1783013383.335,1224.951,299.5,79.14,100,49,89,7410.4,4.7,303.3,79.15,100,46,85,2.0,3652.3,296.0,79.15,100,47,90,16407.6,15752.1,285.6,79.14,100,41,87,2.9,5.8,48.0,8,0
1783013383.775,1225.391,300.7,79.14,100,44,90,1473.2,15827.9,297.7,79.15,100,53,86,20703.8,6.1,287.0,79.15,100,35,89,3.1,17200.6,276.9,79.14,100,38,86,18503.9,1752.4,48.0,8,0
1783013384.221,1225.836,297.1,79.14,100,43,90,5.6,5.6,288.4,79.15,100,40,86,16746.1,13247.1,280.0,79.15,100,33,90,7100.9,5.5,268.9,79.14,100,38,86,2.1,17228.8,48.0,8,0
1783013384.661,1226.276,294.9,79.14,100,45,90,1.9,15020.3,286.5,79.15,100,46,87,16296.7,4841.3,280.7,79.15,100,37,90,9.0,7.5,269.9,79.14,100,39,86,15579.4,13112.6,48.0,8,0
1783013385.106,1226.721,300.6,79.14,100,46,90,926.7,14244.9,291.0,79.15,100,49,86,20219.2,5.4,281.8,79.15,100,39,89,4.2,4757.9,273.2,79.14,100,40,87,18243.8,13316.2,48.0,8,0
1783013385.548,1227.164,301.7,79.14,100,47,90,8009.7,13313.2,294.7,79.15,100,47,86,14984.7,6.5,285.4,79.15,100,46,90,2.6,502.8,276.7,79.14,100,46,87,19695.5,17202.7,48.0,8,0
1783013385.993,1227.608,301.7,79.14,100,47,90,105.9,16747.9,294.0,79.15,100,49,86,20705.7,4.7,285.4,79.15,100,46,90,2.0,4.6,276.7,79.14,100,46,87,19320.8,13216.4,48.0,8,0
1783013386.435,1228.050,300.6,79.14,100,55,90,1.8,17112.2,294.0,79.15,100,49,86,20705.0,5.3,287.5,79.15,100,38,89,2.7,4.8,278.6,79.14,100,40,87,20777.3,15163.5,48.0,8,0
1783013386.875,1228.490,299.2,79.14,100,46,90,2.1,17116.8,293.7,79.15,100,45,86,20704.7,5.1,286.6,79.15,100,42,90,5.8,7.4,275.8,79.14,100,40,87,20783.8,16777.7,48.0,8,0
1783013387.317,1228.932,300.3,79.14,100,51,90,15951.1,5660.1,294.3,79.15,100,46,86,4.6,13.0,286.6,79.15,100,37,90,19691.2,17188.1,273.2,79.14,100,39,85,2.2,5.9,48.0,8,0
1783013387.758,1229.374,298.7,79.14,99,39,90,7867.0,13687.2,290.9,79.15,100,39,85,15008.4,5.7,284.3,79.15,100,36,90,2.1,17212.4,269.8,79.14,100,37,86,19635.6,958.4,6.0,0,7
1783013388.201,1229.817,292.1,79.14,98,34,89,1.8,17114.2,286.6,79.15,100,45,87,20707.4,5.2,271.0,79.15,100,10,89,2.7,4.5,257.3,79.14,100,18,85,7433.3,14361.3,6.0,0,7
1783013388.642,1230.257,289.5,79.14,100,50,89,1.8,4.1,281.9,79.15,100,50,85,1.8,7455.5,278.7,79.15,100,56,90,22320.9,7184.9,267.0,79.14,100,46,86,9.0,7.3,6.0,0,7
1783013389.087,1230.703,293.8,79.14,100,50,89,20705.6,4.7,291.0,79.15,100,48,86,2.8,4.4,293.6,79.15,100,53,90,1826.0,14775.9,280.4,79.14,100,44,87,19592.7,5.1,6.0,0,7
1783013389.529,1231.144,300.5,79.14,100,46,90,17774.1,14258.8,299.2,79.15,100,53,86,1.9,4.5,293.6,79.15,100,53,90,9.2,16759.0,280.4,79.14,100,44,87,20748.4,5.6,6.0,0,7
1783013389.970,1231.585,300.5,79.14,100,46,90,5.2,6.0,299.2,79.15,100,53,86,20710.8,17104.7,288.8,79.15,100,37,89,3.1,5.9,280.2,79.14,100,46,87,13251.6,14860.0,6.0,0,7
1783013390.412,1232.028,299.5,79.14,100,45,90,20705.5,5.4,294.1,79.15,100,45,86,4.5,8804.3,285.7,79.15,100,34,88,17996.7,9331.3,270.9,79.14,100,36,86,2.6,5.5,6.0,0,7
1783013390.852,1232.468,295.8,79.14,100,43,90,1.9,4.6,286.1,79.15,100,41,85,14334.8,14753.0,281.0,79.15,100,38,90,7558.9,7.4,267.7,79.14,100,40,86,8.4,4793.8,6.0,0,7
1783013391.293,1232.908,299.2,79.14,100,53,90,2.6,4.5,286.8,79.15,100,54,86,20716.9,17110.9,281.3,79.15,100,38,89,2.1,5.1,271.3,79.14,100,42,87,2.0,15927.9,6.0,0,7
1783013391.738,1233.353,300.3,79.14,100,48,89,5.5,10.0,294.5,79.15,100,46,86,20727.0,17110.4,284.8,79.15,100,46,90,2.4,4.7,276.7,79.14,100,42,87,1.9,10150.2,6.0,0,7
1783013392.184,1233.799,300.8,79.14,100,58,90,9.3,4.6,295.0,79.15,100,50,86,11275.0,14498.9,288.3,79.15,100,39,89,11045.6,4.6,277.9,79.14,100,44,87,3.5,84.3,6.0,0,7
1783013392.626,1234.241,299.7,79.14,100,49,89,4.2,4.5,295.2,79.15,100,49,85,1.7,17134.4,291.2,79.15,100,41,90,20750.1,7.9,276.7,79.14,100,40,86,9.5,2216.9,6.0,0,7
1783013393.081,1234.696,299.7,79.14,100,47,90,1.9,4.5,297.7,79.15,100,60,86,9736.8,14821.7,287.7,79.15,100,38,89,12480.9,4.6,278.8,79.14,100,47,87,4.6,513.9,6.0,0,7
1783013393.524,1235.139,298.9,79.14,99,46,91,3.7,2870.8,294.0,79.15,100,45,86,17940.5,15473.1,287.7,79.15,100,38,89,5.1,5.9,278.8,79.14,100,47,87,20773.8,17200.7,6.0,0,7
1783013393.968,1235.584,298.9,79.14,99,46,91,9080.6,8.1,294.0,79.15,100,45,86,3.1,17119.1,284.6,79.15,100,39,90,20745.6,5.4,276.2,79.14,100,36,87,2.8,5631.5,6.0,0,7
1783013394.412,1236.027,297.2,79.14,100,44,90,16411.4,13066.6,292.4,79.15,100,45,86,4.6,4.4,281.4,79.15,100,36,89,3.6,17226.7,270.1,79.14,100,39,87,20692.0,5.3,9.0,0,6
1783013394.854,1236.470,295.1,79.14,100,58,91,2.5,796.4,281.8,79.15,100,11,86,18563.2,17109.0,275.9,79.15,100,43,89,1.9,7.0,266.4,79.14,100,55,87,8.9,3437.2,9.0,0,6
1783013395.296,1236.911,297.0,79.14,100,62,90,2.0,4.3,288.3,79.15,100,49,86,2.5,4994.9,285.8,79.15,100,40,89,16082.9,15042.4,276.0,79.14,100,55,87,2.9,4.5,9.0,0,6
1783013395.738,1237.353,300.6,79.14,99,62,90,19325.6,1164.0,301.1,79.15,100,49,85,5.1,6.8,296.2,79.15,100,40,90,13619.0,13148.6,283.0,79.14,100,42,86,10745.8,4.8,9.0,0,6
1783013396.179,1237.795,296.8,79.14,100,46,89,2.2,5.5,299.3,79.15,100,47,86,4412.5,13790.3,287.9,79.15,100,36,89,18820.4,6.8,278.8,79.14,100,37,87,3.8,17233.4,9.0,0,6
1783013396.621,1238.236,298.4,79.14,100,45,90,16539.3,15614.0,292.9,79.15,100,38,86,3.8,5.9,280.1,79.15,100,35,89,20756.9,17197.9,270.2,79.14,100,36,86,11.2,8.2,9.0,0,6
1783013397.066,1238.681,298.7,79.14,100,48,90,2.0,5.4,286.0,79.15,100,46,86,20708.2,14660.4,280.6,79.15,100,37,89,1371.6,4.6,266.6,79.14,100,40,86,2.7,8288.7,9.0,0,6
1783013397.508,1239.123,298.7,79.14,100,48,90,3.6,4.2,289.4,79.15,100,44,86,20217.8,17105.7,280.6,79.15,100,37,89,1.9,4.7,266.6,79.14,100,40,86,1.9,14890.8,9.0,0,6
1783013397.950,1239.566,298.6,79.14,100,44,89,5.8,5.3,289.4,79.15,100,44,86,20223.0,17110.8,283.2,79.15,100,37,89,1.9,4.6,273.7,79.14,100,48,87,1.9,13460.4,9.0,0,6
1783013398.852,1240.467,300.1,79.14,99,47,90,1.9,5.0,294.7,79.15,100,46,86,20720.9,14573.5,288.9,79.15,100,46,90,1453.8,8.2,276.8,79.14,100,41,87,7.5,9241.7,9.0,0,6
1783013399.294,1240.910,301.1,79.14,100,53,90,8.8,5.7,296.7,79.15,100,47,86,18498.7,13139.1,286.6,79.15,100,38,89,5565.3,7.1,277.7,79.14,100,42,87,1.9,9514.6,9.0,0,6
1783013399.742,1241.357,299.3,79.14,100,46,91,6.7,14791.4,294.0,79.15,100,45,86,16481.0,3054.8,287.7,79.15,100,44,90,4.8,4.6,275.6,79.14,100,39,87,20290.3,17196.5,9.0,0,6
1783013400.189,1241.804,296.7,79.14,100,43,89,11081.5,5.9,291.7,79.15,100,44,85,2.9,17116.3,283.1,79.15,100,31,90,20747.5,5.9,273.2,79.14,100,38,87,5.3,12813.5,9.0,0,6
1783013400.631,1242.246,297.8,79.14,100,45,89,20535.5,13777.4,287.5,79.15,100,45,86,20608.2,14494.6,277.5,79.15,98,28,88,5855.8,7.7,260.1,79.14,100,10,87,8.6,4627.1,12.0,1,6
1783013401.079,1242.694,292.6,79.14,100,50,90,2.4,4.0,282.1,79.15,100,63,86,1.9,4.2,274.3,79.15,100,41,88,19727.7,17204.1,268.6,79.14,100,59,87,3.5,4.3,12.0,1,6
1783013401.521,1243.137,292.6,79.14,100,50,90,20672.0,15181.0,288.6,79.15,100,58,86,1449.1,4.5,274.3,79.15,100,41,88,3.5,511.1,268.6,79.14,100,59,87,19708.6,17218.3,12.0,1,6
1783013401.963,1243.578,294.7,79.14,100,51,90,1.9,17114.0,288.6,79.15,100,58,86,19322.4,1083.9,284.5,79.15,100,41,89,2.0,4.7,277.5,79.14,100,56,87,13727.3,14467.6,12.0,1,6
1783013402.409,1244.024,299.3,79.14,100,55,90,18145.0,15888.0,300.1,79.15,100,48,85,2.8,5.7,294.2,79.15,100,37,90,15373.0,14696.8,277.7,79.14,100,39,86,6963.8,6.0,12.0,1,6
1783013402.850,1244.465,297.6,79.14,100,44,90,2.1,17113.4,296.1,79.15,100,42,86,20704.5,6.4,287.4,79.15,100,34,89,2.2,9006.0,271.0,79.14,100,36,86,17935.6,9324.2,12.0,1,6
1783013403.291,1244.906,294.6,79.14,100,42,89,18356.0,7.2,288.3,79.15,100,44,85,3.0,11055.7,277.6,79.15,100,35,90,17991.0,5016.1,269.4,79.14,100,40,87,4.0,4.8,12.0,1,6
1783013403.735,1245.351,296.5,79.14,100,49,90,7.5,10.6,286.1,79.15,100,47,86,7809.8,18044.0,281.5,79.15,100,42,90,6174.1,4.6,270.4,79.14,100,40,86,1.8,3387.1,12.0,1,6
1783013404.191,1245.806,303.2,79.14,100,47,90,2.7,4.7,292.0,79.15,100,59,86,20716.2,17109.0,284.2,79.15,100,38,89,3.7,4.8,274.4,79.14,100,45,87,3.5,10807.0,12.0,1,6
1783013404.633,1246.249,301.3,79.14,100,48,90,3.6,4.6,294.9,79.15,100,47,86,16530.4,14476.0,286.5,79.15,100,45,90,5855.5,8.4,276.7,79.14,100,41,86,8.9,7053.2,12.0,1,6
1783013405.079,1246.694,300.6,79.14,100,52,90,2.8,5.0,294.9,79.15,100,58,86,18123.4,14497.5,287.7,79.15,100,38,89,3836.3,4.7,276.5,79.14,100,43,87,1.9,8570.9,12.0,1,6
1783013405.522,1247.137,300.6,79.14,100,52,90,2.5,4.6,294.5,79.15,100,50,86,20721.6,15497.1,287.7,79.15,100,38,89,381.2,4.8,276.5,79.14,100,43,87,2.9,12313.3,12.0,1,6
1783013405.965,1247.580,299.6,79.14,100,48,90,2.1,17116.4,294.5,79.15,100,50,86,20706.0,5.6,285.8,79.15,100,41,90,2.1,5.5,276.0,79.14,100,40,87,19710.1,17194.0,12.0,1,6
1783013406.409,1248.025,297.7,79.14,100,46,90,3222.2,5.9,292.9,79.15,100,45,85,4270.9,15010.6,286.0,79.15,100,38,90,17376.2,6.0,273.3,79.14,100,39,86,2.9,16336.9,12.0,1,6
1783013406.850,1248.466,297.1,79.14,100,43,89,20705.5,17112.9,289.3,79.15,100,46,85,6168.8,16975.6,279.7,79.15,100,32,90,16320.0,15042.6,270.0,79.14,100,38,87,5.1,6.3,14.0,1,5
1783013407.294,1248.909,291.4,79.14,100,43,90,20104.1,17108.5,281.8,79.15,100,11,86,2.2,8.5,274.1,79.15,100,44,89,9.0,543.2,267.7,79.14,100,52,87,19710.7,17205.6,14.0,1,5
1783013407.740,1249.355,296.4,79.14,100,49,90,7.2,445.6,289.9,79.15,100,67,86,17309.0,17113.9,282.4,79.15,100,40,88,2.4,4.5,275.0,79.14,100,52,87,1.9,15553.1,14.0,1,5
1783013408.189,1249.805,301.1,79.14,100,57,90,1.8,4.5,296.8,79.15,100,53,86,509.7,17108.9,294.2,79.15,100,40,89,20749.2,4.9,282.8,79.14,100,51,87,3.9,4.5,14.0,1,5
1783013408.630,1250.246,297.9,79.14,100,47,90,3.8,4020.7,295.5,79.15,100,45,86,16714.9,15648.9,291.2,79.15,100,35,90,3.8,8.7,276.7,79.14,100,38,87,20778.7,17191.5,14.0,1,5
1783013409.078,1250.693,295.2,79.14,100,42,90,10433.1,5.7,290.7,79.15,100,41,86,2.1,17118.6,282.4,79.15,100,34,89,20750.1,6.0,270.3,79.14,100,35,87,3.0,12741.0,14.0,1,5
1783013409.521,1251.136,295.2,79.14,100,42,90,1755.8,15566.1,288.8,79.15,100,46,86,20706.4,5.4,282.4,79.15,100,34,89,2.5,7447.3,270.3,79.14,100,35,87,16394.1,12334.5,14.0,1,5
1783013409.962,1251.578,298.7,79.14,100,45,90,20707.3,17109.9,288.8,79.15,100,46,86,3.1,5.3,276.6,79.15,100,37,88,1.9,17225.6,268.4,79.14,100,40,87,20752.0,4.6,14.0,1,5
1783013410.411,1252.026,299.2,79.14,100,44,89,16104.2,12329.5,289.2,79.15,100,45,85,1.9,4.7,283.5,79.15,100,38,90,1283.8,16249.6,271.9,79.14,100,41,87,20754.7,4.8,14.0,1,5
1783013410.853,1252.469,302.4,79.14,100,54,90,20707.2,17109.7,292.8,79.15,100,53,86,2.1,4.8,287.6,79.15,100,38,89,2.0,16505.9,275.6,79.14,100,46,87,17124.9,2916.1,14.0,1,5
1783013411.295,1252.910,300.7,79.14,100,47,89,12954.6,13250.5,294.1,79.15,100,45,85,11633.5,5.3,287.7,79.15,100,44,90,3.9,9886.6,276.6,79.14,100,40,86,16292.2,9796.5,14.0,1,5
1783013411.736,1253.351,299.3,79.14,100,47,90,18807.8,13555.8,295.0,79.15,100,46,86,8.9,7.5,285.5,79.15,99,37,89,3.6,15956.4,275.4,79.14,100,45,87,15891.4,4064.0,14.0,1,5
1783013412.182,1253.797,299.6,79.14,100,46,90,16321.2,12576.0,293.1,79.15,100,44,86,2.1,5.5,286.4,79.15,100,41,90,20123.5,13313.3,275.0,79.14,100,39,87,4129.5,5.5,14.0,1,5
1783013412.622,1254.238,296.5,79.14,100,42,89,2.1,10405.0,289.3,79.15,100,45,85,16408.3,9506.4,282.8,79.15,100,30,90,2.2,280.6,272.9,79.14,100,38,87,19685.9,17210.8,14.0,1,5
1783013413.066,1254.681,297.2,79.14,100,44,90,20704.3,17114.7,287.5,79.15,100,44,86,20702.3,17102.2,273.8,79.15,98,26,88,20750.4,17185.2,259.8,79.14,100,10,86,20751.3,6.4,17.0,2,5
1783013413.510,1255.125,297.2,79.14,100,44,90,9.4,17117.4,284.2,79.15,100,57,86,20706.2,4.6,273.8,79.15,98,26,88,2.0,4.3,259.8,79.14,100,10,86,1098.4,16763.4,17.0,2,5
1783013413.954,1255.569,292.3,79.14,100,55,90,11.4,4.6,284.2,79.15,100,57,86,2963.2,15031.4,274.3,79.15,100,43,90,18818.2,4.4,268.1,79.14,100,62,87,2.7,4.5,17.0,2,5
1783013414.398,1256.013,294.3,79.14,100,59,90,6968.2,4.6,289.2,79.15,100,50,86,2.8,2942.0,284.8,79.15,100,41,89,17819.8,15508.9,283.2,79.14,100,54,87,4.5,4.6,17.0,2,5
1783013414.840,1256.455,298.2,79.14,100,47,90,4.5,5.6,298.6,79.15,100,48,86,17201.9,14791.6,294.5,79.15,100,42,90,4540.0,6.4,278.3,79.14,100,40,86,3962.2,15142.2,17.0,2,5
1783013415.288,1256.903,296.6,79.14,100,45,90,20706.2,6.3,292.6,79.15,100,46,85,3.1,10430.4,287.2,79.15,100,31,89,18435.0,7554.4,276.3,79.14,100,36,86,3.2,487.3,17.0,2,5
1783013415.730,1257.346,297.0,79.14,100,43,90,5.3,17114.7,288.0,79.15,100,44,86,18683.3,7.6,277.7,79.15,100,35,89,3.7,7912.6,269.6,79.14,100,41,87,17741.7,10514.3,17.0,2,5
1783013416.179,1257.795,297.5,79.14,100,48,89,20709.2,16187.3,288.9,79.15,100,47,85,196.5,5.1,281.3,79.15,100,42,90,1.9,17035.7,270.4,79.14,100,40,86,19289.3,1197.7,17.0,2,5
1783013416.621,1258.236,302.3,79.14,100,51,90,20709.7,17112.2,291.8,79.15,100,55,86,1.9,4.7,285.3,79.15,100,39,89,1.9,15800.1,273.3,79.14,100,44,87,19330.8,1140.6,17.0,2,5
1783013417.065,1258.680,301.2,79.14,100,49,90,11112.3,14416.5,294.7,79.15,100,47,86,11814.8,4.6,288.1,79.15,100,47,90,2.4,532.3,277.6,79.14,100,41,86,19115.5,17192.3,17.0,2,5
1783013417.506,1259.121,301.2,79.14,100,49,90,2.8,17110.2,297.8,79.15,100,58,86,20706.5,11.2,288.1,79.15,100,47,90,2.3,4.8,277.6,79.14,100,41,86,20790.0,16236.4,17.0,2,5
1783013417.951,1259.566,299.7,79.14,100,50,90,6.5,17114.4,297.8,79.15,100,58,86,20705.6,5.6,288.8,79.15,100,39,90,11.1,4.8,280.7,79.14,100,44,87,19653.8,14757.2,17.0,2,5
1783013418.397,1260.013,300.9,79.14,100,51,90,1.9,17115.2,294.6,79.15,100,48,86,20706.2,4.9,288.0,79.15,100,43,90,2.9,102.2,277.1,79.14,100,40,86,19714.2,17189.1,17.0,2,5
1783013418.838,1260.453,299.0,79.14,100,45,90,20705.5,5.4,294.6,79.15,100,49,86,3.8,6019.8,286.4,79.15,100,37,89,18104.8,12176.4,275.2,79.14,100,43,87,6.1,8.5,17.0,2,5
1783013419.279,1260.894,300.5,79.14,100,40,90,4147.3,23336.3,290.8,79.15,99,45,86,8530.6,17105.1,280.8,79.15,100,35,89,20744.4,4799.6,270.0,79.14,100,38,86,20471.6,11452.5,20.0,2,4
1783013419.721,1261.336,289.9,79.14,100,12,90,15750.6,6688.7,279.9,79.15,100,8,86,4.8,7.7,277.3,79.15,100,51,90,4.4,17266.1,264.9,79.14,100,45,86,18781.3,1620.4,20.0,2,4
1783013420.165,1261.781,292.9,79.14,100,51,90,2.1,1949.6,288.7,79.15,100,52,86,17303.9,17110.1,285.4,79.15,100,55,90,2.4,4.6,274.9,79.14,100,43,86,1.8,14803.3,20.0,2,4
1783013420.607,1262.222,299.0,79.14,100,50,89,2.7,4.7,299.0,79.15,100,60,86,2.0,17163.8,293.2,79.15,100,50,90,20748.2,5.5,286.1,79.14,100,42,87,7.4,10.1,20.0,2,4
1783013421.055,1262.670,300.5,79.14,100,54,90,3.8,5.6,297.3,79.15,100,46,86,11096.8,13593.2,290.1,79.15,100,36,89,12248.0,5.7,276.8,79.14,100,38,85,3.0,17237.1,20.0,2,4
1783013421.496,1263.111,300.5,79.14,100,54,90,16684.1,13748.1,288.4,79.15,100,40,85,3.0,5.7,290.1,79.15,100,36,89,20322.2,13240.5,276.8,79.14,100,38,85,3663.5,12.2,20.0,2,4
1783013421.939,1263.554,297.2,79.14,100,39,90,6.2,6849.1,288.4,79.15,100,40,85,16673.2,12362.1,285.4,79.15,100,36,89,3.6,5.0,268.8,79.14,100,37,86,9262.7,13558.8,20.0,2,4
1783013422.385,1264.000,295.2,79.14,100,45,90,2514.2,15037.6,286.7,79.15,100,45,86,20704.0,10.2,280.3,79.15,100,40,90,2.4,4.0,269.8,79.14,100,39,86,20165.2,17187.2,20.0,2,4
1783013422.825,1264.441,301.5,79.14,100,50,90,10381.8,13392.4,291.1,79.15,100,51,86,13813.4,4.7,280.9,79.15,100,36,89,2.3,511.2,271.1,79.14,100,39,86,19384.9,17202.0,20.0,2,4
1783013423.266,1264.882,301.7,79.14,99,48,90,1.8,17112.6,294.6,79.15,100,47,86,19624.7,918.9,284.3,79.15,100,45,90,2.4,5.3,276.4,79.14,100,41,87,10104.4,13613.0,20.0,2,4
1783013423.710,1265.325,300.8,79.14,100,53,90,5.3,4077.1,295.2,79.15,100,55,86,23111.8,6515.3,287.3,79.15,100,38,88,4.5,4.7,278.8,79.14,100,48,87,2301.4,15312.8,20.0,2,4
1783013424.162,1265.777,299.4,79.14,100,45,89,2.3,10512.0,293.8,79.15,100,44,85,15929.1,9729.9,288.9,79.15,100,44,90,1.9,4.5,276.1,79.14,100,40,85,1073.9,16773.0,20.0,2,4
1783013424.603,1266.218,298.5,79.14,100,46,90,2.2,2834.8,295.9,79.15,100,50,86,16958.9,17030.0,285.4,79.15,100,37,91,2.4,6.2,277.8,79.14,100,46,87,12882.1,21036.7,20.0,2,4
1783013425.055,1266.670,300.3,79.14,100,45,89,18139.3,2059.0,294.1,79.15,100,46,86,2.1,3102.4,282.0,79.15,100,33,88,16528.5,15991.6,272.6,79.14,99,33,87,2.9,5.6,20.0,2,4
1783013425.495,1267.111,300.3,79.14,100,45,89,2636.7,14963.7,285.7,79.15,99,39,86,20703.6,5.8,282.0,79.15,100,33,88,2.2,16559.9,272.6,79.14,99,33,87,20903.6,17201.9,23.0,3,4
1783013425.938,1267.553,297.6,79.14,100,46,90,5.2,4.6,285.7,79.15,99,39,86,20730.7,15096.5,280.1,79.15,100,35,89,958.0,4.2,265.2,79.14,98,30,85,1.9,3.5,23.0,3,4
1783013426.381,1267.997,291.3,79.14,100,57,91,20707.3,4.1,278.9,79.15,100,51,86,1.9,4.4,276.4,79.15,100,43,90,9027.0,14382.4,264.2,79.14,100,44,86,13800.6,4.5,23.0,3,4
1783013426.823,1268.438,292.7,79.14,100,51,90,11250.8,14364.3,287.5,79.15,100,48,87,11913.3,4.9,284.5,79.15,100,46,90,2.0,554.6,274.2,79.14,100,43,86,19665.3,16722.1,23.0,3,4
1783013427.268,1268.883,299.5,79.14,100,50,89,13903.5,14522.4,302.4,79.15,100,52,86,8904.3,5.7,292.3,79.15,100,43,90,2.5,17226.1,285.7,79.14,100,40,87,20758.6,5.8,23.0,3,4
1783013427.710,1269.325,297.9,79.14,100,47,89,10.1,9.0,295.2,79.15,100,46,85,23707.3,9474.7,285.7,79.15,99,36,90,4.8,5.7,277.0,79.14,100,37,87,20776.3,17193.2,23.0,3,4
1783013428.161,1269.776,297.0,79.14,100,44,89,10399.3,5.5,287.6,79.15,100,45,86,2.9,17113.2,279.1,79.15,100,34,89,20081.0,712.0,267.1,79.14,100,38,87,2.0,5.0,23.0,3,4
1783013428.604,1270.220,299.4,79.14,100,48,90,1.9,4.5,288.8,79.15,100,45,86,12548.6,14644.9,278.7,79.15,100,40,89,9576.5,5.5,270.8,79.14,100,46,87,6.7,17251.1,23.0,3,4
1783013429.055,1270.670,301.2,79.14,100,54,91,3.9,6225.1,289.6,79.15,100,47,86,17746.9,12477.9,285.8,79.15,100,39,89,4.4,4.8,274.8,79.14,100,41,86,1086.6,16742.0,23.0,3,4
1783013429.499,1271.114,301.2,79.14,100,54,91,3.2,4.1,295.2,79.15,100,56,86,20226.7,17110.4,285.8,79.15,100,39,89,3.3,4.7,274.8,79.14,100,41,86,3.6,15052.9,23.0,3,4
1783013429.941,1271.557,301.9,79.14,100,49,90,5.1,4.7,295.2,79.15,100,56,86,15859.7,14351.0,286.0,79.15,100,39,88,6946.6,4.6,278.3,79.14,100,49,87,1.9,536.8,23.0,3,4
1783013430.384,1272.000,300.0,79.14,100,59,90,2.6,5.4,295.9,79.15,100,48,85,13307.1,14537.6,288.3,79.15,100,40,90,9122.2,5.3,277.8,79.14,100,41,85,1.9,516.6,23.0,3,4
1783013430.827,1272.443,298.8,79.14,100,49,90,1.9,4.6,294.1,79.15,100,53,86,5866.4,14787.4,289.3,79.15,100,42,89,16224.0,5.0,278.8,79.14,100,44,87,2.7,2939.6,23.0,3,4
1783013431.269,1272.885,299.8,79.14,100,50,90,2.1,17118.1,294.0,79.15,100,47,85,20703.6,5.6,285.6,79.15,100,37,89,2.6,9142.9,276.0,79.14,100,40,86,18030.7,9027.7,23.0,3,4
1783013431.710,1273.325,298.8,79.14,100,45,91,7.5,8.3,288.7,79.15,100,46,86,20647.3,17109.3,285.4,79.15,100,31,89,11.6,8.6,270.6,79.14,100,37,86,15204.0,22296.0,26.0,3,3
1783013432.168,1273.783,293.1,79.14,100,10,90,15837.8,10512.3,284.6,79.15,98,25,86,2.8,10.3,271.0,79.15,100,11,88,1.9,17247.9,267.3,79.14,99,56,87,20747.1,5.0,26.0,3,3
1783013432.610,1274.225,296.5,79.14,100,60,90,2.7,3.9,292.0,79.15,100,54,86,20246.1,17110.1,279.9,79.15,100,42,90,2.0,5.0,275.3,79.14,100,58,87,6.8,12701.1,26.0,3,3
1783013433.059,1274.675,302.4,79.14,100,64,90,3.4,4.3,296.2,79.15,100,47,87,1.8,11843.0,291.6,79.15,100,41,89,15099.9,8188.7,284.5,79.14,100,52,87,2.7,4.8,26.0,3,3
1783013433.501,1275.117,302.4,79.14,100,64,90,6371.4,5.4,294.3,79.15,100,45,85,1.9,3750.9,291.6,79.15,100,41,89,16273.4,15758.8,284.5,79.14,100,52,87,2.2,5.9,26.0,3,3
1783013433.942,1275.557,296.1,79.14,100,45,89,5.2,17116.4,294.3,79.15,100,45,85,19101.1,5.9,292.8,79.15,100,43,90,4.3,17205.1,277.3,79.14,100,39,86,20731.1,6.2,26.0,3,3
1783013434.392,1276.007,294.7,79.14,100,44,89,4.2,5.6,293.6,79.15,100,45,85,20709.2,14257.4,283.1,79.15,100,29,89,2034.7,5.5,273.2,79.14,100,38,87,2.9,17252.7,26.0,3,3
1783013434.835,1276.450,298.4,79.14,100,45,89,1.8,17114.1,288.5,79.15,100,44,86,17784.8,2291.4,276.0,79.15,100,37,88,2.8,4.9,269.9,79.14,100,43,87,13273.0,13340.6,26.0,3,3
1783013435.277,1276.892,298.8,79.14,100,46,89,1.7,17113.9,288.9,79.15,100,47,85,20706.3,4.8,282.4,79.15,100,41,90,2.8,4.8,270.3,79.14,100,39,87,20784.4,17197.2,26.0,3,3
1783013435.718,1277.333,302.6,79.14,100,55,90,8.8,17115.5,292.7,79.15,100,49,86,20705.2,10.2,286.0,79.15,100,38,88,5.0,4.6,273.8,79.14,100,46,87,16238.7,12726.7,26.0,3,3
1783013436.165,1277.780,300.7,79.14,100,48,89,3.6,12107.8,294.2,79.15,100,47,85,15699.1,8202.6,287.0,79.15,100,43,90,4.2,5.0,277.4,79.14,100,40,85,2920.9,14782.3,26.0,3,3
1783013436.610,1278.226,299.3,79.14,100,45,90,2.6,7386.5,297.1,79.15,100,56,86,16365.0,12539.5,285.8,79.15,100,36,90,2.5,5.6,279.0,79.14,100,45,87,4963.9,14057.4,26.0,3,3
1783013437.056,1278.672,300.4,79.14,100,46,90,3.6,10983.3,293.5,79.15,100,46,87,16222.2,9234.4,286.7,79.15,100,41,90,3.6,4.7,275.6,79.14,100,40,86,3968.5,13875.1,26.0,3,3
1783013437.500,1279.116,300.4,79.14,100,46,90,20707.7,17109.2,291.2,79.15,100,44,86,8.7,5.9,286.7,79.15,100,41,90,10306.2,13376.8,275.6,79.14,100,40,86,13718.1,6.0,26.0,3,3
1783013437.941,1279.556,299.3,79.14,100,47,91,5.2,7477.9,291.2,79.15,100,44,86,16487.9,12118.3,285.0,79.15,100,34,89,2.1,5.7,271.5,79.14,100,36,88,20775.0,15333.6,29.0,4,3
1783013438.382,1279.998,296.4,79.14,100,40,90,2.6,4.3,287.8,79.15,100,41,86,20711.6,17109.3,278.4,79.15,100,35,89,3.1,4.6,269.5,79.14,100,37,86,1.9,4372.0,29.0,4,3
1783013438.826,1280.441,288.9,79.14,100,52,90,12788.5,3.7,281.5,79.15,100,63,86,1.8,4.1,271.6,79.15,100,43,88,8905.4,14349.5,266.8,79.14,100,54,87,14130.8,7.3,29.0,4,3
1783013439.269,1280.884,293.4,79.14,100,50,90,16305.0,13882.1,290.9,79.15,100,66,86,7289.8,4.2,280.1,79.15,100,41,88,2.4,4.0,275.6,79.14,100,53,87,20571.3,13818.5,29.0,4,3
1783013439.711,1281.326,301.7,79.14,100,60,90,5.2,17117.0,299.1,79.15,100,51,87,20707.5,9.6,294.9,79.15,100,39,89,4.6,4.6,282.1,79.14,100,43,87,20780.8,16125.0,29.0,4,3
1783013440.157,1281.773,297.9,79.14,100,46,89,20706.3,5.7,294.8,79.15,100,45,86,3.8,12860.3,287.2,79.15,100,36,88,19659.9,3346.8,276.0,79.14,100,38,87,3.0,4414.3,29.0,4,3
1783013440.602,1282.217,296.7,79.14,100,44,90,20709.7,17107.8,288.9,79.15,99,44,86,2.3,5.6,279.2,79.15,100,33,89,10711.9,14766.5,268.9,79.14,100,36,86,11501.8,9.1,29.0,4,3
1783013441.049,1282.665,298.7,79.14,100,46,91,1.9,4.7,285.4,79.15,99,48,86,4.4,17122.2,280.2,79.15,100,39,89,20383.3,251.4,268.0,79.14,100,42,86,2.6,4.8,29.0,4,3
1783013441.491,1283.107,298.7,79.14,100,46,91,1.9,4.7,291.6,79.15,100,44,86,501.2,17109.1,280.2,79.15,100,39,89,20746.1,4.9,268.0,79.14,100,42,86,2.1,280.4,29.0,4,3
1783013441.934,1283.549,298.5,79.14,100,48,90,8.6,8.5,291.6,79.15,100,44,86,17560.0,14344.7,282.9,79.15,100,43,89,4750.4,4.6,276.4,79.14,100,42,87,2.7,3694.0,29.0,4,3
1783013442.385,1284.000,299.8,79.14,100,58,90,2.8,4.5,293.2,79.15,100,46,85,13947.3,15663.7,286.7,79.15,100,39,89,6964.8,7.3,275.5,79.14,100,41,86,1.9,525.7,29.0,4,3
1783013442.831,1284.446,300.5,79.14,100,49,90,1.9,4.6,295.1,79.15,100,52,86,13735.0,14680.4,289.4,79.15,100,42,89,7869.5,5.1,276.8,79.14,100,45,87,3.9,9000.3,29.0,4,3
1783013443.274,1284.890,299.6,79.14,100,53,90,3.5,4.6,294.7,79.15,100,46,85,20604.5,15038.4,286.3,79.15,100,41,89,955.2,5.0,276.2,79.14,100,42,86,2.5,11505.7,29.0,4,3
1783013443.717,1285.332,299.8,79.14,100,47,90,1446.7,15855.8,294.0,79.15,100,53,86,18856.1,6.8,285.6,79.15,100,38,89,5.3,15470.6,272.7,79.14,100,39,87,17812.9,2877.9,29.0,4,3
1783013444.159,1285.774,299.2,79.14,100,47,90,4.3,5.8,293.1,79.15,100,41,86,20708.4,17106.7,280.2,79.15,100,35,88,4.6,5.8,270.1,79.14,100,37,85,8280.5,15060.6,32.0,4,2
1783013444.603,1286.218,292.6,79.14,100,8,90,11830.6,4.5,281.0,79.15,98,39,86,2.9,4.2,273.6,79.15,100,8,90,20761.4,17194.2,262.6,79.14,100,38,87,5.9,9.8,32.0,4,2
1783013445.051,1286.666,292.6,79.14,100,52,90,16631.8,12438.7,287.4,79.15,100,65,86,8680.0,4.1,280.8,79.15,100,51,90,2.0,4.1,273.0,79.14,99,44,87,19369.3,12728.4,32.0,4,2
1783013445.494,1287.109,292.6,79.14,100,52,90,2.8,4.3,297.2,79.15,100,58,86,20730.9,14301.9,280.8,79.15,100,51,90,1861.8,4.5,273.0,79.14,99,44,87,1.9,511.7,32.0,4,2
1783013445.935,1287.550,296.7,79.14,100,50,90,1.9,7.1,297.2,79.15,100,58,86,493.2,17124.7,289.6,79.15,100,41,88,20752.7,6.9,284.6,79.14,100,56,87,1.8,4.3,32.0,4,2
1783013446.381,1287.996,298.9,79.14,100,51,90,2.4,17117.1,296.5,79.15,100,45,85,20707.9,6.9,292.7,79.15,100,37,89,2.6,17217.8,277.3,79.14,100,40,85,20750.1,7.0,32.0,4,2
1783013446.829,1288.444,296.8,79.14,99,41,90,2.2,5.8,290.1,79.15,100,44,85,20706.4,17104.0,285.3,79.15,100,32,89,2.3,5.6,269.3,79.14,100,36,86,8176.2,13822.1,32.0,4,2
1783013447.272,1288.888,294.6,79.14,100,45,89,20707.9,14258.1,288.0,79.15,100,43,85,2560.0,5.1,278.5,79.15,100,37,89,3.5,7825.8,269.7,79.14,100,39,86,16170.0,11944.5,32.0,4,2
1783013447.714,1289.330,299.9,79.14,100,52,90,20708.7,17113.3,289.2,79.15,100,48,86,5.0,9.8,280.2,79.15,100,37,89,5.2,17228.0,269.9,79.14,100,39,85,20694.1,5.9,32.0,4,2
1783013448.162,1289.777,301.8,79.14,100,47,90,15901.0,13637.3,293.4,79.15,99,47,86,3.5,4.6,282.5,79.15,100,38,88,3.5,17240.1,275.9,79.14,100,46,87,20749.1,5.2,32.0,4,2
1783013448.602,1290.217,301.0,79.14,100,56,90,20710.1,17108.1,293.9,79.15,100,47,85,2.1,4.5,285.1,79.15,100,37,89,1.9,17232.3,275.7,79.14,100,40,85,20409.8,249.8,32.0,4,2
1783013449.055,1290.671,299.9,79.14,100,47,89,16253.9,16314.2,294.0,79.15,100,49,86,3.5,5.1,286.9,79.15,100,38,89,3.4,17240.5,275.8,79.14,100,43,87,20746.0,4.8,32.0,4,2
1783013449.497,1291.112,299.9,79.14,100,47,89,17107.9,17106.8,293.1,79.15,100,47,85,1.8,4.8,286.9,79.15,100,38,89,427.3,17228.6,275.8,79.14,100,43,87,20746.4,5.1,32.0,4,2
1783013449.939,1291.555,299.3,79.14,100,51,90,13947.5,5.7,293.1,79.15,100,47,85,5.4,16623.8,284.3,79.15,100,37,89,17268.6,2544.1,275.5,79.14,100,40,86,2.2,5552.5,32.0,4,2
1783013450.385,1292.001,300.9,79.14,100,46,90,20709.1,17108.3,290.6,79.15,100,44,86,2.2,5.9,283.1,79.15,100,34,89,13935.0,13390.1,270.1,79.14,100,35,86,7868.8,5.6,32.0,4,2
1783013450.831,1292.446,296.3,79.14,100,38,90,20176.2,6.0,287.3,79.15,100,41,86,2.5,4.7,278.4,79.15,100,33,89,7040.6,14735.6,268.6,79.14,100,36,86,15071.7,9.4,35.0,5,2
1783013451.275,1292.891,287.2,79.14,100,51,90,3.4,17113.4,279.9,79.15,100,63,86,20706.5,4.8,270.5,79.15,100,43,88,4.2,4.4,265.5,79.14,100,51,87,1099.1,16771.9,35.0,5,2
1783013451.718,1293.333,292.9,79.14,100,51,90,9.4,7.4,291.1,79.15,100,64,86,10211.1,18017.0,278.4,79.15,100,41,88,3726.5,4.1,275.1,79.14,100,51,87,3.5,4.9,35.0,5,2
1783013452.168,1293.783,302.2,79.14,100,59,90,3.5,4.6,299.4,79.15,100,48,86,498.6,17122.0,294.7,79.15,100,38,89,20748.4,4.7,281.0,79.14,100,40,86,2.2,4.6,35.0,5,2
1783013452.610,1294.226,297.3,79.14,100,46,90,8.8,17113.5,294.8,79.15,100,46,86,20703.2,6.0,286.7,79.15,100,36,90,2.5,14908.9,274.1,79.14,100,38,87,17470.5,2875.4,35.0,5,2
1783013453.057,1294.672,296.4,79.14,100,42,90,2.7,5.2,289.6,79.15,100,43,86,20219.5,17103.9,279.3,79.15,100,33,89,3.0,5.7,267.9,79.14,100,37,87,13563.0,14580.3,35.0,5,2
1783013453.499,1295.115,296.4,79.14,100,42,90,20707.3,17109.5,285.9,79.15,100,46,85,2.8,4.8,279.3,79.15,100,33,89,1.9,15702.8,267.9,79.14,100,37,87,17210.8,3107.4,35.0,5,2
1783013453.940,1295.556,298.4,79.14,100,46,90,17827.8,13796.7,285.9,79.15,100,46,85,5.1,4.6,280.2,79.15,100,39,89,2.9,17242.8,268.2,79.14,100,42,85,20748.2,5.2,35.0,5,2
1783013454.386,1296.002,298.9,79.14,100,49,90,17590.0,11995.9,291.9,79.15,100,46,86,1.9,4.6,282.4,79.15,100,41,88,1.7,17254.2,275.6,79.14,100,44,87,20747.5,5.3,35.0,5,2
1783013454.829,1296.444,300.9,79.14,100,59,90,20706.6,16534.8,294.1,79.15,100,48,85,2.2,4.5,286.8,79.15,100,39,89,1.9,7177.2,276.5,79.14,100,42,85,18175.1,10193.6,35.0,5,2
1783013455.271,1296.886,300.4,79.14,100,50,89,7781.4,14484.9,295.9,79.15,100,49,86,14952.8,4.5,289.4,79.15,100,48,90,4.0,3.8,278.3,79.14,100,43,87,20287.7,17191.5,35.0,5,2
1783013455.712,1297.327,301.3,79.14,100,55,90,6.0,17118.8,297.3,79.15,100,48,86,20707.7,9.9,287.2,79.15,100,40,89,4.6,4.2,280.0,79.14,100,44,86,20791.7,17189.1,35.0,5,2
1783013456.158,1297.773,298.9,79.14,100,48,91,20709.4,16127.6,295.0,79.15,100,48,86,117.0,5.0,286.4,79.15,100,41,90,2.0,16938.0,275.9,79.14,100,39,87,19546.2,1024.0,35.0,5,2
1783013456.601,1298.217,295.9,79.14,100,46,90,2.2,5.8,292.9,79.15,100,45,86,19438.1,14641.4,283.0,79.15,100,35,90,2780.5,6.0,275.4,79.14,100,34,86,1077.8,16502.8,35.0,5,2
1783013457.045,1298.660,296.6,79.14,98,22,92,20936.7,15381.4,284.5,79.15,100,46,85,14579.0,16893.4,283.0,79.15,100,35,90,16162.3,7707.3,261.8,79.14,100,11,86,2.8,4.4,38.0,5,1
1783013457.486,1299.102,296.6,79.14,98,22,92,15696.7,9734.8,284.5,79.15,100,46,85,2.8,4.0,274.6,79.15,100,8,89,8.7,8025.1,261.8,79.14,100,11,86,15550.1,12565.1,38.0,5,1
1783013457.927,1299.542,295.9,79.14,100,51,90,2.7,4353.7,286.1,79.15,100,49,86,20700.8,10861.4,281.6,79.15,100,50,90,2.5,4.5,269.7,79.14,100,43,86,3.5,17302.3,38.0,5,1
1783013458.372,1299.988,295.3,79.14,100,49,90,4.3,4.6,291.5,79.15,100,47,85,8809.4,13400.4,294.9,79.15,100,53,90,14786.3,4.8,280.6,79.14,100,43,85,2.4,531.0,38.0,5,1
1783013458.817,1300.432,300.6,79.14,100,46,90,2.6,16119.6,299.9,79.15,100,52,86,16073.3,4018.1,287.4,79.15,100,37,88,3.1,7.0,282.6,79.14,100,45,87,19704.7,17188.0,38.0,5,1
1783013459.259,1300.874,298.9,79.14,100,45,89,6139.9,5.8,294.4,79.15,100,45,86,491.9,17110.6,280.3,79.15,100,33,89,20746.0,6.2,272.4,79.14,100,32,87,2.3,15797.7,38.0,5,1
1783013459.701,1301.317,296.6,79.14,100,43,90,6376.7,22230.4,285.1,79.15,99,38,86,5423.0,10.3,279.2,79.15,100,37,89,5.5,17225.3,266.5,79.14,100,40,86,20746.6,5.4,38.0,5,1
1783013460.151,1301.766,298.8,79.14,100,47,90,16460.9,14258.1,288.7,79.15,100,55,86,2.0,10.8,279.5,79.15,100,37,89,10109.4,13448.2,271.6,79.14,100,42,87,13873.4,4.6,38.0,5,1
1783013460.594,1302.210,298.5,79.14,100,45,89,16084.7,6619.8,291.3,79.15,100,46,85,1.8,5.3,286.3,79.15,100,44,90,6347.0,14870.6,276.3,79.14,100,41,85,15941.6,10.0,38.0,5,1
1783013461.039,1302.655,300.8,79.14,100,48,90,19204.1,17110.0,295.0,79.15,100,55,86,1.8,4.8,286.3,79.15,100,44,90,2.9,17241.0,277.5,79.14,100,46,87,19512.6,1094.9,38.0,5,1
1783013461.481,1303.096,300.8,79.14,100,48,90,11313.3,12908.8,295.0,79.15,100,55,86,13663.4,5.0,285.4,79.15,100,38,89,3.7,4226.8,277.5,79.14,100,46,87,16162.5,15517.4,38.0,5,1
1783013461.922,1303.537,301.8,79.14,100,58,90,5475.5,19643.7,296.4,79.15,100,47,85,11157.9,6.9,286.0,79.15,100,36,89,2.4,1481.4,276.2,79.14,100,39,86,18754.9,16476.8,38.0,5,1
1783013462.370,1303.985,299.0,79.14,100,47,90,20264.2,14260.3,294.9,79.15,100,56,86,2521.5,5.5,287.5,79.15,100,37,88,3.9,17235.6,277.8,79.14,99,45,87,20749.5,5.3,38.0,5,1
1783013462.813,1304.428,298.2,79.14,100,45,90,2.2,5.5,292.8,79.15,100,45,86,14629.2,13497.3,284.3,79.15,100,38,90,9023.8,6.1,274.9,79.14,99,37,86,1068.0,16741.9,38.0,5,1
1783013463.254,1304.870,296.5,79.14,100,41,91,23383.3,17112.1,287.8,79.15,100,43,86,20702.4,16217.4,278.8,79.15,100,30,89,20743.3,15283.4,268.6,79.14,100,37,87,20766.5,14654.2,41.0,6,1
1783013463.696,1305.312,292.1,79.14,100,63,91,1.7,9.6,281.5,79.15,100,18,86,20135.9,14479.1,271.0,79.15,100,44,89,85.6,6.4,261.8,79.14,100,45,86,1.9,4.2,41.0,6,1
1783013464.140,1305.755,294.0,79.14,100,62,90,15096.6,4.3,287.3,79.15,100,50,85,2.7,4.3,281.2,79.15,100,41,89,20787.2,17197.6,269.7,79.14,100,44,85,9.9,4.6,41.0,6,1
1783013464.584,1306.200,297.8,79.14,100,50,89,17329.7,14957.3,300.1,79.15,100,48,85,1.9,4.7,295.4,79.15,100,47,90,492.8,16760.2,284.1,79.14,100,40,86,20754.3,9.6,41.0,6,1
1783013465.030,1306.645,300.7,79.14,100,44,90,20707.7,7.8,296.9,79.15,100,54,86,3.1,10397.6,295.4,79.15,100,47,90,18250.2,7580.6,284.1,79.14,100,40,86,5.4,5.6,41.0,6,1
1783013465.473,1307.089,300.7,79.14,100,44,90,16215.7,14800.5,296.9,79.15,100,54,86,6636.0,5.7,286.2,79.15,100,36,89,491.9,16750.5,277.4,79.14,100,39,86,20753.3,6.7,41.0,6,1
1783013465.914,1307.529,298.6,79.14,100,44,90,2.4,6.6,289.3,79.15,100,44,86,9647.7,14849.3,279.2,79.15,100,32,89,12631.1,5.2,269.8,79.14,100,36,86,2.4,12989.4,41.0,6,1
1783013466.357,1307.972,294.9,79.14,100,45,89,1.8,4.7,287.2,79.15,100,45,85,20709.6,17105.7,279.2,79.15,100,37,89,2.7,5.0,270.9,79.14,100,42,86,1.8,17236.4,41.0,6,1
1783013466.799,1308.415,300.8,79.14,100,47,90,5.5,5493.2,291.8,79.15,100,48,86,17804.3,13478.3,280.8,79.15,100,41,89,2.0,4.6,273.0,79.14,100,43,86,377.6,17271.4,41.0,6,1
1783013467.242,1308.857,302.3,79.14,100,49,89,2.2,4.5,296.4,79.15,100,49,86,20726.6,15685.0,285.6,79.15,100,48,90,174.0,4.8,278.3,79.14,100,42,87,3.6,10355.1,41.0,6,1
1783013467.684,1309.300,301.2,79.14,100,57,90,3.5,12.7,297.2,79.15,100,49,86,4488.1,14597.4,287.8,79.15,100,40,89,17076.3,9.5,280.6,79.14,100,48,87,2.0,7033.8,41.0,6,1
1783013468.133,1309.749,298.8,79.14,100,47,90,1.8,4.4,295.0,79.15,100,46,86,12010.1,14238.6,288.5,79.15,100,43,90,10571.8,4.7,277.1,79.14,100,43,87,4.0,790.3,41.0,6,1
1783013468.579,1310.194,299.4,79.14,99,51,90,3.5,4.8,296.8,79.15,99,55,86,16499.4,14919.0,286.1,79.15,100,38,88,5278.7,5.2,276.5,79.14,100,44,87,2.1,17252.1,41.0,6,1
1783013469.029,1310.645,299.6,79.14,100,45,90,17998.7,17072.9,293.9,79.15,99,43,86,2.0,5.4,286.1,79.15,100,38,88,16403.2,14541.6,276.5,79.14,100,44,87,6270.2,5.8,41.0,6,1
1783013469.480,1311.095,299.6,79.14,100,45,90,3.7,17527.8,293.9,79.15,99,43,86,20705.3,9711.0,281.0,79.15,100,36,89,21034.4,6049.7,273.0,79.14,99,38,87,20762.9,17185.3,43.0,6,0
1783013469.921,1311.537,298.0,79.14,99,42,90,20064.3,17111.9,286.2,79.15,99,45,86,2.8,6.2,277.8,79.15,98,15,91,2.1,6996.7,265.5,79.14,100,9,86,15482.4,13370.3,43.0,6,0
1783013470.369,1311.985,294.6,79.14,100,50,90,1.8,4.3,286.6,79.15,100,60,86,20731.6,16238.4,279.5,79.15,99,42,88,2.7,4.7,272.4,79.14,99,54,87,1.8,5092.5,43.0,6,0
1783013470.816,1312.432,294.5,79.14,99,49,90,6.6,4.7,294.3,79.15,100,61,86,2.7,17159.0,284.1,79.15,99,39,89,19835.6,723.0,281.0,79.14,100,56,87,2.7,7.3,43.0,6,0
1783013471.263,1312.878,299.5,79.14,100,54,90,2.6,5.9,298.9,79.15,99,49,85,6336.2,13308.7,292.8,79.15,100,37,89,17397.2,5.7,277.8,79.14,99,39,85,2.1,15383.8,43.0,6,0
1783013471.706,1313.321,297.8,79.14,100,46,90,16461.8,16971.1,292.4,79.15,100,44,86,8.2,11.3,286.6,79.15,100,35,89,20765.3,16715.1,270.0,79.14,100,36,85,2.2,5.8,43.0,6,0
1783013472.154,1313.769,295.5,79.14,100,38,90,2.4,10723.9,285.8,79.15,99,44,85,16071.5,9518.9,278.9,79.15,100,36,89,1.9,5.0,269.3,79.14,100,39,85,9695.3,13255.8,43.0,6,0
1783013472.602,1314.218,299.1,79.14,100,55,90,7906.5,13166.0,287.6,79.15,100,45,86,16709.7,10.2,279.9,79.15,100,38,89,2.4,9655.8,271.2,79.14,99,39,86,20345.9,4082.0,43.0,6,0
1783013473.056,1314.671,300.7,79.14,100,46,89,15961.7,16698.2,292.1,79.15,100,51,86,2.7,5.2,282.6,79.15,99,38,89,1.8,17234.6,276.0,79.14,99,45,87,20752.1,5.9,43.0,6,0
1783013473.497,1315.113,300.7,79.14,100,46,89,19922.4,12830.3,294.8,79.15,100,47,86,4982.4,4.7,282.6,79.15,99,38,89,1.9,3895.1,276.0,79.14,99,45,87,15587.9,16467.2,43.0,6,0
1783013473.940,1315.555,300.8,79.14,100,55,90,2465.9,15074.4,294.8,79.15,100,47,86,20707.8,4.5,285.5,79.15,100,39,89,2.7,4.5,277.3,79.14,99,41,86,20791.1,14416.1,43.0,6,0
1783013474.383,1315.998,299.5,79.14,100,48,90,2586.6,14965.2,294.5,79.15,100,47,86,16479.6,4.7,288.4,79.15,100,45,90,3.8,4.2,276.4,79.14,100,38,86,20780.4,17212.7,43.0,6,0
1783013474.828,1316.444,299.8,79.14,100,58,90,3371.7,13374.3,295.2,79.15,100,51,86,18383.1,5.1,285.8,79.15,99,38,89,2.5,5379.6,277.9,79.14,99,43,87,16119.6,14347.2,43.0,6,0
1783013475.272,1316.887,299.7,79.14,100,45,90,14202.0,5.9,293.7,79.15,99,44,86,3.8,17111.2,284.2,79.15,99,36,88,20747.7,6.2,275.0,79.14,99,40,87,2.5,4166.5,43.0,6,0
1783013475.716,1317.332,296.3,79.14,100,43,90,20712.7,17111.4,290.8,79.15,100,46,86,5.2,10.9,279.1,79.15,100,32,89,20089.1,3028.4,270.0,79.14,100,32,86,2827.1,2421.9,46.0,7,0
1783013476.164,1317.779,298.9,79.14,99,63,90,2601.8,2123.8,287.2,79.15,100,61,85,2767.5,3318.3,279.3,79.15,99,55,89,2788.3,3576.0,267.3,79.14,99,58,86,2718.6,3232.5,46.0,7,0
1783013476.606,1318.222,303.3,79.14,100,64,89,2559.6,2118.5,296.3,79.15,99,63,85,2852.9,3643.6,288.6,79.15,100,55,89,2836.9,3577.1,278.1,79.14,100,58,86,2775.2,3789.5,46.0,8,0
1783013477.054,1318.669,305.1,79.14,100,64,89,2499.4,2102.0,304.4,79.15,100,64,85,2812.2,3683.3,296.4,79.15,100,56,89,2830.5,3612.9,283.3,79.14,100,58,86,2727.4,3311.7,46.0,8,0
1783013477.496,1319.112,305.1,79.14,100,64,89,2561.9,2106.8,302.1,79.15,100,63,85,2799.8,3553.3,296.4,79.15,100,56,89,2825.9,3640.7,283.3,79.14,100,58,86,2739.9,3312.0,46.0,8,0
1783013477.941,1319.556,300.1,79.14,100,63,89,2603.9,2152.5,302.1,79.15,100,63,85,2791.1,3448.1,296.4,79.15,100,55,89,2823.5,3499.2,282.7,79.14,99,58,86,2735.8,3125.4,46.0,8,0
1783013478.383,1319.998,300.0,79.14,99,63,89,2561.4,2085.6,300.6,79.15,99,63,85,2802.8,3466.0,296.0,79.15,99,55,89,2865.1,3721.0,282.3,79.14,99,58,86,2753.9,3207.1,47.0,8,0
1783013478.831,1320.446,300.0,79.14,100,64,89,2551.3,2101.7,300.1,79.15,100,63,85,2822.4,3597.2,296.3,79.15,99,56,89,2862.0,3587.1,282.6,79.14,100,58,86,2737.3,3076.2,47.0,8,0
1783013479.276,1320.891,300.0,79.14,99,63,89,2569.4,2118.5,300.1,79.15,100,63,85,2791.5,3438.7,296.9,79.15,100,55,89,2820.6,3617.7,282.7,79.14,100,58,86,2750.7,3084.4,47.0,8,0
1783013479.718,1321.334,300.0,79.14,100,64,89,2506.1,2136.5,300.1,79.15,100,63,85,2853.2,3584.3,297.1,79.15,100,55,89,2840.3,3769.3,282.6,79.14,100,58,86,2756.2,3309.8,47.0,8,0
1783013480.162,1321.778,300.0,79.14,100,64,89,2560.2,2117.6,300.1,79.15,100,63,85,2807.4,3529.1,297.1,79.15,100,56,89,2820.1,3535.1,283.3,79.14,100,58,86,2759.1,3176.8,47.0,8,0
1783013480.603,1322.219,300.0,79.14,100,64,89,2561.8,2101.0,300.1,79.15,100,63,85,2800.0,3496.5,297.2,79.15,100,55,89,2828.0,4010.1,283.5,79.14,99,58,86,2737.4,3619.7,47.0,8,0
1783013481.054,1322.669,300.0,79.14,100,63,89,2539.9,2102.2,299.8,79.15,100,63,85,2781.5,3418.3,296.9,79.15,100,55,89,2793.6,3764.0,282.9,79.14,100,58,86,2767.1,3179.4,47.0,8,0
1783013481.497,1323.112,300.0,79.14,100,63,89,2521.4,2084.5,300.1,79.15,100,64,85,2777.6,3391.0,296.9,79.15,100,55,89,2839.3,3753.2,282.9,79.14,100,58,86,2756.7,3343.2,47.0,8,0
1783013481.938,1323.554,300.0,79.14,100,64,89,2543.4,2118.8,300.1,79.15,100,64,85,2789.9,3524.0,297.0,79.15,100,56,89,2763.6,3617.0,283.2,79.14,100,58,86,2699.9,3181.1,47.0,8,0
1783013482.381,1323.996,300.0,79.14,99,64,89,2560.4,2108.1,300.1,79.15,99,64,85,2807.0,3624.7,297.4,79.15,100,56,89,2811.5,3602.4,283.3,79.14,100,58,86,2747.1,3434.0,47.0,8,0
1783013482.823,1324.439,300.0,79.14,100,64,89,2580.5,2091.0,299.9,79.15,99,63,85,2779.0,3506.4,298.0,79.15,99,56,89,2840.9,3812.5,283.1,79.14,100,58,86,3187.6,3115.4,47.0,8,0
1783013483.272,1324.887,300.0,79.14,100,64,89,2519.6,2101.9,299.9,79.15,100,63,85,2780.5,3437.4,298.0,79.15,100,55,89,2808.6,3749.0,283.1,79.14,100,58,86,2741.6,3198.6,47.0,8,0
1783013483.714,1325.330,300.0,79.14,100,64,89,2563.6,2223.1,300.2,79.15,100,64,85,2848.8,3551.4,298.3,79.15,100,55,89,2855.2,3656.3,283.3,79.14,100,58,86,2749.4,3246.8,47.0,8,0
1783013484.164,1325.779,300.0,79.14,100,64,89,2499.0,1962.1,299.9,79.15,100,63,85,2784.2,3522.0,297.9,79.15,100,55,89,2662.7,3561.5,282.9,79.14,100,58,86,2686.1,3112.3,47.0,8,0
1783013484.608,1326.223,300.0,79.14,100,63,89,2595.3,2094.1,299.8,79.15,99,63,85,2767.1,3227.0,297.2,79.15,100,55,89,2780.2,3653.8,282.4,79.14,100,57,86,3009.8,3344.3,47.0,8,0
1783013485.055,1326.670,300.0,79.14,100,64,89,2539.8,2111.5,300.1,79.15,99,64,85,2783.8,3376.8,297.4,79.15,100,55,89,2824.2,3546.0,282.6,79.14,100,58,86,2748.9,3188.4,47.0,8,0
1783013485.497,1327.113,300.0,79.14,100,64,89,2480.0,2082.2,300.0,79.15,100,63,85,2770.9,3321.5,297.4,79.15,100,55,89,2684.0,3562.6,282.6,79.14,100,58,86,2648.2,3112.2,47.0,8,0
1783013485.939,1327.555,300.0,79.14,100,64,89,2563.4,2119.0,300.0,79.15,100,63,85,2792.3,3305.9,297.6,79.15,100,55,89,2809.4,3447.7,282.7,79.14,100,58,86,2741.0,3300.5,47.0,8,0
1783013486.382,1327.997,300.0,79.14,100,63,89,2580.5,2101.9,299.8,79.15,100,63,85,2795.1,3568.3,297.6,79.15,99,55,89,2835.0,3748.3,282.4,79.14,100,58,86,2733.3,3437.7,47.0,8,0
1783013486.825,1328.441,300.0,79.14,99,64,89,2560.6,2101.8,300.0,79.15,99,63,85,2792.2,3356.0,298.0,79.15,100,56,89,2822.9,3778.5,282.6,79.14,100,58,86,2755.9,3310.8,47.0,8,0
1783013487.268,1328.883,300.0,79.14,100,64,89,2540.2,2101.7,300.2,79.15,100,64,85,2801.2,3332.0,298.5,79.15,100,55,89,2807.0,3610.9,283.3,79.14,100,58,86,2745.4,3314.7,47.0,8,0
1783013487.709,1329.324,300.0,79.14,100,64,89,2933.7,2104.8,300.0,79.15,100,63,85,2780.9,3846.0,298.7,79.15,100,56,89,3063.7,3573.4,283.4,79.14,100,58,86,2757.1,3319.3,47.0,8,0
1783013488.161,1329.776,300.0,79.14,100,64,89,2541.6,2086.1,300.0,79.15,100,63,85,2789.6,3546.5,299.1,79.15,100,56,89,2846.2,3758.6,283.6,79.14,100,58,86,2744.2,3321.8,47.0,8,0
1783013488.603,1330.218,300.0,79.14,100,64,89,2529.6,2241.8,300.0,79.15,100,63,85,2824.2,3444.0,299.0,79.15,99,55,89,2848.0,4057.1,283.5,79.14,100,58,86,2757.1,3786.6,47.0,8,0
1783013489.054,1330.670,300.0,79.14,100,64,89,2627.8,2085.3,299.8,79.15,100,63,85,2772.8,3573.5,298.4,79.15,99,55,89,2835.2,3700.4,283.2,79.14,99,58,86,2739.6,3135.6,47.0,8,0
1783013489.497,1331.113,300.0,79.14,100,64,89,2541.6,2122.5,299.7,79.15,99,63,85,2787.0,3373.5,298.4,79.15,99,55,89,2839.1,3633.9,283.2,79.14,99,58,86,2757.3,3145.6,47.0,8,0
1783013489.939,1331.555,300.0,79.14,100,63,89,2563.5,2102.0,299.7,79.15,99,63,85,2812.7,3286.0,298.0,79.15,100,55,89,2809.6,3545.9,283.0,79.14,100,58,86,2735.9,3176.8,47.0,8,0
1783013490.382,1331.997,300.0,79.14,100,64,89,2541.1,2101.9,299.9,79.15,100,63,85,2788.2,3363.5,297.9,79.15,100,55,89,2804.8,3577.0,282.9,79.14,100,58,86,2735.2,3247.8,47.0,8,0
1783013490.825,1332.440,300.0,79.14,100,64,89,2560.1,2109.8,300.3,79.15,100,63,85,2821.1,3405.1,298.5,79.15,100,55,89,2844.3,3489.9,283.3,79.14,100,58,86,2754.8,3233.1,47.0,8,0
1783013491.266,1332.881,300.0,79.14,100,63,89,2539.9,2101.8,300.1,79.15,99,63,85,2773.7,3452.2,298.4,79.15,100,56,89,2820.9,3722.7,283.3,79.14,100,58,86,2770.8,3191.2,47.0,8,0
1783013491.708,1333.324,300.0,79.14,100,64,89,3012.9,2113.2,299.9,79.15,100,63,85,2854.3,3434.3,298.3,79.15,100,55,89,2894.9,3657.9,283.4,79.14,100,58,86,2744.8,3203.9,47.0,8,0
1783013492.162,1333.777,300.0,79.14,100,64,89,2540.0,2089.8,300.1,79.15,100,64,85,2765.9,3309.5,298.4,79.15,100,55,89,2822.5,3650.4,283.6,79.14,99,58,86,2737.7,3220.1,47.0,8,0
1783013492.604,1334.219,300.0,79.14,100,64,89,2541.6,2085.0,300.0,79.15,100,63,85,2806.9,3433.7,298.1,79.15,100,56,89,2844.3,3936.8,283.7,79.14,100,58,86,2770.4,3846.7,47.0,8,0
1783013493.058,1334.673,300.0,79.14,100,64,89,2560.2,2101.9,299.9,79.15,100,63,85,2779.9,3548.3,297.8,79.15,100,55,89,2821.5,3494.1,283.3,79.14,99,58,86,2752.6,3283.2,47.0,8,0
1783013493.506,1335.121,300.0,79.14,100,64,89,2568.9,2100.0,299.8,79.15,100,63,85,2808.0,3282.5,297.8,79.15,100,55,89,2838.5,3638.1,283.3,79.14,99,58,86,2714.0,3292.3,48.0,8,0
1783013493.950,1335.565,300.0,79.14,100,63,89,2481.8,2274.8,299.8,79.15,100,63,85,2789.4,3499.4,298.2,79.15,100,54,89,2838.5,3629.9,282.9,79.14,99,58,86,2765.6,3270.8,48.0,8,0
1783013494.396,1336.012,300.0,79.14,100,64,89,2536.2,2084.5,300.0,79.15,99,63,85,2790.0,3613.5,298.5,79.15,100,55,89,2824.6,3749.2,282.8,79.14,100,58,86,2836.1,3120.0,48.0,8,0
1783013495.270,1336.885,300.0,79.14,100,63,89,2519.5,2072.5,300.2,79.15,100,63,85,2773.0,3455.5,298.6,79.15,100,55,89,2836.2,3676.9,283.1,79.14,100,58,86,2750.1,3270.4,48.0,8,0
1783013495.711,1337.327,300.0,79.14,100,64,89,2646.7,2110.2,300.3,79.15,100,64,85,2826.7,3446.8,298.8,79.15,100,55,89,3207.5,3641.9,283.3,79.14,100,58,86,2721.2,3133.7,48.0,8,0
1783013496.159,1337.774,300.0,79.14,100,64,89,2571.4,2101.8,300.4,79.15,100,64,85,2798.4,3310.0,299.5,79.15,99,55,89,2834.2,3700.5,284.1,79.14,100,58,86,2742.5,3168.2,48.0,8,0
1783013496.602,1338.218,300.0,79.14,100,64,89,2588.7,2144.4,300.0,79.15,99,64,85,2759.8,3369.6,299.3,79.15,100,55,89,2830.9,4369.7,283.9,79.14,99,57,86,2756.3,3534.0,48.0,8,0
1783013497.052,1338.667,300.0,79.14,100,64,89,2541.3,2103.1,299.8,79.15,100,63,85,2768.9,3267.6,298.7,79.15,100,55,89,2826.2,3548.4,283.4,79.14,100,58,86,2770.1,3171.5,48.0,8,0
1783013497.494,1339.110,300.0,79.14,100,64,89,2315.5,0.6,298.0,79.15,100,64,85,3.3,0.5,298.7,79.15,100,55,89,2.9,0.4,283.4,79.14,100,58,86,0.7,0.5,,,
1783013498.911,1340.526,257.6,79.14,100,50,89,3.4,12068.1,254.8,79.15,99,49,85,16977.7,7044.9,251.0,79.15,100,51,90,4.6,4.8,259.2,79.14,100,43,85,8764.0,14063.4,48.0,8,0
1783013499.356,1340.971,301.0,79.14,100,51,89,1.8,12230.5,302.9,79.15,99,59,86,17379.0,6805.7,292.7,79.15,100,45,89,2.4,5.2,286.8,79.14,99,43,87,20775.5,17190.2,48.0,8,0
1783013499.797,1341.412,299.1,79.14,100,44,90,11826.9,5.9,295.4,79.15,100,46,86,3.8,17111.8,289.0,79.15,100,33,90,20751.6,5.7,277.9,79.14,100,39,86,2.1,13772.5,48.0,8,0
1783013500.242,1341.857,296.1,79.14,100,46,91,17645.1,15552.1,288.8,79.15,100,44,86,1.9,5.1,282.4,79.15,100,32,89,8348.1,14769.7,268.0,79.14,99,32,87,13873.1,5.2,48.0,8,0
1783013500.684,1342.299,296.7,79.14,100,45,89,12165.9,7.2,289.0,79.15,99,45,86,7.5,1922.9,276.1,79.15,100,37,89,18262.4,16248.5,270.9,79.14,100,49,87,5.7,5.1,48.0,8,0
1783013501.130,1342.746,300.1,79.14,100,46,90,2.0,4.8,289.3,79.15,100,46,87,2.7,17127.3,284.8,79.15,100,45,90,20045.6,705.8,271.4,79.14,100,42,86,8.4,4.8,48.0,8,0
1783013501.574,1343.189,302.4,79.14,100,49,90,3.0,4.5,295.9,79.15,100,57,86,2.2,7745.4,286.9,79.15,100,39,89,17711.5,10744.9,278.5,79.14,100,49,87,4.0,5.2,48.0,8,0
1783013502.015,1343.631,302.4,79.14,100,49,90,16794.8,4.4,296.5,79.15,100,48,85,2.9,4.4,286.9,79.15,100,39,89,20776.9,17194.5,278.5,79.14,100,49,87,2.6,4.8,48.0,8,0
1783013502.460,1344.076,301.4,79.14,100,57,90,20705.5,4.5,296.5,79.15,100,48,85,2.8,4.9,288.5,79.15,99,40,90,20774.7,16245.2,278.5,79.14,99,42,86,3.9,4.6,48.0,8,0
1783013502.901,1344.516,298.7,79.14,100,48,90,17249.5,2722.0,295.7,79.15,99,48,86,4.7,9.2,288.6,79.15,100,39,89,12802.4,14271.6,278.3,79.14,100,49,87,10337.6,4.8,48.0,8,0
1783013503.345,1344.960,301.3,79.14,100,57,90,12544.4,5.7,297.2,79.15,100,50,85,2.2,17120.3,287.1,79.15,100,37,90,20749.0,6.2,276.9,79.14,100,40,85,2.9,5888.6,48.0,8,0
1783013503.786,1345.401,300.3,79.14,100,42,90,20709.7,17110.6,291.7,79.15,100,43,86,4.8,5.3,285.1,79.15,100,36,89,2511.0,15289.1,271.0,79.14,100,39,86,17955.9,6.1,48.0,8,0
1783013504.232,1345.847,295.9,79.14,98,43,90,2.7,4.3,287.2,79.15,100,47,85,20708.4,15309.0,277.2,79.15,98,7,90,608.9,4.5,267.6,79.14,100,7,86,1.9,3144.3,48.0,8,0
1783013504.677,1346.292,295.2,79.14,100,61,90,14491.5,4.1,288.8,79.15,100,65,86,6.3,9.0,279.4,79.15,99,42,89,17080.4,12772.6,275.3,79.14,100,61,87,6245.6,4.5,48.0,8,0
1783013505.121,1346.737,297.5,79.14,100,59,90,20710.1,14258.4,294.3,79.15,100,57,86,2778.0,4.2,285.5,79.15,100,41,90,1.9,491.4,280.9,79.14,99,51,87,19718.3,17217.1,48.0,8,0
1783013505.563,1347.178,298.3,79.14,100,47,89,1.7,17116.1,297.4,79.15,100,46,85,20704.8,4.7,294.0,79.15,100,42,90,2.3,4.7,279.4,79.14,100,40,86,20774.5,17197.6,48.0,8,0
1783013506.009,1347.624,298.3,79.14,100,47,89,20708.2,6.0,292.9,79.15,100,45,85,3.2,10834.6,294.0,79.15,100,42,90,16499.2,8788.4,279.4,79.14,100,40,86,2.2,5.2,48.0,8,0
1783013506.451,1348.067,296.4,79.14,100,45,90,18139.7,13581.4,292.9,79.15,100,45,85,6194.9,5.6,287.2,79.15,100,32,90,2.2,17213.8,277.2,79.14,100,36,86,20747.3,5.4,48.0,8,0
1783013506.893,1348.508,296.5,79.14,100,43,90,13830.2,7.7,288.2,79.15,100,44,86,9.9,3964.0,277.8,79.15,100,35,90,16109.1,15859.0,270.4,79.14,100,40,87,2.7,4.7,48.0,8,0
1783013507.339,1348.954,298.7,79.14,100,48,90,2.3,4.4,288.8,79.15,100,47,86,1.8,12978.6,281.6,79.15,100,43,90,15829.1,6155.5,271.3,79.14,99,39,86,1.9,5.3,48.0,8,0
1783013507.783,1349.398,303.0,79.14,100,45,90,2.8,7.2,292.5,79.15,100,47,86,1.9,11911.0,284.1,79.15,100,38,89,15678.6,7882.1,274.0,79.14,100,47,87,1.9,5.9,48.0,8,0
1783013508.225,1349.840,301.4,79.14,99,48,89,14447.4,4.5,294.6,79.15,100,47,85,1.8,3.9,287.2,79.15,99,46,90,20289.3,17191.5,277.2,79.14,100,39,86,1.9,4.6,48.0,8,0
1783013508.666,1350.281,299.6,79.14,100,48,90,20708.6,4.5,296.9,79.15,100,54,86,2.0,9.7,287.4,79.15,100,38,89,20771.1,17205.5,279.8,79.14,100,42,87,7.1,4.9,48.0,8,0
1783013509.115,1350.730,301.4,79.14,100,53,90,20705.5,4.5,294.0,79.15,100,47,86,2.7,4.8,287.1,79.15,100,39,90,20767.9,15136.7,275.7,79.14,100,39,86,883.5,5.4,48.0,8,0
1783013509.557,1351.172,299.1,79.14,100,46,90,2.1,5.2,292.4,79.15,100,44,86,1.9,17121.8,285.9,79.15,100,36,89,20751.0,6.0,274.0,79.14,100,40,86,2.2,14517.5,48.0,8,0
1783013510.001,1351.617,299.1,79.14,100,46,90,17154.7,17108.9,290.1,79.15,100,36,85,3.8,5.8,285.9,79.15,100,36,89,19525.9,13008.0,274.0,79.14,100,40,86,4987.9,5.8,48.0,8,0
1783013510.442,1352.057,297.4,79.14,100,38,90,17349.3,4280.2,290.1,79.15,100,36,85,1.8,4.5,279.5,79.15,100,32,89,1072.6,16735.7,269.1,79.14,100,36,86,20747.8,4.5,6.0,0,7
1783013510.883,1352.498,287.8,79.14,100,44,90,2.6,12767.2,278.9,79.15,100,56,86,16872.4,6724.9,271.6,79.15,100,44,89,5.0,7.0,263.6,79.14,100,54,87,481.1,17302.2,6.0,0,7
1783013511.329,1352.945,291.4,79.14,100,50,90,1.9,4.3,289.6,79.15,100,64,86,511.0,16941.8,278.3,79.15,100,42,89,18541.2,4.3,274.4,79.14,100,54,87,2.4,4.3,6.0,0,7
1783013511.774,1353.389,301.3,79.14,100,63,90,4.3,7.1,300.8,79.15,100,60,86,1.6,17141.8,296.2,79.15,100,42,89,20747.6,4.7,283.8,79.14,100,47,87,4.4,4.5,6.0,0,7
1783013512.224,1353.839,297.2,79.14,100,47,90,3.8,17114.7,296.6,79.15,100,46,86,20703.8,5.8,290.7,79.15,100,35,90,3.8,11496.6,277.6,79.14,100,35,87,17911.1,6932.1,6.0,0,7
1783013512.666,1354.281,295.6,79.14,100,45,90,2.1,5.7,290.9,79.15,100,43,86,20706.3,17108.8,280.5,79.15,100,36,89,8.9,8.5,269.2,79.14,100,35,86,11287.8,15051.6,6.0,0,7
1783013513.112,1354.727,298.7,79.14,100,48,90,20710.6,17108.5,286.5,79.15,100,47,86,4.0,5.0,278.4,79.15,100,37,89,3.6,15786.2,265.5,79.14,100,40,86,17550.6,2822.9,6.0,0,7
1783013513.554,1355.169,298.7,79.14,100,45,89,18082.4,11858.2,288.8,79.15,100,44,86,2.9,4.8,281.8,79.15,100,37,89,2.0,17233.1,273.8,79.14,100,49,87,20757.7,5.4,6.0,0,7
1783013513.997,1355.612,298.7,79.14,100,45,89,17493.3,8556.7,292.4,79.15,100,48,86,4.1,5.4,281.8,79.15,100,37,89,1075.7,16750.8,273.8,79.14,100,49,87,20745.8,4.6,6.0,0,7
1783013514.439,1356.054,300.3,79.14,100,56,90,20710.0,17109.3,292.4,79.15,100,48,86,1.8,4.5,287.8,79.15,100,40,90,1.9,16721.0,277.0,79.14,100,41,87,19125.7,1284.2,6.0,0,7
1783013514.879,1356.495,300.7,79.14,100,48,90,20709.8,15867.4,294.8,79.15,100,47,86,592.9,5.6,288.4,79.15,100,40,89,6.6,15275.3,278.2,79.14,100,47,87,17466.0,3582.1,6.0,0,7
1783013515.324,1356.939,300.8,79.14,100,54,90,20710.2,16280.8,296.0,79.15,100,47,85,3.1,4.7,286.2,79.15,100,38,90,3.5,11425.4,277.1,79.14,100,41,86,17641.4,7364.0,6.0,0,7
1783013515.766,1357.381,299.2,79.14,100,47,90,18001.7,8174.0,293.9,79.15,100,46,86,2.0,5.3,286.4,79.15,100,39,89,20208.6,14469.3,276.4,79.14,100,43,87,1767.5,5.9,6.0,0,7
1783013516.208,1357.824,297.5,79.14,100,45,90,3.1,17112.9,293.5,79.15,100,44,86,20243.1,368.1,281.8,79.15,100,33,89,3.8,3842.7,275.3,79.14,100,37,87,18446.5,13853.0,6.0,0,7
1783013516.652,1358.267,299.0,79.14,100,46,90,7873.8,17106.9,288.4,79.15,100,42,86,20702.8,16567.3,279.9,79.15,98,22,90,5.8,10.5,264.1,79.14,100,8,89,8.4,13485.3,9.0,0,6
1783013517.102,1358.717,295.2,79.14,100,50,90,1.8,4.0,286.5,79.15,100,60,86,3.4,2142.3,279.0,79.15,100,49,90,16659.1,17202.9,270.8,79.14,100,46,87,2.7,4.3,9.0,0,6
1783013517.546,1359.162,295.9,79.14,100,48,90,17516.2,17106.7,293.3,79.15,100,53,86,1.8,4.5,279.0,79.15,100,49,90,3.1,9954.8,282.2,79.14,99,55,87,15329.0,10488.5,9.0,0,6
1783013517.991,1359.607,295.9,79.14,100,48,90,3406.7,14034.0,297.8,79.15,100,54,86,19291.9,4.7,287.7,79.15,99,39,88,1.8,9.8,282.2,79.14,99,55,87,20281.9,17192.6,9.0,0,6
1783013518.436,1360.052,301.6,79.14,100,54,90,16456.8,10576.5,297.8,79.15,100,54,86,3.0,5.5,292.6,79.15,100,36,89,20764.3,15278.5,281.2,79.14,100,40,86,888.7,6.0,9.0,0,6
1783013518.879,1360.494,297.8,79.14,100,46,90,2.1,17114.7,294.6,79.15,100,45,86,20016.2,642.8,287.1,79.15,100,35,89,6.1,8506.5,275.0,79.14,100,33,86,16496.2,11025.9,9.0,0,6
1783013519.320,1360.936,296.3,79.14,99,40,90,20705.7,5.4,287.4,79.15,100,38,85,4.6,1340.6,280.1,79.15,100,36,90,17671.5,17191.8,270.4,79.14,100,40,86,1.9,4.5,9.0,0,6
1783013519.770,1361.386,299.7,79.14,100,56,90,5.5,8.4,286.6,79.15,100,56,86,703.8,16500.3,281.3,79.15,100,38,89,20748.3,4.6,270.9,79.14,100,42,87,4.0,4.6,9.0,0,6
1783013520.216,1361.831,298.7,79.14,100,47,90,2.3,4.6,291.6,79.15,100,46,86,495.3,17126.3,283.6,79.15,100,39,90,20749.9,4.7,276.9,79.14,100,42,87,2.3,4.5,9.0,0,6
1783013520.657,1362.272,301.8,79.14,100,55,90,889.5,4.5,293.9,79.15,100,53,86,1.8,10324.9,286.6,79.15,100,38,89,16613.7,7169.7,276.5,79.14,100,42,86,9.3,7.4,9.0,0,6
1783013521.103,1362.718,299.9,79.14,100,48,90,13541.6,4.9,294.7,79.15,100,47,86,10.7,10052.0,288.7,79.15,100,45,90,15859.9,9789.8,277.2,79.14,100,39,87,1.9,4.7,9.0,0,6
1783013521.547,1363.162,299.8,79.14,100,58,90,8058.7,4.8,295.1,79.15,100,58,86,2.7,5754.1,288.7,79.15,100,45,90,16207.7,13782.7,278.1,79.14,100,42,87,3.1,4.9,9.0,0,6
1783013521.990,1363.605,299.8,79.14,100,58,90,2.9,6.3,292.9,79.15,100,46,86,19056.5,13186.5,286.0,79.15,100,38,90,4937.5,6.1,278.1,79.14,100,42,87,2.3,17242.4,9.0,0,6
1783013522.439,1364.055,299.7,79.14,100,45,89,16481.9,12345.3,292.9,79.15,100,46,86,2.2,5.9,282.6,79.15,100,37,89,20757.5,17197.9,274.9,79.14,100,40,87,3.1,5.9,9.0,0,6
1783013522.880,1364.496,297.7,79.14,100,43,90,16908.9,17045.3,289.6,79.15,100,37,86,17041.1,24950.0,279.7,79.15,100,32,89,20750.0,7.0,268.8,79.14,100,33,86,3.8,9.6,12.0,1,6
1783013523.333,1364.948,288.9,79.14,100,26,90,20705.6,4.0,277.4,79.15,100,40,86,2.3,4.9,272.6,79.15,100,55,90,1082.4,16772.9,260.7,79.14,100,47,87,20758.4,4.3,12.0,1,6
1783013523.775,1365.390,291.8,79.14,100,52,90,5.8,17117.0,286.1,79.15,100,48,86,20666.7,4.9,281.9,79.15,99,52,90,2.6,4.5,272.2,79.14,100,42,87,1104.8,16743.5,12.0,1,6
1783013524.219,1365.834,303.8,79.14,100,49,90,2.4,4.6,300.4,79.15,100,58,86,20075.6,14765.5,292.7,79.15,100,41,88,1484.6,4.7,286.7,79.14,100,51,87,1.9,10332.7,12.0,1,6
1783013524.661,1366.276,299.3,79.14,100,54,90,1562.1,15711.7,293.6,79.15,100,47,85,20075.5,9.0,290.8,79.15,100,35,90,9.1,17118.5,277.8,79.14,100,38,85,20756.2,8.1,12.0,1,6
1783013525.111,1366.726,294.6,79.14,100,42,90,2.2,2855.7,288.4,79.15,100,44,86,19238.1,14949.4,283.7,79.15,100,33,90,2.2,11.2,271.7,79.14,100,35,87,20765.0,17190.2,12.0,1,6
1783013525.554,1367.169,297.0,79.14,100,45,90,17849.3,3969.0,288.6,79.15,100,44,86,3.1,5.2,275.6,79.15,100,33,90,20759.7,17189.0,269.2,79.14,100,40,87,1.9,4.8,12.0,1,6
1783013525.996,1367.612,297.0,79.14,100,45,90,16214.9,5.1,288.8,79.15,100,45,85,2.9,7355.3,275.6,79.15,100,37,88,18036.7,10747.1,269.2,79.14,100,40,87,3.5,5.5,12.0,1,6
1783013526.438,1368.053,298.7,79.14,100,45,89,3.6,4.4,288.8,79.15,100,45,85,1.9,11490.0,282.5,79.15,100,38,90,17692.7,7026.2,271.4,79.14,100,43,87,2.6,4.6,12.0,1,6
1783013526.879,1368.494,302.9,79.14,100,55,90,11239.0,4.6,292.6,79.15,100,55,86,2.6,10584.4,286.8,79.15,100,39,89,20385.1,4063.4,276.1,79.14,100,44,87,4.2,4.6,12.0,1,6
1783013527.330,1368.945,300.9,79.14,100,47,90,10428.8,4.8,294.8,79.15,100,47,86,3.0,7513.5,287.3,79.15,100,44,90,18236.5,10771.7,277.7,79.14,100,42,87,3.0,4.8,12.0,1,6
1783013527.771,1369.386,299.7,79.14,100,51,90,3467.1,7.4,295.2,79.15,100,52,86,1.9,11651.6,286.0,79.15,100,38,89,17572.4,6920.6,277.0,79.14,100,43,87,2.5,4.7,12.0,1,6
1783013528.215,1369.830,299.3,79.14,100,47,91,2.0,5.4,294.2,79.15,100,48,86,9173.1,15026.4,286.7,79.15,100,44,90,12733.3,5.3,276.7,79.14,100,39,87,2.4,13358.2,12.0,1,6
1783013528.657,1370.273,296.2,79.14,100,44,89,18340.6,16947.2,291.3,79.15,100,45,86,2.2,10.3,283.3,79.15,100,32,90,20763.0,17196.6,274.5,79.14,100,38,87,8.4,8.6,12.0,1,6
1783013529.102,1370.717,297.9,79.14,100,46,90,19101.1,10873.3,288.6,79.15,100,43,86,20471.5,5571.1,277.7,79.15,98,25,88,20749.8,17187.9,264.2,79.14,100,8,88,20749.1,5.4,14.0,1,5
1783013529.547,1371.163,294.2,79.14,100,50,89,2.4,17112.8,285.3,79.15,100,48,86,20623.0,4.8,277.7,79.15,98,25,88,9.4,4.2,269.2,79.14,100,45,87,1088.4,16787.3,14.0,1,5
1783013529.992,1371.608,294.2,79.14,100,50,89,2.8,4.8,285.3,79.15,100,48,86,2.6,17158.8,280.1,79.15,100,56,90,20749.9,5.1,269.2,79.14,100,45,87,3.7,4.5,14.0,1,5
1783013530.435,1372.051,294.9,79.14,100,49,89,20707.9,4.5,291.8,79.15,100,47,86,2.8,4.7,287.3,79.15,100,47,90,18781.5,13017.4,279.9,79.14,100,44,87,5555.3,5.4,14.0,1,5
1783013530.877,1372.493,301.2,79.14,100,46,90,13489.2,5.7,300.4,79.15,100,52,86,2.9,17118.0,293.2,79.15,100,37,89,20694.7,8.7,282.0,79.14,100,45,87,3.0,1691.8,14.0,1,5
1783013531.321,1372.937,298.3,79.14,100,46,89,20705.7,17111.6,294.3,79.15,100,46,86,3.8,5.8,285.8,79.15,100,36,88,7035.8,14121.2,274.2,79.14,99,34,87,15935.5,6.0,14.0,1,5
1783013531.764,1373.379,296.1,79.14,100,42,90,11.0,5.3,287.3,79.15,99,39,86,16766.5,13220.8,279.7,79.15,100,35,89,7006.8,5.5,266.6,79.14,100,39,86,2.1,17231.3,14.0,1,5
1783013532.208,1373.823,299.5,79.14,100,48,90,1.9,134.5,289.2,79.15,100,55,86,19136.6,17105.2,279.8,79.15,100,38,89,2.8,5.2,270.1,79.14,100,45,87,2812.8,14813.0,14.0,1,5
1783013532.651,1374.266,298.8,79.14,100,49,89,2.7,12973.3,291.9,79.15,100,46,85,15798.0,7343.0,284.6,79.15,100,38,90,5.9,10.4,276.2,79.14,100,40,87,20785.8,14522.0,14.0,1,5
1783013533.103,1374.718,301.5,79.14,100,52,90,6.6,12184.2,294.8,79.15,100,54,86,15798.8,8154.7,286.7,79.15,100,38,88,6.2,4.9,275.7,79.14,100,49,87,7061.6,13484.7,14.0,1,5
1783013533.546,1375.161,300.6,79.14,100,48,89,3.3,79.9,294.2,79.15,100,47,85,19225.2,17108.4,286.7,79.15,100,38,88,3.6,5.1,276.7,79.14,100,39,86,1080.1,16752.4,14.0,1,5
1783013533.990,1375.605,300.6,79.14,100,48,89,1.9,11907.8,294.2,79.15,100,47,85,15785.5,8473.6,288.3,79.15,100,46,90,2.7,5.7,276.7,79.14,100,39,86,6835.5,12937.7,14.0,1,5
1783013534.438,1376.053,299.1,79.14,100,50,90,3.5,17114.8,295.4,79.15,100,57,86,20703.9,5.6,285.8,79.15,100,38,89,3.7,5576.1,276.3,79.14,100,44,87,16409.6,13865.9,14.0,1,5
1783013534.878,1376.494,299.1,79.14,100,46,91,7182.0,5.7,293.5,79.15,100,45,86,2.8,17114.5,282.6,79.15,100,36,90,20748.1,8.7,275.2,79.14,100,40,87,2.2,14058.8,14.0,1,5
1783013535.321,1376.936,296.6,79.14,100,44,89,30841.9,15124.3,290.5,79.15,100,42,86,20981.2,13937.2,279.9,79.15,100,32,90,20646.2,14069.8,268.6,79.14,100,32,87,20168.3,14612.4,17.0,2,5
1783013535.766,1377.382,287.7,79.14,100,21,90,5.3,5.0,277.7,79.15,100,35,86,20735.6,15214.3,273.3,79.15,100,52,90,759.2,4.0,259.4,79.14,100,45,86,1.8,3.7,17.0,2,5
1783013536.213,1377.828,291.7,79.14,100,52,89,14178.4,4.5,285.1,79.15,100,48,86,2.8,4.3,281.1,79.15,100,54,90,20779.8,17202.6,272.1,79.14,100,43,87,2.1,4.6,17.0,2,5
1783013536.657,1378.273,298.7,79.14,100,50,90,17753.3,12818.5,299.8,79.15,100,60,86,2.0,7.6,290.2,79.15,100,41,88,1078.6,16749.6,287.3,79.14,100,50,87,20752.4,7.0,17.0,2,5
1783013537.101,1378.716,298.7,79.14,100,53,90,20704.6,6.3,295.4,79.15,100,46,86,2.1,6289.6,291.9,79.15,100,35,90,18068.0,11947.5,277.3,79.14,100,38,87,4.5,5.5,17.0,2,5
1783013537.541,1379.156,295.5,79.14,100,44,90,4073.8,15001.5,288.6,79.15,100,45,86,18195.0,5.7,291.9,79.15,100,35,90,4.8,17213.1,277.3,79.14,100,38,87,20688.2,6.5,17.0,2,5
1783013537.981,1379.596,295.5,79.14,100,44,90,5.1,4.9,288.6,79.15,100,45,86,491.4,17116.1,283.6,79.15,100,34,90,20745.4,5.5,269.5,79.14,100,35,87,2.4,5763.9,17.0,2,5
1783013538.423,1380.038,298.1,79.14,100,45,90,2.9,4.8,289.1,79.15,100,45,86,19495.9,14545.6,276.1,79.15,100,37,88,2890.2,5.2,269.7,79.14,100,40,87,2.8,16635.2,17.0,2,5
1783013538.865,1380.481,299.8,79.14,100,46,89,1.9,4.3,289.1,79.15,100,45,85,20716.4,17107.7,283.2,79.15,100,39,90,1.9,7.6,271.0,79.14,100,42,86,4.4,17260.9,17.0,2,5
1783013539.313,1380.928,302.8,79.14,100,52,90,2.6,4.4,293.8,79.15,100,55,86,20492.9,16190.0,286.5,79.15,100,39,88,9.3,6.6,275.3,79.14,100,51,87,1.9,15038.1,17.0,2,5
1783013539.760,1381.375,301.2,79.14,100,48,89,8.2,8.3,295.3,79.15,100,47,85,20732.2,17116.0,288.3,79.15,100,46,90,2.1,4.7,277.7,79.14,100,42,85,1.9,14402.1,17.0,2,5
1783013540.209,1381.825,299.2,79.14,100,48,90,3.8,4.3,295.9,79.15,100,55,86,19559.0,14051.7,286.5,79.15,100,39,90,3503.9,4.7,278.9,79.14,100,45,87,2.0,7413.9,17.0,2,5
1783013540.651,1382.266,300.8,79.14,100,50,90,3.6,4.8,294.6,79.15,100,47,87,20718.2,17111.0,286.7,79.15,100,42,90,7.1,11.0,276.5,79.14,100,40,86,6934.3,14943.2,17.0,2,5
1783013541.102,1382.717,298.9,79.14,100,42,90,18139.7,9316.0,290.7,79.15,100,40,85,3.0,5.7,286.1,79.15,100,35,89,20759.6,17194.4,271.4,79.14,100,38,86,4.8,5.9,17.0,2,5
1783013541.542,1383.157,296.6,79.14,100,47,90,3.8,17450.8,289.0,79.15,100,47,85,20704.7,7724.3,286.1,79.15,100,35,89,20956.8,7880.5,271.4,79.14,100,38,86,20763.0,17184.3,20.0,2,4
1783013541.982,1383.597,296.6,79.14,100,47,90,20709.5,17110.0,289.0,79.15,100,47,85,2.7,4.1,278.8,79.15,98,34,90,2.7,3.5,267.1,79.14,98,14,87,20314.0,16040.3,20.0,2,4
1783013542.426,1384.041,293.4,79.14,100,56,91,2.5,4.3,283.4,79.15,100,48,86,845.3,16466.3,278.5,79.15,100,44,90,20750.9,4.6,269.3,79.14,100,43,86,2.7,4.4,20.0,2,4
1783013542.868,1384.483,296.6,79.14,100,57,90,20706.3,5.1,291.2,79.15,100,46,86,1.9,4.7,285.6,79.15,100,41,90,14111.6,13327.1,279.8,79.14,100,43,86,8186.8,4.8,20.0,2,4
1783013543.310,1384.925,298.6,79.14,100,48,90,18692.7,1191.0,300.3,79.15,100,46,86,2.3,1238.7,292.8,79.15,100,44,90,17670.6,17197.4,283.8,79.14,100,39,87,2.8,11.3,20.0,2,4
1783013543.755,1385.370,297.6,79.14,100,41,90,5377.1,13460.4,294.3,79.15,100,44,86,14611.6,11.4,286.2,79.15,100,37,90,2.2,17219.2,276.8,79.14,100,37,86,20746.1,6.3,20.0,2,4
1783013544.201,1385.816,296.2,79.14,100,44,90,2.0,5.1,287.7,79.15,100,43,86,10636.3,13773.0,276.4,79.15,100,28,89,12757.0,5.0,268.8,79.14,100,38,87,3.6,5371.8,20.0,2,4
1783013544.643,1386.258,296.6,79.14,100,46,90,4.5,7393.4,287.8,79.15,100,47,86,16121.5,12792.3,279.2,79.15,100,44,90,6.9,9.9,270.5,79.14,100,40,86,3433.1,14355.2,20.0,2,4
1783013545.088,1386.703,302.5,79.14,100,56,90,8226.5,13812.8,292.2,79.15,100,50,85,15553.1,4.7,284.3,79.15,100,37,89,3.3,238.5,271.9,79.14,100,39,86,19706.9,17195.8,20.0,2,4
1783013545.531,1387.146,302.5,79.14,100,56,90,6877.6,13905.4,295.1,79.15,100,46,86,16635.5,5.0,284.3,79.15,100,37,89,4.1,3.9,271.9,79.14,100,39,86,19953.4,17194.0,20.0,2,4
1783013545.972,1387.588,301.9,79.14,100,47,90,5425.2,13445.0,295.1,79.15,100,46,86,17332.0,4.6,283.6,79.15,100,37,88,2.7,3.9,276.9,79.14,100,48,87,20293.3,17201.7,20.0,2,4
1783013546.414,1388.030,299.1,79.14,100,55,90,20708.6,16435.0,292.5,79.15,100,47,85,35.5,4.8,286.4,79.15,100,38,90,1.8,11526.3,277.0,79.14,100,40,87,16102.6,8221.9,20.0,2,4
1783013546.855,1388.470,299.9,79.14,100,47,90,16147.9,7106.2,294.2,79.15,100,54,86,2.1,5.6,285.8,79.15,100,38,90,20761.2,15523.7,273.4,79.14,100,41,87,585.3,6.2,20.0,2,4
1783013547.297,1388.912,299.6,79.14,100,45,89,2.8,17110.3,293.8,79.15,100,44,86,18553.1,1754.2,280.8,79.15,100,35,88,2.2,2885.1,274.0,79.14,99,37,87,16863.4,16715.5,20.0,2,4
1783013547.738,1389.353,295.7,79.14,100,37,90,8.0,9.8,283.4,79.15,99,34,86,21567.5,16458.5,277.1,79.15,100,30,89,20748.5,17191.4,264.6,79.14,100,33,87,20750.4,15943.3,23.0,3,4
1783013548.189,1389.804,283.7,79.14,100,41,90,20705.6,3.8,273.2,79.15,100,52,86,2.7,9.6,267.0,79.15,100,47,89,1094.0,16725.2,258.7,79.14,100,52,87,20754.5,4.7,23.0,3,4
1783013548.631,1390.246,289.3,79.14,100,51,90,1.9,14967.9,284.8,79.15,100,61,86,16960.8,4362.0,276.5,79.15,100,41,88,4.6,7.5,274.9,79.14,100,56,87,11025.4,14332.9,23.0,3,4
1783013549.080,1390.696,301.6,79.14,100,60,90,1.9,4.6,301.6,79.15,100,62,86,17611.3,14275.5,296.2,79.15,100,41,88,4700.2,5.5,283.6,79.14,100,51,87,2.7,4257.9,23.0,3,4
1783013549.524,1391.139,301.6,79.14,100,60,90,10.1,2157.6,294.3,79.15,100,46,85,18179.5,16321.4,296.2,79.15,100,41,88,2.5,5.8,283.6,79.14,100,51,87,19173.9,15687.6,23.0,3,4
1783013549.968,1391.584,296.1,79.14,99,47,89,12845.4,5.7,294.3,79.15,100,46,85,2.9,17113.5,289.4,79.15,100,35,90,20749.7,5.7,277.5,79.14,100,38,87,2.1,10289.9,23.0,3,4
1783013550.415,1392.030,296.0,79.14,100,44,90,20709.6,17108.8,292.0,79.15,100,45,86,2.1,5.1,279.9,79.15,100,36,89,1.9,17221.3,270.0,79.14,100,36,87,20753.3,5.6,23.0,3,4
1783013550.856,1392.471,298.4,79.14,100,46,90,17709.8,3341.7,288.3,79.15,100,47,86,2.0,4.8,277.2,79.15,100,38,88,11951.2,15467.4,267.3,79.14,100,39,86,7872.7,5.3,23.0,3,4
1783013551.298,1392.914,298.9,79.14,100,45,90,12919.5,4.7,289.8,79.15,100,45,86,2.8,837.1,282.8,79.15,100,38,89,18248.1,17198.0,274.3,79.14,100,45,87,3.6,4.7,23.0,3,4
1783013551.740,1393.355,300.5,79.14,100,56,90,20708.5,8.6,291.8,79.15,100,47,85,9.0,6.1,286.8,79.15,100,39,89,20776.3,17200.8,276.0,79.14,100,42,86,2.0,4.8,23.0,3,4
1783013552.186,1393.801,300.6,79.14,100,48,90,20704.8,5.1,294.9,79.15,100,47,86,1.9,4.6,286.8,79.15,100,40,89,18160.5,14187.1,277.9,79.14,100,46,87,4674.6,4.9,23.0,3,4
1783013552.627,1394.242,299.9,79.14,100,52,90,20704.8,4.5,294.7,79.15,100,46,85,1.8,4.6,285.0,79.15,100,38,89,20771.9,17199.8,275.7,79.14,100,41,86,12.4,9.5,23.0,3,4
1783013553.074,1394.690,300.0,79.14,100,48,90,8335.6,5.1,293.6,79.15,100,48,86,1.9,11918.5,284.0,79.15,100,38,88,17723.5,6448.3,275.3,79.14,100,42,87,2.6,10.9,23.0,3,4
1783013553.515,1395.131,300.0,79.14,100,48,90,2.0,17115.5,293.4,79.15,100,44,86,20703.7,11.2,284.0,79.15,100,38,88,2.2,16663.0,275.3,79.14,100,42,87,19468.6,1063.2,23.0,3,4
1783013553.960,1395.576,298.8,79.14,100,45,90,7.0,5.9,293.4,79.15,100,44,86,27776.5,8893.8,280.2,79.15,100,35,89,20746.9,17183.8,273.4,79.14,100,36,87,3950.9,17215.1,26.0,3,3
1783013554.408,1396.023,298.0,79.14,100,41,90,13579.5,12924.2,284.3,79.15,98,41,86,11139.3,4.1,277.4,79.15,98,15,91,2.6,4.1,261.4,79.14,100,9,86,10667.7,12963.9,26.0,3,3
1783013554.850,1396.465,293.5,79.14,100,50,90,3.6,4.3,285.7,79.15,100,60,86,3.4,17146.9,278.7,79.15,100,41,88,20721.6,5.4,271.9,79.14,100,55,87,6.6,4.6,26.0,3,3
1783013555.293,1396.909,294.5,79.14,100,49,90,17177.5,2834.3,294.7,79.15,100,59,86,1.9,4.8,284.8,79.15,100,40,90,10336.1,13146.3,281.8,79.14,100,56,87,13873.9,4.8,26.0,3,3
1783013555.734,1397.349,300.1,79.14,100,53,90,16283.3,12191.8,298.8,79.15,100,50,86,10.5,23.1,293.1,79.15,100,36,89,19695.2,17188.3,279.8,79.14,100,39,86,2.9,5.9,26.0,3,3
1783013556.182,1397.798,297.8,79.14,100,46,90,2.6,17115.2,293.9,79.15,100,45,86,20703.3,5.7,286.2,79.15,100,35,88,2.6,9507.0,274.2,79.14,100,35,85,16185.3,10170.6,26.0,3,3
1783013556.624,1398.239,294.6,79.14,100,37,90,3.0,5.5,286.4,79.15,100,41,86,1941.1,15453.7,278.8,79.15,100,36,89,20752.0,8.1,268.7,79.14,100,40,85,7.3,3382.8,26.0,3,3
1783013557.069,1398.685,299.0,79.14,100,55,90,2.7,4.4,286.9,79.15,100,52,86,20719.9,17109.4,280.2,79.15,100,37,89,2.1,5.0,269.3,79.14,100,39,85,2.3,17238.1,26.0,3,3
1783013557.511,1399.126,299.0,79.14,100,55,90,2.0,13614.9,294.4,79.15,100,45,86,16182.6,6502.7,280.2,79.15,100,37,89,2.2,5.0,269.3,79.14,100,39,85,8873.2,13342.2,26.0,3,3
1783013557.954,1399.569,299.8,79.14,100,46,90,6.8,5736.0,294.4,79.15,100,45,86,16243.0,11027.0,281.2,79.15,100,37,88,4.3,4.8,276.7,79.14,100,46,87,1080.3,16772.6,26.0,3,3
1783013558.399,1400.014,299.1,79.14,100,55,90,2.2,3.9,291.7,79.15,100,46,85,20224.6,17110.0,285.3,79.15,100,38,89,2.7,4.8,276.2,79.14,100,40,86,3.1,16426.6,26.0,3,3
1783013558.841,1400.456,299.9,79.14,100,48,90,2.3,4973.6,293.8,79.15,100,47,86,16270.4,15156.7,287.7,79.15,100,42,89,3.3,5.0,277.4,79.14,100,41,87,1088.9,16531.1,26.0,3,3
1783013559.287,1400.902,300.1,79.14,100,58,90,1.9,15325.4,293.3,79.15,100,48,85,16176.9,4702.8,285.0,79.15,100,37,89,2.1,5.4,275.6,79.14,100,39,87,20771.2,17216.5,26.0,3,3
1783013559.728,1401.344,299.9,79.14,100,46,90,17350.9,12.8,290.8,79.15,99,43,86,1958.6,15485.5,284.4,79.15,100,36,89,20748.2,5.9,270.5,79.14,100,39,86,2.2,14241.7,26.0,3,3
1783013560.182,1401.797,296.4,79.14,100,36,90,16894.7,14274.9,287.4,79.15,100,40,86,2.1,6.7,278.0,79.15,100,30,89,20824.5,17199.5,268.4,79.14,100,36,86,20744.3,17190.7,29.0,4,3
1783013560.624,1402.239,287.1,79.14,100,53,90,2.9,17114.0,278.9,79.15,100,64,86,20705.6,4.8,268.5,79.15,100,45,90,1.9,7.0,264.6,79.14,100,55,87,1101.2,14780.8,29.0,4,3
1783013561.075,1402.691,292.4,79.14,100,59,90,2.4,4.4,290.0,79.15,100,65,86,2.6,17158.6,278.5,79.15,100,41,89,19539.8,959.6,274.5,79.14,100,55,87,3.3,4.5,29.0,4,3
1783013561.519,1403.134,292.4,79.14,100,59,90,19838.2,741.5,301.3,79.15,100,52,85,2.0,4.9,278.5,79.15,100,41,89,13451.3,14452.3,274.5,79.14,100,55,87,9318.9,5.1,29.0,4,3
1783013561.960,1403.575,302.9,79.14,100,65,90,17715.8,5672.1,301.3,79.15,100,52,85,3.0,5.4,296.1,79.15,100,41,89,20772.2,17194.2,284.5,79.14,100,43,86,2.9,5.9,29.0,4,3
1783013562.403,1404.018,297.0,79.14,100,47,89,2.7,17116.3,294.7,79.15,100,46,86,20702.9,5.6,288.6,79.15,100,36,88,2.6,11082.4,277.3,79.14,100,36,87,17879.6,7551.3,29.0,4,3
1783013562.843,1404.459,295.9,79.14,100,46,90,2.1,4.9,292.5,79.15,100,44,86,1711.2,15691.2,280.1,79.15,100,36,88,20194.8,5.5,269.8,79.14,100,38,85,5.2,5186.1,29.0,4,3
1783013563.291,1404.906,299.1,79.14,100,48,90,1.9,3.8,286.1,79.15,100,48,86,20223.4,17107.8,278.6,79.15,100,37,89,2.6,4.7,265.8,79.14,100,40,85,1.9,17256.6,29.0,4,3
1783013563.732,1405.348,299.0,79.14,100,45,90,3.2,13020.0,289.6,79.15,100,44,86,20707.4,7.0,281.0,79.15,100,37,88,2.5,4.8,275.3,79.14,100,52,87,20775.7,16002.6,29.0,4,3
1783013564.182,1405.797,300.3,79.14,100,54,90,1.9,13523.2,293.5,79.15,100,47,86,17430.1,5370.7,287.7,79.15,100,41,90,2.7,5.2,278.4,79.14,100,42,87,3126.9,14878.2,29.0,4,3
1783013564.625,1406.240,300.1,79.14,100,48,90,1.8,4081.3,296.0,79.15,100,48,86,18008.4,14254.0,288.2,79.15,100,39,88,2.8,7.7,278.8,79.14,100,49,87,2096.4,14278.7,29.0,4,3
1783013565.078,1406.694,300.8,79.14,100,54,90,1.9,17111.8,295.7,79.15,100,47,85,19425.9,1073.9,285.5,79.15,100,38,89,1.8,4.7,276.2,79.14,100,41,86,8368.9,14469.2,29.0,4,3
1783013565.521,1407.136,300.8,79.14,100,54,90,2.9,14508.6,294.2,79.15,100,49,86,17250.1,4655.4,285.5,79.15,100,38,89,1.9,5.3,276.2,79.14,100,41,86,14487.6,14486.0,29.0,4,3
1783013565.963,1407.578,299.8,79.14,100,49,90,24673.9,5.8,294.2,79.15,100,49,86,2.2,8322.2,286.9,79.15,100,41,89,18083.6,9924.3,276.7,79.14,100,43,87,2.5,10.6,29.0,4,3
1783013566.421,1408.037,297.9,79.14,100,45,91,19916.9,14442.5,293.4,79.15,100,45,86,3128.1,6.0,282.2,79.15,100,33,89,2801.1,23315.3,276.5,79.14,100,37,87,9306.8,17206.7,32.0,4,2
1783013566.862,1408.477,297.9,79.14,100,45,90,3.5,4.4,288.1,79.15,100,41,86,2.0,8903.6,279.3,79.15,98,22,89,21024.9,6693.3,263.6,79.14,100,8,89,6.1,4.1,32.0,4,2
1783013567.307,1408.922,294.2,79.14,100,51,90,14942.2,12688.5,285.7,79.15,100,48,86,10258.3,6.3,278.2,79.15,100,52,90,2.7,4.1,270.0,79.14,99,46,87,20800.0,16211.4,32.0,4,2
1783013567.748,1409.364,294.6,79.14,100,49,90,8.3,10.4,292.3,79.15,100,48,86,20736.0,17111.3,286.7,79.15,100,44,89,3.8,4.9,281.0,79.14,100,48,87,2.5,12779.6,32.0,4,2
1783013568.195,1409.810,300.5,79.14,100,49,90,2.5,4.5,299.3,79.15,100,53,86,17645.9,13126.3,291.2,79.15,100,36,88,6215.4,11.1,280.6,79.14,100,45,87,2.4,17246.1,32.0,4,2
1783013568.637,1410.252,297.7,79.14,100,45,90,16447.5,14216.3,294.0,79.15,100,45,86,2.2,6.0,286.3,79.15,100,36,89,20755.8,17195.4,272.9,79.14,100,33,87,9.3,10.4,32.0,4,2
1783013569.084,1410.699,295.8,79.14,100,40,90,2.2,17117.0,284.8,79.15,100,38,86,20702.7,5.3,278.7,79.15,100,35,89,2.5,3791.3,266.7,79.14,100,39,86,16354.9,15751.7,32.0,4,2
1783013569.525,1411.140,295.8,79.14,100,40,90,20708.9,17110.0,288.0,79.15,100,55,86,1.9,4.5,278.7,79.15,100,35,89,2.8,17237.2,266.7,79.14,100,39,86,17801.9,2167.2,32.0,4,2
1783013569.966,1411.581,298.9,79.14,100,49,90,16058.7,12297.5,288.0,79.15,100,55,86,2.9,5.4,279.8,79.15,100,38,89,12389.5,13421.1,270.3,79.14,100,45,87,11476.4,4.9,32.0,4,2
1783013570.409,1412.025,298.8,79.14,100,48,90,15695.0,9771.9,290.4,79.15,100,47,86,2.8,4.6,282.9,79.15,100,38,90,1082.3,16731.3,276.6,79.14,100,41,87,20756.3,4.8,32.0,4,2
1783013570.851,1412.466,301.2,79.14,100,55,90,20708.9,17109.0,292.4,79.15,100,56,86,4.2,4.5,286.2,79.15,100,38,89,3.8,13269.2,276.3,79.14,100,46,87,16819.3,5722.9,32.0,4,2
1783013571.293,1412.909,300.0,79.14,100,48,89,20707.0,17106.9,294.7,79.15,100,48,85,2.8,5.0,288.5,79.15,100,45,90,2.0,15477.2,276.7,79.14,100,39,86,16318.3,4248.0,32.0,4,2
1783013571.735,1413.350,299.6,79.14,100,54,90,20711.7,17112.4,294.5,79.15,100,56,86,6.5,6.9,285.1,79.15,100,38,88,490.8,16748.4,276.0,79.14,100,44,87,20745.9,5.3,32.0,4,2
1783013572.185,1413.800,299.6,79.14,100,46,90,542.1,5.9,293.1,79.15,100,46,86,6094.3,13781.6,280.7,79.15,100,36,88,17353.4,5.9,275.3,79.14,100,39,87,3.1,17233.5,32.0,4,2
1783013572.627,1414.243,296.9,79.14,100,43,90,16397.4,8926.4,288.7,79.15,100,37,86,2.2,5.3,279.1,79.15,100,32,88,20758.2,17194.7,268.5,79.14,100,32,86,10.2,9.9,35.0,5,2
1783013573.077,1414.692,287.0,79.14,100,29,89,17535.1,7312.9,277.3,79.15,100,43,86,3.1,4.5,269.9,79.15,100,54,90,1064.9,16768.2,259.7,79.14,100,46,87,20753.6,4.1,35.0,5,2
1783013573.518,1415.133,287.0,79.14,100,29,89,1.7,121.9,284.7,79.15,100,50,86,19209.5,17108.4,269.9,79.15,100,54,90,1.9,4.4,259.7,79.14,100,46,87,3.5,11592.9,35.0,5,2
1783013573.961,1415.576,291.5,79.14,100,51,90,3.4,9.3,284.7,79.15,100,50,86,3.4,11508.3,279.4,79.15,100,48,89,17000.6,7402.0,271.2,79.14,100,44,87,2.8,5.0,35.0,5,2
1783013574.402,1416.017,299.7,79.14,100,51,90,2254.7,4.8,300.3,79.15,100,62,86,2.8,8031.6,292.8,79.15,100,41,90,17689.6,10509.1,285.1,79.14,100,50,87,3.1,5.7,35.0,5,2
1783013574.843,1416.459,298.9,79.14,100,48,90,1818.1,15527.0,293.5,79.15,100,45,86,19954.9,5.9,291.3,79.15,100,35,89,2.7,17207.6,277.7,79.14,100,39,86,20248.4,355.1,35.0,5,2
1783013575.285,1416.900,295.7,79.14,100,44,90,2.9,5.4,288.1,79.15,100,45,86,20708.2,15978.5,282.3,79.15,100,34,89,46.7,5.5,272.8,79.14,100,34,87,2.9,17240.4,35.0,5,2
1783013575.726,1417.341,299.1,79.14,100,46,90,5.0,17117.7,288.4,79.15,100,45,86,20707.7,5.7,275.2,79.15,100,38,89,4.5,3.9,268.7,79.14,100,40,87,20298.0,17202.1,35.0,5,2
1783013576.176,1417.792,299.4,79.14,100,46,89,16049.6,14510.9,288.4,79.15,100,45,85,6940.9,10.2,281.6,79.15,100,39,89,9.4,15540.7,270.9,79.14,100,43,86,17446.4,3054.5,35.0,5,2
1783013576.623,1418.238,302.4,79.14,100,55,90,18560.8,14523.2,292.3,79.15,100,57,86,4200.6,4.6,286.5,79.15,100,39,89,2.1,9831.5,276.3,79.14,100,49,87,25818.5,1916.4,35.0,5,2
1783013577.074,1418.690,300.7,79.14,100,48,89,16898.3,14319.4,294.5,79.15,100,48,85,6480.6,4.4,288.7,79.15,100,46,90,4.3,718.8,278.1,79.14,100,42,86,18667.5,17199.3,35.0,5,2
1783013577.515,1419.131,300.7,79.14,100,48,89,737.2,16442.7,296.3,79.15,100,55,86,20705.9,4.8,288.7,79.15,100,46,90,1.9,4.4,278.1,79.14,100,42,86,20786.2,17208.0,35.0,5,2
1783013577.957,1419.572,299.2,79.14,100,48,90,2.3,17112.1,296.3,79.15,100,55,86,20668.6,5.1,286.5,79.15,100,38,90,4.3,4.7,280.2,79.14,100,46,87,15501.6,14538.3,35.0,5,2
1783013578.401,1420.017,301.4,79.14,100,52,90,15372.2,14647.0,293.4,79.15,100,47,86,7328.2,5.7,287.4,79.15,100,41,89,2.0,17221.1,275.9,79.14,100,40,86,20752.5,5.9,35.0,5,2
1783013578.842,1420.458,299.4,79.14,100,42,90,2.2,5.6,290.3,79.15,100,42,86,20707.8,17104.5,285.6,79.15,100,35,89,2.6,6.0,271.1,79.14,100,38,87,10485.2,15014.7,38.0,5,1
1783013579.287,1420.902,297.9,79.14,100,46,91,8945.7,4.4,288.4,79.15,100,48,87,1.8,4.4,279.8,79.15,100,33,89,20500.3,17201.2,268.0,79.14,98,17,88,4.3,5.4,38.0,5,1
1783013579.730,1421.345,293.2,79.14,100,59,90,17564.2,18910.9,282.9,79.15,100,48,86,8.8,6.8,278.2,79.15,100,42,90,1.8,554.1,269.3,79.14,100,44,85,19701.9,17208.2,38.0,5,1
1783013580.182,1421.798,296.8,79.14,100,56,90,3.8,1353.3,291.2,79.15,100,47,86,17694.9,17112.8,285.0,79.15,100,41,90,2.3,4.6,275.1,79.14,100,42,86,1.8,17185.9,38.0,5,1
1783013580.632,1422.247,300.8,79.14,100,50,91,1.9,4.7,300.9,79.15,100,46,86,20719.3,14645.8,291.6,79.15,100,43,90,1410.8,7.6,283.6,79.14,100,38,86,9.6,12521.4,38.0,5,1
1783013581.076,1422.692,297.8,79.14,100,43,90,16823.8,13491.4,294.0,79.15,100,45,86,7259.0,5.8,286.7,79.15,100,37,89,1072.0,16729.2,277.0,79.14,100,37,85,20751.8,5.8,38.0,5,1
1783013581.516,1423.131,297.8,79.14,100,43,90,3.0,5.3,287.4,79.15,100,43,86,20218.7,17104.7,286.7,79.15,100,37,89,2.1,5.6,277.0,79.14,100,37,85,11842.3,13259.6,38.0,5,1
1783013581.957,1423.572,296.9,79.14,100,45,90,20707.8,17114.2,287.4,79.15,100,43,86,3.5,4.8,278.5,79.15,100,30,89,3.4,17229.1,269.5,79.14,100,38,86,20752.1,5.1,38.0,5,1
1783013582.409,1424.024,297.5,79.14,100,46,90,16324.1,9130.7,288.6,79.15,100,47,86,3.8,4.6,280.1,79.15,100,45,89,1065.6,16748.6,270.3,79.14,100,39,86,20750.1,5.2,38.0,5,1
1783013582.849,1424.464,303.2,79.14,100,58,90,16068.2,16879.2,291.6,79.15,100,59,86,1.8,4.6,283.5,79.15,100,38,89,2.8,17232.3,272.6,79.14,100,40,86,20725.6,7.7,38.0,5,1
1783013583.293,1424.908,301.6,79.14,100,48,90,19499.6,13022.3,294.5,79.15,100,47,86,4925.3,4.6,285.6,79.15,100,45,90,9.4,3701.8,276.6,79.14,100,41,86,15908.6,16272.6,38.0,5,1
1783013583.734,1425.349,299.7,79.14,100,48,90,2696.9,15252.5,297.1,79.15,100,57,86,14380.7,7.1,286.4,79.15,100,38,90,1.9,191.3,280.2,79.14,100,49,87,19706.1,17191.4,38.0,5,1
1783013584.182,1425.798,300.5,79.14,100,48,90,3.4,17114.8,293.8,79.15,100,48,85,20705.1,4.9,288.5,79.15,100,46,90,2.8,4.6,276.1,79.14,100,40,86,20777.8,15429.4,38.0,5,1
1783013584.625,1426.240,299.2,79.14,100,46,90,20708.9,16412.2,295.2,79.15,100,48,86,21.6,5.2,285.1,79.15,100,37,89,322.5,17217.0,273.3,79.14,100,39,87,20754.6,10.9,38.0,5,1
1783013585.072,1426.687,300.9,79.14,100,46,90,4.5,5065.7,292.4,79.15,99,45,86,16810.2,14691.2,280.1,79.15,100,34,89,3.9,6.0,269.6,79.14,100,34,85,20760.1,17204.8,38.0,5,1
1783013585.513,1427.129,300.9,79.14,100,46,90,20708.5,17106.2,277.3,79.15,100,11,85,20704.9,5.4,280.1,79.15,100,34,89,2.6,4.5,269.6,79.14,100,34,85,7950.3,14678.7,41.0,6,1
1783013586.392,1428.007,292.0,79.14,100,64,90,20714.1,4.6,285.5,79.15,100,68,86,1.8,5.4,277.6,79.15,100,43,88,5998.4,14281.8,271.4,79.14,100,58,87,17333.3,4.4,41.0,6,1
1783013586.878,1428.493,295.2,79.14,100,64,90,2266.9,4.7,299.1,79.15,100,50,85,3.6,9122.5,297.1,79.15,100,41,89,18297.5,7572.0,282.6,79.14,100,44,86,2.0,4.8,41.0,6,1
1783013587.321,1428.937,297.5,79.14,100,46,90,2.4,9600.0,295.4,79.15,100,47,86,17935.8,8976.6,290.5,79.15,100,44,90,3.1,5.2,278.4,79.14,100,38,86,20281.2,17193.4,41.0,6,1
1783013587.763,1429.378,295.5,79.14,100,44,89,1604.7,6.2,293.3,79.15,100,42,86,14572.6,14829.4,280.1,79.15,100,33,89,7240.7,5.8,272.6,79.14,100,36,87,2.0,17241.8,41.0,6,1
1783013588.209,1429.825,298.3,79.14,100,46,90,13675.0,14669.8,286.3,79.15,100,46,86,8888.7,6.6,277.4,79.15,100,38,89,2.4,4624.2,266.0,79.14,100,40,86,17699.5,13929.7,41.0,6,1
1783013588.651,1430.267,299.5,79.14,100,47,90,20707.9,17114.2,288.5,79.15,100,46,86,2.4,9.5,280.7,79.15,100,38,88,5.1,15810.4,273.2,79.14,100,42,86,20758.8,7.8,41.0,6,1
1783013589.101,1430.716,300.6,79.14,100,57,90,20708.7,17107.5,291.2,79.15,100,49,86,2.8,4.6,287.1,79.15,100,39,89,2.7,15268.5,276.1,79.14,100,42,87,17196.6,3672.4,41.0,6,1
1783013589.543,1431.158,300.9,79.14,100,49,89,12764.8,14243.4,295.4,79.15,100,48,86,10416.2,4.6,287.1,79.15,100,39,89,2.5,506.6,276.1,79.14,100,42,87,19702.1,17216.3,41.0,6,1
1783013589.987,1431.602,300.9,79.14,100,49,89,5106.8,15865.6,295.4,79.15,100,48,86,15846.2,4.6,288.3,79.15,100,42,89,2.4,11.5,277.9,79.14,100,44,87,18503.7,16721.8,41.0,6,1
1783013590.437,1432.053,301.5,79.14,100,52,90,4950.4,14541.5,297.5,79.15,100,52,86,15349.6,5.3,287.3,79.15,100,38,89,1.9,10.9,279.3,79.14,100,41,86,19720.8,17194.9,41.0,6,1
1783013590.882,1432.497,298.8,79.14,100,48,90,13384.2,14480.9,295.6,79.15,100,48,86,9229.6,5.3,288.3,79.15,100,45,90,7.6,13831.8,278.2,79.14,100,41,86,18752.9,3593.7,41.0,6,1
1783013591.330,1432.946,298.7,79.14,100,50,90,3.7,5.9,294.6,79.15,100,48,85,17515.3,14513.8,285.5,79.15,100,36,89,4667.0,6.5,276.4,79.14,100,37,86,3.7,17235.1,41.0,6,1
1783013591.776,1433.391,298.7,79.14,100,43,90,20608.9,9359.9,288.3,79.15,100,44,86,20706.7,17102.3,282.6,79.15,100,36,89,18986.6,1411.6,270.8,79.14,100,39,86,1.8,4.5,43.0,6,0
1783013592.232,1433.847,292.9,79.14,100,51,89,20704.4,3.9,282.8,79.15,100,51,85,2.2,4.1,277.8,79.15,100,52,90,1080.3,16777.9,268.7,79.14,100,43,85,20753.9,4.6,43.0,6,0
1783013592.673,1434.289,295.1,79.14,100,49,90,3.1,17114.5,291.8,79.15,100,48,86,20712.9,8.6,285.1,79.15,100,51,90,11.4,9.6,275.8,79.14,100,42,86,17766.9,12600.7,43.0,6,0
1783013593.125,1434.740,301.9,79.14,100,50,90,2.6,705.0,302.5,79.15,100,49,86,18614.0,17108.6,291.8,79.15,100,43,89,2.4,4.8,285.1,79.14,100,44,87,1.8,17260.4,43.0,6,0
1783013593.568,1435.183,298.8,79.14,100,44,90,9312.6,13590.4,294.0,79.15,100,45,86,14792.3,5.5,289.2,79.15,100,34,89,4.2,15832.0,277.5,79.14,100,39,86,16247.2,3821.7,43.0,6,0
1783013594.008,1435.624,298.8,79.14,100,44,90,3.1,5.8,287.7,79.15,100,45,86,18820.8,13543.6,289.2,79.15,100,34,89,4436.5,5.9,277.5,79.14,100,39,86,4055.6,14166.6,43.0,6,0
1783013594.453,1436.068,295.9,79.14,100,45,90,20708.7,17109.8,287.7,79.15,100,45,86,2.4,12.0,282.2,79.15,100,33,90,10306.8,13523.4,268.8,79.14,100,33,86,13387.7,4.7,43.0,6,0
1783013594.896,1436.512,296.8,79.14,100,44,90,16145.5,5706.0,288.8,79.15,100,44,86,2.2,7.7,277.4,79.15,100,37,89,20014.0,12875.3,271.0,79.14,100,44,87,4550.5,4.6,43.0,6,0
1783013595.338,1436.953,300.8,79.14,100,47,90,20633.2,5.0,289.0,79.15,100,44,86,2.7,4.6,283.3,79.15,100,40,89,11589.5,13268.4,271.9,79.14,100,41,86,12475.6,4.6,43.0,6,0
1783013595.779,1437.394,301.6,79.14,100,49,90,17759.4,17107.8,294.4,79.15,100,48,86,4.3,4.7,285.6,79.15,100,40,88,4.6,17251.4,277.1,79.14,100,46,87,19995.1,720.6,43.0,6,0
1783013596.222,1437.837,302.4,79.14,100,56,90,11825.0,13033.5,296.8,79.15,100,53,86,12762.9,4.9,286.9,79.15,100,39,89,2.0,3866.6,279.3,79.14,100,42,86,16000.0,15990.6,43.0,6,0
1783013596.663,1438.279,299.1,79.14,100,47,91,1923.6,15435.3,294.0,79.15,100,47,86,20706.2,10.0,288.7,79.15,100,44,90,8.7,489.8,276.6,79.14,100,42,87,19722.4,17194.1,43.0,6,0
1783013597.109,1438.724,299.2,79.14,100,53,90,10142.3,13266.0,295.1,79.15,100,55,86,14089.6,7.5,285.0,79.15,100,37,88,2.5,16429.2,277.7,79.14,100,42,86,17242.9,2873.4,43.0,6,0
1783013597.551,1439.167,299.9,79.14,100,44,90,356.2,5.4,291.3,79.15,99,42,86,2734.6,14883.8,285.0,79.15,100,37,88,20430.6,6.1,277.7,79.14,100,42,86,4.8,17223.3,43.0,6,0
1783013597.993,1439.609,299.9,79.14,100,44,90,15333.1,2319.0,291.3,79.15,99,42,86,2795.3,2627.2,282.1,79.15,100,35,89,2739.4,2624.4,270.5,79.14,100,38,85,2684.3,2370.7,46.0,8,0
1783013598.436,1440.052,295.7,79.14,100,46,90,2580.5,2135.3,286.4,79.15,100,56,85,2834.0,3595.2,278.7,79.15,100,46,89,2803.9,3442.3,268.5,79.14,99,57,86,2853.2,3239.6,46.0,8,0
1783013598.881,1440.496,303.2,79.14,100,63,90,2602.4,2118.6,294.7,79.15,100,63,85,2834.8,4029.8,285.4,79.15,99,55,89,2829.7,3411.5,276.3,79.14,100,58,86,2738.5,3244.2,46.0,8,0
1783013599.325,1440.941,304.8,79.14,100,63,89,2540.0,2101.8,302.1,79.15,99,63,85,2815.5,3541.9,291.9,79.15,100,55,89,2822.7,3738.0,281.0,79.14,100,57,86,2744.6,3240.2,46.0,8,0
1783013599.766,1441.382,300.3,79.14,100,63,89,2689.7,2320.6,303.1,79.15,100,63,85,2792.4,3578.0,294.7,79.15,100,55,89,2823.9,3769.5,281.3,79.14,100,58,86,2720.8,3116.8,46.0,8,0
1783013600.214,1441.829,300.0,79.14,99,63,89,2560.2,2174.7,301.6,79.15,100,63,85,2824.3,3389.2,295.3,79.15,100,54,89,2822.7,3512.7,281.7,79.14,100,58,86,2733.4,3391.6,46.0,8,0
1783013600.658,1442.273,300.0,79.14,100,63,89,2560.3,2102.5,300.6,79.15,99,63,85,2808.6,3362.7,295.4,79.15,100,55,89,2868.7,3721.5,281.8,79.14,100,58,86,2732.0,3098.4,47.0,8,0
1783013601.104,1442.719,300.0,79.14,100,63,89,2560.2,2085.2,300.3,79.15,100,63,85,2820.0,3515.2,295.5,79.15,100,55,89,2811.6,3520.7,281.9,79.14,100,58,86,2764.3,3257.1,47.0,8,0
1783013601.545,1443.161,300.0,79.14,100,64,89,2539.9,2101.8,300.4,79.15,100,63,85,2787.8,3512.2,295.5,79.15,100,55,89,2813.6,3626.5,281.9,79.14,100,58,86,2751.5,3230.6,47.0,8,0
1783013601.987,1443.602,300.0,79.14,100,64,89,2585.6,2104.6,300.4,79.15,100,63,85,2806.2,3397.9,296.3,79.15,99,55,89,2839.5,3498.7,282.8,79.14,100,58,86,2776.6,3185.4,47.0,8,0
1783013602.429,1444.044,300.0,79.14,100,63,89,2522.7,2101.8,300.1,79.15,100,63,85,2794.2,3400.9,296.4,79.15,100,55,89,2816.1,3655.2,282.7,79.14,100,57,86,2749.2,3336.0,47.0,8,0
1783013602.871,1444.486,300.0,79.14,99,63,89,2519.9,2104.7,299.9,79.15,100,63,85,2805.8,3398.7,296.3,79.15,99,55,89,2814.9,3517.2,282.5,79.14,100,58,86,2731.1,3347.6,47.0,8,0
1783013603.313,1444.928,300.0,79.14,99,63,89,2540.1,2118.5,300.1,79.15,100,63,85,2788.1,3307.7,296.3,79.15,99,55,89,2816.9,3382.3,282.5,79.14,100,58,86,2742.3,3136.1,47.0,8,0
1783013603.755,1445.370,300.0,79.14,100,63,89,2627.9,2086.7,300.0,79.15,99,63,85,2885.0,3342.6,296.2,79.15,100,55,89,2831.3,3679.1,282.1,79.14,99,58,86,2741.7,3228.1,47.0,8,0
1783013604.201,1445.816,300.0,79.14,100,63,89,2602.4,2168.8,299.9,79.15,100,63,85,2798.1,3556.8,296.6,79.15,100,55,89,2844.2,3855.5,282.2,79.14,100,58,86,2754.2,3092.3,47.0,8,0
1783013604.648,1446.263,300.0,79.14,100,63,89,2539.9,2144.0,299.9,79.15,99,63,85,2792.7,3552.4,296.5,79.15,100,55,89,2820.4,4074.3,281.9,79.14,100,58,86,2809.9,3260.3,47.0,8,0
1783013605.101,1446.716,300.0,79.14,100,63,89,2563.6,2103.8,299.8,79.15,100,63,85,2776.6,3300.0,296.2,79.15,99,55,89,2837.2,3588.2,281.5,79.14,100,58,86,2736.9,3070.7,47.0,8,0
1783013605.542,1447.158,300.0,79.14,100,64,89,2560.2,2076.7,300.3,79.15,100,64,85,2782.6,3549.7,296.2,79.15,99,55,89,2840.4,3735.6,281.5,79.14,100,58,86,2758.1,3173.8,47.0,8,0
1783013605.986,1447.602,300.0,79.14,100,64,89,2525.5,2085.0,300.3,79.15,100,64,85,2793.8,3398.9,297.1,79.15,100,56,89,2807.7,3651.4,282.6,79.14,100,58,86,2775.1,3287.5,47.0,8,0
1783013606.429,1448.044,300.0,79.14,100,64,89,2580.4,2118.5,300.5,79.15,100,63,85,2822.6,3462.6,298.0,79.15,100,56,89,2809.8,3761.6,283.5,79.14,100,58,86,2755.2,3212.2,47.0,8,0
1783013606.872,1448.487,300.0,79.14,99,63,89,2540.2,2118.6,299.9,79.15,100,63,85,2802.2,3372.6,297.6,79.15,100,55,89,2891.7,3627.0,283.0,79.14,100,58,86,2765.5,3195.6,47.0,8,0
1783013607.314,1448.929,300.0,79.14,100,63,89,2520.8,2085.1,299.7,79.15,100,63,85,2791.7,3348.0,296.9,79.15,100,55,89,2835.0,3626.3,282.3,79.14,100,58,86,2747.5,3152.7,47.0,8,0
1783013607.756,1449.371,300.0,79.14,100,63,89,2808.1,2119.1,299.9,79.15,99,63,85,2807.9,3285.5,297.0,79.15,100,55,89,2823.2,3664.9,282.8,79.14,100,58,86,2726.6,3080.6,47.0,8,0
1783013608.202,1449.817,299.9,79.14,100,63,89,2602.9,2101.0,300.0,79.15,100,63,85,2795.1,3470.3,296.9,79.15,100,55,89,2810.3,3669.4,282.6,79.14,99,58,86,2754.1,3372.2,47.0,8,0
1783013608.644,1450.260,300.0,79.14,100,64,89,2553.2,2101.8,299.9,79.15,100,63,85,2772.6,3507.0,296.7,79.15,100,55,89,2970.8,3556.1,282.3,79.14,100,58,86,2834.6,3182.1,47.0,8,0
1783013609.106,1450.722,300.0,79.14,100,64,89,2540.5,2101.9,299.8,79.15,100,63,85,2788.7,3468.8,296.4,79.15,100,55,89,2830.7,3443.2,282.2,79.14,99,58,86,2742.6,3129.2,47.0,8,0
1783013609.549,1451.165,300.0,79.14,100,63,89,2582.3,2124.8,300.1,79.15,100,63,85,2777.9,3412.8,296.4,79.15,100,55,89,2843.5,3546.5,282.2,79.14,99,58,86,2761.5,3209.5,47.0,8,0
1783013609.990,1451.605,300.0,79.14,100,63,89,2541.5,2101.8,300.1,79.15,100,63,85,2780.8,3466.5,296.9,79.15,99,55,89,2835.8,3661.8,282.4,79.14,100,58,86,2758.9,3340.6,47.0,8,0
1783013610.432,1452.047,300.0,79.14,100,64,89,2458.1,2066.5,300.3,79.15,100,63,85,2727.6,3308.5,297.7,79.15,100,55,89,2774.9,3698.5,283.0,79.14,100,58,86,2719.4,3212.5,47.0,8,0
1783013610.877,1452.492,300.0,79.14,100,64,89,2358.9,1978.7,300.2,79.15,100,64,85,2690.0,3524.5,297.9,79.15,100,55,89,3053.2,3659.8,283.2,79.14,100,58,86,2957.0,3421.7,47.0,8,0
1783013611.322,1452.937,300.0,79.14,100,63,89,2550.3,2152.0,300.0,79.15,99,63,85,2786.0,3421.4,297.8,79.15,100,55,89,2797.8,3490.2,283.6,79.14,100,58,86,2728.0,3079.8,47.0,8,0
1783013611.766,1453.382,300.0,79.14,100,63,89,2647.0,2135.7,299.8,79.15,100,63,85,2774.1,3514.2,297.4,79.15,100,55,89,2836.9,3732.9,283.5,79.14,100,58,86,2755.1,3370.5,47.0,8,0
1783013612.210,1453.825,300.0,79.14,100,64,89,2415.2,2151.9,299.9,79.15,100,63,85,2685.2,3411.5,297.4,79.15,100,55,89,2744.7,3660.3,283.7,79.14,99,58,86,2628.4,3139.3,47.0,8,0
1783013612.654,1454.269,300.0,79.14,100,63,89,2498.9,2066.5,300.0,79.15,99,63,85,2892.7,3439.4,297.7,79.15,100,54,89,2921.6,4015.3,283.7,79.14,100,58,86,2794.2,3153.5,47.0,8,0
1783013613.104,1454.719,300.0,79.14,100,64,89,2521.3,2135.9,300.0,79.15,100,64,85,2771.1,3497.7,298.0,79.15,100,56,89,2820.2,3438.6,283.2,79.14,100,58,86,2756.7,3236.1,47.0,8,0
1783013613.546,1455.161,300.0,79.14,100,64,89,2560.1,2091.1,300.1,79.15,100,63,85,2798.9,3491.9,298.0,79.15,100,56,89,2857.9,3767.1,283.2,79.14,100,58,86,2764.2,3306.3,47.0,8,0
1783013613.989,1455.604,300.0,79.14,100,64,89,2533.4,2085.1,300.1,79.15,100,63,85,2812.0,3390.8,298.0,79.15,100,55,89,2827.5,3696.9,283.1,79.14,100,58,86,2774.1,3153.3,47.0,8,0
1783013614.436,1456.052,300.0,79.14,100,64,89,2682.0,2118.7,300.0,79.15,100,64,85,2790.8,3416.3,297.7,79.15,99,55,89,2823.6,3501.6,282.9,79.14,100,58,86,2782.5,3273.7,47.0,8,0
1783013614.882,1456.497,300.0,79.14,100,63,89,2581.2,2101.9,299.9,79.15,100,63,85,2824.0,3711.0,297.7,79.15,100,55,89,3155.9,3761.7,282.8,79.14,100,58,86,2760.7,3163.4,48.0,8,0
1783013615.331,1456.946,300.0,79.14,99,63,89,2526.7,2101.8,300.1,79.15,100,63,85,2804.1,3407.7,298.0,79.15,100,55,89,2821.6,3527.2,282.9,79.14,100,58,86,2746.2,3146.5,48.0,8,0
1783013615.773,1457.388,300.0,79.14,100,63,89,2542.4,2107.3,300.0,79.15,100,63,85,2818.1,3355.4,297.6,79.15,100,55,89,2837.8,3551.5,282.5,79.14,100,58,86,2751.1,3288.0,48.0,8,0
1783013616.217,1457.833,300.0,79.14,99,63,89,2560.2,2118.6,299.8,79.15,100,63,85,2802.5,3386.6,297.2,79.15,100,55,89,2823.9,3602.5,281.8,79.14,100,58,86,2745.6,3128.1,48.0,8,0
1783013616.660,1458.275,300.0,79.14,100,63,89,2565.1,2110.5,299.9,79.15,100,63,85,2774.4,4191.5,297.2,79.15,100,55,89,2931.9,3621.0,281.9,79.14,100,58,86,3237.8,3259.9,48.0,8,0
1783013617.115,1458.731,300.0,79.14,99,63,89,2519.5,2108.4,300.1,79.15,99,63,85,2741.1,3344.5,297.7,79.15,100,55,89,2837.0,3778.4,282.6,79.14,99,58,86,2752.5,3284.1,48.0,8,0
1783013617.558,1459.173,300.0,79.14,99,64,89,2560.2,2093.1,300.4,79.15,100,64,85,2790.6,3474.2,297.7,79.15,100,55,89,2849.3,3717.8,284.0,79.14,100,58,86,2760.9,3199.6,48.0,8,0
1783013618.001,1459.616,300.0,79.14,99,64,89,2541.7,2101.7,300.4,79.15,100,64,85,2801.2,3480.4,298.5,79.15,100,56,89,2837.6,3630.0,284.0,79.14,100,58,86,2751.3,3154.7,48.0,8,0
1783013618.442,1460.057,300.0,79.14,99,63,89,2580.5,2118.6,300.0,79.15,100,63,85,2814.9,3844.7,298.4,79.15,100,55,89,2828.3,3647.0,283.8,79.14,100,58,86,2745.4,3107.6,48.0,8,0
1783013618.888,1460.503,300.0,79.14,100,63,89,2953.1,2325.4,299.6,79.15,100,63,85,2806.2,3250.0,297.5,79.15,99,55,89,2803.2,3654.2,282.7,79.14,100,58,86,2733.6,3168.4,48.0,8,0
1783013619.338,1460.953,300.0,79.14,100,63,89,2557.3,2068.3,299.7,79.15,100,63,85,2781.9,3446.8,297.2,79.15,100,55,89,2839.1,3613.4,282.4,79.14,100,58,86,2733.2,3195.4,48.0,8,0
1783013619.780,1461.396,300.0,79.14,100,64,89,2.8,10.2,300.2,79.15,100,63,85,20709.0,17102.2,298.1,79.15,100,55,89,20747.7,17191.9,280.0,79.14,74,43,86,20754.7,17182.7,,,
1783013621.199,1462.815,303.7,79.14,99,50,90,3.6,4.5,301.0,79.15,99,59,86,3.4,17157.5,293.2,79.15,100,41,88,20750.6,5.4,287.2,79.14,100,51,87,2.7,4.6,48.0,8,0
1783013621.643,1463.258,299.2,79.14,99,55,90,3.1,1722.5,293.8,79.15,100,46,85,18078.0,16629.6,290.6,79.15,100,36,90,5.7,11.9,278.2,79.14,100,38,85,17023.5,15102.4,48.0,8,0
1783013622.091,1463.706,294.8,79.14,100,43,90,4964.6,5.7,288.5,79.15,100,45,86,492.9,17114.2,283.3,79.15,100,34,90,20752.0,6.0,269.7,79.14,100,37,86,2.3,15661.3,48.0,8,0
1783013622.534,1464.149,294.8,79.14,100,43,90,8634.6,16119.5,288.9,79.15,100,45,86,10160.3,5.5,283.3,79.15,100,34,90,3.5,17220.6,269.7,79.14,100,37,86,20749.0,5.3,48.0,8,0
1783013622.979,1464.594,296.2,79.14,99,46,90,17875.6,16316.1,288.9,79.15,100,45,86,2.1,5.5,276.9,79.15,100,38,89,12628.0,14919.8,270.3,79.14,100,39,87,9884.4,4.7,48.0,8,0
1783013623.426,1465.041,300.7,79.14,100,47,90,20705.2,4.6,289.6,79.15,100,45,86,1.9,4.7,283.5,79.15,100,37,90,20767.2,16068.4,271.7,79.14,100,42,86,35.1,6.6,48.0,8,0
1783013623.875,1465.490,302.6,79.14,100,54,90,20705.9,4.5,294.0,79.15,99,55,86,2.6,5.0,286.5,79.15,100,39,89,20778.8,17196.9,275.5,79.14,100,48,87,2.0,4.8,48.0,8,0
1783013624.318,1465.933,300.7,79.14,100,47,90,20707.9,4.7,295.2,79.15,100,46,86,2.0,4.7,285.7,79.15,100,43,90,20767.1,17197.0,277.2,79.14,100,42,87,1.9,4.8,48.0,8,0
1783013624.760,1466.375,299.2,79.14,100,50,90,15533.5,4.8,293.6,79.15,99,51,86,5.8,272.6,285.2,79.15,100,37,89,18969.8,17200.7,276.7,79.14,100,42,86,3.6,5.0,48.0,8,0
1783013625.206,1466.822,299.8,79.14,100,47,89,4.6,5.4,294.5,79.15,99,47,86,6377.8,14721.2,283.9,79.15,100,43,90,15742.4,5.5,275.7,79.14,100,39,87,2.1,13159.4,48.0,8,0
1783013625.653,1467.268,297.1,79.14,100,45,91,17915.1,11213.4,291.6,79.15,100,45,86,2.2,8.2,282.8,79.15,100,31,89,20897.0,15997.6,275.2,79.14,100,36,87,10.8,8.3,48.0,8,0
1783013626.106,1467.721,298.1,79.14,100,44,90,5135.0,17178.3,287.1,79.15,99,41,86,14424.5,14449.7,275.8,79.15,98,21,91,20254.9,13331.1,262.4,79.14,100,8,89,5564.3,4.5,48.0,8,0
1783013626.547,1468.162,294.0,79.14,100,51,90,5718.2,12877.4,285.5,79.15,100,50,86,18824.3,4.3,275.8,79.15,98,21,91,9.7,4.9,262.4,79.14,100,8,89,13824.7,12207.0,48.0,8,0
1783013626.997,1468.612,294.0,79.14,100,51,90,1.8,10.4,285.5,79.15,100,50,86,14969.2,13035.8,277.7,79.15,100,51,90,9212.8,4.4,269.1,79.14,100,45,87,1.8,3.7,48.0,8,0
1783013627.446,1469.061,295.3,79.14,100,49,89,5121.7,4.5,291.8,79.15,100,47,86,2.7,3213.6,289.7,79.15,100,44,89,16398.2,16527.5,281.9,79.14,100,48,87,4.6,4.7,48.0,8,0
1783013627.890,1469.505,301.1,79.14,100,48,90,2.1,5.6,300.6,79.15,100,54,86,7955.7,13488.6,292.2,79.15,100,37,89,15559.4,8.0,281.1,79.14,100,45,87,2.6,16438.1,48.0,8,0
1783013628.333,1469.948,298.2,79.14,100,46,89,16547.4,12940.9,294.0,79.15,100,46,86,2.8,5.9,285.4,79.15,100,37,89,20757.6,15711.3,273.9,79.14,99,34,87,378.5,6.0,48.0,8,0
1783013628.774,1470.390,295.9,79.14,100,41,90,5.1,6.9,285.6,79.15,99,38,86,20705.1,17104.4,279.3,79.15,100,34,89,2.1,6.5,267.2,79.14,100,40,85,7485.8,13817.1,48.0,8,0
1783013629.221,1470.837,299.3,79.14,100,48,90,2.5,10135.2,289.8,79.15,100,57,86,16013.6,10016.2,279.7,79.15,100,38,91,2.1,5.4,270.7,79.14,100,44,87,19795.9,13074.9,48.0,8,0
1783013629.664,1471.280,299.1,79.14,100,49,89,1.7,17058.5,292.2,79.15,100,46,85,20704.2,7.4,285.6,79.15,100,37,90,9.3,7.0,277.2,79.14,100,40,87,20787.4,17210.7,48.0,8,0
1783013630.110,1471.725,301.1,79.14,100,47,90,4.3,17115.3,295.1,79.15,100,53,86,17223.2,2507.8,285.7,79.15,100,37,89,4.4,5.0,275.8,79.14,100,48,87,13571.0,13093.9,48.0,8,0
1783013630.554,1472.169,301.0,79.14,100,48,89,1.8,8071.0,293.8,79.15,100,47,85,16172.4,12215.0,285.7,79.15,100,37,89,3.0,5.0,275.8,79.14,100,48,87,10881.1,13853.0,48.0,8,0
1783013631.003,1472.618,301.0,79.14,100,48,89,3.6,17112.3,293.8,79.15,100,47,85,20707.1,5.2,287.0,79.15,100,45,90,4.1,10.6,276.2,79.14,100,40,86,20787.4,15819.7,48.0,8,0
1783013631.449,1473.064,298.9,79.14,100,48,90,20708.1,14297.8,293.7,79.15,100,55,86,1836.1,5.5,284.3,79.15,100,38,89,490.2,17034.8,274.9,79.14,100,44,87,20748.6,5.5,48.0,8,0
1783013631.892,1473.507,298.9,79.14,100,46,91,2.1,5.7,292.9,79.15,100,45,86,20709.4,17105.6,282.4,79.15,100,36,89,8.1,6.1,274.7,79.14,100,38,87,14331.2,13495.9,48.0,8,0
1783013632.337,1473.952,297.1,79.14,100,43,90,17390.6,17089.5,290.0,79.15,100,39,86,16691.7,17034.7,279.1,79.15,100,31,89,16423.4,16706.6,268.4,79.14,100,30,86,17404.4,12412.5,6.0,0,7
1783013632.778,1474.393,287.4,79.14,100,25,90,5.7,15670.0,275.7,79.15,100,41,86,18816.0,1532.4,269.5,79.15,100,54,90,2.3,4.1,258.9,79.14,100,46,87,1.7,17313.2,6.0,0,7
1783013633.226,1474.842,291.3,79.14,100,51,89,2.7,4.3,284.8,79.15,100,49,86,2.2,17163.6,278.7,79.15,100,49,90,20753.8,4.9,272.2,79.14,100,43,87,1.9,5.3,6.0,0,7
1783013633.670,1475.285,304.1,79.14,100,49,90,19811.4,4.6,301.0,79.15,100,61,86,8.4,9.7,292.9,79.15,100,41,90,20085.6,16726.3,285.4,79.14,100,50,87,9.2,10.4,6.0,0,7
1783013634.118,1475.733,299.0,79.14,100,49,90,3.8,5.6,294.6,79.15,100,47,85,15115.0,14934.9,291.6,79.15,100,35,90,6850.5,5.6,276.7,79.14,100,38,86,2.0,17241.4,6.0,0,7
1783013634.561,1476.176,295.7,79.14,100,45,89,18093.7,3524.3,288.1,79.15,100,46,86,3.1,1662.2,291.6,79.15,100,35,90,18403.4,16241.6,268.9,79.14,100,34,87,4.1,6.2,6.0,0,7
1783013635.002,1476.618,295.7,79.14,100,45,89,2.4,12121.7,288.1,79.15,100,46,86,17711.2,6671.6,282.4,79.15,100,35,89,4.5,5.4,268.9,79.14,100,34,87,20777.5,17208.1,6.0,0,7
1783013635.448,1477.063,297.2,79.14,100,45,90,8071.9,14919.0,288.6,79.15,100,47,86,14320.6,5.0,275.5,79.15,100,37,90,2.5,5903.9,267.0,79.14,100,40,87,17862.1,12421.2,6.0,0,7
1783013635.890,1477.505,298.9,79.14,100,45,90,16804.1,14384.2,288.9,79.15,100,44,86,6406.7,7.4,281.2,79.15,100,39,90,6.2,3002.7,270.7,79.14,100,43,87,17729.8,15617.0,6.0,0,7
1783013636.332,1477.947,302.4,79.14,100,56,90,1.7,17118.0,292.3,79.15,100,56,86,20705.7,4.8,286.3,79.15,100,39,89,2.8,4.9,277.0,79.14,100,46,87,18259.8,14237.9,6.0,0,7
1783013636.774,1478.389,300.9,79.14,100,49,89,5.2,8635.7,295.2,79.15,100,47,86,17478.3,3588.2,290.3,79.15,100,46,90,1.9,4.8,278.5,79.14,100,43,86,11684.6,14471.1,6.0,0,7
1783013637.222,1478.838,299.2,79.14,100,49,90,3.5,9805.4,298.8,79.15,100,55,86,17186.6,9424.9,286.9,79.15,100,39,89,2.4,4.7,279.4,79.14,100,47,87,1091.5,16740.2,6.0,0,7
1783013637.666,1479.281,301.1,79.14,100,50,90,2.9,8939.4,296.0,79.15,100,48,86,27777.0,1457.7,289.2,79.15,100,44,90,10.2,8.8,277.6,79.14,100,40,86,20781.3,17211.1,6.0,0,7
1783013638.116,1479.731,299.1,79.14,100,42,90,20707.0,5.5,292.3,79.15,100,42,86,4.5,4871.1,286.2,79.15,100,35,89,18288.9,13136.6,272.8,79.14,100,38,86,2.1,5.8,6.0,0,7
1783013638.558,1480.174,299.7,79.14,100,46,90,3381.2,23422.1,290.2,79.15,100,47,86,9206.0,17105.9,286.2,79.15,100,35,89,20752.0,5235.7,268.6,79.14,98,17,89,20583.1,10937.9,9.0,0,6
1783013639.001,1480.617,299.7,79.14,100,46,90,15622.2,4993.4,290.2,79.15,100,47,86,5.0,4.2,280.4,79.15,100,34,90,2.6,17270.7,268.6,79.14,98,17,89,17856.3,2140.1,9.0,0,6
1783013639.444,1481.059,293.6,79.14,100,59,90,2.0,2105.4,284.2,79.15,100,48,86,17298.0,17110.6,278.7,79.15,100,42,90,2.3,4.6,269.6,79.14,100,44,86,2.0,14752.1,9.0,0,6
1783013639.886,1481.501,296.3,79.14,100,55,90,1.9,4.7,292.3,79.15,100,47,86,1.8,17164.4,285.1,79.15,100,43,90,20756.8,7.7,275.5,79.14,100,43,88,2.3,4.7,9.0,0,6
1783013640.332,1481.947,300.9,79.14,100,49,90,2.0,5.5,302.3,79.15,100,47,86,12215.2,13409.7,291.4,79.15,100,43,90,11330.4,5.9,284.2,79.14,100,38,87,2.6,17246.0,9.0,0,6
1783013640.775,1482.390,299.8,79.14,100,44,90,16410.3,9434.0,295.5,79.15,100,46,86,2.9,6.0,287.0,79.15,100,36,90,20276.4,17195.6,277.6,79.14,100,38,86,4.5,6.0,9.0,0,6
1783013641.225,1482.840,296.8,79.14,100,44,90,10.2,17112.2,288.8,79.15,100,44,86,20703.2,5.5,279.8,79.15,100,29,89,2.3,5.1,270.1,79.14,100,37,87,20771.3,17198.1,9.0,0,6
1783013641.669,1483.284,297.1,79.14,100,46,91,16031.3,13091.4,290.0,79.15,100,47,86,6973.8,9.9,279.3,79.15,100,45,90,11.6,17230.4,271.1,79.14,100,40,86,20754.8,5.6,9.0,0,6
1783013642.121,1483.736,303.4,79.14,100,58,90,16251.4,11925.7,292.1,79.15,100,56,86,2.4,4.8,283.3,79.15,100,37,89,1083.0,16725.6,271.6,79.14,100,39,85,20747.5,4.7,9.0,0,6
1783013642.563,1484.178,301.3,79.14,100,48,90,20709.1,17107.8,294.9,79.15,100,47,86,2.0,4.5,283.3,79.15,100,37,89,3.1,9186.8,276.7,79.14,100,42,87,15416.2,11191.2,9.0,0,6
1783013643.009,1484.624,301.3,79.14,100,48,90,11762.0,13061.1,298.5,79.15,100,57,86,12660.3,4.7,286.1,79.15,100,46,90,4.1,487.5,276.7,79.14,100,42,87,19717.9,17209.3,9.0,0,6
1783013643.451,1485.066,299.9,79.14,100,53,90,7829.2,13759.9,298.5,79.15,100,57,86,15812.5,4.6,286.1,79.15,100,39,88,2.4,4.1,279.8,79.14,100,50,87,20779.2,17202.2,9.0,0,6
1783013643.893,1485.508,298.9,79.14,100,48,89,511.0,16603.5,295.0,79.15,100,47,86,20705.7,7.7,289.3,79.15,100,46,90,6.7,1709.8,276.4,79.14,100,40,86,17547.6,17190.2,9.0,0,6
1783013644.336,1485.952,298.8,79.14,100,45,90,20159.6,5.7,293.8,79.15,100,47,86,3.0,16369.7,285.9,79.15,100,36,89,19052.8,1084.1,274.4,79.14,100,39,86,3.0,2316.4,9.0,0,6
1783013644.782,1486.397,300.8,79.14,100,44,90,20708.3,17114.1,292.0,79.15,100,44,86,3.0,5.9,279.7,79.15,100,33,89,12671.8,22805.7,269.0,79.14,100,35,86,17750.1,17143.3,12.0,1,6
1783013645.228,1486.844,289.5,79.14,100,10,90,3.5,10374.9,280.2,79.15,100,12,87,20035.0,4627.6,269.8,79.15,100,22,88,2.6,3.9,263.9,79.14,100,59,87,1.8,12494.3,12.0,1,6
1783013645.676,1487.291,292.0,79.14,100,71,90,1734.8,4.2,286.7,79.15,100,66,87,5.1,41.4,279.3,79.15,100,43,89,19694.4,17204.4,272.8,79.14,100,58,87,7.0,5.2,12.0,1,6
1783013646.122,1487.737,300.5,79.14,100,64,90,17904.1,17109.6,300.6,79.15,100,50,85,4.4,4.8,298.2,79.15,100,41,90,4.0,17263.5,283.8,79.14,100,43,86,20751.1,4.9,12.0,1,6
1783013646.564,1488.179,298.1,79.14,100,47,90,20707.7,17111.0,297.1,79.15,100,47,86,2.1,5.5,298.2,79.15,100,41,90,6855.7,15052.0,280.0,79.14,100,39,87,15000.7,6.4,12.0,1,6
1783013647.007,1488.622,298.1,79.14,100,47,90,3.1,10741.6,297.1,79.15,100,47,86,18167.8,7655.8,290.4,79.15,100,44,90,3.7,5.4,280.0,79.14,100,39,87,20773.5,17189.8,12.0,1,6
1783013647.450,1489.065,295.9,79.14,100,44,89,3894.0,5.2,293.9,79.15,100,44,86,2.8,17118.5,280.0,79.15,100,33,89,20750.4,4.9,273.1,79.14,99,36,87,2.2,4.9,12.0,1,6
1783013647.894,1489.510,298.2,79.14,100,45,90,2.4,5.5,287.6,79.15,100,45,86,20713.4,17109.5,277.3,79.15,100,38,89,5.9,4.7,267.0,79.14,100,43,87,1.9,13407.1,12.0,1,6
1783013648.338,1489.953,299.2,79.14,100,47,90,1.9,17111.0,290.4,79.15,100,47,86,19473.4,1014.6,283.2,79.15,100,39,89,3.6,4.8,273.5,79.14,100,39,87,15581.4,14441.8,12.0,1,6
1783013648.782,1490.397,300.0,79.14,100,50,90,4.2,17112.5,292.9,79.15,100,49,85,19410.6,1075.2,287.4,79.15,100,44,90,2.2,4.5,275.7,79.14,100,41,85,9326.4,14615.3,12.0,1,6
1783013649.228,1490.844,301.3,79.14,100,47,90,3.4,14781.6,296.0,79.15,100,52,86,18596.4,3275.7,287.2,79.15,100,38,90,3.6,4.8,276.6,79.14,100,46,87,9031.5,14430.9,12.0,1,6
1783013649.674,1491.290,300.0,79.14,100,46,90,1.9,17114.3,294.8,79.15,100,45,85,20707.9,7.6,286.0,79.15,100,42,90,8.6,494.8,276.0,79.14,100,40,85,19711.4,17214.1,12.0,1,6
1783013650.124,1491.739,300.0,79.14,100,47,90,13038.4,14573.6,293.8,79.15,100,51,86,9934.0,5.2,285.2,79.15,100,37,89,3.7,11750.2,274.0,79.14,100,45,87,17558.9,6799.9,12.0,1,6
1783013650.564,1492.180,300.0,79.14,100,46,90,6993.3,5.7,294.1,79.15,100,44,86,491.4,17109.9,285.2,79.15,100,37,89,20749.4,5.8,272.5,79.14,100,34,87,3.1,15982.4,12.0,1,6
1783013651.008,1492.624,300.0,79.14,100,46,90,17770.3,3484.1,284.1,79.15,100,40,85,4.5,2173.8,280.6,79.15,100,35,90,27676.9,8151.6,272.5,79.14,100,34,87,20749.8,17203.0,14.0,1,5
1783013651.452,1493.068,295.7,79.14,100,41,90,2.3,4.4,284.1,79.15,100,40,85,17276.0,12860.4,278.9,79.15,100,34,89,7004.5,4.1,264.6,79.14,98,23,86,2.2,3.9,14.0,1,5
1783013651.895,1493.511,294.1,79.14,100,62,90,15502.4,9100.2,282.4,79.15,100,57,86,2.7,7.1,277.2,79.15,100,42,89,4.6,17271.0,266.9,79.14,100,53,87,19485.8,1092.6,14.0,1,5
1783013652.337,1493.952,296.1,79.14,100,62,90,3.4,15400.3,291.5,79.15,100,54,86,15003.0,5444.8,286.9,79.15,100,40,89,2.0,5.0,278.1,79.14,100,44,86,7995.9,12926.2,14.0,1,5
1783013652.780,1494.395,298.4,79.14,100,52,90,5.2,9856.1,301.1,79.15,100,47,86,15816.5,10558.2,294.7,79.15,100,43,90,3.0,5.8,284.4,79.14,100,39,86,20781.8,15998.4,14.0,1,5
1783013653.224,1494.840,297.3,79.14,100,43,90,20706.7,5.9,296.6,79.15,100,42,86,4.6,17109.9,286.4,79.15,100,36,89,18352.3,1916.2,276.6,79.14,100,38,86,2.9,1950.6,14.0,1,5
1783013653.669,1495.284,298.0,79.14,100,42,90,20712.7,17108.8,288.4,79.15,100,44,86,4.8,9.3,278.7,79.15,100,28,89,1076.5,16739.5,268.6,79.14,100,38,86,20749.8,6.2,14.0,1,5
1783013654.114,1495.730,296.9,79.14,100,45,90,20705.2,4.7,286.3,79.15,100,46,87,4.0,4.7,280.6,79.15,100,42,90,20713.0,13527.3,269.8,79.14,100,40,86,3150.2,4.9,14.0,1,5
1783013654.556,1496.171,300.9,79.14,100,49,90,15672.6,5.4,294.0,79.15,100,57,86,2.5,9149.4,280.6,79.15,100,42,90,16282.4,10263.8,269.8,79.14,100,40,86,3.3,4.7,14.0,1,5
1783013654.997,1496.613,300.9,79.14,100,49,90,14604.2,4.5,294.0,79.15,100,57,86,3.7,26.9,281.0,79.15,100,38,89,19697.4,17191.8,273.4,79.14,100,40,87,2.3,4.8,14.0,1,5
1783013655.441,1497.056,300.2,79.14,100,48,89,19507.6,4.4,295.3,79.15,100,47,85,2.7,4.5,286.8,79.15,100,44,90,20770.9,15522.5,275.9,79.14,100,40,86,666.0,4.7,14.0,1,5
1783013655.885,1497.501,300.2,79.14,100,48,90,20705.3,4.5,296.6,79.15,100,56,86,1.9,6.4,286.5,79.15,100,39,90,20774.0,17199.7,278.1,79.14,100,48,87,3.8,5.4,14.0,1,5
1783013656.330,1497.945,299.8,79.14,100,46,90,19588.1,4.9,292.8,79.15,100,46,85,3.6,233.5,285.1,79.15,100,46,90,19067.7,17196.1,274.9,79.14,100,40,85,2.1,5.4,14.0,1,5
1783013656.773,1498.388,299.6,79.14,100,46,90,5.4,7483.1,291.3,79.15,100,46,86,16519.6,10653.9,284.7,79.15,100,37,89,2.2,6.5,272.9,79.14,100,39,86,20769.2,17190.3,14.0,1,5
1783013657.217,1498.832,299.4,79.14,100,43,90,5396.5,5.9,290.9,79.15,100,42,86,2187.2,15293.9,279.4,79.15,100,32,89,20751.5,6.0,268.7,79.14,100,34,86,2.3,16876.8,17.0,2,5
1783013657.659,1499.275,286.3,79.14,100,12,89,14666.6,4.3,275.4,79.15,100,13,85,2.8,8.0,266.9,79.15,100,29,89,19711.7,17203.9,258.9,79.14,100,57,87,8.6,4.1,17.0,2,5
1783013658.109,1499.725,291.4,79.14,100,71,90,4200.0,16118.7,284.2,79.15,100,54,86,17029.1,5.3,276.6,79.15,100,41,89,2.3,4.5,268.8,79.14,100,49,87,20293.9,14284.2,17.0,2,5
1783013658.554,1500.169,296.2,79.14,100,54,90,1.8,4.1,300.1,79.15,100,48,86,20713.2,14592.5,276.6,79.15,100,41,89,1517.3,4.8,268.8,79.14,100,49,87,3.0,9261.3,17.0,2,5
1783013658.997,1500.612,296.2,79.14,100,54,90,7.1,4.6,300.1,79.15,100,48,86,20024.7,14746.5,292.1,79.15,100,47,90,2188.5,5.9,285.1,79.14,100,43,87,1857.1,15700.9,17.0,2,5
1783013659.444,1501.059,299.4,79.14,100,46,90,17951.0,2295.5,299.9,79.15,100,47,86,8.0,10292.6,288.0,79.15,100,38,89,18317.0,7629.8,281.5,79.14,100,37,87,2.1,5.3,17.0,2,5
1783013659.890,1501.505,297.3,79.14,100,43,90,17522.4,15148.6,292.7,79.15,100,37,86,4604.4,7.8,279.9,79.15,100,34,88,8.4,17221.7,270.9,79.14,100,38,86,20752.0,5.5,17.0,2,5
1783013660.332,1501.947,297.6,79.14,100,46,90,20707.1,4.8,285.5,79.15,100,46,86,3.7,4.8,280.0,79.15,100,38,89,18681.2,14903.7,265.0,79.14,100,39,86,3351.7,4.8,17.0,2,5
1783013660.773,1502.389,299.4,79.14,100,46,90,9984.1,7.7,290.0,79.15,100,50,86,2.9,12185.3,280.4,79.15,100,37,89,17520.9,6212.4,271.6,79.14,100,41,87,3.9,4.8,17.0,2,5
1783013661.221,1502.837,299.2,79.14,100,49,90,4084.0,4.9,293.0,79.15,100,48,86,4.3,3811.8,285.6,79.15,100,43,90,17374.7,15007.3,276.0,79.14,100,42,86,1.9,4.7,17.0,2,5
1783013661.664,1503.279,301.0,79.14,100,47,90,13451.8,4.4,294.5,79.15,100,52,86,2.7,6.6,286.0,79.15,100,38,88,20289.7,17193.5,276.6,79.14,100,48,87,5.2,6.7,17.0,2,5
1783013662.107,1503.722,299.6,79.14,100,46,89,13863.9,4.6,294.6,79.15,100,46,85,2.8,1482.0,286.8,79.15,100,42,89,18503.3,16644.6,275.6,79.14,100,40,86,2.6,4.7,17.0,2,5
1783013662.548,1504.163,299.2,79.14,100,49,90,11054.2,4.7,293.5,79.15,100,52,86,1.9,2612.8,286.8,79.15,100,42,89,17975.8,15763.2,275.6,79.14,100,40,86,3.9,5.3,17.0,2,5
1783013662.990,1504.605,299.2,79.14,100,49,90,2.1,8937.9,293.5,79.15,100,52,86,17807.9,9959.2,285.8,79.15,100,38,88,2.2,5.7,275.2,79.14,100,45,87,20771.4,17205.6,17.0,2,5
1783013663.434,1505.049,300.7,79.14,100,44,90,4192.8,5.6,293.5,79.15,100,40,86,494.8,16774.4,281.9,79.15,100,34,88,20745.6,11.6,271.5,79.14,100,34,86,2.2,17848.3,20.0,2,4
1783013663.880,1505.495,296.5,79.14,99,45,90,20708.9,14362.2,286.6,79.15,100,45,86,2366.2,5.5,280.2,79.15,100,35,89,6.2,12363.7,266.9,79.14,98,22,87,15345.2,8173.0,20.0,2,4
1783013664.329,1505.945,294.9,79.14,100,61,90,3.5,4.1,283.3,79.15,100,54,86,17283.4,12778.5,277.7,79.15,100,41,89,7007.5,4.7,268.5,79.14,100,51,87,1.9,499.6,20.0,2,4
1783013664.772,1506.388,296.2,79.14,100,62,90,6.1,6.9,291.8,79.15,100,50,86,2.6,2304.0,285.3,79.15,100,40,89,16870.2,17068.8,277.7,79.14,100,41,86,2.0,5.0,20.0,2,4
1783013665.220,1506.835,299.6,79.14,100,51,89,16028.9,4.6,299.7,79.15,100,48,85,2.6,4.0,293.8,79.15,100,43,90,20771.1,17192.4,283.6,79.14,100,39,86,3.0,5.8,20.0,2,4
1783013665.661,1507.277,298.9,79.14,100,44,90,2.2,13570.9,295.2,79.15,100,43,86,16287.4,6530.0,286.4,79.15,100,37,89,11.8,8941.0,276.2,79.14,100,38,87,16197.0,10036.9,20.0,2,4
1783013666.109,1507.725,297.3,79.14,100,43,90,5.0,5.7,288.7,79.15,100,44,85,12137.7,13557.1,277.0,79.15,100,30,89,11329.8,5.3,268.8,79.14,100,38,86,2.3,14962.2,20.0,2,4
1783013666.556,1508.171,295.9,79.14,100,45,89,1.8,14676.4,287.1,79.15,100,46,85,15970.6,5356.3,277.0,79.15,100,30,89,2.8,4.8,268.8,79.14,100,38,86,10354.1,12960.1,20.0,2,4
1783013667.000,1508.616,295.9,79.14,100,45,89,1.8,17114.0,287.1,79.15,100,46,85,20707.1,5.2,280.0,79.15,100,45,89,2.5,8.9,269.7,79.14,100,40,85,19707.4,17203.6,20.0,2,4
1783013667.442,1509.057,300.8,79.14,100,52,90,3.7,17118.1,294.0,79.15,100,57,86,20706.1,4.6,280.5,79.15,100,38,88,4.0,4.5,272.9,79.14,100,41,87,19752.5,14199.3,20.0,2,4
1783013667.891,1509.506,300.8,79.14,100,48,90,1.9,17115.4,294.7,79.15,99,46,86,20706.2,8.8,286.3,79.15,100,45,90,4.7,4.6,275.8,79.14,100,41,86,13813.5,12913.5,20.0,2,4
1783013668.340,1509.956,300.2,79.14,100,48,90,3.5,17114.7,297.7,79.15,100,56,86,20706.6,4.7,286.4,79.15,100,38,89,4.0,4.9,278.1,79.14,100,48,87,20785.8,14086.3,20.0,2,4
1783013668.783,1510.399,299.8,79.14,100,47,89,2.0,17114.2,293.6,79.15,99,46,85,20705.3,5.1,286.1,79.15,99,47,90,2.4,4.9,275.6,79.14,100,40,85,20274.1,13516.2,20.0,2,4
1783013669.230,1510.845,299.6,79.14,100,45,90,17436.6,7601.8,293.1,79.15,100,46,86,5.0,5.1,284.8,79.15,100,37,88,20274.9,17198.3,272.7,79.14,100,38,86,2.1,5.8,20.0,2,4
1783013669.675,1511.291,300.7,79.14,100,44,90,3918.6,13796.6,291.7,79.15,100,44,86,19431.5,8.5,281.1,79.15,100,33,89,9.2,17216.7,269.3,79.14,100,35,87,16624.3,6.3,23.0,3,4
1783013670.135,1511.751,289.3,79.14,100,11,90,20580.0,14652.0,278.8,79.15,100,13,87,1943.6,4.5,269.9,79.15,100,21,88,4.0,2911.4,262.1,79.14,100,56,87,17267.5,15885.0,23.0,3,4
1783013670.579,1512.194,293.1,79.14,100,71,90,2.6,4.2,285.4,79.15,100,60,86,12701.2,14399.6,278.3,79.15,100,42,89,10057.4,4.6,269.9,79.14,100,53,87,1.9,493.3,23.0,3,4
1783013671.023,1512.638,293.1,79.14,100,71,90,2.4,4.1,299.1,79.15,100,49,86,2.7,38.0,278.3,79.15,100,42,89,19701.4,17203.6,269.9,79.14,100,53,87,2.9,5.1,23.0,3,4
1783013671.467,1513.082,295.3,79.14,100,58,90,14342.9,4.5,299.1,79.15,100,49,86,1.9,4.6,297.4,79.15,100,43,89,19700.1,17191.2,281.5,79.14,100,43,86,2.1,5.6,23.0,3,4
1783013671.912,1513.527,298.6,79.14,100,47,90,2.1,17119.2,300.2,79.15,100,46,86,20708.1,6.3,290.2,79.15,100,40,89,6.3,13930.1,280.4,79.14,100,37,87,17860.9,4308.0,23.0,3,4
1783013672.356,1513.972,297.4,79.14,100,44,90,4.1,5.5,294.0,79.15,100,40,86,20708.7,15477.1,280.7,79.15,100,34,88,379.8,5.2,272.4,79.14,100,37,86,2.0,17234.7,23.0,3,4
1783013672.800,1514.415,299.3,79.14,100,46,90,4.9,17117.8,286.4,79.15,100,46,86,20705.4,4.8,281.2,79.15,100,38,89,3.0,4.7,264.8,79.14,100,40,85,20784.6,17211.4,23.0,3,4
1783013673.244,1514.860,299.5,79.14,100,47,90,9443.8,14419.2,289.6,79.15,100,47,86,13776.7,10.7,281.2,79.15,100,37,89,3.6,4897.0,272.4,79.14,100,42,87,18031.8,13292.5,23.0,3,4
1783013673.689,1515.304,299.3,79.14,100,50,90,10643.7,17664.3,292.4,79.15,100,49,85,6135.6,7.8,286.9,79.15,100,45,90,9.3,11097.9,277.2,79.14,100,42,85,17321.9,7659.7,23.0,3,4
1783013674.143,1515.758,300.2,79.14,100,49,90,8578.5,14490.6,295.1,79.15,100,50,86,14403.2,4.4,288.3,79.15,100,38,89,3.5,3.8,279.1,79.14,100,50,87,20788.8,17208.7,23.0,3,4
1783013674.585,1516.200,302.3,79.14,100,52,90,1.8,17115.3,296.7,79.15,100,45,86,20704.6,4.7,287.2,79.15,100,38,89,2.4,4.9,276.6,79.14,100,41,85,20775.4,15357.6,23.0,3,4
1783013675.029,1516.644,302.3,79.14,100,52,90,3.6,16322.7,294.8,79.15,100,47,86,17425.2,2675.4,287.2,79.15,100,38,89,3.2,5.1,276.6,79.14,100,41,85,8085.6,14500.4,23.0,3,4
1783013675.473,1517.088,299.3,79.14,100,48,89,10282.9,14523.4,294.8,79.15,100,47,86,12438.9,5.7,289.1,79.15,100,44,90,3.1,17226.6,278.1,79.14,100,42,87,20747.8,5.9,23.0,3,4
1783013675.917,1517.532,298.9,79.14,100,50,90,2.6,8.3,293.8,79.15,100,46,86,20708.8,17105.8,286.3,79.15,100,33,89,2.7,6.8,276.7,79.14,100,38,86,7543.9,14965.5,26.0,3,3
1783013676.364,1517.979,297.1,79.14,100,45,90,11357.8,4.4,288.7,79.15,100,46,86,1.8,4.1,282.1,79.15,100,36,90,20758.2,17200.6,270.4,79.14,100,38,87,2.0,4.6,26.0,3,3
1783013676.806,1518.421,292.8,79.14,100,51,90,10368.2,12786.2,285.1,79.15,100,50,86,14417.3,4.3,276.0,79.15,100,51,90,2.6,4.3,268.3,79.14,100,45,87,15710.8,12580.9,26.0,3,3
1783013677.250,1518.865,296.9,79.14,100,49,89,3.5,4.3,291.6,79.15,100,47,86,20737.3,15550.3,284.8,79.15,100,49,90,157.0,11.2,275.2,79.14,100,41,87,8.5,3256.9,26.0,3,3
1783013677.700,1519.315,302.4,79.14,100,51,90,4.7,11.4,302.3,79.15,100,58,86,15325.3,19314.9,292.2,79.15,100,39,90,8.6,9.1,283.2,79.14,100,45,87,4.0,14446.8,26.0,3,3
1783013678.155,1519.770,296.8,79.14,100,45,89,20515.8,13466.5,293.6,79.15,100,45,86,3518.5,6.1,286.9,79.15,100,34,89,4891.8,13893.4,276.7,79.14,100,39,87,18528.5,6.0,26.0,3,3
1783013678.597,1520.212,296.0,79.14,100,45,89,2.2,4029.0,289.2,79.15,100,44,86,16661.0,15644.6,279.9,79.15,100,34,89,2.1,5.8,266.9,79.14,99,32,87,20773.1,16958.2,26.0,3,3
1783013679.043,1520.658,296.0,79.14,100,45,89,16428.4,15973.7,288.7,79.15,100,45,86,4.4,10.8,279.9,79.15,100,34,89,3.8,17229.7,266.9,79.14,99,32,87,20754.9,5.1,26.0,3,3
1783013679.485,1521.100,299.0,79.14,100,44,90,15920.4,5695.0,288.7,79.15,100,45,86,1.9,4.6,277.8,79.15,100,37,89,2459.7,15293.0,270.2,79.14,100,47,87,20746.9,5.2,26.0,3,3
1783013680.386,1522.001,302.1,79.14,100,48,90,17694.4,2452.5,294.4,79.15,100,56,86,1.9,4.8,286.2,79.15,100,39,90,8075.2,13124.9,275.6,79.14,100,47,87,16001.6,4.5,26.0,3,3
1783013680.826,1522.442,302.2,79.14,100,54,90,16114.9,12772.5,294.1,79.15,100,47,86,2.7,4.7,287.5,79.15,100,40,89,492.0,17226.1,276.4,79.14,100,41,88,20748.6,8.3,26.0,3,3
1783013681.268,1522.884,299.3,79.14,100,47,90,18576.6,17112.2,294.1,79.15,100,49,86,1.9,4.7,286.7,79.15,100,38,89,2.3,17237.3,277.2,79.14,100,50,87,20746.7,5.8,26.0,3,3
1783013681.711,1523.326,299.7,79.14,100,55,90,20707.1,8.5,293.7,79.15,100,46,86,6.7,10979.7,285.8,79.15,100,37,89,17570.0,5886.9,275.1,79.14,100,39,86,2.2,500.8,26.0,3,3
1783013682.162,1523.778,298.1,79.14,100,40,90,20710.4,14975.9,288.3,79.15,100,44,86,1722.3,6.0,284.9,79.15,100,33,89,5972.2,13837.5,270.5,79.14,100,35,86,17663.3,5.8,26.0,3,3
1783013682.604,1524.219,293.6,79.14,98,32,89,17493.4,15059.5,282.6,79.15,98,21,85,2.8,4.6,269.1,79.15,100,9,89,2.3,17228.6,258.3,79.14,100,23,87,20753.4,10.8,29.0,4,3
1783013683.054,1524.669,289.7,79.14,100,52,91,4.5,14586.2,284.5,79.15,100,51,85,16837.1,4893.6,269.1,79.15,100,9,89,5.3,4.3,258.3,79.14,100,23,87,3.0,16313.6,29.0,4,3
1783013683.497,1525.112,289.7,79.14,100,52,91,1.8,4.3,284.5,79.15,100,51,85,498.8,17134.8,277.9,79.15,100,59,89,20749.6,6.5,267.9,79.14,100,44,86,1.8,4.4,29.0,4,3
1783013683.940,1525.556,294.1,79.14,100,50,89,2966.0,4.9,291.2,79.15,100,49,86,6.6,9163.4,286.0,79.15,100,51,90,17420.6,9473.5,281.8,79.14,100,44,87,7.7,4.7,29.0,4,3
1783013684.383,1525.998,300.6,79.14,100,50,90,2.2,8499.1,297.9,79.15,100,52,86,17947.4,10214.1,287.0,79.15,100,37,88,2.2,5.3,279.9,79.14,100,46,87,20768.4,17198.7,29.0,4,3
1783013684.824,1526.440,299.1,79.14,100,42,90,4199.5,6.0,291.3,79.15,99,40,86,4501.0,15027.0,283.0,79.15,100,33,89,17338.2,5.8,269.8,79.14,100,36,87,2.1,16231.9,29.0,4,3
1783013685.267,1526.883,295.1,79.14,100,43,90,4934.5,14902.3,285.8,79.15,100,46,85,17375.8,4.6,279.4,79.15,100,38,89,2.3,4.1,268.9,79.14,100,40,86,20776.4,17207.7,29.0,4,3
1783013685.710,1527.325,299.5,79.14,100,52,90,20710.0,16375.8,287.6,79.15,100,52,86,46.4,9.9,280.2,79.15,100,38,89,4.6,6805.7,270.9,79.14,100,40,85,17389.1,12176.0,29.0,4,3
1783013686.155,1527.770,300.7,79.14,100,48,90,20709.4,16363.0,294.9,79.15,100,49,86,61.0,4.5,282.6,79.15,100,40,89,3.9,7039.7,276.4,79.14,100,46,87,17310.0,11916.4,29.0,4,3
1783013686.595,1528.210,300.5,79.14,100,56,90,5904.9,14552.2,294.6,79.15,100,50,86,17276.8,4.6,286.4,79.15,100,38,89,2.7,4.4,276.2,79.14,100,40,85,20784.8,17190.2,29.0,4,3
1783013687.037,1528.653,300.5,79.14,100,56,90,3.3,17112.3,294.7,79.15,100,45,85,20704.7,4.7,286.4,79.15,100,38,89,3.3,4.8,276.2,79.14,100,40,85,20780.2,16070.1,29.0,4,3
1783013687.480,1529.096,299.7,79.14,100,48,89,1.9,17121.0,294.7,79.15,100,45,85,20703.3,4.8,288.4,79.15,100,41,89,2.4,4.8,276.5,79.14,100,40,87,20781.8,16765.3,29.0,4,3
1783013687.926,1529.542,299.9,79.14,100,51,90,20708.8,17111.8,296.5,79.15,100,51,86,3.9,7.4,285.4,79.15,100,38,90,1654.6,16009.6,276.5,79.14,100,40,85,20263.2,6.5,29.0,4,3
1783013688.372,1529.988,299.9,79.14,100,46,90,2.5,1025.9,293.3,79.15,100,48,86,18209.9,16921.4,283.3,79.15,100,37,88,3.0,5.7,272.8,79.14,100,34,87,19066.4,14590.0,29.0,4,3
1783013688.814,1530.430,298.2,79.14,100,40,90,20705.1,2257.7,289.4,79.15,100,41,86,20447.6,14381.8,279.9,79.15,100,36,89,20745.4,4.4,269.7,79.14,100,39,87,3.6,7.2,32.0,4,2
1783013689.262,1530.878,293.3,79.14,100,64,91,17973.4,4.3,280.4,79.15,100,51,86,2.7,4.3,277.6,79.15,100,44,89,5192.2,13371.6,265.4,79.14,100,44,85,19281.1,4.2,32.0,4,2
1783013689.705,1531.320,294.9,79.14,100,59,90,4248.1,17904.7,289.3,79.15,100,47,86,14463.4,9.9,284.9,79.15,100,42,89,5.6,6.6,275.1,79.14,100,43,86,20800.3,15770.4,32.0,4,2
1783013690.153,1531.768,301.8,79.14,100,49,90,3.5,6424.9,301.3,79.15,100,48,86,15965.1,13790.7,294.9,79.15,100,47,89,3.5,4.8,285.8,79.14,100,39,86,1009.9,16764.5,32.0,4,2
1783013690.595,1532.210,299.4,79.14,100,44,90,13392.9,13740.2,296.7,79.15,100,43,86,10408.9,6.5,286.6,79.15,100,35,89,2.7,17220.2,276.8,79.14,100,38,86,20749.0,11.0,32.0,4,2
1783013691.040,1532.655,299.4,79.14,100,44,90,3.4,5.4,288.5,79.15,100,46,86,20708.5,17104.8,286.6,79.15,100,35,89,2.5,6.1,276.8,79.14,100,38,86,15686.0,13783.9,32.0,4,2
1783013691.482,1533.098,298.2,79.14,100,44,90,18402.0,17108.3,288.5,79.15,100,46,86,2.9,11.0,279.4,79.15,100,34,89,11372.6,13526.5,268.9,79.14,100,36,86,12345.8,4.7,32.0,4,2
1783013691.926,1533.542,296.9,79.14,100,48,90,17925.8,2316.7,286.5,79.15,100,45,86,5.9,921.1,279.6,79.15,100,37,89,18200.8,17195.4,269.9,79.14,100,41,86,1.8,4.7,32.0,4,2
1783013692.376,1533.991,301.1,79.14,100,44,90,12881.0,4.7,291.9,79.15,100,45,86,2.2,20.7,280.0,79.15,100,38,89,19697.8,17195.0,273.1,79.14,100,49,87,3.5,4.7,32.0,4,2
1783013692.818,1534.433,299.8,79.14,100,48,90,18127.9,2115.9,293.9,79.15,100,46,86,2.8,4.7,284.8,79.15,100,45,89,13219.2,12897.1,276.1,79.14,100,40,86,11333.8,7.9,32.0,4,2
1783013693.263,1534.878,300.2,79.14,100,47,90,15600.7,11152.2,296.5,79.15,100,54,86,3.7,5.1,285.3,79.15,100,38,89,8367.4,13603.4,278.8,79.14,100,49,87,15366.1,4.6,32.0,4,2
1783013693.704,1535.320,299.8,79.14,100,45,89,15553.0,10623.6,293.5,79.15,100,44,85,8.2,9.9,287.1,79.15,100,42,89,14483.9,13202.9,275.2,79.14,100,41,86,9608.8,4.9,32.0,4,2
1783013694.153,1535.768,299.6,79.14,100,47,90,20705.5,5.4,293.5,79.15,100,51,86,11.4,8434.6,284.2,79.15,100,37,89,16185.7,11418.6,273.5,79.14,100,41,87,2.5,5.5,32.0,4,2
1783013694.595,1536.210,300.1,79.14,100,43,90,2787.0,14804.0,292.1,79.15,100,41,86,20703.7,6.0,280.4,79.15,100,34,90,3.2,17208.7,270.5,79.14,100,38,85,19474.1,1091.9,32.0,4,2
1783013695.036,1536.652,300.1,79.14,100,43,90,20889.9,13886.5,282.6,79.15,98,41,86,20639.8,14039.1,280.4,79.15,100,34,90,20196.5,14812.7,270.5,79.14,100,38,85,13746.4,4.6,35.0,5,2
1783013695.479,1537.095,295.8,79.14,98,40,90,1681.9,15662.9,282.6,79.15,98,41,86,20338.5,4.3,273.7,79.15,98,10,89,1.8,4.3,259.2,79.14,100,12,86,4593.1,14304.0,35.0,5,2
1783013695.926,1537.542,292.3,79.14,100,65,90,2.8,7.4,282.6,79.15,100,50,86,20731.6,16230.3,277.5,79.15,100,44,88,3.1,6.2,269.1,79.14,100,49,86,1.9,3921.7,35.0,5,2
1783013696.381,1537.997,293.6,79.14,100,54,90,2.7,4.5,289.6,79.15,100,49,86,2.7,17151.4,284.9,79.15,100,47,89,20753.0,5.4,278.1,79.14,100,44,87,2.6,4.9,35.0,5,2
1783013696.824,1538.439,297.7,79.14,100,47,89,3.0,4.8,300.4,79.15,100,45,85,20218.2,17104.9,290.5,79.15,100,43,89,2.5,5.5,281.4,79.14,100,40,87,10313.8,15071.9,35.0,5,2
1783013697.267,1538.882,296.7,79.14,100,46,90,16800.0,5.6,294.4,79.15,100,46,87,3.3,17113.2,282.8,79.15,100,31,89,20158.6,498.8,275.2,79.14,100,32,86,2.2,7239.8,35.0,5,2
1783013697.709,1539.325,297.9,79.14,100,45,90,5.0,16848.3,287.9,79.15,100,43,86,14553.3,8.0,277.9,79.15,100,37,88,4.8,17218.5,267.0,79.14,100,41,87,20754.5,5.0,35.0,5,2
1783013698.162,1539.777,299.6,79.14,100,48,90,20710.2,17109.3,289.6,79.15,100,47,86,4.5,5.9,280.1,79.15,100,40,89,2808.3,15238.5,271.3,79.14,100,43,86,19390.6,4.4,35.0,5,2
1783013698.603,1540.218,300.5,79.14,100,49,90,17093.5,6746.2,289.4,79.15,100,47,86,1.9,4.8,286.3,79.15,100,43,89,3409.1,23511.7,274.5,79.14,100,41,86,8069.0,7.5,35.0,5,2
1783013699.052,1540.668,300.7,79.14,100,48,90,17739.0,10008.0,294.5,79.15,100,51,86,3.6,4.8,286.3,79.15,100,43,89,3439.5,14978.0,274.5,79.14,100,41,86,18818.3,4.8,35.0,5,2
1783013699.494,1541.109,300.7,79.14,100,48,90,20710.8,17109.6,294.5,79.15,100,51,86,2.7,4.8,286.4,79.15,100,39,89,1.8,17251.3,276.1,79.14,100,46,87,20744.2,5.1,35.0,5,2
1783013699.939,1541.554,300.9,79.14,100,58,90,17609.9,15563.0,295.2,79.15,100,47,86,5.0,4.8,286.0,79.15,100,37,89,489.9,17241.2,275.8,79.14,100,39,87,20748.3,10.4,35.0,5,2
1783013700.382,1541.997,299.3,79.14,100,48,90,17742.7,4976.3,294.1,79.15,100,46,86,2.0,5.5,286.1,79.15,100,37,89,20770.2,16514.4,275.6,79.14,100,46,87,2.1,5.5,35.0,5,2
1783013700.825,1542.441,298.0,79.14,100,46,89,2.2,13025.5,293.5,79.15,100,46,85,17727.5,5705.3,283.6,79.15,100,38,89,2.2,1484.5,274.5,79.14,100,38,86,18729.4,14561.0,35.0,5,2
1783013701.271,1542.886,297.1,79.14,100,43,89,18602.2,17394.4,288.2,79.15,100,43,85,730.3,17104.0,278.8,79.15,100,34,89,20216.6,9618.4,267.7,79.14,99,36,87,20174.0,13300.1,38.0,5,1
1783013701.714,1543.330,294.3,79.14,100,54,90,8.9,6.8,284.8,79.15,100,64,86,16586.2,12521.4,271.5,79.15,100,44,89,7008.1,4.2,266.2,79.14,100,55,87,3.4,4.2,38.0,5,1
1783013702.162,1543.777,296.8,79.14,100,59,90,20708.2,4.6,291.1,79.15,100,64,86,3.4,4.5,282.4,79.15,100,41,89,9921.4,12994.1,276.9,79.14,100,55,87,14523.5,4.6,38.0,5,1
1783013702.604,1544.219,303.3,79.14,100,64,90,12229.8,12945.2,299.3,79.15,100,53,86,12451.9,4.8,295.8,79.15,100,40,89,2.0,4168.8,284.1,79.14,100,42,86,16027.8,14330.1,38.0,5,1
1783013703.054,1544.669,296.5,79.14,100,46,90,16192.2,16758.8,294.4,79.15,100,46,85,4.9,6.1,295.8,79.15,100,40,89,18718.0,13464.9,284.1,79.14,100,42,86,4989.7,5.8,38.0,5,1
1783013703.496,1545.112,296.5,79.14,100,46,90,2.6,14003.5,294.4,79.15,100,46,85,16246.5,6027.6,288.8,79.15,100,34,89,2.1,5.0,278.7,79.14,100,35,87,20280.0,17198.4,38.0,5,1
1783013703.938,1545.553,294.8,79.14,100,44,90,17334.9,5.3,292.5,79.15,100,44,86,5.3,3463.2,279.1,79.15,100,35,88,16396.1,16096.3,271.4,79.14,100,35,86,3.4,5.3,38.0,5,1
1783013704.379,1545.995,298.4,79.14,100,45,90,3.8,4.9,286.7,79.15,100,47,86,1.9,15797.4,277.4,79.15,100,37,89,16048.9,4063.6,265.8,79.14,100,40,86,3.0,5.4,38.0,5,1
1783013704.821,1546.436,298.7,79.14,100,44,89,2.3,4.7,288.9,79.15,100,44,85,2447.5,15172.8,282.4,79.15,100,38,89,20750.4,4.7,273.6,79.14,100,45,87,3.5,52.9,38.0,5,1
1783013705.267,1546.882,300.8,79.14,100,55,90,4.4,4.6,292.2,79.15,100,47,86,3.4,17140.5,285.9,79.15,100,38,89,20706.4,5.5,275.0,79.14,100,40,86,2.5,4.9,38.0,5,1
1783013705.709,1547.325,300.7,79.14,100,46,89,1060.4,7.6,293.9,79.15,100,45,86,11.8,14275.4,285.9,79.15,100,44,89,19882.1,721.3,276.2,79.14,100,41,86,4.5,5.0,38.0,5,1
1783013706.161,1547.776,300.8,79.14,100,51,90,9.5,5.2,295.1,79.15,100,51,86,3.3,17144.9,284.6,79.15,100,37,90,20747.9,6.0,275.2,79.14,100,40,85,2.9,4.8,38.0,5,1
1783013706.604,1548.219,299.1,79.14,100,47,89,2.0,5.0,293.0,79.15,100,45,86,13692.4,13129.5,284.8,79.15,100,41,90,10402.3,6.7,275.0,79.14,100,41,87,495.6,16769.4,38.0,5,1
1783013707.053,1548.668,296.7,79.14,100,43,89,16453.8,7483.9,291.1,79.15,100,43,85,2.1,5.4,284.8,79.15,100,41,90,20760.2,17185.7,275.0,79.14,100,41,87,4.9,6.1,38.0,5,1
1783013707.494,1549.110,296.7,79.14,100,43,89,2020.2,23245.2,291.1,79.15,100,43,85,17552.9,17248.8,280.3,79.15,100,32,89,16920.1,17093.2,272.9,79.14,99,37,87,16716.4,16616.6,41.0,6,1
1783013707.937,1549.552,297.6,79.14,100,43,90,4.8,4.2,285.5,79.15,98,41,86,4.5,2006.4,273.2,79.15,98,19,90,17923.3,16725.2,257.6,79.14,100,11,85,3.5,4.2,41.0,6,1
1783013708.379,1549.994,292.5,79.14,100,64,90,16180.2,13997.7,282.8,79.15,100,64,86,7338.3,4.5,275.0,79.15,100,43,89,4.0,522.2,268.1,79.14,100,61,87,19706.3,17211.9,41.0,6,1
1783013708.821,1550.436,293.9,79.14,100,60,90,2.7,2210.3,290.7,79.15,99,55,86,17941.7,16520.3,284.5,79.15,100,42,88,2.4,4.7,277.7,79.14,100,49,86,3.5,17280.3,41.0,6,1
1783013709.267,1550.883,297.3,79.14,100,47,89,9.2,17115.8,297.3,79.15,100,46,85,20704.4,5.7,292.8,79.15,100,42,89,3.8,7790.8,281.7,79.14,100,40,86,18034.1,10498.2,41.0,6,1
1783013709.708,1551.323,298.2,79.14,100,45,90,5.8,8.7,292.3,79.15,100,46,86,20710.8,17108.6,285.6,79.15,100,30,89,4.8,11.8,275.6,79.14,100,36,86,14119.9,14665.6,41.0,6,1
1783013710.161,1551.776,296.7,79.14,100,43,89,20704.5,5.8,287.8,79.15,100,44,86,4.5,10.6,275.1,79.15,100,37,89,20271.0,17188.7,268.7,79.14,100,40,87,4.0,5.4,41.0,6,1
1783013710.606,1552.221,297.2,79.14,100,49,91,2.0,4.8,288.9,79.15,100,48,85,2.8,13526.8,279.0,79.15,100,42,89,17590.8,4887.7,270.3,79.14,100,39,86,5.6,10.3,41.0,6,1
1783013711.052,1552.667,297.2,79.14,100,49,91,2.7,4.7,291.2,79.15,100,47,86,7639.8,14607.8,279.0,79.15,100,42,89,14559.4,4.7,270.3,79.14,100,39,86,2.9,13.1,41.0,6,1
1783013711.496,1553.111,302.3,79.14,100,48,90,2.4,4.4,291.2,79.15,100,47,86,2.6,17146.4,285.9,79.15,100,40,89,20755.1,5.1,272.5,79.14,100,42,85,1.9,4.8,41.0,6,1
1783013711.937,1553.553,301.2,79.14,100,48,89,4.9,4.7,294.9,79.15,100,48,85,4.8,8971.7,285.8,79.15,100,47,89,17730.8,9075.8,276.8,79.14,100,40,86,4.4,5.0,41.0,6,1
1783013712.380,1553.995,301.5,79.14,99,58,90,3.4,4.4,296.7,79.15,100,58,86,2.1,10530.0,287.1,79.15,100,38,89,16777.6,8588.7,278.9,79.14,100,41,86,1.9,4.7,41.0,6,1
1783013712.822,1554.437,299.2,79.14,99,48,90,1957.2,4.9,294.0,79.15,100,47,85,1.9,14828.7,286.8,79.15,100,43,89,17606.8,3766.8,276.2,79.14,100,41,86,2.8,9.0,41.0,6,1
1783013713.266,1554.881,297.7,79.14,99,47,90,2.8,17113.2,291.8,79.15,100,46,86,20705.2,5.5,284.4,79.15,100,37,89,4.1,11698.4,274.3,79.14,100,39,86,17879.1,6684.4,41.0,6,1
1783013713.709,1555.324,297.9,79.14,100,40,89,5.4,8.7,288.2,79.15,100,43,85,21919.3,12805.9,280.4,79.15,100,33,89,19119.5,17431.6,269.5,79.14,100,39,86,1068.3,17444.7,43.0,6,0
1783013714.163,1555.778,291.4,79.14,99,35,90,13962.6,12701.7,283.7,79.15,100,49,86,10790.4,3.9,273.8,79.15,100,50,90,10.5,4.2,267.4,79.14,100,46,87,17362.7,12371.4,43.0,6,0
1783013714.610,1556.226,296.1,79.14,99,50,90,1.8,4.2,291.5,79.15,99,53,86,499.8,17131.4,281.4,79.15,100,46,90,20749.8,4.9,275.1,79.14,99,46,87,5.6,10.0,43.0,6,0
1783013715.056,1556.671,301.2,79.14,99,48,90,20705.5,4.6,301.4,79.15,100,62,86,2.7,4.8,281.4,79.15,100,46,90,20769.8,13734.8,275.1,79.14,99,46,87,2610.5,4.9,43.0,6,0
1783013715.499,1557.115,301.2,79.14,99,48,90,20707.1,6.2,301.4,79.15,100,62,86,3.0,2802.3,294.5,79.15,100,40,89,16264.2,17185.5,284.2,79.14,100,49,87,2.2,5.7,43.0,6,0
1783013715.942,1557.558,297.9,79.14,100,52,90,6272.8,16197.4,293.4,79.15,100,46,85,13057.1,5.7,289.8,79.15,100,34,89,2.8,17213.7,275.3,79.14,100,38,86,20760.1,6.2,43.0,6,0
1783013716.391,1558.006,294.9,79.14,100,41,90,4.9,5.4,287.6,79.15,100,44,86,13649.2,13174.4,282.3,79.15,100,34,89,10352.9,5.0,268.5,79.14,100,37,86,2.3,9351.5,43.0,6,0
1783013716.835,1558.450,296.6,79.14,100,45,89,2.3,3.7,288.6,79.15,100,44,86,20049.6,17110.1,276.8,79.15,100,39,89,2.0,4.9,268.7,79.14,100,40,87,5.1,17248.4,43.0,6,0
1783013717.278,1558.893,300.1,79.14,100,50,90,4.4,12928.9,288.4,79.15,100,43,85,15869.3,7400.1,282.2,79.15,100,36,89,3.6,5.4,269.3,79.14,100,41,85,6810.6,12565.9,43.0,6,0
1783013717.721,1559.336,302.0,79.14,99,47,90,7.6,10281.6,293.9,79.15,100,55,86,15591.5,9930.2,283.0,79.15,99,38,89,2.4,4.9,274.8,79.14,100,48,87,1097.2,16739.9,43.0,6,0
1783013718.171,1559.786,300.7,79.14,100,52,90,1.8,3.8,294.4,79.15,100,45,85,20220.8,17109.8,285.9,79.15,100,39,88,4.4,5.5,275.2,79.14,99,40,87,1.9,15546.8,43.0,6,0
1783013718.615,1560.230,298.8,79.14,99,45,90,2.3,4058.5,294.4,79.15,100,46,86,16197.1,15951.5,285.4,79.15,99,37,89,2.7,6.8,275.2,79.14,99,45,87,496.3,16853.2,43.0,6,0
1783013719.062,1560.677,299.7,79.14,100,52,90,2.3,9061.4,293.0,79.15,100,46,86,15655.0,11254.6,285.4,79.15,99,37,89,3.0,5.4,275.2,79.14,99,45,87,14085.6,13266.4,43.0,6,0
1783013719.505,1561.121,299.7,79.14,100,52,90,16400.7,3648.8,293.0,79.15,100,46,86,3.1,2005.7,284.3,79.15,100,37,89,16836.3,17185.7,274.7,79.14,99,40,86,2.9,5.8,43.0,6,0
1783013719.948,1561.564,298.2,79.14,99,39,90,7787.6,13531.4,289.5,79.15,100,41,86,14583.2,5.9,283.9,79.15,100,33,89,3.1,17714.9,269.4,79.14,100,37,85,2779.1,2417.3,46.0,7,0
1783013720.394,1562.010,295.7,79.14,100,46,90,2703.8,2248.6,288.2,79.15,100,45,86,2771.9,2837.3,276.2,79.15,100,36,88,2793.7,2774.7,267.3,79.14,100,48,86,2723.5,2508.7,46.0,8,0
1783013720.837,1562.452,300.7,79.14,99,62,90,2666.4,2239.2,288.6,79.15,99,62,85,2870.8,3143.5,278.7,79.15,99,52,88,2772.4,3345.2,268.3,79.14,99,55,86,3029.4,2582.5,46.0,8,0
1783013721.290,1562.905,305.5,79.14,100,61,89,2653.1,2221.9,294.9,79.15,99,61,85,2837.3,3214.2,285.0,79.15,99,51,88,2853.3,3003.0,270.2,79.14,99,55,85,2741.0,2636.5,46.0,8,0
1783013721.730,1563.346,302.2,79.14,99,62,89,2685.1,2241.1,295.5,79.15,99,61,85,2938.2,3359.6,285.4,79.15,99,51,88,2813.9,3077.7,271.6,79.14,99,55,85,2768.5,2689.7,46.0,8,0
1783013722.177,1563.792,300.5,79.14,100,61,89,2703.8,2202.3,295.2,79.15,99,61,85,2877.4,3164.1,285.6,79.15,100,52,88,2841.8,3030.1,271.5,79.14,99,55,85,2777.8,2637.1,47.0,8,0
1783013722.618,1564.233,300.1,79.14,99,61,89,2702.1,2187.2,295.3,79.15,100,61,85,2894.0,3355.5,285.5,79.15,99,51,88,2833.6,3822.8,271.3,79.14,99,55,85,2773.4,2786.2,47.0,8,0
1783013723.064,1564.679,299.9,79.14,99,62,89,2641.3,2206.2,295.8,79.15,99,61,85,2873.4,3233.1,285.5,79.15,99,51,88,2851.5,3018.2,271.3,79.14,99,55,85,2807.0,2689.3,47.0,8,0
1783013723.508,1565.124,299.9,79.14,99,62,89,2661.5,2202.6,295.8,79.15,99,61,85,2893.0,3297.4,286.3,79.15,99,52,88,2828.2,3174.7,271.7,79.14,99,55,85,2752.2,2796.2,47.0,8,0
1783013723.951,1565.567,300.1,79.14,99,62,89,2664.9,2299.7,296.4,79.15,99,62,85,2887.1,3395.6,286.6,79.15,100,52,88,2815.4,3149.5,272.2,79.14,100,55,85,2762.8,2754.4,47.0,8,0
1783013724.397,1566.013,300.1,79.14,99,62,89,2662.0,2244.8,296.6,79.15,99,62,85,2873.6,3364.2,287.0,79.15,100,52,88,2847.5,3198.5,272.6,79.14,99,55,86,2754.9,2801.7,47.0,8,0
1783013724.841,1566.457,300.1,79.14,99,62,89,2681.8,2202.3,296.9,79.15,100,62,85,2873.0,3361.1,287.8,79.15,99,52,88,2825.8,3162.4,273.1,79.14,99,55,85,2764.1,2744.5,47.0,8,0
1783013725.287,1566.902,300.0,79.14,99,62,89,2663.2,2194.6,296.9,79.15,99,62,85,2886.6,3381.6,287.1,79.15,99,52,88,2847.3,3151.2,272.8,79.14,100,56,85,2732.2,2715.6,47.0,8,0
1783013725.730,1567.346,300.0,79.14,99,62,89,2685.3,2643.0,297.1,79.15,99,62,85,2890.9,3277.5,286.9,79.15,99,52,88,2848.2,3196.9,272.7,79.14,99,55,85,2771.4,2697.5,47.0,8,0
1783013726.183,1567.799,300.0,79.14,100,62,89,2663.3,2195.5,297.3,79.15,99,62,85,2892.8,3431.2,287.7,79.15,99,52,88,2851.5,3176.3,272.8,79.14,99,55,85,2762.9,2775.4,47.0,8,0
1783013726.626,1568.242,299.9,79.14,99,62,89,2676.6,2186.2,296.9,79.15,99,62,85,2881.9,3380.8,288.0,79.15,100,52,88,3192.7,3131.2,272.6,79.14,99,55,85,3241.5,2827.8,47.0,8,0
1783013727.074,1568.690,300.0,79.14,100,62,89,2724.3,2202.3,296.9,79.15,99,62,85,2877.2,3394.8,288.0,79.15,100,52,88,2854.5,3253.7,272.8,79.14,100,55,85,2764.8,2846.0,47.0,8,0
1783013727.518,1569.133,300.0,79.14,100,62,89,2665.6,2327.9,296.9,79.15,99,62,85,2893.2,3187.2,287.9,79.15,99,53,88,2835.0,3152.6,272.8,79.14,100,55,85,2756.7,2783.1,47.0,8,0
1783013727.961,1569.576,300.0,79.14,99,62,89,2681.9,2171.4,297.3,79.15,99,62,85,2866.3,3510.5,288.0,79.15,100,52,89,2874.0,3296.9,272.9,79.14,100,55,85,2799.6,2784.0,47.0,8,0
1783013728.407,1570.023,300.1,79.14,99,62,89,2662.6,2185.7,297.4,79.15,100,62,85,2990.1,3708.2,288.2,79.15,99,53,89,2845.6,3144.5,273.2,79.14,99,55,85,2749.1,2798.5,47.0,8,0
1783013728.852,1570.467,300.0,79.14,99,62,89,2640.9,2185.5,297.7,79.15,99,62,85,2910.4,3499.9,288.3,79.15,99,52,89,2981.9,3390.1,273.3,79.14,99,55,85,2769.0,2872.2,47.0,8,0
1783013729.296,1570.912,300.1,79.14,99,62,89,2663.3,2179.6,298.5,79.15,100,62,85,2884.9,3427.1,288.7,79.15,99,53,89,2835.2,3218.2,273.9,79.14,99,55,85,2760.8,2789.6,47.0,8,0
1783013729.738,1571.354,300.0,79.14,99,62,89,2721.3,2227.7,298.8,79.15,99,62,85,2877.4,3439.4,289.0,79.15,99,52,89,2836.1,3225.8,273.9,79.14,99,56,85,2765.2,2813.0,47.0,8,0
1783013730.182,1571.798,299.9,79.14,100,62,89,2643.0,2185.5,298.4,79.15,99,62,85,2870.2,3469.1,288.9,79.15,100,52,89,2823.3,3259.2,273.3,79.14,100,55,85,2752.6,2845.3,47.0,8,0
1783013730.625,1572.240,299.9,79.14,99,62,89,2645.6,2202.2,298.2,79.15,99,62,85,2880.4,3450.7,289.0,79.15,99,52,89,3172.3,3208.5,273.5,79.14,99,56,85,3185.8,2785.3,47.0,8,0
1783013731.076,1572.691,300.0,79.14,100,62,89,2643.5,2202.3,297.9,79.15,100,62,85,2858.5,3347.6,288.9,79.15,99,52,89,2841.2,3120.0,273.9,79.14,99,56,85,2760.9,2776.7,47.0,8,0
1783013731.518,1573.134,300.0,79.14,100,62,89,2641.3,2187.5,297.9,79.15,100,62,85,2872.7,3359.2,288.9,79.15,99,53,89,2847.6,3152.1,273.9,79.14,99,56,85,2754.6,2726.0,47.0,8,0
1783013731.963,1573.578,300.0,79.14,99,62,89,2661.6,2191.7,297.8,79.15,99,62,85,2862.1,3331.3,289.0,79.15,100,52,89,2864.4,3164.1,273.5,79.14,99,55,85,2744.1,3055.5,47.0,8,0
1783013732.410,1574.026,300.0,79.14,99,62,89,2661.6,2186.3,297.6,79.15,100,62,85,2873.7,3276.3,288.7,79.15,100,52,89,2838.8,3195.4,273.2,79.14,99,55,85,2755.6,2816.0,47.0,8,0
1783013732.853,1574.468,299.9,79.14,99,62,89,2641.2,2202.2,297.4,79.15,99,62,85,2889.2,3258.3,288.0,79.15,99,52,89,2835.3,3166.7,273.0,79.14,99,55,85,2753.5,2732.8,47.0,8,0
1783013733.295,1574.910,299.9,79.14,99,62,89,2642.9,2201.7,297.6,79.15,99,62,85,2885.3,3341.8,287.9,79.15,99,53,89,2857.8,3222.8,273.0,79.14,100,55,85,2761.2,2744.5,47.0,8,0
1783013733.737,1575.353,300.0,79.14,99,62,89,2685.3,2273.7,297.8,79.15,99,62,85,2851.4,3392.7,288.2,79.15,99,52,89,2810.6,3144.5,273.2,79.14,99,55,85,2763.3,2711.5,47.0,8,0
1783013734.184,1575.799,300.0,79.14,100,62,89,2663.6,2236.3,298.1,79.15,99,62,85,2869.8,3310.5,288.3,79.15,99,52,89,2846.4,3158.2,273.0,79.14,100,55,85,2762.0,2799.5,47.0,8,0
1783013734.625,1576.241,299.9,79.14,99,62,89,2641.3,2185.5,297.9,79.15,100,62,85,2872.2,3345.6,287.8,79.15,99,52,89,3078.4,3074.5,273.1,79.14,99,56,85,3363.6,2788.7,47.0,8,0
1783013735.077,1576.692,300.0,79.14,100,62,89,2661.5,2219.0,297.9,79.15,99,62,85,2858.1,3330.7,287.3,79.15,100,52,89,2817.8,3213.5,273.4,79.14,99,55,85,2778.8,2775.5,47.0,8,0
1783013735.518,1577.134,300.0,79.14,100,62,89,2662.2,2220.7,297.9,79.15,99,62,85,2867.2,3323.5,287.3,79.15,100,52,89,2831.4,3184.0,273.4,79.14,99,55,85,2764.0,2826.0,47.0,8,0
1783013735.961,1577.576,299.9,79.14,99,62,89,2712.9,2238.5,298.1,79.15,100,62,85,2869.1,3300.4,287.9,79.15,99,52,89,2806.2,3194.2,273.6,79.14,99,56,85,2750.4,2717.4,47.0,8,0
1783013736.406,1578.021,300.1,79.14,99,62,89,2641.7,2271.3,298.6,79.15,99,62,85,2846.9,3303.1,289.3,79.15,99,52,89,2825.4,3079.6,273.7,79.14,99,55,85,2763.2,2848.2,47.0,8,0
1783013736.847,1578.462,300.1,79.14,99,62,89,2633.9,2228.8,298.6,79.15,100,62,85,2854.9,3311.7,289.3,79.15,99,53,89,2810.7,3152.1,273.7,79.14,100,56,85,2812.9,2752.3,48.0,8,0
1783013737.290,1578.905,299.9,79.14,99,62,89,2663.3,2202.2,298.5,79.15,99,62,85,2872.8,3351.8,289.4,79.15,99,52,89,2849.1,3161.3,273.6,79.14,99,55,85,2751.8,2759.5,48.0,8,0
1783013737.732,1579.347,300.0,79.14,99,62,89,2644.9,2542.6,298.4,79.15,100,62,85,3043.6,3447.9,289.1,79.15,99,52,89,2830.9,3142.8,273.5,79.14,99,55,85,2726.3,2689.1,48.0,8,0
1783013738.183,1579.798,300.0,79.14,100,62,89,2621.6,2386.2,298.1,79.15,100,62,85,3135.5,3340.7,288.7,79.15,99,53,89,2843.2,3178.5,273.4,79.14,99,56,85,2759.6,2660.0,48.0,8,0
1783013738.631,1580.246,300.0,79.14,100,62,89,2996.1,2233.9,298.3,79.15,99,62,85,2891.7,3273.7,289.0,79.15,99,52,89,2830.0,3147.0,273.5,79.14,99,55,85,2829.4,2739.1,48.0,8,0
1783013739.079,1580.694,300.0,79.14,99,62,89,2641.4,2204.6,298.1,79.15,100,62,85,2834.0,3284.9,289.2,79.15,99,52,89,2821.0,3215.0,273.4,79.14,99,55,85,2747.1,2786.5,48.0,8,0
1783013739.520,1581.135,300.0,79.14,99,62,89,2624.8,2195.9,298.1,79.15,100,62,85,2858.9,3312.1,289.2,79.15,99,52,89,2846.0,3208.4,273.4,79.14,99,55,85,2758.3,2827.2,48.0,8,0
1783013739.965,1581.580,300.1,79.14,99,62,89,2621.0,2179.7,297.9,79.15,99,62,85,2860.5,3327.0,289.1,79.15,99,53,89,2846.8,3053.2,273.6,79.14,100,56,85,2812.2,2732.1,48.0,8,0
1783013740.409,1582.024,300.1,79.14,100,62,89,2642.3,2204.6,298.3,79.15,99,62,85,2895.7,3338.3,289.3,79.15,99,53,89,2842.0,3206.1,273.9,79.14,99,55,85,2766.4,2729.8,48.0,8,0
1783013740.851,1582.466,300.0,79.14,100,62,89,1.1,0.4,298.0,79.15,99,62,85,1.2,0.5,288.5,79.15,99,52,89,0.6,1.6,273.5,79.14,99,56,85,20563.5,15039.9,,,
1783013742.270,1583.885,293.9,79.14,100,51,89,8.5,14648.6,294.0,79.15,100,50,85,16984.2,4788.5,291.0,79.15,100,54,89,1.8,4.8,286.8,79.14,99,44,86,6670.2,14504.3,48.0,8,0
1783013742.715,1584.331,301.4,79.14,100,46,90,7844.9,15105.8,299.7,79.15,100,51,86,13480.8,9.2,289.1,79.15,100,37,89,493.5,17219.4,279.8,79.14,100,47,86,20743.9,5.5,48.0,8,0
1783013743.164,1584.779,298.8,79.14,100,45,90,3.0,5.2,293.1,79.15,100,40,86,20709.9,17104.6,281.5,79.15,100,34,89,2.6,6.0,270.0,79.14,100,36,85,13797.6,15843.5,48.0,8,0
1783013743.607,1585.222,295.9,79.14,100,43,90,20707.6,7.6,284.3,79.15,100,45,86,3.0,4.6,279.5,79.15,100,38,89,20761.5,17188.9,266.7,79.14,100,40,85,6.0,10.8,48.0,8,0
1783013744.056,1585.671,299.7,79.14,100,51,90,1.8,4.8,287.7,79.15,100,53,86,2.0,17123.7,279.5,79.15,100,38,89,20750.8,5.0,266.7,79.14,100,40,85,4.6,4.4,48.0,8,0
1783013744.499,1586.115,299.7,79.14,100,51,90,11.0,4.7,287.7,79.15,100,53,86,4914.9,14704.2,280.1,79.15,100,37,88,17339.2,4.5,272.4,79.14,100,42,86,1.9,4.1,48.0,8,0
1783013744.941,1586.557,300.1,79.14,100,47,89,5.1,4.7,294.7,79.15,100,48,85,5.0,14342.2,283.3,79.15,100,45,89,17274.5,4427.1,276.2,79.14,100,41,86,2.8,4.9,48.0,8,0
1783013745.383,1586.998,300.8,79.14,100,57,90,7672.2,4.5,295.2,79.15,100,58,86,4.3,45.2,286.8,79.15,100,39,88,19692.4,17192.0,277.3,79.14,100,45,86,3.9,4.9,48.0,8,0
1783013745.823,1587.439,299.6,79.14,100,49,89,14351.9,4.5,295.5,79.15,100,46,86,2.7,4.0,289.6,79.15,100,41,89,20777.6,17197.8,276.8,79.14,100,40,86,2.0,7.6,48.0,8,0
1783013746.265,1587.880,299.2,79.14,100,47,90,20705.4,4.6,297.4,79.15,100,52,86,2.0,5.1,286.0,79.15,100,38,89,20775.3,17190.0,276.8,79.14,100,47,87,4.0,5.3,48.0,8,0
1783013746.708,1588.323,299.2,79.14,100,46,91,8.3,161.7,294.7,79.15,100,46,85,19251.5,12312.4,283.2,79.15,100,40,89,9.1,7.9,275.0,79.14,100,37,86,20773.1,17213.0,48.0,8,0
1783013747.160,1588.775,296.4,79.14,100,43,90,14685.2,5.8,289.3,79.15,100,44,86,3.0,17157.1,279.6,79.15,100,36,89,20752.0,8468.8,270.0,79.14,100,39,86,20918.1,7408.3,48.0,8,0
1783013747.601,1589.216,294.8,79.14,100,54,90,4.6,3.4,285.5,79.15,100,64,86,20217.4,17110.2,274.7,79.15,100,43,90,3.9,4.4,266.7,79.14,100,54,87,3.8,574.8,48.0,8,0
1783013748.047,1589.662,294.8,79.14,100,54,90,20310.5,4.2,291.6,79.15,100,64,86,2.7,4.4,274.7,79.15,100,43,90,13570.6,12850.4,266.7,79.14,100,54,87,10875.1,4.7,48.0,8,0
1783013748.487,1590.103,297.2,79.14,100,59,90,8735.0,12859.3,291.6,79.15,100,64,86,16100.2,5.0,284.6,79.15,100,41,90,4.0,103.7,276.1,79.14,100,55,87,19725.1,17195.0,48.0,8,0
1783013748.928,1590.543,303.0,79.14,100,63,90,1.8,17116.4,299.8,79.15,100,52,86,20704.1,9.7,295.5,79.15,100,40,90,3.1,10680.9,283.4,79.14,100,41,85,16200.7,9091.6,48.0,8,0
1783013749.371,1590.986,296.8,79.14,100,46,89,2.7,5.8,295.3,79.15,100,46,85,9587.6,13617.0,288.4,79.15,100,35,89,13879.9,7.0,276.5,79.14,100,35,86,4.2,17238.5,48.0,8,0
1783013749.813,1591.428,296.8,79.14,100,44,90,16264.4,13567.3,292.8,79.15,100,43,86,3.0,5.3,279.1,79.15,100,35,89,13205.3,13395.7,268.9,79.14,100,35,86,10785.3,5.2,48.0,8,0
1783013750.254,1591.870,298.5,79.14,100,46,90,13827.3,4.5,286.8,79.15,100,49,86,2.0,2410.3,277.4,79.15,100,37,90,16503.3,16959.3,265.8,79.14,100,39,85,3.6,10.5,48.0,8,0
1783013750.697,1592.313,298.9,79.14,100,46,89,3.7,10.4,289.2,79.15,100,43,86,9.4,17130.5,281.0,79.15,100,36,90,20752.1,7.7,272.7,79.14,100,48,87,8.1,499.6,48.0,8,0
1783013751.148,1592.764,300.3,79.14,100,52,90,2.7,5.0,291.5,79.15,100,46,85,6121.0,13229.3,286.3,79.15,100,40,89,17914.4,4.7,274.7,79.14,100,40,86,2.8,4.0,48.0,8,0
1783013751.590,1593.205,301.3,79.14,100,47,90,1.8,4.7,294.6,79.15,100,49,86,503.8,17114.3,284.6,79.15,100,38,90,20750.2,4.8,276.1,79.14,100,48,87,2.5,7.5,48.0,8,0
1783013752.032,1593.647,301.3,79.14,100,47,90,1.9,5.1,294.0,79.15,100,47,85,8440.9,13206.6,284.6,79.15,100,38,90,15360.3,4.7,276.1,79.14,100,48,87,2.4,500.5,48.0,8,0
1783013752.474,1594.090,300.1,79.14,100,51,90,3.3,4.9,294.0,79.15,100,47,85,20229.3,17107.4,284.9,79.15,100,40,89,2.0,5.3,275.3,79.14,100,40,85,1291.8,16197.7,48.0,8,0
1783013752.917,1594.532,299.9,79.14,100,47,90,16097.9,10666.2,292.5,79.15,100,50,86,6.3,8.6,285.2,79.15,100,36,89,20268.2,17189.4,271.9,79.14,100,40,86,2.2,5.8,48.0,8,0
1783013753.359,1594.974,298.4,79.14,100,37,90,8013.6,13424.3,290.6,79.15,100,36,86,16000.6,5.9,278.8,79.15,100,33,89,2.5,17407.2,268.4,79.14,100,36,86,20758.4,17181.5,6.0,0,7
1783013753.800,1595.416,289.9,79.14,98,38,89,7.3,4.0,278.2,79.15,98,27,85,20235.3,17109.0,267.0,79.15,100,8,90,3.7,4.3,254.5,79.14,100,14,85,1.8,521.9,6.0,0,7
1783013754.244,1595.859,286.9,79.14,100,51,89,18746.5,4.3,279.6,79.15,100,50,86,1.9,4.5,274.7,79.15,100,55,89,17128.5,14257.9,265.1,79.14,100,44,86,5760.8,4.9,6.0,0,7
1783013754.686,1596.301,294.4,79.14,100,50,89,20296.4,13590.8,294.5,79.15,100,49,85,3527.7,10.2,284.9,79.15,100,53,89,5.8,10659.9,286.8,79.14,100,44,86,17473.3,8340.3,6.0,0,7
1783013755.129,1596.744,300.5,79.14,100,46,90,16625.2,14453.0,300.2,79.15,100,51,86,6570.5,5.6,289.1,79.15,100,37,90,3.0,17232.1,280.5,79.14,100,47,87,20745.6,5.6,6.0,0,7
1783013755.570,1597.186,298.5,79.14,100,45,90,3.1,5.4,293.9,79.15,100,39,86,20706.8,17104.4,289.1,79.15,100,37,90,3.9,5.8,270.5,79.14,100,35,85,12868.6,14769.1,6.0,0,7
1783013756.013,1597.628,298.5,79.14,100,45,90,20453.4,5.2,293.9,79.15,100,39,86,6.0,6313.0,281.4,79.15,100,33,90,18084.2,11904.8,270.5,79.14,100,35,85,2.6,5.1,6.0,0,7
1783013756.454,1598.069,295.7,79.14,100,43,90,2.4,10.7,284.1,79.15,100,46,86,5727.4,14696.2,279.3,79.15,100,37,89,16799.7,5.6,265.9,79.14,100,40,85,2.6,491.4,6.0,0,7
1783013756.899,1598.514,299.3,79.14,100,50,90,9.8,4.9,287.6,79.15,100,53,86,20713.5,17111.3,279.5,79.15,100,37,88,6.3,4.8,270.2,79.14,100,43,87,1.8,17270.6,6.0,0,7
1783013757.352,1598.967,299.9,79.14,100,47,89,2.2,4.4,294.4,79.15,100,49,85,20438.1,14147.4,282.5,79.15,100,46,89,2257.4,4.5,276.6,79.14,100,41,86,1.9,4136.0,6.0,0,7
1783013757.795,1599.410,301.1,79.14,100,56,90,5.3,4.5,295.1,79.15,100,59,86,4187.6,14643.1,286.2,79.15,100,39,88,17957.0,6.7,277.4,79.14,100,46,87,1.9,509.0,6.0,0,7
1783013758.242,1599.857,300.0,79.14,100,49,89,2.0,4.7,295.9,79.15,100,47,86,6104.5,14986.6,289.6,79.15,100,41,89,15945.6,4.7,277.0,79.14,100,40,86,1.9,4.2,6.0,0,7
1783013758.684,1600.299,299.2,79.14,100,48,90,2.6,7.2,298.0,79.15,100,53,86,4.8,17135.0,286.2,79.15,100,38,89,20751.0,7.9,277.9,79.14,100,47,87,5.1,499.4,6.0,0,7
1783013759.130,1600.746,299.0,79.14,100,46,90,2.6,15675.1,293.9,79.15,100,46,86,17818.6,2864.7,283.2,79.15,100,40,89,2.9,1014.7,275.4,79.14,100,38,86,18445.1,16861.5,6.0,0,7
1783013759.572,1601.187,296.9,79.14,100,44,89,3378.8,5.5,290.9,79.15,100,43,86,3.7,17116.8,283.2,79.15,100,40,89,20747.2,5.7,271.0,79.14,99,39,87,3.8,11563.2,9.0,0,6
1783013760.015,1601.631,296.9,79.14,100,44,89,16533.5,12971.2,290.9,79.15,100,43,86,8320.5,4.4,279.3,79.15,100,35,89,3.3,492.8,271.0,79.14,99,39,87,19715.5,17192.5,9.0,0,6
1783013760.457,1602.072,295.0,79.14,100,53,90,2.2,4.1,285.3,79.15,100,61,86,537.1,16713.2,273.3,79.15,100,43,90,17827.3,4.6,266.7,79.14,100,53,87,2.9,4.5,9.0,0,6
1783013760.902,1602.517,297.4,79.14,100,59,90,13574.5,4.2,291.0,79.15,100,63,86,4.7,11.8,284.5,79.15,100,41,89,19715.1,17203.7,275.3,79.14,100,55,87,2.8,5.1,9.0,0,6
1783013761.351,1602.967,302.4,79.14,100,63,90,20706.3,4.4,298.7,79.15,100,48,86,3.5,4.7,295.1,79.15,100,41,89,20774.4,13907.9,282.5,79.14,100,42,86,2659.2,5.8,9.0,0,6
1783013761.793,1603.408,297.5,79.14,100,46,89,5.6,3654.3,296.4,79.15,100,44,86,16525.9,15998.5,286.9,79.15,100,36,90,3.0,5.9,277.2,79.14,99,37,87,20765.2,15067.0,9.0,0,6
1783013762.234,1603.850,296.5,79.14,100,45,90,17572.6,5.5,293.2,79.15,100,43,86,3.1,14388.0,278.9,79.15,100,35,89,16283.9,3348.5,270.8,79.14,100,35,86,2.8,5.1,9.0,0,6
1783013762.678,1604.293,298.4,79.14,100,47,90,2.4,4.6,286.8,79.15,100,47,86,20714.2,17059.4,279.3,79.15,100,37,90,6.7,7.4,266.6,79.14,100,39,85,6.8,16117.4,9.0,0,6
1783013763.123,1604.738,298.6,79.14,100,44,89,3.6,4771.7,289.8,79.15,100,44,86,16007.6,15425.9,281.0,79.15,100,37,90,2.5,5.2,274.7,79.14,100,49,87,1892.8,15746.1,9.0,0,6
1783013763.565,1605.180,299.9,79.14,100,56,90,2.6,2304.8,292.5,79.15,100,47,86,17052.1,17106.1,281.0,79.15,100,37,90,3.1,4.8,274.7,79.14,100,49,87,2.8,17279.6,9.0,0,6
1783013764.008,1605.623,299.9,79.14,100,56,90,4.5,4.6,292.5,79.15,100,47,86,20721.5,14087.0,285.8,79.15,100,39,88,2344.1,4.5,275.8,79.14,100,41,86,1.9,3300.6,9.0,0,6
1783013764.450,1606.066,300.5,79.14,100,47,89,1.9,4.6,294.8,79.15,100,47,86,11623.7,13402.4,287.5,79.15,100,44,90,11912.0,4.8,277.2,79.14,100,42,87,9.3,6739.6,9.0,0,6
1783013764.896,1606.511,301.3,79.14,100,53,90,1.8,4.7,296.6,79.15,100,52,86,12525.0,13269.1,286.2,79.15,100,38,90,9661.9,4.8,276.8,79.14,100,40,85,2.0,6714.1,9.0,0,6
1783013765.343,1606.958,299.0,79.14,100,47,89,2.0,17115.1,294.8,79.15,100,47,85,20704.0,5.9,286.8,79.15,100,44,90,2.7,10543.6,275.4,79.14,100,39,87,16087.7,9336.6,9.0,0,6
1783013765.784,1607.399,296.2,79.14,100,43,90,3.0,8.6,293.3,79.15,100,43,86,15487.1,13721.4,282.5,79.15,100,31,89,7787.1,5.7,275.1,79.14,100,36,87,3.6,17241.7,9.0,0,6
1783013766.227,1607.842,297.5,79.14,100,45,90,3.5,4.4,288.9,79.15,100,42,86,2.5,17136.6,275.2,79.15,98,26,88,20750.4,4.5,259.3,79.14,100,10,85,2.7,4.6,12.0,1,6
1783013766.668,1608.283,292.8,79.14,100,52,90,17275.1,12406.7,285.6,79.15,100,67,86,2.7,11.6,274.1,79.15,100,42,90,8.6,17269.7,269.2,79.14,100,61,87,20759.2,5.1,12.0,1,6
1783013767.119,1608.734,294.3,79.14,100,54,90,3.3,17116.3,291.3,79.15,100,59,86,20706.1,4.1,285.3,79.15,100,42,90,4.2,4.4,278.7,79.14,100,57,87,1117.0,16715.8,12.0,1,6
1783013767.564,1609.179,299.2,79.14,100,57,90,2.7,7332.2,298.3,79.15,100,47,86,17761.5,11405.0,285.3,79.15,100,42,90,3.3,4.8,278.7,79.14,100,57,87,1079.1,16759.5,12.0,1,6
1783013768.008,1609.623,299.2,79.14,100,57,90,17820.2,8832.8,298.3,79.15,100,47,86,4.8,5.2,294.1,79.15,100,37,88,20757.4,17188.4,278.8,79.14,100,40,87,2.2,6.0,12.0,1,6
1783013768.449,1610.064,297.4,79.14,100,44,90,7066.9,14884.0,292.2,79.15,100,44,86,15047.0,5.6,286.5,79.15,100,34,89,2.6,16555.8,274.4,79.14,100,36,85,19187.2,1300.7,12.0,1,6
1783013768.890,1610.505,294.9,79.14,100,41,89,18358.1,4.5,287.9,79.15,100,43,86,1.9,7.1,276.5,79.15,100,35,89,20772.1,17196.9,269.5,79.14,100,40,87,2.3,4.9,12.0,1,6
1783013769.333,1610.948,297.6,79.14,100,52,90,586.5,4.5,287.2,79.15,100,48,85,2.2,6969.7,280.1,79.15,100,41,89,17498.4,11700.5,270.6,79.14,100,40,85,2.5,5.3,12.0,1,6
1783013769.774,1611.390,301.4,79.14,100,45,90,4.3,7.0,292.5,79.15,100,47,86,1.9,13973.8,283.4,79.15,100,39,88,17154.6,4961.5,273.9,79.14,100,47,87,4.3,4.7,12.0,1,6
1783013770.220,1611.835,299.0,79.14,100,47,90,2964.5,4.9,295.0,79.15,100,46,86,3.6,6189.8,285.8,79.15,100,45,89,17261.8,12653.2,276.2,79.14,100,40,86,2.6,4.7,12.0,1,6
1783013770.662,1612.277,300.5,79.14,100,49,90,9548.7,4.9,296.8,79.15,100,56,86,2.7,5782.9,285.7,79.15,100,38,89,17633.8,12835.0,275.9,79.14,100,43,87,5.0,7.5,12.0,1,6
1783013771.105,1612.721,299.2,79.14,100,49,90,7448.6,4.9,293.8,79.15,100,47,86,4.4,8612.7,284.4,79.15,100,42,89,17708.3,9889.1,275.1,79.14,100,40,86,2.0,4.8,12.0,1,6
1783013771.548,1613.164,299.2,79.14,100,49,90,3.4,5.5,289.6,79.15,100,46,86,20713.5,17105.9,284.4,79.15,100,42,89,2.3,6.5,275.1,79.14,100,40,86,8257.2,14927.5,12.0,1,6
1783013771.992,1613.608,298.8,79.14,100,47,90,20706.1,5.8,289.6,79.15,100,46,86,3.0,14721.1,284.6,79.15,100,38,89,17629.2,3645.9,272.2,79.14,100,39,86,2.5,1683.1,12.0,1,6
1783013772.436,1614.051,298.5,79.14,100,41,89,16032.5,13573.5,288.7,79.15,100,43,85,2.7,4.5,279.3,79.15,99,31,89,1.9,15350.3,269.2,79.14,100,37,86,15750.6,4781.5,14.0,1,5
1783013772.878,1614.493,290.4,79.14,100,41,90,1.8,3.4,282.9,79.15,100,56,86,20227.0,17108.1,272.7,79.15,100,47,90,5.5,6.4,267.8,79.14,100,52,87,3.5,537.7,14.0,1,5
1783013773.321,1614.937,296.0,79.14,100,51,90,4.5,4.3,291.6,79.15,100,59,86,3.5,57.2,283.6,79.15,100,42,90,19691.6,17208.3,276.5,79.14,100,51,87,2.8,4.3,14.0,1,5
1783013773.763,1615.378,301.5,79.14,100,53,90,16338.7,10618.4,302.9,79.15,100,62,86,4.1,4.9,295.8,79.15,100,40,90,4840.5,13675.6,284.1,79.14,100,49,87,19204.3,5.0,14.0,1,5
1783013774.207,1615.823,298.0,79.14,99,51,90,5031.9,5.5,294.3,79.15,99,46,85,4.6,17126.1,291.9,79.15,100,35,89,20745.6,6.1,276.8,79.14,100,38,86,3.0,11110.5,14.0,1,5
1783013774.650,1616.265,293.9,79.14,100,41,91,20710.3,17110.5,287.7,79.15,100,44,86,2.9,6.7,282.2,79.15,100,33,90,20764.9,17190.7,272.3,79.14,100,36,87,11.0,10.7,14.0,1,5
1783013775.100,1616.715,296.1,79.14,100,45,89,2.7,5.4,288.4,79.15,100,45,86,19407.6,13603.4,276.3,79.15,100,38,90,2570.8,4.6,269.2,79.14,100,40,87,1.9,7508.3,14.0,1,5
1783013775.544,1617.160,296.1,79.14,100,45,89,3.7,202.6,289.0,79.15,100,44,86,19007.9,17105.5,276.3,79.15,100,38,90,3.1,4.7,269.2,79.14,100,40,87,1.9,17107.2,14.0,1,5
1783013775.986,1617.601,301.2,79.14,100,51,90,6.0,2883.7,289.0,79.15,100,44,86,16753.0,16982.2,283.1,79.15,100,37,89,2.4,4.7,270.4,79.14,100,41,85,3.7,17281.8,14.0,1,5
1783013776.428,1618.043,302.2,79.14,100,47,90,4.3,4.6,295.7,79.15,100,53,86,20719.1,17108.6,285.7,79.15,100,38,90,3.7,4.5,275.5,79.14,100,49,87,2.2,11630.3,14.0,1,5
1783013776.871,1618.487,300.1,79.14,100,46,89,2.3,4.8,294.6,79.15,100,45,85,18846.7,13376.0,286.4,79.15,100,43,89,4634.6,7.6,276.6,79.14,100,40,85,1.9,10293.9,14.0,1,5
1783013777.315,1618.931,299.1,79.14,100,45,90,2.0,4.8,295.4,79.15,100,51,86,20721.3,14954.7,285.2,79.15,100,37,90,70.6,4.9,276.1,79.14,100,43,87,2.0,14947.9,14.0,1,5
1783013777.758,1619.373,300.4,79.14,100,46,89,6.6,15859.6,293.5,79.15,100,45,85,20705.2,5.7,285.2,79.15,100,42,89,2.6,9603.8,274.8,79.14,100,40,86,16268.8,10265.0,14.0,1,5
1783013778.203,1619.819,298.5,79.14,100,40,90,2.3,5.9,289.2,79.15,100,43,85,10419.0,13528.5,283.4,79.15,100,30,89,13216.7,6.0,271.3,79.14,100,37,86,2.2,17232.1,14.0,1,5
1783013779.139,1620.754,290.2,79.14,100,51,90,2.1,5483.3,284.4,79.15,100,60,86,17279.7,13754.3,274.3,79.15,100,44,90,2.2,9.7,267.4,79.14,100,53,87,1.9,7767.5,17.0,2,5
1783013779.583,1621.198,294.3,79.14,100,50,90,1.8,4.2,291.5,79.15,100,60,86,2.7,13503.9,283.2,79.15,100,41,90,17162.4,5331.6,284.8,79.14,100,56,87,12.8,4.7,17.0,2,5
1783013780.023,1621.639,294.3,79.14,100,50,90,20709.2,4.6,291.5,79.15,100,60,86,5.1,4.6,283.2,79.15,100,41,90,20767.3,16161.7,284.8,79.14,100,56,87,25.5,4.8,17.0,2,5
1783013780.464,1622.080,300.4,79.14,100,55,90,3.0,5.3,298.6,79.15,100,52,86,17259.8,14714.6,293.9,79.15,100,37,90,4609.1,5.9,279.0,79.14,100,40,85,3918.0,16076.1,17.0,2,5
1783013780.907,1622.523,297.8,79.14,100,46,90,20705.5,6.1,292.8,79.15,100,45,86,6.3,14636.3,287.0,79.15,100,35,89,17823.8,2375.0,270.0,79.14,100,36,85,2.4,483.7,17.0,2,5
1783013781.352,1622.968,294.5,79.14,100,36,90,2.4,15144.9,287.7,79.15,100,42,85,17769.3,3625.2,279.6,79.15,100,36,89,2.0,4.7,269.0,79.14,100,40,86,7761.2,14589.5,17.0,2,5
1783013781.795,1623.410,298.1,79.14,100,57,90,8957.1,14874.7,287.0,79.15,100,49,86,13642.9,4.6,280.7,79.15,100,38,88,1.9,145.6,269.3,79.14,100,40,87,19713.0,17191.3,17.0,2,5
1783013782.242,1623.857,301.3,79.14,100,46,90,20707.5,17110.7,295.6,79.15,100,46,86,2.1,4.5,282.2,79.15,100,39,89,2.3,8292.8,275.2,79.14,100,49,87,17231.3,10663.1,17.0,2,5
1783013782.682,1624.297,300.4,79.14,100,47,89,12396.7,14518.7,295.2,79.15,100,46,85,10437.1,9.9,287.1,79.15,100,46,89,5.3,13685.1,277.0,79.14,100,40,85,17372.8,3584.4,17.0,2,5
1783013783.135,1624.750,300.6,79.14,100,49,90,20708.8,17110.3,295.1,79.15,100,57,86,3.5,4.7,286.5,79.15,100,38,90,4.4,17234.2,277.1,79.14,100,43,87,19388.0,1197.6,17.0,2,5
1783013783.579,1625.194,299.6,79.14,100,49,89,19993.9,17106.6,294.3,79.15,100,47,86,1.9,4.7,286.5,79.15,100,38,90,3.7,17225.3,274.9,79.14,100,39,86,20763.3,6.0,17.0,2,5
1783013784.024,1625.640,299.6,79.14,100,49,89,16516.5,5.5,294.3,79.15,100,47,86,5.4,12781.9,285.5,79.15,100,42,89,17947.0,5259.3,274.9,79.14,100,39,86,3.0,7.9,17.0,2,5
1783013784.466,1626.082,299.4,79.14,100,47,90,20712.7,17110.6,290.4,79.15,100,46,86,3.0,6.0,284.8,79.15,100,38,89,12669.7,14677.1,272.2,79.14,100,39,86,9816.5,6.0,17.0,2,5
1783013784.910,1626.525,298.4,79.14,100,39,89,20134.4,15509.3,288.6,79.15,100,41,85,20706.8,6.8,276.4,79.15,99,29,89,2.8,4.4,268.7,79.14,100,36,86,17021.6,12809.3,20.0,2,4
1783013785.357,1626.972,289.8,79.14,100,41,90,2.3,3.9,282.0,79.15,100,55,86,501.0,17147.0,272.9,79.15,100,48,90,20748.8,4.8,266.8,79.14,100,50,87,1.8,4.2,20.0,2,4
1783013785.797,1627.412,294.8,79.14,100,50,90,15650.8,6871.5,291.4,79.15,100,58,86,1.8,4.4,283.4,79.15,100,43,90,1.7,17264.8,275.1,79.14,100,49,87,20381.8,244.2,20.0,2,4
1783013786.242,1627.857,302.8,79.14,100,51,90,9702.3,12771.4,302.8,79.15,100,62,86,15075.3,4.6,292.9,79.15,100,40,90,1.9,495.9,284.5,79.14,100,49,87,19704.1,17203.6,20.0,2,4
1783013786.681,1628.297,298.0,79.14,100,52,90,16152.4,12527.5,294.1,79.15,100,46,85,5.2,10.9,291.7,79.15,100,35,89,20769.7,15289.5,277.1,79.14,99,37,86,5.3,6.0,20.0,2,4
1783013787.126,1628.741,294.2,79.14,100,42,90,3.8,17111.9,290.8,79.15,100,44,86,20706.1,6.3,281.8,79.15,100,34,90,5.1,10893.1,272.5,79.14,99,36,87,16179.9,8802.5,20.0,2,4
1783013787.569,1629.185,296.0,79.14,100,45,89,20706.1,5.6,288.6,79.15,99,44,86,2.1,2868.3,281.8,79.15,100,34,90,16718.9,16486.6,272.5,79.14,99,36,87,4.3,5.2,20.0,2,4
1783013788.010,1629.625,296.0,79.14,100,45,89,17532.6,5.4,288.6,79.15,99,44,86,3.0,12255.9,276.3,79.15,100,39,90,16313.8,7220.1,269.0,79.14,99,39,87,1.9,4.5,20.0,2,4
1783013788.450,1630.065,300.9,79.14,100,51,90,2.0,4.6,289.5,79.15,100,44,86,2.7,13956.8,282.7,79.15,100,36,89,15891.5,6214.8,270.3,79.14,100,41,86,1.9,4.7,20.0,2,4
1783013788.891,1630.506,302.3,79.14,100,47,90,15946.4,4.7,296.3,79.15,100,54,86,1.8,6956.2,284.6,79.15,100,38,89,23537.4,3575.1,275.3,79.14,100,49,87,4.2,4.7,20.0,2,4
1783013789.345,1630.960,300.3,79.14,100,46,89,9754.0,10.6,295.7,79.15,100,46,85,2.9,10217.0,285.9,79.15,100,43,89,16486.1,9317.8,276.1,79.14,100,40,85,1.9,4.7,20.0,2,4
1783013789.789,1631.405,299.0,79.14,100,44,90,2348.8,4.7,295.9,79.15,100,51,86,3.5,12508.4,284.3,79.15,100,37,90,16023.8,7164.8,275.7,79.14,100,43,87,4.5,5.3,20.0,2,4
1783013790.233,1631.848,300.3,79.14,100,46,89,4.5,5.4,293.7,79.15,100,45,85,19950.2,13137.3,284.3,79.15,100,42,89,4127.3,5.6,274.1,79.14,100,39,86,2.3,17240.4,20.0,2,4
1783013790.673,1632.288,298.6,79.14,100,40,90,17045.9,8557.5,288.7,79.15,100,42,85,5.7,2308.0,282.7,79.15,100,30,89,17566.5,13641.0,270.5,79.14,100,37,86,6.6,6.0,20.0,2,4
1783013791.119,1632.735,295.6,79.14,100,43,89,21214.0,14835.8,287.3,79.15,100,43,86,20702.4,17105.3,272.1,79.15,98,29,89,20744.7,4.5,258.9,79.14,100,10,86,1.9,4.5,23.0,3,4
1783013791.561,1633.177,289.2,79.14,100,50,90,20704.5,4.0,283.6,79.15,100,62,86,1.8,4.2,272.1,79.15,98,29,89,1101.4,16733.0,258.9,79.14,100,10,86,20750.5,5.2,23.0,3,4
1783013792.006,1633.621,289.2,79.14,100,50,90,1356.9,15919.2,283.6,79.15,100,62,86,20507.4,4.5,270.3,79.15,100,42,90,2.4,4.5,266.4,79.14,100,58,87,14598.7,14231.5,23.0,3,4
1783013792.448,1634.064,293.9,79.14,100,51,90,3.6,62.8,291.1,79.15,100,58,86,19305.8,17107.2,282.6,79.15,100,41,90,2.3,4.8,276.1,79.14,100,56,87,1.8,17269.4,23.0,3,4
1783013792.889,1634.504,299.2,79.14,100,55,90,10609.5,14981.2,298.1,79.15,100,46,86,11201.5,8.6,294.1,79.15,100,36,88,6.0,17233.8,279.8,79.14,100,39,87,20752.2,6.1,23.0,3,4
1783013793.335,1634.950,298.6,79.14,100,45,90,3.8,1379.5,292.3,79.15,100,45,86,18422.2,16678.8,286.8,79.15,100,34,89,3.9,11.3,274.6,79.14,100,36,86,20764.7,17186.4,23.0,3,4
1783013793.778,1635.393,294.9,79.14,100,43,89,20299.3,138.2,288.4,79.15,100,44,86,3.9,4.9,277.2,79.15,99,35,89,20763.9,17187.9,270.3,79.14,100,40,87,1.8,4.8,23.0,3,4
1783013794.227,1635.842,297.4,79.14,100,53,90,13644.9,4.9,287.1,79.15,100,49,85,3.6,6762.1,280.6,79.15,100,40,89,17814.1,11461.5,270.9,79.14,100,40,86,2.0,4.5,23.0,3,4
1783013794.667,1636.283,301.0,79.14,100,45,90,6338.3,4.5,295.2,79.15,100,49,86,4.7,7161.4,283.3,79.15,100,38,89,17973.0,5794.5,274.7,79.14,100,48,87,8.5,4.5,23.0,3,4
1783013795.117,1636.732,300.7,79.14,100,51,90,15184.0,4.6,295.4,79.15,100,48,85,2.8,5.5,286.6,79.15,100,44,89,19707.7,17192.5,277.5,79.14,100,41,86,1.9,4.7,23.0,3,4
1783013795.559,1637.175,299.5,79.14,100,49,90,19298.1,1152.8,296.9,79.15,99,50,86,1.9,4.8,286.6,79.15,100,44,89,15271.5,14568.2,277.5,79.14,100,41,86,7355.2,4.9,23.0,3,4
1783013796.001,1637.616,299.5,79.14,100,49,90,17031.1,7711.2,296.9,79.15,99,50,86,1.9,4.8,289.1,79.15,100,39,90,2057.4,15532.3,279.7,79.14,100,45,87,20107.5,4.7,23.0,3,4
1783013796.442,1638.057,300.3,79.14,100,60,90,17736.9,11409.4,296.6,79.15,100,49,86,3.6,5.3,286.7,79.15,100,37,88,12427.4,14751.6,276.2,79.14,100,40,87,9894.8,5.2,23.0,3,4
1783013796.883,1638.498,298.9,79.14,100,46,90,2.1,5.6,294.2,79.15,100,45,86,20711.4,17107.0,285.1,79.15,100,38,90,5.6,8.4,274.9,79.14,100,42,87,12257.6,14742.1,23.0,3,4
1783013797.330,1638.945,299.1,79.14,100,45,90,15279.5,14452.3,293.9,79.15,100,39,86,20680.8,1753.6,279.7,79.15,100,34,89,20328.5,16970.1,271.8,79.14,100,36,86,12592.2,16976.4,26.0,3,3
1783013797.774,1639.390,291.7,79.14,100,11,90,6.2,7.9,280.4,79.15,100,14,86,1.8,15959.2,276.6,79.15,100,42,89,15411.4,4284.7,262.7,79.14,100,46,87,2.6,4.3,26.0,3,3
1783013798.218,1639.833,295.2,79.14,100,54,89,20017.6,17106.6,287.2,79.15,100,48,85,1.9,4.6,285.0,79.15,100,48,88,2.4,11257.8,272.6,79.14,100,43,88,15506.9,9066.3,26.0,3,3
1783013798.659,1640.274,298.3,79.14,100,50,91,1.9,14680.8,297.9,79.15,100,47,85,15426.0,5987.6,296.0,79.15,100,53,90,5.7,7.7,286.1,79.14,100,43,87,9237.5,12908.9,26.0,3,3
1783013799.104,1640.719,300.5,79.14,100,46,90,5701.9,13524.6,299.5,79.15,100,53,86,18197.6,5.8,287.1,79.15,100,37,88,2.7,15165.7,279.6,79.14,100,37,86,16468.4,4514.7,26.0,3,3
1783013799.555,1641.171,300.5,79.14,100,46,90,3.1,5.4,291.3,79.15,100,38,86,20709.9,17104.0,287.1,79.15,100,37,88,4.4,7.4,279.6,79.14,100,37,86,15564.2,13388.0,26.0,3,3
1783013799.999,1641.615,299.4,79.14,100,38,90,18186.8,1998.5,291.3,79.15,100,38,86,2.0,5.1,282.8,79.15,100,35,88,20561.7,13087.4,269.5,79.14,100,38,88,3615.5,5.5,26.0,3,3
1783013800.440,1642.055,296.6,79.14,100,46,90,16132.7,4.6,284.0,79.15,100,45,86,4.5,1191.6,279.7,79.15,100,37,89,17867.0,17194.1,267.3,79.14,100,39,86,2.0,5.2,26.0,3,3
1783013800.881,1642.497,298.8,79.14,100,45,90,4003.5,4.7,291.7,79.15,100,48,86,2.8,11830.0,280.2,79.15,100,37,88,20592.1,1643.4,272.4,79.14,100,41,87,2.2,4.8,26.0,3,3
1783013801.330,1642.946,300.1,79.14,100,48,90,8709.3,4.6,294.8,79.15,100,47,86,3.6,307.7,284.9,79.15,100,44,90,18824.3,17191.6,276.0,79.14,100,41,87,2.0,4.6,26.0,3,3
1783013801.772,1643.388,300.2,79.14,100,47,90,20707.8,4.8,295.7,79.15,100,52,86,5.8,5.3,285.3,79.15,99,37,90,20778.0,15283.8,277.9,79.14,100,48,87,954.2,5.1,26.0,3,3
1783013802.221,1643.836,301.2,79.14,100,47,90,20705.4,4.5,294.2,79.15,100,45,85,2.8,4.6,287.6,79.15,100,42,89,20727.1,13857.4,275.7,79.14,100,40,86,2695.7,4.9,26.0,3,3
1783013802.661,1644.276,299.4,79.14,100,47,90,20472.6,5.7,296.0,79.15,100,53,86,2.0,24.5,285.9,79.15,100,37,90,19407.4,17203.5,277.6,79.14,100,45,87,6.2,7.6,26.0,3,3
1783013803.108,1644.723,299.2,79.14,99,46,89,2.9,17117.4,294.3,79.15,99,44,85,20707.9,5.8,281.8,79.15,100,32,89,3.4,11365.7,273.4,79.14,100,34,87,15970.8,8542.4,26.0,3,3
1783013803.558,1645.173,299.2,79.14,99,46,89,4.2,12.0,287.5,79.15,100,45,86,20749.8,17106.5,281.8,79.15,100,32,89,20746.4,17184.3,273.4,79.14,100,34,87,20749.4,17186.9,29.0,4,3
1783013804.008,1645.623,297.2,79.14,100,46,90,20705.2,4.2,287.5,79.15,100,45,86,2.9,4.1,279.7,79.15,100,35,88,1010.4,16782.4,264.1,79.14,98,34,85,20751.3,4.3,29.0,4,3
1783013804.451,1646.066,290.9,79.14,99,63,90,3.5,5756.9,279.7,79.15,100,50,86,17588.4,13243.4,274.6,79.15,100,42,89,3.6,4.6,264.4,79.14,100,44,86,1.8,17295.9,29.0,4,3
1783013804.891,1646.507,292.2,79.14,100,60,90,9.1,4.8,287.1,79.15,100,47,86,489.9,17156.8,284.7,79.15,100,40,88,20756.1,4.7,272.9,79.14,100,43,87,2.7,4.8,29.0,4,3
1783013805.332,1646.947,300.0,79.14,100,52,90,2.6,5.6,301.5,79.15,100,48,85,9465.3,15044.6,292.7,79.15,100,43,90,12479.6,5.9,284.0,79.14,100,39,87,2.5,17245.6,29.0,4,3
1783013805.772,1647.388,299.1,79.14,100,43,90,17781.2,8492.2,295.5,79.15,100,46,86,2.2,5.7,286.5,79.15,100,35,89,20761.2,17186.6,276.6,79.14,100,37,86,3.9,5.9,29.0,4,3
1783013806.213,1647.829,296.6,79.14,100,44,90,2.5,14990.9,288.0,79.15,100,43,85,17813.4,3812.9,276.8,79.15,100,29,90,2.0,5.3,268.2,79.14,100,38,87,19743.9,14455.7,29.0,4,3
1783013806.654,1648.269,296.8,79.14,100,47,89,6657.9,14703.2,289.0,79.15,100,48,85,15789.8,8.8,277.6,79.15,100,46,89,6.0,5585.0,269.9,79.14,100,40,87,17552.3,11461.5,29.0,4,3
1783013807.104,1648.719,302.7,79.14,100,58,90,20023.2,17107.7,291.6,79.15,100,50,86,2.8,4.7,283.3,79.15,100,37,88,2.2,17234.3,271.4,79.14,100,40,87,20762.1,4.5,29.0,4,3
1783013807.548,1649.163,302.7,79.14,100,58,90,20710.4,17115.6,294.9,79.15,100,46,86,4.3,4.7,283.3,79.15,100,37,88,3.5,13699.5,271.4,79.14,100,40,87,17221.3,4954.7,29.0,4,3
1783013807.992,1649.607,301.6,79.14,100,48,90,15312.5,14114.9,294.9,79.15,100,46,86,7835.6,4.6,286.6,79.15,100,42,90,2.7,533.4,276.4,79.14,100,45,87,19311.2,17194.2,29.0,4,3
1783013808.435,1650.051,302.5,79.14,100,58,90,15864.2,14525.4,297.4,79.15,100,53,86,6975.1,4.6,287.1,79.15,100,40,89,2.8,524.0,279.0,79.14,100,42,86,18912.2,17193.7,29.0,4,3
1783013808.877,1650.492,299.3,79.14,100,49,89,11374.7,14361.0,293.9,79.15,100,48,86,11749.7,5.1,287.8,79.15,100,48,89,5.4,9118.1,276.2,79.14,100,40,87,17431.1,9547.3,29.0,4,3
1783013809.319,1650.934,298.6,79.14,100,49,90,15507.5,5.6,293.8,79.15,100,46,86,3.1,17108.8,284.9,79.15,100,37,89,20687.8,6.2,274.3,79.14,100,40,86,4.6,3903.6,29.0,4,3
1783013809.762,1651.377,299.3,79.14,100,44,90,20713.7,17114.7,289.7,79.15,100,47,86,5.3,5.9,283.2,79.15,100,30,89,14141.9,22570.7,270.3,79.14,100,37,86,1702.0,18033.5,32.0,4,2
1783013810.214,1651.829,291.3,79.14,100,9,91,1.9,4.5,284.4,79.15,100,9,86,3189.9,14404.7,270.1,79.15,100,12,90,20017.1,4.0,266.9,79.14,99,57,87,4.1,4.2,32.0,4,2
1783013810.655,1652.271,296.1,79.14,100,59,90,16263.3,17113.2,292.1,79.15,100,70,86,3.5,9.9,278.6,79.15,100,41,90,6.6,15179.7,274.8,79.14,100,58,87,19976.0,722.5,32.0,4,2
1783013811.102,1652.718,298.7,79.14,100,64,90,1.8,14861.2,296.5,79.15,100,60,86,15484.5,5704.8,295.9,79.15,100,41,89,2.8,4.9,283.0,79.14,100,53,87,8090.0,13148.4,32.0,4,2
1783013811.546,1653.161,298.7,79.14,100,64,90,4.5,9080.3,294.5,79.15,100,45,86,15678.1,11376.3,295.9,79.15,100,41,89,4.3,5.7,283.0,79.14,100,53,87,20777.7,15761.5,32.0,4,2
1783013811.987,1653.603,296.6,79.14,100,46,89,20707.2,5.9,294.5,79.15,100,45,86,2.2,15259.8,292.1,79.15,100,44,89,16388.2,4419.9,280.5,79.14,100,39,86,3.0,486.0,32.0,4,2
1783013812.431,1654.046,294.6,79.14,100,43,89,17231.7,13182.4,291.8,79.15,100,42,86,7114.9,5.4,282.5,79.15,100,28,90,2.6,17229.1,275.4,79.14,100,38,87,19220.4,1197.8,32.0,4,2
1783013812.872,1654.487,297.5,79.14,100,45,90,15720.0,4719.3,288.7,79.15,100,45,86,2.2,5.8,275.0,79.15,100,37,90,11881.1,13086.3,270.0,79.14,100,42,87,12319.1,5.3,32.0,4,2
1783013813.314,1654.929,298.5,79.14,100,46,89,20707.3,5.2,289.6,79.15,100,45,85,2.9,48.2,281.7,79.15,100,41,89,19112.9,17188.4,271.0,79.14,100,39,86,4.3,4.8,32.0,4,2
1783013813.759,1655.374,302.6,79.14,100,55,90,18746.3,7.6,292.6,79.15,100,56,86,5.9,4.0,285.7,79.15,100,38,88,20773.4,17196.8,274.7,79.14,100,44,86,5.3,4.8,32.0,4,2
1783013814.208,1655.823,300.1,79.14,100,48,89,20705.0,4.7,294.4,79.15,100,46,86,4.8,4.6,287.0,79.15,100,42,89,13637.4,13026.2,276.8,79.14,100,39,86,10558.7,4.7,32.0,4,2
1783013814.650,1656.265,299.5,79.14,100,45,90,17407.3,2573.9,296.7,79.15,100,48,86,3.7,8.9,285.6,79.15,100,37,89,16953.2,14877.4,276.4,79.14,100,45,87,3510.5,9.6,32.0,4,2
1783013815.096,1656.711,299.8,79.14,100,45,89,20411.9,42.8,293.0,79.15,100,45,85,1.9,4.6,285.3,79.15,100,42,89,16513.5,13173.6,275.7,79.14,100,40,86,7585.0,5.4,32.0,4,2
1783013815.537,1657.152,299.8,79.14,100,45,89,2.1,5.9,289.8,79.15,100,46,86,18604.0,13529.4,285.3,79.15,100,42,89,4766.3,5.9,275.7,79.14,100,40,86,2833.5,14853.1,32.0,4,2
1783013815.979,1657.595,298.4,79.14,100,46,90,20707.7,6.1,289.8,79.15,100,46,86,2.1,4738.2,285.0,79.15,100,33,89,16658.3,14638.5,272.5,79.14,100,36,85,3.0,6.1,35.0,5,2
1783013816.422,1658.037,295.9,79.14,100,42,90,17724.7,12026.5,287.6,79.15,100,44,86,1.8,4.5,277.9,79.15,100,33,89,1.7,17258.7,269.2,79.14,100,35,87,20725.0,4.9,35.0,5,2
1783013816.864,1658.479,290.4,79.14,100,51,90,3.5,3.6,282.9,79.15,100,61,86,20233.9,17109.1,270.5,79.15,100,42,90,2.6,8.2,266.7,79.14,100,60,87,4.5,13702.4,35.0,5,2
1783013817.311,1658.926,294.1,79.14,100,52,90,1.8,4.0,291.4,79.15,100,59,86,8.8,17165.0,281.8,79.15,100,41,90,19970.0,721.5,273.6,79.14,100,51,87,4.0,5.1,35.0,5,2
1783013817.754,1659.369,300.7,79.14,100,60,90,10.5,11.5,297.7,79.15,100,50,86,492.2,17136.2,294.7,79.15,100,37,89,20752.2,5.7,282.2,79.14,100,40,86,2.9,8196.8,35.0,5,2
1783013818.206,1659.821,298.1,79.14,100,46,90,20711.4,17109.7,293.5,79.15,100,43,86,3.6,6.0,287.2,79.15,100,36,89,17231.5,14754.7,274.5,79.14,100,39,86,4989.8,5.7,35.0,5,2
1783013818.649,1660.265,296.8,79.14,99,43,90,4.1,13014.8,289.6,79.15,100,44,86,17663.9,5705.2,278.8,79.15,100,32,89,7.3,11.6,269.4,79.14,100,38,86,19124.4,17192.5,35.0,5,2
1783013819.098,1660.713,297.3,79.14,100,45,90,20708.7,17108.1,284.3,79.15,100,46,86,1.8,4.8,280.6,79.15,100,40,89,1.9,17224.8,268.9,79.14,100,41,86,20755.0,5.5,35.0,5,2
1783013819.539,1661.155,297.3,79.14,100,45,90,18442.1,11407.3,292.8,79.15,100,59,86,2.0,4.9,280.6,79.15,100,40,89,3101.2,15225.1,268.9,79.14,100,41,86,19097.1,5.0,35.0,5,2
1783013819.981,1661.596,300.6,79.14,100,49,90,17467.3,16961.8,292.8,79.15,100,59,86,1.8,4.5,281.4,79.15,100,40,90,2.1,17240.1,274.6,79.14,100,42,87,20346.4,325.0,35.0,5,2
1783013820.422,1662.038,301.8,79.14,100,53,90,20475.6,14218.6,295.0,79.15,100,48,85,2711.6,4.5,286.7,79.15,100,43,89,1.9,3571.6,276.5,79.14,99,42,86,17517.0,15278.8,35.0,5,2
1783013820.864,1662.479,300.4,79.14,100,50,90,5997.6,14390.9,296.4,79.15,100,51,86,17048.4,4.8,288.3,79.15,100,40,90,5.3,505.9,279.6,79.14,99,49,87,18627.7,17193.3,35.0,5,2
1783013821.307,1662.922,299.5,79.14,100,55,90,1.8,17115.1,294.9,79.15,100,48,86,20705.1,4.5,286.3,79.15,99,40,88,2.4,10.7,276.3,79.14,99,42,86,20798.9,17192.9,35.0,5,2
1783013821.750,1663.366,298.8,79.14,100,47,90,20714.3,17109.9,294.2,79.15,100,45,86,6.9,6.0,286.0,79.15,100,38,90,19006.4,15808.9,275.3,79.14,100,41,87,296.1,5.8,35.0,5,2
1783013822.197,1663.812,298.5,79.14,100,47,90,3.1,17112.0,294.3,79.15,100,47,86,19915.8,734.5,280.6,79.15,100,37,88,3.0,813.5,272.9,79.14,100,34,87,18541.6,17187.3,38.0,5,1
1783013822.638,1664.254,294.5,79.14,98,12,89,2.5,4.4,284.6,79.15,99,7,87,1.9,12167.3,278.0,79.15,100,7,89,22823.0,1879.9,260.6,79.14,100,23,86,9.2,7.1,38.0,5,1
1783013823.087,1664.703,293.8,79.14,100,50,90,17450.7,17107.1,286.3,79.15,100,50,86,1.8,4.1,284.8,79.15,100,59,89,2.0,4692.3,271.2,79.14,99,43,85,15470.4,15737.3,38.0,5,1
1783013823.532,1665.147,293.8,79.14,100,50,90,1.7,10049.8,293.3,79.15,100,49,86,15617.4,10423.5,284.8,79.15,100,59,89,1.8,4.3,271.2,79.14,99,43,85,3.3,16259.4,38.0,5,1
1783013823.974,1665.590,298.8,79.14,100,50,89,5.0,4.8,293.3,79.15,100,49,85,20371.4,12773.8,292.3,79.15,99,54,90,3836.2,6.8,283.0,79.14,99,43,87,1.9,8310.5,38.0,5,1
1783013824.419,1666.034,300.4,79.14,100,45,90,16482.5,13385.3,299.5,79.15,100,50,86,7782.8,5.9,287.0,79.15,100,36,89,1069.1,16726.6,280.8,79.14,100,47,87,20748.2,5.8,38.0,5,1
1783013824.862,1666.477,298.4,79.14,100,44,90,4.7,3633.6,294.0,79.15,100,40,86,16826.2,15919.6,284.4,79.15,100,33,90,4.1,13.3,270.7,79.14,100,32,86,20769.3,14421.7,38.0,5,1
1783013825.306,1666.921,297.5,79.14,100,43,90,17645.4,17108.4,286.0,79.15,100,42,86,1.9,4.5,279.7,79.15,100,37,88,2.3,17214.0,266.9,79.14,100,40,87,20701.3,5.6,38.0,5,1
1783013825.750,1667.365,299.6,79.14,100,46,90,16400.0,5379.2,289.5,79.15,100,52,86,3.8,6.9,280.8,79.15,100,37,89,13904.5,12814.0,272.4,79.14,100,43,87,10713.5,11.0,38.0,5,1
1783013826.202,1667.817,298.5,79.14,100,45,90,20707.3,4.7,291.8,79.15,100,47,86,1.9,4.7,285.7,79.15,100,44,89,13571.3,12989.9,276.3,79.14,99,41,87,10755.6,4.6,38.0,5,1
1783013826.645,1668.260,300.4,79.14,100,48,90,16047.9,12465.2,294.9,79.15,100,56,86,2.7,5.6,286.2,79.15,100,38,90,1091.7,18083.7,277.5,79.14,100,46,87,12772.0,7.3,38.0,5,1
1783013827.097,1668.713,302.2,79.14,100,56,90,16034.2,13307.0,294.2,79.15,100,47,85,1.9,4.8,289.3,79.15,100,37,89,490.1,17250.6,276.2,79.14,100,39,86,20757.3,4.8,38.0,5,1
1783013827.541,1669.156,302.2,79.14,100,56,90,19818.4,17110.6,295.5,79.15,100,47,86,2.8,4.9,289.3,79.15,100,37,89,2.3,17236.1,276.2,79.14,100,39,86,20747.7,5.4,38.0,5,1
1783013827.984,1669.600,299.1,79.14,100,47,90,20708.9,5.6,295.5,79.15,100,47,86,3.8,5.6,285.7,79.15,100,36,90,19698.2,17195.5,278.3,79.14,100,46,87,3.1,5.9,38.0,5,1
1783013828.426,1670.042,298.8,79.14,100,45,89,1.9,17113.4,293.3,79.15,100,46,86,20702.8,5.9,283.6,79.15,100,38,89,2.6,14349.9,274.9,79.14,100,36,87,16321.3,5246.0,38.0,5,1
1783013828.870,1670.485,296.6,79.14,100,42,89,20131.9,14587.5,287.0,79.15,100,41,85,3807.0,4.6,279.3,79.15,100,32,90,6.6,1938.3,267.3,79.14,100,38,87,18317.1,16724.2,41.0,6,1
1783013829.313,1670.928,292.0,79.14,100,66,90,1.8,4.1,280.1,79.15,100,54,86,15141.6,13890.5,271.3,79.15,100,44,90,7869.2,4.2,261.4,79.14,100,45,86,2.2,4.2,41.0,6,1
1783013829.755,1671.371,294.0,79.14,100,64,90,13087.5,6.0,286.8,79.15,100,49,86,9.0,4.9,284.3,79.15,100,41,89,19719.5,17197.5,271.2,79.14,100,44,86,1.8,4.4,41.0,6,1
1783013830.203,1671.818,301.6,79.14,100,49,89,17417.4,9966.2,302.3,79.15,100,47,85,1.9,4.9,295.9,79.15,100,48,89,1979.9,15539.1,285.4,79.14,100,42,86,19868.7,7.3,41.0,6,1
1783013830.645,1672.261,298.6,79.14,100,46,90,570.4,5.4,297.8,79.15,100,45,86,231.3,20301.1,287.2,79.15,100,36,89,14084.4,12.4,277.4,79.14,100,38,85,4535.7,15251.3,41.0,6,1
1783013831.100,1672.716,297.2,79.14,100,43,90,20704.7,5.9,288.7,79.15,100,47,86,3.0,11759.0,279.4,79.15,100,35,89,17731.2,6506.0,269.7,79.14,100,36,86,2.9,5.3,41.0,6,1
1783013831.542,1673.157,297.2,79.14,100,43,90,9.0,13796.7,285.2,79.15,100,45,85,17795.9,4908.2,279.4,79.15,100,35,89,1.9,5.5,269.7,79.14,100,36,86,8014.1,14720.6,41.0,6,1
1783013831.988,1673.603,296.5,79.14,100,46,90,3419.7,14700.6,285.2,79.15,100,45,85,17626.7,6.0,280.2,79.15,100,37,89,2.8,4.1,270.2,79.14,100,42,86,20781.1,17188.3,41.0,6,1
1783013832.433,1674.049,301.0,79.14,100,46,90,9920.7,14470.2,291.9,79.15,100,45,86,12982.8,4.5,281.4,79.15,100,40,88,2.7,4.8,274.3,79.14,100,46,86,19722.5,17189.4,41.0,6,1
1783013832.875,1674.490,301.4,79.14,100,48,89,3.4,17116.2,295.5,79.15,100,47,85,20707.4,4.7,284.6,79.15,100,47,89,5.5,7.2,277.7,79.14,100,40,87,16972.0,14187.5,41.0,6,1
1783013833.318,1674.933,300.6,79.14,100,56,90,1.7,15065.4,295.7,79.15,100,56,86,16943.7,4276.4,286.4,79.15,100,39,88,2.3,4.7,279.5,79.14,100,47,87,8752.6,14777.9,41.0,6,1
1783013833.761,1675.376,298.5,79.14,100,47,90,7.5,17114.3,293.5,79.15,100,45,85,19100.4,1279.7,286.3,79.15,100,42,90,4.3,4.9,275.4,79.14,99,43,87,13948.2,14677.6,41.0,6,1
1783013834.207,1675.822,299.9,79.14,100,54,90,8886.2,14837.6,294.7,79.15,100,55,86,13642.7,5.3,285.4,79.15,100,38,89,3.2,14515.1,274.8,79.14,100,40,86,17835.3,3874.0,41.0,6,1
1783013834.651,1676.266,301.3,79.14,100,45,90,2.6,5.9,292.5,79.15,99,43,86,16740.0,15387.5,282.1,79.15,100,36,89,2878.3,11.4,270.4,79.14,100,39,85,10643.1,15007.9,41.0,6,1
1783013835.097,1676.713,295.8,79.14,98,41,90,20505.9,5702.2,285.7,79.15,98,38,86,20704.5,17104.4,276.4,79.15,98,8,91,20745.1,5.0,264.9,79.14,100,8,85,1.9,4.3,43.0,6,0
1783013835.537,1677.153,295.8,79.14,98,41,90,15519.5,9954.8,287.7,79.15,100,68,86,2.6,4.6,276.4,79.15,98,8,91,8.6,15523.7,264.9,79.14,100,8,85,14593.2,5729.5,43.0,6,0
1783013835.981,1677.597,294.4,79.14,100,57,90,5.7,6568.6,287.7,79.15,100,68,86,15468.5,14080.2,278.7,79.15,100,41,90,3.2,4.6,275.3,79.14,100,62,87,1.7,17298.0,43.0,6,0
1783013836.427,1678.043,297.0,79.14,100,55,90,2.7,4.5,294.6,79.15,100,58,86,5493.8,13151.4,290.3,79.15,100,40,89,18533.6,4.8,281.5,79.14,100,57,87,4.0,6.5,43.0,6,0
1783013836.871,1678.486,298.6,79.14,100,55,90,4.1,6861.3,298.2,79.15,100,46,86,16618.3,12809.8,294.1,79.15,100,36,88,5.7,7.9,281.0,79.14,100,39,87,20771.5,14989.5,43.0,6,0
1783013837.315,1678.930,298.3,79.14,100,45,90,12997.8,5.7,293.0,79.15,100,44,86,2.6,17111.6,286.2,79.15,100,34,88,20751.0,6.5,271.9,79.14,99,35,87,2.2,8826.8,43.0,6,0
1783013837.759,1679.374,296.6,79.14,100,38,90,5.7,15757.6,287.9,79.15,100,43,85,20706.0,5.5,278.7,79.15,100,35,89,4.2,8246.4,269.3,79.14,100,39,87,16137.5,11456.9,43.0,6,0
1783013838.203,1679.819,298.3,79.14,100,57,90,12592.1,13223.4,288.3,79.15,100,48,86,11818.5,5.1,280.4,79.15,100,38,89,2.0,13644.7,269.7,79.14,99,39,86,17761.2,4614.2,43.0,6,0
1783013838.646,1680.262,300.7,79.14,100,46,90,20708.6,17111.4,294.2,79.15,100,44,86,1.8,5.6,281.0,79.15,100,36,90,4.9,17251.9,276.4,79.14,100,47,87,20753.1,10.5,43.0,6,0
1783013839.093,1680.708,301.0,79.14,100,55,90,18290.1,12996.1,294.8,79.15,100,46,86,6870.5,4.9,285.8,79.15,100,39,88,2.4,7265.3,275.7,79.14,100,40,87,16134.8,12188.0,43.0,6,0
1783013839.534,1681.150,301.0,79.14,100,55,90,1797.5,15589.4,294.2,79.15,100,47,86,20707.4,4.7,285.8,79.15,100,39,88,3.1,15.8,275.7,79.14,100,40,87,19716.4,17194.6,43.0,6,0
1783013839.978,1681.593,299.5,79.14,100,48,90,1922.8,15448.0,294.2,79.15,100,47,86,20708.5,4.8,288.5,79.15,100,43,90,3.6,9.3,275.5,79.14,100,40,87,20779.6,17202.8,43.0,6,0
1783013840.421,1682.036,301.1,79.14,100,57,90,17765.9,13056.0,295.7,79.15,100,50,86,6857.1,5.5,284.7,79.15,100,37,89,2.1,17225.9,274.7,79.14,100,39,86,20753.6,5.9,43.0,6,0
1783013840.862,1682.477,299.9,79.14,100,46,90,2.1,5.6,293.3,79.15,100,45,86,15190.6,13351.8,282.3,79.15,100,37,88,8447.5,9.7,272.2,79.14,100,39,87,16404.1,13358.7,43.0,6,0
1783013841.313,1682.928,297.2,79.14,100,40,90,2749.5,2269.6,290.9,79.15,100,37,86,2834.2,2732.5,278.9,79.15,100,32,88,2710.1,2546.7,268.6,79.14,100,35,87,2755.9,2407.1,46.0,7,0
1783013841.755,1683.370,298.1,79.14,99,63,90,2712.2,2169.3,286.6,79.15,100,63,85,2834.3,3430.9,280.1,79.15,99,55,89,2805.1,3265.5,268.5,79.14,99,57,86,2727.5,2974.1,46.0,7,0
1783013842.200,1683.815,302.9,79.14,100,63,89,2563.8,2169.0,295.1,79.15,100,63,85,2862.4,3710.8,286.6,79.15,100,55,89,2854.5,3372.6,276.0,79.14,99,57,86,2767.7,3076.8,46.0,8,0
1783013842.642,1684.257,304.8,79.14,100,63,89,2580.4,2132.4,303.0,79.15,100,63,85,2858.8,3789.2,293.4,79.15,100,54,89,2892.8,3647.4,279.6,79.14,99,57,86,2793.4,3937.9,46.0,8,0
1783013843.092,1684.707,300.1,79.14,99,63,89,2561.3,2085.1,302.3,79.15,100,63,85,2806.7,3581.4,294.3,79.15,100,55,89,2826.5,3532.6,280.4,79.14,100,58,86,2791.8,3204.6,46.0,8,0
1783013843.535,1685.150,300.1,79.14,99,63,89,2600.8,2135.4,302.1,79.15,100,63,85,2816.1,3470.3,294.3,79.15,100,55,89,2839.6,3637.8,280.4,79.14,100,58,86,2765.3,3219.2,46.0,8,0
1783013843.978,1685.593,300.0,79.14,100,64,89,2573.4,2104.8,302.1,79.15,100,63,85,2758.7,3515.2,295.4,79.15,100,54,89,2835.9,3659.0,281.8,79.14,100,58,86,2773.5,3272.2,47.0,8,0
1783013844.421,1686.037,300.0,79.14,100,64,89,2539.8,2133.9,301.1,79.15,100,64,85,2790.6,3417.0,296.2,79.15,100,55,89,2819.4,3357.5,282.4,79.14,99,58,86,2758.1,3092.9,47.0,8,0
1783013844.864,1686.479,300.0,79.14,100,63,89,2523.6,2135.2,300.4,79.15,100,63,85,2808.0,3274.0,296.6,79.15,100,54,89,2821.6,3866.9,282.4,79.14,99,58,86,2742.6,3300.5,47.0,8,0
1783013845.308,1686.924,300.0,79.14,100,64,89,2539.9,2071.6,300.2,79.15,100,64,85,2772.0,3477.8,296.7,79.15,99,56,89,2790.3,3690.0,282.4,79.14,100,58,86,2752.8,3219.5,47.0,8,0
1783013845.749,1687.365,300.0,79.14,100,64,89,2584.5,2144.2,300.3,79.15,100,64,85,2794.6,3339.4,296.9,79.15,100,56,89,2834.9,3790.5,283.0,79.14,100,58,86,2753.8,3244.1,47.0,8,0
1783013846.196,1687.811,300.0,79.14,100,64,89,2728.8,2101.4,300.4,79.15,99,64,85,2799.4,3351.2,297.7,79.15,100,55,89,2813.6,3647.1,283.5,79.14,100,58,86,2750.4,3106.7,47.0,8,0
1783013846.639,1688.254,300.0,79.14,100,63,89,2458.5,2065.3,299.9,79.15,100,63,85,2927.3,3433.5,297.5,79.15,100,55,89,3243.7,3783.7,283.2,79.14,100,58,86,2808.0,3308.4,47.0,8,0
1783013847.088,1688.704,300.0,79.14,100,63,89,2561.7,2117.8,299.6,79.15,100,63,85,2772.0,3466.6,297.2,79.15,100,55,89,2838.3,3745.6,282.7,79.14,100,58,86,2762.5,3284.4,47.0,8,0
1783013847.531,1689.146,300.0,79.14,100,63,89,2527.8,2109.5,299.6,79.15,100,63,85,2803.1,3457.4,297.2,79.15,100,55,89,2814.3,3569.2,282.7,79.14,100,58,86,2725.9,3271.2,47.0,8,0
1783013847.972,1689.588,300.0,79.14,100,64,89,2443.6,2083.1,299.9,79.15,100,63,85,2785.5,3708.4,297.0,79.15,99,55,89,2844.8,3701.6,282.9,79.14,99,58,86,2753.5,3233.3,47.0,8,0
1783013848.418,1690.033,300.0,79.14,100,64,89,2536.6,2077.6,300.1,79.15,100,63,85,2679.6,3401.2,297.0,79.15,99,55,89,2823.9,3589.0,283.2,79.14,100,58,86,2720.2,3201.2,47.0,8,0
1783013848.861,1690.476,300.0,79.14,100,64,89,2540.0,2102.0,300.2,79.15,99,63,85,2781.5,3340.0,297.9,79.15,99,56,89,2959.2,3577.9,283.5,79.14,100,58,86,2750.8,3236.9,47.0,8,0
1783013849.306,1690.921,300.0,79.14,100,64,89,2519.6,2101.8,300.2,79.15,100,64,85,2760.6,3407.2,298.3,79.15,100,56,89,2847.3,3531.8,284.0,79.14,100,58,86,2739.3,3218.3,47.0,8,0
1783013849.748,1691.363,300.0,79.14,100,64,89,2563.6,2213.1,300.1,79.15,99,63,85,2791.4,3396.8,298.5,79.15,100,55,89,2931.4,3549.7,283.7,79.14,100,58,86,2699.4,3152.5,47.0,8,0
1783013850.202,1691.817,300.0,79.14,100,64,89,2519.6,2101.9,299.9,79.15,100,63,85,2860.5,3813.9,298.6,79.15,100,55,89,2732.3,3576.4,283.3,79.14,100,58,86,2630.9,3163.7,47.0,8,0
1783013850.648,1692.263,300.0,79.14,100,64,89,2539.9,2076.3,300.0,79.15,100,64,85,2792.8,3614.6,298.5,79.15,100,56,89,2835.0,4211.6,283.6,79.14,100,58,86,2758.9,3183.8,47.0,8,0
1783013851.102,1692.717,300.0,79.14,100,63,89,2560.1,2087.8,299.8,79.15,100,63,85,2787.9,3419.3,298.0,79.15,100,55,89,2834.3,3413.7,283.0,79.14,100,58,86,2753.6,3209.6,47.0,8,0
1783013851.545,1693.160,300.0,79.14,100,63,89,2593.8,2135.2,299.5,79.15,100,63,85,2832.5,3316.6,298.0,79.15,100,55,89,2823.8,3470.7,283.0,79.14,100,58,86,2769.6,3119.3,47.0,8,0
1783013851.986,1693.602,300.0,79.14,100,63,89,2585.3,2127.8,299.5,79.15,100,63,85,2796.4,3421.7,297.0,79.15,99,54,89,2828.5,3662.8,281.7,79.14,100,57,86,2786.4,3133.3,47.0,8,0
1783013852.429,1694.045,300.0,79.14,100,63,89,2560.7,2135.3,299.3,79.15,100,63,85,2801.5,3369.2,296.0,79.15,99,55,89,2825.4,3497.0,281.1,79.14,100,57,86,2786.6,3229.0,47.0,8,0
1783013852.871,1694.487,300.0,79.14,100,63,89,2600.8,2146.4,299.6,79.15,99,63,85,2751.8,3367.8,296.2,79.15,99,55,89,2829.4,3681.6,281.4,79.14,100,57,86,2763.4,3076.1,47.0,8,0
1783013853.315,1694.931,300.0,79.14,100,63,89,2560.2,2153.8,299.8,79.15,100,63,85,2828.3,3419.7,295.8,79.15,99,54,89,2842.6,3507.6,281.1,79.14,99,58,86,2751.8,3191.1,47.0,8,0
1783013853.758,1695.373,300.0,79.14,99,63,89,2625.8,2185.9,300.0,79.15,99,63,85,2817.7,3442.6,295.8,79.15,99,54,89,2849.4,3491.7,281.1,79.14,100,57,86,2743.6,2993.7,47.0,8,0
1783013854.203,1695.818,300.0,79.14,100,63,89,2581.4,2118.5,299.9,79.15,100,63,85,2813.5,3586.2,296.1,79.15,100,55,89,2846.2,3872.2,281.1,79.14,100,57,86,2774.4,3236.7,47.0,8,0
1783013854.651,1696.267,300.0,79.14,100,63,89,2560.1,2134.8,299.8,79.15,99,63,85,2841.3,3440.4,295.9,79.15,100,54,89,3349.5,4325.5,280.7,79.14,100,57,86,2771.0,3135.6,47.0,8,0
1783013855.106,1696.721,300.0,79.14,100,63,89,2580.5,2135.3,299.9,79.15,100,63,85,2829.0,3450.9,295.8,79.15,100,54,89,2842.9,3479.3,280.4,79.14,99,57,86,2757.1,2964.9,47.0,8,0
1783013855.549,1697.164,300.0,79.14,100,63,89,2577.5,2151.9,300.1,79.15,100,63,85,2808.9,3499.5,295.8,79.15,100,54,89,2840.7,3713.7,280.4,79.14,99,57,86,2760.6,2973.4,47.0,8,0
1783013855.992,1697.607,300.0,79.14,100,63,89,2602.4,2153.5,300.1,79.15,100,63,85,2823.1,3421.5,295.9,79.15,100,55,89,2826.0,3520.2,280.5,79.14,100,57,86,2758.7,3100.1,47.0,8,0
1783013856.438,1698.053,300.0,79.14,100,63,89,2621.7,2168.7,300.0,79.15,99,63,85,2833.6,3348.5,295.9,79.15,99,54,89,2850.3,3386.9,280.6,79.14,99,57,86,2755.0,3129.3,47.0,8,0
1783013856.879,1698.494,300.0,79.14,100,63,89,2602.5,2108.1,299.7,79.15,99,62,85,2836.1,4340.4,295.1,79.15,99,54,89,2990.6,3713.8,280.4,79.14,100,57,86,2754.5,3069.4,47.0,8,0
1783013857.331,1698.946,300.0,79.14,100,63,89,2600.7,2135.2,299.9,79.15,100,63,85,2812.6,3297.3,295.1,79.15,100,54,89,2839.6,3401.2,280.5,79.14,99,57,86,2782.3,3169.3,47.0,8,0
1783013857.774,1699.389,300.0,79.14,100,63,89,2584.4,2121.3,300.0,79.15,100,63,85,2834.6,3484.4,295.7,79.15,100,55,89,2803.3,3541.1,281.0,79.14,99,57,86,2733.8,2914.1,47.0,8,0
1783013858.218,1699.833,300.0,79.14,100,63,89,2561.1,2156.2,300.2,79.15,100,63,85,2793.0,3459.7,296.1,79.15,100,54,89,2852.2,3287.4,280.9,79.14,99,57,86,2758.5,3278.9,47.0,8,0
1783013858.662,1700.277,300.0,79.14,100,63,89,2601.5,2118.6,300.1,79.15,100,63,85,2830.4,4021.7,295.8,79.15,100,54,89,2838.6,3835.4,280.7,79.14,100,57,86,3022.7,3110.4,47.0,8,0
1783013859.114,1700.729,300.0,79.14,100,63,89,2600.9,2152.0,300.1,79.15,100,63,85,2819.3,3452.5,295.6,79.15,100,54,89,2838.1,3442.3,280.5,79.14,100,57,86,2758.7,3108.9,48.0,8,0
1783013859.556,1701.171,300.0,79.14,100,63,89,2601.7,2152.0,300.2,79.15,100,63,85,2817.9,3581.0,295.6,79.15,100,54,89,2851.8,3695.1,280.5,79.14,100,57,86,2785.0,3144.8,48.0,8,0
1783013859.998,1701.614,300.0,79.14,100,63,89,2621.0,2150.1,300.2,79.15,100,63,85,2784.8,3507.1,295.6,79.15,99,54,89,2818.9,3492.7,280.5,79.14,100,58,86,2762.9,3088.4,48.0,8,0
1783013860.444,1702.060,300.0,79.14,100,63,89,2581.1,2137.9,300.1,79.15,100,63,85,2778.4,3314.7,295.7,79.15,99,55,89,2825.7,3549.1,280.6,79.14,100,57,86,2767.3,2977.9,48.0,8,0
1783013860.888,1702.503,300.0,79.14,100,64,89,2602.4,2133.7,300.3,79.15,100,63,85,2808.1,3419.3,296.4,79.15,99,55,89,2891.3,3602.5,280.9,79.14,99,57,86,2724.9,3091.3,48.0,8,0
1783013861.331,1702.946,300.0,79.14,100,63,89,2580.5,2118.6,299.9,79.15,99,63,85,2801.1,3417.4,296.2,79.15,100,55,89,2823.7,3793.4,281.0,79.14,100,58,86,2765.0,3083.4,48.0,8,0
1783013861.774,1703.389,300.0,79.14,100,64,89,2573.2,2270.5,299.9,79.15,100,63,85,2807.5,3326.7,296.2,79.15,100,55,89,2845.2,3491.5,281.1,79.14,100,57,86,2749.1,3309.6,48.0,8,0
1783013862.223,1703.838,300.0,79.14,100,63,89,2560.1,2118.4,300.2,79.15,99,63,85,2825.3,3435.6,296.8,79.15,100,55,89,2833.9,3474.8,281.7,79.14,99,58,86,2748.4,3042.4,48.0,8,0
1783013862.666,1704.281,300.0,79.14,100,63,89,2600.8,2134.2,300.0,79.15,100,63,85,3401.5,3310.5,296.9,79.15,99,55,89,3671.4,2193.9,281.6,79.14,100,58,86,2.9,0.5,,,
1783013864.098,1705.713,290.7,79.14,100,59,90,20708.6,16142.8,274.1,79.15,99,48,86,83.3,4.4,278.5,79.15,99,43,89,4.3,511.0,276.0,79.14,99,44,86,19712.1,17201.9,48.0,8,0
1783013864.607,1706.222,296.8,79.14,100,47,89,1.9,4.6,299.3,79.15,100,46,85,29.9,17129.3,290.3,79.15,100,42,90,20747.4,5.8,283.5,79.14,99,40,87,5.8,16441.0,48.0,8,0
1783013865.057,1706.672,296.8,79.14,100,47,89,18322.9,16617.8,295.4,79.15,100,46,87,2.1,5.9,290.3,79.15,100,42,90,20758.1,16233.5,283.5,79.14,99,40,87,6.6,5.6,48.0,8,0
1783013865.500,1707.115,296.8,79.14,100,46,90,3.8,17110.4,295.4,79.15,100,46,87,20702.9,5.9,284.0,79.15,100,31,90,4.2,6.6,276.1,79.14,100,33,87,19704.3,17202.1,48.0,8,0
1783013865.941,1707.557,297.1,79.14,100,44,90,20711.1,17107.7,288.7,79.15,100,43,86,5.1,4.6,278.8,79.15,100,37,89,2.4,17224.5,267.6,79.14,100,41,87,20756.5,10.6,48.0,8,0
1783013866.387,1708.002,299.4,79.14,100,48,89,17626.6,9714.3,289.8,79.15,100,48,86,3.6,5.0,281.3,79.15,100,42,90,7857.0,15430.9,271.3,79.14,100,41,87,11230.8,4.9,48.0,8,0
1783013866.830,1708.445,300.5,79.14,100,50,90,17666.0,9600.1,289.6,79.15,100,45,86,2.7,4.6,287.1,79.15,100,40,89,492.5,16761.9,274.5,79.14,100,42,86,20750.7,8.1,48.0,8,0
1783013867.271,1708.886,301.4,79.14,100,49,90,20709.5,17110.8,295.7,79.15,100,48,86,1.9,5.0,287.1,79.15,100,42,90,1.8,11334.0,277.1,79.14,100,45,87,17418.0,7416.9,48.0,8,0
1783013867.712,1709.327,302.8,79.14,100,58,90,19506.3,14705.9,298.3,79.15,100,54,86,3325.8,11.2,288.5,79.15,100,37,89,5.6,17242.9,277.8,79.14,100,40,85,20749.4,4.7,48.0,8,0
1783013868.164,1709.780,299.1,79.14,100,49,89,20708.1,17110.9,295.8,79.15,100,47,86,1.8,5.4,290.0,79.15,100,43,90,2.3,13555.7,277.4,79.14,100,41,87,17508.6,5175.5,48.0,8,0
1783013868.608,1710.223,299.1,79.14,100,47,90,17597.9,2551.0,293.1,79.15,100,45,86,3.5,2207.2,286.1,79.15,100,37,89,18288.8,15758.3,275.8,79.14,99,39,86,6.3,12.0,48.0,8,0
1783013869.053,1710.669,299.1,79.14,100,47,90,7955.7,15063.7,289.0,79.15,100,43,85,14253.7,5.7,286.1,79.15,100,37,89,2.2,16403.1,275.8,79.14,99,39,86,18821.2,1573.0,48.0,8,0
1783013869.495,1711.110,297.4,79.14,100,40,89,3.8,4.5,289.0,79.15,100,43,85,500.2,17110.7,282.5,79.15,100,34,90,20755.9,4.6,270.4,79.14,100,40,87,1.9,4.5,48.0,8,0
1783013869.937,1711.553,291.8,79.14,100,31,90,15259.2,10732.7,284.0,79.15,100,47,86,5.0,4.2,274.7,79.15,100,51,90,1.9,13103.1,268.3,79.14,100,45,87,15133.4,7419.2,48.0,8,0
1783013870.378,1711.994,295.8,79.14,100,50,90,1.9,15290.8,292.0,79.15,100,51,86,15215.9,5342.2,282.7,79.15,100,46,90,2.1,4.5,275.7,79.14,100,46,87,1.7,17286.6,48.0,8,0
1783013870.820,1712.435,303.0,79.14,100,50,90,2.7,4.7,304.0,79.15,100,60,86,20717.5,17107.0,293.6,79.15,100,41,90,2.4,4.7,284.9,79.14,100,48,87,2.0,17253.1,48.0,8,0
1783013871.263,1712.879,299.0,79.14,100,48,89,20708.8,16687.1,295.1,79.15,100,45,85,3.3,5.9,290.6,79.15,100,35,90,9247.9,13717.8,276.9,79.14,100,37,87,14208.0,5.8,48.0,8,0
1783013871.705,1713.320,295.0,79.14,100,43,91,7.0,12423.9,291.1,79.15,100,44,85,16226.6,6451.1,282.8,79.15,100,33,90,8.0,5.2,269.6,79.14,100,34,87,20740.4,17196.0,48.0,8,0
1783013872.151,1713.766,297.8,79.14,100,44,90,18404.7,11204.6,288.5,79.15,100,45,86,1.9,4.5,276.8,79.15,100,37,90,1076.8,16727.0,269.3,79.14,99,39,87,20750.2,5.2,48.0,8,0
1783013872.593,1714.209,299.8,79.14,100,46,89,20711.8,5.0,288.9,79.15,100,44,85,4.5,4.6,283.3,79.15,100,38,90,13942.9,13433.0,270.4,79.14,100,41,87,9888.5,10.5,48.0,8,0
1783013873.037,1714.653,299.8,79.14,100,46,89,20707.0,5.1,292.8,79.15,100,52,86,2.7,4.7,283.3,79.15,100,38,90,20561.2,12763.5,270.4,79.14,100,41,87,3837.9,4.5,48.0,8,0
1783013873.478,1715.094,302.5,79.14,100,49,90,18231.7,2052.6,292.8,79.15,100,52,86,1.9,4.8,286.1,79.15,100,38,89,12682.3,13024.8,274.0,79.14,100,49,87,11821.1,4.6,48.0,8,0
1783013873.920,1715.535,299.5,79.14,100,47,90,18515.8,1742.8,294.1,79.15,100,46,87,5.1,6.9,287.6,79.15,100,43,90,16122.2,13029.9,277.0,79.14,100,41,87,8435.8,4.8,48.0,8,0
1783013874.362,1715.977,299.7,79.14,100,49,90,20705.0,4.6,294.4,79.15,100,52,86,2.8,5.1,286.7,79.15,100,38,89,20771.3,17198.9,277.1,79.14,100,44,86,4.5,7.1,48.0,8,0
1783013874.805,1716.421,299.9,79.14,100,47,89,3.8,5.3,294.8,79.15,100,47,85,16670.9,13158.8,284.3,79.15,100,42,90,7129.8,6.0,275.9,79.14,100,39,87,1787.2,15751.5,6.0,0,7
1783013875.732,1717.347,296.1,79.14,100,42,90,5.8,1744.1,284.5,79.15,98,40,86,17525.8,12764.3,272.7,79.15,98,21,90,1.9,4.5,256.0,79.14,100,10,86,1.8,17273.3,6.0,0,7
1783013876.183,1717.798,290.3,79.14,100,60,90,2.7,9.6,281.3,79.15,100,64,86,8.5,30.8,273.1,79.15,100,42,90,19713.7,17195.5,266.1,79.14,100,62,87,2.9,4.5,6.0,0,7
1783013876.626,1718.242,293.6,79.14,100,59,90,20199.8,13947.5,289.7,79.15,100,55,86,1.9,4.3,284.1,79.15,100,42,89,2.3,13280.8,277.4,79.14,100,50,86,17658.9,3826.4,6.0,0,7
1783013877.075,1718.690,298.0,79.14,100,47,89,20709.6,17109.0,299.4,79.15,100,46,86,2.0,4.8,284.1,79.15,100,42,89,3.2,14488.4,277.4,79.14,100,50,86,17007.6,4466.7,6.0,0,7
1783013877.518,1719.133,298.0,79.14,100,47,89,2.3,5.9,299.4,79.15,100,46,86,11925.1,14764.5,293.3,79.15,100,42,90,10397.0,6.0,278.4,79.14,100,40,87,490.3,16752.5,6.0,0,7
1783013877.960,1719.575,296.8,79.14,100,45,90,19501.5,992.0,293.0,79.15,100,45,85,2.1,286.3,286.5,79.15,100,30,90,18954.7,17192.7,276.2,79.14,100,36,87,3.6,5.3,6.0,0,7
1783013878.401,1720.016,296.7,79.14,100,44,89,3.5,4.6,288.5,79.15,100,44,86,4993.7,14697.6,276.1,79.15,100,36,90,17328.3,4.7,269.0,79.14,100,41,87,2.8,3.8,6.0,0,7
1783013878.843,1720.458,297.4,79.14,100,49,90,1.9,4.5,289.5,79.15,100,48,86,14013.2,14464.5,280.2,79.15,100,42,90,8158.9,5.2,270.6,79.14,100,40,87,5.1,14930.5,6.0,0,7
1783013879.288,1720.903,302.5,79.14,100,49,90,2.9,4.6,292.2,79.15,100,49,86,20532.2,14596.7,285.0,79.15,100,40,90,1531.3,4.5,272.9,79.14,100,42,86,2.0,5311.7,6.0,0,7
1783013879.731,1721.347,301.0,79.14,100,48,89,5.2,10.3,295.6,79.15,100,48,85,15970.4,13951.9,287.6,79.15,100,47,90,7176.6,5.0,276.9,79.14,100,41,87,2.6,533.7,6.0,0,7
1783013880.180,1721.795,300.3,79.14,99,53,90,2.7,4.6,297.2,79.15,100,57,86,6183.9,14861.7,287.2,79.15,100,38,89,16209.2,10.4,279.0,79.14,100,44,87,8.4,2911.1,6.0,0,7
1783013880.625,1722.241,299.2,79.14,100,50,90,1.8,4.5,294.6,79.15,100,47,86,9117.4,15285.3,288.0,79.15,100,42,90,10445.3,7.6,276.1,79.14,100,41,87,8.1,5808.8,6.0,0,7
1783013881.075,1722.691,298.9,79.14,100,47,90,2.0,14525.9,292.4,79.15,100,47,86,17468.7,4402.0,288.0,79.15,100,42,90,4.5,739.5,276.1,79.14,100,41,87,18815.2,17202.5,6.0,0,7
1783013881.517,1723.132,298.9,79.14,100,47,90,4336.7,5.6,292.4,79.15,100,47,86,490.7,17112.6,286.1,79.15,100,38,89,20744.1,5.5,273.9,79.14,100,40,86,3.0,9294.6,6.0,0,7
1783013881.959,1723.574,299.0,79.14,99,40,90,16052.4,9742.9,289.1,79.15,100,44,86,1.8,4.4,283.2,79.15,100,34,90,1.9,17232.5,270.2,79.14,100,39,86,20757.0,5.2,9.0,0,6
1783013882.401,1724.017,290.3,79.14,99,24,90,3.4,3473.1,282.3,79.15,100,40,85,15969.6,16959.8,278.9,79.15,100,54,90,3.9,4.2,268.0,79.14,100,45,87,1.8,7310.4,9.0,0,6
1783013882.844,1724.460,295.2,79.14,100,51,90,1.8,4.4,290.9,79.15,100,46,86,1.9,11497.5,285.4,79.15,100,53,90,15513.4,8837.4,275.8,79.14,100,42,87,5.3,7.2,9.0,0,6
1783013883.292,1724.907,300.6,79.14,100,49,90,16662.5,5.3,300.5,79.15,100,58,86,1.9,9.9,293.4,79.15,100,41,90,19703.8,17198.7,286.1,79.14,99,51,87,1.9,4.8,9.0,0,6
1783013883.733,1725.349,299.6,79.14,100,54,90,5.9,11.2,295.3,79.15,100,45,86,20713.0,17106.5,286.8,79.15,100,36,90,2.6,5.9,277.0,79.14,100,38,86,15462.5,13369.0,9.0,0,6
1783013884.182,1725.797,295.8,79.14,100,39,89,20705.3,5.9,288.1,79.15,100,44,86,3.1,13859.6,279.7,79.15,100,35,90,16354.6,5850.5,268.4,79.14,100,37,87,2.2,495.9,9.0,0,6
1783013884.627,1726.242,296.3,79.14,100,46,90,2.1,12995.7,288.4,79.15,100,45,85,16761.1,6616.6,277.9,79.15,100,40,90,2.6,7.5,269.8,79.14,100,39,87,13662.8,14830.4,9.0,0,6
1783013885.078,1726.693,299.2,79.14,100,49,90,7437.8,13737.7,289.8,79.15,100,44,86,16502.1,4.6,277.9,79.15,100,40,90,3.1,4.3,269.8,79.14,100,39,87,20782.4,17026.9,9.0,0,6
1783013885.520,1727.135,299.2,79.14,100,49,90,4343.2,13576.1,289.8,79.15,100,44,86,19829.7,4.6,282.6,79.15,100,36,89,2.8,4.6,270.4,79.14,100,40,86,20786.8,14378.5,9.0,0,6
1783013885.961,1727.577,302.4,79.14,100,48,90,1.9,15632.7,294.9,79.15,100,52,86,15671.5,4755.4,287.1,79.15,100,37,90,2.3,4.6,276.6,79.14,100,49,87,4913.2,13606.5,9.0,0,6
1783013886.405,1728.020,301.0,79.14,100,54,90,7.2,6244.3,295.4,79.15,100,46,86,16204.1,13734.7,287.1,79.15,100,38,89,4.0,4.8,276.2,79.14,100,40,86,492.3,16771.0,9.0,0,6
1783013886.847,1728.462,298.9,79.14,100,45,89,2.2,3303.5,293.9,79.15,100,45,86,16308.5,16579.5,288.2,79.15,100,41,90,2.2,5.1,275.5,79.14,100,41,87,1076.9,16763.8,9.0,0,6
1783013887.290,1728.906,300.3,79.14,100,52,90,1907.0,15511.7,294.9,79.15,100,47,86,20703.2,6.6,285.9,79.15,100,38,89,2.1,7717.2,275.2,79.14,100,39,87,16362.6,12180.6,9.0,0,6
1783013887.731,1729.346,300.0,79.14,100,40,90,5.6,12.5,291.1,79.15,100,40,86,20713.7,17106.2,283.2,79.15,100,33,88,2.7,5.9,270.2,79.14,100,36,87,9330.5,13577.9,9.0,0,6
1783013888.184,1729.799,297.6,79.14,100,44,91,16739.5,16555.3,288.3,79.15,100,46,85,17408.7,12328.2,273.3,79.15,100,31,89,2.7,4.7,264.7,79.14,98,18,85,1.8,17246.6,12.0,1,6
1783013888.626,1730.241,288.4,79.14,100,51,89,1.8,3.9,281.7,79.15,100,50,85,2.1,10455.4,278.0,79.15,100,56,90,23364.8,3431.8,267.3,79.14,100,45,87,9.7,6.6,12.0,1,6
1783013889.075,1730.690,293.1,79.14,100,50,89,20705.2,4.9,291.1,79.15,100,48,86,2.8,4.4,278.0,79.15,100,56,90,3983.1,14436.5,267.3,79.14,100,45,87,18936.1,4.3,12.0,1,6
1783013889.520,1731.135,293.1,79.14,100,50,89,20713.1,17109.6,291.1,79.15,100,48,86,3.7,4.7,285.3,79.15,100,48,90,3.7,16929.4,275.0,79.14,100,45,87,18645.5,1675.2,12.0,1,6
1783013889.963,1731.578,301.1,79.14,100,46,90,5642.8,7.8,300.6,79.15,100,53,86,2.9,17116.9,287.8,79.15,99,37,89,20744.7,6.1,280.5,79.14,100,45,87,3.8,9878.2,12.0,1,6
1783013890.411,1732.026,298.5,79.14,100,46,90,19156.0,15931.2,294.4,79.15,100,46,86,4.7,6.1,284.0,79.15,100,37,89,20757.2,17198.1,273.1,79.14,100,33,87,2.0,5.6,12.0,1,6
1783013890.856,1732.471,297.0,79.14,100,38,90,2.0,5.1,287.7,79.15,100,38,86,20712.3,17104.4,279.6,79.15,100,36,89,2.3,7.4,266.9,79.14,100,40,87,4.6,15527.7,12.0,1,6
1783013891.302,1732.917,299.7,79.14,100,54,90,2.9,9249.4,287.3,79.15,100,55,86,17864.4,9480.4,280.7,79.15,100,39,88,4.0,4.6,269.3,79.14,100,44,87,1071.2,16767.4,12.0,1,6
1783013891.742,1733.357,298.5,79.14,100,48,89,5.9,3178.1,292.3,79.15,100,47,85,23110.2,7105.3,285.0,79.15,100,41,90,2.0,4.6,276.2,79.14,100,41,87,2266.0,15334.9,12.0,1,6
1783013892.191,1733.806,301.3,79.14,100,57,90,1.9,4.2,294.7,79.15,100,57,86,20231.0,17110.2,286.5,79.15,100,39,88,2.7,4.8,277.0,79.14,100,46,86,2.4,14624.4,12.0,1,6
1783013892.631,1734.247,300.0,79.14,100,49,90,2.7,4.8,295.2,79.15,100,48,87,13422.0,14451.0,289.1,79.15,100,46,90,9022.1,11.5,277.0,79.14,100,40,86,8.4,9485.6,12.0,1,6
1783013893.083,1734.698,299.5,79.14,100,51,90,2.0,4.6,297.6,79.15,100,58,86,19228.5,14079.1,289.1,79.15,100,46,90,3549.2,4.8,279.2,79.14,100,46,87,4.4,7277.5,12.0,1,6
1783013893.526,1735.141,299.5,79.14,100,51,90,2.7,2898.7,297.6,79.15,100,58,86,18373.9,15367.5,287.0,79.15,100,39,89,2.1,5.1,279.2,79.14,100,46,87,4151.5,14710.0,12.0,1,6
1783013893.970,1735.585,299.2,79.14,100,46,89,20078.3,6.3,293.3,79.15,100,45,86,2.8,6585.9,285.6,79.15,100,38,90,18093.1,11470.8,275.4,79.14,100,40,87,4.6,6.0,12.0,1,6
1783013894.412,1736.028,296.6,79.14,100,46,91,8983.2,17109.5,288.7,79.15,100,45,85,20705.7,4023.0,281.7,79.15,100,30,90,20321.3,13155.7,272.3,79.14,100,35,87,14642.2,4.5,14.0,1,5
1783013894.857,1736.472,294.6,79.14,100,9,91,1.6,17115.4,281.6,79.15,100,11,88,20709.8,4.3,274.7,79.15,100,26,89,2.8,6.9,265.3,79.14,100,57,87,6435.1,12520.4,14.0,1,5
1783013895.309,1736.924,298.7,79.14,100,72,90,3.5,4.2,288.8,79.15,100,62,86,511.3,17118.1,283.1,79.15,100,41,89,20750.0,10.2,273.2,79.14,100,56,87,2.7,4.4,14.0,1,5
1783013895.750,1737.365,299.2,79.14,100,66,90,20712.4,7.3,297.4,79.15,100,49,87,6.3,4.4,296.5,79.15,100,40,90,20772.9,17200.4,285.1,79.14,100,43,86,2.0,5.0,14.0,1,5
1783013896.195,1737.811,295.7,79.14,100,45,90,1262.8,5.8,297.5,79.15,100,45,85,3500.3,14113.8,290.0,79.15,100,43,90,19679.9,5.6,280.2,79.14,100,38,87,3.0,10544.1,14.0,1,5
1783013896.638,1738.253,295.5,79.14,100,41,89,17763.3,17108.6,291.5,79.15,100,41,85,2.3,6.0,280.0,79.15,100,32,90,20761.9,17195.8,272.3,79.14,99,36,87,9.0,8.5,14.0,1,5
1783013897.087,1738.702,296.9,79.14,100,45,90,2.0,4.4,287.2,79.15,100,46,86,20695.0,17106.6,280.0,79.15,100,32,90,4.0,5.9,265.6,79.14,100,44,87,10314.4,13545.7,14.0,1,5
1783013897.530,1739.145,296.9,79.14,100,45,90,2.3,17113.9,287.2,79.15,100,46,86,20181.9,334.4,277.6,79.15,100,37,89,2.0,187.9,265.6,79.14,100,44,87,19701.8,17193.4,14.0,1,5
1783013897.971,1739.587,298.1,79.14,100,44,89,15251.7,12855.0,288.2,79.15,100,44,86,8283.8,5.1,283.2,79.15,100,42,90,2.8,8453.8,270.9,79.14,100,38,87,15995.0,11658.5,14.0,1,5
1783013898.414,1740.029,300.5,79.14,100,56,91,12125.9,13241.6,289.4,79.15,100,48,86,12225.1,5.6,286.6,79.15,100,37,89,4.5,4578.6,273.8,79.14,100,40,86,16107.6,12897.9,14.0,1,5
1783013898.858,1740.473,300.8,79.14,100,47,90,13111.0,13036.0,293.8,79.15,100,49,86,11604.1,5.2,286.3,79.15,100,37,90,2.0,14238.9,276.4,79.14,100,44,87,20383.7,238.2,14.0,1,5
1783013899.305,1740.920,300.6,79.14,100,46,90,16060.9,12644.7,294.0,79.15,100,45,85,4.4,5.5,286.1,79.15,100,42,90,9512.7,13572.4,275.9,79.14,100,40,86,14493.2,5.1,14.0,1,5
1783013899.745,1741.360,300.3,79.14,100,49,90,7.1,8.6,291.3,79.15,100,49,86,6978.6,13724.2,286.1,79.15,100,37,90,15360.6,5.6,271.4,79.14,100,40,86,3.0,17234.4,14.0,1,5
1783013900.193,1741.809,299.2,79.14,100,36,90,16340.2,9418.3,290.9,79.15,100,35,86,2.2,6.9,279.3,79.15,100,31,89,19610.5,17187.1,268.9,79.14,100,34,86,3.2,6.3,14.0,1,5
1783013900.634,1742.249,290.1,79.14,100,41,90,20705.2,17111.1,282.4,79.15,100,40,86,20702.7,17105.0,265.6,79.15,98,29,90,20747.8,8.5,259.2,79.14,98,10,85,8.3,9.8,17.0,2,5
1783013901.081,1742.696,284.4,79.14,100,51,90,14740.1,4.0,278.0,79.15,100,51,86,2.6,4.2,265.6,79.15,98,29,90,6932.1,14237.4,264.1,79.14,100,47,87,14910.6,4.2,17.0,2,5
1783013901.523,1743.138,284.4,79.14,100,51,90,5254.5,14550.1,278.0,79.15,100,51,86,17629.5,4.4,275.6,79.15,100,48,90,4.4,4.6,264.1,79.14,100,47,87,17336.0,14195.7,17.0,2,5
1783013901.965,1743.580,293.8,79.14,100,50,90,1.9,4837.3,291.1,79.15,100,56,86,17996.4,13716.2,286.0,79.15,100,40,90,2.4,5.1,282.9,79.14,100,56,87,1074.3,16764.5,17.0,2,5
1783013902.408,1744.023,301.6,79.14,100,53,90,18983.3,14680.2,298.0,79.15,100,52,86,3672.2,5.4,287.6,79.15,100,37,90,2.0,17216.1,279.4,79.14,100,39,86,20744.6,6.0,17.0,2,5
1783013902.848,1744.464,298.8,79.14,100,46,90,2.2,1038.4,293.4,79.15,100,45,86,18407.0,16857.7,284.1,79.15,100,35,89,2.2,6.3,270.6,79.14,100,36,86,20767.9,17206.1,17.0,2,5
1783013903.291,1744.906,295.5,79.14,100,38,90,17854.4,8247.0,285.9,79.15,100,43,85,3.6,5.3,280.3,79.15,100,35,89,20758.1,16311.5,269.4,79.14,100,40,86,3.8,5.3,17.0,2,5
1783013903.732,1745.348,298.3,79.14,100,57,91,20709.8,11.0,286.6,79.15,100,49,86,9.5,14057.6,280.7,79.15,100,38,88,17477.6,4577.8,269.3,79.14,100,40,87,1.8,4.5,17.0,2,5
1783013904.185,1745.800,300.9,79.14,100,47,90,2.4,4.5,293.5,79.15,100,46,86,2.0,14484.1,283.7,79.15,100,37,90,17737.0,3911.8,277.4,79.14,100,47,87,3.5,4.7,17.0,2,5
1783013904.628,1746.243,301.3,79.14,100,57,90,7885.0,4.4,294.7,79.15,100,47,86,2.0,5778.0,287.7,79.15,100,40,88,17510.3,11621.9,277.2,79.14,100,42,87,9.2,11.3,17.0,2,5
1783013905.080,1746.695,300.5,79.14,100,49,90,15349.1,4.6,296.4,79.15,100,48,86,2.8,46.8,287.7,79.15,100,40,88,19689.0,17189.6,277.2,79.14,100,42,87,4.4,4.6,17.0,2,5
1783013905.522,1747.137,300.5,79.14,100,49,90,20712.4,4.6,296.4,79.15,100,48,86,5.2,4.6,290.2,79.15,100,45,90,20774.9,17204.4,278.2,79.14,100,40,87,2.9,6.3,17.0,2,5
1783013905.964,1747.579,302.2,79.14,100,59,90,13826.4,7.9,298.3,79.15,100,53,86,2.9,11163.7,286.6,79.15,100,39,89,17861.3,7207.2,278.0,79.14,100,40,86,2.0,5.2,17.0,2,5
1783013906.410,1748.025,299.2,79.14,100,46,89,2.0,17113.3,293.8,79.15,100,44,86,20703.7,6.6,285.4,79.15,100,37,90,2.2,12021.2,276.7,79.14,100,42,87,18112.6,6339.7,17.0,2,5
1783013906.850,1748.465,296.6,79.14,100,45,90,14298.1,17205.4,294.2,79.15,100,40,86,4899.3,17105.5,280.6,79.15,100,35,89,20748.0,5854.1,272.4,79.14,100,35,86,20129.1,13323.4,20.0,2,4
1783013907.293,1748.908,292.5,79.14,100,11,90,2.2,4.1,280.3,79.15,100,12,85,8565.6,13324.8,277.1,79.15,100,40,89,15281.5,4.5,261.4,79.14,100,45,86,4.3,4.1,20.0,2,4
1783013907.735,1749.350,295.8,79.14,100,57,90,19028.9,1309.3,286.2,79.15,100,47,85,9.0,6.7,284.7,79.15,100,46,88,13924.8,12801.3,272.1,79.14,100,43,87,10623.9,4.5,20.0,2,4
1783013908.182,1749.798,298.6,79.14,100,51,90,20708.4,15108.2,302.4,79.15,100,48,86,1476.1,4.7,296.1,79.15,100,53,90,2.4,7229.5,286.1,79.14,100,43,87,16066.3,12730.4,20.0,2,4
1783013908.623,1750.239,299.1,79.14,100,47,90,19742.2,17107.2,300.8,79.15,100,53,86,4.6,6.0,287.9,79.15,100,37,88,20765.8,14807.1,280.7,79.14,100,37,86,1532.1,10.5,20.0,2,4
1783013909.075,1750.690,298.7,79.14,100,40,90,2.8,17118.5,290.8,79.15,100,38,86,20708.5,6.3,287.9,79.15,100,37,88,3.4,6783.8,280.7,79.14,100,37,86,16661.2,12659.4,20.0,2,4
1783013909.519,1751.134,298.7,79.14,100,40,90,11218.1,5.6,290.8,79.15,100,38,86,4.8,9431.7,280.3,79.15,100,34,89,16356.4,10111.7,269.9,79.14,100,38,87,2.1,5.4,20.0,2,4
1783013909.960,1751.575,296.4,79.14,100,46,90,2.0,7.7,284.4,79.15,100,45,86,1.9,17120.6,280.3,79.15,100,37,89,20745.5,5.7,267.3,79.14,100,39,86,2.0,4.8,20.0,2,4
1783013910.402,1752.017,298.6,79.14,100,44,90,1.9,4.6,290.4,79.15,100,48,86,5053.1,13416.2,280.4,79.15,100,37,89,18536.7,4.8,272.5,79.14,100,41,87,2.6,9.4,20.0,2,4
1783013910.842,1752.458,300.3,79.14,100,48,90,1.8,4.5,293.9,79.15,100,48,87,1.9,12476.5,286.4,79.15,100,44,90,15680.2,7640.9,276.4,79.14,100,41,87,5.2,6.8,20.0,2,4
1783013911.287,1752.903,301.2,79.14,100,47,90,7132.9,4.6,295.5,79.15,100,53,86,2.8,2340.0,287.2,79.15,100,37,90,16688.3,16900.2,279.2,79.14,100,47,87,4.4,5.2,20.0,2,4
1783013911.729,1753.345,301.3,79.14,100,48,90,45.5,10.5,294.5,79.15,100,44,85,8.3,15046.8,286.2,79.15,100,42,89,15551.4,5051.0,276.2,79.14,100,40,86,2.0,4.9,20.0,2,4
1783013912.181,1753.796,299.3,79.14,100,46,90,3.1,5.1,295.0,79.15,100,53,86,2.0,17135.2,286.7,79.15,100,37,90,20751.7,6.2,276.8,79.14,100,46,87,4.6,2903.0,20.0,2,4
1783013912.624,1754.240,298.8,79.14,100,45,89,14548.8,13566.4,293.8,79.15,100,44,85,9436.4,5.6,279.9,79.15,100,32,89,1957.6,13922.0,273.3,79.14,99,34,87,13583.0,8.8,20.0,2,4
1783013913.075,1754.690,297.0,79.14,100,46,90,3.0,9668.0,286.3,79.15,100,45,86,27800.0,14259.5,279.9,79.15,100,32,89,21905.0,13968.1,273.3,79.14,99,34,87,20539.2,13802.9,23.0,3,4
1783013913.517,1755.133,297.0,79.14,100,46,90,11013.8,3.9,286.3,79.15,100,45,86,5.2,4.3,276.3,79.15,100,35,88,8949.2,14489.8,266.5,79.14,98,34,85,13894.4,4.3,23.0,3,4
1783013913.959,1755.574,291.2,79.14,100,63,90,2.4,17116.0,280.2,79.15,100,50,86,20596.1,5.1,277.2,79.15,100,41,90,2.4,4.6,264.9,79.14,100,44,86,6981.0,14318.5,23.0,3,4
1783013914.402,1756.017,292.5,79.14,100,60,90,1.9,4.7,287.2,79.15,100,48,86,11907.8,14522.1,288.8,79.15,100,40,88,10435.6,5.4,275.7,79.14,100,42,87,1.8,536.8,23.0,3,4
1783013914.843,1756.459,299.8,79.14,100,52,91,2.1,5.4,301.1,79.15,100,49,85,20717.9,17105.3,294.2,79.15,100,43,90,2.6,6.0,284.1,79.14,100,39,86,13261.7,14881.9,23.0,3,4
1783013915.287,1756.902,299.2,79.14,100,43,90,20705.0,5.7,295.0,79.15,100,47,86,2.1,12337.1,286.3,79.15,100,37,89,17937.1,5969.7,276.8,79.14,100,38,86,4.6,7.2,23.0,3,4
1783013915.729,1757.344,297.1,79.14,100,45,90,12224.4,21216.3,288.1,79.15,100,43,85,7.6,6.9,276.2,79.15,100,29,90,2.3,17219.6,269.2,79.14,100,38,87,20747.6,5.4,23.0,3,4
1783013916.189,1757.804,297.3,79.14,100,47,89,20706.3,4.6,289.0,79.15,100,48,85,2.1,4.8,280.2,79.15,100,47,90,20014.9,14745.4,270.7,79.14,100,40,87,2500.9,5.3,23.0,3,4
1783013916.630,1758.245,302.6,79.14,100,58,91,12766.1,4.7,291.4,79.15,100,49,86,4.4,994.4,285.1,79.15,100,38,88,18181.3,16934.4,271.6,79.14,100,40,87,9.1,8.5,23.0,3,4
1783013917.075,1758.690,301.8,79.14,100,48,90,19342.3,4.5,295.5,79.15,100,48,86,2.8,4.5,285.1,79.15,100,38,88,20776.7,16240.2,271.6,79.14,100,40,87,3.3,11.1,23.0,3,4
1783013917.520,1759.135,301.8,79.14,100,48,90,20705.1,4.4,295.5,79.15,100,48,86,5.4,5.3,287.4,79.15,100,42,90,14150.9,14512.1,277.7,79.14,100,44,87,8408.8,4.8,23.0,3,4
1783013917.961,1759.576,300.8,79.14,100,57,90,20705.7,8.0,297.4,79.15,100,54,86,1.8,4.5,287.3,79.15,100,40,90,9232.4,14502.2,278.3,79.14,100,42,86,13436.4,4.7,23.0,3,4
1783013918.402,1760.017,299.0,79.14,100,49,89,17363.8,6487.1,294.2,79.15,100,49,86,2.0,5.1,287.7,79.15,100,48,90,10464.6,14868.0,276.6,79.14,100,40,87,11474.5,7.4,23.0,3,4
1783013918.844,1760.459,300.9,79.14,100,49,90,2.1,5.8,294.8,79.15,100,47,86,20709.3,17108.8,285.7,79.15,100,37,88,2.8,5.9,274.6,79.14,100,40,87,8219.5,14977.3,23.0,3,4
1783013919.291,1760.907,299.5,79.14,99,45,90,20704.9,5.6,290.3,79.15,100,46,86,3.7,12063.8,281.0,79.15,100,34,89,25449.2,2108.9,270.1,79.14,100,37,86,20961.1,13849.6,26.0,3,3
1783013919.731,1761.347,290.8,79.14,100,10,90,7.7,11.1,285.0,79.15,100,9,86,20737.6,17112.0,274.7,79.15,100,10,90,3.6,6.5,266.9,79.14,100,54,87,1.9,6.7,26.0,3,3
1783013920.176,1761.791,295.0,79.14,100,53,90,20327.3,195.5,291.9,79.15,100,69,86,1.8,4.4,281.8,79.15,100,42,90,2417.4,15294.2,275.5,79.14,100,58,87,20750.9,4.7,26.0,3,3
1783013920.616,1762.232,299.1,79.14,100,59,90,1.7,17113.0,297.1,79.15,100,63,86,20705.9,5.2,293.1,79.15,100,40,90,3.3,7.8,284.7,79.14,100,57,87,19191.6,12916.0,26.0,3,3
1783013921.059,1762.674,299.1,79.14,100,59,90,2.7,16400.0,297.4,79.15,100,45,85,15820.5,3968.0,293.1,79.15,100,40,90,2.6,431.5,284.7,79.14,100,57,87,19702.3,17206.7,26.0,3,3
1783013921.499,1763.114,297.7,79.14,100,48,90,14209.8,5.8,297.4,79.15,100,45,85,4.0,17113.1,290.4,79.15,100,42,89,20749.6,6.6,276.9,79.14,100,39,86,3.8,9158.2,26.0,3,3
1783013921.940,1763.556,296.0,79.14,100,39,89,20713.2,17111.1,292.2,79.15,100,42,85,6.4,5.3,281.9,79.15,99,29,90,1362.2,16213.3,270.9,79.14,100,37,86,20743.9,5.1,26.0,3,3
1783013922.384,1763.999,297.1,79.14,100,45,89,20705.6,6.5,288.2,79.15,100,45,86,1.9,4.6,277.0,79.15,100,37,90,20764.4,16581.2,269.4,79.14,100,42,87,2.5,4.9,26.0,3,3
1783013922.827,1764.442,298.5,79.14,100,47,90,13491.7,5.1,288.7,79.15,100,45,85,3.7,9937.3,282.1,79.15,100,41,89,16106.3,7449.0,270.1,79.14,100,39,86,1.9,9.9,26.0,3,3
1783013923.271,1764.886,303.3,79.14,100,52,90,10258.8,10.5,293.3,79.15,100,55,86,1.9,3150.8,284.6,79.15,100,38,88,16431.7,16717.6,273.8,79.14,100,47,87,2.2,4.8,26.0,3,3
1783013923.715,1765.330,299.9,79.14,100,48,89,20706.3,8.8,294.9,79.15,100,47,86,4.3,8.7,286.2,79.15,100,42,89,20775.0,17197.2,277.1,79.14,100,40,87,2.0,4.5,26.0,3,3
1783013924.161,1765.776,299.2,79.14,100,46,90,20704.6,4.7,296.6,79.15,100,48,86,2.8,4.3,285.3,79.15,100,37,90,20768.0,17192.5,277.1,79.14,100,45,87,2.0,4.6,26.0,3,3
1783013924.602,1766.217,300.5,79.14,100,46,89,20705.6,5.4,293.3,79.15,100,44,85,2.9,4.8,285.5,79.15,100,42,90,20764.8,16763.1,274.8,79.14,100,40,87,5.6,8.3,26.0,3,3
1783013925.048,1766.663,300.5,79.14,100,46,89,3.8,188.6,290.5,79.15,100,45,86,19004.3,17103.9,285.5,79.15,100,42,90,2.2,5.9,274.8,79.14,100,40,87,18752.9,13585.1,26.0,3,3
1783013925.490,1767.105,299.7,79.14,100,46,91,17468.1,5.7,290.5,79.15,100,45,86,2.1,16204.5,284.9,79.15,100,34,89,16782.1,3346.1,271.5,79.14,100,36,85,2.9,2605.1,29.0,4,3
1783013925.932,1767.547,295.8,79.14,100,42,89,20705.8,7.3,288.3,79.15,100,44,86,7.1,4.5,276.3,79.15,100,33,89,9807.3,14900.7,269.0,79.14,100,36,87,12478.2,4.2,29.0,4,3
1783013926.375,1767.990,290.1,79.14,100,50,90,2.2,11483.5,283.3,79.15,100,61,86,17368.5,7590.8,274.0,79.15,100,42,90,2.0,4.5,266.7,79.14,100,60,87,975.0,16808.7,29.0,4,3
1783013926.816,1768.431,293.9,79.14,100,50,90,1.7,4.1,292.0,79.15,100,59,86,1.6,17160.3,283.4,79.15,100,40,90,20748.9,5.3,273.7,79.14,100,51,87,2.0,10.7,29.0,4,3
1783013927.259,1768.874,301.1,79.14,100,60,90,2.6,4.7,298.4,79.15,100,51,86,2.7,17130.7,292.3,79.15,100,37,89,20751.3,11.4,281.7,79.14,100,40,87,3.0,4707.0,29.0,4,3
1783013927.703,1769.319,297.9,79.14,100,46,90,20710.9,17112.6,296.7,79.15,100,43,86,9.8,12.3,287.0,79.15,100,36,89,17404.3,14530.6,274.8,79.14,100,39,86,3908.3,5.6,29.0,4,3
1783013928.185,1769.800,297.3,79.14,100,43,91,18040.9,14960.0,288.3,79.15,100,43,86,2.9,5.4,279.9,79.15,100,33,89,11107.5,14880.1,269.6,79.14,100,38,86,10752.1,5.2,29.0,4,3
1783013928.625,1770.241,297.4,79.14,100,45,90,13105.8,5.4,284.6,79.15,100,45,86,1.8,29.5,281.1,79.15,100,40,89,23766.9,13853.0,268.7,79.14,100,41,86,9.7,9.7,29.0,4,3
1783013929.074,1770.689,300.0,79.14,100,49,90,2.6,4.6,291.8,79.15,100,56,86,1.9,15620.5,281.1,79.15,100,40,89,19442.4,988.7,268.7,79.14,100,41,86,2.9,4.7,29.0,4,3
1783013929.517,1771.132,300.0,79.14,100,49,90,1946.8,4.5,291.8,79.15,100,56,86,1.9,3884.8,282.5,79.15,100,40,90,17689.9,14576.9,275.3,79.14,100,43,87,2.8,4.7,29.0,4,3
1783013929.958,1771.573,301.7,79.14,100,56,90,20703.9,7.1,295.0,79.15,100,48,85,2.8,4.5,286.9,79.15,100,41,89,20780.8,15593.9,276.4,79.14,100,42,86,476.3,4.7,29.0,4,3
1783013930.401,1772.016,300.3,79.14,100,50,90,17369.2,2855.9,295.8,79.15,100,49,86,2.9,4.9,290.5,79.15,100,44,90,9757.5,14512.4,278.7,79.14,100,46,87,13235.0,4.6,29.0,4,3
1783013930.841,1772.456,302.3,79.14,100,55,90,17495.9,14759.1,297.8,79.15,100,50,86,3.6,4.7,287.2,79.15,100,40,90,3.5,17256.1,278.5,79.14,100,43,86,20751.1,7.0,29.0,4,3
1783013931.289,1772.904,299.1,79.14,100,48,90,20704.8,5.5,294.8,79.15,100,46,85,3.4,6949.0,286.3,79.15,100,42,90,17668.4,11245.3,275.5,79.14,100,39,87,8.9,5.8,29.0,4,3
1783013931.731,1773.347,295.6,79.14,100,46,90,5786.6,14725.2,293.7,79.15,100,46,87,16883.1,6.6,282.4,79.15,100,36,89,6.9,13563.5,274.9,79.14,100,37,87,17787.0,4781.2,32.0,4,2
1783013932.174,1773.789,297.3,79.14,98,28,91,2.3,4.1,285.0,79.15,98,15,88,1.7,11625.8,272.1,79.15,100,8,88,14428.0,9775.2,262.5,79.14,100,10,87,2.6,4.5,32.0,4,2
1783013932.616,1774.231,285.9,79.14,100,68,90,2495.2,15056.9,284.0,79.15,100,55,86,20709.4,5.1,276.4,79.15,100,40,89,1.8,4.7,266.8,79.14,100,56,87,5478.0,13130.6,32.0,4,2
1783013933.059,1774.674,285.9,79.14,100,68,90,2.8,4.1,292.4,79.15,100,49,86,11388.5,12863.3,276.4,79.15,100,40,89,12800.1,4.4,266.8,79.14,100,56,87,1.8,4.5,32.0,4,2
1783013933.502,1775.117,285.1,79.14,100,59,90,2.0,4.8,292.4,79.15,100,49,86,1.9,13528.5,287.1,79.15,100,42,90,15694.4,6686.2,279.8,79.14,100,45,86,3.5,7.2,32.0,4,2
1783013933.944,1775.560,295.1,79.14,100,46,89,8.2,13748.7,298.7,79.15,100,44,86,16333.7,4766.4,292.8,79.15,100,41,89,4.7,1839.0,281.9,79.14,100,38,86,17322.2,17204.6,32.0,4,2
1783013934.390,1776.005,297.9,79.14,100,45,90,5866.5,5.7,294.2,79.15,100,45,85,3047.2,14602.7,283.6,79.15,100,30,89,20261.8,5.6,273.0,79.14,100,35,86,2.6,13209.0,32.0,4,2
1783013934.832,1776.448,296.7,79.14,100,43,90,2.5,17119.2,288.1,79.15,100,44,85,20704.1,4.7,277.4,79.15,100,35,90,1.9,4.8,269.1,79.14,100,41,87,18872.3,13004.2,32.0,4,2
1783013935.274,1776.889,298.0,79.14,100,48,89,5630.2,13405.3,289.3,79.15,100,47,86,18409.1,4.4,280.5,79.15,100,42,89,1.8,4.5,270.1,79.14,100,39,86,20784.3,14604.3,32.0,4,2
1783013935.715,1777.330,302.8,79.14,100,46,90,7.2,17103.3,292.3,79.15,100,48,86,20707.6,8.4,283.9,79.15,100,38,88,4.5,4.6,273.1,79.14,100,46,86,20785.8,14887.8,32.0,4,2
1783013936.159,1777.775,301.3,79.14,100,48,89,2.3,11965.9,294.5,79.15,100,47,86,15590.8,8516.5,286.1,79.15,100,46,89,2.6,4.8,276.7,79.14,100,40,87,1099.7,16494.7,32.0,4,2
1783013936.601,1778.216,300.3,79.14,100,49,90,2.8,5.0,298.0,79.15,100,56,86,20226.4,17106.5,287.9,79.15,100,38,90,2.3,5.5,278.8,79.14,100,43,87,5.5,17105.2,32.0,4,2
1783013937.043,1778.658,300.3,79.14,100,49,90,4.4,4.6,294.8,79.15,100,48,85,19388.3,15487.9,287.9,79.15,100,38,90,93.0,5.0,278.8,79.14,100,43,87,1.9,11572.3,32.0,4,2
1783013937.489,1779.105,301.0,79.14,100,57,90,9.1,11530.6,294.8,79.15,100,48,85,16075.7,8544.2,285.5,79.15,100,38,89,2.0,5.4,275.0,79.14,100,39,86,18897.5,12966.0,32.0,4,2
1783013937.932,1779.548,299.2,79.14,100,45,90,20707.0,8.5,293.9,79.15,100,45,86,5.5,17111.6,285.1,79.15,100,37,88,19006.1,865.0,273.8,79.14,100,41,87,2.1,5091.7,32.0,4,2
1783013938.376,1779.991,298.5,79.14,100,38,90,20628.5,13497.7,290.6,79.15,100,37,86,20489.6,14803.3,279.5,79.15,100,32,89,15460.6,4.7,268.9,79.14,100,36,86,2.7,4.2,35.0,5,2
1783013938.818,1780.433,288.8,79.14,100,37,90,9811.6,3.9,277.9,79.15,100,52,86,2.6,4.2,273.9,79.15,100,47,90,12748.1,14110.2,263.9,79.14,100,49,87,10425.9,6.9,35.0,5,2
1783013939.262,1780.877,291.9,79.14,100,51,90,18807.7,13987.3,288.2,79.15,100,61,86,4676.5,4.5,281.6,79.15,100,42,90,2.3,518.6,274.4,79.14,100,55,87,19718.9,17200.7,35.0,5,2
1783013939.704,1781.320,303.6,79.14,100,61,90,7.1,16796.7,300.0,79.15,100,60,86,20712.7,10.3,292.4,79.15,100,41,88,5.4,4.8,283.3,79.14,100,48,87,18769.0,14186.5,35.0,5,2
1783013940.150,1781.766,296.6,79.14,100,47,90,18233.4,14442.8,294.6,79.15,100,46,85,3.7,5.6,286.5,79.15,100,35,90,16504.6,14937.4,276.8,79.14,100,35,87,5507.5,6.0,35.0,5,2
1783013940.591,1782.207,295.8,79.14,100,45,90,2.6,17113.1,293.2,79.15,100,44,86,19720.7,838.1,286.5,79.15,100,35,90,3.8,6534.5,268.9,79.14,100,34,86,21789.1,8597.0,35.0,5,2
1783013941.035,1782.650,295.8,79.14,100,45,90,20705.4,5.5,293.2,79.15,100,44,86,3.8,6254.1,279.8,79.15,100,36,89,18093.9,11773.7,268.9,79.14,100,34,86,8.0,4.7,35.0,5,2
1783013941.479,1783.094,298.9,79.14,100,46,90,2.1,4.9,287.1,79.15,100,48,86,2.0,17137.5,278.9,79.15,100,39,90,20747.2,4.7,265.2,79.14,100,40,86,3.0,4.7,35.0,5,2
1783013941.926,1783.541,299.0,79.14,100,45,89,1.8,7.2,289.1,79.15,100,44,86,1853.2,14416.9,283.4,79.15,100,49,90,19686.3,4.7,272.9,79.14,100,47,87,2.5,4.5,35.0,5,2
1783013942.373,1783.988,301.6,79.14,100,57,90,1.8,4.6,293.2,79.15,100,49,86,1.8,13138.0,287.0,79.15,100,39,89,18588.1,4543.1,275.3,79.14,100,41,86,2.8,4.8,35.0,5,2
1783013942.815,1784.431,300.3,79.14,100,49,89,12602.8,4.6,296.1,79.15,100,48,86,2.9,1494.6,290.1,79.15,100,48,90,18433.7,16618.3,277.5,79.14,100,43,87,4.4,4.8,35.0,5,2
1783013943.257,1784.872,300.4,79.14,100,55,90,20286.2,4.6,297.6,79.15,100,55,86,4.4,4.3,286.7,79.15,100,40,89,20779.1,17199.9,279.3,79.14,100,43,86,2.1,4.8,35.0,5,2
1783013943.698,1785.314,299.1,79.14,100,49,90,20706.1,9.8,295.2,79.15,100,49,85,7.2,6.5,286.6,79.15,100,42,89,19702.3,17206.6,276.7,79.14,100,40,86,2.0,5.0,35.0,5,2
1783013944.141,1785.757,297.4,79.14,100,43,90,2.1,5135.6,292.4,79.15,100,45,86,18242.1,13266.0,286.1,79.15,100,36,89,3.8,5.9,274.1,79.14,100,39,87,20767.5,17196.8,35.0,5,2
1783013944.583,1786.198,298.2,79.14,100,48,89,10633.7,17109.1,289.7,79.15,100,47,86,20703.6,3224.7,286.1,79.15,100,36,89,20695.3,12830.3,274.1,79.14,100,39,87,20750.4,17190.4,38.0,5,1
1783013945.028,1786.644,298.2,79.14,100,48,89,1.8,4.0,289.7,79.15,100,47,86,2.7,17161.4,275.8,79.15,100,7,89,18105.1,2082.2,266.0,79.14,98,12,87,2.6,4.2,38.0,5,1
1783013945.469,1787.085,294.5,79.14,100,52,90,20125.8,17106.8,286.4,79.15,100,49,85,1.9,5.1,279.6,79.15,100,43,88,1.9,11140.5,268.8,79.14,100,44,87,17438.1,5982.0,38.0,5,1
1783013945.913,1787.528,296.8,79.14,100,50,89,2.5,17113.3,291.8,79.15,100,47,86,18734.1,1589.0,287.7,79.15,100,42,89,5.4,4.8,275.0,79.14,100,43,86,18680.3,13024.0,38.0,5,1
1783013946.360,1787.975,299.5,79.14,100,49,90,10734.8,13792.0,301.3,79.15,100,44,86,13116.3,5.6,290.9,79.15,100,42,90,4.1,17221.2,283.4,79.14,100,40,87,20637.2,77.4,38.0,5,1
1783013946.800,1788.416,298.1,79.14,100,44,89,6.9,5.5,294.2,79.15,100,46,85,15240.9,13641.1,284.1,79.15,99,32,90,8038.6,5.8,276.9,79.14,100,36,86,2.3,17238.9,38.0,5,1
1783013947.243,1788.858,296.4,79.14,100,44,90,16587.1,14443.9,287.7,79.15,100,43,85,4.5,5.0,278.0,79.15,100,36,90,5113.5,14036.7,268.5,79.14,100,38,87,18668.9,5.6,38.0,5,1
1783013947.684,1789.300,297.6,79.14,100,46,89,20708.5,7.9,289.0,79.15,100,47,86,6.2,11.0,280.4,79.15,100,42,90,20769.1,17197.6,270.6,79.14,100,40,87,6.6,5.2,38.0,5,1
1783013948.131,1789.747,302.3,79.14,100,58,90,9143.6,4.7,290.9,79.15,100,50,86,2.1,2924.8,286.1,79.15,100,38,88,16646.3,16708.9,271.6,79.14,100,39,86,2.3,4.9,38.0,5,1
1783013948.572,1790.188,301.4,79.14,100,48,90,20704.4,4.5,294.9,79.15,100,47,86,2.6,4.7,286.1,79.15,100,38,88,16149.6,13455.0,271.6,79.14,100,39,86,7871.2,5.3,38.0,5,1
1783013949.015,1790.631,301.4,79.14,100,48,90,15928.5,11943.2,294.9,79.15,100,47,86,2.8,4.6,286.7,79.15,100,46,90,1.7,17252.9,276.2,79.14,100,43,87,20757.8,5.1,38.0,5,1
1783013949.457,1791.072,300.7,79.14,100,58,90,15906.4,16739.1,297.3,79.15,100,58,86,3.5,4.6,286.5,79.15,100,38,88,3.5,17249.0,279.9,79.14,100,46,87,18466.2,1861.2,38.0,5,1
1783013949.899,1791.514,298.7,79.14,100,48,91,20710.1,17113.1,294.8,79.15,100,48,85,2.1,7.8,287.7,79.15,100,42,89,5.1,17227.3,276.3,79.14,100,40,86,20758.3,6.2,38.0,5,1
1783013950.340,1791.956,299.0,79.14,100,48,90,59.4,5.9,294.4,79.15,100,47,86,6676.1,13578.0,285.1,79.15,100,36,89,16801.6,5.7,274.8,79.14,100,39,86,3.0,16441.0,38.0,5,1
1783013950.781,1792.397,300.2,79.14,100,44,90,16680.7,15456.0,290.5,79.15,100,44,86,9.0,5.9,278.9,79.15,100,32,89,20769.7,17209.0,268.7,79.14,100,35,86,20746.1,17205.7,41.0,6,1
1783013951.224,1792.840,290.3,79.14,100,10,90,1.8,14252.1,278.9,79.15,100,12,85,17253.4,3528.6,269.9,79.15,100,46,89,1.8,4.0,263.2,79.14,100,60,87,3.7,15347.3,41.0,6,1
1783013951.671,1793.286,293.1,79.14,100,71,90,1750.8,4.5,286.3,79.15,100,63,86,3.5,708.1,278.4,79.15,100,41,89,23305.1,13304.9,271.7,79.14,100,58,87,7.6,4.6,41.0,6,1
1783013952.118,1793.733,296.4,79.14,100,65,90,17200.7,15005.0,300.0,79.15,100,49,86,1.9,4.9,295.5,79.15,100,40,90,490.0,16790.8,285.6,79.14,100,43,86,20760.5,4.7,41.0,6,1
1783013952.559,1794.174,296.4,79.14,100,65,90,20709.4,17109.8,300.2,79.15,100,46,85,4.7,5.7,295.5,79.15,100,40,90,3616.6,15234.9,285.6,79.14,100,43,86,17950.0,6.1,41.0,6,1
1783013952.999,1794.615,297.9,79.14,100,46,89,2.1,3586.6,300.2,79.15,100,46,85,18092.4,14776.1,290.3,79.15,100,36,90,2.5,5.8,282.5,79.14,100,39,87,20730.0,15338.7,41.0,6,1
1783013953.441,1795.056,295.9,79.14,100,43,89,13208.9,5.3,293.0,79.15,100,43,86,3.0,11133.7,279.9,79.15,100,36,89,17848.9,7168.7,272.9,79.14,99,37,87,2.0,4.9,41.0,6,1
1783013953.882,1795.498,297.8,79.14,100,46,90,1.9,4.7,286.6,79.15,100,46,86,5295.3,19905.3,277.2,79.15,100,37,88,9315.8,7.4,266.8,79.14,100,43,86,2.0,3378.7,41.0,6,1
1783013954.330,1795.945,299.5,79.14,100,47,89,2.7,7957.5,288.9,79.15,100,46,86,17788.1,10635.7,283.1,79.15,100,37,90,2.0,4.9,273.0,79.14,100,39,87,2874.6,14893.9,41.0,6,1
1783013954.773,1796.388,300.8,79.14,100,53,90,6.6,4131.4,291.6,79.15,100,48,85,17584.3,13608.8,287.9,79.15,100,40,89,2.2,4.6,275.2,79.14,100,41,86,1078.7,16775.5,41.0,6,1
1783013955.218,1796.834,300.8,79.14,100,47,90,2.6,4373.0,295.4,79.15,100,52,86,17773.4,14253.9,285.6,79.15,100,38,90,1.9,4.7,276.2,79.14,100,46,87,3.3,17276.0,41.0,6,1
1783013955.665,1797.280,299.8,79.14,100,48,90,3.6,16687.1,293.6,79.15,100,44,85,18398.2,1830.4,284.4,79.15,100,37,89,9.4,15.8,274.6,79.14,100,39,86,20788.3,17202.4,41.0,6,1
1783013956.117,1797.732,299.6,79.14,100,47,90,8461.2,14694.6,292.9,79.15,100,50,86,14100.5,5.2,284.4,79.15,100,38,89,2.4,9098.1,274.6,79.14,100,45,87,17788.2,9357.7,41.0,6,1
1783013956.558,1798.173,299.6,79.14,100,47,90,8530.8,5.7,292.8,79.15,100,43,86,4.5,17113.0,284.4,79.15,100,38,89,20750.6,6.1,274.6,79.14,100,45,87,2.1,11978.3,41.0,6,1
1783013957.007,1798.622,299.7,79.14,100,46,90,19150.7,1234.2,292.8,79.15,100,43,86,3.2,4876.8,280.5,79.15,100,34,88,27174.8,5734.5,272.4,79.14,100,33,86,20753.7,17182.1,43.0,6,0
1783013957.449,1799.064,296.4,79.14,100,40,90,2.3,4.6,283.9,79.15,100,40,86,15728.6,13364.1,274.4,79.15,98,9,91,7853.7,4.1,264.3,79.14,98,22,86,1.9,3.9,43.0,6,0
1783013957.892,1799.507,293.7,79.14,100,62,90,15117.5,11406.9,281.6,79.15,100,56,86,1.9,7.3,276.0,79.15,100,41,88,4.5,17267.2,266.5,79.14,100,54,87,18845.3,1674.5,43.0,6,0
1783013958.334,1799.950,296.6,79.14,100,62,90,2.5,13615.3,290.8,79.15,100,56,86,15472.2,7106.9,284.8,79.15,100,40,88,2.6,4.9,277.2,79.14,100,46,86,5405.4,13237.8,43.0,6,0
1783013958.777,1800.392,300.7,79.14,100,56,90,4.2,10140.8,300.9,79.15,100,48,85,15769.6,10141.3,292.8,79.15,100,36,89,3.1,5.7,282.2,79.14,100,39,86,20778.6,15210.5,43.0,6,0
1783013959.224,1800.839,298.9,79.14,100,45,90,20706.0,6.0,294.6,79.15,99,43,86,2.2,15960.1,285.3,79.15,100,34,89,16434.6,3706.0,276.8,79.14,100,39,86,4.2,501.7,43.0,6,0
1783013959.668,1801.284,298.0,79.14,99,43,90,17597.6,13235.9,288.2,79.15,100,44,86,6852.0,10.3,278.6,79.15,100,35,89,10.7,14613.8,268.2,79.14,100,37,87,20268.0,10.9,43.0,6,0
1783013960.118,1801.733,296.9,79.14,100,45,90,20705.4,4.6,284.8,79.15,100,45,86,1.9,4.9,280.2,79.15,100,37,88,20766.4,14806.2,269.1,79.14,100,41,87,1432.0,4.7,43.0,6,0
1783013960.560,1802.175,296.9,79.14,100,45,90,15462.4,5.0,293.5,79.15,100,57,86,4.6,8760.5,280.2,79.15,100,37,88,16385.6,10743.4,269.1,79.14,100,41,87,1.8,4.9,43.0,6,0
1783013961.003,1802.618,300.6,79.14,100,48,90,10436.7,4.4,293.5,79.15,100,57,86,2.7,400.7,281.0,79.15,100,36,89,18807.9,17191.4,273.8,79.14,100,40,87,4.3,4.8,43.0,6,0
1783013961.446,1803.061,301.5,79.14,100,50,90,19615.4,4.7,294.8,79.15,100,46,85,2.6,3.9,285.9,79.15,100,38,89,20289.4,17202.2,276.4,79.14,100,40,86,2.2,4.6,43.0,6,0
1783013961.890,1803.506,300.1,79.14,100,48,90,15988.7,4.8,294.4,79.15,100,54,86,2.0,29.1,288.8,79.15,100,41,90,19406.1,17188.8,278.4,79.14,100,47,87,2.3,4.8,43.0,6,0
1783013962.332,1803.947,299.1,79.14,100,47,90,12195.8,4.7,292.4,79.15,100,46,85,2.0,4735.7,285.1,79.15,100,37,89,16270.2,15137.3,275.2,79.14,100,40,86,4.2,5.3,43.0,6,0
1783013962.773,1804.388,300.1,79.14,100,46,90,6.9,14492.1,290.8,79.15,100,46,86,16072.5,5565.8,285.2,79.15,100,37,90,6.0,2646.6,270.4,79.14,100,39,86,16869.5,16708.2,43.0,6,0
1783013963.216,1804.831,300.2,79.14,100,43,90,2.3,5.8,289.8,79.15,100,42,86,10336.3,13661.8,278.6,79.15,100,29,89,13148.4,6.0,268.9,79.14,100,33,86,2.2,18358.4,46.0,7,0
1783013963.656,1805.272,295.2,79.14,99,61,90,2663.7,2248.9,284.1,79.15,99,61,85,2756.1,3145.3,277.2,79.15,99,54,89,2846.3,2896.4,266.8,79.14,99,57,86,2710.4,2547.1,46.0,8,0
1783013964.102,1805.718,301.5,79.14,99,62,90,2621.1,2189.3,290.3,79.15,100,62,85,2860.9,3331.2,283.1,79.15,99,53,89,2816.9,3202.5,270.8,79.14,100,56,86,2730.1,2728.0,46.0,8,0
1783013964.545,1806.160,301.5,79.14,99,62,90,2621.3,2185.6,299.0,79.15,100,62,85,2859.5,3469.4,283.1,79.15,99,53,89,2837.8,3245.7,270.8,79.14,100,56,86,2744.8,2867.8,46.0,8,0
1783013964.987,1806.602,305.0,79.14,100,62,89,2651.6,2150.8,299.0,79.15,100,62,85,2846.9,3501.8,289.5,79.15,99,53,89,2815.9,3345.2,275.7,79.14,99,56,86,2756.4,3079.9,46.0,8,0
1783013965.866,1807.481,300.0,79.14,99,62,89,2607.1,2246.5,299.5,79.15,99,62,85,3021.0,3638.4,290.5,79.15,100,53,89,2919.0,3497.2,276.3,79.14,99,56,86,2722.9,2845.3,46.0,8,0
1783013966.315,1807.930,300.1,79.14,100,63,89,2600.8,2152.0,300.1,79.15,100,62,85,2820.1,3506.5,291.5,79.15,99,53,89,2828.5,3372.1,277.1,79.14,99,56,86,2750.7,3045.7,47.0,8,0
1783013966.756,1808.371,300.0,79.14,100,63,89,2787.5,2169.3,300.0,79.15,100,62,85,2876.6,3726.3,292.2,79.15,99,54,89,2687.0,3606.1,277.8,79.14,99,57,86,2750.0,3131.3,47.0,8,0
1783013967.203,1808.818,300.0,79.14,100,63,89,2560.1,2168.7,300.8,79.15,99,62,85,2850.3,3568.0,292.3,79.15,100,54,89,2821.6,3278.2,277.9,79.14,99,56,86,2755.7,2934.7,47.0,8,0
1783013967.646,1809.261,300.0,79.14,100,63,89,2600.8,2185.6,301.3,79.15,99,63,85,2882.5,4001.2,292.3,79.15,100,53,89,2855.2,3866.2,277.9,79.14,100,56,86,2769.4,2868.6,47.0,8,0
1783013968.099,1809.714,299.9,79.14,100,62,89,2641.3,2185.5,300.6,79.15,100,62,85,2854.8,3383.1,292.3,79.15,100,53,89,2820.3,3154.4,276.7,79.14,99,56,86,2752.5,2867.5,47.0,8,0
1783013968.541,1810.156,299.9,79.14,100,62,89,2641.3,2185.6,300.6,79.15,100,62,85,2887.5,3389.3,290.8,79.15,100,53,89,2834.0,3117.1,276.7,79.14,99,56,86,2786.0,2749.5,47.0,8,0
1783013968.983,1810.598,299.9,79.14,100,62,89,2605.8,2186.5,298.7,79.15,99,62,85,2875.9,3397.0,288.9,79.15,99,52,89,2832.9,3240.1,274.8,79.14,99,55,86,2746.3,2764.3,47.0,8,0
1783013969.425,1811.040,299.9,79.14,100,62,89,2641.1,2197.6,297.6,79.15,99,62,85,2861.3,3464.9,288.4,79.15,99,53,89,2843.2,3249.5,273.7,79.14,100,55,86,2785.0,3003.4,47.0,8,0
1783013969.873,1811.488,300.0,79.14,100,62,89,2664.2,2219.0,297.5,79.15,99,62,85,2848.3,3493.8,288.6,79.15,100,53,89,3075.2,3316.1,273.8,79.14,99,56,86,2752.4,2760.6,47.0,8,0
1783013970.321,1811.937,300.0,79.14,99,62,89,2610.4,2202.2,297.9,79.15,99,62,85,2875.2,3429.1,289.1,79.15,100,53,89,2810.0,3215.0,274.1,79.14,99,55,86,2747.6,2921.4,47.0,8,0
1783013970.765,1812.380,299.9,79.14,100,62,89,2736.3,2202.6,298.4,79.15,99,62,85,2866.4,3356.8,289.5,79.15,100,53,89,2840.7,3206.9,274.6,79.14,99,56,86,2769.0,2837.9,47.0,8,0
1783013971.209,1812.825,300.0,79.14,99,62,89,2762.7,2218.0,298.7,79.15,100,62,85,2851.9,3385.3,289.4,79.15,99,53,89,2856.7,3331.9,274.8,79.14,100,56,86,2793.2,2961.1,47.0,8,0
1783013971.652,1813.268,300.0,79.14,99,62,89,2642.2,2187.1,298.6,79.15,100,62,85,2893.4,3601.5,289.4,79.15,100,53,89,2910.9,3389.5,274.8,79.14,99,56,86,2782.2,2858.5,47.0,8,0
1783013972.098,1813.714,300.0,79.14,100,62,89,2641.3,2188.8,298.6,79.15,99,62,85,2883.0,3425.7,289.4,79.15,100,53,89,2838.8,3271.3,275.0,79.14,99,56,86,2753.0,2941.2,47.0,8,0
1783013972.541,1814.156,300.0,79.14,100,62,89,2661.8,2185.6,298.6,79.15,99,62,85,2898.4,3590.7,289.9,79.15,99,53,89,2831.7,3221.9,275.0,79.14,99,56,86,2784.2,2906.7,47.0,8,0
1783013972.984,1814.599,300.0,79.14,100,62,89,2626.1,2203.0,298.6,79.15,99,62,85,2882.5,3490.5,290.3,79.15,100,53,89,2846.9,3234.8,275.3,79.14,99,56,86,2774.9,2945.8,47.0,8,0
1783013973.428,1815.043,300.0,79.14,100,62,89,2641.3,2218.9,298.6,79.15,99,62,85,2872.5,3544.5,290.4,79.15,99,53,89,2876.7,3226.2,275.5,79.14,99,56,86,2773.2,2735.0,47.0,8,0
1783013973.871,1815.486,299.9,79.14,100,62,89,2625.1,2168.8,298.7,79.15,99,62,85,2861.9,3353.3,290.2,79.15,100,53,89,2903.7,3348.5,275.5,79.14,99,56,86,2742.4,3011.9,47.0,8,0
1783013974.317,1815.933,299.9,79.14,99,62,89,2621.0,2202.3,298.8,79.15,100,62,85,2878.9,3603.9,289.9,79.15,99,53,89,2840.0,3253.3,275.5,79.14,99,56,86,2756.1,2875.5,47.0,8,0
1783013974.761,1816.377,300.0,79.14,99,62,89,2648.0,2191.1,299.6,79.15,99,62,85,2902.3,3611.6,290.4,79.15,99,53,89,2826.2,3158.8,275.7,79.14,100,56,86,2779.9,2876.8,47.0,8,0
1783013975.206,1816.821,300.1,79.14,99,62,89,2701.0,2170.8,300.3,79.15,99,62,85,2865.0,3355.4,291.0,79.15,99,53,89,2848.6,3280.9,275.9,79.14,99,56,86,2748.1,3007.2,47.0,8,0
1783013975.649,1817.265,300.0,79.14,100,62,89,2728.4,2185.6,300.1,79.15,99,62,85,2882.0,3524.4,290.5,79.15,99,53,89,2998.5,3509.2,275.6,79.14,100,56,86,2762.6,3000.2,47.0,8,0
1783013976.104,1817.720,300.0,79.14,100,62,89,2661.6,2199.3,299.6,79.15,99,62,85,2863.7,3394.6,290.1,79.15,99,53,89,2830.4,3456.0,275.3,79.14,99,55,86,2770.3,2837.6,47.0,8,0
1783013976.547,1818.163,300.0,79.14,100,62,89,2661.6,2185.7,299.5,79.15,100,62,85,2883.0,3636.5,290.1,79.15,99,53,89,2826.1,3313.5,275.3,79.14,99,55,86,2772.1,2931.3,47.0,8,0
1783013976.991,1818.607,300.0,79.14,99,63,89,2661.7,2185.5,299.5,79.15,100,62,85,2886.5,3582.5,290.4,79.15,99,53,89,2856.3,3466.7,275.5,79.14,99,56,86,2834.8,3006.1,47.0,8,0
1783013977.436,1819.051,300.0,79.14,99,62,89,2621.0,2172.3,299.6,79.15,99,62,85,2879.9,3537.9,290.9,79.15,99,53,89,2842.0,3244.1,275.6,79.14,99,56,86,2757.2,2920.8,47.0,8,0
1783013977.878,1819.494,300.0,79.14,100,62,89,2643.0,2168.8,299.8,79.15,99,62,85,2857.4,3490.5,290.5,79.15,99,53,89,2852.8,3153.2,275.4,79.14,99,56,86,2764.9,2865.6,47.0,8,0
1783013978.321,1819.936,299.9,79.14,100,62,89,2600.7,2202.4,300.0,79.15,99,62,85,2864.1,3440.0,290.4,79.15,99,53,89,2825.1,3242.6,275.5,79.14,99,56,86,2758.2,2779.7,47.0,8,0
1783013978.764,1820.379,300.0,79.14,99,62,89,2667.9,2202.2,299.8,79.15,99,62,85,2889.0,3434.3,290.4,79.15,99,53,89,2822.8,3331.7,275.2,79.14,100,56,86,2755.8,2843.7,47.0,8,0
1783013979.206,1820.821,300.0,79.14,99,62,89,2641.3,2123.7,299.8,79.15,99,62,85,2882.7,3587.8,290.4,79.15,99,53,89,2834.5,3161.4,275.1,79.14,99,56,86,2769.1,3012.6,47.0,8,0
1783013979.648,1821.263,300.0,79.14,99,62,89,2609.2,2168.8,300.3,79.15,99,62,85,2886.7,3549.5,290.5,79.15,99,53,89,2886.4,3620.0,275.2,79.14,100,56,86,2949.2,2914.5,47.0,8,0
1783013980.099,1821.715,299.9,79.14,99,62,89,2661.6,2199.0,300.1,79.15,99,62,86,2897.2,3599.6,290.5,79.15,99,53,89,2852.0,3178.1,275.3,79.14,100,56,86,2784.1,2880.0,48.0,8,0
1783013980.545,1822.160,299.9,79.14,99,62,89,2641.5,2168.9,299.7,79.15,99,62,86,2874.3,3434.1,290.4,79.15,99,53,89,2833.5,3324.6,275.3,79.14,100,56,86,2776.3,2971.5,48.0,8,0
1783013980.987,1822.602,300.0,79.14,100,62,89,2640.7,2168.7,299.7,79.15,99,62,85,2859.7,3488.0,290.0,79.15,100,53,89,2827.7,3253.3,275.3,79.14,100,56,86,2778.2,3004.0,48.0,8,0
1783013981.429,1823.044,300.1,79.14,99,62,89,2621.2,2185.6,299.6,79.15,100,62,86,2888.0,3312.8,289.9,79.15,99,53,89,2845.7,3155.8,275.0,79.14,99,56,86,2777.8,2994.8,48.0,8,0
1783013981.871,1823.487,300.0,79.14,100,62,89,2630.0,2168.8,299.9,79.15,99,62,86,2865.2,3387.6,290.3,79.15,99,53,89,2840.6,3199.9,274.6,79.14,100,56,86,2774.8,2809.6,48.0,8,0
1783013982.314,1823.929,300.0,79.14,99,62,89,2621.0,2183.1,300.4,79.15,100,62,86,2852.8,3428.6,290.6,79.15,100,53,89,2841.7,3105.7,275.0,79.14,99,56,86,2750.2,2891.3,48.0,8,0
1783013982.755,1824.370,300.0,79.14,100,62,89,3135.9,2220.7,300.5,79.15,100,62,86,2875.7,3463.2,290.2,79.15,99,53,89,2847.4,3364.0,274.8,79.14,99,56,86,2769.9,2910.1,48.0,8,0
1783013983.207,1824.822,300.0,79.14,99,62,89,2661.6,2214.3,300.3,79.15,99,62,86,2867.4,3396.6,290.3,79.15,99,53,89,2825.8,3213.5,274.4,79.14,100,56,86,2771.5,2728.4,48.0,8,0
1783013983.648,1825.264,300.0,79.14,99,62,89,2621.5,2154.8,300.5,79.15,99,62,86,2877.3,3654.7,290.9,79.15,99,53,89,2860.4,3886.6,274.7,79.14,100,56,86,2800.3,3085.8,48.0,8,0
1783013984.102,1825.717,300.0,79.14,99,62,89,2621.0,2152.0,300.6,79.15,99,62,85,3117.6,3502.1,291.0,79.15,99,54,89,2910.7,3247.0,275.2,79.14,99,56,86,2735.5,2917.1,48.0,8,0
1783013984.549,1826.164,300.0,79.14,99,62,89,20704.7,17106.3,263.1,79.15,64,6,85,20702.5,15929.8,291.0,79.15,99,54,89,46.9,4.6,275.2,79.14,99,56,86,4.0,3454.7,,,
1783013985.968,1827.583,295.1,79.14,100,51,89,1.9,12.7,285.4,79.15,100,49,86,20721.7,15757.1,297.2,79.15,100,53,90,123.1,10.0,282.5,79.14,99,43,86,2.4,11352.6,48.0,8,0
1783013986.414,1828.030,300.4,79.14,100,46,90,20708.5,17108.7,299.6,79.15,100,50,86,2.2,6.1,286.7,79.15,100,37,89,12599.9,14810.5,279.6,79.14,100,46,87,9884.2,5.8,48.0,8,0
1783013986.856,1828.471,299.2,79.14,100,43,90,2.2,17116.6,291.6,79.15,99,39,86,19836.9,744.4,279.1,79.15,100,35,88,2.7,2198.3,269.0,79.14,100,36,86,18040.1,16227.3,48.0,8,0
1783013987.297,1828.913,295.5,79.14,100,43,90,19571.0,955.5,284.3,79.15,100,46,85,2.7,4.7,279.7,79.15,100,38,89,11190.0,14519.2,266.6,79.14,100,40,87,11073.2,5.1,48.0,8,0
1783013987.739,1829.354,299.4,79.14,100,50,90,8538.0,10.4,289.0,79.15,100,49,86,7.8,9642.0,280.8,79.15,100,37,89,17508.2,8950.1,270.8,79.14,100,41,86,10.7,5.4,48.0,8,0
1783013988.189,1829.804,301.3,79.14,100,49,90,3.6,4.4,295.9,79.15,100,57,86,501.8,17111.2,282.5,79.15,100,38,90,18036.1,5.0,275.2,79.14,100,44,86,2.8,8.0,48.0,8,0
1783013988.635,1830.250,299.3,79.14,100,50,90,1.9,4.5,293.4,79.15,100,46,85,12491.5,14442.1,286.5,79.15,100,38,89,10400.8,7.6,275.9,79.14,100,40,87,10.7,4023.9,48.0,8,0
1783013989.081,1830.696,300.4,79.14,100,46,90,3.5,5.3,294.2,79.15,100,47,86,20718.2,17105.0,286.5,79.15,100,38,89,4.1,5.1,275.9,79.14,100,40,87,3.3,17240.9,48.0,8,0
1783013989.522,1831.138,300.4,79.14,100,46,90,2.8,17114.0,294.2,79.15,100,47,86,20703.2,6.1,285.4,79.15,100,37,88,2.4,4.6,273.3,79.14,100,44,87,20774.1,17206.8,48.0,8,0
1783013989.964,1831.580,300.4,79.14,100,47,89,20704.3,7.7,293.9,79.15,100,47,86,3.0,17111.5,283.5,79.15,100,40,90,20745.6,8.3,275.8,79.14,100,43,86,4.0,10429.0,48.0,8,0
1783013990.416,1832.031,297.7,79.14,100,44,89,17994.9,6289.6,290.6,79.15,100,42,86,2.2,1672.1,280.4,79.15,100,33,89,18538.0,16235.8,270.4,79.14,99,33,86,3.1,5.8,48.0,8,0
1783013990.857,1832.473,294.5,79.14,100,35,90,2.6,15014.3,281.7,79.15,100,35,86,15404.1,5648.3,269.8,79.15,98,11,91,2.4,7.3,258.6,79.14,98,23,85,1093.9,16771.2,48.0,8,0
1783013991.300,1832.915,290.8,79.14,100,64,90,3.4,3.9,278.7,79.15,100,60,86,1.9,3.4,273.9,79.15,100,41,89,20302.4,17198.2,264.6,79.14,100,57,87,2.7,4.5,48.0,8,0
1783013991.742,1833.357,294.6,79.14,100,61,90,20712.0,17114.1,290.5,79.15,100,59,86,6.6,6.3,285.8,79.15,100,40,88,2.2,559.3,277.6,79.14,100,49,87,19694.5,17207.6,48.0,8,0
1783013992.188,1833.803,300.4,79.14,100,59,90,692.3,16500.4,298.6,79.15,100,50,85,20707.2,4.9,293.7,79.15,100,36,89,4.4,4.8,281.7,79.14,100,39,86,20783.2,16672.2,48.0,8,0
1783013992.631,1834.247,297.5,79.14,100,45,90,20706.4,5.8,297.1,79.15,100,43,86,3.1,11117.2,286.9,79.15,100,35,90,18458.2,5939.8,275.8,79.14,100,38,86,8.3,5703.9,48.0,8,0
1783013993.080,1834.696,297.5,79.14,100,43,90,20709.4,17111.3,289.9,79.15,100,43,86,4.7,5.6,286.9,79.15,100,35,90,5286.2,13762.0,275.8,79.14,100,38,86,18060.5,5.3,48.0,8,0
1783013993.521,1835.137,297.5,79.14,100,43,90,5605.0,4.4,289.9,79.15,100,43,86,2.8,3919.4,279.7,79.15,100,37,89,16647.4,15513.3,268.5,79.14,100,37,86,1.9,4.9,48.0,8,0
1783013993.963,1835.578,297.3,79.14,100,44,90,6.8,6.8,285.1,79.15,100,45,86,1.9,17131.7,280.7,79.15,100,38,88,19005.8,1450.8,268.2,79.14,100,41,86,2.0,5.7,48.0,8,0
1783013994.409,1836.024,299.8,79.14,100,48,90,2.4,4.5,292.2,79.15,100,55,86,1.8,17148.1,281.9,79.15,100,37,90,18372.2,1914.8,275.0,79.14,100,40,87,2.8,4.7,48.0,8,0
1783013994.850,1836.466,301.5,79.14,100,54,90,1181.3,4.5,293.9,79.15,100,46,85,1.9,8482.4,286.1,79.15,100,38,89,15869.8,11704.6,275.8,79.14,100,40,85,7.9,5.9,48.0,8,0
1783013995.295,1836.910,300.2,79.14,100,48,90,8123.6,4.7,294.7,79.15,100,50,86,3.6,5340.3,288.3,79.15,100,45,90,16255.7,14522.8,277.6,79.14,100,49,87,1.9,4.8,48.0,8,0
1783013995.737,1837.353,300.5,79.14,100,52,90,9160.7,8.7,292.6,79.15,100,45,86,7.0,13973.8,284.2,79.15,100,37,89,16016.7,5999.2,274.7,79.14,100,40,86,3.5,6.3,48.0,8,0
1783013996.184,1837.799,299.7,79.14,100,45,90,5.4,8126.6,292.9,79.15,100,46,86,16452.2,11955.1,283.5,79.15,100,37,88,4.9,5.7,272.1,79.14,100,39,87,20770.1,17190.5,48.0,8,0
1783013996.628,1838.244,299.5,79.14,100,43,90,8282.8,6.0,291.5,79.15,100,42,86,1101.6,16021.1,278.4,79.15,100,30,89,20747.4,8.9,268.4,79.14,100,33,86,9.2,17011.3,48.0,8,0
1783013997.073,1838.688,299.5,79.14,100,43,90,3.5,4.4,274.1,79.15,100,12,85,1.8,17122.7,278.4,79.15,100,30,89,20747.5,6.7,268.4,79.14,100,33,86,2.9,4.4,6.0,0,7
1783013997.516,1839.131,288.3,79.14,100,11,91,16688.7,6525.8,274.1,79.15,100,12,85,1.8,4.4,269.1,79.15,100,44,90,1.9,13559.8,259.8,79.14,100,57,87,16894.5,5657.1,6.0,0,7
1783013997.958,1839.573,291.3,79.14,100,72,90,3.0,17116.8,283.2,79.15,100,60,86,20705.5,9.7,276.8,79.15,100,41,89,2.4,5.2,268.4,79.14,100,54,87,3068.7,15027.5,6.0,0,7
1783013998.405,1840.020,295.3,79.14,100,61,90,10.7,11319.3,292.8,79.15,100,49,85,17410.7,7672.0,295.9,79.15,100,42,89,2.8,4.6,281.7,79.14,100,44,86,3965.1,14474.4,6.0,0,7
1783013998.850,1840.466,296.2,79.14,100,46,90,17892.1,6610.3,300.1,79.15,100,46,86,2.2,13.9,289.8,79.15,100,35,90,19396.9,17187.4,282.3,79.14,100,37,86,7.1,8.5,6.0,0,7
1783013999.296,1840.912,297.1,79.14,100,43,90,15751.1,14558.2,293.8,79.15,100,40,86,6975.7,5.6,280.8,79.15,100,36,89,4.6,17218.5,272.6,79.14,100,36,86,20746.1,5.2,6.0,0,7
1783013999.739,1841.354,298.1,79.14,100,46,90,9280.5,8.2,285.9,79.15,100,46,86,5.8,14668.6,278.3,79.15,100,37,89,16976.8,4291.2,264.4,79.14,100,40,86,4.3,4.7,6.0,0,7
1783014000.190,1841.805,298.9,79.14,100,46,90,3.6,4.5,288.8,79.15,99,46,86,3.5,17129.9,281.5,79.15,100,37,90,20750.1,5.6,272.4,79.14,100,42,87,2.4,4.8,6.0,0,7
1783014000.630,1842.245,300.0,79.14,100,51,90,2.3,4.5,292.5,79.15,100,48,85,1.8,17138.7,287.4,79.15,100,40,89,20747.2,9.3,276.4,79.14,100,42,86,8.1,8.9,6.0,0,7
1783014001.081,1842.696,300.5,79.14,100,48,90,12.1,4.6,294.8,79.15,100,51,86,1.8,17142.3,287.4,79.15,100,40,89,20755.8,5.0,276.4,79.14,100,42,86,3.7,4.7,6.0,0,7
1783014001.522,1843.137,300.5,79.14,100,48,90,2.8,4.6,294.8,79.15,100,51,86,1.9,12530.8,288.8,79.15,100,41,90,17423.0,6209.7,278.2,79.14,100,48,87,2.0,5.6,6.0,0,7
1783014001.963,1843.578,300.0,79.14,100,50,90,2.3,7.1,294.8,79.15,100,45,85,2.8,16697.7,286.3,79.15,100,38,89,20750.8,11.2,276.1,79.14,100,40,85,3.4,4.8,6.0,0,7
1783014002.412,1844.028,299.7,79.14,100,48,90,2.8,5.1,294.5,79.15,100,49,86,20716.0,17105.2,288.4,79.15,100,41,90,3.1,5.9,276.6,79.14,100,47,87,11748.0,14776.6,6.0,0,7
1783014002.855,1844.470,298.1,79.14,100,46,90,20704.3,5.8,294.2,79.15,100,45,86,3.0,8635.8,282.8,79.15,100,32,90,17870.6,9560.5,275.7,79.14,100,35,86,10.1,5.7,6.0,0,7
1783014003.296,1844.911,297.5,79.14,100,45,90,20708.1,17110.2,288.8,79.15,100,45,86,4.4,4.4,278.3,79.15,98,24,88,4.4,5886.3,267.5,79.14,98,35,86,15776.3,14166.9,9.0,0,6
1783014003.739,1845.355,295.2,79.14,100,50,90,6.5,9.5,286.4,79.15,100,60,86,20248.4,17112.4,279.1,79.15,100,52,90,2.4,4.3,268.6,79.14,100,56,87,2.4,544.0,9.0,0,6
1783014004.187,1845.803,296.0,79.14,100,49,90,1.9,4.3,292.6,79.15,100,60,86,4.4,2959.8,286.8,79.15,100,42,90,16150.6,16927.4,280.1,79.14,100,51,87,2.7,4.4,9.0,0,6
1783014004.629,1846.244,301.8,79.14,100,59,90,18166.0,2055.7,299.3,79.15,100,57,86,3.3,4.9,293.7,79.15,100,36,90,14485.4,15725.5,280.8,79.14,100,39,87,3520.0,11.8,9.0,0,6
1783014005.078,1846.693,297.7,79.14,100,46,90,2.9,6.1,296.2,79.15,100,45,86,13835.0,13448.1,293.7,79.15,100,36,90,9843.1,6.9,280.8,79.14,100,39,87,63.4,16914.1,9.0,0,6
1783014005.521,1847.136,297.7,79.14,100,46,90,16294.7,6896.5,296.2,79.15,100,45,86,2.2,33.5,286.9,79.15,100,36,89,19114.3,17195.3,274.1,79.14,100,39,87,2.1,5.6,9.0,0,6
1783014005.962,1847.578,297.6,79.14,100,45,90,2.0,8.1,290.8,79.15,99,43,86,20712.1,16564.1,279.6,79.15,100,35,88,2.8,4.8,268.8,79.14,100,35,86,4.1,15881.8,9.0,0,6
1783014006.410,1848.025,299.3,79.14,100,44,90,3.7,10693.6,286.8,79.15,100,45,86,16287.5,9432.4,280.3,79.15,100,38,88,3.5,11.0,269.2,79.14,100,45,87,2278.2,15309.6,9.0,0,6
1783014006.856,1848.471,298.5,79.14,100,46,90,2.3,12671.8,290.4,79.15,100,48,86,15538.3,7921.4,283.9,79.15,100,39,90,2.4,7.1,276.0,79.14,100,39,86,1388.1,15996.4,9.0,0,6
1783014007.299,1848.915,301.9,79.14,100,56,90,3.5,505.8,294.3,79.15,100,53,86,18666.6,17106.7,285.6,79.15,100,38,90,4.0,4.8,275.1,79.14,100,40,87,1.9,17256.9,9.0,0,6
1783014007.741,1849.356,300.3,79.14,100,47,90,5.3,10.2,294.6,79.15,100,48,85,20228.5,17109.6,288.6,79.15,100,47,90,2.3,4.8,276.1,79.14,100,41,86,2.0,17251.3,9.0,0,6
1783014008.189,1849.804,300.6,79.14,100,52,90,2.6,4.2,295.5,79.15,100,53,86,20225.4,17108.5,285.8,79.15,100,38,88,2.8,4.9,277.4,79.14,100,47,87,2.0,17266.7,9.0,0,6
1783014008.632,1850.247,299.2,79.14,100,47,90,2.4,17114.4,293.6,79.15,100,46,85,20703.6,5.5,283.2,79.15,99,36,90,2.9,11793.7,274.5,79.14,100,38,86,20893.8,725.7,9.0,0,6
1783014009.085,1850.700,296.4,79.14,100,44,90,3.1,6.1,291.4,79.15,100,45,86,20706.5,17104.6,283.2,79.15,99,36,90,4.2,5.9,274.5,79.14,100,38,86,9795.4,13201.5,9.0,0,6
1783014009.528,1851.144,296.4,79.14,100,44,90,16984.9,16794.7,291.4,79.15,100,45,86,17391.2,8559.5,279.4,79.15,100,32,89,1.9,4.5,269.1,79.14,99,32,86,2.1,17261.7,12.0,1,6
1783014009.971,1851.587,293.2,79.14,98,14,90,3.2,4.2,281.0,79.15,98,10,85,1.8,12716.1,272.2,79.15,100,54,90,16777.3,5974.1,258.3,79.14,100,44,86,4.2,4.3,12.0,1,6
1783014010.416,1852.031,292.1,79.14,100,53,90,17235.9,4383.0,285.7,79.15,100,61,86,1.8,4.3,281.5,79.15,100,55,90,1076.1,16775.9,268.8,79.14,99,50,87,20751.0,5.1,12.0,1,6
1783014010.860,1852.475,293.8,79.14,100,53,90,20116.3,14073.9,300.0,79.15,100,62,86,3359.8,4.8,291.7,79.15,100,42,90,2.8,12842.2,284.1,79.14,100,56,87,17622.2,4148.1,12.0,1,6
1783014011.306,1852.922,298.4,79.14,100,51,90,18457.5,5.4,295.8,79.15,100,46,85,4.5,12957.2,290.4,79.15,100,37,89,17672.8,5258.8,277.3,79.14,100,40,85,3.0,1446.6,12.0,1,6
1783014011.751,1853.366,296.6,79.14,100,40,90,20713.0,17112.0,289.0,79.15,100,45,85,3.3,8.0,283.6,79.15,99,34,90,16239.1,14479.3,270.2,79.14,100,38,86,6428.9,5.7,12.0,1,6
1783014012.194,1853.810,297.0,79.14,100,45,89,3.4,5.3,288.7,79.15,100,45,86,16392.4,14742.3,277.3,79.15,100,40,90,5841.2,4.8,269.3,79.14,100,43,86,2.7,5072.1,12.0,1,6
1783014012.641,1854.256,298.8,79.14,100,47,90,2.0,4.2,288.9,79.15,100,46,86,20217.8,17105.0,281.5,79.15,100,38,89,5.5,11.0,269.9,79.14,100,40,87,5.1,17274.2,12.0,1,6
1783014013.090,1854.705,303.3,79.14,100,52,90,1.8,7081.6,293.3,79.15,100,56,86,17486.4,11912.5,281.5,79.15,100,38,89,2.9,5.5,269.9,79.14,100,40,87,491.5,17267.7,12.0,1,6
1783014013.532,1855.147,303.3,79.14,100,52,90,2.4,4.6,293.3,79.15,100,56,86,20728.4,17108.7,284.7,79.15,100,39,88,2.0,4.7,273.7,79.14,100,47,87,1.9,11843.8,12.0,1,6
1783014013.976,1855.591,300.7,79.14,100,49,90,5.9,4.8,294.7,79.15,100,47,86,15959.0,14365.4,287.8,79.15,100,42,89,6919.6,4.7,277.0,79.14,100,41,87,2.4,2909.8,12.0,1,6
1783014014.421,1856.036,299.4,79.14,100,46,90,3.4,4.6,297.8,79.15,100,50,86,10286.5,14370.4,287.4,79.15,100,38,90,11901.7,4.7,279.8,79.14,100,47,87,1.9,515.1,12.0,1,6
1783014014.864,1856.479,300.9,79.14,100,51,90,3.0,5.2,294.8,79.15,99,46,85,20721.3,17105.4,286.2,79.15,100,38,89,2.5,8.5,276.5,79.14,100,41,85,3434.2,14833.6,12.0,1,6
1783014015.314,1856.929,299.6,79.14,100,46,90,20509.7,26.9,292.4,79.15,100,48,86,3.8,5253.3,285.0,79.15,100,35,89,19215.7,11829.4,270.7,79.14,100,37,87,2.1,5.9,12.0,1,6
1783014015.757,1857.372,298.4,79.14,99,41,90,2609.4,17110.3,288.8,79.15,100,44,86,19675.8,9770.6,279.8,79.15,100,34,89,20082.9,13163.4,269.6,79.14,100,39,86,9887.7,4.5,14.0,1,5
1783014016.206,1857.821,292.5,79.14,100,55,90,10318.2,12735.4,282.6,79.15,100,50,85,14715.7,4.5,277.9,79.15,100,41,89,11.3,4.1,266.1,79.14,100,44,86,15014.4,12518.1,14.0,1,5
1783014016.654,1858.269,295.7,79.14,100,51,90,8.4,4.4,291.5,79.15,100,46,85,13787.8,12789.3,284.6,79.15,100,39,89,10044.2,10.6,274.1,79.14,100,42,85,9.9,540.5,14.0,1,5
1783014017.102,1858.718,302.3,79.14,100,49,90,3.1,6.8,302.7,79.15,100,49,85,3.5,15561.0,293.5,79.15,100,39,89,15835.2,4429.4,284.0,79.14,100,39,86,3.3,4.8,14.0,1,5
1783014017.545,1859.160,302.3,79.14,100,49,90,3.1,5.7,302.7,79.15,100,49,85,20715.1,15467.2,293.5,79.15,100,42,90,466.9,5.7,284.0,79.14,100,39,86,1077.9,16746.9,14.0,1,5
1783014017.989,1859.604,299.8,79.14,100,44,90,16964.9,2894.5,297.6,79.15,100,44,86,3.3,1203.6,286.4,79.15,99,36,89,17693.2,17190.1,276.7,79.14,100,38,86,2.6,6.1,14.0,1,5
1783014018.432,1860.047,297.4,79.14,99,43,90,2.4,3021.2,288.1,79.15,99,45,85,16416.6,16840.1,279.1,79.15,100,30,89,3.1,5.4,267.8,79.14,100,35,86,11524.8,13464.1,14.0,1,5
1783014018.875,1860.491,295.7,79.14,100,45,90,1.9,17115.8,286.1,79.15,100,44,85,20704.5,5.6,279.7,79.15,100,44,90,5.7,7.7,269.0,79.14,100,41,86,20775.4,17206.3,14.0,1,5
1783014019.318,1860.933,300.7,79.14,100,47,90,3.4,17098.7,291.4,79.15,100,46,86,20707.0,4.6,282.3,79.15,100,38,89,4.3,4.8,273.2,79.14,100,46,87,20607.8,12761.5,14.0,1,5
1783014019.761,1861.376,301.2,79.14,100,48,90,8.1,13486.4,295.3,79.15,100,47,85,15605.4,7002.3,286.4,79.15,99,45,90,1.9,4.7,276.5,79.14,100,40,85,6583.3,12896.9,14.0,1,5
1783014020.208,1861.823,300.7,79.14,100,48,90,3.9,383.6,296.8,79.15,100,55,86,19069.4,17110.3,286.0,79.15,100,39,89,4.5,4.9,279.6,79.14,100,50,87,401.6,16390.5,14.0,1,5
1783014020.656,1862.271,300.7,79.14,100,47,90,1.8,2351.3,294.0,79.15,100,47,86,16831.3,15389.9,286.9,79.15,100,41,90,8.1,9.6,275.5,79.14,100,41,87,11866.9,13080.9,14.0,1,5
1783014021.111,1862.726,299.2,79.14,100,47,90,3.9,17115.3,295.0,79.15,100,54,86,20706.5,5.3,284.9,79.15,100,37,89,4.7,4330.3,275.3,79.14,100,42,87,15916.9,15706.9,14.0,1,5
1783014021.556,1863.171,299.2,79.14,100,47,90,7174.9,5.7,293.3,79.15,100,41,86,2.0,17114.0,284.9,79.15,100,37,89,20745.1,5.9,275.3,79.14,100,42,87,2.9,10991.9,14.0,1,5
1783014021.999,1863.614,298.9,79.14,99,43,90,25547.3,14408.8,293.3,79.15,100,41,86,21027.8,14569.7,279.2,79.15,100,35,89,20763.7,16480.6,272.4,79.14,100,37,87,20748.7,17190.4,17.0,2,5
1783014022.442,1864.057,297.7,79.14,100,40,91,1.8,3.9,283.9,79.15,98,40,86,1.6,17168.6,270.4,79.15,100,10,88,20749.6,4.9,261.0,79.14,100,12,87,2.8,4.4,17.0,2,5
1783014022.887,1864.502,293.3,79.14,100,67,90,17076.4,10460.8,282.2,79.15,100,60,86,1.8,7.3,277.8,79.15,100,43,89,53.5,17258.3,268.5,79.14,100,60,87,20746.1,4.5,17.0,2,5
1783014023.329,1864.944,294.4,79.14,100,60,90,3.4,17114.7,292.0,79.15,100,50,86,20706.4,4.7,295.0,79.15,100,41,90,1.9,4.8,284.2,79.14,99,46,87,18540.6,14414.8,17.0,2,5
1783014023.772,1865.387,298.7,79.14,100,48,90,12504.3,15297.5,300.3,79.15,100,45,86,5917.0,5.7,293.3,79.15,100,42,89,1022.1,16740.3,280.4,79.14,100,40,86,20751.9,5.5,17.0,2,5
1783014024.217,1865.832,296.6,79.14,100,45,90,3.8,5.0,294.6,79.15,100,46,85,20218.6,17104.0,284.0,79.15,100,30,89,5.2,5.9,274.4,79.14,100,36,86,16609.8,14910.1,17.0,2,5
1783014024.663,1866.279,297.3,79.14,100,44,90,20706.6,4.8,288.8,79.15,100,45,86,2.9,7.1,276.5,79.15,100,38,90,19700.2,17198.4,269.9,79.14,100,41,87,13.1,10.8,17.0,2,5
1783014025.112,1866.728,298.0,79.14,100,49,90,3.9,4.6,290.0,79.15,100,48,86,3.5,17136.5,283.0,79.15,100,43,89,20753.5,6.2,271.0,79.14,100,40,86,2.2,6.5,17.0,2,5
1783014025.557,1867.173,298.0,79.14,100,49,90,3.2,4.7,292.2,79.15,100,49,86,12195.8,14293.8,283.0,79.15,100,43,89,10463.5,4.8,271.0,79.14,100,40,86,2.8,534.5,17.0,2,5
1783014026.002,1867.617,303.3,79.14,100,49,90,1.9,4.5,292.2,79.15,100,49,86,496.9,17119.3,285.7,79.15,100,39,90,20750.4,4.8,273.3,79.14,100,42,87,2.3,4.7,17.0,2,5
1783014026.444,1868.059,300.8,79.14,100,48,90,2.4,4.5,295.0,79.15,100,48,85,1.9,17140.8,287.0,79.15,100,43,90,19859.1,859.6,276.8,79.14,100,40,86,1.8,5.1,17.0,2,5
1783014026.888,1868.503,299.6,79.14,100,52,90,1.9,4.5,297.6,79.15,100,56,86,1.9,12210.0,285.9,79.15,100,37,88,17682.6,5735.3,278.9,79.14,100,44,87,2.8,4.8,17.0,2,5
1783014027.330,1868.946,299.0,79.14,100,50,90,3.7,4.8,294.3,79.15,100,48,86,2.0,16348.7,286.8,79.15,100,43,90,18370.8,1870.3,275.9,79.14,100,40,86,2.0,5.3,17.0,2,5
1783014027.775,1869.390,299.0,79.14,100,47,90,13549.7,14882.8,291.4,79.15,100,47,86,8713.6,5.6,285.3,79.15,100,36,89,2.0,17219.8,273.2,79.14,100,40,87,20755.4,5.9,17.0,2,5
1783014028.224,1869.839,299.2,79.14,100,39,90,3.8,504.8,288.5,79.15,100,43,85,27431.7,10055.6,279.2,79.15,100,32,89,20748.4,17185.0,269.6,79.14,100,37,86,3706.9,17401.5,20.0,2,4
1783014028.669,1870.284,289.1,79.14,100,27,90,16715.3,12893.8,281.7,79.15,100,44,86,8177.4,9.5,277.8,79.15,100,52,90,9.5,9.0,267.5,79.14,100,46,87,17988.4,12554.7,20.0,2,4
1783014029.115,1870.730,294.7,79.14,100,51,90,3.4,4.3,290.2,79.15,100,47,86,502.4,17127.2,284.8,79.15,100,52,90,20749.4,4.7,275.7,79.14,100,43,86,2.8,4.5,20.0,2,4
1783014029.560,1871.175,294.7,79.14,100,51,90,20705.6,4.8,302.8,79.15,100,58,86,2.8,4.8,284.8,79.15,100,52,90,16679.4,12787.9,275.7,79.14,100,43,86,7963.4,5.0,20.0,2,4
1783014030.001,1871.616,303.4,79.14,100,49,89,15689.0,9235.6,302.8,79.15,100,58,86,2.1,5.8,291.1,79.15,100,47,90,20766.6,16953.3,286.1,79.14,100,50,87,3.0,5.9,20.0,2,4
1783014030.444,1872.060,299.4,79.14,100,55,90,2.8,17111.9,295.2,79.15,100,46,86,20708.2,5.7,285.9,79.15,100,35,89,2.1,8492.3,276.0,79.14,100,38,85,16249.2,11373.1,20.0,2,4
1783014030.888,1872.503,295.6,79.14,100,37,90,2.6,5.2,286.9,79.15,100,43,85,1260.9,16095.3,281.4,79.15,99,33,90,20750.1,5.1,270.0,79.14,100,38,85,2.7,504.4,20.0,2,4
1783014031.334,1872.950,296.6,79.14,100,45,90,10.7,4.7,288.1,79.15,100,45,85,20719.4,17108.9,276.9,79.15,100,36,90,2.4,5.0,269.4,79.14,100,39,86,1.9,15970.8,20.0,2,4
1783014031.776,1873.391,301.1,79.14,100,49,90,5.9,11617.5,289.3,79.15,100,43,86,15772.6,8792.9,282.5,79.15,100,40,89,2.4,4.8,270.1,79.14,100,40,86,3550.9,14114.5,20.0,2,4
1783014032.219,1873.835,302.5,79.14,100,47,91,3.5,3.9,294.1,79.15,100,53,86,20226.2,17108.4,286.2,79.15,100,42,90,5.0,4.6,276.3,79.14,100,48,87,2.9,14298.5,20.0,2,4
1783014032.660,1874.275,300.6,79.14,100,53,90,2.6,4.5,293.7,79.15,100,45,86,12338.1,19537.3,285.6,79.15,100,38,88,2638.1,7.6,276.0,79.14,100,40,86,4.9,7802.3,20.0,2,4
1783014033.108,1874.723,299.2,79.14,100,45,89,2.4,4.9,292.7,79.15,100,44,86,20718.5,17107.5,286.2,79.15,100,42,90,2.1,4.6,274.4,79.14,100,45,87,2.7,10912.1,20.0,2,4
1783014033.549,1875.164,299.2,79.14,100,45,89,2.3,4.8,292.7,79.15,100,44,86,20716.3,17107.9,286.2,79.15,100,42,90,2.2,5.2,274.4,79.14,100,45,87,490.1,17249.0,20.0,2,4
1783014033.993,1875.608,299.7,79.14,100,52,90,16446.2,16269.7,292.9,79.15,100,46,86,2.2,5.9,284.4,79.15,100,37,89,20756.3,14361.9,274.5,79.14,100,40,86,1782.9,5.9,20.0,2,4
1783014034.437,1876.052,299.3,79.14,99,41,90,4.4,17116.1,289.6,79.15,100,41,86,20703.8,6.0,282.6,79.15,100,35,89,3.0,11471.0,269.5,79.14,100,37,86,23658.0,17187.4,23.0,3,4
1783014034.881,1876.497,295.5,79.14,100,44,89,2.7,4.3,287.5,79.15,100,44,86,16926.8,18649.0,268.3,79.15,100,10,90,8.2,6.9,262.7,79.14,98,10,85,3.8,3.1,23.0,3,4
1783014035.330,1876.946,289.2,79.14,100,51,90,20705.8,5.1,281.3,79.15,100,49,86,4.3,4.4,276.6,79.15,100,59,90,8692.8,14281.0,266.7,79.14,100,46,86,14162.8,4.8,23.0,3,4
1783014035.773,1877.388,293.9,79.14,100,50,89,12665.0,14083.0,291.1,79.15,100,51,86,10809.3,4.8,285.7,79.15,100,54,90,2.6,1986.3,281.9,79.14,100,51,86,18106.8,16723.7,23.0,3,4
1783014036.217,1877.832,301.4,79.14,100,53,90,13942.5,14502.2,298.7,79.15,100,54,86,8616.7,5.6,286.7,79.15,100,37,89,3.3,17241.8,280.1,79.14,100,41,87,20742.9,9.6,23.0,3,4
1783014036.661,1878.276,298.2,79.14,100,46,90,2.1,5.0,293.0,79.15,100,45,86,20219.0,17105.4,281.6,79.15,100,33,89,7.6,9.8,270.7,79.14,99,35,86,20774.9,17189.7,23.0,3,4
1783014037.108,1878.724,294.6,79.14,99,37,90,9567.2,5.2,284.4,79.15,100,42,85,2.0,15721.1,278.8,79.15,100,38,89,17628.0,2554.7,266.4,79.14,100,40,87,2.7,4.9,23.0,3,4
1783014037.550,1879.165,294.6,79.14,99,37,90,1.9,4.9,284.4,79.15,100,42,85,17331.9,14385.3,278.8,79.15,100,38,89,4989.3,4.9,266.4,79.14,100,40,87,2.0,8243.6,23.0,3,4
1783014037.993,1879.608,298.8,79.14,100,54,90,2.5,3590.8,285.2,79.15,100,48,86,17802.3,15123.6,279.5,79.15,99,37,88,2.7,4.7,267.1,79.14,99,40,87,3.6,17256.0,23.0,3,4
1783014038.437,1880.053,301.1,79.14,100,46,90,4.1,4322.4,292.1,79.15,100,48,86,17663.7,14469.2,282.0,79.15,100,39,90,3.4,4.4,275.3,79.14,100,47,87,2.0,17269.5,23.0,3,4
1783014038.885,1880.500,301.4,79.14,100,51,90,2.8,8721.7,294.6,79.15,100,47,85,19303.5,8556.9,286.2,79.15,100,39,89,5.7,13.7,276.7,79.14,100,41,86,6652.4,14506.7,23.0,3,4
1783014039.335,1880.950,300.2,79.14,100,49,90,1387.7,15481.3,295.7,79.15,100,55,86,20217.5,4.5,286.9,79.15,100,37,90,3.4,4.7,275.7,79.14,100,42,87,20786.1,15995.8,23.0,3,4
1783014039.778,1881.393,299.1,79.14,100,49,90,19636.0,14278.2,295.3,79.15,100,46,86,3546.7,4.9,286.3,79.15,100,43,89,2.8,15466.6,276.2,79.14,99,40,87,17705.6,2874.3,23.0,3,4
1783014040.261,1881.877,299.9,79.14,100,45,90,2.7,17116.8,291.1,79.15,100,45,86,20703.8,5.6,285.2,79.15,100,34,89,3.5,11303.2,272.9,79.14,99,38,85,18751.2,6086.0,23.0,3,4
1783014040.703,1882.319,297.6,79.14,100,38,90,5.2,8.8,287.9,79.15,100,42,85,20755.4,17109.0,275.6,79.15,100,33,89,12647.7,17629.6,268.3,79.14,100,37,86,6433.1,17220.5,26.0,3,3
1783014041.149,1882.764,289.3,79.14,100,37,90,2.2,17113.7,281.5,79.15,99,53,86,20703.9,4.3,275.7,79.15,100,54,90,2.9,3.8,265.9,79.14,100,47,86,1.8,17177.6,26.0,3,3
1783014041.592,1883.208,294.0,79.14,100,52,90,1529.5,4.1,290.5,79.15,100,51,86,2.3,37.8,275.7,79.15,100,54,90,19695.9,17212.1,265.9,79.14,100,47,86,5.1,7.5,26.0,3,3
1783014042.036,1883.651,294.0,79.14,100,52,90,20706.8,15317.6,290.5,79.15,100,51,86,1102.3,4.7,288.6,79.15,100,52,90,3.8,8241.8,275.5,79.14,100,42,86,15277.3,12415.7,26.0,3,3
1783014042.478,1884.093,301.1,79.14,100,49,89,11337.0,12812.9,301.9,79.15,99,57,86,13801.2,5.5,292.1,79.15,99,46,90,2.5,17231.3,285.3,79.14,99,49,86,18721.2,1621.4,26.0,3,3
1783014042.921,1884.536,299.0,79.14,100,54,90,2.9,9.5,295.1,79.15,99,46,86,20709.7,15992.3,288.7,79.15,100,34,89,3.8,6.1,276.1,79.14,99,37,86,20771.8,15814.1,26.0,3,3
1783014043.375,1884.990,294.9,79.14,100,38,90,17439.9,5.0,287.0,79.15,99,43,86,3.9,8765.5,280.3,79.15,99,33,89,15885.0,10796.2,267.4,79.14,99,38,86,2.0,4.9,26.0,3,3
1783014043.817,1885.433,294.6,79.14,100,45,90,1.9,4.7,287.9,79.15,99,45,85,631.6,16606.2,276.3,79.15,100,35,90,20751.1,4.8,268.4,79.14,99,39,86,2.9,6.8,26.0,3,3
1783014044.263,1885.879,301.4,79.14,100,52,90,3.6,5.2,290.4,79.15,100,45,86,20223.5,17107.4,282.0,79.15,100,39,89,2.4,5.5,270.4,79.14,100,40,87,2.2,16648.8,26.0,3,3
1783014044.707,1886.322,302.5,79.14,100,47,90,8.7,9.9,295.0,79.15,100,54,86,20725.8,17111.9,286.2,79.15,100,40,90,9.2,4.9,276.8,79.14,100,49,87,1.9,15877.1,26.0,3,3
1783014045.158,1886.773,299.5,79.14,100,52,90,1.9,4.5,294.4,79.15,100,46,85,20715.3,14901.0,285.4,79.15,100,38,89,1243.4,4.6,276.0,79.14,100,40,87,2.8,7336.2,26.0,3,3
1783014045.598,1887.213,299.4,79.14,100,45,91,2.8,4.6,294.0,79.15,100,48,86,20714.8,17104.8,285.4,79.15,100,38,89,3.2,5.0,273.8,79.14,100,43,87,3.6,14456.3,26.0,3,3
1783014046.049,1887.664,299.4,79.14,100,45,91,2.2,10179.7,294.0,79.15,100,48,86,16313.1,9679.5,283.6,79.15,100,37,90,2.0,5.3,273.8,79.14,100,43,87,17904.9,13096.0,26.0,3,3
1783014046.491,1888.107,299.8,79.14,100,48,90,20704.9,6.2,293.2,79.15,100,45,85,3.0,8684.4,284.3,79.15,100,37,89,16604.3,10513.5,274.6,79.14,100,40,86,3.8,5.8,26.0,3,3
1783014046.932,1888.548,298.7,79.14,100,39,90,19889.3,13242.8,289.0,79.15,100,42,85,4599.0,7.5,282.5,79.15,99,33,89,5397.0,22948.9,271.0,79.14,100,37,86,17452.1,17398.5,29.0,4,3
1783014047.376,1888.992,295.9,79.14,100,44,89,2.9,5703.5,287.0,79.15,100,44,86,17562.9,13337.9,267.2,79.15,100,10,89,2.2,4.1,259.0,79.14,100,10,87,1.8,1072.8,29.0,4,3
1783014047.820,1889.435,289.7,79.14,100,51,90,13807.3,4.4,283.6,79.15,100,61,86,4.4,4.3,276.7,79.15,100,58,90,20781.6,15405.1,267.1,79.14,100,57,85,665.4,7.2,29.0,4,3
1783014048.265,1889.881,294.6,79.14,100,50,89,20504.3,14259.8,292.5,79.15,100,59,86,2787.1,5.6,294.6,79.15,100,45,90,2.0,9456.1,278.4,79.14,100,56,87,17365.0,9491.9,29.0,4,3
1783014048.708,1890.323,301.1,79.14,100,55,90,20711.8,15686.6,298.0,79.15,100,49,86,830.9,11.4,288.8,79.15,100,37,89,1659.4,15942.1,278.1,79.14,100,40,87,19310.3,5.9,29.0,4,3
1783014049.158,1890.773,298.3,79.14,100,46,90,2.6,5391.8,293.8,79.15,99,45,86,18378.0,13075.7,282.6,79.15,100,33,88,2.1,5.7,273.8,79.14,100,36,85,20769.3,16627.3,29.0,4,3
1783014049.600,1891.215,294.7,79.14,100,37,90,12197.5,5.1,288.1,79.15,100,42,85,2.9,12256.3,282.6,79.15,100,33,88,18093.2,5737.2,269.5,79.14,100,41,86,5.6,11.3,29.0,4,3
1783014050.044,1891.660,294.7,79.14,100,37,90,3.5,4.8,288.1,79.15,100,42,85,14042.2,14528.5,279.4,79.15,100,38,89,8062.0,4.6,269.5,79.14,100,41,86,1.9,4011.0,29.0,4,3
1783014050.488,1892.103,298.6,79.14,100,57,90,3.0,6807.0,287.1,79.15,100,49,86,17969.7,11551.7,280.5,79.15,100,37,89,1.9,4.9,270.5,79.14,100,39,87,1081.5,16500.0,29.0,4,3
1783014050.930,1892.545,301.3,79.14,100,46,89,2.8,6.3,294.1,79.15,100,47,86,20221.9,17109.3,282.0,79.15,100,40,89,4.4,4.7,275.0,79.14,100,48,87,2.4,17283.7,29.0,4,3
1783014051.372,1892.987,300.7,79.14,100,48,90,2.3,9.8,295.0,79.15,100,47,85,20722.8,17107.4,286.3,79.15,100,37,89,9.0,4.6,276.2,79.14,100,40,85,1.9,9861.4,29.0,4,3
1783014051.814,1893.430,300.3,79.14,100,49,90,2.7,83.6,295.5,79.15,100,57,86,19285.8,17105.9,286.1,79.15,100,37,90,1.9,4.7,276.9,79.14,100,42,87,1.9,17259.0,29.0,4,3
1783014052.257,1893.872,299.6,79.14,100,49,90,2.8,1450.1,294.2,79.15,100,48,86,18318.0,16919.9,284.3,79.15,100,39,89,2.1,5.2,274.6,79.14,100,40,86,6352.2,14877.4,29.0,4,3
1783014052.700,1894.316,299.9,79.14,100,47,90,18040.5,12238.2,290.6,79.15,100,47,86,6.2,6.9,284.3,79.15,100,35,88,19928.5,17195.8,271.2,79.14,100,39,86,4.2,11.0,29.0,4,3
1783014053.149,1894.764,299.5,79.14,100,38,90,10132.7,15656.5,289.0,79.15,100,43,85,5079.9,6.0,276.6,79.15,99,32,89,5203.7,22845.0,269.0,79.14,100,36,86,7376.5,17192.8,32.0,4,2
1783014053.597,1895.212,288.4,79.14,100,34,90,1.9,4.4,281.9,79.15,100,50,86,1.9,12014.0,276.6,79.15,99,32,89,15138.0,8126.8,266.8,79.14,100,46,86,3.5,11.5,32.0,4,2
1783014054.043,1895.659,288.4,79.14,100,34,90,15432.5,12843.6,281.9,79.15,100,50,86,9420.9,4.4,276.1,79.15,100,52,90,4.0,3.9,266.8,79.14,100,46,86,20337.7,17035.5,32.0,4,2
1783014054.485,1896.101,293.8,79.14,100,51,90,1.8,4.0,291.5,79.15,100,51,86,17702.3,12600.8,285.0,79.15,100,52,90,6973.3,5.0,274.7,79.14,100,44,86,1.9,4921.1,32.0,4,2
1783014054.928,1896.543,301.2,79.14,100,49,90,2.7,7.8,303.0,79.15,100,60,86,6309.9,13409.5,292.4,79.15,100,44,90,17266.4,5.6,285.4,79.14,100,49,87,2.2,13553.1,32.0,4,2
1783014055.370,1896.985,299.5,79.14,100,55,90,20709.2,17110.5,293.8,79.15,100,46,86,3.3,5.9,286.6,79.15,100,35,89,12113.8,13558.8,276.8,79.14,100,38,87,11579.9,5.9,32.0,4,2
1783014055.811,1897.426,295.8,79.14,100,39,90,2.6,5713.5,287.9,79.15,100,43,86,16447.9,14254.1,282.2,79.15,100,34,90,2.0,5.2,271.4,79.14,100,39,86,12671.5,13490.3,32.0,4,2
1783014056.254,1897.869,296.9,79.14,100,45,90,11800.6,13062.3,289.0,79.15,100,45,85,12731.9,4.7,277.5,79.15,100,36,90,2.3,509.6,269.7,79.14,100,39,86,19699.1,17198.1,32.0,4,2
1783014056.698,1898.313,300.1,79.14,100,51,90,20707.3,15767.0,290.7,79.15,100,44,86,646.8,8.1,283.6,79.15,100,40,89,493.0,16976.0,270.5,79.14,100,40,86,20754.5,7.0,32.0,4,2
1783014057.145,1898.761,302.5,79.14,100,47,90,18910.0,17110.6,295.0,79.15,100,54,86,3.5,4.7,286.0,79.15,100,40,90,3.7,17248.0,276.6,79.14,100,48,87,19585.3,930.8,32.0,4,2
1783014057.589,1899.204,300.1,79.14,100,52,90,20707.5,17116.8,294.1,79.15,100,46,85,2.4,4.6,286.0,79.15,100,40,90,2.8,9231.4,276.6,79.14,100,48,87,15538.9,10893.9,32.0,4,2
1783014058.033,1899.648,300.1,79.14,100,52,90,20708.0,14578.7,294.1,79.15,100,46,85,2137.8,5.0,285.8,79.15,100,38,89,4.0,13348.2,275.8,79.14,100,40,87,16069.5,6685.9,32.0,4,2
1783014058.474,1900.090,299.1,79.14,100,45,90,20707.5,16239.5,293.1,79.15,100,44,86,109.6,4.9,286.7,79.15,100,40,90,2.3,13982.0,276.7,79.14,100,45,87,15522.5,6355.7,32.0,4,2
1783014058.914,1900.530,299.4,79.14,100,51,90,19919.0,7.4,293.2,79.15,100,46,85,8.0,16318.1,284.3,79.15,100,36,89,16930.5,3107.9,274.6,79.14,100,39,85,3.1,3419.2,32.0,4,2
1783014059.356,1900.972,299.0,79.14,99,40,90,20710.8,17111.2,288.9,79.15,100,43,86,3.2,6.0,283.1,79.15,100,33,89,10993.0,13862.4,269.0,79.14,100,36,86,12190.9,6.5,35.0,5,2
1783014059.799,1901.415,294.9,79.14,100,43,89,16308.7,14220.9,287.0,79.15,100,43,85,6981.3,4.5,269.1,79.15,100,9,89,2.3,489.1,259.8,79.14,98,10,85,19721.1,17212.5,35.0,5,2
1783014060.243,1901.859,288.9,79.14,100,50,89,3.4,4.0,281.8,79.15,100,52,86,3169.3,14425.2,276.1,79.15,100,58,90,19398.7,4.6,265.9,79.14,100,47,87,1.9,4.4,35.0,5,2
1783014060.687,1902.303,294.5,79.14,100,50,90,6742.4,7.4,290.5,79.15,100,55,86,7.3,273.7,291.0,79.15,100,50,90,17046.0,11702.6,274.7,79.14,100,56,86,4.4,5.1,35.0,5,2
1783014061.621,1903.236,298.3,79.14,100,46,90,20704.9,6.5,293.0,79.15,99,45,86,2.2,9562.4,283.0,79.15,100,33,88,17820.9,8601.0,270.2,79.14,100,36,86,11.3,745.4,35.0,5,2
1783014062.068,1903.684,298.3,79.14,100,46,90,20709.0,17108.3,287.4,79.15,100,43,85,2.6,5.7,283.0,79.15,100,33,88,490.5,16737.9,270.2,79.14,100,36,86,20752.4,5.0,35.0,5,2
1783014062.510,1904.125,295.9,79.14,100,38,90,20706.2,4.7,287.4,79.15,100,43,85,3.5,4.9,279.5,79.15,100,38,89,20765.5,16365.4,269.4,79.14,100,40,86,4.5,5.1,35.0,5,2
1783014062.952,1904.568,298.7,79.14,100,56,90,17888.1,5.6,286.6,79.15,100,48,86,12.3,5085.8,280.1,79.15,100,38,88,18117.1,13130.6,270.3,79.14,100,40,87,1.9,4.9,35.0,5,2
1783014063.399,1905.015,300.9,79.14,100,47,91,14083.0,4.3,294.3,79.15,100,46,86,2.7,4.6,283.1,79.15,100,42,90,20770.6,17192.9,276.9,79.14,100,48,87,4.4,4.9,35.0,5,2
1783014063.842,1905.457,301.8,79.14,100,58,90,20713.1,4.3,295.1,79.15,100,47,86,3.5,4.5,286.3,79.15,100,38,88,12085.9,14422.6,276.9,79.14,100,41,87,9425.0,6.9,35.0,5,2
1783014064.290,1905.905,299.8,79.14,100,50,90,17520.2,2683.6,296.3,79.15,100,49,86,2.8,4.9,290.2,79.15,100,41,90,12008.1,14539.5,277.2,79.14,100,39,86,10450.7,5.1,35.0,5,2
1783014064.732,1906.347,301.4,79.14,100,60,90,17344.6,6615.9,297.5,79.15,100,55,86,10.1,7.1,286.6,79.15,100,38,90,13960.8,14320.4,277.3,79.14,100,40,87,7865.9,4.9,35.0,5,2
1783014065.184,1906.799,298.8,79.14,100,46,89,9310.2,5.6,293.5,79.15,100,44,86,3.0,17125.4,284.9,79.15,100,41,90,20746.6,5.5,275.0,79.14,100,42,86,3.0,8068.7,35.0,5,2
1783014065.628,1907.243,296.4,79.14,100,47,91,20709.8,17108.5,293.6,79.15,100,45,86,2.6,5.5,279.9,79.15,100,36,89,4900.3,15236.4,272.7,79.14,99,36,87,16883.3,8.6,38.0,5,1
1783014066.073,1907.688,296.4,79.14,100,47,91,2.9,4.1,280.9,79.15,100,11,86,17595.7,11750.5,279.9,79.15,100,36,89,7869.1,4.6,272.7,79.14,99,36,87,2.7,499.7,38.0,5,1
1783014066.515,1908.130,293.8,79.14,100,11,90,15056.3,11735.1,280.9,79.15,100,11,86,2.7,4.3,273.6,79.15,100,39,88,1.8,12077.2,263.2,79.14,100,50,87,14980.3,8601.6,38.0,5,1
1783014066.957,1908.573,291.0,79.14,100,71,90,3.5,15362.9,286.2,79.15,100,61,86,15023.2,5441.3,280.9,79.15,100,41,89,4.0,10.1,271.6,79.14,100,55,87,1081.5,16800.6,38.0,5,1
1783014067.403,1909.019,291.3,79.14,100,64,90,2.6,1287.8,294.1,79.15,100,48,86,18055.4,17108.7,292.8,79.15,100,41,89,2.9,4.8,281.5,79.14,100,42,87,3.8,17269.2,38.0,5,1
1783014067.847,1909.463,295.6,79.14,100,46,90,20709.1,17106.2,300.0,79.15,100,45,86,4.3,7.0,288.5,79.15,100,35,90,12404.1,13556.0,280.0,79.14,100,38,86,11313.6,8.0,38.0,5,1
1783014068.290,1909.905,297.7,79.14,100,43,90,2.1,11950.2,293.7,79.15,100,42,86,16398.4,7837.2,279.4,79.15,100,35,89,2.2,5.6,272.9,79.14,99,37,87,20768.7,17194.1,38.0,5,1
1783014068.732,1910.347,298.9,79.14,100,45,90,16464.5,9094.4,288.0,79.15,100,45,86,7.2,6.9,277.3,79.15,100,37,88,5939.4,13563.3,267.0,79.14,100,42,87,17788.1,4.8,38.0,5,1
1783014069.177,1910.793,299.1,79.14,100,46,90,20705.3,4.9,288.9,79.15,100,44,85,2.8,4.6,282.8,79.15,100,38,90,10679.9,13444.8,272.1,79.14,100,39,86,13153.0,5.1,38.0,5,1
1783014069.619,1911.235,301.9,79.14,100,55,90,18407.1,1841.4,291.2,79.15,100,48,86,1.9,4.7,286.2,79.15,100,39,88,6646.0,17314.5,274.1,79.14,100,40,87,12776.1,10.1,38.0,5,1
1783014070.065,1911.680,301.9,79.14,100,55,90,16120.4,15240.4,294.1,79.15,100,48,85,2.8,4.7,286.2,79.15,100,39,88,2.9,17244.5,274.1,79.14,100,40,87,20748.2,5.3,38.0,5,1
1783014070.507,1912.123,300.5,79.14,100,48,90,20709.5,16593.7,294.1,79.15,100,48,85,20.0,5.0,289.1,79.15,100,44,89,1.9,9194.6,277.6,79.14,100,40,86,16075.5,10723.5,38.0,5,1
1783014070.948,1912.564,299.8,79.14,100,45,90,13270.4,13195.3,297.4,79.15,100,49,86,4312.2,4.9,285.2,79.15,100,38,88,4.2,7993.4,278.7,79.14,100,46,87,16048.5,12034.2,38.0,5,1
1783014071.400,1913.015,298.6,79.14,100,45,90,16150.3,6261.7,293.4,79.15,100,46,87,9.2,5.3,287.2,79.15,100,43,89,20764.1,15655.8,275.8,79.14,100,41,86,8.1,5.9,38.0,5,1
1783014071.845,1913.460,298.3,79.14,100,47,90,2.6,17115.5,291.7,79.15,100,46,86,20704.3,6.2,285.1,79.15,100,33,89,4.3,8199.9,273.2,79.14,100,36,87,19243.5,8246.0,38.0,5,1
1783014072.289,1913.904,297.6,79.14,100,42,90,20048.9,14878.6,287.7,79.15,100,44,86,9569.4,4.5,276.4,79.15,98,31,89,2.6,3.9,269.4,79.14,100,36,85,20780.6,17206.9,41.0,6,1
1783014072.731,1914.346,290.3,79.14,100,51,90,5.2,9.5,283.5,79.15,100,61,86,17771.2,13924.4,274.5,79.15,100,52,90,5204.5,4.4,266.8,79.14,100,57,86,2.6,4.0,41.0,6,1
1783014073.176,1914.792,294.2,79.14,100,50,89,7449.6,4.2,291.4,79.15,100,59,86,1.9,4.7,283.7,79.15,100,41,90,19722.8,17202.1,274.2,79.14,100,52,87,1.9,4.4,41.0,6,1
1783014073.617,1915.233,301.7,79.14,100,59,90,17411.8,10382.1,298.9,79.15,100,54,86,2.8,4.8,291.3,79.15,100,37,89,1088.8,16491.2,279.4,79.14,100,40,87,19949.9,10.0,41.0,6,1
1783014074.061,1915.677,301.7,79.14,100,59,90,5.1,6.1,295.9,79.15,100,43,86,5453.1,15076.5,291.3,79.15,100,37,89,16225.6,6.1,279.4,79.14,100,40,87,2.2,17233.8,41.0,6,1
1783014074.506,1916.121,297.8,79.14,100,46,89,17998.9,8233.6,295.9,79.15,100,43,86,2.5,7.3,286.4,79.15,100,36,88,19692.7,17201.4,273.5,79.14,100,38,87,2.5,5.7,41.0,6,1
1783014074.947,1916.562,296.4,79.14,100,42,90,5.6,5.0,287.4,79.15,100,42,86,20716.4,17104.8,279.2,79.15,100,37,89,3.6,4.6,268.7,79.14,100,37,86,1.9,15878.3,41.0,6,1
1783014075.390,1917.005,298.4,79.14,100,45,90,1.9,8927.4,284.3,79.15,100,45,86,17828.5,9729.4,280.4,79.15,100,38,88,1.8,4.8,267.6,79.14,100,41,87,1082.0,16760.6,41.0,6,1
1783014075.833,1917.449,299.4,79.14,100,49,90,2.3,7415.2,292.0,79.15,100,54,86,17630.1,11404.2,282.6,79.15,100,38,90,2.9,4.8,275.9,79.14,100,43,87,1069.9,16795.0,41.0,6,1
1783014076.276,1917.891,301.0,79.14,100,58,90,1.8,4.5,293.6,79.15,100,48,85,20721.0,17108.3,286.7,79.15,100,40,89,2.2,4.6,276.7,79.14,100,41,87,2.0,12239.8,41.0,6,1
1783014076.719,1918.334,300.2,79.14,100,49,89,8.3,7.8,295.4,79.15,100,49,86,19126.0,15798.1,289.4,79.15,100,48,90,5.6,4.8,278.4,79.14,100,45,86,3.9,11409.8,41.0,6,1
1783014077.169,1918.784,301.5,79.14,100,54,90,3.5,10.0,296.7,79.15,100,48,86,20710.7,15260.9,286.9,79.15,100,39,89,595.2,4.6,277.5,79.14,100,42,87,2.3,8754.9,41.0,6,1
1783014077.613,1919.229,298.9,79.14,100,47,89,2.5,1377.8,294.3,79.15,100,46,86,18330.8,16888.4,284.5,79.15,100,39,89,3.0,5.8,275.5,79.14,100,41,86,12475.6,18458.9,41.0,6,1
1783014078.064,1919.679,298.9,79.14,100,47,89,20709.9,6.4,293.8,79.15,100,46,86,2.6,15096.0,284.5,79.15,100,39,89,17802.6,3346.6,275.5,79.14,100,41,86,2.6,500.3,41.0,6,1
1783014078.507,1920.122,296.5,79.14,100,46,90,4100.5,16957.9,293.8,79.15,100,46,86,14703.6,14027.8,279.9,79.15,100,34,89,20728.0,13599.6,273.8,79.14,100,34,87,5231.7,4.4,43.0,6,0
1783014078.949,1920.565,295.8,79.14,98,18,89,6739.6,12648.9,284.4,79.15,98,8,85,16274.2,4.1,273.5,79.15,100,33,88,4.3,4.1,260.5,79.14,100,17,87,4574.4,13817.7,43.0,6,0
1783014079.393,1921.009,293.3,79.14,100,50,90,1.9,4.4,284.9,79.15,100,48,86,2675.5,14949.5,282.2,79.15,100,40,89,19570.2,4.5,268.9,79.14,100,43,87,2.6,4.8,43.0,6,0
1783014079.837,1921.452,295.6,79.14,100,50,90,10983.3,4.6,295.9,79.15,100,49,85,2.8,46.0,295.8,79.15,100,47,90,19694.4,17198.9,286.5,79.14,100,43,86,1.9,9.3,43.0,6,0
1783014080.278,1921.894,299.9,79.14,100,46,90,228.8,5.6,299.9,79.15,100,51,86,3002.9,14648.5,289.1,79.15,100,38,90,20439.2,5.7,283.4,79.14,100,46,87,3.1,10924.3,43.0,6,0
1783014080.721,1922.336,298.2,79.14,100,44,90,18032.9,16643.4,293.4,79.15,100,44,86,4.1,8.4,279.7,79.15,100,33,88,20760.1,16410.5,271.8,79.14,100,31,87,4.0,6.0,43.0,6,0
1783014081.168,1922.783,297.2,79.14,100,45,90,4.1,4.9,285.2,79.15,100,43,86,20713.4,17104.8,279.5,79.15,100,37,89,8.1,5.3,267.2,79.14,100,40,87,3089.6,14422.3,43.0,6,0
1783014081.613,1923.229,299.4,79.14,100,47,90,8.6,14788.7,288.7,79.15,100,49,86,15901.0,5356.1,282.4,79.15,100,38,90,2.5,8.1,273.4,79.14,100,44,86,20761.2,14367.2,43.0,6,0
1783014082.059,1923.675,299.4,79.14,100,47,90,4.0,17115.1,290.8,79.15,100,45,85,20706.7,4.8,282.4,79.15,100,38,90,4.0,4.8,273.4,79.14,100,44,86,17564.7,13181.5,43.0,6,0
1783014082.502,1924.117,300.0,79.14,100,46,90,2.7,9265.3,290.8,79.15,100,45,85,16052.0,10796.5,285.7,79.15,100,38,89,2.4,5.5,276.0,79.14,100,40,86,1093.0,16737.9,43.0,6,0
1783014082.946,1924.561,300.8,79.14,100,48,90,5.0,4.8,293.7,79.15,100,52,86,20725.7,17111.2,286.7,79.15,100,41,90,2.9,5.1,277.5,79.14,100,47,87,2.3,17258.5,43.0,6,0
1783014083.390,1925.005,302.5,79.14,100,56,90,1.8,4.4,296.6,79.15,100,48,86,20720.5,16999.4,285.5,79.15,100,37,88,2.1,4.7,276.4,79.14,100,39,87,2.0,14685.1,43.0,6,0
1783014083.833,1925.448,299.4,79.14,100,47,89,1.9,1398.3,292.9,79.15,100,45,85,17756.4,17105.1,286.3,79.15,100,43,90,3.9,5.9,275.7,79.14,100,43,86,15223.7,13208.5,43.0,6,0
1783014084.277,1925.893,297.5,79.14,100,45,90,20705.6,6.0,292.8,79.15,100,46,85,3.0,4572.8,283.2,79.15,100,30,89,16961.9,14696.5,275.1,79.14,100,37,85,2.9,6.0,43.0,6,0
1783014084.719,1926.334,296.7,79.14,100,41,89,9001.6,10982.4,287.5,79.15,100,42,86,2872.3,2848.7,277.8,79.15,100,36,90,2778.1,2544.5,268.8,79.14,100,37,87,2707.0,2374.4,46.0,7,0
1783014085.168,1926.784,299.6,79.14,99,63,90,2643.2,2172.5,289.3,79.15,99,63,85,2969.7,3219.6,280.0,79.15,100,54,89,2814.3,3183.3,269.0,79.14,99,57,86,2819.4,2691.7,46.0,7,0
1783014085.615,1927.230,304.8,79.14,99,62,89,2661.7,2226.4,294.7,79.15,99,62,85,2860.5,3380.8,288.3,79.15,100,53,89,2940.3,3201.1,272.9,79.14,100,56,86,2837.6,2892.5,46.0,8,0
1783014086.063,1927.678,304.8,79.14,99,62,89,2663.5,2168.8,299.1,79.15,99,62,85,2833.5,3509.7,288.3,79.15,100,53,89,2835.0,3206.0,272.9,79.14,100,56,86,2773.1,2952.7,46.0,8,0
1783014086.506,1928.121,302.9,79.14,100,62,89,2682.3,2203.4,299.1,79.15,99,62,85,2873.2,3594.7,288.3,79.15,99,53,89,2848.1,3293.8,275.2,79.14,100,56,86,2760.0,2925.4,46.0,8,0
1783014086.949,1928.564,300.1,79.14,100,62,89,2671.7,2271.2,297.9,79.15,99,62,85,2875.4,3330.0,288.1,79.15,99,53,89,2845.8,3363.4,274.7,79.14,99,56,86,2756.4,2877.8,47.0,8,0
1783014087.391,1929.007,300.1,79.14,100,62,89,2641.6,2168.7,298.3,79.15,99,62,85,2866.0,3325.1,288.5,79.15,100,53,89,2820.5,3219.0,275.0,79.14,99,56,86,2759.3,2856.0,47.0,8,0
1783014087.834,1929.449,300.0,79.14,99,62,89,2633.0,2185.5,298.7,79.15,100,62,85,2890.1,3447.6,288.9,79.15,99,53,89,2843.3,3193.6,275.2,79.14,99,56,86,2770.7,2750.6,47.0,8,0
1783014088.279,1929.895,300.0,79.14,99,62,89,2643.5,2177.2,298.8,79.15,99,62,85,2858.5,3391.2,289.4,79.15,99,53,89,2834.5,3429.8,275.5,79.14,99,56,86,2734.8,2904.7,47.0,8,0
1783014088.722,1930.337,300.0,79.14,99,62,89,3212.7,2190.8,298.8,79.15,99,62,85,2993.4,4268.0,289.2,79.15,100,53,89,2826.1,3316.6,275.7,79.14,99,56,86,2754.7,2902.1,47.0,8,0
1783014089.177,1930.792,299.9,79.14,100,62,89,2602.5,2187.5,298.8,79.15,99,62,85,2865.1,3567.2,289.6,79.15,99,54,89,2862.4,3426.1,276.1,79.14,100,57,86,2739.8,3048.7,47.0,8,0
1783014089.623,1931.238,300.0,79.14,100,62,89,2580.5,2169.4,299.8,79.15,100,62,85,2844.6,3602.0,290.7,79.15,100,53,89,2937.1,3372.3,277.1,79.14,99,56,86,2875.2,2982.5,47.0,8,0
1783014090.071,1931.686,300.0,79.14,100,62,89,2644.6,2152.2,300.6,79.15,99,62,85,2856.8,3402.7,290.7,79.15,100,53,89,2839.7,3419.1,277.1,79.14,99,56,86,2796.8,2902.6,47.0,8,0
1783014090.514,1932.130,300.0,79.14,100,62,89,2642.9,2135.3,300.6,79.15,99,62,85,2866.7,3528.0,291.1,79.15,99,53,89,2832.0,3348.6,277.9,79.14,99,56,86,2763.8,2864.0,47.0,8,0
1783014090.956,1932.571,300.0,79.14,100,63,89,2664.3,2188.4,300.4,79.15,99,62,85,2852.1,3493.3,291.0,79.15,99,53,89,2688.9,3233.8,277.5,79.14,100,57,86,2768.3,2989.4,47.0,8,0
1783014091.400,1933.015,300.0,79.14,99,62,89,2600.7,2193.0,300.4,79.15,99,62,85,2854.8,3474.4,291.5,79.15,99,53,89,2834.6,3346.0,277.6,79.14,99,57,86,2760.6,2957.9,47.0,8,0
1783014091.846,1933.461,299.9,79.14,100,63,89,2600.6,2168.7,300.3,79.15,99,62,85,2862.2,3456.6,291.1,79.15,100,53,89,2831.0,3422.3,277.1,79.14,100,56,86,2937.7,2962.6,47.0,8,0
1783014092.291,1933.906,300.0,79.14,100,63,89,2641.8,2168.9,300.7,79.15,100,62,85,2859.6,3609.6,291.6,79.15,99,54,89,2840.7,3379.3,277.0,79.14,100,56,86,2768.4,2930.1,47.0,8,0
1783014092.734,1934.349,300.0,79.14,100,63,89,2624.6,2504.3,301.0,79.15,100,62,85,2876.4,3502.7,292.2,79.15,99,54,89,2807.9,3400.2,277.5,79.14,100,57,86,2772.1,2923.0,47.0,8,0
1783014093.180,1934.795,300.0,79.14,100,62,89,2643.0,2136.7,300.7,79.15,99,62,85,2858.1,3436.0,292.0,79.15,100,53,89,2830.2,3271.9,277.1,79.14,99,56,86,2767.8,3031.5,47.0,8,0
1783014093.623,1935.238,300.0,79.14,100,63,89,2580.6,2135.3,300.2,79.15,100,63,85,2839.7,3556.6,292.1,79.15,100,54,89,3451.0,3186.7,277.3,79.14,100,57,86,3393.7,3310.3,47.0,8,0
1783014094.079,1935.694,300.0,79.14,100,63,89,2603.4,2168.8,300.1,79.15,99,62,85,2838.0,3542.1,292.1,79.15,100,54,89,2837.1,3385.9,277.3,79.14,100,57,86,2849.9,2901.0,47.0,8,0
1783014094.523,1936.138,300.0,79.14,99,62,89,2565.4,2171.5,300.1,79.15,99,62,85,2863.3,3503.5,292.4,79.15,99,54,89,2829.5,3416.3,277.7,79.14,99,57,86,2767.7,2944.7,47.0,8,0
1783014094.965,1936.581,300.0,79.14,100,63,89,2642.9,2161.8,300.4,79.15,99,62,85,2858.2,3464.2,292.5,79.15,99,53,89,2823.1,3387.2,278.0,79.14,99,57,86,2761.4,3016.2,47.0,8,0
1783014095.410,1937.025,300.0,79.14,100,63,89,2641.8,2369.7,300.5,79.15,99,62,85,3078.4,3476.0,292.1,79.15,99,53,89,2839.7,3356.6,278.0,79.14,100,56,86,2749.0,2908.9,47.0,8,0
1783014095.858,1937.473,300.0,79.14,100,62,89,2506.5,2168.8,300.5,79.15,100,62,85,2855.7,3525.4,291.9,79.15,100,53,89,3333.3,3232.3,277.5,79.14,100,56,86,2751.4,2908.9,47.0,8,0
1783014096.307,1937.923,300.0,79.14,100,63,89,2560.3,2150.1,300.3,79.15,99,62,85,2839.0,3398.3,292.4,79.15,99,54,89,2842.6,3365.4,277.8,79.14,99,57,86,2746.5,3014.4,47.0,8,0
1783014096.749,1938.365,300.1,79.14,100,63,89,2596.5,2188.5,300.5,79.15,100,62,85,2979.5,3484.9,293.1,79.15,100,53,89,2844.6,3447.8,278.3,79.14,99,57,86,2766.7,2884.4,47.0,8,0
1783014097.199,1938.814,300.1,79.14,99,63,89,2681.9,2147.9,300.4,79.15,100,62,85,2859.8,3393.5,293.1,79.15,99,53,89,2860.8,3424.6,278.1,79.14,99,56,86,2779.8,2994.3,47.0,8,0
1783014097.644,1939.260,300.0,79.14,100,63,89,2596.5,2161.1,299.7,79.15,99,62,85,2855.3,3508.8,292.3,79.15,99,53,89,2884.9,3461.0,277.2,79.14,99,56,86,2948.2,3117.7,47.0,8,0
1783014098.092,1939.708,300.0,79.14,100,63,89,2600.7,2171.6,299.8,79.15,99,63,85,2839.8,3526.1,292.3,79.15,99,53,89,2854.2,3313.5,277.2,79.14,99,56,86,2790.6,2744.8,47.0,8,0
1783014098.536,1940.151,300.0,79.14,100,63,89,2600.8,2168.8,299.8,79.15,99,63,85,2841.9,3312.3,292.0,79.15,100,54,89,2870.6,3456.3,277.5,79.14,99,56,86,2748.8,3020.5,47.0,8,0
1783014098.978,1940.593,300.0,79.14,100,63,89,2626.2,2099.9,300.2,79.15,99,63,85,2796.3,3427.9,292.5,79.15,100,54,89,2837.1,3633.4,277.9,79.14,99,57,86,2759.2,2940.8,47.0,8,0
1783014099.421,1941.036,300.0,79.14,99,63,89,2661.6,2155.6,300.3,79.15,99,62,85,2844.6,3415.6,293.4,79.15,99,54,89,2931.9,3318.8,278.4,79.14,100,57,86,2742.4,3051.6,47.0,8,0
1783014099.866,1941.481,300.0,79.14,100,63,89,2647.9,2168.6,300.3,79.15,100,63,85,2847.1,3360.7,293.5,79.15,99,53,89,2812.6,3397.4,278.3,79.14,100,56,86,2730.5,2950.3,47.0,8,0
1783014100.312,1941.927,299.9,79.14,99,63,89,2621.5,2168.8,299.9,79.15,99,63,85,2816.1,3586.6,292.8,79.15,99,53,89,2853.0,3170.1,277.6,79.14,99,56,86,2749.0,2934.7,47.0,8,0
1783014100.759,1942.375,299.9,79.14,99,62,89,2769.2,2137.9,299.4,79.15,99,63,85,2865.3,3468.0,292.4,79.15,99,53,89,2830.5,3465.0,277.4,79.14,99,56,86,2755.5,2875.2,47.0,8,0
1783014101.208,1942.823,300.1,79.14,99,63,89,2600.8,2139.8,299.8,79.15,100,62,85,2826.4,3490.7,292.5,79.15,99,53,89,2832.1,3356.1,277.9,79.14,99,56,86,2769.9,2985.9,47.0,8,0
1783014101.651,1943.266,300.0,79.14,99,63,89,2641.4,2139.3,300.3,79.15,99,63,85,2869.7,3555.2,292.6,79.15,100,54,89,2883.5,3483.3,278.4,79.14,99,57,86,2981.1,3058.9,48.0,8,0
1783014102.101,1943.716,299.9,79.14,99,63,89,2621.0,2170.1,300.2,79.15,100,63,85,2850.2,3428.3,292.6,79.15,100,54,89,2840.5,3457.7,278.5,79.14,99,56,86,2773.4,3071.6,48.0,8,0
1783014102.544,1944.159,299.9,79.14,99,63,89,2621.5,2202.8,300.2,79.15,100,63,85,2865.1,3518.5,292.8,79.15,99,53,89,2805.1,3289.4,278.5,79.14,99,56,86,2767.0,2916.7,48.0,8,0
1783014102.990,1944.606,299.9,79.14,100,63,89,2580.4,2151.9,299.9,79.15,99,62,85,2842.7,3377.8,292.7,79.15,99,54,89,2860.8,3417.4,278.4,79.14,100,57,86,2767.8,2885.9,48.0,8,0
1783014103.437,1945.053,300.1,79.14,100,63,89,2621.2,2032.2,299.7,79.15,100,63,85,2824.7,3462.5,292.6,79.15,100,53,89,2827.3,3358.1,278.4,79.14,100,56,86,2889.6,3045.9,48.0,8,0
1783014103.884,1945.499,300.0,79.14,100,63,89,2622.7,2156.9,299.9,79.15,100,63,85,2842.9,3349.3,292.8,79.15,100,54,89,2828.2,3485.3,278.6,79.14,100,57,86,2754.4,2911.8,48.0,8,0
1783014104.329,1945.944,300.1,79.14,100,63,89,2621.0,2157.3,300.1,79.15,99,63,85,2864.0,3374.2,292.6,79.15,99,54,89,2824.0,3348.2,278.7,79.14,99,56,86,2754.6,3042.7,48.0,8,0
1783014104.771,1946.386,300.0,79.14,100,63,89,2708.4,2589.2,299.9,79.15,100,62,85,2836.4,3523.0,292.6,79.15,100,54,89,2812.4,3349.1,278.3,79.14,99,56,86,2752.5,2886.5,48.0,8,0
1783014105.221,1946.836,299.9,79.14,100,63,89,2600.8,2169.1,299.9,79.15,99,63,85,2860.3,3475.9,292.5,79.15,99,54,89,2849.4,3383.1,278.2,79.14,100,57,86,2751.8,3024.8,48.0,8,0
1783014105.667,1947.282,300.0,79.14,100,63,89,2621.0,2168.2,300.3,79.15,99,62,85,3359.1,3503.6,292.7,79.15,100,54,89,2819.1,3522.5,278.5,79.14,100,57,86,2655.6,2.5,48.0,8,0
1783014106.116,1947.731,271.3,79.14,0,0,87,0.6,0.4,266.6,79.15,0,0,83,0.6,0.4,227.8,79.15,0,0,86,1.1,0.4,226.3,79.14,0,0,82,0.6,0.5,48.0,8,0
