{
  "num_samples": 562,
  "duration_s": 240.67882418632507,
  "mean_power_w": 930.6182117437722,
  "max_power_w": 1014.3299999999999,
  "min_power_w": 106.309,
  "p50_power_w": 999.899,
  "p95_power_w": 1000.523,
  "mean_gpu_util_pct": 90.75667259786476,
  "max_gpu_util_pct": 100.0,
  "mean_gpu_mem_bw_util_pct": 35.69039145907473,
  "max_gpu_mem_bw_util_pct": 47.0,
  "mean_gpu_mem_used_gb": 335.44140625,
  "max_gpu_mem_used_gb": 335.44140625,
  "mean_gpu_temp_c": 87.47153024911032,
  "max_gpu_temp_c": 90.0,
  "mean_pcie_tx_mb_s": 35852.444256005336,
  "max_pcie_tx_mb_s": 69315.537109375,
  "mean_pcie_rx_mb_s": 29690.37299474533,
  "max_pcie_rx_mb_s": 56083.353515625,
  "mean_kv_cache_pct": 26.250204344810555,
  "max_kv_cache_pct": 56.86241459906509,
  "p50_kv_cache_pct": 24.23363897878461,
  "p95_kv_cache_pct": 56.09043509528946,
  "mean_requests_running": 67.27758007117438,
  "max_requests_running": 88.0,
  "mean_requests_waiting": 0.0,
  "max_requests_waiting": 0.0
}