timestamp,elapsed_s,gpu0_power_w,gpu0_mem_used_gb,gpu0_util_pct,gpu0_mem_bw_util_pct,gpu0_temp_c,gpu0_pcie_tx_mb_s,gpu0_pcie_rx_mb_s,gpu1_power_w,gpu1_mem_used_gb,gpu1_util_pct,gpu1_mem_bw_util_pct,gpu1_temp_c,gpu1_pcie_tx_mb_s,gpu1_pcie_rx_mb_s,gpu2_power_w,gpu2_mem_used_gb,gpu2_util_pct,gpu2_mem_bw_util_pct,gpu2_temp_c,gpu2_pcie_tx_mb_s,gpu2_pcie_rx_mb_s,gpu3_power_w,gpu3_mem_used_gb,gpu3_util_pct,gpu3_mem_bw_util_pct,gpu3_temp_c,gpu3_pcie_tx_mb_s,gpu3_pcie_rx_mb_s,kv_cache_pct,requests_running,requests_waiting
1782920006.933,0.000,185.8,79.14,0,0,86,0.6,2.3,149.6,79.15,0,0,79,4.3,0.5,144.2,79.15,0,0,85,1.2,0.5,119.0,79.14,0,0,80,0.6,0.5,2.0,4,0
1782920007.373,0.441,143.7,79.14,0,0,85,1.0,5.0,122.2,79.15,0,0,79,0.6,0.4,130.8,79.15,0,0,84,2.2,0.4,119.0,79.14,0,0,80,2.3,0.4,2.0,4,0
1782920007.820,0.888,143.7,79.14,0,0,85,0.9,0.5,122.2,79.15,0,0,79,0.6,0.5,130.8,79.15,0,0,84,0.8,0.4,94.8,79.14,0,0,80,0.6,2.2,2.0,4,0
1782920008.265,1.332,119.5,79.14,0,0,85,6.3,0.5,104.3,79.15,0,0,79,0.6,0.4,102.1,79.15,0,0,84,2.2,0.4,94.8,79.14,0,0,80,2.2,0.4,2.0,4,0
1782920008.708,1.775,119.5,79.14,0,0,85,2.7,3.0,104.3,79.15,0,0,79,3.8,2.3,102.1,79.15,0,0,84,2.7,0.5,92.3,79.14,0,0,79,0.6,0.5,2.0,4,0
1782920009.163,2.230,114.9,79.14,0,0,84,1.2,0.5,101.5,79.15,0,0,78,0.6,0.5,96.0,79.15,0,0,83,2.3,0.5,92.3,79.14,0,0,79,7.8,0.5,2.0,4,0
1782920009.603,2.671,114.9,79.14,0,0,84,0.6,0.5,101.5,79.15,0,0,78,1.5,0.4,96.0,79.15,0,0,83,1.5,0.6,92.3,79.14,0,0,79,2.6,5.5,2.0,4,0
1782920010.051,3.119,114.9,79.14,0,0,84,3.3,2.0,101.5,79.15,0,0,78,2.2,0.4,96.0,79.15,0,0,83,0.6,0.9,89.4,79.14,0,0,79,0.6,0.5,2.0,4,0
1782920010.490,3.558,114.1,79.14,0,0,84,0.6,0.5,97.5,79.15,0,0,78,0.6,0.4,95.3,79.15,0,0,83,0.6,0.5,89.4,79.14,0,0,79,0.6,0.5,2.0,4,0
1782920010.931,3.998,114.1,79.14,0,0,84,0.6,2.3,97.5,79.15,0,0,78,2.7,0.4,95.3,79.15,0,0,83,1.2,0.4,88.9,79.14,0,0,78,0.6,0.5,2.0,4,0
1782920011.375,4.443,113.0,79.14,0,0,83,0.6,0.5,97.3,79.15,0,0,77,0.6,4.9,94.0,79.15,0,0,82,2.3,0.5,88.9,79.14,0,0,78,2.3,0.5,2.0,4,0
1782920011.818,4.886,113.0,79.14,0,0,83,1.2,0.4,97.3,79.15,0,0,77,0.6,0.5,94.0,79.15,0,0,82,1.3,0.5,87.6,79.14,0,0,78,0.7,2.1,2.0,4,0
1782920012.264,5.332,112.5,79.14,0,0,83,0.6,0.9,96.6,79.15,0,0,77,5.6,0.6,93.6,79.15,0,0,82,2.3,0.5,87.6,79.14,0,0,78,2.3,0.4,2.0,4,0
1782920012.707,5.774,112.5,79.14,0,0,83,2.8,2.4,96.6,79.15,0,0,77,4.0,2.8,93.6,79.15,0,0,82,2.7,0.5,87.4,79.14,0,0,77,0.6,0.5,2.0,4,0
1782920013.154,6.222,111.2,79.14,0,0,82,2.3,0.9,95.7,79.15,0,0,76,0.6,0.5,92.9,79.15,0,0,81,0.6,0.5,87.4,79.14,0,0,77,0.6,1.0,2.0,4,0
1782920013.593,6.661,111.2,79.14,0,0,82,0.6,0.4,95.7,79.15,0,0,76,1.6,0.4,92.9,79.15,0,0,81,0.6,0.5,87.4,79.14,0,0,77,0.6,2.3,2.0,4,0
1782920014.456,7.523,110.7,79.14,0,0,82,2.3,0.4,95.3,79.15,0,0,76,0.6,0.4,92.4,79.15,0,0,81,1.1,0.5,86.8,79.14,0,0,77,0.6,0.5,2.0,4,0
1782920014.896,7.963,110.7,79.14,0,0,82,0.6,0.4,95.3,79.15,0,0,76,0.6,2.1,92.4,79.15,0,0,81,2.7,0.5,86.0,79.14,0,0,77,0.6,0.5,2.0,4,0
1782920015.336,8.403,109.0,79.14,0,0,82,0.6,0.5,94.4,79.15,0,0,75,2.3,0.5,91.8,79.15,0,0,81,0.7,0.5,86.0,79.14,0,0,77,0.6,0.6,2.0,4,0
1782920015.775,8.842,109.0,79.14,0,0,82,1.3,0.6,94.4,79.15,0,0,75,0.6,0.4,91.8,79.15,0,0,81,2.3,0.5,85.6,79.14,0,0,76,2.3,0.4,2.0,4,0
1782920016.219,9.287,108.3,79.14,0,0,81,0.6,0.5,94.2,79.15,0,0,75,0.6,0.5,91.6,79.15,0,0,80,1.2,0.5,85.6,79.14,0,0,76,0.6,0.7,2.0,4,0
1782920016.663,9.731,108.3,79.14,0,0,81,0.8,0.5,94.2,79.15,0,0,75,0.6,3.3,91.6,79.15,0,0,80,6.5,3.8,84.3,79.14,0,0,76,4.4,0.5,2.0,4,0
1782920017.116,10.183,108.0,79.14,0,0,81,0.6,0.4,93.7,79.15,0,0,75,0.6,0.4,91.2,79.15,0,0,80,6.4,0.5,84.3,79.14,0,0,76,0.6,0.5,2.0,4,0
1782920017.556,10.624,108.0,79.14,0,0,81,2.3,0.5,93.7,79.15,0,0,75,0.6,0.4,91.2,79.15,0,0,80,0.7,0.5,84.3,79.14,0,0,76,0.6,0.6,2.0,4,0
1782920017.996,11.063,108.0,79.14,0,0,81,0.6,0.5,93.7,79.15,0,0,75,0.6,0.4,91.2,79.15,0,0,80,0.6,0.5,83.9,79.14,0,0,76,0.6,0.4,2.0,4,0
1782920018.435,11.503,107.0,79.14,0,0,80,0.6,0.5,93.2,79.15,0,0,74,1.8,0.4,91.1,79.15,0,0,80,0.7,0.5,83.9,79.14,0,0,76,0.6,0.5,2.0,4,0
1782920018.873,11.941,107.0,79.14,0,0,80,0.6,0.5,93.2,79.15,0,0,74,0.6,0.5,91.1,79.15,0,0,80,4.4,2.2,83.6,79.14,0,0,75,2.3,0.5,2.0,4,0
1782920019.312,12.379,106.7,79.14,0,0,80,6.3,0.4,93.1,79.15,0,0,74,0.6,0.4,90.9,79.15,0,0,79,0.6,0.5,83.6,79.14,0,0,75,0.6,0.5,2.0,4,0
1782920019.755,12.822,106.7,79.14,0,0,80,6.4,2.1,93.1,79.15,0,0,74,0.6,0.5,90.9,79.15,0,0,79,0.7,0.5,83.4,79.14,0,0,75,0.6,0.5,2.0,4,0
1782920020.194,13.261,105.7,79.14,0,0,80,0.6,0.5,92.8,79.15,0,0,74,0.6,0.5,90.8,79.15,0,0,79,0.6,0.5,83.4,79.14,0,0,75,0.6,0.9,2.0,4,0
1782920020.634,13.702,105.8,79.14,58,3,80,82.9,20464.8,94.4,79.15,48,2,74,6294.4,33983.6,92.8,79.15,73,3,79,6178.5,35298.6,83.4,79.14,0,0,75,1406.3,11924.4,2.0,4,0
1782920021.078,14.145,127.0,79.14,99,52,82,3201.1,2774.4,94.4,79.15,48,2,74,3237.8,3175.0,92.8,79.15,73,3,79,3128.4,2871.6,87.3,79.14,14,3,75,3177.3,2717.0,0.0,1,0
1782920021.520,14.588,127.0,79.14,99,52,82,3124.3,2824.8,134.0,79.15,99,55,76,3353.9,3044.3,130.9,79.15,99,56,82,3185.5,2905.8,130.6,79.14,99,56,78,3151.7,2907.0,0.0,8,0
1782920021.964,15.031,221.9,79.14,99,55,83,3182.3,2726.8,221.9,79.15,99,55,77,3422.8,2960.5,220.1,79.15,99,56,82,3220.1,2910.8,222.6,79.14,99,55,78,3294.4,2728.8,0.0,8,0
1782920022.415,15.483,287.8,79.14,99,55,83,3270.7,2858.7,271.9,79.15,99,56,77,3228.9,3009.7,266.6,79.15,99,57,83,3345.6,2873.0,253.4,79.14,99,56,78,3151.1,2722.1,0.0,8,0
1782920022.862,15.929,289.1,79.14,99,55,83,3168.4,2734.4,273.3,79.15,99,56,77,3177.0,3002.6,268.0,79.15,99,57,83,3606.7,2917.2,254.8,79.14,99,56,79,3336.3,2691.1,1.0,8,0
1782920023.310,16.377,290.7,79.14,99,55,84,3151.0,2682.6,274.0,79.15,99,55,77,3353.2,2961.0,268.6,79.15,99,56,83,3208.0,2906.7,255.4,79.14,99,56,79,3250.0,2751.7,1.0,8,0
1782920023.753,16.820,290.8,79.14,99,55,84,3764.6,2959.1,274.1,79.15,99,56,77,3226.0,2865.1,268.7,79.15,99,56,83,3150.4,3078.5,255.7,79.14,99,57,79,3169.4,2656.2,1.0,8,0
1782920024.201,17.269,291.6,79.14,99,55,84,3129.3,2841.9,275.6,79.15,99,56,78,3186.2,2951.0,270.2,79.15,99,57,83,3124.0,2839.5,257.0,79.14,99,56,79,3308.1,2690.7,1.0,8,0
1782920024.643,17.711,292.8,79.14,99,55,84,3169.8,2721.4,276.7,79.15,99,56,78,3321.9,2985.2,271.7,79.15,99,57,83,3170.7,2912.6,257.0,79.14,99,56,79,3260.6,2732.4,1.0,8,0
1782920025.087,18.155,293.4,79.14,99,55,84,3134.8,2771.7,276.7,79.15,99,56,78,3323.9,2988.1,271.7,79.15,99,57,83,3178.6,2827.1,258.0,79.14,99,57,79,3301.2,2703.6,1.0,8,0
1782920025.529,18.596,293.4,79.14,99,55,84,3138.6,2755.4,276.8,79.15,99,56,78,3320.4,2936.2,271.3,79.15,99,57,84,3239.2,2929.2,257.6,79.14,99,56,79,3129.0,2909.2,1.0,8,0
1782920025.970,19.037,293.1,79.14,99,55,84,3261.8,2694.6,276.1,79.15,99,56,78,3152.9,3148.7,271.1,79.15,99,57,84,3217.1,2868.0,257.1,79.14,99,56,79,3098.4,2912.9,1.0,8,0
1782920026.413,19.480,292.8,79.14,99,55,84,3135.3,2761.8,276.1,79.15,99,56,78,3165.6,3136.8,270.9,79.15,99,57,84,3164.4,2936.5,256.9,79.14,99,56,80,3125.6,2883.0,1.0,8,0
1782920026.856,19.923,293.1,79.14,99,55,85,3160.0,2792.9,276.3,79.15,99,56,78,3206.1,3101.5,271.0,79.15,99,57,84,3171.7,2867.3,256.9,79.14,99,56,80,3147.4,2874.4,1.0,8,0
1782920027.298,20.365,293.6,79.14,99,55,85,3164.1,2805.5,276.5,79.15,99,56,78,3160.7,3104.6,271.4,79.15,99,57,84,3128.6,2882.8,257.3,79.14,99,56,80,3123.6,2694.2,1.0,8,0
1782920027.739,20.807,293.9,79.14,99,55,85,3248.2,2793.1,276.6,79.15,99,56,78,3159.0,3065.7,271.6,79.15,99,57,84,3172.8,2877.5,257.6,79.14,99,56,80,3127.6,2763.2,1.0,8,0
1782920028.183,21.250,294.4,79.14,99,55,85,3175.5,2777.4,276.6,79.15,99,56,78,3160.6,2918.3,271.8,79.15,99,57,84,3222.3,2921.0,257.4,79.14,99,56,80,3150.6,2732.2,1.0,8,0
1782920028.624,21.692,294.3,79.14,99,55,85,3186.5,2827.6,276.2,79.15,99,56,79,3182.3,2982.0,272.1,79.15,99,57,84,3178.9,2955.2,257.4,79.14,99,56,80,3195.7,2903.9,1.0,8,0
1782920029.070,22.137,294.4,79.14,99,55,85,3187.8,2720.4,276.2,79.15,99,56,79,3170.8,3009.2,272.1,79.15,99,57,84,3151.5,2855.0,257.2,79.14,99,57,80,3131.7,2682.9,1.0,8,0
1782920029.514,22.581,294.4,79.14,99,55,85,3165.8,2803.5,276.3,79.15,99,56,79,3182.2,3012.2,272.2,79.15,99,57,85,3155.6,2877.6,257.4,79.14,99,57,80,3147.7,2888.8,1.0,8,0
1782920029.957,23.024,295.0,79.14,99,55,85,3181.9,2709.6,277.0,79.15,99,56,79,3143.0,3081.4,273.0,79.15,99,57,85,3172.0,2917.1,257.8,79.14,99,57,80,3140.5,2891.7,1.0,8,0
1782920030.399,23.467,295.2,79.14,99,56,85,3157.9,2791.6,277.7,79.15,99,56,79,3144.0,2872.7,273.4,79.15,99,57,85,3324.2,2808.6,258.2,79.14,99,57,80,3129.9,2691.5,1.0,8,0
1782920030.842,23.909,296.2,79.14,99,56,85,3271.7,2748.5,278.4,79.15,99,57,79,3169.3,2907.9,274.7,79.15,99,57,85,3268.5,2933.0,259.4,79.14,99,57,80,3131.7,2656.2,1.0,8,0
1782920031.284,24.352,297.4,79.14,99,56,85,3165.1,2913.0,279.0,79.15,99,56,79,3197.3,3003.2,275.7,79.15,99,58,85,3145.7,2988.4,260.2,79.14,99,57,81,3121.0,2683.0,1.0,8,0
1782920031.726,24.794,298.0,79.14,99,56,86,3200.4,2945.2,278.9,79.15,99,56,79,3180.6,2968.8,275.4,79.15,99,57,85,3165.3,3097.4,259.6,79.14,99,57,81,3136.5,2634.8,1.0,8,0
1782920032.173,25.241,297.8,79.14,99,56,86,3141.4,2915.0,279.0,79.15,99,56,79,3206.4,3009.8,275.2,79.15,99,57,85,3184.2,3042.3,259.4,79.14,99,57,81,3129.3,2706.3,1.0,8,0
1782920032.615,25.683,297.6,79.14,99,56,86,3120.6,2754.4,278.9,79.15,99,57,79,3376.8,2924.3,275.1,79.15,99,58,85,3187.5,2871.5,259.4,79.14,99,57,81,3284.5,2740.0,1.0,8,0
1782920033.060,26.128,298.0,79.14,99,56,86,3168.2,2760.4,278.9,79.15,99,57,79,3326.1,2913.8,275.1,79.15,99,58,85,3198.9,2925.6,259.4,79.14,99,57,81,3296.7,2719.0,1.0,8,0
1782920033.501,26.569,298.0,79.14,99,56,86,3181.1,2701.3,278.7,79.15,99,56,79,3286.5,2976.1,275.0,79.15,99,57,85,3137.4,2887.9,259.6,79.14,99,57,81,3137.7,2856.0,1.0,8,0
1782920033.943,27.011,297.9,79.14,99,56,86,3597.1,2695.1,278.6,79.15,99,57,79,3327.7,2898.4,274.8,79.15,99,58,85,3177.6,2905.3,259.2,79.14,99,57,81,3115.0,2906.1,1.0,8,0
1782920034.390,27.457,297.7,79.14,99,56,86,3179.8,2774.6,278.8,79.15,99,56,79,3159.1,3012.2,275.3,79.15,99,58,86,3160.5,2908.8,259.5,79.14,99,57,81,3136.9,2678.1,1.0,8,0
1782920034.831,27.899,298.1,79.14,99,56,86,3196.7,2849.2,279.4,79.15,99,56,79,3205.4,2952.7,276.2,79.15,99,57,86,3315.6,2975.7,259.9,79.14,99,57,81,3108.1,2674.3,1.0,8,0
1782920035.274,28.341,298.4,79.14,99,56,86,3336.5,2835.7,278.9,79.15,99,56,80,3153.9,2933.8,276.1,79.15,99,58,86,3144.8,3015.0,259.3,79.14,99,57,81,3155.4,2690.2,2.0,8,0
1782920035.715,28.783,298.7,79.14,99,56,86,3204.8,2882.9,278.8,79.15,99,57,80,3296.9,2946.5,276.2,79.15,99,58,86,3370.5,2857.2,259.3,79.14,99,57,81,3126.5,2654.6,2.0,8,0
1782920036.163,29.230,298.4,79.14,99,56,86,3312.2,2778.8,278.6,79.15,99,56,80,3176.0,2926.5,276.1,79.15,99,57,86,3161.1,2956.7,259.2,79.14,99,57,81,3141.3,2662.7,2.0,8,0
1782920036.606,29.673,298.5,79.14,99,56,87,3143.9,3016.9,278.6,79.15,99,56,80,3167.8,2934.5,276.1,79.15,99,57,86,3363.5,2911.6,259.2,79.14,99,57,81,3154.8,3224.8,2.0,8,0
1782920037.058,30.125,299.1,79.14,99,56,87,3133.1,2737.1,279.2,79.15,99,57,80,3136.3,2997.4,276.6,79.15,99,58,86,3212.3,2927.2,259.8,79.14,99,57,81,3107.5,2693.6,2.0,8,0
1782920037.499,30.567,299.1,79.14,99,56,87,3294.3,2785.3,280.2,79.15,99,57,80,3196.2,2872.2,277.2,79.15,99,58,86,3172.5,3124.6,260.8,79.14,99,57,81,3120.7,2691.4,2.0,8,0
1782920037.942,31.010,299.5,79.14,99,56,87,3972.7,2701.1,280.0,79.15,99,56,80,3178.3,2865.2,277.2,79.15,99,58,86,3170.9,2898.8,260.7,79.14,99,57,81,3083.0,2639.6,2.0,8,0
1782920038.391,31.459,299.3,79.14,99,56,87,653.3,4736.0,279.7,79.15,99,57,80,647.2,2796.2,277.2,79.15,99,58,86,187.2,2567.5,260.7,79.14,99,57,82,471.6,2664.5,2.0,8,0
1782920038.834,31.901,276.9,79.14,45,3,84,3135.1,2698.5,235.6,79.15,56,4,78,3319.3,2921.0,233.8,79.15,59,4,84,3108.2,2927.4,196.3,79.14,14,5,79,3225.4,2651.4,3.0,8,0
1782920039.277,32.345,233.6,79.14,99,57,86,3069.6,2671.7,217.0,79.15,99,57,80,3106.9,2930.5,214.9,79.15,99,58,86,3237.3,2868.2,198.4,79.14,99,58,81,3093.3,2640.8,3.0,8,0
1782920039.721,32.788,238.3,79.14,99,57,87,3226.1,2727.5,254.1,79.15,99,57,80,3174.5,3121.6,255.4,79.15,99,58,86,3223.4,2915.9,242.1,79.14,99,58,81,3115.0,2902.5,3.0,8,0
1782920040.170,33.237,296.9,79.14,99,56,87,3115.6,2773.6,277.1,79.15,99,56,80,3110.9,3109.1,274.5,79.15,99,58,86,3154.6,2809.5,257.8,79.14,99,58,81,3065.9,2685.5,3.0,8,0
1782920040.613,33.680,295.9,79.14,99,57,87,3274.1,2713.1,277.0,79.15,99,58,80,3153.8,2905.3,274.5,79.15,99,58,86,3555.2,3237.9,257.8,79.14,99,58,81,3107.5,2712.8,3.0,8,0
1782920041.061,34.128,296.5,79.14,99,57,87,3178.2,2751.9,277.0,79.15,99,58,80,3143.0,2878.2,274.0,79.15,99,59,86,3327.8,2931.4,257.8,79.14,99,58,82,3120.5,2660.9,3.0,8,0
1782920041.503,34.571,296.5,79.14,99,57,87,3122.0,2879.0,277.5,79.15,99,57,80,3181.6,2953.7,274.6,79.15,99,58,87,3147.5,2852.3,258.0,79.14,99,57,82,3097.2,2644.2,3.0,8,0
1782920041.946,35.013,297.2,79.14,99,57,87,3256.2,2671.4,277.6,79.15,99,57,80,3342.4,2986.0,274.7,79.15,99,58,87,3135.8,2896.9,258.1,79.14,99,58,82,3225.6,2689.9,3.0,8,0
1782920042.390,35.458,297.3,79.14,99,56,87,3167.2,2702.1,277.7,79.15,99,57,80,3108.1,3063.0,274.8,79.15,99,58,87,3134.5,2874.0,258.2,79.14,99,58,82,3108.4,2776.0,3.0,8,0
1782920042.833,35.901,297.3,79.14,99,56,87,3132.1,2672.6,277.8,79.15,99,57,80,3130.8,2937.7,274.8,79.15,99,59,87,3319.4,2903.1,258.2,79.14,99,58,82,3105.2,2690.5,3.0,8,0
1782920043.276,36.343,297.8,79.14,99,57,87,3115.3,2926.3,278.3,79.15,99,58,80,3209.4,2874.6,275.5,79.15,99,58,87,3153.7,3066.6,258.6,79.14,99,58,82,3073.6,2692.2,3.0,8,0
1782920043.718,36.785,298.3,79.14,99,56,87,3099.1,2790.8,278.3,79.15,99,57,80,3481.6,2923.7,275.6,79.15,99,58,87,3148.2,2849.7,258.5,79.14,99,58,82,3296.2,2691.8,3.0,8,0
1782920044.164,37.231,298.0,79.14,99,56,88,3140.7,2713.5,277.4,79.15,99,57,80,3307.7,2968.2,275.4,79.15,99,58,87,3168.0,2834.5,258.2,79.14,99,58,82,3098.6,2785.7,3.0,8,0
1782920044.606,37.674,297.8,79.14,99,56,88,3105.0,2727.1,277.4,79.15,99,57,80,3194.5,3090.0,275.4,79.15,99,58,87,3176.1,2974.0,258.2,79.14,99,58,82,3354.7,2841.8,3.0,8,0
1782920045.054,38.121,297.8,79.14,99,56,88,3160.8,2687.4,277.4,79.15,99,57,80,3152.2,3019.4,275.5,79.15,99,59,87,3171.9,2872.7,258.1,79.14,99,57,82,3106.7,2885.6,3.0,8,0
1782920045.496,38.564,297.8,79.14,99,57,88,3169.9,2697.1,277.8,79.15,99,57,81,3127.5,2942.9,275.5,79.15,99,58,87,3320.8,2922.2,258.0,79.14,99,58,82,3105.0,2671.1,3.0,8,0
1782920045.938,39.006,298.2,79.14,99,57,88,3188.1,2760.3,278.2,79.15,99,57,81,3137.7,2953.2,275.8,79.15,99,58,87,3099.3,2968.8,258.5,79.14,99,57,82,3123.8,2647.5,3.0,8,0
1782920046.379,39.447,298.4,79.14,99,57,88,3122.9,2673.4,278.6,79.15,99,57,81,3323.7,2981.5,275.9,79.15,99,58,87,3152.0,2855.1,259.0,79.14,99,58,82,3109.7,2874.5,4.0,8,0
1782920046.821,39.888,298.8,79.14,99,56,88,3124.5,2688.2,278.9,79.15,99,57,81,3135.8,2936.9,276.6,79.15,99,59,87,3156.0,2907.0,259.6,79.14,99,58,82,3126.8,2697.6,4.0,8,0
1782920047.266,40.334,300.0,79.14,99,56,88,3279.0,2708.9,279.6,79.15,99,58,81,3147.6,2945.0,277.2,79.15,99,59,88,3131.7,3002.2,259.9,79.14,99,58,82,3112.8,2685.6,4.0,8,0
1782920047.708,40.776,300.1,79.14,99,57,88,3557.6,2805.6,279.9,79.15,99,58,81,3580.8,2993.7,277.7,79.15,99,59,88,3302.6,2823.8,260.2,79.14,99,58,82,3107.3,2682.3,4.0,8,0
1782920048.158,41.226,299.9,79.14,99,56,88,3104.2,2835.0,279.8,79.15,99,57,81,3155.3,2889.1,277.4,79.15,99,58,88,3168.3,2824.2,260.0,79.14,99,58,83,3247.6,2694.1,4.0,8,0
1782920048.602,41.669,300.0,79.14,99,57,88,3097.3,2739.0,279.8,79.15,99,57,81,3287.1,3081.2,277.4,79.15,99,58,88,3162.7,2900.0,260.0,79.14,99,58,83,3335.0,3112.6,4.0,8,0
1782920049.052,42.119,300.0,79.14,99,57,88,3096.9,2661.0,280.0,79.15,99,57,81,3250.6,2955.4,277.5,79.15,99,59,88,3146.7,2855.8,260.0,79.14,99,58,82,3286.5,2650.8,4.0,8,0
1782920049.495,42.563,299.9,79.14,99,57,88,3128.7,2732.9,279.7,79.15,99,57,81,3148.4,3047.2,277.2,79.15,99,58,88,3187.4,2892.8,259.8,79.14,99,58,83,3125.1,2710.3,4.0,8,0
1782920049.937,43.005,299.8,79.14,99,56,88,3129.2,2734.4,279.4,79.15,99,58,81,3182.1,3011.2,276.9,79.15,99,58,88,3224.8,2893.5,259.5,79.14,99,58,83,3091.9,2638.8,4.0,8,0
1782920050.383,43.450,300.1,79.14,99,57,88,3273.4,2695.4,279.3,79.15,99,57,81,3165.7,2976.3,277.1,79.15,99,58,88,3257.6,2907.1,259.8,79.14,99,58,83,3131.1,2686.8,4.0,8,0
1782920050.825,43.892,300.2,79.14,99,57,89,3125.6,2935.5,279.4,79.15,99,57,81,3378.4,2950.2,277.2,79.15,99,59,88,3149.3,3058.8,260.2,79.14,99,58,83,3128.3,2708.1,4.0,8,0
1782920051.270,44.338,300.3,79.14,99,57,89,3094.3,2673.0,279.3,79.15,99,57,81,3358.2,2987.4,277.6,79.15,99,58,88,3186.5,2817.7,260.1,79.14,99,58,83,3281.7,2687.3,4.0,8,0
1782920051.713,44.780,300.1,79.14,99,57,89,3082.8,2700.7,279.5,79.15,99,57,81,3507.1,2894.6,277.9,79.15,99,59,88,3136.1,2778.1,260.1,79.14,99,58,83,3129.5,2861.6,4.0,8,0
1782920052.157,45.225,300.1,79.14,99,57,89,3201.6,2719.4,279.9,79.15,99,57,81,3137.1,3012.7,278.3,79.15,99,59,88,3281.5,2922.6,260.3,79.14,99,58,83,3104.4,2633.6,4.0,8,0
1782920052.599,45.666,300.5,79.14,99,57,89,3125.9,2859.0,279.9,79.15,99,57,81,3210.0,3005.1,278.3,79.15,99,59,88,3145.0,2946.1,260.3,79.14,99,58,83,3294.1,2661.4,4.0,8,0
1782920053.042,46.110,300.5,79.14,99,57,89,3127.8,2698.4,280.1,79.15,99,57,81,3350.7,2982.0,278.8,79.15,99,59,88,3154.9,2875.0,260.3,79.14,99,58,83,3240.1,2921.9,4.0,8,0
1782920053.487,46.554,300.3,79.14,99,57,89,3117.9,2697.5,279.7,79.15,99,57,81,3184.2,3081.8,278.2,79.15,99,58,88,3157.4,2918.6,260.0,79.14,99,58,83,3113.8,2859.3,4.0,8,0
1782920053.932,46.999,300.1,79.14,99,57,89,3099.8,2669.2,279.5,79.15,99,57,82,3261.1,2904.9,278.1,79.15,99,59,88,3151.7,2895.5,260.0,79.14,99,58,83,3284.8,2730.0,4.0,8,0
1782920054.380,47.448,300.2,79.14,99,56,89,3112.2,2655.6,279.8,79.15,99,57,82,3127.3,3132.6,278.3,79.15,99,59,89,3167.2,2931.7,260.3,79.14,99,58,83,3138.2,2636.5,4.0,8,0
1782920054.821,47.888,300.8,79.14,99,57,89,3115.5,2834.7,280.8,79.15,99,57,82,3177.0,3019.7,279.3,79.15,99,59,89,3168.7,3177.1,261.2,79.14,99,58,83,3115.6,2755.2,4.0,8,0
1782920055.265,48.332,300.7,79.14,99,56,89,3113.7,2691.3,280.9,79.15,99,57,82,3291.4,3054.1,279.6,79.15,99,58,89,3133.7,2901.3,261.3,79.14,99,58,83,3306.2,2685.8,4.0,8,0
1782920055.705,48.772,300.1,79.14,99,56,89,3116.8,2763.3,280.5,79.15,99,57,82,3210.0,3101.1,279.4,79.15,99,59,89,3237.9,2985.5,260.3,79.14,99,58,83,3070.3,2628.8,4.0,8,0
1782920056.149,49.216,300.4,79.14,99,57,89,3124.4,2678.0,280.3,79.15,99,58,82,3174.2,2965.9,279.8,79.15,99,59,89,3178.6,3157.4,260.3,79.14,99,58,83,3090.7,2679.3,4.0,8,0
1782920056.591,49.659,289.0,79.14,61,8,87,2924.2,27024.4,280.3,79.15,99,58,82,5016.5,30960.5,279.8,79.15,99,59,89,4052.8,28384.6,260.8,79.14,99,58,83,5220.2,25875.8,4.0,8,0
1782920057.032,50.099,289.0,79.14,61,8,87,2979.0,2549.3,245.7,79.15,70,3,80,3106.7,3007.5,241.5,79.15,62,4,86,3035.0,2844.8,211.0,79.14,44,5,81,3005.9,2595.0,3.0,1,0
1782920057.473,50.540,242.5,79.14,99,57,89,2977.6,2485.4,220.3,79.15,99,60,82,3087.4,3014.1,225.7,79.15,99,61,89,3079.4,3176.1,207.7,79.14,99,60,83,2999.0,2696.7,3.0,8,0
1782920057.915,50.983,253.1,79.14,99,58,89,2943.4,2485.3,248.4,79.15,99,59,82,3255.5,3439.2,263.5,79.15,99,61,89,3050.6,3267.8,249.0,79.14,99,60,83,3193.0,3037.2,3.0,8,0
1782920058.363,51.430,305.0,79.14,99,59,89,2911.2,2424.7,292.3,79.15,99,60,82,3102.2,3307.8,291.2,79.15,99,60,89,3041.9,3340.2,272.1,79.14,99,60,83,2979.3,2895.1,3.0,8,0
1782920058.805,51.872,301.4,79.14,99,59,89,2950.0,2487.6,293.6,79.15,99,60,82,3114.5,3532.4,292.8,79.15,99,61,89,3071.6,3154.5,273.3,79.14,99,60,84,2987.3,2894.7,3.0,8,0
1782920059.248,52.315,300.0,79.14,99,59,89,2946.9,2531.8,293.7,79.15,99,60,82,3153.2,3255.5,292.5,79.15,99,60,89,3118.8,3091.5,273.1,79.14,99,59,84,3245.5,2748.7,3.0,8,0
1782920059.690,52.758,299.7,79.14,99,58,89,2967.1,2742.3,292.2,79.15,99,59,82,3413.4,3985.7,290.4,79.15,99,60,89,3248.5,3160.6,271.2,79.14,99,59,84,3011.9,2769.3,3.0,8,0
1782920060.143,53.210,299.8,79.14,99,59,89,3181.8,2489.9,290.4,79.15,99,59,82,3110.9,3175.3,289.2,79.15,99,60,89,3096.5,3056.4,271.2,79.14,99,59,84,3096.6,2752.4,3.0,8,0
1782920060.585,53.652,300.0,79.14,99,59,89,2949.2,2538.3,290.4,79.15,99,59,82,3126.3,3267.9,289.2,79.15,99,60,89,3097.3,3153.7,269.8,79.14,99,59,84,3058.2,2801.1,3.0,8,0
1782920061.028,54.095,300.0,79.14,99,59,89,3015.0,2479.5,290.2,79.15,99,59,82,3139.4,3317.3,289.5,79.15,99,60,90,3137.2,2987.1,270.7,79.14,99,60,84,3025.9,2683.5,3.0,8,0
1782920061.471,54.538,300.0,79.14,99,58,89,2990.4,2479.5,290.5,79.15,99,58,82,3122.3,3365.7,289.7,79.15,99,59,90,3068.9,3208.1,270.4,79.14,99,59,84,3064.4,2792.3,3.0,8,0
1782920061.912,54.980,299.9,79.14,99,58,89,2947.7,2638.1,291.0,79.15,99,59,82,3168.2,3322.6,290.2,79.15,99,60,90,3090.0,3077.5,270.0,79.14,99,59,84,3147.6,2849.5,3.0,8,0
1782920062.355,55.422,300.1,79.14,99,58,89,2987.3,2445.4,290.9,79.15,99,59,82,3102.2,3504.2,290.1,79.15,99,60,90,3107.9,3163.3,270.7,79.14,99,59,84,3047.3,2793.1,3.0,8,0
1782920062.798,55.865,300.0,79.14,99,59,90,2992.8,2497.8,291.1,79.15,99,59,83,3114.7,3345.4,290.7,79.15,99,60,90,3227.4,3180.5,271.2,79.14,99,59,84,3070.4,2986.7,3.0,8,0
1782920063.242,56.309,300.0,79.14,99,58,90,3133.5,2476.6,290.8,79.15,99,59,83,3130.4,3292.5,290.9,79.15,99,60,90,3097.6,3175.0,271.0,79.14,99,60,84,3229.3,2843.5,3.0,8,0
1782920063.684,56.751,300.1,79.14,99,59,90,2969.1,2459.8,291.2,79.15,99,59,83,3433.3,3302.4,291.3,79.15,99,60,90,3115.7,3051.8,270.9,79.14,99,59,84,3061.5,2980.7,3.0,8,0
1782920064.128,57.195,299.9,79.14,99,58,90,2967.3,2490.4,291.2,79.15,99,59,83,3268.4,3368.8,291.1,79.15,99,60,90,3099.1,3180.4,270.9,79.14,99,59,84,3023.7,2876.9,3.0,8,0
1782920064.572,57.640,300.1,79.14,99,59,90,2973.2,2466.1,291.2,79.15,99,59,83,3126.4,3405.3,291.1,79.15,99,60,90,3198.7,3165.1,271.0,79.14,99,60,84,3043.4,2931.5,4.0,8,0
1782920065.015,58.082,300.1,79.14,99,59,90,2948.0,2582.2,291.4,79.15,99,59,83,3115.5,3512.7,291.2,79.15,99,60,90,3068.1,3246.6,271.5,79.14,99,59,84,3212.4,2866.9,4.0,8,0
1782920065.458,58.526,300.2,79.14,99,59,90,2945.4,2442.3,292.2,79.15,99,59,83,3138.8,3508.3,291.8,79.15,99,60,90,3108.6,3245.3,272.4,79.14,99,60,84,3046.9,2926.9,4.0,8,0
1782920065.902,58.969,300.1,79.14,99,59,90,2963.6,2443.1,292.4,79.15,99,59,83,3521.4,3296.2,291.9,79.15,99,60,90,3115.0,3209.5,272.6,79.14,99,59,84,3050.6,2888.1,4.0,8,0
1782920066.350,59.417,300.0,79.14,99,59,90,3135.8,2447.5,292.6,79.15,99,59,83,3148.5,3385.6,291.8,79.15,99,60,90,3097.8,3191.4,272.6,79.14,99,60,84,3151.1,2916.5,4.0,8,0
1782920066.792,59.860,300.0,79.14,99,59,90,2955.5,2422.0,292.9,79.15,99,59,83,3135.2,3577.0,292.0,79.15,99,60,90,3104.1,3413.3,272.8,79.14,99,60,84,3055.6,2907.1,4.0,8,0
1782920067.234,60.302,300.1,79.14,99,59,90,2904.9,2588.9,293.6,79.15,99,59,83,3154.5,3399.6,292.9,79.15,99,60,90,3085.7,3171.4,273.3,79.14,99,60,85,3031.4,3116.2,4.0,8,0
1782920067.676,60.744,300.0,79.14,99,59,90,2971.3,2421.1,293.6,79.15,99,59,83,3244.1,3557.1,293.3,79.15,99,60,90,3081.0,3300.2,273.1,79.14,99,60,85,3016.4,2986.6,4.0,8,0
1782920068.122,61.189,300.0,79.14,99,59,90,3090.9,2416.7,293.3,79.15,99,59,83,3272.5,3425.1,293.3,79.15,99,60,90,3113.4,3231.7,273.1,79.14,99,60,85,3221.8,2894.9,4.0,8,0
1782920068.566,61.633,300.0,79.14,99,59,90,2988.0,2461.9,293.3,79.15,99,59,83,3140.0,3464.1,293.3,79.15,99,60,90,3089.9,3169.3,273.2,79.14,99,60,85,3014.7,3047.4,4.0,8,0
1782920069.009,62.076,300.0,79.14,99,59,90,2949.7,2420.6,293.2,79.15,99,59,83,3117.1,3443.6,293.3,79.15,99,60,90,3084.3,3725.6,273.3,79.14,99,60,85,3261.9,2940.5,4.0,8,0
1782920069.456,62.524,300.0,79.14,99,58,90,2967.3,2625.6,292.9,79.15,99,59,83,3137.3,3495.8,292.8,79.15,99,60,90,3103.4,3054.1,273.0,79.14,99,60,85,3077.8,3116.2,4.0,8,0
1782920069.898,62.966,300.0,79.14,99,58,90,2926.0,2465.2,292.8,79.15,99,59,83,3156.8,3528.9,292.8,79.15,99,60,90,3229.5,3224.8,273.1,79.14,99,60,85,3043.1,2963.7,4.0,8,0
1782920070.341,63.408,300.0,79.14,99,59,90,2946.5,2523.4,293.5,79.15,99,59,83,3124.3,3482.2,293.4,79.15,99,60,91,3085.3,3244.3,273.5,79.14,99,60,85,3020.8,2962.1,4.0,8,0
1782920070.783,63.850,300.0,79.14,99,59,90,2968.0,2494.1,294.2,79.15,99,59,84,3110.8,3505.0,293.7,79.15,99,60,91,3100.0,3495.7,273.7,79.14,99,60,85,3053.7,2897.9,4.0,8,0
1782920071.225,64.293,300.0,79.14,99,59,90,2948.2,2449.3,294.0,79.15,99,59,84,3326.0,3408.8,293.8,79.15,99,60,91,3103.4,3196.4,273.6,79.14,99,59,85,3052.0,2862.3,4.0,8,0
1782920071.667,64.735,300.0,79.14,99,59,90,2976.4,2494.2,293.7,79.15,99,59,84,3423.1,3443.3,293.4,79.15,99,60,91,3607.5,3229.5,273.6,79.14,99,59,85,3013.8,2922.6,4.0,8,0
1782920072.124,65.192,300.0,79.14,99,59,90,2968.5,2407.7,294.0,79.15,99,59,84,3167.7,3467.6,293.3,79.15,99,60,91,3252.8,3499.2,273.6,79.14,99,59,85,3048.4,2904.5,4.0,8,0
1782920072.570,65.637,300.0,79.14,99,59,90,3079.1,2411.1,294.0,79.15,99,59,84,3155.2,3481.0,293.3,79.15,99,60,91,3086.9,3384.0,273.8,79.14,99,59,85,3090.5,3069.6,4.0,8,0
1782920073.012,66.079,300.0,79.14,99,59,90,2945.6,2439.9,294.5,79.15,99,59,84,3104.3,3415.5,293.3,79.15,99,60,91,3288.5,3214.7,274.1,79.14,99,60,85,3038.1,3034.2,4.0,8,0
1782920073.458,66.526,300.0,79.14,99,59,90,2990.4,2426.9,294.9,79.15,99,59,84,3156.2,3505.1,293.6,79.15,99,60,91,3123.6,3288.4,274.6,79.14,99,60,85,3006.7,3071.6,4.0,8,0
1782920073.902,66.969,300.0,79.14,99,59,90,2955.9,2434.0,295.3,79.15,99,59,84,3531.6,3658.2,293.6,79.15,99,60,91,3115.4,3274.3,274.6,79.14,99,60,85,3023.2,2988.2,4.0,8,0
1782920074.347,67.415,300.0,79.14,99,59,90,3050.4,2435.2,295.4,79.15,99,59,84,3119.5,3486.0,293.6,79.15,99,61,91,3077.5,3238.1,274.5,79.14,99,60,85,3024.6,3079.1,4.0,8,0
1782920074.789,67.856,300.0,79.14,99,59,90,3012.3,2454.9,295.4,79.15,99,59,84,3114.3,3455.1,293.8,79.15,99,60,91,3290.2,3322.0,274.8,79.14,99,60,85,3047.1,2950.3,4.0,8,0
1782920075.231,68.299,300.0,79.14,99,59,90,2923.9,1232.4,295.6,79.15,99,59,84,39.8,65.2,293.9,79.15,99,60,91,642.4,4640.7,274.8,79.14,93,56,86,907.6,4641.8,4.0,8,0
1782920075.672,68.739,269.3,79.14,42,3,88,3115.7,2679.5,240.4,79.15,48,5,82,3151.7,3483.5,231.3,79.15,78,5,88,3265.0,2833.5,207.4,79.14,96,55,84,3109.1,2859.8,3.0,8,0
1782920076.118,69.185,238.9,79.14,99,58,91,3010.6,2485.8,231.2,79.15,99,60,84,3061.9,3091.4,231.3,79.15,78,5,88,3069.7,3019.9,207.4,79.14,96,55,84,3038.5,2779.0,3.0,8,0
1782920076.558,69.626,238.9,79.14,99,58,91,3133.7,2416.1,231.2,79.15,99,60,84,3146.6,3429.1,224.0,79.15,99,60,90,3112.4,3360.7,212.5,79.14,99,60,85,3206.8,2998.0,3.0,8,0
1782920077.001,70.069,276.2,79.14,99,59,90,2926.8,2406.3,285.6,79.15,99,59,84,3142.4,3713.4,286.2,79.15,99,60,90,3121.9,3305.9,271.1,79.14,99,59,85,3034.0,2971.8,3.0,8,0
1782920077.443,70.511,304.2,79.14,99,58,90,3091.6,2421.5,296.1,79.15,99,59,84,3119.9,3510.9,293.0,79.15,99,60,90,3101.7,3319.8,275.4,79.14,99,59,85,3016.5,3088.9,3.0,8,0
1782920077.889,70.956,300.1,79.14,99,59,90,2949.8,2408.5,296.0,79.15,99,59,84,3177.2,3745.9,292.7,79.15,99,60,90,3169.9,3457.9,275.2,79.14,99,59,86,3025.0,2860.0,3.0,8,0
1782920078.332,71.400,300.0,79.14,99,59,90,3077.8,2445.3,295.8,79.15,99,59,84,3164.9,3412.9,292.7,79.15,99,60,90,3119.0,3417.7,275.1,79.14,99,60,86,3205.1,2871.6,3.0,8,0
1782920078.774,71.842,300.0,79.14,99,58,91,2928.3,2596.1,295.6,79.15,99,59,84,3142.9,3463.1,293.0,79.15,99,60,90,3137.5,3130.9,274.7,79.14,99,59,86,3078.2,3006.0,3.0,8,0
1782920079.221,72.289,299.9,79.14,99,58,91,2926.4,2458.4,295.4,79.15,99,59,84,3304.5,3621.0,292.9,79.15,99,60,90,3276.4,3358.9,274.3,79.14,99,59,86,3011.6,2771.6,3.0,8,0
1782920079.664,72.731,300.0,79.14,99,58,91,2986.1,2585.7,295.4,79.15,99,59,84,3155.1,3722.5,292.8,79.15,99,60,90,3171.2,3155.0,274.5,79.14,99,59,86,3350.5,2871.6,3.0,8,0
1782920080.111,73.178,300.0,79.14,99,58,91,2987.8,2477.6,295.4,79.15,99,59,84,3315.2,3457.6,292.8,79.15,99,60,90,3127.9,3197.4,274.5,79.14,99,59,86,3047.5,3019.7,3.0,8,0
1782920080.553,73.621,300.0,79.14,99,58,91,3007.7,2440.9,295.6,79.15,99,59,85,3125.7,3482.8,292.4,79.15,99,60,90,3311.4,3130.2,274.5,79.14,99,59,86,3083.8,2946.1,3.0,8,0
1782920080.996,74.064,300.0,79.14,99,58,91,3144.8,2426.4,295.4,79.15,99,59,85,3166.8,3432.3,291.6,79.15,99,60,90,3135.7,3370.2,274.4,79.14,99,59,86,3144.5,2896.2,3.0,8,0
1782920081.444,74.511,300.0,79.14,99,58,91,2905.0,2436.3,295.5,79.15,99,59,85,3304.4,3427.7,291.6,79.15,99,60,90,3120.4,3228.4,274.6,79.14,99,59,86,3051.9,2873.0,3.0,8,0
1782920081.886,74.954,300.0,79.14,99,58,91,2988.8,2447.1,295.9,79.15,99,58,85,3163.0,3444.2,291.8,79.15,99,59,90,3362.2,3265.3,274.8,79.14,99,59,86,3082.4,2936.8,3.0,8,0
1782920082.329,75.397,300.0,79.14,99,58,91,2966.9,2519.0,295.8,79.15,99,59,85,3215.4,3412.0,291.7,79.15,99,60,90,3103.9,3310.4,274.2,79.14,99,59,86,3041.2,2883.0,3.0,8,0
1782920082.773,75.841,300.0,79.14,99,58,91,3033.9,2496.1,295.1,79.15,99,59,85,3147.5,3326.1,290.7,79.15,99,59,90,3136.5,3519.0,273.2,79.14,99,59,86,3094.6,2811.3,3.0,8,0
1782920083.218,76.286,299.9,79.14,99,58,91,3173.6,2505.1,294.3,79.15,99,59,85,3155.7,3406.7,289.6,79.15,99,59,90,3146.3,3461.5,272.5,79.14,99,59,86,3151.3,2885.7,3.0,8,0
1782920083.663,76.730,299.9,79.14,99,58,91,2961.3,2532.5,294.6,79.15,99,59,85,3213.9,3554.3,289.1,79.15,99,59,90,3141.9,3213.3,272.6,79.14,99,59,86,3239.2,2848.6,4.0,8,0
1782920084.107,77.174,300.1,79.14,99,58,91,2927.9,2438.9,294.6,79.15,99,59,85,3232.9,3540.3,289.1,79.15,99,59,90,3154.0,3130.3,272.6,79.14,99,59,86,3073.6,3038.8,4.0,8,0
1782920084.551,77.618,300.1,79.14,99,58,91,2969.1,2466.0,295.2,79.15,99,59,85,3278.6,3413.3,289.3,79.15,99,60,90,3146.8,3319.6,273.1,79.14,99,59,86,3074.4,2823.7,4.0,8,0
1782920084.992,78.059,300.1,79.14,99,58,91,2976.0,2489.8,295.2,79.15,99,58,85,3194.8,3631.3,289.0,79.15,99,60,90,3094.2,3200.0,272.9,79.14,99,59,86,3060.4,3033.8,4.0,8,0
1782920085.438,78.505,300.0,79.14,99,58,91,2988.3,2500.2,294.9,79.15,99,59,85,3173.7,3317.3,288.8,79.15,99,60,90,3235.9,3231.6,272.9,79.14,99,59,86,3075.5,2873.3,4.0,8,0
1782920085.878,78.945,300.0,79.14,99,58,91,2966.1,2621.2,294.9,79.15,99,59,85,3179.7,3520.9,289.2,79.15,99,60,90,3192.7,3359.6,273.2,79.14,99,59,86,3199.7,2889.9,4.0,8,0
1782920086.320,79.387,300.1,79.14,99,58,91,2965.8,2473.5,295.7,79.15,99,59,85,3110.2,3572.9,289.7,79.15,99,60,90,3110.7,3436.6,273.5,79.14,99,59,86,3083.3,3039.4,4.0,8,0
1782920086.769,79.836,300.0,79.14,99,58,91,3036.5,2711.5,295.9,79.15,99,58,85,3181.9,3505.6,289.8,79.15,99,60,90,3123.4,3172.4,273.7,79.14,99,59,86,3219.7,2879.6,4.0,8,0
1782920087.213,80.281,299.9,79.14,99,58,91,3010.2,2493.0,295.5,79.15,99,58,85,3318.5,3400.6,289.4,79.15,99,60,90,3120.0,3192.1,273.1,79.14,99,59,86,3094.2,2922.9,4.0,8,0
1782920087.654,80.722,299.9,79.14,99,58,91,2966.0,2436.5,295.2,79.15,99,58,85,3143.3,3617.2,289.1,79.15,99,60,90,3334.6,3584.6,273.2,79.14,99,59,86,3072.4,2922.3,4.0,8,0
1782920088.101,81.169,300.1,79.14,99,58,91,3028.6,2493.5,295.2,79.15,99,58,85,3196.8,3502.5,289.1,79.15,99,60,90,3309.2,3334.5,273.2,79.14,99,59,86,3094.9,2870.2,4.0,8,0
1782920088.542,81.610,300.1,79.14,99,58,91,3193.6,2461.7,296.0,79.15,99,59,85,3172.3,3350.2,289.9,79.15,99,60,90,3129.3,3150.0,273.9,79.14,99,59,86,3276.6,2812.7,4.0,8,0
1782920088.983,82.051,300.0,79.14,99,58,91,3012.0,2562.2,296.2,79.15,99,58,85,3177.3,3317.1,289.7,79.15,99,60,90,3100.7,3251.0,273.7,79.14,99,59,86,3049.3,2997.0,4.0,8,0
1782920089.425,82.492,299.9,79.14,99,58,91,3106.8,2487.2,295.6,79.15,99,58,85,3257.8,3445.8,289.0,79.15,99,60,90,3139.4,3181.3,273.3,79.14,99,59,86,3055.5,2825.7,4.0,8,0
1782920089.869,82.936,300.0,79.14,99,58,91,3027.2,2459.3,295.5,79.15,99,58,85,3167.9,3543.7,289.2,79.15,99,60,90,3162.3,3339.4,273.3,79.14,99,59,86,3092.9,2990.7,4.0,8,0
1782920090.311,83.379,300.0,79.14,99,58,91,3008.5,2466.5,295.7,79.15,99,59,86,3164.2,3497.6,289.1,79.15,99,60,90,3128.3,3335.8,273.7,79.14,99,59,87,3048.4,2838.2,4.0,8,0
1782920090.752,83.819,300.0,79.14,99,58,91,3748.4,2573.2,295.9,79.15,99,59,86,3158.4,3604.1,289.1,79.15,99,60,90,3187.0,3206.7,273.9,79.14,99,59,87,3032.6,2939.1,4.0,8,0
1782920091.202,84.270,299.9,79.14,99,58,91,3157.8,2488.8,296.1,79.15,99,59,86,3151.8,3508.4,289.4,79.15,99,60,90,3126.7,3210.2,273.8,79.14,99,59,87,3243.7,2863.7,4.0,8,0
1782920091.646,84.714,300.0,79.14,99,58,91,2928.8,2616.2,296.0,79.15,99,58,86,3165.9,3944.8,289.7,79.15,99,60,90,3092.0,3745.7,273.8,79.14,99,59,87,3082.1,3042.3,4.0,8,0
1782920092.095,85.162,300.1,79.14,99,58,91,2967.5,2634.2,296.0,79.15,99,58,86,3178.1,3581.5,289.7,79.15,99,60,90,3110.4,3352.4,274.0,79.14,99,59,87,3055.3,2867.7,4.0,8,0
1782920092.538,85.606,300.1,79.14,99,58,91,2946.1,2519.5,296.3,79.15,99,59,86,3343.8,3302.7,290.1,79.15,99,60,90,3123.8,3209.2,274.5,79.14,99,59,87,3057.8,2865.8,4.0,8,0
1782920092.983,86.050,300.0,79.14,99,58,91,2992.1,2494.9,296.7,79.15,99,58,86,3168.0,3419.8,290.2,79.15,99,60,90,3146.8,3198.6,274.9,79.14,99,59,87,3052.9,2822.2,4.0,8,0
1782920093.424,86.492,299.9,79.14,99,58,91,3010.8,2475.3,296.4,79.15,99,59,86,3153.7,3472.3,289.6,79.15,99,60,90,3294.4,3109.7,274.2,79.14,99,59,87,3068.6,2869.0,4.0,8,0
1782920093.867,86.935,300.0,79.14,99,58,91,2981.1,2479.3,296.0,79.15,99,58,86,3128.2,3296.6,289.0,79.15,99,60,90,3092.5,3425.8,273.7,79.14,99,59,87,2049.9,4510.4,4.0,8,0
1782920094.369,87.436,300.0,79.14,99,58,89,1551.3,2098.6,277.9,79.15,63,3,84,2622.1,3090.3,267.8,79.15,78,3,88,3194.3,2861.9,238.5,79.14,53,4,84,3073.7,2640.7,3.0,1,0
1782920094.810,87.877,235.9,79.14,72,38,91,2995.8,2489.7,228.2,79.15,99,59,85,3099.3,3125.3,229.7,79.15,99,60,89,3216.1,3119.3,209.8,79.14,99,59,86,3016.6,2781.5,3.0,8,0
1782920095.252,88.319,241.1,79.14,99,59,91,2952.0,2574.2,237.7,79.15,99,59,86,3140.8,3717.6,236.0,79.15,99,60,89,3110.3,3203.0,250.5,79.14,99,59,87,3054.0,3120.0,3.0,8,0
1782920095.695,88.762,299.1,79.14,99,58,91,3009.3,2462.3,298.4,79.15,99,58,86,3147.8,3879.1,290.7,79.15,99,60,90,3147.1,3435.5,276.6,79.14,99,59,87,3044.6,2866.7,3.0,8,0
1782920096.141,89.208,301.1,79.14,99,58,91,2986.5,2502.0,298.2,79.15,99,59,86,3189.1,3560.6,290.4,79.15,99,60,90,3257.5,3467.7,276.6,79.14,99,59,87,3101.0,2868.2,3.0,8,0
1782920096.584,89.652,300.0,79.14,99,58,91,3280.3,2470.9,298.2,79.15,99,59,86,3130.2,3561.9,290.4,79.15,99,60,90,3161.8,3428.3,276.0,79.14,99,59,87,3113.0,2982.4,3.0,8,0
1782920097.466,90.534,300.0,79.14,99,58,91,2925.7,2438.7,297.5,79.15,99,58,86,3154.3,3558.2,289.6,79.15,99,59,90,3312.7,3368.6,275.0,79.14,99,59,87,3071.3,2907.7,3.0,8,0
1782920097.912,90.979,300.0,79.14,99,59,91,3073.4,2472.8,297.9,79.15,99,59,86,3253.9,3427.3,290.3,79.15,99,60,90,3128.1,3119.5,275.5,79.14,99,59,87,3218.0,2965.3,3.0,8,0
1782920098.354,91.422,300.0,79.14,99,58,91,3028.1,2675.9,297.9,79.15,99,59,86,3182.7,3398.6,290.2,79.15,99,60,90,3126.8,3097.9,275.6,79.14,99,58,87,3255.9,2814.3,3.0,8,0
1782920098.797,91.864,299.7,79.14,99,57,91,3096.8,2500.2,296.1,79.15,99,58,86,3179.1,3395.5,288.1,79.15,99,59,89,3172.4,3166.1,273.2,79.14,99,58,87,3277.5,3116.4,3.0,8,0
1782920099.241,92.308,299.9,79.14,99,57,91,3060.0,2492.4,294.3,79.15,99,58,86,3170.8,3389.5,286.2,79.15,99,59,89,3143.2,3377.4,271.9,79.14,99,58,87,3082.2,2815.6,3.0,8,0
1782920099.683,92.751,300.0,79.14,99,58,91,3007.2,2547.2,294.3,79.15,99,58,86,3406.2,3364.2,286.3,79.15,99,59,89,3306.5,3314.2,271.9,79.14,99,58,87,3073.9,2748.9,3.0,8,0
1782920100.130,93.197,299.9,79.14,99,57,91,3000.6,2539.2,294.1,79.15,99,58,86,3313.8,3287.7,285.5,79.15,99,59,89,3180.5,3130.0,271.9,79.14,99,58,87,3113.6,3000.6,3.0,8,0
1782920100.572,93.640,299.9,79.14,99,57,91,2987.9,2631.6,294.1,79.15,99,58,86,3166.7,3614.8,285.5,79.15,99,59,89,3171.3,3266.2,271.3,79.14,99,58,87,3126.2,3079.5,3.0,8,0
1782920101.022,94.089,299.9,79.14,99,57,91,3091.2,2496.0,293.6,79.15,99,58,86,3177.5,3450.5,284.6,79.15,99,59,89,3146.2,3152.6,271.0,79.14,99,58,87,3073.9,2806.1,3.0,8,0
1782920101.464,94.532,300.0,79.14,99,57,91,3051.0,2519.8,293.7,79.15,99,57,86,3353.4,3395.6,284.9,79.15,99,59,89,3178.8,3181.1,271.2,79.14,99,58,87,3170.7,3052.8,3.0,8,0
1782920101.909,94.976,299.8,79.14,99,57,91,3138.2,2504.4,293.6,79.15,99,58,86,3184.6,3316.1,284.7,79.15,99,59,89,3110.9,3299.6,271.0,79.14,99,58,87,3075.7,2810.3,3.0,8,0
1782920102.352,95.420,299.9,79.14,99,57,91,3051.7,2518.2,293.5,79.15,99,58,86,3195.6,3417.8,285.0,79.15,99,59,89,3204.4,3179.6,271.2,79.14,99,58,87,3083.9,2803.6,3.0,8,0
1782920102.794,95.861,300.2,79.14,99,57,91,3073.2,2527.6,293.8,79.15,99,57,86,3171.2,3266.7,285.3,79.15,99,59,89,3300.8,3155.0,271.4,79.14,99,58,87,3078.1,2881.1,4.0,8,0
1782920103.236,96.303,300.1,79.14,99,58,91,3100.3,2478.2,293.9,79.15,99,58,86,3188.6,3348.6,285.3,79.15,99,59,89,3118.0,3095.8,271.4,79.14,99,58,87,3060.9,2850.7,4.0,8,0
1782920103.679,96.746,299.9,79.14,99,58,91,3016.1,2600.9,294.0,79.15,99,58,86,3907.1,3339.5,285.6,79.15,99,59,89,3169.6,3320.3,271.8,79.14,99,58,87,3065.6,2788.6,4.0,8,0
1782920104.128,97.196,300.0,79.14,99,57,91,3092.7,2523.6,293.9,79.15,99,58,86,3165.2,3378.0,285.4,79.15,99,59,89,3139.0,3243.5,271.8,79.14,99,58,87,3106.8,2882.5,4.0,8,0
1782920104.571,97.638,300.1,79.14,99,58,91,2970.9,2479.4,293.9,79.15,99,58,86,3221.2,3429.2,285.4,79.15,99,59,89,3139.3,3349.1,272.1,79.14,99,58,87,3081.6,2850.1,4.0,8,0
1782920105.013,98.081,300.1,79.14,99,58,91,3030.2,2543.4,294.5,79.15,99,58,86,3176.2,3312.3,285.6,79.15,99,59,89,3137.6,3245.9,272.7,79.14,99,59,87,3111.7,2824.0,4.0,8,0
1782920105.455,98.522,300.1,79.14,99,57,91,3027.2,2505.7,295.3,79.15,99,58,86,3197.1,3279.3,286.0,79.15,99,59,89,3301.8,3118.9,273.1,79.14,99,58,87,3058.5,2800.1,4.0,8,0
1782920105.897,98.964,299.9,79.14,99,57,91,3028.6,2532.6,294.8,79.15,99,58,86,3194.0,3415.2,285.3,79.15,99,59,89,3166.4,3130.8,272.3,79.14,99,58,87,3064.9,2787.6,4.0,8,0
1782920106.340,99.408,299.9,79.14,99,57,91,3013.3,2534.7,294.4,79.15,99,58,86,3337.5,3257.1,284.5,79.15,99,59,89,3129.4,3190.9,271.7,79.14,99,58,87,3044.0,3048.6,4.0,8,0
1782920106.782,99.850,300.0,79.14,99,57,91,3246.6,2516.5,294.1,79.15,99,58,86,3170.1,3393.6,284.7,79.15,99,59,89,3121.0,3248.6,271.7,79.14,99,58,87,3076.0,2772.3,4.0,8,0
1782920107.233,100.301,299.9,79.14,99,57,91,3036.5,2523.8,294.3,79.15,99,58,86,3145.7,3231.4,284.9,79.15,99,59,89,3210.6,3146.3,272.4,79.14,99,59,87,3104.1,2812.5,4.0,8,0
1782920107.675,100.742,300.0,79.14,99,57,91,3156.5,2502.9,294.4,79.15,99,58,86,3451.8,3315.5,284.8,79.15,99,59,89,3202.9,3113.8,272.3,79.14,99,58,87,3037.6,2931.9,4.0,8,0
1782920108.123,101.191,300.0,79.14,99,57,91,3114.3,2495.9,294.1,79.15,99,58,86,3189.1,3314.9,284.5,79.15,99,59,89,3154.6,3137.1,272.3,79.14,99,58,87,3273.7,2808.5,4.0,8,0
1782920108.565,101.633,299.9,79.14,99,58,91,3197.5,2512.1,294.1,79.15,99,58,86,3178.8,3271.5,284.5,79.15,99,59,89,3109.5,3261.6,272.2,79.14,99,58,87,3073.0,2934.5,4.0,8,0
1782920109.010,102.078,299.9,79.14,99,58,91,3011.2,2496.7,294.5,79.15,99,58,86,3194.3,3463.0,284.5,79.15,99,59,89,3320.7,3181.8,272.3,79.14,99,58,87,3072.1,2865.0,4.0,8,0
1782920109.451,102.519,300.0,79.14,99,57,91,3008.8,2529.1,294.7,79.15,99,58,86,3177.7,3340.9,284.9,79.15,99,59,89,3131.5,3096.7,272.1,79.14,99,58,87,3084.5,2844.2,4.0,8,0
1782920109.894,102.962,300.0,79.14,99,58,91,3050.6,2500.1,294.7,79.15,99,58,86,3352.2,3290.6,284.7,79.15,99,59,89,3109.5,3189.7,272.1,79.14,99,58,87,3066.8,2810.2,4.0,8,0
1782920110.338,103.405,300.0,79.14,99,57,91,2966.5,2683.8,294.7,79.15,99,58,86,3178.2,3474.1,284.3,79.15,99,59,89,3195.7,3241.1,271.9,79.14,99,59,87,3250.2,2763.0,4.0,8,0
1782920110.780,103.847,299.9,79.14,99,57,91,3098.5,2568.2,294.9,79.15,99,58,87,3183.0,3434.0,284.5,79.15,99,59,89,3128.9,3362.6,271.9,79.14,99,59,87,3069.2,2800.2,4.0,8,0
1782920111.226,104.293,300.1,79.14,99,58,91,3061.1,2559.0,295.4,79.15,99,58,87,3163.9,3231.5,284.9,79.15,99,59,89,3247.0,3127.4,272.1,79.14,99,58,87,3059.6,2796.4,4.0,8,0
1782920111.667,104.734,300.0,79.14,99,57,91,3040.8,2555.5,295.1,79.15,99,58,86,3425.8,3804.4,284.5,79.15,99,59,89,3177.1,3214.5,272.0,79.14,99,58,87,3122.0,2761.4,4.0,8,0
1782920112.120,105.187,300.0,79.14,99,58,91,3034.2,2638.1,294.7,79.15,99,58,87,3147.8,3206.7,284.5,79.15,99,59,89,3181.1,3104.4,272.0,79.14,99,58,87,3157.1,2726.8,4.0,8,0
1782920112.561,105.629,300.0,79.14,99,58,91,52.1,65.9,294.7,79.15,99,58,87,572.9,4743.3,284.4,79.15,99,59,89,889.2,4749.8,271.8,79.14,99,58,87,877.7,3159.3,4.0,8,0
1782920113.006,106.074,299.9,79.14,99,57,89,3087.9,2634.2,276.3,79.15,32,3,85,3291.5,2960.7,263.1,79.15,49,3,87,3154.3,2849.7,236.5,79.14,47,4,85,3046.7,2867.5,3.0,1,0
1782920113.451,106.518,236.0,79.14,74,41,90,2987.9,2609.5,234.8,79.15,99,58,86,3092.8,3227.7,220.4,79.15,99,59,89,3084.7,3125.7,214.5,79.14,99,59,87,3010.4,2959.1,3.0,8,0
1782920113.892,106.960,246.0,79.14,99,58,91,2886.4,2439.6,249.8,79.15,99,59,86,3238.1,3553.2,244.2,79.15,99,60,89,3116.3,3494.8,238.9,79.14,99,60,87,3014.1,2995.6,3.0,8,0
1782920114.336,107.403,299.6,79.14,99,59,90,2946.1,2431.6,301.5,79.15,99,59,87,3145.2,3549.8,289.6,79.15,99,60,89,3265.3,3531.6,279.3,79.14,99,60,87,3045.2,3029.6,3.0,8,0
1782920114.780,107.848,301.3,79.14,99,59,90,2945.5,2581.4,303.2,79.15,99,60,87,3098.1,3704.6,292.1,79.15,99,61,89,3125.9,3454.0,280.4,79.14,99,60,87,3032.4,3155.9,3.0,8,0
1782920115.231,108.299,300.0,79.14,99,59,90,2927.3,2404.0,302.5,79.15,99,60,87,3145.3,3341.9,292.4,79.15,99,61,89,3129.5,3461.9,280.6,79.14,99,60,87,3019.9,3012.7,3.0,8,0
1782920115.675,108.742,300.0,79.14,99,59,90,2887.1,2387.1,301.2,79.15,99,59,87,3127.6,3778.6,292.1,79.15,99,60,89,3283.1,3457.2,280.4,79.14,99,60,88,3218.5,2986.2,3.0,8,0
1782920116.124,109.191,300.0,79.14,99,59,90,2988.9,2405.6,300.2,79.15,99,59,87,3126.5,3620.7,291.8,79.15,99,60,89,3107.1,3427.2,280.4,79.14,99,60,88,3002.0,3221.0,3.0,8,0
1782920116.566,109.633,300.0,79.14,99,59,90,2905.6,2438.4,300.2,79.15,99,59,87,3126.2,3593.5,291.8,79.15,99,60,89,3102.0,3446.6,280.1,79.14,99,60,88,3035.7,3084.1,3.0,8,0
1782920117.008,110.076,300.0,79.14,99,59,90,2886.7,2424.7,300.2,79.15,99,59,87,3082.5,3439.8,291.8,79.15,99,60,89,3098.6,3748.6,280.0,79.14,99,60,88,2998.4,3005.7,3.0,8,0
1782920117.450,110.517,300.0,79.14,99,59,90,2945.5,2440.7,300.4,79.15,99,60,87,3071.5,3521.1,291.9,79.15,99,61,89,3214.3,3364.7,280.7,79.14,99,60,88,3016.3,3065.3,3.0,8,0
1782920117.891,110.958,300.0,79.14,99,59,90,2907.3,2465.7,300.5,79.15,99,60,87,3067.8,3334.6,292.2,79.15,99,60,89,3271.1,3372.2,281.3,79.14,99,60,88,3007.4,3086.2,3.0,8,0
1782920118.334,111.402,300.0,79.14,99,59,90,2926.3,2425.0,300.1,79.15,99,60,87,3181.7,3516.3,292.3,79.15,99,60,89,3104.9,3499.7,280.8,79.14,99,60,88,3046.8,3073.0,3.0,8,0
1782920118.776,111.844,300.0,79.14,99,59,90,2971.2,2405.8,299.8,79.15,99,60,87,3107.8,3410.9,292.3,79.15,99,61,89,3110.9,3376.1,280.7,79.14,99,60,88,3298.8,3038.0,3.0,8,0
1782920119.223,112.290,300.0,79.14,99,59,90,2887.3,2429.1,300.0,79.15,99,60,87,3112.6,3295.8,292.5,79.15,99,61,89,3068.7,3571.3,281.1,79.14,99,60,88,3022.0,3024.3,3.0,8,0
1782920119.665,112.733,300.0,79.14,99,59,90,2946.2,2411.1,300.3,79.15,99,60,87,3120.7,3460.0,293.1,79.15,99,60,89,3345.3,3598.0,281.0,79.14,99,60,88,3323.3,3025.4,3.0,8,0
1782920120.113,113.180,300.0,79.14,99,59,90,2887.6,2476.9,300.3,79.15,99,60,87,3131.2,3445.3,293.1,79.15,99,60,89,3123.4,3442.8,281.0,79.14,99,60,88,3024.4,2907.4,3.0,8,0
1782920120.554,113.622,300.0,79.14,99,59,90,3075.2,2444.2,300.0,79.15,99,59,87,3097.6,3449.1,293.0,79.15,99,60,89,3095.3,3407.4,280.8,79.14,99,60,88,3019.2,3001.9,3.0,8,0
1782920120.996,114.064,300.0,79.14,99,59,90,2985.6,2418.7,299.6,79.15,99,59,87,3092.7,3344.4,292.4,79.15,99,60,89,3100.8,3403.0,280.6,79.14,99,60,88,3179.0,2956.7,4.0,8,0
1782920121.439,114.506,300.0,79.14,99,59,90,2906.9,2420.1,299.9,79.15,99,59,87,3094.4,3442.6,292.5,79.15,99,60,89,3094.6,3514.4,280.7,79.14,99,60,88,3034.2,3016.1,4.0,8,0
1782920121.880,114.948,300.0,79.14,99,59,90,2906.2,2482.2,300.2,79.15,99,60,87,3103.8,3902.2,292.5,79.15,99,61,89,3104.5,3496.0,281.0,79.14,99,60,88,2998.8,3006.7,4.0,8,0
1782920122.326,115.394,300.0,79.14,99,59,90,2887.5,2391.2,300.2,79.15,99,60,87,3288.5,3376.0,292.5,79.15,99,61,89,3113.9,3511.0,281.0,79.14,99,60,88,3013.9,3104.5,4.0,8,0
1782920122.769,115.837,300.0,79.14,99,59,90,2948.0,2546.6,300.1,79.15,99,59,87,3102.3,3542.2,292.5,79.15,99,60,89,3110.7,3405.0,281.0,79.14,99,60,88,3038.9,3265.0,4.0,8,0
1782920123.213,116.280,300.0,79.14,99,59,90,2989.0,2386.3,300.0,79.15,99,60,87,3076.7,3450.2,292.3,79.15,99,61,89,3132.5,3358.8,281.1,79.14,99,61,88,3012.7,2964.2,4.0,8,0
1782920123.654,116.722,300.0,79.14,99,60,90,3112.5,2407.5,300.3,79.15,99,60,87,3075.7,3429.4,292.6,79.15,99,61,89,3143.9,3599.6,281.1,79.14,99,61,88,3037.0,2969.1,4.0,8,0
1782920124.098,117.166,300.0,79.14,99,59,90,2929.3,2413.8,300.3,79.15,99,60,87,3103.6,3460.5,292.6,79.15,99,61,89,3099.4,3466.0,281.3,79.14,99,60,88,3016.3,2961.1,4.0,8,0
1782920124.539,117.607,300.0,79.14,99,59,90,2920.8,2408.3,300.2,79.15,99,60,87,3115.0,3312.3,293.1,79.15,99,61,89,3136.5,3607.8,281.2,79.14,99,60,88,3021.3,2935.2,4.0,8,0
1782920124.980,118.047,300.0,79.14,99,59,90,2918.9,2504.3,300.0,79.15,99,60,87,3129.4,3389.7,292.8,79.15,99,60,89,3176.8,3436.3,281.2,79.14,99,60,88,3014.9,2861.7,4.0,8,0
1782920125.425,118.492,300.0,79.14,99,59,90,2908.4,2404.4,299.8,79.15,99,60,87,3210.0,3316.1,292.1,79.15,99,60,89,3097.4,3424.0,280.9,79.14,99,60,88,3018.9,2961.7,4.0,8,0
1782920125.866,118.934,300.0,79.14,99,59,90,2886.5,2544.8,299.9,79.15,99,60,87,3092.9,3380.0,292.1,79.15,99,61,89,3255.4,3387.1,280.9,79.14,99,60,88,3037.4,2998.3,4.0,8,0
1782920126.314,119.381,300.0,79.14,99,59,90,2927.4,2422.7,299.9,79.15,99,60,87,3083.3,3375.2,292.3,79.15,99,61,89,3109.6,3572.8,280.7,79.14,99,60,88,3021.4,3075.1,4.0,8,0
1782920126.756,119.823,300.0,79.14,99,59,90,3235.1,2569.3,299.7,79.15,99,59,87,3105.2,3542.0,292.0,79.15,99,61,89,3091.1,3406.6,280.2,79.14,99,60,88,3035.8,3060.9,4.0,8,0
1782920127.203,120.270,300.0,79.14,99,59,90,3071.2,2381.3,300.0,79.15,99,60,87,3107.4,3427.7,292.0,79.15,99,61,89,3114.1,3389.8,280.4,79.14,99,60,88,3004.4,3197.8,4.0,8,0
1782920127.648,120.715,300.0,79.14,99,59,90,2918.7,2391.8,300.2,79.15,99,60,87,3104.3,3439.0,292.5,79.15,99,61,89,3195.2,4239.3,280.4,79.14,99,60,88,3017.8,3036.0,4.0,8,0
1782920128.100,121.168,300.0,79.14,99,59,90,3009.4,2450.1,300.2,79.15,99,60,87,3091.4,3336.7,292.5,79.15,99,61,89,3095.3,3365.2,281.0,79.14,99,60,88,3036.5,3135.8,4.0,8,0
1782920128.543,121.611,300.0,79.14,99,59,90,2886.1,2413.6,300.4,79.15,99,60,87,3068.7,3284.6,293.0,79.15,99,61,89,3103.6,3437.1,281.2,79.14,99,60,88,3180.7,2954.5,4.0,8,0
1782920128.985,122.053,300.0,79.14,99,59,90,2897.7,2440.8,300.2,79.15,99,60,87,3064.6,3449.2,293.0,79.15,99,61,89,3258.7,3447.8,281.0,79.14,99,60,88,3042.7,2953.5,4.0,8,0
1782920129.429,122.496,300.0,79.14,99,59,90,2920.0,2405.5,300.0,79.15,99,60,87,3099.0,3421.3,292.6,79.15,99,61,89,3122.2,3478.1,280.6,79.14,99,60,88,3026.5,3137.8,4.0,8,0
1782920129.871,122.939,300.0,79.14,99,59,90,2926.9,2420.5,300.2,79.15,99,60,87,3092.4,3570.0,292.7,79.15,99,61,89,3187.2,3479.0,280.6,79.14,99,60,88,3037.1,3052.4,4.0,8,0
1782920130.350,123.418,300.0,79.14,99,59,90,2905.9,2428.6,300.1,79.15,99,60,87,3168.3,3443.6,292.8,79.15,99,61,89,3100.9,3335.3,280.9,79.14,99,60,88,3028.1,2927.0,4.0,8,0
1782920130.792,123.860,299.9,79.14,99,59,90,2929.3,2509.4,299.6,79.15,99,60,87,3094.9,3341.3,292.3,79.15,99,61,89,3071.1,3368.0,280.7,79.14,99,60,88,3016.8,2965.3,4.0,8,0
1782920131.235,124.303,300.0,79.14,99,59,90,3136.1,2405.7,299.8,79.15,99,60,87,3105.6,3319.7,292.5,79.15,99,61,89,3081.7,3243.4,280.6,79.14,99,60,88,3153.4,3002.9,4.0,8,0
1782920131.678,124.745,300.0,79.14,99,59,90,980.8,4722.7,299.9,79.15,99,60,87,470.0,2591.9,292.2,79.15,88,54,89,661.8,4576.3,260.5,79.14,12,3,85,46.1,1635.9,4.0,8,0
1782920132.126,125.194,253.8,79.14,75,5,89,3037.0,2858.5,232.6,79.15,92,48,86,3103.9,2916.2,229.6,79.15,99,58,88,3053.6,2851.5,260.5,79.14,12,3,85,3257.5,2693.0,3.0,8,0
1782920132.569,125.637,242.5,79.14,99,59,90,2953.0,2620.5,232.6,79.15,92,48,86,3113.1,3331.0,229.6,79.15,99,58,88,3089.9,3087.7,211.2,79.14,99,59,87,3025.3,3033.7,3.0,8,0
1782920133.012,126.080,242.5,79.14,99,59,90,2936.6,2444.3,233.9,79.15,99,59,87,3107.1,3584.4,222.5,79.15,99,60,89,3143.9,3443.5,219.7,79.14,99,59,87,3068.9,2962.0,3.0,8,0
1782920133.458,126.525,295.1,79.14,99,59,90,3050.3,2439.6,298.2,79.15,99,59,87,3143.3,3543.5,289.0,79.15,99,60,89,3114.3,3345.8,279.1,79.14,99,59,87,3058.3,3146.8,3.0,8,0
1782920133.900,126.968,301.7,79.14,99,58,90,2966.1,2410.5,302.3,79.15,99,59,87,3604.8,3437.5,290.6,79.15,99,60,89,3114.2,3362.1,279.2,79.14,99,59,87,3072.6,2878.6,3.0,8,0
1782920134.352,127.420,300.1,79.14,99,59,90,2966.1,2437.7,301.2,79.15,99,59,87,3123.6,3507.7,290.0,79.15,99,60,89,3137.4,3307.1,278.8,79.14,99,59,87,3042.2,2845.0,3.0,8,0
1782920134.795,127.863,300.0,79.14,99,59,90,2972.7,2489.8,300.6,79.15,99,59,87,3119.7,3374.7,290.0,79.15,99,60,89,3143.7,3380.3,278.3,79.14,99,59,87,3048.7,2882.6,3.0,8,0
1782920135.237,128.304,299.9,79.14,99,58,90,2928.5,2655.9,299.5,79.15,99,58,87,3158.3,3268.5,288.9,79.15,99,59,89,3140.6,3206.3,276.9,79.14,99,59,87,3188.0,2914.1,3.0,8,0
1782920135.679,128.746,299.8,79.14,99,57,90,3134.2,2770.2,298.4,79.15,99,58,87,3744.4,3289.8,286.7,79.15,99,59,89,3314.5,3183.7,274.9,79.14,99,58,87,3069.9,2739.3,3.0,8,0
1782920136.128,129.195,299.8,79.14,99,58,90,3022.9,2488.5,297.6,79.15,99,58,87,3323.2,3298.6,284.9,79.15,99,59,89,3142.4,3143.4,274.9,79.14,99,58,87,3060.6,2912.9,3.0,8,0
1782920136.573,129.641,299.7,79.14,99,57,90,3034.8,2661.1,297.6,79.15,99,58,87,3159.1,3183.0,284.9,79.15,99,59,89,3130.6,3147.6,273.4,79.14,99,58,87,3233.1,2750.7,3.0,8,0
1782920137.016,130.083,299.7,79.14,99,57,90,3176.6,2528.2,297.3,79.15,99,58,87,3178.7,3298.7,284.5,79.15,99,59,89,3143.1,3202.7,272.9,79.14,99,59,87,3072.7,2782.6,3.0,8,0
1782920137.458,130.526,299.9,79.14,99,57,90,3030.2,2534.3,297.6,79.15,99,58,87,3190.9,3230.0,284.7,79.15,99,58,89,3339.0,3077.9,272.8,79.14,99,58,87,3094.5,2811.1,3.0,8,0
1782920137.900,130.967,300.0,79.14,99,57,90,3058.7,2482.7,297.4,79.15,99,57,87,3834.9,3235.5,284.5,79.15,99,59,89,3102.3,3122.2,272.4,79.14,99,58,87,3095.2,3021.7,3.0,8,0
1782920138.348,131.415,300.0,79.14,99,58,90,3028.9,2565.6,297.2,79.15,99,58,87,3166.1,3217.4,284.4,79.15,99,59,89,3120.7,3156.6,272.4,79.14,99,58,87,3144.1,2776.1,3.0,8,0
1782920138.791,131.858,300.0,79.14,99,57,90,3234.3,2525.8,297.8,79.15,99,58,87,3133.7,3208.2,284.6,79.15,99,59,89,3118.3,3238.0,272.7,79.14,99,58,87,3079.6,2765.5,3.0,8,0
1782920139.232,132.300,300.1,79.14,99,58,90,3071.7,2495.0,298.4,79.15,99,58,87,3169.3,3367.7,285.0,79.15,99,59,89,3320.7,3104.5,273.0,79.14,99,58,87,3088.7,2747.7,3.0,8,0
1782920139.681,132.749,299.9,79.14,99,57,90,3028.2,2518.6,298.2,79.15,99,58,87,3731.4,3357.9,284.5,79.15,99,59,89,3158.5,3217.9,272.8,79.14,99,58,87,3099.0,2725.4,3.0,8,0
1782920140.129,133.197,300.0,79.14,99,57,90,3049.8,2708.3,292.6,79.15,71,42,87,3541.1,2946.7,279.3,79.15,71,42,87,3128.5,2843.0,272.8,79.14,99,58,87,3048.4,2899.7,4.0,8,0
1782920140.573,133.641,297.9,79.14,99,58,90,3110.5,2585.7,292.6,79.15,71,42,87,3089.7,3065.2,279.3,79.15,71,42,87,3090.9,2982.5,268.1,79.14,99,59,87,3302.6,2822.3,4.0,8,0
1782920141.016,134.084,297.9,79.14,99,58,90,3040.6,2481.5,293.4,79.15,99,59,87,3171.3,3290.1,279.9,79.15,99,59,89,3273.9,3143.3,268.4,79.14,99,58,87,3098.6,2797.4,4.0,8,0
1782920141.458,134.526,299.7,79.14,99,58,90,3028.3,2509.5,293.1,79.15,99,58,87,3157.9,3279.3,279.8,79.15,99,59,89,3312.1,3130.4,272.8,79.14,99,59,87,3079.7,2828.8,4.0,8,0
1782920141.901,134.968,302.2,79.14,99,58,90,3027.9,2522.6,297.7,79.15,99,58,87,3692.8,3284.2,284.6,79.15,99,59,89,3144.5,3134.3,272.8,79.14,99,58,87,3240.6,2778.4,4.0,8,0
1782920142.351,135.418,300.5,79.14,99,58,90,3206.8,2471.6,297.8,79.15,99,58,87,3169.2,3200.8,284.7,79.15,99,59,89,3133.3,3152.5,272.7,79.14,99,58,87,3089.8,2774.0,4.0,8,0
1782920142.793,135.860,300.2,79.14,99,57,90,3131.5,2527.4,297.7,79.15,99,58,87,3140.5,3362.8,284.8,79.15,99,59,89,3122.7,3273.9,272.4,79.14,99,58,87,3118.5,2866.2,4.0,8,0
1782920143.234,136.302,300.1,79.14,99,58,90,3045.7,2514.5,297.7,79.15,99,58,87,3211.0,3277.3,284.9,79.15,99,58,89,3306.1,3144.9,272.4,79.14,99,58,87,3057.6,2828.3,4.0,8,0
1782920143.679,136.746,300.0,79.14,99,58,90,3029.9,2543.3,297.7,79.15,99,58,87,3831.1,3377.4,284.6,79.15,99,59,89,3152.1,3106.2,272.3,79.14,99,58,87,3060.6,2928.9,4.0,8,0
1782920144.126,137.194,299.9,79.14,99,57,90,3055.3,2577.1,297.4,79.15,99,58,87,3173.1,3250.9,284.0,79.15,99,59,89,3182.9,3245.9,272.3,79.14,99,58,87,3112.1,2707.0,4.0,8,0
1782920144.570,137.638,299.9,79.14,99,58,90,3077.6,2533.0,297.4,79.15,99,58,87,3129.1,3244.2,284.0,79.15,99,59,89,3304.3,3094.4,272.1,79.14,99,58,87,3060.3,2830.3,4.0,8,0
1782920145.012,138.080,299.9,79.14,99,58,90,3023.7,2550.6,296.9,79.15,99,58,87,3164.4,3345.2,283.8,79.15,99,59,89,3166.0,3030.7,271.8,79.14,99,58,87,3077.5,2708.0,4.0,8,0
1782920145.455,138.523,299.9,79.14,99,57,90,3029.2,2516.1,296.4,79.15,99,58,87,3315.2,3170.4,283.5,79.15,99,59,89,3133.9,3176.4,271.6,79.14,99,58,87,3089.4,2936.4,4.0,8,0
1782920145.897,138.965,300.0,79.14,99,57,90,3007.1,2514.6,296.0,79.15,99,58,87,3213.3,3242.4,283.3,79.15,99,59,89,3159.7,3156.1,271.4,79.14,99,59,87,3048.7,2787.1,4.0,8,0
1782920146.340,139.407,300.1,79.14,99,57,90,3218.6,2549.1,296.6,79.15,99,58,87,3151.8,3235.1,284.0,79.15,99,59,89,3147.1,3265.1,271.7,79.14,99,58,87,3117.1,2769.4,4.0,8,0
1782920146.783,139.850,299.9,79.14,99,57,90,3050.3,2544.0,296.6,79.15,99,58,87,3199.6,3206.0,283.6,79.15,99,59,89,3179.7,3059.6,271.9,79.14,99,59,87,3101.5,2757.0,4.0,8,0
1782920147.227,140.294,299.9,79.14,99,57,90,3050.7,2512.4,296.1,79.15,99,58,87,3337.8,3168.9,283.2,79.15,99,59,89,3297.3,3237.8,271.6,79.14,99,58,87,3244.0,2756.5,4.0,8,0
1782920147.672,140.739,300.0,79.14,99,57,90,3199.6,2569.0,295.7,79.15,99,57,87,3180.8,4122.2,282.8,79.15,99,59,89,3225.2,3087.1,271.0,79.14,99,58,87,3078.2,2729.0,4.0,8,0
1782920148.122,141.190,299.9,79.14,99,57,90,3028.8,2604.4,295.5,79.15,99,58,87,3211.6,3232.2,282.8,79.15,99,59,89,3154.4,3072.8,271.0,79.14,99,58,87,3218.2,2807.6,4.0,8,0
1782920148.566,141.633,299.9,79.14,99,57,90,3111.1,2515.9,295.5,79.15,99,58,87,3188.7,3215.6,282.5,79.15,99,59,89,3128.1,3054.6,270.7,79.14,99,58,87,3090.5,2818.3,4.0,8,0
1782920149.008,142.076,299.9,79.14,99,57,90,3051.3,2534.1,295.8,79.15,99,57,87,3167.7,3394.9,282.3,79.15,99,59,89,3169.3,3042.4,270.4,79.14,99,58,87,3081.8,2768.1,4.0,8,0
1782920149.451,142.518,300.0,79.14,99,57,90,3028.8,2517.6,295.6,79.15,99,58,87,3208.2,3199.2,282.0,79.15,99,59,89,3153.5,3036.1,270.2,79.14,99,58,87,3074.6,2850.7,4.0,8,0
1782920149.893,142.961,300.0,79.14,99,57,90,3237.6,2511.8,295.4,79.15,99,58,87,3248.8,3209.7,282.0,79.15,99,59,89,3112.3,3176.6,270.3,79.14,99,58,87,3025.7,2758.0,4.0,8,0
1782920150.357,143.425,299.9,79.14,99,57,90,5603.9,29291.8,295.6,79.15,94,55,87,243.9,1074.3,279.2,79.15,74,43,89,5670.1,35283.1,250.7,79.14,12,3,84,270.3,837.2,3.0,1,0
1782920150.799,143.867,250.2,79.14,59,4,89,3001.4,2656.5,236.3,79.15,99,56,86,3076.6,2955.9,224.7,79.15,99,58,88,3009.0,2942.8,212.0,79.14,99,59,86,2951.1,2716.4,3.0,1,0
1782920151.242,144.309,247.0,79.14,99,60,90,2969.3,2435.6,239.9,79.15,99,60,87,3126.8,3519.3,228.7,79.15,99,61,89,3079.0,3436.1,232.9,79.14,99,60,87,3131.2,3202.0,3.0,8,0
1782920151.686,144.754,297.7,79.14,99,59,90,2925.5,2935.2,301.8,79.15,99,60,87,3587.9,3401.3,290.0,79.15,99,60,89,3124.7,3260.8,279.9,79.14,99,60,87,3019.4,3128.2,3.0,8,0
1782920152.139,145.206,301.3,79.14,99,59,90,2897.0,2455.0,302.7,79.15,99,59,87,3075.5,3352.9,291.4,79.15,99,60,89,3136.5,3328.5,279.9,79.14,99,60,87,3182.6,2994.2,3.0,8,0
1782920152.580,145.648,300.0,79.14,99,60,90,2928.9,2419.8,302.7,79.15,99,59,87,3045.7,3564.9,291.4,79.15,99,60,89,3077.2,3408.0,279.4,79.14,99,60,87,3816.9,2962.9,3.0,8,0
1782920153.026,146.094,300.0,79.14,99,60,90,2895.5,2402.5,301.1,79.15,99,60,87,3095.4,3309.1,291.4,79.15,99,61,89,3110.9,3393.2,279.3,79.14,99,60,87,3014.2,2874.0,3.0,8,0
1782920153.470,146.537,300.0,79.14,99,59,90,2906.6,2457.5,300.7,79.15,99,60,87,3270.8,3347.7,291.9,79.15,99,61,89,3124.7,3472.8,279.6,79.14,99,60,87,3042.5,2903.9,3.0,8,0
1782920153.911,146.979,300.0,79.14,99,59,90,3007.7,2458.0,300.0,79.15,99,59,87,3234.6,3329.1,291.6,79.15,99,60,89,3106.8,3304.1,279.0,79.14,99,60,87,3137.7,3043.4,3.0,8,0
1782920154.353,147.421,299.9,79.14,99,59,90,2946.4,2422.0,299.6,79.15,99,59,87,3082.3,3384.9,290.8,79.15,99,60,89,3263.2,3352.8,278.3,79.14,99,59,87,3009.6,2894.0,3.0,8,0
1782920154.796,147.864,300.0,79.14,99,59,90,2888.3,2457.9,299.8,79.15,99,60,87,3103.7,3411.5,290.6,79.15,99,60,89,3070.2,3275.8,278.3,79.14,99,60,87,3038.3,3291.9,3.0,8,0
1782920155.240,148.308,300.0,79.14,99,59,90,2900.5,2569.3,300.1,79.15,99,59,87,3116.7,3453.4,290.9,79.15,99,61,89,3119.0,3291.8,278.8,79.14,99,60,87,3013.8,2967.5,3.0,8,0
1782920155.686,148.753,300.0,79.14,99,59,90,2945.9,2410.4,299.9,79.15,99,59,87,3109.4,3533.9,290.6,79.15,99,60,89,3157.7,3393.4,278.4,79.14,99,60,87,3013.3,2938.7,3.0,8,0
1782920156.131,149.198,300.0,79.14,99,59,90,2905.5,2431.3,300.0,79.15,99,60,87,3236.2,3398.2,290.6,79.15,99,61,89,3096.3,3236.3,278.4,79.14,99,60,87,3037.4,2946.8,3.0,8,0
1782920156.573,149.641,300.0,79.14,99,59,90,2909.2,2470.0,300.0,79.15,99,60,87,3091.4,3334.4,290.6,79.15,99,61,89,3086.6,3410.7,278.4,79.14,99,60,87,3128.6,2929.9,3.0,8,0
1782920157.016,150.084,300.0,79.14,99,59,90,2906.0,2436.6,299.8,79.15,99,59,87,3087.4,3436.0,290.2,79.15,99,60,89,3088.2,3281.5,277.8,79.14,99,59,87,3113.7,3050.3,3.0,8,0
1782920157.461,150.528,299.9,79.14,99,59,90,3121.0,2477.2,299.6,79.15,99,59,87,3097.4,3295.9,289.3,79.15,99,60,89,3117.5,3410.9,277.5,79.14,99,60,87,3040.6,2977.6,3.0,8,0
1782920157.908,150.976,300.0,79.14,99,59,90,2966.4,2425.2,300.0,79.15,99,59,87,3192.2,3535.1,289.6,79.15,99,60,89,3099.5,3401.7,277.6,79.14,99,59,87,3033.3,3011.7,3.0,8,0
1782920158.351,151.419,300.0,79.14,99,59,90,3073.6,2420.0,299.8,79.15,99,59,87,3140.7,3362.7,290.0,79.15,99,60,89,3100.1,3281.7,277.6,79.14,99,60,87,3100.1,2895.3,4.0,8,0
1782920158.796,151.864,300.0,79.14,99,59,90,2952.2,2436.6,299.7,79.15,99,59,87,3272.6,3279.6,290.1,79.15,99,60,89,3134.3,3226.4,277.3,79.14,99,59,87,3019.7,3616.0,4.0,8,0
1782920159.243,152.310,300.0,79.14,99,59,90,2951.9,2436.6,299.7,79.15,99,59,87,3102.8,3429.9,289.8,79.15,99,60,89,3075.1,3530.4,276.8,79.14,99,60,87,3014.4,2877.1,4.0,8,0
1782920159.684,152.752,300.0,79.14,99,59,90,2945.5,2427.9,300.2,79.15,99,59,87,3165.3,3435.5,289.8,79.15,99,60,89,3130.0,3352.6,277.6,79.14,99,60,86,3040.1,2927.3,4.0,8,0
1782920160.131,153.198,300.0,79.14,99,59,90,2945.6,2422.6,300.0,79.15,99,59,87,3135.1,3436.8,290.4,79.15,99,60,89,3070.8,3422.5,277.6,79.14,99,60,86,3017.4,2840.0,4.0,8,0
1782920160.574,153.642,300.0,79.14,99,59,90,2925.4,2428.0,300.0,79.15,99,59,87,3245.6,3451.7,290.4,79.15,99,60,89,3084.6,3255.8,277.7,79.14,99,60,87,3127.6,3394.8,4.0,8,0
1782920161.021,154.088,300.0,79.14,99,59,90,2925.4,2424.5,299.8,79.15,99,60,87,3108.4,3523.6,290.6,79.15,99,60,89,3103.8,3459.2,277.2,79.14,99,60,87,3068.2,2950.1,4.0,8,0
1782920161.467,154.534,300.0,79.14,99,59,90,2907.2,2407.3,300.4,79.15,99,60,87,3114.8,3732.0,290.9,79.15,99,61,89,3273.5,3288.4,278.0,79.14,99,60,87,3050.9,2986.0,4.0,8,0
1782920161.913,154.980,300.1,79.14,99,59,90,2927.5,2391.6,300.5,79.15,99,59,87,3098.8,3316.9,291.3,79.15,99,60,89,3093.4,3305.0,278.4,79.14,99,60,87,3229.1,2825.8,4.0,8,0
1782920162.356,155.423,300.0,79.14,99,59,90,2980.9,2474.0,300.0,79.15,99,59,87,3047.2,3302.2,291.3,79.15,99,60,89,3095.3,3359.8,278.0,79.14,99,60,86,3056.5,2919.9,4.0,8,0
1782920162.800,155.868,299.9,79.14,99,58,90,3137.5,2456.6,299.7,79.15,99,59,87,3136.9,3325.5,290.6,79.15,99,60,89,3122.9,3305.0,277.2,79.14,99,60,87,3192.0,3064.3,4.0,8,0
1782920163.243,156.311,300.0,79.14,99,59,90,2927.9,2389.0,299.6,79.15,99,59,87,3136.7,3307.4,290.1,79.15,99,61,89,3245.0,3249.6,277.3,79.14,99,60,87,3023.2,2859.3,4.0,8,0
1782920163.685,156.753,300.1,79.14,99,59,90,2905.6,2417.7,299.9,79.15,99,59,87,3234.5,3533.0,290.4,79.15,99,60,89,3164.3,3397.3,277.3,79.14,99,60,87,3116.6,2971.2,4.0,8,0
1782920164.134,157.202,300.1,79.14,99,59,90,2937.7,2438.8,300.0,79.15,99,59,87,3079.7,3403.0,291.0,79.15,99,60,89,3133.8,3444.0,277.3,79.14,99,60,87,3023.1,2998.2,4.0,8,0
1782920164.576,157.643,300.0,79.14,99,58,90,2925.7,2390.1,300.0,79.15,99,59,87,3257.8,3417.7,291.0,79.15,99,60,89,3129.9,3299.7,277.5,79.14,99,60,86,3016.3,2943.3,4.0,8,0
1782920165.019,158.086,300.0,79.14,99,58,90,3112.1,2449.5,299.8,79.15,99,59,87,3118.3,3461.3,290.8,79.15,99,60,89,3105.3,3382.5,277.4,79.14,99,60,86,3052.9,3057.6,4.0,8,0
1782920165.462,158.530,300.0,79.14,99,59,90,2946.3,2434.4,299.6,79.15,99,59,87,3128.6,3339.2,290.4,79.15,99,60,89,3119.2,3361.5,277.5,79.14,99,60,86,3132.4,2928.6,4.0,8,0
1782920165.907,158.975,300.0,79.14,99,59,90,2946.2,2442.3,300.0,79.15,99,59,87,3167.8,3477.1,291.3,79.15,99,60,89,3085.5,3321.9,277.6,79.14,99,60,86,3024.9,3070.9,4.0,8,0
1782920166.356,159.423,300.0,79.14,99,59,90,2950.9,2465.3,300.2,79.15,99,60,87,3115.7,3416.2,291.8,79.15,99,61,89,3204.1,3261.4,278.2,79.14,99,60,86,3012.2,2981.7,4.0,8,0
1782920166.799,159.867,299.9,79.14,99,59,90,2929.5,2425.9,299.9,79.15,99,59,87,3224.3,3466.6,291.2,79.15,99,60,89,3113.6,3250.0,277.9,79.14,99,60,86,2994.1,2979.0,4.0,8,0
1782920167.242,160.310,299.9,79.14,99,59,90,2922.3,2458.5,300.1,79.15,99,60,87,3113.0,3535.4,291.3,79.15,100,61,89,3141.8,3457.5,277.9,79.14,99,60,86,3001.1,2994.9,4.0,8,0
1782920167.685,160.752,300.1,79.14,99,59,90,2900.9,2412.2,300.4,79.15,99,60,87,3185.0,3515.7,291.9,79.15,99,61,89,3113.8,3693.9,278.7,79.14,99,60,86,3043.2,2916.5,4.0,8,0
1782920168.131,161.199,300.1,79.14,99,59,90,2945.5,2409.3,300.4,79.15,99,60,87,3053.6,3394.3,292.5,79.15,99,61,89,3185.0,3136.9,278.7,79.14,99,60,86,3053.8,2819.5,4.0,8,0
1782920168.574,161.642,299.9,79.14,99,59,90,2946.0,2609.7,300.4,79.15,99,60,87,3094.0,3124.9,292.5,79.15,99,61,89,3112.5,3260.0,278.4,79.14,99,60,86,3016.9,3106.8,4.0,8,0
1782920169.019,162.086,299.9,79.14,99,59,90,2906.1,2459.6,299.7,79.15,99,59,87,3069.3,3446.2,291.9,79.15,99,60,89,3250.7,3321.2,277.2,79.14,99,60,86,2106.9,1948.5,4.0,8,0
1782920169.536,162.603,300.0,79.14,99,59,90,6306.5,9606.8,299.3,79.15,99,60,87,3353.6,2898.2,291.4,79.15,99,61,89,3207.6,3212.2,262.4,79.14,38,2,84,3313.3,2631.2,3.0,8,0
1782920169.987,163.054,255.4,79.14,77,5,88,3014.4,2520.5,230.9,79.15,69,38,85,3061.6,3050.0,225.0,79.15,95,50,88,3281.5,2985.6,216.6,79.14,99,58,86,3004.8,2679.6,3.0,8,0
1782920170.429,163.496,239.9,79.14,99,58,90,2946.9,2477.3,229.6,79.15,99,59,86,3131.3,3328.1,222.3,79.15,99,60,89,3096.7,3284.5,215.0,79.14,99,59,86,3085.7,2804.7,3.0,8,0
1782920170.873,163.941,291.7,79.14,99,58,90,3233.7,2497.4,291.5,79.15,99,59,86,3237.8,3207.4,283.3,79.15,99,60,89,3116.8,3225.8,274.4,79.14,99,59,86,3089.7,2804.8,3.0,8,0
1782920171.316,164.384,302.7,79.14,99,57,90,3048.5,2518.5,298.7,79.15,99,57,86,3153.2,3331.3,286.9,79.15,99,59,89,3146.7,3076.1,272.4,79.14,99,58,86,3098.2,2776.4,3.0,8,0
1782920171.758,164.826,299.9,79.14,99,58,90,3203.1,2604.9,296.5,79.15,99,58,86,3156.8,3281.9,285.0,79.15,99,59,89,3123.5,3159.0,270.4,79.14,99,58,86,3027.6,2941.2,3.0,8,0
1782920172.205,165.272,300.0,79.14,99,58,90,3032.2,2690.1,296.4,79.15,99,58,86,3184.3,3273.2,284.6,79.15,99,59,89,3156.5,3012.5,270.9,79.14,99,58,86,3300.6,2744.7,3.0,8,0
1782920172.647,165.715,300.0,79.14,99,57,90,3207.7,2539.2,296.3,79.15,99,58,86,3159.9,3463.9,284.3,79.15,99,59,89,3916.7,3222.3,270.9,79.14,99,58,86,3093.3,2779.7,3.0,8,0
1782920173.099,166.167,299.8,79.14,99,57,90,3035.0,2639.9,296.3,79.15,99,58,86,3167.5,3233.7,284.3,79.15,99,59,89,3136.3,3144.0,271.1,79.14,99,58,86,3313.1,2741.0,3.0,8,0
1782920173.542,166.610,299.8,79.14,99,57,90,3175.0,2536.9,295.1,79.15,99,57,86,3167.2,3211.7,283.3,79.15,99,58,89,3098.6,3251.6,269.8,79.14,99,58,86,3046.8,2794.2,3.0,8,0
1782920173.984,167.052,300.1,79.14,99,57,90,3089.0,2542.8,294.9,79.15,99,58,86,3145.2,3256.8,283.4,79.15,99,59,89,3110.8,3334.3,269.8,79.14,99,58,86,3092.5,2847.2,3.0,8,0
1782920174.426,167.494,300.2,79.14,99,57,90,3028.8,2490.5,295.6,79.15,99,58,86,3171.7,3230.4,283.9,79.15,99,59,89,3324.7,3176.4,270.6,79.14,99,58,86,3124.8,2789.2,3.0,8,0
1782920174.868,167.936,300.1,79.14,99,58,90,3054.1,2512.1,295.7,79.15,99,58,86,3180.7,3386.6,284.0,79.15,99,59,89,3125.2,3081.5,270.7,79.14,99,58,86,3045.7,2755.3,3.0,8,0
1782920175.313,168.380,299.9,79.14,99,57,90,3031.7,2645.2,295.1,79.15,99,57,86,3185.8,3218.7,283.5,79.15,99,58,89,3153.1,3077.3,270.0,79.14,99,58,86,3152.0,2786.3,3.0,8,0
1782920175.755,168.822,299.9,79.14,99,57,90,3278.7,2745.1,295.2,79.15,99,58,86,3136.9,3407.3,283.5,79.15,99,59,89,3124.7,3092.2,270.0,79.14,99,58,86,3071.1,2842.6,3.0,8,0
1782920176.209,169.276,300.1,79.14,99,58,90,2996.7,2514.4,295.7,79.15,99,58,86,3172.0,3353.0,284.2,79.15,99,59,89,3117.4,3136.8,270.7,79.14,99,58,86,3086.5,2829.9,3.0,8,0
1782920176.652,169.719,300.1,79.14,99,58,90,3012.0,2503.4,296.0,79.15,99,58,86,3230.2,3330.8,284.6,79.15,99,59,89,3209.7,3391.4,270.7,79.14,99,58,86,3302.0,2723.2,3.0,8,0
1782920177.101,170.169,300.0,79.14,99,57,90,3194.9,2494.6,296.0,79.15,99,58,86,3188.3,3366.1,284.6,79.15,99,59,89,3114.4,3238.5,270.8,79.14,99,58,86,3054.6,2777.1,4.0,8,0
1782920177.966,171.033,299.9,79.14,99,57,90,3070.7,2591.6,295.8,79.15,99,58,86,3168.8,3121.5,284.6,79.15,99,59,89,3234.5,3035.8,270.9,79.14,99,58,86,3114.0,2768.0,4.0,8,0
1782920178.411,171.478,299.7,79.14,99,57,90,3053.0,2692.9,294.5,79.15,99,57,86,3203.4,3172.1,283.3,79.15,99,58,89,3145.3,3051.4,269.0,79.14,99,58,86,3299.5,2760.5,4.0,8,0
1782920178.853,171.920,299.4,79.14,99,57,90,3118.4,2544.5,292.4,79.15,99,57,86,3148.0,3134.5,281.6,79.15,99,58,89,3205.2,3021.6,267.1,79.14,99,58,86,3105.3,2813.1,4.0,8,0
1782920179.297,172.365,299.6,79.14,99,57,90,3220.6,2545.0,291.5,79.15,99,57,86,3183.1,3265.4,280.4,79.15,99,58,89,3161.4,3158.5,266.4,79.14,99,58,86,3103.9,2778.2,4.0,8,0
1782920179.740,172.807,300.0,79.14,99,57,90,3098.4,2582.8,291.5,79.15,99,57,86,3556.6,3185.0,280.4,79.15,99,59,89,3159.8,2996.1,266.7,79.14,99,58,86,3260.6,2729.1,4.0,8,0
1782920180.189,173.256,300.0,79.14,99,57,90,3050.4,2554.5,291.8,79.15,99,58,86,3149.9,3171.0,280.7,79.15,99,59,89,3325.6,3055.5,267.3,79.14,99,58,86,3125.0,2735.8,4.0,8,0
1782920180.634,173.702,299.9,79.14,99,57,90,3053.5,2647.7,291.9,79.15,99,57,86,3185.6,3205.4,280.6,79.15,99,58,89,3326.5,3231.7,267.3,79.14,99,58,86,3206.7,2772.4,4.0,8,0
1782920181.084,174.152,300.0,79.14,99,57,90,3052.9,2664.2,291.9,79.15,99,57,86,3186.9,3188.3,280.6,79.15,99,58,89,3141.1,2961.7,266.8,79.14,99,58,86,3243.2,2775.9,4.0,8,0
1782920181.528,174.595,300.0,79.14,99,57,90,3072.9,2535.5,291.9,79.15,99,57,86,3179.1,3295.0,280.7,79.15,99,59,89,3129.6,3047.5,266.2,79.14,99,58,86,3089.3,2736.0,4.0,8,0
1782920181.970,175.038,299.9,79.14,99,57,90,3077.2,2739.5,291.9,79.15,99,57,86,3215.6,3182.7,281.1,79.15,99,59,89,3163.9,2999.0,266.7,79.14,99,57,86,3297.9,2733.9,4.0,8,0
1782920182.413,175.481,300.0,79.14,99,57,90,3071.4,2554.7,291.9,79.15,99,57,86,3149.5,3297.3,280.8,79.15,99,59,89,3181.4,3045.9,266.7,79.14,99,58,86,3100.8,2694.5,4.0,8,0
1782920182.864,175.932,299.9,79.14,99,57,90,3037.3,2534.3,291.5,79.15,99,57,86,3180.7,3190.3,280.1,79.15,99,59,89,3167.0,3101.6,266.4,79.14,99,58,86,3087.3,2759.5,4.0,8,0
1782920183.311,176.378,299.9,79.14,99,57,90,3200.6,2581.6,291.4,79.15,99,58,86,3166.6,3194.0,280.2,79.15,99,59,89,3163.1,3097.1,266.5,79.14,99,58,86,3141.7,2742.9,4.0,8,0
1782920183.755,176.823,300.2,79.14,99,57,90,3359.9,2698.4,291.1,79.15,99,57,86,3189.4,3165.9,280.1,79.15,99,58,89,3143.1,3065.3,266.5,79.14,99,58,86,3298.4,2882.3,4.0,8,0
1782920184.204,177.271,300.1,79.14,99,57,90,3100.1,2552.9,291.3,79.15,99,57,86,3159.2,3224.1,280.5,79.15,99,59,89,3154.3,3031.9,266.5,79.14,99,58,86,3086.1,2780.0,4.0,8,0
1782920184.646,177.713,299.9,79.14,99,57,90,3043.4,2714.0,291.2,79.15,99,58,86,3235.8,3713.6,280.5,79.15,99,59,89,3165.2,3362.6,266.5,79.14,99,58,86,3462.9,2780.0,4.0,8,0
1782920185.097,178.164,299.9,79.14,99,57,90,3050.1,2717.7,291.2,79.15,99,58,86,3196.7,3123.8,280.5,79.15,99,59,89,3147.2,3034.5,266.3,79.14,99,58,86,3246.7,2730.3,4.0,8,0
1782920185.539,178.607,299.9,79.14,99,57,90,3041.4,2590.0,290.7,79.15,99,57,86,3143.5,3101.8,280.0,79.15,99,59,89,3314.1,3033.5,265.9,79.14,99,58,86,3121.0,2787.4,4.0,8,0
1782920185.984,179.051,300.1,79.14,99,57,90,3114.2,2742.6,290.8,79.15,99,57,86,3186.4,3199.6,280.0,79.15,99,58,89,3138.3,3103.3,266.0,79.14,99,58,86,3126.6,2785.3,4.0,8,0
1782920186.431,179.498,300.2,79.14,99,57,90,3037.2,2568.4,291.1,79.15,99,58,86,3362.5,3133.2,280.0,79.15,99,59,89,3135.4,2991.5,266.4,79.14,99,58,86,3104.1,2930.2,4.0,8,0
1782920186.874,179.941,299.9,79.14,99,57,90,3245.2,2565.4,290.7,79.15,99,58,86,3183.0,3196.7,279.7,79.15,99,59,89,3139.9,3043.2,266.1,79.14,99,58,86,3130.4,2682.3,4.0,8,0
1782920187.316,180.384,299.8,79.14,99,57,90,3081.2,2565.1,290.4,79.15,99,57,86,3342.1,3120.2,279.5,79.15,99,58,89,3176.4,3007.7,265.6,79.14,99,58,86,3046.3,264.4,4.0,8,0
1782920187.826,180.894,298.6,79.14,88,47,88,1662.7,7522.3,265.7,79.15,74,3,84,3204.3,2956.0,255.0,79.15,78,3,86,3162.7,2952.9,220.1,79.14,14,4,83,3169.8,3041.5,3.0,1,0
1782920188.275,181.342,238.3,79.14,99,55,90,3089.8,2741.8,225.9,79.15,99,57,85,3183.1,2968.6,223.7,79.15,99,58,88,3348.6,2930.4,208.3,79.14,99,58,85,3060.4,2723.1,3.0,8,0
1782920188.718,181.785,245.5,79.14,99,56,90,3311.8,2750.9,240.1,79.15,99,57,86,3329.9,3013.9,245.3,79.15,99,58,88,3459.7,2855.4,247.8,79.14,99,57,85,3100.5,2661.2,3.0,8,0
1782920189.163,182.230,302.5,79.14,99,57,90,3114.6,2736.1,289.0,79.15,99,56,86,3161.7,3070.2,278.2,79.15,99,58,88,3118.8,3051.7,247.8,79.14,99,57,85,3097.2,2702.7,3.0,8,0
1782920189.606,182.673,301.7,79.14,99,56,90,3106.1,2540.7,289.0,79.15,99,56,86,3316.1,3135.4,278.2,79.15,99,58,88,3166.6,3253.1,264.9,79.14,99,57,85,3276.2,2917.2,3.0,8,0
1782920190.053,183.120,301.7,79.14,99,56,90,3115.0,2560.1,288.5,79.15,99,57,86,3136.0,3217.6,277.9,79.15,99,58,88,3174.6,3005.7,264.3,79.14,99,57,85,3144.9,2787.1,3.0,8,0
1782920190.495,183.563,301.3,79.14,99,57,90,3257.1,2640.9,289.6,79.15,99,57,86,3202.4,3148.6,279.3,79.15,99,58,88,3182.1,2871.3,265.1,79.14,99,57,85,3137.5,2699.7,3.0,8,0
1782920190.937,184.005,300.5,79.14,99,56,90,3099.3,2555.5,289.4,79.15,99,57,86,3370.0,3141.5,278.8,79.15,99,58,88,3171.3,2994.4,264.8,79.14,99,58,85,3247.2,2881.1,3.0,8,0
1782920191.382,184.449,300.1,79.14,99,56,90,3051.6,2591.9,288.9,79.15,99,57,86,3178.2,3234.2,278.4,79.15,99,58,88,3194.0,2928.6,264.5,79.14,99,57,85,3077.9,2801.9,3.0,8,0
1782920191.825,184.892,300.2,79.14,99,57,90,3181.0,2563.9,289.4,79.15,99,57,86,3224.6,3097.7,279.0,79.15,99,58,89,3233.0,3158.2,265.1,79.14,99,58,85,3127.6,2903.8,3.0,8,0
1782920192.269,185.336,300.3,79.14,99,57,90,3076.3,2570.1,289.9,79.15,99,57,86,3399.3,3180.2,279.4,79.15,99,58,88,3178.5,2926.9,265.1,79.14,99,57,85,3094.5,2824.1,3.0,8,0
1782920192.712,185.779,299.9,79.14,99,57,90,3101.4,2578.1,289.0,79.15,99,57,85,3550.7,3126.7,278.9,79.15,99,58,88,3120.9,2980.2,264.9,79.14,99,58,85,3080.2,3093.1,3.0,8,0
1782920193.165,186.232,299.9,79.14,99,57,90,3081.2,2562.9,289.1,79.15,99,57,85,3222.0,3334.5,278.8,79.15,99,58,88,3160.2,2906.4,264.9,79.14,99,58,85,3105.7,2727.7,3.0,8,0
1782920193.606,186.674,300.1,79.14,99,57,90,3185.9,2591.7,289.1,79.15,99,57,85,3212.4,3133.9,278.8,79.15,99,58,88,3148.3,3087.3,265.0,79.14,99,58,85,3099.7,3215.9,3.0,8,0
1782920194.051,187.118,300.1,79.14,99,57,90,3114.0,2622.6,289.9,79.15,99,57,86,3295.1,3192.2,279.1,79.15,99,58,88,3165.1,3101.8,265.3,79.14,99,58,85,3102.8,2881.0,3.0,8,0
1782920194.493,187.560,300.2,79.14,99,57,90,3043.2,2721.5,290.6,79.15,99,58,85,3200.9,3204.6,279.4,79.15,99,59,88,3162.1,3083.8,265.8,79.14,99,58,85,3151.1,2758.9,3.0,8,0
1782920194.933,188.001,300.6,79.14,99,57,90,3072.4,2563.1,291.0,79.15,99,57,85,3176.9,3193.2,280.0,79.15,99,59,88,3197.9,2972.7,266.6,79.14,99,58,85,3095.9,2679.8,3.0,8,0
1782920195.376,188.444,300.1,79.14,99,57,90,3037.9,2513.4,290.8,79.15,99,57,85,3323.4,3220.7,280.1,79.15,99,59,88,3185.5,3043.8,266.6,79.14,99,58,85,3101.6,3018.7,3.0,8,0
1782920195.819,188.886,300.0,79.14,99,57,90,3219.1,2554.7,291.0,79.15,99,57,85,3171.4,3233.5,280.3,79.15,99,59,88,3142.0,3174.9,266.7,79.14,99,58,85,3395.0,2789.3,4.0,8,0
1782920196.264,189.331,300.3,79.14,99,57,90,3053.3,2533.0,291.1,79.15,99,57,85,3327.9,3230.2,280.6,79.15,99,59,88,3154.6,3052.2,267.1,79.14,99,58,85,3068.5,2911.8,4.0,8,0
1782920196.709,189.777,300.0,79.14,99,57,90,3317.4,2538.7,291.0,79.15,99,57,85,3587.0,3151.5,280.6,79.15,99,58,88,3179.0,3013.8,266.7,79.14,99,58,85,3073.4,2954.0,4.0,8,0
1782920197.158,190.225,299.9,79.14,99,57,90,3200.3,2590.7,291.0,79.15,99,58,85,3198.8,3152.0,280.7,79.15,99,59,88,3149.7,3233.5,266.7,79.14,99,58,85,3122.2,2774.3,4.0,8,0
1782920197.600,190.667,299.9,79.14,99,57,90,3065.0,2534.7,291.0,79.15,99,58,85,3166.6,3384.5,280.7,79.15,99,59,88,3156.8,3070.3,266.6,79.14,99,58,85,3084.9,2771.2,4.0,8,0
1782920198.043,191.110,299.9,79.14,99,57,90,3051.9,2673.3,291.3,79.15,99,58,85,3145.7,3155.4,280.9,79.15,99,59,88,3213.5,3092.8,267.0,79.14,99,58,85,3250.0,2712.8,4.0,8,0
1782920198.487,191.555,300.3,79.14,99,57,90,3051.0,2564.4,291.9,79.15,99,58,85,3157.1,3185.9,281.4,79.15,99,59,88,3296.1,3005.1,267.2,79.14,99,58,85,3107.1,2766.9,4.0,8,0
1782920198.930,191.997,300.2,79.14,99,57,90,3050.4,2719.7,292.1,79.15,99,58,85,3214.6,3193.6,281.6,79.15,99,59,88,3127.2,3050.0,267.0,79.14,99,58,85,3086.5,2917.5,4.0,8,0
1782920199.376,192.443,299.9,79.14,99,57,90,3202.1,2567.8,292.0,79.15,99,58,85,3189.7,3132.6,281.3,79.15,99,59,88,3168.2,3088.4,267.1,79.14,99,58,85,3128.5,2777.3,4.0,8,0
1782920199.818,192.885,300.0,79.14,99,57,90,3069.9,2518.0,291.8,79.15,99,58,85,3123.9,3212.1,281.2,79.15,99,59,89,3186.6,3104.9,267.0,79.14,99,58,85,3438.2,2798.7,4.0,8,0
1782920200.262,193.330,300.1,79.14,99,57,90,3028.7,2710.2,291.9,79.15,99,58,85,3231.0,3176.3,281.2,79.15,99,59,88,3133.5,2997.1,267.1,79.14,99,58,85,3257.9,2740.8,4.0,8,0
1782920200.705,193.772,300.0,79.14,99,57,90,3059.6,2691.4,291.4,79.15,99,58,85,3135.5,3206.1,281.1,79.15,99,59,88,3314.2,3032.7,266.6,79.14,99,58,85,3061.2,2736.7,4.0,8,0
1782920201.151,194.219,299.7,79.14,99,57,90,3070.3,2670.3,290.8,79.15,99,57,85,3175.7,3139.5,280.7,79.15,99,59,88,3120.0,3017.1,266.6,79.14,99,58,85,3289.3,2705.7,4.0,8,0
1782920201.593,194.660,300.1,79.14,99,57,90,3256.7,2501.5,290.8,79.15,99,57,85,3182.7,3173.1,280.7,79.15,99,59,88,3127.3,3213.0,266.3,79.14,99,58,85,3087.6,2847.5,4.0,8,0
1782920202.035,195.102,300.1,79.14,99,57,90,3047.5,2528.0,291.0,79.15,99,58,85,3161.1,3325.8,281.0,79.15,99,59,88,3173.0,3091.0,266.9,79.14,99,58,85,3093.7,2770.3,4.0,8,0
1782920202.477,195.544,300.0,79.14,99,57,90,3052.5,2541.0,291.3,79.15,99,58,85,3211.0,3164.4,281.1,79.15,99,59,88,3119.9,2994.0,267.2,79.14,99,58,85,3088.8,2789.3,4.0,8,0
1782920202.918,195.986,300.0,79.14,99,57,90,3216.2,2584.6,291.3,79.15,99,58,85,3180.0,3126.2,280.8,79.15,99,59,88,3418.3,3238.9,266.9,79.14,99,59,85,3099.0,2819.9,4.0,8,0
1782920203.366,196.433,300.0,79.14,99,57,90,3052.3,2619.1,290.8,79.15,99,58,85,3294.7,3125.7,281.1,79.15,99,59,88,3109.6,3058.2,266.5,79.14,99,58,85,3098.6,2977.0,4.0,8,0
1782920203.805,196.873,299.9,79.14,99,57,90,3074.4,2607.2,290.7,79.15,99,57,85,3187.4,3170.7,281.0,79.15,99,59,88,3359.5,2943.7,266.4,79.14,99,58,85,3108.6,2763.0,4.0,8,0
1782920204.252,197.319,300.0,79.14,99,57,90,3073.5,2588.1,290.1,79.15,99,57,85,3340.7,3224.2,280.6,79.15,99,58,88,3126.0,3044.3,266.4,79.14,99,58,85,3116.9,2873.6,4.0,8,0
1782920204.692,197.760,299.9,79.14,99,57,90,3265.3,2594.6,289.7,79.15,99,58,85,3211.8,3128.1,280.2,79.15,99,59,88,3149.4,3241.1,265.7,79.14,99,58,85,3122.9,2758.9,4.0,8,0
1782920205.135,198.202,299.8,79.14,99,57,90,3068.5,2558.2,289.5,79.15,99,58,85,3169.1,3250.5,280.4,79.15,99,59,88,3170.8,2944.6,265.7,79.14,99,58,85,3070.5,2725.4,4.0,8,0
1782920205.575,198.643,300.2,79.14,99,57,90,3051.3,2573.5,289.5,79.15,99,58,85,3333.0,2157.0,280.4,79.15,99,59,88,63.6,66.9,265.6,79.14,99,58,85,46.8,87.7,4.0,8,0
1782920206.025,199.093,300.2,79.14,99,57,90,1059.8,3533.7,290.1,79.15,99,58,85,3196.7,2877.4,280.7,79.15,99,59,88,3144.6,2929.0,250.1,79.14,15,3,83,3018.2,2601.9,3.0,1,0
1782920206.467,199.535,249.3,79.14,46,5,87,2947.8,2449.6,232.5,79.15,81,45,84,3093.9,3156.1,218.2,79.15,97,57,87,3098.5,3057.5,210.5,79.14,99,60,84,3039.1,2754.8,3.0,1,0
1782920206.914,199.981,240.8,79.14,99,59,90,2946.3,2488.3,230.6,79.15,99,60,85,3133.8,3496.4,222.1,79.15,99,60,88,3246.1,3231.4,214.9,79.14,99,59,85,3012.8,3140.0,3.0,8,0
1782920207.360,200.427,280.0,79.14,99,59,90,2973.9,2645.2,298.6,79.15,99,59,85,3163.7,3280.2,288.8,79.15,99,60,88,3052.4,3226.0,274.6,79.14,99,59,85,3045.9,3015.9,3.0,8,0
1782920207.801,200.869,302.2,79.14,99,58,90,3011.7,2479.2,298.3,79.15,99,59,85,3132.1,3540.7,288.1,79.15,99,60,88,3100.8,3248.3,274.0,79.14,99,59,85,3075.1,2869.2,3.0,8,0
1782920208.244,201.311,299.9,79.14,99,58,90,2966.6,2618.0,297.2,79.15,99,58,85,3150.7,3455.7,287.1,79.15,99,59,88,3123.5,3139.0,273.2,79.14,99,59,85,3036.5,2770.2,3.0,8,0
1782920208.688,201.756,299.8,79.14,99,57,90,3031.5,2750.7,296.5,79.15,99,58,85,3133.2,4025.6,286.4,79.15,99,59,88,3108.7,3081.8,272.0,79.14,99,58,85,3022.4,2797.4,3.0,8,0
1782920209.137,202.204,299.9,79.14,99,58,90,2946.3,2459.1,296.1,79.15,99,59,85,3132.5,3509.1,286.1,79.15,99,60,88,3218.7,3270.6,272.0,79.14,99,58,85,3028.9,2810.3,3.0,8,0
1782920209.580,202.648,300.1,79.14,99,58,90,3152.1,2460.4,296.1,79.15,99,59,85,3148.4,3358.4,286.1,79.15,99,60,88,3117.0,3170.5,272.5,79.14,99,60,85,3203.4,2938.4,3.0,8,0
1782920210.024,203.091,300.1,79.14,99,58,90,2985.8,2591.8,296.2,79.15,99,59,85,3169.9,3313.4,286.7,79.15,99,60,88,3096.6,3070.6,272.5,79.14,99,59,85,3029.6,3093.5,3.0,8,0
1782920210.466,203.533,300.1,79.14,99,58,90,2994.5,2456.1,296.4,79.15,99,58,85,3149.2,3347.7,286.9,79.15,99,60,88,3267.8,3320.1,272.8,79.14,99,60,85,3008.9,2842.8,3.0,8,0
1782920210.906,203.974,300.0,79.14,99,58,90,3197.2,2451.7,297.2,79.15,99,59,85,3206.6,3951.5,287.7,79.15,99,60,89,3105.1,3267.8,273.6,79.14,99,59,85,3070.2,2808.0,3.0,8,0
1782920211.352,204.420,300.0,79.14,99,58,90,3028.6,2657.8,297.6,79.15,99,59,85,3156.2,3296.1,288.2,79.15,99,60,88,3147.5,3096.4,273.7,79.14,99,59,85,3246.1,2796.2,3.0,8,0
1782920211.795,204.863,299.8,79.14,99,58,90,3218.9,2543.1,296.4,79.15,99,58,85,3172.9,3281.4,287.2,79.15,99,59,88,3098.5,3193.2,271.8,79.14,99,58,85,3286.2,3120.4,3.0,8,0
1782920212.244,205.311,299.6,79.14,99,57,90,2982.0,2513.4,293.9,79.15,99,58,85,3126.4,3346.1,284.9,79.15,99,59,88,3407.9,3153.2,269.9,79.14,99,59,85,3065.1,2786.8,3.0,8,0
1782920212.689,205.757,299.7,79.14,99,57,90,2969.4,2508.5,292.9,79.15,99,58,85,3408.0,3450.9,283.6,79.15,99,59,88,3125.0,3314.4,269.4,79.14,99,59,85,3080.8,2799.6,3.0,8,0
1782920213.141,206.209,300.1,79.14,99,58,90,3030.4,2617.1,293.7,79.15,99,58,85,3168.1,3381.2,284.5,79.15,99,59,88,3128.7,3024.9,269.4,79.14,99,59,85,3106.2,2772.2,3.0,8,0
1782920213.588,206.656,299.9,79.14,99,57,90,3025.9,2532.4,293.7,79.15,99,58,85,3293.7,3184.2,284.5,79.15,99,59,88,3109.0,3045.6,269.7,79.14,99,58,85,3090.8,2927.0,3.0,8,0
1782920214.032,207.099,299.9,79.14,99,57,90,3009.4,2648.7,293.7,79.15,99,58,85,3144.1,3239.4,283.8,79.15,99,59,88,3111.2,3124.0,269.6,79.14,99,59,85,3063.9,3020.5,4.0,8,0
1782920214.474,207.541,299.9,79.14,99,57,90,3023.5,2675.9,293.6,79.15,99,58,85,3164.1,3211.0,283.9,79.15,99,59,89,3094.3,3041.7,269.6,79.14,99,58,85,3205.4,2758.9,4.0,8,0
1782920214.916,207.983,300.0,79.14,99,58,90,3055.2,2563.4,293.9,79.15,99,58,85,3153.8,3184.3,284.4,79.15,99,60,88,3087.5,3090.8,269.7,79.14,99,59,85,3197.3,2746.6,4.0,8,0
1782920215.358,208.425,300.0,79.14,99,58,90,2966.8,2537.1,293.5,79.15,99,58,85,3161.3,3325.5,284.0,79.15,99,59,88,3098.9,3142.1,269.2,79.14,99,58,85,3233.8,2815.2,4.0,8,0
1782920215.800,208.868,300.2,79.14,99,58,90,3034.9,2665.5,294.4,79.15,99,58,85,3175.5,3153.1,284.4,79.15,99,59,89,3137.5,3067.6,269.8,79.14,99,59,85,3272.6,2864.6,4.0,8,0
1782920216.242,209.310,300.0,79.14,99,57,90,3047.4,2630.3,294.4,79.15,99,58,85,3183.1,3242.3,284.8,79.15,99,59,89,3101.6,3034.3,270.3,79.14,99,59,85,3213.7,2844.5,4.0,8,0
1782920216.685,209.753,299.9,79.14,99,58,90,3144.3,2470.5,293.9,79.15,99,58,85,3274.5,3354.6,284.6,79.15,99,59,89,3178.5,3226.4,269.8,79.14,99,59,85,3111.4,2772.6,4.0,8,0
1782920217.130,210.197,300.0,79.14,99,58,90,3052.9,2513.6,293.8,79.15,99,58,85,3186.2,3288.9,284.6,79.15,99,59,89,3109.2,3461.1,269.8,79.14,99,59,85,3084.8,2775.8,4.0,8,0
1782920217.576,210.643,300.0,79.14,99,58,90,3003.2,2477.5,293.8,79.15,99,58,85,3171.3,3269.0,284.6,79.15,99,59,89,3274.5,3034.2,269.5,79.14,99,59,85,3095.5,3325.6,4.0,8,0
1782920218.023,211.091,300.0,79.14,99,58,90,2992.7,2512.5,293.9,79.15,99,59,85,3245.3,3335.4,284.7,79.15,99,59,89,3131.5,3098.5,269.7,79.14,99,59,85,3065.2,2845.2,4.0,8,0
1782920218.466,211.533,300.1,79.14,99,58,90,3040.4,2519.5,294.5,79.15,99,58,85,3137.1,3426.8,285.4,79.15,99,60,89,3119.2,3127.2,270.8,79.14,99,59,85,3105.0,2750.9,4.0,8,0
1782920218.908,211.975,300.2,79.14,99,58,90,3051.2,2529.1,294.8,79.15,99,58,85,3189.1,3418.8,285.3,79.15,99,59,89,3132.0,3047.8,270.7,79.14,99,59,85,3053.1,2704.1,4.0,8,0
1782920219.353,212.421,299.8,79.14,99,57,90,3029.8,2480.9,294.1,79.15,99,59,85,3264.7,3284.7,284.3,79.15,99,60,89,3130.1,3091.2,269.9,79.14,99,59,85,3042.9,2742.5,4.0,8,0
1782920219.795,212.863,299.9,79.14,99,58,90,3027.8,2490.4,293.9,79.15,99,58,85,3323.3,3226.8,284.5,79.15,99,60,89,3081.3,3036.0,270.0,79.14,99,59,85,3059.6,3432.7,4.0,8,0
1782920220.239,213.307,300.1,79.14,99,58,90,3030.5,2468.5,294.2,79.15,99,58,85,3354.1,3333.7,285.3,79.15,99,60,89,3125.6,3067.4,270.6,79.14,99,59,85,3035.7,2814.1,4.0,8,0
1782920220.684,213.751,300.0,79.14,99,58,90,2981.0,2500.8,294.3,79.15,99,59,85,3321.2,3385.5,285.6,79.15,99,60,89,3131.8,3170.7,270.7,79.14,99,60,85,3079.8,2997.8,4.0,8,0
1782920221.128,214.196,300.0,79.14,99,58,90,3007.4,2599.1,294.4,79.15,99,58,85,3172.4,3301.8,285.6,79.15,99,60,89,3098.5,3008.8,270.7,79.14,99,60,85,3027.1,2957.4,4.0,8,0
1782920221.570,214.638,300.0,79.14,99,58,90,3030.2,2597.2,294.4,79.15,99,58,85,3158.0,3284.4,285.8,79.15,99,60,89,3115.2,3027.6,270.5,79.14,99,59,85,3046.7,3082.1,4.0,8,0
1782920222.013,215.081,299.9,79.14,99,58,90,3021.9,2553.6,294.3,79.15,99,58,85,3177.1,3179.4,285.3,79.15,99,59,89,3149.4,3095.8,270.0,79.14,99,59,85,3078.4,2976.0,4.0,8,0
1782920222.455,215.523,300.0,79.14,99,58,90,2988.9,2484.3,294.3,79.15,99,58,85,3148.8,3208.3,285.5,79.15,99,60,89,3108.8,3100.4,270.1,79.14,99,59,85,3022.3,2789.9,4.0,8,0
1782920222.902,215.970,300.1,79.14,99,58,90,3006.6,2647.4,294.2,79.15,99,58,85,3507.5,3264.6,285.3,79.15,99,60,89,3154.7,3234.4,270.3,79.14,99,59,85,3038.3,2791.4,4.0,8,0
1782920223.353,216.420,299.9,79.14,99,58,90,3029.7,2510.5,294.0,79.15,99,59,85,3136.8,3285.8,285.2,79.15,99,60,89,3267.2,3181.6,270.8,79.14,99,59,85,3074.6,2730.1,4.0,8,0
1782920223.795,216.862,299.9,79.14,99,58,90,3088.2,2546.7,294.3,79.15,99,58,85,3153.5,3318.5,285.1,79.15,99,59,89,3205.1,3052.1,270.3,79.14,99,59,85,3031.6,2672.8,4.0,8,0
1782920224.236,217.303,300.1,79.14,99,58,90,368.6,4804.9,294.0,79.15,99,58,85,69.2,68.0,284.7,79.15,99,59,89,906.0,4713.5,266.0,79.14,73,42,85,624.9,4819.0,4.0,8,0
1782920224.678,217.745,251.8,79.14,32,4,87,3269.2,2675.1,229.9,79.15,14,5,82,3149.9,3031.8,221.6,79.15,78,10,86,3175.2,3003.9,211.4,79.14,99,57,84,3033.4,2890.2,3.0,8,0
1782920225.126,218.193,244.9,79.14,99,58,90,3022.7,2705.5,229.9,79.15,14,5,82,3162.9,2993.7,221.6,79.15,78,10,86,3113.5,2935.1,211.4,79.14,99,57,84,3217.2,2669.9,3.0,8,0
1782920225.566,218.634,244.9,79.14,99,58,90,3012.9,2681.6,225.5,79.15,99,59,85,3153.9,3205.8,220.6,79.15,99,59,88,3143.8,3126.9,211.8,79.14,99,59,85,3191.3,2792.4,3.0,8,0
1782920226.006,219.074,294.2,79.14,99,57,89,3028.1,2616.9,274.3,79.15,99,58,85,3161.8,3291.2,269.8,79.15,99,59,88,3164.3,3036.3,269.3,79.14,99,59,85,3203.7,2790.7,3.0,8,0
1782920226.446,219.514,302.3,79.14,99,58,89,2966.8,2459.1,292.9,79.15,99,58,85,3104.9,3510.4,284.1,79.15,99,59,88,3259.1,3176.2,270.1,79.14,99,59,85,3021.5,2858.8,3.0,8,0
1782920226.890,219.957,300.8,79.14,99,59,89,3015.5,2474.2,295.0,79.15,99,59,85,3146.5,3511.5,286.2,79.15,99,60,88,3161.9,3454.2,272.2,79.14,99,59,85,3029.2,2969.4,3.0,8,0
1782920227.335,220.402,300.4,79.14,99,58,89,2987.2,2848.4,297.1,79.15,99,59,85,3154.0,3454.8,288.6,79.15,99,60,89,3086.5,3181.8,274.1,79.14,99,59,85,3173.8,2784.2,3.0,8,0
1782920227.783,220.850,300.0,79.14,99,58,89,2933.5,2445.8,297.4,79.15,99,59,85,3123.9,3361.9,288.7,79.15,99,60,89,3120.5,3247.6,274.0,79.14,99,60,85,2994.5,2804.7,3.0,8,0
1782920228.225,221.292,299.9,79.14,99,58,89,3042.3,2460.6,297.9,79.15,99,59,85,3119.4,3292.1,288.8,79.15,99,60,89,3077.2,3224.5,274.0,79.14,99,59,85,3255.0,2847.2,3.0,8,0
1782920228.667,221.734,300.0,79.14,99,58,89,2957.5,2476.0,298.1,79.15,99,59,85,3568.7,3344.8,288.8,79.15,99,60,89,3548.6,3204.0,274.2,79.14,99,59,85,3086.8,2765.7,3.0,8,0
1782920229.118,222.185,299.9,79.14,99,58,89,2986.9,2626.4,298.1,79.15,99,59,85,3162.7,3301.7,288.8,79.15,99,60,89,3135.1,3065.2,274.2,79.14,99,59,85,3067.9,2932.6,3.0,8,0
1782920229.559,222.627,299.9,79.14,99,58,89,2987.7,2466.0,297.4,79.15,99,59,85,3123.4,3510.3,288.2,79.15,99,60,89,3095.6,3260.9,273.3,79.14,99,59,85,3046.0,2802.6,3.0,8,0
1782920230.003,223.071,300.0,79.14,99,58,89,3031.3,2458.3,296.8,79.15,99,59,85,3160.2,3475.4,287.2,79.15,99,60,89,3071.0,3185.1,272.7,79.14,99,59,85,3058.2,2782.7,3.0,8,0
1782920230.445,223.512,300.1,79.14,99,58,89,3085.1,2511.7,296.3,79.15,99,59,85,3172.3,3257.0,287.6,79.15,99,60,89,3107.4,3193.1,273.2,79.14,99,59,85,3217.5,2820.1,3.0,8,0
1782920230.887,223.954,299.9,79.14,99,58,89,2990.0,2449.9,296.1,79.15,99,59,85,3294.5,3385.9,287.7,79.15,99,60,89,3131.0,3183.7,272.7,79.14,99,59,85,3050.7,2888.3,3.0,8,0
1782920231.329,224.396,300.0,79.14,99,58,89,3007.3,2488.5,296.2,79.15,99,59,85,3123.7,3321.7,287.5,79.15,99,60,89,3297.5,3151.4,272.7,79.14,99,59,85,3050.1,2730.5,3.0,8,0
1782920231.772,224.839,300.0,79.14,99,58,89,2983.8,2508.8,296.2,79.15,99,59,85,3127.8,3330.6,287.7,79.15,99,60,89,3123.1,3314.2,272.5,79.14,99,59,85,3046.9,2767.5,3.0,8,0
1782920232.214,225.281,299.9,79.14,99,58,89,2946.5,2576.5,295.3,79.15,99,59,85,3162.2,3391.7,287.3,79.15,99,60,89,3101.2,3262.8,272.0,79.14,99,59,85,3068.1,3038.4,3.0,8,0
1782920232.655,225.723,300.0,79.14,99,58,89,2987.8,2455.6,295.4,79.15,99,59,85,3314.5,3353.6,287.4,79.15,99,60,89,3209.0,3184.9,272.0,79.14,99,59,85,3053.5,3085.3,4.0,8,0
1782920233.101,226.168,300.1,79.14,99,58,89,2927.7,2483.5,295.4,79.15,99,59,85,3161.6,3275.9,287.4,79.15,99,60,89,3169.8,3070.9,272.1,79.14,99,59,85,3065.2,2767.1,4.0,8,0
1782920233.542,226.609,300.1,79.14,99,58,89,3007.4,2490.0,295.7,79.15,99,59,85,3140.1,3471.6,287.7,79.15,99,60,89,3097.3,3210.9,272.0,79.14,99,59,85,3121.0,2737.6,4.0,8,0
1782920233.983,227.051,300.0,79.14,99,58,89,2981.9,2462.6,295.7,79.15,99,59,85,3319.0,3416.7,287.7,79.15,99,60,89,3097.1,3122.8,272.0,79.14,99,59,85,3047.2,2786.6,4.0,8,0
1782920234.423,227.491,300.0,79.14,99,58,89,3048.3,2493.5,295.9,79.15,99,59,85,3140.6,3445.2,287.8,79.15,99,60,89,3107.2,3268.1,272.2,79.14,99,59,85,3013.0,2926.0,4.0,8,0
1782920234.863,227.930,300.1,79.14,99,58,89,2991.2,2483.9,296.4,79.15,99,59,85,3197.6,3520.0,288.1,79.15,99,60,89,3193.0,3174.8,272.7,79.14,99,59,85,3044.7,3038.5,4.0,8,0
1782920235.309,228.376,300.0,79.14,99,58,89,2988.6,2467.4,296.5,79.15,99,59,85,3299.1,3393.4,288.1,79.15,99,60,89,3103.1,3102.4,273.2,79.14,99,59,85,3031.2,3282.8,4.0,8,0
1782920235.753,228.821,300.0,79.14,99,58,89,3140.2,2600.5,296.2,79.15,99,59,85,3119.0,3339.2,287.8,79.15,99,60,89,3143.4,3144.6,272.8,79.14,99,59,85,3080.5,2918.7,4.0,8,0
1782920236.199,229.266,300.0,79.14,99,58,89,3013.6,2461.1,295.6,79.15,99,59,85,3166.5,3418.2,287.3,79.15,99,60,89,3146.2,3154.9,272.5,79.14,99,60,85,3036.3,2804.9,4.0,8,0
1782920236.639,229.707,300.0,79.14,99,59,89,3005.8,2532.0,296.0,79.15,99,59,85,3150.6,3340.3,287.7,79.15,99,60,89,3383.4,3465.2,272.5,79.14,99,60,85,3065.1,2910.0,4.0,8,0
1782920237.085,230.153,300.1,79.14,99,58,89,2987.8,2544.3,296.0,79.15,99,59,85,3135.5,3431.4,287.7,79.15,99,60,89,3115.5,3183.7,272.9,79.14,99,59,85,3052.5,2980.3,4.0,8,0
1782920237.527,230.594,300.1,79.14,99,58,89,2983.5,2457.4,296.5,79.15,99,59,85,3130.5,3315.8,288.1,79.15,99,60,89,3135.2,3225.5,273.2,79.14,99,59,85,3043.8,2770.1,4.0,8,0
1782920237.968,231.036,300.0,79.14,99,58,89,3029.8,2476.0,296.4,79.15,99,59,85,3143.5,3293.3,288.1,79.15,99,60,89,3052.3,3183.3,272.9,79.14,99,59,85,3041.6,2776.7,4.0,8,0
1782920238.412,231.479,299.9,79.14,99,58,89,2988.2,2606.8,296.0,79.15,99,59,85,3134.0,3488.4,287.7,79.15,99,60,89,3076.7,3156.5,272.5,79.14,99,59,85,3012.1,3004.3,4.0,8,0
1782920238.853,231.921,300.0,79.14,99,58,89,2966.5,2470.7,296.0,79.15,99,59,85,3136.6,3446.4,287.6,79.15,99,60,89,3082.3,3155.1,272.8,79.14,99,59,85,3053.9,2811.3,4.0,8,0
1782920239.294,232.361,300.1,79.14,99,58,89,3114.5,2426.1,296.6,79.15,99,59,85,3141.0,3429.4,288.0,79.15,99,60,89,3125.0,3134.8,273.3,79.14,99,60,85,3231.0,2920.5,4.0,8,0
1782920239.735,232.802,300.0,79.14,99,58,89,3155.9,2817.8,296.5,79.15,99,59,85,3155.2,3413.5,287.8,79.15,99,60,89,3110.5,3101.2,273.3,79.14,99,59,85,3055.6,3087.2,4.0,8,0
1782920240.180,233.248,300.0,79.14,99,58,89,2968.4,2453.3,296.7,79.15,99,59,85,3153.5,3409.6,287.7,79.15,99,60,89,3261.9,3264.2,273.3,79.14,99,59,85,3045.9,2825.9,4.0,8,0
1782920240.621,233.689,300.0,79.14,99,58,89,3133.4,2438.3,296.7,79.15,99,59,85,3166.1,3381.5,287.7,79.15,99,60,89,3098.9,3226.0,273.3,79.14,99,59,85,3425.8,3286.8,4.0,8,0
1782920241.070,234.138,300.0,79.14,99,58,89,3121.4,2438.7,296.1,79.15,99,58,85,3177.6,3336.6,287.3,79.15,99,60,89,3098.8,3193.5,273.0,79.14,99,60,85,3208.8,2824.1,4.0,8,0
1782920241.511,234.578,300.0,79.14,99,58,89,2949.1,2533.4,296.3,79.15,99,59,85,3285.1,3309.4,287.7,79.15,99,60,89,3096.2,3185.0,273.1,79.14,99,59,85,3054.8,2829.7,4.0,8,0
1782920241.954,235.022,300.0,79.14,99,59,89,3054.6,2491.7,296.3,79.15,99,59,85,3144.5,3301.2,287.8,79.15,99,60,89,3289.5,3234.6,273.3,79.14,99,59,85,3069.8,2780.3,4.0,8,0
1782920242.397,235.465,299.9,79.14,99,58,89,3154.6,2475.3,295.7,79.15,99,59,85,3161.7,3360.9,287.6,79.15,99,60,89,3094.2,3150.0,273.1,79.14,99,59,85,2989.3,2706.1,4.0,8,0
1782920242.839,235.907,300.0,79.14,99,59,89,2988.1,2427.6,296.2,79.15,99,59,85,3312.0,3328.0,288.1,79.15,99,61,89,3120.5,3504.5,273.5,79.14,99,59,85,591.9,66.8,4.0,8,0
1782920243.332,236.399,283.9,79.14,91,53,88,242.5,228.2,273.5,79.15,12,3,83,2555.5,3030.3,263.2,79.15,77,3,86,3070.9,2892.3,227.4,79.14,26,4,82,3091.6,2619.5,3.0,1,0
1782920243.772,236.840,235.3,79.14,99,56,89,2960.8,2504.2,227.2,79.15,99,59,84,3003.6,3026.8,222.3,79.15,99,60,88,3248.2,3034.1,207.5,79.14,99,60,85,2997.0,2696.4,3.0,8,0
1782920244.218,237.285,245.2,79.14,99,59,89,2966.1,2630.0,254.2,79.15,99,60,85,3099.6,3350.4,251.9,79.15,99,61,89,3114.3,3097.4,242.5,79.14,99,59,85,3031.4,2997.4,3.0,8,0
1782920244.658,237.726,304.9,79.14,99,58,89,2969.0,2467.5,297.6,79.15,99,59,85,3292.1,4200.5,290.1,79.15,99,60,89,3104.3,3154.2,242.5,79.14,99,59,85,3027.3,2930.8,3.0,8,0
1782920245.107,238.174,300.3,79.14,99,59,89,3115.0,2375.5,297.6,79.15,99,59,85,3166.9,3459.1,290.1,79.15,99,60,89,3095.5,3295.6,275.8,79.14,99,59,85,3244.5,2803.7,3.0,8,0
1782920245.548,238.615,300.3,79.14,99,59,89,2945.8,2463.1,297.6,79.15,99,60,85,3209.2,3401.9,290.0,79.15,99,61,89,3271.6,3146.5,275.3,79.14,99,60,85,3046.9,2868.7,3.0,8,0
1782920245.989,239.056,300.1,79.14,99,59,89,3007.1,2512.5,298.5,79.15,99,59,85,3150.4,3323.8,290.8,79.15,99,60,89,3102.3,3202.7,275.4,79.14,99,59,85,3022.3,2735.0,3.0,8,0
1782920246.433,239.500,299.7,79.14,99,58,89,3176.9,2501.7,296.7,79.15,99,59,85,3144.6,3289.6,289.1,79.15,99,60,89,3289.0,3076.6,273.0,79.14,99,58,85,3113.6,2683.8,3.0,8,0
1782920246.878,239.945,299.7,79.14,99,58,89,3102.8,2508.2,294.2,79.15,99,58,85,3157.0,3304.9,286.7,79.15,99,59,89,3146.4,3064.7,271.4,79.14,99,59,85,3038.7,2738.4,3.0,8,0
1782920247.322,240.389,299.8,79.14,99,58,89,2988.0,2511.7,293.3,79.15,99,58,85,3121.4,3388.3,285.3,79.15,99,59,89,3104.2,3149.5,270.7,79.14,99,59,85,3054.8,2730.0,3.0,8,0
1782920247.765,240.832,300.0,79.14,99,58,89,3281.6,2748.5,293.3,79.15,99,58,85,3140.9,3186.5,285.7,79.15,99,59,89,3110.1,3089.4,270.8,79.14,99,59,85,3054.8,2803.9,3.0,8,0
1782920248.213,241.280,299.8,79.14,99,57,89,3035.1,2704.9,293.1,79.15,99,58,85,3154.2,3185.0,285.4,79.15,99,59,89,3107.5,3008.6,270.5,79.14,99,58,85,3257.8,2690.3,3.0,8,0
1782920248.654,241.722,299.7,79.14,99,57,89,3134.2,2486.6,292.6,79.15,99,58,85,3149.3,3201.4,284.9,79.15,99,59,89,3325.5,3313.4,270.5,79.14,99,58,85,3140.9,2734.0,3.0,8,0
1782920249.105,242.172,300.1,79.14,99,58,89,3031.4,2521.3,292.6,79.15,99,58,85,3157.9,3386.4,284.9,79.15,99,59,89,3146.6,2999.5,270.1,79.14,99,59,85,3048.7,2710.5,3.0,8,0
1782920249.550,242.617,300.1,79.14,99,58,89,3011.0,2535.4,292.9,79.15,99,58,85,3256.2,3223.1,284.8,79.15,99,59,89,3236.6,3100.2,270.2,79.14,99,58,85,3032.3,2818.6,3.0,8,0
1782920249.997,243.064,300.2,79.14,99,58,89,3136.0,2533.2,293.1,79.15,99,58,85,3178.7,3291.8,284.8,79.15,99,59,89,3085.6,3013.1,270.4,79.14,99,59,85,3224.9,2797.7,3.0,8,0
1782920250.439,243.506,300.1,79.14,99,58,89,3174.1,2529.8,293.2,79.15,99,58,85,3156.9,3214.7,285.2,79.15,99,59,89,3128.5,3106.3,270.5,79.14,99,58,85,3301.8,2702.8,3.0,8,0
1782920250.885,243.953,299.9,79.14,99,58,89,3050.1,2507.0,293.2,79.15,99,58,85,3126.9,3550.6,284.8,79.15,99,59,89,3131.8,3086.6,270.2,79.14,99,58,85,3058.3,2710.4,4.0,8,0
1782920251.333,244.401,300.0,79.14,99,58,89,3027.1,2478.7,293.1,79.15,99,58,85,3299.3,3171.0,284.5,79.15,99,59,89,3142.8,3028.6,270.4,79.14,99,59,85,3034.4,2916.6,4.0,8,0
1782920251.779,244.846,300.3,79.14,99,58,89,2992.5,2650.3,293.7,79.15,99,58,85,3155.5,3239.9,285.0,79.15,99,59,89,3134.6,3135.4,270.7,79.14,99,59,85,3195.8,2763.4,4.0,8,0
1782920252.224,245.292,300.0,79.14,99,58,89,3206.2,2563.6,293.7,79.15,99,58,85,3172.7,3150.6,285.2,79.15,99,59,89,3122.1,3129.9,270.6,79.14,99,58,85,3037.3,2760.3,4.0,8,0
1782920252.666,245.734,300.1,79.14,99,58,89,3132.2,2546.7,294.1,79.15,99,59,85,3596.6,3261.2,285.7,79.15,99,60,89,3277.9,3105.5,271.2,79.14,99,59,85,3046.7,2790.3,4.0,8,0
1782920253.120,246.188,300.1,79.14,99,58,89,2966.9,2498.7,294.1,79.15,99,59,85,3308.3,3591.2,285.7,79.15,99,60,89,3153.8,3120.5,271.2,79.14,99,59,85,3029.5,2928.5,4.0,8,0
1782920253.570,246.637,300.1,79.14,99,58,89,2974.8,2637.8,294.2,79.15,99,59,85,3172.9,3328.8,285.8,79.15,99,60,89,3116.8,3154.5,271.2,79.14,99,59,85,3050.3,3135.5,4.0,8,0
1782920254.013,247.080,300.1,79.14,99,58,89,3010.7,2438.5,294.5,79.15,99,59,85,3278.5,3261.8,286.1,79.15,99,60,89,3104.7,3057.6,271.7,79.14,99,59,85,3078.0,2897.0,4.0,8,0
1782920254.456,247.524,300.1,79.14,99,58,89,3009.4,2564.9,294.8,79.15,99,59,85,3419.7,3228.7,286.3,79.15,99,60,89,3109.4,3030.2,271.9,79.14,99,59,85,3235.4,2736.8,4.0,8,0
1782920254.901,247.968,299.8,79.14,99,58,89,3011.1,2674.9,294.1,79.15,99,58,85,3689.5,3229.7,285.7,79.15,99,59,89,3097.3,3194.1,271.0,79.14,99,59,85,3064.6,2767.3,4.0,8,0
1782920255.347,248.414,299.9,79.14,99,58,89,3173.4,2503.3,294.0,79.15,99,58,85,3141.8,3293.1,285.6,79.15,99,59,89,3119.2,3152.0,271.1,79.14,99,59,85,3062.1,2717.7,4.0,8,0
1782920255.789,248.857,300.0,79.14,99,58,89,3796.9,2492.6,294.1,79.15,99,59,85,3165.5,3241.9,285.6,79.15,99,60,89,3311.6,3053.1,271.5,79.14,99,59,85,3044.7,3230.3,4.0,8,0
1782920256.241,249.308,299.9,79.14,99,58,89,3028.5,2480.6,293.9,79.15,99,58,85,3124.4,3217.7,285.3,79.15,99,59,89,3080.3,3036.9,271.1,79.14,99,59,85,3091.5,2701.2,4.0,8,0
1782920256.682,249.750,300.0,79.14,99,58,89,3093.6,2518.0,293.6,79.15,99,59,85,3403.3,3364.3,285.5,79.15,99,60,89,3126.3,3164.9,270.9,79.14,99,59,85,3043.1,2814.6,4.0,8,0
1782920257.130,250.197,300.0,79.14,99,58,89,2991.9,2498.5,293.6,79.15,99,59,85,3269.0,3355.7,285.5,79.15,99,60,89,3164.8,3051.5,270.9,79.14,99,59,85,3049.2,2870.4,4.0,8,0
1782920257.575,250.642,300.0,79.14,99,58,89,2998.1,2510.2,293.6,79.15,99,59,85,3196.1,3264.8,285.7,79.15,99,60,89,3077.3,3071.6,271.4,79.14,99,59,85,3018.5,2949.8,4.0,8,0
1782920258.018,251.085,300.1,79.14,99,58,89,3031.6,2488.1,293.8,79.15,99,58,85,3216.1,3215.0,286.0,79.15,99,59,89,3095.7,3026.7,271.3,79.14,99,59,85,3045.5,2941.7,4.0,8,0
1782920258.461,251.528,300.1,79.14,99,58,89,3057.1,2459.0,294.0,79.15,99,59,85,3188.2,3170.1,286.0,79.15,99,60,89,3099.2,3170.0,271.0,79.14,99,59,85,3039.4,2940.5,4.0,8,0
1782920258.904,251.971,300.1,79.14,99,58,89,3043.9,2501.9,293.6,79.15,99,59,85,3370.7,3517.6,286.1,79.15,99,60,89,3108.9,3011.2,271.1,79.14,99,59,85,3205.4,2729.4,4.0,8,0
1782920259.354,252.421,300.0,79.14,99,58,89,3134.7,2496.8,293.7,79.15,99,59,85,3215.9,3218.5,286.1,79.15,99,60,89,3074.5,3142.1,271.0,79.14,99,59,85,3002.1,2778.0,4.0,8,0
1782920259.796,252.864,300.1,79.14,99,58,89,3263.3,2543.4,294.0,79.15,99,58,85,3160.2,3390.5,286.0,79.15,99,60,89,3122.4,3142.5,271.2,79.14,99,59,85,3039.1,2943.9,4.0,8,0
1782920260.245,253.312,300.0,79.14,99,58,89,3051.1,2525.6,294.4,79.15,99,59,85,3175.2,3236.9,286.3,79.15,99,60,89,3107.4,3229.2,272.0,79.14,99,59,85,3007.1,2780.1,4.0,8,0
1782920260.686,253.754,299.9,79.14,99,58,89,3176.3,2949.2,294.1,79.15,99,58,85,3132.2,4188.0,286.1,79.15,99,60,89,3116.4,3019.7,271.6,79.14,99,59,85,3048.7,2994.8,4.0,8,0
1782920261.142,254.209,300.0,79.14,99,59,89,3008.7,2518.2,294.2,79.15,99,59,85,3184.3,3321.5,286.3,79.15,99,60,89,3130.3,3111.1,271.6,79.14,99,59,85,3032.1,2791.6,4.0,8,0
1782920261.583,254.650,297.9,79.14,99,58,89,488.5,2510.4,294.2,79.15,99,59,85,47.0,893.7,286.3,79.15,99,60,89,47.1,101.6,271.5,79.14,99,59,85,226.9,3740.7,4.0,8,0
1782920262.030,255.097,297.9,79.14,99,58,89,3155.9,2723.7,284.3,79.15,39,20,84,3197.0,3018.3,273.1,79.15,38,8,87,3219.8,2852.0,239.8,79.14,37,3,83,3092.1,2877.7,3.0,8,0
1782920262.920,255.988,244.2,79.14,99,57,89,3010.0,2540.0,231.2,79.15,99,59,85,3212.2,3316.3,224.7,79.15,99,60,88,3137.4,3018.4,225.9,79.14,99,59,85,3042.6,2735.2,3.0,8,0
1782920263.364,256.432,304.8,79.14,99,58,89,2989.4,2473.4,292.2,79.15,99,59,85,3172.1,3416.1,284.1,79.15,99,60,89,3102.5,3085.4,272.0,79.14,99,59,85,3027.6,2761.8,3.0,8,0
1782920263.807,256.874,302.7,79.14,99,58,89,2989.4,2453.8,295.3,79.15,99,59,85,3138.4,3421.9,287.2,79.15,99,60,89,3292.0,3175.3,272.9,79.14,99,59,85,3139.0,2837.8,3.0,8,0
1782920264.253,257.321,300.7,79.14,99,58,89,2954.8,2455.8,295.9,79.15,99,59,85,3144.0,3444.3,287.7,79.15,99,60,89,3088.6,3258.4,273.8,79.14,99,60,85,3034.9,2903.7,3.0,8,0
1782920264.696,257.763,300.2,79.14,99,59,89,2986.6,2583.1,296.9,79.15,99,59,85,3178.4,4062.5,288.8,79.15,99,59,89,3105.1,3347.6,274.7,79.14,99,59,85,3051.5,2931.1,3.0,8,0
1782920265.145,258.212,300.0,79.14,99,58,89,3008.9,2579.4,296.7,79.15,99,59,85,3166.2,3327.0,288.8,79.15,99,60,89,3122.4,3323.6,274.7,79.14,99,59,85,3076.6,2827.7,3.0,8,0
1782920265.591,258.658,299.9,79.14,99,58,89,3133.3,2468.5,296.7,79.15,99,59,85,3157.8,3295.7,288.8,79.15,99,60,89,3128.7,3099.4,274.3,79.14,99,59,85,3192.9,2838.8,3.0,8,0
1782920266.034,259.101,299.9,79.14,99,58,89,3006.7,2636.0,295.6,79.15,99,59,85,3153.4,3308.3,287.4,79.15,99,60,89,3135.2,3115.4,273.3,79.14,99,59,85,3093.7,2941.6,3.0,8,0
1782920266.476,259.543,300.0,79.14,99,58,89,2986.8,2491.3,295.5,79.15,99,59,85,3277.4,3296.1,287.1,79.15,99,60,89,3116.5,3115.1,273.0,79.14,99,59,85,3051.7,2922.3,3.0,8,0
1782920266.918,259.986,300.1,79.14,99,58,89,2991.9,2503.8,295.5,79.15,99,58,85,3319.7,3216.5,287.2,79.15,99,59,89,3095.6,3163.4,273.2,79.14,99,59,85,3051.1,2769.9,3.0,8,0
1782920267.361,260.428,299.9,79.14,99,58,89,2966.5,2459.3,294.8,79.15,99,58,85,3156.3,3277.5,286.9,79.15,99,59,89,3111.3,3096.8,272.7,79.14,99,59,85,3027.6,2795.9,3.0,8,0
1782920267.804,260.871,299.9,79.14,99,58,89,3035.0,2495.1,295.1,79.15,99,59,85,3133.8,3397.2,286.9,79.15,99,60,89,3111.4,3070.8,272.5,79.14,99,59,85,3196.1,3055.7,3.0,8,0
1782920268.250,261.318,300.0,79.14,99,58,89,3028.9,2485.7,295.2,79.15,99,59,85,3272.6,3293.8,287.2,79.15,99,60,89,3133.6,3121.9,272.6,79.14,99,59,85,3039.7,2740.0,3.0,8,0
1782920268.694,261.762,300.0,79.14,99,58,89,3014.9,2545.1,295.4,79.15,99,59,85,3450.2,3514.3,287.3,79.15,99,60,89,3121.6,3209.6,272.9,79.14,99,59,85,3202.6,2789.3,3.0,8,0
1782920269.144,262.211,300.0,79.14,99,58,89,2986.3,2600.8,295.5,79.15,99,59,85,3150.1,3290.8,287.4,79.15,99,60,89,3183.2,3104.7,272.9,79.14,99,59,85,3240.3,2815.7,3.0,8,0
1782920269.587,262.654,300.0,79.14,99,58,89,2988.2,2612.5,295.5,79.15,99,59,85,3141.0,3284.2,287.4,79.15,99,60,89,3130.5,3144.3,273.3,79.14,99,59,85,3049.5,2992.8,3.0,8,0
1782920270.029,263.096,300.0,79.14,99,58,89,3029.7,2497.2,295.5,79.15,99,59,85,3297.9,3319.9,287.6,79.15,99,60,89,3130.1,3075.4,273.1,79.14,99,59,85,3053.8,2944.2,4.0,8,0
1782920270.470,263.538,299.9,79.14,99,58,89,2988.9,2472.0,295.2,79.15,99,58,85,3279.3,3296.6,287.4,79.15,99,60,89,3132.2,3126.6,272.6,79.14,99,59,85,3073.7,2734.4,4.0,8,0
1782920270.911,263.979,299.9,79.14,99,58,89,3016.3,2495.3,294.8,79.15,99,59,85,3127.5,3532.0,287.0,79.15,99,60,89,3111.3,3103.6,272.6,79.14,99,59,85,3080.1,2817.4,4.0,8,0
1782920271.353,264.420,300.0,79.14,99,58,89,2991.9,2539.4,294.8,79.15,99,58,85,3146.3,3316.2,286.9,79.15,99,60,89,3146.0,3330.0,273.1,79.14,99,60,85,3022.3,2787.5,4.0,8,0
1782920271.797,264.865,300.1,79.14,99,58,89,3031.5,2543.7,295.3,79.15,99,59,85,3149.4,3237.2,287.5,79.15,99,60,89,3110.2,3294.5,273.1,79.14,99,59,85,3046.4,3112.2,4.0,8,0
1782920272.243,265.310,299.9,79.14,99,58,89,2989.0,2482.0,295.3,79.15,99,58,85,3136.3,3240.4,287.8,79.15,99,60,89,3338.3,3183.2,272.9,79.14,99,59,85,3055.2,2760.2,4.0,8,0
1782920272.686,265.753,300.0,79.14,99,58,89,3261.2,2940.0,295.0,79.15,99,59,85,3131.0,3716.9,287.3,79.15,99,60,89,3098.1,3118.8,272.6,79.14,99,59,85,3198.2,2735.2,4.0,8,0
1782920273.140,266.208,300.0,79.14,99,58,89,3015.9,2610.8,294.6,79.15,99,58,85,3146.0,3330.1,286.9,79.15,99,60,89,3122.4,3143.5,272.6,79.14,99,59,85,3122.3,3019.9,4.0,8,0
1782920273.584,266.651,300.0,79.14,99,58,89,2946.4,2652.6,294.6,79.15,99,58,85,3137.2,3380.8,286.9,79.15,99,60,89,3137.5,3153.1,272.5,79.14,99,59,85,3317.0,2836.3,4.0,8,0
1782920274.027,267.095,300.0,79.14,99,58,89,3056.5,2814.2,294.9,79.15,99,58,85,3190.0,3300.2,287.0,79.15,99,59,89,3045.0,3130.8,272.5,79.14,99,59,85,3221.4,2722.4,4.0,8,0
1782920274.472,267.539,299.9,79.14,99,58,89,2986.4,2642.6,294.9,79.15,99,59,85,3151.4,3226.5,287.0,79.15,99,60,89,3092.4,3111.2,272.5,79.14,99,59,85,3016.7,2786.8,4.0,8,0
1782920274.914,267.982,299.9,79.14,99,58,89,2951.4,2483.6,295.0,79.15,99,59,85,3268.9,3371.6,287.0,79.15,99,60,89,3113.6,3115.7,272.6,79.14,99,59,85,3052.5,2772.9,4.0,8,0
1782920275.357,268.425,300.1,79.14,99,59,89,2992.8,2479.7,295.4,79.15,99,58,85,3167.2,3471.8,287.3,79.15,99,60,89,3116.6,3156.3,273.1,79.14,99,60,86,3059.8,2804.9,4.0,8,0
1782920275.802,268.869,300.0,79.14,99,58,89,2972.4,2496.5,295.3,79.15,99,59,85,3133.1,3420.6,287.2,79.15,99,60,89,3124.3,3096.3,273.3,79.14,99,59,86,3080.3,2776.1,4.0,8,0
1782920276.243,269.311,299.9,79.14,99,58,89,2992.1,2488.1,295.3,79.15,99,59,85,3148.7,3267.6,287.0,79.15,99,60,89,3239.3,3177.5,273.0,79.14,99,59,86,3046.2,2766.6,4.0,8,0
1782920276.686,269.753,300.1,79.14,99,58,89,3180.7,2473.7,295.6,79.15,99,59,85,3266.1,3359.9,287.2,79.15,99,60,89,3392.1,3108.4,273.1,79.14,99,59,86,3056.9,2759.5,4.0,8,0
1782920277.133,270.200,300.0,79.14,99,58,89,3008.4,2475.1,295.8,79.15,99,59,85,3164.9,3355.8,287.2,79.15,99,60,89,3119.9,3213.1,273.1,79.14,99,59,86,3033.8,2930.4,4.0,8,0
1782920277.576,270.643,300.0,79.14,99,58,89,3072.0,2501.4,295.8,79.15,99,59,85,3137.4,3288.3,287.4,79.15,99,60,89,3123.9,3348.9,273.0,79.14,99,59,86,3080.9,3196.6,4.0,8,0
1782920278.022,271.089,300.0,79.14,99,58,89,2987.5,2436.8,295.7,79.15,99,59,85,3453.2,3412.7,287.0,79.15,99,60,89,3269.9,3092.2,272.7,79.14,99,59,86,3052.3,2841.9,4.0,8,0
1782920278.470,271.538,300.1,79.14,99,58,89,2966.5,2456.5,296.0,79.15,99,59,85,3158.3,3387.8,287.5,79.15,99,60,89,3118.2,3290.4,273.6,79.14,99,60,86,3024.0,2845.9,4.0,8,0
1782920278.912,271.980,300.0,79.14,99,59,89,2947.3,2609.6,296.3,79.15,99,59,85,3272.6,3437.8,288.1,79.15,99,60,89,3126.6,3171.3,274.1,79.14,99,60,86,3206.5,2801.9,4.0,8,0
1782920279.357,272.424,300.0,79.14,99,58,89,2968.3,2602.5,296.0,79.15,99,58,85,3156.1,3403.2,288.1,79.15,99,60,89,3086.2,3111.1,273.6,79.14,99,59,86,3234.0,2789.5,4.0,8,0
1782920279.803,272.871,300.0,79.14,99,58,89,2995.4,2593.3,295.7,79.15,99,59,85,3132.9,3294.7,287.7,79.15,99,60,89,3090.8,3139.7,272.7,79.14,99,59,86,3008.1,3011.1,4.0,8,0
1782920280.246,273.313,300.0,79.14,99,58,89,44.0,65.7,295.6,79.15,99,59,85,890.9,4840.5,287.9,79.15,99,60,89,921.9,4626.5,259.5,79.14,20,3,84,279.2,4149.9,4.0,8,0
1782920280.686,273.753,237.1,79.14,63,5,87,3072.9,2688.3,230.2,79.15,69,38,83,3108.7,2871.9,222.5,79.15,91,51,87,3158.4,2899.0,214.3,79.14,99,59,85,3050.4,2667.0,3.0,1,0
1782920281.132,274.199,246.1,79.14,99,59,89,3032.5,2542.5,229.5,79.15,99,59,85,3136.9,2980.5,222.5,79.15,91,51,87,3236.0,2967.1,214.3,79.14,99,59,85,3045.8,2709.2,3.0,8,0
1782920281.572,274.640,246.1,79.14,99,59,89,3154.7,2489.5,229.5,79.15,99,59,85,3144.2,3270.6,227.7,79.15,99,60,89,3070.1,3116.7,223.7,79.14,99,59,85,3129.9,2945.3,3.0,8,0
1782920282.015,275.082,305.2,79.14,99,58,89,3144.3,2555.7,288.4,79.15,99,59,85,3162.4,3138.1,283.2,79.15,99,60,89,3144.1,3080.1,274.1,79.14,99,59,85,3131.8,2707.9,3.0,8,0
1782920282.460,275.527,301.5,79.14,99,58,89,3033.4,2532.2,295.7,79.15,99,58,85,3156.2,3150.3,287.2,79.15,99,59,89,3288.1,2953.1,272.8,79.14,99,59,85,3097.8,2744.4,3.0,8,0
1782920282.901,275.969,299.6,79.14,99,57,89,3029.1,2537.6,293.4,79.15,99,58,85,3998.5,3587.9,284.7,79.15,99,59,89,3117.0,3076.4,270.1,79.14,99,58,85,3209.8,2729.5,3.0,8,0
1782920283.352,276.420,299.8,79.14,99,57,89,3174.1,2544.1,292.5,79.15,99,58,85,3153.3,3172.4,284.1,79.15,99,59,89,3120.1,3351.8,269.7,79.14,99,59,85,3104.7,2738.0,3.0,8,0
1782920283.798,276.866,300.0,79.14,99,57,89,3075.7,2520.9,292.4,79.15,99,57,85,3138.3,3133.9,284.3,79.15,99,59,89,3146.1,2990.8,269.9,79.14,99,59,86,3071.7,2816.4,3.0,8,0
1782920284.241,277.308,300.0,79.14,99,58,89,3029.5,2468.3,292.6,79.15,99,58,85,3160.8,3405.4,284.7,79.15,99,59,89,3127.3,3045.0,270.3,79.14,99,59,85,3077.6,2743.5,3.0,8,0
1782920284.685,277.752,300.3,79.14,99,58,89,2984.9,2496.6,293.8,79.15,99,58,85,3173.5,3394.2,286.1,79.15,99,59,89,3141.8,3046.9,271.6,79.14,99,59,85,3053.0,2825.4,3.0,8,0
1782920285.131,278.198,300.2,79.14,99,58,89,3069.8,2496.6,293.8,79.15,99,58,85,3207.9,3260.0,286.1,79.15,99,59,89,3139.3,3028.5,271.6,79.14,99,59,85,3036.7,2925.2,3.0,8,0
1782920285.574,278.642,300.2,79.14,99,58,89,3015.4,2573.6,294.2,79.15,99,58,85,3172.0,3220.1,286.2,79.15,99,59,89,3134.2,3061.5,271.2,79.14,99,59,86,3291.5,3012.0,3.0,8,0
1782920286.021,279.088,299.7,79.14,99,58,89,3041.9,2501.8,293.5,79.15,99,58,85,3166.1,3268.4,284.9,79.15,99,59,89,3198.0,3053.3,270.5,79.14,99,58,85,3067.6,2705.5,3.0,8,0
1782920286.464,279.532,300.0,79.14,99,58,89,3029.3,2450.0,293.1,79.15,99,59,85,3125.5,3256.3,284.6,79.15,99,59,89,3265.5,3027.4,270.6,79.14,99,59,86,3034.3,2831.6,3.0,8,0
1782920286.907,279.974,300.0,79.14,99,58,89,3028.6,2512.2,294.0,79.15,99,58,85,3124.4,3845.6,285.3,79.15,99,59,89,3117.0,3053.8,271.6,79.14,99,59,86,3040.6,2723.6,3.0,8,0
1782920287.353,280.421,300.1,79.14,99,58,89,2966.9,2508.6,294.3,79.15,99,58,85,3119.9,3256.1,285.6,79.15,99,60,89,3136.3,3078.4,271.9,79.14,99,59,86,3050.4,3252.2,3.0,8,0
1782920287.799,280.866,300.0,79.14,99,58,89,2995.8,2634.8,294.5,79.15,99,59,85,3149.5,3179.7,285.8,79.15,99,60,89,3135.7,3033.5,271.8,79.14,99,59,86,3053.2,2851.2,3.0,8,0
1782920288.246,281.313,300.0,79.14,99,58,89,3053.7,2510.9,294.1,79.15,99,58,85,3139.4,3193.5,285.3,79.15,99,59,89,3103.8,3145.6,271.5,79.14,99,59,86,3062.3,2707.0,3.0,8,0
1782920288.688,281.756,299.7,79.14,99,58,89,3029.8,2739.2,293.5,79.15,99,58,85,3167.6,3652.9,284.9,79.15,99,60,89,3122.9,3042.6,270.9,79.14,99,59,86,3066.2,2867.9,4.0,8,0
1782920289.139,282.206,300.0,79.14,99,58,89,2984.7,2507.7,293.7,79.15,99,58,85,3303.3,3234.8,284.9,79.15,99,60,89,3125.0,2968.1,270.9,79.14,99,59,86,3062.4,2938.6,4.0,8,0
1782920289.582,282.649,300.3,79.14,99,58,89,3029.0,2458.5,293.7,79.15,99,58,85,3283.6,3252.8,284.9,79.15,99,60,89,3124.7,3144.9,271.3,79.14,99,59,86,3771.8,2722.8,4.0,8,0
1782920290.028,283.096,300.3,79.14,99,58,89,2990.1,2618.2,294.3,79.15,99,59,85,3187.5,3239.7,285.3,79.15,99,60,89,3102.9,3053.9,271.5,79.14,99,59,86,3245.4,2713.6,4.0,8,0
1782920290.470,283.538,300.1,79.14,99,58,89,2991.4,2627.1,294.3,79.15,99,59,85,3129.5,3291.9,285.5,79.15,99,59,89,3077.1,3149.1,271.5,79.14,99,59,86,3139.5,2771.5,4.0,8,0
1782920290.912,283.980,300.2,79.14,99,58,89,3030.0,2640.8,294.7,79.15,99,59,85,3208.3,3193.8,285.7,79.15,99,60,89,3111.0,3053.6,271.9,79.14,99,59,86,3065.3,2813.1,4.0,8,0
1782920291.355,284.423,300.0,79.14,99,58,89,3028.2,2641.4,294.7,79.15,99,58,85,3135.3,3168.7,285.8,79.15,99,60,89,3132.7,3060.2,272.0,79.14,99,59,86,3194.2,2777.9,4.0,8,0
1782920291.797,284.865,299.9,79.14,99,58,89,2995.5,2647.7,294.3,79.15,99,58,85,3157.4,3109.2,285.1,79.15,99,59,89,3103.3,3087.7,271.0,79.14,99,59,86,3187.7,3091.3,4.0,8,0
1782920292.241,285.309,300.0,79.14,99,58,89,3117.6,2504.4,293.9,79.15,99,58,85,3271.1,3266.5,284.9,79.15,99,59,89,3133.2,3276.9,271.0,79.14,99,59,86,3051.9,2736.5,4.0,8,0
1782920292.687,285.754,299.8,79.14,99,58,89,3007.5,2535.2,293.7,79.15,99,58,85,3100.1,3239.7,284.6,79.15,99,59,89,3549.6,3395.3,271.4,79.14,99,59,86,3040.0,2739.6,4.0,8,0
1782920293.138,286.205,300.1,79.14,99,58,89,3019.3,2514.2,293.8,79.15,99,58,85,3310.7,3213.4,284.6,79.15,99,59,89,3096.0,3062.8,271.4,79.14,99,59,86,3063.5,2834.6,4.0,8,0
1782920293.582,286.649,299.9,79.14,99,57,89,3217.9,2689.3,293.8,79.15,99,58,85,3128.7,3198.8,285.0,79.15,99,59,89,3130.6,2999.5,271.6,79.14,99,59,86,3615.4,2724.2,4.0,8,0
1782920294.029,287.097,299.9,79.14,99,57,89,3035.9,2512.5,293.5,79.15,99,58,85,3160.4,3198.5,284.9,79.15,99,59,89,3118.7,3220.3,271.4,79.14,99,59,86,3028.3,2745.6,4.0,8,0
1782920294.471,287.538,299.9,79.14,99,58,89,3155.1,2453.4,293.1,79.15,99,58,85,3172.4,3313.0,284.2,79.15,99,60,89,3098.0,3092.2,271.4,79.14,99,59,86,3114.6,2752.6,4.0,8,0
1782920294.914,287.981,300.2,79.14,99,58,89,2967.5,2538.1,293.7,79.15,99,59,85,3212.8,3448.5,285.2,79.15,99,60,89,3122.4,3077.9,272.0,79.14,99,59,86,3219.7,2748.1,4.0,8,0
1782920295.357,288.424,300.1,79.14,99,58,89,3114.6,2729.5,294.9,79.15,99,58,85,3159.3,3215.3,286.1,79.15,99,59,89,3099.8,3243.0,272.4,79.14,99,59,86,3063.3,2736.3,4.0,8,0
1782920295.801,288.868,300.0,79.14,99,58,89,3164.3,2484.0,294.6,79.15,99,59,85,3158.0,3250.6,285.8,79.15,99,60,89,3094.5,3092.8,272.1,79.14,99,59,86,3108.8,2720.8,4.0,8,0
1782920296.243,289.311,300.0,79.14,99,58,89,3161.4,2512.0,294.2,79.15,99,58,85,3174.9,3251.2,285.4,79.15,99,60,89,3123.7,3208.8,271.7,79.14,99,59,86,3070.0,2735.0,4.0,8,0
1782920296.686,289.754,300.1,79.14,99,58,89,3155.6,2885.5,293.8,79.15,99,58,85,3130.1,3590.1,285.3,79.15,99,60,89,3132.0,2983.4,271.9,79.14,99,59,86,3052.4,2992.9,4.0,8,0
1782920297.142,290.209,300.1,79.14,99,58,89,2992.6,2516.0,293.8,79.15,99,58,85,3300.3,3249.3,285.4,79.15,99,60,89,3096.2,3018.2,271.9,79.14,99,59,86,3048.5,2932.7,4.0,8,0
1782920297.584,290.652,300.0,79.14,99,58,89,3030.5,2509.1,293.8,79.15,99,58,85,3424.8,3215.2,285.4,79.15,99,60,89,3064.4,3026.9,272.1,79.14,99,59,86,3086.7,3198.6,4.0,8,0
1782920298.030,291.098,300.0,79.14,99,58,89,3011.7,2635.3,293.9,79.15,99,59,85,3142.4,3223.1,285.5,79.15,99,60,89,3104.5,3015.5,271.9,79.14,99,59,86,3064.2,2927.0,4.0,8,0
1782920298.472,291.540,299.9,79.14,99,58,89,2988.3,2497.0,293.6,79.15,99,59,85,3122.8,3124.6,285.2,79.15,99,60,89,3092.7,3014.2,271.6,79.14,99,59,86,3060.9,2916.8,4.0,8,0
1782920298.914,291.982,300.1,79.14,99,58,89,5378.4,17535.2,293.7,79.15,99,59,85,227.4,4419.9,284.9,79.15,99,60,87,6806.0,31844.7,258.8,79.14,61,8,84,6609.0,33068.2,3.0,1,0
1782920299.356,292.424,235.9,79.14,48,5,87,2985.4,2494.2,227.2,79.15,81,28,83,3036.2,3029.6,219.5,79.15,89,40,88,3004.9,2876.5,213.6,79.14,99,59,85,2949.2,2703.6,3.0,1,0
1782920299.799,292.866,244.2,79.14,99,60,89,2944.3,2356.5,230.1,79.15,99,61,85,3103.7,3531.2,222.9,79.15,99,62,89,3102.6,3292.2,225.4,79.14,99,61,86,3026.6,3091.7,3.0,8,0
1782920300.241,293.308,303.7,79.14,99,59,89,2907.1,2339.9,290.4,79.15,99,60,85,3068.5,3701.5,285.3,79.15,99,61,89,3264.2,3217.5,280.2,79.14,99,61,86,2978.4,3116.4,3.0,8,0
1782920300.682,293.750,300.9,79.14,99,60,89,2986.7,2388.9,302.1,79.15,99,60,85,3219.7,3608.4,293.8,79.15,99,61,89,3208.0,3467.3,280.7,79.14,99,60,86,2983.9,2999.4,3.0,8,0
1782920301.127,294.194,300.0,79.14,99,60,89,2824.5,2339.8,302.1,79.15,99,60,85,3079.9,3637.3,293.8,79.15,99,61,89,3062.2,3492.5,280.7,79.14,99,60,86,3013.3,3000.8,3.0,8,0
1782920301.569,294.636,300.0,79.14,99,60,89,3072.4,2387.1,302.0,79.15,99,61,85,3079.5,3434.5,294.1,79.15,99,62,89,3069.2,3437.1,281.2,79.14,99,61,86,3067.0,3171.0,3.0,8,0
1782920302.012,295.079,300.0,79.14,99,60,89,2992.9,2459.3,301.8,79.15,99,60,85,3116.6,3371.1,294.9,79.15,99,61,89,3080.8,3409.3,282.0,79.14,99,61,86,3001.3,2901.0,3.0,8,0
1782920302.453,295.520,299.9,79.14,99,59,89,2927.6,2497.8,300.8,79.15,99,60,85,3117.0,3406.0,294.8,79.15,99,61,89,3078.6,3155.1,281.0,79.14,99,60,86,3003.6,2999.0,3.0,8,0
1782920302.894,295.962,300.0,79.14,99,60,89,2873.2,2511.6,299.8,79.15,99,60,85,3091.3,3501.1,294.0,79.15,99,61,89,3059.4,3332.0,280.2,79.14,99,61,86,3002.2,3063.5,3.0,8,0
1782920303.336,296.403,300.0,79.14,99,60,89,2886.8,2405.7,300.1,79.15,99,60,85,3191.9,3508.8,294.1,79.15,99,61,89,3078.8,3262.4,280.4,79.14,99,61,86,3000.8,3017.8,3.0,8,0
1782920303.778,296.846,300.0,79.14,99,60,89,3056.8,2423.5,300.2,79.15,99,60,85,3119.1,3550.6,294.0,79.15,99,61,89,3075.1,3276.6,280.5,79.14,99,61,86,3007.9,3206.4,3.0,8,0
1782920304.226,297.294,300.0,79.14,99,60,89,3019.8,2500.4,299.8,79.15,99,59,85,3116.4,3265.9,293.3,79.15,99,60,89,3249.1,3109.9,279.2,79.14,99,59,86,3031.2,2761.1,3.0,8,0
1782920304.667,297.735,299.8,79.14,99,58,89,3133.7,2461.2,298.1,79.15,99,59,85,3558.7,3373.0,290.9,79.15,99,60,89,3610.7,3124.2,279.2,79.14,99,59,86,3067.6,2829.4,3.0,8,0
1782920305.116,298.183,299.7,79.14,99,59,89,3134.1,2454.4,298.1,79.15,99,59,85,3171.5,3357.8,290.9,79.15,99,60,89,3080.5,3056.6,277.2,79.14,99,59,86,3226.5,2792.2,3.0,8,0
1782920305.556,298.624,299.7,79.14,99,59,89,3008.3,2502.4,297.0,79.15,99,59,85,3337.0,3362.7,288.5,79.15,99,60,89,3114.9,3060.8,275.4,79.14,99,59,86,3091.9,2984.1,3.0,8,0
1782920305.997,299.065,299.9,79.14,99,58,89,2946.7,2459.0,297.1,79.15,99,59,85,3132.7,3421.8,288.0,79.15,99,60,89,3250.0,3145.1,274.5,79.14,99,59,86,3045.0,2833.0,3.0,8,0
1782920306.447,299.514,300.1,79.14,99,58,89,3009.6,2750.2,297.0,79.15,99,59,85,3296.6,3253.4,288.1,79.15,99,60,89,3120.2,3072.4,274.4,79.14,99,59,86,3050.4,2841.1,3.0,8,0
1782920306.891,299.958,300.1,79.14,99,58,89,2989.7,2475.3,296.6,79.15,99,59,85,3132.4,3398.2,287.9,79.15,99,60,89,3125.6,3069.6,274.0,79.14,99,59,86,3078.4,2795.4,4.0,8,0
1782920307.333,300.401,299.8,79.14,99,58,89,2987.5,2498.6,295.8,79.15,99,59,85,3167.4,3266.4,287.0,79.15,99,60,89,3272.0,3097.8,273.6,79.14,99,60,86,3045.9,2832.0,4.0,8,0
1782920307.775,300.842,300.0,79.14,99,58,89,3228.5,2595.9,296.4,79.15,99,59,85,3114.0,3481.7,287.4,79.15,99,60,89,3077.4,3137.9,274.0,79.14,99,59,86,3062.1,2822.8,4.0,8,0
1782920308.226,301.294,300.1,79.14,99,58,89,3007.9,2512.1,297.3,79.15,99,59,85,3121.4,3269.7,288.3,79.15,99,60,89,3252.3,3136.2,274.4,79.14,99,59,86,3032.7,2805.8,4.0,8,0
1782920308.671,301.738,299.8,79.14,99,58,89,3029.4,2497.2,296.9,79.15,99,59,85,3165.8,3490.0,287.9,79.15,99,60,89,3293.0,3231.1,274.4,79.14,99,59,86,3053.6,2693.0,4.0,8,0
1782920309.119,302.187,299.8,79.14,99,58,89,2967.5,2483.3,296.9,79.15,99,59,85,3145.2,3346.8,287.9,79.15,99,60,89,3246.1,3076.1,274.3,79.14,99,59,86,3033.1,2802.7,4.0,8,0
1782920309.560,302.627,299.8,79.14,99,58,89,2933.5,2458.2,296.6,79.15,99,59,85,3107.4,3327.8,287.6,79.15,99,60,89,3089.0,3060.0,274.6,79.14,99,60,86,3016.0,2884.8,4.0,8,0
1782920310.001,303.068,300.1,79.14,99,59,89,3031.0,2517.5,298.0,79.15,99,60,85,3105.5,3341.8,288.9,79.15,99,61,89,3075.4,3311.0,275.6,79.14,99,60,86,3036.4,2747.4,4.0,8,0
1782920310.440,303.508,300.0,79.14,99,59,89,2980.0,2617.3,298.5,79.15,99,59,85,3136.1,3361.2,289.6,79.15,99,60,89,3259.1,3081.2,275.3,79.14,99,59,86,3218.8,2813.5,4.0,8,0
1782920310.883,303.951,299.9,79.14,99,59,89,2966.1,2454.3,297.6,79.15,99,59,85,3125.5,3630.5,288.4,79.15,99,60,89,3125.0,3222.7,274.4,79.14,99,60,86,3050.6,2828.6,4.0,8,0
1782920311.325,304.392,300.1,79.14,99,59,89,2947.7,2456.2,297.5,79.15,99,59,85,3146.4,3301.8,288.2,79.15,99,60,89,3066.0,3415.3,274.9,79.14,99,60,86,3048.9,2881.2,4.0,8,0
1782920311.765,304.833,300.0,79.14,99,59,89,2990.9,2675.9,297.6,79.15,99,59,85,3174.1,3599.0,288.5,79.15,99,60,89,3109.0,3145.1,275.0,79.14,99,59,86,3129.1,2817.2,4.0,8,0
1782920312.211,305.279,300.0,79.14,99,58,89,2960.0,2481.3,297.6,79.15,99,59,86,3317.2,3379.0,288.4,79.15,99,60,89,3123.7,3120.6,274.6,79.14,99,59,86,3026.6,2777.5,4.0,8,0
1782920312.652,305.719,299.9,79.14,99,58,89,2992.4,2485.5,296.9,79.15,99,59,85,3101.6,3374.8,287.6,79.15,99,60,89,3249.9,3281.1,274.6,79.14,99,59,86,3034.2,2787.2,4.0,8,0
1782920313.099,306.166,299.9,79.14,99,58,89,2969.7,2422.0,296.9,79.15,99,59,85,3117.6,3382.1,287.6,79.15,99,60,89,3286.7,3168.8,274.1,79.14,99,60,86,3047.1,2835.2,4.0,8,0
1782920313.540,306.607,299.9,79.14,99,58,89,2988.0,2619.1,296.8,79.15,99,59,85,3161.7,3253.7,287.7,79.15,99,60,89,3093.5,3138.9,274.1,79.14,99,59,86,3065.4,2943.1,4.0,8,0
1782920313.980,307.047,300.0,79.14,99,59,89,2990.4,2462.0,297.3,79.15,99,59,86,3119.5,3521.5,288.6,79.15,99,60,89,3122.5,3213.1,274.8,79.14,99,59,86,3051.4,2788.7,4.0,8,0
1782920314.420,307.488,300.1,79.14,99,58,89,3204.0,2479.9,297.4,79.15,99,59,86,3145.1,3279.0,288.3,79.15,99,60,89,3079.7,3235.9,274.7,79.14,99,60,86,3059.3,2826.3,4.0,8,0
1782920314.868,307.935,300.0,79.14,99,58,89,3158.8,2521.2,297.3,79.15,99,58,85,3132.4,3399.4,287.9,79.15,99,60,89,3121.0,3409.1,274.2,79.14,99,59,86,3067.6,2812.4,4.0,8,0
1782920315.315,308.382,299.9,79.14,99,58,89,3014.7,2452.9,297.7,79.15,99,59,86,3122.4,3215.8,288.3,79.15,99,60,89,3095.9,3112.4,274.2,79.14,99,59,86,3094.9,2795.0,4.0,8,0
1782920315.757,308.824,300.0,79.14,99,59,89,3114.5,2472.2,297.7,79.15,99,59,86,3123.3,3327.6,288.7,79.15,99,60,89,3088.9,3032.9,274.5,79.14,99,60,86,3258.8,2860.3,4.0,8,0
1782920316.206,309.274,300.1,79.14,99,59,89,2953.4,2480.6,297.7,79.15,99,59,86,3283.5,3379.9,289.2,79.15,99,60,89,3123.0,3084.3,275.0,79.14,99,59,86,3008.1,2852.6,4.0,8,0
1782920316.648,309.715,300.0,79.14,99,59,89,2989.0,2518.5,297.2,79.15,99,59,86,3118.0,3623.1,289.0,79.15,99,60,89,3100.4,3644.6,275.0,79.14,99,59,86,3242.0,2781.2,4.0,8,0
1782920317.100,310.168,299.9,79.14,99,58,89,2966.3,2457.9,297.2,79.15,99,59,86,3320.4,3324.9,289.0,79.15,99,60,89,3084.6,3103.8,274.9,79.14,99,60,86,3023.0,2829.2,4.0,8,0
1782920317.543,310.610,299.9,79.14,99,58,89,2135.6,1065.8,297.1,79.15,99,59,86,49.9,65.6,288.5,79.15,99,60,89,359.3,2970.9,274.7,79.14,99,60,86,900.2,4811.6,4.0,8,0
1782920317.984,311.051,297.7,79.14,99,59,89,3089.7,2694.5,286.9,79.15,36,19,84,3305.1,2969.3,274.9,79.15,29,7,86,3087.5,2815.5,246.0,79.14,76,3,84,3094.3,2599.6,3.0,1,0
1782920318.427,311.494,236.7,79.14,99,57,89,3037.1,2568.3,228.4,79.15,99,58,85,3189.8,3135.1,223.5,79.15,99,59,88,3074.7,2897.5,215.4,79.14,99,59,86,3029.0,2940.8,3.0,8,0
1782920318.869,311.936,242.8,79.14,99,58,89,3031.7,2621.2,233.8,79.15,99,59,85,3161.2,3191.6,236.1,79.15,99,59,89,3115.0,3153.2,240.2,79.14,99,59,86,3250.7,2736.1,3.0,8,0
1782920319.311,312.379,304.3,79.14,99,57,89,3010.5,2629.6,294.9,79.15,99,58,85,3131.8,3211.9,285.8,79.15,99,59,89,3128.9,3048.1,272.7,79.14,99,59,86,3191.6,2707.3,3.0,8,0
1782920319.752,312.819,301.1,79.14,99,58,89,3710.4,2577.3,294.9,79.15,99,58,85,3147.7,3213.4,285.2,79.15,99,59,89,3343.5,3050.7,272.4,79.14,99,59,86,3080.4,2752.3,3.0,8,0
1782920320.202,313.269,300.5,79.14,99,58,89,3032.1,2477.0,294.7,79.15,99,58,85,3107.0,3327.5,285.2,79.15,99,60,89,3280.8,3060.5,272.7,79.14,99,59,86,3048.7,2738.5,3.0,8,0
1782920320.643,313.711,300.1,79.14,99,57,89,2988.4,2477.6,295.0,79.15,99,58,85,3191.5,3790.1,285.7,79.15,99,59,89,3139.8,3488.6,272.7,79.14,99,59,86,3196.7,2761.6,3.0,8,0
1782920321.096,314.163,300.1,79.14,99,58,89,3023.9,2696.9,295.0,79.15,99,58,85,3191.7,3187.3,285.7,79.15,99,59,89,3071.1,3047.8,272.6,79.14,99,59,86,3063.8,2923.5,3.0,8,0
1782920321.538,314.605,300.1,79.14,99,58,89,3028.9,2691.9,295.0,79.15,99,58,85,3162.8,3207.7,286.0,79.15,99,59,89,3098.7,3054.3,272.6,79.14,99,59,86,3063.3,2824.6,3.0,8,0
1782920321.981,315.048,299.9,79.14,99,58,89,2978.1,2578.2,294.6,79.15,99,58,85,3126.6,3315.0,285.7,79.15,99,59,89,3100.7,3060.9,272.1,79.14,99,59,86,3218.6,2701.8,3.0,8,0
1782920322.425,315.492,300.1,79.14,99,58,89,3007.9,2539.3,295.0,79.15,99,59,85,3169.8,3241.6,285.9,79.15,99,59,89,3145.7,2984.7,272.6,79.14,99,59,86,3277.2,2735.8,3.0,8,0
1782920322.867,315.935,300.0,79.14,99,57,89,3156.9,2521.5,295.4,79.15,99,58,85,3171.6,3175.6,286.2,79.15,99,59,89,3093.1,3198.9,272.5,79.14,99,59,86,3040.6,2706.2,3.0,8,0
1782920323.311,316.378,299.8,79.14,99,58,89,3034.3,2512.2,294.6,79.15,99,58,85,3153.0,3239.9,285.6,79.15,99,59,89,3078.3,3089.8,272.1,79.14,99,59,86,3074.6,2683.6,3.0,8,0
1782920323.754,316.821,299.9,79.14,99,58,89,3277.7,2542.2,294.4,79.15,99,59,85,3148.8,3272.7,285.5,79.15,99,60,89,3105.6,3002.4,272.2,79.14,99,59,86,3035.4,2673.7,3.0,8,0
1782920324.202,317.270,300.2,79.14,99,58,89,2994.7,2488.3,294.5,79.15,99,58,85,3195.2,3301.0,285.5,79.15,99,59,89,3126.6,3089.0,272.4,79.14,99,59,86,3080.1,2746.2,3.0,8,0
1782920324.645,317.713,300.0,79.14,99,58,89,2984.8,2496.5,294.9,79.15,99,58,86,3275.1,3750.6,285.5,79.15,99,60,89,3188.7,3921.3,272.4,79.14,99,59,86,3082.3,2844.8,3.0,8,0
1782920325.107,318.174,299.9,79.14,99,58,89,3005.9,2482.4,294.9,79.15,99,58,86,3234.4,3260.9,285.5,79.15,99,60,89,3140.2,3096.0,272.4,79.14,99,59,86,3086.1,2880.1,3.0,8,0
1782920325.550,318.618,299.9,79.14,99,58,89,2990.1,2682.8,295.4,79.15,99,58,85,3147.4,3255.3,285.7,79.15,99,60,89,3144.3,3095.9,272.2,79.14,99,58,86,3211.1,2751.4,3.0,8,0
1782920325.992,319.060,299.9,79.14,99,58,89,3027.6,2673.8,295.0,79.15,99,59,85,3157.4,3483.5,285.4,79.15,99,59,89,3136.4,3236.2,272.0,79.14,99,59,86,3091.5,2751.9,4.0,8,0
1782920326.453,319.521,300.0,79.14,99,58,89,3169.5,2528.6,295.1,79.15,99,58,86,3132.4,3251.0,285.5,79.15,99,59,89,3083.7,3068.3,272.1,79.14,99,59,86,3250.4,2763.5,4.0,8,0
1782920326.895,319.963,300.0,79.14,99,58,89,3011.3,2634.4,295.5,79.15,99,59,86,3164.5,3250.8,285.5,79.15,99,60,89,3104.9,3117.8,272.2,79.14,99,59,86,3196.0,2721.7,4.0,8,0
1782920327.338,320.406,300.1,79.14,99,58,89,3009.2,2663.2,295.7,79.15,99,59,86,3153.3,3254.1,286.1,79.15,99,60,89,3126.8,3090.1,272.9,79.14,99,59,86,3260.8,2796.1,4.0,8,0
1782920327.780,320.848,300.0,79.14,99,57,89,2967.4,2620.0,295.2,79.15,99,58,85,3159.6,3317.7,286.0,79.15,99,59,89,3126.1,3076.4,272.7,79.14,99,60,86,3065.7,2971.3,4.0,8,0
1782920328.226,321.293,300.1,79.14,99,58,89,2969.6,2638.9,295.9,79.15,99,59,86,3131.2,3273.2,286.5,79.15,99,60,89,3086.0,3118.1,273.0,79.14,99,59,86,3030.5,2966.0,4.0,8,0
1782920328.669,321.737,300.2,79.14,99,58,89,2992.5,2478.9,296.5,79.15,99,58,86,3325.2,3259.9,286.8,79.15,99,60,89,3165.3,3147.6,273.0,79.14,99,59,86,3404.4,2773.6,4.0,8,0
1782920329.118,322.185,299.9,79.14,99,58,89,2973.3,2512.1,296.5,79.15,99,58,86,3185.5,3195.7,286.8,79.15,99,60,89,3117.6,3077.5,273.7,79.14,99,59,86,3235.4,2744.4,4.0,8,0
1782920329.562,322.629,299.9,79.14,99,58,89,3162.2,2476.5,296.5,79.15,99,59,86,3166.0,3262.0,286.9,79.15,99,60,89,3079.7,3102.2,273.2,79.14,99,59,86,3248.8,3118.9,4.0,8,0
1782920330.007,323.074,299.9,79.14,99,58,89,3197.9,2509.2,296.2,79.15,99,58,86,3181.8,3292.7,286.8,79.15,99,60,89,3096.8,3490.7,273.0,79.14,99,59,86,3363.3,2802.4,4.0,8,0
1782920330.455,323.522,299.9,79.14,99,58,89,3030.0,2476.9,295.7,79.15,99,58,86,3136.4,3213.3,286.1,79.15,99,59,89,3141.4,3148.7,272.8,79.14,99,59,86,3074.8,2783.1,4.0,8,0
1782920330.896,323.964,300.0,79.14,99,58,89,3034.2,2494.8,295.5,79.15,99,59,86,3158.4,3282.2,285.9,79.15,99,60,89,3291.6,3053.7,272.5,79.14,99,59,86,3080.7,2713.5,4.0,8,0
1782920331.337,324.404,300.0,79.14,99,58,89,2957.1,2546.9,295.6,79.15,99,59,86,3158.5,3320.4,286.0,79.15,99,60,89,3118.3,3243.0,272.1,79.14,99,59,86,3089.7,2793.6,4.0,8,0
1782920331.777,324.844,299.8,79.14,99,58,89,3073.2,2534.9,295.6,79.15,99,58,86,3136.4,3209.1,286.1,79.15,99,59,89,3301.6,3045.4,272.6,79.14,99,59,86,3057.8,2726.8,4.0,8,0
1782920332.223,325.291,300.1,79.14,99,58,89,2946.5,2509.3,295.9,79.15,99,58,85,3103.1,3261.1,286.3,79.15,99,60,89,3100.8,3146.1,272.7,79.14,99,59,86,3072.2,2746.8,4.0,8,0
1782920332.674,325.742,300.1,79.14,99,58,89,3010.1,2480.0,295.8,79.15,99,59,86,3243.4,3299.7,286.2,79.15,99,60,89,3243.4,3137.5,272.7,79.14,99,59,86,3070.2,2900.2,4.0,8,0
1782920333.119,326.186,300.0,79.14,99,58,89,3008.1,2487.9,295.8,79.15,99,59,86,3259.9,3253.3,286.2,79.15,99,60,89,3111.6,3229.2,272.9,79.14,99,59,86,3068.5,2721.1,4.0,8,0
1782920333.561,326.628,300.0,79.14,99,58,89,3009.4,2512.3,295.9,79.15,99,59,86,3134.1,3281.0,286.5,79.15,99,60,89,3108.9,3149.0,273.3,79.14,99,59,86,3004.3,2680.6,4.0,8,0
1782920334.003,327.070,300.0,79.14,99,58,89,3007.9,2446.3,295.7,79.15,99,58,86,3123.8,3315.6,286.5,79.15,99,59,89,3128.3,3086.8,272.9,79.14,99,59,86,3052.4,2722.9,4.0,8,0
1782920334.443,327.511,300.0,79.14,99,58,89,3008.5,2486.4,295.6,79.15,99,59,86,3117.5,3198.0,286.3,79.15,99,60,89,3089.6,3157.6,273.1,79.14,99,59,86,3037.5,2764.6,4.0,8,0
1782920334.884,327.951,300.0,79.14,99,58,89,3088.5,2650.0,296.0,79.15,99,59,86,3161.5,3226.4,286.6,79.15,99,60,89,3732.6,3052.2,273.6,79.14,99,59,86,3092.3,2760.7,4.0,8,0
1782920335.331,328.399,299.8,79.14,99,58,89,2985.2,2525.5,296.2,79.15,99,59,86,3164.9,3155.7,286.9,79.15,99,60,89,3122.0,3163.0,273.4,79.14,99,59,86,3025.5,2721.9,4.0,8,0
1782920335.771,328.839,299.8,79.14,99,58,89,3183.2,2568.3,295.4,79.15,99,58,86,3122.2,3142.9,286.2,79.15,99,59,89,3115.6,3200.7,272.4,79.14,99,59,86,3086.3,2705.0,4.0,8,0
1782920336.215,329.282,299.9,79.14,99,58,89,5.6,0.7,290.2,79.15,63,38,86,0.6,0.5,277.2,79.15,41,25,86,0.7,4.6,246.8,79.14,0,0,83,0.6,0.5,4.0,8,0
1782920336.654,329.721,215.2,79.14,0,0,86,0.6,0.6,208.6,79.15,0,0,82,4.5,2.4,188.3,79.15,0,0,85,6.9,3.0,246.8,79.14,0,0,83,2.8,2.1,4.0,8,0
