{
  "num_samples": 2165,
  "duration_s": 978.2080883979797,
  "mean_power_w": 941.9193427251732,
  "max_power_w": 1155.298,
  "min_power_w": 100.842,
  "p50_power_w": 943.819,
  "p95_power_w": 1142.375,
  "mean_gpu_util_pct": 96.46120092378753,
  "max_gpu_util_pct": 100.0,
  "mean_gpu_mem_bw_util_pct": 23.655773672055428,
  "max_gpu_mem_bw_util_pct": 42.25,
  "mean_gpu_mem_used_gb": 343.7106838869443,
  "max_gpu_mem_used_gb": 343.742919921875,
  "mean_gpu_temp_c": 88.27898383371824,
  "max_gpu_temp_c": 92.0,
  "mean_pcie_tx_mb_s": 34825.26106650548,
  "max_pcie_tx_mb_s": 101013.6201171875,
  "mean_pcie_rx_mb_s": 46590.503267537526,
  "max_pcie_rx_mb_s": 131366.05078125,
  "mean_kv_cache_pct": 66.17099165894346,
  "max_kv_cache_pct": 100.0,
  "p50_kv_cache_pct": 62.0,
  "p95_kv_cache_pct": 99.0,
  "mean_requests_running": 33.81974050046339,
  "max_requests_running": 82.0,
  "mean_requests_waiting": 22.527340129749767,
  "max_requests_waiting": 45.0
}