{
  "num_samples": 1062,
  "duration_s": 455.02382922172546,
  "mean_power_w": 962.4528145009416,
  "max_power_w": 1209.2150000000001,
  "min_power_w": 96.551,
  "p50_power_w": 895.9739999999999,
  "p95_power_w": 1200.003,
  "mean_gpu_util_pct": 91.87758945386064,
  "max_gpu_util_pct": 100.0,
  "mean_gpu_mem_bw_util_pct": 36.42749529190207,
  "max_gpu_mem_bw_util_pct": 62.0,
  "mean_gpu_mem_used_gb": 367.400634765625,
  "max_gpu_mem_used_gb": 367.400634765625,
  "mean_gpu_temp_c": 87.75894538606403,
  "max_gpu_temp_c": 93.0,
  "mean_pcie_tx_mb_s": 47246.87866992555,
  "max_pcie_tx_mb_s": 134068.7509765625,
  "mean_pcie_rx_mb_s": 43399.60005719603,
  "max_pcie_rx_mb_s": 116906.5029296875,
  "mean_kv_cache_pct": 27.566626719169093,
  "max_kv_cache_pct": 43.939393939393945,
  "p50_kv_cache_pct": 30.606060606060602,
  "p95_kv_cache_pct": 43.63636363636364,
  "mean_requests_running": 16.792843691148775,
  "max_requests_running": 24.0,
  "mean_requests_waiting": 2.378531073446328,
  "max_requests_waiting": 14.0
}