{
  "num_samples": 706,
  "duration_s": 302.93198132514954,
  "mean_power_w": 869.6621671388102,
  "max_power_w": 1030.993,
  "min_power_w": 105.545,
  "p50_power_w": 999.7919999999999,
  "p95_power_w": 1000.0930000000001,
  "mean_gpu_util_pct": 92.6643059490085,
  "max_gpu_util_pct": 100.0,
  "mean_gpu_mem_bw_util_pct": 38.48760623229462,
  "max_gpu_mem_bw_util_pct": 58.0,
  "mean_gpu_mem_used_gb": 367.381103515625,
  "max_gpu_mem_used_gb": 367.381103515625,
  "mean_gpu_temp_c": 86.75070821529745,
  "max_gpu_temp_c": 90.0,
  "mean_pcie_tx_mb_s": 44710.01510905409,
  "max_pcie_tx_mb_s": 117828.9443359375,
  "mean_pcie_rx_mb_s": 42325.934520516115,
  "max_pcie_rx_mb_s": 100355.337890625,
  "mean_kv_cache_pct": 37.24396943943686,
  "max_kv_cache_pct": 58.18181818181818,
  "p50_kv_cache_pct": 37.57575757575757,
  "p95_kv_cache_pct": 58.18181818181818,
  "mean_requests_running": 34.64447592067989,
  "max_requests_running": 48.0,
  "mean_requests_waiting": 3.681303116147309,
  "max_requests_waiting": 31.0
}