{
  "num_samples": 1909,
  "duration_s": 850.885183095932,
  "mean_power_w": 840.9418370874804,
  "max_power_w": 937.269,
  "min_power_w": 315.65999999999997,
  "p50_power_w": 837.123,
  "p95_power_w": 926.0699999999999,
  "mean_gpu_util_pct": 97.9561288632792,
  "max_gpu_util_pct": 100.0,
  "mean_gpu_mem_bw_util_pct": 26.66094814038764,
  "max_gpu_mem_bw_util_pct": 29.75,
  "mean_gpu_mem_used_gb": 343.688232421875,
  "max_gpu_mem_used_gb": 343.688232421875,
  "mean_gpu_temp_c": 87.14719748559455,
  "max_gpu_temp_c": 90.0,
  "mean_pcie_tx_mb_s": 10965.171185421032,
  "max_pcie_tx_mb_s": 64545.484375,
  "mean_pcie_rx_mb_s": 14135.769366528615,
  "max_pcie_rx_mb_s": 88769.4072265625,
  "mean_kv_cache_pct": 8.162912519643793,
  "max_kv_cache_pct": 9.0,
  "p50_kv_cache_pct": 8.0,
  "p95_kv_cache_pct": 9.0,
  "mean_requests_running": 3.707700366684128,
  "max_requests_running": 4.0,
  "mean_requests_waiting": 0.0,
  "max_requests_waiting": 0.0
}