{
  "num_samples": 4055,
  "duration_s": 1830.9899535179138,
  "mean_power_w": 906.5590569667078,
  "max_power_w": 973.167,
  "min_power_w": 91.05199999999999,
  "p50_power_w": 929.064,
  "p95_power_w": 939.951,
  "mean_gpu_util_pct": 96.88144266337855,
  "max_gpu_util_pct": 100.0,
  "mean_gpu_mem_bw_util_pct": 21.708076448828606,
  "max_gpu_mem_bw_util_pct": 35.25,
  "mean_gpu_mem_used_gb": 343.930419921875,
  "max_gpu_mem_used_gb": 343.930419921875,
  "mean_gpu_temp_c": 86.88754623921085,
  "max_gpu_temp_c": 90.0,
  "mean_pcie_tx_mb_s": 33348.58364287916,
  "max_pcie_tx_mb_s": 98156.794921875,
  "mean_pcie_rx_mb_s": 44346.99378973682,
  "max_pcie_rx_mb_s": 133205.982421875,
  "mean_kv_cache_pct": 60.87246161466072,
  "max_kv_cache_pct": 100.0,
  "p50_kv_cache_pct": 66.0,
  "p95_kv_cache_pct": 96.0,
  "mean_requests_running": 16.68177315502724,
  "max_requests_running": 56.0,
  "mean_requests_waiting": 35.73823675086677,
  "max_requests_waiting": 54.0
}