{
  "num_samples": 7787,
  "duration_s": 3512.040708065033,
  "mean_power_w": 927.7863305509183,
  "max_power_w": 1097.056,
  "min_power_w": 85.102,
  "p50_power_w": 950.424,
  "p95_power_w": 966.66,
  "mean_gpu_util_pct": 97.03512264029793,
  "max_gpu_util_pct": 100.0,
  "mean_gpu_mem_bw_util_pct": 19.240753820470015,
  "max_gpu_mem_bw_util_pct": 39.25,
  "mean_gpu_mem_used_gb": 343.9796666632388,
  "max_gpu_mem_used_gb": 344.000732421875,
  "mean_gpu_temp_c": 88.07640940028253,
  "max_gpu_temp_c": 92.0,
  "mean_pcie_tx_mb_s": 34495.07346754808,
  "max_pcie_tx_mb_s": 101161.6533203125,
  "mean_pcie_rx_mb_s": 45304.65052832445,
  "max_pcie_rx_mb_s": 132530.6689453125,
  "mean_kv_cache_pct": 61.37343649258543,
  "max_kv_cache_pct": 100.0,
  "p50_kv_cache_pct": 64.0,
  "p95_kv_cache_pct": 100.0,
  "mean_requests_running": 17.684977433913605,
  "max_requests_running": 44.0,
  "mean_requests_waiting": 14.705093488072212,
  "max_requests_waiting": 31.0
}