{
  "num_samples": 3793,
  "duration_s": 1617.7437589168549,
  "mean_power_w": 870.7755984708674,
  "max_power_w": 882.745,
  "min_power_w": 192.525,
  "p50_power_w": 877.883,
  "p95_power_w": 880.732,
  "mean_gpu_util_pct": 97.50237279198524,
  "max_gpu_util_pct": 99.5,
  "mean_gpu_mem_bw_util_pct": 22.606248352227787,
  "max_gpu_mem_bw_util_pct": 23.0,
  "mean_gpu_mem_used_gb": 326.4551610285394,
  "max_gpu_mem_used_gb": 326.48828125,
  "mean_gpu_temp_c": 86.12443975744793,
  "max_gpu_temp_c": 88.0,
  "mean_pcie_tx_mb_s": 2631.229489612856,
  "max_pcie_tx_mb_s": 73375.970703125,
  "mean_pcie_rx_mb_s": 2807.614196021042,
  "max_pcie_rx_mb_s": 57298.0029296875,
  "mean_kv_cache_pct": 0.2969784264020041,
  "max_kv_cache_pct": 0.3394397123248405,
  "p50_kv_cache_pct": 0.3054957410923542,
  "p95_kv_cache_pct": 0.3362574650217942,
  "mean_requests_running": 0.970471921961508,
  "max_requests_running": 1.0,
  "mean_requests_waiting": 0.0,
  "max_requests_waiting": 0.0
}