{
  "num_samples": 3679,
  "duration_s": 1571.1551637649536,
  "mean_power_w": 982.0317254688774,
  "max_power_w": 1020.23,
  "min_power_w": 52.751000000000005,
  "p50_power_w": 999.63,
  "p95_power_w": 1004.5,
  "mean_gpu_util_pct": 97.62795596629519,
  "max_gpu_util_pct": 99.0,
  "mean_gpu_mem_bw_util_pct": 37.42491166077738,
  "max_gpu_mem_bw_util_pct": 94.25,
  "mean_gpu_mem_used_gb": 302.24485406774517,
  "max_gpu_mem_used_gb": 302.260009765625,
  "mean_gpu_temp_c": 86.55449850502853,
  "max_gpu_temp_c": 89.0,
  "mean_pcie_tx_mb_s": 3521.6134134403032,
  "max_pcie_tx_mb_s": 78500.7470703125,
  "mean_pcie_rx_mb_s": 4956.358460816458,
  "max_pcie_rx_mb_s": 65318.8125,
  "mean_kv_cache_pct": 0.7247110957358303,
  "max_kv_cache_pct": 1.2121212121212088,
  "p50_kv_cache_pct": 0.7575757575757569,
  "p95_kv_cache_pct": 0.7575757575757569,
  "mean_requests_running": 0.9646643109540636,
  "max_requests_running": 1.0,
  "mean_requests_waiting": 0.0,
  "max_requests_waiting": 0.0
}