{
  "num_samples": 577,
  "duration_s": 246.29410099983215,
  "mean_power_w": 920.0265147313692,
  "max_power_w": 1005.679,
  "min_power_w": 363.478,
  "p50_power_w": 957.106,
  "p95_power_w": 1000.371,
  "mean_gpu_util_pct": 92.81715771230503,
  "max_gpu_util_pct": 99.0,
  "mean_gpu_mem_bw_util_pct": 37.491334488734836,
  "max_gpu_mem_bw_util_pct": 48.25,
  "mean_gpu_mem_used_gb": 334.19140625,
  "max_gpu_mem_used_gb": 334.19140625,
  "mean_gpu_temp_c": 86.46620450606586,
  "max_gpu_temp_c": 89.0,
  "mean_pcie_tx_mb_s": 28335.710978119583,
  "max_pcie_tx_mb_s": 72711.35546875,
  "mean_pcie_rx_mb_s": 23797.773256404354,
  "max_pcie_rx_mb_s": 60301.96484375,
  "mean_kv_cache_pct": 4.82459389569105,
  "max_kv_cache_pct": 8.62998921251349,
  "p50_kv_cache_pct": 6.24775260697591,
  "p95_kv_cache_pct": 8.405249910104285,
  "mean_requests_running": 32.64471403812825,
  "max_requests_running": 40.0,
  "mean_requests_waiting": 0.0,
  "max_requests_waiting": 0.0
}