{
  "num_samples": 1360,
  "duration_s": 613.1035525798798,
  "mean_power_w": 978.7873360294118,
  "max_power_w": 1172.5369999999998,
  "min_power_w": 113.727,
  "p50_power_w": 944.153,
  "p95_power_w": 1150.644,
  "mean_gpu_util_pct": 96.26636029411765,
  "max_gpu_util_pct": 100.0,
  "mean_gpu_mem_bw_util_pct": 27.057720588235295,
  "max_gpu_mem_bw_util_pct": 44.75,
  "mean_gpu_mem_used_gb": 343.696044921875,
  "max_gpu_mem_used_gb": 343.696044921875,
  "mean_gpu_temp_c": 88.59338235294118,
  "max_gpu_temp_c": 92.0,
  "mean_pcie_tx_mb_s": 33067.266208783316,
  "max_pcie_tx_mb_s": 99131.53515625,
  "mean_pcie_rx_mb_s": 43427.59958639706,
  "max_pcie_rx_mb_s": 131040.5703125,
  "mean_kv_cache_pct": 67.99557848194547,
  "max_kv_cache_pct": 100.0,
  "p50_kv_cache_pct": 76.0,
  "p95_kv_cache_pct": 99.0,
  "mean_requests_running": 35.04347826086956,
  "max_requests_running": 76.0,
  "mean_requests_waiting": 20.4620486366986,
  "max_requests_waiting": 51.0
}