{
  "num_samples": 10484,
  "duration_s": 4473.175172805786,
  "mean_power_w": 987.7575922357879,
  "max_power_w": 1021.608,
  "min_power_w": 43.33,
  "p50_power_w": 1000.002,
  "p95_power_w": 1001.986,
  "mean_gpu_util_pct": 98.63570679130103,
  "max_gpu_util_pct": 100.0,
  "mean_gpu_mem_bw_util_pct": 48.19677603967951,
  "max_gpu_mem_bw_util_pct": 50.25,
  "mean_gpu_mem_used_gb": 334.1911234529998,
  "max_gpu_mem_used_gb": 334.19140625,
  "mean_gpu_temp_c": 86.09977107974056,
  "max_gpu_temp_c": 88.0,
  "mean_pcie_tx_mb_s": 4579.887733037396,
  "max_pcie_tx_mb_s": 109337.4462890625,
  "mean_pcie_rx_mb_s": 4458.261383976476,
  "max_pcie_rx_mb_s": 91007.8662109375,
  "mean_kv_cache_pct": 0.17564146050329812,
  "max_kv_cache_pct": 0.21574973031284195,
  "p50_kv_cache_pct": 0.1797914419273683,
  "p95_kv_cache_pct": 0.21237864077670032,
  "mean_requests_running": 0.9739603204883632,
  "max_requests_running": 1.0,
  "mean_requests_waiting": 0.0,
  "max_requests_waiting": 0.0
}