{
  "num_samples": 1174,
  "duration_s": 500.5769045352936,
  "mean_power_w": 915.9763126064736,
  "max_power_w": 952.472,
  "min_power_w": 361.76599999999996,
  "p50_power_w": 934.8209999999999,
  "p95_power_w": 943.592,
  "mean_gpu_util_pct": 96.21571550255537,
  "max_gpu_util_pct": 99.0,
  "mean_gpu_mem_bw_util_pct": 30.76043441226576,
  "max_gpu_mem_bw_util_pct": 35.0,
  "mean_gpu_mem_used_gb": 326.41015625,
  "max_gpu_mem_used_gb": 326.41015625,
  "mean_gpu_temp_c": 86.75809199318569,
  "max_gpu_temp_c": 89.0,
  "mean_pcie_tx_mb_s": 4183.129457749947,
  "max_pcie_tx_mb_s": 8838.1181640625,
  "mean_pcie_rx_mb_s": 3888.7797918108495,
  "max_pcie_rx_mb_s": 8908.8515625,
  "mean_kv_cache_pct": 0.6486318116559195,
  "max_kv_cache_pct": 0.8146553095796261,
  "p50_kv_cache_pct": 0.6725149300435995,
  "p95_kv_cache_pct": 0.7987440730643947,
  "mean_requests_running": 3.8798977853492334,
  "max_requests_running": 4.0,
  "mean_requests_waiting": 0.0,
  "max_requests_waiting": 0.0
}