{
  "num_samples": 3770,
  "duration_s": 1607.7271370887756,
  "mean_power_w": 1025.025274535809,
  "max_power_w": 1072.045,
  "min_power_w": 73.594,
  "p50_power_w": 1066.415,
  "p95_power_w": 1070.031,
  "mean_gpu_util_pct": 93.97440318302387,
  "max_gpu_util_pct": 99.0,
  "mean_gpu_mem_bw_util_pct": 38.637599469496024,
  "max_gpu_mem_bw_util_pct": 83.5,
  "mean_gpu_mem_used_gb": 302.23265772650035,
  "max_gpu_mem_used_gb": 302.279541015625,
  "mean_gpu_temp_c": 88.56737400530504,
  "max_gpu_temp_c": 91.0,
  "mean_pcie_tx_mb_s": 3582.8403097542273,
  "max_pcie_tx_mb_s": 80342.0283203125,
  "mean_pcie_rx_mb_s": 5065.690862794264,
  "max_pcie_rx_mb_s": 66517.4287109375,
  "mean_kv_cache_pct": 0.6986978538702673,
  "max_kv_cache_pct": 1.2121212121212088,
  "p50_kv_cache_pct": 0.7575757575757569,
  "p95_kv_cache_pct": 0.7575757575757569,
  "mean_requests_running": 0.9305039787798408,
  "max_requests_running": 1.0,
  "mean_requests_waiting": 0.0,
  "max_requests_waiting": 0.0
}