timestamp,elapsed_s,gpu0_power_w,gpu0_mem_used_gb,gpu0_util_pct,gpu0_mem_bw_util_pct,gpu0_temp_c,gpu0_pcie_tx_mb_s,gpu0_pcie_rx_mb_s,gpu1_power_w,gpu1_mem_used_gb,gpu1_util_pct,gpu1_mem_bw_util_pct,gpu1_temp_c,gpu1_pcie_tx_mb_s,gpu1_pcie_rx_mb_s,gpu2_power_w,gpu2_mem_used_gb,gpu2_util_pct,gpu2_mem_bw_util_pct,gpu2_temp_c,gpu2_pcie_tx_mb_s,gpu2_pcie_rx_mb_s,gpu3_power_w,gpu3_mem_used_gb,gpu3_util_pct,gpu3_mem_bw_util_pct,gpu3_temp_c,gpu3_pcie_tx_mb_s,gpu3_pcie_rx_mb_s,kv_cache_pct,requests_running,requests_waiting
1782839577.523,0.000,139.3,79.11,0,0,85,0.6,0.5,132.4,79.11,0,0,80,0.6,0.5,130.8,79.11,0,0,84,0.6,0.5,108.0,79.11,0,0,82,0.6,0.5,49.0,16,0
1782839577.968,0.444,139.3,79.11,0,0,85,1.2,0.6,132.4,79.11,0,0,80,0.6,0.4,128.3,79.11,0,0,84,0.6,0.5,108.0,79.11,0,0,82,0.6,0.4,49.0,16,0
1782839578.414,0.891,118.2,79.11,0,0,84,0.6,0.4,105.2,79.11,0,0,80,0.6,0.5,128.3,79.11,0,0,84,1.2,0.4,98.8,79.11,0,0,81,0.6,0.5,49.0,16,0
1782839578.855,1.332,118.2,79.11,0,0,84,1.5,0.5,105.2,79.11,0,0,79,0.6,0.4,100.6,79.11,0,0,83,0.6,2.2,98.8,79.11,0,0,81,4.6,0.5,49.0,16,0
1782839579.297,1.774,118.2,79.11,0,0,84,2.3,0.9,102.3,79.11,0,0,79,0.6,0.4,100.6,79.11,0,0,83,2.3,0.5,97.3,79.11,0,0,80,0.6,0.5,49.0,16,0
1782839579.739,2.215,116.1,79.11,0,0,84,2.6,3.8,102.3,79.11,0,0,79,5.0,0.5,97.4,79.11,0,0,83,0.6,0.5,97.3,79.11,0,0,80,2.3,0.4,49.0,16,0
1782839580.178,2.655,116.1,79.11,0,0,84,0.6,0.5,102.3,79.11,0,0,78,0.6,0.4,97.4,79.11,0,0,83,0.6,0.5,95.0,79.11,0,0,80,0.6,4.4,49.0,16,0
1782839580.618,3.095,113.7,79.11,0,0,84,0.6,0.4,98.8,79.11,0,0,78,0.6,0.5,93.3,79.11,0,0,82,0.6,2.5,95.0,79.11,0,0,80,4.8,6.9,49.0,16,0
1782839581.061,3.537,113.7,79.11,0,0,84,0.6,0.5,98.8,79.11,0,0,78,0.6,0.5,93.3,79.11,0,0,82,0.6,0.5,95.0,79.11,0,0,80,0.6,0.5,49.0,16,0
1782839581.501,3.978,112.7,79.11,0,0,83,0.6,0.5,98.5,79.11,0,0,78,0.7,0.4,93.3,79.11,0,0,82,2.2,0.4,93.9,79.11,0,0,79,0.6,0.4,49.0,16,0
1782839581.946,4.423,112.7,79.11,0,0,83,2.7,1.2,98.5,79.11,0,0,77,2.0,0.4,93.2,79.11,0,0,82,0.6,0.5,93.9,79.11,0,0,79,0.6,0.4,49.0,16,0
1782839582.394,4.871,111.9,79.11,0,0,83,2.3,0.4,97.3,79.11,0,0,77,0.8,0.4,93.2,79.11,0,0,82,2.2,0.4,92.1,79.11,0,0,79,0.6,0.4,49.0,16,0
1782839582.836,5.313,111.9,79.11,0,0,83,1.9,0.4,97.3,79.11,0,0,77,2.2,0.4,92.3,79.11,0,0,81,0.7,0.6,92.1,79.11,0,0,79,2.3,3.5,49.0,16,0
1782839583.283,5.760,111.9,79.11,0,0,83,2.8,0.4,97.0,79.11,0,0,77,1.2,0.4,92.3,79.11,0,0,81,0.6,0.5,91.7,79.11,0,0,78,0.6,0.5,49.0,16,0
1782839583.723,6.200,111.5,79.11,0,0,83,2.7,3.8,97.0,79.11,0,0,77,5.5,2.1,92.2,79.11,0,0,81,0.6,0.4,91.7,79.11,0,0,78,0.6,0.5,49.0,16,0
1782839584.168,6.645,111.5,79.11,0,0,83,0.6,0.5,97.0,79.11,0,0,77,0.6,0.4,92.2,79.11,0,0,81,0.6,0.5,90.5,79.11,0,0,78,0.7,0.4,49.0,16,0
1782839584.612,7.089,110.7,79.11,0,0,82,0.6,0.4,96.0,79.11,0,0,77,0.6,0.5,92.2,79.11,0,0,81,1.5,0.9,90.5,79.11,0,0,78,2.8,5.3,49.0,16,0
1782839585.055,7.532,110.7,79.11,0,0,82,0.6,0.4,96.0,79.11,0,0,76,0.6,0.4,91.8,79.11,0,0,81,0.6,0.5,90.5,79.11,0,0,78,0.6,0.5,49.0,16,0
1782839585.499,7.975,110.1,79.11,0,0,82,2.3,0.4,95.8,79.11,0,0,76,0.7,4.9,91.8,79.11,0,0,81,0.7,0.4,90.1,79.11,0,0,78,0.6,0.5,49.0,16,0
1782839585.952,8.429,110.1,79.11,0,0,82,2.7,2.1,95.8,79.11,0,0,76,0.6,0.4,91.4,79.11,0,0,80,0.6,0.5,90.1,79.11,0,0,78,0.6,0.5,49.0,16,0
1782839586.393,8.870,109.3,79.11,0,0,82,2.3,0.5,94.9,79.11,0,0,76,0.8,0.5,91.4,79.11,0,0,80,2.3,0.5,89.0,79.11,0,0,77,0.6,0.5,49.0,16,0
1782839586.835,9.312,109.3,79.11,0,0,82,0.6,0.5,94.9,79.11,0,0,76,2.3,0.4,91.1,79.11,0,0,80,0.7,0.6,89.0,79.11,0,0,77,2.3,3.5,49.0,16,0
1782839587.276,9.753,109.3,79.11,0,0,82,0.7,0.5,94.5,79.11,0,0,76,0.6,0.4,91.1,79.11,0,0,80,1.3,0.5,88.4,79.11,0,0,77,0.6,0.5,49.0,16,0
1782839587.719,10.195,109.1,79.11,0,0,81,4.8,2.3,94.5,79.11,0,0,76,4.6,2.1,90.8,79.11,0,0,80,0.7,0.5,88.4,79.11,0,0,77,0.6,0.5,49.0,16,0
1782839588.162,10.638,109.1,79.11,0,0,81,0.6,0.5,94.5,79.11,0,0,75,0.7,0.5,90.8,79.11,0,0,80,0.7,0.5,87.1,79.11,0,0,77,1.5,0.4,49.0,16,0
1782839588.604,11.080,108.5,79.11,0,0,81,2.1,0.4,93.9,79.11,0,0,75,0.6,0.4,90.8,79.11,0,0,80,3.5,0.6,87.1,79.11,0,0,77,2.7,3.9,49.0,16,0
1782839589.055,11.532,108.5,79.11,0,0,81,0.6,0.5,93.9,79.11,0,0,75,0.6,0.4,90.5,79.11,0,0,79,0.6,0.5,87.1,79.11,0,0,77,0.6,0.5,49.0,16,0
1782839589.497,11.974,108.1,79.11,0,0,81,2.3,0.5,93.7,79.11,0,0,75,0.7,0.5,90.5,79.11,0,0,79,2.3,0.5,86.5,79.11,0,0,76,5.6,0.5,49.0,16,0
1782839589.942,12.418,108.1,79.11,0,0,81,2.7,0.8,93.7,79.11,0,0,74,4.3,0.5,90.5,79.11,0,0,79,0.6,0.4,86.5,79.11,0,0,76,2.2,0.4,49.0,16,0
1782839590.385,12.862,107.1,79.11,0,0,80,2.2,0.4,93.3,79.11,0,0,74,0.6,0.5,90.5,79.11,0,0,79,0.6,0.5,85.4,79.11,0,0,76,0.6,0.4,49.0,16,0
1782839590.826,13.303,107.1,79.11,0,0,80,0.6,0.5,93.3,79.11,0,0,74,0.6,0.5,90.5,79.11,0,0,78,0.6,0.5,85.4,79.11,0,0,76,0.6,3.7,49.0,16,0
1782839591.265,13.741,107.1,79.11,0,0,80,0.6,0.5,93.2,79.11,0,0,74,0.6,0.4,90.5,79.11,0,0,78,0.7,0.9,85.3,79.11,0,0,76,0.6,0.5,49.0,16,0
1782839591.702,14.179,107.0,79.11,0,0,80,4.4,2.4,93.2,79.11,0,0,74,4.8,3.7,90.3,79.11,0,0,78,4.4,0.5,85.3,79.11,0,0,76,0.7,0.4,49.0,16,0
1782839592.142,14.619,107.0,79.11,0,0,80,0.6,0.5,93.2,79.11,0,0,74,2.3,0.5,90.3,79.11,0,0,78,0.6,0.5,85.3,79.11,0,0,76,3.1,0.5,49.0,16,0
1782839592.582,15.058,106.6,79.11,0,0,80,0.6,0.5,92.8,79.11,0,0,74,0.6,0.4,90.3,79.11,0,0,78,0.6,0.5,84.7,79.11,0,0,75,0.6,2.4,49.0,16,0
1782839593.021,15.498,106.6,79.11,0,0,80,1.0,0.7,92.8,79.11,0,0,73,0.6,0.5,90.2,79.11,0,0,78,1.2,0.6,84.7,79.11,0,0,75,0.6,0.5,49.0,16,0
1782839593.466,15.943,89.6,79.11,0,0,79,0.9,0.7,92.4,79.11,0,0,73,1.1,0.6,90.2,79.11,0,0,78,0.8,0.6,84.6,79.11,0,0,75,0.8,0.7,49.0,16,0
1782839593.911,16.388,89.6,79.11,0,0,79,0.7,0.6,92.4,79.11,0,0,73,3.3,2.5,66.2,79.11,0,0,76,0.8,0.7,84.6,79.11,0,0,75,0.9,0.6,49.0,16,0
1782839594.360,16.836,44.2,79.11,0,0,78,0.8,1.1,51.5,79.11,0,0,73,0.9,0.7,66.2,79.11,0,0,76,0.7,0.5,31.4,79.11,0,0,73,0.9,0.7,49.0,16,0
1782839594.805,17.281,44.2,79.11,0,0,78,4.6,0.5,51.5,79.11,0,0,72,0.9,0.7,34.3,79.11,0,0,76,2.4,0.6,31.4,79.11,0,0,73,1.1,0.8,49.0,16,0
1782839595.257,17.734,44.2,79.11,0,0,78,0.7,0.4,34.6,79.11,0,0,72,1.1,0.5,34.3,79.11,0,0,76,0.8,0.6,26.3,79.11,0,0,73,3.1,2.4,49.0,16,0
1782839595.704,18.181,42.1,79.11,0,0,77,7.5,2.6,34.6,79.11,0,0,72,5.2,2.7,32.4,79.11,0,0,75,6.3,1.3,26.3,79.11,0,0,73,3.0,0.6,49.0,16,0
1782839596.167,18.644,42.1,79.11,0,0,77,0.7,0.5,34.6,79.11,0,0,71,0.7,0.5,32.4,79.11,0,0,75,0.7,0.6,17.9,79.11,0,0,72,0.8,0.6,49.0,16,0
1782839596.618,19.095,35.1,79.11,0,0,77,0.8,0.5,32.5,79.11,0,0,71,0.7,0.5,29.3,79.11,0,0,75,1.1,2.4,17.9,79.11,0,0,72,3.1,2.3,49.0,16,0
1782839597.073,19.550,35.1,79.11,0,0,77,0.8,0.6,32.5,79.11,0,0,70,1.2,0.5,29.3,79.11,0,0,75,0.7,0.6,17.9,79.11,0,0,72,0.7,0.5,49.0,16,0
1782839597.521,19.998,34.8,79.11,0,0,76,0.7,0.5,29.6,79.11,0,0,70,0.8,0.6,29.3,79.11,0,0,75,0.8,0.5,17.9,79.11,0,0,72,0.8,0.5,49.0,16,0
1782839597.968,20.445,34.8,79.11,0,0,76,0.7,2.4,29.6,79.11,0,0,70,0.7,0.5,28.6,79.11,0,0,74,0.8,0.6,17.9,79.11,0,0,72,0.8,0.6,49.0,16,0
1782839598.417,20.894,34.0,79.11,0,0,76,3.1,0.5,29.5,79.11,0,0,70,0.7,0.5,28.6,79.11,0,0,74,0.8,0.6,17.5,79.11,0,0,71,0.8,0.6,49.0,16,0
1782839598.866,21.342,34.0,79.11,0,0,76,0.7,1.9,29.5,79.11,0,0,69,1.2,0.5,25.7,79.11,0,0,74,0.7,2.3,17.5,79.11,0,0,71,3.0,0.5,49.0,16,0
1782839599.316,21.793,34.0,79.11,0,0,76,2.4,0.5,28.6,79.11,0,0,69,0.7,0.6,25.7,79.11,0,0,74,2.3,1.1,17.2,79.11,0,0,71,0.7,0.6,49.0,16,0
1782839599.763,22.240,33.3,79.11,0,0,76,3.7,5.3,28.6,79.11,0,0,69,0.7,2.3,25.8,79.11,0,0,74,0.7,0.5,17.2,79.11,0,0,71,0.7,0.5,49.0,16,0
1782839600.220,22.696,33.3,79.11,0,0,76,2.3,0.5,28.6,79.11,0,0,69,0.9,0.6,25.8,79.11,0,0,74,0.8,0.5,17.4,79.11,0,0,70,0.8,0.6,49.0,16,0
1782839600.667,23.144,32.7,79.11,0,0,75,0.7,0.6,28.5,79.11,0,0,69,1.3,4.2,25.7,79.11,0,0,73,5.4,2.5,17.4,79.11,0,0,70,2.9,2.3,49.0,16,0
1782839601.116,23.593,32.7,79.11,0,0,75,2.4,0.6,28.5,79.11,0,0,68,0.7,0.5,25.7,79.11,0,0,73,2.5,0.5,17.4,79.11,0,0,70,0.8,0.6,49.0,16,0
1782839601.563,24.040,31.7,79.11,0,0,75,0.8,0.5,28.3,79.11,0,0,68,2.4,0.5,25.7,79.11,0,0,73,0.8,0.6,17.2,79.11,0,0,70,0.8,0.8,49.0,16,0
1782839602.009,24.486,31.7,79.11,0,0,75,2.3,0.6,28.3,79.11,0,0,68,0.7,0.6,25.4,79.11,0,0,73,2.4,0.6,17.2,79.11,0,0,70,0.8,0.6,49.0,16,0
1782839602.455,24.931,32.1,79.11,0,0,75,1.5,0.6,28.2,79.11,0,0,68,2.4,0.6,25.4,79.11,0,0,73,0.8,0.6,17.0,79.11,0,0,69,2.4,0.6,49.0,16,0
1782839602.902,25.379,32.1,79.11,0,0,75,0.7,0.6,28.2,79.11,0,0,68,0.6,2.3,25.1,79.11,0,0,73,3.9,0.5,17.0,79.11,0,0,69,0.7,0.5,49.0,16,0
1782839603.350,25.826,32.1,79.11,0,0,75,1.6,0.5,27.7,79.11,0,0,67,0.8,0.6,25.1,79.11,0,0,73,0.9,1.1,16.7,79.11,0,0,69,2.3,0.6,49.0,16,0
1782839603.797,26.274,31.8,79.11,0,0,74,0.7,2.3,27.7,79.11,0,0,67,0.7,5.1,25.2,79.11,0,0,73,0.7,0.6,16.7,79.11,0,0,69,0.8,0.8,49.0,16,0
1782839604.250,26.727,31.8,79.11,0,0,74,0.7,0.6,28.1,79.11,0,0,67,0.7,0.6,25.2,79.11,0,0,73,0.8,0.5,16.4,79.11,0,0,69,2.4,0.5,49.0,16,0
1782839604.696,27.173,30.7,79.11,0,0,74,0.8,3.9,28.1,79.11,0,0,67,3.0,2.7,25.0,79.11,0,0,72,6.7,2.4,16.4,79.11,0,0,69,0.7,0.6,49.0,16,0
1782839605.161,27.638,30.7,79.11,0,0,74,0.7,0.5,28.1,79.11,0,0,67,2.4,0.5,25.0,79.11,0,0,72,0.7,0.6,16.8,79.11,0,0,68,2.6,0.6,49.0,16,0
1782839605.607,28.083,30.6,79.11,0,0,74,0.7,0.6,27.8,79.11,0,0,66,0.7,0.5,25.0,79.11,0,0,72,1.6,0.9,16.8,79.11,0,0,68,3.0,3.7,49.0,16,0
1782839606.054,28.531,30.6,79.11,0,0,74,0.8,0.6,27.8,79.11,0,0,66,0.7,0.6,24.3,79.11,0,0,72,0.8,0.5,16.8,79.11,0,0,68,2.4,0.5,0.0,0,0
1782839606.502,28.978,30.6,79.11,0,0,73,0.7,0.6,27.5,79.11,0,0,66,0.9,0.5,24.3,79.11,0,0,72,0.7,0.6,16.7,79.11,0,0,68,0.7,0.5,0.0,0,0
1782839606.952,29.429,30.6,79.11,0,0,73,2.9,1.2,27.5,79.11,0,0,66,2.2,0.6,24.1,79.11,0,0,72,0.7,0.5,16.7,79.11,0,0,68,2.3,0.6,0.0,0,0
1782839607.405,29.882,30.1,79.11,0,0,73,0.7,0.6,27.6,79.11,0,0,66,1.0,0.5,24.1,79.11,0,0,72,1.5,0.5,16.4,79.11,0,0,68,0.8,0.5,0.0,0,0
1782839607.853,30.330,30.1,79.11,0,0,73,1.7,0.5,27.6,79.11,0,0,66,0.8,0.6,24.0,79.11,0,0,72,0.7,5.1,16.4,79.11,0,0,68,4.4,2.3,0.0,0,0
1782839608.308,30.784,30.1,79.11,0,0,73,0.7,0.6,27.1,79.11,0,0,65,0.8,0.5,24.0,79.11,0,0,72,0.8,0.6,16.4,79.11,0,0,67,0.8,0.5,0.0,0,0
1782839608.758,31.235,30.1,79.11,0,0,73,3.0,2.3,27.1,79.11,0,0,65,2.8,0.6,24.6,79.11,0,0,72,0.7,0.5,16.4,79.11,0,0,67,2.4,0.5,0.0,0,0
1782839609.213,31.690,30.1,79.11,0,0,73,0.7,0.6,27.1,79.11,0,0,65,0.8,0.6,24.6,79.11,0,0,72,2.3,0.6,16.4,79.11,0,0,67,0.8,0.5,0.0,0,0
1782839609.660,32.137,29.8,79.11,0,0,73,0.8,0.5,27.1,79.11,0,0,65,1.1,2.4,24.4,79.11,0,0,71,3.9,1.4,16.4,79.11,0,0,67,5.8,2.2,0.0,0,0
1782839610.119,32.596,29.8,79.11,0,0,73,0.6,0.5,27.1,79.11,0,0,65,0.8,0.6,24.4,79.11,0,0,71,3.0,0.5,16.4,79.11,0,0,67,0.7,0.6,0.0,0,0
1782839610.567,33.043,29.9,79.11,0,0,73,0.7,0.5,27.4,79.11,0,0,65,0.7,0.6,24.4,79.11,0,0,71,0.7,0.5,16.1,79.11,0,0,67,3.0,0.9,0.0,0,0
1782839611.018,33.495,29.9,79.11,0,0,73,0.8,0.6,27.4,79.11,0,0,65,0.7,0.5,23.9,79.11,0,0,71,2.4,0.6,16.1,79.11,0,0,67,0.8,0.5,0.0,0,0
1782839611.467,33.944,29.9,79.11,0,0,72,0.7,0.5,26.7,79.11,0,0,64,1.4,0.5,23.9,79.11,0,0,71,0.8,0.5,16.5,79.11,0,0,66,2.4,0.5,0.0,0,0
1782839611.914,34.391,29.9,79.11,0,0,72,0.8,0.7,26.7,79.11,0,0,64,3.2,1.2,23.8,79.11,0,0,71,3.6,5.1,16.5,79.11,0,0,66,0.7,0.5,0.0,0,0
1782839612.375,34.851,44.7,79.11,93,9,75,20704.7,14843.1,26.4,79.11,0,0,67,1716.2,4.4,23.8,79.11,0,0,71,2.4,1229.5,16.2,79.11,100,0,66,17944.9,17185.8,,,
1782839613.796,36.273,245.7,79.11,100,43,76,5.2,4.4,251.9,79.11,100,44,70,3.4,17175.6,251.8,79.11,99,56,77,18884.9,1617.2,246.0,79.11,100,52,72,2.6,4.9,0.0,0,0
1782839614.673,37.150,248.7,79.11,100,39,78,11237.0,14158.4,248.8,79.11,100,44,70,12044.1,8.9,241.4,79.11,100,43,78,1076.4,16739.9,231.8,79.11,100,40,72,20755.4,5.5,0.0,0,0
1782839615.118,37.595,248.6,79.11,100,37,78,20705.0,5.6,245.7,79.11,100,42,70,2.9,4.9,241.4,79.11,100,43,78,20782.0,17170.0,231.8,79.11,100,40,72,2.0,4.7,0.0,0,0
1782839615.560,38.037,252.0,79.11,100,51,79,17763.5,17112.7,248.3,79.11,99,46,70,1.8,5.0,242.3,79.11,100,48,78,1.8,17261.3,233.3,79.11,100,41,73,20764.8,5.3,0.0,0,0
1782839616.006,38.483,250.4,79.11,100,41,78,3403.6,14236.7,247.5,79.11,99,43,71,20174.9,6.8,244.0,79.11,100,40,77,9.0,4.3,237.2,79.11,100,45,72,18485.7,13340.5,0.0,0,0
1782839616.451,38.928,248.9,79.11,100,41,78,3.3,4.1,249.8,79.11,100,44,70,8090.4,13537.9,247.5,79.11,100,46,77,15364.3,5.2,241.8,79.11,100,53,73,2.5,4.2,0.0,0,0
1782839616.892,39.369,250.6,79.11,100,42,79,20704.4,4.1,254.1,79.11,100,45,71,3.5,7.2,251.2,79.11,100,55,79,6933.2,13568.6,242.4,79.11,100,55,73,16226.8,4.5,0.0,0,0
1782839617.334,39.811,250.6,79.11,100,42,79,14219.0,13731.3,253.1,79.11,100,52,71,9796.1,4.5,249.2,79.11,100,50,79,4.4,4.1,238.7,79.11,100,52,74,19767.0,13407.5,0.0,0,0
1782839617.777,40.254,250.3,79.11,100,47,79,4.0,6.7,250.6,79.11,100,56,72,20228.8,17104.5,246.7,79.11,100,43,79,1.8,4.8,239.2,79.11,100,42,73,4.1,13548.4,0.0,0,0
1782839618.224,40.701,249.6,79.11,100,52,80,2.1,5511.8,250.6,79.11,100,56,72,16826.5,14075.3,246.8,79.11,100,42,79,2.0,5.8,239.9,79.11,100,40,74,12715.3,13818.7,0.0,0,0
1782839618.666,41.143,249.0,79.11,100,38,79,18208.0,17107.9,246.9,79.11,100,43,71,2.1,10.4,245.7,79.11,100,40,79,17420.8,15698.0,237.1,79.11,100,43,74,307.2,5.7,0.0,0,0
1782839619.119,41.596,248.7,79.11,100,39,80,1582.8,15750.8,245.2,79.11,100,43,71,20703.8,4.2,245.7,79.11,100,40,79,2.7,4.4,237.1,79.11,100,43,74,12979.8,15711.3,0.0,0,0
1782839619.563,42.039,248.1,79.11,100,44,80,2.9,3.7,242.9,79.11,100,49,71,1.8,3.8,238.2,79.11,100,54,79,14539.3,13200.5,230.8,79.11,100,58,74,9669.2,4.9,0.0,0,0
1782839620.006,42.482,248.1,79.11,100,42,80,1.8,14714.1,247.1,79.11,100,43,72,16061.7,5339.2,244.9,79.11,100,47,80,2.6,4.2,236.8,79.11,100,43,74,2.2,11683.1,0.0,0,0
1782839620.450,42.927,249.8,79.11,100,42,80,3.5,4.3,252.9,79.11,100,44,73,1.8,15974.7,253.6,79.11,100,43,79,16542.5,3587.2,244.7,79.11,100,44,74,8.6,4.6,0.0,0,0
1782839620.891,43.367,251.5,79.11,100,38,81,2.0,5.0,250.9,79.11,100,43,72,4500.8,13887.2,250.5,79.11,100,47,80,18510.1,5.8,241.9,79.11,100,43,75,4.5,13347.6,0.0,0,0
1782839621.334,43.810,251.5,79.11,100,38,81,9901.0,13919.4,249.0,79.11,100,42,73,13813.4,5.8,245.3,79.11,100,41,80,4.6,17249.0,236.2,79.11,100,43,75,18701.7,1670.2,0.0,0,0
1782839621.775,44.251,250.3,79.11,100,37,81,15990.8,5126.8,246.7,79.11,100,43,72,2.0,5.1,242.7,79.11,100,41,81,12156.6,13928.0,233.6,79.11,100,40,75,11052.0,4.4,0.0,0,0
1782839622.219,44.696,248.9,79.11,100,38,81,17850.9,13219.5,246.7,79.11,100,43,72,6590.2,4.8,246.5,79.11,100,51,81,2.3,4340.0,234.0,79.11,100,49,75,16693.2,15182.7,0.0,0,0
1782839622.660,45.137,250.6,79.11,100,44,81,1.8,2608.2,250.9,79.11,100,46,73,17922.4,16125.8,246.4,79.11,100,41,81,8.5,7.2,236.0,79.11,100,42,74,5.3,16213.5,0.0,0,0
1782839623.107,45.584,250.0,79.11,100,49,82,1.7,4.0,252.6,79.11,100,58,73,4.3,959.8,246.4,79.11,100,41,81,18219.1,17198.3,236.0,79.11,100,42,74,2.2,4.6,0.0,0,0
1782839623.548,46.025,249.1,79.11,100,43,82,19959.5,13169.4,250.7,79.11,100,53,73,4609.0,4.4,248.4,79.11,100,43,82,3.6,494.4,240.0,79.11,100,42,74,19747.3,16048.5,0.0,0,0
1782839623.990,46.466,249.7,79.11,100,39,82,1.8,3.9,250.6,79.11,100,46,73,20233.5,17108.3,251.4,79.11,100,41,81,2.6,4.5,241.3,79.11,100,41,76,3.5,619.2,0.0,0,0
1782839624.435,46.912,249.2,79.11,100,39,82,2974.2,4.2,250.5,79.11,100,43,74,1.9,46.9,252.0,79.11,99,45,82,19719.5,17204.8,242.1,79.11,100,39,75,2.7,5.5,0.0,0,0
1782839624.876,47.353,251.3,79.11,100,39,82,20707.3,5.5,250.7,79.11,100,42,73,2.8,44.9,250.3,79.11,100,45,82,19704.2,17201.5,240.2,79.11,100,46,76,2.9,5.7,0.0,0,0
1782839625.318,47.795,251.3,79.11,100,39,82,2.1,5.1,248.7,79.11,100,43,73,18421.6,13329.0,246.2,79.11,100,42,81,5276.2,5.4,236.5,79.11,100,39,75,2.7,14621.0,0.0,0,0
1782839625.760,48.237,249.4,79.11,100,37,82,6916.9,6208.7,232.6,79.11,26,3,71,6517.3,5316.8,241.7,79.11,84,35,80,6431.9,5528.8,216.6,79.11,69,3,74,6244.0,5994.1,3.0,2,0
1782839626.202,48.678,225.6,79.11,93,16,81,5682.1,4127.5,232.6,79.11,26,3,71,5551.3,6155.2,221.7,79.11,100,49,82,5059.6,7134.7,211.0,79.11,100,49,76,5625.0,6570.5,3.0,2,0
1782839626.648,49.125,235.3,79.11,100,45,82,4498.3,4183.2,224.4,79.11,100,51,74,5058.6,6978.6,227.1,79.11,100,48,82,5617.4,7026.7,211.0,79.11,100,49,76,5152.6,7495.4,3.0,2,0
1782839627.094,49.571,250.9,79.11,100,44,82,4988.6,3848.1,229.3,79.11,100,48,74,5497.6,6302.4,227.1,79.11,100,48,82,5227.5,7317.2,233.3,79.11,100,47,76,5707.5,6887.1,3.0,24,0
1782839627.536,50.013,250.4,79.11,100,45,83,4591.1,4225.6,255.3,79.11,100,49,74,4834.0,5632.1,254.6,79.11,100,48,82,5610.8,6737.8,242.8,79.11,100,47,76,5705.1,7424.8,3.0,24,0
1782839627.976,50.453,250.0,79.11,100,45,83,4436.0,4317.1,252.5,79.11,100,49,74,5359.3,5629.8,252.6,79.11,100,47,82,5606.1,7091.4,241.5,79.11,100,47,76,5115.0,7466.3,3.0,24,0
1782839628.418,50.895,249.9,79.11,100,45,83,5055.2,3710.5,251.0,79.11,100,50,74,5444.7,5898.2,252.0,79.11,100,49,83,4961.6,6684.1,242.3,79.11,100,48,76,5705.4,6583.7,3.0,24,0
1782839628.859,51.336,249.9,79.11,100,45,83,5094.1,4125.3,250.4,79.11,100,49,74,4797.9,6006.5,251.2,79.11,100,48,83,6585.3,6506.3,242.9,79.11,100,48,76,5650.8,7832.0,3.0,24,0
1782839629.307,51.783,250.0,79.11,100,45,83,5049.3,4007.0,249.9,79.11,100,49,74,5394.3,5605.8,250.3,79.11,100,48,83,5523.3,7027.7,242.9,79.11,100,48,76,5196.8,7757.5,3.0,24,0
1782839629.749,52.226,250.0,79.11,100,45,83,4994.1,3952.4,250.1,79.11,100,50,74,5032.5,6202.9,250.1,79.11,100,48,83,5001.6,6407.4,243.2,79.11,100,48,77,5640.1,6897.9,3.0,24,0
1782839630.193,52.670,250.0,79.11,100,45,83,4493.7,4225.7,250.1,79.11,100,50,74,5129.7,5607.3,250.0,79.11,100,48,83,5559.3,6194.0,243.3,79.11,100,48,77,5413.2,7942.4,3.0,24,0
1782839630.638,53.115,250.0,79.11,100,45,83,4948.4,3714.3,250.0,79.11,100,49,74,5512.5,6090.5,250.4,79.11,100,49,83,5479.1,6855.7,243.3,79.11,100,48,77,5631.5,7357.9,3.0,24,0
1782839631.083,53.560,250.0,79.11,100,46,83,5066.7,4112.3,250.0,79.11,100,49,75,4884.4,6020.6,250.4,79.11,100,49,83,5417.7,6195.9,243.5,79.11,100,47,77,5679.0,7298.0,4.0,24,0
1782839631.524,54.001,250.0,79.11,100,46,84,4529.2,4187.4,250.1,79.11,100,49,75,5390.5,5621.4,250.3,79.11,100,49,84,5538.2,6316.8,244.0,79.11,100,48,77,5755.2,8232.5,4.0,24,0
1782839631.965,54.442,250.0,79.11,100,44,84,4927.9,3855.4,249.9,79.11,100,49,75,5466.2,6331.3,250.1,79.11,100,48,84,5042.4,6739.2,244.0,79.11,100,47,77,5201.4,7604.5,4.0,24,0
1782839632.855,55.332,250.0,79.11,100,46,84,4502.3,4237.8,250.2,79.11,100,50,75,5348.9,5666.5,250.1,79.11,100,49,84,5482.4,6288.8,244.9,79.11,100,48,77,5761.8,8349.3,4.0,24,0
1782839633.296,55.773,250.0,79.11,100,46,84,4547.2,4283.9,250.3,79.11,100,50,75,5334.5,5622.7,250.4,79.11,100,50,84,5447.3,6766.5,245.8,79.11,100,49,78,5266.0,7773.2,4.0,24,0
1782839633.737,56.214,250.0,79.11,100,46,84,4875.5,3874.6,250.3,79.11,100,50,75,5570.2,6090.0,250.1,79.11,100,49,84,4906.3,6635.9,245.8,79.11,100,48,78,5113.3,8054.5,4.0,24,0
1782839634.183,56.660,250.0,79.11,100,46,84,5028.7,3610.1,250.0,79.11,100,50,75,5327.4,6192.0,249.9,79.11,100,49,84,4894.5,6402.3,245.6,79.11,100,48,78,5680.1,7292.1,4.0,24,0
1782839634.626,57.103,250.0,79.11,100,46,84,4976.6,4126.1,249.8,79.11,100,50,75,4790.2,5869.0,250.0,79.11,100,48,84,6115.0,5805.5,245.6,79.11,100,48,78,6418.5,7929.9,4.0,24,0
1782839635.073,57.549,250.0,79.11,100,45,85,4866.9,3712.3,249.9,79.11,100,50,75,5390.8,5596.9,250.0,79.11,100,48,84,5466.3,7115.8,245.4,79.11,100,48,78,5184.1,7422.4,4.0,24,0
1782839635.515,57.992,250.0,79.11,100,47,85,4928.7,3820.8,250.1,79.11,100,50,75,5489.1,6367.9,250.1,79.11,100,49,85,4990.3,6350.6,245.4,79.11,100,48,78,5562.7,7258.3,4.0,24,0
1782839635.958,58.435,250.0,79.11,100,46,85,5111.9,4078.8,250.1,79.11,100,50,76,4941.5,5785.0,250.0,79.11,100,48,85,5393.1,6200.2,245.7,79.11,100,47,78,5741.7,7554.4,4.0,24,0
1782839636.400,58.877,250.0,79.11,100,46,85,4382.8,4301.6,249.9,79.11,100,49,76,5338.3,5925.9,250.0,79.11,100,49,85,5431.5,6541.7,245.5,79.11,100,47,78,5745.0,7789.5,4.0,24,0
1782839636.843,59.320,250.0,79.11,100,46,85,4928.0,3761.0,249.9,79.11,100,49,76,5362.2,6285.3,250.0,79.11,100,48,85,5000.9,6886.3,245.3,79.11,100,48,78,5348.2,7638.5,4.0,24,0
1782839637.287,59.763,250.0,79.11,100,46,85,5110.3,4121.0,250.1,79.11,100,50,76,4956.0,5908.8,250.0,79.11,100,48,85,5219.8,6272.6,245.5,79.11,100,47,78,5699.0,7488.9,4.0,24,0
1782839637.728,60.204,250.0,79.11,100,46,85,4729.3,4309.9,250.1,79.11,100,50,76,5307.6,6492.1,250.0,79.11,100,49,85,5574.0,6459.9,245.6,79.11,100,48,79,5421.9,8059.4,4.0,24,0
1782839638.172,60.649,250.0,79.11,100,46,85,4866.8,3768.9,250.1,79.11,100,50,76,5374.2,5778.7,250.1,79.11,100,49,85,5452.0,6824.5,246.1,79.11,100,48,79,5178.1,7904.4,4.0,24,0
1782839638.614,61.091,250.0,79.11,100,46,85,4910.1,3710.6,250.1,79.11,100,50,76,5461.7,6305.3,250.1,79.11,100,49,85,4901.5,6743.3,246.1,79.11,100,48,79,5432.5,7473.9,4.0,24,0
1782839639.057,61.534,250.0,79.11,100,45,86,5248.8,4061.0,250.0,79.11,100,50,76,4878.9,5801.2,250.2,79.11,100,49,86,5406.8,6415.1,246.3,79.11,100,48,79,5707.2,7826.5,5.0,24,0
1782839639.499,61.975,250.0,79.11,100,45,86,4435.2,4279.8,249.9,79.11,100,49,76,5344.9,5739.4,249.9,79.11,100,49,86,5498.1,6255.5,245.9,79.11,100,48,79,5880.7,8405.2,5.0,24,0
1782839639.941,62.418,249.9,79.11,100,46,86,4931.4,3879.8,250.0,79.11,100,50,76,5383.9,6273.5,250.0,79.11,100,48,86,4955.4,6732.6,245.6,79.11,100,48,79,5124.6,7499.3,5.0,24,0
1782839640.384,62.861,250.0,79.11,100,46,86,5120.3,4432.7,250.1,79.11,100,49,76,5014.6,6061.3,250.2,79.11,100,49,86,5211.7,6203.3,246.0,79.11,100,48,79,5727.8,7465.3,5.0,24,0
1782839640.828,63.305,250.0,79.11,100,46,86,4433.0,4198.9,249.9,79.11,100,48,77,5278.1,5864.5,250.1,79.11,100,48,86,5526.3,6779.8,246.1,79.11,100,47,79,5907.7,8474.9,5.0,24,0
1782839641.270,63.746,250.0,79.11,100,46,86,4894.4,3712.2,249.9,79.11,100,49,77,5319.2,6074.6,249.8,79.11,100,48,86,5448.1,7110.9,245.6,79.11,100,48,79,5256.1,8175.5,5.0,24,0
1782839641.711,64.188,250.0,79.11,100,46,86,5295.4,3713.4,249.9,79.11,100,49,77,6216.8,6438.9,249.9,79.11,100,48,86,5199.1,6063.5,246.0,79.11,100,48,79,5730.9,7909.0,5.0,24,0
1782839642.162,64.639,250.0,79.11,100,46,86,4495.6,4125.4,250.2,79.11,100,50,77,4776.6,5904.6,250.1,79.11,100,49,86,5396.3,6727.7,246.8,79.11,100,48,80,5756.8,8379.5,5.0,24,0
1782839642.605,65.082,250.0,79.11,100,46,86,4382.2,4356.0,250.2,79.11,100,50,77,5333.5,5820.9,250.1,79.11,100,49,86,5496.9,7180.9,246.8,79.11,100,48,80,5511.6,8480.1,5.0,24,0
1782839643.054,65.531,250.0,79.11,100,46,86,4869.0,3744.1,250.2,79.11,100,50,77,5466.4,6267.1,250.2,79.11,100,49,86,5376.9,6725.5,247.4,79.11,100,49,80,5100.5,8094.9,5.0,24,0
1782839643.497,65.974,250.0,79.11,100,46,87,5110.2,4056.5,250.1,79.11,100,50,77,4954.6,6416.5,250.1,79.11,100,49,87,5208.9,6374.5,247.8,79.11,100,48,80,5759.5,7977.7,5.0,24,0
1782839643.939,66.416,250.0,79.11,100,45,87,4670.3,4226.0,249.9,79.11,100,50,77,5306.4,5785.4,249.9,79.11,100,48,87,5528.2,6374.5,247.1,79.11,100,48,80,5702.7,8729.1,5.0,24,0
1782839644.379,66.856,250.0,79.11,100,45,87,4250.8,4391.3,249.9,79.11,100,50,77,5426.6,6062.0,249.9,79.11,100,49,87,5471.3,6842.5,246.4,79.11,100,48,80,5179.1,7901.3,5.0,24,0
1782839644.822,67.299,250.0,79.11,100,45,87,4810.9,3772.2,250.2,79.11,100,50,77,5366.0,5791.9,250.1,79.11,100,49,87,5564.3,6446.6,247.1,79.11,100,48,80,5209.9,7969.5,5.0,24,0
1782839645.263,67.740,250.0,79.11,100,47,87,4937.8,3736.6,250.1,79.11,100,50,77,5459.7,6462.8,250.1,79.11,100,49,87,4987.1,6636.0,247.6,79.11,100,48,80,5164.1,7897.4,5.0,24,0
1782839645.704,68.181,250.0,79.11,100,45,87,5209.4,4147.4,250.1,79.11,100,50,77,5227.4,6369.9,249.9,79.11,100,48,87,5390.3,6010.4,246.9,79.11,100,47,80,5718.2,7328.8,5.0,24,0
1782839646.149,68.626,250.0,79.11,100,45,87,4616.8,4409.2,249.8,79.11,100,49,78,5336.1,6205.3,249.9,79.11,100,49,87,5513.6,6357.0,246.9,79.11,100,47,80,5885.7,8028.4,5.0,24,0
1782839646.591,69.068,250.0,79.11,100,45,87,4904.2,3814.2,249.8,79.11,100,49,78,5411.3,6283.4,249.9,79.11,100,49,87,5488.0,6643.8,246.0,79.11,100,47,80,5325.1,8091.8,5.0,24,0
1782839647.034,69.511,250.0,79.11,100,46,87,5012.4,3610.3,250.1,79.11,100,50,78,5497.1,6435.4,250.1,79.11,100,48,87,5027.6,6767.0,246.3,79.11,100,48,80,5680.0,8095.5,6.0,24,0
1782839647.476,69.952,250.0,79.11,100,46,87,5164.1,4023.6,250.1,79.11,100,49,78,4907.5,6308.7,250.1,79.11,100,49,87,4867.4,6517.6,246.9,79.11,100,48,81,5719.2,7738.7,6.0,24,0
1782839647.919,70.396,250.0,79.11,100,46,87,4539.6,4195.2,250.0,79.11,100,50,78,5101.6,6013.8,250.0,79.11,100,48,87,5489.2,6367.1,247.3,79.11,100,48,81,5884.2,8599.1,6.0,24,0
1782839648.363,70.840,250.0,79.11,100,46,87,4446.4,4251.7,250.0,79.11,100,50,78,5410.3,6255.8,250.0,79.11,100,48,88,5648.1,6913.6,247.2,79.11,100,48,81,5268.9,8311.7,6.0,24,0
1782839648.806,71.282,250.0,79.11,100,45,88,4870.6,3795.9,249.9,79.11,100,49,78,5484.8,6769.5,249.9,79.11,100,48,88,4946.7,6676.3,247.0,79.11,100,48,81,5204.0,8053.4,6.0,24,0
1782839649.247,71.724,250.0,79.11,100,45,88,5110.3,3560.0,249.9,79.11,100,49,78,5498.1,6517.8,250.0,79.11,100,49,88,5027.8,6467.6,247.4,79.11,100,48,81,5661.4,7933.0,6.0,24,0
1782839649.688,72.165,250.0,79.11,100,46,88,5168.8,4428.8,250.0,79.11,100,50,78,5492.8,6974.4,250.0,79.11,100,49,88,5552.3,6332.8,248.0,79.11,100,48,81,5754.4,8514.0,6.0,24,0
1782839650.140,72.617,250.0,79.11,100,46,88,4471.2,4017.4,250.1,79.11,100,50,78,5364.9,6264.6,250.0,79.11,100,48,88,5466.4,6875.7,248.0,79.11,100,48,81,5362.9,7903.6,6.0,24,0
1782839650.583,73.059,250.0,79.11,100,46,88,5008.1,3567.1,250.0,79.11,100,50,78,5522.8,6543.5,250.0,79.11,100,48,88,5003.3,6761.0,247.7,79.11,100,48,81,6458.2,7961.5,6.0,24,0
1782839651.029,73.506,250.0,79.11,100,46,88,5037.4,4078.4,250.0,79.11,100,50,78,4953.1,6582.7,250.0,79.11,100,49,88,5363.5,6429.5,247.7,79.11,100,48,81,5868.2,8344.5,6.0,24,0
1782839651.470,73.947,250.0,79.11,100,46,88,4556.2,4234.1,250.0,79.11,100,50,78,5015.2,6025.7,250.0,79.11,100,49,88,5475.7,6406.2,248.0,79.11,100,48,81,5711.1,8914.2,6.0,24,0
1782839651.912,74.389,250.0,79.11,100,46,88,4493.6,4243.7,250.1,79.11,100,50,78,5572.1,6026.6,250.0,79.11,100,49,88,5446.6,6515.3,248.1,79.11,100,48,81,5493.8,8286.9,6.0,24,0
1782839652.355,74.832,250.0,79.11,100,46,88,4760.3,3764.3,250.0,79.11,100,49,79,5407.1,6496.2,250.0,79.11,100,49,88,5580.5,6899.4,247.9,79.11,100,48,81,5323.5,8065.2,6.0,24,0
1782839652.796,75.273,250.0,79.11,100,46,88,4935.8,3639.0,249.9,79.11,100,50,79,5497.4,6900.7,250.0,79.11,100,48,88,5107.5,6610.6,247.9,79.11,100,48,81,5195.7,9564.5,6.0,24,0
1782839653.242,75.718,250.0,79.11,100,45,88,5111.3,3973.6,249.9,79.11,100,50,79,4932.5,6594.9,250.0,79.11,100,48,88,4879.9,6357.6,247.8,79.11,100,47,82,5792.2,8075.6,6.0,24,0
1782839653.684,76.161,250.0,79.11,100,46,89,5114.7,4047.4,250.0,79.11,100,50,79,5003.1,6140.8,250.1,79.11,100,49,88,5391.2,6443.7,248.3,79.11,100,48,82,5787.4,8278.3,6.0,24,0
1782839654.127,76.604,250.0,79.11,100,46,89,4482.6,4181.8,250.0,79.11,100,50,79,4875.5,6160.7,250.0,79.11,100,49,89,5364.1,6204.4,248.3,79.11,100,48,82,5828.4,8693.6,6.0,24,0
1782839654.572,77.048,250.0,79.11,100,45,89,5293.5,4008.6,250.0,79.11,100,50,79,5424.7,6148.9,250.0,79.11,100,49,89,5501.4,6923.6,248.3,79.11,100,48,82,5340.0,9425.4,6.0,24,0
1782839655.020,77.497,250.0,79.11,100,46,89,5049.5,3560.0,250.0,79.11,100,50,79,5353.2,6328.0,250.0,79.11,100,48,89,5054.4,6318.8,248.4,79.11,100,48,82,5725.6,8189.8,7.0,24,0
1782839655.461,77.938,250.0,79.11,100,46,89,5051.3,3959.2,250.0,79.11,100,50,79,5013.6,6182.0,250.0,79.11,100,48,89,5136.5,6715.7,248.3,79.11,100,48,82,5822.4,8361.3,7.0,24,0
1782839655.902,78.379,250.0,79.11,100,45,89,5191.3,4075.2,250.0,79.11,100,50,79,5422.3,6496.0,250.0,79.11,100,49,89,5332.4,6292.7,248.2,79.11,100,48,82,5771.2,8597.3,7.0,24,0
1782839656.345,78.822,250.0,79.11,100,45,89,4498.1,3975.0,250.1,79.11,100,50,79,4850.8,6139.4,250.0,79.11,100,49,89,5344.0,6121.2,248.6,79.11,100,48,82,5727.3,8155.9,7.0,24,0
1782839656.786,79.263,250.0,79.11,100,46,89,4372.3,4186.9,250.1,79.11,100,50,79,4829.5,6535.2,250.1,79.11,100,49,89,5444.3,6214.6,248.7,79.11,100,48,82,5795.8,9127.5,7.0,24,0
1782839657.230,79.707,250.0,79.11,100,46,89,4616.1,4225.9,250.1,79.11,100,50,79,5388.7,6289.5,250.0,79.11,100,49,89,5529.3,6469.6,248.2,79.11,100,47,82,5465.0,8948.8,7.0,24,0
1782839657.671,80.148,250.0,79.11,100,45,89,4365.1,4226.3,249.9,79.11,100,50,79,5359.0,6879.9,249.9,79.11,100,48,89,5920.0,6558.9,248.2,79.11,100,48,82,5238.6,7829.5,7.0,24,0
1782839658.120,80.597,250.0,79.11,100,46,89,5039.4,3560.2,249.9,79.11,100,50,79,5480.6,6531.9,249.9,79.11,100,48,89,4966.9,6747.4,248.2,79.11,100,48,82,5200.0,8407.4,7.0,24,0
1782839658.562,81.039,250.0,79.11,100,46,89,4914.2,3500.6,250.0,79.11,100,50,79,5491.6,6725.7,249.9,79.11,100,49,89,5306.2,6458.1,248.2,79.11,100,48,82,5782.4,9228.5,7.0,24,0
1782839659.005,81.482,250.0,79.11,100,46,89,5042.6,4006.4,250.1,79.11,100,50,79,4980.8,6690.6,250.0,79.11,100,49,89,4977.1,6519.9,248.8,79.11,100,48,82,5721.4,8048.0,7.0,24,0
1782839659.446,81.922,250.0,79.11,100,45,89,5113.8,3974.2,250.0,79.11,100,50,79,4897.6,6561.6,250.0,79.11,100,49,89,4818.7,6633.2,248.8,79.11,100,47,82,5732.4,8279.1,7.0,24,0
1782839659.886,82.363,250.0,79.11,100,46,89,5120.5,4034.9,250.0,79.11,100,50,79,4894.1,3124.3,250.1,79.11,100,49,89,2.9,2.1,248.7,79.11,100,48,82,1.2,0.5,,,
1782839661.305,83.782,233.5,79.11,100,41,89,20537.9,12438.3,253.5,79.11,100,42,80,4575.8,4.1,249.2,79.11,100,40,89,1.8,3.9,246.1,79.11,100,40,83,2447.8,15299.0,7.0,24,0
1782839662.457,84.934,249.6,79.11,100,36,89,8651.8,13391.7,249.6,79.11,100,40,79,15386.3,5.5,248.2,79.11,100,39,90,3.1,4837.4,241.1,79.11,100,39,83,16029.1,15276.7,7.0,24,0
1782839662.899,85.376,248.5,79.11,100,35,89,15835.2,10694.2,249.0,79.11,100,42,81,2.0,7.9,248.6,79.11,100,39,89,1570.2,16009.0,237.9,79.11,100,37,83,20757.9,4.8,7.0,24,0
1782839663.342,85.819,248.5,79.11,100,35,89,6863.1,12792.9,251.8,79.11,100,39,80,17838.0,4.4,252.4,79.11,100,47,90,1.9,4.6,236.2,79.11,100,44,83,9815.5,12706.7,7.0,24,0
1782839663.785,86.262,250.6,79.11,100,43,90,3.4,6.7,252.1,79.11,100,47,80,1301.0,16077.2,251.8,79.11,100,49,90,20751.4,4.4,239.6,79.11,100,41,83,2.7,4.8,7.0,24,0
1782839664.229,86.705,251.7,79.11,100,50,90,15414.2,7608.0,252.1,79.11,100,47,80,3.5,4.5,250.5,79.11,100,45,90,1.8,10952.0,241.6,79.11,100,42,83,15421.3,9754.9,7.0,24,0
1782839664.670,87.147,250.2,79.11,100,50,90,3.4,4.0,251.9,79.11,100,59,80,20774.1,17115.4,250.9,79.11,100,51,90,8.0,7.2,243.9,79.11,100,46,83,7.6,643.1,7.0,24,0
1782839665.127,87.604,250.7,79.11,100,47,90,20704.2,4.2,250.7,79.11,100,55,80,3.6,4.7,251.6,79.11,100,54,90,9463.2,13077.8,243.9,79.11,100,46,83,15075.4,4.6,7.0,24,0
1782839665.568,88.045,250.5,79.11,100,45,90,1.6,12809.9,251.8,79.11,100,51,80,15714.2,6272.7,251.6,79.11,100,54,90,3.5,4.6,243.8,79.11,100,46,83,1093.3,16824.9,7.0,24,0
1782839666.012,88.489,250.2,79.11,100,47,90,2.7,4.3,250.9,79.11,100,52,80,2.0,7066.7,249.9,79.11,100,51,90,15803.5,13060.1,243.9,79.11,100,44,84,4.5,5.2,7.0,24,0
1782839666.453,88.930,249.1,79.11,100,44,90,5746.9,5.0,248.9,79.11,100,46,81,2.6,14453.9,249.3,79.11,100,41,90,17983.2,3417.4,240.4,79.11,100,39,82,2.0,4.9,7.0,24,0
1782839666.897,89.374,249.8,79.11,100,37,90,2.9,4.8,249.3,79.11,100,38,81,20272.3,14018.7,251.2,79.11,100,43,89,2384.6,5.6,239.2,79.11,100,38,83,495.5,17780.5,7.0,24,0
1782839667.340,89.817,249.8,79.11,100,37,90,19510.2,842.9,241.8,79.11,100,11,81,3.5,4.3,248.4,79.11,98,20,91,431.3,16845.6,230.3,79.11,100,19,83,18311.5,2125.4,7.0,24,0
1782839667.783,90.260,249.0,79.11,100,59,90,3.2,6.6,249.3,79.11,100,67,80,1.8,71.0,246.5,79.11,100,46,90,17805.3,12313.7,237.4,79.11,100,56,84,6428.9,4.4,7.0,24,0
1782839668.226,90.702,249.7,79.11,100,43,89,1.8,3.9,249.3,79.11,100,67,80,20264.7,14479.3,250.5,79.11,100,56,89,1663.7,4.0,246.3,79.11,100,57,84,4.2,3.7,7.0,24,0
1782839668.668,91.144,251.1,79.11,100,41,90,15440.4,8554.9,251.1,79.11,100,42,80,2.0,9.7,251.8,79.11,100,38,90,1106.1,16733.0,245.2,79.11,100,39,83,20761.9,10.1,7.0,24,0
1782839669.121,91.598,248.0,79.11,100,37,89,17155.3,17114.3,247.6,79.11,100,40,81,2.0,5.4,251.8,79.11,100,38,90,1102.1,16756.8,245.2,79.11,100,39,83,20752.4,5.8,7.0,24,0
1782839669.562,92.039,249.5,79.11,100,35,90,17360.9,5.1,249.5,79.11,100,43,81,3.1,5848.2,250.5,79.11,100,43,90,15815.8,14076.1,241.3,79.11,100,44,84,3.4,6.4,7.0,24,0
1782839670.007,92.484,250.8,79.11,100,37,90,1.9,4.3,249.1,79.11,100,38,80,490.7,16595.6,248.2,79.11,100,38,89,17211.9,2908.8,238.5,79.11,100,37,84,2.0,5.2,7.0,24,0
1782839670.449,92.926,249.9,79.11,100,45,90,15530.9,7173.2,248.6,79.11,100,46,81,2.7,5.4,246.9,79.11,100,38,90,1078.0,16819.4,238.1,79.11,100,39,83,20201.6,184.0,7.0,24,0
1782839670.891,93.368,249.1,79.11,100,40,89,14.0,7441.2,249.5,79.11,100,38,81,15868.0,12840.5,249.0,79.11,100,37,89,6.2,4.6,239.7,79.11,100,40,83,1.9,10034.6,7.0,24,0
1782839671.335,93.812,249.1,79.11,100,40,89,13600.8,4.0,250.2,79.11,100,42,81,3.6,4.5,250.5,79.11,100,41,89,8623.5,13039.4,243.3,79.11,100,38,83,15654.5,4.4,7.0,24,0
1782839671.777,94.254,250.5,79.11,100,41,90,5.0,10405.0,250.9,79.11,100,47,81,15524.5,10154.2,250.0,79.11,100,40,89,3.5,4.3,242.3,79.11,100,39,83,2.7,7174.8,7.0,24,0
1782839672.225,94.702,250.3,79.11,100,45,89,8723.4,4.2,250.9,79.11,100,47,81,1.8,4.0,249.2,79.11,100,40,90,17401.4,12659.1,241.9,79.11,100,38,83,7297.9,4.6,7.0,24,0
1782839672.667,95.144,250.1,79.11,100,46,89,1.8,14890.8,250.6,79.11,100,50,81,22444.5,12.7,248.4,79.11,100,39,90,11.2,9.7,242.3,79.11,100,38,83,4680.7,13379.5,7.0,24,0
1782839673.121,95.598,251.0,79.11,100,48,89,1.9,4.4,250.3,79.11,100,53,81,712.9,16602.0,248.4,79.11,100,39,90,20746.4,4.6,242.3,79.11,100,38,83,3.6,4.6,7.0,24,0
1782839673.564,96.040,249.8,79.11,100,37,90,2.0,4.9,249.9,79.11,100,44,82,14805.7,13202.5,248.9,79.11,100,39,89,9302.3,5.6,243.9,79.11,100,38,84,2.7,17318.6,7.0,24,0
1782839674.009,96.486,249.8,79.11,100,38,90,2.0,11545.6,251.6,79.11,100,42,81,26677.4,13858.3,252.5,79.11,100,45,89,19712.3,12904.2,242.1,79.11,100,40,84,19480.3,12601.8,9.0,0,21
1782839674.453,96.929,249.4,79.11,100,55,90,15648.7,11900.4,244.0,79.11,100,13,82,1.8,3.9,246.9,79.11,98,16,89,2.7,502.8,231.9,79.11,100,25,83,16122.3,12246.0,9.0,0,21
1782839674.896,97.372,250.4,79.11,100,46,89,20710.6,4.7,249.2,79.11,100,71,81,2.8,6.8,245.9,79.11,100,42,90,1100.1,16818.7,238.3,79.11,100,53,84,19168.6,1312.4,9.0,0,21
1782839675.340,97.816,250.4,79.11,100,46,89,1.5,3.7,256.7,79.11,100,41,81,3.2,9418.2,250.3,79.11,100,56,89,14735.5,11449.2,247.4,79.11,100,58,84,1.8,4.5,9.0,0,21
1782839675.782,98.259,250.9,79.11,100,41,89,20710.8,17114.7,247.1,79.11,100,41,82,2.6,4.3,252.2,79.11,100,40,88,4.2,528.0,245.5,79.11,100,37,83,19731.2,17210.1,9.0,0,21
1782839676.226,98.702,247.8,79.11,100,38,89,17079.0,13139.7,247.1,79.11,100,41,82,7363.7,5.9,250.5,79.11,100,42,89,2.0,17294.2,240.7,79.11,100,43,84,18976.2,1469.7,9.0,0,21
1782839676.667,99.144,249.8,79.11,100,35,89,20705.2,5.3,248.8,79.11,100,41,81,3.1,6448.9,249.6,79.11,100,39,89,23213.6,3828.1,239.2,79.11,100,37,84,6.2,5.3,9.0,0,21
1782839677.120,99.597,250.1,79.11,100,36,89,2.1,4.8,249.1,79.11,100,40,82,2.0,14369.2,249.6,79.11,100,39,89,15734.5,5623.9,239.2,79.11,100,37,84,3.4,4.6,9.0,0,21
1782839677.563,100.039,249.3,79.11,100,46,89,20709.3,17109.2,248.8,79.11,100,46,82,1.9,4.8,248.0,79.11,100,39,90,2.8,12607.6,239.0,79.11,100,39,83,15875.3,7404.6,9.0,0,21
1782839678.007,100.484,249.7,79.11,100,41,89,1.8,1362.9,250.4,79.11,100,40,82,17769.7,17109.9,249.3,79.11,100,37,89,1.8,4.4,240.1,79.11,100,40,84,2.6,1622.2,9.0,0,21
1782839678.450,100.926,250.2,79.11,100,39,89,20704.8,4.0,249.6,79.11,100,41,82,3.5,4.3,250.9,79.11,100,41,88,1124.5,16733.0,244.6,79.11,100,39,83,20751.4,4.6,9.0,0,21
1782839678.891,101.368,249.6,79.11,100,38,89,3.5,2956.1,250.7,79.11,100,41,82,16565.9,16941.1,249.6,79.11,100,39,88,8.3,10.7,244.4,79.11,100,39,84,3.8,11770.2,9.0,0,21
1782839679.342,101.819,249.6,79.11,100,38,89,1.8,4.3,250.6,79.11,100,39,82,4.3,2927.1,248.5,79.11,100,40,88,16239.5,16713.9,243.8,79.11,100,38,84,2.7,4.4,9.0,0,21
1782839679.786,102.262,249.9,79.11,100,37,89,13854.7,12705.9,249.9,79.11,100,40,82,10383.4,4.4,250.0,79.11,99,37,88,3.5,4.0,243.5,79.11,100,38,83,16370.4,12833.3,9.0,0,21
1782839680.229,102.706,249.3,79.11,100,38,89,1.9,4503.9,249.9,79.11,100,40,82,17734.7,14226.3,249.4,79.11,100,39,89,2.1,5.6,242.7,79.11,100,43,84,7246.0,13361.3,9.0,0,21
1782839680.673,103.150,249.5,79.11,100,36,89,11958.8,13237.0,249.9,79.11,100,39,81,12360.3,9.6,249.3,79.11,100,39,89,11.4,17285.1,239.7,79.11,100,37,84,20744.2,6.1,9.0,0,21
1782839681.122,103.599,249.0,79.11,100,34,89,20635.0,16190.8,250.0,79.11,100,39,82,16474.0,3687.5,249.3,79.11,100,39,89,3.3,4.1,239.7,79.11,100,37,84,3.4,17283.5,12.0,1,20
1782839681.565,104.042,248.2,79.11,100,45,90,20704.7,3.6,242.7,79.11,100,30,82,2.7,4.1,243.9,79.11,100,11,89,1.7,2489.7,231.8,79.11,100,51,84,17274.2,17211.4,12.0,1,20
1782839682.008,104.484,251.9,79.11,100,56,89,1.8,3.9,248.3,79.11,100,50,82,1.8,67.6,248.3,79.11,100,40,89,19734.6,16004.0,237.3,79.11,100,38,84,46.6,4.3,12.0,1,20
1782839682.449,104.926,253.2,79.11,100,46,89,2.4,4.0,255.3,79.11,100,61,81,20254.0,17111.0,249.3,79.11,100,48,89,2.0,4.3,247.0,79.11,100,52,85,2.8,583.2,12.0,1,20
1782839682.891,105.368,248.4,79.11,100,38,89,17918.3,4.9,252.2,79.11,100,42,81,2.1,1824.8,251.7,79.11,100,54,89,17378.2,17200.0,247.1,79.11,100,50,85,2.2,11.0,12.0,1,20
1782839683.336,105.813,248.4,79.11,100,38,89,2.1,5.5,246.9,79.11,100,46,82,13597.6,13193.5,249.7,79.11,100,40,89,9895.7,5.6,242.3,79.11,100,38,84,4.5,11594.9,12.0,1,20
1782839683.780,106.257,247.2,79.11,100,35,89,2.8,17120.0,248.9,79.11,100,38,82,20707.6,5.3,247.0,79.11,100,43,89,4.6,4.9,237.4,79.11,100,37,84,18947.7,13117.3,12.0,1,20
1782839684.225,106.702,248.4,79.11,100,38,89,1.8,4.0,248.9,79.11,100,38,82,20249.3,17013.5,251.8,79.11,100,39,88,2.0,4.4,241.9,79.11,100,50,85,4.0,599.0,12.0,1,20
1782839684.668,107.145,250.9,79.11,100,38,90,1.9,4.0,249.9,79.11,100,41,81,3.4,71.2,252.0,79.11,100,46,89,19725.7,17203.9,245.8,79.11,100,58,85,4.6,4.8,12.0,1,20
1782839685.118,107.594,250.5,79.11,100,37,88,20708.6,14941.2,250.2,79.11,100,43,82,1656.9,4.4,252.0,79.11,100,46,89,3.2,494.4,245.8,79.11,100,58,85,19752.4,14347.2,12.0,1,20
1782839685.560,108.037,249.6,79.11,100,38,89,1.8,4.1,250.5,79.11,100,42,83,518.9,17158.6,251.2,79.11,100,54,89,20748.4,5.0,245.0,79.11,100,56,85,1.8,7.0,12.0,1,20
1782839686.004,108.480,249.5,79.11,100,39,89,20712.7,16322.1,249.5,79.11,100,42,82,24.5,4.6,250.6,79.11,100,53,89,2.4,1797.8,247.5,79.11,100,53,85,17373.9,17216.1,12.0,1,20
1782839686.445,108.922,249.5,79.11,100,38,89,1.7,4.0,248.4,79.11,100,41,83,9934.5,12589.3,251.8,79.11,100,50,89,11326.2,4.6,244.4,79.11,100,52,85,2.3,16.7,12.0,1,20
1782839686.890,109.367,249.6,79.11,100,39,89,20706.4,4.2,250.1,79.11,100,42,82,2.7,7.6,250.0,79.11,100,53,89,13182.7,13073.2,243.4,79.11,100,52,85,11325.1,5.0,12.0,1,20
1782839687.333,109.810,249.6,79.11,100,39,89,17263.9,2625.2,251.3,79.11,100,49,82,2.6,5.2,247.9,79.11,100,47,89,20801.8,14576.6,240.6,79.11,100,40,85,1605.6,5.3,12.0,1,20
1782839687.776,110.253,248.6,79.11,100,37,89,4.2,7.8,249.4,79.11,100,40,81,532.7,17108.4,248.3,79.11,100,37,89,20752.7,5.5,239.9,79.11,100,39,85,2.3,587.9,14.0,2,19
1782839688.226,110.703,249.2,79.11,100,38,89,20709.0,17110.0,249.4,79.11,100,40,81,1.8,4.3,242.2,79.11,100,13,89,1.9,518.8,236.5,79.11,100,59,85,19735.5,17208.1,14.0,2,19
1782839688.668,111.145,250.2,79.11,100,52,89,20705.9,3.6,243.3,79.11,100,65,82,3.5,11.8,249.3,79.11,100,69,88,1099.0,16835.9,241.1,79.11,100,53,85,17787.3,2391.1,14.0,2,19
1782839689.119,111.595,248.8,79.11,100,40,88,1.8,3.8,247.5,79.11,100,41,82,542.1,17148.2,249.3,79.11,100,69,88,20750.1,4.0,241.1,79.11,100,53,85,4.3,4.3,14.0,2,19
1782839689.566,112.042,252.1,79.11,100,53,89,14499.6,12830.4,253.6,79.11,100,51,82,10435.1,4.5,256.1,79.11,100,42,88,1.8,4.0,248.0,79.11,100,39,84,18307.6,16610.7,14.0,2,19
1782839690.010,112.487,249.8,79.11,100,49,89,2.4,15749.7,251.8,79.11,100,54,82,15857.4,4599.2,247.1,79.11,100,39,89,2.1,5.2,243.6,79.11,100,38,84,13599.6,13025.3,14.0,2,19
1782839690.453,112.929,248.6,79.11,100,34,89,20709.1,17108.7,250.0,79.11,100,39,83,4.0,5.6,248.8,79.11,100,40,88,1076.9,16791.4,244.1,79.11,100,38,85,20751.3,6.4,14.0,2,19
1782839690.894,113.371,248.5,79.11,100,37,89,17976.4,2183.6,247.6,79.11,100,39,82,1.9,7.4,249.1,79.11,100,37,89,1124.7,16485.6,242.7,79.11,100,40,85,20748.9,10.6,14.0,2,19
1782839691.336,113.813,248.5,79.11,100,37,89,4046.5,13728.8,252.2,79.11,100,53,82,19992.6,4.3,249.7,79.11,100,43,89,1.9,4.7,239.8,79.11,100,53,85,8993.9,13057.8,14.0,2,19
1782839691.780,114.257,250.6,79.11,100,41,89,1.9,7.1,253.8,79.11,100,61,82,20237.6,17109.5,250.6,79.11,100,39,89,3.6,4.6,242.7,79.11,100,40,85,2.4,654.3,14.0,2,19
1782839692.228,114.705,250.9,79.11,100,43,89,20105.3,4.1,253.8,79.11,100,61,82,1.8,4.6,248.3,79.11,100,40,89,7019.9,13111.3,245.3,79.11,100,39,84,17298.5,4.6,14.0,2,19
1782839692.670,115.147,249.5,79.11,100,49,89,1.8,14426.2,250.2,79.11,100,59,82,16157.0,5708.3,249.0,79.11,100,39,89,7.9,9.6,244.8,79.11,100,39,84,512.3,16032.0,14.0,2,19
1782839693.113,115.590,250.0,79.11,100,51,89,1.8,4.3,251.0,79.11,100,55,82,8.1,7574.4,249.0,79.11,100,39,89,17141.4,10981.5,244.8,79.11,100,39,84,1.9,4.6,14.0,2,19
1782839693.559,116.036,249.2,79.11,100,42,89,20707.4,17109.5,250.6,79.11,100,50,83,3.5,4.5,249.0,79.11,100,38,89,1.9,4324.1,245.2,79.11,100,39,84,15507.5,16171.4,14.0,2,19
1782839694.001,116.478,248.3,79.11,100,38,89,3.6,17117.2,249.3,79.11,100,43,83,17289.1,2636.4,249.5,79.11,100,39,88,4.6,5.2,245.4,79.11,100,38,86,13998.8,13271.9,14.0,2,19
1782839694.444,116.921,250.1,79.11,100,35,89,20707.3,14282.9,249.9,79.11,100,41,82,2576.1,5.7,250.9,79.11,100,40,89,1077.1,16784.2,244.7,79.11,100,41,85,20748.5,6.1,14.0,2,19
1782839694.886,117.363,250.1,79.11,100,35,89,16650.8,15652.5,249.7,79.11,100,38,83,15167.4,17260.8,249.7,79.11,100,35,88,15360.9,16002.9,241.3,79.11,100,39,85,16216.5,14322.3,17.0,3,18
1782839695.329,117.806,250.1,79.11,100,35,89,1.7,3.5,245.6,79.11,100,48,82,1.7,6903.7,243.1,79.11,100,63,89,14945.8,13792.3,236.8,79.11,100,62,85,2.2,4.0,17.0,3,18
1782839695.773,118.250,248.6,79.11,100,42,89,5.2,6.8,249.9,79.11,100,51,83,19713.3,12471.3,247.3,79.11,100,39,89,4702.9,4.3,238.5,79.11,100,39,84,1.8,4.7,17.0,3,18
1782839696.219,118.696,250.3,79.11,100,52,89,13588.9,12253.5,249.9,79.11,100,51,83,11953.4,4.4,255.2,79.11,100,46,89,3.4,4.1,248.5,79.11,100,50,85,14440.8,14635.3,17.0,3,18
1782839696.663,119.140,250.7,79.11,100,46,89,1.7,4.0,255.5,79.11,100,64,82,509.7,17169.0,249.1,79.11,100,51,89,20754.6,9.7,245.5,79.11,100,49,85,8.7,543.8,17.0,3,18
1782839697.109,119.585,249.5,79.11,100,41,89,4.6,5.2,252.5,79.11,100,53,82,20245.8,17109.4,249.1,79.11,100,51,89,3.1,6.0,245.5,79.11,100,49,85,4938.1,13580.0,17.0,3,18
1782839697.555,120.032,248.2,79.11,100,36,89,15528.6,13043.1,248.8,79.11,100,39,83,8905.1,5.3,250.0,79.11,100,38,88,2.6,11591.9,244.8,79.11,100,37,85,15750.3,8598.2,17.0,3,18
1782839697.999,120.476,247.7,79.11,100,37,88,8042.1,13297.4,246.9,79.11,100,40,83,16375.9,4.3,249.1,79.11,100,37,88,4.4,4.5,241.3,79.11,100,39,84,6810.3,12570.4,17.0,3,18
1782839698.442,120.919,249.7,79.11,100,38,88,1.9,4.5,251.0,79.11,100,40,82,12901.3,13224.4,252.0,79.11,100,51,88,11107.4,4.4,242.2,79.11,100,49,85,4.0,3.9,17.0,3,18
1782839698.886,121.362,251.3,79.11,100,42,89,18325.4,4.1,252.3,79.11,100,39,82,2.8,7.0,254.1,79.11,100,59,89,14680.2,12771.4,244.2,79.11,100,45,85,8445.4,4.5,17.0,3,18
1782839699.336,121.812,251.3,79.11,100,42,89,1.9,17114.1,250.2,79.11,100,47,82,17631.5,2315.8,250.5,79.11,100,57,89,2.7,4.7,245.3,79.11,100,52,85,1126.5,16780.9,17.0,3,18
1782839699.778,122.255,250.8,79.11,100,40,89,1.7,6.7,250.7,79.11,100,51,82,1.8,114.2,251.4,79.11,100,54,89,19689.9,17196.0,246.8,79.11,100,54,86,2.0,4.7,17.0,3,18
1782839700.222,122.699,249.9,79.11,100,42,89,20709.3,17109.8,250.7,79.11,100,51,82,1.8,4.5,248.6,79.11,100,50,89,3.8,593.9,244.2,79.11,100,45,86,19708.0,17203.6,17.0,3,18
1782839700.665,123.142,250.4,79.11,100,48,89,2.2,4.2,250.3,79.11,100,51,83,17867.5,14803.5,248.7,79.11,100,45,89,2748.7,7.4,244.0,79.11,100,41,86,7.0,7773.3,17.0,3,18
1782839701.112,123.589,249.3,79.11,100,43,89,3.6,5.1,250.8,79.11,100,55,83,20741.7,15854.2,248.7,79.11,100,45,89,69.2,5.6,244.0,79.11,100,41,86,1077.2,16824.0,17.0,3,18
1782839701.555,124.031,248.9,79.11,100,36,88,6422.5,13425.1,247.3,79.11,100,41,82,17523.9,5.5,249.2,79.11,100,40,89,2.8,8391.8,245.3,79.11,100,38,85,16076.0,11536.8,20.0,4,17
1782839701.998,124.475,246.2,79.11,98,24,88,3.5,4.1,248.6,79.11,100,40,83,10866.0,13753.8,248.0,79.11,100,37,88,12482.0,4.9,242.9,79.11,100,38,85,2.7,4.2,20.0,4,17
1782839702.440,124.917,250.7,79.11,100,56,89,1.7,12766.1,247.5,79.11,100,50,83,15106.8,8091.2,244.3,79.11,100,49,88,2.5,4.3,236.0,79.11,100,42,86,3.4,638.2,20.0,4,17
1782839702.883,125.360,250.4,79.11,100,40,88,15605.8,13490.8,251.6,79.11,100,50,82,2.7,4.4,250.4,79.11,100,60,89,5.4,4975.1,243.2,79.11,100,60,86,15231.7,15802.3,20.0,4,17
1782839703.330,125.807,250.4,79.11,100,40,88,2.6,4.1,253.6,79.11,100,41,82,499.5,17189.9,255.9,79.11,100,55,88,19219.2,1235.5,249.6,79.11,100,49,85,2.7,4.7,20.0,4,17
1782839703.773,126.250,248.6,79.11,100,40,89,20707.1,7.8,247.7,79.11,100,41,83,2.1,78.7,250.3,79.11,100,45,88,19689.7,17191.9,247.0,79.11,100,45,85,2.0,5.3,20.0,4,17
1782839704.219,126.696,248.8,79.11,100,36,89,4.5,5.1,247.7,79.11,100,41,83,1782.3,15618.2,246.5,79.11,100,38,88,20747.9,5.5,242.2,79.11,100,39,85,2.1,1669.3,20.0,4,17
1782839704.662,127.139,248.7,79.11,100,36,89,1.9,1865.6,247.4,79.11,100,39,83,17331.6,17111.3,248.3,79.11,100,43,89,8.3,7.5,239.0,79.11,100,39,85,1087.7,16824.2,20.0,4,17
1782839705.110,127.587,249.4,79.11,100,46,89,4.4,4.2,250.8,79.11,100,46,83,522.1,17132.8,248.3,79.11,100,43,89,20751.9,4.5,239.0,79.11,100,39,85,2.9,4.6,20.0,4,17
1782839705.553,128.030,249.6,79.11,100,38,89,20704.7,4.6,250.9,79.11,100,39,83,1.9,4.9,250.6,79.11,100,39,88,19420.5,13772.7,243.3,79.11,100,39,85,4084.2,4.6,20.0,4,17
1782839705.995,128.472,249.6,79.11,100,38,89,1.7,17113.4,249.1,79.11,100,43,82,20705.9,4.8,250.4,79.11,100,37,88,3.5,4.5,247.7,79.11,100,52,86,1126.3,16779.8,20.0,4,17
1782839706.437,128.914,250.1,79.11,100,38,89,1.8,4.2,250.4,79.11,100,41,82,1.9,10553.4,251.5,79.11,100,45,88,15728.4,9740.3,246.8,79.11,100,50,86,1.9,4.5,20.0,4,17
1782839706.878,129.355,249.1,79.11,100,37,88,20710.1,17110.1,249.9,79.11,100,42,82,2.0,4.5,250.3,79.11,100,53,88,5.1,4481.1,246.7,79.11,100,55,86,15506.6,16178.1,20.0,4,17
1782839707.320,129.797,249.1,79.11,100,37,88,3.5,3.4,251.3,79.11,100,44,82,16825.4,17105.6,250.1,79.11,100,49,89,1.9,4.5,245.1,79.11,100,54,86,1.8,13429.7,20.0,4,17
1782839707.766,130.243,249.7,79.11,100,37,89,8.2,5.1,251.8,79.11,100,46,83,20276.4,12886.5,250.3,79.11,100,48,89,4058.2,5.4,243.1,79.11,100,39,85,2.5,14355.5,20.0,4,17
1782839708.210,130.687,249.9,79.11,100,41,89,3.6,17120.1,251.8,79.11,100,46,83,20706.2,5.8,249.1,79.11,100,38,89,4.5,6584.2,242.8,79.11,100,40,86,16447.4,13116.4,20.0,4,17
1782839708.651,131.128,248.9,79.11,100,31,89,15379.9,16002.5,248.5,79.11,100,40,83,15370.3,16897.5,242.7,79.11,100,38,88,15465.1,17392.8,242.8,79.11,100,40,86,16709.6,9904.3,23.0,5,16
1782839709.100,131.577,245.2,79.11,100,28,89,1.6,3.4,245.3,79.11,98,11,83,494.4,14532.4,242.7,79.11,100,38,88,14935.0,6447.0,233.8,79.11,100,11,86,1.7,3.9,23.0,5,16
1782839709.543,132.020,250.1,79.11,100,50,89,1.7,3.7,246.4,79.11,100,41,83,20262.8,14112.2,243.0,79.11,100,44,88,2237.4,4.4,237.2,79.11,100,41,85,4.2,22.1,23.0,5,16
1782839709.986,132.463,255.7,79.11,100,51,89,14459.6,12697.5,255.1,79.11,100,62,83,10507.1,4.5,249.8,79.11,100,44,89,1.9,3.8,243.4,79.11,100,46,86,16288.3,12695.0,23.0,5,16
1782839710.429,132.906,249.5,79.11,100,37,88,1.8,4.0,251.6,79.11,100,41,83,520.0,17131.0,252.4,79.11,100,58,88,20748.4,5.2,248.1,79.11,100,53,86,2.7,510.5,23.0,5,16
1782839710.871,133.348,249.5,79.11,100,37,88,3.0,5.3,249.0,79.11,100,45,83,20738.9,14539.0,250.6,79.11,100,46,89,1531.8,10.9,246.1,79.11,100,39,85,1097.6,16768.6,23.0,5,16
1782839711.313,133.790,249.1,79.11,100,42,89,3299.5,14261.1,248.3,79.11,100,41,83,20358.5,5.3,249.5,79.11,100,43,89,4.4,593.0,241.0,79.11,100,42,86,19236.2,17206.6,23.0,5,16
1782839711.755,134.232,249.2,79.11,100,34,89,954.4,15332.2,247.9,79.11,100,39,83,20709.3,4.1,248.0,79.11,100,39,87,1.8,4.3,243.8,79.11,100,37,85,1475.1,16013.1,23.0,5,16
1782839712.206,134.683,249.2,79.11,100,38,89,3.6,4.5,247.9,79.11,100,39,83,5684.7,13369.5,248.7,79.11,100,39,88,18140.9,4.3,245.4,79.11,100,41,86,1.8,4.4,23.0,5,16
1782839712.649,135.125,248.8,79.11,100,39,88,20698.2,4.5,249.0,79.11,100,39,82,1.8,4.7,252.1,79.11,100,57,88,1126.7,16731.0,245.4,79.11,100,41,86,20272.4,6.7,23.0,5,16
1782839713.098,135.575,250.4,79.11,100,39,88,1.8,2411.2,251.0,79.11,100,43,83,17070.8,17106.7,252.1,79.11,100,57,88,2.8,4.8,247.0,79.11,100,54,86,2.8,7255.1,23.0,5,16
1782839713.541,136.018,249.4,79.11,100,38,88,11964.4,6.4,249.9,79.11,100,41,82,1.8,4.2,249.7,79.11,100,53,88,12770.8,12720.0,246.7,79.11,100,53,86,11904.7,4.7,23.0,5,16
1782839713.985,136.462,248.8,79.11,100,37,88,1680.1,15689.2,249.8,79.11,100,41,82,20705.7,4.2,248.4,79.11,100,53,88,2.6,4.4,248.7,79.11,100,50,86,1165.5,16738.8,23.0,5,16
1782839714.876,137.352,249.9,79.11,100,43,89,1038.8,5.0,249.8,79.11,100,43,83,4.3,17176.7,249.5,79.11,100,48,88,18622.2,1718.9,243.2,79.11,100,46,86,2.1,6.0,23.0,5,16
1782839715.318,137.794,249.9,79.11,100,43,89,3.7,785.9,247.6,79.11,100,41,83,18515.4,17108.9,248.4,79.11,100,40,88,4.5,5.8,242.5,79.11,100,38,86,4077.0,14357.5,26.0,6,15
1782839715.763,138.240,249.1,79.11,100,34,89,6.5,4.5,242.1,79.11,100,12,83,6.1,14406.9,241.1,79.11,98,28,88,15830.7,5256.5,234.1,79.11,100,12,85,3.5,4.3,26.0,6,15
1782839716.208,138.685,247.8,79.11,100,59,89,1.7,3101.2,242.1,79.11,100,12,83,16138.4,17105.3,249.8,79.11,100,54,89,3.4,4.1,240.5,79.11,100,64,86,2.2,516.7,26.0,6,15
1782839716.694,139.171,250.4,79.11,100,41,88,1.7,6.8,251.4,79.11,100,60,83,5.5,921.5,251.0,79.11,100,49,88,16301.8,17193.4,249.0,79.11,100,51,86,2.7,4.2,26.0,6,15
1782839717.143,139.620,250.9,79.11,100,41,88,1.8,17118.5,250.5,79.11,100,44,83,20705.2,5.0,250.4,79.11,100,40,87,2.7,4.6,249.0,79.11,100,51,86,1144.3,16736.4,26.0,6,15
1782839717.586,140.063,247.9,79.11,100,37,88,2.0,1410.9,247.5,79.11,100,40,83,17828.5,17109.3,250.4,79.11,100,40,87,2.0,5.3,246.7,79.11,100,38,85,1106.8,16785.8,26.0,6,15
1782839718.029,140.506,250.5,79.11,100,36,89,8598.7,13093.5,250.7,79.11,100,42,83,15879.7,5.3,249.4,79.11,100,43,88,3.1,7090.9,244.7,79.11,100,44,86,16115.9,12880.9,26.0,6,15
1782839718.470,140.947,250.5,79.11,100,36,89,15892.5,16062.6,249.4,79.11,100,39,83,3.5,4.8,250.2,79.11,100,39,88,1.8,17131.2,242.9,79.11,100,38,86,17262.2,2868.7,26.0,6,15
1782839718.912,141.389,249.8,79.11,100,47,89,1.6,14291.8,249.2,79.11,100,46,83,15273.4,6635.9,248.7,79.11,100,38,89,3.5,4.6,241.2,79.11,100,39,85,1106.4,16819.0,26.0,6,15
1782839719.354,141.831,249.8,79.11,100,47,89,1.8,4.4,250.7,79.11,100,41,83,1.8,11708.0,249.5,79.11,100,38,88,15389.5,8233.3,242.3,79.11,100,40,86,4.3,4.6,26.0,6,15
1782839719.796,142.273,250.0,79.11,100,43,89,16486.3,12470.8,250.0,79.11,100,44,83,8730.9,4.2,250.1,79.11,100,40,87,3.4,4.2,246.2,79.11,100,39,86,14656.2,20678.7,26.0,6,15
1782839720.245,142.722,250.4,79.11,100,41,89,1.9,4.1,250.0,79.11,100,44,83,491.0,17195.3,251.0,79.11,100,41,88,19255.9,1199.6,247.3,79.11,100,39,85,2.3,4.3,26.0,6,15
1782839720.687,143.164,250.6,79.11,100,45,89,20707.3,17113.8,251.2,79.11,100,50,83,6.7,7.6,251.2,79.11,100,39,89,8.0,6277.5,245.8,79.11,100,39,85,15258.9,14318.4,26.0,6,15
1782839721.140,143.616,250.0,79.11,100,46,89,2.7,4.2,250.4,79.11,100,50,83,11487.7,12750.8,250.7,79.11,100,41,89,13058.2,4.2,245.8,79.11,100,39,85,2.5,4.3,26.0,6,15
1782839721.582,144.059,250.5,79.11,100,47,89,18396.8,1833.3,250.8,79.11,100,53,83,3.5,4.9,250.7,79.11,100,41,89,6382.0,13450.5,246.0,79.11,100,38,85,16223.9,9.5,26.0,6,15
1782839722.028,144.505,249.6,79.11,100,37,89,20706.7,5.3,249.9,79.11,100,43,83,2.8,4.9,250.1,79.11,100,37,88,20328.7,12864.5,247.3,79.11,100,39,87,4161.8,5.7,26.0,6,15
1782839722.469,144.946,250.9,79.11,100,38,89,7813.6,4.8,250.4,79.11,100,39,83,4.5,11247.2,252.0,79.11,100,45,88,26627.7,14335.2,245.5,79.11,100,39,86,19660.7,12730.9,29.0,7,14
1782839722.913,145.390,248.3,79.11,100,55,89,1.8,9464.8,242.7,79.11,100,13,83,15632.3,10578.1,242.8,79.11,98,18,88,3.5,3.9,235.4,79.11,100,23,85,1.8,572.3,29.0,7,14
1782839723.356,145.833,248.3,79.11,100,55,89,9782.3,12420.9,250.2,79.11,100,73,83,15655.1,4.2,249.2,79.11,100,43,89,3.0,4.2,241.6,79.11,100,53,86,2414.6,15312.7,29.0,7,14
1782839723.801,146.278,250.3,79.11,100,47,88,2683.6,3.7,251.8,79.11,100,44,82,1.8,3.9,257.1,79.11,100,60,88,3510.8,14275.5,255.4,79.11,100,62,86,20260.9,5.1,29.0,7,14
1782839724.244,146.721,251.5,79.11,100,41,88,1.9,14910.3,251.8,79.11,100,44,82,15404.2,5772.5,247.8,79.11,100,41,88,1.9,4.6,250.4,79.11,100,43,86,499.4,16044.9,29.0,7,14
1782839724.686,147.163,247.7,79.11,100,37,89,2.2,7784.5,250.0,79.11,100,41,83,19588.1,7791.4,249.2,79.11,100,42,88,5.3,8.9,246.0,79.11,100,44,86,20340.5,14687.7,29.0,7,14
1782839725.133,147.610,248.7,79.11,100,36,89,20710.4,17112.0,249.4,79.11,100,46,83,2.1,5.6,249.2,79.11,100,39,88,3877.1,13946.0,246.0,79.11,100,44,86,19681.7,5.5,29.0,7,14
1782839725.575,148.052,250.0,79.11,100,39,89,15727.5,12970.9,249.6,79.11,100,39,83,9.8,5.1,249.2,79.11,100,39,88,5772.5,13374.7,240.8,79.11,100,37,86,18241.5,5.0,29.0,7,14
1782839726.021,148.498,249.9,79.11,100,39,89,3.5,17114.1,248.6,79.11,100,42,84,16964.5,3039.5,248.0,79.11,100,37,88,4.4,4.9,242.5,79.11,100,40,86,3248.7,14349.5,29.0,7,14
1782839726.466,148.943,248.4,79.11,100,39,88,1.8,4.2,248.8,79.11,100,40,84,1.8,14430.3,248.9,79.11,100,38,87,15132.6,6208.7,245.4,79.11,100,42,86,3.5,4.4,29.0,7,14
1782839726.908,149.385,249.4,79.11,100,39,88,16375.3,12660.4,249.3,79.11,100,43,84,8867.0,4.5,250.8,79.11,100,40,88,4.6,4.0,246.9,79.11,100,40,86,15480.0,12831.9,29.0,7,14
1782839727.352,149.829,249.4,79.11,100,39,88,1.8,4.0,250.1,79.11,100,42,84,1.7,14496.0,250.1,79.11,100,41,87,14876.5,6447.6,247.6,79.11,100,39,85,1.9,4.3,29.0,7,14
1782839727.794,150.271,249.5,79.11,100,39,89,20712.5,17107.1,250.0,79.11,100,41,84,1.9,4.4,249.5,79.11,100,38,87,1.9,1477.5,247.2,79.11,100,39,85,17965.4,17211.9,29.0,7,14
1782839728.238,150.715,249.1,79.11,100,38,88,5.4,4.2,250.0,79.11,100,41,84,6963.9,13201.8,249.8,79.11,100,40,87,17091.0,4.4,247.1,79.11,100,39,85,2.7,4.5,29.0,7,14
1782839728.680,151.157,249.4,79.11,100,38,88,15266.0,7.2,249.4,79.11,100,41,84,6.9,72.8,250.6,79.11,100,38,88,19703.0,17210.6,246.3,79.11,100,42,86,4.8,5.6,29.0,7,14
1782839729.128,151.605,250.0,79.11,100,36,88,3.7,5.2,249.8,79.11,100,41,83,3532.1,14073.5,250.6,79.11,100,38,88,19688.0,5.3,246.3,79.11,100,42,86,3.1,2376.3,29.0,7,14
1782839729.572,152.049,249.4,79.11,100,36,88,15182.7,16174.3,249.9,79.11,100,41,84,17360.4,17102.2,250.3,79.11,100,41,89,20748.6,17198.2,242.6,79.11,100,38,86,3.5,4.6,32.0,8,13
1782839730.016,152.493,247.6,79.11,100,44,89,1.7,13281.1,242.9,79.11,100,25,84,14920.8,7735.1,242.4,79.11,100,10,89,3.5,3.9,235.6,79.11,100,48,86,1.7,632.5,32.0,8,13
1782839730.460,152.936,251.9,79.11,100,55,88,20708.4,17108.2,249.6,79.11,100,54,84,1.7,4.3,248.3,79.11,100,43,88,1.7,552.8,241.4,79.11,100,39,85,19736.2,17211.3,32.0,8,13
1782839730.904,153.381,253.1,79.11,100,49,88,1.8,4.2,255.8,79.11,100,66,83,1.8,10612.9,255.7,79.11,100,44,88,15191.6,7825.1,250.7,79.11,100,48,87,1.8,4.5,32.0,8,13
1782839731.354,153.831,253.1,79.11,100,49,88,20709.2,17110.8,252.4,79.11,100,48,83,2.0,5.2,253.0,79.11,100,53,88,1080.7,16793.1,247.2,79.11,100,49,86,20752.4,6.1,32.0,8,13
1782839731.795,154.272,249.3,79.11,100,43,88,20705.7,5.3,249.0,79.11,100,42,84,2.2,64.3,248.3,79.11,100,39,87,19692.0,17203.2,247.3,79.11,100,39,86,3.0,6.7,32.0,8,13
1782839732.243,154.720,248.7,79.11,100,35,88,2.0,5.6,249.0,79.11,100,42,84,14695.1,13429.9,247.4,79.11,100,41,89,8952.6,4.9,242.5,79.11,100,38,86,1.9,3481.8,32.0,8,13
1782839732.687,155.164,247.8,79.11,100,37,89,1.8,7.3,247.9,79.11,100,39,84,9.8,17204.2,251.8,79.11,100,41,88,20753.1,6.8,244.7,79.11,100,55,86,2.8,4.5,32.0,8,13
1782839733.141,155.617,250.6,79.11,100,37,88,20705.9,3.9,250.9,79.11,100,43,82,1.7,4.1,251.7,79.11,100,46,88,1111.6,16775.3,244.7,79.11,100,55,86,20753.4,5.0,32.0,8,13
1782839733.583,156.060,251.6,79.11,100,37,88,1.7,8816.3,251.3,79.11,100,45,83,15603.1,11574.1,251.7,79.11,100,46,88,2.5,4.3,247.5,79.11,100,58,86,3.4,12333.8,32.0,8,13
1782839734.031,156.507,249.5,79.11,100,39,88,10206.1,3.9,250.6,79.11,100,46,83,2.4,5.0,251.3,79.11,100,57,88,19196.8,12480.9,246.3,79.11,100,57,86,5323.5,4.3,32.0,8,13
1782839734.474,156.951,249.4,79.11,100,39,88,1.6,11220.5,249.8,79.11,100,41,84,15532.6,9614.3,249.9,79.11,100,54,88,3.9,4.6,247.9,79.11,100,55,86,1094.7,16839.7,32.0,8,13
1782839734.918,157.395,249.3,79.11,100,38,88,1.7,6.6,249.5,79.11,100,42,84,4.8,77.4,249.5,79.11,100,51,88,19708.6,17194.5,250.1,79.11,100,53,86,1.8,4.4,32.0,8,13
1782839735.360,157.837,249.3,79.11,100,38,88,6872.1,12793.7,249.9,79.11,100,42,84,17797.3,4.5,249.8,79.11,100,53,88,2.3,4.5,250.1,79.11,100,53,86,18091.0,12575.3,32.0,8,13
1782839735.804,158.280,248.8,79.11,100,38,88,2.8,17117.1,249.8,79.11,100,48,83,20705.1,5.0,249.7,79.11,100,46,88,3.0,529.4,243.8,79.11,100,46,87,19716.9,17203.8,32.0,8,13
1782839736.248,158.725,249.3,79.11,100,36,88,20708.3,17109.2,249.8,79.11,100,48,83,8.7,5.2,247.6,79.11,100,38,87,1082.9,16789.1,243.2,79.11,100,41,86,20754.8,5.7,35.0,9,12
1782839736.689,159.166,248.9,79.11,100,37,88,1.9,6.7,249.0,79.11,100,40,83,20230.3,17112.0,242.6,79.11,100,12,88,8.6,6.5,239.2,79.11,100,63,86,2.7,3457.4,35.0,9,12
1782839737.140,159.617,249.1,79.11,100,46,89,20710.7,17108.3,243.8,79.11,100,54,84,1.9,4.0,247.8,79.11,100,65,87,2.2,3.7,239.2,79.11,100,63,86,8942.3,13024.0,35.0,9,12
1782839737.585,160.062,249.3,79.11,100,40,88,1.7,3.6,249.5,79.11,100,41,83,3.4,3.2,247.8,79.11,100,65,87,20045.2,12567.2,242.4,79.11,100,54,86,4414.8,9.3,35.0,9,12
1782839738.030,160.507,250.5,79.11,100,46,88,3.4,14105.1,255.4,79.11,100,46,84,15542.1,6721.1,252.5,79.11,100,42,87,3.5,4.5,250.3,79.11,100,40,86,1101.3,16841.5,35.0,9,12
1782839738.472,160.949,249.2,79.11,100,39,88,2.8,5.1,248.9,79.11,100,44,84,20739.2,15724.6,248.2,79.11,100,40,88,90.7,5.1,246.5,79.11,100,38,87,3.7,14418.1,35.0,9,12
1782839738.914,161.391,250.6,79.11,100,35,89,2.0,17117.9,250.4,79.11,100,40,83,20707.1,7.7,250.5,79.11,100,45,88,2.8,569.4,244.2,79.11,100,40,87,19698.9,17191.0,35.0,9,12
1782839739.358,161.834,250.6,79.11,100,35,89,20708.9,17110.4,249.2,79.11,100,40,83,1.9,4.9,250.2,79.11,100,38,88,2.2,12009.0,244.4,79.11,100,43,86,15392.3,8348.0,35.0,9,12
1782839739.800,162.276,249.6,79.11,100,37,88,5.0,14441.5,251.6,79.11,100,58,83,15553.3,6388.2,250.1,79.11,100,39,88,2.8,4.7,243.2,79.11,100,40,86,1097.9,16827.0,35.0,9,12
1782839740.243,162.720,250.3,79.11,100,48,88,3.7,4.2,251.6,79.11,100,58,83,2.8,11923.9,250.5,79.11,100,40,88,15242.7,8127.5,242.9,79.11,100,38,85,2.4,4.5,35.0,9,12
1782839740.685,163.162,249.9,79.11,100,44,88,15377.8,12908.1,251.0,79.11,100,58,84,9495.2,9.4,251.0,79.11,100,39,88,5.3,7.2,247.3,79.11,100,39,85,19027.5,12596.5,35.0,9,12
1782839741.132,163.608,250.2,79.11,100,49,88,3.4,4.1,250.5,79.11,100,56,84,490.0,17187.2,251.0,79.11,100,39,88,20024.0,661.9,247.3,79.11,100,39,85,2.8,4.5,35.0,9,12
1782839741.573,164.050,251.5,79.11,100,52,88,20708.7,17108.4,250.4,79.11,100,58,83,1.9,4.3,250.1,79.11,100,41,88,1.8,547.7,247.2,79.11,100,40,85,19722.9,17214.3,35.0,9,12
1782839742.015,164.492,251.3,79.11,100,50,88,1.7,4.2,252.2,79.11,100,57,84,529.3,17110.4,249.9,79.11,100,39,88,20747.8,5.6,248.2,79.11,100,39,85,1.8,4.4,35.0,9,12
1782839742.457,164.934,251.3,79.11,100,51,88,15662.4,6790.8,251.7,79.11,100,58,83,1.9,5.0,250.0,79.11,100,41,88,2851.2,15033.1,248.0,79.11,100,39,85,20267.9,4.6,35.0,9,12
1782839742.899,165.376,248.5,79.11,100,36,88,15590.7,5437.6,248.3,79.11,100,42,84,4.6,7.7,248.3,79.11,100,39,87,13814.3,13262.9,248.7,79.11,100,39,86,10418.5,5.5,35.0,9,12
1782839743.341,165.818,248.5,79.11,100,36,88,10616.2,5.8,249.2,79.11,100,42,84,2.0,10422.1,250.2,79.11,100,39,88,27635.8,13201.4,243.8,79.11,100,38,86,19447.9,12472.9,38.0,10,11
1782839743.785,166.261,249.0,79.11,100,41,89,1.7,7263.2,246.2,79.11,100,63,84,15679.1,13266.8,245.3,79.11,100,22,88,8.6,3.8,237.5,79.11,100,48,85,2.2,622.1,38.0,10,11
1782839744.234,166.711,250.0,79.11,100,53,89,11572.6,12521.3,246.2,79.11,100,63,84,13870.7,4.2,250.3,79.11,100,58,88,4.2,7.0,245.8,79.11,100,63,87,1173.0,16741.3,38.0,10,11
1782839744.677,167.153,249.9,79.11,100,40,88,7448.6,3.6,251.0,79.11,100,55,83,5.0,8.9,256.3,79.11,100,58,87,2073.0,15023.7,253.4,79.11,100,52,86,20266.9,4.5,38.0,10,11
1782839745.122,167.599,249.2,79.11,100,40,88,1.9,15406.2,254.1,79.11,100,43,83,15422.0,5159.0,256.3,79.11,100,58,87,3.5,4.6,253.4,79.11,100,52,86,1098.6,16846.9,38.0,10,11
1782839745.564,168.041,247.8,79.11,100,38,89,1.8,14223.5,247.9,79.11,100,41,83,16039.2,5857.3,247.8,79.11,100,39,87,2.9,5.1,250.8,79.11,100,44,86,20323.4,17210.0,38.0,10,11
1782839746.010,168.487,247.9,79.11,100,34,89,16355.4,14257.5,248.4,79.11,100,39,84,2.0,6.0,248.8,79.11,100,45,88,15379.4,13411.3,243.2,79.11,100,37,85,8457.3,5.3,38.0,10,11
1782839746.452,168.929,249.7,79.11,100,43,89,15636.1,4175.0,251.0,79.11,100,45,84,1.9,5.1,249.2,79.11,99,36,88,14928.8,13050.7,240.6,79.11,100,39,86,9266.5,4.4,38.0,10,11
1782839746.893,169.370,250.3,79.11,100,37,88,1793.6,15560.1,249.4,79.11,100,43,84,20707.2,7.2,249.1,79.11,100,40,87,7.3,530.8,245.3,79.11,100,39,86,19727.8,17198.7,38.0,10,11
1782839747.336,169.813,250.3,79.11,100,37,88,3.3,4.5,248.0,79.11,100,42,83,17274.9,12772.2,249.9,79.11,100,45,87,6964.8,4.5,248.5,79.11,100,43,86,2.7,559.2,38.0,10,11
1782839747.779,170.256,249.4,79.11,100,38,88,18136.2,6.7,250.7,79.11,100,43,83,1.8,4.3,252.2,79.11,100,55,88,8698.9,12867.4,247.9,79.11,100,52,87,15733.0,10.7,38.0,10,11
1782839748.229,170.706,249.9,79.11,100,39,88,5045.2,12995.8,250.7,79.11,100,43,83,19305.9,4.3,251.6,79.11,100,51,88,4.3,4.4,246.9,79.11,100,54,87,7103.9,13012.5,38.0,10,11
1782839748.673,171.149,249.9,79.11,100,39,88,1.8,4.4,250.2,79.11,100,43,83,18370.5,13247.2,249.9,79.11,100,52,88,5631.7,11.6,244.3,79.11,100,46,87,6.1,596.6,38.0,10,11
1782839749.117,171.594,250.5,79.11,100,47,88,1.8,4.3,250.0,79.11,100,50,83,1.9,5578.2,249.9,79.11,100,52,88,16709.3,13852.3,244.3,79.11,100,46,87,1.8,5.3,38.0,10,11
1782839749.559,172.036,248.9,79.11,100,40,88,6664.9,5.3,248.7,79.11,100,53,84,2.0,17159.8,247.9,79.11,100,40,88,19111.7,1401.8,243.6,79.11,100,39,85,2.0,511.3,38.0,10,11
1782839750.000,172.477,250.3,79.11,100,38,88,6.0,14273.4,248.9,79.11,100,39,84,16382.5,5654.1,249.7,79.11,100,37,88,2.9,5.5,245.5,79.11,100,37,87,20800.9,15772.3,41.0,11,10
1782839750.442,172.919,246.5,79.11,98,10,89,3.5,4.2,249.4,79.11,100,40,85,1.6,17127.1,249.4,79.11,100,38,88,20748.1,4.7,241.8,79.11,98,39,87,2.7,4.4,41.0,11,10
1782839750.886,173.363,248.5,79.11,100,42,88,1.6,10102.3,247.3,79.11,100,46,83,15367.0,10519.0,243.9,79.11,100,57,88,5.1,6.4,240.3,79.11,100,58,87,3.9,670.5,41.0,11,10
1782839751.333,173.810,248.5,79.11,100,42,88,17213.0,2788.6,249.5,79.11,100,52,84,7.8,4.0,247.2,79.11,100,40,88,3.4,8881.6,242.4,79.11,100,39,86,15230.2,11695.9,41.0,11,10
1782839751.776,174.252,249.7,79.11,100,49,88,6.0,7.0,253.7,79.11,100,61,84,2149.6,15339.7,252.9,79.11,100,43,88,20749.7,4.4,247.3,79.11,100,43,86,2.7,4.7,41.0,11,10
1782839752.219,174.695,250.5,79.11,100,49,88,13842.9,5.1,253.7,79.11,100,61,84,2.1,6473.0,250.7,79.11,100,39,88,16228.1,13131.0,246.3,79.11,100,39,85,2.1,5.3,41.0,11,10
1782839752.661,175.137,247.8,79.11,100,36,88,2.0,5.0,250.7,79.11,100,46,84,15746.4,19825.9,250.2,79.11,100,38,88,8.5,8.3,246.3,79.11,100,39,85,1103.0,16783.9,41.0,11,10
1782839753.110,175.587,247.9,79.11,100,38,88,1.9,17114.2,251.1,79.11,100,45,84,20706.0,5.2,250.2,79.11,100,38,88,1.9,4.8,244.3,79.11,100,40,87,9032.4,13002.5,41.0,11,10
1782839753.553,176.030,251.1,79.11,100,36,88,3.5,4.2,250.3,79.11,100,40,84,8121.1,13207.1,250.6,79.11,100,42,88,15938.2,7.2,246.2,79.11,100,47,87,2.8,5.2,41.0,11,10
1782839753.997,176.473,250.6,79.11,100,42,88,20706.0,9.9,250.3,79.11,100,46,83,9.7,4.6,251.3,79.11,100,53,88,15453.0,12711.2,246.3,79.11,100,49,87,9312.6,4.6,41.0,11,10
1782839754.441,176.917,251.1,79.11,100,49,88,3.5,15512.3,251.9,79.11,100,60,83,15086.2,5281.7,251.2,79.11,100,44,88,4.6,4.4,244.9,79.11,100,43,87,489.9,14250.3,41.0,11,10
1782839754.882,177.359,250.5,79.11,100,46,88,3779.3,3.9,249.8,79.11,100,59,83,1.9,4.0,250.8,79.11,100,49,88,20316.2,17195.9,248.2,79.11,100,47,87,4.1,4.5,41.0,11,10
1782839755.327,177.804,250.5,79.11,100,46,88,1.7,17117.1,249.7,79.11,100,57,83,20705.3,4.9,250.5,79.11,100,52,88,2.8,4.6,249.6,79.11,100,50,87,1152.3,16737.6,41.0,11,10
1782839755.769,178.246,250.5,79.11,100,43,88,5.2,7.1,251.2,79.11,100,62,83,2.1,10248.1,250.1,79.11,100,48,88,15459.0,10038.4,249.8,79.11,100,47,87,1.8,4.4,41.0,11,10
1782839756.212,178.688,250.4,79.11,100,46,88,20708.8,17113.1,251.2,79.11,100,62,83,3.6,4.9,251.0,79.11,100,47,88,2.5,14622.9,247.8,79.11,100,39,87,15399.2,5738.9,41.0,11,10
1782839756.653,179.130,249.3,79.11,100,43,88,16546.4,17107.4,250.8,79.11,100,52,84,3.3,8.2,246.9,79.11,100,39,87,2273.7,14427.1,247.8,79.11,100,39,87,17956.2,7.7,41.0,11,10
1782839757.099,179.575,249.1,79.11,100,36,88,16882.9,5.0,247.2,79.11,100,43,84,3.7,5411.2,246.9,79.11,100,39,87,27662.6,12573.7,247.6,79.11,100,44,87,19429.2,12730.3,43.0,12,9
1782839757.543,180.020,244.2,79.11,100,11,88,3.4,7290.0,245.8,79.11,98,41,83,16072.7,12831.7,246.5,79.11,100,41,87,4.3,3.9,242.6,79.11,98,19,85,1.7,555.8,43.0,12,9
1782839757.985,180.461,251.0,79.11,100,55,88,8389.0,12870.7,251.3,79.11,100,69,84,16108.0,4.1,248.5,79.11,100,43,88,1.9,10.4,239.5,79.11,100,44,87,4693.4,13353.5,43.0,12,9
1782839758.431,180.907,254.8,79.11,100,41,88,2150.1,3.7,251.0,79.11,100,43,83,1.8,4.0,250.2,79.11,100,61,88,6863.7,13335.7,246.0,79.11,100,59,87,17668.9,4.6,43.0,12,9
1782839758.872,181.349,254.8,79.11,100,41,88,2.9,17110.1,251.8,79.11,100,44,83,18259.5,1945.6,253.0,79.11,100,43,88,5.2,6.6,251.1,79.11,100,41,86,1118.8,16793.9,43.0,12,9
1782839759.315,181.792,248.3,79.11,100,38,88,1.9,17111.2,248.4,79.11,100,42,84,18338.1,1857.9,249.9,79.11,100,43,88,2.2,31.9,245.4,79.11,100,42,87,19733.0,17192.8,43.0,12,9
1782839759.761,182.238,249.7,79.11,100,40,88,17170.1,9602.9,249.9,79.11,100,42,84,3.6,30.6,249.8,79.11,99,39,87,19707.6,17198.4,244.0,79.11,99,41,87,2.5,5.6,43.0,12,9
1782839760.212,182.689,249.8,79.11,100,34,88,20707.0,4.4,249.9,79.11,100,42,84,3.9,4.4,248.9,79.11,100,39,88,20312.2,15838.9,242.8,79.11,100,38,86,79.3,4.4,43.0,12,9
1782839760.653,183.130,248.0,79.11,100,37,88,8038.3,13319.3,249.6,79.11,100,47,84,16505.2,7.5,249.4,79.11,100,38,87,8.2,522.1,242.8,79.11,100,38,86,19728.4,17195.4,43.0,12,9
1782839761.099,183.576,248.9,79.11,100,38,88,2.8,4.0,249.6,79.11,100,41,84,8583.9,13101.0,249.4,79.11,100,38,87,15361.0,4.5,244.4,79.11,100,38,86,4.3,4.4,43.0,12,9
1782839761.542,184.019,250.2,79.11,100,39,88,15790.9,13318.8,250.3,79.11,100,43,84,2.8,4.4,251.1,79.11,100,43,88,3.6,5211.4,249.2,79.11,100,42,86,15687.8,15275.6,43.0,12,9
1782839761.983,184.460,249.4,79.11,100,39,88,6.0,4.0,249.5,79.11,100,43,84,8724.5,12859.3,249.6,79.11,99,40,87,15578.7,4.3,247.9,79.11,100,39,86,1.8,4.8,43.0,12,9
1782839762.427,184.904,248.9,79.11,100,37,88,16041.1,3872.4,249.6,79.11,100,43,84,1.9,4.4,249.6,79.11,100,41,87,1084.3,16799.5,248.8,79.11,100,38,86,20755.1,4.9,43.0,12,9
1782839762.870,185.347,248.9,79.11,100,37,88,2.8,3.4,250.0,79.11,100,43,84,20220.5,17108.0,249.7,79.11,100,42,87,1.8,9.4,248.9,79.11,100,38,86,2.2,886.3,43.0,12,9
1782839763.314,185.791,249.1,79.11,100,38,88,1.8,4.3,249.5,79.11,100,40,83,3.5,14350.3,249.0,79.11,100,39,88,15759.2,5950.2,247.4,79.11,100,40,86,3.1,5.4,43.0,12,9
1782839763.756,186.233,249.7,79.11,100,38,88,10.1,8.1,249.5,79.11,100,40,83,20739.4,14319.1,249.1,79.11,100,43,88,1867.7,5.5,244.4,79.11,100,40,86,2.0,17326.1,43.0,12,9
1782839764.200,186.677,249.6,79.11,100,36,88,19495.1,16240.3,251.6,79.11,100,46,84,15082.4,15710.6,245.9,79.11,100,42,88,16650.9,9313.7,237.3,79.11,100,11,87,3.5,4.3,46.0,13,8
1782839764.642,187.119,245.2,79.11,100,28,89,1.5,17115.1,246.6,79.11,98,11,84,20705.6,3.7,245.8,79.11,100,46,88,8.5,9.4,237.3,79.11,100,11,87,494.5,8209.4,46.0,13,8
1782839765.090,187.566,251.2,79.11,100,45,88,15270.9,6611.8,246.9,79.11,100,43,84,2.7,4.2,245.8,79.11,100,46,88,1.8,10002.9,243.6,79.11,100,44,86,15444.6,10471.0,46.0,13,8
1782839765.531,188.008,256.5,79.11,100,59,88,1.8,4.2,254.9,79.11,100,62,84,490.9,17191.3,247.6,79.11,100,41,88,19750.9,900.5,249.3,79.11,100,40,86,2.6,4.5,46.0,13,8
1782839765.973,188.450,250.7,79.11,100,45,88,16313.7,16341.2,253.9,79.11,100,55,84,3.5,5.3,253.3,79.11,100,54,88,1696.8,15776.4,248.9,79.11,100,46,87,19680.9,5.6,46.0,13,8
1782839766.417,188.894,248.9,79.11,100,37,88,19466.1,5.3,250.1,79.11,100,44,84,9.5,7091.7,250.0,79.11,100,40,87,17138.7,12173.6,247.8,79.11,100,39,87,2.1,5.6,46.0,13,8
1782839766.859,189.336,248.9,79.11,100,37,88,3.5,5.1,249.5,79.11,100,43,84,16720.2,13085.6,249.4,79.11,100,44,88,7294.3,7.9,244.7,79.11,100,38,86,5.3,4673.5,46.0,13,8
1782839767.303,189.780,248.6,79.11,100,34,88,1.7,4.1,250.0,79.11,100,40,84,1.6,14250.8,251.2,79.11,100,43,88,15468.1,6209.0,245.7,79.11,100,46,87,5.7,4.7,46.0,13,8
1782839767.746,190.223,250.6,79.11,100,39,88,14809.9,6267.9,250.0,79.11,100,40,84,2.9,6.0,251.4,79.11,100,52,88,3.4,13783.1,247.9,79.11,100,47,87,14848.7,7222.0,46.0,13,8
1782839768.192,190.669,251.0,79.11,99,42,88,1.7,9.2,250.2,79.11,100,39,83,17933.1,17107.0,252.1,79.11,100,56,88,1.8,4.3,246.4,79.11,100,54,87,3.5,660.9,46.0,13,8
1782839768.638,191.114,250.1,79.11,100,43,88,20705.1,4.0,251.4,79.11,100,52,84,1.8,4.6,250.6,79.11,100,58,88,15848.2,12713.4,246.4,79.11,100,54,87,8700.7,7.2,46.0,13,8
1782839769.086,191.562,250.0,79.11,100,40,88,1.8,8691.7,250.3,79.11,100,46,83,15508.9,11963.4,250.6,79.11,100,58,88,1.8,4.6,249.6,79.11,100,53,87,267.7,16315.6,46.0,13,8
1782839769.528,192.004,249.7,79.11,100,38,88,1.9,4.0,249.5,79.11,100,40,83,1.7,21.0,250.1,79.11,100,58,88,19728.8,17202.2,251.5,79.11,100,50,87,2.4,4.6,46.0,13,8
1782839769.970,192.447,249.3,79.11,100,39,88,5174.9,12826.7,249.0,79.11,100,45,83,18952.3,4.3,249.9,79.11,100,61,88,2.6,4.6,250.1,79.11,100,52,87,16305.6,12823.6,46.0,13,8
1782839770.415,192.891,250.0,79.11,100,44,88,1.9,17114.3,249.3,79.11,100,49,84,20707.1,6.2,250.7,79.11,100,50,88,2.8,558.4,247.1,79.11,100,42,87,19701.5,17204.8,46.0,13,8
1782839770.858,193.335,250.0,79.11,100,44,88,16412.2,16726.1,247.3,79.11,100,41,85,2.1,5.3,247.7,79.11,100,40,87,7679.9,16993.4,246.6,79.11,100,39,87,10229.0,5.4,49.0,14,7
1782839771.309,193.786,248.5,79.11,100,35,88,1.8,8757.2,242.5,79.11,100,11,84,17574.2,9731.5,240.8,79.11,98,30,87,2.6,4.4,236.7,79.11,100,12,86,3.5,9435.5,49.0,14,7
1782839771.754,194.231,246.7,79.11,100,58,89,17482.2,13711.7,242.5,79.11,100,11,84,6.0,4.0,249.5,79.11,100,57,88,3.5,608.1,243.2,79.11,100,68,87,19725.3,17203.1,49.0,14,7
1782839772.204,194.681,250.1,79.11,100,41,88,2.9,3.9,250.9,79.11,100,56,84,1.8,4384.4,250.1,79.11,100,47,87,15484.5,12675.8,249.8,79.11,100,48,87,3.9,4.2,49.0,14,7
1782839772.650,195.127,250.6,79.11,100,41,87,3175.2,14296.1,250.1,79.11,100,43,84,20704.3,6.4,247.8,79.11,100,39,87,7.7,10.4,249.8,79.11,100,48,87,19758.6,15364.8,49.0,14,7
1782839773.101,195.578,248.4,79.11,100,38,88,2.0,17112.9,247.6,79.11,100,42,84,19063.1,1300.9,247.8,79.11,100,39,87,3.0,5.4,246.9,79.11,100,39,86,17836.7,13089.1,49.0,14,7
1782839773.543,196.020,250.1,79.11,100,36,88,20710.3,17112.7,249.7,79.11,100,41,83,2.0,5.3,249.5,79.11,100,43,88,1105.6,16744.3,245.6,79.11,100,44,87,20749.4,5.8,49.0,14,7
1782839773.985,196.461,250.2,79.11,100,37,88,20709.6,4.7,250.3,79.11,100,40,84,1.9,4.7,250.1,79.11,100,40,87,9840.0,13182.5,244.8,79.11,100,38,87,14501.5,5.1,49.0,14,7
1782839774.426,196.903,249.6,79.11,100,48,88,7777.1,13088.1,249.8,79.11,100,47,84,16827.3,4.3,248.6,79.11,100,39,88,3.0,4.4,243.2,79.11,100,39,86,15708.1,12893.3,49.0,14,7
1782839774.870,197.347,249.6,79.11,100,48,88,4.5,4.3,250.4,79.11,100,41,84,9793.1,13196.6,249.1,79.11,100,38,87,14212.2,9.3,245.0,79.11,100,41,86,2.0,3.9,49.0,14,7
1782839775.313,197.790,250.1,79.11,100,42,88,15305.7,8561.8,249.4,79.11,100,43,84,3.4,4.3,249.4,79.11,100,41,87,2.7,10812.6,249.4,79.11,100,39,86,15344.8,9776.4,49.0,14,7
1782839775.754,198.231,249.2,79.11,100,40,88,9.9,5.5,249.4,79.11,100,43,84,20254.0,16662.4,250.4,79.11,100,40,87,3.6,4.3,248.7,79.11,100,40,86,1.9,559.5,49.0,14,7
1782839776.203,198.679,249.4,79.11,100,40,88,20706.3,4.0,251.1,79.11,100,45,84,1.8,4.4,249.6,79.11,100,40,87,1550.8,16007.6,249.3,79.11,100,40,87,20758.6,10.2,49.0,14,7
1782839776.646,199.123,250.2,79.11,100,40,88,1.8,12667.2,251.0,79.11,100,45,84,15533.4,7865.9,249.8,79.11,100,39,87,7.6,10.3,249.3,79.11,100,40,87,1164.5,16543.7,49.0,14,7
1782839777.099,199.575,250.0,79.11,100,38,88,1.9,4.6,250.5,79.11,100,42,84,521.8,17108.3,249.8,79.11,100,39,87,20748.1,4.8,248.2,79.11,100,41,86,3.6,4.6,49.0,14,7
1782839777.540,200.017,250.4,79.11,100,37,88,1.9,5.0,248.6,79.11,100,41,83,12771.3,13251.6,249.7,79.11,99,40,88,11036.0,5.7,249.2,79.11,100,39,87,3.0,14059.5,49.0,14,7
1782839777.982,200.459,249.5,79.11,100,35,88,5.2,12215.0,249.8,79.11,100,41,84,25755.7,14257.4,249.4,79.11,100,45,88,19066.7,12650.6,244.7,79.11,100,38,86,19560.5,12709.8,52.0,15,6
1782839778.426,200.903,247.6,79.11,100,45,88,15460.9,7435.6,242.6,79.11,100,19,84,3.4,3.8,241.7,79.11,98,11,87,1.6,565.2,236.9,79.11,100,42,86,19727.3,17207.2,52.0,15,6
1782839778.868,201.345,247.6,79.11,100,45,88,10244.6,3.8,250.3,79.11,100,58,84,1.8,4.0,247.9,79.11,100,42,88,6110.8,13093.9,242.4,79.11,100,40,86,17669.5,4.4,52.0,15,6
1782839779.310,201.787,252.7,79.11,100,60,88,1.7,3.9,254.6,79.11,100,61,83,10263.6,12550.0,255.2,79.11,100,49,88,14389.1,4.6,250.7,79.11,100,53,87,3.6,4.2,52.0,15,6
1782839779.752,202.229,255.3,79.11,100,46,88,20710.5,5.8,254.6,79.11,100,61,83,5.5,4.3,252.7,79.11,100,55,88,13014.0,12831.0,250.9,79.11,100,51,87,11557.9,5.5,52.0,15,6
1782839780.205,202.682,251.3,79.11,100,40,88,18024.5,5.4,249.7,79.11,100,45,83,2.0,7827.1,246.0,79.11,100,40,87,16365.0,11944.2,246.7,79.11,100,38,86,4.7,5.8,52.0,15,6
1782839780.646,203.123,247.8,79.11,100,35,88,3.1,5.4,247.8,79.11,100,43,84,20244.3,17109.6,247.5,79.11,100,42,88,5.3,11.6,246.7,79.11,100,38,86,7910.2,13646.3,52.0,15,6
1782839781.100,203.577,247.2,79.11,100,37,88,1.9,5729.9,249.0,79.11,100,38,84,16286.3,14253.8,247.5,79.11,100,42,88,3.3,4.6,242.3,79.11,100,38,86,3.5,8788.1,52.0,15,6
1782839781.543,204.020,250.3,79.11,100,37,88,10.3,4.5,249.5,79.11,100,42,83,2.0,8908.4,251.4,79.11,100,40,88,15800.2,10876.1,245.6,79.11,100,55,87,3.5,4.4,52.0,15,6
1782839781.985,204.462,251.3,79.11,100,37,88,20709.3,15511.5,249.4,79.11,100,45,83,1061.9,4.4,251.7,79.11,100,46,88,1.9,33.5,248.7,79.11,100,57,87,19737.6,15478.6,52.0,15,6
1782839782.427,204.904,250.0,79.11,100,39,88,1.7,3.9,250.6,79.11,100,46,83,3.2,17185.2,251.4,79.11,100,55,88,20556.6,135.0,248.8,79.11,100,56,87,3.2,4.6,52.0,15,6
1782839782.870,205.347,250.0,79.11,100,39,88,20711.0,17108.0,250.2,79.11,100,45,83,1.8,4.2,249.6,79.11,100,54,88,3.5,544.1,248.3,79.11,100,55,87,19730.8,17208.7,52.0,15,6
1782839783.312,205.789,250.4,79.11,100,39,88,1.8,4.2,250.0,79.11,100,43,83,16247.7,12911.6,249.3,79.11,100,49,88,8079.0,4.2,248.5,79.11,100,53,87,3.5,3.8,52.0,15,6
1782839783.754,206.231,249.7,79.11,100,39,88,20711.4,7.0,250.0,79.11,100,43,83,6.2,4.5,250.1,79.11,100,53,88,1127.3,16730.8,249.1,79.11,100,53,87,20757.8,4.6,52.0,15,6
1782839784.200,206.677,249.0,79.11,100,40,88,20708.3,14264.3,250.2,79.11,100,47,83,2347.9,5.4,248.7,79.11,100,49,88,2.1,17295.6,244.9,79.11,100,39,86,20163.5,656.3,52.0,15,6
1782839784.643,207.120,249.0,79.11,100,37,88,20703.4,5.2,250.3,79.11,100,50,84,2.9,22.3,249.0,79.11,100,40,88,19715.0,17197.9,244.9,79.11,100,39,86,7.8,8.3,52.0,15,6
1782839785.088,207.565,249.9,79.11,100,41,88,20705.4,17113.4,249.1,79.11,100,40,84,2.0,4.2,249.0,79.11,100,40,88,1.8,9.0,243.8,79.11,100,40,87,19709.9,17205.2,55.0,16,5
1782839785.530,208.007,250.7,79.11,100,56,88,1.7,3.5,246.1,79.11,100,66,84,4.2,2.7,245.8,79.11,100,12,88,15432.1,12420.6,239.6,79.11,100,50,87,8939.9,4.0,55.0,16,5
1782839785.972,208.448,249.0,79.11,100,40,87,6.8,4.0,248.2,79.11,100,41,83,15431.0,12559.8,247.9,79.11,100,69,88,9346.5,4.1,245.9,79.11,100,65,87,1.9,4.2,55.0,16,5
1782839786.416,208.892,251.1,79.11,100,41,88,20707.0,17111.6,253.5,79.11,100,44,84,2.0,10.2,252.0,79.11,100,40,88,1.9,2083.4,252.6,79.11,100,42,87,17287.3,17203.1,55.0,16,5
1782839786.859,209.336,251.1,79.11,100,41,88,2.0,11917.3,249.9,79.11,100,41,84,16036.2,8151.2,248.5,79.11,100,39,88,4.8,7.7,246.8,79.11,100,39,87,19758.5,16600.8,55.0,16,5
1782839787.306,209.783,248.3,79.11,100,37,87,20028.3,17110.1,251.4,79.11,100,41,84,2.0,5.2,248.7,79.11,100,40,88,1110.0,16732.2,242.6,79.11,100,38,86,20750.9,5.6,55.0,16,5
1782839787.748,210.225,249.2,79.11,100,35,88,8996.1,7.6,251.4,79.11,100,41,84,2.9,4891.6,250.6,79.11,100,37,88,16250.4,15043.3,242.6,79.11,100,42,87,2.0,4.8,55.0,16,5
1782839788.194,210.671,250.5,79.11,100,42,88,15390.5,8019.3,250.3,79.11,100,44,84,1.9,4.5,249.3,79.11,100,40,87,503.0,17301.3,245.8,79.11,100,38,87,19525.8,959.8,55.0,16,5
1782839788.635,211.112,249.9,79.11,100,39,88,1.8,12465.6,250.5,79.11,100,47,84,15053.0,8404.5,249.3,79.11,100,40,87,2.9,8.2,245.8,79.11,100,38,87,1147.1,16770.3,55.0,16,5
1782839789.079,211.556,248.1,79.11,100,37,87,3.4,4.0,249.6,79.11,100,43,84,1.8,7575.8,248.8,79.11,100,42,87,15912.9,12565.9,247.9,79.11,100,38,86,1.9,4.4,55.0,16,5
1782839789.522,211.999,249.6,79.11,100,38,88,20709.1,14383.7,248.9,79.11,100,43,84,2276.3,5.0,250.7,79.11,100,40,88,1.9,539.8,250.0,79.11,100,42,87,19725.6,17200.3,55.0,16,5
1782839789.964,212.441,250.3,79.11,100,39,88,3.5,7.0,249.6,79.11,100,44,84,12141.2,13437.4,249.4,79.11,100,42,87,9422.9,4.4,248.6,79.11,100,47,87,2.2,11.5,55.0,16,5
1782839790.411,212.888,249.4,79.11,100,39,88,20705.6,4.1,249.5,79.11,100,42,83,2.8,4.5,250.5,79.11,100,40,87,8537.1,13821.8,248.4,79.11,100,50,87,10567.4,4.5,55.0,16,5
1782839790.859,213.336,249.4,79.11,100,39,88,11329.4,13320.2,249.7,79.11,100,43,84,13399.5,4.7,250.9,79.11,100,41,87,2.5,2984.2,248.4,79.11,100,53,87,15587.1,6923.4,55.0,16,5
1782839791.311,213.788,249.6,79.11,100,37,88,16163.0,15415.5,251.9,79.11,100,41,84,2.0,5.3,248.2,79.11,100,40,88,2846.2,15056.9,243.7,79.11,100,38,86,20264.6,5.5,55.0,16,5
1782839791.751,214.228,248.9,79.11,100,37,88,11719.4,8.0,251.9,79.11,100,41,84,3.4,11528.7,249.9,79.11,100,43,88,26346.9,15285.9,241.7,79.11,100,43,87,19470.2,12764.2,58.0,17,4
1782839792.196,214.672,248.9,79.11,100,38,88,1.8,10524.7,250.2,79.11,100,43,84,15871.3,9769.0,247.1,79.11,100,63,88,2.5,4.0,240.8,79.11,100,56,87,2.2,600.5,58.0,17,4
1782839792.639,215.116,250.6,79.11,100,49,88,10810.8,12478.0,247.6,79.11,100,60,84,14399.9,4.2,247.1,79.11,100,63,88,9.3,9.9,240.8,79.11,100,56,87,6443.8,13091.2,58.0,17,4
1782839793.089,215.566,248.8,79.11,100,40,87,3.4,3.6,248.8,79.11,100,42,84,1.7,3.7,246.0,79.11,100,56,87,8417.7,12611.3,245.0,79.11,100,47,87,16797.3,4.7,58.0,17,4
1782839793.531,216.008,249.3,79.11,100,47,88,1.9,17114.0,252.9,79.11,100,50,84,17461.2,2431.6,251.2,79.11,100,42,87,2.8,4.5,249.8,79.11,100,39,86,1109.9,16832.4,58.0,17,4
1782839793.972,216.449,249.5,79.11,100,37,88,6.9,13445.2,250.4,79.11,100,46,84,15824.7,6996.5,248.4,79.11,100,40,87,3.8,5.2,247.3,79.11,100,38,87,20819.4,15431.0,58.0,17,4
1782839794.414,216.891,250.0,79.11,100,39,88,20434.2,17107.2,250.9,79.11,100,38,84,2.3,5.6,249.6,79.11,100,38,88,7168.1,14729.1,243.4,79.11,100,37,86,15352.6,6.3,58.0,17,4
1782839794.861,217.338,250.0,79.11,100,39,88,17195.9,2782.2,249.7,79.11,100,41,84,2.0,5.0,251.2,79.11,100,45,88,19685.0,13151.7,244.2,79.11,100,46,87,4963.9,4.5,58.0,17,4
1782839795.307,217.784,250.7,79.11,100,41,88,2722.6,14895.8,250.2,79.11,100,54,84,20704.4,4.9,250.8,79.11,100,52,88,2.8,5.9,245.4,79.11,100,38,86,19756.4,15596.2,58.0,17,4
1782839795.749,218.226,250.7,79.11,100,48,88,5.1,9.7,250.2,79.11,100,54,84,17283.6,12743.3,248.7,79.11,100,39,87,6042.3,6.6,247.3,79.11,100,41,87,1.8,529.4,58.0,17,4
1782839796.197,218.674,248.9,79.11,100,41,88,19266.3,1166.5,250.6,79.11,100,43,84,2.6,4.1,250.3,79.11,100,40,87,502.4,17314.4,249.9,79.11,100,40,87,18395.3,1899.7,58.0,17,4
1782839796.639,219.116,249.6,79.11,100,42,88,1.8,3.4,250.5,79.11,100,46,84,20233.5,17106.4,250.3,79.11,100,40,87,9.2,9.9,249.9,79.11,100,40,87,5.1,2591.2,58.0,17,4
1782839797.088,219.565,250.5,79.11,100,42,88,3.5,4.1,250.6,79.11,100,47,84,1.8,73.4,250.4,79.11,100,41,87,19692.2,17200.3,249.4,79.11,100,40,88,2.3,4.5,58.0,17,4
1782839797.530,220.006,249.9,79.11,100,39,88,10957.9,12955.0,250.3,79.11,100,42,84,13815.6,4.2,249.6,79.11,100,40,87,2.7,5.0,248.1,79.11,100,41,86,15665.3,12931.6,58.0,17,4
1782839797.972,220.449,249.6,79.11,100,37,87,5.1,6693.6,249.6,79.11,100,43,84,15852.3,13689.5,249.6,79.11,100,39,87,3.7,7.6,247.9,79.11,100,38,86,11629.6,13294.6,58.0,17,4
1782839798.417,220.894,250.5,79.11,100,40,88,19794.6,14431.2,250.0,79.11,100,44,84,3430.2,5.6,251.2,79.11,100,42,88,74.0,17283.4,246.3,79.11,100,41,87,20750.2,5.9,58.0,17,4
1782839798.861,221.338,250.5,79.11,100,40,88,20705.7,17106.0,247.8,79.11,100,42,85,18194.1,2002.7,251.0,79.11,100,39,88,1.9,7.1,243.9,79.11,100,40,87,492.6,17270.0,61.0,18,3
1782839799.305,221.782,246.8,79.11,98,10,89,14141.2,3.5,247.4,79.11,100,45,83,1.8,3.8,244.1,79.11,100,43,88,1017.5,13486.5,243.4,79.11,100,57,87,14990.4,6923.4,61.0,18,3
1782839799.747,222.223,249.3,79.11,100,42,88,8.4,6.8,247.4,79.11,100,45,83,2.7,17199.7,247.0,79.11,100,45,88,18079.5,2128.0,243.3,79.11,100,40,86,2.2,4.2,61.0,18,3
1782839800.193,222.669,249.4,79.11,100,49,88,3.3,17110.5,255.4,79.11,100,51,84,20704.8,4.4,253.4,79.11,100,60,88,1.9,4.6,248.3,79.11,100,43,86,4032.4,13825.7,61.0,18,3
1782839800.635,223.112,250.8,79.11,100,48,88,1.9,11.3,252.7,79.11,100,65,84,20394.9,12580.6,253.4,79.11,100,60,88,3772.7,10.7,248.3,79.11,100,43,86,500.4,17329.9,61.0,18,3
1782839801.086,223.562,248.4,79.11,100,36,88,3.6,17114.9,249.6,79.11,100,46,84,20705.3,5.2,250.0,79.11,100,42,88,4.7,526.3,248.8,79.11,100,39,87,19720.1,17193.9,61.0,18,3
1782839801.527,224.004,248.2,79.11,100,37,88,15972.3,16596.1,248.9,79.11,100,46,84,2.0,4.9,248.9,79.11,100,43,88,504.1,17012.5,246.1,79.11,100,40,87,20753.6,10.5,61.0,18,3
1782839801.969,224.446,251.1,79.11,100,37,88,3151.6,12705.7,249.6,79.11,100,40,84,19310.1,4.3,250.4,79.11,100,39,88,2.7,4.7,247.1,79.11,100,47,87,10421.5,12795.3,61.0,18,3
1782839802.415,224.892,250.4,79.11,100,40,88,1.7,3.9,249.3,79.11,100,45,83,535.1,16869.2,251.6,79.11,100,50,88,20748.2,4.6,247.2,79.11,100,50,87,3.6,4.6,61.0,18,3
1782839802.859,225.335,250.4,79.11,100,40,88,16893.8,3096.9,250.8,79.11,100,59,84,1.8,4.2,251.4,79.11,100,55,88,518.9,17288.2,247.2,79.11,100,44,87,20752.9,4.8,61.0,18,3
1782839803.307,225.784,250.0,79.11,100,49,88,1.8,3.7,250.2,79.11,100,57,83,20235.1,17107.3,250.8,79.11,100,58,88,1.9,4.5,248.8,79.11,100,49,87,2.4,627.7,61.0,18,3
1782839803.750,226.227,249.8,79.11,100,45,88,20710.5,7.5,250.2,79.11,100,57,83,9.3,4.5,252.3,79.11,100,58,88,6862.8,13087.8,251.3,79.11,100,52,87,17675.0,4.5,61.0,18,3
1782839804.193,226.670,250.2,79.11,100,42,88,3.4,8739.7,248.5,79.11,100,55,83,15757.5,11574.9,252.1,79.11,100,60,88,3.5,4.6,250.7,79.11,100,50,87,1.8,13703.3,61.0,18,3
1782839804.636,227.113,249.6,79.11,100,45,88,664.8,4.2,248.7,79.11,100,59,83,4.5,2927.6,252.1,79.11,100,60,88,16153.8,13545.8,250.7,79.11,100,50,87,9.4,13.7,61.0,18,3
1782839805.085,227.561,249.4,79.11,100,43,88,8365.8,5.1,250.5,79.11,100,52,84,2.1,12265.5,249.6,79.11,100,50,88,15974.7,7642.0,248.8,79.11,100,42,87,2.5,5.5,61.0,18,3
1782839805.526,228.003,248.4,79.11,100,36,88,2.7,4.9,248.1,79.11,100,41,83,11275.1,13414.0,246.5,79.11,100,39,89,12482.4,5.4,249.4,79.11,100,40,87,3.7,7614.4,64.0,19,2
1782839805.974,228.451,243.6,79.11,100,13,88,17558.4,4697.8,243.0,79.11,98,45,84,2.4,4.2,245.8,79.11,98,41,88,1.7,15561.7,243.3,79.11,98,25,86,14997.8,5092.1,64.0,19,2
1782839806.417,228.894,251.0,79.11,100,50,88,1.7,3.5,250.8,79.11,100,66,84,2.1,3.2,249.5,79.11,100,68,88,19112.7,12254.5,240.4,79.11,100,52,87,5804.9,4.3,64.0,19,2
1782839806.859,229.335,251.0,79.11,100,50,88,1.8,3.6,254.3,79.11,100,43,83,20245.5,17107.0,249.5,79.11,100,40,87,2.8,6.8,246.2,79.11,100,53,87,4.7,32.9,64.0,19,2
1782839807.305,229.781,251.7,79.11,100,41,88,20705.4,4.6,248.9,79.11,100,45,84,1.9,4.4,248.2,79.11,100,41,87,1122.2,16728.1,250.6,79.11,100,38,87,20752.3,4.5,64.0,19,2
1782839807.747,230.224,248.2,79.11,100,38,87,20372.6,17112.1,248.9,79.11,100,45,84,4.5,8.7,248.5,79.11,100,40,88,1096.6,16767.5,248.6,79.11,100,43,87,20750.0,5.6,64.0,19,2
1782839808.192,230.669,249.5,79.11,100,37,88,13121.1,4.9,249.6,79.11,100,42,83,2.6,8676.4,249.3,79.11,100,39,87,15827.9,11012.9,244.4,79.11,100,39,87,2.9,5.8,64.0,19,2
1782839808.634,231.111,249.5,79.11,100,35,88,1.8,4.4,249.4,79.11,100,41,83,2.1,17174.6,249.3,79.11,100,39,87,18947.6,8.5,244.4,79.11,100,39,87,10.2,588.6,64.0,19,2
1782839809.091,231.568,249.7,79.11,100,43,88,12239.1,4.2,252.1,79.11,100,49,84,2.6,4.4,249.6,79.11,100,48,88,20767.1,13618.4,241.2,79.11,100,38,86,2971.9,4.8,64.0,19,2
1782839809.533,232.010,249.8,79.11,100,37,88,12150.4,13221.9,251.7,79.11,100,44,84,12019.5,4.4,250.5,79.11,100,38,87,1.8,6.6,245.0,79.11,100,38,88,18708.8,12776.2,64.0,19,2
1782839809.976,232.453,249.7,79.11,100,39,88,5.1,4.1,249.4,79.11,100,44,84,2.6,14372.6,249.9,79.11,100,41,87,15600.3,6210.6,249.6,79.11,100,40,86,2.8,4.3,64.0,19,2
1782839810.419,232.896,250.3,79.11,100,39,88,20708.5,14384.2,250.5,79.11,100,44,84,2452.3,4.3,249.7,79.11,100,40,87,2.5,10.1,249.5,79.11,100,40,86,19748.7,13910.6,64.0,19,2
1782839810.863,233.340,250.3,79.11,100,39,88,1.8,4.3,252.0,79.11,100,45,84,523.8,17119.6,250.3,79.11,100,41,87,20750.0,7.2,247.8,79.11,100,38,87,4.6,4.4,64.0,19,2
1782839811.305,233.782,249.7,79.11,100,37,88,15791.1,13509.4,250.0,79.11,100,45,84,1.8,4.3,249.0,79.11,100,40,87,1.9,9326.4,247.9,79.11,100,39,86,15391.5,11260.6,64.0,19,2
1782839811.747,234.224,249.6,79.11,100,38,88,6.3,17114.7,250.0,79.11,100,45,84,20707.3,8.4,249.6,79.11,100,40,87,2.8,4.8,247.7,79.11,100,38,87,16351.0,12635.6,64.0,19,2
1782839812.656,235.132,250.0,79.11,100,36,88,15441.7,15965.0,250.2,79.11,100,48,84,15347.2,15999.4,245.9,79.11,98,10,87,17379.8,17190.8,244.7,79.11,100,40,87,17965.6,17213.5,67.0,20,1
1782839813.102,235.579,244.4,79.11,100,22,87,3.4,3.5,243.1,79.11,98,16,83,1.6,7794.3,245.9,79.11,98,10,87,15633.7,12425.4,239.1,79.11,100,10,86,4.5,4.1,67.0,20,1
1782839813.548,236.024,250.5,79.11,100,54,88,1.7,3.4,250.4,79.11,100,43,84,20244.1,17106.8,244.5,79.11,100,40,87,1.9,4.4,242.8,79.11,100,41,86,2.2,536.5,67.0,20,1
1782839813.989,236.466,257.2,79.11,100,52,88,20713.3,17112.9,253.9,79.11,100,63,84,2.0,4.2,249.4,79.11,100,60,88,3.5,556.9,250.1,79.11,100,47,87,19722.5,17200.6,67.0,20,1
1782839814.432,236.909,249.8,79.11,100,37,88,1.7,4.1,247.2,79.11,100,44,83,12265.1,12969.7,252.8,79.11,100,48,88,11906.2,5.4,249.8,79.11,100,55,87,3.8,6791.4,67.0,20,1
1782839814.874,237.351,249.8,79.11,100,37,88,9.0,12951.4,249.1,79.11,100,44,84,16163.8,7026.8,246.7,79.11,100,42,88,5.8,8.4,248.1,79.11,100,39,86,19789.0,13463.3,67.0,20,1
1782839815.319,237.796,249.1,79.11,100,39,88,19330.4,17112.4,249.8,79.11,100,43,84,2.1,5.4,249.1,79.11,100,41,88,1107.0,16736.1,245.5,79.11,100,40,87,20762.8,5.0,67.0,20,1
1782839815.761,238.238,248.3,79.11,100,34,88,20458.8,17111.6,249.8,79.11,100,43,84,5.3,4.2,249.8,79.11,100,39,87,1.8,6176.7,247.3,79.11,100,40,87,15489.2,14324.1,67.0,20,1
1782839816.208,238.685,250.0,79.11,100,38,87,3.7,15688.1,247.7,79.11,100,40,83,16061.4,4497.4,249.7,79.11,100,38,88,2.8,4.4,247.4,79.11,100,43,87,498.6,17055.9,67.0,20,1
1782839816.651,239.128,251.1,79.11,100,41,88,1.8,4.1,249.3,79.11,100,40,83,498.9,17175.1,252.0,79.11,100,52,88,20752.2,11.3,247.4,79.11,100,43,87,10.6,10.9,67.0,20,1
1782839817.102,239.579,251.2,79.11,100,50,88,15399.5,8039.5,251.3,79.11,100,55,84,2.8,4.4,252.0,79.11,100,52,88,503.5,17303.9,247.1,79.11,100,43,87,19428.8,779.9,67.0,20,1
1782839817.542,240.019,249.9,79.11,100,47,88,1.8,759.0,251.0,79.11,100,52,84,18496.2,17107.0,249.3,79.11,100,51,88,1.9,4.7,247.5,79.11,100,39,87,3.5,12650.9,67.0,20,1
1782839817.983,240.460,249.4,79.11,100,45,88,5.1,4.1,250.8,79.11,100,50,84,1.8,9921.3,247.7,79.11,100,47,88,15519.3,10450.8,248.3,79.11,100,38,86,2.4,5.0,67.0,20,1
1782839818.425,240.902,247.8,79.11,100,38,88,20705.5,5.1,248.1,79.11,100,40,84,2.0,5.0,248.4,79.11,100,39,87,17440.5,13371.7,248.4,79.11,100,39,86,6529.6,5.4,67.0,20,1
1782839818.865,241.342,247.8,79.11,100,38,88,4193.9,5.5,249.4,79.11,100,43,84,490.7,17142.8,251.5,79.11,100,43,88,20747.9,8.5,247.8,79.11,100,44,87,6.1,5856.5,67.0,20,1
1782839819.314,241.791,250.8,79.11,100,35,88,20708.8,14524.4,250.0,79.11,100,32,84,2058.6,5.9,249.2,79.11,100,31,88,1085.0,17044.5,241.4,79.11,100,28,87,47.1,66.9,70.0,21,0
1782839819.755,242.232,249.1,79.11,99,32,88,6005.8,4148.8,250.0,79.11,100,32,84,4563.3,5537.4,222.8,79.11,93,52,87,5222.5,6961.7,219.0,79.11,100,56,86,5323.9,7214.7,70.0,23,0
1782839820.210,242.687,235.2,79.11,100,54,88,4565.6,3773.8,229.2,79.11,88,49,84,4202.4,5192.6,232.1,79.11,100,58,87,4500.5,6841.8,228.0,79.11,100,57,86,4594.5,7462.0,70.0,24,0
1782839820.653,243.130,237.2,79.11,100,55,87,4381.8,3229.7,234.9,79.11,100,60,83,4762.1,5026.1,256.9,79.11,100,58,87,5009.0,6505.3,228.0,79.11,100,57,86,5122.2,7238.7,70.0,24,0
1782839821.103,243.580,251.8,79.11,100,55,87,3949.0,3659.3,257.5,79.11,100,60,83,4282.7,5605.2,256.9,79.11,100,58,87,4520.8,6637.7,257.2,79.11,100,58,86,5047.5,6792.7,70.0,24,0
1782839821.544,244.021,250.0,79.11,100,56,87,4381.6,3259.6,250.0,79.11,100,60,83,4732.8,4829.9,250.8,79.11,100,58,87,5030.2,6423.6,251.4,79.11,100,57,86,5107.6,6852.5,70.0,24,0
1782839821.987,244.464,250.0,79.11,100,55,87,3950.2,3699.6,250.0,79.11,100,60,83,4130.1,5562.4,250.0,79.11,100,58,87,4469.4,6781.7,250.0,79.11,100,58,86,5081.2,6624.6,70.0,24,0
1782839822.431,244.908,250.0,79.11,100,55,87,4465.2,3225.7,250.0,79.11,100,60,83,4731.8,4697.7,250.0,79.11,100,58,87,5052.5,6670.5,250.0,79.11,100,58,86,4489.3,7314.2,70.0,24,0
1782839822.873,245.350,250.0,79.11,100,55,87,3948.4,3724.4,250.0,79.11,100,60,83,4260.7,5386.1,250.0,79.11,100,58,87,4401.9,7987.7,250.0,79.11,100,58,86,5007.1,6977.9,70.0,24,0
1782839823.330,245.807,250.0,79.11,100,56,87,4624.6,3681.3,250.0,79.11,100,61,83,4162.0,5247.1,250.0,79.11,100,59,87,4481.7,6872.8,250.0,79.11,100,58,86,4552.5,7359.3,70.0,24,0
1782839823.774,246.251,250.0,79.11,100,56,87,4385.1,3363.7,250.0,79.11,100,60,83,4779.2,5062.6,250.0,79.11,100,58,87,5027.3,6291.8,250.0,79.11,100,58,86,5097.9,6693.5,70.0,24,0
1782839824.220,246.696,250.0,79.11,100,56,87,3886.6,3674.2,250.0,79.11,100,60,83,4280.0,5357.8,250.0,79.11,100,58,87,4490.5,6769.7,250.0,79.11,100,58,86,4456.9,6878.2,70.0,24,0
1782839824.662,247.139,250.0,79.11,100,56,87,4442.4,3259.7,250.0,79.11,100,60,83,4636.1,5420.0,250.0,79.11,100,58,87,5083.8,6510.1,250.0,79.11,100,58,86,5161.7,7138.1,70.0,24,0
1782839825.111,247.587,250.0,79.11,100,56,87,4016.4,3722.2,250.0,79.11,100,60,83,4197.8,5299.8,250.0,79.11,100,58,87,4438.1,6854.4,250.0,79.11,100,58,86,5040.6,6484.7,70.0,24,0
1782839825.554,248.031,250.0,79.11,100,57,87,4442.4,3209.4,250.0,79.11,100,60,83,4721.0,5254.4,250.0,79.11,100,58,87,5089.3,6596.0,250.0,79.11,100,58,86,4549.0,7494.8,70.0,24,0
1782839825.997,248.474,250.0,79.11,100,56,87,3888.4,3689.7,250.0,79.11,100,60,83,4186.0,5205.7,250.0,79.11,100,58,87,4524.4,6584.5,250.0,79.11,100,58,86,5058.2,6667.1,70.0,24,0
1782839826.445,248.922,250.0,79.11,100,56,87,4501.9,3159.0,250.0,79.11,100,60,83,4787.0,5358.6,250.0,79.11,100,58,87,4418.8,6881.6,250.0,79.11,100,58,86,4555.3,7433.4,70.0,24,0
1782839826.888,249.365,250.0,79.11,100,56,87,3797.6,3724.7,250.0,79.11,100,60,83,4155.6,5052.4,250.0,79.11,100,58,87,5171.9,6363.5,250.0,79.11,100,58,86,5032.2,6957.2,70.0,24,0
1782839827.333,249.810,250.0,79.11,100,56,87,4506.0,3209.1,250.0,79.11,100,60,83,4809.0,5280.0,250.0,79.11,100,59,87,4550.6,6826.2,250.0,79.11,100,58,86,4460.4,6987.7,70.0,24,0
1782839827.777,250.254,250.0,79.11,100,56,87,3845.5,3419.5,249.9,79.11,100,60,83,4657.1,4906.6,250.0,79.11,100,59,87,4963.4,6379.0,250.0,79.11,100,58,86,5026.4,6866.3,70.0,24,0
1782839828.224,250.701,250.0,79.11,100,56,87,4505.3,3564.8,249.9,79.11,100,60,83,4200.4,5211.5,250.0,79.11,100,59,87,4504.5,6839.5,250.0,79.11,100,58,86,4496.3,7129.5,70.0,24,0
1782839828.666,251.143,250.0,79.11,100,57,87,3886.8,3780.5,250.0,79.11,100,60,83,5564.6,4828.8,250.0,79.11,100,58,87,5057.2,6337.9,250.0,79.11,100,58,86,5342.7,6612.0,70.0,24,0
1782839829.115,251.592,250.0,79.11,100,56,87,3949.2,3674.2,250.0,79.11,100,60,83,4307.6,5169.6,250.0,79.11,100,58,87,4402.1,6515.7,250.0,79.11,100,58,86,4448.8,6901.9,70.0,24,0
1782839829.558,252.034,250.0,79.11,100,56,87,4321.0,3275.5,250.0,79.11,100,60,83,4753.2,4917.9,250.0,79.11,100,58,87,5001.2,6500.2,250.0,79.11,100,58,86,5114.4,6791.5,71.0,24,0
1782839830.002,252.479,250.0,79.11,100,56,87,3954.0,3674.2,250.0,79.11,100,60,83,4189.5,5432.9,250.0,79.11,100,58,87,4411.7,6606.2,250.0,79.11,100,58,86,4850.8,6377.8,71.0,24,0
1782839830.446,252.923,250.0,79.11,100,55,87,4503.1,3243.4,250.0,79.11,100,59,83,4791.6,5003.0,250.0,79.11,100,58,87,4610.8,7097.9,250.0,79.11,100,57,86,4540.4,7158.3,71.0,24,0
1782839830.888,253.365,250.0,79.11,100,55,87,3887.7,3674.6,250.0,79.11,100,60,83,4537.8,5031.5,250.0,79.11,100,58,87,5190.9,6126.5,249.9,79.11,100,57,86,5140.7,6613.6,71.0,24,0
1782839831.331,253.808,250.0,79.11,100,55,87,4008.2,3573.9,250.0,79.11,100,59,83,4317.1,5254.3,250.0,79.11,100,58,87,4561.7,6559.3,250.0,79.11,100,57,86,4532.7,7048.8,71.0,24,0
1782839831.774,254.250,250.0,79.11,100,55,87,4565.6,3162.0,250.0,79.11,100,59,83,4816.1,5327.5,250.0,79.11,100,57,87,4500.6,6765.4,250.0,79.11,100,57,86,4579.0,7206.4,71.0,24,0
1782839832.223,254.700,250.0,79.11,100,55,87,3947.2,3825.2,250.0,79.11,100,59,83,4741.3,5033.8,250.0,79.11,100,58,87,4951.3,6356.4,250.0,79.11,100,58,86,5114.0,6781.1,71.0,24,0
1782839832.698,255.175,250.0,79.11,100,55,87,4563.8,3214.8,250.0,79.11,100,60,83,5231.5,5639.7,250.0,79.11,100,58,87,4473.7,6696.0,249.9,79.11,100,58,86,4524.0,6871.3,71.0,24,0
1782839833.149,255.626,250.0,79.11,100,55,87,4381.7,3259.6,250.0,79.11,100,60,83,4676.6,4672.2,250.0,79.11,100,58,87,5057.6,6603.0,249.9,79.11,100,58,86,5142.6,7311.4,71.0,24,0
1782839833.593,256.070,250.0,79.11,100,55,87,4008.0,3697.5,250.0,79.11,100,60,83,4203.2,5192.5,250.0,79.11,100,58,87,4476.0,6634.2,250.0,79.11,100,58,86,5080.0,6696.4,71.0,24,0
1782839834.037,256.514,250.0,79.11,100,55,87,4563.9,3159.2,250.0,79.11,100,60,83,4499.3,5377.3,250.0,79.11,100,58,87,4518.2,6719.9,250.0,79.11,100,57,86,4597.7,7043.7,71.0,24,0
1782839834.480,256.957,250.0,79.11,100,55,87,3791.8,3738.9,250.0,79.11,100,60,83,4712.6,4686.3,250.0,79.11,100,58,87,4981.0,6139.3,250.0,79.11,100,58,86,5060.9,6699.9,71.0,24,0
1782839834.923,257.399,250.0,79.11,100,55,87,4472.3,4158.0,250.0,79.11,100,60,83,4709.0,4955.9,250.0,79.11,100,58,87,4470.0,6608.6,250.0,79.11,100,57,86,4782.2,6668.0,71.0,24,0
1782839835.373,257.850,250.0,79.11,100,55,87,4452.7,3259.5,250.0,79.11,100,59,83,4770.9,4826.3,250.0,79.11,100,58,87,5133.7,6777.4,250.0,79.11,100,57,86,4556.4,7073.3,71.0,24,0
1782839835.817,258.294,250.0,79.11,100,55,87,3888.2,3690.7,250.0,79.11,100,60,83,4757.3,5096.3,250.0,79.11,100,58,87,5008.3,6374.3,249.9,79.11,100,57,86,5800.2,6666.4,71.0,24,0
1782839836.265,258.742,250.0,79.11,100,56,87,3973.2,3624.0,250.0,79.11,100,60,83,4263.6,5313.0,250.0,79.11,100,58,87,4483.6,6420.8,250.0,79.11,100,58,86,4570.1,6891.7,71.0,24,0
1782839836.708,259.184,250.0,79.11,100,56,87,4447.6,3312.7,250.0,79.11,100,60,83,4779.1,5086.2,250.0,79.11,100,58,87,5670.3,6676.8,250.0,79.11,100,58,86,4540.4,7162.5,71.0,24,0
1782839837.158,259.635,250.0,79.11,100,56,87,3886.5,4128.5,250.0,79.11,100,60,83,4762.0,4994.5,250.0,79.11,100,58,87,5022.8,6306.0,250.0,79.11,100,58,86,5114.9,6683.6,71.0,24,0
1782839837.605,260.082,250.0,79.11,100,55,87,3947.4,3724.6,250.0,79.11,100,60,83,4253.2,5260.6,250.0,79.11,100,58,87,4495.6,7090.8,249.9,79.11,100,57,86,5083.5,7474.2,71.0,24,0
1782839838.055,260.532,250.1,79.11,100,55,87,4563.8,3201.9,250.0,79.11,100,60,83,4456.9,5397.2,250.0,79.11,100,58,87,4546.3,6799.2,250.0,79.11,100,58,86,4560.4,7168.6,71.0,24,0
1782839838.499,260.975,250.0,79.11,100,55,87,4381.6,3360.9,250.0,79.11,100,60,83,4783.2,4949.2,250.0,79.11,100,58,87,5130.5,6692.8,250.0,79.11,100,57,86,5197.6,7039.1,72.0,24,0
1782839838.940,261.417,250.0,79.11,100,55,87,3988.7,3781.1,250.0,79.11,100,59,83,4285.2,5430.6,250.0,79.11,100,57,87,4783.1,6422.6,249.9,79.11,100,57,86,5033.6,6763.2,72.0,24,0
1782839839.384,261.861,250.0,79.11,100,55,87,4628.7,3621.0,250.0,79.11,100,59,83,4350.1,5319.6,250.0,79.11,100,57,87,4556.0,6654.4,250.0,79.11,100,57,86,4551.8,7053.3,72.0,24,0
1782839839.831,262.308,250.0,79.11,100,54,87,4503.1,3259.6,250.0,79.11,100,59,83,4710.3,5123.8,250.0,79.11,100,58,87,5069.7,6457.6,250.0,79.11,100,57,86,4877.6,7220.4,72.0,24,0
1782839840.274,262.751,250.0,79.11,100,55,87,3977.9,3724.6,250.0,79.11,100,59,83,4221.7,5147.6,250.0,79.11,100,57,87,5041.6,6353.6,250.0,79.11,100,57,86,5129.7,6946.6,72.0,24,0
1782839840.717,263.193,250.1,79.11,100,55,87,4309.6,3795.3,250.0,79.11,100,59,83,4592.3,5386.2,250.0,79.11,100,58,87,4424.7,6601.4,250.0,79.11,100,57,86,4570.6,7103.9,72.0,24,0
1782839841.166,263.642,250.0,79.11,100,56,87,4442.4,3209.4,250.0,79.11,100,59,83,4776.6,5295.3,250.0,79.11,100,58,87,5100.0,6865.7,250.0,79.11,100,57,86,4528.0,7230.5,72.0,24,0
1782839841.610,264.087,250.0,79.11,100,55,87,3827.2,3724.6,250.0,79.11,100,60,83,4167.5,5413.0,250.0,79.11,100,58,87,5040.4,6199.0,250.1,79.11,100,58,86,6272.8,9287.3,72.0,24,0
1782839842.069,264.546,250.0,79.11,100,56,87,3947.3,3724.6,250.0,79.11,100,60,83,4238.4,5649.0,250.0,79.11,100,58,87,4981.2,6591.2,250.0,79.11,100,58,86,5119.6,6771.3,72.0,24,0
1782839842.512,264.989,250.0,79.11,100,55,87,4603.9,3662.1,250.0,79.11,100,60,83,4334.5,5939.2,250.0,79.11,100,58,87,4469.5,6687.3,250.0,79.11,100,58,86,4635.0,7100.3,72.0,24,0
1782839842.958,265.435,250.0,79.11,100,54,87,4394.0,3319.9,250.0,79.11,100,59,83,4778.6,5210.9,250.0,79.11,100,57,87,5043.6,6638.1,249.9,79.11,100,57,86,4823.1,7329.8,72.0,24,0
1782839843.401,265.878,250.0,79.11,100,55,87,3947.3,3839.9,250.0,79.11,100,59,83,4272.7,5305.4,250.0,79.11,100,57,87,5067.7,6239.2,250.0,79.11,100,57,86,5084.3,6541.2,72.0,24,0
1782839843.846,266.323,250.0,79.11,100,55,87,4008.2,3693.6,250.0,79.11,100,59,83,4317.6,5367.1,250.0,79.11,100,57,87,4531.5,6667.8,250.0,79.11,100,57,86,4663.4,6962.2,72.0,24,0
1782839844.290,266.767,250.0,79.11,100,55,87,4511.9,3166.9,250.0,79.11,100,59,83,4842.7,5115.7,250.0,79.11,100,57,87,5141.8,6815.3,250.0,79.11,100,57,86,4588.5,7224.3,72.0,24,0
1782839844.734,267.211,250.0,79.11,100,55,87,3829.9,4279.2,250.0,79.11,100,59,83,4712.4,5283.0,250.0,79.11,100,58,87,5034.7,6375.5,250.0,79.11,100,57,86,5127.9,7040.5,72.0,24,0
1782839845.185,267.662,250.0,79.11,100,55,87,3931.2,3750.2,250.0,79.11,100,60,83,4263.6,5330.8,250.0,79.11,100,58,87,4920.5,6680.4,250.0,79.11,100,57,86,5118.9,6873.6,72.0,24,0
1782839845.634,268.111,250.0,79.11,100,54,87,3984.0,3674.1,250.0,79.11,100,59,83,4297.8,5504.8,250.0,79.11,100,58,87,4531.5,6820.7,250.0,79.11,100,57,86,4973.7,6648.0,72.0,24,0
1782839846.080,268.557,250.0,79.11,100,55,87,4472.9,3209.2,250.0,79.11,100,59,83,4732.5,5173.0,250.0,79.11,100,57,87,5091.9,6921.5,250.0,79.11,100,57,86,4568.7,7153.8,72.0,24,0
1782839846.524,269.000,250.0,79.11,100,55,87,4009.5,3812.9,250.0,79.11,100,60,83,4700.3,4949.3,250.0,79.11,100,58,87,5027.9,6528.3,250.0,79.11,100,58,86,5043.6,6817.1,72.0,24,0
1782839846.967,269.444,250.0,79.11,100,55,87,4589.0,3626.1,250.0,79.11,100,60,83,4369.3,5175.0,250.0,79.11,100,58,87,4616.8,6952.8,250.0,79.11,100,58,86,4591.5,7146.3,72.0,24,0
1782839847.412,269.888,250.0,79.11,100,55,87,4398.3,3378.5,250.0,79.11,100,59,83,4815.9,5196.3,250.0,79.11,100,57,87,5076.6,6414.4,249.9,79.11,100,57,86,4729.7,7394.8,72.0,24,0
1782839847.858,270.335,250.0,79.11,100,55,87,3987.5,3498.3,250.0,79.11,100,59,83,4795.3,4685.6,250.0,79.11,100,58,87,6109.0,6410.2,250.0,79.11,100,57,86,5150.8,7084.5,73.0,24,0
1782839848.307,270.784,250.0,79.11,100,55,87,3955.2,3857.2,250.0,79.11,100,59,83,4252.8,5277.7,250.0,79.11,100,57,87,5060.2,6263.1,250.0,79.11,100,57,86,5139.1,6643.1,73.0,24,0
1782839848.750,271.227,250.0,79.11,100,55,87,4509.9,3676.5,250.0,79.11,100,59,83,4479.4,5514.1,250.0,79.11,100,58,87,4576.5,6783.1,250.0,79.11,100,58,86,4559.0,7019.9,73.0,24,0
1782839849.197,271.674,250.0,79.11,100,55,87,4381.6,3259.7,250.0,79.11,100,60,83,4844.3,5064.9,250.0,79.11,100,58,87,5138.2,6563.2,250.1,79.11,100,58,86,5140.6,7378.5,73.0,24,0
1782839849.640,272.117,250.0,79.11,100,55,87,3886.6,3775.8,250.0,79.11,100,60,83,4274.4,5360.5,250.0,79.11,100,58,87,5525.8,6857.1,250.1,79.11,100,58,86,5210.2,6737.0,73.0,24,0
1782839850.097,272.574,250.0,79.11,100,55,87,4008.1,3733.2,250.0,79.11,100,59,83,4283.7,5432.9,250.0,79.11,100,57,87,5049.0,6218.4,250.0,79.11,100,57,86,5064.2,6592.4,73.0,24,0
1782839850.546,273.023,250.0,79.11,100,55,87,3954.8,3674.2,250.0,79.11,100,59,83,4292.3,5635.1,250.0,79.11,100,57,87,4438.4,6676.2,250.0,79.11,100,57,86,4555.3,7031.3,73.0,24,0
1782839850.992,273.468,250.0,79.11,100,54,87,4565.0,3164.8,250.0,79.11,100,59,83,4774.7,4945.9,250.0,79.11,100,58,87,5135.3,6791.1,250.0,79.11,100,57,86,4595.2,7436.9,73.0,24,0
1782839851.435,273.912,250.0,79.11,100,55,87,3888.2,3774.8,250.0,79.11,100,59,83,4755.1,4927.9,250.0,79.11,100,58,87,5009.4,6276.4,250.0,79.11,100,57,86,5033.5,6609.0,73.0,24,0
1782839851.878,274.355,250.0,79.11,100,55,87,4269.7,3674.2,250.0,79.11,100,59,83,4330.0,5560.4,250.0,79.11,100,58,87,4572.1,6535.0,249.9,79.11,100,57,86,4487.5,6999.4,73.0,24,0
1782839852.326,274.803,250.0,79.11,100,55,87,4639.6,3259.3,250.0,79.11,100,59,83,4950.9,5574.3,250.0,79.11,100,58,87,4536.9,6942.5,249.9,79.11,100,57,86,4714.1,7532.8,73.0,24,0
1782839852.768,275.245,250.0,79.11,100,55,87,4455.7,3310.8,250.0,79.11,100,59,83,4759.0,5104.7,250.0,79.11,100,58,87,5015.4,6605.6,250.0,79.11,100,58,86,5128.2,7024.5,73.0,24,0
1782839853.215,275.692,250.0,79.11,100,55,87,3993.7,3781.1,250.0,79.11,100,60,83,4247.7,5264.3,250.0,79.11,100,57,87,4483.8,6674.2,250.1,79.11,100,57,86,5091.1,6771.8,73.0,24,0
1782839853.658,276.135,250.0,79.11,100,55,87,4510.8,3171.1,250.0,79.11,100,59,83,4904.9,5638.5,250.0,79.11,100,57,87,4718.9,7112.5,250.1,79.11,100,57,86,4626.2,7334.1,73.0,24,0
1782839854.105,276.581,250.0,79.11,100,55,87,4381.6,3210.4,250.0,79.11,100,60,83,4813.7,5211.5,250.0,79.11,100,57,87,5010.5,6543.5,250.0,79.11,100,57,86,5109.3,6714.6,73.0,24,0
1782839854.549,277.026,250.0,79.11,100,55,87,3900.2,3624.0,250.0,79.11,100,60,83,4255.7,5266.2,250.0,79.11,100,58,87,4494.6,6618.3,250.0,79.11,100,58,86,4574.3,7255.8,73.0,24,0
1782839854.993,277.470,250.0,79.11,100,55,87,4473.8,3311.0,250.0,79.11,100,60,83,4785.8,5101.6,250.0,79.11,100,57,87,5038.7,6651.2,250.0,79.11,100,57,86,4743.3,7311.8,73.0,24,0
1782839855.437,277.914,250.0,79.11,100,54,87,3846.4,3830.3,250.0,79.11,100,59,83,4714.5,4853.7,250.0,79.11,100,58,87,5030.0,6528.1,250.0,79.11,100,57,86,5131.6,6963.7,74.0,24,0
1782839855.883,278.359,250.0,79.11,100,54,87,4274.3,3674.2,250.0,79.11,100,59,83,4368.4,5574.9,250.0,79.11,100,57,87,5025.1,6867.2,250.0,79.11,100,57,86,4828.4,6945.9,74.0,24,0
1782839856.331,278.808,250.0,79.11,100,55,87,4444.1,3288.8,250.0,79.11,100,59,83,4756.9,5082.0,250.0,79.11,100,57,87,5036.5,6989.2,249.9,79.11,100,57,86,4522.0,7283.2,74.0,24,0
1782839856.774,279.251,250.0,79.11,100,56,87,3950.8,3777.6,250.0,79.11,100,59,83,4733.1,4931.4,250.0,79.11,100,58,87,5036.7,6462.8,249.9,79.11,100,57,86,5081.2,6568.8,74.0,24,0
1782839857.219,279.696,250.0,79.11,100,55,87,3974.6,3724.3,250.0,79.11,100,59,83,4288.8,5228.3,250.0,79.11,100,58,87,4529.2,6726.6,250.0,79.11,100,57,86,4567.0,7307.9,74.0,24,0
1782839857.661,280.137,250.0,79.11,100,55,87,4444.1,3220.2,250.0,79.11,100,59,83,4753.1,5962.1,250.0,79.11,100,58,87,4913.7,6774.3,250.0,79.11,100,57,86,4622.5,7073.8,74.0,24,0
1782839858.109,280.586,250.0,79.11,100,54,87,3765.1,3861.0,250.0,79.11,100,59,83,4752.2,5015.3,250.0,79.11,100,58,87,4955.7,6459.0,250.0,79.11,100,58,86,5123.7,6938.5,74.0,24,0
1782839858.553,281.030,250.0,79.11,100,54,87,3926.0,3720.7,250.0,79.11,100,59,83,4275.1,5365.8,250.0,79.11,100,57,87,4506.6,6962.1,250.0,79.11,100,57,86,4581.0,7019.0,74.0,24,0
1782839858.995,281.472,239.4,79.11,0,0,86,19799.8,777.4,241.1,79.11,26,15,82,3.5,4.1,250.0,79.11,100,57,87,1.7,17229.9,249.8,79.11,90,52,86,20746.0,4.5,,,
1782839860.421,282.898,249.5,79.11,99,48,88,7146.9,12680.4,253.6,79.11,100,62,83,17515.6,4.4,251.4,79.11,99,44,87,3.5,4.5,250.8,79.11,100,39,86,14694.2,12981.3,74.0,24,0
1782839861.148,283.624,248.7,79.11,100,36,87,2.1,5.3,250.4,79.11,99,46,84,10957.4,14915.5,249.3,79.11,100,37,88,10750.5,5.5,246.6,79.11,100,38,87,2.5,10753.2,74.0,24,0
1782839861.591,284.068,250.2,79.11,100,38,88,2.0,17115.8,250.7,79.11,100,45,84,18164.1,2060.2,249.3,79.11,100,37,88,2.8,5.0,243.7,79.11,100,37,85,11711.7,13360.8,74.0,24,0
1782839862.034,284.511,250.8,79.11,100,42,88,3.5,9.1,250.3,79.11,100,39,83,20257.6,16263.1,251.1,79.11,100,45,88,4.4,4.4,241.8,79.11,100,46,86,2.3,619.3,74.0,24,0
1782839862.477,284.954,251.3,79.11,100,47,88,2.0,3.9,250.4,79.11,100,54,83,3.5,3.4,250.6,79.11,100,51,88,20317.1,14486.8,244.0,79.11,100,39,85,1579.4,4.7,74.0,24,0
1782839862.918,285.395,249.2,79.11,100,42,88,10552.5,12810.5,250.8,79.11,100,61,84,14140.0,6.6,248.8,79.11,100,39,87,2.1,4.6,245.7,79.11,100,40,87,9303.5,12633.7,74.0,24,0
1782839863.362,285.838,249.2,79.11,100,42,88,3.9,4.3,250.8,79.11,100,60,84,1.8,14304.2,251.0,79.11,100,41,87,15551.1,5978.3,248.8,79.11,100,39,86,2.1,4.4,74.0,24,0
1782839863.803,286.280,249.5,79.11,100,44,88,13539.0,12607.4,250.7,79.11,100,61,84,11503.3,4.4,250.7,79.11,100,43,87,2.8,9.9,248.6,79.11,100,40,86,19746.5,16948.5,74.0,24,0
1782839864.245,286.722,249.9,79.11,100,46,88,3.6,4.0,250.7,79.11,100,61,84,534.3,17111.0,249.1,79.11,100,39,87,20748.9,4.4,246.7,79.11,100,40,86,1.9,4.5,74.0,24,0
1782839864.687,287.164,250.5,79.11,100,43,88,15248.6,5255.5,249.7,79.11,100,62,84,9.8,7.4,249.5,79.11,100,40,87,9555.2,12690.9,246.8,79.11,100,39,85,15241.4,4.8,74.0,24,0
1782839865.135,287.612,248.8,79.11,100,37,88,16062.0,9210.0,249.8,79.11,99,50,84,2.9,5.4,249.5,79.11,100,40,87,13973.9,13254.6,246.8,79.11,100,39,85,10186.2,5.4,74.0,24,0
1782839865.576,288.053,250.5,79.11,100,41,88,7527.4,10.4,248.3,79.11,100,43,83,8.1,13388.1,251.3,79.11,100,40,88,15650.7,6687.4,244.7,79.11,100,41,86,4.6,6.0,74.0,24,0
1782839866.022,288.499,247.7,79.11,98,16,89,19332.2,12925.3,247.1,79.11,98,30,83,5317.5,4.9,250.7,79.11,100,40,87,2.7,4.0,244.5,79.11,100,42,86,19067.6,12963.1,74.0,24,0
1782839866.464,288.941,248.6,79.11,100,42,88,15237.4,3.6,248.1,79.11,100,45,84,2.7,4.0,244.0,79.11,100,44,88,1100.9,16525.8,241.1,79.11,100,44,86,16825.4,3184.6,74.0,24,0
1782839866.905,289.382,251.2,79.11,100,55,88,1.8,3.9,253.8,79.11,100,52,83,529.3,17128.8,248.6,79.11,100,56,88,20753.3,4.1,240.6,79.11,100,39,85,1.8,4.2,74.0,24,0
1782839867.350,289.827,251.2,79.11,100,55,88,20707.8,17107.7,251.7,79.11,100,58,83,2.7,4.6,254.5,79.11,100,60,88,1.8,1321.5,248.9,79.11,100,54,86,17966.2,17206.1,74.0,24,0
1782839867.791,290.268,251.6,79.11,100,44,88,5.0,17113.4,249.6,79.11,100,46,84,20706.3,5.0,252.1,79.11,100,43,88,2.9,21.0,247.6,79.11,100,38,86,19742.1,17219.4,74.0,24,0
1782839868.234,290.710,249.2,79.11,100,39,88,18090.1,17107.2,249.6,79.11,100,46,84,2.9,5.7,248.0,79.11,100,41,88,3628.0,14993.2,244.5,79.11,100,43,86,18533.8,5.8,74.0,24,0
1782839868.676,291.153,249.3,79.11,100,37,88,20704.6,4.5,248.5,79.11,100,41,83,5.0,9.6,248.4,79.11,100,39,87,20318.3,15941.3,244.5,79.11,100,43,86,95.7,5.1,74.0,24,0
1782839869.120,291.597,249.6,79.11,100,37,88,20707.8,15396.0,247.6,79.11,100,40,83,1203.5,4.4,248.4,79.11,100,39,87,1.9,591.1,245.1,79.11,100,40,86,19697.1,17203.2,74.0,24,0
1782839869.561,292.038,249.5,79.11,100,37,88,1.9,4.3,249.6,79.11,100,40,83,20252.3,17109.3,250.3,79.11,100,40,88,2.0,10.8,246.5,79.11,100,48,86,2.3,3147.4,74.0,24,0
1782839870.010,292.487,251.0,79.11,100,43,88,19864.9,3.8,251.6,79.11,100,43,83,3.6,4.3,252.5,79.11,100,55,88,4406.2,13568.2,245.5,79.11,100,52,86,19679.6,4.4,74.0,24,0
1782839870.452,292.929,249.9,79.11,100,39,88,2.1,4545.5,250.4,79.11,100,43,83,15892.7,15794.1,249.7,79.11,100,53,88,1.7,4.4,248.6,79.11,100,56,86,1.8,1996.6,74.0,24,0
1782839870.896,293.372,248.8,79.11,100,37,88,10339.4,4.1,248.7,79.11,100,41,83,4.0,7.0,250.7,79.11,100,49,88,15285.1,12924.0,251.5,79.11,100,57,86,9191.4,4.6,74.0,24,0
1782839871.338,293.814,248.8,79.11,100,37,88,3.5,17112.9,250.0,79.11,100,50,83,18782.8,1545.4,249.9,79.11,100,54,88,4.8,4.7,248.3,79.11,100,58,86,1138.5,16798.5,74.0,24,0
1782839871.781,294.257,249.0,79.11,100,38,88,1.9,7.3,250.7,79.11,100,40,83,529.3,17105.2,250.0,79.11,100,50,88,20747.4,4.6,247.0,79.11,100,49,86,4.0,4.3,74.0,24,0
1782839872.224,294.701,249.3,79.11,100,42,88,2.0,5.1,250.7,79.11,100,40,83,18570.2,13337.5,247.1,79.11,100,38,87,5101.1,5.8,246.3,79.11,100,39,86,490.8,17313.2,74.0,24,0
1782839872.665,295.142,248.9,79.11,100,36,89,2.1,17301.1,248.0,79.11,100,43,83,20703.9,17109.8,246.9,79.11,98,43,88,20749.4,17198.7,246.3,79.11,100,39,86,20758.8,17197.3,6.0,0,22
1782839873.112,295.588,244.3,79.11,100,12,89,20708.0,5.0,244.4,79.11,100,10,85,1.8,3.8,246.9,79.11,98,43,88,1.7,4694.2,240.4,79.11,98,28,85,15259.3,16056.3,6.0,0,22
1782839873.553,296.030,251.0,79.11,100,46,88,3.4,3.9,250.1,79.11,100,44,83,1.8,3.6,249.8,79.11,100,67,88,16579.4,12783.5,239.8,79.11,100,55,86,7753.2,5.1,6.0,0,22
1782839873.996,296.473,254.5,79.11,100,40,88,1.8,3.7,249.7,79.11,100,44,83,20265.9,14337.8,248.3,79.11,100,40,87,1820.2,5.4,245.2,79.11,100,49,86,2.9,618.6,6.0,0,22
1782839874.438,296.915,248.5,79.11,100,38,88,20708.6,4.1,250.4,79.11,100,53,84,1.8,4.4,248.1,79.11,100,40,87,5138.7,13479.1,249.3,79.11,100,38,85,19102.3,5.3,6.0,0,22
1782839874.878,297.355,248.5,79.11,100,38,88,20707.3,5.4,249.4,79.11,100,42,84,2.2,46.1,250.0,79.11,100,40,87,19705.0,17206.6,247.6,79.11,100,42,86,4.7,5.8,6.0,0,22
1782839875.318,297.795,249.5,79.11,100,37,88,3.0,5.5,249.7,79.11,100,41,83,11024.9,13601.2,248.1,79.11,100,39,87,12479.9,5.9,244.2,79.11,100,39,85,2.9,7689.2,6.0,0,22
1782839875.759,298.236,249.4,79.11,100,35,89,10.3,8.7,249.7,79.11,100,41,83,20509.2,14838.2,249.5,79.11,100,47,88,1172.1,4.5,239.7,79.11,100,38,85,2.3,580.4,6.0,0,22
1782839876.211,298.688,248.9,79.11,100,42,88,17864.8,4.3,251.5,79.11,100,47,84,2.4,4.6,251.4,79.11,100,39,88,20322.7,14807.0,243.3,79.11,100,38,86,1372.6,4.4,6.0,0,22
1782839876.652,299.128,249.5,79.11,100,37,88,637.4,16568.3,252.0,79.11,100,48,84,20704.7,6.2,249.1,79.11,100,41,87,6.8,10.9,243.3,79.11,100,38,86,16574.2,12617.4,6.0,0,22
1782839877.102,299.579,249.1,79.11,100,38,88,1.7,4.0,249.2,79.11,100,56,84,9.3,12648.9,249.1,79.11,100,41,87,15538.8,7641.3,248.2,79.11,100,40,85,1.8,4.6,6.0,0,22
1782839877.543,300.020,250.0,79.11,100,39,88,17366.4,12713.7,250.0,79.11,100,56,84,7442.4,4.2,249.9,79.11,100,40,87,4.4,3.9,248.5,79.11,100,39,85,15718.1,12499.3,6.0,0,22
1782839877.984,300.461,249.3,79.11,100,37,88,5.1,4.2,250.3,79.11,100,52,84,804.0,16454.3,249.5,79.11,100,41,87,20750.5,4.2,246.9,79.11,100,37,86,3.5,4.4,6.0,0,22
1782839878.425,300.902,249.3,79.11,100,38,88,15610.8,13586.7,249.5,79.11,100,52,84,1.8,4.4,250.2,79.11,100,40,87,1.9,8942.5,248.0,79.11,100,38,85,15375.4,11467.8,6.0,0,22
1782839878.866,301.343,249.3,79.11,100,38,88,6456.0,13012.3,249.0,79.11,100,42,83,18071.7,5.3,249.7,79.11,100,39,88,2.1,6211.9,246.5,79.11,100,38,86,16067.8,12328.1,6.0,0,22
1782839879.308,301.785,249.8,79.11,100,37,88,16134.2,7907.0,250.7,79.11,100,41,84,2.2,5.5,250.6,79.11,100,45,88,16617.8,13261.5,242.9,79.11,100,40,85,7393.2,5.4,6.0,0,22
1782839879.749,302.226,249.2,79.11,100,35,88,19104.3,13616.3,250.7,79.11,100,41,84,12294.5,4.6,245.2,79.11,98,10,87,9.1,3.8,236.9,79.11,100,10,85,20785.5,17203.8,9.0,1,21
1782839880.199,302.676,245.7,79.11,100,32,88,1.7,3.6,242.7,79.11,100,19,83,3.3,2.8,247.0,79.11,100,42,87,16893.8,12594.7,243.3,79.11,100,51,86,7408.8,4.0,9.0,1,21
1782839880.640,303.117,250.7,79.11,100,42,88,3.4,3.9,249.4,79.11,100,55,84,14139.4,12860.9,247.0,79.11,100,42,87,10016.3,9.5,243.3,79.11,100,51,86,5.0,6.4,9.0,1,21
1782839881.089,303.566,254.9,79.11,100,55,88,19992.0,17108.0,255.3,79.11,100,63,84,3.5,6.1,247.4,79.11,100,46,88,1.9,3949.2,244.9,79.11,100,40,85,15808.4,16489.1,9.0,1,21
1782839881.531,304.008,250.6,79.11,100,47,88,1.9,10183.3,252.1,79.11,100,46,84,16138.6,9907.7,251.4,79.11,100,53,88,2.1,5.6,246.0,79.11,100,39,86,12269.5,13032.1,9.0,1,21
1782839881.973,304.450,247.8,79.11,100,36,88,20710.2,15157.8,247.1,79.11,100,42,83,1425.9,5.4,249.6,79.11,100,40,87,1.9,16770.1,248.0,79.11,100,39,85,17601.2,2609.9,9.0,1,21
1782839882.415,304.892,248.3,79.11,100,34,88,20705.4,4.6,248.1,79.11,100,38,84,2.2,4.7,249.3,79.11,100,42,89,18992.1,12969.7,243.4,79.11,100,37,86,5444.5,4.9,9.0,1,21
1782839882.856,305.333,248.3,79.11,100,34,88,20709.6,17105.7,250.8,79.11,100,43,83,1.9,4.5,252.1,79.11,100,42,88,1.9,600.1,242.3,79.11,100,44,86,19700.1,17211.4,9.0,1,21
1782839883.297,305.774,251.3,79.11,100,42,88,1.7,4.0,251.3,79.11,100,46,83,20751.7,14219.6,252.4,79.11,100,47,88,2195.3,4.5,244.7,79.11,100,41,86,3.6,639.3,9.0,1,21
1782839883.739,306.216,252.2,79.11,100,51,88,20144.8,8.1,251.3,79.11,100,46,83,6.8,7.0,251.0,79.11,100,56,88,7545.2,13084.0,246.3,79.11,100,41,86,17195.9,10.0,9.0,1,21
1782839884.186,306.663,250.5,79.11,100,51,88,2.8,7846.7,250.5,79.11,100,47,84,15717.7,12705.7,250.7,79.11,100,55,88,1.8,4.4,246.3,79.11,100,41,86,4.5,6117.2,9.0,1,21
1782839884.629,307.106,251.0,79.11,100,48,88,19914.9,4.2,249.8,79.11,100,44,83,2.6,4.5,250.7,79.11,100,55,88,11733.8,12911.6,249.0,79.11,100,45,86,12993.6,7.1,9.0,1,21
1782839885.071,307.548,250.5,79.11,100,45,88,1.8,9746.1,249.3,79.11,100,43,83,15473.1,10921.2,251.5,79.11,100,51,88,1.9,5.3,248.7,79.11,100,47,86,1.8,12316.5,9.0,1,21
1782839885.513,307.990,250.1,79.11,100,45,88,2793.1,4.2,248.5,79.11,100,43,83,3.5,64.4,251.6,79.11,100,55,88,19702.9,17197.9,248.6,79.11,100,49,86,1.9,4.9,9.0,1,21
1782839885.956,308.433,249.9,79.11,100,45,88,20708.2,7.6,249.6,79.11,100,44,84,2.1,45.6,250.4,79.11,100,47,88,19703.0,17206.0,247.0,79.11,100,39,86,2.9,5.4,9.0,1,21
1782839886.399,308.876,248.4,79.11,100,36,88,2.0,4.8,247.7,79.11,100,40,84,3.6,17181.0,247.0,79.11,100,38,87,17694.3,2333.9,246.8,79.11,100,40,86,4.6,5.0,12.0,2,20
1782839886.841,309.318,248.4,79.11,100,36,88,15029.1,13773.3,242.7,79.11,100,47,84,8574.4,4.2,241.9,79.11,100,11,89,4.1,4.4,237.2,79.11,100,13,86,12495.8,12894.7,12.0,2,20
1782839887.286,309.763,246.2,79.11,100,56,89,20706.3,3.8,248.9,79.11,100,45,83,2.5,3.9,248.5,79.11,100,49,88,1.7,3058.0,242.3,79.11,100,70,86,16376.1,16724.5,12.0,2,20
1782839887.727,310.204,249.5,79.11,100,42,88,5.1,8.0,248.9,79.11,100,45,83,10.7,7322.0,253.3,79.11,100,41,87,15331.9,13231.9,252.7,79.11,100,41,85,1.7,3.8,12.0,2,20
1782839888.171,310.648,254.7,79.11,100,45,88,1.8,17115.5,257.4,79.11,100,65,84,20705.8,4.8,249.7,79.11,100,48,88,1.9,4.6,252.7,79.11,100,41,85,1134.2,16763.1,12.0,2,20
1782839888.614,311.091,249.0,79.11,100,46,88,2.8,4.9,253.5,79.11,100,54,84,20244.1,17108.8,249.7,79.11,100,48,88,4.9,7.3,248.2,79.11,100,39,85,1099.4,16806.2,12.0,2,20
1782839889.059,311.536,249.3,79.11,100,35,88,4550.0,13436.2,246.5,79.11,100,40,83,19257.8,5.4,250.2,79.11,100,40,89,4.2,4217.5,245.9,79.11,100,39,86,16153.3,15513.6,12.0,2,20
1782839889.500,311.976,248.8,79.11,100,35,88,20708.4,17107.3,248.9,79.11,100,37,84,3.5,4.7,248.4,79.11,100,39,88,1.9,7825.8,244.2,79.11,100,37,86,15864.5,12413.2,12.0,2,20
1782839889.940,312.417,251.2,79.11,100,46,88,5.4,14443.2,252.0,79.11,100,44,83,20706.0,6.7,251.6,79.11,100,44,88,4.3,4.5,241.4,79.11,100,43,86,1134.7,16768.5,12.0,2,20
1782839890.391,312.868,251.2,79.11,100,46,88,3.7,4.7,251.7,79.11,100,54,84,12837.4,13275.1,251.9,79.11,100,45,88,11042.1,4.4,243.1,79.11,100,39,85,3.5,3.8,12.0,2,20
1782839890.832,313.309,251.9,79.11,100,52,88,15079.5,5974.3,251.1,79.11,100,61,84,2.5,4.4,248.9,79.11,100,45,88,490.0,17011.9,245.4,79.11,100,40,85,17221.3,2873.8,12.0,2,20
1782839891.274,313.751,249.3,79.11,100,49,88,1.8,4397.0,251.1,79.11,100,61,84,15946.2,15920.9,249.9,79.11,100,43,88,4.1,4.6,247.7,79.11,100,39,85,2.8,6081.9,12.0,2,20
1782839891.718,314.194,249.9,79.11,100,43,88,136.8,7.1,250.8,79.11,100,54,84,1.9,3630.0,250.1,79.11,100,39,87,16083.8,16242.3,247.3,79.11,100,38,86,4.6,4.7,12.0,2,20
1782839892.631,315.108,249.7,79.11,100,37,88,16030.3,15507.4,250.1,79.11,100,46,84,2.0,5.2,250.0,79.11,100,39,88,2322.1,15888.0,246.4,79.11,99,39,86,17667.0,10.5,12.0,2,20
1782839893.077,315.554,251.0,79.11,100,37,88,8069.5,5.3,249.9,79.11,100,41,83,2.1,17165.9,251.5,79.11,100,41,88,19049.7,1378.6,244.9,79.11,100,44,86,2.2,539.7,12.0,2,20
1782839893.517,315.994,251.1,79.11,100,35,88,15457.6,16299.0,249.0,79.11,100,38,83,15348.1,16098.6,248.9,79.11,100,34,87,16953.0,15125.8,243.0,79.11,100,33,86,1.9,4.3,14.0,3,19
1782839893.960,316.436,249.7,79.11,100,53,89,3.4,17111.8,246.6,79.11,100,48,84,20341.3,203.5,242.9,79.11,100,63,88,4.2,4.0,234.7,79.11,100,53,86,1.6,3116.8,14.0,3,19
1782839894.407,316.884,249.6,79.11,100,40,88,15607.8,10097.6,248.8,79.11,100,42,83,3.6,4.2,247.9,79.11,100,44,88,1.8,6195.9,242.3,79.11,100,62,86,15566.5,14154.7,14.0,3,19
1782839894.848,317.325,249.6,79.11,100,40,88,1.8,4.2,253.2,79.11,100,57,84,1.9,12599.3,255.4,79.11,100,42,88,15493.8,7659.3,251.4,79.11,100,41,86,8.5,4.5,14.0,3,19
1782839895.289,317.766,251.5,79.11,100,41,88,20709.5,17107.2,251.4,79.11,100,50,84,2.0,5.2,248.7,79.11,100,38,88,669.5,16789.9,248.9,79.11,100,38,86,20747.0,6.1,14.0,3,19
1782839895.729,318.206,249.4,79.11,100,38,88,20707.6,13.3,251.4,79.11,100,50,84,8.5,17094.5,251.3,79.11,100,40,88,17248.4,2853.2,243.7,79.11,100,39,86,2.5,5.0,14.0,3,19
1782839896.188,318.665,250.2,79.11,100,35,88,1.9,4.5,251.7,79.11,100,40,84,20226.7,17109.1,250.3,79.11,100,41,88,2.0,5.2,241.6,79.11,100,42,86,2.4,17338.2,14.0,3,19
1782839896.630,319.107,250.8,79.11,100,42,88,1.8,4.1,251.2,79.11,100,41,84,513.3,17142.0,250.3,79.11,100,41,88,20751.0,10.1,241.6,79.11,100,42,86,12.3,9.1,14.0,3,19
1782839897.082,319.559,250.3,79.11,100,45,88,14937.6,4.0,250.9,79.11,100,57,84,1.8,4.3,249.2,79.11,100,47,88,6972.6,13046.5,243.0,79.11,100,39,85,17633.0,4.8,14.0,3,19
1782839897.523,320.000,249.0,79.11,100,37,88,2.3,17110.2,250.7,79.11,100,51,84,18884.2,1472.0,249.0,79.11,100,41,87,2.8,4.4,245.5,79.11,100,38,86,1086.7,16877.4,14.0,3,19
1782839897.965,320.442,249.4,79.11,100,39,88,3.5,6.7,249.4,79.11,100,59,84,1.8,47.8,250.4,79.11,100,41,87,19711.2,17191.9,247.8,79.11,100,40,85,8.5,4.4,14.0,3,19
1782839898.414,320.891,250.7,79.11,100,43,88,1.6,17113.1,251.1,79.11,100,62,84,20707.0,4.3,250.0,79.11,100,40,87,1.9,4.6,247.7,79.11,100,40,85,8131.4,13148.5,14.0,3,19
1782839898.856,321.333,250.7,79.11,100,43,88,3.4,4.0,249.7,79.11,100,57,84,1.8,11865.6,250.1,79.11,100,41,87,15182.6,8600.9,247.5,79.11,100,39,85,8.8,4.7,14.0,3,19
1782839899.297,321.774,250.1,79.11,100,39,88,20708.2,17109.2,250.8,79.11,100,58,84,1.8,4.7,249.2,79.11,100,40,87,2.0,7616.4,246.4,79.11,100,39,85,15934.2,12431.1,14.0,3,19
1782839899.740,322.217,248.9,79.11,100,39,88,16766.4,13321.7,250.8,79.11,100,58,84,4272.4,8.1,250.2,79.11,100,39,87,307.1,17296.2,246.7,79.11,100,40,86,19747.0,900.0,14.0,3,19
1782839900.187,322.664,250.0,79.11,100,36,88,20705.7,5.4,249.1,79.11,100,40,84,2.0,4.9,249.5,79.11,100,38,87,20315.3,15317.6,246.7,79.11,100,40,86,667.1,5.7,17.0,4,18
1782839900.628,323.105,249.6,79.11,100,37,89,1.8,14852.5,248.1,79.11,100,43,83,16084.4,5219.0,249.5,79.11,100,38,87,1.7,7.3,242.9,79.11,100,40,85,8.6,14819.8,17.0,4,18
1782839901.070,323.547,248.6,79.11,100,43,88,20709.4,17109.8,248.1,79.11,100,51,84,4.1,3.9,244.0,79.11,100,49,88,2.8,3.6,236.8,79.11,100,47,86,9715.7,12494.3,17.0,4,18
1782839901.514,323.990,251.7,79.11,100,55,88,1.8,3.7,251.5,79.11,100,50,83,3.6,4.0,250.6,79.11,100,58,88,11615.6,13310.8,240.9,79.11,100,39,85,12277.4,4.1,17.0,4,18
1782839901.955,324.432,251.0,79.11,100,40,88,6.3,5.9,251.7,79.11,100,42,83,20223.1,17108.0,256.1,79.11,100,54,88,4.6,4.5,251.2,79.11,100,63,86,2.7,3032.3,17.0,4,18
1782839902.400,324.877,249.4,79.11,100,37,88,2.0,5.0,248.2,79.11,100,40,83,3808.6,13926.7,250.2,79.11,100,46,88,19161.1,5.4,249.4,79.11,100,53,86,3.7,576.5,17.0,4,18
1782839902.842,325.319,249.4,79.11,100,37,88,2.9,6771.6,248.7,79.11,100,38,83,16350.8,12866.0,247.1,79.11,100,39,87,2.3,5.7,242.4,79.11,100,37,85,20089.1,14349.1,17.0,4,18
1782839903.291,325.768,249.1,79.11,100,35,89,16268.8,13096.4,249.6,79.11,100,46,84,8489.5,4.7,248.3,79.11,100,43,89,2.0,548.2,239.6,79.11,100,39,85,19714.7,17194.2,17.0,4,18
1782839903.732,326.208,248.4,79.11,100,37,88,5.0,9.2,249.6,79.11,100,46,84,20219.7,17108.4,251.1,79.11,100,40,88,2.6,4.5,243.8,79.11,100,41,86,2.8,5336.5,17.0,4,18
1782839904.179,326.656,250.0,79.11,100,38,88,2.0,4.3,251.1,79.11,100,41,83,2.7,6198.3,251.4,79.11,100,38,88,15872.6,13617.4,243.8,79.11,100,41,86,4.0,4.4,17.0,4,18
1782839904.620,327.097,250.5,79.11,100,40,88,13965.8,12730.6,248.8,79.11,100,42,83,10850.2,4.2,251.4,79.11,100,38,88,2.3,7.5,247.5,79.11,100,48,86,19399.3,12327.0,17.0,4,18
1782839905.066,327.542,249.6,79.11,100,39,88,3.4,4.1,249.5,79.11,100,42,83,505.2,17160.4,251.2,79.11,100,41,88,20752.3,4.9,248.4,79.11,100,55,86,2.6,4.4,17.0,4,18
1782839905.507,327.983,249.2,79.11,100,39,88,20709.1,17109.7,249.9,79.11,100,45,83,1.7,4.4,250.5,79.11,100,41,88,1.9,2281.7,248.6,79.11,100,57,86,17303.2,17197.7,17.0,4,18
1782839905.947,328.424,249.8,79.11,100,39,88,5.2,5.5,249.1,79.11,100,42,84,18636.8,13042.7,250.0,79.11,100,40,88,5604.4,4.6,248.7,79.11,100,51,86,1.9,563.7,17.0,4,18
1782839906.393,328.870,249.8,79.11,100,39,88,13581.5,4.4,249.4,79.11,100,42,83,2.0,51.6,250.6,79.11,100,44,88,19703.8,17192.2,246.0,79.11,100,53,86,2.0,5.2,17.0,4,18
1782839906.836,329.312,250.0,79.11,100,37,88,1183.1,5.0,250.0,79.11,100,43,84,2.1,17171.6,247.7,79.11,100,42,88,17745.4,2245.9,242.0,79.11,100,39,85,5.1,519.4,17.0,4,18
1782839907.278,329.755,248.3,79.11,100,36,88,4.5,3687.3,250.0,79.11,100,43,84,27558.9,12725.8,248.3,79.11,100,42,88,19307.0,13063.9,240.3,79.11,100,40,86,19561.6,15226.2,20.0,5,17
1782839907.721,330.197,248.5,79.11,98,37,88,25862.9,4917.9,250.3,79.11,100,43,84,8.9,5.0,247.2,79.11,100,60,89,4.6,1055.1,239.3,79.11,100,45,86,18545.7,17222.5,20.0,5,17
1782839908.171,330.648,251.7,79.11,100,55,88,798.3,3.8,248.6,79.11,100,49,84,1.7,3.4,248.4,79.11,100,40,88,19012.9,12287.6,239.3,79.11,100,45,86,5800.7,5.1,20.0,5,17
1782839908.615,331.092,250.2,79.11,100,40,88,1.7,3.7,247.2,79.11,100,43,83,20669.5,13369.5,248.4,79.11,100,40,88,3169.1,5.0,245.6,79.11,100,58,86,6.8,611.8,20.0,5,17
1782839909.059,331.536,248.0,79.11,100,41,87,18493.1,4.2,250.6,79.11,100,55,84,1.8,4.3,250.1,79.11,100,43,88,9883.0,12893.2,251.5,79.11,100,41,85,12687.1,5.4,20.0,5,17
1782839909.503,331.980,248.6,79.11,100,37,88,20705.3,5.0,248.6,79.11,100,41,83,3.0,92.7,248.8,79.11,100,38,89,19131.8,17194.5,248.2,79.11,100,38,85,3.4,5.7,20.0,5,17
1782839909.944,332.421,249.3,79.11,100,37,88,5.4,5.4,250.4,79.11,100,46,84,15265.0,13362.2,249.8,79.11,100,39,88,8448.1,5.4,242.9,79.11,100,38,86,2.6,10495.1,20.0,5,17
1782839910.388,332.865,249.3,79.11,100,37,88,3.7,4.7,252.2,79.11,100,41,84,8898.7,14631.8,250.8,79.11,100,45,88,13444.7,4.5,241.3,79.11,100,41,86,1.8,4.2,20.0,5,17
1782839910.831,333.308,250.8,79.11,100,44,88,20704.6,4.3,252.4,79.11,100,51,84,4.0,4.8,250.9,79.11,100,44,88,13047.3,12940.2,243.8,79.11,100,38,85,11486.5,9.0,20.0,5,17
1782839911.272,333.749,250.9,79.11,100,42,88,3.4,17112.9,252.4,79.11,100,51,84,20522.2,5.9,247.2,79.11,100,38,87,4.3,4.5,246.6,79.11,100,40,85,1120.7,16822.0,20.0,5,17
1782839911.715,334.192,249.1,79.11,100,39,88,7.1,6.4,249.5,79.11,100,58,84,5.1,87.0,248.9,79.11,100,41,87,19702.5,17194.7,247.4,79.11,100,40,85,3.5,4.5,20.0,5,17
1782839912.161,334.638,250.4,79.11,100,41,88,1.7,17116.3,251.4,79.11,100,60,84,20705.7,4.2,250.0,79.11,100,41,87,4.2,4.5,247.4,79.11,100,40,85,1163.5,16753.8,20.0,5,17
1782839912.603,335.080,251.0,79.11,100,44,88,2.6,4.1,251.4,79.11,100,61,84,1.8,15243.7,250.0,79.11,100,41,87,15127.9,5027.7,246.2,79.11,100,39,86,9.5,10.6,20.0,5,17
1782839913.053,335.530,249.6,79.11,100,40,88,15566.8,15905.6,249.7,79.11,100,60,84,1.8,4.4,249.0,79.11,100,41,87,1.9,6040.3,246.1,79.11,100,41,85,15568.3,14333.9,20.0,5,17
1782839913.493,335.970,248.7,79.11,100,37,88,1.9,17115.0,249.8,79.11,100,50,84,20703.0,5.7,249.3,79.11,100,39,87,2.1,525.1,246.0,79.11,100,38,85,19715.2,17195.2,20.0,5,17
1782839913.933,336.410,250.8,79.11,100,39,88,20708.7,17113.0,249.2,79.11,100,43,84,4.3,7.9,252.4,79.11,100,42,88,1109.6,16729.0,244.1,79.11,100,41,86,20749.0,5.2,20.0,5,17
1782839914.375,336.852,250.8,79.11,100,39,88,20707.9,17111.6,246.8,79.11,98,26,83,18984.1,1353.6,250.0,79.11,100,39,87,3.6,4.2,245.0,79.11,100,43,86,1.7,17283.2,23.0,6,16
1782839914.816,337.293,247.5,79.11,98,15,88,18901.2,1458.7,248.9,79.11,100,58,84,2.1,4.0,244.4,79.11,100,44,88,1.9,666.0,240.4,79.11,100,44,85,19711.2,17216.8,23.0,6,16
1782839915.258,337.735,249.5,79.11,100,42,88,2.0,4.0,248.9,79.11,100,58,84,1.8,3.5,250.1,79.11,100,62,88,19881.7,12772.2,241.1,79.11,100,43,86,4551.4,4.4,23.0,6,16
1782839915.698,338.175,250.9,79.11,100,51,88,1.8,9.7,250.7,79.11,100,46,83,20548.8,14975.7,253.5,79.11,100,48,88,7.3,6.7,250.5,79.11,100,57,86,2.7,624.1,23.0,6,16
1782839916.146,338.623,250.4,79.11,100,39,88,17060.2,4.8,252.0,79.11,100,44,83,2.9,134.2,253.5,79.11,100,48,88,19317.1,17193.1,250.5,79.11,100,57,86,2.6,5.7,23.0,6,16
1782839916.589,339.066,250.2,79.11,100,38,88,3.6,5.2,249.3,79.11,100,41,83,8158.5,13969.6,249.2,79.11,100,45,88,14747.8,5.6,247.7,79.11,100,44,86,2.1,7368.6,23.0,6,16
1782839917.033,339.510,248.6,79.11,100,36,88,2.0,17097.7,248.3,79.11,100,41,84,17073.3,2964.6,247.0,79.11,100,40,87,2.0,5.1,245.8,79.11,100,43,86,9331.5,13300.6,23.0,6,16
1782839917.476,339.952,248.1,79.11,100,37,88,3.4,4.0,249.1,79.11,100,49,84,18486.3,12947.0,246.1,79.11,100,39,87,5854.6,4.6,242.2,79.11,100,39,85,1.9,578.6,23.0,6,16
1782839917.917,340.394,249.4,79.11,100,37,88,1.9,6.7,249.6,79.11,100,40,83,4.8,44.2,250.2,79.11,100,40,87,19718.9,17196.2,243.4,79.11,100,48,85,4.5,5.3,23.0,6,16
1782839918.359,340.836,249.4,79.11,100,37,88,20712.9,17108.0,250.9,79.11,100,43,83,1.9,4.2,252.6,79.11,100,50,88,3.0,515.7,246.0,79.11,100,56,86,19738.2,15549.8,23.0,6,16
1782839918.800,341.277,250.8,79.11,100,38,88,5.1,4.2,250.3,79.11,100,41,83,1298.2,16039.3,250.7,79.11,100,50,88,20746.5,4.5,245.5,79.11,100,54,86,2.7,4.9,23.0,6,16
1782839919.239,341.716,250.6,79.11,100,37,88,15674.1,15193.6,250.3,79.11,100,41,83,3.5,4.4,250.6,79.11,100,55,88,3.2,14641.8,245.7,79.11,100,54,86,15316.5,5971.8,23.0,6,16
1782839919.678,342.155,249.6,79.11,100,39,88,3.5,743.9,250.3,79.11,100,41,83,18408.5,17111.3,250.5,79.11,100,56,88,8.0,9.4,245.7,79.11,100,54,86,5.8,12546.9,23.0,6,16
1782839920.123,342.600,250.3,79.11,100,46,88,1.8,4.5,250.8,79.11,100,41,83,491.7,17176.3,250.5,79.11,100,56,88,20751.8,5.7,244.6,79.11,100,43,86,4.9,4.6,23.0,6,16
1782839920.565,343.042,247.8,79.11,100,37,88,3.0,5.2,250.1,79.11,100,47,84,20579.1,13751.6,248.8,79.11,100,43,89,2642.5,5.6,243.1,79.11,100,39,85,39.2,17333.6,23.0,6,16
1782839921.007,343.484,249.1,79.11,100,33,88,20490.8,12744.9,249.7,79.11,100,37,84,4518.0,5.5,251.2,79.11,100,41,88,2.8,17484.2,242.9,79.11,100,41,86,20758.2,17194.6,26.0,7,15
1782839921.448,343.925,245.6,79.11,100,30,88,2.0,3.9,240.6,79.11,100,19,83,1.7,16255.4,243.3,79.11,98,11,88,15832.9,4061.6,234.9,79.11,100,10,85,1.9,4.1,26.0,7,15
1782839921.889,344.366,245.6,79.11,100,30,88,5.0,3.6,249.0,79.11,100,60,84,17013.5,12577.9,243.2,79.11,100,43,89,7603.9,4.2,239.4,79.11,100,45,85,2.2,4.0,26.0,7,15
1782839922.331,344.808,249.6,79.11,100,43,88,20708.6,16585.1,259.8,79.11,100,59,84,3.7,5.4,247.4,79.11,100,54,88,9.7,9.3,243.6,79.11,100,40,84,17014.5,12494.7,26.0,7,15
1782839922.778,345.255,255.8,79.11,100,59,88,6.6,6.7,252.5,79.11,100,41,84,4455.4,13417.4,252.7,79.11,100,53,88,19688.0,4.4,248.3,79.11,100,43,86,1.9,4.4,26.0,7,15
1782839923.222,345.699,251.0,79.11,100,46,88,1.9,5.4,252.5,79.11,100,41,83,522.0,17113.6,247.9,79.11,100,40,87,20751.9,5.7,246.6,79.11,100,40,85,3.8,2292.0,26.0,7,15
1782839923.665,346.142,249.1,79.11,100,37,88,1.9,10611.6,248.6,79.11,100,46,84,16171.6,9417.9,249.1,79.11,100,42,89,10.1,8.0,246.6,79.11,100,40,85,20401.9,17218.2,26.0,7,15
1782839924.110,346.587,248.7,79.11,100,34,88,1.8,17115.9,248.1,79.11,100,39,84,20705.9,5.1,249.1,79.11,100,42,89,2.9,4.9,243.2,79.11,100,38,84,19605.8,13005.5,26.0,7,15
1782839924.552,347.029,250.9,79.11,100,39,88,2.8,4.2,249.6,79.11,100,42,83,2208.5,15293.3,251.5,79.11,100,38,88,20751.6,4.7,243.8,79.11,100,44,86,2.0,4.3,26.0,7,15
1782839924.994,347.470,251.4,79.11,100,45,88,20706.2,4.4,250.3,79.11,100,43,83,1.8,4.5,251.8,79.11,100,47,88,1107.5,16775.3,245.3,79.11,100,47,86,20758.0,4.6,26.0,7,15
1782839925.436,347.913,250.4,79.11,100,46,88,2.8,3.6,250.2,79.11,100,43,83,20237.4,17108.5,251.9,79.11,100,57,88,1.9,4.3,244.5,79.11,100,48,86,1.8,610.0,26.0,7,15
1782839925.877,348.354,250.4,79.11,100,46,88,20707.3,3.9,249.3,79.11,100,42,83,1.8,4.3,250.6,79.11,100,54,88,1109.5,16777.1,247.5,79.11,100,51,86,20760.6,4.8,26.0,7,15
1782839926.319,348.796,249.7,79.11,100,44,88,1.8,7001.2,248.7,79.11,100,41,83,15787.6,13303.4,251.5,79.11,100,49,88,1.9,4.6,247.5,79.11,100,49,86,4.4,13554.3,26.0,7,15
1782839926.761,349.238,249.6,79.11,100,42,88,3180.3,4.5,248.7,79.11,100,41,83,5.4,28.1,251.0,79.11,100,53,88,19716.6,17196.0,246.5,79.11,100,48,86,2.4,4.6,26.0,7,15
1782839927.205,349.682,249.8,79.11,100,44,88,20707.6,17108.2,250.1,79.11,100,41,83,1.9,4.9,248.8,79.11,100,47,88,1.9,14257.2,245.1,79.11,100,39,85,15968.6,5730.4,26.0,7,15
1782839927.646,350.123,248.7,79.11,100,44,88,16099.2,6508.6,251.2,79.11,100,50,84,3.7,5.8,248.8,79.11,100,47,88,19723.9,17209.2,245.1,79.11,100,39,85,8.2,7.9,26.0,7,15
1782839928.099,350.576,249.5,79.11,100,37,88,19457.4,12766.0,249.4,79.11,100,40,84,19992.4,17101.8,248.2,79.11,100,38,88,20744.3,17203.1,245.8,79.11,100,38,85,20749.1,4.4,29.0,8,14
1782839928.540,351.017,248.9,79.11,100,63,89,1.7,3.4,244.4,79.11,100,60,84,1160.7,16218.1,242.1,79.11,100,12,89,20749.0,4.0,234.5,79.11,100,17,86,2.5,3.9,29.0,8,14
1782839928.985,351.462,249.9,79.11,100,42,88,7.0,7710.8,248.5,79.11,100,43,83,15616.5,12732.1,249.5,79.11,100,64,88,3.5,4.2,241.7,79.11,100,65,86,1.8,1649.3,29.0,8,14
1782839929.428,351.905,250.5,79.11,100,41,87,15592.4,16893.4,254.5,79.11,100,50,84,3.4,4.5,255.4,79.11,100,40,87,2.8,5314.3,248.3,79.11,100,48,85,15883.4,14798.5,29.0,8,14
1782839929.868,352.345,250.5,79.11,100,41,87,1.8,4.1,249.3,79.11,100,52,84,15828.2,12784.7,249.7,79.11,100,40,87,8702.2,9.0,246.5,79.11,100,38,84,3.7,8931.1,29.0,8,14
1782839930.311,352.788,247.8,79.11,100,37,88,2.9,12009.7,249.5,79.11,100,40,83,16186.4,7926.8,249.0,79.11,100,39,88,2.2,5.5,245.8,79.11,100,43,86,20811.6,14840.9,29.0,8,14
1782839930.753,353.230,249.9,79.11,100,35,88,23624.0,13695.2,249.5,79.11,100,40,83,5.6,5.5,250.3,79.11,100,38,88,6357.9,13792.3,242.5,79.11,100,36,85,17950.1,4.9,29.0,8,14
1782839931.199,353.676,250.6,79.11,100,36,88,18726.4,17107.7,249.7,79.11,100,39,84,1.8,4.3,249.1,79.11,100,45,88,1.9,610.6,241.2,79.11,100,39,84,19420.9,17209.7,29.0,8,14
1782839931.642,354.119,249.9,79.11,100,51,88,1.9,4385.1,251.5,79.11,100,58,84,16517.6,15371.4,249.1,79.11,100,45,88,6.5,10.0,241.2,79.11,100,39,84,5.5,8129.0,29.0,8,14
1782839932.088,354.564,250.0,79.11,100,42,88,3.4,4.0,252.3,79.11,100,61,84,1.8,1181.2,249.7,79.11,100,40,87,17897.8,17195.1,243.3,79.11,100,40,85,1.8,4.4,29.0,8,14
1782839932.528,355.005,250.2,79.11,100,39,88,2115.5,15318.9,248.9,79.11,100,57,84,20705.3,10.3,249.2,79.11,100,40,87,2.7,4.7,247.8,79.11,100,40,84,10833.6,12934.1,29.0,8,14
1782839932.973,355.450,249.8,79.11,100,38,88,5.1,4.1,248.7,79.11,100,53,84,2.9,12789.7,249.9,79.11,100,40,87,15738.3,7046.5,247.3,79.11,100,39,84,1.9,4.6,29.0,8,14
1782839933.417,355.893,249.8,79.11,100,37,88,15829.3,10220.9,251.2,79.11,100,46,84,3.0,5.1,250.0,79.11,100,39,88,2.6,9747.2,245.5,79.11,100,39,85,15612.7,10620.3,29.0,8,14
1782839933.857,356.334,249.8,79.11,100,37,88,1.8,3.5,250.9,79.11,100,42,83,20216.6,17108.0,249.5,79.11,100,40,88,2.7,7.6,245.3,79.11,100,40,85,495.0,16533.7,29.0,8,14
1782839934.300,356.777,250.4,79.11,100,38,88,3.6,4.3,251.0,79.11,100,41,84,20216.7,17109.8,251.8,79.11,100,41,88,2.1,5.6,243.9,79.11,100,44,86,1332.0,16181.7,29.0,8,14
1782839934.741,357.218,250.7,79.11,100,36,88,14690.1,13290.2,251.0,79.11,100,41,84,6146.6,7.8,250.0,79.11,100,38,88,2.8,16760.2,242.8,79.11,100,38,85,17250.5,2869.4,32.0,9,13
1782839935.186,357.663,249.6,79.11,100,35,88,3.4,4.0,249.1,79.11,100,39,84,20719.5,15645.0,243.2,79.11,100,59,88,259.9,4.3,242.8,79.11,100,38,85,3.5,22.4,32.0,9,13
1782839935.628,358.105,248.7,79.11,100,46,89,8944.6,12728.7,245.8,79.11,100,49,84,16030.6,4.0,243.2,79.11,100,59,88,1.8,7.6,235.1,79.11,100,63,85,1167.7,15534.9,32.0,9,13
1782839936.079,358.556,248.7,79.11,100,40,87,627.5,3.9,250.4,79.11,100,45,83,2.7,4.1,247.9,79.11,100,39,88,13346.4,12908.7,240.6,79.11,100,54,85,11291.2,4.1,32.0,9,13
1782839936.520,358.997,250.2,79.11,100,46,88,1.8,2897.6,256.3,79.11,100,65,84,16533.5,17105.5,253.6,79.11,100,41,87,2.7,4.9,252.0,79.11,100,40,84,7.9,13335.2,32.0,9,13
1782839936.966,359.442,250.2,79.11,100,40,88,2.9,7.6,252.0,79.11,100,57,84,19001.9,13178.8,248.0,79.11,100,39,87,4899.0,5.3,245.9,79.11,100,39,85,2.5,10577.3,32.0,9,13
1782839937.410,359.887,250.6,79.11,100,35,88,2.0,17111.9,247.7,79.11,100,40,83,20705.4,5.8,250.6,79.11,100,39,88,6.1,517.3,243.2,79.11,100,39,86,19720.5,17201.0,32.0,9,13
1782839937.852,360.329,250.6,79.11,100,35,88,20708.3,17109.4,249.3,79.11,100,41,83,3.8,4.6,250.7,79.11,100,40,88,1.9,7146.6,243.3,79.11,100,43,85,15773.2,12890.6,32.0,9,13
1782839938.294,360.770,250.5,79.11,100,37,88,3.5,6065.5,251.2,79.11,100,50,84,15845.2,14150.2,250.0,79.11,100,55,88,3.6,4.9,242.2,79.11,100,40,84,492.3,16523.5,32.0,9,13
1782839938.737,361.214,250.5,79.11,100,48,88,6.2,8.3,251.2,79.11,100,50,84,8.5,14440.7,250.3,79.11,100,48,88,15602.5,5784.7,243.2,79.11,100,38,84,6.4,4.6,32.0,9,13
1782839939.184,361.660,249.9,79.11,100,43,88,20707.5,14159.6,252.1,79.11,100,53,84,2828.4,4.2,249.6,79.11,100,45,88,4.3,3.6,243.2,79.11,100,38,84,19036.3,12566.0,32.0,9,13
1782839939.626,362.102,249.0,79.11,100,47,88,1.8,4.1,250.5,79.11,100,59,84,1.7,17190.6,249.6,79.11,100,45,88,20749.9,7.9,246.2,79.11,100,39,85,9.9,9.6,32.0,9,13
1782839940.081,362.557,251.4,79.11,100,52,88,15665.3,10440.8,250.1,79.11,100,63,84,2.7,4.3,251.2,79.11,100,49,88,3.5,10435.4,246.1,79.11,100,40,84,15801.3,10009.0,32.0,9,13
1782839940.523,362.999,250.9,79.11,100,49,88,2.9,4.2,249.8,79.11,100,57,84,16790.9,12533.1,249.6,79.11,100,49,88,7871.1,4.4,246.1,79.11,100,39,84,2.6,522.5,32.0,9,13
1782839940.976,363.453,249.5,79.11,100,50,88,6153.6,4.6,249.8,79.11,100,57,84,3.3,3178.8,249.7,79.11,100,50,88,16550.5,16351.1,246.0,79.11,100,39,84,1.8,4.8,32.0,9,13
1782839941.418,363.895,248.5,79.11,100,35,88,1820.7,4.8,248.8,79.11,100,41,83,2.3,14342.6,249.8,79.11,100,39,87,15726.7,5969.8,247.5,79.11,100,38,84,2.9,5.3,32.0,9,13
1782839941.859,364.336,248.5,79.11,100,35,88,2.0,5.5,250.2,79.11,100,47,84,14048.2,22544.8,249.2,79.11,100,41,88,20753.0,17191.0,243.4,79.11,100,38,84,20760.7,17190.3,35.0,10,12
1782839942.310,364.787,248.4,79.11,100,40,88,20706.7,17112.2,249.6,79.11,100,64,84,3.3,3.9,245.7,79.11,100,51,88,1.8,3.9,236.2,79.11,100,48,85,4922.8,13647.6,35.0,10,12
1782839942.754,365.230,249.9,79.11,100,51,89,20708.5,7.2,249.6,79.11,100,64,84,6.8,6.8,250.9,79.11,100,65,88,1.6,13725.9,243.5,79.11,100,55,85,15012.8,7174.8,35.0,10,12
1782839943.196,365.673,251.6,79.11,100,42,88,4.3,3.7,248.2,79.11,100,41,83,1.6,11862.3,256.7,79.11,100,40,88,15085.4,8839.4,253.1,79.11,100,59,85,2.7,4.7,35.0,10,12
1782839943.638,366.114,249.8,79.11,100,41,88,20708.4,17110.5,249.6,79.11,100,43,83,1.9,4.5,256.7,79.11,100,40,88,6.0,8297.2,253.1,79.11,100,59,85,15599.3,12106.2,35.0,10,12
1782839944.085,366.561,248.3,79.11,100,37,88,16078.9,16615.0,247.4,79.11,100,41,83,2.1,5.6,248.2,79.11,100,40,88,8849.0,13509.3,251.1,79.11,100,53,85,14928.5,5.8,35.0,10,12
1782839944.526,367.003,248.1,79.11,100,34,88,3629.1,6.2,250.4,79.11,100,37,84,491.7,17159.2,248.2,79.11,100,38,88,20749.2,5.9,242.0,79.11,100,37,86,2.8,507.1,35.0,10,12
1782839944.967,367.444,249.5,79.11,100,40,88,3.2,4.8,250.9,79.11,100,46,84,501.3,17153.7,247.9,79.11,100,42,89,20746.3,4.8,238.6,79.11,100,39,84,2.4,4.5,35.0,10,12
1782839945.411,367.888,250.0,79.11,100,37,88,15553.7,12195.6,250.6,79.11,100,44,84,2.1,4.9,250.3,79.11,100,39,88,1094.4,16782.1,243.6,79.11,100,38,85,20748.3,5.8,35.0,10,12
1782839945.852,368.329,250.0,79.11,100,37,88,1.8,13367.2,248.0,79.11,100,41,83,15112.8,7537.2,250.9,79.11,100,39,87,1.9,7.1,247.9,79.11,100,46,85,498.1,14635.6,35.0,10,12
1782839946.294,368.771,249.9,79.11,100,39,88,4705.8,4.0,248.9,79.11,100,44,83,1.8,4.1,250.3,79.11,100,40,88,20324.2,13974.8,246.3,79.11,100,55,85,2391.5,4.5,35.0,10,12
1782839946.738,369.214,250.6,79.11,100,39,88,5.1,17117.7,248.9,79.11,100,44,83,20710.3,12.7,250.6,79.11,100,42,88,1.9,4.3,247.3,79.11,100,57,85,5388.2,13301.3,35.0,10,12
1782839947.189,369.666,250.2,79.11,100,39,88,2.7,4.0,249.5,79.11,100,43,83,522.9,17127.6,250.1,79.11,100,40,88,20758.3,4.2,247.3,79.11,100,57,85,3.2,4.5,35.0,10,12
1782839947.631,370.108,250.0,79.11,100,40,88,15687.6,15574.6,249.3,79.11,100,44,84,1.8,4.3,250.1,79.11,100,40,88,2.8,9336.0,246.4,79.11,100,52,85,18437.1,5737.9,35.0,10,12
1782839948.077,370.554,249.1,79.11,100,37,88,6088.9,13183.3,249.3,79.11,100,41,83,18290.0,5.4,249.2,79.11,100,43,88,2.1,4572.0,246.0,79.11,100,53,85,16149.6,15276.4,35.0,10,12
1782839948.517,370.994,248.6,79.11,100,36,88,16276.6,12257.3,251.2,79.11,100,42,84,4.1,5.6,248.6,79.11,100,41,88,12129.2,13498.7,241.2,79.11,100,38,84,11615.0,5.4,35.0,10,12
1782839948.958,371.435,249.1,79.11,99,38,88,19103.9,14014.2,251.2,79.11,100,41,84,16823.2,4.3,249.3,79.11,100,44,88,1.8,4.2,240.3,79.11,100,43,85,9661.0,15005.7,38.0,11,11
1782839949.403,371.880,251.2,79.11,100,49,88,3.4,3.5,248.2,79.11,100,45,84,1.7,3.9,247.5,79.11,100,62,88,1719.7,15923.0,239.3,79.11,100,53,85,20754.7,4.0,38.0,11,11
1782839949.845,372.322,251.2,79.11,100,49,88,1.8,3.9,248.4,79.11,100,43,83,540.4,17062.4,247.4,79.11,100,40,87,20750.9,4.3,244.2,79.11,100,50,85,6.7,6.5,38.0,11,11
1782839950.288,372.765,249.3,79.11,100,40,88,12134.9,12988.1,252.2,79.11,100,62,84,12474.0,4.3,250.1,79.11,100,40,87,3.5,4.1,249.8,79.11,100,39,84,16704.3,12994.4,38.0,11,11
1782839950.730,373.207,249.4,79.11,100,42,88,5.2,9.7,252.2,79.11,100,62,84,20230.2,17107.0,249.1,79.11,100,39,87,5.0,5.3,246.4,79.11,100,38,84,1129.3,14358.0,38.0,11,11
1782839951.180,373.656,249.3,79.11,100,37,89,16758.4,13351.0,249.9,79.11,100,42,83,6984.8,5.3,248.9,79.11,100,37,88,2.3,14072.7,246.4,79.11,100,38,84,17068.8,5232.3,38.0,11,11
1782839951.622,374.099,249.4,79.11,100,37,88,20705.0,5.1,248.4,79.11,100,45,84,1.9,4.9,248.9,79.11,100,37,88,18108.2,16104.5,241.7,79.11,100,38,84,893.5,8.1,38.0,11,11
1782839952.066,374.543,251.2,79.11,100,43,88,19904.4,17107.0,251.8,79.11,100,43,84,3.5,4.5,251.9,79.11,100,44,88,1.9,4416.4,241.1,79.11,100,40,85,15528.3,15962.2,38.0,11,11
1782839952.507,374.984,251.3,79.11,100,40,88,3.5,3.5,252.2,79.11,100,52,84,20229.7,17107.9,250.4,79.11,100,41,88,10.7,4.8,244.1,79.11,100,39,84,2.2,8108.6,38.0,11,11
1782839952.952,375.428,248.3,79.11,100,39,88,5336.6,6.8,249.1,79.11,100,55,84,3.7,3.5,249.5,79.11,100,40,87,20322.5,13855.7,247.1,79.11,100,41,84,2655.9,4.4,38.0,11,11
1782839953.396,375.873,248.3,79.11,100,39,88,2.5,17111.5,249.1,79.11,100,58,84,17544.8,2410.1,248.8,79.11,100,40,87,3.5,4.3,247.5,79.11,100,39,84,1092.0,16849.7,38.0,11,11
1782839953.837,376.314,250.0,79.11,100,39,88,5598.6,4.2,252.5,79.11,100,60,84,1.8,30.3,250.1,79.11,100,41,87,19720.5,17198.1,246.2,79.11,100,40,84,5.1,7.1,38.0,11,11
1782839954.279,376.756,249.6,79.11,100,41,88,1184.3,16088.5,252.5,79.11,100,60,84,20705.8,4.4,249.0,79.11,100,40,87,2.2,4.6,245.9,79.11,100,41,84,7112.6,13241.7,38.0,11,11
1782839954.723,377.200,249.6,79.11,100,40,88,5.1,9.6,251.6,79.11,100,59,84,2622.1,15064.4,250.1,79.11,100,40,87,20749.0,4.6,246.9,79.11,100,38,85,2.0,4.3,38.0,11,11
1782839955.169,377.646,249.6,79.11,100,37,88,2.0,5.1,248.7,79.11,100,48,84,4410.4,13584.3,251.1,79.11,100,42,88,19075.9,5.3,246.9,79.11,100,38,85,2.4,616.0,38.0,11,11
1782839955.612,378.089,251.1,79.11,100,41,88,3.6,3841.0,249.5,79.11,100,43,83,16378.0,15798.8,251.1,79.11,100,42,88,2.2,8.1,244.1,79.11,100,41,85,7723.4,23487.1,41.0,12,10
1782839956.057,378.534,247.2,79.11,98,17,89,17992.9,4.1,247.2,79.11,98,29,83,3.5,4.2,249.4,79.11,100,40,87,3216.4,14578.6,244.4,79.11,100,42,84,20074.0,3.8,41.0,12,10
1782839956.499,378.976,249.6,79.11,100,43,88,3.3,3.5,249.2,79.11,100,59,84,2.5,41.6,244.3,79.11,100,43,89,19737.9,16071.1,240.3,79.11,99,43,84,35.0,4.2,41.0,12,10
1782839956.941,379.418,254.2,79.11,100,50,88,5.4,9.5,250.9,79.11,100,44,83,16958.1,17109.1,250.6,79.11,100,62,88,2.6,4.0,240.9,79.11,100,45,85,3.5,57.8,41.0,12,10
1782839957.387,379.864,254.2,79.11,100,50,88,18618.2,1651.1,249.4,79.11,100,44,83,2.8,4.5,253.6,79.11,100,47,88,1097.7,16779.3,249.6,79.11,100,57,85,20756.7,4.8,41.0,12,10
1782839957.829,380.306,250.1,79.11,100,39,88,20707.0,17106.6,248.3,79.11,100,40,83,2.6,5.2,251.3,79.11,100,45,88,492.1,17289.1,247.4,79.11,100,44,85,20746.5,10.8,41.0,12,10
1782839958.273,380.750,249.9,79.11,100,38,88,15120.2,4.9,248.3,79.11,100,40,83,4.2,7113.5,247.1,79.11,100,40,88,17946.5,11217.0,245.2,79.11,100,42,85,2.1,5.7,41.0,12,10
1782839958.715,381.192,248.6,79.11,100,36,88,6.8,7.7,249.8,79.11,100,42,83,396.2,17164.9,247.1,79.11,100,40,87,20754.6,5.7,242.4,79.11,100,39,86,2.0,4.4,41.0,12,10
1782839959.160,381.637,248.0,79.11,100,37,88,20705.5,4.3,249.7,79.11,100,45,84,4.4,4.6,250.3,79.11,100,38,88,1128.2,16518.0,242.4,79.11,100,39,86,20754.3,5.4,41.0,12,10
1782839959.604,382.081,249.3,79.11,100,37,88,15251.8,13094.7,249.4,79.11,100,40,83,9246.8,4.3,250.3,79.11,100,38,88,3.5,504.9,243.7,79.11,100,49,85,19738.1,17204.9,41.0,12,10
1782839960.054,382.530,250.9,79.11,100,38,88,1.8,4.1,251.2,79.11,100,42,83,2154.8,15333.1,252.4,79.11,100,52,88,20751.9,5.7,245.3,79.11,100,55,85,4.2,4.4,41.0,12,10
1782839960.496,382.973,249.6,79.11,100,38,88,15492.7,7092.5,251.1,79.11,100,42,83,2.8,4.4,251.4,79.11,100,50,88,2.4,13353.2,246.0,79.11,100,54,85,15343.9,7162.7,41.0,12,10
1782839960.938,383.415,249.0,79.11,100,38,88,5.1,3046.1,250.2,79.11,100,40,83,16541.2,16899.2,250.3,79.11,100,53,88,8.0,4.6,246.5,79.11,100,54,85,493.3,16299.6,41.0,12,10
1782839961.384,383.861,249.0,79.11,100,38,88,2.8,4.4,250.7,79.11,100,41,83,1.8,4406.6,250.8,79.11,100,57,88,16130.9,15515.3,244.4,79.11,100,46,85,2.7,4.8,41.0,12,10
1782839961.825,384.302,249.5,79.11,100,45,88,20706.6,5.3,251.3,79.11,100,47,84,2.0,4.9,248.0,79.11,100,46,88,20800.0,14600.3,242.7,79.11,100,39,84,1505.1,8.3,41.0,12,10
1782839962.268,384.744,249.4,79.11,100,40,88,2.1,5.3,251.3,79.11,100,47,84,1987.8,15468.8,248.7,79.11,100,43,88,20415.9,5.7,244.6,79.11,100,42,85,2.1,8167.3,41.0,12,10
1782839962.711,385.188,249.7,79.11,100,34,88,20708.1,17111.1,248.4,79.11,100,39,83,20413.5,15541.3,246.0,79.11,98,12,87,16488.9,2477.7,237.2,79.11,100,10,86,2.6,4.2,43.0,13,9
1782839963.155,385.632,243.9,79.11,100,21,88,5482.9,12539.2,241.2,79.11,100,12,83,19531.5,4.0,246.0,79.11,98,12,87,3.4,3.9,237.2,79.11,100,10,86,1096.2,10826.9,43.0,13,9
1782839963.599,386.076,249.9,79.11,100,50,88,14772.8,5656.0,250.8,79.11,100,71,84,2.7,4.2,244.4,79.11,100,40,87,1.7,11520.6,239.2,79.11,100,41,84,22070.5,3693.8,43.0,13,9
1782839964.045,386.521,257.1,79.11,100,54,88,1.9,4.2,254.2,79.11,100,49,83,518.9,17151.6,249.5,79.11,100,58,88,20752.4,4.7,248.0,79.11,100,42,85,2.6,4.6,43.0,13,9
1782839964.485,386.962,250.6,79.11,100,40,88,15643.0,13146.3,248.1,79.11,100,41,83,2.0,5.2,254.3,79.11,100,52,88,5179.3,13387.9,248.8,79.11,100,52,85,18942.4,5.4,43.0,13,9
1782839964.926,387.403,248.8,79.11,100,37,88,20706.6,8.1,249.3,79.11,100,46,84,3.1,9936.7,247.6,79.11,100,43,88,16308.1,9787.5,246.3,79.11,100,39,84,2.9,6.0,43.0,13,9
1782839965.370,387.847,248.8,79.11,100,37,88,2.8,5.1,249.7,79.11,100,38,84,20743.4,14740.3,249.4,79.11,100,42,88,1224.8,5.0,242.0,79.11,100,40,85,2.0,8487.4,43.0,13,9
1782839965.814,388.291,248.4,79.11,100,34,88,3.5,4.0,249.4,79.11,100,40,83,2.3,14640.6,249.9,79.11,100,39,87,15639.8,4257.1,244.0,79.11,100,44,85,1.9,6.3,43.0,13,9
1782839966.256,388.733,250.0,79.11,100,38,88,17729.6,2322.5,249.4,79.11,100,40,83,2.0,4.5,250.1,79.11,100,39,88,489.9,15822.8,245.9,79.11,100,45,85,15545.5,4598.8,43.0,13,9
1782839966.697,389.174,250.4,79.11,100,40,88,1.8,5720.4,248.8,79.11,100,44,83,16477.7,13100.6,251.7,79.11,100,53,88,7.7,6.6,244.3,79.11,100,53,85,1.6,13992.5,43.0,13,9
1782839967.146,389.623,250.9,79.11,100,42,88,5799.5,4.2,250.8,79.11,100,43,83,1.9,4.5,251.7,79.11,100,53,88,19740.3,15768.1,244.3,79.11,100,53,85,312.5,4.5,43.0,13,9
1782839967.588,390.065,249.8,79.11,100,40,88,1.8,17114.9,249.8,79.11,100,42,83,20686.6,5.1,250.1,79.11,100,50,88,8.5,4.8,247.5,79.11,100,53,85,7187.8,14398.2,43.0,13,9
1782839968.033,390.510,249.3,79.11,100,42,88,1.7,4.1,250.0,79.11,100,41,83,496.6,17188.5,249.6,79.11,100,48,88,19896.5,748.9,246.4,79.11,100,49,85,2.8,4.7,43.0,13,9
1782839968.474,390.951,250.2,79.11,100,46,88,15543.9,11291.4,249.5,79.11,100,42,83,4.1,4.7,250.6,79.11,100,52,88,1104.7,16754.6,245.7,79.11,100,44,85,20756.1,5.0,43.0,13,9
1782839968.917,391.394,248.2,79.11,100,38,88,16258.6,5142.1,250.4,79.11,100,48,84,5.1,7.5,248.3,79.11,100,44,88,20800.0,14092.4,244.6,79.11,100,40,84,2394.4,5.4,43.0,13,9
1782839969.359,391.836,248.2,79.11,100,38,88,2.1,5.0,250.2,79.11,100,42,84,493.3,17170.5,248.5,79.11,100,38,88,20748.7,6.2,242.9,79.11,100,38,85,3.7,561.8,46.0,14,8
1782839969.801,392.278,249.1,79.11,100,37,88,20712.1,17110.6,246.6,79.11,100,67,84,1.8,4.3,240.9,79.11,100,16,88,1.9,528.8,235.4,79.11,100,33,84,19718.5,17201.4,46.0,14,8
1782839970.243,392.720,247.7,79.11,100,46,89,9255.3,3.5,246.6,79.11,100,67,84,1.8,3.9,247.8,79.11,100,60,88,1122.1,16808.5,240.2,79.11,100,40,85,20091.1,523.0,46.0,14,8
1782839970.684,393.161,251.8,79.11,100,56,88,2.7,6.4,249.6,79.11,100,51,83,532.4,17135.8,258.7,79.11,100,53,88,20751.7,6.9,240.2,79.11,100,40,85,6.2,4.2,46.0,14,8
1782839971.128,393.605,254.7,79.11,100,41,88,20707.6,15881.4,252.6,79.11,100,43,83,2.6,4.5,258.7,79.11,100,53,88,2.6,2984.7,251.0,79.11,100,62,85,16751.9,16725.8,46.0,14,8
1782839971.574,394.051,249.2,79.11,100,38,88,2186.8,15264.3,247.6,79.11,100,41,84,20706.0,5.9,249.9,79.11,100,39,88,2.9,576.4,249.5,79.11,100,51,85,19699.3,17192.7,46.0,14,8
1782839972.017,394.494,248.0,79.11,100,35,88,16226.4,9367.3,250.9,79.11,100,40,84,3.0,5.3,247.8,79.11,100,44,88,13189.8,13322.5,241.4,79.11,100,39,84,10859.5,5.8,46.0,14,8
1782839972.458,394.934,248.7,79.11,100,40,88,14879.6,4.4,250.7,79.11,100,44,84,1.9,3.9,248.7,79.11,100,38,88,20304.5,16591.3,239.2,79.11,100,37,85,3.6,5.0,46.0,14,8
1782839972.899,395.376,248.7,79.11,100,40,88,20709.2,14465.8,249.8,79.11,100,47,84,2290.3,7.1,249.4,79.11,100,41,89,6.1,557.7,243.6,79.11,100,41,86,19713.0,17200.0,46.0,14,8
1782839973.341,395.818,249.6,79.11,100,38,87,1.9,4.4,247.9,79.11,100,44,83,20249.0,17111.0,249.7,79.11,100,41,88,2.9,4.6,246.3,79.11,100,53,84,1.9,638.2,46.0,14,8
1782839973.784,396.261,249.8,79.11,100,38,88,20706.2,4.1,250.1,79.11,100,42,83,2.2,4.3,250.8,79.11,100,41,88,5158.0,13436.5,246.6,79.11,100,57,85,19398.2,4.3,46.0,14,8
1782839974.229,396.706,250.6,79.11,100,39,87,3.4,11696.0,250.1,79.11,100,42,83,15463.8,9064.7,249.8,79.11,100,40,88,1.8,4.3,247.4,79.11,100,54,85,1.8,9891.5,46.0,14,8
1782839974.672,397.148,250.2,79.11,100,39,87,2.8,4.2,250.4,79.11,100,43,83,6.2,1406.6,250.2,79.11,100,41,88,18135.5,15758.7,247.4,79.11,100,54,85,6.1,4.6,46.0,14,8
1782839975.118,397.595,249.3,79.11,100,37,88,19768.7,12737.3,249.1,79.11,100,41,84,5362.1,4.3,250.2,79.11,100,41,88,4.4,550.9,248.1,79.11,100,52,85,19714.5,17205.7,46.0,14,8
1782839975.561,398.038,249.4,79.11,100,38,88,2.0,7879.0,249.4,79.11,100,43,83,16324.5,12190.2,250.6,79.11,100,41,88,2.0,5.2,246.1,79.11,100,51,85,1125.4,16757.0,46.0,14,8
1782839976.002,398.479,249.7,79.11,100,37,88,2097.9,15352.6,252.0,79.11,100,43,84,20706.4,5.5,250.1,79.11,100,46,88,2.2,5403.2,241.8,79.11,100,39,85,18040.0,13367.9,46.0,14,8
1782839976.444,398.920,249.8,79.11,100,39,88,26969.1,13571.8,249.9,79.11,100,42,83,19587.9,12679.6,248.7,79.11,100,40,88,19558.5,12790.4,242.8,79.11,100,39,85,19604.6,13750.3,49.0,15,7
1782839976.887,399.364,249.8,79.11,100,39,88,2.6,3.6,246.3,79.11,100,54,84,3.4,6.0,245.6,79.11,100,68,88,12675.2,12577.6,237.2,79.11,100,50,85,11042.1,4.1,49.0,15,7
1782839977.329,399.806,250.9,79.11,100,60,88,3.4,3.9,247.8,79.11,100,43,82,490.9,17214.8,248.1,79.11,100,47,88,17130.8,3018.2,244.8,79.11,100,67,85,2.9,4.3,49.0,15,7
1782839977.771,400.248,249.1,79.11,100,40,88,8.5,16060.1,247.8,79.11,100,43,82,15246.9,4360.3,252.1,79.11,100,41,88,1.9,4.6,251.8,79.11,100,39,84,1102.3,16835.7,49.0,15,7
1782839978.215,400.692,251.6,79.11,100,41,88,2.9,4.1,253.8,79.11,100,58,84,1.8,72.5,247.8,79.11,100,39,87,19701.8,17203.8,245.2,79.11,100,39,84,2.0,5.4,49.0,15,7
1782839978.656,401.133,248.3,79.11,100,38,88,3292.2,5.2,252.2,79.11,100,57,84,1.9,17173.8,247.8,79.11,100,39,87,20752.1,11.8,245.2,79.11,100,39,84,10.0,4998.8,49.0,15,7
1782839979.104,401.581,249.8,79.11,100,35,88,2.0,14971.8,249.2,79.11,100,39,83,15946.3,5142.5,251.7,79.11,100,38,88,3.0,5.4,242.4,79.11,100,38,85,17106.8,14943.8,49.0,15,7
1782839979.548,402.024,250.3,79.11,100,37,88,1.9,14379.3,248.9,79.11,100,41,83,16084.9,5704.4,250.4,79.11,100,40,88,1.9,4.4,242.0,79.11,100,42,85,492.4,15085.8,49.0,15,7
1782839979.989,402.466,250.3,79.11,100,47,88,2.0,4.7,251.1,79.11,100,51,83,513.0,17137.8,248.9,79.11,100,53,88,20748.2,4.4,241.8,79.11,100,39,85,2.7,4.4,49.0,15,7
1782839980.433,402.909,248.7,79.11,100,38,88,16955.0,2970.9,250.1,79.11,100,48,84,2.3,4.5,249.1,79.11,100,40,87,1078.4,16818.8,243.6,79.11,100,38,84,20302.2,407.3,49.0,15,7
1782839980.874,403.350,248.7,79.11,100,38,88,1.9,4.1,249.2,79.11,100,53,84,20248.0,17108.6,250.5,79.11,100,40,87,6.5,6.9,247.5,79.11,100,38,84,4.4,4171.4,49.0,15,7
1782839981.319,403.795,248.6,79.11,100,38,88,9371.5,3.9,250.2,79.11,100,51,84,1.8,4.1,249.9,79.11,100,39,88,13834.1,12904.4,247.0,79.11,100,39,85,10757.6,6.5,49.0,15,7
1782839982.222,404.699,250.1,79.11,100,38,89,3.5,3194.0,249.0,79.11,100,39,83,16371.6,16902.8,251.0,79.11,100,39,88,3.6,4.9,244.8,79.11,100,50,85,1092.0,16847.8,49.0,15,7
1782839982.663,405.140,249.7,79.11,100,37,87,2.2,9606.0,250.0,79.11,100,40,83,16140.8,10410.4,249.9,79.11,100,40,88,8.5,8.2,244.8,79.11,100,50,85,20794.0,14336.9,49.0,15,7
1782839983.109,405.586,248.6,79.11,100,35,88,16416.2,12300.5,250.6,79.11,100,42,84,4.3,5.8,249.9,79.11,100,40,88,17997.2,13020.2,240.8,79.11,100,38,84,6428.6,5.7,52.0,16,6
1782839983.551,406.028,247.9,79.11,98,37,88,1.9,13474.8,250.7,79.11,100,42,84,16525.0,6420.0,247.2,79.11,100,39,88,1.8,3.9,236.9,79.11,100,38,84,1.7,8822.0,52.0,16,6
1782839983.993,406.470,251.7,79.11,100,57,88,20708.0,17110.3,249.3,79.11,100,52,84,3.6,4.1,245.7,79.11,100,62,88,1.8,3.7,236.5,79.11,100,43,85,4657.2,13621.7,52.0,16,6
1782839984.437,406.914,250.9,79.11,100,40,88,3.7,3.9,247.9,79.11,100,42,83,1.8,4.0,248.3,79.11,100,38,88,15911.7,12660.1,244.8,79.11,100,57,84,8737.2,4.1,52.0,16,6
1782839984.879,407.355,250.9,79.11,100,40,88,1.7,288.0,250.3,79.11,100,57,84,19118.8,17106.0,250.3,79.11,100,39,87,6.2,7.2,250.2,79.11,100,37,84,4.3,8582.7,52.0,16,6
1782839985.322,407.799,249.1,79.11,100,40,88,3.7,5.3,249.9,79.11,100,43,83,20345.8,12835.3,249.2,79.11,100,39,88,3766.8,5.2,245.9,79.11,100,38,84,2.1,11677.8,52.0,16,6
1782839985.775,408.252,248.8,79.11,100,37,88,11813.0,13487.3,249.9,79.11,100,43,83,12190.9,5.6,250.6,79.11,100,40,88,2.3,11126.5,241.1,79.11,100,39,84,17399.8,6924.4,52.0,16,6
1782839986.223,408.699,249.7,79.11,100,37,88,16022.8,9595.3,250.3,79.11,100,46,84,2.7,4.4,250.6,79.11,100,45,88,491.7,17303.0,240.4,79.11,100,39,85,18648.2,1698.5,52.0,16,6
1782839986.663,409.140,251.2,79.11,100,46,88,1.7,17117.7,251.7,79.11,100,44,84,20705.6,7.4,250.7,79.11,100,40,88,9.0,7.3,240.4,79.11,100,39,85,2769.6,14359.7,52.0,16,6
1782839987.107,409.583,251.0,79.11,100,42,88,1.9,4.8,252.4,79.11,100,56,84,20739.2,15600.2,250.7,79.11,100,40,88,365.5,4.5,243.4,79.11,100,38,84,2.3,582.2,52.0,16,6
1782839987.547,410.024,248.0,79.11,100,39,88,20706.0,4.3,248.5,79.11,100,45,83,2.8,4.3,248.6,79.11,100,41,87,5386.2,13325.2,247.6,79.11,100,45,84,19108.6,4.5,52.0,16,6
1782839987.988,410.465,249.3,79.11,100,38,89,1.7,17111.6,247.5,79.11,100,42,83,20706.7,4.3,250.1,79.11,100,41,87,2.7,4.4,248.0,79.11,100,47,84,1143.3,16761.4,52.0,16,6
1782839988.435,410.912,249.2,79.11,100,38,88,3.5,4.3,249.2,79.11,100,43,83,496.2,17162.9,250.1,79.11,100,39,88,20754.3,5.5,246.1,79.11,100,53,85,2.7,4.7,52.0,16,6
1782839988.880,411.357,249.2,79.11,100,38,88,20705.2,4.7,250.2,79.11,99,41,83,1.9,4.9,250.3,79.11,100,48,88,20314.8,17196.5,243.9,79.11,100,53,85,4.1,4.9,52.0,16,6
1782839989.327,411.804,249.8,79.11,100,37,88,20708.0,5.0,252.0,79.11,100,45,84,2.1,42.0,249.3,79.11,100,46,88,19711.5,17197.4,240.7,79.11,100,39,84,2.7,5.6,52.0,16,6
1782839989.770,412.247,249.2,79.11,100,39,88,5.2,309.0,252.0,79.11,100,45,84,18854.1,17110.5,248.9,79.11,100,39,88,2.3,6.1,240.2,79.11,100,39,85,18630.1,13219.2,52.0,16,6
1782839990.213,412.690,248.1,79.11,100,30,88,15284.7,16130.2,250.6,79.11,100,33,84,16557.2,16795.4,240.9,79.11,100,11,89,1.9,4.3,232.0,79.11,100,12,85,1.8,3670.2,55.0,17,5
1782839990.657,413.134,245.7,79.11,100,41,88,15198.2,8086.7,240.1,79.11,100,29,84,2.8,6.7,240.9,79.11,100,11,89,6.2,615.9,232.0,79.11,100,12,85,19714.7,17208.2,55.0,17,5
1782839991.103,413.579,249.6,79.11,100,43,87,1.8,3.9,247.6,79.11,100,52,83,3.4,25.0,242.8,79.11,100,44,87,19729.7,16714.4,238.4,79.11,100,55,85,4.4,4.3,55.0,17,5
1782839991.546,414.023,254.7,79.11,100,55,88,2.2,2152.8,255.6,79.11,100,64,83,17275.6,17105.8,249.1,79.11,100,46,88,2.7,4.5,249.5,79.11,100,40,85,1.9,5038.7,55.0,17,5
1782839991.989,414.466,251.7,79.11,100,47,88,5294.8,4.8,252.3,79.11,100,47,83,3.7,11012.7,251.1,79.11,100,54,88,16092.7,8949.6,246.4,79.11,100,39,85,2.6,5.5,55.0,17,5
1782839992.430,414.906,248.6,79.11,100,36,89,3.7,5.4,249.0,79.11,100,42,83,20733.5,15730.7,249.4,79.11,100,39,87,90.4,5.5,246.1,79.11,100,39,84,493.8,16865.1,55.0,17,5
1782839992.871,415.348,248.6,79.11,100,36,89,1.8,17113.4,248.1,79.11,100,38,84,20704.1,4.8,247.8,79.11,100,41,88,4.8,8.0,242.7,79.11,100,37,85,19754.1,16006.4,55.0,17,5
1782839993.314,415.791,248.6,79.11,100,34,88,1.8,3.4,251.2,79.11,100,44,83,20227.5,17107.8,252.4,79.11,100,43,88,2.5,4.7,241.4,79.11,100,44,85,1.8,7767.5,55.0,17,5
1782839993.761,416.238,251.1,79.11,100,43,88,7.9,4.3,251.2,79.11,100,44,83,4.5,8340.2,251.7,79.11,100,44,88,15789.0,12173.9,243.4,79.11,100,39,85,1.9,5.2,55.0,17,5
1782839994.204,416.681,252.3,79.11,100,53,88,20709.8,17109.6,251.7,79.11,100,50,83,3.4,4.2,249.4,79.11,100,53,88,1.9,577.7,244.4,79.11,100,38,85,19716.6,17202.0,55.0,17,5
1782839994.645,417.122,250.3,79.11,100,53,88,3.4,4.4,250.8,79.11,100,55,83,6030.7,20734.1,249.4,79.11,100,53,88,7314.4,10.1,244.4,79.11,100,38,85,8.2,614.5,55.0,17,5
1782839995.100,417.577,250.6,79.11,100,50,88,20704.4,4.1,250.3,79.11,100,54,83,3.4,4.6,249.4,79.11,100,51,88,6102.7,13204.5,245.7,79.11,100,39,85,18185.4,5.8,55.0,17,5
1782839995.542,418.019,250.3,79.11,100,47,88,3.4,17112.4,250.3,79.11,100,52,83,17658.1,2277.5,250.8,79.11,100,48,88,4.2,4.5,245.4,79.11,100,38,85,1113.2,16801.7,55.0,17,5
1782839995.983,418.460,249.2,79.11,100,43,88,4.9,4.5,250.7,79.11,100,54,84,495.5,17160.5,249.7,79.11,100,44,88,20749.3,5.3,246.9,79.11,100,39,85,4.5,5.3,55.0,17,5
1782839996.425,418.902,249.1,79.11,100,37,89,2.0,5.1,247.4,79.11,100,43,83,6888.4,13546.8,249.1,79.11,100,39,88,16701.0,5.5,245.9,79.11,100,39,84,2.6,4439.8,55.0,17,5
1782839996.867,419.344,249.1,79.11,100,37,89,2.9,17113.3,247.2,79.11,100,40,84,18411.2,1833.3,249.2,79.11,100,39,88,2.8,291.1,242.4,79.11,100,38,85,22531.6,15063.7,58.0,18,4
1782839997.312,419.788,248.2,79.11,100,35,88,1.8,4.0,244.7,79.11,100,50,83,2.5,29.2,242.8,79.11,100,35,87,19715.1,17202.3,235.1,79.11,100,52,84,1.9,4.0,58.0,18,4
1782839997.753,420.230,248.2,79.11,100,44,89,8.5,6.6,244.7,79.11,100,50,83,535.3,17158.8,246.5,79.11,100,41,87,20752.5,4.7,240.6,79.11,100,39,85,7.9,4.4,58.0,18,4
1782839998.197,420.674,251.4,79.11,100,52,88,6524.6,12639.0,252.3,79.11,100,69,84,18278.6,4.0,255.3,79.11,100,62,88,2.5,3.9,240.6,79.11,100,39,85,1137.5,16844.1,58.0,18,4
1782839998.638,421.115,253.1,79.11,100,54,88,3.5,4.1,257.4,79.11,100,49,83,1.8,3751.3,255.3,79.11,100,62,88,16075.9,8280.3,249.6,79.11,100,41,85,5.4,8.0,58.0,18,4
1782839999.087,421.564,250.3,79.11,100,47,88,8277.9,4.9,248.3,79.11,100,43,83,2.0,6971.7,252.5,79.11,100,50,88,15918.3,12982.4,246.2,79.11,100,42,85,4.6,5.6,58.0,18,4
1782839999.528,422.005,248.8,79.11,100,35,88,2.9,10.6,247.1,79.11,100,40,83,20737.4,16606.3,246.9,79.11,100,38,88,3.9,5.8,246.1,79.11,100,37,85,1103.5,16765.6,58.0,18,4
1782839999.972,422.449,248.8,79.11,100,37,87,5.1,3758.1,248.9,79.11,100,44,84,16080.9,16447.7,245.7,79.11,100,39,87,2.0,5.2,241.7,79.11,100,39,85,1103.3,16803.6,58.0,18,4
1782840000.413,422.890,250.6,79.11,100,37,88,1.8,4.2,251.1,79.11,100,43,83,2.1,7919.1,252.3,79.11,100,46,88,15673.9,12188.5,243.2,79.11,100,55,85,2.8,4.9,58.0,18,4
1782840000.854,423.331,250.6,79.11,100,37,88,20011.6,17111.4,251.0,79.11,100,41,83,5.4,4.4,253.7,79.11,100,57,88,1.9,4673.3,245.0,79.11,100,55,85,15647.0,15434.3,58.0,18,4
1782840001.297,423.774,251.4,79.11,100,39,88,1.7,4.0,249.8,79.11,100,43,83,2952.9,14762.7,251.1,79.11,100,58,88,20748.4,4.3,246.2,79.11,100,52,85,2.7,4.4,58.0,18,4
1782840001.739,424.215,249.8,79.11,100,44,88,16050.4,12172.4,249.8,79.11,100,43,83,6.1,6.8,251.4,79.11,100,55,88,3.6,8845.2,246.9,79.11,100,54,85,15136.4,11698.8,58.0,18,4
1782840002.183,424.660,250.0,79.11,100,43,88,1.8,4.1,250.2,79.11,100,45,83,19290.1,12963.2,249.6,79.11,100,54,88,4917.3,4.5,246.9,79.11,100,54,85,5.2,567.3,58.0,18,4
1782840002.624,425.101,249.6,79.11,100,41,88,20705.3,4.5,248.8,79.11,100,43,83,2.7,4.5,249.6,79.11,100,54,88,3446.9,14338.8,247.5,79.11,100,53,85,20064.7,7.9,58.0,18,4
1782840003.071,425.547,249.1,79.11,100,44,88,7467.6,13212.1,250.1,79.11,100,42,83,17140.2,4.8,250.0,79.11,100,54,88,2.8,11.5,246.3,79.11,100,51,85,19753.2,15161.8,58.0,18,4
1782840003.512,425.989,248.4,79.11,100,37,88,20708.3,14269.3,249.8,79.11,100,43,84,2663.3,5.7,248.1,79.11,100,49,88,494.2,16783.4,245.4,79.11,100,38,84,20749.5,5.4,58.0,18,4
1782840003.955,426.432,249.1,79.11,100,42,88,20822.0,17108.9,249.1,79.11,100,42,83,20704.8,15546.2,248.7,79.11,100,42,88,19771.5,12586.6,244.1,79.11,100,41,85,19227.7,13894.7,61.0,19,3
1782840004.397,426.874,249.1,79.11,100,42,88,2.7,3.5,246.4,79.11,100,49,84,3.4,7.3,246.1,79.11,100,68,88,16561.6,12668.7,238.0,79.11,100,53,85,7075.5,4.1,61.0,19,3
1782840004.839,427.316,250.5,79.11,100,55,88,4.2,3.8,248.3,79.11,100,42,82,515.7,17180.8,247.3,79.11,100,43,88,20680.0,5.8,244.4,79.11,100,62,84,5.1,6.5,61.0,19,3
1782840005.287,427.764,249.0,79.11,100,41,88,1.6,17116.1,248.3,79.11,100,42,82,20706.4,4.3,251.5,79.11,100,41,87,2.7,4.5,252.2,79.11,100,39,84,1154.0,16751.2,61.0,19,3
1782840005.729,428.206,249.6,79.11,100,45,88,5.6,9.4,254.3,79.11,100,62,84,515.5,17158.0,247.5,79.11,100,39,87,20754.6,5.9,247.2,79.11,100,39,84,2.9,19.9,61.0,19,3
1782840006.181,428.658,248.9,79.11,100,40,88,2.0,5.2,251.2,79.11,100,56,84,20735.3,14933.3,251.7,79.11,100,38,88,956.0,5.7,247.2,79.11,100,39,84,1082.1,16826.4,61.0,19,3
1782840006.622,429.099,250.5,79.11,100,37,88,4308.2,13520.4,251.2,79.11,100,41,83,19356.7,5.3,251.7,79.11,100,38,88,2.1,1103.4,242.4,79.11,100,39,85,18063.8,17215.7,61.0,19,3
1782840007.063,429.540,249.9,79.11,100,37,88,1.8,17116.5,247.9,79.11,100,40,83,20706.2,4.3,250.2,79.11,100,40,88,2.6,4.3,243.9,79.11,100,43,85,1146.4,16770.1,61.0,19,3
1782840007.505,429.981,250.8,79.11,100,46,88,1.9,4.8,251.0,79.11,100,46,83,6802.1,13334.3,250.0,79.11,100,56,88,17167.2,4.5,242.3,79.11,100,40,85,2.2,4.8,61.0,19,3
1782840007.947,430.424,249.1,79.11,100,37,88,20709.5,6.0,250.6,79.11,100,47,84,7.0,4.1,250.3,79.11,100,43,87,18244.1,12828.2,243.2,79.11,100,39,84,6411.6,4.4,61.0,19,3
1782840008.394,430.871,249.1,79.11,100,37,88,2.8,17116.6,248.4,79.11,100,52,84,20533.9,5.3,247.6,79.11,100,39,87,2.7,4.6,246.2,79.11,100,38,84,2307.6,15320.8,61.0,19,3
1782840008.841,431.318,249.0,79.11,100,38,88,3.4,4.1,250.1,79.11,100,49,84,1.7,17195.4,249.0,79.11,100,40,88,19214.1,1317.7,246.8,79.11,100,40,86,6.1,7.2,61.0,19,3
1782840009.289,431.766,249.6,79.11,100,38,87,14815.3,4.1,250.1,79.11,100,49,84,2.4,4.3,251.2,79.11,100,39,87,13847.2,12960.7,245.2,79.11,100,47,85,10435.8,5.0,61.0,19,3
1782840009.731,432.208,250.4,79.11,100,38,87,16026.9,17063.9,249.7,79.11,100,41,83,8.2,7.6,251.1,79.11,100,48,88,3469.6,14340.0,243.2,79.11,100,48,85,19687.4,5.6,61.0,19,3
1782840010.178,432.655,250.8,79.11,100,42,88,16467.3,6.8,251.1,79.11,100,41,83,2.1,12087.2,248.1,79.11,100,37,87,16212.3,7539.8,243.2,79.11,100,48,85,3.2,5.5,61.0,19,3
1782840010.619,433.096,249.4,79.11,100,35,88,2.0,17114.3,249.4,79.11,100,39,84,20705.8,5.8,248.1,79.11,100,37,87,2.2,10894.6,242.5,79.11,100,37,85,25523.5,15370.0,64.0,20,2
1782840011.066,433.543,245.0,79.11,98,10,88,2.7,3.9,245.4,79.11,98,19,84,1.8,10254.7,244.7,79.11,100,38,88,15550.9,10089.8,238.7,79.11,100,36,84,1.8,4.0,64.0,20,2
1782840011.507,433.984,248.7,79.11,100,42,88,1.7,3.6,248.6,79.11,100,45,83,10977.5,12741.9,243.4,79.11,100,43,88,13651.1,4.2,235.3,79.11,100,55,85,2.2,4.3,64.0,20,2
1782840011.948,434.425,250.1,79.11,100,52,88,20633.0,14019.3,254.9,79.11,100,63,83,3076.1,4.0,247.8,79.11,100,47,88,4.3,4.0,240.0,79.11,100,40,86,5556.5,13313.9,64.0,20,2
1782840012.393,434.870,250.1,79.11,100,52,88,2.8,4.2,251.8,79.11,100,43,83,1.7,17183.9,253.3,79.11,100,60,88,20719.6,4.8,247.1,79.11,100,45,85,4.4,4.4,64.0,20,2
1782840012.836,435.313,250.7,79.11,100,48,88,2.1,4.8,248.0,79.11,100,46,84,2.0,17172.4,250.8,79.11,100,43,88,17539.2,2380.0,246.5,79.11,100,39,84,3.7,526.8,64.0,20,2
1782840013.278,435.755,248.0,79.11,100,37,88,2.8,2315.0,248.0,79.11,100,46,84,17196.6,17103.0,248.7,79.11,100,43,88,2.6,5.8,242.3,79.11,100,40,86,10486.0,13380.0,64.0,20,2
1782840013.719,436.196,249.1,79.11,100,37,88,8.3,17116.7,248.9,79.11,100,44,84,20707.4,10.3,250.3,79.11,100,39,88,5.1,7.1,243.8,79.11,100,46,85,20344.2,14339.3,64.0,20,2
1782840014.167,436.644,250.8,79.11,100,37,88,1.9,4.4,249.8,79.11,100,40,83,6275.7,13178.9,251.9,79.11,100,50,88,17730.9,4.8,243.8,79.11,100,46,85,1.9,506.2,64.0,20,2
1782840014.608,437.085,251.0,79.11,100,43,88,20705.9,4.0,249.5,79.11,100,39,83,3.5,4.4,251.9,79.11,100,50,88,3469.9,14463.0,244.1,79.11,100,46,85,19145.0,10.2,64.0,20,2
1782840015.052,437.528,251.3,79.11,100,51,88,3.4,6763.6,251.2,79.11,100,50,83,15627.0,13707.0,250.5,79.11,100,55,88,4.4,4.4,244.2,79.11,100,40,85,1.8,6943.3,64.0,20,2
1782840015.494,437.971,250.7,79.11,100,50,88,7725.6,4.0,249.8,79.11,100,46,83,1.9,4.1,251.2,79.11,100,57,88,13828.7,14153.0,246.2,79.11,100,41,85,9298.6,4.5,64.0,20,2
1782840015.936,438.413,250.9,79.11,100,46,88,5.1,17116.2,249.8,79.11,100,43,83,20706.1,5.7,252.0,79.11,100,56,88,2.7,4.7,247.8,79.11,100,42,85,4078.6,13883.1,64.0,20,2
1782840016.380,438.857,250.9,79.11,100,46,88,1.8,4.1,250.2,79.11,100,49,83,1.8,13699.9,249.2,79.11,100,56,88,15523.4,6529.6,246.1,79.11,100,39,85,1.9,4.6,64.0,20,2
1782840016.821,439.298,250.7,79.11,100,47,88,20705.3,4.8,249.0,79.11,100,47,84,4.4,5.0,247.9,79.11,100,44,88,11927.6,13513.3,245.5,79.11,100,39,84,10287.9,8.1,64.0,20,2
1782840017.265,439.742,249.2,79.11,100,39,88,6595.5,5.4,249.0,79.11,100,47,84,2.0,17163.5,251.4,79.11,100,42,88,19312.4,1187.1,244.7,79.11,100,44,85,2.5,7.0,64.0,20,2
1782840017.707,440.184,249.0,79.11,100,35,88,20707.0,17113.1,248.2,79.11,100,39,83,20711.9,15827.3,246.4,79.11,98,20,88,20161.1,13836.1,238.0,79.11,98,9,84,9.3,4.4,67.0,21,1
1782840018.153,440.630,243.4,79.11,100,12,88,3.4,4705.2,242.0,79.11,100,11,84,15501.9,15804.2,246.4,79.11,98,20,88,4.4,4.0,238.0,79.11,98,9,84,1.7,521.8,67.0,21,1
1782840018.596,441.072,250.9,79.11,100,60,88,18084.0,12401.3,250.6,79.11,100,69,84,7239.4,4.2,245.7,79.11,100,45,88,2.4,4.0,237.9,79.11,100,41,86,20383.1,14346.0,67.0,21,1
1782840019.043,441.520,253.3,79.11,100,44,88,1.9,4.1,252.0,79.11,100,44,83,2.8,86.5,250.3,79.11,100,57,88,19704.8,17194.4,240.9,79.11,100,54,85,1.9,4.5,67.0,21,1
1782840019.484,441.961,250.5,79.11,100,37,88,10359.0,12934.7,247.3,79.11,100,41,83,14250.7,5.3,253.0,79.11,100,40,88,2.0,4883.2,249.3,79.11,100,53,85,16134.2,15194.6,67.0,21,1
1782840019.924,442.401,248.1,79.11,100,41,88,16251.3,15714.4,249.5,79.11,100,47,84,6.7,7.5,250.3,79.11,100,42,88,20797.4,15111.5,244.4,79.11,100,39,86,1033.0,5.6,67.0,21,1
1782840020.373,442.850,248.1,79.11,100,41,88,2.0,5.1,250.7,79.11,100,39,83,515.5,17120.8,248.2,79.11,100,40,88,20750.9,5.2,243.0,79.11,100,41,85,2.8,6.1,67.0,21,1
1782840020.815,443.291,249.5,79.11,100,34,88,2.6,4.1,247.9,79.11,100,40,83,3.5,92.0,248.7,79.11,100,38,88,19690.8,17199.1,243.2,79.11,100,38,84,4.1,7.1,67.0,21,1
1782840021.263,443.740,249.9,79.11,100,38,88,16189.2,15721.1,247.9,79.11,100,40,83,2.7,4.3,249.5,79.11,100,37,88,3.5,1692.5,245.1,79.11,100,47,85,17684.7,17219.8,67.0,21,1
1782840021.704,444.181,249.0,79.11,100,39,87,5.1,7.1,249.0,79.11,100,42,83,20754.5,14163.7,252.3,79.11,100,41,88,1534.2,4.2,247.3,79.11,100,55,85,3.9,70.6,67.0,21,1
1782840022.148,444.625,250.2,79.11,99,39,88,17179.0,2855.6,250.2,79.11,99,41,84,1.8,4.5,252.3,79.11,100,41,88,1083.8,16812.0,247.3,79.11,100,55,85,20752.9,4.9,67.0,21,1
1782840022.590,445.067,250.1,79.11,100,39,88,1.8,3.9,250.2,79.11,100,42,83,20754.8,13768.2,250.6,79.11,100,39,88,2629.9,4.6,247.1,79.11,100,54,85,2.5,631.9,67.0,21,1
1782840023.034,445.511,248.9,79.11,99,38,87,12928.8,3.9,249.8,79.11,100,40,83,1.7,4.3,249.4,79.11,100,38,87,8328.4,14029.2,246.2,79.11,100,51,85,15013.2,4.6,67.0,21,1
1782840023.476,445.953,249.1,79.11,100,38,88,1.7,17109.7,249.1,79.11,100,41,84,20705.1,4.9,250.0,79.11,100,38,88,1.9,4.8,247.9,79.11,100,51,85,5845.8,13236.4,67.0,21,1
1782840023.919,446.396,250.6,79.11,100,42,88,2.1,17115.2,250.2,79.11,100,42,83,20708.7,7.4,250.9,79.11,100,45,88,3.0,3513.4,244.3,79.11,100,46,85,16156.8,16239.2,67.0,21,1
1782840024.370,446.847,250.6,79.11,100,42,88,16292.8,12593.5,249.4,79.11,100,40,83,2.8,5.1,247.1,79.11,100,39,88,4538.1,13937.7,242.5,79.11,100,37,85,19397.5,5.5,70.0,22,0
1782840024.812,447.289,248.9,79.11,100,36,87,4078.8,3921.8,251.2,79.11,100,55,83,4633.6,4930.4,248.9,79.11,100,54,88,5159.2,6363.7,244.1,79.11,100,54,85,5385.3,7753.8,70.0,23,0
1782840025.255,447.732,250.4,79.11,100,51,87,4349.1,3673.4,251.2,79.11,100,55,83,4237.8,5473.4,253.4,79.11,100,58,87,4551.3,6686.5,249.9,79.11,100,57,85,4771.7,7968.8,70.0,23,0
1782840025.697,448.174,251.6,79.11,100,56,87,4384.9,3216.8,253.3,79.11,100,60,83,4715.9,5077.3,252.3,79.11,100,58,87,4994.6,6256.2,249.9,79.11,100,57,85,5135.8,7058.7,70.0,24,0
1782840026.144,448.621,250.1,79.11,100,56,87,3886.8,3674.2,250.3,79.11,100,60,83,4274.9,5480.6,252.3,79.11,100,58,87,4425.1,6705.5,256.9,79.11,100,58,85,4520.1,7294.8,70.0,24,0
1782840026.586,449.063,250.0,79.11,100,56,87,4468.0,3279.1,250.0,79.11,100,61,83,4798.4,5164.7,250.0,79.11,100,59,87,4964.6,5915.4,252.7,79.11,100,58,85,5185.6,7099.7,70.0,24,0
1782840027.029,449.505,250.0,79.11,100,56,87,3886.7,3675.0,250.0,79.11,100,60,83,4261.1,5341.3,250.0,79.11,100,58,87,4441.8,6563.5,250.2,79.11,100,58,85,4595.4,7201.7,70.0,24,0
1782840027.475,449.952,250.0,79.11,100,56,87,4442.9,3304.5,250.0,79.11,100,60,82,4731.0,5193.5,250.0,79.11,100,58,87,5016.4,6614.3,249.9,79.11,100,58,84,5101.8,7521.4,70.0,24,0
1782840027.923,450.400,250.0,79.11,100,56,87,3886.6,3800.7,250.0,79.11,100,60,82,5039.3,5082.1,250.0,79.11,100,58,87,4963.2,6187.7,250.0,79.11,100,58,84,5068.9,6800.0,70.0,24,0
1782840028.372,450.848,250.0,79.11,100,56,87,4493.3,3468.2,250.0,79.11,100,60,82,4243.7,5228.8,250.0,79.11,100,58,87,4498.4,6467.7,250.0,79.11,100,58,85,4573.3,7470.6,70.0,24,0
1782840028.815,451.292,250.0,79.11,100,56,87,3825.8,3722.5,250.0,79.11,100,60,82,4796.6,5024.9,250.0,79.11,100,59,87,4972.6,6217.3,250.0,79.11,100,58,84,6127.7,6946.6,70.0,24,0
1782840029.268,451.745,250.0,79.11,100,56,87,3936.5,3674.2,250.0,79.11,100,60,82,4290.6,5221.9,250.0,79.11,100,58,87,4391.2,6678.8,249.9,79.11,100,58,85,4548.3,7116.8,70.0,24,0
1782840029.711,452.188,250.0,79.11,100,56,87,4467.2,3163.2,250.0,79.11,100,60,82,4680.9,5264.9,249.9,79.11,100,59,87,4952.2,6339.5,250.0,79.11,100,59,85,5087.6,7271.9,70.0,24,0
1782840030.155,452.632,250.0,79.11,100,57,87,4503.2,3195.3,250.0,79.11,100,61,82,4860.5,5238.8,249.9,79.11,100,59,87,4430.9,6756.3,250.0,79.11,100,59,85,4591.3,7460.0,70.0,24,0
1782840030.597,453.074,250.0,79.11,100,56,87,3827.3,3726.5,250.0,79.11,100,60,82,4339.7,5154.5,250.0,79.11,100,59,87,5023.8,6468.2,250.0,79.11,100,58,85,5962.8,7194.4,70.0,24,0
1782840031.043,453.520,250.0,79.11,100,56,87,4503.2,3680.3,250.0,79.11,100,60,82,4271.5,5367.3,250.0,79.11,100,58,87,4426.9,6717.3,249.9,79.11,100,58,85,4634.0,7477.2,70.0,24,0
1782840031.487,453.964,250.0,79.11,100,56,87,4442.2,3233.5,250.0,79.11,100,60,82,4788.9,5139.0,249.9,79.11,100,58,87,5030.7,6402.0,249.9,79.11,100,58,85,5141.4,6748.0,70.0,24,0
1782840031.929,454.406,250.0,79.11,100,56,87,4150.4,3612.5,250.0,79.11,100,60,82,4239.8,5246.1,250.0,79.11,100,58,87,4627.4,6565.5,250.0,79.11,100,58,85,4502.3,7461.4,70.0,24,0
1782840032.375,454.852,250.0,79.11,100,56,87,4444.0,3309.9,250.0,79.11,100,61,82,4727.4,5161.7,250.0,79.11,100,58,87,5017.3,6233.5,250.1,79.11,100,58,84,5161.7,7172.5,70.0,24,0
1782840032.818,455.295,250.0,79.11,100,56,87,3840.3,3669.4,250.0,79.11,100,61,82,4308.0,5469.0,250.0,79.11,100,58,87,4453.4,6531.4,250.0,79.11,100,58,85,4850.2,7280.8,70.0,24,0
1782840033.262,455.739,250.0,79.11,100,57,87,4445.0,3259.7,250.0,79.11,100,61,82,4671.2,5312.5,250.0,79.11,100,59,87,4937.0,6280.2,250.0,79.11,100,58,84,5099.4,6869.6,71.0,24,0
1782840033.705,456.182,250.0,79.11,100,57,87,3889.9,3727.4,250.0,79.11,100,61,82,4125.2,5313.5,250.0,79.11,100,59,87,4829.5,6481.0,250.0,79.11,100,58,84,4544.5,6904.9,71.0,24,0
1782840034.153,456.630,250.0,79.11,100,56,87,4321.0,3209.7,250.0,79.11,100,61,82,4716.7,4991.0,250.0,79.11,100,59,87,5007.4,6318.3,250.0,79.11,100,58,84,5099.0,7393.9,71.0,24,0
1782840034.595,457.072,250.0,79.11,100,56,87,3886.9,3624.0,250.0,79.11,100,60,82,4252.3,5747.0,250.0,79.11,100,59,87,4385.8,6925.5,250.0,79.11,100,58,85,6154.8,7195.1,71.0,24,0
1782840035.044,457.521,250.0,79.11,100,56,87,4381.7,3259.6,250.0,79.11,100,60,82,4764.4,4937.2,250.0,79.11,100,59,87,4958.0,6437.7,250.0,79.11,100,58,85,4949.0,7205.3,71.0,24,0
1782840035.487,457.964,250.0,79.11,100,57,87,3886.7,3676.5,250.0,79.11,100,61,82,4274.0,5137.3,250.0,79.11,100,59,87,4469.1,6537.1,250.0,79.11,100,58,84,5115.0,6647.7,71.0,24,0
1782840035.933,458.410,250.0,79.11,100,56,87,4445.8,3254.4,250.0,79.11,100,60,82,4827.2,5512.5,250.0,79.11,100,58,87,4482.9,6593.6,249.9,79.11,100,58,85,4581.9,7916.9,71.0,24,0
1782840036.377,458.854,250.0,79.11,100,56,87,3856.6,3764.4,250.0,79.11,100,60,82,4647.2,4799.1,250.0,79.11,100,58,87,4939.9,6236.8,250.0,79.11,100,58,85,5043.8,6514.5,71.0,24,0
1782840036.819,459.296,250.0,79.11,100,55,87,4442.5,3168.6,250.0,79.11,100,60,82,4851.6,5593.4,250.0,79.11,100,58,87,4482.8,6576.1,250.0,79.11,100,58,85,4643.3,7253.5,71.0,24,0
1782840037.261,459.738,250.0,79.11,100,56,87,3886.7,3724.7,250.0,79.11,100,60,82,4721.2,4893.3,250.0,79.11,100,58,87,4991.0,6141.5,250.0,79.11,100,58,85,5153.9,6817.1,71.0,24,0
1782840037.704,460.181,250.0,79.11,100,55,87,4445.8,4178.6,250.0,79.11,100,60,82,4356.9,5205.1,250.0,79.11,100,58,87,4469.6,6524.8,250.0,79.11,100,58,85,4574.3,7047.0,71.0,24,0
1782840038.153,460.630,250.0,79.11,100,55,87,4477.4,3259.7,250.0,79.11,100,60,82,4752.6,5388.6,250.0,79.11,100,58,87,5013.2,6102.6,250.0,79.11,100,58,85,5170.2,7727.4,71.0,24,0
1782840038.598,461.075,250.0,79.11,100,55,87,3947.3,3711.7,250.0,79.11,100,60,82,4206.5,5250.6,250.0,79.11,100,58,87,4394.7,6347.0,250.0,79.11,100,58,85,5674.2,7040.0,71.0,24,0
1782840039.046,461.523,250.0,79.11,100,56,87,4443.6,3109.0,250.0,79.11,100,60,82,4792.2,5052.7,250.0,79.11,100,58,87,4697.7,6702.4,250.1,79.11,100,58,85,4515.8,7577.3,71.0,24,0
1782840039.489,461.966,250.0,79.11,100,55,87,3886.6,3721.9,250.0,79.11,100,60,82,4193.0,5023.9,250.0,79.11,100,58,87,4988.1,6271.5,250.0,79.11,100,58,85,5136.2,6856.0,71.0,24,0
1782840039.932,462.409,250.0,79.11,100,55,87,4564.0,3674.1,250.0,79.11,100,60,82,4290.9,5484.6,250.0,79.11,100,58,87,4422.1,6690.7,250.0,79.11,100,58,85,4560.4,7359.6,71.0,24,0
1782840040.377,462.854,250.0,79.11,100,55,87,4444.0,3309.9,250.0,79.11,100,60,82,4741.4,4708.5,250.0,79.11,100,58,87,4960.7,6545.3,249.9,79.11,100,58,85,5078.4,7005.1,71.0,24,0
1782840040.822,463.298,250.0,79.11,100,55,87,4008.0,3724.4,250.0,79.11,100,60,82,4267.3,5374.8,250.0,79.11,100,58,87,4350.3,6321.6,250.0,79.11,100,57,85,5264.3,7006.4,71.0,24,0
1782840041.266,463.743,250.0,79.11,100,55,87,4566.5,3158.9,250.0,79.11,100,60,82,4829.4,5314.3,250.0,79.11,100,58,87,4501.3,6654.3,250.0,79.11,100,57,85,4582.1,7580.3,71.0,24,0
1782840041.711,464.188,250.0,79.11,100,55,87,4627.5,3214.1,250.0,79.11,100,60,82,5615.5,5152.4,250.0,79.11,100,58,87,4957.1,6405.5,250.1,79.11,100,58,85,5276.0,7461.0,71.0,24,0
1782840042.164,464.640,250.1,79.11,100,56,87,3886.7,3860.6,250.0,79.11,100,60,82,4237.3,5097.1,250.0,79.11,100,58,87,4944.9,6188.2,250.1,79.11,100,58,85,5126.9,6786.7,71.0,24,0
1782840042.609,465.086,250.1,79.11,100,56,87,4503.1,3163.3,250.0,79.11,100,60,82,4858.0,5317.4,250.0,79.11,100,58,87,4747.0,6466.4,250.0,79.11,100,57,85,4761.7,8167.5,72.0,24,0
1782840043.055,465.531,250.0,79.11,100,55,87,3866.4,3725.6,250.0,79.11,100,60,82,4704.2,5076.5,250.0,79.11,100,58,87,4970.5,6484.9,250.0,79.11,100,58,85,5078.7,6827.2,72.0,24,0
1782840043.497,465.974,250.0,79.11,100,56,87,4448.8,3209.1,250.0,79.11,100,60,82,4815.7,5721.9,250.0,79.11,100,59,87,4484.8,6409.0,250.0,79.11,100,58,85,4557.7,7238.7,72.0,24,0
1782840043.938,466.415,250.0,79.11,100,55,87,3829.2,3768.0,250.0,79.11,100,60,82,4575.6,5093.4,250.0,79.11,100,58,87,4934.8,6293.9,250.0,79.11,100,57,85,5129.0,6816.0,72.0,24,0
1782840044.380,466.857,250.0,79.11,100,55,87,4539.4,3209.5,250.0,79.11,100,60,82,4455.7,5310.6,250.0,79.11,100,58,87,4475.6,6923.9,249.9,79.11,100,57,85,4489.4,7419.3,72.0,24,0
1782840044.822,467.299,250.0,79.11,100,55,87,3886.5,3759.8,250.0,79.11,100,60,82,4748.0,5138.1,250.0,79.11,100,58,87,4986.2,6411.3,250.0,79.11,100,58,85,5238.4,6933.8,72.0,24,0
1782840045.265,467.741,250.0,79.11,100,55,87,4566.6,3687.9,250.0,79.11,100,60,82,4246.0,5423.3,250.0,79.11,100,58,87,4546.8,6640.8,250.0,79.11,100,57,85,4553.8,7165.2,72.0,24,0
1782840045.708,468.185,250.0,79.11,100,55,87,5177.0,3212.6,250.0,79.11,100,60,82,5748.2,5301.4,250.0,79.11,100,58,87,4996.2,6819.5,250.0,79.11,100,58,85,4557.5,7247.0,72.0,24,0
1782840046.161,468.638,250.0,79.11,100,56,87,3947.3,3724.7,250.0,79.11,100,60,82,4293.7,5080.2,250.0,79.11,100,58,87,5004.3,6171.2,250.0,79.11,100,58,85,5064.3,6978.6,72.0,24,0
1782840046.605,469.082,250.0,79.11,100,57,87,4487.5,3159.0,250.0,79.11,100,60,82,4781.0,5616.3,250.0,79.11,100,59,87,4498.7,6884.6,250.0,79.11,100,58,85,4650.7,8777.6,72.0,24,0
1782840047.055,469.531,250.0,79.11,100,56,87,4383.8,3513.5,250.0,79.11,100,60,82,4774.2,5047.6,250.0,79.11,100,59,87,4987.7,6286.2,250.0,79.11,100,58,85,5090.8,6967.8,72.0,24,0
1782840047.500,469.977,250.0,79.11,100,55,87,3886.7,3674.2,250.0,79.11,100,60,82,4247.4,5610.0,250.0,79.11,100,58,87,4468.3,6626.8,250.0,79.11,100,58,85,4540.5,7163.7,72.0,24,0
1782840047.942,470.419,249.9,79.11,100,56,87,5235.1,3159.4,250.0,79.11,100,60,82,4739.1,5077.6,250.0,79.11,100,58,87,5044.2,6316.6,250.0,79.11,100,58,85,4798.7,7433.2,72.0,24,0
1782840048.390,470.867,249.9,79.11,100,56,87,3947.9,3724.6,250.0,79.11,100,60,82,4268.4,5410.2,250.0,79.11,100,58,87,4648.1,6512.8,250.0,79.11,100,58,85,5115.5,6547.8,72.0,24,0
1782840048.834,471.311,250.0,79.11,100,55,87,4569.0,3108.7,250.0,79.11,100,59,82,4602.2,5338.8,250.0,79.11,100,58,87,4489.6,6616.9,249.9,79.11,100,57,85,4819.1,6887.2,72.0,24,0
1782840049.278,471.755,250.0,79.11,100,55,87,4369.5,3363.0,250.0,79.11,100,59,82,4716.8,5422.7,250.0,79.11,100,58,87,4979.1,6157.2,250.0,79.11,100,58,85,5100.2,7176.3,72.0,24,0
1782840049.724,472.201,250.0,79.11,100,56,87,4679.1,3751.7,249.9,79.11,100,59,82,4213.6,5485.7,250.0,79.11,100,58,87,5010.8,6137.7,250.0,79.11,100,57,85,5093.2,6950.3,72.0,24,0
1782840050.172,472.649,250.0,79.11,100,55,87,4466.6,3188.5,250.0,79.11,100,59,82,4794.2,5732.8,250.0,79.11,100,58,87,4453.1,6668.5,250.0,79.11,100,57,85,4742.3,8233.3,72.0,24,0
1782840050.617,473.094,250.0,79.11,100,56,87,3886.4,3716.8,250.0,79.11,100,59,82,4734.9,5041.9,250.0,79.11,100,58,87,5032.9,7707.2,250.0,79.11,100,58,85,5387.7,7341.5,72.0,24,0
1782840051.068,473.545,250.0,79.11,100,56,87,3923.2,3624.0,250.0,79.11,100,60,82,4233.4,5530.0,250.0,79.11,100,58,87,4441.0,6560.3,250.0,79.11,100,58,85,4607.2,6738.7,72.0,24,0
1782840051.511,473.988,250.0,79.11,100,56,87,4381.4,3209.5,250.0,79.11,100,60,82,4677.1,5309.4,250.0,79.11,100,58,87,5004.6,6799.8,250.0,79.11,100,58,85,5093.5,7088.5,72.0,24,0
1782840051.954,474.431,250.0,79.11,100,56,87,3998.8,3677.1,250.0,79.11,100,60,82,4290.4,5479.3,250.1,79.11,100,58,87,4430.5,6522.1,250.0,79.11,100,58,85,4567.9,7003.9,73.0,24,0
1782840052.398,474.875,250.0,79.11,100,56,87,4445.0,3260.9,250.0,79.11,100,59,82,4831.9,5169.5,250.1,79.11,100,59,87,5038.4,6280.6,249.9,79.11,100,57,85,5053.3,7642.3,73.0,24,0
1782840052.844,475.321,250.0,79.11,100,55,87,4008.0,3624.1,250.0,79.11,100,60,82,4283.5,5531.2,250.0,79.11,100,58,87,4486.7,6656.4,249.9,79.11,100,58,85,5191.2,7012.1,73.0,24,0
1782840053.288,475.765,250.0,79.11,100,56,87,4514.0,3187.9,250.0,79.11,100,60,82,4884.4,5368.4,250.0,79.11,100,58,87,5059.4,6636.3,250.0,79.11,100,58,85,4621.8,7524.6,73.0,24,0
1782840053.736,476.213,250.0,79.11,100,55,87,4505.2,3414.0,250.0,79.11,100,59,82,4707.7,5117.7,250.0,79.11,100,58,87,4992.9,6199.6,250.0,79.11,100,58,85,5134.6,7381.1,73.0,24,0
1782840054.185,476.662,250.0,79.11,100,55,87,3888.3,3624.1,250.0,79.11,100,59,82,4237.6,5843.3,250.0,79.11,100,58,87,4374.0,7042.3,250.0,79.11,100,58,85,4599.1,7365.7,73.0,24,0
1782840054.634,477.111,250.0,79.11,100,57,87,4503.6,3159.2,250.0,79.11,100,60,82,4860.2,5090.6,250.0,79.11,100,58,87,4998.8,7053.9,250.0,79.11,100,58,85,4711.7,7538.9,73.0,24,0
1782840055.081,477.558,250.0,79.11,100,56,87,3827.5,3747.9,250.0,79.11,100,60,82,4611.3,5255.3,250.0,79.11,100,58,87,5023.4,6353.7,250.0,79.11,100,58,85,5099.1,6551.1,73.0,24,0
1782840055.525,478.002,250.0,79.11,100,55,87,4468.6,3621.0,250.0,79.11,100,59,82,4369.1,5653.5,250.0,79.11,100,57,87,4465.6,6889.9,249.9,79.11,100,57,85,4589.8,7259.3,73.0,24,0
1782840055.968,478.445,250.0,79.11,100,56,87,4746.4,3210.6,250.0,79.11,100,60,82,4723.5,5307.2,250.0,79.11,100,59,87,4953.7,6463.0,250.0,79.11,100,58,85,5122.8,7407.5,73.0,24,0
1782840056.415,478.891,250.0,79.11,100,56,87,3886.8,3623.9,249.9,79.11,100,60,82,4273.8,5405.5,250.0,79.11,100,58,87,4416.1,6649.2,250.0,79.11,100,58,85,4516.7,7388.7,73.0,24,0
1782840056.864,479.341,250.0,79.11,100,56,87,4409.6,3309.8,250.0,79.11,100,60,82,4725.8,5360.3,250.0,79.11,100,58,87,4996.0,7838.3,250.0,79.11,100,58,85,4583.3,7329.2,73.0,24,0
1782840057.312,479.789,250.0,79.11,100,55,87,3886.6,3674.4,250.0,79.11,100,60,82,4301.0,5436.0,250.0,79.11,100,58,87,4891.6,6538.8,250.0,79.11,100,58,85,4995.6,6850.8,73.0,24,0
1782840057.756,480.233,250.0,79.11,100,56,87,4579.7,3574.9,250.0,79.11,100,60,82,4327.4,5783.0,250.0,79.11,100,58,87,4459.2,6876.8,250.0,79.11,100,57,85,4496.0,7228.3,73.0,24,0
1782840058.211,480.688,250.1,79.11,100,56,87,4427.0,3209.5,250.0,79.11,100,60,82,4776.9,5328.6,250.0,79.11,100,58,87,5020.0,6429.3,250.0,79.11,100,58,85,5104.0,7212.4,73.0,24,0
1782840058.656,481.133,250.0,79.11,100,56,87,3947.3,3774.7,250.0,79.11,100,60,82,4222.4,4978.2,250.0,79.11,100,58,87,5421.8,7280.4,250.0,79.11,100,58,85,5148.7,7066.6,73.0,24,0
1782840059.108,481.584,250.0,79.11,100,55,87,3980.1,3624.0,250.0,79.11,100,59,82,4261.1,5508.8,250.0,79.11,100,58,87,4457.6,6602.4,250.0,79.11,100,57,85,4488.1,6993.5,73.0,24,0
1782840059.551,482.028,250.0,79.11,100,56,87,4444.8,3183.7,250.0,79.11,100,60,82,4771.2,5344.3,250.0,79.11,100,58,87,5024.6,6067.8,250.0,79.11,100,58,85,4709.5,7359.6,73.0,24,0
1782840059.994,482.471,250.0,79.11,100,56,87,3948.9,3724.3,250.0,79.11,100,60,82,4265.6,5374.4,250.1,79.11,100,58,87,4399.6,6672.0,250.1,79.11,100,58,85,5152.1,6950.1,73.0,24,0
1782840060.438,482.914,250.0,79.11,100,56,87,4442.3,3315.7,250.0,79.11,100,60,82,4853.4,5376.6,250.0,79.11,100,59,87,5050.9,7164.8,250.0,79.11,100,58,85,4616.2,7453.3,73.0,24,0
1782840060.882,483.359,250.0,79.11,100,56,87,3827.5,3724.7,250.0,79.11,100,60,82,4273.6,5613.0,250.0,79.11,100,58,87,6193.7,6351.7,249.9,79.11,100,58,85,5099.6,6874.5,74.0,24,0
1782840061.333,483.810,250.0,79.11,100,56,87,4503.5,3622.9,250.0,79.11,100,59,82,4309.4,5456.5,250.0,79.11,100,58,87,4548.1,6717.3,250.0,79.11,100,58,85,4571.5,7362.1,74.0,24,0
1782840061.776,484.253,250.0,79.11,100,56,87,4452.8,3314.9,250.0,79.11,100,59,82,4766.9,5195.8,250.0,79.11,100,58,87,4989.9,6296.5,250.0,79.11,100,57,85,5226.4,7024.1,74.0,24,0
1782840062.223,484.700,250.0,79.11,100,56,87,3886.5,3645.9,250.0,79.11,100,59,82,4283.6,5624.6,250.0,79.11,100,58,87,4463.6,6635.2,250.1,79.11,100,58,85,4551.4,7195.3,74.0,24,0
1782840062.665,485.142,250.0,79.11,100,56,87,4432.5,3271.6,250.0,79.11,100,60,82,5791.6,5069.5,250.0,79.11,100,58,87,5084.9,6804.4,250.1,79.11,100,58,85,4760.3,7431.0,74.0,24,0
1782840063.160,485.636,250.0,79.11,100,55,87,4320.7,3211.0,250.0,79.11,100,59,82,4763.0,5248.4,250.0,79.11,100,58,87,5013.2,6192.5,250.0,79.11,100,57,85,5135.7,7123.1,74.0,24,0
1782840063.602,486.079,250.0,79.11,100,55,87,3904.0,3624.0,250.0,79.11,100,59,82,4346.1,5498.6,250.0,79.11,100,58,87,4510.6,7871.6,250.0,79.11,100,58,85,4552.7,8292.1,74.0,24,0
1782840064.050,486.527,250.0,79.11,100,55,87,20713.3,14840.9,250.0,79.11,100,59,82,19773.1,12817.2,250.0,79.11,100,58,87,19786.3,12762.1,250.0,79.11,100,57,85,19375.8,13387.3,,,
1782840065.469,487.946,252.6,79.11,100,41,87,1.9,4.0,252.7,79.11,99,44,83,20245.6,17107.9,257.6,79.11,100,49,88,2.0,4.5,251.5,79.11,100,63,86,2.3,598.0,,,
1782840066.888,489.365,248.7,79.11,100,36,88,3.6,4.7,251.7,79.11,100,43,83,20242.4,17109.2,250.3,79.11,100,37,88,7.0,8.8,240.2,79.11,100,37,86,2.4,11206.5,74.0,24,0
1782840067.332,489.809,249.4,79.11,100,40,88,2.9,4.1,249.4,79.11,100,48,83,1.9,8467.7,249.3,79.11,100,39,88,15771.2,11934.4,244.9,79.11,100,41,86,3.5,4.6,74.0,24,0
1782840067.772,490.249,249.8,79.11,100,39,88,20711.0,17110.5,249.4,79.11,100,48,83,2.4,4.6,249.3,79.11,100,42,87,1.9,8958.2,246.5,79.11,100,51,85,15832.0,11175.0,74.0,24,0
1782840068.214,490.691,249.6,79.11,100,39,87,1.8,4.1,248.4,79.11,100,44,82,11294.2,12736.6,251.5,79.11,100,41,87,11663.3,4.2,247.0,79.11,100,52,85,9.0,4.3,74.0,24,0
1782840068.658,491.135,249.5,79.11,100,39,88,15661.0,7782.0,250.0,79.11,100,43,82,3.7,7.1,251.5,79.11,100,41,87,6.6,16611.2,247.0,79.11,100,52,85,18938.8,1590.2,74.0,24,0
1782840069.105,491.582,249.6,79.11,100,40,88,3.4,4.2,249.6,79.11,100,42,82,20247.5,17108.9,250.0,79.11,100,42,87,2.0,4.4,247.5,79.11,100,48,85,2.2,592.6,74.0,24,0
1782840069.546,492.023,249.6,79.11,100,39,88,20706.0,4.1,250.5,79.11,100,42,82,4.3,4.5,249.4,79.11,100,40,87,1125.7,16731.5,247.7,79.11,100,45,85,20758.1,4.5,74.0,24,0
1782840069.986,492.463,249.2,79.11,100,39,88,5.2,8639.7,249.8,79.11,100,43,82,15730.1,11930.7,248.6,79.11,100,41,87,4.5,5.0,246.9,79.11,100,46,85,1107.3,16798.8,74.0,24,0
1782840070.426,492.903,249.9,79.11,100,36,88,2.0,3991.8,249.9,79.11,100,41,83,16262.6,16061.7,249.5,79.11,100,39,88,2.0,5.3,246.4,79.11,100,49,86,1125.9,16752.4,74.0,24,0
1782840070.868,493.345,249.9,79.11,100,36,88,1.9,17113.0,250.1,79.11,100,43,83,20706.1,6.6,247.1,79.11,100,39,87,2.9,553.1,243.1,79.11,100,38,85,25200.8,13262.8,74.0,24,0
1782840071.312,493.789,249.3,79.11,100,36,87,2.8,4.2,244.3,79.11,100,50,83,2.9,38.2,241.7,79.11,100,34,87,19716.0,17204.0,237.4,79.11,100,52,85,1.7,4.0,74.0,24,0
1782840071.754,494.231,247.8,79.11,100,45,88,8.4,6.6,244.3,79.11,100,50,83,515.7,17191.9,248.8,79.11,100,42,87,19489.7,1121.8,240.5,79.11,100,38,86,2.5,4.3,74.0,24,0
1782840072.196,494.673,251.0,79.11,100,54,88,3.2,17116.0,252.3,79.11,100,70,83,20705.0,4.5,255.9,79.11,100,64,88,4.3,4.0,240.5,79.11,100,38,86,2.8,7462.5,74.0,24,0
1782840072.638,495.115,254.1,79.11,100,50,87,7768.5,4.2,255.9,79.11,100,44,83,1.8,6.3,255.9,79.11,100,64,88,19736.8,17199.3,250.4,79.11,100,45,86,6.6,9.1,74.0,24,0
1782840073.090,495.567,249.7,79.11,100,43,88,19072.2,4.7,247.9,79.11,100,41,83,2.0,66.3,252.3,79.11,100,51,88,19695.5,17202.0,248.6,79.11,100,48,86,2.5,5.8,74.0,24,0
1782840073.531,496.007,248.0,79.11,100,34,88,2.0,5.1,247.9,79.11,100,40,83,13064.7,13391.2,245.7,79.11,100,39,87,10749.3,5.7,245.8,79.11,100,38,85,3.3,16104.2,74.0,24,0
1782840073.970,496.447,247.4,79.11,100,37,88,3.0,4.6,249.1,79.11,100,46,83,20254.9,16661.6,246.5,79.11,100,37,88,2.8,7.5,243.4,79.11,100,38,86,2.7,16747.6,74.0,24,0
1782840074.415,496.892,250.2,79.11,100,37,88,2.5,4.2,250.4,79.11,100,43,84,2.1,99.4,252.3,79.11,100,42,88,19572.8,17204.2,244.8,79.11,100,56,86,2.0,5.0,74.0,24,0
1782840074.855,497.332,250.2,79.11,100,38,88,20707.7,17111.3,250.4,79.11,100,41,82,3.5,4.4,252.6,79.11,100,54,88,1.9,2256.3,246.6,79.11,100,57,86,17354.8,17205.9,74.0,24,0
1782840075.295,497.772,251.4,79.11,100,37,88,3.4,4.1,250.4,79.11,100,41,82,5011.3,13146.4,251.3,79.11,100,58,88,18531.8,4.8,247.1,79.11,100,52,86,2.7,4.4,74.0,24,0
1782840075.738,498.215,250.6,79.11,100,43,88,16090.7,5512.3,250.1,79.11,100,43,83,7.3,6.5,251.3,79.11,100,55,88,495.1,17313.4,245.8,79.11,100,49,86,17784.4,2552.8,74.0,24,0
1782840076.184,498.661,250.4,79.11,100,45,88,1.8,3934.5,249.3,79.11,100,43,83,16036.9,16232.9,249.7,79.11,100,52,88,1.9,4.6,245.8,79.11,100,49,86,2.5,9710.0,74.0,24,0
1782840076.626,499.103,250.1,79.11,100,45,88,6234.8,4.3,250.3,79.11,100,42,83,1.9,21.5,249.7,79.11,100,52,88,19727.3,17196.7,246.8,79.11,100,45,86,10.3,8.2,74.0,24,0
1782840077.075,499.552,250.1,79.11,100,50,88,15687.2,10636.1,250.7,79.11,100,47,83,2.0,5.0,249.4,79.11,100,52,88,1439.0,16012.4,246.5,79.11,100,41,86,20748.3,5.5,74.0,24,0
1782840077.518,499.995,248.6,79.11,100,35,87,18016.8,5.6,249.1,79.11,100,43,83,2.1,8995.0,246.6,79.11,100,39,87,16348.5,10510.5,246.6,79.11,100,38,86,2.1,5.7,74.0,24,0
1782840077.960,500.436,249.0,79.11,100,37,88,20709.2,14403.5,249.2,79.11,100,43,83,19515.8,12496.0,247.2,79.11,100,39,88,19291.7,13352.0,243.0,79.11,100,38,85,12023.1,6.6,6.0,0,22
1782840078.403,500.879,249.0,79.11,100,37,88,4.3,2.7,248.5,79.11,100,63,84,20216.7,17112.5,244.2,79.11,100,48,87,3.5,4.0,236.6,79.11,100,47,85,1.8,3.4,6.0,0,22
1782840078.844,501.321,249.9,79.11,100,45,88,11776.0,13040.4,249.8,79.11,100,42,83,13117.7,4.0,251.2,79.11,100,66,88,2.7,4.6,242.5,79.11,100,49,86,6813.3,12856.0,6.0,0,22
1782840079.289,501.766,251.3,79.11,100,48,88,6079.5,4.1,249.8,79.11,100,42,83,2.8,3.6,257.2,79.11,100,49,88,20301.9,13684.6,253.8,79.11,100,63,86,2325.5,4.6,6.0,0,22
1782840079.730,502.207,252.0,79.11,100,41,88,7769.6,16436.4,250.4,79.11,100,43,83,9152.5,7.8,251.7,79.11,100,42,88,2.1,9159.6,250.6,79.11,100,52,86,16328.6,10451.7,6.0,0,22
1782840080.178,502.655,249.0,79.11,100,37,88,16141.1,9569.6,249.0,79.11,100,41,83,2.9,5.7,246.0,79.11,100,38,87,19152.7,13360.8,250.6,79.11,100,52,86,4795.1,5.6,6.0,0,22
1782840080.619,503.096,248.2,79.11,100,36,88,1.9,5.0,247.6,79.11,100,40,82,498.6,17150.4,246.0,79.11,100,38,87,20748.2,9.3,245.3,79.11,100,37,85,5.7,614.1,6.0,0,22
1782840081.073,503.550,248.2,79.11,100,37,88,1.8,4.1,250.5,79.11,100,48,83,2.6,13786.4,247.8,79.11,100,40,88,15575.8,6575.4,239.7,79.11,100,39,85,1.9,4.6,6.0,0,22
1782840081.517,503.993,250.3,79.11,100,38,87,16023.0,3760.8,250.4,79.11,100,41,82,2.6,4.2,251.5,79.11,100,38,87,1.9,15308.3,244.5,79.11,100,46,85,15640.4,4530.4,6.0,0,22
1782840081.962,504.439,251.4,79.11,100,38,88,2.0,1445.5,249.6,79.11,100,42,83,17807.6,17107.9,251.5,79.11,100,38,88,1.9,4.3,247.3,79.11,100,49,86,2.4,664.8,6.0,0,22
1782840082.411,504.888,251.4,79.11,100,38,88,16503.5,4.1,249.7,79.11,100,43,83,2.7,4.3,249.7,79.11,100,40,88,11075.3,12745.0,247.7,79.11,100,57,86,13695.1,4.4,6.0,0,22
1782840082.853,505.330,250.6,79.11,100,39,87,2.7,3881.1,248.9,79.11,100,43,82,15700.6,16424.7,248.6,79.11,100,42,88,2.0,7.0,248.1,79.11,99,57,86,9.6,10251.2,6.0,0,22
1782840083.296,505.773,249.1,79.11,100,39,87,578.0,3.9,248.9,79.11,100,43,82,2.8,3.8,248.2,79.11,100,40,88,17989.0,12883.1,250.0,79.11,100,54,86,6785.6,4.6,6.0,0,22
1782840083.738,506.215,249.7,79.11,100,39,87,5.1,17115.4,248.9,79.11,100,43,83,20710.0,6.9,249.8,79.11,100,41,88,1.8,4.5,248.9,79.11,100,54,86,4966.3,14252.6,6.0,0,22
1782840084.183,506.660,248.9,79.11,100,38,87,2.2,4426.0,249.0,79.11,100,42,82,16279.3,15555.7,251.0,79.11,100,42,88,2.9,5.5,248.9,79.11,100,54,86,4880.9,13648.4,6.0,0,22
1782840084.626,507.102,249.5,79.11,100,38,88,7197.0,13584.6,251.5,79.11,100,42,83,16865.3,5.1,251.0,79.11,100,42,88,2.1,2508.7,243.9,79.11,100,41,86,18368.8,11698.6,9.0,1,21
1782840085.074,507.551,249.1,79.11,100,37,89,1.8,4.0,250.0,79.11,100,41,83,6849.9,14114.4,248.3,79.11,100,40,88,14495.0,4.3,245.0,79.11,100,45,86,2.8,4.2,9.0,1,21
1782840085.517,507.994,249.0,79.11,100,42,88,3.3,17111.6,245.5,79.11,100,46,84,20706.0,4.4,244.1,79.11,100,48,88,1.7,4.0,240.8,79.11,100,61,86,1.8,1931.6,9.0,1,21
1782840085.958,508.435,250.4,79.11,100,49,88,15188.8,5869.4,251.9,79.11,100,65,83,3.9,4.1,247.0,79.11,100,40,87,2.3,3805.4,239.9,79.11,100,38,86,15905.3,16705.3,9.0,1,21
1782840086.398,508.875,250.4,79.11,100,49,88,2.7,4.1,254.1,79.11,100,48,83,492.0,17180.0,255.2,79.11,100,62,88,20693.5,5.4,248.1,79.11,100,43,86,2.7,4.5,9.0,1,21
1782840086.839,509.315,251.7,79.11,100,52,88,20712.7,5.3,248.6,79.11,100,46,83,2.0,65.2,251.6,79.11,100,53,88,19693.2,17194.0,245.8,79.11,100,39,86,8.0,7.5,9.0,1,21
1782840087.285,509.762,250.4,79.11,100,40,88,2.0,5.2,248.6,79.11,100,46,83,17844.7,13350.0,250.8,79.11,100,37,88,6076.8,5.6,244.2,79.11,100,37,86,2.4,15940.5,9.0,1,21
1782840087.727,510.204,250.2,79.11,100,39,88,4.9,17120.4,247.6,79.11,100,42,83,20710.2,7.3,248.1,79.11,100,40,87,2.9,4.9,244.7,79.11,100,45,86,14908.5,13154.0,9.0,1,21
1782840088.177,510.653,249.9,79.11,100,37,89,1.9,4.2,247.0,79.11,100,39,83,10993.4,12908.5,251.4,79.11,100,51,88,13620.6,4.5,244.7,79.11,100,45,86,3.1,3.9,9.0,1,21
1782840088.617,511.094,249.8,79.11,100,40,88,20706.2,4.3,250.2,79.11,100,40,83,2.0,4.7,251.4,79.11,100,51,88,17267.6,20135.1,243.7,79.11,100,51,86,9.1,9.8,9.0,1,21
1782840089.066,511.543,251.2,79.11,100,51,88,561.3,16582.0,252.4,79.11,100,51,83,20707.2,4.1,251.1,79.11,100,47,88,2.6,4.5,242.9,79.11,100,38,86,1151.3,16751.1,9.0,1,21
1782840089.507,511.984,250.2,79.11,100,51,88,3.5,4.0,251.0,79.11,100,49,83,1.9,6156.1,250.5,79.11,100,56,88,15785.0,13673.1,246.1,79.11,100,40,86,2.6,4.5,9.0,1,21
1782840089.947,512.424,249.6,79.11,100,52,88,19096.8,12966.0,250.0,79.11,100,49,83,4.5,4.5,251.5,79.11,100,57,88,1.9,574.1,247.9,79.11,100,40,86,19701.5,17208.3,9.0,1,21
1782840090.394,512.871,249.6,79.11,100,52,88,1.8,4.3,249.5,79.11,100,57,83,12230.5,13054.9,250.1,79.11,100,51,88,11904.0,4.8,245.9,79.11,100,40,86,1.8,8.3,9.0,1,21
1782840090.836,513.313,250.5,79.11,100,52,88,15837.8,4.6,249.6,79.11,100,50,83,2.0,65.6,250.2,79.11,100,46,88,19699.7,17201.4,246.0,79.11,100,39,85,6.7,7.1,9.0,1,21
1782840091.287,513.764,248.5,79.11,100,42,88,2.9,5.0,249.6,79.11,100,50,83,2241.1,15274.2,250.0,79.11,100,39,88,20633.9,5.7,246.4,79.11,100,40,86,2.2,5655.5,9.0,1,21
1782840091.727,514.204,249.0,79.11,100,37,88,5.2,8894.9,247.8,79.11,100,42,82,27847.5,15333.6,248.9,79.11,100,40,88,19533.5,12845.6,245.2,79.11,100,39,85,19026.3,12693.4,12.0,2,20
1782840092.171,514.648,247.7,79.11,98,20,88,15680.4,16665.7,245.8,79.11,98,31,82,3.3,3.6,248.9,79.11,100,40,88,2.7,3.4,245.2,79.11,100,39,85,9597.4,12706.9,12.0,2,20
1782840092.614,515.091,250.1,79.11,100,48,88,20707.1,3.9,250.5,79.11,100,65,84,1.7,4.2,244.8,79.11,100,43,88,1090.6,16832.3,238.8,79.11,100,43,85,20567.7,11.4,12.0,2,20
1782840093.057,515.534,253.6,79.11,100,47,88,1.7,3.6,250.9,79.11,100,42,83,504.6,17187.6,251.7,79.11,100,62,88,19519.6,1125.7,241.9,79.11,100,49,86,4.4,4.5,12.0,2,20
1782840093.498,515.975,250.6,79.11,100,39,89,15677.7,16609.3,248.3,79.11,100,44,83,2.7,4.4,254.0,79.11,100,44,88,1.8,7216.5,250.6,79.11,100,55,86,15256.8,13374.8,12.0,2,20
1782840093.939,516.416,249.2,79.11,100,36,88,18015.4,15712.1,249.9,79.11,100,40,83,4.6,5.8,251.5,79.11,100,44,88,12203.5,13506.6,248.4,79.11,100,44,86,10098.6,5.8,12.0,2,20
1782840094.382,516.859,249.2,79.11,100,36,88,94.2,5.6,250.1,79.11,100,42,82,509.1,17118.3,248.7,79.11,100,40,88,20748.2,6.0,245.5,79.11,100,43,86,2.8,569.2,12.0,2,20
1782840094.824,517.300,249.1,79.11,100,36,88,3.7,4.8,248.9,79.11,100,40,83,754.8,16497.4,247.6,79.11,100,41,89,20753.6,4.5,243.7,79.11,100,40,85,2.8,10.0,12.0,2,20
1782840095.269,517.746,248.8,79.11,100,37,87,20704.6,5.1,248.9,79.11,100,40,83,3.7,4.7,251.0,79.11,100,40,88,20309.0,15998.0,245.8,79.11,100,52,86,46.7,4.1,12.0,2,20
1782840095.710,518.187,250.3,79.11,100,37,88,20709.9,15449.3,249.7,79.11,100,41,83,1151.7,9.5,252.6,79.11,100,57,88,6.6,8222.1,245.5,79.11,100,45,86,15966.9,11943.9,12.0,2,20
1782840096.174,518.651,251.9,79.11,100,47,88,1.7,6465.9,251.9,79.11,100,43,83,15747.1,14001.1,249.6,79.11,100,55,88,4.1,5.1,245.5,79.11,100,45,86,493.5,16483.7,12.0,2,20
1782840096.616,519.093,250.4,79.11,100,47,88,4.3,4.2,250.8,79.11,100,47,83,3.0,991.1,249.6,79.11,100,55,88,18183.5,17191.3,243.5,79.11,100,39,86,5.3,10.0,12.0,2,20
1782840097.059,519.536,249.7,79.11,100,44,88,15875.5,12412.3,250.9,79.11,100,50,83,1.8,4.3,247.9,79.11,100,49,88,1.9,11218.7,246.7,79.11,100,39,86,16140.0,8569.4,12.0,2,20
1782840097.502,519.979,247.7,79.11,100,38,88,2.5,17113.7,248.5,79.11,100,50,83,20705.3,4.8,247.4,79.11,100,39,87,2.0,4.8,246.1,79.11,100,38,86,17987.8,13392.3,12.0,2,20
1782840097.944,520.421,250.2,79.11,100,37,88,20710.2,17112.1,248.7,79.11,100,42,82,4.2,5.6,251.3,79.11,100,39,88,6307.6,13658.3,245.9,79.11,100,43,86,17373.6,5.6,12.0,2,20
1782840098.393,520.870,250.2,79.11,100,37,88,2.1,5.6,249.1,79.11,100,35,84,13447.5,13636.4,249.8,79.11,100,35,88,9891.3,12.6,242.9,79.11,100,34,86,2.1,17992.6,14.0,3,19
1782840098.839,521.315,249.9,79.11,100,31,88,20704.7,4.6,245.2,79.11,100,63,83,1.8,4.5,238.6,79.11,100,13,87,1077.0,16799.4,228.3,79.11,100,21,86,20753.5,6.6,14.0,3,19
1782840099.285,521.762,247.4,79.11,100,58,88,1.7,3.6,245.2,79.11,100,63,83,2.7,1183.2,248.5,79.11,100,72,88,17963.2,17198.4,237.0,79.11,100,52,86,2.2,4.3,14.0,3,19
1782840099.726,522.203,251.4,79.11,100,47,88,6.7,10031.2,249.8,79.11,100,42,83,15377.6,10584.6,257.5,79.11,100,44,88,1.8,3.9,250.6,79.11,100,63,86,1.8,694.7,14.0,3,19
1782840100.173,522.649,252.2,79.11,100,41,88,15129.8,4.1,252.5,79.11,100,42,83,4.6,4.4,251.5,79.11,100,44,88,15687.1,12938.8,250.6,79.11,100,63,86,8698.9,4.6,14.0,3,19
1782840100.614,523.090,248.4,79.11,100,37,88,15776.0,7052.0,246.9,79.11,100,41,82,1.9,5.0,251.5,79.11,100,38,87,9062.9,13472.7,250.5,79.11,100,47,86,14667.5,11.3,14.0,3,19
1782840101.058,523.535,248.8,79.11,99,36,88,888.1,5.2,250.5,79.11,100,41,83,492.6,17163.3,248.5,79.11,100,44,88,20752.0,6.3,242.4,79.11,100,39,86,4.6,569.5,14.0,3,19
1782840101.501,523.978,250.0,79.11,100,39,88,1.9,5.2,251.5,79.11,100,41,83,9574.8,13444.0,249.1,79.11,100,38,88,14190.3,5.0,240.4,79.11,100,37,86,2.8,637.2,14.0,3,19
1782840101.944,524.421,249.5,79.11,100,39,88,12671.9,4.4,248.9,79.11,100,54,83,4.4,3.8,247.8,79.11,100,40,88,20311.5,15588.0,243.5,79.11,100,41,86,411.9,4.8,14.0,3,19
1782840102.388,524.865,249.5,79.11,100,39,88,12319.3,12996.1,249.8,79.11,100,47,83,12386.6,4.4,249.1,79.11,100,40,87,1.8,4.2,246.7,79.11,100,46,85,15510.6,13101.4,14.0,3,19
1782840102.831,525.307,248.7,79.11,100,39,88,3.4,4.1,251.0,79.11,100,44,83,1.7,11613.0,250.7,79.11,100,41,87,15165.3,9076.4,246.8,79.11,100,46,85,2.8,9.3,14.0,3,19
1782840103.273,525.749,249.9,79.11,100,39,88,17155.0,12489.5,251.0,79.11,100,44,83,7926.1,4.4,249.4,79.11,100,41,88,1.8,4.0,247.0,79.11,100,42,86,13716.4,12724.1,14.0,3,19
1782840103.715,526.192,249.3,79.11,100,39,88,8.5,8.0,250.1,79.11,100,47,83,522.0,17129.1,249.5,79.11,100,41,89,20754.8,4.5,247.8,79.11,100,39,87,2.8,4.6,14.0,3,19
1782840104.163,526.640,249.0,79.11,100,39,88,15714.4,15460.6,250.5,79.11,100,48,83,1.8,4.3,249.5,79.11,100,41,89,2.8,5856.8,247.8,79.11,100,39,87,15507.2,14403.2,14.0,3,19
1782840104.604,527.081,250.0,79.11,100,38,88,1.9,3.9,250.0,79.11,100,47,83,20218.2,17109.8,248.8,79.11,100,40,88,2.0,5.5,248.0,79.11,100,41,86,5.0,17370.6,14.0,3,19
1782840105.051,527.528,250.0,79.11,100,36,88,2.0,14659.0,249.7,79.11,100,40,83,15926.7,5575.0,249.6,79.11,100,40,87,2.9,5.8,247.6,79.11,100,47,86,19748.7,16381.5,14.0,3,19
1782840105.494,527.971,248.8,79.11,100,36,88,18570.0,19151.4,249.1,79.11,100,43,84,20708.2,17106.1,249.6,79.11,100,38,88,18067.3,16252.6,242.3,79.11,100,38,86,15274.2,15896.8,17.0,4,18
1782840105.937,528.414,248.1,79.11,100,46,88,12147.7,4.0,246.1,79.11,100,52,83,4.4,3.7,242.1,79.11,100,32,87,1070.2,14196.9,236.2,79.11,100,50,85,14778.5,6279.4,17.0,4,18
1782840106.378,528.855,248.1,79.11,100,46,88,2.9,4.0,251.7,79.11,100,66,83,3.5,77.2,248.8,79.11,100,49,88,19719.1,17203.1,241.2,79.11,100,40,86,2.8,4.4,17.0,4,18
1782840106.821,529.298,252.6,79.11,100,60,88,3.3,3.5,254.6,79.11,100,42,83,20260.8,14947.5,255.5,79.11,100,64,88,1035.0,4.5,250.4,79.11,100,54,86,1.8,587.5,17.0,4,18
1782840107.262,529.739,253.9,79.11,100,45,88,20215.2,4.1,254.6,79.11,100,42,83,1.8,4.4,252.3,79.11,100,46,88,8790.5,13245.7,247.9,79.11,100,49,86,15765.0,5.4,17.0,4,18
1782840107.703,530.180,250.6,79.11,100,38,87,20708.4,8.3,250.2,79.11,100,41,83,8.2,11596.2,246.1,79.11,100,40,87,15499.6,8601.9,247.9,79.11,100,49,86,3.1,5.5,17.0,4,18
1782840108.149,530.626,247.6,79.11,100,34,88,2.1,700.3,247.6,79.11,100,38,83,18668.5,17109.1,246.1,79.11,100,40,87,2.1,5.6,245.0,79.11,100,37,85,1124.7,16742.8,17.0,4,18
1782840108.590,531.067,248.3,79.11,100,37,88,2.0,4.2,249.5,79.11,100,44,84,20221.6,17106.7,247.1,79.11,100,36,88,1.8,4.5,241.3,79.11,100,38,85,2.0,3518.9,17.0,4,18
1782840109.034,531.511,251.2,79.11,100,38,89,3.5,4.9,249.9,79.11,100,42,84,1.9,16683.9,251.9,79.11,100,41,88,17093.0,3105.2,244.9,79.11,100,54,86,2.7,4.8,17.0,4,18
1782840109.485,531.962,252.0,79.11,99,40,88,20705.3,4.3,251.0,79.11,99,41,83,4.3,4.4,252.5,79.11,100,56,88,6035.9,13281.1,245.8,79.11,99,51,86,18365.0,4.5,17.0,4,18
1782840109.926,532.403,250.7,79.11,100,47,88,3.5,17116.2,252.0,79.11,100,48,83,20417.5,6.9,251.3,79.11,100,56,88,4.4,4.6,246.1,79.11,100,40,86,1198.9,16265.5,17.0,4,18
1782840110.372,532.849,250.7,79.11,100,47,88,1.8,4.1,250.5,79.11,100,57,83,2.8,13756.9,247.9,79.11,100,47,88,15569.3,6452.8,245.3,79.11,100,40,86,4.6,4.9,17.0,4,18
1782840110.813,533.290,249.3,79.11,100,49,88,20704.7,4.0,248.2,79.11,100,52,83,2.4,4.3,249.0,79.11,100,39,87,1122.6,16734.2,246.7,79.11,100,39,85,20768.6,6.5,17.0,4,18
1782840111.256,533.733,247.8,79.11,100,38,88,19129.5,12925.6,248.2,79.11,100,52,83,5653.4,5.0,251.0,79.11,100,39,87,2.1,5432.9,247.3,79.11,100,45,86,16136.3,14334.8,17.0,4,18
1782840111.697,534.174,249.0,79.11,100,37,88,16197.2,15084.5,246.7,79.11,100,41,82,8.2,8.5,250.3,79.11,100,36,88,17424.1,13202.0,247.3,79.11,100,45,86,6858.5,5.7,17.0,4,18
1782840112.142,534.619,249.2,79.11,100,34,88,3.7,5.4,248.9,79.11,100,39,84,17041.5,13250.2,250.3,79.11,100,36,88,6861.4,6.0,243.4,79.11,100,37,85,3.5,17463.9,20.0,5,17
1782840112.587,535.063,248.1,79.11,98,32,89,20707.4,4.6,250.2,79.11,98,40,84,4.3,4.3,247.5,79.11,100,38,88,509.5,16807.2,237.6,79.11,100,37,85,20750.6,7.5,20.0,5,17
1782840113.030,535.506,251.9,79.11,100,62,88,3.3,3.7,250.5,79.11,100,61,84,1.8,57.4,244.1,79.11,100,53,88,19736.6,15978.5,235.7,79.11,100,44,86,46.1,4.4,20.0,5,17
1782840113.471,535.948,251.3,79.11,100,40,88,1.7,3.2,249.2,79.11,100,44,83,20230.7,17107.2,249.6,79.11,100,50,88,1.8,9.6,246.1,79.11,100,61,86,3.6,7.8,20.0,5,17
1782840113.913,536.389,251.3,79.11,100,40,88,15738.2,4047.5,248.8,79.11,100,46,82,5.2,7.2,254.1,79.11,100,43,87,1091.6,16788.1,252.6,79.11,100,49,85,20756.7,5.2,20.0,5,17
1782840114.355,536.831,250.7,79.11,100,40,88,20709.8,17110.8,248.6,79.11,100,42,83,2.2,5.3,248.2,79.11,100,39,87,1076.0,16796.3,246.5,79.11,100,43,86,20758.5,6.4,20.0,5,17
1782840114.796,537.273,249.0,79.11,100,36,88,17433.7,5.2,248.6,79.11,100,42,83,3.0,7579.6,247.0,79.11,100,38,88,16450.5,12169.5,242.2,79.11,100,40,85,2.1,6.3,20.0,5,17
1782840115.242,537.719,249.2,79.11,100,36,89,3.5,10.3,249.1,79.11,100,42,83,1493.6,15894.9,249.4,79.11,100,44,89,20748.1,5.1,239.5,79.11,100,39,85,2.0,509.3,20.0,5,17
1782840115.687,538.163,249.7,79.11,100,40,88,20706.0,7.5,251.9,79.11,100,48,83,9.8,34.3,250.8,79.11,100,39,88,19713.1,17193.5,239.5,79.11,100,39,85,3.7,4.9,20.0,5,17
1782840116.183,538.659,249.6,79.11,100,37,88,1.9,4.2,251.7,79.11,100,45,83,3.5,79.2,251.6,79.11,100,41,88,19693.7,17194.0,243.7,79.11,100,38,87,3.8,4.7,20.0,5,17
1782840116.624,539.101,249.6,79.11,100,39,88,677.5,16435.5,247.7,79.11,100,44,82,20705.4,4.2,251.6,79.11,100,41,88,3.6,7.3,247.4,79.11,100,52,86,13983.8,12757.1,20.0,5,17
1782840117.075,539.552,250.5,79.11,100,39,88,1.8,4.0,250.1,79.11,100,42,82,1.7,15243.5,250.0,79.11,100,41,88,14792.7,5255.0,248.1,79.11,100,50,85,3.5,4.3,20.0,5,17
1782840117.517,539.993,250.0,79.11,100,38,88,20708.8,17113.4,250.6,79.11,100,43,82,1.8,4.6,249.8,79.11,100,40,87,3.4,4668.4,247.5,79.11,100,48,85,15935.4,15513.7,20.0,5,17
1782840117.958,540.435,249.2,79.11,100,38,88,2.1,6.5,250.0,79.11,99,43,82,18676.1,12951.0,250.1,79.11,100,42,88,5474.0,4.5,247.1,79.11,100,55,86,1.8,546.3,20.0,5,17
1782840118.400,540.877,249.2,79.11,100,38,88,2.0,4.6,250.0,79.11,100,41,83,1.9,15251.6,249.3,79.11,100,39,88,15779.1,4736.2,246.2,79.11,100,48,86,2.1,5.1,20.0,5,17
1782840118.840,541.317,249.7,79.11,100,37,88,3.7,5.2,249.9,79.11,100,47,83,20596.6,17109.9,247.3,79.11,100,39,87,4.6,5.9,242.5,79.11,100,39,86,1111.6,16295.9,20.0,5,17
1782840119.287,541.764,248.4,79.11,100,37,88,19624.5,14080.0,249.9,79.11,100,47,83,19493.7,13778.7,248.5,79.11,98,42,88,18527.8,4.2,239.0,79.11,98,31,85,2.6,4.1,23.0,6,16
1782840119.733,542.210,245.4,79.11,100,10,88,20713.0,17113.4,245.8,79.11,100,10,84,9.8,6.3,250.3,79.11,100,62,88,3.4,3.9,241.0,79.11,100,58,86,1193.5,16745.1,23.0,6,16
1782840120.179,542.656,251.3,79.11,100,42,87,19873.8,3.9,248.9,79.11,100,43,82,2.1,4.2,248.3,79.11,100,40,87,1126.5,16742.0,241.0,79.11,100,58,86,20755.1,4.4,23.0,6,16
1782840120.620,543.097,253.3,79.11,100,40,88,2.8,4.1,249.8,79.11,100,48,83,4908.1,13195.5,248.3,79.11,100,40,87,19104.9,7.9,245.0,79.11,100,44,86,13.5,6.8,23.0,6,16
1782840121.065,543.542,248.6,79.11,100,39,88,20705.6,5.3,250.9,79.11,100,55,83,2.0,5.0,251.6,79.11,100,44,87,20800.4,15349.9,247.7,79.11,100,39,85,760.3,5.6,23.0,6,16
1782840121.507,543.984,249.4,79.11,100,37,88,2.3,5.2,248.5,79.11,100,42,83,503.0,17135.1,248.4,79.11,100,40,88,20754.0,5.5,246.9,79.11,100,40,86,3.8,570.9,23.0,6,16
1782840121.949,544.426,249.0,79.11,100,35,88,5.3,4093.1,248.2,79.11,100,43,83,16360.9,14253.9,248.9,79.11,100,40,87,2.8,5.2,243.9,79.11,100,39,85,1109.2,16784.5,23.0,6,16
1782840122.391,544.868,249.0,79.11,100,35,88,1.8,4.2,251.7,79.11,100,43,83,5834.6,13227.3,251.3,79.11,100,48,88,18217.1,4.3,241.3,79.11,100,40,86,1.9,4.6,23.0,6,16
1782840122.833,545.309,250.5,79.11,100,41,88,20492.8,3.9,252.4,79.11,100,48,83,1.8,4.2,251.6,79.11,100,44,88,1130.4,16735.3,243.3,79.11,100,38,85,20754.5,9.2,23.0,6,16
1782840123.274,545.751,251.0,79.11,100,41,88,1.8,12441.2,252.4,79.11,100,48,83,15631.4,8126.2,247.9,79.11,100,40,87,2.9,10.1,246.8,79.11,100,39,85,501.9,14340.6,23.0,6,16
1782840123.719,546.196,249.4,79.11,100,42,88,7543.9,7.2,250.6,79.11,100,59,83,5.1,6.3,251.3,79.11,100,43,88,19696.3,17201.0,246.6,79.11,100,40,85,2.3,4.5,23.0,6,16
1782840124.170,546.646,250.8,79.11,100,45,88,1.8,17114.7,250.5,79.11,100,60,83,20704.8,5.2,251.3,79.11,100,43,88,3.7,4.6,246.6,79.11,100,40,85,6120.5,12970.7,23.0,6,16
1782840124.613,547.090,249.9,79.11,100,44,88,1.8,4.8,251.9,79.11,100,52,83,1.8,8719.8,251.2,79.11,100,47,88,15450.0,10892.7,246.7,79.11,100,39,85,5.1,9.7,23.0,6,16
1782840125.056,547.533,250.8,79.11,100,44,88,20707.3,14313.7,250.0,79.11,100,58,83,2443.3,4.6,250.1,79.11,100,45,88,1.9,711.8,246.6,79.11,100,39,85,18898.3,17217.4,23.0,6,16
1782840125.498,547.975,248.5,79.11,100,37,88,5453.1,13590.1,247.8,79.11,100,48,83,18275.9,5.4,250.0,79.11,100,39,87,2.9,4276.4,246.0,79.11,100,38,85,15931.8,15695.6,23.0,6,16
1782840125.939,548.416,250.9,79.11,100,35,88,16160.2,13569.6,250.1,79.11,100,39,83,4.6,5.2,251.7,79.11,100,45,88,3482.6,14262.1,245.3,79.11,100,44,86,19687.5,5.4,26.0,7,15
1782840126.392,548.869,250.9,79.11,100,35,88,1.8,16147.3,242.9,79.11,100,13,83,16236.8,3875.1,247.5,79.11,98,18,89,2.8,4.2,238.6,79.11,98,10,85,1.9,13579.8,26.0,7,15
1782840126.834,549.311,244.7,79.11,100,14,89,15402.6,16852.5,250.9,79.11,100,72,83,1.7,4.0,246.1,79.11,100,45,88,3.4,23.6,239.6,79.11,100,42,86,16711.5,12407.9,26.0,7,15
1782840127.276,549.753,250.9,79.11,100,60,88,2.6,4.0,250.9,79.11,100,72,83,2.8,40.7,254.2,79.11,100,60,88,19726.5,17207.4,242.1,79.11,100,54,86,4.5,4.4,26.0,7,15
1782840127.719,550.196,256.9,79.11,100,45,88,8.2,13718.2,252.0,79.11,100,46,83,15989.2,5325.7,252.2,79.11,100,42,88,5.3,4.8,252.1,79.11,100,53,86,1118.3,16783.6,26.0,7,15
1782840128.162,550.639,250.7,79.11,100,38,88,1.9,4.4,247.3,79.11,100,41,83,20216.6,17108.9,252.2,79.11,100,42,88,3.0,5.2,252.1,79.11,100,53,86,1091.2,16806.9,26.0,7,15
1782840128.602,551.079,248.3,79.11,100,42,88,6945.3,13315.5,249.7,79.11,100,47,83,17134.5,10.4,249.4,79.11,100,42,88,2.5,13898.6,244.1,79.11,100,38,85,15637.0,5070.0,26.0,7,15
1782840129.052,551.529,248.8,79.11,100,34,88,16889.3,3072.9,250.0,79.11,100,37,83,1.9,4.6,248.4,79.11,100,41,88,2325.4,15297.5,242.7,79.11,100,41,86,20290.0,5.0,26.0,7,15
1782840129.493,551.970,249.5,79.11,100,38,88,12235.2,13096.7,247.3,79.11,100,41,83,12338.2,4.4,249.3,79.11,100,38,87,2.4,3.8,244.1,79.11,100,40,86,19778.0,12580.3,26.0,7,15
1782840129.936,552.413,250.5,79.11,100,39,88,6.7,5.2,249.3,79.11,100,42,82,20746.0,15286.9,249.8,79.11,100,38,88,668.8,4.4,245.1,79.11,100,44,86,1.9,586.7,26.0,7,15
1782840130.378,552.855,250.5,79.11,100,39,88,20704.7,3.9,251.6,79.11,100,44,83,2.2,4.9,252.1,79.11,100,53,88,8248.9,13165.2,244.9,79.11,100,50,86,16227.5,4.3,26.0,7,15
1782840130.818,553.295,251.4,79.11,100,44,88,1.9,17114.1,250.3,79.11,100,43,83,18768.9,1543.9,250.4,79.11,100,52,88,1.7,4.5,245.6,79.11,100,47,86,1122.5,16810.0,26.0,7,15
1782840131.263,553.739,250.3,79.11,100,45,88,1.9,4.0,250.3,79.11,100,43,83,1.8,17177.8,249.1,79.11,100,48,88,19219.3,1243.3,247.3,79.11,100,38,86,1.9,4.9,26.0,7,15
1782840131.703,554.180,250.9,79.11,100,48,88,15620.2,7073.0,249.9,79.11,100,48,83,9.2,9.9,247.7,79.11,100,45,88,1128.2,16008.6,247.3,79.11,100,38,86,20752.5,4.4,26.0,7,15
1782840132.149,554.626,249.8,79.11,100,44,88,20708.5,16904.2,250.2,79.11,100,54,83,2.5,4.9,247.7,79.11,100,45,88,4.5,14513.5,247.2,79.11,100,39,85,15561.9,5733.6,26.0,7,15
1782840132.592,555.069,249.4,79.11,100,36,88,20705.1,5.5,247.5,79.11,100,41,82,4.2,61.5,248.2,79.11,100,39,87,19546.2,17191.0,247.6,79.11,100,41,86,3.7,10.0,26.0,7,15
1782840133.034,555.511,248.7,79.11,100,34,88,18921.3,12939.4,246.5,79.11,100,37,83,19590.6,12688.2,247.2,79.11,100,37,87,18806.1,14753.2,243.6,79.11,100,37,85,20265.8,4.3,29.0,8,14
1782840133.480,555.956,248.7,79.11,100,44,88,1.7,3.9,245.3,79.11,100,49,83,20242.5,17110.7,242.0,79.11,100,42,88,1.7,4.0,234.6,79.11,100,60,86,3.4,3.5,29.0,8,14
1782840133.924,556.401,251.0,79.11,100,45,88,12103.9,17516.5,251.9,79.11,100,62,83,5932.4,6.0,247.6,79.11,100,41,87,1.9,24.0,240.7,79.11,100,38,85,19761.9,14355.8,29.0,8,14
1782840134.376,556.853,251.0,79.11,100,45,88,2.7,4.1,256.8,79.11,100,58,83,1.8,1136.0,254.1,79.11,100,53,88,17960.2,17200.1,249.0,79.11,100,40,86,1.8,4.6,29.0,8,14
1782840134.817,557.294,253.3,79.11,100,59,88,17331.1,12784.4,252.8,79.11,100,53,83,7446.1,5.2,252.0,79.11,100,51,88,2.4,11206.4,246.7,79.11,100,38,86,24454.9,1594.0,29.0,8,14
1782840135.263,557.740,251.2,79.11,100,49,88,16084.1,4278.3,252.8,79.11,100,53,83,2.9,5.6,249.3,79.11,100,38,87,20297.0,17195.7,247.1,79.11,100,40,86,2.7,5.6,29.0,8,14
1782840135.706,558.183,250.1,79.11,100,35,88,6.2,8.0,247.1,79.11,100,40,83,6310.7,14693.4,249.4,79.11,100,39,89,15232.2,7.9,247.1,79.11,100,40,86,2.6,2275.6,29.0,8,14
1782840136.156,558.633,248.3,79.11,100,37,89,3.4,4.0,246.8,79.11,100,40,82,1.9,12352.9,249.4,79.11,100,39,89,15692.9,7690.6,245.1,79.11,100,40,85,1.8,4.6,29.0,8,14
1782840136.597,559.074,250.7,79.11,100,42,88,15426.3,9218.6,250.9,79.11,100,41,83,3.5,4.3,251.7,79.11,100,56,88,2.3,7846.6,241.2,79.11,100,51,86,23675.9,5758.1,29.0,8,14
1782840137.046,559.523,251.5,79.11,100,46,88,3.4,2969.8,252.2,79.11,100,43,83,16261.6,17060.3,253.0,79.11,100,59,88,3.5,4.3,244.6,79.11,100,43,86,1.9,1470.3,29.0,8,14
1782840137.489,559.966,250.5,79.11,100,51,88,20276.5,4.1,249.9,79.11,100,49,83,2.6,4.5,251.5,79.11,100,57,88,6683.6,13160.5,246.2,79.11,100,40,86,16089.6,4.4,29.0,8,14
1782840137.931,560.407,250.1,79.11,100,51,88,1.7,1517.0,250.2,79.11,100,49,83,17471.5,17106.7,252.0,79.11,100,56,88,1.9,4.7,247.4,79.11,100,41,86,1.9,9962.8,29.0,8,14
1782840138.373,560.850,250.1,79.11,100,51,88,830.0,3.9,248.9,79.11,100,47,83,1.8,3.7,251.8,79.11,100,55,88,19020.1,12521.9,247.8,79.11,100,41,86,5209.2,4.5,29.0,8,14
1782840138.814,561.291,250.9,79.11,100,49,88,5.0,17112.0,249.1,79.11,100,49,83,20706.1,4.9,249.6,79.11,100,55,88,1.9,4.8,247.5,79.11,100,40,86,7913.6,13655.9,29.0,8,14
1782840139.259,561.736,250.8,79.11,100,51,88,3.8,13360.8,249.1,79.11,100,49,83,16189.9,6642.7,247.8,79.11,100,41,88,4.3,5.5,246.7,79.11,100,39,86,17097.1,13302.0,29.0,8,14
1782840139.700,562.177,247.5,79.11,100,36,88,18166.1,13252.4,248.5,79.11,100,43,83,6407.7,7.0,249.9,79.11,100,40,88,8.7,11773.6,246.7,79.11,100,39,86,15979.9,8016.0,32.0,9,13
1782840140.143,562.620,249.3,79.11,100,42,88,3.7,4.1,249.9,79.11,100,48,83,16326.3,13580.7,249.9,79.11,100,40,88,7258.2,4.4,243.7,79.11,100,38,86,2.3,3.9,32.0,9,13
1782840140.585,563.061,250.5,79.11,100,54,88,2204.5,15238.1,248.2,79.11,100,62,84,20705.2,4.0,244.2,79.11,100,57,88,1.8,4.1,236.8,79.11,100,47,86,1088.5,14010.7,32.0,9,13
1782840141.027,563.504,250.3,79.11,100,41,89,19398.3,3.8,247.8,79.11,100,41,82,1.8,4.3,249.7,79.11,100,59,88,1109.8,16792.8,244.4,79.11,100,59,86,20753.3,4.8,32.0,9,13
1782840141.469,563.946,249.4,79.11,100,41,88,1.7,4.0,250.0,79.11,100,43,82,20348.8,12535.6,254.8,79.11,100,40,88,4125.0,4.4,253.7,79.11,100,58,85,2.2,586.5,32.0,9,13
1782840141.912,564.389,249.4,79.11,100,41,88,4.0,5.0,249.2,79.11,100,41,82,506.1,17147.3,248.5,79.11,100,40,88,20751.1,7.5,251.4,79.11,100,51,85,2.1,518.4,32.0,9,13
1782840142.356,564.833,248.2,79.11,100,37,89,3.6,2854.2,249.2,79.11,100,39,83,16869.7,16958.9,247.4,79.11,100,40,88,4.2,5.7,242.2,79.11,100,38,86,7275.6,13525.4,32.0,9,13
1782840142.799,565.276,248.1,79.11,100,35,88,4821.1,13416.6,249.2,79.11,100,39,83,19032.2,4.7,248.7,79.11,100,43,88,2.3,4.1,239.2,79.11,100,39,86,20326.1,17222.8,32.0,9,13
1782840143.244,565.721,249.3,79.11,100,43,88,1.8,4.0,251.3,79.11,100,48,83,20245.2,17108.2,249.4,79.11,100,39,88,3.2,4.6,244.4,79.11,100,39,86,1.9,1361.9,32.0,9,13
1782840143.686,566.163,250.5,79.11,100,38,88,6652.7,7.4,250.7,79.11,100,48,83,6.2,9256.1,249.6,79.11,100,40,87,15795.5,10572.8,244.4,79.11,100,39,86,14.6,4.5,32.0,9,13
1782840144.139,566.616,250.0,79.11,100,38,88,15157.5,12662.9,247.8,79.11,100,41,82,10166.2,4.2,249.6,79.11,100,40,87,3.1,5.0,247.5,79.11,100,40,85,13780.7,13516.9,32.0,9,13
1782840144.582,567.058,249.9,79.11,100,39,88,1.7,4.0,250.7,79.11,100,44,82,1.7,13792.7,250.8,79.11,100,40,87,15493.0,6514.9,247.8,79.11,100,46,85,3.2,6.6,32.0,9,13
1782840145.024,567.501,249.6,79.11,100,39,88,20707.0,14454.5,251.2,79.11,100,46,83,2353.5,4.2,250.1,79.11,100,43,87,2.8,16.3,246.7,79.11,100,44,85,19745.5,16056.4,32.0,9,13
1782840145.466,567.943,249.9,79.11,100,39,88,3.4,4.2,250.2,79.11,100,44,83,520.7,17128.9,249.7,79.11,100,40,87,20751.8,4.1,246.6,79.11,100,43,85,1.7,4.5,32.0,9,13
1782840145.909,568.385,249.9,79.11,100,39,88,16028.5,8158.0,250.6,79.11,100,44,83,6.8,7.6,248.6,79.11,100,42,87,2053.5,15529.5,247.8,79.11,100,43,85,20752.7,4.7,32.0,9,13
1782840146.352,568.829,249.2,79.11,100,38,88,15710.2,5135.4,250.7,79.11,100,42,83,2.1,5.2,249.9,79.11,100,38,88,14419.4,13382.2,245.6,79.11,100,41,86,9450.3,5.5,32.0,9,13
1782840146.794,569.271,250.2,79.11,100,37,88,9498.3,4.8,250.7,79.11,100,42,83,3.9,9451.8,249.6,79.11,100,40,87,27721.1,12702.3,243.2,79.11,100,41,86,18867.2,12721.0,35.0,10,12
1782840147.236,569.713,249.1,79.11,100,37,87,1.7,8107.5,249.3,79.11,100,41,83,16231.9,12054.4,243.7,79.11,100,47,88,2.0,3.9,239.2,79.11,100,52,85,1.8,541.0,35.0,10,12
1782840147.679,570.155,248.4,79.11,100,42,88,8578.2,15428.8,245.8,79.11,100,45,82,7549.4,9.8,248.2,79.11,100,45,88,8.3,9.2,239.2,79.11,100,52,85,14543.4,12741.0,35.0,10,12
1782840148.131,570.607,250.9,79.11,100,53,88,1.6,3.7,252.0,79.11,100,65,83,1.8,3.5,248.2,79.11,100,45,88,15545.0,12712.9,239.7,79.11,100,38,86,9316.8,4.7,35.0,10,12
1782840148.572,571.049,251.4,79.11,100,48,88,1.7,17118.6,254.0,79.11,100,45,83,20704.9,4.5,256.4,79.11,100,65,88,2.7,4.5,248.3,79.11,100,48,86,1134.8,16767.2,35.0,10,12
1782840149.013,571.490,250.9,79.11,100,40,88,1.9,17116.0,248.6,79.11,100,41,83,17749.9,2271.0,253.0,79.11,100,53,88,2.9,516.5,246.7,79.11,100,43,86,19725.4,17193.0,35.0,10,12
1782840149.456,571.933,248.6,79.11,100,36,88,18990.6,17112.0,248.7,79.11,100,41,82,2.8,5.6,246.9,79.11,100,37,88,9389.6,13492.3,246.7,79.11,100,38,86,14580.5,5.4,35.0,10,12
1782840149.898,572.375,248.6,79.11,100,36,88,16990.3,8825.9,247.9,79.11,100,40,83,1.9,7.6,246.2,79.11,100,40,89,2564.1,15220.7,244.1,79.11,100,39,85,20342.7,4.4,35.0,10,12
1782840150.340,572.816,248.5,79.11,100,37,88,1.9,13332.3,250.1,79.11,100,42,83,15295.4,7349.9,250.8,79.11,100,41,88,3.0,5.1,244.6,79.11,100,52,86,1130.2,16748.9,35.0,10,12
1782840150.783,573.260,249.8,79.11,100,37,88,2.8,7.0,250.1,79.11,100,42,83,1.9,14076.5,252.4,79.11,100,47,88,15492.2,6532.5,244.6,79.11,100,49,86,2.4,4.5,35.0,10,12
1782840151.225,573.702,250.8,79.11,100,42,88,15159.0,12818.6,251.4,79.11,100,43,83,9966.8,4.2,249.8,79.11,100,54,88,2.8,4.3,247.7,79.11,100,54,86,13405.4,12699.4,35.0,10,12
1782840151.668,574.145,250.3,79.11,100,40,88,4.3,4.0,249.8,79.11,100,43,83,1.7,12436.8,249.8,79.11,100,54,88,24738.7,247.6,247.7,79.11,100,54,86,12.8,6.8,35.0,10,12
1782840152.119,574.596,248.9,79.11,100,39,88,15506.6,15752.1,249.6,79.11,100,42,82,4.4,4.4,250.2,79.11,100,52,88,2.4,8955.6,249.4,79.11,100,57,86,15278.1,9738.4,35.0,10,12
1782840152.561,575.038,249.6,79.11,100,40,88,3.4,4.2,249.9,79.11,100,43,83,18716.9,13065.1,250.2,79.11,100,51,88,5217.1,4.4,247.5,79.11,100,53,86,2.6,41.0,35.0,10,12
1782840153.001,575.478,250.5,79.11,100,38,88,486.5,4.3,249.2,79.11,100,41,83,1.9,4182.8,249.9,79.11,100,53,88,16139.1,15642.4,248.0,79.11,100,54,86,3.8,5.6,35.0,10,12
1782840153.442,575.919,247.8,79.11,100,36,88,2.3,5.4,248.5,79.11,100,43,83,10316.1,13549.9,247.7,79.11,100,39,88,12665.4,5.6,244.1,79.11,100,38,86,2.7,9961.8,35.0,10,12
1782840153.884,576.361,247.8,79.11,100,36,88,15670.7,16292.7,250.9,79.11,100,45,83,15203.8,17415.0,248.6,79.11,100,44,88,22476.4,11179.8,243.3,79.11,100,40,86,2.6,4.3,38.0,11,11
1782840154.331,576.807,248.1,79.11,98,38,90,1.6,17114.8,249.3,79.11,100,49,83,20706.7,4.2,247.7,79.11,100,62,88,2.7,3.9,239.1,79.11,100,46,86,1.7,725.6,38.0,11,11
1782840154.773,577.250,252.3,79.11,100,54,88,15065.7,4757.6,249.3,79.11,100,49,83,2.6,4.5,248.9,79.11,100,40,88,2.8,11620.3,245.6,79.11,100,57,85,15379.3,9002.9,38.0,11,11
1782840155.223,577.700,250.2,79.11,100,40,88,1.8,4.1,246.9,79.11,100,42,82,4.3,17211.5,249.8,79.11,100,40,87,17804.8,2226.4,251.3,79.11,100,39,85,3.1,4.5,38.0,11,11
1782840155.665,578.142,248.2,79.11,100,41,88,17752.7,17108.8,250.4,79.11,100,57,83,3.1,10.5,249.8,79.11,100,40,87,14290.3,13454.0,251.3,79.11,100,39,85,9721.4,5.6,38.0,11,11
1782840156.118,578.595,248.9,79.11,100,37,89,7871.0,5.2,248.8,79.11,100,41,82,4.6,17170.0,248.9,79.11,100,39,88,18008.9,2134.8,246.0,79.11,100,37,85,2.1,4.8,38.0,11,11
1782840156.559,579.036,249.0,79.11,100,36,88,3.7,4.7,250.6,79.11,100,45,83,20235.9,17109.4,248.6,79.11,100,39,88,3.6,4.9,242.7,79.11,100,38,85,1.9,15375.1,38.0,11,11
1782840157.001,579.478,251.0,79.11,100,43,88,1.8,4.0,252.3,79.11,100,44,83,517.4,17148.4,250.6,79.11,100,44,88,20748.3,5.2,241.0,79.11,100,40,86,3.9,4.6,38.0,11,11
1782840157.444,579.921,251.2,79.11,100,41,88,20705.8,3.8,252.1,79.11,100,51,83,2.6,4.2,250.9,79.11,100,42,88,1097.7,16799.6,243.0,79.11,100,38,85,20751.5,5.0,38.0,11,11
1782840157.885,580.362,251.2,79.11,100,41,88,9.6,11953.6,249.5,79.11,100,57,83,15337.6,8931.6,247.8,79.11,100,39,87,8.7,4.4,246.7,79.11,100,41,84,490.4,12707.8,38.0,11,11
1782840158.335,580.812,249.4,79.11,100,40,88,9116.5,4.1,249.7,79.11,100,59,83,2.2,4.2,250.2,79.11,100,40,87,18061.9,12824.5,246.3,79.11,100,40,85,6487.2,4.4,38.0,11,11
1782840158.776,581.253,250.6,79.11,100,41,88,6.8,9779.0,249.7,79.11,100,59,83,15219.9,11075.6,250.8,79.11,100,41,87,2.3,4.5,247.5,79.11,100,40,85,499.4,17239.9,38.0,11,11
1782840159.218,581.695,250.6,79.11,100,45,88,1.9,3.9,252.6,79.11,100,61,83,3.4,15.1,249.4,79.11,100,40,87,19732.1,16242.1,246.1,79.11,100,40,85,3.0,4.7,38.0,11,11
1782840159.660,582.137,249.9,79.11,100,44,88,561.5,16549.5,252.0,79.11,100,62,83,20704.6,7.9,249.4,79.11,100,40,87,10.8,6.9,246.1,79.11,100,40,85,20125.5,14103.9,38.0,11,11
1782840160.109,582.585,249.8,79.11,100,38,88,2.1,17112.1,250.5,79.11,100,53,83,20427.4,5.7,249.7,79.11,100,41,87,3.1,15.9,247.2,79.11,100,39,84,19739.5,17200.2,38.0,11,11
1782840160.551,583.028,250.4,79.11,100,37,88,20706.8,17110.7,249.8,79.11,100,42,83,4.7,5.2,251.1,79.11,100,39,88,494.6,17292.8,246.5,79.11,100,41,86,20726.0,6.0,41.0,12,10
1782840160.994,583.471,247.5,79.11,98,21,90,1.9,4.1,247.5,79.11,98,36,82,20718.5,15058.7,249.4,79.11,100,41,88,955.0,4.3,243.2,79.11,100,39,86,1.9,5.4,41.0,12,10
1782840161.437,583.914,250.0,79.11,100,48,88,6891.3,12558.7,250.8,79.11,100,64,83,18041.6,3.8,244.6,79.11,100,44,87,3.1,3.9,239.1,79.11,100,43,85,1087.9,11406.1,41.0,12,10
1782840161.879,584.356,250.0,79.11,100,48,88,20707.1,3.7,250.8,79.11,100,42,83,2.8,10.2,251.4,79.11,100,61,88,1111.0,16785.2,241.3,79.11,100,50,86,20753.4,4.2,41.0,12,10
1782840162.325,584.802,253.3,79.11,100,47,88,1.7,4.2,248.2,79.11,100,44,83,20007.4,12784.5,254.8,79.11,100,45,88,4434.6,4.6,251.7,79.11,100,58,86,2.2,572.3,41.0,12,10
1782840162.767,585.243,250.8,79.11,100,39,89,10.0,5.3,248.2,79.11,100,44,83,522.5,17115.0,249.0,79.11,100,44,88,20747.7,5.3,247.5,79.11,100,43,86,3.2,569.4,41.0,12,10
1782840163.212,585.689,249.3,79.11,100,39,88,2.0,11336.8,250.0,79.11,100,41,83,16123.7,8662.3,247.2,79.11,100,39,88,2.1,5.5,247.5,79.11,100,43,86,15183.0,13257.2,41.0,12,10
1782840163.654,586.131,249.1,79.11,100,36,88,13807.4,12920.6,248.9,79.11,100,42,82,10919.2,7.5,247.2,79.11,100,39,88,5.4,582.8,244.9,79.11,100,42,86,18641.8,17213.6,41.0,12,10
1782840164.576,587.053,249.5,79.11,100,37,89,3.5,4.3,249.7,79.11,100,40,83,20245.0,17107.0,250.4,79.11,100,38,88,3.7,4.4,243.5,79.11,100,48,85,1.8,636.0,41.0,12,10
1782840165.018,587.495,250.5,79.11,100,38,88,20704.2,3.9,249.7,79.11,100,41,82,3.4,4.3,252.8,79.11,100,47,88,1126.4,16733.7,246.6,79.11,100,54,86,20755.2,4.5,41.0,12,10
1782840165.459,587.936,249.9,79.11,100,38,88,1.7,7797.4,250.5,79.11,100,43,82,15920.6,12560.6,250.1,79.11,100,45,88,2.8,4.5,247.0,79.11,100,55,86,1.8,7406.2,41.0,12,10
1782840165.903,588.380,249.9,79.11,100,38,88,846.1,4.3,249.0,79.11,100,41,82,2.9,1072.0,249.3,79.11,100,46,88,16935.1,15764.2,247.5,79.11,100,55,86,3.6,4.5,41.0,12,10
1782840166.353,588.830,250.0,79.11,100,37,88,20707.8,17108.9,249.6,79.11,100,41,83,2.4,4.5,250.6,79.11,100,55,88,1.9,591.1,244.7,79.11,100,55,86,19697.4,17198.9,41.0,12,10
1782840166.794,589.271,249.6,79.11,100,38,88,5.2,13588.7,249.6,79.11,100,41,83,15623.5,7118.2,250.2,79.11,100,47,88,2.1,5.1,242.6,79.11,100,41,86,4602.4,13948.0,41.0,12,10
1782840167.235,589.712,249.7,79.11,100,41,88,6880.6,13499.4,250.3,79.11,100,44,83,17256.2,5.6,248.6,79.11,100,40,88,3.0,11686.6,246.3,79.11,100,44,86,15967.0,8138.3,41.0,12,10
1782840167.676,590.153,248.7,79.11,100,35,88,21747.5,17110.2,248.1,79.11,100,41,83,20707.6,14319.5,248.6,79.11,100,40,88,19042.7,12907.7,246.3,79.11,100,44,86,18962.5,13704.6,43.0,13,9
1782840168.117,590.594,243.4,79.11,100,12,89,1.8,3.7,242.2,79.11,100,13,82,1.8,77.0,245.2,79.11,98,28,87,19717.3,17200.7,239.4,79.11,98,13,85,4.2,4.0,43.0,13,9
1782840168.558,591.035,251.2,79.11,100,61,88,1.7,6.2,251.5,79.11,100,60,83,9605.5,12878.1,247.0,79.11,100,56,88,14781.8,4.4,235.7,79.11,100,41,86,2.8,4.5,43.0,13,9
1782840169.000,591.477,256.3,79.11,100,41,88,8402.2,12973.7,255.7,79.11,100,43,82,16221.6,4.4,250.6,79.11,100,51,88,3.4,4.4,243.7,79.11,100,58,86,13008.0,13338.4,43.0,13,9
1782840169.442,591.919,250.1,79.11,100,37,87,1.7,4.0,248.7,79.11,100,41,83,498.7,17172.8,253.4,79.11,100,39,88,20752.4,5.6,250.3,79.11,100,51,85,2.1,23.4,43.0,13,9
1782840169.886,592.362,250.1,79.11,100,37,87,3.7,5.3,249.5,79.11,100,42,83,20238.9,17108.0,249.8,79.11,100,43,88,6.8,10.7,246.1,79.11,100,42,86,8674.1,13665.2,43.0,13,9
1782840170.337,592.814,249.5,79.11,100,40,88,20709.5,17109.1,250.6,79.11,100,39,83,3.7,5.2,249.8,79.11,100,39,88,1079.8,16787.6,242.5,79.11,100,41,86,20759.6,5.5,43.0,13,9
1782840170.779,593.256,249.7,79.11,100,33,88,20708.9,17117.1,250.6,79.11,100,39,83,2.7,4.4,247.1,79.11,100,39,87,3.5,609.0,242.2,79.11,100,38,85,19703.0,17209.3,43.0,13,9
1782840171.223,593.700,248.3,79.11,100,37,88,1.9,3.6,249.4,79.11,100,44,83,20220.2,17110.1,249.3,79.11,100,38,87,1.8,4.3,244.2,79.11,100,42,85,3.5,630.2,43.0,13,9
1782840171.665,594.142,249.4,79.11,100,38,88,10423.6,4.0,249.0,79.11,100,41,82,1.9,8.9,249.3,79.11,100,38,87,20329.5,17206.0,244.2,79.11,100,42,85,4.6,4.4,43.0,13,9
1782840172.115,594.592,250.5,79.11,100,39,88,1.7,17119.1,249.2,79.11,100,43,83,20704.9,4.3,251.5,79.11,100,41,88,2.3,4.5,247.0,79.11,100,55,85,1158.1,16749.6,43.0,13,9
1782840172.559,595.036,249.8,79.11,100,39,88,1.8,4.1,250.5,79.11,100,43,83,1.8,82.8,250.8,79.11,100,39,88,19697.5,17200.1,247.8,79.11,100,52,85,2.9,5.7,43.0,13,9
1782840173.007,595.484,249.9,79.11,100,38,87,20709.8,17107.4,250.0,79.11,100,40,83,1.7,4.3,249.7,79.11,100,39,88,2.7,545.7,246.8,79.11,100,48,85,19727.1,17209.6,43.0,13,9
1782840173.448,595.925,249.5,79.11,100,38,88,1.8,4.1,249.4,79.11,100,41,83,7754.8,13004.0,250.1,79.11,100,39,88,16318.6,4.6,247.4,79.11,100,53,85,2.3,5.5,43.0,13,9
1782840173.890,596.366,249.5,79.11,100,38,88,2.6,5.4,250.2,79.11,100,41,83,490.2,17167.6,249.5,79.11,100,41,88,20757.1,14.9,244.6,79.11,100,45,86,6.4,4424.9,43.0,13,9
1782840174.340,596.816,250.2,79.11,100,38,88,2.0,7652.9,248.3,79.11,100,40,82,16467.5,12205.7,248.1,79.11,100,39,88,3.1,5.2,243.7,79.11,100,38,85,6102.1,14351.1,46.0,14,8
1782840174.784,597.261,248.8,79.11,100,36,89,3.5,6.9,248.3,79.11,100,40,82,1.7,8598.4,242.7,79.11,100,10,87,16701.7,10743.2,235.4,79.11,100,11,86,1.8,4.4,46.0,14,8
1782840175.226,597.703,246.2,79.11,100,46,88,1.7,2.8,243.1,79.11,100,37,83,20225.4,17109.1,249.5,79.11,100,47,88,1.7,4.1,240.8,79.11,100,67,85,3.4,3.3,46.0,14,8
1782840175.668,598.145,250.2,79.11,100,41,88,19959.7,17109.6,249.0,79.11,100,42,82,1.9,10.3,249.5,79.11,100,47,88,11.3,2547.8,240.8,79.11,100,67,85,17180.0,17201.8,46.0,14,8
1782840176.119,598.596,254.5,79.11,100,42,88,1.8,10.3,255.6,79.11,100,61,83,525.6,17114.9,249.1,79.11,100,42,87,20750.6,4.6,249.2,79.11,100,41,84,6.2,4.6,46.0,14,8
1782840176.563,599.040,249.3,79.11,100,40,88,15998.4,5.0,251.2,79.11,100,53,83,2.1,4988.6,248.9,79.11,100,39,87,16361.2,14794.1,246.4,79.11,100,38,84,2.0,5.5,46.0,14,8
1782840177.006,599.482,250.0,79.11,100,36,88,2.9,5.8,248.0,79.11,100,41,83,12475.4,13298.1,249.9,79.11,100,41,88,11327.1,5.5,248.1,79.11,100,45,86,2.6,11422.0,46.0,14,8
1782840177.448,599.925,249.1,79.11,100,36,88,1.9,9596.0,248.2,79.11,100,39,82,15924.5,10598.4,249.4,79.11,100,38,88,2.8,4.9,243.6,79.11,100,37,85,1111.7,16788.8,46.0,14,8
1782840177.889,600.366,249.1,79.11,100,36,88,4.3,4.3,251.5,79.11,100,52,83,499.8,17177.5,250.2,79.11,100,44,88,20755.9,6.0,241.3,79.11,100,38,86,2.7,5.3,46.0,14,8
1782840178.332,600.809,251.2,79.11,100,51,88,14867.6,6208.0,253.3,79.11,100,62,83,3.5,4.5,251.1,79.11,100,43,88,1092.2,16793.4,244.4,79.11,100,39,86,20752.9,5.1,46.0,14,8
1782840178.773,601.250,250.9,79.11,100,51,88,6.8,6.5,253.3,79.11,100,62,83,20241.5,17108.4,249.9,79.11,100,44,88,2.0,4.4,245.8,79.11,100,39,85,1.9,576.0,46.0,14,8
1782840179.215,601.692,250.1,79.11,100,49,88,20705.2,4.4,250.9,79.11,100,61,83,1.8,4.3,250.3,79.11,100,50,88,1098.8,16783.7,245.8,79.11,100,39,85,20764.6,4.8,46.0,14,8
1782840179.657,602.134,251.4,79.11,100,51,88,1.9,3.7,249.8,79.11,100,58,83,20223.6,17109.8,250.3,79.11,100,50,88,5.0,9.9,246.6,79.11,100,39,86,8.0,3822.0,46.0,14,8
1782840180.104,602.581,250.4,79.11,100,49,88,14015.9,4.2,249.7,79.11,100,56,83,1.8,4.3,250.8,79.11,100,49,88,19350.7,14530.1,247.8,79.11,100,39,86,1372.4,4.5,46.0,14,8
1782840180.550,603.026,249.7,79.11,100,50,88,8656.4,13041.3,251.1,79.11,100,57,83,15707.1,5.1,251.0,79.11,100,49,88,2.0,539.7,248.1,79.11,100,39,86,19716.6,17200.2,46.0,14,8
1782840180.992,603.469,248.2,79.11,100,38,88,15983.4,13107.9,249.2,79.11,100,51,83,8650.9,5.9,248.8,79.11,100,39,87,3.6,8916.0,246.3,79.11,100,39,85,15637.1,11195.8,46.0,14,8
1782840181.438,603.915,250.1,79.11,100,38,88,15635.6,7343.3,249.0,79.11,100,44,83,4.8,5.3,251.7,79.11,100,39,88,13978.9,22865.4,244.6,79.11,100,38,86,16748.4,17553.8,49.0,15,7
1782840181.882,604.359,250.1,79.11,100,38,88,3.4,4.0,247.0,79.11,100,67,83,11004.7,18118.0,242.8,79.11,100,11,88,5610.1,6.4,236.4,79.11,99,29,85,2.2,3.9,49.0,15,7
1782840182.331,604.808,248.5,79.11,100,51,89,1.7,17109.5,249.0,79.11,100,45,83,17359.5,2601.4,248.8,79.11,100,67,88,2.8,4.2,244.0,79.11,100,46,86,261.0,11099.3,49.0,15,7
1782840182.774,605.251,251.2,79.11,100,51,88,20709.8,6.7,249.0,79.11,100,45,83,2.8,4.2,257.7,79.11,100,50,88,499.5,16509.5,252.7,79.11,100,63,85,16395.7,3621.7,49.0,15,7
1782840183.218,605.695,255.6,79.11,100,41,87,1.8,1582.9,252.5,79.11,100,44,83,17604.1,17106.6,248.8,79.11,100,38,88,1.8,4.6,245.7,79.11,100,51,85,3.5,5180.5,49.0,15,7
1782840183.660,606.137,249.2,79.11,100,37,88,2.0,83.2,248.5,79.11,100,41,83,19320.8,17110.7,248.8,79.11,100,38,88,5.8,10.8,245.7,79.11,100,51,85,12507.1,13222.0,49.0,15,7
1782840184.108,606.585,248.5,79.11,100,36,88,20707.5,15044.2,251.1,79.11,100,42,83,1441.1,5.6,247.4,79.11,100,44,88,1080.2,16772.5,241.7,79.11,100,39,85,20748.6,5.7,49.0,15,7
1782840184.550,607.027,249.4,79.11,100,40,88,20707.4,17110.8,250.6,79.11,100,43,83,3.6,5.2,249.0,79.11,100,38,88,1.8,17314.4,241.0,79.11,100,37,86,18357.0,1912.7,49.0,15,7
1782840184.991,607.468,249.4,79.11,100,38,88,3.5,6995.9,249.5,79.11,100,49,83,16113.2,13113.0,249.1,79.11,100,40,89,8.2,5.6,243.2,79.11,100,41,86,1116.5,16782.2,49.0,15,7
1782840185.437,607.914,249.4,79.11,100,39,88,1.8,4.0,248.3,79.11,100,44,82,3.7,7497.2,249.3,79.11,100,41,88,15761.2,12711.8,245.2,79.11,100,51,84,3.2,4.5,49.0,15,7
1782840185.878,608.355,249.4,79.11,100,39,88,7379.8,12873.8,250.2,79.11,100,43,82,17288.0,4.3,250.8,79.11,100,41,88,5.5,7.1,245.8,79.11,100,53,85,6555.2,12706.4,49.0,15,7
1782840186.322,608.798,250.4,79.11,100,39,88,1.8,4.0,249.8,79.11,100,44,82,1.7,10435.2,249.6,79.11,100,40,88,15504.5,10029.0,245.8,79.11,100,50,85,3.7,4.4,49.0,15,7
1782840186.763,609.240,249.8,79.11,100,39,88,20713.0,17110.9,249.8,79.11,100,44,82,4.0,4.4,249.8,79.11,100,40,88,1.8,3162.6,246.9,79.11,100,49,85,16750.9,16707.6,49.0,15,7
1782840187.209,609.685,249.2,79.11,100,38,88,1.8,4.2,248.9,79.11,100,41,82,10241.6,13068.1,248.9,79.11,100,40,88,13880.1,4.2,246.9,79.11,100,49,85,3.6,4.2,49.0,15,7
1782840187.650,610.127,250.1,79.11,100,39,88,10884.1,4.4,250.1,79.11,100,43,82,3.6,55.5,248.9,79.11,100,40,88,19707.7,17194.5,247.0,79.11,100,52,85,8.2,7.9,49.0,15,7
1782840188.097,610.574,250.2,79.11,100,36,88,3.7,5.2,251.3,79.11,100,40,83,10013.8,13475.1,250.0,79.11,100,45,88,13611.2,5.5,244.6,79.11,100,47,86,2.9,8928.0,49.0,15,7
1782840188.539,611.016,249.3,79.11,100,37,88,15469.8,16138.3,249.1,79.11,100,41,84,15802.8,16108.2,248.8,79.11,100,38,87,18239.5,17197.7,243.2,79.11,100,40,86,3.4,4.1,52.0,16,6
1782840188.980,611.457,248.9,79.11,100,43,88,5.1,17112.5,245.2,79.11,100,49,82,16797.6,3170.5,242.6,79.11,100,51,88,3.4,5.5,237.9,79.11,100,63,86,7.9,704.4,52.0,16,6
1782840189.424,611.901,248.9,79.11,100,43,88,17308.0,17108.6,250.4,79.11,100,50,83,2.0,4.3,248.0,79.11,100,39,87,1.8,600.3,239.5,79.11,100,48,85,19716.6,17221.0,52.0,16,6
1782840189.866,612.342,249.6,79.11,100,41,88,1.8,4.1,256.5,79.11,100,67,83,1.9,1991.4,254.2,79.11,100,44,87,17172.5,17191.8,248.1,79.11,100,39,86,4.9,4.5,52.0,16,6
1782840190.311,612.787,252.6,79.11,100,53,88,20706.4,15971.7,252.7,79.11,100,55,83,8.3,5.2,249.1,79.11,100,45,88,1075.2,16802.7,248.3,79.11,100,39,85,20748.5,6.1,52.0,16,6
1782840190.757,613.234,249.9,79.11,100,46,88,20710.1,5.6,252.7,79.11,100,55,83,4.6,9245.8,250.5,79.11,100,39,88,16051.2,10506.8,245.7,79.11,100,39,86,2.9,5.5,52.0,16,6
1782840191.206,613.683,249.3,79.11,100,34,88,1.9,5.0,247.3,79.11,100,39,83,19965.3,13036.5,249.0,79.11,100,39,87,4125.7,5.2,245.7,79.11,100,39,86,3.2,7022.9,52.0,16,6
1782840191.649,614.126,249.6,79.11,100,37,88,1.7,4.1,246.8,79.11,100,41,84,3.3,17201.1,249.0,79.11,100,39,87,20108.8,11.3,243.5,79.11,100,43,85,8.3,6.5,52.0,16,6
1782840192.103,614.580,250.7,79.11,100,45,88,18731.4,4.0,251.1,79.11,100,41,83,1.8,4.2,251.4,79.11,100,55,88,2315.0,15332.8,243.4,79.11,100,44,86,20415.3,4.9,52.0,16,6
1782840192.545,615.022,250.7,79.11,100,46,88,1.7,16962.1,252.1,79.11,100,49,83,16517.0,3498.8,251.7,79.11,100,55,88,2.6,4.2,243.5,79.11,100,39,86,502.1,14827.5,52.0,16,6
1782840192.991,615.467,250.7,79.11,100,52,88,3.6,4.0,249.8,79.11,100,56,83,1.9,67.6,248.1,79.11,100,51,88,19705.8,17198.0,244.6,79.11,100,39,86,2.9,4.4,52.0,16,6
1782840193.435,615.912,250.6,79.11,100,54,88,1.8,17109.9,250.1,79.11,100,55,83,18844.6,1501.9,251.9,79.11,100,55,88,1.8,4.6,249.0,79.11,100,39,86,1131.9,16769.1,52.0,16,6
1782840193.880,616.357,250.6,79.11,100,54,88,1.7,4.0,250.3,79.11,100,52,83,1.8,11640.1,250.9,79.11,100,54,88,16590.3,5365.4,248.5,79.11,100,39,86,2.4,4.5,52.0,16,6
1782840194.330,616.807,250.0,79.11,100,49,88,20708.4,17113.3,249.8,79.11,100,54,83,1.9,4.4,251.7,79.11,100,55,88,9.8,9145.2,246.5,79.11,100,40,86,15565.4,11406.6,52.0,16,6
1782840194.773,617.250,251.0,79.11,100,51,88,13199.4,13192.8,249.8,79.11,100,54,83,11346.7,5.5,249.6,79.11,100,40,87,2.1,10625.0,244.9,79.11,100,39,86,16306.5,9310.4,52.0,16,6
1782840195.213,617.690,247.5,79.11,100,35,88,15924.9,5664.1,248.4,79.11,100,44,83,2.0,5.1,248.2,79.11,100,42,88,10988.6,14229.3,244.9,79.11,100,39,86,11908.5,5.6,55.0,17,5
1782840195.657,618.134,248.0,79.11,100,42,88,2.8,14480.2,249.8,79.11,100,48,83,16391.7,5480.7,248.2,79.11,100,42,88,13.1,7.8,243.7,79.11,100,38,85,861.3,16816.8,55.0,17,5
1782840196.103,618.580,250.6,79.11,100,50,88,15310.5,7762.8,248.9,79.11,100,64,84,1.6,4.0,245.3,79.11,100,51,88,3.5,600.9,238.5,79.11,100,47,85,19722.9,17201.4,55.0,17,5
1782840196.545,619.022,251.4,79.11,100,43,87,3.1,3.8,248.0,79.11,100,41,83,3.4,1932.0,250.8,79.11,100,67,88,17261.7,17197.0,245.3,79.11,100,53,86,3.8,4.2,55.0,17,5
1782840196.988,619.464,249.9,79.11,100,40,87,3.3,17118.0,249.5,79.11,100,43,83,20706.0,5.9,254.8,79.11,100,43,88,3.5,4.6,250.5,79.11,100,62,85,7226.3,12946.4,55.0,17,5
1782840197.433,619.910,248.3,79.11,100,37,88,2.0,5169.1,247.3,79.11,100,41,84,16542.3,14509.1,248.3,79.11,100,40,88,2.2,5.5,247.8,79.11,100,54,85,3149.2,14417.4,55.0,17,5
1782840197.877,620.354,248.3,79.11,100,37,88,13584.7,13159.0,249.3,79.11,100,41,83,10787.3,5.7,246.4,79.11,100,39,87,5.6,14071.8,241.2,79.11,100,38,85,15891.1,5907.3,55.0,17,5
1782840198.319,620.796,248.2,79.11,100,35,88,15819.5,11219.1,251.3,79.11,100,46,83,1.9,4.7,247.6,79.11,100,44,88,1088.7,16781.8,239.7,79.11,100,39,85,20755.7,10.9,55.0,17,5
1782840198.763,621.240,249.0,79.11,100,42,88,8.1,17116.5,251.3,79.11,100,46,83,20705.7,4.4,250.2,79.11,100,40,88,1.9,4.7,242.5,79.11,100,38,86,6614.9,13111.8,55.0,17,5
1782840199.207,621.684,250.2,79.11,100,38,88,3.4,4.2,250.5,79.11,100,47,83,519.8,17114.8,250.5,79.11,100,39,87,20749.8,4.3,242.5,79.11,100,38,86,2.9,4.7,55.0,17,5
1782840199.648,622.125,250.2,79.11,100,38,88,20707.4,17106.8,247.2,79.11,100,41,82,3.4,6.2,250.5,79.11,100,39,87,6.3,5940.1,246.4,79.11,100,43,85,15580.2,12583.8,55.0,17,5
1782840200.097,622.574,250.8,79.11,100,39,88,3.4,4.0,249.3,79.11,100,41,82,8015.7,13008.2,250.8,79.11,100,41,87,16334.9,4.3,247.2,79.11,100,47,84,2.8,4.3,55.0,17,5
1782840200.538,623.015,249.9,79.11,100,39,88,15780.2,13133.5,251.4,79.11,100,47,83,2.0,4.4,249.8,79.11,100,41,87,2.5,8545.0,246.9,79.11,100,44,85,15554.1,11982.4,55.0,17,5
1782840200.980,623.457,250.0,79.11,100,39,88,5.0,4.2,250.5,79.11,100,46,83,13853.3,13055.0,248.1,79.11,100,41,87,10415.8,4.5,245.7,79.11,100,41,85,2.7,3.8,55.0,17,5
1782840201.421,623.898,250.0,79.11,100,39,88,20707.2,4.3,250.8,79.11,100,47,83,2.2,5.1,248.6,79.11,100,40,87,13013.7,13479.1,245.3,79.11,100,41,85,10122.6,4.8,55.0,17,5
1782840201.863,624.340,249.0,79.11,100,38,88,20705.0,5.0,250.4,79.11,100,41,83,3.7,4.6,251.0,79.11,100,38,88,20309.7,17195.5,245.4,79.11,100,40,86,5.2,5.7,55.0,17,5
1782840202.309,624.786,250.0,79.11,100,36,88,3.6,5.0,250.4,79.11,100,41,83,499.1,18857.2,248.3,79.11,100,38,88,17345.2,17201.2,242.6,79.11,100,41,85,20745.9,17209.6,58.0,18,4
1782840202.750,625.227,249.3,79.11,100,37,87,9.6,17114.8,248.1,79.11,100,42,82,20712.3,4.0,243.9,79.11,100,49,87,2.6,4.1,237.3,79.11,100,50,84,1.8,6955.0,58.0,18,4
1782840203.196,625.672,248.8,79.11,100,42,88,20710.7,17106.8,246.6,79.11,100,44,83,1.7,4.1,248.6,79.11,100,48,88,2.3,522.5,237.3,79.11,100,50,84,19750.3,14345.3,58.0,18,4
1782840203.638,626.115,251.6,79.11,100,56,88,1.6,3.8,252.4,79.11,100,60,83,1.7,54.1,248.6,79.11,100,48,88,19725.6,17202.6,241.7,79.11,100,38,86,13.0,7.8,58.0,18,4
1782840204.085,626.562,251.6,79.11,100,48,88,14939.9,12690.4,254.3,79.11,100,45,83,10371.0,4.3,256.5,79.11,100,64,88,1.8,9.7,251.0,79.11,100,49,86,17060.1,12900.9,58.0,18,4
1782840204.527,627.004,250.9,79.11,100,39,88,8323.6,13123.0,248.6,79.11,100,40,83,13650.9,5.6,253.2,79.11,100,53,88,2.2,13467.9,247.9,79.11,100,44,86,16206.7,6497.3,58.0,18,4
1782840204.972,627.448,248.5,79.11,100,36,88,20706.7,8.4,248.7,79.11,100,40,82,2.9,55.4,246.7,79.11,100,38,88,19695.2,17193.5,242.2,79.11,100,38,85,2.0,5.4,58.0,18,4
1782840205.413,627.890,248.5,79.11,100,36,88,20706.5,4.5,248.0,79.11,100,40,82,2.4,4.4,246.3,79.11,100,39,89,20310.0,15828.1,241.7,79.11,100,39,84,154.7,4.5,58.0,18,4
1782840205.855,628.332,248.3,79.11,100,37,88,8099.9,13095.9,249.9,79.11,100,40,83,17149.7,4.6,251.2,79.11,100,40,88,2.8,28.7,242.7,79.11,100,51,85,19740.5,17200.7,58.0,18,4
1782840206.298,628.775,249.7,79.11,100,37,88,4.3,4.1,249.9,79.11,100,40,83,4766.7,13300.6,252.4,79.11,100,47,88,19101.4,4.4,247.4,79.11,100,49,86,2.7,4.4,58.0,18,4
1782840206.739,629.216,250.8,79.11,100,42,88,15877.9,16685.2,251.4,79.11,100,44,83,5.2,7.0,249.7,79.11,100,53,88,1.9,5455.4,246.0,79.11,100,54,86,15593.5,15050.4,58.0,18,4
1782840207.183,629.660,250.2,79.11,100,39,87,1.7,4.7,250.7,79.11,100,43,83,8039.0,12943.5,249.7,79.11,100,53,88,16237.3,4.4,246.0,79.11,100,54,86,2.6,4.6,58.0,18,4
1782840207.625,630.102,249.7,79.11,100,39,88,16952.8,2940.3,248.9,79.11,100,43,83,1.8,4.5,250.4,79.11,100,53,88,1119.3,16741.6,248.8,79.11,100,56,86,20761.3,7.1,58.0,18,4
1782840208.069,630.546,250.1,79.11,100,42,87,1.8,5498.7,249.0,79.11,100,44,83,15975.4,14913.2,249.9,79.11,100,52,88,1.9,4.5,246.8,79.11,100,52,86,2.9,8944.0,58.0,18,4
1782840208.511,630.988,249.3,79.11,100,41,88,3.4,4.6,249.1,79.11,100,40,83,3452.4,14239.9,250.3,79.11,100,54,88,19689.3,11.2,246.3,79.11,100,50,86,2.2,6670.7,58.0,18,4
1782840208.955,631.432,247.8,79.11,100,36,87,5.2,11630.1,248.1,79.11,100,41,83,16047.9,8413.7,247.0,79.11,100,39,87,3.3,5.6,241.3,79.11,100,38,85,16625.1,13317.5,58.0,18,4
1782840209.398,631.875,247.8,79.11,100,36,87,19540.8,12759.0,250.0,79.11,100,42,83,19364.5,13734.7,247.1,79.11,100,45,88,12683.9,6.0,238.4,79.11,100,40,84,2.6,4.2,61.0,19,3
1782840209.841,632.318,247.3,79.11,98,37,88,20708.5,16684.7,250.3,79.11,100,56,83,2.0,4.1,247.6,79.11,100,59,88,1.7,4.3,241.0,79.11,100,43,86,5632.0,12470.0,61.0,19,3
1782840210.287,632.764,252.1,79.11,100,60,88,17259.7,4.0,250.3,79.11,100,56,83,1.8,4.4,249.4,79.11,100,42,88,1437.7,16214.9,244.7,79.11,100,61,85,20753.2,4.2,61.0,19,3
1782840210.727,633.204,251.6,79.11,100,40,87,5.1,8.6,248.6,79.11,100,43,83,6366.4,13409.3,254.1,79.11,100,41,88,15935.6,4.5,246.1,79.11,100,40,86,1.9,4.3,61.0,19,3
1782840211.171,633.648,250.0,79.11,100,41,88,19565.8,5.1,251.3,79.11,100,52,83,2.9,5.6,254.1,79.11,100,41,88,20539.2,15565.1,246.1,79.11,100,40,86,523.1,5.6,61.0,19,3
1782840211.616,634.093,249.1,79.11,100,37,88,4.5,5.4,249.8,79.11,100,42,83,3419.7,14255.8,248.8,79.11,100,39,87,19685.3,5.7,246.1,79.11,100,40,85,7.5,5377.3,61.0,19,3
1782840212.062,634.539,249.8,79.11,100,36,87,2.0,13275.1,250.5,79.11,100,43,83,16051.7,6823.5,246.9,79.11,100,37,87,2.8,5.2,241.9,79.11,100,39,85,6928.1,13176.5,61.0,19,3
1782840212.505,634.982,250.0,79.11,100,45,88,3.4,4.1,251.9,79.11,100,50,83,19722.3,12619.6,249.0,79.11,100,46,88,4969.0,4.7,240.5,79.11,100,39,86,1.9,569.3,61.0,19,3
1782840212.951,635.428,250.2,79.11,100,37,88,5.1,6.9,251.0,79.11,100,52,83,1.9,56.0,251.0,79.11,100,39,87,19712.4,17196.2,242.1,79.11,100,38,84,3.5,5.0,61.0,19,3
1782840213.396,635.872,250.2,79.11,100,37,88,20708.7,14258.6,249.0,79.11,100,44,82,2721.4,4.2,250.0,79.11,100,40,87,1.8,26.4,245.4,79.11,100,44,85,19763.1,14337.0,61.0,19,3
1782840213.839,636.316,249.1,79.11,100,39,88,2.7,4.1,250.3,79.11,100,44,83,518.6,17136.8,250.9,79.11,100,41,87,20747.2,4.8,247.6,79.11,100,42,85,7.0,6.6,61.0,19,3
1782840214.284,636.761,250.0,79.11,100,39,88,15612.1,16607.7,250.3,79.11,100,44,83,1.9,4.9,250.3,79.11,100,40,87,1.8,14812.4,245.5,79.11,100,43,85,15296.7,5611.6,61.0,19,3
1782840214.726,637.202,250.3,79.11,100,38,88,5.1,85.7,250.4,79.11,100,45,83,18765.2,17110.4,249.4,79.11,100,41,88,2.8,4.8,245.4,79.11,100,53,85,1.9,10970.1,61.0,19,3
1782840215.192,637.669,249.5,79.11,100,38,87,1.8,4.5,248.5,79.11,100,42,82,11166.4,12965.4,249.7,79.11,100,39,88,12848.7,5.0,245.4,79.11,100,53,85,2.3,859.4,61.0,19,3
1782840215.636,638.113,250.3,79.11,100,37,88,1.9,1572.2,249.3,79.11,100,41,83,17645.0,17110.0,249.7,79.11,100,39,88,4.5,6.9,245.4,79.11,100,48,85,5791.7,12933.3,61.0,19,3
1782840216.083,638.560,249.7,79.11,100,36,87,13798.0,13437.4,249.9,79.11,100,45,83,10365.6,5.4,247.1,79.11,100,39,87,3.0,13479.3,242.7,79.11,100,40,85,24129.3,16318.9,64.0,20,2
1782840216.525,639.001,245.3,79.11,100,10,88,1.8,3.9,245.7,79.11,100,9,84,1.9,10566.6,247.5,79.11,98,41,88,16063.2,9499.5,233.2,79.11,98,31,84,2.3,4.1,64.0,20,2
1782840216.966,639.443,250.9,79.11,100,43,87,3.2,3.7,248.9,79.11,100,43,83,12326.1,12658.8,250.1,79.11,100,63,88,12479.1,4.1,241.7,79.11,100,58,85,2.2,4.2,64.0,20,2
1782840217.411,639.887,250.9,79.11,100,43,87,16997.7,12406.3,250.0,79.11,100,49,83,8330.3,3.9,248.0,79.11,100,39,87,3.4,4.0,250.2,79.11,100,42,86,1170.3,16766.2,64.0,20,2
1782840217.853,640.329,250.7,79.11,100,40,88,1.7,4.2,252.4,79.11,100,56,83,4.0,10724.1,249.2,79.11,100,44,87,15708.8,9557.2,245.3,79.11,100,39,84,9.7,4.5,64.0,20,2
1782840218.297,640.774,249.1,79.11,100,42,88,8818.4,5.0,252.4,79.11,100,56,83,3.5,8431.3,248.3,79.11,100,39,88,16039.0,11204.2,245.4,79.11,100,38,85,2.1,5.7,64.0,20,2
1782840218.738,641.215,249.4,79.11,100,37,89,9.6,10.0,249.2,79.11,100,41,82,20188.5,17110.0,248.6,79.11,100,40,87,5.3,5.7,242.4,79.11,100,39,85,8176.2,13577.1,64.0,20,2
1782840219.187,641.664,249.1,79.11,100,35,87,1.8,14268.3,249.3,79.11,100,44,83,15895.4,6209.1,248.6,79.11,100,40,87,10.1,5.0,242.4,79.11,100,39,85,6674.5,12953.7,64.0,20,2
1782840219.630,642.106,250.7,79.11,100,42,88,1.8,4.2,252.4,79.11,100,41,83,493.6,17181.4,251.7,79.11,100,48,88,20750.5,8.2,240.6,79.11,100,41,86,7.6,10.2,64.0,20,2
1782840220.072,642.549,251.1,79.11,100,42,88,20705.2,4.6,252.3,79.11,100,47,83,4.3,4.4,251.5,79.11,100,46,88,1115.8,16754.5,242.8,79.11,100,37,85,20753.8,4.4,64.0,20,2
1782840220.515,642.992,250.0,79.11,100,40,88,3.4,180.9,249.7,79.11,100,58,83,19042.0,17108.0,249.5,79.11,100,39,87,5.6,4.3,244.2,79.11,100,39,84,1.9,2425.6,64.0,20,2
1782840220.960,643.437,249.6,79.11,100,40,88,9254.8,6.9,250.8,79.11,100,54,83,3.8,4.4,250.8,79.11,100,41,87,13028.2,12937.7,245.9,79.11,100,39,84,10081.6,5.1,64.0,20,2
1782840221.402,643.879,249.6,79.11,100,40,88,1.6,17114.0,251.0,79.11,100,51,83,20705.1,4.4,250.8,79.11,100,41,87,1.9,4.6,246.0,79.11,100,38,84,4206.7,13663.8,64.0,20,2
1782840221.845,644.322,250.6,79.11,100,38,88,1.8,4.2,248.9,79.11,100,51,83,1.8,13376.1,249.3,79.11,100,40,87,15537.2,6962.7,245.8,79.11,100,38,84,7.2,6.8,64.0,20,2
1782840222.289,644.766,250.4,79.11,100,37,88,20705.7,4.4,248.9,79.11,100,51,83,1.9,5.0,249.7,79.11,100,39,87,17267.2,12989.4,246.8,79.11,100,39,85,7172.5,5.7,64.0,20,2
1782840222.730,645.207,249.8,79.11,100,37,88,5.3,11.2,248.4,79.11,100,41,82,9030.4,13409.4,250.5,79.11,100,43,88,10446.2,5.5,242.8,79.11,100,37,84,3.7,11272.5,64.0,20,2
1782840223.189,645.666,249.5,79.11,100,35,88,15546.2,16186.1,250.8,79.11,100,40,83,15811.8,16321.4,245.1,79.11,98,11,87,16440.3,10029.2,242.8,79.11,100,37,84,3.4,4.4,67.0,21,1
1782840223.632,646.109,245.9,79.11,100,31,88,1.7,15579.4,242.8,79.11,100,20,82,15127.9,5252.0,245.1,79.11,98,11,87,2.7,6.9,234.9,79.11,100,42,85,8.4,2361.9,67.0,21,1
1782840224.081,646.558,251.0,79.11,100,45,88,17620.5,17110.5,250.1,79.11,100,63,83,3.4,4.2,246.5,79.11,100,42,88,1.9,593.0,240.3,79.11,100,39,84,19714.2,17200.6,67.0,21,1
1782840224.522,646.999,256.0,79.11,100,57,88,3.5,4.0,259.1,79.11,100,53,83,1.8,111.5,248.3,79.11,100,57,88,19690.7,17199.3,250.6,79.11,100,39,86,2.6,4.5,67.0,21,1
1782840224.964,647.441,250.4,79.11,100,41,88,20709.8,14510.8,251.9,79.11,100,41,83,2339.9,5.1,252.3,79.11,100,54,88,3.0,13643.5,249.5,79.11,100,51,86,15854.1,6685.5,67.0,21,1
1782840225.409,647.886,250.4,79.11,100,41,88,15768.4,6522.1,248.0,79.11,100,46,83,2.2,5.5,250.6,79.11,100,42,88,20790.2,15014.8,242.5,79.11,100,39,84,1243.4,6.1,67.0,21,1
1782840225.849,648.326,247.8,79.11,100,37,88,2.0,4.8,250.6,79.11,100,38,83,499.8,17155.9,248.1,79.11,100,41,88,20748.0,5.6,241.2,79.11,100,36,85,6.9,6.7,67.0,21,1
1782840226.291,648.768,248.9,79.11,100,33,88,2.0,4.9,250.6,79.11,100,38,83,1.9,40.8,250.3,79.11,100,38,88,19716.1,17192.1,244.2,79.11,100,44,85,2.0,4.7,67.0,21,1
1782840226.732,649.209,250.3,79.11,100,39,88,20710.6,17113.9,249.2,79.11,100,42,83,8.4,6.3,251.6,79.11,100,42,88,2.6,3307.3,246.8,79.11,100,57,86,17909.2,14656.5,67.0,21,1
1782840227.182,649.659,250.9,79.11,100,41,87,1.8,3.6,249.3,79.11,100,43,83,20231.9,17107.9,251.6,79.11,100,42,88,2.8,4.3,246.8,79.11,100,57,86,3.0,629.3,67.0,21,1
1782840227.625,650.102,250.3,79.11,100,46,88,20706.9,4.1,250.8,79.11,100,43,83,1.8,4.4,251.6,79.11,100,56,88,15274.5,12866.6,246.7,79.11,100,56,86,9390.2,9.2,67.0,21,1
1782840228.078,650.555,249.7,79.11,100,44,88,1.8,17110.8,249.9,79.11,100,42,83,18892.9,1404.3,251.1,79.11,100,52,88,1.9,4.6,246.8,79.11,100,54,86,1136.6,16734.8,67.0,21,1
1782840228.520,650.997,250.1,79.11,100,44,88,3.4,4.0,250.1,79.11,100,41,83,1.8,11263.3,249.7,79.11,100,50,88,16126.1,8842.9,248.2,79.11,100,51,86,1.8,4.4,67.0,21,1
1782840228.962,651.438,249.6,79.11,100,47,88,20710.6,17108.1,249.3,79.11,100,43,83,2.7,4.8,249.9,79.11,100,52,88,1.9,11732.8,247.1,79.11,100,51,86,15789.2,8360.4,67.0,21,1
1782840229.403,651.880,249.6,79.11,100,47,88,20706.5,14805.6,250.1,79.11,100,47,83,1894.0,5.4,247.8,79.11,100,44,88,2.0,17285.5,241.5,79.11,100,39,84,19670.7,959.7,67.0,21,1
1782840229.843,652.320,249.4,79.11,100,39,88,20705.3,5.0,248.6,79.11,100,39,83,2.1,56.8,250.8,79.11,100,39,88,19696.5,17197.0,241.2,79.11,100,39,86,6.2,7.7,70.0,22,0
1782840230.287,652.764,249.2,79.11,100,35,88,4627.6,3369.2,248.6,79.11,100,39,83,5011.8,5304.0,252.2,79.11,100,54,87,4593.3,7204.9,245.6,79.11,100,55,85,4894.1,8752.4,70.0,24,0
1782840230.728,653.205,251.6,79.11,100,52,87,4447.6,3265.4,251.6,79.11,100,57,83,4734.1,5172.1,252.1,79.11,100,57,87,5030.1,6708.8,252.5,79.11,100,57,85,4829.9,8169.4,70.0,24,0
1782840231.177,653.654,251.1,79.11,100,55,87,4157.6,3494.5,252.0,79.11,100,60,82,4771.6,5131.9,252.1,79.11,100,57,87,5039.5,6085.4,252.5,79.11,100,57,85,5205.6,7474.2,70.0,24,0
1782840231.619,654.096,250.0,79.11,100,55,87,3949.1,3674.2,250.6,79.11,100,60,82,4293.5,5427.8,251.9,79.11,100,57,87,4507.7,7523.8,255.9,79.11,100,57,85,5213.4,7217.1,70.0,24,0
1782840232.066,654.543,250.0,79.11,100,55,87,4507.7,3309.4,250.0,79.11,100,59,82,4802.2,5353.6,250.0,79.11,100,58,87,4561.6,6624.2,252.5,79.11,100,57,85,4581.9,7339.0,70.0,24,0
1782840232.507,654.984,250.0,79.11,100,55,87,3886.5,3779.0,250.0,79.11,100,60,82,4752.8,5061.2,250.0,79.11,100,58,87,4921.5,6233.4,250.4,79.11,100,58,85,5084.2,7243.6,70.0,24,0
1782840232.949,655.426,250.0,79.11,100,54,87,4759.3,3965.0,250.0,79.11,100,59,82,4504.7,5472.5,250.0,79.11,100,58,87,4495.1,6673.0,250.0,79.11,100,57,85,4573.7,7406.8,70.0,24,0
1782840233.396,655.873,250.0,79.11,100,54,87,4451.4,3270.7,250.0,79.11,100,60,82,4822.0,4997.6,250.0,79.11,100,58,87,5053.1,6348.0,250.0,79.11,100,58,85,5158.7,7482.6,70.0,24,0
1782840233.839,656.316,250.0,79.11,100,55,87,4013.5,3624.1,250.0,79.11,100,60,82,4286.2,5478.3,250.0,79.11,100,58,87,4524.4,7499.1,250.0,79.11,100,57,85,5621.4,7046.8,70.0,24,0
1782840234.290,656.766,250.0,79.11,100,56,87,4624.6,3709.0,250.0,79.11,100,60,82,4254.3,5399.8,250.0,79.11,100,58,87,4460.6,6684.7,249.9,79.11,100,57,85,4581.7,7765.6,70.0,24,0
1782840234.732,657.209,250.0,79.11,100,55,87,4385.9,3265.6,250.0,79.11,100,59,82,4784.8,5023.3,250.0,79.11,100,58,87,5055.7,6389.4,250.0,79.11,100,57,85,5205.4,7176.2,70.0,24,0
1782840235.179,657.656,250.0,79.11,100,55,87,4008.1,3674.1,250.0,79.11,100,60,82,4266.6,5616.3,250.0,79.11,100,58,87,4508.6,6601.4,250.0,79.11,100,57,85,5147.8,7086.0,70.0,24,0
1782840235.623,658.100,250.0,79.11,100,56,87,4471.6,3282.3,250.0,79.11,100,60,82,4821.7,4981.7,250.0,79.11,100,58,87,5088.3,6586.3,250.1,79.11,100,58,85,4775.1,7696.5,70.0,24,0
1782840236.069,658.546,250.0,79.11,100,55,87,3825.8,3674.7,250.0,79.11,100,59,82,4708.1,5203.1,250.0,79.11,100,58,87,5034.3,6196.2,249.9,79.11,100,57,85,5129.7,7184.5,70.0,24,0
1782840236.512,658.989,250.0,79.11,100,56,87,4447.8,3231.8,249.9,79.11,100,60,82,4763.6,5581.6,250.0,79.11,100,58,87,4488.1,6742.8,250.0,79.11,100,58,85,4664.5,7675.1,70.0,24,0
1782840236.957,659.433,250.0,79.11,100,55,87,4443.6,3265.0,250.0,79.11,100,60,82,4712.8,4873.8,250.0,79.11,100,58,87,4998.6,6229.4,250.0,79.11,100,57,85,5166.4,7208.7,70.0,24,0
1782840237.402,659.879,250.0,79.11,100,55,87,3886.7,3674.3,250.0,79.11,100,60,82,4323.0,5636.5,250.0,79.11,100,58,87,4502.4,6652.4,250.0,79.11,100,58,85,4549.4,7258.3,70.0,24,0
1782840237.844,660.320,250.0,79.11,100,56,87,4442.4,3259.6,250.0,79.11,100,60,82,4812.5,5253.9,250.0,79.11,100,58,87,4995.0,6446.5,249.9,79.11,100,57,85,6121.4,7632.2,70.0,24,0
1782840238.292,660.769,250.0,79.11,100,55,87,3916.2,3724.7,250.0,79.11,100,60,82,4773.7,5243.3,250.0,79.11,100,57,87,5030.9,6375.0,250.0,79.11,100,58,85,5154.5,6764.1,70.0,24,0
1782840238.735,661.211,250.0,79.11,100,55,87,5480.3,4155.8,250.0,79.11,100,60,82,4234.0,5446.7,250.0,79.11,100,58,87,4472.4,6711.1,250.0,79.11,100,57,85,5102.7,6804.1,70.0,24,0
1782840239.188,661.664,250.0,79.11,100,55,87,4451.4,3159.0,250.0,79.11,100,60,82,4819.1,5651.9,250.0,79.11,100,58,87,4421.8,6622.1,250.0,79.11,100,57,85,4628.6,7574.7,70.0,24,0
1782840239.630,662.106,250.0,79.11,100,56,87,3948.7,3724.8,250.0,79.11,100,60,82,4716.0,4978.3,250.0,79.11,100,59,87,5016.6,7269.3,250.0,79.11,100,58,85,5437.5,7403.3,71.0,24,0
1782840240.080,662.557,250.0,79.11,100,55,87,3977.1,3674.1,250.0,79.11,100,60,82,4219.9,5452.2,250.0,79.11,100,58,87,4394.3,6620.5,250.0,79.11,100,57,85,4830.7,7210.2,71.0,24,0
1782840240.523,663.000,250.0,79.11,100,56,87,4448.3,3264.6,250.0,79.11,100,60,82,4816.5,5315.0,250.0,79.11,100,58,87,5020.3,6557.1,250.0,79.11,100,58,85,4777.3,7423.7,71.0,24,0
1782840240.966,663.443,250.0,79.11,100,55,87,3886.8,3714.4,249.9,79.11,100,59,82,4244.2,5473.5,250.0,79.11,100,58,87,4983.3,6338.9,249.9,79.11,100,57,85,5088.7,6891.6,71.0,24,0
1782840241.413,663.890,250.0,79.11,100,55,87,4625.8,3598.3,250.0,79.11,100,60,82,4265.4,5668.5,250.0,79.11,100,58,87,4520.1,6590.1,250.0,79.11,100,58,85,4582.5,7483.4,71.0,24,0
1782840241.856,664.333,250.0,79.11,100,56,87,4083.4,3363.1,250.0,79.11,100,59,82,4766.8,5113.2,250.0,79.11,100,58,87,4998.8,6306.8,250.1,79.11,100,58,85,5085.4,7049.4,71.0,24,0
1782840242.300,664.777,250.0,79.11,100,56,87,4069.2,3573.9,250.0,79.11,100,59,82,4331.3,5457.1,250.0,79.11,100,58,87,4466.7,6785.4,250.0,79.11,100,57,85,4643.8,7190.6,71.0,24,0
1782840242.742,665.219,250.0,79.11,100,55,87,4399.5,3266.2,250.0,79.11,100,59,82,4753.9,5084.7,250.0,79.11,100,58,87,4930.9,6406.2,250.0,79.11,100,58,85,5161.1,7191.4,71.0,24,0
1782840243.188,665.665,250.0,79.11,100,56,87,4008.1,3624.0,250.0,79.11,100,60,82,4309.9,5481.8,250.0,79.11,100,58,87,4470.6,6732.9,250.0,79.11,100,58,85,4586.4,7088.4,71.0,24,0
1782840243.634,666.110,250.0,79.11,100,55,87,4457.3,3159.2,250.0,79.11,100,60,82,4774.7,5309.5,250.0,79.11,100,58,87,4767.3,6795.6,250.0,79.11,100,57,85,4794.7,7492.5,71.0,24,0
1782840244.079,666.556,250.0,79.11,100,55,87,3825.8,3741.0,250.0,79.11,100,59,82,4735.6,5286.3,250.0,79.11,100,58,87,5034.5,6193.0,249.9,79.11,100,57,85,5198.3,7204.9,71.0,24,0
1782840244.521,666.998,250.0,79.11,100,56,87,3950.0,3624.1,250.0,79.11,100,60,82,4316.1,5544.5,250.0,79.11,100,57,87,4485.4,6550.5,249.9,79.11,100,57,85,4627.8,7522.0,71.0,24,0
1782840244.963,667.440,250.0,79.11,100,56,87,4503.4,3359.3,250.0,79.11,100,60,82,4772.4,5192.5,250.0,79.11,100,58,87,5014.6,6322.9,250.1,79.11,100,57,85,5096.9,7436.8,71.0,24,0
1782840245.408,667.885,250.0,79.11,100,56,87,4137.6,3729.9,250.0,79.11,100,60,82,4233.4,5664.1,250.0,79.11,100,58,87,4456.3,6534.9,250.1,79.11,100,57,85,5061.5,6675.3,71.0,24,0
1782840245.851,668.328,250.0,79.11,100,55,87,4503.1,3192.9,250.0,79.11,100,59,82,4872.1,5058.0,250.0,79.11,100,58,87,5081.2,6865.1,249.9,79.11,100,57,85,4613.4,7545.8,71.0,24,0
1782840246.294,668.771,250.0,79.11,100,55,87,4006.0,3749.8,250.0,79.11,100,59,82,4774.0,5214.8,250.0,79.11,100,58,87,4976.0,6428.2,249.9,79.11,100,57,85,5129.7,7110.9,71.0,24,0
1782840246.737,669.214,250.0,79.11,100,55,87,4689.9,3870.9,250.0,79.11,100,60,82,4305.0,5349.7,250.0,79.11,100,58,87,4578.4,6595.2,250.1,79.11,100,57,85,4598.3,7161.1,71.0,24,0
1782840247.183,669.660,250.0,79.11,100,55,87,4442.4,3367.2,250.0,79.11,100,60,82,4766.8,5223.7,250.0,79.11,100,58,87,5032.5,6269.1,250.1,79.11,100,57,85,5091.0,7644.6,71.0,24,0
1782840247.629,670.106,250.0,79.11,100,55,87,3998.4,3674.3,250.0,79.11,100,59,82,4251.6,5159.0,250.0,79.11,100,57,87,4861.7,6509.3,250.0,79.11,100,58,85,5838.4,7202.8,71.0,24,0
1782840248.078,670.555,250.0,79.11,100,55,87,4609.9,3342.8,250.0,79.11,100,60,82,4466.2,5897.2,250.0,79.11,100,58,87,4525.4,6772.8,250.0,79.11,100,58,85,4681.6,7565.4,71.0,24,0
1782840248.520,670.997,250.0,79.11,100,55,87,3796.6,3888.7,250.0,79.11,100,60,82,4737.6,5281.0,250.0,79.11,100,58,87,4974.9,6146.3,250.1,79.11,100,58,85,5151.2,6738.9,72.0,24,0
1782840248.963,671.440,250.0,79.11,100,55,87,4008.8,3626.9,250.0,79.11,100,59,82,4292.4,5477.3,250.0,79.11,100,58,87,4495.6,6875.6,250.0,79.11,100,57,85,4553.1,7556.6,72.0,24,0
1782840249.406,671.882,250.0,79.11,100,55,87,4442.4,3321.5,250.0,79.11,100,60,82,4863.4,5173.7,250.0,79.11,100,58,87,4978.0,6137.2,250.0,79.11,100,58,85,5174.9,7353.8,72.0,24,0
1782840249.848,672.325,250.0,79.11,100,56,87,3949.0,3624.0,250.0,79.11,100,60,82,4249.3,5728.2,250.0,79.11,100,57,87,4547.2,6541.3,250.0,79.11,100,57,85,4770.7,6997.8,72.0,24,0
1782840250.292,672.769,250.0,79.11,100,55,87,4442.4,3209.3,250.0,79.11,100,60,82,4797.5,5473.4,250.0,79.11,100,58,87,5166.2,6656.7,250.0,79.11,100,57,85,4670.1,7518.0,72.0,24,0
1782840250.734,673.211,250.0,79.11,100,55,87,3952.3,4332.5,250.0,79.11,100,59,82,4905.8,5462.2,250.0,79.11,100,58,87,5046.6,6360.2,250.0,79.11,100,57,85,5195.3,7174.3,72.0,24,0
1782840251.184,673.661,250.0,79.11,100,55,87,4008.3,3624.0,250.0,79.11,100,59,82,4454.5,5442.3,250.0,79.11,100,58,87,4473.8,6391.9,250.0,79.11,100,57,85,4591.8,7233.9,72.0,24,0
1782840251.629,674.106,250.0,79.11,100,56,87,4321.0,3259.8,250.0,79.11,100,60,82,4728.4,5107.7,250.0,79.11,100,58,87,5161.8,7124.7,250.1,79.11,100,57,85,5077.7,7441.2,72.0,24,0
1782840252.079,674.555,250.0,79.11,100,56,87,3886.6,3674.4,250.0,79.11,100,60,82,4297.0,5298.8,250.0,79.11,100,59,87,4974.9,6161.6,250.0,79.11,100,58,85,5106.9,6973.4,72.0,24,0
1782840252.521,674.998,250.0,79.11,100,55,87,4443.3,3209.2,250.0,79.11,100,59,82,4735.6,5336.3,250.0,79.11,100,59,87,4613.9,6755.2,249.9,79.11,100,57,85,4609.9,7406.0,72.0,24,0
1782840252.963,675.440,250.0,79.11,100,55,87,3886.8,3714.0,250.0,79.11,100,59,82,4758.5,5165.2,250.0,79.11,100,57,87,4915.9,6207.8,249.9,79.11,100,57,85,5077.3,6670.4,72.0,24,0
1782840253.404,675.881,250.0,79.11,100,55,87,4445.1,3209.2,250.0,79.11,100,59,82,4825.3,5244.8,250.0,79.11,100,58,87,4486.8,6766.9,250.0,79.11,100,57,85,4624.4,7676.4,72.0,24,0
1782840254.285,676.762,250.0,79.11,100,56,87,4443.5,3159.0,250.0,79.11,100,60,82,4850.0,5543.4,250.0,79.11,100,58,87,4477.8,6719.7,250.0,79.11,100,57,85,4613.5,7416.3,72.0,24,0
1782840254.727,677.204,250.0,79.11,100,56,87,4000.6,3756.1,250.0,79.11,100,60,82,4416.1,5824.2,250.0,79.11,100,58,87,4908.3,6229.5,250.0,79.11,100,57,85,5079.5,6996.4,72.0,24,0
1782840255.175,677.652,250.0,79.11,100,56,87,4503.3,3239.9,250.0,79.11,100,59,82,4408.1,5545.3,250.0,79.11,100,58,87,4558.6,6764.4,250.0,79.11,100,57,85,5126.5,7600.3,72.0,24,0
1782840255.622,678.099,250.0,79.11,100,56,87,4381.7,3209.7,250.0,79.11,100,59,82,4780.3,4808.3,250.0,79.11,100,58,87,6047.2,6212.1,250.0,79.11,100,57,85,4918.1,7580.4,72.0,24,0
1782840256.071,678.548,250.0,79.11,100,56,87,3886.7,3624.1,250.0,79.11,100,59,82,4284.0,5452.7,250.0,79.11,100,58,87,4430.9,6616.6,250.0,79.11,100,57,85,5171.8,6826.9,72.0,24,0
1782840256.513,678.990,250.0,79.11,100,55,87,4381.6,3244.6,250.0,79.11,100,59,82,4746.0,5310.3,250.0,79.11,100,58,87,5030.0,6725.4,250.0,79.11,100,57,85,5173.8,7374.1,72.0,24,0
1782840256.956,679.432,250.0,79.11,100,56,87,3890.5,3646.4,250.0,79.11,100,59,82,4244.2,5417.1,250.0,79.11,100,59,87,4481.3,6514.9,250.0,79.11,100,57,85,5127.6,7004.4,72.0,24,0
1782840257.398,679.875,250.0,79.11,100,56,87,4360.9,3211.0,250.0,79.11,100,60,82,4812.8,5230.8,250.0,79.11,100,58,87,5036.9,6252.3,250.0,79.11,100,57,85,4813.3,7265.6,72.0,24,0
1782840257.841,680.318,250.0,79.11,100,56,87,4009.7,3674.9,250.0,79.11,100,60,82,4216.6,5599.0,250.0,79.11,100,58,87,4497.7,6810.4,250.0,79.11,100,57,85,5088.4,6936.1,73.0,24,0
1782840258.284,680.760,250.0,79.11,100,56,87,4445.8,3182.7,250.0,79.11,100,60,82,4817.2,5411.6,250.0,79.11,100,58,87,5040.9,6624.2,250.0,79.11,100,57,85,4597.8,7501.4,73.0,24,0
1782840258.726,681.203,250.0,79.11,100,56,87,4254.1,3958.2,250.0,79.11,100,59,82,4789.6,5230.4,250.0,79.11,100,58,87,4975.6,6330.9,250.0,79.11,100,57,85,5160.8,7066.3,73.0,24,0
1782840259.174,681.651,249.9,79.11,100,55,87,4008.0,3674.2,250.0,79.11,100,60,82,4373.8,5424.5,250.0,79.11,100,58,87,4488.9,6673.9,250.0,79.11,100,57,85,4626.5,7056.9,73.0,24,0
1782840259.623,682.100,250.0,79.11,100,55,87,4454.0,3159.1,250.0,79.11,100,59,82,4756.1,5125.2,250.0,79.11,100,58,87,4772.1,6746.9,249.9,79.11,100,57,85,4586.6,7330.3,73.0,24,0
1782840260.065,682.542,250.0,79.11,100,55,87,3957.7,3724.5,250.0,79.11,100,60,82,4285.9,5508.8,250.0,79.11,100,58,87,4767.3,6284.4,250.0,79.11,100,58,85,5114.1,6908.2,73.0,24,0
1782840260.509,682.986,250.0,79.11,100,55,87,4573.3,3209.0,250.0,79.11,100,60,82,4928.2,5465.8,250.0,79.11,100,58,87,4480.4,6626.6,250.0,79.11,100,57,85,4513.5,7368.3,73.0,24,0
1782840260.951,683.428,250.0,79.11,100,55,87,3770.2,3900.0,250.0,79.11,100,60,82,4779.5,5151.4,250.0,79.11,100,58,87,4972.0,6113.9,250.0,79.11,100,57,85,5160.9,6984.9,73.0,24,0
1782840261.396,683.873,250.0,79.11,100,55,87,3888.0,3674.3,250.0,79.11,100,60,82,4307.7,5693.5,250.0,79.11,100,58,87,4465.8,6595.3,250.0,79.11,100,58,85,4639.6,7321.7,73.0,24,0
1782840261.843,684.320,250.0,79.11,100,55,87,4430.2,3278.0,250.0,79.11,100,60,82,4879.2,5025.1,250.0,79.11,100,57,87,4970.2,6728.4,249.9,79.11,100,58,85,4903.9,7594.6,73.0,24,0
1782840262.287,684.764,250.0,79.11,100,55,87,3886.8,3758.7,250.0,79.11,100,60,82,4287.5,5208.6,250.0,79.11,100,58,87,4973.9,6457.5,250.0,79.11,100,58,85,5167.2,6977.4,73.0,24,0
1782840262.733,685.209,250.0,79.11,100,55,87,4569.7,4431.9,250.0,79.11,100,60,82,4346.2,5535.8,250.0,79.11,100,58,87,4435.6,6621.5,250.0,79.11,100,57,85,5112.0,7208.2,73.0,24,0
1782840263.187,685.664,250.0,79.11,100,55,87,4503.2,3108.9,250.0,79.11,100,59,82,4875.9,5571.1,250.0,79.11,100,58,87,4582.5,6686.6,250.0,79.11,100,57,85,4664.0,7307.1,73.0,24,0
1782840263.630,686.107,250.0,79.11,100,55,87,3948.7,3772.0,250.0,79.11,100,60,82,4722.7,4864.3,250.0,79.11,100,58,87,5081.0,6276.2,250.0,79.11,100,57,85,5430.9,7593.2,73.0,24,0
1782840264.083,686.560,250.0,79.11,100,55,87,3947.4,3624.2,250.0,79.11,100,59,82,4286.5,5617.6,250.0,79.11,100,58,87,4478.8,6507.7,250.0,79.11,100,58,85,4884.4,6970.5,73.0,24,0
1782840264.524,687.001,250.0,79.11,100,56,87,4328.3,3209.6,250.0,79.11,100,60,82,4687.0,5357.7,250.0,79.11,100,58,87,5023.5,6531.9,250.1,79.11,100,58,85,5138.0,7316.0,73.0,24,0
1782840264.965,687.442,250.0,79.11,100,57,87,3887.1,3677.1,250.0,79.11,100,61,82,4308.1,5519.6,250.0,79.11,100,58,87,4504.1,7093.9,250.1,79.11,100,58,85,4587.7,7255.8,73.0,24,0
1782840265.409,687.886,250.0,79.11,100,57,87,4320.6,3370.2,250.0,79.11,100,60,82,4740.8,5186.0,250.0,79.11,100,58,87,4887.2,6210.2,249.9,79.11,100,58,85,5158.7,7185.5,73.0,24,0
1782840265.855,688.332,250.0,79.11,100,55,87,3893.6,3647.8,250.0,79.11,100,60,82,4326.6,5459.7,250.0,79.11,100,58,87,4453.5,6447.8,250.0,79.11,100,58,85,4537.9,7361.2,73.0,24,0
1782840266.297,688.774,250.0,79.11,100,55,87,4457.6,3210.3,250.0,79.11,100,60,82,4805.1,5466.1,250.0,79.11,100,58,87,5043.1,6353.0,250.0,79.11,100,57,85,5129.2,7040.3,73.0,24,0
1782840266.740,689.217,250.0,79.11,100,55,87,4012.6,3709.6,250.0,79.11,100,59,82,4217.1,5763.8,250.0,79.11,100,58,87,4503.3,6463.3,250.0,79.11,100,58,85,4610.0,7444.7,73.0,24,0
1782840267.186,689.663,250.0,79.11,100,55,87,4419.9,3276.2,250.0,79.11,100,60,82,4777.1,5227.2,250.0,79.11,100,58,87,5052.8,6341.0,250.0,79.11,100,58,85,5190.5,7090.9,74.0,24,0
1782840267.628,690.105,250.0,79.11,100,55,87,3922.0,3636.5,250.0,79.11,100,60,82,4416.1,5254.1,250.0,79.11,100,57,87,4609.3,6850.9,250.0,79.11,100,58,85,5512.8,7002.5,74.0,24,0
1782840268.081,690.557,250.0,79.11,100,55,87,4564.0,3673.4,250.0,79.11,100,60,82,4216.5,5826.1,250.0,79.11,100,57,87,4560.4,6764.1,250.0,79.11,100,57,85,4533.0,7116.3,74.0,24,0
1782840268.524,691.001,250.0,79.11,100,56,87,4381.6,3261.0,250.0,79.11,100,60,82,4777.8,5043.2,250.0,79.11,100,58,87,4980.6,6454.0,250.0,79.11,100,58,85,5167.5,7271.5,74.0,24,0
1782840268.966,691.443,250.0,79.11,100,55,87,4009.3,3635.9,250.0,79.11,100,60,82,4331.2,5811.2,250.0,79.11,100,58,87,4507.8,6703.7,250.0,79.11,100,57,85,4635.0,7310.7,74.0,24,0
1782840269.409,691.886,250.0,79.11,100,55,87,20064.9,12919.2,245.0,79.11,55,33,81,19540.2,13413.8,250.0,79.11,100,58,87,19590.8,13689.1,239.4,79.11,21,12,83,16805.9,9.2,,,
1782840270.831,693.307,255.2,79.11,100,49,88,20706.6,15593.1,254.3,79.11,100,53,83,962.8,4.4,254.7,79.11,100,59,88,2.6,538.3,248.2,79.11,100,58,86,19723.5,17227.4,74.0,24,0
1782840271.780,694.257,249.3,79.11,100,40,88,2.1,7.6,251.2,79.11,100,45,83,15414.3,13241.4,251.2,79.11,100,37,88,8366.8,5.6,244.2,79.11,100,42,86,2.1,13344.1,74.0,24,0
1782840272.227,694.704,249.0,79.11,100,39,88,1.9,15446.5,247.9,79.11,100,41,83,16026.0,4712.8,248.8,79.11,100,39,88,2.8,4.9,244.2,79.11,100,42,86,1709.8,15784.6,74.0,24,0
1782840272.674,695.151,249.5,79.11,100,37,88,1.8,4.2,247.5,79.11,100,41,84,8169.4,17839.0,248.8,79.11,100,39,88,8180.9,11.9,243.2,79.11,100,38,86,4.5,583.8,74.0,24,0
1782840273.126,695.602,249.6,79.11,100,40,88,7802.9,4.2,250.1,79.11,100,40,83,2.8,32.9,251.5,79.11,100,51,88,19714.8,17204.0,245.5,79.11,100,49,86,2.5,4.7,74.0,24,0
1782840273.571,696.048,250.7,79.11,100,51,88,9621.6,12620.5,251.6,79.11,100,51,83,15376.5,4.3,251.8,79.11,100,49,88,4.1,4.5,245.3,79.11,100,55,86,11599.4,21756.3,74.0,24,0
1782840274.026,696.503,250.0,79.11,100,50,88,1.8,3.9,250.9,79.11,100,48,83,516.9,17145.7,250.8,79.11,100,56,88,20750.0,4.8,247.6,79.11,100,56,86,2.2,4.5,74.0,24,0
1782840274.468,696.945,249.4,79.11,100,48,88,17313.3,17109.0,248.9,79.11,100,45,83,1.8,4.4,252.2,79.11,100,59,88,1.8,4743.7,249.6,79.11,100,56,86,15717.4,15511.4,74.0,24,0
1782840274.908,697.385,249.4,79.11,100,48,88,1.7,4.4,249.1,79.11,100,52,83,20389.6,17326.9,249.3,79.11,100,52,88,4.4,4.5,246.2,79.11,100,57,86,1.9,3528.5,74.0,24,0
1782840275.362,697.839,250.1,79.11,100,53,88,3.6,4.6,250.4,79.11,100,49,83,2.0,11767.8,248.4,79.11,100,54,88,16178.8,7867.8,243.8,79.11,100,46,86,2.8,5.1,74.0,24,0
1782840275.803,698.280,250.6,79.11,100,45,88,2.9,5.0,250.4,79.11,100,49,83,9126.9,13348.2,248.0,79.11,100,39,87,14629.8,5.8,246.5,79.11,100,41,86,4.6,10849.8,74.0,24,0
1782840276.248,698.725,248.1,79.11,100,36,87,2.0,14078.5,247.6,79.11,100,41,83,23465.6,16363.4,248.6,79.11,100,40,87,20717.6,13934.5,239.5,79.11,98,20,85,19400.3,12521.8,74.0,24,0
1782840276.691,699.168,244.3,79.11,98,26,87,15353.5,6244.0,246.4,79.11,98,41,83,6.0,7.7,245.2,79.11,100,44,87,8.0,10069.6,239.5,79.11,98,20,85,15881.7,9665.6,74.0,24,0
1782840277.143,699.620,251.3,79.11,100,53,88,1.7,3.8,251.6,79.11,100,69,83,1.8,38.2,245.2,79.11,100,44,87,19734.9,15845.7,237.7,79.11,100,45,85,67.3,4.3,74.0,24,0
1782840277.585,700.062,254.3,79.11,100,42,87,1.7,10.6,250.5,79.11,100,43,83,20241.8,17106.6,251.9,79.11,100,62,88,2.0,4.5,244.6,79.11,100,57,86,2.8,659.8,74.0,24,0
1782840278.032,700.509,248.8,79.11,100,39,88,9859.5,4.1,251.8,79.11,100,44,83,1.9,4.2,254.3,79.11,100,43,88,17310.5,12740.5,250.0,79.11,100,40,86,7296.9,5.4,74.0,24,0
1782840278.473,700.950,249.5,79.11,100,38,88,16156.7,5.1,248.4,79.11,100,42,83,3.3,9129.7,248.7,79.11,100,40,88,16185.5,10503.6,246.6,79.11,100,41,86,3.2,5.8,74.0,24,0
1782840278.915,701.392,249.5,79.11,100,38,88,1.9,7.8,248.8,79.11,100,41,83,20245.1,17109.8,247.0,79.11,100,40,87,2.6,5.4,242.0,79.11,100,38,86,1084.7,16817.5,74.0,24,0
1782840279.356,701.833,249.6,79.11,100,36,88,4.5,4.7,249.7,79.11,100,48,83,20742.9,14651.7,246.5,79.11,100,39,87,1440.3,4.6,240.4,79.11,100,38,86,1.8,575.2,74.0,24,0
1782840279.798,702.274,249.0,79.11,100,37,88,15771.5,4.3,249.7,79.11,100,48,83,2.0,4.2,250.2,79.11,100,39,87,20308.6,16581.8,243.0,79.11,100,38,85,4.5,5.0,74.0,24,0
1782840280.242,702.719,249.4,79.11,100,37,87,8203.6,12949.6,250.2,79.11,100,39,82,16696.7,4.3,252.2,79.11,100,42,88,2.2,4.6,246.7,79.11,100,41,86,9006.4,12714.3,74.0,24,0
1782840280.685,703.161,250.5,79.11,100,39,88,1.8,6.7,249.9,79.11,100,44,83,5.0,4703.7,252.2,79.11,100,42,88,15814.8,15052.8,246.7,79.11,100,41,86,2.7,4.6,74.0,24,0
1782840281.128,703.605,249.6,79.11,100,39,87,8913.8,12823.5,249.7,79.11,100,43,83,16101.7,4.2,249.8,79.11,100,42,88,1.8,4.2,247.9,79.11,100,39,86,6430.8,12783.3,74.0,24,0
1782840281.570,704.047,248.9,79.11,100,38,87,4.4,4.0,248.8,79.11,100,42,82,498.8,17178.8,248.9,79.11,100,40,88,20748.2,10.1,247.3,79.11,100,37,86,2.8,4.8,74.0,24,0
1782840282.014,704.491,249.7,79.11,100,38,87,20104.8,17107.1,249.0,79.11,100,43,82,4.1,4.4,249.9,79.11,100,42,88,2.6,3001.3,245.9,79.11,100,38,85,16213.6,16713.8,74.0,24,0
1782840282.457,704.934,249.7,79.11,100,37,88,3.5,14453.3,249.6,79.11,100,40,83,15580.7,6102.6,250.1,79.11,100,39,88,4.5,5.6,247.3,79.11,100,38,86,18425.1,13447.7,74.0,24,0
1782840282.899,705.376,249.7,79.11,100,37,88,20705.7,14296.8,250.6,79.11,100,46,83,2491.6,7.5,248.0,79.11,100,41,88,4.6,17285.8,242.8,79.11,100,39,85,19692.8,906.7,74.0,24,0
1782840283.341,705.817,249.9,79.11,100,39,88,15678.9,16109.5,247.2,79.11,98,10,83,16461.7,8593.5,249.6,79.11,100,42,88,1.9,4.3,235.6,79.11,100,11,86,1.9,14184.7,6.0,0,22
1782840283.784,706.260,245.5,79.11,99,9,89,20705.0,6.2,247.2,79.11,98,10,83,2.7,4.1,248.2,79.11,100,47,88,1.7,6709.3,241.8,79.11,100,41,86,15241.5,14133.7,6.0,0,22
1782840284.229,706.706,251.0,79.11,100,41,88,1.7,3.9,246.4,79.11,100,41,83,1.8,4286.3,246.4,79.11,100,40,87,16001.6,15722.7,241.8,79.11,100,41,86,2.8,4.2,6.0,0,22
1782840284.670,707.147,256.4,79.11,100,45,88,3.5,10304.3,250.5,79.11,100,62,83,20182.2,6520.2,246.4,79.11,100,40,87,8.5,8.7,243.3,79.11,100,40,85,1101.8,16829.7,6.0,0,22
1782840285.116,707.593,251.1,79.11,100,49,88,1.9,5.0,252.4,79.11,100,53,83,518.2,17124.2,251.5,79.11,100,57,88,20752.2,5.4,246.4,79.11,100,48,86,2.9,572.5,6.0,0,22
1782840285.558,708.035,248.5,79.11,100,36,88,2.8,7332.4,249.8,79.11,100,45,83,16052.8,12673.8,249.2,79.11,100,40,87,4.9,5.9,246.7,79.11,100,39,86,8117.1,14587.4,6.0,0,22
1782840286.003,708.480,248.9,79.11,100,38,88,18485.8,13217.0,249.3,79.11,100,43,83,6082.5,5.0,249.8,79.11,100,43,88,2.9,7159.4,243.2,79.11,99,38,85,16109.5,12890.3,6.0,0,22
1782840286.444,708.921,251.2,79.11,100,37,88,1.8,14784.1,250.2,79.11,100,40,83,15450.6,5933.4,251.9,79.11,100,42,88,2.7,4.6,244.3,79.11,100,45,86,1001.9,16864.3,6.0,0,22
1782840286.887,709.363,251.2,79.11,100,37,88,2.6,4.0,250.7,79.11,100,40,83,1.8,11334.8,252.9,79.11,100,50,88,15177.4,9552.1,245.4,79.11,100,46,86,2.4,5.1,6.0,0,22
1782840287.328,709.805,250.9,79.11,100,43,88,20709.7,17108.9,251.8,79.11,100,55,83,3.5,4.4,249.0,79.11,100,54,88,2.8,566.7,244.7,79.11,99,50,86,19710.9,17201.0,6.0,0,22
1782840287.770,710.247,250.2,79.11,100,51,88,9.8,9.8,251.8,79.11,100,55,83,3759.4,13374.5,251.3,79.11,100,55,88,19684.9,6.5,247.0,79.11,100,53,86,1.9,4.5,6.0,0,22
1782840288.216,710.693,249.6,79.11,100,49,88,17672.9,17108.3,250.3,79.11,100,50,83,3.5,4.5,251.7,79.11,100,58,88,1.9,10023.9,247.0,79.11,100,53,86,15439.7,10265.5,6.0,0,22
1782840288.657,711.134,249.9,79.11,100,46,88,2.7,4.0,249.4,79.11,100,45,83,18293.1,12686.4,251.7,79.11,100,58,88,6238.5,10.4,248.1,79.11,100,50,86,8.2,627.6,6.0,0,22
1782840289.106,711.583,249.4,79.11,100,48,88,15114.4,4.2,249.6,79.11,100,50,83,1.9,4.3,249.9,79.11,100,57,88,20321.3,14503.8,246.9,79.11,100,51,86,1548.7,5.0,6.0,0,22
1782840289.548,712.025,249.3,79.11,100,43,88,20704.3,5.3,249.5,79.11,100,48,83,3.0,26.2,247.8,79.11,100,47,88,19713.4,17193.0,245.4,79.11,100,39,85,8.9,5.8,6.0,0,22
1782840289.989,712.466,248.7,79.11,100,35,88,1.9,5.0,247.9,79.11,100,41,83,503.8,17144.8,249.0,79.11,100,41,88,20750.4,5.4,246.3,79.11,100,39,86,3.0,547.5,9.0,1,21
1782840290.434,712.911,248.7,79.11,100,35,88,20708.6,17114.2,241.4,79.11,100,12,82,2.3,4.2,247.9,79.11,98,27,87,1.8,553.6,235.3,79.11,99,12,86,19706.7,17202.5,9.0,1,21
1782840290.876,713.353,247.8,79.11,100,12,89,5738.4,3.6,250.5,79.11,100,63,83,2.7,4.1,246.3,79.11,100,51,88,1149.5,16765.7,241.4,79.11,100,62,86,20755.2,4.3,9.0,1,21
1782840291.318,713.795,250.0,79.11,100,41,88,1.8,3.8,250.5,79.11,100,63,83,4081.1,13700.8,250.6,79.11,100,51,88,19683.1,4.5,249.0,79.11,100,53,86,2.8,4.1,9.0,1,21
1782840291.760,714.237,250.5,79.11,100,41,88,20713.8,17109.2,255.6,79.11,100,43,82,4.4,9.8,253.2,79.11,100,40,88,9.9,9578.7,247.5,79.11,100,38,86,15261.4,10838.9,9.0,1,21
1782840292.207,714.684,247.7,79.11,100,38,88,10423.5,13132.7,247.6,79.11,100,41,83,13937.2,5.1,249.6,79.11,100,43,88,2.0,3050.1,247.5,79.11,100,38,86,16627.6,16718.1,9.0,1,21
1782840292.649,715.125,250.1,79.11,100,36,88,16032.5,6704.5,249.4,79.11,100,42,83,3.9,5.7,249.6,79.11,100,43,88,20034.3,17981.6,244.2,79.11,100,45,86,7.8,7.9,9.0,1,21
1782840293.096,715.572,250.1,79.11,100,36,88,2.1,4.7,250.5,79.11,100,39,83,1.9,8219.5,248.5,79.11,100,39,88,15844.8,11940.2,242.1,79.11,100,37,86,2.8,5.2,9.0,1,21
1782840293.538,716.015,249.4,79.11,100,43,88,15412.8,13061.2,249.0,79.11,100,44,83,2.8,4.4,247.0,79.11,100,38,87,2.5,14981.5,242.1,79.11,100,40,85,15107.2,5735.5,9.0,1,21
1782840293.979,716.456,249.4,79.11,100,39,88,6.8,7682.1,248.9,79.11,100,39,82,15796.3,12699.3,249.4,79.11,100,39,87,4.1,4.4,243.9,79.11,100,41,86,1.8,9467.7,9.0,1,21
1782840294.422,716.899,249.4,79.11,100,39,88,11766.7,3.9,248.8,79.11,100,44,83,3.4,4.3,251.3,79.11,100,40,88,11628.2,12687.5,246.5,79.11,100,40,86,12478.3,4.5,9.0,1,21
1782840294.864,717.341,250.0,79.11,100,39,88,1.8,12306.7,250.3,79.11,100,41,82,15112.8,8554.0,250.6,79.11,100,40,88,4.4,7.1,246.5,79.11,100,40,86,494.5,12848.6,9.0,1,21
1782840295.310,717.787,250.2,79.11,100,39,88,2.0,4.0,250.3,79.11,100,41,82,2.8,37.8,249.4,79.11,100,38,87,19718.4,17201.8,247.2,79.11,100,40,85,3.9,4.9,9.0,1,21
1782840295.766,718.243,250.4,79.11,100,38,88,20713.1,17113.4,249.2,79.11,100,41,82,3.2,4.3,249.8,79.11,100,40,87,4.4,3886.3,247.2,79.11,100,39,85,15751.8,15273.3,9.0,1,21
1782840296.215,718.692,249.7,79.11,100,38,88,1.8,6223.8,250.1,79.11,100,41,82,15959.8,13952.8,249.1,79.11,100,38,88,3.6,4.8,247.2,79.11,100,39,85,1087.7,16828.0,9.0,1,21
1782840296.657,719.134,249.9,79.11,100,36,88,2.0,17111.4,250.3,79.11,100,41,83,19140.8,1219.0,249.1,79.11,100,38,88,8.4,522.0,247.3,79.11,100,42,86,19717.6,17206.9,9.0,1,21
1782840297.104,719.580,249.1,79.11,100,36,88,25469.1,13211.5,250.0,79.11,100,41,83,20388.2,17097.9,248.1,79.11,100,41,87,20751.9,17192.5,243.2,79.11,100,38,86,20744.6,17188.3,12.0,2,20
1782840297.545,720.022,247.9,79.11,100,45,88,1.9,3.6,242.8,79.11,100,25,83,2.0,3.9,244.8,79.11,100,10,89,6827.3,12824.6,235.7,79.11,100,47,86,18042.0,4.0,12.0,2,20
1782840297.987,720.463,252.5,79.11,100,56,88,6.9,3.8,249.4,79.11,100,52,83,1.7,12096.5,249.1,79.11,100,43,88,14959.9,8594.1,241.1,79.11,100,38,86,2.3,4.5,12.0,2,20
1782840298.428,720.905,252.5,79.11,100,56,88,2.7,14445.6,259.3,79.11,100,66,83,15456.6,3839.6,248.9,79.11,100,45,88,2.9,4.6,250.5,79.11,100,48,86,1103.4,16831.6,12.0,2,20
1782840298.872,721.349,253.3,79.11,100,48,88,3.4,4.0,251.7,79.11,100,50,83,2.4,5199.4,252.0,79.11,100,53,88,15804.6,14912.6,246.5,79.11,100,48,86,2.0,5.4,12.0,2,20
1782840299.314,721.791,249.3,79.11,100,43,88,2.0,5.2,251.7,79.11,100,50,83,2407.3,15189.0,248.5,79.11,100,39,88,19110.7,5.7,246.0,79.11,100,38,85,4.7,8555.5,12.0,2,20
1782840299.759,722.236,249.0,79.11,100,35,89,8.1,17112.7,248.8,79.11,100,41,82,18098.4,2064.5,249.7,79.11,100,41,88,2.1,5.2,242.4,79.11,100,38,86,20782.4,13421.3,12.0,2,20
1782840300.202,722.678,248.4,79.11,100,37,88,1.9,16282.9,248.1,79.11,100,39,83,15755.7,4051.1,252.1,79.11,100,44,88,1.8,4.5,242.4,79.11,100,38,86,1084.4,16855.7,12.0,2,20
1782840300.643,723.120,250.6,79.11,100,37,88,1.9,4.4,251.3,79.11,100,43,83,1.9,16747.9,252.1,79.11,100,44,88,18237.7,1443.1,244.6,79.11,100,55,86,11.4,9.6,12.0,2,20
1782840301.087,723.564,251.4,79.11,100,37,88,17955.6,17108.5,251.4,79.11,100,50,83,1.7,4.3,252.3,79.11,100,46,88,1.8,3034.5,246.6,79.11,100,58,86,16371.0,16726.0,12.0,2,20
1782840301.528,724.005,250.4,79.11,100,39,88,1.7,4.0,250.4,79.11,100,51,83,2631.9,15013.8,249.8,79.11,100,56,88,20747.1,4.4,247.0,79.11,100,55,86,1.9,4.5,12.0,2,20
1782840301.969,724.446,250.2,79.11,100,39,88,16457.3,9465.9,250.1,79.11,100,49,83,1.8,4.3,251.7,79.11,100,53,88,3.5,9050.0,248.4,79.11,100,55,86,15308.5,11469.9,12.0,2,20
1782840302.416,724.893,250.2,79.11,100,39,88,2.8,4.4,249.9,79.11,100,47,83,19449.4,17107.8,251.4,79.11,100,50,88,1.7,4.2,246.7,79.11,100,53,86,3.4,645.0,12.0,2,20
1782840302.859,725.336,249.2,79.11,100,39,88,12070.5,4.1,250.2,79.11,100,52,83,1.8,4.4,250.6,79.11,100,52,88,20805.8,17202.8,245.6,79.11,100,51,86,5.0,4.9,12.0,2,20
1782840303.309,725.786,250.1,79.11,100,42,88,18444.2,1815.5,250.2,79.11,100,52,83,3.0,4.9,247.7,79.11,100,39,87,20305.2,17101.3,244.3,79.11,100,39,86,3.9,5.6,12.0,2,20
1782840303.751,726.228,248.0,79.11,100,35,88,8.4,8.0,248.0,79.11,100,49,83,526.7,17075.5,250.4,79.11,100,39,88,20750.9,5.4,244.1,79.11,100,39,86,2.1,567.5,12.0,2,20
1782840304.194,726.671,248.8,79.11,100,41,88,20707.1,4.7,249.6,79.11,100,42,83,2.3,4.0,250.4,79.11,100,39,88,491.8,16767.2,244.1,79.11,100,39,86,20752.4,4.3,14.0,3,19
1782840304.638,727.114,251.2,79.11,100,58,88,1.7,3.6,246.1,79.11,100,66,83,3.2,10091.9,242.8,79.11,100,15,87,15176.7,9312.1,236.0,79.11,100,47,85,5.0,8.3,14.0,3,19
1782840305.085,727.562,249.5,79.11,100,40,88,3.4,10915.6,249.0,79.11,100,51,83,15543.7,9735.2,248.6,79.11,100,62,88,3.5,4.2,244.9,79.11,100,67,86,1.8,706.5,14.0,3,19
1782840305.531,728.007,248.3,79.11,100,41,87,20698.2,4.8,252.6,79.11,100,44,82,3.6,4.4,258.8,79.11,100,51,88,1095.1,16775.0,252.1,79.11,100,46,86,20750.8,4.8,14.0,3,19
1782840305.972,728.449,247.7,79.11,100,37,87,2382.9,15122.3,247.5,79.11,100,41,83,20704.3,10.8,252.6,79.11,100,39,88,4.6,4934.8,245.1,79.11,100,39,86,16073.0,15030.5,14.0,3,19
1782840306.416,728.893,247.7,79.11,100,37,87,16208.3,7045.2,249.7,79.11,100,40,83,3.0,5.5,248.4,79.11,100,45,88,15423.5,13399.4,242.1,79.11,100,38,85,8450.3,5.5,14.0,3,19
1782840306.857,729.334,249.3,79.11,100,33,88,634.6,4.8,251.8,79.11,100,44,83,2.0,10580.2,250.3,79.11,100,37,88,16176.8,9316.8,240.2,79.11,100,43,86,7.8,4.7,14.0,3,19
1782840307.298,729.775,250.6,79.11,100,42,88,17098.3,2803.5,251.8,79.11,100,44,83,1.8,4.5,249.1,79.11,100,40,88,1088.0,16796.7,243.7,79.11,100,38,85,20757.4,5.2,14.0,3,19
1782840307.740,730.217,250.0,79.11,100,41,88,5.2,17118.5,249.6,79.11,100,48,83,20712.1,6.9,249.3,79.11,100,42,88,2.9,4.9,245.8,79.11,100,37,86,10944.3,12934.2,14.0,3,19
1782840308.189,730.666,248.3,79.11,100,37,88,4.3,3.9,248.0,79.11,100,42,82,2.2,14480.9,249.3,79.11,100,42,88,15490.8,5975.8,245.8,79.11,100,37,86,3.4,4.5,14.0,3,19
1782840308.631,731.108,249.9,79.11,100,38,87,20705.8,15358.5,248.9,79.11,100,42,83,1262.8,4.3,250.8,79.11,100,41,88,1.8,583.4,246.4,79.11,100,38,86,19825.8,15998.7,14.0,3,19
1782840309.082,731.559,249.4,79.11,100,39,87,3.6,4.3,250.3,79.11,100,41,83,15101.7,13093.4,249.7,79.11,100,41,88,9002.3,4.4,247.4,79.11,100,40,86,2.4,13.4,14.0,3,19
1782840309.524,732.001,249.3,79.11,100,39,88,20704.5,4.6,250.0,79.11,100,40,83,2.6,4.6,249.8,79.11,100,40,88,1121.6,16729.1,245.3,79.11,100,39,86,20760.7,4.6,14.0,3,19
1782840309.965,732.442,249.8,79.11,100,38,88,5295.0,12821.0,249.4,79.11,100,42,83,17956.0,4.9,250.4,79.11,100,41,88,1.9,535.8,245.7,79.11,100,45,86,19706.6,17200.6,14.0,3,19
1782840310.414,732.891,249.8,79.11,100,38,88,20706.1,17107.7,250.9,79.11,100,42,83,2.9,5.4,249.5,79.11,100,47,88,496.8,17296.0,243.6,79.11,100,39,85,20374.9,247.5,14.0,3,19
1782840310.856,733.333,249.9,79.11,100,37,88,20710.4,5.4,250.7,79.11,100,42,83,2.0,4132.4,248.7,79.11,100,39,88,27597.6,13714.2,241.1,79.11,100,43,86,20080.2,12985.6,17.0,4,18
1782840311.302,733.779,250.1,79.11,100,36,88,1.8,6047.7,250.7,79.11,100,42,83,15859.0,14253.7,244.5,79.11,100,65,88,2.6,4.0,239.7,79.11,100,61,86,2.4,514.8,17.0,4,18
1782840311.744,734.221,250.2,79.11,100,42,88,12917.9,12537.5,246.0,79.11,100,52,83,12484.2,4.0,248.5,79.11,100,48,88,1.9,5.1,242.5,79.11,100,39,86,2804.4,15069.8,17.0,4,18
1782840312.191,734.668,248.5,79.11,100,41,88,1607.1,3.7,247.8,79.11,100,40,83,2.5,4.1,248.5,79.11,100,48,88,6457.8,12893.6,242.5,79.11,100,39,86,18245.4,4.8,17.0,4,18
1782840312.633,735.110,249.5,79.11,100,51,88,1.8,17099.8,252.4,79.11,100,51,83,16838.6,3131.2,252.2,79.11,100,41,87,2.7,9.5,249.9,79.11,100,39,85,1121.1,16801.6,17.0,4,18
1782840313.078,735.555,249.6,79.11,100,37,88,2.0,14942.9,249.7,79.11,100,47,83,15806.8,5124.9,248.1,79.11,100,40,88,3.8,5.1,244.4,79.11,100,38,86,20327.0,15125.9,17.0,4,18
1782840313.519,735.996,249.2,79.11,100,39,88,20707.4,17107.8,251.5,79.11,100,39,83,2.1,5.7,249.2,79.11,100,39,88,3491.9,14180.6,242.6,79.11,100,38,85,19686.5,5.4,17.0,4,18
1782840313.960,736.437,250.8,79.11,100,37,88,15767.7,16485.7,251.0,79.11,100,40,83,2.9,5.0,250.7,79.11,100,43,88,1080.1,16795.4,243.7,79.11,100,45,86,20750.9,4.9,17.0,4,18
1782840314.402,736.879,250.8,79.11,100,37,88,1.8,6643.7,251.0,79.11,100,54,83,15827.1,13708.1,249.6,79.11,100,47,88,2.0,4.7,244.5,79.11,100,41,85,1082.0,16846.0,17.0,4,18
1782840314.844,737.321,251.3,79.11,100,46,88,1.9,9.3,250.9,79.11,100,51,83,3.5,87.0,248.8,79.11,100,41,87,19697.9,17192.2,242.4,79.11,100,37,85,5.2,7.1,17.0,4,18
1782840315.286,737.763,250.4,79.11,100,51,88,3.3,17116.9,250.9,79.11,100,51,83,20705.3,5.1,249.4,79.11,100,40,87,3.6,4.4,246.2,79.11,100,39,85,1124.2,16811.7,17.0,4,18
1782840315.728,738.204,249.9,79.11,100,52,88,5.1,9.4,251.7,79.11,100,60,83,8.6,71.6,250.9,79.11,100,43,88,19696.3,17198.6,246.2,79.11,100,39,85,4.4,5.2,17.0,4,18
1782840316.174,738.651,249.7,79.11,100,50,88,11163.5,12543.2,251.9,79.11,100,64,83,14012.0,4.3,250.9,79.11,100,43,88,2.1,4.5,249.0,79.11,100,42,85,16685.7,12611.0,17.0,4,18
1782840316.617,739.094,250.9,79.11,100,53,88,1.8,4.1,250.0,79.11,100,57,83,2.2,17051.7,250.7,79.11,100,43,88,16913.6,3351.2,246.9,79.11,100,41,85,10.9,9.6,17.0,4,18
1782840317.065,739.542,250.9,79.11,100,45,88,20705.5,4.3,251.8,79.11,100,60,83,1.9,4.7,249.9,79.11,100,43,87,14565.1,13200.3,247.0,79.11,100,40,85,9840.5,5.6,17.0,4,18
1782840317.506,739.983,248.1,79.11,100,36,88,13183.0,5.0,248.6,79.11,100,40,83,2.1,11561.2,250.0,79.11,100,38,88,15645.4,8185.4,246.1,79.11,100,38,86,2.6,5.7,17.0,4,18
1782840317.946,740.423,248.1,79.11,98,36,88,24493.0,13071.0,249.4,79.11,100,48,83,20102.1,13016.9,249.1,79.11,100,40,88,19356.4,13388.0,242.1,79.11,100,40,85,16516.5,4.2,20.0,5,17
1782840318.392,740.869,248.1,79.11,98,36,88,3.3,3.6,249.3,79.11,100,61,84,18470.6,12429.9,244.1,79.11,100,47,87,3988.1,4.0,236.5,79.11,100,43,85,2.6,4.0,20.0,5,17
1782840318.835,741.312,251.5,79.11,100,60,88,1.5,17114.2,250.5,79.11,100,42,83,20705.6,4.8,252.0,79.11,100,65,88,3.4,4.6,245.4,79.11,100,60,86,1139.8,16808.0,20.0,5,17
1782840319.277,741.754,251.4,79.11,100,40,88,20706.0,4.2,250.5,79.11,100,42,83,1.8,4.5,256.7,79.11,100,49,88,6090.4,12959.7,252.3,79.11,100,46,86,18801.3,4.4,20.0,5,17
1782840319.719,742.196,249.8,79.11,100,40,88,9.3,17116.1,254.1,79.11,100,43,83,20712.9,7.9,248.5,79.11,100,41,88,4.8,13.6,252.3,79.11,100,46,86,19736.2,17215.6,20.0,5,17
1782840320.169,742.646,249.1,79.11,99,36,88,20708.0,17106.8,247.3,79.11,100,41,82,3.4,5.8,248.5,79.11,100,41,88,4909.6,15028.1,246.0,79.11,100,44,86,17296.5,5.6,20.0,5,17
1782840320.615,743.092,248.6,79.11,100,36,88,8127.2,4.9,247.7,79.11,100,39,82,2.4,10514.9,246.1,79.11,100,38,87,16146.5,9314.0,242.3,79.11,100,38,85,8.2,8.1,20.0,5,17
1782840321.059,743.536,249.8,79.11,100,45,88,12950.2,3.8,251.1,79.11,100,48,83,3.3,4.3,247.7,79.11,100,43,88,14600.4,13108.0,239.1,79.11,100,39,85,9843.4,4.6,20.0,5,17
1782840321.503,743.980,250.2,79.11,100,38,88,12065.0,13140.5,251.2,79.11,100,42,83,12377.4,4.2,251.1,79.11,100,39,87,4.4,4.2,243.4,79.11,100,38,85,8939.4,12863.1,20.0,5,17
1782840321.945,744.422,249.0,79.11,100,39,87,5.0,4.3,248.5,79.11,100,41,83,531.2,17125.0,250.5,79.11,100,39,88,20747.6,4.2,248.0,79.11,100,41,85,3.1,4.4,20.0,5,17
1782840322.391,744.868,249.0,79.11,100,39,87,20711.4,17107.7,249.0,79.11,100,42,82,2.0,4.4,249.9,79.11,100,40,88,4.5,567.8,246.7,79.11,100,40,85,19712.2,17199.9,20.0,5,17
1782840322.831,745.308,249.6,79.11,100,39,88,1.8,4.0,249.6,79.11,100,42,82,89.2,17207.2,250.0,79.11,100,41,88,19410.6,762.5,246.5,79.11,100,40,85,4.3,7.5,20.0,5,17
1782840323.275,745.752,250.3,79.11,100,40,88,15940.0,15216.0,249.6,79.11,100,42,82,2.4,4.3,249.5,79.11,100,40,87,2.7,2105.7,247.2,79.11,100,41,86,16850.0,17202.9,20.0,5,17
1782840323.716,746.193,250.1,79.11,100,40,88,8.3,7.0,250.0,79.11,100,44,82,16544.8,12647.0,249.8,79.11,100,40,88,7573.4,4.8,247.2,79.11,100,41,86,2.8,574.3,20.0,5,17
1782840324.160,746.637,249.1,79.11,100,37,88,2.0,5.0,249.4,79.11,100,41,82,520.2,17115.8,249.8,79.11,100,40,88,20752.6,5.8,245.6,79.11,100,37,85,8.3,3898.3,20.0,5,17
1782840324.608,747.085,250.8,79.11,100,41,88,2.6,10791.9,250.9,79.11,100,41,83,16053.7,9557.4,250.0,79.11,100,41,88,2.0,5.7,243.5,79.11,100,41,86,10549.6,20889.3,23.0,6,16
1782840325.059,747.535,247.0,79.11,98,17,88,1.8,4.0,250.1,79.11,100,41,83,3.4,13838.3,248.7,79.11,100,40,88,16232.0,5968.4,243.2,79.11,100,42,86,1.9,4.2,23.0,6,16
1782840325.501,747.977,249.2,79.11,100,42,88,3.4,3.4,245.8,79.11,100,46,84,19637.2,17110.2,244.2,79.11,100,48,88,4.2,3.9,240.5,79.11,100,43,86,1.8,4.4,23.0,6,16
1782840325.943,748.420,254.5,79.11,100,50,88,20709.2,17110.6,252.6,79.11,100,64,83,5.3,4.1,247.5,79.11,100,40,87,1.8,542.6,240.9,79.11,100,42,85,19734.8,16488.7,23.0,6,16
1782840326.391,748.868,254.5,79.11,100,50,88,3.4,4.1,253.8,79.11,100,48,83,1.9,10644.7,255.3,79.11,100,63,88,15784.5,9358.8,249.1,79.11,100,57,86,1.9,4.5,23.0,6,16
1782840326.832,749.309,250.2,79.11,100,38,88,15934.6,4274.8,251.0,79.11,100,47,83,2.1,5.4,251.6,79.11,100,53,88,19158.2,12924.8,247.2,79.11,100,43,86,5212.8,9.9,23.0,6,16
1782840327.275,749.752,250.0,79.11,100,37,88,3.0,5.1,251.0,79.11,100,47,83,511.2,17133.4,247.5,79.11,100,37,88,20748.5,5.6,242.9,79.11,100,41,86,3.1,576.7,23.0,6,16
1782840327.716,750.193,248.9,79.11,100,36,88,8.2,7.6,247.6,79.11,100,41,83,20240.6,17113.4,247.6,79.11,100,40,87,5.6,5.1,242.9,79.11,100,41,86,2.9,8965.9,23.0,6,16
1782840328.160,750.637,248.4,79.11,100,37,88,2.6,4.2,246.9,79.11,100,40,83,3.5,5846.0,247.6,79.11,100,40,87,15549.9,14322.9,243.1,79.11,100,38,85,1.8,4.6,23.0,6,16
1782840328.601,751.078,249.2,79.11,100,37,88,20709.8,17105.6,250.0,79.11,100,40,83,2.8,4.8,250.9,79.11,100,48,88,3.6,8551.9,245.1,79.11,100,50,86,19463.1,8596.9,23.0,6,16
1782840329.043,751.520,250.6,79.11,100,38,88,1.8,4.1,251.5,79.11,100,45,83,18103.7,12685.7,252.8,79.11,100,47,88,6662.1,4.4,245.7,79.11,100,55,86,3.5,5.7,23.0,6,16
1782840329.484,751.960,249.3,79.11,100,38,88,19400.2,1084.0,250.9,79.11,100,44,83,2.8,4.3,251.1,79.11,100,56,88,617.3,16817.2,247.2,79.11,100,55,86,20243.6,472.9,23.0,6,16
1782840329.924,752.400,249.3,79.11,100,38,88,2.8,6.6,249.2,79.11,100,43,83,20220.8,17111.5,251.9,79.11,100,57,88,1.8,4.4,247.7,79.11,100,56,86,1.8,4293.1,23.0,6,16
1782840330.370,752.847,248.8,79.11,100,38,88,4672.7,4.1,250.4,79.11,100,51,83,1.8,22.9,251.1,79.11,100,53,88,19730.7,17201.3,245.3,79.11,100,56,86,2.0,4.5,23.0,6,16
1782840330.813,753.290,249.2,79.11,100,38,88,20706.1,14259.4,250.4,79.11,100,51,83,2816.2,4.8,250.3,79.11,100,54,88,2.0,8163.1,243.3,79.11,100,44,86,15846.9,11999.0,23.0,6,16
1782840331.255,753.732,250.7,79.11,100,42,88,18849.2,17107.8,250.7,79.11,100,50,83,3.8,5.3,248.0,79.11,100,38,87,1106.7,16743.8,246.4,79.11,100,41,86,20751.6,5.6,23.0,6,16
1782840331.698,754.174,248.4,79.11,100,35,88,12906.5,10.4,247.6,79.11,100,42,83,8.1,12889.4,248.0,79.11,100,38,87,22821.8,16991.2,246.4,79.11,100,41,86,20727.1,14011.1,26.0,7,15
1782840332.144,754.621,243.5,79.11,100,11,89,1.8,14569.3,246.8,79.11,98,39,82,15880.0,5690.4,247.6,79.11,100,40,88,2.7,3.8,240.5,79.11,98,18,86,3.4,612.6,26.0,7,15
1782840332.586,755.063,251.6,79.11,100,55,88,9879.1,12533.3,251.3,79.11,100,67,84,15269.9,4.2,244.9,79.11,100,44,87,1.8,4.3,237.9,79.11,100,42,85,1163.7,16759.7,26.0,7,15
1782840333.029,755.506,252.0,79.11,100,40,87,11620.2,3.7,251.4,79.11,100,42,83,1.8,4.0,251.6,79.11,100,60,88,1117.1,16780.4,248.8,79.11,100,57,86,20752.0,5.1,26.0,7,15
1782840333.470,755.947,248.9,79.11,100,38,87,1.7,7361.4,247.4,79.11,100,44,83,15762.0,12970.9,253.6,79.11,100,41,88,1.9,4.4,249.5,79.11,100,38,85,1.9,10898.6,26.0,7,15
1782840333.913,756.390,248.9,79.11,100,38,87,3.6,7606.0,248.2,79.11,100,41,83,16417.8,12275.7,248.6,79.11,100,39,88,3.1,6.4,245.1,79.11,100,42,86,15800.7,13202.5,26.0,7,15
1782840334.355,756.832,249.4,79.11,100,37,88,20708.0,17111.3,248.9,79.11,100,42,83,5.0,11.2,247.1,79.11,100,38,87,6009.5,13732.6,242.2,79.11,100,40,86,17665.3,5.5,26.0,7,15
1782840334.799,757.276,249.7,79.11,100,34,88,15409.5,9064.2,248.9,79.11,100,42,83,2.8,5.2,247.4,79.11,100,39,87,3423.1,14388.1,240.0,79.11,100,38,86,19691.2,4.8,26.0,7,15
1782840335.240,757.717,249.1,79.11,100,38,88,1.8,16506.5,249.8,79.11,100,47,83,15448.5,4336.9,250.4,79.11,100,38,87,1.9,5.0,242.8,79.11,100,37,85,6417.8,13350.2,26.0,7,15
1782840335.683,758.160,249.4,79.11,100,38,88,1.8,6.9,249.7,79.11,100,40,82,512.4,17160.8,250.4,79.11,100,38,87,20753.4,6.8,242.8,79.11,100,37,85,4.0,4.4,26.0,7,15
1782840336.128,758.605,250.0,79.11,100,39,89,17995.8,17107.8,250.4,79.11,100,42,82,2.7,4.2,252.1,79.11,100,43,88,1.8,2106.5,246.9,79.11,100,46,86,17247.8,17192.3,26.0,7,15
1782840336.569,759.045,249.8,79.11,100,38,88,1.8,3.9,249.9,79.11,100,42,83,10299.1,12684.9,251.3,79.11,100,43,88,14187.3,4.3,246.4,79.11,100,43,86,2.6,4.8,26.0,7,15
1782840337.010,759.487,249.3,79.11,100,37,88,20709.5,4.2,250.0,79.11,100,41,83,2.5,4.6,249.5,79.11,100,44,88,9842.3,12960.2,246.9,79.11,100,42,86,14784.1,4.3,26.0,7,15
1782840337.453,759.930,249.7,79.11,100,38,88,1.8,17113.0,250.6,79.11,100,41,83,18147.7,2210.6,250.8,79.11,100,54,88,1.8,4.5,247.2,79.11,100,51,86,1127.0,16793.3,26.0,7,15
1782840337.894,760.371,249.7,79.11,100,38,88,1.9,4.6,250.3,79.11,100,43,83,20239.2,17110.4,249.6,79.11,100,47,88,10.2,5.7,244.0,79.11,100,45,86,1183.5,16253.1,26.0,7,15
1782840338.338,760.815,250.5,79.11,100,42,88,10377.4,13488.9,248.1,79.11,100,41,83,13814.4,5.6,248.5,79.11,100,40,88,2.7,10484.1,244.3,79.11,100,38,86,17108.4,6457.4,26.0,7,15
1782840338.782,761.259,249.5,79.11,100,35,88,19766.3,17299.7,248.1,79.11,100,41,83,17771.3,2294.5,244.5,79.11,98,27,87,1.8,4.3,234.7,79.11,100,12,86,1.6,17288.1,29.0,8,14
1782840339.228,761.704,247.6,79.11,100,59,89,19808.0,3.6,242.3,79.11,100,12,82,2.6,4.0,246.8,79.11,100,54,88,1.5,9824.6,234.7,79.11,100,12,86,14941.4,11207.4,29.0,8,14
1782840340.126,762.602,251.0,79.11,100,41,88,7852.3,13004.5,255.6,79.11,100,43,82,17074.2,4.3,250.6,79.11,100,50,88,1.8,4.5,248.8,79.11,100,51,86,10429.4,12947.5,29.0,8,14
1782840340.568,763.045,248.0,79.11,100,37,87,2.0,4.9,248.9,79.11,100,42,83,20251.9,17107.5,253.3,79.11,100,38,88,2.2,5.5,246.4,79.11,100,38,85,1090.7,16804.4,29.0,8,14
1782840341.010,763.487,250.4,79.11,100,35,88,4877.0,13335.3,249.8,79.11,100,43,83,17503.7,5.4,249.3,79.11,100,41,88,3.7,4482.6,243.3,79.11,100,44,86,16428.5,15176.6,29.0,8,14
1782840341.452,763.929,250.8,79.11,100,37,88,15860.6,6367.9,250.0,79.11,100,38,83,1.9,5.0,248.6,79.11,100,39,88,5732.2,15233.2,241.0,79.11,100,36,86,16204.2,4.8,29.0,8,14
1782840341.895,764.371,250.8,79.11,100,37,88,19385.8,12705.7,248.7,79.11,100,41,83,5652.3,7.1,247.0,79.11,100,40,88,4.5,543.0,242.2,79.11,100,40,85,19724.3,17214.5,29.0,8,14
1782840342.337,764.813,249.4,79.11,100,40,88,1.8,6.3,248.9,79.11,100,41,83,19658.3,12548.5,249.7,79.11,100,38,88,4842.9,4.6,244.3,79.11,99,41,85,3.7,653.8,29.0,8,14
1782840342.783,765.260,248.8,79.11,99,39,87,7299.3,6.6,248.9,79.11,100,41,83,1.8,4.3,251.5,79.11,99,41,88,15958.3,12604.2,246.7,79.11,100,45,86,9227.3,4.6,29.0,8,14
1782840343.226,765.703,249.5,79.11,100,39,88,1.9,17113.6,250.5,79.11,100,43,83,20706.2,4.7,250.9,79.11,100,40,88,2.7,4.4,246.7,79.11,100,45,86,1134.5,16776.9,29.0,8,14
1782840343.668,766.145,249.9,79.11,100,39,89,1.9,4.3,250.6,79.11,100,44,83,4.5,8681.3,250.9,79.11,100,40,88,21817.2,2874.4,247.6,79.11,100,45,86,4.5,4.4,29.0,8,14
1782840344.118,766.595,250.4,79.11,100,38,88,18366.2,17109.9,249.5,79.11,100,41,82,2.6,4.3,250.1,79.11,100,39,88,3.9,7337.7,246.1,79.11,100,48,86,15705.9,12979.0,29.0,8,14
1782840344.559,767.036,249.8,79.11,100,39,88,8.3,2193.8,249.7,79.11,100,43,83,17262.7,17106.9,249.2,79.11,100,48,88,2.7,5.1,247.3,79.11,100,54,86,1103.9,16800.5,29.0,8,14
1782840345.008,767.485,250.2,79.11,100,36,88,3.7,17111.3,250.6,79.11,100,46,83,20710.3,7.7,248.8,79.11,100,45,88,4.5,495.9,243.7,79.11,100,48,86,19732.4,17196.3,29.0,8,14
1782840345.452,767.929,249.5,79.11,100,36,88,18414.2,17108.2,249.4,79.11,100,39,83,3.9,5.6,247.8,79.11,100,37,88,5563.9,23119.9,241.7,79.11,100,39,86,15432.3,15943.0,32.0,9,13
1782840345.896,768.373,249.5,79.11,100,36,88,1.7,4.0,243.8,79.11,100,60,83,2685.6,15015.8,240.5,79.11,100,13,88,19999.3,4.1,235.8,79.11,99,60,86,2.7,3.8,32.0,9,13
1782840346.338,768.815,249.2,79.11,100,47,88,1.8,2.7,249.1,79.11,100,41,83,20216.4,17108.8,249.2,79.11,100,69,88,2.3,4.5,241.7,79.11,100,55,86,1.9,608.6,32.0,9,13
1782840346.779,769.256,249.4,79.11,100,40,88,15432.6,11334.7,249.1,79.11,100,41,83,1.8,4.2,251.2,79.11,100,42,88,1.8,582.8,250.2,79.11,100,40,84,19719.3,17226.8,32.0,9,13
1782840347.223,769.700,250.1,79.11,100,47,88,3.4,4.2,254.5,79.11,100,44,82,8934.8,13131.8,247.5,79.11,100,39,87,15071.4,4.3,250.2,79.11,100,40,84,3.6,4.3,32.0,9,13
1782840347.665,770.142,249.8,79.11,100,40,88,1.9,4.8,250.3,79.11,100,42,82,4988.4,13073.8,247.5,79.11,100,39,87,8742.6,10.7,245.4,79.11,100,39,85,1110.2,16782.7,32.0,9,13
1782840348.120,770.597,250.7,79.11,100,34,88,3753.0,13831.6,251.1,79.11,100,39,83,19999.1,5.6,250.9,79.11,100,45,88,3.8,7501.8,244.1,79.11,100,40,86,17443.5,10824.5,32.0,9,13
1782840348.562,771.038,249.8,79.11,100,37,88,15794.8,12869.8,250.4,79.11,100,40,83,8909.8,5.0,249.2,79.11,100,37,88,2.0,11572.7,242.9,79.11,100,43,86,15789.2,8615.1,32.0,9,13
1782840349.008,771.485,250.6,79.11,100,48,88,3.4,4.0,251.3,79.11,100,59,83,20235.6,17108.9,247.8,79.11,100,40,87,3.6,4.7,242.3,79.11,100,38,85,1.8,8787.2,32.0,9,13
1782840349.451,771.928,249.7,79.11,100,45,88,4281.0,4.1,250.8,79.11,100,57,83,1.8,4.5,249.0,79.11,100,39,88,19738.6,17193.4,243.3,79.11,100,39,84,3.6,4.5,32.0,9,13
1782840349.896,772.373,249.7,79.11,100,45,88,1.8,17115.6,250.2,79.11,100,55,83,20686.2,7.4,249.9,79.11,100,41,88,4.7,4.5,245.5,79.11,100,39,85,1117.4,16838.4,32.0,9,13
1782840350.338,772.815,250.6,79.11,100,51,88,1.8,3.9,251.9,79.11,100,57,83,1.8,37.1,249.3,79.11,100,40,87,19722.5,17193.8,246.8,79.11,100,40,84,2.5,4.5,32.0,9,13
1782840350.782,773.259,251.2,79.11,100,53,88,9711.3,12882.1,251.9,79.11,100,57,83,15329.5,4.4,248.5,79.11,100,39,87,2.3,4.4,247.0,79.11,100,38,84,15796.0,12797.0,32.0,9,13
1782840351.227,773.704,249.6,79.11,100,49,88,2.2,3.9,251.6,79.11,100,55,83,498.3,17169.3,249.2,79.11,100,39,87,20752.0,4.8,247.0,79.11,100,38,84,3.4,4.6,32.0,9,13
1782840351.669,774.146,250.4,79.11,100,48,88,20705.4,4.3,249.4,79.11,100,53,83,3.5,10.0,249.2,79.11,100,39,87,20753.5,17202.4,246.0,79.11,100,40,85,5.5,5.6,32.0,9,13
1782840352.117,774.594,248.8,79.11,100,36,88,3.8,5.2,248.3,79.11,100,42,83,501.3,17145.0,251.0,79.11,100,40,87,20752.5,5.3,246.4,79.11,100,38,85,2.2,548.8,32.0,9,13
1782840352.559,775.036,248.4,79.11,100,37,88,20705.7,17111.4,250.7,79.11,100,42,83,20703.4,17102.5,249.8,79.11,100,38,87,20743.7,17191.1,242.8,79.11,100,39,85,3.5,4.4,35.0,10,12
1782840353.007,775.484,249.7,79.11,100,43,88,1.7,10555.1,245.2,79.11,100,49,83,15104.3,10389.5,242.6,79.11,100,34,87,1.7,4.7,236.3,79.11,100,47,84,1.8,596.4,35.0,10,12
1782840353.449,775.925,251.6,79.11,100,48,88,20707.4,15449.3,252.1,79.11,100,68,83,1022.3,4.4,248.3,79.11,99,40,87,2.7,4.3,242.0,79.11,100,47,85,18167.3,12831.0,35.0,10,12
1782840353.891,776.368,251.6,79.11,100,48,88,1.9,4.1,256.4,79.11,100,46,83,3.1,86.9,255.6,79.11,100,63,88,19702.2,17200.0,252.5,79.11,100,62,86,1.9,4.4,35.0,10,12
1782840354.334,776.811,250.4,79.11,100,41,88,14078.5,12848.3,248.2,79.11,100,41,83,10582.8,5.2,252.9,79.11,100,51,88,2.0,8114.7,249.9,79.11,100,52,86,16393.8,11598.9,35.0,10,12
1782840354.775,777.251,249.1,79.11,100,37,88,15984.4,8146.7,248.2,79.11,100,41,83,4.6,5.6,246.3,79.11,100,40,88,20574.8,13059.8,245.1,79.11,100,37,85,3634.3,5.3,35.0,10,12
1782840355.219,777.696,248.3,79.11,100,35,88,3.6,5.0,246.2,79.11,100,40,82,490.0,17171.9,248.3,79.11,100,37,87,20754.1,5.5,245.1,79.11,100,37,85,3.0,4.9,35.0,10,12
1782840355.661,778.138,248.4,79.11,100,37,88,2585.6,4.0,248.9,79.11,100,44,83,1.8,33.3,248.3,79.11,100,37,87,19723.3,17202.9,242.2,79.11,100,39,86,7.0,5.9,35.0,10,12
1782840356.107,778.584,250.2,79.11,100,37,89,20709.9,17108.5,251.0,79.11,100,42,83,2.0,4.3,252.0,79.11,100,43,88,2.7,512.7,244.0,79.11,100,43,85,19738.9,15778.8,35.0,10,12
1782840356.549,779.026,250.3,79.11,100,38,88,1.7,4.1,250.5,79.11,100,41,83,4075.2,14791.8,253.3,79.11,100,54,88,17951.5,4.4,247.7,79.11,100,50,86,3.5,4.4,35.0,10,12
1782840356.992,779.469,249.4,79.11,100,39,87,16148.4,17111.8,249.8,79.11,100,41,83,2.3,4.4,250.7,79.11,100,55,88,2.0,8537.2,246.0,79.11,100,55,86,15486.4,11696.7,35.0,10,12
1782840357.436,779.913,249.4,79.11,100,39,87,2.8,4.1,250.0,79.11,100,43,83,4467.0,13413.6,250.0,79.11,100,51,88,19644.7,4.5,248.3,79.11,100,54,86,1.8,4.6,35.0,10,12
1782840357.877,780.353,249.1,79.11,100,40,88,15426.8,4415.4,248.7,79.11,100,42,83,4.2,4.3,249.4,79.11,100,48,88,4.8,15010.5,247.3,79.11,100,52,86,15190.2,5705.5,35.0,10,12
1782840358.317,780.794,249.6,79.11,100,39,87,3.4,3.9,248.7,79.11,100,42,83,20246.7,17107.7,249.9,79.11,100,50,88,4.4,4.6,246.9,79.11,100,53,86,2.0,4514.4,35.0,10,12
1782840358.758,781.234,249.0,79.11,100,38,87,10.0,10.4,249.0,79.11,100,42,83,20741.5,17108.2,248.7,79.11,100,47,88,2.1,5.5,243.8,79.11,100,38,85,1106.7,16769.4,35.0,10,12
1782840359.211,781.688,249.1,79.11,100,38,88,1.8,17117.2,251.4,79.11,100,43,83,20704.9,5.2,248.8,79.11,100,39,88,2.9,528.4,243.8,79.11,100,38,85,19716.2,17196.5,38.0,11,11
1782840359.653,782.130,249.6,79.11,100,36,88,2.7,4.1,249.0,79.11,100,42,83,1.7,17135.0,248.8,79.11,100,39,88,20749.9,10.2,243.6,79.11,100,43,86,12.7,6.7,38.0,11,11
1782840360.105,782.582,250.1,79.11,100,42,88,1.6,17113.1,245.8,79.11,100,49,83,20711.1,4.0,244.5,79.11,100,65,88,2.5,4.1,241.1,79.11,100,62,86,1.7,4079.2,38.0,11,11
1782840360.550,783.027,249.8,79.11,100,43,88,20706.6,4.3,247.9,79.11,100,42,82,2.0,4.0,247.9,79.11,100,43,88,1.7,10749.7,241.1,79.11,100,38,85,14918.4,10220.5,38.0,11,11
1782840360.991,783.468,251.7,79.11,100,54,88,1.8,4.3,253.8,79.11,100,60,83,5523.4,13068.6,254.9,79.11,100,41,88,18243.3,5.3,245.9,79.11,99,38,84,1.9,5.0,38.0,11,11
1782840361.437,783.914,251.7,79.11,100,54,88,11031.6,5.0,251.9,79.11,100,55,83,2.7,9265.1,246.7,79.11,100,38,87,16166.0,10381.4,244.3,79.11,100,38,84,2.1,5.4,38.0,11,11
1782840361.878,784.355,249.1,79.11,100,41,88,2.0,5.0,251.5,79.11,100,37,83,20742.9,14797.3,250.3,79.11,100,39,88,1246.4,7.7,243.7,79.11,100,36,86,492.6,17295.3,38.0,11,11
1782840362.320,784.797,249.9,79.11,100,38,88,3.6,17113.8,251.5,79.11,100,37,83,18038.4,2092.5,250.4,79.11,100,40,88,4.1,4.8,245.3,79.11,100,45,86,2584.8,15127.6,38.0,11,11
1782840362.763,785.240,250.3,79.11,100,37,88,8.0,4.4,250.3,79.11,100,41,83,5240.4,12976.6,249.1,79.11,100,53,88,17374.3,4.4,243.3,79.11,100,48,86,3.5,4.3,38.0,11,11
1782840363.210,785.687,250.3,79.11,100,42,88,20704.2,4.4,250.7,79.11,100,52,83,3.0,4.8,250.2,79.11,100,44,87,17116.6,12686.7,243.3,79.11,100,48,86,7590.7,4.5,38.0,11,11
1782840363.652,786.129,251.3,79.11,100,50,88,1.8,17114.3,251.3,79.11,100,49,83,19076.8,1268.1,250.2,79.11,100,44,87,6.4,10.1,241.9,79.11,100,39,84,1158.6,16742.3,38.0,11,11
1782840364.100,786.577,250.6,79.11,100,51,88,1.8,4.1,250.2,79.11,100,58,83,1.8,6122.9,250.8,79.11,100,41,87,15248.5,14322.4,245.2,79.11,100,38,84,1.9,4.5,38.0,11,11
1782840364.541,787.018,250.1,79.11,100,52,88,17983.6,12836.2,250.3,79.11,100,60,83,6920.3,4.2,250.0,79.11,100,39,87,3.1,18.4,247.1,79.11,100,39,84,19743.9,15057.0,38.0,11,11
1782840364.983,787.460,250.3,79.11,100,51,88,5.1,4.1,248.5,79.11,100,52,83,4560.0,13300.3,249.4,79.11,100,39,87,19246.2,4.5,245.4,79.11,100,39,85,2.9,4.6,38.0,11,11
1782840365.425,787.902,250.3,79.11,100,51,88,20706.2,4.6,250.3,79.11,100,48,83,2.0,18.1,250.1,79.11,100,39,88,19719.6,17193.5,245.3,79.11,100,38,85,2.0,5.2,38.0,11,11
1782840365.868,788.345,249.3,79.11,100,38,88,2.0,5.0,250.4,79.11,100,40,83,491.3,17169.7,251.4,79.11,100,40,88,20747.3,11.3,243.9,79.11,100,40,86,3.8,2749.4,38.0,11,11
1782840366.315,788.792,249.8,79.11,100,40,88,2.1,11120.1,250.4,79.11,100,40,83,27203.2,13760.1,249.7,79.11,100,39,88,19250.6,12698.7,244.3,79.11,100,39,86,19430.6,12650.7,41.0,12,10
1782840366.759,789.236,246.9,79.11,98,14,88,15777.8,9599.4,249.1,79.11,100,41,82,5.5,3.7,244.2,79.11,100,48,88,2.2,524.7,239.9,79.11,100,47,85,18643.5,12429.3,41.0,12,10
1782840367.204,789.681,249.0,79.11,100,41,88,20704.8,4.3,246.3,79.11,100,45,83,1.8,4.2,244.2,79.11,100,48,88,1108.3,16825.7,239.9,79.11,100,47,85,19147.7,1321.7,41.0,12,10
1782840367.646,790.123,251.1,79.11,100,52,88,1.7,3.6,251.6,79.11,100,64,83,1.6,17231.7,246.8,79.11,100,38,87,18560.3,1915.8,240.4,79.11,100,42,85,5.4,9.3,41.0,12,10
1782840368.092,790.569,250.7,79.11,100,39,88,18167.2,17108.2,253.2,79.11,100,47,83,3.4,4.5,255.2,79.11,100,63,88,3.6,2745.4,248.8,79.11,100,57,86,16727.4,17192.1,41.0,12,10
1782840368.533,791.010,250.2,79.11,100,38,88,20709.4,17113.4,251.1,79.11,100,45,83,2.2,5.7,252.2,79.11,100,54,88,2832.0,15022.7,247.3,79.11,100,44,86,20264.4,5.6,41.0,12,10
1782840368.976,791.453,248.8,79.11,100,36,88,14739.9,5.4,248.7,79.11,100,41,83,2.2,14666.5,247.2,79.11,100,38,88,15714.8,5016.3,243.2,79.11,100,43,86,3.7,5.4,41.0,12,10
1782840369.418,791.895,248.8,79.11,100,36,88,6228.5,4.9,247.3,79.11,100,40,82,2.8,7649.6,247.0,79.11,100,39,87,16291.7,12048.0,242.5,79.11,100,39,85,2.7,4.5,41.0,12,10
1782840369.859,792.336,248.0,79.11,100,37,87,20707.5,14993.0,250.0,79.11,100,40,83,1545.7,5.1,250.9,79.11,100,43,88,2.1,16729.3,244.5,79.11,100,49,86,20754.0,4.9,41.0,12,10
1782840370.309,792.786,249.6,79.11,100,37,88,1.9,11206.6,250.0,79.11,100,40,83,15773.2,9394.6,252.6,79.11,100,46,88,1.9,4.5,246.8,79.11,100,55,86,2.0,12805.1,41.0,12,10
1782840370.752,793.228,250.7,79.11,100,38,88,6978.3,7.0,252.4,79.11,100,47,83,5.0,3.7,250.2,79.11,100,54,88,20323.2,13920.7,246.9,79.11,100,54,86,2325.3,4.6,41.0,12,10
1782840371.195,793.672,250.0,79.11,100,38,88,3.1,16803.2,250.1,79.11,100,44,83,20707.1,4.3,250.2,79.11,100,54,88,4.0,4.3,246.9,79.11,100,54,86,1150.7,16748.8,41.0,12,10
1782840371.638,794.115,250.1,79.11,100,37,88,3.5,4.2,249.6,79.11,100,47,83,520.5,17124.2,250.1,79.11,100,57,88,20752.1,7.1,247.2,79.11,100,55,86,6.0,9.2,41.0,12,10
1782840372.084,794.560,249.8,79.11,100,42,88,17254.6,2499.5,250.9,79.11,100,57,83,4.4,4.4,249.9,79.11,100,50,88,1093.6,16775.6,244.0,79.11,100,51,86,20751.8,5.1,41.0,12,10
1782840372.525,795.002,249.0,79.11,100,44,88,20708.4,17115.6,249.2,79.11,100,48,83,2.2,5.6,249.9,79.11,100,45,88,1078.4,16785.0,242.3,79.11,100,38,85,20747.0,5.7,41.0,12,10
1782840372.966,795.443,249.0,79.11,100,34,88,17573.7,8.0,249.0,79.11,100,41,83,2.1,12474.0,251.0,79.11,100,39,88,16133.8,7167.3,246.7,79.11,100,42,86,3.8,5.5,41.0,12,10
1782840373.411,795.887,249.0,79.11,100,34,88,16488.4,7110.7,245.8,79.11,98,24,83,1.8,4.2,249.0,79.11,100,39,88,1.9,17249.3,238.3,79.11,98,10,86,19295.7,1157.3,43.0,13,9
1782840373.853,796.330,243.5,79.11,100,11,89,1.7,3.6,248.4,79.11,100,49,83,1.7,6991.7,244.8,79.11,100,45,87,15421.7,12692.8,236.9,79.11,100,41,86,8.4,4.1,43.0,13,9
1782840374.295,796.772,251.6,79.11,100,60,88,1.8,7309.7,248.4,79.11,100,49,83,15685.5,12985.7,248.4,79.11,100,53,88,2.9,4.3,241.6,79.11,100,52,86,1.7,700.9,43.0,13,9
1782840374.740,797.217,253.8,79.11,100,45,88,20537.5,7.6,251.4,79.11,100,57,83,7.6,6.9,254.4,79.11,100,59,88,4026.8,13772.8,249.8,79.11,100,52,86,19689.4,4.6,43.0,13,9
1782840375.188,797.665,251.0,79.11,100,38,88,15337.3,13012.2,251.2,79.11,100,40,83,3780.6,5.3,254.4,79.11,100,59,88,2.9,17009.1,249.8,79.11,100,52,86,17611.6,2692.6,43.0,13,9
1782840375.633,798.110,248.4,79.11,100,41,88,20707.6,5.0,248.7,79.11,100,43,83,2.0,27.8,249.4,79.11,100,44,88,19716.9,17201.8,244.6,79.11,100,39,84,8.5,10.5,43.0,13,9
1782840376.080,798.557,249.3,79.11,100,34,88,1.9,4.7,248.9,79.11,100,41,83,519.3,17117.3,250.8,79.11,100,43,88,20747.6,4.8,240.4,79.11,100,41,86,5.8,5.5,43.0,13,9
1782840376.523,799.000,249.7,79.11,100,38,88,14466.3,4.1,248.9,79.11,100,40,84,2.7,4.5,249.6,79.11,100,39,88,16470.7,12813.4,244.4,79.11,100,38,85,8164.6,4.6,43.0,13,9
1782840376.964,799.441,249.9,79.11,100,39,88,15156.1,12662.2,249.4,79.11,100,39,83,8860.5,4.6,250.0,79.11,100,45,88,1.8,541.0,245.3,79.11,100,48,86,19725.4,17197.3,43.0,13,9
1782840377.415,799.892,249.9,79.11,100,39,88,1.8,4.2,250.8,79.11,100,43,83,526.3,17110.0,252.5,79.11,100,56,88,20756.0,4.2,246.6,79.11,100,55,86,2.7,4.3,43.0,13,9
1782840377.856,800.333,250.8,79.11,100,40,88,20153.7,17107.5,250.2,79.11,100,41,83,1.8,4.2,250.9,79.11,100,56,88,2.1,584.8,247.8,79.11,100,54,86,19708.1,17202.9,43.0,13,9
1782840378.297,800.774,250.4,79.11,100,39,88,1.8,4.2,250.2,79.11,100,41,83,1760.5,15691.0,251.5,79.11,100,53,88,20751.4,4.3,247.0,79.11,100,51,86,2.6,4.3,43.0,13,9
1782840378.739,801.216,249.6,79.11,100,38,88,15743.4,12821.4,249.6,79.11,100,41,83,7.1,6.4,249.8,79.11,100,57,88,3.5,14502.7,246.9,79.11,100,53,86,15014.7,5608.8,43.0,13,9
1782840379.185,801.661,249.3,79.11,100,38,88,1.8,370.4,248.7,79.11,100,40,83,19040.2,17109.5,249.8,79.11,100,57,88,2.0,5.1,246.9,79.11,100,53,86,3.5,15717.0,43.0,13,9
1782840379.627,802.104,249.7,79.11,100,38,88,1.9,1373.5,250.3,79.11,100,40,83,17875.2,17108.4,250.0,79.11,100,50,88,2.0,8.3,245.3,79.11,100,45,86,7029.4,13338.2,43.0,13,9
1782840380.077,802.554,249.2,79.11,100,35,89,13110.8,13234.4,247.5,79.11,100,42,82,11169.4,5.5,246.6,79.11,100,40,87,2.9,11547.7,242.1,79.11,100,38,84,26397.6,14161.4,46.0,14,8
1782840380.519,802.996,245.8,79.11,100,43,88,1.8,4.1,243.7,79.11,100,10,83,1.9,8643.0,246.9,79.11,98,42,87,15758.7,11460.5,234.3,79.11,100,12,84,1.8,4.0,46.0,14,8
1782840380.961,803.438,249.7,79.11,100,41,88,1.9,6.4,249.9,79.11,100,44,83,8242.9,12923.9,249.9,79.11,100,65,88,16223.8,4.5,241.5,79.11,100,62,86,8.6,4.3,46.0,14,8
1782840381.406,803.882,249.7,79.11,100,41,88,19039.8,12735.2,250.0,79.11,100,46,82,5969.4,4.1,248.0,79.11,100,40,87,2.6,3.9,250.0,79.11,99,40,85,1184.4,16308.3,46.0,14,8
1782840381.848,804.325,254.4,79.11,100,51,88,3.4,4.1,251.2,79.11,100,55,83,1.8,13052.7,251.1,79.11,100,44,88,15622.8,7164.9,246.5,79.11,100,38,84,6.5,4.5,46.0,14,8
1782840382.291,804.767,249.9,79.11,100,48,88,5563.6,4.8,251.2,79.11,100,55,83,3.6,11275.3,248.2,79.11,100,39,87,16100.5,8602.0,245.6,79.11,100,39,85,3.5,5.4,46.0,14,8
1782840382.732,805.209,250.0,79.11,100,36,88,6.5,4066.2,248.6,79.11,100,42,84,16742.5,15478.8,249.2,79.11,100,40,87,4.1,5.8,245.6,79.11,100,39,85,13485.2,13401.3,46.0,14,8
1782840383.179,805.656,249.2,79.11,100,35,89,1.8,15782.4,248.0,79.11,100,41,82,15568.5,4757.6,249.2,79.11,100,40,87,4.0,5.1,243.5,79.11,100,37,84,9429.4,13102.2,46.0,14,8
1782840383.622,806.099,251.6,79.11,100,46,88,1.8,4.1,251.8,79.11,100,47,83,496.1,17166.5,251.1,79.11,100,47,88,20754.0,8.5,240.6,79.11,100,43,86,13.0,7.4,46.0,14,8
1782840384.066,806.543,251.9,79.11,100,53,88,20707.0,4.7,252.3,79.11,100,48,83,2.8,4.4,251.7,79.11,100,42,88,1116.3,16746.9,242.3,79.11,100,38,84,20752.8,4.3,46.0,14,8
1782840384.507,806.984,250.7,79.11,100,51,88,1.7,3.4,249.2,79.11,100,55,83,20230.2,17108.3,248.2,79.11,100,41,88,1.8,4.3,245.5,79.11,100,39,84,1.8,636.9,46.0,14,8
1782840384.950,807.427,250.9,79.11,100,50,88,18962.6,6.7,249.9,79.11,100,54,83,2.4,4.1,250.0,79.11,100,41,88,8987.8,13169.9,246.0,79.11,100,39,84,15294.5,4.4,46.0,14,8
1782840385.395,807.871,250.9,79.11,100,50,88,1.8,17111.1,251.5,79.11,100,51,83,17924.4,2176.1,249.5,79.11,100,40,88,2.7,4.6,246.5,79.11,100,38,84,1137.9,16775.2,46.0,14,8
1782840385.837,808.313,249.7,79.11,100,49,88,3.5,4.2,249.2,79.11,100,50,83,1.9,7803.1,250.1,79.11,100,42,88,15849.0,12274.3,246.5,79.11,100,39,85,4.6,7.1,46.0,14,8
1782840386.279,808.756,249.3,79.11,100,46,88,17196.5,2855.2,249.2,79.11,100,50,83,1.9,5.0,250.0,79.11,100,39,88,7894.1,13555.7,246.9,79.11,100,39,85,15936.0,7.5,46.0,14,8
1782840386.721,809.198,248.3,79.11,100,37,88,11021.5,8.1,248.0,79.11,100,41,83,7.1,17173.7,250.5,79.11,100,44,88,20756.3,5.9,246.9,79.11,100,39,85,3.0,523.3,46.0,14,8
1782840387.169,809.646,249.9,79.11,100,35,88,18097.1,17110.7,250.3,79.11,100,41,83,20702.6,17102.2,250.5,79.11,100,44,88,20745.9,17197.9,242.8,79.11,100,38,85,2.9,4.4,49.0,15,7
1782840387.613,810.090,248.4,79.11,100,45,88,1.7,10583.7,243.1,79.11,100,23,84,15010.1,10431.2,245.5,79.11,98,11,87,1.7,4.2,235.2,79.11,100,46,85,5.0,628.4,49.0,15,7
1782840388.057,810.534,252.2,79.11,100,57,88,20707.8,17111.4,249.4,79.11,100,52,83,1.9,4.2,248.0,79.11,100,43,87,3.4,30.9,240.7,79.11,100,39,86,19760.1,13906.5,49.0,15,7
1782840388.545,811.022,254.7,79.11,100,48,88,3.5,897.2,255.8,79.11,100,66,83,18570.7,17108.1,248.3,79.11,100,46,88,3.4,4.5,250.5,79.11,100,50,86,1.8,4539.2,49.0,15,7
1782840388.988,811.465,251.3,79.11,100,41,88,3551.1,4.8,252.1,79.11,100,48,83,2.9,13721.5,251.2,79.11,100,52,88,15862.7,6330.7,246.9,79.11,100,50,86,4.3,5.6,49.0,15,7
1782840389.429,811.906,251.3,79.11,100,41,88,3.0,5.4,246.4,79.11,100,42,82,20738.2,16721.7,248.3,79.11,100,39,87,2.2,5.5,246.6,79.11,100,38,84,1069.8,16841.9,49.0,15,7
1782840389.872,812.349,248.0,79.11,100,35,89,1.8,17006.2,248.1,79.11,100,39,83,20705.1,5.0,248.0,79.11,100,40,87,5.8,507.2,242.6,79.11,100,38,86,19725.5,17192.0,49.0,15,7
1782840390.316,812.793,247.4,79.11,100,37,88,2.6,4405.9,248.1,79.11,100,39,83,16277.3,15542.6,251.8,79.11,100,44,88,2.3,4.5,244.6,79.11,100,55,86,1.9,9159.3,49.0,15,7
1782840390.760,813.237,250.8,79.11,100,38,88,8.3,4.3,251.4,79.11,100,43,83,4.6,4169.7,252.3,79.11,100,46,88,15571.4,16066.0,247.6,79.11,100,58,86,2.4,4.9,49.0,15,7
1782840391.204,813.681,251.4,79.11,100,37,88,20712.6,17109.9,251.4,79.11,100,50,83,3.6,4.3,252.3,79.11,100,46,88,2.9,514.1,247.6,79.11,100,58,86,19733.6,17198.7,49.0,15,7
1782840391.650,814.127,249.5,79.11,100,39,88,3.4,4.1,250.4,79.11,100,50,83,510.6,17159.2,250.5,79.11,100,56,88,20752.2,11.5,245.0,79.11,100,55,86,8.1,6.6,49.0,15,7
1782840392.099,814.576,250.0,79.11,100,40,88,20134.1,17108.7,249.9,79.11,100,47,83,3.5,4.4,252.1,79.11,100,54,88,1.8,7481.9,247.5,79.11,100,56,86,15841.2,12746.8,49.0,15,7
1782840392.541,815.018,249.9,79.11,100,38,88,3.4,4.0,249.6,79.11,100,44,83,13209.9,12685.8,252.1,79.11,100,51,88,10782.5,4.6,248.5,79.11,100,54,86,2.5,8.8,49.0,15,7
1782840392.984,815.460,249.0,79.11,100,39,88,19499.6,1064.5,249.8,79.11,100,45,83,2.9,4.7,250.0,79.11,100,53,88,1712.0,15772.7,248.9,79.11,100,54,86,20757.9,5.0,49.0,15,7
1782840393.425,815.902,249.0,79.11,100,39,88,16385.0,17032.9,249.8,79.11,100,51,83,2.0,5.5,249.7,79.11,100,47,88,3966.5,14019.5,244.4,79.11,100,42,85,19680.0,5.3,49.0,15,7
1782840393.872,816.349,249.0,79.11,100,37,88,8324.5,4.8,247.9,79.11,100,40,83,1.9,7269.0,250.0,79.11,100,38,88,15716.0,11471.7,244.6,79.11,99,41,86,2.0,5.5,52.0,16,6
1782840394.320,816.797,248.8,79.11,100,37,88,16907.0,13387.8,247.9,79.11,100,40,83,7096.3,4.2,242.5,79.11,100,12,88,1.9,3.9,236.7,79.11,99,61,86,16807.0,12630.6,52.0,16,6
1782840394.762,817.239,249.4,79.11,99,48,88,20708.4,3.7,245.0,79.11,99,58,83,4.5,3.7,249.3,79.11,100,68,88,2.1,8916.7,241.8,79.11,99,55,85,15004.8,11870.1,52.0,16,6
1782840395.205,817.682,248.9,79.11,100,41,88,1.6,3.6,249.0,79.11,100,40,83,3.2,13383.6,249.3,79.11,100,68,88,14808.8,5088.8,241.8,79.11,99,55,85,8.4,4.1,52.0,16,6
1782840395.650,818.127,251.2,79.11,99,51,88,8428.3,12956.2,254.0,79.11,100,45,82,16389.5,6.2,255.5,79.11,100,41,87,6.5,9.6,249.7,79.11,100,40,84,19735.6,16771.1,52.0,16,6
1782840396.098,818.575,249.7,79.11,99,44,88,1.8,17114.1,250.4,79.11,100,45,83,20705.1,5.6,250.4,79.11,100,39,87,2.4,4.5,245.2,79.11,99,38,86,20335.5,17027.9,52.0,16,6
1782840396.546,819.023,250.1,79.11,99,33,88,15840.3,8557.9,250.4,79.11,99,39,83,2.3,5.4,249.3,79.11,99,42,88,15401.5,13013.1,243.4,79.11,99,39,86,8772.7,5.7,52.0,16,6
1782840396.986,819.463,249.6,79.11,100,37,88,10425.7,4.4,250.5,79.11,99,40,83,1.9,31.9,249.3,79.11,99,37,88,19713.8,17206.1,243.8,79.11,100,42,86,3.7,5.1,52.0,16,6
1782840397.426,819.903,249.6,79.11,100,37,88,20710.4,17110.8,251.6,79.11,100,58,83,1.9,4.5,248.2,79.11,100,39,88,2.8,2329.0,241.5,79.11,100,39,84,17038.8,17211.3,52.0,16,6
1782840397.868,820.344,250.4,79.11,100,47,88,1.9,2315.9,250.5,79.11,99,54,83,17202.5,17110.2,249.7,79.11,100,40,87,1.9,7.3,243.1,79.11,100,38,85,4.1,8778.3,52.0,16,6
1782840398.310,820.787,250.5,79.11,100,41,88,10739.1,4.0,250.5,79.11,99,54,83,4.5,4.4,251.4,79.11,100,40,87,14135.8,12415.7,246.5,79.11,100,39,85,10756.7,4.3,52.0,16,6
1782840398.753,821.230,248.9,79.11,99,42,88,9.8,12314.4,250.0,79.11,100,45,82,17279.1,4.2,250.5,79.11,99,40,87,4.4,4.4,247.1,79.11,99,40,84,5555.7,13113.2,52.0,16,6
1782840399.206,821.683,249.5,79.11,99,43,88,1.8,4.0,251.0,79.11,99,43,82,518.9,17125.8,250.5,79.11,99,40,87,20749.4,4.8,247.1,79.11,99,40,84,8.2,5.6,52.0,16,6
1782840399.651,822.128,249.6,79.11,100,38,87,15075.8,5705.7,249.6,79.11,100,41,82,2.6,7.5,250.2,79.11,99,39,88,1110.5,16767.7,245.2,79.11,99,39,85,20759.8,7.0,52.0,16,6
1782840400.097,822.574,249.9,79.11,99,38,88,12758.7,12965.4,249.2,79.11,99,41,83,12055.1,5.0,249.6,79.11,100,40,87,2.5,2384.3,246.6,79.11,99,39,85,17220.4,17193.0,52.0,16,6
1782840400.539,823.015,250.9,79.11,99,37,88,16171.9,12887.5,251.9,79.11,100,40,83,3.2,5.7,251.0,79.11,100,47,88,14811.5,13286.3,243.7,79.11,99,39,86,9197.3,7.8,52.0,16,6
1782840400.981,823.458,250.2,79.11,100,35,88,20706.6,17107.1,249.8,79.11,100,40,83,19738.8,16145.2,249.7,79.11,100,38,88,15487.3,16061.5,241.8,79.11,100,43,86,16364.7,8177.1,55.0,17,5
1782840401.422,823.899,250.2,79.11,100,35,88,1.6,3.8,245.8,79.11,99,49,83,2493.9,15157.9,243.1,79.11,100,63,88,20753.0,4.0,239.4,79.11,100,60,86,2.5,4.0,55.0,17,5
1782840401.866,824.343,249.1,79.11,100,42,88,3.4,13873.0,247.9,79.11,99,40,83,15149.8,6961.9,248.2,79.11,99,45,88,4.3,7.1,241.5,79.11,100,38,85,493.3,12207.9,55.0,17,5
1782840402.310,824.787,249.1,79.11,100,41,88,20705.4,4.6,247.9,79.11,99,40,83,4.3,5.3,252.5,79.11,100,41,87,1123.3,16743.6,245.9,79.11,100,39,85,20753.0,4.5,55.0,17,5
1782840402.755,825.232,250.2,79.11,100,52,88,7.2,17113.3,252.5,79.11,100,52,83,18872.0,1441.1,247.2,79.11,100,40,87,3.7,5.1,244.1,79.11,100,38,85,19304.1,13175.0,55.0,17,5
1782840403.202,825.679,249.3,79.11,99,37,88,18275.4,13242.5,250.0,79.11,100,48,83,6330.4,5.7,247.2,79.11,100,40,87,3.0,17282.3,244.1,79.11,100,38,85,19999.7,713.8,55.0,17,5
1782840403.643,826.120,249.2,79.11,100,40,88,20704.0,5.0,251.7,79.11,100,40,83,2.1,25.4,249.5,79.11,100,40,88,19718.3,17206.0,242.6,79.11,100,38,85,5.6,8.0,55.0,17,5
1782840404.089,826.565,250.9,79.11,99,37,88,20706.4,3.9,251.0,79.11,100,40,83,1.9,4.5,250.3,79.11,100,42,88,2865.4,14953.0,243.6,79.11,100,45,86,20385.5,4.6,55.0,17,5
1782840404.530,827.007,251.2,79.11,100,47,88,1.7,17112.8,251.0,79.11,100,54,83,20705.6,4.3,249.4,79.11,100,46,88,2.8,4.4,243.6,79.11,100,40,85,1142.7,16770.8,55.0,17,5
1782840404.973,827.450,250.1,79.11,100,51,88,5.3,4.1,250.6,79.11,100,52,83,2.6,9131.0,248.5,79.11,100,41,88,15156.4,11203.1,242.1,79.11,100,38,84,1.8,4.3,55.0,17,5
1782840405.416,827.893,250.1,79.11,100,51,88,9970.9,12674.3,251.5,79.11,100,59,83,13053.9,4.4,250.5,79.11,100,40,88,2.2,4.3,245.0,79.11,100,39,84,15707.4,12864.7,55.0,17,5
1782840405.862,828.339,250.1,79.11,100,53,88,3.5,4.0,252.1,79.11,100,62,83,2.7,9778.9,250.4,79.11,100,41,88,19811.7,5740.9,248.2,79.11,100,40,85,5.7,4.8,55.0,17,5
1782840406.308,828.784,250.3,79.11,100,52,88,16696.4,17107.3,252.1,79.11,100,62,83,4.4,4.4,250.4,79.11,100,40,88,1.8,600.6,245.6,79.11,100,40,84,19699.7,17204.3,55.0,17,5
1782840406.749,829.226,250.0,79.11,100,55,88,9.1,6.9,251.4,79.11,100,57,83,15759.2,12442.2,249.8,79.11,100,41,88,7584.8,4.6,245.9,79.11,99,39,84,2.8,581.7,55.0,17,5
1782840407.196,829.673,250.5,79.11,100,46,88,4.8,5.1,249.4,79.11,100,58,83,731.4,16556.0,249.8,79.11,100,41,88,20753.5,5.5,245.9,79.11,99,39,84,4.7,601.2,55.0,17,5
1782840407.642,830.119,249.1,79.11,100,36,88,2.5,6555.0,247.4,79.11,100,41,84,16212.7,13466.3,250.0,79.11,100,38,87,6.0,11.0,246.2,79.11,100,38,85,6574.0,13057.9,58.0,18,4
1782840408.090,830.567,247.1,79.11,98,34,88,1.8,4.1,248.1,79.11,100,48,83,1.8,5667.2,249.0,79.11,100,39,87,16568.4,13692.6,242.8,79.11,100,40,86,3.6,4.3,58.0,18,4
1782840408.532,831.009,251.9,79.11,100,62,88,1.7,3.3,247.8,79.11,100,59,84,20256.9,15733.7,243.8,79.11,99,48,88,79.9,4.0,236.4,79.11,100,44,85,1.7,4.0,58.0,18,4
1782840408.975,831.452,251.1,79.11,100,40,88,20708.7,15502.5,250.7,79.11,100,45,83,990.7,4.0,251.6,79.11,100,64,88,1.7,4.1,244.9,79.11,100,61,86,9036.6,13107.8,58.0,18,4
1782840409.418,831.895,251.1,79.11,100,40,88,2.6,4.3,251.8,79.11,100,44,83,9.9,792.7,256.4,79.11,100,51,87,18303.5,17199.4,250.2,79.11,100,46,85,1.8,4.7,58.0,18,4
1782840409.864,832.341,250.5,79.11,100,40,88,16090.0,13049.8,248.4,79.11,99,41,82,3.0,5.4,252.3,79.11,100,42,87,9906.2,13779.5,245.4,79.11,100,43,85,11349.3,5.4,58.0,18,4
1782840410.308,832.785,248.8,79.11,100,36,88,2050.5,4.9,248.4,79.11,99,41,82,2.0,17176.0,246.5,79.11,100,38,87,20752.5,5.7,240.6,79.11,100,39,85,11.4,519.1,58.0,18,4
1782840410.752,833.228,248.9,79.11,100,36,89,8.3,7.9,247.5,79.11,100,39,82,20256.8,16747.8,248.5,79.11,100,42,88,3.5,4.8,238.7,79.11,100,39,84,2.7,7687.3,58.0,18,4
1782840411.197,833.674,249.7,79.11,100,45,88,1.6,4.0,249.8,79.11,100,48,83,1.8,8354.1,248.5,79.11,100,42,88,15398.6,12308.7,238.7,79.11,100,39,84,4.6,4.6,58.0,18,4
1782840411.639,834.116,249.9,79.11,100,37,88,15264.6,16747.3,250.7,79.11,99,41,82,1.8,5.0,251.3,79.11,99,39,87,1090.8,16786.3,243.4,79.11,99,38,84,20769.1,7.5,58.0,18,4
1782840412.084,834.561,249.3,79.11,100,39,88,1.8,139.5,249.2,79.11,100,43,83,19238.6,17107.5,250.8,79.11,100,39,87,1.8,4.5,247.9,79.11,100,46,85,2.3,995.4,58.0,18,4
1782840412.528,835.004,249.6,79.11,100,38,88,9824.1,3.9,250.2,79.11,100,43,82,3.5,4.4,250.3,79.11,99,42,87,15672.2,12681.6,246.5,79.11,100,46,85,8933.3,4.5,58.0,18,4
1782840412.971,835.448,250.2,79.11,99,38,89,6.8,17116.6,250.1,79.11,99,43,82,20703.8,4.3,249.5,79.11,99,46,87,4.3,4.4,246.5,79.11,99,47,85,1716.4,15785.2,58.0,18,4
1782840413.414,835.891,250.2,79.11,99,38,89,1.7,4.3,249.5,79.11,100,43,83,4.3,16384.5,250.3,79.11,100,48,88,16582.8,3584.8,247.2,79.11,100,55,86,8.0,4.6,58.0,18,4
1782840413.859,836.336,249.4,79.11,100,38,87,18504.1,1748.6,249.6,79.11,100,40,83,2.9,5.1,249.7,79.11,100,54,88,20807.0,14413.5,245.4,79.11,100,47,86,1822.4,5.3,58.0,18,4
1782840414.307,836.784,249.8,79.11,100,37,88,7169.5,5.0,249.6,79.11,100,40,83,2.0,11277.9,246.9,79.11,100,38,87,15735.1,9077.6,242.2,79.11,100,39,84,3.8,6.5,58.0,18,4
1782840414.749,837.226,248.4,79.11,100,36,88,8.4,7.6,247.9,79.11,100,41,82,22968.4,14646.0,247.1,79.11,100,43,88,20754.7,17190.0,237.6,79.11,98,29,84,20762.3,17193.9,61.0,19,3
1782840415.191,837.668,245.0,79.11,100,10,89,20710.1,13480.9,249.0,79.11,98,44,83,3478.2,3.8,247.1,79.11,100,43,88,3.6,3.9,237.6,79.11,98,29,84,1136.7,16793.9,61.0,19,3
1782840415.634,838.111,251.3,79.11,100,43,88,15084.3,7572.9,250.9,79.11,100,60,83,3.4,4.1,246.5,79.11,100,56,88,1.8,4888.8,240.1,79.11,100,60,86,16568.6,13859.4,61.0,19,3
1782840416.077,838.554,253.7,79.11,100,40,87,1.7,3.7,249.1,79.11,100,43,83,1.7,2958.0,249.6,79.11,100,47,87,15972.9,17196.4,246.4,79.11,99,43,85,1.9,4.7,61.0,19,3
1782840416.519,838.995,249.6,79.11,100,42,88,18854.3,12890.7,252.0,79.11,100,49,82,6109.5,4.3,252.2,79.11,100,40,87,1.9,4.5,247.4,79.11,100,40,85,19768.4,14157.9,61.0,19,3
1782840416.963,839.440,249.6,79.11,100,37,88,20709.9,17111.3,248.3,79.11,100,41,84,2.3,5.4,247.2,79.11,100,39,87,1096.6,16752.5,245.3,79.11,100,38,85,20751.1,5.8,61.0,19,3
1782840417.410,839.887,249.6,79.11,100,37,88,18564.8,5.7,249.1,79.11,100,44,83,2.8,9630.4,246.5,79.11,100,37,87,16202.3,10068.3,242.3,79.11,100,39,85,3.7,5.4,61.0,19,3
1782840417.855,840.332,249.3,79.11,100,36,87,5161.4,4.7,251.6,79.11,100,49,83,2.0,7808.9,250.1,79.11,100,46,88,16159.2,12064.1,240.7,79.11,99,44,86,7.7,4.4,61.0,19,3
1782840418.297,840.774,251.2,79.11,99,41,88,20707.5,14446.7,251.6,79.11,100,49,83,2204.7,4.7,251.1,79.11,100,38,88,2.0,7093.7,242.5,79.11,100,38,84,16005.0,12897.4,61.0,19,3
1782840418.738,841.215,250.8,79.11,100,44,88,3.0,6366.5,252.2,79.11,100,53,83,15568.1,12632.6,250.0,79.11,100,41,87,1.9,4.5,245.8,79.11,99,40,85,1.9,9342.7,61.0,19,3
1782840419.192,841.668,249.0,79.11,100,44,88,9510.9,4.0,248.9,79.11,99,50,83,1.8,4.1,250.0,79.11,100,41,87,12905.0,12861.1,245.8,79.11,99,40,85,11142.8,4.6,61.0,19,3
1782840419.633,842.110,250.5,79.11,100,44,88,1.8,16619.4,248.9,79.11,100,49,83,15730.7,4033.5,250.3,79.11,100,40,87,1.7,7.2,248.1,79.11,100,38,86,1131.4,16805.9,61.0,19,3
1782840420.082,842.559,251.2,79.11,100,43,88,1.7,4.2,249.9,79.11,99,51,83,1.8,14203.4,250.1,79.11,100,41,87,15271.3,6450.4,246.0,79.11,99,38,86,1.8,4.3,61.0,19,3
1782840420.522,842.999,249.0,79.11,100,41,88,20707.3,14258.1,251.0,79.11,100,47,82,2717.1,4.4,250.1,79.11,99,41,87,1.8,326.6,246.9,79.11,99,39,85,19737.6,16280.0,61.0,19,3
1782840420.962,843.439,248.6,79.11,100,37,87,3.8,13423.7,249.8,79.11,100,40,82,15988.1,6755.1,250.2,79.11,100,40,88,4.5,5.7,245.4,79.11,100,38,85,16301.7,13013.2,61.0,19,3
1782840421.409,843.886,248.6,79.11,100,37,87,20708.7,14733.5,251.0,79.11,100,47,83,827.6,5.7,249.7,79.11,100,41,88,1075.2,16789.0,243.3,79.11,100,41,85,20748.6,5.7,61.0,19,3
1782840421.851,844.328,250.1,79.11,100,36,88,20704.6,17109.8,247.1,79.11,98,13,82,18470.6,1809.2,249.9,79.11,100,41,88,2.8,7.2,236.1,79.11,100,11,86,495.7,17272.7,64.0,20,2
1782840422.294,844.771,244.7,79.11,100,22,88,16872.1,3.6,247.1,79.11,98,13,82,2.3,3.9,246.2,79.11,100,44,88,489.8,11893.3,239.7,79.11,100,43,85,15179.3,8593.8,64.0,20,2
1782840422.735,845.212,250.4,79.11,100,50,88,4.8,9.9,246.1,79.11,100,42,82,502.3,17192.8,246.3,79.11,100,41,88,19310.8,1196.5,239.7,79.11,100,43,85,2.8,4.3,64.0,20,2
1782840423.184,845.661,257.2,79.11,100,56,88,1.6,17120.4,250.5,79.11,100,62,83,20704.4,4.4,246.3,79.11,100,41,88,3.5,4.6,247.8,79.11,100,39,84,1687.2,15877.2,64.0,20,2
1782840423.628,846.105,250.2,79.11,100,41,88,2.9,5.2,253.5,79.11,100,52,83,16788.1,12902.8,251.8,79.11,100,58,88,7507.0,8.2,246.5,79.11,100,50,86,8.4,14378.7,64.0,20,2
1782840424.074,846.551,247.3,79.11,100,37,88,3.7,17113.4,247.4,79.11,100,46,83,19616.5,905.2,249.7,79.11,100,40,87,5.0,6.5,245.5,79.11,100,39,86,19746.4,16475.9,64.0,20,2
1782840424.516,846.993,248.1,79.11,100,34,88,20708.4,17109.8,249.7,79.11,100,43,83,2.0,5.0,248.9,79.11,100,43,88,1.8,16857.0,241.5,79.11,100,38,85,17251.8,2869.0,64.0,20,2
1782840424.958,847.435,250.8,79.11,100,38,88,2.0,17113.9,249.6,79.11,100,39,82,20705.3,5.0,251.6,79.11,100,39,88,2.2,4.7,243.4,79.11,100,45,85,1148.2,16747.9,64.0,20,2
1782840425.400,847.877,250.8,79.11,100,38,88,1.7,4.0,249.6,79.11,100,40,83,489.8,17197.5,252.0,79.11,100,51,88,18928.1,1584.4,245.6,79.11,100,46,86,7.7,4.8,64.0,20,2
1782840425.842,848.319,250.4,79.11,100,40,88,15495.0,15405.6,251.7,79.11,100,50,83,3.4,4.2,250.4,79.11,100,55,88,2.2,3396.8,245.1,79.11,100,55,86,24876.0,7051.0,64.0,20,2
1782840426.291,848.768,250.1,79.11,100,39,88,1.8,4.2,251.7,79.11,100,50,83,15991.6,12977.4,250.7,79.11,100,59,88,8160.9,4.4,247.6,79.11,100,53,86,1.9,3.7,64.0,20,2
1782840426.732,849.209,249.6,79.11,100,39,88,15212.5,9324.2,249.5,79.11,100,44,83,9.9,6.6,251.1,79.11,100,58,88,4593.7,13653.6,247.6,79.11,100,53,86,19681.1,4.5,64.0,20,2
1782840427.185,849.662,249.7,79.11,100,38,88,3.4,6704.4,248.8,79.11,100,40,83,15779.7,13747.6,251.1,79.11,100,58,88,3.5,4.5,248.6,79.11,100,50,86,1.8,10274.6,64.0,20,2
1782840427.628,850.105,249.9,79.11,100,39,88,2319.0,4.1,249.8,79.11,100,41,83,3.5,76.4,252.0,79.11,100,60,88,20761.6,15048.8,248.9,79.11,100,52,86,5.3,12.3,64.0,20,2
1782840428.079,850.555,250.0,79.11,100,43,88,7679.6,5.0,249.2,79.11,100,46,83,2.1,12958.8,251.0,79.11,100,50,88,16299.3,6698.6,244.0,79.11,100,47,86,2.0,5.4,64.0,20,2
1782840428.520,850.996,248.8,79.11,100,35,88,2.0,5.6,248.1,79.11,100,42,84,16550.2,13109.4,246.8,79.11,100,40,87,7546.3,5.7,243.4,79.11,100,37,85,3.7,14146.7,67.0,21,1
1782840428.962,851.439,246.9,79.11,100,51,88,20709.6,4.1,243.3,79.11,100,10,84,3.8,4.3,246.5,79.11,98,36,87,1099.4,16748.3,235.7,79.11,100,13,85,20754.7,3.7,67.0,21,1
1782840429.414,851.891,246.9,79.11,100,51,88,1.7,3.9,250.6,79.11,100,49,83,2.3,119.0,249.2,79.11,100,64,88,19703.6,17190.5,242.1,79.11,100,70,86,4.5,4.3,67.0,21,1
1782840429.857,852.334,250.2,79.11,100,41,87,1.7,6895.3,250.6,79.11,100,43,83,15732.2,13662.4,250.6,79.11,100,40,87,2.2,7.2,252.9,79.11,100,41,85,5.4,663.6,67.0,21,1
1782840430.301,852.777,254.1,79.11,100,42,87,16733.3,4.6,250.6,79.11,100,43,83,2.4,4.5,248.8,79.11,100,40,87,13646.8,12844.5,245.3,79.11,100,38,84,11214.0,5.1,67.0,21,1
1782840430.742,853.219,248.6,79.11,100,37,88,18299.2,1878.9,248.8,79.11,100,42,82,4.0,17.0,248.4,79.11,100,39,88,19720.2,17196.4,244.9,79.11,100,43,86,2.2,5.8,67.0,21,1
1782840431.196,853.673,250.7,79.11,100,35,88,2.0,5.1,250.8,79.11,100,42,83,7598.2,13624.5,248.4,79.11,100,39,88,15821.8,5.8,244.9,79.11,100,43,86,2.5,13014.3,67.0,21,1
1782840431.638,854.115,250.1,79.11,100,36,88,1.9,4.4,249.7,79.11,100,40,83,20255.7,17113.5,248.4,79.11,100,39,87,6.3,10.2,242.3,79.11,100,37,85,1110.9,16761.8,67.0,21,1
1782840432.091,854.567,249.9,79.11,100,50,88,2.8,4.3,249.8,79.11,100,47,83,1.9,12696.7,248.4,79.11,100,39,88,15569.5,7645.5,240.8,79.11,100,39,85,2.8,4.8,67.0,21,1
1782840432.531,855.008,249.8,79.11,100,46,88,15780.8,15889.0,250.8,79.11,100,41,82,4.4,4.4,249.6,79.11,100,38,87,1.9,7382.7,242.9,79.11,100,40,84,15754.9,12895.5,67.0,21,1
1782840432.973,855.449,249.1,79.11,100,43,88,6.8,3.9,249.7,79.11,100,42,82,6290.4,12947.1,251.2,79.11,100,42,87,16660.0,4.2,247.4,79.11,100,39,84,1.9,4.6,67.0,21,1
1782840433.416,855.893,249.1,79.11,100,43,88,15433.3,11708.6,251.3,79.11,100,47,83,2.6,4.3,249.4,79.11,100,40,87,1.9,6180.4,246.4,79.11,100,40,85,15328.9,14336.5,67.0,21,1
1782840433.857,856.334,250.2,79.11,100,45,88,2.7,4.1,250.7,79.11,100,45,83,15322.8,12994.6,248.5,79.11,100,41,87,9021.1,6.9,245.8,79.11,100,38,85,4.6,37.3,67.0,21,1
1782840434.300,856.777,250.7,79.11,100,45,88,18530.9,1731.3,250.7,79.11,100,45,83,2.7,4.2,248.8,79.11,100,40,87,1084.4,16811.7,247.3,79.11,100,39,85,20753.1,5.1,67.0,21,1
1782840434.743,857.220,250.9,79.11,100,44,88,8.4,17120.9,250.9,79.11,100,47,83,20708.7,6.1,250.2,79.11,100,39,87,2.7,4.9,246.3,79.11,100,39,85,15850.3,13073.8,67.0,21,1
1782840435.193,857.669,249.1,79.11,100,38,87,11957.1,13158.9,248.5,79.11,100,40,82,12573.9,5.4,250.2,79.11,100,39,87,3.6,11937.6,246.3,79.11,100,39,85,16334.8,7555.7,67.0,21,1
1782840435.634,858.111,250.7,79.11,100,39,88,14187.0,4347.2,250.6,79.11,100,41,83,4498.0,5912.5,250.7,79.11,100,46,88,4773.0,6966.8,243.7,79.11,100,38,85,5327.3,7744.4,70.0,23,0
1782840436.078,858.555,251.7,79.11,100,53,87,4506.0,3248.6,253.3,79.11,100,56,83,4857.5,5231.8,249.6,79.11,100,45,87,4396.5,6480.4,243.6,79.11,100,55,85,4896.2,8755.8,70.0,23,0
1782840436.519,858.996,251.7,79.11,100,54,87,4320.5,3319.2,251.7,79.11,100,59,82,4790.4,4788.2,253.2,79.11,100,57,87,4969.9,6153.4,252.8,79.11,100,56,85,5253.0,7025.0,70.0,24,0
1782840437.402,859.879,250.2,79.11,100,53,87,4503.2,3646.0,250.0,79.11,100,59,82,4356.2,5278.0,250.1,79.11,100,57,87,4580.0,6479.6,252.5,79.11,100,57,85,4650.7,7463.0,70.0,24,0
1782840437.843,860.320,250.0,79.11,100,54,87,4503.2,3406.2,250.0,79.11,100,59,82,4913.1,5225.6,250.0,79.11,100,57,87,4672.8,6609.7,250.3,79.11,100,56,85,4846.5,7545.9,70.0,24,0
1782840438.290,860.767,250.0,79.11,100,53,87,4532.4,3413.1,250.0,79.11,100,59,82,4797.5,4866.5,250.0,79.11,100,57,87,5117.9,5819.5,249.9,79.11,100,56,85,5252.1,7424.6,70.0,24,0
1782840438.733,861.210,250.0,79.11,100,53,87,4690.8,3427.6,250.0,79.11,100,59,82,4800.3,5102.9,250.0,79.11,100,57,87,5086.4,6266.1,249.9,79.11,100,56,85,5303.9,7369.3,70.0,24,0
1782840439.182,861.658,250.0,79.11,100,54,87,4010.6,3798.2,250.0,79.11,100,58,82,4844.2,5151.1,250.0,79.11,100,57,87,5035.1,6296.7,249.9,79.11,100,56,85,5290.7,7332.0,70.0,24,0
1782840439.623,862.100,250.0,79.11,100,54,87,4025.7,3774.5,250.0,79.11,100,58,82,4380.8,5627.5,250.0,79.11,100,56,87,4445.2,6800.6,249.8,79.11,100,55,85,5153.1,6725.1,70.0,24,0
1782840440.067,862.544,250.0,79.11,100,54,87,4563.9,3616.3,250.0,79.11,100,59,82,4276.5,5180.5,250.0,79.11,100,57,87,4505.9,6588.6,250.1,79.11,100,57,85,4673.1,7318.7,70.0,24,0
1782840440.509,862.986,250.0,79.11,100,55,87,4446.6,3326.1,250.0,79.11,100,59,82,4773.1,5064.9,250.0,79.11,100,58,87,5105.0,6059.4,250.1,79.11,100,57,85,5179.5,7459.0,70.0,24,0
1782840440.952,863.429,250.0,79.11,100,55,87,3951.4,3827.8,250.0,79.11,100,59,82,4878.5,5112.1,250.0,79.11,100,57,87,4957.9,6150.1,250.0,79.11,100,57,85,5264.2,6519.0,70.0,24,0
1782840441.398,863.874,250.0,79.11,100,54,87,4008.1,3631.5,250.0,79.11,100,59,82,4310.0,5528.4,250.0,79.11,100,57,87,4501.2,6369.7,250.1,79.11,100,57,85,4797.5,6752.0,70.0,24,0
1782840441.840,864.316,250.0,79.11,100,55,87,4563.9,3259.2,250.0,79.11,100,59,82,4899.8,5745.5,250.0,79.11,100,58,87,4669.2,6891.0,250.0,79.11,100,56,85,4641.1,7653.9,70.0,24,0
1782840442.286,864.763,250.0,79.11,100,54,87,4438.0,3259.6,250.0,79.11,100,59,82,4889.4,5133.0,250.0,79.11,100,57,87,5087.7,6197.0,249.9,79.11,100,57,85,4804.1,7250.1,70.0,24,0
1782840442.729,865.205,250.0,79.11,100,54,87,4506.3,3390.3,250.0,79.11,100,59,82,4826.3,5190.8,250.0,79.11,100,57,87,5016.0,6034.1,249.9,79.11,100,57,85,5165.3,7358.3,70.0,24,0
1782840443.182,865.659,250.0,79.11,100,55,87,3947.2,3834.6,250.0,79.11,100,59,82,4785.9,5319.3,250.0,79.11,100,57,87,5016.5,6137.2,250.0,79.11,100,57,85,5221.2,7101.0,70.0,24,0
1782840443.625,866.101,250.0,79.11,100,55,87,4095.9,3785.8,250.0,79.11,100,59,82,4271.6,5325.4,250.0,79.11,100,57,87,5719.3,6603.7,250.0,79.11,100,57,85,5990.8,7216.1,70.0,24,0
1782840444.075,866.552,250.0,79.11,100,54,87,3947.4,3674.1,250.0,79.11,100,59,82,4346.7,5243.3,250.0,79.11,100,57,87,4512.8,6447.2,250.0,79.11,100,57,85,4610.4,7257.5,70.0,24,0
1782840444.518,866.995,250.0,79.11,100,54,87,4572.8,3388.0,250.0,79.11,100,59,82,4850.8,5844.1,250.0,79.11,100,58,87,4538.2,6470.4,250.0,79.11,100,56,85,4691.9,7239.4,70.0,24,0
1782840444.961,867.437,250.0,79.11,100,54,87,4562.9,3262.5,250.0,79.11,100,59,82,4805.2,4991.5,250.0,79.11,100,57,87,5058.6,6373.2,250.0,79.11,100,56,85,5169.1,7275.8,70.0,24,0
1782840445.405,867.882,250.0,79.11,100,54,87,3947.3,3875.1,250.0,79.11,100,59,82,4741.4,5294.0,250.0,79.11,100,57,87,5069.5,6139.5,249.9,79.11,100,57,85,5219.2,6784.1,71.0,24,0
1782840445.849,868.326,250.0,79.11,100,55,87,4036.8,3724.3,250.0,79.11,100,59,82,4351.2,5622.3,250.0,79.11,100,57,87,4455.4,6866.3,250.0,79.11,100,57,85,5293.7,6853.6,71.0,24,0
1782840446.293,868.770,250.0,79.11,100,54,87,4566.1,3721.8,250.0,79.11,100,59,82,4343.2,5398.4,250.0,79.11,100,58,87,4485.0,6772.4,250.1,79.11,100,57,85,4626.3,6880.9,71.0,24,0
1782840446.737,869.213,250.0,79.11,100,54,87,4627.0,3424.0,250.0,79.11,100,59,82,4915.4,5397.8,250.0,79.11,100,58,87,4762.1,6472.0,250.1,79.11,100,57,85,4711.2,7516.3,71.0,24,0
1782840447.186,869.662,249.9,79.11,100,55,87,4455.9,3309.9,250.0,79.11,100,59,82,4854.6,5147.9,250.0,79.11,100,58,87,5016.3,6370.6,250.1,79.11,100,57,85,5282.0,7333.1,71.0,24,0
1782840447.631,870.107,250.0,79.11,100,55,87,3947.2,3854.4,250.0,79.11,100,59,82,4799.0,5351.9,250.0,79.11,100,57,87,5091.3,6667.0,250.0,79.11,100,57,85,5219.6,7180.7,71.0,24,0
1782840448.078,870.555,250.0,79.11,100,54,87,4008.0,3802.0,250.0,79.11,100,59,82,4275.2,5324.1,250.0,79.11,100,58,87,5005.9,5858.6,250.0,79.11,100,57,85,5272.3,6899.1,71.0,24,0
1782840448.522,870.998,250.0,79.11,100,55,87,4185.7,3623.3,250.0,79.11,100,59,82,4400.5,5498.1,250.0,79.11,100,57,87,4510.1,6551.9,250.0,79.11,100,57,85,4637.7,7305.5,71.0,24,0
1782840448.964,871.441,250.0,79.11,100,55,87,4565.8,3251.8,250.0,79.11,100,59,82,4851.3,5272.0,250.0,79.11,100,58,87,4790.5,6685.8,250.0,79.11,100,57,85,4660.5,7158.4,71.0,24,0
1782840449.412,871.889,250.0,79.11,100,55,87,4369.5,3313.1,250.0,79.11,100,59,82,4812.5,4997.9,250.0,79.11,100,57,87,4986.8,6305.7,250.1,79.11,100,57,85,5118.1,7243.7,71.0,24,0
1782840449.856,872.333,250.0,79.11,100,55,87,4008.0,3751.7,250.0,79.11,100,59,82,4287.4,5317.5,250.0,79.11,100,57,87,4684.2,6105.4,250.0,79.11,100,57,85,5207.8,6889.8,71.0,24,0
1782840450.299,872.776,250.0,79.11,100,54,87,4565.6,3723.4,250.0,79.11,100,59,82,4343.2,5612.6,250.0,79.11,100,57,87,4509.1,6835.0,249.9,79.11,100,57,85,4696.3,7415.5,71.0,24,0
1782840450.741,873.218,250.0,79.11,100,55,87,4567.2,3415.4,250.0,79.11,100,59,82,4951.4,5406.4,250.0,79.11,100,58,87,4763.8,6592.5,249.9,79.11,100,57,85,4688.8,7407.1,71.0,24,0
1782840451.188,873.665,250.0,79.11,100,54,87,4444.0,3390.4,250.0,79.11,100,58,82,4864.9,5042.8,250.0,79.11,100,58,87,5091.8,6173.9,250.0,79.11,100,57,85,5207.2,7646.3,71.0,24,0
1782840451.632,874.108,250.0,79.11,100,55,87,3940.3,3838.6,250.0,79.11,100,59,82,4770.1,5108.1,250.0,79.11,100,57,87,5077.6,6918.1,249.9,79.11,100,57,85,5482.3,7923.1,71.0,24,0
1782840452.082,874.559,249.9,79.11,100,54,87,4008.0,3972.4,250.0,79.11,100,59,82,4900.6,5195.7,250.0,79.11,100,57,87,5047.2,6071.4,250.1,79.11,100,57,85,5194.7,6777.7,71.0,24,0
1782840452.529,875.005,250.0,79.11,100,54,87,4025.1,3724.4,250.0,79.11,100,58,82,4318.1,5414.9,250.0,79.11,100,57,87,4454.5,6583.1,250.0,79.11,100,56,85,5078.3,6740.1,71.0,24,0
1782840452.970,875.447,250.0,79.11,100,55,87,4747.4,3360.8,250.0,79.11,100,59,82,4394.3,5611.0,249.9,79.11,100,57,87,4568.7,6647.8,250.0,79.11,100,57,85,4768.0,7212.2,72.0,24,0
1782840453.413,875.890,250.0,79.11,100,55,87,4503.1,3273.3,250.0,79.11,100,59,82,4774.8,5199.7,250.0,79.11,100,56,87,5031.9,6471.0,250.1,79.11,100,57,85,5203.6,7586.1,72.0,24,0
1782840453.857,876.334,250.0,79.11,100,55,87,3947.3,3774.8,250.0,79.11,100,60,82,4523.6,5153.5,250.1,79.11,100,58,87,4961.4,6158.3,250.2,79.11,100,57,85,5109.2,6892.1,72.0,24,0
1782840454.301,876.778,250.0,79.11,100,54,87,3987.4,3674.1,250.0,79.11,100,60,82,4452.6,5766.6,250.0,79.11,100,58,87,4483.9,6418.1,250.1,79.11,100,57,85,4640.7,7155.6,72.0,24,0
1782840454.744,877.221,250.0,79.11,100,54,87,4567.3,3164.7,250.0,79.11,100,59,82,5071.1,5667.9,250.0,79.11,100,58,87,4568.1,6649.1,250.1,79.11,100,57,85,4702.8,7236.7,72.0,24,0
1782840455.190,877.666,250.0,79.11,100,55,87,4504.2,3259.6,250.0,79.11,100,59,82,4882.4,5312.1,250.0,79.11,100,58,87,4983.5,6374.5,249.9,79.11,100,57,85,5216.4,7323.4,72.0,24,0
1782840455.632,878.109,250.0,79.11,100,55,87,4008.0,3802.3,250.0,79.11,100,60,82,4324.7,5453.0,250.0,79.11,100,57,87,5196.5,6283.0,250.1,79.11,100,57,85,5760.3,6956.7,72.0,24,0
1782840456.081,878.558,250.0,79.11,100,54,87,4008.2,3674.2,250.0,79.11,100,59,82,4338.2,6362.2,250.0,79.11,100,57,87,5053.0,6191.0,250.0,79.11,100,57,85,5149.5,6779.1,72.0,24,0
1782840456.532,879.009,250.0,79.11,100,54,87,3948.1,3679.9,250.0,79.11,100,59,82,4386.4,5363.8,250.0,79.11,100,58,87,4455.6,6371.5,250.1,79.11,100,57,85,4566.3,7072.6,72.0,24,0
1782840456.975,879.451,250.0,79.11,100,55,87,4474.2,3225.3,250.0,79.11,100,59,82,4906.0,5604.6,250.0,79.11,100,58,87,5039.9,6804.4,250.0,79.11,100,57,85,4633.9,7379.7,72.0,24,0
1782840457.417,879.894,250.0,79.11,100,55,87,3886.6,3774.9,250.0,79.11,100,60,82,4667.5,5240.9,250.0,79.11,100,58,87,5000.6,6071.1,250.0,79.11,100,57,85,5159.0,6796.9,72.0,24,0
1782840457.860,880.337,250.0,79.11,100,55,87,4011.1,3674.2,250.0,79.11,100,58,82,4358.8,5659.2,250.0,79.11,100,57,87,5031.9,6511.2,249.9,79.11,100,57,85,5047.9,6753.4,72.0,24,0
1782840458.305,880.782,250.0,79.11,100,55,87,4504.8,3259.4,250.0,79.11,100,58,82,4952.2,5657.8,250.0,79.11,100,57,87,4481.7,6558.5,249.9,79.11,100,57,85,4669.3,7610.8,72.0,24,0
1782840458.747,881.224,250.0,79.11,100,54,87,4627.8,3415.7,250.0,79.11,100,59,82,4946.4,5349.9,250.0,79.11,100,57,87,5046.8,6255.5,250.0,79.11,100,57,85,4855.4,7313.8,72.0,24,0
1782840459.202,881.678,250.0,79.11,100,53,87,4477.2,3487.7,250.0,79.11,100,58,82,4899.2,5224.3,250.0,79.11,100,57,87,5134.8,6545.7,250.0,79.11,100,57,85,4750.1,7621.8,72.0,24,0
1782840459.644,882.121,250.0,79.11,100,54,87,4532.7,3388.1,250.0,79.11,100,57,82,4777.8,6334.5,250.0,79.11,100,57,87,5176.9,6275.0,249.7,79.11,100,55,85,4941.0,8376.7,72.0,24,0
1782840460.095,882.572,250.0,79.11,100,54,87,4565.4,3435.5,250.0,79.11,100,59,82,4901.1,5497.4,249.9,79.11,100,56,87,5078.0,6312.1,250.0,79.11,100,57,85,5280.7,7517.2,72.0,24,0
1782840460.541,883.018,250.0,79.11,100,53,87,4564.4,3500.7,250.0,79.11,100,58,82,4937.1,5219.3,250.0,79.11,100,57,87,5141.7,6374.7,250.2,79.11,100,56,85,5378.8,7433.9,72.0,24,0
1782840460.984,883.461,250.0,79.11,100,54,87,4276.6,3588.9,250.0,79.11,100,58,82,4917.7,4969.7,250.0,79.11,100,56,87,5084.6,6030.1,249.9,79.11,100,56,85,5357.4,6600.8,72.0,24,0
1782840461.428,883.905,250.0,79.11,100,54,87,3947.2,3906.7,250.0,79.11,100,58,82,4838.6,5232.4,250.0,79.11,100,57,87,5009.2,6536.0,250.0,79.11,100,56,85,5245.6,6913.6,72.0,24,0
1782840461.870,884.347,250.0,79.11,100,53,87,3991.6,3774.4,250.0,79.11,100,58,82,4328.8,5592.0,250.0,79.11,100,57,87,4751.6,6318.3,250.0,79.11,100,56,85,5129.5,6504.3,72.0,24,0
1782840462.314,884.791,250.0,79.11,100,54,87,4132.2,3787.2,250.0,79.11,100,58,82,4382.5,5559.2,250.0,79.11,100,56,87,4540.3,6690.2,250.0,79.11,100,56,85,5196.1,6739.5,73.0,24,0
1782840462.756,885.233,250.0,79.11,100,54,87,4499.5,3876.0,250.0,79.11,100,58,82,4319.2,5395.4,250.0,79.11,100,56,87,4991.3,6044.9,249.9,79.11,100,55,85,5140.1,6893.1,73.0,24,0
1782840463.207,885.683,250.0,79.11,100,54,87,4081.0,3722.4,250.0,79.11,100,58,82,4423.3,5552.6,250.0,79.11,100,56,87,4619.4,6748.5,249.9,79.11,100,55,85,4894.2,6820.3,73.0,24,0
1782840463.649,886.126,250.0,79.11,100,54,87,4588.3,3671.0,250.0,79.11,100,59,82,4439.4,5519.7,250.0,79.11,100,56,87,4564.9,7909.9,250.1,79.11,100,57,85,5267.8,6790.0,73.0,24,0
1782840464.099,886.576,250.0,79.11,100,54,87,4632.7,3723.3,250.0,79.11,100,58,82,4445.5,5762.4,250.0,79.11,100,57,87,4625.1,6651.4,250.1,79.11,100,56,85,4685.3,7403.8,73.0,24,0
1782840464.540,887.017,250.1,79.11,100,54,87,4564.4,3238.8,250.0,79.11,100,58,82,5057.5,5737.2,250.0,79.11,100,57,87,4582.9,6634.2,249.9,79.11,100,56,85,4680.8,7178.9,73.0,24,0
1782840464.982,887.459,250.0,79.11,100,54,87,4510.8,3356.4,250.0,79.11,100,59,82,4814.9,5511.7,250.0,79.11,100,57,87,5122.9,6203.7,250.1,79.11,100,56,85,5195.8,7699.7,73.0,24,0
1782840465.429,887.906,250.0,79.11,100,54,87,4565.9,3411.5,250.0,79.11,100,58,82,4917.5,5385.1,250.0,79.11,100,57,87,5119.3,6270.8,250.1,79.11,100,56,85,5247.5,7094.8,73.0,24,0
1782840465.873,888.350,250.0,79.11,100,54,87,3886.6,3838.4,250.0,79.11,100,58,82,4833.3,4912.3,250.0,79.11,100,56,87,5047.8,6171.5,249.9,79.11,100,56,85,5203.6,6913.2,73.0,24,0
1782840466.315,888.792,250.0,79.11,100,55,87,4214.6,3885.7,250.0,79.11,100,58,82,4296.5,5458.6,250.0,79.11,100,56,87,4981.4,5978.4,250.0,79.11,100,56,85,5119.7,6665.4,73.0,24,0
1782840466.759,889.236,250.0,79.11,100,54,87,4680.5,3831.1,250.0,79.11,100,58,82,4409.7,5314.6,250.0,79.11,100,57,87,5022.6,6146.7,250.0,79.11,100,56,85,5099.8,6616.9,73.0,24,0
1782840467.208,889.684,250.0,79.11,100,54,87,4102.6,3734.3,250.0,79.11,100,57,82,4360.2,5451.7,250.0,79.11,100,57,87,4445.5,6600.2,250.0,79.11,100,56,85,4581.6,7170.7,73.0,24,0
1782840467.651,890.127,250.0,79.11,100,54,87,4624.6,3209.4,250.0,79.11,100,58,82,4582.1,5636.6,250.0,79.11,100,56,87,4919.9,6500.7,249.9,79.11,100,56,85,4549.5,6582.9,73.0,24,0
1782840468.101,890.578,250.0,79.11,100,53,87,4633.2,3673.4,250.0,79.11,100,58,82,4361.0,5457.0,250.0,79.11,100,57,87,4590.8,6489.3,250.0,79.11,100,57,85,4669.6,7498.2,73.0,24,0
1782840468.546,891.023,250.0,79.11,100,54,87,4637.3,3341.0,250.0,79.11,100,59,82,4600.2,5478.3,250.0,79.11,100,57,87,4599.0,6470.8,250.0,79.11,100,56,85,4666.3,7196.4,73.0,24,0
1782840468.989,891.466,250.0,79.11,100,53,87,4575.2,3209.3,250.0,79.11,100,58,82,4852.1,5649.1,250.0,79.11,100,56,87,4552.9,6554.9,249.9,79.11,100,56,85,4743.9,7351.0,73.0,24,0
1782840469.432,891.909,250.0,79.11,100,53,87,4523.5,3360.1,250.0,79.11,100,58,82,4838.9,5382.1,250.0,79.11,100,57,87,5049.3,6056.9,250.1,79.11,100,56,85,4913.7,7539.4,73.0,24,0
1782840469.876,892.353,250.0,79.11,100,54,87,4491.9,3316.4,250.0,79.11,100,59,82,4804.1,5149.5,250.0,79.11,100,57,87,5097.0,6311.6,250.1,79.11,100,57,85,5220.9,6855.9,73.0,24,0
1782840470.318,892.795,250.0,79.11,100,54,87,4097.4,3883.6,250.0,79.11,100,59,82,4346.7,5638.3,250.0,79.11,100,57,87,5056.4,6325.4,250.0,79.11,100,57,85,5177.2,6670.6,73.0,24,0
1782840470.763,893.240,250.0,79.11,100,54,87,4500.5,3924.4,250.0,79.11,100,59,82,4334.4,5521.2,250.0,79.11,100,57,87,5020.4,6374.8,249.9,79.11,100,56,85,5149.2,6968.9,73.0,24,0
1782840471.211,893.687,250.0,79.11,100,54,87,4131.3,3674.1,250.0,79.11,100,58,82,4435.8,5598.0,250.0,79.11,100,57,87,4570.5,6295.0,249.9,79.11,100,56,85,4937.8,6705.7,74.0,24,0
1782840471.653,894.130,250.0,79.11,100,54,87,4688.3,3672.8,250.0,79.11,100,58,82,4415.6,5771.2,250.0,79.11,100,57,87,4511.7,6714.5,249.9,79.11,100,56,85,4628.7,7075.4,74.0,24,0
1782840472.097,894.574,250.0,79.11,100,54,87,4687.4,3312.6,250.0,79.11,100,58,82,4967.9,5669.1,250.0,79.11,100,57,87,4646.3,6648.9,250.1,79.11,100,56,85,4755.1,7299.0,74.0,24,0
1782840472.540,895.017,250.0,79.11,100,54,87,4503.1,3326.2,250.0,79.11,100,58,82,4945.8,5084.2,250.0,79.11,100,57,87,5124.7,6676.4,249.9,79.11,100,56,85,4719.7,7420.9,74.0,24,0
1782840472.983,895.460,250.0,79.11,100,54,87,4449.4,3392.9,250.0,79.11,100,59,82,4881.5,5291.2,250.0,79.11,100,56,87,5175.3,6100.1,250.1,79.11,100,57,85,5256.2,7524.0,74.0,24,0
1782840473.429,895.906,250.0,79.11,100,54,87,4513.0,3360.1,250.0,79.11,100,58,82,4880.3,5265.3,250.0,79.11,100,56,87,5048.5,6304.3,250.0,79.11,100,56,85,5278.4,7314.8,74.0,24,0
1782840473.873,896.350,250.0,79.11,100,53,87,4369.2,3489.5,250.0,79.11,100,58,82,4868.3,5282.0,250.0,79.11,100,57,87,5036.5,6566.9,250.0,79.11,100,56,85,5246.1,7010.2,74.0,24,0
1782840474.316,896.793,250.1,79.11,100,54,87,19403.1,13544.3,250.0,79.11,100,58,82,14697.5,4.3,237.4,79.11,23,2,87,4.2,4.4,230.2,79.11,99,13,85,19603.6,13554.4,,,
1782840475.740,898.217,255.3,79.11,99,46,88,5.1,9.6,250.1,79.11,99,43,83,20261.2,15293.0,251.9,79.11,100,42,87,648.9,4.5,247.1,79.11,99,41,85,10.5,565.7,74.0,24,0
1782840476.671,899.148,250.2,79.11,100,35,88,16113.4,12837.1,250.1,79.11,99,42,83,6.6,8.7,248.1,79.11,100,39,87,16703.3,16640.2,247.7,79.11,99,43,86,6.2,5.8,74.0,24,0
1782840477.122,899.599,250.3,79.11,100,35,88,3.6,4.2,249.2,79.11,100,41,82,1.9,2926.0,249.2,79.11,100,40,88,16498.5,16726.5,244.2,79.11,100,36,85,2.1,5.3,74.0,24,0
1782840477.565,900.042,251.6,79.11,100,51,88,15845.1,11406.3,251.8,79.11,100,45,83,1.8,4.5,250.3,79.11,100,50,88,1.8,11715.8,240.7,79.11,100,39,85,15538.1,8612.9,74.0,24,0
1782840478.007,900.484,250.9,79.11,100,49,88,3.5,17112.7,251.5,79.11,100,46,83,20705.7,4.7,250.5,79.11,100,39,87,4.3,4.5,243.5,79.11,100,39,86,1143.2,16756.9,74.0,24,0
1782840478.449,900.926,250.9,79.11,100,49,88,2.8,4.4,248.2,79.11,100,43,83,8.1,6939.1,250.1,79.11,100,40,87,15512.0,13369.4,247.4,79.11,100,40,85,3.5,4.4,74.0,24,0
1782840478.896,901.373,248.6,79.11,100,44,88,20708.2,17111.4,249.5,79.11,100,41,83,3.0,6.8,250.0,79.11,100,40,87,5.2,535.2,248.2,79.11,100,39,85,19729.3,17204.5,74.0,24,0
1782840479.338,901.815,249.5,79.11,100,39,88,1.9,4.3,249.5,79.11,100,41,83,14038.1,12828.0,249.0,79.11,100,39,87,10416.9,4.9,246.5,79.11,100,39,85,1.9,520.0,74.0,24,0
1782840479.780,902.257,249.9,79.11,100,38,87,20704.4,6.9,249.6,79.11,100,40,83,3.5,4.6,249.6,79.11,100,39,87,9260.5,13064.1,246.4,79.11,100,38,86,14988.5,5.2,74.0,24,0
1782840480.223,902.700,249.3,79.11,100,38,88,20710.9,17111.8,249.5,79.11,100,41,82,3.0,5.2,251.7,79.11,100,47,88,3.6,14876.1,246.4,79.11,100,38,86,15634.6,5354.1,74.0,24,0
1782840480.664,903.141,251.1,79.11,100,36,88,19506.4,1016.5,251.5,79.11,100,43,83,3.0,29.7,251.7,79.11,100,47,88,19712.0,17198.3,246.4,79.11,100,45,86,10.7,8.0,74.0,24,0
1782840481.107,903.584,250.0,79.11,100,35,88,20707.3,16098.2,249.0,79.11,100,37,82,19529.1,14519.8,249.1,79.11,100,38,87,19373.4,13599.7,243.6,79.11,100,35,86,7540.8,4.6,74.0,24,0
1782840481.550,904.027,249.4,79.11,100,49,88,1.7,3.1,244.4,79.11,100,63,83,20256.0,15327.1,240.2,79.11,100,13,88,602.4,4.0,234.6,79.11,100,61,86,3.6,3.9,74.0,24,0
1782840481.991,904.468,249.6,79.11,100,41,88,1.6,17112.8,249.4,79.11,100,42,82,20704.4,4.1,249.1,79.11,100,68,88,2.9,4.4,241.6,79.11,100,56,86,1122.2,16815.9,74.0,24,0
1782840482.434,904.911,249.6,79.11,100,41,88,20705.3,4.7,255.2,79.11,100,45,83,2.1,4.4,255.9,79.11,100,41,87,1113.5,16763.8,250.7,79.11,100,40,85,17802.8,4.9,74.0,24,0
1782840482.883,905.360,251.3,79.11,100,51,88,1.8,15375.6,248.4,79.11,100,47,83,15371.0,5279.5,250.4,79.11,100,40,87,8.0,7.7,246.0,79.11,100,39,86,19730.2,12946.7,74.0,24,0
1782840483.327,905.804,249.6,79.11,100,45,88,20707.6,15935.1,248.4,79.11,100,47,83,458.2,5.8,250.7,79.11,100,41,88,1089.5,16755.4,244.6,79.11,100,38,86,20748.1,5.5,74.0,24,0
1782840483.769,906.246,249.9,79.11,100,34,88,16227.3,6.0,250.2,79.11,100,40,83,5.8,9515.0,249.4,79.11,100,37,88,15994.3,10311.9,244.3,79.11,100,43,86,2.8,5.8,74.0,24,0
1782840484.214,906.691,250.6,79.11,100,38,88,15526.7,4.0,250.4,79.11,100,40,82,1.9,4.1,249.4,79.11,100,37,88,10212.3,12989.1,244.3,79.11,100,43,86,14791.7,4.7,74.0,24,0
1782840484.655,907.132,250.8,79.11,100,47,88,15495.2,13055.2,251.5,79.11,100,59,83,8944.3,9.4,248.7,79.11,100,41,88,5.0,9.2,243.3,79.11,100,41,85,19665.7,12501.1,74.0,24,0
1782840485.101,907.578,250.4,79.11,100,41,88,1.7,4.0,250.6,79.11,100,54,83,13868.5,13038.0,249.3,79.11,100,40,87,10419.7,4.5,244.1,79.11,100,39,86,3.5,3.8,74.0,24,0
1782840485.544,908.021,248.7,79.11,100,42,88,15219.5,4698.3,248.0,79.11,100,46,83,2.8,4.4,249.8,79.11,100,40,87,1083.4,16800.4,247.6,79.11,100,38,85,20754.3,5.0,74.0,24,0
1782840485.986,908.462,250.7,79.11,100,42,88,5.1,3.5,250.8,79.11,100,41,83,20237.1,17108.1,250.7,79.11,100,40,87,2.9,4.7,246.8,79.11,100,40,85,1.9,6121.7,74.0,24,0
1782840486.429,908.906,250.7,79.11,100,42,88,3.4,4.2,248.5,79.11,100,41,83,2.6,55.0,249.1,79.11,100,39,88,19713.6,17193.5,247.2,79.11,100,39,85,2.7,4.5,74.0,24,0
1782840486.871,909.348,248.8,79.11,100,38,87,18897.0,12814.6,249.5,79.11,100,41,82,5761.7,5.7,250.7,79.11,100,40,87,5.4,4946.6,247.2,79.11,100,40,86,15971.8,15276.0,74.0,24,0
1782840487.313,909.790,249.7,79.11,100,38,88,20709.1,14620.2,249.5,79.11,100,41,82,2079.9,5.6,250.8,79.11,100,45,88,492.6,17288.3,244.9,79.11,100,41,86,20760.0,5.7,74.0,24,0
1782840487.755,910.232,250.3,79.11,100,35,88,17181.5,5.5,251.3,79.11,100,44,83,6.1,9584.0,248.8,79.11,100,38,88,16318.0,9743.8,241.9,79.11,100,40,86,3.7,5.5,6.0,0,22
1782840488.199,910.676,250.3,79.11,100,36,88,12781.8,13405.4,250.0,79.11,100,40,83,11317.4,4.3,248.8,79.11,100,38,88,2.2,4.3,241.9,79.11,100,40,86,13667.6,13013.1,6.0,0,22
1782840488.643,911.119,249.7,79.11,100,42,88,20290.4,3.4,245.8,79.11,100,53,83,1.7,4.6,243.1,79.11,100,65,88,1110.0,16827.0,239.1,79.11,100,61,86,20761.6,6.7,6.0,0,22
1782840489.097,911.573,248.6,79.11,100,41,88,1.7,3.9,247.6,79.11,100,39,83,544.6,17105.0,248.0,79.11,100,49,88,20748.8,4.0,242.6,79.11,100,38,86,2.7,4.1,6.0,0,22
1782840489.538,912.015,249.9,79.11,100,54,88,20709.1,15181.5,252.5,79.11,100,54,83,1388.5,4.5,254.8,79.11,100,41,88,1.9,547.1,247.1,79.11,100,38,85,19717.8,17202.4,6.0,0,22
1782840489.981,912.458,249.2,79.11,100,37,88,5.1,17113.7,251.2,79.11,100,49,83,20707.5,5.0,247.4,79.11,100,40,87,2.0,505.8,246.2,79.11,100,38,86,19722.3,17205.3,6.0,0,22
1782840490.422,912.898,249.2,79.11,100,37,88,16291.8,12826.0,251.6,79.11,100,38,83,3.0,5.5,249.6,79.11,100,40,88,10352.5,13330.3,243.0,79.11,100,37,85,12284.3,5.7,6.0,0,22
1782840490.864,913.341,250.1,79.11,100,39,88,14322.6,4.5,251.3,79.11,100,40,83,1.9,20.8,251.6,79.11,100,43,88,19725.6,17212.5,243.0,79.11,100,44,86,6.3,5.2,6.0,0,22
1782840491.310,913.787,250.9,79.11,100,37,88,18668.3,17110.7,251.3,79.11,100,40,83,4.1,4.5,249.4,79.11,100,43,88,1.9,9999.5,244.2,79.11,100,38,85,15461.0,10256.2,6.0,0,22
1782840491.753,914.230,251.4,79.11,100,46,88,8.4,17115.4,250.7,79.11,100,53,83,20709.5,4.9,248.1,79.11,100,40,87,1.8,4.4,244.6,79.11,100,40,85,1142.8,16766.8,6.0,0,22
1782840492.203,914.680,249.6,79.11,100,45,88,1.8,4.0,249.3,79.11,100,46,83,1.8,84.9,248.1,79.11,100,40,87,19699.7,17190.1,244.6,79.11,100,40,85,2.4,4.5,6.0,0,22
1782840492.645,915.121,248.9,79.11,100,47,88,5832.5,12800.5,250.0,79.11,100,49,83,13812.9,4.5,249.3,79.11,100,40,87,4.9,9.9,246.7,79.11,100,39,86,19754.5,14338.1,6.0,0,22
1782840493.099,915.576,250.9,79.11,100,48,88,1.8,4.2,250.1,79.11,100,51,83,7679.7,13178.0,249.2,79.11,100,41,87,15936.4,4.9,246.6,79.11,100,40,86,1.9,3.9,6.0,0,22
1782840493.541,916.018,250.8,79.11,100,43,88,19352.0,1111.3,249.4,79.11,100,42,83,2.6,4.3,248.9,79.11,100,39,87,1112.0,16744.3,246.1,79.11,100,40,85,20761.1,4.6,6.0,0,22
1782840493.983,916.460,248.8,79.11,100,37,87,14380.8,13264.4,249.6,79.11,100,41,83,10133.3,5.0,249.5,79.11,100,40,88,3.0,2640.4,247.4,79.11,100,38,86,17225.3,16727.3,6.0,0,22
1782840494.426,916.903,248.8,79.11,100,37,87,16208.7,13658.7,251.5,79.11,100,43,83,2.2,5.7,250.2,79.11,100,41,88,12380.2,13541.7,244.8,79.11,100,40,85,11340.9,5.5,6.0,0,22
1782840494.867,917.344,251.0,79.11,100,40,88,18356.4,16765.7,250.5,79.11,100,41,82,15609.6,16038.7,250.7,79.11,100,41,88,16550.6,16709.8,242.4,79.11,100,39,86,16307.2,9586.6,9.0,1,21
1782840495.311,917.788,247.1,79.11,98,10,88,1.7,3.8,250.5,79.11,100,41,82,566.7,17108.6,246.1,79.11,100,56,88,20752.1,4.0,241.7,79.11,100,58,86,2.7,3.9,9.0,1,21
1782840495.753,918.230,249.6,79.11,100,42,88,8.4,17114.7,246.1,79.11,100,46,82,20706.1,4.2,246.4,79.11,100,41,87,1.8,4.3,242.0,79.11,100,39,86,1118.7,16825.2,9.0,1,21
1782840496.206,918.683,249.9,79.11,100,50,88,20707.2,4.1,249.1,79.11,100,49,83,1.9,4.5,246.4,79.11,100,41,87,3153.7,14798.6,242.0,79.11,100,39,86,20264.6,4.7,9.0,1,21
1782840496.648,919.124,250.9,79.11,100,48,88,1.8,17115.2,253.7,79.11,100,62,83,17200.0,2834.3,251.5,79.11,100,42,88,6.0,516.5,246.9,79.11,100,42,85,19712.8,17198.2,9.0,1,21
1782840497.102,919.579,248.2,79.11,100,37,87,16132.4,16715.2,250.8,79.11,100,45,83,4.6,5.6,248.1,79.11,100,40,87,9826.6,13553.3,247.5,79.11,100,39,85,14473.5,5.4,9.0,1,21
1782840497.543,920.020,249.4,79.11,100,37,88,3658.5,5.1,250.4,79.11,100,45,83,2.2,15433.8,249.5,79.11,100,39,88,16037.7,4245.9,243.2,79.11,100,39,85,2.0,4.9,9.0,1,21
1782840497.985,920.462,250.7,79.11,100,37,88,4128.6,4.8,250.3,79.11,100,39,83,3.4,3.6,252.4,79.11,100,46,88,20320.6,14637.2,243.4,79.11,100,46,86,1410.3,4.6,9.0,1,21
1782840498.427,920.904,250.7,79.11,100,37,88,20578.7,13529.6,251.1,79.11,100,51,83,3491.1,4.3,250.7,79.11,100,49,88,4.2,3.6,245.5,79.11,100,42,86,16685.0,13019.1,9.0,1,21
1782840498.870,921.347,251.3,79.11,100,44,88,1.8,4.1,250.4,79.11,100,58,83,1348.0,15984.2,248.1,79.11,100,38,88,20754.8,6.6,243.5,79.11,100,40,85,3.5,5.1,9.0,1,21
1782840499.313,921.790,250.8,79.11,100,51,88,19965.1,17108.7,250.4,79.11,100,58,83,2.2,4.4,251.2,79.11,100,42,88,2.7,1566.0,247.6,79.11,100,41,85,17680.2,17200.3,9.0,1,21
1782840499.756,922.233,250.0,79.11,100,50,88,5.1,5.6,250.4,79.11,100,60,83,6273.1,12848.0,251.0,79.11,100,47,88,17998.7,4.6,248.7,79.11,100,45,85,4.0,4.2,9.0,1,21
1782840500.204,922.680,250.7,79.11,100,44,88,20706.4,4.6,250.7,79.11,100,64,83,3.5,4.2,251.0,79.11,100,47,88,503.7,16826.8,248.7,79.11,100,45,85,18844.0,1670.5,9.0,1,21
1782840500.645,923.122,250.9,79.11,100,48,88,1.7,3.4,251.8,79.11,100,63,83,20221.8,17108.2,250.6,79.11,100,43,88,5.0,10.5,248.5,79.11,100,43,85,1115.3,16800.3,9.0,1,21
1782840501.098,923.575,249.7,79.11,100,44,88,2.5,4.4,250.9,79.11,100,51,83,20223.6,17109.6,250.9,79.11,100,44,88,3.2,5.4,246.7,79.11,100,38,85,1114.7,16760.5,9.0,1,21
1782840501.542,924.019,249.4,79.11,100,36,88,4269.7,13537.8,247.1,79.11,100,42,82,19440.5,5.0,249.9,79.11,100,39,88,3.7,555.6,246.6,79.11,100,44,86,19707.3,17212.0,12.0,2,20
1782840501.984,924.461,244.2,79.11,100,11,89,5.4,4.2,246.5,79.11,98,40,83,2.7,17155.0,249.2,79.11,100,40,87,20745.9,4.7,241.2,79.11,98,18,87,1.9,4.3,12.0,2,20
1782840502.426,924.903,244.2,79.11,100,11,89,3.4,10016.7,250.7,79.11,100,68,83,15117.3,10792.0,244.7,79.11,100,44,88,4.3,3.9,238.4,79.11,100,44,85,2.2,597.8,12.0,2,20
1782840502.869,925.345,251.1,79.11,100,53,88,15216.4,12053.5,250.9,79.11,100,42,83,1.8,4.2,251.9,79.11,100,60,88,4.6,595.8,245.1,79.11,100,57,86,19708.8,17207.3,12.0,2,20
1782840503.313,925.790,251.9,79.11,100,41,87,1.7,4.2,250.9,79.11,100,42,83,1.8,16012.3,254.0,79.11,100,42,87,15506.6,4064.7,250.6,79.11,100,38,86,2.0,4.6,12.0,2,20
1782840503.755,926.232,249.0,79.11,100,38,88,20712.5,5.4,247.8,79.11,100,45,82,4.6,5831.7,250.5,79.11,100,39,88,15688.2,14321.7,247.8,79.11,100,42,86,2.0,5.2,12.0,2,20
1782840504.204,926.681,249.4,79.11,100,37,88,1.9,5.0,249.9,79.11,100,42,83,17110.7,13155.0,250.5,79.11,100,39,88,6831.2,5.6,247.8,79.11,100,42,86,2.4,14468.8,12.0,2,20
1782840504.645,927.122,249.6,79.11,100,34,88,1.9,12398.8,249.7,79.11,100,42,84,16026.6,7754.3,246.9,79.11,100,38,87,6.0,10.7,243.0,79.11,100,39,86,16456.7,12801.2,12.0,2,20
1782840505.099,927.575,249.3,79.11,100,39,88,2.5,4.3,249.4,79.11,99,48,83,18685.8,12732.2,246.5,79.11,100,39,88,5855.1,4.8,240.4,79.11,99,38,86,1.9,547.2,12.0,2,20
1782840505.541,928.018,249.6,79.11,100,38,88,12170.0,4.3,249.8,79.11,100,40,83,1.9,17.4,250.5,79.11,100,38,88,19721.7,17196.9,243.5,79.11,100,37,85,3.3,4.6,12.0,2,20
1782840505.983,928.459,250.1,79.11,100,39,89,2492.8,15084.0,249.7,79.11,100,44,82,20704.3,9.4,252.6,79.11,100,43,87,2.8,4.4,248.0,79.11,100,46,86,1157.9,16266.9,12.0,2,20
1782840506.425,928.902,250.1,79.11,100,39,89,2.8,4.1,250.6,79.11,100,43,82,1.8,7572.2,250.2,79.11,100,41,87,15623.9,12656.5,248.9,79.11,100,42,86,2.3,4.5,12.0,2,20
1782840506.866,929.343,250.1,79.11,100,38,89,18337.2,15256.1,249.1,79.11,100,43,82,8.9,4.5,249.3,79.11,100,41,87,5.8,566.3,247.5,79.11,100,38,86,19710.7,17203.9,12.0,2,20
1782840507.313,929.790,250.0,79.11,100,38,89,1.8,4.3,249.1,79.11,100,43,82,12786.9,13002.7,250.4,79.11,100,49,88,11329.2,4.6,246.6,79.11,100,46,86,2.7,3.7,12.0,2,20
1782840507.754,930.231,249.7,79.11,100,38,88,17282.1,6.0,249.3,79.11,100,42,83,4.6,66.5,250.8,79.11,100,48,88,19695.7,17192.1,245.3,79.11,100,45,86,1.9,5.0,12.0,2,20
1782840508.205,930.682,250.2,79.11,100,37,88,2.9,4.9,249.9,79.11,100,41,83,509.2,17141.8,250.8,79.11,100,48,88,20749.1,5.4,245.3,79.11,100,45,86,2.5,576.4,12.0,2,20
1782840508.649,931.126,248.7,79.11,100,36,88,2.0,4839.3,248.6,79.11,100,42,82,28300.2,16523.3,246.7,79.11,100,39,88,19578.8,19779.1,243.0,79.11,100,38,86,20750.1,15939.7,14.0,3,19
1782840509.104,931.581,245.9,79.11,100,46,89,15303.1,4962.0,243.3,79.11,100,10,83,4.2,3.8,246.2,79.11,98,40,88,1.8,588.3,234.3,79.11,100,11,86,19729.3,17221.2,14.0,3,19
1782840509.545,932.022,249.9,79.11,100,42,89,11864.8,3.9,250.1,79.11,100,44,82,2.0,4.0,249.6,79.11,100,68,88,2593.1,15261.8,241.9,79.11,100,63,86,20654.3,4.4,14.0,3,19
1782840509.987,932.464,253.0,79.11,100,50,88,5.1,3.7,254.7,79.11,100,44,83,541.4,17110.5,248.8,79.11,100,41,87,20752.6,4.5,246.2,79.11,100,40,85,3.6,4.6,14.0,3,19
1782840510.430,932.907,253.0,79.11,100,50,88,15678.8,8134.5,250.8,79.11,100,55,83,2.8,4.4,248.2,79.11,100,42,88,1.7,13689.5,245.1,79.11,100,39,84,15527.6,6753.5,14.0,3,19
1782840510.871,933.348,249.6,79.11,100,47,88,15654.8,14118.3,249.5,79.11,100,41,83,2.9,5.6,248.1,79.11,100,39,87,12247.2,13501.5,246.1,79.11,100,39,86,11544.8,5.7,14.0,3,19
1782840511.312,933.789,249.8,79.11,100,36,88,1801.7,5.4,249.5,79.11,100,41,83,503.0,17145.4,249.2,79.11,100,40,87,20749.4,6.3,244.0,79.11,100,37,85,2.1,539.9,14.0,3,19
1782840511.755,934.232,248.2,79.11,100,35,89,7.9,7.4,248.3,79.11,100,42,82,502.7,17159.1,250.7,79.11,100,46,88,20753.0,5.1,240.8,79.11,100,44,86,1.8,4.5,14.0,3,19
1782840512.198,934.675,250.9,79.11,99,46,88,15593.5,15868.6,252.0,79.11,99,45,83,4.4,4.9,250.7,79.11,100,46,88,1079.0,16799.8,240.8,79.11,100,44,86,20752.9,5.1,14.0,3,19
1782840512.639,935.116,252.0,79.11,100,54,88,3.5,7767.6,252.5,79.11,100,46,83,15755.1,12607.4,251.7,79.11,100,45,88,7.6,9.8,242.9,79.11,100,38,85,506.3,17362.5,14.0,3,19
1782840513.088,935.565,250.5,79.11,100,52,88,1169.0,4.1,249.7,79.11,100,56,83,1.8,3.4,247.9,79.11,100,41,88,20309.9,15548.0,245.3,79.11,100,39,85,558.9,4.6,14.0,3,19
1782840513.529,936.006,250.6,79.11,100,51,88,1.7,17110.9,250.7,79.11,100,54,83,20704.4,4.3,250.4,79.11,100,40,88,2.7,4.5,246.8,79.11,100,39,85,1132.1,16777.3,14.0,3,19
1782840513.971,936.447,250.7,79.11,100,48,88,5.4,4.3,251.1,79.11,100,53,83,1.8,15246.3,250.5,79.11,100,41,88,15350.7,5016.4,247.4,79.11,100,38,84,4.7,4.5,14.0,3,19
1782840514.412,936.889,250.7,79.11,100,48,88,20709.6,17111.5,250.2,79.11,100,50,83,3.9,4.3,249.8,79.11,100,40,88,1.9,585.8,247.0,79.11,100,38,86,19701.8,17201.8,14.0,3,19
1782840514.854,937.331,249.1,79.11,100,47,88,1.9,17111.7,248.0,79.11,100,40,82,20708.9,5.8,250.0,79.11,100,39,88,4.2,508.0,245.9,79.11,100,39,86,19726.6,17198.6,14.0,3,19
1782840515.297,937.774,248.3,79.11,99,37,88,19555.2,17107.5,248.0,79.11,100,40,82,3.7,5.6,249.2,79.11,100,44,88,2619.0,15097.4,242.2,79.11,100,37,86,19948.8,5.5,14.0,3,19
1782840515.738,938.215,249.9,79.11,100,35,88,20708.0,17112.2,249.4,79.11,100,39,83,20706.5,6.7,244.7,79.11,98,10,88,3.8,4.3,242.2,79.11,100,37,86,8638.3,13768.7,17.0,4,18
1782840516.185,938.662,248.2,79.11,100,45,88,1.8,3.6,242.9,79.11,100,22,83,2.6,3.8,244.7,79.11,98,10,88,1162.0,16639.8,235.0,79.11,99,45,86,20755.1,4.1,17.0,4,18
1782840516.626,939.103,252.2,79.11,100,57,88,1.8,4.1,249.0,79.11,100,51,83,540.0,17109.2,247.2,79.11,100,42,87,20746.6,7.5,240.8,79.11,100,39,86,9.0,6.6,17.0,4,18
1782840517.534,940.011,251.3,79.11,100,43,88,3.5,17119.0,252.4,79.11,100,50,83,20704.8,5.6,252.0,79.11,100,53,88,3.9,523.5,246.6,79.11,100,48,86,19719.3,17193.7,17.0,4,18
1782840517.976,940.453,248.0,79.11,100,35,88,17671.7,17106.9,248.4,79.11,100,41,82,2.0,5.4,249.5,79.11,100,39,88,3268.6,14576.0,245.7,79.11,100,38,86,19946.6,6.4,17.0,4,18
1782840518.418,940.895,248.0,79.11,100,35,88,11300.6,4.9,248.2,79.11,100,38,83,3.6,1973.2,247.9,79.11,100,39,87,17214.1,17192.6,242.1,79.11,100,38,85,1.9,5.0,17.0,4,18
1782840518.860,941.337,247.6,79.11,100,37,88,15428.8,8882.5,251.9,79.11,100,43,82,2.8,4.3,251.7,79.11,100,45,88,501.3,17303.5,244.3,79.11,100,55,86,20762.2,4.6,17.0,4,18
1782840519.308,941.785,250.8,79.11,100,38,88,1.8,14668.0,251.9,79.11,100,43,82,15279.0,4516.5,252.2,79.11,100,47,88,2.6,4.7,246.0,79.11,100,56,86,1131.0,16769.5,17.0,4,18
1782840519.751,942.228,251.3,79.11,100,36,88,8.7,7.0,251.7,79.11,100,52,83,2.1,4731.7,250.0,79.11,100,55,88,16107.5,15222.6,246.0,79.11,100,56,86,3.3,4.4,17.0,4,18
1782840520.197,942.673,250.5,79.11,100,40,88,5152.4,12840.0,250.5,79.11,100,54,83,19334.9,4.4,250.0,79.11,100,55,88,2.8,4.5,244.4,79.11,100,55,86,5546.5,13110.5,17.0,4,18
1782840520.640,943.117,248.9,79.11,100,40,88,3.4,4.1,249.7,79.11,100,49,83,1.9,7325.0,251.8,79.11,100,56,88,19029.4,10039.7,247.6,79.11,100,56,86,7.3,7.2,17.0,4,18
1782840521.085,943.562,248.7,79.11,100,38,88,20708.9,17117.9,249.5,79.11,100,46,83,7.7,4.4,252.5,79.11,100,51,88,2.5,3903.8,250.2,79.11,100,54,86,15798.4,16704.5,17.0,4,18
1782840521.536,944.013,249.8,79.11,100,39,88,3.4,4.3,249.0,79.11,100,45,83,19598.7,12744.0,250.3,79.11,100,55,88,4855.6,4.9,249.0,79.11,100,54,86,2.0,3068.0,17.0,4,18
1782840521.980,944.457,249.2,79.11,100,37,88,5.4,5.1,249.7,79.11,100,51,83,20739.9,15911.6,247.9,79.11,100,47,88,46.2,5.2,244.9,79.11,100,43,86,449.8,17336.8,17.0,4,18
1782840522.423,944.900,249.2,79.11,100,37,88,2.0,16619.4,248.7,79.11,100,40,83,16409.5,3582.5,250.0,79.11,100,39,88,3.0,5.3,243.7,79.11,100,41,86,20623.1,17922.7,20.0,5,17
1782840522.864,945.341,249.0,79.11,100,37,88,3742.9,4.1,243.1,79.11,100,58,83,1.8,3.8,243.2,79.11,100,11,88,20777.3,13807.6,237.1,79.11,100,61,86,2974.6,4.1,20.0,5,17
1782840523.306,945.783,249.3,79.11,100,46,88,1.7,3.7,243.1,79.11,100,58,83,510.2,17200.9,249.6,79.11,100,69,88,18324.2,2076.8,242.8,79.11,100,57,86,2.7,4.4,20.0,5,17
1782840523.748,946.224,249.3,79.11,100,41,89,10.0,17120.6,248.9,79.11,100,41,82,20706.0,6.0,251.7,79.11,100,43,88,3.4,4.0,242.8,79.11,100,57,86,1115.6,16848.4,20.0,5,17
1782840524.192,946.669,250.1,79.11,100,45,88,1.7,4.2,254.0,79.11,100,42,83,2.2,3307.8,251.7,79.11,100,43,88,16319.5,16496.2,252.8,79.11,100,39,85,3.5,4.5,20.0,5,17
1782840524.633,947.110,248.8,79.11,100,38,88,19886.0,4.9,249.2,79.11,100,41,83,2.5,50.1,247.9,79.11,100,39,87,19703.4,17201.1,246.2,79.11,100,39,86,10.9,10.8,20.0,5,17
1782840525.082,947.559,250.3,79.11,100,35,88,2.0,5.1,252.0,79.11,100,40,83,20736.0,15382.3,251.2,79.11,100,46,88,187.1,5.9,244.5,79.11,100,39,86,1100.2,16758.9,20.0,5,17
1782840525.525,948.002,250.6,79.11,100,37,88,1.9,4020.7,250.6,79.11,100,41,83,16280.2,16001.4,249.5,79.11,100,37,88,2.0,5.0,243.2,79.11,100,42,86,1104.6,16797.9,20.0,5,17
1782840525.966,948.443,250.6,79.11,100,48,88,2.1,7.0,249.9,79.11,100,57,83,1.9,10961.1,247.8,79.11,100,39,88,16090.6,9070.2,242.0,79.11,100,39,85,2.5,5.1,20.0,5,17
1782840526.409,948.886,250.6,79.11,100,48,88,15754.5,16258.4,250.2,79.11,100,50,83,3.3,4.2,249.0,79.11,100,39,87,1.7,6342.8,244.1,79.11,100,38,85,15567.7,14258.6,20.0,5,17
1782840526.852,949.329,249.2,79.11,100,41,88,3.3,3.9,251.1,79.11,100,46,83,8028.4,13051.7,251.3,79.11,100,42,87,16228.2,7.0,247.7,79.11,100,40,85,7.6,4.3,20.0,5,17
1782840527.294,949.771,249.2,79.11,100,45,88,15494.4,7740.0,251.1,79.11,100,46,83,1.8,4.2,249.4,79.11,100,40,87,1.8,9365.7,248.1,79.11,100,40,85,15469.2,10999.8,20.0,5,17
1782840527.735,950.212,251.1,79.11,100,47,88,6.3,7.7,251.1,79.11,100,48,83,18104.5,17107.7,248.6,79.11,100,41,87,2.6,4.6,248.1,79.11,100,40,85,2.8,6316.0,20.0,5,17
1782840528.186,950.662,250.2,79.11,100,43,88,11213.8,4.1,250.1,79.11,100,45,83,1.9,4.3,248.6,79.11,100,41,87,17441.4,12939.1,246.4,79.11,100,39,85,6992.4,4.5,20.0,5,17
1782840528.627,951.104,249.5,79.11,100,42,88,18688.8,13191.2,249.5,79.11,100,43,83,5743.4,4.5,249.0,79.11,100,40,87,2.9,4236.0,246.4,79.11,100,40,85,19584.4,9178.7,20.0,5,17
1782840529.077,951.554,250.4,79.11,100,36,88,16121.4,11224.2,248.8,79.11,100,41,83,2.9,5.7,250.9,79.11,100,40,87,14984.1,13524.2,246.7,79.11,100,40,86,8848.9,11.0,20.0,5,17
1782840529.521,951.998,249.4,79.11,100,37,87,17561.8,16338.4,249.5,79.11,100,40,83,15598.7,16034.8,247.8,79.11,100,38,87,14941.6,16217.9,243.8,79.11,100,40,85,16765.8,14337.4,23.0,6,16
1782840529.961,952.438,249.4,79.11,100,37,87,4.5,5.8,244.4,79.11,100,51,83,1.5,11389.6,242.3,79.11,100,40,88,15207.9,9362.5,236.5,79.11,99,48,85,1.8,4.0,23.0,6,16
1782840530.404,952.881,249.0,79.11,100,44,88,1.7,4.0,252.8,79.11,100,72,83,17996.6,12699.8,248.4,79.11,100,41,88,6590.4,4.4,242.0,79.11,100,47,85,3.9,3.7,23.0,6,16
1782840530.846,953.323,252.2,79.11,100,48,88,14800.4,12364.1,252.8,79.11,100,72,83,10582.8,4.4,256.5,79.11,100,64,88,2.8,4.3,252.9,79.11,100,64,86,16986.1,13036.2,23.0,6,16
1782840531.289,953.765,250.8,79.11,100,40,88,1.9,4.0,256.6,79.11,100,45,83,518.1,17121.5,253.5,79.11,100,52,88,20746.1,5.3,251.1,79.11,100,53,86,3.7,543.5,23.0,6,16
1782840531.730,954.207,248.9,79.11,100,37,88,5.1,6180.2,247.8,79.11,100,42,82,16531.1,13791.0,245.8,79.11,100,40,88,2.2,5.8,251.1,79.11,100,53,86,15286.4,13309.9,23.0,6,16
1782840532.180,954.657,248.3,79.11,100,35,88,20709.8,17111.5,246.4,79.11,100,39,82,2.0,5.2,245.8,79.11,100,40,88,1079.2,16789.1,242.0,79.11,100,37,86,20748.4,5.8,23.0,6,16
1782840532.622,955.099,249.0,79.11,100,38,88,20708.5,17110.0,249.2,79.11,100,44,83,4.4,4.3,246.4,79.11,100,36,88,1.9,539.9,239.0,79.11,100,39,86,19731.4,17200.7,23.0,6,16
1782840533.066,955.543,250.3,79.11,100,38,88,3.5,3.8,250.9,79.11,100,42,82,20216.4,17110.9,251.7,79.11,100,43,87,3.5,4.4,244.8,79.11,100,41,86,2.3,637.9,23.0,6,16
1782840533.508,955.985,250.3,79.11,100,39,88,1.9,4.0,250.6,79.11,100,41,82,2.6,51.7,252.6,79.11,100,55,88,19713.1,17195.7,248.7,79.11,100,46,86,2.9,4.5,23.0,6,16
1782840533.950,956.427,250.3,79.11,100,39,88,7.6,17117.6,250.3,79.11,100,41,82,20216.0,4.3,251.6,79.11,100,58,88,4.2,4.5,246.5,79.11,100,53,86,14006.1,12997.9,23.0,6,16
1782840534.398,956.874,250.8,79.11,100,38,88,2.6,3.9,249.8,79.11,100,47,83,1.7,15273.9,250.3,79.11,100,54,88,15495.7,4793.8,248.0,79.11,100,56,86,3.6,4.7,23.0,6,16
1782840534.840,957.317,250.1,79.11,100,39,88,15738.2,6686.0,249.8,79.11,100,47,83,3.6,4.1,248.5,79.11,100,50,88,1.8,17314.6,243.6,79.11,100,49,86,20755.6,6.9,23.0,6,16
1782840535.288,957.765,250.0,79.11,100,43,88,2.0,16498.5,250.6,79.11,100,48,83,15600.1,4122.0,247.7,79.11,100,48,88,2.7,5.0,245.7,79.11,100,43,85,7510.4,13567.6,23.0,6,16
1782840535.733,958.210,249.9,79.11,100,43,88,5.1,17119.2,251.0,79.11,100,54,83,20470.2,8.1,248.4,79.11,100,40,87,2.6,3372.9,245.7,79.11,100,43,85,16371.3,16481.9,23.0,6,16
1782840536.178,958.655,248.7,79.11,100,36,88,16002.2,5159.8,247.7,79.11,100,40,84,8.9,5.3,248.4,79.11,100,40,87,20796.9,14333.3,246.5,79.11,100,38,86,1820.5,5.7,26.0,7,15
1782840536.620,959.096,246.3,79.11,98,24,87,2.3,17115.6,246.1,79.11,100,40,82,19032.1,1321.6,249.5,79.11,100,38,88,1.8,7.6,242.1,79.11,100,38,85,1097.0,16823.9,26.0,7,15
1782840537.065,959.542,250.7,79.11,100,54,88,15384.4,16469.4,247.2,79.11,100,45,83,1.7,3.8,244.9,79.11,100,49,87,3.4,3.8,236.8,79.11,100,44,85,13373.9,12618.9,26.0,7,15
1782840537.507,959.984,251.1,79.11,100,41,88,1.8,3.9,252.2,79.11,100,57,83,1.8,4.1,249.9,79.11,100,54,88,19743.6,14684.6,242.7,79.11,100,56,86,1345.7,4.7,26.0,7,15
1782840537.950,960.426,251.1,79.11,100,41,88,6.0,9517.1,252.9,79.11,100,43,83,15763.5,9558.5,255.9,79.11,100,61,88,2.9,4.4,250.8,79.11,100,58,86,489.9,16243.4,26.0,7,15
1782840538.394,960.871,249.1,79.11,100,40,88,1.9,5.2,248.5,79.11,100,41,83,20413.0,12516.6,251.5,79.11,100,53,88,4124.1,5.1,248.0,79.11,100,43,86,4.6,12137.5,26.0,7,15
1782840538.835,961.312,249.1,79.11,100,36,88,1.9,17118.3,248.5,79.11,100,41,83,20709.1,5.5,246.8,79.11,100,39,87,2.8,553.2,244.6,79.11,100,41,86,19699.7,17218.1,26.0,7,15
1782840539.277,961.754,249.2,79.11,100,36,88,20707.4,17111.4,248.8,79.11,100,40,83,1.9,4.5,247.7,79.11,100,39,87,8.0,8826.2,240.7,79.11,100,39,85,15983.2,11116.4,26.0,7,15
1782840539.720,962.197,248.8,79.11,100,37,88,8.1,16351.0,249.1,79.11,100,41,83,18185.1,433.3,247.7,79.11,100,39,87,6.2,4.4,240.7,79.11,100,39,85,1118.5,16772.1,26.0,7,15
1782840540.165,962.642,249.8,79.11,100,37,88,3.5,4.7,250.4,79.11,100,40,82,13466.6,13150.8,251.2,79.11,99,39,87,10440.1,4.4,244.0,79.11,100,44,86,2.3,11.4,26.0,7,15
1782840540.606,963.083,250.9,79.11,100,38,88,17193.8,2828.1,252.3,79.11,100,47,83,1.8,4.4,253.1,79.11,99,46,88,693.4,16821.8,247.2,79.11,100,55,86,20755.3,11.0,26.0,7,15
1782840541.054,963.531,250.1,79.11,100,37,88,3.5,12940.9,250.7,79.11,100,46,83,15633.8,7536.3,251.5,79.11,100,53,88,1.9,4.4,246.4,79.11,100,54,86,1.7,14406.0,26.0,7,15
1782840541.496,963.973,249.6,79.11,100,37,88,4.8,4.4,250.3,79.11,100,51,83,1.9,7218.8,250.6,79.11,100,56,88,15925.0,12510.9,247.9,79.11,100,54,86,4.5,4.6,26.0,7,15
1782840541.939,964.416,249.6,79.11,100,37,88,20712.2,17109.3,249.8,79.11,100,60,83,4.6,4.7,247.6,79.11,100,46,88,1.9,4934.2,244.3,79.11,100,45,85,17703.0,13367.4,26.0,7,15
1782840542.381,964.858,250.4,79.11,100,44,88,1.9,17115.5,248.5,79.11,100,48,83,20705.9,4.9,249.4,79.11,100,40,88,2.0,4.8,244.7,79.11,100,39,85,19747.4,17196.3,26.0,7,15
1782840542.823,965.300,249.2,79.11,100,41,88,20708.5,17110.1,248.5,79.11,100,48,83,3.8,5.8,252.4,79.11,100,40,88,5245.1,13859.0,244.6,79.11,100,42,86,18244.0,8.6,26.0,7,15
1782840543.265,965.742,249.4,79.11,100,34,88,20709.4,17106.7,248.6,79.11,100,42,83,20704.1,17102.3,250.6,79.11,100,40,89,20686.3,16752.7,236.6,79.11,100,11,86,20755.5,11.3,29.0,8,14
1782840543.713,966.190,244.4,79.11,100,22,89,7.1,4.7,246.1,79.11,98,13,83,17151.9,12462.4,250.6,79.11,100,40,89,6314.3,4.0,236.6,79.11,100,11,86,3.1,3.8,29.0,8,14
1782840544.157,966.634,249.9,79.11,100,49,88,2.5,17116.0,246.1,79.11,100,42,83,20705.6,4.0,245.4,79.11,100,45,88,2.9,5.2,239.6,79.11,100,43,85,1128.8,16811.5,29.0,8,14
1782840544.599,967.076,255.0,79.11,100,57,88,20707.6,4.1,250.4,79.11,100,62,83,2.8,4.4,247.0,79.11,99,41,88,3707.0,14036.4,248.2,79.11,100,40,85,19782.1,12.4,29.0,8,14
1782840545.042,967.519,251.3,79.11,100,43,88,2.6,17109.5,253.8,79.11,100,54,83,20491.1,5.7,251.7,79.11,100,56,88,2.0,4.9,248.3,79.11,100,46,86,20331.2,15229.1,29.0,8,14
1782840545.485,967.961,248.7,79.11,100,37,88,20710.0,16114.2,247.6,79.11,100,44,83,250.0,5.7,249.3,79.11,100,40,87,1084.2,16756.5,246.7,79.11,100,39,85,20748.6,5.6,29.0,8,14
1782840545.926,968.403,248.7,79.11,100,37,88,18525.8,8.2,248.2,79.11,100,45,83,3.7,6966.1,248.9,79.11,100,42,88,16331.6,12891.0,243.4,79.11,100,38,84,3.0,5.1,29.0,8,14
1782840546.371,968.848,248.7,79.11,100,34,88,17873.6,3.9,250.8,79.11,100,40,82,1.8,4.4,251.8,79.11,100,44,88,7090.8,13264.2,244.7,79.11,100,44,86,17267.7,4.5,29.0,8,14
1782840546.812,969.289,251.6,79.11,100,39,88,4705.1,13343.8,250.8,79.11,100,40,82,19083.3,5.4,252.1,79.11,100,50,88,4.0,4.4,245.6,79.11,100,47,86,15713.1,15767.1,29.0,8,14
1782840547.266,969.743,251.2,79.11,100,43,88,3.4,4.9,251.3,79.11,100,42,83,541.8,16890.8,249.3,79.11,100,55,88,20751.2,4.2,245.3,79.11,100,50,86,1.8,4.4,29.0,8,14
1782840547.707,970.184,250.1,79.11,100,43,88,20710.7,17111.0,251.6,79.11,100,56,83,10.4,9.6,249.3,79.11,100,55,88,6.2,5550.5,245.3,79.11,100,50,86,15543.7,14723.2,29.0,8,14
1782840548.153,970.630,249.5,79.11,100,40,88,1.8,3.9,250.2,79.11,100,51,83,2009.4,15480.1,251.3,79.11,100,56,88,20746.7,4.3,247.7,79.11,100,54,86,2.7,5.3,29.0,8,14
1782840548.595,971.072,249.2,79.11,100,38,88,15514.0,5927.6,249.4,79.11,100,46,83,1.8,4.2,252.8,79.11,100,58,88,1.8,10955.5,248.8,79.11,100,50,86,15465.1,9428.1,29.0,8,14
1782840549.036,971.513,249.1,79.11,100,38,88,1.8,4.0,249.5,79.11,100,48,83,20267.4,14274.8,251.8,79.11,100,59,88,1820.3,4.6,248.7,79.11,100,53,86,2.7,627.0,29.0,8,14
1782840549.478,971.955,249.6,79.11,100,45,88,4.3,10.9,249.4,79.11,100,49,83,3762.1,13949.0,248.4,79.11,100,51,88,19684.8,5.5,245.8,79.11,100,43,85,2.8,3441.0,29.0,8,14
1782840549.925,972.402,249.6,79.11,100,45,88,2.0,6102.8,247.1,79.11,100,41,83,15983.5,12885.2,247.9,79.11,100,40,87,2.0,5.4,244.8,79.11,99,38,86,2353.5,15309.2,32.0,9,13
1782840550.370,972.847,248.9,79.11,100,35,88,3.4,4.1,243.9,79.11,100,10,83,1.9,938.0,247.2,79.11,98,36,87,18136.9,17198.6,236.6,79.11,100,13,85,1.9,4.3,32.0,9,13
1782840550.811,973.288,246.7,79.11,100,51,89,1.7,3.0,243.9,79.11,100,10,83,20239.9,17109.3,249.3,79.11,100,65,88,2.4,3.9,241.7,79.11,100,71,86,3.5,6.1,32.0,9,13
1782840551.262,973.738,250.0,79.11,100,42,87,20707.3,17108.5,250.4,79.11,100,48,83,9.7,4.0,250.1,79.11,100,39,88,1.9,3.8,252.2,79.11,100,41,85,12865.9,12795.5,32.0,9,13
1782840551.706,974.183,254.6,79.11,100,43,88,4.8,7.2,253.8,79.11,100,45,83,7.8,6817.4,250.1,79.11,100,39,88,16009.6,13133.6,252.2,79.11,100,41,85,4.6,4.7,32.0,9,13
1782840552.149,974.626,249.3,79.11,100,42,88,16035.9,6005.0,248.9,79.11,100,47,83,2.1,5.4,252.2,79.11,100,43,87,17208.6,13299.9,244.6,79.11,100,38,85,6819.4,5.5,32.0,9,13
1782840552.590,975.067,249.9,79.11,100,35,88,2.0,4.9,249.6,79.11,100,42,82,509.9,17133.5,248.1,79.11,100,39,88,20750.8,5.5,247.1,79.11,100,43,86,2.1,582.8,32.0,9,13
1782840553.032,975.509,250.5,79.11,100,36,88,2.0,4.9,248.6,79.11,100,39,83,19756.1,17104.3,249.7,79.11,100,40,87,4.3,4.9,242.9,79.11,100,36,86,1.9,16423.8,32.0,9,13
1782840553.476,975.953,251.2,79.11,100,51,88,3.5,4.0,250.5,79.11,100,46,83,1.8,15749.3,249.6,79.11,100,42,88,18412.7,1806.0,239.9,79.11,100,39,85,2.7,4.6,32.0,9,13
1782840553.920,976.397,251.2,79.11,100,51,88,15455.9,8095.3,251.3,79.11,100,43,83,5.9,8.9,249.7,79.11,99,39,87,1096.6,16762.0,243.8,79.11,100,41,85,20752.3,4.6,32.0,9,13
1782840554.361,976.838,250.9,79.11,100,46,88,1.8,4033.9,248.6,79.11,100,42,83,16087.4,16043.9,249.0,79.11,100,40,87,2.8,4.4,248.2,79.11,100,39,85,1.9,4948.4,32.0,9,13
1782840554.803,977.280,250.6,79.11,100,40,88,8678.4,4.0,248.6,79.11,100,42,83,1.8,4.3,249.9,79.11,100,40,88,16967.6,12794.1,247.3,79.11,100,39,85,7868.5,4.7,32.0,9,13
1782840555.244,977.721,250.9,79.11,100,39,88,1.8,17114.6,250.1,79.11,100,40,83,20708.4,4.8,250.1,79.11,100,39,88,2.9,4.5,247.3,79.11,100,39,85,1129.4,16750.1,32.0,9,13
1782840555.686,978.163,249.9,79.11,100,38,88,2.3,7.7,249.4,79.11,100,41,83,499.6,17187.6,250.1,79.11,100,39,88,20753.6,7.1,246.5,79.11,100,39,85,2.6,4.7,32.0,9,13
1782840556.138,978.615,249.4,79.11,100,38,88,17312.5,2596.3,249.6,79.11,100,41,83,3.7,5.1,250.2,79.11,100,40,88,10349.2,13381.0,247.7,79.11,100,39,86,13776.3,7.4,32.0,9,13
1782840556.581,979.058,250.9,79.11,100,36,88,18251.1,4.9,251.2,79.11,100,42,82,2.1,2155.5,250.4,79.11,100,41,88,17262.6,16729.9,248.1,79.11,100,47,86,2.3,9.3,32.0,9,13
1782840557.027,979.504,249.5,79.11,100,36,88,2.0,5.2,249.3,79.11,100,39,83,20736.9,17149.5,249.2,79.11,100,40,89,20749.7,17189.6,243.4,79.11,100,38,85,20719.4,17185.1,35.0,10,12
1782840557.470,979.947,248.6,79.11,100,44,89,19438.7,12862.8,243.5,79.11,100,45,83,4896.1,4.7,242.9,79.11,100,11,88,4.4,3.9,237.7,79.11,100,64,86,1151.2,16746.8,35.0,10,12
1782840557.914,980.391,248.6,79.11,100,44,89,20291.6,256.1,249.5,79.11,100,42,83,5.0,7.0,248.2,79.11,100,53,87,489.8,13985.1,241.3,79.11,100,40,86,15185.5,6687.8,35.0,10,12
1782840558.356,980.833,250.6,79.11,100,42,88,1.8,3.9,255.7,79.11,100,53,83,1.6,16937.7,254.8,79.11,100,41,87,16915.7,3107.7,248.4,79.11,100,40,86,2.7,4.6,35.0,10,12
1782840558.797,981.274,253.8,79.11,100,56,88,18735.8,17107.2,255.7,79.11,100,53,83,2.7,4.4,249.1,79.11,100,40,88,2.2,4024.3,246.4,79.11,100,38,85,15508.9,16249.0,35.0,10,12
1782840559.242,981.719,250.6,79.11,100,49,88,17473.4,17110.4,251.4,79.11,100,52,83,4.7,5.6,249.7,79.11,100,40,88,7792.7,13568.2,246.4,79.11,100,38,85,15892.6,5.7,35.0,10,12
1782840559.683,982.160,248.6,79.11,100,34,88,6345.6,7.8,250.5,79.11,100,40,83,5.1,17166.7,249.7,79.11,100,40,88,20753.8,7.8,246.1,79.11,100,39,86,2.1,532.0,35.0,10,12
1782840560.128,982.605,249.1,79.11,100,37,88,2.0,4.6,249.8,79.11,100,39,83,490.0,17174.4,249.3,79.11,100,39,87,20752.2,4.9,243.9,79.11,100,41,86,4.5,4.5,35.0,10,12
1782840560.570,983.047,250.5,79.11,100,45,88,16106.2,12404.7,251.7,79.11,100,59,83,1.8,4.7,251.7,79.11,100,46,88,1082.7,16801.7,242.2,79.11,100,46,85,20748.1,5.5,35.0,10,12
1782840561.012,983.488,250.9,79.11,100,45,88,1.8,5073.8,252.3,79.11,100,62,83,16232.0,14998.0,251.7,79.11,100,39,88,1.8,6.7,243.2,79.11,100,39,85,3.5,8222.6,35.0,10,12
1782840561.458,983.935,250.9,79.11,100,45,88,11846.1,4.1,249.1,79.11,100,59,83,1.8,4.2,248.2,79.11,100,41,88,11466.3,12893.4,245.2,79.11,100,40,84,13306.3,6.8,35.0,10,12
1782840561.901,984.378,250.4,79.11,100,52,88,2.0,12857.6,251.6,79.11,100,61,83,24364.2,413.9,252.0,79.11,100,41,88,4.6,4.3,246.7,79.11,100,39,85,1097.5,16863.7,35.0,10,12
1782840562.349,984.826,250.3,79.11,100,54,88,1.8,5.0,251.6,79.11,100,61,83,4.4,6581.2,252.0,79.11,100,39,88,15727.3,13614.8,246.4,79.11,100,39,85,3.1,4.3,35.0,10,12
1782840562.790,985.267,251.0,79.11,100,49,88,19494.1,13226.3,251.9,79.11,100,57,83,3775.3,4.3,249.5,79.11,100,40,88,3.4,22.1,246.1,79.11,100,39,85,19750.7,17195.6,35.0,10,12
1782840563.242,985.719,251.2,79.11,100,51,88,1.9,9870.9,249.5,79.11,100,57,83,16062.1,10255.8,249.2,79.11,100,39,87,3.1,5.6,246.1,79.11,100,39,85,14142.2,13244.8,35.0,10,12
1782840563.685,986.162,247.4,79.11,100,36,88,20714.8,17111.6,247.5,79.11,100,41,82,7.3,8.5,249.2,79.11,100,39,87,12447.8,13325.2,247.2,79.11,100,38,85,11550.8,5.5,35.0,10,12
1782840564.143,986.620,247.7,79.11,100,41,88,19275.8,14261.5,248.3,79.11,100,43,83,20224.0,4.2,250.0,79.11,100,40,88,2.9,4.0,243.9,79.11,100,38,85,5421.4,13660.8,38.0,11,11
1782840564.587,987.064,249.8,79.11,100,53,89,10905.7,3.6,245.8,79.11,100,57,83,1.8,4.0,245.6,79.11,100,25,88,1109.9,16850.3,236.9,79.11,100,48,85,16920.3,2873.5,38.0,11,11
1782840565.029,987.505,251.2,79.11,100,41,88,1.7,4.0,251.5,79.11,100,61,83,1.8,12033.7,250.7,79.11,100,53,88,15001.1,8251.6,244.7,79.11,100,59,86,4.6,4.1,38.0,11,11
1782840565.471,987.948,249.9,79.11,100,40,89,1.8,17112.3,253.9,79.11,100,43,82,17666.6,2397.6,254.2,79.11,100,61,88,2.7,4.6,253.0,79.11,100,56,86,1120.0,16807.7,38.0,11,11
1782840565.916,988.393,249.9,79.11,100,40,89,2.0,7.5,249.0,79.11,100,41,82,524.4,17112.9,250.4,79.11,100,41,88,20746.4,5.6,250.9,79.11,100,47,86,4.5,589.4,38.0,11,11
1782840566.359,988.836,248.1,79.11,100,38,88,2.0,10043.9,247.7,79.11,100,40,83,16382.3,9858.5,247.3,79.11,100,44,88,3.1,5.4,243.5,79.11,100,38,86,13018.0,13314.9,38.0,11,11
1782840566.800,989.277,248.3,79.11,100,34,88,20581.7,14291.1,247.7,79.11,100,40,83,2635.6,5.0,249.4,79.11,100,36,88,2.0,8723.9,240.0,79.11,100,39,85,17290.3,9789.6,38.0,11,11
1782840567.243,989.720,250.0,79.11,100,43,88,1.8,16496.8,250.4,79.11,100,44,83,15406.2,4374.3,249.3,79.11,100,41,88,2.9,4.6,240.0,79.11,100,39,85,1098.1,16829.5,38.0,11,11
1782840567.684,990.161,250.2,79.11,100,38,88,3.4,6.6,249.6,79.11,100,43,83,5.1,17203.4,249.3,79.11,100,41,88,20754.6,10.0,244.3,79.11,100,38,85,4.6,4.8,38.0,11,11
1782840568.134,990.611,249.1,79.11,100,39,88,17236.8,2689.9,249.3,79.11,100,42,82,2.3,4.4,249.1,79.11,100,43,87,490.9,15663.0,247.9,79.11,100,38,86,15284.1,4834.5,38.0,11,11
1782840568.578,991.055,249.8,79.11,100,38,88,3.4,4.1,250.1,79.11,100,42,82,19351.2,17107.3,250.1,79.11,100,48,88,2.7,4.4,246.8,79.11,100,47,86,1.9,4941.8,38.0,11,11
1782840569.025,991.502,249.6,79.11,100,39,88,15776.1,4.0,250.4,79.11,100,43,82,1.9,4.4,249.4,79.11,100,46,88,17281.2,13020.3,247.9,79.11,100,50,86,7008.5,4.6,38.0,11,11
1782840569.466,991.943,249.6,79.11,100,39,88,2.7,17115.9,250.3,79.11,100,41,83,20704.6,4.5,250.2,79.11,100,45,88,1.9,4.7,247.1,79.11,100,50,86,2596.1,15108.9,38.0,11,11
1782840569.908,992.384,250.1,79.11,100,39,88,2.8,4.4,250.5,79.11,100,42,83,525.6,17126.0,250.5,79.11,100,51,88,20752.5,4.8,247.0,79.11,100,53,86,2.0,6.0,38.0,11,11
1782840570.350,992.827,250.3,79.11,100,37,88,2.0,5.1,250.5,79.11,100,42,83,12182.0,13306.5,249.2,79.11,100,47,88,11606.4,5.4,241.9,79.11,100,38,84,2.6,8852.9,38.0,11,11
1782840570.792,993.269,249.3,79.11,100,38,88,4.5,17113.1,249.3,79.11,100,43,83,20705.3,6.0,250.6,79.11,100,39,88,5.0,555.0,242.8,79.11,100,41,85,26794.3,13019.9,41.0,12,10
1782840571.239,993.716,249.5,79.11,99,36,88,2.9,4.0,250.8,79.11,100,44,83,1.8,95.1,247.8,79.11,100,57,88,19691.8,17202.9,242.8,79.11,100,41,85,1.7,4.1,41.0,12,10
1782840571.682,994.159,251.1,79.11,100,49,88,3.4,6.3,248.4,79.11,100,63,83,568.6,16752.4,247.8,79.11,100,57,88,20758.2,7.9,239.2,79.11,100,52,86,5.1,10.2,41.0,12,10
1782840572.134,994.611,249.1,79.11,100,40,88,20707.9,13646.5,247.8,79.11,100,39,82,3392.8,4.0,247.1,79.11,100,58,88,1.8,4.0,243.4,79.11,100,50,86,3956.4,14169.1,41.0,12,10
1782840572.577,995.054,249.4,79.11,100,44,88,1.8,4.4,250.9,79.11,100,43,83,2.2,17182.6,253.1,79.11,100,40,87,17776.3,2363.7,249.6,79.11,100,39,85,2.8,5.5,41.0,12,10
1782840573.023,995.499,248.8,79.11,100,37,89,1.9,5.0,247.6,79.11,100,41,82,2.0,17173.8,249.2,79.11,100,40,87,20747.9,6.0,246.3,79.11,100,38,85,4.2,564.1,41.0,12,10
1782840573.465,995.942,248.8,79.11,100,37,89,3.0,8335.1,249.3,79.11,100,37,83,16333.3,11728.5,248.9,79.11,100,39,88,3.1,5.8,242.2,79.11,100,38,86,17568.8,13550.5,41.0,12,10
1782840573.907,996.384,248.6,79.11,100,36,88,1.8,17109.4,252.4,79.11,100,48,83,17777.7,2268.6,251.3,79.11,100,42,88,6.0,5.2,242.2,79.11,100,42,85,12102.0,13136.3,41.0,12,10
1782840574.350,996.827,251.7,79.11,100,44,88,2.7,4.2,252.4,79.11,100,48,83,530.5,17129.9,250.5,79.11,100,39,88,20750.4,6.9,243.9,79.11,100,38,85,2.7,4.7,41.0,12,10
1782840574.794,997.271,251.3,79.11,100,46,88,20667.5,4.5,250.8,79.11,100,50,83,1.8,4.4,249.0,79.11,100,39,87,1106.7,16782.9,246.3,79.11,100,40,85,20758.9,4.8,41.0,12,10
1782840575.235,997.712,249.7,79.11,100,41,88,1.8,3.6,248.9,79.11,100,40,83,20236.1,17109.4,250.7,79.11,100,40,87,2.4,4.4,246.3,79.11,100,40,85,3.5,621.8,41.0,12,10
1782840575.678,998.155,249.6,79.11,100,43,88,18373.7,3.9,251.1,79.11,100,44,83,7.5,9.6,250.7,79.11,100,40,87,7347.1,12864.5,247.4,79.11,100,39,85,15938.0,4.9,41.0,12,10
1782840576.123,998.600,250.3,79.11,100,45,88,2.8,17112.8,250.6,79.11,100,44,83,19824.8,796.9,250.8,79.11,100,42,87,1.9,4.6,246.6,79.11,100,40,85,1132.3,16745.4,41.0,12,10
1782840576.565,999.042,250.8,79.11,100,40,88,1.8,4.3,249.3,79.11,100,43,83,3.6,7992.0,249.6,79.11,100,39,88,15639.9,12416.3,246.5,79.11,100,41,85,2.3,4.9,41.0,12,10
1782840577.006,999.483,250.0,79.11,100,38,88,15947.0,3960.3,249.4,79.11,100,41,83,2.9,4.8,249.5,79.11,100,40,89,7058.8,13334.2,246.3,79.11,100,38,85,16994.2,5.5,41.0,12,10
1782840577.447,999.924,250.0,79.11,100,38,88,15313.9,5.3,252.4,79.11,100,43,83,2.3,10093.3,251.1,79.11,100,40,88,16135.2,9677.7,243.8,79.11,100,40,85,2.6,5.7,41.0,12,10
1782840577.888,1000.365,250.7,79.11,100,40,88,20616.7,14121.5,251.2,79.11,100,42,82,19811.9,12578.9,250.1,79.11,100,41,88,19728.8,13347.5,243.2,79.11,100,40,86,9736.4,4.3,43.0,13,9
1782840578.333,1000.810,247.5,79.11,98,10,88,1.7,113.1,251.2,79.11,100,42,82,19249.2,17109.5,245.2,79.11,100,57,88,4.3,4.0,242.0,79.11,100,59,86,4.3,4.6,43.0,13,9
1782840578.776,1001.253,249.3,79.11,100,42,88,19646.8,12600.4,246.5,79.11,100,46,82,5648.1,4.2,247.5,79.11,100,40,87,1.8,3.8,241.7,79.11,100,39,85,15995.1,12696.1,43.0,13,9
1782840579.222,1001.699,250.1,79.11,100,50,88,1.9,4.1,249.2,79.11,100,49,83,1.9,65.6,247.5,79.11,100,40,87,19713.7,17192.8,241.7,79.11,100,39,85,2.6,5.5,43.0,13,9
1782840579.664,1002.141,251.0,79.11,100,49,88,9211.9,12863.8,253.3,79.11,100,62,83,15416.9,8.2,252.9,79.11,100,42,88,8.4,3483.0,246.7,79.11,100,42,85,16278.7,16528.4,43.0,13,9
1782840580.105,1002.581,248.2,79.11,100,36,88,18205.0,17113.2,249.6,79.11,100,46,83,2.2,5.6,250.6,79.11,100,40,87,7471.8,13592.0,246.1,79.11,100,39,85,16230.0,5.3,43.0,13,9
1782840580.546,1003.022,249.3,79.11,100,37,88,7420.1,4.9,249.5,79.11,100,45,83,2.0,10816.2,250.6,79.11,100,39,88,15983.8,9165.8,244.1,79.11,100,39,85,4.1,5.3,43.0,13,9
1782840580.987,1003.463,251.3,79.11,100,37,88,15516.5,3.9,250.2,79.11,100,40,82,1.8,4.3,250.5,79.11,100,44,88,9854.0,13083.8,244.8,79.11,100,47,86,14720.5,4.4,43.0,13,9
1782840581.427,1003.904,251.3,79.11,100,37,88,6351.8,12894.9,250.8,79.11,100,49,83,18213.4,4.2,251.2,79.11,100,52,88,1.9,4.3,244.9,79.11,100,48,86,2897.5,15107.1,43.0,13,9
1782840581.869,1004.346,251.2,79.11,100,40,88,1.8,4.1,251.3,79.11,100,60,83,3.3,17206.8,251.6,79.11,100,43,88,20755.2,8.9,243.8,79.11,100,41,85,5.6,4.4,43.0,13,9
1782840582.315,1004.792,251.2,79.11,100,49,88,20708.1,14642.2,251.3,79.11,100,60,83,1951.3,4.3,250.8,79.11,100,48,88,1.8,515.8,248.0,79.11,100,46,85,19740.9,17040.8,43.0,13,9
1782840582.756,1005.232,249.6,79.11,100,45,88,8.5,5.7,250.4,79.11,100,60,83,530.3,17129.9,250.7,79.11,100,52,88,20747.1,4.4,248.0,79.11,100,46,85,3.2,4.7,43.0,13,9
1782840583.204,1005.680,250.5,79.11,100,42,88,15697.3,8022.8,251.8,79.11,100,59,83,2.7,4.2,250.7,79.11,100,52,88,3.5,8915.8,248.2,79.11,100,50,86,15486.0,11467.6,43.0,13,9
1782840583.645,1006.122,250.0,79.11,100,44,88,1.8,4.2,250.0,79.11,100,62,83,20731.0,17112.6,252.1,79.11,100,48,88,5.2,9.9,247.8,79.11,100,47,86,5.2,9069.2,43.0,13,9
1782840584.094,1006.571,249.5,79.11,100,42,88,3.6,5.1,251.2,79.11,100,53,83,18432.8,13187.7,251.0,79.11,100,47,88,5496.9,5.6,247.8,79.11,100,39,85,2.0,15764.0,43.0,13,9
1782840584.535,1007.012,248.9,79.11,100,36,88,2.1,17108.9,249.3,79.11,100,41,83,20275.3,269.2,247.0,79.11,100,39,88,2.9,4.8,247.6,79.11,100,44,86,19516.0,13188.9,46.0,14,8
1782840584.978,1007.455,244.0,79.11,100,11,89,5.0,4.8,245.9,79.11,98,42,83,1.8,14850.8,246.6,79.11,100,41,87,16520.6,4483.5,240.5,79.11,98,19,86,2.8,4.4,46.0,14,8
1782840585.419,1007.896,244.0,79.11,100,11,89,1.8,4076.0,251.9,79.11,100,67,83,15664.4,16339.2,249.0,79.11,100,44,88,2.9,4.2,238.4,79.11,100,43,85,4.7,595.3,46.0,14,8
1782840585.863,1008.340,251.2,79.11,100,54,88,15278.9,15850.7,251.3,79.11,100,42,83,3.4,4.0,250.3,79.11,100,61,88,2.7,560.7,248.9,79.11,100,59,86,19733.6,17230.7,46.0,14,8
1782840586.307,1008.784,252.0,79.11,100,41,88,3.5,4.1,251.3,79.11,100,42,83,1.7,17197.7,248.9,79.11,100,42,87,17410.2,2392.5,250.4,79.11,100,41,86,1.9,4.6,46.0,14,8
1782840586.748,1009.225,249.0,79.11,100,38,89,20708.3,7.8,251.9,79.11,100,44,82,6.1,68.7,250.0,79.11,100,43,88,19322.7,17194.4,250.4,79.11,100,41,86,4.4,5.3,46.0,14,8
1782840587.192,1009.669,249.7,79.11,100,38,88,3.6,5.1,249.9,79.11,100,42,83,9335.7,13627.1,250.0,79.11,100,43,88,14209.6,5.7,247.3,79.11,100,42,86,2.1,9606.2,46.0,14,8
1782840587.635,1010.111,250.0,79.11,100,35,88,2.0,9659.9,249.9,79.11,100,42,82,15882.8,10605.0,248.7,79.11,100,39,88,2.0,7.7,243.9,79.11,100,42,86,1120.1,16772.8,46.0,14,8
1782840588.077,1010.554,248.7,79.11,100,37,88,1.8,4.2,249.4,79.11,100,43,83,511.0,17152.9,248.8,79.11,100,39,87,20750.9,4.9,242.6,79.11,100,39,85,1.9,4.6,46.0,14,8
1782840588.518,1010.995,249.2,79.11,100,38,89,15251.1,5869.5,249.6,79.11,100,39,82,1.8,4.6,249.7,79.11,100,38,88,1096.6,16778.8,243.1,79.11,100,37,85,20757.1,4.6,46.0,14,8
1782840588.959,1011.435,249.2,79.11,100,38,89,2.8,269.0,249.4,79.11,100,43,82,19134.2,17106.6,251.2,79.11,100,44,88,2.6,4.4,247.8,79.11,100,46,86,1.9,663.2,46.0,14,8
1782840589.401,1011.878,250.3,79.11,100,38,88,17518.6,4.0,250.5,79.11,100,44,82,1.9,4.3,250.6,79.11,100,42,87,6430.5,12854.8,246.7,79.11,100,43,86,18215.8,4.5,46.0,14,8
1782840589.842,1012.319,249.8,79.11,100,38,89,1.9,7743.4,250.5,79.11,100,44,82,16185.2,12362.3,249.5,79.11,100,41,87,2.8,4.8,247.3,79.11,100,38,86,6.7,13035.2,46.0,14,8
1782840590.327,1012.804,249.8,79.11,100,38,89,1.8,4.0,248.9,79.11,100,42,82,20255.2,16575.5,249.8,79.11,100,45,87,2.0,4.5,245.9,79.11,100,43,86,1.8,594.0,46.0,14,8
1782840590.769,1013.246,249.4,79.11,100,38,88,10389.2,4.6,250.0,79.11,100,43,82,6.2,81.2,249.4,79.11,100,43,88,19467.0,17193.9,247.1,79.11,100,47,86,2.0,4.7,46.0,14,8
1782840591.212,1013.689,250.0,79.11,100,38,88,4266.9,4.8,249.7,79.11,100,40,83,2.0,11766.6,249.4,79.11,100,43,88,17842.1,6561.9,247.1,79.11,100,47,86,2.5,5.5,46.0,14,8
1782840591.654,1014.131,248.7,79.11,100,35,88,2.0,4.9,249.2,79.11,100,47,83,15596.9,21348.1,249.8,79.11,100,39,87,20751.3,17195.3,242.6,79.11,100,39,85,20765.6,17199.3,49.0,15,7
1782840592.102,1014.579,245.5,79.11,100,33,88,20711.9,17108.3,245.0,79.11,98,11,83,2.7,4.0,244.2,79.11,100,42,89,3.4,3.8,236.5,79.11,100,10,86,9555.9,12782.3,49.0,15,7
1782840592.549,1015.026,250.7,79.11,100,42,87,20706.0,3.8,248.2,79.11,100,43,82,2.8,4.2,248.3,79.11,100,58,88,1115.0,16792.7,242.4,79.11,100,53,86,20761.2,5.0,49.0,15,7
1782840592.990,1015.467,255.4,79.11,100,55,88,1.7,3.8,248.5,79.11,100,50,83,535.7,17123.3,248.2,79.11,100,41,87,20750.6,4.5,248.9,79.11,100,40,85,2.8,4.6,49.0,15,7
1782840593.433,1015.910,255.4,79.11,100,55,88,15640.4,11223.7,250.7,79.11,100,54,83,1.8,4.5,250.8,79.11,100,42,88,1.8,11612.3,245.5,79.11,100,38,84,15525.8,8838.3,49.0,15,7
1782840593.874,1016.350,250.8,79.11,100,47,88,17309.4,17109.1,248.3,79.11,100,41,82,4.6,5.9,248.7,79.11,100,40,88,8890.1,13543.2,246.1,79.11,100,39,85,15069.2,5.8,49.0,15,7
1782840594.315,1016.792,247.9,79.11,100,36,88,6952.6,5.2,248.3,79.11,100,41,82,2.1,17170.1,248.3,79.11,100,39,87,19511.8,1111.3,243.7,79.11,100,37,85,2.9,4.8,49.0,15,7
1782840594.755,1017.232,247.3,79.11,100,35,88,9.8,6.4,248.4,79.11,100,43,83,503.8,17167.6,251.6,79.11,100,46,88,20751.2,5.0,243.7,79.11,100,37,85,3.5,4.4,49.0,15,7
1782840595.202,1017.679,251.2,79.11,100,43,88,15941.5,12397.9,251.7,79.11,100,43,83,1.9,4.6,251.6,79.11,100,46,88,1079.1,16809.4,241.1,79.11,100,45,86,20751.0,4.9,49.0,15,7
1782840595.644,1018.120,252.2,79.11,100,51,88,1.8,679.9,252.4,79.11,100,47,83,18710.2,17105.6,252.3,79.11,100,46,88,6.2,9.7,244.0,79.11,100,38,85,6.4,6050.0,49.0,15,7
1782840596.092,1018.569,250.1,79.11,100,52,88,14721.9,3.9,250.4,79.11,100,60,83,8.5,4.4,250.3,79.11,100,42,88,14378.3,12873.2,245.7,79.11,100,40,85,10401.9,4.4,49.0,15,7
1782840596.536,1019.013,249.8,79.11,100,48,88,1.8,10119.6,250.2,79.11,100,57,83,15644.5,10445.2,252.1,79.11,100,46,88,2.8,4.4,248.1,79.11,100,42,85,1.8,9268.6,49.0,15,7
1782840596.978,1019.455,249.4,79.11,100,47,88,964.3,4.3,251.4,79.11,100,54,83,3.5,51.4,252.0,79.11,100,50,88,19712.1,17195.3,248.3,79.11,100,42,85,4.7,4.5,49.0,15,7
1782840597.423,1019.899,249.4,79.11,100,47,88,5154.5,12907.3,249.9,79.11,100,55,83,19151.6,4.4,249.9,79.11,100,48,88,3.4,4.4,247.2,79.11,100,42,85,7040.3,13155.5,49.0,15,7
1782840597.866,1020.342,250.4,79.11,100,47,88,1.8,4.5,248.2,79.11,100,49,83,20745.8,15423.7,249.5,79.11,100,40,88,459.1,8.3,245.0,79.11,100,39,85,1096.4,16802.6,49.0,15,7
1782840598.309,1020.786,249.0,79.11,100,45,88,3.6,17115.5,248.2,79.11,100,49,83,20706.1,7.1,250.0,79.11,100,43,88,4.5,743.9,245.1,79.11,100,38,86,18826.6,17193.8,49.0,15,7
1782840598.751,1021.228,249.8,79.11,100,37,88,20711.5,17104.8,250.0,79.11,100,39,83,20704.4,15290.5,242.7,79.11,98,20,87,634.5,4.1,245.1,79.11,100,38,86,5.0,4.3,52.0,16,6
1782840599.194,1021.671,248.9,79.11,100,59,89,15416.7,12872.1,243.2,79.11,100,13,83,2.7,4.0,242.7,79.11,98,20,87,1.8,26.9,234.8,79.11,100,19,84,14634.9,12817.3,52.0,16,6
1782840599.637,1022.114,249.8,79.11,100,44,88,3142.0,3.9,250.9,79.11,100,71,83,1.7,4.1,249.3,79.11,100,44,88,20344.3,17195.3,241.1,79.11,100,54,86,6.8,6.8,52.0,16,6
1782840600.085,1022.562,250.9,79.11,100,41,87,1.9,1052.5,256.4,79.11,100,44,83,18191.6,17106.9,257.0,79.11,100,59,88,2.8,4.7,250.2,79.11,100,60,86,8.6,9347.3,52.0,16,6
1782840600.531,1023.008,248.8,79.11,100,38,88,56.9,5.0,250.2,79.11,100,41,82,3.6,17181.5,247.7,79.11,100,41,88,18718.4,1678.8,250.5,79.11,100,44,85,3.1,19.4,52.0,16,6
1782840600.975,1023.451,249.1,79.11,100,35,88,6.2,1203.3,249.6,79.11,100,47,83,18367.9,17109.6,249.0,79.11,100,41,88,2.6,5.9,245.6,79.11,100,41,85,1851.6,15766.8,52.0,16,6
1782840601.419,1023.896,249.1,79.11,100,35,88,13193.2,13353.3,250.8,79.11,100,38,83,11030.6,4.8,249.4,79.11,100,41,88,3.8,2014.8,239.9,79.11,100,37,86,18318.9,16337.8,52.0,16,6
1782840601.861,1024.338,250.3,79.11,100,40,88,1.8,10802.9,247.1,79.11,100,40,83,15501.1,9839.8,247.1,79.11,100,39,88,2.8,7.4,242.6,79.11,100,41,85,1087.5,16863.7,52.0,16,6
1782840602.305,1024.782,249.3,79.11,100,39,88,3.4,3.9,247.1,79.11,100,40,83,1.8,8377.1,248.9,79.11,100,38,87,15509.7,12073.2,245.2,79.11,100,44,86,1.9,4.7,52.0,16,6
1782840602.746,1025.223,248.6,79.11,100,39,88,20712.5,17109.6,248.8,79.11,100,41,82,2.0,5.6,250.7,79.11,100,43,87,1.9,559.9,245.2,79.11,100,44,86,19719.0,17204.6,52.0,16,6
1782840603.190,1025.666,249.7,79.11,100,39,88,1.8,4.0,250.4,79.11,100,43,82,507.5,17156.8,250.7,79.11,100,43,87,20750.6,4.6,246.8,79.11,100,46,86,2.9,4.5,52.0,16,6
1782840603.630,1026.107,249.8,79.11,100,39,88,20708.3,14287.2,249.3,79.11,100,43,82,2620.5,4.4,250.2,79.11,100,39,87,2.4,569.9,246.9,79.11,100,42,86,19708.9,17204.5,52.0,16,6
1782840604.074,1026.551,249.5,79.11,100,38,88,1.8,4.0,248.7,79.11,100,40,83,4762.0,13175.5,249.4,79.11,100,40,87,19265.2,4.4,245.6,79.11,100,39,85,1.9,4.4,52.0,16,6
1782840604.516,1026.993,248.9,79.11,99,38,88,15160.7,7560.5,249.9,79.11,100,42,82,2.0,4.7,248.8,79.11,100,39,87,1087.7,16793.4,245.7,79.11,100,40,86,20755.2,5.4,52.0,16,6
1782840604.959,1027.435,248.9,79.11,99,38,88,20710.1,17111.9,250.7,79.11,100,41,83,2.0,5.5,249.7,79.11,100,40,88,1107.1,16731.8,247.1,79.11,100,49,86,20759.4,5.4,52.0,16,6
1782840605.400,1027.876,250.0,79.11,100,36,88,20705.9,4.8,249.1,79.11,100,40,82,2.0,39.4,248.8,79.11,100,40,88,19711.3,17195.8,242.6,79.11,100,38,85,2.1,5.8,55.0,17,5
1782840605.844,1028.321,250.0,79.11,100,36,89,1.6,17114.7,249.1,79.11,100,40,82,20705.4,4.2,242.5,79.11,100,11,88,1.8,4.5,236.6,79.11,100,56,86,1122.7,16754.5,55.0,17,5
1782840606.287,1028.764,248.4,79.11,100,44,88,15311.4,4433.1,243.0,79.11,100,35,83,4.3,4.0,247.8,79.11,100,42,87,1.8,655.1,240.5,79.11,100,38,84,19705.0,17203.5,55.0,17,5
1782840607.173,1029.650,253.9,79.11,100,54,88,1.7,17115.1,258.2,79.11,100,66,83,20705.8,4.6,256.8,79.11,100,41,88,4.5,4.6,248.4,79.11,100,40,84,7875.8,13027.7,55.0,17,5
1782840607.617,1030.094,250.3,79.11,100,47,88,4.5,6405.8,253.1,79.11,100,53,83,16460.0,13478.1,251.9,79.11,100,46,88,4.5,8.4,247.5,79.11,100,41,85,4047.9,15525.1,55.0,17,5
1782840608.063,1030.539,249.0,79.11,100,35,88,19729.5,13324.2,246.6,79.11,100,41,83,4649.9,5.5,247.6,79.11,100,40,87,2.8,17294.0,246.0,79.11,100,39,85,18609.2,1771.9,55.0,17,5
1782840608.504,1030.981,247.7,79.11,100,37,88,16186.4,6973.9,248.8,79.11,100,39,83,2.8,4.7,246.0,79.11,100,39,87,1100.9,16741.2,242.1,79.11,100,39,84,20755.2,5.1,55.0,17,5
1782840608.945,1031.422,247.7,79.11,100,37,88,5.0,17114.8,251.6,79.11,100,44,83,20706.8,4.4,251.7,79.11,100,45,88,1.8,4.6,243.4,79.11,100,54,86,11402.5,12937.6,55.0,17,5
1782840609.391,1031.868,250.6,79.11,100,38,88,1.8,4.5,252.7,79.11,100,55,83,2774.5,14873.7,253.6,79.11,100,48,88,20261.9,4.5,244.9,79.11,100,54,86,1.9,4.6,55.0,17,5
1782840609.833,1032.310,251.0,79.11,100,37,88,15483.1,16815.9,252.7,79.11,100,55,83,2.2,4.3,251.1,79.11,100,53,88,2.8,1699.0,244.1,79.11,100,52,86,17667.3,17193.6,55.0,17,5
1782840610.276,1032.753,250.5,79.11,100,42,88,2.0,4.0,250.4,79.11,100,57,83,7967.8,12816.3,249.8,79.11,100,55,88,13749.2,4.6,247.6,79.11,100,55,86,1.7,4.3,55.0,17,5
1782840610.721,1033.198,249.8,79.11,100,40,88,15579.2,11750.2,250.2,79.11,100,53,83,1.9,9.3,249.8,79.11,100,55,88,7.4,11901.1,247.6,79.11,100,55,86,15326.4,8612.7,55.0,17,5
1782840611.164,1033.641,248.9,79.11,100,39,88,1.8,4.2,249.4,79.11,100,48,83,18977.3,12797.4,249.1,79.11,100,51,88,5565.3,4.4,250.0,79.11,100,55,86,3.4,29.5,55.0,17,5
1782840611.605,1034.082,248.8,79.11,100,39,88,20706.0,4.3,249.3,79.11,100,47,83,8.8,5.0,250.2,79.11,100,53,88,14028.5,18048.6,249.2,79.11,100,55,86,2844.4,10.5,55.0,17,5
1782840612.053,1034.530,249.3,79.11,100,37,88,20228.5,4.8,250.5,79.11,100,52,83,2.0,57.6,250.3,79.11,100,48,88,19703.5,17194.3,245.2,79.11,100,43,85,3.8,5.6,55.0,17,5
1782840612.495,1034.971,248.9,79.11,100,37,88,2.7,5.1,248.4,79.11,100,40,82,497.8,17212.5,248.3,79.11,100,38,88,19398.8,17204.3,244.4,79.11,100,42,86,20746.5,17209.0,58.0,18,4
1782840612.936,1035.413,248.9,79.11,100,37,88,3.8,16791.5,242.8,79.11,100,56,83,16589.7,3426.9,242.0,79.11,100,12,88,4.1,3.8,240.2,79.11,100,66,86,1.8,633.1,58.0,18,4
1782840613.379,1035.856,248.7,79.11,100,44,88,20561.6,12668.4,248.9,79.11,100,43,82,4433.3,4.0,247.7,79.11,100,61,88,2.8,4.1,242.0,79.11,100,50,86,12012.7,13532.2,58.0,18,4
1782840613.823,1036.300,249.3,79.11,100,41,87,4.5,3.7,248.9,79.11,100,43,82,1.8,3.9,253.8,79.11,100,42,87,10181.5,12641.6,248.8,79.11,100,39,85,14501.6,7.5,58.0,18,4
1782840614.265,1036.742,252.5,79.11,100,54,88,2.8,17114.8,255.1,79.11,100,48,83,20707.3,4.9,249.0,79.11,100,39,87,1.8,4.5,248.8,79.11,100,39,85,1354.8,16236.9,58.0,18,4
1782840614.711,1037.188,250.0,79.11,100,46,88,6.9,17120.5,250.8,79.11,100,48,83,20706.4,10.6,249.0,79.11,100,39,87,6.0,6086.2,245.8,79.11,100,39,86,16035.6,13678.6,58.0,18,4
1782840615.158,1037.635,249.1,79.11,100,34,88,16121.7,7653.3,250.3,79.11,100,40,83,2.1,5.4,250.3,79.11,100,40,88,20790.8,15289.5,244.5,79.11,100,39,86,4.9,5.4,58.0,18,4
1782840615.601,1038.078,249.3,79.11,100,37,88,20705.7,5.0,250.2,79.11,100,40,83,1.9,5.5,248.8,79.11,100,37,88,20533.0,14338.1,243.3,79.11,100,43,86,2010.9,9.9,58.0,18,4
1782840616.043,1038.520,250.7,79.11,100,45,88,1.7,17117.8,252.0,79.11,100,61,83,20705.0,4.7,251.3,79.11,100,44,88,2.0,4.4,242.2,79.11,100,44,85,20213.3,12881.9,58.0,18,4
1782840616.485,1038.962,250.7,79.11,100,45,88,1.8,4.2,252.0,79.11,100,61,83,3228.8,14429.5,251.7,79.11,100,38,88,20725.3,4.4,242.6,79.11,100,39,84,2.3,4.5,58.0,18,4
1782840616.927,1039.403,250.7,79.11,100,45,88,16481.7,17108.0,248.6,79.11,100,58,83,1.8,6.0,248.0,79.11,100,41,88,3.5,5886.3,244.9,79.11,100,39,84,15608.8,14344.7,58.0,18,4
1782840617.370,1039.847,250.5,79.11,100,51,88,1.8,4.1,249.2,79.11,100,55,83,12486.2,12956.9,249.3,79.11,100,39,88,11618.5,4.4,245.9,79.11,100,39,85,3.5,4.2,58.0,18,4
1782840617.812,1040.289,250.6,79.11,100,52,88,20706.9,5.7,249.2,79.11,100,55,83,2.0,4.5,249.9,79.11,100,40,88,6027.0,13310.5,245.6,79.11,100,38,85,18372.0,6.9,58.0,18,4
1782840618.258,1040.735,249.6,79.11,100,49,88,1.7,11565.6,249.7,79.11,100,53,83,16052.6,8548.6,251.2,79.11,100,39,87,1.9,4.3,245.6,79.11,100,38,85,494.9,14070.5,58.0,18,4
1782840618.701,1041.178,250.6,79.11,100,48,88,3.8,8.4,249.6,79.11,100,49,83,14603.3,12928.7,251.2,79.11,100,39,87,9708.4,6.7,247.0,79.11,100,39,86,2.5,11567.5,58.0,18,4
1782840619.150,1041.627,248.9,79.11,100,36,88,2.1,16616.9,248.6,79.11,100,41,83,16710.4,3342.5,250.2,79.11,100,40,87,3.0,5.0,247.2,79.11,100,38,85,20317.4,17002.9,58.0,18,4
1782840619.591,1042.068,248.3,79.11,100,36,88,20704.4,17107.8,250.4,79.11,100,41,83,20705.2,15195.3,249.4,79.11,100,38,87,749.0,5.5,242.1,79.11,100,39,85,2.6,7.8,61.0,19,3
1782840620.035,1042.511,248.9,79.11,100,42,88,15479.0,9203.9,244.8,79.11,100,49,83,2.9,3.8,243.8,79.11,100,39,88,3.4,549.0,236.3,79.11,100,47,85,19732.0,13254.8,61.0,19,3
1782840620.478,1042.955,252.6,79.11,100,55,88,8.7,3.9,251.1,79.11,100,61,83,2.0,40.4,249.9,79.11,100,40,88,19725.6,17195.4,240.7,79.11,100,39,84,6.0,5.4,61.0,19,3
1782840620.923,1043.400,252.6,79.11,100,55,88,3.5,10295.5,257.1,79.11,100,58,83,15602.5,9066.7,257.1,79.11,100,54,88,4.4,4.4,250.3,79.11,100,55,86,71.6,15203.2,61.0,19,3
1782840621.372,1043.848,251.8,79.11,100,41,88,2.0,4.9,252.8,79.11,100,51,83,500.9,17158.3,253.4,79.11,100,52,88,20746.6,6.0,248.4,79.11,100,50,86,3.7,545.7,61.0,19,3
1782840621.813,1044.289,249.2,79.11,100,39,88,1.9,643.5,252.8,79.11,100,51,83,18632.6,17108.6,246.8,79.11,100,39,87,3.1,5.5,244.2,79.11,100,38,86,1123.9,16742.9,61.0,19,3
1782840622.254,1044.731,248.3,79.11,100,36,88,9467.4,13429.8,247.2,79.11,100,40,83,14830.4,4.8,247.7,79.11,100,38,88,2.0,543.0,244.2,79.11,100,38,86,19712.2,17202.0,61.0,19,3
1782840622.696,1045.172,247.8,79.11,100,37,88,1.8,5271.8,247.1,79.11,100,41,83,16569.3,14219.7,247.7,79.11,100,38,88,9.7,7.8,243.6,79.11,100,39,85,489.9,15146.9,61.0,19,3
1782840623.141,1045.618,250.0,79.11,100,37,88,1.7,3.9,251.0,79.11,100,41,83,1.8,7347.2,251.0,79.11,100,38,88,15645.7,12895.3,244.2,79.11,100,52,86,1.9,4.7,61.0,19,3
1782840623.582,1046.058,251.0,79.11,100,39,88,20709.6,17108.7,252.6,79.11,100,41,83,1.9,4.3,252.9,79.11,100,59,88,1.8,520.9,245.2,79.11,100,48,86,19738.6,17210.1,61.0,19,3
1782840624.024,1046.501,249.8,79.11,100,39,88,3.4,4.0,250.0,79.11,100,49,83,507.2,17153.1,249.9,79.11,100,51,88,20749.6,4.7,245.6,79.11,100,56,86,2.2,4.5,61.0,19,3
1782840624.465,1046.942,249.8,79.11,100,39,88,20706.6,17111.4,250.2,79.11,100,49,83,2.1,10.1,249.4,79.11,100,56,88,1.9,4471.5,248.5,79.11,100,58,86,15854.0,15751.2,61.0,19,3
1782840624.910,1047.387,249.3,79.11,100,40,88,1.7,4.0,249.9,79.11,100,48,83,10010.2,13438.9,249.9,79.11,100,50,88,11875.6,4.4,246.9,79.11,100,53,86,1.9,3.7,61.0,19,3
1782840625.352,1047.829,250.0,79.11,100,40,88,16607.4,3400.6,249.9,79.11,100,48,83,2.8,4.7,249.9,79.11,100,55,88,1107.8,16754.1,248.3,79.11,100,55,86,20751.8,4.7,61.0,19,3
1782840625.793,1048.270,250.0,79.11,100,38,88,20709.3,17109.0,249.1,79.11,100,49,83,3.7,5.4,247.8,79.11,100,42,88,1098.3,16753.3,244.8,79.11,100,38,85,20751.4,5.5,61.0,19,3
1782840626.235,1048.711,248.5,79.11,100,38,88,20708.1,6.0,247.8,79.11,100,44,83,2.0,4.3,247.8,79.11,100,42,88,20310.5,16089.3,244.8,79.11,100,38,85,23.2,5.6,64.0,20,2
1782840626.675,1049.152,249.2,79.11,100,39,88,1.8,13889.4,248.9,79.11,100,45,83,16482.6,5163.5,249.4,79.11,100,46,88,8.7,9.2,241.9,79.11,100,46,86,1141.4,16500.2,64.0,20,2
1782840627.130,1049.607,250.1,79.11,100,42,88,15114.8,12298.2,247.8,79.11,100,57,83,1.7,3.9,247.2,79.11,100,60,88,3.5,527.0,240.7,79.11,100,60,86,19732.5,13390.6,64.0,20,2
1782840627.574,1050.051,248.6,79.11,100,42,88,1.7,3.9,246.9,79.11,100,43,83,2.6,68.9,246.1,79.11,100,48,88,19711.2,17192.1,243.1,79.11,100,39,85,3.6,4.5,64.0,20,2
1782840628.016,1050.493,250.0,79.11,100,53,88,1.8,11982.1,252.2,79.11,100,56,83,15478.7,8571.8,251.4,79.11,100,51,88,1.8,4.5,246.9,79.11,100,38,84,491.7,16989.6,64.0,20,2
1782840628.457,1050.934,250.0,79.11,100,53,88,3.0,5.1,249.7,79.11,100,53,83,19659.3,13301.2,251.2,79.11,100,39,88,4160.2,5.5,244.5,79.11,100,39,85,7.9,16347.5,64.0,20,2
1782840628.902,1051.379,250.0,79.11,100,40,88,1.8,17116.2,251.6,79.11,100,40,83,20707.4,8.1,251.4,79.11,100,39,88,4.7,6375.8,243.6,79.11,100,38,85,16161.7,13368.2,64.0,20,2
1782840629.349,1051.825,248.9,79.11,100,38,88,15626.7,15638.2,251.6,79.11,100,40,83,2.8,4.6,249.8,79.11,100,39,88,3.5,13672.3,243.3,79.11,100,45,86,15775.5,6639.0,64.0,20,2
1782840629.789,1052.266,249.7,79.11,100,37,88,5.5,17113.0,249.6,79.11,100,40,83,17161.4,2854.6,251.1,79.11,100,51,88,2.8,4.5,243.4,79.11,100,42,85,1107.7,16808.1,64.0,20,2
1782840630.232,1052.709,250.3,79.11,100,45,88,4.3,4.7,250.8,79.11,100,51,83,8596.6,13181.4,251.1,79.11,100,51,88,15361.7,4.4,243.4,79.11,100,42,85,1.8,4.3,64.0,20,2
1782840630.674,1053.151,250.1,79.11,100,48,88,15510.1,6614.4,249.5,79.11,100,47,83,4.9,7.2,249.8,79.11,100,43,87,1093.8,16786.1,244.2,79.11,100,40,86,20765.0,6.6,64.0,20,2
1782840631.123,1053.599,249.1,79.11,100,46,88,1.7,13287.8,248.2,79.11,100,47,83,15523.4,7320.7,250.3,79.11,100,42,87,2.7,4.4,245.6,79.11,100,39,85,490.6,14739.2,64.0,20,2
1782840631.565,1054.042,251.1,79.11,100,43,88,1.7,4.0,250.0,79.11,100,44,83,2.0,6119.0,249.2,79.11,100,41,87,15715.9,13844.8,247.2,79.11,100,40,84,2.5,4.9,64.0,20,2
1782840632.006,1054.483,248.9,79.11,100,39,87,20709.1,17113.5,249.8,79.11,100,41,83,3.6,4.7,249.8,79.11,100,40,87,1.9,7863.2,245.7,79.11,100,41,85,15816.5,12426.5,64.0,20,2
1782840632.447,1054.924,248.9,79.11,100,39,87,1.8,17119.2,250.2,79.11,100,41,83,20704.5,5.1,250.6,79.11,100,39,87,3.7,499.7,245.9,79.11,100,46,86,19726.0,17194.3,64.0,20,2
1782840632.888,1055.365,250.4,79.11,100,38,88,20101.5,17109.6,250.7,79.11,100,43,83,2.1,8.1,249.8,79.11,100,39,87,8318.4,13514.2,243.0,79.11,100,38,85,14498.6,5.9,64.0,20,2
1782840633.331,1055.808,249.0,79.11,100,36,87,19239.4,15601.4,250.7,79.11,100,43,83,20702.9,17102.6,247.2,79.11,98,39,87,20747.7,17189.7,236.7,79.11,98,27,84,20756.4,4.9,67.0,21,1
1782840633.773,1056.250,245.0,79.11,100,11,88,7.1,6.6,249.2,79.11,98,40,83,16571.5,12599.7,249.2,79.11,100,67,88,8250.2,4.0,238.6,79.11,100,51,86,4.2,4.0,67.0,21,1
1782840634.216,1056.693,252.2,79.11,100,48,88,1.6,17115.8,250.3,79.11,100,67,83,20704.6,4.1,249.2,79.11,100,67,88,2.8,4.4,238.6,79.11,100,51,86,1131.1,16824.8,67.0,21,1
1782840634.658,1057.135,255.0,79.11,100,41,88,20710.3,4.4,249.9,79.11,100,43,83,1.8,9.1,248.8,79.11,100,57,88,7401.2,14619.3,245.6,79.11,100,54,86,13852.7,6.8,67.0,21,1
1782840635.106,1057.583,248.1,79.11,100,38,88,1.6,17113.9,251.2,79.11,100,44,83,20706.6,5.7,248.3,79.11,100,40,87,2.1,4.7,250.8,79.11,100,37,85,19752.5,15765.8,67.0,21,1
1782840635.548,1058.024,249.4,79.11,100,37,88,20705.1,15143.5,248.5,79.11,100,42,83,1414.2,5.7,248.3,79.11,100,40,88,1076.2,16788.8,246.9,79.11,100,42,86,20755.5,5.5,67.0,21,1
1782840635.989,1058.466,249.2,79.11,100,35,88,17539.1,5.0,248.6,79.11,100,41,83,1.9,3105.5,248.4,79.11,100,39,87,16700.2,16232.8,243.3,79.11,100,38,85,3.6,5.1,67.0,21,1
1782840636.433,1058.910,249.2,79.11,100,35,88,20706.0,4.0,250.5,79.11,100,49,83,1.8,4.9,249.3,79.11,100,47,88,3102.5,14814.3,240.4,79.11,100,38,84,20268.3,4.6,67.0,21,1
1782840636.874,1059.351,249.7,79.11,100,43,88,1.8,17117.1,251.2,79.11,100,41,83,20703.5,4.3,250.0,79.11,100,37,87,6.4,6.5,242.9,79.11,100,37,84,1134.2,16798.0,67.0,21,1
1782840637.343,1059.820,250.2,79.11,100,37,88,3.5,4.0,251.2,79.11,100,41,83,18792.0,12897.4,249.8,79.11,100,41,88,5495.3,4.3,247.7,79.11,100,40,85,1.8,4.9,67.0,21,1
1782840637.784,1060.261,249.8,79.11,100,39,87,17672.1,2524.7,248.4,79.11,100,45,83,1.8,6.1,250.0,79.11,100,41,87,1080.8,16822.3,246.3,79.11,100,40,84,20090.6,699.4,67.0,21,1
1782840638.231,1060.708,250.7,79.11,100,41,88,3.4,3.9,250.2,79.11,100,44,83,18077.7,12644.3,250.0,79.11,100,41,87,6613.8,7.0,246.3,79.11,100,40,84,1.8,585.6,67.0,21,1
1782840638.674,1061.151,250.5,79.11,100,41,88,20705.3,3.8,250.5,79.11,100,46,83,8.3,7.0,249.8,79.11,100,42,87,2181.5,14362.9,247.2,79.11,100,38,85,13353.5,4.7,67.0,21,1
1782840639.125,1061.602,250.1,79.11,100,42,88,1.7,15427.0,250.4,79.11,100,46,83,15257.1,5302.3,249.6,79.11,100,40,87,2.8,4.8,245.9,79.11,100,38,85,1111.7,16809.0,67.0,21,1
1782840639.565,1062.042,249.5,79.11,100,37,87,1.9,5.1,249.8,79.11,100,40,83,20250.9,17107.6,248.8,79.11,100,39,87,3.0,5.4,247.0,79.11,100,38,84,1083.8,16829.6,67.0,21,1
1782840640.008,1062.485,250.8,79.11,100,36,88,2.0,17114.9,251.2,79.11,100,44,83,20690.8,5.6,251.4,79.11,100,45,88,2.0,4.9,243.5,79.11,100,45,86,20599.3,13106.3,70.0,22,0
1782840640.451,1062.928,250.8,79.11,100,36,88,4572.3,3360.4,250.9,79.11,100,49,83,4837.7,4877.4,251.2,79.11,100,46,87,5149.5,7091.2,243.3,79.11,100,47,85,5445.3,8635.7,70.0,23,0
1782840640.894,1063.371,252.1,79.11,100,50,88,3909.4,3624.1,251.8,79.11,100,59,82,4289.4,5615.5,251.4,79.11,100,57,87,4434.4,6472.3,251.1,79.11,100,56,85,5213.1,7604.3,70.0,23,0
1782840641.337,1063.814,250.9,79.11,100,55,87,4506.5,3309.4,251.8,79.11,100,59,82,4831.3,5188.0,252.8,79.11,100,57,87,4438.8,6490.8,254.1,79.11,100,57,85,4719.0,7707.0,70.0,23,0
1782840641.781,1064.258,250.3,79.11,100,54,87,4601.2,3360.6,252.8,79.11,100,59,82,4812.7,4963.9,250.1,79.11,100,57,87,5016.0,6385.9,253.0,79.11,100,56,85,4729.3,7288.6,70.0,24,0
1782840642.226,1064.703,250.0,79.11,100,53,87,3947.5,3565.4,250.0,79.11,100,59,82,4767.5,4904.7,250.1,79.11,100,57,87,5081.1,6141.1,253.0,79.11,100,56,85,5204.6,7067.4,70.0,24,0
1782840642.668,1065.145,250.0,79.11,100,54,87,3947.4,3631.9,250.0,79.11,100,59,82,4727.4,5291.1,250.0,79.11,100,57,87,5536.5,6314.2,250.5,79.11,100,56,85,5363.9,6904.7,70.0,24,0
1782840643.123,1065.600,250.0,79.11,100,55,87,4008.0,3674.2,250.0,79.11,100,59,82,4225.0,5457.9,250.0,79.11,100,58,87,4436.2,6378.0,250.2,79.11,100,57,85,4607.5,7414.3,70.0,24,0
1782840643.565,1066.042,250.0,79.11,100,55,87,4442.4,3259.6,250.0,79.11,100,60,82,4696.3,5039.9,250.0,79.11,100,58,87,5023.5,6286.1,250.2,79.11,100,58,85,5186.6,7494.9,70.0,24,0
1782840644.009,1066.486,250.0,79.11,100,56,87,3947.4,3624.2,250.0,79.11,100,60,82,4222.5,5152.0,250.0,79.11,100,58,87,4374.7,6787.6,250.2,79.11,100,58,85,5066.8,6769.2,70.0,24,0
1782840644.452,1066.929,250.0,79.11,100,56,87,4504.8,3209.5,250.0,79.11,100,60,82,4848.7,5163.4,249.9,79.11,100,58,87,4681.2,6472.1,250.1,79.11,100,58,85,4683.2,7300.7,70.0,24,0
1782840644.895,1067.372,250.0,79.11,100,55,87,3826.0,3724.7,250.0,79.11,100,60,82,4240.3,5560.3,250.0,79.11,100,58,87,5000.2,6453.9,250.0,79.11,100,58,85,5160.6,6921.6,70.0,24,0
1782840645.339,1067.815,250.0,79.11,100,56,87,4504.8,3159.3,250.0,79.11,100,60,82,4490.1,5529.6,250.0,79.11,100,58,87,4454.4,6564.5,249.9,79.11,100,57,85,4630.0,7522.0,70.0,24,0
1782840645.781,1068.258,250.0,79.11,100,56,87,4746.0,3262.5,250.0,79.11,100,59,82,4808.0,5075.0,250.0,79.11,100,58,87,4980.1,6131.0,250.0,79.11,100,58,85,5143.9,7147.4,70.0,24,0
1782840646.229,1068.706,250.0,79.11,100,55,87,3958.9,3624.1,250.0,79.11,100,60,82,4299.7,5324.1,250.0,79.11,100,58,87,4431.7,6565.2,250.0,79.11,100,58,85,4589.4,7189.1,70.0,24,0
1782840646.672,1069.149,250.0,79.11,100,55,87,4499.6,3287.9,250.0,79.11,100,60,82,4818.9,5425.2,250.0,79.11,100,58,87,5469.5,6773.1,250.1,79.11,100,58,85,4623.7,7407.9,70.0,24,0
1782840647.121,1069.598,250.0,79.11,100,55,87,3886.5,3747.0,250.0,79.11,100,60,82,4202.4,5159.9,250.0,79.11,100,58,87,4967.8,5987.1,250.0,79.11,100,58,85,5113.9,6719.4,70.0,24,0
1782840647.563,1070.040,250.0,79.11,100,55,87,4442.4,3254.0,250.0,79.11,100,60,82,4495.4,5557.1,250.0,79.11,100,58,87,4437.1,6669.3,250.0,79.11,100,58,85,4601.1,7859.7,70.0,24,0
1782840648.007,1070.484,250.0,79.11,100,56,87,3825.7,3724.8,250.0,79.11,100,60,82,4761.8,5208.5,250.0,79.11,100,58,87,4941.7,6236.9,250.0,79.11,100,58,85,5110.2,7122.7,70.0,24,0
1782840648.450,1070.927,250.0,79.11,100,56,87,4554.2,3572.8,250.0,79.11,100,60,82,4303.8,5603.5,250.0,79.11,100,58,87,4575.8,6962.8,250.0,79.11,100,58,85,4552.6,7161.0,70.0,24,0
1782840648.892,1071.369,250.0,79.11,100,56,87,3841.1,3770.6,250.0,79.11,100,60,82,4744.8,5408.1,250.0,79.11,100,58,87,4978.7,6388.9,250.0,79.11,100,58,85,5090.4,6960.9,70.0,24,0
1782840649.337,1071.814,250.0,79.11,100,56,87,4626.2,3673.4,250.0,79.11,100,60,82,4283.3,5540.0,250.0,79.11,100,58,87,4538.6,6378.4,250.0,79.11,100,58,85,4608.9,7340.0,71.0,24,0
1782840649.781,1072.258,250.0,79.11,100,55,87,4365.6,3333.8,250.0,79.11,100,60,82,4790.3,5189.1,250.0,79.11,100,58,87,5003.8,6348.6,250.0,79.11,100,58,85,5188.8,7144.5,71.0,24,0
1782840650.226,1072.703,250.0,79.11,100,56,87,3947.5,3624.1,250.0,79.11,100,60,82,4261.4,5433.9,250.0,79.11,100,58,87,4501.2,6783.1,250.0,79.11,100,58,85,4576.8,6962.3,71.0,24,0
1782840650.669,1073.146,250.0,79.11,100,55,87,4413.3,3309.8,250.0,79.11,100,60,82,4761.4,5325.7,250.0,79.11,100,58,87,5795.6,6970.6,250.0,79.11,100,57,85,4598.2,7357.2,71.0,24,0
1782840651.121,1073.598,250.0,79.11,100,56,87,3825.9,3720.0,250.0,79.11,100,60,82,4211.9,5523.0,250.0,79.11,100,58,87,5051.5,6214.4,250.0,79.11,100,58,85,5121.0,6923.8,71.0,24,0
1782840651.564,1074.041,250.0,79.11,100,55,87,4503.2,3622.1,250.0,79.11,100,59,82,4542.5,5724.6,250.0,79.11,100,58,87,4462.3,6679.4,250.0,79.11,100,58,85,4625.3,7608.8,71.0,24,0
1782840652.012,1074.489,250.0,79.11,100,55,87,4363.7,3209.6,250.0,79.11,100,60,82,4771.9,5151.1,250.0,79.11,100,58,87,5050.1,6237.3,250.0,79.11,100,58,85,5146.9,7152.0,71.0,24,0
1782840652.455,1074.932,250.0,79.11,100,55,87,3987.4,3674.2,250.0,79.11,100,60,82,4276.2,5669.8,249.9,79.11,100,58,87,4457.2,6218.2,250.0,79.11,100,58,85,4536.9,7098.7,71.0,24,0
1782840652.898,1075.375,250.0,79.11,100,55,87,4384.0,3243.9,250.0,79.11,100,60,82,4905.3,6228.9,250.0,79.11,100,58,87,5483.5,6835.3,250.1,79.11,100,58,85,4595.9,7466.6,71.0,24,0
1782840653.348,1075.825,250.0,79.11,100,55,87,3973.8,3724.7,250.0,79.11,100,60,82,4318.1,5186.6,250.0,79.11,100,59,87,4987.1,6265.7,250.1,79.11,100,58,85,5117.0,7041.2,71.0,24,0
1782840653.794,1076.271,250.0,79.11,100,55,87,4504.5,3520.7,250.0,79.11,100,60,82,4278.9,5648.2,250.0,79.11,100,58,87,4373.4,6869.7,250.0,79.11,100,58,85,4634.4,8396.5,71.0,24,0
1782840654.242,1076.719,249.9,79.11,100,56,87,4415.2,3259.8,250.0,79.11,100,60,82,4767.2,5229.0,250.0,79.11,100,58,87,4961.9,6219.6,250.0,79.11,100,58,85,5178.2,7282.7,71.0,24,0
1782840654.686,1077.162,250.0,79.11,100,56,87,3949.2,4292.0,250.0,79.11,100,60,82,4285.3,6052.0,250.0,79.11,100,58,87,5024.5,5960.2,250.0,79.11,100,58,85,5107.5,6901.0,71.0,24,0
1782840655.142,1077.618,250.0,79.11,100,56,87,4504.9,3610.8,250.0,79.11,100,59,82,4296.2,5487.1,250.0,79.11,100,57,87,4519.2,6783.3,249.9,79.11,100,57,85,4535.0,7555.1,71.0,24,0
1782840655.591,1078.068,250.0,79.11,100,55,87,4381.7,3240.1,250.0,79.11,100,60,82,4720.7,5275.8,250.0,79.11,100,58,87,5041.1,6115.1,250.0,79.11,100,58,85,5125.2,7628.6,71.0,24,0
1782840656.037,1078.513,250.0,79.11,100,56,87,3915.8,3624.1,250.0,79.11,100,60,82,4274.0,5321.6,250.0,79.11,100,58,87,4457.4,6359.3,250.0,79.11,100,58,85,4552.4,7401.8,71.0,24,0
1782840656.480,1078.957,250.0,79.11,100,56,87,4394.8,3219.4,250.0,79.11,100,60,82,4715.6,5127.2,250.0,79.11,100,58,87,4986.2,6327.2,250.1,79.11,100,58,85,5231.6,7290.7,71.0,24,0
1782840656.923,1079.400,250.0,79.11,100,56,87,3886.7,4028.1,250.0,79.11,100,60,82,4303.8,5672.0,250.0,79.11,100,58,87,5143.6,6283.3,250.1,79.11,100,58,85,5110.3,7067.8,71.0,24,0
1782840657.373,1079.850,250.0,79.11,100,55,87,4503.2,3109.0,250.0,79.11,100,60,82,4905.8,5746.9,250.0,79.11,100,58,87,4639.9,6987.4,250.0,79.11,100,58,85,4657.0,7071.7,71.0,24,0
1782840657.816,1080.293,250.0,79.11,100,55,87,4075.5,3474.0,250.0,79.11,100,60,82,4800.4,4996.1,250.0,79.11,100,58,87,5018.2,6308.1,249.9,79.11,100,57,85,5790.8,7129.7,71.0,24,0
1782840658.263,1080.740,250.0,79.11,100,55,87,3954.7,3674.3,250.0,79.11,100,59,82,4293.3,5989.0,250.0,79.11,100,58,87,4508.3,7069.3,249.9,79.11,100,57,85,4557.7,7104.0,71.0,24,0
1782840658.705,1081.182,250.0,79.11,100,56,87,4329.8,3213.3,250.0,79.11,100,60,82,4725.9,5420.3,250.0,79.11,100,58,87,5344.4,6234.8,250.0,79.11,100,58,85,5140.0,6734.5,72.0,24,0
1782840659.154,1081.631,250.0,79.11,100,55,87,3982.5,3674.1,250.0,79.11,100,60,82,4176.9,5500.9,250.0,79.11,100,58,87,4495.5,6746.1,250.1,79.11,100,58,85,4939.6,7041.1,72.0,24,0
1782840659.596,1082.072,250.0,79.11,100,55,87,4503.0,3303.9,250.0,79.11,100,60,82,4770.4,5521.5,250.0,79.11,100,58,87,4962.7,6353.1,250.0,79.11,100,58,85,6111.1,7748.6,72.0,24,0
1782840660.043,1082.520,250.0,79.11,100,56,87,3886.5,3774.6,250.0,79.11,100,60,82,4187.1,5687.4,250.0,79.11,100,58,87,4837.8,6079.3,250.0,79.11,100,58,85,5028.4,6857.9,72.0,24,0
1782840660.486,1082.963,250.0,79.11,100,56,87,4502.9,3216.6,250.0,79.11,100,59,82,4905.7,5638.8,250.0,79.11,100,58,87,4464.5,6510.0,250.0,79.11,100,58,85,4639.6,7530.2,72.0,24,0
1782840660.928,1083.405,250.0,79.11,100,56,87,3811.1,3789.1,250.0,79.11,100,59,82,4744.6,5089.5,250.0,79.11,100,58,87,4951.5,6507.9,249.9,79.11,100,57,85,5186.6,7145.1,72.0,24,0
1782840661.374,1083.851,250.0,79.11,100,55,87,4519.2,3621.0,250.0,79.11,100,60,82,4301.6,5568.3,250.0,79.11,100,58,87,4469.8,6660.4,250.0,79.11,100,58,85,4531.9,7330.5,72.0,24,0
1782840661.817,1084.294,250.0,79.11,100,56,87,3765.1,3774.9,250.0,79.11,100,60,82,4813.5,4969.9,250.0,79.11,100,58,87,5031.9,6568.9,250.1,79.11,100,58,85,5440.2,7115.7,72.0,24,0
1782840662.263,1084.739,250.0,79.11,100,56,87,4444.2,3109.0,250.0,79.11,100,60,82,4784.3,5443.4,250.0,79.11,100,59,87,4450.5,6761.3,250.1,79.11,100,58,85,4682.1,7435.4,72.0,24,0
1782840662.706,1085.183,250.0,79.11,100,56,87,3807.1,3868.5,250.0,79.11,100,60,82,4766.8,5013.3,250.0,79.11,100,59,87,5074.6,6231.2,250.1,79.11,100,58,85,5112.6,7205.6,72.0,24,0
1782840663.158,1085.635,250.0,79.11,100,55,87,3949.2,3624.0,250.0,79.11,100,60,82,4301.2,5478.5,250.0,79.11,100,58,87,4434.2,6996.5,250.0,79.11,100,58,85,4554.3,6998.6,72.0,24,0
1782840663.600,1086.077,250.0,79.11,100,56,87,4381.7,3259.7,250.0,79.11,100,60,82,4825.4,5197.3,250.0,79.11,100,58,87,5057.8,6268.6,250.0,79.11,100,58,85,5430.3,7544.6,72.0,24,0
1782840664.044,1086.521,250.0,79.11,100,55,87,4008.1,3674.3,250.0,79.11,100,60,82,4248.6,5447.3,250.0,79.11,100,58,87,4463.0,6389.0,249.9,79.11,100,58,85,5048.9,6741.4,72.0,24,0
1782840664.486,1086.963,250.0,79.11,100,55,87,4381.7,3209.3,250.0,79.11,100,60,82,4799.5,5118.0,250.0,79.11,100,58,87,5009.2,6302.1,250.0,79.11,100,58,85,5012.9,7413.6,72.0,24,0
1782840664.930,1087.407,250.0,79.11,100,55,87,3886.7,3677.7,250.0,79.11,100,60,82,4268.4,5426.5,250.0,79.11,100,58,87,5028.3,6166.3,250.1,79.11,100,58,85,5101.7,6635.6,72.0,24,0
1782840665.375,1087.852,250.0,79.11,100,55,87,4633.6,3158.8,250.0,79.11,100,60,82,4496.9,5582.9,250.0,79.11,100,58,87,4537.0,6848.2,250.0,79.11,100,58,85,4678.7,7289.3,72.0,24,0
1782840665.819,1088.295,250.0,79.11,100,55,87,4197.8,3363.1,250.0,79.11,100,60,82,4673.0,5019.4,250.0,79.11,100,58,87,4967.7,6384.2,250.0,79.11,100,58,85,5088.3,6753.9,72.0,24,0
1782840666.262,1088.739,250.0,79.11,100,56,87,4566.9,3672.9,250.0,79.11,100,59,82,4263.1,5519.0,250.0,79.11,100,58,87,4581.2,6881.0,250.0,79.11,100,58,85,4630.9,7510.0,72.0,24,0
1782840666.704,1089.180,250.0,79.11,100,55,87,4445.5,3883.1,250.0,79.11,100,60,82,4825.4,5415.9,250.0,79.11,100,58,87,5470.6,6881.2,250.0,79.11,100,58,85,4612.4,7475.6,72.0,24,0
1782840667.157,1089.634,250.0,79.11,100,55,87,4155.9,3837.3,250.0,79.11,100,60,82,4849.0,5273.0,250.0,79.11,100,58,87,5030.2,6260.8,250.0,79.11,100,58,85,5096.5,6757.2,72.0,24,0
1782840667.611,1090.088,250.0,79.11,100,55,87,4004.5,3732.0,250.0,79.11,100,59,82,4295.3,5481.4,250.0,79.11,100,58,87,4444.5,6658.4,249.9,79.11,100,58,85,5302.2,7464.8,73.0,24,0
1782840668.059,1090.536,250.0,79.11,100,55,87,4573.4,3671.4,250.0,79.11,100,59,82,4324.2,5666.7,250.0,79.11,100,58,87,4486.5,6641.3,250.0,79.11,100,57,85,4692.0,7349.1,73.0,24,0
1782840668.500,1090.977,250.0,79.11,100,55,87,4442.3,3318.8,250.0,79.11,100,59,82,4815.2,5241.7,250.0,79.11,100,58,87,5109.6,6618.4,250.0,79.11,100,57,85,5174.2,7318.7,73.0,24,0
1782840668.943,1091.420,250.0,79.11,100,55,87,4531.5,3790.0,250.0,79.11,100,59,82,4264.9,5291.3,250.0,79.11,100,58,87,4994.6,6073.8,249.9,79.11,100,57,85,5144.7,7136.6,73.0,24,0
1782840669.389,1091.866,250.0,79.11,100,54,87,4567.0,3596.0,250.0,79.11,100,59,82,4331.5,5606.2,250.0,79.11,100,58,87,4595.1,6546.1,250.0,79.11,100,57,85,4627.0,7069.4,73.0,24,0
1782840669.834,1092.311,250.0,79.11,100,55,87,4394.5,3279.2,250.0,79.11,100,59,82,4768.1,5093.0,250.0,79.11,100,58,87,5093.1,6470.7,250.0,79.11,100,57,85,5235.6,7511.9,73.0,24,0
1782840670.278,1092.755,250.0,79.11,100,56,87,3964.3,3773.6,250.0,79.11,100,60,82,4219.5,5364.3,250.0,79.11,100,58,87,4707.9,6375.8,250.1,79.11,100,57,85,5126.3,6912.2,73.0,24,0
1782840670.726,1093.202,250.0,79.11,100,55,87,4394.3,3669.6,250.0,79.11,100,60,82,4362.7,5641.0,250.0,79.11,100,58,87,4521.3,6581.8,250.1,79.11,100,57,85,5160.1,6889.7,73.0,24,0
1782840671.174,1093.651,250.0,79.11,100,54,87,4504.6,3359.5,250.0,79.11,100,59,82,5289.6,5603.1,250.0,79.11,100,57,87,4440.1,6615.5,250.0,79.11,100,57,85,4643.7,7328.9,73.0,24,0
1782840671.621,1094.097,250.0,79.11,100,54,87,4442.3,3290.6,250.0,79.11,100,59,82,4746.4,5049.3,250.0,79.11,100,58,87,4993.6,6397.7,250.0,79.11,100,57,85,5335.1,7288.9,73.0,24,0
1782840672.065,1094.542,250.0,79.11,100,55,87,3956.1,3724.4,250.0,79.11,100,59,82,4321.8,5644.9,250.0,79.11,100,57,87,4421.3,6351.0,250.0,79.11,100,57,85,5166.6,6919.6,73.0,24,0
1782840672.507,1094.984,250.0,79.11,100,56,87,4503.1,3159.0,250.0,79.11,100,59,82,4871.8,5445.9,249.9,79.11,100,58,87,4550.0,6579.0,250.0,79.11,100,58,85,4546.1,7400.2,73.0,24,0
1782840672.949,1095.426,250.0,79.11,100,56,87,4300.1,3478.4,250.0,79.11,100,59,82,4800.8,5248.6,250.0,79.11,100,58,87,4966.8,6260.1,250.0,79.11,100,57,85,5142.5,7105.8,73.0,24,0
1782840673.394,1095.871,250.0,79.11,100,55,87,3893.8,3674.2,250.0,79.11,100,59,82,4308.7,5486.0,250.0,79.11,100,58,87,4479.4,6703.4,250.0,79.11,100,57,85,5125.3,6738.6,73.0,24,0
1782840673.837,1096.314,250.0,79.11,100,55,87,4503.1,3209.2,250.0,79.11,100,59,82,4862.7,5522.2,250.0,79.11,100,58,87,5136.7,6833.9,250.1,79.11,100,57,85,5042.0,6881.3,73.0,24,0
1782840674.288,1096.765,250.0,79.11,100,55,87,4551.6,3243.5,250.0,79.11,100,59,82,4771.7,5410.1,250.0,79.11,100,57,87,5147.9,6604.5,250.0,79.11,100,57,85,4729.9,7703.3,73.0,24,0
1782840674.730,1097.207,250.0,79.11,100,55,87,3910.8,4410.7,250.0,79.11,100,59,82,4765.8,5340.3,250.0,79.11,100,57,87,5074.6,6244.3,250.0,79.11,100,57,85,5065.6,7415.4,73.0,24,0
1782840675.183,1097.660,250.0,79.11,100,55,87,3947.4,3674.2,250.0,79.11,100,59,82,4242.5,5766.9,250.0,79.11,100,57,87,4677.9,6563.8,250.0,79.11,100,57,85,4552.8,7133.4,73.0,24,0
1782840675.628,1098.105,250.0,79.11,100,55,87,4442.4,3236.4,250.0,79.11,100,59,82,4850.2,5224.4,250.0,79.11,100,58,87,5123.9,7275.2,250.1,79.11,100,58,85,5680.9,7570.3,73.0,24,0
1782840676.087,1098.564,250.0,79.11,100,55,87,4443.4,3209.3,250.0,79.11,100,59,82,4921.9,5301.3,250.0,79.11,100,58,87,5025.6,6621.7,250.0,79.11,100,57,85,4797.1,7401.7,73.0,24,0
1782840676.529,1099.006,250.0,79.11,100,54,87,3886.6,3789.1,250.0,79.11,100,59,82,4640.7,5132.1,250.0,79.11,100,57,87,4980.6,6231.8,249.9,79.11,100,57,85,5131.2,6940.9,73.0,24,0
1782840676.971,1099.448,250.0,79.11,100,54,87,4569.6,3623.4,250.0,79.11,100,59,82,4384.0,5765.8,250.0,79.11,100,57,87,4530.9,6952.8,250.0,79.11,100,57,85,4566.8,6991.0,74.0,24,0
1782840677.413,1099.890,250.0,79.11,100,55,87,4378.9,3309.9,250.0,79.11,100,59,82,4833.6,5101.5,250.0,79.11,100,58,87,5092.9,6588.7,250.0,79.11,100,57,85,5165.4,7171.6,74.0,24,0
1782840677.860,1100.337,250.0,79.11,100,55,87,3947.3,3674.4,250.0,79.11,100,59,82,4288.6,5700.3,250.0,79.11,100,57,87,5494.5,6129.0,250.1,79.11,100,57,85,5118.3,6885.9,74.0,24,0
1782840678.306,1100.783,250.0,79.11,100,55,87,4574.4,3557.9,250.0,79.11,100,59,82,4285.6,5588.0,250.0,79.11,100,58,87,4504.6,6619.2,250.0,79.11,100,57,85,4684.9,7560.1,74.0,24,0
1782840678.748,1101.225,250.0,79.11,100,55,87,4451.9,3263.1,250.0,79.11,100,60,82,4849.1,5499.7,250.0,79.11,100,57,87,5010.2,6246.9,250.0,79.11,100,57,85,5223.3,6888.3,74.0,24,0
1782840679.193,1101.669,250.0,79.11,100,55,87,4019.1,3637.7,250.0,79.11,100,59,82,4296.8,5405.7,250.0,79.11,100,57,87,4410.3,6699.4,250.0,79.11,100,57,85,4759.1,6576.1,74.0,24,0
1782840679.637,1102.114,250.0,79.11,100,55,87,15261.7,15869.3,250.0,79.11,100,59,82,16480.0,17104.3,250.0,79.11,100,58,87,3.9,5.6,250.0,79.11,100,57,85,7.3,9201.8,74.0,24,0
1782840680.414,1102.891,242.2,79.11,100,58,88,1.8,3.8,237.3,79.11,100,54,82,530.1,17126.9,239.6,79.11,100,57,88,20746.3,4.2,233.3,79.11,100,64,86,4.3,4.4,74.0,24,0
1782840680.857,1103.334,240.9,79.11,100,40,88,2196.3,15313.8,237.3,79.11,100,54,82,20706.8,4.5,254.5,79.11,100,41,87,2.9,7.5,253.2,79.11,100,53,86,7093.5,13569.7,74.0,24,0
1782840681.305,1103.782,248.6,79.11,99,41,88,1.7,4.1,250.9,79.11,100,43,82,510.2,17141.0,248.3,79.11,100,40,87,20746.4,5.2,250.1,79.11,100,46,86,4.0,545.8,74.0,24,0
1782840681.751,1104.228,248.3,79.11,100,37,87,8.4,7.3,247.7,79.11,100,41,82,20221.0,17109.9,247.6,79.11,100,40,88,2.2,5.8,250.1,79.11,100,46,86,5795.6,13388.8,74.0,24,0
1782840682.197,1104.673,248.8,79.11,100,34,88,20682.9,14192.4,249.4,79.11,100,41,83,2804.0,5.2,247.6,79.11,100,40,88,2.0,16522.1,242.8,79.11,100,38,86,18417.3,1785.3,74.0,24,0
1782840682.642,1105.119,250.1,79.11,100,42,88,20707.7,14663.9,251.2,79.11,100,44,83,1964.7,4.5,249.6,79.11,100,42,88,5.2,549.4,239.9,79.11,100,39,85,19725.4,17214.3,74.0,24,0
1782840683.086,1105.563,250.4,79.11,100,37,87,2.3,4.4,250.9,79.11,100,43,83,20250.2,17107.8,249.2,79.11,100,39,87,4.4,4.3,244.0,79.11,100,38,86,1.9,556.7,74.0,24,0
1782840683.529,1106.006,248.6,79.11,100,38,88,15711.1,4.1,248.7,79.11,100,42,82,1.7,4.3,248.8,79.11,100,39,87,9561.6,12992.4,246.7,79.11,100,37,86,14996.8,4.3,74.0,24,0
1782840683.971,1106.448,248.6,79.11,100,38,88,7.3,6428.8,249.9,79.11,100,43,82,15454.6,14134.9,251.0,79.11,100,40,87,3.6,4.5,247.2,79.11,100,42,86,1.8,10260.5,74.0,24,0
1782840684.414,1106.891,249.5,79.11,100,39,88,10427.2,3.9,250.5,79.11,100,43,82,1.8,4.4,250.3,79.11,100,41,87,12319.6,12755.1,248.0,79.11,100,41,86,12191.3,4.7,74.0,24,0
1782840684.857,1107.334,249.4,79.11,100,40,88,579.3,16538.4,250.5,79.11,100,43,82,20704.9,4.2,248.7,79.11,100,39,87,2.3,7.2,247.6,79.11,100,42,86,1149.9,16776.7,74.0,24,0
1782840685.300,1107.777,250.1,79.11,100,39,88,1.7,4.1,250.2,79.11,100,41,82,1.8,10696.5,249.0,79.11,100,41,87,15352.8,9665.7,247.5,79.11,100,44,86,8.1,4.8,74.0,24,0
1782840685.746,1108.223,250.4,79.11,100,38,88,11008.8,7.9,248.9,79.11,100,43,82,6.3,12276.8,251.6,79.11,100,41,88,17236.9,6214.3,247.5,79.11,100,44,86,2.8,5.4,74.0,24,0
1782840686.195,1108.672,251.0,79.11,100,38,88,2.8,5.1,250.9,79.11,100,40,83,20248.7,17110.1,251.6,79.11,100,41,88,2.2,5.2,243.4,79.11,100,41,86,491.0,17345.3,74.0,24,0
1782840686.640,1109.117,249.8,79.11,100,36,88,3683.4,4.2,249.7,79.11,100,42,82,3.4,4.1,250.1,79.11,100,40,88,20779.0,17198.1,243.1,79.11,100,44,86,6.3,7.1,74.0,24,0
1782840687.086,1109.563,249.1,79.11,100,42,88,3.4,3.4,246.0,79.11,100,49,83,16261.6,12403.1,244.2,79.11,99,47,88,7542.3,4.0,240.5,79.11,100,61,86,2.1,4.1,74.0,24,0
1782840687.529,1110.005,250.3,79.11,100,48,88,18591.2,12500.8,251.4,79.11,100,43,83,6854.0,3.9,246.8,79.11,100,40,87,1.7,4.1,240.2,79.11,100,39,85,5894.8,12895.6,74.0,24,0
1782840687.973,1110.450,250.3,79.11,100,48,88,5.9,4.3,253.9,79.11,100,62,83,1.9,7577.0,254.2,79.11,100,57,88,15756.8,12653.9,247.1,79.11,100,38,85,3.1,4.8,74.0,24,0
1782840688.423,1110.900,251.7,79.11,100,54,88,16009.2,4841.6,249.4,79.11,100,55,83,3.0,5.5,251.8,79.11,100,52,88,18485.9,13169.8,244.8,79.11,100,39,85,5517.5,5.3,74.0,24,0
1782840688.865,1111.341,249.4,79.11,100,40,88,2.0,5.1,249.4,79.11,100,55,83,496.8,17158.3,251.5,79.11,100,37,88,20747.8,10.4,243.9,79.11,100,37,86,5.3,540.8,74.0,24,0
1782840689.308,1111.785,250.1,79.11,100,39,88,1.9,4.4,248.8,79.11,100,38,83,20231.2,17107.1,250.7,79.11,100,40,88,2.8,4.9,245.6,79.11,100,46,86,1.9,11887.4,74.0,24,0
1782840690.212,1112.689,250.1,79.11,99,41,88,20705.0,4.2,250.0,79.11,99,52,83,2.4,4.8,251.6,79.11,100,53,88,11949.4,13156.0,244.2,79.11,99,49,86,12198.9,4.5,74.0,24,0
1782840690.654,1113.131,251.5,79.11,100,51,88,1.7,15490.7,251.5,79.11,100,49,83,15290.3,5178.8,250.9,79.11,100,48,88,4.9,10.2,242.8,79.11,100,38,85,1122.8,16822.6,74.0,24,0
1782840691.102,1113.578,251.2,79.11,100,51,88,1.8,3.9,250.8,79.11,100,59,83,1.8,561.8,250.9,79.11,100,56,88,18761.3,17193.3,247.4,79.11,100,40,85,3.2,4.4,74.0,24,0
1782840691.544,1114.021,250.7,79.11,100,51,88,11899.2,13068.6,249.5,79.11,100,61,83,12576.0,4.4,250.8,79.11,100,58,88,1.9,4.2,248.2,79.11,100,41,85,16400.3,12853.0,74.0,24,0
1782840691.987,1114.464,251.1,79.11,100,54,88,6.7,4.4,249.6,79.11,100,55,83,519.0,17133.2,250.4,79.11,100,53,88,20752.1,4.5,246.4,79.11,100,40,85,1.9,4.6,74.0,24,0
1782840692.462,1114.939,251.1,79.11,100,54,88,3.1,4.7,250.6,79.11,100,56,83,505.5,17154.2,249.9,79.11,100,50,88,20749.3,5.1,246.4,79.11,100,39,86,2.7,5.0,74.0,24,0
1782840692.905,1115.382,249.7,79.11,100,46,88,2.0,4.9,247.3,79.11,100,40,82,18570.8,13183.4,249.2,79.11,100,39,88,5.2,5.7,247.0,79.11,100,41,86,1115.8,16756.3,74.0,24,0
1782840693.356,1115.833,249.5,79.11,100,37,88,4764.2,23012.6,247.3,79.11,100,40,82,15241.2,16434.2,248.4,79.11,100,41,88,15291.6,16382.3,244.6,79.11,100,39,86,17839.3,17188.6,6.0,0,6
1782840693.800,1116.277,247.3,79.11,98,26,87,20707.1,3.4,247.4,79.11,100,43,82,1.8,3.8,245.4,79.11,100,44,87,1.7,3018.1,237.2,79.11,100,43,85,16660.0,16905.0,6.0,0,6
1782840694.243,1116.719,251.1,79.11,100,56,88,1.8,3.8,251.2,79.11,100,47,83,3.5,3.6,245.4,79.11,100,44,87,16830.1,12682.9,237.2,79.11,100,43,85,7296.3,4.4,6.0,0,6
1782840694.685,1117.162,251.0,79.11,100,40,88,3.3,6.4,250.9,79.11,100,56,83,16248.2,12684.1,251.8,79.11,100,58,88,7604.4,9.4,243.2,79.11,100,57,86,2.4,267.7,6.0,0,6
1782840695.129,1117.606,248.4,79.11,100,39,87,20705.1,4.3,247.6,79.11,100,42,83,1.8,5.1,253.5,79.11,100,39,88,4553.3,13720.5,250.6,79.11,100,55,86,19689.8,5.6,6.0,0,6
1782840695.570,1118.047,249.0,79.11,100,35,88,20704.8,5.4,248.5,79.11,100,41,83,2.1,7781.3,250.1,79.11,100,39,88,16431.7,11703.0,247.2,79.11,100,42,86,2.1,6.0,6.0,0,6
1782840696.014,1118.491,249.4,79.11,100,36,88,2.1,5.1,249.7,79.11,100,40,83,20236.4,17109.0,247.1,79.11,100,39,87,2.2,5.4,242.8,79.11,100,42,86,1087.1,16807.1,6.0,0,6
1782840696.456,1118.932,249.4,79.11,100,36,88,2.8,5.1,250.0,79.11,100,40,83,20250.7,17111.9,247.6,79.11,100,39,87,2.0,4.3,240.8,79.11,100,40,85,2.7,597.9,6.0,0,6
1782840696.898,1119.375,248.6,79.11,100,37,88,10306.3,4.8,249.7,79.11,100,41,83,2.0,6777.4,250.8,79.11,100,40,88,15986.5,13151.2,243.7,79.11,100,47,86,2.6,4.5,6.0,0,6
1782840697.340,1119.817,249.6,79.11,100,37,88,16960.8,17110.0,249.7,79.11,100,41,83,1.9,4.5,252.8,79.11,100,52,88,1.8,10192.8,246.4,79.11,100,55,86,15705.4,10033.7,6.0,0,6
1782840697.781,1120.258,250.6,79.11,100,37,88,3.5,6.5,250.0,79.11,100,50,83,20241.5,17109.2,251.2,79.11,100,54,88,3.7,4.7,244.5,79.11,100,51,86,1.8,3766.1,6.0,0,6
1782840698.227,1120.704,251.0,79.11,100,40,88,1482.6,4.1,250.7,79.11,100,53,83,1.8,20.1,251.2,79.11,100,54,88,19728.3,17205.8,244.5,79.11,100,51,86,3.8,4.8,6.0,0,6
1782840698.669,1121.146,249.9,79.11,100,44,88,15736.3,16217.5,250.0,79.11,100,57,83,1.9,9.7,250.5,79.11,100,54,88,8.3,9805.4,246.8,79.11,100,42,85,15371.6,10631.1,6.0,0,6
1782840699.112,1121.588,249.3,79.11,100,40,88,1.6,17099.9,250.3,79.11,100,50,83,20704.4,5.2,248.1,79.11,100,44,87,2.8,12.2,245.9,79.11,100,40,86,19737.4,17197.4,6.0,0,6
1782840699.556,1122.033,249.0,79.11,100,37,88,20296.9,17108.8,247.2,79.11,100,41,82,4.0,11.1,247.9,79.11,100,40,88,8669.9,13564.7,247.1,79.11,100,43,86,15071.6,5.9,6.0,0,6
1782840700.001,1122.478,249.9,79.11,100,31,88,2.2,5.3,248.2,79.11,100,38,83,20726.3,15291.1,249.1,79.11,100,36,88,596.6,5.7,242.8,79.11,100,33,86,1086.1,20223.5,9.0,1,5
1782840700.445,1122.922,249.9,79.11,100,31,88,20704.4,4.4,244.9,79.11,100,12,83,3.7,4.2,239.2,79.11,100,13,87,1081.4,16783.4,226.8,79.11,99,18,85,20757.6,4.2,9.0,1,5
1782840700.887,1123.364,248.6,79.11,100,62,89,3.3,3.5,249.3,79.11,100,66,83,1.8,32.7,248.7,79.11,100,69,88,19734.4,13608.7,238.5,79.11,100,60,86,3023.0,4.5,9.0,1,5
1782840701.330,1123.807,250.9,79.11,100,42,88,1.7,3.6,249.3,79.11,100,66,83,20251.3,16960.2,256.4,79.11,100,42,88,1.9,3.9,249.4,79.11,100,54,86,3.5,3.7,9.0,1,5
1782840701.773,1124.250,250.3,79.11,100,41,89,20707.2,7.3,253.1,79.11,100,45,82,1.9,4.4,247.1,79.11,100,39,88,1107.0,16749.1,249.8,79.11,100,38,86,20752.9,4.4,9.0,1,5
1782840702.223,1124.700,248.6,79.11,100,38,87,20708.6,17109.8,248.3,79.11,100,41,83,2.0,5.3,247.1,79.11,100,39,88,491.3,17288.4,249.8,79.11,100,38,86,20753.3,6.0,9.0,1,5
1782840702.666,1125.143,250.0,79.11,100,35,88,19176.1,5.1,250.1,79.11,100,41,83,3.1,9347.9,250.6,79.11,100,41,88,16248.0,10269.6,244.2,79.11,100,44,86,5.2,7.5,9.0,1,5
1782840703.114,1125.591,250.0,79.11,100,37,88,1.8,4.5,249.0,79.11,100,38,83,1.8,17188.9,249.2,79.11,100,37,88,18119.7,2084.5,242.3,79.11,100,37,86,4.0,5.3,9.0,1,5
1782840703.557,1126.034,249.8,79.11,100,51,88,15545.3,4323.5,251.4,79.11,100,46,83,3.7,4.3,248.7,79.11,100,44,88,505.4,16824.3,241.5,79.11,100,39,86,20761.3,6.3,9.0,1,5
1782840704.011,1126.488,250.0,79.11,100,47,88,9005.6,12987.2,252.6,79.11,100,41,83,15562.6,4.3,249.4,79.11,100,38,87,1.8,4.4,242.8,79.11,100,40,85,13675.6,12859.8,9.0,1,5
1782840704.456,1126.933,250.0,79.11,100,47,88,1.7,4.2,251.1,79.11,100,43,83,3.6,16337.0,249.2,79.11,100,41,87,16487.1,3583.6,246.7,79.11,99,40,86,2.8,4.5,9.0,1,5
1782840704.899,1127.376,249.1,79.11,100,42,88,20710.6,17111.0,251.1,79.11,100,42,83,1.9,6.9,249.8,79.11,100,40,87,6.3,518.0,246.5,79.11,100,39,85,19739.1,15641.9,9.0,1,5
1782840705.343,1127.819,250.0,79.11,100,42,88,1.8,4.2,251.1,79.11,100,42,83,4761.1,13155.8,249.4,79.11,100,39,87,19159.5,4.4,246.7,79.11,100,38,85,3.9,4.6,9.0,1,5
1782840705.787,1128.264,249.8,79.11,100,40,88,15892.2,5426.8,250.1,79.11,100,41,83,1.8,4.5,250.0,79.11,100,39,87,496.5,16898.1,246.6,79.11,100,39,85,18876.9,1537.4,9.0,1,5
1782840706.231,1128.707,250.3,79.11,100,39,88,2.0,17114.0,251.1,79.11,100,41,83,20504.8,5.5,250.0,79.11,100,39,87,3.0,7.4,246.6,79.11,100,39,85,15042.0,13183.0,9.0,1,5
1782840706.676,1129.152,248.8,79.11,100,37,88,14786.6,13331.9,248.8,79.11,100,41,83,9881.1,10.6,249.9,79.11,100,40,87,7.7,17279.3,245.4,79.11,100,39,86,20758.5,7.0,9.0,1,5
1782840707.122,1129.599,248.4,79.11,100,35,88,15706.9,16115.3,248.5,79.11,100,41,83,15874.2,17067.7,250.5,79.11,100,39,88,19967.1,17196.4,241.8,79.11,100,38,86,20753.6,17201.2,12.0,2,4
1782840707.565,1130.042,248.1,79.11,100,45,89,1.7,3.7,245.7,79.11,100,30,82,3.6,8280.8,242.7,79.11,100,32,88,15546.9,12183.0,235.1,79.11,99,50,86,2.3,5.1,12.0,2,4
1782840708.013,1130.490,252.7,79.11,100,57,88,1.8,3.3,252.4,79.11,100,48,83,20236.9,17107.5,248.0,79.11,100,43,87,1.9,4.2,240.6,79.11,100,38,85,1.8,557.1,12.0,2,4
1782840708.455,1130.932,252.7,79.11,100,57,88,20708.5,17113.3,257.2,79.11,100,66,83,3.8,4.8,256.0,79.11,100,64,88,1.8,1092.9,250.2,79.11,100,48,85,18436.4,17204.9,12.0,2,4
1782840708.900,1131.377,254.4,79.11,100,48,88,3.4,4.2,251.0,79.11,100,51,83,20250.8,17111.5,252.6,79.11,100,51,88,5.8,5.3,248.4,79.11,100,46,86,494.0,17329.1,12.0,2,4
1782840709.346,1131.823,249.1,79.11,100,43,88,2.8,17117.9,251.0,79.11,100,51,83,20704.9,5.7,245.9,79.11,100,39,89,2.2,5131.8,246.3,79.11,100,38,86,16494.3,14343.0,12.0,2,4
1782840709.790,1132.267,248.5,79.11,100,34,88,20706.4,7.9,247.4,79.11,100,41,83,2.1,68.6,245.6,79.11,100,37,87,19695.3,17195.5,242.8,79.11,100,38,85,2.0,6.0,12.0,2,4
1782840710.242,1132.719,248.0,79.11,100,37,88,17912.1,4.1,248.7,79.11,100,37,83,2.7,4.5,245.6,79.11,100,37,87,9293.2,12930.1,242.8,79.11,100,38,85,15084.9,4.6,12.0,2,4
1782840710.686,1133.163,250.7,79.11,100,38,88,16754.3,12815.5,251.5,79.11,100,45,83,8081.1,9.6,252.4,79.11,100,48,88,4.5,6.3,242.6,79.11,100,53,86,19754.7,14344.2,12.0,2,4
1782840711.134,1133.611,251.5,79.11,100,42,88,1.8,4.7,251.9,79.11,100,60,83,19944.1,12848.3,253.7,79.11,100,57,88,4411.8,4.4,244.7,79.11,100,47,86,3.5,27.2,12.0,2,4
1782840711.576,1134.053,250.6,79.11,100,49,88,20706.9,4.3,251.5,79.11,100,59,83,1.9,4.6,249.8,79.11,100,56,88,1387.5,16246.5,243.8,79.11,100,39,85,20756.8,6.2,12.0,2,4
1782840712.023,1134.500,250.5,79.11,100,52,88,1.8,15172.2,249.7,79.11,100,57,83,15204.4,5542.1,248.2,79.11,100,53,88,1.9,4.8,246.2,79.11,100,39,85,1333.1,16183.3,12.0,2,4
1782840712.467,1134.943,250.5,79.11,100,52,88,2.7,3.9,249.7,79.11,100,51,83,499.1,17171.3,248.7,79.11,100,45,87,20747.2,4.9,246.2,79.11,100,39,86,1.9,5.1,12.0,2,4
1782840712.909,1135.386,250.0,79.11,100,45,88,20705.5,4.2,248.3,79.11,100,42,83,8.2,7.4,248.3,79.11,100,40,88,17432.6,12748.3,248.2,79.11,100,40,85,7092.3,5.1,12.0,2,4
1782840713.352,1135.829,249.0,79.11,100,38,88,19009.3,4.9,248.3,79.11,100,42,83,3.4,5951.6,251.5,79.11,100,36,88,16081.6,13734.5,245.1,79.11,100,38,86,2.9,5.4,12.0,2,4
1782840713.793,1136.270,251.4,79.11,100,36,88,7.8,5.5,248.6,79.11,100,39,83,20260.7,17112.5,250.4,79.11,100,39,88,3.9,5.5,241.4,79.11,100,41,86,1094.9,18878.8,14.0,3,3
1782840714.238,1136.715,250.7,79.11,100,35,88,20703.9,4.2,249.7,79.11,100,39,83,1.9,5.0,250.4,79.11,100,39,88,1078.1,16799.5,241.4,79.11,100,41,86,20751.3,4.6,14.0,3,3
1782840714.680,1137.157,248.7,79.11,100,42,88,1.7,6.3,246.3,79.11,100,50,83,8.2,22.0,244.3,79.11,100,50,88,18694.0,13444.3,239.1,79.11,100,63,86,3144.2,4.2,14.0,3,3
1782840715.124,1137.601,250.2,79.11,100,47,88,1.7,3.4,250.7,79.11,100,41,83,20243.2,17106.1,246.3,79.11,100,38,88,2.0,3.9,240.7,79.11,99,38,86,1.8,3.6,14.0,3,3
1782840715.566,1138.043,251.7,79.11,100,53,88,15398.3,8167.5,253.8,79.11,100,62,83,3.6,4.4,254.1,79.11,100,57,88,1.8,17138.6,246.3,79.11,100,38,85,17761.3,2372.2,14.0,3,3
1782840716.009,1138.486,250.1,79.11,100,41,88,20711.3,14266.9,252.5,79.11,100,56,83,1615.5,5.4,250.4,79.11,100,53,88,3.7,14872.1,244.5,79.11,100,39,85,15206.4,5722.6,14.0,3,3
1782840716.452,1138.929,250.1,79.11,100,41,88,20707.8,5.1,248.4,79.11,100,39,83,3.4,425.9,248.9,79.11,100,37,88,18796.7,17197.6,243.6,79.11,100,37,86,2.1,5.7,14.0,3,3
1782840716.896,1139.373,249.7,79.11,100,39,88,3.5,4.3,247.9,79.11,100,39,83,2.9,8689.7,249.0,79.11,100,39,88,15787.2,11487.3,244.0,79.11,100,46,86,2.1,5.3,14.0,3,3
1782840717.339,1139.816,248.7,79.11,100,37,88,15644.5,9502.9,247.9,79.11,100,39,83,1.8,4.6,251.2,79.11,100,50,88,1.8,15320.5,243.6,79.11,100,49,86,15233.9,5255.5,14.0,3,3
1782840717.781,1140.257,249.7,79.11,100,40,88,1.8,17117.7,249.8,79.11,100,48,83,20706.1,4.4,250.4,79.11,100,47,88,1.9,4.6,242.0,79.11,100,39,85,9672.5,12854.4,14.0,3,3
1782840718.228,1140.705,251.0,79.11,100,51,88,1.6,4.1,251.8,79.11,100,47,83,1.9,13379.4,250.4,79.11,100,47,88,15499.6,6931.3,242.0,79.11,100,39,85,3.1,4.5,14.0,3,3
1782840718.670,1141.147,250.1,79.11,100,51,88,20710.3,17107.9,251.5,79.11,100,56,83,9.1,9.6,248.7,79.11,100,51,88,8.5,8840.7,245.2,79.11,100,39,84,15401.9,11698.4,14.0,3,3
1782840719.120,1141.597,251.2,79.11,100,52,88,1.8,3.8,250.2,79.11,100,56,83,20232.2,17110.8,249.7,79.11,100,51,88,1.8,4.6,247.4,79.11,100,39,86,1.9,2464.3,14.0,3,3
1782840719.564,1142.041,249.1,79.11,100,47,88,9427.3,4.2,250.9,79.11,100,45,83,4.3,5.8,249.3,79.11,100,40,87,19738.9,15832.2,245.1,79.11,100,39,85,213.5,4.9,14.0,3,3
1782840720.005,1142.481,247.8,79.11,100,37,88,15803.8,16270.7,249.3,79.11,100,41,83,2.0,5.2,248.6,79.11,100,39,87,1094.8,16767.8,244.9,79.11,100,38,85,20751.5,5.5,14.0,3,3
1782840720.446,1142.923,247.8,79.11,100,37,88,20705.3,5.3,248.6,79.11,100,43,83,2.3,3784.3,251.9,79.11,100,41,88,16457.4,15757.2,244.3,79.11,100,40,86,4.2,5.8,14.0,3,3
1782840720.887,1143.364,251.5,79.11,100,38,88,20705.7,17109.2,245.8,79.11,100,40,83,20682.0,13625.1,250.4,79.11,100,38,88,22857.9,17200.2,241.3,79.11,98,39,86,2.0,4.3,17.0,4,2
1782840721.335,1143.812,246.7,79.11,98,10,88,2.8,5586.2,245.8,79.11,100,40,83,15473.4,15309.0,245.3,79.11,100,44,88,2.5,4.2,240.0,79.11,100,58,86,3.5,561.1,17.0,4,2
1782840721.779,1144.256,248.7,79.11,99,41,88,20709.8,15196.9,246.4,79.11,100,46,82,1413.8,4.3,247.5,79.11,100,44,87,1.8,4.4,241.7,79.11,100,39,85,18534.4,12560.3,17.0,4,2
1782840722.224,1144.701,254.4,79.11,100,51,88,1.9,4.2,250.9,79.11,100,50,83,1.8,76.2,247.5,79.11,100,44,87,19699.9,17192.7,241.7,79.11,100,39,85,8.4,4.5,17.0,4,2
1782840722.666,1145.143,250.6,79.11,100,49,88,11590.4,13010.3,252.3,79.11,100,61,83,13420.6,10.4,252.9,79.11,100,58,88,9.6,17289.8,246.3,79.11,100,42,85,20708.4,6.0,17.0,4,2
1782840723.118,1145.595,248.0,79.11,100,36,88,20706.5,5.8,247.3,79.11,100,46,83,2.2,60.6,249.8,79.11,100,42,87,19693.3,17200.8,245.4,79.11,100,39,85,2.1,5.7,17.0,4,2
1782840723.558,1146.035,248.4,79.11,100,38,88,2.0,4.9,249.4,79.11,100,44,83,6895.2,13686.2,249.9,79.11,100,42,88,16470.1,5.0,243.1,79.11,100,39,85,2.1,590.3,17.0,4,2
1782840723.999,1146.476,251.2,79.11,100,37,88,7.5,4.1,250.0,79.11,100,40,83,1.8,4978.1,251.2,79.11,100,38,88,15536.6,15304.8,243.8,79.11,100,47,86,4.3,4.6,17.0,4,2
1782840724.442,1146.919,251.2,79.11,100,37,88,16628.9,17107.8,249.3,79.11,100,51,83,1.8,4.0,251.9,79.11,100,50,88,1.9,596.9,244.8,79.11,100,46,86,19701.9,17202.1,17.0,4,2
1782840724.883,1147.360,250.9,79.11,100,42,88,1.8,4.2,250.9,79.11,100,60,83,14764.3,15958.1,250.2,79.11,100,57,88,4412.3,6.7,243.4,79.11,100,41,85,2.3,18.9,17.0,4,2
1782840725.328,1147.805,251.0,79.11,100,50,88,15131.0,9371.4,250.9,79.11,100,60,83,2.8,4.4,250.5,79.11,100,57,88,2.6,13331.7,248.2,79.11,100,45,85,15386.9,7174.3,17.0,4,2
1782840725.769,1148.246,250.0,79.11,100,46,88,6.1,5.2,249.3,79.11,100,60,83,13957.1,12705.0,251.1,79.11,100,59,88,10463.9,4.3,248.2,79.11,100,45,85,2.9,25.0,17.0,4,2
1782840726.212,1148.689,249.2,79.11,100,42,88,20708.5,4.2,249.3,79.11,100,60,83,1.8,4.3,251.1,79.11,100,59,88,1084.7,16816.2,248.4,79.11,100,49,86,20728.4,5.1,17.0,4,2
1782840726.652,1149.129,249.9,79.11,100,44,88,1.8,94.1,249.9,79.11,100,61,83,19425.3,17110.9,250.0,79.11,100,59,88,5.1,10.5,247.3,79.11,100,47,85,508.8,17355.6,17.0,4,2
1782840727.100,1149.577,250.3,79.11,100,43,88,3.2,5.1,249.2,79.11,100,52,83,20096.0,12936.9,251.1,79.11,100,50,88,4124.5,5.5,246.6,79.11,100,40,85,2.0,15604.6,17.0,4,2
1782840727.541,1150.018,248.6,79.11,100,36,88,2.2,15204.3,247.8,79.11,100,42,84,16184.4,4733.0,246.6,79.11,100,41,87,2.1,5.3,247.4,79.11,100,41,86,13684.4,12984.0,20.0,5,1
1782840727.981,1150.458,248.6,79.11,100,36,88,5.6,4.0,242.8,79.11,98,45,83,3.5,7170.3,246.2,79.11,98,40,87,16379.7,10036.5,241.3,79.11,98,24,84,1.9,4.1,20.0,5,1
1782840728.424,1150.901,245.1,79.11,100,12,88,1.7,2.8,250.2,79.11,100,69,83,20228.5,17109.6,249.9,79.11,100,67,88,1.8,4.0,238.4,79.11,100,51,86,1.7,3.5,20.0,5,1
1782840728.865,1151.342,251.5,79.11,100,48,88,20707.6,17106.9,250.2,79.11,100,69,83,2.7,4.1,250.0,79.11,100,40,88,1.8,10.0,245.1,79.11,100,55,86,19752.3,14448.0,20.0,5,1
1782840729.310,1151.787,255.1,79.11,100,40,88,3.4,4.1,249.8,79.11,100,43,83,1.8,9733.1,251.7,79.11,100,42,87,15597.9,10504.5,250.0,79.11,100,37,86,2.8,4.7,20.0,5,1
1782840729.750,1152.227,248.2,79.11,100,38,88,16202.4,2756.9,250.3,79.11,100,44,83,4.6,5.5,249.9,79.11,100,40,88,20352.2,12863.8,250.0,79.11,100,37,86,4413.5,5.4,20.0,5,1
1782840730.193,1152.670,250.3,79.11,100,37,88,2.1,5.0,249.4,79.11,100,42,83,491.2,17169.4,249.9,79.11,100,40,88,20750.8,6.1,247.3,79.11,100,43,86,2.1,543.6,20.0,5,1
1782840730.635,1153.112,249.5,79.11,100,35,88,1.9,4.5,248.2,79.11,100,42,84,20379.7,17111.1,249.4,79.11,100,40,88,2.5,10.8,242.2,79.11,100,39,86,5.2,16377.9,20.0,5,1
1782840731.084,1153.561,249.5,79.11,100,43,88,1.8,4.2,251.7,79.11,100,50,83,3.5,15269.1,248.9,79.11,100,47,88,15443.8,4857.2,239.3,79.11,100,38,85,1.9,4.6,20.0,5,1
1782840731.525,1154.002,249.7,79.11,100,37,88,15494.9,15758.4,250.9,79.11,100,40,83,2.8,4.6,250.0,79.11,100,39,87,4.3,12900.8,243.1,79.11,100,37,85,15722.4,7289.7,20.0,5,1
1782840731.965,1154.441,249.7,79.11,100,37,88,2.6,6.7,249.9,79.11,100,44,83,20260.1,15751.5,250.0,79.11,100,40,88,91.6,4.3,246.9,79.11,100,39,86,2.9,572.9,20.0,5,1
1782840732.411,1154.888,249.4,79.11,100,39,88,20707.5,3.9,250.1,79.11,100,52,83,1.8,4.4,249.6,79.11,100,40,88,1109.6,16766.2,246.4,79.11,100,39,85,20750.0,4.4,20.0,5,1
1782840732.855,1155.332,250.1,79.11,100,39,88,1.8,2848.6,250.1,79.11,100,52,83,16514.2,17105.6,249.7,79.11,100,40,88,1.8,7.2,247.4,79.11,100,37,86,9.2,5313.8,20.0,5,1
1782840733.299,1155.776,250.0,79.11,100,38,88,11190.8,4.0,250.9,79.11,100,43,83,1.9,4.3,248.8,79.11,100,41,88,19423.2,13110.8,245.9,79.11,100,38,85,4317.3,4.4,20.0,5,1
1782840733.741,1156.218,250.0,79.11,100,38,88,4388.6,13480.6,251.2,79.11,100,43,83,17643.0,7.3,248.8,79.11,100,41,88,3.8,304.9,245.9,79.11,100,38,85,19735.6,17223.5,20.0,5,1
1782840734.185,1156.662,249.8,79.11,100,38,88,14011.2,13125.3,248.9,79.11,100,40,82,10357.3,5.2,249.3,79.11,100,37,87,3.0,8304.1,247.0,79.11,100,38,86,15891.0,11554.3,20.0,5,1
1782840734.626,1157.103,250.0,79.11,100,37,88,15970.4,10148.8,250.6,79.11,100,45,83,2.0,5.5,249.8,79.11,100,44,88,17045.5,5943.2,241.7,79.11,100,39,85,3660.7,4406.4,23.0,7,0
1782840735.078,1157.555,251.5,79.11,99,52,88,2600.8,2203.0,252.6,79.11,100,49,83,2966.0,4145.7,251.4,79.11,100,48,88,3147.3,4616.2,242.2,79.11,99,56,85,3275.2,5832.6,23.0,8,0
1782840735.521,1157.998,251.6,79.11,100,53,88,2602.3,2168.7,251.8,79.11,100,58,83,2983.2,4054.6,253.0,79.11,99,56,87,3053.0,4590.5,251.4,79.11,99,55,85,3266.2,5459.9,23.0,8,0
1782840735.963,1158.440,251.6,79.11,100,53,88,2682.8,2205.0,251.6,79.11,100,58,82,3027.6,4226.7,252.5,79.11,100,56,87,3119.0,4828.1,255.4,79.11,99,55,85,3185.8,5326.8,23.0,8,0
1782840736.409,1158.886,250.5,79.11,100,52,88,2622.6,2219.7,250.0,79.11,100,57,83,2962.7,4338.2,250.0,79.11,100,56,87,3085.9,4732.4,253.5,79.11,99,55,85,3181.7,4943.3,23.0,8,0
1782840736.852,1159.329,250.0,79.11,100,53,88,2661.6,2202.2,250.0,79.11,100,57,83,3053.4,4320.3,250.0,79.11,100,56,87,3199.8,4803.5,251.0,79.11,99,55,85,3187.1,5352.9,23.0,8,0
1782840737.295,1159.772,250.0,79.11,99,52,88,2681.9,2152.0,250.0,79.11,100,57,83,2979.0,4177.8,250.0,79.11,100,56,87,3252.8,4761.9,250.3,79.11,100,55,85,3189.9,5373.3,23.0,8,0
1782840737.739,1160.216,250.0,79.11,100,52,88,2644.7,2356.5,250.0,79.11,100,58,82,3038.5,4075.7,250.0,79.11,100,56,87,3137.4,4780.4,250.3,79.11,100,55,85,3180.6,5207.9,23.0,8,0
1782840738.187,1160.664,250.0,79.11,100,52,88,2810.2,2202.2,250.0,79.11,100,58,82,2970.5,4040.2,250.0,79.11,100,56,87,3140.7,4831.0,250.2,79.11,99,56,85,3216.4,5175.1,23.0,8,0
1782840738.633,1161.110,250.0,79.11,100,52,88,2624.2,2202.2,250.0,79.11,99,58,82,3002.2,4075.7,250.0,79.11,100,56,87,3162.1,5627.7,250.2,79.11,99,55,85,3250.8,5347.8,23.0,8,0
1782840739.085,1161.562,250.0,79.11,100,53,88,2621.0,2145.0,250.0,79.11,100,58,82,3035.9,4125.0,250.0,79.11,100,56,87,3146.5,4859.6,250.0,79.11,99,55,85,3201.7,5314.9,23.0,8,0
1782840739.528,1162.004,250.0,79.11,100,53,88,2642.9,2202.2,250.0,79.11,100,58,82,3004.1,4169.4,250.0,79.11,100,57,87,3138.8,4954.1,250.3,79.11,99,56,85,3214.3,5254.9,23.0,8,0
1782840739.969,1162.446,250.0,79.11,100,53,88,2767.6,2179.9,250.0,79.11,100,57,82,2961.7,4127.3,250.0,79.11,100,56,87,3093.3,4749.1,250.0,79.11,99,55,85,3205.7,5330.8,24.0,8,0
1782840740.413,1162.890,250.0,79.11,99,53,88,2622.7,2202.1,250.0,79.11,100,58,82,3029.3,4219.4,250.0,79.11,100,56,87,3098.5,4910.8,250.0,79.11,100,56,85,3217.7,5192.9,24.0,8,0
1782840740.856,1163.333,250.0,79.11,100,53,88,2702.1,2168.7,250.0,79.11,100,58,82,2978.3,4169.7,250.0,79.11,99,56,87,3110.1,4832.2,250.0,79.11,100,56,85,3193.5,5144.5,24.0,8,0
1782840741.298,1163.775,250.0,79.11,100,53,88,2806.9,2168.9,250.0,79.11,100,58,82,3001.6,4260.9,250.0,79.11,100,56,87,3129.5,5009.9,249.9,79.11,99,55,85,3191.5,5579.5,24.0,8,0
1782840741.741,1164.218,250.0,79.11,100,53,88,2682.0,2356.6,250.0,79.11,99,58,82,3005.9,4187.3,250.0,79.11,100,56,87,3125.7,4917.9,249.9,79.11,99,55,85,3194.3,5526.7,24.0,8,0
1782840742.188,1164.665,250.0,79.11,100,53,88,2658.3,2168.7,250.0,79.11,100,58,82,3088.6,4278.1,250.0,79.11,100,56,87,3126.3,4676.3,250.0,79.11,99,56,85,3192.8,5340.2,24.0,8,0
1782840742.632,1165.109,250.0,79.11,100,53,88,2665.9,2180.8,250.0,79.11,99,58,82,3008.4,4241.8,250.0,79.11,100,56,87,3099.8,4743.9,250.0,79.11,99,56,85,3602.4,5255.5,24.0,8,0
1782840743.079,1165.556,250.0,79.11,100,53,88,2641.6,2152.0,250.0,79.11,99,57,82,3010.5,4150.5,250.0,79.11,99,56,87,3150.2,4871.4,249.8,79.11,100,55,85,3175.1,5368.6,24.0,8,0
1782840743.519,1165.996,250.0,79.11,100,53,88,2602.4,2185.5,250.0,79.11,100,58,82,3001.4,4253.1,250.0,79.11,100,56,87,3127.5,4693.5,250.0,79.11,99,55,85,3214.2,5188.8,24.0,8,0
1782840743.961,1166.438,250.0,79.11,100,53,88,2641.3,2155.0,250.0,79.11,100,58,82,2984.9,4294.1,250.0,79.11,100,56,87,3110.2,4763.7,250.1,79.11,100,55,85,3228.8,5377.9,24.0,8,0
1782840744.405,1166.881,250.0,79.11,100,53,88,2621.0,2168.8,250.0,79.11,99,58,82,3008.3,4034.3,250.0,79.11,100,56,87,3102.2,4694.2,249.9,79.11,100,55,85,3324.2,5103.7,24.0,8,0
1782840744.849,1167.326,250.0,79.11,100,53,88,2621.0,2146.6,250.0,79.11,99,58,82,3015.3,4172.8,250.0,79.11,100,56,87,3106.2,4919.9,249.9,79.11,99,56,85,3222.9,5551.4,24.0,8,0
1782840745.294,1167.770,250.0,79.11,100,53,88,2702.3,2202.2,249.9,79.11,100,58,82,2951.4,4181.3,250.0,79.11,99,56,87,3105.2,4668.5,250.0,79.11,99,55,85,3187.3,5427.1,24.0,8,0
1782840745.739,1168.216,250.0,79.11,100,53,88,2766.9,2212.3,250.0,79.11,100,58,82,2983.1,4225.3,250.0,79.11,99,56,87,3120.2,4679.5,250.0,79.11,99,55,85,3185.3,5358.2,24.0,8,0
1782840746.185,1168.662,250.0,79.11,100,53,88,2621.0,2152.0,250.0,79.11,100,58,82,2994.8,4256.5,250.0,79.11,100,56,87,3075.4,4841.7,250.3,79.11,100,56,85,3195.2,5353.3,24.0,8,0
1782840746.631,1169.108,250.0,79.11,99,53,88,2602.4,2168.7,250.0,79.11,100,58,82,2977.5,4149.8,250.0,79.11,100,57,87,3108.2,4996.5,250.3,79.11,100,56,85,3370.1,5411.0,24.0,8,0
1782840747.077,1169.554,250.0,79.11,100,53,88,2600.7,2202.2,250.0,79.11,100,58,82,3004.8,4347.1,250.0,79.11,100,56,87,3067.1,4576.8,250.1,79.11,100,55,85,3181.1,5077.1,24.0,8,0
1782840747.520,1169.997,250.0,79.11,100,52,88,2683.5,2151.9,250.0,79.11,99,57,82,3031.5,4307.5,250.0,79.11,100,56,87,3141.9,4730.5,249.7,79.11,99,55,85,3194.8,5079.5,24.0,8,0
1782840747.962,1170.439,250.0,79.11,100,52,88,2661.6,2155.0,250.0,79.11,100,58,82,3022.0,4432.7,250.0,79.11,100,56,87,3089.7,4835.8,249.7,79.11,99,56,85,3208.6,5264.8,24.0,8,0
1782840748.405,1170.882,250.0,79.11,100,53,88,2621.0,2186.1,250.0,79.11,99,58,82,2979.8,4265.6,250.0,79.11,100,56,87,3105.9,4734.7,250.0,79.11,100,56,85,3218.1,5396.6,24.0,8,0
1782840748.848,1171.325,250.0,79.11,100,52,88,2600.8,2133.9,250.0,79.11,99,58,82,2963.7,4186.2,250.0,79.11,100,57,87,3075.9,4850.1,250.2,79.11,100,56,85,3291.5,5523.3,24.0,8,0
1782840749.292,1171.768,250.0,79.11,100,53,88,2621.2,2192.1,250.0,79.11,100,58,82,2998.7,4243.5,250.0,79.11,100,56,87,3071.0,4745.6,250.1,79.11,99,56,85,3192.1,5295.3,24.0,8,0
1782840749.734,1172.211,250.0,79.11,100,53,88,3096.7,2374.3,250.0,79.11,100,58,82,2950.7,4354.7,250.0,79.11,100,56,87,3128.0,4879.5,250.1,79.11,99,56,85,3208.8,5464.5,24.0,8,0
1782840750.183,1172.660,250.0,79.11,99,53,88,2600.7,2209.5,250.0,79.11,99,58,82,2994.4,4079.2,250.0,79.11,100,56,87,3110.3,4681.3,249.9,79.11,99,56,85,3214.9,5570.6,24.0,8,0
1782840750.626,1173.103,250.0,79.11,99,53,88,2642.9,2152.0,250.0,79.11,100,58,82,3026.2,4259.0,250.0,79.11,100,56,87,3284.8,4938.1,249.9,79.11,100,56,85,3808.2,5515.3,24.0,8,0
1782840751.077,1173.554,250.0,79.11,100,53,88,2621.0,2168.7,250.0,79.11,100,58,82,2996.4,4253.7,250.0,79.11,100,57,87,3082.5,4839.0,250.2,79.11,99,56,85,3213.7,5329.2,24.0,8,0
1782840751.520,1173.997,250.0,79.11,99,53,88,2659.4,2188.9,250.0,79.11,100,58,82,2932.8,4178.2,250.0,79.11,100,57,87,3113.3,4810.4,250.1,79.11,100,56,85,3177.4,5147.0,24.0,8,0
1782840751.963,1174.440,250.0,79.11,99,53,88,2601.0,2156.6,250.0,79.11,100,58,82,2976.8,4116.2,250.0,79.11,99,56,87,3082.3,4734.7,250.1,79.11,100,56,85,3182.2,5201.6,24.0,8,0
1782840752.411,1174.888,250.0,79.11,100,53,88,2600.7,2168.7,250.0,79.11,100,58,82,2946.3,4168.0,250.0,79.11,100,56,87,3094.3,4849.9,250.0,79.11,100,56,85,3181.0,5441.9,24.0,8,0
1782840752.855,1175.332,250.0,79.11,100,53,88,2684.6,2101.7,250.0,79.11,100,58,82,3014.7,4220.7,250.0,79.11,100,56,87,3119.1,5021.9,249.9,79.11,100,56,85,3194.8,5250.3,24.0,8,0
1782840753.298,1175.775,250.0,79.11,100,53,88,2641.5,2185.5,250.0,79.11,100,58,82,3035.9,4339.5,250.0,79.11,100,56,87,3127.9,4682.7,250.0,79.11,100,56,85,3187.2,5297.4,24.0,8,0
1782840753.741,1176.218,250.0,79.11,100,53,88,2665.0,2174.4,250.0,79.11,100,58,82,3007.9,4134.2,250.0,79.11,100,56,87,3126.2,4747.3,250.0,79.11,100,56,85,3186.1,5317.3,25.0,8,0
1782840754.186,1176.663,250.0,79.11,100,53,88,2588.5,2135.2,250.0,79.11,99,58,82,3025.3,4366.5,250.0,79.11,100,56,87,3065.7,4868.9,250.0,79.11,100,56,85,3165.7,4923.9,25.0,8,0
1782840754.629,1177.106,250.0,79.11,100,53,88,2622.6,2168.7,250.0,79.11,100,58,82,2951.5,4106.3,250.0,79.11,100,57,87,3203.8,5211.3,250.0,79.11,99,56,85,3470.9,5287.6,25.0,8,0
1782840755.079,1177.556,250.0,79.11,99,53,88,2641.3,2170.6,250.0,79.11,100,58,82,3003.7,4331.1,250.0,79.11,100,56,87,3109.5,4705.4,249.9,79.11,100,56,85,3164.3,5145.3,25.0,8,0
1782840755.522,1177.999,250.0,79.11,99,53,88,2582.1,2169.5,250.0,79.11,100,58,82,3021.7,4405.0,250.0,79.11,99,56,87,3100.2,4769.2,249.9,79.11,100,56,85,3273.7,5029.0,25.0,8,0
1782840755.979,1178.456,250.0,79.11,99,53,88,4.2,0.5,222.4,79.11,0,0,80,0.6,0.5,232.9,79.11,0,0,86,1.2,0.5,227.7,79.11,0,0,83,2.3,0.5,25.0,8,0
