{
  "num_samples": 7599,
  "duration_s": 3247.415901184082,
  "mean_power_w": 930.4552649032768,
  "max_power_w": 1024.709,
  "min_power_w": 99.17699999999999,
  "p50_power_w": 999.9639999999999,
  "p95_power_w": 1000.156,
  "mean_gpu_util_pct": 98.40182918805105,
  "max_gpu_util_pct": 100.0,
  "mean_gpu_mem_bw_util_pct": 38.799414396631136,
  "max_gpu_mem_bw_util_pct": 51.0,
  "mean_gpu_mem_used_gb": 342.979975264015,
  "max_gpu_mem_used_gb": 342.98046875,
  "mean_gpu_temp_c": 87.77931306750888,
  "max_gpu_temp_c": 90.0,
  "mean_pcie_tx_mb_s": 28178.02882497903,
  "max_pcie_tx_mb_s": 129754.095703125,
  "mean_pcie_rx_mb_s": 24244.221926044956,
  "max_pcie_rx_mb_s": 106792.78515625,
  "mean_kv_cache_pct": 2.1409556446302793,
  "max_kv_cache_pct": 2.4451636102121532,
  "p50_kv_cache_pct": 2.3440309241280155,
  "p95_kv_cache_pct": 2.4361740381157904,
  "mean_requests_running": 1.825503355704698,
  "max_requests_running": 2.0,
  "mean_requests_waiting": 0.0,
  "max_requests_waiting": 0.0
}