{
  "num_samples": 1091,
  "duration_s": 466.9632933139801,
  "mean_power_w": 920.6522337305224,
  "max_power_w": 1028.4940000000001,
  "min_power_w": 105.956,
  "p50_power_w": 999.908,
  "p95_power_w": 1001.489,
  "mean_gpu_util_pct": 94.53505957836848,
  "max_gpu_util_pct": 100.0,
  "mean_gpu_mem_bw_util_pct": 39.19981668194317,
  "max_gpu_mem_bw_util_pct": 48.5,
  "mean_gpu_mem_used_gb": 367.381103515625,
  "max_gpu_mem_used_gb": 367.381103515625,
  "mean_gpu_temp_c": 87.40696608615949,
  "max_gpu_temp_c": 90.0,
  "mean_pcie_tx_mb_s": 27237.140065557687,
  "max_pcie_tx_mb_s": 124287.5166015625,
  "mean_pcie_rx_mb_s": 32033.6344398058,
  "max_pcie_rx_mb_s": 100884.4794921875,
  "mean_kv_cache_pct": 8.385134572118988,
  "max_kv_cache_pct": 12.878787878787879,
  "p50_kv_cache_pct": 9.696969696969692,
  "p95_kv_cache_pct": 11.66666666666667,
  "mean_requests_running": 7.362053162236481,
  "max_requests_running": 8.0,
  "mean_requests_waiting": 0.0,
  "max_requests_waiting": 0.0
}