{
  "num_samples": 610,
  "duration_s": 273.5885798931122,
  "mean_power_w": 1009.6710901639344,
  "max_power_w": 1127.63,
  "min_power_w": 387.279,
  "p50_power_w": 1095.649,
  "p95_power_w": 1125.6799999999998,
  "mean_gpu_util_pct": 94.8327868852459,
  "max_gpu_util_pct": 100.0,
  "mean_gpu_mem_bw_util_pct": 32.687295081967214,
  "max_gpu_mem_bw_util_pct": 41.5,
  "mean_gpu_mem_used_gb": 343.688232421875,
  "max_gpu_mem_used_gb": 343.688232421875,
  "mean_gpu_temp_c": 88.40819672131147,
  "max_gpu_temp_c": 91.0,
  "mean_pcie_tx_mb_s": 27032.20598584785,
  "max_pcie_tx_mb_s": 99620.7939453125,
  "mean_pcie_rx_mb_s": 33120.13294697746,
  "max_pcie_rx_mb_s": 132151.6552734375,
  "mean_kv_cache_pct": 37.998360655737706,
  "max_kv_cache_pct": 70.0,
  "p50_kv_cache_pct": 37.0,
  "p95_kv_cache_pct": 70.0,
  "mean_requests_running": 39.35737704918033,
  "max_requests_running": 56.0,
  "mean_requests_waiting": 5.49344262295082,
  "max_requests_waiting": 39.0
}