{
  "num_samples": 516,
  "duration_s": 221.42458701133728,
  "mean_power_w": 926.0538565891472,
  "max_power_w": 1030.764,
  "min_power_w": 377.702,
  "p50_power_w": 999.9590000000001,
  "p95_power_w": 1000.086,
  "mean_gpu_util_pct": 93.07848837209302,
  "max_gpu_util_pct": 100.0,
  "mean_gpu_mem_bw_util_pct": 46.55523255813954,
  "max_gpu_mem_bw_util_pct": 57.0,
  "mean_gpu_mem_used_gb": 361.0959396953731,
  "max_gpu_mem_used_gb": 362.029541015625,
  "mean_gpu_temp_c": 87.2577519379845,
  "max_gpu_temp_c": 90.0,
  "mean_pcie_tx_mb_s": 28406.027086361435,
  "max_pcie_tx_mb_s": 134567.275390625,
  "mean_pcie_rx_mb_s": 33184.9625991703,
  "max_pcie_rx_mb_s": 107140.5390625,
  "mean_kv_cache_pct": 21.44144937749589,
  "max_kv_cache_pct": 24.242424242424242,
  "p50_kv_cache_pct": 24.242424242424242,
  "p95_kv_cache_pct": 24.242424242424242,
  "mean_requests_running": 29.391472868217054,
  "max_requests_running": 32.0,
  "mean_requests_waiting": 0.0,
  "max_requests_waiting": 0.0
}