{
  "num_samples": 473,
  "duration_s": 202.818461894989,
  "mean_power_w": 912.6071839323467,
  "max_power_w": 1022.514,
  "min_power_w": 381.135,
  "p50_power_w": 999.938,
  "p95_power_w": 1000.109,
  "mean_gpu_util_pct": 92.57029598308668,
  "max_gpu_util_pct": 100.0,
  "mean_gpu_mem_bw_util_pct": 45.63107822410148,
  "max_gpu_mem_bw_util_pct": 57.75,
  "mean_gpu_mem_used_gb": 367.381103515625,
  "max_gpu_mem_used_gb": 367.381103515625,
  "mean_gpu_temp_c": 87.12262156448203,
  "max_gpu_temp_c": 90.0,
  "mean_pcie_tx_mb_s": 36500.48145357096,
  "max_pcie_tx_mb_s": 129099.4609375,
  "mean_pcie_rx_mb_s": 36610.750883654866,
  "max_pcie_rx_mb_s": 103873.4736328125,
  "mean_kv_cache_pct": 40.681978345826124,
  "max_kv_cache_pct": 48.484848484848484,
  "p50_kv_cache_pct": 48.484848484848484,
  "p95_kv_cache_pct": 48.484848484848484,
  "mean_requests_running": 55.915433403805494,
  "max_requests_running": 64.0,
  "mean_requests_waiting": 1.9027484143763214,
  "max_requests_waiting": 30.0
}