{
  "num_samples": 2742,
  "duration_s": 1170.9678163528442,
  "mean_power_w": 908.9635463165573,
  "max_power_w": 966.6610000000001,
  "min_power_w": 95.822,
  "p50_power_w": 958.312,
  "p95_power_w": 963.1700000000001,
  "mean_gpu_util_pct": 96.02334062727935,
  "max_gpu_util_pct": 100.0,
  "mean_gpu_mem_bw_util_pct": 34.9936177972283,
  "max_gpu_mem_bw_util_pct": 40.5,
  "mean_gpu_mem_used_gb": 367.381103515625,
  "max_gpu_mem_used_gb": 367.381103515625,
  "mean_gpu_temp_c": 87.33005105762217,
  "max_gpu_temp_c": 90.0,
  "mean_pcie_tx_mb_s": 17982.88479340468,
  "max_pcie_tx_mb_s": 96615.033203125,
  "mean_pcie_rx_mb_s": 17388.092640237508,
  "max_pcie_rx_mb_s": 79097.53125,
  "mean_kv_cache_pct": 3.045111951020048,
  "max_kv_cache_pct": 3.9393939393939426,
  "p50_kv_cache_pct": 3.3333333333333326,
  "p95_kv_cache_pct": 3.6363636363636376,
  "mean_requests_running": 1.7472647702407003,
  "max_requests_running": 2.0,
  "mean_requests_waiting": 0.0,
  "max_requests_waiting": 0.0
}