{
  "num_samples": 548,
  "duration_s": 234.06306433677673,
  "mean_power_w": 909.6021149635036,
  "max_power_w": 987.15,
  "min_power_w": 293.213,
  "p50_power_w": 952.09,
  "p95_power_w": 982.309,
  "mean_gpu_util_pct": 91.52189781021897,
  "max_gpu_util_pct": 99.0,
  "mean_gpu_mem_bw_util_pct": 36.082116788321166,
  "max_gpu_mem_bw_util_pct": 42.75,
  "mean_gpu_mem_used_gb": 334.26953125,
  "max_gpu_mem_used_gb": 334.26953125,
  "mean_gpu_temp_c": 85.94343065693431,
  "max_gpu_temp_c": 89.0,
  "mean_pcie_tx_mb_s": 35202.55882363424,
  "max_pcie_tx_mb_s": 66003.98046875,
  "mean_pcie_rx_mb_s": 30377.3055018961,
  "max_pcie_rx_mb_s": 61300.92578125,
  "mean_kv_cache_pct": 10.157215804848857,
  "max_kv_cache_pct": 17.25997842502697,
  "p50_kv_cache_pct": 11.192017259978426,
  "p95_kv_cache_pct": 16.89140596907587,
  "mean_requests_running": 40.43795620437956,
  "max_requests_running": 48.0,
  "mean_requests_waiting": 0.0,
  "max_requests_waiting": 0.0
}