{
  "num_samples": 1099,
  "duration_s": 381.82599925994873,
  "mean_power_w": 569.0297725204731,
  "max_power_w": 609.721,
  "min_power_w": 53.208,
  "p50_power_w": 599.9780000000001,
  "p95_power_w": 600.24,
  "mean_gpu_util_pct": 93.13876251137398,
  "max_gpu_util_pct": 100.0,
  "mean_gpu_mem_bw_util_pct": 58.27479526842584,
  "max_gpu_mem_bw_util_pct": 74.5,
  "mean_gpu_mem_used_gb": 176.45361328125,
  "max_gpu_mem_used_gb": 176.45361328125,
  "mean_gpu_temp_c": 84.68880800727935,
  "max_gpu_temp_c": 91.0,
  "mean_pcie_tx_mb_s": 8803.420484353674,
  "max_pcie_tx_mb_s": 74072.87109375,
  "mean_pcie_rx_mb_s": 8813.12067255744,
  "max_pcie_rx_mb_s": 55637.82421875,
  "mean_kv_cache_pct": 74.97500242147227,
  "max_kv_cache_pct": 100.0,
  "p50_kv_cache_pct": 96.52804273178177,
  "p95_kv_cache_pct": 99.68714231209462,
  "mean_requests_running": 20.640582347588715,
  "max_requests_running": 32.0,
  "mean_requests_waiting": 0.0,
  "max_requests_waiting": 0.0
}