{
  "num_samples": 4228,
  "duration_s": 1903.359444618225,
  "mean_power_w": 897.3903509933775,
  "max_power_w": 950.932,
  "min_power_w": 91.807,
  "p50_power_w": 934.106,
  "p95_power_w": 945.116,
  "mean_gpu_util_pct": 96.88883632923368,
  "max_gpu_util_pct": 100.0,
  "mean_gpu_mem_bw_util_pct": 21.47226821192053,
  "max_gpu_mem_bw_util_pct": 30.5,
  "mean_gpu_mem_used_gb": 343.930419921875,
  "max_gpu_mem_used_gb": 343.930419921875,
  "mean_gpu_temp_c": 87.31031220435194,
  "max_gpu_temp_c": 91.0,
  "mean_pcie_tx_mb_s": 31288.542620208653,
  "max_pcie_tx_mb_s": 101169.5146484375,
  "mean_pcie_rx_mb_s": 41064.36916025788,
  "max_pcie_rx_mb_s": 133416.6416015625,
  "mean_kv_cache_pct": 42.04669352927234,
  "max_kv_cache_pct": 66.0,
  "p50_kv_cache_pct": 44.0,
  "p95_kv_cache_pct": 61.0,
  "mean_requests_running": 4.461720786916331,
  "max_requests_running": 8.0,
  "mean_requests_waiting": 2.283005451528798,
  "max_requests_waiting": 7.0
}