{
  "num_samples": 7281,
  "duration_s": 3112.5944681167603,
  "mean_power_w": 935.7580928443895,
  "max_power_w": 989.687,
  "min_power_w": 80.702,
  "p50_power_w": 971.483,
  "p95_power_w": 982.344,
  "mean_gpu_util_pct": 94.50130476582886,
  "max_gpu_util_pct": 100.0,
  "mean_gpu_mem_bw_util_pct": 22.207320423018817,
  "max_gpu_mem_bw_util_pct": 30.75,
  "mean_gpu_mem_used_gb": 362.19140625,
  "max_gpu_mem_used_gb": 362.19140625,
  "mean_gpu_temp_c": 87.45447053976102,
  "max_gpu_temp_c": 92.0,
  "mean_pcie_tx_mb_s": 18573.565893356852,
  "max_pcie_tx_mb_s": 98384.3740234375,
  "mean_pcie_rx_mb_s": 15665.184364028593,
  "max_pcie_rx_mb_s": 81023.9130859375,
  "mean_kv_cache_pct": 2.485173139420764,
  "max_kv_cache_pct": 4.412716260222971,
  "p50_kv_cache_pct": 4.353314310566125,
  "p95_kv_cache_pct": 4.40741251471789,
  "mean_requests_running": 0.5675044636725725,
  "max_requests_running": 1.0,
  "mean_requests_waiting": 0.0,
  "max_requests_waiting": 0.0
}