{
  "num_samples": 595,
  "duration_s": 254.22142148017883,
  "mean_power_w": 1090.5472268907563,
  "max_power_w": 1188.311,
  "min_power_w": 381.655,
  "p50_power_w": 1172.131,
  "p95_power_w": 1184.914,
  "mean_gpu_util_pct": 93.30084033613446,
  "max_gpu_util_pct": 100.0,
  "mean_gpu_mem_bw_util_pct": 49.57436974789916,
  "max_gpu_mem_bw_util_pct": 59.25,
  "mean_gpu_mem_used_gb": 329.8472931164653,
  "max_gpu_mem_used_gb": 331.931884765625,
  "mean_gpu_temp_c": 90.33781512605042,
  "max_gpu_temp_c": 92.0,
  "mean_pcie_tx_mb_s": 23019.661879595587,
  "max_pcie_tx_mb_s": 94494.7763671875,
  "mean_pcie_rx_mb_s": 28692.46247866334,
  "max_pcie_rx_mb_s": 80703.900390625,
  "mean_kv_cache_pct": 10.97300738477209,
  "max_kv_cache_pct": 12.121212121212121,
  "p50_kv_cache_pct": 12.121212121212121,
  "p95_kv_cache_pct": 12.121212121212121,
  "mean_requests_running": 14.941176470588236,
  "max_requests_running": 16.0,
  "mean_requests_waiting": 0.0,
  "max_requests_waiting": 0.0
}