{
  "num_samples": 1838,
  "duration_s": 637.0882465839386,
  "mean_power_w": 582.6251741022851,
  "max_power_w": 606.973,
  "min_power_w": 53.673,
  "p50_power_w": 599.962,
  "p95_power_w": 601.225,
  "mean_gpu_util_pct": 95.24673558215451,
  "max_gpu_util_pct": 100.0,
  "mean_gpu_mem_bw_util_pct": 54.050598476605,
  "max_gpu_mem_bw_util_pct": 60.5,
  "mean_gpu_mem_used_gb": 176.45361328125,
  "max_gpu_mem_used_gb": 176.45361328125,
  "mean_gpu_temp_c": 85.43307943416757,
  "max_gpu_temp_c": 89.0,
  "mean_pcie_tx_mb_s": 4704.865369861092,
  "max_pcie_tx_mb_s": 50225.53515625,
  "mean_pcie_rx_mb_s": 4648.7144011620985,
  "max_pcie_rx_mb_s": 51393.2080078125,
  "mean_kv_cache_pct": 15.107142901624485,
  "max_kv_cache_pct": 17.58107592521938,
  "p50_kv_cache_pct": 16.421213277375045,
  "p95_kv_cache_pct": 17.489507821442196,
  "mean_requests_running": 3.7192600652883567,
  "max_requests_running": 4.0,
  "mean_requests_waiting": 0.0,
  "max_requests_waiting": 0.0
}