{
  "num_samples": 445,
  "duration_s": 190.51076006889343,
  "mean_power_w": 915.5639640449438,
  "max_power_w": 1023.254,
  "min_power_w": 100.39,
  "p50_power_w": 999.973,
  "p95_power_w": 1000.073,
  "mean_gpu_util_pct": 87.56685393258427,
  "max_gpu_util_pct": 100.0,
  "mean_gpu_mem_bw_util_pct": 43.475280898876406,
  "max_gpu_mem_bw_util_pct": 52.75,
  "mean_gpu_mem_used_gb": 327.34765625,
  "max_gpu_mem_used_gb": 327.34765625,
  "mean_gpu_temp_c": 86.61123595505617,
  "max_gpu_temp_c": 89.0,
  "mean_pcie_tx_mb_s": 13396.980343662219,
  "max_pcie_tx_mb_s": 29957.79296875,
  "mean_pcie_rx_mb_s": 12875.719557584269,
  "max_pcie_rx_mb_s": 33410.4677734375,
  "mean_kv_cache_pct": 13.423481910115935,
  "max_kv_cache_pct": 19.490203982052122,
  "p50_kv_cache_pct": 18.02424872444921,
  "p95_kv_cache_pct": 19.235624197808487,
  "mean_requests_running": 27.29438202247191,
  "max_requests_running": 32.0,
  "mean_requests_waiting": 0.0,
  "max_requests_waiting": 0.0
}