{
  "num_samples": 1290,
  "duration_s": 580.5693604946136,
  "mean_power_w": 976.667296124031,
  "max_power_w": 1132.541,
  "min_power_w": 111.465,
  "p50_power_w": 944.094,
  "p95_power_w": 1126.199,
  "mean_gpu_util_pct": 96.08953488372093,
  "max_gpu_util_pct": 100.0,
  "mean_gpu_mem_bw_util_pct": 27.782945736434108,
  "max_gpu_mem_bw_util_pct": 42.75,
  "mean_gpu_mem_used_gb": 343.688232421875,
  "max_gpu_mem_used_gb": 343.688232421875,
  "mean_gpu_temp_c": 88.55426356589147,
  "max_gpu_temp_c": 92.0,
  "mean_pcie_tx_mb_s": 30569.61906340843,
  "max_pcie_tx_mb_s": 96593.2587890625,
  "mean_pcie_rx_mb_s": 39872.44595370034,
  "max_pcie_rx_mb_s": 132270.470703125,
  "mean_kv_cache_pct": 59.062790697674416,
  "max_kv_cache_pct": 96.0,
  "p50_kv_cache_pct": 64.0,
  "p95_kv_cache_pct": 96.0,
  "mean_requests_running": 14.994573643410853,
  "max_requests_running": 24.0,
  "mean_requests_waiting": 5.336434108527132,
  "max_requests_waiting": 21.0
}