{
  "num_samples": 4205,
  "duration_s": 1806.8402128219604,
  "mean_power_w": 935.9555731272295,
  "max_power_w": 1026.7089999999998,
  "min_power_w": 79.656,
  "p50_power_w": 981.364,
  "p95_power_w": 1000.035,
  "mean_gpu_util_pct": 94.20630202140309,
  "max_gpu_util_pct": 100.0,
  "mean_gpu_mem_bw_util_pct": 24.264922711058265,
  "max_gpu_mem_bw_util_pct": 68.75,
  "mean_gpu_mem_used_gb": 362.19140625,
  "max_gpu_mem_used_gb": 362.19140625,
  "mean_gpu_temp_c": 87.08061831153388,
  "max_gpu_temp_c": 92.0,
  "mean_pcie_tx_mb_s": 32723.71085737775,
  "max_pcie_tx_mb_s": 96750.2421875,
  "mean_pcie_rx_mb_s": 28392.309301148187,
  "max_pcie_rx_mb_s": 83566.4755859375,
  "mean_kv_cache_pct": 78.03543557678134,
  "max_kv_cache_pct": 99.99681775269696,
  "p50_kv_cache_pct": 94.87870334029893,
  "p95_kv_cache_pct": 98.72391883147878,
  "mean_requests_running": 22.745657863430882,
  "max_requests_running": 88.0,
  "mean_requests_waiting": 40.27837259100642,
  "max_requests_waiting": 82.0
}