{
  "num_samples": 1784,
  "duration_s": 761.8610646724701,
  "mean_power_w": 912.6331244394619,
  "max_power_w": 995.563,
  "min_power_w": 91.159,
  "p50_power_w": 980.8969999999999,
  "p95_power_w": 989.7139999999999,
  "mean_gpu_util_pct": 94.59248878923766,
  "max_gpu_util_pct": 100.0,
  "mean_gpu_mem_bw_util_pct": 30.27003923766816,
  "max_gpu_mem_bw_util_pct": 37.0,
  "mean_gpu_mem_used_gb": 352.37423801849775,
  "max_gpu_mem_used_gb": 353.75390625,
  "mean_gpu_temp_c": 86.35650224215247,
  "max_gpu_temp_c": 89.0,
  "mean_pcie_tx_mb_s": 20732.631212995726,
  "max_pcie_tx_mb_s": 96621.96875,
  "mean_pcie_rx_mb_s": 17659.59685376086,
  "max_pcie_rx_mb_s": 80130.119140625,
  "mean_kv_cache_pct": 3.8791130843687025,
  "max_kv_cache_pct": 4.616380087617877,
  "p50_kv_cache_pct": 4.416959256627029,
  "p95_kv_cache_pct": 4.599408102001634,
  "mean_requests_running": 3.541479820627803,
  "max_requests_running": 4.0,
  "mean_requests_waiting": 0.0,
  "max_requests_waiting": 0.0
}