{
  "num_samples": 1844,
  "duration_s": 792.704668045044,
  "mean_power_w": 887.8381198481562,
  "max_power_w": 1023.431,
  "min_power_w": 91.368,
  "p50_power_w": 910.432,
  "p95_power_w": 1000.052,
  "mean_gpu_util_pct": 92.84395336225596,
  "max_gpu_util_pct": 100.0,
  "mean_gpu_mem_bw_util_pct": 29.50732104121475,
  "max_gpu_mem_bw_util_pct": 65.5,
  "mean_gpu_mem_used_gb": 362.19140625,
  "max_gpu_mem_used_gb": 362.19140625,
  "mean_gpu_temp_c": 86.79229934924078,
  "max_gpu_temp_c": 92.0,
  "mean_pcie_tx_mb_s": 39350.23201991679,
  "max_pcie_tx_mb_s": 94579.705078125,
  "mean_pcie_rx_mb_s": 33997.23176200685,
  "max_pcie_rx_mb_s": 85073.4677734375,
  "mean_kv_cache_pct": 71.35764932292798,
  "max_kv_cache_pct": 99.99787850179797,
  "p50_kv_cache_pct": 92.02210601126517,
  "p95_kv_cache_pct": 99.25535413108737,
  "mean_requests_running": 35.74457700650759,
  "max_requests_running": 56.0,
  "mean_requests_waiting": 11.135574837310195,
  "max_requests_waiting": 48.0
}