{
  "num_samples": 1042,
  "duration_s": 464.7089612483978,
  "mean_power_w": 910.4900604606526,
  "max_power_w": 937.926,
  "min_power_w": 379.553,
  "p50_power_w": 930.316,
  "p95_power_w": 934.85,
  "mean_gpu_util_pct": 96.93738003838772,
  "max_gpu_util_pct": 100.0,
  "mean_gpu_mem_bw_util_pct": 30.726007677543187,
  "max_gpu_mem_bw_util_pct": 35.0,
  "mean_gpu_mem_used_gb": 343.688232421875,
  "max_gpu_mem_used_gb": 343.688232421875,
  "mean_gpu_temp_c": 87.72552783109406,
  "max_gpu_temp_c": 91.0,
  "mean_pcie_tx_mb_s": 12718.132255803142,
  "max_pcie_tx_mb_s": 84407.7705078125,
  "mean_pcie_rx_mb_s": 16579.57140058931,
  "max_pcie_rx_mb_s": 107045.6318359375,
  "mean_kv_cache_pct": 8.648752399232245,
  "max_kv_cache_pct": 10.0,
  "p50_kv_cache_pct": 9.0,
  "p95_kv_cache_pct": 10.0,
  "mean_requests_running": 7.327255278310941,
  "max_requests_running": 8.0,
  "mean_requests_waiting": 0.0,
  "max_requests_waiting": 0.0
}