{
  "num_samples": 409,
  "duration_s": 175.05179452896118,
  "mean_power_w": 910.7232518337408,
  "max_power_w": 1017.9259999999999,
  "min_power_w": 100.995,
  "p50_power_w": 999.9639999999999,
  "p95_power_w": 1000.1850000000001,
  "mean_gpu_util_pct": 87.06540342298288,
  "max_gpu_util_pct": 100.0,
  "mean_gpu_mem_bw_util_pct": 42.07457212713936,
  "max_gpu_mem_bw_util_pct": 55.75,
  "mean_gpu_mem_used_gb": 327.34765625,
  "max_gpu_mem_used_gb": 327.34765625,
  "mean_gpu_temp_c": 86.39364303178485,
  "max_gpu_temp_c": 89.0,
  "mean_pcie_tx_mb_s": 18433.1123190136,
  "max_pcie_tx_mb_s": 31977.58203125,
  "mean_pcie_rx_mb_s": 17687.969659707367,
  "max_pcie_rx_mb_s": 30729.4560546875,
  "mean_kv_cache_pct": 23.24971146457369,
  "max_kv_cache_pct": 48.64383227435215,
  "p50_kv_cache_pct": 27.179574215310854,
  "p95_kv_cache_pct": 47.94585936588419,
  "mean_requests_running": 58.50855745721272,
  "max_requests_running": 80.0,
  "mean_requests_waiting": 0.0,
  "max_requests_waiting": 0.0
}