{
  "num_samples": 616,
  "duration_s": 277.19031596183777,
  "mean_power_w": 1002.667073051948,
  "max_power_w": 1099.0610000000001,
  "min_power_w": 387.082,
  "p50_power_w": 1079.205,
  "p95_power_w": 1096.551,
  "mean_gpu_util_pct": 94.94358766233766,
  "max_gpu_util_pct": 100.0,
  "mean_gpu_mem_bw_util_pct": 30.12215909090909,
  "max_gpu_mem_bw_util_pct": 39.25,
  "mean_gpu_mem_used_gb": 343.688232421875,
  "max_gpu_mem_used_gb": 343.688232421875,
  "mean_gpu_temp_c": 88.66558441558442,
  "max_gpu_temp_c": 91.0,
  "mean_pcie_tx_mb_s": 33138.20165381493,
  "max_pcie_tx_mb_s": 99205.33203125,
  "mean_pcie_rx_mb_s": 41454.74056570871,
  "max_pcie_rx_mb_s": 131298.4912109375,
  "mean_kv_cache_pct": 48.25974025974026,
  "max_kv_cache_pct": 92.0,
  "p50_kv_cache_pct": 49.0,
  "p95_kv_cache_pct": 92.0,
  "mean_requests_running": 56.33116883116883,
  "max_requests_running": 80.0,
  "mean_requests_waiting": 7.566558441558442,
  "max_requests_waiting": 62.0
}