{
  "num_samples": 1580,
  "duration_s": 674.8486220836639,
  "mean_power_w": 979.1335424050633,
  "max_power_w": 1015.999,
  "min_power_w": 105.31,
  "p50_power_w": 999.99,
  "p95_power_w": 1000.451,
  "mean_gpu_util_pct": 95.99351265822784,
  "max_gpu_util_pct": 99.0,
  "mean_gpu_mem_bw_util_pct": 47.229588607594934,
  "max_gpu_mem_bw_util_pct": 49.5,
  "mean_gpu_mem_used_gb": 335.44140625,
  "max_gpu_mem_used_gb": 335.44140625,
  "mean_gpu_temp_c": 87.5506329113924,
  "max_gpu_temp_c": 89.0,
  "mean_pcie_tx_mb_s": 15957.75926745451,
  "max_pcie_tx_mb_s": 33932.6162109375,
  "mean_pcie_rx_mb_s": 14500.431144926819,
  "max_pcie_rx_mb_s": 31798.658203125,
  "mean_kv_cache_pct": 4.506463246305172,
  "max_kv_cache_pct": 5.177993527508096,
  "p50_kv_cache_pct": 4.8656058971592975,
  "p95_kv_cache_pct": 5.134169363538299,
  "mean_requests_running": 7.722151898734177,
  "max_requests_running": 8.0,
  "mean_requests_waiting": 0.0,
  "max_requests_waiting": 0.0
}