{
  "num_samples": 2170,
  "duration_s": 980.6819689273834,
  "mean_power_w": 942.8180096774194,
  "max_power_w": 1153.384,
  "min_power_w": 101.644,
  "p50_power_w": 942.789,
  "p95_power_w": 1113.737,
  "mean_gpu_util_pct": 96.45057603686637,
  "max_gpu_util_pct": 100.0,
  "mean_gpu_mem_bw_util_pct": 23.35115207373272,
  "max_gpu_mem_bw_util_pct": 42.5,
  "mean_gpu_mem_used_gb": 343.742919921875,
  "max_gpu_mem_used_gb": 343.742919921875,
  "mean_gpu_temp_c": 88.29493087557604,
  "max_gpu_temp_c": 92.0,
  "mean_pcie_tx_mb_s": 34011.01947769657,
  "max_pcie_tx_mb_s": 100753.611328125,
  "mean_pcie_rx_mb_s": 49513.45826207877,
  "max_pcie_rx_mb_s": 131373.8642578125,
  "mean_kv_cache_pct": 68.24479407681629,
  "max_kv_cache_pct": 99.0,
  "p50_kv_cache_pct": 77.0,
  "p95_kv_cache_pct": 98.0,
  "mean_requests_running": 39.11661267931513,
  "max_requests_running": 90.0,
  "mean_requests_waiting": 21.221193891716798,
  "max_requests_waiting": 53.0
}