{
  "num_samples": 6521,
  "duration_s": 2790.165707588196,
  "mean_power_w": 977.4494355160251,
  "max_power_w": 1079.158,
  "min_power_w": 79.201,
  "p50_power_w": 1047.338,
  "p95_power_w": 1069.892,
  "mean_gpu_util_pct": 93.90476920717681,
  "max_gpu_util_pct": 100.0,
  "mean_gpu_mem_bw_util_pct": 30.566937586259776,
  "max_gpu_mem_bw_util_pct": 41.75,
  "mean_gpu_mem_used_gb": 367.400634765625,
  "max_gpu_mem_used_gb": 367.400634765625,
  "mean_gpu_temp_c": 87.67566324183407,
  "max_gpu_temp_c": 93.0,
  "mean_pcie_tx_mb_s": 26807.935988357327,
  "max_pcie_tx_mb_s": 146628.67578125,
  "mean_pcie_rx_mb_s": 23516.954662251046,
  "max_pcie_rx_mb_s": 114031.2861328125,
  "mean_kv_cache_pct": 3.029513041781096,
  "max_kv_cache_pct": 5.757575757575761,
  "p50_kv_cache_pct": 5.303030303030298,
  "p95_kv_cache_pct": 5.303030303030298,
  "mean_requests_running": 0.5704646526606348,
  "max_requests_running": 1.0,
  "mean_requests_waiting": 0.0,
  "max_requests_waiting": 0.0
}