{
  "num_samples": 1363,
  "duration_s": 583.2565774917603,
  "mean_power_w": 972.2963367571533,
  "max_power_w": 1137.236,
  "min_power_w": 96.964,
  "p50_power_w": 1066.2930000000001,
  "p95_power_w": 1130.7350000000001,
  "mean_gpu_util_pct": 93.4440572267058,
  "max_gpu_util_pct": 100.0,
  "mean_gpu_mem_bw_util_pct": 37.176449009537784,
  "max_gpu_mem_bw_util_pct": 52.75,
  "mean_gpu_mem_used_gb": 367.400634765625,
  "max_gpu_mem_used_gb": 367.400634765625,
  "mean_gpu_temp_c": 87.986793837124,
  "max_gpu_temp_c": 92.0,
  "mean_pcie_tx_mb_s": 36940.05271861244,
  "max_pcie_tx_mb_s": 121308.671875,
  "mean_pcie_rx_mb_s": 37792.47119677985,
  "max_pcie_rx_mb_s": 102551.6982421875,
  "mean_kv_cache_pct": 11.45345605727117,
  "max_kv_cache_pct": 15.909090909090907,
  "p50_kv_cache_pct": 13.33333333333333,
  "p95_kv_cache_pct": 15.151515151515149,
  "mean_requests_running": 6.76008804108584,
  "max_requests_running": 8.0,
  "mean_requests_waiting": 0.3727072633895818,
  "max_requests_waiting": 2.0
}