{
  "num_samples": 671,
  "duration_s": 287.1886878013611,
  "mean_power_w": 948.7059210134128,
  "max_power_w": 1014.984,
  "min_power_w": 107.533,
  "p50_power_w": 999.944,
  "p95_power_w": 1000.3240000000001,
  "mean_gpu_util_pct": 91.94038748137109,
  "max_gpu_util_pct": 99.25,
  "mean_gpu_mem_bw_util_pct": 40.88636363636363,
  "max_gpu_mem_bw_util_pct": 50.25,
  "mean_gpu_mem_used_gb": 335.44140625,
  "max_gpu_mem_used_gb": 335.44140625,
  "mean_gpu_temp_c": 87.11326378539493,
  "max_gpu_temp_c": 90.0,
  "mean_pcie_tx_mb_s": 24414.31268192297,
  "max_pcie_tx_mb_s": 70055.615234375,
  "mean_pcie_rx_mb_s": 20509.407131962555,
  "max_pcie_rx_mb_s": 57658.3564453125,
  "mean_kv_cache_pct": 15.867226096714399,
  "max_kv_cache_pct": 25.82142215030565,
  "p50_kv_cache_pct": 23.532452355267885,
  "p95_kv_cache_pct": 25.621404171161455,
  "mean_requests_running": 32.456035767511175,
  "max_requests_running": 40.0,
  "mean_requests_waiting": 0.0,
  "max_requests_waiting": 0.0
}