{
  "num_samples": 1843,
  "duration_s": 791.1459648609161,
  "mean_power_w": 828.5231763429191,
  "max_power_w": 1031.187,
  "min_power_w": 89.18299999999999,
  "p50_power_w": 829.823,
  "p95_power_w": 1000.047,
  "mean_gpu_util_pct": 92.84617471513836,
  "max_gpu_util_pct": 100.0,
  "mean_gpu_mem_bw_util_pct": 29.52224633749322,
  "max_gpu_mem_bw_util_pct": 62.5,
  "mean_gpu_mem_used_gb": 367.381103515625,
  "max_gpu_mem_used_gb": 367.381103515625,
  "mean_gpu_temp_c": 86.15409658166034,
  "max_gpu_temp_c": 92.0,
  "mean_pcie_tx_mb_s": 53316.97091136649,
  "max_pcie_tx_mb_s": 149236.640625,
  "mean_pcie_rx_mb_s": 46853.74007806141,
  "max_pcie_rx_mb_s": 107136.6494140625,
  "mean_kv_cache_pct": 75.52171196501094,
  "max_kv_cache_pct": 100.0,
  "p50_kv_cache_pct": 91.36363636363636,
  "p95_kv_cache_pct": 99.0909090909091,
  "mean_requests_running": 27.274552360282147,
  "max_requests_running": 40.0,
  "mean_requests_waiting": 6.284861638632664,
  "max_requests_waiting": 34.0
}