{
  "num_samples": 3248,
  "duration_s": 1446.3074860572815,
  "mean_power_w": 780.0737832512315,
  "max_power_w": 931.435,
  "min_power_w": 366.971,
  "p50_power_w": 768.573,
  "p95_power_w": 925.468,
  "mean_gpu_util_pct": 98.72583128078817,
  "max_gpu_util_pct": 100.0,
  "mean_gpu_mem_bw_util_pct": 24.439655172413794,
  "max_gpu_mem_bw_util_pct": 26.0,
  "mean_gpu_mem_used_gb": 343.688232421875,
  "max_gpu_mem_used_gb": 343.688232421875,
  "mean_gpu_temp_c": 86.69181034482759,
  "max_gpu_temp_c": 90.0,
  "mean_pcie_tx_mb_s": 6391.800966159463,
  "max_pcie_tx_mb_s": 60533.03515625,
  "mean_pcie_rx_mb_s": 8191.5369265701975,
  "max_pcie_rx_mb_s": 75824.7607421875,
  "mean_kv_cache_pct": 3.9310344827586206,
  "max_kv_cache_pct": 4.0,
  "p50_kv_cache_pct": 4.0,
  "p95_kv_cache_pct": 4.0,
  "mean_requests_running": 1.9338054187192117,
  "max_requests_running": 2.0,
  "mean_requests_waiting": 0.0,
  "max_requests_waiting": 0.0
}