{
  "num_samples": 13199,
  "duration_s": 5655.471300601959,
  "mean_power_w": 868.5855562542616,
  "max_power_w": 1016.871,
  "min_power_w": 76.77799999999999,
  "p50_power_w": 857.2080000000001,
  "p95_power_w": 999.998,
  "mean_gpu_util_pct": 98.47283885142814,
  "max_gpu_util_pct": 100.0,
  "mean_gpu_mem_bw_util_pct": 17.467383892719145,
  "max_gpu_mem_bw_util_pct": 59.75,
  "mean_gpu_mem_used_gb": 373.09765625,
  "max_gpu_mem_used_gb": 373.09765625,
  "mean_gpu_temp_c": 86.25570118948406,
  "max_gpu_temp_c": 92.0,
  "mean_pcie_tx_mb_s": 56714.5489314857,
  "max_pcie_tx_mb_s": 132320.3232421875,
  "mean_pcie_rx_mb_s": 47126.362507635524,
  "max_pcie_rx_mb_s": 118013.107421875,
  "mean_kv_cache_pct": 26.12794883369037,
  "max_kv_cache_pct": 37.37864077669902,
  "p50_kv_cache_pct": 27.62270765911543,
  "p95_kv_cache_pct": 37.308971592952176,
  "mean_requests_running": 5.710811425107963,
  "max_requests_running": 8.0,
  "mean_requests_waiting": 1.4737480112129706,
  "max_requests_waiting": 5.0
}