{
  "num_samples": 2097,
  "duration_s": 949.8272912502289,
  "mean_power_w": 928.6397391511683,
  "max_power_w": 1062.566,
  "min_power_w": 100.916,
  "p50_power_w": 943.682,
  "p95_power_w": 1055.835,
  "mean_gpu_util_pct": 96.3494277539342,
  "max_gpu_util_pct": 100.0,
  "mean_gpu_mem_bw_util_pct": 22.120052455889365,
  "max_gpu_mem_bw_util_pct": 36.5,
  "mean_gpu_mem_used_gb": 343.90605475735424,
  "max_gpu_mem_used_gb": 343.906982421875,
  "mean_gpu_temp_c": 88.17739628040057,
  "max_gpu_temp_c": 92.0,
  "mean_pcie_tx_mb_s": 34617.74786804811,
  "max_pcie_tx_mb_s": 107515.0693359375,
  "mean_pcie_rx_mb_s": 48781.6557144507,
  "max_pcie_rx_mb_s": 133053.5908203125,
  "mean_kv_cache_pct": 53.711750599520386,
  "max_kv_cache_pct": 99.0,
  "p50_kv_cache_pct": 49.0,
  "p95_kv_cache_pct": 99.0,
  "mean_requests_running": 42.60191846522782,
  "max_requests_running": 96.0,
  "mean_requests_waiting": 28.47482014388489,
  "max_requests_waiting": 93.0
}