{
  "num_samples": 4297,
  "duration_s": 1848.2357757091522,
  "mean_power_w": 934.2585161740749,
  "max_power_w": 1032.562,
  "min_power_w": 77.464,
  "p50_power_w": 978.544,
  "p95_power_w": 1000.061,
  "mean_gpu_util_pct": 94.3122527344659,
  "max_gpu_util_pct": 100.0,
  "mean_gpu_mem_bw_util_pct": 23.946532464510124,
  "max_gpu_mem_bw_util_pct": 69.5,
  "mean_gpu_mem_used_gb": 362.19140625,
  "max_gpu_mem_used_gb": 362.19140625,
  "mean_gpu_temp_c": 86.33535024435653,
  "max_gpu_temp_c": 91.0,
  "mean_pcie_tx_mb_s": 32246.11242354768,
  "max_pcie_tx_mb_s": 97327.6533203125,
  "mean_pcie_rx_mb_s": 27700.658411755296,
  "max_pcie_rx_mb_s": 77498.482421875,
  "mean_kv_cache_pct": 75.8035094155267,
  "max_kv_cache_pct": 99.99893925089899,
  "p50_kv_cache_pct": 94.68140400751011,
  "p95_kv_cache_pct": 98.66451688182194,
  "mean_requests_running": 25.74219841639497,
  "max_requests_running": 112.0,
  "mean_requests_waiting": 46.07172799254774,
  "max_requests_waiting": 105.0
}