{
  "num_samples": 4141,
  "duration_s": 1777.743708372116,
  "mean_power_w": 935.7287548901231,
  "max_power_w": 1033.415,
  "min_power_w": 79.95700000000001,
  "p50_power_w": 981.96,
  "p95_power_w": 1000.031,
  "mean_gpu_util_pct": 94.15914030427433,
  "max_gpu_util_pct": 100.0,
  "mean_gpu_mem_bw_util_pct": 24.652378652499397,
  "max_gpu_mem_bw_util_pct": 69.5,
  "mean_gpu_mem_used_gb": 362.19140625,
  "max_gpu_mem_used_gb": 362.19140625,
  "mean_gpu_temp_c": 87.28278193673026,
  "max_gpu_temp_c": 92.0,
  "mean_pcie_tx_mb_s": 33296.06756817307,
  "max_pcie_tx_mb_s": 103336.8193359375,
  "mean_pcie_rx_mb_s": 28826.51386265961,
  "max_pcie_rx_mb_s": 84835.05078125,
  "mean_kv_cache_pct": 79.16285680947885,
  "max_kv_cache_pct": 99.99893925089899,
  "p50_kv_cache_pct": 94.57002535190352,
  "p95_kv_cache_pct": 98.57859620463971,
  "mean_requests_running": 20.140579710144927,
  "max_requests_running": 48.0,
  "mean_requests_waiting": 19.868115942028986,
  "max_requests_waiting": 44.0
}