{
  "num_samples": 971,
  "duration_s": 417.50066685676575,
  "mean_power_w": 868.9153285272914,
  "max_power_w": 1020.168,
  "min_power_w": 94.99000000000001,
  "p50_power_w": 859.352,
  "p95_power_w": 1000.091,
  "mean_gpu_util_pct": 91.81616889804326,
  "max_gpu_util_pct": 100.0,
  "mean_gpu_mem_bw_util_pct": 32.93717816683831,
  "max_gpu_mem_bw_util_pct": 62.25,
  "mean_gpu_mem_used_gb": 362.19140625,
  "max_gpu_mem_used_gb": 362.19140625,
  "mean_gpu_temp_c": 85.88774459320288,
  "max_gpu_temp_c": 91.0,
  "mean_pcie_tx_mb_s": 40924.3175618322,
  "max_pcie_tx_mb_s": 128625.4111328125,
  "mean_pcie_rx_mb_s": 35204.577203752575,
  "max_pcie_rx_mb_s": 112072.0849609375,
  "mean_kv_cache_pct": 50.61306218241229,
  "max_kv_cache_pct": 92.28305029011487,
  "p50_kv_cache_pct": 54.87467249371506,
  "p95_kv_cache_pct": 90.92953443721956,
  "mean_requests_running": 54.86508753861998,
  "max_requests_running": 80.0,
  "mean_requests_waiting": 9.654994850669413,
  "max_requests_waiting": 65.0
}