{
  "num_samples": 1532,
  "duration_s": 527.7476463317871,
  "mean_power_w": 587.1474647519582,
  "max_power_w": 607.517,
  "min_power_w": 190.59199999999998,
  "p50_power_w": 599.599,
  "p95_power_w": 600.793,
  "mean_gpu_util_pct": 96.22127937336815,
  "max_gpu_util_pct": 100.0,
  "mean_gpu_mem_bw_util_pct": 55.89817232375979,
  "max_gpu_mem_bw_util_pct": 59.0,
  "mean_gpu_mem_used_gb": 160.57593347136097,
  "max_gpu_mem_used_gb": 160.62548828125,
  "mean_gpu_temp_c": 85.7630548302872,
  "max_gpu_temp_c": 89.0,
  "mean_pcie_tx_mb_s": 2270.3571363005876,
  "max_pcie_tx_mb_s": 37225.814453125,
  "mean_pcie_rx_mb_s": 2330.2089040571964,
  "max_pcie_rx_mb_s": 38631.1884765625,
  "mean_kv_cache_pct": 4.600719435210485,
  "max_kv_cache_pct": 5.8603586417397935,
  "p50_kv_cache_pct": 4.792064097672643,
  "p95_kv_cache_pct": 5.768790537962609,
  "mean_requests_running": 3.843342036553525,
  "max_requests_running": 4.0,
  "mean_requests_waiting": 0.0,
  "max_requests_waiting": 0.0
}