{
  "num_samples": 580,
  "duration_s": 200.24646306037903,
  "mean_power_w": 569.0336551724138,
  "max_power_w": 610.5450000000001,
  "min_power_w": 191.214,
  "p50_power_w": 599.9780000000001,
  "p95_power_w": 600.054,
  "mean_gpu_util_pct": 92.60086206896551,
  "max_gpu_util_pct": 100.0,
  "mean_gpu_mem_bw_util_pct": 62.773275862068964,
  "max_gpu_mem_bw_util_pct": 74.0,
  "mean_gpu_mem_used_gb": 176.45361328125,
  "max_gpu_mem_used_gb": 176.45361328125,
  "mean_gpu_temp_c": 85.50689655172414,
  "max_gpu_temp_c": 89.0,
  "mean_pcie_tx_mb_s": 7329.767254849138,
  "max_pcie_tx_mb_s": 51635.6171875,
  "mean_pcie_rx_mb_s": 7377.1342335668105,
  "max_pcie_rx_mb_s": 49080.2744140625,
  "mean_kv_cache_pct": 43.92745595916273,
  "max_kv_cache_pct": 81.73979397176649,
  "p50_kv_cache_pct": 55.99389545974819,
  "p95_kv_cache_pct": 79.85501716901946,
  "mean_requests_running": 44.641379310344824,
  "max_requests_running": 56.0,
  "mean_requests_waiting": 0.0,
  "max_requests_waiting": 0.0
}