{
  "num_samples": 438,
  "duration_s": 187.5989465713501,
  "mean_power_w": 1062.1409703196348,
  "max_power_w": 1206.8200000000002,
  "min_power_w": 388.5,
  "p50_power_w": 1183.441,
  "p95_power_w": 1201.215,
  "mean_gpu_util_pct": 92.2579908675799,
  "max_gpu_util_pct": 100.0,
  "mean_gpu_mem_bw_util_pct": 47.57420091324201,
  "max_gpu_mem_bw_util_pct": 61.5,
  "mean_gpu_mem_used_gb": 367.400634765625,
  "max_gpu_mem_used_gb": 367.400634765625,
  "mean_gpu_temp_c": 89.64611872146119,
  "max_gpu_temp_c": 92.0,
  "mean_pcie_tx_mb_s": 39459.69319215539,
  "max_pcie_tx_mb_s": 135575.81640625,
  "mean_pcie_rx_mb_s": 38245.101769852314,
  "max_pcie_rx_mb_s": 109162.19921875,
  "mean_kv_cache_pct": 39.910751349107514,
  "max_kv_cache_pct": 48.484848484848484,
  "p50_kv_cache_pct": 48.484848484848484,
  "p95_kv_cache_pct": 48.484848484848484,
  "mean_requests_running": 54.9041095890411,
  "max_requests_running": 64.0,
  "mean_requests_waiting": 0.8561643835616438,
  "max_requests_waiting": 21.0
}