timestamp,elapsed_s,gpu0_power_w,gpu0_mem_used_gb,gpu0_util_pct,gpu0_mem_bw_util_pct,gpu0_temp_c,gpu0_pcie_tx_mb_s,gpu0_pcie_rx_mb_s,gpu1_power_w,gpu1_mem_used_gb,gpu1_util_pct,gpu1_mem_bw_util_pct,gpu1_temp_c,gpu1_pcie_tx_mb_s,gpu1_pcie_rx_mb_s,gpu2_power_w,gpu2_mem_used_gb,gpu2_util_pct,gpu2_mem_bw_util_pct,gpu2_temp_c,gpu2_pcie_tx_mb_s,gpu2_pcie_rx_mb_s,gpu3_power_w,gpu3_mem_used_gb,gpu3_util_pct,gpu3_mem_bw_util_pct,gpu3_temp_c,gpu3_pcie_tx_mb_s,gpu3_pcie_rx_mb_s,kv_cache_pct,requests_running,requests_waiting
1782939754.937,0.000,141.8,79.14,0,0,87,3.3,0.7,190.5,79.15,0,0,83,4.4,0.5,130.3,79.15,0,0,86,2.3,0.5,157.3,79.14,0,0,83,0.6,0.5,26.0,16,0
1782939755.377,0.440,141.8,79.14,0,0,87,2.2,0.4,132.5,79.15,0,0,82,0.6,0.4,130.3,79.15,0,0,86,0.6,0.5,118.8,79.14,0,0,82,0.6,0.4,26.0,16,0
1782939755.821,0.883,123.1,79.14,0,0,87,0.6,0.5,132.5,79.15,0,0,82,0.6,0.5,130.3,79.15,0,0,86,7.2,0.5,118.8,79.14,0,0,82,6.6,2.1,26.0,16,0
1782939756.268,1.331,123.1,79.14,0,0,87,2.3,0.5,110.6,79.15,0,0,81,0.6,0.4,104.6,79.15,0,0,85,0.6,0.4,99.4,79.14,0,0,82,0.6,0.5,26.0,16,0
1782939756.710,1.773,123.1,79.14,0,0,87,2.7,3.0,110.6,79.15,0,0,81,3.9,2.2,104.6,79.15,0,0,85,3.8,0.5,99.4,79.14,0,0,82,0.6,0.5,26.0,16,0
1782939757.164,2.227,121.4,79.14,0,0,87,2.3,0.5,106.9,79.15,0,0,81,0.6,0.5,101.5,79.15,0,0,84,0.7,0.5,96.7,79.14,0,0,81,0.6,0.5,26.0,16,0
1782939757.606,2.669,121.4,79.14,0,0,86,0.6,0.4,106.9,79.15,0,0,81,0.6,0.4,101.5,79.15,0,0,84,0.6,0.7,96.7,79.14,0,0,81,4.4,3.8,26.0,16,0
1782939758.054,3.117,118.5,79.14,0,0,86,2.6,2.1,102.7,79.15,0,0,80,2.7,3.6,96.4,79.15,0,0,83,4.8,0.5,96.0,79.14,0,0,80,0.6,0.5,26.0,16,0
1782939758.494,3.557,118.5,79.14,0,0,85,0.6,0.5,102.7,79.15,0,0,80,0.6,0.4,96.4,79.15,0,0,83,0.6,0.5,96.0,79.14,0,0,80,0.6,0.5,26.0,16,0
1782939758.934,3.997,118.1,79.14,0,0,85,0.6,2.3,102.7,79.15,0,0,80,5.1,0.5,95.8,79.15,0,0,83,2.3,0.5,96.0,79.14,0,0,80,0.6,0.5,26.0,16,0
1782939759.375,4.438,118.1,79.14,0,0,85,2.3,0.5,101.1,79.15,0,0,80,0.6,0.4,95.8,79.15,0,0,83,0.6,0.4,94.4,79.14,0,0,80,0.6,0.5,26.0,16,0
1782939759.815,4.878,116.3,79.14,0,0,85,0.6,0.4,101.1,79.15,0,0,80,0.6,0.5,95.8,79.15,0,0,83,0.7,0.5,94.4,79.14,0,0,80,2.3,0.8,26.0,16,0
1782939760.263,5.326,116.3,79.14,0,0,85,2.2,0.5,100.6,79.15,0,0,79,0.6,0.4,94.1,79.15,0,0,82,0.6,0.5,93.8,79.14,0,0,79,0.6,0.5,26.0,16,0
1782939760.705,5.768,116.3,79.14,0,0,84,2.6,2.5,100.6,79.15,0,0,79,2.7,3.7,94.1,79.15,0,0,82,2.8,0.5,93.8,79.14,0,0,79,2.3,0.4,26.0,16,0
1782939761.150,6.213,115.9,79.14,0,0,84,0.6,0.5,99.8,79.15,0,0,79,2.2,0.5,93.8,79.15,0,0,82,0.6,0.4,92.1,79.14,0,0,79,0.6,0.5,26.0,16,0
1782939761.595,6.658,115.9,79.14,0,0,84,1.2,0.4,99.8,79.15,0,0,79,0.6,0.4,93.8,79.15,0,0,82,0.7,0.5,92.1,79.14,0,0,79,0.6,2.4,26.0,16,0
1782939762.037,7.100,115.0,79.14,0,0,84,0.6,0.5,98.5,79.15,0,0,78,2.3,0.4,93.0,79.15,0,0,81,2.3,0.4,91.4,79.14,0,0,78,0.6,0.5,26.0,16,0
1782939762.476,7.539,115.0,79.14,0,0,83,2.3,0.5,98.5,79.15,0,0,78,0.6,0.4,93.0,79.15,0,0,81,0.7,0.4,91.4,79.14,0,0,78,0.6,0.4,26.0,16,0
1782939762.917,7.980,113.6,79.14,0,0,83,0.7,2.1,98.5,79.15,0,0,78,2.7,2.2,93.0,79.15,0,0,81,2.6,0.5,91.4,79.14,0,0,78,2.3,0.5,26.0,16,0
1782939763.357,8.420,113.6,79.14,0,0,83,0.6,0.5,97.7,79.15,0,0,78,0.6,0.5,92.3,79.15,0,0,81,0.7,0.5,90.0,79.14,0,0,78,0.6,0.5,26.0,16,0
1782939763.794,8.857,113.6,79.14,0,0,83,3.4,0.5,97.7,79.15,0,0,78,0.6,0.4,92.3,79.15,0,0,81,0.6,0.5,90.0,79.14,0,0,78,0.6,0.6,26.0,16,0
1782939764.231,9.294,113.2,79.14,0,0,83,0.6,0.5,97.4,79.15,0,0,77,0.6,0.5,92.0,79.15,0,0,80,2.3,0.5,89.5,79.14,0,0,77,0.6,0.5,26.0,16,0
1782939764.674,9.737,113.2,79.14,0,0,83,2.3,0.5,97.4,79.15,0,0,77,2.7,2.2,92.0,79.15,0,0,80,4.7,3.6,89.5,79.14,0,0,77,2.7,0.4,26.0,16,0
1782939765.118,10.181,112.2,79.14,0,0,83,0.6,0.5,96.1,79.15,0,0,77,0.6,0.5,91.7,79.15,0,0,80,0.6,0.5,88.1,79.14,0,0,77,2.2,0.4,26.0,16,0
1782939765.559,10.622,112.2,79.14,0,0,82,0.6,0.5,96.1,79.15,0,0,77,1.2,0.5,91.7,79.15,0,0,80,0.6,0.5,88.1,79.14,0,0,77,0.6,0.6,26.0,16,0
1782939766.001,11.064,111.2,79.14,0,0,82,2.5,2.9,95.8,79.15,0,0,76,0.6,5.0,91.3,79.15,0,0,79,0.8,0.5,87.2,79.14,0,0,76,2.3,0.5,26.0,16,0
1782939766.444,11.507,111.2,79.14,0,0,82,0.6,0.5,95.8,79.15,0,0,76,2.3,0.5,91.3,79.15,0,0,79,2.3,0.5,87.2,79.14,0,0,76,0.6,0.5,26.0,16,0
1782939766.886,11.949,110.2,79.14,0,0,82,0.6,0.4,95.8,79.15,0,0,76,0.6,1.5,91.3,79.15,0,0,79,2.8,2.0,87.2,79.14,0,0,76,0.9,1.0,26.0,16,0
1782939767.328,12.391,110.2,79.14,0,0,81,0.6,0.4,95.4,79.15,0,0,76,0.6,0.5,91.3,79.15,0,0,79,2.3,0.5,86.8,79.14,0,0,76,0.6,0.4,26.0,16,0
1782939767.768,12.831,110.2,79.14,0,0,81,4.3,2.1,95.4,79.15,0,0,76,1.3,0.4,91.3,79.15,0,0,79,0.6,0.5,86.8,79.14,0,0,76,0.6,0.4,26.0,16,0
1782939768.210,13.273,109.9,79.14,0,0,81,0.6,0.5,94.4,79.15,0,0,75,0.6,0.4,91.1,79.15,0,0,79,0.6,0.5,86.0,79.14,0,0,76,2.3,0.4,26.0,16,0
1782939768.650,13.713,109.9,79.14,0,0,81,0.6,0.5,94.4,79.15,0,0,75,2.3,1.6,91.1,79.15,0,0,79,2.8,4.0,86.0,79.14,0,0,76,4.0,2.0,26.0,16,0
1782939769.095,14.158,109.5,79.14,0,0,81,0.6,0.5,93.9,79.15,0,0,75,0.6,0.4,91.0,79.15,0,0,78,0.6,0.5,85.7,79.14,0,0,75,0.6,0.5,26.0,16,0
1782939769.535,14.598,109.5,79.14,0,0,81,0.6,0.5,93.9,79.15,0,0,75,0.6,0.5,91.0,79.15,0,0,78,2.3,0.5,85.7,79.14,0,0,75,0.6,0.5,26.0,16,0
1782939769.977,15.039,108.7,79.14,0,0,81,4.3,0.5,93.7,79.15,0,0,75,0.6,0.9,90.9,79.15,0,0,78,0.6,0.5,84.4,79.14,0,0,75,0.6,4.8,26.0,16,0
1782939770.419,15.482,108.7,79.14,0,0,80,0.6,0.4,93.7,79.15,0,0,75,0.6,0.5,90.9,79.15,0,0,78,1.9,0.6,84.4,79.14,0,0,75,2.4,0.5,26.0,16,0
1782939770.863,15.925,108.0,79.14,0,0,80,3.0,0.5,93.7,79.15,0,0,75,0.6,0.5,90.9,79.15,0,0,78,0.8,2.9,84.4,79.14,0,0,75,3.5,0.6,26.0,16,0
1782939771.317,16.380,108.0,79.14,0,0,80,0.9,0.7,93.1,79.15,0,0,74,0.8,0.7,55.9,79.15,0,0,76,1.3,0.6,49.6,79.14,0,0,73,2.6,0.7,26.0,16,0
1782939771.764,16.827,108.0,79.14,0,0,80,6.8,3.0,93.1,79.15,0,0,74,3.1,0.7,55.9,79.15,0,0,76,0.9,0.7,49.6,79.14,0,0,73,0.7,0.6,26.0,16,0
1782939772.215,17.278,55.6,79.14,0,0,80,1.6,0.7,71.0,79.15,0,0,73,0.7,0.7,45.6,79.15,0,0,75,0.6,0.6,37.9,79.14,0,0,73,2.4,0.5,26.0,16,0
1782939772.668,17.730,55.6,79.14,0,0,78,2.4,0.5,71.0,79.15,0,0,73,1.1,4.0,45.6,79.15,0,0,75,4.9,0.9,37.9,79.14,0,0,73,5.3,2.2,26.0,16,0
1782939773.127,18.190,48.1,79.14,0,0,78,0.7,0.6,38.5,79.15,0,0,72,0.7,0.5,27.4,79.15,0,0,75,1.8,0.6,22.2,79.14,0,0,72,0.7,0.5,26.0,16,0
1782939773.574,18.637,48.1,79.14,0,0,77,2.4,0.5,38.5,79.15,0,0,72,0.7,0.5,27.4,79.15,0,0,75,0.7,0.6,22.2,79.14,0,0,72,0.8,0.9,26.0,16,0
1782939774.027,19.090,36.0,79.14,0,0,77,0.7,0.9,35.2,79.15,0,0,72,1.3,0.6,26.6,79.15,0,0,74,0.7,0.6,17.9,79.14,0,0,72,1.0,5.1,26.0,16,0
1782939774.480,19.543,36.0,79.14,0,0,77,2.4,0.5,35.2,79.15,0,0,72,0.8,0.5,26.6,79.15,0,0,74,0.8,0.5,17.9,79.14,0,0,72,0.7,0.5,26.0,16,0
1782939774.928,19.991,35.7,79.14,0,0,77,0.8,2.4,35.2,79.15,0,0,72,0.9,2.3,26.4,79.15,0,0,74,2.3,0.5,17.9,79.14,0,0,72,1.5,0.6,26.0,16,0
1782939775.382,20.445,35.7,79.14,0,0,76,2.4,0.6,30.9,79.15,0,0,71,0.7,0.6,26.4,79.15,0,0,74,0.8,0.7,16.9,79.14,0,0,71,0.8,0.5,26.0,16,0
1782939775.832,20.895,34.3,79.14,0,0,76,0.7,0.6,30.9,79.15,0,0,71,0.7,0.6,26.4,79.15,0,0,74,0.8,0.7,16.9,79.14,0,0,71,0.7,3.8,26.0,16,0
1782939776.280,21.343,34.3,79.14,0,0,76,3.3,0.5,29.4,79.15,0,0,71,0.8,0.5,25.8,79.15,0,0,74,0.7,0.5,17.2,79.14,0,0,71,0.6,0.5,26.0,16,0
1782939776.729,21.792,34.3,79.14,0,0,76,2.9,4.2,29.4,79.15,0,0,71,5.2,0.8,25.8,79.15,0,0,74,4.2,0.6,17.2,79.14,0,0,71,0.8,0.5,26.0,16,0
1782939777.189,22.251,34.2,79.14,0,0,76,2.4,0.5,29.3,79.15,0,0,70,0.7,0.5,25.3,79.15,0,0,73,0.8,0.5,17.2,79.14,0,0,71,0.7,0.4,26.0,16,0
1782939777.635,22.697,34.2,79.14,0,0,75,19238.3,1180.6,29.3,79.15,0,0,70,4424.4,13436.3,25.3,79.15,0,0,73,2.3,8601.1,17.1,79.14,0,0,71,9801.7,9.2,26.0,16,0
1782939778.868,23.931,289.1,79.14,99,44,81,2.8,8814.0,167.1,79.15,99,46,75,9017.0,4101.2,157.1,79.15,99,46,80,14209.3,8.7,152.8,79.14,99,46,75,16922.8,3126.3,26.0,16,0
1782939779.314,24.376,287.5,79.14,99,52,81,10354.3,8559.3,277.6,79.15,99,45,76,2.8,13582.2,268.4,79.15,99,47,79,2834.9,1923.8,262.6,79.14,99,50,77,17255.4,4.6,26.0,16,0
1782939779.755,24.818,287.5,79.14,99,52,81,10360.9,7658.6,275.8,79.15,99,48,76,6.0,17120.3,269.5,79.15,100,57,80,4.2,8608.8,261.1,79.14,99,49,77,10375.2,4.8,26.0,16,0
1782939780.202,25.265,291.3,79.14,99,52,82,19486.1,1043.8,283.5,79.15,99,49,76,9745.2,9096.1,276.8,79.15,100,58,81,7.8,17198.8,268.1,79.14,99,49,78,2.1,13136.0,26.0,16,0
1782939780.648,25.711,294.2,79.14,99,47,82,27666.8,17151.1,283.4,79.15,99,43,77,20703.4,17102.3,274.5,79.15,99,46,81,20749.1,18525.0,267.4,79.14,99,42,78,18808.4,12431.5,26.0,16,0
1782939781.098,26.160,286.7,79.14,98,20,82,5.0,17115.8,272.5,79.15,100,57,77,20706.7,4.1,266.9,79.15,100,59,82,1.9,4.5,258.0,79.14,100,59,78,4125.0,15269.3,26.0,16,0
1782939781.541,26.604,285.5,79.14,100,58,83,2.1,4.6,278.2,79.15,100,50,76,20717.0,17108.6,272.1,79.15,100,61,82,2.0,4.6,262.5,79.14,100,50,79,1.9,7563.8,26.0,16,0
1782939781.984,27.047,295.1,79.14,100,61,83,6.7,4.7,293.7,79.15,100,53,77,14028.4,15693.5,284.8,79.15,100,51,82,6960.6,4.8,277.9,79.14,100,48,78,2.0,9232.7,26.0,16,0
1782939782.427,27.490,296.8,79.14,100,48,83,8917.5,15442.2,293.7,79.15,100,53,77,12737.4,5.5,278.9,79.15,100,48,82,2.5,16505.1,277.9,79.14,100,48,78,20157.2,554.1,26.0,16,0
1782939782.868,27.931,292.6,79.14,100,41,83,2.1,2178.7,287.4,79.15,100,46,77,19640.8,15128.5,278.9,79.15,100,48,82,2.2,11.2,272.1,79.14,100,47,78,20761.3,17191.9,26.0,16,0
1782939783.310,28.373,286.0,79.14,100,46,84,20143.6,444.8,275.3,79.15,100,40,78,2.1,4.7,270.6,79.15,100,44,83,20755.2,17186.5,260.6,79.14,100,39,79,2.6,4.8,26.0,16,0
1782939783.752,28.815,286.0,79.14,100,46,84,2248.1,7.8,276.3,79.15,100,45,78,7.0,15642.9,270.8,79.15,100,51,83,19076.9,1560.0,261.8,79.14,100,54,79,2.8,4.6,26.0,16,0
1782939784.195,29.258,289.4,79.14,100,50,84,4.2,4.6,281.7,79.15,100,50,78,1.8,17130.8,272.9,79.15,100,50,82,20744.1,4.6,265.4,79.14,100,47,79,2.0,10.0,26.0,16,0
1782939784.642,29.704,294.6,79.14,100,50,83,2.0,4.6,284.3,79.15,100,50,77,1217.0,16121.6,279.6,79.15,100,57,84,19685.8,10.1,269.0,79.14,100,53,80,5.1,2175.9,26.0,16,0
1782939785.090,30.153,296.7,79.14,100,56,85,3.6,4.5,290.2,79.15,100,57,78,14693.8,15593.2,283.2,79.15,100,51,84,6412.3,4.7,274.1,79.14,100,50,79,1.9,5764.1,26.0,16,0
1782939785.533,30.596,299.9,79.14,100,49,84,1.9,4.8,289.9,79.15,100,50,79,20716.8,17104.5,283.6,79.15,100,60,85,2.4,4.7,272.8,79.14,100,51,79,4.0,16409.6,26.0,16,0
1782939785.976,31.038,299.2,79.14,100,50,85,5.4,9026.3,287.7,79.15,100,51,79,19052.6,8554.5,282.3,79.15,100,48,84,1.9,5.0,273.0,79.14,100,49,80,11623.0,15873.5,26.0,16,0
1782939786.419,31.481,297.4,79.14,99,43,85,20705.2,5.7,287.7,79.15,100,51,79,3.2,12422.0,282.3,79.15,100,48,84,18792.9,4878.2,273.0,79.14,100,49,80,2.1,5.1,26.0,16,0
1782939786.861,31.924,294.1,79.14,100,48,84,703.5,609.6,284.2,79.15,99,45,79,1637.5,3283.0,278.1,79.15,100,44,85,6115.3,29755.8,268.6,79.14,99,41,80,6485.0,6241.5,1.0,3,0
1782939787.306,32.368,251.4,79.14,100,40,84,5649.6,4741.5,244.7,79.15,34,3,76,5681.8,4939.0,245.3,79.15,67,6,82,5360.2,5742.7,233.4,79.14,84,10,78,5875.7,5570.4,1.0,3,0
1782939787.748,32.811,251.4,79.14,100,40,84,4873.5,4577.4,235.2,79.15,100,47,78,5568.0,4340.2,233.2,79.15,100,51,84,5781.7,5352.9,220.0,79.14,100,51,79,5075.3,5244.2,2.0,24,0
1782939788.192,33.254,251.2,79.14,100,53,85,5429.5,4038.2,270.8,79.15,100,55,78,5466.4,4811.0,263.9,79.15,100,56,84,5564.6,5114.2,253.3,79.14,100,56,80,5569.0,5271.9,2.0,24,0
1782939788.635,33.698,292.3,79.14,100,55,85,5303.9,4541.7,286.5,79.15,100,56,79,4850.6,4989.8,282.4,79.15,100,57,85,5516.1,5211.1,269.6,79.14,100,56,80,5081.1,5567.3,2.0,24,0
1782939789.080,34.142,302.2,79.14,100,57,85,4811.2,4485.4,291.7,79.15,100,56,79,5466.8,4603.7,286.3,79.15,100,57,85,5607.1,5749.9,274.5,79.14,100,56,80,4934.1,5552.1,2.0,24,0
1782939789.522,34.584,301.5,79.14,100,56,86,5375.5,4079.8,292.0,79.15,100,56,79,5510.7,5074.6,287.0,79.15,100,57,85,5080.4,5652.8,275.1,79.14,100,56,80,5487.4,5087.7,2.0,24,0
1782939789.964,35.026,300.1,79.14,100,56,86,5354.6,4345.0,292.0,79.15,100,56,79,4926.0,4962.5,285.9,79.15,100,57,86,5448.9,5268.1,275.1,79.14,100,56,80,5553.6,5531.2,2.0,24,0
1782939790.411,35.474,300.1,79.14,100,56,86,5499.1,4378.6,291.0,79.15,100,55,79,4849.4,5127.2,285.9,79.15,100,57,86,5524.7,5285.2,273.9,79.14,100,56,80,5658.5,5811.9,2.0,24,0
1782939790.854,35.917,300.5,79.14,100,56,86,4737.0,4418.3,291.3,79.15,100,56,79,5311.7,4628.6,286.5,79.15,100,57,86,5511.4,5695.0,274.0,79.14,100,56,80,4951.1,5827.0,2.0,24,0
1782939791.296,36.359,300.5,79.14,100,56,86,4805.1,4533.3,292.0,79.15,100,56,79,5378.7,4597.3,287.5,79.15,100,57,86,5604.8,5742.3,275.0,79.14,100,56,81,4993.5,5814.1,2.0,24,0
1782939791.738,36.801,300.3,79.14,100,57,86,4789.2,4536.2,292.2,79.15,100,55,79,5443.6,4683.8,288.1,79.15,100,57,86,5547.3,5893.7,275.4,79.14,100,56,81,4901.9,5742.5,2.0,24,0
1782939792.181,37.244,300.3,79.14,100,57,87,4617.4,4384.4,292.4,79.15,100,56,80,5436.4,4782.7,288.4,79.15,100,57,86,5232.2,5869.8,275.0,79.14,100,56,81,5251.5,5708.9,2.0,24,0
1782939792.624,37.687,300.3,79.14,100,57,87,5241.9,3918.1,292.6,79.15,100,56,80,5438.4,5129.4,289.0,79.15,100,57,87,5862.6,6046.1,275.1,79.14,100,56,81,6298.3,5043.3,2.0,24,0
1782939793.075,38.137,300.1,79.14,100,56,87,5314.2,4381.9,292.4,79.15,100,56,80,4912.3,5150.6,289.2,79.15,100,57,87,5512.3,5313.7,275.2,79.14,100,56,81,5554.9,5763.5,2.0,24,0
1782939793.517,38.580,300.0,79.14,100,56,87,5385.9,4411.8,291.5,79.15,100,55,80,4939.6,5311.8,288.8,79.15,100,57,87,5614.7,5394.0,274.7,79.14,100,56,81,5595.5,5574.4,2.0,24,0
1782939793.957,39.020,299.9,79.14,100,56,88,5314.4,4398.7,291.5,79.15,100,55,80,4889.9,5199.7,289.1,79.15,100,57,87,5580.6,5213.5,274.7,79.14,100,56,81,5674.9,5845.0,2.0,24,0
1782939794.398,39.461,300.0,79.14,100,56,88,5367.3,4460.7,291.8,79.15,100,56,80,4872.1,5361.2,289.1,79.15,100,57,87,5673.4,6048.8,274.7,79.14,100,56,81,4937.1,5919.4,2.0,24,0
1782939794.841,39.904,300.3,79.14,100,57,88,4840.3,4457.3,292.6,79.15,100,56,80,5271.8,4961.0,290.0,79.15,100,57,88,5575.3,6013.3,275.6,79.14,100,56,82,5606.5,5886.5,2.0,24,0
1782939795.290,40.353,300.3,79.14,100,57,88,4676.5,4391.0,292.8,79.15,100,55,80,5413.4,4700.8,290.8,79.15,100,57,88,5662.8,5931.5,276.1,79.14,100,57,82,4847.7,6098.1,3.0,24,0
1782939796.202,41.265,300.3,79.14,100,56,88,4740.7,4426.3,293.0,79.15,100,55,81,5427.0,4911.2,291.6,79.15,100,56,88,5683.0,5917.6,276.2,79.14,100,55,82,4995.9,6058.4,3.0,24,0
1782939796.644,41.707,299.9,79.14,100,56,88,4861.7,4464.8,292.2,79.15,100,55,81,5402.8,6028.5,290.6,79.15,100,56,88,5270.4,7002.7,275.2,79.14,100,55,82,5631.7,5227.6,3.0,24,0
1782939797.099,42.162,299.8,79.14,100,56,89,5249.8,3760.7,292.4,79.15,100,55,81,5545.6,5452.4,290.6,79.15,100,57,89,5009.4,6124.8,274.9,79.14,100,56,82,5561.7,5378.7,3.0,24,0
1782939797.542,42.605,300.4,79.14,100,57,89,5292.4,3860.9,292.8,79.15,100,56,81,5538.4,5389.0,291.9,79.15,100,56,89,5017.5,6023.5,275.6,79.14,100,56,82,5514.3,5192.3,3.0,24,0
1782939797.984,43.047,300.2,79.14,100,57,89,5231.4,3913.9,293.1,79.15,100,56,81,5498.4,5464.5,292.6,79.15,100,57,89,4966.6,5910.4,276.2,79.14,100,56,82,5606.5,5353.6,3.0,24,0
1782939798.426,43.489,300.0,79.14,100,56,89,5374.6,3909.4,293.1,79.15,100,56,81,5543.9,5402.3,292.1,79.15,100,57,89,5049.9,6315.6,276.2,79.14,100,56,82,5599.6,5357.1,3.0,24,0
1782939798.872,43.934,300.3,79.14,100,56,89,5231.6,3810.8,292.4,79.15,100,56,81,5470.9,5626.8,292.1,79.15,100,57,89,5101.9,5934.0,275.5,79.14,100,56,83,5620.8,5188.3,3.0,24,0
1782939799.316,44.379,300.2,79.14,100,56,90,5303.0,4374.7,292.7,79.15,100,56,81,4994.2,5578.4,292.8,79.15,100,57,89,5566.4,5627.3,275.9,79.14,100,55,83,5607.2,6050.4,3.0,24,0
1782939799.759,44.822,300.2,79.14,100,56,90,5555.7,4424.0,292.2,79.15,100,55,81,4984.2,5531.2,292.4,79.15,100,56,89,5620.2,5361.5,275.3,79.14,100,55,83,5735.5,5941.5,3.0,24,0
1782939800.203,45.266,299.8,79.14,100,56,90,5294.1,4350.8,291.8,79.15,100,56,81,4870.8,5464.0,292.1,79.15,100,56,90,5643.5,5356.3,274.8,79.14,100,56,83,5709.0,6181.3,3.0,24,0
1782939800.644,45.707,299.8,79.14,100,56,90,5353.0,4376.0,292.3,79.15,100,55,82,4962.9,6666.5,292.5,79.15,100,57,90,6074.6,6558.2,275.2,79.14,100,56,83,5158.0,6153.3,3.0,24,0
1782939801.098,46.161,300.4,79.14,100,56,90,4633.5,4471.5,293.0,79.15,100,56,82,5423.1,5167.9,293.2,79.15,100,57,90,5698.6,6061.4,276.0,79.14,100,56,83,5051.1,6220.6,3.0,24,0
1782939801.538,46.601,300.5,79.14,100,56,90,4744.0,4376.2,293.6,79.15,100,56,82,5457.0,5120.1,293.5,79.15,100,57,90,5645.7,6198.5,276.4,79.14,100,56,83,5028.8,6098.3,3.0,24,0
1782939801.980,47.042,300.1,79.14,100,56,90,5132.6,4363.4,293.7,79.15,100,55,82,4899.7,5511.2,293.7,79.15,100,57,90,5556.7,5716.0,276.5,79.14,100,56,83,5615.5,6157.3,3.0,24,0
1782939802.423,47.486,300.0,79.14,100,56,90,5180.5,4382.1,293.7,79.15,100,55,82,4882.4,5616.2,293.7,79.15,100,57,90,5540.5,5654.2,276.5,79.14,100,56,83,5658.8,6298.7,3.0,24,0
1782939802.867,47.929,300.2,79.14,100,56,90,5292.7,4394.3,293.8,79.15,100,55,82,4986.0,5461.9,293.8,79.15,100,57,90,5668.7,5986.1,276.3,79.14,100,56,84,5748.8,6173.9,4.0,24,0
1782939803.312,48.375,300.0,79.14,100,56,91,4741.2,4376.0,293.0,79.15,100,55,82,5213.5,5275.9,293.6,79.15,100,55,90,5616.5,5861.6,276.0,79.14,100,55,84,5222.2,6363.0,4.0,24,0
1782939803.754,48.817,300.0,79.14,100,56,91,5608.2,4399.8,292.8,79.15,100,56,82,5470.5,5274.2,293.3,79.15,100,57,91,5711.8,6289.2,275.7,79.14,100,56,84,5067.7,6333.3,4.0,24,0
1782939804.204,49.267,300.0,79.14,100,56,91,4683.4,4376.4,293.1,79.15,100,55,82,5527.0,5201.9,293.4,79.15,100,56,91,5708.4,6264.3,275.6,79.14,100,55,84,5003.1,6165.7,4.0,24,0
1782939804.646,49.709,300.1,79.14,100,56,91,4699.2,4336.8,293.5,79.15,100,55,82,5403.7,6157.6,293.6,79.15,100,57,91,5608.6,7110.8,276.0,79.14,100,56,84,5689.9,5894.3,4.0,24,0
1782939805.097,50.160,300.2,79.14,100,57,91,4616.6,4419.2,294.1,79.15,100,56,83,5502.8,5422.0,294.6,79.15,100,57,91,5656.7,6466.2,276.9,79.14,100,56,84,5018.1,6352.7,4.0,24,0
1782939805.537,50.600,300.2,79.14,100,56,91,4668.0,4437.3,294.5,79.15,100,55,83,5426.5,5244.0,295.2,79.15,100,57,91,5722.5,6187.3,277.2,79.14,100,55,84,4976.5,6003.7,4.0,24,0
1782939805.979,51.042,300.1,79.14,100,57,91,4872.3,4325.9,294.6,79.15,100,55,83,4925.9,5801.3,295.0,79.15,100,57,91,5593.1,5956.2,277.3,79.14,100,56,84,5707.0,6300.7,4.0,24,0
1782939806.421,51.484,299.9,79.14,100,56,91,5243.2,4275.7,294.6,79.15,100,55,83,4965.9,5820.2,295.0,79.15,100,57,91,5556.5,5803.2,277.3,79.14,100,56,84,5649.0,6234.4,4.0,24,0
1782939806.863,51.926,300.1,79.14,100,56,91,5231.8,4375.2,294.9,79.15,100,56,83,4941.0,5860.5,295.4,79.15,100,57,91,5716.3,5942.8,277.6,79.14,100,56,85,5677.8,6408.7,4.0,24,0
1782939807.309,52.372,300.2,79.14,100,56,91,5233.3,4011.4,295.0,79.15,100,56,83,5119.7,5773.3,295.6,79.15,100,57,91,5027.3,6320.0,278.0,79.14,100,56,85,5603.4,5545.7,4.0,24,0
1782939807.749,52.812,300.2,79.14,100,56,91,5174.4,3872.2,295.1,79.15,100,56,83,5662.7,5707.8,295.7,79.15,100,57,91,5010.9,6361.5,278.4,79.14,100,56,85,5527.7,5772.8,4.0,24,0
1782939808.192,53.255,299.9,79.14,100,57,91,5281.8,3870.5,295.4,79.15,100,56,83,5564.2,5689.0,295.6,79.15,100,57,91,4972.6,6135.4,278.3,79.14,100,56,85,5225.5,5817.7,4.0,24,0
1782939808.634,53.697,299.9,79.14,100,56,91,4615.0,4494.0,295.5,79.15,100,56,83,5518.4,5421.7,295.5,79.15,100,57,91,5624.3,6681.6,278.6,79.14,100,56,85,6012.2,6366.4,4.0,24,0
1782939809.110,54.173,300.0,79.14,100,56,91,4594.4,4365.9,295.6,79.15,100,56,83,5378.9,5394.8,295.3,79.15,100,57,91,5606.9,6297.2,278.7,79.14,100,56,85,5116.1,6245.9,4.0,24,0
1782939809.554,54.616,300.2,79.14,100,57,91,4797.8,4325.9,296.0,79.15,100,56,84,5183.4,5772.0,295.9,79.15,100,57,91,5604.8,6131.4,279.0,79.14,100,57,85,5005.7,6233.5,4.0,24,0
1782939809.998,55.061,300.2,79.14,100,56,91,5313.4,4312.1,296.1,79.15,100,56,84,4897.9,5784.2,295.9,79.15,100,57,91,5598.2,5846.2,279.1,79.14,100,56,85,5539.3,6262.9,4.0,24,0
1782939810.440,55.503,300.0,79.14,100,57,91,5231.5,4325.0,296.1,79.15,100,56,84,5006.0,5818.5,295.2,79.15,100,56,91,5459.2,5823.3,279.1,79.14,100,56,85,5614.0,6146.9,5.0,24,0
1782939810.887,55.950,300.0,79.14,100,57,91,5292.2,4276.5,295.5,79.15,100,55,84,4992.4,5812.5,295.2,79.15,100,56,91,5586.6,5759.8,278.9,79.14,100,55,85,5651.0,6137.4,5.0,24,0
1782939811.332,56.395,299.8,79.14,100,55,91,5283.3,4374.5,296.2,79.15,100,56,84,4954.0,5752.1,295.9,79.15,100,57,91,5457.1,5764.5,279.1,79.14,100,56,86,5592.9,5386.5,5.0,24,0
1782939811.774,56.837,299.8,79.14,100,55,91,5303.8,4367.2,295.9,79.15,100,56,84,5146.8,5753.4,295.1,79.15,100,57,91,5456.8,5690.6,278.8,79.14,100,56,86,5616.8,6419.1,5.0,24,0
1782939812.223,57.286,299.9,79.14,100,56,91,5231.6,4240.4,295.5,79.15,100,56,84,4902.1,5821.6,294.5,79.15,100,57,91,5115.5,6286.8,278.6,79.14,100,56,86,5577.4,5963.8,5.0,24,0
1782939812.667,57.729,300.0,79.14,100,57,91,5273.5,3860.9,296.4,79.15,100,55,84,5836.7,5854.1,295.6,79.15,100,57,91,6056.5,6050.7,279.5,79.14,100,57,86,5737.7,6346.5,5.0,24,0
1782939813.120,58.182,300.0,79.14,100,57,91,5185.4,4174.7,296.7,79.15,100,56,84,5024.2,5844.2,295.7,79.15,100,57,91,5621.9,5966.0,279.9,79.14,100,56,86,5570.1,6416.9,5.0,24,0
1782939813.560,58.623,300.1,79.14,100,57,91,5235.3,3861.0,297.2,79.15,100,56,84,5578.9,5748.4,295.7,79.15,100,57,91,5032.5,6611.7,280.7,79.14,100,56,86,5636.6,5322.1,5.0,24,0
1782939814.003,59.066,300.0,79.14,100,57,91,5265.7,3861.2,296.9,79.15,100,56,85,5569.2,5821.6,295.8,79.15,100,57,91,5099.2,6456.4,280.6,79.14,100,56,86,5602.1,5792.8,5.0,24,0
1782939814.443,59.506,299.9,79.14,100,56,91,4643.0,4376.3,296.9,79.15,100,56,85,5433.4,5313.9,295.5,79.15,100,57,91,5652.4,6279.8,280.6,79.14,100,56,86,4963.5,6345.6,5.0,24,0
1782939814.884,59.947,300.0,79.14,100,56,91,4886.4,4345.4,296.8,79.15,100,56,85,4914.5,6026.5,295.5,79.15,100,57,91,5703.4,6380.8,280.2,79.14,100,56,86,4996.0,6391.0,5.0,24,0
1782939815.328,60.391,300.1,79.14,100,57,91,5231.7,4274.6,297.3,79.15,100,56,85,4944.4,5920.1,295.8,79.15,100,57,91,5538.2,5907.4,280.4,79.14,100,56,86,5653.7,6408.4,5.0,24,0
1782939815.768,60.831,300.1,79.14,100,57,91,5240.8,3927.0,297.8,79.15,100,56,85,5151.7,5901.5,296.2,79.15,100,57,91,5094.1,6506.5,280.8,79.14,100,56,86,5618.2,5781.6,5.0,24,0
1782939816.211,61.274,300.2,79.14,100,57,91,5233.2,3931.9,298.4,79.15,100,56,85,5497.6,5834.6,296.5,79.15,100,57,91,5036.2,6465.3,281.9,79.14,100,57,86,5604.3,5922.2,5.0,24,0
1782939816.652,61.714,299.9,79.14,100,56,91,4675.7,4357.5,299.0,79.15,100,57,85,5462.6,5434.7,296.5,79.15,100,57,91,5882.1,6773.7,282.1,79.14,100,57,87,4958.8,6621.9,5.0,24,0
1782939817.096,62.159,299.8,79.14,100,57,91,4699.2,4393.1,298.6,79.15,100,56,85,5446.3,5512.8,296.1,79.15,100,57,91,5611.3,6311.5,281.4,79.14,100,56,87,5082.6,6318.4,5.0,24,0
1782939817.537,62.600,300.0,79.14,100,57,91,5250.9,4361.6,298.6,79.15,100,56,85,5016.3,5743.6,295.8,79.15,100,57,91,5602.2,5899.8,281.5,79.14,100,56,87,5667.3,6285.3,5.0,24,0
1782939817.978,63.041,299.9,79.14,100,56,91,5246.6,4272.6,298.6,79.15,100,56,85,4948.9,5800.5,295.5,79.15,100,57,91,5392.2,5968.1,280.9,79.14,100,56,87,5564.6,5761.7,6.0,24,0
1782939818.420,63.483,299.9,79.14,100,57,91,5119.6,3810.9,298.6,79.15,100,56,85,5543.7,5809.5,295.5,79.15,100,57,91,4996.5,6477.3,280.9,79.14,100,56,87,5597.7,5925.2,6.0,24,0
1782939818.861,63.924,300.1,79.14,100,56,91,4949.5,3964.7,298.4,79.15,100,56,86,5498.0,5404.7,295.4,79.15,100,57,91,5961.6,6216.9,280.8,79.14,100,56,87,4966.6,6442.9,6.0,24,0
1782939819.306,64.369,300.0,79.14,100,57,91,4692.0,969.3,298.8,79.15,100,55,86,0.7,0.5,295.2,79.15,100,57,91,0.6,1058.5,281.1,79.14,100,56,87,637.0,4840.2,6.0,24,0
1782939820.685,65.747,248.2,79.14,100,68,92,1.8,6.7,265.6,79.15,99,39,85,7.5,162.6,249.5,79.15,100,59,92,19716.4,17207.6,249.2,79.14,100,49,87,5.0,4.4,6.0,24,0
1782939821.133,66.195,272.8,79.14,100,47,91,17996.3,6800.6,291.1,79.15,99,56,87,1.9,4.7,286.7,79.15,99,53,91,3749.3,15188.5,276.6,79.14,100,57,88,17973.2,4.7,6.0,24,0
1782939821.573,66.636,271.0,79.14,100,48,92,1313.3,5.4,286.2,79.15,100,44,86,490.9,17125.0,277.3,79.15,100,46,91,20750.9,6.1,270.1,79.14,100,45,87,2.6,13673.2,6.0,24,0
1782939822.015,67.078,290.3,79.14,100,44,92,18761.1,15038.6,288.8,79.15,100,44,86,2.2,5.9,280.8,79.15,100,47,91,20756.2,17131.2,271.2,79.14,100,43,87,2.7,5.7,6.0,24,0
1782939822.455,67.518,296.4,79.14,100,43,92,2.5,5.2,288.8,79.15,100,44,86,18301.5,14961.3,281.8,79.15,100,45,91,3510.8,4.7,271.2,79.14,100,43,87,4.6,5826.1,6.0,24,0
1782939822.898,67.961,300.7,79.14,100,52,92,8.9,4.8,285.9,79.15,100,46,87,20721.4,17109.7,281.8,79.15,100,45,91,5.2,4.7,269.4,79.14,100,45,88,1.9,13095.9,6.0,24,0
1782939823.344,68.407,301.0,79.14,100,46,92,3.6,4.5,287.2,79.15,100,44,86,20731.4,17111.3,281.6,79.15,100,46,91,2.0,4.6,270.2,79.14,100,47,87,1.8,7648.7,6.0,24,0
1782939823.787,68.849,301.0,79.14,100,46,92,2.8,7.3,292.5,79.15,100,52,87,5378.4,14987.5,287.5,79.15,100,55,91,16414.0,4.5,276.6,79.14,100,56,88,2.6,4.8,6.0,24,0
1782939824.231,69.293,300.5,79.14,100,53,92,2.7,4.6,292.9,79.15,100,46,86,1.9,14448.1,289.7,79.15,100,48,90,17585.9,4062.7,277.3,79.14,100,47,87,2.9,4.6,6.0,24,0
1782939824.671,69.734,301.2,79.14,100,49,92,8553.4,4.6,294.2,79.15,100,53,87,5.7,3578.1,287.1,79.15,100,47,91,18520.7,12183.4,279.1,79.14,100,49,88,5.6,4.8,6.0,24,0
1782939825.116,70.178,298.9,79.14,100,47,91,2218.1,15189.0,291.1,79.15,100,42,86,20222.0,5.1,290.0,79.15,100,56,91,2.4,492.7,276.1,79.14,100,51,88,19421.6,13842.0,6.0,24,0
1782939825.557,70.620,280.4,79.14,100,41,91,18317.3,16415.9,280.0,79.15,100,41,86,2.1,5.5,275.0,79.15,100,44,90,12481.0,14992.9,263.6,79.14,100,44,87,9558.8,6.0,6.0,24,0
1782939825.997,71.060,272.2,79.14,100,44,92,3.1,4.8,281.8,79.15,100,46,87,26584.8,17975.2,270.5,79.15,100,47,91,21034.9,17618.4,264.3,79.14,100,46,87,20603.7,17104.9,4.0,0,2
1782939826.440,71.503,281.9,79.14,100,23,92,8884.4,3.8,281.8,79.15,100,46,87,1.7,4.0,277.3,79.15,100,49,91,10347.0,14696.2,264.3,79.14,100,46,87,12130.3,4.4,4.0,0,2
1782939826.881,71.944,292.8,79.14,100,52,91,1.8,17109.3,284.6,79.15,100,60,87,20706.6,11.5,277.3,79.15,100,49,91,3.5,7.3,268.0,79.14,100,54,88,11095.6,14754.6,4.0,0,2
1782939827.328,72.390,298.0,79.14,100,49,91,3.5,4.6,291.1,79.15,100,60,87,14014.4,14941.3,285.8,79.15,100,48,91,7612.5,6.9,275.8,79.14,100,56,88,1.9,3960.1,4.0,0,2
1782939827.771,72.833,298.0,79.14,100,49,91,5.2,7.6,297.6,79.15,100,49,87,20224.0,17108.0,294.8,79.15,100,55,91,2.5,5.7,282.7,79.14,100,54,89,7115.1,14168.4,4.0,0,2
1782939828.213,73.276,301.2,79.14,100,53,92,4.1,17111.7,293.8,79.15,100,42,87,20714.8,6.1,287.1,79.15,100,43,91,2.6,576.7,276.5,79.14,100,44,88,19708.6,17200.2,4.0,0,2
1782939828.656,73.719,278.7,79.14,100,37,91,18897.8,5.1,277.9,79.15,100,39,87,2.1,4665.8,271.1,79.15,100,42,90,20072.7,11366.9,261.9,79.14,100,40,88,9.8,7.2,4.0,0,2
1782939829.099,74.162,272.0,79.14,100,45,92,1.9,4.6,276.1,79.15,100,45,87,3.3,17144.4,269.2,79.15,100,46,90,20753.2,4.7,259.0,79.14,100,47,88,2.0,4.7,4.0,0,2
1782939829.541,74.603,284.2,79.14,100,46,92,2.7,4.8,289.7,79.15,100,44,87,3720.9,15430.1,286.5,79.15,100,59,91,17375.5,5.0,272.3,79.14,100,59,89,2.0,497.7,4.0,0,2
1782939829.982,75.045,300.5,79.14,100,57,92,5.8,4.4,294.8,79.15,100,47,87,2.4,17153.8,287.5,79.15,100,48,90,20085.7,552.3,278.1,79.14,100,46,88,2.8,4.6,4.0,0,2
1782939830.424,75.487,300.0,79.14,100,47,91,2264.0,4.4,294.8,79.15,100,47,87,1.8,1403.9,287.5,79.15,100,48,90,18716.6,16234.3,278.1,79.14,100,46,88,2.6,4.6,4.0,0,2
1782939830.864,75.927,301.4,79.14,100,50,92,17284.1,4.7,298.0,79.15,100,51,88,2.7,5.2,288.0,79.15,100,56,91,19706.6,17198.1,281.3,79.14,100,57,89,7.8,10.7,4.0,0,2
1782939831.312,76.375,299.3,79.14,100,47,91,15437.3,4.6,293.5,79.15,100,47,87,1.8,3.9,286.7,79.15,100,48,91,20268.9,17194.5,276.8,79.14,100,48,88,2.8,4.9,4.0,0,2
1782939831.753,76.816,299.3,79.14,100,47,91,9093.5,6.5,295.7,79.15,100,56,88,522.0,11015.9,286.7,79.15,100,45,91,16119.7,9038.3,277.9,79.14,100,49,89,4.6,5.6,4.0,0,2
1782939832.201,77.264,297.1,79.14,100,49,90,2.0,5.4,286.9,79.15,100,36,87,20729.4,17108.6,279.4,79.15,100,37,90,3.7,5.7,269.5,79.14,100,37,87,2399.2,15796.4,7.0,1,19
1782939832.643,77.706,275.3,79.14,100,42,91,2.7,4.4,276.6,79.15,100,44,86,17245.9,14755.3,267.6,79.15,98,35,89,4561.1,10.0,256.0,79.14,98,24,88,5.9,2446.7,7.0,1,19
1782939833.091,78.154,266.2,79.14,100,58,92,20706.4,3.8,280.8,79.15,100,56,87,3.5,4.0,273.1,79.15,100,49,91,1109.8,16741.3,264.2,79.14,100,49,87,20756.7,4.6,7.0,1,19
1782939833.533,78.596,290.7,79.14,100,55,92,2341.6,15157.5,297.3,79.15,100,54,88,19353.4,4.0,286.2,79.15,100,49,90,2.6,4.1,282.2,79.14,100,48,88,1133.4,16851.0,7.0,1,19
1782939833.974,79.037,298.5,79.14,100,43,90,20707.3,4.0,289.3,79.15,100,43,86,4.5,4.6,284.7,79.15,100,35,89,11628.0,14277.2,275.0,79.14,100,34,87,11331.4,4.8,7.0,1,19
1782939834.418,79.481,271.4,79.14,100,46,91,6989.9,5.2,289.3,79.15,100,43,86,2.1,17136.9,284.7,79.15,100,35,89,20751.4,6.4,275.0,79.14,100,34,87,3.0,7998.1,7.0,1,19
1782939834.861,79.923,273.6,79.14,100,44,91,2056.5,15290.0,281.9,79.15,100,42,87,20222.8,6.0,278.1,79.15,100,45,91,2.7,4129.6,266.6,79.14,100,44,88,16190.6,14319.5,7.0,1,19
1782939835.303,80.366,273.8,79.14,100,47,91,16162.9,14465.8,281.1,79.15,100,35,86,6950.7,5.6,272.7,79.15,100,36,91,4.4,17252.2,261.5,79.14,100,36,89,20751.8,5.2,7.0,1,19
1782939835.744,80.807,273.8,79.14,100,47,91,20714.7,17110.1,281.8,79.15,100,43,88,5.5,5.6,270.2,79.15,100,48,90,4066.7,15367.7,263.7,79.14,100,50,89,17545.3,4.8,7.0,1,19
1782939836.189,81.251,275.2,79.14,100,47,91,17997.1,5092.9,286.3,79.15,100,47,87,1.9,4.7,279.1,79.15,100,51,90,4706.0,15234.6,269.7,79.14,100,47,87,17234.5,4.6,7.0,1,19
1782939836.628,81.691,292.5,79.14,100,49,91,20711.9,17109.1,295.5,79.15,100,57,88,1.9,4.8,286.4,79.15,100,47,91,2.7,17250.0,278.3,79.14,100,54,89,20757.6,7.4,7.0,1,19
1782939837.072,82.135,300.3,79.14,100,46,91,20708.3,17112.9,295.6,79.15,100,46,87,2.8,5.2,288.6,79.15,100,53,90,2.4,17244.2,278.3,79.14,100,48,88,20748.6,4.6,7.0,1,19
1782939837.520,82.583,299.9,79.14,100,45,92,19016.2,17110.7,294.9,79.15,100,50,88,2.0,4.8,284.8,79.15,100,50,91,2.6,17252.7,277.5,79.14,100,57,89,20753.9,5.2,7.0,1,19
1782939837.961,83.024,299.6,79.14,100,46,92,18399.6,10297.7,294.9,79.15,100,50,88,3.1,5.0,282.9,79.15,100,45,89,12185.7,15171.2,277.5,79.14,100,57,89,9766.4,5.4,7.0,1,19
1782939838.402,83.465,300.2,79.14,100,45,91,2.4,5.6,294.2,79.15,100,46,87,4688.4,13536.8,282.9,79.15,100,45,89,19106.9,5.9,276.3,79.14,100,45,89,2.1,691.1,7.0,1,19
1782939838.844,83.907,275.2,79.14,100,37,91,2.1,13990.6,287.7,79.15,100,42,87,23705.5,17105.2,278.1,79.15,100,37,89,20747.2,17194.8,267.2,79.14,100,33,87,20752.2,17190.4,10.0,3,17
1782939839.289,84.352,275.2,79.14,100,37,91,2.6,4.0,272.4,79.15,98,36,88,1.8,58.8,264.8,79.15,100,12,90,19692.0,17207.1,253.5,79.14,100,13,89,2.3,4.9,10.0,3,17
1782939839.730,84.793,262.9,79.14,100,51,91,17281.3,19800.4,281.3,79.15,100,49,88,7.9,8.6,273.6,79.15,100,70,91,2.3,7170.1,264.4,79.14,100,66,89,17950.3,11181.8,10.0,3,17
1782939840.181,85.244,289.3,79.14,100,52,91,2.8,11446.1,300.4,79.15,100,48,87,18020.4,7215.3,293.6,79.15,100,62,91,2.3,5.1,285.9,79.14,100,49,89,2258.8,15853.5,10.0,3,17
1782939840.623,85.686,300.8,79.14,100,59,91,3.7,17119.1,300.6,79.15,100,45,88,20703.6,5.8,291.2,79.15,100,46,89,3.0,10366.3,284.8,79.14,100,45,87,18400.6,6344.4,10.0,3,17
1782939841.066,86.129,297.3,79.14,100,45,92,2.1,5.7,295.5,79.15,100,44,88,13326.6,17226.2,285.6,79.15,100,45,89,723.5,6.3,277.8,79.14,100,43,89,4549.1,15507.5,10.0,3,17
1782939841.513,86.576,297.5,79.14,100,41,92,18414.1,6180.6,290.0,79.15,99,44,88,3.6,5.1,280.9,79.15,100,46,91,15021.2,15096.8,271.4,79.14,100,46,89,6941.7,5.4,10.0,3,17
1782939841.954,87.016,299.1,79.14,100,45,92,20079.9,7.6,290.0,79.15,99,44,88,3.7,11.9,281.1,79.15,100,46,89,19699.7,17202.7,271.4,79.14,100,46,89,2.2,5.1,10.0,3,17
1782939842.398,87.461,300.4,79.14,100,48,90,4043.8,4.8,291.8,79.15,100,46,88,5.0,6684.9,281.1,79.15,100,46,89,18138.2,11238.4,273.0,79.14,100,45,88,2.0,4.8,10.0,3,17
1782939842.838,87.901,301.4,79.14,100,56,92,20709.4,4.5,293.9,79.15,100,46,88,2.3,4.7,284.5,79.15,100,58,91,20389.0,17589.4,275.2,79.14,100,49,89,5.2,7.1,10.0,3,17
1782939843.283,88.345,301.4,79.14,100,56,92,20580.1,5.0,297.0,79.15,100,51,88,3.0,4.6,287.6,79.15,100,47,89,6938.0,15421.8,278.6,79.14,100,46,88,14643.9,4.8,10.0,3,17
1782939843.723,88.786,300.0,79.14,100,48,91,25034.6,10.6,299.5,79.15,100,47,88,7.8,7.2,290.2,79.15,100,51,91,7125.5,15037.1,280.4,79.14,100,50,89,14708.9,4.8,10.0,3,17
1782939844.168,89.231,301.1,79.14,100,52,92,18031.4,9940.9,296.6,79.15,100,45,88,2.0,4.9,286.3,79.15,100,47,90,5776.1,15288.1,277.6,79.14,100,46,88,16195.5,5.1,10.0,3,17
1782939844.609,89.671,299.5,79.14,100,47,91,2.9,5.6,293.7,79.15,100,45,88,5185.8,15626.9,284.1,79.15,100,48,91,15914.2,6.0,275.7,79.14,100,46,87,5.7,17264.9,10.0,3,17
1782939845.055,90.117,297.5,79.14,100,45,91,18702.6,11431.1,291.6,79.15,100,43,88,3.1,5.6,280.8,79.15,100,45,90,20870.9,17202.6,272.3,79.14,100,45,88,20558.2,18474.9,13.0,5,15
1782939845.499,90.561,294.9,79.14,98,19,90,5693.3,14801.4,288.6,79.15,100,64,89,16687.6,4.0,276.0,79.15,100,52,91,3.8,4.3,268.4,79.14,100,61,89,2861.7,15361.2,13.0,5,15
1782939845.941,91.004,294.6,79.14,100,53,91,6.9,4.6,288.6,79.15,100,64,89,6.2,16224.4,284.0,79.15,100,53,91,18534.7,1817.8,268.4,79.14,100,61,89,2.7,4.5,13.0,5,15
1782939846.382,91.445,298.5,79.14,100,52,91,17876.3,4440.8,292.9,79.15,100,57,88,2.0,4.9,284.0,79.15,100,53,91,5859.1,15282.1,276.8,79.14,100,59,89,16221.6,4.6,13.0,5,15
1782939846.824,91.887,298.5,79.14,100,51,92,18262.9,12160.2,297.9,79.15,100,46,88,2.1,5.8,294.3,79.15,100,58,91,19310.5,14852.4,285.9,79.14,100,54,89,2899.5,8.4,13.0,5,15
1782939847.265,92.328,298.5,79.14,100,51,92,2.0,5.1,295.8,79.15,100,42,88,581.2,17127.3,286.4,79.15,100,46,90,20761.8,5.8,278.6,79.14,100,42,89,4.6,614.5,13.0,5,15
1782939847.707,92.770,290.9,79.14,100,40,90,220.5,16657.0,287.3,79.15,100,39,88,20707.9,11.4,271.6,79.15,100,38,89,6.3,8637.4,265.0,79.14,100,37,88,18119.3,9554.2,13.0,5,15
1782939848.158,93.221,273.1,79.14,100,44,91,17988.0,13714.4,278.8,79.15,100,44,88,3.9,5.1,268.1,79.15,100,45,90,1083.7,16732.3,260.5,79.14,100,44,88,20444.1,4.8,13.0,5,15
1782939848.600,93.663,272.9,79.14,100,46,91,17784.1,4462.8,286.3,79.15,100,45,88,3.2,4.8,280.0,79.15,100,46,91,15522.0,15003.9,268.0,79.14,100,44,89,6433.2,12.4,13.0,5,15
1782939849.044,94.107,297.9,79.14,100,47,92,17349.4,3426.9,296.9,79.15,100,51,88,1.8,4.6,286.8,79.15,100,49,90,6328.6,15042.9,279.1,79.14,100,48,88,15476.5,4.7,13.0,5,15
1782939849.485,94.548,300.5,79.14,100,48,90,18407.2,12993.2,298.2,79.15,100,47,87,1.9,4.7,287.1,79.15,100,55,91,1.7,17255.9,279.4,79.14,100,48,89,20750.5,4.9,13.0,5,15
1782939849.927,94.990,301.0,79.14,100,57,92,18710.2,16878.1,298.2,79.15,100,47,87,2.2,6.8,287.1,79.15,100,55,91,1081.0,16737.3,279.4,79.14,100,48,89,20752.3,4.8,13.0,5,15
1782939850.369,95.432,299.4,79.14,100,47,91,18521.6,10999.4,296.0,79.15,100,46,88,2.0,4.7,285.4,79.15,100,46,91,4580.8,15296.8,277.4,79.14,100,45,88,17331.6,5.4,13.0,5,15
1782939850.812,95.874,298.2,79.14,100,45,91,5510.9,5.7,296.3,79.15,100,46,88,494.4,17117.6,285.7,79.15,100,53,91,20747.7,5.9,276.7,79.14,100,47,88,2.7,12635.3,13.0,5,15
1782939851.253,96.316,298.2,79.14,100,45,91,19009.9,15290.5,291.3,79.15,100,44,88,8.9,5.3,282.6,79.15,100,41,91,20758.9,16817.4,272.4,79.14,100,44,88,3.0,5.9,16.0,7,13
1782939851.697,96.760,297.1,79.14,100,40,91,18224.6,14262.3,285.2,79.15,98,22,87,5.2,7.5,273.6,79.15,98,35,89,10.4,17274.3,266.4,79.14,98,25,87,20749.2,4.8,16.0,7,13
1782939852.142,97.205,290.9,79.14,100,54,92,4.1,3.9,286.5,79.15,100,57,88,20731.8,17107.6,273.7,79.15,100,49,89,1.9,4.4,267.4,79.14,100,49,88,1.8,2960.8,16.0,7,13
1782939852.586,97.648,292.5,79.14,100,50,92,2.2,4.1,297.8,79.15,100,59,88,1.8,4861.1,284.1,79.15,100,49,90,18210.3,13358.3,281.4,79.14,100,49,88,6.0,8.0,16.0,7,13
1782939853.027,98.090,300.1,79.14,100,50,91,12315.0,4.5,298.0,79.15,100,52,88,2.7,23.1,294.1,79.15,100,53,91,19698.6,17200.1,284.0,79.14,100,52,89,2.8,5.7,16.0,7,13
1782939853.470,98.533,298.7,79.14,100,44,90,14553.4,4.9,298.0,79.15,100,52,88,4.7,5877.9,278.2,79.15,100,34,89,17033.2,13530.3,284.0,79.14,100,52,89,3.5,6.0,16.0,7,13
1782939853.911,98.974,271.6,79.14,100,42,91,2.7,16494.0,287.4,79.15,100,41,87,19288.2,620.9,278.2,79.15,100,34,89,4.4,533.7,269.2,79.14,100,33,87,19150.0,16830.0,16.0,7,13
1782939854.352,99.415,267.6,79.14,100,45,91,18622.8,8558.9,278.9,79.15,100,44,88,1.8,4.5,267.5,79.15,100,44,89,1080.4,16731.3,258.8,79.14,100,44,88,20753.3,4.8,16.0,7,13
1782939854.793,99.856,267.6,79.14,100,45,91,18707.8,4343.4,282.6,79.15,100,47,87,1.9,4.6,273.1,79.15,100,49,90,3103.9,15316.8,263.5,79.14,100,47,87,18999.6,5.1,16.0,7,13
1782939855.234,100.297,295.4,79.14,100,45,90,18124.4,12560.9,294.4,79.15,100,50,88,2.7,4.6,285.6,79.15,100,48,90,1.8,17266.4,277.0,79.14,100,49,89,20258.4,4.5,16.0,7,13
1782939855.681,100.744,301.9,79.14,100,56,91,16644.0,12915.8,296.5,79.15,100,47,87,8324.3,10.3,287.5,79.15,100,48,90,6.0,624.8,278.2,79.14,100,47,87,4237.8,13496.5,16.0,7,13
1782939856.129,101.192,297.9,79.14,100,45,90,1.8,4.5,288.3,79.15,100,35,87,1.9,12105.5,279.9,79.15,100,39,89,17798.4,6418.6,271.0,79.14,100,34,88,2.0,4.7,16.0,7,13
1782939856.570,101.633,271.0,79.14,100,52,91,14314.7,4.5,288.6,79.15,100,49,88,2.8,10.3,279.5,79.15,100,49,90,19712.5,17192.8,270.6,79.14,100,49,88,2.9,5.1,16.0,7,13
1782939857.011,102.074,274.1,79.14,100,47,91,20706.2,4.9,291.8,79.15,100,50,88,3.6,4.3,285.1,79.15,100,52,91,20285.1,17195.7,277.3,79.14,100,52,88,2.7,5.3,16.0,7,13
1782939857.452,102.515,296.5,79.14,100,49,92,3.8,513.2,291.8,79.15,100,50,88,18755.4,17058.6,285.7,79.15,100,46,91,3.4,5.8,277.3,79.14,100,52,88,17926.6,15145.4,16.0,7,13
1782939857.894,102.957,297.0,79.14,100,45,91,20710.3,17108.9,293.4,79.15,100,45,88,20727.8,16892.8,285.7,79.15,100,46,91,21030.0,16939.4,274.1,79.14,100,45,88,18142.9,16030.7,19.0,9,11
1782939858.335,103.398,292.5,79.14,100,50,91,2.9,1331.1,282.0,79.15,98,43,87,18485.7,16719.9,271.6,79.15,100,11,89,2.3,4.1,263.5,79.14,100,12,88,1.8,1796.4,19.0,9,11
1782939858.777,103.840,292.5,79.14,100,50,91,3.6,7.1,288.8,79.15,100,64,88,2.9,11531.7,279.7,79.15,100,69,91,17672.0,6925.5,271.1,79.14,100,66,88,3.5,4.6,19.0,9,11
1782939859.227,104.290,295.4,79.14,100,51,91,20708.1,5.2,293.4,79.15,100,48,87,3.5,4.7,284.7,79.15,100,63,91,13497.4,16388.4,284.1,79.14,100,50,89,6974.3,4.9,19.0,9,11
1782939859.669,104.731,300.6,79.14,100,59,91,10463.4,5.5,301.0,79.15,100,46,88,2.9,17131.6,288.2,79.15,100,46,89,20751.3,10.8,281.1,79.14,100,45,88,4.6,11029.2,19.0,9,11
1782939860.118,105.181,297.8,79.14,100,45,92,18673.1,15251.3,295.2,79.15,100,42,88,4.3,6.2,285.8,79.15,100,44,90,20762.7,16714.3,277.5,79.14,100,42,88,2.3,6.1,19.0,9,11
1782939860.560,105.623,296.9,79.14,99,42,92,2.2,189.7,287.7,79.15,100,45,88,19116.8,17104.9,280.6,79.15,100,46,90,2.3,5.4,269.3,79.14,100,45,88,9211.8,23519.2,19.0,9,11
1782939861.008,106.071,298.1,79.14,100,44,92,1.8,17117.9,290.9,79.15,100,46,88,20705.0,5.0,281.4,79.15,100,46,90,4.4,4.8,271.5,79.14,100,45,88,20784.3,17198.4,19.0,9,11
1782939861.449,106.512,301.3,79.14,100,48,91,3.8,17120.1,290.9,79.15,100,46,88,20706.2,4.7,284.0,79.15,100,57,91,2.0,10.4,271.5,79.14,100,45,88,20797.1,16670.1,19.0,9,11
1782939861.891,106.954,301.6,79.14,100,52,92,1.9,11180.8,293.3,79.15,100,48,87,18262.8,7336.2,284.0,79.15,100,57,91,6.0,4.9,274.0,79.14,100,48,88,5871.1,15268.6,19.0,9,11
1782939862.335,107.397,300.0,79.14,100,49,91,2.3,3.7,296.6,79.15,100,47,88,19974.8,17109.3,286.7,79.15,100,48,90,2.2,4.9,278.3,79.14,100,47,88,491.1,17263.0,19.0,9,11
1782939862.776,107.839,300.0,79.14,100,49,91,4.1,6.9,298.6,79.15,100,46,87,20226.4,17109.1,289.9,79.15,100,50,91,2.3,4.8,280.6,79.14,100,50,88,2.9,17279.6,19.0,9,11
1782939863.219,108.282,301.4,79.14,100,54,92,1.8,4.0,296.2,79.15,100,47,87,4.9,204.8,287.1,79.15,100,48,89,19712.7,17213.2,278.4,79.14,100,47,87,2.0,5.0,19.0,9,11
1782939863.660,108.723,287.1,79.14,100,41,90,4650.6,5.3,289.9,79.15,100,46,87,1.9,17510.0,277.1,79.15,100,41,90,17671.3,9.9,269.7,79.14,100,43,88,9.1,15541.4,19.0,9,11
1782939864.109,109.172,273.3,79.14,100,43,92,20706.8,17062.5,282.1,79.15,100,41,87,2.2,5.7,273.9,79.15,100,44,90,1096.2,11005.1,264.6,79.14,100,42,88,26673.7,17209.4,22.0,11,9
1782939864.551,109.613,277.5,79.14,100,45,90,3.7,4.9,274.5,79.15,100,51,87,3439.5,14585.7,268.8,79.15,100,62,91,18954.6,4.1,255.9,79.14,100,55,88,2.1,4.1,22.0,11,9
1782939864.991,110.054,274.7,79.14,100,59,91,17619.5,16688.7,281.3,79.15,100,52,87,2.7,4.5,277.1,79.15,100,64,91,2.3,12297.3,264.0,79.14,99,57,88,17691.6,5736.4,22.0,11,9
1782939865.435,110.498,282.1,79.14,100,59,91,1.7,11194.4,281.3,79.15,100,52,87,18718.8,5704.6,293.2,79.15,100,52,90,2.0,4.9,264.0,79.14,99,57,88,5355.8,15075.8,22.0,11,9
1782939865.879,110.942,297.4,79.14,100,47,91,1.9,6328.2,300.8,79.15,100,48,87,18368.3,11807.8,293.2,79.15,100,52,90,5.5,10.2,282.1,79.14,100,46,87,20781.0,16175.5,22.0,11,9
1782939866.320,111.383,291.3,79.14,100,46,90,8627.3,13135.8,300.7,79.15,100,43,87,15771.9,5.8,287.8,79.15,100,46,90,4.3,8343.2,281.6,79.14,100,43,88,16741.5,10915.1,22.0,11,9
1782939866.760,111.823,291.3,79.14,100,46,90,12917.6,5.7,285.0,79.15,100,39,87,5.3,17131.8,273.8,79.15,100,38,89,20389.9,417.4,266.8,79.14,100,38,87,3.0,5.0,22.0,11,9
1782939867.203,112.266,272.9,79.14,100,41,91,2.8,4.6,277.3,79.15,100,44,87,20716.7,17110.4,269.0,79.15,100,45,90,2.2,4.8,257.8,79.14,100,44,88,1.9,12593.7,22.0,11,9
1782939867.645,112.708,276.0,79.14,100,48,91,3.5,4.2,286.3,79.15,100,44,87,20719.8,17111.5,278.4,79.15,100,52,91,5.0,10.4,268.1,79.14,100,44,87,6642.9,15251.8,22.0,11,9
1782939868.100,113.163,296.9,79.14,100,49,91,1.8,2861.6,295.5,79.15,100,56,87,18535.0,15231.8,286.7,79.15,100,49,90,2.2,4.8,277.1,79.14,100,53,88,3.4,17274.0,22.0,11,9
1782939868.541,113.604,301.0,79.14,100,48,91,2.8,4.6,297.0,79.15,100,48,87,15922.7,14718.3,289.0,79.15,100,56,91,6250.0,4.6,280.4,79.14,100,48,88,1.8,556.5,22.0,11,9
1782939869.014,114.077,301.6,79.14,100,60,91,1.9,10464.7,296.2,79.15,100,47,87,19956.0,6305.7,287.8,79.15,100,47,89,4.0,4.9,278.6,79.14,100,47,87,8430.5,15150.2,22.0,11,9
1782939869.459,114.521,299.1,79.14,100,49,92,4.3,3058.7,296.2,79.15,100,47,87,18579.8,14996.4,290.7,79.15,100,58,91,8.5,4.7,278.6,79.14,100,47,87,1082.3,16767.8,22.0,11,9
1782939869.904,114.967,300.4,79.14,100,51,91,1.9,15606.9,298.2,79.15,100,56,87,21438.9,9.0,290.7,79.15,100,58,91,5.3,5780.4,281.1,79.14,100,56,88,18517.9,12173.1,22.0,11,9
1782939870.350,115.412,300.1,79.14,100,45,92,4011.1,5.5,294.9,79.15,100,44,87,2.9,17117.0,287.6,79.15,100,47,89,20749.3,5.4,276.8,79.14,100,45,88,2.5,4373.4,22.0,11,9
1782939870.791,115.854,300.1,79.14,100,45,92,705.4,4.1,293.6,79.15,100,46,87,2.8,67.7,281.5,79.15,100,47,90,18792.5,12788.5,274.5,79.14,100,46,88,4990.7,4.6,25.0,13,7
1782939871.232,116.295,286.5,79.14,99,10,90,1.7,217.4,279.3,79.15,100,60,87,19160.8,17112.8,274.6,79.15,100,61,91,3.8,4.2,263.1,79.14,100,60,88,1.9,884.3,25.0,13,7
1782939871.675,116.737,270.7,79.14,100,51,91,1.8,4.3,283.5,79.15,100,59,87,5.1,13343.5,277.0,79.15,100,49,91,19552.0,729.6,266.6,79.14,100,60,88,5.5,4.4,25.0,13,7
1782939872.124,117.187,275.2,79.14,100,50,91,14525.5,4.8,297.7,79.15,100,52,87,4.5,36.9,290.8,79.15,100,58,91,19690.0,17197.2,280.3,79.14,100,56,88,4.5,4.8,25.0,13,7
1782939872.567,117.629,296.5,79.14,100,52,91,4.1,4.8,295.1,79.15,100,42,87,20223.3,17106.7,287.1,79.15,100,47,90,2.2,6.0,279.6,79.14,100,42,88,17276.1,16045.2,25.0,13,7
1782939873.008,118.071,297.4,79.14,100,40,92,17552.7,5.9,288.9,79.15,100,41,87,3.1,17108.7,283.5,79.15,100,43,91,20748.7,5.7,270.8,79.14,100,42,87,2.0,5762.5,25.0,13,7
1782939873.452,118.514,296.8,79.14,100,45,91,3.6,4.6,288.9,79.15,100,41,87,2034.6,15463.2,277.0,79.15,100,43,90,19687.8,4.7,270.8,79.14,100,42,87,2.3,10.0,25.0,13,7
1782939873.896,118.959,278.7,79.14,100,44,90,4574.0,4.8,283.2,79.15,100,43,87,2.8,13172.3,277.0,79.15,100,43,90,18059.8,4539.5,265.5,79.14,100,43,88,4.2,4.6,25.0,13,7
1782939874.338,119.401,278.1,79.14,100,47,91,3677.2,4.5,280.9,79.15,100,44,87,4.4,2907.3,272.8,79.15,100,48,91,18595.4,14801.3,263.0,79.14,100,43,88,2.9,4.5,25.0,13,7
1782939874.779,119.842,278.1,79.14,100,47,91,20708.7,4.8,290.5,79.15,100,50,87,2.7,4.4,280.9,79.15,100,49,90,20780.0,16956.1,272.4,79.14,100,47,88,2.0,4.8,25.0,13,7
1782939875.225,120.287,297.1,79.14,100,48,90,17951.3,8510.1,297.9,79.15,100,50,87,4.5,4.9,290.9,79.15,100,57,91,4615.8,15170.2,281.0,79.14,100,54,88,17341.0,4.8,25.0,13,7
1782939875.667,120.729,302.2,79.14,100,57,91,17929.8,15457.4,294.8,79.15,100,47,86,1.9,9.9,287.3,79.15,100,47,90,3410.5,15219.5,277.9,79.14,100,47,87,13885.1,4.7,25.0,13,7
1782939876.117,121.180,298.9,79.14,100,49,91,18069.6,8410.7,297.6,79.15,100,57,87,3.4,5.2,290.8,79.15,100,58,91,13949.3,15204.1,279.0,79.14,100,56,88,7581.3,5.1,25.0,13,7
1782939876.559,121.621,300.0,79.14,100,47,92,3.9,5.5,294.0,79.15,100,43,87,20712.0,17107.8,286.8,79.15,100,46,90,11.8,5.8,276.4,79.14,100,43,88,8718.4,15517.3,25.0,13,7
1782939877.003,122.066,298.8,79.14,100,41,92,20872.6,17557.7,288.7,79.15,98,43,87,20840.5,17005.0,282.7,79.15,100,44,91,20912.9,16877.6,269.9,79.14,98,43,87,18448.0,15020.2,28.0,15,5
1782939877.891,122.954,295.3,79.14,100,60,91,2.0,4.4,283.3,79.15,100,49,86,2.7,3946.7,278.8,79.15,100,65,91,17635.9,13850.2,266.0,79.14,99,53,88,3.4,4.5,28.0,15,5
1782939878.333,123.396,303.2,79.14,100,64,91,18088.1,11408.9,290.0,79.15,100,47,87,4.4,4.7,282.9,79.15,100,57,91,491.7,16780.8,282.8,79.14,100,48,88,20750.7,4.8,28.0,15,5
1782939878.773,123.836,303.2,79.14,100,64,91,20709.5,8.7,300.2,79.15,100,45,86,3.8,5102.7,293.6,79.15,100,47,90,18833.7,12572.4,278.2,79.14,100,45,87,2.1,5.7,28.0,15,5
1782939879.217,124.280,297.3,79.14,100,46,90,7553.7,15592.0,294.1,79.15,100,44,87,14000.4,5.7,285.9,79.15,100,46,90,2.7,17222.8,274.4,79.14,100,45,86,20748.1,6.1,28.0,15,5
1782939879.659,124.722,296.7,79.14,100,45,92,4.6,10.6,288.1,79.15,100,42,87,7338.7,18598.9,281.0,79.15,100,45,90,8731.6,8.3,270.4,79.14,100,45,88,5.3,17239.4,28.0,15,5
1782939880.112,125.175,300.0,79.14,100,47,92,1.7,3.9,289.1,79.15,100,46,87,616.8,17202.4,281.7,79.15,100,48,90,18500.9,1814.1,269.6,79.14,100,47,86,3.6,5.1,28.0,15,5
1782939880.553,125.615,285.8,79.14,100,39,90,17667.7,2855.9,282.0,79.15,100,39,87,1.9,4.9,276.0,79.15,100,38,90,5500.5,15053.0,264.4,79.14,100,37,87,16585.0,4.7,28.0,15,5
1782939880.993,126.056,270.8,79.14,100,49,91,20708.2,17106.3,282.8,79.15,100,56,87,2.9,4.7,279.8,79.15,100,58,91,2.4,11636.2,271.3,79.14,100,57,88,18063.3,6634.2,28.0,15,5
1782939881.436,126.498,286.6,79.14,100,53,91,11134.4,14898.2,282.8,79.15,100,56,87,11223.8,4.6,286.6,79.15,100,49,90,3.5,515.6,271.3,79.14,100,57,88,19707.2,17213.8,28.0,15,5
1782939881.877,126.940,298.1,79.14,100,45,90,5025.8,15248.5,290.6,79.15,100,49,87,17126.4,4.7,286.6,79.15,100,49,90,6.6,6.5,276.2,79.14,100,48,87,20790.0,17194.8,28.0,15,5
1782939882.320,127.383,299.8,79.14,100,51,91,1.8,17115.9,297.3,79.15,100,58,87,20705.7,5.0,288.4,79.15,100,53,91,2.7,5.1,277.1,79.14,100,58,88,20762.2,15818.0,28.0,15,5
1782939882.761,127.824,299.8,79.14,100,51,91,18879.8,11382.9,293.2,79.15,100,44,86,5.1,5.8,286.5,79.15,100,45,90,20757.3,17194.6,275.7,79.14,100,45,87,2.2,5.7,28.0,15,5
1782939883.204,128.267,300.2,79.14,100,45,91,74.5,4.7,288.2,79.15,100,42,87,503.3,13898.9,280.3,79.15,100,44,90,16417.3,5518.5,266.9,79.14,100,43,87,4.6,7.8,30.0,17,3
1782939883.645,128.707,281.4,79.14,100,39,90,17824.2,3322.8,271.5,79.15,100,13,86,4.4,4.6,268.2,79.15,100,11,89,1387.5,15388.4,257.0,79.14,100,12,87,8905.6,11.1,30.0,17,3
1782939884.096,129.159,270.2,79.14,100,50,91,2.3,15499.1,278.6,79.15,100,64,87,17730.9,2854.9,275.2,79.15,100,70,91,2.7,4.5,265.7,79.14,100,66,88,1093.4,16759.6,30.0,17,3
1782939884.537,129.600,286.3,79.14,100,50,91,2.6,4.3,299.4,79.15,100,49,86,513.1,17125.4,293.5,79.15,100,63,91,20751.2,4.8,285.1,79.14,100,50,88,2.0,4.6,30.0,17,3
1782939884.979,130.042,300.8,79.14,100,59,91,5.1,4.6,299.4,79.15,100,49,86,3.5,17144.4,288.5,79.15,100,46,89,20747.7,5.8,285.1,79.14,100,50,88,3.7,2592.0,30.0,17,3
1782939885.421,130.484,298.0,79.14,100,46,91,17671.3,16192.3,297.1,79.15,100,46,86,3107.4,5.9,288.5,79.15,100,46,89,3858.3,15642.2,277.9,79.14,100,46,86,17464.4,5.5,30.0,17,3
1782939885.862,130.925,297.3,79.14,100,41,92,3.9,2463.6,293.4,79.15,100,44,86,19050.5,15294.0,286.1,79.15,100,46,90,2.1,8.0,272.5,79.14,100,44,87,12914.9,15236.9,30.0,17,3
1782939886.307,131.370,297.3,79.14,100,41,92,8572.3,15293.3,287.0,79.15,100,46,87,13400.9,4.7,281.3,79.15,100,46,90,1.9,509.2,271.0,79.14,100,46,88,19701.4,17211.1,30.0,17,3
1782939886.748,131.811,299.1,79.14,100,45,92,9513.5,14934.2,289.1,79.15,100,46,86,1298.1,6.0,281.8,79.15,100,47,90,1.9,11637.6,271.4,79.14,100,46,87,17748.0,6771.4,30.0,17,3
1782939887.197,132.259,299.4,79.14,100,48,90,11482.9,14904.9,291.8,79.15,100,49,86,10938.4,4.6,286.2,79.15,100,56,91,2.0,483.8,275.3,79.14,100,53,88,19720.3,17202.4,30.0,17,3
1782939887.637,132.700,302.0,79.14,100,58,91,1.9,17112.3,294.0,79.15,100,48,86,20505.9,5.4,287.6,79.15,100,48,90,6.8,6.0,278.2,79.14,100,47,86,11212.4,14671.0,30.0,17,3
1782939888.083,133.146,299.9,79.14,100,49,91,1.9,9598.7,298.3,79.15,100,51,87,18004.7,8952.8,291.6,79.15,100,50,91,1.9,4.9,280.4,79.14,100,50,88,3272.3,14921.6,30.0,17,3
1782939888.523,133.586,301.0,79.14,100,55,91,1.9,4.0,294.6,79.15,100,47,86,20230.7,17110.2,288.9,79.15,100,47,90,1.9,4.7,278.0,79.14,100,46,87,2.0,12597.6,30.0,17,3
1782939888.963,134.026,299.0,79.14,100,48,91,3.6,7853.8,294.6,79.15,100,47,86,18484.8,10339.9,287.3,79.15,100,49,91,2.2,5.8,278.0,79.14,100,46,87,20778.8,17202.0,30.0,17,3
1782939889.410,134.473,297.6,79.14,100,43,91,18482.0,5.3,293.6,79.15,100,50,87,2.5,9800.7,287.3,79.15,100,49,91,18580.3,7777.5,275.5,79.14,100,49,88,4.5,5.4,30.0,17,3
1782939889.851,134.913,298.0,79.14,98,40,92,1445.1,15908.9,290.4,79.15,100,43,86,3.5,20.5,286.2,79.15,100,44,91,19687.2,7.0,273.6,79.14,100,43,88,1088.5,16547.6,33.0,19,1
1782939890.295,135.357,298.0,79.14,98,40,92,19755.8,847.1,287.8,79.15,99,49,87,4344.3,13530.0,280.1,79.15,100,65,90,1.9,8626.0,271.8,79.14,99,52,87,10374.1,4.5,33.0,19,1
1782939890.735,135.798,297.8,79.14,99,54,91,6.3,16963.8,291.4,79.15,100,48,86,10.1,13767.1,283.5,79.15,99,44,90,2512.0,8605.2,274.5,79.14,99,47,87,10177.7,7825.4,33.0,19,1
1782939891.182,136.245,298.1,79.14,99,41,92,2.9,11395.7,289.9,79.15,99,44,86,6142.2,340.0,286.0,79.15,99,45,90,18821.7,5.6,272.8,79.14,99,44,87,16917.2,3107.4,33.0,19,1
1782939891.623,136.686,297.5,79.14,99,47,91,5914.7,12236.1,286.7,79.15,99,47,86,1.9,8578.1,281.0,79.15,99,47,91,10276.1,7.1,269.6,79.14,99,46,88,20274.9,14.0,33.0,19,1
1782939892.065,137.128,300.0,79.14,99,46,92,10356.2,8541.9,291.2,79.15,99,46,86,1.7,17120.7,283.3,79.15,99,45,91,2.1,8615.5,273.1,79.14,99,43,86,9886.2,515.6,33.0,19,1
1782939892.507,137.570,301.3,79.14,99,45,91,10355.7,8557.8,288.3,79.15,99,39,86,6239.4,11994.8,282.7,79.15,99,42,90,1183.7,16239.1,269.7,79.14,99,40,86,4.3,17194.1,33.0,19,1
1782939892.947,138.010,294.3,79.14,99,33,91,4667.4,4396.6,288.3,79.15,99,39,86,5236.6,4375.8,276.3,79.15,100,60,90,5427.3,5387.9,269.7,79.14,99,40,86,4835.9,5598.0,35.0,23,0
1782939893.393,138.456,297.3,79.14,100,61,91,5055.9,4174.4,282.2,79.15,100,59,86,4764.0,5509.5,276.3,79.15,100,60,90,4887.1,6084.3,265.4,79.14,100,59,87,5406.6,5711.6,35.0,23,0
1782939893.835,138.897,305.0,79.14,100,61,91,4494.1,4190.9,289.9,79.15,100,61,86,4785.4,5844.2,283.6,79.15,100,62,90,5462.2,5878.8,272.9,79.14,100,61,87,5455.8,6362.6,35.0,24,0
1782939894.280,139.342,305.0,79.14,100,61,91,4495.2,4265.6,303.0,79.15,100,60,86,5238.8,5200.2,295.3,79.15,100,61,90,5408.3,6394.8,284.6,79.14,100,60,87,4825.8,6265.6,35.0,24,0
1782939894.721,139.784,302.2,79.14,100,61,91,5054.9,3763.7,302.1,79.15,100,60,86,5376.3,5413.3,296.4,79.15,100,62,90,4917.5,6259.3,284.6,79.14,100,61,87,5494.2,5749.6,35.0,24,0
1782939895.167,140.230,300.1,79.14,100,61,91,5118.5,4175.5,300.4,79.15,100,60,86,4729.3,5373.1,295.2,79.15,100,61,90,5366.5,5758.6,283.8,79.14,100,60,87,5441.3,5776.2,35.0,24,0
1782939895.609,140.672,299.8,79.14,100,60,91,4554.4,4168.7,299.7,79.15,100,60,86,5185.7,5093.1,294.7,79.15,100,61,90,5382.2,5874.1,283.1,79.14,100,60,87,5564.9,6634.6,35.0,24,0
1782939896.055,141.118,300.0,79.14,100,61,91,5049.4,3727.1,300.3,79.15,100,61,86,5256.7,5442.6,295.4,79.15,100,61,90,4873.2,6280.2,283.8,79.14,100,61,87,4729.5,6253.2,35.0,24,0
1782939896.499,141.562,300.2,79.14,100,61,91,5049.4,4124.0,300.4,79.15,100,61,86,4761.4,5489.7,295.7,79.15,100,62,90,4772.7,6259.8,284.6,79.14,100,61,87,5410.9,5694.4,35.0,24,0
1782939896.942,142.005,300.0,79.14,100,61,91,5636.9,4148.0,300.4,79.15,100,61,86,5194.0,5104.4,296.0,79.15,100,61,90,5433.3,6203.3,284.6,79.14,100,61,87,4989.5,6312.7,35.0,24,0
1782939897.392,142.455,300.1,79.14,100,61,91,4988.7,3710.9,300.2,79.15,100,60,86,5239.0,5183.9,296.0,79.15,100,61,90,5427.9,6363.8,284.4,79.14,100,61,87,4890.6,6314.9,35.0,24,0
1782939897.834,142.897,300.0,79.14,100,61,91,4993.2,3665.2,300.1,79.15,100,61,86,5298.3,5693.1,296.4,79.15,100,61,90,4926.2,6759.8,284.2,79.14,100,61,87,5629.7,6443.6,35.0,24,0
1782939898.284,143.347,300.0,79.14,100,61,91,4495.5,4223.1,299.9,79.15,100,60,86,4763.7,5695.8,296.1,79.15,100,61,90,5392.1,5806.3,284.0,79.14,100,61,87,5469.7,6365.5,35.0,24,0
1782939898.727,143.789,300.0,79.14,100,61,91,4618.4,4238.2,299.8,79.15,100,60,86,5265.2,5402.6,296.0,79.15,100,61,90,5436.8,6305.3,283.8,79.14,100,60,87,4911.3,6202.9,35.0,24,0
1782939899.172,144.234,299.9,79.14,100,60,91,5051.4,3710.6,299.7,79.15,100,60,86,5307.9,5595.0,295.4,79.15,100,61,90,4819.7,6295.3,283.4,79.14,100,60,87,5421.4,5840.5,36.0,24,0
1782939899.615,144.678,299.9,79.14,100,60,91,5049.6,4141.8,299.6,79.15,100,60,86,4819.2,5595.0,295.1,79.15,100,62,90,5337.7,5844.7,282.8,79.14,100,60,87,5897.7,6912.4,36.0,24,0
1782939900.062,145.125,299.9,79.14,100,60,91,4504.7,3938.6,300.0,79.15,100,60,86,5342.6,5284.1,295.0,79.15,100,61,90,5462.4,6293.2,283.1,79.14,100,61,87,4940.8,6196.4,36.0,24,0
1782939900.504,145.567,300.0,79.14,100,61,91,5119.6,3828.5,300.2,79.15,100,60,86,5367.3,5526.5,295.3,79.15,100,61,90,4954.4,6254.2,283.2,79.14,100,60,87,5344.8,5734.3,36.0,24,0
1782939900.947,146.010,300.0,79.14,100,60,91,5295.6,4226.5,300.2,79.15,100,60,86,4777.9,5697.2,295.1,79.15,100,61,90,5374.7,5922.1,283.2,79.14,100,60,87,5521.2,6375.8,36.0,24,0
1782939901.393,146.456,299.9,79.14,100,60,91,4493.6,4226.1,299.7,79.15,100,60,86,5323.8,5383.5,295.1,79.15,100,61,90,5438.8,6379.4,282.7,79.14,100,60,87,4830.2,6379.9,36.0,24,0
1782939901.835,146.898,300.1,79.14,100,60,91,5057.1,3710.6,299.5,79.15,100,60,86,5271.5,5624.9,294.6,79.15,100,61,90,5009.0,6306.2,282.7,79.14,100,60,87,5439.0,5828.7,36.0,24,0
1782939902.276,147.339,300.1,79.14,100,60,91,5178.8,4151.7,299.6,79.15,100,59,86,4779.4,5602.0,294.5,79.15,100,61,90,5483.6,5882.4,282.3,79.14,100,60,87,5389.7,5717.3,36.0,24,0
1782939902.719,147.782,300.0,79.14,100,60,91,4560.7,4287.3,299.9,79.15,100,59,86,5528.6,5418.5,294.4,79.15,100,61,90,5471.5,6094.0,282.3,79.14,100,60,87,4847.7,6435.5,36.0,24,0
1782939903.164,148.227,299.9,79.14,100,60,91,5049.4,3734.8,299.9,79.15,100,59,86,5266.5,5621.0,294.4,79.15,100,61,90,4943.4,6309.7,282.1,79.14,100,60,87,5438.0,5770.3,36.0,24,0
1782939903.606,148.668,299.9,79.14,100,60,91,4698.4,4283.7,299.7,79.15,100,60,86,4844.9,5589.8,294.1,79.15,100,61,90,5381.3,6259.5,281.8,79.14,100,60,87,5501.2,7044.1,36.0,24,0
1782939904.055,149.118,299.9,79.14,100,60,91,5179.5,3733.4,300.1,79.15,100,60,86,5287.5,5562.3,294.1,79.15,100,61,90,4899.6,6220.6,282.1,79.14,100,60,87,5412.8,6112.5,36.0,24,0
1782939904.501,149.564,299.9,79.14,100,60,91,5136.5,4149.3,299.9,79.15,100,60,86,4873.9,5568.9,294.1,79.15,100,61,90,5458.8,5999.0,281.9,79.14,100,60,87,5475.0,6044.1,36.0,24,0
1782939904.942,150.005,300.0,79.14,100,60,91,4557.4,4279.9,299.9,79.15,100,60,86,5270.9,5177.3,293.9,79.15,100,61,90,5453.3,6149.3,281.9,79.14,100,60,87,4897.7,6457.7,36.0,24,0
1782939905.385,150.448,299.9,79.14,100,60,91,5051.1,3751.3,299.8,79.15,100,60,86,5369.6,5673.9,293.9,79.15,100,61,90,4924.7,6319.2,281.7,79.14,100,60,87,5492.4,5760.4,36.0,24,0
1782939905.826,150.889,299.9,79.14,100,60,91,5049.6,4126.0,300.1,79.15,100,59,86,4761.3,5602.5,294.1,79.15,100,61,90,5445.9,5860.1,282.0,79.14,100,60,87,5439.4,6690.4,36.0,24,0
1782939906.269,151.331,299.9,79.14,100,60,91,4439.5,4176.0,299.9,79.15,100,59,86,5279.8,5351.6,293.5,79.15,100,60,90,5396.2,6235.0,281.9,79.14,100,59,87,4889.4,6086.9,36.0,24,0
1782939906.709,151.772,299.8,79.14,100,59,91,5781.3,3763.4,299.8,79.15,100,59,86,6194.7,5947.5,293.5,79.15,100,61,90,5352.2,5775.3,281.5,79.14,100,60,87,5410.0,5717.3,36.0,24,0
1782939907.161,152.224,300.1,79.14,100,60,91,4616.2,4175.9,299.9,79.15,100,59,86,5368.4,5349.3,293.7,79.15,100,61,90,5423.9,6375.4,281.4,79.14,100,60,87,4840.5,6078.7,37.0,24,0
1782939907.603,152.666,300.0,79.14,100,60,91,5049.5,3760.9,300.1,79.15,100,59,86,5312.7,5572.4,293.9,79.15,100,61,90,4893.6,7384.9,281.7,79.14,100,60,87,5382.5,6444.0,37.0,24,0
1782939908.052,153.115,300.0,79.14,100,60,91,4504.8,4350.0,300.1,79.15,100,59,86,4773.6,5531.4,294.0,79.15,100,61,90,5386.4,6155.0,281.9,79.14,100,60,87,4850.1,6163.3,37.0,24,0
1782939908.500,153.563,300.0,79.14,100,60,91,4967.1,3811.0,300.0,79.15,100,60,86,5280.1,5702.2,294.3,79.15,100,61,90,4925.5,6280.7,282.1,79.14,100,60,87,4797.9,6390.3,37.0,24,0
1782939908.942,154.005,299.9,79.14,100,60,91,5599.1,4121.3,300.0,79.15,100,60,86,4852.4,5673.2,294.4,79.15,100,61,90,5422.0,5784.7,282.1,79.14,100,60,87,5467.9,6279.4,37.0,24,0
1782939909.390,154.453,299.9,79.14,100,60,91,4934.9,3842.3,299.8,79.15,100,59,86,5252.4,5332.0,294.4,79.15,100,61,90,5466.5,6200.8,281.9,79.14,100,60,87,4956.5,6201.1,37.0,24,0
1782939909.832,154.895,299.8,79.14,100,60,91,4945.9,3896.9,299.4,79.15,100,59,86,4983.8,5627.0,294.0,79.15,100,61,90,4923.7,6484.9,281.5,79.14,100,60,87,5360.3,5803.2,37.0,24,0
1782939910.276,155.339,299.8,79.14,100,60,91,4555.9,4309.9,299.5,79.15,100,60,86,5341.6,5172.2,294.0,79.15,100,61,90,5418.7,5575.6,281.6,79.14,100,60,87,5477.3,5923.4,37.0,24,0
1782939910.717,155.780,300.0,79.14,100,60,91,5068.6,3858.1,299.2,79.15,100,59,86,5309.6,5705.1,293.7,79.15,100,61,90,4900.1,6256.8,281.5,79.14,100,60,87,5421.2,5715.3,37.0,24,0
1782939911.161,156.224,300.0,79.14,100,59,91,5111.5,4175.5,298.9,79.15,100,59,86,4873.9,5606.9,293.4,79.15,100,61,90,5353.3,5895.9,281.2,79.14,100,60,87,5374.6,6265.8,37.0,24,0
1782939911.604,156.667,300.2,79.14,100,60,91,4493.6,4222.0,300.3,79.15,100,60,86,5285.5,5334.5,294.4,79.15,100,61,90,5388.5,7359.3,282.4,79.14,100,60,87,5426.9,6908.3,37.0,24,0
1782939912.056,157.119,300.4,79.14,100,61,91,5121.7,4125.3,301.5,79.15,100,59,86,4793.3,5582.3,295.7,79.15,100,61,90,5023.4,6049.8,283.2,79.14,100,60,87,5504.1,5715.8,37.0,24,0
1782939912.502,157.565,300.1,79.14,100,60,91,4614.9,4175.9,300.6,79.15,100,59,86,5179.2,5223.7,295.2,79.15,100,60,90,5424.2,6258.7,282.3,79.14,100,59,87,4816.1,6278.0,37.0,24,0
1782939912.944,158.007,299.8,79.14,100,60,91,5538.9,3710.6,300.6,79.15,100,59,86,5325.2,5591.0,294.2,79.15,100,61,90,4898.2,6082.4,282.3,79.14,100,59,87,5405.6,5731.6,37.0,24,0
1782939913.388,158.451,299.8,79.14,100,60,91,4640.7,4254.2,299.9,79.15,100,60,86,4769.2,5600.8,294.2,79.15,100,61,90,5399.5,5552.3,281.5,79.14,100,60,87,5496.3,6033.9,37.0,24,0
1782939913.830,158.893,300.0,79.14,100,60,91,4736.8,3846.3,299.4,79.15,100,59,86,5253.3,5168.2,293.6,79.15,100,60,90,5424.5,6110.4,281.1,79.14,100,60,87,4893.6,6294.4,37.0,24,0
1782939914.273,159.336,300.0,79.14,100,60,91,5049.6,4243.9,299.5,79.15,100,60,86,4788.4,5568.5,293.6,79.15,100,61,90,4906.4,6192.0,280.9,79.14,100,60,87,5419.6,5525.3,37.0,24,0
1782939914.715,159.778,300.0,79.14,100,60,91,4681.7,4345.6,299.5,79.15,100,59,86,5561.6,5257.7,293.1,79.15,100,60,90,5511.9,6007.1,281.1,79.14,100,59,87,4967.9,6227.1,37.0,24,0
1782939915.162,160.225,299.9,79.14,100,59,91,5061.8,3760.6,299.2,79.15,100,59,86,5356.7,5708.5,293.1,79.15,100,60,90,4841.4,6124.1,280.8,79.14,100,59,87,5413.2,5791.2,38.0,24,0
1782939915.604,160.667,299.9,79.14,100,60,91,4737.3,4175.5,299.3,79.15,100,60,86,4713.9,5583.2,293.4,79.15,100,61,90,5433.8,6561.4,280.9,79.14,100,60,87,5458.6,7115.2,38.0,24,0
1782939916.052,161.115,300.2,79.14,100,60,91,5061.3,3761.7,300.7,79.15,100,60,86,5282.5,5235.6,294.5,79.15,100,61,90,5469.6,6165.3,281.9,79.14,100,60,87,4845.4,6093.5,38.0,24,0
1782939916.494,161.557,300.3,79.14,100,60,91,5051.1,3710.4,301.3,79.15,100,59,86,5397.0,5586.8,295.3,79.15,100,61,90,4859.8,6233.2,282.5,79.14,100,60,87,5404.5,5651.2,38.0,24,0
1782939916.936,161.998,300.1,79.14,100,60,91,5030.5,4176.7,301.3,79.15,100,59,86,4729.8,5441.9,295.3,79.15,100,61,90,5442.7,5666.3,282.5,79.14,100,60,87,5443.7,6195.8,38.0,24,0
1782939917.379,162.442,299.9,79.14,100,60,91,4494.8,4176.1,300.9,79.15,100,60,86,5266.2,5359.5,294.8,79.15,100,61,90,5467.1,6180.8,282.2,79.14,100,60,87,4914.2,6229.5,38.0,24,0
1782939917.821,162.884,299.9,79.14,100,60,91,5053.8,3689.4,300.5,79.15,100,59,86,5328.8,5571.9,294.6,79.15,100,61,90,4868.8,6148.2,282.3,79.14,100,60,87,5631.9,5963.5,38.0,24,0
1782939918.264,163.327,299.9,79.14,100,60,91,4733.3,4273.9,300.2,79.15,100,60,86,5265.7,5237.7,294.7,79.15,100,61,90,5478.3,5683.7,282.2,79.14,100,60,87,5465.3,6129.2,38.0,24,0
1782939918.712,163.774,300.0,79.14,100,60,91,5250.5,3786.2,300.1,79.15,100,60,86,6356.6,5675.8,294.7,79.15,100,61,90,4922.2,6142.9,282.0,79.14,100,61,87,5429.4,5741.5,38.0,24,0
1782939919.161,164.224,300.1,79.14,100,60,91,4618.3,4128.6,299.6,79.15,100,59,86,4791.7,5610.6,294.3,79.15,100,60,90,5440.5,5893.1,281.5,79.14,100,59,87,5463.6,6171.5,38.0,24,0
1782939919.605,164.667,300.1,79.14,100,60,91,4433.8,3904.1,300.2,79.15,100,60,86,5196.2,5232.3,294.7,79.15,100,61,90,5452.1,7022.7,281.8,79.14,100,60,87,4861.3,6850.3,38.0,24,0
1782939920.051,165.114,300.0,79.14,100,60,91,5051.9,4205.8,300.2,79.15,100,60,86,4785.0,5654.8,295.1,79.15,100,61,90,4948.4,6246.4,282.7,79.14,100,60,87,5414.7,5602.5,38.0,24,0
1782939920.493,165.555,299.9,79.14,100,60,91,4495.5,4175.5,300.1,79.15,100,60,86,4774.4,5655.4,294.8,79.15,100,61,90,5427.9,5715.9,282.3,79.14,100,60,87,5429.5,6242.6,38.0,24,0
1782939920.934,165.997,299.9,79.14,100,60,91,4871.3,3867.3,300.1,79.15,100,60,86,5225.0,5204.4,294.8,79.15,100,61,90,5529.7,5935.1,282.3,79.14,100,60,87,4900.8,6249.8,38.0,24,0
1782939921.376,166.439,299.8,79.14,100,60,91,5052.9,3967.7,299.9,79.15,100,59,86,4917.8,5648.2,294.3,79.15,100,61,90,4889.5,6210.9,281.9,79.14,100,60,87,5411.9,5708.4,38.0,24,0
1782939921.817,166.880,299.9,79.14,100,60,91,4568.8,4223.4,299.7,79.15,100,59,86,4774.0,5454.7,293.7,79.15,100,61,90,5362.5,5722.3,281.6,79.14,100,60,87,5424.9,6171.7,38.0,24,0
1782939922.259,167.322,299.9,79.14,100,60,91,4491.5,4221.2,300.1,79.15,100,60,86,5315.7,5638.4,293.8,79.15,100,61,90,5441.4,6096.6,281.8,79.14,100,60,87,4915.8,6304.8,38.0,24,0
1782939922.704,167.767,300.1,79.14,100,60,91,5039.5,4315.8,300.3,79.15,100,60,86,4834.1,5710.2,294.7,79.15,100,61,90,6117.3,5805.0,282.3,79.14,100,60,87,5383.9,5566.9,38.0,24,0
1782939923.158,168.221,300.1,79.14,100,60,91,4858.4,3877.8,300.3,79.15,100,60,86,5382.5,5146.5,295.0,79.15,100,61,90,5468.4,6106.5,282.1,79.14,100,60,87,4955.3,6055.3,39.0,24,0
1782939923.600,168.663,299.8,79.14,100,59,91,5087.4,3969.9,299.8,79.15,100,60,86,4886.1,5644.9,294.1,79.15,100,61,90,4903.5,6110.5,281.6,79.14,100,61,87,5529.0,5578.7,39.0,24,0
1782939924.043,169.106,299.8,79.14,100,59,91,4507.1,4183.9,299.4,79.15,100,60,86,5232.9,5366.7,293.5,79.15,100,61,90,5461.4,5949.0,281.3,79.14,100,60,87,5434.4,6396.9,39.0,24,0
1782939924.485,169.548,300.0,79.14,100,60,91,5049.2,3803.4,299.4,79.15,100,60,86,5295.4,5541.4,293.4,79.15,100,60,90,4856.3,6093.8,280.8,79.14,100,59,87,4820.8,6317.7,39.0,24,0
1782939924.929,169.992,299.9,79.14,100,60,91,5057.0,4215.5,299.5,79.15,100,59,86,4885.3,5702.7,293.4,79.15,100,60,90,5429.2,5718.5,280.8,79.14,100,59,87,5422.8,5756.2,39.0,24,0
1782939925.374,170.437,299.9,79.14,100,60,91,4561.2,4238.6,299.6,79.15,100,59,86,5379.0,5237.3,293.0,79.15,100,61,90,5404.3,6248.8,280.7,79.14,100,60,87,4902.8,6187.3,39.0,24,0
1782939925.818,170.881,300.1,79.14,100,60,91,5058.5,3710.4,299.4,79.15,100,59,86,5225.1,5690.8,292.8,79.15,100,60,90,4913.7,6100.8,280.7,79.14,100,59,87,5918.1,5659.7,39.0,24,0
1782939926.263,171.326,300.1,79.14,100,60,91,4493.8,4175.6,300.1,79.15,100,59,86,5265.9,5302.0,293.3,79.15,100,61,90,5413.4,5868.5,280.8,79.14,100,60,87,5093.9,6053.9,39.0,24,0
1782939926.709,171.772,300.1,79.14,100,60,91,5784.4,3712.4,300.4,79.15,100,59,86,191.8,7.7,293.4,79.15,100,60,90,21012.0,17860.0,281.0,79.14,100,59,87,21052.2,12189.4,39.0,24,0
1782939928.070,173.133,290.4,79.14,99,44,91,10354.1,4.7,292.3,79.15,99,39,85,20708.6,4.9,287.4,79.15,99,45,91,10379.6,8596.6,272.5,79.14,99,42,87,3418.9,14329.3,39.0,24,0
1782939928.514,173.577,297.5,79.14,99,45,91,1.9,9881.9,286.1,79.15,99,46,86,7467.2,4.7,282.4,79.15,100,52,90,19690.4,4.6,269.9,79.14,99,46,87,9000.1,9786.5,39.0,24,0
1782939928.959,174.022,300.3,79.14,99,50,91,2.6,4110.7,286.1,79.15,99,46,86,14782.9,5.5,285.9,79.15,100,58,91,10389.9,8598.3,269.9,79.14,99,46,87,2.8,15787.3,39.0,24,0
1782939929.402,174.464,301.9,79.14,100,52,91,8171.3,6.2,290.1,79.15,99,46,86,20223.4,4.7,285.9,79.15,100,58,91,10383.1,8600.9,275.3,79.14,99,47,87,1.9,15759.7,39.0,24,0
1782939929.847,174.910,299.8,79.14,99,43,92,20706.3,5.5,293.2,79.15,99,45,86,12328.6,6976.0,287.2,79.15,99,51,90,9713.1,18162.2,276.7,79.14,99,48,87,20757.3,17189.6,39.0,24,0
1782939930.292,175.355,299.8,79.14,99,43,92,3.2,3.6,283.8,79.15,98,25,86,2.5,297.3,278.4,79.15,98,27,90,4616.2,13114.2,259.5,79.14,98,27,86,19296.7,10.5,39.0,24,0
1782939930.734,175.797,279.5,79.14,100,58,89,6.3,10.1,273.0,79.15,100,65,86,5549.9,14787.2,265.1,79.15,100,53,90,16641.5,4.6,249.0,79.14,100,64,87,3.5,4.4,39.0,24,0
1782939931.182,176.245,253.0,79.14,100,50,91,12169.6,4.2,273.6,79.15,100,50,86,4.3,4.3,266.9,79.15,100,47,90,17121.9,14514.3,261.5,79.14,100,46,87,5275.9,5.0,39.0,24,0
1782939931.624,176.687,267.9,79.14,100,50,91,17957.0,2583.1,292.0,79.15,100,53,86,1.8,4.7,289.5,79.15,100,54,91,17220.4,15425.7,277.4,79.14,100,52,87,4308.8,8.2,39.0,24,0
1782939932.076,177.139,296.8,79.14,100,54,91,2.2,12654.0,293.3,79.15,100,45,86,18419.9,5218.1,288.3,79.15,100,46,90,2.2,1338.8,276.4,79.14,100,45,87,19077.3,16524.5,39.0,24,0
1782939932.516,177.579,297.9,79.14,100,38,92,2.2,5.6,285.7,79.15,100,39,86,4032.8,15591.7,280.1,79.15,100,39,91,17111.1,5.3,265.9,79.14,100,37,86,2.0,9532.7,39.0,24,0
1782939932.959,178.022,296.7,79.14,100,45,90,1.9,9353.5,285.7,79.15,100,39,86,18303.7,9042.9,282.9,79.15,100,57,91,5.4,4.8,265.9,79.14,100,37,86,2251.5,15776.0,39.0,24,0
1782939933.401,178.464,300.9,79.14,100,49,92,3.5,12853.2,285.9,79.15,100,55,86,17888.4,5704.6,282.9,79.15,100,57,91,2.6,4.9,270.1,79.14,100,56,87,9736.9,15008.6,39.0,24,0
1782939933.843,178.906,302.5,79.14,100,48,91,1.9,6640.0,290.8,79.15,100,45,86,18113.7,11815.2,284.2,79.15,100,49,90,1.8,4.9,274.2,79.14,100,46,87,820.7,16775.3,39.0,24,0
1782939934.287,179.350,302.5,79.14,100,48,91,2.3,4.6,293.7,79.15,100,54,86,20729.1,17110.1,288.9,79.15,100,57,91,2.3,4.7,279.0,79.14,100,57,87,1.8,10167.7,39.0,24,0
1782939934.732,179.795,302.2,79.14,100,54,91,5.1,10.2,294.8,79.15,100,48,87,20733.0,17078.7,288.1,79.15,100,49,90,2.9,4.9,277.2,79.14,100,47,87,3.6,11635.8,39.0,24,0
1782939935.180,180.243,298.9,79.14,100,46,91,1.8,4.6,298.0,79.15,100,57,86,12060.1,14802.4,289.6,79.15,100,51,91,10068.0,4.8,279.4,79.14,100,58,87,1.9,537.5,39.0,24,0
1782939935.622,180.685,299.3,79.14,100,49,91,2.7,1612.1,293.0,79.15,100,45,86,18769.7,16320.2,288.0,79.15,100,46,91,2.1,8.6,275.8,79.14,100,45,87,20781.3,17195.1,39.0,24,0
1782939936.086,181.149,300.0,79.14,100,45,91,20706.6,4.6,290.0,79.15,100,41,86,4.7,145.6,280.9,79.15,100,43,91,19719.4,17222.9,265.7,79.14,100,42,86,2.5,5.7,39.0,24,0
1782939936.529,181.592,279.6,79.14,100,39,90,17737.4,11409.6,273.1,79.15,100,12,85,1.9,4.6,269.4,79.15,98,11,89,2.6,17243.8,255.2,79.14,100,11,87,20760.2,4.3,4.0,0,21
1782939936.972,182.035,271.1,79.14,99,51,91,5.6,5713.7,273.1,79.15,100,12,85,17999.1,13046.5,275.5,79.15,100,65,91,11.3,4.2,255.2,79.14,100,11,87,2.7,5840.4,4.0,0,21
1782939937.415,182.478,287.6,79.14,100,50,91,4.6,4.2,280.7,79.15,100,70,86,1.9,10097.4,275.5,79.15,100,65,91,17746.2,8123.0,269.1,79.14,100,69,87,2.7,4.4,4.0,0,21
1782939937.857,182.919,301.6,79.14,100,59,91,20706.8,4.6,299.8,79.15,100,55,87,1.9,4.9,295.3,79.15,100,62,91,19175.4,14687.2,286.0,79.14,100,59,87,3476.8,4.8,4.0,0,21
1782939938.297,183.360,301.6,79.14,100,59,91,5.0,5.4,294.9,79.15,100,46,87,10302.1,15173.6,288.8,79.15,100,46,90,11090.2,6.0,277.0,79.14,100,46,87,2.8,17241.2,4.0,0,21
1782939938.739,183.802,297.2,79.14,100,45,91,23690.3,10.0,290.6,79.15,100,45,86,6.7,11833.2,281.4,79.15,100,45,90,18360.4,6202.3,269.4,79.14,100,44,87,4.2,5.1,4.0,0,21
1782939939.188,184.251,297.5,79.14,100,44,92,2.4,8651.0,287.4,79.15,100,46,86,18539.4,9485.4,281.6,79.15,100,45,90,1.8,4.8,270.1,79.14,100,45,87,1084.5,16751.1,4.0,0,21
1782939939.630,184.693,300.5,79.14,100,44,92,1.9,17112.5,287.8,79.15,100,46,85,20123.2,511.2,281.6,79.15,100,47,90,2.1,7.6,270.6,79.14,100,46,86,16865.6,14609.2,4.0,0,21
1782939940.077,185.140,299.4,79.14,100,46,92,2.7,17113.4,290.5,79.15,100,53,86,20707.3,5.3,287.3,79.15,100,57,91,4.0,4.6,275.4,79.14,100,57,87,9735.6,14957.3,4.0,0,21
1782939940.518,185.581,301.9,79.14,100,57,92,3.6,7392.4,293.1,79.15,100,46,85,18138.5,8715.3,286.7,79.15,100,48,90,2.2,4.7,276.3,79.14,100,45,86,1089.2,16747.1,4.0,0,21
1782939940.962,186.025,299.8,79.14,100,48,90,1.9,6.6,293.1,79.15,100,46,85,20225.2,17110.0,289.0,79.15,100,47,91,4.5,5.5,276.3,79.14,100,45,86,1.9,17280.8,4.0,0,21
1782939941.406,186.469,301.0,79.14,100,52,92,3.9,4.1,295.8,79.15,100,49,86,20227.0,17110.1,289.0,79.15,100,47,91,2.0,4.9,277.5,79.14,100,49,87,1.9,17290.1,4.0,0,21
1782939941.847,186.910,299.3,79.14,100,47,91,1.9,11834.7,292.7,79.15,100,46,87,18369.6,6590.1,286.3,79.15,100,47,90,2.1,5.3,276.3,79.14,100,45,88,19578.8,14456.2,4.0,0,21
1782939942.290,187.353,299.3,79.14,100,47,91,20706.1,6.0,290.0,79.15,100,46,86,3.8,14405.8,285.4,79.15,100,48,91,18371.6,3289.1,271.9,79.14,100,48,86,2.1,496.2,4.0,0,21
1782939942.733,187.796,296.7,79.14,100,45,91,19075.4,23297.4,286.5,79.15,100,43,86,19411.6,14270.7,281.8,79.15,100,42,91,13465.7,4.4,269.9,79.14,100,42,86,4.4,4.1,7.0,1,19
1782939943.180,188.243,292.1,79.14,98,23,91,20707.9,16077.2,278.0,79.15,100,48,86,114.0,4.2,268.1,79.15,100,41,90,3.9,3.4,258.3,79.14,100,39,86,19819.8,14459.5,7.0,1,19
1782939943.622,188.685,275.6,79.14,100,49,91,3.1,4.3,281.4,79.15,100,48,85,13403.6,14530.6,274.5,79.15,100,49,90,8735.3,7.4,266.2,79.14,100,47,87,11.4,6.6,7.0,1,19
1782939944.064,189.127,278.6,79.14,100,49,91,2422.5,4.6,297.8,79.15,100,53,86,2.8,4658.4,289.9,79.15,100,50,90,18754.4,13137.7,281.2,79.14,100,45,87,2.0,4.7,7.0,1,19
1782939944.505,189.568,297.3,79.14,100,46,91,4.0,5.7,292.9,79.15,100,45,85,11749.3,15401.0,290.5,79.15,100,45,91,9442.5,11.5,277.7,79.14,100,46,88,2.0,17255.7,7.0,1,19
1782939944.950,190.013,299.2,79.14,100,45,91,18496.1,3958.1,292.9,79.15,100,45,85,4.1,2737.1,281.8,79.15,100,47,90,19024.1,15038.3,277.7,79.14,100,46,88,3.8,6.8,7.0,1,19
1782939945.393,190.456,299.0,79.14,100,43,92,2.8,8686.6,286.6,79.15,100,45,85,18377.3,9609.7,281.8,79.15,100,47,90,2.1,5.5,269.3,79.14,100,43,87,20251.7,14928.9,7.0,1,19
1782939945.835,190.897,300.8,79.14,100,47,91,1.9,17117.7,287.2,79.15,100,45,86,20705.6,5.2,279.1,79.15,100,45,91,2.5,4.9,270.8,79.14,100,48,87,20296.3,17198.1,7.0,1,19
1782939946.278,191.341,300.8,79.14,100,47,91,5241.0,15238.3,287.5,79.15,100,45,85,16838.9,5.0,283.7,79.15,100,46,91,4.0,4.0,272.9,79.14,100,48,86,20303.2,17194.0,7.0,1,19
1782939946.719,191.782,299.1,79.14,100,45,92,9.9,14753.3,293.3,79.15,100,58,86,18681.8,2248.9,287.3,79.15,100,48,90,4.6,4.9,276.9,79.14,100,46,87,20230.1,14767.2,7.0,1,19
1782939947.169,192.232,300.7,79.14,100,48,91,1.8,8859.8,292.7,79.15,100,47,86,17965.2,9703.2,288.1,79.15,100,58,91,4.1,5.1,278.3,79.14,100,56,87,6986.3,14823.1,7.0,1,19
1782939947.613,192.676,302.0,79.14,100,57,92,3.5,9191.4,293.5,79.15,100,48,86,17861.0,9426.4,286.6,79.15,100,48,90,1.9,5.1,276.2,79.14,100,48,87,1667.1,15922.6,7.0,1,19
1782939948.056,193.119,299.3,79.14,100,47,90,2.9,12726.3,294.1,79.15,100,45,86,19353.8,4447.9,288.2,79.15,100,55,91,2.0,5.4,277.1,79.14,100,49,87,18194.3,14929.6,7.0,1,19
1782939948.499,193.562,298.9,79.14,100,47,91,1.8,17114.9,286.7,79.15,100,42,86,20715.5,5.5,281.7,79.15,100,36,89,2.6,595.4,267.8,79.14,100,42,87,19721.3,17222.1,7.0,1,19
1782939948.941,194.004,276.6,79.14,100,40,91,20708.7,5.6,286.7,79.15,100,42,86,6.3,9854.6,273.4,79.15,100,45,90,27497.1,17669.0,267.8,79.14,100,42,87,20750.6,17211.6,10.0,3,17
1782939949.383,194.446,267.2,79.14,100,36,91,20708.7,17115.0,281.3,79.15,100,43,86,4.5,4.3,273.4,79.15,100,45,90,3.4,3.7,255.8,79.14,98,12,85,20807.6,16844.3,10.0,3,17
1782939949.826,194.889,286.8,79.14,100,52,91,3.5,4.3,277.9,79.15,100,67,86,4127.9,15130.3,269.3,79.15,100,57,91,17587.4,4.5,264.1,79.14,100,53,87,2.4,8.2,10.0,3,17
1782939950.268,195.331,286.8,79.14,100,52,91,20705.1,4.5,288.4,79.15,100,60,86,1.9,4.7,285.7,79.15,100,58,91,19208.4,14869.5,284.0,79.14,100,61,87,2970.3,4.7,10.0,3,17
1782939950.709,195.772,300.1,79.14,100,51,91,20709.8,8.9,294.4,79.15,100,46,86,8.8,10047.2,292.4,79.15,100,56,91,18371.3,7655.1,280.1,79.14,100,49,87,2.1,5.3,10.0,3,17
1782939951.161,196.224,298.4,79.14,100,51,92,10340.2,15569.6,292.1,79.15,100,44,86,11157.4,5.7,287.2,79.15,100,45,91,3.0,17221.7,271.9,79.14,100,39,87,20751.6,5.8,10.0,3,17
1782939951.602,196.665,295.9,79.14,100,44,91,2.9,5.1,286.8,79.15,100,43,86,17266.1,15307.5,279.1,79.15,100,40,90,3891.1,5.1,269.1,79.14,100,45,86,4.8,13248.9,10.0,3,17
1782939952.044,197.107,298.0,79.14,100,45,90,2.0,7496.3,285.3,79.15,100,47,85,18563.3,10599.7,279.2,79.15,100,56,91,1.9,10.8,270.1,79.14,100,46,86,1091.6,17224.2,10.0,3,17
1782939952.487,197.550,301.8,79.14,100,47,91,2.0,17109.8,285.3,79.15,100,47,85,20707.2,4.7,284.3,79.15,100,45,90,4.2,4.7,270.1,79.14,100,46,86,17013.3,15007.1,10.0,3,17
1782939952.929,197.991,302.3,79.14,100,49,91,3.6,10084.1,291.9,79.15,100,48,86,25528.3,64.8,284.3,79.15,100,45,90,3.2,4.8,276.7,79.14,100,52,87,8662.3,14953.1,10.0,3,17
1782939953.378,198.440,299.7,79.14,100,47,92,1.8,9093.2,292.4,79.15,100,45,85,17963.5,9621.0,286.8,79.15,100,48,91,3.9,4.6,277.0,79.14,100,47,86,1077.6,14672.2,10.0,3,17
1782939953.818,198.881,284.7,79.14,100,39,90,15672.5,4.1,294.0,79.15,100,55,86,2.0,43.1,287.8,79.15,100,48,89,17976.0,14092.0,274.8,79.14,100,38,86,4074.8,7.2,10.0,3,17
1782939954.264,199.326,284.7,79.14,100,39,90,17638.6,4406.4,285.9,79.15,100,55,86,1.8,5.0,280.3,79.15,100,42,89,7050.5,15508.6,267.7,79.14,100,42,87,14267.9,5.0,10.0,3,17
1782939954.704,199.767,274.6,79.14,100,46,91,1854.4,10.2,277.4,79.15,100,45,85,19369.5,17109.8,275.3,79.15,100,49,91,9.0,10.3,263.5,79.14,100,46,85,10928.1,15238.8,10.0,3,17
1782939955.163,200.226,284.1,79.14,100,46,91,19670.3,5.6,285.1,79.15,100,45,86,3.1,14541.2,280.0,79.15,100,46,90,18724.1,3088.8,269.2,79.14,100,43,85,3.8,1766.2,13.0,5,15
1782939955.606,200.669,297.4,79.14,100,43,91,17318.7,4.4,275.9,79.15,100,25,85,2.8,4.4,270.3,79.15,100,14,91,17111.3,19338.3,262.7,79.14,100,57,87,6.0,7.0,13.0,5,15
1782939956.507,201.570,293.8,79.14,100,55,91,1.8,4.1,296.5,79.15,100,47,86,19396.3,14393.8,295.9,79.15,100,48,89,3425.0,7.4,284.0,79.14,100,47,86,2.7,8933.7,13.0,5,15
1782939956.951,202.014,301.1,79.14,100,50,90,6.0,7.0,296.5,79.15,100,47,86,7338.9,12713.0,294.0,79.15,100,52,90,17331.0,5.6,284.0,79.14,100,47,86,4.0,649.1,13.0,5,15
1782939957.393,202.456,282.5,79.14,100,39,90,2.0,5.6,297.1,79.15,100,53,86,13013.2,16268.1,294.0,79.15,100,52,90,7518.6,5.9,280.2,79.14,100,44,87,1073.7,16767.2,13.0,5,15
1782939957.836,202.899,272.7,79.14,100,44,91,18348.9,8250.5,280.7,79.15,100,40,85,3.0,7.0,274.8,79.15,100,42,89,20763.0,17190.7,263.5,79.14,100,43,86,5.3,7.3,13.0,5,15
1782939958.287,203.350,272.7,79.14,100,44,91,2.3,4.6,275.3,79.15,100,44,86,8437.0,15291.7,267.7,79.15,100,45,90,13061.8,4.8,258.3,79.14,100,45,87,1.9,517.2,13.0,5,15
1782939958.728,203.791,280.8,79.14,100,45,91,6.6,10.2,285.2,79.15,100,45,86,20235.7,17111.1,280.6,79.15,100,46,90,8.5,4.9,269.9,79.14,100,45,86,1081.9,16761.5,13.0,5,15
1782939959.183,204.246,298.2,79.14,100,46,90,2.9,4.0,290.9,79.15,100,56,86,20233.3,17110.7,287.1,79.15,100,58,90,3.6,4.6,277.4,79.14,99,55,87,1.9,12030.7,13.0,5,15
1782939959.626,204.689,301.8,79.14,100,57,91,3.5,4.6,294.0,79.15,100,47,85,14137.7,14809.5,287.8,79.15,100,48,91,7582.1,7.4,277.1,79.14,100,46,86,8.3,9591.7,13.0,5,15
1782939960.076,205.139,300.2,79.14,100,48,91,3.0,4.6,296.3,79.15,100,50,86,13951.4,14748.3,287.6,79.15,100,45,90,7870.5,4.8,276.1,79.14,100,46,87,2.9,3475.0,13.0,5,15
1782939960.517,205.580,299.2,79.14,100,47,91,3.5,4.6,292.3,79.15,100,46,85,3063.8,15188.9,288.5,79.15,100,51,91,18528.1,4.6,276.5,79.14,100,46,86,1.8,4.1,13.0,5,15
1782939960.958,206.021,300.3,79.14,100,48,91,2.8,7.9,292.3,79.15,100,46,85,20723.1,17108.0,285.1,79.15,100,47,90,3.1,5.9,276.5,79.14,100,46,86,7727.3,15611.4,13.0,5,15
1782939961.401,206.464,298.7,79.14,100,42,91,20704.9,5.6,290.6,79.15,100,47,86,4.7,4075.6,285.1,79.15,100,47,90,19014.6,13376.5,273.0,79.14,100,43,87,2.8,5.7,13.0,5,15
1782939961.842,206.905,295.6,79.14,98,34,90,208.9,4.8,288.0,79.15,100,43,86,2.7,6216.4,283.7,79.15,100,43,90,18291.2,11702.6,271.0,79.14,100,45,86,5.0,6.7,16.0,7,13
1782939962.288,207.350,295.6,79.14,98,34,90,20708.6,17109.6,280.1,79.15,100,51,86,1.9,4.0,273.2,79.15,100,52,90,4.3,484.7,263.3,79.14,100,49,86,19733.8,17197.7,16.0,7,13
1782939962.728,207.791,292.1,79.14,100,51,91,6.5,5599.8,288.6,79.15,100,52,86,17943.3,8672.2,282.0,79.15,100,47,89,2.7,4.4,273.7,79.14,100,46,86,1.8,17310.2,16.0,7,13
1782939963.186,208.249,296.6,79.14,100,50,91,2.6,5.1,299.8,79.15,100,57,86,20234.4,17110.4,296.6,79.15,100,55,90,3.6,4.7,284.2,79.14,100,53,87,1.9,15162.3,16.0,7,13
1782939963.628,208.691,300.4,79.14,100,49,91,20709.3,17109.8,293.0,79.15,100,46,85,2.2,5.9,286.9,79.15,100,47,89,16856.4,15183.8,276.9,79.14,100,46,86,4951.0,11.1,16.0,7,13
1782939964.078,209.140,299.3,79.14,100,43,91,2.5,17061.3,288.9,79.15,100,42,86,20703.0,5.7,280.2,79.15,100,47,90,2.6,11824.1,267.5,79.14,100,38,87,18542.2,5791.0,16.0,7,13
1782939964.519,209.582,296.6,79.14,100,43,92,20706.1,4.6,285.1,79.15,100,45,86,2.4,4.6,281.4,79.15,100,46,90,18166.1,14871.5,271.0,79.14,100,56,87,3634.2,4.7,16.0,7,13
1782939964.959,210.022,300.4,79.14,100,51,91,18306.6,7.3,285.1,79.15,100,45,86,4.0,4.3,281.1,79.15,100,46,89,20773.3,17199.5,271.0,79.14,100,56,87,3.7,5.0,16.0,7,13
1782939965.402,210.465,300.6,79.14,100,47,91,20705.6,5.8,288.2,79.15,100,48,85,4.3,4.6,281.1,79.15,100,46,89,18908.5,14726.4,273.0,79.14,100,48,85,3488.0,4.5,16.0,7,13
1782939965.844,210.907,300.5,79.14,100,56,91,17859.1,7185.4,292.3,79.15,100,56,86,1.9,4.6,287.2,79.15,100,58,90,1092.2,16631.9,277.5,79.14,100,55,87,20612.1,8.2,16.0,7,13
1782939966.287,211.350,300.5,79.14,100,56,91,18455.3,16644.5,293.0,79.15,100,48,86,1.9,4.7,287.1,79.15,100,48,90,3.4,17249.0,276.3,79.14,100,48,87,20753.0,5.3,16.0,7,13
1782939966.729,211.791,299.7,79.14,100,48,90,18109.8,16829.7,294.3,79.15,100,51,86,8.5,7.2,286.6,79.15,100,49,90,1079.1,16744.1,276.3,79.14,100,57,87,20750.3,4.9,16.0,7,13
1782939967.178,212.241,298.8,79.14,100,49,91,20617.3,5.6,291.9,79.15,100,45,86,4.3,8.7,287.1,79.15,100,48,91,20776.1,17194.6,275.1,79.14,100,45,87,3.1,5.8,16.0,7,13
1782939967.620,212.683,299.5,79.14,100,45,91,2.2,17115.9,289.7,79.15,100,46,85,20704.9,6.1,281.8,79.15,100,45,90,2.1,5044.1,270.2,79.14,100,45,86,18635.4,12766.7,16.0,7,13
1782939968.063,213.126,298.2,79.14,100,44,91,19965.3,15003.2,282.4,79.15,98,17,85,4879.4,4.5,278.9,79.15,98,32,89,3.0,1930.9,259.8,79.14,100,16,85,18308.8,16058.5,19.0,9,11
1782939968.504,213.567,293.2,79.14,100,53,92,1.8,4.0,284.9,79.15,100,51,86,19526.3,14416.0,277.4,79.15,100,51,90,2973.6,4.2,268.5,79.14,100,48,86,1.7,3.7,19.0,9,11
1782939968.946,214.008,293.6,79.14,100,50,91,7940.5,4.5,284.9,79.15,100,51,86,6.3,72.5,288.0,79.15,100,49,89,19692.0,17198.4,268.5,79.14,100,48,86,2.4,4.5,19.0,9,11
1782939969.393,214.455,300.6,79.14,100,50,91,18223.9,5660.5,290.9,79.15,100,55,86,1.9,4.7,288.0,79.15,100,49,89,6909.9,15278.7,287.3,79.14,99,47,87,14784.2,4.8,19.0,9,11
1782939969.833,214.896,299.8,79.14,100,44,92,10.5,5.3,296.1,79.15,100,50,86,491.3,17123.1,294.0,79.15,100,52,90,20745.7,6.2,281.5,79.14,100,53,87,2.2,13540.5,19.0,9,11
1782939970.275,215.338,299.8,79.14,100,44,92,18910.1,13512.6,289.4,79.15,99,39,86,2.1,5.8,286.5,79.15,100,40,90,20757.4,17187.0,271.8,79.14,100,38,86,3.8,5.5,19.0,9,11
1782939970.716,215.779,297.7,79.14,100,45,92,8.0,6.9,285.5,79.15,100,45,85,20716.2,17110.4,276.7,79.15,100,44,90,6.0,4.8,267.7,79.14,100,45,87,1.9,15676.0,19.0,9,11
1782939971.165,216.228,298.6,79.14,100,45,91,2.5,2854.1,287.7,79.15,100,49,86,18647.4,15318.2,281.2,79.15,100,53,90,3.7,4.6,271.2,79.14,100,51,87,3.4,17282.7,19.0,9,11
1782939971.607,216.670,304.0,79.14,100,48,92,2.3,4.5,292.8,79.15,100,48,86,20729.9,17111.1,284.2,79.15,100,48,90,1.9,7.1,276.3,79.14,100,47,86,4.9,17290.2,19.0,9,11
1782939972.055,217.117,301.3,79.14,100,48,91,1.9,4.4,293.5,79.15,100,56,86,12667.4,15211.7,287.0,79.15,100,58,90,8733.1,4.6,278.6,79.14,100,54,87,1.8,532.4,19.0,9,11
1782939972.497,217.560,301.8,79.14,100,56,91,1.9,4.5,293.0,79.15,100,45,86,1.8,17148.0,287.7,79.15,100,48,91,20750.7,4.7,275.9,79.14,100,45,87,1.9,4.7,19.0,9,11
1782939972.938,218.001,299.4,79.14,100,47,91,629.9,4.7,293.0,79.15,100,45,86,6.2,9228.5,287.7,79.15,100,48,91,17933.1,6930.1,275.9,79.14,100,45,87,2.8,4.8,19.0,9,11
1782939973.382,218.445,299.0,79.14,100,48,91,3741.3,5.0,296.3,79.15,100,52,86,2.3,14468.3,287.8,79.15,100,46,90,18490.3,3230.0,276.2,79.14,100,49,87,2.8,4.8,19.0,9,11
1782939973.823,218.886,299.8,79.14,100,45,91,2.1,17111.0,291.6,79.15,100,45,86,20704.7,6.3,285.9,79.15,100,46,90,2.2,5791.9,275.7,79.14,100,45,87,20682.2,10179.7,19.0,9,11
1782939974.266,219.329,299.8,79.14,100,45,91,20705.9,17105.5,287.1,79.15,100,44,85,20702.3,17102.6,280.5,79.15,100,45,89,20743.5,17187.9,269.8,79.14,100,46,86,20749.5,4.4,22.0,11,9
1782939974.707,219.770,293.4,79.14,100,46,91,5.0,17114.0,280.3,79.15,100,55,86,20710.7,10.0,277.1,79.15,100,64,90,8.1,4.3,266.9,79.14,100,60,87,3663.3,15218.9,22.0,11,9
1782939975.156,220.219,294.6,79.14,100,64,91,2.5,4.3,286.8,79.15,100,48,86,516.3,17113.4,283.6,79.15,100,65,90,20754.2,4.5,274.0,79.14,100,59,87,3.6,4.5,22.0,11,9
1782939975.597,220.660,300.0,79.14,100,59,91,17772.9,4.4,301.6,79.15,100,46,85,1.9,4.2,292.7,79.15,100,49,91,20784.4,17194.0,281.3,79.14,100,50,86,3.0,12.2,22.0,11,9
1782939976.044,221.106,299.0,79.14,100,47,91,3.9,5.9,297.5,79.15,100,44,86,5742.1,15426.5,291.9,79.15,100,45,90,15546.5,5.4,278.4,79.14,100,42,87,2.2,13546.8,22.0,11,9
1782939976.485,221.548,296.8,79.14,100,45,91,10399.8,13411.1,297.5,79.15,100,44,86,13817.5,5.8,284.8,79.15,100,43,90,3.0,2485.0,278.4,79.14,100,42,87,17770.4,16719.1,22.0,11,9
1782939976.927,221.989,274.9,79.14,100,38,90,18125.6,8559.5,286.8,79.15,100,42,86,2.7,6.9,284.8,79.15,100,43,90,13553.8,14787.4,268.9,79.14,100,41,87,8731.9,11.0,22.0,11,9
1782939977.372,222.435,274.2,79.14,100,48,91,20708.0,4.7,277.3,79.15,100,46,86,1.9,4.6,269.8,79.15,100,43,89,20778.2,17200.5,258.9,79.14,100,43,86,4.2,5.1,22.0,11,9
1782939977.813,222.876,274.2,79.14,100,48,91,11956.6,4.8,279.8,79.15,100,44,85,4.3,714.5,272.4,79.15,100,47,90,18954.6,16723.8,263.9,79.14,100,45,86,1.9,5.7,22.0,11,9
1782939978.255,223.318,291.9,79.14,100,48,90,20705.1,4.4,290.6,79.15,100,54,86,3.8,4.6,285.1,79.15,100,50,90,17247.8,14699.2,276.0,79.14,100,55,87,4946.8,4.7,22.0,11,9
1782939978.696,223.759,299.9,79.14,100,50,91,17438.0,8558.5,293.6,79.15,100,46,85,11.2,5.2,287.7,79.15,100,47,90,5203.7,14793.2,276.0,79.14,100,46,85,17336.2,4.9,22.0,11,9
1782939979.141,224.204,301.9,79.14,99,48,91,18123.9,5337.2,293.5,79.15,100,53,86,2.8,4.5,286.3,79.15,100,45,90,1397.7,16064.2,274.8,79.14,100,46,87,19906.5,4.7,22.0,11,9
1782939979.582,224.645,299.4,79.14,100,49,91,18225.9,8528.8,292.0,79.15,100,47,85,1.9,5.0,287.4,79.15,100,51,90,8992.2,15235.3,275.7,79.14,100,46,86,12768.0,8.2,22.0,11,9
1782939980.027,225.090,298.8,79.14,100,45,90,2.6,5.7,288.3,79.15,100,43,86,19773.2,15367.2,284.8,79.15,100,43,90,1460.5,5.6,271.0,79.14,100,43,86,1082.1,16689.3,22.0,11,9
1782939980.469,225.532,297.4,79.14,100,46,91,20360.9,154.1,288.3,79.15,100,43,86,2.2,3479.6,281.4,79.15,100,48,90,27819.9,18136.6,271.0,79.14,100,43,86,21325.4,17765.4,25.0,13,7
1782939980.911,225.974,292.9,79.14,100,14,92,15425.3,14980.8,287.9,79.15,100,46,86,6873.6,6.9,281.4,79.15,100,48,90,2.7,4.2,267.8,79.14,98,28,86,16457.3,14660.2,25.0,13,7
1782939981.356,226.419,295.0,79.14,100,53,91,2.3,4.2,282.9,79.15,100,49,86,514.2,17130.4,274.6,79.15,100,49,89,20748.7,4.5,266.1,79.14,100,49,85,1.9,4.6,25.0,13,7
1782939981.797,226.860,295.0,79.14,100,53,91,20708.7,5.0,290.8,79.15,100,50,86,2.0,4.8,284.2,79.15,100,48,89,14501.8,15063.1,278.1,79.14,100,48,86,7291.8,5.4,25.0,13,7
1782939982.241,227.304,302.5,79.14,100,51,90,20032.4,607.9,299.0,79.15,100,55,86,2.1,30.4,294.7,79.15,100,53,90,19699.8,17189.8,283.0,79.14,100,51,87,2.2,5.7,25.0,13,7
1782939982.681,227.744,299.6,79.14,100,53,91,2.2,17116.8,292.4,79.15,100,45,86,20706.0,10.6,287.5,79.15,100,46,89,7.4,14716.9,275.2,79.14,100,42,87,20020.3,580.4,25.0,13,7
1782939983.129,228.192,299.2,79.14,99,41,92,2.5,11.1,285.1,79.15,100,36,86,15437.7,15120.0,279.5,79.15,100,38,90,5931.4,4.8,266.2,79.14,100,43,86,2.0,10462.3,25.0,13,7
1782939983.574,228.636,297.4,79.14,100,45,91,2.5,8070.1,285.9,79.15,100,55,86,18579.3,10096.3,281.3,79.15,100,56,90,2.0,4.7,270.3,79.14,100,49,87,1095.3,17025.3,25.0,13,7
1782939984.016,229.079,302.3,79.14,100,52,92,891.2,16354.4,290.4,79.15,100,44,86,20014.1,4.8,282.1,79.15,100,46,90,3.1,4.2,273.5,79.14,100,48,86,20703.8,17200.9,25.0,13,7
1782939984.457,229.520,302.2,79.14,100,48,91,1.9,17114.0,290.4,79.15,100,44,86,20705.0,5.4,285.6,79.15,100,53,90,2.3,4.8,273.5,79.14,100,48,86,13078.1,14973.1,25.0,13,7
1782939984.899,229.962,300.3,79.14,100,52,91,1.8,15915.7,292.5,79.15,100,45,86,17733.5,2737.9,285.6,79.15,100,53,90,6.3,4.7,273.6,79.14,100,55,87,8090.6,15170.6,25.0,13,7
1782939985.342,230.404,299.4,79.14,100,45,91,3.6,17118.5,293.0,79.15,100,48,86,20705.3,4.6,286.1,79.15,100,48,90,1.9,4.7,275.5,79.14,100,46,86,20784.8,16003.3,25.0,13,7
1782939985.784,230.847,299.4,79.14,100,45,91,18452.2,15377.7,291.9,79.15,100,47,86,1986.4,5.1,284.5,79.15,100,57,90,2.6,17233.1,274.2,79.14,100,48,86,20749.7,5.7,25.0,13,7
1782939986.229,231.291,299.8,79.14,100,46,92,2.1,5.8,289.3,79.15,100,45,86,12856.6,15346.4,285.3,79.15,100,45,90,7296.0,6.5,272.2,79.14,100,45,87,2.0,17241.1,25.0,13,7
1782939986.671,231.734,297.5,79.14,100,40,90,20705.2,5.7,286.9,79.15,100,42,85,5.0,12795.8,280.3,79.15,100,37,90,20756.2,17375.0,266.5,79.14,100,40,86,21093.9,16985.9,28.0,15,5
1782939987.118,232.181,290.8,79.14,100,41,91,18135.7,12880.3,275.1,79.15,100,62,86,3.4,4.2,269.3,79.15,100,64,90,2.3,6606.0,260.8,79.14,100,60,87,17819.5,11845.3,28.0,15,5
1782939987.560,232.623,291.9,79.14,100,59,91,2.0,4.2,285.0,79.15,100,52,86,20733.3,17111.9,279.2,79.15,100,65,90,2.5,4.5,271.8,79.14,100,59,87,1.9,13353.4,28.0,15,5
1782939988.008,233.071,294.1,79.14,100,59,91,1.9,4.6,300.6,79.15,100,47,85,1.8,17176.9,293.1,79.15,100,51,90,20753.6,5.5,282.6,79.14,100,50,86,2.4,4.8,28.0,15,5
1782939988.451,233.513,298.4,79.14,100,46,91,4.5,5.5,300.6,79.15,100,47,85,5680.1,15429.3,290.3,79.15,100,46,89,15549.8,5.8,282.6,79.14,100,50,86,2.6,16804.6,28.0,15,5
1782939988.892,233.954,297.0,79.14,100,45,92,18976.2,15467.7,296.2,79.15,100,44,86,2.1,8.3,290.3,79.15,100,46,89,17758.7,15373.6,275.8,79.14,100,43,87,3837.2,5.8,28.0,15,5
1782939989.332,234.395,298.1,79.14,100,43,91,2.5,7248.2,289.4,79.15,100,43,86,18807.7,10637.6,285.2,79.15,100,44,90,2.8,5.1,269.2,79.14,100,42,86,8719.2,15479.0,28.0,15,5
1782939989.775,234.838,298.1,79.14,100,43,91,6718.6,14894.2,282.7,79.15,100,45,86,15365.5,4.7,277.7,79.15,100,49,90,2.5,505.1,265.2,79.14,100,45,85,19699.1,17192.1,28.0,15,5
1782939990.222,235.285,300.9,79.14,100,48,92,10955.9,15214.1,289.6,79.15,100,47,86,10967.3,4.8,281.3,79.15,100,44,89,2.9,2094.3,274.1,79.14,100,53,87,18338.3,16065.0,28.0,15,5
1782939990.664,235.727,303.0,79.14,100,45,91,1.7,17113.9,293.6,79.15,100,48,85,20707.1,7.4,286.0,79.15,100,49,90,8.4,7.4,276.5,79.14,100,48,85,14991.9,14923.0,28.0,15,5
1782939991.108,236.171,300.7,79.14,100,48,91,1.8,7965.3,294.6,79.15,100,53,86,18188.9,10490.0,287.9,79.15,100,48,89,6.0,4.6,277.1,79.14,100,48,87,1082.0,16781.8,28.0,15,5
1782939991.553,236.616,299.4,79.14,100,49,90,4.5,5142.9,294.0,79.15,100,46,86,18369.9,13265.1,289.8,79.15,100,55,90,1.8,4.6,278.1,79.14,100,55,87,1.7,17290.5,28.0,15,5
1782939991.994,237.057,301.8,79.14,100,60,91,1.9,4.6,293.4,79.15,100,48,86,20729.0,17112.0,286.2,79.15,100,49,90,2.4,4.9,275.5,79.14,100,46,86,3.5,13809.2,28.0,15,5
1782939992.437,237.500,298.7,79.14,100,45,91,314.5,16604.7,293.4,79.15,100,48,86,20703.9,5.6,286.2,79.15,100,49,90,3.5,11587.4,275.5,79.14,100,46,86,18263.8,6411.8,28.0,15,5
1782939992.878,237.940,297.1,79.14,100,44,91,2.1,5.5,292.3,79.15,100,45,86,496.7,17110.2,283.3,79.15,100,45,90,20749.6,8.5,273.0,79.14,100,46,86,3.8,11367.4,30.0,17,3
1782939993.320,238.383,297.1,79.14,100,25,91,5698.1,4.3,287.3,79.15,100,46,85,3.5,4.4,280.9,79.15,100,48,89,19729.6,17206.6,264.5,79.14,98,22,85,1.9,4.1,30.0,17,3
1782939993.763,238.826,292.2,79.14,100,25,91,8.6,17115.4,284.8,79.15,100,58,86,20708.2,4.5,276.7,79.15,100,49,90,1.8,4.5,268.5,79.14,100,50,86,7627.8,14990.6,30.0,17,3
1782939994.209,239.271,293.9,79.14,100,53,90,1.7,4.0,290.9,79.15,100,60,86,4811.8,14806.7,285.4,79.15,100,48,89,17338.3,4.7,281.3,79.14,100,49,87,2.4,5.2,30.0,17,3
1782939994.650,239.712,302.6,79.14,100,49,91,3.5,4.7,297.0,79.15,100,54,86,2.5,17148.0,295.2,79.15,100,56,90,20750.9,12.5,282.5,79.14,100,50,87,9.2,16542.3,30.0,17,3
1782939995.099,240.162,300.2,79.14,100,52,92,20707.4,17108.5,292.6,79.15,100,45,86,2.3,6.2,285.6,79.15,100,45,89,15224.6,15335.8,273.1,79.14,100,38,86,6429.6,5.7,30.0,17,3
1782939995.540,240.603,298.2,79.14,100,40,91,2.2,16524.7,284.0,79.15,100,42,86,18736.2,1632.6,278.1,79.15,99,39,90,2.0,5.1,264.6,79.14,100,46,85,20780.5,17185.7,30.0,17,3
1782939995.983,241.046,296.6,79.14,100,45,91,20709.7,17112.5,284.0,79.15,100,42,86,2.9,4.8,280.2,79.15,100,56,90,2.4,17238.8,264.6,79.14,100,46,85,20751.8,7.1,30.0,17,3
1782939996.426,241.489,301.1,79.14,100,54,92,17959.3,5097.6,285.7,79.15,100,50,86,3.7,5.4,280.2,79.15,100,56,90,20767.1,17193.4,269.1,79.14,100,49,87,2.0,4.9,30.0,17,3
1782939996.869,241.932,302.9,79.14,100,47,91,20706.9,4.5,291.3,79.15,100,45,86,2.8,4.8,284.3,79.15,100,45,89,19873.8,15566.8,275.7,79.14,100,50,87,1154.0,4.6,30.0,17,3
1782939997.311,242.374,302.9,79.14,100,47,91,20707.2,4.5,293.2,79.15,100,44,85,8.1,4.8,283.3,79.15,100,47,90,20043.7,14875.0,273.7,79.14,100,47,85,2234.9,4.7,30.0,17,3
1782939997.754,242.817,300.2,79.14,100,46,91,20710.6,7.5,293.3,79.15,100,55,86,5.1,27.9,285.5,79.15,100,49,90,19693.7,17190.3,274.7,79.14,100,43,87,2.8,4.8,30.0,17,3
1782939998.197,243.260,299.3,79.14,100,46,91,2.1,4.8,291.5,79.15,100,46,87,2.9,17138.0,284.0,79.15,100,48,90,20702.7,5.8,273.7,79.14,100,46,86,4.5,4.7,30.0,17,3
1782939998.640,243.703,298.7,79.14,100,46,91,1854.8,15533.8,286.0,79.15,100,45,85,19658.7,6.0,281.2,79.15,100,45,90,6.2,17217.1,268.6,79.14,100,46,86,20747.8,9.2,30.0,17,3
1782939999.084,244.147,298.0,79.14,100,42,91,2.7,11524.6,285.1,79.15,100,37,85,18623.7,6599.9,278.0,79.15,100,39,88,2.2,490.6,265.1,79.14,100,38,86,29298.9,17848.8,33.0,19,1
1782939999.526,244.589,289.9,79.14,98,38,91,20706.0,4.0,280.5,79.15,100,63,85,500.5,16967.1,270.6,79.15,99,49,90,3.5,4986.7,261.8,79.14,99,47,87,13623.1,4.6,33.0,19,1
1782939999.967,245.030,294.6,79.14,99,48,91,3.9,15073.8,280.5,79.15,100,63,85,1391.6,3080.2,279.2,79.15,100,53,89,15532.1,6.3,261.8,79.14,99,47,87,20093.4,718.5,33.0,19,1
1782940000.411,245.474,295.5,79.14,99,44,91,2.9,17110.3,284.0,79.15,99,44,86,2.9,12604.4,279.2,79.15,100,53,89,3838.2,8164.9,270.4,79.14,99,47,86,10374.5,4.8,33.0,19,1
1782940000.853,245.916,297.0,79.14,99,46,92,17809.7,4.5,288.8,79.15,99,43,86,10360.3,8558.4,283.5,79.15,99,40,89,1.9,13297.3,271.2,79.14,99,44,86,3500.1,1306.3,33.0,19,1
1782940001.295,246.357,297.0,79.14,99,46,92,13748.9,5705.5,287.3,79.15,100,52,86,1.7,17132.9,277.7,79.15,99,46,90,2.3,4306.1,269.4,79.14,99,47,86,10417.1,4.6,33.0,19,1
1782940001.739,246.802,300.9,79.14,99,47,91,8533.0,9203.4,291.9,79.15,99,48,86,6.5,11846.4,283.0,79.15,99,47,90,4988.0,486.5,274.6,79.14,99,45,87,19691.4,4.8,33.0,19,1
1782940002.183,247.246,301.3,79.14,99,47,91,10354.1,2572.2,291.2,79.15,99,43,86,16954.2,5.6,285.8,79.15,99,44,89,17828.9,2394.1,273.3,79.14,99,43,86,10381.9,8599.7,35.0,21,0
1782940002.624,247.686,299.6,79.14,99,42,91,5241.6,4439.5,286.5,79.15,100,54,85,4783.9,4676.0,279.9,79.15,100,54,89,6503.8,5491.4,269.0,79.14,100,56,86,5655.7,5891.2,35.0,24,0
1782940003.075,248.138,300.3,79.14,100,57,91,4677.4,4335.4,287.5,79.15,100,59,85,4793.3,5290.7,280.7,79.15,100,61,89,5486.6,5390.9,269.2,79.14,100,59,86,5470.5,5973.5,35.0,24,0
1782940003.517,248.580,302.7,79.14,100,59,91,5110.4,3810.8,294.6,79.15,100,59,85,5390.2,5443.8,285.1,79.15,100,61,89,4902.2,6201.7,275.1,79.14,100,60,86,5386.0,5544.6,35.0,24,0
1782940003.960,249.022,302.9,79.14,100,60,91,4644.8,4276.8,294.6,79.15,100,59,85,5281.8,5200.3,288.7,79.15,100,60,89,5462.1,5778.1,275.1,79.14,100,60,86,4989.3,6174.2,35.0,24,0
1782940004.402,249.464,301.0,79.14,100,60,91,5052.2,3747.3,296.9,79.15,100,59,85,5366.0,5741.9,288.7,79.15,100,60,89,4933.7,6383.3,277.1,79.14,100,60,86,5407.5,5606.1,35.0,24,0
1782940004.845,249.907,300.4,79.14,100,60,91,4867.1,4370.0,298.5,79.15,100,60,85,4828.8,5724.8,290.1,79.15,100,61,89,5466.3,5757.3,279.2,79.14,100,61,86,5674.0,6403.8,35.0,24,0
1782940005.287,250.350,300.4,79.14,100,60,91,5049.4,3761.1,299.7,79.15,100,59,85,5346.7,5635.3,291.1,79.15,100,61,89,4949.3,6176.5,279.6,79.14,100,59,86,4811.4,6357.9,35.0,24,0
1782940005.730,250.793,300.0,79.14,100,60,91,5115.5,5031.6,299.6,79.15,100,60,85,5410.3,5439.8,291.0,79.15,100,61,89,5461.3,5781.9,279.7,79.14,100,60,86,5439.2,6272.1,35.0,24,0
1782940006.183,251.246,299.9,79.14,100,60,91,4988.7,3734.3,300.1,79.15,100,60,85,5317.1,5629.5,291.5,79.15,100,61,89,5036.9,6314.5,280.1,79.14,100,60,86,4940.2,6217.4,35.0,24,0
1782940006.626,251.689,300.3,79.14,100,61,91,5110.3,4352.0,300.6,79.15,100,60,85,4791.3,5627.3,292.3,79.15,100,61,89,6314.6,5748.1,280.5,79.14,100,60,86,5535.3,6423.9,35.0,24,0
1782940007.073,252.136,299.9,79.14,100,60,91,5054.3,3711.6,300.4,79.15,100,60,85,5300.2,5490.8,292.4,79.15,100,61,89,5533.6,6333.5,280.1,79.14,100,60,86,4796.1,6347.7,35.0,24,0
1782940007.516,252.579,300.0,79.14,100,60,91,5170.8,4175.3,300.6,79.15,100,60,85,4824.7,5727.4,292.7,79.15,100,61,89,5453.0,5928.0,280.1,79.14,100,60,86,5421.5,5717.8,35.0,24,0
1782940007.959,253.022,300.1,79.14,100,60,91,4495.3,4228.4,300.6,79.15,100,60,85,5239.1,5344.7,292.6,79.15,100,61,89,5412.9,5931.2,280.1,79.14,100,60,86,4997.0,6360.1,36.0,24,0
1782940008.402,253.465,299.9,79.14,100,60,91,5048.3,3710.7,300.4,79.15,100,60,85,5318.5,5732.9,292.6,79.15,100,61,89,4975.4,6264.8,280.2,79.14,100,60,86,5053.8,5820.9,36.0,24,0
1782940008.844,253.907,300.1,79.14,100,60,91,5119.0,4165.9,300.5,79.15,100,60,85,4854.1,5748.0,292.4,79.15,100,61,89,5129.6,6038.6,280.6,79.14,100,60,86,5588.2,5586.5,36.0,24,0
1782940009.286,254.349,300.1,79.14,100,60,91,4525.6,4254.7,301.4,79.15,100,61,85,5388.9,5215.5,293.2,79.15,100,61,89,5520.1,5853.8,281.4,79.14,100,60,86,5477.6,6286.4,36.0,24,0
1782940009.728,254.791,300.2,79.14,100,60,91,4992.0,4417.9,300.9,79.15,100,60,86,4862.6,5649.4,293.2,79.15,100,61,89,4883.4,6278.5,281.4,79.14,100,60,86,5425.9,5823.8,36.0,24,0
1782940010.184,255.247,300.1,79.14,100,60,91,4615.1,4144.0,300.4,79.15,100,60,85,5081.0,5435.7,293.4,79.15,100,61,89,5453.1,5775.8,281.3,79.14,100,60,86,5508.7,6232.8,36.0,24,0
1782940010.625,255.687,299.9,79.14,100,60,91,5118.2,3729.7,299.7,79.15,100,59,85,5331.6,5271.7,292.9,79.15,100,61,89,6078.7,6283.1,280.6,79.14,100,59,86,5244.8,6044.6,36.0,24,0
1782940011.071,256.133,299.7,79.14,100,60,91,5051.3,4224.7,299.1,79.15,100,60,86,4782.8,5600.2,291.3,79.15,100,61,89,5442.1,5754.5,279.6,79.14,100,60,86,5581.4,6233.5,36.0,24,0
1782940011.514,256.577,299.8,79.14,100,60,91,4691.0,4072.4,299.4,79.15,100,60,86,5372.7,5148.7,290.9,79.15,100,61,89,5485.8,6069.0,279.6,79.14,100,60,86,4824.6,6126.9,36.0,24,0
1782940011.958,257.021,300.1,79.14,100,60,91,5111.9,4148.2,299.4,79.15,100,60,86,4832.9,5624.1,291.6,79.15,100,61,89,4834.1,6232.4,279.6,79.14,100,60,86,5402.9,5665.1,36.0,24,0
1782940012.401,257.464,299.9,79.14,100,60,91,4493.7,4225.9,299.9,79.15,100,59,85,5275.0,5179.2,291.6,79.15,100,61,89,5625.9,5917.8,279.8,79.14,100,60,86,4867.7,5979.5,36.0,24,0
1782940012.844,257.907,299.9,79.14,100,60,91,5077.3,3698.4,299.8,79.15,100,59,85,5414.2,5597.8,291.1,79.15,100,61,89,4835.1,6164.8,279.7,79.14,100,60,86,5241.9,5692.3,36.0,24,0
1782940013.287,258.350,299.9,79.14,100,60,91,4933.6,4175.6,299.5,79.15,100,60,86,4886.8,5383.4,291.0,79.15,100,61,89,5413.8,5477.0,279.6,79.14,100,60,86,5494.8,6209.8,36.0,24,0
1782940013.730,258.792,300.2,79.14,100,60,91,5061.7,4427.1,299.6,79.15,100,59,86,5426.4,5582.5,291.0,79.15,100,61,89,4909.9,6161.3,279.7,79.14,100,60,86,5365.7,5931.5,36.0,24,0
1782940014.182,259.245,300.0,79.14,100,60,91,4646.3,4314.1,299.5,79.15,100,59,86,5232.1,5184.0,290.7,79.15,100,61,89,5428.2,5723.6,279.3,79.14,100,59,86,5510.0,6056.0,36.0,24,0
1782940014.625,259.687,299.8,79.14,100,59,91,5076.7,3811.0,298.8,79.15,100,59,86,5378.5,5423.7,290.0,79.15,100,60,89,5900.8,5934.2,278.7,79.14,100,60,86,6226.2,5515.9,36.0,24,0
1782940015.076,260.139,299.7,79.14,100,59,91,4665.4,4038.7,297.8,79.15,100,58,85,5423.8,4982.7,289.0,79.15,100,60,89,5644.3,6066.0,276.8,79.14,100,58,86,4888.7,5975.6,36.0,24,0
1782940015.518,260.581,299.4,79.14,100,57,91,4626.7,4332.6,296.2,79.15,100,58,86,4830.7,5443.0,287.2,79.15,100,59,89,5455.5,5159.9,274.6,79.14,100,57,86,5193.8,6365.9,36.0,24,0
1782940015.962,261.025,299.4,79.14,100,57,91,5371.9,4263.8,296.2,79.15,100,58,86,4872.8,5440.6,286.0,79.15,100,59,89,5465.7,5438.5,274.6,79.14,100,57,86,5487.3,5244.6,37.0,24,0
1782940016.405,261.467,299.9,79.14,100,58,91,5091.2,3959.7,294.5,79.15,100,58,86,5433.8,5602.1,286.0,79.15,100,59,89,4968.9,5875.7,274.0,79.14,100,58,86,5441.8,5445.3,37.0,24,0
1782940016.847,261.910,300.0,79.14,100,58,91,4615.1,4473.2,294.6,79.15,100,57,86,5256.6,4983.3,285.9,79.15,100,59,89,5691.6,5847.4,274.1,79.14,100,58,86,5112.6,6283.3,37.0,24,0
1782940017.290,262.353,300.0,79.14,100,58,91,5171.1,4322.9,294.8,79.15,100,57,85,4729.9,5355.0,285.9,79.15,100,59,89,5429.5,5552.2,274.2,79.14,100,57,86,5584.2,6003.5,37.0,24,0
1782940017.733,262.796,300.0,79.14,100,58,91,5294.3,4916.4,294.9,79.15,100,58,86,4882.4,5494.0,286.0,79.15,100,59,89,5421.6,5595.0,274.6,79.14,100,58,86,5663.0,5924.8,37.0,24,0
1782940018.184,263.247,300.0,79.14,100,56,91,5197.7,3768.9,294.6,79.15,100,57,85,5475.0,5205.4,285.9,79.15,100,59,89,4935.7,5937.3,273.8,79.14,100,58,86,5500.0,5465.5,37.0,24,0
1782940018.626,263.689,300.0,79.14,100,57,91,5054.1,4051.0,294.6,79.15,100,57,86,5416.5,5303.0,285.8,79.15,100,59,89,5267.6,5999.5,273.3,79.14,100,58,86,6077.0,5359.4,37.0,24,0
1782940019.075,264.137,300.1,79.14,100,57,91,5139.8,4196.9,294.2,79.15,100,58,85,5470.4,5215.3,285.6,79.15,100,59,89,4900.5,5773.6,273.5,79.14,100,58,86,5132.4,5883.7,37.0,24,0
1782940019.518,264.581,300.0,79.14,100,58,91,4678.9,4388.2,294.4,79.15,100,57,86,5298.7,5014.7,285.7,79.15,100,59,89,5517.8,6214.8,273.9,79.14,100,58,86,4989.3,6014.2,37.0,24,0
1782940019.962,265.024,299.8,79.14,100,57,91,5385.1,4249.9,294.4,79.15,100,57,86,4951.0,5489.1,285.6,79.15,100,59,89,5388.5,5448.5,273.9,79.14,100,58,86,5640.5,6121.3,37.0,24,0
1782940020.403,265.466,300.0,79.14,100,57,91,5197.3,3850.8,294.1,79.15,100,58,85,5353.0,5255.7,285.6,79.15,100,59,89,5013.6,6091.4,273.9,79.14,100,58,86,5487.6,5496.0,37.0,24,0
1782940020.846,265.908,300.2,79.14,100,58,91,4792.4,4048.9,294.2,79.15,100,58,86,5408.1,4989.5,285.6,79.15,100,59,89,5501.8,6057.9,273.8,79.14,100,58,86,5091.0,6404.6,37.0,24,0
1782940021.291,266.354,300.2,79.14,100,58,91,4748.9,4422.0,294.5,79.15,100,58,86,5348.3,5027.1,285.9,79.15,100,59,89,5573.2,5648.6,274.3,79.14,100,59,86,5060.7,6121.9,37.0,24,0
1782940021.732,266.795,300.2,79.14,100,58,91,5176.6,4921.0,294.5,79.15,100,58,86,4990.8,5215.4,285.9,79.15,100,59,89,5529.0,5539.0,274.0,79.14,100,58,86,5434.9,6192.2,37.0,24,0
1782940022.178,267.241,300.0,79.14,100,58,91,5141.2,3908.2,294.5,79.15,100,57,85,5458.2,5291.4,286.1,79.15,100,58,89,4951.3,5868.1,274.0,79.14,100,58,86,5509.7,5780.1,37.0,24,0
1782940022.622,267.685,299.8,79.14,100,57,91,4931.8,4045.9,293.9,79.15,100,57,86,5359.5,4893.0,285.7,79.15,100,59,89,5570.6,6267.7,273.8,79.14,100,58,86,4814.6,6081.7,37.0,24,0
1782940023.067,268.130,299.9,79.14,100,58,91,4604.8,4530.2,293.5,79.15,100,58,85,5348.6,4760.0,285.1,79.15,100,59,89,5557.3,5930.1,273.4,79.14,100,58,86,4933.5,6066.6,37.0,24,0
1782940023.509,268.571,299.9,79.14,100,57,91,5292.4,4233.1,293.4,79.15,100,57,86,4816.4,5235.7,285.2,79.15,100,58,89,5406.1,5442.0,272.9,79.14,100,57,86,5516.7,6143.4,38.0,24,0
1782940023.950,269.013,299.9,79.14,100,58,91,5221.7,4334.9,293.4,79.15,100,57,86,4813.8,5320.7,285.2,79.15,100,58,89,5203.6,5603.4,272.9,79.14,100,57,86,5564.3,5535.4,38.0,24,0
1782940024.394,269.457,300.0,79.14,100,57,91,5101.5,3974.2,293.7,79.15,100,57,85,5539.8,5275.6,285.2,79.15,100,58,89,4966.4,6131.7,272.8,79.14,100,58,86,5467.4,5396.1,38.0,24,0
1782940024.836,269.899,300.2,79.14,100,58,91,4739.4,4442.8,293.8,79.15,100,57,86,5196.4,4961.3,285.0,79.15,100,59,89,5575.8,7382.1,273.4,79.14,100,58,86,5245.7,5332.6,38.0,24,0
1782940025.287,270.350,300.2,79.14,100,58,91,4624.5,4617.2,294.3,79.15,100,58,85,5364.3,5007.0,285.7,79.15,100,59,89,5585.3,5995.6,273.5,79.14,100,57,86,4959.6,6068.5,38.0,24,0
1782940025.728,270.790,300.0,79.14,100,58,91,5552.6,4468.4,294.2,79.15,100,58,86,6234.2,5024.9,285.4,79.15,100,59,89,5202.0,5852.6,273.7,79.14,100,58,86,4934.6,6326.1,38.0,24,0
1782940026.182,271.245,300.1,79.14,100,58,91,4725.9,4444.5,294.0,79.15,100,58,86,5158.3,5018.0,285.0,79.15,100,59,89,5537.5,5473.2,273.9,79.14,100,58,86,5548.6,5888.5,38.0,24,0
1782940026.626,271.689,300.0,79.14,100,57,91,5294.6,4356.7,294.1,79.15,100,58,86,4895.5,5330.1,285.1,79.15,100,59,89,6078.4,5606.1,274.1,79.14,100,58,86,6412.0,6134.2,38.0,24,0
1782940027.077,272.140,300.0,79.14,100,58,91,5245.6,4303.8,294.3,79.15,100,57,86,4909.8,5235.4,285.2,79.15,100,59,89,5470.5,5374.7,274.3,79.14,100,58,86,5566.7,5705.9,38.0,24,0
1782940027.523,272.586,299.9,79.14,100,57,91,5243.1,3952.6,294.3,79.15,100,58,86,5099.1,5319.9,285.5,79.15,100,60,89,4912.3,6135.3,274.5,79.14,100,58,86,5516.4,5453.5,38.0,24,0
1782940027.967,273.030,300.0,79.14,100,57,91,5116.0,3925.9,294.3,79.15,100,58,86,5501.9,5381.5,285.5,79.15,100,59,89,4963.7,5895.7,274.5,79.14,100,58,86,5490.3,5497.6,38.0,24,0
1782940028.411,273.474,300.0,79.14,100,58,91,4610.5,4391.9,294.5,79.15,100,58,86,5279.5,4981.3,285.5,79.15,100,59,89,5613.0,6123.9,274.4,79.14,100,58,86,4964.5,5979.5,38.0,24,0
1782940028.853,273.915,299.9,79.14,100,57,91,5019.8,4447.5,294.6,79.15,100,58,86,4884.7,5439.3,285.3,79.15,100,59,89,5480.2,5537.8,274.0,79.14,100,58,86,5646.3,6161.9,38.0,24,0
1782940029.294,274.357,299.9,79.14,100,57,91,5180.6,4222.7,294.4,79.15,100,58,86,4946.4,5043.0,285.0,79.15,100,59,89,5181.7,5581.6,273.9,79.14,100,58,86,5460.2,5404.3,38.0,24,0
1782940029.738,274.800,299.8,79.14,100,58,91,5361.4,4468.1,294.1,79.15,100,57,86,5458.2,5495.3,285.2,79.15,100,59,89,5314.3,5532.6,274.0,79.14,100,58,86,5572.5,5241.2,38.0,24,0
1782940030.190,275.252,300.1,79.14,100,58,91,5233.6,3851.9,294.2,79.15,100,57,86,5401.9,5354.8,285.3,79.15,100,59,89,4940.4,5964.2,274.0,79.14,100,58,86,5449.2,5436.6,38.0,24,0
1782940030.631,275.694,299.9,79.14,100,58,91,4615.0,4347.4,294.3,79.15,100,58,86,5326.0,4798.3,285.3,79.15,100,59,89,5723.8,5921.4,273.8,79.14,100,58,86,5227.2,6019.6,38.0,24,0
1782940031.077,276.140,299.7,79.14,100,57,91,4570.4,4454.8,294.4,79.15,100,58,86,5342.2,4818.6,285.2,79.15,100,59,89,5523.2,5487.0,273.9,79.14,100,58,86,5232.0,6250.2,38.0,24,0
1782940031.518,276.580,300.0,79.14,100,58,91,5272.5,4233.2,294.5,79.15,100,57,86,4794.1,5198.6,285.3,79.15,100,58,89,5487.8,5408.0,273.8,79.14,100,59,86,5571.3,6159.9,39.0,24,0
1782940031.961,277.024,299.9,79.14,100,57,91,5299.3,4046.1,294.5,79.15,100,57,86,4974.3,5363.4,285.4,79.15,100,59,89,5003.8,5850.2,273.8,79.14,100,59,86,5549.0,5426.2,39.0,24,0
1782940032.404,277.467,300.1,79.14,100,58,91,5119.0,3812.0,294.5,79.15,100,57,86,5355.1,5451.2,285.4,79.15,100,59,89,5367.5,5961.3,273.4,79.14,100,58,86,5522.1,5532.0,39.0,24,0
1782940032.850,277.913,300.1,79.14,100,57,91,4592.7,4590.7,294.7,79.15,100,58,86,5346.5,5048.8,285.2,79.15,100,59,89,5537.6,6045.0,273.8,79.14,100,58,86,5118.2,6231.8,39.0,24,0
1782940033.295,278.357,300.1,79.14,100,57,91,5019.5,4623.4,294.7,79.15,100,58,86,4810.5,5191.9,285.3,79.15,100,59,89,5490.9,5538.6,274.1,79.14,100,58,86,5677.1,5794.5,39.0,24,0
1782940033.737,278.800,300.1,79.14,100,59,91,6045.9,4588.3,295.1,79.15,100,58,86,4861.9,5354.7,285.4,79.15,100,59,89,5364.4,5551.0,274.1,79.14,100,57,86,5761.2,6124.8,39.0,24,0
1782940034.188,279.251,299.9,79.14,100,58,91,5334.0,4285.7,295.0,79.15,100,58,86,4889.7,5172.7,285.2,79.15,100,60,89,5193.2,5573.4,274.1,79.14,100,58,86,5613.0,5422.3,39.0,24,0
1782940034.630,279.693,299.6,79.14,100,57,91,5175.5,3908.6,294.3,79.15,100,57,86,5390.4,5155.6,284.6,79.15,100,59,89,5152.0,5964.2,273.2,79.14,100,57,86,5968.8,5361.3,39.0,24,0
1782940035.079,280.142,299.7,79.14,100,57,91,5172.6,3820.6,293.9,79.15,100,57,86,5454.5,5183.9,284.4,79.15,100,59,89,4970.8,5789.6,272.5,79.14,100,58,86,5480.6,5427.1,39.0,24,0
1782940035.523,280.585,299.9,79.14,100,57,91,5112.5,4289.1,294.3,79.15,100,57,86,5449.6,5120.2,284.6,79.15,100,59,89,4992.5,2641.3,273.1,79.14,100,58,86,3.0,7161.3,,,
1782940036.943,282.006,298.4,79.14,99,41,91,20708.4,5.2,284.4,79.15,99,51,87,10361.2,8556.2,280.7,79.15,99,45,90,1071.6,16720.6,265.7,79.14,99,43,86,2.1,10490.3,39.0,24,0
1782940037.391,282.454,299.4,79.14,99,52,91,10354.7,4.3,290.3,79.15,99,44,86,20710.2,4.8,280.7,79.15,99,44,90,10315.6,8599.7,269.7,79.14,99,45,86,2.3,10626.3,39.0,24,0
1782940037.832,282.895,301.9,79.14,99,53,91,15950.7,4.5,286.2,79.15,99,48,86,10365.3,8556.6,280.4,79.15,100,53,89,2.4,15387.6,270.1,79.14,99,51,87,693.1,4155.2,39.0,24,0
1782940038.278,283.341,301.9,79.14,99,53,91,20706.0,4.7,292.5,79.15,99,44,86,5726.7,12433.2,284.5,79.15,100,53,89,2.3,8750.7,275.0,79.14,100,52,87,8938.8,1493.4,39.0,24,0
1782940038.720,283.782,300.2,79.14,100,55,91,6854.8,11398.8,291.8,79.15,99,44,86,494.3,16529.7,284.0,79.15,99,48,89,5.6,20009.2,272.4,79.14,99,44,87,21993.2,17051.4,39.0,24,0
1782940039.167,284.230,297.8,79.14,99,43,92,1.9,17115.7,277.4,79.15,100,26,85,20171.6,441.9,271.1,79.15,99,12,88,1.8,4.2,261.1,79.14,100,52,86,1.8,17300.6,39.0,24,0
1782940039.608,284.671,293.8,79.14,100,54,91,1.9,4.4,285.1,79.15,100,48,85,2.9,1968.0,275.7,79.15,100,49,89,18506.5,16244.7,268.0,79.14,100,47,85,7.6,10.3,39.0,24,0
1782940040.054,285.117,294.1,79.14,100,50,91,17775.3,10029.6,297.4,79.15,100,47,86,3.6,4.9,294.2,79.15,100,47,89,1099.3,16735.7,285.5,79.14,100,47,85,20752.5,4.7,39.0,24,0
1782940040.950,286.013,297.0,79.14,100,45,90,1964.8,16780.9,295.4,79.15,99,52,86,16962.6,5.7,281.9,79.15,100,40,90,3.8,14654.5,278.4,79.14,100,44,87,18214.1,3579.2,39.0,24,0
1782940041.393,286.456,298.1,79.14,100,43,91,3.6,5.2,287.5,79.15,100,44,86,10877.7,15372.2,281.9,79.15,100,40,90,10424.7,5.1,269.3,79.14,100,45,86,2.5,8636.1,39.0,24,0
1782940041.835,286.897,300.2,79.14,100,47,91,1.9,623.2,287.1,79.15,100,45,86,19126.6,17083.1,274.4,79.15,100,46,89,2.3,4.9,267.1,79.14,100,44,86,2.4,17254.9,39.0,24,0
1782940042.279,287.342,300.2,79.14,100,47,91,3.5,5072.5,290.3,79.15,100,46,86,18433.9,12554.8,281.1,79.15,100,51,90,2.4,4.9,271.8,79.14,100,47,87,1083.2,16760.8,39.0,24,0
1782940042.720,287.783,303.0,79.14,100,59,91,8.4,7.3,294.3,79.15,100,49,86,20729.9,17114.8,285.4,79.15,100,50,90,4.8,4.7,276.0,79.14,100,47,86,3.6,7569.6,39.0,24,0
1782940043.165,288.228,300.7,79.14,100,48,91,1.8,4.5,296.1,79.15,100,55,87,2139.4,15356.1,288.3,79.15,100,57,90,19397.6,4.6,279.1,79.14,100,56,87,2.0,4.4,39.0,24,0
1782940043.606,288.669,300.2,79.14,100,49,91,1.9,4.6,294.4,79.15,100,47,87,1.8,17161.1,286.1,79.15,100,46,90,20702.9,5.6,275.4,79.14,100,46,87,5.8,9.8,39.0,24,0
1782940044.052,289.115,300.3,79.14,100,50,91,2.0,4.4,297.7,79.15,100,55,86,2.8,7610.8,286.1,79.15,100,48,89,18182.8,10515.4,276.0,79.14,100,49,87,1.9,4.9,39.0,24,0
1782940044.493,289.556,298.4,79.14,100,45,91,4.1,5.5,297.7,79.15,100,55,86,7009.3,15282.1,284.7,79.15,100,47,90,14207.7,5.6,276.0,79.14,100,49,87,3.8,15767.4,39.0,24,0
1782940044.935,289.998,300.4,79.14,100,45,91,20709.5,17110.3,293.0,79.15,100,45,86,6.2,5.4,284.7,79.15,100,47,90,2695.4,15535.4,275.1,79.14,100,45,86,18951.8,5.8,4.0,0,21
1782940045.377,290.440,288.5,79.14,100,24,92,14566.7,14811.8,289.9,79.15,100,45,85,8011.8,4.4,279.2,79.15,100,46,88,1.9,10.5,269.1,79.14,100,46,86,19730.2,17195.8,4.0,0,21
1782940045.818,290.881,288.5,79.14,100,24,92,2.8,4.1,283.4,79.15,100,60,87,506.6,17146.8,276.9,79.15,100,58,90,20750.6,4.5,267.4,79.14,100,57,87,3.5,7.2,4.0,0,21
1782940046.262,291.325,292.8,79.14,100,52,90,17215.1,4.2,289.1,79.15,100,61,87,4.2,4.2,283.6,79.15,100,61,90,12177.5,14758.7,274.1,79.14,100,59,87,10107.1,4.9,4.0,0,21
1782940046.704,291.767,298.9,79.14,100,49,91,19059.7,5080.3,297.9,79.15,100,49,86,8.0,9.7,291.2,79.15,100,59,90,13106.6,15074.1,280.9,79.14,100,49,86,8222.5,5.7,4.0,0,21
1782940047.150,292.213,299.7,79.14,100,54,91,2.2,4405.0,295.4,79.15,100,43,86,18769.4,13498.1,285.8,79.15,100,46,89,4.8,5.8,274.5,79.14,100,44,87,20767.6,17198.9,4.0,0,21
1782940047.591,292.654,295.9,79.14,100,42,91,6688.5,5.5,288.6,79.15,100,44,86,2.9,17116.5,279.0,79.15,100,42,90,20747.9,11.8,267.6,79.14,100,42,87,2.1,3428.8,4.0,0,21
1782940048.036,293.099,298.0,79.14,99,45,91,2.6,6012.9,285.8,79.15,100,45,85,19206.5,9419.5,275.8,79.15,100,45,90,2.4,4.8,266.3,79.14,100,47,86,1096.4,16826.4,4.0,0,21
1782940048.480,293.543,292.3,79.14,100,54,90,1.8,4.0,285.8,79.15,100,45,85,3.0,168.5,273.0,79.15,100,37,88,19708.8,17205.1,266.3,79.14,100,47,86,2.9,5.0,4.0,0,21
1782940048.923,293.986,274.2,79.14,100,50,90,20704.8,8.2,283.9,79.15,100,39,85,5.9,7.2,273.0,79.15,100,37,88,16511.3,16315.7,263.5,79.14,100,39,86,3976.6,4.7,4.0,0,21
1782940049.368,294.431,281.7,79.14,100,47,91,18162.7,8481.3,286.7,79.15,100,57,86,3.6,4.5,277.1,79.15,100,48,89,1079.0,16761.7,268.2,79.14,100,46,87,20747.5,4.5,4.0,0,21
1782940049.809,294.872,281.7,79.14,100,47,91,20710.2,17107.8,287.2,79.15,100,47,86,2.8,4.7,281.3,79.15,100,57,90,1.9,14910.9,274.2,79.14,100,55,87,18070.6,3110.8,4.0,0,21
1782940050.251,295.314,300.5,79.14,100,50,91,19325.4,15141.5,293.1,79.15,100,47,86,3061.9,4.8,284.4,79.15,100,48,89,4.0,7242.2,275.4,79.14,100,48,87,18014.3,11048.7,4.0,0,21
1782940050.691,295.754,298.8,79.14,100,47,90,20710.0,17111.1,294.9,79.15,100,47,87,8.0,8.5,287.0,79.15,100,55,90,1112.9,16757.1,274.8,79.14,100,50,87,20760.3,5.7,4.0,0,21
1782940051.137,296.200,296.0,79.14,100,49,91,16822.3,11420.5,287.9,79.15,100,42,86,3.1,5.8,279.9,79.15,100,35,88,19808.9,14650.0,267.2,79.14,100,41,86,2496.8,5.7,4.0,0,21
1782940051.579,296.642,276.1,79.14,100,42,91,20730.1,17177.8,282.3,79.15,100,44,86,21421.2,16864.7,269.3,79.15,100,46,90,18578.7,16242.6,255.3,79.14,98,14,86,2.7,5.8,7.0,1,19
1782940052.022,297.084,266.6,79.14,100,52,91,20100.0,17110.6,278.4,79.15,100,66,86,1.8,4.2,267.6,79.15,100,54,89,2.0,574.9,263.2,79.14,100,51,87,18836.5,16726.0,7.0,1,19
1782940052.464,297.527,289.8,79.14,100,50,91,1.9,3.6,278.4,79.15,100,66,86,20221.2,17109.5,283.6,79.15,100,56,90,3.5,4.5,263.2,79.14,100,51,87,1.8,9117.9,7.0,1,19
1782940052.906,297.969,301.8,79.14,100,49,91,3.6,4.5,289.0,79.15,100,58,87,510.3,17120.0,283.6,79.15,100,56,90,19687.6,4.9,281.8,79.14,100,59,87,2.4,6.0,7.0,1,19
1782940053.349,298.411,298.5,79.14,100,45,90,2.5,13263.0,295.5,79.15,100,45,86,18800.1,4590.2,290.2,79.15,100,53,90,6.0,4.8,278.8,79.14,100,45,86,20778.5,17186.0,7.0,1,19
1782940053.791,298.854,298.5,79.14,100,45,90,3717.8,5.8,291.0,79.15,100,45,87,2101.1,15705.9,283.7,79.15,100,45,90,18818.8,6.0,268.9,79.14,100,43,85,2.7,17237.1,7.0,1,19
1782940054.232,299.295,296.8,79.14,100,44,91,11979.3,14986.0,287.6,79.15,100,44,85,10377.1,5.6,278.3,79.15,100,43,89,2.1,17224.3,268.5,79.14,100,45,86,20745.3,5.2,7.0,1,19
1782940054.674,299.736,299.3,79.14,100,44,91,19008.3,17108.5,288.0,79.15,100,46,86,7.5,7.9,277.3,79.15,100,49,90,10744.1,14994.3,267.9,79.14,100,45,87,6981.7,4.6,7.0,1,19
1782940055.121,300.183,300.0,79.14,100,45,92,20705.3,5.0,290.7,79.15,100,47,86,3.0,4.7,286.0,79.15,100,48,90,19717.1,15081.7,274.9,79.14,100,55,87,2234.8,4.7,7.0,1,19
1782940055.561,300.624,302.2,79.14,100,56,91,17805.0,4405.5,294.0,79.15,100,47,85,1.8,4.8,285.9,79.15,100,48,88,8123.9,15228.7,276.3,79.14,100,46,85,13839.7,5.8,7.0,1,19
1782940056.005,301.068,300.5,79.14,100,48,91,17928.8,8881.1,294.5,79.15,100,55,87,2.8,4.7,286.4,79.15,100,57,90,8005.7,15233.2,277.9,79.14,100,48,87,13856.0,5.0,7.0,1,19
1782940056.446,301.508,299.7,79.14,100,52,91,18069.0,5209.9,294.5,79.15,100,55,87,1.9,4.7,286.4,79.15,100,57,90,13818.2,15128.2,277.9,79.14,100,48,87,8018.5,5.0,7.0,1,19
1782940056.887,301.950,300.4,79.14,100,47,91,18065.7,5.7,293.2,79.15,100,46,86,2.8,6920.9,285.4,79.15,100,49,89,23419.7,5802.0,275.3,79.14,100,46,86,2.1,4.8,7.0,1,19
1782940057.332,302.395,296.8,79.14,100,45,91,3443.1,15605.5,291.6,79.15,100,45,85,17940.3,6.0,282.1,79.15,100,47,90,2.2,17213.4,270.7,79.14,100,45,86,20753.5,6.7,7.0,1,19
1782940057.772,302.835,296.8,79.14,100,45,91,20710.4,17115.8,286.1,79.15,100,41,85,20704.2,17101.8,278.7,79.15,100,40,88,20746.5,17196.9,266.8,79.14,100,43,86,2.6,4.5,10.0,3,17
1782940058.215,303.278,291.1,79.14,98,11,91,20712.8,17112.2,276.7,79.15,100,52,87,2.7,5.2,269.5,79.15,100,65,90,2.2,516.3,260.8,79.14,100,61,87,19723.9,17220.9,10.0,3,17
1782940058.659,303.722,292.6,79.14,100,57,91,1.9,4.3,284.1,79.15,100,47,85,20010.4,14913.1,279.0,79.15,100,57,90,1838.6,10.0,270.4,79.14,100,57,87,9.5,2003.7,10.0,3,17
1782940059.106,304.169,294.2,79.14,100,62,91,3.7,4.5,301.6,79.15,100,47,86,1.7,17160.7,291.7,79.15,99,48,89,20745.8,5.3,283.2,79.14,100,48,88,2.7,4.8,10.0,3,17
1782940059.549,304.611,296.4,79.14,100,45,90,2.1,3817.9,295.7,79.15,100,44,87,18881.4,13944.9,291.2,79.15,100,45,89,2.1,5.7,276.1,79.14,100,41,87,15642.9,15483.1,10.0,3,17
1782940059.990,305.052,296.3,79.14,100,43,91,11218.9,5.8,295.7,79.15,100,44,87,3.9,17119.1,281.8,79.15,100,43,90,20746.6,6.0,276.1,79.14,100,41,87,3.2,12806.6,10.0,3,17
1782940060.434,305.497,298.9,79.14,100,45,91,8325.3,15197.2,287.6,79.15,100,45,85,13835.1,5.6,281.8,79.15,100,43,90,3.1,15385.9,268.2,79.14,100,43,86,18170.7,2699.8,10.0,3,17
1782940060.875,305.938,300.5,79.14,100,46,91,20709.0,17108.6,285.6,79.15,100,44,86,3.6,5.6,274.2,79.15,100,46,89,1073.4,16743.8,267.3,79.14,100,46,86,20749.4,4.6,10.0,3,17
1782940061.316,306.379,300.5,79.14,100,46,91,18077.3,7508.3,288.8,79.15,100,45,87,4.2,4.7,280.7,79.15,100,46,90,7405.3,15496.5,272.4,79.14,100,57,87,14055.4,4.6,10.0,3,17
1782940061.758,306.821,302.1,79.14,100,56,91,19331.0,11925.2,294.0,79.15,100,52,86,4.5,5.2,286.2,79.15,100,48,88,1083.5,16738.2,276.5,79.14,100,46,87,20755.5,4.9,10.0,3,17
1782940062.200,307.263,301.0,79.14,100,47,91,20710.6,17107.1,293.7,79.15,100,47,86,2.1,5.3,285.3,79.15,100,56,90,1085.9,16749.0,276.6,79.14,100,54,87,20747.9,5.0,10.0,3,17
1782940062.643,307.706,299.7,79.14,100,49,91,18174.2,12063.3,293.3,79.15,100,49,86,2.9,5.1,285.1,79.15,100,47,88,5124.1,15398.9,275.0,79.14,100,47,87,16489.9,8.8,10.0,3,17
1782940063.085,308.148,300.1,79.14,100,47,91,20707.1,5.0,293.8,79.15,100,46,85,4.6,216.7,284.3,79.15,100,48,90,19112.5,17189.9,272.7,79.14,100,45,86,2.9,5.4,10.0,3,17
1782940063.527,308.590,297.9,79.14,100,44,91,2.1,17112.9,287.5,79.15,100,44,86,20703.4,6.2,279.6,79.15,100,43,90,2.2,8872.2,268.9,79.14,100,44,86,18708.3,8609.7,10.0,3,17
1782940063.967,309.030,297.6,79.14,100,44,91,20539.7,17608.3,287.5,79.15,100,44,86,20796.8,17684.0,274.9,79.15,98,27,88,20133.4,15031.2,268.9,79.14,100,44,86,7578.6,4.6,13.0,5,15
1782940064.411,309.474,292.8,79.14,100,55,91,15550.6,14483.4,280.8,79.15,98,14,85,7366.8,4.2,274.9,79.15,98,27,88,2.6,4.5,257.4,79.14,100,22,86,17974.6,14197.6,13.0,5,15
1782940064.855,309.918,293.1,79.14,100,52,91,1.9,4.4,284.8,79.15,100,52,86,12956.1,15037.9,274.3,79.15,100,50,89,9242.5,8.2,267.0,79.14,100,48,85,8.8,5.0,13.0,5,15
1782940065.296,310.359,293.1,79.14,100,52,91,649.1,4.6,298.2,79.15,100,60,86,2.8,6975.2,287.3,79.15,100,49,89,17807.7,10982.9,286.9,79.14,100,47,87,2.0,4.8,13.0,5,15
1782940065.737,310.799,299.3,79.14,100,49,90,6.1,10.8,295.9,79.15,100,45,87,20719.2,17109.3,290.8,79.15,100,51,90,2.2,6.1,280.2,79.14,100,53,87,1537.4,15881.8,13.0,5,15
1782940066.185,311.247,299.1,79.14,100,44,91,20704.7,5.9,288.6,79.15,100,42,87,3.8,5801.9,283.5,79.15,100,42,89,18761.8,11702.9,269.6,79.14,100,42,86,2.2,5.9,13.0,5,15
1782940066.630,311.693,297.6,79.14,100,43,90,2.0,17115.2,287.9,79.15,100,45,86,20703.2,5.5,275.2,79.15,100,46,90,3.1,504.4,266.6,79.14,100,45,86,19216.5,15280.4,13.0,5,15
1782940067.074,312.137,299.0,79.14,100,46,91,9474.6,15175.8,286.9,79.15,100,46,86,12584.7,4.9,279.6,79.15,100,54,90,4.1,6243.2,270.0,79.14,100,51,87,18409.3,11456.4,13.0,5,15
1782940067.515,312.578,302.5,79.14,100,59,92,12103.5,14868.2,293.9,79.15,100,52,86,10392.8,6.4,285.6,79.15,100,49,88,2.3,528.4,275.9,79.14,100,48,87,19699.9,17192.4,13.0,5,15
1782940067.958,313.020,301.3,79.14,100,48,91,1.9,16116.6,293.9,79.15,100,52,86,18143.8,2058.8,287.5,79.15,100,57,90,2.0,4.8,275.9,79.14,100,48,87,8089.6,15010.6,13.0,5,15
1782940068.400,313.463,301.1,79.14,100,58,91,3.6,3.9,296.1,79.15,100,49,87,20228.7,17110.0,287.5,79.15,100,57,90,2.4,4.9,277.8,79.14,100,55,87,1.9,17270.3,13.0,5,15
1782940068.841,313.904,298.8,79.14,100,49,91,1.8,5.3,294.8,79.15,100,45,85,19776.0,14643.3,286.1,79.15,100,47,89,2496.1,5.2,275.8,79.14,100,46,86,6.8,12899.1,13.0,5,15
1782940069.288,314.351,298.8,79.14,100,49,91,1.8,4.8,297.4,79.15,100,54,87,20430.5,14695.3,287.1,79.15,100,53,89,1338.2,7.1,278.5,79.14,100,55,87,2.0,17260.0,13.0,5,15
1782940069.731,314.793,298.9,79.14,100,45,91,20668.4,17114.4,293.6,79.15,100,46,85,8.2,8.0,285.2,79.15,100,46,89,11814.0,15230.3,274.7,79.14,100,45,86,9893.8,5.7,13.0,5,15
1782940070.183,315.246,300.3,79.14,100,46,91,2.1,4.8,290.1,79.15,100,43,86,26818.1,18162.5,279.0,79.15,100,45,89,21071.9,17675.8,268.9,79.14,100,46,87,20627.4,17538.9,16.0,7,13
1782940070.625,315.687,292.2,79.14,98,11,90,7769.5,4.0,279.8,79.15,100,52,87,1.7,4.1,273.6,79.15,100,63,90,20781.1,16793.8,263.3,79.14,100,60,87,8.2,7.2,16.0,7,13
1782940071.072,316.135,293.7,79.14,100,57,91,7115.4,14861.1,285.8,79.15,100,47,85,15013.9,4.6,280.3,79.15,100,55,90,3.8,4.0,271.0,79.14,100,55,87,20802.2,16500.0,16.0,7,13
1782940071.513,316.576,300.8,79.14,100,63,91,4.0,4.3,302.5,79.15,100,50,86,20231.6,17108.3,291.7,79.15,100,48,89,2.3,4.7,283.4,79.14,100,47,86,2.3,15992.6,16.0,7,13
1782940071.955,317.017,296.7,79.14,100,45,91,5.3,10995.4,302.5,79.15,100,50,86,18367.9,7410.5,291.1,79.15,100,44,89,3.0,5.3,283.4,79.14,100,47,86,20784.3,17199.1,16.0,7,13
1782940072.397,317.459,297.2,79.14,100,43,92,9826.9,11.1,296.3,79.15,100,44,87,2.8,17122.8,291.1,79.15,100,44,89,20744.3,5.8,279.0,79.14,100,43,87,2.1,10356.3,16.0,7,13
1782940072.841,317.904,299.5,79.14,100,46,91,20709.1,17111.6,288.1,79.15,100,45,85,8.4,5.4,281.5,79.15,100,43,90,1.8,17221.5,268.9,79.14,100,44,86,20760.2,7.4,16.0,7,13
1782940073.288,318.351,299.5,79.14,100,46,91,20704.1,4.8,286.6,79.15,100,44,86,4.4,4.6,274.8,79.15,100,45,89,17982.2,15670.4,267.8,79.14,100,46,86,3012.5,5.0,16.0,7,13
1782940073.729,318.792,300.7,79.14,100,46,91,20706.9,10.5,290.8,79.15,100,45,87,7.3,1255.9,282.1,79.15,100,47,90,18739.6,16551.9,274.7,79.14,100,58,87,4.4,5.2,16.0,7,13
1782940074.181,319.244,302.9,79.14,100,56,91,20705.1,4.8,294.3,79.15,100,47,86,4.2,4.6,286.3,79.15,100,49,89,9817.1,14924.5,276.9,79.14,100,47,86,12190.0,4.6,16.0,7,13
1782940074.621,319.684,300.7,79.14,100,49,91,19907.1,17109.6,297.1,79.15,100,56,87,1.9,4.7,287.8,79.15,100,55,90,731.7,16792.6,279.3,79.14,100,58,87,20753.8,9.5,16.0,7,13
1782940075.077,320.140,300.3,79.14,100,46,91,18138.3,9912.0,294.3,79.15,100,46,85,1.8,4.6,287.5,79.15,100,48,90,3.4,17264.7,276.9,79.14,100,48,86,20749.3,4.7,16.0,7,13
1782940075.519,320.582,300.7,79.14,100,52,91,20709.2,17110.2,297.4,79.15,100,57,87,2.4,5.3,286.5,79.15,100,49,89,2.3,12890.8,276.4,79.14,100,45,87,17846.2,5436.8,16.0,7,13
1782940075.960,321.023,299.2,79.14,100,45,91,20704.8,8.2,297.4,79.15,100,57,87,3.6,3441.4,284.8,79.15,100,46,89,18523.7,13850.4,276.4,79.14,100,45,87,3.1,5.5,16.0,7,13
1782940076.402,321.465,299.1,79.14,100,43,91,2.7,4.6,294.0,79.15,100,45,85,19834.1,13369.0,284.8,79.15,100,46,89,9.4,5.7,275.8,79.14,100,46,87,1106.6,16848.9,19.0,9,11
1782940076.850,321.913,276.7,79.14,100,63,91,1477.1,4.3,284.9,79.15,100,36,87,2.9,61.3,275.0,79.15,100,36,88,19689.7,17193.1,261.5,79.14,98,28,85,7.1,6.0,19.0,9,11
1782940077.293,322.356,276.7,79.14,100,63,91,4370.9,14924.9,278.8,79.15,100,48,86,17793.8,4.4,269.7,79.15,100,50,89,1.8,4.5,261.3,79.14,100,49,86,16524.8,15244.4,19.0,9,11
1782940077.735,322.798,279.5,79.14,100,65,91,6.5,7.1,288.1,79.15,100,48,86,20749.4,16296.5,278.3,79.15,100,48,90,3.3,5.1,272.0,79.14,100,48,86,4.5,10431.5,19.0,9,11
1782940078.187,323.250,302.2,79.14,100,49,90,2.7,4.5,299.9,79.15,100,52,86,20725.9,17111.6,293.7,79.15,100,46,89,2.2,7.8,284.3,79.14,100,48,87,4767.1,15488.1,19.0,9,11
1782940078.631,323.693,298.3,79.14,100,45,91,19947.1,656.8,293.4,79.15,100,46,86,2.2,5830.0,286.1,79.15,100,46,90,18753.6,11700.7,275.9,79.14,100,43,87,8.3,495.9,19.0,9,11
1782940079.080,324.143,298.4,79.14,100,43,91,20708.6,16787.0,284.8,79.15,100,38,86,2.8,5.4,278.6,79.15,100,39,89,3.6,17225.1,266.3,79.14,100,42,87,20744.1,4.9,19.0,9,11
1782940079.521,324.584,297.9,79.14,100,46,91,20711.1,4.6,287.6,79.15,100,55,86,2.7,4.7,280.1,79.15,100,53,89,18852.2,14940.4,270.4,79.14,100,53,87,2989.6,4.7,19.0,9,11
1782940079.964,325.026,301.4,79.14,100,44,91,17986.5,4.8,287.6,79.15,100,55,86,2.9,1282.6,280.0,79.15,100,49,89,18737.7,16472.2,270.4,79.14,100,53,87,2.9,4.9,19.0,9,11
1782940080.413,325.476,301.2,79.14,100,48,91,19841.9,4.3,291.9,79.15,100,46,86,1.8,4.5,280.0,79.15,100,49,89,19614.0,16180.3,273.1,79.14,100,46,86,8.0,4.5,19.0,9,11
1782940080.858,325.921,300.7,79.14,100,48,91,19947.1,632.2,294.0,79.15,100,56,87,1.8,5.3,286.0,79.15,100,55,90,13834.6,17709.2,276.6,79.14,100,57,87,2895.0,4.6,19.0,9,11
1782940081.307,326.370,300.7,79.14,100,48,91,19133.3,1257.3,294.6,79.15,100,47,86,2.0,4.9,287.6,79.15,100,48,90,14767.0,15827.7,277.3,79.14,100,47,86,6273.9,4.6,19.0,9,11
1782940081.749,326.811,301.1,79.14,100,49,91,18227.0,7615.4,296.0,79.15,100,57,87,3.3,4.9,285.9,79.15,100,50,89,4620.9,15056.2,275.4,79.14,100,45,87,17452.9,5.0,19.0,9,11
1782940082.192,327.255,298.9,79.14,100,48,91,14272.5,5.7,292.3,79.15,100,43,85,4.7,17131.0,284.9,79.15,100,46,90,20751.7,6.2,274.5,79.14,100,45,88,2.6,4391.5,19.0,9,11
1782940082.634,327.697,298.5,79.14,100,44,90,20477.4,15330.1,287.5,79.15,100,45,87,1207.4,5.6,279.6,79.15,100,48,90,1074.1,16737.1,268.8,79.14,100,43,87,19778.0,8.4,22.0,11,9
1782940083.076,328.139,299.0,79.14,100,46,91,18229.0,14994.4,277.3,79.15,100,22,86,4031.8,6.7,271.5,79.15,100,14,90,3.6,636.7,263.3,79.14,100,57,87,19318.9,16721.9,22.0,11,9
1782940083.519,328.582,295.6,79.14,100,65,91,3.4,4.0,285.9,79.15,100,48,86,3466.9,15248.4,277.6,79.15,100,50,89,17952.5,4.5,269.4,79.14,100,48,86,1.9,4.4,22.0,11,9
1782940083.960,329.023,295.4,79.14,100,59,91,13132.3,6.8,285.9,79.15,100,48,86,1.9,4.4,293.5,79.15,100,48,89,14892.9,14538.4,269.4,79.14,100,48,86,7432.4,4.9,22.0,11,9
1782940084.402,329.465,296.9,79.14,100,46,91,18027.4,4490.8,296.2,79.15,100,47,86,3.4,4.7,293.5,79.15,100,48,89,5181.0,15186.6,282.5,79.14,100,48,86,16799.5,5.7,22.0,11,9
1782940084.843,329.905,297.2,79.14,100,45,91,2.2,5.8,297.9,79.15,100,53,87,20713.4,17105.1,291.7,79.15,100,53,90,3.0,7.1,280.0,79.14,100,44,87,12364.3,16249.6,22.0,11,9
1782940085.287,330.349,297.2,79.14,100,45,91,18493.7,5.6,289.3,79.15,100,42,87,3.0,13299.0,283.4,79.15,100,42,89,18593.4,4541.1,270.7,79.14,100,44,86,2.7,5.2,22.0,11,9
1782940085.729,330.792,298.0,79.14,100,43,90,5.9,9.9,285.6,79.15,100,45,85,18793.1,16648.5,275.8,79.15,100,46,90,2.4,4.8,265.8,79.14,100,44,87,1.8,17261.4,22.0,11,9
1782940086.179,331.242,298.9,79.14,100,47,91,2.7,2875.5,288.1,79.15,100,52,87,18462.0,15328.4,281.5,79.15,100,52,90,3.9,4.8,271.7,79.14,100,46,87,1070.5,16786.7,22.0,11,9
1782940086.620,331.683,302.9,79.14,100,49,91,10.0,3.7,293.3,79.15,100,48,85,20225.2,17111.5,283.6,79.15,100,49,88,1.9,7.4,276.1,79.14,100,48,86,8.3,17291.6,22.0,11,9
1782940087.072,332.135,300.7,79.14,100,48,90,1.9,4.4,296.0,79.15,100,54,87,16174.9,15073.5,285.8,79.15,100,50,90,5726.4,4.8,278.7,79.14,100,54,87,1.9,551.1,22.0,11,9
1782940087.514,332.577,299.8,79.14,100,49,91,3.8,5.0,294.7,79.15,100,45,85,496.9,17145.4,288.6,79.15,100,49,90,20750.9,4.9,277.5,79.14,100,47,86,1.9,4.8,22.0,11,9
1782940087.955,333.018,301.1,79.14,100,60,91,12.1,5.7,294.7,79.15,100,45,85,3.5,14480.9,286.1,79.15,100,48,88,17848.7,3754.1,277.5,79.14,100,47,86,3.5,4.7,22.0,11,9
1782940088.398,333.461,298.4,79.14,100,45,91,1.9,4.7,296.0,79.15,100,52,86,3.5,17130.8,286.1,79.15,100,48,88,20747.9,5.8,276.4,79.14,100,48,87,2.2,7276.9,22.0,11,9
1782940088.840,333.903,298.5,79.14,100,45,91,20089.2,15038.9,293.6,79.15,100,46,85,2158.5,5.6,285.4,79.15,100,48,90,2.4,17227.6,274.6,79.14,100,45,86,18072.2,8.8,22.0,11,9
1782940089.289,334.351,298.5,79.14,100,45,91,18553.7,6413.4,288.3,79.15,100,45,86,1.9,4.6,279.9,79.15,100,45,89,492.7,17172.0,269.4,79.14,100,47,87,20747.9,4.4,25.0,13,7
1782940089.730,334.793,288.7,79.14,100,21,91,6.7,16035.5,285.6,79.15,100,61,87,20679.0,7.0,276.7,79.15,100,54,90,2.6,4.1,267.7,79.14,100,53,87,492.3,17306.4,25.0,13,7
1782940090.181,335.243,293.1,79.14,100,52,90,1.9,4.2,290.5,79.15,100,60,87,510.1,17139.5,284.3,79.15,100,55,90,20752.0,4.3,275.1,79.14,100,54,87,1.8,4.4,25.0,13,7
1782940090.623,335.686,297.5,79.14,100,50,91,8187.5,4.5,296.9,79.15,100,50,87,2.0,7030.2,293.0,79.15,100,59,90,24372.1,5975.2,280.9,79.14,100,55,87,8.4,9.9,25.0,13,7
1782940091.077,336.140,301.4,79.14,100,52,91,2.0,14386.8,293.9,79.15,100,42,86,19078.0,2987.7,286.0,79.15,100,46,88,4.7,2893.8,275.9,79.14,100,44,87,18966.0,14488.2,25.0,13,7
1782940091.519,336.582,297.0,79.14,100,38,91,4.8,6.0,289.6,79.15,100,44,87,11759.6,15326.1,281.5,79.15,100,44,90,9485.6,5.7,267.1,79.14,100,40,86,3.0,17238.7,25.0,13,7
1782940091.960,337.022,297.6,79.14,100,45,91,6626.3,15209.0,289.6,79.15,100,44,87,15225.2,4.4,277.5,79.15,100,45,90,2.3,3.9,267.1,79.14,100,40,86,20291.3,17191.2,25.0,13,7
1782940092.400,337.463,301.8,79.14,100,52,91,15011.5,15296.8,284.0,79.15,100,45,87,6949.7,4.9,277.5,79.15,100,45,90,1.9,536.1,267.9,79.14,100,54,87,19293.3,17002.2,25.0,13,7
1782940092.841,337.904,302.7,79.14,100,48,91,11051.5,14950.9,292.1,79.15,100,57,86,11192.9,4.6,280.8,79.15,100,49,89,3.4,488.2,273.6,79.14,100,45,87,19715.4,17198.1,25.0,13,7
1782940093.285,338.348,302.7,79.14,100,48,91,1.8,17115.4,294.2,79.15,100,47,86,20706.4,4.7,286.3,79.15,100,55,90,3.5,4.5,277.6,79.14,100,50,86,17147.1,14885.0,25.0,13,7
1782940093.726,338.789,300.5,79.14,100,53,91,6.8,13153.4,294.3,79.15,100,50,86,18297.5,4257.7,286.2,79.15,100,49,89,1.9,4.8,276.5,79.14,100,48,87,7432.6,14971.7,25.0,13,7
1782940094.169,339.232,299.2,79.14,100,46,91,1.8,9372.4,293.5,79.15,100,47,87,18203.8,9061.3,285.5,79.15,100,54,90,4.1,5.9,276.3,79.14,100,57,87,7532.0,14771.1,25.0,13,7
1782940094.613,339.675,300.5,79.14,100,52,91,1.8,17112.2,292.8,79.15,100,45,86,20706.6,5.4,285.1,79.15,100,47,89,3.2,3310.3,274.7,79.14,100,44,87,20102.8,9793.6,25.0,13,7
1782940095.061,340.124,299.8,79.14,99,44,91,3.0,5.8,293.0,79.15,100,46,86,11174.1,15490.6,282.3,79.15,100,47,90,9888.3,5.9,272.2,79.14,100,44,87,4.6,17241.8,25.0,13,7
1782940095.502,340.565,298.7,79.14,99,44,92,21187.5,17110.0,293.0,79.15,100,46,86,18276.6,11075.3,273.5,79.15,98,13,88,1.9,4.7,272.2,79.14,100,44,87,2.6,17261.7,28.0,15,5
1782940095.944,341.007,291.0,79.14,100,51,91,6.2,4.2,278.3,79.15,100,12,87,4.7,11699.2,273.5,79.15,98,13,88,18578.8,5434.5,259.5,79.14,100,40,87,2.3,4.4,28.0,15,5
1782940096.391,341.454,292.6,79.14,100,50,90,17695.9,7380.1,286.2,79.15,100,69,87,1.9,4.5,278.3,79.15,100,56,90,3.4,17284.9,269.0,79.14,99,47,87,20752.4,5.0,28.0,15,5
1782940096.831,341.894,292.6,79.14,100,50,90,6234.4,15010.5,291.0,79.15,100,61,87,15937.7,4.6,291.7,79.15,100,62,90,2.3,19.4,283.5,79.14,100,60,87,19717.8,17211.8,28.0,15,5
1782940097.272,342.335,301.1,79.14,100,47,91,18498.6,9476.7,293.8,79.15,100,44,85,2.1,5.5,288.1,79.15,100,46,90,20316.5,15369.4,276.6,79.14,100,46,86,1313.6,5.9,28.0,15,5
1782940097.711,342.774,298.2,79.14,100,46,90,5.6,17115.5,290.4,79.15,100,43,86,20707.6,10.6,280.4,79.15,100,44,90,5.3,15342.0,269.2,79.14,100,45,86,18289.1,2612.8,28.0,15,5
1782940098.157,343.219,298.0,79.14,100,42,91,16552.7,5.1,288.1,79.15,100,45,86,2.9,7353.8,279.6,79.15,100,46,89,18624.6,10271.6,269.8,79.14,100,46,87,3.5,4.9,28.0,15,5
1782940098.597,343.659,300.9,79.14,100,48,91,5188.1,5.0,288.4,79.15,100,45,86,4.8,12944.4,278.8,79.15,100,47,90,18305.1,4809.4,270.0,79.14,100,44,87,2.8,9.7,28.0,15,5
1782940099.041,344.104,300.0,79.14,100,49,90,2.9,4.4,292.1,79.15,100,55,87,2.8,6759.1,285.7,79.15,100,54,90,18108.4,10985.5,275.8,79.14,100,56,87,2.2,4.6,28.0,15,5
1782940099.482,344.545,301.2,79.14,100,48,91,20708.2,5.7,292.1,79.15,100,55,87,2.8,4.7,287.8,79.15,100,50,90,20782.3,16455.5,275.8,79.14,100,56,87,3.9,4.6,28.0,15,5
1782940099.927,344.990,301.9,79.14,100,59,91,17958.4,9923.4,293.5,79.15,100,47,85,2.9,6.9,287.8,79.15,100,50,90,6838.6,15123.1,277.5,79.14,100,47,86,15337.3,4.7,28.0,15,5
1782940100.370,345.433,299.0,79.14,100,49,91,18126.1,15724.1,296.4,79.15,100,47,86,1.8,4.8,286.9,79.15,100,46,89,1.8,17263.8,276.7,79.14,100,46,87,20755.2,5.0,28.0,15,5
1782940100.812,345.874,299.0,79.14,100,49,91,20709.0,17119.5,295.0,79.15,100,46,87,3.7,5.1,288.7,79.15,100,55,90,3390.7,15342.2,278.3,79.14,100,55,87,18387.2,6.7,28.0,15,5
1782940101.256,346.319,301.1,79.14,100,50,91,2.9,5.4,292.8,79.15,100,48,86,11028.1,15320.1,285.0,79.15,100,46,88,10420.0,5.7,274.6,79.14,100,44,87,3.0,17241.2,28.0,15,5
1782940101.697,346.760,299.9,79.14,100,45,92,28130.0,17838.9,291.2,79.15,99,43,86,22493.6,19917.9,281.8,79.15,100,45,89,20301.3,17507.2,272.2,79.14,100,46,87,20755.0,17092.4,30.0,17,3
1782940102.143,347.206,290.3,79.14,100,11,91,4.7,4.0,279.3,79.15,100,52,86,20732.6,17110.8,271.0,79.15,100,52,89,2.0,4.2,261.7,79.14,100,48,87,2.6,491.6,30.0,17,3
1782940102.585,347.647,294.7,79.14,100,71,91,20216.7,4.7,288.4,79.15,100,48,85,2.7,4.6,278.4,79.15,100,47,88,18008.4,14995.4,270.4,79.14,100,47,88,3925.5,7.4,30.0,17,3
1782940103.027,348.090,295.3,79.14,100,56,91,20710.4,17114.1,302.4,79.15,100,52,86,6.0,4.8,295.5,79.15,100,49,89,2.1,12096.2,284.7,79.14,100,46,87,17976.3,6168.4,30.0,17,3
1782940103.469,348.532,299.3,79.14,100,46,91,18618.4,11047.6,302.4,79.15,100,52,86,2.1,5.9,289.3,79.15,100,44,90,20770.6,17192.3,284.7,79.14,100,46,87,3.8,5.6,30.0,17,3
1782940103.911,348.974,297.6,79.14,100,43,91,2.6,17113.8,293.7,79.15,100,45,85,20707.1,6.6,289.3,79.15,100,44,90,5.9,8445.1,276.5,79.14,100,45,86,18433.8,9566.1,30.0,17,3
1782940104.353,349.416,299.9,79.14,100,46,92,2.2,5.0,287.5,79.15,100,45,86,2.8,17128.3,280.1,79.15,100,47,88,20748.7,6.0,268.7,79.14,100,42,87,2.6,498.9,30.0,17,3
1782940104.796,349.858,299.9,79.14,100,46,92,5.1,4.8,288.7,79.15,100,45,86,8505.6,15092.1,278.0,79.15,100,45,89,13146.6,11.3,270.4,79.14,100,48,87,2.9,13042.3,30.0,17,3
1782940105.245,350.308,300.8,79.14,100,46,91,4.2,4.6,288.8,79.15,100,46,85,20729.2,16331.2,281.3,79.15,100,45,90,2.1,4.7,271.8,79.14,100,48,86,2.7,9995.0,30.0,17,3
1782940105.689,350.752,299.9,79.14,100,51,91,1.8,7.5,294.3,79.15,100,57,86,8145.5,19083.2,286.7,79.15,100,49,89,3512.3,7.4,276.4,79.14,100,47,87,1.8,4911.3,30.0,17,3
1782940106.141,351.204,300.1,79.14,100,48,91,3.5,4.4,295.1,79.15,100,47,86,501.3,17136.3,288.3,79.15,100,58,90,20750.8,4.9,279.7,79.14,100,57,87,1.9,4.6,30.0,17,3
1782940106.582,351.645,303.1,79.14,100,51,91,1.9,4.3,294.6,79.15,100,47,86,2.3,15258.1,285.8,79.15,100,48,90,17772.5,3107.8,277.3,79.14,100,48,87,3.3,7.6,30.0,17,3
1782940107.028,352.091,298.6,79.14,100,47,90,2.0,4.6,296.7,79.15,100,51,87,3.7,14702.7,289.5,79.15,100,57,90,19476.2,2391.5,277.7,79.14,100,51,87,2.0,5.2,30.0,17,3
1782940107.470,352.533,298.9,79.14,100,49,91,2.1,9591.9,296.7,79.15,100,51,87,18460.1,8554.8,284.9,79.15,100,46,89,2.2,5.5,277.7,79.14,100,51,87,20778.1,17191.1,30.0,17,3
1782940107.912,352.974,298.9,79.14,100,42,91,20705.3,5.6,291.9,79.15,99,43,86,7.5,10129.8,284.9,79.15,100,46,89,22272.7,17377.0,274.4,79.14,100,45,87,20839.5,15562.8,33.0,19,1
1782940108.354,353.417,297.3,79.14,99,52,91,8213.4,10280.2,286.8,79.15,98,43,87,2.8,8590.5,279.6,79.15,100,44,90,10375.8,4.6,266.2,79.14,99,30,86,12325.0,6996.5,33.0,19,1
1782940108.794,353.857,297.3,79.14,99,52,91,563.7,2972.7,287.4,79.15,99,47,87,16006.9,5.6,280.5,79.15,99,54,89,18673.1,1751.8,272.6,79.14,100,55,87,10382.8,8601.4,33.0,19,1
1782940109.236,354.299,297.8,79.14,99,47,91,3.8,14287.5,291.7,79.15,99,43,86,1119.7,8565.5,280.9,79.15,99,43,89,10372.7,4.6,273.1,79.14,99,43,87,20749.8,6.6,33.0,19,1
1782940109.679,354.742,297.9,79.14,99,43,91,10354.5,8556.8,289.0,79.15,99,50,86,10360.7,8562.9,281.6,79.15,99,47,90,5.2,13996.9,267.5,79.14,99,43,86,2031.1,1653.1,33.0,19,1
1782940110.130,355.193,298.5,79.14,99,46,92,16176.9,3809.8,289.4,79.15,100,54,86,490.5,17123.0,280.5,79.15,99,47,90,4.1,7332.1,271.8,79.14,99,45,86,10480.4,4.8,33.0,19,1
1782940110.571,355.634,301.2,79.14,99,45,91,10355.1,8556.8,292.3,79.15,99,50,86,1.9,14373.3,285.0,79.15,99,48,90,1789.9,4360.2,275.3,79.14,99,46,86,13920.3,5.8,33.0,19,1
1782940111.012,356.074,299.7,79.14,99,44,91,1.9,16962.5,288.8,79.15,99,43,86,3.7,11679.8,282.9,79.15,99,42,90,5031.5,9211.5,270.7,79.14,99,44,87,5149.1,5909.5,35.0,23,0
1782940111.456,356.519,298.6,79.14,100,54,91,4770.1,4470.8,288.8,79.15,99,43,86,5273.7,4213.3,282.9,79.15,99,42,90,5435.7,5510.0,270.7,79.14,99,44,87,4861.2,5593.3,35.0,23,0
1782940111.898,356.961,301.9,79.14,100,58,91,5178.8,4251.8,287.4,79.15,100,58,86,4810.1,5285.2,280.1,79.15,100,59,89,5479.6,5604.3,269.0,79.14,100,59,86,5405.4,5972.5,35.0,24,0
1782940112.341,357.404,303.9,79.14,100,59,91,5138.8,3856.6,293.3,79.15,100,59,86,5329.8,5427.1,283.0,79.15,100,60,89,4977.7,6328.5,274.1,79.14,100,59,86,4896.5,6077.6,35.0,24,0
1782940112.783,357.846,303.9,79.14,100,59,91,4707.7,4285.1,297.8,79.15,100,59,86,5112.1,5109.5,288.9,79.15,100,61,89,5490.3,5690.9,277.9,79.14,100,59,86,5501.3,6261.5,35.0,24,0
1782940113.227,358.289,301.1,79.14,100,58,91,5123.9,3772.4,297.3,79.15,100,59,86,5385.7,5419.3,288.6,79.15,100,60,89,4946.2,5932.1,277.4,79.14,100,59,86,5437.8,5640.9,35.0,24,0
1782940113.669,358.732,299.9,79.14,100,58,91,4626.2,4313.7,296.4,79.15,100,58,86,5456.0,5034.3,287.3,79.15,100,60,89,6335.6,6050.4,275.9,79.14,100,59,86,5487.9,5600.4,35.0,24,0
1782940114.122,359.185,299.9,79.14,100,58,91,4555.4,4335.8,296.5,79.15,100,58,86,5334.3,4944.1,287.4,79.15,100,60,89,5594.2,5818.0,276.1,79.14,100,59,86,4975.9,6254.3,35.0,24,0
1782940114.563,359.626,300.0,79.14,100,58,91,5171.1,4359.6,296.8,79.15,100,58,86,4817.7,5359.1,287.6,79.15,100,60,89,5568.0,5557.0,276.3,79.14,100,59,86,5397.5,6055.0,35.0,24,0
1782940115.010,360.073,299.7,79.14,100,58,91,5110.2,3920.5,296.1,79.15,100,58,86,5511.5,5403.7,287.2,79.15,100,59,89,4857.0,6026.5,275.6,79.14,100,59,86,5397.1,5318.7,35.0,24,0
1782940115.456,360.518,300.0,79.14,100,58,91,4615.0,4319.3,296.1,79.15,100,58,86,5361.6,5167.6,287.2,79.15,100,59,89,5534.8,6034.8,275.6,79.14,100,59,86,4875.6,6076.6,35.0,24,0
1782940115.897,360.960,300.2,79.14,100,58,91,5215.7,4275.1,296.2,79.15,100,58,86,4777.1,5328.5,287.0,79.15,100,59,89,5469.6,5490.0,275.7,79.14,100,59,86,5474.4,5886.9,35.0,24,0
1782940116.339,361.401,300.1,79.14,100,59,91,5103.6,3791.3,296.4,79.15,100,59,86,5371.1,5366.0,287.5,79.15,100,60,89,4976.1,6040.0,276.3,79.14,100,58,86,4918.4,6132.2,35.0,24,0
1782940116.780,361.843,300.1,79.14,100,59,91,4615.3,4228.2,296.5,79.15,100,58,86,5263.3,4943.6,287.3,79.15,100,60,89,5508.1,5791.6,276.5,79.14,100,59,86,5470.8,6093.0,35.0,24,0
1782940117.224,362.287,300.0,79.14,100,58,91,5119.7,3760.6,296.7,79.15,100,58,86,5399.2,5463.1,287.2,79.15,100,59,89,4963.6,6104.9,276.4,79.14,100,59,86,5430.3,5683.0,36.0,24,0
1782940117.668,362.731,300.0,79.14,100,59,91,4572.7,4295.2,296.4,79.15,100,59,86,5996.9,5046.6,287.1,79.15,100,60,89,6118.7,6046.3,276.3,79.14,100,59,86,5446.7,5639.0,36.0,24,0
1782940118.117,363.180,300.2,79.14,100,59,91,4556.4,4246.2,296.8,79.15,100,59,86,5104.1,5148.0,287.8,79.15,100,60,89,5402.0,5639.1,277.0,79.14,100,59,86,5437.5,6331.0,36.0,24,0
1782940118.559,363.622,300.2,79.14,100,59,91,5082.3,3839.7,297.4,79.15,100,59,86,5327.7,5506.6,288.4,79.15,100,61,89,4942.9,6124.1,278.0,79.14,100,59,86,5418.5,5518.7,36.0,24,0
1782940119.001,364.064,299.9,79.14,100,58,91,4615.2,4421.0,297.4,79.15,100,59,86,5426.3,4964.6,288.4,79.15,100,60,89,5733.7,6708.7,277.4,79.14,100,59,86,4912.7,6045.4,36.0,24,0
1782940119.449,364.512,300.0,79.14,100,60,91,5174.8,4225.6,297.2,79.15,100,59,86,4832.1,5395.7,288.4,79.15,100,60,89,5523.9,5674.7,277.4,79.14,100,58,86,5465.0,5503.0,36.0,24,0
1782940119.892,364.954,300.0,79.14,100,58,91,5060.6,3876.5,297.1,79.15,100,59,86,5353.8,5193.2,288.3,79.15,100,60,89,5192.8,6166.5,277.0,79.14,100,59,86,4871.1,6251.4,36.0,24,0
1782940120.336,365.399,300.0,79.14,100,59,91,4922.0,4252.5,297.2,79.15,100,59,86,4838.0,5505.2,288.5,79.15,100,60,89,5449.5,5592.3,278.1,79.14,100,59,86,5470.7,6090.8,36.0,24,0
1782940120.779,365.842,300.0,79.14,100,59,91,5113.7,3763.3,297.1,79.15,100,59,86,5337.5,5647.2,288.4,79.15,100,60,89,4850.8,6141.8,277.9,79.14,100,59,86,5479.0,5947.4,36.0,24,0
1782940121.225,366.287,300.0,79.14,100,59,91,4568.9,4470.2,297.2,79.15,100,58,86,5337.7,5091.8,288.5,79.15,100,59,89,5419.9,6030.4,277.6,79.14,100,59,86,4964.6,5994.5,36.0,24,0
1782940121.667,366.730,299.9,79.14,100,58,91,5173.1,4326.0,297.3,79.15,100,59,86,5395.4,5551.6,288.4,79.15,100,61,89,6292.7,5624.3,277.7,79.14,100,59,86,5496.9,6225.9,36.0,24,0
1782940122.120,367.183,299.9,79.14,100,58,91,5155.7,4263.8,296.6,79.15,100,58,86,4768.7,5573.7,287.7,79.15,100,59,89,4899.0,6046.3,277.1,79.14,100,59,86,5454.9,5620.6,36.0,24,0
1782940122.562,367.625,300.2,79.14,100,59,91,4582.6,4344.9,297.0,79.15,100,58,86,5391.4,5078.3,288.1,79.15,100,59,89,5520.0,6129.5,276.8,79.14,100,59,86,4934.0,6846.7,36.0,24,0
1782940123.007,368.070,300.0,79.14,100,58,91,5015.3,4225.6,297.0,79.15,100,58,86,4810.4,5662.9,288.3,79.15,100,60,89,5417.2,5430.1,277.4,79.14,100,59,86,5509.7,6627.4,36.0,24,0
1782940123.453,368.516,300.1,79.14,100,59,91,5103.7,3855.1,297.0,79.15,100,59,86,5390.2,5271.7,288.3,79.15,100,60,89,4918.9,6221.9,277.4,79.14,100,59,86,5471.7,5533.1,36.0,24,0
1782940123.894,368.956,300.0,79.14,100,59,91,4574.6,4323.2,296.3,79.15,100,57,86,5335.7,4917.2,287.7,79.15,100,59,89,5456.3,6101.7,276.8,79.14,100,59,86,4995.6,6070.6,36.0,24,0
1782940124.336,369.398,299.5,79.14,100,57,91,5190.9,4275.8,296.2,79.15,100,58,86,4822.1,5152.6,287.4,79.15,100,59,89,5518.0,5510.1,276.3,79.14,100,58,86,5458.1,6029.7,36.0,24,0
1782940124.780,369.842,299.5,79.14,100,57,91,5308.0,4323.1,295.4,79.15,100,58,86,4894.0,5515.0,286.6,79.15,100,60,89,4902.5,5988.2,275.7,79.14,100,59,86,5494.1,5405.2,36.0,24,0
1782940125.227,370.290,299.7,79.14,100,57,91,5066.2,3942.3,294.7,79.15,100,57,86,5393.9,5393.7,286.0,79.15,100,59,89,5044.8,5975.8,275.2,79.14,100,59,86,4964.3,5960.1,37.0,24,0
1782940125.669,370.732,300.0,79.14,100,59,91,4690.3,4343.5,295.3,79.15,100,58,86,5633.1,4784.2,286.3,79.15,100,60,89,6498.6,6029.5,275.6,79.14,100,58,86,4931.2,6179.9,37.0,24,0
1782940126.120,371.183,299.9,79.14,100,58,91,4908.9,4274.9,295.2,79.15,100,58,86,4893.8,5304.0,286.4,79.15,100,59,89,5476.5,5553.9,275.6,79.14,100,59,86,5457.9,6004.9,37.0,24,0
1782940126.561,371.624,299.9,79.14,100,58,91,5127.1,3711.4,295.2,79.15,100,58,86,5377.9,5319.5,286.4,79.15,100,60,89,5033.2,5784.1,275.9,79.14,100,59,86,5444.0,6553.2,37.0,24,0
1782940127.008,372.070,300.1,79.14,100,58,91,4961.5,3985.0,295.2,79.15,100,58,86,5363.0,4916.2,287.2,79.15,100,59,89,5481.8,6046.8,276.2,79.14,100,58,86,4953.3,6075.8,37.0,24,0
1782940127.450,372.512,300.0,79.14,100,58,91,4862.9,4378.5,295.8,79.15,100,58,86,4704.4,5517.0,287.2,79.15,100,59,89,5440.2,5630.0,276.2,79.14,100,58,86,5605.2,5699.7,37.0,24,0
1782940127.893,372.956,299.9,79.14,100,58,91,5176.2,3810.7,296.1,79.15,100,59,86,5663.2,5569.8,287.3,79.15,100,60,89,5006.5,6036.6,276.3,79.14,100,58,86,5414.5,5589.6,37.0,24,0
1782940128.336,373.399,300.0,79.14,100,58,91,5055.9,4000.3,295.7,79.15,100,58,86,5417.1,5031.9,286.9,79.15,100,60,89,5468.2,6025.6,275.9,79.14,100,59,86,4926.7,6037.2,37.0,24,0
1782940128.779,373.842,300.0,79.14,100,58,91,4619.2,4340.7,295.2,79.15,100,58,86,5403.4,5101.9,286.8,79.15,100,59,89,5479.7,5674.4,275.3,79.14,100,58,86,5530.5,6061.2,37.0,24,0
1782940129.223,374.285,300.2,79.14,100,59,91,5117.5,3924.6,295.6,79.15,100,59,86,4889.0,5461.9,286.7,79.15,100,60,89,5330.1,5711.3,275.9,79.14,100,58,86,5451.1,5481.2,37.0,24,0
1782940129.669,374.731,300.2,79.14,100,59,91,5110.9,3742.7,296.3,79.15,100,59,86,5613.9,5206.4,287.2,79.15,100,60,89,5973.1,6105.1,276.8,79.14,100,59,86,5432.9,5631.8,37.0,24,0
1782940130.570,375.633,299.9,79.14,100,58,91,4670.2,4410.3,296.0,79.15,100,58,86,5330.1,4928.8,287.3,79.15,100,60,89,5511.1,5609.3,276.3,79.14,100,58,86,5066.2,5962.6,37.0,24,0
1782940131.012,376.075,299.7,79.14,100,58,91,5185.1,4120.4,295.1,79.15,100,58,86,4826.1,5317.0,286.9,79.15,100,60,89,4932.9,6272.1,275.9,79.14,100,58,86,5453.8,5656.4,37.0,24,0
1782940131.454,376.517,299.7,79.14,100,57,91,5111.8,3851.6,295.1,79.15,100,58,86,5432.4,5015.4,286.9,79.15,100,60,89,5228.9,6025.7,275.9,79.14,100,58,86,4860.3,5791.6,37.0,24,0
1782940131.896,376.959,300.0,79.14,100,58,91,4677.3,4474.6,294.9,79.15,100,58,86,4952.9,5252.1,286.2,79.15,100,59,89,5515.5,5655.0,275.4,79.14,100,58,86,5520.2,5904.0,37.0,24,0
1782940132.338,377.401,300.2,79.14,100,58,91,5266.9,3941.8,295.1,79.15,100,58,86,5049.5,5452.3,286.3,79.15,100,59,89,4936.2,5941.2,275.6,79.14,100,59,86,5421.0,5494.0,37.0,24,0
1782940132.780,377.843,300.2,79.14,100,58,91,5243.8,3841.3,295.6,79.15,100,58,86,5382.5,4975.5,286.5,79.15,100,60,89,5240.6,6048.6,276.0,79.14,100,59,86,4959.1,6228.7,38.0,24,0
1782940133.224,378.287,300.0,79.14,100,58,91,4615.4,4262.2,295.4,79.15,100,58,86,5238.2,4931.2,286.7,79.15,100,59,89,5763.5,6160.3,275.6,79.14,100,59,86,5022.9,5832.3,38.0,24,0
1782940133.669,378.732,299.9,79.14,100,59,91,5254.9,4281.2,295.7,79.15,100,58,86,5117.3,5551.8,287.3,79.15,100,60,89,6306.2,5925.5,275.9,79.14,100,59,86,4932.5,6045.9,38.0,24,0
1782940134.123,379.186,300.1,79.14,100,59,91,5223.8,4359.0,296.0,79.15,100,58,86,4915.1,5355.9,287.2,79.15,100,60,89,5489.4,5515.6,276.4,79.14,100,59,86,5470.3,5481.1,38.0,24,0
1782940134.566,379.629,300.0,79.14,100,58,91,5121.1,3825.1,295.7,79.15,100,57,86,5389.2,5369.6,287.2,79.15,100,59,89,4893.0,5807.5,275.8,79.14,100,58,86,5325.6,5432.0,38.0,24,0
1782940135.009,380.072,299.9,79.14,100,58,91,4744.3,4460.0,295.7,79.15,100,57,86,5320.6,5039.4,286.6,79.15,100,59,89,5553.9,5812.6,275.4,79.14,100,58,86,4873.7,6094.0,38.0,24,0
1782940135.450,380.513,299.8,79.14,100,58,91,5220.0,4336.3,295.2,79.15,100,58,86,4989.6,5224.4,286.6,79.15,100,59,89,5449.5,5435.8,275.4,79.14,100,58,86,5505.7,6077.0,38.0,24,0
1782940135.891,380.953,299.9,79.14,100,57,91,5181.5,3929.4,295.2,79.15,100,58,86,5399.4,5236.2,286.7,79.15,100,59,89,5100.3,5944.3,275.4,79.14,100,58,86,5512.2,5429.3,38.0,24,0
1782940136.332,381.394,299.9,79.14,100,57,91,4680.4,4455.4,295.2,79.15,100,58,86,5303.9,4856.5,286.2,79.15,100,59,89,5382.8,5659.4,275.2,79.14,100,59,86,5213.1,6016.9,38.0,24,0
1782940136.772,381.835,300.2,79.14,100,59,90,4741.5,4311.4,295.8,79.15,100,58,86,4800.5,5493.4,286.8,79.15,100,60,89,5455.8,5453.7,276.0,79.14,100,59,86,5538.6,5917.2,38.0,24,0
1782940137.223,382.286,300.1,79.14,100,59,91,5189.6,3806.1,296.3,79.15,100,58,86,5114.6,5159.3,287.3,79.15,100,60,89,4939.6,6472.0,276.3,79.14,100,58,86,5589.4,5447.7,38.0,24,0
1782940137.666,382.729,300.0,79.14,100,58,91,4616.7,4461.8,295.7,79.15,100,58,86,6432.1,5339.2,287.0,79.15,100,60,89,4982.4,6222.8,275.8,79.14,100,59,86,4878.5,5753.0,38.0,24,0
1782940138.112,383.174,300.2,79.14,100,59,91,4630.7,4321.6,296.4,79.15,100,59,86,5053.5,4926.5,287.7,79.15,100,60,89,5484.3,5736.0,276.1,79.14,100,58,86,5389.9,5997.3,38.0,24,0
1782940138.552,383.615,300.0,79.14,100,58,91,5154.6,3768.1,296.3,79.15,100,58,86,5411.3,5494.7,287.6,79.15,100,60,89,4931.2,6059.7,276.4,79.14,100,59,86,5450.9,5534.7,38.0,24,0
1782940138.996,384.059,299.7,79.14,100,57,91,5222.8,3952.3,296.3,79.15,100,58,86,5372.7,4928.9,286.9,79.15,100,59,89,5192.9,6012.9,276.4,79.14,100,59,86,4922.4,6074.9,38.0,24,0
1782940139.438,384.501,300.0,79.14,100,58,91,4615.6,4450.3,295.5,79.15,100,58,86,4804.6,5270.8,286.9,79.15,100,59,89,5462.0,5565.9,275.6,79.14,100,58,86,5476.6,5698.8,38.0,24,0
1782940139.881,384.944,300.0,79.14,100,58,91,5171.0,3807.5,295.4,79.15,100,58,86,4976.4,5872.3,286.5,79.15,100,59,89,5867.3,5553.7,274.9,79.14,100,58,86,5407.2,5910.6,38.0,24,0
1782940140.330,385.393,300.0,79.14,100,58,91,5183.7,3928.2,295.8,79.15,100,58,86,5309.4,5213.6,286.7,79.15,100,59,89,4951.4,6127.9,275.8,79.14,100,59,86,5422.4,5532.1,38.0,24,0
1782940140.777,385.840,300.1,79.14,100,58,91,5172.6,3851.3,296.1,79.15,100,58,86,5355.6,5108.4,287.2,79.15,100,60,89,5471.1,6103.9,276.4,79.14,100,59,86,4915.8,5888.4,39.0,24,0
1782940141.223,386.286,300.2,79.14,100,58,91,4751.4,4350.0,296.5,79.15,100,58,86,4863.2,5509.5,287.8,79.15,100,60,89,5412.8,5650.9,276.4,79.14,100,58,86,5567.0,6086.3,39.0,24,0
1782940141.666,386.729,300.1,79.14,100,58,91,5246.9,3844.0,296.4,79.15,100,58,86,6031.4,5259.5,287.4,79.15,100,60,89,6262.9,5580.7,276.4,79.14,100,58,86,5500.7,5940.9,39.0,24,0
1782940142.119,387.182,299.7,79.14,100,58,91,5116.3,3943.9,295.3,79.15,100,58,86,5023.2,5288.5,286.5,79.15,100,59,89,4895.6,6196.6,276.0,79.14,100,59,86,5373.5,5663.2,39.0,24,0
1782940142.562,387.624,300.0,79.14,100,59,91,5119.7,3910.0,295.4,79.15,100,57,86,5366.8,4922.5,286.5,79.15,100,59,89,5106.4,5856.7,275.7,79.14,100,58,86,4815.9,7221.6,39.0,24,0
1782940143.007,388.070,299.9,79.14,100,58,91,4624.3,4338.6,295.4,79.15,100,57,86,5376.9,4908.2,286.6,79.15,100,60,89,5424.9,6060.2,275.7,79.14,100,58,86,4939.0,5849.2,39.0,24,0
1782940143.450,388.513,300.0,79.14,100,58,91,5568.8,4291.5,295.6,79.15,100,58,86,4811.0,5197.7,286.6,79.15,100,60,89,5489.9,5573.0,276.0,79.14,100,59,86,5504.4,6171.2,39.0,24,0
1782940143.894,388.957,300.1,79.14,100,58,91,5062.7,3961.9,295.5,79.15,100,58,86,5391.6,5161.7,286.4,79.15,100,59,89,4953.0,5889.2,276.3,79.14,100,58,86,5418.1,5308.2,39.0,24,0
1782940144.337,389.399,300.1,79.14,100,58,91,4563.8,967.2,295.6,79.15,100,58,86,2.5,6.3,286.7,79.15,100,59,89,21272.6,17318.2,276.1,79.14,100,58,86,20744.5,15038.7,39.0,24,0
1782940145.750,390.813,286.8,79.14,99,45,91,7.9,8559.7,287.9,79.15,99,43,86,10292.2,2860.3,278.0,79.15,98,40,90,15943.2,4.6,274.7,79.14,99,43,86,10380.5,8602.9,39.0,24,0
1782940146.192,391.255,297.3,79.14,99,44,91,1.9,15744.6,286.2,79.15,99,45,86,713.2,2667.4,281.1,79.15,100,51,90,16228.1,4.5,270.6,79.14,99,52,87,10389.6,8599.3,39.0,24,0
1782940146.633,391.696,300.8,79.14,100,53,91,1693.7,273.9,290.6,79.15,99,47,86,19145.5,4.6,282.8,79.15,99,54,89,10388.0,8601.1,274.8,79.14,100,57,87,8.8,17220.0,39.0,24,0
1782940147.078,392.141,301.5,79.14,99,46,91,10354.3,4.5,294.8,79.15,99,52,86,19684.2,886.6,285.3,79.15,99,47,90,9910.4,9080.6,276.6,79.14,99,49,87,1.9,12924.2,39.0,24,0
1782940147.519,392.582,299.3,79.14,99,43,90,20708.1,5.7,291.5,79.15,99,44,86,21860.6,17964.2,281.6,79.15,99,44,90,20702.6,17566.1,268.2,79.14,97,29,86,20444.3,17288.9,39.0,24,0
1782940147.965,393.027,292.7,79.14,100,61,92,12978.3,4.9,291.5,79.15,99,44,86,2.7,4.3,271.9,79.15,100,40,88,1168.7,322.9,268.2,79.14,97,29,86,19716.4,17221.6,39.0,24,0
1782940148.413,393.476,270.0,79.14,100,47,90,3278.1,4.2,279.1,79.15,100,40,85,2.7,40.6,271.9,79.15,100,40,88,19722.2,17201.8,258.6,79.14,100,38,86,2.7,4.4,39.0,24,0
1782940148.854,393.917,276.5,79.14,100,50,91,20709.7,17110.9,276.3,79.15,100,58,87,2.1,4.9,272.3,79.15,100,60,90,2.4,13827.2,263.6,79.14,100,58,87,17626.4,4211.7,39.0,24,0
1782940149.296,394.359,276.5,79.14,100,50,91,18876.1,14697.6,286.4,79.15,100,48,86,2771.7,6.4,283.9,79.15,100,58,90,1072.5,16743.3,273.2,79.14,100,47,87,20748.8,5.8,39.0,24,0
1782940149.738,394.801,290.7,79.14,100,54,91,6.2,721.2,295.5,79.15,100,42,86,19027.2,15312.9,285.5,79.15,100,46,90,2.5,5.8,275.6,79.14,99,45,87,18763.9,15327.0,39.0,24,0
1782940150.184,395.246,295.6,79.14,100,43,91,12381.7,5.4,287.5,79.15,100,44,86,2.1,12885.2,279.2,79.15,100,42,90,18552.7,4778.4,267.1,79.14,100,43,87,2.1,5.0,39.0,24,0
1782940150.626,395.688,297.8,79.14,100,45,91,1.8,4.6,286.0,79.15,100,47,86,10145.2,15083.8,276.1,79.15,100,45,90,11330.8,9.5,267.6,79.14,100,48,86,8.2,12361.2,39.0,24,0
1782940151.074,396.137,301.7,79.14,100,45,91,3.6,4.6,292.6,79.15,100,57,87,20722.7,17106.9,283.1,79.15,100,52,90,2.4,4.9,275.5,79.14,100,50,87,2.3,16020.9,39.0,24,0
1782940151.515,396.578,302.5,79.14,100,49,91,1.9,4.4,294.1,79.15,100,48,86,13474.3,14907.1,286.2,79.15,100,48,90,8317.9,4.5,277.2,79.14,100,47,86,2.8,514.8,39.0,24,0
1782940151.959,397.022,302.2,79.14,100,55,91,2.6,7.3,294.1,79.15,100,48,86,2.1,17169.7,286.2,79.15,100,48,90,20674.1,5.4,277.2,79.14,100,47,86,2.6,4.6,39.0,24,0
1782940152.400,397.462,298.9,79.14,100,47,91,4588.8,4.6,296.0,79.15,100,56,87,2.4,5926.3,287.7,79.15,100,49,90,18352.9,11950.1,278.4,79.14,100,47,87,3.5,4.7,39.0,24,0
1782940152.840,397.902,302.0,79.14,100,55,91,20432.7,4.5,293.9,79.15,100,47,86,3.6,4.6,289.0,79.15,100,56,90,20786.1,17201.8,279.1,79.14,100,59,87,5.9,7.5,39.0,24,0
1782940153.286,398.349,302.0,79.14,100,55,91,962.0,5.4,293.9,79.15,100,45,86,948.2,16352.0,286.0,79.15,100,46,90,19686.6,5.7,275.5,79.14,100,44,87,2.1,12393.4,39.0,24,0
1782940153.728,398.791,299.1,79.14,100,45,91,20143.0,17112.2,293.7,79.15,100,46,85,8.4,7.6,282.9,79.15,100,47,89,11878.4,15224.4,273.2,79.14,100,44,87,9885.0,6.1,4.0,0,21
1782940154.176,399.239,299.2,79.14,100,46,91,20708.8,17107.4,282.1,79.15,98,12,85,1.9,4.5,277.1,79.15,98,27,88,2.3,6081.9,259.3,79.14,100,23,87,18094.5,12167.5,4.0,0,21
1782940154.617,399.680,293.1,79.14,100,55,91,1.8,4.0,286.3,79.15,100,53,86,10605.0,15028.8,278.7,79.15,100,50,89,11021.8,6.1,269.1,79.14,100,48,87,6.6,501.7,4.0,0,21
1782940155.062,400.125,292.5,79.14,100,51,91,40.2,4.2,298.4,79.15,100,61,87,2.3,3.4,288.6,79.15,100,48,90,20296.9,17194.6,280.9,79.14,100,47,87,2.0,5.0,4.0,0,21
1782940155.504,400.566,299.2,79.14,100,49,90,20705.5,4.6,298.4,79.15,100,61,87,3.6,4.7,291.6,79.15,100,51,90,19040.8,16182.2,280.9,79.14,100,47,87,11.4,5.8,4.0,0,21
1782940155.949,401.011,299.1,79.14,100,43,91,5.2,15561.0,295.7,79.15,100,45,87,19777.1,759.6,291.6,79.15,100,51,90,3.5,5812.5,280.8,79.14,100,54,87,18403.3,11915.6,4.0,0,21
1782940156.394,401.456,297.5,79.14,100,44,90,2.6,5.7,290.3,79.15,100,42,87,8349.3,14270.8,284.2,79.15,100,42,90,14325.7,5.1,269.9,79.14,100,42,86,2.9,639.9,4.0,0,21
1782940156.834,401.897,297.5,79.14,100,44,90,3.1,4.6,287.6,79.15,100,44,86,1.8,6245.4,275.5,79.15,100,44,89,17645.1,12210.7,263.6,79.14,100,35,86,2.8,9.9,4.0,0,21
1782940157.276,402.338,280.9,79.14,100,44,90,92.3,4.4,283.7,79.15,100,52,86,2.8,5301.4,272.4,79.15,100,42,90,18082.0,12964.5,264.4,79.14,100,43,87,2.0,4.9,4.0,0,21
1782940157.717,402.780,277.5,79.14,100,48,91,7767.4,6.6,283.5,79.15,100,46,85,3.8,3850.4,277.8,79.15,100,46,90,18054.2,14249.4,269.5,79.14,100,48,86,2.7,4.5,4.0,0,21
1782940158.163,403.225,295.6,79.14,100,56,91,20164.6,5.5,293.2,79.15,100,53,86,2.8,4.5,285.7,79.15,100,48,89,20779.7,16445.0,275.3,79.14,99,46,87,3.0,4.8,4.0,0,21
1782940158.605,403.668,299.6,79.14,100,48,91,19495.0,1019.9,296.1,79.15,100,47,87,1.9,4.7,289.7,79.15,100,58,90,10489.0,21179.5,278.8,79.14,100,50,87,2531.1,8.3,4.0,0,21
1782940159.054,404.116,301.5,79.14,100,52,91,20698.9,5.2,293.7,79.15,100,46,86,4.3,4.7,285.5,79.15,100,48,90,13993.3,15064.2,276.2,79.14,100,46,87,7869.4,5.0,4.0,0,21
1782940159.495,404.557,299.4,79.14,100,47,90,20705.3,4.8,293.7,79.15,100,46,86,3.9,2374.7,284.6,79.15,100,48,90,18716.0,15278.0,276.2,79.14,100,46,87,3.4,6.0,4.0,0,21
1782940159.935,404.998,298.6,79.14,100,45,90,1997.9,15413.0,292.5,79.15,100,45,86,19312.1,5.7,284.6,79.15,100,48,90,4.5,13950.2,274.0,79.14,100,46,87,18362.0,3971.7,4.0,0,21
1782940160.377,405.440,294.9,79.14,98,19,92,20709.9,17110.3,288.0,79.15,100,44,87,5.2,5.1,280.6,79.15,100,45,90,2.7,11554.8,269.9,79.14,100,45,86,18113.4,6682.3,7.0,1,19
1782940160.821,405.883,294.9,79.14,98,19,92,2.8,3.4,281.9,79.15,100,61,87,20234.1,17108.7,274.1,79.15,100,63,90,2.3,4.5,267.1,79.14,100,60,87,1.8,2746.0,7.0,1,19
1782940161.267,406.330,294.7,79.14,100,52,91,2.2,4.3,287.7,79.15,100,50,87,1.9,10557.5,282.0,79.15,100,64,90,18021.0,7713.5,273.8,79.14,100,59,87,2.9,4.4,7.0,1,19
1782940161.708,406.771,294.2,79.14,100,52,91,20705.9,7.5,299.3,79.15,100,48,85,6.0,3204.2,291.8,79.15,100,49,90,18413.2,14799.3,280.3,79.14,100,49,87,3.5,4.8,7.0,1,19
1782940162.158,407.221,298.9,79.14,100,50,91,2.1,4.9,297.8,79.15,100,44,87,20230.1,17105.5,287.2,79.15,100,46,90,2.6,6.0,278.3,79.14,100,43,87,17098.0,15101.4,7.0,1,19
1782940162.599,407.662,297.2,79.14,100,39,91,20708.4,17111.5,287.6,79.15,100,41,87,2.6,6.1,283.6,79.15,100,43,90,1124.8,16738.3,269.0,79.14,100,40,87,20760.8,11.0,7.0,1,19
1782940163.043,408.106,280.0,79.14,100,43,90,14973.0,5.2,280.4,79.15,100,48,86,2.0,8645.5,271.2,79.15,100,43,89,18417.9,9201.3,261.3,79.14,99,44,87,2.2,4.7,7.0,1,19
1782940163.485,408.547,275.9,79.14,100,46,91,3576.1,4.8,280.4,79.15,100,48,86,2.0,13506.1,271.5,79.15,100,46,90,18295.5,4303.9,261.3,79.14,99,44,87,1.9,4.6,7.0,1,19
1782940163.927,408.990,295.0,79.14,100,45,91,1.9,7.2,282.5,79.15,100,44,86,2.7,8647.1,271.5,79.15,100,46,90,19472.2,7972.9,265.9,79.14,100,45,86,1.8,4.6,7.0,1,19
1782940164.371,409.434,300.4,79.14,100,48,91,19535.1,4.5,292.1,79.15,100,56,87,3.5,4.3,285.7,79.15,100,55,90,20783.9,17196.8,276.8,79.14,100,57,87,3.0,4.8,7.0,1,19
1782940164.812,409.875,300.4,79.14,100,48,91,18047.8,9507.0,294.6,79.15,100,47,85,2.0,4.7,288.3,79.15,100,49,90,2244.3,15610.6,278.0,79.14,100,47,87,19681.9,4.9,7.0,1,19
1782940165.252,410.315,301.5,79.14,100,58,91,20709.6,17110.1,296.1,79.15,100,52,86,4.5,4.8,286.4,79.15,100,47,89,1.9,16066.9,276.9,79.14,100,48,87,18262.0,2045.0,7.0,1,19
1782940165.692,410.755,299.2,79.14,100,48,91,20708.7,17113.7,294.0,79.15,100,47,86,6.6,13.4,288.8,79.15,100,56,90,7861.4,15113.9,279.1,79.14,100,55,88,12826.0,7.3,7.0,1,19
1782940166.147,411.210,299.4,79.14,100,48,91,2.5,5.4,291.6,79.15,100,43,86,19603.3,15207.8,285.4,79.15,100,45,90,1957.3,5.9,274.2,79.14,100,43,87,3509.9,15506.3,7.0,1,19
1782940166.590,411.653,298.1,79.14,100,40,91,27776.5,18074.5,290.9,79.15,100,45,87,20703.4,17102.0,282.8,79.15,100,46,90,20744.1,17185.0,268.7,79.14,98,43,87,20744.5,17191.2,10.0,3,17
1782940167.032,412.095,292.7,79.14,100,57,91,2.1,4.0,281.8,79.15,100,49,87,20740.4,15893.7,272.9,79.15,100,50,90,85.7,4.4,266.0,79.14,100,49,87,1.9,6.1,10.0,3,17
1782940167.474,412.537,294.8,79.14,100,62,91,20706.5,4.3,281.8,79.15,100,49,87,2.7,4.6,279.5,79.15,100,48,90,15232.6,14880.4,266.0,79.14,100,49,87,6960.7,5.3,10.0,3,17
1782940167.916,412.978,301.6,79.14,100,64,91,18890.6,15049.4,288.8,79.15,100,48,87,1668.2,9.1,279.5,79.15,100,48,90,2.3,8009.5,271.9,79.14,100,47,87,18050.7,10266.0,10.0,3,17
1782940168.359,413.422,297.2,79.14,100,46,91,18666.0,15619.9,301.1,79.15,100,46,86,3.8,7.1,294.7,79.15,100,49,89,18774.6,15104.8,282.9,79.14,100,45,87,2973.3,5.7,10.0,3,17
1782940168.800,413.863,297.2,79.14,100,46,91,5.7,16152.6,293.6,79.15,100,45,86,18641.0,1968.4,286.4,79.15,100,47,90,3.0,2220.3,277.0,79.14,100,45,87,18738.1,15512.7,10.0,3,17
1782940169.241,414.304,297.0,79.14,100,45,91,15799.9,11742.6,287.1,79.15,100,38,86,3.6,5.1,279.6,79.15,100,44,89,1117.8,16781.8,268.9,79.14,100,42,87,17634.3,2698.8,10.0,3,17
1782940169.682,414.745,285.9,79.14,100,39,90,11382.1,14915.7,278.4,79.15,100,40,85,11074.2,10.1,273.2,79.15,100,41,90,5.7,8704.0,262.0,79.14,100,46,87,18940.7,5743.6,10.0,3,17
1782940170.133,415.196,276.2,79.14,100,52,91,19784.1,17107.0,282.4,79.15,100,57,86,1.9,4.9,274.9,79.15,100,49,89,1.8,17259.4,264.1,79.14,100,45,87,20748.4,5.1,10.0,3,17
1782940170.573,415.636,287.8,79.14,100,47,91,19131.4,14958.6,290.0,79.15,100,48,85,3426.5,4.6,284.8,79.15,100,54,90,2.3,3151.4,275.1,79.14,100,48,87,17986.7,15062.4,10.0,3,17
1782940171.013,416.076,299.2,79.14,100,53,91,3067.4,14830.4,290.0,79.15,100,48,85,19269.0,4.7,286.8,79.15,100,48,89,1.9,4.6,276.8,79.14,100,48,86,20795.3,17205.2,10.0,3,17
1782940171.456,416.518,299.4,79.14,100,46,91,1934.4,15457.2,294.7,79.15,100,52,86,19826.1,4.6,286.8,79.15,100,48,89,3.9,4.6,276.8,79.14,100,48,86,20787.9,16539.9,10.0,3,17
1782940171.896,416.959,300.4,79.14,100,54,91,2.3,17115.2,292.7,79.15,100,47,86,20705.0,8.7,285.6,79.15,100,54,90,5.1,4.7,277.6,79.14,100,55,88,20786.1,17200.9,10.0,3,17
1782940172.339,417.401,300.4,79.14,100,54,91,18665.3,5369.3,293.0,79.15,100,46,86,2.2,5.1,286.1,79.15,100,46,89,20280.1,17188.3,274.6,79.14,100,44,87,3.1,5.8,10.0,3,17
1782940172.780,417.843,299.7,79.14,100,44,91,5070.0,15674.9,293.2,79.15,100,45,86,16479.1,5.7,283.3,79.15,100,47,89,2.9,17224.7,274.4,79.14,100,41,87,20757.0,17199.7,13.0,5,15
1782940173.230,418.292,298.2,79.14,100,43,91,1.9,2852.2,279.1,79.15,100,12,86,18311.1,15613.5,273.4,79.15,98,11,90,3.3,4.2,259.4,79.14,100,43,86,2.0,2902.0,13.0,5,15
1782940173.674,418.737,291.0,79.14,100,51,90,15389.3,4.0,286.5,79.15,100,69,87,7.5,7.4,279.2,79.15,100,57,90,20793.9,17201.4,269.2,79.14,100,48,87,5.2,4.5,13.0,5,15
1782940174.119,419.182,292.5,79.14,100,50,90,19743.9,14858.3,299.6,79.15,100,63,87,3223.8,4.9,285.3,79.15,100,62,90,2.0,6636.9,284.9,79.14,100,59,87,18133.8,11472.4,13.0,5,15
1782940174.561,419.623,301.4,79.14,100,49,91,10389.7,15015.0,297.4,79.15,100,45,85,11741.2,5.4,289.6,79.15,100,48,90,2.9,16637.9,277.9,79.14,100,46,87,19509.4,1008.8,13.0,5,15
1782940175.001,420.064,298.6,79.14,100,45,90,2.2,5.8,297.4,79.15,100,45,85,18658.9,15130.1,281.6,79.15,100,41,90,2987.4,5.8,277.9,79.14,100,46,87,1078.6,16747.2,13.0,5,15
1782940175.443,420.506,297.9,79.14,100,42,91,20064.0,561.7,290.0,79.15,100,44,86,3.0,5.0,281.6,79.15,100,41,90,20765.8,17193.5,269.6,79.14,100,45,86,2.8,4.8,13.0,5,15
1782940175.885,420.948,301.0,79.14,100,48,91,3.8,10.2,288.6,79.15,100,46,86,1.9,14762.7,278.7,79.15,100,46,91,18294.6,485.8,269.6,79.14,100,45,86,2.3,4.7,13.0,5,15
1782940176.331,421.394,301.0,79.14,100,48,91,3.2,4.7,289.0,79.15,100,45,86,505.2,17108.1,279.5,79.15,100,46,90,20747.3,4.9,270.4,79.14,100,45,87,4.5,5.3,13.0,5,15
1782940176.772,421.834,300.3,79.14,100,49,91,4.3,7.2,292.6,79.15,100,56,87,1.9,17151.9,286.4,79.15,100,55,90,20447.9,243.6,276.3,79.14,100,56,87,2.0,4.6,13.0,5,15
1782940177.218,422.281,301.0,79.14,100,47,91,4059.4,4.5,293.5,79.15,100,46,85,2.7,1696.7,287.2,79.15,100,49,90,18404.5,16477.2,277.3,79.14,100,47,87,3.6,4.6,13.0,5,15
1782940177.660,422.722,301.9,79.14,100,56,91,18173.3,4.8,296.7,79.15,100,50,86,3.5,2420.5,286.2,79.15,100,46,89,18095.0,14890.5,276.2,79.14,100,45,87,5.1,6.7,13.0,5,15
1782940178.111,423.173,299.3,79.14,100,48,91,10226.9,4.7,293.7,79.15,100,45,86,2.7,44.9,287.6,79.15,100,54,90,19401.8,17198.8,277.1,79.14,100,49,87,2.4,4.9,13.0,5,15
1782940178.552,423.614,299.4,79.14,100,50,91,2.6,5.5,292.0,79.15,100,46,87,17122.8,15323.5,284.6,79.15,100,47,90,4028.8,5.8,274.3,79.14,100,42,87,1075.3,16755.9,13.0,5,15
1782940178.994,424.056,299.1,79.14,100,43,91,20710.3,14305.3,292.0,79.15,100,46,87,2518.7,5.7,282.1,79.15,100,41,90,1075.6,10589.9,274.3,79.14,100,42,87,16600.0,8610.1,16.0,7,13
1782940179.436,424.499,273.6,79.14,98,11,90,1.8,8209.7,287.5,79.15,100,40,86,19577.5,8332.1,282.1,79.15,100,41,90,1.8,4.6,269.3,79.14,99,42,87,490.1,17288.9,16.0,7,13
1782940179.878,424.941,275.0,79.14,100,62,91,2.0,4.0,270.4,79.15,100,51,86,4.4,56.9,265.1,79.15,100,60,90,19558.3,13847.5,255.3,79.14,100,55,87,5.7,4.6,16.0,7,13
1782940180.328,425.391,275.0,79.14,100,62,91,18070.9,6147.4,280.4,79.15,100,47,85,2.7,4.3,272.7,79.15,100,51,90,2.3,16107.1,267.9,79.14,100,50,87,17876.4,2312.7,16.0,7,13
1782940180.771,425.834,300.9,79.14,100,63,91,18822.7,17107.7,302.4,79.15,100,50,85,3.6,4.5,292.6,79.15,100,48,89,1.9,17244.8,285.1,79.14,100,48,86,20747.4,6.2,16.0,7,13
1782940181.218,426.280,296.6,79.14,100,46,91,2.2,5.7,295.8,79.15,100,44,87,16224.5,15507.9,288.8,79.15,100,44,90,4989.0,5.8,278.1,79.14,100,43,87,2670.8,15550.0,16.0,7,13
1782940181.660,426.722,295.1,79.14,100,43,90,20705.0,5.8,288.0,79.15,100,46,86,4.1,11329.5,281.0,79.15,100,46,90,18473.9,5195.1,269.5,79.14,100,44,86,7.8,5.2,16.0,7,13
1782940182.107,427.170,299.2,79.14,100,45,91,2.4,4.6,287.0,79.15,100,45,85,17730.8,14907.8,275.9,79.15,100,45,89,3838.0,4.8,267.8,79.14,99,46,87,1.9,7170.5,16.0,7,13
1782940182.550,427.613,300.2,79.14,100,46,90,2.4,4.6,289.2,79.15,100,45,87,20724.7,17110.6,282.3,79.15,100,47,90,4.1,4.9,273.9,79.14,100,59,87,2.0,14554.7,16.0,7,13
1782940182.993,428.056,302.9,79.14,100,55,91,3.5,4.3,289.2,79.15,100,45,87,17956.8,16332.0,285.7,79.15,100,48,91,2396.2,4.7,273.9,79.14,100,59,87,2.9,3404.6,16.0,7,13
1782940183.437,428.500,300.8,79.14,100,48,91,1.8,4.5,293.6,79.15,100,48,86,539.0,16700.5,285.7,79.15,100,48,91,20717.8,4.7,276.5,79.14,100,47,87,3.4,4.6,16.0,7,13
1782940183.878,428.941,299.1,79.14,100,45,91,2.0,4.6,295.9,79.15,100,56,87,3.5,14590.6,288.6,79.15,100,58,90,18013.9,3586.4,279.5,79.14,100,58,87,2.8,5.2,16.0,7,13
1782940184.323,429.386,299.1,79.14,100,45,91,3.7,4.7,293.3,79.15,100,46,86,2.7,11157.5,286.2,79.15,100,47,89,18120.6,7056.8,275.8,79.14,100,48,86,3.6,4.6,16.0,7,13
1782940184.765,429.828,300.0,79.14,100,47,90,8.8,5.0,296.4,79.15,100,54,87,499.8,17117.4,286.7,79.15,100,50,90,20752.3,5.8,277.6,79.14,100,51,87,3.0,11368.9,16.0,7,13
1782940185.209,430.271,298.8,79.14,100,46,91,20708.7,17109.2,293.3,79.15,100,44,86,3.0,5.5,285.3,79.15,100,46,89,6326.1,15946.8,275.4,79.14,100,47,87,14794.4,5.6,16.0,7,13
1782940185.650,430.713,300.0,79.14,99,43,91,18428.8,6524.4,289.6,79.15,98,44,86,2.8,6.4,280.2,79.15,100,47,90,1364.9,17429.5,261.7,79.14,98,12,86,11049.1,6.8,19.0,9,11
1782940186.099,431.162,290.5,79.14,100,52,91,3.4,17114.5,283.2,79.15,100,58,87,20706.0,4.8,278.1,79.15,100,66,90,1.8,4.1,269.3,79.14,100,66,87,1073.7,16846.9,19.0,9,11
1782940186.541,431.604,292.7,79.14,100,50,91,2.8,4.3,289.3,79.15,100,49,87,498.0,17159.4,283.6,79.15,100,58,90,20749.7,4.5,283.6,79.14,100,61,87,1.8,4.2,19.0,9,11
1782940186.982,432.045,301.8,79.14,100,51,91,13546.3,4.7,289.3,79.15,100,49,87,3.6,40.4,291.3,79.15,100,47,90,19690.1,17192.1,283.6,79.14,100,61,87,1.9,4.8,19.0,9,11
1782940187.423,432.486,298.1,79.14,100,46,91,2.1,5.3,298.0,79.15,100,44,87,20716.1,17106.6,291.3,79.15,100,47,90,3.1,5.8,277.1,79.14,100,45,87,13374.4,15264.5,19.0,9,11
1782940187.865,432.927,296.9,79.14,100,45,91,19618.2,5.8,293.7,79.15,100,45,85,3.1,17111.8,284.3,79.15,100,45,90,20747.8,8.3,273.8,79.14,100,44,86,5.9,6293.7,19.0,9,11
1782940188.311,433.374,296.9,79.14,100,45,91,2.8,17114.6,287.7,79.15,100,44,86,20703.4,4.5,279.6,79.15,100,44,89,3.2,4.6,269.5,79.14,100,45,86,18995.3,14841.9,19.0,9,11
1782940188.754,433.817,300.6,79.14,100,45,91,4362.8,15414.4,289.1,79.15,100,48,86,17300.7,4.6,278.4,79.15,100,49,89,3.5,4.3,270.4,79.14,100,45,86,20784.4,17209.0,19.0,9,11
1782940189.195,434.258,299.9,79.14,100,46,91,484.9,16636.3,291.2,79.15,100,48,87,20338.5,4.5,286.4,79.15,100,50,90,2.8,4.6,275.6,79.14,100,54,87,20321.2,14755.5,19.0,9,11
1782940189.637,434.700,302.0,79.14,100,55,91,1.9,11891.4,294.0,79.15,100,47,85,18008.8,6727.0,286.2,79.15,100,48,89,6.7,9.7,276.5,79.14,100,47,86,12231.7,14988.8,19.0,9,11
1782940190.085,435.148,300.4,79.14,100,48,90,1.9,11591.2,296.6,79.15,100,56,87,18211.5,6725.7,287.2,79.15,100,51,90,1.9,4.8,277.6,79.14,100,49,87,4540.5,14985.6,19.0,9,11
1782940190.531,435.594,298.9,79.14,100,47,91,2.0,6482.0,292.8,79.15,100,47,87,18240.0,11948.3,286.0,79.15,100,49,90,3.3,4.7,276.0,79.14,100,46,87,1091.9,16756.3,19.0,9,11
1782940190.973,436.036,300.7,79.14,100,48,91,5.0,17110.7,292.8,79.15,100,47,87,20458.1,5.6,284.6,79.15,100,46,90,2.5,5.3,276.0,79.14,100,46,87,20789.3,17191.4,19.0,9,11
1782940191.415,436.478,298.3,79.14,100,42,91,18535.4,5.6,290.6,79.15,100,47,86,2.1,15163.4,284.6,79.15,100,46,90,18548.3,2333.5,273.6,79.14,100,47,87,2.2,497.2,19.0,9,11
1782940191.857,436.919,295.9,79.14,98,36,90,20983.0,17553.0,289.6,79.15,100,40,86,20559.5,15396.3,283.5,79.15,100,41,90,8018.7,9.7,271.7,79.14,100,41,87,8.6,494.5,22.0,11,9
1782940192.299,437.362,295.9,79.14,98,36,90,5119.7,4.1,281.8,79.15,100,61,86,2.7,4.1,270.0,79.15,100,47,90,17943.5,14885.6,262.4,79.14,100,50,87,4201.5,4.3,22.0,11,9
1782940192.741,437.804,292.3,79.14,100,51,90,14977.4,14780.6,289.1,79.15,100,64,87,7491.4,7.0,279.2,79.15,100,55,90,1.9,558.6,273.3,79.14,100,49,87,19696.3,17203.1,22.0,11,9
1782940193.187,438.250,295.2,79.14,100,50,91,1.8,12181.5,299.0,79.15,100,54,87,18169.9,6254.7,294.0,79.15,100,62,90,2.0,4.8,285.6,79.14,100,57,87,6869.6,14913.5,22.0,11,9
1782940193.627,438.690,300.8,79.14,100,50,91,20709.8,17111.3,296.4,79.15,100,46,85,2.2,5.6,286.0,79.15,100,46,89,3414.0,15533.4,276.8,79.14,100,45,86,18252.1,8.3,22.0,11,9
1782940194.071,439.134,298.8,79.14,100,43,91,2.6,7640.6,292.9,79.15,100,43,86,18676.7,10311.7,279.6,79.15,100,46,89,10.2,484.4,272.5,79.14,100,41,87,19693.4,17198.5,22.0,11,9
1782940194.515,439.578,297.1,79.14,100,43,91,20708.1,5.8,292.9,79.15,100,43,86,3.5,5.2,280.6,79.15,100,47,90,20460.4,17193.8,268.7,79.14,100,45,87,3.1,4.8,22.0,11,9
1782940194.957,440.019,300.7,79.14,100,52,91,16844.6,7.3,285.8,79.15,100,47,86,2.2,1697.9,280.6,79.15,100,47,90,18717.7,16000.8,268.7,79.14,100,45,87,1.9,4.6,22.0,11,9
1782940195.398,440.461,300.8,79.14,100,47,91,13869.0,4.5,288.5,79.15,100,44,86,3.1,5.4,280.4,79.15,100,45,90,19711.8,17201.7,270.6,79.14,100,48,86,2.7,4.7,22.0,11,9
1782940195.839,440.902,300.8,79.14,100,47,91,18129.2,4838.0,293.2,79.15,100,48,87,2.0,4.7,285.5,79.15,100,57,90,4510.3,22589.7,276.2,79.14,100,57,87,8343.1,6.7,22.0,11,9
1782940196.290,441.353,301.1,79.14,100,56,91,17748.3,11264.1,294.9,79.15,100,47,85,3.6,4.7,286.2,79.15,100,47,89,1088.7,16728.6,277.2,79.14,100,48,86,20262.2,4.7,22.0,11,9
1782940196.731,441.794,300.2,79.14,100,49,91,20710.3,17112.7,297.2,79.15,100,53,86,10.9,7.1,289.0,79.15,100,52,90,1076.8,16755.2,278.6,79.14,100,55,87,20755.1,4.7,22.0,11,9
1782940197.179,442.241,299.1,79.14,100,47,91,18580.3,17110.5,294.2,79.15,100,47,87,3.7,4.9,286.4,79.15,100,49,90,1917.7,15686.1,276.6,79.14,100,47,87,19681.3,5.2,22.0,11,9
1782940197.619,442.682,298.7,79.14,100,45,91,2.1,5.3,290.8,79.15,100,43,86,7090.6,15332.5,284.2,79.15,100,43,90,14043.5,9.4,271.5,79.14,100,43,87,11.1,17226.1,22.0,11,9
1782940198.065,443.128,296.5,79.14,100,44,91,27923.3,17896.6,288.4,79.15,100,46,85,20949.5,17369.4,282.6,79.15,100,46,90,20245.1,17282.5,267.9,79.14,98,36,86,20299.4,16050.7,25.0,13,7
1782940198.507,443.570,294.4,79.14,100,62,91,3.3,3.9,288.4,79.15,100,46,85,17329.6,14600.9,272.8,79.15,100,49,90,4798.0,10.0,267.9,79.14,98,36,86,3.1,3.8,25.0,13,7
1782940198.949,444.012,295.7,79.14,100,64,91,20707.3,7.1,283.1,79.15,100,49,86,2.9,4.5,272.8,79.15,100,49,90,16164.5,15044.2,265.5,79.14,100,48,86,5829.8,4.5,25.0,13,7
1782940199.392,444.455,298.5,79.14,100,49,91,20709.3,16537.3,290.8,79.15,100,47,86,3.9,4.6,281.3,79.15,100,48,90,2.3,9190.5,273.9,79.14,100,48,87,17857.3,9062.6,25.0,13,7
1782940199.833,444.896,298.5,79.14,100,49,91,18665.5,14259.9,299.5,79.15,100,52,86,2.1,5.8,294.6,79.15,100,48,90,19956.6,15328.6,284.4,79.14,100,50,87,1516.2,10.8,25.0,13,7
1782940200.273,445.336,298.4,79.14,100,45,91,2.1,15509.5,294.1,79.15,100,45,86,18216.3,2842.3,286.6,79.15,100,47,89,4.3,1695.8,276.6,79.14,100,43,87,18715.4,16139.7,25.0,13,7
1782940200.714,445.777,298.6,79.14,100,43,91,9470.5,8.0,285.6,79.15,100,37,86,7.1,10818.0,279.0,79.15,100,38,90,18359.4,6641.1,267.3,79.14,100,43,87,2.7,5.8,25.0,13,7
1782940201.156,446.219,297.3,79.14,100,45,91,1.9,4.5,287.1,79.15,100,56,87,1.8,17129.9,280.9,79.15,100,56,90,20748.6,5.0,271.0,79.14,100,52,87,2.1,4.2,25.0,13,7
1782940201.598,446.661,301.7,79.14,100,47,91,1.9,5.4,291.1,79.15,100,46,85,3257.6,15273.9,280.7,79.15,100,48,89,17958.5,5.0,273.7,79.14,100,46,87,2.0,12.0,25.0,13,7
1782940202.041,447.104,301.2,79.14,100,48,91,1.9,4.5,293.6,79.15,100,57,86,2.0,15499.0,286.5,79.15,100,58,90,17724.1,2745.4,277.0,79.14,100,56,87,3.9,4.9,25.0,13,7
1782940202.483,447.545,300.7,79.14,100,48,91,7277.4,4.5,293.6,79.15,100,57,86,4.0,46.7,286.5,79.15,100,49,90,19695.3,17191.7,277.0,79.14,100,56,87,1.9,5.7,25.0,13,7
1782940202.924,447.987,300.0,79.14,100,47,91,12180.1,7.3,294.0,79.15,100,48,86,3.1,26.5,286.5,79.15,100,49,90,19698.4,17198.2,276.7,79.14,100,46,86,2.9,4.7,25.0,13,7
1782940203.367,448.430,299.5,79.14,100,48,91,17049.1,4.7,296.4,79.15,100,57,87,2.7,31.6,286.0,79.15,100,52,90,19699.7,17201.3,278.0,79.14,100,50,87,2.8,5.0,25.0,13,7
1782940203.809,448.871,299.5,79.14,100,48,91,3.8,3685.4,292.6,79.15,100,45,86,18798.2,14185.0,284.9,79.15,100,45,89,2.9,5.5,275.6,79.14,100,45,86,18574.4,15419.7,25.0,13,7
1782940204.251,449.314,300.0,79.14,100,44,91,20704.2,5.6,287.7,79.15,100,44,85,9.0,13481.8,279.6,79.15,100,47,89,23693.7,17188.8,269.2,79.14,100,44,86,20753.8,17205.8,28.0,15,5
1782940204.696,449.759,299.0,79.14,100,45,91,19635.8,17110.9,277.2,79.15,100,26,85,7.9,4.8,270.9,79.15,100,13,89,8.5,5145.4,261.9,79.14,100,52,87,17807.1,13450.2,28.0,15,5
1782940205.141,450.204,294.9,79.14,100,67,91,1.9,4.2,285.3,79.15,100,49,85,19724.2,15070.8,278.3,79.15,100,50,89,2003.8,4.6,269.6,79.14,100,48,87,4.3,1275.4,28.0,15,5
1782940205.583,450.646,293.7,79.14,100,60,91,7180.4,4.7,302.9,79.15,100,47,86,3.0,2817.5,288.3,79.15,100,47,90,18380.3,15521.4,286.3,79.14,100,47,86,4.3,7.5,28.0,15,5
1782940206.028,451.090,298.5,79.14,100,47,91,9944.8,5.4,295.4,79.15,100,54,86,2.1,17138.6,292.6,79.15,100,55,90,20750.8,8.9,279.8,79.14,99,44,87,2.7,7418.0,28.0,15,5
1782940206.471,451.534,297.4,79.14,100,45,91,20709.9,17113.1,295.4,79.15,100,54,86,3.0,5.8,282.8,79.15,99,39,90,11103.1,15468.5,279.8,79.14,99,44,87,10187.2,5.8,28.0,15,5
1782940206.914,451.977,298.5,79.14,100,43,92,3.6,5983.7,287.6,79.15,100,43,86,18709.1,11995.6,282.8,79.15,99,39,90,2.1,5.1,270.2,79.14,100,46,87,10336.8,15336.0,28.0,15,5
1782940207.358,452.421,299.4,79.14,100,47,90,1841.2,15534.1,285.7,79.15,100,45,86,19581.4,4.7,276.1,79.15,100,45,90,2.5,4.1,267.1,79.14,100,44,86,20516.9,17195.6,28.0,15,5
1782940207.800,452.863,299.4,79.14,100,47,90,15650.4,14835.3,290.4,79.15,100,46,86,6949.7,5.2,283.4,79.15,100,51,90,1.9,5701.8,272.9,79.14,100,46,87,18205.2,12413.6,28.0,15,5
1782940208.242,453.305,302.1,79.14,100,48,91,1926.9,15493.8,294.2,79.15,100,48,86,19524.7,4.8,286.7,79.15,100,49,89,3.0,10.1,277.4,79.14,100,47,86,20252.0,17215.9,28.0,15,5
1782940208.687,453.750,300.9,79.14,100,48,91,1.8,17119.1,293.4,79.15,100,46,87,20713.5,7.5,287.1,79.15,100,52,90,7.7,6.7,278.0,79.14,100,56,87,20476.9,17219.2,28.0,15,5
1782940209.137,454.200,301.3,79.14,100,57,91,2993.9,15175.6,292.6,79.15,100,45,86,18847.0,4.6,285.7,79.15,100,46,89,2.7,4.5,275.4,79.14,100,46,87,20783.4,16647.3,28.0,15,5
1782940209.578,454.641,299.2,79.14,100,48,90,2.0,17116.3,294.6,79.15,100,49,87,20705.4,4.9,286.7,79.15,100,54,90,5.1,4.7,276.8,79.14,100,54,87,20789.9,17199.1,28.0,15,5
1782940210.024,455.086,298.3,79.14,100,46,91,20708.4,5.7,290.4,79.15,100,41,86,2.9,6655.9,284.4,79.15,100,45,90,19004.0,10539.1,273.6,79.14,100,42,87,2.8,5.9,28.0,15,5
1782940210.465,455.528,298.8,79.14,100,39,91,10201.1,15217.4,290.4,79.15,100,41,86,11747.6,5.8,284.4,79.15,100,45,90,3.7,17436.0,273.6,79.14,100,42,87,22225.3,18344.4,30.0,17,3
1782940210.909,455.971,291.8,79.14,100,63,92,3.3,6242.3,287.7,79.15,100,46,86,18983.2,10863.4,280.2,79.15,99,45,90,5.0,4.2,265.6,79.14,98,42,87,1.8,11614.8,30.0,17,3
1782940211.356,456.419,295.1,79.14,100,66,91,3110.0,4.3,280.4,79.15,100,49,85,2.7,51.0,271.9,79.15,100,50,89,19700.2,17206.6,263.3,79.14,100,48,87,3.6,4.6,30.0,17,3
1782940211.797,456.860,295.1,79.14,100,66,91,20710.4,17110.5,290.3,79.15,100,48,85,3.5,4.8,280.4,79.15,100,48,89,2.1,17281.9,273.3,79.14,100,48,86,20688.1,6.3,30.0,17,3
1782940212.242,457.305,302.3,79.14,100,55,91,20708.1,17110.4,300.4,79.15,100,53,86,2.1,5.7,294.4,79.15,100,46,90,10366.8,15533.7,284.1,79.14,100,45,87,10751.7,5.9,30.0,17,3
1782940212.684,457.747,297.2,79.14,100,46,91,3.6,8840.7,292.9,79.15,100,45,86,23055.1,5376.3,287.0,79.15,100,47,90,7.0,8.9,277.1,79.14,100,44,86,19694.3,17189.6,30.0,17,3
1782940213.129,458.192,299.7,79.14,100,42,91,2252.2,5.0,283.8,79.15,99,38,86,2.0,17126.8,279.0,79.15,100,43,90,20751.3,5.7,267.5,79.14,99,43,87,2.4,4.8,30.0,17,3
1782940213.572,458.635,297.9,79.14,100,48,91,2.7,4.6,287.8,79.15,100,55,86,12784.7,15111.7,280.6,79.15,100,50,90,9024.5,6.2,270.8,79.14,100,48,87,9.2,2721.2,30.0,17,3
1782940214.014,459.077,300.0,79.14,100,44,91,3.6,4.8,287.8,79.15,100,55,86,19556.9,14847.8,281.5,79.15,100,50,90,2396.5,5.0,270.8,79.14,100,48,87,3.2,8714.8,30.0,17,3
1782940214.915,459.978,300.3,79.14,100,48,91,3.5,6.1,293.8,79.15,100,56,86,9258.8,15174.3,287.0,79.15,99,48,90,12580.9,4.6,277.3,79.14,99,48,87,2.9,485.5,30.0,17,3
1782940215.358,460.421,301.8,79.14,100,55,91,1.8,4.6,294.4,79.15,100,48,85,516.0,17109.5,289.6,79.15,100,58,90,20749.6,4.7,279.7,79.14,100,53,87,4.3,4.6,30.0,17,3
1782940215.801,460.863,301.8,79.14,100,55,91,5.2,4.5,294.2,79.15,100,51,86,4.0,12114.6,287.3,79.15,100,49,89,18000.7,6100.4,277.5,79.14,100,46,86,1.9,5.2,30.0,17,3
1782940216.244,461.307,299.3,79.14,100,48,91,2.0,5.3,294.8,79.15,100,45,86,17203.6,15164.6,289.8,79.15,100,52,90,4124.2,5.8,275.9,79.14,100,49,87,493.1,17249.8,30.0,17,3
1782940216.684,461.747,298.4,79.14,100,43,91,18881.5,15799.7,290.3,79.15,100,45,86,5.2,10.9,286.0,79.15,100,46,90,13845.1,15395.3,272.6,79.14,100,41,87,7624.3,5.7,33.0,19,1
1782940217.129,462.192,297.7,79.14,100,46,91,20060.9,3.9,286.0,79.15,99,36,86,506.3,16721.3,274.9,79.15,100,28,90,1.7,996.5,267.7,79.14,99,55,87,18319.6,4.6,33.0,19,1
1782940217.569,462.632,297.4,79.14,99,52,91,2.4,7307.3,288.2,79.15,99,47,87,10884.2,4.8,282.0,79.15,100,56,90,13785.2,5732.0,274.2,79.14,99,52,86,1067.6,16736.5,33.0,19,1
1782940218.009,463.072,298.9,79.14,99,43,91,17281.3,5.7,288.2,79.15,99,47,87,20000.4,648.0,287.0,79.15,99,45,90,14799.7,4651.6,274.2,79.14,99,52,86,10379.6,8600.3,33.0,19,1
1782940218.453,463.515,297.3,79.14,99,44,91,5630.0,12525.2,293.1,79.15,99,40,85,10.6,13606.4,287.0,79.15,99,45,90,2722.6,734.7,274.8,79.14,99,39,87,18708.7,4.8,33.0,19,1
1782940218.897,463.960,300.1,79.14,99,48,91,1.9,17112.1,288.4,79.15,99,48,85,3.8,4834.7,277.9,79.15,99,45,90,12771.0,4.6,270.8,79.14,99,47,87,10392.2,8600.2,33.0,19,1
1782940219.339,464.402,300.1,79.14,99,48,91,3.5,7832.5,289.4,79.15,99,47,86,10370.3,4.7,282.8,79.15,99,47,90,13621.2,5972.7,273.2,79.14,99,47,87,492.4,17205.8,33.0,19,1
1782940219.780,464.843,303.1,79.14,99,53,91,5104.6,12903.9,292.0,79.15,99,47,86,2.9,15568.7,288.0,79.15,99,53,90,225.5,8612.2,277.3,79.14,99,46,87,9020.8,5784.9,33.0,19,1
1782940220.225,465.288,298.6,79.14,99,44,91,5174.2,4100.1,289.4,79.15,99,45,86,5303.8,4575.7,283.5,79.15,99,44,89,4958.3,5732.0,272.2,79.14,100,55,86,5342.6,4955.2,35.0,24,0
1782940220.668,465.731,298.5,79.14,100,57,91,4617.9,4279.3,289.8,79.15,100,60,86,5762.4,5030.5,282.0,79.15,100,61,89,6217.7,5875.0,272.1,79.14,100,59,86,4891.0,6176.0,35.0,24,0
1782940221.115,466.178,302.5,79.14,100,60,91,5119.1,4225.6,295.0,79.15,100,59,86,4785.4,5615.5,285.6,79.15,100,61,89,5436.7,5595.9,276.2,79.14,100,60,86,5523.3,5811.3,35.0,24,0
1782940221.557,466.619,303.4,79.14,100,60,91,5049.1,3828.2,298.5,79.15,100,59,86,5346.7,5287.4,290.5,79.15,100,60,89,5475.2,6379.5,279.1,79.14,100,59,86,4930.4,6181.6,35.0,24,0
1782940222.000,467.063,300.3,79.14,100,59,91,5171.0,4225.6,298.5,79.15,100,59,86,4861.6,5332.3,289.8,79.15,100,61,89,5472.0,5638.6,279.1,79.14,100,59,86,5512.5,6202.1,35.0,24,0
1782940222.442,467.505,299.7,79.14,100,59,90,5058.3,3811.1,298.1,79.15,100,59,86,5299.6,5438.5,289.8,79.15,100,61,89,5119.2,6351.0,278.4,79.14,100,59,86,4921.5,6188.3,35.0,24,0
1782940222.886,467.949,300.1,79.14,100,60,91,4763.2,4226.1,297.2,79.15,100,59,86,4774.3,5535.9,289.0,79.15,100,61,89,6062.6,5689.9,277.4,79.14,100,59,86,5440.8,6178.5,35.0,24,0
1782940223.331,468.394,300.1,79.14,100,60,91,5052.1,3793.4,297.5,79.15,100,59,86,5306.2,5513.8,289.4,79.15,100,61,89,4912.4,6072.4,278.1,79.14,100,60,86,5316.8,5809.5,35.0,24,0
1782940223.774,468.836,300.2,79.14,100,59,91,4558.4,4365.8,297.9,79.15,100,59,86,5309.8,5144.1,289.9,79.15,100,60,89,5492.2,5871.2,278.7,79.14,100,60,86,4924.7,6083.8,35.0,24,0
1782940224.225,469.288,299.8,79.14,100,59,91,5111.9,4191.5,297.1,79.15,100,58,86,4883.6,5545.7,289.2,79.15,100,60,89,5262.3,5658.9,277.7,79.14,100,59,86,5462.6,5512.4,35.0,24,0
1782940224.665,469.728,299.9,79.14,100,59,91,4493.7,4345.7,297.7,79.15,100,59,86,6479.0,5116.3,289.4,79.15,100,61,89,6211.2,6384.1,278.6,79.14,100,60,86,5018.3,5518.3,35.0,24,0
1782940225.119,470.182,300.3,79.14,100,60,91,4618.9,4240.8,298.4,79.15,100,59,86,4846.9,5587.9,290.1,79.15,100,61,89,5472.8,5720.0,279.5,79.14,100,59,86,5530.2,6152.7,35.0,24,0
1782940225.560,470.623,300.1,79.14,100,59,91,5115.9,3775.1,298.4,79.15,100,59,86,5294.9,5646.8,289.2,79.15,100,60,89,4941.7,6256.4,279.1,79.14,100,60,86,4840.8,7412.6,35.0,24,0
1782940226.005,471.067,300.1,79.14,100,60,90,4853.8,4175.5,298.4,79.15,100,59,86,4881.7,5477.6,289.4,79.15,100,60,89,5461.4,5517.9,279.1,79.14,100,60,86,5549.8,6246.3,35.0,24,0
1782940226.448,471.511,300.0,79.14,100,60,90,5121.3,3880.9,298.5,79.15,100,59,86,5382.8,5467.7,289.4,79.15,100,60,89,5014.2,6012.0,279.2,79.14,100,59,86,5535.8,5670.3,35.0,24,0
1782940226.894,471.957,299.6,79.14,100,59,91,4615.1,4293.0,298.1,79.15,100,58,86,5431.3,5196.9,289.2,79.15,100,59,89,5488.2,5936.1,278.2,79.14,100,58,86,4909.0,6278.7,36.0,24,0
1782940227.337,472.399,299.6,79.14,100,59,91,5222.7,4198.3,296.9,79.15,100,59,86,4838.7,5465.5,288.4,79.15,100,60,89,5195.5,5720.0,277.4,79.14,100,59,86,5427.4,5474.4,36.0,24,0
1782940227.779,472.842,299.9,79.14,100,59,90,5126.5,3814.4,297.2,79.15,100,59,86,5419.2,5392.2,288.7,79.15,100,60,89,4939.8,6043.8,277.7,79.14,100,59,86,5238.9,5887.9,36.0,24,0
1782940228.226,473.289,300.1,79.14,100,59,90,4693.9,4275.9,297.2,79.15,100,59,86,5281.5,5072.1,288.7,79.15,100,59,89,5488.5,5627.5,277.3,79.14,100,58,86,5501.3,6130.3,36.0,24,0
1782940228.667,473.730,299.8,79.14,100,58,91,5141.9,3762.1,296.6,79.15,100,59,86,6190.3,5260.4,288.1,79.15,100,60,89,6228.3,5665.1,276.7,79.14,100,58,86,5603.1,6105.8,36.0,24,0
1782940229.117,474.180,299.8,79.14,100,58,91,5108.8,3813.4,295.8,79.15,100,58,86,5373.6,5354.8,287.2,79.15,100,60,89,4982.3,5974.2,276.5,79.14,100,59,86,5467.4,5547.2,36.0,24,0
1782940229.560,474.623,300.0,79.14,100,59,90,4616.0,4413.1,296.1,79.15,100,58,86,5339.1,4932.7,287.7,79.15,100,60,89,5495.3,6021.2,276.3,79.14,100,58,86,4945.7,7092.4,36.0,24,0
1782940230.007,475.070,300.0,79.14,100,59,91,5204.8,4275.3,296.1,79.15,100,58,86,4852.9,5274.8,288.2,79.15,100,60,89,5432.3,5408.3,276.3,79.14,100,58,86,5630.3,6318.1,36.0,24,0
1782940230.449,475.512,299.8,79.14,100,59,91,5117.6,3869.0,296.6,79.15,100,59,86,5403.6,5350.3,288.2,79.15,100,60,89,4948.8,6126.8,277.1,79.14,100,59,86,5207.7,5699.6,36.0,24,0
1782940230.891,475.954,300.0,79.14,100,58,91,4615.1,4313.3,296.1,79.15,100,58,86,5353.4,5044.5,287.7,79.15,100,60,89,5732.6,6020.3,277.0,79.14,100,59,86,4915.2,6445.3,36.0,24,0
1782940231.335,476.398,300.0,79.14,100,58,91,5223.2,4209.2,295.7,79.15,100,58,86,4972.6,5597.1,287.6,79.15,100,59,89,5437.2,5845.9,276.4,79.14,100,59,86,5475.6,5425.6,36.0,24,0
1782940231.778,476.841,300.2,79.14,100,59,91,5142.2,3813.6,295.9,79.15,100,59,86,5452.3,5355.2,287.7,79.15,100,60,89,5004.0,6204.6,276.9,79.14,100,59,86,4993.7,5746.7,36.0,24,0
1782940232.225,477.287,300.2,79.14,100,59,90,4678.5,4357.0,296.2,79.15,100,59,86,5386.9,4997.8,288.3,79.15,100,60,89,5497.9,5465.4,277.3,79.14,100,59,86,5233.1,5982.0,36.0,24,0
1782940232.666,477.729,300.0,79.14,100,58,90,5110.2,3990.6,296.2,79.15,100,58,86,5356.8,5466.1,288.5,79.15,100,60,89,5463.8,5737.2,277.0,79.14,100,59,86,5449.1,5827.0,36.0,24,0
1782940233.114,478.177,300.0,79.14,100,59,91,5062.2,3913.4,296.1,79.15,100,58,86,5427.5,5375.5,288.1,79.15,100,60,89,4931.1,6161.1,276.7,79.14,100,59,86,4890.0,6190.1,36.0,24,0
1782940233.556,478.619,299.9,79.14,100,58,91,4579.6,4308.1,296.4,79.15,100,58,86,4726.5,5462.9,288.2,79.15,100,60,89,5401.6,5618.0,276.6,79.14,100,59,86,5498.7,6081.7,36.0,24,0
1782940234.003,479.066,300.0,79.14,100,59,91,5173.2,4310.6,296.4,79.15,100,58,86,4970.8,5347.9,288.6,79.15,100,60,89,4890.3,6278.4,276.6,79.14,100,59,86,5501.8,5340.3,36.0,24,0
1782940234.446,479.509,300.0,79.14,100,59,91,4825.0,4024.1,297.0,79.15,100,59,86,5333.4,4926.7,288.6,79.15,100,60,89,5493.8,5939.7,276.9,79.14,100,58,86,4936.6,6141.7,37.0,24,0
1782940234.887,479.950,299.9,79.14,100,58,91,5171.9,4228.9,296.8,79.15,100,58,86,4849.1,5302.8,288.6,79.15,100,60,89,5436.8,5559.6,277.2,79.14,100,59,86,5497.8,5973.8,37.0,24,0
1782940235.332,480.395,299.9,79.14,100,58,91,5176.8,3810.6,296.3,79.15,100,58,86,5504.8,5426.4,287.8,79.15,100,59,89,4935.8,6137.9,276.5,79.14,100,59,86,5457.5,5578.4,37.0,24,0
1782940235.774,480.837,299.8,79.14,100,58,90,5164.0,3764.7,296.1,79.15,100,58,86,5433.4,5446.7,287.5,79.15,100,60,89,4902.3,6067.3,276.3,79.14,100,59,86,4910.9,6076.4,37.0,24,0
1782940236.224,481.287,300.1,79.14,100,59,91,4634.5,4275.9,296.7,79.15,100,59,86,5016.5,5075.1,288.2,79.15,100,60,89,5488.7,5615.7,276.8,79.14,100,59,86,5583.9,6092.6,37.0,24,0
1782940236.666,481.729,300.3,79.14,100,59,91,5235.2,3781.0,297.4,79.15,100,59,86,6609.9,5791.5,288.8,79.15,100,60,89,5529.3,5899.3,277.5,79.14,100,58,86,5579.9,6287.1,37.0,24,0
1782940237.123,482.186,300.0,79.14,100,59,90,5143.3,3836.3,297.2,79.15,100,58,86,5492.4,5424.7,288.4,79.15,100,60,89,4809.3,6084.1,277.5,79.14,100,59,86,5482.6,5386.7,37.0,24,0
1782940237.565,482.628,299.6,79.14,100,58,90,4754.0,4326.4,296.7,79.15,100,58,86,5370.1,4895.8,288.1,79.15,100,59,89,5511.9,5960.0,276.7,79.14,100,58,86,4999.6,5836.8,37.0,24,0
1782940238.008,483.071,299.8,79.14,100,59,91,5116.9,4225.7,296.7,79.15,100,58,86,4839.3,5366.2,288.4,79.15,100,60,89,5339.7,5699.1,276.7,79.14,100,58,86,5504.3,5875.4,37.0,24,0
1782940238.452,483.515,300.3,79.14,100,59,91,5141.2,3760.9,297.1,79.15,100,59,86,5353.4,5445.0,288.4,79.15,100,60,89,4957.2,6070.3,277.2,79.14,100,59,86,4807.7,6310.2,37.0,24,0
1782940238.894,483.957,300.5,79.14,100,59,90,4830.1,4130.7,297.6,79.15,100,59,86,4801.0,5455.5,288.9,79.15,100,60,89,5430.1,5680.6,278.0,79.14,100,60,86,5464.8,5941.6,37.0,24,0
1782940239.337,484.399,300.5,79.14,100,59,90,5052.1,3856.0,298.5,79.15,100,59,86,5409.4,5582.8,290.1,79.15,100,60,89,4895.5,6256.6,278.4,79.14,100,59,86,5507.1,5256.5,37.0,24,0
1782940239.780,484.843,300.2,79.14,100,59,91,4615.1,4305.1,298.7,79.15,100,58,86,5353.5,5115.4,290.3,79.15,100,60,89,5486.4,5933.8,278.8,79.14,100,58,86,4953.2,5731.1,37.0,24,0
1782940240.222,485.285,299.6,79.14,100,59,90,5170.9,4213.9,297.5,79.15,100,58,86,4845.0,5302.3,288.9,79.15,100,60,89,4883.8,6041.1,277.6,79.14,100,58,86,5380.8,5390.6,37.0,24,0
1782940240.663,485.726,299.6,79.14,100,59,91,4623.2,4320.7,296.9,79.15,100,59,86,5266.8,5144.1,288.5,79.15,100,60,89,5503.1,5880.5,276.8,79.14,100,59,86,5069.8,6285.2,37.0,24,0
1782940241.110,486.172,300.1,79.14,100,58,91,5237.3,4400.6,297.3,79.15,100,59,86,4845.1,5525.9,288.7,79.15,100,60,89,5435.5,5692.2,277.0,79.14,100,59,86,5588.8,6130.8,38.0,24,0
1782940241.552,486.615,300.3,79.14,100,59,91,5126.4,3950.5,296.9,79.15,100,58,86,5377.9,5400.7,288.7,79.15,100,60,89,5028.9,6029.8,277.1,79.14,100,58,86,5064.8,5634.8,38.0,24,0
1782940241.993,487.056,300.1,79.14,100,59,90,4615.3,4248.8,296.9,79.15,100,58,86,5014.2,5118.9,288.7,79.15,100,59,89,5430.7,5606.8,277.1,79.14,100,58,86,5556.7,6255.6,38.0,24,0
1782940242.438,487.501,300.0,79.14,100,59,91,5053.6,3730.0,296.8,79.15,100,58,86,5420.3,5399.8,288.7,79.15,100,59,89,4959.6,5995.5,277.1,79.14,100,59,86,5397.1,5408.2,38.0,24,0
1782940242.880,487.943,300.2,79.14,100,59,91,4557.7,4323.6,297.5,79.15,100,59,86,5298.4,6064.7,288.9,79.15,100,60,89,5966.4,6242.9,277.6,79.14,100,59,86,4968.1,6356.1,38.0,24,0
1782940243.330,488.393,300.2,79.14,100,59,91,5179.3,4203.7,298.1,79.15,100,58,86,4851.3,5173.6,289.4,79.15,100,60,89,5495.6,5694.8,277.9,79.14,100,59,86,5558.1,5898.0,38.0,24,0
1782940243.772,488.835,299.8,79.14,100,59,90,5125.0,4006.0,297.3,79.15,100,58,86,5369.2,5418.5,289.0,79.15,100,59,89,4945.2,5923.8,276.8,79.14,100,59,86,5643.3,5710.8,38.0,24,0
1782940244.218,489.281,299.7,79.14,100,58,91,4615.0,4230.4,296.5,79.15,100,58,86,5272.9,4930.6,288.3,79.15,100,59,89,5544.6,6015.8,276.0,79.14,100,59,86,4958.7,6075.7,38.0,24,0
1782940244.662,489.725,299.8,79.14,100,58,91,5190.5,4200.3,296.1,79.15,100,58,86,4795.0,5958.8,287.6,79.15,100,60,89,5389.3,5511.4,276.2,79.14,100,59,86,5526.7,6230.4,38.0,24,0
1782940245.109,490.171,300.1,79.14,100,59,90,5055.3,3772.7,297.1,79.15,100,59,86,5376.1,5586.3,288.5,79.15,100,60,89,4925.5,6162.3,277.2,79.14,100,59,86,5413.5,5635.0,38.0,24,0
1782940245.553,490.615,300.6,79.14,100,59,91,4670.2,4367.9,298.5,79.15,100,59,86,5330.6,5135.5,289.5,79.15,100,60,89,5495.2,5633.8,278.2,79.14,100,58,86,5043.1,5960.3,38.0,24,0
1782940245.994,491.057,300.1,79.14,100,59,91,5175.0,3832.3,298.5,79.15,100,59,86,5373.6,5295.7,289.1,79.15,100,60,89,4992.7,6136.0,278.2,79.14,100,58,86,5472.8,5420.4,38.0,24,0
1782940246.435,491.498,299.7,79.14,100,58,90,4564.9,4440.6,298.0,79.15,100,58,86,5272.8,5141.6,289.1,79.15,100,60,89,5504.6,5955.3,277.5,79.14,100,58,86,4975.2,6204.5,38.0,24,0
1782940246.877,491.940,299.9,79.14,100,58,91,5362.8,4225.9,296.9,79.15,100,59,86,4896.5,6478.3,288.6,79.15,100,60,89,6393.9,5998.2,276.6,79.14,100,59,86,4952.0,6239.6,38.0,24,0
1782940247.330,492.393,299.9,79.14,100,58,91,5111.1,3824.9,297.0,79.15,100,58,86,5357.1,5748.8,288.4,79.15,100,59,89,4960.7,6479.9,276.7,79.14,100,58,86,5443.0,5758.0,38.0,24,0
1782940247.772,492.835,300.2,79.14,100,59,91,4630.5,4801.1,297.3,79.15,100,58,86,5405.6,5078.3,288.4,79.15,100,60,89,5461.2,6124.8,276.9,79.14,100,58,86,4954.2,6090.7,38.0,24,0
1782940248.220,493.283,300.1,79.14,100,59,90,5187.2,4177.3,297.5,79.15,100,59,86,4842.8,5453.2,288.7,79.15,100,60,89,5407.1,5730.1,277.0,79.14,100,59,86,5508.4,6053.4,38.0,24,0
1782940248.663,493.725,300.0,79.14,100,58,91,5093.5,3870.6,297.2,79.15,100,58,86,5319.6,5686.1,288.4,79.15,100,59,89,4946.3,5968.4,276.5,79.14,100,58,86,5652.3,5667.4,38.0,24,0
1782940249.112,494.175,299.7,79.14,100,58,91,4615.1,4287.3,296.6,79.15,100,59,86,5301.9,5151.0,287.4,79.15,99,60,89,5449.6,5988.4,276.2,79.14,100,59,86,4938.9,6176.8,39.0,24,0
1782940249.554,494.616,299.9,79.14,100,59,91,5183.0,4271.7,296.7,79.15,100,59,86,4781.7,5524.3,287.7,79.15,100,60,89,4969.2,6201.7,276.7,79.14,100,60,86,5474.2,5865.3,39.0,24,0
1782940249.995,495.058,300.2,79.14,100,59,91,4563.2,4306.4,296.7,79.15,100,59,86,5409.7,5210.6,288.6,79.15,100,59,89,5545.9,6021.4,276.7,79.14,100,60,86,4914.6,6175.7,39.0,24,0
1782940250.438,495.501,300.0,79.14,100,58,91,5175.2,4241.7,297.9,79.15,100,58,86,4856.3,5432.5,288.6,79.15,100,59,89,5405.7,5731.9,277.5,79.14,100,58,86,5507.8,5541.2,39.0,24,0
1782940250.879,495.941,299.8,79.14,100,59,91,4913.6,3952.5,297.8,79.15,100,58,86,5393.2,5586.1,288.4,79.15,100,60,89,4901.2,6296.5,277.3,79.14,100,59,86,5347.9,5540.9,39.0,24,0
1782940251.326,496.389,299.8,79.14,100,59,91,4792.5,4343.0,297.6,79.15,100,59,86,4800.4,5467.2,288.5,79.15,100,60,89,5454.7,5545.3,277.5,79.14,100,59,86,5523.1,6070.9,39.0,24,0
1782940251.767,496.830,299.9,79.14,100,58,90,5113.5,3997.2,297.8,79.15,100,58,86,5416.7,5391.1,288.9,79.15,100,60,89,4886.1,6045.4,277.5,79.14,100,59,86,5482.5,5576.7,39.0,24,0
1782940252.210,497.273,299.9,79.14,100,58,91,4556.2,4413.0,297.4,79.15,100,58,86,5075.7,4989.3,288.5,79.15,100,60,89,5451.7,5657.2,277.2,79.14,100,59,86,5510.6,6072.4,39.0,24,0
1782940252.653,497.716,299.8,79.14,100,59,91,5172.6,3710.5,297.4,79.15,100,59,86,5360.7,5600.9,288.6,79.15,100,60,89,5025.3,6131.5,277.5,79.14,100,59,86,5612.8,5554.8,39.0,24,0
1782940253.099,498.162,299.8,79.14,100,57,90,5110.1,3909.6,297.0,79.15,100,58,86,5375.3,5139.8,288.4,79.15,100,60,89,5215.3,6024.8,276.7,79.14,100,58,86,4801.6,6298.3,39.0,24,0
1782940253.543,498.606,300.0,79.14,100,59,91,18772.1,4.5,289.3,79.15,64,18,84,9388.8,9351.3,280.7,79.15,65,31,89,1.9,8615.4,266.4,79.14,99,36,86,10373.9,3.9,39.0,24,0
1782940254.818,499.880,292.4,79.14,99,49,91,2.0,9505.2,293.1,79.15,99,40,86,8141.1,6347.4,278.6,79.15,99,44,90,11517.4,4.7,275.0,79.14,99,40,86,20760.7,7.7,39.0,24,0
1782940255.265,500.328,297.2,79.14,99,44,91,10354.2,8558.6,287.3,79.15,99,47,86,1.8,15869.5,281.6,79.15,99,49,90,88.7,2163.4,270.9,79.14,99,47,86,16846.1,5.7,39.0,24,0
1782940255.708,500.770,299.3,79.14,99,51,91,10357.5,8560.3,288.3,79.15,99,45,86,5.8,16227.6,282.0,79.15,99,53,89,6.4,8618.3,271.6,79.14,100,51,87,10376.1,4.5,39.0,24,0
1782940256.159,501.222,302.0,79.14,99,45,91,20622.7,6.2,292.8,79.15,99,45,86,10356.7,8556.5,284.3,79.15,99,53,90,1073.6,16718.6,274.2,79.14,100,50,87,2.1,12474.1,39.0,24,0
1782940256.599,501.661,299.0,79.14,99,43,91,21543.9,17105.5,288.7,79.15,99,37,86,20702.5,17102.2,280.2,79.15,99,41,90,20744.2,17184.8,267.0,79.14,97,39,87,20033.3,17195.4,39.0,24,0
1782940257.040,502.102,290.5,79.14,100,54,92,9.7,6305.3,279.6,79.15,100,48,87,17593.8,12538.1,271.8,79.15,100,49,90,2.0,4.3,262.8,79.14,100,50,87,2.9,5850.9,39.0,24,0
1782940257.487,502.549,293.1,79.14,100,61,91,2830.8,4.4,279.6,79.15,100,48,87,1.9,63.5,278.9,79.15,100,48,90,19695.8,17197.6,262.8,79.14,100,50,87,4.3,4.6,39.0,24,0
1782940257.928,502.991,302.1,79.14,100,63,91,18176.4,15399.1,288.1,79.15,100,47,86,3.5,5.9,278.9,79.15,100,48,90,2.6,17273.4,273.1,79.14,100,47,87,20751.3,5.2,39.0,24,0
1782940258.370,503.433,297.7,79.14,100,46,91,18135.4,2844.4,300.3,79.15,100,44,86,2.1,22.6,294.6,79.15,100,48,89,19690.0,17204.6,283.8,79.14,100,44,86,3.0,5.6,39.0,24,0
1782940258.810,503.873,297.7,79.14,100,46,91,2.0,17114.9,294.3,79.15,100,45,86,20704.4,5.7,287.0,79.15,100,47,90,3.8,11601.2,277.1,79.14,100,44,87,19487.3,5262.6,39.0,24,0
1782940259.252,504.315,297.0,79.14,100,45,91,4.1,4.8,287.2,79.15,100,39,86,1.9,15827.7,279.6,79.15,100,44,89,15839.8,4131.4,269.6,79.14,100,44,87,2.5,5.3,39.0,24,0
1782940259.691,504.754,299.4,79.14,100,48,91,20708.4,17113.5,284.2,79.15,100,34,85,7.3,8.0,275.4,79.15,100,32,88,8.7,15722.1,262.4,79.14,100,33,86,16857.3,3611.7,39.0,24,0
1782940260.140,505.203,277.1,79.14,100,51,90,20708.1,17112.9,281.3,79.15,100,51,86,3.6,5.1,273.7,79.15,100,47,89,2.0,15925.2,262.9,79.14,100,45,86,17742.4,2685.5,39.0,24,0
1782940260.583,505.645,271.0,79.14,100,48,91,10625.7,14872.8,287.0,79.15,100,48,87,11605.6,4.5,278.7,79.15,100,57,90,2.8,496.2,271.4,79.14,100,57,87,19716.7,17197.7,39.0,24,0
1782940261.026,506.088,297.9,79.14,100,55,91,1.9,17115.2,287.0,79.15,100,48,87,20711.3,10.7,286.0,79.15,100,49,89,2.1,4.5,276.4,79.14,99,48,86,14529.5,14822.4,39.0,24,0
1782940261.472,506.535,298.7,79.14,100,46,91,1.9,17116.0,294.1,79.15,100,48,86,20330.0,146.3,286.0,79.15,100,49,89,3.6,4.7,276.4,79.14,99,48,86,6555.5,14719.2,39.0,24,0
1782940261.914,506.977,299.2,79.14,100,47,91,1.8,8281.1,296.0,79.15,100,54,87,17944.5,10423.1,288.0,79.15,100,55,90,4.4,4.8,279.5,79.14,100,58,87,2617.6,15557.5,39.0,24,0
1782940262.356,507.419,299.8,79.14,100,45,90,18375.9,15333.6,293.4,79.15,100,46,86,2498.3,7.2,286.7,79.15,100,48,89,1821.0,15772.5,275.4,79.14,100,45,86,19685.6,5.8,39.0,24,0
1782940262.798,507.861,299.8,79.14,100,45,90,5.3,5.3,291.2,79.15,100,46,86,20714.3,16508.6,282.0,79.15,100,44,90,2.6,5.8,272.0,79.14,100,45,86,5170.3,26516.1,4.0,0,21
1782940263.243,508.306,297.5,79.14,100,46,91,1.9,4.3,283.8,79.15,98,21,87,3.5,17162.0,278.7,79.15,98,36,89,20749.8,4.8,260.7,79.14,100,12,86,2.5,4.1,4.0,0,21
1782940263.684,508.747,294.5,79.14,100,62,91,20708.5,17116.3,286.0,79.15,100,51,86,5.2,9.8,276.5,79.15,100,50,89,4.6,5402.1,268.1,79.14,100,49,86,17699.5,11430.5,4.0,0,21
1782940264.131,509.194,294.1,79.14,100,62,91,1.8,2828.0,296.7,79.15,100,48,86,18208.7,15630.6,287.6,79.15,100,48,89,3.8,4.9,278.9,79.14,100,47,87,1079.9,16793.1,4.0,0,21
1782940264.573,509.636,297.6,79.14,100,51,91,2.5,4.0,298.1,79.15,100,51,87,20232.4,17108.4,293.3,79.15,100,49,90,2.6,5.8,282.1,79.14,100,54,87,9415.9,16059.5,4.0,0,21
1782940265.016,510.079,299.0,79.14,99,43,91,20705.6,6.2,298.1,79.15,100,51,87,3.9,9487.5,286.1,79.15,100,45,90,18273.9,8124.9,282.1,79.14,100,54,87,3.7,10.7,4.0,0,21
1782940265.458,510.521,297.4,79.14,100,44,92,17641.1,15071.5,290.6,79.15,99,40,86,4369.8,5.6,286.1,79.15,100,45,90,3.5,17219.5,271.8,79.14,99,38,87,20751.1,5.3,4.0,0,21
1782940265.900,510.963,297.8,79.14,100,46,91,20705.7,5.2,285.0,79.15,100,45,85,2.8,7.1,277.2,79.15,100,43,90,20777.3,17198.6,264.1,79.14,100,45,87,2.3,4.9,4.0,0,21
1782940266.349,511.412,297.8,79.14,100,46,91,16007.8,4.8,287.6,79.15,100,51,87,2.8,940.0,281.0,79.15,100,54,90,19058.4,16723.7,271.3,79.14,100,50,87,2.3,5.1,4.0,0,21
1782940266.791,511.854,304.4,79.14,100,58,91,20111.1,4.5,294.8,79.15,100,49,86,2.7,4.5,284.1,79.15,100,48,91,20780.9,16845.3,276.3,79.14,100,48,87,4.0,4.9,4.0,0,21
1782940267.234,512.297,301.6,79.14,100,48,90,17581.1,3532.6,295.1,79.15,100,55,87,4.3,4.7,287.7,79.15,100,58,90,1960.8,15579.4,277.5,79.14,100,52,87,19679.5,4.7,4.0,0,21
1782940267.675,512.737,301.0,79.14,100,51,91,18403.6,15905.5,294.6,79.15,100,46,86,5.7,8.5,287.0,79.15,100,48,89,1084.3,16753.4,276.0,79.14,100,45,86,20751.2,4.7,4.0,0,21
1782940268.117,513.180,298.8,79.14,100,47,91,20710.6,17108.4,296.3,79.15,100,51,87,1.9,4.5,286.0,79.15,100,48,90,3.9,14980.5,276.3,79.14,100,54,87,17513.6,3775.1,4.0,0,21
1782940268.558,513.620,298.9,79.14,100,46,91,18271.4,6641.1,293.3,79.15,100,45,85,2.1,5.2,284.9,79.15,100,45,89,20769.4,17187.1,274.4,79.14,100,44,87,2.1,5.7,4.0,0,21
1782940268.998,514.061,301.1,79.14,100,46,91,2.0,16465.2,293.3,79.15,100,45,85,18670.4,1491.2,280.2,79.15,100,45,91,11.2,497.2,274.4,79.14,100,44,87,19703.0,17197.9,7.0,1,19
1782940269.439,514.502,292.5,79.14,98,11,91,1.9,10402.2,290.6,79.15,100,44,86,18485.2,7465.7,280.2,79.15,100,45,91,1.9,4.6,270.1,79.14,100,47,87,1069.5,16808.9,7.0,1,19
1782940269.881,514.944,294.5,79.14,100,58,91,2.7,6.7,279.7,79.15,100,52,86,1.9,60.8,274.2,79.15,100,61,90,20074.9,16239.5,264.1,79.14,100,57,87,3.9,4.5,7.0,1,19
1782940270.332,515.394,294.5,79.14,100,58,91,18033.1,10528.0,285.5,79.15,100,46,85,3.5,4.3,281.0,79.15,100,54,91,3.8,13277.1,271.5,79.14,100,54,87,17693.8,5253.6,7.0,1,19
1782940270.773,515.836,293.9,79.14,100,63,91,20708.7,17110.3,302.1,79.15,100,49,86,3.6,4.6,292.5,79.15,100,48,89,2.3,16332.5,284.4,79.14,100,48,86,17780.6,2200.2,7.0,1,19
1782940271.222,516.285,296.4,79.14,100,45,91,9.1,6.6,296.3,79.15,99,44,87,14820.2,15317.1,290.4,79.15,100,45,90,6668.0,6.0,276.8,79.14,100,42,87,1953.6,15723.5,7.0,1,19
1782940271.669,516.732,297.0,79.14,100,43,91,20707.0,5.5,288.5,79.15,100,46,85,2.9,10850.0,282.5,79.15,100,44,90,18864.4,4775.8,269.7,79.14,100,44,86,6.3,5.4,7.0,1,19
1782940272.116,517.178,299.9,79.14,100,45,90,1.8,4.4,286.6,79.15,100,44,86,20720.8,16270.5,275.1,79.15,100,45,90,4.1,4.7,267.7,79.14,100,46,86,2.0,9914.0,7.0,1,19
1782940272.559,517.622,300.8,79.14,100,46,91,3.5,4.5,291.1,79.15,100,46,87,20720.8,17110.6,283.0,79.15,100,47,90,2.3,4.8,275.3,79.14,100,58,87,1.9,16485.6,7.0,1,19
1782940273.000,518.063,303.1,79.14,100,57,91,1.9,4.4,291.1,79.15,100,46,87,16691.8,14733.9,286.8,79.15,100,48,90,5564.9,5.6,275.3,79.14,100,58,87,4.6,1119.2,7.0,1,19
1782940273.443,518.506,300.5,79.14,100,48,91,1.9,4.3,294.5,79.15,100,47,86,511.9,17110.3,286.8,79.15,100,48,90,20747.5,4.7,276.3,79.14,100,47,86,2.8,4.6,7.0,1,19
1782940273.885,518.947,299.9,79.14,100,46,91,2.4,4.8,296.4,79.15,100,56,87,2.0,12545.7,287.3,79.15,100,54,90,23457.5,7.3,280.0,79.14,100,58,87,3.7,4.9,7.0,1,19
1782940274.334,519.397,299.9,79.14,100,46,91,2.8,4.5,294.1,79.15,100,46,86,3.5,11630.1,287.0,79.15,100,47,90,17976.4,6615.7,275.8,79.14,100,48,87,2.0,4.7,7.0,1,19
1782940274.775,519.838,301.4,79.14,100,51,91,4.4,7.6,296.6,79.15,100,56,87,495.6,17110.5,286.9,79.15,100,49,90,20749.7,5.8,275.9,79.14,100,44,87,2.1,10646.9,7.0,1,19
1782940275.219,520.282,298.7,79.14,100,46,91,20709.2,17108.0,293.2,79.15,100,45,86,2.5,11.8,284.7,79.15,100,46,90,8730.4,15575.1,275.8,79.14,100,46,86,12521.8,5.7,7.0,1,19
1782940275.663,520.726,299.4,79.14,100,42,91,18020.4,3993.5,289.5,79.15,100,43,86,2.5,7.6,280.0,79.15,100,47,89,5485.2,15201.3,262.7,79.14,98,11,87,16449.3,6.5,10.0,3,17
1782940276.111,521.173,290.5,79.14,100,53,90,1.8,17116.3,285.1,79.15,100,66,87,20673.9,4.7,278.4,79.15,100,62,90,3.2,4.1,269.0,79.14,99,57,87,1071.4,16818.1,10.0,3,17
1782940276.553,521.616,292.7,79.14,100,50,91,1.8,4.3,288.5,79.15,100,56,87,512.0,17135.8,285.4,79.15,100,59,90,20748.0,4.3,284.2,79.14,100,62,87,2.3,4.4,10.0,3,17
1782940276.994,522.057,302.5,79.14,100,51,90,7716.8,4.6,288.5,79.15,100,56,87,2.7,2843.7,291.5,79.15,100,50,90,18247.6,15492.5,284.2,79.14,100,62,87,5.6,4.9,10.0,3,17
1782940277.437,522.499,298.4,79.14,100,45,91,2.9,4.9,296.2,79.15,100,45,85,20227.9,17107.0,291.5,79.15,100,50,90,4.3,6.1,279.1,79.14,100,45,87,17033.3,14989.4,10.0,3,17
1782940277.878,522.941,297.2,79.14,100,45,91,17008.7,5.9,293.4,79.15,100,45,87,2.1,17112.4,286.2,79.15,99,45,90,20748.1,8.5,270.1,79.14,100,43,87,3.0,4625.6,10.0,3,17
1782940278.321,523.384,297.2,79.14,100,45,91,2.6,17114.4,288.0,79.15,100,44,85,20705.8,5.3,279.7,79.15,100,43,89,3.6,4.5,270.1,79.14,100,46,87,12302.4,15173.1,10.0,3,17
1782940278.763,523.826,299.3,79.14,100,45,91,2389.4,16000.1,288.7,79.15,100,47,86,17184.1,4.4,279.0,79.15,100,49,90,2.7,4.3,269.2,79.14,100,45,87,20792.1,17194.2,10.0,3,17
1782940279.207,524.270,299.9,79.14,100,45,91,1.7,17116.5,292.1,79.15,100,48,86,20707.2,4.6,285.5,79.15,100,46,90,1.9,4.7,276.4,79.14,100,57,87,16869.6,15126.4,10.0,3,17
1782940279.651,524.714,302.2,79.14,100,49,91,1.9,10552.4,294.3,79.15,100,47,86,18214.0,7769.4,286.4,79.15,100,47,90,5.4,10.0,276.9,79.14,100,46,87,4692.6,14947.1,10.0,3,17
1782940280.096,525.159,302.0,79.14,99,52,91,2.0,2856.0,297.2,79.15,100,57,87,18592.5,15030.7,287.5,79.15,100,48,90,2.0,4.7,276.6,79.14,100,44,87,3.4,17266.2,10.0,3,17
1782940280.538,525.601,298.6,79.14,100,46,90,1.8,4.3,293.3,79.15,100,48,86,20667.0,17109.2,288.1,79.15,100,57,90,3.9,4.8,277.4,79.14,100,48,87,1.9,15932.2,10.0,3,17
1782940280.979,526.042,301.1,79.14,100,55,91,6.7,4110.9,293.3,79.15,100,48,86,18489.6,13925.3,284.9,79.15,100,45,90,2.4,5.4,277.4,79.14,100,48,87,8076.9,15010.3,10.0,3,17
1782940281.423,526.486,300.0,79.14,100,42,91,20699.3,6.3,293.2,79.15,100,48,86,3.1,5346.6,284.9,79.15,100,45,90,18854.4,12412.4,275.0,79.14,100,46,87,3.0,5.9,10.0,3,17
1782940281.864,526.927,296.1,79.14,98,43,92,20708.6,17654.4,290.9,79.15,99,40,87,20201.1,16020.4,282.8,79.15,100,45,90,20446.2,9.5,272.3,79.14,99,42,87,5.3,3.9,13.0,5,15
1782940282.312,527.375,296.1,79.14,98,43,92,18786.0,4.2,278.0,79.15,100,53,86,2.6,4.2,269.5,79.15,100,38,89,5788.3,14893.5,261.5,79.14,99,51,87,16612.5,4.3,13.0,5,15
1782940282.754,527.817,291.8,79.14,100,51,91,8.1,17118.1,288.3,79.15,100,57,86,20710.4,4.6,279.0,79.15,100,49,90,1.8,4.5,271.6,79.14,100,47,86,12135.7,14678.4,13.0,5,15
1782940283.222,528.285,293.2,79.14,100,49,91,594.3,16581.5,302.9,79.15,100,63,87,20705.6,4.7,293.2,79.15,100,52,90,4.6,4.3,286.2,79.14,100,51,87,20786.3,17197.3,13.0,5,15
1782940283.664,528.726,300.5,79.14,100,46,90,18731.2,12774.1,293.8,79.15,100,46,85,3.8,8.2,289.9,79.15,100,50,90,19256.4,14873.6,276.3,79.14,100,45,86,967.9,5.8,13.0,5,15
1782940284.107,529.170,298.5,79.14,100,44,92,2.2,17116.5,287.6,79.15,100,45,85,20703.6,11.1,280.1,79.15,100,45,89,2.2,10835.9,269.0,79.14,100,45,86,18826.5,6933.7,13.0,5,15
1782940284.548,529.611,298.5,79.14,100,43,91,20707.1,5.7,289.0,79.15,100,45,86,4.5,7018.8,280.7,79.15,100,46,89,18608.7,9074.8,270.2,79.14,100,44,87,2.7,4.8,13.0,5,15
1782940284.990,530.052,300.7,79.14,100,46,91,4404.3,5.1,289.0,79.15,100,45,86,2.1,17124.6,281.9,79.15,100,46,90,20747.8,5.2,270.2,79.14,100,44,87,2.3,4.7,13.0,5,15
1782940285.433,530.496,298.7,79.14,100,46,91,1.8,4.4,289.2,79.15,100,44,86,1.9,17157.3,281.9,79.15,100,46,90,20086.6,659.4,270.5,79.14,100,45,86,2.3,4.5,13.0,5,15
1782940285.874,530.937,300.7,79.14,100,48,91,8596.9,4.7,292.7,79.15,100,55,87,2.7,2567.5,286.9,79.15,100,55,90,18425.7,15521.3,276.7,79.14,100,58,87,2.3,4.6,13.0,5,15
1782940286.317,531.379,300.7,79.14,100,48,91,20706.4,4.8,295.0,79.15,100,46,87,1.9,4.4,286.7,79.15,100,47,90,20778.5,17202.7,276.2,79.14,100,47,87,2.9,5.0,13.0,5,15
1782940286.757,531.820,301.6,79.14,100,53,91,20708.8,4.9,296.2,79.15,100,52,87,6.2,4.6,285.7,79.15,100,47,90,20781.5,16553.0,275.0,79.14,100,47,87,2.1,5.0,13.0,5,15
1782940287.201,532.264,298.9,79.14,100,46,91,18887.5,5.1,293.5,79.15,100,46,86,2.0,2801.5,286.8,79.15,100,48,90,18584.9,15282.2,275.1,79.14,100,47,87,3.8,5.1,13.0,5,15
1782940287.642,532.705,299.2,79.14,100,45,91,2.8,17112.5,289.8,79.15,100,45,87,20638.1,6.6,282.6,79.15,99,44,90,7.8,7013.8,270.6,79.14,100,45,87,18664.5,10703.2,13.0,5,15
1782940288.086,533.149,297.5,79.14,100,42,90,21019.8,17270.5,288.3,79.15,100,46,86,20720.9,17214.8,280.2,79.15,100,47,90,20458.8,15109.1,267.2,79.14,98,27,86,16650.9,6.4,16.0,7,13
1782940288.527,533.589,293.4,79.14,100,62,92,2711.9,14931.2,288.3,79.15,100,46,86,19450.0,4.2,273.8,79.15,100,49,89,4.2,4.2,267.0,79.14,100,50,88,2574.2,15564.5,16.0,7,13
1782940288.967,534.030,295.1,79.14,100,56,91,4.3,7.0,284.4,79.15,100,52,86,506.0,17141.3,273.8,79.15,100,49,89,20753.4,4.6,267.0,79.14,100,50,88,4.0,4.5,16.0,7,13
1782940289.409,534.472,299.7,79.14,100,50,91,18751.2,4.5,291.3,79.15,100,55,86,2.9,9.6,284.5,79.15,100,48,90,20107.3,17200.4,275.2,79.14,100,49,86,4.1,4.9,16.0,7,13
1782940289.851,534.914,299.7,79.14,100,50,91,3035.0,5.6,297.0,79.15,100,53,87,725.1,16548.4,293.9,79.15,100,55,90,20291.3,7.5,283.1,79.14,100,50,87,8.7,10137.8,16.0,7,13
1782940290.295,535.358,299.8,79.14,100,44,91,18765.3,13514.2,293.0,79.15,100,44,86,2.1,5.9,286.3,79.15,100,46,90,20764.1,16738.3,274.7,79.14,100,39,87,3.2,6.1,16.0,7,13
1782940290.737,535.800,298.6,79.14,100,43,92,5.1,2870.0,285.8,79.15,100,41,86,18902.2,13243.0,276.1,79.15,99,39,90,4.2,5.5,264.5,79.14,100,45,87,16859.5,15245.9,16.0,7,13
1782940291.181,536.244,296.1,79.14,100,45,92,3.5,17108.4,286.0,79.15,100,49,87,20706.7,5.3,279.8,79.15,100,56,90,2.5,5.3,269.5,79.14,100,52,87,20779.6,17192.3,16.0,7,13
1782940291.622,536.684,301.6,79.14,100,46,91,1.9,17113.2,292.1,79.15,100,45,86,20706.5,4.7,281.4,79.15,100,48,89,2.5,7.5,275.4,79.14,100,47,86,20197.8,14857.4,16.0,7,13
1782940292.064,537.127,302.0,79.14,100,48,92,2.0,6412.3,295.2,79.15,100,46,87,18273.0,11941.4,285.4,79.15,100,56,90,1.9,4.9,277.3,79.14,100,56,87,1084.4,16760.0,16.0,7,13
1782940292.506,537.569,301.1,79.14,100,56,91,1.9,4.5,295.2,79.15,100,46,87,20733.7,15951.1,286.0,79.15,100,48,89,46.3,4.9,277.3,79.14,100,56,87,4.6,13867.8,16.0,7,13
1782940292.949,538.011,298.7,79.14,100,46,91,5.4,6.2,293.7,79.15,100,48,86,20740.4,16163.7,286.0,79.15,100,48,89,2.7,4.7,276.4,79.14,100,46,86,2.3,8491.8,16.0,7,13
1782940293.395,538.458,299.3,79.14,100,48,91,1.9,4.9,296.0,79.15,100,59,87,20726.4,16087.9,287.2,79.15,100,60,90,37.9,5.2,278.4,79.14,100,53,87,2.0,17281.1,16.0,7,13
1782940293.839,538.902,299.3,79.14,100,48,91,20708.6,17109.2,292.9,79.15,100,45,85,2.7,7.6,284.6,79.15,100,46,89,7158.5,19137.3,274.6,79.14,100,45,87,9887.2,8.3,19.0,9,11
1782940294.785,539.848,299.1,79.14,99,42,91,3.5,6946.2,277.9,79.15,100,30,86,18003.8,11578.0,269.7,79.15,100,14,89,1.8,4.3,261.2,79.14,100,52,87,1.8,6515.6,19.0,9,11
1782940295.227,540.290,294.5,79.14,100,68,91,400.2,4.4,285.5,79.15,100,49,85,2.7,1312.7,278.5,79.15,100,50,89,18737.5,16712.2,269.3,79.14,100,47,87,1.9,4.5,19.0,9,11
1782940295.668,540.731,293.6,79.14,100,61,91,18135.3,15253.8,303.0,79.15,100,47,86,3.6,10.1,295.7,79.15,100,47,90,1100.6,15372.4,286.1,79.14,100,47,86,17891.7,4.9,19.0,9,11
1782940296.117,541.180,298.5,79.14,100,47,91,20704.8,5.6,295.9,79.15,100,54,87,2.1,8965.7,292.1,79.15,100,55,90,18343.5,8863.6,280.0,79.14,99,44,87,4.7,5.5,19.0,9,11
1782940296.558,541.621,297.3,79.14,100,44,91,11815.3,15609.9,287.7,79.15,100,43,86,8891.8,6.2,282.1,79.15,99,40,90,2.4,17226.1,269.8,79.14,100,46,87,20744.1,6.2,19.0,9,11
1782940296.999,542.062,298.7,79.14,100,43,92,1.9,4.8,287.7,79.15,100,43,86,3402.2,15503.4,275.5,79.15,100,46,90,17667.8,5.6,269.8,79.14,100,46,87,2.1,10066.3,19.0,9,11
1782940297.442,542.505,299.1,79.14,100,47,91,3.0,4.5,286.5,79.15,100,45,86,20725.0,16136.8,275.5,79.15,100,46,90,3.9,5.3,266.7,79.14,100,45,86,2.8,17256.7,19.0,9,11
1782940297.889,542.952,302.9,79.14,100,48,91,3.7,4270.0,291.2,79.15,100,49,86,18198.3,13954.9,281.4,79.15,100,52,90,5.2,7.0,273.3,79.14,100,45,87,1077.2,16785.6,19.0,9,11
1782940298.333,543.395,302.9,79.14,100,48,91,1.8,4.5,293.9,79.15,100,47,86,20679.6,15694.0,286.1,79.15,100,49,89,256.1,4.9,277.3,79.14,100,47,86,2.3,9671.1,19.0,9,11
1782940298.775,543.838,300.4,79.14,100,47,90,6.8,7.1,294.9,79.15,100,51,87,7389.3,15709.5,286.4,79.15,100,54,90,13580.5,5.0,279.0,79.14,100,54,87,2.6,1220.6,19.0,9,11
1782940299.219,544.282,300.3,79.14,100,52,91,1.8,9.9,293.2,79.15,100,45,85,4828.3,15127.3,285.5,79.15,100,46,89,17002.6,4.9,275.0,79.14,100,45,86,4.2,8.2,19.0,9,11
1782940299.660,544.723,299.7,79.14,100,49,91,1.9,4.7,293.2,79.15,100,53,87,5701.9,22678.9,286.5,79.15,100,55,90,5573.6,7.6,276.5,79.14,100,54,87,6.7,16874.9,19.0,9,11
1782940300.110,545.173,299.6,79.14,100,48,91,20708.7,17069.4,291.6,79.15,100,43,86,2.2,5.7,283.9,79.15,100,45,89,5435.8,15295.8,275.0,79.14,100,45,87,16223.9,6.6,19.0,9,11
1782940300.553,545.615,299.7,79.14,99,41,91,3.0,4.5,287.6,79.15,100,42,86,26659.4,16486.1,278.9,79.15,100,45,90,18777.1,16495.1,265.4,79.14,98,41,87,19832.9,16714.0,22.0,11,9
1782940300.995,546.058,282.5,79.14,100,45,90,18762.0,17107.7,287.6,79.15,100,42,86,2.6,4.2,270.3,79.15,100,61,90,1.8,557.3,265.4,79.14,98,41,87,19727.4,17200.1,22.0,11,9
1782940301.436,546.499,274.5,79.14,100,51,91,1.7,4.2,274.2,79.15,100,47,87,3477.4,14982.3,270.3,79.15,100,61,90,17991.9,4.8,260.7,79.14,100,65,87,2.8,4.4,22.0,11,9
1782940301.878,546.940,287.0,79.14,100,49,91,20706.2,4.4,281.8,79.15,100,55,87,1.9,4.7,276.6,79.15,100,60,90,20794.3,16255.2,270.1,79.14,100,58,87,2.1,4.7,22.0,11,9
1782940302.320,547.382,287.0,79.14,100,49,91,20706.8,5.9,297.0,79.15,100,48,85,2.4,1197.1,289.2,79.15,100,57,90,18931.9,16239.0,281.4,79.14,99,46,87,3.6,5.7,22.0,11,9
1782940302.761,547.824,297.8,79.14,100,54,91,4822.6,19120.6,295.3,79.15,100,43,86,9657.4,5.6,288.0,79.15,100,45,90,2.7,17224.1,275.7,79.14,100,45,87,20745.2,5.9,22.0,11,9
1782940303.209,548.272,295.2,79.14,100,43,91,2.0,5.1,286.7,79.15,100,44,85,18740.6,15176.6,281.5,79.15,100,43,90,2523.1,7.0,268.5,79.14,100,43,86,3.5,17124.1,22.0,11,9
1782940303.651,548.714,298.3,79.14,100,45,91,2.3,11463.0,285.3,79.15,100,46,85,18036.3,7025.7,276.6,79.15,100,45,90,8.4,7.7,268.0,79.14,100,47,87,11036.3,15204.6,22.0,11,9
1782940304.100,549.163,302.9,79.14,100,50,91,1.9,17117.2,293.3,79.15,100,58,86,20706.2,4.8,283.1,79.15,100,50,90,2.4,5.0,275.6,79.14,100,46,87,19220.8,14690.6,22.0,11,9
1782940304.541,549.604,302.7,79.14,100,48,91,2.7,4838.2,294.1,79.15,100,46,85,18260.7,13489.0,286.8,79.15,100,49,90,3.9,4.7,277.5,79.14,100,47,87,2.7,17289.8,22.0,11,9
1782940304.982,550.045,301.5,79.14,100,55,91,6.7,4.4,294.1,79.15,100,46,85,16410.4,15030.3,287.2,79.15,100,49,89,5564.3,4.6,277.5,79.14,100,47,87,2.8,557.1,22.0,11,9
1782940305.425,550.488,298.4,79.14,100,46,91,2.8,4.6,294.5,79.15,100,52,86,5132.1,15064.6,287.2,79.15,100,49,89,16675.8,4.7,277.7,79.14,100,48,86,4.1,3.9,22.0,11,9
1782940305.868,550.931,301.1,79.14,100,55,91,1.9,4.5,295.3,79.15,100,48,87,3.5,16844.8,289.7,79.15,100,55,90,20672.7,10.1,280.0,79.14,100,59,87,2.4,4.9,22.0,11,9
1782940306.312,551.375,301.1,79.14,100,55,91,2.0,5.4,293.2,79.15,100,45,86,20717.7,17105.9,285.6,79.15,100,47,89,2.7,5.7,275.4,79.14,100,44,87,7884.7,15371.2,22.0,11,9
1782940306.754,551.816,298.9,79.14,100,45,91,22036.6,7.4,292.8,79.15,100,46,86,7.9,5737.7,282.9,79.15,100,47,90,18950.4,11924.0,271.7,79.14,100,46,86,2.1,5.7,25.0,13,7
1782940307.202,552.265,297.7,79.14,100,46,90,20707.6,4.9,283.2,79.15,98,17,85,2.8,4.5,277.7,79.15,98,31,89,4556.5,15295.8,259.5,79.14,100,17,86,17330.3,4.3,25.0,13,7
1782940307.644,552.707,293.3,79.14,100,61,91,1.8,5628.0,286.2,79.15,100,51,86,17816.6,13287.8,278.3,79.15,100,51,90,10.0,7.5,269.3,79.14,100,48,86,497.9,16823.9,25.0,13,7
1782940308.091,553.154,294.3,79.14,100,57,91,4.2,4.1,291.2,79.15,100,56,86,499.9,17151.5,284.2,79.15,100,49,89,20750.1,4.9,280.2,79.14,100,48,86,2.4,4.8,25.0,13,7
1782940308.533,553.596,300.5,79.14,100,50,90,1.8,4.4,296.8,79.15,100,49,87,2.6,15389.6,292.6,79.15,100,52,90,17759.1,2853.7,282.5,79.14,100,53,87,3.8,484.1,25.0,13,7
1782940308.975,554.037,298.3,79.14,100,43,91,7022.2,15433.9,296.8,79.15,100,49,87,14516.7,7.8,292.6,79.15,100,52,90,2.9,17221.2,282.5,79.14,100,53,87,20750.5,5.7,25.0,13,7
1782940309.419,554.481,297.8,79.14,100,44,91,2.1,5.5,290.4,79.15,100,40,86,20711.2,17105.0,285.6,79.15,100,41,90,2.5,5.3,272.6,79.14,100,39,87,1076.8,16748.7,25.0,13,7
1782940309.861,554.923,298.4,79.14,100,45,91,1.9,17113.5,287.2,79.15,100,45,85,20705.4,5.1,276.5,79.15,100,43,90,4.3,7.2,267.9,79.14,100,45,86,19182.1,14714.8,25.0,13,7
1782940310.304,555.367,298.4,79.14,100,45,91,4.2,17117.6,288.2,79.15,100,53,86,20706.8,4.8,280.3,79.15,100,54,90,1.9,4.8,272.6,79.14,100,50,87,20732.1,16478.1,25.0,13,7
1782940310.746,555.809,303.7,79.14,100,57,91,8.7,13521.4,293.0,79.15,100,47,86,18029.9,5048.0,282.3,79.15,100,47,90,4.2,4.5,276.1,79.14,100,48,87,1097.0,16677.2,25.0,13,7
1782940311.188,556.251,301.4,79.14,100,48,91,3.6,4.2,295.2,79.15,100,58,87,20241.8,17111.1,286.4,79.15,100,55,90,1.9,4.6,278.7,79.14,99,55,87,3.7,10892.2,25.0,13,7
1782940311.632,556.694,299.8,79.14,100,49,91,2.7,4.5,294.3,79.15,100,46,85,9293.4,14928.9,289.3,79.15,100,50,90,12767.0,7.8,277.6,79.14,100,45,87,8.8,4617.6,25.0,13,7
1782940312.080,557.142,301.1,79.14,99,55,91,1.9,4.6,295.9,79.15,100,52,86,2411.2,15285.3,285.9,79.15,100,47,90,19046.2,4.7,276.8,79.14,100,46,87,2.8,4.3,25.0,13,7
1782940312.520,557.583,298.9,79.14,100,47,91,2.0,4.6,295.9,79.15,100,52,86,8958.1,15400.4,287.1,79.15,100,49,90,12478.8,5.8,276.8,79.14,100,46,87,5.4,17257.1,25.0,13,7
1782940312.961,558.024,298.0,79.14,99,45,90,20708.5,17113.1,292.9,79.15,100,45,85,4.0,5.5,287.1,79.15,100,49,90,11097.5,15338.9,275.9,79.14,100,45,87,10425.3,5.6,25.0,13,7
1782940313.403,558.466,295.3,79.14,98,27,90,18451.7,2841.7,287.5,79.15,100,44,86,2.7,4.6,281.1,79.15,100,42,90,1440.8,16014.2,270.1,79.14,100,45,86,19687.9,4.5,28.0,15,5
1782940313.844,558.907,295.3,79.14,98,27,90,2.7,11461.3,283.2,79.15,100,63,87,17792.1,7251.5,273.6,79.15,100,59,90,3.1,4.6,268.4,79.14,100,59,87,5.2,13533.7,28.0,15,5
1782940314.288,559.351,294.6,79.14,100,52,91,3.4,4.1,288.9,79.15,100,60,87,10.8,17176.9,282.3,79.15,100,66,90,20083.2,704.2,275.9,79.14,100,61,87,2.2,4.5,28.0,15,5
1782940314.730,559.792,294.7,79.14,100,50,91,6370.3,10.0,298.3,79.15,100,48,86,8.3,10663.5,294.0,79.15,100,61,90,18277.9,7232.5,282.6,79.14,100,58,87,1.9,4.8,28.0,15,5
1782940315.181,560.244,301.1,79.14,100,51,91,2.1,6499.8,296.5,79.15,100,45,86,18645.6,11404.5,286.3,79.15,100,46,89,2.7,5.8,277.8,79.14,100,45,87,20770.0,17194.3,28.0,15,5
1782940315.623,560.686,298.3,79.14,100,39,91,4993.0,5.8,290.1,79.15,100,43,86,3031.2,15594.9,284.2,79.15,100,47,90,17955.4,8.6,269.1,79.14,100,42,87,14.6,17233.2,28.0,15,5
1782940316.067,561.130,296.5,79.14,100,45,92,3034.6,15047.9,284.1,79.15,100,45,86,18664.6,4.6,278.8,79.15,100,46,90,3.1,4.4,266.8,79.14,100,45,87,20782.8,17197.1,28.0,15,5
1782940316.508,561.571,299.3,79.14,100,53,91,9544.3,15299.4,284.1,79.15,100,45,86,12522.9,4.7,280.3,79.15,100,44,89,2.4,4.6,266.8,79.14,100,45,87,19722.7,17194.3,28.0,15,5
1782940316.949,562.012,302.9,79.14,100,48,90,3157.1,17461.4,290.1,79.15,100,46,86,14091.2,4.7,280.3,79.15,100,44,89,4.0,3.9,273.6,79.14,100,49,87,20306.1,17209.2,28.0,15,5
1782940317.394,562.457,301.2,79.14,100,57,91,3.5,16755.2,293.1,79.15,100,47,85,18873.3,1468.4,285.0,79.15,100,53,90,2.4,4.6,276.7,79.14,100,50,87,7342.6,15230.0,28.0,15,5
1782940317.836,562.899,301.2,79.14,100,57,91,2.2,2043.5,294.9,79.15,100,48,86,20046.2,12255.6,286.8,79.15,100,48,89,1.9,5.1,277.1,79.14,100,48,86,2852.4,15057.5,28.0,15,5
1782940318.287,563.350,299.6,79.14,100,48,90,1.8,3340.6,295.8,79.15,100,47,86,18483.5,14913.7,288.1,79.15,100,54,90,1.9,4.7,277.5,79.14,100,54,87,490.0,17285.3,28.0,15,5
1782940318.728,563.791,301.0,79.14,100,53,91,5.1,17119.2,293.4,79.15,100,48,86,20491.7,7.9,285.8,79.15,100,49,90,2.6,5.0,275.6,79.14,100,45,86,20780.3,17193.1,28.0,15,5
1782940319.179,564.242,298.6,79.14,100,45,90,20704.8,5.8,292.8,79.15,100,45,85,3.8,14261.8,282.6,79.15,100,43,90,18207.8,3827.4,273.0,79.14,100,46,86,2.9,6.0,28.0,15,5
1782940319.620,564.683,297.1,79.14,100,44,91,20424.0,17342.1,288.3,79.15,100,47,85,20469.8,15334.1,280.3,79.15,100,47,89,12929.2,8.1,265.5,79.14,98,23,85,15.2,505.7,30.0,17,3
1782940320.067,565.130,293.0,79.14,100,56,92,11774.8,4.0,285.8,79.15,100,58,86,1.8,4.1,275.8,79.15,100,49,89,9856.4,14456.8,268.5,79.14,100,50,86,12929.6,4.7,30.0,17,3
1782940320.508,565.571,293.6,79.14,100,52,91,3922.3,14859.1,285.8,79.15,100,58,86,18250.9,4.5,284.9,79.15,100,48,90,2.7,4.5,268.5,79.14,100,50,86,17125.0,14484.0,30.0,17,3
1782940320.949,566.012,302.6,79.14,100,49,90,5.4,6.3,291.7,79.15,100,59,86,20223.3,17111.0,284.9,79.15,100,48,90,1.9,4.8,275.6,79.14,100,49,87,2.0,17273.3,30.0,17,3
1782940321.391,566.454,300.0,79.14,100,44,91,4169.8,15631.3,298.1,79.15,100,51,86,17367.2,5.5,293.8,79.15,100,55,90,3.1,12412.5,282.3,79.14,100,50,87,18084.0,5731.6,30.0,17,3
1782940321.831,566.894,300.0,79.14,100,44,91,2.4,5.8,293.3,79.15,100,45,86,17947.9,15377.3,286.3,79.15,100,47,90,3457.5,11.3,274.2,79.14,100,40,87,8567.0,15667.4,30.0,17,3
1782940322.276,567.339,298.2,79.14,100,44,92,20709.8,17109.5,287.1,79.15,100,42,86,1.9,5.4,278.2,79.15,99,39,90,4291.5,15514.6,265.6,79.14,100,45,87,17288.2,4.6,30.0,17,3
1782940322.717,567.779,296.3,79.14,100,45,92,18693.9,8645.9,287.4,79.15,100,50,87,5.0,10.2,280.2,79.15,100,56,90,20770.3,15887.6,270.5,79.14,100,51,87,169.2,4.8,30.0,17,3
1782940323.162,568.225,301.8,79.14,100,45,91,20705.5,4.6,294.0,79.15,100,44,86,2.8,4.6,283.5,79.15,100,47,89,20261.7,14814.0,276.6,79.14,100,49,86,2070.5,4.6,30.0,17,3
1782940323.603,568.666,302.4,79.14,100,48,92,18391.4,8066.4,294.8,79.15,100,46,87,2.8,4.7,286.7,79.15,100,56,90,4376.9,23239.6,276.3,79.14,100,56,87,6397.9,10.8,30.0,17,3
1782940324.055,569.118,301.3,79.14,100,54,91,17717.6,4829.8,295.1,79.15,100,47,86,1.9,4.8,286.3,79.15,100,49,90,9977.7,14890.2,276.5,79.14,100,45,87,12109.2,5.0,30.0,17,3
1782940324.496,569.559,298.8,79.14,100,46,90,17767.2,7070.9,295.1,79.15,100,47,86,3.5,4.8,287.0,79.15,100,58,90,3117.1,15450.7,276.5,79.14,100,45,87,18535.5,5.1,30.0,17,3
1782940324.937,570.000,299.6,79.14,100,53,91,18136.5,6172.4,295.1,79.15,100,49,87,5.4,5.0,287.0,79.15,100,58,90,16093.6,15109.7,276.2,79.14,100,53,87,5929.7,5.5,30.0,17,3
1782940325.378,570.441,300.3,79.14,100,45,91,2.1,5.8,292.4,79.15,100,45,86,20709.3,17106.6,284.6,79.15,100,46,89,2.5,5.9,274.9,79.14,100,46,86,16232.5,15229.8,30.0,17,3
1782940325.820,570.882,300.3,79.14,100,45,91,21130.8,17414.7,293.1,79.15,100,39,86,21258.9,11046.8,280.2,79.15,100,46,89,1.9,8613.7,271.1,79.14,100,40,87,9885.2,6.9,33.0,19,1
1782940326.265,571.328,296.4,79.14,98,41,92,1.7,8556.8,282.1,79.15,99,50,86,10353.0,4.4,276.6,79.15,100,60,89,13821.6,5724.7,267.2,79.14,100,63,86,2.5,13782.2,33.0,19,1
1782940326.707,571.769,295.6,79.14,99,49,91,214.2,8755.7,288.4,79.15,99,51,85,7872.2,5732.8,280.8,79.15,99,49,90,12201.0,969.1,271.1,79.14,99,44,87,18406.2,6.0,33.0,19,1
1782940327.150,572.213,296.6,79.14,99,44,91,1.8,17112.9,293.4,79.15,99,41,86,2.0,8655.4,283.7,79.15,99,44,90,8734.6,4.2,271.9,79.14,99,44,87,20756.3,4.5,33.0,19,1
1782940327.592,572.655,299.2,79.14,99,49,92,9473.6,9295.8,286.2,79.15,99,46,86,3.5,8764.3,280.7,79.15,100,52,89,8733.4,4.3,270.5,79.14,99,52,86,19760.1,962.5,33.0,19,1
1782940328.035,573.097,301.0,79.14,99,50,91,1.9,14276.6,290.9,79.15,99,49,86,2505.1,4408.3,284.0,79.15,99,54,89,13905.9,4.8,275.0,79.14,100,52,86,10396.8,8600.6,33.0,19,1
1782940328.480,573.543,300.9,79.14,99,48,91,1.9,8557.2,290.9,79.15,99,49,86,10354.1,10.3,284.9,79.15,99,46,90,19652.9,4.9,275.0,79.14,100,52,86,10383.6,8599.1,33.0,19,1
1782940328.922,573.984,298.5,79.14,99,41,91,6878.8,9872.5,294.9,79.15,99,51,86,5527.4,5043.5,284.9,79.15,99,46,90,5368.9,5124.3,275.9,79.14,99,47,86,5478.6,5742.2,35.0,23,0
1782940329.370,574.433,300.6,79.14,100,60,91,5115.7,4095.8,288.8,79.15,100,52,86,4807.7,5193.0,280.5,79.15,99,48,90,4877.8,5940.9,270.2,79.14,100,58,86,5358.6,5247.5,35.0,23,0
1782940329.811,574.874,300.6,79.14,100,60,91,4495.5,4189.2,291.3,79.15,100,60,86,4745.3,5827.3,281.9,79.15,100,61,89,5399.1,5775.9,273.2,79.14,100,61,86,5440.2,6370.2,35.0,24,0
1782940330.254,575.316,303.4,79.14,100,62,91,4483.2,4175.8,299.4,79.15,100,60,86,5322.0,5228.6,290.2,79.15,100,62,89,5475.1,6472.9,281.5,79.14,100,61,86,4901.3,6079.7,35.0,24,0
1782940330.698,575.760,302.5,79.14,100,61,91,5050.0,3666.2,303.3,79.15,100,60,86,5322.7,5739.8,294.8,79.15,100,61,89,4902.2,6447.4,284.4,79.14,100,60,86,5457.4,5591.7,35.0,24,0
1782940331.143,576.206,300.1,79.14,100,61,90,5045.3,4125.3,301.2,79.15,100,60,86,4763.3,5470.1,293.7,79.15,100,61,89,5487.4,6211.9,283.2,79.14,100,60,86,5402.0,5800.3,35.0,24,0
1782940331.591,576.654,299.9,79.14,100,61,90,4512.5,4182.6,300.1,79.15,100,60,86,5181.1,5180.2,293.3,79.15,100,61,89,5452.5,6485.5,282.7,79.14,100,61,86,4940.0,7359.2,35.0,24,0
1782940332.039,577.102,300.1,79.14,100,61,91,4996.4,4305.9,300.2,79.15,100,60,86,4853.0,5559.6,293.9,79.15,100,61,89,4833.1,6367.2,283.3,79.14,100,61,86,5332.5,6092.7,35.0,24,0
1782940332.485,577.547,299.9,79.14,100,60,90,4493.9,4175.5,300.2,79.15,100,60,86,4745.0,5700.1,293.8,79.15,100,61,89,5309.5,5910.6,283.3,79.14,100,61,86,5445.6,6464.6,35.0,24,0
1782940332.927,577.990,300.0,79.14,100,60,90,4486.5,4276.7,299.9,79.15,100,60,86,5309.5,5460.2,293.8,79.15,100,61,89,5464.0,6312.7,283.3,79.14,100,61,86,4952.0,6341.2,35.0,24,0
1782940333.372,578.435,300.2,79.14,100,61,90,4928.0,3710.7,299.6,79.15,100,60,86,5299.4,5625.5,293.5,79.15,100,61,89,4933.2,6452.6,282.7,79.14,100,60,86,4729.9,6405.1,35.0,24,0
1782940333.813,578.876,300.2,79.14,100,61,90,5054.6,3737.4,300.3,79.15,100,61,86,4897.4,5561.6,294.3,79.15,100,61,89,4850.2,6534.1,283.6,79.14,100,61,86,5453.8,5767.8,35.0,24,0
1782940334.257,579.320,300.1,79.14,100,61,90,4757.0,4100.5,300.6,79.15,100,60,86,4731.1,5497.1,295.1,79.15,100,61,89,5432.1,5926.2,284.4,79.14,100,60,86,5440.5,5763.6,35.0,24,0
1782940334.700,579.762,300.0,79.14,100,61,90,4491.7,4156.7,300.0,79.15,100,60,86,5292.2,5348.9,294.9,79.15,100,61,89,5468.3,6348.4,284.0,79.14,100,61,86,4879.5,6379.2,35.0,24,0
1782940335.147,580.209,299.9,79.14,100,61,90,4944.5,3710.8,299.9,79.15,100,61,86,5245.3,5496.5,294.7,79.15,100,61,89,5015.3,6547.4,283.8,79.14,100,60,86,4795.0,6253.4,36.0,24,0
1782940335.589,580.652,300.0,79.14,100,61,90,4965.7,3710.4,300.3,79.15,100,61,86,5351.0,5468.8,295.2,79.15,100,61,89,4939.8,6449.8,284.2,79.14,100,60,86,5388.5,5809.6,36.0,24,0
1782940336.033,581.096,299.9,79.14,100,61,90,5053.6,4075.2,300.3,79.15,100,61,86,4821.3,5258.7,295.1,79.15,100,62,89,5674.7,5965.8,284.3,79.14,100,61,86,5442.0,6392.8,36.0,24,0
1782940336.480,581.542,300.0,79.14,100,61,90,4522.8,4226.1,300.1,79.15,100,61,86,5238.7,5051.5,295.1,79.15,100,62,89,5377.1,6282.0,284.3,79.14,100,61,86,4822.4,6383.0,36.0,24,0
1782940336.920,581.983,300.1,79.14,100,61,90,4929.3,3664.9,299.7,79.15,100,60,86,5242.7,4893.9,295.0,79.15,100,61,89,5462.1,6383.8,284.2,79.14,100,61,86,4895.4,6414.1,36.0,24,0
1782940337.363,582.426,299.9,79.14,100,61,90,5051.6,3626.4,300.2,79.15,100,61,86,5223.6,5514.3,295.4,79.15,100,62,89,4851.5,6294.3,284.4,79.14,100,60,86,5351.6,5952.8,36.0,24,0
1782940337.806,582.869,299.9,79.14,100,61,90,5061.2,4213.0,300.2,79.15,100,61,86,4743.9,5373.6,295.1,79.15,100,61,89,5433.9,5929.2,284.1,79.14,100,61,86,5380.0,5795.8,36.0,24,0
1782940338.253,583.316,300.0,79.14,100,60,90,4414.7,4138.2,299.2,79.15,100,60,86,5251.5,5192.2,294.2,79.15,100,61,89,5458.0,6318.9,282.7,79.14,100,60,86,4929.1,6363.3,36.0,24,0
1782940338.696,583.758,300.0,79.14,100,60,90,5049.4,3816.0,299.3,79.15,100,60,86,5391.1,6765.8,293.7,79.15,100,61,89,5240.8,5760.0,282.5,79.14,100,60,86,5353.5,5696.1,36.0,24,0
1782940339.148,584.211,299.8,79.14,100,60,90,4493.6,4175.7,299.6,79.15,100,61,86,5330.1,5514.9,293.0,79.15,100,62,89,5418.6,5860.4,282.5,79.14,100,61,86,5038.1,5981.4,36.0,24,0
1782940339.592,584.654,300.0,79.14,100,61,90,4988.7,3753.5,300.2,79.15,100,60,86,5296.9,5707.2,293.2,79.15,100,61,89,4910.2,6203.3,282.7,79.14,100,60,86,4784.5,6839.0,36.0,24,0
1782940340.037,585.100,300.2,79.14,100,61,90,5110.2,4225.6,299.9,79.15,100,60,86,4788.4,5599.6,293.5,79.15,100,61,89,5345.3,5733.2,282.4,79.14,100,60,86,5465.4,6430.9,36.0,24,0
1782940340.480,585.543,299.9,79.14,100,60,90,4494.5,4214.8,299.9,79.15,100,60,86,5250.0,5120.0,293.5,79.15,100,61,89,5496.4,6267.4,282.4,79.14,100,60,86,4908.5,6343.3,36.0,24,0
1782940340.923,585.986,299.8,79.14,100,60,90,5051.4,4303.0,299.8,79.15,100,60,86,5241.5,5546.2,292.4,79.15,100,61,89,5452.9,5691.0,281.8,79.14,100,60,86,5405.5,5642.4,36.0,24,0
1782940341.371,586.434,299.7,79.14,100,60,90,4620.2,4274.6,299.5,79.15,100,59,86,5292.3,5203.7,291.9,79.15,100,60,89,5490.6,6128.2,280.9,79.14,100,59,86,4949.9,6021.7,36.0,24,0
1782940341.817,586.880,299.7,79.14,100,60,90,5147.5,4234.4,298.9,79.15,100,59,86,4809.6,5618.7,290.6,79.15,100,60,89,5407.7,5673.6,279.1,79.14,100,59,86,6135.0,6140.9,36.0,24,0
1782940342.266,587.328,299.8,79.14,100,60,91,5061.2,3760.8,298.9,79.15,100,59,86,5348.7,5648.0,289.9,79.15,100,60,89,4946.0,6205.0,278.8,79.14,100,59,86,5162.4,5653.1,36.0,24,0
1782940342.710,587.773,300.0,79.14,100,59,90,4986.8,4347.5,299.5,79.15,100,59,86,6135.6,5372.2,290.4,79.15,100,61,89,5472.1,6260.0,279.2,79.14,100,59,86,4857.2,6237.5,36.0,24,0
1782940343.160,588.223,300.1,79.14,100,59,91,5117.4,3836.7,299.6,79.15,100,59,86,4966.8,5504.8,290.5,79.15,100,60,89,4968.8,6061.5,279.1,79.14,100,60,86,5330.2,5762.2,37.0,24,0
1782940343.607,588.670,300.1,79.14,100,60,91,4585.7,4227.8,300.2,79.15,100,59,86,5336.3,5087.4,290.7,79.15,100,60,89,5490.0,6272.7,279.1,79.14,100,59,86,4987.9,7024.9,37.0,24,0
1782940344.053,589.116,300.1,79.14,100,60,90,5134.8,4199.8,300.2,79.15,100,59,86,4818.2,5579.0,290.5,79.15,100,60,89,5420.9,5591.1,279.3,79.14,100,59,86,5528.3,5441.2,37.0,24,0
1782940344.496,589.558,299.0,79.14,95,57,91,4669.7,4240.5,300.2,79.15,100,59,86,5308.1,5019.3,289.7,79.15,100,61,89,5406.5,5556.6,279.3,79.14,100,59,86,5240.7,6244.8,37.0,24,0
1782940344.940,590.002,300.0,79.14,100,60,91,4998.8,3767.6,299.1,79.15,100,59,86,5302.2,5598.1,289.7,79.15,100,61,89,4878.9,6162.4,278.5,79.14,100,59,86,5404.9,5806.9,37.0,24,0
1782940345.382,590.445,300.8,79.14,100,59,90,4740.7,4145.6,299.8,79.15,100,60,86,4779.3,5404.3,290.2,79.15,100,61,89,5363.4,5573.1,279.4,79.14,100,60,86,5516.2,5895.0,37.0,24,0
1782940345.824,590.886,300.8,79.14,100,59,90,4802.4,3889.4,300.5,79.15,100,59,86,5277.1,5186.7,291.2,79.15,100,61,89,5457.7,6167.1,279.9,79.14,100,60,86,4917.1,6690.0,37.0,24,0
1782940346.267,591.330,300.1,79.14,100,60,90,5239.4,4174.3,300.7,79.15,100,60,86,4779.2,5654.3,291.5,79.15,100,61,89,4865.9,6050.9,279.8,79.14,100,60,86,5483.2,5604.3,37.0,24,0
1782940346.710,591.773,300.0,79.14,100,60,91,5105.6,4206.7,300.5,79.15,100,59,86,6216.8,5771.9,291.3,79.15,100,60,89,5084.8,6352.8,279.9,79.14,100,60,86,4808.5,6051.7,37.0,24,0
1782940347.163,592.226,300.0,79.14,100,60,90,5120.2,4181.1,300.2,79.15,100,59,86,4788.2,5391.9,291.1,79.15,100,60,89,5385.6,5735.5,279.9,79.14,100,60,86,5421.1,6137.4,37.0,24,0
1782940347.607,592.670,300.0,79.14,100,60,90,5049.0,3762.5,300.5,79.15,100,59,86,5361.3,5128.6,291.6,79.15,100,61,89,5479.5,6611.2,280.5,79.14,100,60,86,6746.5,5621.2,37.0,24,0
1782940348.058,593.121,300.2,79.14,100,60,91,4798.6,4186.2,301.0,79.15,100,60,86,4801.3,5481.3,292.3,79.15,100,61,89,5504.7,5754.5,280.9,79.14,100,60,86,5487.5,6406.8,37.0,24,0
1782940348.501,593.564,300.0,79.14,100,60,91,5049.4,3777.4,301.0,79.15,100,60,86,5299.8,5131.4,291.6,79.15,100,60,89,5095.2,6235.2,280.9,79.14,100,60,86,4841.6,6246.8,37.0,24,0
1782940348.944,594.007,299.9,79.14,100,59,91,5534.7,4212.9,300.1,79.15,100,59,86,4806.2,5600.8,291.6,79.15,100,60,89,5395.2,5901.0,280.6,79.14,100,60,86,5420.6,5395.4,37.0,24,0
1782940349.388,594.451,299.8,79.14,100,59,91,4560.1,3968.7,299.8,79.15,100,60,86,5331.2,5205.1,290.8,79.15,100,61,89,5494.1,5937.2,280.2,79.14,100,59,86,4912.2,6272.5,37.0,24,0
1782940349.830,594.893,299.8,79.14,100,59,91,5137.0,4191.6,299.4,79.15,100,59,86,4846.2,5356.4,290.4,79.15,100,60,89,5547.6,5518.2,279.3,79.14,100,58,86,5377.8,5569.1,37.0,24,0
1782940350.277,595.340,299.5,79.14,100,59,91,5049.5,3823.2,298.1,79.15,100,59,86,5771.2,5854.9,290.0,79.15,100,60,89,4967.4,5884.8,278.4,79.14,100,59,86,5396.6,5720.6,37.0,24,0
1782940350.734,595.796,299.9,79.14,100,59,91,5052.7,4277.4,298.6,79.15,100,59,86,5518.4,5512.6,289.9,79.15,100,61,89,4940.7,6033.4,278.6,79.14,100,60,86,5444.3,5354.7,38.0,24,0
1782940351.182,596.245,300.3,79.14,100,59,91,4562.3,4189.7,299.4,79.15,100,59,86,5079.9,5241.2,290.6,79.15,100,60,89,5498.2,5522.1,279.3,79.14,100,59,86,5512.4,5985.0,38.0,24,0
1782940351.624,596.687,299.9,79.14,100,58,91,5012.0,3840.1,299.1,79.15,100,59,86,5303.6,5642.9,290.2,79.15,100,61,89,6052.2,5914.2,278.7,79.14,100,59,86,5503.3,5631.1,38.0,24,0
1782940352.073,597.136,300.2,79.14,100,60,90,4554.4,4276.0,299.3,79.15,100,59,86,5222.6,5329.6,290.5,79.15,100,61,89,5376.1,5901.8,279.1,79.14,100,60,86,5052.7,6191.7,38.0,24,0
1782940352.514,597.577,300.2,79.14,100,60,90,5063.3,3760.2,299.3,79.15,100,59,86,5398.6,5633.3,291.2,79.15,100,61,89,4907.8,6190.9,279.1,79.14,100,60,86,5140.8,5997.5,38.0,24,0
1782940352.954,598.017,300.1,79.14,100,60,91,5242.1,4216.5,300.0,79.15,100,59,86,4781.7,5617.1,291.2,79.15,100,61,89,5417.0,5668.6,279.8,79.14,100,60,86,5515.2,6124.9,38.0,24,0
1782940353.396,598.459,300.2,79.14,100,60,91,4617.1,4217.5,300.3,79.15,100,59,86,5315.2,5190.6,291.4,79.15,100,61,89,5458.2,6172.6,280.0,79.14,100,59,86,4953.6,5937.8,38.0,24,0
1782940353.837,598.900,300.2,79.14,100,60,91,5059.4,3781.2,300.2,79.15,100,59,86,5348.3,5688.3,291.2,79.15,100,60,89,4945.5,6247.9,279.9,79.14,100,60,86,5410.7,5366.4,38.0,24,0
1782940354.278,599.340,300.0,79.14,100,59,91,4561.0,4149.5,300.0,79.15,100,60,86,4762.1,5533.8,290.8,79.15,100,61,89,5504.5,5705.7,279.7,79.14,100,59,86,5774.5,6027.3,38.0,24,0
1782940354.724,599.787,299.9,79.14,100,60,91,5762.8,3882.6,299.8,79.15,100,59,86,5088.0,6081.8,290.3,79.15,100,61,89,5429.1,5862.1,279.9,79.14,100,60,86,5486.5,5389.3,38.0,24,0
1782940355.175,600.237,300.0,79.14,100,59,90,4493.7,4235.0,300.5,79.15,100,59,86,5225.1,5335.1,290.8,79.15,100,61,89,5455.0,6006.5,279.9,79.14,100,60,86,4836.3,6313.5,38.0,24,0
1782940355.617,600.679,300.0,79.14,100,60,90,5070.5,3776.4,301.1,79.15,100,59,86,5371.5,5562.8,291.4,79.15,100,60,89,4945.9,6274.3,280.3,79.14,100,60,86,5509.5,5855.1,38.0,24,0
1782940356.059,601.122,300.1,79.14,100,60,91,4891.3,4125.4,301.2,79.15,100,59,86,4816.7,5326.8,291.6,79.15,100,61,90,5352.5,5788.6,280.2,79.14,100,60,86,5492.7,5931.7,38.0,24,0
1782940356.502,601.565,300.2,79.14,100,60,91,4593.0,4226.3,301.2,79.15,100,59,86,5296.9,5329.3,292.4,79.15,100,61,90,5495.9,6105.6,280.2,79.14,100,60,86,4827.3,6231.1,38.0,24,0
1782940356.945,602.007,300.2,79.14,100,60,91,5542.0,3860.8,301.5,79.15,100,60,86,4927.4,5426.1,292.4,79.15,100,61,90,4914.4,6002.2,281.1,79.14,100,60,86,5411.6,5801.5,38.0,24,0
1782940357.389,602.452,299.9,79.14,100,60,91,4587.2,4179.9,300.8,79.15,100,59,86,5295.2,5250.2,292.7,79.15,100,61,90,5350.6,5808.5,281.3,79.14,100,59,86,5540.7,6026.3,38.0,24,0
1782940357.831,602.894,299.9,79.14,100,60,91,5051.2,3836.4,299.8,79.15,100,59,86,5336.0,5589.2,291.8,79.15,100,61,89,4931.0,6309.1,280.5,79.14,100,60,86,4853.6,6194.2,38.0,24,0
1782940358.274,603.337,299.9,79.14,100,60,91,5050.2,4188.4,299.6,79.15,100,59,86,4757.8,5397.1,291.4,79.15,100,61,90,5336.7,5737.3,280.0,79.14,100,60,86,5483.5,5645.5,38.0,24,0
1782940358.721,603.783,299.9,79.14,100,60,91,5055.5,3821.0,299.8,79.15,100,59,86,5346.1,5504.7,291.5,79.15,100,61,89,4935.3,6114.4,280.1,79.14,100,60,87,4794.1,6125.4,39.0,24,0
1782940359.166,604.228,300.1,79.14,100,60,91,5049.6,4174.1,300.2,79.15,100,60,86,4776.7,5424.9,292.0,79.15,100,61,89,4764.6,6237.4,280.6,79.14,100,60,87,5418.1,5689.2,39.0,24,0
1782940359.609,604.671,300.3,79.14,100,60,91,4493.7,4260.4,300.4,79.15,100,60,86,5271.5,5105.5,293.0,79.15,100,61,90,5466.5,5712.1,281.4,79.14,100,60,87,6045.7,6818.2,39.0,24,0
1782940360.057,605.120,299.9,79.14,100,59,90,5029.7,3885.0,299.5,79.15,100,60,86,4954.3,5545.1,292.3,79.15,100,61,90,4907.5,6070.9,280.8,79.14,100,60,86,5537.4,5687.6,39.0,24,0
1782940360.500,605.563,299.7,79.14,100,60,91,4558.5,4295.6,299.5,79.15,100,60,86,5352.3,5214.1,291.5,79.15,100,61,90,5426.0,5660.2,280.8,79.14,100,60,86,5502.0,5950.6,39.0,24,0
1782940360.943,606.005,300.2,79.14,100,60,91,5659.8,3733.9,299.3,79.15,100,59,86,5296.1,5477.5,291.5,79.15,100,61,90,4983.1,5982.2,279.8,79.14,100,60,86,5375.8,5514.8,39.0,24,0
1782940361.390,606.452,300.0,79.14,100,60,91,4616.2,4205.1,300.3,79.15,100,60,86,5031.4,5211.0,292.1,79.15,100,61,90,5501.3,5517.9,280.3,79.14,100,60,86,5461.3,6099.4,39.0,24,0
1782940361.832,606.894,300.0,79.14,100,60,91,4990.4,3810.0,300.0,79.15,100,59,86,5373.0,5583.4,291.6,79.15,100,60,89,4819.1,6131.5,280.1,79.14,100,59,86,4941.1,5901.7,39.0,24,0
1782940362.274,607.337,299.8,79.14,100,59,91,4856.5,4192.2,299.6,79.15,100,59,86,4746.3,5377.9,291.3,79.15,100,61,90,5338.6,5578.5,279.9,79.14,100,59,86,5575.7,5797.6,39.0,24,0
1782940362.717,607.780,299.8,79.14,100,60,91,5118.4,4113.9,299.4,79.15,100,59,86,5421.3,5465.0,290.7,79.15,100,60,89,4961.3,5984.7,279.7,79.14,100,60,87,4647.9,0.5,39.0,24,0
1782940363.499,608.562,292.9,79.14,100,61,91,13366.3,6063.5,287.7,79.15,99,35,86,495.3,17128.1,281.1,79.15,100,57,90,3.6,6473.2,267.7,79.14,99,50,87,11616.7,4.9,39.0,24,0
1782940363.940,609.003,290.9,79.14,99,44,91,2248.0,8559.2,289.4,79.15,99,49,87,10355.7,4986.2,281.1,79.15,100,57,90,13344.6,5.2,270.6,79.14,100,54,86,20753.2,6.0,39.0,24,0
1782940364.380,609.443,297.7,79.14,99,45,91,10353.2,4.3,291.4,79.15,99,41,86,20707.4,5.0,287.7,79.15,99,43,90,9753.7,9103.8,276.2,79.14,99,40,86,2.0,14763.4,39.0,24,0
1782940364.821,609.884,297.7,79.14,99,45,91,10352.6,4.4,287.9,79.15,99,43,86,18139.0,2219.9,280.0,79.15,99,45,90,1943.2,15286.0,268.2,79.14,99,46,87,1.9,8624.4,39.0,24,0
1782940365.264,610.326,299.7,79.14,99,50,91,18554.3,4.7,290.2,79.15,99,46,87,10362.8,8556.0,282.3,79.15,99,48,90,2.7,12207.5,274.3,79.14,99,47,87,4701.0,504.3,39.0,24,0
1782940365.706,610.769,302.0,79.14,100,53,91,14454.5,8.3,293.1,79.15,99,46,87,20227.9,11.0,287.2,79.15,99,52,90,18363.4,1681.3,277.1,79.14,99,45,87,10384.0,8598.4,39.0,24,0
1782940366.151,611.214,298.4,79.14,99,43,91,19991.4,15185.5,289.9,79.15,99,44,87,19948.9,4.6,283.8,79.15,99,43,90,1.9,4.5,268.3,79.14,98,23,88,20756.6,15991.0,39.0,24,0
1782940366.593,611.656,289.6,79.14,100,54,92,1.9,4.6,285.5,79.15,100,63,87,6627.9,16085.4,277.3,79.15,100,48,90,13880.3,4.4,268.8,79.14,100,50,87,2.7,9.8,39.0,24,0
1782940367.042,612.105,292.8,79.14,100,51,91,14304.1,4.9,292.8,79.15,100,60,87,1.8,4.1,283.7,79.15,100,50,90,20787.9,16017.0,276.8,79.14,100,52,87,35.6,4.3,39.0,24,0
1782940367.486,612.549,303.0,79.14,100,50,91,18047.4,15133.8,292.8,79.15,100,60,87,2.7,5.0,292.7,79.15,100,56,90,530.0,16768.4,276.8,79.14,100,52,87,20755.2,5.7,39.0,24,0
1782940367.927,612.989,299.0,79.14,100,44,91,4748.1,8.3,298.5,79.15,100,46,87,3.6,17126.7,292.7,79.15,100,56,90,20746.9,6.5,280.4,79.14,100,51,87,3.0,15774.3,39.0,24,0
1782940368.372,613.434,297.1,79.14,100,45,91,18777.3,10877.8,293.9,79.15,100,44,87,2.2,5.6,286.1,79.15,100,45,90,20756.1,17195.1,272.8,79.14,100,38,87,4.1,5.4,39.0,24,0
1782940368.813,613.875,297.1,79.14,100,45,91,2.0,5.7,286.9,79.15,100,44,87,20717.5,17105.3,276.5,79.15,100,40,90,2.4,4.7,267.8,79.14,100,45,87,2.7,12116.1,39.0,24,0
1782940369.255,614.318,298.4,79.14,100,45,91,2.0,7001.8,286.4,79.15,100,46,86,18617.6,11008.9,278.0,79.15,100,55,90,2.4,4.6,269.4,79.14,100,45,87,495.6,16860.0,39.0,24,0
1782940369.696,614.759,301.3,79.14,100,45,91,1.9,13199.3,292.4,79.15,100,46,87,19171.9,2422.6,283.4,79.15,100,45,90,11.4,7.0,276.7,79.14,100,57,87,12485.3,14905.7,39.0,24,0
1782940370.145,615.208,302.1,79.14,100,48,91,3.9,14905.1,294.7,79.15,100,46,86,17856.0,3850.6,285.3,79.15,100,46,89,1.9,5.0,276.4,79.14,100,46,86,8956.6,15266.0,39.0,24,0
1782940370.587,615.649,299.9,79.14,100,46,91,2.2,11881.8,295.3,79.15,100,54,87,20162.7,3286.3,287.0,79.15,100,49,90,4.2,5.1,276.0,79.14,100,48,87,12104.9,15482.1,39.0,24,0
1782940371.032,616.094,299.5,79.14,100,46,91,3.5,4.4,295.3,79.15,100,54,87,20252.0,17128.7,284.5,79.15,100,41,89,2.0,4.7,271.5,79.14,100,35,86,2.3,1555.9,39.0,24,0
1782940371.475,616.538,283.3,79.14,100,51,90,1.9,5.6,291.1,79.15,100,39,86,20726.0,17110.1,284.5,79.15,100,41,89,3.5,5.4,271.5,79.14,100,35,86,1082.1,16759.7,39.0,24,0
1782940371.916,616.979,276.5,79.14,100,40,91,18495.8,5662.3,283.7,79.15,100,45,86,6.7,1588.1,275.1,79.15,100,43,89,19293.7,15648.0,265.1,79.14,100,44,87,2.2,6.1,39.0,24,0
1782940372.358,617.421,276.5,79.14,100,40,91,20788.3,17310.1,280.0,79.15,99,37,86,20042.5,14751.9,274.7,79.15,100,42,90,15072.4,4.4,262.7,79.14,100,35,87,2.6,4.4,4.0,0,5
1782940372.799,617.862,289.0,79.14,98,37,91,18726.7,4.0,275.5,79.15,100,59,86,2.6,4.3,266.9,79.15,100,43,91,6363.1,14884.5,259.3,79.14,100,51,86,15934.7,4.5,4.0,0,5
1782940373.243,618.306,288.4,79.14,100,50,91,3.3,17117.9,287.9,79.15,100,65,87,20705.6,4.5,276.9,79.15,100,49,89,2.5,4.5,271.7,79.14,99,47,87,9541.1,14910.1,4.0,0,5
1782940373.686,618.749,293.6,79.14,100,50,90,1.9,6.9,301.3,79.15,100,61,87,20243.4,17114.6,294.0,79.15,100,60,90,6.1,7.7,286.4,79.14,100,59,87,495.4,16799.7,4.0,0,5
1782940374.134,619.197,300.4,79.14,100,45,91,12703.3,15333.4,296.4,79.15,100,45,86,9157.9,5.5,287.1,79.15,100,47,89,2.4,17231.6,277.2,79.14,100,46,87,20699.1,6.6,4.0,0,5
1782940374.574,619.637,299.3,79.14,100,44,90,2.4,5.8,290.1,79.15,100,46,86,20712.4,17104.3,281.9,79.15,100,46,89,2.6,11.1,271.1,79.14,100,45,87,17824.7,15042.2,4.0,0,5
1782940375.018,620.081,297.8,79.14,99,44,91,18704.9,13704.9,290.1,79.15,100,46,86,4.5,5.9,280.6,79.15,100,45,90,14476.6,15306.0,271.1,79.14,100,45,87,6968.7,4.8,4.0,0,5
1782940375.460,620.522,300.7,79.14,100,46,91,19352.3,5.6,289.2,79.15,100,48,87,2.2,5.0,280.6,79.15,100,45,90,20771.8,17201.3,270.6,79.14,100,45,87,2.0,4.7,4.0,0,5
1782940375.903,620.966,299.7,79.14,99,46,91,20705.4,4.5,289.7,79.15,100,45,85,2.8,7.4,281.0,79.15,100,46,89,17668.5,14845.3,270.7,79.14,100,46,87,4192.2,4.7,4.0,0,5
1782940376.346,621.408,299.7,79.14,99,46,91,18529.7,11953.4,292.7,79.15,100,56,87,1.9,4.7,287.4,79.15,100,58,90,1074.3,16759.9,277.1,79.14,100,56,87,20749.6,4.8,4.0,0,5
1782940376.787,621.849,300.4,79.14,100,48,91,20711.0,17109.8,295.4,79.15,100,48,86,2.8,4.8,286.4,79.15,100,48,91,2.0,15050.7,276.9,79.14,100,48,86,18344.4,3011.9,4.0,0,5
1782940377.233,622.296,302.3,79.14,100,53,91,13418.9,14631.4,298.1,79.15,100,54,87,9098.3,4.7,287.5,79.15,100,47,89,2.6,532.4,276.5,79.14,100,47,87,19408.8,17190.6,4.0,0,5
1782940378.131,623.194,300.7,79.14,100,47,91,2.5,5.5,292.3,79.15,100,42,87,6849.5,15312.0,285.4,79.15,100,44,90,14498.9,5.9,272.9,79.14,100,43,87,2.1,17248.8,4.0,0,5
1782940378.573,623.636,296.9,79.14,100,43,92,21491.4,16568.8,288.9,79.15,100,47,86,19740.6,17107.6,282.7,79.15,100,46,90,19779.4,17206.6,267.1,79.14,98,41,87,20264.0,17204.0,7.0,1,3
1782940379.015,624.077,282.9,79.14,100,55,91,1875.6,3.8,288.9,79.15,100,47,86,1.8,4.2,268.3,79.15,100,55,90,10150.8,14745.2,267.1,79.14,98,41,87,12272.7,5.1,7.0,1,3
1782940379.457,624.520,273.7,79.14,100,52,91,1.8,17116.9,275.9,79.15,100,40,85,20708.0,6.9,268.3,79.15,100,55,90,2.3,4.7,263.7,79.14,100,66,87,6594.1,14596.6,7.0,1,3
1782940379.900,624.963,288.7,79.14,100,52,91,1.9,4.6,284.6,79.15,100,48,87,20739.4,17115.9,277.5,79.15,100,60,90,6.2,4.7,270.0,79.14,100,59,87,1.9,15557.3,7.0,1,3
1782940380.355,625.418,288.7,79.14,100,52,91,3.0,9152.6,298.5,79.15,100,47,87,18466.6,9045.8,292.1,79.15,100,50,90,2.2,5.5,279.1,79.14,100,46,87,20774.1,17194.5,7.0,1,3
1782940380.796,625.858,298.4,79.14,100,48,91,18247.0,4.7,295.2,79.15,100,43,87,2.2,4574.7,287.3,79.15,100,43,90,16439.0,15275.6,275.5,79.14,100,44,87,2.2,6.2,7.0,1,3
1782940381.244,626.307,292.2,79.14,100,39,90,3.6,4.9,284.0,79.15,100,40,86,15456.1,14917.5,278.0,79.15,100,42,90,6518.0,4.9,263.8,79.14,100,36,87,2.9,9670.4,7.0,1,3
1782940381.686,626.749,277.4,79.14,100,46,91,2.2,140.6,279.7,79.15,100,45,87,22199.8,14875.4,270.8,79.15,100,45,90,4.9,7.4,263.3,79.14,100,57,87,1086.5,16754.2,7.0,1,3
1782940382.133,627.196,277.9,79.14,100,46,91,1.9,17118.5,286.4,79.15,100,48,86,20690.5,5.4,276.2,79.15,100,46,90,2.4,4.8,269.6,79.14,100,47,86,14583.8,14834.1,7.0,1,3
1782940382.575,627.638,297.9,79.14,100,49,90,2.1,5621.1,294.2,79.15,100,57,87,18178.1,12945.4,287.4,79.15,100,59,90,2.7,4.8,277.3,79.14,100,55,87,492.2,17284.3,7.0,1,3
1782940383.016,628.079,300.4,79.14,100,47,91,1.9,4.2,294.2,79.15,100,57,87,20729.9,15875.2,286.8,79.15,100,48,90,48.4,4.8,277.3,79.14,100,55,87,2.8,5622.5,7.0,1,3
1782940383.459,628.522,300.5,79.14,100,46,91,2.6,4.7,295.0,79.15,100,48,86,16424.7,15032.7,286.8,79.15,100,48,90,5277.3,4.7,277.6,79.14,100,48,86,2.6,539.4,7.0,1,3
1782940383.902,628.965,298.8,79.14,100,47,91,1.9,4.5,296.2,79.15,100,52,87,9087.0,15320.6,286.7,79.15,100,47,90,12484.2,5.1,276.4,79.14,100,54,87,1.8,3984.4,7.0,1,3
1782940384.346,629.409,298.8,79.14,100,47,91,5.1,17114.8,294.1,79.15,100,46,86,20705.1,6.1,287.5,79.15,100,49,90,3.1,3224.4,276.0,79.14,100,45,87,18803.5,14754.5,7.0,1,3
1782940384.786,629.849,298.7,79.14,100,46,91,2.3,8.0,291.4,79.15,100,45,85,5372.3,16388.4,283.1,79.15,100,44,90,13199.7,5.9,270.2,79.14,100,46,86,2.1,17988.6,10.0,3,1
1782940385.236,630.298,297.7,79.14,100,44,91,2.3,13428.4,285.4,79.15,98,20,85,3484.4,4.0,279.4,79.15,98,36,90,18637.0,1900.0,266.3,79.14,99,47,87,1071.8,16733.5,10.0,3,1
1782940385.676,630.739,298.6,79.14,100,62,90,15852.0,4.7,290.1,79.15,99,47,87,10362.3,8559.0,281.8,79.15,100,60,90,1003.3,16738.9,274.0,79.14,100,59,86,7.2,13250.6,10.0,3,1
1782940386.122,631.185,297.5,79.14,99,45,91,16088.2,5.7,294.3,79.15,99,42,86,20705.3,5.6,283.8,79.15,99,43,90,12881.7,6623.4,276.4,79.14,99,44,87,6903.9,11463.9,10.0,3,1
1782940386.563,631.626,299.7,79.14,99,45,91,1.9,17112.2,288.4,79.15,99,45,86,1.9,4951.4,281.7,79.15,99,47,90,13344.0,4.8,267.3,79.14,99,44,87,12729.5,6685.2,10.0,3,1
1782940387.008,632.071,299.9,79.14,99,49,91,2.4,9945.5,288.4,79.15,99,45,86,7378.7,4.2,282.1,79.15,99,49,89,20521.7,5.8,267.3,79.14,99,44,87,4896.7,13106.2,10.0,3,1
1782940387.449,632.512,301.7,79.14,100,53,91,4405.4,4.5,289.7,79.15,99,47,87,19531.0,4.5,282.1,79.15,99,49,89,10388.3,8601.2,273.3,79.14,99,46,87,1.9,12075.3,10.0,3,1
1782940387.893,632.955,300.2,79.14,99,46,91,2.1,17111.6,293.2,79.15,99,45,87,2.2,13330.4,287.9,79.15,100,55,89,3470.2,8609.4,277.1,79.14,99,51,87,10377.6,5.4,10.0,3,1
1782940388.335,633.397,300.2,79.14,99,46,91,2909.8,2502.1,292.0,79.15,99,41,85,3008.1,3076.9,283.6,79.15,99,45,90,2986.8,3125.0,273.8,79.14,99,44,86,2911.2,2729.1,12.0,7,0
1782940388.776,633.839,299.9,79.14,99,58,91,2811.8,2334.7,292.1,79.15,99,61,86,3065.3,3580.3,282.4,79.15,99,62,89,3054.5,3560.7,271.9,79.14,99,61,86,3032.9,3278.7,12.0,8,0
1782940389.224,634.287,303.7,79.14,99,60,91,2804.1,2339.3,297.4,79.15,99,60,86,3046.0,3743.6,289.4,79.15,99,62,89,3021.5,3647.3,276.4,79.14,99,61,86,2973.5,3224.0,12.0,8,0
1782940389.666,634.729,304.0,79.14,99,61,90,2824.0,2340.6,303.5,79.15,99,60,86,3869.1,3862.7,294.4,79.15,99,62,90,3263.5,3835.4,281.0,79.14,99,61,86,2985.3,3093.0,12.0,8,0
1782940390.117,635.180,300.1,79.14,99,61,90,2783.7,2323.1,302.5,79.15,99,61,86,3024.2,3692.9,294.5,79.15,99,62,90,3017.2,3507.0,281.5,79.14,99,61,86,3071.1,3209.6,12.0,8,0
1782940390.560,635.622,300.0,79.14,99,61,90,2825.9,2302.7,301.5,79.15,99,61,86,3024.7,3577.5,295.3,79.15,99,63,90,2988.5,3685.1,282.2,79.14,99,61,86,3065.9,3204.0,12.0,8,0
1782940391.002,636.064,300.0,79.14,99,61,90,2827.6,2339.3,301.5,79.15,99,61,86,3027.4,3444.1,296.6,79.15,99,62,90,3061.1,3855.4,282.2,79.14,99,61,86,2959.6,3290.1,12.0,8,0
1782940391.444,636.506,300.0,79.14,99,61,90,2805.2,2336.0,300.9,79.15,99,61,86,3029.9,3570.4,296.6,79.15,99,62,90,3013.2,3544.1,282.7,79.14,99,61,86,2965.4,3278.4,12.0,8,0
1782940391.886,636.949,300.0,79.14,99,61,90,2824.6,2302.3,300.0,79.15,99,61,86,3118.1,3538.6,296.7,79.15,99,62,90,3109.4,3495.7,282.3,79.14,99,61,86,2977.1,3240.5,12.0,8,0
1782940392.330,637.392,300.0,79.14,99,61,90,2865.6,2304.0,299.9,79.15,99,61,86,3012.4,3584.8,296.6,79.15,99,62,90,3061.9,3614.3,282.0,79.14,99,61,86,2958.0,3246.7,12.0,8,0
1782940392.771,637.834,300.0,79.14,99,61,90,2807.0,2330.7,300.0,79.15,99,61,86,3007.1,3465.4,296.6,79.15,99,62,90,3036.8,3610.7,282.3,79.14,99,61,86,2941.9,3262.7,12.0,8,0
1782940393.215,638.278,300.0,79.14,99,61,90,2824.8,2320.0,300.1,79.15,99,61,86,3018.2,3659.3,296.5,79.15,99,62,90,3044.1,3662.3,282.5,79.14,99,61,86,2949.9,3346.8,12.0,8,0
1782940393.657,638.720,300.0,79.14,99,61,90,2836.4,2339.5,300.0,79.15,99,61,86,3047.4,3686.9,296.1,79.15,99,62,90,3280.6,3593.6,282.3,79.14,99,61,86,2969.6,3119.7,12.0,8,0
1782940394.103,639.166,300.0,79.14,99,61,90,2804.4,2378.4,299.9,79.15,99,61,86,3011.4,3485.9,295.5,79.15,99,62,90,3009.1,3551.0,281.9,79.14,99,61,86,2944.9,3164.9,12.0,8,0
1782940394.547,639.610,300.0,79.14,99,61,90,2805.1,2348.6,299.8,79.15,99,61,86,3069.1,3384.1,295.4,79.15,99,62,90,3052.0,3558.6,281.7,79.14,99,61,86,3044.6,3203.7,12.0,8,0
1782940394.989,640.052,300.0,79.14,99,61,90,2826.2,2358.1,299.8,79.15,99,61,86,3227.7,3546.2,295.3,79.15,99,62,90,3046.2,3579.3,281.7,79.14,99,61,86,2954.6,3040.6,12.0,8,0
1782940395.435,640.498,300.0,79.14,99,60,90,2856.5,2350.0,299.6,79.15,99,60,86,3060.5,3524.2,295.3,79.15,99,62,90,3050.4,3347.1,281.1,79.14,99,61,86,3036.8,3125.0,12.0,8,0
1782940395.877,640.940,300.0,79.14,99,60,90,2824.1,2306.6,299.2,79.15,99,60,86,3028.6,3727.9,294.4,79.15,99,61,90,3126.8,3502.6,280.0,79.14,99,61,86,2978.7,3146.7,12.0,8,0
1782940396.320,641.382,300.0,79.14,99,60,90,2970.7,2374.3,299.8,79.15,99,60,86,3048.2,3459.2,294.2,79.15,99,62,90,3049.1,3518.4,280.1,79.14,99,61,86,2977.5,3153.4,12.0,8,0
1782940396.762,641.824,300.0,79.14,99,60,90,2907.7,2389.6,300.2,79.15,99,60,86,3171.6,3407.1,294.5,79.15,99,61,90,3065.2,3476.8,280.4,79.14,99,60,86,2970.8,3033.2,12.0,8,0
1782940397.206,642.269,300.0,79.14,99,60,91,2885.0,2389.8,299.4,79.15,99,60,86,3087.1,3404.9,293.4,79.15,99,61,90,3207.7,3305.0,279.0,79.14,99,60,86,2972.4,2996.1,12.0,8,0
1782940397.649,642.712,299.9,79.14,99,60,91,2867.5,2373.7,298.6,79.15,99,59,86,3063.6,3622.1,292.0,79.15,99,61,90,3410.0,3704.8,277.6,79.14,99,60,86,2988.0,3226.2,12.0,8,0
1782940398.098,643.161,300.0,79.14,99,60,91,2906.3,2350.8,299.5,79.15,99,61,86,3063.4,3573.9,292.5,79.15,99,62,90,3068.2,3503.3,278.5,79.14,99,60,86,2987.2,3121.1,12.0,8,0
1782940398.541,643.604,300.0,79.14,99,60,90,2864.7,2379.5,299.5,79.15,99,61,86,3077.1,3614.1,293.6,79.15,99,62,90,3087.0,3492.9,279.5,79.14,99,60,86,3001.1,3151.2,12.0,8,0
1782940398.985,644.048,300.0,79.14,99,60,90,2807.2,2319.3,300.3,79.15,99,60,86,3062.2,3516.2,293.6,79.15,99,62,90,3063.7,3495.4,279.5,79.14,99,60,86,3002.3,3118.2,12.0,8,0
1782940399.430,644.493,300.0,79.14,99,60,91,2845.0,2359.7,300.7,79.15,99,61,86,3129.6,3427.5,294.4,79.15,99,62,90,3041.9,3384.1,280.0,79.14,99,61,86,2972.1,3135.8,12.0,8,0
1782940399.874,644.936,300.0,79.14,99,60,90,2865.3,2386.8,300.4,79.15,99,60,86,3056.6,3751.0,294.3,79.15,99,61,90,3038.2,3454.0,279.9,79.14,99,61,86,3125.6,3062.3,12.0,8,0
1782940400.318,645.381,300.0,79.14,99,60,90,2823.8,2338.7,300.0,79.15,99,60,86,3110.9,3550.0,293.7,79.15,99,62,90,3031.3,3538.5,279.3,79.14,99,60,86,2965.5,3191.8,12.0,8,0
1782940400.760,645.823,300.0,79.14,99,60,90,2912.8,2357.4,300.0,79.15,99,60,86,3085.9,3446.7,293.8,79.15,99,62,90,3023.4,3441.4,279.7,79.14,99,61,86,3185.4,3157.6,13.0,8,0
1782940401.205,646.268,300.0,79.14,99,60,90,2804.2,2466.5,299.9,79.15,99,60,86,3046.4,3498.3,294.1,79.15,99,61,90,3044.6,3704.6,279.8,79.14,99,61,86,2965.0,3150.6,13.0,8,0
1782940401.648,646.711,300.0,79.14,99,60,90,2824.0,2341.2,299.8,79.15,99,60,86,3049.9,3543.2,293.7,79.15,99,62,90,3045.4,3998.1,279.7,79.14,99,61,86,2967.9,3058.9,13.0,8,0
1782940402.097,647.160,300.0,79.14,99,60,90,2851.7,2357.5,300.0,79.15,99,60,86,3070.1,3443.8,293.7,79.15,99,62,90,3042.0,3408.7,279.8,79.14,99,60,86,2974.5,3209.3,13.0,8,0
1782940402.539,647.602,300.0,79.14,99,60,91,2859.5,2374.3,300.0,79.15,99,60,86,3147.1,3556.5,292.9,79.15,99,61,90,3068.9,3402.6,279.4,79.14,99,60,86,2957.0,2953.1,13.0,8,0
1782940402.982,648.045,300.0,79.14,99,60,91,2849.3,2352.9,299.6,79.15,99,60,86,3039.4,3473.2,292.9,79.15,99,61,90,3068.8,3574.3,279.4,79.14,99,60,86,2981.6,3036.8,13.0,8,0
1782940403.429,648.491,300.0,79.14,99,60,90,2859.6,2356.0,299.5,79.15,99,60,86,3062.7,3415.8,292.8,79.15,99,61,90,3065.1,3395.0,279.4,79.14,99,60,86,2980.1,3192.7,13.0,8,0
1782940403.870,648.933,300.0,79.14,99,60,91,2806.2,2355.8,299.4,79.15,99,60,86,3197.0,3674.5,292.6,79.15,99,61,90,3079.6,3481.7,279.1,79.14,99,60,86,2962.2,3267.5,13.0,8,0
1782940404.312,649.375,300.0,79.14,99,60,91,2864.3,2344.0,299.6,79.15,99,60,86,3070.1,3608.8,292.8,79.15,99,62,90,3052.9,3480.2,278.9,79.14,99,61,86,2975.1,3185.1,13.0,8,0
1782940404.754,649.817,300.0,79.14,99,60,91,3298.3,2395.8,300.6,79.15,99,60,86,3087.8,3443.1,293.5,79.15,99,62,90,3027.2,3489.6,279.2,79.14,99,61,87,2980.9,3068.1,13.0,8,0
1782940405.203,650.265,300.0,79.14,99,60,91,2844.8,2323.0,300.8,79.15,99,60,86,3075.9,3616.8,294.0,79.15,99,62,90,3210.8,3315.6,279.3,79.14,99,61,86,2983.0,3038.1,13.0,8,0
1782940405.648,650.711,300.0,79.14,99,60,90,2889.0,2367.0,300.3,79.15,99,60,86,3074.7,4133.2,293.7,79.15,99,61,90,3058.2,4053.8,279.1,79.14,99,61,86,3049.3,3024.6,13.0,8,0
1782940406.097,651.159,300.0,79.14,99,60,91,2824.2,2346.1,300.2,79.15,99,60,86,3054.6,3497.0,293.7,79.15,99,62,90,3029.6,3504.9,279.0,79.14,99,61,86,2966.3,3094.2,13.0,8,0
1782940406.539,651.601,300.0,79.14,99,60,90,2844.1,2311.0,300.2,79.15,99,60,86,3045.8,3418.4,294.2,79.15,99,62,90,3021.3,3594.5,279.3,79.14,99,61,86,2961.2,2985.7,13.0,8,0
1782940406.980,652.043,300.0,79.14,99,60,91,2872.3,2432.5,300.2,79.15,99,60,86,3032.3,3486.4,294.2,79.15,99,62,90,3076.2,3571.3,279.3,79.14,99,61,86,2957.8,3179.6,13.0,8,0
1782940407.423,652.485,300.0,79.14,99,60,91,2847.1,1524.4,300.2,79.15,99,60,86,0.7,0.5,294.3,79.15,99,62,90,2.3,0.5,279.7,79.14,99,61,86,0.7,0.5,13.0,8,0
1782940407.864,652.927,300.0,79.14,99,60,91,3.6,0.5,291.1,79.15,36,22,85,1.2,0.4,288.5,79.15,60,37,87,0.6,2.2,253.2,79.14,0,0,84,2.7,0.4,13.0,8,0
