{
  "num_samples": 1274,
  "duration_s": 573.8116838932037,
  "mean_power_w": 983.7485800627943,
  "max_power_w": 1162.583,
  "min_power_w": 110.279,
  "p50_power_w": 943.7860000000001,
  "p95_power_w": 1155.774,
  "mean_gpu_util_pct": 96.11165620094191,
  "max_gpu_util_pct": 100.0,
  "mean_gpu_mem_bw_util_pct": 27.508830455259027,
  "max_gpu_mem_bw_util_pct": 43.0,
  "mean_gpu_mem_used_gb": 343.688232421875,
  "max_gpu_mem_used_gb": 343.688232421875,
  "mean_gpu_temp_c": 88.59419152276296,
  "max_gpu_temp_c": 92.0,
  "mean_pcie_tx_mb_s": 33823.55759035886,
  "max_pcie_tx_mb_s": 100093.564453125,
  "mean_pcie_rx_mb_s": 43013.134669041894,
  "max_pcie_rx_mb_s": 129568.3642578125,
  "mean_kv_cache_pct": 61.926829268292686,
  "max_kv_cache_pct": 100.0,
  "p50_kv_cache_pct": 66.0,
  "p95_kv_cache_pct": 100.0,
  "mean_requests_running": 28.930763178599527,
  "max_requests_running": 59.0,
  "mean_requests_waiting": 12.41778127458694,
  "max_requests_waiting": 37.0
}