{
  "num_samples": 1005,
  "duration_s": 430.9955623149872,
  "mean_power_w": 952.2936049751244,
  "max_power_w": 1214.509,
  "min_power_w": 98.208,
  "p50_power_w": 891.265,
  "p95_power_w": 1200.549,
  "mean_gpu_util_pct": 92.18582089552238,
  "max_gpu_util_pct": 100.0,
  "mean_gpu_mem_bw_util_pct": 34.96492537313433,
  "max_gpu_mem_bw_util_pct": 62.75,
  "mean_gpu_mem_used_gb": 367.400634765625,
  "max_gpu_mem_used_gb": 367.400634765625,
  "mean_gpu_temp_c": 87.12537313432836,
  "max_gpu_temp_c": 93.0,
  "mean_pcie_tx_mb_s": 50819.02020464086,
  "max_pcie_tx_mb_s": 135655.861328125,
  "mean_pcie_rx_mb_s": 46400.9506831079,
  "max_pcie_rx_mb_s": 114974.36328125,
  "mean_kv_cache_pct": 44.448213478064226,
  "max_kv_cache_pct": 73.33333333333334,
  "p50_kv_cache_pct": 48.18181818181818,
  "p95_kv_cache_pct": 72.72727272727273,
  "mean_requests_running": 27.49054726368159,
  "max_requests_running": 40.0,
  "mean_requests_waiting": 4.521393034825871,
  "max_requests_waiting": 30.0
}