{
  "num_samples": 645,
  "duration_s": 222.80270719528198,
  "mean_power_w": 571.7564697674419,
  "max_power_w": 610.9970000000001,
  "min_power_w": 191.34300000000002,
  "p50_power_w": 599.9839999999999,
  "p95_power_w": 600.0609999999999,
  "mean_gpu_util_pct": 93.14573643410853,
  "max_gpu_util_pct": 100.0,
  "mean_gpu_mem_bw_util_pct": 63.903875968992246,
  "max_gpu_mem_bw_util_pct": 73.0,
  "mean_gpu_mem_used_gb": 169.99503769985466,
  "max_gpu_mem_used_gb": 170.70361328125,
  "mean_gpu_temp_c": 85.04806201550387,
  "max_gpu_temp_c": 89.0,
  "mean_pcie_tx_mb_s": 6247.406389292636,
  "max_pcie_tx_mb_s": 44917.4462890625,
  "mean_pcie_rx_mb_s": 6186.099506419574,
  "max_pcie_rx_mb_s": 43149.0146484375,
  "mean_kv_cache_pct": 31.136870062612946,
  "max_kv_cache_pct": 46.745516978252574,
  "p50_kv_cache_pct": 36.15413964135826,
  "p95_kv_cache_pct": 45.8374666157955,
  "mean_requests_running": 29.133333333333333,
  "max_requests_running": 32.0,
  "mean_requests_waiting": 0.0,
  "max_requests_waiting": 0.0
}