{
  "num_samples": 105,
  "duration_s": 45.98149394989014,
  "mean_power_w": 549.1039428571429,
  "max_power_w": 723.7280000000001,
  "min_power_w": 320.611,
  "p50_power_w": 618.155,
  "p95_power_w": 635.328,
  "mean_gpu_util_pct": 74.99761904761905,
  "max_gpu_util_pct": 100.0,
  "mean_gpu_mem_bw_util_pct": 14.702380952380953,
  "max_gpu_mem_bw_util_pct": 19.75,
  "mean_gpu_mem_used_gb": 325.555419921875,
  "max_gpu_mem_used_gb": 325.555419921875,
  "mean_gpu_temp_c": 72.18095238095238,
  "max_gpu_temp_c": 76.0,
  "mean_pcie_tx_mb_s": 1220.7783668154761,
  "max_pcie_tx_mb_s": 40274.5107421875,
  "mean_pcie_rx_mb_s": 1730.967699032738,
  "max_pcie_rx_mb_s": 56586.1552734375,
  "mean_kv_cache_pct": 0.37142857142857144,
  "max_kv_cache_pct": 1.0,
  "p50_kv_cache_pct": 0.0,
  "p95_kv_cache_pct": 1.0,
  "mean_requests_running": 0.9714285714285714,
  "max_requests_running": 1.0,
  "mean_requests_waiting": 0.0,
  "max_requests_waiting": 0.0
}