{
  "num_samples": 3691,
  "duration_s": 1581.9706654548645,
  "mean_power_w": 851.0630132755351,
  "max_power_w": 1028.0729999999999,
  "min_power_w": 78.877,
  "p50_power_w": 872.867,
  "p95_power_w": 1000.067,
  "mean_gpu_util_pct": 92.8026957464102,
  "max_gpu_util_pct": 100.0,
  "mean_gpu_mem_bw_util_pct": 25.308249796803036,
  "max_gpu_mem_bw_util_pct": 52.25,
  "mean_gpu_mem_used_gb": 367.381103515625,
  "max_gpu_mem_used_gb": 367.381103515625,
  "mean_gpu_temp_c": 86.60823625033866,
  "max_gpu_temp_c": 92.0,
  "mean_pcie_tx_mb_s": 47191.42203877464,
  "max_pcie_tx_mb_s": 149603.3017578125,
  "mean_pcie_rx_mb_s": 42307.24711714305,
  "max_pcie_rx_mb_s": 123637.0048828125,
  "mean_kv_cache_pct": 25.893779299360443,
  "max_kv_cache_pct": 43.18181818181818,
  "p50_kv_cache_pct": 26.81818181818182,
  "p95_kv_cache_pct": 42.42424242424242,
  "mean_requests_running": 4.957193172581956,
  "max_requests_running": 8.0,
  "mean_requests_waiting": 1.7437008940666485,
  "max_requests_waiting": 6.0
}