{
  "num_samples": 3739,
  "duration_s": 1666.549156665802,
  "mean_power_w": 788.6190238031559,
  "max_power_w": 937.726,
  "min_power_w": 105.59100000000001,
  "p50_power_w": 763.241,
  "p95_power_w": 932.563,
  "mean_gpu_util_pct": 98.48308371222252,
  "max_gpu_util_pct": 100.0,
  "mean_gpu_mem_bw_util_pct": 23.372760096282427,
  "max_gpu_mem_bw_util_pct": 25.75,
  "mean_gpu_mem_used_gb": 343.688232421875,
  "max_gpu_mem_used_gb": 343.688232421875,
  "mean_gpu_temp_c": 86.73014174913078,
  "max_gpu_temp_c": 90.0,
  "mean_pcie_tx_mb_s": 9818.345387354992,
  "max_pcie_tx_mb_s": 64512.578125,
  "mean_pcie_rx_mb_s": 12629.680854464763,
  "max_pcie_rx_mb_s": 94986.1064453125,
  "mean_kv_cache_pct": 7.787911206204868,
  "max_kv_cache_pct": 8.0,
  "p50_kv_cache_pct": 8.0,
  "p95_kv_cache_pct": 8.0,
  "mean_requests_running": 1.8954265846483016,
  "max_requests_running": 2.0,
  "mean_requests_waiting": 0.0,
  "max_requests_waiting": 0.0
}