{
  "num_samples": 2255,
  "duration_s": 962.4789741039276,
  "mean_power_w": 933.3107467849223,
  "max_power_w": 959.403,
  "min_power_w": 346.411,
  "p50_power_w": 951.129,
  "p95_power_w": 957.254,
  "mean_gpu_util_pct": 97.1430155210643,
  "max_gpu_util_pct": 99.0,
  "mean_gpu_mem_bw_util_pct": 37.35022172949002,
  "max_gpu_mem_bw_util_pct": 39.75,
  "mean_gpu_mem_used_gb": 367.381103515625,
  "max_gpu_mem_used_gb": 367.381103515625,
  "mean_gpu_temp_c": 87.41419068736143,
  "max_gpu_temp_c": 89.0,
  "mean_pcie_tx_mb_s": 8251.947662312916,
  "max_pcie_tx_mb_s": 80920.740234375,
  "mean_pcie_rx_mb_s": 9815.902111193875,
  "max_pcie_rx_mb_s": 68807.8857421875,
  "mean_kv_cache_pct": 1.7147080561714712,
  "max_kv_cache_pct": 2.2727272727272707,
  "p50_kv_cache_pct": 1.8181818181818188,
  "p95_kv_cache_pct": 1.8181818181818188,
  "mean_requests_running": 1.9188470066518848,
  "max_requests_running": 2.0,
  "mean_requests_waiting": 0.0,
  "max_requests_waiting": 0.0
}