{
  "num_samples": 8560,
  "duration_s": 2938.8523485660553,
  "mean_power_w": 576.4306644859813,
  "max_power_w": 612.684,
  "min_power_w": 44.230000000000004,
  "p50_power_w": 599.97,
  "p95_power_w": 603.021,
  "mean_gpu_util_pct": 94.84094626168225,
  "max_gpu_util_pct": 100.0,
  "mean_gpu_mem_bw_util_pct": 32.100642523364485,
  "max_gpu_mem_bw_util_pct": 62.0,
  "mean_gpu_mem_used_gb": 176.45361328125,
  "max_gpu_mem_used_gb": 176.45361328125,
  "mean_gpu_temp_c": 87.64672897196262,
  "max_gpu_temp_c": 92.0,
  "mean_pcie_tx_mb_s": 6360.301833792713,
  "max_pcie_tx_mb_s": 54646.255859375,
  "mean_pcie_rx_mb_s": 6378.283054473021,
  "max_pcie_rx_mb_s": 54029.1455078125,
  "mean_kv_cache_pct": 42.556171041230606,
  "max_kv_cache_pct": 63.48721861884776,
  "p50_kv_cache_pct": 62.51812285387257,
  "p95_kv_cache_pct": 63.37275848912629,
  "mean_requests_running": 1.3602803738317757,
  "max_requests_running": 2.0,
  "mean_requests_waiting": 0.0,
  "max_requests_waiting": 0.0
}