{
  "num_samples": 606,
  "duration_s": 259.32577538490295,
  "mean_power_w": 938.5262062706271,
  "max_power_w": 1020.5360000000001,
  "min_power_w": 102.977,
  "p50_power_w": 999.946,
  "p95_power_w": 1000.18,
  "mean_gpu_util_pct": 90.83333333333333,
  "max_gpu_util_pct": 99.5,
  "mean_gpu_mem_bw_util_pct": 39.15346534653465,
  "max_gpu_mem_bw_util_pct": 47.25,
  "mean_gpu_mem_used_gb": 335.44140625,
  "max_gpu_mem_used_gb": 335.44140625,
  "mean_gpu_temp_c": 87.08910891089108,
  "max_gpu_temp_c": 90.0,
  "mean_pcie_tx_mb_s": 30675.233701397483,
  "max_pcie_tx_mb_s": 64617.13671875,
  "mean_pcie_rx_mb_s": 25858.820238371492,
  "max_pcie_rx_mb_s": 54325.2880859375,
  "mean_kv_cache_pct": 19.851832641462636,
  "max_kv_cache_pct": 36.17516181229773,
  "p50_kv_cache_pct": 32.33661452714851,
  "p95_kv_cache_pct": 35.866145271485074,
  "mean_requests_running": 43.853135313531354,
  "max_requests_running": 56.0,
  "mean_requests_waiting": 0.0,
  "max_requests_waiting": 0.0
}