{
  "num_samples": 730,
  "duration_s": 312.94305753707886,
  "mean_power_w": 868.7742260273973,
  "max_power_w": 1028.843,
  "min_power_w": 104.062,
  "p50_power_w": 999.868,
  "p95_power_w": 1000.1030000000001,
  "mean_gpu_util_pct": 92.17739726027398,
  "max_gpu_util_pct": 100.0,
  "mean_gpu_mem_bw_util_pct": 38.178082191780824,
  "max_gpu_mem_bw_util_pct": 57.0,
  "mean_gpu_mem_used_gb": 367.381103515625,
  "max_gpu_mem_used_gb": 367.381103515625,
  "mean_gpu_temp_c": 87.02328767123288,
  "max_gpu_temp_c": 90.0,
  "mean_pcie_tx_mb_s": 42294.11943760702,
  "max_pcie_tx_mb_s": 149412.8251953125,
  "mean_pcie_rx_mb_s": 40983.89277745077,
  "max_pcie_rx_mb_s": 100307.4404296875,
  "mean_kv_cache_pct": 32.86176836861768,
  "max_kv_cache_pct": 48.484848484848484,
  "p50_kv_cache_pct": 34.3939393939394,
  "p95_kv_cache_pct": 48.484848484848484,
  "mean_requests_running": 30.247945205479454,
  "max_requests_running": 40.0,
  "mean_requests_waiting": 1.8136986301369864,
  "max_requests_waiting": 20.0
}