{
  "num_samples": 354,
  "duration_s": 151.26374578475952,
  "mean_power_w": 940.4233389830508,
  "max_power_w": 1029.58,
  "min_power_w": 375.266,
  "p50_power_w": 999.9739999999999,
  "p95_power_w": 1000.116,
  "mean_gpu_util_pct": 89.89618644067797,
  "max_gpu_util_pct": 100.0,
  "mean_gpu_mem_bw_util_pct": 42.443502824858754,
  "max_gpu_mem_bw_util_pct": 50.0,
  "mean_gpu_mem_used_gb": 326.41015625,
  "max_gpu_mem_used_gb": 326.41015625,
  "mean_gpu_temp_c": 86.92090395480226,
  "max_gpu_temp_c": 89.0,
  "mean_pcie_tx_mb_s": 18114.208454713982,
  "max_pcie_tx_mb_s": 28267.537109375,
  "mean_pcie_rx_mb_s": 16408.789434917904,
  "max_pcie_rx_mb_s": 23601.4638671875,
  "mean_kv_cache_pct": 5.45539067599143,
  "max_kv_cache_pct": 9.731312252712865,
  "p50_kv_cache_pct": 6.377223595303006,
  "p95_kv_cache_pct": 9.398237034994118,
  "mean_requests_running": 40.03954802259887,
  "max_requests_running": 48.0,
  "mean_requests_waiting": 0.0,
  "max_requests_waiting": 0.0
}