{
  "num_samples": 592,
  "duration_s": 254.3068506717682,
  "mean_power_w": 923.2641773648648,
  "max_power_w": 1003.598,
  "min_power_w": 111.357,
  "p50_power_w": 980.187,
  "p95_power_w": 1000.28,
  "mean_gpu_util_pct": 91.47804054054055,
  "max_gpu_util_pct": 100.0,
  "mean_gpu_mem_bw_util_pct": 33.7664695945946,
  "max_gpu_mem_bw_util_pct": 47.25,
  "mean_gpu_mem_used_gb": 335.44140625,
  "max_gpu_mem_used_gb": 335.44140625,
  "mean_gpu_temp_c": 87.32770270270271,
  "max_gpu_temp_c": 89.0,
  "mean_pcie_tx_mb_s": 39827.36542902766,
  "max_pcie_tx_mb_s": 61186.544921875,
  "mean_pcie_rx_mb_s": 34123.8190538561,
  "max_pcie_rx_mb_s": 50495.384765625,
  "mean_kv_cache_pct": 26.545287702751295,
  "max_kv_cache_pct": 61.92691477885652,
  "p50_kv_cache_pct": 19.294992808342325,
  "p95_kv_cache_pct": 61.099874145990654,
  "mean_requests_running": 71.91047297297297,
  "max_requests_running": 96.0,
  "mean_requests_waiting": 0.0,
  "max_requests_waiting": 0.0
}