{
  "num_samples": 17028,
  "duration_s": 7289.148044347763,
  "mean_power_w": 900.3659805027014,
  "max_power_w": 1028.943,
  "min_power_w": 81.53,
  "p50_power_w": 868.059,
  "p95_power_w": 1000.021,
  "mean_gpu_util_pct": 98.558286351891,
  "max_gpu_util_pct": 100.0,
  "mean_gpu_mem_bw_util_pct": 24.707892882311487,
  "max_gpu_mem_bw_util_pct": 54.75,
  "mean_gpu_mem_used_gb": 373.09765625,
  "max_gpu_mem_used_gb": 373.09765625,
  "mean_gpu_temp_c": 86.66067653276956,
  "max_gpu_temp_c": 92.0,
  "mean_pcie_tx_mb_s": 44199.39762966236,
  "max_pcie_tx_mb_s": 126555.466796875,
  "mean_pcie_rx_mb_s": 37154.75206427006,
  "max_pcie_rx_mb_s": 103382.4482421875,
  "mean_kv_cache_pct": 8.258467218196026,
  "max_kv_cache_pct": 9.34915498022294,
  "p50_kv_cache_pct": 9.235661632506298,
  "p95_kv_cache_pct": 9.327804746494062,
  "mean_requests_running": 1.790169133192389,
  "max_requests_running": 2.0,
  "mean_requests_waiting": 0.0,
  "max_requests_waiting": 0.0
}