{
  "num_samples": 2463,
  "duration_s": 1115.6822633743286,
  "mean_power_w": 932.65596954933,
  "max_power_w": 1074.675,
  "min_power_w": 99.997,
  "p50_power_w": 944.969,
  "p95_power_w": 1014.623,
  "mean_gpu_util_pct": 96.88022736500203,
  "max_gpu_util_pct": 100.0,
  "mean_gpu_mem_bw_util_pct": 24.027304100690216,
  "max_gpu_mem_bw_util_pct": 39.5,
  "mean_gpu_mem_used_gb": 343.9296205917897,
  "max_gpu_mem_used_gb": 343.930419921875,
  "mean_gpu_temp_c": 88.14129110840439,
  "max_gpu_temp_c": 91.0,
  "mean_pcie_tx_mb_s": 30542.635625618528,
  "max_pcie_tx_mb_s": 98456.2783203125,
  "mean_pcie_rx_mb_s": 44021.87479422008,
  "max_pcie_rx_mb_s": 131968.333984375,
  "mean_kv_cache_pct": 76.92731727235606,
  "max_kv_cache_pct": 100.0,
  "p50_kv_cache_pct": 88.0,
  "p95_kv_cache_pct": 99.0,
  "mean_requests_running": 19.853817884850958,
  "max_requests_running": 120.0,
  "mean_requests_waiting": 54.706410779910165,
  "max_requests_waiting": 115.0
}