{
  "num_samples": 1272,
  "duration_s": 573.0447735786438,
  "mean_power_w": 976.6934567610062,
  "max_power_w": 1161.834,
  "min_power_w": 109.80099999999999,
  "p50_power_w": 946.393,
  "p95_power_w": 1145.935,
  "mean_gpu_util_pct": 95.98958333333333,
  "max_gpu_util_pct": 100.0,
  "mean_gpu_mem_bw_util_pct": 27.464033018867923,
  "max_gpu_mem_bw_util_pct": 45.5,
  "mean_gpu_mem_used_gb": 343.688232421875,
  "max_gpu_mem_used_gb": 343.688232421875,
  "mean_gpu_temp_c": 88.4874213836478,
  "max_gpu_temp_c": 92.0,
  "mean_pcie_tx_mb_s": 31525.283616167944,
  "max_pcie_tx_mb_s": 100926.8017578125,
  "mean_pcie_rx_mb_s": 41207.47501320509,
  "max_pcie_rx_mb_s": 131026.6123046875,
  "mean_kv_cache_pct": 58.533070866141735,
  "max_kv_cache_pct": 100.0,
  "p50_kv_cache_pct": 59.0,
  "p95_kv_cache_pct": 100.0,
  "mean_requests_running": 25.51023622047244,
  "max_requests_running": 56.0,
  "mean_requests_waiting": 8.411811023622047,
  "max_requests_waiting": 29.0
}