{
  "num_samples": 3549,
  "duration_s": 1523.4051752090454,
  "mean_power_w": 846.792741053818,
  "max_power_w": 1028.934,
  "min_power_w": 80.378,
  "p50_power_w": 873.181,
  "p95_power_w": 1000.024,
  "mean_gpu_util_pct": 92.98661594815441,
  "max_gpu_util_pct": 100.0,
  "mean_gpu_mem_bw_util_pct": 25.806283460129613,
  "max_gpu_mem_bw_util_pct": 60.75,
  "mean_gpu_mem_used_gb": 367.381103515625,
  "max_gpu_mem_used_gb": 367.381103515625,
  "mean_gpu_temp_c": 86.62214708368555,
  "max_gpu_temp_c": 92.0,
  "mean_pcie_tx_mb_s": 49513.665348898896,
  "max_pcie_tx_mb_s": 147588.0341796875,
  "mean_pcie_rx_mb_s": 43462.68597695874,
  "max_pcie_rx_mb_s": 114677.8056640625,
  "mean_kv_cache_pct": 79.3614840627242,
  "max_kv_cache_pct": 99.54545454545455,
  "p50_kv_cache_pct": 92.42424242424242,
  "p95_kv_cache_pct": 98.63636363636363,
  "mean_requests_running": 15.902198421645998,
  "max_requests_running": 32.0,
  "mean_requests_waiting": 10.921645997745209,
  "max_requests_waiting": 28.0
}