{
  "num_samples": 580,
  "duration_s": 248.38003182411194,
  "mean_power_w": 901.6876689655172,
  "max_power_w": 1030.774,
  "min_power_w": 290.793,
  "p50_power_w": 999.9399999999999,
  "p95_power_w": 1000.093,
  "mean_gpu_util_pct": 93.05474137931034,
  "max_gpu_util_pct": 100.0,
  "mean_gpu_mem_bw_util_pct": 43.775,
  "max_gpu_mem_bw_util_pct": 57.25,
  "mean_gpu_mem_used_gb": 367.381103515625,
  "max_gpu_mem_used_gb": 367.381103515625,
  "mean_gpu_temp_c": 86.14310344827587,
  "max_gpu_temp_c": 89.0,
  "mean_pcie_tx_mb_s": 34071.06408438847,
  "max_pcie_tx_mb_s": 134742.8330078125,
  "mean_pcie_rx_mb_s": 36182.1486563847,
  "max_pcie_rx_mb_s": 108633.6064453125,
  "mean_kv_cache_pct": 25.132706374085682,
  "max_kv_cache_pct": 37.878787878787875,
  "p50_kv_cache_pct": 29.09090909090909,
  "p95_kv_cache_pct": 37.42424242424243,
  "mean_requests_running": 29.03103448275862,
  "max_requests_running": 32.0,
  "mean_requests_waiting": 0.0,
  "max_requests_waiting": 0.0
}