{
  "num_samples": 2392,
  "duration_s": 1023.6201722621918,
  "mean_power_w": 954.9735723244147,
  "max_power_w": 996.85,
  "min_power_w": 104.679,
  "p50_power_w": 983.1220000000001,
  "p95_power_w": 991.5409999999999,
  "mean_gpu_util_pct": 96.47167642140468,
  "max_gpu_util_pct": 100.0,
  "mean_gpu_mem_bw_util_pct": 38.27299331103679,
  "max_gpu_mem_bw_util_pct": 42.5,
  "mean_gpu_mem_used_gb": 367.400634765625,
  "max_gpu_mem_used_gb": 367.400634765625,
  "mean_gpu_temp_c": 88.46697324414716,
  "max_gpu_temp_c": 90.0,
  "mean_pcie_tx_mb_s": 11906.19748731122,
  "max_pcie_tx_mb_s": 91399.681640625,
  "mean_pcie_rx_mb_s": 12471.302581685044,
  "max_pcie_rx_mb_s": 77454.623046875,
  "mean_kv_cache_pct": 2.179993919124357,
  "max_kv_cache_pct": 2.8787878787878807,
  "p50_kv_cache_pct": 2.4242424242424288,
  "p95_kv_cache_pct": 2.4242424242424288,
  "mean_requests_running": 1.8499163879598661,
  "max_requests_running": 2.0,
  "mean_requests_waiting": 0.0,
  "max_requests_waiting": 0.0
}