{
  "num_samples": 488,
  "duration_s": 208.71163249015808,
  "mean_power_w": 1081.7938831967213,
  "max_power_w": 1202.991,
  "min_power_w": 387.178,
  "p50_power_w": 1181.644,
  "p95_power_w": 1199.967,
  "mean_gpu_util_pct": 92.48206967213115,
  "max_gpu_util_pct": 100.0,
  "mean_gpu_mem_bw_util_pct": 49.54559426229508,
  "max_gpu_mem_bw_util_pct": 61.0,
  "mean_gpu_mem_used_gb": 360.93322954021517,
  "max_gpu_mem_used_gb": 362.049072265625,
  "mean_gpu_temp_c": 90.10655737704919,
  "max_gpu_temp_c": 93.0,
  "mean_pcie_tx_mb_s": 30241.25765240779,
  "max_pcie_tx_mb_s": 139149.4013671875,
  "mean_pcie_rx_mb_s": 33652.15937780161,
  "max_pcie_rx_mb_s": 107757.2158203125,
  "mean_kv_cache_pct": 21.308370591157477,
  "max_kv_cache_pct": 36.51515151515151,
  "p50_kv_cache_pct": 24.242424242424242,
  "p95_kv_cache_pct": 24.242424242424242,
  "mean_requests_running": 29.184426229508198,
  "max_requests_running": 32.0,
  "mean_requests_waiting": 0.0,
  "max_requests_waiting": 0.0
}