{
  "num_samples": 689,
  "duration_s": 295.8264398574829,
  "mean_power_w": 863.604449927431,
  "max_power_w": 1017.066,
  "min_power_w": 107.74799999999999,
  "p50_power_w": 942.665,
  "p95_power_w": 1000.113,
  "mean_gpu_util_pct": 92.33381712626996,
  "max_gpu_util_pct": 100.0,
  "mean_gpu_mem_bw_util_pct": 38.01705370101597,
  "max_gpu_mem_bw_util_pct": 59.25,
  "mean_gpu_mem_used_gb": 367.381103515625,
  "max_gpu_mem_used_gb": 367.381103515625,
  "mean_gpu_temp_c": 86.41364296081277,
  "max_gpu_temp_c": 91.0,
  "mean_pcie_tx_mb_s": 46874.82995623186,
  "max_pcie_tx_mb_s": 132568.64453125,
  "mean_pcie_rx_mb_s": 44108.458868151305,
  "max_pcie_rx_mb_s": 124732.4990234375,
  "mean_kv_cache_pct": 50.579891806306904,
  "max_kv_cache_pct": 77.87878787878788,
  "p50_kv_cache_pct": 48.93939393939394,
  "p95_kv_cache_pct": 77.57575757575758,
  "mean_requests_running": 48.16835994194485,
  "max_requests_running": 64.0,
  "mean_requests_waiting": 6.345428156748912,
  "max_requests_waiting": 44.0
}