{
  "num_samples": 3520,
  "duration_s": 1510.8421025276184,
  "mean_power_w": 845.4505545454546,
  "max_power_w": 1027.521,
  "min_power_w": 79.817,
  "p50_power_w": 873.125,
  "p95_power_w": 1000.021,
  "mean_gpu_util_pct": 92.92705965909092,
  "max_gpu_util_pct": 100.0,
  "mean_gpu_mem_bw_util_pct": 25.53153409090909,
  "max_gpu_mem_bw_util_pct": 60.75,
  "mean_gpu_mem_used_gb": 367.381103515625,
  "max_gpu_mem_used_gb": 367.381103515625,
  "mean_gpu_temp_c": 86.65170454545455,
  "max_gpu_temp_c": 92.0,
  "mean_pcie_tx_mb_s": 49934.647460382635,
  "max_pcie_tx_mb_s": 138132.779296875,
  "mean_pcie_rx_mb_s": 43722.424404074925,
  "max_pcie_rx_mb_s": 121286.8896484375,
  "mean_kv_cache_pct": 79.81873293893754,
  "max_kv_cache_pct": 99.54545454545455,
  "p50_kv_cache_pct": 92.42424242424242,
  "p95_kv_cache_pct": 98.63636363636363,
  "mean_requests_running": 15.714975845410628,
  "max_requests_running": 24.0,
  "mean_requests_waiting": 4.594771241830065,
  "max_requests_waiting": 20.0
}