{
  "num_samples": 1407,
  "duration_s": 602.2917094230652,
  "mean_power_w": 884.5607420042644,
  "max_power_w": 1028.836,
  "min_power_w": 97.019,
  "p50_power_w": 999.636,
  "p95_power_w": 1000.423,
  "mean_gpu_util_pct": 93.65120824449183,
  "max_gpu_util_pct": 100.0,
  "mean_gpu_mem_bw_util_pct": 35.45078180525942,
  "max_gpu_mem_bw_util_pct": 49.25,
  "mean_gpu_mem_used_gb": 367.381103515625,
  "max_gpu_mem_used_gb": 367.381103515625,
  "mean_gpu_temp_c": 87.0319829424307,
  "max_gpu_temp_c": 91.0,
  "mean_pcie_tx_mb_s": 35562.58575495847,
  "max_pcie_tx_mb_s": 117867.197265625,
  "mean_pcie_rx_mb_s": 37316.94745788357,
  "max_pcie_rx_mb_s": 102698.6376953125,
  "mean_kv_cache_pct": 11.481122525898645,
  "max_kv_cache_pct": 15.909090909090907,
  "p50_kv_cache_pct": 13.33333333333333,
  "p95_kv_cache_pct": 15.151515151515149,
  "mean_requests_running": 6.773276474769012,
  "max_requests_running": 8.0,
  "mean_requests_waiting": 0.3638948116560057,
  "max_requests_waiting": 2.0
}