{
  "num_samples": 428,
  "duration_s": 183.27582478523254,
  "mean_power_w": 912.4714205607477,
  "max_power_w": 1026.668,
  "min_power_w": 102.157,
  "p50_power_w": 999.968,
  "p95_power_w": 1000.114,
  "mean_gpu_util_pct": 86.93457943925233,
  "max_gpu_util_pct": 100.0,
  "mean_gpu_mem_bw_util_pct": 41.987733644859816,
  "max_gpu_mem_bw_util_pct": 55.0,
  "mean_gpu_mem_used_gb": 327.34765625,
  "max_gpu_mem_used_gb": 327.34765625,
  "mean_gpu_temp_c": 86.9696261682243,
  "max_gpu_temp_c": 89.0,
  "mean_pcie_tx_mb_s": 15788.611227730724,
  "max_pcie_tx_mb_s": 28749.7763671875,
  "mean_pcie_rx_mb_s": 14710.379748192903,
  "max_pcie_rx_mb_s": 25826.3642578125,
  "mean_kv_cache_pct": 18.608352199631792,
  "max_kv_cache_pct": 34.16460704549553,
  "p50_kv_cache_pct": 30.554877854741015,
  "p95_kv_cache_pct": 33.77106912901892,
  "mean_requests_running": 41.58411214953271,
  "max_requests_running": 56.0,
  "mean_requests_waiting": 0.0,
  "max_requests_waiting": 0.0
}