{
  "num_samples": 3913,
  "duration_s": 1671.5963320732117,
  "mean_power_w": 977.8260585228725,
  "max_power_w": 1018.895,
  "min_power_w": 104.789,
  "p50_power_w": 999.941,
  "p95_power_w": 1006.806,
  "mean_gpu_util_pct": 97.29612829031434,
  "max_gpu_util_pct": 100.0,
  "mean_gpu_mem_bw_util_pct": 36.0028750319448,
  "max_gpu_mem_bw_util_pct": 38.5,
  "mean_gpu_mem_used_gb": 367.381103515625,
  "max_gpu_mem_used_gb": 367.381103515625,
  "mean_gpu_temp_c": 87.8895987733197,
  "max_gpu_temp_c": 90.0,
  "mean_pcie_tx_mb_s": 7349.724035866024,
  "max_pcie_tx_mb_s": 89575.1474609375,
  "mean_pcie_rx_mb_s": 8073.4317521822295,
  "max_pcie_rx_mb_s": 75891.4609375,
  "mean_kv_cache_pct": 1.107380991101919,
  "max_kv_cache_pct": 1.6666666666666718,
  "p50_kv_cache_pct": 1.2121212121212088,
  "p95_kv_cache_pct": 1.2121212121212088,
  "mean_requests_running": 0.9299769997444416,
  "max_requests_running": 1.0,
  "mean_requests_waiting": 0.0,
  "max_requests_waiting": 0.0
}