{
  "num_samples": 1109,
  "duration_s": 385.24236702919006,
  "mean_power_w": 569.768522993688,
  "max_power_w": 610.7470000000001,
  "min_power_w": 53.528000000000006,
  "p50_power_w": 599.9780000000001,
  "p95_power_w": 600.145,
  "mean_gpu_util_pct": 93.11541929666366,
  "max_gpu_util_pct": 100.0,
  "mean_gpu_mem_bw_util_pct": 58.21550946798918,
  "max_gpu_mem_bw_util_pct": 75.0,
  "mean_gpu_mem_used_gb": 176.45361328125,
  "max_gpu_mem_used_gb": 176.45361328125,
  "mean_gpu_temp_c": 84.72497745716862,
  "max_gpu_temp_c": 91.0,
  "mean_pcie_tx_mb_s": 8818.128074983093,
  "max_pcie_tx_mb_s": 55999.0146484375,
  "mean_pcie_rx_mb_s": 8959.586465847611,
  "max_pcie_rx_mb_s": 62081.8212890625,
  "mean_kv_cache_pct": 73.71771799459798,
  "max_kv_cache_pct": 100.0,
  "p50_kv_cache_pct": 96.52804273178177,
  "p95_kv_cache_pct": 99.67188096146509,
  "mean_requests_running": 21.387736699729487,
  "max_requests_running": 40.0,
  "mean_requests_waiting": 0.0,
  "max_requests_waiting": 0.0
}