{
  "num_samples": 1396,
  "duration_s": 595.6776463985443,
  "mean_power_w": 1000.3542693409742,
  "max_power_w": 1047.554,
  "min_power_w": 294.419,
  "p50_power_w": 1034.6970000000001,
  "p95_power_w": 1043.8890000000001,
  "mean_gpu_util_pct": 96.13037249283667,
  "max_gpu_util_pct": 100.0,
  "mean_gpu_mem_bw_util_pct": 41.05390401146132,
  "max_gpu_mem_bw_util_pct": 45.0,
  "mean_gpu_mem_used_gb": 367.400634765625,
  "max_gpu_mem_used_gb": 367.400634765625,
  "mean_gpu_temp_c": 88.87106017191977,
  "max_gpu_temp_c": 91.0,
  "mean_pcie_tx_mb_s": 13655.428913105525,
  "max_pcie_tx_mb_s": 94252.6748046875,
  "mean_pcie_rx_mb_s": 19649.93423523124,
  "max_pcie_rx_mb_s": 73655.859375,
  "mean_kv_cache_pct": 3.383368064600157,
  "max_kv_cache_pct": 4.3939393939393945,
  "p50_kv_cache_pct": 3.6363636363636376,
  "p95_kv_cache_pct": 3.6363636363636376,
  "mean_requests_running": 3.8030085959885387,
  "max_requests_running": 4.0,
  "mean_requests_waiting": 0.0,
  "max_requests_waiting": 0.0
}