{
  "num_samples": 3316,
  "duration_s": 1426.3909401893616,
  "mean_power_w": 731.5837671893848,
  "max_power_w": 1018.887,
  "min_power_w": 103.545,
  "p50_power_w": 677.482,
  "p95_power_w": 1000.115,
  "mean_gpu_util_pct": 97.957705066345,
  "max_gpu_util_pct": 100.0,
  "mean_gpu_mem_bw_util_pct": 16.024351628468033,
  "max_gpu_mem_bw_util_pct": 51.5,
  "mean_gpu_mem_used_gb": 373.09765625,
  "max_gpu_mem_used_gb": 373.09765625,
  "mean_gpu_temp_c": 85.83202653799759,
  "max_gpu_temp_c": 91.0,
  "mean_pcie_tx_mb_s": 60688.21570162894,
  "max_pcie_tx_mb_s": 123787.9287109375,
  "mean_pcie_rx_mb_s": 50033.796731283925,
  "max_pcie_rx_mb_s": 99888.4794921875,
  "mean_kv_cache_pct": 52.378572053643346,
  "max_kv_cache_pct": 87.92925206760158,
  "p50_kv_cache_pct": 62.219075871988494,
  "p95_kv_cache_pct": 84.93572455951097,
  "mean_requests_running": 48.51960193003619,
  "max_requests_running": 72.0,
  "mean_requests_waiting": 15.085343787696019,
  "max_requests_waiting": 60.0
}