{
  "num_samples": 1718,
  "duration_s": 737.7177338600159,
  "mean_power_w": 820.9494732246799,
  "max_power_w": 1031.164,
  "min_power_w": 88.639,
  "p50_power_w": 828.064,
  "p95_power_w": 1000.054,
  "mean_gpu_util_pct": 92.27037252619324,
  "max_gpu_util_pct": 100.0,
  "mean_gpu_mem_bw_util_pct": 28.853172293364377,
  "max_gpu_mem_bw_util_pct": 60.0,
  "mean_gpu_mem_used_gb": 367.381103515625,
  "max_gpu_mem_used_gb": 367.381103515625,
  "mean_gpu_temp_c": 86.01571594877765,
  "max_gpu_temp_c": 92.0,
  "mean_pcie_tx_mb_s": 53336.450231123585,
  "max_pcie_tx_mb_s": 143006.6474609375,
  "mean_pcie_rx_mb_s": 47352.61643376201,
  "max_pcie_rx_mb_s": 110737.2744140625,
  "mean_kv_cache_pct": 56.5274103079691,
  "max_kv_cache_pct": 97.57575757575758,
  "p50_kv_cache_pct": 57.57575757575757,
  "p95_kv_cache_pct": 96.66666666666667,
  "mean_requests_running": 20.59895227008149,
  "max_requests_running": 32.0,
  "mean_requests_waiting": 6.743888242142026,
  "max_requests_waiting": 25.0
}