{
  "num_samples": 3452,
  "duration_s": 1480.8313572406769,
  "mean_power_w": 842.3580842989571,
  "max_power_w": 1028.512,
  "min_power_w": 80.975,
  "p50_power_w": 872.059,
  "p95_power_w": 1000.026,
  "mean_gpu_util_pct": 92.72696987253767,
  "max_gpu_util_pct": 100.0,
  "mean_gpu_mem_bw_util_pct": 24.71603418308227,
  "max_gpu_mem_bw_util_pct": 60.75,
  "mean_gpu_mem_used_gb": 367.381103515625,
  "max_gpu_mem_used_gb": 367.381103515625,
  "mean_gpu_temp_c": 86.5680764774044,
  "max_gpu_temp_c": 92.0,
  "mean_pcie_tx_mb_s": 50754.60379343044,
  "max_pcie_tx_mb_s": 131119.7412109375,
  "mean_pcie_rx_mb_s": 44215.391662951275,
  "max_pcie_rx_mb_s": 116134.11328125,
  "mean_kv_cache_pct": 51.37421433336845,
  "max_kv_cache_pct": 85.60606060606061,
  "p50_kv_cache_pct": 52.727272727272734,
  "p95_kv_cache_pct": 84.84848484848484,
  "mean_requests_running": 9.980301274623407,
  "max_requests_running": 16.0,
  "mean_requests_waiting": 4.0,
  "max_requests_waiting": 13.0
}