{
  "num_samples": 839,
  "duration_s": 377.63410091400146,
  "mean_power_w": 1003.5603325387366,
  "max_power_w": 1157.8890000000001,
  "min_power_w": 377.552,
  "p50_power_w": 947.025,
  "p95_power_w": 1153.853,
  "mean_gpu_util_pct": 95.56436233611443,
  "max_gpu_util_pct": 100.0,
  "mean_gpu_mem_bw_util_pct": 30.121573301549464,
  "max_gpu_mem_bw_util_pct": 43.0,
  "mean_gpu_mem_used_gb": 343.688232421875,
  "max_gpu_mem_used_gb": 343.688232421875,
  "mean_gpu_temp_c": 88.5280095351609,
  "max_gpu_temp_c": 92.0,
  "mean_pcie_tx_mb_s": 31005.743957883267,
  "max_pcie_tx_mb_s": 100095.15625,
  "mean_pcie_rx_mb_s": 38872.72607363677,
  "max_pcie_rx_mb_s": 131758.5595703125,
  "mean_kv_cache_pct": 51.585220500595945,
  "max_kv_cache_pct": 87.0,
  "p50_kv_cache_pct": 60.0,
  "p95_kv_cache_pct": 87.0,
  "mean_requests_running": 27.06674612634088,
  "max_requests_running": 40.0,
  "mean_requests_waiting": 6.6901072705601905,
  "max_requests_waiting": 35.0
}