{
  "num_samples": 2452,
  "duration_s": 1109.712093114853,
  "mean_power_w": 934.1254286296901,
  "max_power_w": 1019.874,
  "min_power_w": 101.74600000000001,
  "p50_power_w": 944.332,
  "p95_power_w": 1002.772,
  "mean_gpu_util_pct": 96.91343800978792,
  "max_gpu_util_pct": 100.0,
  "mean_gpu_mem_bw_util_pct": 24.36939233278956,
  "max_gpu_mem_bw_util_pct": 39.25,
  "mean_gpu_mem_used_gb": 343.9218076920626,
  "max_gpu_mem_used_gb": 343.922607421875,
  "mean_gpu_temp_c": 88.11745513866232,
  "max_gpu_temp_c": 91.0,
  "mean_pcie_tx_mb_s": 30320.88046707726,
  "max_pcie_tx_mb_s": 102922.0341796875,
  "mean_pcie_rx_mb_s": 43307.66507172079,
  "max_pcie_rx_mb_s": 141555.833984375,
  "mean_kv_cache_pct": 78.13647540983607,
  "max_kv_cache_pct": 100.0,
  "p50_kv_cache_pct": 88.0,
  "p95_kv_cache_pct": 99.0,
  "mean_requests_running": 19.67049180327869,
  "max_requests_running": 112.0,
  "mean_requests_waiting": 53.975819672131145,
  "max_requests_waiting": 109.0
}