{
  "num_samples": 846,
  "duration_s": 361.0256006717682,
  "mean_power_w": 1063.96213356974,
  "max_power_w": 1129.864,
  "min_power_w": 381.818,
  "p50_power_w": 1113.0349999999999,
  "p95_power_w": 1126.424,
  "mean_gpu_util_pct": 95.03693853427896,
  "max_gpu_util_pct": 100.0,
  "mean_gpu_mem_bw_util_pct": 46.236702127659576,
  "max_gpu_mem_bw_util_pct": 51.25,
  "mean_gpu_mem_used_gb": 313.48985979517585,
  "max_gpu_mem_used_gb": 314.060791015625,
  "mean_gpu_temp_c": 89.60520094562648,
  "max_gpu_temp_c": 92.0,
  "mean_pcie_tx_mb_s": 16404.860346945185,
  "max_pcie_tx_mb_s": 93884.7578125,
  "mean_pcie_rx_mb_s": 25422.899659934617,
  "max_pcie_rx_mb_s": 81866.7421875,
  "mean_kv_cache_pct": 5.630417651694243,
  "max_kv_cache_pct": 9.24242424242424,
  "p50_kv_cache_pct": 6.060606060606055,
  "p95_kv_cache_pct": 6.060606060606055,
  "mean_requests_running": 7.602836879432624,
  "max_requests_running": 8.0,
  "mean_requests_waiting": 0.0,
  "max_requests_waiting": 0.0
}