{
  "num_samples": 382,
  "duration_s": 170.96821928024292,
  "mean_power_w": 748.6958429319371,
  "max_power_w": 1012.85,
  "min_power_w": 362.692,
  "p50_power_w": 615.693,
  "p95_power_w": 1006.21,
  "mean_gpu_util_pct": 90.09031413612566,
  "max_gpu_util_pct": 100.0,
  "mean_gpu_mem_bw_util_pct": 9.275523560209423,
  "max_gpu_mem_bw_util_pct": 16.0,
  "mean_gpu_mem_used_gb": 336.3843732104876,
  "max_gpu_mem_used_gb": 337.305419921875,
  "mean_gpu_temp_c": 83.90575916230367,
  "max_gpu_temp_c": 92.0,
  "mean_pcie_tx_mb_s": 11255.550198380235,
  "max_pcie_tx_mb_s": 60410.111328125,
  "mean_pcie_rx_mb_s": 13147.659627065608,
  "max_pcie_rx_mb_s": 61094.669921875,
  "mean_kv_cache_pct": 10.01578947368421,
  "max_kv_cache_pct": 12.0,
  "p50_kv_cache_pct": 11.0,
  "p95_kv_cache_pct": 12.0,
  "mean_requests_running": 0.5421052631578948,
  "max_requests_running": 1.0,
  "mean_requests_waiting": 0.0,
  "max_requests_waiting": 0.0
}