{
  "num_samples": 556,
  "duration_s": 238.30157852172852,
  "mean_power_w": 930.0925107913669,
  "max_power_w": 1014.987,
  "min_power_w": 108.282,
  "p50_power_w": 999.8389999999999,
  "p95_power_w": 1000.4169999999999,
  "mean_gpu_util_pct": 90.60161870503597,
  "max_gpu_util_pct": 100.0,
  "mean_gpu_mem_bw_util_pct": 35.976618705035975,
  "max_gpu_mem_bw_util_pct": 50.75,
  "mean_gpu_mem_used_gb": 335.44140625,
  "max_gpu_mem_used_gb": 335.44140625,
  "mean_gpu_temp_c": 87.4658273381295,
  "max_gpu_temp_c": 90.0,
  "mean_pcie_tx_mb_s": 34600.316416788446,
  "max_pcie_tx_mb_s": 54862.09375,
  "mean_pcie_rx_mb_s": 28815.96774006576,
  "max_pcie_rx_mb_s": 47935.0703125,
  "mean_kv_cache_pct": 25.423651774373383,
  "max_kv_cache_pct": 51.6405969075872,
  "p50_kv_cache_pct": 28.97563825961884,
  "p95_kv_cache_pct": 50.956265731751174,
  "mean_requests_running": 63.17625899280576,
  "max_requests_running": 80.0,
  "mean_requests_waiting": 0.0,
  "max_requests_waiting": 0.0
}