{
  "num_samples": 801,
  "duration_s": 341.5628459453583,
  "mean_power_w": 921.338329588015,
  "max_power_w": 1012.268,
  "min_power_w": 315.699,
  "p50_power_w": 949.856,
  "p95_power_w": 1000.13,
  "mean_gpu_util_pct": 93.95692883895131,
  "max_gpu_util_pct": 99.25,
  "mean_gpu_mem_bw_util_pct": 38.806179775280896,
  "max_gpu_mem_bw_util_pct": 48.75,
  "mean_gpu_mem_used_gb": 334.26953125,
  "max_gpu_mem_used_gb": 334.26953125,
  "mean_gpu_temp_c": 86.10486891385767,
  "max_gpu_temp_c": 88.0,
  "mean_pcie_tx_mb_s": 35328.250698589654,
  "max_pcie_tx_mb_s": 46503.28125,
  "mean_pcie_rx_mb_s": 33413.8286102333,
  "max_pcie_rx_mb_s": 45050.6484375,
  "mean_kv_cache_pct": 5.924085925494965,
  "max_kv_cache_pct": 8.62998921251349,
  "p50_kv_cache_pct": 7.418644372527872,
  "p95_kv_cache_pct": 8.501887810140241,
  "mean_requests_running": 20.998751560549312,
  "max_requests_running": 24.0,
  "mean_requests_waiting": 0.0,
  "max_requests_waiting": 0.0
}