{
  "num_samples": 505,
  "duration_s": 216.49392986297607,
  "mean_power_w": 920.6220356435643,
  "max_power_w": 1025.923,
  "min_power_w": 381.622,
  "p50_power_w": 999.95,
  "p95_power_w": 1000.12,
  "mean_gpu_util_pct": 93.12178217821783,
  "max_gpu_util_pct": 100.0,
  "mean_gpu_mem_bw_util_pct": 46.26683168316832,
  "max_gpu_mem_bw_util_pct": 58.25,
  "mean_gpu_mem_used_gb": 367.381103515625,
  "max_gpu_mem_used_gb": 367.381103515625,
  "mean_gpu_temp_c": 87.3940594059406,
  "max_gpu_temp_c": 90.0,
  "mean_pcie_tx_mb_s": 33154.86217125619,
  "max_pcie_tx_mb_s": 126620.2939453125,
  "mean_pcie_rx_mb_s": 34504.298230584776,
  "max_pcie_rx_mb_s": 104644.970703125,
  "mean_kv_cache_pct": 32.28772877287729,
  "max_kv_cache_pct": 42.42424242424242,
  "p50_kv_cache_pct": 42.42424242424242,
  "p95_kv_cache_pct": 42.42424242424242,
  "mean_requests_running": 44.26534653465347,
  "max_requests_running": 56.0,
  "mean_requests_waiting": 1.299009900990099,
  "max_requests_waiting": 21.0
}