{
  "num_samples": 944,
  "duration_s": 403.8839604854584,
  "mean_power_w": 946.6051822033899,
  "max_power_w": 1023.5550000000001,
  "min_power_w": 314.677,
  "p50_power_w": 999.969,
  "p95_power_w": 1005.062,
  "mean_gpu_util_pct": 94.79051906779661,
  "max_gpu_util_pct": 100.0,
  "mean_gpu_mem_bw_util_pct": 41.95074152542373,
  "max_gpu_mem_bw_util_pct": 48.75,
  "mean_gpu_mem_used_gb": 367.381103515625,
  "max_gpu_mem_used_gb": 367.381103515625,
  "mean_gpu_temp_c": 86.83898305084746,
  "max_gpu_temp_c": 89.0,
  "mean_pcie_tx_mb_s": 20366.650775456834,
  "max_pcie_tx_mb_s": 91755.94140625,
  "mean_pcie_rx_mb_s": 27949.278593418963,
  "max_pcie_rx_mb_s": 78755.060546875,
  "mean_kv_cache_pct": 6.6571969696969715,
  "max_kv_cache_pct": 10.45454545454545,
  "p50_kv_cache_pct": 7.272727272727275,
  "p95_kv_cache_pct": 9.24242424242424,
  "mean_requests_running": 7.509533898305085,
  "max_requests_running": 8.0,
  "mean_requests_waiting": 0.0,
  "max_requests_waiting": 0.0
}