timestamp,elapsed_s,gpu0_power_w,gpu0_mem_used_gb,gpu0_util_pct,gpu0_mem_bw_util_pct,gpu0_temp_c,gpu0_pcie_tx_mb_s,gpu0_pcie_rx_mb_s,gpu1_power_w,gpu1_mem_used_gb,gpu1_util_pct,gpu1_mem_bw_util_pct,gpu1_temp_c,gpu1_pcie_tx_mb_s,gpu1_pcie_rx_mb_s,gpu2_power_w,gpu2_mem_used_gb,gpu2_util_pct,gpu2_mem_bw_util_pct,gpu2_temp_c,gpu2_pcie_tx_mb_s,gpu2_pcie_rx_mb_s,gpu3_power_w,gpu3_mem_used_gb,gpu3_util_pct,gpu3_mem_bw_util_pct,gpu3_temp_c,gpu3_pcie_tx_mb_s,gpu3_pcie_rx_mb_s,kv_cache_pct,requests_running,requests_waiting
1782815002.912,0.000,186.2,79.10,0,0,85,2.3,0.4,143.8,79.10,0,0,79,2.7,2.0,143.1,79.10,0,0,84,1.3,0.5,125.5,79.10,0,0,82,1.2,0.5,29.0,32,0
1782815003.350,0.438,138.9,79.10,0,0,85,0.6,0.4,130.7,79.10,0,0,79,0.6,4.9,129.7,79.10,0,0,84,2.8,0.4,110.5,79.10,0,0,82,0.6,0.5,29.0,32,0
1782815003.796,0.885,138.9,79.10,0,0,85,0.7,0.5,130.7,79.10,0,0,79,0.6,0.5,129.7,79.10,0,0,84,0.7,0.5,110.5,79.10,0,0,81,0.7,0.7,29.0,32,0
1782815004.242,1.331,118.8,79.10,0,0,85,1.2,0.4,105.0,79.10,0,0,78,0.6,0.5,100.6,79.10,0,0,83,1.6,0.5,98.1,79.10,0,0,81,0.6,0.5,29.0,32,0
1782815004.682,1.770,118.8,79.10,0,0,85,0.6,2.1,105.0,79.10,0,0,78,2.7,3.8,100.6,79.10,0,0,83,4.9,2.1,98.1,79.10,0,0,80,2.3,0.4,29.0,32,0
1782815005.125,2.213,116.4,79.10,0,0,84,0.6,0.5,105.0,79.10,0,0,78,0.6,0.5,97.2,79.10,0,0,83,0.6,0.5,98.1,79.10,0,0,80,1.0,0.5,29.0,32,0
1782815005.565,2.653,116.4,79.10,0,0,84,0.6,0.5,98.5,79.10,0,0,78,2.3,0.5,97.2,79.10,0,0,83,0.7,0.5,96.7,79.10,0,0,80,0.6,0.7,29.0,32,0
1782815006.008,3.096,113.3,79.10,0,0,84,2.9,0.5,98.5,79.10,0,0,78,0.6,0.5,97.2,79.10,0,0,83,0.6,0.5,96.7,79.10,0,0,80,0.6,0.5,29.0,32,0
1782815006.450,3.538,113.3,79.10,0,0,84,0.7,0.5,97.8,79.10,0,0,77,0.6,0.5,93.2,79.10,0,0,82,2.3,0.4,94.8,79.10,0,0,80,0.6,0.5,29.0,32,0
1782815006.888,3.976,113.3,79.10,0,0,84,0.7,0.5,97.8,79.10,0,0,77,0.7,2.2,93.2,79.10,0,0,82,4.9,0.5,94.8,79.10,0,0,79,3.1,0.5,29.0,32,0
1782815007.327,4.415,113.0,79.10,0,0,83,0.6,0.4,97.6,79.10,0,0,77,0.6,0.4,92.8,79.10,0,0,82,0.6,0.5,93.0,79.10,0,0,79,0.6,4.9,29.0,32,0
1782815007.769,4.857,113.0,79.10,0,0,83,1.9,2.0,97.6,79.10,0,0,77,2.3,0.5,92.8,79.10,0,0,82,0.6,0.5,93.0,79.10,0,0,79,2.3,0.5,29.0,32,0
1782815008.214,5.302,111.8,79.10,0,0,83,2.3,0.5,96.3,79.10,0,0,76,0.6,0.5,91.9,79.10,0,0,81,0.7,0.5,91.6,79.10,0,0,79,0.6,0.5,29.0,32,0
1782815008.650,5.739,111.8,79.10,0,0,83,0.6,0.5,96.3,79.10,0,0,76,1.5,2.2,91.9,79.10,0,0,81,4.5,5.5,91.6,79.10,0,0,79,3.6,2.0,29.0,32,0
1782815009.094,6.183,110.8,79.10,0,0,83,0.6,0.5,96.3,79.10,0,0,76,0.6,0.5,91.9,79.10,0,0,81,1.7,0.5,91.6,79.10,0,0,79,0.6,0.5,29.0,32,0
1782815009.533,6.621,110.8,79.10,0,0,83,0.6,0.5,95.6,79.10,0,0,76,0.6,0.5,91.3,79.10,0,0,81,0.8,0.5,91.3,79.10,0,0,79,0.6,0.4,29.0,32,0
1782815009.970,7.059,110.8,79.10,0,0,83,3.6,0.5,95.6,79.10,0,0,76,2.3,4.7,91.3,79.10,0,0,81,0.6,0.5,91.3,79.10,0,0,78,2.3,0.4,29.0,32,0
1782815010.408,7.497,110.2,79.10,0,0,82,2.3,0.5,95.1,79.10,0,0,76,0.6,0.5,91.2,79.10,0,0,81,0.7,0.5,90.5,79.10,0,0,78,0.6,0.5,29.0,32,0
1782815010.847,7.936,110.2,79.10,0,0,82,0.6,0.5,95.1,79.10,0,0,76,0.6,0.5,91.2,79.10,0,0,81,2.3,0.7,90.5,79.10,0,0,78,4.9,0.5,29.0,32,0
1782815011.287,8.376,109.8,79.10,0,0,82,0.6,0.5,94.4,79.10,0,0,75,0.6,0.5,91.0,79.10,0,0,80,0.6,0.5,88.4,79.10,0,0,78,2.3,0.5,29.0,32,0
1782815011.728,8.817,109.8,79.10,0,0,82,3.4,3.9,94.4,79.10,0,0,75,2.8,2.0,91.0,79.10,0,0,80,0.6,0.5,88.4,79.10,0,0,77,0.6,0.4,29.0,32,0
1782815012.174,9.263,108.8,79.10,0,0,82,0.6,0.5,94.1,79.10,0,0,75,2.3,0.5,90.9,79.10,0,0,80,0.7,0.5,87.2,79.10,0,0,77,2.3,0.5,29.0,32,0
1782815012.613,9.701,108.8,79.10,0,0,82,2.3,0.4,94.1,79.10,0,0,75,0.6,0.4,90.9,79.10,0,0,80,0.6,0.9,87.2,79.10,0,0,77,4.7,3.8,29.0,32,0
1782815013.054,10.142,108.6,79.10,0,0,81,0.8,0.5,94.1,79.10,0,0,75,0.6,0.5,90.9,79.10,0,0,80,2.3,0.5,87.2,79.10,0,0,77,0.6,0.5,29.0,32,0
1782815013.492,10.580,108.6,79.10,0,0,81,0.6,0.5,93.9,79.10,0,0,75,0.6,4.9,90.6,79.10,0,0,79,0.7,0.5,87.0,79.10,0,0,77,0.6,0.5,29.0,32,0
1782815013.931,11.020,108.6,79.10,0,0,81,0.6,2.3,93.9,79.10,0,0,75,2.7,0.5,90.6,79.10,0,0,79,0.6,1.0,87.0,79.10,0,0,77,0.6,0.5,29.0,32,0
1782815014.371,11.460,108.2,79.10,0,0,81,0.6,0.5,93.2,79.10,0,0,74,2.3,0.5,90.5,79.10,0,0,79,0.6,0.5,86.4,79.10,0,0,77,2.3,0.5,29.0,32,0
1782815014.812,11.900,108.2,79.10,0,0,81,2.3,0.5,93.2,79.10,0,0,74,0.6,0.4,90.5,79.10,0,0,79,0.7,0.5,86.4,79.10,0,0,76,0.6,0.7,29.0,32,0
1782815015.256,12.344,107.3,79.10,0,0,81,0.6,0.4,93.1,79.10,0,0,74,0.6,0.5,90.4,79.10,0,0,79,2.3,0.4,85.7,79.10,0,0,76,0.7,0.5,29.0,32,0
1782815015.695,12.784,107.3,79.10,0,0,81,0.6,4.0,93.1,79.10,0,0,74,4.7,3.8,90.4,79.10,0,0,79,3.6,0.5,85.7,79.10,0,0,76,0.7,0.5,29.0,32,0
1782815016.136,13.225,107.1,79.10,0,0,81,0.6,0.5,93.1,79.10,0,0,74,0.6,0.5,90.4,79.10,0,0,78,0.6,0.5,85.7,79.10,0,0,76,1.5,0.5,29.0,32,0
1782815016.577,13.666,107.1,79.10,0,0,81,0.6,0.5,92.7,79.10,0,0,73,2.3,0.5,90.4,79.10,0,0,78,1.5,0.5,85.6,79.10,0,0,76,2.3,0.8,29.0,32,0
1782815017.018,14.106,106.7,79.10,0,0,80,2.3,0.5,92.7,79.10,0,0,73,1.9,0.5,90.4,79.10,0,0,78,0.7,0.5,85.6,79.10,0,0,75,0.6,0.5,29.0,32,0
1782815017.454,14.543,106.7,79.10,0,0,80,0.6,0.5,92.4,79.10,0,0,73,0.6,0.5,90.3,79.10,0,0,78,2.3,0.5,85.2,79.10,0,0,75,0.6,0.7,29.0,32,0
1782815017.896,14.985,106.7,79.10,0,0,80,0.6,0.5,92.4,79.10,0,0,73,0.6,2.1,90.3,79.10,0,0,78,2.7,0.5,85.2,79.10,0,0,75,0.9,0.5,29.0,32,0
1782815018.335,15.423,106.2,79.10,0,0,80,0.6,0.5,92.2,79.10,0,0,73,0.6,0.4,90.0,79.10,0,0,78,0.6,0.5,84.3,79.10,0,0,75,0.6,0.4,29.0,32,0
1782815018.774,15.862,106.2,79.10,0,0,80,0.6,2.0,92.2,79.10,0,0,73,2.3,0.4,90.0,79.10,0,0,78,1.3,0.5,84.3,79.10,0,0,75,2.2,0.4,29.0,32,0
1782815019.219,16.307,105.9,79.10,0,0,80,20709.8,17114.3,91.8,79.10,0,0,72,2645.4,6457.8,82.7,79.10,0,0,76,10377.3,4193.7,76.7,79.10,0,0,75,5189.2,8612.9,29.0,32,0
1782815020.260,17.348,181.1,79.10,98,35,82,10355.5,4990.5,199.8,79.10,98,45,75,3203.9,8584.4,176.6,79.10,99,47,81,9708.3,794.3,181.8,79.10,99,48,78,9321.4,8624.0,29.0,32,0
1782815020.701,17.789,253.2,79.10,99,43,83,3402.6,5702.2,250.6,79.10,99,50,76,10370.8,8581.7,244.8,79.10,98,42,81,8614.9,5378.8,238.2,79.10,99,45,79,5188.4,8606.0,29.0,32,0
1782815021.143,18.231,250.3,79.10,99,38,83,20709.5,17109.9,250.6,79.10,99,50,76,2.9,4.4,238.6,79.10,99,61,82,3.4,2436.6,238.2,79.10,99,45,79,19455.9,15038.2,29.0,32,0
1782815021.588,18.677,250.5,79.10,100,59,83,1.7,4.4,244.6,79.10,99,52,76,1.7,3561.3,238.6,79.10,99,61,82,17458.3,13292.7,231.0,79.10,99,50,79,4.3,7.1,29.0,32,0
1782815022.032,19.121,250.2,79.10,99,46,83,4705.2,14450.2,248.6,79.10,100,60,76,18253.5,4.0,245.4,79.10,100,67,82,1.8,4.1,235.9,79.10,99,53,79,1133.8,16796.5,29.0,32,0
1782815022.473,19.561,250.2,79.10,99,46,83,2.7,4.3,258.8,79.10,100,65,77,510.4,17140.5,257.2,79.10,100,61,82,20750.0,4.5,249.7,79.10,100,59,79,3.7,4.4,29.0,32,0
1782815022.913,20.001,252.5,79.10,100,41,83,3.6,4.9,249.1,79.10,99,51,77,11361.9,14890.7,251.2,79.10,100,55,82,10465.3,6.0,244.2,79.10,99,44,80,2.1,17287.2,29.0,32,0
1782815023.354,20.442,247.3,79.10,100,37,83,14773.0,15144.6,249.3,79.10,99,42,77,7359.4,5.9,245.6,79.10,99,40,82,3.6,17255.7,237.3,79.10,99,40,80,20757.8,5.4,29.0,32,0
1782815023.795,20.883,247.7,79.10,100,35,83,17699.5,3820.5,251.5,79.10,100,46,77,2.0,5.3,244.6,79.10,99,46,82,15720.1,14956.9,237.6,79.10,99,46,80,6402.6,4.8,29.0,32,0
1782815024.235,21.323,251.2,79.10,100,40,83,16438.5,14603.2,249.9,79.10,99,42,77,6376.4,4.7,242.9,79.10,99,41,81,2.0,2680.1,237.7,79.10,99,41,78,17600.6,16004.4,29.0,32,0
1782815024.675,21.764,250.2,79.10,99,38,84,1.8,3.8,250.3,79.10,99,46,77,20239.8,17110.8,245.9,79.10,99,43,81,8.1,10.5,241.6,79.10,99,44,78,6.1,11629.9,29.0,32,0
1782815025.126,22.214,249.5,79.10,99,40,83,3.5,4.1,250.3,79.10,99,46,77,1.8,38.7,250.9,79.10,99,43,82,19717.9,17202.7,241.6,79.10,99,44,78,1.9,4.3,29.0,32,0
1782815025.566,22.655,250.0,79.10,99,40,83,12488.5,14379.0,252.0,79.10,99,46,77,10603.4,4.3,250.9,79.10,99,43,82,3.8,4.1,243.1,79.10,99,51,79,15716.3,14553.6,29.0,32,0
1782815026.008,23.097,250.4,79.10,99,39,84,1.8,4.2,250.3,79.10,99,54,77,14243.6,14625.3,251.0,79.10,99,42,83,7727.6,5.1,244.9,79.10,99,58,79,2.3,3.8,29.0,32,0
1782815026.449,23.537,250.4,79.10,99,39,84,20706.3,4.2,250.0,79.10,100,63,77,1.8,4.4,251.3,79.10,99,56,83,5013.3,15004.5,243.6,79.10,100,60,80,17298.0,4.6,29.0,32,0
1782815026.890,23.978,250.1,79.10,99,40,84,15225.5,14346.3,249.3,79.10,100,55,77,7869.8,7.9,250.9,79.10,100,54,83,8.0,14536.0,242.4,79.10,99,50,80,18112.1,3591.2,29.0,32,0
1782815027.331,24.419,250.4,79.10,100,45,84,20710.1,5.4,247.5,79.10,99,44,77,2.9,4.8,247.0,79.10,99,42,83,20791.7,17117.7,240.0,79.10,99,42,79,2.6,5.7,29.0,32,0
1782815027.772,24.861,248.6,79.10,99,37,84,1255.4,989.0,244.7,79.11,88,32,76,6005.8,6000.1,243.0,79.11,91,39,82,9001.9,8214.8,234.6,79.10,86,25,78,8489.2,8800.3,1.0,5,0
1782815028.222,25.310,226.2,79.10,70,13,84,6319.4,4845.2,225.4,79.11,100,51,77,7229.1,7897.3,222.1,79.11,100,48,83,7522.0,9105.7,210.1,79.10,100,49,80,7392.2,9197.8,1.0,5,0
1782815028.663,25.751,231.6,79.10,100,43,84,5849.9,4511.2,233.6,79.11,100,50,77,6934.7,7565.1,229.2,79.11,100,48,83,7262.0,8980.0,219.6,79.10,100,48,80,7415.1,9673.3,1.0,5,0
1782815029.106,26.194,257.8,79.10,100,43,84,6295.0,4551.4,233.6,79.11,100,50,77,6381.1,6950.0,257.2,79.11,100,49,83,6899.5,8110.1,219.6,79.10,100,48,80,6253.2,10422.1,1.0,5,0
1782815029.547,26.636,250.8,79.10,100,44,84,5344.4,5288.4,257.8,79.11,100,51,77,5886.2,7187.3,257.2,79.11,100,49,83,6259.5,8916.2,252.7,79.10,100,49,80,6292.0,10358.3,1.0,40,0
1782815029.988,27.076,250.8,79.10,100,44,84,5939.7,4347.2,250.7,79.11,100,51,77,6772.6,6947.6,251.7,79.11,100,49,83,7074.4,7884.0,252.7,79.10,100,49,80,7229.7,9862.8,1.0,40,0
1782815030.430,27.518,250.0,79.10,100,44,84,6431.0,4622.6,250.0,79.11,100,51,77,6677.1,6978.7,250.3,79.11,100,49,83,6335.9,8554.3,251.9,79.10,100,48,80,6361.6,10035.0,1.0,40,0
1782815030.871,27.959,250.0,79.10,100,44,84,5484.7,5365.2,250.0,79.11,100,51,77,5971.4,7547.5,250.1,79.11,100,49,83,6248.4,8947.5,250.5,79.10,100,48,80,6441.4,10278.6,1.0,40,0
1782815031.316,28.404,250.0,79.10,100,43,84,5665.0,5007.0,249.9,79.11,100,51,77,6159.6,6745.2,250.0,79.11,100,49,84,7002.2,8206.3,249.9,79.10,100,48,80,7242.1,9369.1,1.0,40,0
1782815031.757,28.846,250.0,79.10,100,43,84,6594.2,4468.0,249.9,79.11,100,51,77,7231.0,6482.2,249.9,79.11,100,49,83,6850.1,8175.1,249.8,79.10,100,48,80,7286.5,9393.9,1.0,40,0
1782815032.205,29.294,250.1,79.10,100,44,84,6321.5,4678.8,249.9,79.11,100,50,77,6728.4,6492.7,250.0,79.11,100,49,84,5775.4,8805.2,250.0,79.10,100,48,80,6156.7,10340.5,1.0,40,0
1782815032.648,29.736,250.0,79.10,100,43,84,5361.4,5640.1,249.9,79.11,100,50,77,5717.0,7597.5,250.0,79.11,100,49,84,6003.8,10288.4,250.0,79.10,100,47,80,6250.3,10278.9,1.0,40,0
1782815033.099,30.187,250.0,79.10,100,43,84,5581.6,5067.6,249.9,79.11,100,50,77,6004.8,7097.1,249.9,79.11,100,48,84,6099.3,8995.4,249.7,79.10,100,47,80,6300.2,10274.5,2.0,40,0
1782815033.541,30.629,250.0,79.10,100,42,84,5462.8,5448.9,249.9,79.11,100,50,77,6069.7,7639.7,249.9,79.11,100,48,84,6311.0,8735.6,249.4,79.10,100,47,80,6518.2,10340.8,2.0,40,0
1782815033.983,31.071,250.0,79.10,100,42,84,5568.0,5197.9,249.9,79.11,100,51,77,6071.1,7751.1,250.0,79.11,100,49,84,6308.6,8339.5,249.7,79.10,100,48,80,6982.2,9740.9,2.0,40,0
1782815034.429,31.517,250.0,79.10,100,43,84,5666.6,4545.8,250.0,79.11,100,51,77,6435.5,6756.8,250.1,79.11,100,49,84,7254.9,7993.4,250.4,79.10,100,48,81,7424.7,9808.6,2.0,40,0
1782815034.871,31.959,250.0,79.10,100,43,84,6493.6,4678.5,250.1,79.11,100,51,77,6852.3,6829.6,250.1,79.11,100,49,84,7067.6,8032.8,250.3,79.10,100,48,81,7489.5,9589.5,2.0,40,0
1782815035.312,32.400,250.0,79.10,100,43,84,6084.5,4683.3,249.9,79.11,100,50,77,6711.5,6653.6,249.8,79.11,100,48,84,6825.8,8047.3,249.7,79.10,100,47,81,6449.5,10445.4,2.0,40,0
1782815035.753,32.841,250.0,79.10,100,43,85,6181.7,5640.5,250.0,79.11,100,51,78,5792.5,7021.0,249.9,79.11,100,49,84,6015.6,9344.8,249.7,79.10,100,48,81,6183.8,10214.7,2.0,40,0
1782815036.203,33.291,250.0,79.10,100,43,85,5361.5,5448.9,250.1,79.11,100,51,78,5786.9,7512.3,250.1,79.11,100,49,84,6170.1,8985.4,250.2,79.10,100,48,81,6470.4,10265.6,2.0,40,0
1782815036.645,33.734,250.0,79.10,100,44,85,5766.1,5280.8,250.1,79.11,100,51,78,5937.4,8542.4,250.0,79.11,100,49,85,7087.0,9775.7,250.2,79.10,100,48,81,6513.0,10437.6,2.0,40,0
1782815037.100,34.188,250.0,79.10,100,43,85,5665.0,5027.9,250.0,79.11,100,50,78,5920.8,7187.8,250.0,79.11,100,49,85,7323.5,8130.5,250.2,79.10,100,48,81,7438.1,9706.6,2.0,40,0
1782815037.541,34.629,250.0,79.10,100,43,85,6592.0,4402.4,250.0,79.11,100,51,78,7028.2,6839.5,250.0,79.11,100,49,85,6933.1,7952.8,250.3,79.10,100,48,81,7046.2,9326.9,2.0,40,0
1782815037.982,35.070,250.0,79.10,100,43,85,6406.9,4678.8,250.1,79.11,100,50,78,6740.4,6710.9,250.1,79.11,100,49,85,6175.0,8579.9,250.2,79.10,100,48,81,6407.2,10238.0,2.0,40,0
1782815038.424,35.512,250.0,79.10,100,43,85,5363.0,5504.5,250.0,79.11,100,50,78,5576.7,7308.1,250.0,79.11,100,49,85,6179.5,8764.4,250.0,79.10,100,47,81,6487.6,10570.4,2.0,40,0
1782815038.865,35.953,250.0,79.10,100,42,85,5464.4,5270.2,249.9,79.11,100,50,78,5967.8,7731.7,250.0,79.11,100,48,85,6302.3,9322.6,249.7,79.10,100,47,81,6491.1,10841.5,2.0,40,0
1782815039.310,36.399,250.0,79.10,100,43,85,5623.2,5271.3,250.0,79.11,100,50,78,6099.1,7639.9,250.0,79.11,100,49,85,6261.1,8944.9,249.8,79.10,100,48,81,6773.5,10079.6,2.0,40,0
1782815039.752,36.840,250.0,79.10,100,43,85,5980.6,5281.2,250.0,79.11,100,50,78,6058.5,6879.2,250.0,79.11,100,48,85,7107.5,8782.3,250.2,79.10,100,48,81,7556.3,9932.3,2.0,40,0
1782815040.196,37.284,249.9,79.10,100,42,85,5762.1,5228.2,250.0,79.11,100,50,78,6101.8,6937.6,250.0,79.11,100,48,85,7298.6,8270.2,250.1,79.10,100,48,81,7520.5,10005.5,3.0,40,0
1782815040.639,37.727,250.0,79.10,100,43,85,5869.9,4511.2,250.0,79.11,100,50,78,7017.7,7297.9,249.9,79.11,100,48,85,8524.5,8725.2,250.1,79.10,100,48,81,7556.9,10333.7,3.0,40,0
1782815041.085,38.174,250.1,79.10,100,43,85,5670.0,4427.6,249.9,79.11,100,50,78,7040.0,7165.4,249.9,79.11,100,48,85,7199.7,8296.9,249.7,79.10,100,47,81,7323.7,9669.5,3.0,40,0
1782815041.527,38.615,250.1,79.10,100,43,85,6544.8,4663.5,250.0,79.11,100,50,78,6815.4,6823.6,250.0,79.11,100,49,85,6880.7,8423.5,249.7,79.10,100,47,81,7469.7,9868.5,3.0,40,0
1782815041.968,39.057,250.1,79.10,100,43,85,6567.2,4597.9,250.0,79.11,100,50,78,6821.6,6601.9,250.1,79.11,100,48,85,7094.5,7775.4,250.1,79.10,100,47,81,7212.6,9563.0,3.0,40,0
1782815042.416,39.504,250.0,79.10,100,42,85,6496.3,4818.4,249.9,79.11,100,50,78,6700.8,6605.8,250.1,79.11,100,48,85,5863.6,8636.2,249.9,79.10,100,48,81,6302.9,10094.7,3.0,40,0
1782815042.860,39.948,250.0,79.10,100,42,85,5159.5,5300.9,250.1,79.11,100,51,78,5707.3,7657.9,250.0,79.11,100,49,85,7025.3,8832.9,250.1,79.10,100,48,81,6290.3,10582.3,3.0,40,0
1782815043.308,40.397,249.9,79.10,100,43,85,5563.7,5285.1,250.1,79.11,100,51,78,6100.6,7803.2,250.0,79.11,100,49,86,6099.7,8879.7,250.5,79.10,100,48,81,6337.0,9906.1,3.0,40,0
1782815043.751,40.839,250.0,79.10,100,43,85,6495.4,4514.0,250.0,79.11,100,51,78,6947.9,7180.6,250.2,79.11,100,49,86,7120.3,8155.5,250.6,79.10,100,49,81,7145.2,9817.1,3.0,40,0
1782815044.193,41.282,250.0,79.10,100,43,85,6388.8,4678.7,250.1,79.11,100,51,78,6636.5,6548.8,250.1,79.11,100,49,86,5966.2,8559.0,250.3,79.10,100,49,81,6264.5,10216.3,3.0,40,0
1782815044.635,41.724,250.0,79.10,100,43,85,5160.7,5365.3,250.1,79.11,100,51,78,5813.9,7221.8,250.0,79.11,100,49,86,6101.3,9104.4,250.3,79.10,100,49,81,6796.4,10407.0,3.0,40,0
1782815045.081,42.170,250.0,79.10,100,43,86,5472.3,5198.0,250.0,79.11,100,51,78,5880.0,7671.1,250.0,79.11,100,49,86,6235.2,8721.6,249.9,79.10,100,49,82,6550.9,9800.2,3.0,40,0
1782815045.523,42.611,250.0,79.10,100,43,86,5664.9,5064.5,249.9,79.11,100,51,78,6189.5,7182.6,249.9,79.11,100,49,86,6960.6,8203.2,249.9,79.10,100,48,81,7329.3,9487.5,3.0,40,0
1782815046.416,43.505,250.0,79.10,100,43,86,6550.5,4511.7,250.0,79.11,100,51,78,6771.5,6895.5,250.1,79.11,100,49,86,7034.3,7545.6,250.0,79.10,100,48,82,7392.9,9038.6,4.0,40,0
1782815046.859,43.947,250.0,79.10,100,43,86,5058.0,5558.7,250.0,79.11,100,51,78,5815.4,7327.4,249.9,79.11,100,49,86,7102.4,9416.0,249.9,79.10,100,48,82,6342.1,10424.3,4.0,40,0
1782815047.308,44.396,250.0,79.10,100,44,86,5131.7,5394.7,250.0,79.11,100,51,78,5995.7,7772.7,250.0,79.11,100,49,86,6143.4,8728.4,249.9,79.10,100,48,82,6548.5,10252.9,4.0,40,0
1782815047.752,44.840,250.0,79.10,100,43,86,6682.7,5317.8,250.0,79.11,100,51,78,6059.4,7483.4,249.9,79.11,100,49,86,6327.1,8837.0,250.0,79.10,100,48,82,6577.3,9971.1,4.0,40,0
1782815048.203,45.291,250.0,79.10,100,43,86,6569.0,4344.9,250.0,79.11,100,52,78,6867.5,7018.4,250.1,79.11,100,50,86,6990.7,7952.5,250.2,79.10,100,49,82,7266.5,9442.8,4.0,40,0
1782815048.644,45.732,250.0,79.10,100,43,86,6288.4,4679.0,250.0,79.11,100,52,78,5902.6,8349.9,250.1,79.11,100,49,86,7164.7,8816.5,250.2,79.10,100,49,82,7374.4,9000.6,4.0,40,0
1782815049.097,46.185,250.0,79.10,100,43,86,6453.2,4772.0,250.0,79.11,100,51,78,6134.5,7230.3,250.1,79.11,100,49,86,5947.3,8849.9,250.1,79.10,100,49,82,6280.0,10149.3,4.0,40,0
1782815049.539,46.627,250.0,79.10,100,43,86,5474.0,5198.1,249.9,79.11,100,51,78,6147.4,7825.9,249.9,79.11,100,49,86,6208.1,9033.9,249.7,79.10,100,48,82,6538.1,10633.9,4.0,40,0
1782815049.981,47.070,250.0,79.10,100,43,86,5466.6,4177.0,250.0,79.11,100,51,78,6987.8,7215.2,250.0,79.11,100,49,86,7368.1,7879.8,249.9,79.10,100,49,82,7383.2,9593.2,4.0,40,0
1782815050.427,47.515,250.0,79.10,100,43,86,6388.0,4595.1,250.0,79.11,100,51,78,6784.3,7210.8,250.1,79.11,100,49,87,6873.9,7763.9,250.2,79.10,100,49,82,7324.7,9565.5,4.0,40,0
1782815050.869,47.957,250.0,79.10,100,43,86,6286.6,4681.8,249.9,79.11,100,51,79,5805.6,7382.7,250.0,79.11,100,49,87,5993.3,8666.6,250.0,79.10,100,48,82,6468.3,10566.9,4.0,40,0
1782815051.311,48.399,250.0,79.10,100,43,86,5441.8,5246.8,249.9,79.11,100,51,79,5975.1,7784.1,250.0,79.11,100,49,87,6263.7,9221.9,249.8,79.10,100,49,82,6454.0,9952.0,4.0,40,0
1782815051.754,48.842,250.0,79.10,100,43,86,6278.2,5030.5,250.0,79.11,100,51,79,6001.8,7366.2,250.0,79.11,100,48,87,7235.6,8244.7,249.8,79.10,100,48,82,7330.8,10012.6,4.0,40,0
1782815052.200,49.288,250.0,79.10,100,42,86,6388.9,4428.0,250.0,79.11,100,51,79,6893.9,7034.9,249.9,79.11,100,49,87,6875.9,8285.9,249.9,79.10,100,49,82,7195.5,9402.5,4.0,40,0
1782815052.641,49.730,250.0,79.10,100,43,86,5376.8,5053.3,250.0,79.11,100,51,79,5936.3,7350.7,250.1,79.11,100,49,87,6051.5,8845.7,249.9,79.10,100,49,82,6460.6,10223.9,4.0,40,0
1782815053.087,50.175,250.0,79.10,100,42,86,5462.7,5198.1,250.0,79.11,100,51,79,5977.9,7698.1,250.1,79.11,100,49,87,6198.2,8814.5,250.1,79.10,100,49,82,6475.0,9973.5,5.0,40,0
1782815053.530,50.618,250.0,79.10,100,44,86,6388.1,4344.2,250.0,79.11,100,51,79,6784.9,6833.1,250.1,79.11,100,49,87,6826.1,7739.8,250.2,79.10,100,48,82,7383.6,9588.0,5.0,40,0
1782815053.971,51.059,250.0,79.10,100,44,86,5489.2,4953.6,250.0,79.11,100,51,79,5778.3,7218.9,250.0,79.11,100,50,87,5954.4,8717.2,250.3,79.10,100,49,82,6366.1,11133.1,5.0,40,0
1782815054.416,51.505,250.0,79.10,100,43,86,5462.7,5171.1,250.1,79.11,100,51,79,5854.9,7980.0,250.0,79.11,100,50,87,6104.8,8152.4,250.2,79.10,100,48,82,7541.8,9723.5,5.0,40,0
1782815054.859,51.947,250.0,79.10,100,43,86,6590.3,4384.3,250.0,79.11,100,51,79,6738.6,6818.5,250.0,79.11,100,49,87,7944.9,7978.4,249.9,79.10,100,49,82,7360.3,9583.6,5.0,40,0
1782815055.306,52.395,250.0,79.10,100,43,86,6286.8,4620.9,250.0,79.11,100,51,79,6845.3,6990.8,249.9,79.11,100,49,87,6086.7,8435.7,249.8,79.10,100,48,82,6139.2,10318.7,5.0,40,0
1782815055.748,52.836,250.0,79.10,100,43,86,5568.6,5672.4,250.0,79.11,100,51,79,6354.9,7629.2,249.9,79.11,100,49,87,6173.9,8678.6,249.9,79.10,100,48,82,6302.5,10374.0,5.0,40,0
1782815056.194,53.282,250.0,79.10,100,43,86,5563.9,5027.8,250.0,79.11,100,51,79,6147.5,7539.0,250.0,79.11,100,49,87,6992.9,8140.2,250.0,79.10,100,48,82,7420.5,9660.7,5.0,40,0
1782815056.635,53.723,250.0,79.10,100,43,86,6308.6,4511.7,250.0,79.11,100,51,79,6611.3,7067.4,249.9,79.11,100,49,87,6956.7,8239.5,250.0,79.10,100,48,82,7093.2,9432.5,5.0,40,0
1782815057.079,54.167,250.0,79.10,100,44,86,5361.5,5287.5,249.9,79.11,100,51,79,5994.8,7653.1,249.9,79.11,100,49,87,6138.8,8660.4,249.8,79.10,100,48,82,6545.6,10461.3,5.0,40,0
1782815057.520,54.608,250.0,79.10,100,43,87,5551.8,5173.8,250.0,79.11,100,51,79,6118.6,7445.6,250.1,79.11,100,49,87,7160.0,8084.6,250.1,79.10,100,49,82,7337.8,9717.3,5.0,40,0
1782815057.960,55.049,250.0,79.10,100,43,87,6205.8,4606.2,250.0,79.11,100,51,79,6699.5,7033.4,250.1,79.11,100,49,87,6506.1,7900.9,250.3,79.10,100,49,82,6418.1,10544.0,5.0,40,0
1782815058.401,55.489,250.0,79.10,100,43,87,5159.1,5365.3,250.0,79.11,100,51,79,5924.8,7456.9,250.0,79.11,100,49,88,6115.5,8551.7,250.0,79.10,100,49,82,6562.0,10983.9,6.0,40,0
1782815058.842,55.930,250.0,79.10,100,43,87,5954.6,4177.2,250.0,79.11,100,51,79,6790.6,7379.2,250.0,79.11,100,49,88,6907.2,8294.9,250.0,79.10,100,49,82,8666.7,9885.4,6.0,40,0
1782815059.289,56.377,250.0,79.10,100,43,87,6186.6,4538.8,250.0,79.11,100,51,79,6707.4,7143.2,250.1,79.11,100,49,88,7085.5,7810.6,250.1,79.10,100,49,82,6064.5,10087.0,6.0,40,0
1782815059.729,56.817,250.1,79.10,100,43,87,4959.9,6249.3,250.0,79.11,100,51,79,5792.9,7581.9,250.0,79.11,100,49,88,5897.4,8619.8,250.0,79.10,100,48,83,6347.8,10473.4,6.0,40,0
1782815060.182,57.270,250.0,79.10,100,44,87,5525.2,5448.6,250.0,79.11,100,51,79,5957.3,7992.4,249.9,79.11,100,49,88,6294.7,8119.2,250.1,79.10,100,48,83,7435.3,10411.7,6.0,40,0
1782815060.626,57.715,250.0,79.10,100,43,87,6391.9,4398.4,250.0,79.11,100,51,79,6639.7,7033.5,250.0,79.11,100,50,88,7480.1,7825.3,250.1,79.10,100,48,83,7169.5,9566.8,6.0,40,0
1782815061.070,58.158,250.0,79.10,100,43,87,6236.8,4598.3,250.0,79.11,100,51,79,5631.8,7136.5,250.0,79.11,100,50,88,6104.8,8715.3,250.0,79.10,100,48,83,6444.9,10497.1,6.0,40,0
1782815061.511,58.600,250.0,79.10,100,43,87,5298.1,5031.1,250.0,79.11,100,51,79,6167.3,8185.3,250.0,79.11,100,49,88,6161.1,7667.1,249.7,79.10,100,48,83,7348.3,9881.0,6.0,40,0
1782815061.952,59.041,250.0,79.10,100,43,87,6510.9,4430.6,249.9,79.11,100,51,79,6842.0,6849.6,250.0,79.11,100,49,88,6678.3,7680.0,249.8,79.10,100,48,83,7238.9,9694.5,6.0,40,0
1782815062.396,59.484,250.0,79.10,100,44,87,6396.1,4595.9,250.0,79.11,100,51,79,5651.0,7631.3,250.0,79.11,100,49,88,5825.7,8659.2,250.0,79.10,100,48,83,6156.1,10512.9,6.0,40,0
1782815062.836,59.924,250.0,79.10,100,43,87,5563.8,4260.9,250.0,79.11,100,52,79,6403.8,7517.8,250.0,79.11,100,50,88,7000.0,8073.4,250.2,79.10,100,49,83,7598.3,9802.8,6.0,40,0
1782815063.278,60.367,250.0,79.10,100,44,87,6222.0,4464.8,250.0,79.11,100,51,79,6918.4,7216.3,250.0,79.11,100,49,88,6344.1,8338.7,250.3,79.10,100,49,83,5959.0,10226.1,6.0,40,0
1782815063.718,60.806,250.0,79.10,100,43,87,5411.9,5433.8,250.0,79.11,100,51,79,6235.9,8025.4,250.1,79.11,100,49,88,6038.9,8525.0,250.0,79.10,100,49,83,6387.2,10161.9,6.0,40,0
1782815064.163,61.251,250.0,79.10,100,43,87,5665.3,4269.8,250.0,79.11,100,51,79,6907.9,7561.6,250.0,79.11,100,49,88,7033.4,8342.5,249.9,79.10,100,49,83,7415.4,10017.9,6.0,40,0
1782815064.609,61.697,250.0,79.10,100,43,87,6410.5,4564.1,250.0,79.11,100,51,79,6763.5,7307.4,250.0,79.11,100,50,88,6897.2,7811.8,249.9,79.10,100,49,83,7932.2,12046.8,6.0,40,0
1782815065.059,62.147,250.0,79.10,100,44,87,6423.0,4512.5,250.0,79.11,100,51,79,5863.2,7503.8,250.0,79.11,100,50,88,6088.6,8409.0,250.1,79.10,100,49,83,6425.4,10335.4,6.0,40,0
1782815065.501,62.589,250.0,79.10,100,43,87,5563.8,5360.5,250.0,79.11,100,51,79,5925.0,7083.8,250.0,79.11,100,49,88,6640.8,7600.0,250.1,79.10,100,48,83,7400.3,10016.1,6.0,40,0
1782815065.943,63.031,250.0,79.10,100,43,87,7606.4,4428.0,250.0,79.11,100,51,79,6954.5,7552.1,250.0,79.11,100,50,88,7024.5,7997.7,250.0,79.10,100,48,83,7350.5,9713.1,7.0,40,0
1782815066.389,63.477,250.0,79.10,100,43,87,6153.0,4678.7,249.9,79.11,100,51,79,6366.2,6933.6,249.9,79.11,100,50,88,5977.6,8122.9,249.9,79.10,100,48,83,6532.8,10294.6,7.0,40,0
1782815066.831,63.919,250.0,79.10,100,43,87,5509.5,5114.5,250.1,79.11,100,51,79,6021.7,8155.6,250.0,79.11,100,50,88,6247.6,8377.9,249.9,79.10,100,49,83,6935.0,10589.2,7.0,40,0
1782815067.273,64.362,250.0,79.10,100,43,87,6489.1,4318.5,250.1,79.11,100,51,79,6701.8,6985.8,250.0,79.11,100,50,88,6749.6,7447.0,250.0,79.10,100,48,83,7265.2,9380.6,7.0,40,0
1782815067.715,64.803,250.0,79.10,100,43,87,5574.1,5233.1,250.0,79.11,100,51,79,6102.3,6895.5,250.0,79.11,100,49,88,5960.5,8296.7,250.1,79.10,100,48,83,6219.0,10510.7,7.0,40,0
1782815068.162,65.251,250.0,79.10,100,43,87,5464.3,5365.1,250.0,79.11,100,51,79,6102.0,7822.5,250.0,79.11,100,49,88,6169.1,9103.8,250.0,79.10,100,49,83,6469.2,10084.9,7.0,40,0
1782815068.604,65.692,250.0,79.10,100,43,87,6533.9,4427.8,249.9,79.11,100,51,79,6863.5,7557.0,250.0,79.11,100,49,89,6979.6,9360.5,250.0,79.10,100,49,83,8189.0,11210.6,7.0,40,0
1782815069.059,66.147,250.0,79.10,100,44,87,6288.6,4371.6,250.0,79.11,100,51,79,6594.6,7367.6,250.0,79.11,100,49,89,5900.9,8346.6,250.1,79.10,100,49,83,6320.2,10037.6,7.0,40,0
1782815069.500,66.588,250.0,79.10,100,44,87,5260.4,5198.0,250.0,79.11,100,52,80,5921.9,7523.0,250.1,79.11,100,50,88,6050.9,8003.9,250.2,79.10,100,49,83,6740.6,9368.3,7.0,40,0
1782815069.941,67.030,250.0,79.10,100,44,87,6391.1,4428.4,250.0,79.11,100,52,80,6859.1,7334.5,250.1,79.11,100,50,88,6834.3,7966.6,250.2,79.10,100,49,83,6766.5,9508.6,7.0,40,0
1782815070.383,67.471,250.0,79.10,100,43,87,5336.6,5404.9,250.0,79.11,100,51,79,5952.2,7595.4,249.9,79.11,100,50,89,5943.7,8602.0,249.8,79.10,100,48,83,6391.7,10548.6,7.0,40,0
1782815070.825,67.913,250.0,79.10,100,43,87,5657.8,5278.6,250.0,79.11,100,51,80,5898.9,7539.5,249.9,79.11,100,50,89,7146.4,8240.2,249.7,79.10,100,48,83,7395.8,9882.3,7.0,40,0
1782815071.267,68.356,250.0,79.10,100,43,87,6364.2,4511.7,250.0,79.11,100,52,80,6718.0,7148.3,250.0,79.11,100,50,89,6685.4,7358.5,250.1,79.10,100,48,83,6131.7,10153.5,8.0,40,0
1782815071.709,68.797,250.0,79.10,100,44,87,6274.9,5307.9,249.9,79.11,100,51,80,7033.3,7491.4,250.0,79.11,100,49,89,5990.1,8312.2,250.1,79.10,100,48,83,6365.9,10535.4,8.0,40,0
1782815072.162,69.251,250.0,79.10,100,44,88,5464.3,5213.2,249.9,79.11,100,51,80,6001.5,7721.3,250.0,79.11,100,49,89,6110.7,8190.7,250.1,79.10,100,49,83,6857.3,10222.8,8.0,40,0
1782815072.605,69.693,250.0,79.10,100,43,88,6390.8,4594.9,250.0,79.11,100,52,80,6877.9,7539.0,250.0,79.11,100,49,89,7020.9,8838.3,250.1,79.10,100,49,83,7452.1,11264.5,8.0,40,0
1782815073.053,70.141,250.0,79.10,100,44,87,6021.3,4511.7,250.0,79.11,100,51,80,6656.7,6817.0,250.0,79.11,100,49,89,5785.5,8538.4,250.0,79.10,100,49,83,6318.5,10209.1,8.0,40,0
1782815073.496,70.584,250.0,79.10,100,44,87,5671.3,5245.9,250.0,79.11,100,51,80,6096.2,7924.7,250.0,79.11,100,50,89,6040.5,7794.1,249.9,79.10,100,49,83,7296.3,10177.3,8.0,40,0
1782815073.938,71.026,250.0,79.10,100,44,88,6495.3,4534.6,250.0,79.11,100,51,80,6912.4,7027.1,250.0,79.11,100,50,89,6980.7,7633.1,250.1,79.10,100,49,83,7338.4,9167.9,8.0,40,0
1782815074.381,71.469,250.0,79.10,100,43,88,5616.7,0.5,250.0,79.11,100,51,80,6.2,8.6,250.0,79.11,100,50,89,102.7,66.6,250.1,79.10,100,49,83,165.5,943.6,8.0,40,0
1782815075.548,72.636,221.3,79.10,99,44,87,1.6,17117.5,213.0,79.11,99,54,80,20706.2,4.1,217.5,79.11,100,62,89,2.9,4.4,206.9,79.10,99,46,83,1126.8,16791.0,8.0,40,0
1782815075.989,73.078,221.3,79.10,99,44,87,17144.7,4.5,252.1,79.11,99,59,80,1.9,4.5,249.9,79.11,99,48,89,11436.0,14294.9,243.7,79.10,100,59,83,11328.8,4.7,8.0,40,0
1782815076.431,73.519,256.2,79.10,99,40,87,547.6,15411.9,253.9,79.11,99,45,80,17848.5,5.4,249.9,79.11,100,41,89,2.1,1050.5,246.2,79.10,99,49,83,18917.7,17197.2,8.0,40,0
1782815076.874,73.963,248.2,79.10,100,37,88,18100.8,12318.3,247.1,79.11,99,44,80,2.1,5.9,248.5,79.11,99,43,89,14869.2,14844.7,240.9,79.10,99,43,83,7285.9,5.6,8.0,40,0
1782815077.315,74.404,248.1,79.10,100,34,88,1.9,4.9,249.3,79.11,99,44,80,522.1,17128.1,250.6,79.11,100,42,89,20749.7,5.0,237.4,79.10,100,42,83,4.5,4.2,8.0,40,0
1782815077.756,74.844,249.3,79.10,100,39,88,9.5,6.1,250.2,79.11,99,41,80,4.4,13495.5,248.2,79.11,99,39,88,16805.0,5325.1,239.0,79.10,99,39,83,4.4,4.6,8.0,40,0
1782815078.205,75.293,250.5,79.10,100,37,87,17264.4,3587.4,251.1,79.11,99,48,80,3.7,4.3,249.9,79.11,99,40,89,3.4,15496.3,242.8,79.10,99,47,83,17015.3,3814.4,8.0,40,0
1782815078.646,75.734,251.0,79.10,99,37,87,1.8,6312.8,251.1,79.11,99,48,80,17396.6,12605.3,252.6,79.11,99,55,89,5.9,9.7,242.8,79.10,99,47,83,499.1,15321.7,8.0,40,0
1782815079.094,76.183,251.0,79.10,100,39,87,1.9,4.1,251.6,79.11,100,58,80,2.7,80.9,252.6,79.11,99,55,89,19709.0,17191.6,244.8,79.10,100,55,83,1.8,4.6,8.0,40,0
1782815079.536,76.625,250.6,79.10,99,41,87,4.3,16803.6,250.6,79.11,100,57,80,20705.4,4.5,250.1,79.11,99,53,89,2.1,4.4,243.9,79.10,100,53,83,10561.8,14371.5,8.0,40,0
1782815079.979,77.067,250.6,79.10,99,41,87,6.1,3.9,249.2,79.11,100,53,80,515.4,17178.6,250.5,79.11,99,53,89,20750.7,5.0,244.4,79.10,100,52,83,1.9,4.5,8.0,40,0
1782815080.421,77.509,250.1,79.10,99,42,88,17379.3,11971.8,248.7,79.11,100,55,80,4.3,5.0,250.7,79.11,100,53,89,1080.3,16808.0,244.3,79.10,99,48,84,20751.2,5.4,8.0,40,0
1782815080.867,77.955,249.5,79.10,100,46,88,20709.1,15824.2,248.3,79.11,99,44,80,613.0,5.3,249.2,79.11,100,50,90,2.5,16385.9,240.4,79.10,99,39,84,19508.0,959.3,8.0,40,0
1782815081.309,78.398,248.5,79.10,100,37,88,17449.2,2809.5,251.5,79.11,99,43,80,4.6,5.4,247.9,79.11,100,41,89,16819.9,14524.5,242.5,79.10,99,41,83,5745.8,5.4,4.0,0,6
1782815081.751,78.839,250.1,79.10,99,40,88,6010.9,14933.9,240.4,79.11,99,16,79,15792.0,4.2,241.0,79.11,99,13,88,2.7,4.1,234.8,79.10,99,20,84,5192.2,14541.8,4.0,0,6
1782815082.194,79.282,250.5,79.10,100,56,88,20705.2,3.5,247.2,79.11,100,66,80,2.9,4.2,249.9,79.11,100,72,90,3.3,7164.4,239.3,79.10,100,58,83,16947.2,12112.6,4.0,0,6
1782815082.636,79.724,249.9,79.10,100,40,89,1.7,4.0,247.2,79.11,100,66,80,498.7,17215.2,257.7,79.11,99,46,89,19222.8,1201.7,239.3,79.10,100,58,83,9.0,9.2,4.0,0,6
1782815083.081,80.170,249.3,79.10,99,39,88,19293.4,14050.1,253.4,79.11,99,59,80,4193.1,4.5,257.7,79.11,99,46,89,3.9,516.6,248.7,79.10,100,62,83,19733.4,17200.7,4.0,0,6
1782815083.523,80.612,248.1,79.10,99,37,88,1.8,17114.0,252.9,79.11,99,42,80,20706.2,5.2,247.8,79.11,100,41,89,3.4,527.2,242.7,79.10,99,46,83,19713.8,17190.7,4.0,0,6
1782815083.965,81.054,248.1,79.10,99,37,88,17225.1,4056.4,248.2,79.11,100,44,80,2.0,5.1,247.6,79.11,100,46,90,20794.5,15522.3,238.3,79.10,100,40,83,625.6,5.9,4.0,0,6
1782815084.411,81.499,248.2,79.10,100,35,88,27.4,5.1,247.9,79.11,99,39,81,3.5,2960.3,249.0,79.11,99,37,90,17845.1,15755.2,237.3,79.10,99,37,84,2.0,5.9,4.0,0,6
1782815084.852,81.941,249.6,79.10,100,39,88,16917.2,4048.8,250.8,79.11,99,44,80,1.8,4.6,250.0,79.11,99,41,89,1073.1,16821.7,240.4,79.10,99,43,82,20765.9,5.6,4.0,0,6
1782815085.293,82.381,250.9,79.10,100,37,88,4060.0,14532.1,252.6,79.11,100,58,81,18719.5,4.5,250.9,79.11,100,46,89,3.1,4.4,243.0,79.10,100,56,83,8808.6,14259.8,4.0,0,6
1782815085.735,82.823,251.4,79.10,100,39,88,4.7,10.0,251.4,79.11,100,59,81,2034.7,14949.6,252.5,79.11,99,56,89,18181.3,4.9,243.7,79.10,100,56,84,2.6,4.4,4.0,0,6
1782815086.186,83.274,251.1,79.10,99,40,88,20707.0,4.0,248.6,79.11,100,55,81,2.1,4.3,250.6,79.11,100,53,90,1108.4,16751.0,244.7,79.10,100,48,84,20749.8,4.3,4.0,0,6
1782815086.626,83.715,250.7,79.10,100,45,88,1.7,17113.9,248.6,79.11,100,55,81,20331.7,119.9,249.7,79.11,100,52,90,1.9,7.8,244.7,79.10,100,48,84,12882.0,14473.4,4.0,0,6
1782815087.075,84.163,249.9,79.10,100,50,88,3.5,4.5,247.9,79.11,99,45,80,3769.2,14750.2,249.7,79.11,100,52,90,18241.0,4.5,240.3,79.10,99,39,84,1.9,4.2,4.0,0,6
1782815087.516,84.604,248.9,79.10,100,37,88,2819.3,4.6,249.2,79.11,99,41,80,3.7,9414.7,249.8,79.11,100,42,89,17537.0,9302.6,241.6,79.10,99,40,83,3.7,5.6,4.0,0,6
1782815087.957,85.045,248.9,79.10,100,37,88,2.0,7.9,250.6,79.11,100,40,81,20247.2,17111.1,249.4,79.11,100,39,89,2.2,5.9,242.0,79.10,99,41,83,1097.5,16753.4,4.0,0,6
1782815088.398,85.486,249.6,79.10,100,37,89,20704.8,17108.3,251.0,79.11,100,41,81,20703.6,17105.3,249.0,79.11,100,39,89,3.5,4.4,239.2,79.10,100,40,83,2.3,1967.2,7.0,1,31
1782815088.841,85.929,246.4,79.10,98,11,89,20706.3,4.2,245.0,79.11,100,63,81,1.8,4.0,245.1,79.11,99,55,90,1.7,689.5,234.1,79.10,100,61,84,19068.1,14323.7,7.0,1,31
1782815089.286,86.374,249.2,79.10,100,41,88,1.7,4.0,247.6,79.11,100,40,80,1.8,6468.5,247.5,79.11,100,41,89,17479.1,12175.0,237.2,79.10,99,40,83,2.3,4.4,7.0,1,31
1782815089.727,86.815,248.6,79.10,100,40,88,5.3,17115.1,250.1,79.11,99,43,80,20710.1,7.0,252.1,79.11,99,41,88,1.8,4.5,244.0,79.10,99,41,83,1544.6,16024.1,7.0,1,31
1782815090.172,87.260,249.5,79.10,100,40,89,3.6,4.8,249.3,79.11,99,41,80,14518.7,14617.9,249.8,79.11,99,40,89,7580.5,5.4,244.0,79.10,99,39,83,3.1,12396.9,7.0,1,31
1782815090.614,87.702,250.3,79.10,99,36,88,2.0,17119.9,249.3,79.11,99,41,80,20708.4,5.3,249.5,79.11,99,39,90,4.5,537.4,244.0,79.10,99,39,83,19714.3,17192.8,7.0,1,31
1782815091.059,88.147,249.6,79.10,99,34,89,17473.9,8726.7,247.3,79.11,99,41,80,2.0,5.1,249.5,79.11,99,39,90,2557.8,15291.2,239.3,79.10,99,39,82,19680.6,5.0,7.0,1,31
1782815091.500,88.588,249.8,79.10,100,41,89,20613.9,14630.1,248.7,79.11,99,47,81,2043.8,4.6,250.8,79.11,100,45,90,3.5,544.5,238.1,79.10,99,43,84,19725.1,17196.2,7.0,1,31
1782815091.951,89.039,249.8,79.10,100,41,89,4.9,18.6,250.9,79.11,100,41,81,18084.1,17106.6,249.5,79.11,99,39,88,1.7,4.6,239.8,79.10,99,39,83,1.8,8760.8,7.0,1,31
1782815092.395,89.483,249.5,79.10,99,36,89,2950.7,3.8,250.5,79.11,99,43,80,1.8,4.2,249.7,79.11,99,40,90,20801.9,14811.9,241.0,79.10,99,41,83,1289.4,4.4,7.0,1,31
1782815092.837,89.925,249.1,79.10,99,38,89,1.7,17111.9,250.7,79.11,99,43,80,20706.3,4.8,250.3,79.11,99,41,89,2.7,5.4,242.9,79.10,99,40,82,5824.1,14247.6,7.0,1,31
1782815093.287,90.375,249.7,79.10,100,38,89,1.7,4.2,249.1,79.11,99,43,80,1.7,13570.2,250.1,79.11,99,43,89,16719.4,5586.7,243.3,79.10,99,40,82,2.4,4.5,7.0,1,31
1782815093.727,90.816,250.0,79.10,99,37,89,20711.1,16732.2,249.0,79.11,100,45,80,13.3,7.3,250.3,79.11,100,42,88,1.8,589.5,243.0,79.10,99,42,84,19707.2,17196.6,7.0,1,31
1782815094.170,91.259,249.9,79.10,100,37,89,3.9,4.2,250.3,79.11,99,41,81,11290.0,14431.1,249.2,79.11,100,41,88,11115.3,4.7,243.4,79.10,100,39,83,2.4,531.7,7.0,1,31
1782815094.612,91.700,249.7,79.10,100,37,88,2.9,4.8,250.3,79.11,99,41,81,1589.5,18267.9,250.7,79.11,100,45,89,11615.1,5.7,243.4,79.10,100,39,83,6.8,9200.3,7.0,1,31
1782815095.064,92.152,249.8,79.10,99,36,89,3.8,1776.6,249.2,79.11,100,44,81,18080.9,16498.3,250.7,79.11,100,45,89,3.5,5.3,242.6,79.10,100,44,84,2565.7,22993.2,9.0,5,27
1782815095.507,92.595,244.3,79.10,99,24,89,1.7,3.9,248.8,79.11,99,42,81,1.9,61.9,249.9,79.11,100,41,88,19707.1,17198.0,235.0,79.10,100,40,82,2.1,4.0,9.0,5,27
1782815095.948,93.036,244.3,79.10,99,24,89,5.2,4.8,246.8,79.11,100,46,81,3963.5,14387.9,244.7,79.11,100,45,89,18531.9,4.3,235.9,79.10,99,50,84,2.3,4.3,9.0,5,27
1782815096.391,93.480,249.8,79.10,99,42,89,15377.5,14062.1,245.8,79.11,99,41,80,8022.2,4.1,248.4,79.11,99,47,89,2.9,4.8,243.4,79.10,100,40,84,1160.7,16753.2,9.0,5,27
1782815096.833,93.921,257.3,79.10,100,57,89,2.8,4.1,250.9,79.11,99,56,81,3.5,14498.8,253.7,79.11,100,59,89,17075.4,4656.3,245.9,79.10,99,47,84,4.3,9.2,9.0,5,27
1782815097.274,94.363,251.3,79.10,100,45,89,684.8,4.8,248.8,79.11,100,41,80,2.0,14355.2,250.2,79.11,100,41,89,17466.6,4441.0,242.8,79.10,99,40,83,2.1,6.3,9.0,5,27
1782815097.715,94.803,249.2,79.10,99,36,89,6.9,2006.0,249.4,79.11,100,44,81,18379.7,14549.7,249.3,79.11,100,43,89,6.6,5.8,236.7,79.10,99,40,83,14462.8,14568.8,9.0,5,27
1782815098.160,95.248,248.1,79.10,99,33,88,1.9,17113.5,249.4,79.11,100,44,81,20708.1,5.6,251.7,79.11,100,42,89,2.7,5.0,236.7,79.10,99,40,83,17300.2,14336.8,9.0,5,27
1782815098.602,95.690,251.1,79.10,99,43,89,1.8,4.3,253.0,79.11,100,49,81,3800.1,14585.7,252.3,79.11,100,52,89,18240.0,5.7,240.9,79.10,100,46,84,4.3,542.4,9.0,5,27
1782815099.048,96.137,252.5,79.10,100,52,89,17979.1,4.5,250.4,79.11,100,50,81,1.9,4.4,252.3,79.11,100,52,89,9848.2,14386.1,241.1,79.10,100,43,84,13309.0,4.4,9.0,5,27
1782815099.489,96.578,252.5,79.10,100,52,89,2.8,5668.9,247.9,79.11,100,45,80,17393.9,13645.9,249.1,79.11,100,51,89,2.7,4.3,240.6,79.10,99,41,84,2.2,5016.5,9.0,5,27
1782815099.932,97.020,250.2,79.10,100,51,89,7531.3,6.7,250.2,79.11,100,46,80,5.8,4.0,249.2,79.11,100,55,89,15971.4,13874.6,243.6,79.10,99,40,84,7299.7,4.6,9.0,5,27
1782815100.374,97.462,250.7,79.10,100,50,89,3.4,17116.3,250.8,79.11,99,47,81,20706.9,4.7,252.1,79.11,100,56,89,2.8,4.7,244.2,79.10,99,41,84,1147.0,16748.9,9.0,5,27
1782815100.815,97.904,251.0,79.10,100,49,89,1.7,4.1,249.3,79.11,100,45,80,3.4,12315.6,249.5,79.11,99,53,89,17010.4,6814.5,243.1,79.10,99,41,84,1.9,7.1,9.0,5,27
1782815101.261,98.349,250.6,79.10,100,49,89,17313.4,13671.0,248.3,79.11,99,41,80,2.3,4.5,249.3,79.11,99,44,89,1.8,16192.0,242.8,79.10,99,39,83,17279.2,2871.7,9.0,5,27
1782815101.702,98.790,249.9,79.10,99,38,89,17297.2,8592.7,251.5,79.11,100,46,81,7.2,10.0,251.1,79.11,100,41,89,20804.3,16778.5,244.0,79.10,99,45,84,2.6,5.3,9.0,5,27
1782815102.149,99.238,249.7,79.10,99,41,89,21022.6,17107.3,251.5,79.11,100,46,81,20704.1,17103.7,247.2,79.11,98,34,88,20744.4,17194.5,244.0,79.10,99,45,84,20745.2,4.3,12.0,9,23
1782815102.591,99.679,247.1,79.10,99,51,89,1.7,3.6,247.5,79.11,98,25,80,17993.0,13981.2,247.2,79.11,98,34,88,4413.7,4.1,232.8,79.10,98,21,83,2.1,7.0,12.0,9,23
1782815103.032,100.121,250.7,79.10,100,53,89,574.4,16484.9,243.8,79.11,100,42,80,20708.3,4.2,246.2,79.11,100,47,89,1.8,4.3,237.4,79.10,99,41,84,1130.4,16791.2,12.0,9,23
1782815103.474,100.563,250.7,79.10,100,53,89,20708.9,4.1,250.5,79.11,100,61,81,1.9,5.3,251.0,79.11,99,58,89,4509.6,14639.3,251.6,79.10,100,58,84,18245.6,4.6,12.0,9,23
1782815103.915,101.003,253.0,79.10,100,40,89,1.8,17117.7,253.1,79.11,100,53,81,20708.4,8.0,252.2,79.11,100,41,89,4.5,4.7,244.8,79.10,100,53,84,20317.8,16240.4,12.0,9,23
1782815104.358,101.447,249.8,79.10,99,37,89,20707.0,17107.0,249.7,79.11,99,45,81,2.2,5.6,249.6,79.11,100,43,89,1100.6,16741.1,240.0,79.10,99,40,84,20747.0,5.4,12.0,9,23
1782815104.799,101.887,248.8,79.10,100,34,89,11603.6,4.9,248.3,79.11,100,42,82,2.0,7586.2,248.7,79.11,100,42,89,17618.8,8604.3,237.1,79.10,100,41,84,2.0,5.3,12.0,9,23
1782815105.242,102.331,250.1,79.10,99,38,89,11062.6,4.0,250.5,79.11,100,39,81,3.1,4.1,249.0,79.11,100,39,88,15151.8,14369.6,239.7,79.10,99,39,84,7570.2,4.6,12.0,9,23
1782815105.684,102.772,251.0,79.10,100,37,88,15040.3,14264.2,251.4,79.11,100,46,81,7965.3,9.8,249.3,79.11,99,38,89,5.1,6.5,241.9,79.10,100,48,84,18451.1,13949.9,12.0,9,23
1782815106.129,103.217,251.0,79.10,100,37,89,1.7,4.1,251.4,79.11,100,46,81,756.6,16588.6,251.5,79.11,99,49,89,20749.3,4.3,241.9,79.10,100,48,84,2.3,4.6,12.0,9,23
1782815106.571,103.659,250.5,79.10,99,38,90,20708.1,17112.9,252.3,79.11,100,61,81,1.7,4.4,251.5,79.11,99,49,89,1.8,2645.5,244.1,79.10,100,56,84,17307.1,16708.0,12.0,9,23
1782815107.012,104.100,249.1,79.10,99,39,90,2.6,4.1,250.2,79.11,100,57,81,5010.8,14347.5,250.8,79.11,100,45,89,17601.4,4.5,243.2,79.10,100,54,84,1.9,4.2,12.0,9,23
1782815107.455,104.543,249.1,79.10,99,39,90,20704.1,4.0,249.5,79.11,100,54,81,2.8,4.4,249.7,79.11,100,42,89,1094.4,16802.3,243.1,79.10,100,50,84,20750.6,5.1,12.0,9,23
1782815107.896,104.985,249.0,79.10,100,38,89,1.8,2576.6,251.1,79.11,100,56,82,17562.2,16577.7,249.1,79.11,99,49,89,5.1,4.7,244.4,79.10,100,53,84,2.2,9717.4,12.0,9,23
1782815108.338,105.427,249.1,79.10,99,38,88,2.0,5.0,248.9,79.11,100,50,82,10886.7,14698.9,249.4,79.11,100,49,89,11105.5,5.4,243.6,79.10,100,49,84,3.7,6949.4,12.0,9,23
1782815108.780,105.869,249.4,79.10,100,36,89,3.6,6390.0,247.5,79.11,100,41,81,17735.5,12366.0,247.5,79.11,100,39,88,2.0,5.5,240.0,79.10,99,38,84,3753.2,14788.4,15.0,13,19
1782815109.226,106.314,249.4,79.10,100,36,89,2.7,4.0,240.8,79.11,100,13,81,499.5,17125.5,241.8,79.11,100,13,88,20750.1,4.2,235.7,79.10,99,14,84,2.4,4.2,15.0,13,19
1782815109.668,106.756,249.4,79.10,100,51,89,1.7,17112.9,240.8,79.11,100,13,81,20709.5,9.8,249.2,79.11,100,64,89,8.6,8.0,238.5,79.10,100,70,84,498.1,9815.9,15.0,13,19
1782815110.117,107.205,249.5,79.10,99,40,89,20706.7,3.8,249.8,79.11,100,74,82,2.7,4.3,255.5,79.11,100,42,88,1102.4,16816.6,238.5,79.10,100,70,84,20751.3,4.8,15.0,13,19
1782815110.559,107.647,250.1,79.10,99,40,89,3.5,7.4,256.6,79.11,100,43,81,19527.8,13778.9,255.5,79.11,100,42,88,3500.3,4.7,245.1,79.10,100,48,83,2.8,581.1,15.0,13,19
1782815111.000,108.088,250.1,79.10,99,40,89,2.5,5.1,250.9,79.11,100,40,81,2323.5,15197.3,248.2,79.11,100,39,88,19393.8,7.0,242.8,79.10,100,38,84,3.4,1083.6,15.0,13,19
1782815111.446,108.534,249.0,79.10,99,37,88,1.9,13025.7,247.9,79.11,100,47,82,17455.0,5877.9,249.9,79.11,100,45,89,3.0,5.4,239.9,79.10,100,45,84,19218.8,14632.1,15.0,13,19
1782815111.887,108.975,249.4,79.10,100,35,89,16065.0,14095.7,249.6,79.11,100,39,82,7328.5,7.8,250.8,79.11,100,37,89,6.8,598.1,239.4,79.10,100,38,84,19699.9,17200.3,15.0,13,19
1782815112.329,109.418,251.7,79.10,100,41,89,1.8,5821.9,249.7,79.11,99,41,81,17509.5,13025.6,246.6,79.11,99,39,88,4.4,4.6,238.3,79.10,99,41,83,2.2,12130.8,15.0,13,19
1782815112.772,109.860,250.7,79.10,100,37,89,5.1,7.5,249.4,79.11,99,44,81,1.7,15206.9,249.4,79.11,99,40,88,17419.8,3528.1,240.5,79.10,100,42,84,2.9,4.7,15.0,13,19
1782815113.214,110.302,248.6,79.10,100,38,89,20707.1,17108.1,251.8,79.11,99,43,81,2.1,4.6,251.6,79.11,99,41,88,2.6,550.8,244.6,79.10,99,48,83,19727.9,17204.6,15.0,13,19
1782815113.655,110.743,249.2,79.10,99,38,89,1.8,4.1,251.8,79.11,99,43,81,3149.7,14487.4,250.0,79.11,99,40,88,19382.1,9.8,244.6,79.10,99,48,83,9.1,6.5,15.0,13,19
1782815114.100,111.188,249.7,79.10,99,39,89,16824.6,4120.4,250.6,79.11,100,43,81,2.0,4.5,250.0,79.11,99,40,88,1085.3,16820.2,244.6,79.10,100,47,83,20751.3,5.3,15.0,13,19
1782815114.541,111.629,249.6,79.10,99,38,88,1.7,9063.3,248.8,79.11,99,44,82,18066.2,9533.2,249.9,79.11,99,40,88,1.9,4.6,242.5,79.10,100,48,84,501.3,15826.6,15.0,13,19
1782815114.982,112.071,249.6,79.10,99,38,88,7.8,10.1,249.4,79.11,100,54,82,510.9,17167.7,249.6,79.11,100,42,89,20748.5,5.2,242.9,79.10,100,53,84,2.6,4.7,15.0,13,19
1782815115.425,112.514,250.0,79.10,99,37,89,2.0,4.9,247.9,79.11,99,50,82,10584.6,14800.2,251.6,79.11,100,47,89,11311.0,5.8,240.7,79.10,99,46,84,2.5,13872.2,15.0,13,19
1782815115.868,112.956,249.8,79.10,100,37,89,2.2,17049.9,249.1,79.11,100,41,82,20787.2,17105.0,248.5,79.11,100,38,89,22100.1,16824.6,238.9,79.10,100,40,84,22474.8,15660.6,18.0,17,15
1782815116.313,113.401,245.5,79.10,99,36,89,5866.7,3.5,243.3,79.11,99,57,82,1.8,4.0,241.2,79.11,100,65,89,1128.9,16786.2,235.1,79.10,99,51,84,20753.5,4.0,18.0,17,15
1782815116.754,113.842,250.3,79.10,100,54,89,8.1,7.0,248.5,79.11,100,67,82,4.5,8743.3,247.7,79.11,99,56,89,17066.9,10504.9,237.7,79.10,100,68,84,3.5,4.4,18.0,17,15
1782815117.197,114.285,253.7,79.10,100,39,89,3.4,7050.7,257.2,79.11,99,42,81,17209.7,12126.6,255.7,79.11,99,41,88,1.9,4.4,244.8,79.10,99,47,84,1.8,9140.6,18.0,17,15
1782815117.639,114.727,249.3,79.10,100,39,89,1.8,4.1,257.2,79.11,99,42,81,4.3,96.1,248.1,79.11,100,40,87,21676.7,15525.9,244.8,79.10,99,47,84,10.6,8.4,18.0,17,15
1782815118.089,115.177,250.0,79.10,99,35,89,5.2,5.3,248.0,79.11,100,43,81,7217.9,14794.9,248.1,79.11,100,40,87,14730.7,5.7,242.8,79.10,100,40,83,2.6,10869.8,18.0,17,15
1782815118.531,115.620,249.1,79.10,100,36,89,2.1,17113.3,248.1,79.11,100,41,81,20706.8,5.8,248.8,79.11,100,39,89,4.8,503.8,238.2,79.10,100,39,83,19738.6,17195.5,18.0,17,15
1782815118.972,116.060,249.1,79.10,100,36,89,5.1,17115.6,247.9,79.11,100,43,82,20707.7,4.5,249.5,79.11,100,43,89,8.4,4.5,237.9,79.10,100,43,85,2014.9,15577.6,18.0,17,15
1782815119.417,116.505,250.6,79.10,99,43,89,2.0,4.3,250.4,79.11,99,41,81,8663.6,14494.6,249.1,79.11,99,41,88,13877.4,4.3,240.6,79.10,99,39,83,1.8,4.4,18.0,17,15
1782815119.857,116.945,250.7,79.10,99,37,89,20708.5,4.5,251.0,79.11,100,40,82,1.8,4.3,249.5,79.11,99,39,87,1097.5,16793.0,242.9,79.10,99,39,83,20763.5,4.3,18.0,17,15
1782815120.299,117.387,249.1,79.10,99,38,89,3.4,3.6,250.4,79.11,99,42,82,20240.6,17110.0,250.8,79.11,99,40,88,1.9,4.8,245.4,79.10,99,46,83,2.6,953.5,18.0,17,15
1782815120.743,117.831,250.7,79.10,99,38,89,4126.9,7.0,250.7,79.11,100,45,82,3.5,4.7,249.3,79.11,99,41,88,18689.7,13973.8,245.4,79.10,99,50,83,4067.1,5.1,18.0,17,15
1782815121.191,118.280,249.4,79.10,99,38,89,7861.1,14289.5,250.5,79.11,99,47,82,15267.5,4.4,250.1,79.11,99,40,88,1.9,4.4,243.6,79.10,99,51,84,5668.7,14118.6,18.0,17,15
1782815121.634,118.723,249.2,79.10,99,38,88,2.8,4.1,250.5,79.11,99,47,82,508.0,17181.3,250.4,79.11,99,40,88,20752.8,9.9,243.6,79.10,99,51,84,11.7,529.6,18.0,17,15
1782815122.088,119.176,250.3,79.10,99,36,89,3.7,4.9,249.3,79.11,100,52,82,506.7,17165.2,250.4,79.11,99,40,88,20748.3,5.9,243.2,79.10,100,56,84,2.1,530.1,18.0,17,15
1782815122.529,119.617,249.4,79.10,100,36,89,2.0,4.8,248.4,79.11,100,44,82,20246.7,17111.6,248.5,79.11,100,41,89,3.9,6.2,241.4,79.10,100,39,84,1072.8,16845.6,18.0,17,15
1782815122.969,120.058,249.4,79.10,100,36,89,3.6,4.3,249.7,79.11,100,46,82,1.8,10848.2,248.6,79.11,100,41,89,18255.4,7163.9,239.8,79.10,100,43,85,2.9,10.2,21.0,21,11
1782815123.414,120.503,245.7,79.10,100,11,89,1.6,2713.0,246.6,79.11,100,62,82,17457.1,16637.0,246.5,79.11,100,62,89,1.7,4.0,239.5,79.10,99,56,85,1.7,515.1,21.0,21,11
1782815123.856,120.944,249.6,79.10,100,41,88,20342.8,17109.1,246.6,79.11,100,44,82,4.4,4.1,246.2,79.11,99,39,88,1.8,544.5,238.8,79.10,99,47,84,19744.7,17203.3,21.0,21,11
1782815124.299,121.387,254.4,79.10,99,39,89,3.4,4.1,251.3,79.11,100,43,81,1.8,12461.0,249.7,79.11,99,41,87,16979.1,6507.1,243.2,79.10,99,40,83,1.9,4.5,21.0,21,11
1782815124.740,121.828,250.3,79.10,100,38,89,20039.3,9.6,248.9,79.11,99,42,81,6.4,85.9,249.1,79.11,99,39,88,19697.0,17196.9,244.5,79.10,99,39,84,5.0,5.4,21.0,21,11
1782815125.187,122.275,248.6,79.10,99,36,89,3.7,5.0,247.0,79.11,99,40,81,4301.4,14871.5,248.5,79.11,99,38,89,17529.7,5.8,240.0,79.10,99,39,83,2.0,4568.9,21.0,21,11
1782815125.630,122.718,247.9,79.10,99,35,89,1.9,3721.6,247.0,79.11,99,40,81,17837.3,15082.8,250.5,79.11,99,46,89,4.4,7.5,240.0,79.10,99,39,83,1103.4,16775.4,21.0,21,11
1782815126.078,123.166,251.4,79.10,100,40,89,1.8,4.3,249.3,79.11,100,47,82,4026.7,14709.6,250.5,79.11,99,46,89,18095.7,4.5,241.0,79.10,100,46,85,2.4,4.5,21.0,21,11
1782815126.519,123.608,252.4,79.10,100,38,89,20705.3,4.5,250.6,79.11,100,40,81,4.3,4.8,250.2,79.11,100,42,88,10439.2,14290.2,242.8,79.10,100,39,84,10459.2,7.6,21.0,21,11
1782815126.966,124.054,252.4,79.10,100,38,89,1.8,17118.0,249.4,79.11,100,44,81,19580.0,918.5,247.9,79.11,99,39,87,1.9,4.4,242.1,79.10,100,41,83,1103.9,16851.9,21.0,21,11
1782815127.408,124.496,250.5,79.10,99,37,89,1.8,4.0,250.9,79.11,100,42,81,1.8,84.7,249.6,79.11,99,41,87,19715.5,17195.6,244.1,79.10,99,41,83,1.8,4.4,21.0,21,11
1782815127.849,124.938,250.8,79.10,99,38,89,2835.4,14793.6,250.0,79.11,100,45,81,19899.5,4.4,250.6,79.11,99,41,87,2.8,6.3,245.5,79.10,99,40,83,8795.0,14303.2,21.0,21,11
1782815128.294,125.382,251.0,79.10,99,37,89,3.4,4.2,250.2,79.11,100,44,81,497.6,17203.6,250.1,79.11,100,41,89,20366.0,422.1,245.1,79.10,100,40,83,2.8,4.6,21.0,21,11
1782815128.734,125.823,250.5,79.10,100,37,89,21125.5,9363.9,249.2,79.11,100,41,82,3.0,6.9,249.1,79.11,99,39,88,1108.5,16769.3,243.3,79.10,100,38,85,20746.8,4.8,21.0,21,11
1782815129.181,126.269,248.2,79.10,99,37,89,19255.5,7061.0,249.9,79.11,100,44,82,3.0,5.6,250.8,79.11,100,44,88,11623.2,14579.4,243.1,79.10,100,44,85,10749.7,5.7,21.0,21,11
1782815129.625,126.714,249.8,79.10,100,36,89,11249.0,5.1,249.9,79.11,100,44,82,3.6,9396.3,249.0,79.11,100,40,88,28637.7,17199.6,243.1,79.10,100,44,85,21306.4,16258.0,24.0,25,7
1782815130.077,127.165,247.5,79.10,99,29,89,12984.7,14245.4,250.4,79.11,100,43,82,10358.6,3.9,249.0,79.11,100,40,88,1.8,4.0,235.7,79.10,98,11,84,1107.8,15732.2,24.0,25,7
1782815130.518,127.606,251.2,79.10,100,44,89,17038.2,12468.4,246.2,79.11,100,47,82,1.9,4.3,243.7,79.11,100,46,88,1.9,658.8,235.1,79.10,100,41,85,19699.8,17197.9,24.0,25,7
1782815131.410,128.498,253.8,79.10,100,58,89,20708.9,17110.8,251.9,79.11,100,61,82,1.9,4.4,253.8,79.11,100,58,88,1.9,588.9,247.1,79.10,100,54,85,19713.8,17199.0,24.0,25,7
1782815131.852,128.940,250.1,79.10,99,43,89,20707.5,17113.8,249.3,79.11,99,42,81,3.8,5.7,250.6,79.11,99,45,89,1092.4,16774.8,241.7,79.10,100,40,84,20753.9,5.6,24.0,25,7
1782815132.294,129.382,247.5,79.10,100,36,89,16980.5,5.2,250.1,79.11,100,46,82,2.1,10367.6,248.3,79.11,99,43,88,17906.5,7886.4,237.1,79.10,100,42,85,2.0,5.4,24.0,25,7
1782815132.734,129.823,248.1,79.10,100,32,89,1111.7,10.3,252.1,79.11,100,44,82,7.7,15761.2,249.5,79.11,100,39,88,17433.3,3096.5,241.7,79.10,99,39,85,2.7,4.5,24.0,25,7
1782815133.179,130.268,250.6,79.10,100,38,89,17523.6,16688.5,252.0,79.11,100,54,82,3.3,10.6,250.7,79.11,99,52,88,1097.5,16784.1,243.4,79.10,99,45,85,20751.9,4.4,24.0,25,7
1782815133.625,130.713,251.0,79.10,100,46,89,1.7,12845.5,252.0,79.11,100,54,82,17459.7,5982.0,251.4,79.11,100,56,88,2.9,7.2,243.4,79.10,99,45,85,1131.2,16443.9,24.0,25,7
1782815134.075,131.164,250.3,79.10,100,51,89,1.7,3.9,249.0,79.11,100,50,82,2.8,3110.3,251.4,79.11,100,56,88,17506.2,15515.7,242.2,79.10,100,54,85,1.8,4.6,24.0,25,7
1782815134.516,131.604,250.6,79.10,100,49,89,14291.5,13966.0,248.8,79.11,100,49,82,8888.0,4.3,250.8,79.11,100,55,88,2.7,4.1,244.2,79.10,100,53,85,14899.0,13845.2,24.0,25,7
1782815134.958,132.046,250.6,79.10,100,49,89,1.8,7.0,251.4,79.11,100,47,82,8352.7,14379.3,251.4,79.11,100,55,88,14209.2,4.3,245.0,79.10,99,50,85,3.5,4.3,24.0,25,7
1782815135.399,132.487,250.6,79.10,100,46,89,20707.7,4.7,249.7,79.11,99,42,81,1.9,4.6,249.1,79.11,99,47,88,1110.6,16771.6,243.2,79.10,99,44,85,20752.0,4.8,24.0,25,7
1782815135.840,132.928,250.0,79.10,99,44,89,15872.6,13916.2,249.9,79.11,100,40,82,7563.8,5.5,249.3,79.11,99,38,87,3.8,17316.7,241.9,79.10,100,39,84,20752.8,8.1,24.0,25,7
1782815136.288,133.377,248.2,79.10,99,36,88,20706.8,5.3,250.7,79.11,99,47,83,2.1,85.9,251.9,79.11,99,44,88,19692.6,17199.8,242.3,79.10,99,40,85,3.0,5.5,24.0,25,7
1782815136.730,133.818,248.3,79.10,99,35,89,6.3,9.5,245.1,79.11,98,9,81,21700.0,5837.1,246.2,79.11,98,10,87,3.6,4.0,235.9,79.10,99,50,85,15619.8,12903.4,27.0,29,3
1782815137.180,134.269,249.9,79.10,100,46,89,15532.8,12834.6,251.2,79.11,99,53,82,1.9,4.3,246.6,79.11,99,48,88,2606.6,19470.1,240.0,79.10,99,47,85,1785.2,4.4,27.0,29,3
1782815137.627,134.715,250.2,79.10,99,42,89,1.8,4.1,251.2,79.11,99,53,82,15575.2,12837.2,249.7,79.11,100,48,88,1.9,8.1,240.0,79.10,99,47,85,15633.1,12910.1,27.0,29,3
1782815138.074,135.162,250.4,79.10,100,41,89,2.0,9212.7,249.2,79.11,100,48,82,19019.7,6.4,249.7,79.11,100,48,88,3.0,12979.3,247.3,79.10,100,41,85,15566.9,5.9,27.0,29,3
1782815138.515,135.603,249.7,79.10,100,38,89,12279.1,5.4,249.6,79.11,99,48,82,10557.0,16871.6,250.2,79.11,100,47,87,2.4,5.4,241.6,79.10,99,31,85,15608.3,12900.3,27.0,29,3
1782815138.955,136.044,249.7,79.10,100,38,89,3.0,1134.8,247.5,79.11,100,39,82,21111.8,6184.8,247.2,79.11,99,34,88,1.8,11.9,240.1,79.10,99,45,84,14565.9,12896.5,27.0,29,3
1782815139.396,136.484,250.5,79.10,99,38,89,1.9,4.1,251.3,79.11,100,41,82,14371.0,13535.7,251.4,79.11,100,45,88,1.9,4.6,238.8,79.10,99,36,85,1710.4,17510.2,27.0,29,3
1782815139.838,136.926,249.7,79.10,99,42,89,15530.7,3.9,251.3,79.11,99,50,82,2.7,491.1,250.8,79.11,99,47,87,20849.1,6691.4,243.5,79.10,99,47,84,5.1,580.5,27.0,29,3
1782815140.286,137.374,249.9,79.10,99,42,89,13292.5,14629.4,249.4,79.11,99,51,82,1.8,4.5,250.6,79.11,100,50,87,2965.7,17456.1,246.0,79.10,100,47,85,5751.3,4.5,27.0,29,3
1782815140.726,137.815,250.4,79.10,99,37,89,5.1,9489.1,250.9,79.11,99,49,82,17935.0,5.6,252.8,79.11,99,47,88,4.6,582.6,244.3,79.10,99,43,85,20752.5,7888.5,27.0,29,3
1782815141.168,138.257,249.6,79.10,100,42,89,1.8,3.7,250.9,79.11,99,49,82,17599.9,10782.3,249.0,79.11,100,46,87,2.8,3734.5,244.3,79.10,99,43,85,21061.8,3612.8,27.0,29,3
1782815141.610,138.698,249.7,79.10,99,34,90,21528.6,5656.3,249.2,79.11,99,47,81,2.1,4778.9,247.6,79.11,99,46,87,21620.6,1982.0,243.0,79.10,99,41,85,5.3,15249.8,29.0,37,0
1782815142.057,139.145,251.4,79.10,100,43,89,5378.6,5197.3,250.1,79.11,99,48,82,5980.1,7560.4,247.6,79.11,99,46,87,7059.4,9340.2,241.6,79.10,99,40,85,7125.8,10776.7,29.0,37,0
1782815142.499,139.587,251.4,79.10,100,43,89,5162.5,4832.2,252.8,79.11,100,54,82,5552.8,6766.0,252.9,79.11,100,51,88,6568.6,8010.7,245.1,79.10,100,51,85,6769.4,10663.5,29.0,40,0
1782815142.941,140.029,251.8,79.10,100,47,89,4991.5,4177.4,252.3,79.11,100,56,82,6431.8,6925.5,254.5,79.11,100,54,88,6321.0,7829.0,254.7,79.10,100,52,85,5758.4,10381.2,29.0,40,0
1782815143.383,140.471,250.1,79.10,100,47,89,6046.9,4344.7,250.6,79.11,100,55,82,6339.1,6940.2,251.6,79.11,100,53,87,5525.9,8868.4,254.8,79.10,100,53,85,5992.1,9967.6,29.0,40,0
1782815143.827,140.916,250.0,79.10,100,47,89,4956.9,4780.7,249.9,79.11,100,55,82,5390.2,7626.9,250.0,79.11,100,54,87,5880.2,7861.2,251.6,79.10,100,53,84,7183.7,9503.8,29.0,40,0
1782815144.270,141.359,250.0,79.10,100,47,89,5058.1,3747.2,249.9,79.11,100,56,82,6305.6,6809.3,250.0,79.11,100,54,87,6375.3,8387.3,250.5,79.10,100,54,85,5571.4,9810.6,29.0,40,0
1782815144.712,141.800,250.0,79.10,100,48,89,5769.0,4350.6,250.0,79.11,100,55,82,6599.8,7969.3,250.0,79.11,100,54,87,5466.2,8957.1,250.2,79.10,100,53,85,6152.1,9896.6,29.0,40,0
1782815145.163,142.251,250.0,79.10,100,47,89,4451.3,4616.1,250.0,79.11,100,55,82,5613.8,7235.2,250.0,79.11,100,54,87,5581.9,7833.6,250.2,79.10,100,53,85,6769.8,9781.2,29.0,40,0
1782815145.605,142.693,250.0,79.10,100,48,89,4756.5,4010.1,250.0,79.11,100,56,82,6347.0,7113.4,250.0,79.11,100,54,87,6300.7,8526.9,250.1,79.10,100,53,85,5699.4,11164.4,29.0,40,0
1782815146.052,143.141,250.0,79.10,100,48,88,5786.8,4097.0,249.9,79.11,100,56,82,5180.7,7232.9,250.0,79.11,100,54,87,5696.4,9102.6,250.1,79.10,100,53,85,5897.7,9491.0,29.0,40,0
1782815146.495,143.583,250.0,79.10,100,48,88,5292.0,3759.7,250.0,79.11,100,56,82,6090.8,7126.3,250.0,79.11,100,54,87,5198.4,8914.8,250.0,79.10,100,54,85,5579.4,10178.9,30.0,40,0
1782815146.938,144.026,250.0,79.10,100,49,88,4657.3,4529.2,250.0,79.11,100,57,82,5368.4,6811.9,250.0,79.11,100,54,87,6377.4,8183.9,249.9,79.10,100,53,85,6612.5,9783.4,30.0,40,0
1782815147.380,144.468,250.0,79.10,100,48,88,4451.2,4864.5,250.0,79.11,100,57,82,5249.7,7459.7,250.0,79.11,100,55,87,5610.4,9017.9,250.1,79.10,100,54,85,5938.7,9898.2,30.0,40,0
1782815147.829,144.918,250.0,79.10,100,48,88,4770.7,3676.1,250.0,79.11,100,57,82,6032.6,7049.3,250.0,79.11,100,55,87,6215.9,8319.1,250.0,79.10,100,53,85,5540.2,9599.2,30.0,40,0
1782815148.273,145.362,250.0,79.10,100,48,88,4645.1,4631.4,250.0,79.11,100,57,82,5462.8,6460.3,250.0,79.11,100,55,87,6431.8,8410.7,249.9,79.10,100,53,85,6456.1,9253.9,30.0,40,0
1782815148.715,145.804,250.0,79.10,100,49,88,5583.3,4267.5,250.0,79.11,100,56,82,5687.5,7515.1,250.0,79.11,100,54,87,5489.9,8907.7,250.1,79.10,100,53,85,5829.3,9651.7,30.0,40,0
1782815149.166,146.254,250.0,79.10,100,48,88,5058.1,3812.3,250.0,79.11,100,56,82,6350.0,6712.0,249.9,79.11,100,54,87,6285.7,8776.2,250.1,79.10,100,53,85,5635.5,10178.8,30.0,40,0
1782815149.609,146.697,250.0,79.10,100,48,88,5601.6,4050.3,250.0,79.11,100,56,82,5050.1,7603.1,250.0,79.11,100,54,87,5589.3,8890.7,250.0,79.10,100,53,85,6095.1,9342.7,30.0,40,0
1782815150.055,147.143,250.0,79.10,100,48,88,4950.0,3676.0,250.1,79.11,100,56,82,6389.4,6563.6,250.0,79.11,100,54,87,6209.8,8263.5,250.0,79.10,100,53,85,5487.5,9524.8,30.0,40,0
1782815150.498,147.587,250.0,79.10,100,48,88,4380.7,4780.8,250.0,79.11,100,57,82,5219.0,7394.3,250.0,79.11,100,55,87,5722.6,8392.5,250.0,79.10,100,54,85,6463.9,9496.3,30.0,40,0
1782815150.941,148.029,250.0,79.10,100,48,88,5582.0,3927.3,250.0,79.11,100,57,82,5433.9,7017.1,250.0,79.11,100,54,87,5453.2,8399.9,250.1,79.10,100,53,85,5858.5,9318.0,30.0,40,0
1782815151.384,148.472,250.0,79.10,100,48,88,4754.7,3675.8,250.0,79.11,100,57,82,6202.5,6813.8,250.1,79.11,100,55,87,6325.6,9102.7,250.1,79.10,100,54,85,6512.9,9463.6,30.0,40,0
1782815151.829,148.918,250.0,79.10,100,48,88,4451.2,4781.6,250.0,79.11,100,57,82,5079.9,6990.7,250.0,79.11,100,55,87,5664.0,7997.3,249.9,79.10,100,53,85,6729.1,9650.5,30.0,40,0
1782815152.272,149.360,250.0,79.10,100,48,88,5781.1,3938.4,250.0,79.11,100,56,82,6100.7,6611.5,250.0,79.11,100,55,87,5148.4,9075.2,249.9,79.10,100,53,85,5650.5,9794.7,30.0,40,0
1782815152.716,149.805,249.9,79.10,100,48,88,4559.3,4970.7,250.0,79.11,100,57,82,5553.2,7274.3,249.9,79.11,100,54,87,5782.9,8364.5,250.1,79.10,100,53,85,6762.7,9801.1,30.0,40,0
1782815153.162,150.250,250.0,79.10,100,49,88,5578.3,4010.5,250.0,79.11,100,57,82,5821.5,6697.4,250.0,79.11,100,56,87,5371.1,8751.2,250.1,79.10,100,53,85,6060.9,9885.2,30.0,40,0
1782815153.606,150.694,250.0,79.10,100,48,88,4855.8,4612.6,250.0,79.11,100,58,82,5414.1,6730.9,250.0,79.11,100,56,87,6409.4,8868.1,250.2,79.10,100,54,85,6630.9,9486.1,30.0,40,0
1782815154.050,151.138,250.0,79.10,100,48,88,5477.5,4094.0,250.0,79.11,100,57,82,5020.1,7380.2,250.0,79.11,100,55,87,5455.0,8588.0,250.0,79.10,100,54,85,5972.4,9851.2,30.0,40,0
1782815154.493,151.581,250.0,79.10,100,48,88,5086.5,3676.1,250.0,79.11,100,57,82,6223.9,6583.3,250.0,79.11,100,55,87,6191.7,8191.8,249.8,79.10,100,54,85,5520.7,10006.8,30.0,40,0
1782815154.935,152.024,250.0,79.10,100,48,88,4453.2,4780.8,249.9,79.11,100,57,82,5342.5,7430.3,250.0,79.11,100,55,87,5606.4,8098.8,250.0,79.10,100,54,85,6555.8,9437.7,31.0,40,0
1782815155.379,152.468,250.0,79.10,100,48,88,5781.3,3843.5,250.1,79.11,100,57,82,6005.5,6443.9,250.0,79.11,100,55,87,5167.5,8618.7,250.0,79.10,100,54,85,5833.9,10123.6,31.0,40,0
1782815155.822,152.910,250.0,79.10,100,48,88,4655.1,4613.4,250.0,79.11,100,56,82,5416.6,6812.3,250.0,79.11,100,54,87,6584.4,7812.7,250.0,79.10,100,53,85,6843.7,9748.0,31.0,40,0
1782815156.266,153.354,250.0,79.10,100,48,88,5746.7,4187.6,249.9,79.11,100,57,82,5076.7,7614.9,250.0,79.11,100,55,87,5355.5,8805.8,249.9,79.10,100,53,85,5799.5,10206.9,31.0,40,0
1782815156.708,153.797,250.0,79.10,100,48,88,5885.9,4795.7,250.0,79.11,100,56,82,6605.2,7590.6,250.0,79.11,100,54,87,5628.0,8546.6,250.0,79.10,100,53,85,5878.6,9127.2,31.0,40,0
1782815157.165,154.253,250.0,79.10,100,48,88,4855.8,3759.5,250.0,79.11,100,56,82,6275.5,6911.7,249.9,79.11,100,54,87,6455.7,8435.4,250.0,79.10,100,53,85,5546.4,9866.2,31.0,40,0
1782815157.608,154.696,250.0,79.10,100,48,88,5477.3,4180.7,250.0,79.11,100,56,82,5052.9,7536.3,250.0,79.11,100,54,87,5603.7,8361.4,250.1,79.10,100,53,85,6569.3,10538.1,31.0,40,0
1782815158.056,155.145,250.0,79.10,100,48,88,5058.4,4564.3,250.0,79.11,100,56,82,5425.7,6628.1,250.0,79.11,100,54,87,6438.7,8076.9,250.1,79.10,100,54,85,6558.1,9440.2,31.0,40,0
1782815158.499,155.588,250.0,79.10,100,48,88,5984.4,4177.5,250.0,79.11,100,56,82,6228.9,6773.2,250.0,79.11,100,54,87,5309.1,8699.1,250.1,79.10,100,53,85,5826.9,9944.8,31.0,40,0
1782815158.942,156.031,250.1,79.10,100,47,88,5454.3,4864.4,249.9,79.11,100,56,82,5345.1,7297.0,250.0,79.11,100,54,87,5837.5,8128.1,250.0,79.10,100,53,85,6875.6,9166.3,31.0,40,0
1782815159.389,156.477,250.0,79.10,100,48,88,5058.1,3842.9,250.0,79.11,100,57,82,6479.9,6685.9,250.0,79.11,100,54,87,6544.3,8328.5,249.9,79.10,100,53,85,5842.6,9295.6,31.0,40,0
1782815159.830,156.919,250.0,79.10,100,48,88,5682.0,4129.4,250.0,79.11,100,56,82,4927.4,7512.9,250.0,79.11,100,54,87,5635.2,8842.7,250.1,79.10,100,54,85,5970.3,9187.0,31.0,40,0
1782815160.274,157.362,250.0,79.10,100,48,88,4884.2,4780.3,249.9,79.11,100,57,82,5578.1,6086.8,249.9,79.11,100,54,87,6678.9,8204.4,250.0,79.10,100,53,85,6585.8,8894.0,31.0,40,0
1782815160.715,157.804,250.0,79.10,100,48,88,5890.0,4264.0,250.0,79.11,100,56,82,7061.3,6743.0,250.0,79.11,100,54,87,6413.0,8224.0,250.0,79.10,100,53,85,5406.2,9619.4,31.0,40,0
1782815161.165,158.253,250.0,79.10,100,48,88,5375.0,4410.8,250.0,79.11,100,56,82,5395.5,6703.8,250.1,79.11,100,54,87,5719.3,8775.8,250.0,79.10,100,53,85,5959.6,9085.3,32.0,40,0
1782815161.608,158.696,250.0,79.10,100,47,88,4849.9,4734.4,250.0,79.11,100,57,82,5586.8,6704.8,250.0,79.11,100,54,87,6661.5,8211.5,250.1,79.10,100,53,85,6893.3,10607.1,32.0,40,0
1782815162.058,159.146,250.0,79.10,100,48,88,5079.8,4010.1,250.0,79.11,100,56,82,6453.0,6589.3,250.0,79.11,100,54,87,6301.4,8396.8,249.9,79.10,100,53,85,5604.3,9808.0,32.0,40,0
1782815162.501,159.589,250.0,79.10,100,48,88,5782.0,4177.6,250.0,79.11,100,55,82,4933.1,7533.6,250.0,79.11,100,53,87,5553.6,9048.6,249.9,79.10,100,53,85,5966.4,9030.8,32.0,40,0
1782815162.944,160.033,250.0,79.10,100,48,88,5364.6,4760.7,250.0,79.11,100,57,82,5637.5,7005.9,250.0,79.11,100,54,87,6708.6,8233.0,250.0,79.10,100,53,85,6486.6,9077.3,32.0,40,0
1782815163.390,160.478,250.0,79.10,100,48,88,6093.4,4003.1,250.0,79.11,100,56,82,6271.0,6769.4,250.1,79.11,100,54,87,5545.6,8525.9,250.0,79.10,100,53,85,5614.2,10040.6,32.0,40,0
1782815163.833,160.921,250.0,79.10,100,48,88,5200.6,4435.2,250.0,79.11,100,56,82,5140.1,7112.5,250.0,79.11,100,54,87,5894.7,8213.9,250.0,79.10,100,53,85,5887.6,9361.8,32.0,40,0
1782815164.276,161.364,250.0,79.10,100,47,88,5159.3,4612.0,250.0,79.11,100,56,82,5497.9,6792.1,250.1,79.11,100,54,87,6567.4,8069.3,250.1,79.10,100,53,85,6490.6,9401.5,32.0,40,0
1782815164.718,161.807,250.0,79.10,100,48,88,5888.2,4404.9,249.9,79.11,100,56,82,6252.8,6540.7,250.0,79.11,100,54,87,5271.1,8846.8,250.0,79.10,100,53,85,5614.9,9627.7,32.0,40,0
1782815165.165,162.253,250.0,79.10,100,48,88,5736.4,4598.4,249.9,79.11,100,56,82,5221.4,7211.3,249.9,79.11,100,53,87,5696.1,8763.6,250.0,79.10,100,53,85,5948.9,9097.3,32.0,40,0
1782815165.609,162.697,250.0,79.10,100,48,88,4754.6,4802.7,250.0,79.11,100,56,82,5546.0,6651.5,249.9,79.11,100,53,87,7149.4,9310.8,249.9,79.10,100,53,85,6934.9,9580.5,32.0,40,0
1782815166.058,163.146,250.0,79.10,100,48,88,5058.3,3842.9,250.0,79.11,100,56,82,6457.7,6799.8,249.9,79.11,100,54,87,6373.6,8251.8,249.9,79.10,100,53,85,6056.2,9580.1,32.0,40,0
1782815166.501,163.590,250.0,79.10,100,48,88,5782.2,4177.6,250.0,79.11,100,56,82,6178.1,6590.1,249.9,79.11,100,54,87,5293.7,8680.4,250.0,79.10,100,53,85,5691.9,10119.0,32.0,40,0
1782815166.945,164.034,250.0,79.10,100,48,88,4656.8,4697.3,250.0,79.11,100,56,82,5461.7,7583.5,250.0,79.11,100,54,87,5817.2,8063.8,250.0,79.10,100,53,85,6910.9,8958.1,32.0,40,0
1782815167.389,164.477,250.1,79.10,100,48,88,5067.2,3926.5,250.1,79.11,100,56,82,6427.4,6741.3,250.0,79.11,100,54,87,6460.3,8556.1,250.0,79.10,100,53,85,5692.7,10121.5,32.0,40,0
1782815167.830,164.918,250.0,79.10,100,48,88,5782.7,4212.7,250.0,79.11,100,56,82,5074.7,7318.3,250.0,79.11,100,54,87,5675.5,8907.0,250.0,79.10,100,54,85,6169.1,9067.8,32.0,40,0
1782815168.271,165.359,250.0,79.10,100,47,88,4855.9,4730.0,250.0,79.11,100,56,82,5615.2,6628.6,249.9,79.11,100,54,87,6650.5,8024.5,249.9,79.10,100,53,85,6553.5,9489.7,32.0,40,0
1782815168.711,165.800,250.0,79.10,100,48,88,5986.6,4015.7,250.0,79.11,100,56,82,7110.8,7065.8,250.1,79.11,100,53,87,6564.3,8521.1,250.1,79.10,100,53,85,5508.6,9841.5,32.0,40,0
1782815169.159,166.247,250.0,79.10,100,48,88,5644.0,4262.8,250.0,79.11,100,56,82,5081.7,6593.7,250.0,79.11,100,54,87,5822.6,8703.3,250.1,79.10,100,53,85,6063.9,9042.9,32.0,40,0
1782815169.600,166.689,250.0,79.10,100,48,88,4855.9,4613.3,250.0,79.11,100,56,82,5595.4,6668.5,250.0,79.11,100,54,87,6576.6,7853.7,250.1,79.10,100,53,85,6674.3,9341.2,33.0,40,0
1782815170.044,167.132,250.0,79.10,100,48,88,6084.6,4010.4,250.0,79.11,100,56,82,6260.6,6787.7,250.0,79.11,100,54,87,5676.2,8641.1,250.1,79.10,100,54,85,5433.1,9720.6,33.0,40,0
1782815170.485,167.574,250.0,79.10,100,48,88,5447.2,4347.6,249.9,79.11,100,56,82,5112.5,7463.9,250.0,79.11,100,54,87,5764.6,8882.8,250.1,79.10,100,53,85,6006.6,8821.9,33.0,40,0
1782815170.927,168.015,250.0,79.10,100,48,88,4857.5,3684.0,250.0,79.11,100,56,82,6373.0,6437.2,249.9,79.11,100,54,87,6449.8,8092.2,250.0,79.10,100,54,85,5580.5,9495.5,33.0,40,0
1782815171.370,168.459,250.0,79.10,100,48,88,4552.5,4976.5,250.0,79.11,100,56,82,5151.1,7010.6,250.0,79.11,100,54,87,5591.2,8804.4,250.1,79.10,100,54,85,5911.3,8418.3,33.0,40,0
1782815171.814,168.902,250.0,79.10,100,48,88,5064.7,4779.7,250.0,79.11,100,57,82,5498.8,6371.7,250.0,79.11,100,54,87,6556.7,7917.8,250.1,79.10,100,53,85,7215.6,9007.8,33.0,40,0
1782815172.262,169.351,250.0,79.10,100,48,88,5882.3,4010.4,249.9,79.11,100,56,82,6070.9,6692.2,250.0,79.11,100,53,87,5470.8,8835.5,249.9,79.10,100,54,85,5725.2,9899.4,33.0,40,0
1782815172.704,169.792,250.0,79.10,100,48,88,4728.4,5584.9,250.0,79.11,100,57,82,5070.0,7212.0,250.0,79.11,100,54,87,5885.3,8882.9,249.9,79.10,100,53,85,6012.1,9161.7,33.0,40,0
1782815173.153,170.241,250.0,79.10,100,48,88,4653.5,4864.0,250.0,79.11,100,57,82,5469.2,6873.1,250.0,79.11,100,54,87,5614.0,8029.2,249.9,79.10,100,53,85,6742.2,9127.9,33.0,40,0
1782815173.596,170.684,250.0,79.10,100,48,88,5115.9,3843.0,250.0,79.11,100,56,82,6434.3,6545.2,250.0,79.11,100,54,87,6575.1,8241.6,250.0,79.10,100,53,85,7962.8,8970.7,33.0,40,0
1782815174.044,171.132,250.0,79.10,100,48,88,5991.2,4094.1,250.0,79.11,100,56,82,6086.1,6485.3,250.0,79.11,100,54,87,5243.8,8795.3,249.9,79.10,100,54,85,5851.9,9269.8,33.0,40,0
1782815174.486,171.575,250.0,79.10,100,48,88,4856.1,4868.3,249.9,79.11,100,57,82,5347.5,7119.1,249.9,79.11,100,55,87,5785.5,8333.5,250.0,79.10,100,54,85,6812.7,9416.1,33.0,40,0
1782815174.927,172.016,250.0,79.10,100,47,88,5001.5,3673.9,250.0,79.11,100,57,82,6257.1,6682.3,250.1,79.11,100,54,87,6444.2,8581.8,250.0,79.10,100,54,85,5584.1,9431.2,33.0,40,0
1782815175.372,172.460,250.0,79.10,100,48,88,5781.1,4177.5,250.0,79.11,100,57,82,5110.3,7052.5,250.1,79.11,100,54,87,5520.1,9146.3,250.1,79.10,100,53,85,5888.2,9315.6,33.0,40,0
1782815175.815,172.903,250.0,79.10,100,48,88,4717.3,4780.6,250.0,79.11,100,57,82,5668.3,7086.3,250.0,79.11,100,54,87,5814.2,8136.1,250.1,79.10,100,53,85,6899.4,8896.9,34.0,40,0
1782815176.264,173.352,250.0,79.10,100,48,88,5159.2,3940.6,250.0,79.11,100,56,82,5820.6,6493.8,249.9,79.11,100,54,87,6434.8,8012.6,250.0,79.10,100,53,85,6589.3,9256.4,34.0,40,0
1782815176.707,173.795,250.1,79.10,100,48,88,5784.6,4180.4,250.0,79.11,100,56,82,6178.4,6574.7,250.0,79.11,100,54,87,5428.3,8888.1,249.9,79.10,100,53,85,5613.7,9636.5,34.0,40,0
1782815177.153,174.241,250.0,79.10,100,48,88,4653.4,5114.9,250.0,79.11,100,56,82,5139.9,7082.8,250.1,79.11,100,54,87,5724.1,8535.3,249.9,79.10,100,53,85,5882.5,9101.4,34.0,40,0
1782815177.598,174.687,250.0,79.10,100,48,88,4855.9,4695.6,250.0,79.11,100,56,82,5595.1,6084.3,250.1,79.11,100,54,87,6662.1,7818.5,250.0,79.10,100,54,85,7374.8,8885.9,34.0,40,0
1782815178.043,175.132,250.0,79.10,100,48,88,6029.4,4010.4,250.0,79.11,100,56,82,6214.0,6424.5,250.0,79.11,100,54,87,6606.1,8522.7,250.2,79.10,100,54,85,5431.2,9450.1,34.0,40,0
1782815178.486,175.575,250.0,79.10,100,48,88,5781.7,4178.3,250.0,79.11,100,56,82,4993.6,7085.4,250.0,79.11,100,54,87,5662.1,8886.6,250.0,79.10,100,53,85,5938.4,9062.6,34.0,40,0
1782815178.928,176.017,250.0,79.10,100,48,88,4958.6,4698.3,250.0,79.11,100,56,82,5639.8,6632.8,249.9,79.11,100,54,87,6681.8,8166.9,250.0,79.10,100,54,85,6696.0,9124.5,34.0,40,0
1782815179.371,176.460,250.1,79.10,100,48,88,5882.4,3759.7,250.0,79.11,100,56,82,6078.1,7073.4,250.0,79.11,100,54,87,5436.6,9226.4,249.9,79.10,100,54,85,5766.9,9615.5,34.0,40,0
1782815179.814,176.903,250.0,79.10,100,48,88,5376.2,4264.2,250.0,79.11,100,56,82,5167.6,7066.2,250.0,79.11,100,54,87,5592.0,9177.8,249.9,79.10,100,54,85,6032.1,9139.4,34.0,40,0
1782815180.261,177.349,250.0,79.10,100,48,88,4778.1,4785.9,250.0,79.11,100,56,82,5372.1,6912.7,250.0,79.11,100,54,87,5833.6,7801.3,250.0,79.10,100,53,85,6883.8,9067.5,34.0,40,0
1782815180.704,177.792,250.0,79.10,100,48,88,5263.6,4347.0,250.0,79.11,100,56,82,5774.4,6051.2,250.0,79.11,100,54,87,6615.0,8006.7,250.0,79.10,100,54,85,6644.6,9214.1,34.0,40,0
1782815181.151,178.239,250.0,79.10,100,48,88,5741.1,4177.5,250.0,79.11,100,56,82,6135.5,6619.5,250.0,79.11,100,54,87,5368.8,8829.8,250.0,79.10,100,54,85,5622.4,9693.0,34.0,40,0
1782815181.594,178.682,250.0,79.10,100,48,88,4566.2,4864.2,250.0,79.11,100,56,82,5246.1,6865.7,250.0,79.11,100,54,87,5794.7,7890.6,250.0,79.10,100,54,85,6797.6,9237.6,34.0,40,0
1782815182.038,179.127,250.0,79.10,100,48,88,5161.9,3843.1,249.9,79.11,100,56,82,6386.0,6600.9,250.1,79.11,100,55,87,6374.1,8312.9,250.1,79.10,100,54,85,6303.9,8891.6,34.0,40,0
1782815182.481,179.570,250.0,79.10,100,48,88,5855.3,3927.0,250.0,79.11,100,56,82,6161.3,7081.4,250.0,79.11,100,54,87,5498.6,8890.1,250.1,79.10,100,54,85,5977.0,9807.4,34.0,40,0
1782815182.924,180.013,249.9,79.10,100,48,88,4609.3,5284.5,250.1,79.11,100,57,82,5818.2,7087.1,250.0,79.11,100,54,87,5624.9,8633.6,250.1,79.10,100,54,85,6091.5,8837.3,34.0,40,0
1782815183.373,180.462,250.0,79.10,100,48,88,4754.7,4770.1,250.0,79.11,100,56,82,5541.5,6224.5,250.0,79.11,100,54,87,6608.9,8006.9,249.9,79.10,100,53,85,6524.5,8655.2,34.0,40,0
1782815183.816,180.905,250.0,79.10,100,48,88,5518.8,3759.8,250.0,79.11,100,56,82,6222.8,6619.8,250.0,79.11,100,54,87,6427.5,8536.7,250.0,79.10,100,55,85,6397.1,9558.7,35.0,40,0
1782815184.262,181.351,250.0,79.10,100,48,88,5679.9,4261.1,250.0,79.11,100,56,82,5322.8,7062.5,250.0,79.11,100,54,87,5419.4,8605.3,250.1,79.10,100,54,86,5900.4,8997.9,35.0,40,0
1782815184.705,181.793,250.0,79.10,100,48,88,4555.4,4950.4,250.0,79.11,100,57,82,5449.8,6381.2,250.0,79.11,100,54,87,6441.7,7732.8,250.0,79.10,100,54,85,6755.1,8868.4,35.0,40,0
1782815185.153,182.241,250.0,79.10,100,48,88,5058.1,3703.9,250.0,79.11,100,57,82,6337.9,6450.9,249.9,79.11,100,54,87,6403.1,8264.1,250.0,79.10,100,54,85,5757.9,9879.3,35.0,40,0
1782815185.596,182.684,250.0,79.10,100,48,88,5687.3,4093.9,250.0,79.11,100,56,82,6238.3,6696.8,249.9,79.11,100,54,87,5311.2,8737.7,249.9,79.10,100,53,85,7016.9,9361.4,35.0,40,0
1782815186.045,183.133,250.0,79.10,100,48,88,5744.3,4180.7,250.0,79.11,100,56,82,5097.8,6796.0,250.0,79.11,100,54,87,5654.0,8665.1,249.9,79.10,100,54,86,5952.5,8907.2,35.0,40,0
1782815186.491,183.579,250.0,79.10,100,48,88,4677.1,4788.0,250.0,79.11,100,56,82,5556.6,7043.7,250.0,79.11,100,54,87,5823.3,7642.5,250.0,79.10,100,53,86,6670.1,8960.0,35.0,40,0
1782815186.934,184.022,250.0,79.10,100,48,88,5161.1,3762.3,249.9,79.11,100,57,82,6346.2,6516.8,250.1,79.11,100,54,87,6463.7,8034.1,250.0,79.10,100,53,85,5806.3,9273.8,35.0,40,0
1782815187.378,184.466,250.0,79.10,100,48,88,5578.8,4177.5,250.1,79.11,100,56,82,5210.8,6963.2,249.9,79.11,100,54,87,5900.7,8513.5,250.1,79.10,100,53,86,5754.3,9420.1,35.0,40,0
1782815187.823,184.911,250.0,79.10,100,47,88,4451.2,4888.5,250.0,79.11,100,56,82,5208.1,7176.9,250.0,79.11,100,54,87,5821.1,8026.2,250.0,79.10,100,54,86,6848.2,10151.8,35.0,40,0
1782815188.269,185.357,250.0,79.10,100,48,88,5058.2,3842.9,250.0,79.11,100,56,82,6476.5,6636.2,250.0,79.11,100,54,87,6490.4,8089.0,250.1,79.10,100,54,86,6782.3,8938.2,35.0,40,0
1782815188.710,185.798,250.0,79.10,100,48,88,6494.6,3929.7,249.9,79.11,100,57,82,5800.5,6773.9,250.0,79.11,100,55,87,5354.2,8361.9,250.0,79.10,100,54,86,5807.4,9251.6,35.0,40,0
1782815189.154,186.242,250.0,79.10,100,48,88,4552.5,4864.1,249.9,79.11,100,57,82,5487.2,6895.3,250.0,79.11,100,54,87,5766.4,7962.6,250.0,79.10,100,54,86,6805.4,9022.4,35.0,40,0
1782815189.595,186.684,249.9,79.10,100,48,88,5260.4,3907.0,250.1,79.11,100,57,82,6439.6,6420.6,250.0,79.11,100,54,87,6499.9,8307.1,250.1,79.10,100,54,86,6628.8,9367.9,35.0,40,0
1782815190.038,187.126,250.0,79.10,100,48,88,5943.3,4261.2,250.1,79.11,100,56,82,5223.8,6414.3,250.0,79.11,100,54,87,5619.0,8317.4,250.0,79.10,100,54,86,5772.3,9129.7,36.0,40,0
1782815190.481,187.569,250.0,79.10,100,48,88,4404.4,4780.8,249.9,79.11,100,56,82,5305.8,7145.5,250.0,79.11,100,54,87,5810.6,7841.1,250.0,79.10,100,54,86,6709.0,8536.7,36.0,40,0
1782815190.922,188.010,250.1,79.10,100,48,88,5058.2,4513.9,250.0,79.11,100,56,82,6905.7,6457.1,250.0,79.11,100,54,87,6584.3,8179.2,249.9,79.10,100,54,86,6586.3,8791.6,36.0,40,0
1782815191.370,188.459,250.0,79.10,100,48,88,5831.5,4010.5,250.0,79.11,100,56,82,6067.8,6208.6,250.0,79.11,100,54,87,5344.6,8955.2,249.9,79.10,100,54,86,5700.2,9418.6,36.0,40,0
1782815191.813,188.901,250.0,79.10,100,48,88,4855.7,4962.7,250.0,79.11,100,56,82,5306.5,7137.4,250.0,79.11,100,54,87,5731.0,8257.7,250.0,79.10,100,54,86,6926.4,8841.2,36.0,40,0
1782815192.257,189.345,250.0,79.10,100,48,88,5058.1,3842.9,250.0,79.11,100,57,82,6232.3,6276.0,250.0,79.11,100,54,87,6525.4,8047.5,250.0,79.10,100,54,86,6524.1,9318.3,36.0,40,0
1782815192.699,189.788,250.0,79.10,100,48,88,5966.8,4104.6,249.9,79.11,100,57,82,6426.9,7192.0,250.0,79.11,100,54,87,5451.2,9216.6,250.0,79.10,100,54,86,5815.7,9343.0,36.0,40,0
1782815193.594,190.682,250.0,79.10,100,48,88,5058.1,4965.8,250.0,79.11,100,57,82,5622.9,6330.2,250.0,79.11,100,54,87,6682.6,8169.3,250.0,79.10,100,54,86,6650.9,8991.8,36.0,40,0
1782815194.037,191.125,250.0,79.10,100,48,88,5985.1,4010.6,250.0,79.11,100,56,82,6160.1,6613.7,250.0,79.11,100,54,87,5312.6,9248.3,250.1,79.10,100,54,86,5409.5,9261.0,36.0,40,0
1782815194.485,191.573,250.0,79.10,100,48,88,4768.4,12840.7,250.1,79.11,100,56,82,20704.4,4282.1,250.0,79.11,100,54,87,10389.0,4316.9,250.0,79.10,100,54,86,5189.6,8616.5,36.0,40,0
1782815195.664,192.752,248.6,79.10,98,37,88,54.1,8560.6,247.1,79.11,98,38,82,9489.3,580.9,248.2,79.11,99,45,87,9329.4,8634.0,241.8,79.10,98,40,86,4115.1,5089.8,36.0,40,0
1782815196.107,193.195,249.7,79.10,99,37,88,4438.9,7977.0,249.7,79.11,99,48,83,10363.5,8581.6,248.2,79.11,99,45,87,8224.3,4800.1,242.9,79.10,99,43,85,21346.0,17204.4,36.0,40,0
1782815196.551,193.639,247.5,79.10,99,54,89,3.5,4.0,250.3,79.11,98,42,83,8960.5,14393.0,249.4,79.11,98,37,87,13872.8,4.0,240.1,79.10,97,23,85,1.8,3.8,36.0,40,0
1782815196.992,194.080,247.5,79.10,99,54,89,2.7,11022.7,247.1,79.11,100,48,83,17166.3,8300.4,243.7,79.11,100,46,87,4.3,4.4,237.6,79.10,99,41,85,1.8,5055.0,36.0,40,0
1782815197.435,194.524,251.6,79.10,100,51,88,20704.0,4.1,248.7,79.11,100,48,82,2.7,4.0,247.8,79.11,100,56,88,1.8,10259.3,244.3,79.10,100,59,86,16976.6,9078.6,36.0,40,0
1782815197.876,194.964,253.4,79.10,100,40,88,2.0,3.5,253.4,79.11,100,60,83,20223.0,17111.1,255.5,79.11,100,58,88,7.4,7.4,250.3,79.10,99,54,86,1.9,3583.5,36.0,40,0
1782815198.319,195.407,249.5,79.10,100,37,88,1.9,4.0,250.0,79.11,100,43,82,20220.8,17107.4,248.6,79.11,100,44,88,2.1,5.8,243.0,79.10,99,40,85,5849.5,15292.9,36.0,40,0
1782815198.761,195.849,247.5,79.10,100,34,88,20714.3,17110.3,248.2,79.11,100,45,83,6.0,5.7,249.8,79.11,100,43,88,1955.9,15696.5,242.3,79.10,99,41,86,18829.4,5.3,36.0,40,0
1782815199.206,196.295,248.7,79.10,99,38,88,18990.5,10937.6,251.9,79.11,100,45,83,3.9,5.2,248.8,79.11,100,40,87,6355.1,14937.8,244.4,79.10,100,39,86,15938.7,4.5,36.0,40,0
1782815199.648,196.737,250.6,79.10,99,37,88,3.3,17116.0,251.9,79.11,100,45,83,20704.5,5.8,250.6,79.11,100,53,88,5.2,536.7,244.4,79.10,100,39,86,19715.4,17194.4,36.0,40,0
1782815200.095,197.183,250.8,79.10,99,36,88,1.7,4.1,251.6,79.11,100,55,83,20258.7,17111.4,250.6,79.11,100,53,88,4.6,4.8,245.2,79.10,100,44,86,1.9,893.8,36.0,40,0
1782815200.539,197.628,251.3,79.10,100,45,88,11588.2,4.1,247.6,79.11,100,45,82,1.8,4.3,250.9,79.11,100,48,87,14447.3,14394.9,244.8,79.10,99,46,86,8335.6,4.7,36.0,40,0
1782815200.980,198.068,251.3,79.10,100,45,88,4.9,17114.1,249.4,79.11,100,43,83,20705.0,4.3,251.3,79.11,100,42,87,4.4,4.4,245.0,79.10,99,41,85,3172.1,14877.2,36.0,40,0
1782815201.424,198.512,250.8,79.10,100,50,88,1.9,4.2,250.5,79.11,100,42,82,7732.7,14724.9,250.8,79.11,100,42,86,14304.2,4.7,246.4,79.10,99,40,85,2.6,4.2,36.0,40,0
1782815201.865,198.953,249.6,79.10,100,43,88,19281.5,4.5,251.2,79.11,100,43,83,2.1,4.3,249.5,79.11,99,40,87,14285.1,15042.0,246.5,79.10,99,40,85,5766.2,5.2,36.0,40,0
1782815202.308,199.396,248.8,79.10,100,38,88,17554.1,5761.1,252.1,79.11,100,49,83,4.7,5.2,251.9,79.11,100,40,87,20230.5,14445.1,248.5,79.10,99,47,86,2562.8,5.6,36.0,40,0
1782815202.749,199.837,250.3,79.10,100,36,88,12.5,7.8,248.3,79.11,100,39,83,6844.8,14663.6,249.0,79.11,100,38,87,14191.3,6.0,242.8,79.10,100,37,86,2.1,9232.6,36.0,40,0
1782815203.193,200.282,250.4,79.10,100,34,88,1.8,4.2,240.8,79.11,99,12,83,2.0,6009.0,238.1,79.11,99,13,87,18602.3,11696.6,233.0,79.10,99,62,86,2.7,4.3,4.0,0,35
1782815203.635,200.723,249.6,79.10,99,47,88,1.8,2956.1,240.8,79.11,99,12,83,17419.7,16078.5,248.2,79.11,100,72,88,1.8,9.5,233.0,79.10,99,62,86,7.1,622.7,4.0,0,35
1782815204.079,201.168,249.5,79.10,100,40,88,17012.6,8251.4,249.4,79.11,100,64,83,1.8,4.2,248.2,79.11,100,72,88,4.5,3364.0,242.4,79.10,100,62,86,17306.7,15568.5,4.0,0,35
1782815204.520,201.608,248.9,79.10,99,40,87,1.7,4.0,253.5,79.11,100,60,83,525.9,17129.7,251.7,79.11,100,49,87,20748.7,4.7,253.7,79.10,99,42,86,3.0,4.5,4.0,0,35
1782815204.961,202.050,248.9,79.10,99,40,87,14669.7,7.6,252.8,79.11,100,46,83,2.1,5955.2,248.1,79.11,99,40,87,18087.9,12423.1,248.2,79.10,99,40,86,5.3,5.3,4.0,0,35
1782815205.405,202.494,249.1,79.10,100,36,88,2.0,5.0,246.9,79.11,100,42,82,20596.5,17111.6,247.5,79.11,99,44,88,3.1,5.7,242.2,79.10,99,39,85,1096.9,16801.7,4.0,0,35
1782815205.847,202.936,249.6,79.10,100,36,88,3.6,17113.0,248.2,79.11,100,38,83,20705.6,4.7,248.2,79.11,100,38,88,2.7,5.1,241.4,79.10,100,42,86,15409.0,14576.6,4.0,0,35
1782815206.289,203.378,249.7,79.10,99,43,88,1.8,10.0,251.5,79.11,100,45,83,20751.6,15513.7,249.5,79.11,99,42,87,308.7,4.6,244.8,79.10,99,39,85,2.2,595.1,4.0,0,35
1782815206.733,203.822,249.8,79.10,100,37,88,2656.9,10.5,251.9,79.11,100,57,83,6.8,1021.4,251.3,79.11,99,45,87,18323.9,17192.0,246.8,79.10,99,39,86,2.0,4.8,4.0,0,35
1782815207.179,204.267,249.7,79.10,100,39,88,8399.2,14321.4,251.6,79.11,100,60,83,14584.7,5.9,252.9,79.11,100,49,87,2.0,4.2,248.1,79.10,99,45,86,11155.9,14312.0,4.0,0,35
1782815207.621,204.710,250.6,79.10,100,39,89,1.8,4.0,251.6,79.11,100,60,83,1.7,16983.6,250.5,79.11,99,49,87,20684.4,8.1,248.1,79.10,99,45,86,7.6,7.8,4.0,0,35
1782815208.068,205.156,249.4,79.10,100,38,88,17264.3,13306.1,250.4,79.11,100,60,83,1.8,4.5,250.5,79.11,99,49,87,1.9,9349.5,248.4,79.10,100,49,86,17666.1,9333.4,4.0,0,35
1782815208.509,205.597,249.4,79.10,100,38,88,2.7,4.1,251.3,79.11,100,58,83,20266.3,15794.9,249.4,79.11,99,50,88,85.0,4.5,246.8,79.10,100,51,86,3.8,594.3,4.0,0,35
1782815208.951,206.039,249.3,79.10,99,38,88,15343.3,7.8,251.4,79.11,100,58,83,2.8,5.8,250.5,79.11,99,55,88,19731.5,17204.9,247.0,79.10,99,55,86,2.1,4.8,4.0,0,35
1782815209.394,206.482,250.2,79.10,100,37,88,16480.3,4.7,247.8,79.11,100,48,83,2.0,88.8,249.1,79.11,100,49,88,19547.3,17199.4,244.0,79.10,99,43,86,2.1,5.8,4.0,0,35
1782815209.835,206.923,250.0,79.10,100,40,88,1.9,5.1,249.1,79.11,100,46,83,509.6,18928.6,249.1,79.11,99,40,88,23303.3,16198.1,245.1,79.10,100,45,86,22184.7,16502.3,7.0,1,31
1782815210.277,207.366,245.4,79.10,98,11,87,20708.4,17115.2,245.6,79.11,99,60,83,1.9,3.8,244.5,79.11,100,65,88,8.0,3.7,240.6,79.10,100,62,86,12338.7,14001.8,7.0,1,31
1782815210.724,207.812,250.1,79.10,99,41,88,16048.2,6.9,249.5,79.11,100,67,83,5.6,6.8,247.6,79.11,99,56,88,4745.5,14736.5,241.5,79.10,100,44,86,17961.0,4.5,7.0,1,31
1782815211.167,208.256,253.7,79.10,99,40,87,3.5,3.8,249.5,79.11,100,67,83,10792.2,14448.4,253.1,79.11,99,42,87,11325.4,4.9,241.5,79.10,100,44,86,3.3,5.3,7.0,1,31
1782815211.610,208.698,248.7,79.10,99,37,88,20704.4,4.0,258.1,79.11,99,46,83,3.4,4.6,253.1,79.11,99,42,87,8408.9,14280.8,248.2,79.10,100,40,85,13353.3,10.4,7.0,1,31
1782815212.054,209.142,250.0,79.10,100,36,88,9621.9,5.4,248.6,79.11,100,44,83,2.1,16041.0,248.7,79.11,100,40,87,17697.6,2336.3,245.2,79.10,99,39,86,3.0,512.9,7.0,1,31
1782815212.495,209.583,250.0,79.10,100,36,88,3.0,8589.8,247.8,79.11,100,40,83,18127.3,9915.9,247.1,79.11,100,39,87,4.5,5.4,243.5,79.10,100,40,85,12292.0,14530.7,7.0,1,31
1782815212.937,210.025,249.6,79.10,99,33,88,4.9,16009.9,246.8,79.11,100,42,83,17718.9,2732.3,247.4,79.11,100,41,87,2.7,4.5,240.2,79.10,100,40,85,1106.5,16831.8,7.0,1,31
1782815213.378,210.466,248.5,79.10,100,36,88,1.9,4.5,252.1,79.11,100,43,83,555.7,16685.1,250.9,79.11,100,40,87,20749.9,4.4,244.3,79.10,99,39,86,2.8,4.2,7.0,1,31
1782815213.819,210.908,249.9,79.10,100,37,88,20277.8,308.2,253.5,79.11,100,50,83,3.4,4.4,253.2,79.11,99,46,88,1110.1,16776.9,248.1,79.10,99,55,86,20759.3,7.0,7.0,1,31
1782815214.262,211.350,250.6,79.10,100,38,88,3.4,5062.7,249.5,79.11,100,58,83,17614.5,13835.2,253.3,79.11,100,55,88,3.7,4.6,247.2,79.10,100,56,86,491.8,16377.3,7.0,1,31
1782815214.707,211.795,250.0,79.10,99,38,88,5.0,6.9,250.2,79.11,100,58,83,10.1,117.6,250.9,79.11,100,59,88,19404.6,17191.6,248.3,79.10,100,56,86,4.3,4.8,7.0,1,31
1782815215.150,212.238,249.5,79.10,99,37,88,20050.7,17109.8,250.2,79.11,100,58,83,1.8,5.0,247.8,79.11,100,51,88,1.9,1347.7,248.3,79.10,100,56,86,18589.5,17192.7,7.0,1,31
1782815215.592,212.680,250.6,79.10,100,44,88,1.8,62.9,249.6,79.11,100,44,82,19434.6,17107.1,247.8,79.11,100,51,88,4.1,4.6,247.0,79.10,100,54,86,1.8,12239.0,7.0,1,31
1782815216.035,213.123,249.8,79.10,99,40,88,2.0,5.3,248.4,79.11,100,44,83,20240.5,17107.8,247.2,79.11,100,41,87,3.0,5.4,242.2,79.10,99,39,85,1101.7,16771.4,7.0,1,31
1782815216.477,213.565,249.8,79.10,99,40,88,3717.9,14702.9,251.9,79.11,99,44,83,18488.4,5.1,251.0,79.11,99,40,88,2.1,2250.8,246.0,79.10,100,44,86,17880.3,16493.0,9.0,5,27
1782815216.918,214.006,249.6,79.10,100,36,88,2.7,6.3,251.0,79.11,100,42,83,20724.5,17107.5,249.5,79.11,100,39,87,1.8,4.3,239.0,79.10,98,12,86,3.9,553.3,9.0,5,27
1782815217.361,214.449,247.4,79.10,99,46,88,20710.2,17110.6,246.5,79.11,100,50,83,3.5,3.9,244.1,79.11,99,46,87,1.8,3.6,237.1,79.10,99,43,85,8415.2,14946.5,9.0,5,27
1782815217.805,214.893,251.3,79.10,100,58,88,1.7,3.8,247.1,79.11,100,44,83,1.7,84.8,246.8,79.11,100,41,87,19708.8,17195.2,242.0,79.10,100,46,86,2.2,4.5,9.0,5,27
1782815218.249,215.337,254.9,79.10,99,47,88,2.7,17111.1,251.0,79.11,100,50,82,20704.3,5.0,252.2,79.11,100,56,88,1.8,4.5,248.0,79.10,99,52,86,1308.7,16205.6,9.0,5,27
1782815218.691,215.779,251.2,79.10,100,43,88,2.0,8079.4,250.1,79.11,100,43,82,21604.1,4916.2,249.3,79.11,99,40,86,9.6,7.3,246.9,79.10,99,40,85,15356.9,14389.7,9.0,5,27
1782815219.141,216.230,248.3,79.10,99,34,88,20709.7,17108.7,250.1,79.11,100,43,82,2.5,5.6,248.0,79.11,100,42,88,1106.1,16737.3,246.9,79.10,99,40,85,20748.3,5.9,9.0,5,27
1782815219.582,216.670,248.0,79.10,100,36,88,20706.1,4.3,249.1,79.11,100,42,82,1.9,4.6,248.0,79.11,100,42,88,17493.5,14263.6,241.4,79.10,99,39,85,5013.2,7.3,9.0,5,27
1782815220.023,217.112,250.9,79.10,100,37,88,20709.0,17110.2,251.3,79.11,100,48,83,3.5,4.5,251.0,79.11,100,48,88,1.9,615.5,244.1,79.10,100,43,86,19696.9,17204.0,9.0,5,27
1782815220.465,217.553,250.9,79.10,100,37,88,3.5,2268.3,251.2,79.11,100,42,82,17585.0,14161.3,250.4,79.11,100,49,88,2.0,4.6,245.7,79.10,99,43,86,2.2,9233.4,9.0,5,27
1782815220.911,217.999,252.1,79.10,100,43,88,4119.1,4.0,248.1,79.11,100,45,83,6.8,5.8,249.2,79.11,99,41,87,19738.3,16478.9,244.2,79.10,99,41,85,3.9,4.4,9.0,5,27
1782815221.354,218.443,250.7,79.10,100,50,88,3715.0,14481.7,249.9,79.11,100,43,83,18800.3,4.4,250.9,79.11,100,41,87,1.8,4.3,246.2,79.10,99,41,85,5264.4,14408.1,9.0,5,27
1782815221.797,218.885,250.4,79.10,100,52,88,5.1,4.1,250.2,79.11,99,43,82,518.3,17141.2,250.0,79.11,99,42,86,20751.1,4.7,247.0,79.10,99,40,85,2.7,5.2,9.0,5,27
1782815222.242,219.330,248.8,79.10,99,45,88,18907.7,1401.4,250.7,79.11,100,43,83,1.7,4.4,250.5,79.11,100,42,87,1106.1,16774.0,247.4,79.10,100,40,86,20751.0,5.8,9.0,5,27
1782815222.684,219.773,249.7,79.10,100,39,88,4196.3,14549.5,250.5,79.11,99,43,83,18426.2,10.2,251.3,79.11,99,39,87,5.3,502.5,247.2,79.10,99,40,86,19728.9,17206.0,9.0,5,27
1782815223.129,220.217,250.8,79.10,100,35,88,20709.2,17114.7,250.5,79.11,99,43,83,3.8,5.5,248.1,79.11,99,41,87,3013.0,15295.4,247.2,79.10,99,40,86,19243.3,6.3,9.0,5,27
1782815223.570,220.658,249.6,79.10,99,36,88,22997.8,16127.8,247.7,79.11,99,40,83,22901.4,15989.2,248.1,79.11,99,41,87,22491.4,16231.4,242.6,79.10,100,38,87,18108.4,2114.0,12.0,9,23
1782815224.011,221.100,249.6,79.10,99,36,88,2.7,3.5,241.3,79.11,100,12,82,17128.3,14151.0,241.7,79.11,100,12,87,4705.3,4.1,235.4,79.10,100,59,86,2.2,4.0,12.0,9,23
1782815224.453,221.542,249.6,79.10,99,41,88,5776.1,14188.1,251.1,79.11,100,70,83,17324.0,4.1,248.7,79.11,100,57,88,1.9,10.1,242.5,79.10,99,42,86,5498.0,14268.6,12.0,9,23
1782815224.897,221.986,250.8,79.10,100,41,88,7149.6,4.2,250.9,79.11,99,45,83,1.8,6.5,253.6,79.11,99,41,86,20177.9,15110.6,250.4,79.10,99,41,86,1117.1,4.7,12.0,9,23
1782815225.339,222.428,251.0,79.10,100,51,88,9367.2,14409.0,250.7,79.11,100,41,83,13858.2,5.2,249.0,79.11,99,39,87,2.1,5561.9,246.6,79.10,99,40,87,18012.3,12874.3,12.0,9,23
1782815225.780,222.868,248.6,79.10,100,36,87,18119.9,5709.6,249.7,79.11,100,46,83,2.1,5.3,249.9,79.11,100,45,88,20797.5,16986.5,244.1,79.10,100,39,86,2.7,5.4,12.0,9,23
1782815226.224,223.313,248.4,79.10,100,38,88,1.9,4.9,249.8,79.11,100,39,83,8247.3,14493.5,250.6,79.11,100,38,88,14208.0,5.1,243.3,79.10,99,42,86,5.3,592.7,12.0,9,23
1782815226.667,223.756,251.8,79.10,99,42,88,3.5,4.0,249.8,79.11,100,39,83,2.7,17193.9,246.7,79.11,99,39,88,20761.5,11.9,243.3,79.10,99,42,86,9.8,4.5,12.0,9,23
1782815227.117,224.206,251.1,79.10,99,43,88,20705.1,3.8,249.1,79.11,99,44,82,3.5,4.2,249.4,79.11,100,42,87,1125.5,16761.9,242.5,79.10,99,41,85,20751.7,4.8,12.0,9,23
1782815227.558,224.647,249.1,79.10,99,38,88,1.7,13980.6,249.7,79.11,100,45,83,17611.8,3454.2,249.4,79.11,100,42,87,2.6,4.3,244.2,79.10,99,40,85,1083.7,15631.8,12.0,9,23
1782815228.002,225.090,249.1,79.10,99,38,88,1373.5,4.0,250.9,79.11,100,46,83,2.2,27.5,252.1,79.11,100,41,87,19727.2,17198.8,246.9,79.10,99,40,86,2.0,6.3,12.0,9,23
1782815228.444,225.532,250.6,79.10,99,39,88,1.7,17113.9,249.8,79.11,100,45,83,20704.6,4.4,251.0,79.11,99,42,87,2.4,4.5,246.8,79.10,99,41,86,6813.8,14956.9,12.0,9,23
1782815228.887,225.975,250.1,79.10,100,39,88,2.0,3.9,250.1,79.11,100,46,83,1.8,17127.9,250.0,79.11,100,40,87,20752.6,7.5,247.6,79.10,99,40,86,2.8,4.5,12.0,9,23
1782815229.332,226.420,249.6,79.10,99,39,87,17410.3,12122.6,249.3,79.11,99,51,83,3.5,4.4,250.5,79.11,99,42,87,1.7,14763.5,247.9,79.10,99,41,86,17167.3,4248.0,12.0,9,23
1782815229.773,226.861,249.8,79.10,100,37,89,17820.7,14187.5,249.6,79.11,100,50,83,5299.2,5.1,251.0,79.11,99,49,88,2.1,13361.0,245.3,79.10,99,41,86,17776.9,5021.8,12.0,9,23
1782815230.214,227.302,250.8,79.10,100,39,88,17756.3,7888.1,248.9,79.11,100,41,83,2.2,5.0,248.4,79.11,100,40,87,8687.3,14760.6,243.7,79.10,99,41,86,13788.5,5.6,15.0,13,19
1782815230.655,227.743,246.3,79.10,98,14,88,2.6,17116.6,248.9,79.11,100,41,83,20702.8,7.3,242.8,79.11,99,62,88,5.4,9.0,243.7,79.10,99,41,86,12588.9,15483.2,15.0,13,19
1782815231.104,228.192,248.7,79.10,100,41,87,12363.4,3.6,245.9,79.11,100,66,83,2.5,4.0,242.8,79.11,99,62,88,1119.5,16800.1,238.5,79.10,99,60,86,20753.3,4.6,15.0,13,19
1782815231.545,228.634,253.8,79.10,100,42,88,1.7,3.9,249.5,79.11,99,57,83,4403.1,14569.8,247.9,79.11,100,46,87,17909.7,4.0,241.2,79.10,100,41,86,2.5,4.2,15.0,13,19
1782815231.987,229.075,253.8,79.10,100,42,88,19595.7,17109.0,253.2,79.11,100,45,83,2.8,4.6,252.5,79.11,100,41,87,1.9,7713.5,247.2,79.10,99,40,85,17280.6,11139.8,15.0,13,19
1782815232.428,229.517,249.8,79.10,100,45,88,16435.3,14941.3,248.4,79.11,100,41,83,6102.9,5.3,248.4,79.11,100,41,87,2.0,11245.3,246.2,79.10,99,39,86,17530.0,7401.9,15.0,13,19
1782815232.869,229.957,249.2,79.10,100,36,88,20706.6,4.9,247.2,79.11,100,41,82,2.1,58.1,247.7,79.11,99,40,88,19700.4,17207.6,243.1,79.10,99,39,85,2.2,5.8,15.0,13,19
1782815233.312,230.400,248.3,79.10,100,34,88,2.8,4.5,248.6,79.11,100,45,83,1.9,16238.5,250.0,79.11,99,42,88,18363.5,1915.5,241.2,79.10,100,46,86,2.7,5.2,15.0,13,19
1782815233.753,230.842,250.4,79.10,100,40,88,20708.7,5.9,250.9,79.11,100,43,82,4.8,4.5,248.7,79.11,100,40,88,10392.5,14498.2,243.7,79.10,100,39,86,12123.8,4.8,15.0,13,19
1782815234.198,231.287,250.5,79.10,100,37,88,5466.5,14477.3,250.8,79.11,100,41,83,17332.9,4.3,250.9,79.11,100,39,87,1.9,4.5,245.7,79.10,100,41,86,11613.4,14265.5,15.0,13,19
1782815234.640,231.729,248.7,79.10,100,38,87,1.7,4.0,250.8,79.11,100,41,83,2.4,14444.7,251.5,79.11,100,41,87,22399.4,10.7,245.7,79.10,100,41,86,5.1,7.1,15.0,13,19
1782815235.088,232.176,249.5,79.10,100,38,87,17278.7,14173.9,250.1,79.11,100,46,83,1.8,4.4,251.5,79.11,100,41,87,1.9,4790.8,247.9,79.10,99,41,86,17266.0,14131.3,15.0,13,19
1782815235.528,232.617,250.1,79.10,100,37,88,1.8,4.1,249.3,79.11,100,50,83,20255.4,17110.0,251.1,79.11,100,43,87,2.2,4.7,247.2,79.10,100,41,86,3.5,1373.9,15.0,13,19
1782815235.972,233.061,250.1,79.10,100,37,88,11829.0,4.2,250.5,79.11,100,54,83,1.9,4.2,250.8,79.11,99,43,87,18638.0,13930.3,247.2,79.10,99,46,86,4699.3,4.4,15.0,13,19
1782815236.414,233.503,249.9,79.10,100,37,88,17012.3,14454.3,249.9,79.11,100,61,83,6145.5,4.8,249.8,79.11,99,49,88,3.6,1538.5,247.5,79.10,99,46,86,18622.1,16733.0,15.0,13,19
1782815236.855,233.943,250.3,79.10,100,37,88,20708.0,17114.7,246.9,79.11,99,42,82,2.1,5.5,247.6,79.11,99,42,88,2942.8,15298.9,242.1,79.10,99,40,85,19221.8,5.4,15.0,13,19
1782815237.296,234.384,248.7,79.10,99,35,87,23345.3,16383.8,249.9,79.11,100,48,83,22714.1,15883.4,249.3,79.11,99,46,88,22636.1,16053.8,242.0,79.10,98,43,86,18020.2,6517.9,18.0,17,15
1782815237.736,234.824,245.9,79.10,99,43,88,6.3,7.6,247.8,79.11,100,54,83,19077.6,13258.6,246.0,79.11,100,62,88,3548.9,3.7,243.4,79.10,100,67,86,3.4,4.0,18.0,17,15
1782815238.185,235.274,250.9,79.10,99,41,87,4368.2,14272.5,249.8,79.11,99,58,83,18437.6,4.3,247.3,79.11,99,46,88,2.5,4.4,243.6,79.10,100,41,86,2249.4,15512.1,18.0,17,15
1782815238.630,235.718,254.1,79.10,99,41,87,5846.4,4.1,249.8,79.11,99,58,83,3.5,3.6,253.9,79.11,99,42,87,20317.5,16195.5,243.6,79.10,100,41,86,19.4,15.6,18.0,17,15
1782815239.077,236.166,248.5,79.10,100,37,87,20708.7,16185.9,252.6,79.11,99,46,83,149.6,5.2,253.9,79.11,99,42,87,1.9,16289.4,250.0,79.10,99,41,85,17555.8,2651.1,18.0,17,15
1782815239.519,236.607,251.7,79.10,100,34,88,20708.9,5.2,249.9,79.11,100,45,83,2.1,1593.9,249.3,79.11,100,40,87,18429.8,16478.8,248.0,79.10,100,43,86,2.1,5.6,18.0,17,15
1782815239.960,237.048,251.7,79.10,100,34,88,2.9,7.6,248.0,79.11,100,43,83,18913.0,14292.5,249.0,79.11,99,39,87,3549.0,5.0,244.7,79.10,99,40,86,2.1,8343.7,18.0,17,15
1782815240.403,237.492,251.4,79.10,100,36,88,1.8,4.0,247.9,79.11,99,41,82,523.4,17127.1,247.1,79.11,99,40,87,20747.7,4.6,239.8,79.10,99,39,86,2.2,4.6,18.0,17,15
1782815240.844,237.932,248.7,79.10,100,38,88,20706.2,3.9,250.9,79.11,99,43,83,4.3,4.3,250.7,79.11,99,39,87,2723.0,15086.9,243.4,79.10,99,38,86,19685.7,6.8,18.0,17,15
1782815241.287,238.375,248.9,79.10,100,39,88,3.5,17112.7,252.9,79.11,100,61,83,20704.1,4.6,252.8,79.11,100,50,88,7.8,4.3,248.4,79.10,99,50,86,1127.1,16821.1,18.0,17,15
1782815241.729,238.817,250.0,79.10,100,39,87,4.9,9.3,250.1,79.11,100,61,83,8.9,6759.6,250.8,79.11,99,52,88,16888.6,10761.3,247.4,79.10,99,49,86,4.2,4.4,18.0,17,15
1782815242.176,239.264,250.1,79.10,100,39,87,13556.5,14240.4,250.1,79.11,100,61,83,9696.6,4.5,250.6,79.11,100,53,88,1.9,18.2,247.4,79.10,99,49,86,19738.2,17199.0,18.0,17,15
1782815242.617,239.706,249.5,79.10,100,38,88,1.8,4.1,251.5,79.11,100,63,83,4998.2,14703.0,250.8,79.11,100,61,88,17175.9,8.1,248.3,79.10,99,47,86,12.1,530.0,18.0,17,15
1782815243.065,240.153,249.9,79.10,99,39,88,20706.6,4.1,251.3,79.11,100,63,83,1.8,4.5,250.8,79.11,100,61,88,8973.3,14513.4,248.6,79.10,100,53,86,13464.1,4.8,18.0,17,15
1782815243.506,240.594,249.9,79.10,99,39,88,18007.9,10297.3,247.9,79.11,100,52,83,2.1,5.2,249.9,79.11,100,51,88,10183.9,14878.4,245.8,79.10,100,47,86,11902.3,5.2,18.0,17,15
1782815243.947,241.035,250.3,79.10,99,37,88,17187.7,5.0,248.2,79.11,100,43,83,5.6,3416.0,246.5,79.11,100,40,87,17872.5,15047.7,244.9,79.10,99,39,86,3.8,5.6,21.0,21,11
1782815244.390,241.478,249.7,79.10,100,37,88,20709.2,17113.2,248.3,79.11,98,34,82,1.8,4.1,246.0,79.11,98,41,87,1.8,1038.2,233.9,79.10,99,13,85,19180.2,16710.5,21.0,21,11
1782815244.831,241.920,249.0,79.10,99,51,88,1.8,10.0,247.5,79.11,100,46,83,3.4,3.5,247.0,79.11,100,56,88,12534.3,13948.2,242.9,79.10,100,69,86,10751.4,8.9,21.0,21,11
1782815245.276,242.364,249.6,79.10,99,40,87,3.4,3.5,251.4,79.11,100,64,83,20243.6,17105.9,250.1,79.11,99,53,88,1.9,4.9,247.8,79.10,99,51,86,1.8,11.9,21.0,21,11
1782815245.718,242.806,249.3,79.10,99,40,87,20707.4,7.8,253.0,79.11,100,50,83,5.3,9.2,253.7,79.11,100,39,87,4796.3,14522.6,250.5,79.10,99,39,86,17952.0,4.6,21.0,21,11
1782815246.160,243.248,248.9,79.10,99,37,88,17764.5,10163.3,253.0,79.11,100,50,83,2.0,5.1,248.2,79.11,100,43,88,6523.7,14758.5,250.5,79.10,99,39,86,15815.3,5.8,21.0,21,11
1782815246.601,243.689,248.4,79.10,100,34,87,2.9,5.0,247.5,79.11,100,46,83,493.2,17163.5,248.2,79.11,100,43,88,20750.1,6.8,244.4,79.10,100,43,86,2.2,2957.8,21.0,21,11
1782815247.045,244.134,249.9,79.10,99,42,88,1.9,4.6,248.4,79.11,99,44,83,20733.9,15141.1,248.8,79.11,100,42,88,811.2,5.1,241.4,79.10,99,37,86,3.6,11616.9,21.0,21,11
1782815247.488,244.576,249.9,79.10,99,42,88,3.3,4.3,251.0,79.11,100,41,83,1.8,3422.1,249.5,79.11,100,40,87,17577.0,15081.1,243.9,79.10,100,42,86,2.8,4.9,21.0,21,11
1782815247.929,245.017,250.5,79.10,99,37,88,20707.8,17111.0,252.2,79.11,100,48,83,4.5,6.2,249.8,79.11,100,44,88,1.8,9518.4,246.2,79.10,99,54,86,17325.6,9423.1,21.0,21,11
1782815248.375,245.463,250.1,79.10,99,38,88,1.8,4.8,251.3,79.11,100,60,83,14088.4,14189.3,253.2,79.11,100,57,88,8421.7,4.5,247.2,79.10,99,57,86,1.8,3.7,21.0,21,11
1782815248.816,245.905,250.5,79.10,100,38,88,20707.1,4.6,250.8,79.11,100,57,83,1.8,4.4,251.5,79.11,100,56,88,1087.1,16791.5,248.0,79.10,100,57,86,20753.4,7.3,21.0,21,11
1782815249.260,246.349,249.7,79.10,99,39,88,1.8,9073.5,249.2,79.11,100,53,83,17428.9,9994.9,251.7,79.11,100,51,88,1.9,4.6,249.6,79.10,100,54,86,491.6,15805.8,21.0,21,11
1782815249.702,246.790,249.6,79.10,100,40,88,5.1,7.9,248.5,79.11,99,53,83,8.3,4819.0,250.8,79.11,100,54,88,17187.2,14191.2,247.4,79.10,100,54,86,2.4,4.6,21.0,21,11
1782815250.148,247.236,249.4,79.10,99,37,88,17995.3,17062.8,248.5,79.11,99,53,83,3.5,4.8,247.5,79.11,100,47,88,1.9,15106.0,247.4,79.10,100,54,86,17294.0,3822.5,21.0,21,11
1782815250.589,247.677,248.7,79.10,100,37,88,17492.6,6416.9,248.4,79.11,99,41,82,2.1,5.4,247.5,79.11,100,47,88,18647.6,14630.1,244.5,79.10,100,44,86,3790.8,8.4,21.0,21,11
1782815251.030,248.118,249.3,79.10,100,38,88,23087.0,15456.6,251.9,79.11,100,43,83,21825.3,17102.8,248.5,79.11,100,38,88,20747.4,17185.6,246.6,79.10,100,44,86,20745.0,5.0,24.0,25,7
1782815251.472,248.560,249.3,79.10,100,38,88,1.7,3.7,241.8,79.11,99,17,82,18015.8,14065.0,242.4,79.11,99,14,87,4333.0,3.9,238.9,79.10,99,55,86,2.0,4.0,24.0,25,7
1782815251.914,249.002,251.3,79.10,100,52,88,2611.0,14995.3,247.0,79.11,99,55,83,20219.6,6.6,247.7,79.11,100,64,88,1.8,4.4,243.3,79.10,100,67,86,1156.8,16772.4,24.0,25,7
1782815252.355,249.444,249.1,79.10,100,39,87,13826.9,4.0,260.4,79.11,100,66,83,1.9,5.1,257.8,79.11,100,55,88,13584.0,14419.6,254.0,79.10,99,48,86,9314.2,4.6,24.0,25,7
1782815252.796,249.885,248.3,79.10,100,40,88,6.4,17116.1,252.8,79.11,99,52,83,20703.6,5.1,253.4,79.11,100,41,87,2.1,528.4,246.4,79.10,100,44,86,19722.0,17192.4,24.0,25,7
1782815253.241,250.329,249.3,79.10,100,36,88,18026.6,14556.3,246.2,79.11,99,42,83,3.8,5.6,247.7,79.11,99,43,87,12717.4,14718.3,242.9,79.10,99,39,86,9886.7,5.5,24.0,25,7
1782815253.681,250.770,249.8,79.10,100,36,88,2.0,7.5,246.2,79.11,99,42,83,520.7,17121.5,247.7,79.11,100,38,88,20755.4,7.6,239.8,79.10,100,40,85,5.1,534.2,24.0,25,7
1782815254.128,251.216,249.8,79.10,100,38,88,1.8,4.0,247.2,79.11,100,40,82,1.7,6705.6,251.2,79.11,100,42,88,17249.4,12016.3,239.8,79.10,100,40,85,1.9,4.7,24.0,25,7
1782815254.568,251.657,249.9,79.10,100,37,88,17850.7,11072.1,252.1,79.11,100,49,83,2.8,4.3,251.2,79.11,100,42,88,1.9,7364.1,244.8,79.10,100,39,86,17288.3,11699.0,24.0,25,7
1782815255.009,252.097,249.9,79.10,100,37,88,2.7,3.4,253.8,79.11,100,62,83,20225.0,17105.2,252.2,79.11,100,53,88,1.9,4.3,248.4,79.10,100,47,86,1.9,635.8,24.0,25,7
1782815255.453,252.541,249.8,79.10,100,38,88,20705.9,4.1,251.0,79.11,100,61,83,3.4,4.4,251.6,79.11,99,57,88,3845.0,14581.3,246.7,79.10,99,54,86,18774.7,4.5,24.0,25,7
1782815255.893,252.982,250.2,79.10,100,38,87,3.5,3830.7,249.8,79.11,100,59,83,17576.1,15131.7,251.0,79.11,100,56,88,7.9,4.6,247.2,79.10,99,58,86,2.9,13586.8,24.0,25,7
1782815256.337,253.425,249.1,79.10,100,37,87,1.8,3.9,250.8,79.11,100,56,83,3.1,71.0,251.2,79.11,100,54,88,19698.9,17196.7,248.2,79.10,100,53,86,5.5,4.6,24.0,25,7
1782815256.778,253.866,250.5,79.10,100,38,88,20709.4,15540.4,248.3,79.11,99,55,83,935.3,4.5,251.0,79.11,100,55,88,2.8,581.4,248.5,79.10,100,55,86,19701.6,17213.7,24.0,25,7
1782815257.224,254.312,249.7,79.10,100,37,88,1.8,17118.5,247.4,79.11,99,43,82,20216.0,5.3,247.6,79.11,99,45,87,4.1,575.8,242.4,79.10,100,40,85,19700.6,17195.7,24.0,25,7
1782815257.666,254.755,248.0,79.10,100,36,87,19891.5,17111.6,247.4,79.11,99,43,82,3.9,10.3,251.0,79.11,100,44,88,2294.0,15357.3,242.4,79.10,100,40,85,19684.6,5.5,27.0,29,3
1782815258.112,255.200,243.9,79.10,99,9,88,1.8,4.1,249.4,79.11,100,44,83,6070.7,17845.1,251.0,79.11,100,44,88,1821.2,4.0,244.3,79.10,100,45,86,2.5,7270.8,27.0,29,3
1782815258.554,255.642,250.8,79.10,100,48,88,1.7,12839.1,248.1,79.11,99,51,83,15531.8,4.2,246.4,79.11,99,53,88,1.9,2483.6,241.4,79.10,100,53,86,21667.8,4488.7,27.0,29,3
1782815258.994,256.083,250.8,79.10,100,48,88,3542.4,4.1,251.2,79.11,100,48,83,501.0,16139.0,248.5,79.11,100,48,88,9912.6,4.4,243.6,79.10,99,49,86,237.7,13036.1,27.0,29,3
1782815259.440,256.528,249.9,79.10,100,44,88,1.9,1395.4,252.0,79.11,99,46,83,21348.4,5661.2,252.3,79.11,99,40,88,3.8,12936.7,248.2,79.10,99,46,86,15564.2,5.6,27.0,29,3
1782815259.880,256.969,249.7,79.10,99,32,88,7937.2,5.1,248.7,79.11,100,48,83,9093.0,18163.4,248.1,79.11,99,37,87,5.2,19.2,245.7,79.10,99,39,86,14545.6,12425.0,27.0,29,3
1782815260.331,257.419,250.7,79.10,100,40,88,1.8,3606.3,251.6,79.11,99,45,83,21543.3,3380.6,248.5,79.11,99,46,87,4.4,34.3,243.8,79.10,99,44,86,15602.4,12413.8,27.0,29,3
1782815260.771,257.860,250.0,79.10,100,41,87,5.1,6.9,250.2,79.11,99,51,83,15657.8,12830.7,251.2,79.11,99,48,87,1.8,4.3,243.6,79.10,99,48,85,11788.5,16076.1,27.0,29,3
1782815261.214,258.302,250.8,79.10,100,43,88,9462.5,4.2,250.9,79.11,99,51,83,2.0,12896.1,251.4,79.11,99,49,87,15561.4,4.4,246.6,79.10,99,42,86,2.7,6217.7,27.0,29,3
1782815261.657,258.745,250.1,79.10,99,43,88,21477.5,7133.1,250.9,79.11,99,51,83,3.5,6.8,250.9,79.11,99,41,88,15620.0,12906.9,246.6,79.10,99,42,86,7.6,6.9,27.0,29,3
1782815262.104,259.193,249.7,79.10,100,42,88,14212.3,13779.9,250.3,79.11,99,42,83,1.9,4.3,250.9,79.11,99,41,88,1111.9,17608.6,246.5,79.10,99,47,85,8047.9,4.8,27.0,29,3
1782815262.545,259.633,249.9,79.10,100,38,88,18085.5,10735.1,249.5,79.11,100,51,83,4.4,3256.8,249.5,79.11,99,49,87,21428.7,3348.7,247.0,79.10,99,46,86,4.5,9782.5,27.0,29,3
1782815262.986,260.075,249.9,79.10,100,38,88,5.2,12836.2,250.2,79.11,100,50,82,6313.1,5706.5,247.2,79.11,100,44,87,7302.3,8761.2,246.9,79.10,99,36,86,7248.8,9815.8,29.0,37,0
1782815263.431,260.519,249.9,79.10,100,39,88,6194.9,4261.0,251.8,79.11,100,53,83,5316.7,6960.4,251.3,79.11,100,51,88,5929.6,8481.3,245.6,79.10,100,51,86,6302.0,10905.4,29.0,37,0
1782815263.875,260.963,251.6,79.10,100,47,87,5683.8,4132.6,253.7,79.11,100,56,83,5309.1,6546.2,253.4,79.11,100,53,87,5684.6,8720.6,253.5,79.10,100,53,86,6033.5,8944.1,29.0,37,0
1782815264.316,261.404,252.2,79.10,100,48,87,4956.9,4947.8,252.2,79.11,100,56,83,5382.5,6692.3,252.5,79.11,100,54,87,5675.8,7956.0,255.6,79.10,100,53,86,6971.2,8632.7,29.0,37,0
1782815264.757,261.845,250.0,79.10,100,48,87,5669.2,4947.7,250.0,79.11,100,56,83,5405.8,6093.4,250.1,79.11,100,54,87,6484.1,7643.1,251.2,79.10,100,53,86,6660.6,8806.6,29.0,40,0
1782815265.204,262.293,250.0,79.10,100,48,87,5782.9,4159.8,250.0,79.11,100,57,83,6328.5,6459.5,250.0,79.11,100,54,87,5379.3,8425.8,250.1,79.10,100,54,86,5492.8,9591.3,29.0,40,0
1782815265.647,262.735,250.0,79.10,100,48,87,4653.6,4613.5,250.0,79.11,100,57,83,5376.8,8107.2,250.0,79.11,100,54,87,5500.2,8706.6,250.1,79.10,100,54,86,6707.9,8858.4,29.0,40,0
1782815266.099,263.187,250.0,79.10,100,48,87,4734.3,3843.2,250.0,79.11,100,56,83,6097.7,6190.9,250.0,79.11,100,54,87,6488.3,7915.9,249.9,79.10,100,54,86,5768.7,9440.1,29.0,40,0
1782815266.541,263.630,250.0,79.10,100,48,87,4552.4,4664.3,250.0,79.11,100,56,83,5373.0,6996.3,250.0,79.11,100,54,87,5786.0,7675.7,250.0,79.10,100,54,86,6649.3,8864.8,29.0,40,0
1782815266.984,264.072,250.0,79.10,100,48,87,4757.9,3759.6,250.0,79.11,100,56,83,6118.7,6244.3,250.0,79.11,100,55,87,6465.8,8346.6,250.0,79.10,100,54,86,5851.4,9535.0,29.0,40,0
1782815267.425,264.514,250.0,79.10,100,48,87,5679.5,4011.8,250.0,79.11,100,56,83,5003.2,6445.1,250.0,79.11,100,54,87,5574.6,9126.0,250.0,79.10,100,54,86,6050.4,8905.9,29.0,40,0
1782815267.867,264.956,249.9,79.10,100,48,87,5005.1,3893.1,250.0,79.11,100,57,83,6183.6,6385.8,249.9,79.11,100,54,87,6527.2,8214.7,250.1,79.10,100,54,86,6450.4,8631.9,29.0,40,0
1782815268.312,265.400,250.0,79.10,100,48,87,5698.7,4010.5,249.9,79.11,100,56,83,4989.3,6742.5,250.0,79.11,100,54,87,5523.6,8230.3,249.9,79.10,100,54,86,5896.7,9205.9,29.0,40,0
1782815268.756,265.845,250.0,79.10,100,48,87,4859.9,4781.1,250.0,79.11,100,56,83,5268.8,6574.8,250.1,79.11,100,54,87,5741.5,7667.2,250.1,79.10,100,54,86,6704.4,8490.1,30.0,40,0
1782815269.202,266.290,250.0,79.10,100,48,87,5059.9,4848.5,250.1,79.11,100,57,83,5447.6,6056.5,250.0,79.11,100,55,87,6483.3,8162.5,250.0,79.10,100,54,86,6398.8,9156.2,30.0,40,0
1782815269.645,266.734,250.0,79.10,100,48,87,5581.9,4183.1,250.1,79.11,100,57,83,5021.3,7972.9,250.0,79.11,100,54,87,6038.7,8927.8,250.0,79.10,100,54,86,5338.8,9616.9,30.0,40,0
1782815270.098,267.186,250.0,79.10,100,48,87,5681.3,4264.1,250.0,79.11,100,57,82,5146.0,6510.9,250.0,79.11,100,54,87,5624.0,8707.7,249.9,79.10,100,54,86,6056.8,8605.2,30.0,40,0
1782815270.540,267.628,250.0,79.10,100,48,87,4754.6,4650.3,249.9,79.11,100,57,83,5473.3,6161.2,250.0,79.11,100,54,87,6547.4,7841.5,249.9,79.10,100,53,86,6804.2,8877.3,30.0,40,0
1782815270.985,268.074,250.0,79.10,100,48,87,5046.8,3777.6,250.0,79.11,100,57,83,6121.0,6302.8,250.0,79.11,100,54,87,6491.4,8195.0,250.0,79.10,100,54,86,5388.7,9503.9,30.0,40,0
1782815271.427,268.515,250.0,79.10,100,48,87,5679.8,4094.7,250.1,79.11,100,57,83,5068.5,6617.0,250.0,79.11,100,54,87,5618.5,8269.0,250.1,79.10,100,53,86,6179.2,8181.4,30.0,40,0
1782815271.871,268.960,250.0,79.10,100,48,87,4754.8,4652.6,250.0,79.11,100,57,82,5466.2,6264.8,249.9,79.11,100,55,87,6959.8,8108.4,250.1,79.10,100,54,85,6417.4,8706.7,30.0,40,0
1782815272.315,269.404,250.0,79.10,100,48,87,5059.8,4010.1,249.9,79.11,100,57,83,6235.1,6179.4,250.0,79.11,100,54,87,6452.1,8224.6,249.9,79.10,100,53,86,5803.3,9602.2,30.0,40,0
1782815272.759,269.847,250.0,79.10,100,48,87,5988.3,4177.8,250.0,79.11,100,56,83,6149.8,6301.9,250.1,79.11,100,54,87,5323.6,8845.9,249.9,79.10,100,54,86,5903.1,9253.4,30.0,40,0
1782815273.202,270.290,250.0,79.10,100,48,87,5493.9,4153.4,250.0,79.11,100,56,82,5197.0,6849.5,250.0,79.11,100,54,87,5780.2,8592.8,249.9,79.10,100,54,86,6048.3,8697.1,30.0,40,0
1782815273.646,270.734,250.0,79.10,100,48,87,4855.9,4743.7,250.0,79.11,100,56,82,5475.8,8073.3,249.9,79.11,100,54,87,5833.1,9324.0,249.9,79.10,100,54,86,7039.1,8883.6,30.0,40,0
1782815274.099,271.187,250.0,79.10,100,48,87,5059.8,4733.2,250.0,79.11,100,56,83,5551.6,6288.0,249.9,79.11,100,54,87,6766.2,7923.2,250.0,79.10,100,53,86,6599.0,9063.8,30.0,40,0
1782815274.540,271.629,250.0,79.10,100,48,87,5363.2,3787.4,250.0,79.11,100,57,83,6170.8,6330.9,250.0,79.11,100,54,87,6362.5,7954.8,250.1,79.10,100,54,86,5617.4,9633.6,30.0,40,0
1782815274.981,272.070,250.0,79.10,100,48,87,5752.4,4265.0,250.0,79.11,100,57,82,5262.4,6773.2,250.0,79.11,100,55,87,5369.6,8488.9,250.1,79.10,100,54,86,5937.8,9222.4,31.0,40,0
1782815275.425,272.513,250.0,79.10,100,48,87,4552.5,4947.7,250.0,79.11,100,57,82,5353.5,7147.8,249.9,79.11,100,54,87,5729.5,7585.4,250.0,79.10,100,54,86,6869.4,8647.7,31.0,40,0
1782815275.866,272.954,250.0,79.10,100,48,87,4997.9,4807.6,250.0,79.11,100,57,83,5449.7,6183.3,249.9,79.11,100,54,87,6517.2,9058.6,250.1,79.10,100,54,86,6464.1,8528.6,31.0,40,0
1782815276.313,273.401,250.0,79.10,100,48,87,5985.1,4010.3,250.0,79.11,100,56,82,6164.7,6228.0,250.0,79.11,100,54,87,6428.2,8156.5,250.0,79.10,100,54,86,5579.6,9477.5,31.0,40,0
1782815276.753,273.841,250.0,79.10,100,48,87,6787.6,4041.3,250.0,79.11,100,57,82,4999.8,6822.0,250.0,79.11,100,54,87,5439.5,8516.9,249.9,79.10,100,54,86,5970.3,9173.1,31.0,40,0
1782815277.201,274.289,250.0,79.10,100,48,87,4825.4,5066.7,250.0,79.11,100,56,83,5255.0,6799.4,249.9,79.11,100,54,87,5821.2,8170.2,250.0,79.10,100,54,86,6909.4,8921.4,31.0,40,0
1782815277.653,274.741,250.0,79.10,100,48,87,4956.9,4618.8,250.0,79.11,100,56,83,5432.3,6029.0,250.0,79.11,100,54,87,6813.2,9351.8,250.0,79.10,100,54,86,6757.9,8885.3,31.0,40,0
1782815278.100,275.188,250.0,79.10,100,48,87,5054.6,3843.0,250.0,79.11,100,56,82,6396.1,6445.4,250.0,79.11,100,54,87,6647.6,7930.5,250.0,79.10,100,53,86,6696.3,9157.2,31.0,40,0
1782815278.542,275.630,250.0,79.10,100,48,87,6003.7,3844.0,250.0,79.11,100,56,82,6119.4,6582.7,250.0,79.11,100,54,87,5482.3,8361.0,250.0,79.10,100,53,86,5662.4,9332.0,31.0,40,0
1782815278.984,276.072,250.0,79.10,100,48,87,5857.7,4261.9,250.0,79.11,100,56,82,5453.7,6888.7,250.0,79.11,100,54,87,5633.1,8660.8,250.0,79.10,100,53,86,5983.4,8550.3,31.0,40,0
1782815279.426,276.514,250.0,79.10,100,48,87,4957.0,4964.6,250.0,79.11,100,57,82,5622.1,6203.2,250.0,79.11,100,54,87,6649.1,7724.1,249.9,79.10,100,54,86,6626.2,8962.5,31.0,40,0
1782815279.867,276.955,250.0,79.10,100,48,87,5463.7,3926.7,249.9,79.11,100,56,82,6211.8,6647.2,250.0,79.11,100,54,87,6302.1,8173.5,250.0,79.10,100,53,86,5501.8,9585.0,31.0,40,0
1782815280.311,277.399,250.0,79.10,100,48,87,5581.2,4177.6,250.0,79.11,100,56,82,5288.6,7048.3,250.0,79.11,100,54,87,5605.3,8460.3,250.0,79.10,100,54,86,5912.3,8570.4,31.0,40,0
1782815280.752,277.841,250.0,79.10,100,48,87,4660.3,4637.6,250.1,79.11,100,57,82,5539.2,6329.1,250.0,79.11,100,54,87,5950.8,7753.0,250.1,79.10,100,54,86,6672.7,8535.6,31.0,40,0
1782815281.195,278.284,250.0,79.10,100,48,87,6171.1,3805.1,250.0,79.11,100,57,82,6121.3,6196.6,250.0,79.11,100,54,87,6545.5,8015.7,250.2,79.10,100,54,86,5451.4,9985.7,31.0,40,0
1782815281.638,278.726,250.0,79.10,100,48,87,5780.9,4206.3,250.0,79.11,100,57,82,5072.3,6978.6,250.0,79.11,100,54,87,6320.2,9192.3,250.2,79.10,100,54,86,5774.6,9726.7,31.0,40,0
1782815282.088,279.176,250.0,79.10,100,48,87,4754.6,4947.8,250.0,79.11,100,56,82,5325.8,6931.3,250.0,79.11,100,54,87,5844.7,7836.9,249.9,79.10,100,54,86,6935.5,8645.5,31.0,40,0
1782815282.531,279.619,250.0,79.10,100,48,87,5149.3,3825.9,250.0,79.11,100,57,82,6298.3,6441.8,250.0,79.11,100,54,87,6117.0,7822.1,249.9,79.10,100,54,86,5652.3,9178.4,31.0,40,0
1782815282.972,280.060,250.0,79.10,100,48,87,4856.8,4264.3,250.1,79.11,100,57,82,4969.7,6470.8,250.0,79.11,100,55,87,5761.2,8493.7,250.1,79.10,100,55,86,5844.0,8619.8,32.0,40,0
1782815283.415,280.503,250.0,79.10,100,48,87,5059.7,3843.0,250.0,79.11,100,57,82,6228.4,6048.6,250.0,79.11,100,55,87,6360.4,8052.4,250.1,79.10,100,54,86,5422.1,9386.3,32.0,40,0
1782815283.856,280.945,250.0,79.10,100,48,87,4626.6,4587.9,250.0,79.11,100,57,82,5110.6,6555.5,250.0,79.11,100,55,87,5661.1,7964.5,250.1,79.10,100,54,86,5694.6,8839.5,32.0,40,0
1782815284.747,281.836,250.0,79.10,100,48,87,5787.6,4096.9,250.0,79.11,100,57,82,6106.8,6579.2,249.9,79.11,100,54,87,5303.5,8346.6,249.9,79.10,100,54,86,5746.1,9332.8,32.0,40,0
1782815285.194,282.282,250.0,79.10,100,48,87,4666.3,4780.6,249.9,79.11,100,56,82,5268.5,6913.9,250.0,79.11,100,54,87,5707.6,8014.6,249.9,79.10,100,54,86,6720.5,8819.3,32.0,40,0
1782815285.639,282.728,250.0,79.10,100,49,87,6065.6,3884.7,249.9,79.11,100,56,82,5929.0,6067.4,250.0,79.11,100,55,87,6789.5,8338.5,249.9,79.10,100,54,86,5400.0,9602.3,32.0,40,0
1782815286.086,283.174,250.0,79.10,100,48,87,5578.4,4096.9,250.0,79.11,100,57,82,5059.5,7013.4,250.0,79.11,100,55,87,5547.6,8426.1,250.1,79.10,100,54,86,5794.7,8250.7,32.0,40,0
1782815286.532,283.620,250.0,79.10,100,48,87,4918.5,4754.5,250.0,79.11,100,57,82,5680.3,6162.8,250.0,79.11,100,54,87,6619.0,7665.1,250.1,79.10,100,54,86,6603.7,8585.5,32.0,40,0
1782815286.973,284.062,250.0,79.10,100,48,87,5716.9,4177.5,250.0,79.11,100,57,82,6123.2,6811.1,250.0,79.11,100,55,87,5422.3,8610.4,250.0,79.10,100,54,86,5707.6,9382.1,32.0,40,0
1782815287.420,284.509,250.0,79.10,100,48,87,4655.1,5229.8,250.0,79.11,100,56,82,5048.5,6621.2,250.0,79.11,100,54,87,5673.0,7610.5,250.0,79.10,100,55,86,6751.1,9057.3,32.0,40,0
1782815287.871,284.960,250.0,79.10,100,48,87,4957.2,3675.8,250.0,79.11,100,57,82,6530.1,6181.0,250.0,79.11,100,54,87,6405.4,7744.1,250.0,79.10,100,54,86,6615.1,9131.1,32.0,40,0
1782815288.316,285.404,250.0,79.10,100,48,87,5580.6,4177.5,250.0,79.11,100,56,82,4946.3,7336.1,250.0,79.11,100,54,87,5294.6,8502.1,250.0,79.10,100,54,86,5697.7,9208.9,32.0,40,0
1782815288.758,285.846,250.0,79.10,100,48,87,4959.6,4780.9,250.0,79.11,100,57,82,5112.3,6871.0,250.0,79.11,100,54,87,5419.2,7952.0,250.0,79.10,100,54,86,6599.2,8871.8,32.0,40,0
1782815289.209,286.297,250.0,79.10,100,48,87,5826.4,4177.6,250.0,79.11,100,58,82,6035.5,6472.7,250.0,79.11,100,55,87,5231.4,8447.3,250.0,79.10,100,54,86,5462.0,9399.5,33.0,40,0
1782815289.650,286.738,250.0,79.10,100,48,87,4754.7,4820.1,250.0,79.11,100,58,82,5415.6,6578.8,250.0,79.11,100,54,87,6181.2,8946.6,250.0,79.10,100,54,86,6804.4,8577.0,33.0,40,0
1782815290.100,287.189,250.0,79.10,100,48,87,5058.2,3810.6,250.0,79.11,100,57,82,6242.4,5884.2,250.0,79.11,100,54,87,6291.6,7978.1,250.0,79.10,100,54,86,5402.3,9335.3,33.0,40,0
1782815290.541,287.630,250.0,79.10,100,48,87,4854.2,4568.5,250.0,79.11,100,57,82,4947.7,6393.8,250.0,79.11,100,55,87,5511.0,8394.7,250.1,79.10,100,54,86,5889.1,8526.8,33.0,40,0
1782815290.982,288.071,250.0,79.10,100,48,87,4895.9,4749.9,250.0,79.11,100,57,82,5304.4,5875.1,250.0,79.11,100,55,87,6591.0,7976.1,250.0,79.10,100,54,86,6415.6,8932.5,33.0,40,0
1782815291.425,288.513,250.0,79.10,100,48,87,5905.9,4010.5,250.0,79.11,100,58,82,5769.5,6519.8,250.0,79.11,100,55,87,5405.6,8733.0,250.0,79.10,100,54,86,5564.5,9419.5,33.0,40,0
1782815291.870,288.958,250.0,79.10,100,48,87,4653.5,4619.1,250.0,79.11,100,58,82,5236.1,6227.1,250.0,79.11,100,55,87,6526.2,7731.0,250.0,79.10,100,54,86,6639.6,8767.0,33.0,40,0
1782815292.313,289.401,250.0,79.10,100,49,87,5622.1,4010.5,250.0,79.11,100,57,82,5937.1,6549.1,250.0,79.11,100,55,87,4994.2,8215.8,249.9,79.10,100,54,86,5775.7,8989.1,33.0,40,0
1782815292.757,289.846,250.0,79.10,100,49,87,5064.6,4780.8,250.0,79.11,100,57,82,5354.5,6449.8,250.0,79.11,100,55,87,6589.2,8074.1,250.0,79.10,100,54,86,6466.6,9177.4,33.0,40,0
1782815293.202,290.290,250.0,79.10,100,48,87,5792.4,4010.4,250.0,79.11,100,57,82,6148.8,6467.4,249.9,79.11,100,54,87,5256.7,8478.5,250.0,79.10,100,54,86,5536.9,9204.3,33.0,40,0
1782815293.643,290.731,250.0,79.10,100,48,87,4552.3,4930.2,250.0,79.11,100,57,82,5312.8,6814.3,250.0,79.11,100,55,87,5998.9,7637.8,250.0,79.10,100,54,86,6708.5,8727.4,33.0,40,0
1782815294.086,291.175,250.0,79.10,100,48,87,5262.0,3676.2,250.0,79.11,100,57,82,5980.7,5997.8,250.0,79.11,100,55,87,5092.1,8292.1,250.0,79.10,100,54,86,5666.4,9285.3,33.0,40,0
1782815294.529,291.617,250.0,79.10,100,48,87,4655.1,4836.6,250.0,79.11,100,57,82,5057.2,6536.9,250.0,79.11,100,55,87,5747.4,7900.0,250.0,79.10,100,54,86,6386.1,8389.0,33.0,40,0
1782815294.970,292.059,250.0,79.10,100,48,87,5263.8,3676.0,250.0,79.11,100,57,82,6251.5,6331.9,250.0,79.11,100,54,87,6153.2,8026.9,250.0,79.10,100,54,86,6307.4,8718.6,33.0,40,0
1782815295.413,292.502,250.0,79.10,100,48,87,5596.1,4177.6,249.9,79.11,100,57,82,5147.6,6891.8,250.0,79.11,100,55,87,5370.0,8625.5,249.9,79.10,100,54,86,6098.8,9323.2,33.0,40,0
1782815295.864,292.952,250.0,79.10,100,48,87,4552.4,4864.3,250.0,79.11,100,57,82,5298.5,7020.7,250.0,79.11,100,54,87,5789.4,8874.1,250.0,79.10,100,54,86,5673.8,8278.7,33.0,40,0
1782815296.311,293.399,250.0,79.10,100,48,87,5260.3,3759.4,250.0,79.11,100,57,82,6259.0,6465.6,250.0,79.11,100,54,87,6479.1,7753.8,250.0,79.10,100,54,86,5316.3,9502.6,33.0,40,0
1782815296.755,293.843,250.0,79.10,100,48,87,6452.7,4161.4,249.9,79.11,100,57,82,6129.8,6029.4,250.1,79.11,100,54,87,6007.0,7850.3,249.9,79.10,100,54,86,5515.7,9515.7,33.0,40,0
1782815297.202,294.290,250.0,79.10,100,48,87,4451.1,4884.8,249.9,79.11,100,56,82,5307.5,6748.9,250.0,79.11,100,54,87,5596.7,7718.2,249.9,79.10,100,54,86,6871.7,8508.5,33.0,40,0
1782815297.648,294.737,250.0,79.10,100,49,87,5058.2,3676.6,249.9,79.11,100,56,82,6261.0,6370.6,250.0,79.11,100,55,87,6470.9,9125.5,249.9,79.10,100,54,86,6535.5,8716.0,34.0,40,0
1782815298.095,295.183,250.0,79.10,100,48,87,5680.1,4122.3,250.0,79.11,100,58,82,5455.6,6602.3,250.0,79.11,100,55,87,5391.6,8666.4,250.0,79.10,100,54,86,5674.7,9441.8,34.0,40,0
1782815298.540,295.628,250.0,79.10,100,48,87,4475.8,4780.9,250.0,79.11,100,57,82,5294.8,6725.6,250.0,79.11,100,55,87,5696.2,7573.9,249.9,79.10,100,54,86,6767.1,8715.2,34.0,40,0
1782815298.983,296.071,250.0,79.10,100,48,87,5467.1,3766.0,250.0,79.11,100,57,82,6151.0,6287.1,250.0,79.11,100,55,87,6381.1,7854.4,250.0,79.10,100,55,86,5544.3,9168.5,34.0,40,0
1782815299.424,296.513,250.0,79.10,100,48,87,4452.9,4864.3,250.0,79.11,100,57,82,5224.5,6320.7,250.0,79.11,100,55,87,5618.3,7577.9,250.0,79.10,100,55,86,6688.7,8584.4,34.0,40,0
1782815299.867,296.956,250.0,79.10,100,48,87,5058.1,3723.8,250.0,79.11,100,56,82,6386.0,6320.8,249.9,79.11,100,54,87,6456.4,7803.5,249.9,79.10,100,54,86,5488.5,9584.5,34.0,40,0
1782815300.309,297.398,250.0,79.10,100,48,87,4817.4,4547.0,249.9,79.11,100,57,82,4980.9,6455.1,250.0,79.11,100,55,87,5571.4,8626.7,249.9,79.10,100,54,86,5895.5,8440.6,34.0,40,0
1782815300.751,297.839,250.0,79.10,100,48,87,5064.3,3762.2,250.0,79.11,100,57,82,6537.0,5980.2,250.1,79.11,100,54,87,6470.8,8072.6,250.1,79.10,100,55,86,6232.1,9160.0,34.0,40,0
1782815301.194,298.282,250.0,79.10,100,48,87,5611.2,4097.1,250.0,79.11,100,57,82,5071.8,7055.5,249.9,79.11,100,55,87,5373.0,8464.9,250.0,79.10,100,54,86,5896.8,8681.2,34.0,40,0
1782815301.636,298.724,250.0,79.10,100,48,87,4913.2,4801.7,250.0,79.11,100,57,82,5439.5,6346.2,250.0,79.11,100,54,87,6552.5,8468.6,250.0,79.10,100,54,86,6711.5,9113.5,34.0,40,0
1782815302.082,299.170,249.9,79.10,100,48,87,5983.5,4010.3,250.0,79.11,100,57,82,5985.1,6464.7,250.0,79.11,100,54,87,5315.2,8668.0,249.9,79.10,100,54,86,5712.5,9459.0,34.0,40,0
1782815302.524,299.612,250.0,79.10,100,49,87,4554.0,4873.8,250.0,79.11,100,57,82,5072.9,6636.3,250.0,79.11,100,54,87,5641.6,7970.7,250.0,79.10,100,54,86,6645.8,8921.5,34.0,40,0
1782815302.965,300.054,250.0,79.10,100,49,87,5983.5,3846.0,250.0,79.11,100,58,82,6133.6,6257.2,250.0,79.11,100,55,87,5877.1,8042.3,250.2,79.10,100,54,86,5455.2,9150.0,34.0,40,0
1782815303.408,300.496,250.0,79.10,100,48,87,4249.9,4697.2,249.9,79.11,100,57,82,5372.6,6785.6,250.0,79.11,100,55,87,5646.0,7577.3,250.0,79.10,100,54,86,6701.6,8408.0,34.0,40,0
1782815303.850,300.938,250.0,79.10,100,49,87,5280.4,3676.2,250.0,79.11,100,57,82,5887.8,6408.9,250.0,79.11,100,54,87,6334.2,8101.1,250.0,79.10,100,54,86,5425.8,9512.6,35.0,40,0
1782815304.292,301.380,250.0,79.10,100,48,87,4552.4,4947.9,250.0,79.11,100,57,82,5028.9,6582.4,250.0,79.11,100,54,87,5751.6,7846.3,250.1,79.10,100,54,86,6496.2,8731.3,35.0,40,0
1782815304.733,301.822,250.0,79.10,100,48,87,4860.9,4600.3,250.0,79.11,100,58,82,6404.1,5806.4,250.0,79.11,100,55,87,6233.4,8202.4,249.9,79.10,100,54,86,5400.4,9658.9,35.0,40,0
1782815305.179,302.268,249.9,79.10,100,49,87,5694.6,4011.2,250.0,79.11,100,58,82,4923.1,6863.7,250.0,79.11,100,55,87,5349.3,8358.2,249.9,79.10,100,54,86,5851.9,8785.1,35.0,40,0
1782815305.621,302.709,250.0,79.10,100,49,87,5159.2,3843.0,250.0,79.11,100,57,82,6228.0,6223.0,250.0,79.11,100,55,87,6400.7,9250.0,250.0,79.10,100,54,86,5493.6,9069.6,35.0,40,0
1782815306.067,303.155,250.0,79.10,100,48,87,5780.6,4187.4,249.9,79.11,100,57,82,4850.6,6650.1,250.0,79.11,100,54,87,5363.3,8316.9,250.0,79.10,100,55,86,5668.5,8772.9,35.0,40,0
1782815306.509,303.597,250.0,79.10,100,48,87,5059.1,3926.5,250.0,79.11,100,57,82,6468.2,6704.5,250.0,79.11,100,55,87,6398.6,8158.4,250.0,79.10,100,55,86,6430.9,8314.6,35.0,40,0
1782815306.992,304.080,250.0,79.10,100,48,87,5026.1,4625.8,250.0,79.11,100,57,82,5196.7,6462.9,249.9,79.11,100,54,87,5541.3,8704.6,249.9,79.10,100,54,86,5719.0,8289.0,35.0,40,0
1782815307.440,304.529,250.0,79.10,100,48,87,4857.5,4366.1,250.0,79.11,100,57,82,5621.3,5954.3,250.0,79.11,100,55,87,6423.3,7924.0,249.9,79.10,100,54,86,6602.0,8800.8,35.0,40,0
1782815307.882,304.971,250.0,79.10,100,48,87,5882.5,4010.5,250.0,79.11,100,57,82,5708.4,7023.5,250.0,79.11,100,54,87,6141.7,8318.5,250.0,79.10,100,54,86,5754.9,9272.4,35.0,40,0
1782815308.330,305.418,250.0,79.10,100,48,87,4452.9,4947.8,250.0,79.11,100,57,82,5051.4,7191.0,249.9,79.11,100,55,87,5841.9,7935.6,250.0,79.10,100,54,86,6159.1,8825.2,35.0,40,0
1782815308.772,305.861,250.0,79.10,100,49,87,4961.2,3780.8,250.0,79.11,100,57,82,6314.6,6253.7,250.0,79.11,100,55,87,6419.4,7806.6,250.0,79.10,100,54,86,5473.3,9437.6,35.0,40,0
1782815309.214,306.303,250.0,79.10,100,48,87,5781.0,4178.1,250.0,79.11,100,57,82,4840.7,6693.4,250.0,79.11,100,55,87,5524.5,8384.0,250.2,79.10,100,54,86,5830.8,8196.1,35.0,40,0
1782815309.660,306.748,250.0,79.10,100,49,87,5080.5,4786.1,250.0,79.11,100,57,82,5478.8,7176.9,249.9,79.11,100,55,87,7294.1,7632.8,250.2,79.10,100,54,86,6592.1,8979.5,35.0,40,0
1782815310.113,307.201,250.0,79.10,100,49,87,5983.5,4010.5,250.0,79.11,100,57,82,6113.6,6400.4,249.9,79.11,100,55,87,5280.3,8273.3,250.1,79.10,100,55,86,5357.2,9127.6,35.0,40,0
1782815310.555,307.643,250.0,79.10,100,48,87,4452.9,4779.9,249.9,79.11,100,57,82,5323.0,6780.1,250.0,79.11,100,55,87,5756.6,7625.3,250.1,79.10,100,55,86,6914.2,8850.5,35.0,40,0
1782815310.998,308.086,250.0,79.10,100,48,87,5851.2,3843.4,250.0,79.11,100,57,82,5966.5,5995.5,250.0,79.11,100,54,87,5368.0,8540.6,249.9,79.10,100,54,86,5420.7,9123.2,35.0,40,0
1782815311.440,308.529,250.0,79.10,100,49,87,4452.8,4974.7,250.0,79.11,100,57,82,5024.0,6644.2,249.9,79.11,100,54,87,5788.3,7774.7,250.1,79.10,100,54,86,6696.0,8433.5,35.0,40,0
1782815311.882,308.970,250.0,79.10,100,48,87,4879.4,3765.2,250.0,79.11,100,57,82,6421.7,7626.9,250.0,79.11,100,55,87,7753.3,7418.4,250.0,79.10,100,54,86,6414.4,8847.5,36.0,40,0
1782815312.332,309.421,250.0,79.10,100,48,87,5782.8,4177.5,250.0,79.11,100,57,82,5052.8,7059.9,250.0,79.11,100,54,87,5366.4,8709.1,249.8,79.10,100,54,86,5739.6,8857.1,36.0,40,0
1782815312.774,309.862,250.0,79.10,100,48,87,4657.0,4714.2,250.0,79.11,100,57,82,5543.9,6145.0,249.9,79.11,100,55,87,6636.2,7614.7,249.9,79.10,100,54,86,6456.8,8420.2,36.0,40,0
1782815313.216,310.305,250.0,79.10,100,48,87,5784.4,4010.6,249.9,79.11,100,57,82,6161.9,6589.2,250.0,79.11,100,55,87,5395.2,8300.8,249.9,79.10,100,54,86,5543.3,9372.1,36.0,40,0
1782815313.658,310.746,250.0,79.10,100,48,87,4653.5,4897.5,249.9,79.11,100,57,82,5515.7,6769.2,250.0,79.11,100,55,87,6007.4,7995.7,249.9,79.10,100,54,86,6968.5,8649.0,36.0,40,0
1782815314.103,311.192,250.0,79.10,100,48,87,4997.1,3676.1,250.0,79.11,100,57,82,6059.0,6359.9,250.0,79.11,100,55,87,6480.4,7827.8,250.1,79.10,100,54,86,5516.0,9538.9,36.0,40,0
1782815314.544,311.632,250.0,79.10,100,48,87,4553.9,5024.5,250.0,79.11,100,57,82,5173.5,6700.2,250.0,79.11,100,55,87,5878.7,7831.7,250.0,79.10,100,54,86,6652.1,8671.7,36.0,40,0
1782815314.984,312.073,250.0,79.10,100,48,87,4859.1,3926.8,250.0,79.11,100,57,82,6360.4,6632.4,250.0,79.11,100,54,87,6454.2,8026.5,250.0,79.10,100,54,86,5387.7,9190.2,36.0,40,0
1782815315.427,312.515,250.0,79.10,100,49,87,5679.6,4095.4,250.0,79.11,100,57,82,5050.2,6798.4,250.0,79.11,100,55,87,5540.6,8682.7,250.1,79.10,100,55,86,6067.5,8411.8,36.0,40,0
1782815315.870,312.958,250.0,79.10,100,48,87,10361.4,2.9,250.0,79.11,100,56,82,9870.0,8419.6,249.9,79.11,100,54,87,1074.0,8145.9,245.4,79.10,83,26,85,8911.8,1386.1,36.0,40,0
1782815316.882,313.970,247.7,79.10,98,35,87,10355.4,2169.8,247.1,79.11,98,44,83,6938.3,8581.1,246.3,79.11,98,45,88,7134.1,1976.5,241.3,79.10,98,47,86,10041.1,7648.5,36.0,40,0
1782815317.328,314.417,249.9,79.10,99,41,88,8618.8,4785.1,250.3,79.11,99,47,83,5280.0,8572.5,250.3,79.11,99,46,88,10386.3,4468.2,244.5,79.10,98,40,86,22587.0,16460.3,36.0,40,0
1782815317.771,314.859,247.6,79.10,97,23,87,5.2,7.0,244.8,79.11,99,61,83,20568.3,17112.9,244.7,79.11,99,50,88,4.4,5.0,239.9,79.10,99,49,86,1.9,9.5,36.0,40,0
1782815318.218,315.306,249.5,79.10,99,41,87,5945.0,14466.2,248.5,79.11,99,44,83,17269.0,4.1,246.2,79.11,99,42,87,1.8,4.2,240.9,79.10,99,40,86,1161.0,16751.5,36.0,40,0
1782815318.662,315.750,251.5,79.10,100,52,88,1.8,3.7,248.5,79.11,99,44,83,1.6,7.5,253.3,79.11,99,42,86,12976.8,13801.3,240.9,79.10,99,40,86,10116.3,4.7,36.0,40,0
1782815319.107,316.195,251.5,79.10,100,47,88,3884.2,14440.0,254.4,79.11,99,46,82,18848.9,4.3,253.3,79.11,99,42,86,3.7,4.3,250.0,79.10,99,44,86,10489.7,14275.4,36.0,40,0
1782815319.549,316.637,247.3,79.10,100,36,87,10913.5,14742.3,248.9,79.11,99,42,82,11534.6,5.7,247.5,79.11,99,40,87,2.3,14615.0,245.8,79.10,99,40,85,17461.4,4062.7,36.0,40,0
1782815319.989,317.077,247.3,79.10,100,36,87,20706.2,5.5,249.9,79.11,100,41,83,3.8,5208.3,250.7,79.11,99,40,88,18087.9,12894.2,245.4,79.10,99,39,86,3.8,5.3,36.0,40,0
1782815320.431,317.519,248.9,79.10,99,36,88,5043.6,4.6,250.4,79.11,99,44,83,1.9,6442.2,251.0,79.11,99,43,88,17614.5,12162.7,244.9,79.10,100,45,86,3.2,4.3,36.0,40,0
1782815320.874,317.963,252.3,79.10,99,39,88,20709.1,17107.9,249.5,79.11,99,44,83,1.9,5.0,248.2,79.11,99,42,87,6.5,13927.4,243.7,79.10,99,39,85,17393.4,4776.8,36.0,40,0
1782815321.315,318.403,251.3,79.10,100,43,88,1.7,1577.8,248.9,79.11,99,42,82,18059.7,16995.0,248.6,79.11,99,41,88,1.8,4.4,243.8,79.10,99,41,86,1.9,3921.4,36.0,40,0
1782815321.758,318.846,249.3,79.10,99,44,88,9379.0,4.4,250.3,79.11,99,44,83,5.0,4.1,250.4,79.11,99,41,87,16392.3,14004.4,247.7,79.10,99,41,86,6959.7,9.2,36.0,40,0
1782815322.201,319.290,250.0,79.10,99,42,88,1.7,17114.1,249.4,79.11,99,45,83,20706.4,4.7,250.8,79.11,99,42,87,5.1,4.5,247.7,79.10,99,42,85,1141.3,16763.3,36.0,40,0
1782815322.646,319.734,250.7,79.10,99,38,88,3.5,4.2,249.4,79.11,99,45,83,496.5,17163.2,249.6,79.11,99,41,87,20748.8,9.9,247.7,79.10,99,42,85,8.2,6.9,36.0,40,0
1782815323.098,320.187,250.0,79.10,100,37,87,20706.1,4.6,250.6,79.11,100,44,83,3.5,4.3,249.6,79.11,99,41,87,1101.4,16770.8,248.7,79.10,100,43,86,20758.8,4.5,36.0,40,0
1782815323.539,320.628,249.7,79.10,99,37,87,8094.7,14403.2,249.8,79.11,99,51,83,14879.3,5.4,249.6,79.11,99,43,88,2.2,6373.4,248.4,79.10,100,39,86,17897.9,12086.0,36.0,40,0
1782815323.980,321.069,249.7,79.10,99,37,87,18569.2,4436.3,248.8,79.11,100,44,83,2.0,5.1,249.5,79.11,99,42,88,14478.5,14638.9,245.0,79.10,99,43,86,7868.6,5.5,36.0,40,0
1782815324.426,321.514,249.9,79.10,99,36,88,20707.8,17108.7,249.8,79.11,99,48,83,1.8,4.2,248.8,79.11,99,41,88,2.3,548.1,244.9,79.10,99,43,86,18916.5,17182.9,4.0,0,35
1782815324.867,321.955,245.1,79.10,99,33,88,1.8,3.7,247.8,79.11,100,63,83,2.8,127.5,246.0,79.11,100,63,88,19700.5,17204.4,241.8,79.10,99,60,86,4.6,3.9,4.0,0,35
1782815325.311,322.399,249.8,79.10,100,42,87,2.7,1025.7,248.0,79.11,99,44,83,18178.2,17108.0,247.1,79.11,100,42,87,1.9,4.2,240.6,79.10,99,40,85,2.3,615.3,4.0,0,35
1782815325.752,322.840,255.4,79.10,99,49,88,23085.4,5.7,253.4,79.11,100,45,82,5.9,4.4,252.6,79.11,99,41,87,3819.4,15874.5,248.4,79.10,99,42,85,17285.7,6.0,4.0,0,35
1782815326.203,323.292,249.8,79.10,99,44,88,20371.7,14524.0,247.8,79.11,99,42,83,2506.4,5.4,247.4,79.11,99,40,87,1.9,17303.0,246.5,79.10,99,40,86,20384.2,243.8,4.0,0,35
1782815326.645,323.733,250.5,79.10,99,35,88,19532.6,5.0,247.8,79.11,99,42,83,2.9,10237.9,248.8,79.11,99,39,87,17716.7,7925.3,246.5,79.10,99,40,86,7.1,556.6,4.0,0,35
1782815327.101,324.189,249.2,79.10,99,35,88,1.8,3.9,249.4,79.11,100,42,82,20222.1,17105.5,248.8,79.11,99,39,87,4.4,5.0,244.6,79.10,100,40,85,3.3,17339.6,4.0,0,35
1782815327.544,324.633,250.2,79.10,100,48,88,3.4,4.2,248.4,79.11,100,41,82,504.2,17160.9,248.4,79.11,100,45,88,20746.6,4.9,241.4,79.10,99,40,86,1.9,4.4,4.0,0,35
1782815327.985,325.073,250.2,79.10,100,48,88,20066.9,547.8,250.8,79.11,100,42,82,1.9,10.3,250.5,79.11,100,40,87,3484.5,14982.2,243.6,79.10,99,39,86,18615.1,4.7,4.0,0,35
1782815328.428,325.516,249.9,79.10,99,40,88,1.8,11695.6,252.4,79.11,99,47,83,17390.9,7455.6,251.6,79.11,99,43,88,2.9,4.4,246.9,79.10,99,41,86,2.1,13103.9,4.0,0,35
1782815328.869,325.958,248.4,79.10,100,39,87,1.9,4.1,250.3,79.11,100,48,83,1.8,33.3,251.7,79.11,100,42,87,19726.0,17201.2,247.4,79.10,100,40,86,4.6,4.6,4.0,0,35
1782815329.312,326.400,249.2,79.10,100,39,87,7636.7,14402.3,249.4,79.11,100,50,83,15372.0,4.2,250.4,79.11,100,42,88,1.8,4.4,246.8,79.10,99,38,86,13566.8,14405.9,4.0,0,35
1782815329.754,326.843,249.9,79.10,100,38,88,9.8,5.7,250.6,79.11,99,59,83,6908.3,14563.0,249.5,79.11,99,47,88,15363.3,4.4,247.7,79.10,99,42,86,2.5,4.2,4.0,0,35
1782815330.202,327.290,249.9,79.10,99,38,87,20704.6,4.2,250.8,79.11,100,53,83,3.6,4.8,249.3,79.11,99,48,88,14462.7,13971.0,247.5,79.10,99,49,86,8446.8,5.0,4.0,0,35
1782815330.645,327.733,250.3,79.10,99,35,88,19888.8,4.8,250.8,79.11,100,53,83,2.8,6511.5,246.7,79.11,100,40,87,17542.9,10661.2,247.5,79.10,99,49,86,5.1,11.0,4.0,0,35
1782815331.094,328.183,249.2,79.10,99,36,87,2.0,4.9,247.3,79.11,100,44,82,15248.3,21645.4,246.7,79.11,100,40,87,20747.8,17192.7,243.0,79.10,99,40,86,20758.2,17191.3,7.0,1,31
1782815331.537,328.626,249.1,79.10,99,44,88,17539.7,7496.0,245.7,79.11,98,43,82,1.8,4.0,247.7,79.11,98,42,88,2.0,569.4,234.2,79.10,100,13,85,19726.4,17200.7,7.0,1,31
1782815331.978,329.066,249.1,79.10,99,44,88,4264.5,3.9,248.7,79.11,99,55,83,1.7,4.0,249.5,79.11,100,65,88,13324.0,14275.2,243.9,79.10,100,70,86,9887.4,10.5,7.0,1,31
1782815332.420,329.508,250.0,79.10,99,41,88,1.7,3.6,251.3,79.11,99,55,83,19731.9,13872.4,248.9,79.11,100,44,88,3534.4,4.5,246.2,79.10,99,42,86,2.8,584.7,7.0,1,31
1782815332.862,329.950,252.0,79.10,99,41,88,11143.0,4.3,253.3,79.11,99,43,83,1.9,4.1,249.6,79.11,99,41,87,20815.8,17200.7,249.3,79.10,99,39,86,4.7,5.4,7.0,1,31
1782815333.312,330.401,248.7,79.10,99,37,87,2.0,5.2,248.1,79.11,99,45,83,3560.4,15196.2,250.5,79.11,99,42,88,17954.7,5.8,245.1,79.10,100,45,86,3.9,9443.4,7.0,1,31
1782815333.754,330.842,249.3,79.10,99,34,88,9.9,15827.5,250.3,79.11,99,44,83,20217.8,5.5,250.2,79.11,100,40,88,2.1,613.0,243.1,79.10,100,38,86,18832.3,17118.8,7.0,1,31
1782815334.199,331.287,250.9,79.10,100,41,88,4057.1,14634.1,250.2,79.11,100,41,83,18432.8,4.5,247.5,79.11,100,40,87,1.9,4.5,242.9,79.10,100,41,86,7697.9,13659.5,7.0,1,31
1782815334.641,331.730,249.6,79.10,99,37,87,1.9,4.5,250.2,79.11,100,41,83,15329.5,14294.6,249.7,79.11,100,38,88,6400.3,10.0,242.9,79.10,100,41,86,5.2,528.3,7.0,1,31
1782815335.086,332.174,249.0,79.10,99,37,87,14394.0,3.8,250.2,79.11,100,46,83,1.9,4.3,249.7,79.11,100,38,88,11573.2,14455.6,245.2,79.10,100,47,86,11088.3,4.6,7.0,1,31
1782815335.527,332.615,250.9,79.10,100,38,87,2.5,15320.6,252.2,79.11,100,61,83,17544.0,3675.9,252.3,79.11,99,53,88,1.9,4.5,248.8,79.10,99,54,86,1113.8,16809.8,7.0,1,31
1782815335.969,333.057,250.9,79.10,100,38,87,3.0,4.2,250.6,79.11,100,56,83,1.8,2183.8,251.7,79.11,100,54,88,17857.8,16508.3,247.7,79.10,99,55,86,2.1,4.7,7.0,1,31
1782815336.413,333.501,249.7,79.10,100,39,87,20707.8,17109.7,248.7,79.11,100,52,83,3.4,4.2,250.4,79.11,100,50,88,1.9,587.1,248.5,79.10,100,53,86,19710.4,17216.6,7.0,1,31
1782815336.854,333.942,249.7,79.10,99,39,88,3.5,4.1,248.2,79.11,100,50,83,18202.7,14310.7,250.2,79.11,100,53,88,4323.9,7.5,247.6,79.10,100,53,86,9.2,588.1,7.0,1,31
1782815337.296,334.384,250.7,79.10,100,37,88,1.9,4.9,248.5,79.11,99,41,83,1188.8,16149.0,249.0,79.11,99,43,87,20264.7,5.4,243.1,79.10,99,39,85,3.3,1018.5,7.0,1,31
1782815337.737,334.826,248.0,79.10,99,36,87,3.0,9500.0,251.1,79.11,100,41,83,17707.2,4882.5,249.3,79.11,99,40,88,2.7,5.5,244.4,79.10,100,42,86,15773.7,14399.2,9.0,5,27
1782815338.185,335.273,248.5,79.10,98,38,88,8.7,4.4,251.1,79.11,100,41,83,8998.3,15255.7,239.9,79.11,100,22,87,12619.2,4.3,244.4,79.10,100,42,86,3.4,4.2,9.0,5,27
1782815338.628,335.716,252.4,79.10,100,60,88,3154.9,14384.5,242.7,79.11,99,30,82,19596.2,4.1,245.3,79.11,100,53,87,2.6,6.9,237.3,79.10,99,49,85,1125.7,16848.5,9.0,5,27
1782815339.072,336.161,250.2,79.10,100,40,88,10559.8,3.8,247.4,79.11,99,45,82,1.8,4.1,245.3,79.11,100,53,87,5472.3,14342.9,243.5,79.10,100,61,86,17632.1,4.1,9.0,5,27
1782815339.514,336.602,250.2,79.10,100,40,88,2.8,3212.5,254.8,79.11,100,63,83,17624.5,15514.8,254.0,79.11,100,63,88,1.9,4.7,254.1,79.10,100,60,86,3.6,11785.7,9.0,5,27
1782815339.955,337.043,250.8,79.10,100,38,88,4.6,7.7,251.3,79.11,100,53,83,20736.7,16086.2,253.7,79.11,100,52,88,29.8,5.2,248.6,79.10,100,53,86,1.9,15958.3,9.0,5,27
1782815340.397,337.486,249.4,79.10,99,37,88,2512.2,14980.4,250.4,79.11,100,41,83,19701.2,5.5,248.8,79.11,100,41,87,3.8,4629.5,245.0,79.10,99,39,86,17932.5,13644.6,9.0,5,27
1782815340.837,337.925,249.5,79.10,100,35,88,17601.3,11490.0,248.1,79.11,100,41,82,2.7,4.9,245.7,79.11,100,38,88,1082.4,16799.0,239.4,79.10,99,40,85,20750.8,8.5,9.0,5,27
1782815341.278,338.366,248.9,79.10,99,37,88,1199.4,15979.6,252.0,79.11,100,58,83,20705.0,4.3,252.8,79.11,99,56,88,1.9,4.5,244.9,79.10,99,52,86,9546.8,14609.2,9.0,5,27
1782815341.720,338.809,250.1,79.10,99,36,88,8.1,7.2,250.6,79.11,100,51,83,12388.3,14257.2,252.9,79.11,100,58,88,10419.7,4.4,245.6,79.10,100,50,86,1.9,4.5,9.0,5,27
1782815342.164,339.252,251.1,79.10,99,41,88,19176.6,1249.9,250.6,79.11,100,51,83,1.8,4.5,248.8,79.11,100,53,88,1095.5,16819.9,245.6,79.10,100,50,86,20754.1,5.1,9.0,5,27
1782815342.607,339.695,250.7,79.10,99,40,88,1.8,1700.4,250.0,79.11,100,45,82,17826.0,17026.6,248.8,79.11,100,53,88,2.6,4.9,245.3,79.10,100,54,86,6.7,7829.5,9.0,5,27
1782815343.054,340.143,249.3,79.10,99,39,88,186.6,4.2,250.5,79.11,100,44,82,1.9,42.5,248.5,79.11,99,51,88,19714.8,17193.3,247.5,79.10,99,54,86,1.8,4.6,9.0,5,27
1782815343.496,340.584,249.3,79.10,99,39,88,8250.5,14446.0,249.5,79.11,99,42,82,14726.0,4.4,251.2,79.11,100,47,87,4.4,4.5,248.5,79.10,99,46,86,13666.9,13893.5,9.0,5,27
1782815343.938,341.026,249.5,79.10,99,45,88,4.8,4.8,249.6,79.11,99,44,83,12203.2,14401.8,249.9,79.11,99,42,87,10424.7,5.3,248.5,79.10,99,42,85,1.9,587.0,9.0,5,27
1782815344.379,341.467,249.4,79.10,100,43,88,1.9,5.0,251.2,79.11,99,43,83,20255.0,17107.7,249.1,79.11,100,41,87,2.2,5.7,246.3,79.10,99,40,86,1099.5,16783.0,9.0,5,27
1782815344.822,341.910,249.1,79.10,100,35,88,2.0,17396.9,249.4,79.11,99,41,83,24082.3,16405.7,249.1,79.11,99,40,87,22729.4,16201.5,242.7,79.10,99,40,85,26691.2,20182.9,12.0,9,23
1782815345.269,342.357,242.3,79.10,99,13,87,3.2,3.6,244.6,79.11,99,50,83,1.7,3.7,243.2,79.11,99,50,87,11165.5,14279.4,237.9,79.10,99,46,85,11642.0,4.1,12.0,9,23
1782815345.709,342.798,251.5,79.10,100,62,88,5.9,6.9,249.0,79.11,100,43,82,3814.9,14175.7,248.3,79.11,100,50,87,14499.6,4.2,243.8,79.10,100,56,86,3.5,4.3,12.0,9,23
1782815346.159,343.247,256.9,79.10,100,41,88,10558.2,14095.0,249.0,79.11,100,43,82,12585.9,4.6,257.2,79.11,100,64,88,1.9,4.1,243.8,79.10,100,56,86,15866.3,14272.6,12.0,9,23
1782815346.600,343.688,250.5,79.10,99,37,88,1.8,4.2,254.7,79.11,100,58,83,3478.1,14685.1,257.2,79.11,100,64,88,18530.5,7.9,252.8,79.10,100,59,86,3.7,3557.7,12.0,9,23
1782815347.044,344.132,248.7,79.10,100,40,88,8.4,7594.1,250.7,79.11,99,50,83,18040.3,10533.0,252.5,79.11,100,53,88,2.2,5.6,246.0,79.10,99,44,86,17684.9,14598.6,12.0,9,23
1782815347.483,344.572,248.7,79.10,100,40,88,20709.5,17109.8,252.0,79.11,99,41,83,2.0,5.2,247.3,79.11,100,39,88,1104.5,16739.7,244.7,79.10,99,43,86,20753.5,4.9,12.0,9,23
1782815347.923,345.012,248.8,79.10,100,32,88,20194.8,17108.8,250.8,79.11,100,42,83,7.0,6.3,247.9,79.11,100,40,88,1.9,10965.7,243.2,79.10,100,40,86,17065.5,7892.0,12.0,9,23
1782815348.369,345.457,250.4,79.10,100,38,88,3.6,9078.8,249.5,79.11,99,54,83,17863.4,9587.2,251.8,79.11,100,52,88,3.2,4.3,245.2,79.10,100,51,86,1.7,10558.1,12.0,9,23
1782815348.810,345.898,250.9,79.10,100,40,88,1.8,4.0,248.6,79.11,99,41,82,3.5,1073.6,250.3,79.11,100,48,88,18045.1,17198.6,245.0,79.10,99,52,86,3.6,4.5,12.0,9,23
1782815349.253,346.341,250.6,79.10,100,45,88,6303.6,14375.6,249.9,79.11,99,43,82,16772.0,4.3,248.4,79.11,100,49,88,2.7,4.4,245.0,79.10,99,51,86,12528.7,14449.9,12.0,9,23
1782815349.693,346.781,250.3,79.10,100,45,88,1.7,8.6,249.9,79.11,99,43,82,7.0,17207.6,251.1,79.11,100,49,87,20758.8,7.7,249.5,79.10,99,50,86,2.9,4.6,12.0,9,23
1782815350.144,347.232,250.0,79.10,100,46,88,18729.0,1587.4,249.7,79.11,99,46,82,2.6,4.2,250.3,79.11,100,42,87,502.4,17192.6,249.5,79.10,99,50,86,18653.4,1674.5,12.0,9,23
1782815350.586,347.674,250.6,79.10,100,48,88,1.8,2287.3,249.9,79.11,99,44,83,17788.9,16393.3,250.3,79.11,100,42,87,2.4,4.9,248.8,79.10,99,44,85,1.8,12216.9,12.0,9,23
1782815351.027,348.116,249.0,79.10,100,41,88,2.0,5.0,249.6,79.11,100,43,82,12576.8,14683.3,248.4,79.11,100,41,87,9649.3,5.5,246.7,79.10,99,39,85,2.4,9197.3,12.0,9,23
1782815351.467,348.556,249.0,79.10,100,41,88,3.7,5708.5,250.9,79.11,99,46,83,18144.6,12958.5,251.0,79.11,100,41,88,2.7,5.5,247.1,79.10,99,46,86,4958.2,14930.1,15.0,13,19
1782815351.912,349.000,250.1,79.10,100,39,88,1.8,4.2,250.3,79.11,99,42,83,505.2,17116.4,249.3,79.11,99,40,87,20747.8,4.3,240.8,79.10,98,20,85,3.8,4.3,15.0,13,19
1782815352.354,349.443,248.2,79.10,99,50,88,832.6,15043.8,246.2,79.11,99,49,83,18222.8,3.8,244.7,79.11,99,47,88,1.8,4.1,236.9,79.10,99,43,86,1089.9,14194.5,15.0,13,19
1782815352.800,349.888,250.9,79.10,100,56,88,15444.4,3.6,247.8,79.11,100,44,82,1.8,4.2,248.3,79.11,99,50,88,1132.3,16755.9,242.8,79.10,99,54,86,20756.5,7.1,15.0,13,19
1782815353.244,350.332,253.5,79.10,100,40,88,1.8,3.4,251.7,79.11,99,59,83,20220.7,17107.8,254.1,79.11,100,59,88,2.4,4.9,251.7,79.10,100,53,86,2.5,6425.8,15.0,13,19
1782815353.687,350.775,250.3,79.10,99,37,88,2.0,8.4,251.7,79.11,99,59,83,20739.5,17113.4,250.5,79.11,100,42,87,10.6,7.3,244.7,79.10,99,40,85,1107.9,16782.7,15.0,13,19
1782815354.140,351.228,247.4,79.10,99,34,88,11637.8,14603.5,249.2,79.11,100,42,83,11189.3,5.4,249.4,79.11,100,42,88,2.1,11148.7,244.7,79.10,99,40,85,17569.4,7554.7,15.0,13,19
1782815354.580,351.669,247.4,79.10,99,36,87,17466.3,5762.7,249.3,79.11,100,45,82,2.7,4.8,249.4,79.11,100,42,88,2856.0,16436.3,242.7,79.10,100,40,85,16222.5,9.1,15.0,13,19
1782815355.028,352.117,251.0,79.10,99,37,88,19173.2,14339.3,253.1,79.11,100,48,83,3980.4,5.0,251.2,79.11,100,42,88,1.8,529.7,244.9,79.10,99,45,86,19730.7,17202.1,15.0,13,19
1782815355.469,352.557,251.0,79.10,99,37,88,3.5,4.2,250.9,79.11,100,48,83,20739.7,16046.9,251.5,79.11,100,52,88,24.5,4.5,244.7,79.10,99,47,86,1.9,615.4,15.0,13,19
1782815355.910,352.998,251.8,79.10,100,39,88,20705.6,4.0,248.6,79.11,100,46,82,4.9,6.7,249.8,79.11,100,47,87,3486.9,14815.2,244.5,79.10,99,46,86,19400.8,4.4,15.0,13,19
1782815356.352,353.441,250.9,79.10,100,45,88,1.8,9419.0,248.8,79.11,99,44,82,17181.0,9777.6,250.3,79.11,99,47,87,9.1,4.4,247.7,79.10,99,45,86,489.9,12719.3,15.0,13,19
1782815356.798,353.886,250.3,79.10,100,48,88,5.2,4.1,249.8,79.11,99,43,82,1.8,61.4,251.1,79.11,99,46,87,19709.6,17200.0,247.7,79.10,99,43,86,1.8,5.2,15.0,13,19
1782815357.245,354.333,250.2,79.10,100,47,88,17468.9,14160.0,249.3,79.11,100,43,83,5521.3,4.4,249.3,79.11,99,43,87,1.9,22.9,247.8,79.10,99,41,85,19763.2,14927.5,15.0,13,19
1782815357.686,354.774,250.5,79.10,100,50,88,1.9,7.0,249.3,79.11,100,43,83,17478.2,14932.6,248.4,79.11,100,40,87,3541.5,7.6,247.8,79.10,99,41,85,5.2,3021.6,15.0,13,19
1782815358.133,355.221,247.5,79.10,99,36,87,2.0,1073.5,250.6,79.11,100,43,82,18647.9,17105.2,251.7,79.11,99,45,88,2.1,5.6,246.6,79.10,99,39,86,3613.5,14917.6,15.0,13,19
1782815358.575,355.663,249.9,79.10,100,40,88,3.6,20653.1,251.5,79.11,100,47,83,23255.1,16310.8,251.7,79.11,99,45,88,22512.9,16597.7,245.7,79.10,100,41,86,23103.7,15659.7,18.0,17,15
1782815359.018,356.106,249.9,79.10,100,40,88,2.8,3.6,245.8,79.11,98,13,83,3.4,3.9,246.9,79.11,98,21,87,1730.2,15885.0,235.3,79.10,99,26,86,20270.2,4.0,18.0,17,15
1782815359.459,356.547,250.8,79.10,100,52,88,1.7,4.0,246.5,79.11,99,44,82,1.6,16626.3,243.6,79.11,100,44,87,18674.9,1692.2,241.3,79.10,99,47,85,1.8,4.5,18.0,17,15
1782815359.900,356.988,250.7,79.10,100,43,88,1.7,17116.2,248.0,79.11,100,51,82,20703.5,7.1,248.8,79.11,100,58,88,7.4,4.6,250.9,79.10,100,62,86,6832.2,14377.2,18.0,17,15
1782815360.347,357.435,253.6,79.10,100,40,87,1.7,4.2,250.6,79.11,100,56,83,512.3,17149.5,252.9,79.11,100,54,88,20750.7,5.3,250.6,79.10,100,51,86,2.4,569.3,18.0,17,15
1782815360.790,357.878,248.5,79.10,100,36,88,5.3,4437.9,248.9,79.11,99,43,82,18143.4,13834.7,246.7,79.11,99,40,87,3.0,5.8,245.5,79.10,99,39,85,13112.7,14730.3,18.0,17,15
1782815361.232,358.320,248.4,79.10,100,35,88,20709.8,17107.8,248.9,79.11,99,41,82,3.7,5.4,249.1,79.11,100,41,87,1094.8,16761.7,242.0,79.10,100,39,86,20750.2,5.1,18.0,17,15
1782815361.673,358.761,248.6,79.10,100,37,88,17677.8,16649.8,248.9,79.11,99,41,82,5.9,7.4,252.8,79.11,100,45,88,8.3,12013.1,242.0,79.10,100,39,86,17513.0,6928.5,18.0,17,15
1782815362.119,359.207,250.3,79.10,99,37,88,5.8,17112.4,251.3,79.11,100,46,83,20707.3,4.7,252.8,79.11,100,45,88,3.7,4.1,245.6,79.10,100,55,86,1110.3,16825.4,18.0,17,15
1782815362.567,359.656,251.6,79.10,99,47,88,1.8,4.1,250.6,79.11,99,40,82,498.9,17176.0,250.5,79.11,100,45,88,20750.4,4.7,245.7,79.10,99,54,86,1.9,4.8,18.0,17,15
1782815363.009,360.097,251.6,79.10,99,47,88,20079.4,17106.6,248.4,79.11,99,44,83,1.9,4.5,248.8,79.11,99,42,87,4.3,6881.0,244.0,79.10,99,44,85,17306.6,12098.7,18.0,17,15
1782815363.450,360.538,250.3,79.10,100,48,88,1.7,4.1,250.0,79.11,100,44,83,14675.3,14270.3,249.5,79.11,100,41,87,7872.6,4.8,246.1,79.10,99,41,85,2.3,565.5,18.0,17,15
1782815363.891,360.980,250.4,79.10,100,51,88,8955.0,4.1,250.4,79.11,100,43,82,2.7,7.1,248.9,79.11,100,40,88,16195.8,14113.0,246.8,79.10,99,40,85,6983.2,4.6,18.0,17,15
1782815364.334,361.422,250.3,79.10,99,50,88,3582.7,14439.1,250.7,79.11,100,42,82,18952.8,4.7,250.0,79.11,99,41,87,2.6,4.4,247.0,79.10,99,41,85,18171.2,14403.1,18.0,17,15
1782815364.776,361.864,249.4,79.10,99,38,88,3.6,17113.8,250.7,79.11,99,46,83,20704.4,7.4,250.6,79.11,99,39,88,3.0,528.0,246.9,79.10,100,40,86,19716.8,17193.0,18.0,17,15
1782815365.221,362.309,249.6,79.10,100,36,88,18565.7,17108.2,249.3,79.11,100,41,83,5.6,5.2,248.4,79.11,100,39,89,2843.4,15385.3,243.9,79.10,100,41,85,17581.9,5.5,21.0,21,11
1782815365.664,362.752,246.4,79.10,98,20,87,1.7,17114.3,249.3,79.11,100,41,83,20702.7,7.5,242.5,79.11,99,54,88,8.6,7.1,243.9,79.10,100,41,85,1401.7,15515.6,21.0,21,11
1782815366.110,363.198,248.1,79.10,99,41,87,20704.9,3.7,243.6,79.11,100,65,83,2.7,3.9,242.5,79.11,99,54,88,3.3,8579.2,237.2,79.10,99,52,86,17504.2,9955.5,21.0,21,11
1782815366.551,363.640,250.3,79.10,100,50,88,1.8,4.2,249.5,79.11,100,47,83,538.5,17114.5,248.2,79.11,100,41,88,20750.5,4.1,241.1,79.10,100,40,85,1.8,4.3,21.0,21,11
1782815366.996,364.085,250.3,79.10,100,50,88,20176.2,17107.5,255.4,79.11,99,44,82,1.8,4.4,253.3,79.11,99,42,87,1.9,7856.7,248.5,79.10,99,41,85,17382.8,10992.6,21.0,21,11
1782815367.441,364.529,251.0,79.10,100,47,88,20707.8,17114.9,248.7,79.11,100,42,82,2.6,5.2,249.4,79.11,100,41,88,1.9,15982.6,245.9,79.10,99,40,85,17366.8,2869.9,21.0,21,11
1782815367.881,364.970,248.7,79.10,100,36,89,20231.6,5.1,250.0,79.11,100,41,82,2.6,8787.6,249.5,79.11,100,39,88,17861.4,9389.9,244.0,79.10,100,39,85,2.6,5.7,21.0,21,11
1782815368.790,365.878,251.3,79.10,99,40,88,4.7,4.4,249.5,79.11,99,44,82,489.9,17171.2,248.6,79.11,99,41,88,20752.2,5.6,243.2,79.10,99,40,85,2.8,4.8,21.0,21,11
1782815369.236,366.325,251.5,79.10,99,39,88,20705.1,4.0,250.9,79.11,99,41,83,3.5,4.5,248.7,79.11,99,40,87,1674.5,15989.2,245.9,79.10,99,42,85,20262.3,4.6,21.0,21,11
1782815369.677,366.766,249.0,79.10,99,38,87,3.5,5724.1,250.9,79.11,99,41,83,18220.5,12267.4,250.9,79.11,99,41,88,8.8,8.8,245.9,79.10,99,42,85,5.3,12378.7,21.0,21,11
1782815370.123,367.211,250.0,79.10,100,38,87,2.9,4.0,250.7,79.11,100,45,83,3.5,27.2,250.9,79.11,99,41,88,19734.6,17199.0,248.7,79.10,100,42,86,3.9,4.4,21.0,21,11
1782815370.564,367.652,249.7,79.10,100,37,87,9382.3,14293.3,250.9,79.11,100,49,83,13805.5,10.3,249.5,79.11,100,42,88,1.9,3.9,248.4,79.10,100,41,86,19867.0,17615.6,21.0,21,11
1782815371.010,368.098,249.7,79.10,100,37,87,2.8,4.2,249.3,79.11,100,52,83,3412.0,14567.0,249.2,79.11,100,41,88,18829.1,4.5,246.9,79.10,99,43,86,2.4,4.6,21.0,21,11
1782815371.450,368.538,249.9,79.10,100,37,88,17709.8,4.6,249.8,79.11,100,59,83,1.9,4.0,249.7,79.11,100,47,88,20320.3,16232.1,246.3,79.10,99,44,86,2.7,5.5,21.0,21,11
1782815371.892,368.980,250.0,79.10,100,37,88,4.0,5.1,247.2,79.11,99,43,82,495.8,17155.9,248.7,79.11,99,43,88,20757.6,5.4,242.7,79.10,99,40,85,2.0,541.0,21.0,21,11
1782815372.334,369.423,248.7,79.10,100,35,87,22652.5,16071.5,249.2,79.11,100,48,83,22543.7,15831.2,250.0,79.11,100,45,88,18381.1,10600.4,242.2,79.10,98,43,86,3.5,4.4,24.0,25,7
1782815372.775,369.864,245.7,79.10,100,43,88,14643.9,13771.7,247.6,79.11,99,54,83,9028.8,3.9,246.2,79.11,100,61,88,1.8,3.9,243.4,79.10,100,67,86,1134.2,16834.8,24.0,25,7
1782815373.223,370.311,250.8,79.10,100,41,87,20708.4,3.9,250.5,79.11,99,58,83,2.4,4.2,247.5,79.11,99,47,88,1114.4,16768.9,243.7,79.10,99,41,86,20750.3,4.3,24.0,25,7
1782815373.664,370.753,254.2,79.10,99,41,87,1.8,4.2,250.5,79.11,99,58,83,14600.1,16010.8,254.0,79.11,99,42,87,4607.2,7.3,243.7,79.10,99,41,86,4.9,563.8,24.0,25,7
1782815374.108,371.197,248.5,79.10,100,37,87,12360.9,5.0,252.8,79.11,100,46,82,2.0,6827.6,254.0,79.11,99,42,87,17808.0,11471.1,246.4,79.10,100,40,85,2.1,5.5,24.0,25,7
1782815374.549,371.637,251.6,79.10,100,34,88,2.0,5.2,249.4,79.11,99,46,83,20736.7,15793.6,248.0,79.11,99,40,88,89.2,5.5,247.6,79.10,100,42,86,490.9,16833.8,24.0,25,7
1782815374.992,372.081,251.6,79.10,100,34,88,10144.3,14354.5,248.1,79.11,100,43,83,12749.5,4.9,249.4,79.11,100,40,88,2.0,1059.0,243.2,79.10,99,40,86,19031.7,17062.8,24.0,25,7
1782815375.434,372.522,251.6,79.10,100,37,88,1.8,16994.5,247.4,79.11,99,41,82,18149.8,2085.8,247.9,79.11,100,40,88,2.7,4.6,239.7,79.10,100,40,85,1114.3,16798.8,24.0,25,7
1782815375.875,372.964,248.5,79.10,100,38,87,2.1,4.0,250.8,79.11,99,46,83,2.0,17200.7,250.9,79.11,99,40,88,19839.2,735.7,243.6,79.10,99,38,86,1.9,4.8,24.0,25,7
1782815376.317,373.405,248.9,79.10,99,38,88,17237.2,10466.9,252.7,79.11,100,61,83,1.7,4.2,252.6,79.11,99,52,88,4.3,8619.7,247.3,79.10,99,51,86,17207.8,10476.7,24.0,25,7
1782815376.758,373.846,250.5,79.10,100,39,87,9.5,4.6,250.0,79.11,100,60,83,20268.8,15125.3,250.4,79.11,99,53,88,954.7,4.4,246.8,79.10,99,50,86,2.7,556.6,24.0,25,7
1782815377.202,374.291,250.2,79.10,99,39,87,20709.1,10.4,252.0,79.11,100,63,83,2.0,4.5,250.2,79.11,99,54,88,3228.6,15090.9,247.3,79.10,99,48,86,19396.5,4.4,24.0,25,7
1782815377.645,374.734,249.9,79.10,99,38,88,1.7,10598.6,252.0,79.11,100,63,83,17252.6,8531.7,250.4,79.11,100,61,88,4.9,10.4,247.3,79.10,99,48,86,5646.7,14564.3,24.0,25,7
1782815378.099,375.188,249.7,79.10,100,38,88,2.4,4.1,249.8,79.11,100,63,83,500.5,17174.4,250.4,79.11,100,61,88,20748.4,5.6,247.6,79.10,100,55,86,2.8,4.7,24.0,25,7
1782815378.541,375.629,250.0,79.10,99,37,88,2.1,5.0,248.2,79.11,99,54,83,3.5,17178.3,250.3,79.11,100,51,88,20749.1,6.7,245.8,79.10,100,48,86,6.0,503.3,24.0,25,7
1782815378.986,376.075,250.0,79.10,99,37,88,8.0,5.1,249.7,79.11,100,42,83,20254.9,17114.7,246.4,79.11,99,40,87,3.2,5.3,243.7,79.10,100,39,85,1077.4,16920.5,27.0,29,3
1782815379.430,376.518,248.9,79.10,100,36,88,19644.7,9435.3,248.2,79.11,98,38,82,1.8,3.8,246.2,79.11,98,43,88,1117.5,16189.8,234.2,79.10,99,21,85,9600.1,3.9,27.0,29,3
1782815379.870,376.959,248.9,79.10,100,48,88,2.0,4.0,248.4,79.11,100,53,82,1.6,12914.1,248.1,79.11,99,51,87,15563.2,7.0,240.8,79.10,100,48,85,4.6,4006.2,27.0,29,3
1782815380.315,377.404,249.8,79.10,99,45,88,15532.4,12834.3,250.8,79.11,99,51,83,1.9,4.5,249.8,79.11,100,49,87,12139.8,15703.8,251.6,79.10,100,48,85,2.0,4.5,27.0,29,3
1782815380.757,377.845,251.5,79.10,100,41,88,14862.0,8.0,251.1,79.11,99,35,83,15555.3,12835.8,252.8,79.11,99,39,88,2.0,527.6,246.0,79.10,100,46,85,20917.2,7611.9,27.0,29,3
1782815381.207,378.296,248.6,79.10,99,33,88,17812.1,4.5,250.4,79.11,99,46,83,3.1,11202.7,248.6,79.11,99,41,88,16504.7,4.9,243.4,79.10,99,37,86,2.0,7893.2,27.0,29,3
1782815381.649,378.737,249.0,79.10,99,41,88,14890.3,4.2,250.4,79.11,99,46,83,3.8,12901.9,247.7,79.11,100,45,87,15564.3,11.0,243.4,79.10,99,37,86,1115.3,16149.8,27.0,29,3
1782815382.101,379.190,249.6,79.10,99,35,88,6213.3,4.0,250.1,79.11,100,48,82,1.8,12911.6,247.7,79.11,100,45,87,15561.8,4.3,243.7,79.10,100,45,85,2.3,6755.4,27.0,29,3
1782815382.546,379.634,250.4,79.10,99,42,88,21020.2,4004.1,251.7,79.11,99,47,83,4.3,3.8,253.3,79.11,100,47,88,15122.9,12898.9,245.0,79.10,99,44,86,3.5,4.4,27.0,29,3
1782815382.987,380.075,250.4,79.10,99,42,88,7898.1,17526.9,250.4,79.11,99,52,83,1161.0,4.3,250.8,79.11,99,47,87,1098.4,15792.7,246.7,79.10,99,49,85,10175.3,4.3,27.0,29,3
1782815383.428,380.516,251.0,79.10,99,40,88,1.8,11041.1,250.2,79.11,100,50,83,16984.0,4.3,249.2,79.11,100,49,88,3.6,3840.0,247.2,79.10,99,42,86,21048.4,3307.6,27.0,29,3
1782815383.869,380.957,249.8,79.10,99,42,87,15532.5,12837.6,250.3,79.11,99,48,83,2.0,4.8,249.1,79.11,99,41,87,15602.8,12905.1,245.6,79.10,100,46,85,2.2,3643.1,27.0,29,3
1782815384.312,381.400,248.9,79.10,99,40,87,6489.2,4716.1,249.8,79.11,99,47,83,6909.0,6888.5,248.5,79.11,99,46,87,7203.0,9184.1,242.6,79.10,99,38,86,7144.4,9464.3,29.0,37,0
1782815384.753,381.842,252.1,79.10,100,43,88,6277.9,5101.2,253.4,79.11,100,54,82,5663.9,7280.1,253.3,79.11,100,51,88,5996.0,8535.4,248.1,79.10,100,51,86,6262.2,10597.7,29.0,40,0
1782815385.206,382.294,252.3,79.10,100,47,87,5058.1,4967.5,252.2,79.11,100,56,82,5506.8,6944.0,254.3,79.11,100,53,87,5848.5,7929.6,253.6,79.10,100,52,86,7135.5,9419.6,29.0,40,0
1782815385.648,382.736,250.2,79.10,100,48,87,4855.9,4612.6,252.2,79.11,100,56,82,5350.9,6205.5,251.4,79.11,100,53,87,7381.3,8385.5,253.6,79.10,100,52,86,7037.1,8878.5,29.0,40,0
1782815386.097,383.185,250.0,79.10,100,48,87,4958.6,4709.0,250.4,79.11,100,56,82,5492.7,6216.4,251.4,79.11,100,53,87,6543.3,7825.6,254.4,79.10,100,53,85,6519.7,9597.6,29.0,40,0
1782815386.539,383.628,250.0,79.10,100,48,87,5867.3,4177.6,250.0,79.11,100,56,82,6167.9,6522.3,250.0,79.11,100,54,87,5505.6,8959.9,250.9,79.10,100,53,85,5995.8,9861.0,29.0,40,0
1782815386.980,384.069,250.0,79.10,100,48,87,5808.8,4161.2,250.0,79.11,100,56,82,5282.7,6723.0,250.0,79.11,100,53,87,5643.2,8592.9,250.2,79.10,100,53,85,6106.6,8776.3,29.0,40,0
1782815387.422,384.510,250.0,79.10,100,47,87,4855.8,4696.8,250.0,79.11,100,56,82,5492.4,6102.8,250.0,79.11,100,54,87,6532.4,8047.5,249.9,79.10,100,53,85,6616.5,9402.8,29.0,40,0
1782815387.863,384.952,250.1,79.10,100,48,87,5781.2,3868.8,249.9,79.11,100,56,82,6068.6,6544.5,250.0,79.11,100,54,87,5162.2,9100.2,250.0,79.10,100,53,85,5530.3,9566.3,29.0,40,0
1782815388.308,385.396,250.0,79.10,100,48,87,4451.2,4958.6,250.0,79.11,100,56,82,5247.5,6721.8,250.0,79.11,100,54,87,5794.5,7925.4,249.9,79.10,100,53,85,6824.5,9181.3,29.0,40,0
1782815388.749,385.837,250.0,79.10,100,48,87,4862.6,4096.5,250.1,79.11,100,56,82,6498.8,6078.4,250.0,79.11,100,54,87,6304.1,7942.6,250.0,79.10,100,53,85,7093.1,9492.6,30.0,40,0
1782815389.202,386.290,250.0,79.10,100,48,87,6161.6,3996.8,250.0,79.11,100,56,82,6142.5,6619.2,250.0,79.11,100,54,87,5793.5,8241.1,250.0,79.10,100,53,85,5954.3,9836.4,30.0,40,0
1782815389.645,386.733,250.0,79.10,100,47,87,5782.8,4177.6,250.0,79.11,100,56,82,5010.5,8292.3,250.1,79.11,100,54,87,5413.3,9354.7,250.0,79.10,100,53,85,5987.2,10010.2,30.0,40,0
1782815390.098,387.186,250.0,79.10,100,48,87,4655.1,4949.9,250.0,79.11,100,56,82,5268.1,6535.6,250.1,79.11,100,54,87,5709.9,7458.4,249.9,79.10,100,54,85,6839.0,9384.3,30.0,40,0
1782815390.540,387.628,250.0,79.10,100,48,87,4999.9,3676.0,250.0,79.11,100,56,82,6159.0,6527.3,250.0,79.11,100,54,87,6427.3,7626.1,250.1,79.10,100,53,85,5447.5,9190.9,30.0,40,0
1782815390.982,388.070,250.0,79.10,100,48,87,5683.0,4155.5,250.0,79.11,100,56,82,5064.7,6847.6,249.9,79.11,100,54,87,5762.0,8677.1,250.1,79.10,100,53,85,5971.2,9095.5,30.0,40,0
1782815391.424,388.513,250.0,79.10,100,48,87,4792.1,4780.3,250.1,79.11,100,56,82,5464.0,6190.8,250.0,79.11,100,54,87,6673.5,7870.4,250.0,79.10,100,53,85,6435.9,9036.5,30.0,40,0
1782815391.866,388.955,250.0,79.10,100,48,87,5882.3,4152.6,250.0,79.11,100,56,82,5975.0,6473.0,250.0,79.11,100,54,87,5603.8,8849.0,250.0,79.10,100,54,85,5613.2,10154.7,30.0,40,0
1782815392.310,389.398,250.0,79.10,100,48,87,4458.6,4725.9,250.0,79.11,100,56,82,5192.2,6786.4,250.0,79.11,100,54,87,5810.6,7701.7,250.1,79.10,100,54,85,6818.8,8525.5,30.0,40,0
1782815392.752,389.840,250.0,79.10,100,48,87,5064.7,4783.1,250.0,79.11,100,56,82,5675.2,6463.8,249.9,79.11,100,54,87,6682.8,7813.6,250.1,79.10,100,53,85,6699.5,9069.8,30.0,40,0
1782815393.194,390.282,250.0,79.10,100,48,87,5985.1,3983.6,250.0,79.11,100,56,82,6235.7,6458.5,250.0,79.11,100,54,87,6139.5,7941.6,249.8,79.10,100,53,85,5540.3,9698.1,30.0,40,0
1782815393.635,390.724,250.0,79.10,100,48,87,5680.1,4177.5,250.0,79.11,100,56,82,5037.3,6895.1,250.0,79.11,100,54,87,5564.9,9082.0,249.8,79.10,100,53,85,6246.6,9212.4,30.0,40,0
1782815394.081,391.170,250.0,79.10,100,47,87,4617.4,4780.8,250.0,79.11,100,56,82,5321.8,7110.9,250.0,79.11,100,54,87,5719.3,7605.4,249.9,79.10,100,53,85,6765.6,8876.8,30.0,40,0
1782815394.523,391.611,250.0,79.10,100,47,87,5476.6,3843.2,250.0,79.11,100,56,82,6029.0,6723.6,250.0,79.11,100,54,87,6051.4,8229.1,250.1,79.10,100,54,85,5757.5,9701.3,30.0,40,0
1782815394.964,392.052,250.0,79.10,100,48,87,5578.7,4352.7,250.0,79.11,100,57,82,5241.7,6843.8,250.0,79.11,100,54,87,5560.2,8283.2,250.1,79.10,100,54,85,5841.3,9368.3,30.0,40,0
1782815395.412,392.500,250.0,79.10,100,48,87,4755.1,4780.5,250.0,79.11,100,57,82,5309.0,6500.7,250.0,79.11,100,54,87,5880.1,7699.7,250.1,79.10,100,54,85,6627.6,9199.8,30.0,40,0
1782815395.853,392.942,250.0,79.10,100,48,87,5821.5,3898.0,250.1,79.11,100,56,82,6177.8,6419.0,249.9,79.11,100,54,87,6313.4,7978.6,250.0,79.10,100,53,85,5569.9,9697.1,30.0,40,0
1782815396.295,393.383,250.0,79.10,100,48,87,5681.9,4011.3,250.0,79.11,100,56,82,5103.8,6646.2,250.0,79.11,100,54,87,5360.5,8586.7,249.8,79.10,100,53,85,5936.3,8872.9,30.0,40,0
1782815396.738,393.827,250.0,79.10,100,48,87,5059.2,5287.2,249.9,79.11,100,56,82,5496.7,6921.3,250.1,79.11,100,54,87,5905.5,7396.0,249.9,79.10,100,53,85,7012.4,8852.3,31.0,40,0
1782815397.186,394.274,250.0,79.10,100,48,87,4957.1,3687.4,249.9,79.11,100,56,82,6296.4,6574.2,250.0,79.11,100,54,87,6341.9,8135.9,249.9,79.10,100,53,85,5541.3,9600.6,31.0,40,0
1782815397.627,394.715,250.0,79.10,100,48,87,4499.2,4915.7,250.0,79.11,100,57,82,5298.4,6761.8,250.0,79.11,100,54,87,5926.2,8289.5,250.0,79.10,100,53,85,6676.6,9243.7,31.0,40,0
1782815398.076,395.164,250.0,79.10,100,48,87,4957.2,4696.8,250.0,79.11,100,56,82,5652.7,6253.3,249.9,79.11,100,54,87,6585.5,7784.6,250.0,79.10,100,54,85,6672.9,9021.2,31.0,40,0
1782815398.518,395.606,250.0,79.10,100,48,87,5782.1,4010.4,250.0,79.11,100,56,82,5997.7,6545.8,250.0,79.11,100,54,87,5232.0,8387.3,250.0,79.10,100,53,85,5880.5,9747.9,31.0,40,0
1782815398.959,396.047,250.0,79.10,100,48,87,4817.6,4445.9,250.0,79.11,100,57,82,5550.7,6425.0,250.0,79.11,100,54,87,6407.3,7734.9,250.2,79.10,100,54,85,6499.0,9314.5,31.0,40,0
1782815399.402,396.490,250.0,79.10,100,48,87,5580.6,4078.5,250.0,79.11,100,57,82,4903.2,7279.5,249.9,79.11,100,55,87,5478.3,8448.6,250.0,79.10,100,54,85,5836.0,8612.9,31.0,40,0
1782815399.845,396.933,250.0,79.10,100,48,87,4855.8,4664.8,250.0,79.11,100,57,82,5275.4,6220.5,250.0,79.11,100,54,87,6379.2,8327.6,249.9,79.10,100,54,85,6831.3,9346.0,31.0,40,0
1782815400.288,397.376,250.0,79.10,100,48,87,5894.5,4261.1,250.0,79.11,100,56,82,6267.3,6638.7,250.1,79.11,100,54,87,5397.2,8449.1,250.0,79.10,100,54,85,5787.3,9649.2,31.0,40,0
1782815400.729,397.817,250.0,79.10,100,48,87,4656.8,5459.2,250.0,79.11,100,56,82,5009.0,6795.9,249.9,79.11,100,54,87,5318.4,8277.1,250.0,79.10,100,53,85,5958.0,8608.9,31.0,40,0
1782815401.188,398.276,250.0,79.10,100,48,87,4855.8,4612.7,250.0,79.11,100,56,82,5397.2,6251.9,250.0,79.11,100,54,87,6489.3,7925.1,250.0,79.10,100,53,85,6469.0,9035.1,31.0,40,0
1782815401.628,398.717,250.0,79.10,100,48,87,5744.5,4365.6,250.0,79.11,100,56,82,5815.2,6618.1,250.0,79.11,100,54,87,5357.0,8740.1,249.9,79.10,100,54,85,6948.4,9670.7,31.0,40,0
1782815402.073,399.161,250.0,79.10,100,48,87,4754.8,4626.6,250.0,79.11,100,56,82,5416.5,6641.1,250.0,79.11,100,54,87,6045.7,7674.0,250.1,79.10,100,54,85,6528.6,8747.1,31.0,40,0
1782815402.516,399.604,250.0,79.10,100,48,87,6094.1,4010.2,250.0,79.11,100,56,82,6168.4,6351.8,250.0,79.11,100,54,87,6022.9,8055.5,250.0,79.10,100,54,85,5798.7,9846.4,31.0,40,0
1782815402.957,400.046,250.0,79.10,100,48,87,4552.3,4950.4,249.9,79.11,100,57,82,5230.8,6823.6,250.0,79.11,100,55,87,5699.6,7641.0,249.8,79.10,100,53,85,7176.8,9661.9,32.0,40,0
1782815403.403,400.491,250.0,79.10,100,48,87,5002.7,4696.0,250.0,79.11,100,57,82,5448.2,6602.8,250.0,79.11,100,54,87,6266.4,8129.5,250.0,79.10,100,53,85,6536.6,9075.7,32.0,40,0
1782815403.845,400.933,250.0,79.10,100,48,87,5983.5,3934.1,250.0,79.11,100,56,82,6130.0,6727.7,250.0,79.11,100,54,87,5130.5,8372.8,250.1,79.10,100,54,85,6020.1,9283.0,32.0,40,0
1782815404.288,401.376,250.0,79.10,100,48,87,4653.4,4886.8,250.0,79.11,100,57,82,5039.7,6601.9,250.0,79.11,100,54,87,5812.7,8160.4,250.0,79.10,100,54,85,6342.3,8888.0,32.0,40,0
1782815404.730,401.818,250.0,79.10,100,47,87,4960.2,5461.0,250.0,79.11,100,56,82,5427.7,6816.8,250.0,79.11,100,54,87,5630.9,7347.9,249.9,79.10,100,53,85,6705.1,9307.6,32.0,40,0
1782815405.182,402.270,249.9,79.10,100,48,87,5109.5,3676.2,250.0,79.11,100,56,82,6174.3,6662.4,250.1,79.11,100,54,87,6292.8,8086.2,249.9,79.10,100,53,85,5597.7,9816.6,32.0,40,0
1782815405.624,402.712,249.9,79.10,100,48,87,4754.6,4813.0,250.0,79.11,100,56,82,4919.6,6751.1,250.1,79.11,100,54,87,6795.3,8315.3,249.9,79.10,100,53,85,6004.6,8647.5,32.0,40,0
1782815406.071,403.159,250.0,79.10,100,48,87,4856.2,4526.6,250.0,79.11,100,56,82,5329.0,6628.2,249.9,79.11,100,54,87,6550.0,8102.5,250.1,79.10,100,54,85,6609.8,9331.2,32.0,40,0
1782815406.516,403.605,250.0,79.10,100,48,87,5783.9,4049.1,249.9,79.11,100,56,82,5932.7,6509.3,250.0,79.11,100,54,87,5155.0,8562.7,250.0,79.10,100,53,85,5947.6,9187.7,32.0,40,0
1782815406.957,404.046,250.0,79.10,100,48,87,4754.6,4950.3,250.0,79.11,100,57,82,5179.9,7051.9,250.0,79.11,100,54,87,5691.1,7679.5,250.0,79.10,100,53,85,6851.7,8453.5,32.0,40,0
1782815407.399,404.487,250.0,79.10,100,48,87,5265.5,3926.5,250.0,79.11,100,56,82,6377.5,6442.0,250.0,79.11,100,54,87,6509.7,8241.8,250.0,79.10,100,54,85,6061.8,9105.5,32.0,40,0
1782815407.842,404.931,250.0,79.10,100,48,87,5793.0,4093.9,250.0,79.11,100,56,82,5132.6,6962.6,250.0,79.11,100,54,87,5478.7,9175.4,249.9,79.10,100,53,85,6992.8,10138.4,32.0,40,0
1782815408.290,405.378,250.0,79.10,100,48,87,4552.3,4697.0,250.0,79.11,100,57,82,5525.8,6985.4,250.0,79.11,100,54,87,5789.0,7590.3,249.9,79.10,100,53,85,6834.7,9328.7,32.0,40,0
1782815408.733,405.822,250.0,79.10,100,48,87,5061.4,4433.2,250.0,79.11,100,57,82,5769.7,6294.4,250.0,79.11,100,54,87,6584.8,7763.8,250.1,79.10,100,54,85,6377.1,8884.6,32.0,40,0
1782815409.184,406.272,250.0,79.10,100,48,87,6154.7,4010.7,250.0,79.11,100,57,82,6067.1,6780.9,250.0,79.11,100,54,87,5184.4,8838.1,250.1,79.10,100,54,85,5702.8,9602.5,32.0,40,0
1782815409.630,406.718,250.0,79.10,100,48,87,4653.4,4880.9,250.0,79.11,100,57,82,5475.7,7262.7,250.0,79.11,100,54,87,5973.3,8500.5,250.1,79.10,100,54,85,6262.2,9137.2,32.0,40,0
1782815410.081,407.169,250.0,79.10,100,48,87,5044.7,4785.4,249.9,79.11,100,56,82,5515.7,6422.4,249.9,79.11,100,54,87,6265.8,7827.5,250.0,79.10,100,53,85,6809.2,9572.0,32.0,40,0
1782815410.523,407.612,250.0,79.10,100,48,87,5920.8,3837.6,250.0,79.11,100,56,82,6016.7,6461.5,250.0,79.11,100,54,87,5310.2,8521.1,250.0,79.10,100,54,85,5599.3,9634.2,32.0,40,0
1782815410.965,408.053,250.0,79.10,100,48,87,4956.9,5151.1,250.0,79.11,100,56,82,5228.4,7353.9,250.0,79.11,100,54,87,5638.2,8200.4,250.0,79.10,100,53,85,5964.8,8703.6,32.0,40,0
1782815411.410,408.498,250.0,79.10,100,48,87,4779.9,4622.8,250.0,79.11,100,56,82,5508.0,6390.2,250.0,79.11,100,54,87,6770.5,7526.9,250.1,79.10,100,53,85,6658.5,8837.3,33.0,40,0
1782815411.851,408.940,250.0,79.10,100,48,87,5987.2,4177.3,249.9,79.11,100,56,82,6082.3,6697.1,249.9,79.11,100,54,87,5653.8,8241.7,250.0,79.10,100,54,85,5820.0,9754.9,33.0,40,0
1782815412.295,409.384,250.0,79.10,100,48,87,4552.3,4947.9,250.0,79.11,100,57,82,5062.0,6773.9,250.0,79.11,100,54,87,5767.5,7643.4,249.9,79.10,100,54,85,6370.5,8825.6,33.0,40,0
1782815412.737,409.825,250.0,79.10,100,48,87,5091.4,5285.3,250.1,79.11,100,56,82,5588.1,6279.9,250.1,79.11,100,54,87,6665.2,7818.7,249.9,79.10,100,53,85,6463.1,8696.0,33.0,40,0
1782815413.184,410.272,250.0,79.10,100,48,87,5793.6,3927.0,250.1,79.11,100,56,82,6269.2,6489.1,250.0,79.11,100,54,87,5438.7,8415.8,249.9,79.10,100,53,85,5882.6,9697.1,33.0,40,0
1782815413.625,410.713,250.0,79.10,100,48,87,4752.5,4864.3,250.0,79.11,100,57,82,5161.8,6673.2,250.0,79.11,100,54,87,6552.3,8577.2,250.1,79.10,100,54,85,6534.7,8779.0,33.0,40,0
1782815414.072,411.161,250.0,79.10,100,48,87,4957.1,4902.1,250.0,79.11,100,57,82,5451.1,6163.0,249.9,79.11,100,54,87,6661.6,7647.2,250.1,79.10,100,54,85,6663.1,9111.0,33.0,40,0
1782815414.515,411.604,250.0,79.10,100,48,87,6087.5,4177.4,250.0,79.11,100,57,82,6195.1,6808.1,250.0,79.11,100,54,87,5539.2,8407.8,250.0,79.10,100,54,85,5624.4,9448.8,33.0,40,0
1782815414.957,412.046,250.0,79.10,100,48,87,5789.2,4263.9,250.0,79.11,100,56,82,5115.0,7146.6,250.0,79.11,100,54,87,5500.2,8504.1,250.0,79.10,100,53,85,5861.2,9315.0,33.0,40,0
1782815415.400,412.488,250.0,79.10,100,48,87,4653.4,4947.6,249.9,79.11,100,56,82,5347.0,6877.6,249.9,79.11,100,54,87,5818.6,7951.8,249.9,79.10,100,53,85,6906.8,8992.6,33.0,40,0
1782815415.842,412.930,250.0,79.10,100,48,87,5389.5,3759.6,250.1,79.11,100,57,82,6149.8,6338.0,250.0,79.11,100,54,87,6511.5,8254.6,250.0,79.10,100,54,85,5671.9,9787.0,33.0,40,0
1782815416.287,413.375,250.0,79.10,100,48,87,5703.7,4011.4,250.0,79.11,100,57,82,5024.3,6871.8,249.9,79.11,100,54,87,5548.7,8350.8,250.0,79.10,100,54,85,5977.1,8287.5,33.0,40,0
1782815416.730,413.818,250.0,79.10,100,48,87,4904.9,5771.7,250.0,79.11,100,56,82,5119.5,6819.5,250.0,79.11,100,54,87,5790.1,7979.8,249.9,79.10,100,54,85,6804.6,8869.6,33.0,40,0
1782815417.185,414.273,250.0,79.10,100,48,87,5115.0,3907.0,250.0,79.11,100,56,82,6268.5,6409.3,250.1,79.11,100,54,87,6511.8,7878.2,249.9,79.10,100,54,85,6614.3,9560.9,34.0,40,0
1782815417.630,414.718,250.0,79.10,100,48,87,5983.4,4010.3,250.1,79.11,100,56,82,6007.6,6367.6,250.1,79.11,100,54,87,5459.9,8671.6,250.0,79.10,100,53,85,5608.9,9827.9,34.0,40,0
1782815418.076,415.165,250.0,79.10,100,48,87,5680.1,4219.0,250.0,79.11,100,57,82,5061.1,7027.9,250.0,79.11,100,54,87,5568.3,8308.6,250.2,79.10,100,54,85,5970.2,8739.4,34.0,40,0
1782815418.520,415.609,250.0,79.10,100,48,87,4656.0,5031.1,249.9,79.11,100,56,82,5291.1,6894.1,249.9,79.11,100,54,87,5947.1,7605.8,250.0,79.10,100,54,85,6751.6,8744.7,34.0,40,0
1782815418.963,416.051,250.0,79.10,100,48,87,4728.6,4616.0,250.0,79.11,100,56,82,5517.6,6097.1,249.9,79.11,100,54,87,6686.4,7408.8,249.9,79.10,100,54,85,6712.6,8839.6,34.0,40,0
1782815419.410,416.499,250.0,79.10,100,48,87,5111.2,3759.6,250.0,79.11,100,56,82,6234.8,6623.6,250.0,79.11,100,54,87,6438.0,8084.4,250.0,79.10,100,54,85,5325.0,9628.6,34.0,40,0
1782815419.853,416.942,250.0,79.10,100,48,87,5896.1,4261.0,250.0,79.11,100,56,82,5001.6,7126.8,250.1,79.11,100,54,87,5579.4,8887.6,250.0,79.10,100,53,85,5939.9,8873.1,34.0,40,0
1782815420.297,417.385,250.1,79.10,100,48,87,4914.8,4908.3,250.0,79.11,100,56,82,5321.8,7132.0,250.0,79.11,100,54,87,5884.5,7817.5,249.9,79.10,100,54,85,6596.1,8745.3,34.0,40,0
1782815420.739,417.828,250.0,79.10,100,48,87,5162.4,4571.4,250.0,79.11,100,56,82,6008.1,6106.9,249.9,79.11,100,54,87,6630.4,8172.9,250.0,79.10,100,53,85,6536.6,9502.8,34.0,40,0
1782815421.190,418.278,250.0,79.10,100,48,87,5159.4,4010.1,250.0,79.11,100,56,82,6334.8,6493.2,250.0,79.11,100,54,87,6481.2,7832.7,250.0,79.10,100,53,85,5698.5,9835.8,34.0,40,0
1782815421.632,418.720,250.0,79.10,100,48,87,5882.2,4144.0,250.0,79.11,100,56,82,5838.3,6776.5,250.0,79.11,100,54,87,5443.7,10649.6,250.0,79.10,100,53,85,6175.2,9915.1,34.0,40,0
1782815422.086,419.175,250.0,79.10,100,48,87,5783.4,4177.4,250.0,79.11,100,56,82,5748.9,6602.9,250.0,79.11,100,54,87,5434.1,8446.0,249.9,79.10,100,53,85,5813.9,9626.9,34.0,40,0
1782815422.528,419.616,250.0,79.10,100,48,87,4655.9,5031.2,250.0,79.11,100,56,82,5245.8,7215.8,250.0,79.11,100,54,87,5906.9,7852.8,250.0,79.10,100,53,85,6916.2,8810.6,34.0,40,0
1782815422.970,420.058,250.0,79.10,100,48,87,5564.9,4684.5,250.0,79.11,100,56,82,5561.5,6094.9,250.0,79.11,100,54,87,6467.5,8219.8,250.0,79.10,100,54,85,6645.9,9001.0,34.0,40,0
1782815423.416,420.504,250.0,79.10,100,48,87,6036.6,3866.2,250.0,79.11,100,56,82,6128.9,6297.8,250.1,79.11,100,54,87,5344.9,8334.7,250.0,79.10,100,53,85,5565.8,9740.6,34.0,40,0
1782815423.858,420.946,250.0,79.10,100,48,87,5792.7,4300.5,250.0,79.11,100,56,82,4964.9,6697.3,250.0,79.11,100,54,87,6519.5,8021.0,250.0,79.10,100,53,85,5817.2,9042.4,34.0,40,0
1782815424.303,421.392,250.0,79.10,100,48,87,4451.3,4956.3,250.0,79.11,100,56,82,5233.1,6586.2,250.0,79.11,100,54,87,5912.5,7832.6,250.0,79.10,100,53,85,6924.9,8693.5,34.0,40,0
1782815424.745,421.834,250.0,79.10,100,48,87,5165.7,3845.9,250.0,79.11,100,57,82,6437.8,6284.1,249.9,79.11,100,54,87,6682.0,8020.2,250.1,79.10,100,54,85,6702.5,8893.7,34.0,40,0
1782815425.189,422.277,250.0,79.10,100,48,87,6192.9,3987.0,250.0,79.11,100,57,82,6114.1,6592.9,250.0,79.11,100,54,87,5329.2,8259.7,250.1,79.10,100,54,85,5619.5,9322.5,34.0,40,0
1782815425.630,422.718,250.0,79.10,100,48,87,4826.8,5168.2,250.0,79.11,100,56,82,5103.0,7024.9,250.0,79.11,100,54,87,5762.4,9079.9,250.0,79.10,100,54,85,6267.4,8778.2,35.0,40,0
1782815426.077,423.165,250.0,79.10,100,48,87,4855.9,4780.4,250.0,79.11,100,56,82,5514.4,6393.2,250.0,79.11,100,54,87,6166.2,7184.6,249.9,79.10,100,53,85,6768.0,8926.8,35.0,40,0
1782815426.519,423.607,250.0,79.10,100,48,87,5467.8,3926.6,250.0,79.11,100,56,82,6314.4,6440.0,250.0,79.11,100,54,87,6262.8,8006.0,249.9,79.10,100,53,85,5704.2,9758.3,35.0,40,0
1782815426.961,424.049,249.9,79.10,100,48,87,5804.9,4180.3,250.0,79.11,100,56,82,4998.1,7118.7,250.1,79.11,100,55,87,5470.0,8733.9,250.0,79.10,100,54,85,6059.5,8816.2,35.0,40,0
1782815427.403,424.492,250.0,79.10,100,48,87,4862.3,4807.8,250.0,79.11,100,56,82,5480.1,7308.0,250.0,79.11,100,54,87,5674.4,7691.0,250.1,79.10,100,53,85,6781.7,8577.3,35.0,40,0
1782815427.848,424.936,249.9,79.10,100,48,87,5058.1,4010.0,250.0,79.11,100,56,82,6482.4,6382.9,249.9,79.11,100,54,87,6352.9,8323.4,250.0,79.10,100,53,85,6448.8,8742.6,35.0,40,0
1782815428.291,425.380,250.0,79.10,100,48,87,5989.6,3996.5,249.9,79.11,100,56,82,5907.9,6679.9,249.9,79.11,100,54,87,5511.8,8395.8,249.9,79.10,100,53,85,5782.6,9742.6,35.0,40,0
1782815428.734,425.822,250.0,79.10,100,48,87,4759.6,5662.4,249.9,79.11,100,57,82,5104.6,7066.2,250.0,79.11,100,54,87,5519.9,8409.5,250.0,79.10,100,54,85,5872.6,9738.7,35.0,40,0
1782815429.188,426.276,250.1,79.10,100,48,87,4692.7,4960.3,249.9,79.11,100,57,82,5421.2,6889.2,250.0,79.11,100,54,87,5824.3,7885.4,250.0,79.10,100,54,85,5958.6,9056.1,35.0,40,0
1782815429.630,426.718,250.0,79.10,100,48,87,4958.6,4708.9,250.0,79.11,100,56,82,5511.8,5940.7,250.0,79.11,100,54,87,6548.7,8461.3,250.0,79.10,100,53,85,7109.6,9117.9,35.0,40,0
1782815430.079,427.167,250.0,79.10,100,48,87,5261.0,3843.1,250.0,79.11,100,56,82,6268.0,6243.0,250.1,79.11,100,55,87,6543.1,7685.3,250.1,79.10,100,54,85,5633.0,9150.7,35.0,40,0
1782815430.521,427.609,250.0,79.10,100,48,87,5784.6,4261.0,250.0,79.11,100,57,82,5044.0,7210.3,250.0,79.11,100,54,87,5357.2,8221.2,250.0,79.10,100,54,85,5877.8,9286.9,35.0,40,0
1782815430.962,428.051,250.0,79.10,100,48,87,4954.8,4855.5,250.1,79.11,100,56,82,5331.9,6425.7,250.0,79.11,100,54,87,5735.2,7615.8,250.0,79.10,100,53,85,6764.2,9384.6,35.0,40,0
1782815431.408,428.497,249.9,79.10,100,48,87,5159.5,3843.0,250.0,79.11,100,56,82,6411.0,6585.1,249.9,79.11,100,54,87,6557.5,7567.3,250.1,79.10,100,54,85,6515.6,9265.3,36.0,40,0
1782815431.855,428.943,250.0,79.10,100,48,87,6065.1,4000.0,250.0,79.11,100,56,82,6063.9,6306.2,250.0,79.11,100,54,87,5315.9,8545.7,250.0,79.10,100,53,85,5605.3,9080.2,36.0,40,0
1782815432.296,429.384,250.0,79.10,100,48,87,5497.5,4391.1,250.0,79.11,100,57,82,5029.4,6912.1,250.1,79.11,100,54,87,5468.3,8575.0,249.9,79.10,100,53,85,6071.1,9076.7,36.0,40,0
1782815432.738,429.827,250.0,79.10,100,48,87,4858.0,4901.7,250.0,79.11,100,57,82,5216.5,6787.4,250.0,79.11,100,55,87,5708.8,7910.1,249.9,79.10,100,53,85,6843.3,8965.7,36.0,40,0
1782815433.184,430.272,250.0,79.10,100,48,87,5260.4,3843.1,250.0,79.11,100,57,82,6313.7,6134.7,250.0,79.11,100,55,87,6505.9,7689.5,249.9,79.10,100,53,85,5640.5,9358.5,36.0,40,0
1782815433.626,430.715,249.9,79.10,100,48,87,5985.1,3927.0,250.1,79.11,100,57,82,5965.8,6450.4,250.0,79.11,100,55,87,5548.4,8619.4,250.0,79.10,100,54,85,5719.1,8956.2,36.0,40,0
1782815434.070,431.158,250.0,79.10,100,48,87,4653.7,5031.3,250.0,79.11,100,57,82,5247.4,6451.3,249.9,79.11,100,54,87,5796.1,7630.1,250.1,79.10,100,53,85,6381.8,8776.8,36.0,40,0
1782815434.512,431.601,250.0,79.10,100,48,87,4855.9,4693.8,250.0,79.11,100,56,82,5514.4,6030.7,250.0,79.11,100,54,87,6712.4,7900.6,250.0,79.10,100,54,85,6681.7,8981.5,36.0,40,0
1782815434.954,432.042,250.0,79.10,100,48,87,5987.1,4096.6,250.0,79.11,100,56,82,6141.6,6302.3,250.0,79.11,100,54,87,5877.4,8048.5,249.9,79.10,100,53,85,5415.1,9294.7,36.0,40,0
1782815435.836,432.924,250.0,79.10,100,48,87,4897.2,4810.6,250.0,79.11,100,56,82,5651.4,5736.5,250.0,79.11,100,54,87,6557.2,7771.8,250.0,79.10,100,53,85,6848.7,9122.4,36.0,40,0
1782815436.278,433.367,250.0,79.10,100,48,87,5665.5,4010.2,250.0,79.11,100,57,82,6326.8,6269.4,250.0,79.11,100,55,87,6411.2,8418.4,249.9,79.10,100,53,85,5498.7,9590.2,36.0,40,0
1782815436.720,433.809,250.0,79.10,100,48,87,9870.0,301.7,247.8,79.11,98,53,82,9873.5,8581.6,248.0,79.11,98,49,87,5206.9,4302.5,246.5,79.10,98,46,86,10398.8,4347.3,36.0,40,0
1782815437.173,434.262,248.1,79.10,98,39,88,6792.7,7275.8,247.8,79.11,98,53,82,10364.3,8574.6,246.6,79.11,98,38,88,3775.3,5259.7,246.5,79.10,98,46,86,10389.8,5593.0,36.0,40,0
1782815437.615,434.703,247.9,79.10,99,40,88,3941.3,8561.0,246.8,79.11,98,39,82,6657.3,3153.2,246.6,79.11,98,38,88,10386.7,5290.7,242.0,79.10,98,37,85,2114.4,8647.5,36.0,40,0
1782815438.057,435.145,250.2,79.10,99,40,88,10355.6,4284.1,249.6,79.11,98,48,82,5087.2,8365.4,248.8,79.11,98,46,88,10388.5,8617.4,243.1,79.10,99,46,86,5201.1,4302.6,36.0,40,0
1782815438.498,435.586,250.2,79.10,99,40,88,20706.8,17109.3,250.3,79.11,98,40,82,2.8,4.3,250.0,79.11,98,40,88,1.8,1532.7,241.0,79.10,97,29,85,18717.6,16711.4,36.0,40,0
1782815438.940,436.028,248.2,79.10,100,59,88,6.6,4.0,246.0,79.11,99,48,82,5.3,3.4,244.7,79.11,99,47,87,15629.6,14006.7,239.2,79.10,99,47,85,7492.0,4.3,36.0,40,0
1782815439.382,436.470,251.1,79.10,99,44,88,1.8,3.3,249.7,79.11,100,57,82,20235.7,17107.0,249.7,79.11,100,61,88,3.7,4.0,245.9,79.10,100,60,86,3.4,44.7,36.0,40,0
1782815439.824,436.912,252.1,79.10,100,41,88,20706.9,4.0,255.1,79.11,100,61,82,1.9,4.4,255.4,79.11,99,55,88,6890.9,14387.9,251.3,79.10,99,53,86,15798.2,7.5,36.0,40,0
1782815440.265,437.354,248.3,79.10,100,37,88,17482.3,2989.3,248.8,79.11,99,44,82,2.0,5.1,247.2,79.11,99,43,88,15657.3,14798.2,245.3,79.10,99,40,85,6506.8,5.9,36.0,40,0
1782815440.705,437.794,248.0,79.10,100,34,87,5.2,8.0,246.9,79.11,99,45,83,5523.9,14885.7,248.7,79.11,99,43,88,16494.5,8.4,241.1,79.10,99,41,86,2.2,14310.1,36.0,40,0
1782815441.149,438.237,248.8,79.10,100,37,88,1.8,3.9,246.9,79.11,99,45,83,20222.3,17109.3,249.8,79.11,99,40,88,2.7,5.4,241.1,79.10,99,41,86,1096.4,16814.9,36.0,40,0
1782815441.590,438.678,251.4,79.10,99,37,88,1.8,5.2,252.0,79.11,99,49,82,503.5,17172.7,249.8,79.11,99,40,88,20747.9,5.5,244.0,79.10,100,44,86,2.8,9.7,36.0,40,0
1782815442.038,439.126,251.5,79.10,100,38,88,19336.6,4.1,250.8,79.11,99,51,83,1.8,4.4,251.1,79.11,100,52,88,8973.3,14572.7,243.5,79.10,100,46,86,13858.9,4.9,36.0,40,0
1782815442.479,439.568,251.5,79.10,100,38,88,1.7,17111.3,247.5,79.11,99,45,82,20705.9,4.9,250.3,79.11,100,46,87,2.8,4.5,244.0,79.10,99,43,85,1130.7,16793.7,36.0,40,0
1782815442.922,440.011,250.6,79.10,100,48,88,1.8,7.4,250.5,79.11,99,44,82,500.2,17153.6,247.8,79.11,100,41,87,20748.1,4.4,245.5,79.10,99,40,84,1.9,4.4,36.0,40,0
1782815443.372,440.460,250.6,79.10,100,51,88,19164.3,1221.0,249.9,79.11,99,43,81,2.0,4.6,250.1,79.11,100,42,87,1119.9,16735.3,245.9,79.10,99,40,85,20765.1,4.5,36.0,40,0
1782815443.813,440.901,248.7,79.10,100,42,88,1.8,17115.5,251.0,79.11,99,42,82,20704.9,4.3,250.4,79.11,99,40,87,2.0,4.5,246.9,79.10,99,41,84,7026.4,14622.3,36.0,40,0
1782815444.257,441.345,248.0,79.10,100,38,87,1.8,40.1,252.1,79.11,99,49,83,19413.1,17107.2,252.0,79.11,100,41,88,3.8,5.5,246.6,79.10,99,48,86,4616.7,14791.1,36.0,40,0
1782815444.700,441.788,251.2,79.10,99,37,88,17937.1,18378.9,248.2,79.11,99,41,82,8.2,10.6,247.9,79.11,99,40,87,1109.9,16628.9,242.9,79.10,100,38,85,20319.6,5.5,36.0,40,0
1782815445.149,442.238,250.1,79.10,100,36,88,3390.2,4.2,248.2,79.11,99,41,82,1.7,12859.6,240.7,79.11,99,21,87,15560.1,4.3,242.9,79.10,100,38,85,1.9,8393.1,4.0,0,3
1782815445.591,442.679,249.6,79.10,99,47,88,1.7,12839.9,243.3,79.11,99,32,82,15531.9,4.0,240.7,79.11,99,21,87,1.8,611.6,236.4,79.10,99,55,85,21286.1,7168.6,4.0,0,3
1782815446.032,443.121,249.6,79.10,99,47,88,10621.3,4.1,250.1,79.11,100,50,82,1.9,12907.2,248.2,79.11,99,48,88,15560.2,4.5,242.3,79.10,99,48,85,1.9,5671.4,4.0,0,3
1782815446.473,443.561,250.3,79.10,99,45,88,15530.3,5.1,253.9,79.11,100,50,82,860.3,17387.6,257.2,79.11,100,50,88,7640.9,5.2,249.7,79.10,99,40,85,6479.4,17566.6,4.0,0,3
1782815446.914,444.003,248.7,79.10,100,39,88,15533.6,12834.5,250.7,79.11,99,47,82,5.2,4633.2,251.2,79.11,99,46,87,21160.3,2556.1,243.3,79.10,99,31,86,2.5,11815.7,4.0,0,3
1782815447.356,444.444,249.3,79.10,99,32,88,1.8,4.1,248.5,79.11,99,38,82,6033.4,17392.3,248.7,79.11,99,36,88,2491.4,4.6,239.9,79.10,99,45,85,1101.7,13451.0,4.0,0,3
1782815447.798,444.886,251.3,79.10,99,41,88,5976.5,4.2,251.7,79.11,99,40,83,496.8,12888.6,251.6,79.11,99,45,88,14209.8,4.5,241.6,79.10,99,46,86,1.8,13065.7,4.0,0,3
1782815448.242,445.331,249.5,79.10,99,43,88,21003.5,470.5,250.0,79.11,99,51,82,1.8,9.5,250.3,79.11,99,45,88,15065.0,12418.4,246.0,79.10,99,48,85,1.8,4.4,4.0,0,3
1782815448.683,445.772,249.9,79.10,99,42,88,1150.5,17610.8,250.0,79.11,99,51,82,7602.7,9.6,249.7,79.11,99,49,87,1079.0,12972.8,246.0,79.10,99,48,85,14031.3,4.4,4.0,0,3
1782815449.126,446.214,250.3,79.10,99,38,88,1.8,5902.6,249.3,79.11,100,52,82,21032.6,1588.1,249.7,79.11,99,49,87,3.0,507.6,247.3,79.10,99,43,85,15848.4,11813.1,4.0,0,3
1782815449.566,446.654,249.5,79.10,100,40,88,1.8,4.0,250.9,79.11,99,44,82,16508.5,11606.0,251.2,79.11,99,42,88,5.4,2226.4,245.3,79.10,99,48,85,21336.4,4898.2,4.0,0,3
1782815450.010,447.099,249.5,79.10,100,40,88,21220.9,3384.3,250.1,79.11,99,49,83,2.9,8462.0,249.8,79.11,99,46,87,19488.3,6.7,243.0,79.10,99,35,86,3.2,13373.6,6.0,5,0
1782815450.453,447.542,250.7,79.10,100,39,88,2742.7,2302.5,249.0,79.11,99,40,83,3149.4,4437.0,248.9,79.11,99,42,88,3248.9,5009.5,244.8,79.10,99,54,85,3372.5,5509.2,6.0,8,0
1782815450.895,447.983,251.6,79.10,99,51,87,2824.0,2302.6,252.1,79.11,100,57,82,3137.0,4423.4,253.7,79.11,99,55,87,3210.2,4903.8,250.5,79.10,99,55,85,3367.7,5513.1,6.0,8,0
1782815451.337,448.425,251.8,79.10,99,51,87,2724.1,2250.3,253.5,79.11,99,57,82,3244.4,4280.6,252.7,79.11,100,55,87,3251.8,4922.6,255.8,79.10,99,54,85,3342.1,5266.5,6.0,8,0
1782815451.777,448.866,250.1,79.10,99,50,87,3015.7,2272.1,250.0,79.11,99,57,82,3141.6,4211.3,250.1,79.11,99,55,87,3214.3,4918.8,253.3,79.10,99,54,85,3359.8,5373.5,6.0,8,0
1782815452.226,449.314,250.0,79.10,99,50,87,2763.0,2336.1,250.0,79.11,99,57,82,3111.8,4168.0,250.0,79.11,99,55,87,3223.3,4835.4,250.8,79.10,99,55,85,3314.3,5369.4,6.0,8,0
1782815452.671,449.759,250.0,79.10,99,50,87,2790.5,2285.8,250.0,79.11,99,57,82,3174.0,4291.6,250.0,79.11,99,55,87,3786.6,4823.0,250.8,79.10,99,55,85,3379.1,5397.6,6.0,8,0
1782815453.119,450.207,250.0,79.10,99,50,87,2783.2,2369.6,250.0,79.11,99,57,82,3116.4,4331.1,250.0,79.11,99,55,87,3317.2,4840.0,250.3,79.10,99,55,85,3292.6,5282.4,6.0,8,0
1782815453.561,450.650,250.0,79.10,99,50,87,2722.4,2258.7,250.0,79.11,99,57,82,3101.7,4242.9,250.0,79.11,99,55,87,3242.4,4838.5,250.1,79.10,99,55,85,3311.6,6245.6,6.0,8,0
1782815454.009,451.098,250.0,79.10,99,50,87,2742.7,2286.0,250.0,79.11,99,57,82,3138.6,4264.7,250.0,79.11,100,55,87,3222.5,4802.1,250.1,79.10,99,55,85,3333.0,5293.2,6.0,8,0
1782815454.457,451.545,250.0,79.10,100,51,87,2791.5,2252.4,250.0,79.11,99,57,82,3162.6,4164.0,250.0,79.11,99,55,87,3220.8,4633.8,250.2,79.10,100,55,85,3311.9,5344.3,6.0,8,0
1782815454.902,451.990,250.0,79.10,99,50,87,2803.5,2302.6,250.0,79.11,99,57,82,3514.2,4298.1,250.0,79.11,99,55,87,3212.9,4720.2,249.9,79.10,100,55,85,3313.3,5308.2,6.0,8,0
1782815455.351,452.440,250.0,79.10,99,50,87,2805.2,2302.5,250.0,79.11,99,57,82,3147.1,4209.4,250.0,79.11,99,55,87,3449.6,4703.8,250.0,79.10,99,55,85,3291.2,5108.5,6.0,8,0
1782815455.795,452.884,250.0,79.10,99,50,87,2738.8,2325.8,250.0,79.11,99,57,82,3174.8,4320.3,250.0,79.11,99,55,87,3182.7,4853.7,250.1,79.10,99,55,85,3317.2,6442.5,6.0,8,0
1782815456.242,453.330,250.0,79.10,100,50,87,2805.2,2592.9,250.0,79.11,99,57,82,3175.9,4134.7,250.0,79.11,99,55,87,3211.6,4783.2,250.1,79.10,99,55,85,3325.1,5149.4,6.0,8,0
1782815456.688,453.776,250.0,79.10,99,50,87,2723.3,2769.1,250.0,79.11,99,57,82,3142.0,5189.1,249.9,79.11,99,55,87,3257.1,4748.6,250.0,79.10,99,55,85,3303.4,5080.4,6.0,8,0
1782815457.144,454.232,250.0,79.10,99,51,87,2723.9,2285.7,250.0,79.11,99,57,82,3167.3,4413.3,250.0,79.11,99,55,87,3211.9,4804.8,250.0,79.10,99,55,85,3272.3,5219.6,6.0,8,0
1782815457.586,454.674,250.0,79.10,100,50,87,2783.2,2285.8,250.0,79.11,99,57,82,3133.1,4388.2,250.0,79.11,99,55,87,3240.7,4861.8,250.1,79.10,99,55,85,3295.5,5337.7,6.0,8,0
1782815458.028,455.116,250.0,79.10,100,50,87,2873.8,2304.9,250.0,79.11,99,57,82,3178.5,4367.6,250.0,79.11,100,55,87,3247.6,4807.5,250.1,79.10,99,55,85,3319.6,5202.2,6.0,8,0
1782815458.471,455.559,250.0,79.10,100,50,87,2762.9,2277.8,250.0,79.11,99,57,82,3240.1,4347.8,250.0,79.11,99,55,87,3233.7,4981.0,249.7,79.10,99,55,85,3305.3,5189.1,6.0,8,0
1782815458.913,456.002,250.0,79.10,99,50,87,2742.6,2285.8,250.0,79.11,99,57,82,3113.5,4375.1,250.0,79.11,99,55,87,3296.1,4738.4,249.9,79.10,100,55,85,3322.4,5091.3,6.0,8,0
1782815459.358,456.446,250.0,79.10,99,51,87,2724.8,2252.3,250.0,79.11,99,57,82,3124.4,4198.2,250.0,79.11,99,55,87,3197.7,4802.5,250.1,79.10,99,55,85,3298.2,5392.7,6.0,8,0
1782815459.799,456.888,250.0,79.10,100,51,87,2766.4,2253.2,250.0,79.11,99,57,82,3167.8,4350.5,250.0,79.11,99,55,87,3203.0,5041.9,250.0,79.10,99,55,85,3327.8,5407.8,7.0,8,0
1782815460.243,457.332,250.0,79.10,99,51,87,2784.8,2268.9,250.0,79.11,99,57,82,3222.4,4343.0,250.0,79.11,99,55,87,3251.4,4925.6,250.0,79.10,99,55,85,3334.5,5402.2,7.0,8,0
1782815460.686,457.775,250.0,79.10,99,51,87,2722.3,2897.5,250.0,79.11,99,57,82,3143.6,5316.3,250.0,79.11,99,55,87,3206.6,4836.4,250.1,79.10,99,55,85,3296.9,5204.4,7.0,8,0
1782815461.141,458.230,250.0,79.10,100,51,87,2764.5,2361.3,250.0,79.11,99,57,82,3102.2,4277.1,250.0,79.11,99,55,87,3168.2,4747.0,250.1,79.10,99,55,85,3272.8,5191.5,7.0,8,0
1782815461.585,458.673,250.0,79.10,99,50,87,2722.3,2255.0,250.0,79.11,99,57,82,3117.1,4395.6,250.0,79.11,99,55,87,3158.3,5028.9,250.1,79.10,99,55,85,3515.0,5424.0,7.0,8,0
1782815462.030,459.118,250.0,79.10,99,50,87,2763.8,2257.8,250.0,79.11,99,57,82,3150.3,4273.8,250.0,79.11,99,55,87,3197.5,4725.6,250.2,79.10,99,55,85,3270.1,5239.5,7.0,8,0
1782815462.472,459.561,250.0,79.10,100,51,87,2948.9,2286.3,250.0,79.11,99,57,82,3057.4,4165.4,250.0,79.11,99,55,87,3240.0,4775.2,249.9,79.10,99,55,85,3301.0,5313.1,7.0,8,0
1782815462.915,460.003,250.0,79.10,99,51,87,2823.7,2291.0,250.0,79.11,99,57,82,3164.5,4380.1,250.0,79.11,99,55,87,3222.3,4795.4,249.9,79.10,99,55,85,3297.6,5314.3,7.0,8,0
1782815463.358,460.446,250.0,79.10,99,50,87,2764.5,2252.2,250.0,79.11,99,57,82,3138.3,4277.8,250.0,79.11,99,55,87,3242.8,4918.3,249.8,79.10,99,55,85,3329.8,5299.0,7.0,8,0
1782815463.800,460.888,250.0,79.10,99,51,87,2749.4,2269.0,250.0,79.11,99,57,82,3132.1,4270.0,250.0,79.11,99,55,87,3257.8,4791.0,249.9,79.10,99,55,85,3319.9,6541.7,7.0,8,0
1782815464.247,461.335,250.0,79.10,99,50,87,2766.6,2302.5,250.0,79.11,99,57,82,3143.4,4233.0,250.0,79.11,99,55,87,3223.0,4801.9,249.9,79.10,99,55,85,3394.5,5240.3,7.0,8,0
1782815464.689,461.778,250.0,79.10,99,50,87,2742.6,2355.2,250.0,79.11,99,57,82,3072.2,4826.5,250.0,79.11,99,56,87,3221.7,4843.8,249.9,79.10,99,55,85,3300.9,5281.4,7.0,8,0
1782815465.139,462.228,250.0,79.10,99,51,87,2742.6,2269.1,250.0,79.11,99,57,82,3086.9,4164.8,250.0,79.11,100,56,87,3171.9,4923.5,249.9,79.10,99,55,85,3294.9,5216.3,7.0,8,0
1782815465.582,462.670,250.0,79.10,100,51,87,2742.6,2285.8,250.0,79.11,99,57,82,3123.0,4230.9,250.0,79.11,100,56,87,3269.6,4879.3,250.3,79.10,99,55,85,3961.9,5473.7,7.0,8,0
1782815466.032,463.120,250.0,79.10,100,51,87,2746.8,2265.7,250.0,79.11,99,57,82,3092.3,4245.3,250.0,79.11,99,55,87,3185.9,4919.8,250.2,79.10,99,55,85,3248.1,5033.1,7.0,8,0
1782815466.474,463.563,250.0,79.10,99,51,87,2702.0,2221.4,250.0,79.11,99,57,82,3171.6,4280.9,250.0,79.11,99,56,87,3196.8,4891.6,250.0,79.10,100,55,85,3294.9,5413.2,7.0,8,0
1782815466.917,464.005,250.0,79.10,99,51,87,2762.8,2243.6,250.0,79.11,99,57,82,3105.3,4338.3,250.0,79.11,99,55,87,3213.4,4916.3,250.0,79.10,100,55,85,3307.7,5086.5,7.0,8,0
1782815467.359,464.447,250.0,79.10,100,51,87,2752.6,2295.1,250.0,79.11,99,57,82,3121.7,4280.7,250.0,79.11,99,55,87,3203.6,4795.9,249.8,79.10,99,55,85,3302.4,5255.8,7.0,8,0
1782815467.805,464.893,250.0,79.10,99,51,87,2769.8,2269.0,250.0,79.11,99,57,82,3154.0,4340.1,250.0,79.11,99,55,87,3236.6,4872.6,249.7,79.10,99,55,85,3340.1,5344.7,7.0,8,0
1782815468.248,465.337,250.0,79.10,99,50,87,2706.6,2285.8,250.0,79.11,99,57,82,3117.5,4327.9,250.0,79.11,99,55,87,3262.4,5041.5,250.0,79.10,100,55,85,3289.7,5290.5,7.0,8,0
1782815468.692,465.780,250.0,79.10,100,51,87,2893.0,2341.8,250.0,79.11,99,57,82,3139.7,5334.7,250.0,79.11,99,55,87,3234.7,4930.0,250.0,79.10,99,55,85,3319.5,5410.8,7.0,8,0
1782815469.143,466.231,250.0,79.10,99,51,87,2783.4,2264.1,250.0,79.11,99,57,82,3142.2,4306.0,250.0,79.11,99,55,87,3219.9,4834.3,250.0,79.10,99,55,85,3301.5,5393.9,7.0,8,0
1782815469.585,466.673,250.0,79.10,100,51,87,2722.4,2236.2,250.0,79.11,99,57,82,3094.9,4208.0,250.0,79.11,99,55,87,3225.1,4885.4,250.0,79.10,99,55,85,3423.3,5456.6,7.0,8,0
1782815470.031,467.119,250.0,79.10,100,51,87,2763.9,2459.4,250.0,79.11,99,57,82,1387.5,0.5,250.0,79.11,99,56,87,0.7,0.5,250.3,79.10,99,55,85,0.6,0.4,7.0,8,0
1782815470.477,467.566,250.0,79.10,100,51,87,0.6,0.5,237.3,79.11,0,0,80,0.6,0.5,239.4,79.11,17,9,86,2.3,0.5,220.6,79.10,0,0,82,0.7,0.5,7.0,8,0
