{
  "num_samples": 3237,
  "duration_s": 1121.8126661777496,
  "mean_power_w": 568.6117784986099,
  "max_power_w": 605.193,
  "min_power_w": 48.091,
  "p50_power_w": 582.662,
  "p95_power_w": 600.357,
  "mean_gpu_util_pct": 94.9082483781279,
  "max_gpu_util_pct": 100.0,
  "mean_gpu_mem_bw_util_pct": 47.20296570898981,
  "max_gpu_mem_bw_util_pct": 54.5,
  "mean_gpu_mem_used_gb": 176.45361328125,
  "max_gpu_mem_used_gb": 176.45361328125,
  "mean_gpu_temp_c": 85.49984553599012,
  "max_gpu_temp_c": 90.0,
  "mean_pcie_tx_mb_s": 4683.194179361678,
  "max_pcie_tx_mb_s": 38750.6982421875,
  "mean_pcie_rx_mb_s": 4670.125469124093,
  "max_pcie_rx_mb_s": 37324.240234375,
  "mean_kv_cache_pct": 14.005450381339287,
  "max_kv_cache_pct": 16.604349484929415,
  "p50_kv_cache_pct": 15.986264784433423,
  "p95_kv_cache_pct": 16.543304082411293,
  "mean_requests_running": 1.7534754402224282,
  "max_requests_running": 2.0,
  "mean_requests_waiting": 0.0,
  "max_requests_waiting": 0.0
}