{
  "num_samples": 1763,
  "duration_s": 756.2987425327301,
  "mean_power_w": 934.8132422007941,
  "max_power_w": 1201.033,
  "min_power_w": 87.531,
  "p50_power_w": 916.496,
  "p95_power_w": 1199.308,
  "mean_gpu_util_pct": 92.0104934770278,
  "max_gpu_util_pct": 100.0,
  "mean_gpu_mem_bw_util_pct": 31.17144072603517,
  "max_gpu_mem_bw_util_pct": 62.25,
  "mean_gpu_mem_used_gb": 367.400634765625,
  "max_gpu_mem_used_gb": 367.400634765625,
  "mean_gpu_temp_c": 86.85422575155984,
  "max_gpu_temp_c": 93.0,
  "mean_pcie_tx_mb_s": 52258.97241695618,
  "max_pcie_tx_mb_s": 145472.310546875,
  "mean_pcie_rx_mb_s": 46224.620945299204,
  "max_pcie_rx_mb_s": 107915.1787109375,
  "mean_kv_cache_pct": 29.406572818370886,
  "max_kv_cache_pct": 49.39393939393939,
  "p50_kv_cache_pct": 32.27272727272727,
  "p95_kv_cache_pct": 48.484848484848484,
  "mean_requests_running": 10.4781622234827,
  "max_requests_running": 16.0,
  "mean_requests_waiting": 3.59103800340329,
  "max_requests_waiting": 12.0
}