{
  "num_samples": 10286,
  "duration_s": 4402.148907184601,
  "mean_power_w": 905.132776006222,
  "max_power_w": 1027.259,
  "min_power_w": 92.744,
  "p50_power_w": 999.929,
  "p95_power_w": 1000.034,
  "mean_gpu_util_pct": 98.36172953529069,
  "max_gpu_util_pct": 100.0,
  "mean_gpu_mem_bw_util_pct": 32.726351351351354,
  "max_gpu_mem_bw_util_pct": 52.5,
  "mean_gpu_mem_used_gb": 373.09765625,
  "max_gpu_mem_used_gb": 373.09765625,
  "mean_gpu_temp_c": 87.60742757145636,
  "max_gpu_temp_c": 92.0,
  "mean_pcie_tx_mb_s": 37960.7493309512,
  "max_pcie_tx_mb_s": 118787.6005859375,
  "mean_pcie_rx_mb_s": 32871.63019963042,
  "max_pcie_rx_mb_s": 97286.9677734375,
  "mean_kv_cache_pct": 3.5553506377090223,
  "max_kv_cache_pct": 4.746494066882412,
  "p50_kv_cache_pct": 4.613897878460982,
  "p95_kv_cache_pct": 4.734133405249907,
  "mean_requests_running": 1.535387905891503,
  "max_requests_running": 2.0,
  "mean_requests_waiting": 0.0,
  "max_requests_waiting": 0.0
}