{
  "num_samples": 6010,
  "duration_s": 2676.36696267128,
  "mean_power_w": 727.4870607321132,
  "max_power_w": 930.092,
  "min_power_w": 110.375,
  "p50_power_w": 704.372,
  "p95_power_w": 922.779,
  "mean_gpu_util_pct": 98.64941763727121,
  "max_gpu_util_pct": 100.0,
  "mean_gpu_mem_bw_util_pct": 22.1936772046589,
  "max_gpu_mem_bw_util_pct": 24.25,
  "mean_gpu_mem_used_gb": 343.688232421875,
  "max_gpu_mem_used_gb": 343.688232421875,
  "mean_gpu_temp_c": 86.17487520798669,
  "max_gpu_temp_c": 89.0,
  "mean_pcie_tx_mb_s": 6131.031654924085,
  "max_pcie_tx_mb_s": 69357.9716796875,
  "mean_pcie_rx_mb_s": 7942.388243227433,
  "max_pcie_rx_mb_s": 100934.55078125,
  "mean_kv_cache_pct": 4.554076539101498,
  "max_kv_cache_pct": 69.0,
  "p50_kv_cache_pct": 4.0,
  "p95_kv_cache_pct": 4.0,
  "mean_requests_running": 1.264891846921797,
  "max_requests_running": 32.0,
  "mean_requests_waiting": 0.0,
  "max_requests_waiting": 0.0
}