{
  "num_samples": 333,
  "duration_s": 142.38937330245972,
  "mean_power_w": 937.2103963963964,
  "max_power_w": 1022.762,
  "min_power_w": 373.246,
  "p50_power_w": 999.967,
  "p95_power_w": 1000.445,
  "mean_gpu_util_pct": 89.74549549549549,
  "max_gpu_util_pct": 100.0,
  "mean_gpu_mem_bw_util_pct": 38.768768768768766,
  "max_gpu_mem_bw_util_pct": 48.5,
  "mean_gpu_mem_used_gb": 326.41015625,
  "max_gpu_mem_used_gb": 326.41015625,
  "mean_gpu_temp_c": 87.03303303303304,
  "max_gpu_temp_c": 89.0,
  "mean_pcie_tx_mb_s": 26164.23825485642,
  "max_pcie_tx_mb_s": 41623.9560546875,
  "mean_pcie_rx_mb_s": 24640.46412525807,
  "max_pcie_rx_mb_s": 40338.4267578125,
  "mean_kv_cache_pct": 9.079566344106562,
  "max_kv_cache_pct": 22.625778324652867,
  "p50_kv_cache_pct": 5.279348275752338,
  "p95_kv_cache_pct": 21.794151029456998,
  "mean_requests_running": 83.22822822822823,
  "max_requests_running": 112.0,
  "mean_requests_waiting": 0.0,
  "max_requests_waiting": 0.0
}