{
  "num_samples": 1157,
  "duration_s": 495.7363290786743,
  "mean_power_w": 859.8796707000864,
  "max_power_w": 1027.741,
  "min_power_w": 96.825,
  "p50_power_w": 823.9639999999999,
  "p95_power_w": 1000.086,
  "mean_gpu_util_pct": 92.77981849611064,
  "max_gpu_util_pct": 100.0,
  "mean_gpu_mem_bw_util_pct": 35.111279170267935,
  "max_gpu_mem_bw_util_pct": 55.5,
  "mean_gpu_mem_used_gb": 367.381103515625,
  "max_gpu_mem_used_gb": 367.381103515625,
  "mean_gpu_temp_c": 86.73379429559205,
  "max_gpu_temp_c": 91.0,
  "mean_pcie_tx_mb_s": 43782.836702206674,
  "max_pcie_tx_mb_s": 136588.2333984375,
  "mean_pcie_rx_mb_s": 41729.78497646796,
  "max_pcie_rx_mb_s": 108044.322265625,
  "mean_kv_cache_pct": 20.73099185458736,
  "max_kv_cache_pct": 30.000000000000004,
  "p50_kv_cache_pct": 26.66666666666667,
  "p95_kv_cache_pct": 29.09090909090909,
  "mean_requests_running": 12.387208297320656,
  "max_requests_running": 16.0,
  "mean_requests_waiting": 1.986171132238548,
  "max_requests_waiting": 10.0
}