{
  "num_samples": 7090,
  "duration_s": 3159.177183151245,
  "mean_power_w": 742.8102447108604,
  "max_power_w": 933.976,
  "min_power_w": 100.901,
  "p50_power_w": 701.435,
  "p95_power_w": 928.683,
  "mean_gpu_util_pct": 98.61004936530324,
  "max_gpu_util_pct": 100.0,
  "mean_gpu_mem_bw_util_pct": 21.287306064880113,
  "max_gpu_mem_bw_util_pct": 27.0,
  "mean_gpu_mem_used_gb": 343.696044921875,
  "max_gpu_mem_used_gb": 343.696044921875,
  "mean_gpu_temp_c": 86.4722143864598,
  "max_gpu_temp_c": 91.0,
  "mean_pcie_tx_mb_s": 8990.940787806328,
  "max_pcie_tx_mb_s": 98288.16796875,
  "mean_pcie_rx_mb_s": 13991.311766958304,
  "max_pcie_rx_mb_s": 131504.8388671875,
  "mean_kv_cache_pct": 7.346826516220029,
  "max_kv_cache_pct": 8.0,
  "p50_kv_cache_pct": 8.0,
  "p95_kv_cache_pct": 8.0,
  "mean_requests_running": 0.9864598025387871,
  "max_requests_running": 2.0,
  "mean_requests_waiting": 0.0,
  "max_requests_waiting": 0.0
}