{
  "num_samples": 712,
  "duration_s": 305.432945728302,
  "mean_power_w": 989.3692837078652,
  "max_power_w": 1210.995,
  "min_power_w": 110.494,
  "p50_power_w": 912.552,
  "p95_power_w": 1200.474,
  "mean_gpu_util_pct": 92.66959269662921,
  "max_gpu_util_pct": 100.0,
  "mean_gpu_mem_bw_util_pct": 38.86692415730337,
  "max_gpu_mem_bw_util_pct": 62.5,
  "mean_gpu_mem_used_gb": 367.400634765625,
  "max_gpu_mem_used_gb": 367.400634765625,
  "mean_gpu_temp_c": 87.61657303370787,
  "max_gpu_temp_c": 92.0,
  "mean_pcie_tx_mb_s": 52094.59445910507,
  "max_pcie_tx_mb_s": 136049.333984375,
  "mean_pcie_rx_mb_s": 46279.26584582382,
  "max_pcie_rx_mb_s": 108795.8583984375,
  "mean_kv_cache_pct": 62.207397003745314,
  "max_kv_cache_pct": 100.0,
  "p50_kv_cache_pct": 67.12121212121211,
  "p95_kv_cache_pct": 99.39393939393939,
  "mean_requests_running": 60.54213483146067,
  "max_requests_running": 88.0,
  "mean_requests_waiting": 7.786516853932584,
  "max_requests_waiting": 61.0
}