{
  "num_samples": 2148,
  "duration_s": 972.6471447944641,
  "mean_power_w": 933.447929236499,
  "max_power_w": 1082.611,
  "min_power_w": 100.746,
  "p50_power_w": 945.4159999999999,
  "p95_power_w": 1077.492,
  "mean_gpu_util_pct": 96.46217411545624,
  "max_gpu_util_pct": 100.0,
  "mean_gpu_mem_bw_util_pct": 22.8094739292365,
  "max_gpu_mem_bw_util_pct": 38.0,
  "mean_gpu_mem_used_gb": 343.899169921875,
  "max_gpu_mem_used_gb": 343.899169921875,
  "mean_gpu_temp_c": 88.44692737430168,
  "max_gpu_temp_c": 92.0,
  "mean_pcie_tx_mb_s": 34862.747039851754,
  "max_pcie_tx_mb_s": 95109.5810546875,
  "mean_pcie_rx_mb_s": 48757.89446623676,
  "max_pcie_rx_mb_s": 130762.9892578125,
  "mean_kv_cache_pct": 50.28391019644528,
  "max_kv_cache_pct": 99.0,
  "p50_kv_cache_pct": 44.0,
  "p95_kv_cache_pct": 99.0,
  "mean_requests_running": 32.55519176800748,
  "max_requests_running": 80.0,
  "mean_requests_waiting": 24.984097287184284,
  "max_requests_waiting": 76.0
}