{
  "num_samples": 8047,
  "duration_s": 3623.0319645404816,
  "mean_power_w": 903.0376403628682,
  "max_power_w": 962.769,
  "min_power_w": 82.75999999999999,
  "p50_power_w": 939.463,
  "p95_power_w": 954.9929999999999,
  "mean_gpu_util_pct": 97.21343357773083,
  "max_gpu_util_pct": 100.0,
  "mean_gpu_mem_bw_util_pct": 19.203274512240586,
  "max_gpu_mem_bw_util_pct": 27.0,
  "mean_gpu_mem_used_gb": 343.938232421875,
  "max_gpu_mem_used_gb": 343.938232421875,
  "mean_gpu_temp_c": 87.20193861066235,
  "max_gpu_temp_c": 91.0,
  "mean_pcie_tx_mb_s": 32229.128906007285,
  "max_pcie_tx_mb_s": 101592.107421875,
  "mean_pcie_rx_mb_s": 42953.360469885905,
  "max_pcie_rx_mb_s": 132710.4521484375,
  "mean_kv_cache_pct": 40.803862928348906,
  "max_kv_cache_pct": 66.0,
  "p50_kv_cache_pct": 44.0,
  "p95_kv_cache_pct": 66.0,
  "mean_requests_running": 4.028660436137072,
  "max_requests_running": 8.0,
  "mean_requests_waiting": 2.773208722741433,
  "max_requests_waiting": 7.0
}