{
  "num_samples": 5069,
  "duration_s": 2168.5776002407074,
  "mean_power_w": 868.5456265535609,
  "max_power_w": 976.975,
  "min_power_w": 77.833,
  "p50_power_w": 874.3149999999999,
  "p95_power_w": 974.233,
  "mean_gpu_util_pct": 93.60712172026041,
  "max_gpu_util_pct": 100.0,
  "mean_gpu_mem_bw_util_pct": 27.66087985796015,
  "max_gpu_mem_bw_util_pct": 42.0,
  "mean_gpu_mem_used_gb": 367.381103515625,
  "max_gpu_mem_used_gb": 367.381103515625,
  "mean_gpu_temp_c": 86.11718287630697,
  "max_gpu_temp_c": 91.0,
  "mean_pcie_tx_mb_s": 34404.717738567146,
  "max_pcie_tx_mb_s": 123657.5302734375,
  "mean_pcie_rx_mb_s": 29745.65415373317,
  "max_pcie_rx_mb_s": 117739.4658203125,
  "mean_kv_cache_pct": 7.24693173598283,
  "max_kv_cache_pct": 11.060606060606059,
  "p50_kv_cache_pct": 10.45454545454545,
  "p95_kv_cache_pct": 10.606060606060607,
  "mean_requests_running": 1.3783783783783783,
  "max_requests_running": 2.0,
  "mean_requests_waiting": 0.0,
  "max_requests_waiting": 0.0
}