{
  "num_samples": 4268,
  "duration_s": 1470.2097454071045,
  "mean_power_w": 550.2865065604499,
  "max_power_w": 578.9939999999999,
  "min_power_w": 53.522,
  "p50_power_w": 557.4649999999999,
  "p95_power_w": 564.182,
  "mean_gpu_util_pct": 96.01358950328023,
  "max_gpu_util_pct": 100.0,
  "mean_gpu_mem_bw_util_pct": 47.680178069353325,
  "max_gpu_mem_bw_util_pct": 50.0,
  "mean_gpu_mem_used_gb": 176.45361328125,
  "max_gpu_mem_used_gb": 176.45361328125,
  "mean_gpu_temp_c": 84.88261480787254,
  "max_gpu_temp_c": 88.0,
  "mean_pcie_tx_mb_s": 1998.213200891811,
  "max_pcie_tx_mb_s": 36047.353515625,
  "mean_pcie_rx_mb_s": 2051.748819338683,
  "max_pcie_rx_mb_s": 37114.67578125,
  "mean_kv_cache_pct": 3.846087419505137,
  "max_kv_cache_pct": 4.395268981304845,
  "p50_kv_cache_pct": 4.135826020602829,
  "p95_kv_cache_pct": 4.372376955360546,
  "mean_requests_running": 0.9257263355201499,
  "max_requests_running": 1.0,
  "mean_requests_waiting": 0.0,
  "max_requests_waiting": 0.0
}