{
  "num_samples": 12519,
  "duration_s": 5412.795029163361,
  "mean_power_w": 862.8914226375908,
  "max_power_w": 1023.438,
  "min_power_w": 79.887,
  "p50_power_w": 857.766,
  "p95_power_w": 999.991,
  "mean_gpu_util_pct": 98.55146177809729,
  "max_gpu_util_pct": 100.0,
  "mean_gpu_mem_bw_util_pct": 15.528277018931224,
  "max_gpu_mem_bw_util_pct": 62.75,
  "mean_gpu_mem_used_gb": 373.09765625,
  "max_gpu_mem_used_gb": 373.09765625,
  "mean_gpu_temp_c": 86.57744228772266,
  "max_gpu_temp_c": 93.0,
  "mean_pcie_tx_mb_s": 59708.41799823643,
  "max_pcie_tx_mb_s": 143282.22265625,
  "mean_pcie_rx_mb_s": 49569.572729217216,
  "max_pcie_rx_mb_s": 119052.99609375,
  "mean_kv_cache_pct": 53.076795861280864,
  "max_kv_cache_pct": 74.72806544408486,
  "p50_kv_cache_pct": 51.13942826321467,
  "p95_kv_cache_pct": 74.63255124056096,
  "mean_requests_running": 11.639958459817862,
  "max_requests_running": 16.0,
  "mean_requests_waiting": 2.765537625818821,
  "max_requests_waiting": 12.0
}