{
  "num_samples": 5391,
  "duration_s": 2298.2307891845703,
  "mean_power_w": 993.8922847338156,
  "max_power_w": 1022.6,
  "min_power_w": 104.872,
  "p50_power_w": 999.985,
  "p95_power_w": 1000.266,
  "mean_gpu_util_pct": 98.10285661287331,
  "max_gpu_util_pct": 99.0,
  "mean_gpu_mem_bw_util_pct": 49.146169541828975,
  "max_gpu_mem_bw_util_pct": 51.0,
  "mean_gpu_mem_used_gb": 335.44140625,
  "max_gpu_mem_used_gb": 335.44140625,
  "mean_gpu_temp_c": 87.92747171211278,
  "max_gpu_temp_c": 89.0,
  "mean_pcie_tx_mb_s": 5117.047528215428,
  "max_pcie_tx_mb_s": 22721.955078125,
  "mean_pcie_rx_mb_s": 6865.7331669318655,
  "max_pcie_rx_mb_s": 20020.6474609375,
  "mean_kv_cache_pct": 1.2009770669362436,
  "max_kv_cache_pct": 1.2944983818770184,
  "p50_kv_cache_pct": 1.2214581085940313,
  "p95_kv_cache_pct": 1.2877562028047462,
  "mean_requests_running": 1.976998701539603,
  "max_requests_running": 2.0,
  "mean_requests_waiting": 0.0,
  "max_requests_waiting": 0.0
}