{
  "num_samples": 5187,
  "duration_s": 2309.0161089897156,
  "mean_power_w": 711.9703088490456,
  "max_power_w": 836.768,
  "min_power_w": 88.229,
  "p50_power_w": 710.899,
  "p95_power_w": 783.097,
  "mean_gpu_util_pct": 98.52265278581068,
  "max_gpu_util_pct": 100.0,
  "mean_gpu_mem_bw_util_pct": 23.771014073645652,
  "max_gpu_mem_bw_util_pct": 24.25,
  "mean_gpu_mem_used_gb": 343.688232421875,
  "max_gpu_mem_used_gb": 343.688232421875,
  "mean_gpu_temp_c": 85.72257566994409,
  "max_gpu_temp_c": 89.0,
  "mean_pcie_tx_mb_s": 2542.57988477052,
  "max_pcie_tx_mb_s": 55866.052734375,
  "mean_pcie_rx_mb_s": 3446.0459549188477,
  "max_pcie_rx_mb_s": 67957.82421875,
  "mean_kv_cache_pct": 0.9863119336803547,
  "max_kv_cache_pct": 1.0,
  "p50_kv_cache_pct": 1.0,
  "p95_kv_cache_pct": 1.0,
  "mean_requests_running": 0.9786003470213996,
  "max_requests_running": 1.0,
  "mean_requests_waiting": 0.0,
  "max_requests_waiting": 0.0
}