{
  "num_samples": 6671,
  "duration_s": 2980.380088329315,
  "mean_power_w": 811.3440607105382,
  "max_power_w": 945.972,
  "min_power_w": 92.874,
  "p50_power_w": 740.1610000000001,
  "p95_power_w": 939.292,
  "mean_gpu_util_pct": 97.88892220056962,
  "max_gpu_util_pct": 100.0,
  "mean_gpu_mem_bw_util_pct": 20.397429171038826,
  "max_gpu_mem_bw_util_pct": 26.75,
  "mean_gpu_mem_used_gb": 343.930419921875,
  "max_gpu_mem_used_gb": 343.930419921875,
  "mean_gpu_temp_c": 86.51131764353171,
  "max_gpu_temp_c": 90.0,
  "mean_pcie_tx_mb_s": 19742.999840435747,
  "max_pcie_tx_mb_s": 101570.4951171875,
  "mean_pcie_rx_mb_s": 26658.239491596087,
  "max_pcie_rx_mb_s": 132826.5693359375,
  "mean_kv_cache_pct": 14.33398291110778,
  "max_kv_cache_pct": 22.0,
  "p50_kv_cache_pct": 15.0,
  "p95_kv_cache_pct": 16.0,
  "mean_requests_running": 1.4302203567681007,
  "max_requests_running": 2.0,
  "mean_requests_waiting": 0.12052166092040174,
  "max_requests_waiting": 1.0
}