{
  "num_samples": 378,
  "duration_s": 161.57090830802917,
  "mean_power_w": 931.954447089947,
  "max_power_w": 1019.067,
  "min_power_w": 253.495,
  "p50_power_w": 999.976,
  "p95_power_w": 1000.094,
  "mean_gpu_util_pct": 88.96825396825396,
  "max_gpu_util_pct": 100.0,
  "mean_gpu_mem_bw_util_pct": 42.53835978835979,
  "max_gpu_mem_bw_util_pct": 51.0,
  "mean_gpu_mem_used_gb": 326.48828125,
  "max_gpu_mem_used_gb": 326.48828125,
  "mean_gpu_temp_c": 86.74867724867725,
  "max_gpu_temp_c": 89.0,
  "mean_pcie_tx_mb_s": 16872.597317811673,
  "max_pcie_tx_mb_s": 31692.583984375,
  "mean_pcie_rx_mb_s": 15621.850020151289,
  "max_pcie_rx_mb_s": 28550.5966796875,
  "mean_kv_cache_pct": 9.337011045877848,
  "max_kv_cache_pct": 16.21248925991535,
  "p50_kv_cache_pct": 10.466411379716355,
  "p95_kv_cache_pct": 15.936694493651416,
  "mean_requests_running": 39.116402116402114,
  "max_requests_running": 48.0,
  "mean_requests_waiting": 0.0,
  "max_requests_waiting": 0.0
}