{
  "num_samples": 551,
  "duration_s": 235.90210556983948,
  "mean_power_w": 926.4316134301271,
  "max_power_w": 1013.991,
  "min_power_w": 104.779,
  "p50_power_w": 999.8,
  "p95_power_w": 1000.4739999999999,
  "mean_gpu_util_pct": 90.17831215970962,
  "max_gpu_util_pct": 100.0,
  "mean_gpu_mem_bw_util_pct": 35.879764065335756,
  "max_gpu_mem_bw_util_pct": 46.75,
  "mean_gpu_mem_used_gb": 335.44140625,
  "max_gpu_mem_used_gb": 335.44140625,
  "mean_gpu_temp_c": 87.32304900181488,
  "max_gpu_temp_c": 90.0,
  "mean_pcie_tx_mb_s": 33735.283676341314,
  "max_pcie_tx_mb_s": 57422.0986328125,
  "mean_pcie_rx_mb_s": 28037.34601860254,
  "max_pcie_rx_mb_s": 51240.693359375,
  "mean_kv_cache_pct": 25.012364740385728,
  "max_kv_cache_pct": 46.48844839985616,
  "p50_kv_cache_pct": 33.706400575332616,
  "p95_kv_cache_pct": 45.831085940309244,
  "mean_requests_running": 59.84573502722323,
  "max_requests_running": 72.0,
  "mean_requests_waiting": 0.0,
  "max_requests_waiting": 0.0
}