{
  "num_samples": 2510,
  "duration_s": 864.8153667449951,
  "mean_power_w": 569.1491940239043,
  "max_power_w": 587.886,
  "min_power_w": 139.273,
  "p50_power_w": 577.796,
  "p95_power_w": 582.366,
  "mean_gpu_util_pct": 95.93286852589641,
  "max_gpu_util_pct": 100.0,
  "mean_gpu_mem_bw_util_pct": 49.45856573705179,
  "max_gpu_mem_bw_util_pct": 51.5,
  "mean_gpu_mem_used_gb": 176.45361328125,
  "max_gpu_mem_used_gb": 176.45361328125,
  "mean_gpu_temp_c": 85.62231075697211,
  "max_gpu_temp_c": 89.0,
  "mean_pcie_tx_mb_s": 1953.872312313247,
  "max_pcie_tx_mb_s": 37207.45703125,
  "mean_pcie_rx_mb_s": 1953.943476873755,
  "max_pcie_rx_mb_s": 39354.7001953125,
  "mean_kv_cache_pct": 4.178782770482361,
  "max_kv_cache_pct": 4.883632201449828,
  "p50_kv_cache_pct": 4.364746280045784,
  "p95_kv_cache_pct": 4.837848149561241,
  "mean_requests_running": 1.9151394422310757,
  "max_requests_running": 2.0,
  "mean_requests_waiting": 0.0,
  "max_requests_waiting": 0.0
}