{
  "num_samples": 1199,
  "duration_s": 511.5534644126892,
  "mean_power_w": 927.1040967472894,
  "max_power_w": 967.1179999999999,
  "min_power_w": 281.245,
  "p50_power_w": 951.256,
  "p95_power_w": 958.495,
  "mean_gpu_util_pct": 95.70496246872393,
  "max_gpu_util_pct": 99.0,
  "mean_gpu_mem_bw_util_pct": 31.43974145120934,
  "max_gpu_mem_bw_util_pct": 36.25,
  "mean_gpu_mem_used_gb": 326.48828125,
  "max_gpu_mem_used_gb": 326.48828125,
  "mean_gpu_temp_c": 86.74061718098416,
  "max_gpu_temp_c": 89.0,
  "mean_pcie_tx_mb_s": 4089.734282149187,
  "max_pcie_tx_mb_s": 8926.5537109375,
  "mean_pcie_rx_mb_s": 3816.9297966404297,
  "max_pcie_rx_mb_s": 8143.1865234375,
  "mean_kv_cache_pct": 1.1556697787016392,
  "max_kv_cache_pct": 1.357758849299373,
  "p50_kv_cache_pct": 1.2156184697633465,
  "p95_kv_cache_pct": 1.3429083618851645,
  "mean_requests_running": 3.85487906588824,
  "max_requests_running": 4.0,
  "mean_requests_waiting": 0.0,
  "max_requests_waiting": 0.0
}