{
  "num_samples": 705,
  "duration_s": 301.8530693054199,
  "mean_power_w": 1005.1385460992908,
  "max_power_w": 1209.9180000000001,
  "min_power_w": 110.034,
  "p50_power_w": 1130.0430000000001,
  "p95_power_w": 1200.714,
  "mean_gpu_util_pct": 92.45744680851064,
  "max_gpu_util_pct": 100.0,
  "mean_gpu_mem_bw_util_pct": 40.64858156028369,
  "max_gpu_mem_bw_util_pct": 60.75,
  "mean_gpu_mem_used_gb": 367.400634765625,
  "max_gpu_mem_used_gb": 367.400634765625,
  "mean_gpu_temp_c": 88.3177304964539,
  "max_gpu_temp_c": 92.0,
  "mean_pcie_tx_mb_s": 43836.78645140736,
  "max_pcie_tx_mb_s": 133100.689453125,
  "mean_pcie_rx_mb_s": 42007.450274268616,
  "max_pcie_rx_mb_s": 106854.97265625,
  "mean_kv_cache_pct": 32.271652697184614,
  "max_kv_cache_pct": 49.84848484848485,
  "p50_kv_cache_pct": 37.878787878787875,
  "p95_kv_cache_pct": 48.484848484848484,
  "mean_requests_running": 29.69645390070922,
  "max_requests_running": 40.0,
  "mean_requests_waiting": 1.7276595744680852,
  "max_requests_waiting": 22.0
}