{
  "num_samples": 1157,
  "duration_s": 495.4214344024658,
  "mean_power_w": 886.0808919619706,
  "max_power_w": 1020.025,
  "min_power_w": 91.576,
  "p50_power_w": 999.927,
  "p95_power_w": 1000.036,
  "mean_gpu_util_pct": 92.20980985306828,
  "max_gpu_util_pct": 100.0,
  "mean_gpu_mem_bw_util_pct": 33.33686257562662,
  "max_gpu_mem_bw_util_pct": 49.75,
  "mean_gpu_mem_used_gb": 362.19140625,
  "max_gpu_mem_used_gb": 362.19140625,
  "mean_gpu_temp_c": 86.01296456352637,
  "max_gpu_temp_c": 90.0,
  "mean_pcie_tx_mb_s": 32513.512442942414,
  "max_pcie_tx_mb_s": 128689.7666015625,
  "mean_pcie_rx_mb_s": 28062.777730323574,
  "max_pcie_rx_mb_s": 109898.0205078125,
  "mean_kv_cache_pct": 12.823163012447134,
  "max_kv_cache_pct": 18.465520350471497,
  "p50_kv_cache_pct": 17.39204226024419,
  "p95_kv_cache_pct": 18.36368843677405,
  "mean_requests_running": 12.271391529818496,
  "max_requests_running": 16.0,
  "mean_requests_waiting": 1.8401037165082108,
  "max_requests_waiting": 11.0
}