{
  "num_samples": 4042,
  "duration_s": 1391.6864852905273,
  "mean_power_w": 538.5687686788718,
  "max_power_w": 555.4649999999999,
  "min_power_w": 64.66,
  "p50_power_w": 543.9490000000001,
  "p95_power_w": 549.043,
  "mean_gpu_util_pct": 96.53191489361703,
  "max_gpu_util_pct": 100.0,
  "mean_gpu_mem_bw_util_pct": 47.66118258287976,
  "max_gpu_mem_bw_util_pct": 49.5,
  "mean_gpu_mem_used_gb": 176.45361328125,
  "max_gpu_mem_used_gb": 176.45361328125,
  "mean_gpu_temp_c": 84.93320138545275,
  "max_gpu_temp_c": 89.0,
  "mean_pcie_tx_mb_s": 1340.7510321313707,
  "max_pcie_tx_mb_s": 36389.77734375,
  "mean_pcie_rx_mb_s": 1370.5766992960632,
  "max_pcie_rx_mb_s": 36099.1103515625,
  "mean_kv_cache_pct": 2.109311594907422,
  "max_kv_cache_pct": 2.441816100724914,
  "p50_kv_cache_pct": 2.19000381533766,
  "p95_kv_cache_pct": 2.418924074780615,
  "mean_requests_running": 0.9579416130628402,
  "max_requests_running": 1.0,
  "mean_requests_waiting": 0.0,
  "max_requests_waiting": 0.0
}