{
  "num_samples": 639,
  "duration_s": 273.6178238391876,
  "mean_power_w": 914.0445179968701,
  "max_power_w": 1028.557,
  "min_power_w": 280.324,
  "p50_power_w": 999.9590000000001,
  "p95_power_w": 1000.155,
  "mean_gpu_util_pct": 92.91784037558685,
  "max_gpu_util_pct": 100.0,
  "mean_gpu_mem_bw_util_pct": 43.756651017214395,
  "max_gpu_mem_bw_util_pct": 56.0,
  "mean_gpu_mem_used_gb": 367.381103515625,
  "max_gpu_mem_used_gb": 367.381103515625,
  "mean_gpu_temp_c": 86.47417840375587,
  "max_gpu_temp_c": 89.0,
  "mean_pcie_tx_mb_s": 30754.442107724473,
  "max_pcie_tx_mb_s": 130173.5400390625,
  "mean_pcie_rx_mb_s": 32635.991070336953,
  "max_pcie_rx_mb_s": 108808.4638671875,
  "mean_kv_cache_pct": 18.004931948593917,
  "max_kv_cache_pct": 31.36363636363636,
  "p50_kv_cache_pct": 21.818181818181813,
  "p95_kv_cache_pct": 27.27272727272727,
  "mean_requests_running": 20.668231611893585,
  "max_requests_running": 24.0,
  "mean_requests_waiting": 0.0,
  "max_requests_waiting": 0.0
}