{
  "num_samples": 555,
  "duration_s": 238.48907470703125,
  "mean_power_w": 893.5445873873874,
  "max_power_w": 1025.483,
  "min_power_w": 347.159,
  "p50_power_w": 999.886,
  "p95_power_w": 1000.177,
  "mean_gpu_util_pct": 92.74594594594595,
  "max_gpu_util_pct": 100.0,
  "mean_gpu_mem_bw_util_pct": 42.1554054054054,
  "max_gpu_mem_bw_util_pct": 57.25,
  "mean_gpu_mem_used_gb": 367.381103515625,
  "max_gpu_mem_used_gb": 367.381103515625,
  "mean_gpu_temp_c": 86.85945945945946,
  "max_gpu_temp_c": 90.0,
  "mean_pcie_tx_mb_s": 41778.656638865425,
  "max_pcie_tx_mb_s": 127513.8076171875,
  "mean_pcie_rx_mb_s": 40034.526847550675,
  "max_pcie_rx_mb_s": 104100.841796875,
  "mean_kv_cache_pct": 46.952770952770955,
  "max_kv_cache_pct": 73.63636363636363,
  "p50_kv_cache_pct": 50.90909090909091,
  "p95_kv_cache_pct": 65.45454545454545,
  "mean_requests_running": 56.56216216216216,
  "max_requests_running": 72.0,
  "mean_requests_waiting": 1.0810810810810811,
  "max_requests_waiting": 19.0
}