{
  "num_samples": 499,
  "duration_s": 213.48821687698364,
  "mean_power_w": 1075.9022144288576,
  "max_power_w": 1211.2359999999999,
  "min_power_w": 387.705,
  "p50_power_w": 1184.584,
  "p95_power_w": 1200.889,
  "mean_gpu_util_pct": 92.92084168336673,
  "max_gpu_util_pct": 100.0,
  "mean_gpu_mem_bw_util_pct": 48.68587174348698,
  "max_gpu_mem_bw_util_pct": 60.75,
  "mean_gpu_mem_used_gb": 367.0408135607152,
  "max_gpu_mem_used_gb": 367.400634765625,
  "mean_gpu_temp_c": 90.09018036072145,
  "max_gpu_temp_c": 92.0,
  "mean_pcie_tx_mb_s": 30541.498119285447,
  "max_pcie_tx_mb_s": 116854.1435546875,
  "mean_pcie_rx_mb_s": 34361.90606016721,
  "max_pcie_rx_mb_s": 102733.0380859375,
  "mean_kv_cache_pct": 24.113074634116714,
  "max_kv_cache_pct": 30.303030303030297,
  "p50_kv_cache_pct": 30.303030303030297,
  "p95_kv_cache_pct": 30.303030303030297,
  "mean_requests_running": 33.09018036072144,
  "max_requests_running": 40.0,
  "mean_requests_waiting": 0.18036072144288579,
  "max_requests_waiting": 6.0
}