{
  "num_samples": 2930,
  "duration_s": 1250.4814584255219,
  "mean_power_w": 988.3830832764505,
  "max_power_w": 1010.481,
  "min_power_w": 111.264,
  "p50_power_w": 999.892,
  "p95_power_w": 1000.482,
  "mean_gpu_util_pct": 97.37150170648464,
  "max_gpu_util_pct": 99.0,
  "mean_gpu_mem_bw_util_pct": 47.24931740614335,
  "max_gpu_mem_bw_util_pct": 49.0,
  "mean_gpu_mem_used_gb": 335.44140625,
  "max_gpu_mem_used_gb": 335.44140625,
  "mean_gpu_temp_c": 87.10750853242321,
  "max_gpu_temp_c": 90.0,
  "mean_pcie_tx_mb_s": 9735.59461824072,
  "max_pcie_tx_mb_s": 32510.3369140625,
  "mean_pcie_rx_mb_s": 14920.873557153904,
  "max_pcie_rx_mb_s": 37870.3173828125,
  "mean_kv_cache_pct": 2.3498054969545907,
  "max_kv_cache_pct": 2.588996763754048,
  "p50_kv_cache_pct": 2.440668824163972,
  "p95_kv_cache_pct": 2.5755124056094925,
  "mean_requests_running": 3.9225255972696247,
  "max_requests_running": 4.0,
  "mean_requests_waiting": 0.0,
  "max_requests_waiting": 0.0
}