{
  "num_samples": 458,
  "duration_s": 195.72651362419128,
  "mean_power_w": 861.1903580786026,
  "max_power_w": 959.55,
  "min_power_w": 368.426,
  "p50_power_w": 890.312,
  "p95_power_w": 957.749,
  "mean_gpu_util_pct": 91.16211790393012,
  "max_gpu_util_pct": 99.25,
  "mean_gpu_mem_bw_util_pct": 30.87227074235808,
  "max_gpu_mem_bw_util_pct": 39.25,
  "mean_gpu_mem_used_gb": 334.19140625,
  "max_gpu_mem_used_gb": 334.19140625,
  "mean_gpu_temp_c": 85.98471615720524,
  "max_gpu_temp_c": 89.0,
  "mean_pcie_tx_mb_s": 42028.37623669487,
  "max_pcie_tx_mb_s": 86371.4130859375,
  "mean_pcie_rx_mb_s": 35019.3585029169,
  "max_pcie_rx_mb_s": 74381.810546875,
  "mean_kv_cache_pct": 8.114300838974389,
  "max_kv_cache_pct": 17.25997842502697,
  "p50_kv_cache_pct": 8.255798274002156,
  "p95_kv_cache_pct": 16.45091693635383,
  "mean_requests_running": 64.83624454148472,
  "max_requests_running": 80.0,
  "mean_requests_waiting": 0.0,
  "max_requests_waiting": 0.0
}