{
  "num_samples": 4725,
  "duration_s": 2024.2159180641174,
  "mean_power_w": 941.4028692063492,
  "max_power_w": 1027.729,
  "min_power_w": 79.393,
  "p50_power_w": 982.647,
  "p95_power_w": 1000.023,
  "mean_gpu_util_pct": 94.04137566137567,
  "max_gpu_util_pct": 100.0,
  "mean_gpu_mem_bw_util_pct": 24.031904761904762,
  "max_gpu_mem_bw_util_pct": 48.0,
  "mean_gpu_mem_used_gb": 362.19140625,
  "max_gpu_mem_used_gb": 362.19140625,
  "mean_gpu_temp_c": 87.59238095238095,
  "max_gpu_temp_c": 92.0,
  "mean_pcie_tx_mb_s": 28224.98791253307,
  "max_pcie_tx_mb_s": 96576.873046875,
  "mean_pcie_rx_mb_s": 24020.649790013227,
  "max_pcie_rx_mb_s": 81575.3974609375,
  "mean_kv_cache_pct": 11.702689874510014,
  "max_kv_cache_pct": 17.650865040891883,
  "p50_kv_cache_pct": 13.035545702375018,
  "p95_kv_cache_pct": 17.609495825952294,
  "mean_requests_running": 2.7077248677248678,
  "max_requests_running": 4.0,
  "mean_requests_waiting": 0.433015873015873,
  "max_requests_waiting": 2.0
}