{
  "num_samples": 908,
  "duration_s": 407.0697100162506,
  "mean_power_w": 1009.2241993392071,
  "max_power_w": 1143.1,
  "min_power_w": 353.735,
  "p50_power_w": 1011.026,
  "p95_power_w": 1136.1309999999999,
  "mean_gpu_util_pct": 95.79295154185021,
  "max_gpu_util_pct": 100.0,
  "mean_gpu_mem_bw_util_pct": 31.94025330396476,
  "max_gpu_mem_bw_util_pct": 44.0,
  "mean_gpu_mem_used_gb": 343.688232421875,
  "max_gpu_mem_used_gb": 343.688232421875,
  "mean_gpu_temp_c": 88.65308370044053,
  "max_gpu_temp_c": 92.0,
  "mean_pcie_tx_mb_s": 25971.98593879061,
  "max_pcie_tx_mb_s": 98553.9599609375,
  "mean_pcie_rx_mb_s": 33785.767706110615,
  "max_pcie_rx_mb_s": 126157.546875,
  "mean_kv_cache_pct": 34.25550660792952,
  "max_kv_cache_pct": 52.0,
  "p50_kv_cache_pct": 38.0,
  "p95_kv_cache_pct": 52.0,
  "mean_requests_running": 16.469162995594715,
  "max_requests_running": 24.0,
  "mean_requests_waiting": 3.3314977973568283,
  "max_requests_waiting": 19.0
}