{
  "num_samples": 765,
  "duration_s": 328.550607919693,
  "mean_power_w": 862.5590169934641,
  "max_power_w": 1025.275,
  "min_power_w": 107.432,
  "p50_power_w": 825.566,
  "p95_power_w": 1000.135,
  "mean_gpu_util_pct": 93.1359477124183,
  "max_gpu_util_pct": 100.0,
  "mean_gpu_mem_bw_util_pct": 36.9421568627451,
  "max_gpu_mem_bw_util_pct": 57.5,
  "mean_gpu_mem_used_gb": 367.381103515625,
  "max_gpu_mem_used_gb": 367.381103515625,
  "mean_gpu_temp_c": 86.46013071895425,
  "max_gpu_temp_c": 90.0,
  "mean_pcie_tx_mb_s": 50480.76908573325,
  "max_pcie_tx_mb_s": 135086.240234375,
  "mean_pcie_rx_mb_s": 45958.95871119281,
  "max_pcie_rx_mb_s": 106649.908203125,
  "mean_kv_cache_pct": 65.6385422856011,
  "max_kv_cache_pct": 100.0,
  "p50_kv_cache_pct": 73.18181818181819,
  "p95_kv_cache_pct": 99.39393939393939,
  "mean_requests_running": 64.36993464052287,
  "max_requests_running": 96.0,
  "mean_requests_waiting": 10.269281045751635,
  "max_requests_waiting": 69.0
}