{
  "num_samples": 3696,
  "duration_s": 1577.343491077423,
  "mean_power_w": 1050.786875,
  "max_power_w": 1075.792,
  "min_power_w": 142.25,
  "p50_power_w": 1065.677,
  "p95_power_w": 1071.335,
  "mean_gpu_util_pct": 97.16098484848484,
  "max_gpu_util_pct": 99.0,
  "mean_gpu_mem_bw_util_pct": 39.343208874458874,
  "max_gpu_mem_bw_util_pct": 41.0,
  "mean_gpu_mem_used_gb": 367.400634765625,
  "max_gpu_mem_used_gb": 367.400634765625,
  "mean_gpu_temp_c": 89.5305735930736,
  "max_gpu_temp_c": 91.0,
  "mean_pcie_tx_mb_s": 5067.503481117678,
  "max_pcie_tx_mb_s": 81888.3662109375,
  "mean_pcie_rx_mb_s": 6576.409834164046,
  "max_pcie_rx_mb_s": 67024.5849609375,
  "mean_kv_cache_pct": 0.8714580873671737,
  "max_kv_cache_pct": 1.3636363636363669,
  "p50_kv_cache_pct": 0.9090909090909038,
  "p95_kv_cache_pct": 0.9090909090909038,
  "mean_requests_running": 0.966991341991342,
  "max_requests_running": 1.0,
  "mean_requests_waiting": 0.0,
  "max_requests_waiting": 0.0
}