{
  "num_samples": 4313,
  "duration_s": 1855.5781064033508,
  "mean_power_w": 936.030702295386,
  "max_power_w": 1027.038,
  "min_power_w": 78.391,
  "p50_power_w": 979.857,
  "p95_power_w": 1000.06,
  "mean_gpu_util_pct": 94.35317644331091,
  "max_gpu_util_pct": 100.0,
  "mean_gpu_mem_bw_util_pct": 23.993681891954555,
  "max_gpu_mem_bw_util_pct": 69.25,
  "mean_gpu_mem_used_gb": 362.19140625,
  "max_gpu_mem_used_gb": 362.19140625,
  "mean_gpu_temp_c": 86.54648736378391,
  "max_gpu_temp_c": 91.0,
  "mean_pcie_tx_mb_s": 32374.282474042866,
  "max_pcie_tx_mb_s": 98261.384765625,
  "mean_pcie_rx_mb_s": 27783.741640461976,
  "max_pcie_rx_mb_s": 86687.240234375,
  "mean_kv_cache_pct": 76.32891841025557,
  "max_kv_cache_pct": 99.99681775269696,
  "p50_kv_cache_pct": 94.70686198593447,
  "p95_kv_cache_pct": 99.59691534161425,
  "mean_requests_running": 24.983294663573087,
  "max_requests_running": 104.0,
  "mean_requests_waiting": 44.42204176334107,
  "max_requests_waiting": 98.0
}