{
  "num_samples": 1061,
  "duration_s": 455.1105465888977,
  "mean_power_w": 874.1951998114986,
  "max_power_w": 1025.226,
  "min_power_w": 91.545,
  "p50_power_w": 858.6859999999999,
  "p95_power_w": 1000.044,
  "mean_gpu_util_pct": 91.82634307257304,
  "max_gpu_util_pct": 100.0,
  "mean_gpu_mem_bw_util_pct": 33.86050895381715,
  "max_gpu_mem_bw_util_pct": 55.5,
  "mean_gpu_mem_used_gb": 362.19140625,
  "max_gpu_mem_used_gb": 362.19140625,
  "mean_gpu_temp_c": 85.99340245051837,
  "max_gpu_temp_c": 90.0,
  "mean_pcie_tx_mb_s": 35177.83472254948,
  "max_pcie_tx_mb_s": 124969.958984375,
  "mean_pcie_rx_mb_s": 31030.143597947103,
  "max_pcie_rx_mb_s": 111061.1240234375,
  "mean_kv_cache_pct": 17.26170108984122,
  "max_kv_cache_pct": 27.698280525707254,
  "p50_kv_cache_pct": 19.563395670022167,
  "p95_kv_cache_pct": 27.494616698312345,
  "mean_requests_running": 16.870876531573987,
  "max_requests_running": 24.0,
  "mean_requests_waiting": 2.1969839773798303,
  "max_requests_waiting": 14.0
}