{
  "num_samples": 2294,
  "duration_s": 1034.2535705566406,
  "mean_power_w": 940.4808526591107,
  "max_power_w": 1157.9940000000001,
  "min_power_w": 99.688,
  "p50_power_w": 945.4929999999999,
  "p95_power_w": 1102.065,
  "mean_gpu_util_pct": 96.69572798605057,
  "max_gpu_util_pct": 100.0,
  "mean_gpu_mem_bw_util_pct": 24.25239755884917,
  "max_gpu_mem_bw_util_pct": 42.75,
  "mean_gpu_mem_used_gb": 343.6996412601488,
  "max_gpu_mem_used_gb": 343.703857421875,
  "mean_gpu_temp_c": 88.23975588491717,
  "max_gpu_temp_c": 93.0,
  "mean_pcie_tx_mb_s": 32054.950766180118,
  "max_pcie_tx_mb_s": 100545.630859375,
  "mean_pcie_rx_mb_s": 45638.6685804851,
  "max_pcie_rx_mb_s": 136513.080078125,
  "mean_kv_cache_pct": 74.14198339886413,
  "max_kv_cache_pct": 100.0,
  "p50_kv_cache_pct": 81.0,
  "p95_kv_cache_pct": 99.0,
  "mean_requests_running": 20.730013106159895,
  "max_requests_running": 49.0,
  "mean_requests_waiting": 17.914373088685014,
  "max_requests_waiting": 38.0
}