{
  "num_samples": 2275,
  "duration_s": 1023.6587429046631,
  "mean_power_w": 925.9177784615384,
  "max_power_w": 992.395,
  "min_power_w": 100.538,
  "p50_power_w": 944.8720000000001,
  "p95_power_w": 985.1959999999999,
  "mean_gpu_util_pct": 96.69626373626373,
  "max_gpu_util_pct": 100.0,
  "mean_gpu_mem_bw_util_pct": 24.27747252747253,
  "max_gpu_mem_bw_util_pct": 38.0,
  "mean_gpu_mem_used_gb": 343.696044921875,
  "max_gpu_mem_used_gb": 343.696044921875,
  "mean_gpu_temp_c": 88.20087912087912,
  "max_gpu_temp_c": 91.0,
  "mean_pcie_tx_mb_s": 30682.963043440934,
  "max_pcie_tx_mb_s": 98724.849609375,
  "mean_pcie_rx_mb_s": 41284.25798592033,
  "max_pcie_rx_mb_s": 142919.2646484375,
  "mean_kv_cache_pct": 62.81478222613286,
  "max_kv_cache_pct": 100.0,
  "p50_kv_cache_pct": 66.0,
  "p95_kv_cache_pct": 99.0,
  "mean_requests_running": 13.23757149142103,
  "max_requests_running": 28.0,
  "mean_requests_waiting": 4.331280246370436,
  "max_requests_waiting": 14.0
}