{
  "num_samples": 330,
  "duration_s": 141.1476011276245,
  "mean_power_w": 936.0039333333333,
  "max_power_w": 1021.76,
  "min_power_w": 375.534,
  "p50_power_w": 999.98,
  "p95_power_w": 1000.225,
  "mean_gpu_util_pct": 89.75075757575758,
  "max_gpu_util_pct": 100.0,
  "mean_gpu_mem_bw_util_pct": 40.26439393939394,
  "max_gpu_mem_bw_util_pct": 48.25,
  "mean_gpu_mem_used_gb": 326.41015625,
  "max_gpu_mem_used_gb": 326.41015625,
  "mean_gpu_temp_c": 87.05757575757576,
  "max_gpu_temp_c": 89.0,
  "mean_pcie_tx_mb_s": 23647.86290838068,
  "max_pcie_tx_mb_s": 41064.072265625,
  "mean_pcie_rx_mb_s": 22460.996543560606,
  "max_pcie_rx_mb_s": 34129.923828125,
  "mean_kv_cache_pct": 7.776997752176223,
  "max_kv_cache_pct": 17.773911936609633,
  "p50_kv_cache_pct": 6.411167566535491,
  "p95_kv_cache_pct": 17.063210038929487,
  "mean_requests_running": 66.82121212121213,
  "max_requests_running": 88.0,
  "mean_requests_waiting": 0.0,
  "max_requests_waiting": 0.0
}