{
  "num_samples": 1704,
  "duration_s": 758.5639193058014,
  "mean_power_w": 834.816492370892,
  "max_power_w": 933.254,
  "min_power_w": 379.212,
  "p50_power_w": 835.957,
  "p95_power_w": 924.398,
  "mean_gpu_util_pct": 98.0318368544601,
  "max_gpu_util_pct": 100.0,
  "mean_gpu_mem_bw_util_pct": 27.682805164319248,
  "max_gpu_mem_bw_util_pct": 29.75,
  "mean_gpu_mem_used_gb": 343.688232421875,
  "max_gpu_mem_used_gb": 343.688232421875,
  "mean_gpu_temp_c": 87.0193661971831,
  "max_gpu_temp_c": 90.0,
  "mean_pcie_tx_mb_s": 7350.052466737273,
  "max_pcie_tx_mb_s": 78040.76953125,
  "mean_pcie_rx_mb_s": 9725.069475200815,
  "max_pcie_rx_mb_s": 105055.93359375,
  "mean_kv_cache_pct": 4.584507042253521,
  "max_kv_cache_pct": 5.0,
  "p50_kv_cache_pct": 5.0,
  "p95_kv_cache_pct": 5.0,
  "mean_requests_running": 3.7940140845070425,
  "max_requests_running": 4.0,
  "mean_requests_waiting": 0.0,
  "max_requests_waiting": 0.0
}