{
  "num_samples": 4316,
  "duration_s": 1857.7636349201202,
  "mean_power_w": 935.9302891566265,
  "max_power_w": 1029.935,
  "min_power_w": 78.027,
  "p50_power_w": 980.813,
  "p95_power_w": 1000.062,
  "mean_gpu_util_pct": 94.35055607043559,
  "max_gpu_util_pct": 100.0,
  "mean_gpu_mem_bw_util_pct": 23.951285912882298,
  "max_gpu_mem_bw_util_pct": 70.75,
  "mean_gpu_mem_used_gb": 362.19140625,
  "max_gpu_mem_used_gb": 362.19140625,
  "mean_gpu_temp_c": 86.69161260426321,
  "max_gpu_temp_c": 92.0,
  "mean_pcie_tx_mb_s": 32232.917307375537,
  "max_pcie_tx_mb_s": 98095.857421875,
  "mean_pcie_rx_mb_s": 27677.880664334018,
  "max_pcie_rx_mb_s": 83032.810546875,
  "mean_kv_cache_pct": 75.8790781055147,
  "max_kv_cache_pct": 99.99787850179797,
  "p50_kv_cache_pct": 94.74823120087406,
  "p95_kv_cache_pct": 98.67830662013513,
  "mean_requests_running": 26.37430426716141,
  "max_requests_running": 120.0,
  "mean_requests_waiting": 47.47541743970315,
  "max_requests_waiting": 113.0
}