{
  "num_samples": 573,
  "duration_s": 245.6415867805481,
  "mean_power_w": 936.582734729494,
  "max_power_w": 1027.682,
  "min_power_w": 376.435,
  "p50_power_w": 999.967,
  "p95_power_w": 1000.202,
  "mean_gpu_util_pct": 93.66623036649214,
  "max_gpu_util_pct": 100.0,
  "mean_gpu_mem_bw_util_pct": 46.67626527050611,
  "max_gpu_mem_bw_util_pct": 55.75,
  "mean_gpu_mem_used_gb": 346.5789929135308,
  "max_gpu_mem_used_gb": 347.771728515625,
  "mean_gpu_temp_c": 87.38394415357766,
  "max_gpu_temp_c": 89.0,
  "mean_pcie_tx_mb_s": 24729.161683300612,
  "max_pcie_tx_mb_s": 125334.1171875,
  "mean_pcie_rx_mb_s": 30195.813570298866,
  "max_pcie_rx_mb_s": 106233.35546875,
  "mean_kv_cache_pct": 15.18086625416468,
  "max_kv_cache_pct": 18.181818181818176,
  "p50_kv_cache_pct": 18.181818181818176,
  "p95_kv_cache_pct": 18.181818181818176,
  "mean_requests_running": 20.691099476439792,
  "max_requests_running": 24.0,
  "mean_requests_waiting": 0.0,
  "max_requests_waiting": 0.0
}