{
  "num_samples": 519,
  "duration_s": 222.51503205299377,
  "mean_power_w": 925.8846127167631,
  "max_power_w": 1023.252,
  "min_power_w": 380.48699999999997,
  "p50_power_w": 999.957,
  "p95_power_w": 1000.1500000000001,
  "mean_gpu_util_pct": 93.33718689788054,
  "max_gpu_util_pct": 100.0,
  "mean_gpu_mem_bw_util_pct": 45.447013487475914,
  "max_gpu_mem_bw_util_pct": 57.5,
  "mean_gpu_mem_used_gb": 367.0229177015595,
  "max_gpu_mem_used_gb": 367.381103515625,
  "mean_gpu_temp_c": 87.50867052023122,
  "max_gpu_temp_c": 90.0,
  "mean_pcie_tx_mb_s": 29488.764537421725,
  "max_pcie_tx_mb_s": 102363.548828125,
  "mean_pcie_rx_mb_s": 33947.726916245185,
  "max_pcie_rx_mb_s": 92137.986328125,
  "mean_kv_cache_pct": 24.22198867285572,
  "max_kv_cache_pct": 30.303030303030297,
  "p50_kv_cache_pct": 30.303030303030297,
  "p95_kv_cache_pct": 30.303030303030297,
  "mean_requests_running": 33.20616570327553,
  "max_requests_running": 40.0,
  "mean_requests_waiting": 0.29865125240847784,
  "max_requests_waiting": 5.0
}