{
  "num_samples": 728,
  "duration_s": 251.54217743873596,
  "mean_power_w": 570.8565288461539,
  "max_power_w": 610.1990000000001,
  "min_power_w": 190.214,
  "p50_power_w": 599.972,
  "p95_power_w": 600.0809999999999,
  "mean_gpu_util_pct": 93.11881868131869,
  "max_gpu_util_pct": 100.0,
  "mean_gpu_mem_bw_util_pct": 60.89972527472528,
  "max_gpu_mem_bw_util_pct": 74.5,
  "mean_gpu_mem_used_gb": 176.45361328125,
  "max_gpu_mem_used_gb": 176.45361328125,
  "mean_gpu_temp_c": 85.22664835164835,
  "max_gpu_temp_c": 90.0,
  "mean_pcie_tx_mb_s": 8775.522257039835,
  "max_pcie_tx_mb_s": 55041.171875,
  "mean_pcie_rx_mb_s": 9025.547119140625,
  "max_pcie_rx_mb_s": 54476.921875,
  "mean_kv_cache_pct": 69.58955771431926,
  "max_kv_cache_pct": 99.99236932468524,
  "p50_kv_cache_pct": 87.9511636779855,
  "p95_kv_cache_pct": 99.72529568866845,
  "mean_requests_running": 40.64423076923077,
  "max_requests_running": 56.0,
  "mean_requests_waiting": 0.0,
  "max_requests_waiting": 0.0
}