{
  "num_samples": 597,
  "duration_s": 206.23825335502625,
  "mean_power_w": 568.8888023450586,
  "max_power_w": 612.04,
  "min_power_w": 191.49599999999998,
  "p50_power_w": 599.983,
  "p95_power_w": 600.057,
  "mean_gpu_util_pct": 92.22948073701842,
  "max_gpu_util_pct": 100.0,
  "mean_gpu_mem_bw_util_pct": 63.14740368509213,
  "max_gpu_mem_bw_util_pct": 73.5,
  "mean_gpu_mem_used_gb": 173.9041733733773,
  "max_gpu_mem_used_gb": 176.45361328125,
  "mean_gpu_temp_c": 85.44556113902847,
  "max_gpu_temp_c": 89.0,
  "mean_pcie_tx_mb_s": 6892.4558207705195,
  "max_pcie_tx_mb_s": 44284.4736328125,
  "mean_pcie_rx_mb_s": 7048.968961016018,
  "max_pcie_rx_mb_s": 48574.4443359375,
  "mean_kv_cache_pct": 39.71880258471551,
  "max_kv_cache_pct": 69.97329263639833,
  "p50_kv_cache_pct": 45.18885921404044,
  "p95_kv_cache_pct": 68.14193056085463,
  "mean_requests_running": 40.09380234505863,
  "max_requests_running": 48.0,
  "mean_requests_waiting": 0.0,
  "max_requests_waiting": 0.0
}