{
  "num_samples": 575,
  "duration_s": 246.4986288547516,
  "mean_power_w": 900.7794730434782,
  "max_power_w": 1025.7559999999999,
  "min_power_w": 344.549,
  "p50_power_w": 999.922,
  "p95_power_w": 1000.1320000000001,
  "mean_gpu_util_pct": 92.84434782608696,
  "max_gpu_util_pct": 100.0,
  "mean_gpu_mem_bw_util_pct": 43.487391304347824,
  "max_gpu_mem_bw_util_pct": 59.25,
  "mean_gpu_mem_used_gb": 367.381103515625,
  "max_gpu_mem_used_gb": 367.381103515625,
  "mean_gpu_temp_c": 86.69043478260869,
  "max_gpu_temp_c": 91.0,
  "mean_pcie_tx_mb_s": 38077.47617697011,
  "max_pcie_tx_mb_s": 125025.12109375,
  "mean_pcie_rx_mb_s": 37936.74220788044,
  "max_pcie_rx_mb_s": 101631.744140625,
  "mean_kv_cache_pct": 36.542028985507244,
  "max_kv_cache_pct": 59.3939393939394,
  "p50_kv_cache_pct": 42.57575757575758,
  "p95_kv_cache_pct": 50.90909090909091,
  "mean_requests_running": 43.47304347826087,
  "max_requests_running": 56.0,
  "mean_requests_waiting": 1.1356521739130434,
  "max_requests_waiting": 17.0
}