{
  "num_samples": 3907,
  "duration_s": 1667.1884813308716,
  "mean_power_w": 876.2404898899412,
  "max_power_w": 894.387,
  "min_power_w": 101.598,
  "p50_power_w": 888.076,
  "p95_power_w": 890.815,
  "mean_gpu_util_pct": 97.15939339646788,
  "max_gpu_util_pct": 100.0,
  "mean_gpu_mem_bw_util_pct": 22.94093933964679,
  "max_gpu_mem_bw_util_pct": 24.0,
  "mean_gpu_mem_used_gb": 327.27215074705657,
  "max_gpu_mem_used_gb": 327.34765625,
  "mean_gpu_temp_c": 86.12720757614538,
  "max_gpu_temp_c": 89.0,
  "mean_pcie_tx_mb_s": 3533.203864358043,
  "max_pcie_tx_mb_s": 74214.1865234375,
  "mean_pcie_rx_mb_s": 3632.1395562052085,
  "max_pcie_rx_mb_s": 64999.845703125,
  "mean_kv_cache_pct": 0.5499105787421844,
  "max_kv_cache_pct": 0.6109914821847195,
  "p50_kv_cache_pct": 0.5759867618512216,
  "p95_kv_cache_pct": 0.6078092348816733,
  "mean_requests_running": 0.9521371896595854,
  "max_requests_running": 1.0,
  "mean_requests_waiting": 0.0,
  "max_requests_waiting": 0.0
}