{
  "num_samples": 575,
  "duration_s": 246.78164410591125,
  "mean_power_w": 893.8509113043478,
  "max_power_w": 1024.294,
  "min_power_w": 378.539,
  "p50_power_w": 999.8820000000001,
  "p95_power_w": 1000.213,
  "mean_gpu_util_pct": 93.11173913043478,
  "max_gpu_util_pct": 100.0,
  "mean_gpu_mem_bw_util_pct": 41.95652173913044,
  "max_gpu_mem_bw_util_pct": 57.5,
  "mean_gpu_mem_used_gb": 367.381103515625,
  "max_gpu_mem_used_gb": 367.381103515625,
  "mean_gpu_temp_c": 86.98260869565217,
  "max_gpu_temp_c": 90.0,
  "mean_pcie_tx_mb_s": 42868.02906929348,
  "max_pcie_tx_mb_s": 129587.4150390625,
  "mean_pcie_rx_mb_s": 40462.62044157609,
  "max_pcie_rx_mb_s": 104469.7431640625,
  "mean_kv_cache_pct": 52.22371541501977,
  "max_kv_cache_pct": 81.36363636363636,
  "p50_kv_cache_pct": 62.121212121212125,
  "p95_kv_cache_pct": 80.0,
  "mean_requests_running": 63.786086956521736,
  "max_requests_running": 88.0,
  "mean_requests_waiting": 2.48,
  "max_requests_waiting": 34.0
}