{
  "num_samples": 453,
  "duration_s": 193.87744402885437,
  "mean_power_w": 915.639587196468,
  "max_power_w": 1020.077,
  "min_power_w": 100.471,
  "p50_power_w": 999.969,
  "p95_power_w": 1000.121,
  "mean_gpu_util_pct": 87.72792494481236,
  "max_gpu_util_pct": 100.0,
  "mean_gpu_mem_bw_util_pct": 42.15397350993378,
  "max_gpu_mem_bw_util_pct": 53.25,
  "mean_gpu_mem_used_gb": 327.34765625,
  "max_gpu_mem_used_gb": 327.34765625,
  "mean_gpu_temp_c": 86.89183222958057,
  "max_gpu_temp_c": 89.0,
  "mean_pcie_tx_mb_s": 13552.067647971855,
  "max_pcie_tx_mb_s": 22677.052734375,
  "mean_pcie_rx_mb_s": 12884.834540562913,
  "max_pcie_rx_mb_s": 24499.66796875,
  "mean_kv_cache_pct": 14.793242086899516,
  "max_kv_cache_pct": 24.316612391671,
  "p50_kv_cache_pct": 22.223754415368134,
  "p95_kv_cache_pct": 24.103401822366955,
  "mean_requests_running": 31.253863134657838,
  "max_requests_running": 40.0,
  "mean_requests_waiting": 0.0,
  "max_requests_waiting": 0.0
}