{
  "num_samples": 614,
  "duration_s": 262.1392695903778,
  "mean_power_w": 939.3356498371336,
  "max_power_w": 1020.438,
  "min_power_w": 99.684,
  "p50_power_w": 999.977,
  "p95_power_w": 1000.352,
  "mean_gpu_util_pct": 90.39372964169381,
  "max_gpu_util_pct": 99.0,
  "mean_gpu_mem_bw_util_pct": 40.30252442996743,
  "max_gpu_mem_bw_util_pct": 46.5,
  "mean_gpu_mem_used_gb": 327.34765625,
  "max_gpu_mem_used_gb": 327.34765625,
  "mean_gpu_temp_c": 86.70521172638436,
  "max_gpu_temp_c": 89.0,
  "mean_pcie_tx_mb_s": 8881.433305870827,
  "max_pcie_tx_mb_s": 20049.470703125,
  "mean_pcie_rx_mb_s": 9281.225231257635,
  "max_pcie_rx_mb_s": 18184.45703125,
  "mean_kv_cache_pct": 7.6672689901817135,
  "max_kv_cache_pct": 9.775863714955502,
  "p50_kv_cache_pct": 9.118199272326121,
  "p95_kv_cache_pct": 9.661302812045868,
  "mean_requests_running": 14.400651465798045,
  "max_requests_running": 16.0,
  "mean_requests_waiting": 0.0,
  "max_requests_waiting": 0.0
}