{
  "num_samples": 4053,
  "duration_s": 1739.0456421375275,
  "mean_power_w": 933.7324233900814,
  "max_power_w": 1026.82,
  "min_power_w": 80.367,
  "p50_power_w": 981.3969999999999,
  "p95_power_w": 1000.023,
  "mean_gpu_util_pct": 93.98174191956575,
  "max_gpu_util_pct": 100.0,
  "mean_gpu_mem_bw_util_pct": 24.610412040463853,
  "max_gpu_mem_bw_util_pct": 69.5,
  "mean_gpu_mem_used_gb": 362.19140625,
  "max_gpu_mem_used_gb": 362.19140625,
  "mean_gpu_temp_c": 86.86997285961017,
  "max_gpu_temp_c": 92.0,
  "mean_pcie_tx_mb_s": 33750.17280048151,
  "max_pcie_tx_mb_s": 101612.1826171875,
  "mean_pcie_rx_mb_s": 29164.096957982514,
  "max_pcie_rx_mb_s": 80440.5390625,
  "mean_kv_cache_pct": 79.3795580363353,
  "max_kv_cache_pct": 100.0,
  "p50_kv_cache_pct": 91.7940449545469,
  "p95_kv_cache_pct": 99.93211205753502,
  "mean_requests_running": 18.730569948186528,
  "max_requests_running": 24.0,
  "mean_requests_waiting": 2.2620281273131013,
  "max_requests_waiting": 22.0
}