{
  "num_samples": 5824,
  "duration_s": 2551.613124370575,
  "mean_power_w": 814.971263907967,
  "max_power_w": 1015.701,
  "min_power_w": 92.388,
  "p50_power_w": 792.654,
  "p95_power_w": 1000.008,
  "mean_gpu_util_pct": 97.6644059065934,
  "max_gpu_util_pct": 100.0,
  "mean_gpu_mem_bw_util_pct": 19.451923076923077,
  "max_gpu_mem_bw_util_pct": 55.5,
  "mean_gpu_mem_used_gb": 373.09765625,
  "max_gpu_mem_used_gb": 373.09765625,
  "mean_gpu_temp_c": 86.1978021978022,
  "max_gpu_temp_c": 92.0,
  "mean_pcie_tx_mb_s": 66747.5295379974,
  "max_pcie_tx_mb_s": 131820.3251953125,
  "mean_pcie_rx_mb_s": 55315.86574847881,
  "max_pcie_rx_mb_s": 109919.8916015625,
  "mean_kv_cache_pct": 26.577642258265236,
  "max_kv_cache_pct": 37.97195253505933,
  "p50_kv_cache_pct": 25.322500898957212,
  "p95_kv_cache_pct": 37.668554476806904,
  "mean_requests_running": 11.458419958419958,
  "max_requests_running": 16.0,
  "mean_requests_waiting": 2.2212404712404714,
  "max_requests_waiting": 12.0
}