{
  "num_samples": 5255,
  "duration_s": 2240.121922016144,
  "mean_power_w": 995.1431725975261,
  "max_power_w": 1016.68,
  "min_power_w": 324.983,
  "p50_power_w": 999.9879999999999,
  "p95_power_w": 1000.27,
  "mean_gpu_util_pct": 98.25723120837297,
  "max_gpu_util_pct": 99.0,
  "mean_gpu_mem_bw_util_pct": 49.421836346336825,
  "max_gpu_mem_bw_util_pct": 50.5,
  "mean_gpu_mem_used_gb": 334.26953125,
  "max_gpu_mem_used_gb": 334.26953125,
  "mean_gpu_temp_c": 86.97031398667936,
  "max_gpu_temp_c": 89.0,
  "mean_pcie_tx_mb_s": 5052.198731305007,
  "max_pcie_tx_mb_s": 21907.3251953125,
  "mean_pcie_rx_mb_s": 6098.760351376665,
  "max_pcie_rx_mb_s": 20235.3330078125,
  "mean_kv_cache_pct": 0.6376397147149457,
  "max_kv_cache_pct": 0.7191657677094621,
  "p50_kv_cache_pct": 0.6472491909385147,
  "p95_kv_cache_pct": 0.7124235886371788,
  "mean_requests_running": 1.9803996194100857,
  "max_requests_running": 2.0,
  "mean_requests_waiting": 0.0,
  "max_requests_waiting": 0.0
}