{
  "num_samples": 3566,
  "duration_s": 1529.316249847412,
  "mean_power_w": 944.3041146943353,
  "max_power_w": 1165.151,
  "min_power_w": 78.635,
  "p50_power_w": 961.77,
  "p95_power_w": 1154.626,
  "mean_gpu_util_pct": 92.79199383062254,
  "max_gpu_util_pct": 100.0,
  "mean_gpu_mem_bw_util_pct": 26.12738362310712,
  "max_gpu_mem_bw_util_pct": 56.0,
  "mean_gpu_mem_used_gb": 367.400634765625,
  "max_gpu_mem_used_gb": 367.400634765625,
  "mean_gpu_temp_c": 87.2274256870443,
  "max_gpu_temp_c": 94.0,
  "mean_pcie_tx_mb_s": 49120.15613415986,
  "max_pcie_tx_mb_s": 137926.7109375,
  "mean_pcie_rx_mb_s": 43182.05294743322,
  "max_pcie_rx_mb_s": 118752.53515625,
  "mean_kv_cache_pct": 29.148099049949863,
  "max_kv_cache_pct": 43.18181818181818,
  "p50_kv_cache_pct": 32.12121212121212,
  "p95_kv_cache_pct": 42.42424242424242,
  "mean_requests_running": 5.571508693213684,
  "max_requests_running": 8.0,
  "mean_requests_waiting": 1.2470555243970836,
  "max_requests_waiting": 5.0
}