{
  "num_samples": 221,
  "duration_s": 98.33493876457214,
  "mean_power_w": 689.6306923076924,
  "max_power_w": 980.9,
  "min_power_w": 367.72499999999997,
  "p50_power_w": 623.028,
  "p95_power_w": 970.7280000000001,
  "mean_gpu_util_pct": 86.00226244343891,
  "max_gpu_util_pct": 100.0,
  "mean_gpu_mem_bw_util_pct": 11.29185520361991,
  "max_gpu_mem_bw_util_pct": 17.75,
  "mean_gpu_mem_used_gb": 333.45930142639986,
  "max_gpu_mem_used_gb": 333.547607421875,
  "mean_gpu_temp_c": 83.59276018099547,
  "max_gpu_temp_c": 90.0,
  "mean_pcie_tx_mb_s": 9323.44533901301,
  "max_pcie_tx_mb_s": 61074.130859375,
  "mean_pcie_rx_mb_s": 12031.841023578903,
  "max_pcie_rx_mb_s": 54720.9296875,
  "mean_kv_cache_pct": 5.678733031674208,
  "max_kv_cache_pct": 7.000000000000001,
  "p50_kv_cache_pct": 6.0,
  "p95_kv_cache_pct": 7.000000000000001,
  "mean_requests_running": 0.7239819004524887,
  "max_requests_running": 1.0,
  "mean_requests_waiting": 0.0,
  "max_requests_waiting": 0.0
}