{
  "num_samples": 3635,
  "duration_s": 1250.0166699886322,
  "mean_power_w": 573.9192797799175,
  "max_power_w": 607.4590000000001,
  "min_power_w": 46.709,
  "p50_power_w": 599.981,
  "p95_power_w": 601.471,
  "mean_gpu_util_pct": 94.36038514442916,
  "max_gpu_util_pct": 100.0,
  "mean_gpu_mem_bw_util_pct": 44.01554332874828,
  "max_gpu_mem_bw_util_pct": 68.5,
  "mean_gpu_mem_used_gb": 176.45361328125,
  "max_gpu_mem_used_gb": 176.45361328125,
  "mean_gpu_temp_c": 87.16918844566713,
  "max_gpu_temp_c": 93.0,
  "mean_pcie_tx_mb_s": 7987.82229383382,
  "max_pcie_tx_mb_s": 51579.0400390625,
  "mean_pcie_rx_mb_s": 7916.952496346286,
  "max_pcie_rx_mb_s": 53229.32421875,
  "mean_kv_cache_pct": 82.0843583226579,
  "max_kv_cache_pct": 96.6959175887066,
  "p50_kv_cache_pct": 93.8115223197253,
  "p95_kv_cache_pct": 96.42121327737505,
  "mean_requests_running": 5.296286107290234,
  "max_requests_running": 8.0,
  "mean_requests_waiting": 0.0,
  "max_requests_waiting": 0.0
}