{
  "num_samples": 1128,
  "duration_s": 391.2771587371826,
  "mean_power_w": 571.2468643617021,
  "max_power_w": 610.265,
  "min_power_w": 52.93,
  "p50_power_w": 599.9780000000001,
  "p95_power_w": 600.053,
  "mean_gpu_util_pct": 92.97384751773049,
  "max_gpu_util_pct": 100.0,
  "mean_gpu_mem_bw_util_pct": 58.954787234042556,
  "max_gpu_mem_bw_util_pct": 72.0,
  "mean_gpu_mem_used_gb": 176.45361328125,
  "max_gpu_mem_used_gb": 176.45361328125,
  "mean_gpu_temp_c": 84.54964539007092,
  "max_gpu_temp_c": 91.0,
  "mean_pcie_tx_mb_s": 7812.615888879654,
  "max_pcie_tx_mb_s": 55957.5595703125,
  "mean_pcie_rx_mb_s": 7762.716930200022,
  "max_pcie_rx_mb_s": 57270.70703125,
  "mean_kv_cache_pct": 54.25113851299244,
  "max_kv_cache_pct": 70.32430370087752,
  "p50_kv_cache_pct": 64.58603586417398,
  "p95_kv_cache_pct": 69.82830980541779,
  "mean_requests_running": 14.14450354609929,
  "max_requests_running": 16.0,
  "mean_requests_waiting": 0.0,
  "max_requests_waiting": 0.0
}