{
  "num_samples": 709,
  "duration_s": 304.08480310440063,
  "mean_power_w": 869.53558674189,
  "max_power_w": 1027.307,
  "min_power_w": 106.859,
  "p50_power_w": 999.761,
  "p95_power_w": 1000.1179999999999,
  "mean_gpu_util_pct": 92.47990126939351,
  "max_gpu_util_pct": 100.0,
  "mean_gpu_mem_bw_util_pct": 38.362834978843445,
  "max_gpu_mem_bw_util_pct": 58.5,
  "mean_gpu_mem_used_gb": 367.381103515625,
  "max_gpu_mem_used_gb": 367.381103515625,
  "mean_gpu_temp_c": 86.8490832157969,
  "max_gpu_temp_c": 90.0,
  "mean_pcie_tx_mb_s": 45212.69572158189,
  "max_pcie_tx_mb_s": 133685.322265625,
  "mean_pcie_rx_mb_s": 42804.4394600119,
  "max_pcie_rx_mb_s": 119520.240234375,
  "mean_kv_cache_pct": 41.83036286703423,
  "max_kv_cache_pct": 67.87878787878788,
  "p50_kv_cache_pct": 42.87878787878788,
  "p95_kv_cache_pct": 67.87878787878788,
  "mean_requests_running": 39.33709449929478,
  "max_requests_running": 56.0,
  "mean_requests_waiting": 4.337094499294781,
  "max_requests_waiting": 37.0
}