{
  "num_samples": 545,
  "duration_s": 234.2076382637024,
  "mean_power_w": 892.8075944954128,
  "max_power_w": 1025.985,
  "min_power_w": 376.742,
  "p50_power_w": 999.873,
  "p95_power_w": 1000.158,
  "mean_gpu_util_pct": 92.52064220183486,
  "max_gpu_util_pct": 100.0,
  "mean_gpu_mem_bw_util_pct": 42.95275229357798,
  "max_gpu_mem_bw_util_pct": 58.75,
  "mean_gpu_mem_used_gb": 367.381103515625,
  "max_gpu_mem_used_gb": 367.381103515625,
  "mean_gpu_temp_c": 86.67155963302753,
  "max_gpu_temp_c": 90.0,
  "mean_pcie_tx_mb_s": 40782.58044903957,
  "max_pcie_tx_mb_s": 129063.6220703125,
  "mean_pcie_rx_mb_s": 39603.1152003297,
  "max_pcie_rx_mb_s": 103124.630859375,
  "mean_kv_cache_pct": 45.417292187934386,
  "max_kv_cache_pct": 62.121212121212125,
  "p50_kv_cache_pct": 48.63636363636363,
  "p95_kv_cache_pct": 58.18181818181818,
  "mean_requests_running": 54.31559633027523,
  "max_requests_running": 64.0,
  "mean_requests_waiting": 1.5357798165137615,
  "max_requests_waiting": 27.0
}