{
  "num_samples": 455,
  "duration_s": 194.6605224609375,
  "mean_power_w": 862.926210989011,
  "max_power_w": 954.835,
  "min_power_w": 365.38800000000003,
  "p50_power_w": 895.36,
  "p95_power_w": 952.871,
  "mean_gpu_util_pct": 91.06043956043956,
  "max_gpu_util_pct": 99.5,
  "mean_gpu_mem_bw_util_pct": 31.323076923076922,
  "max_gpu_mem_bw_util_pct": 39.5,
  "mean_gpu_mem_used_gb": 334.19140625,
  "max_gpu_mem_used_gb": 334.19140625,
  "mean_gpu_temp_c": 85.97802197802197,
  "max_gpu_temp_c": 89.0,
  "mean_pcie_tx_mb_s": 40783.30574562157,
  "max_pcie_tx_mb_s": 85267.2529296875,
  "mean_pcie_rx_mb_s": 33882.74748240041,
  "max_pcie_rx_mb_s": 70541.345703125,
  "mean_kv_cache_pct": 7.927911040775118,
  "max_kv_cache_pct": 15.533980582524276,
  "p50_kv_cache_pct": 9.566028407047822,
  "p95_kv_cache_pct": 14.805825242718452,
  "mean_requests_running": 61.31208791208791,
  "max_requests_running": 72.0,
  "mean_requests_waiting": 0.0,
  "max_requests_waiting": 0.0
}