{
  "num_samples": 600,
  "duration_s": 257.2643094062805,
  "mean_power_w": 904.9104666666667,
  "max_power_w": 1026.363,
  "min_power_w": 321.454,
  "p50_power_w": 999.94,
  "p95_power_w": 1000.131,
  "mean_gpu_util_pct": 92.8875,
  "max_gpu_util_pct": 100.0,
  "mean_gpu_mem_bw_util_pct": 43.36875,
  "max_gpu_mem_bw_util_pct": 57.75,
  "mean_gpu_mem_used_gb": 367.381103515625,
  "max_gpu_mem_used_gb": 367.381103515625,
  "mean_gpu_temp_c": 86.49,
  "max_gpu_temp_c": 90.0,
  "mean_pcie_tx_mb_s": 34202.423487955726,
  "max_pcie_tx_mb_s": 118976.888671875,
  "mean_pcie_rx_mb_s": 36569.11278320313,
  "max_pcie_rx_mb_s": 114324.951171875,
  "mean_kv_cache_pct": 28.222222222222225,
  "max_kv_cache_pct": 41.21212121212121,
  "p50_kv_cache_pct": 35.45454545454545,
  "p95_kv_cache_pct": 39.848484848484844,
  "mean_requests_running": 33.01166666666666,
  "max_requests_running": 40.0,
  "mean_requests_waiting": 0.88,
  "max_requests_waiting": 7.0
}