{
  "num_samples": 745,
  "duration_s": 257.12645745277405,
  "mean_power_w": 568.2797812080537,
  "max_power_w": 611.1780000000001,
  "min_power_w": 98.587,
  "p50_power_w": 599.973,
  "p95_power_w": 600.0840000000001,
  "mean_gpu_util_pct": 92.61879194630872,
  "max_gpu_util_pct": 100.0,
  "mean_gpu_mem_bw_util_pct": 61.18456375838926,
  "max_gpu_mem_bw_util_pct": 74.0,
  "mean_gpu_mem_used_gb": 176.45361328125,
  "max_gpu_mem_used_gb": 176.45361328125,
  "mean_gpu_temp_c": 84.65771812080537,
  "max_gpu_temp_c": 90.0,
  "mean_pcie_tx_mb_s": 7501.290912070051,
  "max_pcie_tx_mb_s": 54382.7119140625,
  "mean_pcie_rx_mb_s": 7757.808718278104,
  "max_pcie_rx_mb_s": 54255.1572265625,
  "mean_kv_cache_pct": 59.02184984981909,
  "max_kv_cache_pct": 97.67264402899657,
  "p50_kv_cache_pct": 80.27470431133155,
  "p95_kv_cache_pct": 95.84891262876765,
  "mean_requests_running": 32.64161073825503,
  "max_requests_running": 40.0,
  "mean_requests_waiting": 0.0,
  "max_requests_waiting": 0.0
}